l,m,n,power,fraction_pct
2,-2,3,4.5055844e+45,36.241675
2,-2,2,3.5644047e+45,28.671086
2,-2,4,1.4431773e+45,11.608519
2,-2,1,6.1921558e+44,4.980799
2,-2,5,5.9883461e+44,4.816860
2,-2,-1,5.8244315e+44,4.685012
2,-2,6,2.8974538e+44,2.330632
2,-2,7,1.5248912e+44,1.226580
3,-3,4,1.2564792e+44,1.010677
2,-2,0,1.2174046e+44,0.979247
2,-2,8,8.4430608e+43,0.679136
2,-2,9,4.8286376e+43,0.388402
3,-3,5,4.0633255e+43,0.326843
3,-3,3,3.2802235e+43,0.263852
2,-2,10,2.8205481e+43,0.226877
2,-1,1,2.7117279e+43,0.218124
2,-2,11,1.6703627e+43,0.134359
3,-3,6,1.619247e+43,0.130248
2,-1,2,1.4225575e+43,0.114427
2,-2,12,9.9774439e+42,0.080256
3,-3,7,8.6943561e+42,0.069935
2,0,-1,8.4322122e+42,0.067826
2,0,1,8.4322122e+42,0.067826
3,-3,2,7.9859937e+42,0.064237
2,-1,0,6.8756913e+42,0.055306
2,-2,13,5.9888771e+42,0.048173
2,-2,-2,5.9553017e+42,0.047903
3,-3,8,5.3599916e+42,0.043114
3,-3,1,4.5220175e+42,0.036374
2,-1,3,4.1789362e+42,0.033614
2,-2,14,3.6025177e+42,0.028978
3,-3,9,3.5396121e+42,0.028472
3,-3,0,3.4128785e+42,0.027452
4,-4,5,3.0534098e+42,0.024561
3,-3,10,2.421923e+42,0.019481
2,-2,15,2.1674089e+42,0.017434
4,-4,6,1.953185e+42,0.015711
3,-3,11,1.6867909e+42,0.013568
2,-1,4,1.5465228e+42,0.012440
2,-2,16,1.3024076e+42,0.010476
3,-3,12,1.183647e+42,0.009521
3,-2,3,1.1131979e+42,0.008954
3,-3,-1,9.3708609e+41,0.007538
3,-3,-2,8.8010539e+41,0.007079
2,0,-2,8.4729582e+41,0.006815
2,0,2,8.4729582e+41,0.006815
3,-3,13,8.316925e+41,0.006690
2,-2,17,7.8097444e+41,0.006282
3,-2,2,6.7362847e+41,0.005418
2,-1,5,6.581098e+41,0.005294
4,-4,7,6.2677112e+41,0.005042
4,-4,4,5.8808236e+41,0.004730
3,-3,14,5.8290781e+41,0.004689
3,-1,0,5.7015236e+41,0.004586
2,-2,-3,5.5560378e+41,0.004469
2,-2,18,4.6709432e+41,0.003757
3,-3,15,4.0649106e+41,0.003270
3,-2,4,3.4304204e+41,0.002759
2,-1,6,3.0541595e+41,0.002457
4,-4,8,2.9780352e+41,0.002395
3,-3,16,2.8159417e+41,0.002265
2,-2,19,2.7860895e+41,0.002241
3,-1,2,2.5506495e+41,0.002052
4,-3,4,2.510532e+41,0.002019
2,2,-1,2.1836899e+41,0.001756
3,-3,17,1.9359804e+41,0.001557
4,-4,9,1.7204875e+41,0.001384
4,-4,3,1.704094e+41,0.001371
2,-2,20,1.6575746e+41,0.001333
2,-1,7,1.499953e+41,0.001207
3,-2,5,1.4820184e+41,0.001192
3,-1,3,1.3590023e+41,0.001093
3,-3,18,1.3203113e+41,0.001062
2,0,-3,1.3008153e+41,0.001046
2,0,3,1.3008153e+41,0.001046
5,-5,7,1.1977949e+41,0.000963
4,-4,10,1.1150772e+41,0.000897
2,-2,21,9.8399422e+40,0.000791
3,-3,19,8.9312409e+40,0.000718
3,-2,1,8.7357777e+40,0.000703
4,-3,5,8.2854522e+40,0.000666
4,-4,11,7.7986698e+40,0.000627
3,-2,6,7.7383171e+40,0.000622
2,-1,8,7.6526713e+40,0.000616
4,-4,2,7.179107e+40,0.000577
2,1,0,6.8904894e+40,0.000554
3,-1,4,6.7307831e+40,0.000541
3,-1,1,6.2043009e+40,0.000499
3,-3,20,5.9938496e+40,0.000482
5,-5,6,5.871356e+40,0.000472
2,-2,22,5.8313198e+40,0.000469
4,-4,12,5.7407874e+40,0.000462
4,-3,3,5.0169843e+40,0.000404
2,-2,-4,5.0085369e+40,0.000403
3,-2,7,4.4493223e+40,0.000358
4,-4,13,4.3656817e+40,0.000351
2,1,1,4.0756627e+40,0.000328
2,-1,9,4.0069758e+40,0.000322
3,-3,21,3.9926803e+40,0.000321
4,-4,1,3.757186e+40,0.000302
2,-2,23,3.4517712e+40,0.000278
4,-4,14,3.3819591e+40,0.000272
3,-1,5,3.3524432e+40,0.000270
5,-5,8,3.3291417e+40,0.000268
4,-3,6,3.2372913e+40,0.000260
3,1,0,3.2243061e+40,0.000259
3,-2,8,2.7009582e+40,0.000217
4,-4,15,2.641839e+40,0.000213
3,-3,22,2.6416386e+40,0.000212
2,0,-4,2.4337786e+40,0.000196
2,0,4,2.4337786e+40,0.000196
2,-1,10,2.1351851e+40,0.000172
4,-4,16,2.0662021e+40,0.000166
2,-2,24,2.0420856e+40,0.000164
2,1,2,1.9860903e+40,0.000160
2,-1,-2,1.9558647e+40,0.000157
3,-3,23,1.7372816e+40,0.000140
2,2,2,1.7336426e+40,0.000139
4,-3,7,1.7087597e+40,0.000137
3,-1,6,1.6963346e+40,0.000136
3,-2,9,1.6928694e+40,0.000136
4,-4,17,1.6101226e+40,0.000130
2,2,3,1.4656787e+40,0.000118
5,-5,9,1.4574236e+40,0.000117
2,2,1,1.3989193e+40,0.000113
4,-4,0,1.3574123e+40,0.000109
5,-4,5,1.3350403e+40,0.000107
4,-4,18,1.246158e+40,0.000100
2,-1,-1,1.2406252e+40,0.000100
2,-2,-5,1.2308274e+40,0.000099
2,2,0,1.2226506e+40,0.000098
2,-2,25,1.2081227e+40,0.000097
2,-1,11,1.1508854e+40,0.000093
3,-3,24,1.1366324e+40,0.000091
5,-5,5,1.1191216e+40,0.000090
3,-2,10,1.0810571e+40,0.000087
2,2,4,1.0759289e+40,0.000087
4,-3,8,1.0434052e+40,0.000084
2,-1,-3,9.7938428e+39,0.000079
2,1,3,9.6908444e+39,0.000078
5,-4,6,9.6226751e+39,0.000077
4,-4,19,9.5597161e+39,0.000077
3,-1,7,8.7050016e+39,0.000070
2,2,-2,8.4178502e+39,0.000068
3,-2,-1,7.98843e+39,0.000064
5,-5,10,7.9857451e+39,0.000064
4,-4,-1,7.5321786e+39,0.000061
2,2,5,7.4296039e+39,0.000060
3,-3,25,7.4044673e+39,0.000060
4,-4,20,7.2608573e+39,0.000058
2,-2,26,7.1512432e+39,0.000058
3,-2,11,6.9748698e+39,0.000056
4,-3,9,6.9101923e+39,0.000056
4,-4,-2,6.7858581e+39,0.000055
4,-3,2,6.4236541e+39,0.000052
2,-1,12,6.2465849e+39,0.000050
6,-6,8,6.0394675e+39,0.000049
4,-4,21,5.4575855e+39,0.000044
2,2,6,4.968928e+39,0.000040
2,0,-5,4.9293229e+39,0.000040
2,0,5,4.9293229e+39,0.000040
2,1,4,4.8758822e+39,0.000039
5,-5,11,4.8656348e+39,0.000039
3,-3,26,4.8067502e+39,0.000039
4,-3,10,4.8053482e+39,0.000039
3,-2,12,4.5212479e+39,0.000036
3,-1,8,4.5122104e+39,0.000036
2,-1,-4,4.458439e+39,0.000036
3,-2,0,4.2611671e+39,0.000034
2,-2,27,4.2372642e+39,0.000034
4,-4,22,4.0597039e+39,0.000033
2,-2,-6,3.7647024e+39,0.000030
3,-3,-3,3.4935495e+39,0.000028
4,-3,11,3.4405523e+39,0.000028
2,-1,13,3.4023678e+39,0.000027
2,2,7,3.2579551e+39,0.000026
5,-5,12,3.1656997e+39,0.000025
5,-5,4,3.146922e+39,0.000025
5,-4,7,3.1217377e+39,0.000025
3,-1,-2,3.113166e+39,0.000025
3,-3,27,3.1119321e+39,0.000025
4,-4,23,2.9897582e+39,0.000024
3,-2,13,2.9332449e+39,0.000024
2,1,5,2.5289361e+39,0.000020
2,-2,28,2.5141475e+39,0.000020
4,-3,12,2.5036423e+39,0.000020
3,-1,9,2.3529369e+39,0.000019
4,-4,24,2.1812243e+39,0.000018
5,-5,13,2.1688714e+39,0.000017
2,2,8,2.1061174e+39,0.000017
2,-1,-5,2.0672811e+39,0.000017
6,-6,9,2.0399693e+39,0.000016
3,-3,28,2.0106456e+39,0.000016
3,-2,14,1.8995032e+39,0.000015
2,-1,14,1.8549147e+39,0.000015
3,1,2,1.8478876e+39,0.000015
4,-3,13,1.8356022e+39,0.000015
3,1,3,1.7696576e+39,0.000014
5,-4,4,1.6978312e+39,0.000014
5,-3,4,1.6176559e+39,0.000013
4,-4,25,1.5777212e+39,0.000013
5,-5,14,1.5544151e+39,0.000013
5,-4,8,1.5113518e+39,0.000012
2,-2,29,1.4942772e+39,0.000012
5,-5,3,1.4776169e+39,0.000012
3,0,-1,1.386414e+39,0.000011
3,0,1,1.386414e+39,0.000011
4,-3,14,1.3480119e+39,0.000011
2,2,9,1.3463154e+39,0.000011
2,1,6,1.343121e+39,0.000011
4,-4,-3,1.3274237e+39,0.000011
3,-3,29,1.2972956e+39,0.000010
2,-2,-7,1.2741764e+39,0.000010
4,-3,1,1.263162e+39,0.000010
3,-1,10,1.2298399e+39,0.000010
3,-2,15,1.2255264e+39,0.000010
2,1,-2,1.2088298e+39,0.000010
3,1,4,1.2045052e+39,0.000010
6,-6,7,1.1895894e+39,0.000010
5,-5,15,1.1590647e+39,0.000009
4,-4,26,1.1324136e+39,0.000009
2,-1,15,1.010266e+39,0.000008
2,0,-6,9.9384517e+38,0.000008
2,0,6,9.9384517e+38,0.000008
2,-1,-6,9.8767268e+38,0.000008
4,-3,15,9.8760262e+38,0.000008
6,-5,7,9.8042655e+38,0.000008
3,1,-2,9.3813624e+38,0.000008
4,-3,0,9.2338006e+38,0.000007
2,1,-1,9.1576221e+38,0.000007
5,-5,16,8.9391791e+38,0.000007
2,-2,30,8.8983088e+38,0.000007
5,-4,9,8.7681121e+38,0.000007
2,2,10,8.5241727e+38,0.000007
5,-5,2,8.4036743e+38,0.000007
3,-3,30,8.3632555e+38,0.000007
5,-3,3,8.2258901e+38,0.000007
4,-4,27,8.072628e+38,0.000006
6,-6,10,7.8706159e+38,0.000006
3,-2,16,7.8678532e+38,0.000006
2,2,-3,7.81406e+38,0.000006
3,1,5,7.3268385e+38,0.000006
3,3,-2,7.3129111e+38,0.000006
2,1,7,7.2550258e+38,0.000006
4,-3,16,7.1989463e+38,0.000006
5,-5,17,7.083464e+38,0.000006
3,-1,11,6.4226408e+38,0.000005
5,-5,18,5.7260025e+38,0.000005
4,-4,28,5.7206093e+38,0.000005
5,-4,10,5.6153819e+38,0.000005
2,-1,16,5.4893345e+38,0.000004
3,-3,31,5.3894491e+38,0.000004
2,2,11,5.3511967e+38,0.000004
2,-2,31,5.3099322e+38,0.000004
4,-3,17,5.2116996e+38,0.000004
3,-2,17,5.0224852e+38,0.000004
2,-1,-7,4.8470206e+38,0.000004
5,-5,19,4.6888101e+38,0.000004
5,-3,5,4.6769887e+38,0.000004
2,-2,-8,4.5860995e+38,0.000004
3,1,6,4.2449608e+38,0.000003
6,-6,11,4.1489281e+38,0.000003
6,-4,5,4.071177e+38,0.000003
4,-4,29,4.0331959e+38,0.000003
2,1,-3,3.9876066e+38,0.000003
2,1,8,3.9638091e+38,0.000003
3,1,1,3.889323e+38,0.000003
6,-5,6,3.8681545e+38,0.000003
5,-5,20,3.8647932e+38,0.000003
5,-4,11,3.8468677e+38,0.000003
4,-3,18,3.7431677e+38,0.000003
3,0,-2,3.7408046e+38,0.000003
3,0,2,3.7408046e+38,0.000003
5,-5,1,3.5028246e+38,0.000003
3,-3,32,3.473058e+38,0.000003
3,3,0,3.4275849e+38,0.000003
3,-1,12,3.3418397e+38,0.000003
2,2,12,3.3333645e+38,0.000003
3,2,-1,3.199338e+38,0.000003
5,-5,21,3.1897128e+38,0.000003
3,-2,18,3.1868942e+38,0.000003
2,-2,32,3.1755277e+38,0.000003
2,-1,17,2.9728678e+38,0.000002
3,3,-1,2.9094711e+38,0.000002
4,-4,30,2.8311991e+38,0.000002
5,-4,12,2.77205e+38,0.000002
6,-5,8,2.7334678e+38,0.000002
5,-4,3,2.7118991e+38,0.000002
4,-3,19,2.6656789e+38,0.000002
5,-5,22,2.6252366e+38,0.000002
3,2,2,2.6133853e+38,0.000002
3,-1,-4,2.5460122e+38,0.000002
6,-6,12,2.4805739e+38,0.000002
6,-6,6,2.4752315e+38,0.000002
4,-3,-1,2.4677612e+38,0.000002
3,2,3,2.4588888e+38,0.000002
2,-1,-8,2.4305385e+38,0.000002
3,1,7,2.3965481e+38,0.000002
3,-3,33,2.23879e+38,0.000002
2,1,9,2.1811009e+38,0.000002
5,-5,23,2.1483689e+38,0.000002
5,-4,13,2.0738101e+38,0.000002
2,2,13,2.0618399e+38,0.000002
5,-3,2,2.0611202e+38,0.000002
3,-2,19,2.0100568e+38,0.000002
3,2,4,2.0015548e+38,0.000002
6,-4,6,1.9952464e+38,0.000002
4,-4,31,1.9801969e+38,0.000002
2,0,-7,1.9143179e+38,0.000002
2,0,7,1.9143179e+38,0.000002
2,-2,33,1.9032781e+38,0.000002
4,-3,20,1.8820389e+38,0.000002
3,-1,-5,1.8801704e+38,0.000002
3,2,1,1.8470127e+38,0.000001
5,-5,24,1.7447933e+38,0.000001
3,-1,13,1.7281926e+38,0.000001
2,-2,-9,1.7205722e+38,0.000001
3,3,1,1.7135793e+38,0.000001
7,-7,9,1.7080035e+38,0.000001
5,-3,6,1.6445732e+38,0.000001
2,-1,18,1.6038426e+38,0.000001
5,-4,14,1.5926957e+38,0.000001
6,-6,13,1.5774145e+38,0.000001
3,2,5,1.5375367e+38,0.000001
5,-5,0,1.503267e+38,0.000001
7,-7,10,1.4742116e+38,0.000001
3,-3,34,1.4439595e+38,0.000001
5,-5,25,1.4047622e+38,0.000001
4,-4,32,1.3808093e+38,0.000001
2,1,-4,1.3742577e+38,0.000001
3,-1,-3,1.3479308e+38,0.000001
3,1,8,1.3306439e+38,0.000001
4,-3,21,1.3176174e+38,0.000001
4,-1,2,1.2735455e+38,0.000001
2,2,14,1.2673046e+38,0.000001
3,-2,20,1.260557e+38,0.000001
5,-4,15,1.2440847e+38,0.000001
2,-1,-9,1.2392166e+38,0.000001
6,-5,9,1.2110779e+38,0.000001
2,1,10,1.2047324e+38,0.000001
3,2,6,1.1470791e+38,0.000001
3,-1,-6,1.143406e+38,0.000001
2,-2,34,1.143243e+38,0.000001
5,-5,26,1.1206987e+38,0.000001
4,2,0,1.0923721e+38,0.000001
4,2,1,1.0462385e+38,0.000001
6,-6,14,1.0458951e+38,0.000001
3,0,-3,9.929471e+37,0.000001
3,0,3,9.929471e+37,0.000001
5,-4,16,9.8105358e+37,0.000001
4,0,-2,9.6204745e+37,0.000001
4,0,2,9.6204745e+37,0.000001
4,-4,33,9.6047348e+37,0.000001
4,2,-1,9.496636e+37,0.000001
3,-3,35,9.3200412e+37,0.000001
3,3,2,9.2250835e+37,0.000001
4,-3,22,9.1513715e+37,0.000001
4,-2,2,9.1336008e+37,0.000001
3,-1,14,8.8631389e+37,0.000001
5,-5,27,8.859404e+37,0.000001
6,-4,4,8.8144201e+37,0.000001
5,-5,-1,8.7630476e+37,0.000001
2,-1,19,8.6170289e+37,0.000001
3,2,7,8.3890669e+37,0.000001
6,-6,5,8.3671167e+37,0.000001
3,-2,21,7.8639022e+37,0.000001
5,-4,2,7.8573844e+37,0.000001
5,-4,17,7.7653141e+37,0.000001
2,2,15,7.7463367e+37,0.000001
4,0,-3,7.4357649e+37,0.000001
4,0,3,7.4357649e+37,0.000001
3,1,9,7.2939231e+37,0.000001
4,-1,3,7.2444346e+37,0.000001
6,-6,15,7.1839239e+37,0.000001
5,-3,7,7.111981e+37,0.000001
4,0,-1,6.961998e+37,0.000001
4,0,1,6.961998e+37,0.000001
5,-5,28,6.9420359e+37,0.000001
2,-2,35,6.8816866e+37,0.000001
7,-6,8,6.7715964e+37,0.000001
6,-5,10,6.7201158e+37,0.000001
3,3,3,6.7155327e+37,0.000001
4,-4,34,6.6676556e+37,0.000001
2,1,11,6.6627117e+37,0.000001
2,-2,-10,6.6452916e+37,0.000001
3,-1,-7,6.5231905e+37,0.000001
2,-1,-10,6.3973445e+37,0.000001
4,-3,23,6.3094417e+37,0.000001
5,-4,18,6.1427574e+37,0.000000
6,-4,7,6.0516529e+37,0.000000
3,2,8,6.0341079e+37,0.000000
3,-3,36,6.0208683e+37,0.000000
3,3,4,5.9452562e+37,0.000000
3,3,5,5.6541821e+37,0.000000
4,-2,1,5.561973e+37,0.000000
5,-5,29,5.3945768e+37,0.000000
3,3,6,5.3825996e+37,0.000000
2,1,-5,5.2840896e+37,0.000000
6,-6,16,5.0907704e+37,0.000000
6,-5,5,5.0552727e+37,0.000000
3,3,7,4.9725864e+37,0.000000
4,2,2,4.8923011e+37,0.000000
3,-2,22,4.8831548e+37,0.000000
5,-4,19,4.8409619e+37,0.000000
7,-7,11,4.7714042e+37,0.000000
7,-5,7,4.7578965e+37,0.000000
2,2,16,4.7125731e+37,0.000000
4,-3,-2,4.6572515e+37,0.000000
2,2,-4,4.6426885e+37,0.000000
5,-4,1,4.640317e+37,0.000000
3,1,-4,4.6242809e+37,0.000000
4,-4,35,4.6214699e+37,0.000000
2,-1,20,4.6102704e+37,0.000000
3,-1,15,4.4991557e+37,0.000000
2,0,-8,4.4583506e+37,0.000000
2,0,8,4.4583506e+37,0.000000
3,3,8,4.4169682e+37,0.000000
6,-6,4,4.4055694e+37,0.000000
4,-3,24,4.3213731e+37,0.000000
3,2,9,4.2749657e+37,0.000000
4,-1,4,4.1713853e+37,0.000000
5,-5,30,4.1599093e+37,0.000000
2,-2,36,4.1507212e+37,0.000000
3,2,0,4.118734e+37,0.000000
6,-5,11,4.1169741e+37,0.000000
4,-2,3,3.9705285e+37,0.000000
3,1,10,3.9527516e+37,0.000000
3,-3,37,3.8932701e+37,0.000000
3,-1,-1,3.8276639e+37,0.000000
5,-4,20,3.7923446e+37,0.000000
3,3,9,3.7730177e+37,0.000000
4,0,-4,3.7701857e+37,0.000000
4,0,4,3.7701857e+37,0.000000
3,1,-3,3.7677909e+37,0.000000
6,-6,17,3.7093219e+37,0.000000
2,1,12,3.6823065e+37,0.000000
3,-1,-8,3.6280213e+37,0.000000
5,-3,1,3.5873825e+37,0.000000
5,-3,8,3.3680625e+37,0.000000
2,-1,-11,3.3327392e+37,0.000000
4,-4,36,3.1993781e+37,0.000000
5,-5,31,3.1853226e+37,0.000000
3,3,10,3.1099612e+37,0.000000
7,-5,6,3.0399763e+37,0.000000
3,-2,23,3.0202717e+37,0.000000
4,-1,1,3.016574e+37,0.000000
3,2,10,2.9858903e+37,0.000000
5,-4,21,2.948993e+37,0.000000
4,-3,25,2.9425143e+37,0.000000
2,2,17,2.8558566e+37,0.000000
6,-6,18,2.7726191e+37,0.000000
3,1,-5,2.7664949e+37,0.000000
6,-4,8,2.7520018e+37,0.000000
7,-7,8,2.7273182e+37,0.000000
5,-5,-3,2.7206937e+37,0.000000
3,0,-4,2.694532e+37,0.000000
3,0,4,2.694532e+37,0.000000
6,-5,12,2.6746097e+37,0.000000
2,-2,-11,2.6194881e+37,0.000000
3,-3,38,2.5199943e+37,0.000000
2,-2,37,2.5082007e+37,0.000000
2,0,-9,2.5040351e+37,0.000000
2,0,9,2.5040351e+37,0.000000
4,-1,0,2.5028236e+37,0.000000
3,3,11,2.4837871e+37,0.000000
4,-1,5,2.4679417e+37,0.000000
2,-1,21,2.4562914e+37,0.000000
5,-5,32,2.4235632e+37,0.000000
7,-6,9,2.3968807e+37,0.000000
7,-7,12,2.3633121e+37,0.000000
2,0,-10,2.3272879e+37,0.000000
2,0,10,2.3272879e+37,0.000000
3,-3,-5,2.2952658e+37,0.000000
5,-4,22,2.2744778e+37,0.000000
3,-1,16,2.2566209e+37,0.000000
6,-6,3,2.2452713e+37,0.000000
2,1,-6,2.2168355e+37,0.000000
4,-4,37,2.2129296e+37,0.000000
6,-6,19,2.1231053e+37,0.000000
3,1,11,2.1183723e+37,0.000000
2,0,-11,2.0675463e+37,0.000000
2,0,11,2.0675463e+37,0.000000
3,2,11,2.0576448e+37,0.000000
2,1,13,2.0308909e+37,0.000000
3,-1,-9,1.9947522e+37,0.000000
4,-3,26,1.9935322e+37,0.000000
6,-4,3,1.9737935e+37,0.000000
3,3,12,1.9297032e+37,0.000000
5,-3,-1,1.8649423e+37,0.000000
3,-2,24,1.8620011e+37,0.000000
5,-5,33,1.8334317e+37,0.000000
4,2,3,1.8296398e+37,0.000000
6,-5,13,1.821646e+37,0.000000
5,-5,-2,1.806671e+37,0.000000
4,0,-5,1.7495892e+37,0.000000
4,0,5,1.7495892e+37,0.000000
2,-1,-12,1.7474826e+37,0.000000
5,-4,23,1.7393835e+37,0.000000
2,2,18,1.7254491e+37,0.000000
6,-6,20,1.6638551e+37,0.000000
5,-3,9,1.6552707e+37,0.000000
2,0,-12,1.6486133e+37,0.000000
2,0,12,1.6486133e+37,0.000000
3,-3,39,1.632716e+37,0.000000
4,-4,38,1.5296979e+37,0.000000
6,-4,9,1.5208641e+37,0.000000
2,-2,38,1.5182293e+37,0.000000
3,1,-1,1.4836236e+37,0.000000
4,-1,6,1.4834418e+37,0.000000
4,-2,0,1.4817933e+37,0.000000
3,1,-6,1.466197e+37,0.000000
3,3,13,1.4636473e+37,0.000000
5,-4,0,1.4087244e+37,0.000000
3,2,12,1.4000754e+37,0.000000
5,-5,34,1.3798949e+37,0.000000
7,-7,13,1.3741858e+37,0.000000
4,-3,27,1.3448232e+37,0.000000
6,-6,21,1.3329107e+37,0.000000
5,-4,24,1.31898e+37,0.000000
2,-1,22,1.3033012e+37,0.000000
5,-3,0,1.3014948e+37,0.000000
6,-5,14,1.2942435e+37,0.000000
2,0,-13,1.2105526e+37,0.000000
2,0,13,1.2105526e+37,0.000000
7,-5,8,1.1711234e+37,0.000000
3,-2,25,1.1449831e+37,0.000000
3,1,12,1.1224495e+37,0.000000
8,-8,11,1.1176555e+37,0.000000
2,1,14,1.1166918e+37,0.000000
3,-1,17,1.1164637e+37,0.000000
3,-1,-10,1.0901742e+37,0.000000
6,-6,22,1.0894037e+37,0.000000
3,3,14,1.0872461e+37,0.000000
3,-3,40,1.0588295e+37,0.000000
4,-4,39,1.0570186e+37,0.000000
2,-2,-12,1.0471455e+37,0.000000
2,2,19,1.0401938e+37,0.000000
5,-5,35,1.033808e+37,0.000000
3,3,-3,1.0094695e+37,0.000000
7,-6,7,9.9811586e+36,0.000000
5,-4,25,9.9208468e+36,0.000000
2,1,-7,9.9185519e+36,0.000000
3,-3,-6,9.8762349e+36,0.000000
6,-5,15,9.5447699e+36,0.000000
6,-5,4,9.4595682e+36,0.000000
3,2,13,9.4138804e+36,0.000000
7,-6,10,9.3813309e+36,0.000000
6,-4,10,9.3036206e+36,0.000000
2,-1,-13,9.204019e+36,0.000000
2,-2,39,9.2038106e+36,0.000000
6,-6,23,9.057769e+36,0.000000
4,-3,28,9.0396531e+36,0.000000
4,-1,7,8.9763255e+36,0.000000
3,-2,-2,8.8302507e+36,0.000000
7,-7,14,8.5099863e+36,0.000000
2,0,-14,8.3841777e+36,0.000000
2,0,14,8.3841777e+36,0.000000
6,-6,2,8.1962264e+36,0.000000
5,-3,10,8.1920996e+36,0.000000
2,2,-5,8.0592629e+36,0.000000
3,3,15,7.9319933e+36,0.000000
4,0,-6,7.8891635e+36,0.000000
4,0,6,7.8891635e+36,0.000000
5,-5,36,7.7137852e+36,0.000000
6,-6,24,7.6325614e+36,0.000000
4,-2,4,7.6039371e+36,0.000000
3,1,-7,7.5999575e+36,0.000000
5,-4,26,7.4052878e+36,0.000000
4,-4,40,7.3027468e+36,0.000000
3,0,-5,7.2694836e+36,0.000000
3,0,5,7.2694836e+36,0.000000
6,-5,16,7.2676587e+36,0.000000
4,1,0,7.1387737e+36,0.000000
5,-1,1,7.1016937e+36,0.000000
3,-2,26,7.0271521e+36,0.000000
2,-1,23,6.8870591e+36,0.000000
3,-3,41,6.8723667e+36,0.000000
8,-6,8,6.7361671e+36,0.000000
6,-6,25,6.4908975e+36,0.000000
7,-7,7,6.4768327e+36,0.000000
2,2,20,6.2619366e+36,0.000000
3,2,14,6.2604695e+36,0.000000
2,1,15,6.1179376e+36,0.000000
4,-3,29,6.0584644e+36,0.000000
6,-4,11,6.0161008e+36,0.000000
3,-1,-11,5.9349404e+36,0.000000
4,2,4,5.8891999e+36,0.000000
3,1,13,5.8774887e+36,0.000000
5,-5,37,5.7349592e+36,0.000000
3,3,16,5.6974431e+36,0.000000
6,-5,17,5.6825492e+36,0.000000
2,-2,40,5.5868794e+36,0.000000
2,0,-15,5.5663792e+36,0.000000
2,0,15,5.5663792e+36,0.000000
6,-6,26,5.5475784e+36,0.000000
7,-5,5,5.5256893e+36,0.000000
5,-4,27,5.4888072e+36,0.000000
7,-7,15,5.4628584e+36,0.000000
3,-1,18,5.4393616e+36,0.000000
4,-1,8,5.4308698e+36,0.000000
4,-4,41,5.0453422e+36,0.000000
7,-6,11,5.0037552e+36,0.000000
6,-4,2,4.8793299e+36,0.000000
2,-1,-14,4.8627724e+36,0.000000
6,-6,27,4.7472109e+36,0.000000
4,4,-2,4.7093054e+36,0.000000
7,-5,9,4.6939123e+36,0.000000
2,1,-8,4.6529443e+36,0.000000
6,-5,18,4.5379493e+36,0.000000
3,-3,42,4.4636982e+36,0.000000
3,-2,27,4.3069292e+36,0.000000
5,-5,38,4.2502168e+36,0.000000
4,1,3,4.235612e+36,0.000000
2,-2,-13,4.224233e+36,0.000000
3,2,15,4.1217679e+36,0.000000
6,-6,28,4.0549467e+36,0.000000
4,-3,30,4.050859e+36,0.000000
5,-4,28,4.0423877e+36,0.000000
3,3,17,4.0381271e+36,0.000000
6,-4,12,4.0061548e+36,0.000000
5,-3,11,3.9999911e+36,0.000000
3,1,-8,3.9466133e+36,0.000000
3,-3,-7,3.9424692e+36,0.000000
8,-8,10,3.9348757e+36,0.000000
2,2,21,3.7669565e+36,0.000000
6,-5,3,3.7577779e+36,0.000000
4,1,2,3.6836405e+36,0.000000
6,-5,19,3.6817223e+36,0.000000
7,-7,16,3.6262399e+36,0.000000
2,-1,24,3.6242636e+36,0.000000
2,0,-16,3.5808652e+36,0.000000
2,0,16,3.5808652e+36,0.000000
4,1,4,3.523588e+36,0.000000
4,0,-7,3.4990032e+36,0.000000
4,0,7,3.4990032e+36,0.000000
4,-4,42,3.4862369e+36,0.000000
6,-6,29,3.4494873e+36,0.000000
2,-2,41,3.3951718e+36,0.000000
2,1,16,3.3387083e+36,0.000000
4,-2,-1,3.332368e+36,0.000000
4,-1,9,3.2696376e+36,0.000000
3,-1,-12,3.2209133e+36,0.000000
6,-6,1,3.2066291e+36,0.000000
8,-8,12,3.1951161e+36,0.000000
5,-5,39,3.1410583e+36,0.000000
3,1,14,3.0397515e+36,0.000000
6,-5,20,3.019692e+36,0.000000
5,-2,2,2.9992857e+36,0.000000
7,-6,12,2.9944226e+36,0.000000
5,-4,29,2.9600985e+36,0.000000
6,-6,30,2.9179075e+36,0.000000
3,-3,43,2.9008016e+36,0.000000
3,3,18,2.8296485e+36,0.000000
4,-4,-4,2.7941911e+36,0.000000
4,-3,31,2.7034893e+36,0.000000
6,-4,13,2.7034298e+36,0.000000
3,2,16,2.6893102e+36,0.000000
5,-1,2,2.6798878e+36,0.000000
3,-2,28,2.6374105e+36,0.000000
3,-1,19,2.6045913e+36,0.000000
4,1,5,2.6024287e+36,0.000000
7,-7,6,2.5792161e+36,0.000000
2,-1,-15,2.5747197e+36,0.000000
6,-5,21,2.4926419e+36,0.000000
7,-7,17,2.4905306e+36,0.000000
6,-4,1,2.4827582e+36,0.000000
6,-6,31,2.4520142e+36,0.000000
7,-5,10,2.4304365e+36,0.000000
4,-4,43,2.4095375e+36,0.000000
3,-3,-4,2.372152e+36,0.000000
5,1,1,2.319456e+36,0.000000
5,-5,40,2.3156694e+36,0.000000
8,-7,9,2.2759787e+36,0.000000
2,2,22,2.2658421e+36,0.000000
2,1,-9,2.2606347e+36,0.000000
2,0,-17,2.2486551e+36,0.000000
2,0,17,2.2486551e+36,0.000000
8,-7,10,2.2167114e+36,0.000000
5,-4,30,2.1565424e+36,0.000000
6,-5,2,2.1091861e+36,0.000000
3,0,-6,2.082046e+36,0.000000
3,0,6,2.082046e+36,0.000000
4,4,-3,2.0789051e+36,0.000000
2,-2,42,2.0652665e+36,0.000000
3,1,-9,2.0650446e+36,0.000000
6,-5,22,2.0629483e+36,0.000000
6,-6,32,2.0459642e+36,0.000000
5,-4,-2,1.9887844e+36,0.000000
5,-5,-4,1.9647724e+36,0.000000
3,3,19,1.9637582e+36,0.000000
4,-1,10,1.951937e+36,0.000000
8,-6,9,1.929283e+36,0.000000
2,-1,25,1.8989491e+36,0.000000
5,-3,12,1.894343e+36,0.000000
2,2,-6,1.8922898e+36,0.000000
7,-6,13,1.8861076e+36,0.000000
3,-3,44,1.885759e+36,0.000000
5,-4,-1,1.852844e+36,0.000000
3,2,-2,1.8494996e+36,0.000000
6,-6,0,1.8396524e+36,0.000000
6,-4,14,1.8298175e+36,0.000000
2,1,17,1.8148065e+36,0.000000
4,1,6,1.8117903e+36,0.000000
4,-3,32,1.8017113e+36,0.000000
7,-7,18,1.7660828e+36,0.000000
3,-1,-13,1.7429474e+36,0.000000
3,2,17,1.7407403e+36,0.000000
2,-2,-14,1.7128886e+36,0.000000
6,-5,23,1.7064859e+36,0.000000
5,-5,41,1.7035365e+36,0.000000
6,-6,33,1.6948541e+36,0.000000
4,4,-1,1.680228e+36,0.000000
4,-4,44,1.6659315e+36,0.000000
6,-4,0,1.6461467e+36,0.000000
4,2,5,1.6416921e+36,0.000000
3,-3,-8,1.6204513e+36,0.000000
5,3,-1,1.6199068e+36,0.000000
3,-2,29,1.6143128e+36,0.000000
5,-2,1,1.6132224e+36,0.000000
4,3,0,1.593001e+36,0.000000
5,-4,31,1.564057e+36,0.000000
4,-2,5,1.5587693e+36,0.000000
3,1,15,1.5518438e+36,0.000000
4,3,5,1.5468069e+36,0.000000
4,3,4,1.5429193e+36,0.000000
4,0,-8,1.5252787e+36,0.000000
4,0,8,1.5252787e+36,0.000000
7,-6,6,1.4893061e+36,0.000000
4,3,6,1.4655371e+36,0.000000
8,-6,7,1.4603898e+36,0.000000
4,4,1,1.4590186e+36,0.000000
8,-8,13,1.4572248e+36,0.000000
7,-5,11,1.4406474e+36,0.000000
6,-5,24,1.4075601e+36,0.000000
6,-6,34,1.393997e+36,0.000000
2,0,-18,1.3858e+36,0.000000
2,0,18,1.3858e+36,0.000000
7,-7,5,1.3767805e+36,0.000000
4,3,-1,1.3739129e+36,0.000000
2,-1,-16,1.3654808e+36,0.000000
2,2,23,1.3635081e+36,0.000000
4,4,0,1.3632615e+36,0.000000
4,3,3,1.358903e+36,0.000000
3,3,20,1.3517779e+36,0.000000
4,3,7,1.3474689e+36,0.000000
7,-7,19,1.2880829e+36,0.000000
7,-5,4,1.2624014e+36,0.000000
2,-2,43,1.2573779e+36,0.000000
4,4,2,1.2526026e+36,0.000000
5,-5,42,1.2509165e+36,0.000000
6,-4,15,1.2338074e+36,0.000000
7,-6,14,1.2322618e+36,0.000000
3,-3,45,1.2260107e+36,0.000000
5,-2,3,1.2234486e+36,0.000000
3,-1,20,1.2229406e+36,0.000000
4,1,7,1.2143187e+36,0.000000
4,3,8,1.210858e+36,0.000000
4,-3,33,1.1994764e+36,0.000000
6,-5,25,1.1556649e+36,0.000000
4,-1,11,1.1522838e+36,0.000000
4,-4,45,1.1522606e+36,0.000000
6,-6,35,1.1386427e+36,0.000000
5,-4,32,1.129871e+36,0.000000
2,1,-10,1.1272802e+36,0.000000
3,2,18,1.1189647e+36,0.000000
3,1,-10,1.0890525e+36,0.000000
4,4,3,1.0869489e+36,0.000000
4,3,9,1.0642677e+36,0.000000
5,-3,-2,1.0136573e+36,0.000000
2,-1,26,9.9024364e+35,0.000000
3,-2,30,9.8796307e+35,0.000000
2,1,18,9.8266426e+35,0.000000
7,-7,20,9.6232092e+35,0.000000
4,3,2,9.5901815e+35,0.000000
5,1,2,9.5133239e+35,0.000000
6,-5,26,9.4340586e+35,0.000000
3,-1,-14,9.4053098e+35,0.000000
4,4,4,9.3574901e+35,0.000000
7,-5,12,9.3121997e+35,0.000000
3,3,21,9.2418565e+35,0.000000
6,-6,36,9.239514e+35,0.000000
5,-5,43,9.1711829e+35,0.000000
4,3,10,9.146103e+35,0.000000
3,0,-7,8.9355348e+35,0.000000
3,0,7,8.9355348e+35,0.000000
5,-3,13,8.556322e+35,0.000000
2,0,-19,8.4153938e+35,0.000000
2,0,19,8.4153938e+35,0.000000
6,-2,3,8.3913033e+35,0.000000
7,-6,15,8.3450937e+35,0.000000
8,-8,14,8.2844034e+35,0.000000
6,-4,16,8.2492373e+35,0.000000
2,2,24,8.2123869e+35,0.000000
5,-4,33,8.1340002e+35,0.000000
4,-3,34,7.9796221e+35,0.000000
4,-4,46,7.9730489e+35,0.000000
3,-3,46,7.9693649e+35,0.000000
4,1,8,7.9050514e+35,0.000000
4,3,-2,7.8846884e+35,0.000000
4,3,1,7.8522734e+35,0.000000
3,1,16,7.8151368e+35,0.000000
4,1,1,7.808793e+35,0.000000
4,3,11,7.685479e+35,0.000000
2,-2,44,7.6616344e+35,0.000000
4,4,5,7.659718e+35,0.000000
6,-5,27,7.6519734e+35,0.000000
6,-6,37,7.4508811e+35,0.000000
7,-7,21,7.3380581e+35,0.000000
8,-7,11,7.3165595e+35,0.000000
2,-1,-17,7.2519709e+35,0.000000
3,2,19,7.150344e+35,0.000000
6,-6,-1,7.0608516e+35,0.000000
3,0,-8,7.0038824e+35,0.000000
3,0,8,7.0038824e+35,0.000000
2,-2,-15,6.9586194e+35,0.000000
3,-3,-9,6.9266744e+35,0.000000
8,-8,9,6.8349552e+35,0.000000
8,-6,10,6.7683681e+35,0.000000
3,0,-9,6.7326334e+35,0.000000
3,0,9,6.7326334e+35,0.000000
5,-5,44,6.7151018e+35,0.000000
4,-1,12,6.7103174e+35,0.000000
4,0,-9,6.4971503e+35,0.000000
4,0,9,6.4971503e+35,0.000000
6,-5,1,6.4364504e+35,0.000000
7,-5,13,6.4010281e+35,0.000000
4,3,12,6.318942e+35,0.000000
3,3,22,6.2827263e+35,0.000000
7,-7,4,6.2765398e+35,0.000000
3,0,-10,6.2304632e+35,0.000000
3,0,10,6.2304632e+35,0.000000
6,-5,28,6.1648612e+35,0.000000
3,-2,31,6.0470813e+35,0.000000
4,4,6,6.0398246e+35,0.000000
6,-6,38,5.9735534e+35,0.000000
7,-6,16,5.8535481e+35,0.000000
5,-4,34,5.8381396e+35,0.000000
3,1,-11,5.7804427e+35,0.000000
5,3,3,5.7798142e+35,0.000000
2,1,-11,5.7303997e+35,0.000000
7,-7,22,5.6948217e+35,0.000000
9,-9,12,5.6257887e+35,0.000000
3,-1,21,5.6132463e+35,0.000000
5,3,2,5.5251845e+35,0.000000
4,-4,47,5.5191752e+35,0.000000
6,-4,17,5.4512039e+35,0.000000
3,0,-11,5.3545038e+35,0.000000
3,0,11,5.3545038e+35,0.000000
4,-3,35,5.3060653e+35,0.000000
2,1,19,5.3013315e+35,0.000000
4,2,9,5.2960203e+35,0.000000
2,2,-7,5.2760783e+35,0.000000
3,-2,-3,5.275669e+35,0.000000
3,-3,47,5.1778044e+35,0.000000
4,2,10,5.1759499e+35,0.000000
2,-1,27,5.1360501e+35,0.000000
4,2,6,5.1075959e+35,0.000000
4,3,13,5.0892157e+35,0.000000
3,-1,-15,5.0617809e+35,0.000000
8,-8,15,5.0538925e+35,0.000000
2,0,-20,5.0514498e+35,0.000000
2,0,20,5.0514498e+35,0.000000
4,1,9,5.0195525e+35,0.000000
2,2,25,4.9524881e+35,0.000000
6,-5,29,4.9332474e+35,0.000000
5,-5,45,4.9114873e+35,0.000000
5,3,4,4.9043809e+35,0.000000
4,4,7,4.781532e+35,0.000000
6,-6,39,4.7631619e+35,0.000000
4,-2,6,4.7447306e+35,0.000000
4,2,8,4.711724e+35,0.000000
2,-2,45,4.6729371e+35,0.000000
7,-5,14,4.5973656e+35,0.000000
4,2,11,4.5503692e+35,0.000000
3,2,20,4.5465161e+35,0.000000
5,-2,4,4.5130818e+35,0.000000
7,-7,23,4.4887313e+35,0.000000
3,0,-12,4.3166456e+35,0.000000
3,0,12,4.3166456e+35,0.000000
3,3,23,4.2511075e+35,0.000000
7,-6,17,4.2412908e+35,0.000000
9,-7,9,4.2218029e+35,0.000000
5,-4,35,4.1794162e+35,0.000000
4,3,14,4.0208125e+35,0.000000
4,4,8,3.9623117e+35,0.000000
6,-2,2,3.9462369e+35,0.000000
6,-5,30,3.9216519e+35,0.000000
3,1,17,3.8793716e+35,0.000000
2,-1,-18,3.8569672e+35,0.000000
4,-1,13,3.8465429e+35,0.000000
4,2,7,3.836221e+35,0.000000
4,-4,48,3.8219109e+35,0.000000
5,3,0,3.8131097e+35,0.000000
6,-6,40,3.7788763e+35,0.000000
5,-1,3,3.7575778e+35,0.000000
5,3,5,3.7473756e+35,0.000000
4,2,12,3.7030277e+35,0.000000
3,-2,32,3.7023668e+35,0.000000
8,-7,12,3.701151e+35,0.000000
6,-6,-2,3.6742474e+35,0.000000
7,-6,5,3.6374445e+35,0.000000
5,-3,14,3.6209159e+35,0.000000
5,-5,46,3.5892472e+35,0.000000
7,-7,24,3.5892351e+35,0.000000
6,-4,18,3.552058e+35,0.000000
4,-3,36,3.5274235e+35,0.000000
4,4,9,3.5018058e+35,0.000000
7,-5,3,3.4446333e+35,0.000000
7,-4,5,3.4397396e+35,0.000000
7,-5,15,3.401872e+35,0.000000
3,-3,48,3.361443e+35,0.000000
3,-2,-4,3.3435045e+35,0.000000
3,0,-13,3.3089071e+35,0.000000
3,0,13,3.3089071e+35,0.000000
8,-6,11,3.3065021e+35,0.000000
5,-2,0,3.279907e+35,0.000000
5,3,1,3.2770016e+35,0.000000
4,-2,7,3.2643601e+35,0.000000
4,4,10,3.261823e+35,0.000000
4,2,-4,3.1865854e+35,0.000000
7,-6,18,3.1639699e+35,0.000000
8,-8,16,3.1609007e+35,0.000000
4,-2,8,3.1573989e+35,0.000000
4,3,15,3.1212213e+35,0.000000
4,1,10,3.1154834e+35,0.000000
4,4,11,3.1147814e+35,0.000000
6,-5,31,3.0977885e+35,0.000000
3,1,-12,3.0821718e+35,0.000000
3,-3,-10,3.0673831e+35,0.000000
2,0,-21,3.0048686e+35,0.000000
2,0,21,3.0048686e+35,0.000000
2,2,26,2.9912003e+35,0.000000
5,-4,36,2.9852809e+35,0.000000
6,-6,41,2.9839789e+35,0.000000
9,-7,10,2.9812719e+35,0.000000
4,4,12,2.97302e+35,0.000000
4,-2,9,2.957614e+35,0.000000
2,1,-12,2.9541864e+35,0.000000
5,1,0,2.9246746e+35,0.000000
7,-7,25,2.9104786e+35,0.000000
6,-2,4,2.8895631e+35,0.000000
3,2,21,2.8790627e+35,0.000000
3,3,24,2.8654334e+35,0.000000
2,-2,46,2.8536471e+35,0.000000
2,1,20,2.8501094e+35,0.000000
4,2,13,2.84343e+35,0.000000
2,-2,-16,2.8240143e+35,0.000000
6,-4,-2,2.8173347e+35,0.000000
4,4,13,2.7919414e+35,0.000000
8,-6,6,2.7325835e+35,0.000000
5,-2,5,2.7238086e+35,0.000000
3,-1,-16,2.7175544e+35,0.000000
4,0,-10,2.6801311e+35,0.000000
4,0,10,2.6801311e+35,0.000000
5,3,6,2.6693115e+35,0.000000
8,-7,8,2.6645832e+35,0.000000
5,3,-2,2.6501708e+35,0.000000
4,-4,49,2.647327e+35,0.000000
2,-1,28,2.6470951e+35,0.000000
5,-5,47,2.6212874e+35,0.000000
7,-5,16,2.5643083e+35,0.000000
4,4,14,2.5604709e+35,0.000000
4,-2,10,2.5542611e+35,0.000000
3,-1,22,2.5080375e+35,0.000000
3,0,-14,2.4376278e+35,0.000000
3,0,14,2.4376278e+35,0.000000
6,-5,32,2.4323856e+35,0.000000
7,-6,19,2.42254e+35,0.000000
7,-7,26,2.3938515e+35,0.000000
4,3,16,2.3845052e+35,0.000000
9,-9,13,2.3494291e+35,0.000000
6,-6,42,2.3461083e+35,0.000000
4,-3,37,2.3448423e+35,0.000000
4,4,15,2.2880794e+35,0.000000
6,-4,19,2.2786065e+35,0.000000
3,-2,33,2.2677082e+35,0.000000
7,-7,3,2.1860895e+35,0.000000
3,-3,49,2.1798811e+35,0.000000
8,-7,13,2.1774473e+35,0.000000
6,-4,-1,2.1754699e+35,0.000000
4,-1,14,2.1658977e+35,0.000000
5,1,3,2.1362713e+35,0.000000
5,-4,37,2.1282589e+35,0.000000
5,-2,6,2.0950606e+35,0.000000
4,2,14,2.0868263e+35,0.000000
3,-2,-5,2.0666667e+35,0.000000
4,-2,11,2.0616068e+35,0.000000
2,-1,-19,2.0545947e+35,0.000000
8,-8,17,2.0209951e+35,0.000000
9,-8,11,2.0024376e+35,0.000000
7,-7,27,1.9976179e+35,0.000000
4,4,16,1.9933579e+35,0.000000
7,-5,17,1.9517601e+35,0.000000
8,-8,8,1.930178e+35,0.000000
3,3,25,1.9254345e+35,0.000000
5,-5,48,1.9135174e+35,0.000000
6,-5,33,1.8992319e+35,0.000000
7,-6,20,1.8984432e+35,0.000000
3,1,18,1.8961561e+35,0.000000
4,1,11,1.8919214e+35,0.000000
7,-5,2,1.8728106e+35,0.000000
8,-6,12,1.8682995e+35,0.000000
6,-6,43,1.8372375e+35,0.000000
4,-4,50,1.8340086e+35,0.000000
7,-6,4,1.833722e+35,0.000000
3,2,22,1.8171256e+35,0.000000
2,2,27,1.8098024e+35,0.000000
4,3,17,1.7957387e+35,0.000000
5,3,7,1.7953255e+35,0.000000
2,0,-22,1.775e+35,0.000000
2,0,22,1.775e+35,0.000000
2,-2,47,1.7458041e+35,0.000000
5,-2,7,1.7440669e+35,0.000000
3,0,-15,1.7394082e+35,0.000000
3,0,15,1.7394082e+35,0.000000
4,4,17,1.696044e+35,0.000000
7,-7,28,1.6909021e+35,0.000000
2,2,-8,1.6483765e+35,0.000000
3,1,-13,1.6479745e+35,0.000000
7,-4,6,1.6414565e+35,0.000000
4,-2,12,1.5796845e+35,0.000000
4,-3,38,1.5588323e+35,0.000000
2,1,-13,1.5383648e+35,0.000000
2,1,21,1.5272598e+35,0.000000
7,-6,21,1.5186889e+35,0.000000
5,-4,38,1.5148176e+35,0.000000
7,-5,18,1.4899085e+35,0.000000
4,2,15,1.4770246e+35,0.000000
6,-5,34,1.4752317e+35,0.000000
5,-2,8,1.4749629e+35,0.000000
3,-1,-17,1.45596e+35,0.000000
7,-7,29,1.4503132e+35,0.000000
6,-4,20,1.4373893e+35,0.000000
6,-6,44,1.4334599e+35,0.000000
5,-3,15,1.4159267e+35,0.000000
4,4,18,1.4125579e+35,0.000000
3,-3,50,1.411731e+35,0.000000
3,-3,-11,1.399063e+35,0.000000
5,-5,49,1.3964868e+35,0.000000
3,-2,34,1.3895854e+35,0.000000
4,2,-5,1.373681e+35,0.000000
2,-1,29,1.3539347e+35,0.000000
5,-1,0,1.3537108e+35,0.000000
8,-7,14,1.3463593e+35,0.000000
4,3,18,1.3351775e+35,0.000000
8,-8,18,1.3310214e+35,0.000000
3,3,26,1.2905857e+35,0.000000
4,-4,51,1.2705408e+35,0.000000
7,-7,30,1.2580483e+35,0.000000
6,-5,0,1.2537395e+35,0.000000
5,2,1,1.2517619e+35,0.000000
7,-6,22,1.2369393e+35,0.000000
5,-2,9,1.2365309e+35,0.000000
6,-6,-3,1.2328643e+35,0.000000
6,-2,5,1.2223991e+35,0.000000
3,0,-16,1.2092655e+35,0.000000
3,0,16,1.2092655e+35,0.000000
4,-1,15,1.1954798e+35,0.000000
4,-2,13,1.1620248e+35,0.000000
3,-2,-6,1.1548637e+35,0.000000
4,4,19,1.154262e+35,0.000000
5,3,8,1.1462064e+35,0.000000
3,2,23,1.1438803e+35,0.000000
8,-6,13,1.1437657e+35,0.000000
2,-2,-17,1.1417174e+35,0.000000
6,-5,35,1.1403782e+35,0.000000
7,-5,19,1.1349996e+35,0.000000
4,1,12,1.1244149e+35,0.000000
6,-6,45,1.1146533e+35,0.000000
7,-7,31,1.1007345e+35,0.000000
2,2,28,1.0971071e+35,0.000000
2,-1,-20,1.0964919e+35,0.000000
3,-1,23,1.0843419e+35,0.000000
5,-4,39,1.0767312e+35,0.000000
5,2,0,1.0746742e+35,0.000000
5,-4,-3,1.0742381e+35,0.000000
2,-2,48,1.0709558e+35,0.000000
4,0,-11,1.0576965e+35,0.000000
4,0,11,1.0576965e+35,0.000000
2,0,-23,1.0429606e+35,0.000000
2,0,23,1.0429606e+35,0.000000
4,-3,39,1.0364703e+35,0.000000
8,-5,7,1.0356766e+35,0.000000
7,-5,1,1.0286541e+35,0.000000
7,-6,23,1.0229845e+35,0.000000
5,-5,50,1.0190658e+35,0.000000
5,-2,10,1.0174203e+35,0.000000
4,2,16,1.0148352e+35,0.000000
5,1,-3,9.9564808e+34,0.000000
4,3,19,9.8157458e+34,0.000000
7,-7,32,9.6858793e+34,0.000000
9,-9,11,9.6378001e+34,0.000000
9,-9,14,9.4634433e+34,0.000000
4,4,20,9.2745626e+34,0.000000
7,-7,2,9.1771919e+34,0.000000
7,-6,3,9.1401419e+34,0.000000
3,-3,51,9.1286364e+34,0.000000
3,1,19,9.1128499e+34,0.000000
8,-8,19,9.0666708e+34,0.000000
8,-8,7,9.0157423e+34,0.000000
6,-4,21,8.9099499e+34,0.000000
3,1,-14,8.8219827e+34,0.000000
4,-4,52,8.7998504e+34,0.000000
6,-5,36,8.7762189e+34,0.000000
9,-7,11,8.7233968e+34,0.000000
6,-6,46,8.6407795e+34,0.000000
3,3,27,8.6336403e+34,0.000000
7,-5,20,8.5974516e+34,0.000000
7,-6,24,8.5668574e+34,0.000000
7,-7,33,8.5469989e+34,0.000000
8,-7,15,8.5307143e+34,0.000000
3,-2,35,8.5184714e+34,0.000000
6,-5,-1,8.3971191e+34,0.000000
6,-6,-4,8.3126718e+34,0.000000
4,-2,14,8.2682129e+34,0.000000
3,0,-17,8.2277232e+34,0.000000
3,0,17,8.2277232e+34,0.000000
5,-2,11,8.1869931e+34,0.000000
2,1,22,8.1580045e+34,0.000000
3,2,-3,8.0946051e+34,0.000000
2,1,-14,8.0672615e+34,0.000000
3,-1,-18,7.7876517e+34,0.000000
5,-4,40,7.6448467e+34,0.000000
7,-7,34,7.5438951e+34,0.000000
5,-5,51,7.4369801e+34,0.000000
8,-6,14,7.4167594e+34,0.000000
4,4,21,7.3426235e+34,0.000000
5,-1,4,7.2868744e+34,0.000000
7,-6,25,7.2438526e+34,0.000000
3,2,24,7.1861815e+34,0.000000
4,3,20,7.1446763e+34,0.000000
7,-4,4,7.0653124e+34,0.000000
4,2,-2,6.9661764e+34,0.000000
5,3,9,6.9589235e+34,0.000000
4,-3,40,6.8930515e+34,0.000000
2,-1,30,6.8603436e+34,0.000000
4,2,17,6.8026112e+34,0.000000
6,-5,37,6.7265274e+34,0.000000
6,-6,47,6.6795066e+34,0.000000
2,2,29,6.6641321e+34,0.000000
7,-7,35,6.6462529e+34,0.000000
6,-3,4,6.6373233e+34,0.000000
2,-2,49,6.5965924e+34,0.000000
6,-2,0,6.5780284e+34,0.000000
4,1,13,6.5394442e+34,0.000000
3,-3,-12,6.5376566e+34,0.000000
7,-5,21,6.4596069e+34,0.000000
4,-1,16,6.454096e+34,0.000000
5,-2,12,6.4381133e+34,0.000000
8,-8,20,6.3834985e+34,0.000000
5,-1,6,6.3039805e+34,0.000000
8,-5,6,6.2893108e+34,0.000000
8,-6,5,6.2092982e+34,0.000000
9,-7,8,6.188462e+34,0.000000
7,-6,26,6.1672075e+34,0.000000
5,-1,7,6.1129222e+34,0.000000
2,0,-24,6.1042669e+34,0.000000
2,0,24,6.1042669e+34,0.000000
4,-4,53,6.0917954e+34,0.000000
3,-2,-7,6.0907023e+34,0.000000
5,2,2,6.033526e+34,0.000000
5,1,7,5.9306856e+34,0.000000
3,-3,52,5.8936958e+34,0.000000
9,-8,12,5.8764315e+34,0.000000
2,-1,-21,5.8641779e+34,0.000000
7,-7,36,5.8353159e+34,0.000000
3,3,28,5.7669314e+34,0.000000
4,4,22,5.7380084e+34,0.000000
4,-2,15,5.7200282e+34,0.000000
9,-8,10,5.6558645e+34,0.000000
6,-2,6,5.6499631e+34,0.000000
5,-1,5,5.5804092e+34,0.000000
2,2,-9,5.5781681e+34,0.000000
8,-7,16,5.5535864e+34,0.000000
5,1,8,5.5269266e+34,0.000000
3,0,-18,5.4983997e+34,0.000000
3,0,18,5.4983997e+34,0.000000
4,2,-6,5.4521732e+34,0.000000
3,3,-5,5.4402468e+34,0.000000
5,-5,52,5.4285115e+34,0.000000
6,-4,22,5.4246146e+34,0.000000
5,-4,41,5.4229889e+34,0.000000
4,1,-2,5.3983408e+34,0.000000
5,1,6,5.3348728e+34,0.000000
7,-6,27,5.2725143e+34,0.000000
5,-3,16,5.2392069e+34,0.000000
9,-9,15,5.236981e+34,0.000000
3,-2,36,5.2236891e+34,0.000000
5,-1,8,5.2051893e+34,0.000000
4,3,21,5.1552362e+34,0.000000
6,-6,48,5.1502611e+34,0.000000
6,-5,38,5.1362379e+34,0.000000
7,-7,1,5.1292341e+34,0.000000
7,-7,37,5.0999171e+34,0.000000
4,-1,-5,5.0619525e+34,0.000000
8,-6,15,5.0464743e+34,0.000000
5,-2,13,4.9495545e+34,0.000000
7,-5,22,4.8064217e+34,0.000000
3,1,-15,4.7225009e+34,0.000000
8,-7,7,4.701313e+34,0.000000
8,-8,6,4.6999009e+34,0.000000
8,-8,21,4.6315203e+34,0.000000
5,1,9,4.5955793e+34,0.000000
4,-3,41,4.5853504e+34,0.000000
2,-2,-18,4.5852129e+34,0.000000
7,-4,7,4.5696711e+34,0.000000
5,1,4,4.5691175e+34,0.000000
7,-6,28,4.5155715e+34,0.000000
3,2,25,4.5077466e+34,0.000000
3,-1,24,4.4972575e+34,0.000000
4,2,18,4.4660966e+34,0.000000
7,-7,38,4.4334768e+34,0.000000
4,4,23,4.4331592e+34,0.000000
4,-1,-4,4.4280622e+34,0.000000
4,-1,-6,4.4164255e+34,0.000000
4,1,-4,4.3439575e+34,0.000000
2,1,23,4.3438048e+34,0.000000
3,1,20,4.2975502e+34,0.000000
10,-8,11,4.2568322e+34,0.000000
2,1,-15,4.2505856e+34,0.000000
4,-4,54,4.2136631e+34,0.000000
3,-1,-19,4.1606424e+34,0.000000
2,-2,50,4.0875719e+34,0.000000
5,-1,9,4.0656124e+34,0.000000
2,2,30,4.0563751e+34,0.000000
5,3,10,4.0149674e+34,0.000000
9,-7,12,3.9967147e+34,0.000000
5,-5,53,3.9637571e+34,0.000000
6,-6,49,3.962042e+34,0.000000
4,1,-5,3.9375203e+34,0.000000
4,0,-12,3.930678e+34,0.000000
4,0,12,3.930678e+34,0.000000
6,-5,39,3.9084689e+34,0.000000
7,-6,29,3.8661892e+34,0.000000
4,-2,16,3.8616884e+34,0.000000
3,3,29,3.8477269e+34,0.000000
5,-4,42,3.8441674e+34,0.000000
5,1,5,3.8418102e+34,0.000000
7,-7,39,3.8318743e+34,0.000000
5,5,-3,3.8152623e+34,0.000000
3,-3,53,3.8002412e+34,0.000000
8,-7,17,3.7359701e+34,0.000000
5,-2,14,3.722851e+34,0.000000
4,1,14,3.7201003e+34,0.000000
4,3,22,3.691457e+34,0.000000
3,0,-19,3.6197645e+34,0.000000
3,0,19,3.6197645e+34,0.000000
8,-6,16,3.579533e+34,0.000000
2,0,-25,3.5627158e+34,0.000000
2,0,25,3.5627158e+34,0.000000
7,-5,23,3.5387329e+34,0.000000
5,1,10,3.5345106e+34,0.000000
8,-8,22,3.4515539e+34,0.000000
2,-1,31,3.4354297e+34,0.000000
4,-3,-3,3.4267622e+34,0.000000
4,-1,-7,3.41331e+34,0.000000
4,-1,17,3.3998709e+34,0.000000
4,4,24,3.3908725e+34,0.000000
7,-6,30,3.3037733e+34,0.000000
7,-7,40,3.2920465e+34,0.000000
6,-3,3,3.248938e+34,0.000000
6,-4,23,3.2428074e+34,0.000000
5,1,-4,3.2187657e+34,0.000000
3,-2,37,3.2038076e+34,0.000000
9,-9,16,3.185685e+34,0.000000
2,-1,-22,3.1437792e+34,0.000000
3,2,-4,3.1273309e+34,0.000000
3,-3,-13,3.1163302e+34,0.000000
3,-2,-8,3.1030201e+34,0.000000
4,-3,42,3.0509285e+34,0.000000
6,-6,50,3.041745e+34,0.000000
4,-1,-2,3.0026659e+34,0.000000
5,-1,10,2.9907916e+34,0.000000
6,-5,40,2.9648546e+34,0.000000
4,1,-6,2.9599778e+34,0.000000
6,2,0,2.9432844e+34,0.000000
4,-4,55,2.9110987e+34,0.000000
5,-5,54,2.8954623e+34,0.000000
4,2,19,2.8808285e+34,0.000000
3,2,26,2.8245574e+34,0.000000
7,-6,31,2.8141364e+34,0.000000
7,-7,41,2.8111466e+34,0.000000
9,-8,13,2.746278e+34,0.000000
5,-2,15,2.7419869e+34,0.000000
5,-4,43,2.7235584e+34,0.000000
6,-2,7,2.6517681e+34,0.000000
8,-8,23,2.6345028e+34,0.000000
8,-6,17,2.6311576e+34,0.000000
4,3,23,2.6257499e+34,0.000000
8,-7,18,2.6002629e+34,0.000000
7,-6,2,2.5856808e+34,0.000000
7,-5,24,2.5772719e+34,0.000000
4,4,25,2.5708806e+34,0.000000
5,1,11,2.5674016e+34,0.000000
3,3,30,2.5651421e+34,0.000000
2,-2,51,2.5544088e+34,0.000000
4,-2,17,2.5513294e+34,0.000000
9,-6,8,2.5317154e+34,0.000000
3,1,-16,2.5257409e+34,0.000000
5,2,-1,2.4864535e+34,0.000000
2,2,31,2.4742112e+34,0.000000
4,-1,-8,2.4657798e+34,0.000000
3,-3,54,2.4489849e+34,0.000000
8,-5,8,2.4463474e+34,0.000000
7,-5,0,2.4330785e+34,0.000000
7,-6,32,2.3872192e+34,0.000000
7,-7,42,2.3861073e+34,0.000000
4,1,-3,2.3536207e+34,0.000000
3,0,-20,2.353425e+34,0.000000
3,0,20,2.353425e+34,0.000000
6,-6,51,2.3310283e+34,0.000000
2,1,24,2.3051817e+34,0.000000
5,2,3,2.2878775e+34,0.000000
2,1,-16,2.2465521e+34,0.000000
6,-5,41,2.2426181e+34,0.000000
4,2,-7,2.2364697e+34,0.000000
3,-1,-20,2.2213957e+34,0.000000
5,-3,17,2.212339e+34,0.000000
5,3,11,2.1944495e+34,0.000000
9,-7,13,2.1914101e+34,0.000000
5,5,-1,2.1909165e+34,0.000000
8,-6,4,2.1236234e+34,0.000000
5,-5,55,2.1161399e+34,0.000000
5,-1,11,2.10416e+34,0.000000
7,-7,0,2.0797263e+34,0.000000
2,0,-26,2.0753899e+34,0.000000
2,0,26,2.0753899e+34,0.000000
4,1,15,2.0684689e+34,0.000000
4,1,-7,2.0649651e+34,0.000000
8,-8,24,2.0543247e+34,0.000000
4,-3,43,2.0303202e+34,0.000000
7,-6,33,2.0155153e+34,0.000000
7,-7,43,2.013476e+34,0.000000
2,2,-10,1.999724e+34,0.000000
8,-6,18,1.9926988e+34,0.000000
3,1,21,1.9829556e+34,0.000000
5,-2,16,1.9793868e+34,0.000000
9,-9,17,1.9743831e+34,0.000000
3,-2,38,1.9648851e+34,0.000000
7,-4,8,1.9377008e+34,0.000000
6,-2,1,1.9355092e+34,0.000000
8,-8,5,1.9353418e+34,0.000000
4,4,26,1.9341184e+34,0.000000
5,-4,44,1.9289075e+34,0.000000
9,-9,10,1.9224682e+34,0.000000
6,-4,24,1.9029099e+34,0.000000
10,-10,14,1.8903407e+34,0.000000
8,-7,19,1.868486e+34,0.000000
7,-5,25,1.8570418e+34,0.000000
4,3,24,1.8568991e+34,0.000000
4,2,20,1.8304341e+34,0.000000
2,-2,-19,1.8234653e+34,0.000000
5,1,12,1.7838258e+34,0.000000
6,-6,52,1.7836076e+34,0.000000
5,-2,-1,1.7815268e+34,0.000000
3,2,27,1.7685772e+34,0.000000
3,-1,25,1.7667584e+34,0.000000
4,-1,18,1.7425155e+34,0.000000
5,0,-3,1.7381714e+34,0.000000
5,0,3,1.7381714e+34,0.000000
3,3,31,1.7091615e+34,0.000000
5,-3,21,1.7085702e+34,0.000000
5,-3,20,1.7058262e+34,0.000000
4,-1,-9,1.7057632e+34,0.000000
2,-1,32,1.6947735e+34,0.000000
7,-6,34,1.6930322e+34,0.000000
6,-5,42,1.6919034e+34,0.000000
2,-1,-23,1.6898427e+34,0.000000
7,-7,44,1.689418e+34,0.000000
4,-2,18,1.6533105e+34,0.000000
10,-8,10,1.6408223e+34,0.000000
8,-8,25,1.6321221e+34,0.000000
6,-3,5,1.6256155e+34,0.000000
2,-2,52,1.6147817e+34,0.000000
9,-8,14,1.591782e+34,0.000000
8,-7,6,1.585575e+34,0.000000
5,-3,19,1.5809662e+34,0.000000
3,-3,55,1.5795284e+34,0.000000
5,-3,22,1.5783065e+34,0.000000
10,-10,13,1.5747008e+34,0.000000
8,-6,19,1.546019e+34,0.000000
3,-2,-9,1.5439369e+34,0.000000
4,-1,-3,1.5361581e+34,0.000000
5,-3,18,1.5325775e+34,0.000000
3,0,-21,1.5143568e+34,0.000000
3,0,21,1.5143568e+34,0.000000
2,2,32,1.5122613e+34,0.000000
3,-3,-14,1.5102348e+34,0.000000
5,5,0,1.5097448e+34,0.000000
4,4,-4,1.4674395e+34,0.000000
5,4,1,1.4630847e+34,0.000000
5,5,1,1.45219e+34,0.000000
4,4,27,1.4451548e+34,0.000000
5,-1,12,1.4288831e+34,0.000000
5,4,6,1.4279453e+34,0.000000
3,3,-6,1.418899e+34,0.000000
7,-6,35,1.4146483e+34,0.000000
7,-4,3,1.4109345e+34,0.000000
7,-7,45,1.4098097e+34,0.000000
5,4,5,1.4059523e+34,0.000000
5,-2,17,1.4017903e+34,0.000000
5,0,-2,1.390321e+34,0.000000
5,0,2,1.390321e+34,0.000000
4,1,-8,1.3869936e+34,0.000000
5,4,-2,1.3861097e+34,0.000000
8,-7,20,1.381613e+34,0.000000
5,4,7,1.371683e+34,0.000000
5,-4,45,1.3658033e+34,0.000000
5,-3,23,1.3636032e+34,0.000000
6,-6,53,1.3629615e+34,0.000000
4,-3,44,1.3512193e+34,0.000000
4,0,-13,1.3510674e+34,0.000000
4,0,13,1.3510674e+34,0.000000
3,1,-17,1.3489128e+34,0.000000
3,2,-5,1.3349489e+34,0.000000
5,5,2,1.3267221e+34,0.000000
7,-5,26,1.3244281e+34,0.000000
8,-8,26,1.3171179e+34,0.000000
4,3,25,1.3065627e+34,0.000000
9,-7,14,1.3015949e+34,0.000000
8,-6,3,1.301521e+34,0.000000
5,4,8,1.2907086e+34,0.000000
6,-5,43,1.2734188e+34,0.000000
6,4,-2,1.271883e+34,0.000000
5,4,4,1.2607039e+34,0.000000
5,0,-4,1.2564645e+34,0.000000
5,0,4,1.2564645e+34,0.000000
7,-5,-1,1.2495157e+34,0.000000
5,5,-2,1.2368117e+34,0.000000
9,-9,18,1.2321989e+34,0.000000
8,-6,20,1.221771e+34,0.000000
6,-2,8,1.2189722e+34,0.000000
2,1,25,1.2188401e+34,0.000000
9,-7,7,1.2161002e+34,0.000000
5,4,9,1.2138145e+34,0.000000
2,0,-27,1.2075183e+34,0.000000
2,0,27,1.2075183e+34,0.000000
3,-2,39,1.2046815e+34,0.000000
5,4,0,1.2012404e+34,0.000000
5,1,13,1.1952997e+34,0.000000
2,1,-17,1.18974e+34,0.000000
6,-5,-2,1.1863677e+34,0.000000
3,-1,-21,1.1857858e+34,0.000000
7,-6,36,1.1757477e+34,0.000000
7,-7,46,1.1703709e+34,0.000000
5,4,10,1.1481461e+34,0.000000
4,2,21,1.1480156e+34,0.000000
4,-1,-10,1.144167e+34,0.000000
3,3,32,1.1384561e+34,0.000000
5,3,12,1.1294194e+34,0.000000
10,-9,12,1.1237215e+34,0.000000
4,1,16,1.1229324e+34,0.000000
5,-3,24,1.1172894e+34,0.000000
3,2,28,1.106888e+34,0.000000
4,2,-3,1.1050609e+34,0.000000
5,-1,-3,1.1035759e+34,0.000000
5,4,2,1.0971665e+34,0.000000
6,-4,25,1.0957642e+34,0.000000
5,4,11,1.0896797e+34,0.000000
4,-4,-6,1.0879369e+34,0.000000
6,4,0,1.078753e+34,0.000000
10,-8,12,1.0775043e+34,0.000000
8,-8,27,1.0762562e+34,0.000000
4,4,28,1.0733088e+34,0.000000
5,4,3,1.0635021e+34,0.000000
5,5,3,1.0567549e+34,0.000000
4,-2,19,1.0529113e+34,0.000000
6,2,3,1.0492347e+34,0.000000
8,-7,21,1.0478091e+34,0.000000
6,-6,54,1.0404133e+34,0.000000
8,-5,5,1.0389207e+34,0.000000
2,-2,53,1.0361117e+34,0.000000
5,4,12,1.031342e+34,0.000000
7,-4,9,1.015381e+34,0.000000
9,-8,15,9.7921903e+33,0.000000
5,2,4,9.7839758e+33,0.000000
8,-6,21,9.7809382e+33,0.000000
5,-2,18,9.7489233e+33,0.000000
7,-6,37,9.7203762e+33,0.000000
5,4,13,9.6743791e+33,0.000000
5,-4,46,9.6698702e+33,0.000000
7,-7,47,9.6680135e+33,0.000000
3,0,-22,9.6619652e+33,0.000000
3,0,22,9.6619652e+33,0.000000
6,-5,44,9.5641123e+33,0.000000
6,2,4,9.5593204e+33,0.000000
4,2,-8,9.5533267e+33,0.000000
8,-5,9,9.4488008e+33,0.000000
5,-1,13,9.4196139e+33,0.000000
7,-5,27,9.3554713e+33,0.000000
2,2,33,9.2614811e+33,0.000000
5,5,6,9.231441e+33,0.000000
4,3,26,9.1530528e+33,0.000000
2,-1,-24,9.1090697e+33,0.000000
5,5,7,9.1045972e+33,0.000000
4,1,-9,9.1033435e+33,0.000000
5,5,4,9.0935553e+33,0.000000
4,-3,45,8.9919074e+33,0.000000
5,5,5,8.9916151e+33,0.000000
5,4,14,8.9527157e+33,0.000000
5,2,9,8.9508033e+33,0.000000
3,1,22,8.9149238e+33,0.000000
5,2,8,8.8928008e+33,0.000000
8,-8,28,8.8804336e+33,0.000000
5,-3,25,8.777648e+33,0.000000
8,-7,5,8.6728269e+33,0.000000
4,-1,19,8.6582418e+33,0.000000
5,5,8,8.4536714e+33,0.000000
5,2,10,8.4076564e+33,0.000000
2,-1,33,8.2005159e+33,0.000000
5,2,7,8.1814463e+33,0.000000
5,4,15,8.1508267e+33,0.000000
8,-7,22,8.1265848e+33,0.000000
9,-7,15,8.1181366e+33,0.000000
5,1,-5,8.1049324e+33,0.000000
6,-5,-3,8.0390946e+33,0.000000
7,-6,38,7.9947656e+33,0.000000
7,-7,48,7.9490318e+33,0.000000
6,-6,55,7.9354576e+33,0.000000
4,4,29,7.9290199e+33,0.000000
6,-3,2,7.912922e+33,0.000000
8,-6,22,7.8920017e+33,0.000000
9,-9,19,7.8364472e+33,0.000000
7,-7,-1,7.7684825e+33,0.000000
5,1,14,7.7680909e+33,0.000000
5,0,-5,7.7643882e+33,0.000000
5,0,5,7.7643882e+33,0.000000
7,-3,4,7.7279447e+33,0.000000
3,3,33,7.5821178e+33,0.000000
3,-2,-10,7.5388105e+33,0.000000
9,-8,9,7.4945027e+33,0.000000
4,-1,-11,7.4944305e+33,0.000000
2,2,-11,7.47647e+33,0.000000
5,2,11,7.4525301e+33,0.000000
5,5,9,7.4355607e+33,0.000000
3,-3,-15,7.4220608e+33,0.000000
8,-8,29,7.3853477e+33,0.000000
3,-2,40,7.3812526e+33,0.000000
5,4,16,7.2919181e+33,0.000000
9,-6,9,7.208575e+33,0.000000
3,1,-18,7.1920874e+33,0.000000
6,-5,45,7.1695855e+33,0.000000
2,-2,-20,7.1543964e+33,0.000000
4,2,22,7.1194031e+33,0.000000
5,2,6,7.1189445e+33,0.000000
6,2,5,7.0607534e+33,0.000000
6,4,1,7.046211e+33,0.000000
2,0,-28,7.0209352e+33,0.000000
2,0,28,7.0209352e+33,0.000000
6,2,2,6.9381326e+33,0.000000
3,2,29,6.9260509e+33,0.000000
5,-4,47,6.8462662e+33,0.000000
9,-9,9,6.7769649e+33,0.000000
2,-2,54,6.7704546e+33,0.000000
5,2,5,6.7587339e+33,0.000000
5,-3,26,6.6669414e+33,0.000000
5,-2,19,6.6651735e+33,0.000000
4,-2,20,6.6014944e+33,0.000000
8,-8,4,6.5813122e+33,0.000000
7,-5,28,6.5504628e+33,0.000000
7,-6,39,6.542629e+33,0.000000
7,-7,49,6.5067872e+33,0.000000
3,-1,26,6.4563631e+33,0.000000
10,-10,15,6.4343647e+33,0.000000
8,-7,23,6.4289178e+33,0.000000
2,1,26,6.4174901e+33,0.000000
5,4,17,6.4095729e+33,0.000000
8,-6,23,6.3897313e+33,0.000000
4,3,27,6.3877256e+33,0.000000
3,-1,-22,6.3311176e+33,0.000000
2,1,-18,6.3091431e+33,0.000000
5,5,10,6.2936034e+33,0.000000
5,2,12,6.2933459e+33,0.000000
6,-4,-3,6.2744797e+33,0.000000
8,-6,2,6.2065351e+33,0.000000
6,-4,26,6.1886458e+33,0.000000
8,-8,30,6.1857627e+33,0.000000
3,0,-23,6.1221112e+33,0.000000
3,0,23,6.1221112e+33,0.000000
9,-8,16,6.1017345e+33,0.000000
7,-6,1,6.0575301e+33,0.000000
5,-1,14,6.0508536e+33,0.000000
7,-4,10,5.9940714e+33,0.000000
4,-3,46,5.9821503e+33,0.000000
4,1,17,5.942849e+33,0.000000
4,1,-10,5.8776997e+33,0.000000
3,3,-4,5.8676213e+33,0.000000
4,4,30,5.8299834e+33,0.000000
2,2,34,5.6827198e+33,0.000000
3,2,-6,5.6783287e+33,0.000000
5,5,-4,5.5891237e+33,0.000000
5,4,18,5.5388261e+33,0.000000
7,-5,-2,5.472825e+33,0.000000
5,3,13,5.4198215e+33,0.000000
6,-2,9,5.3773023e+33,0.000000
6,-5,46,5.3655519e+33,0.000000
7,-6,40,5.328507e+33,0.000000
4,-4,-7,5.3182287e+33,0.000000
7,-7,50,5.3040197e+33,0.000000
9,-7,16,5.2776249e+33,0.000000
6,-3,6,5.2480455e+33,0.000000
5,5,11,5.2320003e+33,0.000000
8,-8,31,5.21923e+33,0.000000
8,-7,24,5.17561e+33,0.000000
8,-6,24,5.1721301e+33,0.000000
9,-9,20,5.1393784e+33,0.000000
5,2,13,5.1011585e+33,0.000000
9,-6,7,5.0549713e+33,0.000000
6,4,4,5.0535578e+33,0.000000
3,3,34,5.0497447e+33,0.000000
10,-9,13,4.9661735e+33,0.000000
6,4,5,4.9611133e+33,0.000000
6,4,2,4.9270753e+33,0.000000
5,-3,27,4.9266392e+33,0.000000
2,-1,-25,4.9248586e+33,0.000000
6,4,3,4.9181876e+33,0.000000
5,1,15,4.916259e+33,0.000000
5,-1,-4,4.9032349e+33,0.000000
5,-4,48,4.8475551e+33,0.000000
4,-1,-12,4.8145516e+33,0.000000
6,4,6,4.7512229e+33,0.000000
8,-5,10,4.7194698e+33,0.000000
5,4,19,4.7101149e+33,0.000000
6,2,6,4.5962744e+33,0.000000
7,-5,29,4.5499956e+33,0.000000
3,-2,41,4.5180065e+33,0.000000
2,-2,55,4.517725e+33,0.000000
10,-8,13,4.5080624e+33,0.000000
5,-2,20,4.4846644e+33,0.000000
6,4,7,4.4705918e+33,0.000000
5,0,-6,4.4512858e+33,0.000000
5,0,6,4.4512858e+33,0.000000
4,3,28,4.4431445e+33,0.000000
8,-8,32,4.4402759e+33,0.000000
4,2,23,4.3716795e+33,0.000000
5,5,12,4.3704018e+33,0.000000
3,2,30,4.333529e+33,0.000000
7,-6,41,4.3197215e+33,0.000000
7,-7,51,4.3066402e+33,0.000000
6,4,-1,4.3007448e+33,0.000000
4,0,-14,4.2784155e+33,0.000000
4,0,14,4.2784155e+33,0.000000
4,4,31,4.2687938e+33,0.000000
8,-7,25,4.2314803e+33,0.000000
4,2,-9,4.2212276e+33,0.000000
8,-6,25,4.1735187e+33,0.000000
4,-1,20,4.1518881e+33,0.000000
6,4,8,4.1072237e+33,0.000000
4,-2,21,4.0813685e+33,0.000000
2,0,-29,4.0810497e+33,0.000000
2,0,29,4.0810497e+33,0.000000
6,-5,47,4.0095734e+33,0.000000
4,-2,-4,3.9991169e+33,0.000000
3,3,-7,3.997466e+33,0.000000
7,-7,-2,3.9970206e+33,0.000000
5,2,14,3.992346e+33,0.000000
4,-3,47,3.9777259e+33,0.000000
5,4,20,3.9461683e+33,0.000000
3,1,23,3.8816542e+33,0.000000
2,-1,34,3.8684003e+33,0.000000
3,0,-24,3.8576693e+33,0.000000
3,0,24,3.8576693e+33,0.000000
9,-8,17,3.8511293e+33,0.000000
3,1,-19,3.8283055e+33,0.000000
8,-8,33,3.8132569e+33,0.000000
5,-1,15,3.7972535e+33,0.000000
7,-4,11,3.7944921e+33,0.000000
8,-7,4,3.750506e+33,0.000000
5,5,13,3.7454725e+33,0.000000
4,1,-11,3.7454283e+33,0.000000
5,4,-1,3.7381578e+33,0.000000
3,-3,-16,3.6920245e+33,0.000000
6,4,9,3.6571955e+33,0.000000
3,-2,-11,3.6188172e+33,0.000000
9,-7,17,3.5654226e+33,0.000000
5,-3,28,3.559308e+33,0.000000
8,-7,26,3.507395e+33,0.000000
2,2,35,3.4930186e+33,0.000000
9,-9,21,3.4926007e+33,0.000000
7,-6,42,3.4865606e+33,0.000000
7,-7,52,3.4839658e+33,0.000000
7,-6,0,3.4736861e+33,0.000000
9,-9,8,3.4715202e+33,0.000000
5,-4,49,3.4328255e+33,0.000000
6,-4,27,3.4253154e+33,0.000000
10,-10,16,3.4062477e+33,0.000000
3,-1,-23,3.3821628e+33,0.000000
3,3,35,3.3635807e+33,0.000000
2,1,27,3.362226e+33,0.000000
8,-6,26,3.3502495e+33,0.000000
2,1,-19,3.3491799e+33,0.000000
7,-3,5,3.3398053e+33,0.000000
5,5,14,3.3342268e+33,0.000000
8,-8,34,3.3086078e+33,0.000000
5,4,21,3.261222e+33,0.000000
6,4,10,3.1436266e+33,0.000000
7,-5,30,3.1379907e+33,0.000000
4,4,32,3.114177e+33,0.000000
9,-7,6,3.0854873e+33,0.000000
5,5,15,3.0823275e+33,0.000000
4,3,29,3.0817012e+33,0.000000
4,1,18,3.0592482e+33,0.000000
4,-1,-13,3.0423281e+33,0.000000
5,1,16,3.0393443e+33,0.000000
5,2,15,3.0311887e+33,0.000000
6,-5,48,2.9925114e+33,0.000000
5,-2,21,2.9730847e+33,0.000000
8,-7,27,2.9432497e+33,0.000000
5,5,16,2.9278049e+33,0.000000
8,-8,35,2.9011447e+33,0.000000
2,2,-12,2.8814567e+33,0.000000
6,-6,-5,2.8794458e+33,0.000000
8,-8,3,2.8606263e+33,0.000000
5,5,17,2.8164666e+33,0.000000
7,-7,53,2.8087686e+33,0.000000
7,-6,43,2.8023723e+33,0.000000
3,-2,42,2.7614723e+33,0.000000
2,-2,-21,2.7572583e+33,0.000000
3,2,31,2.7115691e+33,0.000000
6,2,7,2.7093275e+33,0.000000
5,5,18,2.7091431e+33,0.000000
8,-5,11,2.6995125e+33,0.000000
4,3,-3,2.6796816e+33,0.000000
8,-6,27,2.6717419e+33,0.000000
2,-1,-26,2.670775e+33,0.000000
5,4,22,2.661752e+33,0.000000
4,2,24,2.6610316e+33,0.000000
4,-2,-5,2.6591012e+33,0.000000
4,-3,48,2.6427372e+33,0.000000
5,-5,-5,2.6297532e+33,0.000000
4,-4,-8,2.6179791e+33,0.000000
6,4,11,2.6064633e+33,0.000000
5,5,19,2.5828394e+33,0.000000
8,-8,36,2.5694288e+33,0.000000
10,-10,12,2.541088e+33,0.000000
5,-3,29,2.5236574e+33,0.000000
10,-8,9,2.5023813e+33,0.000000
8,-7,28,2.497452e+33,0.000000
7,-4,12,2.4969301e+33,0.000000
9,-7,18,2.4942319e+33,0.000000
9,-8,18,2.492199e+33,0.000000
4,-2,22,2.4918732e+33,0.000000
9,-6,10,2.470682e+33,0.000000
3,2,-7,2.4576446e+33,0.000000
9,-9,22,2.4567279e+33,0.000000
5,-4,50,2.4313767e+33,0.000000
5,5,20,2.4283035e+33,0.000000
3,0,-25,2.4201234e+33,0.000000
3,0,25,2.4201234e+33,0.000000
5,0,-7,2.416637e+33,0.000000
5,0,7,2.416637e+33,0.000000
6,2,1,2.4147591e+33,0.000000
10,-8,14,2.3988296e+33,0.000000
5,3,14,2.3892256e+33,0.000000
2,0,-30,2.3721288e+33,0.000000
2,0,30,2.3721288e+33,0.000000
4,1,-12,2.359293e+33,0.000000
5,-1,16,2.3324641e+33,0.000000
8,-8,37,2.2955518e+33,0.000000
10,-7,9,2.2698882e+33,0.000000
6,-2,10,2.2686039e+33,0.000000
4,4,33,2.2644826e+33,0.000000
7,-7,54,2.257191e+33,0.000000
5,5,21,2.2461236e+33,0.000000
7,-6,44,2.2435598e+33,0.000000
5,2,16,2.2413387e+33,0.000000
3,3,36,2.2409014e+33,0.000000
6,-5,49,2.2310851e+33,0.000000
6,-3,7,2.2272896e+33,0.000000
7,-5,31,2.1505777e+33,0.000000
2,2,36,2.1505561e+33,0.000000
5,4,23,2.1479871e+33,0.000000
3,-1,27,2.1475829e+33,0.000000
8,-7,29,2.1403977e+33,0.000000
5,0,-1,2.136782e+33,0.000000
5,0,1,2.136782e+33,0.000000
4,3,30,2.1321358e+33,0.000000
8,-6,28,2.114994e+33,0.000000
7,-4,2,2.1121572e+33,0.000000
6,4,12,2.0869382e+33,0.000000
10,-10,17,2.0766154e+33,0.000000
8,-8,38,2.0649911e+33,0.000000
6,3,2,2.0583624e+33,0.000000
10,-9,14,2.0507062e+33,0.000000
5,5,22,2.0427682e+33,0.000000
6,3,3,2.0359237e+33,0.000000
3,1,-20,2.0348059e+33,0.000000
8,-5,4,1.9475301e+33,0.000000
5,-2,22,1.9441828e+33,0.000000
5,4,-3,1.9147275e+33,0.000000
4,2,-10,1.9139794e+33,0.000000
4,-1,21,1.9104401e+33,0.000000
4,-1,-14,1.8950412e+33,0.000000
8,-8,39,1.8663856e+33,0.000000
6,0,-2,1.8643864e+33,0.000000
6,0,2,1.8643864e+33,0.000000
3,-3,-17,1.8563476e+33,0.000000
6,-4,28,1.8556306e+33,0.000000
8,-7,30,1.8504629e+33,0.000000
5,1,17,1.8399362e+33,0.000000
5,5,23,1.8273153e+33,0.000000
7,-7,55,1.8085622e+33,0.000000
3,-1,-24,1.808243e+33,0.000000
9,-7,19,1.7999788e+33,0.000000
7,-3,3,1.7974366e+33,0.000000
7,-6,45,1.7894844e+33,0.000000
9,-9,23,1.7811133e+33,0.000000
2,1,-20,1.7796609e+33,0.000000
5,1,-6,1.7672757e+33,0.000000
2,-1,35,1.7636051e+33,0.000000
5,-3,30,1.7614336e+33,0.000000
4,-3,49,1.753724e+33,0.000000
2,1,28,1.7509486e+33,0.000000
7,-5,-3,1.7359833e+33,0.000000
5,-4,51,1.7223502e+33,0.000000
5,4,24,1.7156566e+33,0.000000
3,-2,-12,1.7078953e+33,0.000000
3,2,32,1.696876e+33,0.000000
8,-8,40,1.6912011e+33,0.000000
8,-5,12,1.687701e+33,0.000000
9,-8,8,1.6872677e+33,0.000000
3,-2,43,1.6846864e+33,0.000000
7,-4,13,1.6727846e+33,0.000000
9,-8,19,1.6669911e+33,0.000000
9,-9,7,1.6663538e+33,0.000000
6,-5,50,1.6619828e+33,0.000000
8,-6,29,1.6613997e+33,0.000000
10,-7,10,1.6588765e+33,0.000000
4,4,34,1.6419122e+33,0.000000
8,-6,1,1.6401062e+33,0.000000
6,3,4,1.6271265e+33,0.000000
3,1,24,1.6225569e+33,0.000000
5,2,17,1.6192797e+33,0.000000
6,4,13,1.6170088e+33,0.000000
8,-7,31,1.6115569e+33,0.000000
5,5,24,1.6091291e+33,0.000000
4,2,25,1.607063e+33,0.000000
7,-3,6,1.5448683e+33,0.000000
8,-8,41,1.5333123e+33,0.000000
8,-8,2,1.529359e+33,0.000000
4,1,19,1.5270941e+33,0.000000
3,0,-26,1.5130738e+33,0.000000
3,0,26,1.5130738e+33,0.000000
5,1,-2,1.5106494e+33,0.000000
4,-2,23,1.5044861e+33,0.000000
5,-1,-5,1.5025041e+33,0.000000
3,3,37,1.4933221e+33,0.000000
4,3,31,1.4720117e+33,0.000000
4,1,-13,1.4703027e+33,0.000000
7,-5,32,1.4657731e+33,0.000000
6,2,8,1.4565366e+33,0.000000
2,-1,-27,1.4528164e+33,0.000000
10,-9,11,1.4474359e+33,0.000000
7,-6,46,1.4222983e+33,0.000000
6,3,-1,1.4219653e+33,0.000000
8,-7,32,1.4116042e+33,0.000000
4,-2,-6,1.4107032e+33,0.000000
5,-1,17,1.4044167e+33,0.000000
9,-7,5,1.4024978e+33,0.000000
5,5,25,1.3964416e+33,0.000000
10,-8,15,1.3948292e+33,0.000000
8,-8,42,1.3885483e+33,0.000000
2,0,-31,1.3789898e+33,0.000000
2,0,31,1.3789898e+33,0.000000
4,0,-15,1.3776001e+33,0.000000
4,0,15,1.3776001e+33,0.000000
5,4,25,1.3576299e+33,0.000000
9,-7,20,1.3353897e+33,0.000000
2,2,37,1.3259705e+33,0.000000
9,-9,24,1.3244188e+33,0.000000
7,-3,2,1.2985314e+33,0.000000
10,-10,18,1.2951874e+33,0.000000
8,-6,30,1.2950551e+33,0.000000
3,3,-8,1.2841874e+33,0.000000
4,-4,-9,1.2675504e+33,0.000000
5,-2,23,1.2554394e+33,0.000000
8,-8,43,1.2542445e+33,0.000000
5,0,-8,1.2470308e+33,0.000000
5,0,8,1.2470308e+33,0.000000
8,-7,33,1.2415564e+33,0.000000
6,-3,1,1.2387553e+33,0.000000
6,-5,51,1.2372369e+33,0.000000
7,-7,-3,1.2296173e+33,0.000000
5,-4,52,1.2202252e+33,0.000000
6,4,14,1.2153842e+33,0.000000
5,-3,31,1.2132169e+33,0.000000
6,3,5,1.2036516e+33,0.000000
5,5,26,1.1956642e+33,0.000000
4,4,35,1.1875088e+33,0.000000
9,-6,11,1.1805732e+33,0.000000
4,-1,-15,1.1655812e+33,0.000000
10,-9,15,1.1622066e+33,0.000000
4,-3,50,1.1619343e+33,0.000000
6,2,-1,1.1585563e+33,0.000000
9,-8,20,1.1543917e+33,0.000000
5,2,18,1.1461819e+33,0.000000
2,2,-13,1.1344345e+33,0.000000
8,-8,44,1.1288354e+33,0.000000
7,-6,47,1.126727e+33,0.000000
8,-5,13,1.1263788e+33,0.000000
7,-4,14,1.1246423e+33,0.000000
6,3,1,1.1211959e+33,0.000000
8,-7,34,1.0946954e+33,0.000000
5,1,18,1.0928071e+33,0.000000
3,2,-8,1.0844864e+33,0.000000
3,1,-21,1.0802892e+33,0.000000
6,-3,8,1.0717481e+33,0.000000
5,4,26,1.0652769e+33,0.000000
3,2,33,1.0620306e+33,0.000000
2,-2,-22,1.0384176e+33,0.000000
3,-2,44,1.0253968e+33,0.000000
9,-7,21,1.0154889e+33,0.000000
4,3,32,1.0144012e+33,0.000000
8,-8,45,1.0115066e+33,0.000000
5,5,27,1.0112103e+33,0.000000
9,-9,25,1.0062761e+33,0.000000
8,-6,31,1.0019613e+33,0.000000
3,3,38,9.9541023e+32,0.000000
7,-5,33,9.9428761e+32,0.000000
8,-7,3,9.9285953e+32,0.000000
6,-4,29,9.8214678e+32,0.000000
3,-1,-25,9.6768701e+32,0.000000
7,-6,-1,9.6761891e+32,0.000000
8,-7,35,9.6610367e+32,0.000000
4,2,26,9.6358097e+32,0.000000
6,-2,11,9.567989e+32,0.000000
5,3,15,9.4956115e+32,0.000000
2,1,-21,9.4672942e+32,0.000000
3,0,-27,9.4350308e+32,0.000000
3,0,27,9.4350308e+32,0.000000
3,-3,-18,9.4245368e+32,0.000000
7,-3,7,9.3239564e+32,0.000000
6,-5,52,9.206179e+32,0.000000
4,1,-14,9.0694987e+32,0.000000
2,1,29,9.0509123e+32,0.000000
8,-8,46,9.0191442e+32,0.000000
4,-2,24,8.993209e+32,0.000000
7,-6,48,8.8982245e+32,0.000000
6,4,15,8.8832565e+32,0.000000
4,2,-11,8.8422883e+32,0.000000
5,-4,53,8.6450955e+32,0.000000
7,-7,-4,8.5809427e+32,0.000000
4,4,36,8.5698273e+32,0.000000
6,3,6,8.537366e+32,0.000000
8,-7,36,8.5223815e+32,0.000000
9,-6,6,8.4616979e+32,0.000000
5,5,28,8.4563642e+32,0.000000
10,-8,16,8.4439098e+32,0.000000
7,-3,1,8.4073316e+32,0.000000
4,-1,22,8.3802238e+32,0.000000
5,-1,18,8.2992866e+32,0.000000
5,4,27,8.2949484e+32,0.000000
5,-3,32,8.2625673e+32,0.000000
9,-7,4,8.259661e+32,0.000000
9,-8,21,8.2582311e+32,0.000000
2,2,38,8.186006e+32,0.000000
10,-10,19,8.0207792e+32,0.000000
2,0,-32,8.0180306e+32,0.000000
2,0,32,8.0180306e+32,0.000000
5,-2,24,8.0135984e+32,0.000000
8,-8,47,7.9997271e+32,0.000000
5,2,19,7.9675853e+32,0.000000
2,-1,-28,7.9267774e+32,0.000000
3,-2,-13,7.9175729e+32,0.000000
9,-7,22,7.8949235e+32,0.000000
8,-5,14,7.891373e+32,0.000000
9,-9,26,7.7971198e+32,0.000000
8,-6,32,7.6970862e+32,0.000000
4,-3,51,7.6828385e+32,0.000000
2,-1,36,7.6702748e+32,0.000000
9,-8,7,7.5462002e+32,0.000000
7,-4,15,7.509643e+32,0.000000
8,-7,37,7.5058159e+32,0.000000
6,4,-3,7.4545837e+32,0.000000
4,1,20,7.3601545e+32,0.000000
10,-9,16,7.1825161e+32,0.000000
6,2,9,7.123245e+32,0.000000
4,-2,-7,7.0932301e+32,0.000000
4,-1,-16,7.0897042e+32,0.000000
8,-8,48,7.0569959e+32,0.000000
7,-6,49,7.0070494e+32,0.000000
5,5,29,6.9994633e+32,0.000000
4,3,33,6.9795045e+32,0.000000
8,-6,0,6.8804422e+32,0.000000
6,-5,53,6.8483853e+32,0.000000
7,-5,34,6.7173124e+32,0.000000
3,2,34,6.6476519e+32,0.000000
3,3,39,6.6368686e+32,0.000000
8,-7,38,6.5935909e+32,0.000000
4,0,-16,6.5928947e+32,0.000000
4,0,16,6.5928947e+32,0.000000
3,-1,28,6.5281803e+32,0.000000
9,-6,12,6.5163787e+32,0.000000
6,-2,-1,6.4530074e+32,0.000000
3,1,25,6.4282565e+32,0.000000
5,4,28,6.4141662e+32,0.000000
5,1,19,6.3777597e+32,0.000000
6,4,16,6.328211e+32,0.000000
7,-3,8,6.3134432e+32,0.000000
10,-10,11,6.2606106e+32,0.000000
9,-7,23,6.2602519e+32,0.000000
3,-2,45,6.2243537e+32,0.000000
8,-8,1,6.2201426e+32,0.000000
8,-8,49,6.1911576e+32,0.000000
4,4,37,6.172481e+32,0.000000
9,-9,6,6.1680439e+32,0.000000
9,-9,27,6.1589323e+32,0.000000
5,-4,54,6.1242333e+32,0.000000
5,0,-9,6.096845e+32,0.000000
5,0,9,6.096845e+32,0.000000
9,-8,22,6.0814173e+32,0.000000
4,-4,-10,6.0777572e+32,0.000000
8,-6,33,5.8737587e+32,0.000000
3,0,-28,5.8718482e+32,0.000000
3,0,28,5.8718482e+32,0.000000
6,3,7,5.8101563e+32,0.000000
8,-7,39,5.773131e+32,0.000000
5,5,30,5.73953e+32,0.000000
4,2,27,5.738811e+32,0.000000
3,1,-22,5.7308484e+32,0.000000
8,-5,15,5.7242617e+32,0.000000
4,0,-17,5.5925876e+32,0.000000
4,0,17,5.5925876e+32,0.000000
4,0,-18,5.5780992e+32,0.000000
4,0,18,5.5780992e+32,0.000000
5,-3,33,5.5732585e+32,0.000000
4,1,-15,5.5395206e+32,0.000000
7,-6,50,5.5030574e+32,0.000000
6,-3,9,5.4504749e+32,0.000000
5,2,20,5.450276e+32,0.000000
8,-8,50,5.4018345e+32,0.000000
4,-2,25,5.3279242e+32,0.000000
10,-8,17,5.2818362e+32,0.000000
10,-8,8,5.2530333e+32,0.000000
4,0,-19,5.2427202e+32,0.000000
4,0,19,5.2427202e+32,0.000000
3,-1,-26,5.1838864e+32,0.000000
6,-5,54,5.0939919e+32,0.000000
4,-3,52,5.0673158e+32,0.000000
6,-4,30,5.065643e+32,0.000000
5,-2,25,5.0609521e+32,0.000000
2,2,39,5.0592296e+32,0.000000
9,-7,24,5.0509818e+32,0.000000
2,1,-22,5.0432479e+32,0.000000
8,-7,40,5.0353062e+32,0.000000
4,-3,-6,5.0070551e+32,0.000000
10,-10,20,4.9799209e+32,0.000000
9,-9,28,4.9597735e+32,0.000000
7,-4,16,4.9406923e+32,0.000000
5,4,29,4.9285154e+32,0.000000
3,2,-9,4.8596063e+32,0.000000
3,-3,-19,4.8275766e+32,0.000000
5,-1,19,4.8182744e+32,0.000000
10,-7,11,4.7972274e+32,0.000000
4,3,34,4.7957447e+32,0.000000
7,-4,1,4.7689195e+32,0.000000
6,-2,12,4.7357499e+32,0.000000
7,-2,3,4.7074321e+32,0.000000
8,-8,51,4.6877617e+32,0.000000
4,-2,-2,4.6686743e+32,0.000000
5,5,31,4.6663125e+32,0.000000
2,0,-33,4.6628732e+32,0.000000
2,0,33,4.6628732e+32,0.000000
2,1,30,4.6352756e+32,0.000000
3,3,-9,4.603627e+32,0.000000
9,-8,23,4.5945158e+32,0.000000
6,1,1,4.5886433e+32,0.000000
2,2,-14,4.5291947e+32,0.000000
4,0,-20,4.527013e+32,0.000000
4,0,20,4.527013e+32,0.000000
7,-5,35,4.5227354e+32,0.000000
10,-9,17,4.4740312e+32,0.000000
7,-3,9,4.458719e+32,0.000000
8,-6,34,4.4549256e+32,0.000000
4,4,38,4.4384545e+32,0.000000
3,3,40,4.4260649e+32,0.000000
6,4,17,4.4028206e+32,0.000000
8,-7,41,4.3731581e+32,0.000000
2,-1,-29,4.3376791e+32,0.000000
5,-4,55,4.3371373e+32,0.000000
7,-6,51,4.311215e+32,0.000000
4,-1,-17,4.2703936e+32,0.000000
8,-5,16,4.2504391e+32,0.000000
3,2,35,4.1611246e+32,0.000000
4,2,-12,4.1374076e+32,0.000000
9,-7,25,4.1361698e+32,0.000000
9,-9,29,4.0694896e+32,0.000000
8,-8,52,4.0467027e+32,0.000000
7,-4,0,4.0065141e+32,0.000000
9,-8,6,3.9794435e+32,0.000000
4,-3,-7,3.9489924e+32,0.000000
5,1,-7,3.9370088e+32,0.000000
4,-3,-5,3.9330334e+32,0.000000
9,-6,13,3.896105e+32,0.000000
2,-2,-23,3.8009256e+32,0.000000
6,-5,55,3.7893494e+32,0.000000
8,-7,42,3.7810037e+32,0.000000
3,-2,46,3.7672414e+32,0.000000
6,3,8,3.7667085e+32,0.000000
5,4,30,3.7651979e+32,0.000000
5,5,32,3.7642533e+32,0.000000
5,-3,34,3.7282951e+32,0.000000
5,-1,-6,3.6823553e+32,0.000000
5,2,21,3.6751695e+32,0.000000
5,1,20,3.6617201e+32,0.000000
3,0,-29,3.6491055e+32,0.000000
3,0,29,3.6491055e+32,0.000000
4,0,-21,3.6449126e+32,0.000000
4,0,21,3.6449126e+32,0.000000
9,-5,6,3.6198058e+32,0.000000
3,-2,-14,3.5995633e+32,0.000000
6,0,-6,3.5980613e+32,0.000000
6,0,6,3.5980613e+32,0.000000
8,-6,-1,3.5600845e+32,0.000000
9,-8,24,3.5514973e+32,0.000000
4,-2,-8,3.5057313e+32,0.000000
4,-1,23,3.4887212e+32,0.000000
8,-8,53,3.4755099e+32,0.000000
9,-7,26,3.4280678e+32,0.000000
10,-8,18,3.4230809e+32,0.000000
4,1,21,3.405771e+32,0.000000
6,0,-5,3.3969033e+32,0.000000
6,0,5,3.3969033e+32,0.000000
4,2,28,3.3959323e+32,0.000000
9,-9,30,3.3955135e+32,0.000000
5,3,16,3.3940789e+32,0.000000
7,-6,52,3.3698626e+32,0.000000
6,-2,13,3.3670527e+32,0.000000
8,-6,35,3.3598911e+32,0.000000
4,1,-16,3.3515473e+32,0.000000
9,-7,3,3.3402066e+32,0.000000
4,-3,53,3.3323461e+32,0.000000
7,3,1,3.3160543e+32,0.000000
4,3,35,3.2914834e+32,0.000000
8,-7,43,3.2538402e+32,0.000000
6,-2,15,3.2092168e+32,0.000000
8,-5,17,3.2006414e+32,0.000000
4,4,39,3.1869712e+32,0.000000
6,-2,14,3.1827145e+32,0.000000
7,-4,17,3.1816776e+32,0.000000
8,-5,3,3.1730013e+32,0.000000
7,-3,10,3.169791e+32,0.000000
5,-2,26,3.1648671e+32,0.000000
10,-10,21,3.1552955e+32,0.000000
6,2,10,3.155224e+32,0.000000
4,-2,26,3.1310916e+32,0.000000
2,2,40,3.1296168e+32,0.000000
2,-1,37,3.1182168e+32,0.000000
6,-2,16,3.1117022e+32,0.000000
3,1,-23,3.0389526e+32,0.000000
7,-5,36,3.0366413e+32,0.000000
10,-7,8,3.015172e+32,0.000000
5,5,33,3.0150234e+32,0.000000
6,0,-7,3.007508e+32,0.000000
6,0,7,3.007508e+32,0.000000
6,4,18,2.9970601e+32,0.000000
8,-8,54,2.9702699e+32,0.000000
3,3,41,2.9521125e+32,0.000000
4,-4,-11,2.9038351e+32,0.000000
9,-9,31,2.8721025e+32,0.000000
9,-7,27,2.8670084e+32,0.000000
5,4,31,2.8613923e+32,0.000000
6,-3,10,2.8430162e+32,0.000000
6,-2,17,2.8398744e+32,0.000000
4,1,-1,2.8324818e+32,0.000000
5,0,-10,2.8049531e+32,0.000000
5,0,10,2.8049531e+32,0.000000
9,-8,25,2.802658e+32,0.000000
8,-7,44,2.7869807e+32,0.000000
4,0,-22,2.7819196e+32,0.000000
4,0,22,2.7819196e+32,0.000000
3,-1,-27,2.7797466e+32,0.000000
10,-9,18,2.7777204e+32,0.000000
8,-7,2,2.7570406e+32,0.000000
5,-1,20,2.7504915e+32,0.000000
2,0,-34,2.712002e+32,0.000000
2,0,34,2.712002e+32,0.000000
10,-10,10,2.6935185e+32,0.000000
2,1,-23,2.6910237e+32,0.000000
4,-3,-8,2.6674695e+32,0.000000
7,-6,53,2.6286491e+32,0.000000
3,2,36,2.6044192e+32,0.000000
6,3,0,2.5861042e+32,0.000000
4,-1,-18,2.5504244e+32,0.000000
7,3,-1,2.5434071e+32,0.000000
6,-4,31,2.5370336e+32,0.000000
8,-8,55,2.5264904e+32,0.000000
8,-6,36,2.5211209e+32,0.000000
5,1,-10,2.5049653e+32,0.000000
3,-3,-20,2.4934809e+32,0.000000
5,-3,35,2.4763148e+32,0.000000
9,-6,14,2.4711186e+32,0.000000
6,6,-3,2.4543335e+32,0.000000
9,-9,32,2.4537141e+32,0.000000
6,-2,18,2.4476593e+32,0.000000
5,2,22,2.4464555e+32,0.000000
8,-5,18,2.4257269e+32,0.000000
9,-7,28,2.4122154e+32,0.000000
5,5,34,2.3991085e+32,0.000000
5,1,-9,2.3913628e+32,0.000000
2,-1,-30,2.3803396e+32,0.000000
8,-7,45,2.375857e+32,0.000000
3,1,26,2.3698692e+32,0.000000
2,1,31,2.3461553e+32,0.000000
7,-6,-2,2.3264926e+32,0.000000
6,3,9,2.3094437e+32,0.000000
10,-9,10,2.3085911e+32,0.000000
10,-8,19,2.3003889e+32,0.000000
6,1,2,2.2960633e+32,0.000000
4,4,40,2.2855688e+32,0.000000
5,1,-11,2.2750085e+32,0.000000
3,-2,47,2.273534e+32,0.000000
3,0,-30,2.2654803e+32,0.000000
3,0,30,2.2654803e+32,0.000000
4,3,36,2.2568724e+32,0.000000
9,-8,26,2.2533639e+32,0.000000
6,6,-4,2.2512188e+32,0.000000
8,-8,0,2.235411e+32,0.000000
7,-3,11,2.2289421e+32,0.000000
3,-1,29,2.2173515e+32,0.000000
6,0,-8,2.2163535e+32,0.000000
6,0,8,2.2163535e+32,0.000000
7,-7,-5,2.2019456e+32,0.000000
3,2,-10,2.1995258e+32,0.000000
4,-3,54,2.1840678e+32,0.000000
9,-5,7,2.1769078e+32,0.000000
10,-7,12,2.172111e+32,0.000000
5,4,32,2.1641428e+32,0.000000
5,1,-8,2.1458869e+32,0.000000
9,-9,33,2.1099806e+32,0.000000
9,-9,5,2.0825407e+32,0.000000
5,1,21,2.0698967e+32,0.000000
10,-10,22,2.064671e+32,0.000000
7,-6,54,2.0466963e+32,0.000000
10,-6,8,2.0461877e+32,0.000000
5,3,-3,2.0422569e+32,0.000000
4,0,-23,2.0386424e+32,0.000000
4,0,23,2.0386424e+32,0.000000
9,-7,29,2.0359133e+32,0.000000
7,-5,37,2.0343193e+32,0.000000
6,5,8,2.0209872e+32,0.000000
8,-7,46,2.0159365e+32,0.000000
4,1,-17,2.0096237e+32,0.000000
6,-2,19,2.0084674e+32,0.000000
6,4,19,1.9990458e+32,0.000000
4,2,29,1.9968453e+32,0.000000
7,-4,18,1.9938011e+32,0.000000
7,-2,2,1.9821194e+32,0.000000
6,5,9,1.9728609e+32,0.000000
3,3,42,1.9690716e+32,0.000000
5,-2,27,1.9610224e+32,0.000000
6,-5,-4,1.9547413e+32,0.000000
6,5,7,1.9522466e+32,0.000000
4,2,-13,1.9510319e+32,0.000000
2,2,41,1.9374024e+32,0.000000
5,5,35,1.8976542e+32,0.000000
8,-6,37,1.8830501e+32,0.000000
7,3,2,1.8673488e+32,0.000000
5,1,-12,1.862705e+32,0.000000
6,5,10,1.8563887e+32,0.000000
6,6,0,1.8475796e+32,0.000000
9,-8,27,1.8418453e+32,0.000000
8,-5,19,1.8391523e+32,0.000000
4,-2,27,1.826526e+32,0.000000
2,2,-15,1.8225952e+32,0.000000
9,-9,34,1.821473e+32,0.000000
6,0,-4,1.809828e+32,0.000000
6,0,4,1.809828e+32,0.000000
3,3,-10,1.7970535e+32,0.000000
10,-9,19,1.7445243e+32,0.000000
6,5,6,1.7419096e+32,0.000000
4,-2,-9,1.7212189e+32,0.000000
9,-7,30,1.7193143e+32,0.000000
6,5,11,1.7148345e+32,0.000000
7,3,0,1.705947e+32,0.000000
8,-7,47,1.7027132e+32,0.000000
6,6,-1,1.7018387e+32,0.000000
4,-3,-9,1.6861053e+32,0.000000
3,-1,32,1.6671506e+32,0.000000
10,-8,7,1.6591725e+32,0.000000
9,-6,15,1.6481905e+32,0.000000
5,-3,-3,1.6475794e+32,0.000000
6,6,-2,1.6381111e+32,0.000000
4,4,41,1.6374199e+32,0.000000
3,-1,33,1.6356192e+32,0.000000
5,-3,36,1.6345472e+32,0.000000
5,4,33,1.6296561e+32,0.000000
3,2,37,1.6296508e+32,0.000000
6,6,3,1.6250236e+32,0.000000
3,1,-24,1.6114042e+32,0.000000
5,2,23,1.6096427e+32,0.000000
3,-2,-15,1.6011806e+32,0.000000
10,-8,20,1.59968e+32,0.000000
7,-6,55,1.5909959e+32,0.000000
5,-3,-5,1.5866204e+32,0.000000
6,-2,20,1.5813586e+32,0.000000
2,0,-35,1.5773697e+32,0.000000
2,0,35,1.5773697e+32,0.000000
6,5,12,1.5773275e+32,0.000000
9,-9,35,1.5761521e+32,0.000000
6,5,2,1.5607641e+32,0.000000
4,3,37,1.5462019e+32,0.000000
5,-1,21,1.5447903e+32,0.000000
3,-1,31,1.5404017e+32,0.000000
6,6,2,1.5365441e+32,0.000000
7,-3,12,1.5361094e+32,0.000000
9,-8,28,1.5269538e+32,0.000000
8,-4,5,1.5229114e+32,0.000000
6,-3,11,1.5221735e+32,0.000000
8,8,35,1.5215459e+32,0.000000
9,-6,5,1.5198791e+32,0.000000
4,-1,-19,1.5120748e+32,0.000000
6,0,-9,1.507848e+32,0.000000
6,0,9,1.507848e+32,0.000000
8,-7,1,1.5041714e+32,0.000000
4,1,22,1.5029334e+32,0.000000
6,-3,-1,1.495438e+32,0.000000
5,5,36,1.492825e+32,0.000000
3,-1,-28,1.4918756e+32,0.000000
9,-8,5,1.4905527e+32,0.000000
3,-1,34,1.4715408e+32,0.000000
6,6,4,1.4681745e+32,0.000000
6,5,13,1.4590001e+32,0.000000
7,-3,0,1.458821e+32,0.000000
6,6,1,1.4575862e+32,0.000000
9,-7,31,1.4497622e+32,0.000000
4,0,-24,1.4479694e+32,0.000000
4,0,24,1.4479694e+32,0.000000
6,5,5,1.4454186e+32,0.000000
3,-1,30,1.4395591e+32,0.000000
2,1,-24,1.4387174e+32,0.000000
8,-7,48,1.4317396e+32,0.000000
4,-3,55,1.4263466e+32,0.000000
5,1,-13,1.4188448e+32,0.000000
3,0,-31,1.405511e+32,0.000000
3,0,31,1.405511e+32,0.000000
10,-10,23,1.4023591e+32,0.000000
8,-6,38,1.400671e+32,0.000000
4,-1,24,1.3915268e+32,0.000000
8,-5,20,1.3882919e+32,0.000000
4,-4,-12,1.3875215e+32,0.000000
10,-10,9,1.3815162e+32,0.000000
3,-2,48,1.3689078e+32,0.000000
9,-9,36,1.3665749e+32,0.000000
6,5,14,1.3641544e+32,0.000000
7,-2,4,1.3613449e+32,0.000000
7,-5,38,1.3605302e+32,0.000000
6,0,-3,1.3543425e+32,0.000000
6,0,3,1.3543425e+32,0.000000
2,-2,-24,1.3473603e+32,0.000000
8,-5,2,1.3419739e+32,0.000000
6,5,3,1.3384545e+32,0.000000
6,3,10,1.3329338e+32,0.000000
3,3,43,1.3132347e+32,0.000000
2,-1,-31,1.3097097e+32,0.000000
6,4,20,1.3080808e+32,0.000000
3,-3,-21,1.2980186e+32,0.000000
6,2,11,1.2924148e+32,0.000000
5,-1,-2,1.2923482e+32,0.000000
6,5,15,1.2900566e+32,0.000000
7,5,-2,1.2850133e+32,0.000000
9,-8,29,1.2810254e+32,0.000000
6,5,1,1.2640004e+32,0.000000
6,5,-1,1.2606515e+32,0.000000
5,3,17,1.2530329e+32,0.000000
6,5,4,1.2442646e+32,0.000000
6,6,5,1.2431061e+32,0.000000
3,-1,35,1.2409097e+32,0.000000
8,-8,-1,1.2329277e+32,0.000000
6,5,16,1.2304001e+32,0.000000
6,-4,32,1.2280148e+32,0.000000
5,4,34,1.2222904e+32,0.000000
9,-5,5,1.2216065e+32,0.000000
9,-7,32,1.2186692e+32,0.000000
7,-4,19,1.2091644e+32,0.000000
5,0,-11,1.2067182e+32,0.000000
5,0,11,1.2067182e+32,0.000000
5,-2,28,1.2045753e+32,0.000000
6,-2,21,1.2025607e+32,0.000000
2,2,42,1.2000878e+32,0.000000
8,-7,49,1.1986789e+32,0.000000
4,1,-18,1.1949269e+32,0.000000
9,-9,37,1.1878745e+32,0.000000
6,5,17,1.1780061e+32,0.000000
10,-7,13,1.1725027e+32,0.000000
4,4,42,1.1720525e+32,0.000000
2,1,32,1.1698167e+32,0.000000
5,5,37,1.1684997e+32,0.000000
4,2,30,1.1666484e+32,0.000000
5,1,22,1.1525325e+32,0.000000
9,-6,16,1.1481358e+32,0.000000
10,-8,21,1.1472855e+32,0.000000
2,-1,38,1.1453422e+32,0.000000
6,1,7,1.1444401e+32,0.000000
6,5,18,1.1266021e+32,0.000000
10,-9,20,1.1255032e+32,0.000000
6,6,10,1.1247682e+32,0.000000
7,-6,-3,1.1174385e+32,0.000000
6,1,8,1.1113199e+32,0.000000
6,6,9,1.1106772e+32,0.000000
6,6,11,1.1094719e+32,0.000000
6,6,6,1.1030709e+32,0.000000
4,-2,-3,1.0986716e+32,0.000000
7,5,1,1.0931384e+32,0.000000
9,-8,30,1.0853974e+32,0.000000
6,6,8,1.0809689e+32,0.000000
5,3,21,1.0782967e+32,0.000000
5,-3,37,1.0730284e+32,0.000000
6,5,19,1.071735e+32,0.000000
6,6,7,1.0637641e+32,0.000000
6,6,12,1.0619235e+32,0.000000
4,3,38,1.0585758e+32,0.000000
4,-2,28,1.058188e+32,0.000000
6,1,6,1.0502742e+32,0.000000
5,3,22,1.0496036e+32,0.000000
8,-4,4,1.048024e+32,0.000000
5,2,24,1.0478338e+32,0.000000
8,-5,21,1.0394339e+32,0.000000
8,-6,39,1.0380357e+32,0.000000
9,-9,38,1.036436e+32,0.000000
7,-3,13,1.03188e+32,0.000000
4,-3,-10,1.0311046e+32,0.000000
5,3,-5,1.0277465e+32,0.000000
5,1,-14,1.0255358e+32,0.000000
9,-7,33,1.0200493e+32,0.000000
3,2,38,1.0192164e+32,0.000000
6,5,20,1.0109999e+32,0.000000
5,3,20,1.0056609e+32,0.000000
4,0,-25,1.0036974e+32,0.000000
4,0,25,1.0036974e+32,0.000000
3,2,-11,1.0001311e+32,0.000000
8,-7,50,9.9936161e+31,0.000000
3,-1,36,9.9739108e+31,0.000000
6,1,9,9.9308345e+31,0.000000
4,-1,-1,9.9049053e+31,0.000000
10,-10,24,9.889144e+31,0.000000
6,6,13,9.8721675e+31,0.000000
6,0,-10,9.6823269e+31,0.000000
6,0,10,9.6823269e+31,0.000000
9,-9,4,9.5931102e+31,0.000000
7,5,2,9.5316472e+31,0.000000
5,3,23,9.4742608e+31,0.000000
6,5,21,9.4382198e+31,0.000000
9,-8,31,9.2741346e+31,0.000000
10,-6,7,9.248641e+31,0.000000
4,2,-14,9.2333353e+31,0.000000
2,0,-36,9.1735512e+31,0.000000
2,0,36,9.1735512e+31,0.000000
5,4,35,9.1342819e+31,0.000000
5,5,38,9.1039261e+31,0.000000
9,-9,39,9.0913129e+31,0.000000
7,-5,39,9.0881419e+31,0.000000
10,-8,6,9.0754964e+31,0.000000
9,-7,2,8.9588492e+31,0.000000
6,6,14,8.9524813e+31,0.000000
4,-1,-20,8.9088067e+31,0.000000
6,-2,22,8.8805351e+31,0.000000
3,3,44,8.7558887e+31,0.000000
3,0,-32,8.7157806e+31,0.000000
3,0,32,8.7157806e+31,0.000000
6,5,22,8.7101007e+31,0.000000
7,5,5,8.66194e+31,0.000000
6,-3,12,8.6472554e+31,0.000000
6,5,-3,8.5790035e+31,0.000000
6,-3,0,8.565607e+31,0.000000
3,1,-25,8.5463872e+31,0.000000
5,-1,22,8.5395027e+31,0.000000
5,3,19,8.5222641e+31,0.000000
9,-7,34,8.4951371e+31,0.000000
7,3,3,8.4766367e+31,0.000000
9,9,45,8.4607635e+31,0.000000
10,-8,22,8.4570667e+31,0.000000
4,-2,-10,8.4207145e+31,0.000000
7,5,6,8.4195348e+31,0.000000
6,4,21,8.4047771e+31,0.000000
4,4,43,8.3833469e+31,0.000000
6,1,10,8.3247566e+31,0.000000
7,5,4,8.3093634e+31,0.000000
9,-6,17,8.2985849e+31,0.000000
8,-7,51,8.2983558e+31,0.000000
8,-5,1,8.2971769e+31,0.000000
3,-2,49,8.2350548e+31,0.000000
5,-1,-7,8.2021518e+31,0.000000
7,5,3,8.1392896e+31,0.000000
6,1,5,8.1351892e+31,0.000000
8,-4,6,8.0776287e+31,0.000000
5,3,24,8.0750778e+31,0.000000
7,5,-1,8.0433025e+31,0.000000
9,-9,40,8.029549e+31,0.000000
3,-1,-29,8.0121798e+31,0.000000
6,3,-2,7.9911658e+31,0.000000
9,-8,32,7.9836497e+31,0.000000
6,6,15,7.9740504e+31,0.000000
3,1,27,7.952099e+31,0.000000
6,5,23,7.9424898e+31,0.000000
5,3,18,7.7660928e+31,0.000000
3,-1,37,7.7304635e+31,0.000000
2,1,-25,7.7090206e+31,0.000000
8,-5,22,7.6965969e+31,0.000000
7,5,7,7.6905357e+31,0.000000
8,-6,40,7.6678858e+31,0.000000
7,5,-3,7.5920676e+31,0.000000
10,-9,21,7.5182119e+31,0.000000
3,3,-11,7.4898412e+31,0.000000
2,2,43,7.4377151e+31,0.000000
2,2,-16,7.3538489e+31,0.000000
5,-2,29,7.3377424e+31,0.000000
7,-3,-1,7.333258e+31,0.000000
6,3,11,7.2666753e+31,0.000000
4,3,39,7.2429487e+31,0.000000
2,-1,-32,7.2242507e+31,0.000000
10,-10,25,7.2164507e+31,0.000000
6,5,24,7.1563698e+31,0.000000
9,-9,41,7.1491546e+31,0.000000
10,-9,9,7.1486469e+31,0.000000
5,1,-15,7.1226692e+31,0.000000
7,5,0,7.1134137e+31,0.000000
6,5,0,7.105364e+31,0.000000
5,5,39,7.0635244e+31,0.000000
7,-4,20,7.060701e+31,0.000000
4,1,-19,7.0506749e+31,0.000000
6,6,16,7.0379534e+31,0.000000
9,-7,35,7.0361792e+31,0.000000
5,-3,38,7.0097669e+31,0.000000
3,-2,-16,6.9481889e+31,0.000000
9,-8,33,6.9209042e+31,0.000000
8,-7,52,6.864093e+31,0.000000
7,5,8,6.8302165e+31,0.000000
10,-7,14,6.8274287e+31,0.000000
4,0,-26,6.825139e+31,0.000000
4,0,26,6.825139e+31,0.000000
3,-3,-22,6.8073379e+31,0.000000
5,4,36,6.8037704e+31,0.000000
4,2,31,6.7704465e+31,0.000000
7,-1,1,6.7702793e+31,0.000000
5,2,25,6.7543053e+31,0.000000
7,-3,14,6.7299479e+31,0.000000
4,-4,-13,6.6441225e+31,0.000000
6,1,11,6.6264159e+31,0.000000
5,3,25,6.5844783e+31,0.000000
9,-9,42,6.4206823e+31,0.000000
6,-2,23,6.3965979e+31,0.000000
10,-8,23,6.386575e+31,0.000000
6,5,25,6.373217e+31,0.000000
3,2,39,6.3695678e+31,0.000000
5,1,23,6.3215104e+31,0.000000
4,1,23,6.2934009e+31,0.000000
7,3,8,6.2499355e+31,0.000000
6,6,17,6.2156124e+31,0.000000
4,-3,-11,6.1904211e+31,0.000000
9,-6,18,6.1853912e+31,0.000000
6,5,-2,6.1613403e+31,0.000000
7,3,7,6.1065584e+31,0.000000
6,1,3,6.0987723e+31,0.000000
4,-2,29,6.0902259e+31,0.000000
7,5,9,6.0853445e+31,0.000000
7,-5,40,6.0662299e+31,0.000000
9,-8,34,6.0405207e+31,0.000000
5,-1,-10,6.0403919e+31,0.000000
8,-6,-3,6.0089459e+31,0.000000
4,4,44,5.9928076e+31,0.000000
10,-10,8,5.9388121e+31,0.000000
6,0,-11,5.9356557e+31,0.000000
6,0,11,5.9356557e+31,0.000000
5,-4,-4,5.886517e+31,0.000000
7,3,9,5.8696917e+31,0.000000
3,3,45,5.8350815e+31,0.000000
3,-1,38,5.8242577e+31,0.000000
9,-9,43,5.816062e+31,0.000000
9,-5,8,5.8150407e+31,0.000000
9,-7,36,5.7946591e+31,0.000000
5,-1,-11,5.7646566e+31,0.000000
2,1,33,5.7206093e+31,0.000000
6,-4,33,5.710857e+31,0.000000
6,2,12,5.6593248e+31,0.000000
4,-1,25,5.6591991e+31,0.000000
8,-6,-2,5.6570881e+31,0.000000
8,-7,53,5.6567874e+31,0.000000
8,-6,41,5.6480915e+31,0.000000
8,-5,23,5.6236454e+31,0.000000
6,5,26,5.6124935e+31,0.000000
6,6,18,5.5435759e+31,0.000000
7,5,10,5.5359863e+31,0.000000
6,-3,13,5.5340093e+31,0.000000
7,3,6,5.4926463e+31,0.000000
5,5,40,5.4593815e+31,0.000000
10,-10,26,5.4185453e+31,0.000000
3,0,-33,5.4030397e+31,0.000000
3,0,33,5.4030397e+31,0.000000
2,0,-37,5.3341812e+31,0.000000
2,0,37,5.3341812e+31,0.000000
7,-2,5,5.3303499e+31,0.000000
5,-1,-9,5.3261183e+31,0.000000
9,-9,44,5.309581e+31,0.000000
9,-8,35,5.3075573e+31,0.000000
6,4,22,5.3059922e+31,0.000000
4,-1,-21,5.2212273e+31,0.000000
7,-1,3,5.2177319e+31,0.000000
10,-9,22,5.2068205e+31,0.000000
10,-7,7,5.1972336e+31,0.000000
6,1,4,5.1938412e+31,0.000000
5,3,26,5.184903e+31,0.000000
7,5,11,5.1512459e+31,0.000000
8,-3,4,5.1381273e+31,0.000000
7,3,4,5.1250632e+31,0.000000
7,3,10,5.1048899e+31,0.000000
9,-9,3,5.075588e+31,0.000000
5,2,-4,5.0751324e+31,0.000000
5,4,37,5.0523637e+31,0.000000
6,1,12,5.0492615e+31,0.000000
6,6,19,5.0271879e+31,0.000000
8,-7,0,5.0208143e+31,0.000000
3,-2,50,4.9637436e+31,0.000000
4,3,40,4.9530801e+31,0.000000
5,2,-5,4.9413067e+31,0.000000
10,-8,24,4.9260562e+31,0.000000
7,-4,-1,4.9186396e+31,0.000000
5,0,-12,4.9012855e+31,0.000000
5,0,12,4.9012855e+31,0.000000
6,5,27,4.8901837e+31,0.000000
9,-9,45,4.8786542e+31,0.000000
5,-1,-12,4.8750594e+31,0.000000
7,5,12,4.8567004e+31,0.000000
7,3,5,4.8291007e+31,0.000000
5,1,-16,4.7933064e+31,0.000000
8,-4,3,4.7846429e+31,0.000000
10,-8,5,4.774596e+31,0.000000
9,-7,37,4.7448954e+31,0.000000
9,-6,19,4.726946e+31,0.000000
9,-8,36,4.6940464e+31,0.000000
2,-2,-25,4.6531379e+31,0.000000
6,6,20,4.6491004e+31,0.000000
5,-1,23,4.6465171e+31,0.000000
8,-7,54,4.6454484e+31,0.000000
5,-3,-6,4.6306278e+31,0.000000
2,2,44,4.6122127e+31,0.000000
7,5,13,4.5804766e+31,0.000000
4,0,-27,4.5706997e+31,0.000000
4,0,27,4.5706997e+31,0.000000
5,-3,39,4.558938e+31,0.000000
3,2,-12,4.5449287e+31,0.000000
3,1,-26,4.5346531e+31,0.000000
8,-8,-2,4.5295385e+31,0.000000
6,-2,24,4.5104889e+31,0.000000
9,-9,46,4.5042745e+31,0.000000
4,4,-6,4.471498e+31,0.000000
5,-2,30,4.4335362e+31,0.000000
10,-6,9,4.3952965e+31,0.000000
7,-1,2,4.3823862e+31,0.000000
6,6,21,4.3790325e+31,0.000000
4,2,-15,4.3699745e+31,0.000000
6,2,16,4.3673137e+31,0.000000
9,-5,4,4.3528508e+31,0.000000
5,2,26,4.3139272e+31,0.000000
5,-1,-8,4.3113236e+31,0.000000
3,-1,-30,4.304668e+31,0.000000
3,-1,39,4.2892261e+31,0.000000
4,4,45,4.2815815e+31,0.000000
7,5,14,4.2749759e+31,0.000000
7,-3,15,4.2467373e+31,0.000000
6,5,28,4.2181757e+31,0.000000
5,5,41,4.2048562e+31,0.000000
6,2,17,4.1985153e+31,0.000000
6,2,15,4.1828231e+31,0.000000
6,6,22,4.1823808e+31,0.000000
9,-8,37,4.1770301e+31,0.000000
9,-9,47,4.1711359e+31,0.000000
6,-3,14,4.1695592e+31,0.000000
10,-7,15,4.1662622e+31,0.000000
10,-10,27,4.159027e+31,0.000000
7,3,11,4.1514227e+31,0.000000
8,-6,42,4.1500862e+31,0.000000
2,1,-26,4.1407754e+31,0.000000
4,1,-20,4.1316141e+31,0.000000
4,-2,-11,4.1069671e+31,0.000000
8,-5,24,4.0478414e+31,0.000000
7,-5,41,4.0478316e+31,0.000000
6,6,23,4.0265375e+31,0.000000
2,-1,-33,3.9940914e+31,0.000000
3,2,40,3.9763827e+31,0.000000
5,3,27,3.9697694e+31,0.000000
7,-4,21,3.9540136e+31,0.000000
7,5,15,3.9208738e+31,0.000000
4,2,32,3.9007249e+31,0.000000
3,3,46,3.8858239e+31,0.000000
6,6,24,3.8847023e+31,0.000000
10,-8,25,3.8699975e+31,0.000000
9,-9,48,3.8674832e+31,0.000000
9,-7,38,3.8634036e+31,0.000000
6,3,12,3.8504155e+31,0.000000
9,-7,1,3.8362993e+31,0.000000
8,-7,55,3.802185e+31,0.000000
5,-1,-13,3.7954809e+31,0.000000
9,-8,4,3.7931635e+31,0.000000
6,2,14,3.7627402e+31,0.000000
6,2,18,3.7588714e+31,0.000000
5,4,38,3.7417182e+31,0.000000
6,6,25,3.7375305e+31,0.000000
9,-8,38,3.7374758e+31,0.000000
10,-9,23,3.7293736e+31,0.000000
6,2,13,3.7197167e+31,0.000000
10,-9,8,3.7074883e+31,0.000000
6,1,13,3.7040183e+31,0.000000
9,-6,20,3.6837862e+31,0.000000
4,-3,-12,3.6749226e+31,0.000000
6,-3,15,3.6161087e+31,0.000000
6,5,29,3.6042517e+31,0.000000
3,-3,-23,3.5953361e+31,0.000000
9,-9,49,3.5847636e+31,0.000000
2,-1,39,3.5833583e+31,0.000000
6,6,26,3.5731886e+31,0.000000
7,1,3,3.5548042e+31,0.000000
7,5,16,3.5214117e+31,0.000000
6,0,-12,3.4945102e+31,0.000000
6,0,12,3.4945102e+31,0.000000
4,-2,30,3.482339e+31,0.000000
5,2,-6,3.4184461e+31,0.000000
5,1,24,3.4141344e+31,0.000000
6,6,27,3.3864118e+31,0.000000
4,3,41,3.3854594e+31,0.000000
6,-3,16,3.3733424e+31,0.000000
9,-8,39,3.3596595e+31,0.000000
3,0,-34,3.3485629e+31,0.000000
3,0,34,3.3485629e+31,0.000000
9,-6,4,3.3356926e+31,0.000000
7,1,1,3.3329135e+31,0.000000
8,-4,7,3.330767e+31,0.000000
7,4,5,3.3204382e+31,0.000000
9,-9,50,3.3171598e+31,0.000000
6,4,23,3.292284e+31,0.000000
3,3,-12,3.2832745e+31,0.000000
7,4,4,3.2596945e+31,0.000000
10,-10,28,3.2449396e+31,0.000000
5,5,42,3.2283746e+31,0.000000
6,-3,17,3.1941565e+31,0.000000
4,-4,-14,3.1920663e+31,0.000000
7,3,12,3.1814872e+31,0.000000
6,2,19,3.1779454e+31,0.000000
6,6,28,3.1770668e+31,0.000000
5,1,-17,3.1439776e+31,0.000000
7,1,4,3.1372497e+31,0.000000
9,-7,39,3.1284667e+31,0.000000
6,-2,25,3.1230721e+31,0.000000
2,0,-38,3.1011529e+31,0.000000
2,0,38,3.1011529e+31,0.000000
3,-1,40,3.0994801e+31,0.000000
7,5,17,3.0933499e+31,0.000000
7,-1,4,3.0932003e+31,0.000000
10,-8,26,3.0894424e+31,0.000000
7,4,6,3.0855238e+31,0.000000
9,-9,51,3.0610721e+31,0.000000
4,4,46,3.0576689e+31,0.000000
6,5,30,3.0524714e+31,0.000000
4,-1,-22,3.0465023e+31,0.000000
8,-6,43,3.0429891e+31,0.000000
9,-8,40,3.0307622e+31,0.000000
4,0,-28,3.0235606e+31,0.000000
4,0,28,3.0235606e+31,0.000000
3,-2,51,3.0125848e+31,0.000000
6,-3,18,2.9762178e+31,0.000000
5,3,28,2.9702883e+31,0.000000
8,8,32,2.9686556e+31,0.000000
2,2,-17,2.9612487e+31,0.000000
5,-3,40,2.9526485e+31,0.000000
6,6,29,2.9485907e+31,0.000000
3,-2,-17,2.9305855e+31,0.000000
9,-6,21,2.9128662e+31,0.000000
8,-5,25,2.8665729e+31,0.000000
2,2,45,2.8621574e+31,0.000000
9,-9,52,2.8146034e+31,0.000000
4,-1,26,2.7959728e+31,0.000000
5,-1,-14,2.7852255e+31,0.000000
7,4,7,2.7678155e+31,0.000000
5,4,39,2.7642259e+31,0.000000
10,-9,24,2.7508137e+31,0.000000
9,-8,41,2.7405418e+31,0.000000
5,2,27,2.7313485e+31,0.000000
2,1,34,2.7269585e+31,0.000000
6,6,30,2.706545e+31,0.000000
7,-5,42,2.7011676e+31,0.000000
6,-3,19,2.6955732e+31,0.000000
7,5,18,2.6585138e+31,0.000000
5,-2,31,2.657084e+31,0.000000
10,-7,16,2.6518872e+31,0.000000
6,1,14,2.6266127e+31,0.000000
7,4,3,2.5884004e+31,0.000000
3,3,47,2.5852459e+31,0.000000
7,-3,16,2.5833651e+31,0.000000
9,-9,53,2.5770857e+31,0.000000
6,2,20,2.5664433e+31,0.000000
10,-10,29,2.56476e+31,0.000000
6,5,31,2.563768e+31,0.000000
6,-4,34,2.535754e+31,0.000000
4,1,24,2.5217039e+31,0.000000
9,-7,40,2.520044e+31,0.000000
7,-2,6,2.5128765e+31,0.000000
10,-8,27,2.5016735e+31,0.000000
5,-1,24,2.4877908e+31,0.000000
10,-6,6,2.4841959e+31,0.000000
9,-8,42,2.4810154e+31,0.000000
3,2,41,2.4788217e+31,0.000000
5,5,43,2.4716114e+31,0.000000
7,-6,-4,2.470365e+31,0.000000
9,-5,9,2.4656862e+31,0.000000
6,6,31,2.4606855e+31,0.000000
5,5,-5,2.4589725e+31,0.000000
7,4,0,2.4502812e+31,0.000000
7,4,8,2.4418745e+31,0.000000
3,1,28,2.4363399e+31,0.000000
3,1,-27,2.4073244e+31,0.000000
4,1,-21,2.4063545e+31,0.000000
6,-3,20,2.365822e+31,0.000000
9,-9,54,2.3486681e+31,0.000000
6,2,-4,2.3412387e+31,0.000000
9,-6,22,2.3262514e+31,0.000000
3,-1,-31,2.3128681e+31,0.000000
4,3,42,2.3128307e+31,0.000000
7,3,13,2.3108207e+31,0.000000
9,8,35,2.2845817e+31,0.000000
9,-8,43,2.2461343e+31,0.000000
7,5,19,2.2377091e+31,0.000000
2,1,-27,2.2299209e+31,0.000000
4,2,33,2.2293136e+31,0.000000
8,-6,44,2.227322e+31,0.000000
2,-1,-34,2.2130027e+31,0.000000
6,6,32,2.2081796e+31,0.000000
3,-1,41,2.2034947e+31,0.000000
10,10,40,2.1995412e+31,0.000000
4,4,47,2.1827126e+31,0.000000
5,3,29,2.1803118e+31,0.000000
6,3,13,2.1704117e+31,0.000000
4,-3,-13,2.1654674e+31,0.000000
5,2,-7,2.1389607e+31,0.000000
7,-4,-2,2.1387339e+31,0.000000
6,5,32,2.1366242e+31,0.000000
9,-9,55,2.1299792e+31,0.000000
6,-2,26,2.1287571e+31,0.000000
7,-4,22,2.1233248e+31,0.000000
7,4,9,2.1206414e+31,0.000000
8,-3,5,2.1108836e+31,0.000000
10,-9,25,2.0802746e+31,0.000000
3,0,-35,2.0747471e+31,0.000000
3,0,35,2.0747471e+31,0.000000
4,2,-16,2.0621438e+31,0.000000
3,2,-13,2.0538572e+31,0.000000
10,-8,28,2.0522618e+31,0.000000
10,-10,30,2.0519201e+31,0.000000
7,-5,-4,2.0492203e+31,0.000000
9,-9,2,2.048598e+31,0.000000
5,4,40,2.0375948e+31,0.000000
5,0,-13,2.0330653e+31,0.000000
5,0,13,2.0330653e+31,0.000000
9,-8,44,2.0314547e+31,0.000000
9,-7,0,2.0259224e+31,0.000000
10,-10,7,2.0199685e+31,0.000000
9,-7,41,2.0198143e+31,0.000000
5,1,-18,2.0187241e+31,0.000000
6,-3,21,2.0138252e+31,0.000000
5,-2,-5,2.0086051e+31,0.000000
6,4,24,2.0078362e+31,0.000000
6,2,21,1.9972226e+31,0.000000
4,-2,-12,1.9959744e+31,0.000000
8,-5,26,1.995279e+31,0.000000
4,-1,27,1.9849518e+31,0.000000
9,-6,3,1.9841213e+31,0.000000
6,0,-13,1.9810633e+31,0.000000
6,0,13,1.9810633e+31,0.000000
4,0,-29,1.9802879e+31,0.000000
4,0,29,1.9802879e+31,0.000000
4,-2,31,1.9779147e+31,0.000000
6,6,33,1.9762336e+31,0.000000
7,1,5,1.9600546e+31,0.000000
5,-1,-15,1.9554421e+31,0.000000
3,-3,-24,1.9117208e+31,0.000000
8,-8,-3,1.9075593e+31,0.000000
5,-3,41,1.9045577e+31,0.000000
5,-2,-6,1.9043346e+31,0.000000
5,5,44,1.8872718e+31,0.000000
4,3,-5,1.8805773e+31,0.000000
9,-6,23,1.8685551e+31,0.000000
3,-2,52,1.85527e+31,0.000000
7,5,20,1.8473025e+31,0.000000
8,-4,2,1.8408258e+31,0.000000
9,-8,45,1.8338179e+31,0.000000
5,1,25,1.813996e+31,0.000000
4,-1,28,1.8112183e+31,0.000000
6,1,15,1.8060762e+31,0.000000
7,4,10,1.8042194e+31,0.000000
7,-5,43,1.8032368e+31,0.000000
2,0,-39,1.8028696e+31,0.000000
2,0,39,1.8028696e+31,0.000000
2,2,46,1.7780767e+31,0.000000
5,3,-6,1.7718095e+31,0.000000
4,-1,-23,1.7710047e+31,0.000000
6,5,33,1.7678495e+31,0.000000
10,-7,17,1.7585403e+31,0.000000
10,-9,7,1.7538783e+31,0.000000
4,-1,29,1.7433612e+31,0.000000
6,6,34,1.7294992e+31,0.000000
3,3,48,1.7179137e+31,0.000000
5,2,28,1.7148905e+31,0.000000
10,-8,29,1.7042364e+31,0.000000
8,-4,8,1.6946083e+31,0.000000
10,-8,4,1.6909803e+31,0.000000
6,1,0,1.681661e+31,0.000000
6,-3,22,1.6663904e+31,0.000000
10,-10,31,1.6637915e+31,0.000000
9,-8,46,1.6510531e+31,0.000000
8,-6,45,1.6279836e+31,0.000000
4,-1,30,1.6262481e+31,0.000000
2,-2,-26,1.6255643e+31,0.000000
9,-7,42,1.6112442e+31,0.000000
10,-9,26,1.6071374e+31,0.000000
6,3,18,1.6023212e+31,0.000000
7,3,14,1.5969419e+31,0.000000
5,-2,32,1.5792665e+31,0.000000
4,3,43,1.579211e+31,0.000000
5,3,30,1.5748189e+31,0.000000
6,3,19,1.5670246e+31,0.000000
6,3,17,1.5594427e+31,0.000000
4,4,48,1.5574858e+31,0.000000
3,-1,42,1.5438396e+31,0.000000
3,2,42,1.54245e+31,0.000000
4,-4,-15,1.5397203e+31,0.000000
7,-1,5,1.5341068e+31,0.000000
6,3,14,1.5165382e+31,0.000000
8,-5,0,1.5158316e+31,0.000000
6,0,-1,1.5106894e+31,0.000000
6,0,1,1.5106894e+31,0.000000
6,6,35,1.5097157e+31,0.000000
7,-3,17,1.5087199e+31,0.000000
6,2,22,1.5077822e+31,0.000000
9,-6,24,1.5041514e+31,0.000000
5,4,41,1.4990041e+31,0.000000
7,5,21,1.4979923e+31,0.000000
3,3,-13,1.496495e+31,0.000000
7,4,11,1.4962962e+31,0.000000
6,6,-5,1.4917858e+31,0.000000
9,-8,47,1.481714e+31,0.000000
5,-2,-7,1.4767265e+31,0.000000
6,3,20,1.462777e+31,0.000000
6,3,16,1.4603394e+31,0.000000
6,5,34,1.4526369e+31,0.000000
4,-1,31,1.4465062e+31,0.000000
5,5,45,1.4397229e+31,0.000000
7,4,2,1.4366099e+31,0.000000
10,-8,30,1.4315801e+31,0.000000
6,-2,27,1.4314588e+31,0.000000
4,1,-22,1.394111e+31,0.000000
6,3,15,1.386458e+31,0.000000
10,-10,32,1.3703151e+31,0.000000
4,3,-6,1.369185e+31,0.000000
8,-5,27,1.3638738e+31,0.000000
10,-6,10,1.3604116e+31,0.000000
6,-3,23,1.3441387e+31,0.000000
9,-5,3,1.3439322e+31,0.000000
5,-1,-16,1.3266702e+31,0.000000
4,4,-7,1.3264936e+31,0.000000
9,-8,48,1.3248562e+31,0.000000
9,-5,10,1.3238478e+31,0.000000
6,3,21,1.3112094e+31,0.000000
5,-1,25,1.3096047e+31,0.000000
6,6,36,1.3059229e+31,0.000000
7,-2,7,1.2878435e+31,0.000000
4,0,-30,1.2864602e+31,0.000000
4,0,30,1.2864602e+31,0.000000
3,0,-36,1.2850733e+31,0.000000
3,0,36,1.2850733e+31,0.000000
5,2,-8,1.2830675e+31,0.000000
9,-7,43,1.2796218e+31,0.000000
3,1,-28,1.278667e+31,0.000000
7,1,2,1.2759544e+31,0.000000
5,1,-19,1.2732671e+31,0.000000
4,-3,-14,1.2694457e+31,0.000000
10,-9,27,1.2654661e+31,0.000000
5,-3,-7,1.2652384e+31,0.000000
4,2,34,1.2623871e+31,0.000000
2,1,35,1.2561442e+31,0.000000
5,-2,-4,1.2490609e+31,0.000000
3,-1,-32,1.2422543e+31,0.000000
9,-8,3,1.233341e+31,0.000000
4,-1,32,1.2316478e+31,0.000000
2,-1,-35,1.2286526e+31,0.000000
7,4,1,1.2250846e+31,0.000000
5,-3,42,1.2234196e+31,0.000000
10,-8,31,1.2153858e+31,0.000000
10,-7,18,1.2113338e+31,0.000000
9,-6,25,1.2096746e+31,0.000000
6,1,16,1.2070489e+31,0.000000
7,4,12,1.2052496e+31,0.000000
7,-5,44,1.2046229e+31,0.000000
2,1,-28,1.2040967e+31,0.000000
6,4,25,1.2031776e+31,0.000000
3,-2,-18,1.196586e+31,0.000000
7,5,22,1.1950357e+31,0.000000
8,-6,46,1.1886135e+31,0.000000
6,5,35,1.1861086e+31,0.000000
2,2,-18,1.1849423e+31,0.000000
9,-8,49,1.1798569e+31,0.000000
3,-2,53,1.1719255e+31,0.000000
10,-10,33,1.1484338e+31,0.000000
10,9,45,1.1423383e+31,0.000000
3,3,49,1.1398832e+31,0.000000
6,3,22,1.1354498e+31,0.000000
6,6,37,1.12722e+31,0.000000
5,3,31,1.12194e+31,0.000000
4,-2,32,1.1154773e+31,0.000000
4,4,49,1.1108578e+31,0.000000
6,2,23,1.1099607e+31,0.000000
2,2,47,1.1065188e+31,0.000000
7,-4,23,1.1064796e+31,0.000000
5,4,42,1.1008397e+31,0.000000
5,5,46,1.0931681e+31,0.000000
7,2,3,1.0827573e+31,0.000000
6,0,-14,1.0820432e+31,0.000000
6,0,14,1.0820432e+31,0.000000
8,-7,-1,1.0794736e+31,0.000000
5,0,-14,1.0789985e+31,0.000000
5,0,14,1.0789985e+31,0.000000
4,3,44,1.0776452e+31,0.000000
7,4,-2,1.0733517e+31,0.000000
6,-4,35,1.0725294e+31,0.000000
5,2,29,1.0679e+31,0.000000
3,-1,43,1.0671331e+31,0.000000
6,-3,24,1.0597982e+31,0.000000
7,3,15,1.0524003e+31,0.000000
2,0,-40,1.0484612e+31,0.000000
2,0,40,1.0484612e+31,0.000000
9,-8,50,1.0462765e+31,0.000000
10,-8,32,1.041606e+31,0.000000
5,-2,-8,1.0310113e+31,0.000000
4,1,25,1.0274433e+31,0.000000
4,-1,-24,1.0263224e+31,0.000000
3,-3,-25,1.0230509e+31,0.000000
10,-9,28,1.0143445e+31,0.000000
9,-7,44,1.0120385e+31,0.000000
4,-1,33,1.0115355e+31,0.000000
7,1,6,1.0072245e+31,0.000000
8,-4,9,9.9797567e+30,0.000000
10,-10,34,9.797024e+30,0.000000
10,-7,6,9.7365541e+30,0.000000
9,-6,26,9.6946131e+30,0.000000
9,-6,2,9.6894529e+30,0.000000
4,2,-17,9.6771274e+30,0.000000
4,-2,-13,9.6589201e+30,0.000000
6,5,36,9.627605e+30,0.000000
7,4,-1,9.6192913e+30,0.000000
3,2,43,9.5765426e+30,0.000000
6,3,23,9.5482069e+30,0.000000
6,6,38,9.544635e+30,0.000000
6,-2,28,9.5129172e+30,0.000000
7,2,4,9.4930026e+30,0.000000
5,1,26,9.467134e+30,0.000000
7,4,13,9.4077607e+30,0.000000
7,5,23,9.3924825e+30,0.000000
5,-2,33,9.305489e+30,0.000000
9,-8,51,9.2375709e+30,0.000000
3,2,-14,9.1846588e+30,0.000000
8,-5,28,9.1476388e+30,0.000000
10,-8,33,8.9970989e+30,0.000000
8,-3,6,8.8746884e+30,0.000000
2,-1,40,8.8258317e+30,0.000000
5,-1,-17,8.7596288e+30,0.000000
8,-6,47,8.6713848e+30,0.000000
10,-7,19,8.6333395e+30,0.000000
5,0,-15,8.6257632e+30,0.000000
5,0,15,8.6257632e+30,0.000000
5,0,-16,8.5507865e+30,0.000000
5,0,16,8.5507865e+30,0.000000
5,0,-17,8.53526e+30,0.000000
5,0,17,8.53526e+30,0.000000
10,-10,35,8.4938089e+30,0.000000
7,-3,18,8.418002e+30,0.000000
3,1,29,8.3306883e+30,0.000000
4,0,-31,8.3010466e+30,0.000000
4,0,31,8.3010466e+30,0.000000
5,5,47,8.296881e+30,0.000000
10,-9,29,8.2711291e+30,0.000000
6,-3,25,8.1891554e+30,0.000000
9,-8,52,8.1195396e+30,0.000000
6,6,39,8.0843536e+30,0.000000
5,4,43,8.0718263e+30,0.000000
4,-1,34,8.0699624e+30,0.000000
7,-5,45,8.0546669e+30,0.000000
5,0,-18,8.0423632e+30,0.000000
5,0,18,8.0423632e+30,0.000000
6,1,-3,8.0422224e+30,0.000000
4,1,-23,8.0400654e+30,0.000000
8,8,31,8.0382923e+30,0.000000
6,2,24,7.9998483e+30,0.000000
9,-7,45,7.9731824e+30,0.000000
3,0,-37,7.9559152e+30,0.000000
3,0,37,7.9559152e+30,0.000000
9,-5,11,7.937495e+30,0.000000
4,4,50,7.9190146e+30,0.000000
5,1,-20,7.9108838e+30,0.000000
5,3,32,7.898961e+30,0.000000
6,1,17,7.8552644e+30,0.000000
6,3,24,7.8306986e+30,0.000000
5,-3,43,7.8239594e+30,0.000000
10,-8,34,7.8182696e+30,0.000000
6,5,37,7.7716522e+30,0.000000
9,-6,27,7.726912e+30,0.000000
7,2,2,7.6924116e+30,0.000000
3,-2,54,7.6914924e+30,0.000000
10,-6,5,7.6640276e+30,0.000000
3,3,50,7.5513096e+30,0.000000
5,2,-9,7.5234523e+30,0.000000
7,2,0,7.4823731e+30,0.000000
10,-10,36,7.4604648e+30,0.000000
4,-4,-16,7.4598717e+30,0.000000
4,3,-7,7.434093e+30,0.000000
4,-3,-15,7.4145533e+30,0.000000
4,3,45,7.3485471e+30,0.000000
8,-6,-4,7.297353e+30,0.000000
9,-9,1,7.2858386e+30,0.000000
7,5,24,7.2826538e+30,0.000000
3,-1,44,7.2810521e+30,0.000000
8,8,39,7.2775308e+30,0.000000
5,0,-19,7.1206579e+30,0.000000
5,0,19,7.1206579e+30,0.000000
7,4,14,7.10656e+30,0.000000
10,-10,6,7.1058769e+30,0.000000
9,-8,53,7.1049275e+30,0.000000
6,4,26,7.0797434e+30,0.000000
4,2,35,7.0716167e+30,0.000000
7,2,5,7.0631865e+30,0.000000
3,3,-14,7.0295737e+30,0.000000
10,10,45,7.0018215e+30,0.000000
2,-1,45,6.9310628e+30,0.000000
2,2,48,6.9048766e+30,0.000000
10,-9,30,6.855675e+30,0.000000
2,-1,-36,6.8348005e+30,0.000000
7,-1,6,6.8326555e+30,0.000000
7,-2,8,6.8282378e+30,0.000000
10,-8,35,6.8214459e+30,0.000000
6,6,40,6.8133947e+30,0.000000
3,1,-29,6.7947648e+30,0.000000
7,-2,0,6.7910431e+30,0.000000
5,-1,26,6.768435e+30,0.000000
5,-2,-9,6.7438718e+30,0.000000
8,-8,-4,6.7034323e+30,0.000000
2,-1,46,6.6982923e+30,0.000000
3,-1,-33,6.6669224e+30,0.000000
7,3,16,6.6185549e+30,0.000000
8,-4,10,6.6168679e+30,0.000000
10,-10,37,6.6126643e+30,0.000000
9,-8,2,6.6023944e+30,0.000000
5,2,30,6.5959458e+30,0.000000
2,1,-29,6.5194296e+30,0.000000
3,1,32,6.4942693e+30,0.000000
3,1,33,6.4429472e+30,0.000000
2,-1,44,6.4084396e+30,0.000000
2,-2,-27,6.402242e+30,0.000000
8,-7,-2,6.3587643e+30,0.000000
10,-7,20,6.3412209e+30,0.000000
8,-6,48,6.3229739e+30,0.000000
4,-1,35,6.2901536e+30,0.000000
5,5,48,6.2870426e+30,0.000000
6,3,25,6.2853602e+30,0.000000
9,-7,46,6.2590462e+30,0.000000
6,-2,29,6.2571706e+30,0.000000
4,-2,33,6.241889e+30,0.000000
6,5,38,6.2398874e+30,0.000000
6,-3,26,6.2160487e+30,0.000000
9,-8,54,6.1894765e+30,0.000000
6,2,-7,6.1462392e+30,0.000000
9,-6,28,6.1156459e+30,0.000000
2,0,-41,6.1038087e+30,0.000000
2,0,41,6.1038087e+30,0.000000
10,-6,11,6.0176556e+30,0.000000
8,-5,29,6.0144464e+30,0.000000
2,-1,47,5.9905021e+30,0.000000
5,0,-20,5.9771554e+30,0.000000
5,0,20,5.9771554e+30,0.000000
10,-8,36,5.964426e+30,0.000000
4,-1,-25,5.931896e+30,0.000000
3,2,44,5.9301948e+30,0.000000
3,1,31,5.9280032e+30,0.000000
5,4,44,5.9107237e+30,0.000000
6,-1,1,5.8945073e+30,0.000000
10,-10,38,5.891826e+30,0.000000
3,1,34,5.858513e+30,0.000000
7,-4,24,5.8401266e+30,0.000000
8,4,-1,5.7881511e+30,0.000000
10,-9,31,5.768573e+30,0.000000
6,6,41,5.7600845e+30,0.000000
10,-9,6,5.7401575e+30,0.000000
6,0,-15,5.6877128e+30,0.000000
6,0,15,5.6877128e+30,0.000000
6,2,25,5.6629745e+30,0.000000
5,-1,-18,5.6583681e+30,0.000000
4,4,51,5.6415545e+30,0.000000
7,5,25,5.5775035e+30,0.000000
2,1,36,5.5193713e+30,0.000000
3,-3,-26,5.5084246e+30,0.000000
5,3,33,5.5044455e+30,0.000000
3,1,30,5.4659984e+30,0.000000
5,-2,34,5.4323989e+30,0.000000
7,-5,46,5.3915838e+30,0.000000
9,-8,55,5.3683437e+30,0.000000
4,0,-32,5.3260788e+30,0.000000
4,0,32,5.3260788e+30,0.000000
3,-2,55,5.3079114e+30,0.000000
6,2,-8,5.2902243e+30,0.000000
10,-10,39,5.2601141e+30,0.000000
10,-8,37,5.2171351e+30,0.000000
7,4,15,5.1903593e+30,0.000000
8,-3,3,5.128711e+30,0.000000
4,1,26,5.0820739e+30,0.000000
2,-1,48,5.059078e+30,0.000000
4,3,46,5.0066594e+30,0.000000
9,-5,12,5.0024475e+30,0.000000
3,3,51,4.9940259e+30,0.000000
3,1,35,4.9913402e+30,0.000000
6,5,39,4.9862651e+30,0.000000
6,1,18,4.9847669e+30,0.000000
5,-3,44,4.9786352e+30,0.000000
2,-1,43,4.9770467e+30,0.000000
9,-7,-1,4.9636856e+30,0.000000
6,3,26,4.951749e+30,0.000000
6,2,-6,4.9282971e+30,0.000000
3,0,-38,4.9223442e+30,0.000000
3,0,38,4.9223442e+30,0.000000
10,-9,32,4.9178024e+30,0.000000
3,-1,45,4.9044661e+30,0.000000
9,-7,47,4.8971886e+30,0.000000
6,-2,-4,4.8691581e+30,0.000000
8,-4,11,4.85506e+30,0.000000
5,1,-21,4.8530546e+30,0.000000
5,1,27,4.8418548e+30,0.000000
8,-3,7,4.8412969e+30,0.000000
7,2,6,4.8121101e+30,0.000000
4,-1,36,4.8119804e+30,0.000000
5,0,-21,4.8039957e+30,0.000000
5,0,21,4.8039957e+30,0.000000
9,-6,29,4.8015094e+30,0.000000
6,5,-4,4.796222e+30,0.000000
10,-7,21,4.7822723e+30,0.000000
5,5,49,4.7579765e+30,0.000000
10,-8,3,4.7289362e+30,0.000000
3,-2,-19,4.7161712e+30,0.000000
6,6,42,4.7003591e+30,0.000000
10,-10,40,4.6951822e+30,0.000000
2,2,-19,4.6919025e+30,0.000000
8,-8,-5,4.6552563e+30,0.000000
4,-2,-14,4.6505407e+30,0.000000
6,-3,27,4.644742e+30,0.000000
4,1,-24,4.6189046e+30,0.000000
8,-6,49,4.6095809e+30,0.000000
10,-8,38,4.5584911e+30,0.000000
5,4,-4,4.5070874e+30,0.000000
4,2,-18,4.5055571e+30,0.000000
4,4,-8,4.5033871e+30,0.000000
7,3,-2,4.4959948e+30,0.000000
7,-3,19,4.4623831e+30,0.000000
6,1,-4,4.4462185e+30,0.000000
7,1,7,4.4218184e+30,0.000000
9,8,32,4.4172864e+30,0.000000
6,-4,36,4.398128e+30,0.000000
8,4,3,4.3771224e+30,0.000000
5,2,-10,4.3437467e+30,0.000000
2,2,49,4.3269306e+30,0.000000
5,4,45,4.3229215e+30,0.000000
4,-3,-16,4.3195836e+30,0.000000
7,-7,-6,4.2698833e+30,0.000000
8,4,2,4.2419227e+30,0.000000
10,-9,33,4.2376787e+30,0.000000
7,5,26,4.2238948e+30,0.000000
5,-2,-10,4.2141427e+30,0.000000
10,-10,41,4.1852741e+30,0.000000
6,4,27,4.0863038e+30,0.000000
2,-1,49,4.0836798e+30,0.000000
6,-2,30,4.0786037e+30,0.000000
3,1,36,4.0521566e+30,0.000000
3,2,-15,4.0446165e+30,0.000000
5,2,31,4.0404411e+30,0.000000
4,4,52,4.0158723e+30,0.000000
10,-8,39,3.9738579e+30,0.000000
7,3,17,3.9690147e+30,0.000000
6,5,40,3.966318e+30,0.000000
6,2,26,3.947333e+30,0.000000
9,-9,0,3.943183e+30,0.000000
6,2,-9,3.9106241e+30,0.000000
4,2,36,3.9103469e+30,0.000000
7,-2,1,3.9084906e+30,0.000000
5,2,-2,3.9024782e+30,0.000000
4,3,-8,3.8764155e+30,0.000000
6,6,43,3.8757677e+30,0.000000
8,-5,30,3.871922e+30,0.000000
8,-4,12,3.8434342e+30,0.000000
6,3,27,3.8380561e+30,0.000000
9,-7,48,3.8200227e+30,0.000000
2,-1,-37,3.8095218e+30,0.000000
5,3,34,3.8015776e+30,0.000000
7,-2,9,3.7549012e+30,0.000000
9,-6,30,3.7368604e+30,0.000000
5,0,-22,3.7279397e+30,0.000000
5,0,22,3.7279397e+30,0.000000
10,-10,42,3.7251024e+30,0.000000
10,-7,22,3.6902851e+30,0.000000
10,-9,34,3.6820121e+30,0.000000
7,6,11,3.6660225e+30,0.000000
7,4,16,3.6619663e+30,0.000000
3,2,45,3.6614583e+30,0.000000
4,1,27,3.6386992e+30,0.000000
4,-4,-17,3.6312342e+30,0.000000
4,-1,37,3.6258101e+30,0.000000
7,-5,47,3.6132919e+30,0.000000
3,1,-30,3.6116651e+30,0.000000
7,6,12,3.6094572e+30,0.000000
8,4,4,3.6059092e+30,0.000000
5,5,50,3.6022058e+30,0.000000
7,6,10,3.5905898e+30,0.000000
5,-1,-19,3.5903328e+30,0.000000
3,-1,-34,3.5734675e+30,0.000000
2,0,-42,3.5615757e+30,0.000000
2,0,42,3.5615757e+30,0.000000
2,1,-30,3.5393453e+30,0.000000
10,-10,5,3.5161653e+30,0.000000
5,3,-7,3.4937287e+30,0.000000
7,6,13,3.4656148e+30,0.000000
4,-2,34,3.461784e+30,0.000000
10,-8,40,3.4530431e+30,0.000000
7,-4,25,3.4373723e+30,0.000000
5,-1,27,3.4268422e+30,0.000000
6,-3,28,3.4228341e+30,0.000000
4,-1,-26,3.4205246e+30,0.000000
8,-4,1,3.4171465e+30,0.000000
10,-7,5,3.4089464e+30,0.000000
4,3,47,3.4074164e+30,0.000000
4,0,-33,3.4007601e+30,0.000000
4,0,33,3.4007601e+30,0.000000
3,3,-15,3.3797137e+30,0.000000
4,1,28,3.3702514e+30,0.000000
8,-6,50,3.3606556e+30,0.000000
7,6,9,3.3415993e+30,0.000000
10,-10,43,3.3126925e+30,0.000000
2,-2,-28,3.3053074e+30,0.000000
5,-3,-8,3.3053069e+30,0.000000
3,3,52,3.2976245e+30,0.000000
4,1,29,3.2940513e+30,0.000000
7,6,14,3.2724254e+30,0.000000
3,-1,46,3.2611151e+30,0.000000
10,-6,12,3.2399198e+30,0.000000
7,7,-4,3.2366788e+30,0.000000
9,-5,13,3.2256384e+30,0.000000
10,-9,35,3.21897e+30,0.000000
8,-4,13,3.183606e+30,0.000000
6,6,44,3.1828403e+30,0.000000
2,-1,50,3.1742309e+30,0.000000
3,1,37,3.1715056e+30,0.000000
7,5,27,3.1662584e+30,0.000000
5,4,46,3.1585304e+30,0.000000
5,-3,45,3.1496457e+30,0.000000
6,5,41,3.1417216e+30,0.000000
5,-2,35,3.1392286e+30,0.000000
4,1,30,3.1160176e+30,0.000000
6,1,19,3.0873871e+30,0.000000
7,6,15,3.0592791e+30,0.000000
3,0,-39,3.042801e+30,0.000000
3,0,39,3.042801e+30,0.000000
7,2,7,3.0395657e+30,0.000000
8,-3,8,3.0303181e+30,0.000000
2,-1,42,3.0253121e+30,0.000000
10,-8,41,2.98878e+30,0.000000
3,-3,-27,2.9832484e+30,0.000000
9,-7,49,2.9715412e+30,0.000000
6,-2,-8,2.9577056e+30,0.000000
8,-5,-1,2.9538432e+30,0.000000
10,-10,44,2.9471959e+30,0.000000
5,1,-22,2.9454974e+30,0.000000
6,3,28,2.9324933e+30,0.000000
7,6,8,2.9084518e+30,0.000000
10,-7,23,2.9043527e+30,0.000000
6,-2,-7,2.8855873e+30,0.000000
9,-6,31,2.8816724e+30,0.000000
6,0,-16,2.8694384e+30,0.000000
6,0,16,2.8694384e+30,0.000000
4,4,53,2.8557393e+30,0.000000
7,6,16,2.8475447e+30,0.000000
10,-9,36,2.8270143e+30,0.000000
9,-5,2,2.8124095e+30,0.000000
5,0,-23,2.811738e+30,0.000000
5,0,23,2.811738e+30,0.000000
4,1,31,2.8074201e+30,0.000000
6,-6,-6,2.7750072e+30,0.000000
7,-1,7,2.7673013e+30,0.000000
8,4,5,2.7499888e+30,0.000000
2,2,50,2.7283839e+30,0.000000
5,5,51,2.7168769e+30,0.000000
6,2,27,2.7149077e+30,0.000000
4,-1,38,2.6984783e+30,0.000000
8,-4,14,2.6858606e+30,0.000000
6,2,-10,2.6711903e+30,0.000000
7,6,17,2.651349e+30,0.000000
4,1,-25,2.6447491e+30,0.000000
6,-2,31,2.6373107e+30,0.000000
8,-2,2,2.6360731e+30,0.000000
10,-10,45,2.6275504e+30,0.000000
5,3,35,2.6048889e+30,0.000000
6,6,45,2.6020186e+30,0.000000
10,-8,42,2.5756312e+30,0.000000
9,-7,-2,2.5728153e+30,0.000000
8,4,0,2.5485222e+30,0.000000
5,-2,-11,2.5425004e+30,0.000000
7,-4,26,2.5144509e+30,0.000000
4,-3,-17,2.5122733e+30,0.000000
6,-3,-2,2.5048876e+30,0.000000
7,7,-2,2.503021e+30,0.000000
7,4,17,2.4928683e+30,0.000000
10,-9,37,2.4916916e+30,0.000000
6,-3,29,2.4916798e+30,0.000000
6,-1,2,2.490297e+30,0.000000
9,9,32,2.4859266e+30,0.000000
6,5,42,2.4787995e+30,0.000000
7,6,18,2.4784212e+30,0.000000
5,2,-11,2.4756874e+30,0.000000
6,-2,-9,2.465317e+30,0.000000
2,-1,41,2.4567902e+30,0.000000
5,2,32,2.4539661e+30,0.000000
8,-6,51,2.4508514e+30,0.000000
8,-5,31,2.4370053e+30,0.000000
7,-5,48,2.4245078e+30,0.000000
4,1,32,2.4193592e+30,0.000000
5,1,28,2.4184914e+30,0.000000
3,1,38,2.4123569e+30,0.000000
2,-1,51,2.3869086e+30,0.000000
7,6,7,2.3602861e+30,0.000000
10,-10,46,2.3518114e+30,0.000000
7,5,28,2.3514537e+30,0.000000
7,6,19,2.3311653e+30,0.000000
10,-7,24,2.3244267e+30,0.000000
4,3,48,2.3159157e+30,0.000000
9,-8,1,2.3157756e+30,0.000000
6,4,28,2.3099239e+30,0.000000
5,4,47,2.3057708e+30,0.000000
9,-7,50,2.3057318e+30,0.000000
7,-4,29,2.2919838e+30,0.000000
10,10,48,2.2878683e+30,0.000000
7,-4,27,2.272046e+30,0.000000
7,-4,28,2.2699433e+30,0.000000
2,1,37,2.2667345e+30,0.000000
8,-4,15,2.2640283e+30,0.000000
7,3,18,2.2639405e+30,0.000000
7,-2,10,2.258303e+30,0.000000
3,2,46,2.2537121e+30,0.000000
7,-4,30,2.2522567e+30,0.000000
2,-2,-29,2.248636e+30,0.000000
5,-1,-20,2.2449473e+30,0.000000
7,-3,20,2.235569e+30,0.000000
8,4,1,2.2289711e+30,0.000000
4,-2,-15,2.226152e+30,0.000000
6,3,29,2.2123004e+30,0.000000
10,-8,43,2.2092325e+30,0.000000
7,6,20,2.207977e+30,0.000000
10,-9,38,2.2031831e+30,0.000000
9,-6,32,2.2013701e+30,0.000000
7,7,1,2.196674e+30,0.000000
3,3,53,2.1750531e+30,0.000000
7,5,-4,2.1632332e+30,0.000000
4,0,-34,2.1622045e+30,0.000000
4,0,34,2.1622045e+30,0.000000
10,-8,2,2.1613301e+30,0.000000
7,7,12,2.1419163e+30,0.000000
3,-1,47,2.1401764e+30,0.000000
7,-4,31,2.1337629e+30,0.000000
7,7,11,2.1332533e+30,0.000000
4,2,37,2.1282738e+30,0.000000
2,-1,-38,2.1276692e+30,0.000000
7,7,13,2.1180284e+30,0.000000
10,-10,47,2.1169628e+30,0.000000
6,6,46,2.1154692e+30,0.000000
10,-7,4,2.1106591e+30,0.000000
9,-5,14,2.1096836e+30,0.000000
7,6,21,2.1046537e+30,0.000000
7,7,0,2.0886881e+30,0.000000
2,0,-43,2.0869097e+30,0.000000
2,0,43,2.0869097e+30,0.000000
7,7,10,2.0782319e+30,0.000000
4,2,-19,2.0766762e+30,0.000000
7,7,14,2.0728637e+30,0.000000
5,0,-24,2.0719931e+30,0.000000
5,0,24,2.0719931e+30,0.000000
5,5,52,2.050794e+30,0.000000
8,-3,9,2.04611e+30,0.000000
4,3,-9,2.0391522e+30,0.000000
7,6,3,2.0351112e+30,0.000000
4,4,54,2.0284887e+30,0.000000
7,6,22,2.0157099e+30,0.000000
7,7,15,2.0115943e+30,0.000000
4,1,33,2.0098815e+30,0.000000
7,7,4,2.0052179e+30,0.000000
4,-1,39,1.9880309e+30,0.000000
8,4,6,1.9845442e+30,0.000000
9,-3,4,1.9838548e+30,0.000000
5,-3,46,1.9786328e+30,0.000000
7,7,5,1.9759961e+30,0.000000
7,7,9,1.9746499e+30,0.000000
10,-6,13,1.9727343e+30,0.000000
4,-1,-27,1.9682058e+30,0.000000
10,-6,4,1.9614643e+30,0.000000
10,-9,39,1.9545295e+30,0.000000
7,-4,32,1.9508904e+30,0.000000
6,5,43,1.9486996e+30,0.000000
7,7,16,1.935463e+30,0.000000
7,6,23,1.9354517e+30,0.000000
4,-3,-4,1.9301025e+30,0.000000
2,1,-31,1.9265085e+30,0.000000
3,1,-31,1.9197409e+30,0.000000
10,-10,48,1.9190331e+30,0.000000
7,6,4,1.9128725e+30,0.000000
3,-1,-35,1.9120305e+30,0.000000
6,-4,37,1.9006114e+30,0.000000
4,-2,35,1.8999503e+30,0.000000
9,-6,1,1.8975085e+30,0.000000
10,-7,25,1.8866258e+30,0.000000
10,-8,44,1.8858037e+30,0.000000
7,6,6,1.8844368e+30,0.000000
8,-4,16,1.8841412e+30,0.000000
3,0,-40,1.8787989e+30,0.000000
3,0,40,1.8787989e+30,0.000000
6,1,20,1.8673258e+30,0.000000
7,6,24,1.8587465e+30,0.000000
7,7,8,1.8536989e+30,0.000000
8,6,-3,1.8464665e+30,0.000000
7,7,3,1.8458583e+30,0.000000
6,2,28,1.8455624e+30,0.000000
7,7,17,1.8450067e+30,0.000000
7,7,6,1.8419359e+30,0.000000
7,7,2,1.8351131e+30,0.000000
6,-2,-10,1.8337771e+30,0.000000
2,2,-20,1.8303398e+30,0.000000
10,-10,4,1.8111445e+30,0.000000
3,-2,-20,1.80039e+30,0.000000
6,-3,30,1.7943002e+30,0.000000
5,-2,36,1.7934411e+30,0.000000
3,1,39,1.7931909e+30,0.000000
8,-6,52,1.7882965e+30,0.000000
7,7,7,1.787258e+30,0.000000
7,2,8,1.7861319e+30,0.000000
9,-7,51,1.7850904e+30,0.000000
7,6,25,1.7814878e+30,0.000000
4,-4,-18,1.7761299e+30,0.000000
5,3,36,1.7724701e+30,0.000000
5,1,-23,1.7717261e+30,0.000000
8,4,-2,1.7605464e+30,0.000000
10,-10,49,1.7533764e+30,0.000000
8,8,34,1.7530486e+30,0.000000
7,1,8,1.7502651e+30,0.000000
10,10,44,1.7497019e+30,0.000000
3,2,-16,1.7451818e+30,0.000000
6,-2,-6,1.7421204e+30,0.000000
7,7,18,1.7420792e+30,0.000000
2,-1,52,1.7414584e+30,0.000000
10,-9,40,1.7404255e+30,0.000000
8,-5,-2,1.7401733e+30,0.000000
6,2,-11,1.7390795e+30,0.000000
2,-2,-30,1.7371915e+30,0.000000
2,2,51,1.7356376e+30,0.000000
7,5,29,1.7315902e+30,0.000000
7,-4,33,1.7282155e+30,0.000000
7,6,5,1.7220959e+30,0.000000
6,6,47,1.716184e+30,0.000000
7,7,-1,1.7060953e+30,0.000000
7,6,26,1.700799e+30,0.000000
5,-1,28,1.6940815e+30,0.000000
6,-2,32,1.6931412e+30,0.000000
8,6,8,1.6845924e+30,0.000000
8,6,-1,1.6843246e+30,0.000000
5,4,48,1.682001e+30,0.000000
8,6,9,1.6705209e+30,0.000000
9,-6,33,1.6657623e+30,0.000000
4,4,-9,1.664798e+30,0.000000
9,-9,-1,1.6567002e+30,0.000000
6,1,-5,1.6559186e+30,0.000000
3,3,-16,1.6542642e+30,0.000000
6,3,30,1.6501702e+30,0.000000
7,4,18,1.634586e+30,0.000000
7,7,19,1.6303413e+30,0.000000
7,-5,49,1.6287889e+30,0.000000
3,-3,-28,1.6246516e+30,0.000000
4,1,34,1.6212102e+30,0.000000
7,6,27,1.6150394e+30,0.000000
10,-10,50,1.6150126e+30,0.000000
10,-8,45,1.6018567e+30,0.000000
7,-2,11,1.5965517e+30,0.000000
7,6,2,1.5942243e+30,0.000000
8,6,7,1.58577e+30,0.000000
8,6,10,1.5720699e+30,0.000000
4,3,49,1.5714528e+30,0.000000
10,-9,41,1.5564654e+30,0.000000
10,-7,26,1.5490732e+30,0.000000
5,5,53,1.547277e+30,0.000000
8,6,2,1.5429865e+30,0.000000
8,-4,17,1.537377e+30,0.000000
6,5,44,1.5265907e+30,0.000000
7,6,28,1.5236766e+30,0.000000
9,-5,1,1.5177052e+30,0.000000
7,7,20,1.5147308e+30,0.000000
4,1,-26,1.5100606e+30,0.000000
7,6,0,1.499955e+30,0.000000
10,-10,51,1.4989559e+30,0.000000
5,0,-25,1.4979672e+30,0.000000
5,0,25,1.4979672e+30,0.000000
8,-5,32,1.4968212e+30,0.000000
5,-2,-12,1.4901773e+30,0.000000
7,-4,34,1.4897733e+30,0.000000
5,2,33,1.4770661e+30,0.000000
10,-9,5,1.4597799e+30,0.000000
4,-3,-18,1.4597586e+30,0.000000
4,-1,40,1.4523615e+30,0.000000
8,6,3,1.4390321e+30,0.000000
4,4,55,1.4380647e+30,0.000000
3,3,54,1.4344211e+30,0.000000
8,-3,10,1.4311028e+30,0.000000
8,6,11,1.4291475e+30,0.000000
7,6,29,1.427082e+30,0.000000
9,-5,15,1.4049606e+30,0.000000
7,7,21,1.4005425e+30,0.000000
10,-10,52,1.4004901e+30,0.000000
10,-9,42,1.3987222e+30,0.000000
10,8,35,1.3954261e+30,0.000000
5,2,-12,1.3934994e+30,0.000000
8,6,6,1.3918537e+30,0.000000
5,-1,-21,1.3868399e+30,0.000000
3,-1,48,1.3864334e+30,0.000000
6,6,48,1.3832089e+30,0.000000
3,2,47,1.383165e+30,0.000000
6,0,-17,1.3831427e+30,0.000000
6,0,17,1.3831427e+30,0.000000
9,-7,52,1.3792674e+30,0.000000
4,0,-35,1.3694515e+30,0.000000
4,0,35,1.3694515e+30,0.000000
2,-2,-31,1.3619979e+30,0.000000
8,-3,2,1.3557498e+30,0.000000
10,-8,46,1.3540418e+30,0.000000
8,4,7,1.3488426e+30,0.000000
7,-2,12,1.3463478e+30,0.000000
7,6,30,1.326295e+30,0.000000
8,-4,0,1.3192016e+30,0.000000
10,-10,53,1.3153714e+30,0.000000
3,1,40,1.30765e+30,0.000000
8,-6,53,1.3058117e+30,0.000000
10,-6,14,1.2993073e+30,0.000000
7,7,22,1.2925558e+30,0.000000
10,-7,27,1.283616e+30,0.000000
6,-3,31,1.2797592e+30,0.000000
4,1,35,1.2771474e+30,0.000000
6,4,29,1.2761119e+30,0.000000
8,6,12,1.2758874e+30,0.000000
6,-2,-11,1.268877e+30,0.000000
7,-2,13,1.2677792e+30,0.000000
6,2,-5,1.2669818e+30,0.000000
7,5,30,1.2653317e+30,0.000000
10,-9,43,1.2635514e+30,0.000000
7,-4,35,1.2545767e+30,0.000000
9,-6,34,1.2485365e+30,0.000000
6,2,29,1.2417197e+30,0.000000
10,-10,54,1.2399559e+30,0.000000
2,-1,53,1.2354225e+30,0.000000
7,-2,14,1.2331454e+30,0.000000
5,-3,47,1.2323272e+30,0.000000
2,0,-44,1.2313598e+30,0.000000
2,0,44,1.2313598e+30,0.000000
7,6,31,1.2289651e+30,0.000000
5,4,49,1.2261976e+30,0.000000
8,-4,18,1.2253295e+30,0.000000
7,3,19,1.2232245e+30,0.000000
6,3,31,1.2184204e+30,0.000000
8,6,4,1.2092889e+30,0.000000
8,6,5,1.208433e+30,0.000000
5,3,37,1.1985424e+30,0.000000
6,5,45,1.1958007e+30,0.000000
7,7,23,1.1944254e+30,0.000000
2,-1,-39,1.1910301e+30,0.000000
9,8,31,1.1893471e+30,0.000000
8,6,0,1.1870033e+30,0.000000
7,1,-5,1.184118e+30,0.000000
7,-2,15,1.1834381e+30,0.000000
8,6,1,1.1794339e+30,0.000000
7,6,-1,1.178013e+30,0.000000
5,1,29,1.1741516e+30,0.000000
10,-10,55,1.1712573e+30,0.000000
5,5,54,1.1669247e+30,0.000000
3,0,-41,1.1584329e+30,0.000000
3,0,41,1.1584329e+30,0.000000
10,-9,44,1.1475349e+30,0.000000
9,-3,3,1.1415444e+30,0.000000
10,-8,47,1.1390852e+30,0.000000
4,2,38,1.1357273e+30,0.000000
8,6,13,1.1350433e+30,0.000000
4,-1,-28,1.1302183e+30,0.000000
7,6,1,1.1210274e+30,0.000000
8,-3,1,1.1207481e+30,0.000000
7,6,32,1.1191505e+30,0.000000
7,7,-5,1.1177519e+30,0.000000
2,2,52,1.1173528e+30,0.000000
8,-2,3,1.1156344e+30,0.000000
10,-8,1,1.1145984e+30,0.000000
6,6,49,1.1137319e+30,0.000000
7,7,-3,1.1112873e+30,0.000000
7,7,24,1.1083845e+30,0.000000
9,8,39,1.1034466e+30,0.000000
6,1,21,1.102911e+30,0.000000
7,-2,16,1.0998622e+30,0.000000
6,2,-12,1.0954915e+30,0.000000
7,-5,50,1.0954361e+30,0.000000
4,3,-10,1.0928254e+30,0.000000
7,6,-3,1.089536e+30,0.000000
7,-1,8,1.0867553e+30,0.000000
6,-2,33,1.0799404e+30,0.000000
8,2,1,1.0758397e+30,0.000000
10,-7,28,1.0709238e+30,0.000000
5,0,-26,1.065975e+30,0.000000
5,0,26,1.065975e+30,0.000000
4,3,50,1.0641762e+30,0.000000
9,-7,53,1.0638627e+30,0.000000
4,-2,-16,1.0586795e+30,0.000000
7,-3,21,1.0578563e+30,0.000000
5,1,-24,1.057687e+30,0.000000
4,-1,41,1.0535875e+30,0.000000
2,1,-32,1.0512583e+30,0.000000
8,-4,-1,1.0496976e+30,0.000000
10,-9,45,1.047498e+30,0.000000
6,-4,38,1.0464646e+30,0.000000
2,-2,-32,1.0415125e+30,0.000000
7,6,33,1.0387962e+30,0.000000
7,-4,36,1.0355561e+30,0.000000
7,7,25,1.0352207e+30,0.000000
7,4,19,1.0298854e+30,0.000000
4,-2,36,1.0297266e+30,0.000000
6,-4,-4,1.0287653e+30,0.000000
7,1,-6,1.0258895e+30,0.000000
3,-1,-36,1.0208013e+30,0.000000
3,1,-32,1.0200792e+30,0.000000
8,6,14,1.0179811e+30,0.000000
5,-2,37,1.0111986e+30,0.000000
8,-3,11,1.0099567e+30,0.000000
7,2,9,9.9410866e+29,0.000000
7,2,1,9.884174e+29,0.000000
4,1,36,9.8711283e+29,0.000000
7,-2,17,9.8493879e+29,0.000000
7,7,26,9.7445064e+29,0.000000
8,2,2,9.7319977e+29,0.000000
9,-5,16,9.6620183e+29,0.000000
10,-9,46,9.6055505e+29,0.000000
8,-6,54,9.5437076e+29,0.000000
10,-8,48,9.5378138e+29,0.000000
8,-4,19,9.5215227e+29,0.000000
7,1,13,9.5047228e+29,0.000000
3,3,55,9.4750563e+29,0.000000
4,2,-20,9.4543306e+29,0.000000
3,1,41,9.3795276e+29,0.000000
6,5,46,9.2849304e+29,0.000000
8,6,15,9.2706175e+29,0.000000
9,-6,35,9.2698598e+29,0.000000
7,7,27,9.2461355e+29,0.000000
7,1,12,9.2085752e+29,0.000000
9,-5,0,9.1855018e+29,0.000000
7,5,31,9.1816552e+29,0.000000
7,6,34,9.1355155e+29,0.000000
7,7,32,9.0630814e+29,0.000000
6,-3,32,9.050135e+29,0.000000
5,-3,-9,9.0409603e+29,0.000000
10,-6,15,8.9768547e+29,0.000000
10,-7,29,8.9753063e+29,0.000000
8,-5,33,8.951107e+29,0.000000
5,4,50,8.9342096e+29,0.000000
6,6,50,8.9170012e+29,0.000000
6,3,32,8.9142136e+29,0.000000
7,1,14,8.9132745e+29,0.000000
3,-3,-29,8.8945414e+29,0.000000
3,-1,49,8.8749074e+29,0.000000
10,-9,47,8.8415548e+29,0.000000
7,7,28,8.8361582e+29,0.000000
5,2,34,8.8050603e+29,0.000000
5,5,55,8.7996687e+29,0.000000
7,7,30,8.7532194e+29,0.000000
8,4,8,8.7379647e+29,0.000000
4,-4,-19,8.7300774e+29,0.000000
4,0,-36,8.6423161e+29,0.000000
4,0,36,8.6423161e+29,0.000000
4,1,-27,8.6002745e+29,0.000000
8,6,16,8.5878789e+29,0.000000
2,-1,54,8.5442561e+29,0.000000
5,-2,-13,8.516699e+29,0.000000
7,-2,18,8.5032386e+29,0.000000
7,7,29,8.4910609e+29,0.000000
5,-1,-22,8.4821703e+29,0.000000
4,-3,-19,8.4792844e+29,0.000000
3,2,48,8.4702266e+29,0.000000
2,1,38,8.4120691e+29,0.000000
7,-4,37,8.4014684e+29,0.000000
10,-7,3,8.3615838e+29,0.000000
6,-2,-12,8.3470582e+29,0.000000
8,-7,-3,8.3461847e+29,0.000000
6,2,30,8.2781233e+29,0.000000
3,3,-17,8.2093845e+29,0.000000
6,-4,39,8.209251e+29,0.000000
9,-7,54,8.1937667e+29,0.000000
7,6,35,8.1642937e+29,0.000000
10,-9,48,8.1611443e+29,0.000000
7,1,9,8.147297e+29,0.000000
5,-1,29,8.1387467e+29,0.000000
8,6,17,8.0679802e+29,0.000000
5,3,38,8.0587879e+29,0.000000
7,7,31,8.0470879e+29,0.000000
7,1,11,8.0275185e+29,0.000000
10,-8,49,7.9501591e+29,0.000000
6,-4,40,7.8656245e+29,0.000000
7,7,40,7.7899061e+29,0.000000
5,3,-8,7.7830289e+29,0.000000
6,-4,41,7.7660716e+29,0.000000
5,2,-13,7.7420821e+29,0.000000
7,1,15,7.7404116e+29,0.000000
2,-2,-33,7.7230474e+29,0.000000
8,6,18,7.6420452e+29,0.000000
7,7,33,7.6325458e+29,0.000000
4,-1,42,7.5976032e+29,0.000000
5,-3,48,7.5934088e+29,0.000000
10,-9,49,7.5462306e+29,0.000000
8,8,42,7.5421157e+29,0.000000
10,-7,30,7.5398351e+29,0.000000
4,1,37,7.5123154e+29,0.000000
5,0,-27,7.4864099e+29,0.000000
5,0,27,7.4864099e+29,0.000000
6,-4,42,7.423317e+29,0.000000
8,-2,1,7.385129e+29,0.000000
7,-5,51,7.3744535e+29,0.000000
2,0,-45,7.3435197e+29,0.000000
2,0,45,7.3435197e+29,0.000000
3,2,-17,7.3408973e+29,0.000000
2,2,53,7.3042035e+29,0.000000
8,6,19,7.2509719e+29,0.000000
7,6,36,7.2294746e+29,0.000000
6,5,47,7.2124641e+29,0.000000
8,-4,20,7.20752e+29,0.000000
8,-2,4,7.1985572e+29,0.000000
4,3,51,7.189348e+29,0.000000
6,6,51,7.144805e+29,0.000000
8,-7,-4,7.1345607e+29,0.000000
3,0,-42,7.1306574e+29,0.000000
3,0,42,7.1306574e+29,0.000000
7,7,34,7.1105601e+29,0.000000
7,-2,19,7.0948969e+29,0.000000
8,-3,12,7.0739411e+29,0.000000
10,-10,3,7.0127897e+29,0.000000
2,2,-21,7.0014038e+29,0.000000
9,-5,17,6.9993927e+29,0.000000
8,-6,55,6.9825253e+29,0.000000
10,-9,50,6.9823808e+29,0.000000
6,4,30,6.8699015e+29,0.000000
8,6,20,6.8526874e+29,0.000000
6,-2,34,6.8470973e+29,0.000000
3,-2,-21,6.8236833e+29,0.000000
9,-6,36,6.8178936e+29,0.000000
7,1,10,6.8134953e+29,0.000000
6,-4,43,6.8063739e+29,0.000000
7,1,-7,6.7822685e+29,0.000000
6,2,-13,6.7296835e+29,0.000000
7,7,35,6.7266634e+29,0.000000
7,-4,38,6.7149958e+29,0.000000
2,-1,-40,6.6848177e+29,0.000000
3,1,42,6.6290568e+29,0.000000
7,5,32,6.6203469e+29,0.000000
10,-8,50,6.5979943e+29,0.000000
8,5,7,6.5749325e+29,0.000000
4,4,-10,6.5733735e+29,0.000000
8,5,6,6.5230125e+29,0.000000
5,4,51,6.5060698e+29,0.000000
7,6,37,6.4818421e+29,0.000000
4,-1,-29,6.4766481e+29,0.000000
6,3,33,6.4678704e+29,0.000000
10,-9,51,6.458541e+29,0.000000
8,6,21,6.423482e+29,0.000000
7,1,-3,6.3778104e+29,0.000000
10,-6,16,6.3641938e+29,0.000000
6,1,22,6.3580034e+29,0.000000
6,-3,33,6.3515249e+29,0.000000
9,-7,-3,6.3490888e+29,0.000000
7,7,36,6.3462648e+29,0.000000
10,-7,31,6.3362419e+29,0.000000
6,0,-18,6.3281565e+29,0.000000
6,0,18,6.3281565e+29,0.000000
7,1,16,6.3226031e+29,0.000000
9,-7,55,6.3031101e+29,0.000000
5,1,-25,6.2743176e+29,0.000000
7,3,20,6.2283295e+29,0.000000
7,7,37,6.2193061e+29,0.000000
7,4,20,6.2158393e+29,0.000000
8,5,8,6.2103266e+29,0.000000
6,1,-6,6.0243011e+29,0.000000
10,10,46,6.0237389e+29,0.000000
6,-4,44,6.0198162e+29,0.000000
10,-9,52,5.9666395e+29,0.000000
4,3,-11,5.9650066e+29,0.000000
8,6,22,5.9556302e+29,0.000000
4,2,39,5.9116123e+29,0.000000
7,1,-4,5.8570035e+29,0.000000
2,-1,55,5.7897998e+29,0.000000
2,1,-33,5.7502538e+29,0.000000
7,-2,20,5.7387025e+29,0.000000
8,5,5,5.7363324e+29,0.000000
8,5,9,5.7102084e+29,0.000000
8,-2,5,5.7087808e+29,0.000000
6,6,52,5.6793656e+29,0.000000
8,4,9,5.6718292e+29,0.000000
4,1,38,5.645264e+29,0.000000
3,-1,50,5.6309324e+29,0.000000
5,-2,38,5.6137827e+29,0.000000
7,2,10,5.5910526e+29,0.000000
6,5,48,5.5885467e+29,0.000000
6,4,-4,5.5839987e+29,0.000000
2,-2,-34,5.5820337e+29,0.000000
10,-9,4,5.5797562e+29,0.000000
7,6,38,5.5545134e+29,0.000000
7,7,38,5.5325271e+29,0.000000
9,-3,5,5.522286e+29,0.000000
5,1,30,5.502942e+29,0.000000
10,-9,53,5.5011202e+29,0.000000
4,-2,37,5.4953008e+29,0.000000
6,2,31,5.4734102e+29,0.000000
8,-8,-6,5.4604273e+29,0.000000
8,6,23,5.453251e+29,0.000000
10,-8,51,5.4530324e+29,0.000000
4,-1,43,5.4506494e+29,0.000000
3,-1,-37,5.435706e+29,0.000000
4,0,-37,5.4348674e+29,0.000000
4,0,37,5.4348674e+29,0.000000
9,-5,18,5.4271087e+29,0.000000
9,-9,-2,5.4223899e+29,0.000000
7,-1,9,5.4193515e+29,0.000000
3,1,-33,5.4163867e+29,0.000000
5,3,39,5.3904224e+29,0.000000
7,-1,12,5.3263264e+29,0.000000
10,-7,32,5.3174507e+29,0.000000
8,-4,21,5.3138878e+29,0.000000
7,7,39,5.310398e+29,0.000000
9,-8,0,5.3073719e+29,0.000000
7,-4,39,5.2976739e+29,0.000000
6,-2,-13,5.2867737e+29,0.000000
7,-1,13,5.2542573e+29,0.000000
8,5,10,5.223473e+29,0.000000
5,0,-28,5.200157e+29,0.000000
5,0,28,5.200157e+29,0.000000
8,-5,34,5.1985274e+29,0.000000
5,2,35,5.1934894e+29,0.000000
6,1,-10,5.1874778e+29,0.000000
3,2,49,5.1841617e+29,0.000000
6,-4,45,5.1768988e+29,0.000000
5,-1,-23,5.145081e+29,0.000000
7,7,41,5.1372283e+29,0.000000
10,-9,54,5.0584539e+29,0.000000
10,-6,3,5.0576949e+29,0.000000
6,1,-11,5.0197291e+29,0.000000
4,-2,-17,4.9979672e+29,0.000000
7,6,-2,4.9709788e+29,0.000000
7,-5,52,4.9684529e+29,0.000000
9,-6,37,4.9676515e+29,0.000000
7,-1,11,4.9631609e+29,0.000000
8,6,-2,4.9498859e+29,0.000000
8,6,24,4.9278283e+29,0.000000
4,-3,-20,4.9264764e+29,0.000000
7,1,17,4.9143667e+29,0.000000
3,-3,-30,4.8940372e+29,0.000000
4,1,-28,4.8868007e+29,0.000000
2,2,54,4.8642725e+29,0.000000
8,-3,13,4.8641462e+29,0.000000
6,1,-9,4.8465016e+29,0.000000
7,6,39,4.8444667e+29,0.000000
4,3,52,4.8434616e+29,0.000000
7,-3,22,4.8223125e+29,0.000000
8,5,11,4.7968527e+29,0.000000
7,-1,14,4.7794374e+29,0.000000
5,-2,-14,4.7575409e+29,0.000000
7,5,33,4.7465465e+29,0.000000
5,4,52,4.7354709e+29,0.000000
6,6,53,4.6939679e+29,0.000000
8,-2,6,4.681921e+29,0.000000
6,3,34,4.6575657e+29,0.000000
10,-9,55,4.6366617e+29,0.000000
3,1,43,4.6213286e+29,0.000000
5,-3,49,4.6167993e+29,0.000000
10,-6,17,4.5561192e+29,0.000000
7,-1,10,4.5456653e+29,0.000000
7,-2,21,4.5134475e+29,0.000000
9,-5,19,4.5085007e+29,0.000000
8,5,1,4.5044284e+29,0.000000
10,-8,52,4.4888906e+29,0.000000
6,1,-12,4.4886021e+29,0.000000
10,-7,33,4.4498595e+29,0.000000
2,0,-46,4.4470028e+29,0.000000
2,0,46,4.4470028e+29,0.000000
6,-3,34,4.4273867e+29,0.000000
8,5,12,4.423558e+29,0.000000
8,6,25,4.3942535e+29,0.000000
3,0,-43,4.3809209e+29,0.000000
3,0,43,4.3809209e+29,0.000000
6,-4,46,4.3600989e+29,0.000000
8,2,7,4.3488747e+29,0.000000
6,5,49,4.3212977e+29,0.000000
6,-2,35,4.3169108e+29,0.000000
4,-4,-20,4.3119593e+29,0.000000
10,10,41,4.2924665e+29,0.000000
7,6,-4,4.2733019e+29,0.000000
9,-6,0,4.2647599e+29,0.000000
9,-7,-4,4.2605726e+29,0.000000
8,5,4,4.2491942e+29,0.000000
5,2,-14,4.2412222e+29,0.000000
4,2,-21,4.2407502e+29,0.000000
5,-2,-2,4.2320068e+29,0.000000
8,2,8,4.2237073e+29,0.000000
7,6,40,4.218728e+29,0.000000
10,10,47,4.2165287e+29,0.000000
6,-1,6,4.2079582e+29,0.000000
4,1,39,4.1981938e+29,0.000000
7,-4,40,4.1322161e+29,0.000000
3,3,-18,4.1175167e+29,0.000000
6,1,-8,4.0876116e+29,0.000000
8,2,0,4.0856635e+29,0.000000
8,5,13,4.0785179e+29,0.000000
7,-1,15,4.0635488e+29,0.000000
8,4,10,4.059843e+29,0.000000
6,2,-14,4.0492358e+29,0.000000
5,-5,-7,4.0443327e+29,0.000000
6,-1,5,3.9974877e+29,0.000000
7,-3,-2,3.9857057e+29,0.000000
6,-1,7,3.972891e+29,0.000000
2,-2,-35,3.9654446e+29,0.000000
9,-5,20,3.9488967e+29,0.000000
8,6,-4,3.9176566e+29,0.000000
7,7,42,3.8957501e+29,0.000000
4,-1,44,3.8926521e+29,0.000000
7,1,-8,3.8909845e+29,0.000000
5,-3,-10,3.8776631e+29,0.000000
8,6,26,3.8677925e+29,0.000000
8,2,6,3.8637656e+29,0.000000
6,-1,3,3.8321472e+29,0.000000
8,-4,22,3.8165183e+29,0.000000
8,4,14,3.7974597e+29,0.000000
10,10,32,3.7888467e+29,0.000000
8,4,15,3.7756568e+29,0.000000
6,1,-13,3.775538e+29,0.000000
5,-1,30,3.77433e+29,0.000000
8,-2,7,3.7739936e+29,0.000000
2,-1,-41,3.7639895e+29,0.000000
7,6,41,3.7501686e+29,0.000000
8,5,14,3.7379472e+29,0.000000
7,2,15,3.7338775e+29,0.000000
5,1,-1,3.7254757e+29,0.000000
7,2,16,3.7184263e+29,0.000000
10,-7,34,3.7089962e+29,0.000000
4,-1,-30,3.7030762e+29,0.000000
5,1,-26,3.7021689e+29,0.000000
6,1,-7,3.6906804e+29,0.000000
10,-8,53,3.6813075e+29,0.000000
7,1,18,3.6661809e+29,0.000000
7,2,11,3.6616259e+29,0.000000
8,2,9,3.6596277e+29,0.000000
8,4,13,3.656338e+29,0.000000
6,-4,47,3.6171638e+29,0.000000
6,2,32,3.5919601e+29,0.000000
6,4,31,3.590249e+29,0.000000
5,3,40,3.5879226e+29,0.000000
9,-6,38,3.5857991e+29,0.000000
6,6,54,3.5854984e+29,0.000000
7,4,21,3.5824459e+29,0.000000
5,0,-29,3.5788147e+29,0.000000
5,0,29,3.5788147e+29,0.000000
6,1,23,3.5731764e+29,0.000000
8,4,16,3.5701955e+29,0.000000
3,-1,51,3.5664086e+29,0.000000
9,-5,21,3.5592035e+29,0.000000
7,2,14,3.5511231e+29,0.000000
7,2,17,3.5080897e+29,0.000000
10,10,28,3.4965121e+29,0.000000
10,10,43,3.4951188e+29,0.000000
6,-1,8,3.4913009e+29,0.000000
8,4,11,3.4779499e+29,0.000000
8,4,12,3.4685426e+29,0.000000
8,5,2,3.4648772e+29,0.000000
7,-2,22,3.4615285e+29,0.000000
8,2,3,3.4449648e+29,0.000000
5,4,53,3.4448579e+29,0.000000
7,7,43,3.4328915e+29,0.000000
9,-9,-3,3.4154891e+29,0.000000
4,0,-38,3.4057302e+29,0.000000
4,0,38,3.4057302e+29,0.000000
10,10,53,3.3943529e+29,0.000000
8,5,15,3.3875987e+29,0.000000
7,5,34,3.3852881e+29,0.000000
10,-6,2,3.3714169e+29,0.000000
8,6,27,3.3620587e+29,0.000000
7,-5,53,3.3495926e+29,0.000000
6,5,50,3.3447786e+29,0.000000
6,3,35,3.3309175e+29,0.000000
7,-6,-5,3.3299094e+29,0.000000
2,2,55,3.3083763e+29,0.000000
4,3,-12,3.3062413e+29,0.000000
7,-1,16,3.2684445e+29,0.000000
7,2,13,3.2663747e+29,0.000000
8,-3,14,3.2576575e+29,0.000000
10,-6,18,3.2546786e+29,0.000000
4,3,53,3.2527522e+29,0.000000
6,-2,-14,3.2499489e+29,0.000000
6,-1,4,3.241582e+29,0.000000
7,7,45,3.2385298e+29,0.000000
9,-5,22,3.2285905e+29,0.000000
10,9,32,3.227069e+29,0.000000
8,4,17,3.2165958e+29,0.000000
7,-4,41,3.1911377e+29,0.000000
3,2,50,3.1810805e+29,0.000000
3,1,44,3.1795385e+29,0.000000
10,-8,0,3.1776402e+29,0.000000
7,2,18,3.1539855e+29,0.000000
2,1,-34,3.15248e+29,0.000000
7,2,12,3.1400328e+29,0.000000
5,-1,-24,3.0994618e+29,0.000000
4,1,40,3.0950779e+29,0.000000
5,-3,-11,3.0847576e+29,0.000000
10,-7,35,3.0764392e+29,0.000000
7,7,44,3.0747315e+29,0.000000
6,-3,35,3.0673924e+29,0.000000
5,-2,39,3.0589072e+29,0.000000
7,6,42,3.0402703e+29,0.000000
5,2,36,3.0270987e+29,0.000000
6,1,-14,3.025059e+29,0.000000
8,5,16,3.0240637e+29,0.000000
8,5,3,3.0197802e+29,0.000000
8,8,46,3.0112375e+29,0.000000
10,-8,54,3.0082645e+29,0.000000
3,2,-18,2.9961419e+29,0.000000
10,8,32,2.9878297e+29,0.000000
7,3,21,2.9811176e+29,0.000000
4,2,40,2.9808761e+29,0.000000
6,-4,48,2.9688676e+29,0.000000
10,-9,3,2.9508152e+29,0.000000
8,-2,8,2.932478e+29,0.000000
8,-5,35,2.9258057e+29,0.000000
6,-1,9,2.9063107e+29,0.000000
10,10,49,2.9027789e+29,0.000000
9,-5,23,2.9020843e+29,0.000000
8,8,55,2.8975359e+29,0.000000
9,-8,-1,2.8948817e+29,0.000000
8,2,10,2.8901899e+29,0.000000
8,6,28,2.8878845e+29,0.000000
3,-1,-38,2.8861366e+29,0.000000
5,-3,-12,2.8790113e+29,0.000000
4,-2,38,2.8765436e+29,0.000000
3,1,-34,2.8726325e+29,0.000000
4,-3,-21,2.8642468e+29,0.000000
8,2,5,2.8631474e+29,0.000000
9,9,27,2.8448934e+29,0.000000
6,6,55,2.8382235e+29,0.000000
9,-4,6,2.8196399e+29,0.000000
2,-2,-36,2.7946409e+29,0.000000
3,-2,-22,2.7752294e+29,0.000000
8,4,18,2.7731263e+29,0.000000
4,1,-29,2.7705044e+29,0.000000
4,-1,45,2.7684952e+29,0.000000
5,-3,50,2.7606038e+29,0.000000
2,0,-47,2.7485041e+29,0.000000
2,0,47,2.7485041e+29,0.000000
4,4,-11,2.732266e+29,0.000000
9,-6,-1,2.7247225e+29,0.000000
6,0,-19,2.724227e+29,0.000000
6,0,19,2.724227e+29,0.000000
7,2,19,2.7200961e+29,0.000000
6,-2,36,2.707037e+29,0.000000
3,-3,-31,2.7057731e+29,0.000000
3,0,-44,2.6862241e+29,0.000000
3,0,44,2.6862241e+29,0.000000
8,8,41,2.6734942e+29,0.000000
8,-4,23,2.6712426e+29,0.000000
2,1,39,2.6611875e+29,0.000000
8,5,17,2.6524546e+29,0.000000
7,1,19,2.6421477e+29,0.000000
8,3,1,2.6410304e+29,0.000000
2,2,-22,2.6124831e+29,0.000000
9,8,34,2.6033467e+29,0.000000
5,-2,-15,2.6013583e+29,0.000000
7,-2,23,2.5954836e+29,0.000000
6,5,51,2.5699479e+29,0.000000
7,6,43,2.568512e+29,0.000000
7,4,-3,2.5656943e+29,0.000000
9,-6,39,2.5642047e+29,0.000000
9,-5,24,2.5616738e+29,0.000000
10,-7,36,2.5376994e+29,0.000000
5,-3,-13,2.526005e+29,0.000000
9,-4,5,2.5203706e+29,0.000000
7,-1,17,2.5103398e+29,0.000000
5,4,54,2.5048454e+29,0.000000
10,-10,2,2.4896983e+29,0.000000
5,1,31,2.4661347e+29,0.000000
8,6,29,2.4529003e+29,0.000000
10,-8,55,2.4500257e+29,0.000000
5,0,-30,2.4438208e+29,0.000000
5,0,30,2.4438208e+29,0.000000
7,-4,42,2.4428576e+29,0.000000
7,7,50,2.4328686e+29,0.000000
6,-2,-5,2.4296502e+29,0.000000
8,5,-2,2.4205975e+29,0.000000
6,-4,49,2.4185077e+29,0.000000
7,5,35,2.4034839e+29,0.000000
6,2,-15,2.3924757e+29,0.000000
5,3,41,2.3767907e+29,0.000000
8,5,0,2.3705541e+29,0.000000
7,7,46,2.3689579e+29,0.000000
10,10,42,2.367835e+29,0.000000
6,3,36,2.3671803e+29,0.000000
9,9,38,2.3495329e+29,0.000000
6,2,33,2.3410782e+29,0.000000
4,-2,-18,2.3401375e+29,0.000000
6,1,-15,2.3292237e+29,0.000000
6,-1,10,2.3145427e+29,0.000000
10,-6,19,2.2991274e+29,0.000000
8,4,19,2.2981356e+29,0.000000
7,-3,23,2.2969767e+29,0.000000
5,2,-15,2.2878928e+29,0.000000
3,-1,52,2.2867821e+29,0.000000
8,5,18,2.2828071e+29,0.000000
5,-4,-8,2.2793827e+29,0.000000
4,1,41,2.2652407e+29,0.000000
7,2,20,2.2636255e+29,0.000000
7,-5,54,2.2594218e+29,0.000000
5,3,-9,2.2284842e+29,0.000000
9,-3,6,2.2162529e+29,0.000000
9,-5,25,2.210818e+29,0.000000
5,-4,-7,2.205079e+29,0.000000
8,-2,9,2.1774763e+29,0.000000
4,3,54,2.1769808e+29,0.000000
5,1,-27,2.1745549e+29,0.000000
10,10,27,2.1678067e+29,0.000000
7,6,44,2.1649687e+29,0.000000
3,1,45,2.159302e+29,0.000000
9,9,30,2.1573998e+29,0.000000
7,7,47,2.1435445e+29,0.000000
4,-4,-21,2.139956e+29,0.000000
2,-1,-42,2.1278451e+29,0.000000
4,0,-39,2.1263535e+29,0.000000
4,0,39,2.1263535e+29,0.000000
6,-3,36,2.1135461e+29,0.000000
4,-1,-31,2.1118936e+29,0.000000
8,-3,15,2.1118243e+29,0.000000
8,2,11,2.1074148e+29,0.000000
3,3,-19,2.0824385e+29,0.000000
10,-7,37,2.0808277e+29,0.000000
10,10,26,2.066554e+29,0.000000
8,6,30,2.0616076e+29,0.000000
8,2,4,2.0592262e+29,0.000000
5,-3,-14,2.0412775e+29,0.000000
7,7,55,2.0406829e+29,0.000000
8,8,40,2.0315245e+29,0.000000
10,-4,5,2.0246336e+29,0.000000
8,-5,-3,2.0217094e+29,0.000000
7,1,-9,2.0174588e+29,0.000000
8,-3,0,1.9832503e+29,0.000000
6,5,52,1.9775781e+29,0.000000
2,-2,-37,1.9730702e+29,0.000000
7,4,22,1.9702669e+29,0.000000
3,2,51,1.9672476e+29,0.000000
4,-1,46,1.9612839e+29,0.000000
6,-4,50,1.9596575e+29,0.000000
6,1,24,1.9539899e+29,0.000000
6,-2,-15,1.9496382e+29,0.000000
8,5,19,1.9266469e+29,0.000000
7,-2,24,1.9070694e+29,0.000000
5,-4,-9,1.8738525e+29,0.000000
4,2,-22,1.8684159e+29,0.000000
9,-5,26,1.8626989e+29,0.000000
5,-1,-25,1.8564173e+29,0.000000
7,-4,43,1.8556796e+29,0.000000
4,3,-13,1.8544339e+29,0.000000
7,-1,18,1.8542194e+29,0.000000
7,1,20,1.8487257e+29,0.000000
8,4,20,1.8380779e+29,0.000000
7,2,21,1.8267345e+29,0.000000
7,7,48,1.8250121e+29,0.000000
8,-4,24,1.8227767e+29,0.000000
5,4,55,1.8192961e+29,0.000000
7,6,45,1.8168579e+29,0.000000
9,-6,40,1.8165009e+29,0.000000
6,4,32,1.8124647e+29,0.000000
6,-1,11,1.7746593e+29,0.000000
9,-3,2,1.7468055e+29,0.000000
2,0,-48,1.7421159e+29,0.000000
2,0,48,1.7421159e+29,0.000000
5,2,37,1.7405525e+29,0.000000
6,1,-16,1.7346005e+29,0.000000
2,1,-35,1.7320588e+29,0.000000
5,2,-3,1.722873e+29,0.000000
8,3,7,1.7204239e+29,0.000000
8,6,31,1.7176771e+29,0.000000
7,-4,-3,1.7173263e+29,0.000000
7,5,36,1.6995954e+29,0.000000
10,-7,38,1.6955451e+29,0.000000
6,-2,37,1.6884728e+29,0.000000
8,3,6,1.6792741e+29,0.000000
5,-1,31,1.6736234e+29,0.000000
6,3,37,1.6725905e+29,0.000000
4,-3,-22,1.6670325e+29,0.000000
8,3,8,1.6647378e+29,0.000000
5,0,-31,1.6577695e+29,0.000000
5,0,31,1.6577695e+29,0.000000
10,-7,2,1.6542386e+29,0.000000
4,1,42,1.6476404e+29,0.000000
7,1,0,1.6476272e+29,0.000000
3,0,-45,1.6440854e+29,0.000000
3,0,45,1.6440854e+29,0.000000
10,-6,1,1.6347493e+29,0.000000
5,-2,40,1.6288877e+29,0.000000
5,-3,51,1.6170517e+29,0.000000
8,-5,36,1.5958435e+29,0.000000
10,-6,20,1.5949481e+29,0.000000
8,5,20,1.594434e+29,0.000000
6,-4,51,1.5814914e+29,0.000000
4,1,-30,1.5670474e+29,0.000000
5,3,42,1.5669221e+29,0.000000
7,7,49,1.5512964e+29,0.000000
5,-3,-15,1.5437794e+29,0.000000
8,-2,10,1.5406252e+29,0.000000
9,-5,27,1.5322815e+29,0.000000
8,3,9,1.5300353e+29,0.000000
3,-1,-39,1.5278453e+29,0.000000
7,-5,55,1.5249186e+29,0.000000
3,1,-35,1.5210617e+29,0.000000
3,-1,53,1.5201798e+29,0.000000
6,5,53,1.5200321e+29,0.000000
6,2,34,1.5160536e+29,0.000000
7,6,46,1.5130533e+29,0.000000
8,3,5,1.5092944e+29,0.000000
3,-3,-32,1.5028123e+29,0.000000
4,-2,39,1.469285e+29,0.000000
4,3,55,1.4519053e+29,0.000000
9,9,54,1.4506016e+29,0.000000
6,-3,37,1.4491401e+29,0.000000
3,1,46,1.4473723e+29,0.000000
8,3,0,1.4458801e+29,0.000000
4,2,41,1.4434245e+29,0.000000
7,2,22,1.4354048e+29,0.000000
8,2,12,1.4287465e+29,0.000000
8,4,21,1.4235991e+29,0.000000
8,6,32,1.4151428e+29,0.000000
2,-2,-38,1.4093313e+29,0.000000
7,-4,44,1.4001448e+29,0.000000
5,-2,-16,1.3933587e+29,0.000000
3,-2,-23,1.3910035e+29,0.000000
6,2,-16,1.3902719e+29,0.000000
4,-1,47,1.3840797e+29,0.000000
7,-2,25,1.3759473e+29,0.000000
10,-10,1,1.3736732e+29,0.000000
10,-7,39,1.3727342e+29,0.000000
7,3,22,1.3609707e+29,0.000000
7,-3,24,1.3599582e+29,0.000000
5,-4,-10,1.355479e+29,0.000000
7,-1,-6,1.3531144e+29,0.000000
8,3,10,1.3366743e+29,0.000000
7,-1,-5,1.3331541e+29,0.000000
7,-1,19,1.3243789e+29,0.000000
4,0,-40,1.3224345e+29,0.000000
4,0,40,1.3224345e+29,0.000000
8,-3,16,1.3185282e+29,0.000000
6,-1,12,1.3156872e+29,0.000000
5,-4,-6,1.3038434e+29,0.000000
8,5,21,1.2940671e+29,0.000000
8,-4,-2,1.277659e+29,0.000000
9,-6,41,1.2746928e+29,0.000000
5,1,-28,1.2722456e+29,0.000000
6,-4,52,1.2720155e+29,0.000000
7,1,21,1.2608425e+29,0.000000
7,6,47,1.2607864e+29,0.000000
6,1,-17,1.255503e+29,0.000000
3,2,52,1.2359778e+29,0.000000
9,-5,28,1.2318235e+29,0.000000
9,-4,7,1.2229388e+29,0.000000
9,9,28,1.2159303e+29,0.000000
5,2,-16,1.2135423e+29,0.000000
8,-4,25,1.21305e+29,0.000000
2,-1,-43,1.2090004e+29,0.000000
10,-8,-1,1.207028e+29,0.000000
4,-1,-32,1.2008605e+29,0.000000
7,5,37,1.197709e+29,0.000000
4,1,43,1.1920026e+29,0.000000
3,2,-19,1.1834719e+29,0.000000
4,4,-12,1.1821992e+29,0.000000
6,3,38,1.175557e+29,0.000000
9,-5,-2,1.1748537e+29,0.000000
6,5,54,1.1671335e+29,0.000000
8,3,4,1.164728e+29,0.000000
8,6,33,1.1639164e+29,0.000000
8,3,2,1.1520361e+29,0.000000
7,7,51,1.1489004e+29,0.000000
6,-2,-16,1.1458186e+29,0.000000
9,-3,7,1.1374255e+29,0.000000
2,0,-49,1.1362387e+29,0.000000
2,0,49,1.1362387e+29,0.000000
9,8,42,1.1350426e+29,0.000000
5,0,-32,1.118228e+29,0.000000
5,0,32,1.118228e+29,0.000000
5,-3,-16,1.1106181e+29,0.000000
8,3,11,1.1102522e+29,0.000000
7,-3,25,1.1082044e+29,0.000000
5,-1,-26,1.1064825e+29,0.000000
10,-7,40,1.1041666e+29,0.000000
7,2,23,1.1019454e+29,0.000000
8,8,51,1.0950064e+29,0.000000
7,-3,27,1.0948857e+29,0.000000
6,0,-20,1.0942299e+29,0.000000
6,0,20,1.0942299e+29,0.000000
7,-3,26,1.0869165e+29,0.000000
4,-2,-19,1.0854212e+29,0.000000
3,-1,54,1.0815335e+29,0.000000
10,-6,21,1.0811074e+29,0.000000
8,4,22,1.0705413e+29,0.000000
8,5,-1,1.0704037e+29,0.000000
4,-4,-22,1.0669391e+29,0.000000
7,-3,28,1.0627722e+29,0.000000
3,3,-20,1.0602412e+29,0.000000
7,-4,45,1.0502265e+29,0.000000
4,3,-14,1.0491178e+29,0.000000
5,3,-10,1.0475028e+29,0.000000
6,-2,38,1.04742e+29,0.000000
7,2,-1,1.0441088e+29,0.000000
7,4,23,1.0440073e+29,0.000000
5,1,32,1.043311e+29,0.000000
8,8,29,1.0417507e+29,0.000000
7,6,48,1.0388934e+29,0.000000
8,-2,11,1.0375098e+29,0.000000
6,1,25,1.0369769e+29,0.000000
10,-9,2,1.0313165e+29,0.000000
8,5,22,1.0303207e+29,0.000000
5,3,43,1.027783e+29,0.000000
2,-2,-39,1.027747e+29,0.000000
6,-4,53,1.0197984e+29,0.000000
9,-4,4,1.017511e+29,0.000000
3,0,-46,1.0049533e+29,0.000000
3,0,46,1.0049533e+29,0.000000
7,-1,-7,9.9514802e+28,0.000000
6,-3,38,9.8917452e+28,0.000000
5,2,38,9.8499822e+28,0.000000
9,5,0,9.8364332e+28,0.000000
7,-3,29,9.8215484e+28,0.000000
7,-2,26,9.7656345e+28,0.000000
6,2,35,9.7582429e+28,0.000000
4,-1,48,9.7288788e+28,0.000000
4,-3,-23,9.715534e+28,0.000000
9,-5,29,9.6903523e+28,0.000000
7,7,52,9.6621105e+28,0.000000
3,1,47,9.5744652e+28,0.000000
7,1,-10,9.5543256e+28,0.000000
2,1,-36,9.5365906e+28,0.000000
2,2,-23,9.4599059e+28,0.000000
6,-1,13,9.4593601e+28,0.000000
8,6,34,9.3853617e+28,0.000000
9,9,29,9.2750161e+28,0.000000
8,7,14,9.2453804e+28,0.000000
5,-3,52,9.2401358e+28,0.000000
9,5,-2,9.2329261e+28,0.000000
10,10,36,9.2279507e+28,0.000000
8,7,13,9.2219283e+28,0.000000
3,-2,-24,9.2055687e+28,0.000000
7,-1,20,9.1870331e+28,0.000000
10,10,39,9.1614694e+28,0.000000
8,7,15,9.0639487e+28,0.000000
5,-4,-11,9.0617173e+28,0.000000
4,-4,-5,9.0431081e+28,0.000000
8,2,13,9.03074e+28,0.000000
10,-4,6,8.9785755e+28,0.000000
6,5,55,8.9566706e+28,0.000000
8,7,12,8.8942205e+28,0.000000
6,1,-18,8.8664752e+28,0.000000
9,-6,42,8.8597621e+28,0.000000
9,9,31,8.8586636e+28,0.000000
4,1,-31,8.8409631e+28,0.000000
10,-7,41,8.823701e+28,0.000000
6,-5,-5,8.7933595e+28,0.000000
6,4,33,8.7856222e+28,0.000000
8,3,12,8.7710081e+28,0.000000
8,7,16,8.755921e+28,0.000000
7,-3,30,8.6736909e+28,0.000000
4,1,44,8.5827123e+28,0.000000
7,6,49,8.580257e+28,0.000000
8,-5,37,8.4954406e+28,0.000000
3,-1,55,8.4656902e+28,0.000000
6,-4,-8,8.4385877e+28,0.000000
8,8,50,8.4331668e+28,0.000000
4,3,-4,8.4325664e+28,0.000000
5,-2,41,8.4268571e+28,0.000000
7,5,38,8.4127098e+28,0.000000
7,1,22,8.4074206e+28,0.000000
6,-4,-9,8.3985143e+28,0.000000
10,8,31,8.3856891e+28,0.000000
3,-3,-33,8.3837491e+28,0.000000
8,7,17,8.3761294e+28,0.000000
7,7,53,8.3511275e+28,0.000000
7,7,54,8.3081577e+28,0.000000
7,2,24,8.2876044e+28,0.000000
9,-8,-2,8.228747e+28,0.000000
6,3,39,8.2220132e+28,0.000000
4,0,-41,8.1906805e+28,0.000000
4,0,41,8.1906805e+28,0.000000
8,7,11,8.165784e+28,0.000000
6,-4,54,8.1474234e+28,0.000000
3,-1,-40,8.0652966e+28,0.000000
4,2,-23,8.0535945e+28,0.000000
8,5,23,8.0495375e+28,0.000000
8,8,30,8.042657e+28,0.000000
3,1,-36,8.0374265e+28,0.000000
8,7,40,8.0120373e+28,0.000000
3,2,53,7.9756002e+28,0.000000
8,7,18,7.9615165e+28,0.000000
6,2,-17,7.9540566e+28,0.000000
8,-3,17,7.9026944e+28,0.000000
8,-4,26,7.874491e+28,0.000000
9,-9,-4,7.8637012e+28,0.000000
7,-4,46,7.8375217e+28,0.000000
8,4,23,7.8323556e+28,0.000000
8,3,-1,7.8034204e+28,0.000000
8,3,3,7.7956069e+28,0.000000
2,-2,-40,7.7058312e+28,0.000000
5,-3,-17,7.6947342e+28,0.000000
9,-5,-1,7.6487156e+28,0.000000
2,0,-50,7.6319738e+28,0.000000
2,0,50,7.6319738e+28,0.000000
8,6,35,7.5589851e+28,0.000000
8,7,19,7.5371585e+28,0.000000
5,0,-33,7.5065276e+28,0.000000
5,0,33,7.5065276e+28,0.000000
9,-5,30,7.47009e+28,0.000000
10,10,35,7.4669077e+28,0.000000
8,8,36,7.4654522e+28,0.000000
10,10,30,7.4446494e+28,0.000000
9,5,4,7.4229718e+28,0.000000
5,1,-29,7.4172641e+28,0.000000
7,-3,31,7.3704573e+28,0.000000
5,3,-11,7.3530346e+28,0.000000
5,-2,-17,7.3123571e+28,0.000000
4,-2,40,7.272791e+28,0.000000
3,-2,-25,7.2570727e+28,0.000000
10,-6,22,7.1424177e+28,0.000000
8,7,20,7.120345e+28,0.000000
9,5,5,7.0959349e+28,0.000000
9,5,1,7.0663285e+28,0.000000
7,6,50,7.0183109e+28,0.000000
10,-7,42,7.0057344e+28,0.000000
5,-1,32,7.0052256e+28,0.000000
8,7,10,7.0028009e+28,0.000000
2,-1,-44,6.9141201e+28,0.000000
9,-4,8,6.8398482e+28,0.000000
7,-2,27,6.8286183e+28,0.000000
4,-1,49,6.8098453e+28,0.000000
4,-1,-33,6.8041771e+28,0.000000
8,-7,-5,6.7867971e+28,0.000000
9,-3,8,6.7432068e+28,0.000000
6,-3,39,6.724841e+28,0.000000
8,7,21,6.7228317e+28,0.000000
5,3,44,6.7039997e+28,0.000000
2,1,40,6.6512261e+28,0.000000
4,2,42,6.6483269e+28,0.000000
8,-2,12,6.6402451e+28,0.000000
6,-2,-17,6.6164146e+28,0.000000
6,-1,14,6.6091436e+28,0.000000
8,3,13,6.5920988e+28,0.000000
5,-1,-27,6.5673229e+28,0.000000
9,5,3,6.5621466e+28,0.000000
6,-4,-10,6.5601048e+28,0.000000
8,7,32,6.5005945e+28,0.000000
6,-4,55,6.483009e+28,0.000000
8,8,15,6.4749022e+28,0.000000
6,-2,39,6.460017e+28,0.000000
8,8,14,6.409318e+28,0.000000
8,-2,0,6.3929406e+28,0.000000
7,3,23,6.3918042e+28,0.000000
8,8,16,6.3804099e+28,0.000000
9,5,6,6.3749326e+28,0.000000
8,7,22,6.3520545e+28,0.000000
8,5,-3,6.3357906e+28,0.000000
5,2,-17,6.3191144e+28,0.000000
10,-10,0,6.3174479e+28,0.000000
3,1,48,6.2520225e+28,0.000000
6,2,36,6.2441329e+28,0.000000
7,-1,21,6.2111792e+28,0.000000
8,8,17,6.1882925e+28,0.000000
8,5,24,6.1721379e+28,0.000000
7,-1,-8,6.1580532e+28,0.000000
4,1,45,6.152978e+28,0.000000
3,0,-47,6.1420234e+28,0.000000
3,0,47,6.1420234e+28,0.000000
6,1,-19,6.129053e+28,0.000000
7,2,25,6.1201762e+28,0.000000
8,8,13,6.1168162e+28,0.000000
10,-8,-2,6.112448e+28,0.000000
9,-6,43,6.0987172e+28,0.000000
7,-3,32,6.0658404e+28,0.000000
8,6,36,6.0436961e+28,0.000000
9,-9,-5,6.026976e+28,0.000000
8,7,23,6.0119361e+28,0.000000
10,8,39,5.9990867e+28,0.000000
8,8,33,5.9963703e+28,0.000000
3,-2,-26,5.9927788e+28,0.000000
4,3,-15,5.969641e+28,0.000000
2,-2,-41,5.9623018e+28,0.000000
8,8,18,5.9451065e+28,0.000000
10,10,29,5.9132492e+28,0.000000
7,5,39,5.8951145e+28,0.000000
9,9,36,5.8926298e+28,0.000000
7,-4,47,5.8234944e+28,0.000000
7,6,51,5.7707883e+28,0.000000
5,3,-12,5.7562996e+28,0.000000
5,-4,-12,5.7508104e+28,0.000000
6,3,40,5.724766e+28,0.000000
8,7,24,5.7035857e+28,0.000000
9,5,7,5.6994326e+28,0.000000
9,9,44,5.6922194e+28,0.000000
8,8,19,5.6810398e+28,0.000000
4,-3,-24,5.6712255e+28,0.000000
9,-5,31,5.6507087e+28,0.000000
8,4,24,5.5832315e+28,0.000000
8,8,12,5.5560031e+28,0.000000
7,4,24,5.5509885e+28,0.000000
10,-7,43,5.5268466e+28,0.000000
8,7,9,5.5247144e+28,0.000000
7,1,23,5.4945619e+28,0.000000
9,-4,3,5.4896496e+28,0.000000
5,2,39,5.4690866e+28,0.000000
3,3,-21,5.4281224e+28,0.000000
8,7,25,5.4259622e+28,0.000000
2,1,45,5.4174031e+28,0.000000
8,8,20,5.4136717e+28,0.000000
10,-5,6,5.3898185e+28,0.000000
8,8,38,5.3556822e+28,0.000000
3,2,54,5.3527038e+28,0.000000
4,-4,-23,5.3430265e+28,0.000000
8,7,30,5.3402509e+28,0.000000
6,1,26,5.3228923e+28,0.000000
8,2,14,5.3176514e+28,0.000000
8,-6,-5,5.2946254e+28,0.000000
4,4,-13,5.2780753e+28,0.000000
2,1,46,5.2750642e+28,0.000000
2,0,-51,5.2676254e+28,0.000000
2,0,51,5.2676254e+28,0.000000
2,1,-37,5.2619652e+28,0.000000
5,-3,-18,5.1803577e+28,0.000000
8,7,26,5.1764768e+28,0.000000
8,8,21,5.1521159e+28,0.000000
9,5,2,5.1484862e+28,0.000000
9,9,46,5.1448827e+28,0.000000
5,-3,53,5.1344791e+28,0.000000
9,5,8,5.0929302e+28,0.000000
4,0,-42,5.051077e+28,0.000000
4,0,42,5.051077e+28,0.000000
5,0,-34,5.0180703e+28,0.000000
5,0,34,5.0180703e+28,0.000000
7,-1,-4,5.0175933e+28,0.000000
7,0,-6,4.9876332e+28,0.000000
7,0,6,4.9876332e+28,0.000000
7,-1,0,4.9872954e+28,0.000000
8,-4,27,4.9856224e+28,0.000000
4,-2,-20,4.9794851e+28,0.000000
9,9,37,4.977208e+28,0.000000
4,1,-32,4.9733759e+28,0.000000
2,1,44,4.9727179e+28,0.000000
8,7,27,4.9515096e+28,0.000000
8,8,22,4.9002032e+28,0.000000
3,-2,-27,4.8773915e+28,0.000000
7,-3,33,4.8615498e+28,0.000000
8,6,37,4.8344997e+28,0.000000
7,0,-7,4.7603998e+28,0.000000
7,0,7,4.7603998e+28,0.000000
2,-2,-42,4.7595098e+28,0.000000
8,8,11,4.7589813e+28,0.000000
2,1,47,4.7534316e+28,0.000000
8,7,28,4.7468607e+28,0.000000
10,10,55,4.745876e+28,0.000000
4,-1,50,4.7447558e+28,0.000000
8,3,14,4.7127951e+28,0.000000
7,-2,28,4.7105453e+28,0.000000
3,-3,-34,4.6972395e+28,0.000000
7,6,52,4.67145e+28,0.000000
10,-7,1,4.659578e+28,0.000000
8,8,23,4.6586709e+28,0.000000
6,6,-6,4.6479856e+28,0.000000
8,5,25,4.6450744e+28,0.000000
10,-6,23,4.6082243e+28,0.000000
9,-3,9,4.6017695e+28,0.000000
7,-1,-3,4.5852224e+28,0.000000
6,-4,-11,4.5625472e+28,0.000000
8,7,29,4.5587241e+28,0.000000
6,-3,40,4.5550922e+28,0.000000
8,-3,18,4.5509194e+28,0.000000
3,2,-20,4.5466827e+28,0.000000
8,-5,38,4.5267784e+28,0.000000
10,10,31,4.5265232e+28,0.000000
6,-1,15,4.4942137e+28,0.000000
9,8,46,4.4877946e+28,0.000000
6,2,-18,4.483925e+28,0.000000
9,5,9,4.4660045e+28,0.000000
9,8,55,4.4644295e+28,0.000000
8,7,31,4.4602503e+28,0.000000
7,2,26,4.4460341e+28,0.000000
5,3,-13,4.4289678e+28,0.000000
8,8,24,4.4267014e+28,0.000000
8,7,33,4.4138495e+28,0.000000
4,1,46,4.3930166e+28,0.000000
9,9,34,4.352167e+28,0.000000
5,3,45,4.3450775e+28,0.000000
10,-7,44,4.3327845e+28,0.000000
7,-4,48,4.3112544e+28,0.000000
9,-4,9,4.3106241e+28,0.000000
5,1,-30,4.3102422e+28,0.000000
7,0,-5,4.2702253e+28,0.000000
7,0,5,4.2702253e+28,0.000000
3,-1,-41,4.2479902e+28,0.000000
8,8,43,4.2435204e+28,0.000000
9,7,11,4.2385473e+28,0.000000
3,1,-37,4.2366202e+28,0.000000
8,8,37,4.2252356e+28,0.000000
9,7,12,4.2173671e+28,0.000000
8,8,25,4.2030976e+28,0.000000
5,-2,42,4.2015658e+28,0.000000
9,-5,32,4.199694e+28,0.000000
6,1,-20,4.1584645e+28,0.000000
9,-6,44,4.1572895e+28,0.000000
9,9,33,4.1350452e+28,0.000000
7,6,53,4.1267678e+28,0.000000
6,0,-21,4.1235997e+28,0.000000
6,0,21,4.1235997e+28,0.000000
7,5,40,4.1221347e+28,0.000000
7,1,-11,4.1189342e+28,0.000000
5,-5,-9,4.1139365e+28,0.000000
5,1,33,4.1073243e+28,0.000000
7,-1,22,4.1044145e+28,0.000000
9,7,10,4.0783793e+28,0.000000
8,7,8,4.069419e+28,0.000000
9,7,13,4.0658307e+28,0.000000
6,4,34,4.0642069e+28,0.000000
7,7,-6,4.0504194e+28,0.000000
2,1,48,4.0454204e+28,0.000000
7,0,-8,4.0358649e+28,0.000000
7,0,8,4.0358649e+28,0.000000
3,1,49,4.0340891e+28,0.000000
8,-2,13,4.0276556e+28,0.000000
6,-4,-7,4.0275193e+28,0.000000
10,10,33,4.002261e+28,0.000000
2,-1,-45,3.9880419e+28,0.000000
8,8,26,3.9873151e+28,0.000000
8,7,41,3.9750288e+28,0.000000
6,2,37,3.9722423e+28,0.000000
6,3,41,3.9694389e+28,0.000000
6,-2,40,3.9590246e+28,0.000000
2,-2,-43,3.9054237e+28,0.000000
8,7,34,3.899653e+28,0.000000
9,8,41,3.8856046e+28,0.000000
5,-1,-28,3.8834929e+28,0.000000
8,4,25,3.8813531e+28,0.000000
8,8,28,3.8809136e+28,0.000000
8,8,10,3.8768032e+28,0.000000
3,-2,-28,3.8477939e+28,0.000000
4,-1,-34,3.8388779e+28,0.000000
2,1,43,3.8384495e+28,0.000000
9,7,14,3.8321282e+28,0.000000
10,-4,4,3.8305889e+28,0.000000
7,-3,34,3.8113192e+28,0.000000
8,6,38,3.7943492e+28,0.000000
8,8,27,3.7815159e+28,0.000000
3,2,55,3.7778558e+28,0.000000
9,5,10,3.773052e+28,0.000000
6,-2,-18,3.7621282e+28,0.000000
3,0,-48,3.7612896e+28,0.000000
3,0,48,3.7612896e+28,0.000000
5,-2,-18,3.7585029e+28,0.000000
7,0,-2,3.7401253e+28,0.000000
7,0,2,3.7401253e+28,0.000000
7,3,24,3.732141e+28,0.000000
8,7,37,3.7284164e+28,0.000000
2,0,-52,3.7173665e+28,0.000000
2,0,52,3.7173665e+28,0.000000
9,7,9,3.7056335e+28,0.000000
8,7,35,3.6578773e+28,0.000000
8,-1,3,3.6176443e+28,0.000000
9,-3,10,3.609681e+28,0.000000
10,9,27,3.6018987e+28,0.000000
9,7,15,3.5553182e+28,0.000000
7,1,24,3.5260983e+28,0.000000
5,-4,-13,3.5201734e+28,0.000000
7,3,28,3.4706147e+28,0.000000
5,-2,-3,3.4693752e+28,0.000000
8,7,36,3.4598589e+28,0.000000
4,-2,41,3.4579744e+28,0.000000
8,5,26,3.4307844e+28,0.000000
5,-3,-19,3.4112468e+28,0.000000
7,3,27,3.4105211e+28,0.000000
4,3,-16,3.408611e+28,0.000000
8,-3,-1,3.3974016e+28,0.000000
9,3,0,3.3816982e+28,0.000000
4,2,-24,3.3777158e+28,0.000000
10,-7,45,3.375791e+28,0.000000
7,-1,-9,3.3733775e+28,0.000000
8,8,6,3.3694969e+28,0.000000
7,3,29,3.3473584e+28,0.000000
5,0,-35,3.342362e+28,0.000000
5,0,35,3.342362e+28,0.000000
10,10,34,3.3259501e+28,0.000000
10,10,37,3.3165548e+28,0.000000
4,-3,-25,3.3162313e+28,0.000000
2,2,-24,3.3144815e+28,0.000000
4,-1,51,3.2889989e+28,0.000000
2,1,49,3.2887905e+28,0.000000
8,8,5,3.2855003e+28,0.000000
7,4,25,3.2838216e+28,0.000000
2,-2,-44,3.2754124e+28,0.000000
5,3,-14,3.2699817e+28,0.000000
9,7,16,3.2652373e+28,0.000000
9,9,35,3.2622615e+28,0.000000
8,7,5,3.2342481e+28,0.000000
5,2,-18,3.224574e+28,0.000000
7,3,26,3.2127144e+28,0.000000
8,7,39,3.2108279e+28,0.000000
7,-2,29,3.2092127e+28,0.000000
8,3,15,3.2024239e+28,0.000000
7,-4,49,3.1822224e+28,0.000000
7,2,27,3.1821463e+28,0.000000
9,-3,0,3.1771607e+28,0.000000
8,8,9,3.1719644e+28,0.000000
9,7,8,3.1562291e+28,0.000000
7,0,-9,3.1487634e+28,0.000000
7,0,9,3.1487634e+28,0.000000
8,7,4,3.1431401e+28,0.000000
8,-1,2,3.124439e+28,0.000000
4,1,47,3.1238326e+28,0.000000
9,-3,11,3.1211584e+28,0.000000
7,3,25,3.1132599e+28,0.000000
8,7,7,3.112554e+28,0.000000
10,9,38,3.106538e+28,0.000000
4,0,-43,3.1012626e+28,0.000000
4,0,43,3.1012626e+28,0.000000
8,8,7,3.0808962e+28,0.000000
8,-4,28,3.0773217e+28,0.000000
7,6,54,3.0763401e+28,0.000000
7,3,30,3.0756108e+28,0.000000
6,-3,41,3.0750711e+28,0.000000
9,-5,33,3.0700906e+28,0.000000
8,7,38,3.0638573e+28,0.000000
9,5,11,3.035431e+28,0.000000
10,-5,7,3.0267762e+28,0.000000
8,8,2,3.0133474e+28,0.000000
8,8,47,3.0071151e+28,0.000000
8,7,55,2.9957722e+28,0.000000
8,6,39,2.9880001e+28,0.000000
9,7,17,2.9835815e+28,0.000000
8,8,-5,2.9829707e+28,0.000000
6,-1,16,2.9776206e+28,0.000000
6,-4,-12,2.9696001e+28,0.000000
5,2,40,2.9667829e+28,0.000000
3,-2,-29,2.9413051e+28,0.000000
8,7,6,2.9407042e+28,0.000000
9,-4,10,2.9347294e+28,0.000000
10,-6,24,2.9336282e+28,0.000000
7,-3,35,2.9332504e+28,0.000000
9,9,39,2.9123533e+28,0.000000
2,1,-38,2.9098579e+28,0.000000
8,2,15,2.9065834e+28,0.000000
4,2,43,2.9027262e+28,0.000000
8,8,8,2.8987138e+28,0.000000
9,8,40,2.8947298e+28,0.000000
7,5,41,2.8777862e+28,0.000000
8,7,50,2.8422069e+28,0.000000
8,8,4,2.8399438e+28,0.000000
8,8,-1,2.8338408e+28,0.000000
10,-4,7,2.8127897e+28,0.000000
9,-3,12,2.8112799e+28,0.000000
9,-6,45,2.8061381e+28,0.000000
7,4,30,2.8027381e+28,0.000000
7,4,31,2.7980559e+28,0.000000
8,8,1,2.7955329e+28,0.000000
5,3,46,2.7950637e+28,0.000000
3,3,-22,2.7925787e+28,0.000000
2,-2,-45,2.7903726e+28,0.000000
4,1,-33,2.7881031e+28,0.000000
5,-3,54,2.7800635e+28,0.000000
6,1,-21,2.7758843e+28,0.000000
5,-5,-10,2.7712336e+28,0.000000
10,9,30,2.7569531e+28,0.000000
6,3,42,2.7416878e+28,0.000000
9,7,4,2.731915e+28,0.000000
10,-7,0,2.730687e+28,0.000000
5,-1,33,2.7278516e+28,0.000000
9,7,18,2.7248099e+28,0.000000
8,8,52,2.7171378e+28,0.000000
7,3,31,2.7132297e+28,0.000000
10,-6,0,2.6997983e+28,0.000000
7,4,29,2.69536e+28,0.000000
8,8,3,2.6918221e+28,0.000000
8,8,45,2.689958e+28,0.000000
7,4,32,2.687665e+28,0.000000
4,-4,-24,2.6867839e+28,0.000000
2,0,-53,2.6639409e+28,0.000000
2,0,53,2.6639409e+28,0.000000
7,-1,23,2.6571691e+28,0.000000
3,-3,-35,2.6430525e+28,0.000000
6,1,27,2.6338698e+28,0.000000
8,4,26,2.6324952e+28,0.000000
9,3,3,2.6154048e+28,0.000000
10,-7,46,2.6143361e+28,0.000000
9,7,3,2.6123068e+28,0.000000
8,7,45,2.6089224e+28,0.000000
9,7,7,2.5892304e+28,0.000000
10,10,50,2.5849242e+28,0.000000
8,8,44,2.5809599e+28,0.000000
3,1,50,2.5808626e+28,0.000000
2,1,50,2.5749073e+28,0.000000
8,-5,39,2.5652488e+28,0.000000
5,-5,-8,2.5491003e+28,0.000000
8,-3,19,2.5477412e+28,0.000000
9,-7,-5,2.5416012e+28,0.000000
9,-3,13,2.5307974e+28,0.000000
10,-9,1,2.5215581e+28,0.000000
8,8,54,2.5146409e+28,0.000000
6,2,38,2.5119462e+28,0.000000
7,4,28,2.5095456e+28,0.000000
9,7,19,2.4969669e+28,0.000000
5,1,-31,2.496822e+28,0.000000
7,4,33,2.4956986e+28,0.000000
6,2,-19,2.4922368e+28,0.000000
8,5,27,2.4859858e+28,0.000000
9,3,4,2.4841112e+28,0.000000
6,-1,0,2.4821776e+28,0.000000
7,6,55,2.4817368e+28,0.000000
7,4,26,2.4657298e+28,0.000000
4,4,-14,2.41459e+28,0.000000
6,-2,41,2.4088737e+28,0.000000
9,7,5,2.4031735e+28,0.000000
2,-2,-46,2.4012179e+28,0.000000
9,7,0,2.3958676e+28,0.000000
9,-4,2,2.384788e+28,0.000000
9,-8,-3,2.3840538e+28,0.000000
7,4,27,2.3541023e+28,0.000000
8,7,42,2.3514526e+28,0.000000
8,6,40,2.3472978e+28,0.000000
7,-4,50,2.3433844e+28,0.000000
10,10,38,2.3339298e+28,0.000000
2,1,42,2.3289516e+28,0.000000
2,-1,-46,2.3271435e+28,0.000000
5,3,-15,2.3219502e+28,0.000000
3,0,-49,2.3159248e+28,0.000000
3,0,49,2.3159248e+28,0.000000
7,3,32,2.3144272e+28,0.000000
9,5,12,2.3123374e+28,0.000000
8,7,3,2.3118837e+28,0.000000
7,0,-4,2.3085356e+28,0.000000
7,0,4,2.3085356e+28,0.000000
8,-2,14,2.3052335e+28,0.000000
9,7,20,2.3026846e+28,0.000000
7,0,-10,2.3013373e+28,0.000000
7,0,10,2.3013373e+28,0.000000
5,-1,-29,2.28871e+28,0.000000
9,7,6,2.275754e+28,0.000000
4,-1,52,2.2667647e+28,0.000000
4,-2,-21,2.2546392e+28,0.000000
7,4,34,2.2510456e+28,0.000000
7,2,28,2.2467348e+28,0.000000
8,8,-3,2.2463093e+28,0.000000
8,8,0,2.2450436e+28,0.000000
8,8,49,2.2425063e+28,0.000000
9,9,43,2.2348969e+28,0.000000
3,-1,-42,2.2348786e+28,0.000000
9,5,-1,2.2304694e+28,0.000000
3,1,-38,2.2270529e+28,0.000000
9,-3,14,2.2269536e+28,0.000000
7,1,25,2.2252087e+28,0.000000
7,-3,36,2.2226004e+28,0.000000
5,0,-36,2.219059e+28,0.000000
5,0,36,2.219059e+28,0.000000
4,1,48,2.2122154e+28,0.000000
9,-5,34,2.2096141e+28,0.000000
5,-3,-20,2.2079032e+28,0.000000
3,-2,-30,2.1874321e+28,0.000000
6,-4,-6,2.1825677e+28,0.000000
7,-2,-1,2.1682287e+28,0.000000
7,-2,30,2.161309e+28,0.000000
9,-9,-6,2.1596587e+28,0.000000
8,8,-2,2.1570492e+28,0.000000
4,-1,-35,2.154703e+28,0.000000
9,7,21,2.1404159e+28,0.000000
9,-4,11,2.1272179e+28,0.000000
6,-2,-19,2.1099678e+28,0.000000
5,-4,-14,2.0994749e+28,0.000000
8,7,1,2.0889154e+28,0.000000
6,2,-2,2.0826708e+28,0.000000
8,8,53,2.0805991e+28,0.000000
2,-2,-47,2.0779042e+28,0.000000
9,-6,-3,2.077722e+28,0.000000
6,-3,42,2.069518e+28,0.000000
8,-1,4,2.0693565e+28,0.000000
8,3,16,2.065498e+28,0.000000
6,1,-2,2.0646995e+28,0.000000
10,-5,5,2.0550358e+28,0.000000
8,7,43,2.045489e+28,0.000000
10,-7,47,2.0127414e+28,0.000000
7,5,42,2.0067051e+28,0.000000
9,7,22,2.0057815e+28,0.000000
5,-2,43,1.9980652e+28,0.000000
8,8,-4,1.9941835e+28,0.000000
10,9,54,1.9929915e+28,0.000000
6,3,-3,1.9829581e+28,0.000000
9,9,40,1.9817647e+28,0.000000
9,-6,-2,1.9809513e+28,0.000000
7,4,35,1.9804451e+28,0.000000
10,-10,-1,1.9630802e+28,0.000000
9,7,2,1.9584982e+28,0.000000
8,8,48,1.9540195e+28,0.000000
2,1,51,1.9500507e+28,0.000000
4,3,-17,1.9495128e+28,0.000000
4,-3,-26,1.9427395e+28,0.000000
2,0,-54,1.9238229e+28,0.000000
2,0,54,1.9238229e+28,0.000000
6,-1,17,1.9237767e+28,0.000000
9,3,5,1.9211434e+28,0.000000
7,3,33,1.9200557e+28,0.000000
9,7,1,1.9151221e+28,0.000000
9,-3,15,1.8964422e+28,0.000000
4,0,-44,1.8962749e+28,0.000000
4,0,44,1.8962749e+28,0.000000
9,7,23,1.8928589e+28,0.000000
2,1,41,1.8916081e+28,0.000000
8,7,44,1.891489e+28,0.000000
5,-2,-19,1.8900783e+28,0.000000
10,-6,25,1.8881618e+28,0.000000
6,3,43,1.8868058e+28,0.000000
9,-6,46,1.8756214e+28,0.000000
8,6,41,1.8604046e+28,0.000000
6,-4,-13,1.853233e+28,0.000000
8,-4,29,1.8501734e+28,0.000000
5,-1,-1,1.8380656e+28,0.000000
6,1,-22,1.8268412e+28,0.000000
2,-2,-48,1.8022467e+28,0.000000
9,6,9,1.7965906e+28,0.000000
9,7,24,1.7952805e+28,0.000000
6,4,35,1.7913402e+28,0.000000
9,7,-4,1.7912958e+28,0.000000
8,7,0,1.7827255e+28,0.000000
5,3,47,1.7816965e+28,0.000000
8,5,28,1.7662924e+28,0.000000
9,9,41,1.7553585e+28,0.000000
8,4,-3,1.7539083e+28,0.000000
9,7,-2,1.7482348e+28,0.000000
3,2,-21,1.7455812e+28,0.000000
9,6,10,1.7419494e+28,0.000000
8,4,27,1.7418462e+28,0.000000
9,6,8,1.7398638e+28,0.000000
9,9,42,1.7388901e+28,0.000000
8,7,2,1.7292886e+28,0.000000
9,-3,1,1.7262486e+28,0.000000
7,-4,51,1.722698e+28,0.000000
9,7,25,1.7070659e+28,0.000000
7,4,36,1.7059824e+28,0.000000
8,-5,40,1.6951534e+28,0.000000
7,-1,24,1.6884798e+28,0.000000
10,-6,-1,1.6827868e+28,0.000000
10,8,34,1.6793653e+28,0.000000
9,5,13,1.6661692e+28,0.000000
7,-3,37,1.6620777e+28,0.000000
7,-1,-10,1.6620617e+28,0.000000
3,1,51,1.6492282e+28,0.000000
9,6,11,1.6276994e+28,0.000000
9,7,26,1.6231722e+28,0.000000
9,-4,12,1.6202501e+28,0.000000
8,-1,1,1.6136657e+28,0.000000
2,1,-39,1.6131044e+28,0.000000
5,2,-19,1.6092232e+28,0.000000
7,1,-12,1.6080488e+28,0.000000
9,8,51,1.6051652e+28,0.000000
9,9,47,1.6006977e+28,0.000000
5,3,-16,1.5957546e+28,0.000000
7,0,-11,1.5907376e+28,0.000000
7,0,11,1.5907376e+28,0.000000
3,-2,-31,1.5899784e+28,0.000000
6,2,39,1.5785501e+28,0.000000
6,0,-22,1.5714162e+28,0.000000
6,0,22,1.5714162e+28,0.000000
9,-5,35,1.5669624e+28,0.000000
7,2,29,1.5664439e+28,0.000000
4,-2,42,1.5639422e+28,0.000000
5,2,41,1.5633239e+28,0.000000
2,-2,-49,1.5632221e+28,0.000000
4,1,49,1.5597773e+28,0.000000
9,3,2,1.5580664e+28,0.000000
9,-3,16,1.5570751e+28,0.000000
4,1,-34,1.5565758e+28,0.000000
7,3,34,1.5563187e+28,0.000000
8,7,-2,1.5525564e+28,0.000000
4,-1,53,1.5521121e+28,0.000000
10,9,28,1.5409337e+28,0.000000
10,-7,48,1.5407176e+28,0.000000
9,7,27,1.5397862e+28,0.000000
9,6,7,1.5277834e+28,0.000000
5,1,34,1.5053156e+28,0.000000
8,7,46,1.4994466e+28,0.000000
5,-5,-11,1.4944923e+28,0.000000
5,-3,55,1.4943472e+28,0.000000
3,-3,-36,1.4936906e+28,0.000000
9,6,12,1.4927868e+28,0.000000
8,7,47,1.4691152e+28,0.000000
5,0,-37,1.4689798e+28,0.000000
5,0,37,1.4689798e+28,0.000000
8,2,16,1.4682401e+28,0.000000
9,7,28,1.4544033e+28,0.000000
6,-2,42,1.453406e+28,0.000000
3,3,-23,1.4431282e+28,0.000000
5,1,-32,1.4417152e+28,0.000000
7,4,37,1.441629e+28,0.000000
3,0,-50,1.4412689e+28,0.000000
3,0,50,1.4412689e+28,0.000000
7,-2,31,1.4399784e+28,0.000000
8,-3,20,1.4383459e+28,0.000000
2,1,52,1.4327631e+28,0.000000
5,-3,-21,1.4098721e+28,0.000000
8,6,42,1.4095751e+28,0.000000
4,4,-5,1.4022872e+28,0.000000
7,5,43,1.3983328e+28,0.000000
2,0,-55,1.389379e+28,0.000000
2,0,55,1.389379e+28,0.000000
6,-3,43,1.3887575e+28,0.000000
7,1,26,1.3823435e+28,0.000000
2,-1,-47,1.3804429e+28,0.000000
9,7,-3,1.3767599e+28,0.000000
8,-5,41,1.3731377e+28,0.000000
4,2,-25,1.3678325e+28,0.000000
6,2,-20,1.3665314e+28,0.000000
9,7,29,1.3657793e+28,0.000000
9,6,13,1.3606324e+28,0.000000
9,7,-1,1.3567792e+28,0.000000
4,-4,-25,1.3562712e+28,0.000000
2,-2,-50,1.3539722e+28,0.000000
10,-4,8,1.3472887e+28,0.000000
5,-1,-30,1.3445278e+28,0.000000
10,-9,0,1.3271187e+28,0.000000
9,3,6,1.3219195e+28,0.000000
9,7,30,1.318634e+28,0.000000
6,3,44,1.2939929e+28,0.000000
8,-5,42,1.2917468e+28,0.000000
8,-5,43,1.2882381e+28,0.000000
8,-5,44,1.285199e+28,0.000000
10,-6,26,1.280773e+28,0.000000
9,-4,13,1.2781728e+28,0.000000
7,-4,52,1.2649669e+28,0.000000
10,-10,-2,1.2639272e+28,0.000000
8,3,17,1.262686e+28,0.000000
7,6,-5,1.2556649e+28,0.000000
6,1,28,1.2549291e+28,0.000000
8,-5,45,1.2529677e+28,0.000000
9,6,14,1.2425856e+28,0.000000
9,-6,47,1.2416615e+28,0.000000
4,2,44,1.2411184e+28,0.000000
8,7,48,1.2402819e+28,0.000000
8,-2,15,1.2383793e+28,0.000000
7,3,35,1.2370684e+28,0.000000
9,-3,17,1.231362e+28,0.000000
8,5,29,1.229463e+28,0.000000
9,8,29,1.2293159e+28,0.000000
7,-3,38,1.2290976e+28,0.000000
5,-4,-15,1.2283458e+28,0.000000
6,-1,18,1.2127609e+28,0.000000
9,8,50,1.2018806e+28,0.000000
4,-1,-36,1.2018585e+28,0.000000
7,4,38,1.1991266e+28,0.000000
9,7,31,1.189782e+28,0.000000
9,7,32,1.1886504e+28,0.000000
6,1,-23,1.1874656e+28,0.000000
8,-5,46,1.1866262e+28,0.000000
10,9,29,1.1777352e+28,0.000000
3,-1,-43,1.1766889e+28,0.000000
10,-8,-3,1.174773e+28,0.000000
9,6,6,1.1739071e+28,0.000000
10,-7,49,1.1728416e+28,0.000000
2,-2,-51,1.1700696e+28,0.000000
6,-2,-20,1.1686537e+28,0.000000
3,1,-39,1.1673484e+28,0.000000
7,3,-7,1.164246e+28,0.000000
4,0,-45,1.1557383e+28,0.000000
4,0,45,1.1557383e+28,0.000000
9,9,55,1.1469704e+28,0.000000
9,6,15,1.142042e+28,0.000000
4,-3,-27,1.1402679e+28,0.000000
9,5,14,1.1401476e+28,0.000000
10,9,31,1.1347703e+28,0.000000
3,-2,-32,1.1341345e+28,0.000000
2,2,-25,1.1316446e+28,0.000000
8,7,-4,1.1265439e+28,0.000000
4,4,-15,1.1255104e+28,0.000000
6,-4,-14,1.1240541e+28,0.000000
8,4,28,1.1237588e+28,0.000000
5,3,48,1.1231909e+28,0.000000
4,3,-18,1.1153663e+28,0.000000
6,4,-8,1.1121762e+28,0.000000
9,-5,36,1.095624e+28,0.000000
4,1,50,1.0945686e+28,0.000000
8,-5,47,1.0924869e+28,0.000000
8,6,43,1.0876119e+28,0.000000
8,-4,30,1.0821765e+28,0.000000
7,2,30,1.0793768e+28,0.000000
3,1,52,1.0680415e+28,0.000000
5,3,-17,1.0674914e+28,0.000000
9,5,-3,1.065826e+28,0.000000
9,6,16,1.0577201e+28,0.000000
4,-1,54,1.0550695e+28,0.000000
7,-1,25,1.0546873e+28,0.000000
9,9,53,1.0528113e+28,0.000000
8,7,49,1.052797e+28,0.000000
8,-1,5,1.0491959e+28,0.000000
7,0,-12,1.0450224e+28,0.000000
7,0,12,1.0450224e+28,0.000000
10,-5,8,1.037386e+28,0.000000
9,9,48,1.0335928e+28,0.000000
9,-4,14,1.0299275e+28,0.000000
2,1,53,1.0235948e+28,0.000000
2,-2,-52,1.0083744e+28,0.000000
9,7,33,1.006898e+28,0.000000
4,-2,-22,1.0046418e+28,0.000000
7,3,-6,9.9379019e+27,0.000000
5,-1,34,9.8798965e+27,0.000000
9,6,17,9.8602166e+27,0.000000
6,2,40,9.8523908e+27,0.000000
7,4,39,9.8320971e+27,0.000000
8,-5,48,9.8058416e+27,0.000000
7,5,44,9.7357174e+27,0.000000
5,0,-38,9.6980224e+27,0.000000
5,0,38,9.6980224e+27,0.000000
7,3,36,9.6713679e+27,0.000000
10,-6,27,9.589061e+27,0.000000
7,-2,32,9.496868e+27,0.000000
9,-3,18,9.3800693e+27,0.000000
6,-3,44,9.2935932e+27,0.000000
7,-4,53,9.28297e+27,0.000000
5,-2,-20,9.2822913e+27,0.000000
9,6,18,9.2265763e+27,0.000000
3,0,-51,9.1313187e+27,0.000000
3,0,51,9.1313187e+27,0.000000
9,8,36,9.0452978e+27,0.000000
9,8,30,9.0173975e+27,0.000000
7,-3,39,9.0032375e+27,0.000000
2,1,-40,8.9677738e+27,0.000000
5,-2,44,8.9623491e+27,0.000000
9,7,34,8.9603315e+27,0.000000
9,9,49,8.9476921e+27,0.000000
5,-3,-22,8.9075766e+27,0.000000
10,-8,-4,8.9074442e+27,0.000000
6,4,-7,8.8841713e+27,0.000000
10,-7,50,8.8800637e+27,0.000000
6,3,45,8.8444991e+27,0.000000
8,-3,21,8.8381411e+27,0.000000
9,-8,-4,8.7966458e+27,0.000000
8,7,-1,8.7791699e+27,0.000000
6,-2,43,8.681462e+27,0.000000
6,5,-5,8.6773491e+27,0.000000
2,-2,-53,8.6648426e+27,0.000000
4,1,-35,8.6467835e+27,0.000000
9,6,19,8.6368589e+27,0.000000
8,-5,49,8.6084099e+27,0.000000
9,9,50,8.5953007e+27,0.000000
3,-3,-37,8.4801933e+27,0.000000
7,1,27,8.459109e+27,0.000000
2,-1,-48,8.3887531e+27,0.000000
8,6,44,8.3775235e+27,0.000000
9,-4,15,8.3751604e+27,0.000000
8,5,30,8.3742145e+27,0.000000
9,3,7,8.3245301e+27,0.000000
5,1,-33,8.2963269e+27,0.000000
8,7,51,8.2776226e+27,0.000000
9,4,2,8.2672373e+27,0.000000
9,6,2,8.2452089e+27,0.000000
7,3,-8,8.1875576e+27,0.000000
10,10,51,8.1533152e+27,0.000000
9,-6,48,8.1450994e+27,0.000000
6,4,-9,8.0910906e+27,0.000000
9,6,5,8.0865321e+27,0.000000
10,-6,28,8.0728011e+27,0.000000
9,6,20,8.060743e+27,0.000000
9,7,35,7.9967538e+27,0.000000
10,-5,4,7.9770667e+27,0.000000
3,-2,-33,7.9648795e+27,0.000000
7,4,40,7.9616343e+27,0.000000
5,2,42,7.9403865e+27,0.000000
10,-4,9,7.8744061e+27,0.000000
5,-1,-31,7.8735781e+27,0.000000
5,2,-20,7.8345022e+27,0.000000
9,9,51,7.7870674e+27,0.000000
6,0,-23,7.7429981e+27,0.000000
6,0,23,7.7429981e+27,0.000000
6,4,36,7.7341114e+27,0.000000
9,6,3,7.725747e+27,0.000000
8,7,54,7.6970041e+27,0.000000
10,9,36,7.6751868e+27,0.000000
4,1,51,7.6408043e+27,0.000000
6,1,-24,7.6356972e+27,0.000000
10,9,44,7.6103832e+27,0.000000
5,-5,-12,7.5935268e+27,0.000000
9,-5,37,7.5571269e+27,0.000000
9,9,52,7.5547278e+27,0.000000
9,5,15,7.5073003e+27,0.000000
3,3,-24,7.4898771e+27,0.000000
9,6,21,7.4790124e+27,0.000000
6,-1,19,7.4627692e+27,0.000000
7,3,37,7.4547912e+27,0.000000
10,-6,29,7.4460365e+27,0.000000
9,4,3,7.4311812e+27,0.000000
2,-2,-54,7.4237132e+27,0.000000
8,-5,50,7.4139099e+27,0.000000
6,2,-21,7.3950038e+27,0.000000
10,10,52,7.3744258e+27,0.000000
7,2,31,7.3556301e+27,0.000000
7,-1,-11,7.3549259e+27,0.000000
8,3,18,7.320954e+27,0.000000
6,3,-5,7.2747707e+27,0.000000
3,2,-22,7.2248952e+27,0.000000
10,-6,30,7.1823923e+27,0.000000
3,1,53,7.1809939e+27,0.000000
2,1,54,7.1303605e+27,0.000000
4,-1,55,7.1151177e+27,0.000000
9,7,36,7.093616e+27,0.000000
5,-4,-16,7.0837935e+27,0.000000
8,4,29,7.0618392e+27,0.000000
4,0,-46,7.0351815e+27,0.000000
4,0,46,7.0351815e+27,0.000000
8,7,52,7.0109402e+27,0.000000
5,3,-18,6.9825059e+27,0.000000
5,3,49,6.9824723e+27,0.000000
10,-6,31,6.9775367e+27,0.000000
10,9,46,6.9026763e+27,0.000000
9,-3,19,6.8857512e+27,0.000000
9,6,22,6.8830789e+27,0.000000
8,2,17,6.8782104e+27,0.000000
4,-4,-26,6.8704474e+27,0.000000
7,5,45,6.8516279e+27,0.000000
7,-4,54,6.8114881e+27,0.000000
9,-4,16,6.8059774e+27,0.000000
9,3,1,6.7480642e+27,0.000000
4,-3,-28,6.7053456e+27,0.000000
4,-2,43,6.7008326e+27,0.000000
10,-7,51,6.6886768e+27,0.000000
10,-6,32,6.684871e+27,0.000000
6,-4,-15,6.6815617e+27,0.000000
4,-1,-37,6.6534419e+27,0.000000
8,-8,-7,6.606244e+27,0.000000
7,-3,40,6.5421008e+27,0.000000
10,10,54,6.5399317e+27,0.000000
7,0,-13,6.5371842e+27,0.000000
7,0,13,6.5371842e+27,0.000000
8,6,-5,6.5333673e+27,0.000000
9,6,4,6.5152402e+27,0.000000
10,9,37,6.4982775e+27,0.000000
9,8,33,6.4898092e+27,0.000000
7,-1,26,6.4831839e+27,0.000000
8,-3,22,6.4554749e+27,0.000000
8,1,3,6.4405557e+27,0.000000
8,6,45,6.4373817e+27,0.000000
9,7,37,6.4162348e+27,0.000000
6,-2,-21,6.3977255e+27,0.000000
5,0,-39,6.385823e+27,0.000000
5,0,39,6.385823e+27,0.000000
4,3,-19,6.3777312e+27,0.000000
7,4,41,6.3756275e+27,0.000000
8,7,53,6.3715097e+27,0.000000
2,-2,-55,6.342203e+27,0.000000
8,-5,51,6.2809343e+27,0.000000
9,6,23,6.2730676e+27,0.000000
10,-6,33,6.2592135e+27,0.000000
8,-2,16,6.2220764e+27,0.000000
10,-4,3,6.2214296e+27,0.000000
3,-1,-44,6.2198401e+27,0.000000
7,-2,33,6.2029254e+27,0.000000
6,-3,45,6.2024233e+27,0.000000
8,-4,31,6.1486939e+27,0.000000
9,-1,2,6.1438583e+27,0.000000
3,1,-40,6.1023744e+27,0.000000
6,2,41,6.102362e+27,0.000000
9,-5,-3,6.0546274e+27,0.000000
4,2,45,6.0506714e+27,0.000000
9,8,38,6.0498978e+27,0.000000
6,3,46,6.0249003e+27,0.000000
6,0,-24,6.0215791e+27,0.000000
6,0,24,6.0215791e+27,0.000000
4,2,50,6.0100248e+27,0.000000
4,2,51,5.9797152e+27,0.000000
3,0,-52,5.9420613e+27,0.000000
3,0,52,5.9420613e+27,0.000000
6,0,-25,5.9311955e+27,0.000000
6,0,25,5.9311955e+27,0.000000
10,8,42,5.9032642e+27,0.000000
9,7,40,5.8915364e+27,0.000000
7,1,-13,5.8853151e+27,0.000000
6,0,-26,5.87085e+27,0.000000
6,0,26,5.87085e+27,0.000000
6,1,29,5.8044833e+27,0.000000
8,1,4,5.7558448e+27,0.000000
4,2,49,5.737169e+27,0.000000
6,4,-6,5.7246837e+27,0.000000
10,-6,34,5.7129286e+27,0.000000
4,2,52,5.7023792e+27,0.000000
7,3,38,5.6769601e+27,0.000000
8,-3,23,5.6653703e+27,0.000000
5,1,35,5.6563759e+27,0.000000
9,6,24,5.6552985e+27,0.000000
10,9,34,5.5924539e+27,0.000000
5,-3,-23,5.5808153e+27,0.000000
8,5,31,5.5727882e+27,0.000000
3,-2,-34,5.5214558e+27,0.000000
8,-3,24,5.5171187e+27,0.000000
10,-5,9,5.498823e+27,0.000000
8,-3,25,5.4964402e+27,0.000000
9,-4,17,5.4854196e+27,0.000000
6,0,-27,5.4747966e+27,0.000000
6,0,27,5.4747966e+27,0.000000
9,7,38,5.4548888e+27,0.000000
8,-1,6,5.45396e+27,0.000000
8,-3,26,5.3720442e+27,0.000000
9,6,-1,5.3336433e+27,0.000000
4,4,-16,5.3212382e+27,0.000000
4,1,52,5.3024413e+27,0.000000
9,-6,49,5.2996741e+27,0.000000
4,2,-26,5.2894129e+27,0.000000
10,9,33,5.2890022e+27,0.000000
2,-1,-49,5.284639e+27,0.000000
4,2,53,5.2537363e+27,0.000000
8,-5,52,5.2465241e+27,0.000000
9,4,4,5.2038989e+27,0.000000
4,2,48,5.1774229e+27,0.000000
3,1,54,5.1738204e+27,0.000000
10,-9,-1,5.1470891e+27,0.000000
9,-5,38,5.1443827e+27,0.000000
6,-2,44,5.1224911e+27,0.000000
7,1,28,5.1009146e+27,0.000000
6,4,-10,5.093552e+27,0.000000
10,-6,35,5.084788e+27,0.000000
9,3,8,5.0806299e+27,0.000000
8,-3,27,5.0786432e+27,0.000000
5,4,-6,5.0580714e+27,0.000000
7,4,42,5.0552545e+27,0.000000
9,6,25,5.0397481e+27,0.000000
5,-3,-4,5.0236273e+27,0.000000
10,-7,52,5.0131451e+27,0.000000
8,8,-6,5.0078317e+27,0.000000
2,1,-41,5.0024658e+27,0.000000
7,-4,55,4.9994592e+27,0.000000
10,-4,10,4.9897606e+27,0.000000
5,4,-7,4.9781413e+27,0.000000
7,2,32,4.9600715e+27,0.000000
8,6,46,4.9253207e+27,0.000000
9,5,16,4.9075237e+27,0.000000
7,3,-9,4.9026173e+27,0.000000
9,-3,20,4.872937e+27,0.000000
2,1,55,4.8690366e+27,0.000000
6,1,-25,4.8637979e+27,0.000000
9,7,39,4.8521059e+27,0.000000
3,-3,-38,4.8388132e+27,0.000000
6,0,-28,4.8025343e+27,0.000000
6,0,28,4.8025343e+27,0.000000
4,1,-36,4.774147e+27,0.000000
5,1,-34,4.7561443e+27,0.000000
9,8,43,4.7549386e+27,0.000000
7,-3,41,4.7215656e+27,0.000000
7,5,46,4.7198542e+27,0.000000
4,2,54,4.7051532e+27,0.000000
9,6,1,4.6843717e+27,0.000000
10,-7,-1,4.6612574e+27,0.000000
8,-3,28,4.6355604e+27,0.000000
7,0,-3,4.6000965e+27,0.000000
7,0,3,4.6000965e+27,0.000000
5,-1,-32,4.5956971e+27,0.000000
4,2,47,4.5265506e+27,0.000000
6,-1,20,4.4831608e+27,0.000000
5,3,-19,4.481803e+27,0.000000
9,4,-1,4.47389e+27,0.000000
5,-2,-21,4.4394819e+27,0.000000
9,6,26,4.4378383e+27,0.000000
10,-6,36,4.4202025e+27,0.000000
4,-2,-23,4.3877461e+27,0.000000
4,2,46,4.3663482e+27,0.000000
9,-4,18,4.3600242e+27,0.000000
8,-5,53,4.3299436e+27,0.000000
8,4,30,4.3164687e+27,0.000000
4,0,-47,4.2931948e+27,0.000000
4,0,47,4.2931948e+27,0.000000
7,3,39,4.2783106e+27,0.000000
5,3,50,4.2673255e+27,0.000000
10,-6,-2,4.2569446e+27,0.000000
9,8,37,4.253982e+27,0.000000
5,0,-40,4.1939219e+27,0.000000
5,0,40,4.1939219e+27,0.000000
10,9,35,4.1876297e+27,0.000000
8,7,-3,4.1673713e+27,0.000000
6,-3,46,4.127962e+27,0.000000
4,2,55,4.1145871e+27,0.000000
3,1,55,4.1021337e+27,0.000000
8,-3,29,4.0953166e+27,0.000000
6,3,47,4.0898467e+27,0.000000
8,3,19,4.062756e+27,0.000000
5,-4,-17,4.0406421e+27,0.000000
9,-4,1,4.0342742e+27,0.000000
7,-2,34,4.0138194e+27,0.000000
3,0,-53,4.0080067e+27,0.000000
3,0,53,4.0080067e+27,0.000000
6,0,-29,4.0051082e+27,0.000000
6,0,29,4.0051082e+27,0.000000
9,7,41,3.9874711e+27,0.000000
7,4,43,3.9731728e+27,0.000000
9,3,-1,3.9685896e+27,0.000000
6,2,-22,3.9506939e+27,0.000000
4,-3,-29,3.9503687e+27,0.000000
7,-1,27,3.9248358e+27,0.000000
9,4,1,3.9240583e+27,0.000000
10,-10,-3,3.9175143e+27,0.000000
2,2,-26,3.9143639e+27,0.000000
6,-4,-16,3.9136223e+27,0.000000
3,3,-25,3.9039236e+27,0.000000
7,0,-14,3.8926992e+27,0.000000
7,0,14,3.8926992e+27,0.000000
9,6,27,3.860717e+27,0.000000
5,2,43,3.8491638e+27,0.000000
5,-5,-13,3.8444092e+27,0.000000
9,4,5,3.8351735e+27,0.000000
9,3,14,3.8041458e+27,0.000000
10,9,39,3.7937035e+27,0.000000
5,-2,45,3.7906053e+27,0.000000
9,3,13,3.7902671e+27,0.000000
3,-2,-35,3.7857354e+27,0.000000
8,1,5,3.7802318e+27,0.000000
8,6,47,3.7733676e+27,0.000000
10,-6,37,3.7601271e+27,0.000000
6,2,42,3.7463901e+27,0.000000
10,-7,53,3.7397197e+27,0.000000
5,2,-21,3.7093984e+27,0.000000
5,-1,35,3.6609725e+27,0.000000
4,1,53,3.6554545e+27,0.000000
4,-1,-38,3.6503153e+27,0.000000
9,-8,-5,3.6476692e+27,0.000000
4,3,-20,3.6429597e+27,0.000000
3,2,-23,3.6428166e+27,0.000000
8,5,32,3.6161858e+27,0.000000
5,1,40,3.5758707e+27,0.000000
9,3,15,3.5702828e+27,0.000000
5,1,39,3.5541159e+27,0.000000
8,-5,54,3.5371281e+27,0.000000
9,3,12,3.5343683e+27,0.000000
8,-3,30,3.5146534e+27,0.000000
2,-1,-50,3.5084776e+27,0.000000
10,-5,10,3.5054259e+27,0.000000
5,4,-8,3.4947877e+27,0.000000
4,-4,-27,3.4913934e+27,0.000000
6,4,37,3.4859107e+27,0.000000
5,-3,-24,3.4734298e+27,0.000000
6,-2,-22,3.4633423e+27,0.000000
9,-5,39,3.45745e+27,0.000000
9,3,9,3.4403591e+27,0.000000
5,3,-4,3.4330397e+27,0.000000
9,-6,50,3.4262333e+27,0.000000
9,8,16,3.411982e+27,0.000000
9,-4,19,3.4033169e+27,0.000000
8,-4,32,3.3894372e+27,0.000000
7,-3,42,3.3883023e+27,0.000000
9,5,17,3.3771005e+27,0.000000
9,8,17,3.3750926e+27,0.000000
5,1,41,3.375068e+27,0.000000
9,8,15,3.3614335e+27,0.000000
7,-5,-5,3.3528791e+27,0.000000
9,8,52,3.3325811e+27,0.000000
9,-3,21,3.3250635e+27,0.000000
3,-1,-45,3.318445e+27,0.000000
9,6,28,3.3180692e+27,0.000000
7,2,33,3.3109847e+27,0.000000
7,5,47,3.2884114e+27,0.000000
9,8,18,3.2818836e+27,0.000000
5,1,38,3.2777901e+27,0.000000
7,-7,-7,3.2680464e+27,0.000000
9,8,47,3.2434703e+27,0.000000
10,-4,11,3.2402448e+27,0.000000
6,0,-30,3.2090454e+27,0.000000
6,0,30,3.2090454e+27,0.000000
9,8,54,3.2044112e+27,0.000000
7,3,40,3.1955506e+27,0.000000
9,8,14,3.1888017e+27,0.000000
3,1,-41,3.1831769e+27,0.000000
9,3,11,3.1659626e+27,0.000000
9,4,6,3.1627435e+27,0.000000
9,8,19,3.1560603e+27,0.000000
9,3,16,3.151934e+27,0.000000
10,-6,38,3.1360744e+27,0.000000
8,2,18,3.1247148e+27,0.000000
8,-1,7,3.1122583e+27,0.000000
7,4,44,3.0990251e+27,0.000000
5,1,36,3.0805016e+27,0.000000
6,1,-26,3.0725839e+27,0.000000
6,4,-11,3.0402809e+27,0.000000
6,3,-6,3.0340383e+27,0.000000
5,1,42,3.0322836e+27,0.000000
7,1,29,3.0310042e+27,0.000000
9,6,-3,3.0216041e+27,0.000000
9,8,20,3.0140597e+27,0.000000
9,7,42,2.9927727e+27,0.000000
9,3,10,2.9812323e+27,0.000000
6,-2,45,2.9772231e+27,0.000000
8,-2,17,2.9506084e+27,0.000000
10,9,43,2.9427244e+27,0.000000
9,9,18,2.9417553e+27,0.000000
8,-3,31,2.9407499e+27,0.000000
9,6,0,2.9289908e+27,0.000000
9,9,19,2.9193086e+27,0.000000
5,1,37,2.901005e+27,0.000000
7,-1,-12,2.8992484e+27,0.000000
9,9,17,2.8966487e+27,0.000000
8,6,48,2.8717129e+27,0.000000
9,8,13,2.8667435e+27,0.000000
9,8,21,2.8667076e+27,0.000000
8,-5,55,2.8648368e+27,0.000000
7,2,-8,2.8535495e+27,0.000000
9,9,20,2.8507528e+27,0.000000
5,3,-20,2.8309988e+27,0.000000
3,0,-54,2.8221062e+27,0.000000
3,0,54,2.8221062e+27,0.000000
9,6,29,2.8174182e+27,0.000000
4,-2,44,2.8054781e+27,0.000000
2,1,-42,2.8022417e+27,0.000000
10,-4,2,2.7983532e+27,0.000000
10,-7,54,2.7775284e+27,0.000000
3,-3,-39,2.7770595e+27,0.000000
6,3,48,2.7668004e+27,0.000000
5,5,-7,2.7631424e+27,0.000000
9,9,16,2.760719e+27,0.000000
9,9,21,2.7532765e+27,0.000000
9,4,7,2.7503328e+27,0.000000
5,0,-41,2.7469714e+27,0.000000
5,0,41,2.7469714e+27,0.000000
6,-3,47,2.7392252e+27,0.000000
9,8,22,2.7209429e+27,0.000000
7,3,-10,2.7204285e+27,0.000000
5,1,-35,2.714969e+27,0.000000
6,1,30,2.7014501e+27,0.000000
5,-1,-33,2.6729886e+27,0.000000
7,2,-9,2.6675803e+27,0.000000
4,0,-48,2.6433795e+27,0.000000
4,0,48,2.6433795e+27,0.000000
9,9,22,2.6400614e+27,0.000000
9,3,17,2.6350178e+27,0.000000
6,-1,21,2.6286849e+27,0.000000
9,5,18,2.6267781e+27,0.000000
5,1,43,2.6234013e+27,0.000000
4,1,-37,2.6166124e+27,0.000000
9,-4,20,2.6006802e+27,0.000000
9,8,23,2.5810852e+27,0.000000
6,-1,-3,2.5756764e+27,0.000000
7,-2,35,2.5737656e+27,0.000000
3,-2,-36,2.5711312e+27,0.000000
10,-6,39,2.5689871e+27,0.000000
7,2,-7,2.568372e+27,0.000000
9,5,23,2.5680734e+27,0.000000
10,9,40,2.5679764e+27,0.000000
8,4,31,2.5621126e+27,0.000000
9,5,22,2.5583234e+27,0.000000
5,3,51,2.5536768e+27,0.000000
9,8,45,2.5519083e+27,0.000000
4,4,-17,2.5423344e+27,0.000000
6,2,-3,2.5352424e+27,0.000000
9,9,23,2.521763e+27,0.000000
9,9,15,2.5156549e+27,0.000000
7,1,-14,2.5110283e+27,0.000000
4,1,54,2.5015744e+27,0.000000
2,-1,-51,2.5002765e+27,0.000000
9,7,43,2.4980529e+27,0.000000
6,0,-31,2.4912933e+27,0.000000
6,0,31,2.4912933e+27,0.000000
9,5,24,2.4908137e+27,0.000000
9,5,21,2.4776606e+27,0.000000
9,8,28,2.4639377e+27,0.000000
9,8,24,2.4496479e+27,0.000000
9,4,8,2.4472477e+27,0.000000
10,-5,3,2.4458472e+27,0.000000
9,8,53,2.4361364e+27,0.000000
7,-3,43,2.4200459e+27,0.000000
10,-8,-5,2.4092846e+27,0.000000
9,9,24,2.4089616e+27,0.000000
8,-3,32,2.406676e+27,0.000000
7,4,45,2.3994502e+27,0.000000
9,8,12,2.3940162e+27,0.000000
10,-5,11,2.3810766e+27,0.000000
9,5,20,2.3802487e+27,0.000000
9,5,19,2.3730313e+27,0.000000
7,3,41,2.3686116e+27,0.000000
9,6,30,2.3638349e+27,0.000000
8,1,2,2.3610075e+27,0.000000
3,2,-24,2.3601361e+27,0.000000
9,9,26,2.350678e+27,0.000000
7,-1,28,2.3410593e+27,0.000000
8,-1,12,2.3408536e+27,0.000000
9,5,25,2.3342552e+27,0.000000
4,-3,-30,2.3314121e+27,0.000000
9,8,25,2.3279121e+27,0.000000
9,9,25,2.3195762e+27,0.000000
9,-5,40,2.2949963e+27,0.000000
8,-1,13,2.291435e+27,0.000000
9,8,44,2.2910099e+27,0.000000
7,5,48,2.2904569e+27,0.000000
5,-4,-18,2.2855498e+27,0.000000
9,8,49,2.2835617e+27,0.000000
8,5,33,2.2830439e+27,0.000000
10,9,41,2.278057e+27,0.000000
6,2,43,2.2760597e+27,0.000000
6,-4,-17,2.2674679e+27,0.000000
10,9,42,2.2669738e+27,0.000000
8,-1,11,2.263047e+27,0.000000
7,2,-10,2.2518591e+27,0.000000
10,8,41,2.2498346e+27,0.000000
9,4,9,2.2483247e+27,0.000000
8,3,20,2.2333773e+27,0.000000
9,4,13,2.2180095e+27,0.000000
9,8,26,2.2166191e+27,0.000000
5,-1,39,2.2165969e+27,0.000000
5,-1,40,2.2127204e+27,0.000000
9,-6,51,2.207236e+27,0.000000
10,-4,1,2.205337e+27,0.000000
5,1,44,2.2040478e+27,0.000000
7,0,-15,2.2015661e+27,0.000000
7,0,15,2.2015661e+27,0.000000
9,4,14,2.2006181e+27,0.000000
8,1,6,2.1985415e+27,0.000000
10,8,46,2.195951e+27,0.000000
8,6,49,2.1926935e+27,0.000000
9,4,12,2.1902268e+27,0.000000
7,2,34,2.1885702e+27,0.000000
9,-3,22,2.1872309e+27,0.000000
8,-1,8,2.1831385e+27,0.000000
5,4,-9,2.1779449e+27,0.000000
9,9,14,2.1597336e+27,0.000000
9,4,10,2.1586036e+27,0.000000
9,4,11,2.1543011e+27,0.000000
5,-3,-25,2.1505564e+27,0.000000
8,-1,14,2.1240346e+27,0.000000
9,4,15,2.1191231e+27,0.000000
9,8,27,2.1185695e+27,0.000000
9,5,26,2.1182777e+27,0.000000
10,9,47,2.1155164e+27,0.000000
9,7,44,2.1091774e+27,0.000000
10,-4,12,2.1055897e+27,0.000000
8,-1,10,2.1016668e+27,0.000000
9,3,18,2.0981437e+27,0.000000
6,-1,-4,2.0917114e+27,0.000000
6,2,-23,2.083803e+27,0.000000
3,0,-55,2.0794084e+27,0.000000
3,0,55,2.0794084e+27,0.000000
4,3,-21,2.0782773e+27,0.000000
5,-1,41,2.0716854e+27,0.000000
10,-10,-4,2.0711535e+27,0.000000
10,-6,40,2.0701939e+27,0.000000
5,-2,-22,2.0597738e+27,0.000000
5,-1,38,2.0593714e+27,0.000000
10,-7,55,2.0545898e+27,0.000000
3,3,-26,2.0436379e+27,0.000000
6,4,38,2.0348433e+27,0.000000
9,7,45,2.0339899e+27,0.000000
7,1,-17,2.0081759e+27,0.000000
8,-1,9,1.9885828e+27,0.000000
5,-5,-14,1.981922e+27,0.000000
4,-1,-39,1.9815686e+27,0.000000
9,4,16,1.9724338e+27,0.000000
10,-6,-3,1.9701392e+27,0.000000
5,-1,36,1.9657732e+27,0.000000
9,6,31,1.9607999e+27,0.000000
7,1,-18,1.9604735e+27,0.000000
9,-4,21,1.9408938e+27,0.000000
2,-1,-52,1.9386388e+27,0.000000
8,-3,33,1.9318215e+27,0.000000
6,1,-27,1.9268745e+27,0.000000
4,2,-27,1.9222163e+27,0.000000
8,7,-5,1.8963759e+27,0.000000
7,1,-16,1.8922928e+27,0.000000
6,0,-32,1.8861142e+27,0.000000
6,0,32,1.8861142e+27,0.000000
10,6,6,1.8762292e+27,0.000000
8,-1,15,1.8732045e+27,0.000000
4,-2,-24,1.8678114e+27,0.000000
9,5,27,1.8665733e+27,0.000000
6,3,49,1.8624779e+27,0.000000
9,7,-5,1.8559852e+27,0.000000
6,-2,-23,1.8540657e+27,0.000000
7,4,46,1.8469037e+27,0.000000
5,-1,42,1.8462249e+27,0.000000
5,-1,37,1.8351108e+27,0.000000
9,8,11,1.8172891e+27,0.000000
7,1,-15,1.8134481e+27,0.000000
8,-4,33,1.8133517e+27,0.000000
6,-3,48,1.8117195e+27,0.000000
5,1,45,1.8090168e+27,0.000000
3,-1,-46,1.8040057e+27,0.000000
10,8,40,1.8017734e+27,0.000000
3,2,-25,1.7943031e+27,0.000000
5,0,-42,1.7940555e+27,0.000000
5,0,42,1.7940555e+27,0.000000
4,-4,-28,1.7792767e+27,0.000000
7,2,-11,1.7747845e+27,0.000000
7,1,30,1.7741671e+27,0.000000
6,4,-12,1.7737477e+27,0.000000
9,4,17,1.7726811e+27,0.000000
10,6,5,1.770776e+27,0.000000
8,1,1,1.7702796e+27,0.000000
5,3,-21,1.7641119e+27,0.000000
5,2,44,1.7629194e+27,0.000000
10,6,7,1.7611422e+27,0.000000
7,1,-19,1.7605894e+27,0.000000
7,3,42,1.7442535e+27,0.000000
10,8,55,1.7412027e+27,0.000000
10,6,1,1.7401376e+27,0.000000
6,-2,-2,1.737933e+27,0.000000
3,-2,-37,1.7316768e+27,0.000000
9,8,48,1.7252316e+27,0.000000
7,-3,44,1.7217781e+27,0.000000
9,9,13,1.7215e+27,0.000000
5,2,-22,1.7012707e+27,0.000000
4,1,55,1.698285e+27,0.000000
6,-2,46,1.6982142e+27,0.000000
6,4,41,1.6776042e+27,0.000000
10,-5,12,1.6663457e+27,0.000000
6,4,39,1.6646276e+27,0.000000
8,6,50,1.6645979e+27,0.000000
3,1,-42,1.6586852e+27,0.000000
4,0,-49,1.6584834e+27,0.000000
4,0,49,1.6584834e+27,0.000000
6,4,42,1.6505343e+27,0.000000
6,4,40,1.6496613e+27,0.000000
10,-6,41,1.6433609e+27,0.000000
2,-1,-53,1.6371529e+27,0.000000
7,-2,36,1.6356448e+27,0.000000
10,-7,-2,1.6252669e+27,0.000000
8,2,19,1.6229017e+27,0.000000
10,6,2,1.6141567e+27,0.000000
7,2,-6,1.6140578e+27,0.000000
5,-2,46,1.609542e+27,0.000000
9,6,32,1.6063453e+27,0.000000
3,-3,-40,1.6050392e+27,0.000000
9,5,28,1.6014153e+27,0.000000
9,3,19,1.5984889e+27,0.000000
7,5,49,1.5963359e+27,0.000000
5,-1,43,1.5844048e+27,0.000000
8,-1,16,1.5798822e+27,0.000000
2,1,-43,1.5780418e+27,0.000000
10,8,14,1.5655802e+27,0.000000
7,5,-5,1.5585386e+27,0.000000
6,4,43,1.5580044e+27,0.000000
10,8,13,1.5490868e+27,0.000000
5,-1,-34,1.5486158e+27,0.000000
10,6,8,1.5457457e+27,0.000000
5,1,-36,1.5422011e+27,0.000000
10,9,55,1.5412875e+27,0.000000
9,4,18,1.5390867e+27,0.000000
10,8,15,1.5333124e+27,0.000000
2,2,-27,1.5272865e+27,0.000000
8,-3,34,1.5245003e+27,0.000000
9,-5,41,1.5052083e+27,0.000000
6,-1,22,1.5034421e+27,0.000000
5,3,52,1.4902025e+27,0.000000
2,-1,-54,1.4864041e+27,0.000000
7,1,-20,1.4775318e+27,0.000000
8,4,32,1.4749361e+27,0.000000
10,8,16,1.4709099e+27,0.000000
10,8,12,1.4637545e+27,0.000000
10,6,4,1.4586362e+27,0.000000
5,1,46,1.4567483e+27,0.000000
9,7,46,1.4566626e+27,0.000000
7,3,-11,1.4390862e+27,0.000000
7,2,35,1.4328086e+27,0.000000
3,2,-26,1.4293351e+27,0.000000
6,4,44,1.4234687e+27,0.000000
9,-6,52,1.423255e+27,0.000000
4,1,-38,1.4214957e+27,0.000000
2,-1,-55,1.4213737e+27,0.000000
8,2,23,1.4205947e+27,0.000000
7,3,-5,1.4188639e+27,0.000000
7,4,47,1.4140373e+27,0.000000
9,-4,22,1.4119564e+27,0.000000
10,8,29,1.4090091e+27,0.000000
6,0,-33,1.3994006e+27,0.000000
6,0,33,1.3994006e+27,0.000000
8,5,34,1.3985642e+27,0.000000
10,9,53,1.3984786e+27,0.000000
8,-2,18,1.3962283e+27,0.000000
8,2,24,1.3928651e+27,0.000000
10,8,17,1.3923501e+27,0.000000
6,1,31,1.3883566e+27,0.000000
9,-3,23,1.3860372e+27,0.000000
4,-3,-31,1.3782005e+27,0.000000
7,-1,29,1.3759315e+27,0.000000
6,2,44,1.365437e+27,0.000000
8,2,-1,1.3632797e+27,0.000000
10,-4,13,1.3604597e+27,0.000000
8,2,22,1.3588186e+27,0.000000
10,9,48,1.3519053e+27,0.000000
9,-9,-7,1.3456619e+27,0.000000
9,5,29,1.3409125e+27,0.000000
9,4,0,1.3366278e+27,0.000000
4,-2,45,1.3342108e+27,0.000000
10,6,9,1.3295862e+27,0.000000
7,2,-12,1.3295572e+27,0.000000
5,-3,-26,1.3260176e+27,0.000000
8,3,21,1.3260152e+27,0.000000
5,-1,44,1.3205066e+27,0.000000
5,-2,53,1.3134832e+27,0.000000
10,8,18,1.3069571e+27,0.000000
9,6,33,1.3038209e+27,0.000000
6,-4,-18,1.3030413e+27,0.000000
5,-2,52,1.3002361e+27,0.000000
10,8,11,1.2969046e+27,0.000000
9,4,19,1.2923937e+27,0.000000
5,4,-10,1.2917435e+27,0.000000
8,2,25,1.287885e+27,0.000000
10,-6,42,1.2866103e+27,0.000000
10,6,3,1.2845828e+27,0.000000
5,-4,-19,1.2844765e+27,0.000000
8,-1,17,1.2802691e+27,0.000000
5,-2,54,1.2776218e+27,0.000000
7,3,43,1.2774068e+27,0.000000
8,6,51,1.2723071e+27,0.000000
9,9,12,1.2675504e+27,0.000000
6,4,45,1.256803e+27,0.000000
6,3,50,1.2479648e+27,0.000000
8,1,7,1.2472395e+27,0.000000
8,2,21,1.2438778e+27,0.000000
9,7,47,1.2431759e+27,0.000000
9,-3,-1,1.2419163e+27,0.000000
9,8,10,1.2411081e+27,0.000000
10,6,-1,1.231222e+27,0.000000
5,-2,51,1.2263677e+27,0.000000
4,-2,50,1.2239838e+27,0.000000
4,4,-18,1.2238667e+27,0.000000
7,-3,45,1.2211264e+27,0.000000
10,8,19,1.2205303e+27,0.000000
8,2,20,1.2184508e+27,0.000000
5,-2,55,1.2064114e+27,0.000000
4,-2,51,1.2006596e+27,0.000000
6,1,-28,1.2005117e+27,0.000000
10,-5,13,1.1960385e+27,0.000000
6,-3,49,1.1937004e+27,0.000000
9,7,50,1.1872358e+27,0.000000
8,-3,35,1.1851209e+27,0.000000
4,-2,49,1.1847028e+27,0.000000
4,3,-22,1.184251e+27,0.000000
6,3,-7,1.1801889e+27,0.000000
7,0,-16,1.177911e+27,0.000000
7,0,16,1.177911e+27,0.000000
9,-1,6,1.1769033e+27,0.000000
7,1,-21,1.1756139e+27,0.000000
9,3,20,1.169112e+27,0.000000
8,1,13,1.1686731e+27,0.000000
5,0,-43,1.1679915e+27,0.000000
5,0,43,1.1679915e+27,0.000000
10,9,49,1.1675424e+27,0.000000
3,-2,-38,1.1575548e+27,0.000000
10,6,10,1.156832e+27,0.000000
5,1,47,1.1543923e+27,0.000000
8,1,12,1.1380791e+27,0.000000
10,8,20,1.1365208e+27,0.000000
8,2,-5,1.1361956e+27,0.000000
8,2,26,1.1338751e+27,0.000000
7,5,50,1.1320908e+27,0.000000
4,-2,52,1.1286666e+27,0.000000
3,2,-27,1.126891e+27,0.000000
10,9,50,1.1233972e+27,0.000000
8,1,14,1.1213723e+27,0.000000
10,8,30,1.1144884e+27,0.000000
9,5,30,1.098063e+27,0.000000
6,4,46,1.0905883e+27,0.000000
5,-2,50,1.0901369e+27,0.000000
5,3,-22,1.086732e+27,0.000000
6,2,-24,1.0849275e+27,0.000000
4,-2,48,1.0834454e+27,0.000000
10,6,-2,1.0792225e+27,0.000000
7,4,48,1.0776878e+27,0.000000
5,-1,45,1.0752794e+27,0.000000
4,0,-50,1.0746082e+27,0.000000
4,0,50,1.0746082e+27,0.000000
3,3,-27,1.0745244e+27,0.000000
4,-1,-40,1.06264e+27,0.000000
9,-6,-4,1.0613966e+27,0.000000
7,2,-4,1.0587054e+27,0.000000
10,8,10,1.0581287e+27,0.000000
10,8,21,1.0569035e+27,0.000000
9,-1,7,1.0553324e+27,0.000000
9,4,20,1.050915e+27,0.000000
5,-5,-15,1.0484322e+27,0.000000
9,-1,5,1.0464195e+27,0.000000
9,6,34,1.0423647e+27,0.000000
7,-1,-13,1.0386508e+27,0.000000
10,6,11,1.0317265e+27,0.000000
7,-2,37,1.0302253e+27,0.000000
8,1,11,1.029955e+27,0.000000
4,-2,53,1.0250111e+27,0.000000
6,4,-13,1.023381e+27,0.000000
7,1,31,1.0222413e+27,0.000000
6,0,-34,1.0213858e+27,0.000000
6,0,34,1.0213858e+27,0.000000
10,-9,-2,1.0191738e+27,0.000000
3,-1,-47,1.016485e+27,0.000000
10,9,51,1.0150074e+27,0.000000
8,1,15,1.0143237e+27,0.000000
10,6,-3,1.0094763e+27,0.000000
9,7,48,1.008013e+27,0.000000
8,-1,18,1.0007915e+27,0.000000
8,3,26,9.9984003e+26,0.000000
9,-4,23,9.9964386e+26,0.000000
9,6,-2,9.9892047e+26,0.000000
10,-6,43,9.9451522e+26,0.000000
8,3,27,9.9260991e+26,0.000000
10,9,52,9.8633043e+26,0.000000
8,-5,-4,9.8334694e+26,0.000000
10,8,22,9.8273904e+26,0.000000
6,-2,-24,9.8123583e+26,0.000000
9,-5,42,9.7599799e+26,0.000000
8,3,25,9.677293e+26,0.000000
8,3,22,9.6150457e+26,0.000000
8,6,52,9.6129599e+26,0.000000
4,-2,47,9.597432e+26,0.000000
8,2,27,9.5883778e+26,0.000000
7,2,-13,9.5665487e+26,0.000000
6,-1,-5,9.5589404e+26,0.000000
8,3,28,9.4698234e+26,0.000000
8,-4,34,9.4653994e+26,0.000000
6,-2,47,9.4635976e+26,0.000000
4,-2,46,9.4062816e+26,0.000000
10,6,12,9.3976965e+26,0.000000
7,-3,-7,9.368536e+26,0.000000
3,-3,-41,9.3593039e+26,0.000000
6,4,47,9.323752e+26,0.000000
7,3,44,9.3119419e+26,0.000000
7,2,36,9.2916055e+26,0.000000
9,-6,53,9.2453228e+26,0.000000
5,-2,-23,9.2244143e+26,0.000000
5,-2,49,9.1504694e+26,0.000000
10,8,23,9.1452028e+26,0.000000
8,3,24,9.1204192e+26,0.000000
5,-5,-6,9.1023423e+26,0.000000
8,-3,36,9.0908566e+26,0.000000
4,-4,-29,9.0902695e+26,0.000000
4,-2,54,9.0489024e+26,0.000000
5,1,48,9.0213265e+26,0.000000
7,1,-22,8.9677553e+26,0.000000
6,1,32,8.9526734e+26,0.000000
2,1,-44,8.9467356e+26,0.000000
5,-1,-35,8.9322243e+26,0.000000
9,9,11,8.9220206e+26,0.000000
10,8,36,8.8881462e+26,0.000000
10,-5,14,8.8121539e+26,0.000000
9,5,31,8.8091267e+26,0.000000
10,-4,14,8.8070984e+26,0.000000
8,3,23,8.7858882e+26,0.000000
8,1,10,8.7842918e+26,0.000000
5,-2,47,8.7586534e+26,0.000000
8,1,16,8.7200197e+26,0.000000
7,-3,-8,8.7198485e+26,0.000000
8,3,29,8.7167e+26,0.000000
5,1,-37,8.7105551e+26,0.000000
10,4,1,8.6749535e+26,0.000000
8,2,-6,8.659866e+26,0.000000
9,7,55,8.6574184e+26,0.000000
3,1,-43,8.6503976e+26,0.000000
3,2,-28,8.6417625e+26,0.000000
7,-3,46,8.6385713e+26,0.000000
10,6,13,8.6251477e+26,0.000000
5,-1,46,8.5914866e+26,0.000000
10,8,24,8.5238563e+26,0.000000
5,3,53,8.4553169e+26,0.000000
9,-3,24,8.4500699e+26,0.000000
8,5,-4,8.4289951e+26,0.000000
6,-1,23,8.3775691e+26,0.000000
6,3,51,8.3122774e+26,0.000000
8,5,35,8.2998813e+26,0.000000
8,1,8,8.2919864e+26,0.000000
9,4,21,8.2841121e+26,0.000000
10,8,33,8.2776793e+26,0.000000
9,6,35,8.2562629e+26,0.000000
8,4,33,8.2393124e+26,0.000000
9,3,21,8.2268818e+26,0.000000
9,-1,8,8.2167815e+26,0.000000
9,-1,3,8.1950121e+26,0.000000
7,4,49,8.1819864e+26,0.000000
9,7,49,8.1612479e+26,0.000000
4,-3,-32,8.15925e+26,0.000000
5,-3,-27,8.1494944e+26,0.000000
6,2,45,8.0658704e+26,0.000000
10,6,0,8.0559738e+26,0.000000
9,8,9,8.035549e+26,0.000000
7,-1,30,7.9663651e+26,0.000000
10,8,25,7.9625397e+26,0.000000
8,6,53,7.9443649e+26,0.000000
10,8,9,7.9374253e+26,0.000000
6,4,48,7.8896947e+26,0.000000
10,6,14,7.8552605e+26,0.000000
8,2,28,7.842468e+26,0.000000
6,-3,50,7.8290342e+26,0.000000
4,-2,55,7.8008102e+26,0.000000
5,-2,48,7.7998152e+26,0.000000
8,3,30,7.7767477e+26,0.000000
2,2,-28,7.7653551e+26,0.000000
7,5,51,7.7648348e+26,0.000000
8,-2,19,7.7168946e+26,0.000000
4,-2,-25,7.6885214e+26,0.000000
3,-2,-39,7.6845514e+26,0.000000
8,1,9,7.6586887e+26,0.000000
4,1,-39,7.6420155e+26,0.000000
5,2,45,7.6416548e+26,0.000000
10,-6,44,7.5967432e+26,0.000000
5,0,-44,7.5770128e+26,0.000000
5,0,44,7.5770128e+26,0.000000
8,-1,19,7.5720761e+26,0.000000
5,2,-23,7.5218445e+26,0.000000
10,-9,-3,7.4900942e+26,0.000000
5,4,-11,7.4880947e+26,0.000000
10,8,26,7.4592403e+26,0.000000
6,-4,-19,7.4423966e+26,0.000000
6,1,-29,7.4355494e+26,0.000000
6,1,33,7.3857211e+26,0.000000
6,0,-35,7.354916e+26,0.000000
6,0,35,7.354916e+26,0.000000
10,8,51,7.3501024e+26,0.000000
7,3,-12,7.3285578e+26,0.000000
9,9,7,7.2993546e+26,0.000000
4,0,-51,7.2990078e+26,0.000000
4,0,51,7.2990078e+26,0.000000
5,-4,-20,7.1827045e+26,0.000000
8,1,17,7.1733006e+26,0.000000
9,9,8,7.133912e+26,0.000000
10,8,27,7.0129146e+26,0.000000
10,6,15,7.0123718e+26,0.000000
5,1,49,6.9613363e+26,0.000000
10,8,28,6.9585809e+26,0.000000
9,5,32,6.9332849e+26,0.000000
6,1,34,6.9332472e+26,0.000000
8,-3,37,6.8909703e+26,0.000000
9,-4,24,6.877306e+26,0.000000
10,10,25,6.8187574e+26,0.000000
9,9,10,6.7981704e+26,0.000000
7,3,45,6.7621338e+26,0.000000
5,-1,47,6.7560198e+26,0.000000
8,3,31,6.75295e+26,0.000000
4,3,-23,6.7419046e+26,0.000000
9,8,6,6.7260075e+26,0.000000
10,-5,15,6.6741807e+26,0.000000
6,1,35,6.65987e+26,0.000000
7,2,-14,6.6541113e+26,0.000000
5,3,-23,6.630344e+26,0.000000
6,4,49,6.6297139e+26,0.000000
7,1,-23,6.6135613e+26,0.000000
10,8,38,6.5288686e+26,0.000000
9,9,9,6.4832189e+26,0.000000
9,6,36,6.4661099e+26,0.000000
7,-2,-9,6.4566077e+26,0.000000
3,2,-29,6.4361704e+26,0.000000
7,-2,38,6.4308449e+26,0.000000
4,2,-28,6.425547e+26,0.000000
7,-3,-9,6.3471766e+26,0.000000
9,4,22,6.3350348e+26,0.000000
10,7,11,6.2991611e+26,0.000000
10,4,-1,6.2952071e+26,0.000000
10,7,12,6.2917464e+26,0.000000
9,-5,43,6.2621366e+26,0.000000
9,4,-2,6.2590458e+26,0.000000
6,1,36,6.2565506e+26,0.000000
8,2,29,6.2381491e+26,0.000000
9,9,6,6.2031126e+26,0.000000
7,4,50,6.1930791e+26,0.000000
9,8,7,6.1834649e+26,0.000000
3,-1,-48,6.1117505e+26,0.000000
9,-6,54,6.1019247e+26,0.000000
7,-3,47,6.0987207e+26,0.000000
10,6,16,6.0855933e+26,0.000000
10,7,13,6.0496641e+26,0.000000
9,8,8,6.0485164e+26,0.000000
7,-2,-8,6.0402888e+26,0.000000
10,-10,-5,6.0367374e+26,0.000000
7,-2,-10,5.9944933e+26,0.000000
8,-2,23,5.9867157e+26,0.000000
8,-2,22,5.9862395e+26,0.000000
7,2,37,5.9687061e+26,0.000000
10,7,10,5.9450552e+26,0.000000
7,0,-17,5.9319703e+26,0.000000
7,0,17,5.9319703e+26,0.000000
4,4,-19,5.9227907e+26,0.000000
10,8,50,5.9191351e+26,0.000000
9,-1,4,5.9165803e+26,0.000000
8,-2,20,5.9011671e+26,0.000000
9,8,5,5.8892749e+26,0.000000
6,4,-14,5.8663318e+26,0.000000
10,8,5,5.8557482e+26,0.000000
10,-4,15,5.8468118e+26,0.000000
10,8,8,5.8386792e+26,0.000000
10,8,37,5.7926403e+26,0.000000
7,1,32,5.7910907e+26,0.000000
8,-2,21,5.776582e+26,0.000000
8,-7,-6,5.7723874e+26,0.000000
10,-6,45,5.7392882e+26,0.000000
9,-1,9,5.7346194e+26,0.000000
8,3,-2,5.7280192e+26,0.000000
8,3,32,5.7277275e+26,0.000000
5,-5,-16,5.6975944e+26,0.000000
6,1,37,5.6841355e+26,0.000000
10,7,14,5.6822747e+26,0.000000
8,1,18,5.6776767e+26,0.000000
3,3,-28,5.6750728e+26,0.000000
8,-2,24,5.6594616e+26,0.000000
4,-1,-41,5.6222174e+26,0.000000
9,3,22,5.5762879e+26,0.000000
6,2,-25,5.5724163e+26,0.000000
8,-1,20,5.5610024e+26,0.000000
8,6,54,5.5557559e+26,0.000000
6,4,50,5.5471761e+26,0.000000
6,3,-8,5.5235897e+26,0.000000
3,-3,-42,5.5220732e+26,0.000000
6,3,52,5.4960437e+26,0.000000
9,7,51,5.4881427e+26,0.000000
10,8,6,5.4213102e+26,0.000000
7,5,52,5.4192664e+26,0.000000
10,-2,3,5.3664702e+26,0.000000
9,5,33,5.359986e+26,0.000000
5,1,50,5.3091542e+26,0.000000
10,7,15,5.2659609e+26,0.000000
4,0,-52,5.2591689e+26,0.000000
4,0,52,5.2591689e+26,0.000000
5,-1,48,5.2395932e+26,0.000000
6,0,-36,5.2372114e+26,0.000000
6,0,36,5.2372114e+26,0.000000
10,-10,-6,5.2364077e+26,0.000000
10,4,2,5.2307317e+26,0.000000
10,-5,16,5.2046402e+26,0.000000
10,-3,4,5.1989835e+26,0.000000
8,-3,38,5.168094e+26,0.000000
2,2,-29,5.1575433e+26,0.000000
7,-3,-6,5.1535713e+26,0.000000
10,7,9,5.140756e+26,0.000000
6,-2,-25,5.1297168e+26,0.000000
5,-1,-36,5.1258434e+26,0.000000
6,-2,48,5.1256453e+26,0.000000
2,1,-45,5.1174143e+26,0.000000
10,6,17,5.1087527e+26,0.000000
6,-3,51,5.105888e+26,0.000000
8,-2,25,5.0705333e+26,0.000000
3,-2,-40,5.0688328e+26,0.000000
9,9,3,5.0665079e+26,0.000000
7,-2,-11,5.0598976e+26,0.000000
10,8,4,5.0520968e+26,0.000000
10,8,7,5.018801e+26,0.000000
9,6,37,5.0161821e+26,0.000000
6,1,38,4.9987644e+26,0.000000
5,-3,-28,4.9955334e+26,0.000000
9,-3,25,4.94614e+26,0.000000
8,-4,35,4.906572e+26,0.000000
5,0,-45,4.8955856e+26,0.000000
5,0,45,4.8955856e+26,0.000000
7,3,46,4.8950056e+26,0.000000
5,1,-38,4.8878081e+26,0.000000
10,7,16,4.8478138e+26,0.000000
8,2,30,4.8463857e+26,0.000000
4,-3,-33,4.836742e+26,0.000000
8,5,36,4.7764697e+26,0.000000
8,3,33,4.7593765e+26,0.000000
9,-4,-1,4.7548733e+26,0.000000
9,9,5,4.7505254e+26,0.000000
7,1,-24,4.7456315e+26,0.000000
10,4,7,4.7306507e+26,0.000000
9,4,23,4.701202e+26,0.000000
5,3,54,4.6777269e+26,0.000000
7,4,51,4.6752999e+26,0.000000
6,2,46,4.6746837e+26,0.000000
3,2,-30,4.6705856e+26,0.000000
4,-4,-30,4.6547457e+26,0.000000
10,-7,-3,4.6453253e+26,0.000000
10,4,6,4.6425278e+26,0.000000
6,4,51,4.6200316e+26,0.000000
9,-4,25,4.5904381e+26,0.000000
10,4,8,4.5843689e+26,0.000000
6,1,-30,4.5803023e+26,0.000000
7,-1,31,4.5405617e+26,0.000000
6,-1,24,4.5398012e+26,0.000000
3,1,-44,4.5295778e+26,0.000000
9,9,2,4.5200596e+26,0.000000
8,4,34,4.4930637e+26,0.000000
7,2,-15,4.4929386e+26,0.000000
9,9,4,4.4887529e+26,0.000000
7,-2,-7,4.4674714e+26,0.000000
10,7,17,4.4540925e+26,0.000000
10,8,43,4.4505354e+26,0.000000
9,7,52,4.4099806e+26,0.000000
10,4,5,4.3477818e+26,0.000000
8,1,19,4.3431363e+26,0.000000
8,-2,26,4.3384613e+26,0.000000
9,-4,0,4.303341e+26,0.000000
7,-3,48,4.2984461e+26,0.000000
10,-6,46,4.2917852e+26,0.000000
5,4,-12,4.2904856e+26,0.000000
8,-4,-3,4.2777191e+26,0.000000
6,1,39,4.2734319e+26,0.000000
6,-2,-3,4.2574309e+26,0.000000
6,-4,-20,4.2312744e+26,0.000000
8,6,55,4.21651e+26,0.000000
10,8,1,4.2077083e+26,0.000000
10,-5,17,4.1815098e+26,0.000000
10,4,9,4.1726574e+26,0.000000
10,6,18,4.136662e+26,0.000000
7,-1,-14,4.1344483e+26,0.000000
9,-6,55,4.1323724e+26,0.000000
10,-4,16,4.1281707e+26,0.000000
10,7,18,4.0975062e+26,0.000000
9,5,34,4.0738027e+26,0.000000
3,-1,-49,4.0734448e+26,0.000000
4,1,-40,4.0589253e+26,0.000000
7,-3,-10,4.0507525e+26,0.000000
4,0,-53,4.034245e+26,0.000000
4,0,53,4.034245e+26,0.000000
5,-1,49,4.0131946e+26,0.000000
5,3,-24,4.0130863e+26,0.000000
5,1,51,4.0033295e+26,0.000000
5,-4,-21,4.0007968e+26,0.000000
7,-2,-12,3.9833282e+26,0.000000
9,-5,44,3.9812573e+26,0.000000
7,-2,39,3.9775769e+26,0.000000
8,-1,21,3.9737517e+26,0.000000
5,-2,-24,3.965709e+26,0.000000
9,9,0,3.9601746e+26,0.000000
10,7,8,3.9399126e+26,0.000000
6,-1,-11,3.9342782e+26,0.000000
9,8,4,3.9316992e+26,0.000000
8,3,34,3.8838546e+26,0.000000
2,2,-30,3.878402e+26,0.000000
6,-1,-10,3.8536184e+26,0.000000
8,-3,39,3.8390909e+26,0.000000
6,4,52,3.8381953e+26,0.000000
9,6,38,3.8366915e+26,0.000000
4,3,-24,3.8359735e+26,0.000000
7,2,38,3.7977814e+26,0.000000
10,4,4,3.7885156e+26,0.000000
7,5,53,3.7840655e+26,0.000000
10,7,19,3.7822044e+26,0.000000
6,0,-37,3.6942448e+26,0.000000
6,0,37,3.6942448e+26,0.000000
8,2,31,3.6898177e+26,0.000000
6,-1,-12,3.6504423e+26,0.000000
9,7,53,3.6486178e+26,0.000000
9,3,23,3.6411525e+26,0.000000
9,-1,10,3.6346361e+26,0.000000
10,8,3,3.6252556e+26,0.000000
6,3,-9,3.6143388e+26,0.000000
6,-1,-6,3.6014124e+26,0.000000
6,3,53,3.6008751e+26,0.000000
7,3,-13,3.599359e+26,0.000000
10,8,2,3.5880036e+26,0.000000
8,-2,27,3.5718167e+26,0.000000
6,1,40,3.5678966e+26,0.000000
7,2,-5,3.5603658e+26,0.000000
9,9,-3,3.5577515e+26,0.000000
10,-5,2,3.5532295e+26,0.000000
9,9,-1,3.545809e+26,0.000000
10,4,10,3.5387436e+26,0.000000
7,3,47,3.5342195e+26,0.000000
9,8,2,3.5289783e+26,0.000000
8,2,-7,3.523715e+26,0.000000
7,4,52,3.5234695e+26,0.000000
9,7,54,3.5076356e+26,0.000000
10,7,20,3.5070242e+26,0.000000
9,9,-5,3.4675543e+26,0.000000
10,-5,18,3.4552905e+26,0.000000
7,-1,-18,3.4492837e+26,0.000000
9,-1,1,3.4487867e+26,0.000000
9,9,1,3.4409717e+26,0.000000
7,-1,-17,3.4395314e+26,0.000000
9,4,24,3.3848836e+26,0.000000
10,4,3,3.3646527e+26,0.000000
6,4,-15,3.3465886e+26,0.000000
5,2,46,3.3449972e+26,0.000000
7,1,-25,3.329585e+26,0.000000
6,-1,-9,3.3243064e+26,0.000000
3,-2,-41,3.3235352e+26,0.000000
10,-3,3,3.3194277e+26,0.000000
3,2,-31,3.3160912e+26,0.000000
3,-3,-43,3.3100543e+26,0.000000
6,-3,52,3.3065316e+26,0.000000
9,6,-4,3.2787286e+26,0.000000
4,0,-54,3.2726528e+26,0.000000
4,0,54,3.2726528e+26,0.000000
10,7,21,3.2676807e+26,0.000000
10,6,19,3.2253031e+26,0.000000
9,2,7,3.2231673e+26,0.000000
8,1,20,3.2223905e+26,0.000000
7,1,33,3.2201849e+26,0.000000
10,-4,17,3.2026898e+26,0.000000
5,2,-24,3.189951e+26,0.000000
6,4,53,3.179737e+26,0.000000
10,-6,47,3.1789697e+26,0.000000
5,-5,-17,3.1747201e+26,0.000000
7,-1,-19,3.1567752e+26,0.000000
10,8,-2,3.1543133e+26,0.000000
3,-1,-55,3.1518699e+26,0.000000
6,-1,-13,3.1516865e+26,0.000000
5,0,-46,3.1486448e+26,0.000000
5,0,46,3.1486448e+26,0.000000
8,3,35,3.1189616e+26,0.000000
7,-1,-16,3.1170985e+26,0.000000
3,-1,-50,3.1152066e+26,0.000000
5,5,-8,3.1066739e+26,0.000000
9,2,8,3.0825701e+26,0.000000
10,7,22,3.0583152e+26,0.000000
9,2,6,3.0561997e+26,0.000000
5,-3,-29,3.0558105e+26,0.000000
9,5,35,3.0465136e+26,0.000000
5,-1,50,3.038312e+26,0.000000
6,3,-10,3.0309813e+26,0.000000
4,-2,-26,3.025757e+26,0.000000
7,-3,49,3.0252308e+26,0.000000
10,8,44,3.0218946e+26,0.000000
3,3,-29,3.010909e+26,0.000000
10,10,24,3.0056636e+26,0.000000
9,8,3,3.003731e+26,0.000000
9,8,1,2.9941627e+26,0.000000
5,1,52,2.9845959e+26,0.000000
7,-2,-13,2.970742e+26,0.000000
9,-4,26,2.9673862e+26,0.000000
2,1,-46,2.962294e+26,0.000000
2,2,-31,2.9620084e+26,0.000000
7,2,-16,2.9533819e+26,0.000000
5,2,53,2.9508802e+26,0.000000
3,-1,-54,2.9460235e+26,0.000000
4,-1,-42,2.9341667e+26,0.000000
5,-1,-37,2.9243026e+26,0.000000
10,-5,19,2.9234413e+26,0.000000
10,8,45,2.9218357e+26,0.000000
6,1,41,2.9212287e+26,0.000000
5,2,54,2.9099428e+26,0.000000
9,6,39,2.9079415e+26,0.000000
5,2,52,2.8830873e+26,0.000000
7,-1,-15,2.8798506e+26,0.000000
4,4,-20,2.8765176e+26,0.000000
10,7,23,2.8725897e+26,0.000000
4,-3,-34,2.8703125e+26,0.000000
10,8,-4,2.8620972e+26,0.000000
8,-2,28,2.8475918e+26,0.000000
8,-3,40,2.8274488e+26,0.000000
10,8,0,2.8238583e+26,0.000000
6,2,-26,2.8204109e+26,0.000000
10,8,47,2.8134058e+26,0.000000
6,1,-31,2.80702e+26,0.000000
7,0,-18,2.802717e+26,0.000000
7,0,18,2.802717e+26,0.000000
10,4,11,2.7877158e+26,0.000000
5,2,55,2.7866526e+26,0.000000
9,-3,26,2.7723801e+26,0.000000
4,0,-55,2.7693149e+26,0.000000
4,0,55,2.7693149e+26,0.000000
3,-1,-53,2.7689065e+26,0.000000
8,-1,22,2.7683797e+26,0.000000
8,2,32,2.7606012e+26,0.000000
10,-4,18,2.7392273e+26,0.000000
3,-1,-51,2.7369359e+26,0.000000
6,3,-11,2.7345216e+26,0.000000
6,-6,-10,2.7242983e+26,0.000000
5,1,-39,2.722478e+26,0.000000
9,2,9,2.7209294e+26,0.000000
10,7,24,2.704423e+26,0.000000
8,5,37,2.6905453e+26,0.000000
7,-1,-20,2.6884186e+26,0.000000
5,2,51,2.6868772e+26,0.000000
6,-2,49,2.6858371e+26,0.000000
3,-1,-52,2.6708966e+26,0.000000
10,4,0,2.6625834e+26,0.000000
7,4,53,2.652428e+26,0.000000
6,2,47,2.6463201e+26,0.000000
6,-2,-26,2.6455262e+26,0.000000
10,7,7,2.6414866e+26,0.000000
7,5,54,2.6404408e+26,0.000000
6,4,54,2.6404081e+26,0.000000
8,-4,36,2.6358315e+26,0.000000
6,0,-38,2.5850299e+26,0.000000
6,0,38,2.5850299e+26,0.000000
10,10,23,2.5816758e+26,0.000000
5,3,55,2.5761853e+26,0.000000
6,-1,-14,2.5731318e+26,0.000000
9,9,-2,2.5494549e+26,0.000000
10,7,25,2.5484369e+26,0.000000
7,3,48,2.5463627e+26,0.000000
7,-1,32,2.5448468e+26,0.000000
10,-5,20,2.5158173e+26,0.000000
9,-5,45,2.5136007e+26,0.000000
10,-4,19,2.5063063e+26,0.000000
6,-1,-8,2.4994676e+26,0.000000
9,2,5,2.4951841e+26,0.000000
10,8,-1,2.4927978e+26,0.000000
8,3,36,2.4690994e+26,0.000000
9,2,1,2.4473901e+26,0.000000
10,-4,0,2.4469491e+26,0.000000
5,4,-13,2.4415914e+26,0.000000
8,4,35,2.4382499e+26,0.000000
7,-2,40,2.4369965e+26,0.000000
6,3,-12,2.4299726e+26,0.000000
10,10,22,2.4209373e+26,0.000000
10,6,20,2.4190273e+26,0.000000
5,3,-25,2.4131477e+26,0.000000
10,7,26,2.4001886e+26,0.000000
6,-4,-21,2.3973448e+26,0.000000
3,1,-45,2.3943149e+26,0.000000
7,2,39,2.3931684e+26,0.000000
4,-4,-31,2.3885498e+26,0.000000
6,-1,25,2.3863251e+26,0.000000
7,-3,-11,2.3706436e+26,0.000000
7,3,-3,2.3703182e+26,0.000000
5,2,50,2.36495e+26,0.000000
9,4,25,2.3628561e+26,0.000000
10,-4,20,2.3557162e+26,0.000000
6,1,42,2.3537167e+26,0.000000
6,-6,-9,2.3380395e+26,0.000000
10,-6,48,2.3341164e+26,0.000000
6,3,54,2.3322682e+26,0.000000
8,1,21,2.3256811e+26,0.000000
10,5,4,2.320675e+26,0.000000
10,10,21,2.3131127e+26,0.000000
3,2,-32,2.3122508e+26,0.000000
7,1,-26,2.2930061e+26,0.000000
9,3,24,2.2883359e+26,0.000000
5,-1,51,2.2745376e+26,0.000000
10,7,27,2.2562547e+26,0.000000
9,5,36,2.2430551e+26,0.000000
9,2,10,2.2328242e+26,0.000000
5,-4,-22,2.2214745e+26,0.000000
8,-2,29,2.2096726e+26,0.000000
5,5,-9,2.2094647e+26,0.000000
2,2,-32,2.2090885e+26,0.000000
10,-4,21,2.2050358e+26,0.000000
10,10,20,2.200091e+26,0.000000
5,1,53,2.199297e+26,0.000000
9,9,-6,2.1884681e+26,0.000000
10,-5,21,2.1854632e+26,0.000000
4,3,-25,2.1822311e+26,0.000000
9,6,40,2.1806455e+26,0.000000
3,-2,-42,2.1672959e+26,0.000000
7,-1,-21,2.166071e+26,0.000000
6,4,55,2.1595644e+26,0.000000
9,8,-1,2.1451955e+26,0.000000
10,5,5,2.1374436e+26,0.000000
4,1,-41,2.1270028e+26,0.000000
7,-3,50,2.1262244e+26,0.000000
6,-3,53,2.12233e+26,0.000000
7,-2,-14,2.1207294e+26,0.000000
10,7,28,2.1142229e+26,0.000000
6,-6,-11,2.1067149e+26,0.000000
9,-1,11,2.1004371e+26,0.000000
10,-4,-1,2.0782966e+26,0.000000
6,3,-13,2.0762775e+26,0.000000
8,-3,41,2.0663734e+26,0.000000
6,-1,-7,2.0651609e+26,0.000000
10,10,19,2.0538e+26,0.000000
7,-2,-6,2.0448011e+26,0.000000
10,4,12,2.0399382e+26,0.000000
8,2,33,2.0340929e+26,0.000000
3,-3,-44,2.0273954e+26,0.000000
10,8,49,2.0243712e+26,0.000000
10,-4,22,2.0196347e+26,0.000000
5,0,-47,2.0146811e+26,0.000000
5,0,47,2.0146811e+26,0.000000
10,8,52,2.0143405e+26,0.000000
6,-1,-15,2.0090092e+26,0.000000
7,4,54,1.9991959e+26,0.000000
9,1,2,1.9963859e+26,0.000000
5,2,49,1.9733826e+26,0.000000
10,7,29,1.9726575e+26,0.000000
9,2,2,1.9682133e+26,0.000000
10,8,48,1.9556262e+26,0.000000
4,2,-29,1.9447986e+26,0.000000
8,3,37,1.9296771e+26,0.000000
5,5,-6,1.9171367e+26,0.000000
10,-5,22,1.9022963e+26,0.000000
6,4,-16,1.9006427e+26,0.000000
7,2,-17,1.8938865e+26,0.000000
10,7,4,1.8931068e+26,0.000000
8,-1,23,1.883344e+26,0.000000
10,7,30,1.8762254e+26,0.000000
5,2,47,1.8717774e+26,0.000000
6,1,43,1.8716953e+26,0.000000
5,-3,-30,1.8660282e+26,0.000000
10,5,3,1.8640179e+26,0.000000
10,10,18,1.857938e+26,0.000000
9,-4,27,1.8538784e+26,0.000000
7,5,55,1.8453703e+26,0.000000
10,9,19,1.8435179e+26,0.000000
7,3,49,1.8309643e+26,0.000000
10,9,18,1.8251096e+26,0.000000
10,9,20,1.824454e+26,0.000000
9,-8,-6,1.8228211e+26,0.000000
5,-5,-18,1.8078808e+26,0.000000
6,0,-39,1.7962641e+26,0.000000
6,0,39,1.7962641e+26,0.000000
10,-4,23,1.7957595e+26,0.000000
10,9,21,1.7808896e+26,0.000000
10,5,6,1.7735597e+26,0.000000
10,7,3,1.7630552e+26,0.000000
10,9,17,1.7549756e+26,0.000000
7,1,34,1.7535285e+26,0.000000
10,7,6,1.7449817e+26,0.000000
10,6,21,1.7447878e+26,0.000000
2,1,-47,1.7438577e+26,0.000000
10,8,54,1.730603e+26,0.000000
10,9,22,1.7235393e+26,0.000000
10,-2,4,1.7163162e+26,0.000000
6,1,-32,1.7117348e+26,0.000000
9,2,11,1.7092122e+26,0.000000
4,-3,-35,1.7048252e+26,0.000000
6,3,-14,1.7028458e+26,0.000000
7,3,-14,1.7007565e+26,0.000000
10,-6,49,1.7001286e+26,0.000000
10,7,31,1.6994595e+26,0.000000
5,-1,52,1.6837578e+26,0.000000
10,9,26,1.6808856e+26,0.000000
5,2,48,1.6800949e+26,0.000000
8,-2,30,1.6758463e+26,0.000000
7,-1,-22,1.6715076e+26,0.000000
10,9,23,1.6614022e+26,0.000000
5,-1,-38,1.6571771e+26,0.000000
10,-5,23,1.6485145e+26,0.000000
10,7,32,1.640496e+26,0.000000
8,1,22,1.636502e+26,0.000000
5,-2,-25,1.6323564e+26,0.000000
9,5,37,1.6267856e+26,0.000000
9,8,0,1.6249052e+26,0.000000
9,6,41,1.6211265e+26,0.000000
10,9,16,1.6205336e+26,0.000000
10,10,17,1.6065133e+26,0.000000
3,3,-30,1.6047646e+26,0.000000
10,9,24,1.6040818e+26,0.000000
5,1,54,1.6009033e+26,0.000000
2,2,-33,1.5990567e+26,0.000000
10,7,5,1.5982033e+26,0.000000
9,4,26,1.5971006e+26,0.000000
3,2,-33,1.5884006e+26,0.000000
9,-5,46,1.5813163e+26,0.000000
10,-7,-4,1.5806964e+26,0.000000
8,-4,37,1.5781244e+26,0.000000
10,9,25,1.5708827e+26,0.000000
7,1,-27,1.5547259e+26,0.000000
10,-4,24,1.5461377e+26,0.000000
10,8,53,1.5373429e+26,0.000000
8,5,38,1.5246859e+26,0.000000
10,5,0,1.5194851e+26,0.000000
9,2,4,1.5153328e+26,0.000000
4,-1,-43,1.5141693e+26,0.000000
6,-1,-16,1.5122975e+26,0.000000
5,1,-40,1.5041497e+26,0.000000
7,4,55,1.5013948e+26,0.000000
8,-3,42,1.4997508e+26,0.000000
7,2,40,1.49314e+26,0.000000
7,-3,51,1.4921658e+26,0.000000
8,3,38,1.490722e+26,0.000000
6,3,55,1.4889983e+26,0.000000
9,-3,27,1.4846177e+26,0.000000
10,5,7,1.4790099e+26,0.000000
8,2,34,1.4787881e+26,0.000000
7,-2,41,1.4783965e+26,0.000000
6,1,44,1.4724629e+26,0.000000
9,1,7,1.4718831e+26,0.000000
10,-3,5,1.4676744e+26,0.000000
7,-2,-15,1.4596275e+26,0.000000
6,2,48,1.4559344e+26,0.000000
5,3,-26,1.4434462e+26,0.000000
9,9,-4,1.4358608e+26,0.000000
10,7,33,1.4257204e+26,0.000000
9,1,6,1.4256551e+26,0.000000
10,9,15,1.4160414e+26,0.000000
10,-5,24,1.4150461e+26,0.000000
9,8,-2,1.4098427e+26,0.000000
3,-2,-43,1.4066558e+26,0.000000
6,2,-27,1.4042097e+26,0.000000
4,4,-21,1.4003279e+26,0.000000
7,-1,33,1.4002141e+26,0.000000
10,4,13,1.3912128e+26,0.000000
6,-6,-12,1.3869288e+26,0.000000
5,4,-14,1.3825739e+26,0.000000
9,3,25,1.3815512e+26,0.000000
10,8,-5,1.3809288e+26,0.000000
8,4,36,1.3772877e+26,0.000000
6,-2,50,1.3624984e+26,0.000000
6,-4,-22,1.3547828e+26,0.000000
6,-3,54,1.3469907e+26,0.000000
6,3,-15,1.3457261e+26,0.000000
6,-2,-27,1.3432312e+26,0.000000
7,-6,-6,1.3355842e+26,0.000000
7,3,50,1.3143462e+26,0.000000
10,10,16,1.3067025e+26,0.000000
7,-3,-12,1.2984464e+26,0.000000
5,2,-25,1.2952279e+26,0.000000
3,1,-46,1.2899117e+26,0.000000
10,-4,25,1.2893079e+26,0.000000
5,0,-48,1.2818122e+26,0.000000
5,0,48,1.2818122e+26,0.000000
3,-3,-45,1.2783448e+26,0.000000
10,7,34,1.2763038e+26,0.000000
10,5,8,1.276303e+26,0.000000
8,1,-6,1.2683034e+26,0.000000
9,1,8,1.259489e+26,0.000000
9,-7,-6,1.2565237e+26,0.000000
7,0,-19,1.2547815e+26,0.000000
7,0,19,1.2547815e+26,0.000000
8,-1,24,1.2527201e+26,0.000000
7,-1,-23,1.2465439e+26,0.000000
8,-2,31,1.2463246e+26,0.000000
4,3,-26,1.2417614e+26,0.000000
6,0,-40,1.2404816e+26,0.000000
6,0,40,1.2404816e+26,0.000000
5,-1,53,1.2321407e+26,0.000000
5,-4,-23,1.230286e+26,0.000000
10,-6,50,1.2295074e+26,0.000000
4,-4,-32,1.2283565e+26,0.000000
9,2,12,1.2220322e+26,0.000000
6,-1,26,1.2128333e+26,0.000000
10,6,22,1.2117764e+26,0.000000
10,-5,25,1.1986299e+26,0.000000
7,1,-2,1.1957359e+26,0.000000
7,2,-18,1.1866308e+26,0.000000
9,6,42,1.182227e+26,0.000000
8,1,-5,1.1641706e+26,0.000000
9,5,38,1.1625444e+26,0.000000
5,1,55,1.1502256e+26,0.000000
10,9,14,1.1491876e+26,0.000000
6,1,45,1.148241e+26,0.000000
10,7,35,1.1409975e+26,0.000000
8,3,39,1.1396081e+26,0.000000
5,-3,-31,1.1378167e+26,0.000000
8,8,-7,1.1318628e+26,0.000000
2,2,-34,1.128846e+26,0.000000
8,1,23,1.1247279e+26,0.000000
8,-4,38,1.1228488e+26,0.000000
10,5,9,1.1200025e+26,0.000000
4,-2,-27,1.1200001e+26,0.000000
9,-4,28,1.1169526e+26,0.000000
9,-1,12,1.1084163e+26,0.000000
6,-1,-17,1.1043213e+26,0.000000
4,1,-42,1.0993476e+26,0.000000
8,-3,43,1.08181e+26,0.000000
3,2,-34,1.0776715e+26,0.000000
6,-3,-3,1.0746979e+26,0.000000
6,4,-17,1.0744449e+26,0.000000
8,2,35,1.0623674e+26,0.000000
8,2,-8,1.0596995e+26,0.000000
10,7,0,1.0586697e+26,0.000000
2,1,-48,1.0520963e+26,0.000000
5,-5,-19,1.0483811e+26,0.000000
7,-3,52,1.0453258e+26,0.000000
9,4,27,1.0434158e+26,0.000000
10,-4,26,1.0427143e+26,0.000000
7,1,-28,1.0404287e+26,0.000000
8,1,-7,1.0387084e+26,0.000000
6,1,-33,1.0386542e+26,0.000000
6,3,-16,1.0294853e+26,0.000000
9,1,5,1.0177067e+26,0.000000
4,-3,-36,1.0132105e+26,0.000000
10,7,36,1.0129085e+26,0.000000
10,7,2,1.0096528e+26,0.000000
10,8,-3,1.0033196e+26,0.000000
10,-5,26,9.9938847e+25,0.000000
5,5,-10,9.9792951e+25,0.000000
9,-5,47,9.9621788e+25,0.000000
9,-2,4,9.9383004e+25,0.000000
9,8,-4,9.8819217e+25,0.000000
10,10,15,9.815601e+25,0.000000
7,7,-7,9.777176e+25,0.000000
10,5,10,9.7542914e+25,0.000000
7,-2,-16,9.7369908e+25,0.000000
6,-3,-5,9.6546948e+25,0.000000
10,-5,1,9.4920507e+25,0.000000
7,3,51,9.4180804e+25,0.000000
8,-4,39,9.3927503e+25,0.000000
9,1,9,9.3892364e+25,0.000000
10,-10,-7,9.3618881e+25,0.000000
7,1,35,9.3224667e+25,0.000000
5,-1,-39,9.3203615e+25,0.000000
9,8,-3,9.2850491e+25,0.000000
8,5,39,9.2836694e+25,0.000000
9,-2,2,9.2433663e+25,0.000000
7,2,41,9.2205176e+25,0.000000
10,-9,-5,9.1767653e+25,0.000000
8,-2,32,9.11371e+25,0.000000
3,-2,-44,9.0980249e+25,0.000000
7,-1,-24,9.0443381e+25,0.000000
10,7,37,9.019511e+25,0.000000
10,-3,6,9.0074688e+25,0.000000
8,2,-12,8.9941399e+25,0.000000
10,4,14,8.9402821e+25,0.000000
5,-1,54,8.9081281e+25,0.000000
6,1,46,8.8899369e+25,0.000000
8,2,-13,8.8895781e+25,0.000000
7,-2,42,8.8752066e+25,0.000000
10,5,2,8.8561499e+25,0.000000
10,-6,51,8.8366274e+25,0.000000
8,4,37,8.7130977e+25,0.000000
9,8,-5,8.6334021e+25,0.000000
8,3,40,8.6295277e+25,0.000000
5,3,-27,8.5981339e+25,0.000000
8,-4,40,8.5929843e+25,0.000000
3,3,-31,8.5925726e+25,0.000000
9,6,43,8.5600127e+25,0.000000
6,0,-41,8.5182959e+25,0.000000
6,0,41,8.5182959e+25,0.000000
10,9,13,8.4649926e+25,0.000000
6,-3,55,8.4280596e+25,0.000000
6,-6,-13,8.4077658e+25,0.000000
3,-3,-46,8.3707954e+25,0.000000
10,5,11,8.3118067e+25,0.000000
10,5,1,8.2667528e+25,0.000000
5,1,-41,8.2410469e+25,0.000000
10,-4,27,8.1932874e+25,0.000000
9,5,39,8.1900286e+25,0.000000
10,-5,27,8.1890834e+25,0.000000
10,-8,-6,8.1847932e+25,0.000000
10,-9,-4,8.1785438e+25,0.000000
9,2,13,8.1606778e+25,0.000000
8,-1,25,8.1541383e+25,0.000000
10,6,23,8.144197e+25,0.000000
5,0,-49,8.10646e+25,0.000000
5,0,49,8.10646e+25,0.000000
8,-4,41,8.0526354e+25,0.000000
9,-2,5,8.0067097e+25,0.000000
9,3,26,7.9913904e+25,0.000000
9,-2,3,7.9878698e+25,0.000000
7,-2,-4,7.9139122e+25,0.000000
8,2,-14,7.9061961e+25,0.000000
6,-1,-18,7.8603834e+25,0.000000
7,4,-4,7.8392053e+25,0.000000
2,2,-35,7.8350375e+25,0.000000
8,2,-11,7.8293581e+25,0.000000
5,4,-15,7.7940126e+25,0.000000
4,-1,-44,7.7895837e+25,0.000000
10,7,38,7.7884297e+25,0.000000
8,-3,44,7.760928e+25,0.000000
6,2,49,7.7523194e+25,0.000000
7,3,-15,7.690852e+25,0.000000
6,3,-17,7.6549976e+25,0.000000
6,-4,-23,7.6410498e+25,0.000000
9,-3,28,7.6025012e+25,0.000000
7,0,-1,7.5631572e+25,0.000000
7,0,1,7.5631572e+25,0.000000
8,1,24,7.5597967e+25,0.000000
8,2,36,7.5516835e+25,0.000000
7,-1,34,7.5458916e+25,0.000000
9,2,3,7.5200981e+25,0.000000
8,-4,42,7.4707357e+25,0.000000
7,-5,-9,7.4576062e+25,0.000000
10,7,1,7.4092415e+25,0.000000
10,-5,0,7.3356286e+25,0.000000
6,-3,-6,7.3164489e+25,0.000000
7,-3,53,7.3061759e+25,0.000000
7,2,-19,7.2735053e+25,0.000000
3,2,-35,7.2353071e+25,0.000000
8,1,-8,7.2309164e+25,0.000000
3,1,-47,7.2053772e+25,0.000000
4,3,-27,7.0705724e+25,0.000000
10,5,-2,7.0298682e+25,0.000000
8,-3,-2,6.97531e+25,0.000000
9,5,-4,6.9599627e+25,0.000000
5,-3,-32,6.928697e+25,0.000000
10,5,12,6.9102472e+25,0.000000
7,1,-29,6.8851072e+25,0.000000
6,2,-28,6.858883e+25,0.000000
6,1,47,6.8423763e+25,0.000000
6,-2,51,6.8289465e+25,0.000000
4,4,-22,6.827568e+25,0.000000
10,7,39,6.8046748e+25,0.000000
5,-4,-24,6.7979985e+25,0.000000
10,-3,7,6.7800866e+25,0.000000
8,-4,43,6.776267e+25,0.000000
7,3,52,6.7348714e+25,0.000000
7,-3,-13,6.7175349e+25,0.000000
6,-2,-28,6.6951737e+25,0.000000
10,10,14,6.6890999e+25,0.000000
8,5,40,6.6209595e+25,0.000000
10,7,40,6.6159759e+25,0.000000
10,-5,28,6.5888995e+25,0.000000
2,1,-49,6.5824993e+25,0.000000
9,4,28,6.5759142e+25,0.000000
8,-2,33,6.5672186e+25,0.000000
8,4,38,6.5479893e+25,0.000000
8,2,-15,6.5118648e+25,0.000000
5,-2,-26,6.5105708e+25,0.000000
9,-4,29,6.480153e+25,0.000000
8,3,41,6.478592e+25,0.000000
10,-2,5,6.4767035e+25,0.000000
7,-1,-25,6.4165944e+25,0.000000
5,-1,55,6.3578938e+25,0.000000
4,-4,-33,6.3329206e+25,0.000000
9,-5,48,6.3285766e+25,0.000000
7,-2,-17,6.3205895e+25,0.000000
10,-6,52,6.3189226e+25,0.000000
7,-5,-8,6.2818594e+25,0.000000
6,1,-34,6.2702047e+25,0.000000
10,-4,28,6.2663779e+25,0.000000
8,5,45,6.2340662e+25,0.000000
9,1,10,6.2339186e+25,0.000000
5,-5,-20,6.1694497e+25,0.000000
9,6,44,6.1286468e+25,0.000000
8,5,44,6.0845133e+25,0.000000
9,1,3,6.0725073e+25,0.000000
6,4,-18,6.0438226e+25,0.000000
4,-3,-37,6.0239559e+25,0.000000
8,5,46,6.0234972e+25,0.000000
10,-2,2,6.0015249e+25,0.000000
8,-4,44,5.9948137e+25,0.000000
6,-1,27,5.940784e+25,0.000000
9,-2,6,5.9318937e+25,0.000000
10,6,-4,5.9231953e+25,0.000000
8,5,43,5.8863628e+25,0.000000
3,-2,-45,5.8761664e+25,0.000000
7,-5,-10,5.8736822e+25,0.000000
6,0,-42,5.8184706e+25,0.000000
6,0,42,5.8184706e+25,0.000000
4,2,-30,5.7617091e+25,0.000000
8,2,-4,5.7462002e+25,0.000000
8,4,39,5.7429649e+25,0.000000
3,-3,-47,5.7428629e+25,0.000000
8,5,47,5.74226e+25,0.000000
8,5,41,5.7316279e+25,0.000000
9,5,40,5.6896592e+25,0.000000
8,5,42,5.6693479e+25,0.000000
7,0,-20,5.6500845e+25,0.000000
7,0,20,5.6500845e+25,0.000000
10,5,13,5.6445878e+25,0.000000
8,2,-10,5.6417528e+25,0.000000
7,2,42,5.6329001e+25,0.000000
4,1,-43,5.6166891e+25,0.000000
8,-1,-6,5.5853895e+25,0.000000
10,4,15,5.5824403e+25,0.000000
6,3,-18,5.5518772e+25,0.000000
8,-3,45,5.5412038e+25,0.000000
10,9,12,5.5300742e+25,0.000000
7,-3,-5,5.5006619e+25,0.000000
10,-6,-4,5.4764666e+25,0.000000
6,-1,-19,5.474725e+25,0.000000
8,4,40,5.4652878e+25,0.000000
9,-1,13,5.4175981e+25,0.000000
2,2,-36,5.3958746e+25,0.000000
10,6,24,5.3685887e+25,0.000000
8,5,48,5.332174e+25,0.000000
8,2,37,5.3174991e+25,0.000000
8,4,41,5.3023211e+25,0.000000
10,-3,2,5.2937387e+25,0.000000
7,-2,43,5.2687111e+25,0.000000
6,1,48,5.2419136e+25,0.000000
10,-5,29,5.2035195e+25,0.000000
5,-1,-40,5.1990632e+25,0.000000
8,-1,26,5.1966035e+25,0.000000
8,-4,45,5.1805237e+25,0.000000
10,-3,8,5.1751904e+25,0.000000
8,-1,-7,5.1540997e+25,0.000000
10,7,41,5.1437918e+25,0.000000
8,-2,-1,5.1267989e+25,0.000000
5,3,-28,5.104925e+25,0.000000
5,2,-26,5.1016195e+25,0.000000
5,0,-50,5.0964899e+25,0.000000
5,0,50,5.0964899e+25,0.000000
9,2,14,5.0927237e+25,0.000000
7,-3,54,5.0911122e+25,0.000000
8,4,42,5.0808042e+25,0.000000
8,2,-16,5.0577834e+25,0.000000
8,1,25,4.9737216e+25,0.000000
6,-6,-14,4.8651222e+25,0.000000
8,5,49,4.84135e+25,0.000000
8,3,42,4.8260763e+25,0.000000
7,1,36,4.8202604e+25,0.000000
3,2,-36,4.814086e+25,0.000000
7,3,53,4.8040274e+25,0.000000
8,4,43,4.7539788e+25,0.000000
8,1,-4,4.7072848e+25,0.000000
10,7,-1,4.6913413e+25,0.000000
10,-4,29,4.6726937e+25,0.000000
8,-2,34,4.6718841e+25,0.000000
3,3,-32,4.6220527e+25,0.000000
10,5,14,4.6022873e+25,0.000000
8,2,-9,4.5465385e+25,0.000000
7,1,-30,4.5129411e+25,0.000000
10,-6,53,4.5017999e+25,0.000000
5,1,-42,4.4809628e+25,0.000000
7,-1,-26,4.4687809e+25,0.000000
8,1,-9,4.4574759e+25,0.000000
9,3,27,4.4178816e+25,0.000000
9,-2,7,4.3881991e+25,0.000000
8,-4,46,4.3851945e+25,0.000000
5,4,-16,4.3733746e+25,0.000000
7,2,-20,4.3658442e+25,0.000000
2,1,-50,4.3405664e+25,0.000000
8,5,50,4.3390588e+25,0.000000
9,6,45,4.3377438e+25,0.000000
8,4,44,4.3347812e+25,0.000000
6,-4,-24,4.3031112e+25,0.000000
3,1,-48,4.2949233e+25,0.000000
8,-1,-5,4.2751985e+25,0.000000
9,1,4,4.2531814e+25,0.000000
5,-3,-33,4.2138078e+25,0.000000
10,7,42,4.1812376e+25,0.000000
5,5,-11,4.1800369e+25,0.000000
3,-3,-48,4.1553398e+25,0.000000
10,10,13,4.1321804e+25,0.000000
9,-5,49,4.0894153e+25,0.000000
4,-1,-45,4.0711264e+25,0.000000
10,-5,30,4.0331131e+25,0.000000
10,-3,9,4.0308492e+25,0.000000
4,3,-28,4.0298892e+25,0.000000
7,-2,-18,4.0046013e+25,0.000000
6,2,50,4.0013304e+25,0.000000
6,1,49,3.9980764e+25,0.000000
9,4,29,3.9928993e+25,0.000000
7,-5,-11,3.9716846e+25,0.000000
7,-1,35,3.9707997e+25,0.000000
6,0,-43,3.9537627e+25,0.000000
6,0,43,3.9537627e+25,0.000000
8,-3,46,3.9401308e+25,0.000000
6,3,-19,3.9390642e+25,0.000000
9,5,41,3.8996135e+25,0.000000
10,7,-2,3.8941753e+25,0.000000
8,-1,-8,3.8933279e+25,0.000000
8,4,45,3.8577468e+25,0.000000
10,5,15,3.8301208e+25,0.000000
10,-2,1,3.8211377e+25,0.000000
4,-2,-28,3.8151704e+25,0.000000
3,-2,-46,3.80277e+25,0.000000
9,-3,29,3.7724557e+25,0.000000
8,5,51,3.7713257e+25,0.000000
6,1,-35,3.7646594e+25,0.000000
8,2,-17,3.7489367e+25,0.000000
5,-4,-25,3.7482524e+25,0.000000
6,-1,-20,3.7430965e+25,0.000000
9,2,0,3.731998e+25,0.000000
2,2,-37,3.7232583e+25,0.000000
9,1,11,3.7160484e+25,0.000000
8,2,38,3.7126415e+25,0.000000
5,-5,-21,3.6731733e+25,0.000000
10,7,-3,3.6728661e+25,0.000000
8,-4,47,3.6469126e+25,0.000000
6,-2,52,3.6405105e+25,0.000000
10,4,16,3.6314574e+25,0.000000
6,-3,-7,3.6287821e+25,0.000000
9,-4,30,3.625774e+25,0.000000
4,-3,-38,3.5819764e+25,0.000000
10,6,25,3.5758307e+25,0.000000
8,3,43,3.5699739e+25,0.000000
7,-3,55,3.5333798e+25,0.000000
10,7,43,3.4934049e+25,0.000000
8,7,-6,3.4410219e+25,0.000000
7,3,54,3.415731e+25,0.000000
7,2,43,3.40234e+25,0.000000
10,-4,30,3.4017759e+25,0.000000
6,4,-19,3.3818943e+25,0.000000
8,4,46,3.3603184e+25,0.000000
4,4,-23,3.3325182e+25,0.000000
10,5,16,3.3265308e+25,0.000000
7,3,-16,3.304652e+25,0.000000
10,4,-2,3.2953252e+25,0.000000
7,-3,-14,3.292147e+25,0.000000
8,-2,35,3.2862103e+25,0.000000
9,-2,8,3.2834125e+25,0.000000
4,-4,-34,3.2765772e+25,0.000000
6,2,-29,3.2737904e+25,0.000000
10,-3,10,3.2647149e+25,0.000000
6,-2,-29,3.2623556e+25,0.000000
8,5,52,3.2513077e+25,0.000000
8,-1,27,3.2428629e+25,0.000000
10,9,11,3.2131822e+25,0.000000
8,1,26,3.2044995e+25,0.000000
10,-6,54,3.2004974e+25,0.000000
5,0,-51,3.1883946e+25,0.000000
5,0,51,3.1883946e+25,0.000000
10,-2,6,3.17955e+25,0.000000
3,-3,-49,3.1784124e+25,0.000000
3,2,-37,3.177881e+25,0.000000
7,-2,44,3.0903019e+25,0.000000
2,1,-51,3.0712994e+25,0.000000
10,-5,31,3.0679646e+25,0.000000
7,-1,-27,3.0643524e+25,0.000000
10,5,17,3.0506909e+25,0.000000
6,1,50,3.0393911e+25,0.000000
9,6,46,3.0340083e+25,0.000000
7,0,-21,3.0263438e+25,0.000000
7,0,21,3.0263438e+25,0.000000
5,3,-29,3.0233287e+25,0.000000
8,-4,48,2.9883321e+25,0.000000
9,2,15,2.987562e+25,0.000000
10,5,21,2.941124e+25,0.000000
10,5,18,2.9391157e+25,0.000000
10,5,20,2.9389942e+25,0.000000
7,1,-31,2.9334472e+25,0.000000
10,5,19,2.9225639e+25,0.000000
10,7,44,2.908747e+25,0.000000
10,5,22,2.8990197e+25,0.000000
5,-1,-41,2.8758196e+25,0.000000
8,4,47,2.8733698e+25,0.000000
10,5,-1,2.8724129e+25,0.000000
10,4,22,2.8689593e+25,0.000000
10,4,21,2.8612881e+25,0.000000
4,1,-44,2.8589966e+25,0.000000
3,1,-49,2.8407361e+25,0.000000
6,-1,28,2.8016919e+25,0.000000
10,5,23,2.7990456e+25,0.000000
8,-3,47,2.7919858e+25,0.000000
8,5,53,2.7670159e+25,0.000000
10,4,23,2.7506473e+25,0.000000
10,-3,11,2.7415778e+25,0.000000
6,3,-20,2.7411467e+25,0.000000
6,-6,-15,2.7394243e+25,0.000000
10,4,20,2.7378746e+25,0.000000
10,4,17,2.7262681e+25,0.000000
9,-5,50,2.7138003e+25,0.000000
10,7,-4,2.6771221e+25,0.000000
5,-2,-27,2.673898e+25,0.000000
8,2,-18,2.6738563e+25,0.000000
6,0,-44,2.672586e+25,0.000000
6,0,44,2.672586e+25,0.000000
10,5,24,2.6406879e+25,0.000000
9,-1,14,2.6405256e+25,0.000000
9,5,42,2.6386164e+25,0.000000
8,3,44,2.6243204e+25,0.000000
2,2,-38,2.5996762e+25,0.000000
4,2,-31,2.5966449e+25,0.000000
8,2,39,2.572483e+25,0.000000
7,2,-21,2.5681179e+25,0.000000
10,4,19,2.5633148e+25,0.000000
3,-3,-50,2.5621907e+25,0.000000
5,-3,-34,2.5595128e+25,0.000000
8,-1,-9,2.5388028e+25,0.000000
10,6,26,2.5337905e+25,0.000000
10,4,24,2.5275909e+25,0.000000
6,-1,-21,2.5188224e+25,0.000000
4,2,-33,2.5154569e+25,0.000000
9,-2,1,2.4999214e+25,0.000000
3,3,-33,2.4977753e+25,0.000000
10,10,12,2.4972606e+25,0.000000
8,-2,-6,2.4920222e+25,0.000000
4,2,-34,2.4871112e+25,0.000000
7,-2,-19,2.4821902e+25,0.000000
10,4,18,2.4802635e+25,0.000000
3,-2,-47,2.4788861e+25,0.000000
10,7,45,2.4782414e+25,0.000000
8,1,-10,2.4752467e+25,0.000000
7,-5,-12,2.471555e+25,0.000000
9,-2,9,2.4420362e+25,0.000000
5,4,-17,2.4415813e+25,0.000000
10,5,25,2.4325358e+25,0.000000
5,1,-43,2.4249828e+25,0.000000
10,-4,31,2.4206104e+25,0.000000
6,-4,-25,2.420251e+25,0.000000
8,-4,49,2.419051e+25,0.000000
8,4,48,2.4188222e+25,0.000000
7,3,55,2.4184854e+25,0.000000
7,1,37,2.4135527e+25,0.000000
6,-2,53,2.3889735e+25,0.000000
9,-4,-2,2.3864847e+25,0.000000
2,1,-52,2.3627186e+25,0.000000
10,-3,12,2.3520562e+25,0.000000
7,-2,-5,2.3447801e+25,0.000000
4,2,-32,2.3447556e+25,0.000000
9,4,30,2.3407295e+25,0.000000
9,3,28,2.3359631e+25,0.000000
8,5,54,2.3280878e+25,0.000000
6,1,51,2.3034515e+25,0.000000
4,3,-29,2.2996785e+25,0.000000
10,-5,32,2.2905658e+25,0.000000
8,-2,36,2.2885456e+25,0.000000
7,0,-22,2.2875229e+25,0.000000
7,0,22,2.2875229e+25,0.000000
10,-6,55,2.2749114e+25,0.000000
7,0,-24,2.2693478e+25,0.000000
7,0,24,2.2693478e+25,0.000000
6,-2,55,2.2488062e+25,0.000000
6,1,-36,2.2468449e+25,0.000000
7,0,-25,2.2427636e+25,0.000000
7,0,25,2.2427636e+25,0.000000
4,-1,-46,2.237498e+25,0.000000
10,4,25,2.2346166e+25,0.000000
4,2,-35,2.2332745e+25,0.000000
8,-2,-5,2.2220588e+25,0.000000
7,0,-23,2.2179369e+25,0.000000
7,0,23,2.2179369e+25,0.000000
5,-5,-22,2.2069333e+25,0.000000
10,5,26,2.1883505e+25,0.000000
10,6,33,2.1707158e+25,0.000000
3,-3,-51,2.1608712e+25,0.000000
3,1,-50,2.1546456e+25,0.000000
10,6,32,2.1451041e+25,0.000000
4,-3,-39,2.129749e+25,0.000000
6,-2,54,2.1066868e+25,0.000000
9,9,-7,2.1039446e+25,0.000000
10,6,34,2.1039244e+25,0.000000
7,0,-26,2.1025729e+25,0.000000
7,0,26,2.1025729e+25,0.000000
9,6,47,2.0997631e+25,0.000000
3,1,-55,2.0873151e+25,0.000000
3,2,-38,2.0829596e+25,0.000000
10,6,31,2.0806934e+25,0.000000
7,-1,-28,2.0740191e+25,0.000000
5,2,-27,2.0726056e+25,0.000000
10,10,9,2.0634638e+25,0.000000
5,-4,-26,2.0622248e+25,0.000000
9,7,-6,2.0559091e+25,0.000000
6,2,51,2.0473219e+25,0.000000
7,-1,36,2.0323996e+25,0.000000
7,2,44,2.0305239e+25,0.000000
10,-3,13,2.0292242e+25,0.000000
10,6,27,2.0224672e+25,0.000000
8,1,27,2.0219408e+25,0.000000
8,4,49,2.0098498e+25,0.000000
10,6,35,1.9985491e+25,0.000000
9,1,12,1.9918318e+25,0.000000
5,0,-52,1.9900683e+25,0.000000
5,0,52,1.9900683e+25,0.000000
8,-1,28,1.9810166e+25,0.000000
2,1,-53,1.9779301e+25,0.000000
9,-4,31,1.9777632e+25,0.000000
8,-3,48,1.9727948e+25,0.000000
10,-2,7,1.9724524e+25,0.000000
10,6,30,1.9715256e+25,0.000000
3,1,-54,1.9672374e+25,0.000000
10,7,46,1.9637548e+25,0.000000
8,5,55,1.9406575e+25,0.000000
8,-4,50,1.9391668e+25,0.000000
10,5,27,1.9237476e+25,0.000000
8,3,45,1.9185108e+25,0.000000
10,4,26,1.9079348e+25,0.000000
9,-3,30,1.9016598e+25,0.000000
10,10,10,1.9009073e+25,0.000000
10,9,10,1.8931761e+25,0.000000
7,1,-32,1.8928992e+25,0.000000
10,2,4,1.8928383e+25,0.000000
3,-3,-52,1.888706e+25,0.000000
10,10,8,1.8837828e+25,0.000000
6,4,-20,1.882225e+25,0.000000
3,1,-51,1.8766393e+25,0.000000
7,0,-27,1.8764418e+25,0.000000
7,0,27,1.8764418e+25,0.000000
7,6,-6,1.8758323e+25,0.000000
6,3,-21,1.8752997e+25,0.000000
10,6,29,1.8720176e+25,0.000000
9,-5,51,1.86513e+25,0.000000
3,1,-53,1.8649702e+25,0.000000
4,2,-36,1.8606442e+25,0.000000
10,10,11,1.8564683e+25,0.000000
2,2,-39,1.85383e+25,0.000000
10,6,28,1.8521447e+25,0.000000
10,6,36,1.8496389e+25,0.000000
8,2,-19,1.8461893e+25,0.000000
3,1,-52,1.8150255e+25,0.000000
6,0,-45,1.7966909e+25,0.000000
6,0,45,1.7966909e+25,0.000000
7,-2,45,1.7893189e+25,0.000000
5,3,-30,1.7870763e+25,0.000000
5,5,-12,1.7791726e+25,0.000000
2,1,-54,1.779137e+25,0.000000
10,3,3,1.7741038e+25,0.000000
9,-2,10,1.7740888e+25,0.000000
8,2,40,1.7702e+25,0.000000
9,5,43,1.7644975e+25,0.000000
6,1,52,1.740635e+25,0.000000
10,9,7,1.7380566e+25,0.000000
10,-3,14,1.7380156e+25,0.000000
10,9,8,1.7222237e+25,0.000000
4,-4,-35,1.7040776e+25,0.000000
3,-3,-53,1.6949873e+25,0.000000
10,2,3,1.6927793e+25,0.000000
10,-9,-6,1.6894169e+25,0.000000
9,2,16,1.6891493e+25,0.000000
2,1,-55,1.6852416e+25,0.000000
10,-4,32,1.684843e+25,0.000000
10,6,37,1.6815623e+25,0.000000
10,-5,33,1.6784339e+25,0.000000
6,-1,-22,1.6719458e+25,0.000000
10,5,28,1.653747e+25,0.000000
8,4,50,1.6524434e+25,0.000000
6,-3,-8,1.6456905e+25,0.000000
3,-2,-48,1.6402277e+25,0.000000
4,4,-24,1.6279829e+25,0.000000
9,-1,19,1.6207914e+25,0.000000
7,0,-28,1.6065339e+25,0.000000
7,0,28,1.6065339e+25,0.000000
10,7,47,1.6056588e+25,0.000000
9,-1,18,1.5857887e+25,0.000000
8,-2,37,1.5797137e+25,0.000000
5,-1,-42,1.5787703e+25,0.000000
10,4,27,1.578425e+25,0.000000
8,0,-3,1.5743423e+25,0.000000
8,0,3,1.5743423e+25,0.000000
9,-1,15,1.5737585e+25,0.000000
8,0,-4,1.5617004e+25,0.000000
8,0,4,1.5617004e+25,0.000000
10,9,9,1.5555457e+25,0.000000
5,-3,-35,1.5525245e+25,0.000000
3,-3,-54,1.5495343e+25,0.000000
6,-2,-30,1.5449404e+25,0.000000
9,-1,20,1.5448995e+25,0.000000
10,-2,8,1.5442753e+25,0.000000
8,-4,51,1.5427393e+25,0.000000
7,-3,-15,1.5260057e+25,0.000000
6,2,-30,1.5182786e+25,0.000000
6,-6,-16,1.517988e+25,0.000000
7,-2,-20,1.5077551e+25,0.000000
9,1,1,1.5018797e+25,0.000000
10,2,1,1.493783e+25,0.000000
7,2,-22,1.4811431e+25,0.000000
10,6,38,1.4803769e+25,0.000000
4,1,-45,1.4770976e+25,0.000000
4,2,-37,1.4661823e+25,0.000000
10,-2,10,1.4640278e+25,0.000000
10,-3,15,1.4639847e+25,0.000000
8,-1,-10,1.4597342e+25,0.000000
9,-1,17,1.4596146e+25,0.000000
7,-5,-13,1.4566441e+25,0.000000
10,-2,11,1.4548367e+25,0.000000
10,-2,9,1.452477e+25,0.000000
9,6,48,1.4365928e+25,0.000000
3,-3,-55,1.4342291e+25,0.000000
9,-5,-4,1.408457e+25,0.000000
10,3,4,1.40636e+25,0.000000
8,1,-3,1.3980878e+25,0.000000
8,3,46,1.3957792e+25,0.000000
10,5,29,1.3911934e+25,0.000000
8,-3,49,1.3908258e+25,0.000000
7,-1,-29,1.3880975e+25,0.000000
9,-1,21,1.3838495e+25,0.000000
10,2,5,1.3788085e+25,0.000000
10,-2,12,1.3775294e+25,0.000000
10,10,7,1.3743015e+25,0.000000
2,2,-40,1.360009e+25,0.000000
9,-1,16,1.359818e+25,0.000000
6,-4,-26,1.3597818e+25,0.000000
3,2,-39,1.3564393e+25,0.000000
3,3,-34,1.3560969e+25,0.000000
5,4,-18,1.3555918e+25,0.000000
4,-1,-47,1.3529895e+25,0.000000
8,4,51,1.3472758e+25,0.000000
9,4,31,1.3406625e+25,0.000000
7,3,-17,1.3405845e+25,0.000000
5,-5,-23,1.3354609e+25,0.000000
9,-5,52,1.333797e+25,0.000000
6,1,-37,1.3319715e+25,0.000000
7,0,-29,1.3292667e+25,0.000000
7,0,29,1.3292667e+25,0.000000
5,-2,-28,1.3201669e+25,0.000000
5,1,-44,1.3148052e+25,0.000000
4,3,-30,1.3141875e+25,0.000000
6,1,53,1.3115084e+25,0.000000
10,9,6,1.3097218e+25,0.000000
10,7,48,1.2920717e+25,0.000000
10,6,39,1.2869279e+25,0.000000
8,-2,-7,1.2857953e+25,0.000000
8,-1,-4,1.2828542e+25,0.000000
6,-1,29,1.2826297e+25,0.000000
10,4,28,1.2686704e+25,0.000000
4,-3,-40,1.2659803e+25,0.000000
6,3,-22,1.2639551e+25,0.000000
8,1,-11,1.259817e+25,0.000000
8,1,28,1.248988e+25,0.000000
5,0,-53,1.2459533e+25,0.000000
5,0,53,1.2459533e+25,0.000000
9,-2,11,1.244985e+25,0.000000
8,2,-20,1.2397299e+25,0.000000
10,-2,13,1.2318444e+25,0.000000
8,-4,52,1.2205336e+25,0.000000
7,1,-33,1.2134132e+25,0.000000
8,2,41,1.2105669e+25,0.000000
10,-5,34,1.2068897e+25,0.000000
10,-3,16,1.2049292e+25,0.000000
6,0,-46,1.200777e+25,0.000000
6,0,46,1.200777e+25,0.000000
9,3,29,1.1970157e+25,0.000000
7,2,45,1.1966267e+25,0.000000
10,3,2,1.1880738e+25,0.000000
8,-1,29,1.1838857e+25,0.000000
4,-2,-29,1.1766203e+25,0.000000
9,-1,22,1.1762334e+25,0.000000
9,5,44,1.1679183e+25,0.000000
7,1,38,1.1661928e+25,0.000000
10,-4,33,1.1477494e+25,0.000000
10,5,30,1.1459563e+25,0.000000
5,-4,-27,1.1319432e+25,0.000000
6,-3,-12,1.1223018e+25,0.000000
6,2,52,1.1210815e+25,0.000000
3,-2,-49,1.1128738e+25,0.000000
9,-9,-8,1.1078451e+25,0.000000
4,2,-38,1.1077627e+25,0.000000
10,6,40,1.1006769e+25,0.000000
6,-1,-23,1.0967567e+25,0.000000
6,-3,-13,1.0921546e+25,0.000000
8,4,52,1.0916314e+25,0.000000
9,-4,32,1.0879011e+25,0.000000
9,-3,31,1.0842967e+25,0.000000
8,-2,38,1.081847e+25,0.000000
10,10,4,1.0713835e+25,0.000000
7,0,-30,1.0694106e+25,0.000000
7,0,30,1.0694106e+25,0.000000
6,-3,-11,1.0567895e+25,0.000000
5,3,-31,1.0547811e+25,0.000000
6,4,-21,1.0419826e+25,0.000000
10,-2,14,1.0403567e+25,0.000000
10,7,49,1.0333261e+25,0.000000
2,2,-41,1.0305064e+25,0.000000
7,-2,46,1.0220967e+25,0.000000
8,3,47,1.0113006e+25,0.000000
5,2,-28,1.0099019e+25,0.000000
7,-1,37,1.0073405e+25,0.000000
10,3,5,1.0010382e+25,0.000000
10,4,29,9.9283163e+24,0.000000
9,-5,53,9.9178831e+24,0.000000
7,-4,-4,9.9029883e+24,0.000000
6,-3,-9,9.8987457e+24,0.000000
9,2,17,9.8981078e+24,0.000000
6,1,54,9.8512188e+24,0.000000
6,-3,-14,9.8361134e+24,0.000000
8,-3,50,9.7885792e+24,0.000000
9,3,-2,9.7849998e+24,0.000000
9,6,49,9.7472187e+24,0.000000
10,10,6,9.726959e+24,0.000000
10,10,5,9.7142429e+24,0.000000
9,1,13,9.6809676e+24,0.000000
10,-3,17,9.6473425e+24,0.000000
8,-4,53,9.6203192e+24,0.000000
9,-1,23,9.5676034e+24,0.000000
7,5,-8,9.5368996e+24,0.000000
6,-3,-10,9.4558182e+24,0.000000
10,3,0,9.4256211e+24,0.000000
5,-3,-36,9.4038053e+24,0.000000
10,6,41,9.3446943e+24,0.000000
4,-1,-48,9.2846128e+24,0.000000
10,5,31,9.2472389e+24,0.000000
7,-1,-30,9.2013038e+24,0.000000
10,7,50,9.1249227e+24,0.000000
5,-2,-29,9.046436e+24,0.000000
7,-2,-21,8.9859011e+24,0.000000
4,-4,-36,8.939602e+24,0.000000
8,-6,-6,8.9086634e+24,0.000000
8,4,53,8.8072052e+24,0.000000
3,2,-40,8.7798985e+24,0.000000
5,-1,-43,8.6280529e+24,0.000000
10,10,3,8.6091846e+24,0.000000
10,-5,35,8.5131655e+24,0.000000
10,2,6,8.441074e+24,0.000000
6,3,-23,8.409401e+24,0.000000
7,0,-31,8.4062078e+24,0.000000
7,0,31,8.4062078e+24,0.000000
9,-2,12,8.3802399e+24,0.000000
7,2,-23,8.3769909e+24,0.000000
6,-6,-17,8.3357083e+24,0.000000
10,8,-6,8.335001e+24,0.000000
6,-3,-15,8.3242213e+24,0.000000
10,-2,15,8.3168285e+24,0.000000
7,-5,-14,8.2513514e+24,0.000000
8,2,42,8.2310507e+24,0.000000
8,2,-21,8.1262544e+24,0.000000
5,-5,-24,8.1254862e+24,0.000000
4,2,-39,8.1028169e+24,0.000000
2,2,-42,8.0643369e+24,0.000000
4,1,-46,8.0177677e+24,0.000000
6,0,-47,7.9742192e+24,0.000000
6,0,47,7.9742192e+24,0.000000
4,4,-25,7.9592955e+24,0.000000
5,0,-54,7.9010505e+24,0.000000
5,0,54,7.9010505e+24,0.000000
5,5,-13,7.888349e+24,0.000000
5,-2,-30,7.8806836e+24,0.000000
9,8,-6,7.8650463e+24,0.000000
9,-3,32,7.85407e+24,0.000000
6,1,-38,7.835126e+24,0.000000
3,-2,-50,7.8320481e+24,0.000000
9,4,32,7.7736958e+24,0.000000
10,9,5,7.7523625e+24,0.000000
7,1,-34,7.732084e+24,0.000000
10,3,6,7.718155e+24,0.000000
9,5,45,7.7041391e+24,0.000000
10,-4,34,7.6537837e+24,0.000000
6,-4,-27,7.6310624e+24,0.000000
9,-5,54,7.6246401e+24,0.000000
10,6,42,7.5925249e+24,0.000000
6,2,53,7.586846e+24,0.000000
10,4,30,7.5771062e+24,0.000000
10,3,13,7.573123e+24,0.000000
8,-4,54,7.5673679e+24,0.000000
8,1,29,7.5476453e+24,0.000000
4,-3,-41,7.5227293e+24,0.000000
4,3,-31,7.5216201e+24,0.000000
8,-1,-11,7.5033164e+24,0.000000
9,-1,24,7.4986522e+24,0.000000
10,-3,18,7.4906101e+24,0.000000
5,4,-19,7.4823396e+24,0.000000
10,3,14,7.4513854e+24,0.000000
6,2,55,7.4209183e+24,0.000000
3,3,-35,7.3974726e+24,0.000000
6,1,55,7.3741203e+24,0.000000
8,-2,39,7.3569499e+24,0.000000
10,3,12,7.352357e+24,0.000000
5,-2,-31,7.3296671e+24,0.000000
10,5,32,7.3121904e+24,0.000000
10,9,3,7.3118095e+24,0.000000
8,3,48,7.3078238e+24,0.000000
5,1,-45,7.2353334e+24,0.000000
9,2,23,7.226618e+24,0.000000
9,2,22,7.19046e+24,0.000000
4,-1,-49,7.1404055e+24,0.000000
6,-1,-24,7.1209071e+24,0.000000
8,4,54,7.0890012e+24,0.000000
9,-3,33,7.0833123e+24,0.000000
6,-2,-31,7.0485451e+24,0.000000
9,-3,34,7.0163047e+24,0.000000
8,0,-5,7.0073111e+24,0.000000
8,0,5,7.0073111e+24,0.000000
7,5,-9,6.9960724e+24,0.000000
10,3,15,6.9870497e+24,0.000000
9,-3,35,6.9720944e+24,0.000000
7,2,46,6.9617084e+24,0.000000
9,2,24,6.9330348e+24,0.000000
8,-1,30,6.914392e+24,0.000000
10,3,11,6.8806798e+24,0.000000
8,-3,51,6.8805731e+24,0.000000
9,2,18,6.8544408e+24,0.000000
6,2,54,6.8525449e+24,0.000000
9,2,21,6.8344786e+24,0.000000
6,2,-31,6.7827864e+24,0.000000
10,10,1,6.7800032e+24,0.000000
5,2,-29,6.766902e+24,0.000000
9,-1,-9,6.7627237e+24,0.000000
9,-3,36,6.7159855e+24,0.000000
6,-3,-16,6.7056319e+24,0.000000
5,-2,-32,6.6852521e+24,0.000000
7,-3,-16,6.6556419e+24,0.000000
7,-1,-2,6.6343325e+24,0.000000
9,6,50,6.5619189e+24,0.000000
10,7,51,6.5129286e+24,0.000000
10,3,7,6.512315e+24,0.000000
9,-4,33,6.4979827e+24,0.000000
2,2,-43,6.4940939e+24,0.000000
9,-1,-10,6.4856706e+24,0.000000
7,0,-32,6.4811889e+24,0.000000
7,0,32,6.4811889e+24,0.000000
10,2,12,6.4338102e+24,0.000000
9,2,25,6.3777141e+24,0.000000
10,10,0,6.3446704e+24,0.000000
10,3,10,6.339629e+24,0.000000
9,2,20,6.3224756e+24,0.000000
10,-2,16,6.3071522e+24,0.000000
10,2,13,6.2716676e+24,0.000000
10,3,16,6.248318e+24,0.000000
9,3,30,6.234888e+24,0.000000
10,9,4,6.2338508e+24,0.000000
9,-3,37,6.2271045e+24,0.000000
8,1,-12,6.2209431e+24,0.000000
5,3,-32,6.2183726e+24,0.000000
5,-4,-28,6.1964806e+24,0.000000
10,6,43,6.175069e+24,0.000000
9,2,19,6.0704593e+24,0.000000
7,-1,-31,6.0478416e+24,0.000000
10,10,2,6.0234953e+24,0.000000
10,2,11,6.019183e+24,0.000000
9,-5,55,6.0087408e+24,0.000000
10,3,8,5.9721684e+24,0.000000
10,3,9,5.9635892e+24,0.000000
8,-4,55,5.9494311e+24,0.000000
6,-1,30,5.9074917e+24,0.000000
4,-1,-50,5.9042384e+24,0.000000
10,-5,36,5.8877379e+24,0.000000
5,-2,-33,5.8567344e+24,0.000000
10,9,2,5.827237e+24,0.000000
4,2,-40,5.7790358e+24,0.000000
3,-2,-51,5.7759946e+24,0.000000
7,-2,47,5.7616295e+24,0.000000
6,4,-22,5.7388386e+24,0.000000
5,2,-30,5.7324114e+24,0.000000
8,4,55,5.7008182e+24,0.000000
9,-1,25,5.6938852e+24,0.000000
9,-1,-8,5.6888362e+24,0.000000
5,-3,-37,5.6863082e+24,0.000000
10,5,33,5.6666242e+24,0.000000
9,2,26,5.6554487e+24,0.000000
3,2,-41,5.650879e+24,0.000000
10,4,31,5.6463169e+24,0.000000
6,-5,-10,5.646187e+24,0.000000
10,2,14,5.6342709e+24,0.000000
10,-3,19,5.626619e+24,0.000000
9,-3,38,5.5701498e+24,0.000000
8,2,43,5.566918e+24,0.000000
6,3,-24,5.5328295e+24,0.000000
7,1,39,5.4503493e+24,0.000000
9,-1,-11,5.400884e+24,0.000000
9,-2,13,5.3871788e+24,0.000000
2,2,-44,5.3505417e+24,0.000000
10,3,17,5.3387642e+24,0.000000
6,0,-48,5.2586987e+24,0.000000
6,0,48,5.2586987e+24,0.000000
8,3,49,5.258154e+24,0.000000
7,-2,-22,5.2580882e+24,0.000000
10,10,-2,5.2337822e+24,0.000000
8,2,-22,5.2149953e+24,0.000000
6,-3,-17,5.1932285e+24,0.000000
5,2,-31,5.1898128e+24,0.000000
7,3,-18,5.1548644e+24,0.000000
5,0,-55,5.152767e+24,0.000000
5,0,55,5.152767e+24,0.000000
10,2,10,5.1276006e+24,0.000000
10,7,52,5.1101554e+24,0.000000
10,2,7,5.0563843e+24,0.000000
9,5,46,5.0254299e+24,0.000000
4,-1,-51,5.0222715e+24,0.000000
8,4,-7,5.001744e+24,0.000000
10,-4,35,4.9965657e+24,0.000000
9,1,-4,4.9860653e+24,0.000000
8,-2,40,4.9713173e+24,0.000000
5,-5,-25,4.9654462e+24,0.000000
10,6,44,4.9605478e+24,0.000000
5,-2,-34,4.9327161e+24,0.000000
7,0,-33,4.9164437e+24,0.000000
7,0,33,4.9164437e+24,0.000000
9,4,33,4.9161493e+24,0.000000
7,1,-35,4.8991414e+24,0.000000
9,-1,-4,4.8600113e+24,0.000000
9,2,27,4.8576915e+24,0.000000
8,-3,52,4.8321834e+24,0.000000
9,-3,39,4.8285617e+24,0.000000
7,-1,38,4.816728e+24,0.000000
6,-1,-2,4.8114284e+24,0.000000
4,1,-47,4.7881186e+24,0.000000
6,-5,-9,4.7867107e+24,0.000000
6,-5,-11,4.7695443e+24,0.000000
4,-4,-37,4.7560242e+24,0.000000
5,-1,-44,4.7260527e+24,0.000000
10,2,15,4.7112578e+24,0.000000
7,2,-24,4.6451123e+24,0.000000
9,-4,34,4.6305392e+24,0.000000
5,2,-32,4.6180746e+24,0.000000
7,-4,-10,4.5948566e+24,0.000000
6,-1,-25,4.582034e+24,0.000000
6,1,-39,4.5670931e+24,0.000000
8,6,-6,4.5567689e+24,0.000000
6,-6,-18,4.5563733e+24,0.000000
10,-2,17,4.5437167e+24,0.000000
9,1,14,4.53704e+24,0.000000
7,-5,-15,4.5309704e+24,0.000000
3,-2,-52,4.4878746e+24,0.000000
2,2,-45,4.4817161e+24,0.000000
4,-3,-42,4.4687244e+24,0.000000
8,1,30,4.4572083e+24,0.000000
10,-7,-5,4.4472366e+24,0.000000
7,-4,-11,4.4205195e+24,0.000000
8,-2,-13,4.4166072e+24,0.000000
9,6,51,4.411865e+24,0.000000
8,-8,-8,4.3786025e+24,0.000000
10,-5,-1,4.3767026e+24,0.000000
10,3,18,4.3669015e+24,0.000000
4,3,-32,4.3116658e+24,0.000000
10,10,-6,4.3107254e+24,0.000000
10,5,34,4.3031958e+24,0.000000
6,-4,-28,4.2776339e+24,0.000000
4,-1,-52,4.2708053e+24,0.000000
10,5,-3,4.2684515e+24,0.000000
6,-6,-7,4.2554171e+24,0.000000
8,-2,-8,4.214993e+24,0.000000
9,-1,26,4.2065744e+24,0.000000
8,-2,-12,4.1666938e+24,0.000000
10,2,9,4.1617162e+24,0.000000
5,1,-46,4.1265351e+24,0.000000
8,-2,-14,4.1138209e+24,0.000000
10,4,32,4.1114963e+24,0.000000
5,4,-20,4.1050077e+24,0.000000
10,-3,20,4.080382e+24,0.000000
9,-3,40,4.0751159e+24,0.000000
9,2,28,4.0581861e+24,0.000000
3,3,-36,4.0551114e+24,0.000000
9,-4,38,4.0537885e+24,0.000000
9,-1,-12,4.0515007e+24,0.000000
10,-4,-2,4.0421743e+24,0.000000
4,2,-41,4.041861e+24,0.000000
9,-4,37,4.032092e+24,0.000000
9,-4,35,4.0288947e+24,0.000000
10,10,-1,4.0205785e+24,0.000000
5,-2,-35,4.0175491e+24,0.000000
10,-5,-2,4.01621e+24,0.000000
7,2,47,4.0015134e+24,0.000000
10,7,53,4.0000869e+24,0.000000
9,1,-9,3.9976941e+24,0.000000
10,-5,37,3.9895344e+24,0.000000
7,5,-10,3.9824941e+24,0.000000
7,-4,-9,3.9667716e+24,0.000000
9,-4,36,3.9612682e+24,0.000000
9,-4,39,3.9594781e+24,0.000000
5,2,-33,3.953802e+24,0.000000
7,-1,-32,3.945638e+24,0.000000
8,-1,31,3.9415827e+24,0.000000
10,6,45,3.9363882e+24,0.000000
7,4,-9,3.9310337e+24,0.000000
6,-3,-18,3.8962663e+24,0.000000
4,4,-26,3.8946303e+24,0.000000
10,10,-4,3.8753302e+24,0.000000
9,4,39,3.8533776e+24,0.000000
10,2,8,3.8440142e+24,0.000000
9,4,38,3.8132425e+24,0.000000
2,2,-46,3.7945353e+24,0.000000
7,-4,-12,3.7909061e+24,0.000000
8,3,50,3.7782278e+24,0.000000
9,4,40,3.7742601e+24,0.000000
9,-4,40,3.7462312e+24,0.000000
8,2,44,3.745857e+24,0.000000
9,4,34,3.7069823e+24,0.000000
10,2,16,3.6946736e+24,0.000000
9,3,31,3.6799935e+24,0.000000
7,0,-34,3.6785025e+24,0.000000
7,0,34,3.6785025e+24,0.000000
3,-2,-53,3.6675915e+24,0.000000
5,3,-33,3.6623665e+24,0.000000
5,5,-14,3.6607517e+24,0.000000
9,4,37,3.6582772e+24,0.000000
9,1,-10,3.6370633e+24,0.000000
9,1,-8,3.6354565e+24,0.000000
3,2,-42,3.6180292e+24,0.000000
10,9,0,3.6165421e+24,0.000000
7,4,-10,3.6084425e+24,0.000000
6,3,-25,3.6056803e+24,0.000000
8,-1,-12,3.6031991e+24,0.000000
9,4,41,3.5865233e+24,0.000000
9,-6,-5,3.5773598e+24,0.000000
4,-1,-53,3.5772806e+24,0.000000
4,-2,-30,3.5507781e+24,0.000000
8,1,-13,3.5219637e+24,0.000000
6,-5,-12,3.5065565e+24,0.000000
8,-2,-15,3.4992241e+24,0.000000
7,-3,-3,3.4972318e+24,0.000000
9,4,36,3.4863475e+24,0.000000
10,-10,-8,3.4755198e+24,0.000000
8,0,-2,3.4466256e+24,0.000000
8,0,2,3.4466256e+24,0.000000
6,0,-49,3.4420113e+24,0.000000
6,0,49,3.4420113e+24,0.000000
9,-4,41,3.4401209e+24,0.000000
5,-3,-38,3.4325944e+24,0.000000
10,3,19,3.4249228e+24,0.000000
10,2,2,3.4012001e+24,0.000000
8,-3,53,3.3913207e+24,0.000000
9,4,35,3.3853599e+24,0.000000
5,-4,-29,3.3813172e+24,0.000000
7,4,-8,3.3702225e+24,0.000000
9,-3,41,3.3622934e+24,0.000000
8,1,-17,3.3609311e+24,0.000000
8,-2,41,3.3401895e+24,0.000000
10,-3,0,3.3348838e+24,0.000000
9,4,42,3.3167663e+24,0.000000
9,2,29,3.3085243e+24,0.000000
9,-2,14,3.3055788e+24,0.000000
9,5,47,3.3009526e+24,0.000000
8,1,-18,3.2968153e+24,0.000000
8,2,-23,3.2847297e+24,0.000000
9,-1,-7,3.2636868e+24,0.000000
5,2,-34,3.2581406e+24,0.000000
4,1,-48,3.2485325e+24,0.000000
8,-2,-11,3.238368e+24,0.000000
2,2,-47,3.232416e+24,0.000000
7,-2,48,3.2141593e+24,0.000000
8,1,-16,3.2055361e+24,0.000000
10,5,35,3.2012995e+24,0.000000
10,10,-3,3.1975494e+24,0.000000
10,-4,36,3.192732e+24,0.000000
5,-2,-36,3.1834668e+24,0.000000
10,7,54,3.1678278e+24,0.000000
8,-1,-3,3.1637054e+24,0.000000
6,4,-23,3.1456156e+24,0.000000
3,-2,-54,3.1271338e+24,0.000000
10,9,1,3.1196487e+24,0.000000
10,-2,18,3.1106355e+24,0.000000
7,1,-36,3.0873118e+24,0.000000
10,6,46,3.0831991e+24,0.000000
9,-4,42,3.0760591e+24,0.000000
10,9,-1,3.0742976e+24,0.000000
6,-2,-32,3.0579204e+24,0.000000
5,-5,-26,3.0444713e+24,0.000000
8,1,-19,3.0394538e+24,0.000000
9,-1,27,3.0342889e+24,0.000000
10,7,55,3.0244784e+24,0.000000
7,-2,-23,3.0214396e+24,0.000000
8,0,-10,3.0167416e+24,0.000000
8,0,10,3.0167416e+24,0.000000
7,-4,-13,3.0072393e+24,0.000000
6,-1,31,3.0025602e+24,0.000000
8,-1,0,2.999896e+24,0.000000
9,4,43,2.9948028e+24,0.000000
8,0,-11,2.9816606e+24,0.000000
8,0,11,2.9816606e+24,0.000000
9,6,52,2.9672735e+24,0.000000
9,4,-3,2.9456741e+24,0.000000
7,4,-11,2.9442595e+24,0.000000
4,-1,-54,2.9320133e+24,0.000000
10,4,33,2.9270553e+24,0.000000
6,-1,-26,2.9251067e+24,0.000000
9,1,-11,2.9181705e+24,0.000000
8,1,-15,2.9176562e+24,0.000000
6,2,-32,2.8812742e+24,0.000000
9,1,19,2.8746166e+24,0.000000
8,1,0,2.8686075e+24,0.000000
10,-3,21,2.851078e+24,0.000000
9,6,-5,2.8494755e+24,0.000000
6,-3,-19,2.8486317e+24,0.000000
6,-5,-7,2.815497e+24,0.000000
8,1,-14,2.8032951e+24,0.000000
9,1,20,2.7986175e+24,0.000000
9,-1,-13,2.7923191e+24,0.000000
4,2,-42,2.7868861e+24,0.000000
8,-2,-16,2.7830378e+24,0.000000
9,3,32,2.7647167e+24,0.000000
2,2,-48,2.761027e+24,0.000000
3,-2,-55,2.7506715e+24,0.000000
9,1,18,2.7336642e+24,0.000000
10,2,17,2.7317022e+24,0.000000
9,-3,42,2.7213397e+24,0.000000
7,0,-35,2.7202057e+24,0.000000
7,0,35,2.7202057e+24,0.000000
9,3,35,2.7179526e+24,0.000000
7,-3,-17,2.711366e+24,0.000000
8,3,51,2.7106216e+24,0.000000
9,3,36,2.7001963e+24,0.000000
9,-4,43,2.6872302e+24,0.000000
8,1,-20,2.6578484e+24,0.000000
4,-3,-43,2.6541359e+24,0.000000
9,4,44,2.6515589e+24,0.000000
9,3,34,2.648673e+24,0.000000
10,-5,38,2.6461601e+24,0.000000
8,0,-12,2.6456187e+24,0.000000
8,0,12,2.6456187e+24,0.000000
9,2,30,2.6395898e+24,0.000000
6,1,-40,2.6334596e+24,0.000000
5,-1,-45,2.6290477e+24,0.000000
8,0,-9,2.6284292e+24,0.000000
8,0,9,2.6284292e+24,0.000000
5,2,-35,2.5986101e+24,0.000000
4,-4,-38,2.5902301e+24,0.000000
9,3,33,2.5847838e+24,0.000000
9,3,37,2.5795559e+24,0.000000
10,3,20,2.5781041e+24,0.000000
8,1,31,2.5688832e+24,0.000000
7,-1,-33,2.5567477e+24,0.000000
9,1,21,2.549508e+24,0.000000
9,1,15,2.5440878e+24,0.000000
7,2,-25,2.5235597e+24,0.000000
7,1,40,2.5210108e+24,0.000000
8,2,45,2.5078677e+24,0.000000
5,1,-47,2.5064148e+24,0.000000
6,-6,-19,2.4863829e+24,0.000000
4,1,-49,2.4786995e+24,0.000000
4,3,-33,2.4753994e+24,0.000000
5,-2,-37,2.4666481e+24,0.000000
7,-5,-16,2.4244536e+24,0.000000
6,-5,-13,2.422017e+24,0.000000
9,1,17,2.4219437e+24,0.000000
7,-4,-8,2.4156833e+24,0.000000
6,-4,-29,2.3943277e+24,0.000000
10,6,47,2.3941375e+24,0.000000
8,-3,54,2.3785512e+24,0.000000
9,3,38,2.3752638e+24,0.000000
9,1,-7,2.3708595e+24,0.000000
2,2,-49,2.3592627e+24,0.000000
4,-1,-55,2.3457595e+24,0.000000
8,0,-6,2.3394096e+24,0.000000
8,0,6,2.3394096e+24,0.000000
10,5,36,2.3318694e+24,0.000000
6,3,-26,2.3308643e+24,0.000000
3,2,-43,2.3059093e+24,0.000000
10,9,-3,2.3044779e+24,0.000000
9,-4,44,2.3004337e+24,0.000000
9,4,45,2.2983221e+24,0.000000
6,1,-1,2.2947668e+24,0.000000
7,2,48,2.2801592e+24,0.000000
7,-4,-14,2.2554527e+24,0.000000
7,4,-12,2.2422231e+24,0.000000
5,4,-21,2.2384853e+24,0.000000
6,0,-50,2.2350929e+24,0.000000
6,0,50,2.2350929e+24,0.000000
3,3,-37,2.2344857e+24,0.000000
8,-2,42,2.2324679e+24,0.000000
7,-1,39,2.2260787e+24,0.000000
8,1,-21,2.2235926e+24,0.000000
9,1,22,2.1986201e+24,0.000000
9,5,48,2.1920606e+24,0.000000
8,-1,32,2.1905096e+24,0.000000
9,1,16,2.1742404e+24,0.000000
9,-3,43,2.1672683e+24,0.000000
8,0,-13,2.1641292e+24,0.000000
8,0,13,2.1641292e+24,0.000000
6,6,-9,2.1576551e+24,0.000000
5,3,-34,2.1551452e+24,0.000000
9,-1,28,2.1426031e+24,0.000000
7,5,-11,2.1420227e+24,0.000000
8,4,-8,2.1388226e+24,0.000000
9,1,-12,2.1315696e+24,0.000000
9,3,39,2.1177677e+24,0.000000
8,-2,-17,2.1017097e+24,0.000000
9,6,53,2.0708916e+24,0.000000
5,-3,-39,2.0680904e+24,0.000000
9,2,31,2.0654601e+24,0.000000
6,-3,-20,2.0389741e+24,0.000000
10,4,34,2.0376326e+24,0.000000
4,1,-50,2.0363393e+24,0.000000
8,2,-24,2.0346163e+24,0.000000
10,-2,19,2.0221579e+24,0.000000
5,2,-36,2.0177843e+24,0.000000
2,2,-50,2.0136534e+24,0.000000
10,-4,37,1.9967748e+24,0.000000
7,0,-36,1.9914655e+24,0.000000
7,0,36,1.9914655e+24,0.000000
8,-1,-18,1.9875719e+24,0.000000
8,-1,-17,1.9741467e+24,0.000000
7,3,-19,1.9722602e+24,0.000000
9,4,46,1.9627714e+24,0.000000
9,-2,15,1.9523734e+24,0.000000
8,3,-8,1.9426915e+24,0.000000
8,3,52,1.9425854e+24,0.000000
7,1,-37,1.9349777e+24,0.000000
9,-4,45,1.93481e+24,0.000000
8,-2,-10,1.9322805e+24,0.000000
10,-3,22,1.9153822e+24,0.000000
10,10,-5,1.9145227e+24,0.000000
6,-1,32,1.9128679e+24,0.000000
10,2,18,1.910189e+24,0.000000
4,4,-27,1.9075153e+24,0.000000
8,-1,-13,1.9073337e+24,0.000000
4,2,-43,1.904842e+24,0.000000
8,0,-8,1.8857689e+24,0.000000
8,0,8,1.8857689e+24,0.000000
5,-2,-38,1.8763892e+24,0.000000
5,-5,-27,1.8717862e+24,0.000000
8,-1,-19,1.8686135e+24,0.000000
10,3,21,1.8630924e+24,0.000000
6,-1,-27,1.8542269e+24,0.000000
8,3,-7,1.8516155e+24,0.000000
5,-4,-30,1.8380488e+24,0.000000
9,3,40,1.8367434e+24,0.000000
10,6,48,1.8336934e+24,0.000000
8,-1,-16,1.8159945e+24,0.000000
9,1,23,1.8121451e+24,0.000000
8,1,-22,1.7927198e+24,0.000000
7,-2,49,1.7898387e+24,0.000000
9,-1,-14,1.7866597e+24,0.000000
5,5,-15,1.7742519e+24,0.000000
4,1,-51,1.7224742e+24,0.000000
6,4,-24,1.716759e+24,0.000000
10,-5,39,1.7162978e+24,0.000000
2,2,-51,1.7151782e+24,0.000000
7,-2,-24,1.7044551e+24,0.000000
9,-3,44,1.7024588e+24,0.000000
9,-1,-5,1.7010119e+24,0.000000
4,-2,-34,1.6741239e+24,0.000000
8,2,46,1.6702315e+24,0.000000
8,-3,55,1.6668027e+24,0.000000
10,5,37,1.6619244e+24,0.000000
8,-1,-20,1.6600079e+24,0.000000
8,0,-14,1.6596895e+24,0.000000
8,0,14,1.6596895e+24,0.000000
5,1,-48,1.6587759e+24,0.000000
4,-2,-33,1.6578618e+24,0.000000
9,4,47,1.6521506e+24,0.000000
7,-1,-34,1.6465566e+24,0.000000
8,4,-4,1.6432382e+24,0.000000
4,-2,-31,1.6340782e+24,0.000000
7,4,-13,1.631492e+24,0.000000
6,-5,-14,1.6278451e+24,0.000000
7,-4,-15,1.6218688e+24,0.000000
8,3,-9,1.6100272e+24,0.000000
9,-4,46,1.6023535e+24,0.000000
9,2,32,1.5881276e+24,0.000000
8,-1,-15,1.5774519e+24,0.000000
4,-3,-44,1.5767565e+24,0.000000
6,6,-10,1.5709448e+24,0.000000
10,7,-5,1.568256e+24,0.000000
6,-1,33,1.5588491e+24,0.000000
9,3,41,1.5560646e+24,0.000000
4,-2,-35,1.5343678e+24,0.000000
5,2,-37,1.53297e+24,0.000000
8,-2,-18,1.5231279e+24,0.000000
6,-6,-8,1.5202084e+24,0.000000
5,-1,-46,1.5168063e+24,0.000000
4,-2,-32,1.5112227e+24,0.000000
6,1,-41,1.4988467e+24,0.000000
6,3,-27,1.4965873e+24,0.000000
10,9,-5,1.4879594e+24,0.000000
9,5,49,1.4871236e+24,0.000000
8,-2,43,1.4848722e+24,0.000000
9,-1,29,1.4844943e+24,0.000000
7,4,-7,1.4658382e+24,0.000000
8,-1,-14,1.4657935e+24,0.000000
3,2,-44,1.464563e+24,0.000000
4,-4,-39,1.4631732e+24,0.000000
10,-3,1,1.4582491e+24,0.000000
2,2,-52,1.4572491e+24,0.000000
4,1,-52,1.4568809e+24,0.000000
8,-2,-9,1.4488581e+24,0.000000
6,-1,34,1.4466839e+24,0.000000
7,0,-37,1.4454199e+24,0.000000
7,0,37,1.4454199e+24,0.000000
8,1,32,1.4432303e+24,0.000000
9,1,-13,1.4412648e+24,0.000000
6,0,-51,1.4400828e+24,0.000000
6,0,51,1.4400828e+24,0.000000
9,1,24,1.4381873e+24,0.000000
6,-5,-8,1.4359626e+24,0.000000
6,-3,-21,1.4340894e+24,0.000000
4,3,-34,1.4232198e+24,0.000000
9,6,54,1.4087571e+24,0.000000
8,-1,-21,1.4079196e+24,0.000000
5,-2,-39,1.4057006e+24,0.000000
8,1,-23,1.4010329e+24,0.000000
10,6,49,1.395962e+24,0.000000
8,3,53,1.391123e+24,0.000000
10,3,1,1.3873735e+24,0.000000
10,4,35,1.3870444e+24,0.000000
10,10,-7,1.3789124e+24,0.000000
6,-1,35,1.3749172e+24,0.000000
9,4,48,1.3730802e+24,0.000000
10,9,-2,1.3597629e+24,0.000000
6,-6,-20,1.3571766e+24,0.000000
7,2,-26,1.341482e+24,0.000000
6,-4,-30,1.3380722e+24,0.000000
9,1,-5,1.3364388e+24,0.000000
8,0,-7,1.3340432e+24,0.000000
8,0,7,1.3340432e+24,0.000000
9,-3,45,1.3221515e+24,0.000000
9,-4,47,1.309187e+24,0.000000
4,-2,-36,1.304277e+24,0.000000
7,2,49,1.2999587e+24,0.000000
4,2,-44,1.29946e+24,0.000000
9,3,42,1.2920955e+24,0.000000
10,3,22,1.2918883e+24,0.000000
6,-1,36,1.2786688e+24,0.000000
7,-5,-17,1.2681177e+24,0.000000
5,3,-35,1.2670422e+24,0.000000
10,2,19,1.2648352e+24,0.000000
7,1,41,1.2462607e+24,0.000000
10,-2,20,1.2458692e+24,0.000000
5,-3,-40,1.2437629e+24,0.000000
8,2,-25,1.2415036e+24,0.000000
3,3,-38,1.2383087e+24,0.000000
6,-2,-33,1.2356663e+24,0.000000
2,2,-53,1.2347247e+24,0.000000
10,-3,23,1.2343994e+24,0.000000
10,-4,38,1.2225703e+24,0.000000
4,1,-53,1.2136985e+24,0.000000
5,4,-22,1.2134555e+24,0.000000
8,0,-15,1.2065204e+24,0.000000
8,0,15,1.2065204e+24,0.000000
7,1,-38,1.2058735e+24,0.000000
5,1,-49,1.2020592e+24,0.000000
9,2,33,1.2017318e+24,0.000000
8,-1,33,1.186405e+24,0.000000
8,3,-10,1.1713829e+24,0.000000
6,-1,-28,1.1679441e+24,0.000000
10,5,38,1.1578889e+24,0.000000
5,-5,-28,1.1532194e+24,0.000000
6,-1,37,1.1504549e+24,0.000000
8,-1,-22,1.1494625e+24,0.000000
7,4,-14,1.1484244e+24,0.000000
9,0,-11,1.144113e+24,0.000000
9,0,11,1.144113e+24,0.000000
5,2,-38,1.1440232e+24,0.000000
9,-2,16,1.1433174e+24,0.000000
6,2,-33,1.139928e+24,0.000000
7,5,-12,1.1315561e+24,0.000000
7,-4,-16,1.1288921e+24,0.000000
9,4,49,1.1283883e+24,0.000000
8,2,47,1.1060427e+24,0.000000
9,1,25,1.1054363e+24,0.000000
9,0,-10,1.1027369e+24,0.000000
9,0,10,1.1027369e+24,0.000000
10,-5,40,1.0876247e+24,0.000000
9,0,-12,1.0869182e+24,0.000000
9,0,12,1.0869182e+24,0.000000
6,-5,-15,1.0828901e+24,0.000000
9,-8,-7,1.0796519e+24,0.000000
8,-2,-19,1.0673999e+24,0.000000
8,1,-24,1.0664191e+24,0.000000
9,-1,-15,1.0661271e+24,0.000000
9,-4,48,1.0570439e+24,0.000000
9,3,43,1.0548347e+24,0.000000
7,-1,-35,1.0541574e+24,0.000000
10,6,50,1.0498588e+24,0.000000
9,5,50,1.0494408e+24,0.000000
4,-2,-37,1.0482536e+24,0.000000
2,2,-54,1.0432887e+24,0.000000
7,0,-38,1.0412991e+24,0.000000
7,0,38,1.0412991e+24,0.000000
5,-2,-40,1.0395409e+24,0.000000
6,6,-7,1.0327417e+24,0.000000
7,-3,-18,1.0291074e+24,0.000000
9,-3,46,1.0170481e+24,0.000000
7,-1,40,1.0166307e+24,0.000000
7,-2,50,1.0155274e+24,0.000000
9,6,55,1.0147616e+24,0.000000
9,-1,30,1.0107908e+24,0.000000
6,-1,38,1.002277e+24,0.000000
8,3,54,9.9560674e+23,0.000000
5,-4,-31,9.9448921e+23,0.000000
6,-3,-22,9.9407122e+23,0.000000
4,1,-54,9.8929162e+23,0.000000
9,0,-4,9.8506776e+23,0.000000
9,0,4,9.8506776e+23,0.000000
8,-2,44,9.8298445e+23,0.000000
9,0,-13,9.6077219e+23,0.000000
9,0,13,9.6077219e+23,0.000000
6,3,-28,9.5549392e+23,0.000000
8,3,-6,9.5375015e+23,0.000000
9,0,-9,9.5079651e+23,0.000000
9,0,9,9.5079651e+23,0.000000
7,-2,-25,9.4310433e+23,0.000000
4,-3,-45,9.3753984e+23,0.000000
5,1,-50,9.3733838e+23,0.000000
4,4,-28,9.3527104e+23,0.000000
6,4,-25,9.3330749e+23,0.000000
5,-1,-47,9.3230876e+23,0.000000
3,2,-45,9.2873696e+23,0.000000
9,-1,-6,9.2729474e+23,0.000000
9,0,-3,9.2460422e+23,0.000000
9,0,3,9.2460422e+23,0.000000
10,4,36,9.2314229e+23,0.000000
5,4,-5,9.2232604e+23,0.000000
6,0,-52,9.2174838e+23,0.000000
6,0,52,9.2174838e+23,0.000000
9,4,50,9.1853206e+23,0.000000
9,1,-14,9.0958966e+23,0.000000
8,-1,-23,9.0919041e+23,0.000000
9,2,34,8.9607709e+23,0.000000
5,5,-16,8.9384419e+23,0.000000
4,2,-45,8.9225739e+23,0.000000
9,-3,-2,8.8427402e+23,0.000000
7,3,-20,8.8242378e+23,0.000000
2,2,-55,8.7916007e+23,0.000000
4,-4,-40,8.7247869e+23,0.000000
6,6,-11,8.7181265e+23,0.000000
10,3,23,8.5849282e+23,0.000000
6,-1,39,8.4907365e+23,0.000000
9,3,44,8.4870013e+23,0.000000
9,1,-6,8.4730069e+23,0.000000
9,-4,49,8.4464702e+23,0.000000
5,2,-39,8.4121619e+23,0.000000
6,1,-42,8.3977545e+23,0.000000
8,0,-16,8.3760798e+23,0.000000
8,0,16,8.3760798e+23,0.000000
9,-2,0,8.3471714e+23,0.000000
8,-2,-4,8.2962708e+23,0.000000
9,1,26,8.2654322e+23,0.000000
4,3,-35,8.1933896e+23,0.000000
4,-2,-38,8.0753977e+23,0.000000
9,0,-14,7.9890642e+23,0.000000
9,0,14,7.9890642e+23,0.000000
8,1,-25,7.9363852e+23,0.000000
10,2,20,7.9258509e+23,0.000000
8,1,33,7.9014798e+23,0.000000
10,6,51,7.8849628e+23,0.000000
10,5,39,7.8791808e+23,0.000000
7,4,-15,7.8763078e+23,0.000000
4,1,-55,7.8705715e+23,0.000000
8,3,-11,7.7997469e+23,0.000000
9,-3,47,7.7632429e+23,0.000000
7,-4,-17,7.6576894e+23,0.000000
5,1,-51,7.6474226e+23,0.000000
10,-3,24,7.6149575e+23,0.000000
7,1,42,7.607608e+23,0.000000
5,-2,-41,7.6022296e+23,0.000000
9,5,51,7.5851827e+23,0.000000
7,2,50,7.5676706e+23,0.000000
8,2,-26,7.4713671e+23,0.000000
7,1,-39,7.4710294e+23,0.000000
5,-3,-41,7.4660959e+23,0.000000
6,-4,-31,7.4606153e+23,0.000000
7,0,-39,7.4532623e+23,0.000000
7,0,39,7.4532623e+23,0.000000
5,3,-36,7.4423515e+23,0.000000
6,-6,-21,7.4195694e+23,0.000000
9,4,51,7.4063833e+23,0.000000
10,-4,39,7.3380255e+23,0.000000
6,-1,-29,7.3139435e+23,0.000000
8,2,48,7.2765116e+23,0.000000
8,-2,-20,7.2745715e+23,0.000000
10,-2,21,7.2528816e+23,0.000000
6,-5,-16,7.188113e+23,0.000000
8,3,55,7.1208531e+23,0.000000
9,0,-8,7.1192392e+23,0.000000
9,0,8,7.1192392e+23,0.000000
5,-5,-29,7.1175662e+23,0.000000
9,-2,17,7.1049798e+23,0.000000
6,-1,40,7.0265201e+23,0.000000
8,-1,-24,7.0025772e+23,0.000000
7,2,-27,6.9634206e+23,0.000000
3,3,-39,6.907168e+23,0.000000
6,-3,-23,6.8074306e+23,0.000000
9,-1,31,6.7743089e+23,0.000000
9,3,45,6.7456021e+23,0.000000
10,-5,41,6.7329824e+23,0.000000
7,-1,-36,6.7107524e+23,0.000000
9,-4,50,6.6885322e+23,0.000000
9,2,35,6.5912259e+23,0.000000
5,4,-23,6.5409939e+23,0.000000
7,-5,-18,6.494678e+23,0.000000
5,-1,-48,6.4839731e+23,0.000000
8,-2,45,6.4770378e+23,0.000000
5,1,-52,6.362849e+23,0.000000
7,1,46,6.349181e+23,0.000000
9,0,-15,6.2967229e+23,0.000000
9,0,15,6.2967229e+23,0.000000
8,-1,34,6.2777206e+23,0.000000
7,1,45,6.2609503e+23,0.000000
7,1,47,6.2392659e+23,0.000000
4,2,-46,6.233361e+23,0.000000
7,1,43,6.2038878e+23,0.000000
5,2,-40,6.1089207e+23,0.000000
7,-2,51,6.105784e+23,0.000000
7,1,44,6.0829005e+23,0.000000
6,3,-29,6.0718383e+23,0.000000
9,1,27,6.0332705e+23,0.000000
4,-2,-39,6.0210834e+23,0.000000
10,4,37,6.0059198e+23,0.000000
7,1,48,5.9897646e+23,0.000000
9,-1,-16,5.9332494e+23,0.000000
9,4,52,5.929361e+23,0.000000
7,5,-13,5.9265521e+23,0.000000
7,-4,-7,5.9017748e+23,0.000000
3,2,-46,5.8989277e+23,0.000000
9,-3,48,5.8896507e+23,0.000000
6,0,-53,5.8800381e+23,0.000000
6,0,53,5.8800381e+23,0.000000
10,6,52,5.8297673e+23,0.000000
5,-4,-5,5.8135279e+23,0.000000
8,1,-26,5.7930987e+23,0.000000
9,5,52,5.7615442e+23,0.000000
6,-1,41,5.7037943e+23,0.000000
7,3,-21,5.653477e+23,0.000000
8,4,-9,5.6335725e+23,0.000000
4,-4,-41,5.5909347e+23,0.000000
4,-3,-46,5.5851046e+23,0.000000
8,0,-17,5.5819717e+23,0.000000
8,0,17,5.5819717e+23,0.000000
10,9,-6,5.5165506e+23,0.000000
5,-2,-42,5.5050639e+23,0.000000
7,1,49,5.5024475e+23,0.000000
10,3,24,5.4586094e+23,0.000000
10,0,-6,5.425676e+23,0.000000
10,0,6,5.425676e+23,0.000000
9,1,-15,5.3737899e+23,0.000000
5,-4,-32,5.3500644e+23,0.000000
9,3,46,5.3065573e+23,0.000000
7,0,-40,5.3047728e+23,0.000000
7,0,40,5.3047728e+23,0.000000
5,1,-53,5.3041225e+23,0.000000
7,4,-16,5.2858741e+23,0.000000
8,-1,-25,5.2728124e+23,0.000000
10,3,-1,5.2556325e+23,0.000000
9,-4,51,5.2553307e+23,0.000000
10,5,40,5.2333472e+23,0.000000
9,3,-10,5.2217179e+23,0.000000
9,3,-11,5.1564013e+23,0.000000
9,-2,18,5.145054e+23,0.000000
10,2,0,5.1355428e+23,0.000000
7,-2,-26,5.110807e+23,0.000000
10,-9,-7,5.0878989e+23,0.000000
7,-4,-18,5.0878698e+23,0.000000
6,4,-26,5.0568201e+23,0.000000
7,1,50,4.9833718e+23,0.000000
7,-1,41,4.953123e+23,0.000000
9,0,-5,4.9128703e+23,0.000000
9,0,5,4.9128703e+23,0.000000
10,0,-7,4.907134e+23,0.000000
10,0,7,4.907134e+23,0.000000
8,-2,-21,4.8423927e+23,0.000000
8,3,-12,4.8415173e+23,0.000000
7,3,-22,4.825108e+23,0.000000
9,2,36,4.7871526e+23,0.000000
6,-5,-17,4.7776038e+23,0.000000
8,2,49,4.7498714e+23,0.000000
9,0,-16,4.7290643e+23,0.000000
9,0,16,4.7290643e+23,0.000000
4,3,-36,4.7221571e+23,0.000000
9,4,53,4.7175197e+23,0.000000
9,3,-6,4.7077017e+23,0.000000
10,2,21,4.689482e+23,0.000000
10,6,53,4.6693388e+23,0.000000
7,2,51,4.6682928e+23,0.000000
7,2,-2,4.660813e+23,0.000000
5,5,-17,4.654802e+23,0.000000
6,1,-43,4.6169241e+23,0.000000
9,0,-7,4.6161918e+23,0.000000
9,0,7,4.6161918e+23,0.000000
6,-3,-24,4.6145345e+23,0.000000
7,1,-40,4.5976834e+23,0.000000
10,9,-4,4.5973714e+23,0.000000
4,4,-29,4.5912253e+23,0.000000
5,-1,-49,4.5681584e+23,0.000000
6,-1,42,4.5575202e+23,0.000000
6,-1,-30,4.5553222e+23,0.000000
9,5,53,4.5463702e+23,0.000000
6,6,-12,4.5240597e+23,0.000000
9,-2,22,4.5206411e+23,0.000000
9,-2,21,4.5196777e+23,0.000000
9,-2,19,4.4972389e+23,0.000000
6,-2,-34,4.4961786e+23,0.000000
10,-3,25,4.4923967e+23,0.000000
4,2,-47,4.4838277e+23,0.000000
5,-3,-42,4.4760656e+23,0.000000
9,-1,32,4.4726781e+23,0.000000
9,-3,49,4.4475535e+23,0.000000
8,2,-27,4.4394665e+23,0.000000
9,-2,20,4.4362239e+23,0.000000
7,1,51,4.4294464e+23,0.000000
7,3,-23,4.4188643e+23,0.000000
9,3,-12,4.4019247e+23,0.000000
5,-5,-30,4.3985689e+23,0.000000
5,2,-41,4.3890125e+23,0.000000
5,1,-54,4.3844529e+23,0.000000
4,-2,-40,4.3764478e+23,0.000000
5,3,-37,4.3663745e+23,0.000000
9,-2,23,4.3577522e+23,0.000000
10,-4,40,4.3329343e+23,0.000000
9,1,28,4.3107054e+23,0.000000
7,-1,-37,4.247855e+23,0.000000
8,-2,46,4.2467549e+23,0.000000
8,1,34,4.2265595e+23,0.000000
8,1,-27,4.1582823e+23,0.000000
6,-4,-32,4.14997e+23,0.000000
9,3,47,4.1393688e+23,0.000000
7,-2,52,4.1058243e+23,0.000000
9,-4,52,4.1020061e+23,0.000000
9,3,-9,4.0834176e+23,0.000000
10,-5,42,4.0789425e+23,0.000000
6,-6,-22,4.0660853e+23,0.000000
6,2,-34,4.0595441e+23,0.000000
9,-2,24,4.0351127e+23,0.000000
10,-2,22,3.9766601e+23,0.000000
5,-2,-43,3.9510335e+23,0.000000
7,3,-24,3.9189367e+23,0.000000
4,-4,-42,3.8948773e+23,0.000000
8,-1,-26,3.894143e+23,0.000000
3,3,-40,3.8827909e+23,0.000000
7,1,52,3.8759374e+23,0.000000
6,3,-30,3.8434978e+23,0.000000
10,4,38,3.8218214e+23,0.000000
3,2,-47,3.7716688e+23,0.000000
6,0,-54,3.7645105e+23,0.000000
6,0,54,3.7645105e+23,0.000000
7,-3,-19,3.7635378e+23,0.000000
10,-1,2,3.7632084e+23,0.000000
10,0,-5,3.763136e+23,0.000000
10,0,5,3.763136e+23,0.000000
9,4,54,3.7593255e+23,0.000000
7,0,-41,3.7569276e+23,0.000000
7,0,41,3.7569276e+23,0.000000
9,5,54,3.6939116e+23,0.000000
9,-2,25,3.5971492e+23,0.000000
6,-1,43,3.5948951e+23,0.000000
5,-1,-50,3.5921712e+23,0.000000
8,0,-18,3.583693e+23,0.000000
8,0,18,3.583693e+23,0.000000
5,1,-55,3.573562e+23,0.000000
7,2,-28,3.5195274e+23,0.000000
5,4,-24,3.5072297e+23,0.000000
7,4,-17,3.4808661e+23,0.000000
9,2,37,3.435758e+23,0.000000
10,0,-8,3.4191425e+23,0.000000
10,0,8,3.4191425e+23,0.000000
9,3,-13,3.4171422e+23,0.000000
9,0,-17,3.3967896e+23,0.000000
9,0,17,3.3967896e+23,0.000000
10,5,41,3.393918e+23,0.000000
4,2,-48,3.3589657e+23,0.000000
9,-3,50,3.3479498e+23,0.000000
7,1,53,3.3466599e+23,0.000000
4,-3,-47,3.3380131e+23,0.000000
7,-4,-19,3.3237177e+23,0.000000
10,3,25,3.3185936e+23,0.000000
9,0,-6,3.3163816e+23,0.000000
9,0,6,3.3163816e+23,0.000000
7,3,-25,3.2956769e+23,0.000000
8,-1,35,3.2761384e+23,0.000000
9,9,-8,3.2685067e+23,0.000000
7,-5,-19,3.258646e+23,0.000000
9,3,48,3.207455e+23,0.000000
7,-2,53,3.205868e+23,0.000000
7,2,52,3.2047681e+23,0.000000
8,-3,-9,3.1956741e+23,0.000000
9,-4,53,3.1843365e+23,0.000000
10,6,54,3.1829451e+23,0.000000
6,-5,-18,3.1828826e+23,0.000000
8,-2,-22,3.158819e+23,0.000000
5,2,-42,3.1237497e+23,0.000000
4,-2,-41,3.1190169e+23,0.000000
8,-3,-8,3.1185574e+23,0.000000
6,-3,-25,3.1013974e+23,0.000000
9,-2,26,3.0991315e+23,0.000000
7,5,-14,3.082575e+23,0.000000
8,2,50,3.0708703e+23,0.000000
8,4,-13,3.069044e+23,0.000000
9,-1,-17,3.0680315e+23,0.000000
9,5,55,3.0610682e+23,0.000000
10,-2,0,3.0505364e+23,0.000000
9,1,29,3.0216272e+23,0.000000
10,-8,-7,2.9974888e+23,0.000000
7,-1,42,2.9828683e+23,0.000000
9,1,-16,2.9687612e+23,0.000000
5,-1,-51,2.9517258e+23,0.000000
4,-4,-43,2.9487352e+23,0.000000
9,4,55,2.9443624e+23,0.000000
8,1,-28,2.9415403e+23,0.000000
10,0,-3,2.9129194e+23,0.000000
10,0,3,2.9129194e+23,0.000000
9,-1,33,2.9123368e+23,0.000000
8,4,-14,2.9029135e+23,0.000000
8,5,-5,2.890413e+23,0.000000
7,-2,54,2.8668056e+23,0.000000
5,-4,-33,2.8581865e+23,0.000000
7,1,54,2.8562762e+23,0.000000
8,-1,-27,2.8280712e+23,0.000000
8,3,-13,2.8234558e+23,0.000000
6,-1,-31,2.8224909e+23,0.000000
10,6,-5,2.8175795e+23,0.000000
5,-2,-44,2.8123411e+23,0.000000
7,1,-41,2.8093432e+23,0.000000
6,-1,44,2.8058639e+23,0.000000
8,4,-12,2.8038775e+23,0.000000
7,-2,55,2.7892312e+23,0.000000
8,-2,47,2.7693053e+23,0.000000
6,4,-27,2.7315827e+23,0.000000
4,3,-37,2.7240222e+23,0.000000
5,-5,-31,2.7215994e+23,0.000000
7,-2,-27,2.7064012e+23,0.000000
7,-5,-7,2.7057546e+23,0.000000
8,-3,-10,2.7028299e+23,0.000000
5,-3,-43,2.6823353e+23,0.000000
7,-1,-38,2.672982e+23,0.000000
7,0,-42,2.6490316e+23,0.000000
7,0,42,2.6490316e+23,0.000000
4,2,-49,2.639389e+23,0.000000
7,3,-26,2.6388681e+23,0.000000
10,2,22,2.6117055e+23,0.000000
8,2,-28,2.6054508e+23,0.000000
9,-2,27,2.5906803e+23,0.000000
5,3,-38,2.5587341e+23,0.000000
10,-3,26,2.5437172e+23,0.000000
10,-4,41,2.5371852e+23,0.000000
7,2,53,2.5313029e+23,0.000000
9,-3,51,2.5153281e+23,0.000000
5,5,-18,2.4917113e+23,0.000000
8,4,-15,2.4878202e+23,0.000000
6,1,-44,2.4820296e+23,0.000000
9,3,-14,2.4758793e+23,0.000000
9,3,49,2.4718808e+23,0.000000
5,-1,-52,2.4716861e+23,0.000000
9,-4,54,2.4612848e+23,0.000000
6,0,-55,2.4484373e+23,0.000000
6,0,55,2.4484373e+23,0.000000
3,2,-48,2.4457977e+23,0.000000
9,2,38,2.4384743e+23,0.000000
7,-1,46,2.4339954e+23,0.000000
10,-5,43,2.4333283e+23,0.000000
4,-4,-44,2.4320588e+23,0.000000
6,3,-31,2.4251925e+23,0.000000
7,-1,45,2.4126919e+23,0.000000
7,1,55,2.4124906e+23,0.000000
7,-1,43,2.4124778e+23,0.000000
10,4,39,2.3821789e+23,0.000000
7,-1,47,2.3775815e+23,0.000000
7,-1,44,2.3544618e+23,0.000000
10,6,55,2.3430352e+23,0.000000
9,0,-18,2.3390423e+23,0.000000
9,0,18,2.3390423e+23,0.000000
6,6,-13,2.3084166e+23,0.000000
6,-4,-33,2.3005547e+23,0.000000
7,2,54,2.2733848e+23,0.000000
8,8,-8,2.2609591e+23,0.000000
4,4,-30,2.2569432e+23,0.000000
7,4,-18,2.2535653e+23,0.000000
7,-1,48,2.249064e+23,0.000000
6,-6,-23,2.2348219e+23,0.000000
8,1,35,2.2305205e+23,0.000000
8,0,-19,2.2218085e+23,0.000000
8,0,19,2.2218085e+23,0.000000
8,-7,-7,2.2213933e+23,0.000000
7,2,55,2.217877e+23,0.000000
5,2,-43,2.2043869e+23,0.000000
3,3,-41,2.2037815e+23,0.000000
4,-2,-42,2.191392e+23,0.000000
4,2,-50,2.1763969e+23,0.000000
8,-3,-7,2.1763536e+23,0.000000
6,-1,45,2.1712722e+23,0.000000
10,5,42,2.1548921e+23,0.000000
7,-4,-20,2.1411361e+23,0.000000
6,-5,-19,2.1250957e+23,0.000000
8,4,-11,2.1241379e+23,0.000000
9,-2,28,2.1087917e+23,0.000000
9,1,30,2.0811932e+23,0.000000
5,-1,-53,2.0729811e+23,0.000000
7,-1,49,2.0696585e+23,0.000000
6,-3,-26,2.0694264e+23,0.000000
8,1,-29,2.0542793e+23,0.000000
10,-2,23,2.0530594e+23,0.000000
4,-4,-45,2.0495639e+23,0.000000
7,3,-27,2.0282909e+23,0.000000
8,-2,-23,2.0246072e+23,0.000000
8,-1,-28,2.0239986e+23,0.000000
4,-3,-48,2.0056523e+23,0.000000
8,-3,-11,2.0055749e+23,0.000000
10,-1,6,1.9972174e+23,0.000000
8,4,-16,1.9890299e+23,0.000000
5,-2,-45,1.9861221e+23,0.000000
8,2,51,1.9614268e+23,0.000000
10,0,-9,1.9604692e+23,0.000000
10,0,9,1.9604692e+23,0.000000
10,-1,5,1.9579166e+23,0.000000
10,3,26,1.9361786e+23,0.000000
8,4,-10,1.9235464e+23,0.000000
9,3,50,1.8982443e+23,0.000000
9,-4,55,1.8963597e+23,0.000000
9,-3,52,1.8883024e+23,0.000000
4,2,-51,1.8718282e+23,0.000000
5,4,-25,1.8713038e+23,0.000000
9,-1,34,1.8707992e+23,0.000000
7,-1,50,1.8615205e+23,0.000000
7,0,-43,1.8604294e+23,0.000000
7,0,43,1.8604294e+23,0.000000
7,4,-6,1.8571624e+23,0.000000
4,-4,-46,1.8153639e+23,0.000000
9,3,-8,1.8005928e+23,0.000000
8,-2,48,1.7944342e+23,0.000000
6,-1,-32,1.7399578e+23,0.000000
10,-1,7,1.7315103e+23,0.000000
8,-1,36,1.7281058e+23,0.000000
7,2,-29,1.7253867e+23,0.000000
5,-1,-54,1.723789e+23,0.000000
9,2,39,1.7125522e+23,0.000000
7,1,-42,1.7019398e+23,0.000000
9,3,-15,1.699011e+23,0.000000
6,5,-9,1.696382e+23,0.000000
5,-5,-32,1.6848709e+23,0.000000
9,-2,29,1.6766229e+23,0.000000
7,-1,-39,1.6717624e+23,0.000000
6,-1,46,1.6684739e+23,0.000000
4,2,-52,1.6619047e+23,0.000000
7,-1,51,1.6430013e+23,0.000000
4,-4,-47,1.642156e+23,0.000000
3,2,-49,1.6248347e+23,0.000000
5,-3,-44,1.6090055e+23,0.000000
7,-5,-20,1.6008659e+23,0.000000
7,5,-15,1.5908334e+23,0.000000
4,3,-38,1.5724479e+23,0.000000
7,-3,-20,1.5597349e+23,0.000000
8,3,-14,1.5505792e+23,0.000000
9,0,-19,1.5461777e+23,0.000000
9,0,19,1.5461777e+23,0.000000
5,2,-44,1.5433808e+23,0.000000
9,1,-17,1.5268572e+23,0.000000
4,-2,-43,1.5264732e+23,0.000000
6,3,-32,1.5261747e+23,0.000000
5,-4,-34,1.5140135e+23,0.000000
8,2,-29,1.5113391e+23,0.000000
8,4,-17,1.510124e+23,0.000000
7,3,-28,1.5090513e+23,0.000000
4,2,-53,1.5068944e+23,0.000000
4,-4,-48,1.5033679e+23,0.000000
5,3,-39,1.4972683e+23,0.000000
10,-4,42,1.4965807e+23,0.000000
6,4,-28,1.471674e+23,0.000000
9,-1,-18,1.4645518e+23,0.000000
10,4,40,1.460705e+23,0.000000
9,3,51,1.4543431e+23,0.000000
10,-5,44,1.4514278e+23,0.000000
7,4,-19,1.4365032e+23,0.000000
8,-1,-29,1.4299525e+23,0.000000
7,-1,52,1.4274914e+23,0.000000
6,-5,-20,1.4209976e+23,0.000000
8,1,-30,1.4184897e+23,0.000000
9,-3,53,1.4178749e+23,0.000000
5,-1,-55,1.4133317e+23,0.000000
9,1,31,1.4106669e+23,0.000000
10,-3,27,1.4063154e+23,0.000000
7,-2,-28,1.3961636e+23,0.000000
6,-2,-35,1.3961356e+23,0.000000
5,-2,-46,1.3919791e+23,0.000000
4,-4,-49,1.3846848e+23,0.000000
4,2,-54,1.3824505e+23,0.000000
10,-1,8,1.3780359e+23,0.000000
6,-3,-27,1.3724267e+23,0.000000
10,2,23,1.3680129e+23,0.000000
5,5,-19,1.3638276e+23,0.000000
7,-4,-21,1.3633187e+23,0.000000
10,5,43,1.3502604e+23,0.000000
8,-3,-12,1.3453737e+23,0.000000
8,0,-20,1.3320099e+23,0.000000
8,0,20,1.3320099e+23,0.000000
6,5,-10,1.3163702e+23,0.000000
9,-2,30,1.3054247e+23,0.000000
7,0,-44,1.3018018e+23,0.000000
7,0,44,1.3018018e+23,0.000000
6,1,-45,1.3008867e+23,0.000000
4,-4,-50,1.2787791e+23,0.000000
8,-2,-24,1.2774827e+23,0.000000
6,-1,47,1.274794e+23,0.000000
4,2,-55,1.2746445e+23,0.000000
6,-4,-34,1.2705428e+23,0.000000
3,3,-42,1.2665074e+23,0.000000
8,2,52,1.2337664e+23,0.000000
6,-6,-24,1.2324074e+23,0.000000
6,2,-35,1.2317452e+23,0.000000
7,-1,53,1.223765e+23,0.000000
4,-3,-49,1.2131195e+23,0.000000
9,2,40,1.190899e+23,0.000000
8,1,36,1.1907806e+23,0.000000
9,-1,35,1.1864531e+23,0.000000
4,-4,-51,1.1812644e+23,0.000000
6,6,-14,1.1776015e+23,0.000000
10,-1,4,1.1691901e+23,0.000000
6,5,-7,1.1577192e+23,0.000000
8,-2,49,1.1538737e+23,0.000000
9,1,-3,1.1521827e+23,0.000000
6,5,-8,1.1477642e+23,0.000000
3,2,-50,1.1189328e+23,0.000000
9,3,-16,1.1138163e+23,0.000000
9,3,52,1.1130878e+23,0.000000
4,4,-31,1.1112436e+23,0.000000
10,3,27,1.1028795e+23,0.000000
8,4,-18,1.1011304e+23,0.000000
7,3,-29,1.093277e+23,0.000000
4,-4,-52,1.0905279e+23,0.000000
5,2,-45,1.072487e+23,0.000000
6,-1,-33,1.067146e+23,0.000000
9,-3,54,1.0658038e+23,0.000000
4,-2,-44,1.0616322e+23,0.000000
5,-5,-33,1.0437301e+23,0.000000
7,-1,-40,1.0383287e+23,0.000000
7,-1,54,1.0369598e+23,0.000000
7,1,-43,1.0218281e+23,0.000000
10,-1,9,1.0177818e+23,0.000000
10,-2,24,1.0126682e+23,0.000000
4,-4,-53,1.005521e+23,0.000000
8,-1,-30,9.9876927e+22,0.000000
9,-2,31,9.9753702e+22,0.000000
5,4,-26,9.9385179e+22,0.000000
9,8,-7,9.8358153e+22,0.000000
9,0,-20,9.8144114e+22,0.000000
9,0,20,9.8144114e+22,0.000000
10,0,-10,9.73435e+22,0.000000
10,0,10,9.73435e+22,0.000000
7,-3,-21,9.7281264e+22,0.000000
10,-6,-5,9.6994887e+22,0.000000
8,1,-31,9.6960514e+22,0.000000
6,-1,48,9.6943595e+22,0.000000
5,-3,-45,9.6872792e+22,0.000000
5,-2,-47,9.6829274e+22,0.000000
8,-1,37,9.6741577e+22,0.000000
6,3,-33,9.5827562e+22,0.000000
10,-5,-3,9.556107e+22,0.000000
6,-5,-21,9.5088196e+22,0.000000
9,1,32,9.4176507e+22,0.000000
4,-4,-54,9.2618305e+22,0.000000
10,-4,43,9.1277268e+22,0.000000
4,3,-39,9.0811367e+22,0.000000
7,0,-45,9.0773002e+22,0.000000
7,0,45,9.0773002e+22,0.000000
6,-3,-28,9.0545537e+22,0.000000
7,4,-20,9.0270437e+22,0.000000
10,-5,45,8.9229127e+22,0.000000
10,4,41,8.8917487e+22,0.000000
8,-4,-7,8.8846961e+22,0.000000
9,-1,-3,8.8445774e+22,0.000000
7,-3,-22,8.7634605e+22,0.000000
5,3,-40,8.7496722e+22,0.000000
7,-1,55,8.6954169e+22,0.000000
8,2,-30,8.6587041e+22,0.000000
7,-4,-22,8.5955757e+22,0.000000
7,-3,-23,8.5924972e+22,0.000000
9,3,53,8.5196728e+22,0.000000
4,-4,-55,8.5017262e+22,0.000000
10,5,44,8.5013512e+22,0.000000
10,10,-8,8.4797224e+22,0.000000
6,5,-11,8.4683177e+22,0.000000
8,-3,-13,8.2835001e+22,0.000000
9,-3,-11,8.2151788e+22,0.000000
9,2,41,8.2049675e+22,0.000000
7,2,-30,8.1665638e+22,0.000000
7,5,-16,8.1308228e+22,0.000000
3,2,-51,8.0747594e+22,0.000000
7,-3,-24,8.0713243e+22,0.000000
9,-3,55,8.0242548e+22,0.000000
8,3,-15,8.0221497e+22,0.000000
10,-3,28,7.9701326e+22,0.000000
8,-2,-25,7.948099e+22,0.000000
5,-4,-35,7.9373814e+22,0.000000
6,4,-29,7.9086425e+22,0.000000
8,4,-19,7.7702075e+22,0.000000
7,3,-30,7.7577214e+22,0.000000
8,0,-21,7.7252306e+22,0.000000
8,0,21,7.7252306e+22,0.000000
9,-3,-12,7.692334e+22,0.000000
7,-5,-21,7.6886612e+22,0.000000
8,2,53,7.6124191e+22,0.000000
5,5,-20,7.5965884e+22,0.000000
9,-2,32,7.4948558e+22,0.000000
4,-2,-45,7.4356721e+22,0.000000
9,-1,36,7.4282199e+22,0.000000
4,-3,-50,7.4109717e+22,0.000000
3,3,-43,7.3995139e+22,0.000000
5,2,-46,7.3984126e+22,0.000000
8,-2,50,7.3494971e+22,0.000000
6,-1,49,7.3433841e+22,0.000000
9,-3,-10,7.2796515e+22,0.000000
9,1,-18,7.2637203e+22,0.000000
9,0,-2,7.1697805e+22,0.000000
9,0,2,7.1697805e+22,0.000000
8,-5,-5,7.1270767e+22,0.000000
7,-3,-25,7.1210097e+22,0.000000
9,3,-17,7.0119655e+22,0.000000
10,-1,10,6.9971616e+22,0.000000
7,-2,-29,6.9882079e+22,0.000000
6,-4,-35,6.9835023e+22,0.000000
10,0,-4,6.9464811e+22,0.000000
10,0,4,6.9464811e+22,0.000000
7,-4,-6,6.9278128e+22,0.000000
8,-1,-31,6.9046914e+22,0.000000
10,2,24,6.8271611e+22,0.000000
6,-6,-25,6.8190431e+22,0.000000
10,0,-16,6.7775785e+22,0.000000
10,0,16,6.7775785e+22,0.000000
8,1,37,6.7550514e+22,0.000000
8,-3,-6,6.7421838e+22,0.000000
10,8,-7,6.7183852e+22,0.000000
5,-2,-48,6.6864818e+22,0.000000
6,1,-46,6.6481172e+22,0.000000
8,1,-32,6.5680097e+22,0.000000
10,0,-15,6.5469185e+22,0.000000
10,0,15,6.5469185e+22,0.000000
9,3,54,6.5281655e+22,0.000000
6,-1,-34,6.5103964e+22,0.000000
10,4,-3,6.4687805e+22,0.000000
5,-5,-34,6.4671175e+22,0.000000
10,3,28,6.4441401e+22,0.000000
9,-1,-19,6.4310467e+22,0.000000
10,0,-17,6.4256848e+22,0.000000
10,0,17,6.4256848e+22,0.000000
7,-1,-41,6.4018883e+22,0.000000
9,-3,-13,6.3765454e+22,0.000000
6,-5,-22,6.362944e+22,0.000000
7,0,-46,6.3076417e+22,0.000000
7,0,46,6.3076417e+22,0.000000
8,-4,-8,6.2926549e+22,0.000000
9,2,-6,6.2213904e+22,0.000000
9,1,33,6.1990988e+22,0.000000
3,2,-52,6.1450844e+22,0.000000
8,-1,38,6.1357404e+22,0.000000
7,1,-44,6.0683584e+22,0.000000
6,6,-15,6.04031e+22,0.000000
6,3,-34,6.0051912e+22,0.000000
9,0,-21,5.9777148e+22,0.000000
9,0,21,5.9777148e+22,0.000000
10,-4,44,5.9544631e+22,0.000000
9,2,-13,5.9478517e+22,0.000000
7,-3,-26,5.9475257e+22,0.000000
6,-3,-29,5.9472402e+22,0.000000
10,-5,46,5.9199662e+22,0.000000
9,2,-5,5.9152552e+22,0.000000
5,-3,-46,5.8706038e+22,0.000000
10,-3,-1,5.851834e+22,0.000000
9,2,-14,5.8184925e+22,0.000000
9,3,-7,5.7294534e+22,0.000000
10,0,-14,5.7034425e+22,0.000000
10,0,14,5.7034425e+22,0.000000
10,0,-18,5.6683583e+22,0.000000
10,0,18,5.6683583e+22,0.000000
9,2,42,5.6044204e+22,0.000000
7,4,-21,5.5987928e+22,0.000000
10,5,45,5.5832961e+22,0.000000
9,2,-12,5.5496721e+22,0.000000
9,-2,33,5.5451887e+22,0.000000
6,-1,50,5.5439162e+22,0.000000
4,4,-32,5.4823784e+22,0.000000
10,4,42,5.4684063e+22,0.000000
7,3,-31,5.4083283e+22,0.000000
7,-4,-23,5.3739735e+22,0.000000
8,4,-20,5.3352406e+22,0.000000
4,-2,-46,5.3022683e+22,0.000000
9,2,-15,5.2988594e+22,0.000000
5,4,-27,5.2553028e+22,0.000000
4,3,-40,5.2458948e+22,0.000000
7,5,-7,5.2280504e+22,0.000000
6,5,-12,5.1210539e+22,0.000000
5,3,-41,5.1053934e+22,0.000000
10,-3,29,5.0849802e+22,0.000000
10,-2,25,5.0712604e+22,0.000000
5,2,-47,5.0670174e+22,0.000000
9,3,55,5.0116537e+22,0.000000
10,0,-11,4.9638059e+22,0.000000
10,0,11,4.9638059e+22,0.000000
9,2,-1,4.9499904e+22,0.000000
3,2,-53,4.9272099e+22,0.000000
8,2,-31,4.901525e+22,0.000000
8,-2,-26,4.8808729e+22,0.000000
9,-3,-14,4.8437149e+22,0.000000
7,-3,-27,4.7527062e+22,0.000000
8,-1,-32,4.7294701e+22,0.000000
8,-3,-14,4.7132731e+22,0.000000
10,0,-19,4.7108995e+22,0.000000
10,0,19,4.7108995e+22,0.000000
9,-3,-9,4.6311494e+22,0.000000
8,-2,51,4.6250545e+22,0.000000
9,2,-11,4.5952531e+22,0.000000
9,-1,37,4.5929969e+22,0.000000
8,2,54,4.5850472e+22,0.000000
5,-2,-49,4.5849312e+22,0.000000
4,-3,-51,4.5839778e+22,0.000000
8,-1,39,4.5704859e+22,0.000000
9,2,-16,4.5536514e+22,0.000000
10,0,-13,4.5342708e+22,0.000000
10,0,13,4.5342708e+22,0.000000
10,-1,11,4.5176736e+22,0.000000
8,7,-7,4.4689751e+22,0.000000
10,-5,47,4.4233487e+22,0.000000
3,3,-44,4.419592e+22,0.000000
8,1,-33,4.4125229e+22,0.000000
7,0,-47,4.3674835e+22,0.000000
7,0,47,4.3674835e+22,0.000000
8,1,38,4.3444815e+22,0.000000
8,0,-22,4.3316982e+22,0.000000
8,0,22,4.3316982e+22,0.000000
5,5,-21,4.2885444e+22,0.000000
10,-4,45,4.2697371e+22,0.000000
6,-5,-23,4.2554382e+22,0.000000
9,3,-18,4.2522012e+22,0.000000
10,3,29,4.2500344e+22,0.000000
6,4,-30,4.240342e+22,0.000000
6,-1,51,4.1728952e+22,0.000000
3,2,-54,4.1302416e+22,0.000000
5,-4,-36,4.1094244e+22,0.000000
7,5,-17,4.1064063e+22,0.000000
9,-2,34,4.045304e+22,0.000000
9,1,34,4.0245287e+22,0.000000
5,-5,-35,4.0050983e+22,0.000000
10,-3,30,3.9819842e+22,0.000000
10,5,46,3.9575891e+22,0.000000
6,-1,-35,3.949454e+22,0.000000
10,3,34,3.9453174e+22,0.000000
10,-3,34,3.9429611e+22,0.000000
10,3,35,3.9412334e+22,0.000000
10,-3,33,3.9349303e+22,0.000000
8,3,-16,3.925333e+22,0.000000
7,-1,-42,3.9126627e+22,0.000000
4,-2,-47,3.8953629e+22,0.000000
6,-3,-30,3.8913037e+22,0.000000
8,-1,40,3.8768863e+22,0.000000
10,0,-12,3.827167e+22,0.000000
10,0,12,3.827167e+22,0.000000
10,-3,32,3.8254248e+22,0.000000
6,-4,-36,3.8179575e+22,0.000000
10,-3,35,3.8145836e+22,0.000000
10,3,33,3.8085715e+22,0.000000
10,3,36,3.7990282e+22,0.000000
9,2,43,3.7978401e+22,0.000000
6,-6,-26,3.7867472e+22,0.000000
6,3,-35,3.7566992e+22,0.000000
10,-3,31,3.7439418e+22,0.000000
10,-5,48,3.7434634e+22,0.000000
9,2,-17,3.7281895e+22,0.000000
10,0,-20,3.7234432e+22,0.000000
10,0,20,3.7234432e+22,0.000000
7,3,-32,3.7199295e+22,0.000000
7,2,-31,3.7160781e+22,0.000000
7,-3,-28,3.6691166e+22,0.000000
10,-1,3,3.6364612e+22,0.000000
5,-3,-47,3.601488e+22,0.000000
7,-5,-22,3.6001667e+22,0.000000
6,-2,-36,3.5961819e+22,0.000000
8,4,-21,3.5794487e+22,0.000000
3,2,-55,3.5781988e+22,0.000000
10,3,32,3.5760279e+22,0.000000
10,-3,36,3.5643765e+22,0.000000
7,1,-45,3.5640536e+22,0.000000
10,3,37,3.5450916e+22,0.000000
8,-1,41,3.5118069e+22,0.000000
10,4,43,3.4945259e+22,0.000000
9,0,-22,3.4873227e+22,0.000000
9,0,22,3.4873227e+22,0.000000
8,3,-5,3.4800183e+22,0.000000
10,-5,49,3.4595982e+22,0.000000
9,2,-7,3.4573531e+22,0.000000
10,3,30,3.4535189e+22,0.000000
5,2,-48,3.4457071e+22,0.000000
10,2,25,3.4433888e+22,0.000000
9,-3,-15,3.4410868e+22,0.000000
7,4,-22,3.4312361e+22,0.000000
9,-4,-3,3.4010133e+22,0.000000
6,-2,-41,3.3930445e+22,0.000000
7,-2,-30,3.3779143e+22,0.000000
10,3,31,3.373617e+22,0.000000
10,-4,46,3.371807e+22,0.000000
6,1,-47,3.3466307e+22,0.000000
7,-4,-24,3.335442e+22,0.000000
10,-5,50,3.3296632e+22,0.000000
8,1,39,3.2779977e+22,0.000000
9,2,-10,3.2757974e+22,0.000000
6,-2,-42,3.2519345e+22,0.000000
8,-1,42,3.2325399e+22,0.000000
10,-3,37,3.2271298e+22,0.000000
10,-5,51,3.2260248e+22,0.000000
10,3,38,3.2147947e+22,0.000000
6,-2,-40,3.2136615e+22,0.000000
8,-1,-33,3.2121967e+22,0.000000
9,1,-19,3.1897656e+22,0.000000
10,5,47,3.1742524e+22,0.000000
6,-1,52,3.1320766e+22,0.000000
10,9,-7,3.1274637e+22,0.000000
5,-2,-50,3.1239884e+22,0.000000
6,6,-16,3.1197691e+22,0.000000
10,-5,52,3.0911594e+22,0.000000
6,2,-36,3.0798971e+22,0.000000
6,5,-13,3.0469226e+22,0.000000
4,3,-41,3.0307664e+22,0.000000
7,0,-48,3.0125918e+22,0.000000
7,0,48,3.0125918e+22,0.000000
10,-2,26,2.9841667e+22,0.000000
4,-2,-48,2.98085e+22,0.000000
5,3,-42,2.9759239e+22,0.000000
8,-2,-27,2.9611984e+22,0.000000
8,-1,43,2.9489256e+22,0.000000
8,1,-34,2.9422445e+22,0.000000
9,2,-18,2.9285215e+22,0.000000
9,-2,35,2.9129808e+22,0.000000
6,-2,-43,2.9108276e+22,0.000000
10,-5,53,2.9079328e+22,0.000000
4,-3,-52,2.878988e+22,0.000000
8,-2,52,2.8663918e+22,0.000000
10,-4,47,2.8616246e+22,0.000000
10,5,48,2.8543728e+22,0.000000
6,-5,-24,2.8430965e+22,0.000000
10,3,39,2.8428211e+22,0.000000
10,-3,38,2.841731e+22,0.000000
10,0,-21,2.8185846e+22,0.000000
10,0,21,2.8185846e+22,0.000000
10,-1,12,2.8151416e+22,0.000000
8,1,40,2.8099837e+22,0.000000
9,-1,38,2.803771e+22,0.000000
9,-3,-6,2.798247e+22,0.000000
10,5,50,2.7874835e+22,0.000000
10,5,51,2.7705927e+22,0.000000
5,4,-28,2.7670103e+22,0.000000
10,5,49,2.7668626e+22,0.000000
7,-3,-29,2.7547988e+22,0.000000
7,-7,-10,2.7501104e+22,0.000000
10,5,52,2.7378545e+22,0.000000
8,2,-32,2.7356054e+22,0.000000
3,3,-45,2.7180809e+22,0.000000
4,4,-33,2.7118076e+22,0.000000
8,2,55,2.6828595e+22,0.000000
10,-5,54,2.6803997e+22,0.000000
6,2,-41,2.6764175e+22,0.000000
9,-1,-20,2.6653738e+22,0.000000
10,5,53,2.6536389e+22,0.000000
8,-1,44,2.6419375e+22,0.000000
6,5,-6,2.6328567e+22,0.000000
6,-2,-39,2.6284761e+22,0.000000
9,1,35,2.5788361e+22,0.000000
6,2,-40,2.5764494e+22,0.000000
8,1,41,2.5674825e+22,0.000000
9,2,44,2.5552487e+22,0.000000
6,-3,-31,2.5376296e+22,0.000000
7,3,-33,2.5276164e+22,0.000000
10,-4,48,2.5242562e+22,0.000000
6,2,-42,2.5229076e+22,0.000000
10,5,54,2.5179965e+22,0.000000
9,3,-19,2.4879156e+22,0.000000
10,-2,30,2.4856065e+22,0.000000
8,-3,-15,2.4833839e+22,0.000000
5,-5,-36,2.4808412e+22,0.000000
6,-2,-44,2.4799812e+22,0.000000
10,3,40,2.4588771e+22,0.000000
5,5,-22,2.4454201e+22,0.000000
10,-3,39,2.4421658e+22,0.000000
10,-2,29,2.43756e+22,0.000000
7,-6,-12,2.4222389e+22,0.000000
10,-5,55,2.4219106e+22,0.000000
10,-2,31,2.4171446e+22,0.000000
10,4,44,2.4025821e+22,0.000000
4,-2,-49,2.3915479e+22,0.000000
8,1,42,2.3814279e+22,0.000000
6,-1,-36,2.3810957e+22,0.000000
7,-1,-43,2.369478e+22,0.000000
10,-2,27,2.3609278e+22,0.000000
8,4,-22,2.3541451e+22,0.000000
6,3,-36,2.3462002e+22,0.000000
8,0,-23,2.3443615e+22,0.000000
8,0,23,2.3443615e+22,0.000000
6,-1,53,2.3442038e+22,0.000000
10,5,55,2.3418485e+22,0.000000
10,-2,28,2.3295789e+22,0.000000
5,2,-49,2.3270532e+22,0.000000
8,-1,45,2.3206129e+22,0.000000
9,-3,-16,2.3159801e+22,0.000000
7,-6,-11,2.3101424e+22,0.000000
9,-7,-7,2.2759084e+22,0.000000
6,4,-31,2.2674169e+22,0.000000
10,-4,49,2.2535722e+22,0.000000
5,-3,-48,2.2480783e+22,0.000000
10,-2,32,2.2405962e+22,0.000000
6,2,-43,2.2212129e+22,0.000000
9,2,-19,2.2189512e+22,0.000000
8,1,43,2.1881219e+22,0.000000
8,-1,-34,2.1648532e+22,0.000000
8,-4,-9,2.147538e+22,0.000000
6,2,-39,2.1387822e+22,0.000000
7,-6,-13,2.1341443e+22,0.000000
5,-2,-51,2.1180915e+22,0.000000
6,-6,-27,2.1097797e+22,0.000000
9,2,-9,2.1070838e+22,0.000000
10,-10,-9,2.1043671e+22,0.000000
5,-4,-37,2.095522e+22,0.000000
10,3,41,2.0855484e+22,0.000000
7,4,-23,2.0801666e+22,0.000000
6,-4,-37,2.0732628e+22,0.000000
9,-2,36,2.072455e+22,0.000000
7,0,-49,2.0692692e+22,0.000000
7,0,49,2.0692692e+22,0.000000
7,1,-46,2.0678607e+22,0.000000
7,-4,-25,2.0569151e+22,0.000000
10,-3,40,2.0545448e+22,0.000000
10,0,-22,2.0544324e+22,0.000000
10,0,22,2.0544324e+22,0.000000
7,5,-18,2.0441961e+22,0.000000
10,2,26,2.0390959e+22,0.000000
6,-2,-45,2.0332348e+22,0.000000
7,-3,-30,2.0239439e+22,0.000000
4,-2,-50,2.0110389e+22,0.000000
10,-4,50,2.0039143e+22,0.000000
8,-1,46,2.0014111e+22,0.000000
10,-2,33,1.9924782e+22,0.000000
8,1,44,1.9739827e+22,0.000000
8,4,-6,1.9607378e+22,0.000000
8,1,-35,1.9481259e+22,0.000000
9,0,-23,1.9434303e+22,0.000000
9,0,23,1.9434303e+22,0.000000
9,2,-8,1.9155504e+22,0.000000
6,-5,-6,1.9023566e+22,0.000000
6,-5,-25,1.8971508e+22,0.000000
10,2,30,1.8865421e+22,0.000000
10,2,31,1.8833656e+22,0.000000
6,2,-44,1.8619708e+22,0.000000
8,3,-17,1.8554611e+22,0.000000
4,-3,-53,1.8421726e+22,0.000000
6,5,-14,1.8168566e+22,0.000000
10,4,45,1.8165264e+22,0.000000
10,-1,13,1.8118711e+22,0.000000
10,2,29,1.7984028e+22,0.000000
10,2,32,1.7894177e+22,0.000000
8,-2,-28,1.7751493e+22,0.000000
6,-2,-38,1.7698735e+22,0.000000
4,-2,-51,1.761248e+22,0.000000
10,-4,51,1.7611982e+22,0.000000
4,3,-42,1.7511435e+22,0.000000
6,-1,54,1.7492193e+22,0.000000
8,1,45,1.7457028e+22,0.000000
8,-2,53,1.7424886e+22,0.000000
10,3,42,1.7384156e+22,0.000000
3,3,-46,1.7357257e+22,0.000000
5,3,-43,1.7340784e+22,0.000000
6,1,-48,1.7205089e+22,0.000000
10,2,-8,1.7204946e+22,0.000000
7,-7,-11,1.7129684e+22,0.000000
10,-2,34,1.7093527e+22,0.000000
9,2,45,1.7084565e+22,0.000000
7,3,-34,1.7017992e+22,0.000000
8,-1,47,1.6989963e+22,0.000000
10,-3,41,1.6963077e+22,0.000000
9,-1,39,1.6897378e+22,0.000000
7,-6,-14,1.6878523e+22,0.000000
10,2,28,1.6673334e+22,0.000000
6,-3,-32,1.649968e+22,0.000000
10,2,27,1.6418827e+22,0.000000
7,-5,-23,1.6375236e+22,0.000000
9,1,36,1.6308975e+22,0.000000
10,2,33,1.6290857e+22,0.000000
9,2,-20,1.6287299e+22,0.000000
7,2,-32,1.6269015e+22,0.000000
6,6,-17,1.6219148e+22,0.000000
6,-2,-46,1.6166114e+22,0.000000
7,-6,-10,1.6128851e+22,0.000000
6,6,-8,1.6070628e+22,0.000000
4,-2,-52,1.5899273e+22,0.000000
7,-2,-31,1.5701554e+22,0.000000
8,-4,-14,1.5691321e+22,0.000000
7,-1,-48,1.568282e+22,0.000000
5,2,-50,1.5616243e+22,0.000000
10,2,-9,1.5544034e+22,0.000000
9,-1,0,1.5469069e+22,0.000000
5,-5,-37,1.5343191e+22,0.000000
10,-4,52,1.5256363e+22,0.000000
8,4,-23,1.5221181e+22,0.000000
8,1,46,1.5156362e+22,0.000000
10,4,46,1.5075625e+22,0.000000
8,2,-33,1.5052833e+22,0.000000
6,2,-45,1.5022192e+22,0.000000
9,-3,-17,1.4892217e+22,0.000000
7,-7,-8,1.4862652e+22,0.000000
8,-4,-15,1.4663239e+22,0.000000
10,-1,19,1.4646029e+22,0.000000
4,-2,-53,1.4639998e+22,0.000000
6,3,-37,1.4628878e+22,0.000000
10,5,-4,1.4615066e+22,0.000000
7,-3,-31,1.45983e+22,0.000000
8,-4,-13,1.4587088e+22,0.000000
9,-2,37,1.4579361e+22,0.000000
10,-1,18,1.4569135e+22,0.000000
6,2,-38,1.4545935e+22,0.000000
5,4,-29,1.4505448e+22,0.000000
8,-1,-35,1.448415e+22,0.000000
10,0,-23,1.4475517e+22,0.000000
10,0,23,1.4475517e+22,0.000000
5,-3,-49,1.4441149e+22,0.000000
5,-2,-52,1.4329347e+22,0.000000
10,2,34,1.4294552e+22,0.000000
10,3,43,1.4267051e+22,0.000000
6,-1,-37,1.4255896e+22,0.000000
8,-1,48,1.4234435e+22,0.000000
10,-2,35,1.4233994e+22,0.000000
7,-1,-44,1.419199e+22,0.000000
7,0,-50,1.4145203e+22,0.000000
7,0,50,1.4145203e+22,0.000000
9,3,-20,1.4051873e+22,0.000000
5,5,-23,1.404789e+22,0.000000
9,7,-7,1.4022397e+22,0.000000
10,-1,20,1.4003855e+22,0.000000
10,-1,17,1.3825935e+22,0.000000
10,-3,42,1.3775155e+22,0.000000
9,-3,-8,1.3661405e+22,0.000000
4,-2,-54,1.3627077e+22,0.000000
6,-2,-37,1.3604225e+22,0.000000
4,4,-34,1.3465689e+22,0.000000
10,-1,14,1.3439889e+22,0.000000
10,4,47,1.3349028e+22,0.000000
9,1,-20,1.3324102e+22,0.000000
7,-2,-2,1.3129149e+22,0.000000
10,-4,53,1.3022213e+22,0.000000
6,-1,55,1.3008374e+22,0.000000
8,1,47,1.2950608e+22,0.000000
8,1,-36,1.2814677e+22,0.000000
10,-1,16,1.2781214e+22,0.000000
10,-1,21,1.2775654e+22,0.000000
4,-2,-55,1.2740481e+22,0.000000
6,-5,-26,1.2641098e+22,0.000000
7,-4,-26,1.2612017e+22,0.000000
6,-2,-47,1.2527071e+22,0.000000
10,2,-7,1.2521365e+22,0.000000
7,4,-24,1.2488725e+22,0.000000
6,4,-5,1.2483127e+22,0.000000
8,-4,-16,1.2475852e+22,0.000000
7,-6,-15,1.2429216e+22,0.000000
10,-1,15,1.2227146e+22,0.000000
8,0,-24,1.2211269e+22,0.000000
8,0,24,1.2211269e+22,0.000000
10,4,48,1.2201433e+22,0.000000
10,2,35,1.2164582e+22,0.000000
8,-3,-16,1.2133533e+22,0.000000
6,4,-32,1.209453e+22,0.000000
4,-3,-54,1.206216e+22,0.000000
9,-1,-21,1.2013953e+22,0.000000
7,1,-47,1.1877687e+22,0.000000
8,-1,49,1.1800025e+22,0.000000
6,-6,-28,1.1797292e+22,0.000000
6,2,-46,1.1757662e+22,0.000000
9,2,-21,1.16217e+22,0.000000
3,3,-47,1.1606154e+22,0.000000
10,-2,36,1.1550105e+22,0.000000
10,3,44,1.1546989e+22,0.000000
7,-7,-12,1.1519138e+22,0.000000
7,2,-3,1.1437097e+22,0.000000
10,-7,-6,1.1418622e+22,0.000000
9,2,46,1.1362782e+22,0.000000
7,3,-35,1.1356543e+22,0.000000
6,2,-37,1.1252858e+22,0.000000
10,4,49,1.1231762e+22,0.000000
6,-4,-38,1.1187868e+22,0.000000
10,-1,22,1.1172783e+22,0.000000
10,2,-10,1.112684e+22,0.000000
10,-3,43,1.1022677e+22,0.000000
6,3,-4,1.101459e+22,0.000000
10,-4,54,1.0964157e+22,0.000000
8,1,48,1.0949242e+22,0.000000
6,5,-15,1.0937726e+22,0.000000
8,-4,-12,1.0823476e+22,0.000000
8,3,-3,1.0709437e+22,0.000000
6,-3,-33,1.0699772e+22,0.000000
8,-2,-29,1.0520296e+22,0.000000
5,-4,-38,1.049298e+22,0.000000
5,2,-51,1.0426235e+22,0.000000
7,-3,-32,1.0381115e+22,0.000000
8,-2,54,1.0338611e+22,0.000000
9,0,-24,1.0317198e+22,0.000000
9,0,24,1.0317198e+22,0.000000
10,4,50,1.0273949e+22,0.000000
9,1,37,1.018342e+22,0.000000
9,-2,38,1.0148751e+22,0.000000
4,3,-43,1.0119625e+22,0.000000
5,3,-44,1.011351e+22,0.000000
10,2,36,1.008006e+22,0.000000
9,-1,40,1.0050552e+22,0.000000
7,5,-19,1.0003636e+22,0.000000
8,-4,-17,9.9337249e+21,0.000000
10,7,-6,9.8972187e+21,0.000000
10,0,-24,9.8900003e+21,0.000000
10,0,24,9.8900003e+21,0.000000
6,1,-49,9.8084085e+21,0.000000
5,-2,-53,9.7193685e+21,0.000000
8,-1,50,9.7010531e+21,0.000000
8,4,-24,9.6965816e+21,0.000000
8,-1,-36,9.6249371e+21,0.000000
7,0,-51,9.6158873e+21,0.000000
7,0,51,9.6158873e+21,0.000000
6,-2,-48,9.4942442e+21,0.000000
5,-5,-38,9.4878612e+21,0.000000
5,-3,-50,9.4799785e+21,0.000000
10,-1,23,9.4103803e+21,0.000000
10,-1,1,9.3660686e+21,0.000000
9,5,-5,9.3092398e+21,0.000000
10,4,51,9.2532438e+21,0.000000
10,3,45,9.2295225e+21,0.000000
9,-3,-18,9.1997065e+21,0.000000
10,-2,37,9.1716779e+21,0.000000
10,-4,55,9.1237806e+21,0.000000
8,1,49,9.1099838e+21,0.000000
6,3,-38,9.1055697e+21,0.000000
8,3,-18,9.0772138e+21,0.000000
6,2,-47,8.9714952e+21,0.000000
8,-6,-9,8.9449629e+21,0.000000
7,-6,-16,8.7131222e+21,0.000000
10,-3,44,8.7052652e+21,0.000000
9,-1,-25,8.7016493e+21,0.000000
6,6,-18,8.4780124e+21,0.000000
6,-1,-38,8.4672819e+21,0.000000
9,-1,-26,8.4228547e+21,0.000000
6,-5,-27,8.4111528e+21,0.000000
7,-1,-45,8.4053351e+21,0.000000
9,-1,-24,8.3794433e+21,0.000000
8,1,-37,8.3761144e+21,0.000000
10,4,52,8.2084548e+21,0.000000
3,3,-48,8.1775894e+21,0.000000
10,2,37,8.1682536e+21,0.000000
4,-3,-55,8.1391173e+21,0.000000
8,2,-34,8.1318473e+21,0.000000
5,5,-24,8.1128289e+21,0.000000
7,-7,-13,8.1087266e+21,0.000000
9,2,-22,8.0847375e+21,0.000000
8,-1,51,7.925348e+21,0.000000
9,-1,-22,7.9026888e+21,0.000000
9,-1,-23,7.7202536e+21,0.000000
7,-4,-27,7.6919657e+21,0.000000
10,-1,24,7.6649014e+21,0.000000
9,-1,-27,7.6599352e+21,0.000000
9,3,-21,7.6569697e+21,0.000000
9,-1,-48,7.6224617e+21,0.000000
5,4,-30,7.5689472e+21,0.000000
8,1,50,7.5364103e+21,0.000000
8,-4,-18,7.5312065e+21,0.000000
7,3,-36,7.5296024e+21,0.000000
9,2,47,7.5261654e+21,0.000000
7,4,-25,7.4327682e+21,0.000000
10,3,46,7.2950372e+21,0.000000
7,-3,-33,7.2877378e+21,0.000000
7,-5,-24,7.1976526e+21,0.000000
10,4,53,7.1661813e+21,0.000000
10,-2,38,7.1450119e+21,0.000000
6,-2,-49,7.088961e+21,0.000000
7,-2,-32,7.026255e+21,0.000000
8,-4,-4,6.9981867e+21,0.000000
9,-2,39,6.9949295e+21,0.000000
7,2,-33,6.9914207e+21,0.000000
5,2,-52,6.9425388e+21,0.000000
6,-3,-34,6.9216057e+21,0.000000
9,-9,-9,6.8977962e+21,0.000000
6,1,-50,6.8649415e+21,0.000000
10,-3,45,6.7951376e+21,0.000000
7,1,-48,6.7876073e+21,0.000000
10,2,-11,6.7251178e+21,0.000000
4,4,-35,6.7247731e+21,0.000000
6,2,-48,6.6973009e+21,0.000000
6,5,-16,6.6625598e+21,0.000000
5,-2,-54,6.6614567e+21,0.000000
9,-1,-28,6.6163203e+21,0.000000
6,-6,-29,6.6161751e+21,0.000000
10,0,-25,6.5646303e+21,0.000000
10,0,25,6.5646303e+21,0.000000
7,0,-52,6.4947962e+21,0.000000
7,0,52,6.4947962e+21,0.000000
10,2,38,6.4891518e+21,0.000000
5,-3,-51,6.4681228e+21,0.000000
8,-1,52,6.4448163e+21,0.000000
6,4,-33,6.4300044e+21,0.000000
8,-1,-37,6.3537976e+21,0.000000
9,1,38,6.2761136e+21,0.000000
8,1,51,6.1951485e+21,0.000000
10,4,54,6.1686072e+21,0.000000
8,-2,-30,6.158366e+21,0.000000
9,1,-21,6.1226206e+21,0.000000
8,4,-25,6.1002561e+21,0.000000
8,0,-25,6.0975982e+21,0.000000
8,0,25,6.0975982e+21,0.000000
3,3,-49,6.0853732e+21,0.000000
10,-1,25,6.0588301e+21,0.000000
6,1,-54,6.027691e+21,0.000000
6,1,-53,5.9972832e+21,0.000000
6,1,-51,5.9767011e+21,0.000000
6,-4,-39,5.9730624e+21,0.000000
8,-2,55,5.9569731e+21,0.000000
5,3,-45,5.9183142e+21,0.000000
7,-6,-17,5.8981041e+21,0.000000
9,-1,41,5.8966196e+21,0.000000
6,1,-55,5.8960713e+21,0.000000
6,1,-52,5.8916675e+21,0.000000
4,3,-44,5.8507061e+21,0.000000
5,-5,-39,5.850469e+21,0.000000
8,-6,-14,5.8124792e+21,0.000000
8,-4,-11,5.8118887e+21,0.000000
8,-6,-13,5.7535422e+21,0.000000
10,3,47,5.7089319e+21,0.000000
6,3,-39,5.6569687e+21,0.000000
7,-7,-14,5.6198911e+21,0.000000
6,-5,-28,5.5881518e+21,0.000000
8,-3,-17,5.5661208e+21,0.000000
7,-6,-9,5.5513478e+21,0.000000
8,-4,-19,5.499932e+21,0.000000
9,2,-23,5.4966669e+21,0.000000
9,-1,-29,5.4884469e+21,0.000000
9,-3,-19,5.4785284e+21,0.000000
10,-2,39,5.4772238e+21,0.000000
8,1,-38,5.4413657e+21,0.000000
8,-4,-10,5.4027141e+21,0.000000
8,3,-19,5.2688626e+21,0.000000
10,-3,46,5.2492231e+21,0.000000
10,4,55,5.2344662e+21,0.000000
8,-1,53,5.2239148e+21,0.000000
9,0,-25,5.2191463e+21,0.000000
9,0,25,5.2191463e+21,0.000000
6,-2,-50,5.166232e+21,0.000000
5,-4,-39,5.1404083e+21,0.000000
10,2,39,5.0695464e+21,0.000000
8,1,52,5.0689667e+21,0.000000
7,-3,-34,5.0659583e+21,0.000000
10,2,-5,5.0475075e+21,0.000000
8,-6,-15,5.045703e+21,0.000000
6,-1,-39,4.9824204e+21,0.000000
9,2,48,4.9707199e+21,0.000000
7,3,-37,4.9587742e+21,0.000000
7,-1,-46,4.9180361e+21,0.000000
6,2,-49,4.9107593e+21,0.000000
7,5,-20,4.7983645e+21,0.000000
9,-2,40,4.7766008e+21,0.000000
3,3,-50,4.769532e+21,0.000000
9,1,0,4.7304236e+21,0.000000
5,5,-25,4.7036909e+21,0.000000
7,-4,-28,4.6681668e+21,0.000000
5,-2,-55,4.6670483e+21,0.000000
10,-1,26,4.6612835e+21,0.000000
5,2,-53,4.6307798e+21,0.000000
5,-3,-52,4.5644598e+21,0.000000
6,-3,-35,4.467204e+21,0.000000
6,6,-19,4.4497714e+21,0.000000
10,3,48,4.4294921e+21,0.000000
9,-1,-30,4.4013481e+21,0.000000
7,4,-26,4.3895805e+21,0.000000
7,0,-53,4.3539614e+21,0.000000
7,0,53,4.3539614e+21,0.000000
9,-3,-7,4.3379854e+21,0.000000
8,2,-35,4.309079e+21,0.000000
8,-6,-12,4.2649802e+21,0.000000
10,0,-26,4.2403359e+21,0.000000
10,0,26,4.2403359e+21,0.000000
9,1,-25,4.239055e+21,0.000000
8,-1,54,4.2252324e+21,0.000000
8,-1,-38,4.1675984e+21,0.000000
7,7,-8,4.1633472e+21,0.000000
9,1,-24,4.161388e+21,0.000000
10,-2,40,4.1391007e+21,0.000000
8,1,53,4.1341134e+21,0.000000
6,5,-17,4.1050263e+21,0.000000
9,1,-22,4.0725781e+21,0.000000
9,1,-26,4.0367336e+21,0.000000
9,3,-22,4.0193286e+21,0.000000
10,-3,47,4.0179264e+21,0.000000
8,-6,-16,3.9987653e+21,0.000000
8,3,-20,3.9896003e+21,0.000000
5,4,-31,3.9292678e+21,0.000000
9,1,-23,3.9193716e+21,0.000000
7,1,-49,3.9168732e+21,0.000000
3,3,-51,3.9102786e+21,0.000000
10,2,40,3.9017633e+21,0.000000
8,-4,-20,3.9003752e+21,0.000000
7,-6,-18,3.8924195e+21,0.000000
9,1,39,3.8179315e+21,0.000000
8,4,-26,3.7952373e+21,0.000000
7,-7,-15,3.7497295e+21,0.000000
6,-2,-51,3.7290511e+21,0.000000
6,-6,-30,3.7237227e+21,0.000000
6,-5,-29,3.7078222e+21,0.000000
9,2,-24,3.6595991e+21,0.000000
10,0,-2,3.6532646e+21,0.000000
10,0,2,3.6532646e+21,0.000000
8,3,-21,3.6258903e+21,0.000000
9,1,-27,3.6181829e+21,0.000000
5,-5,-40,3.6054517e+21,0.000000
8,-2,-31,3.5617617e+21,0.000000
6,2,-50,3.5375099e+21,0.000000
8,1,-39,3.5128114e+21,0.000000
10,2,-12,3.5104112e+21,0.000000
6,3,-40,3.5071622e+21,0.000000
10,-1,27,3.4986298e+21,0.000000
7,-3,-35,3.4879224e+21,0.000000
5,3,-46,3.4840471e+21,0.000000
8,3,-22,3.4517394e+21,0.000000
9,-1,-31,3.4381671e+21,0.000000
8,-1,55,3.4129265e+21,0.000000
9,-1,42,3.4116907e+21,0.000000
10,3,49,3.4093174e+21,0.000000
6,4,-34,3.4066278e+21,0.000000
4,4,-36,3.3898011e+21,0.000000
4,3,-45,3.385988e+21,0.000000
8,1,54,3.3645564e+21,0.000000
3,3,-52,3.3233694e+21,0.000000
5,-3,-53,3.3179958e+21,0.000000
9,2,49,3.2779888e+21,0.000000
7,3,-38,3.247956e+21,0.000000
9,-2,41,3.233504e+21,0.000000
8,3,-23,3.2093294e+21,0.000000
7,2,-34,3.1784744e+21,0.000000
6,-4,-40,3.1606963e+21,0.000000
9,-3,-20,3.1506813e+21,0.000000
5,2,-54,3.1167733e+21,0.000000
7,-2,-33,3.0906969e+21,0.000000
10,-2,41,3.0894066e+21,0.000000
9,1,-28,3.0835808e+21,0.000000
10,-3,48,3.0508285e+21,0.000000
7,-5,-25,3.0442293e+21,0.000000
8,-6,-17,2.9860872e+21,0.000000
10,2,41,2.9642605e+21,0.000000
8,-5,-11,2.9498126e+21,0.000000
8,0,-26,2.9062461e+21,0.000000
8,0,26,2.9062461e+21,0.000000
3,3,-53,2.9018523e+21,0.000000
6,-1,-40,2.8995951e+21,0.000000
7,0,-54,2.8937945e+21,0.000000
7,0,54,2.8937945e+21,0.000000
8,-5,-10,2.8782132e+21,0.000000
6,-3,-36,2.876584e+21,0.000000
8,3,-24,2.8580869e+21,0.000000
7,-1,-47,2.8493953e+21,0.000000
7,-4,-29,2.8191479e+21,0.000000
8,1,55,2.7347806e+21,0.000000
5,5,-26,2.7347755e+21,0.000000
10,2,-6,2.7254323e+21,0.000000
8,-1,-39,2.7158668e+21,0.000000
8,-4,-21,2.7020301e+21,0.000000
6,-2,-52,2.6667745e+21,0.000000
10,0,-27,2.6660909e+21,0.000000
10,0,27,2.6660909e+21,0.000000
9,-1,-32,2.623461e+21,0.000000
10,3,50,2.6078481e+21,0.000000
10,-2,-9,2.5854593e+21,0.000000
3,3,-54,2.5830136e+21,0.000000
7,4,-27,2.5743695e+21,0.000000
8,-5,-12,2.5685732e+21,0.000000
10,-1,28,2.566714e+21,0.000000
6,5,-18,2.5541657e+21,0.000000
9,0,-26,2.548798e+21,0.000000
9,0,26,2.548798e+21,0.000000
8,-3,-18,2.5427114e+21,0.000000
9,1,-29,2.5256265e+21,0.000000
7,-6,-19,2.5210838e+21,0.000000
6,2,-51,2.5152642e+21,0.000000
5,-3,-54,2.4746598e+21,0.000000
10,-2,-8,2.4644284e+21,0.000000
6,-5,-30,2.4566955e+21,0.000000
5,-4,-40,2.454773e+21,0.000000
8,3,-25,2.4370904e+21,0.000000
10,-4,-3,2.4135812e+21,0.000000
7,-7,-16,2.4028628e+21,0.000000
9,2,-25,2.3900798e+21,0.000000
7,-3,-36,2.3845124e+21,0.000000
6,6,-20,2.3420763e+21,0.000000
8,4,-27,2.3400564e+21,0.000000
3,3,-55,2.3296566e+21,0.000000
7,1,-50,2.3243292e+21,0.000000
10,-3,49,2.3005714e+21,0.000000
9,1,40,2.2918834e+21,0.000000
10,-9,-8,2.2819143e+21,0.000000
10,-2,42,2.28169e+21,0.000000
8,1,-40,2.2533739e+21,0.000000
7,5,-21,2.2487903e+21,0.000000
10,2,42,2.2269368e+21,0.000000
8,2,-36,2.2224157e+21,0.000000
5,-5,-41,2.2140297e+21,0.000000
9,-2,42,2.171256e+21,0.000000
6,3,-41,2.1691411e+21,0.000000
9,2,50,2.1615111e+21,0.000000
5,2,-55,2.1403123e+21,0.000000
8,-6,-18,2.1400991e+21,0.000000
8,-5,-9,2.1214582e+21,0.000000
7,3,-39,2.1165062e+21,0.000000
6,-6,-31,2.1005764e+21,0.000000
5,3,-47,2.0746987e+21,0.000000
10,-2,-10,2.0541095e+21,0.000000
8,-2,-32,2.0306625e+21,0.000000
5,4,-32,2.0278086e+21,0.000000
9,3,-23,2.0263456e+21,0.000000
8,-5,-13,2.0047501e+21,0.000000
9,1,-30,2.000805e+21,0.000000
8,3,-26,2.0002328e+21,0.000000
10,3,51,1.9845408e+21,0.000000
9,-1,-33,1.9668736e+21,0.000000
4,3,-46,1.9632444e+21,0.000000
9,5,-11,1.9475551e+21,0.000000
9,-1,43,1.9457784e+21,0.000000
8,-3,-5,1.9377211e+21,0.000000
9,5,-12,1.9142942e+21,0.000000
7,0,-55,1.9048994e+21,0.000000
7,0,55,1.9048994e+21,0.000000
6,-2,-53,1.9038672e+21,0.000000
5,-3,-55,1.86968e+21,0.000000
6,-3,-37,1.8481059e+21,0.000000
10,-1,29,1.843368e+21,0.000000
8,-4,-22,1.8365418e+21,0.000000
6,4,-35,1.7969695e+21,0.000000
7,2,-35,1.7803793e+21,0.000000
6,2,-52,1.7720471e+21,0.000000
8,-1,-40,1.7581423e+21,0.000000
9,-3,-21,1.7502007e+21,0.000000
4,4,-37,1.7341514e+21,0.000000
10,-3,50,1.7248471e+21,0.000000
7,-4,-30,1.6944314e+21,0.000000
10,-2,43,1.6694934e+21,0.000000
6,-1,-41,1.6653001e+21,0.000000
6,-4,-41,1.6608301e+21,0.000000
10,2,43,1.6565821e+21,0.000000
10,0,-28,1.632944e+21,0.000000
10,0,28,1.632944e+21,0.000000
6,-5,-31,1.6259408e+21,0.000000
7,-3,-37,1.6177327e+21,0.000000
10,2,-13,1.611522e+21,0.000000
7,-6,-20,1.6102037e+21,0.000000
9,5,-13,1.6025976e+21,0.000000
6,5,-19,1.6013855e+21,0.000000
5,5,-27,1.5935983e+21,0.000000
8,3,-27,1.5892335e+21,0.000000
8,-6,-11,1.5832722e+21,0.000000
9,1,-31,1.5446105e+21,0.000000
9,2,-26,1.5330582e+21,0.000000
10,3,52,1.5044249e+21,0.000000
7,4,-28,1.5004882e+21,0.000000
8,-6,-19,1.4891274e+21,0.000000
7,-7,-17,1.4855066e+21,0.000000
7,1,-51,1.4830623e+21,0.000000
9,-1,-34,1.4491647e+21,0.000000
9,-2,43,1.4471323e+21,0.000000
8,-5,-14,1.444072e+21,0.000000
7,-2,-34,1.4419923e+21,0.000000
8,1,-41,1.4356485e+21,0.000000
8,4,-28,1.4304116e+21,0.000000
9,2,51,1.427107e+21,0.000000
10,-2,-7,1.4218397e+21,0.000000
9,5,-10,1.410883e+21,0.000000
7,3,-40,1.3708502e+21,0.000000
6,-2,-54,1.3698869e+21,0.000000
8,-3,-19,1.3630303e+21,0.000000
5,-5,-42,1.3626458e+21,0.000000
9,1,41,1.356828e+21,0.000000
7,2,-36,1.3503533e+21,0.000000
8,6,-9,1.3480975e+21,0.000000
6,3,-42,1.3380352e+21,0.000000
10,-2,-11,1.335627e+21,0.000000
9,3,-5,1.3344754e+21,0.000000
8,0,-27,1.3205612e+21,0.000000
8,0,27,1.3205612e+21,0.000000
10,-1,30,1.2974031e+21,0.000000
10,-3,51,1.2873078e+21,0.000000
5,-5,-45,1.2783643e+21,0.000000
9,0,-27,1.2644704e+21,0.000000
9,0,27,1.2644704e+21,0.000000
5,3,-48,1.2558345e+21,0.000000
6,2,-53,1.2451375e+21,0.000000
7,2,-37,1.2441817e+21,0.000000
7,-5,-26,1.236519e+21,0.000000
6,6,-21,1.2348057e+21,0.000000
8,3,-28,1.2291408e+21,0.000000
8,-4,-23,1.2289809e+21,0.000000
9,5,-14,1.2227273e+21,0.000000
10,2,44,1.2222799e+21,0.000000
10,-2,44,1.2122361e+21,0.000000
7,2,-38,1.2020117e+21,0.000000
6,-6,-32,1.1894635e+21,0.000000
6,-3,-38,1.1845234e+21,0.000000
9,1,-32,1.1651725e+21,0.000000
8,5,-9,1.1469214e+21,0.000000
4,3,-47,1.141879e+21,0.000000
8,-2,-33,1.1411593e+21,0.000000
5,-4,-41,1.139049e+21,0.000000
7,2,-39,1.1386073e+21,0.000000
10,3,53,1.1376391e+21,0.000000
8,-1,-41,1.1301394e+21,0.000000
8,2,-37,1.1120819e+21,0.000000
8,5,-10,1.1010399e+21,0.000000
9,-1,44,1.0955277e+21,0.000000
7,-3,-38,1.0909134e+21,0.000000
7,5,-6,1.082384e+21,0.000000
6,-5,-32,1.0747406e+21,0.000000
9,-1,-35,1.0550448e+21,0.000000
7,1,-52,1.0537671e+21,0.000000
9,6,-6,1.053727e+21,0.000000
7,2,-40,1.0399605e+21,0.000000
5,4,-33,1.039293e+21,0.000000
8,-6,-10,1.0360645e+21,0.000000
7,-5,-45,1.0358883e+21,0.000000
7,5,-22,1.0258361e+21,0.000000
8,-3,-20,1.0228198e+21,0.000000
7,-6,-21,1.0176534e+21,0.000000
8,-6,-20,1.0136842e+21,0.000000
8,-3,-22,1.0133787e+21,0.000000
7,-4,-31,1.0132627e+21,0.000000
6,-2,-55,1.0096817e+21,0.000000
6,5,-20,1.0093916e+21,0.000000
8,-3,-23,1.0037564e+21,0.000000
6,-4,-5,9.9705665e+20,0.000000
8,-3,-21,9.8890186e+20,0.000000
9,-5,-12,9.7783593e+20,0.000000
9,3,-24,9.7749758e+20,0.000000
8,-5,-15,9.7712781e+20,0.000000
10,10,-9,9.7482303e+20,0.000000
10,0,-29,9.7280591e+20,0.000000
10,0,29,9.7280591e+20,0.000000
9,2,-27,9.6685559e+20,0.000000
9,-2,44,9.580115e+20,0.000000
10,-3,52,9.5755749e+20,0.000000
7,-1,-49,9.57228e+20,0.000000
9,2,52,9.4461891e+20,0.000000
6,4,-36,9.4314378e+20,0.000000
9,-5,-13,9.4281515e+20,0.000000
8,-3,-24,9.4247497e+20,0.000000
6,-1,-42,9.4134453e+20,0.000000
9,-3,-22,9.3807637e+20,0.000000
5,5,-28,9.3021072e+20,0.000000
8,3,-29,9.2930056e+20,0.000000
7,2,-41,9.1670659e+20,0.000000
6,-4,-44,9.1301896e+20,0.000000
9,2,-4,9.1172108e+20,0.000000
4,4,-38,9.0876069e+20,0.000000
8,1,-42,9.0790035e+20,0.000000
10,-1,31,8.9567734e+20,0.000000
10,2,45,8.9524388e+20,0.000000
10,-1,-10,8.9295545e+20,0.000000
7,-7,-18,8.9128845e+20,0.000000
8,5,-11,8.8743309e+20,0.000000
8,0,-1,8.8649501e+20,0.000000
8,0,1,8.8649501e+20,0.000000
7,3,-41,8.8503133e+20,0.000000
6,2,-54,8.804129e+20,0.000000
9,5,-15,8.7750408e+20,0.000000
10,-2,45,8.7421984e+20,0.000000
7,4,-29,8.6951306e+20,0.000000
8,4,-29,8.6908725e+20,0.000000
9,1,-33,8.638847e+20,0.000000
6,-4,-42,8.6170099e+20,0.000000
10,3,54,8.5941049e+20,0.000000
7,1,-53,8.4443741e+20,0.000000
8,-3,-25,8.4152785e+20,0.000000
10,-1,-11,8.3829236e+20,0.000000
5,-5,-43,8.3431662e+20,0.000000
7,-2,-35,8.2992048e+20,0.000000
10,-1,-9,8.2805566e+20,0.000000
6,3,-43,8.2292592e+20,0.000000
8,-5,-8,8.1487381e+20,0.000000
9,-5,-11,8.1343951e+20,0.000000
8,-4,-24,8.1168631e+20,0.000000
9,-5,-14,7.9665144e+20,0.000000
9,1,42,7.923628e+20,0.000000
7,2,-42,7.8382847e+20,0.000000
5,3,-49,7.7892995e+20,0.000000
7,1,-1,7.6216562e+20,0.000000
9,-1,-36,7.5786677e+20,0.000000
6,-3,-39,7.5729123e+20,0.000000
8,5,-8,7.5026205e+20,0.000000
7,1,-54,7.4504524e+20,0.000000
7,-3,-39,7.3193748e+20,0.000000
10,-2,-12,7.2948043e+20,0.000000
8,-1,-42,7.2091866e+20,0.000000
8,-3,-26,7.2021688e+20,0.000000
9,0,-28,7.1884231e+20,0.000000
9,0,28,7.1884231e+20,0.000000
10,2,-14,7.1403084e+20,0.000000
7,-2,-3,7.1214675e+20,0.000000
10,-3,53,7.1077022e+20,0.000000
6,-5,-33,7.0976393e+20,0.000000
10,-1,-12,7.0629441e+20,0.000000
8,2,-2,6.9896548e+20,0.000000
7,1,-55,6.9364625e+20,0.000000
8,3,-30,6.8960102e+20,0.000000
8,-6,-21,6.786818e+20,0.000000
6,-6,-33,6.7425252e+20,0.000000
4,3,-48,6.6733863e+20,0.000000
7,2,-43,6.5352812e+20,0.000000
10,2,46,6.5244073e+20,0.000000
6,6,-22,6.515989e+20,0.000000
8,5,-12,6.5110624e+20,0.000000
10,3,55,6.4983765e+20,0.000000
7,-2,-36,6.4410462e+20,0.000000
6,5,-21,6.3829914e+20,0.000000
7,-6,-22,6.3805998e+20,0.000000
6,2,-55,6.3638953e+20,0.000000
10,-1,-8,6.3076526e+20,0.000000
9,-2,45,6.3043239e+20,0.000000
9,1,-34,6.2964416e+20,0.000000
8,-2,-34,6.2940349e+20,0.000000
8,-5,-16,6.2813876e+20,0.000000
9,2,53,6.2759949e+20,0.000000
10,-2,46,6.2752786e+20,0.000000
9,5,-8,6.2563231e+20,0.000000
9,-5,-15,6.1647975e+20,0.000000
9,-1,45,6.1065742e+20,0.000000
10,-1,32,6.0679927e+20,0.000000
7,-2,-37,6.0426787e+20,0.000000
7,-4,-32,6.0280981e+20,0.000000
9,5,-16,6.0231439e+20,0.000000
9,2,-28,5.9981417e+20,0.000000
10,2,-19,5.9566215e+20,0.000000
8,-3,-27,5.9516774e+20,0.000000
10,3,-2,5.9443112e+20,0.000000
7,-2,-38,5.9333169e+20,0.000000
8,0,-28,5.7959273e+20,0.000000
8,0,28,5.7959273e+20,0.000000
10,2,-18,5.7633127e+20,0.000000
7,-1,-50,5.7480936e+20,0.000000
7,-2,-39,5.71087e+20,0.000000
8,1,-43,5.6937656e+20,0.000000
7,3,-42,5.675441e+20,0.000000
9,9,-9,5.6748412e+20,0.000000
10,2,-20,5.6488012e+20,0.000000
10,0,-30,5.6400793e+20,0.000000
10,0,30,5.6400793e+20,0.000000
10,4,-10,5.5594147e+20,0.000000
5,5,-29,5.4382081e+20,0.000000
10,-1,-13,5.4309164e+20,0.000000
9,-1,-37,5.3975959e+20,0.000000
7,2,-44,5.3379671e+20,0.000000
8,2,-38,5.3245904e+20,0.000000
9,0,-29,5.3159187e+20,0.000000
9,0,29,5.3159187e+20,0.000000
8,-4,-25,5.3031186e+20,0.000000
7,-2,-40,5.3004117e+20,0.000000
5,4,-34,5.2827025e+20,0.000000
10,-3,54,5.2717021e+20,0.000000
8,4,-30,5.241084e+20,0.000000
6,-1,-43,5.2207533e+20,0.000000
7,-7,-19,5.218518e+20,0.000000
5,-4,-42,5.1356658e+20,0.000000
5,-5,-44,5.0877897e+20,0.000000
10,2,-17,5.0614028e+20,0.000000
6,3,-44,5.0454084e+20,0.000000
10,4,-9,5.0389146e+20,0.000000
8,3,-31,5.0359606e+20,0.000000
9,0,-32,5.0130544e+20,0.000000
9,0,32,5.0130544e+20,0.000000
7,4,-30,5.0121493e+20,0.000000
10,2,-21,4.9957781e+20,0.000000
9,0,-31,4.9881678e+20,0.000000
9,0,31,4.9881678e+20,0.000000
5,3,-50,4.9772976e+20,0.000000
4,4,-39,4.9416732e+20,0.000000
9,0,-30,4.9346202e+20,0.000000
9,0,30,4.9346202e+20,0.000000
6,4,-37,4.92066e+20,0.000000
7,-5,-27,4.9107573e+20,0.000000
7,-3,-40,4.8706767e+20,0.000000
9,0,-33,4.8571741e+20,0.000000
9,0,33,4.8571741e+20,0.000000
9,-3,-23,4.8370688e+20,0.000000
6,-3,-40,4.8283389e+20,0.000000
8,-3,-28,4.7796665e+20,0.000000
7,-2,-41,4.7477539e+20,0.000000
10,2,47,4.7310216e+20,0.000000
6,-5,-34,4.6814817e+20,0.000000
9,1,43,4.5613732e+20,0.000000
8,-1,-43,4.559518e+20,0.000000
7,5,-23,4.5363935e+20,0.000000
9,1,-35,4.5360468e+20,0.000000
9,0,-34,4.5185302e+20,0.000000
9,0,34,4.5185302e+20,0.000000
8,5,-13,4.4910972e+20,0.000000
9,3,-25,4.4860725e+20,0.000000
8,-6,-22,4.4854903e+20,0.000000
10,-2,47,4.4840593e+20,0.000000
9,-5,-16,4.4801399e+20,0.000000
8,1,-2,4.4682894e+20,0.000000
10,4,-11,4.4509524e+20,0.000000
6,-4,-43,4.4480672e+20,0.000000
7,6,-11,4.4204139e+20,0.000000
7,6,-10,4.3594329e+20,0.000000
9,-5,-10,4.3270181e+20,0.000000
7,2,-45,4.2860048e+20,0.000000
9,-8,-8,4.2429597e+20,0.000000
10,2,-15,4.2293425e+20,0.000000
10,2,-16,4.208612e+20,0.000000
9,2,54,4.190746e+20,0.000000
10,2,-22,4.1774938e+20,0.000000
9,-2,-14,4.1488686e+20,0.000000
9,-2,46,4.1275321e+20,0.000000
7,-2,-42,4.124819e+20,0.000000
7,7,-10,4.1135807e+20,0.000000
9,0,-35,4.0496027e+20,0.000000
9,0,35,4.0496027e+20,0.000000
6,5,-22,4.0421336e+20,0.000000
10,-1,33,4.035958e+20,0.000000
9,-2,-13,4.0094834e+20,0.000000
9,5,-17,3.9919825e+20,0.000000
7,-6,-23,3.9763626e+20,0.000000
9,-2,-15,3.9346446e+20,0.000000
4,3,-49,3.927173e+20,0.000000
10,-3,55,3.9118316e+20,0.000000
8,-5,-17,3.8646109e+20,0.000000
10,-1,-14,3.8449551e+20,0.000000
6,-6,-34,3.8400652e+20,0.000000
9,-1,-38,3.8041238e+20,0.000000
10,-2,-5,3.7899455e+20,0.000000
8,-3,-29,3.7478424e+20,0.000000
7,-1,-51,3.7122695e+20,0.000000
9,2,-29,3.662384e+20,0.000000
7,3,-43,3.630854e+20,0.000000
8,3,-32,3.6299029e+20,0.000000
7,6,-12,3.6217709e+20,0.000000
9,1,48,3.586116e+20,0.000000
9,-5,-5,3.5839763e+20,0.000000
8,6,-13,3.579802e+20,0.000000
7,-4,-33,3.5648688e+20,0.000000
8,6,-12,3.5494567e+20,0.000000
8,1,-44,3.536354e+20,0.000000
9,0,-36,3.5157376e+20,0.000000
9,0,36,3.5157376e+20,0.000000
7,-2,-43,3.4938985e+20,0.000000
9,-2,-16,3.4860135e+20,0.000000
10,-1,-7,3.4858215e+20,0.000000
9,-2,-12,3.4503855e+20,0.000000
9,5,-9,3.4460722e+20,0.000000
6,6,-23,3.4394254e+20,0.000000
8,-4,-26,3.4316645e+20,0.000000
10,2,48,3.4210078e+20,0.000000
8,-2,-35,3.4039908e+20,0.000000
9,-1,46,3.3994083e+20,0.000000
7,2,-46,3.3927837e+20,0.000000
10,-2,-13,3.3706241e+20,0.000000
10,2,-23,3.3368416e+20,0.000000
5,3,-51,3.2922482e+20,0.000000
9,-6,-6,3.231227e+20,0.000000
7,-3,-41,3.231191e+20,0.000000
9,1,-36,3.2252101e+20,0.000000
10,-2,48,3.1960609e+20,0.000000
5,5,-30,3.1833432e+20,0.000000
10,0,-31,3.1711112e+20,0.000000
10,0,31,3.1711112e+20,0.000000
8,4,-31,3.1500618e+20,0.000000
9,-5,-17,3.1059312e+20,0.000000
6,-5,-35,3.0854309e+20,0.000000
6,3,-45,3.0835339e+20,0.000000
9,4,-14,3.0808723e+20,0.000000
6,-3,-41,3.069281e+20,0.000000
9,4,-15,3.0151118e+20,0.000000
7,-7,-20,2.9950836e+20,0.000000
8,6,-14,2.9928071e+20,0.000000
10,4,-12,2.9797144e+20,0.000000
9,0,-37,2.9707654e+20,0.000000
9,0,37,2.9707654e+20,0.000000
8,5,-14,2.9572752e+20,0.000000
8,-6,-23,2.9351522e+20,0.000000
9,-2,-17,2.923921e+20,0.000000
10,9,-8,2.9162306e+20,0.000000
7,-2,-44,2.8985875e+20,0.000000
6,-1,-1,2.8859897e+20,0.000000
8,-3,-30,2.8816526e+20,0.000000
7,4,-31,2.8738521e+20,0.000000
9,4,-13,2.8638757e+20,0.000000
8,-1,-44,2.8554946e+20,0.000000
4,4,-40,2.8363612e+20,0.000000
6,-1,-44,2.8311493e+20,0.000000
9,2,55,2.8171101e+20,0.000000
9,4,-7,2.754882e+20,0.000000
9,4,-16,2.7476245e+20,0.000000
9,-2,47,2.6912433e+20,0.000000
7,-1,-52,2.6709337e+20,0.000000
7,6,-13,2.6678148e+20,0.000000
9,-1,-39,2.6622074e+20,0.000000
5,4,-35,2.6584917e+20,0.000000
7,2,-47,2.6530847e+20,0.000000
10,-1,34,2.6354032e+20,0.000000
8,0,-29,2.6082696e+20,0.000000
8,0,29,2.6082696e+20,0.000000
9,1,44,2.5936453e+20,0.000000
8,3,-33,2.5861639e+20,0.000000
9,5,-18,2.5695659e+20,0.000000
10,2,-24,2.5672765e+20,0.000000
8,-4,-6,2.5672239e+20,0.000000
6,5,-23,2.5599541e+20,0.000000
6,4,-38,2.5487555e+20,0.000000
9,-2,-11,2.5299858e+20,0.000000
10,-1,-15,2.5154908e+20,0.000000
9,-2,-1,2.4783901e+20,0.000000
10,2,49,2.4691522e+20,0.000000
7,6,-9,2.4674052e+20,0.000000
7,-6,-24,2.4666928e+20,0.000000
9,0,-38,2.4543717e+20,0.000000
9,0,38,2.4543717e+20,0.000000
9,-2,-6,2.4267927e+20,0.000000
8,2,-39,2.4140057e+20,0.000000
9,-3,-24,2.3900761e+20,0.000000
9,4,-17,2.3672672e+20,0.000000
7,-2,-45,2.3634026e+20,0.000000
9,-2,-18,2.3441214e+20,0.000000
9,4,-12,2.3368736e+20,0.000000
4,3,-50,2.3329429e+20,0.000000
8,6,-11,2.3043297e+20,0.000000
7,3,-44,2.3011404e+20,0.000000
8,-5,-18,2.2864277e+20,0.000000
9,1,-37,2.2743093e+20,0.000000
10,-2,49,2.2736418e+20,0.000000
5,-4,-43,2.2728184e+20,0.000000
8,6,-15,2.2701917e+20,0.000000
5,3,-52,2.2564069e+20,0.000000
8,-4,-27,2.2035669e+20,0.000000
9,2,-30,2.2002134e+20,0.000000
6,-6,-35,2.1874583e+20,0.000000
8,-3,-31,2.1786288e+20,0.000000
8,1,-45,2.1716903e+20,0.000000
7,-1,-53,2.1642873e+20,0.000000
7,-3,-42,2.1283664e+20,0.000000
7,-4,-34,2.0952918e+20,0.000000
9,-5,-18,2.0755445e+20,0.000000
7,2,-48,2.0527103e+20,0.000000
7,6,-7,2.0406801e+20,0.000000
7,-5,-28,2.0399043e+20,0.000000
9,4,-8,2.0379225e+20,0.000000
6,-5,-36,2.0313724e+20,0.000000
8,-3,-3,2.016995e+20,0.000000
9,0,-39,1.9890167e+20,0.000000
9,0,39,1.9890167e+20,0.000000
9,3,-26,1.9541404e+20,0.000000
9,4,-18,1.9483369e+20,0.000000
6,-3,-42,1.9448471e+20,0.000000
5,-5,-46,1.9419083e+20,0.000000
7,5,-24,1.9348633e+20,0.000000
9,-1,47,1.9282165e+20,0.000000
7,-1,-54,1.9269976e+20,0.000000
10,2,-25,1.913046e+20,0.000000
10,4,-8,1.9124813e+20,0.000000
8,-6,-24,1.9048257e+20,0.000000
7,-2,-46,1.899415e+20,0.000000
6,3,-46,1.879152e+20,0.000000
8,4,-32,1.8784044e+20,0.000000
8,5,-15,1.8737122e+20,0.000000
5,5,-31,1.8660489e+20,0.000000
10,-2,-6,1.8589384e+20,0.000000
10,2,-1,1.8510696e+20,0.000000
7,6,-14,1.8491615e+20,0.000000
9,-1,-40,1.8484898e+20,0.000000
8,3,-34,1.8257083e+20,0.000000
6,6,-24,1.8156605e+20,0.000000
9,-2,-19,1.8091969e+20,0.000000
7,-1,-55,1.8067706e+20,0.000000
8,-2,-36,1.7911781e+20,0.000000
10,2,50,1.7780613e+20,0.000000
8,-1,-45,1.767656e+20,0.000000
10,4,-13,1.7557006e+20,0.000000
9,-2,48,1.749388e+20,0.000000
4,4,-41,1.7483623e+20,0.000000
10,0,-32,1.7326329e+20,0.000000
10,0,32,1.7326329e+20,0.000000
9,-2,-7,1.6954127e+20,0.000000
7,-7,-21,1.691037e+20,0.000000
10,-1,35,1.6897477e+20,0.000000
7,4,-32,1.6393738e+20,0.000000
8,6,-16,1.6260565e+20,0.000000
8,-3,-32,1.6244608e+20,0.000000
6,5,-24,1.6198042e+20,0.000000
7,-6,-7,1.6191491e+20,0.000000
10,-2,50,1.6145093e+20,0.000000
9,5,-19,1.6122872e+20,0.000000
9,4,-11,1.6014636e+20,0.000000
5,3,-53,1.5970822e+20,0.000000
9,1,-38,1.5873247e+20,0.000000
9,0,-40,1.586202e+20,0.000000
9,0,40,1.586202e+20,0.000000
7,2,-49,1.5731557e+20,0.000000
10,3,-12,1.5523152e+20,0.000000
9,-5,-45,1.5449948e+20,0.000000
9,4,-19,1.5431614e+20,0.000000
6,-3,-4,1.5293793e+20,0.000000
10,3,-11,1.527757e+20,0.000000
7,-6,-25,1.5247259e+20,0.000000
10,-1,-16,1.5210554e+20,0.000000
7,7,-11,1.520308e+20,0.000000
7,-2,-47,1.5076349e+20,0.000000
6,-1,-45,1.4969912e+20,0.000000
9,-2,-10,1.496284e+20,0.000000
7,-5,-6,1.4850488e+20,0.000000
9,1,45,1.4608399e+20,0.000000
7,3,-45,1.4587979e+20,0.000000
9,-2,-5,1.4490708e+20,0.000000
10,1,7,1.4176552e+20,0.000000
10,3,-13,1.4167832e+20,0.000000
8,-4,-28,1.4041586e+20,0.000000
4,3,-51,1.403052e+20,0.000000
7,-3,-43,1.3989169e+20,0.000000
10,1,6,1.394537e+20,0.000000
8,0,-30,1.3919502e+20,0.000000
8,0,30,1.3919502e+20,0.000000
10,2,-26,1.3886599e+20,0.000000
10,-2,-14,1.3882066e+20,0.000000
9,-2,-20,1.3516545e+20,0.000000
9,-5,-19,1.3465483e+20,0.000000
6,-5,-37,1.3358293e+20,0.000000
5,4,-36,1.3217595e+20,0.000000
8,1,-46,1.3156777e+20,0.000000
6,4,-39,1.3100736e+20,0.000000
8,6,-10,1.3048518e+20,0.000000
8,-5,-19,1.3044922e+20,0.000000
9,2,-31,1.3005937e+20,0.000000
10,3,-10,1.2880802e+20,0.000000
10,2,51,1.2816809e+20,0.000000
8,3,-35,1.2777904e+20,0.000000
9,-1,-41,1.2755996e+20,0.000000
10,1,8,1.2526891e+20,0.000000
6,-6,-36,1.2514336e+20,0.000000
9,0,-41,1.2475395e+20,0.000000
9,0,41,1.2475395e+20,0.000000
7,6,-15,1.2336653e+20,0.000000
8,-6,-25,1.228768e+20,0.000000
6,-3,-43,1.2281198e+20,0.000000
7,-4,-35,1.2221697e+20,0.000000
10,-2,-19,1.218983e+20,0.000000
10,-2,-20,1.198523e+20,0.000000
8,-3,-33,1.1963101e+20,0.000000
7,2,-50,1.1948228e+20,0.000000
9,4,-4,1.1922434e+20,0.000000
10,3,-14,1.1920998e+20,0.000000
6,-4,-45,1.186688e+20,0.000000
7,-2,-48,1.1836958e+20,0.000000
9,4,-20,1.1827361e+20,0.000000
5,-5,-47,1.177234e+20,0.000000
4,4,-42,1.1705653e+20,0.000000
8,-1,-48,1.1690805e+20,0.000000
5,3,-54,1.1613156e+20,0.000000
9,8,-8,1.1533924e+20,0.000000
9,-5,-8,1.1515479e+20,0.000000
9,-1,48,1.1481758e+20,0.000000
8,5,-16,1.1470179e+20,0.000000
10,-2,51,1.1462877e+20,0.000000
6,3,-47,1.142985e+20,0.000000
9,-2,49,1.1349614e+20,0.000000
9,-3,-25,1.1246942e+20,0.000000
10,-2,-18,1.1228192e+20,0.000000
8,6,-17,1.1218147e+20,0.000000
8,4,-33,1.1192808e+20,0.000000
9,1,-39,1.1005783e+20,0.000000
10,-1,-4,1.0973502e+20,0.000000
5,5,-32,1.0948406e+20,0.000000
10,-2,-21,1.0914249e+20,0.000000
10,1,5,1.086044e+20,0.000000
8,-1,-46,1.0794056e+20,0.000000
10,-5,-4,1.0645226e+20,0.000000
10,-1,36,1.0635924e+20,0.000000
5,-4,-44,1.0521757e+20,0.000000
10,-1,-6,1.0426295e+20,0.000000
7,-5,-29,1.0352559e+20,0.000000
6,5,-25,1.0234536e+20,0.000000
8,2,-40,1.0123431e+20,0.000000
8,0,-31,1.0094051e+20,0.000000
8,0,31,1.0094051e+20,0.000000
9,4,-9,1.000889e+20,0.000000
10,1,9,9.9086715e+19,0.000000
9,5,-20,9.8865825e+19,0.000000
10,2,-27,9.8417972e+19,0.000000
9,-2,-21,9.8170138e+19,0.000000
9,4,-10,9.7603581e+19,0.000000
9,0,-42,9.7007807e+19,0.000000
9,0,42,9.7007807e+19,0.000000
6,6,-25,9.5840972e+19,0.000000
7,-7,-22,9.4157762e+19,0.000000
7,-6,-26,9.3997283e+19,0.000000
10,3,-15,9.3899445e+19,0.000000
10,-2,-22,9.3644082e+19,0.000000
7,4,-33,9.2982257e+19,0.000000
10,4,-14,9.2800919e+19,0.000000
10,2,52,9.237514e+19,0.000000
8,0,-32,9.2291782e+19,0.000000
8,0,32,9.2291782e+19,0.000000
7,-2,-49,9.20558e+19,0.000000
10,-2,-17,9.1793784e+19,0.000000
10,0,-33,9.1660658e+19,0.000000
10,0,33,9.1660658e+19,0.000000
7,3,-46,9.1555421e+19,0.000000
8,-2,-37,9.1416171e+19,0.000000
7,-3,-44,9.0962038e+19,0.000000
8,0,-33,9.0226052e+19,0.000000
8,0,33,9.0226052e+19,0.000000
7,2,-51,8.9969102e+19,0.000000
8,-4,-29,8.8992192e+19,0.000000
8,3,-36,8.8842915e+19,0.000000
9,4,-21,8.8103745e+19,0.000000
6,-5,-38,8.7723425e+19,0.000000
9,-1,-42,8.7539155e+19,0.000000
8,-3,-34,8.7226816e+19,0.000000
8,0,-34,8.6648624e+19,0.000000
8,0,34,8.6648624e+19,0.000000
5,3,-55,8.5889236e+19,0.000000
4,3,-52,8.5699731e+19,0.000000
9,-5,-20,8.5248176e+19,0.000000
4,4,-43,8.5117905e+19,0.000000
10,-1,-17,8.4946671e+19,0.000000
10,3,-9,8.4392818e+19,0.000000
9,-2,-8,8.3881108e+19,0.000000
9,1,46,8.2346866e+19,0.000000
10,-2,52,8.1403955e+19,0.000000
9,3,-27,8.1198335e+19,0.000000
7,6,-16,8.0187833e+19,0.000000
8,0,-35,7.9873418e+19,0.000000
8,0,35,7.9873418e+19,0.000000
7,5,-25,7.9317679e+19,0.000000
8,-6,-26,7.8794327e+19,0.000000
8,1,-47,7.8419236e+19,0.000000
9,-2,-9,7.8334486e+19,0.000000
6,-3,-44,7.7280189e+19,0.000000
6,-1,-46,7.7212438e+19,0.000000
10,-2,-23,7.6617918e+19,0.000000
9,1,-40,7.5725137e+19,0.000000
9,-1,49,7.5723978e+19,0.000000
9,2,-32,7.5537983e+19,0.000000
8,6,-18,7.5348425e+19,0.000000
9,0,-43,7.4664324e+19,0.000000
9,0,43,7.4664324e+19,0.000000
8,-1,-2,7.3882013e+19,0.000000
9,-2,50,7.3577806e+19,0.000000
5,-5,-48,7.2753804e+19,0.000000
7,7,-12,7.2369592e+19,0.000000
7,-5,-30,7.2267521e+19,0.000000
6,-6,-37,7.1955935e+19,0.000000
8,-5,-20,7.1873089e+19,0.000000
10,1,10,7.1041244e+19,0.000000
7,-2,-50,7.0941042e+19,0.000000
10,-2,-15,7.0757558e+19,0.000000
7,-4,-36,7.0719266e+19,0.000000
8,0,-36,7.0697851e+19,0.000000
8,0,36,7.0697851e+19,0.000000
10,3,-16,6.9893912e+19,0.000000
10,-2,-16,6.986267e+19,0.000000
9,-2,-22,6.9547887e+19,0.000000
6,3,-48,6.9513505e+19,0.000000
10,2,-28,6.8463754e+19,0.000000
8,5,-17,6.7973338e+19,0.000000
7,2,-52,6.7196867e+19,0.000000
6,4,-40,6.667426e+19,0.000000
4,4,-44,6.6400917e+19,0.000000
10,2,53,6.6399737e+19,0.000000
8,4,-34,6.6062226e+19,0.000000
10,-1,37,6.5755567e+19,0.000000
7,3,-4,6.5159074e+19,0.000000
8,-1,-47,6.4838463e+19,0.000000
5,4,-37,6.4753181e+19,0.000000
6,5,-26,6.455131e+19,0.000000
5,5,-33,6.4311306e+19,0.000000
9,4,-22,6.4015135e+19,0.000000
6,-4,-46,6.3683932e+19,0.000000
10,4,-7,6.3222158e+19,0.000000
8,-3,-35,6.3003333e+19,0.000000
10,1,2,6.2022884e+19,0.000000
7,-5,-31,6.1854358e+19,0.000000
8,3,-37,6.1357266e+19,0.000000
10,-8,-8,6.1311669e+19,0.000000
8,0,-37,6.0405083e+19,0.000000
8,0,37,6.0405083e+19,0.000000
10,-2,-24,6.0334871e+19,0.000000
9,-1,-43,5.9530493e+19,0.000000
9,5,-21,5.9351674e+19,0.000000
7,-3,-45,5.907653e+19,0.000000
7,-6,-27,5.7820146e+19,0.000000
10,-2,53,5.7769642e+19,0.000000
7,3,-47,5.7686914e+19,0.000000
6,-5,-39,5.7554329e+19,0.000000
9,-1,50,5.7096968e+19,0.000000
9,0,-44,5.6999855e+19,0.000000
9,0,44,5.6999855e+19,0.000000
9,-3,-5,5.6828745e+19,0.000000
7,-5,-32,5.6661334e+19,0.000000
8,-4,-30,5.6001468e+19,0.000000
4,4,-45,5.4626204e+19,0.000000
7,-2,-51,5.4139807e+19,0.000000
4,3,-53,5.3355104e+19,0.000000
9,-5,-21,5.2854144e+19,0.000000
9,-5,-9,5.25459e+19,0.000000
7,4,-34,5.2436701e+19,0.000000
9,1,-41,5.1894923e+19,0.000000
7,-7,-23,5.1813017e+19,0.000000
7,6,-17,5.1132445e+19,0.000000
5,-4,-45,5.1020465e+19,0.000000
6,6,-26,5.0605455e+19,0.000000
9,1,47,5.0519586e+19,0.000000
8,-6,-27,5.0368416e+19,0.000000
9,-3,-26,5.024411e+19,0.000000
8,0,-38,5.0132489e+19,0.000000
8,0,38,5.0132489e+19,0.000000
7,-5,-33,4.9989838e+19,0.000000
7,2,-53,4.9757841e+19,0.000000
8,6,-19,4.9576702e+19,0.000000
10,3,-17,4.9450924e+19,0.000000
8,-6,-53,4.9285902e+19,0.000000
9,-1,51,4.896251e+19,0.000000
6,-3,-45,4.8462024e+19,0.000000
9,-2,-23,4.8187792e+19,0.000000
10,6,-6,4.8049905e+19,0.000000
10,1,4,4.7884896e+19,0.000000
10,2,54,4.775407e+19,0.000000
9,-2,51,4.7716559e+19,0.000000
8,-8,-9,4.7548579e+19,0.000000
10,0,-34,4.7461476e+19,0.000000
10,0,34,4.7461476e+19,0.000000
10,2,-29,4.6704419e+19,0.000000
10,1,11,4.6655564e+19,0.000000
4,4,-46,4.6565282e+19,0.000000
5,-5,-49,4.6079596e+19,0.000000
10,-2,-25,4.6004341e+19,0.000000
9,-1,52,4.5995831e+19,0.000000
9,-1,53,4.588289e+19,0.000000
8,1,-48,4.5821044e+19,0.000000
9,4,-23,4.5509361e+19,0.000000
10,8,-8,4.5249312e+19,0.000000
8,-3,-36,4.5174093e+19,0.000000
9,-1,54,4.4826178e+19,0.000000
8,-2,-38,4.4659334e+19,0.000000
8,2,-3,4.447196e+19,0.000000
9,-1,55,4.4366719e+19,0.000000
10,4,-15,4.4340895e+19,0.000000
10,-1,-18,4.4093553e+19,0.000000
10,-1,-5,4.4081861e+19,0.000000
9,0,-45,4.320826e+19,0.000000
9,0,45,4.320826e+19,0.000000
7,-5,-34,4.3194728e+19,0.000000
9,2,-33,4.3093709e+19,0.000000
6,3,-49,4.2420177e+19,0.000000
8,3,-38,4.2169845e+19,0.000000
10,-4,-10,4.1475233e+19,0.000000
6,-6,-38,4.1222261e+19,0.000000
9,-1,-44,4.102978e+19,0.000000
7,-2,-52,4.099357e+19,0.000000
10,-2,54,4.0956878e+19,0.000000
6,5,-27,4.0643864e+19,0.000000
8,0,-39,4.0634884e+19,0.000000
8,0,39,4.0634884e+19,0.000000
4,4,-47,4.0593472e+19,0.000000
7,-4,-37,4.050444e+19,0.000000
10,-4,-11,4.0105156e+19,0.000000
10,-1,38,3.9940984e+19,0.000000
7,7,-13,3.9676462e+19,0.000000
6,-1,-47,3.9269054e+19,0.000000
8,4,-35,3.9060795e+19,0.000000
8,5,-18,3.9018965e+19,0.000000
9,3,-3,3.8788519e+19,0.000000
8,2,-41,3.8405233e+19,0.000000
8,-5,-21,3.8260345e+19,0.000000
7,-3,-46,3.8019562e+19,0.000000
5,5,-34,3.7810411e+19,0.000000
6,-5,-40,3.7702469e+19,0.000000
8,-6,-41,3.7597448e+19,0.000000
7,2,-54,3.6524721e+19,0.000000
6,-4,-47,3.6167124e+19,0.000000
7,3,-48,3.6058353e+19,0.000000
4,4,-48,3.5859705e+19,0.000000
7,-6,-28,3.5513385e+19,0.000000
7,-5,-35,3.5325222e+19,0.000000
9,1,-42,3.5229991e+19,0.000000
8,-4,-31,3.5125079e+19,0.000000
9,5,-22,3.4935444e+19,0.000000
10,2,55,3.4332734e+19,0.000000
10,-2,-26,3.4167459e+19,0.000000
4,3,-54,3.402944e+19,0.000000
9,3,-28,3.3876874e+19,0.000000
6,4,-41,3.3697399e+19,0.000000
10,3,-8,3.3670302e+19,0.000000
10,3,-18,3.3372773e+19,0.000000
9,-2,-24,3.2720891e+19,0.000000
9,0,-46,3.2562055e+19,0.000000
9,0,46,3.2562055e+19,0.000000
8,0,-40,3.2300903e+19,0.000000
8,0,40,3.2300903e+19,0.000000
9,-5,-22,3.2180717e+19,0.000000
8,-3,-37,3.2143907e+19,0.000000
7,6,-18,3.2115122e+19,0.000000
8,6,-20,3.2074369e+19,0.000000
8,-6,-28,3.2022163e+19,0.000000
4,4,-49,3.1906585e+19,0.000000
9,4,-24,3.1737808e+19,0.000000
5,-4,-46,3.153801e+19,0.000000
5,-5,-50,3.1510849e+19,0.000000
10,2,-30,3.1458549e+19,0.000000
7,5,-26,3.1235337e+19,0.000000
5,4,-38,3.1160034e+19,0.000000
9,-2,52,3.098969e+19,0.000000
7,-2,-53,3.076824e+19,0.000000
6,-4,-54,3.0758839e+19,0.000000
10,-4,-12,3.0714721e+19,0.000000
6,-3,-46,3.0301614e+19,0.000000
7,4,-35,2.9361968e+19,0.000000
10,-2,55,2.9055758e+19,0.000000
8,3,-39,2.8830601e+19,0.000000
10,1,12,2.8737543e+19,0.000000
10,-4,-9,2.8517184e+19,0.000000
4,4,-50,2.8493247e+19,0.000000
7,-5,-36,2.846872e+19,0.000000
7,-7,-24,2.819816e+19,0.000000
9,-1,-45,2.7115742e+19,0.000000
6,6,-27,2.6727519e+19,0.000000
5,-4,-54,2.6625725e+19,0.000000
7,2,-55,2.6571636e+19,0.000000
5,-4,-55,2.6531178e+19,0.000000
8,1,-49,2.6176935e+19,0.000000
6,3,-50,2.6115936e+19,0.000000
10,-2,-1,2.5596176e+19,0.000000
6,5,-28,2.5547041e+19,0.000000
4,4,-51,2.5481251e+19,0.000000
8,0,-41,2.5283247e+19,0.000000
8,0,41,2.5283247e+19,0.000000
10,-2,-27,2.4775682e+19,0.000000
6,-5,-41,2.4658553e+19,0.000000
5,-4,-47,2.460946e+19,0.000000
7,-3,-47,2.4536817e+19,0.000000
9,0,-47,2.4421294e+19,0.000000
9,0,47,2.4421294e+19,0.000000
10,0,-35,2.4339829e+19,0.000000
10,0,35,2.4339829e+19,0.000000
9,2,-34,2.4077769e+19,0.000000
10,-1,39,2.3893458e+19,0.000000
6,-6,-41,2.3819523e+19,0.000000
6,-6,-39,2.3788279e+19,0.000000
9,1,-43,2.3762636e+19,0.000000
5,-4,-53,2.3474645e+19,0.000000
7,-4,-38,2.2961149e+19,0.000000
7,-2,-54,2.2886925e+19,0.000000
7,7,-14,2.287861e+19,0.000000
8,4,-36,2.2798561e+19,0.000000
4,4,-52,2.2789107e+19,0.000000
8,-3,-38,2.2744847e+19,0.000000
7,3,-49,2.2718341e+19,0.000000
6,-4,-48,2.2665179e+19,0.000000
7,-5,-37,2.2595503e+19,0.000000
5,-4,-52,2.2447535e+19,0.000000
4,3,-55,2.2413008e+19,0.000000
5,-4,-48,2.2385344e+19,0.000000
5,5,-35,2.223547e+19,0.000000
5,-4,-50,2.2208731e+19,0.000000
10,-1,-19,2.2130984e+19,0.000000
8,-1,-49,2.1965158e+19,0.000000
8,-4,-32,2.1854895e+19,0.000000
5,-4,-51,2.1822352e+19,0.000000
9,-2,-25,2.1810579e+19,0.000000
7,-6,-29,2.1776452e+19,0.000000
9,4,-25,2.1766457e+19,0.000000
5,-4,-49,2.1694037e+19,0.000000
8,5,-19,2.1691409e+19,0.000000
6,-4,-50,2.1567864e+19,0.000000
10,3,-19,2.1522521e+19,0.000000
9,-3,-27,2.1388841e+19,0.000000
10,2,-31,2.0804849e+19,0.000000
6,-1,-48,2.0728926e+19,0.000000
8,-2,-39,2.0629713e+19,0.000000
8,6,-21,2.0456043e+19,0.000000
7,-1,-1,2.0372872e+19,0.000000
4,4,-53,2.0368518e+19,0.000000
8,-6,-29,2.0359148e+19,0.000000
6,-6,-53,2.0357678e+19,0.000000
9,5,-23,2.0179343e+19,0.000000
9,-2,53,2.0177847e+19,0.000000
10,-4,-13,1.9926006e+19,0.000000
7,6,-19,1.9916179e+19,0.000000
5,-5,-51,1.9791937e+19,0.000000
8,-5,-22,1.9683246e+19,0.000000
8,3,-40,1.9636021e+19,0.000000
10,4,-16,1.9536886e+19,0.000000
8,0,-42,1.9528676e+19,0.000000
8,0,42,1.9528676e+19,0.000000
9,-5,-23,1.9271418e+19,0.000000
9,1,49,1.9106108e+19,0.000000
6,-3,-47,1.8912934e+19,0.000000
9,0,-48,1.8241063e+19,0.000000
9,0,48,1.8241063e+19,0.000000
4,4,-54,1.8208484e+19,0.000000
9,-1,-46,1.8149601e+19,0.000000
6,-4,-55,1.802214e+19,0.000000
10,1,13,1.7741009e+19,0.000000
10,-3,-2,1.769491e+19,0.000000
10,-2,-28,1.7632854e+19,0.000000
10,-6,-53,1.7096712e+19,0.000000
10,3,-6,1.6915791e+19,0.000000
7,-2,-55,1.6868602e+19,0.000000
7,-5,-38,1.6795116e+19,0.000000
6,4,-42,1.6789209e+19,0.000000
6,-4,-49,1.6510449e+19,0.000000
8,6,-7,1.6383826e+19,0.000000
6,3,-51,1.6350038e+19,0.000000
9,3,-29,1.6349606e+19,0.000000
7,4,-36,1.6319723e+19,0.000000
4,4,-55,1.6209645e+19,0.000000
8,-3,-39,1.6120295e+19,0.000000
6,-5,-42,1.6104426e+19,0.000000
6,5,-29,1.6036559e+19,0.000000
9,1,-44,1.5987449e+19,0.000000
7,-3,-48,1.5784868e+19,0.000000
10,1,19,1.5734564e+19,0.000000
9,-7,-14,1.5393214e+19,0.000000
10,1,20,1.5380432e+19,0.000000
6,-6,-40,1.5380303e+19,0.000000
9,-7,-13,1.5317565e+19,0.000000
10,1,18,1.5216322e+19,0.000000
7,-7,-25,1.5201129e+19,0.000000
8,8,-9,1.5068449e+19,0.000000
7,-3,-49,1.5043015e+19,0.000000
10,1,3,1.4963519e+19,0.000000
8,0,-43,1.4931585e+19,0.000000
8,0,43,1.4931585e+19,0.000000
9,4,-26,1.4707396e+19,0.000000
5,4,-39,1.4673572e+19,0.000000
7,3,-50,1.4645692e+19,0.000000
8,1,-50,1.4530231e+19,0.000000
9,1,50,1.4454067e+19,0.000000
10,1,21,1.4287643e+19,0.000000
9,-2,-26,1.4286727e+19,0.000000
6,6,-28,1.4131122e+19,0.000000
10,-1,40,1.4128142e+19,0.000000
10,1,17,1.3920738e+19,0.000000
10,-1,-48,1.3864521e+19,0.000000
6,-4,-53,1.3715415e+19,0.000000
10,2,-32,1.3665132e+19,0.000000
5,-5,-52,1.3625679e+19,0.000000
8,2,-42,1.3619938e+19,0.000000
8,-4,-33,1.3583455e+19,0.000000
9,0,-49,1.3582543e+19,0.000000
9,0,49,1.3582543e+19,0.000000
8,4,-37,1.3383981e+19,0.000000
7,-6,-30,1.3343798e+19,0.000000
7,7,-15,1.3326655e+19,0.000000
8,3,-41,1.331016e+19,0.000000
10,3,-20,1.3271418e+19,0.000000
10,-10,-10,1.3257262e+19,0.000000
9,-7,-15,1.3248602e+19,0.000000
9,-2,54,1.3188826e+19,0.000000
9,2,-35,1.3165001e+19,0.000000
6,-4,-51,1.3121248e+19,0.000000
6,-4,-52,1.3117828e+19,0.000000
5,5,-36,1.3089571e+19,0.000000
8,2,-49,1.3012687e+19,0.000000
10,0,-36,1.2974673e+19,0.000000
10,0,36,1.2974673e+19,0.000000
8,6,-22,1.2882542e+19,0.000000
8,-6,-30,1.2846881e+19,0.000000
7,-4,-39,1.2824587e+19,0.000000
10,1,22,1.2692003e+19,0.000000
10,1,14,1.2557162e+19,0.000000
7,-5,-39,1.2478351e+19,0.000000
9,1,51,1.2440588e+19,0.000000
10,1,16,1.231656e+19,0.000000
10,-2,-29,1.2305083e+19,0.000000
8,-1,-50,1.2293708e+19,0.000000
10,-1,-20,1.2241221e+19,0.000000
7,6,-20,1.2214265e+19,0.000000
9,-1,-47,1.2055715e+19,0.000000
7,5,-27,1.2049431e+19,0.000000
9,1,55,1.195114e+19,0.000000
6,-1,-49,1.1815453e+19,0.000000
6,-3,-48,1.1809228e+19,0.000000
9,1,52,1.1737349e+19,0.000000
8,5,-20,1.1669742e+19,0.000000
9,1,53,1.1586405e+19,0.000000
9,1,54,1.1495522e+19,0.000000
9,5,-24,1.1453829e+19,0.000000
9,-7,-12,1.1419152e+19,0.000000
9,-5,-24,1.1370101e+19,0.000000
10,1,15,1.1367098e+19,0.000000
8,0,-44,1.1311597e+19,0.000000
8,0,44,1.1311597e+19,0.000000
10,-1,-25,1.1273592e+19,0.000000
10,-4,-14,1.1246969e+19,0.000000
8,-3,-40,1.1200342e+19,0.000000
10,-1,-24,1.1003586e+19,0.000000
10,-1,-26,1.0912706e+19,0.000000
9,3,-30,1.0889151e+19,0.000000
10,1,23,1.0842478e+19,0.000000
9,1,-45,1.068e+19,0.000000
10,2,-4,1.0636971e+19,0.000000
6,-5,-43,1.0616285e+19,0.000000
6,3,-52,1.0519452e+19,0.000000
9,-7,-16,1.0353445e+19,0.000000
9,-4,-15,1.0311041e+19,0.000000
10,-1,-23,1.0152373e+19,0.000000
9,-4,-16,1.0125858e+19,0.000000
9,0,-50,1.0094136e+19,0.000000
9,0,50,1.0094136e+19,0.000000
10,-1,-27,1.0057644e+19,0.000000
6,5,-30,1.0053882e+19,0.000000
5,-5,-53,9.8539741e+18,0.000000
9,4,-27,9.8126355e+18,0.000000
8,-5,-23,9.8039901e+18,0.000000
8,2,-48,9.7004731e+18,0.000000
9,3,-31,9.6638706e+18,0.000000
8,2,-50,9.6545915e+18,0.000000
10,-3,-12,9.6139782e+18,0.000000
9,-4,-14,9.5219696e+18,0.000000
10,-3,-13,9.492097e+18,0.000000
7,3,-51,9.413835e+18,0.000000
8,2,-47,9.3033935e+18,0.000000
9,-4,-17,9.245863e+18,0.000000
9,-2,-27,9.2054186e+18,0.000000
9,3,-32,9.1964642e+18,0.000000
10,-1,-22,9.1518983e+18,0.000000
9,-3,-28,9.1227641e+18,0.000000
10,-1,-21,9.1220214e+18,0.000000
7,-5,-40,9.0610077e+18,0.000000
8,3,-42,8.9912496e+18,0.000000
7,4,-37,8.9844867e+18,0.000000
10,1,24,8.949581e+18,0.000000
10,-1,-28,8.8925118e+18,0.000000
8,-2,-40,8.8228089e+18,0.000000
10,2,-33,8.7960938e+18,0.000000
10,-6,-41,8.7846698e+18,0.000000
9,3,-33,8.7823833e+18,0.000000
10,4,-17,8.7443341e+18,0.000000
9,-2,55,8.6709919e+18,0.000000
8,0,-45,8.5107332e+18,0.000000
8,0,45,8.5107332e+18,0.000000
10,-3,-11,8.4815172e+18,0.000000
10,-2,-30,8.4770074e+18,0.000000
10,-3,-14,8.4592881e+18,0.000000
6,-1,-50,8.3784144e+18,0.000000
8,-4,-34,8.3584954e+18,0.000000
6,4,-43,8.3384754e+18,0.000000
10,-1,41,8.3337022e+18,0.000000
8,2,-46,8.2160293e+18,0.000000
5,-5,-54,8.1801673e+18,0.000000
7,-6,-31,8.1627999e+18,0.000000
8,-6,-31,8.1519634e+18,0.000000
7,-7,-26,8.1056884e+18,0.000000
8,6,-23,8.0246659e+18,0.000000
9,-4,-18,7.9810676e+18,0.000000
8,-8,-14,7.9070426e+18,0.000000
8,2,-51,7.8783533e+18,0.000000
8,1,-51,7.8559595e+18,0.000000
9,3,-34,7.8264185e+18,0.000000
10,3,-21,7.8198365e+18,0.000000
8,-3,-41,7.7988389e+18,0.000000
10,0,-42,7.7642626e+18,0.000000
10,0,42,7.7642626e+18,0.000000
7,7,-16,7.7181484e+18,0.000000
8,4,-38,7.707154e+18,0.000000
10,0,-37,7.7049468e+18,0.000000
10,0,37,7.7049468e+18,0.000000
5,5,-37,7.6998634e+18,0.000000
9,-4,-13,7.6640715e+18,0.000000
10,-1,-29,7.5963104e+18,0.000000
9,-7,-17,7.5785735e+18,0.000000
6,-1,-54,7.5486359e+18,0.000000
6,6,-29,7.4777622e+18,0.000000
6,-1,-53,7.4714073e+18,0.000000
9,0,-51,7.4693871e+18,0.000000
9,0,51,7.4693871e+18,0.000000
6,-1,-55,7.4248733e+18,0.000000
7,6,-21,7.4160624e+18,0.000000
6,-3,-49,7.4068582e+18,0.000000
6,-1,-51,7.3623457e+18,0.000000
6,-1,-52,7.3021022e+18,0.000000
10,1,25,7.165307e+18,0.000000
7,-5,-42,7.1219615e+18,0.000000
9,1,-46,7.0806344e+18,0.000000
7,-4,-40,7.0609757e+18,0.000000
6,3,-53,7.0400708e+18,0.000000
9,2,-36,7.0127083e+18,0.000000
10,-3,-15,6.9547983e+18,0.000000
9,3,-35,6.8674837e+18,0.000000
8,-8,-15,6.8665486e+18,0.000000
6,-5,-44,6.8376558e+18,0.000000
8,2,-52,6.8008595e+18,0.000000
8,-8,-13,6.7720239e+18,0.000000
9,-1,-49,6.7428521e+18,0.000000
5,4,-40,6.7341688e+18,0.000000
8,-1,-51,6.7019488e+18,0.000000
7,-3,-50,6.6895134e+18,0.000000
10,-4,-8,6.6772249e+18,0.000000
7,-5,-41,6.6514574e+18,0.000000
6,-6,-42,6.631004e+18,0.000000
9,-5,-25,6.606836e+18,0.000000
5,-5,-55,6.5939844e+18,0.000000
9,-4,-19,6.5890066e+18,0.000000
8,2,-45,6.5453826e+18,0.000000
9,4,-28,6.4703077e+18,0.000000
9,5,-25,6.3858864e+18,0.000000
7,3,-52,6.370687e+18,0.000000
8,0,-46,6.3607072e+18,0.000000
8,0,46,6.3607072e+18,0.000000
10,-1,-30,6.3006342e+18,0.000000
6,5,-31,6.2984377e+18,0.000000
10,-3,-10,6.1138015e+18,0.000000
8,5,-21,6.0710675e+18,0.000000
8,3,-43,6.0491155e+18,0.000000
9,-2,-28,5.8361292e+18,0.000000
8,2,-53,5.7771983e+18,0.000000
10,-2,-31,5.7323559e+18,0.000000
10,2,-34,5.6601106e+18,0.000000
9,3,-36,5.6200653e+18,0.000000
10,1,26,5.5816298e+18,0.000000
8,2,-44,5.569328e+18,0.000000
7,-5,-46,5.5674577e+18,0.000000
8,2,-43,5.565725e+18,0.000000
10,-4,-15,5.56118e+18,0.000000
9,0,-52,5.5210439e+18,0.000000
9,0,52,5.5210439e+18,0.000000
10,3,-7,5.5183928e+18,0.000000
10,0,-38,5.4186236e+18,0.000000
10,0,38,5.4186236e+18,0.000000
8,-3,-42,5.4084498e+18,0.000000
9,-7,-40,5.3768607e+18,0.000000
10,-3,-16,5.3498217e+18,0.000000
9,-7,-18,5.2938721e+18,0.000000
9,-4,-20,5.2467673e+18,0.000000
7,-6,-8,5.170234e+18,0.000000
8,-4,-35,5.1494843e+18,0.000000
8,-8,-16,5.1316102e+18,0.000000
10,4,-18,5.1299565e+18,0.000000
8,-6,-32,5.0994712e+18,0.000000
10,-1,-31,5.0994379e+18,0.000000
8,-6,-42,5.0728501e+18,0.000000
10,4,-21,5.0331877e+18,0.000000
9,-4,-12,5.0322131e+18,0.000000
7,-6,-32,4.9925141e+18,0.000000
10,-1,42,4.9691197e+18,0.000000
8,6,-24,4.9485973e+18,0.000000
6,3,-54,4.9478524e+18,0.000000
7,4,-38,4.8960319e+18,0.000000
10,4,-22,4.8881603e+18,0.000000
7,5,-28,4.8650864e+18,0.000000
10,4,-20,4.8309423e+18,0.000000
8,2,-54,4.8181845e+18,0.000000
8,-5,-24,4.7609255e+18,0.000000
9,0,-1,4.7502967e+18,0.000000
9,0,1,4.7502967e+18,0.000000
8,0,-47,4.7302402e+18,0.000000
8,0,47,4.7302402e+18,0.000000
6,-3,-50,4.6906422e+18,0.000000
9,1,-47,4.6469528e+18,0.000000
9,3,-37,4.6146291e+18,0.000000
6,-5,-45,4.5793284e+18,0.000000
10,4,-19,4.5496895e+18,0.000000
10,0,-39,4.5382959e+18,0.000000
10,0,39,4.5382959e+18,0.000000
5,5,-38,4.5333533e+18,0.000000
9,-3,-29,4.5029751e+18,0.000000
8,4,-39,4.4736839e+18,0.000000
7,6,-22,4.4619432e+18,0.000000
7,-3,-51,4.4258899e+18,0.000000
10,4,-23,4.4257484e+18,0.000000
7,7,-17,4.4191651e+18,0.000000
10,3,-22,4.396163e+18,0.000000
7,3,-53,4.3675824e+18,0.000000
7,-7,-27,4.286232e+18,0.000000
10,1,27,4.2409629e+18,0.000000
9,4,-29,4.2268668e+18,0.000000
10,-8,-39,4.2214118e+18,0.000000
10,-8,-42,4.1991528e+18,0.000000
8,1,-52,4.1814362e+18,0.000000
6,4,-44,4.0949065e+18,0.000000
9,0,-53,4.0721128e+18,0.000000
9,0,53,4.0721128e+18,0.000000
10,0,-40,4.0719746e+18,0.000000
10,0,40,4.0719746e+18,0.000000
9,-4,-21,4.0554342e+18,0.000000
8,3,-44,4.0543621e+18,0.000000
10,-1,-32,4.038098e+18,0.000000
9,-7,-11,4.0203158e+18,0.000000
6,6,-30,3.9649796e+18,0.000000
6,5,-32,3.9428511e+18,0.000000
8,2,-55,3.923489e+18,0.000000
10,-3,-17,3.8865922e+18,0.000000
10,7,-7,3.87432e+18,0.000000
10,-2,-32,3.8485405e+18,0.000000
10,0,-41,3.8174009e+18,0.000000
10,0,41,3.8174009e+18,0.000000
7,-4,-41,3.815141e+18,0.000000
9,-5,-26,3.788246e+18,0.000000
10,4,-24,3.7813358e+18,0.000000
6,3,-55,3.7741451e+18,0.000000
8,-3,-43,3.7329734e+18,0.000000
8,-8,-39,3.6589617e+18,0.000000
9,-2,-29,3.6420693e+18,0.000000
9,2,-37,3.6361602e+18,0.000000
10,-6,-6,3.6088912e+18,0.000000
8,-1,-52,3.5989276e+18,0.000000
9,3,-38,3.5772677e+18,0.000000
9,-7,-19,3.5716621e+18,0.000000
7,-5,-43,3.5502685e+18,0.000000
10,2,-35,3.5498377e+18,0.000000
8,-8,-17,3.51781e+18,0.000000
9,-4,-8,3.5100923e+18,0.000000
9,5,-26,3.5047127e+18,0.000000
8,0,-48,3.4990033e+18,0.000000
8,0,48,3.4990033e+18,0.000000
8,-2,-2,3.4870764e+18,0.000000
6,-6,-43,3.4854144e+18,0.000000
8,-2,-41,3.4191194e+18,0.000000
9,-1,-50,3.3916478e+18,0.000000
8,-6,-33,3.2426586e+18,0.000000
7,3,-54,3.2425747e+18,0.000000
7,-3,-52,3.2323285e+18,0.000000
8,-6,-7,3.2140566e+18,0.000000
10,0,-43,3.1846855e+18,0.000000
10,0,43,3.1846855e+18,0.000000
8,-4,-36,3.1821325e+18,0.000000
9,1,-48,3.1693223e+18,0.000000
10,-3,-9,3.1526713e+18,0.000000
10,1,28,3.1490027e+18,0.000000
10,1,-10,3.1433441e+18,0.000000
10,-1,-33,3.1402631e+18,0.000000
10,1,-9,3.103232e+18,0.000000
9,-3,-30,3.0950868e+18,0.000000
10,4,-25,3.076164e+18,0.000000
8,-2,-49,3.0676057e+18,0.000000
10,-1,43,3.0655079e+18,0.000000
9,-4,-22,3.0574874e+18,0.000000
8,5,-22,3.0536736e+18,0.000000
7,-6,-33,3.0473314e+18,0.000000
9,0,-54,3.0320376e+18,0.000000
9,0,54,3.0320376e+18,0.000000
6,-3,-51,3.0273621e+18,0.000000
8,6,-25,3.0268843e+18,0.000000
5,4,-41,3.0003607e+18,0.000000
8,-8,-35,2.9903131e+18,0.000000
7,3,-55,2.9382904e+18,0.000000
6,-5,-46,2.8777319e+18,0.000000
9,-3,-31,2.855005e+18,0.000000
10,0,-44,2.8277879e+18,0.000000
10,0,44,2.8277879e+18,0.000000
10,1,-11,2.8226524e+18,0.000000
9,-3,-32,2.8221362e+18,0.000000
9,3,-39,2.7972017e+18,0.000000
9,-3,-33,2.7915781e+18,0.000000
9,1,-49,2.7715088e+18,0.000000
9,4,-30,2.7350378e+18,0.000000
8,3,-45,2.7168516e+18,0.000000
10,-3,-18,2.6832548e+18,0.000000
5,5,-39,2.6636123e+18,0.000000
7,6,-23,2.6624084e+18,0.000000
6,-6,-45,2.6602612e+18,0.000000
9,-4,-7,2.65951e+18,0.000000
7,4,-39,2.6331883e+18,0.000000
10,1,-8,2.5903848e+18,0.000000
8,-8,-12,2.590077e+18,0.000000
8,0,-49,2.5765053e+18,0.000000
8,0,49,2.5765053e+18,0.000000
9,-3,-34,2.5715276e+18,0.000000
8,-3,-44,2.564767e+18,0.000000
8,4,-40,2.5434066e+18,0.000000
10,-2,-33,2.5311494e+18,0.000000
7,7,-18,2.4971481e+18,0.000000
7,-3,-4,2.4871644e+18,0.000000
7,-7,-40,2.4810293e+18,0.000000
6,5,-33,2.4677484e+18,0.000000
8,-6,-40,2.460171e+18,0.000000
9,-4,-11,2.4576193e+18,0.000000
10,0,-45,2.4511738e+18,0.000000
10,0,45,2.4511738e+18,0.000000
10,-4,-16,2.4152245e+18,0.000000
10,4,-26,2.4115976e+18,0.000000
10,-1,-34,2.4012083e+18,0.000000
7,5,-29,2.3737018e+18,0.000000
10,3,-23,2.3529188e+18,0.000000
9,-7,-20,2.3466409e+18,0.000000
9,-3,-35,2.3299134e+18,0.000000
10,-2,-49,2.3190269e+18,0.000000
10,1,-12,2.3032371e+18,0.000000
8,-5,-25,2.3024628e+18,0.000000
10,1,29,2.2885303e+18,0.000000
8,-8,-18,2.287707e+18,0.000000
8,1,-53,2.2764097e+18,0.000000
9,-4,-23,2.2570965e+18,0.000000
7,-5,-44,2.2549775e+18,0.000000
10,2,-36,2.2444251e+18,0.000000
9,-2,-30,2.2362265e+18,0.000000
7,-7,-28,2.2353506e+18,0.000000
7,-3,-53,2.2164088e+18,0.000000
9,0,-55,2.198649e+18,0.000000
9,0,55,2.198649e+18,0.000000
9,-3,-36,2.1796084e+18,0.000000
9,-5,-27,2.1355031e+18,0.000000
6,6,-31,2.1049454e+18,0.000000
9,3,-40,2.1000196e+18,0.000000
9,-1,-51,2.0985508e+18,0.000000
10,0,-46,2.0964463e+18,0.000000
10,0,46,2.0964463e+18,0.000000
6,4,-45,2.0462633e+18,0.000000
7,-4,-42,2.0250809e+18,0.000000
6,-3,-52,2.0113375e+18,0.000000
10,-1,44,2.0088602e+18,0.000000
10,-4,-7,2.008476e+18,0.000000
8,-6,-34,2.0035467e+18,0.000000
8,-1,-53,1.9842933e+18,0.000000
6,-6,-47,1.9726926e+18,0.000000
10,1,1,1.9554323e+18,0.000000
7,-3,-54,1.9314558e+18,0.000000
8,-4,-37,1.9121379e+18,0.000000
6,-5,-47,1.9011479e+18,0.000000
8,0,-50,1.888293e+18,0.000000
8,0,50,1.888293e+18,0.000000
9,5,-27,1.8869283e+18,0.000000
9,-4,-9,1.8790859e+18,0.000000
7,-6,-34,1.8602916e+18,0.000000
10,0,-47,1.8407498e+18,0.000000
10,0,47,1.8407498e+18,0.000000
8,6,-26,1.8363512e+18,0.000000
9,2,-38,1.8285568e+18,0.000000
10,4,-27,1.8255338e+18,0.000000
10,-1,-35,1.8111827e+18,0.000000
8,3,-46,1.7978022e+18,0.000000
8,-8,-42,1.7883371e+18,0.000000
10,-3,-19,1.7671679e+18,0.000000
9,4,-31,1.7572666e+18,0.000000
8,-3,-45,1.7547274e+18,0.000000
6,-6,-44,1.736548e+18,0.000000
10,1,-13,1.7305606e+18,0.000000
9,-7,-50,1.7079815e+18,0.000000
9,-2,-4,1.6767088e+18,0.000000
10,-2,-34,1.6634405e+18,0.000000
9,-3,-37,1.6613666e+18,0.000000
10,1,-7,1.6517238e+18,0.000000
9,-4,-24,1.6363733e+18,0.000000
10,1,30,1.6296077e+18,0.000000
10,-6,-42,1.6199068e+18,0.000000
9,3,-41,1.5891332e+18,0.000000
7,6,-24,1.5769233e+18,0.000000
5,5,-40,1.5654271e+18,0.000000
7,5,-30,1.5605542e+18,0.000000
6,5,-34,1.5438586e+18,0.000000
10,10,-10,1.5258784e+18,0.000000
9,-7,-21,1.5100329e+18,0.000000
8,5,-23,1.4883307e+18,0.000000
10,0,-48,1.4715216e+18,0.000000
10,0,48,1.4715216e+18,0.000000
9,-3,-39,1.461883e+18,0.000000
8,4,-41,1.4503614e+18,0.000000
8,-8,-19,1.4393615e+18,0.000000
10,-1,45,1.4274197e+18,0.000000
8,1,-54,1.4249809e+18,0.000000
7,4,-40,1.3953961e+18,0.000000
7,7,-19,1.3920923e+18,0.000000
6,-3,-53,1.3914685e+18,0.000000
8,0,-51,1.3772271e+18,0.000000
8,0,51,1.3772271e+18,0.000000
10,2,-37,1.3712139e+18,0.000000
7,-5,-47,1.3680467e+18,0.000000
7,-3,-55,1.3673841e+18,0.000000
10,4,-28,1.3529755e+18,0.000000
9,-2,-31,1.3508228e+18,0.000000
10,-1,-36,1.3475787e+18,0.000000
8,-4,-38,1.3448896e+18,0.000000
9,-3,-38,1.325214e+18,0.000000
8,-6,-45,1.3184061e+18,0.000000
9,-1,-52,1.3099398e+18,0.000000
9,-9,-45,1.3074618e+18,0.000000
5,4,-42,1.2964214e+18,0.000000
10,-7,-7,1.2898773e+18,0.000000
10,-8,-35,1.2865391e+18,0.000000
8,-6,-35,1.2849525e+18,0.000000
9,1,-50,1.2529783e+18,0.000000
8,-2,-42,1.2490328e+18,0.000000
7,5,-31,1.2485268e+18,0.000000
8,-1,-54,1.2399412e+18,0.000000
6,-5,-48,1.2094468e+18,0.000000
10,1,-14,1.2051197e+18,0.000000
9,-6,-15,1.2031447e+18,0.000000
10,0,-49,1.202446e+18,0.000000
10,0,49,1.202446e+18,0.000000
10,3,-24,1.19804e+18,0.000000
8,-3,-46,1.1965657e+18,0.000000
8,3,-47,1.1893816e+18,0.000000
9,-5,-28,1.1893439e+18,0.000000
9,-6,-16,1.1872057e+18,0.000000
9,-4,-25,1.168097e+18,0.000000
8,-5,-26,1.1634442e+18,0.000000
9,3,-42,1.1633026e+18,0.000000
7,-7,-29,1.157249e+18,0.000000
9,-4,-10,1.148858e+18,0.000000
10,1,31,1.1379644e+18,0.000000
7,-6,-35,1.1322116e+18,0.000000
10,-8,-53,1.1317042e+18,0.000000
6,6,-32,1.1210832e+18,0.000000
9,4,-32,1.11971e+18,0.000000
7,-5,-53,1.1176234e+18,0.000000
10,-3,-20,1.1123856e+18,0.000000
8,6,-27,1.1083306e+18,0.000000
10,-1,46,1.1027574e+18,0.000000
8,-6,-43,1.0897683e+18,0.000000
8,-6,-37,1.0890312e+18,0.000000
9,-6,-14,1.0836889e+18,0.000000
9,-6,-17,1.0796602e+18,0.000000
7,5,-32,1.0739127e+18,0.000000
8,1,-55,1.0733527e+18,0.000000
10,-2,-35,1.0649773e+18,0.000000
8,-2,-50,1.0584704e+18,0.000000
7,-4,-43,1.0547086e+18,0.000000
9,7,-12,1.0459235e+18,0.000000
9,7,-13,1.0446349e+18,0.000000
8,7,-8,1.0420164e+18,0.000000
6,4,-46,1.0399699e+18,0.000000
10,0,-50,1.0277384e+18,0.000000
10,0,50,1.0277384e+18,0.000000
10,6,-11,1.0215159e+18,0.000000
6,-3,-54,1.0112623e+18,0.000000
8,-7,-14,1.0086636e+18,0.000000
9,5,-28,1.0020176e+18,0.000000
9,-7,-42,9.9982025e+17,0.000000
8,0,-52,9.9913233e+17,0.000000
8,0,52,9.9913233e+17,0.000000
8,-7,-13,9.930502e+17,0.000000
10,-1,-37,9.9224231e+17,0.000000
10,-6,-45,9.9109605e+17,0.000000
10,4,-29,9.730389e+17,0.000000
10,-4,-17,9.7126582e+17,0.000000
8,-2,-48,9.6639934e+17,0.000000
6,5,-35,9.6600076e+17,0.000000
8,-1,-55,9.6486874e+17,0.000000
7,-5,-55,9.5939801e+17,0.000000
10,5,-5,9.586087e+17,0.000000
10,-9,-9,9.5838041e+17,0.000000
9,-7,-22,9.5580254e+17,0.000000
7,6,-25,9.2785965e+17,0.000000
8,-7,-15,9.2530303e+17,0.000000
9,-6,-18,9.251934e+17,0.000000
9,-5,-46,9.2278218e+17,0.000000
8,-2,-47,9.1945759e+17,0.000000
5,5,-41,9.1736357e+17,0.000000
7,-5,-50,9.1202516e+17,0.000000
10,-1,47,9.0980947e+17,0.000000
9,2,-39,8.9708702e+17,0.000000
7,5,-33,8.9428227e+17,0.000000
8,-8,-20,8.8690871e+17,0.000000
10,2,-49,8.7971285e+17,0.000000
8,-7,-8,8.7969953e+17,0.000000
8,-7,-12,8.7475387e+17,0.000000
7,-5,-54,8.7367647e+17,0.000000
10,-6,-12,8.706993e+17,0.000000
9,3,-43,8.6752339e+17,0.000000
10,6,-12,8.5793265e+17,0.000000
10,2,-38,8.5234018e+17,0.000000
9,7,-14,8.5133728e+17,0.000000
10,-8,-41,8.4491712e+17,0.000000
7,-4,-44,8.4447965e+17,0.000000
9,-1,-53,8.3692013e+17,0.000000
8,-2,-51,8.271563e+17,0.000000
9,-3,-40,8.2642581e+17,0.000000
9,-4,-26,8.2244082e+17,0.000000
8,4,-42,8.168303e+17,0.000000
10,-3,-8,8.1517704e+17,0.000000
9,-6,-13,8.1261172e+17,0.000000
8,-3,-47,8.0758774e+17,0.000000
10,0,-51,8.0647858e+17,0.000000
10,0,51,8.0647858e+17,0.000000
9,-2,-32,8.0154711e+17,0.000000
10,4,-4,8.014592e+17,0.000000
8,-6,-36,7.9971502e+17,0.000000
8,-2,-46,7.9887378e+17,0.000000
9,-7,-55,7.9449511e+17,0.000000
6,-5,-49,7.9011287e+17,0.000000
8,-6,-49,7.8791825e+17,0.000000
9,1,-51,7.8565931e+17,0.000000
8,3,-48,7.8191481e+17,0.000000
10,-1,48,7.8136744e+17,0.000000
10,1,32,7.7962717e+17,0.000000
10,1,-15,7.7944194e+17,0.000000
8,-7,-16,7.7865291e+17,0.000000
10,-4,-54,7.7447514e+17,0.000000
6,-3,-55,7.7336577e+17,0.000000
10,-6,-11,7.7220688e+17,0.000000
7,7,-20,7.6560376e+17,0.000000
9,-6,-19,7.5799183e+17,0.000000
8,5,-7,7.5699889e+17,0.000000
6,-6,-46,7.4669522e+17,0.000000
10,1,-4,7.4210373e+17,0.000000
7,5,-34,7.3202594e+17,0.000000
7,4,-41,7.2634798e+17,0.000000
8,-2,-52,7.2272991e+17,0.000000
10,-1,-38,7.22326e+17,0.000000
10,-6,-13,7.2079286e+17,0.000000
8,0,-53,7.2048605e+17,0.000000
8,0,53,7.2048605e+17,0.000000
9,4,-33,7.1024132e+17,0.000000
8,5,-24,7.0854701e+17,0.000000
10,-1,-3,6.958294e+17,0.000000
10,4,-30,6.9532539e+17,0.000000
8,-5,-7,6.9311654e+17,0.000000
8,-4,-39,6.9080617e+17,0.000000
7,-6,-36,6.900247e+17,0.000000
10,-2,-36,6.870517e+17,0.000000
8,-7,-11,6.8700112e+17,0.000000
10,-1,49,6.8445996e+17,0.000000
10,5,-13,6.7125186e+17,0.000000
10,-3,-21,6.6941856e+17,0.000000
10,6,-10,6.6812286e+17,0.000000
8,-5,-27,6.6430471e+17,0.000000
8,6,-28,6.641112e+17,0.000000
9,-3,-41,6.5160457e+17,0.000000
9,-5,-29,6.4652086e+17,0.000000
10,0,-52,6.4629162e+17,0.000000
10,0,52,6.4629162e+17,0.000000
10,5,-14,6.4155085e+17,0.000000
9,3,-44,6.3523892e+17,0.000000
6,-6,-48,6.3370175e+17,0.000000
7,-5,-48,6.3272403e+17,0.000000
8,-2,-45,6.2928658e+17,0.000000
9,7,-15,6.2828092e+17,0.000000
10,1,-6,6.2496849e+17,0.000000
8,-2,-53,6.2256757e+17,0.000000
10,5,-12,6.2040374e+17,0.000000
10,-4,-22,6.1575787e+17,0.000000
8,-7,-17,6.1057733e+17,0.000000
6,5,-36,6.0427762e+17,0.000000
9,-3,-42,6.0222392e+17,0.000000
10,-1,50,6.0188098e+17,0.000000
9,-6,-20,5.996724e+17,0.000000
6,6,-33,5.975938e+17,0.000000
9,3,-50,5.9752519e+17,0.000000
9,-7,-23,5.9674649e+17,0.000000
10,-4,-23,5.9490881e+17,0.000000
6,-6,-49,5.9373841e+17,0.000000
7,-7,-30,5.8644059e+17,0.000000
10,-4,-21,5.8451868e+17,0.000000
10,3,-25,5.832179e+17,0.000000
9,7,-11,5.7838284e+17,0.000000
10,-2,-4,5.7799093e+17,0.000000
10,6,-13,5.7729379e+17,0.000000
9,-4,-27,5.7231635e+17,0.000000
7,5,-35,5.6838307e+17,0.000000
6,4,-47,5.6784844e+17,0.000000
6,-5,-50,5.6627148e+17,0.000000
10,5,-15,5.6249879e+17,0.000000
8,-5,-45,5.5795937e+17,0.000000
10,-4,-50,5.5635476e+17,0.000000
5,4,-43,5.4787941e+17,0.000000
8,-3,-48,5.4344204e+17,0.000000
7,6,-26,5.4290342e+17,0.000000
9,-5,-42,5.4090647e+17,0.000000
8,-8,-21,5.3948562e+17,0.000000
9,1,-52,5.3894774e+17,0.000000
5,5,-42,5.3824307e+17,0.000000
8,-8,-11,5.3791831e+17,0.000000
10,-4,-24,5.3756363e+17,0.000000
8,-2,-3,5.3460315e+17,0.000000
9,3,-55,5.3228225e+17,0.000000
8,-2,-54,5.3118309e+17,0.000000
8,-2,-43,5.299341e+17,0.000000
6,-6,-50,5.2962877e+17,0.000000
10,-1,51,5.2770736e+17,0.000000
10,0,-53,5.2576889e+17,0.000000
10,0,53,5.2576889e+17,0.000000
9,-1,-54,5.2485431e+17,0.000000
10,1,33,5.2425278e+17,0.000000
10,-1,-39,5.2210442e+17,0.000000
9,5,-29,5.1860621e+17,0.000000
9,-3,-3,5.1710075e+17,0.000000
8,0,-54,5.1647424e+17,0.000000
8,0,54,5.1647424e+17,0.000000
8,3,-49,5.1168045e+17,0.000000
10,2,-39,5.0495576e+17,0.000000
10,-4,-20,5.0406809e+17,0.000000
10,-6,-14,4.9860921e+17,0.000000
8,-8,-41,4.8583129e+17,0.000000
10,4,-31,4.8078714e+17,0.000000
10,-6,-49,4.8013232e+17,0.000000
10,-4,-18,4.7915122e+17,0.000000
10,5,-11,4.6989097e+17,0.000000
8,-2,-44,4.6877687e+17,0.000000
10,0,-54,4.6803028e+17,0.000000
10,0,54,4.6803028e+17,0.000000
10,1,-16,4.6792075e+17,0.000000
9,-2,-33,4.6704557e+17,0.000000
9,-7,-47,4.6478754e+17,0.000000
10,5,-16,4.6219413e+17,0.000000
9,-6,-21,4.6141724e+17,0.000000
10,-1,52,4.6045328e+17,0.000000
10,-4,-25,4.6028914e+17,0.000000
8,-5,-28,4.5517331e+17,0.000000
8,-7,-18,4.5218376e+17,0.000000
8,4,-43,4.5182834e+17,0.000000
9,4,-34,4.4640125e+17,0.000000
9,-6,-12,4.424227e+17,0.000000
9,3,-45,4.4089064e+17,0.000000
9,7,-16,4.3736128e+17,0.000000
9,2,-40,4.3591208e+17,0.000000
8,-2,-55,4.3558748e+17,0.000000
7,5,-36,4.3440912e+17,0.000000
9,1,-2,4.3362976e+17,0.000000
8,-6,-50,4.318156e+17,0.000000
10,-2,-37,4.2928363e+17,0.000000
8,3,-55,4.268069e+17,0.000000
8,-3,-49,4.2442962e+17,0.000000
10,-4,-19,4.2218197e+17,0.000000
7,-6,-37,4.1853012e+17,0.000000
7,7,-21,4.1543846e+17,0.000000
8,-7,-10,4.1338936e+17,0.000000
8,-4,-40,4.0896636e+17,0.000000
10,-6,-43,4.086732e+17,0.000000
10,-6,-40,4.0763764e+17,0.000000
9,-3,-44,4.072546e+17,0.000000
7,-5,-49,4.024283e+17,0.000000
10,-1,53,3.9804572e+17,0.000000
8,6,-29,3.9741911e+17,0.000000
9,-4,-28,3.9386957e+17,0.000000
10,-3,-22,3.8468865e+17,0.000000
10,-8,-46,3.8366547e+17,0.000000
9,-3,-43,3.8071706e+17,0.000000
10,-4,-26,3.788427e+17,0.000000
6,5,-37,3.7805126e+17,0.000000
10,-1,-40,3.7304188e+17,0.000000
7,4,-42,3.7090038e+17,0.000000
9,-5,-53,3.6964403e+17,0.000000
9,-7,-24,3.685708e+17,0.000000
8,0,-55,3.6655703e+17,0.000000
8,0,55,3.6655703e+17,0.000000
9,-7,-43,3.6529051e+17,0.000000
8,-5,-29,3.6462816e+17,0.000000
10,5,-17,3.6057122e+17,0.000000
10,-4,-44,3.6042838e+17,0.000000
10,-4,-38,3.5546013e+17,0.000000
9,-5,-30,3.4841245e+17,0.000000
10,0,-55,3.4712685e+17,0.000000
10,0,55,3.4712685e+17,0.000000
9,-6,-22,3.4711306e+17,0.000000
7,-7,-55,3.4698299e+17,0.000000
10,1,34,3.4599879e+17,0.000000
10,6,-14,3.4426747e+17,0.000000
6,4,-48,3.4269155e+17,0.000000
10,-1,54,3.426646e+17,0.000000
6,-5,-51,3.4069142e+17,0.000000
8,5,-25,3.3675126e+17,0.000000
10,4,-32,3.3661877e+17,0.000000
8,3,-50,3.3443913e+17,0.000000
10,-3,-6,3.3050967e+17,0.000000
8,-8,-22,3.256164e+17,0.000000
10,-6,-10,3.2217311e+17,0.000000
9,3,-46,3.2054199e+17,0.000000
6,6,-34,3.2010062e+17,0.000000
8,-7,-19,3.1971211e+17,0.000000
7,5,-37,3.18379e+17,0.000000
10,9,-9,3.1761354e+17,0.000000
8,-5,-30,3.1753173e+17,0.000000
6,-6,-55,3.1717447e+17,0.000000
7,6,-27,3.1611409e+17,0.000000
5,5,-43,3.14497e+17,0.000000
10,2,-40,3.0797369e+17,0.000000
9,1,-53,3.0576359e+17,0.000000
10,-6,-15,3.0360106e+17,0.000000
9,-1,-55,3.0346728e+17,0.000000
8,-6,-38,3.0339604e+17,0.000000
10,-4,-27,3.0064791e+17,0.000000
7,-7,-31,2.9599403e+17,0.000000
10,-1,55,2.9387997e+17,0.000000
9,7,-17,2.9279328e+17,0.000000
10,-2,-38,2.9173534e+17,0.000000
10,2,-50,2.8421448e+17,0.000000
8,-5,-31,2.8040256e+17,0.000000
7,-4,-45,2.8016658e+17,0.000000
9,4,-35,2.800164e+17,0.000000
10,3,-26,2.789462e+17,0.000000
8,-6,-8,2.7583971e+17,0.000000
6,-6,-54,2.7220771e+17,0.000000
10,5,-18,2.6932425e+17,0.000000
9,-4,-29,2.686553e+17,0.000000
10,-8,-40,2.6821039e+17,0.000000
6,-6,-51,2.6739733e+17,0.000000
9,-2,-34,2.6644633e+17,0.000000
9,-7,-10,2.6603564e+17,0.000000
9,5,-30,2.6588527e+17,0.000000
10,-1,-41,2.6529257e+17,0.000000
7,4,-5,2.6302077e+17,0.000000
10,1,-17,2.6059612e+17,0.000000
9,-1,-2,2.5833921e+17,0.000000
9,-6,-23,2.563422e+17,0.000000
8,4,-44,2.5582289e+17,0.000000
7,-6,-38,2.5433377e+17,0.000000
7,-7,-42,2.5174955e+17,0.000000
9,4,-6,2.5126221e+17,0.000000
10,4,-51,2.4842688e+17,0.000000
9,6,-14,2.4718231e+17,0.000000
7,-7,-9,2.4646231e+17,0.000000
8,-5,-32,2.4563563e+17,0.000000
10,5,-10,2.4326431e+17,0.000000
8,-3,-50,2.4224231e+17,0.000000
6,4,-49,2.4217403e+17,0.000000
8,-4,-41,2.4188523e+17,0.000000
9,3,-47,2.4147954e+17,0.000000
7,6,-8,2.4124887e+17,0.000000
9,-3,-54,2.3986146e+17,0.000000
6,-6,-52,2.3760382e+17,0.000000
9,-4,-4,2.375221e+17,0.000000
6,5,-38,2.3644866e+17,0.000000
9,6,-15,2.3584249e+17,0.000000
8,6,-30,2.3579858e+17,0.000000
10,-6,-50,2.35268e+17,0.000000
5,4,-44,2.3445634e+17,0.000000
7,-5,-51,2.3414095e+17,0.000000
10,-4,-28,2.3339461e+17,0.000000
7,5,-38,2.322243e+17,0.000000
7,-5,-52,2.3153649e+17,0.000000
10,4,-50,2.3130804e+17,0.000000
10,1,-5,2.2977517e+17,0.000000
6,-5,-52,2.2885212e+17,0.000000
9,6,-13,2.2845475e+17,0.000000
9,-3,-45,2.277691e+17,0.000000
9,-7,-25,2.2529279e+17,0.000000
10,4,-33,2.2446374e+17,0.000000
10,1,35,2.2416176e+17,0.000000
7,7,-22,2.2239477e+17,0.000000
9,2,-41,2.216604e+17,0.000000
8,-7,-20,2.1763532e+17,0.000000
8,3,-51,2.1576684e+17,0.000000
6,4,-51,2.1402419e+17,0.000000
9,-5,-47,2.1163203e+17,0.000000
6,4,-55,2.1089594e+17,0.000000
10,-3,-23,2.1062922e+17,0.000000
10,2,-44,2.103454e+17,0.000000
8,-5,-33,2.0922105e+17,0.000000
9,6,-16,2.0737765e+17,0.000000
8,-6,-39,2.0390316e+17,0.000000
6,4,-50,2.0313279e+17,0.000000
9,-5,-55,1.9751005e+17,0.000000
8,-4,-54,1.9594648e+17,0.000000
8,-8,-23,1.9575757e+17,0.000000
10,5,-19,1.9371313e+17,0.000000
8,-8,-40,1.9126396e+17,0.000000
9,7,-18,1.904475e+17,0.000000
10,6,-15,1.8874378e+17,0.000000
10,-1,-42,1.8710077e+17,0.000000
9,-6,-24,1.863828e+17,0.000000
9,1,-54,1.8621985e+17,0.000000
9,-5,-50,1.8604265e+17,0.000000
7,4,-43,1.8574087e+17,0.000000
5,5,-44,1.8374746e+17,0.000000
7,6,-28,1.8337129e+17,0.000000
9,-4,-30,1.8153206e+17,0.000000
8,-8,-53,1.8140433e+17,0.000000
6,4,-54,1.8059041e+17,0.000000
9,-5,-31,1.7996505e+17,0.000000
6,4,-53,1.7688437e+17,0.000000
6,4,-52,1.7642038e+17,0.000000
10,-4,-29,1.7571237e+17,0.000000
8,-5,-34,1.7521094e+17,0.000000
10,2,-41,1.7510295e+17,0.000000
9,4,-36,1.738304e+17,0.000000
10,-2,-50,1.7330869e+17,0.000000
8,-4,-42,1.7304916e+17,0.000000
9,6,-17,1.7213506e+17,0.000000
6,6,-35,1.7156696e+17,0.000000
9,6,-12,1.7005953e+17,0.000000
8,5,-26,1.671249e+17,0.000000
7,-4,-54,1.6695325e+17,0.000000
10,-6,-16,1.6650298e+17,0.000000
8,-7,-55,1.6571325e+17,0.000000
9,-3,-49,1.6554131e+17,0.000000
10,-2,-39,1.651246e+17,0.000000
6,-5,-53,1.6409017e+17,0.000000
7,5,-39,1.6342823e+17,0.000000
9,3,-48,1.6282005e+17,0.000000
8,-3,-51,1.5994822e+17,0.000000
8,-6,-54,1.5868181e+17,0.000000
10,4,-34,1.5623198e+17,0.000000
9,-9,-10,1.5491805e+17,0.000000
7,-6,-39,1.5355363e+17,0.000000
7,-4,-46,1.5263778e+17,0.000000
9,-3,-46,1.525312e+17,0.000000
8,-4,-50,1.5020851e+17,0.000000
9,-2,-35,1.4870988e+17,0.000000
6,5,-39,1.4788469e+17,0.000000
8,-7,-21,1.4356692e+17,0.000000
7,-7,-32,1.432534e+17,0.000000
10,1,36,1.4253089e+17,0.000000
8,-5,-35,1.4220536e+17,0.000000
10,3,-27,1.414315e+17,0.000000
8,6,-31,1.4061015e+17,0.000000
8,3,-52,1.4017734e+17,0.000000
9,6,-18,1.3680449e+17,0.000000
9,-7,-26,1.367976e+17,0.000000
8,4,-45,1.3652878e+17,0.000000
10,1,-18,1.3575052e+17,0.000000
9,7,-8,1.3553758e+17,0.000000
10,5,-20,1.3471669e+17,0.000000
9,-3,-52,1.3439056e+17,0.000000
10,2,-42,1.3418675e+17,0.000000
9,-6,-25,1.3378651e+17,0.000000
9,-3,-50,1.3326336e+17,0.000000
10,-4,-30,1.3135566e+17,0.000000
10,-1,-43,1.311558e+17,0.000000
9,2,-42,1.3078857e+17,0.000000
9,5,-31,1.3055479e+17,0.000000
9,-6,-53,1.2726543e+17,0.000000
8,4,-51,1.2244969e+17,0.000000
9,-6,-11,1.2208872e+17,0.000000
9,-4,-31,1.2178468e+17,0.000000
9,7,-19,1.2106706e+17,0.000000
10,-4,-55,1.1909547e+17,0.000000
7,7,-23,1.1748268e+17,0.000000
8,-8,-24,1.1743764e+17,0.000000
9,3,-51,1.1559793e+17,0.000000
8,-8,-46,1.1524376e+17,0.000000
7,5,-40,1.1464445e+17,0.000000
10,-1,0,1.1443703e+17,0.000000
8,-5,-36,1.1439683e+17,0.000000
6,-5,-54,1.123197e+17,0.000000
5,4,-45,1.1102801e+17,0.000000
9,1,-55,1.1029274e+17,0.000000
10,-3,-24,1.0973548e+17,0.000000
9,3,-49,1.0812814e+17,0.000000
9,4,-37,1.0787831e+17,0.000000
5,5,-45,1.0724788e+17,0.000000
8,-3,-52,1.0719674e+17,0.000000
9,-3,-47,1.0706613e+17,0.000000
9,-7,-39,1.0619713e+17,0.000000
7,6,-29,1.0600279e+17,0.000000
10,-10,-45,1.054707e+17,0.000000
9,6,-19,1.0503279e+17,0.000000
7,-7,-41,1.0489824e+17,0.000000
10,-2,-40,1.0279538e+17,0.000000
10,4,-35,1.0029556e+17,0.000000
8,4,-50,1.0023409e+17,0.000000
7,-7,-43,9.7529827e+16,0.000000
9,-6,-41,9.6690657e+16,0.000000
10,6,-16,9.6641276e+16,0.000000
10,-3,-7,9.6175439e+16,0.000000
9,2,-43,9.6081146e+16,0.000000
10,-4,-31,9.4967403e+16,0.000000
9,-6,-26,9.494322e+16,0.000000
9,-7,-45,9.455338e+16,0.000000
9,-7,-41,9.389299e+16,0.000000
8,8,-13,9.3317123e+16,0.000000
9,-5,-32,9.3260812e+16,0.000000
7,-6,-40,9.3186553e+16,0.000000
8,5,-27,9.2671271e+16,0.000000
6,5,-40,9.2447633e+16,0.000000
6,6,-36,9.2408452e+16,0.000000
7,-4,-47,9.2380457e+16,0.000000
8,-7,-22,9.2225172e+16,0.000000
10,-1,-44,9.2224018e+16,0.000000
10,-4,-42,9.1565042e+16,0.000000
7,4,-44,9.1543592e+16,0.000000
9,3,-52,9.1169065e+16,0.000000
10,5,-21,9.0860318e+16,0.000000
9,-6,-9,9.0211471e+16,0.000000
8,-5,-37,8.9471237e+16,0.000000
8,3,-53,8.9080941e+16,0.000000
10,1,37,8.8992685e+16,0.000000
9,2,-44,8.721233e+16,0.000000
10,3,-28,8.6825114e+16,0.000000
8,-8,-54,8.6551096e+16,0.000000
9,2,-45,8.6258338e+16,0.000000
9,-5,-54,8.5689666e+16,0.000000
9,2,-46,8.4623332e+16,0.000000
6,-5,-55,8.3202606e+16,0.000000
10,-6,-17,8.3146913e+16,0.000000
8,6,-32,8.264576e+16,0.000000
9,-7,-27,8.2178962e+16,0.000000
9,6,-11,8.2054961e+16,0.000000
9,-3,-48,8.1841738e+16,0.000000
8,-4,-43,8.1157902e+16,0.000000
9,-4,-32,8.1001667e+16,0.000000
10,-6,-54,8.086977e+16,0.000000
9,-2,-36,8.0845369e+16,0.000000
9,2,-47,8.0662814e+16,0.000000
8,4,-46,8.0468861e+16,0.000000
8,8,-14,7.9663574e+16,0.000000
7,5,-41,7.9161846e+16,0.000000
9,6,-20,7.8363635e+16,0.000000
9,2,-48,7.6384382e+16,0.000000
9,2,-49,7.5992141e+16,0.000000
9,-5,-37,7.5932892e+16,0.000000
9,7,-20,7.5485376e+16,0.000000
8,-8,-25,7.0498023e+16,0.000000
7,-7,-33,7.0485799e+16,0.000000
10,4,-36,7.0380869e+16,0.000000
10,-10,-40,6.9926966e+16,0.000000
8,-5,-38,6.9906673e+16,0.000000
10,-4,-32,6.9468632e+16,0.000000
10,3,-29,6.9093011e+16,0.000000
10,1,-19,6.907599e+16,0.000000
8,-3,-53,6.9070337e+16,0.000000
8,-6,-52,6.7256662e+16,0.000000
10,-2,-42,6.6833711e+16,0.000000
9,-6,-27,6.6776167e+16,0.000000
7,-4,-48,6.6233649e+16,0.000000
9,4,-38,6.6072333e+16,0.000000
9,2,-50,6.58589e+16,0.000000
5,4,-46,6.5744046e+16,0.000000
10,3,-30,6.4373601e+16,0.000000
9,5,-32,6.4310836e+16,0.000000
10,-1,-45,6.3299977e+16,0.000000
10,3,-31,6.2781456e+16,0.000000
5,5,-46,6.2658277e+16,0.000000
7,-7,-39,6.2440543e+16,0.000000
7,7,-24,6.1209596e+16,0.000000
7,6,-30,6.1154605e+16,0.000000
8,5,-28,6.0340174e+16,0.000000
10,-2,-41,5.9861075e+16,0.000000
10,3,-32,5.9625439e+16,0.000000
10,5,-22,5.9576505e+16,0.000000
9,6,-9,5.9404134e+16,0.000000
8,5,-6,5.9382573e+16,0.000000
8,8,-12,5.7997917e+16,0.000000
8,-7,-23,5.7913233e+16,0.000000
6,5,-41,5.775493e+16,0.000000
8,3,-54,5.7401051e+16,0.000000
9,6,-21,5.7056133e+16,0.000000
10,2,-43,5.6549668e+16,0.000000
7,-6,-41,5.6339565e+16,0.000000
9,2,-51,5.6180251e+16,0.000000
10,-6,-37,5.6141507e+16,0.000000
8,8,-15,5.5234314e+16,0.000000
10,3,-33,5.4975393e+16,0.000000
7,-4,-49,5.4808185e+16,0.000000
7,-7,-47,5.4741011e+16,0.000000
8,-3,-55,5.4614784e+16,0.000000
10,-3,-25,5.4605889e+16,0.000000
10,1,38,5.4583203e+16,0.000000
9,-4,-33,5.3606327e+16,0.000000
7,-4,-50,5.3599421e+16,0.000000
8,-5,-39,5.318945e+16,0.000000
7,5,-42,5.3132689e+16,0.000000
9,9,-10,5.2514243e+16,0.000000
8,-4,-44,5.0840677e+16,0.000000
5,4,-47,5.0185055e+16,0.000000
6,6,-37,4.9859606e+16,0.000000
8,6,-33,4.9385286e+16,0.000000
9,-7,-28,4.932729e+16,0.000000
9,2,-52,4.9016211e+16,0.000000
10,-4,-36,4.8949012e+16,0.000000
8,-3,-54,4.8881025e+16,0.000000
10,-8,-44,4.8647653e+16,0.000000
10,3,-34,4.8412756e+16,0.000000
10,-4,-33,4.8365494e+16,0.000000
8,6,-8,4.8094316e+16,0.000000
7,-4,-51,4.7402373e+16,0.000000
10,6,-17,4.6760648e+16,0.000000
9,-6,-28,4.6527504e+16,0.000000
9,7,-21,4.6264585e+16,0.000000
7,-7,-45,4.606905e+16,0.000000
8,-4,-55,4.5994611e+16,0.000000
9,7,-10,4.566667e+16,0.000000
7,4,-45,4.5308005e+16,0.000000
8,5,-29,4.5173001e+16,0.000000
8,-6,-46,4.5161759e+16,0.000000
9,5,-7,4.5033753e+16,0.000000
5,4,-48,4.4723632e+16,0.000000
8,4,-47,4.4536187e+16,0.000000
10,5,-9,4.4492475e+16,0.000000
9,-5,-33,4.4171568e+16,0.000000
10,-6,-47,4.3762719e+16,0.000000
9,-7,-49,4.3693527e+16,0.000000
10,-1,-46,4.3595633e+16,0.000000
10,-8,-50,4.3217253e+16,0.000000
10,4,-37,4.3211302e+16,0.000000
9,-2,-37,4.2787307e+16,0.000000
5,4,-55,4.2342669e+16,0.000000
8,-8,-26,4.2304936e+16,0.000000
5,4,-49,4.230311e+16,0.000000
9,2,-53,4.2108776e+16,0.000000
10,3,-35,4.1626371e+16,0.000000
7,-4,-52,4.1384113e+16,0.000000
5,4,-54,4.0948882e+16,0.000000
5,4,-50,4.0885333e+16,0.000000
9,6,-22,4.0667233e+16,0.000000
9,4,-39,4.0492229e+16,0.000000
8,-5,-40,4.0405539e+16,0.000000
10,0,-1,4.0147997e+16,0.000000
10,0,1,4.0147997e+16,0.000000
5,4,-53,4.0145431e+16,0.000000
10,-8,-52,3.9913103e+16,0.000000
5,4,-51,3.9845629e+16,0.000000
5,4,-52,3.9536914e+16,0.000000
10,1,-20,3.9082488e+16,0.000000
10,-6,-18,3.8292574e+16,0.000000
7,-7,-49,3.8165706e+16,0.000000
10,5,-23,3.8045157e+16,0.000000
7,-4,-53,3.7648124e+16,0.000000
8,-6,-47,3.7395392e+16,0.000000
5,5,-47,3.6945207e+16,0.000000
8,5,-30,3.6644036e+16,0.000000
7,5,-43,3.6563827e+16,0.000000
6,5,-42,3.6061439e+16,0.000000
9,2,-54,3.5880734e+16,0.000000
8,-7,-24,3.5639133e+16,0.000000
7,-6,-42,3.5561101e+16,0.000000
7,6,-31,3.5190935e+16,0.000000
9,-4,-34,3.5131009e+16,0.000000
10,-4,-34,3.5118304e+16,0.000000
8,8,-16,3.4886802e+16,0.000000
9,-6,-42,3.4492245e+16,0.000000
10,3,-36,3.4419403e+16,0.000000
10,-8,-51,3.4318079e+16,0.000000
9,-7,-8,3.4280136e+16,0.000000
10,1,-25,3.3524636e+16,0.000000
9,-7,-53,3.3442803e+16,0.000000
10,1,-24,3.3326744e+16,0.000000
10,1,39,3.2967676e+16,0.000000
9,-6,-29,3.2254989e+16,0.000000
10,1,-26,3.1937898e+16,0.000000
10,6,-53,3.1913695e+16,0.000000
7,7,-25,3.148011e+16,0.000000
7,-7,-34,3.1468595e+16,0.000000
10,1,-23,3.1424469e+16,0.000000
7,-4,-55,3.0902622e+16,0.000000
9,2,-55,3.0888528e+16,0.000000
10,4,-38,3.0884664e+16,0.000000
9,-3,-51,3.0827708e+16,0.000000
8,5,-31,3.0259301e+16,0.000000
8,-5,-41,3.0192931e+16,0.000000
10,2,-45,3.0136071e+16,0.000000
10,-1,-47,2.9978648e+16,0.000000
10,1,-21,2.9402199e+16,0.000000
8,-5,-42,2.9272193e+16,0.000000
9,-7,-29,2.9083618e+16,0.000000
10,1,-22,2.9023375e+16,0.000000
10,1,-27,2.9012675e+16,0.000000
9,5,-33,2.8937326e+16,0.000000
8,6,-34,2.8683555e+16,0.000000
9,6,-23,2.8451009e+16,0.000000
10,3,-37,2.8208e+16,0.000000
9,7,-22,2.7921452e+16,0.000000
10,-9,-45,2.7663576e+16,0.000000
8,-6,-48,2.7228596e+16,0.000000
6,6,-38,2.7057972e+16,0.000000
9,-5,-39,2.702034e+16,0.000000
7,-7,-54,2.6968885e+16,0.000000
8,-4,-45,2.6844069e+16,0.000000
10,-3,-26,2.6627042e+16,0.000000
8,4,-48,2.6413287e+16,0.000000
9,-6,-10,2.5675699e+16,0.000000
8,-8,-27,2.5497407e+16,0.000000
10,-6,-52,2.5453434e+16,0.000000
10,1,-28,2.5307358e+16,0.000000
10,-8,-45,2.5125186e+16,0.000000
8,5,-32,2.4908548e+16,0.000000
10,-2,-43,2.443323e+16,0.000000
9,4,-40,2.4428193e+16,0.000000
9,3,-53,2.4122065e+16,0.000000
7,5,-44,2.392034e+16,0.000000
10,6,-9,2.3866895e+16,0.000000
7,4,-54,2.3781198e+16,0.000000
10,5,-24,2.3702851e+16,0.000000
8,7,-10,2.3557839e+16,0.000000
10,-4,-35,2.3497006e+16,0.000000
7,4,-46,2.3313942e+16,0.000000
9,-4,-35,2.2960941e+16,0.000000
8,7,-11,2.2613635e+16,0.000000
6,5,-43,2.2484189e+16,0.000000
10,-10,-44,2.2404431e+16,0.000000
10,3,-38,2.2289256e+16,0.000000
9,-6,-30,2.2140703e+16,0.000000
9,-2,-38,2.1989832e+16,0.000000
10,6,-18,2.1909683e+16,0.000000
5,5,-48,2.182515e+16,0.000000
9,-5,-34,2.1798717e+16,0.000000
9,4,-54,2.1730815e+16,0.000000
8,-7,-25,2.1540888e+16,0.000000
10,1,-29,2.1342196e+16,0.000000
10,5,-8,2.1162686e+16,0.000000
8,4,-52,2.1061273e+16,0.000000
8,8,-17,2.1009361e+16,0.000000
8,7,-12,2.0548638e+16,0.000000
9,6,-10,2.0477785e+16,0.000000
7,-6,-43,2.036651e+16,0.000000
10,-5,-14,2.0337269e+16,0.000000
9,-4,-54,2.0259142e+16,0.000000
7,6,-32,2.0237792e+16,0.000000
8,5,-33,2.0015809e+16,0.000000
10,-8,-54,1.9939828e+16,0.000000
8,-4,-46,1.9878085e+16,0.000000
10,1,40,1.9685642e+16,0.000000
9,6,-24,1.9576703e+16,0.000000
10,-5,-15,1.9435511e+16,0.000000
9,-8,-42,1.9434543e+16,0.000000
10,-5,-13,1.895685e+16,0.000000
8,4,-49,1.8854679e+16,0.000000
9,-5,-41,1.8601803e+16,0.000000
9,5,-53,1.8391243e+16,0.000000
8,7,-13,1.8132932e+16,0.000000
10,4,-39,1.8043822e+16,0.000000
10,-4,-51,1.783741e+16,0.000000
8,-6,-44,1.7725768e+16,0.000000
10,3,-39,1.7649417e+16,0.000000
9,-5,-48,1.7570076e+16,0.000000
10,1,-30,1.7484252e+16,0.000000
9,-7,-30,1.7451311e+16,0.000000
9,-7,-54,1.7291546e+16,0.000000
8,6,-35,1.7264372e+16,0.000000
10,-5,-16,1.7058924e+16,0.000000
10,-6,-19,1.7037821e+16,0.000000
10,2,-46,1.6869432e+16,0.000000
8,-5,-43,1.666939e+16,0.000000
7,-6,-53,1.6608181e+16,0.000000
9,7,-23,1.6608099e+16,0.000000
7,5,-45,1.6529286e+16,0.000000
10,-7,-40,1.6428689e+16,0.000000
7,-7,-35,1.6227638e+16,0.000000
10,-1,-49,1.6190945e+16,0.000000
7,7,-26,1.5953352e+16,0.000000
8,5,-34,1.5862409e+16,0.000000
9,3,-54,1.5748074e+16,0.000000
8,-8,-28,1.5328928e+16,0.000000
10,2,-48,1.5263993e+16,0.000000
8,7,-14,1.5194379e+16,0.000000
9,-6,-31,1.5192363e+16,0.000000
10,-5,-12,1.4947386e+16,0.000000
8,-8,-44,1.4932815e+16,0.000000
9,-4,-36,1.4876547e+16,0.000000
9,4,-41,1.481167e+16,0.000000
6,6,-39,1.4741475e+16,0.000000
8,-5,-44,1.4472928e+16,0.000000
10,5,-25,1.4416583e+16,0.000000
9,5,-49,1.4404682e+16,0.000000
10,7,-50,1.4399008e+16,0.000000
10,6,-48,1.4238593e+16,0.000000
10,-6,-46,1.4129616e+16,0.000000
10,-5,-17,1.4024126e+16,0.000000
6,5,-44,1.4007893e+16,0.000000
10,1,-31,1.398255e+16,0.000000
9,5,-50,1.3923233e+16,0.000000
8,-4,-47,1.3871668e+16,0.000000
10,-8,-49,1.382727e+16,0.000000
10,-3,-27,1.3729365e+16,0.000000
9,5,-34,1.3574219e+16,0.000000
7,4,-47,1.3479048e+16,0.000000
10,3,-40,1.3432169e+16,0.000000
10,3,-5,1.3311896e+16,0.000000
10,4,-40,1.3290685e+16,0.000000
9,6,-25,1.3278669e+16,0.000000
9,-3,-53,1.3225216e+16,0.000000
5,5,-49,1.3212734e+16,0.000000
8,8,-11,1.3024903e+16,0.000000
10,-2,-44,1.2917452e+16,0.000000
8,-7,-26,1.2794872e+16,0.000000
8,-5,-46,1.2794276e+16,0.000000
8,8,-18,1.2325539e+16,0.000000
10,-4,-46,1.22854e+16,0.000000
9,-5,-38,1.2222609e+16,0.000000
8,5,-35,1.2210942e+16,0.000000
7,-6,-44,1.2175985e+16,0.000000
10,2,-55,1.2078102e+16,0.000000
8,7,-15,1.2060127e+16,0.000000
10,1,41,1.172742e+16,0.000000
7,6,-33,1.1613869e+16,0.000000
7,5,-46,1.1449048e+16,0.000000
9,4,-55,1.1361518e+16,0.000000
10,-4,-37,1.1329819e+16,0.000000
10,-6,-48,1.109222e+16,0.000000
9,-2,-39,1.1023024e+16,0.000000
10,1,-32,1.0944546e+16,0.000000
10,-5,-18,1.0943287e+16,0.000000
8,-8,-50,1.0687649e+16,0.000000
9,-5,-52,1.0660601e+16,0.000000
10,6,-19,1.0601717e+16,0.000000
7,-6,-45,1.0521569e+16,0.000000
10,3,-41,1.0456514e+16,0.000000
9,-6,-32,1.0298514e+16,0.000000
8,-7,-50,1.0117739e+16,0.000000
9,-7,-31,9.9610861e+15,0.000000
8,6,-36,9.8934365e+15,0.000000
9,7,-24,9.7530873e+15,0.000000
9,-8,-39,9.6073126e+15,0.000000
9,-4,-37,9.5802799e+15,0.000000
7,-7,-53,9.3750945e+15,0.000000
8,5,-36,9.3347111e+15,0.000000
10,-1,-50,9.3224149e+15,0.000000
8,-8,-29,9.3152059e+15,0.000000
10,-6,-9,9.2804702e+15,0.000000
7,4,-48,9.2219472e+15,0.000000
8,-5,-50,9.1994777e+15,0.000000
8,7,-16,9.1035053e+15,0.000000
10,-5,-11,9.0290229e+15,0.000000
9,6,-26,8.8900197e+15,0.000000
9,-5,-35,8.784488e+15,0.000000
9,4,-42,8.7209204e+15,0.000000
6,5,-45,8.7121117e+15,0.000000
10,-3,-28,8.6116845e+15,0.000000
10,5,-26,8.5760678e+15,0.000000
10,-6,-20,8.4913742e+15,0.000000
8,4,-53,8.4726844e+15,0.000000
10,1,-33,8.4156872e+15,0.000000
8,-8,-49,8.4100907e+15,0.000000
9,5,-51,8.3154904e+15,0.000000
10,3,-45,8.229206e+15,0.000000
5,5,-50,8.1996138e+15,0.000000
10,-5,-19,8.1816772e+15,0.000000
6,6,-40,8.0744372e+15,0.000000
7,7,-27,7.987956e+15,0.000000
7,-7,-36,7.8413056e+15,0.000000
10,-2,-45,7.7821771e+15,0.000000
10,3,-42,7.7768508e+15,0.000000
10,-7,-42,7.7582149e+15,0.000000
9,-5,-36,7.7476538e+15,0.000000
8,-5,-47,7.6888369e+15,0.000000
8,-7,-27,7.4820258e+15,0.000000
7,4,-49,7.4407861e+15,0.000000
9,-3,-55,7.4044091e+15,0.000000
7,5,-47,7.3531567e+15,0.000000
8,-8,-51,7.2915794e+15,0.000000
10,4,-41,7.2497305e+15,0.000000
10,-5,-45,7.1328635e+15,0.000000
8,8,-19,7.1228308e+15,0.000000
7,-6,-46,7.1190666e+15,0.000000
10,-3,-29,7.0897916e+15,0.000000
10,1,42,7.0725631e+15,0.000000
9,-6,-33,7.008889e+15,0.000000
10,-3,-31,6.9885574e+15,0.000000
8,5,-37,6.9492496e+15,0.000000
10,-3,-32,6.892859e+15,0.000000
10,-3,-30,6.881887e+15,0.000000
8,-7,-40,6.8340656e+15,0.000000
10,-7,-55,6.7818735e+15,0.000000
10,-2,-46,6.7013704e+15,0.000000
10,4,-6,6.669833e+15,0.000000
7,6,-34,6.6672567e+15,0.000000
9,-4,-38,6.5918461e+15,0.000000
10,-3,-33,6.5846777e+15,0.000000
8,7,-17,6.5717594e+15,0.000000
7,4,-50,6.5370615e+15,0.000000
9,-5,-7,6.5181199e+15,0.000000
9,2,-2,6.4676713e+15,0.000000
10,1,-34,6.3649807e+15,0.000000
10,-8,-47,6.3015059e+15,0.000000
10,3,-43,6.2396018e+15,0.000000
10,-1,-51,6.1693959e+15,0.000000
10,-4,-39,6.1352594e+15,0.000000
7,4,-51,6.1092696e+15,0.000000
10,1,-3,6.0471976e+15,0.000000
9,-7,-32,6.0370934e+15,0.000000
8,6,-37,6.0265955e+15,0.000000
10,-4,-53,6.0088097e+15,0.000000
10,-3,-34,5.9972517e+15,0.000000
10,6,-20,5.9714319e+15,0.000000
10,6,-50,5.9291023e+15,0.000000
10,-5,-20,5.9009176e+15,0.000000
10,-6,-21,5.8918965e+15,0.000000
9,6,-27,5.8895963e+15,0.000000
7,-7,-37,5.8453291e+15,0.000000
8,4,-54,5.7520368e+15,0.000000
10,-6,-24,5.7318228e+15,0.000000
8,-4,-48,5.7240666e+15,0.000000
10,-6,-23,5.7178193e+15,0.000000
9,7,-25,5.6527152e+15,0.000000
10,4,-42,5.5970178e+15,0.000000
8,-8,-30,5.5962451e+15,0.000000
7,5,-49,5.5850044e+15,0.000000
10,-6,-22,5.5530759e+15,0.000000
9,-9,-38,5.5456957e+15,0.000000
9,-2,-40,5.4905122e+15,0.000000
10,4,-49,5.4331115e+15,0.000000
6,5,-46,5.4159634e+15,0.000000
10,-6,-25,5.4116037e+15,0.000000
7,5,-53,5.3490061e+15,0.000000
10,-3,-35,5.327862e+15,0.000000
7,4,-52,5.279424e+15,0.000000
10,4,-45,5.2754772e+15,0.000000
10,-4,-40,5.232734e+15,0.000000
9,5,-35,5.1936206e+15,0.000000
9,4,-43,5.1877266e+15,0.000000
5,5,-51,5.1812595e+15,0.000000
8,5,-38,5.1683307e+15,0.000000
10,-3,-36,5.1440723e+15,0.000000
9,-7,-46,5.1010181e+15,0.000000
9,-5,-49,5.0968574e+15,0.000000
7,-6,-47,5.0635315e+15,0.000000
9,-6,-43,5.0313056e+15,0.000000
7,5,-48,5.0296952e+15,0.000000
8,-4,-51,5.0260804e+15,0.000000
10,5,-27,4.9806228e+15,0.000000
9,-7,-37,4.9225511e+15,0.000000
10,-6,-26,4.8729264e+15,0.000000
10,3,-55,4.8638596e+15,0.000000
9,7,-50,4.8237257e+15,0.000000
10,2,-47,4.7767081e+15,0.000000
10,1,-35,4.750194e+15,0.000000
10,-4,-4,4.7469895e+15,0.000000
10,3,-50,4.7291043e+15,0.000000
9,-6,-34,4.6987569e+15,0.000000
7,4,-53,4.5838713e+15,0.000000
8,7,-18,4.561658e+15,0.000000
10,3,-44,4.5179575e+15,0.000000
9,8,-9,4.4933167e+15,0.000000
6,6,-41,4.472754e+15,0.000000
10,1,43,4.4160596e+15,0.000000
10,6,-52,4.3980136e+15,0.000000
8,6,-53,4.334943e+15,0.000000
10,-4,-41,4.3184453e+15,0.000000
8,-7,-28,4.2966264e+15,0.000000
9,-9,-44,4.2929394e+15,0.000000
10,6,-21,4.2742356e+15,0.000000
7,5,-50,4.2464004e+15,0.000000
10,-6,-27,4.1514396e+15,0.000000
10,-5,-21,4.1260784e+15,0.000000
9,-6,-37,4.0937952e+15,0.000000
8,8,-20,4.0787572e+15,0.000000
10,-3,-39,4.0676936e+15,0.000000
9,-8,-9,4.0624839e+15,0.000000
10,-1,-52,4.032073e+15,0.000000
8,-8,-38,4.0009498e+15,0.000000
10,6,-49,3.9786347e+15,0.000000
7,7,-28,3.9305867e+15,0.000000
8,4,-55,3.9289336e+15,0.000000
9,-4,-39,3.8843381e+15,0.000000
9,6,-28,3.8603149e+15,0.000000
10,-3,-37,3.8358697e+15,0.000000
7,6,-35,3.8176801e+15,0.000000
8,5,-39,3.752401e+15,0.000000
7,7,-9,3.7416115e+15,0.000000
7,4,-55,3.665363e+15,0.000000
10,6,-22,3.6565379e+15,0.000000
8,-4,-49,3.6300265e+15,0.000000
10,1,-36,3.4980178e+15,0.000000
7,-7,-46,3.4932057e+15,0.000000
10,-8,-38,3.4880605e+15,0.000000
8,-8,-31,3.475773e+15,0.000000
10,-6,-28,3.4688037e+15,0.000000
5,5,-52,3.4414398e+15,0.000000
8,6,-38,3.3740524e+15,0.000000
6,5,-47,3.3636834e+15,0.000000
8,-5,-48,3.3557424e+15,0.000000
8,-4,-53,3.354054e+15,0.000000
8,-8,-36,3.3152909e+15,0.000000
10,6,-23,3.3059181e+15,0.000000
10,-5,-10,3.2974255e+15,0.000000
7,-6,-51,3.2845413e+15,0.000000
9,-7,-33,3.2676032e+15,0.000000
10,2,-54,3.264342e+15,0.000000
9,7,-26,3.2447336e+15,0.000000
9,-6,-35,3.1920504e+15,0.000000
7,-7,-48,3.1691076e+15,0.000000
10,-3,-38,3.1217396e+15,0.000000
9,5,-48,3.0643843e+15,0.000000
8,7,-19,3.0586868e+15,0.000000
10,4,-43,3.0513135e+15,0.000000
10,1,48,3.0428307e+15,0.000000
8,-5,-53,3.0185341e+15,0.000000
9,4,-44,2.9740128e+15,0.000000
8,-5,-54,2.9734565e+15,0.000000
10,1,44,2.9537137e+15,0.000000
10,6,-24,2.9511556e+15,0.000000
9,-2,-41,2.8713401e+15,0.000000
10,5,-28,2.8356259e+15,0.000000
10,-5,-22,2.8075173e+15,0.000000
7,-6,-49,2.7585674e+15,0.000000
10,-6,-29,2.7294598e+15,0.000000
8,5,-40,2.7276521e+15,0.000000
10,-1,-53,2.6890776e+15,0.000000
10,4,-47,2.6737759e+15,0.000000
9,-9,-15,2.6529986e+15,0.000000
8,-8,-48,2.6467015e+15,0.000000
9,-9,-16,2.5704948e+15,0.000000
10,-1,-54,2.5696005e+15,0.000000
9,-7,-36,2.5499926e+15,0.000000
10,1,-37,2.5499881e+15,0.000000
10,6,-25,2.5264397e+15,0.000000
9,6,-29,2.5149828e+15,0.000000
10,-3,-42,2.5097604e+15,0.000000
6,6,-42,2.4799124e+15,0.000000
8,-7,-29,2.4329273e+15,0.000000
9,-4,-40,2.4302774e+15,0.000000
8,-5,-49,2.4095864e+15,0.000000
9,-7,-44,2.4092293e+15,0.000000
10,3,-46,2.3615825e+15,0.000000
5,5,-53,2.3249569e+15,0.000000
8,8,-21,2.3219603e+15,0.000000
10,4,-44,2.3176328e+15,0.000000
9,-9,-14,2.259143e+15,0.000000
9,5,-36,2.2495684e+15,0.000000
8,6,-48,2.2410246e+15,0.000000
9,-7,-35,2.2347118e+15,0.000000
9,-9,-17,2.2069481e+15,0.000000
10,-6,-30,2.2008519e+15,0.000000
7,6,-36,2.1897233e+15,0.000000
9,-7,-34,2.185716e+15,0.000000
8,-8,-34,2.1604986e+15,0.000000
7,-4,-5,2.1598836e+15,0.000000
9,-8,-41,2.1502938e+15,0.000000
9,-6,-40,2.130854e+15,0.000000
9,-6,-36,2.1242837e+15,0.000000
10,1,45,2.1106849e+15,0.000000
7,-6,-48,2.1053222e+15,0.000000
8,6,-39,2.1021132e+15,0.000000
6,5,-48,2.0901863e+15,0.000000
10,6,-26,2.0880667e+15,0.000000
10,-4,-45,2.0780406e+15,0.000000
8,-8,-32,2.0605204e+15,0.000000
9,-4,-44,2.0509456e+15,0.000000
8,-7,-42,2.0435597e+15,0.000000
10,4,-48,2.0078666e+15,0.000000
10,-3,-40,1.9955752e+15,0.000000
8,7,-20,1.9884747e+15,0.000000
8,-4,-52,1.9589266e+15,0.000000
9,-9,-42,1.946487e+15,0.000000
8,5,-41,1.9450784e+15,0.000000
5,5,-54,1.9307758e+15,0.000000
7,7,-29,1.9143519e+15,0.000000
10,-7,-16,1.908002e+15,0.000000
9,-7,-48,1.893798e+15,0.000000
9,-4,-6,1.8853364e+15,0.000000
9,-5,-51,1.8832918e+15,0.000000
10,-5,-23,1.8637944e+15,0.000000
10,-7,-15,1.86251e+15,0.000000
9,4,-45,1.8567924e+15,0.000000
9,-4,-42,1.8522693e+15,0.000000
9,-5,-40,1.8505038e+15,0.000000
10,-6,-36,1.8441909e+15,0.000000
10,3,-47,1.8409e+15,0.000000
10,1,-38,1.8378773e+15,0.000000
9,7,-27,1.8369336e+15,0.000000
7,5,-51,1.806514e+15,0.000000
10,-7,-17,1.7689769e+15,0.000000
9,-2,-42,1.7494879e+15,0.000000
9,-9,-18,1.7391321e+15,0.000000
10,2,-51,1.6787117e+15,0.000000
10,-1,-55,1.6710962e+15,0.000000
9,-9,-40,1.6501225e+15,0.000000
10,1,46,1.6494348e+15,0.000000
10,6,-27,1.6457239e+15,0.000000
10,-3,-41,1.6433326e+15,0.000000
10,-10,-41,1.6381416e+15,0.000000
9,5,-46,1.637703e+15,0.000000
10,-2,-47,1.6326621e+15,0.000000
9,6,-30,1.6212912e+15,0.000000
10,-6,-31,1.6200284e+15,0.000000
10,-8,-13,1.5930173e+15,0.000000
10,-7,-14,1.5767988e+15,0.000000
10,5,-29,1.5691498e+15,0.000000
9,-9,-41,1.5679673e+15,0.000000
10,-3,-54,1.5582165e+15,0.000000
9,-6,-50,1.5457197e+15,0.000000
9,-4,-41,1.533309e+15,0.000000
9,-9,-47,1.5244582e+15,0.000000
10,-7,-18,1.5238366e+15,0.000000
8,1,-1,1.5222427e+15,0.000000
7,-6,-54,1.5090405e+15,0.000000
10,-10,-51,1.5072783e+15,0.000000
9,6,-7,1.504573e+15,0.000000
9,-2,-49,1.4984782e+15,0.000000
9,-8,-35,1.4866141e+15,0.000000
10,-10,-50,1.4598375e+15,0.000000
8,-5,-51,1.4353417e+15,0.000000
8,-5,-6,1.4316594e+15,0.000000
6,6,-43,1.4311665e+15,0.000000
10,-5,-5,1.415682e+15,0.000000
10,-8,-36,1.4074142e+15,0.000000
10,1,47,1.3984372e+15,0.000000
8,5,-42,1.3973999e+15,0.000000
9,-9,-39,1.3734561e+15,0.000000
9,-2,-47,1.3583552e+15,0.000000
10,4,-54,1.3523676e+15,0.000000
8,-7,-30,1.3440046e+15,0.000000
8,8,-22,1.3163021e+15,0.000000
10,1,-39,1.3155897e+15,0.000000
8,-8,-33,1.3102994e+15,0.000000
7,5,-52,1.3085126e+15,0.000000
9,-2,-43,1.307462e+15,0.000000
6,5,-49,1.3029671e+15,0.000000
9,-8,-16,1.302422e+15,0.000000
10,-6,-32,1.3022558e+15,0.000000
9,-9,-19,1.2862972e+15,0.000000
10,6,-28,1.2779073e+15,0.000000
10,3,-48,1.2666254e+15,0.000000
10,-4,-52,1.2590555e+15,0.000000
8,7,-21,1.2570452e+15,0.000000
7,6,-37,1.2514608e+15,0.000000
5,5,-55,1.2454185e+15,0.000000
10,-7,-19,1.2410011e+15,0.000000
9,-8,-15,1.2386609e+15,0.000000
10,-8,-12,1.2345654e+15,0.000000
9,-9,-13,1.2284765e+15,0.000000
10,-7,-45,1.2114499e+15,0.000000
10,-5,-24,1.2097152e+15,0.000000
10,3,-49,1.2069381e+15,0.000000
10,-8,-14,1.2038148e+15,0.000000
9,-6,-54,1.1951289e+15,0.000000
9,-8,-17,1.1941118e+15,0.000000
9,-2,-44,1.1898683e+15,0.000000
10,-7,-50,1.1824488e+15,0.000000
9,-2,-45,1.1710417e+15,0.000000
9,-2,-46,1.1670947e+15,0.000000
10,3,-53,1.1525037e+15,0.000000
8,6,-40,1.1494028e+15,0.000000
10,-3,-45,1.0956814e+15,0.000000
9,-2,-48,1.0937001e+15,0.000000
8,-5,-55,1.0891503e+15,0.000000
10,-7,-13,1.0720554e+15,0.000000
10,1,49,1.0541321e+15,0.000000
9,6,-31,1.0445368e+15,0.000000
10,4,-46,1.0376794e+15,0.000000
9,7,-28,1.0363619e+15,0.000000
7,-7,-38,1.0322829e+15,0.000000
9,-8,-40,1.0035177e+15,0.000000
9,-8,-18,1.000236e+15,0.000000
10,-4,-43,9.9522704e+14,0.000000
8,5,-43,9.8173136e+14,0.000000
10,-3,-44,9.7431741e+14,0.000000
9,-6,-45,9.7299057e+14,0.000000
10,-7,-20,9.6709266e+14,0.000000
10,-3,-43,9.642573e+14,0.000000
9,4,-46,9.6267833e+14,0.000000
10,-5,-53,9.5391816e+14,0.000000
9,-6,-38,9.4418205e+14,0.000000
9,-8,-14,9.4340181e+14,0.000000
10,6,-29,9.3726887e+14,0.000000
9,-2,-50,9.3609032e+14,0.000000
10,1,-40,9.319355e+14,0.000000
10,-2,-55,9.2960614e+14,0.000000
10,1,50,9.2759684e+14,0.000000
10,-10,-48,9.1946236e+14,0.000000
7,-6,-55,9.1069786e+14,0.000000
7,7,-30,9.0982718e+14,0.000000
9,-9,-20,9.0697202e+14,0.000000
10,-4,-47,8.9367538e+14,0.000000
7,-7,-52,8.7654271e+14,0.000000
8,6,-50,8.7596518e+14,0.000000
7,5,-54,8.7216171e+14,0.000000
10,-6,-33,8.6997822e+14,0.000000
10,2,-53,8.6770114e+14,0.000000
9,-8,-46,8.6749364e+14,0.000000
10,8,-9,8.5289625e+14,0.000000
10,5,-30,8.5234535e+14,0.000000
8,-8,-47,8.4929763e+14,0.000000
8,-5,-52,8.4668255e+14,0.000000
9,-2,-51,8.4394361e+14,0.000000
10,3,-3,8.370239e+14,0.000000
10,-6,-38,8.3520565e+14,0.000000
9,-6,-47,8.2875277e+14,0.000000
10,-5,-42,8.2832166e+14,0.000000
6,6,-44,8.2200177e+14,0.000000
6,5,-50,8.1933665e+14,0.000000
10,-2,-53,8.1930556e+14,0.000000
10,1,51,8.1740192e+14,0.000000
9,4,-50,7.9174787e+14,0.000000
9,-8,-19,7.8735449e+14,0.000000
10,4,-53,7.8330138e+14,0.000000
8,7,-22,7.7443471e+14,0.000000
10,-2,-48,7.7238002e+14,0.000000
10,-5,-25,7.6824387e+14,0.000000
7,5,-55,7.6106389e+14,0.000000
7,-7,-44,7.5670495e+14,0.000000
10,-2,-51,7.551704e+14,0.000000
10,-8,-15,7.5149871e+14,0.000000
8,8,-23,7.4401829e+14,0.000000
10,-6,-34,7.4166742e+14,0.000000
9,-2,-52,7.4075542e+14,0.000000
8,-7,-31,7.3397138e+14,0.000000
10,-3,-46,7.3066457e+14,0.000000
10,-7,-21,7.2742627e+14,0.000000
10,-2,-52,7.2068476e+14,0.000000
8,6,-41,7.1702813e+14,0.000000
7,6,-38,7.1668773e+14,0.000000
10,1,52,7.158943e+14,0.000000
10,6,-30,7.059441e+14,0.000000
8,5,-44,6.930592e+14,0.000000
8,6,-54,6.8729866e+14,0.000000
9,-6,-39,6.8492642e+14,0.000000
7,-6,-50,6.7980417e+14,0.000000
9,-7,-38,6.7633867e+14,0.000000
9,6,-32,6.6482057e+14,0.000000
8,-7,-41,6.6106589e+14,0.000000
10,1,-41,6.5803699e+14,0.000000
9,-2,-53,6.4875704e+14,0.000000
8,-6,-51,6.2951489e+14,0.000000
9,5,-37,6.2501363e+14,0.000000
10,1,53,6.2229463e+14,0.000000
10,-8,-43,6.2155875e+14,0.000000
10,-10,-42,6.2048278e+14,0.000000
9,-9,-21,6.1656723e+14,0.000000
10,-6,-35,6.1108736e+14,0.000000
10,2,-52,6.0794013e+14,0.000000
9,-8,-20,5.9308745e+14,0.000000
10,-2,-54,5.8724375e+14,0.000000
10,-6,-39,5.8719196e+14,0.000000
10,3,-51,5.8613757e+14,0.000000
9,-4,-43,5.838234e+14,0.000000
9,7,-29,5.7280407e+14,0.000000
9,4,-47,5.6225159e+14,0.000000
9,-2,-54,5.5667144e+14,0.000000
8,4,-5,5.5162729e+14,0.000000
10,-10,-11,5.4660463e+14,0.000000
10,1,54,5.3812646e+14,0.000000
10,-7,-22,5.3156283e+14,0.000000
10,-5,-46,5.2754539e+14,0.000000
9,-8,-54,5.1979878e+14,0.000000
8,6,-52,5.1907071e+14,0.000000
10,-8,-34,5.1734739e+14,0.000000
6,5,-51,5.1517127e+14,0.000000
6,6,-45,5.0366788e+14,0.000000
9,-5,-43,4.9945497e+14,0.000000
10,-7,-12,4.9573995e+14,0.000000
9,-6,-52,4.9366887e+14,0.000000
9,5,-47,4.8861899e+14,0.000000
10,6,-31,4.8231609e+14,0.000000
8,5,-45,4.8214262e+14,0.000000
10,3,-54,4.8032978e+14,0.000000
9,-8,-13,4.7880395e+14,0.000000
10,-5,-26,4.7816758e+14,0.000000
9,-2,-55,4.7608119e+14,0.000000
8,7,-23,4.6586726e+14,0.000000
10,1,55,4.6409991e+14,0.000000
10,1,-42,4.5887095e+14,0.000000
10,3,-52,4.5865685e+14,0.000000
8,-7,-45,4.5629983e+14,0.000000
9,-9,-48,4.5507969e+14,0.000000
10,5,-31,4.4805957e+14,0.000000
9,-9,-43,4.4620809e+14,0.000000
9,-5,-44,4.4192766e+14,0.000000
8,-8,-37,4.3792452e+14,0.000000
9,-8,-21,4.327475e+14,0.000000
10,-8,-16,4.3064154e+14,0.000000
7,7,-31,4.3027916e+14,0.000000
8,6,-49,4.2846932e+14,0.000000
9,-8,-53,4.2630694e+14,0.000000
9,6,-33,4.2498132e+14,0.000000
8,8,-24,4.1932158e+14,0.000000
9,5,-6,4.1880798e+14,0.000000
7,7,-50,4.148674e+14,0.000000
7,6,-39,4.0841901e+14,0.000000
9,-9,-22,4.0752505e+14,0.000000
8,6,-42,3.9538168e+14,0.000000
8,-7,-32,3.8557289e+14,0.000000
10,-7,-23,3.7915071e+14,0.000000
10,6,-32,3.6593663e+14,0.000000
9,-4,-51,3.5494968e+14,0.000000
10,-6,-44,3.4397302e+14,0.000000
8,5,-46,3.3844265e+14,0.000000
10,-7,-39,3.38404e+14,0.000000
9,-6,-49,3.37722e+14,0.000000
7,-6,-52,3.341671e+14,0.000000
6,5,-52,3.2996845e+14,0.000000
10,-7,-41,3.2478869e+14,0.000000
9,7,-30,3.2083787e+14,0.000000
10,1,-43,3.1932183e+14,0.000000
9,4,-48,3.1506211e+14,0.000000
10,-3,-47,3.1240575e+14,0.000000
6,6,-46,3.1225145e+14,0.000000
10,-10,-49,3.0889028e+14,0.000000
9,-8,-22,3.0843216e+14,0.000000
10,7,-15,3.0579119e+14,0.000000
10,7,-14,3.0493275e+14,0.000000
9,-9,-37,3.0429417e+14,0.000000
9,-8,-52,2.9444093e+14,0.000000
10,-7,-44,2.9403627e+14,0.000000
10,-5,-27,2.9109146e+14,0.000000
10,-5,-9,2.841802e+14,0.000000
10,7,-16,2.7684212e+14,0.000000
8,7,-24,2.7397708e+14,0.000000
7,-7,-50,2.7375439e+14,0.000000
9,-9,-46,2.6876089e+14,0.000000
9,6,-34,2.6776219e+14,0.000000
10,-8,-9,2.6709789e+14,0.000000
10,-7,-24,2.6502734e+14,0.000000
9,-9,-23,2.6345187e+14,0.000000
10,7,-13,2.5913593e+14,0.000000
10,4,-52,2.5644741e+14,0.000000
8,-7,-39,2.5592769e+14,0.000000
10,-3,-52,2.5310847e+14,0.000000
9,-4,-50,2.5076645e+14,0.000000
6,6,-53,2.4340763e+14,0.000000
10,-5,-44,2.4106046e+14,0.000000
9,5,-38,2.4064908e+14,0.000000
10,-8,-17,2.3848786e+14,0.000000
10,-3,-49,2.3836423e+14,0.000000
9,-6,-46,2.3668359e+14,0.000000
8,8,-25,2.3602416e+14,0.000000
8,6,-43,2.3556484e+14,0.000000
8,5,-47,2.3352884e+14,0.000000
7,6,-40,2.3347946e+14,0.000000
8,-6,-55,2.3344113e+14,0.000000
10,7,-17,2.3317883e+14,0.000000
10,-7,-47,2.3287611e+14,0.000000
8,7,-50,2.3046172e+14,0.000000
10,5,-32,2.3016255e+14,0.000000
10,6,-33,2.2908483e+14,0.000000
10,-3,-48,2.2763133e+14,0.000000
9,-4,-45,2.2714613e+14,0.000000
10,-10,-39,2.2512649e+14,0.000000
6,6,-48,2.2053543e+14,0.000000
10,1,-44,2.2049047e+14,0.000000
6,5,-53,2.1850896e+14,0.000000
10,5,-46,2.1784873e+14,0.000000
9,-8,-23,2.1604099e+14,0.000000
10,-4,-48,2.1513336e+14,0.000000
7,-7,-51,2.1487172e+14,0.000000
6,6,-47,2.1397082e+14,0.000000
10,1,0,2.1355357e+14,0.000000
9,-9,-54,2.1251808e+14,0.000000
8,-8,-43,2.064319e+14,0.000000
9,4,-51,2.0457501e+14,0.000000
10,8,-12,2.0437595e+14,0.000000
9,-8,-44,2.0415356e+14,0.000000
8,-7,-33,1.9940847e+14,0.000000
9,5,-55,1.9661698e+14,0.000000
7,7,-32,1.9469763e+14,0.000000
9,5,-52,1.9433476e+14,0.000000
10,-3,-5,1.9257335e+14,0.000000
10,7,-18,1.8595151e+14,0.000000
10,6,-34,1.8339437e+14,0.000000
10,-7,-25,1.8198854e+14,0.000000
10,10,-11,1.8166575e+14,0.000000
10,-5,-8,1.8034288e+14,0.000000
9,4,-49,1.8024834e+14,0.000000
10,-5,-28,1.7396548e+14,0.000000
9,7,-31,1.7151607e+14,0.000000
9,6,-35,1.7096147e+14,0.000000
10,-3,-50,1.6943425e+14,0.000000
9,-9,-24,1.6747299e+14,0.000000
8,5,-48,1.6564509e+14,0.000000
10,7,-12,1.6437234e+14,0.000000
10,8,-13,1.6240886e+14,0.000000
10,-8,-37,1.6100631e+14,0.000000
6,5,-54,1.6067514e+14,0.000000
8,7,-25,1.5775704e+14,0.000000
9,5,-43,1.5763476e+14,0.000000
10,-5,-54,1.5720488e+14,0.000000
10,-4,-6,1.5678147e+14,0.000000
9,-4,-46,1.5455488e+14,0.000000
10,1,-45,1.5192291e+14,0.000000
9,5,-54,1.5101891e+14,0.000000
9,-8,-24,1.4932307e+14,0.000000
9,-4,-55,1.4704853e+14,0.000000
9,5,-41,1.4688146e+14,0.000000
10,-4,-49,1.4369075e+14,0.000000
8,5,-49,1.4330305e+14,0.000000
10,7,-19,1.4194889e+14,0.000000
8,6,-44,1.3945689e+14,0.000000
9,5,-44,1.332032e+14,0.000000
10,5,-49,1.3300592e+14,0.000000
10,-8,-18,1.3293435e+14,0.000000
7,6,-41,1.3283157e+14,0.000000
8,8,-26,1.3245596e+14,0.000000
9,-7,-52,1.3146326e+14,0.000000
6,6,-49,1.2957188e+14,0.000000
9,-9,-51,1.2558026e+14,0.000000
10,8,-51,1.2516039e+14,0.000000
8,-1,-1,1.2495796e+14,0.000000
10,-7,-26,1.2314635e+14,0.000000
8,5,-50,1.2275896e+14,0.000000
9,7,-52,1.2264446e+14,0.000000
9,5,-45,1.2242278e+14,0.000000
10,6,-47,1.2048905e+14,0.000000
9,5,-42,1.1916127e+14,0.000000
8,-7,-54,1.1824268e+14,0.000000
10,5,-33,1.1274217e+14,0.000000
6,5,-55,1.1271284e+14,0.000000
9,6,-36,1.0611847e+14,0.000000
9,-9,-25,1.0489387e+14,0.000000
9,7,-55,1.0456545e+14,0.000000
10,7,-20,1.0448666e+14,0.000000
10,1,-46,1.0366292e+14,0.000000
9,-6,-44,1.0319719e+14,0.000000
9,-8,-25,1.0220719e+14,0.000000
10,-5,-29,1.0117137e+14,0.000000
10,6,-35,1.0094649e+14,0.000000
8,-7,-34,9.7957948e+13,0.000000
9,7,-32,9.7067432e+13,0.000000
10,6,-54,9.6507418e+13,0.000000
9,5,-39,9.6041251e+13,0.000000
6,6,-50,9.6026212e+13,0.000000
10,5,-48,9.444526e+13,0.000000
10,-3,-51,9.3654819e+13,0.000000
10,-7,-11,9.2408935e+13,0.000000
10,6,-36,9.153039e+13,0.000000
9,-8,-12,9.0386306e+13,0.000000
7,7,-33,8.950879e+13,0.000000
10,8,-14,8.9483858e+13,0.000000
10,-7,-46,8.9043825e+13,0.000000
8,7,-26,8.8958498e+13,0.000000
10,5,-50,8.8952756e+13,0.000000
9,-4,-47,8.4819463e+13,0.000000
8,-7,-44,8.3296282e+13,0.000000
10,-7,-27,8.2083993e+13,0.000000
10,-7,-54,8.2053524e+13,0.000000
6,6,-51,8.1447422e+13,0.000000
6,6,-54,8.06803e+13,0.000000
10,-9,-52,8.0469652e+13,0.000000
10,-8,-19,7.7949757e+13,0.000000
8,-7,-43,7.7029422e+13,0.000000
6,6,-52,7.6806672e+13,0.000000
8,6,-45,7.653638e+13,0.000000
7,6,-42,7.5736369e+13,0.000000
10,7,-21,7.4542093e+13,0.000000
8,8,-27,7.4449137e+13,0.000000
10,-8,-48,7.3415247e+13,0.000000
10,-7,-43,7.2898813e+13,0.000000
8,3,-4,7.218005e+13,0.000000
9,4,-53,7.1765537e+13,0.000000
9,-8,-45,7.072554e+13,0.000000
10,1,-47,7.054307e+13,0.000000
9,-8,-26,6.9392379e+13,0.000000
9,-6,-7,6.8983099e+13,0.000000
9,2,-3,6.8940253e+13,0.000000
9,6,-37,6.7841709e+13,0.000000
9,-8,-48,6.5326926e+13,0.000000
9,-9,-26,6.511761e+13,0.000000
9,-7,-51,6.3382791e+13,0.000000
8,5,-53,6.2090878e+13,0.000000
10,-5,-47,6.1489513e+13,0.000000
8,5,-51,6.0547379e+13,0.000000
8,-8,-55,5.7940623e+13,0.000000
10,-5,-30,5.779373e+13,0.000000
8,-7,-46,5.7785209e+13,0.000000
10,-7,-52,5.7293849e+13,0.000000
9,5,-40,5.5220406e+13,0.000000
10,5,-34,5.5071993e+13,0.000000
10,-7,-28,5.4225571e+13,0.000000
8,6,-46,5.3916104e+13,0.000000
6,6,-55,5.3212241e+13,0.000000
10,7,-22,5.1741082e+13,0.000000
9,6,-53,5.0633221e+13,0.000000
10,-3,-53,5.0313293e+13,0.000000
10,7,-11,5.0155634e+13,0.000000
10,-8,-20,5.0138051e+13,0.000000
10,-7,-53,5.0036659e+13,0.000000
10,4,-55,4.9556787e+13,0.000000
8,7,-27,4.921513e+13,0.000000
8,-7,-53,4.9094525e+13,0.000000
9,7,-33,4.899026e+13,0.000000
10,1,-48,4.8240166e+13,0.000000
8,-7,-35,4.8192382e+13,0.000000
9,4,-52,4.80104e+13,0.000000
10,6,-38,4.7552859e+13,0.000000
9,-8,-27,4.6882621e+13,0.000000
10,8,-15,4.6179868e+13,0.000000
9,9,-14,4.4535688e+13,0.000000
9,-9,-36,4.3275963e+13,0.000000
7,6,-43,4.297208e+13,0.000000
9,6,-38,4.1706492e+13,0.000000
8,8,-28,4.1621549e+13,0.000000
10,-9,-47,4.1439288e+13,0.000000
9,6,-48,4.1060435e+13,0.000000
10,6,-37,4.0594736e+13,0.000000
9,-9,-27,3.9894633e+13,0.000000
10,-10,-54,3.9673495e+13,0.000000
10,-6,-51,3.9103391e+13,0.000000
9,9,-13,3.8240263e+13,0.000000
9,-4,-48,3.8083535e+13,0.000000
9,9,-15,3.798465e+13,0.000000
10,-9,-44,3.7521004e+13,0.000000
7,7,-34,3.7107143e+13,0.000000
10,-8,-55,3.663205e+13,0.000000
10,1,-49,3.6574041e+13,0.000000
10,-8,-21,3.5982843e+13,0.000000
10,5,-53,3.5906901e+13,0.000000
10,-7,-29,3.5155984e+13,0.000000
10,7,-23,3.5042717e+13,0.000000
9,7,-49,3.4899075e+13,0.000000
8,5,-52,3.3477272e+13,0.000000
8,6,-47,3.3077229e+13,0.000000
9,8,-15,3.2906173e+13,0.000000
8,-7,-47,3.2791366e+13,0.000000
10,-5,-31,3.197055e+13,0.000000
9,-8,-49,3.1956869e+13,0.000000
9,8,-14,3.1735242e+13,0.000000
9,-8,-28,3.1462698e+13,0.000000
10,-6,-55,3.0129826e+13,0.000000
10,-10,-43,2.9984152e+13,0.000000
8,-8,-52,2.9910906e+13,0.000000
9,-8,-36,2.9878016e+13,0.000000
9,7,-34,2.9287691e+13,0.000000
9,9,-16,2.9122483e+13,0.000000
9,-8,-50,2.907505e+13,0.000000
9,8,-16,2.8978503e+13,0.000000
9,-6,-48,2.8459759e+13,0.000000
10,-8,-22,2.8256315e+13,0.000000
10,-10,-38,2.7584197e+13,0.000000
10,-3,-55,2.7309071e+13,0.000000
10,-5,-37,2.6951806e+13,0.000000
9,6,-39,2.6704772e+13,0.000000
8,7,-28,2.665113e+13,0.000000
9,-4,-52,2.6211413e+13,0.000000
10,-5,-50,2.5662551e+13,0.000000
10,6,-40,2.5045861e+13,0.000000
10,-7,-49,2.486473e+13,0.000000
8,-7,-36,2.4677926e+13,0.000000
9,-9,-28,2.4613927e+13,0.000000
10,5,-35,2.4403666e+13,0.000000
7,6,-44,2.4392511e+13,0.000000
8,-8,-45,2.4283721e+13,0.000000
10,8,-16,2.4247454e+13,0.000000
10,-9,-38,2.3606927e+13,0.000000
8,8,-29,2.3464177e+13,0.000000
10,-8,-23,2.3329269e+13,0.000000
10,7,-24,2.3221367e+13,0.000000
9,8,-17,2.3150324e+13,0.000000
10,-7,-30,2.3071572e+13,0.000000
9,-4,-49,2.2475258e+13,0.000000
9,8,-13,2.2369604e+13,0.000000
10,6,-7,2.2072889e+13,0.000000
10,1,-50,2.1259891e+13,0.000000
9,-8,-29,2.1133231e+13,0.000000
9,9,-17,2.09607e+13,0.000000
10,8,-50,2.0203213e+13,0.000000
9,-8,-38,1.9726086e+13,0.000000
10,-8,-24,1.9651284e+13,0.000000
8,-7,-37,1.8872781e+13,0.000000
9,-9,-50,1.8354705e+13,0.000000
8,-7,-49,1.8309275e+13,0.000000
10,-9,-10,1.8120505e+13,0.000000
10,9,-10,1.7971781e+13,0.000000
10,7,-8,1.7500421e+13,0.000000
9,8,-18,1.7360601e+13,0.000000
10,-5,-32,1.7286838e+13,0.000000
10,-10,-47,1.7147241e+13,0.000000
7,7,-35,1.650029e+13,0.000000
10,-8,-25,1.6398625e+13,0.000000
9,7,-53,1.6273604e+13,0.000000
9,6,-40,1.6202932e+13,0.000000
10,-9,-42,1.5909139e+13,0.000000
8,5,-54,1.5456623e+13,0.000000
10,-10,-52,1.5372167e+13,0.000000
10,7,-25,1.508116e+13,0.000000
9,-6,-55,1.5039304e+13,0.000000
10,-5,-48,1.480474e+13,0.000000
10,-9,-51,1.477223e+13,0.000000
9,-9,-29,1.4674405e+13,0.000000
10,6,-42,1.4567393e+13,0.000000
9,9,-18,1.4410317e+13,0.000000
10,-7,-31,1.437399e+13,0.000000
10,8,-55,1.4366771e+13,0.000000
8,7,-29,1.4190964e+13,0.000000
10,1,-51,1.4058689e+13,0.000000
9,-8,-30,1.4022562e+13,0.000000
7,6,-45,1.3884419e+13,0.000000
9,7,-54,1.3818722e+13,0.000000
10,-8,-26,1.3660194e+13,0.000000
10,8,-17,1.3332026e+13,0.000000
9,7,-35,1.3080034e+13,0.000000
10,-10,-37,1.3070298e+13,0.000000
8,8,-30,1.3048588e+13,0.000000
8,-7,-48,1.2633437e+13,0.000000
9,8,-19,1.2461539e+13,0.000000
10,-5,-55,1.2020791e+13,0.000000
10,-5,-41,1.2000795e+13,0.000000
10,5,-36,1.1640299e+13,0.000000
10,1,-54,1.1452725e+13,0.000000
10,8,-52,1.1336802e+13,0.000000
10,-10,-36,1.1243962e+13,0.000000
10,-8,-27,1.0935776e+13,0.000000
8,5,-55,1.0488152e+13,0.000000
9,6,-41,1.043619e+13,0.000000
10,6,-51,1.0363734e+13,0.000000
10,1,-52,1.0283385e+13,0.000000
9,6,-52,1.0046256e+13,0.000000
10,7,-26,9.6264337e+12,0.000000
9,-9,-55,9.6050394e+12,0.000000
9,9,-19,9.5603606e+12,0.000000
9,-8,-31,9.4904523e+12,0.000000
10,-7,-32,9.2913705e+12,0.000000
8,-7,-52,9.1561488e+12,0.000000
9,-9,-30,9.0399298e+12,0.000000
10,-8,-28,8.993034e+12,0.000000
9,7,-36,8.9842414e+12,0.000000
10,-5,-33,8.9250312e+12,0.000000
9,6,-50,8.8880911e+12,0.000000
10,6,-44,8.8821395e+12,0.000000
9,8,-20,8.6640891e+12,0.000000
9,7,-51,8.6589782e+12,0.000000
10,-9,-40,8.643576e+12,0.000000
10,-5,-51,8.4832569e+12,0.000000
10,-10,-55,8.4241119e+12,0.000000
10,5,-47,8.4122823e+12,0.000000
10,-7,-37,8.4103899e+12,0.000000
10,-10,-46,8.2195807e+12,0.000000
9,-8,-37,8.0716208e+12,0.000000
7,6,-46,7.8774275e+12,0.000000
10,8,-18,7.7515168e+12,0.000000
10,8,-54,7.671118e+12,0.000000
9,-4,-53,7.600348e+12,0.000000
8,8,-31,7.4419582e+12,0.000000
8,7,-30,7.3466141e+12,0.000000
10,-8,-31,7.2706968e+12,0.000000
9,8,-12,7.0555448e+12,0.000000
10,-8,-29,6.7517804e+12,0.000000
9,6,-54,6.4579663e+12,0.000000
10,-9,-39,6.4440735e+12,0.000000
10,-9,-46,6.432289e+12,0.000000
9,-8,-32,6.1783136e+12,0.000000
9,9,-20,6.1634859e+12,0.000000
9,6,-42,6.1087542e+12,0.000000
10,7,-27,6.0364218e+12,0.000000
7,7,-36,5.9842717e+12,0.000000
10,1,-53,5.9643186e+12,0.000000
10,6,-46,5.9539832e+12,0.000000
9,8,-21,5.8788992e+12,0.000000
10,6,-41,5.8488234e+12,0.000000
10,-8,-30,5.7201874e+12,0.000000
9,-8,-43,5.7195286e+12,0.000000
10,-7,-33,5.6825281e+12,0.000000
10,5,-37,5.6458322e+12,0.000000
9,-8,-34,5.4568942e+12,0.000000
10,-8,-32,5.4025281e+12,0.000000
10,-5,-52,5.2852909e+12,0.000000
9,-9,-31,5.2211264e+12,0.000000
9,-8,-47,5.0551296e+12,0.000000
9,-8,-11,4.9614734e+12,0.000000
9,-8,-51,4.9568826e+12,0.000000
10,-7,-36,4.9545315e+12,0.000000
9,-9,-53,4.906549e+12,0.000000
10,-5,-49,4.8161453e+12,0.000000
10,8,-19,4.7756411e+12,0.000000
10,-5,-34,4.59452e+12,0.000000
9,-6,-51,4.5526354e+12,0.000000
7,6,-47,4.5216636e+12,0.000000
8,-3,-4,4.3429318e+12,0.000000
10,1,-55,4.2991652e+12,0.000000
9,-8,-33,4.1994473e+12,0.000000
9,-2,-2,4.1869338e+12,0.000000
7,6,-48,4.185421e+12,0.000000
9,6,-43,4.1329273e+12,0.000000
8,8,-32,4.0842803e+12,0.000000
10,-7,-51,4.0513514e+12,0.000000
8,6,-51,4.0453498e+12,0.000000
10,6,-43,4.0291728e+12,0.000000
9,8,-22,3.9124571e+12,0.000000
9,9,-21,3.8800493e+12,0.000000
8,-7,-38,3.8601906e+12,0.000000
8,7,-31,3.7602206e+12,0.000000
9,-9,-32,3.7450273e+12,0.000000
10,7,-28,3.7427938e+12,0.000000
10,-3,-3,3.6746949e+12,0.000000
10,-7,-34,3.65925e+12,0.000000
10,5,-54,3.3908813e+12,0.000000
7,7,-52,3.3185558e+12,0.000000
7,6,-53,3.3100153e+12,0.000000
10,6,-39,3.1366702e+12,0.000000
10,8,-20,3.1093637e+12,0.000000
10,-9,-53,3.0963033e+12,0.000000
9,7,-37,3.090989e+12,0.000000
10,6,-45,3.0149794e+12,0.000000
10,-8,-33,3.001308e+12,0.000000
10,2,-2,2.8807982e+12,0.000000
10,-5,-39,2.8717854e+12,0.000000
10,5,-38,2.8561486e+12,0.000000
9,7,-38,2.8533844e+12,0.000000
10,5,-39,2.8291272e+12,0.000000
10,-7,-35,2.7216429e+12,0.000000
9,6,-49,2.7130919e+12,0.000000
9,8,-23,2.5629538e+12,0.000000
7,7,-37,2.4981313e+12,0.000000
10,5,-41,2.4879315e+12,0.000000
7,7,-55,2.4673755e+12,0.000000
8,8,-33,2.3988661e+12,0.000000
9,9,-22,2.3936238e+12,0.000000
10,-9,-48,2.3552504e+12,0.000000
9,6,-44,2.306126e+12,0.000000
10,7,-29,2.2723501e+12,0.000000
10,-5,-38,2.2551879e+12,0.000000
9,-9,-33,2.2129731e+12,0.000000
10,-7,-48,2.2014522e+12,0.000000
10,5,-43,2.2008408e+12,0.000000
10,-9,-54,2.1708719e+12,0.000000
10,-5,-35,2.1565405e+12,0.000000
10,8,-21,2.1239343e+12,0.000000
10,-7,-38,2.0774232e+12,0.000000
10,5,-45,2.0528859e+12,0.000000
10,5,-55,1.951107e+12,0.000000
10,5,-51,1.9489011e+12,0.000000
10,-7,-10,1.9084426e+12,0.000000
9,-9,-34,1.889671e+12,0.000000
10,7,-54,1.8737009e+12,0.000000
9,-9,-12,1.8523929e+12,0.000000
8,7,-32,1.8464183e+12,0.000000
10,5,-40,1.8011266e+12,0.000000
8,8,-10,1.7383209e+12,0.000000
10,-8,-11,1.73797e+12,0.000000
9,8,-24,1.6564182e+12,0.000000
9,6,-45,1.5695626e+12,0.000000
7,6,-49,1.5451846e+12,0.000000
10,7,-49,1.5119592e+12,0.000000
10,8,-22,1.5054285e+12,0.000000
10,-5,-36,1.4738643e+12,0.000000
7,6,-50,1.4641745e+12,0.000000
9,-5,-6,1.46239e+12,0.000000
9,9,-23,1.4503107e+12,0.000000
10,-9,-50,1.3987935e+12,0.000000
10,7,-30,1.3855895e+12,0.000000
10,7,-52,1.3485322e+12,0.000000
10,5,-42,1.3379016e+12,0.000000
7,6,-52,1.2950178e+12,0.000000
8,-7,-51,1.2851076e+12,0.000000
8,8,-34,1.2691393e+12,0.000000
10,-7,-8,1.2621729e+12,0.000000
10,5,-44,1.2561701e+12,0.000000
9,-9,-52,1.2201805e+12,0.000000
10,-10,-35,1.2153676e+12,0.000000
9,-9,-49,1.1535817e+12,0.000000
10,7,-10,1.1470769e+12,0.000000
10,8,-23,1.0919172e+12,0.000000
9,8,-25,1.0587509e+12,0.000000
8,-8,-10,1.0079742e+12,0.000000
10,-9,-37,9.4513414e+11,0.000000
8,7,-33,8.9184048e+11,0.000000
9,9,-24,8.6533248e+11,0.000000
9,6,-47,8.6011115e+11,0.000000
9,7,-40,8.4763825e+11,0.000000
9,6,-46,8.4145165e+11,0.000000
9,-9,-35,8.1587209e+11,0.000000
10,7,-31,8.1126435e+11,0.000000
10,8,-24,8.0345e+11,0.000000
8,8,-35,7.9519955e+11,0.000000
10,-5,-40,7.5788964e+11,0.000000
8,8,-53,7.0830681e+11,0.000000
8,8,-50,6.9347854e+11,0.000000
7,7,-38,6.7676679e+11,0.000000
9,8,-26,6.6992713e+11,0.000000
9,7,-39,6.2874834e+11,0.000000
10,-10,-53,6.0949182e+11,0.000000
10,8,-25,5.8941695e+11,0.000000
7,6,-51,5.4934142e+11,0.000000
8,6,-55,5.4765815e+11,0.000000
10,6,-55,5.4146455e+11,0.000000
9,9,-25,5.0836367e+11,0.000000
8,8,-55,4.9835982e+11,0.000000
7,7,-54,4.9675526e+11,0.000000
10,7,-32,4.8950641e+11,0.000000
10,5,-52,4.795443e+11,0.000000
9,9,-52,4.3940326e+11,0.000000
10,-9,-18,4.3816191e+11,0.000000
10,8,-26,4.3527649e+11,0.000000
9,8,-27,4.2087143e+11,0.000000
10,-9,-19,4.1939748e+11,0.000000
9,7,-42,4.1821466e+11,0.000000
10,-9,-17,4.1297831e+11,0.000000
8,7,-34,4.081691e+11,0.000000
9,-6,-8,4.0232787e+11,0.000000
8,8,-36,3.9048874e+11,0.000000
9,8,-11,3.8388076e+11,0.000000
10,7,-51,3.7506832e+11,0.000000
10,-9,-20,3.7127162e+11,0.000000
10,8,-11,3.6178229e+11,0.000000
10,-5,-43,3.4273248e+11,0.000000
10,-9,-16,3.3854793e+11,0.000000
8,8,-51,3.3503488e+11,0.000000
10,-9,-41,3.3351241e+11,0.000000
8,-7,-9,3.329097e+11,0.000000
9,7,-44,3.3018974e+11,0.000000
7,6,-54,3.2677864e+11,0.000000
10,-1,-2,3.2382208e+11,0.000000
10,8,-27,3.1208529e+11,0.000000
10,-9,-21,3.0938468e+11,0.000000
10,7,-55,3.0639326e+11,0.000000
7,7,-53,2.9975872e+11,0.000000
9,9,-26,2.9545215e+11,0.000000
8,8,-54,2.9378984e+11,0.000000
10,5,-7,2.8473364e+11,0.000000
9,6,-8,2.8463107e+11,0.000000
10,7,-33,2.7918271e+11,0.000000
8,8,-37,2.7458784e+11,0.000000
9,8,-28,2.6201148e+11,0.000000
10,7,-53,2.5464371e+11,0.000000
10,-9,-22,2.4584875e+11,0.000000
7,7,-39,2.3579395e+11,0.000000
10,-6,-7,2.3247938e+11,0.000000
10,8,-28,2.3085258e+11,0.000000
10,-9,-15,2.2758084e+11,0.000000
10,-9,-43,2.2642131e+11,0.000000
9,7,-48,2.1822883e+11,0.000000
9,7,-46,2.0788217e+11,0.000000
7,7,-49,2.0110551e+11,0.000000
9,7,-47,1.9694453e+11,0.000000
10,10,-53,1.9146376e+11,0.000000
10,-9,-23,1.8807554e+11,0.000000
8,7,-35,1.8386316e+11,0.000000
9,9,-27,1.6890552e+11,0.000000
10,7,-34,1.6605157e+11,0.000000
9,8,-29,1.6296466e+11,0.000000
10,-9,-36,1.6292945e+11,0.000000
10,8,-29,1.5608526e+11,0.000000
7,7,-51,1.4419985e+11,0.000000
8,-4,-5,1.4236386e+11,0.000000
10,-9,-24,1.395734e+11,0.000000
9,3,-4,1.3309294e+11,0.000000
9,7,-43,1.2860505e+11,0.000000
9,8,-50,1.2496835e+11,0.000000
10,-9,-55,1.2478546e+11,0.000000
10,8,-30,1.2112385e+11,0.000000
8,8,-38,1.1919455e+11,0.000000
8,8,-52,1.1430967e+11,0.000000
10,-9,-14,1.1169704e+11,0.000000
9,-2,-3,1.0931086e+11,0.000000
7,6,-55,1.0599721e+11,0.000000
10,-9,-25,1.0096598e+11,0.000000
9,8,-30,9.9916385e+10,0.000000
8,8,-39,9.8224072e+10,0.000000
9,9,-28,9.6463713e+10,0.000000
10,-10,-18,9.2205649e+10,0.000000
8,7,-54,9.2035099e+10,0.000000
9,1,-1,9.1142286e+10,0.000000
10,7,-35,8.8404249e+10,0.000000
9,6,-51,8.7177082e+10,0.000000
10,-10,-19,8.5394143e+10,0.000000
10,2,-3,7.8664956e+10,0.000000
10,-10,-17,7.4354363e+10,0.000000
10,8,-31,7.1715797e+10,0.000000
10,-9,-26,7.1609306e+10,0.000000
8,7,-36,7.1562972e+10,0.000000
9,9,-12,6.9804652e+10,0.000000
10,-10,-14,6.9698673e+10,0.000000
10,-10,-20,6.7488326e+10,0.000000
9,7,-41,6.7084599e+10,0.000000
9,8,-51,6.6258877e+10,0.000000
10,8,-32,6.4366162e+10,0.000000
9,8,-31,6.2128809e+10,0.000000
10,9,-52,6.0012079e+10,0.000000
7,7,-47,5.9695349e+10,0.000000
7,7,-45,5.9391803e+10,0.000000
10,7,-36,5.7188336e+10,0.000000
9,6,-55,5.6528591e+10,0.000000
9,9,-29,5.353815e+10,0.000000
7,7,-48,5.3286003e+10,0.000000
8,7,-52,5.0939728e+10,0.000000
10,-2,-2,5.0265123e+10,0.000000
10,-9,-27,4.9847089e+10,0.000000
10,-10,-21,4.8557408e+10,0.000000
7,7,-43,4.7205104e+10,0.000000
7,7,-46,4.5313229e+10,0.000000
10,8,-48,4.0573978e+10,0.000000
7,7,-44,4.0405121e+10,0.000000
8,8,-41,3.750268e+10,0.000000
9,8,-32,3.7497782e+10,0.000000
10,8,-34,3.732297e+10,0.000000
9,9,-11,3.696049e+10,0.000000
10,-9,-28,3.5416916e+10,0.000000
10,-9,-49,3.3505108e+10,0.000000
8,8,-40,3.3134385e+10,0.000000
10,-10,-22,3.2998645e+10,0.000000
10,-10,-16,3.1479115e+10,0.000000
9,9,-30,3.0560289e+10,0.000000
9,-9,-11,2.9448988e+10,0.000000
8,7,-37,2.9375103e+10,0.000000
10,8,-33,2.858124e+10,0.000000
7,7,-42,2.8450924e+10,0.000000
10,-9,-13,2.7948627e+10,0.000000
7,7,-40,2.7113314e+10,0.000000
10,8,-47,2.6590797e+10,0.000000
10,7,-37,2.5823846e+10,0.000000
10,8,-36,2.4193749e+10,0.000000
9,-1,-1,2.383686e+10,0.000000
9,8,-33,2.3460273e+10,0.000000
10,-9,-29,2.3115788e+10,0.000000
10,8,-46,2.2769537e+10,0.000000
10,8,-44,2.2208608e+10,0.000000
10,-10,-23,2.1659688e+10,0.000000
7,7,-41,2.0967865e+10,0.000000
9,7,-45,2.0885579e+10,0.000000
9,8,-52,2.0110632e+10,0.000000
10,8,-40,1.991029e+10,0.000000
10,8,-53,1.9697417e+10,0.000000
10,7,-38,1.9059131e+10,0.000000
10,8,-38,1.8969369e+10,0.000000
8,7,-9,1.8333581e+10,0.000000
10,8,-49,1.7552343e+10,0.000000
10,-10,-34,1.744786e+10,0.000000
9,9,-31,1.6210063e+10,0.000000
10,8,-42,1.6170387e+10,0.000000
10,9,-53,1.6059374e+10,0.000000
8,7,-55,1.5838747e+10,0.000000
10,-9,-30,1.5722737e+10,0.000000
8,7,-49,1.544834e+10,0.000000
10,8,-45,1.5019982e+10,0.000000
10,-10,-24,1.3964892e+10,0.000000
9,8,-34,1.3933862e+10,0.000000
8,8,-43,1.3490072e+10,0.000000
9,-8,-55,1.3007442e+10,0.000000
9,-7,-9,1.1486365e+10,0.000000
10,9,-17,1.1010543e+10,0.000000
10,9,-16,1.0813266e+10,0.000000
10,5,-6,1.0767702e+10,0.000000
9,8,-55,1.0315997e+10,0.000000
10,-9,-31,1.0246075e+10,0.000000
10,9,-18,1.0155243e+10,0.000000
9,9,-32,9.6185285e+09,0.000000
10,-10,-15,9.6132162e+09,0.000000
10,6,-8,9.2726263e+09,0.000000
8,7,-38,9.2449315e+09,0.000000
10,9,-15,9.240571e+09,0.000000
8,8,-42,9.2231088e+09,0.000000
10,7,-48,9.0920091e+09,0.000000
10,-10,-25,8.8792327e+09,0.000000
9,8,-35,8.8660926e+09,0.000000
10,8,-35,8.8577134e+09,0.000000
10,9,-19,8.6905957e+09,0.000000
9,8,-53,7.8394335e+09,0.000000
10,-9,-32,7.2237146e+09,0.000000
8,7,-53,7.1706072e+09,0.000000
9,9,-53,7.1576633e+09,0.000000
10,9,-20,7.0119564e+09,0.000000
8,8,-44,6.6924938e+09,0.000000
10,9,-54,6.6781472e+09,0.000000
10,8,-43,6.6517452e+09,0.000000
10,7,-39,6.349703e+09,0.000000
10,9,-14,6.3087572e+09,0.000000
9,-3,-4,5.7387474e+09,0.000000
8,8,-45,5.7353268e+09,0.000000
10,-10,-26,5.6954086e+09,0.000000
10,9,-21,5.3940085e+09,0.000000
10,-9,-33,5.3301436e+09,0.000000
9,8,-36,5.1118093e+09,0.000000
9,4,-5,4.7939423e+09,0.000000
10,-9,-34,4.7547502e+09,0.000000
9,9,-33,4.5693547e+09,0.000000
9,8,-54,4.0722972e+09,0.000000
10,9,-22,3.9882222e+09,0.000000
10,1,-2,3.8112253e+09,0.000000
10,-2,-3,3.6588897e+09,0.000000
10,-10,-27,3.5687584e+09,0.000000
10,10,-54,3.504462e+09,0.000000
9,8,-37,3.4325815e+09,0.000000
10,10,-55,3.4240999e+09,0.000000
10,10,-14,3.3946278e+09,0.000000
9,9,-34,3.1665502e+09,0.000000
10,-6,-8,3.1652564e+09,0.000000
9,9,-54,3.0591141e+09,0.000000
8,7,-39,2.974487e+09,0.000000
10,9,-23,2.8509394e+09,0.000000
8,8,-48,2.7784298e+09,0.000000
8,8,-46,2.6834626e+09,0.000000
10,-9,-35,2.6314796e+09,0.000000
10,9,-13,2.5505265e+09,0.000000
8,7,-44,2.4230691e+09,0.000000
10,-10,-28,2.3734283e+09,0.000000
9,7,-9,2.2181813e+09,0.000000
10,7,-42,2.1802208e+09,0.000000
10,10,-17,2.1668583e+09,0.000000
8,7,-42,2.1289857e+09,0.000000
10,-5,-7,2.0303284e+09,0.000000
10,10,-18,2.0270617e+09,0.000000
10,7,-41,1.9953704e+09,0.000000
10,9,-24,1.9800392e+09,0.000000
8,7,-51,1.9662913e+09,0.000000
10,7,-44,1.9343629e+09,0.000000
8,7,-40,1.9184609e+09,0.000000
8,8,-47,1.8786562e+09,0.000000
8,7,-45,1.8382207e+09,0.000000
9,8,-38,1.8360027e+09,0.000000
8,7,-43,1.8120666e+09,0.000000
8,7,-46,1.7676002e+09,0.000000
10,8,-37,1.5474327e+09,0.000000
10,10,-19,1.5382791e+09,0.000000
10,10,-16,1.4847334e+09,0.000000
10,-10,-29,1.4157522e+09,0.000000
10,-10,-32,1.4154062e+09,0.000000
8,7,-41,1.3932637e+09,0.000000
8,7,-48,1.3744539e+09,0.000000
10,-10,-30,1.3619189e+09,0.000000
10,9,-25,1.3398697e+09,0.000000
9,8,-39,1.3284777e+09,0.000000
8,7,-47,1.2761625e+09,0.000000
10,8,-39,1.1540287e+09,0.000000
10,7,-46,1.1478771e+09,0.000000
9,9,-35,1.1392723e+09,0.000000
9,9,-36,1.1312847e+09,0.000000
10,7,-47,1.0659119e+09,0.000000
10,10,-20,1.041709e+09,0.000000
10,-10,-31,9.1693706e+08,0.000000
10,9,-26,8.8745958e+08,0.000000
10,7,-40,7.8289682e+08,0.000000
8,8,-49,7.397525e+08,0.000000
9,9,-55,6.7285707e+08,0.000000
10,10,-21,6.5937107e+08,0.000000
9,8,-40,6.5273474e+08,0.000000
9,8,-41,5.7723297e+08,0.000000
10,9,-27,5.7515232e+08,0.000000
10,8,-41,5.5076292e+08,0.000000
9,9,-51,5.2249139e+08,0.000000
10,10,-15,5.1942766e+08,0.000000
9,9,-38,5.1196546e+08,0.000000
10,7,-43,4.7418532e+08,0.000000
10,9,-51,4.703263e+08,0.000000
10,-10,-12,4.5156531e+08,0.000000
10,10,-22,4.0034614e+08,0.000000
10,10,-12,3.9931216e+08,0.000000
10,9,-28,3.6794193e+08,0.000000
9,9,-40,3.0496482e+08,0.000000
9,8,-42,2.684309e+08,0.000000
9,9,-49,2.560814e+08,0.000000
10,10,-23,2.3679382e+08,0.000000
10,-10,-33,2.3224016e+08,0.000000
10,9,-29,2.2942147e+08,0.000000
9,9,-48,2.282235e+08,0.000000
9,8,-43,2.2360212e+08,0.000000
9,9,-37,2.1096839e+08,0.000000
9,9,-46,2.0751315e+08,0.000000
9,9,-47,1.9491906e+08,0.000000
9,9,-44,1.5907836e+08,0.000000
10,10,-52,1.5390681e+08,0.000000
10,9,-30,1.4437661e+08,0.000000
9,8,-10,1.3900521e+08,0.000000
10,10,-24,1.3807337e+08,0.000000
9,9,-45,1.3422885e+08,0.000000
9,8,-45,1.1012853e+08,0.000000
10,7,-45,89462977,0.000000
10,9,-31,85882898,0.000000
10,10,-25,79477441,0.000000
9,8,-44,68707789,0.000000
9,9,-50,61108233,0.000000
10,9,-32,54801565,0.000000
9,8,-47,53006365,0.000000
10,10,-26,46063464,0.000000
10,10,-50,43012351,0.000000
10,10,-51,42537165,0.000000
10,10,-49,32721107,0.000000
10,9,-33,30128988,0.000000
9,8,-49,29558624,0.000000
10,10,-48,27424011,0.000000
9,-8,-10,26191475,0.000000
10,10,-27,26068840,0.000000
10,10,-47,24211920,0.000000
10,9,-34,20464415,0.000000
9,8,-48,18569526,0.000000
10,10,-46,17300909,0.000000
9,9,-43,16890074,0.000000
9,9,-39,16616257,0.000000
10,10,-28,15569821,0.000000
10,10,-45,12593743,0.000000
9,9,-41,12577578,0.000000
10,10,-44,10760429,0.000000
10,9,-35,10313712,0.000000
10,9,-55,10121413,0.000000
10,-9,-12,9793980.2,0.000000
10,9,-50,9077643.9,0.000000
10,10,-29,8377308.8,0.000000
10,9,-36,7635702.2,0.000000
10,8,-10,7375223.5,0.000000
9,8,-46,7184396.3,0.000000
10,10,-30,5771547.6,0.000000
10,9,-49,5198664,0.000000
9,9,-42,4696053.8,0.000000
10,9,-11,4690071.7,0.000000
10,9,-38,3586948.9,0.000000
10,4,-5,3068761.5,0.000000
10,9,-37,2972956.5,0.000000
10,10,-32,2549562.5,0.000000
10,10,-31,2468130.6,0.000000
10,-5,-6,1886731.9,0.000000
10,10,-34,1841027.4,0.000000
10,9,-48,1765767.8,0.000000
10,9,-40,1743040.8,0.000000
10,9,-46,1557284.8,0.000000
10,-9,-11,1381094.6,0.000000
10,9,-12,1019737.9,0.000000
10,-10,-13,816555.38,0.000000
9,-4,-5,757985.02,0.000000
10,10,-41,698943.13,0.000000
10,9,-39,605823.15,0.000000
10,10,-40,594218.02,0.000000
10,10,-42,533060.29,0.000000
10,10,-33,511412.57,0.000000
10,9,-45,503538.82,0.000000
10,10,-38,499570.44,0.000000
10,-8,-10,481298.34,0.000000
10,10,-39,452028.23,0.000000
10,9,-47,314351.62,0.000000
10,10,-36,284325.17,0.000000
10,10,-43,271886.33,0.000000
10,10,-37,268245.67,0.000000
10,9,-42,178060.1,0.000000
10,9,-41,175654.95,0.000000
10,10,-35,169533.61,0.000000
10,9,-44,111408.83,0.000000
10,3,-4,60620.58,0.000000
10,10,-13,46803.15,0.000000
10,9,-43,38590.911,0.000000
10,-1,-1,18975.669,0.000000
10,-7,-9,10739.977,0.000000
10,7,-9,8190.0986,0.000000
10,-4,-5,1379.6314,0.000000
10,-3,-4,967.8047,0.000000
10,1,-1,472.44326,0.000000
2,0,0,0,0.000000
3,0,0,0,0.000000
4,0,0,0,0.000000
5,0,0,0,0.000000
6,0,0,0,0.000000
7,0,0,0,0.000000
8,0,0,0,0.000000
9,0,0,0,0.000000
10,0,0,0,0.000000
