l,m,n,power,fraction_pct
2,-2,3,4.5799457e+45,36.268751
2,-2,2,3.6322759e+45,28.764121
2,-2,4,1.4665969e+45,11.614032
2,-2,1,6.3094421e+44,4.996469
2,-2,5,6.084056e+44,4.817985
2,-2,-1,5.9203962e+44,4.688383
2,-2,6,2.9428627e+44,2.330463
2,-2,7,1.5483129e+44,1.226114
2,-2,0,1.2334153e+44,0.976746
3,-3,4,1.2176362e+44,0.964250
2,-2,8,8.5701681e+43,0.678675
2,-2,9,4.8998829e+43,0.388023
3,-3,5,3.9309522e+43,0.311293
3,-3,3,3.184409e+43,0.252174
2,-2,10,2.8613185e+43,0.226589
2,-1,1,2.6048007e+43,0.206275
2,-2,11,1.6939977e+43,0.134148
3,-3,6,1.5679387e+43,0.124166
2,-1,2,1.3649412e+43,0.108090
2,-2,12,1.0115486e+43,0.080105
3,-3,7,8.4215339e+42,0.066690
3,-3,2,7.7332145e+42,0.061240
2,0,-1,7.6569644e+42,0.060636
2,0,1,7.6569644e+42,0.060636
2,-1,0,6.6025054e+42,0.052285
2,-2,13,6.0697835e+42,0.048067
2,-2,-2,6.0158047e+42,0.047639
3,-3,8,5.1917574e+42,0.041114
3,-3,1,4.3787971e+42,0.034676
2,-1,3,4.0085014e+42,0.031743
2,-2,14,3.6499658e+42,0.028904
3,-3,9,3.4279268e+42,0.027146
3,-3,0,3.3092603e+42,0.026206
4,-4,5,2.8267174e+42,0.022385
3,-3,10,2.3449107e+42,0.018569
2,-2,15,2.1951951e+42,0.017384
4,-4,6,1.7965124e+42,0.014227
3,-3,11,1.6326701e+42,0.012929
2,-1,4,1.483076e+42,0.011745
2,-2,16,1.3186344e+42,0.010442
3,-2,3,1.2685562e+42,0.010046
3,-3,12,1.1452994e+42,0.009070
3,-3,-1,9.1029712e+41,0.007209
3,-3,-2,8.5092593e+41,0.006739
3,-3,13,8.0447168e+41,0.006371
2,-2,17,7.9041727e+41,0.006259
3,-2,2,7.6968358e+41,0.006095
2,0,-2,7.6940849e+41,0.006093
2,0,2,7.6940849e+41,0.006093
2,-1,5,6.3098094e+41,0.004997
4,-4,7,5.7743216e+41,0.004573
3,-1,0,5.6802308e+41,0.004498
2,-2,-3,5.6604799e+41,0.004483
3,-3,14,5.636272e+41,0.004463
4,-4,4,5.4377954e+41,0.004306
2,-2,18,4.7256884e+41,0.003742
3,-3,15,3.9289907e+41,0.003111
3,-2,4,3.9100875e+41,0.003096
2,-1,6,2.9277444e+41,0.002318
2,-2,19,2.8177158e+41,0.002231
4,-4,8,2.7461049e+41,0.002175
3,-3,16,2.7207356e+41,0.002155
4,-3,4,2.5667804e+41,0.002033
3,-1,2,2.5445912e+41,0.002015
3,-3,17,1.8697876e+41,0.001481
2,2,-1,1.7688011e+41,0.001401
3,-2,5,1.6896063e+41,0.001338
2,-2,20,1.6757901e+41,0.001327
4,-4,9,1.5873243e+41,0.001257
4,-4,3,1.574809e+41,0.001247
2,-1,7,1.4376389e+41,0.001138
3,-1,3,1.3549516e+41,0.001073
3,-3,18,1.2746581e+41,0.001009
2,0,-3,1.1815855e+41,0.000936
2,0,3,1.1815855e+41,0.000936
5,-5,7,1.0484176e+41,0.000830
4,-4,10,1.0290775e+41,0.000815
3,-2,1,9.9746691e+40,0.000790
2,-2,21,9.9446196e+40,0.000788
3,-2,6,8.8219543e+40,0.000699
3,-3,19,8.6189487e+40,0.000683
4,-3,5,8.4547398e+40,0.000670
2,-1,8,7.3336316e+40,0.000581
4,-4,11,7.1981928e+40,0.000570
3,-1,4,6.7077501e+40,0.000531
4,-4,2,6.6373187e+40,0.000526
3,-1,1,6.2004662e+40,0.000491
2,1,0,5.9044162e+40,0.000468
2,-2,22,5.891392e+40,0.000467
3,-3,20,5.7819506e+40,0.000458
4,-4,12,5.2988313e+40,0.000420
5,-5,6,5.1841065e+40,0.000411
4,-3,3,5.1398778e+40,0.000407
2,-2,-4,5.125674e+40,0.000406
3,-2,7,5.0716844e+40,0.000402
4,-4,13,4.0292289e+40,0.000319
3,-3,21,3.8500096e+40,0.000305
2,-1,9,3.8393404e+40,0.000304
2,1,1,3.4903609e+40,0.000276
2,-2,23,3.486231e+40,0.000276
4,-4,1,3.472854e+40,0.000275
3,-1,5,3.3399641e+40,0.000264
4,-3,6,3.3072319e+40,0.000262
4,-4,14,3.1207769e+40,0.000247
3,-2,8,3.0781862e+40,0.000244
5,-5,8,2.9180803e+40,0.000231
3,1,0,2.8049256e+40,0.000222
3,-3,22,2.5462657e+40,0.000202
4,-4,15,2.4372222e+40,0.000193
2,0,-4,2.2120989e+40,0.000175
2,0,4,2.2120989e+40,0.000175
2,-2,24,2.0618633e+40,0.000163
2,-1,10,2.0455356e+40,0.000162
3,-2,9,1.9288929e+40,0.000153
4,-4,16,1.9055998e+40,0.000151
2,-1,-2,1.8769727e+40,0.000149
4,-3,7,1.7465899e+40,0.000138
2,1,2,1.7003761e+40,0.000135
3,-1,6,1.6896662e+40,0.000134
3,-3,23,1.6739375e+40,0.000133
4,-4,17,1.4844617e+40,0.000118
2,2,2,1.4051577e+40,0.000111
5,-4,5,1.286877e+40,0.000102
5,-5,9,1.2794285e+40,0.000101
2,-2,-5,1.260622e+40,0.000100
4,-4,0,1.2528065e+40,0.000099
3,-2,10,1.2314975e+40,0.000098
2,-2,25,1.2194896e+40,0.000097
2,2,3,1.1872311e+40,0.000094
2,-1,-1,1.1836078e+40,0.000094
4,-4,18,1.1484712e+40,0.000091
2,2,1,1.1343967e+40,0.000090
2,-1,11,1.1023804e+40,0.000087
3,-3,24,1.0947991e+40,0.000087
4,-3,8,1.0667021e+40,0.000084
2,2,0,9.8638332e+39,0.000078
5,-5,5,9.862941e+39,0.000078
2,-1,-3,9.396663e+39,0.000074
5,-4,6,9.2101689e+39,0.000073
3,-2,-1,9.1008616e+39,0.000072
4,-4,19,8.8068219e+39,0.000070
2,2,4,8.7104507e+39,0.000069
3,-1,7,8.669461e+39,0.000069
2,1,3,8.2947796e+39,0.000066
3,-2,11,7.9435505e+39,0.000063
2,-2,26,7.2167147e+39,0.000057
3,-3,25,7.1295291e+39,0.000056
4,-3,9,7.0644559e+39,0.000056
5,-5,10,7.0151779e+39,0.000056
4,-4,-1,6.9379706e+39,0.000055
2,2,-2,6.782942e+39,0.000054
4,-4,20,6.686266e+39,0.000053
4,-3,2,6.5684559e+39,0.000052
4,-4,-2,6.2703195e+39,0.000050
2,2,5,6.0118245e+39,0.000048
2,-1,12,5.9822624e+39,0.000047
3,-2,12,5.1478261e+39,0.000041
6,-6,8,5.0584603e+39,0.000040
4,-4,21,5.0236077e+39,0.000040
4,-3,10,4.9120821e+39,0.000039
3,-2,0,4.8543252e+39,0.000038
3,-3,26,4.6267799e+39,0.000037
3,-1,8,4.4932636e+39,0.000036
2,0,-5,4.4849627e+39,0.000036
2,0,5,4.4849627e+39,0.000036
2,-1,-4,4.2769306e+39,0.000034
5,-5,11,4.2755258e+39,0.000034
2,-2,27,4.2750828e+39,0.000034
2,1,4,4.1725154e+39,0.000033
2,2,6,4.0188668e+39,0.000032
2,-2,-6,3.8574956e+39,0.000031
4,-4,22,3.735338e+39,0.000030
4,-3,11,3.5163608e+39,0.000028
3,-3,-3,3.3518075e+39,0.000027
3,-2,13,3.3388282e+39,0.000026
2,-1,13,3.2577896e+39,0.000026
3,-1,-2,3.1075e+39,0.000025
3,-3,27,2.9945068e+39,0.000024
5,-4,7,2.9939665e+39,0.000024
5,-5,12,2.7820953e+39,0.000022
5,-5,4,2.7717233e+39,0.000022
4,-4,23,2.7497643e+39,0.000022
2,2,7,2.6338893e+39,0.000021
4,-3,12,2.5582527e+39,0.000020
2,-2,28,2.5360686e+39,0.000020
3,-1,9,2.3428352e+39,0.000019
2,1,5,2.1636556e+39,0.000017
3,-2,14,2.1615207e+39,0.000017
4,-4,24,2.0053445e+39,0.000016
2,-1,-5,1.9828638e+39,0.000016
3,-3,28,1.934221e+39,0.000015
5,-5,13,1.9061813e+39,0.000015
5,-3,4,1.8763118e+39,0.000015
4,-3,13,1.8751732e+39,0.000015
2,-1,14,1.7757464e+39,0.000014
2,2,8,1.7019755e+39,0.000013
6,-6,9,1.6994404e+39,0.000013
5,-4,4,1.6343971e+39,0.000013
3,1,2,1.6099625e+39,0.000013
3,1,3,1.5406273e+39,0.000012
2,-2,29,1.507034e+39,0.000012
5,-4,8,1.451086e+39,0.000011
4,-4,25,1.4499564e+39,0.000011
3,-2,15,1.3941505e+39,0.000011
4,-3,14,1.3766904e+39,0.000011
5,-5,14,1.3662372e+39,0.000011
2,-2,-7,1.3061278e+39,0.000010
5,-5,3,1.3010627e+39,0.000010
4,-3,1,1.2903316e+39,0.000010
3,0,-1,1.2841881e+39,0.000010
3,0,1,1.2841881e+39,0.000010
3,-3,29,1.247648e+39,0.000010
3,-1,10,1.2244611e+39,0.000010
4,-4,-3,1.2202288e+39,0.000010
2,1,6,1.1488808e+39,0.000009
2,2,9,1.0875257e+39,0.000009
3,1,4,1.0481573e+39,0.000008
4,-4,26,1.0403355e+39,0.000008
2,1,-2,1.0357963e+39,0.000008
5,-5,15,1.0188321e+39,0.000008
4,-3,15,1.0083106e+39,0.000008
6,-6,7,1.0004519e+39,0.000008
2,-1,15,9.6695364e+38,0.000008
5,-3,3,9.5642117e+38,0.000008
2,-1,-6,9.4723663e+38,0.000008
4,-3,0,9.4382992e+38,0.000007
2,0,-6,9.0557705e+38,0.000007
2,0,6,9.0557705e+38,0.000007
2,-2,30,8.9728754e+38,0.000007
3,-2,16,8.9475881e+38,0.000007
6,-5,7,8.8761382e+38,0.000007
5,-4,9,8.4231758e+38,0.000007
3,1,-2,8.1842784e+38,0.000006
3,-3,30,8.0411443e+38,0.000006
5,-5,16,7.858315e+38,0.000006
2,1,-1,7.8027595e+38,0.000006
4,-4,27,7.4136975e+38,0.000006
5,-5,2,7.3952667e+38,0.000006
4,-3,16,7.3475399e+38,0.000006
2,2,10,6.8828557e+38,0.000005
6,-6,10,6.5750408e+38,0.000005
3,-1,11,6.3940964e+38,0.000005
3,1,5,6.3738312e+38,0.000005
2,2,-3,6.3487838e+38,0.000005
5,-5,17,6.2273377e+38,0.000005
2,1,7,6.204553e+38,0.000005
3,-2,17,5.7098903e+38,0.000005
3,3,-2,5.6361605e+38,0.000004
5,-3,5,5.4169531e+38,0.000004
5,-4,10,5.3959376e+38,0.000004
2,-2,31,5.3537276e+38,0.000004
4,-3,17,5.3174884e+38,0.000004
2,-1,16,5.252937e+38,0.000004
4,-4,28,5.2519637e+38,0.000004
3,-3,31,5.1806311e+38,0.000004
5,-5,18,5.0339372e+38,0.000004
2,-2,-8,4.7033104e+38,0.000004
2,-1,-7,4.6480987e+38,0.000004
2,2,11,4.319088e+38,0.000003
6,-4,5,4.2108766e+38,0.000003
5,-5,19,4.1217732e+38,0.000003
4,-3,18,3.8178242e+38,0.000003
4,-4,29,3.701654e+38,0.000003
5,-4,11,3.6969501e+38,0.000003
3,1,6,3.6919439e+38,0.000003
3,-2,18,3.6218837e+38,0.000003
6,-5,6,3.5350519e+38,0.000003
6,-6,11,3.4704881e+38,0.000003
3,0,-2,3.4674488e+38,0.000003
3,0,2,3.4674488e+38,0.000003
2,1,-3,3.4147902e+38,0.000003
5,-5,20,3.3968479e+38,0.000003
2,1,8,3.3891906e+38,0.000003
3,1,1,3.3861475e+38,0.000003
3,-3,32,3.3377381e+38,0.000003
3,-1,12,3.3267781e+38,0.000003
2,-2,32,3.2013828e+38,0.000003
5,-5,1,3.0807976e+38,0.000002
2,-1,17,2.8442827e+38,0.000002
5,-5,21,2.8028266e+38,0.000002
4,-3,19,2.7178873e+38,0.000002
2,2,12,2.6893646e+38,0.000002
5,-4,12,2.6640723e+38,0.000002
3,3,0,2.6464721e+38,0.000002
3,2,-1,2.6128258e+38,0.000002
5,-4,3,2.6067135e+38,0.000002
4,-4,30,2.5977117e+38,0.000002
4,-3,-1,2.5243904e+38,0.000002
3,-1,-4,2.519742e+38,0.000002
6,-5,8,2.4785473e+38,0.000002
5,-3,2,2.3953822e+38,0.000002
2,-1,-8,2.3305441e+38,0.000002
5,-5,22,2.3061151e+38,0.000002
3,-2,19,2.2836695e+38,0.000002
3,3,-1,2.251095e+38,0.000002
3,-3,33,2.1511041e+38,0.000002
3,2,2,2.1362183e+38,0.000002
3,1,7,2.0839329e+38,0.000002
6,-6,6,2.0779706e+38,0.000002
6,-6,12,2.0762097e+38,0.000002
6,-4,6,2.0520213e+38,0.000002
3,2,3,2.0097225e+38,0.000002
5,-4,13,1.9929462e+38,0.000002
2,-2,33,1.9186252e+38,0.000002
4,-3,20,1.918222e+38,0.000002
5,-3,6,1.9046915e+38,0.000002
5,-5,23,1.8865584e+38,0.000001
2,1,9,1.8645286e+38,0.000001
3,-1,-5,1.8632628e+38,0.000001
4,-4,31,1.8163907e+38,0.000001
2,-2,-9,1.765502e+38,0.000001
2,0,-7,1.7459629e+38,0.000001
2,0,7,1.7459629e+38,0.000001
3,-1,13,1.7203119e+38,0.000001
2,2,13,1.6628357e+38,0.000001
3,2,4,1.6356375e+38,0.000001
2,-1,18,1.5341876e+38,0.000001
5,-5,24,1.5315913e+38,0.000001
5,-4,14,1.5304497e+38,0.000001
3,2,1,1.5099127e+38,0.000001
3,-2,20,1.4316856e+38,0.000001
3,-3,34,1.3871286e+38,0.000001
7,-7,9,1.3703024e+38,0.000001
4,-1,2,1.358593e+38,0.000001
4,-3,21,1.3424808e+38,0.000001
3,-1,-3,1.3269053e+38,0.000001
5,-5,0,1.322262e+38,0.000001
3,3,1,1.3207427e+38,0.000001
6,-6,13,1.3205963e+38,0.000001
4,-4,32,1.2662526e+38,0.000001
3,2,5,1.2561435e+38,0.000001
5,-5,25,1.2326348e+38,0.000001
5,-4,15,1.1952958e+38,0.000001
2,-1,-9,1.188101e+38,0.000001
2,1,-4,1.1764776e+38,0.000001
7,-7,10,1.1663997e+38,0.000001
3,1,8,1.1568766e+38,0.000001
2,-2,34,1.1524051e+38,0.000001
3,-1,-6,1.1338032e+38,0.000001
6,-5,9,1.1001917e+38,0.000001
2,1,10,1.0296539e+38,0.000001
2,2,14,1.0216587e+38,0.000001
5,-5,26,9.8299989e+37,0.000001
5,-4,16,9.4240473e+37,0.000001
3,2,6,9.3688217e+37,0.000001
4,-3,22,9.3208826e+37,0.000001
4,0,-2,9.2123335e+37,0.000001
4,0,2,9.2123335e+37,0.000001
3,0,-3,9.2095877e+37,0.000001
3,0,3,9.2095877e+37,0.000001
6,-4,4,9.116427e+37,0.000001
4,2,0,9.1030973e+37,0.000001
3,-3,35,8.9515666e+37,0.000001
3,-2,21,8.9286846e+37,0.000001
3,-1,14,8.8223729e+37,0.000001
4,-4,33,8.8056716e+37,0.000001
6,-6,14,8.756482e+37,0.000001
4,2,1,8.7055261e+37,0.000001
2,-1,19,8.2414119e+37,0.000001
5,-3,7,8.2336656e+37,0.000001
4,2,-1,7.8888475e+37,0.000001
5,-5,27,7.7679434e+37,0.000001
4,-1,3,7.7307988e+37,0.000001
5,-5,-1,7.713301e+37,0.000001
5,-4,2,7.5553614e+37,0.000001
5,-4,17,7.4576862e+37,0.000001
4,0,-3,7.1230878e+37,0.000001
4,0,3,7.1230878e+37,0.000001
3,3,2,7.1024481e+37,0.000001
6,-6,5,7.0223582e+37,0.000001
2,-2,35,6.9367114e+37,0.000001
3,2,7,6.8497445e+37,0.000001
2,-2,-10,6.8230879e+37,0.000001
4,0,-1,6.6790858e+37,0.000001
4,0,1,6.6790858e+37,0.000001
3,-1,-7,6.4705773e+37,0.000001
4,-3,23,6.4241984e+37,0.000001
3,1,9,6.3404662e+37,0.000001
2,2,15,6.2424615e+37,0.000000
6,-4,7,6.2326969e+37,0.000000
2,-1,-10,6.1327173e+37,0.000000
4,-4,34,6.1114541e+37,0.000000
6,-5,10,6.1104114e+37,0.000000
5,-5,28,6.0845965e+37,0.000000
6,-6,15,6.0140962e+37,0.000000
5,-4,18,5.8978234e+37,0.000000
7,-6,8,5.8495717e+37,0.000000
3,-3,36,5.7818374e+37,0.000000
2,1,11,5.6931979e+37,0.000000
3,-2,22,5.5426755e+37,0.000000
3,3,3,5.1736776e+37,0.000000
3,2,8,4.9253545e+37,0.000000
4,-3,-2,4.7457973e+37,0.000000
5,-5,29,4.7266512e+37,0.000000
5,-4,19,4.6465352e+37,0.000000
6,-5,5,4.6073078e+37,0.000000
3,3,4,4.5856308e+37,0.000000
7,-5,7,4.5504964e+37,0.000000
2,1,-5,4.5228614e+37,0.000000
3,-1,15,4.4783773e+37,0.000000
5,-4,1,4.4613395e+37,0.000000
4,-1,4,4.4517099e+37,0.000000
2,-1,20,4.40868e+37,0.000000
4,-3,24,4.3985858e+37,0.000000
3,3,5,4.3639364e+37,0.000000
6,-6,16,4.2612184e+37,0.000000
4,-4,35,4.2349562e+37,0.000000
2,-2,36,4.1839733e+37,0.000000
5,-3,1,4.1653715e+37,0.000000
3,3,6,4.1546894e+37,0.000000
4,2,2,4.0663796e+37,0.000000
2,0,-8,4.0418315e+37,0.000000
2,0,8,4.0418315e+37,0.000000
3,1,-4,3.9968852e+37,0.000000
5,-3,8,3.8971579e+37,0.000000
3,3,7,3.8373163e+37,0.000000
2,2,16,3.7962768e+37,0.000000
7,-7,11,3.7903714e+37,0.000000
2,2,-4,3.7861084e+37,0.000000
3,-1,-1,3.7798613e+37,0.000000
6,-5,11,3.7451008e+37,0.000000
3,-3,37,3.73812e+37,0.000000
6,-6,4,3.6975377e+37,0.000000
5,-5,30,3.6436762e+37,0.000000
5,-4,20,3.6388482e+37,0.000000
4,0,-4,3.6123974e+37,0.000000
4,0,4,3.6123974e+37,0.000000
3,-1,-8,3.5994929e+37,0.000000
3,2,9,3.4883224e+37,0.000000
3,1,10,3.4355761e+37,0.000000
3,-2,23,3.4272128e+37,0.000000
3,3,8,3.4072415e+37,0.000000
3,2,0,3.3613763e+37,0.000000
3,1,-3,3.2414419e+37,0.000000
4,-1,1,3.2219955e+37,0.000000
2,-1,-11,3.1944569e+37,0.000000
2,1,12,3.1457738e+37,0.000000
6,-6,17,3.1044498e+37,0.000000
4,-3,25,2.994194e+37,0.000000
7,-5,6,2.9335105e+37,0.000000
4,-4,36,2.931124e+37,0.000000
3,3,9,2.9091952e+37,0.000000
6,-4,8,2.8361005e+37,0.000000
5,-4,21,2.8286664e+37,0.000000
5,-5,31,2.7891869e+37,0.000000
2,-2,-11,2.6915213e+37,0.000000
4,-1,0,2.6679424e+37,0.000000
4,-1,5,2.6336305e+37,0.000000
2,-2,37,2.5284246e+37,0.000000
3,0,-4,2.5009319e+37,0.000000
3,0,4,2.5009319e+37,0.000000
3,2,10,2.4356443e+37,0.000000
6,-5,12,2.4334832e+37,0.000000
3,-3,38,2.4192301e+37,0.000000
3,3,10,2.3968102e+37,0.000000
3,1,-5,2.3941713e+37,0.000000
5,-5,-3,2.3905382e+37,0.000000
2,-1,21,2.3486259e+37,0.000000
6,-6,18,2.3202887e+37,0.000000
2,2,17,2.2997637e+37,0.000000
3,-1,16,2.2462259e+37,0.000000
2,0,-9,2.2448539e+37,0.000000
2,0,9,2.2448539e+37,0.000000
3,-3,-5,2.2036256e+37,0.000000
7,-7,8,2.1848407e+37,0.000000
5,-4,22,2.1809138e+37,0.000000
5,-3,-1,2.1631151e+37,0.000000
5,-5,32,2.1215585e+37,0.000000
3,-2,24,2.1123135e+37,0.000000
2,0,-10,2.0839306e+37,0.000000
2,0,10,2.0839306e+37,0.000000
7,-6,9,2.0583953e+37,0.000000
6,-4,3,2.0380552e+37,0.000000
4,-3,26,2.0279706e+37,0.000000
4,-4,37,2.0269261e+37,0.000000
3,-1,-9,1.9793106e+37,0.000000
5,-3,9,1.9140582e+37,0.000000
3,3,11,1.9133089e+37,0.000000
2,1,-6,1.8972914e+37,0.000000
6,-6,3,1.8836333e+37,0.000000
7,-7,12,1.881279e+37,0.000000
2,0,-11,1.8539801e+37,0.000000
2,0,11,1.8539801e+37,0.000000
3,1,11,1.8409715e+37,0.000000
6,-6,19,1.7767417e+37,0.000000
2,1,13,1.7345842e+37,0.000000
3,2,11,1.6778906e+37,0.000000
4,0,-5,1.6767352e+37,0.000000
4,0,5,1.6767352e+37,0.000000
2,-1,-12,1.6747384e+37,0.000000
5,-4,23,1.6672517e+37,0.000000
6,-5,13,1.6575266e+37,0.000000
5,-5,33,1.6045356e+37,0.000000
5,-5,-2,1.5856751e+37,0.000000
4,-1,6,1.5828926e+37,0.000000
6,-4,9,1.5676093e+37,0.000000
3,-3,39,1.5672378e+37,0.000000
2,-2,38,1.530611e+37,0.000000
4,2,3,1.518946e+37,0.000000
5,-3,0,1.5054159e+37,0.000000
3,3,12,1.4857816e+37,0.000000
2,0,-12,1.4800837e+37,0.000000
2,0,12,1.4800837e+37,0.000000
4,-4,38,1.4008096e+37,0.000000
6,-6,20,1.3925549e+37,0.000000
2,2,18,1.3890047e+37,0.000000
4,-3,27,1.3676898e+37,0.000000
5,-4,0,1.3538294e+37,0.000000
3,-2,25,1.2985799e+37,0.000000
3,1,-1,1.2805333e+37,0.000000
3,1,-6,1.2696313e+37,0.000000
5,-4,24,1.2638515e+37,0.000000
2,-1,22,1.2460835e+37,0.000000
5,-5,34,1.2073169e+37,0.000000
6,-5,14,1.1776547e+37,0.000000
3,2,12,1.1412904e+37,0.000000
3,3,13,1.1264162e+37,0.000000
7,-5,8,1.1215016e+37,0.000000
6,-6,21,1.1157666e+37,0.000000
3,-1,17,1.1113829e+37,0.000000
7,-7,13,1.0949783e+37,0.000000
2,0,-13,1.0876668e+37,0.000000
2,0,13,1.0876668e+37,0.000000
3,-1,-10,1.0818077e+37,0.000000
2,-2,-12,1.0768476e+37,0.000000
3,-3,40,1.0162618e+37,0.000000
3,-2,-2,9.978123e+36,0.000000
3,1,12,9.7535279e+36,0.000000
4,-4,39,9.6774347e+36,0.000000
6,-4,10,9.5889173e+36,0.000000
4,-1,7,9.5773188e+36,0.000000
2,1,14,9.5355131e+36,0.000000
5,-4,25,9.5030631e+36,0.000000
3,-3,-6,9.4839593e+36,0.000000
5,-3,10,9.4656251e+36,0.000000
2,-2,39,9.280127e+36,0.000000
4,-3,28,9.191042e+36,0.000000
5,-1,1,9.1372723e+36,0.000000
6,-6,22,9.1210628e+36,0.000000
5,-5,35,9.0429785e+36,0.000000
2,-1,-13,8.8195653e+36,0.000000
6,-5,15,8.6849244e+36,0.000000
7,-6,7,8.6569163e+36,0.000000
6,-5,4,8.6142028e+36,0.000000
2,1,-7,8.4882815e+36,0.000000
8,-8,11,8.4213841e+36,0.000000
2,2,19,8.3710298e+36,0.000000
3,3,14,8.3636234e+36,0.000000
7,-6,10,8.0811058e+36,0.000000
3,-2,26,7.9679779e+36,0.000000
3,3,-3,7.7285002e+36,0.000000
3,2,13,7.6712213e+36,0.000000
6,-6,23,7.5848365e+36,0.000000
4,0,-6,7.5627349e+36,0.000000
4,0,6,7.5627349e+36,0.000000
2,0,-14,7.5368902e+36,0.000000
2,0,14,7.5368902e+36,0.000000
5,-4,26,7.0912088e+36,0.000000
6,-6,2,6.8725367e+36,0.000000
7,-7,14,6.7841427e+36,0.000000
3,0,-5,6.7505441e+36,0.000000
3,0,5,6.7505441e+36,0.000000
5,-5,36,6.7459058e+36,0.000000
4,-4,40,6.6845005e+36,0.000000
6,-5,16,6.6129385e+36,0.000000
3,-3,41,6.5955506e+36,0.000000
2,-1,23,6.5845188e+36,0.000000
3,1,-7,6.5834645e+36,0.000000
2,2,-5,6.5746871e+36,0.000000
6,-6,24,6.3918808e+36,0.000000
4,1,0,6.3323062e+36,0.000000
6,-4,11,6.1992686e+36,0.000000
4,-3,29,6.1584621e+36,0.000000
3,3,15,6.0990283e+36,0.000000
8,-6,8,6.092865e+36,0.000000
3,-1,-11,5.8895445e+36,0.000000
4,-1,8,5.7941e+36,0.000000
2,-2,40,5.6342411e+36,0.000000
6,-6,25,5.4356613e+36,0.000000
3,-1,18,5.4152427e+36,0.000000
7,-5,5,5.3204738e+36,0.000000
5,-4,27,5.2544472e+36,0.000000
2,1,15,5.2230062e+36,0.000000
7,-7,7,5.182101e+36,0.000000
6,-5,17,5.1706347e+36,0.000000
3,1,13,5.1067456e+36,0.000000
3,2,14,5.0998225e+36,0.000000
2,2,20,5.0378486e+36,0.000000
6,-4,2,5.0316653e+36,0.000000
5,-5,37,5.014272e+36,0.000000
2,0,-15,5.0054122e+36,0.000000
2,0,15,5.0054122e+36,0.000000
3,-2,27,4.8825173e+36,0.000000
4,2,4,4.8821293e+36,0.000000
2,-1,-14,4.6589498e+36,0.000000
6,-6,26,4.6451167e+36,0.000000
5,-3,11,4.617611e+36,0.000000
4,-4,41,4.6172062e+36,0.000000
7,-5,9,4.5013187e+36,0.000000
3,3,16,4.3790373e+36,0.000000
7,-7,15,4.3560408e+36,0.000000
2,-2,-13,4.3483383e+36,0.000000
7,-6,11,4.3166526e+36,0.000000
3,-3,42,4.2836696e+36,0.000000
6,-5,18,4.1291186e+36,0.000000
6,-4,12,4.1268519e+36,0.000000
4,-3,30,4.1167937e+36,0.000000
2,1,-8,3.9817603e+36,0.000000
6,-6,27,3.9741147e+36,0.000000
5,-4,28,3.8687024e+36,0.000000
3,-3,-7,3.7844919e+36,0.000000
4,1,3,3.7619476e+36,0.000000
5,-5,38,3.7153199e+36,0.000000
4,-1,9,3.4881378e+36,0.000000
4,4,-2,3.4664327e+36,0.000000
2,-1,24,3.4651383e+36,0.000000
5,-1,2,3.4451012e+36,0.000000
2,-2,41,3.4247677e+36,0.000000
6,-5,3,3.4238685e+36,0.000000
3,1,-8,3.4195987e+36,0.000000
6,-6,28,3.3936623e+36,0.000000
3,2,15,3.3565018e+36,0.000000
4,0,-7,3.355394e+36,0.000000
4,0,7,3.355394e+36,0.000000
6,-5,19,3.3499199e+36,0.000000
4,1,2,3.2717599e+36,0.000000
2,0,-16,3.2205777e+36,0.000000
2,0,16,3.2205777e+36,0.000000
3,-1,-12,3.1962598e+36,0.000000
4,-4,42,3.1897191e+36,0.000000
4,1,4,3.1292396e+36,0.000000
3,3,17,3.1024749e+36,0.000000
2,2,21,3.0297562e+36,0.000000
8,-8,10,3.0091682e+36,0.000000
3,-2,28,2.989298e+36,0.000000
7,-7,16,2.8919543e+36,0.000000
6,-6,29,2.8860408e+36,0.000000
2,1,16,2.8497311e+36,0.000000
5,-4,29,2.8321699e+36,0.000000
6,-4,13,2.7838149e+36,0.000000
3,-3,43,2.7837389e+36,0.000000
6,-5,20,2.7473443e+36,0.000000
4,-3,31,2.7469061e+36,0.000000
5,-5,39,2.7451779e+36,0.000000
6,-6,1,2.68763e+36,0.000000
3,1,14,2.6409384e+36,0.000000
3,-1,19,2.5935619e+36,0.000000
7,-6,12,2.5851514e+36,0.000000
6,-4,1,2.5602554e+36,0.000000
4,-4,-4,2.5459297e+36,0.000000
5,-2,2,2.4970384e+36,0.000000
2,-1,-15,2.4664336e+36,0.000000
6,-6,30,2.4404805e+36,0.000000
8,-8,12,2.4118705e+36,0.000000
3,-3,-4,2.3337165e+36,0.000000
7,-5,10,2.3322667e+36,0.000000
4,1,5,2.3108513e+36,0.000000
6,-5,21,2.2675371e+36,0.000000
4,-4,43,2.2041307e+36,0.000000
3,2,16,2.1892929e+36,0.000000
5,-3,12,2.1844241e+36,0.000000
3,3,18,2.1732022e+36,0.000000
5,1,1,2.1275183e+36,0.000000
2,-2,42,2.0838889e+36,0.000000
4,-1,10,2.0822955e+36,0.000000
7,-7,6,2.0639295e+36,0.000000
5,-4,30,2.0628326e+36,0.000000
6,-6,31,2.050127e+36,0.000000
5,-5,40,2.0233979e+36,0.000000
2,0,-17,2.0225965e+36,0.000000
2,0,17,2.0225965e+36,0.000000
7,-7,17,1.9863603e+36,0.000000
2,1,-9,1.9344307e+36,0.000000
3,0,-6,1.9301903e+36,0.000000
3,0,6,1.9301903e+36,0.000000
6,-5,2,1.9208049e+36,0.000000
5,-4,-2,1.909211e+36,0.000000
6,-4,14,1.8833922e+36,0.000000
8,-7,9,1.8799003e+36,0.000000
6,-5,22,1.8763048e+36,0.000000
4,-3,32,1.830273e+36,0.000000
3,-2,29,1.829375e+36,0.000000
2,2,22,1.8219485e+36,0.000000
2,-1,25,1.8157287e+36,0.000000
3,-3,44,1.809676e+36,0.000000
8,-7,10,1.8039754e+36,0.000000
3,1,-9,1.7895981e+36,0.000000
5,-4,-1,1.7756213e+36,0.000000
2,-2,-14,1.7652628e+36,0.000000
8,-6,9,1.7364323e+36,0.000000
3,-1,-13,1.7295587e+36,0.000000
5,-5,-4,1.7166553e+36,0.000000
6,-6,32,1.7100648e+36,0.000000
6,-4,0,1.6988858e+36,0.000000
7,-6,13,1.6288934e+36,0.000000
4,1,6,1.6085727e+36,0.000000
3,-3,-8,1.5548817e+36,0.000000
6,-5,23,1.5517342e+36,0.000000
2,1,17,1.5487208e+36,0.000000
2,2,-6,1.5442047e+36,0.000000
6,-6,0,1.5413876e+36,0.000000
4,4,-3,1.5237772e+36,0.000000
4,-4,44,1.5235987e+36,0.000000
3,3,19,1.5076645e+36,0.000000
3,2,-2,1.4995061e+36,0.000000
5,-4,31,1.4957461e+36,0.000000
5,-5,41,1.4882177e+36,0.000000
4,0,-8,1.4633218e+36,0.000000
4,0,8,1.4633218e+36,0.000000
3,2,17,1.4166492e+36,0.000000
6,-6,33,1.4161505e+36,0.000000
7,-7,18,1.4085327e+36,0.000000
7,-5,11,1.3829267e+36,0.000000
4,2,5,1.3590698e+36,0.000000
3,1,15,1.3481869e+36,0.000000
5,-2,1,1.3426812e+36,0.000000
8,-6,7,1.3274859e+36,0.000000
2,-1,-16,1.3078672e+36,0.000000
7,-6,6,1.2884722e+36,0.000000
5,3,-1,1.2876516e+36,0.000000
6,-5,24,1.279572e+36,0.000000
6,-4,15,1.2693013e+36,0.000000
2,-2,43,1.2691763e+36,0.000000
2,0,-18,1.2465284e+36,0.000000
2,0,18,1.2465284e+36,0.000000
4,3,0,1.2418215e+36,0.000000
4,4,-1,1.2327971e+36,0.000000
4,-1,11,1.2292023e+36,0.000000
4,-3,33,1.2182535e+36,0.000000
3,-1,20,1.2181422e+36,0.000000
7,-5,4,1.2138513e+36,0.000000
4,3,5,1.2063196e+36,0.000000
4,3,4,1.2029824e+36,0.000000
3,-3,45,1.1766037e+36,0.000000
5,-3,-2,1.1704565e+36,0.000000
6,-6,34,1.1644184e+36,0.000000
4,3,6,1.1430262e+36,0.000000
3,-2,30,1.1194058e+36,0.000000
8,-8,13,1.1036166e+36,0.000000
7,-7,5,1.1013726e+36,0.000000
2,2,23,1.0961303e+36,0.000000
5,-5,42,1.0925792e+36,0.000000
5,-4,32,1.080287e+36,0.000000
4,1,7,1.07798e+36,0.000000
4,4,1,1.0735933e+36,0.000000
4,3,-1,1.0721945e+36,0.000000
7,-6,14,1.0643757e+36,0.000000
4,3,3,1.0590271e+36,0.000000
4,-4,45,1.053601e+36,0.000000
4,3,7,1.0508683e+36,0.000000
6,-5,25,1.050272e+36,0.000000
3,3,20,1.037482e+36,0.000000
7,-7,19,1.0271637e+36,0.000000
5,-2,3,1.0166582e+36,0.000000
4,4,0,1.0018908e+36,0.000000
5,-3,13,9.8531827e+35,0.000000
2,1,-10,9.6455454e+35,0.000000
6,-6,35,9.5085255e+35,0.000000
2,-1,26,9.4699364e+35,0.000000
4,3,8,9.4416228e+35,0.000000
3,1,-10,9.4390289e+35,0.000000
3,-1,-14,9.3326717e+35,0.000000
4,4,2,9.2169566e+35,0.000000
3,2,18,9.103676e+35,0.000000
7,-5,12,8.9406401e+35,0.000000
5,1,2,8.7224678e+35,0.000000
6,-5,26,8.5710613e+35,0.000000
6,-4,16,8.4819146e+35,0.000000
2,1,18,8.3844613e+35,0.000000
4,3,9,8.2965241e+35,0.000000
3,0,-7,8.2294997e+35,0.000000
3,0,7,8.2294997e+35,0.000000
6,-2,3,8.1442066e+35,0.000000
4,-3,34,8.1030197e+35,0.000000
5,-5,43,8.0086276e+35,0.000000
4,4,3,7.9915328e+35,0.000000
5,-4,33,7.7754271e+35,0.000000
2,-2,44,7.7368928e+35,0.000000
6,-6,36,7.7136826e+35,0.000000
7,-7,20,7.6720922e+35,0.000000
3,-3,46,7.6489315e+35,0.000000
2,0,-19,7.5696365e+35,0.000000
2,0,19,7.5696365e+35,0.000000
4,3,2,7.4689449e+35,0.000000
4,-4,46,7.288951e+35,0.000000
7,-6,15,7.2084391e+35,0.000000
2,-2,-15,7.1812875e+35,0.000000
4,-1,12,7.1581333e+35,0.000000
4,3,10,7.1277397e+35,0.000000
3,3,21,7.0909122e+35,0.000000
4,1,8,7.0167119e+35,0.000000
6,-5,27,6.9498307e+35,0.000000
2,-1,-17,6.9450949e+35,0.000000
4,1,1,6.9347299e+35,0.000000
4,4,4,6.8734312e+35,0.000000
3,-2,31,6.850667e+35,0.000000
3,1,16,6.7895264e+35,0.000000
3,-3,-9,6.6439512e+35,0.000000
2,2,24,6.6005505e+35,0.000000
3,0,-8,6.4209236e+35,0.000000
3,0,8,6.4209236e+35,0.000000
8,-8,14,6.2836229e+35,0.000000
4,0,-9,6.2367501e+35,0.000000
4,0,9,6.2367501e+35,0.000000
6,-6,37,6.2189255e+35,0.000000
3,0,-9,6.1708253e+35,0.000000
3,0,9,6.1708253e+35,0.000000
7,-5,13,6.1460499e+35,0.000000
4,3,-2,6.1335023e+35,0.000000
4,3,1,6.1150743e+35,0.000000
8,-6,10,6.107047e+35,0.000000
3,-2,-3,6.0532428e+35,0.000000
4,3,11,5.9874679e+35,0.000000
8,-7,11,5.9798488e+35,0.000000
6,-6,-1,5.9109332e+35,0.000000
5,-5,44,5.8626163e+35,0.000000
6,-5,1,5.8575515e+35,0.000000
7,-7,21,5.8486604e+35,0.000000
3,2,19,5.8157649e+35,0.000000
3,0,-10,5.7149616e+35,0.000000
3,0,10,5.7149616e+35,0.000000
4,4,5,5.6224077e+35,0.000000
6,-4,17,5.6016325e+35,0.000000
6,-5,28,5.5974586e+35,0.000000
3,-1,21,5.5938071e+35,0.000000
5,-4,34,5.5796672e+35,0.000000
4,-3,35,5.3871464e+35,0.000000
8,-8,9,5.2153815e+35,0.000000
7,-6,16,5.0561169e+35,0.000000
4,-4,47,5.0446835e+35,0.000000
3,-1,-15,5.0224462e+35,0.000000
7,-7,4,5.0169433e+35,0.000000
3,1,-11,5.0104132e+35,0.000000
6,-6,38,4.9847461e+35,0.000000
3,-3,47,4.9703467e+35,0.000000
4,3,12,4.9211279e+35,0.000000
3,0,-11,4.9149205e+35,0.000000
3,0,11,4.9149205e+35,0.000000
2,-1,27,4.9128962e+35,0.000000
2,1,-11,4.9028275e+35,0.000000
5,-1,3,4.8247377e+35,0.000000
3,3,22,4.8191135e+35,0.000000
2,-2,45,4.7212637e+35,0.000000
5,3,3,4.5961983e+35,0.000000
2,0,-20,4.5436619e+35,0.000000
2,0,20,4.5436619e+35,0.000000
7,-7,22,4.537888e+35,0.000000
2,1,19,4.5226615e+35,0.000000
6,-5,29,4.4778744e+35,0.000000
4,1,9,4.45502e+35,0.000000
4,4,6,4.4318322e+35,0.000000
4,2,9,4.4187045e+35,0.000000
7,-5,14,4.4141719e+35,0.000000
5,3,2,4.3950911e+35,0.000000
4,2,10,4.3145311e+35,0.000000
2,2,-7,4.3074395e+35,0.000000
5,-5,45,4.2870199e+35,0.000000
4,2,6,4.2374193e+35,0.000000
3,-2,32,4.1938753e+35,0.000000
5,-3,14,4.1629378e+35,0.000000
4,-1,13,4.1032448e+35,0.000000
9,-9,12,4.0769016e+35,0.000000
7,-4,5,4.074424e+35,0.000000
5,-4,35,3.9936155e+35,0.000000
2,2,25,3.9796844e+35,0.000000
6,-6,39,3.9738811e+35,0.000000
3,0,-12,3.9642401e+35,0.000000
3,0,12,3.9642401e+35,0.000000
4,3,13,3.9620039e+35,0.000000
4,2,8,3.9349697e+35,0.000000
5,3,4,3.8981012e+35,0.000000
3,-2,-4,3.849601e+35,0.000000
6,-2,2,3.8388884e+35,0.000000
8,-8,15,3.8358942e+35,0.000000
4,2,11,3.7901879e+35,0.000000
5,-2,4,3.7501529e+35,0.000000
3,2,20,3.6969696e+35,0.000000
2,-1,-18,3.693343e+35,0.000000
7,-6,17,3.6632361e+35,0.000000
6,-4,18,3.6477408e+35,0.000000
9,-7,9,3.6351179e+35,0.000000
4,-3,36,3.5807024e+35,0.000000
7,-7,23,3.5763726e+35,0.000000
6,-5,30,3.5586538e+35,0.000000
4,4,7,3.5088472e+35,0.000000
4,-4,48,3.4927268e+35,0.000000
3,1,17,3.3704644e+35,0.000000
7,-5,3,3.3109531e+35,0.000000
7,-5,15,3.266008e+35,0.000000
3,3,23,3.2599058e+35,0.000000
3,-3,48,3.2274335e+35,0.000000
4,2,7,3.2017872e+35,0.000000
6,-6,40,3.1520795e+35,0.000000
7,-6,5,3.1472975e+35,0.000000
5,-5,46,3.1321787e+35,0.000000
4,3,14,3.1291095e+35,0.000000
4,2,12,3.0824624e+35,0.000000
6,-6,-2,3.0761744e+35,0.000000
3,0,-13,3.0397638e+35,0.000000
3,0,13,3.0397638e+35,0.000000
8,-7,12,3.0318953e+35,0.000000
5,3,0,3.0215004e+35,0.000000
8,-6,11,2.9867902e+35,0.000000
5,3,5,2.9767346e+35,0.000000
3,-3,-10,2.9412632e+35,0.000000
2,-2,-16,2.9191829e+35,0.000000
4,4,8,2.909071e+35,0.000000
6,-4,-2,2.9005942e+35,0.000000
2,-2,46,2.8848837e+35,0.000000
7,-7,24,2.8597695e+35,0.000000
5,-4,36,2.8520349e+35,0.000000
6,-5,31,2.8103043e+35,0.000000
6,-2,4,2.8035945e+35,0.000000
4,1,10,2.7648422e+35,0.000000
7,-6,18,2.7325137e+35,0.000000
5,-2,0,2.7295748e+35,0.000000
2,0,-21,2.7027151e+35,0.000000
2,0,21,2.7027151e+35,0.000000
3,-1,-16,2.6963096e+35,0.000000
5,1,0,2.679115e+35,0.000000
3,1,-12,2.6717004e+35,0.000000
4,2,-4,2.6465272e+35,0.000000
5,3,1,2.6050892e+35,0.000000
4,0,-10,2.5745987e+35,0.000000
4,0,10,2.5745987e+35,0.000000
4,4,9,2.5725646e+35,0.000000
3,-2,33,2.5685124e+35,0.000000
2,-1,28,2.532936e+35,0.000000
9,-7,10,2.5314875e+35,0.000000
2,1,-12,2.5273188e+35,0.000000
3,-1,22,2.5010159e+35,0.000000
6,-6,41,2.4885704e+35,0.000000
8,-6,6,2.4774631e+35,0.000000
7,-5,16,2.461465e+35,0.000000
2,1,20,2.4312168e+35,0.000000
4,3,15,2.4281545e+35,0.000000
4,-4,49,2.4189252e+35,0.000000
2,2,26,2.4032174e+35,0.000000
8,-8,16,2.399752e+35,0.000000
4,4,10,2.3973652e+35,0.000000
3,-2,-5,2.3811305e+35,0.000000
4,-3,37,2.3798605e+35,0.000000
4,2,13,2.3656485e+35,0.000000
3,2,21,2.3405252e+35,0.000000
6,-4,19,2.3383753e+35,0.000000
7,-7,25,2.3193633e+35,0.000000
4,-1,14,2.3104962e+35,0.000000
4,4,11,2.2896774e+35,0.000000
5,-5,47,2.2869428e+35,0.000000
5,-2,5,2.2670267e+35,0.000000
6,-4,-1,2.2458308e+35,0.000000
3,0,-14,2.2397984e+35,0.000000
3,0,14,2.2397984e+35,0.000000
6,-5,32,2.2061062e+35,0.000000
3,3,24,2.1967687e+35,0.000000
8,-7,8,2.1955003e+35,0.000000
4,4,12,2.1852611e+35,0.000000
5,3,6,2.1190023e+35,0.000000
5,3,-2,2.0985809e+35,0.000000
3,-3,49,2.0935614e+35,0.000000
7,-6,19,2.0920561e+35,0.000000
4,4,13,2.0516025e+35,0.000000
5,-4,37,2.0328929e+35,0.000000
2,-1,-19,1.9672554e+35,0.000000
5,1,3,1.9571599e+35,0.000000
6,-6,42,1.956256e+35,0.000000
7,-4,6,1.9329786e+35,0.000000
7,-7,26,1.9082152e+35,0.000000
4,4,14,1.8808059e+35,0.000000
7,-5,17,1.8730104e+35,0.000000
4,3,16,1.8543811e+35,0.000000
7,-5,2,1.8001604e+35,0.000000
8,-7,13,1.7857246e+35,0.000000
2,-2,47,1.7661244e+35,0.000000
7,-7,3,1.7458434e+35,0.000000
5,-2,6,1.7455366e+35,0.000000
5,-1,0,1.7375406e+35,0.000000
4,2,14,1.7353645e+35,0.000000
6,-5,33,1.7221533e+35,0.000000
8,-6,12,1.6885123e+35,0.000000
9,-9,13,1.6833256e+35,0.000000
4,4,15,1.6800071e+35,0.000000
4,1,11,1.6788565e+35,0.000000
4,-4,50,1.6755409e+35,0.000000
5,-5,48,1.6690421e+35,0.000000
6,-3,4,1.666204e+35,0.000000
3,1,18,1.6476298e+35,0.000000
7,-6,20,1.6394327e+35,0.000000
5,-3,15,1.6251926e+35,0.000000
3,0,-15,1.5984141e+35,0.000000
3,0,15,1.5984141e+35,0.000000
2,0,-22,1.5964568e+35,0.000000
2,0,22,1.5964568e+35,0.000000
7,-7,27,1.5929177e+35,0.000000
7,-6,4,1.5872789e+35,0.000000
4,-3,38,1.5818578e+35,0.000000
3,-2,34,1.5737958e+35,0.000000
9,-8,11,1.5498306e+35,0.000000
8,-8,17,1.5345217e+35,0.000000
6,-6,43,1.5316835e+35,0.000000
3,2,22,1.4768958e+35,0.000000
3,3,25,1.4757751e+35,0.000000
6,-4,20,1.4740024e+35,0.000000
8,-8,8,1.4720797e+35,0.000000
4,4,16,1.4629656e+35,0.000000
2,2,27,1.4538142e+35,0.000000
5,-2,7,1.4534983e+35,0.000000
5,-4,38,1.4466766e+35,0.000000
3,-1,-17,1.4445216e+35,0.000000
7,-5,18,1.4293312e+35,0.000000
3,1,-13,1.4285216e+35,0.000000
5,3,7,1.424209e+35,0.000000
4,3,17,1.3960425e+35,0.000000
3,-3,50,1.3563197e+35,0.000000
7,-7,28,1.3487948e+35,0.000000
2,2,-8,1.3464956e+35,0.000000
3,-3,-11,1.3411891e+35,0.000000
6,-5,34,1.3373988e+35,0.000000
3,-2,-6,1.3312245e+35,0.000000
2,1,-13,1.3159381e+35,0.000000
7,-6,21,1.3115461e+35,0.000000
2,1,21,1.3026986e+35,0.000000
2,-1,29,1.2961377e+35,0.000000
4,-1,15,1.2753658e+35,0.000000
4,4,17,1.2442171e+35,0.000000
5,-2,8,1.2291006e+35,0.000000
4,2,15,1.2277579e+35,0.000000
5,-5,49,1.2177625e+35,0.000000
6,-6,44,1.1948602e+35,0.000000
6,-2,5,1.1855874e+35,0.000000
2,-2,-17,1.1825296e+35,0.000000
4,-4,51,1.1606219e+35,0.000000
7,-7,29,1.1571929e+35,0.000000
4,2,-5,1.1421636e+35,0.000000
6,-5,0,1.1398256e+35,0.000000
3,0,-16,1.1112894e+35,0.000000
3,0,16,1.1112894e+35,0.000000
8,-7,14,1.1047577e+35,0.000000
7,-5,19,1.0884347e+35,0.000000
2,-2,48,1.0842588e+35,0.000000
3,-1,23,1.0823291e+35,0.000000
8,-5,7,1.0718502e+35,0.000000
7,-6,22,1.0683204e+35,0.000000
5,2,1,1.0622551e+35,0.000000
4,-3,39,1.0516189e+35,0.000000
2,-1,-20,1.0498122e+35,0.000000
4,3,18,1.0376629e+35,0.000000
4,4,18,1.0358139e+35,0.000000
8,-6,13,1.0339223e+35,0.000000
6,-6,-3,1.0336647e+35,0.000000
6,-5,35,1.0336245e+35,0.000000
5,-2,9,1.0301684e+35,0.000000
5,-4,39,1.0281097e+35,0.000000
5,-4,-3,1.0264116e+35,0.000000
4,0,-11,1.0170313e+35,0.000000
4,0,11,1.0170313e+35,0.000000
8,-8,18,1.0107558e+35,0.000000
7,-7,30,1.003948e+35,0.000000
4,1,12,9.9772272e+34,0.000000
3,3,26,9.8896619e+34,0.000000
7,-5,1,9.8857018e+34,0.000000
3,-2,35,9.6472788e+34,0.000000
2,0,-23,9.3802161e+34,0.000000
2,0,23,9.3802161e+34,0.000000
5,-1,4,9.3432754e+34,0.000000
3,2,23,9.2951316e+34,0.000000
6,-6,45,9.2896615e+34,0.000000
5,1,-3,9.1319697e+34,0.000000
6,-4,21,9.1296398e+34,0.000000
5,2,0,9.124666e+34,0.000000
5,3,8,9.085891e+34,0.000000
5,-5,50,8.8841482e+34,0.000000
7,-6,23,8.8362438e+34,0.000000
2,2,28,8.8118029e+34,0.000000
7,-7,31,8.784436e+34,0.000000
3,-3,51,8.7743501e+34,0.000000
5,-2,10,8.4739266e+34,0.000000
4,4,19,8.4606762e+34,0.000000
4,2,16,8.4325997e+34,0.000000
7,-4,4,8.3657797e+34,0.000000
7,-5,20,8.2411781e+34,0.000000
6,-3,3,8.1728321e+34,0.000000
5,-1,6,8.0945367e+34,0.000000
4,-4,52,8.0378054e+34,0.000000
6,-5,36,7.9531688e+34,0.000000
3,1,19,7.9202245e+34,0.000000
7,-6,3,7.9057793e+34,0.000000
5,-1,7,7.849124e+34,0.000000
7,-7,32,7.7292687e+34,0.000000
3,-1,-18,7.7262793e+34,0.000000
3,1,-14,7.64711e+34,0.000000
6,-5,-1,7.6358824e+34,0.000000
4,3,19,7.6262323e+34,0.000000
3,0,-17,7.5610655e+34,0.000000
3,0,17,7.5610655e+34,0.000000
9,-7,11,7.4352104e+34,0.000000
7,-6,24,7.4004518e+34,0.000000
7,-7,2,7.3274453e+34,0.000000
5,-4,40,7.298296e+34,0.000000
6,-6,46,7.2001459e+34,0.000000
5,-1,5,7.1623018e+34,0.000000
3,-2,-7,7.0246422e+34,0.000000
9,-9,11,7.0209712e+34,0.000000
8,-7,15,7.0018269e+34,0.000000
4,-3,40,6.9927888e+34,0.000000
2,1,22,6.9582759e+34,0.000000
6,-6,-4,6.9439788e+34,0.000000
2,1,-14,6.9000206e+34,0.000000
8,-8,19,6.8863311e+34,0.000000
4,-1,16,6.886107e+34,0.000000
8,-8,7,6.8772688e+34,0.000000
7,-7,33,6.8193128e+34,0.000000
5,-2,11,6.8169006e+34,0.000000
9,-9,14,6.8144009e+34,0.000000
4,4,20,6.7956244e+34,0.000000
8,-6,14,6.7050149e+34,0.000000
2,-2,49,6.6842318e+34,0.000000
5,-1,8,6.6829131e+34,0.000000
3,2,-3,6.6652843e+34,0.000000
3,3,27,6.6144964e+34,0.000000
2,-1,30,6.571481e+34,0.000000
8,-5,6,6.5679188e+34,0.000000
5,-5,51,6.4817945e+34,0.000000
6,-2,0,6.3767635e+34,0.000000
3,-3,-12,6.2658777e+34,0.000000
7,-6,25,6.257843e+34,0.000000
7,-5,21,6.1890437e+34,0.000000
6,-5,37,6.0946292e+34,0.000000
7,-7,34,6.0175675e+34,0.000000
5,-3,16,6.013326e+34,0.000000
3,-2,36,5.915797e+34,0.000000
3,2,24,5.838351e+34,0.000000
4,1,13,5.802393e+34,0.000000
4,2,-2,5.7348594e+34,0.000000
3,-3,52,5.6681874e+34,0.000000
4,2,17,5.6506814e+34,0.000000
8,-6,5,5.622763e+34,0.000000
2,-1,-21,5.6143167e+34,0.000000
6,-6,47,5.5649319e+34,0.000000
4,-4,53,5.5639251e+34,0.000000
6,-4,22,5.5535925e+34,0.000000
4,3,20,5.5494087e+34,0.000000
5,3,9,5.5117461e+34,0.000000
2,0,-24,5.4899569e+34,0.000000
2,0,24,5.4899569e+34,0.000000
6,-2,6,5.4773385e+34,0.000000
5,1,7,5.4337902e+34,0.000000
7,-4,7,5.389475e+34,0.000000
4,-1,-5,5.3792722e+34,0.000000
4,4,21,5.378149e+34,0.000000
5,-2,12,5.3591956e+34,0.000000
2,2,29,5.3518669e+34,0.000000
7,-6,26,5.3276396e+34,0.000000
9,-7,8,5.3192403e+34,0.000000
7,-7,35,5.3000772e+34,0.000000
5,-1,9,5.2192199e+34,0.000000
5,-4,41,5.1761986e+34,0.000000
5,2,2,5.1174703e+34,0.000000
5,1,8,5.063195e+34,0.000000
3,0,-18,5.0527075e+34,0.000000
3,0,18,5.0527075e+34,0.000000
5,1,6,4.8880926e+34,0.000000
8,-8,20,4.84945e+34,0.000000
4,1,-2,4.8138461e+34,0.000000
2,-2,-18,4.7604774e+34,0.000000
5,-5,52,4.7300129e+34,0.000000
4,-1,-4,4.7010506e+34,0.000000
4,-1,-6,4.6954152e+34,0.000000
6,-5,38,4.6529565e+34,0.000000
7,-7,36,4.652009e+34,0.000000
4,-3,41,4.6510752e+34,0.000000
7,-5,22,4.6028555e+34,0.000000
8,-6,15,4.5623437e+34,0.000000
2,2,-9,4.5595856e+34,0.000000
8,-7,16,4.5590113e+34,0.000000
9,-8,12,4.5562999e+34,0.000000
7,-6,27,4.5543469e+34,0.000000
4,2,-6,4.5363577e+34,0.000000
3,-1,24,4.4949248e+34,0.000000
9,-8,10,4.4457912e+34,0.000000
3,3,28,4.4173355e+34,0.000000
6,-6,48,4.2901231e+34,0.000000
5,1,9,4.2093505e+34,0.000000
4,4,22,4.2014443e+34,0.000000
5,1,4,4.181108e+34,0.000000
3,3,-5,4.1631118e+34,0.000000
2,-2,50,4.1456756e+34,0.000000
3,-1,-19,4.1278342e+34,0.000000
5,-2,13,4.1189435e+34,0.000000
7,-7,1,4.0957538e+34,0.000000
3,1,-15,4.0934543e+34,0.000000
6,-3,5,4.0751732e+34,0.000000
7,-7,37,4.0645083e+34,0.000000
4,3,21,4.0031153e+34,0.000000
7,-6,28,3.8999253e+34,0.000000
8,-7,7,3.86739e+34,0.000000
4,-4,54,3.8484481e+34,0.000000
5,-1,10,3.8389714e+34,0.000000
4,1,-4,3.8382091e+34,0.000000
4,0,-12,3.7843636e+34,0.000000
4,0,12,3.7843636e+34,0.000000
9,-9,15,3.7800005e+34,0.000000
3,1,20,3.7364051e+34,0.000000
4,2,18,3.7087653e+34,0.000000
2,1,23,3.7050544e+34,0.000000
5,-4,42,3.6685353e+34,0.000000
3,2,25,3.6616359e+34,0.000000
3,-3,53,3.6573871e+34,0.000000
2,1,-15,3.6351025e+34,0.000000
4,-1,-7,3.629886e+34,0.000000
3,-2,37,3.6283544e+34,0.000000
4,-1,17,3.6280628e+34,0.000000
8,-8,6,3.5827014e+34,0.000000
3,-2,-8,3.5811918e+34,0.000000
6,-5,39,3.5401442e+34,0.000000
7,-7,38,3.532327e+34,0.000000
8,-8,21,3.5190953e+34,0.000000
5,1,5,3.5185879e+34,0.000000
4,1,-5,3.48248e+34,0.000000
4,-3,-3,3.4592873e+34,0.000000
5,-5,53,3.4527895e+34,0.000000
10,-8,11,3.426469e+34,0.000000
9,-7,12,3.4130211e+34,0.000000
7,-5,23,3.387159e+34,0.000000
7,-6,29,3.3384132e+34,0.000000
3,0,-19,3.3261697e+34,0.000000
3,0,19,3.3261697e+34,0.000000
6,-4,23,3.3168061e+34,0.000000
4,1,14,3.3007926e+34,0.000000
6,-6,49,3.2997549e+34,0.000000
2,-1,31,3.2934089e+34,0.000000
2,2,30,3.2572715e+34,0.000000
4,4,23,3.2450123e+34,0.000000
5,1,10,3.2369437e+34,0.000000
8,-6,16,3.2362388e+34,0.000000
4,-1,-2,3.2151136e+34,0.000000
2,0,-25,3.2041537e+34,0.000000
2,0,25,3.2041537e+34,0.000000
5,3,10,3.1770844e+34,0.000000
5,-2,14,3.0972344e+34,0.000000
4,-3,42,3.0942857e+34,0.000000
8,-7,17,3.06726e+34,0.000000
7,-7,39,3.0521462e+34,0.000000
2,-1,-22,3.0098043e+34,0.000000
3,-3,-13,2.9862643e+34,0.000000
5,1,-4,2.9576982e+34,0.000000
3,3,29,2.946705e+34,0.000000
4,3,22,2.8657638e+34,0.000000
7,-6,30,2.8521019e+34,0.000000
5,-1,11,2.700572e+34,0.000000
6,-5,40,2.6850361e+34,0.000000
5,5,-3,2.670913e+34,0.000000
4,-4,55,2.658835e+34,0.000000
4,-1,-8,2.6226695e+34,0.000000
8,-8,22,2.6226373e+34,0.000000
7,-7,40,2.621474e+34,0.000000
4,1,-6,2.6191331e+34,0.000000
5,-4,43,2.598626e+34,0.000000
2,-2,51,2.5931813e+34,0.000000
3,2,-4,2.5814271e+34,0.000000
6,2,0,2.5763897e+34,0.000000
6,-2,7,2.5695949e+34,0.000000
5,-3,17,2.5560845e+34,0.000000
8,-5,8,2.5353611e+34,0.000000
6,-6,50,2.5328168e+34,0.000000
5,-5,54,2.521518e+34,0.000000
4,4,24,2.4813561e+34,0.000000
7,-5,24,2.4656303e+34,0.000000
9,-6,8,2.4297439e+34,0.000000
7,-6,31,2.4287801e+34,0.000000
4,2,19,2.3917214e+34,0.000000
8,-6,17,2.3789368e+34,0.000000
3,-3,54,2.3589154e+34,0.000000
5,1,11,2.3508758e+34,0.000000
7,-5,0,2.3362499e+34,0.000000
9,-9,16,2.302024e+34,0.000000
3,2,26,2.2940134e+34,0.000000
7,-4,8,2.2868926e+34,0.000000
5,-2,15,2.2805657e+34,0.000000
7,-7,41,2.2379859e+34,0.000000
7,-6,2,2.234522e+34,0.000000
3,-2,38,2.2253816e+34,0.000000
3,-1,-20,2.2039235e+34,0.000000
3,1,-16,2.1892145e+34,0.000000
3,0,-20,2.1624009e+34,0.000000
3,0,20,2.1624009e+34,0.000000
9,-8,13,2.1368139e+34,0.000000
8,-7,18,2.1349866e+34,0.000000
5,2,-1,2.1050157e+34,0.000000
4,1,-3,2.0728575e+34,0.000000
7,-6,32,2.059773e+34,0.000000
4,-3,43,2.0589568e+34,0.000000
4,3,23,2.0379624e+34,0.000000
6,-5,41,2.0306525e+34,0.000000
8,-8,23,2.001526e+34,0.000000
5,-3,20,1.9973545e+34,0.000000
5,-3,21,1.9968699e+34,0.000000
6,-3,2,1.9885315e+34,0.000000
2,2,31,1.9866226e+34,0.000000
2,1,24,1.9663392e+34,0.000000
3,3,30,1.9641036e+34,0.000000
6,-4,24,1.9443338e+34,0.000000
6,-6,51,1.9406284e+34,0.000000
5,2,3,1.9386741e+34,0.000000
8,-6,4,1.9230499e+34,0.000000
2,1,-16,1.9209916e+34,0.000000
7,-7,42,1.8991837e+34,0.000000
2,-2,-19,1.8986674e+34,0.000000
4,4,25,1.8807989e+34,0.000000
6,-2,1,1.8733172e+34,0.000000
9,-7,13,1.873049e+34,0.000000
2,0,-26,1.8665364e+34,0.000000
2,0,26,1.8665364e+34,0.000000
4,2,-7,1.8618711e+34,0.000000
4,-1,18,1.859948e+34,0.000000
5,-3,19,1.8533743e+34,0.000000
5,-5,55,1.8423424e+34,0.000000
5,-3,22,1.8416647e+34,0.000000
5,-4,44,1.8400668e+34,0.000000
4,1,15,1.8353938e+34,0.000000
5,-1,12,1.8336688e+34,0.000000
4,1,-7,1.8277064e+34,0.000000
4,-1,-9,1.8144869e+34,0.000000
8,-6,18,1.8017889e+34,0.000000
5,-3,18,1.7905235e+34,0.000000
3,-2,-9,1.7832694e+34,0.000000
7,-5,25,1.7756986e+34,0.000000
3,-1,25,1.7691962e+34,0.000000
5,0,-3,1.7536881e+34,0.000000
5,0,3,1.7536881e+34,0.000000
7,-6,33,1.7385898e+34,0.000000
5,3,11,1.7346542e+34,0.000000
3,1,21,1.7248977e+34,0.000000
7,-4,3,1.667981e+34,0.000000
7,-7,0,1.6602529e+34,0.000000
5,-2,16,1.6458394e+34,0.000000
2,-2,52,1.6408294e+34,0.000000
2,2,-10,1.6358067e+34,0.000000
5,1,12,1.6331215e+34,0.000000
2,-1,32,1.6264193e+34,0.000000
4,-1,-3,1.6252595e+34,0.000000
2,-1,-23,1.6178661e+34,0.000000
7,-7,43,1.6022682e+34,0.000000
5,-3,23,1.5890849e+34,0.000000
8,-8,24,1.5602767e+34,0.000000
5,5,-1,1.5356374e+34,0.000000
4,-2,2,1.5346265e+34,0.000000
8,-7,19,1.5341572e+34,0.000000
6,-5,42,1.5317561e+34,0.000000
3,-3,55,1.5229627e+34,0.000000
4,2,20,1.5193375e+34,0.000000
6,-6,52,1.4845774e+34,0.000000
5,-2,-1,1.477334e+34,0.000000
8,-8,5,1.4737542e+34,0.000000
7,-6,34,1.4600351e+34,0.000000
3,-3,-14,1.4470062e+34,0.000000
4,3,24,1.4409137e+34,0.000000
3,2,27,1.4361686e+34,0.000000
9,-9,17,1.4274375e+34,0.000000
5,-1,-3,1.4179854e+34,0.000000
4,4,26,1.4146002e+34,0.000000
5,0,-2,1.4014219e+34,0.000000
5,0,2,1.4014219e+34,0.000000
9,-9,10,1.3981148e+34,0.000000
8,-6,19,1.3979655e+34,0.000000
3,0,-21,1.3913433e+34,0.000000
3,0,21,1.3913433e+34,0.000000
4,-3,44,1.3701595e+34,0.000000
3,-2,39,1.3645296e+34,0.000000
7,-7,44,1.3441432e+34,0.000000
10,-8,10,1.341647e+34,0.000000
6,-3,6,1.3157941e+34,0.000000
3,3,31,1.3084588e+34,0.000000
8,-7,6,1.3055489e+34,0.000000
4,0,-13,1.3027767e+34,0.000000
4,0,13,1.3027767e+34,0.000000
5,-4,45,1.3026388e+34,0.000000
5,-3,24,1.3006966e+34,0.000000
10,-10,14,1.2850278e+34,0.000000
5,0,-4,1.2682777e+34,0.000000
5,0,4,1.2682777e+34,0.000000
7,-5,26,1.2657767e+34,0.000000
9,-8,14,1.240631e+34,0.000000
8,-8,25,1.2391321e+34,0.000000
4,1,-8,1.2278775e+34,0.000000
7,-6,35,1.21966e+34,0.000000
4,-1,-10,1.2171716e+34,0.000000
2,2,32,1.2141641e+34,0.000000
5,-1,13,1.2086583e+34,0.000000
7,-4,9,1.1986362e+34,0.000000
7,-5,-1,1.1980682e+34,0.000000
6,-2,8,1.180654e+34,0.000000
8,-6,3,1.1786196e+34,0.000000
3,-1,-21,1.1765167e+34,0.000000
3,1,-17,1.1691306e+34,0.000000
5,-2,17,1.1652561e+34,0.000000
6,-5,43,1.1527058e+34,0.000000
8,-7,20,1.1343144e+34,0.000000
6,-6,53,1.1342012e+34,0.000000
7,-7,45,1.1214908e+34,0.000000
6,-4,25,1.1183392e+34,0.000000
9,-7,14,1.112965e+34,0.000000
8,-6,20,1.1047662e+34,0.000000
3,2,-5,1.1021619e+34,0.000000
5,1,13,1.0941446e+34,0.000000
10,-10,13,1.0935571e+34,0.000000
5,4,1,1.0883367e+34,0.000000
2,0,-27,1.0860366e+34,0.000000
2,0,27,1.0860366e+34,0.000000
3,3,-6,1.0855411e+34,0.000000
8,-5,5,1.0823317e+34,0.000000
6,-5,-2,1.0792779e+34,0.000000
4,4,-4,1.0673425e+34,0.000000
5,4,6,1.0612034e+34,0.000000
5,5,0,1.0574356e+34,0.000000
4,4,27,1.0567244e+34,0.000000
2,-2,53,1.0537358e+34,0.000000
5,4,5,1.0446749e+34,0.000000
9,-7,7,1.0427451e+34,0.000000
2,1,25,1.0398113e+34,0.000000
5,4,-2,1.0302358e+34,0.000000
5,-3,25,1.0209953e+34,0.000000
5,4,7,1.0196228e+34,0.000000
2,1,-17,1.0171896e+34,0.000000
5,5,1,1.0164826e+34,0.000000
4,3,25,1.0136609e+34,0.000000
7,-6,36,1.0134519e+34,0.000000
4,-4,-6,1.0050846e+34,0.000000
8,-8,26,9.9959997e+33,0.000000
4,1,16,9.9649763e+33,0.000000
8,-5,9,9.8076657e+33,0.000000
6,4,-2,9.6340408e+33,0.000000
5,4,8,9.5965989e+33,0.000000
4,2,21,9.5272867e+33,0.000000
5,4,4,9.3671698e+33,0.000000
4,-2,1,9.348011e+33,0.000000
7,-7,46,9.3087585e+33,0.000000
4,2,-3,9.2907126e+33,0.000000
5,5,2,9.2853998e+33,0.000000
4,-1,19,9.2451764e+33,0.000000
5,-4,46,9.2208086e+33,0.000000
6,2,3,9.1986931e+33,0.000000
4,-3,45,9.1173734e+33,0.000000
5,4,9,9.0267532e+33,0.000000
3,2,28,8.9872478e+33,0.000000
7,-5,27,8.936709e+33,0.000000
5,4,0,8.9342312e+33,0.000000
5,3,12,8.9166233e+33,0.000000
9,-9,18,8.9101463e+33,0.000000
3,0,-22,8.8765116e+33,0.000000
3,0,22,8.8765116e+33,0.000000
8,-6,21,8.8435937e+33,0.000000
2,-1,-24,8.7215698e+33,0.000000
3,-2,-10,8.7156864e+33,0.000000
3,3,32,8.7140603e+33,0.000000
10,-8,12,8.6884253e+33,0.000000
5,5,-2,8.6653009e+33,0.000000
6,-5,44,8.6561278e+33,0.000000
6,-6,54,8.6558374e+33,0.000000
8,-7,21,8.6013447e+33,0.000000
5,4,10,8.5395647e+33,0.000000
7,-6,37,8.3767947e+33,0.000000
6,2,4,8.37625e+33,0.000000
3,-2,40,8.3619324e+33,0.000000
10,-9,12,8.3604951e+33,0.000000
5,2,4,8.2879583e+33,0.000000
6,4,0,8.1859511e+33,0.000000
8,-8,27,8.1657621e+33,0.000000
5,4,2,8.1605092e+33,0.000000
5,4,11,8.1050319e+33,0.000000
5,-2,18,8.1017711e+33,0.000000
4,1,-9,8.0601859e+33,0.000000
4,-1,-11,7.9728647e+33,0.000000
4,2,-8,7.9574355e+33,0.000000
5,4,3,7.9046675e+33,0.000000
2,-1,33,7.8807174e+33,0.000000
4,4,28,7.8464708e+33,0.000000
5,0,-5,7.8400953e+33,0.000000
5,0,5,7.8400953e+33,0.000000
5,-1,14,7.7630638e+33,0.000000
3,1,22,7.7602414e+33,0.000000
5,-3,26,7.749443e+33,0.000000
7,-7,47,7.6885377e+33,0.000000
5,4,12,7.6706453e+33,0.000000
9,-8,15,7.6383241e+33,0.000000
5,2,9,7.6048943e+33,0.000000
5,2,8,7.558128e+33,0.000000
2,-2,-20,7.4758899e+33,0.000000
5,1,-5,7.4635478e+33,0.000000
2,2,33,7.4355465e+33,0.000000
5,5,3,7.3979577e+33,0.000000
6,-5,-3,7.2946845e+33,0.000000
5,4,13,7.1942715e+33,0.000000
5,2,10,7.1408271e+33,0.000000
8,-7,5,7.1397124e+33,0.000000
8,-6,22,7.1345597e+33,0.000000
3,-3,-15,7.1106042e+33,0.000000
5,1,14,7.1096376e+33,0.000000
4,3,26,7.0998048e+33,0.000000
7,-4,10,7.0758957e+33,0.000000
5,2,7,6.9548712e+33,0.000000
9,-7,15,6.9428411e+33,0.000000
2,-2,54,6.8906084e+33,0.000000
7,-6,38,6.888324e+33,0.000000
9,-6,9,6.8829081e+33,0.000000
8,-8,28,6.7369583e+33,0.000000
8,-7,22,6.6698656e+33,0.000000
4,-2,3,6.656333e+33,0.000000
5,4,14,6.6561453e+33,0.000000
6,-6,55,6.6003239e+33,0.000000
5,-4,47,6.5270049e+33,0.000000
6,-5,45,6.487877e+33,0.000000
3,-1,26,6.4824678e+33,0.000000
5,5,6,6.4663291e+33,0.000000
6,-4,-3,6.4261768e+33,0.000000
5,5,7,6.3751833e+33,0.000000
5,5,4,6.3690442e+33,0.000000
5,2,11,6.3273243e+33,0.000000
7,-7,48,6.3206709e+33,0.000000
2,0,-28,6.31496e+33,0.000000
2,0,28,6.31496e+33,0.000000
5,-1,-4,6.3121961e+33,0.000000
6,-4,26,6.3080192e+33,0.000000
5,5,5,6.2991275e+33,0.000000
3,-1,-22,6.2821393e+33,0.000000
7,-5,28,6.2541626e+33,0.000000
3,1,-18,6.2332561e+33,0.000000
7,-7,-1,6.1988249e+33,0.000000
6,2,5,6.1836832e+33,0.000000
2,2,-11,6.121121e+33,0.000000
6,2,2,6.0852679e+33,0.000000
4,-3,46,6.0654055e+33,0.000000
5,4,15,6.0583269e+33,0.000000
5,2,6,6.0497944e+33,0.000000
5,5,8,5.9165697e+33,0.000000
4,2,22,5.9074489e+33,0.000000
9,-8,9,5.8713963e+33,0.000000
3,3,33,5.8026377e+33,0.000000
4,4,29,5.7953043e+33,0.000000
8,-6,23,5.7751009e+33,0.000000
5,2,5,5.7351339e+33,0.000000
5,-3,27,5.7232227e+33,0.000000
9,-9,19,5.6667414e+33,0.000000
7,-6,39,5.6361192e+33,0.000000
3,0,-23,5.6240728e+33,0.000000
3,0,23,5.6240728e+33,0.000000
3,2,29,5.6228452e+33,0.000000
8,-6,2,5.6187064e+33,0.000000
8,-8,29,5.6031145e+33,0.000000
6,-3,7,5.582997e+33,0.000000
5,-2,19,5.5376415e+33,0.000000
2,1,26,5.4759191e+33,0.000000
5,4,16,5.4182944e+33,0.000000
2,1,-18,5.3934108e+33,0.000000
6,4,1,5.3414581e+33,0.000000
5,2,12,5.3412764e+33,0.000000
8,-7,23,5.2757327e+33,0.000000
4,1,17,5.2746436e+33,0.000000
7,-5,-2,5.2600257e+33,0.000000
7,-6,1,5.2315365e+33,0.000000
6,-2,9,5.2056084e+33,0.000000
4,1,-10,5.2047249e+33,0.000000
5,5,9,5.2013992e+33,0.000000
7,-7,49,5.1732227e+33,0.000000
4,-1,-12,5.1219413e+33,0.000000
3,-2,41,5.1193578e+33,0.000000
8,-8,4,5.0075136e+33,0.000000
4,3,27,4.9539229e+33,0.000000
9,-9,9,4.929665e+33,0.000000
4,-4,-7,4.923733e+33,0.000000
8,-5,10,4.9021673e+33,0.000000
9,-6,7,4.8749096e+33,0.000000
5,-1,15,4.8711714e+33,0.000000
6,-5,46,4.8545574e+33,0.000000
7,-3,4,4.7965822e+33,0.000000
9,-8,16,4.7614776e+33,0.000000
5,4,17,4.7611606e+33,0.000000
2,-1,-25,4.7157809e+33,0.000000
8,-8,30,4.6941565e+33,0.000000
3,2,-6,4.6899157e+33,0.000000
8,-6,24,4.6731972e+33,0.000000
5,-4,48,4.6205606e+33,0.000000
3,3,-4,4.6081882e+33,0.000000
2,-2,55,4.600308e+33,0.000000
7,-6,40,4.5894432e+33,0.000000
2,2,34,4.5622744e+33,0.000000
9,-7,16,4.5137486e+33,0.000000
5,1,15,4.4989258e+33,0.000000
5,0,-6,4.4963465e+33,0.000000
5,0,6,4.4963465e+33,0.000000
7,-4,11,4.4787508e+33,0.000000
4,-1,20,4.4356325e+33,0.000000
10,-10,15,4.40176e+33,0.000000
5,5,10,4.4006758e+33,0.000000
7,-5,29,4.342051e+33,0.000000
5,2,13,4.3279797e+33,0.000000
5,3,13,4.2723852e+33,0.000000
4,4,30,4.2602501e+33,0.000000
8,-7,24,4.2469205e+33,0.000000
7,-7,50,4.2164551e+33,0.000000
3,-2,-11,4.1884742e+33,0.000000
5,-3,28,4.132741e+33,0.000000
4,0,-14,4.1295663e+33,0.000000
4,0,14,4.1295663e+33,0.000000
5,4,18,4.1130349e+33,0.000000
4,-3,47,4.0330752e+33,0.000000
6,2,6,4.0233257e+33,0.000000
8,-8,31,3.9622172e+33,0.000000
5,5,-4,3.8946664e+33,0.000000
3,3,34,3.8640121e+33,0.000000
6,4,4,3.830957e+33,0.000000
8,-6,25,3.7695793e+33,0.000000
6,4,5,3.7629667e+33,0.000000
6,4,2,3.7319518e+33,0.000000
6,4,3,3.7260218e+33,0.000000
5,-2,20,3.7251183e+33,0.000000
2,-1,34,3.7244888e+33,0.000000
7,-6,41,3.7199978e+33,0.000000
9,-9,20,3.7163471e+33,0.000000
2,0,-29,3.6710042e+33,0.000000
2,0,29,3.6710042e+33,0.000000
5,5,11,3.65747e+33,0.000000
10,-9,13,3.6504638e+33,0.000000
10,-8,13,3.6460956e+33,0.000000
6,-5,47,3.6270755e+33,0.000000
4,2,23,3.6270434e+33,0.000000
6,4,6,3.6048859e+33,0.000000
3,0,-24,3.5436493e+33,0.000000
3,0,24,3.5436493e+33,0.000000
3,-3,-16,3.5368503e+33,0.000000
4,2,-9,3.5178934e+33,0.000000
3,2,30,3.5177541e+33,0.000000
5,4,19,3.4965412e+33,0.000000
6,-4,27,3.4862508e+33,0.000000
8,-7,25,3.4722882e+33,0.000000
4,3,28,3.4452428e+33,0.000000
7,-7,51,3.4231814e+33,0.000000
6,4,7,3.3920424e+33,0.000000
5,2,14,3.3861374e+33,0.000000
3,1,23,3.3822383e+33,0.000000
8,-8,32,3.3724661e+33,0.000000
3,-1,-23,3.3563914e+33,0.000000
3,1,-19,3.3178134e+33,0.000000
4,1,-11,3.3168357e+33,0.000000
5,-4,49,3.2714194e+33,0.000000
6,4,-1,3.2663342e+33,0.000000
4,-1,-13,3.2365364e+33,0.000000
7,-7,-2,3.1878052e+33,0.000000
3,-2,42,3.129911e+33,0.000000
4,4,31,3.1187977e+33,0.000000
6,4,8,3.1156705e+33,0.000000
6,-3,1,3.1110451e+33,0.000000
8,-7,4,3.0842547e+33,0.000000
3,3,-7,3.0570169e+33,0.000000
5,5,12,3.0552505e+33,0.000000
9,-7,17,3.0492339e+33,0.000000
8,-6,26,3.0248191e+33,0.000000
9,-8,17,3.0058348e+33,0.000000
7,-6,42,3.0020766e+33,0.000000
7,-6,0,3.0001631e+33,0.000000
7,-5,30,2.993112e+33,0.000000
5,-1,16,2.9917772e+33,0.000000
7,-4,12,2.9465331e+33,0.000000
5,-3,29,2.9289648e+33,0.000000
5,4,20,2.9285268e+33,0.000000
8,-8,33,2.8976763e+33,0.000000
2,-2,-21,2.893676e+33,0.000000
8,-7,26,2.878472e+33,0.000000
2,1,27,2.8697062e+33,0.000000
2,1,-19,2.8627269e+33,0.000000
8,-5,11,2.8049077e+33,0.000000
2,2,35,2.8043402e+33,0.000000
5,1,16,2.7810121e+33,0.000000
5,4,-1,2.7738137e+33,0.000000
6,4,9,2.7732393e+33,0.000000
7,-7,52,2.768945e+33,0.000000
4,1,18,2.7160119e+33,0.000000
6,-5,48,2.7065332e+33,0.000000
6,-3,8,2.6855637e+33,0.000000
4,-3,48,2.679609e+33,0.000000
9,-7,6,2.6439815e+33,0.000000
5,5,13,2.6192021e+33,0.000000
3,3,35,2.5734089e+33,0.000000
5,2,15,2.5701448e+33,0.000000
2,-1,-26,2.5577133e+33,0.000000
9,-9,21,2.5256613e+33,0.000000
9,-9,8,2.5242503e+33,0.000000
8,-8,34,2.5153481e+33,0.000000
7,-4,2,2.4939582e+33,0.000000
4,-2,0,2.4925522e+33,0.000000
5,-2,21,2.4690066e+33,0.000000
5,0,-7,2.4422024e+33,0.000000
5,0,7,2.4422024e+33,0.000000
4,-4,-8,2.4242786e+33,0.000000
5,4,21,2.4195021e+33,0.000000
8,-7,27,2.4159681e+33,0.000000
7,-6,43,2.4126389e+33,0.000000
8,-6,27,2.411244e+33,0.000000
6,-6,-5,2.3906875e+33,0.000000
4,3,29,2.3891836e+33,0.000000
6,4,10,2.382657e+33,0.000000
6,2,7,2.3704152e+33,0.000000
9,-6,10,2.3654058e+33,0.000000
2,2,-12,2.3613894e+33,0.000000
10,-10,16,2.3383818e+33,0.000000
5,5,14,2.3327655e+33,0.000000
5,-4,50,2.3166008e+33,0.000000
5,-5,-5,2.2753644e+33,0.000000
4,4,32,2.2747941e+33,0.000000
7,-7,53,2.232054e+33,0.000000
3,0,-25,2.2230194e+33,0.000000
3,0,25,2.2230194e+33,0.000000
4,2,24,2.207574e+33,0.000000
8,-8,35,2.2063854e+33,0.000000
3,2,31,2.2009187e+33,0.000000
6,-2,10,2.1949056e+33,0.000000
8,-8,3,2.1770334e+33,0.000000
3,-1,27,2.1635255e+33,0.000000
5,0,-1,2.1582821e+33,0.000000
5,0,1,2.1582821e+33,0.000000
5,5,15,2.1575719e+33,0.000000
2,0,-30,2.1340413e+33,0.000000
2,0,30,2.1340413e+33,0.000000
9,-7,18,2.1329226e+33,0.000000
6,2,1,2.1080031e+33,0.000000
4,1,-12,2.0894134e+33,0.000000
6,0,-2,2.0693485e+33,0.000000
6,0,2,2.0693485e+33,0.000000
7,-3,5,2.0690031e+33,0.000000
4,3,-3,2.0672603e+33,0.000000
10,-7,9,2.0533213e+33,0.000000
8,-7,28,2.0505218e+33,0.000000
7,-5,31,2.0502804e+33,0.000000
5,5,16,2.050085e+33,0.000000
5,-3,30,2.0435404e+33,0.000000
4,-1,21,2.0424112e+33,0.000000
10,-8,9,2.0382455e+33,0.000000
3,2,-7,2.0310231e+33,0.000000
8,-5,4,2.0253183e+33,0.000000
6,-5,49,2.0174758e+33,0.000000
4,-1,-14,2.0159719e+33,0.000000
3,-2,-12,1.9794135e+33,0.000000
6,4,11,1.9744522e+33,0.000000
5,4,22,1.9742031e+33,0.000000
7,-4,13,1.9733747e+33,0.000000
5,5,17,1.9723628e+33,0.000000
8,-8,36,1.9545807e+33,0.000000
9,-8,18,1.9454629e+33,0.000000
10,-8,14,1.9428528e+33,0.000000
5,-1,-5,1.9386055e+33,0.000000
7,-6,44,1.9312989e+33,0.000000
3,-2,43,1.9101564e+33,0.000000
8,-6,28,1.9079993e+33,0.000000
5,2,16,1.8998958e+33,0.000000
5,5,18,1.8970769e+33,0.000000
6,-4,28,1.8854157e+33,0.000000
5,3,14,1.8798443e+33,0.000000
5,5,19,1.808263e+33,0.000000
5,-1,17,1.801218e+33,0.000000
3,-1,-24,1.7947452e+33,0.000000
7,-7,54,1.7935088e+33,0.000000
4,-3,49,1.7783402e+33,0.000000
3,-3,-17,1.7782582e+33,0.000000
9,-9,22,1.7769068e+33,0.000000
10,-10,12,1.764249e+33,0.000000
3,1,-20,1.7634424e+33,0.000000
8,-7,29,1.7577737e+33,0.000000
8,-5,12,1.7538201e+33,0.000000
8,-8,37,1.7464261e+33,0.000000
2,2,36,1.7266266e+33,0.000000
3,3,36,1.7142405e+33,0.000000
2,-1,35,1.7023595e+33,0.000000
5,5,20,1.699577e+33,0.000000
5,1,17,1.6833911e+33,0.000000
6,3,2,1.6691263e+33,0.000000
7,-5,-3,1.6610384e+33,0.000000
4,4,33,1.653813e+33,0.000000
4,3,30,1.652746e+33,0.000000
6,3,3,1.6509442e+33,0.000000
5,-4,51,1.6407334e+33,0.000000
5,1,-6,1.6314748e+33,0.000000
5,-2,22,1.6142327e+33,0.000000
4,2,-10,1.5959001e+33,0.000000
5,4,23,1.5927277e+33,0.000000
6,4,12,1.5799853e+33,0.000000
5,5,21,1.5715378e+33,0.000000
8,-8,38,1.5709847e+33,0.000000
7,-6,45,1.5402374e+33,0.000000
9,-7,19,1.5390782e+33,0.000000
2,1,-20,1.5210188e+33,0.000000
8,-7,30,1.51996e+33,0.000000
10,-9,14,1.5152757e+33,0.000000
6,-5,50,1.5025486e+33,0.000000
8,-6,29,1.4981922e+33,0.000000
2,1,28,1.4950108e+33,0.000000
8,-6,1,1.4838277e+33,0.000000
10,-7,10,1.4794084e+33,0.000000
7,-7,55,1.4368535e+33,0.000000
5,5,22,1.4287459e+33,0.000000
10,-10,17,1.4280495e+33,0.000000
8,-8,39,1.4197098e+33,0.000000
5,4,-3,1.4174879e+33,0.000000
3,1,24,1.4157568e+33,0.000000
5,-3,31,1.4070378e+33,0.000000
7,-5,32,1.3967213e+33,0.000000
5,1,-2,1.3931123e+33,0.000000
2,-1,-27,1.3915414e+33,0.000000
3,0,-26,1.3897939e+33,0.000000
3,0,26,1.3897939e+33,0.000000
3,2,32,1.3772088e+33,0.000000
5,2,17,1.3722471e+33,0.000000
6,-3,9,1.3652669e+33,0.000000
4,1,19,1.3562992e+33,0.000000
4,2,25,1.3331271e+33,0.000000
7,-4,14,1.3262103e+33,0.000000
4,0,-15,1.3246473e+33,0.000000
4,0,15,1.3246473e+33,0.000000
8,-7,31,1.3238886e+33,0.000000
9,-8,8,1.3216239e+33,0.000000
6,3,4,1.3192609e+33,0.000000
4,1,-13,1.3021439e+33,0.000000
9,-8,19,1.3014875e+33,0.000000
9,-9,23,1.28866e+33,0.000000
8,-8,40,1.2861851e+33,0.000000
5,5,23,1.2775953e+33,0.000000
6,2,8,1.2736635e+33,0.000000
4,-2,4,1.2727293e+33,0.000000
5,4,24,1.2718414e+33,0.000000
5,0,-8,1.260932e+33,0.000000
5,0,8,1.260932e+33,0.000000
2,0,-31,1.2407758e+33,0.000000
2,0,31,1.2407758e+33,0.000000
4,-1,-15,1.2399333e+33,0.000000
7,-6,46,1.2240523e+33,0.000000
6,4,13,1.2234751e+33,0.000000
9,-9,7,1.2102093e+33,0.000000
9,-7,5,1.2024894e+33,0.000000
4,4,34,1.1989118e+33,0.000000
4,-3,50,1.1784063e+33,0.000000
4,-4,-9,1.1735764e+33,0.000000
8,-5,13,1.1705496e+33,0.000000
8,-6,30,1.1673751e+33,0.000000
8,-8,41,1.1658062e+33,0.000000
8,-8,2,1.163913e+33,0.000000
3,-2,44,1.1631681e+33,0.000000
5,-4,52,1.1621944e+33,0.000000
8,-7,32,1.1596798e+33,0.000000
6,3,-1,1.1515013e+33,0.000000
3,3,37,1.1422189e+33,0.000000
9,-7,20,1.1417567e+33,0.000000
4,3,31,1.1408719e+33,0.000000
9,-6,11,1.1316884e+33,0.000000
10,-8,15,1.1304236e+33,0.000000
5,5,24,1.1246525e+33,0.000000
6,-5,51,1.1183035e+33,0.000000
7,-3,3,1.1137358e+33,0.000000
2,-2,-22,1.0955609e+33,0.000000
10,-9,11,1.0819388e+33,0.000000
2,2,37,1.0646676e+33,0.000000
5,-1,18,1.0643278e+33,0.000000
8,-8,42,1.0554367e+33,0.000000
5,-2,23,1.042195e+33,0.000000
8,-7,33,1.0199434e+33,0.000000
6,2,-1,1.0110014e+33,0.000000
5,4,25,1.0061987e+33,0.000000
5,1,18,9.9976486e+32,0.000000
6,-4,29,9.9590142e+32,0.000000
3,3,-8,9.817486e+32,0.000000
7,-7,-3,9.7904583e+32,0.000000
5,5,25,9.7567338e+32,0.000000
6,3,5,9.7560681e+32,0.000000
5,2,18,9.710988e+32,0.000000
7,-6,47,9.6956782e+32,0.000000
3,-1,-25,9.6065475e+32,0.000000
9,-9,24,9.5858659e+32,0.000000
5,-3,32,9.5795676e+32,0.000000
7,-3,6,9.5792531e+32,0.000000
8,-8,43,9.530707e+32,0.000000
7,-5,33,9.4697086e+32,0.000000
3,1,-21,9.3622795e+32,0.000000
2,2,-13,9.3070535e+32,0.000000
6,-2,11,9.2523756e+32,0.000000
3,-2,-13,9.1911737e+32,0.000000
6,4,14,9.1903196e+32,0.000000
6,3,1,9.0913221e+32,0.000000
8,-6,31,9.0283381e+32,0.000000
3,-3,-18,9.0280007e+32,0.000000
9,-8,20,9.0144324e+32,0.000000
8,-7,34,8.9920029e+32,0.000000
3,2,-8,8.9690416e+32,0.000000
4,-1,22,8.9668226e+32,0.000000
10,-10,18,8.9145749e+32,0.000000
7,-4,15,8.8513505e+32,0.000000
9,-7,21,8.6825102e+32,0.000000
4,4,35,8.6695156e+32,0.000000
3,0,-27,8.6660909e+32,0.000000
3,0,27,8.6660909e+32,0.000000
3,2,33,8.6190737e+32,0.000000
10,-9,15,8.6092331e+32,0.000000
8,-8,44,8.5752637e+32,0.000000
7,-6,-1,8.3553465e+32,0.000000
5,5,26,8.3512787e+32,0.000000
6,-5,52,8.3192843e+32,0.000000
5,-4,53,8.2326008e+32,0.000000
8,-5,14,8.2006927e+32,0.000000
8,-7,3,8.1557682e+32,0.000000
9,-6,6,8.135828e+32,0.000000
2,1,-21,8.0907511e+32,0.000000
7,-3,2,8.0405941e+32,0.000000
4,1,-14,8.0322446e+32,0.000000
4,2,26,7.9930609e+32,0.000000
8,-7,35,7.9344274e+32,0.000000
5,4,26,7.89353e+32,0.000000
4,3,32,7.8608843e+32,0.000000
4,-3,51,7.7933329e+32,0.000000
2,1,29,7.7316964e+32,0.000000
8,-8,45,7.6818501e+32,0.000000
7,-6,48,7.6561938e+32,0.000000
3,3,38,7.6129037e+32,0.000000
2,-1,-28,7.593987e+32,0.000000
4,-1,-16,7.5418056e+32,0.000000
5,3,15,7.4542915e+32,0.000000
2,-1,36,7.4310111e+32,0.000000
4,2,-11,7.3766796e+32,0.000000
9,-9,25,7.285326e+32,0.000000
2,0,-32,7.2158246e+32,0.000000
2,0,32,7.2158246e+32,0.000000
6,-3,10,7.1191263e+32,0.000000
9,-7,4,7.0805063e+32,0.000000
3,-2,45,7.0647173e+32,0.000000
5,5,27,7.0608307e+32,0.000000
8,-7,36,6.9978351e+32,0.000000
8,-6,32,6.933049e+32,0.000000
6,3,6,6.9167887e+32,0.000000
8,-8,46,6.8478058e+32,0.000000
7,-7,-4,6.8460889e+32,0.000000
10,-8,16,6.8453711e+32,0.000000
9,-7,22,6.7508474e+32,0.000000
5,2,19,6.7491292e+32,0.000000
6,4,15,6.7130645e+32,0.000000
5,-2,24,6.6514379e+32,0.000000
3,-1,28,6.5876711e+32,0.000000
2,2,38,6.5735673e+32,0.000000
4,1,20,6.5405906e+32,0.000000
5,-3,33,6.4597242e+32,0.000000
9,-8,21,6.4498798e+32,0.000000
7,-5,34,6.3943585e+32,0.000000
4,4,36,6.2552506e+32,0.000000
4,0,-16,6.2547109e+32,0.000000
4,0,16,6.2547109e+32,0.000000
9,-6,12,6.2502446e+32,0.000000
6,-2,-1,6.2317824e+32,0.000000
6,2,9,6.2251697e+32,0.000000
8,-6,0,6.2203261e+32,0.000000
6,-5,53,6.1871346e+32,0.000000
5,-1,19,6.178768e+32,0.000000
5,0,-9,6.1690978e+32,0.000000
5,0,9,6.1690978e+32,0.000000
8,-7,37,6.1616977e+32,0.000000
5,4,27,6.1451863e+32,0.000000
8,-8,47,6.0723979e+32,0.000000
7,-6,49,6.0282841e+32,0.000000
8,-5,15,5.948272e+32,0.000000
9,-8,7,5.9159444e+32,0.000000
5,5,28,5.9030577e+32,0.000000
5,1,19,5.834583e+32,0.000000
5,-4,54,5.8311682e+32,0.000000
7,-4,16,5.8201543e+32,0.000000
7,-3,7,5.7827911e+32,0.000000
9,-9,26,5.6456303e+32,0.000000
4,-4,-10,5.6259057e+32,0.000000
7,-4,1,5.6246263e+32,0.000000
6,4,-3,5.6210259e+32,0.000000
3,1,25,5.61988e+32,0.000000
4,-2,-1,5.5836382e+32,0.000000
10,-10,19,5.5232661e+32,0.000000
8,-7,38,5.4115158e+32,0.000000
4,3,33,5.4078376e+32,0.000000
3,2,34,5.3947875e+32,0.000000
3,0,-28,5.3932428e+32,0.000000
3,0,28,5.3932428e+32,0.000000
8,-8,48,5.3556747e+32,0.000000
9,-7,23,5.3538782e+32,0.000000
10,-9,16,5.3272659e+32,0.000000
8,-6,33,5.2888522e+32,0.000000
7,-2,3,5.2842524e+32,0.000000
4,0,-17,5.2616824e+32,0.000000
4,0,17,5.2616824e+32,0.000000
4,0,-18,5.2482441e+32,0.000000
4,0,18,5.2482441e+32,0.000000
7,-3,1,5.2091089e+32,0.000000
3,-1,-26,5.1474779e+32,0.000000
4,-3,52,5.1416281e+32,0.000000
6,-4,30,5.1242052e+32,0.000000
4,-3,-6,5.0877338e+32,0.000000
3,3,39,5.0754003e+32,0.000000
3,1,-22,4.966801e+32,0.000000
4,0,-19,4.9412739e+32,0.000000
4,0,19,4.9412739e+32,0.000000
4,1,-15,4.9059271e+32,0.000000
5,5,29,4.8847829e+32,0.000000
6,4,16,4.7792449e+32,0.000000
5,-1,-6,4.7647562e+32,0.000000
4,2,27,4.7604345e+32,0.000000
5,4,28,4.7509429e+32,0.000000
9,-8,22,4.7503499e+32,0.000000
8,-7,39,4.7369863e+32,0.000000
7,-6,50,4.7337963e+32,0.000000
8,-8,1,4.7309069e+32,0.000000
7,-4,0,4.7272383e+32,0.000000
6,3,7,4.7046723e+32,0.000000
8,-8,49,4.6977032e+32,0.000000
3,-3,-19,4.6245436e+32,0.000000
5,2,20,4.6159657e+32,0.000000
6,-5,54,4.6009752e+32,0.000000
6,-2,12,4.5796231e+32,0.000000
4,-1,-17,4.5426637e+32,0.000000
4,4,37,4.504636e+32,0.000000
9,-9,6,4.4735934e+32,0.000000
9,-9,27,4.4589045e+32,0.000000
8,-5,16,4.4162764e+32,0.000000
9,-5,6,4.4055249e+32,0.000000
6,1,1,4.3899977e+32,0.000000
10,-10,11,4.342851e+32,0.000000
9,-7,24,4.3204271e+32,0.000000
5,-3,34,4.3201317e+32,0.000000
2,1,-22,4.3097358e+32,0.000000
7,-5,35,4.303021e+32,0.000000
10,-7,11,4.2950489e+32,0.000000
10,-8,17,4.282688e+32,0.000000
3,-2,46,4.2788945e+32,0.000000
4,0,-20,4.2733105e+32,0.000000
4,0,20,4.2733105e+32,0.000000
10,-8,8,4.2703347e+32,0.000000
5,-2,25,4.2001598e+32,0.000000
2,0,-33,4.1973837e+32,0.000000
2,0,33,4.1973837e+32,0.000000
3,-2,-14,4.1867569e+32,0.000000
2,-1,-29,4.15658e+32,0.000000
8,-7,40,4.1306007e+32,0.000000
5,-4,55,4.1290838e+32,0.000000
8,-8,50,4.0981128e+32,0.000000
2,2,39,4.0633161e+32,0.000000
2,-2,-23,4.035272e+32,0.000000
3,2,-9,4.0227082e+32,0.000000
4,-3,-7,4.0102697e+32,0.000000
8,-6,34,4.0099504e+32,0.000000
5,5,30,4.0045308e+32,0.000000
4,-3,-5,3.9982225e+32,0.000000
6,0,-6,3.9863058e+32,0.000000
6,0,6,3.9863058e+32,0.000000
2,1,30,3.9621734e+32,0.000000
7,-3,8,3.9150216e+32,0.000000
6,-3,11,3.8113542e+32,0.000000
6,0,-5,3.7614357e+32,0.000000
6,0,5,3.7614357e+32,0.000000
6,-3,-1,3.7478646e+32,0.000000
7,-4,17,3.7456268e+32,0.000000
9,-6,13,3.7379313e+32,0.000000
4,-1,23,3.7361995e+32,0.000000
2,2,-14,3.7204734e+32,0.000000
4,3,34,3.715298e+32,0.000000
7,-6,51,3.7080822e+32,0.000000
5,4,29,3.649883e+32,0.000000
5,1,-7,3.6242444e+32,0.000000
9,-9,28,3.5895054e+32,0.000000
9,-8,23,3.5889725e+32,0.000000
8,-7,41,3.5866115e+32,0.000000
8,-8,51,3.5558693e+32,0.000000
9,-7,25,3.5384337e+32,0.000000
5,-1,20,3.527045e+32,0.000000
3,3,-9,3.5186052e+32,0.000000
4,2,-12,3.4535005e+32,0.000000
4,0,-21,3.4446321e+32,0.000000
4,0,21,3.4446321e+32,0.000000
10,-10,20,3.4302645e+32,0.000000
6,-5,55,3.421705e+32,0.000000
3,3,40,3.3844752e+32,0.000000
4,-3,53,3.3824641e+32,0.000000
3,2,35,3.3768298e+32,0.000000
3,0,-29,3.3516834e+32,0.000000
3,0,29,3.3516834e+32,0.000000
5,1,20,3.349899e+32,0.000000
6,0,-7,3.3330724e+32,0.000000
6,0,7,3.3330724e+32,0.000000
8,-5,17,3.3249334e+32,0.000000
6,4,17,3.3230492e+32,0.000000
10,-9,17,3.320487e+32,0.000000
8,-5,3,3.2965048e+32,0.000000
6,-2,13,3.2584534e+32,0.000000
5,5,31,3.2549988e+32,0.000000
4,4,38,3.2385527e+32,0.000000
8,-6,-1,3.220184e+32,0.000000
8,-4,5,3.1484347e+32,0.000000
9,-8,6,3.1170029e+32,0.000000
5,2,21,3.1121197e+32,0.000000
6,-2,15,3.1077554e+32,0.000000
8,-7,42,3.1003077e+32,0.000000
6,-2,14,3.0818045e+32,0.000000
8,-8,52,3.0692125e+32,0.000000
6,3,8,3.0480493e+32,0.000000
2,-1,37,3.0375207e+32,0.000000
4,1,21,3.0287696e+32,0.000000
8,-6,35,3.0233051e+32,0.000000
6,-2,16,3.0128587e+32,0.000000
4,1,-16,2.9681502e+32,0.000000
9,-9,29,2.9437549e+32,0.000000
9,-7,26,2.9328857e+32,0.000000
7,-6,52,2.8980263e+32,0.000000
7,-5,36,2.8875498e+32,0.000000
5,-3,35,2.8686726e+32,0.000000
9,-7,3,2.8616842e+32,0.000000
5,0,-10,2.8405278e+32,0.000000
5,0,10,2.8405278e+32,0.000000
4,2,28,2.8170733e+32,0.000000
5,4,30,2.7879065e+32,0.000000
10,-8,18,2.7759075e+32,0.000000
9,-8,24,2.7739248e+32,0.000000
7,3,1,2.7710334e+32,0.000000
7,-3,9,2.764026e+32,0.000000
3,-1,-27,2.7610414e+32,0.000000
6,2,10,2.7554674e+32,0.000000
6,-2,17,2.7489869e+32,0.000000
10,-7,8,2.7218803e+32,0.000000
4,-1,-18,2.713045e+32,0.000000
4,-3,-8,2.707502e+32,0.000000
4,-4,-11,2.6873938e+32,0.000000
8,-7,43,2.6675339e+32,0.000000
5,3,16,2.6599814e+32,0.000000
8,-8,53,2.6357021e+32,0.000000
3,1,-23,2.6339848e+32,0.000000
9,-5,7,2.6333742e+32,0.000000
4,0,-22,2.631298e+32,0.000000
4,0,22,2.631298e+32,0.000000
5,-2,26,2.6263076e+32,0.000000
5,5,32,2.625208e+32,0.000000
4,-2,5,2.6073181e+32,0.000000
3,-2,47,2.5845418e+32,0.000000
6,-4,31,2.558869e+32,0.000000
4,3,35,2.5495811e+32,0.000000
8,-5,18,2.5192997e+32,0.000000
2,2,40,2.5140561e+32,0.000000
4,1,-1,2.4842729e+32,0.000000
6,0,-8,2.4568713e+32,0.000000
6,0,8,2.4568713e+32,0.000000
9,-9,30,2.4549491e+32,0.000000
9,-7,27,2.4528424e+32,0.000000
2,0,-34,2.4419988e+32,0.000000
2,0,34,2.4419988e+32,0.000000
3,-3,-20,2.3887206e+32,0.000000
9,-6,14,2.3709887e+32,0.000000
6,-2,18,2.3686724e+32,0.000000
7,-4,18,2.3455157e+32,0.000000
4,4,39,2.32498e+32,0.000000
2,1,-23,2.2995801e+32,0.000000
8,-7,44,2.2843965e+32,0.000000
2,-1,-30,2.2816122e+32,0.000000
5,1,-10,2.2711409e+32,0.000000
8,-6,36,2.2678414e+32,0.000000
8,-7,2,2.2642449e+32,0.000000
6,4,18,2.260606e+32,0.000000
7,-6,53,2.2602614e+32,0.000000
3,3,41,2.2572614e+32,0.000000
8,-8,54,2.2523275e+32,0.000000
7,-2,2,2.2294578e+32,0.000000
4,-3,54,2.2179725e+32,0.000000
3,-1,29,2.2095299e+32,0.000000
6,1,2,2.1978662e+32,0.000000
9,-8,25,2.1885559e+32,0.000000
10,-10,21,2.1736857e+32,0.000000
8,-4,4,2.1692026e+32,0.000000
6,-3,12,2.1662011e+32,0.000000
5,1,-9,2.164307e+32,0.000000
10,-6,8,2.155278e+32,0.000000
6,-3,0,2.1433893e+32,0.000000
7,3,-1,2.1210376e+32,0.000000
5,4,31,2.1183564e+32,0.000000
3,2,36,2.1135533e+32,0.000000
5,5,33,2.1022345e+32,0.000000
6,3,0,2.0902082e+32,0.000000
3,0,-30,2.0808711e+32,0.000000
3,0,30,2.0808711e+32,0.000000
3,1,26,2.0774776e+32,0.000000
9,-9,31,2.0756082e+32,0.000000
5,2,22,2.0713931e+32,0.000000
5,1,-11,2.0658573e+32,0.000000
9,-7,28,2.0635353e+32,0.000000
10,-9,18,2.0622447e+32,0.000000
2,1,31,2.0071148e+32,0.000000
7,-6,-2,2.0046644e+32,0.000000
6,0,-4,2.0012955e+32,0.000000
6,0,4,2.0012955e+32,0.000000
5,-1,21,1.9809734e+32,0.000000
7,-3,10,1.9642819e+32,0.000000
10,-7,12,1.9486984e+32,0.000000
8,-7,45,1.9471044e+32,0.000000
5,1,-8,1.9469555e+32,0.000000
6,-2,19,1.9431137e+32,0.000000
7,-5,37,1.9333512e+32,0.000000
4,0,-23,1.929486e+32,0.000000
4,0,23,1.929486e+32,0.000000
8,-8,55,1.9156483e+32,0.000000
8,-5,19,1.9094825e+32,0.000000
5,1,21,1.8937398e+32,0.000000
5,-3,36,1.89307e+32,0.000000
5,-3,-3,1.8818107e+32,0.000000
10,-10,10,1.8679926e+32,0.000000
6,3,9,1.8674221e+32,0.000000
3,-2,-15,1.8667949e+32,0.000000
10,-8,19,1.8656188e+32,0.000000
5,-3,-5,1.8452191e+32,0.000000
3,2,-10,1.8226899e+32,0.000000
4,1,-17,1.7796964e+32,0.000000
9,-9,32,1.7727425e+32,0.000000
6,-5,-4,1.7641376e+32,0.000000
7,-6,54,1.7595844e+32,0.000000
9,-8,26,1.7591312e+32,0.000000
7,-7,-5,1.7484177e+32,0.000000
4,3,36,1.7479332e+32,0.000000
9,-7,29,1.7413038e+32,0.000000
10,-9,10,1.7217871e+32,0.000000
4,-3,-9,1.7107114e+32,0.000000
8,-8,0,1.6989499e+32,0.000000
8,-6,37,1.6933472e+32,0.000000
5,1,-12,1.6933014e+32,0.000000
5,5,34,1.672495e+32,0.000000
6,0,-9,1.6718472e+32,0.000000
6,0,9,1.6718472e+32,0.000000
5,-1,-2,1.6681913e+32,0.000000
8,-4,6,1.6672226e+32,0.000000
4,4,40,1.6671181e+32,0.000000
4,2,29,1.6565883e+32,0.000000
8,-7,46,1.6519026e+32,0.000000
6,6,-3,1.6396518e+32,0.000000
4,2,-13,1.6294541e+32,0.000000
5,-2,27,1.6271969e+32,0.000000
3,-1,32,1.6100524e+32,0.000000
4,-1,-19,1.6085261e+32,0.000000
5,4,32,1.6019232e+32,0.000000
5,3,-3,1.6013797e+32,0.000000
3,-1,33,1.5848775e+32,0.000000
9,-6,15,1.5814036e+32,0.000000
7,3,2,1.5586201e+32,0.000000
3,-2,48,1.5577755e+32,0.000000
2,2,41,1.5567325e+32,0.000000
6,-2,20,1.5294914e+32,0.000000
7,-2,4,1.5287436e+32,0.000000
9,-9,33,1.5242732e+32,0.000000
9,-9,5,1.5095841e+32,0.000000
6,4,19,1.5068478e+32,0.000000
3,3,42,1.5055539e+32,0.000000
6,0,-3,1.504206e+32,0.000000
6,0,3,1.504206e+32,0.000000
2,2,-15,1.49932e+32,0.000000
6,6,-4,1.4985715e+32,0.000000
4,-1,24,1.4905443e+32,0.000000
9,-5,5,1.4863596e+32,0.000000
3,-1,31,1.4835012e+32,0.000000
3,-1,-28,1.4823587e+32,0.000000
9,-7,30,1.4701505e+32,0.000000
9,-6,5,1.4588296e+32,0.000000
4,-3,55,1.449363e+32,0.000000
8,-5,20,1.4408207e+32,0.000000
2,-2,-24,1.4401726e+32,0.000000
9,-8,27,1.4374901e+32,0.000000
6,5,8,1.4325375e+32,0.000000
3,-1,34,1.4295588e+32,0.000000
7,3,0,1.4273843e+32,0.000000
10,-10,22,1.4222916e+32,0.000000
7,-4,19,1.4213416e+32,0.000000
2,0,-35,1.4208428e+32,0.000000
2,0,35,1.4208428e+32,0.000000
9,9,55,1.4128298e+32,0.000000
6,5,9,1.3984773e+32,0.000000
3,1,-24,1.3968272e+32,0.000000
3,-1,30,1.3960455e+32,0.000000
8,-7,47,1.3950645e+32,0.000000
8,-5,2,1.3944733e+32,0.000000
6,-3,13,1.387977e+32,0.000000
6,5,7,1.3837113e+32,0.000000
7,-3,11,1.3807159e+32,0.000000
3,3,-10,1.3732831e+32,0.000000
4,0,-24,1.3710997e+32,0.000000
4,0,24,1.3710997e+32,0.000000
7,-6,55,1.3675725e+32,0.000000
5,2,23,1.3627366e+32,0.000000
10,-8,7,1.3492964e+32,0.000000
4,1,22,1.3378025e+32,0.000000
5,5,35,1.322677e+32,0.000000
3,2,37,1.3225562e+32,0.000000
9,-9,34,1.3160115e+32,0.000000
6,5,10,1.3159388e+32,0.000000
10,-8,20,1.2973384e+32,0.000000
10,-9,19,1.2954386e+32,0.000000
7,-5,38,1.2922508e+32,0.000000
3,0,-31,1.2910267e+32,0.000000
3,0,31,1.2910267e+32,0.000000
5,1,-13,1.2907863e+32,0.000000
4,-4,-12,1.2838874e+32,0.000000
8,-6,38,1.2591783e+32,0.000000
2,-1,-31,1.2558037e+32,0.000000
3,-3,-21,1.2435715e+32,0.000000
5,-3,37,1.2424531e+32,0.000000
9,-7,31,1.2392954e+32,0.000000
8,-7,1,1.2355186e+32,0.000000
6,5,6,1.2345298e+32,0.000000
6,-4,32,1.2341709e+32,0.000000
6,6,0,1.2326741e+32,0.000000
2,1,-24,1.2294527e+32,0.000000
5,0,-11,1.2230037e+32,0.000000
5,0,11,1.2230037e+32,0.000000
6,5,11,1.2156288e+32,0.000000
3,-1,35,1.2077952e+32,0.000000
5,4,33,1.2061135e+32,0.000000
4,3,37,1.1973632e+32,0.000000
4,4,41,1.1941354e+32,0.000000
9,-8,28,1.1915055e+32,0.000000
8,-7,48,1.1729187e+32,0.000000
9,-8,5,1.1659396e+32,0.000000
6,-2,21,1.1628217e+32,0.000000
9,-9,35,1.139121e+32,0.000000
6,6,-1,1.1353656e+32,0.000000
6,2,11,1.1277804e+32,0.000000
2,-1,38,1.1255495e+32,0.000000
6,5,12,1.1182221e+32,0.000000
6,5,2,1.1066169e+32,0.000000
9,-6,16,1.101579e+32,0.000000
5,-1,22,1.0951461e+32,0.000000
6,1,7,1.0945179e+32,0.000000
6,6,-2,1.0918703e+32,0.000000
6,6,3,1.0843481e+32,0.000000
8,-5,21,1.0782851e+32,0.000000
6,3,10,1.0769191e+32,0.000000
6,0,-10,1.0737774e+32,0.000000
6,0,10,1.0737774e+32,0.000000
6,1,8,1.0628282e+32,0.000000
5,-1,-7,1.0597507e+32,0.000000
4,1,-18,1.0581933e+32,0.000000
5,1,22,1.0545642e+32,0.000000
10,-7,13,1.0529356e+32,0.000000
6,-3,14,1.0473332e+32,0.000000
4,-3,-10,1.0458084e+32,0.000000
4,-1,-1,1.0432758e+32,0.000000
9,-7,32,1.0414148e+32,0.000000
5,5,36,1.0403187e+32,0.000000
6,5,13,1.0344459e+32,0.000000
6,6,2,1.0254782e+32,0.000000
6,5,5,1.0244271e+32,0.000000
6,1,6,1.0043682e+32,0.000000
3,3,43,1.0040961e+32,0.000000
2,1,32,1.001841e+32,0.000000
9,-8,29,9.9953713e+31,0.000000
5,-2,28,9.9947022e+31,0.000000
8,-4,3,9.9008747e+31,0.000000
9,-9,36,9.8811328e+31,0.000000
5,3,17,9.8642875e+31,0.000000
6,4,20,9.8534514e+31,0.000000
8,-7,49,9.8189004e+31,0.000000
10,-6,7,9.8033278e+31,0.000000
6,6,4,9.7928972e+31,0.000000
6,6,1,9.7267037e+31,0.000000
3,-1,36,9.7215976e+31,0.000000
4,2,30,9.6796684e+31,0.000000
6,5,14,9.673292e+31,0.000000
10,-10,23,9.659226e+31,0.000000
2,2,42,9.6459039e+31,0.000000
7,-6,-3,9.6449618e+31,0.000000
10,-10,9,9.5697028e+31,0.000000
7,-3,12,9.5116177e+31,0.000000
4,0,-25,9.5076962e+31,0.000000
4,0,25,9.5076962e+31,0.000000
6,1,9,9.4969785e+31,0.000000
6,5,3,9.4914782e+31,0.000000
4,-1,-20,9.4775213e+31,0.000000
3,-2,49,9.3826435e+31,0.000000
8,-8,-1,9.3680825e+31,0.000000
5,1,-14,9.3347708e+31,0.000000
8,-6,39,9.3289121e+31,0.000000
7,5,-2,9.3040748e+31,0.000000
10,-8,21,9.3035195e+31,0.000000
6,5,15,9.1490459e+31,0.000000
6,-3,15,9.0926652e+31,0.000000
7,-3,0,9.0467191e+31,0.000000
5,4,34,9.0449186e+31,0.000000
6,5,1,8.9591052e+31,0.000000
6,5,-1,8.9330073e+31,0.000000
5,2,24,8.8703846e+31,0.000000
6,5,4,8.821173e+31,0.000000
6,5,16,8.7267577e+31,0.000000
9,-7,33,8.7139236e+31,0.000000
5,3,21,8.6317821e+31,0.000000
7,-5,39,8.6268399e+31,0.000000
8,-5,1,8.6205466e+31,0.000000
9,-9,37,8.5939269e+31,0.000000
6,-2,22,8.5850365e+31,0.000000
4,4,42,8.5456946e+31,0.000000
6,-3,16,8.4852171e+31,0.000000
9,-8,30,8.4695648e+31,0.000000
5,3,22,8.3876573e+31,0.000000
10,-9,20,8.3587597e+31,0.000000
6,5,17,8.3553867e+31,0.000000
3,2,-11,8.2982113e+31,0.000000
7,-4,20,8.2926017e+31,0.000000
6,6,5,8.2867807e+31,0.000000
3,2,38,8.2721623e+31,0.000000
2,0,-36,8.2667984e+31,0.000000
2,0,36,8.2667984e+31,0.000000
4,3,38,8.1964375e+31,0.000000
5,3,-5,8.1942233e+31,0.000000
8,-7,50,8.1854559e+31,0.000000
5,5,37,8.1414544e+31,0.000000
3,-2,-16,8.1240632e+31,0.000000
5,-3,38,8.1148052e+31,0.000000
5,3,20,8.067217e+31,0.000000
6,-3,17,8.0334339e+31,0.000000
3,0,-32,8.0063064e+31,0.000000
3,0,32,8.0063064e+31,0.000000
6,5,18,7.9904523e+31,0.000000
8,-5,22,7.9804182e+31,0.000000
3,-1,-29,7.9643686e+31,0.000000
4,-2,6,7.9643474e+31,0.000000
9,-6,17,7.9619008e+31,0.000000
6,1,10,7.9604583e+31,0.000000
7,5,1,7.910429e+31,0.000000
6,1,5,7.7766097e+31,0.000000
4,2,-14,7.7161377e+31,0.000000
9,-7,2,7.6689719e+31,0.000000
5,-1,-10,7.6675042e+31,0.000000
6,5,19,7.6004788e+31,0.000000
5,3,23,7.5612086e+31,0.000000
3,-1,37,7.5432769e+31,0.000000
6,6,10,7.5047044e+31,0.000000
9,-9,38,7.502985e+31,0.000000
6,-3,18,7.4825274e+31,0.000000
3,1,-25,7.4095004e+31,0.000000
6,6,9,7.4084956e+31,0.000000
6,6,11,7.4030297e+31,0.000000
10,-8,6,7.384081e+31,0.000000
6,6,6,7.3502468e+31,0.000000
5,-1,-11,7.3301786e+31,0.000000
9,-7,34,7.2546668e+31,0.000000
9,-8,31,7.2382417e+31,0.000000
6,6,8,7.2068784e+31,0.000000
6,5,20,7.168579e+31,0.000000
6,6,7,7.0889678e+31,0.000000
6,6,12,7.0846013e+31,0.000000
7,3,3,7.0670584e+31,0.000000
9,-5,8,7.042233e+31,0.000000
3,1,27,6.9950259e+31,0.000000
9,-9,4,6.9586684e+31,0.000000
2,-1,-32,6.9295312e+31,0.000000
7,5,2,6.8983992e+31,0.000000
8,-6,40,6.8890857e+31,0.000000
8,-4,7,6.8786048e+31,0.000000
10,-8,22,6.8567108e+31,0.000000
5,3,19,6.8452424e+31,0.000000
10,-10,24,6.811014e+31,0.000000
8,-7,51,6.7963532e+31,0.000000
6,-3,19,6.7738167e+31,0.000000
5,4,35,6.7583969e+31,0.000000
5,-1,-9,6.746478e+31,0.000000
3,3,44,6.6949231e+31,0.000000
6,5,21,6.6908622e+31,0.000000
2,1,-25,6.5880448e+31,0.000000
9,-9,39,6.585469e+31,0.000000
6,0,-11,6.5842365e+31,0.000000
6,0,11,6.5842365e+31,0.000000
6,6,13,6.584149e+31,0.000000
3,-3,-22,6.5224098e+31,0.000000
5,1,-15,6.4858033e+31,0.000000
4,0,-26,6.4671693e+31,0.000000
4,0,26,6.4671693e+31,0.000000
6,3,-2,6.4455381e+31,0.000000
5,3,24,6.4380781e+31,0.000000
7,-3,13,6.3867843e+31,0.000000
5,5,38,6.3435644e+31,0.000000
6,1,11,6.3358874e+31,0.000000
6,4,21,6.3266278e+31,0.000000
4,-3,-11,6.2770437e+31,0.000000
7,5,5,6.2623103e+31,0.000000
4,1,-19,6.2438353e+31,0.000000
9,-8,32,6.2329339e+31,0.000000
5,-1,-12,6.2062065e+31,0.000000
5,3,18,6.2025098e+31,0.000000
6,-2,23,6.1823979e+31,0.000000
6,5,22,6.1732322e+31,0.000000
4,-4,-13,6.1471517e+31,0.000000
10,-7,14,6.1340542e+31,0.000000
4,4,43,6.111357e+31,0.000000
5,-2,29,6.0881839e+31,0.000000
7,5,6,6.0857597e+31,0.000000
6,5,-3,6.0690571e+31,0.000000
2,2,-16,6.0596657e+31,0.000000
4,-1,25,6.0461334e+31,0.000000
7,5,4,6.0097822e+31,0.000000
9,-7,35,6.0067804e+31,0.000000
7,-2,5,5.9854127e+31,0.000000
2,2,43,5.9804431e+31,0.000000
6,6,14,5.9685399e+31,0.000000
5,-1,23,5.9596912e+31,0.000000
6,-3,20,5.9423055e+31,0.000000
9,-6,18,5.9344568e+31,0.000000
7,5,3,5.8896422e+31,0.000000
6,3,11,5.8662595e+31,0.000000
6,1,3,5.830069e+31,0.000000
8,-5,23,5.8280488e+31,0.000000
9,-9,40,5.819615e+31,0.000000
7,-4,-1,5.80951e+31,0.000000
7,5,-1,5.8089591e+31,0.000000
5,1,23,5.7851648e+31,0.000000
7,-5,40,5.7547252e+31,0.000000
3,3,-11,5.7229708e+31,0.000000
5,2,25,5.7175263e+31,0.000000
6,-4,33,5.7147173e+31,0.000000
3,-1,38,5.6883628e+31,0.000000
3,-2,50,5.6633321e+31,0.000000
6,5,23,5.6277656e+31,0.000000
8,-7,52,5.6212516e+31,0.000000
4,2,31,5.6183825e+31,0.000000
4,3,39,5.6074331e+31,0.000000
4,1,23,5.6073855e+31,0.000000
10,-9,21,5.5841607e+31,0.000000
5,-4,-4,5.5667782e+31,0.000000
7,5,7,5.5586173e+31,0.000000
4,-1,-21,5.554945e+31,0.000000
4,-2,7,5.5022366e+31,0.000000
5,-1,-8,5.477904e+31,0.000000
7,5,-3,5.4758228e+31,0.000000
8,-6,-3,5.4292211e+31,0.000000
5,-3,-6,5.4253472e+31,0.000000
9,-8,33,5.4051987e+31,0.000000
10,-9,9,5.336757e+31,0.000000
4,-2,8,5.3231226e+31,0.000000
6,6,15,5.3143841e+31,0.000000
9,-5,4,5.2904804e+31,0.000000
5,-3,39,5.2765668e+31,0.000000
5,3,25,5.245534e+31,0.000000
7,3,8,5.2280936e+31,0.000000
9,-9,41,5.1838881e+31,0.000000
10,-8,23,5.1769216e+31,0.000000
3,2,39,5.1702809e+31,0.000000
7,5,0,5.1447495e+31,0.000000
7,3,7,5.110406e+31,0.000000
8,-6,-2,5.1025114e+31,0.000000
8,-6,41,5.0728673e+31,0.000000
6,5,24,5.0694236e+31,0.000000
6,-3,21,5.0558226e+31,0.000000
6,5,0,5.0334057e+31,0.000000
5,4,36,5.0332191e+31,0.000000
2,-2,-25,4.9992106e+31,0.000000
4,-2,9,4.982395e+31,0.000000
10,-10,25,4.9707781e+31,0.000000
5,0,-12,4.9678187e+31,0.000000
5,0,12,4.9678187e+31,0.000000
3,0,-33,4.9636273e+31,0.000000
3,0,33,4.9636273e+31,0.000000
6,1,4,4.9599302e+31,0.000000
9,-7,36,4.9453379e+31,0.000000
7,5,8,4.9374962e+31,0.000000
6,2,12,4.9365599e+31,0.000000
5,5,39,4.9199708e+31,0.000000
7,3,9,4.9074215e+31,0.000000
2,1,33,4.9060885e+31,0.000000
7,-1,1,4.8755102e+31,0.000000
5,-1,-13,4.8356596e+31,0.000000
6,1,12,4.8274438e+31,0.000000
2,0,-37,4.809379e+31,0.000000
2,0,37,4.809379e+31,0.000000
9,-8,34,4.7194117e+31,0.000000
6,6,16,4.6894158e+31,0.000000
10,-7,7,4.677933e+31,0.000000
9,-9,42,4.6571633e+31,0.000000
7,-4,21,4.6398095e+31,0.000000
8,-7,53,4.6321985e+31,0.000000
10,-6,9,4.6166346e+31,0.000000
7,3,6,4.5971296e+31,0.000000
9,-6,19,4.5352769e+31,0.000000
7,-3,-1,4.5306107e+31,0.000000
6,5,25,4.5134722e+31,0.000000
8,-3,4,4.4928538e+31,0.000000
3,3,45,4.4619165e+31,0.000000
7,5,9,4.4003327e+31,0.000000
6,5,-2,4.3719162e+31,0.000000
4,4,44,4.3678155e+31,0.000000
5,1,-16,4.3659558e+31,0.000000
6,-2,24,4.3585744e+31,0.000000
4,0,-27,4.3320422e+31,0.000000
4,0,27,4.3320422e+31,0.000000
5,2,-4,4.3096663e+31,0.000000
4,-2,10,4.299623e+31,0.000000
3,-1,-30,4.2810496e+31,0.000000
7,3,4,4.2766745e+31,0.000000
7,3,10,4.2656755e+31,0.000000
9,-9,43,4.2193409e+31,0.000000
5,2,-5,4.2003309e+31,0.000000
8,-5,24,4.1927564e+31,0.000000
3,-1,39,4.1923722e+31,0.000000
6,-3,22,4.1817395e+31,0.000000
7,-3,14,4.1636922e+31,0.000000
9,-8,35,4.1482147e+31,0.000000
6,6,17,4.1412576e+31,0.000000
5,3,26,4.1279662e+31,0.000000
8,-7,0,4.1220784e+31,0.000000
10,-10,8,4.1076494e+31,0.000000
9,-7,37,4.0482238e+31,0.000000
7,3,5,4.0383072e+31,0.000000
7,5,10,4.004484e+31,0.000000
10,-8,24,3.9923295e+31,0.000000
6,4,22,3.9910211e+31,0.000000
6,5,26,3.9737116e+31,0.000000
3,1,-26,3.9322392e+31,0.000000
10,-8,5,3.8825716e+31,0.000000
6,0,-12,3.8773829e+31,0.000000
6,0,12,3.8773829e+31,0.000000
10,-9,22,3.8679769e+31,0.000000
9,-9,44,3.8520257e+31,0.000000
7,-5,41,3.8375034e+31,0.000000
4,3,40,3.8341788e+31,0.000000
2,-1,-33,3.8327878e+31,0.000000
6,2,16,3.8159931e+31,0.000000
8,-4,2,3.8078939e+31,0.000000
8,-7,54,3.8037585e+31,0.000000
5,5,40,3.8020251e+31,0.000000
3,2,-12,3.7764846e+31,0.000000
7,-1,3,3.7544175e+31,0.000000
10,-7,15,3.7439458e+31,0.000000
5,4,37,3.7371626e+31,0.000000
10,-10,26,3.7335645e+31,0.000000
7,5,11,3.7271966e+31,0.000000
8,-6,42,3.7262534e+31,0.000000
4,-3,-12,3.7255628e+31,0.000000
2,2,44,3.7102069e+31,0.000000
6,6,18,3.6940434e+31,0.000000
9,-9,3,3.6811264e+31,0.000000
5,-2,30,3.6785484e+31,0.000000
9,-8,36,3.6697819e+31,0.000000
6,2,17,3.6675392e+31,0.000000
4,1,-20,3.6588516e+31,0.000000
6,2,15,3.6554413e+31,0.000000
4,2,-15,3.6543316e+31,0.000000
5,2,26,3.651632e+31,0.000000
7,1,3,3.6427562e+31,0.000000
2,-1,39,3.5761101e+31,0.000000
5,-1,-14,3.5504944e+31,0.000000
6,1,13,3.540987e+31,0.000000
9,-9,45,3.5390647e+31,0.000000
2,1,-26,3.5389682e+31,0.000000
9,-6,20,3.5344723e+31,0.000000
7,5,12,3.5144618e+31,0.000000
8,-4,8,3.502084e+31,0.000000
4,-2,11,3.4681328e+31,0.000000
7,3,11,3.4670775e+31,0.000000
6,5,27,3.4614491e+31,0.000000
3,-3,-23,3.445253e+31,0.000000
3,-2,51,3.4423931e+31,0.000000
8,-8,-2,3.4419267e+31,0.000000
3,-2,-17,3.4383505e+31,0.000000
5,-3,40,3.4168232e+31,0.000000
7,1,1,3.4135954e+31,0.000000
6,-3,23,3.3717093e+31,0.000000
6,6,19,3.3509954e+31,0.000000
7,5,13,3.3143348e+31,0.000000
9,-7,38,3.2952224e+31,0.000000
4,4,-6,3.2933675e+31,0.000000
6,2,14,3.287838e+31,0.000000
6,2,18,3.2826128e+31,0.000000
9,-7,1,3.2825744e+31,0.000000
9,-9,46,3.2668623e+31,0.000000
9,-8,37,3.2662539e+31,0.000000
6,2,13,3.2474147e+31,0.000000
4,-1,-22,3.2415547e+31,0.000000
4,2,32,3.2377338e+31,0.000000
3,2,40,3.2282386e+31,0.000000
7,1,4,3.2149097e+31,0.000000
9,-6,4,3.2016276e+31,0.000000
5,-1,24,3.1915282e+31,0.000000
5,3,27,3.1589134e+31,0.000000
7,-1,2,3.1495174e+31,0.000000
10,-8,25,3.1361849e+31,0.000000
5,1,24,3.1252316e+31,0.000000
4,4,45,3.1200935e+31,0.000000
8,-7,55,3.1130536e+31,0.000000
6,3,12,3.107178e+31,0.000000
6,6,20,3.1002118e+31,0.000000
7,5,14,3.0925763e+31,0.000000
3,0,-34,3.0765664e+31,0.000000
3,0,34,3.0765664e+31,0.000000
3,-1,40,3.0315793e+31,0.000000
9,-9,47,3.0244662e+31,0.000000
6,-2,25,3.0173355e+31,0.000000
9,-5,9,2.9884777e+31,0.000000
6,5,28,2.9850714e+31,0.000000
3,3,46,2.9717086e+31,0.000000
8,-5,25,2.9675998e+31,0.000000
9,-8,4,2.9635904e+31,0.000000
4,-1,26,2.9630578e+31,0.000000
4,-4,-14,2.9531135e+31,0.000000
5,5,41,2.9278569e+31,0.000000
9,-8,38,2.922864e+31,0.000000
6,6,21,2.9212449e+31,0.000000
5,2,-6,2.9076791e+31,0.000000
10,-10,27,2.8670633e+31,0.000000
4,0,-28,2.8662893e+31,0.000000
4,0,28,2.8662893e+31,0.000000
5,1,-17,2.8642805e+31,0.000000
7,5,15,2.8354531e+31,0.000000
7,-2,6,2.8204213e+31,0.000000
9,-9,48,2.8034592e+31,0.000000
2,0,-38,2.7977181e+31,0.000000
2,0,38,2.7977181e+31,0.000000
9,-6,21,2.7947415e+31,0.000000
6,6,22,2.7908712e+31,0.000000
6,2,19,2.7745959e+31,0.000000
10,-9,23,2.7710773e+31,0.000000
10,-9,8,2.7673019e+31,0.000000
5,4,38,2.7672856e+31,0.000000
8,-6,43,2.7313414e+31,0.000000
6,6,23,2.6872992e+31,0.000000
9,-7,39,2.6676561e+31,0.000000
6,-3,24,2.657488e+31,0.000000
4,-2,12,2.6560109e+31,0.000000
7,3,12,2.6556205e+31,0.000000
10,-6,6,2.6280028e+31,0.000000
9,-8,39,2.6274359e+31,0.000000
7,-3,15,2.6262021e+31,0.000000
4,3,41,2.6203942e+31,0.000000
9,-9,49,2.5977112e+31,0.000000
6,6,24,2.5926887e+31,0.000000
7,4,5,2.5695396e+31,0.000000
7,-5,42,2.5591213e+31,0.000000
6,5,29,2.5500466e+31,0.000000
7,5,16,2.5455329e+31,0.000000
6,-4,34,2.5248314e+31,0.000000
7,4,4,2.521877e+31,0.000000
7,-4,-2,2.516719e+31,0.000000
6,1,14,2.5108076e+31,0.000000
3,3,-12,2.5085316e+31,0.000000
10,-8,26,2.5037366e+31,0.000000
6,6,25,2.4942199e+31,0.000000
5,-1,-15,2.4937125e+31,0.000000
7,-4,22,2.4896461e+31,0.000000
6,4,23,2.4743298e+31,0.000000
2,2,-17,2.4449424e+31,0.000000
9,-9,50,2.4030467e+31,0.000000
7,4,6,2.3880817e+31,0.000000
6,6,26,2.384102e+31,0.000000
10,-7,16,2.3832754e+31,0.000000
9,-8,40,2.3700553e+31,0.000000
5,3,28,2.3625706e+31,0.000000
2,1,34,2.3430952e+31,0.000000
5,2,27,2.3119951e+31,0.000000
2,2,45,2.3036217e+31,0.000000
3,-1,-31,2.3014677e+31,0.000000
6,6,27,2.258924e+31,0.000000
4,1,24,2.24764e+31,0.000000
5,5,42,2.2475499e+31,0.000000
6,2,20,2.2402012e+31,0.000000
10,-10,28,2.2380361e+31,0.000000
7,5,17,2.2350966e+31,0.000000
9,-6,22,2.2317283e+31,0.000000
4,4,46,2.2278111e+31,0.000000
7,-1,4,2.2260821e+31,0.000000
9,-9,51,2.216875e+31,0.000000
5,-2,31,2.2046764e+31,0.000000
5,-3,41,2.203641e+31,0.000000
6,0,-13,2.1988109e+31,0.000000
6,0,13,2.1988109e+31,0.000000
4,-3,-13,2.1949448e+31,0.000000
6,5,30,2.1592035e+31,0.000000
3,-1,41,2.1566196e+31,0.000000
9,-7,40,2.1483075e+31,0.000000
3,1,28,2.1470358e+31,0.000000
9,-8,41,2.142805e+31,0.000000
7,4,7,2.1422011e+31,0.000000
4,1,-21,2.1310742e+31,0.000000
2,-1,-34,2.1246455e+31,0.000000
7,-6,-4,2.1237327e+31,0.000000
3,-2,52,2.1231931e+31,0.000000
6,6,28,2.118682e+31,0.000000
8,8,39,2.0998836e+31,0.000000
3,1,-27,2.0880619e+31,0.000000
4,-1,27,2.0847224e+31,0.000000
8,-5,26,2.0644697e+31,0.000000
8,-4,9,2.0638187e+31,0.000000
6,2,-4,2.0569873e+31,0.000000
6,-2,26,2.0563436e+31,0.000000
5,0,-13,2.0546583e+31,0.000000
5,0,13,2.0546583e+31,0.000000
6,-3,25,2.0527939e+31,0.000000
10,-9,24,2.04456e+31,0.000000
5,4,39,2.0440712e+31,0.000000
9,-9,52,2.0378232e+31,0.000000
10,-8,27,2.0277285e+31,0.000000
3,2,41,2.0128973e+31,0.000000
7,1,5,2.0083656e+31,0.000000
7,4,3,2.0017743e+31,0.000000
8,-6,44,1.9985502e+31,0.000000
10,9,55,1.9814203e+31,0.000000
3,3,47,1.9774076e+31,0.000000
6,6,29,1.9657318e+31,0.000000
4,-2,13,1.9528783e+31,0.000000
7,-5,-4,1.9491298e+31,0.000000
9,-8,42,1.9395142e+31,0.000000
7,3,13,1.9278624e+31,0.000000
7,5,18,1.9200124e+31,0.000000
3,0,-35,1.9064851e+31,0.000000
3,0,35,1.9064851e+31,0.000000
2,1,-27,1.9060733e+31,0.000000
9,-6,3,1.9052232e+31,0.000000
4,-1,28,1.8957391e+31,0.000000
7,4,0,1.8942791e+31,0.000000
7,4,8,1.8897042e+31,0.000000
4,-1,-23,1.8846474e+31,0.000000
4,0,-29,1.8776323e+31,0.000000
4,0,29,1.8776323e+31,0.000000
9,-9,53,1.8653982e+31,0.000000
4,2,33,1.8509902e+31,0.000000
8,-3,5,1.8424883e+31,0.000000
5,1,-18,1.8394327e+31,0.000000
3,-3,-24,1.8321728e+31,0.000000
4,-1,29,1.8249906e+31,0.000000
5,2,-7,1.8203917e+31,0.000000
6,5,31,1.8131582e+31,0.000000
6,6,30,1.8038234e+31,0.000000
9,-6,23,1.7923425e+31,0.000000
4,3,42,1.7899859e+31,0.000000
10,-10,29,1.7695974e+31,0.000000
9,-8,43,1.7555046e+31,0.000000
6,3,13,1.7530669e+31,0.000000
6,2,21,1.7429914e+31,0.000000
2,-2,-26,1.7403223e+31,0.000000
5,3,29,1.7335881e+31,0.000000
9,-7,0,1.7335818e+31,0.000000
6,1,15,1.7263439e+31,0.000000
4,2,-16,1.725714e+31,0.000000
9,-7,41,1.7214542e+31,0.000000
5,5,43,1.7203548e+31,0.000000
3,2,-13,1.7095031e+31,0.000000
7,-5,43,1.7072562e+31,0.000000
4,-1,30,1.7042255e+31,0.000000
9,-9,54,1.699692e+31,0.000000
5,5,-5,1.698991e+31,0.000000
5,-1,-16,1.6923638e+31,0.000000
5,-1,25,1.6805545e+31,0.000000
6,0,-1,1.678809e+31,0.000000
6,0,1,1.678809e+31,0.000000
5,-2,-5,1.6729918e+31,0.000000
10,-8,28,1.6638853e+31,0.000000
5,1,25,1.6610509e+31,0.000000
7,4,9,1.6407289e+31,0.000000
6,6,31,1.6392274e+31,0.000000
9,-5,3,1.6322183e+31,0.000000
2,0,-39,1.6275968e+31,0.000000
2,0,39,1.6275968e+31,0.000000
7,5,19,1.6153454e+31,0.000000
6,1,0,1.606401e+31,0.000000
9,-5,10,1.6051936e+31,0.000000
7,-3,16,1.596816e+31,0.000000
4,4,47,1.5900589e+31,0.000000
9,-8,44,1.5873347e+31,0.000000
5,-2,-6,1.5871689e+31,0.000000
10,-7,17,1.5804136e+31,0.000000
8,-5,0,1.5747899e+31,0.000000
6,-3,26,1.5577357e+31,0.000000
10,-9,25,1.546611e+31,0.000000
9,-9,55,1.5411409e+31,0.000000
4,-1,31,1.5175029e+31,0.000000
3,-1,42,1.5119629e+31,0.000000
6,5,32,1.5107967e+31,0.000000
6,4,24,1.5076262e+31,0.000000
5,4,40,1.5065847e+31,0.000000
5,-3,-7,1.4941321e+31,0.000000
9,-9,2,1.4844215e+31,0.000000
6,6,32,1.4706655e+31,0.000000
8,-6,45,1.4602731e+31,0.000000
4,3,-5,1.4597786e+31,0.000000
5,2,28,1.451612e+31,0.000000
8,-8,-3,1.4481784e+31,0.000000
7,-2,7,1.444768e+31,0.000000
9,-6,24,1.4424615e+31,0.000000
9,-8,45,1.4325532e+31,0.000000
2,2,46,1.4319678e+31,0.000000
10,-6,10,1.4313137e+31,0.000000
4,-4,-15,1.4244452e+31,0.000000
5,3,-6,1.4228531e+31,0.000000
10,-10,30,1.4159952e+31,0.000000
5,-3,42,1.4153867e+31,0.000000
8,-5,27,1.4103832e+31,0.000000
3,-2,-18,1.4095289e+31,0.000000
7,4,10,1.3954614e+31,0.000000
10,-10,7,1.3954446e+31,0.000000
4,-2,14,1.3889681e+31,0.000000
6,-2,27,1.382557e+31,0.000000
10,-8,29,1.3821428e+31,0.000000
10,-8,4,1.3737946e+31,0.000000
9,-7,42,1.3729221e+31,0.000000
8,-4,10,1.3692131e+31,0.000000
3,-2,53,1.3429302e+31,0.000000
7,5,20,1.3329046e+31,0.000000
6,-1,1,1.3328464e+31,0.000000
7,3,14,1.3316117e+31,0.000000
6,2,22,1.3156233e+31,0.000000
3,3,48,1.3142756e+31,0.000000
5,5,44,1.3134199e+31,0.000000
5,-2,32,1.3104555e+31,0.000000
6,6,33,1.3075221e+31,0.000000
10,-9,7,1.307256e+31,0.000000
7,1,2,1.3066982e+31,0.000000
6,3,18,1.3007253e+31,0.000000
7,-4,23,1.2969096e+31,0.000000
4,-1,32,1.2932421e+31,0.000000
9,-8,46,1.2894698e+31,0.000000
4,-3,-14,1.2865638e+31,0.000000
6,3,19,1.271369e+31,0.000000
6,3,17,1.266549e+31,0.000000
3,2,42,1.2529e+31,0.000000
5,3,30,1.2517554e+31,0.000000
6,5,33,1.2497533e+31,0.000000
3,-1,-32,1.2369311e+31,0.000000
4,1,-22,1.2347014e+31,0.000000
5,-2,-7,1.2314119e+31,0.000000
6,3,14,1.2280743e+31,0.000000
4,3,43,1.2221058e+31,0.000000
4,0,-30,1.2199817e+31,0.000000
4,0,30,1.2199817e+31,0.000000
6,0,-14,1.2014425e+31,0.000000
6,0,14,1.2014425e+31,0.000000
10,-9,26,1.1950774e+31,0.000000
6,3,16,1.1862619e+31,0.000000
6,3,20,1.1861762e+31,0.000000
3,0,-36,1.181061e+31,0.000000
3,0,36,1.181061e+31,0.000000
2,-1,-35,1.1802219e+31,0.000000
6,-3,27,1.1636648e+31,0.000000
10,-8,30,1.1613679e+31,0.000000
5,1,-19,1.1603361e+31,0.000000
9,-6,25,1.1597135e+31,0.000000
9,-8,47,1.1569527e+31,0.000000
7,4,11,1.1568359e+31,0.000000
6,1,16,1.153722e+31,0.000000
6,6,34,1.1513468e+31,0.000000
10,-10,31,1.1480362e+31,0.000000
3,3,-13,1.1432965e+31,0.000000
7,-5,44,1.1397219e+31,0.000000
4,4,48,1.1344304e+31,0.000000
6,3,15,1.1253543e+31,0.000000
5,-1,-17,1.1176795e+31,0.000000
7,4,2,1.1103514e+31,0.000000
3,1,-28,1.1094426e+31,0.000000
5,4,41,1.1081891e+31,0.000000
7,-1,5,1.1039227e+31,0.000000
5,2,-8,1.0925731e+31,0.000000
4,-1,-24,1.092365e+31,0.000000
9,-7,43,1.0901105e+31,0.000000
10,-7,18,1.0885608e+31,0.000000
2,1,35,1.0821129e+31,0.000000
5,0,-14,1.0816452e+31,0.000000
5,0,14,1.0816452e+31,0.000000
7,5,21,1.0803753e+31,0.000000
8,-6,46,1.0657904e+31,0.000000
6,-4,35,1.0628837e+31,0.000000
4,-1,33,1.0628472e+31,0.000000
6,3,21,1.0627819e+31,0.000000
4,3,-6,1.0618498e+31,0.000000
4,2,34,1.048594e+31,0.000000
3,-1,43,1.0457855e+31,0.000000
5,-2,-4,1.0392385e+31,0.000000
9,-8,48,1.0342571e+31,0.000000
7,1,6,1.0319325e+31,0.000000
2,1,-28,1.0294019e+31,0.000000
6,5,34,1.02681e+31,0.000000
8,-4,11,1.005116e+31,0.000000
6,6,35,1.0045249e+31,0.000000
5,5,45,1.0004409e+31,0.000000
6,6,-5,9.8798947e+30,0.000000
10,-8,31,9.8622911e+30,0.000000
7,2,3,9.8511451e+30,0.000000
2,2,-18,9.8065329e+30,0.000000
3,-3,-25,9.8063794e+30,0.000000
4,4,-7,9.786846e+30,0.000000
6,2,23,9.6835458e+30,0.000000
9,-8,3,9.6401237e+30,0.000000
9,-5,11,9.6254311e+30,0.000000
4,-2,15,9.605365e+30,0.000000
2,0,-40,9.4728906e+30,0.000000
2,0,40,9.4728906e+30,0.000000
7,4,1,9.4650865e+30,0.000000
8,-5,28,9.4541619e+30,0.000000
10,-10,32,9.451839e+30,0.000000
10,-9,27,9.4104338e+30,0.000000
7,-3,17,9.3209931e+30,0.000000
7,4,12,9.3138525e+30,0.000000
9,-6,2,9.2997564e+30,0.000000
9,-6,26,9.2909721e+30,0.000000
9,-8,49,9.2088709e+30,0.000000
6,3,22,9.1995688e+30,0.000000
6,-2,28,9.1866738e+30,0.000000
4,1,25,9.1360094e+30,0.000000
5,-3,43,9.0511019e+30,0.000000
2,-1,40,9.0448983e+30,0.000000
5,2,29,9.0397802e+30,0.000000
6,4,25,9.0250744e+30,0.000000
2,2,47,8.9175274e+30,0.000000
5,3,31,8.9152859e+30,0.000000
8,-7,-1,8.8525361e+30,0.000000
3,-2,54,8.8210276e+30,0.000000
7,3,15,8.7710656e+30,0.000000
10,-7,6,8.7535153e+30,0.000000
3,3,49,8.7232981e+30,0.000000
6,6,36,8.6894166e+30,0.000000
5,-1,26,8.6891388e+30,0.000000
5,1,26,8.672769e+30,0.000000
7,2,4,8.6366232e+30,0.000000
9,-7,44,8.61972e+30,0.000000
7,5,22,8.615009e+30,0.000000
5,-2,-8,8.6014017e+30,0.000000
5,0,-15,8.5860699e+30,0.000000
5,0,15,8.5860699e+30,0.000000
6,-3,28,8.5733656e+30,0.000000
5,0,-16,8.4982704e+30,0.000000
5,0,16,8.4982704e+30,0.000000
5,0,-17,8.4895938e+30,0.000000
5,0,17,8.4895938e+30,0.000000
4,-1,34,8.483685e+30,0.000000
10,-8,32,8.4535772e+30,0.000000
6,5,35,8.3829081e+30,0.000000
4,3,44,8.3390191e+30,0.000000
7,4,-2,8.2803329e+30,0.000000
9,-8,50,8.1648819e+30,0.000000
5,4,42,8.1366548e+30,0.000000
4,2,-17,8.1051639e+30,0.000000
10,-6,5,8.0976355e+30,0.000000
4,4,49,8.0899792e+30,0.000000
5,0,-18,8.0083509e+30,0.000000
5,0,18,8.0083509e+30,0.000000
8,-4,12,7.9588043e+30,0.000000
10,-10,33,7.9168807e+30,0.000000
4,0,-31,7.8733993e+30,0.000000
4,0,31,7.8733993e+30,0.000000
3,2,43,7.7817728e+30,0.000000
8,-6,47,7.7725161e+30,0.000000
10,-7,19,7.7574796e+30,0.000000
8,-3,6,7.7557831e+30,0.000000
6,3,23,7.7334436e+30,0.000000
5,-2,33,7.7223542e+30,0.000000
6,1,-3,7.7056824e+30,0.000000
3,2,-14,7.6600137e+30,0.000000
7,-2,8,7.6567859e+30,0.000000
7,-5,45,7.6154281e+30,0.000000
7,-2,0,7.6117192e+30,0.000000
5,5,46,7.6049951e+30,0.000000
10,-9,28,7.5419546e+30,0.000000
4,-3,-15,7.5138525e+30,0.000000
6,1,17,7.5082186e+30,0.000000
6,6,37,7.4559845e+30,0.000000
7,4,-1,7.4459603e+30,0.000000
9,-6,27,7.4023884e+30,0.000000
3,0,-37,7.3135647e+30,0.000000
3,0,37,7.3135647e+30,0.000000
10,-8,33,7.3024664e+30,0.000000
7,4,13,7.2663059e+30,0.000000
3,1,29,7.2507004e+30,0.000000
5,-1,-18,7.2211362e+30,0.000000
5,1,-20,7.2100641e+30,0.000000
9,-8,51,7.207701e+30,0.000000
3,-1,44,7.1403858e+30,0.000000
4,1,-23,7.1213676e+30,0.000000
5,0,-19,7.0973878e+30,0.000000
5,0,19,7.0973878e+30,0.000000
8,-4,1,7.0636555e+30,0.000000
8,8,40,7.0323043e+30,0.000000
7,2,2,6.9965665e+30,0.000000
6,2,24,6.9783226e+30,0.000000
4,-4,-16,6.9016892e+30,0.000000
7,-4,24,6.8509612e+30,0.000000
6,5,36,6.8032774e+30,0.000000
7,2,0,6.7933161e+30,0.000000
9,-7,45,6.789487e+30,0.000000
7,5,23,6.768164e+30,0.000000
10,-10,34,6.7492647e+30,0.000000
2,-2,-27,6.6833451e+30,0.000000
3,-1,-33,6.643295e+30,0.000000
4,-1,35,6.6151551e+30,0.000000
8,-4,13,6.5925464e+30,0.000000
2,-1,-36,6.5691986e+30,0.000000
8,-6,-4,6.5618095e+30,0.000000
4,-2,16,6.4824413e+30,0.000000
7,2,5,6.4241889e+30,0.000000
5,2,-9,6.4100316e+30,0.000000
2,-1,45,6.4014309e+30,0.000000
6,6,38,6.3508012e+30,0.000000
10,-8,34,6.3454729e+30,0.000000
6,3,24,6.340512e+30,0.000000
10,-6,11,6.3360749e+30,0.000000
9,-8,52,6.334534e+30,0.000000
6,0,-15,6.3184402e+30,0.000000
6,0,15,6.3184402e+30,0.000000
4,-1,-25,6.3149122e+30,0.000000
5,3,32,6.2751425e+30,0.000000
6,-3,-2,6.2491152e+30,0.000000
6,-3,29,6.239756e+30,0.000000
8,-5,29,6.2122564e+30,0.000000
2,-1,46,6.2119738e+30,0.000000
10,-9,29,6.1480198e+30,0.000000
3,-2,55,6.0877488e+30,0.000000
9,-5,12,6.0656143e+30,0.000000
6,-2,29,6.0418243e+30,0.000000
5,4,43,5.965162e+30,0.000000
5,0,-20,5.9621093e+30,0.000000
5,0,20,5.9621093e+30,0.000000
3,1,-29,5.8977826e+30,0.000000
2,-1,44,5.883446e+30,0.000000
4,2,35,5.87723e+30,0.000000
9,-6,28,5.8564853e+30,0.000000
10,-10,35,5.8478405e+30,0.000000
3,3,50,5.7810527e+30,0.000000
5,5,47,5.7704407e+30,0.000000
4,4,50,5.7663735e+30,0.000000
4,3,-7,5.7617122e+30,0.000000
5,-3,44,5.7595532e+30,0.000000
10,-7,20,5.6972867e+30,0.000000
4,3,45,5.686181e+30,0.000000
8,-6,48,5.66541e+30,0.000000
6,-1,2,5.6315107e+30,0.000000
5,-2,-9,5.6287563e+30,0.000000
5,2,30,5.5837614e+30,0.000000
3,-2,-19,5.5787775e+30,0.000000
2,1,-29,5.5747552e+30,0.000000
2,-1,47,5.5732911e+30,0.000000
2,2,48,5.5690616e+30,0.000000
8,-4,14,5.5608186e+30,0.000000
9,-8,53,5.5423684e+30,0.000000
10,-8,35,5.535759e+30,0.000000
2,0,-41,5.5198461e+30,0.000000
2,0,41,5.5198461e+30,0.000000
7,3,16,5.5134092e+30,0.000000
6,5,37,5.4906893e+30,0.000000
7,4,14,5.4858285e+30,0.000000
3,1,32,5.4772092e+30,0.000000
3,1,33,5.4520922e+30,0.000000
6,6,39,5.3853664e+30,0.000000
3,3,-14,5.3701605e+30,0.000000
6,2,-7,5.35113e+30,0.000000
9,-7,46,5.3287266e+30,0.000000
6,4,26,5.3043266e+30,0.000000
3,-3,-26,5.2810123e+30,0.000000
9,-9,1,5.2761209e+30,0.000000
7,5,24,5.2456731e+30,0.000000
8,-7,-2,5.2142039e+30,0.000000
7,-3,18,5.19794e+30,0.000000
9,-8,2,5.1611343e+30,0.000000
10,-10,36,5.1339561e+30,0.000000
7,-5,46,5.094028e+30,0.000000
10,-9,30,5.0939133e+30,0.000000
8,-8,-4,5.088297e+30,0.000000
6,3,25,5.0879745e+30,0.000000
4,-1,36,5.0620183e+30,0.000000
4,0,-32,5.0525492e+30,0.000000
4,0,32,5.0525492e+30,0.000000
3,1,31,4.9856985e+30,0.000000
3,1,34,4.9703178e+30,0.000000
6,2,25,4.9392806e+30,0.000000
7,-1,6,4.9158963e+30,0.000000
10,-10,6,4.9104424e+30,0.000000
10,-8,36,4.8393356e+30,0.000000
9,-8,54,4.8278031e+30,0.000000
3,2,44,4.821087e+30,0.000000
3,-1,45,4.813403e+30,0.000000
5,0,-21,4.794679e+30,0.000000
5,0,21,4.794679e+30,0.000000
2,1,36,4.7721744e+30,0.000000
6,1,18,4.764739e+30,0.000000
6,-2,-4,4.7355881e+30,0.000000
2,-1,48,4.718492e+30,0.000000
8,-4,15,4.6859498e+30,0.000000
3,1,30,4.6293806e+30,0.000000
6,2,-8,4.6123416e+30,0.000000
8,4,-1,4.6110375e+30,0.000000
9,-6,29,4.5962153e+30,0.000000
5,-1,-19,4.5826969e+30,0.000000
10,-10,37,4.5493254e+30,0.000000
2,-1,43,4.5365908e+30,0.000000
7,1,7,4.5293963e+30,0.000000
3,0,-38,4.5261274e+30,0.000000
3,0,38,4.5261274e+30,0.000000
6,6,40,4.5121587e+30,0.000000
5,-2,34,4.5088497e+30,0.000000
6,-3,30,4.4925132e+30,0.000000
8,-3,3,4.4873523e+30,0.000000
4,1,26,4.482975e+30,0.000000
5,1,27,4.4381753e+30,0.000000
5,1,-21,4.4236051e+30,0.000000
6,5,38,4.4108809e+30,0.000000
5,-1,27,4.401702e+30,0.000000
7,-2,1,4.3849704e+30,0.000000
4,-3,-16,4.3771762e+30,0.000000
7,2,6,4.3750516e+30,0.000000
5,5,48,4.3718462e+30,0.000000
5,3,33,4.3718315e+30,0.000000
5,4,44,4.3672447e+30,0.000000
6,-4,36,4.3562423e+30,0.000000
10,-7,21,4.296377e+30,0.000000
10,-9,31,4.2844443e+30,0.000000
4,-2,17,4.2813655e+30,0.000000
6,2,-6,4.2786554e+30,0.000000
10,-9,6,4.2716512e+30,0.000000
6,1,-4,4.2704099e+30,0.000000
8,-2,2,4.2489313e+30,0.000000
9,-7,-1,4.2445203e+30,0.000000
3,1,35,4.2426748e+30,0.000000
8,-3,7,4.2326244e+30,0.000000
10,-8,37,4.2319769e+30,0.000000
7,-2,9,4.2086392e+30,0.000000
9,-8,55,4.1869954e+30,0.000000
9,-7,47,4.1684257e+30,0.000000
8,-6,49,4.1286028e+30,0.000000
4,4,51,4.1076223e+30,0.000000
4,1,-24,4.0916402e+30,0.000000
10,-10,38,4.053274e+30,0.000000
7,-4,25,4.0440464e+30,0.000000
7,5,25,4.0158466e+30,0.000000
6,3,26,4.0075578e+30,0.000000
7,4,15,4.0042225e+30,0.000000
8,-5,30,3.9967061e+30,0.000000
6,-2,30,3.9377813e+30,0.000000
5,-3,-8,3.9333839e+30,0.000000
6,6,41,3.9250178e+30,0.000000
9,-5,13,3.9103828e+30,0.000000
8,-4,16,3.8980671e+30,0.000000
2,2,-19,3.8940453e+30,0.000000
4,3,46,3.8739933e+30,0.000000
10,-8,3,3.8386568e+30,0.000000
3,3,51,3.825089e+30,0.000000
2,-1,49,3.81657e+30,0.000000
4,-1,37,3.8149736e+30,0.000000
4,2,-18,3.777362e+30,0.000000
7,3,-2,3.7330521e+30,0.000000
5,0,-22,3.7223842e+30,0.000000
5,0,22,3.7223842e+30,0.000000
5,2,-10,3.7030291e+30,0.000000
10,-8,38,3.6966858e+30,0.000000
2,-1,-37,3.6637826e+30,0.000000
10,-9,32,3.6513254e+30,0.000000
5,-3,45,3.6440116e+30,0.000000
4,-1,-26,3.6422866e+30,0.000000
10,-10,39,3.6193795e+30,0.000000
9,-6,30,3.5756927e+30,0.000000
3,-1,-34,3.5638419e+30,0.000000
8,-8,-5,3.5306368e+30,0.000000
6,5,39,3.5222257e+30,0.000000
5,-2,-10,3.5189575e+30,0.000000
2,2,49,3.4928581e+30,0.000000
8,4,3,3.4891582e+30,0.000000
3,1,36,3.4492965e+30,0.000000
6,2,26,3.4425383e+30,0.000000
5,2,31,3.4206712e+30,0.000000
10,-6,12,3.4129128e+30,0.000000
6,2,-9,3.412649e+30,0.000000
9,-5,2,3.4118715e+30,0.000000
7,-5,47,3.4115193e+30,0.000000
8,4,2,3.3818493e+30,0.000000
3,2,-15,3.3811545e+30,0.000000
6,5,-4,3.3771071e+30,0.000000
7,-7,-6,3.3682225e+30,0.000000
4,-4,-17,3.3598766e+30,0.000000
4,4,-8,3.3230372e+30,0.000000
10,-7,22,3.3153751e+30,0.000000
5,5,49,3.3093638e+30,0.000000
5,4,-4,3.3063855e+30,0.000000
7,3,17,3.3046481e+30,0.000000
2,-2,-28,3.2970648e+30,0.000000
5,2,-2,3.2656619e+30,0.000000
4,2,36,3.2522423e+30,0.000000
9,-7,48,3.2508738e+30,0.000000
9,8,39,3.2352085e+30,0.000000
10,-10,40,3.2319095e+30,0.000000
4,0,-33,3.2266876e+30,0.000000
4,0,33,3.2266876e+30,0.000000
2,0,-42,3.2241278e+30,0.000000
2,0,42,3.2241278e+30,0.000000
10,-8,39,3.221641e+30,0.000000
6,-3,31,3.2036771e+30,0.000000
3,-1,46,3.2033148e+30,0.000000
5,4,45,3.1935846e+30,0.000000
6,0,-16,3.1896679e+30,0.000000
6,0,16,3.1896679e+30,0.000000
4,1,27,3.1805406e+30,0.000000
8,-4,17,3.1791559e+30,0.000000
10,-9,33,3.1456909e+30,0.000000
3,1,-30,3.1363177e+30,0.000000
6,6,42,3.1227071e+30,0.000000
6,3,27,3.1056456e+30,0.000000
10,-7,5,3.0683741e+30,0.000000
8,-5,-1,3.0586754e+30,0.000000
6,4,27,3.0574019e+30,0.000000
7,5,26,3.040042e+30,0.000000
2,1,-30,3.0272739e+30,0.000000
5,3,34,3.0186723e+30,0.000000
8,-6,50,3.0087952e+30,0.000000
4,3,-8,3.0030751e+30,0.000000
9,9,34,2.9812587e+30,0.000000
3,2,45,2.9784158e+30,0.000000
2,-1,50,2.9718436e+30,0.000000
7,-4,26,2.9702594e+30,0.000000
6,1,19,2.9513827e+30,0.000000
4,1,28,2.9355693e+30,0.000000
4,4,52,2.9237526e+30,0.000000
10,-10,41,2.8824809e+30,0.000000
8,4,4,2.8732334e+30,0.000000
4,1,29,2.8696261e+30,0.000000
5,-1,-20,2.8658891e+30,0.000000
3,-3,-27,2.8606584e+30,0.000000
9,-9,0,2.8555341e+30,0.000000
6,-2,-8,2.85419e+30,0.000000
4,-1,38,2.8396558e+30,0.000000
5,3,-7,2.8244567e+30,0.000000
7,4,16,2.8232978e+30,0.000000
5,0,-23,2.808547e+30,0.000000
5,0,23,2.808547e+30,0.000000
6,5,40,2.8014636e+30,0.000000
3,0,-39,2.7987809e+30,0.000000
3,0,39,2.7987809e+30,0.000000
10,-8,40,2.7985872e+30,0.000000
6,6,44,2.7810656e+30,0.000000
6,-2,-7,2.7805244e+30,0.000000
4,-2,18,2.7735296e+30,0.000000
2,-1,42,2.7701586e+30,0.000000
7,2,7,2.7622437e+30,0.000000
9,-6,31,2.7563467e+30,0.000000
7,-3,19,2.7538202e+30,0.000000
10,-9,34,2.7330763e+30,0.000000
8,-4,0,2.7182211e+30,0.000000
4,1,30,2.7174897e+30,0.000000
7,-4,29,2.7156111e+30,0.000000
3,1,37,2.7026817e+30,0.000000
7,-4,27,2.6910335e+30,0.000000
7,-4,28,2.6903813e+30,0.000000
5,1,-22,2.6851456e+30,0.000000
7,-4,30,2.6668445e+30,0.000000
8,-3,8,2.6492972e+30,0.000000
4,3,47,2.6365842e+30,0.000000
10,-7,23,2.6095101e+30,0.000000
5,-2,35,2.6060678e+30,0.000000
3,3,-15,2.5817453e+30,0.000000
6,6,43,2.5761495e+30,0.000000
10,-10,42,2.5672357e+30,0.000000
9,-5,14,2.5571033e+30,0.000000
6,-2,31,2.5459826e+30,0.000000
4,-3,-17,2.5456961e+30,0.000000
8,-4,18,2.5326041e+30,0.000000
7,-2,10,2.5303187e+30,0.000000
9,-7,49,2.5282669e+30,0.000000
3,3,52,2.5272411e+30,0.000000
7,-4,31,2.5248795e+30,0.000000
8,-5,31,2.5137816e+30,0.000000
5,5,50,2.500086e+30,0.000000
7,6,11,2.478854e+30,0.000000
2,-1,41,2.4683552e+30,0.000000
4,1,31,2.4510414e+30,0.000000
7,6,12,2.440963e+30,0.000000
10,-10,5,2.4317098e+30,0.000000
7,6,10,2.4272534e+30,0.000000
10,-8,41,2.4216168e+30,0.000000
10,-9,35,2.3896533e+30,0.000000
6,-2,-9,2.3811326e+30,0.000000
6,3,28,2.3725087e+30,0.000000
6,2,27,2.3675056e+30,0.000000
7,6,13,2.3438122e+30,0.000000
4,1,-25,2.3432286e+30,0.000000
5,4,46,2.3329649e+30,0.000000
6,2,-10,2.3326477e+30,0.000000
7,-4,32,2.3071258e+30,0.000000
5,-3,46,2.2896425e+30,0.000000
7,-5,48,2.2875583e+30,0.000000
10,-10,43,2.2846685e+30,0.000000
6,-6,-6,2.2799675e+30,0.000000
7,5,27,2.2779508e+30,0.000000
6,-3,32,2.2652047e+30,0.000000
7,6,9,2.2581749e+30,0.000000
2,-1,51,2.2382831e+30,0.000000
6,5,41,2.2187825e+30,0.000000
5,1,28,2.2185567e+30,0.000000
7,6,14,2.2131095e+30,0.000000
2,2,50,2.2044922e+30,0.000000
9,-7,-2,2.1981465e+30,0.000000
8,-6,51,2.1933522e+30,0.000000
8,4,5,2.1898518e+30,0.000000
5,-1,28,2.1776094e+30,0.000000
2,-2,-29,2.168409e+30,0.000000
8,-4,-1,2.167838e+30,0.000000
3,-2,-20,2.1360144e+30,0.000000
5,-2,-11,2.1241225e+30,0.000000
4,1,32,2.1141387e+30,0.000000
5,2,-11,2.1117858e+30,0.000000
9,-6,32,2.1048658e+30,0.000000
3,-1,47,2.1043102e+30,0.000000
10,-9,36,2.0992468e+30,0.000000
4,-1,-27,2.0964243e+30,0.000000
4,-1,39,2.0922353e+30,0.000000
10,-7,24,2.0887376e+30,0.000000
10,-8,42,2.0862917e+30,0.000000
4,4,53,2.0790616e+30,0.000000
10,-6,13,2.0787555e+30,0.000000
5,2,32,2.0777622e+30,0.000000
9,-3,4,2.0732419e+30,0.000000
10,-6,4,2.0707736e+30,0.000000
5,0,-24,2.0702365e+30,0.000000
5,0,24,2.0702365e+30,0.000000
7,6,15,2.0688187e+30,0.000000
5,3,35,2.0679886e+30,0.000000
3,1,38,2.0576234e+30,0.000000
7,7,-4,2.0568558e+30,0.000000
4,0,-34,2.051934e+30,0.000000
4,0,34,2.051934e+30,0.000000
2,-1,-38,2.0476429e+30,0.000000
7,-4,33,2.042756e+30,0.000000
10,-10,44,2.0341126e+30,0.000000
8,4,0,2.0252127e+30,0.000000
4,-3,-4,2.0194296e+30,0.000000
7,-1,7,1.9904803e+30,0.000000
2,1,37,1.970649e+30,0.000000
8,-4,19,1.9669793e+30,0.000000
7,6,8,1.9646974e+30,0.000000
9,-7,50,1.9613456e+30,0.000000
7,6,16,1.9254787e+30,0.000000
7,4,17,1.9206414e+30,0.000000
6,-4,37,1.9091496e+30,0.000000
3,-1,-35,1.9087402e+30,0.000000
10,-7,4,1.8996654e+30,0.000000
2,0,-43,1.8913027e+30,0.000000
2,0,43,1.8913027e+30,0.000000
5,5,51,1.8879311e+30,0.000000
7,3,18,1.8840304e+30,0.000000
10,-9,37,1.8509727e+30,0.000000
9,-5,1,1.8394203e+30,0.000000
3,2,46,1.8346031e+30,0.000000
9,-6,1,1.8200528e+30,0.000000
10,-10,45,1.8148054e+30,0.000000
9,-8,1,1.808799e+30,0.000000
8,-5,-2,1.8056758e+30,0.000000
7,6,17,1.792708e+30,0.000000
4,3,48,1.7920895e+30,0.000000
8,-2,3,1.7920236e+30,0.000000
7,1,8,1.7916633e+30,0.000000
6,3,29,1.7895911e+30,0.000000
10,-8,43,1.7890374e+30,0.000000
7,-2,11,1.7887392e+30,0.000000
8,-3,9,1.7885222e+30,0.000000
6,1,20,1.7853384e+30,0.000000
8,4,1,1.7757851e+30,0.000000
6,-2,-10,1.7722581e+30,0.000000
4,2,37,1.7717683e+30,0.000000
5,-1,-21,1.7707004e+30,0.000000
4,-2,19,1.7657989e+30,0.000000
7,-4,34,1.7601609e+30,0.000000
4,1,33,1.7575403e+30,0.000000
10,-8,2,1.7545612e+30,0.000000
6,5,42,1.7504121e+30,0.000000
4,2,-19,1.7430569e+30,0.000000
3,0,-40,1.7288005e+30,0.000000
3,0,40,1.7288005e+30,0.000000
6,6,45,1.727945e+30,0.000000
6,4,28,1.7255294e+30,0.000000
9,-5,15,1.703005e+30,0.000000
5,4,47,1.7027899e+30,0.000000
10,-7,25,1.6955733e+30,0.000000
7,5,28,1.6910902e+30,0.000000
7,6,18,1.6757643e+30,0.000000
6,-2,-6,1.6732169e+30,0.000000
3,3,53,1.6681155e+30,0.000000
3,1,-31,1.6679697e+30,0.000000
2,-2,-30,1.6582254e+30,0.000000
2,1,-31,1.6482882e+30,0.000000
4,-4,-18,1.6436684e+30,0.000000
10,-9,38,1.6374273e+30,0.000000
2,-1,52,1.6354958e+30,0.000000
6,-2,32,1.6343507e+30,0.000000
10,-10,46,1.6254147e+30,0.000000
7,2,8,1.6222963e+30,0.000000
5,1,-23,1.6153173e+30,0.000000
6,2,28,1.6092726e+30,0.000000
8,-6,52,1.5997431e+30,0.000000
7,6,7,1.5938876e+30,0.000000
6,1,-5,1.593185e+30,0.000000
9,-6,33,1.5921816e+30,0.000000
7,7,-2,1.5910702e+30,0.000000
6,-3,33,1.5895217e+30,0.000000
4,3,-9,1.5792701e+30,0.000000
8,4,6,1.5791291e+30,0.000000
7,6,19,1.5762702e+30,0.000000
3,-3,-28,1.558231e+30,0.000000
7,5,-4,1.5521032e+30,0.000000
8,-5,32,1.5427619e+30,0.000000
6,0,-17,1.5387812e+30,0.000000
6,0,17,1.5387812e+30,0.000000
7,-5,49,1.5357608e+30,0.000000
3,1,39,1.5306916e+30,0.000000
4,-1,40,1.5285819e+30,0.000000
10,-8,44,1.5267524e+30,0.000000
2,2,-20,1.52434e+30,0.000000
6,2,-11,1.5195223e+30,0.000000
9,-7,51,1.5181202e+30,0.000000
7,-2,12,1.5087047e+30,0.000000
5,0,-25,1.4970522e+30,0.000000
5,0,25,1.4970522e+30,0.000000
7,6,20,1.4931126e+30,0.000000
5,-2,36,1.4892609e+30,0.000000
8,-4,20,1.4881963e+30,0.000000
7,-4,35,1.4817365e+30,0.000000
4,-3,-18,1.4791783e+30,0.000000
4,4,54,1.4765205e+30,0.000000
10,-10,47,1.4638955e+30,0.000000
3,2,-16,1.4629539e+30,0.000000
10,-9,39,1.4533689e+30,0.000000
6,6,46,1.4383505e+30,0.000000
5,5,52,1.4294735e+30,0.000000
5,-3,47,1.4264892e+30,0.000000
7,6,21,1.4234091e+30,0.000000
7,-2,13,1.4209725e+30,0.000000
4,1,34,1.4184121e+30,0.000000
5,3,36,1.4068524e+30,0.000000
2,2,51,1.4037132e+30,0.000000
8,4,-2,1.3973951e+30,0.000000
7,7,1,1.3960716e+30,0.000000
10,-7,26,1.3923615e+30,0.000000
7,-2,14,1.3822994e+30,0.000000
7,-3,20,1.3787098e+30,0.000000
6,5,43,1.3758327e+30,0.000000
7,6,3,1.3754424e+30,0.000000
10,-6,14,1.3694452e+30,0.000000
3,-1,48,1.3647511e+30,0.000000
7,6,22,1.36341e+30,0.000000
7,7,12,1.3606952e+30,0.000000
7,7,11,1.3546669e+30,0.000000
7,7,13,1.3461407e+30,0.000000
4,1,-26,1.338182e+30,0.000000
6,3,30,1.3347019e+30,0.000000
7,7,0,1.3277327e+30,0.000000
10,-10,48,1.3275592e+30,0.000000
7,-2,15,1.3265584e+30,0.000000
7,7,10,1.3194216e+30,0.000000
7,7,14,1.318008e+30,0.000000
7,6,23,1.3092339e+30,0.000000
2,-2,-31,1.3029346e+30,0.000000
4,0,-35,1.2999007e+30,0.000000
4,0,35,1.2999007e+30,0.000000
10,-8,45,1.2965749e+30,0.000000
10,-9,40,1.2948189e+30,0.000000
7,6,4,1.2930319e+30,0.000000
7,7,15,1.2794498e+30,0.000000
7,7,4,1.2743588e+30,0.000000
8,6,-3,1.2727506e+30,0.000000
7,6,6,1.2725878e+30,0.000000
3,3,-16,1.2636084e+30,0.000000
7,4,18,1.2584628e+30,0.000000
7,6,24,1.2573925e+30,0.000000
7,7,5,1.25621e+30,0.000000
7,7,9,1.2536486e+30,0.000000
10,-10,4,1.2515548e+30,0.000000
5,2,33,1.2507959e+30,0.000000
8,-3,10,1.2506432e+30,0.000000
5,-2,-12,1.2456329e+30,0.000000
7,5,29,1.2448221e+30,0.000000
5,4,48,1.2419291e+30,0.000000
7,-2,16,1.2327485e+30,0.000000
7,7,16,1.2311866e+30,0.000000
4,4,-9,1.2283835e+30,0.000000
6,-2,-11,1.2269014e+30,0.000000
7,-4,36,1.2226755e+30,0.000000
4,3,49,1.2161373e+30,0.000000
10,-10,49,1.2132588e+30,0.000000
7,1,-5,1.2118537e+30,0.000000
7,6,25,1.2051057e+30,0.000000
4,-1,-28,1.2042601e+30,0.000000
9,-9,-1,1.1995435e+30,0.000000
9,-3,3,1.1950876e+30,0.000000
9,-6,34,1.1929831e+30,0.000000
8,-2,1,1.1895677e+30,0.000000
5,2,-12,1.1894293e+30,0.000000
8,-3,2,1.183115e+30,0.000000
7,7,8,1.1771815e+30,0.000000
7,7,17,1.1735686e+30,0.000000
9,-7,52,1.17271e+30,0.000000
7,7,3,1.1726069e+30,0.000000
9,-5,16,1.1716917e+30,0.000000
7,7,6,1.170896e+30,0.000000
8,-6,53,1.167638e+30,0.000000
7,7,2,1.1658257e+30,0.000000
7,6,5,1.163606e+30,0.000000
8,6,-1,1.1622097e+30,0.000000
8,6,8,1.1620146e+30,0.000000
2,-1,53,1.1620119e+30,0.000000
10,-9,41,1.158494e+30,0.000000
8,-2,4,1.1569471e+30,0.000000
10,-7,27,1.1538173e+30,0.000000
8,6,9,1.1522372e+30,0.000000
7,6,26,1.1504366e+30,0.000000
2,-1,-39,1.1470373e+30,0.000000
6,6,47,1.1385698e+30,0.000000
7,7,7,1.1355852e+30,0.000000
3,2,47,1.1269276e+30,0.000000
4,1,35,1.1178266e+30,0.000000
10,-10,50,1.1176168e+30,0.000000
2,0,-44,1.1172773e+30,0.000000
2,0,44,1.1172773e+30,0.000000
3,1,40,1.1170032e+30,0.000000
9,-5,0,1.1142175e+30,0.000000
4,-1,41,1.1089248e+30,0.000000
7,7,18,1.1078461e+30,0.000000
6,-3,34,1.1078339e+30,0.000000
4,-2,20,1.1068071e+30,0.000000
7,-2,17,1.1037687e+30,0.000000
3,3,54,1.1010513e+30,0.000000
6,2,-5,1.0994919e+30,0.000000
8,-4,21,1.0966642e+30,0.000000
10,-8,46,1.0957595e+30,0.000000
8,6,7,1.0938355e+30,0.000000
7,6,27,1.0922917e+30,0.000000
6,-4,38,1.0883223e+30,0.000000
10,-9,5,1.0854016e+30,0.000000
8,6,10,1.0842021e+30,0.000000
9,8,40,1.0841438e+30,0.000000
7,7,-1,1.084045e+30,0.000000
5,-1,-22,1.083161e+30,0.000000
6,2,29,1.0826611e+30,0.000000
5,1,29,1.0781791e+30,0.000000
6,5,44,1.0777407e+30,0.000000
7,6,2,1.0771083e+30,0.000000
5,5,53,1.0746088e+30,0.000000
5,-3,-9,1.0725641e+30,0.000000
8,4,7,1.0724707e+30,0.000000
3,0,-41,1.0664437e+30,0.000000
3,0,41,1.0664437e+30,0.000000
5,0,-26,1.0655366e+30,0.000000
5,0,26,1.0655366e+30,0.000000
8,6,2,1.0642573e+30,0.000000
6,1,21,1.0547193e+30,0.000000
7,1,-6,1.0511057e+30,0.000000
5,-1,29,1.0472035e+30,0.000000
4,4,55,1.0469744e+30,0.000000
6,-2,33,1.0423508e+30,0.000000
10,-9,42,1.0414856e+30,0.000000
6,-4,-4,1.0414447e+30,0.000000
10,-10,51,1.0372474e+30,0.000000
7,7,19,1.0364499e+30,0.000000
8,2,1,1.0344416e+30,0.000000
7,-5,50,1.0322023e+30,0.000000
7,6,28,1.0303304e+30,0.000000
3,-1,-36,1.020177e+30,0.000000
7,3,19,1.0174122e+30,0.000000
7,6,0,1.0134997e+30,0.000000
2,-2,-32,1.0024009e+30,0.000000
8,6,3,9.9257835e+29,0.000000
7,-4,37,9.9168512e+29,0.000000
8,6,11,9.8550288e+29,0.000000
6,3,31,9.8537998e+29,0.000000
8,-3,1,9.781449e+29,0.000000
7,1,13,9.7042665e+29,0.000000
10,-10,52,9.6894345e+29,0.000000
7,6,29,9.6482345e+29,0.000000
5,1,-24,9.644441e+29,0.000000
7,7,20,9.6261976e+29,0.000000
10,-7,28,9.6260331e+29,0.000000
8,6,6,9.6001629e+29,0.000000
6,2,-12,9.5764687e+29,0.000000
7,-2,18,9.5273919e+29,0.000000
6,4,29,9.5143517e+29,0.000000
5,3,37,9.5112481e+29,0.000000
6,-1,6,9.5044144e+29,0.000000
4,2,38,9.4666621e+29,0.000000
10,-6,15,9.4622409e+29,0.000000
10,-9,43,9.4110774e+29,0.000000
7,1,12,9.4000074e+29,0.000000
8,2,2,9.3532156e+29,0.000000
8,-5,33,9.2174837e+29,0.000000
10,-8,47,9.2162757e+29,0.000000
6,6,48,9.1938943e+29,0.000000
8,-2,5,9.1902154e+29,0.000000
7,1,14,9.1012209e+29,0.000000
10,-10,53,9.0981566e+29,0.000000
7,5,30,9.0927718e+29,0.000000
5,4,49,9.0520555e+29,0.000000
10,-8,1,9.0471575e+29,0.000000
2,2,52,9.0452484e+29,0.000000
9,-7,53,9.0431327e+29,0.000000
6,-1,5,9.0246056e+29,0.000000
7,2,9,9.023339e+29,0.000000
2,1,-32,8.9976013e+29,0.000000
6,-1,7,8.9745652e+29,0.000000
7,2,1,8.9731486e+29,0.000000
7,6,30,8.9649047e+29,0.000000
7,7,21,8.8979526e+29,0.000000
3,1,-32,8.8685184e+29,0.000000
9,-6,35,8.8544858e+29,0.000000
8,-3,11,8.8236409e+29,0.000000
8,6,12,8.797408e+29,0.000000
5,-3,48,8.7940241e+29,0.000000
6,-4,39,8.7932325e+29,0.000000
3,-1,49,8.7477013e+29,0.000000
6,-1,3,8.6464427e+29,0.000000
4,1,36,8.6422235e+29,0.000000
4,-3,-19,8.5923129e+29,0.000000
10,-10,54,8.5737985e+29,0.000000
10,-9,44,8.5484839e+29,0.000000
3,-3,-29,8.5329253e+29,0.000000
8,-6,54,8.5302255e+29,0.000000
9,-5,17,8.4956775e+29,0.000000
6,-4,40,8.491779e+29,0.000000
4,3,-10,8.4618958e+29,0.000000
6,5,45,8.416144e+29,0.000000
5,-2,37,8.4000807e+29,0.000000
6,-4,41,8.3586748e+29,0.000000
8,6,4,8.3409286e+29,0.000000
8,6,5,8.3347078e+29,0.000000
7,1,9,8.3250074e+29,0.000000
7,6,31,8.3002734e+29,0.000000
4,3,50,8.2368455e+29,0.000000
7,7,22,8.2105008e+29,0.000000
4,0,-36,8.2055098e+29,0.000000
4,0,36,8.2055098e+29,0.000000
7,1,11,8.1917184e+29,0.000000
8,6,0,8.1842441e+29,0.000000
8,6,1,8.1341749e+29,0.000000
5,5,54,8.1030759e+29,0.000000
10,-10,55,8.0959744e+29,0.000000
4,-4,-19,8.0807912e+29,0.000000
3,-2,-21,8.0753534e+29,0.000000
6,-2,-12,8.0742e+29,0.000000
10,-7,29,8.0665642e+29,0.000000
2,-1,54,8.0494597e+29,0.000000
3,1,41,8.0172929e+29,0.000000
4,-1,42,7.9968889e+29,0.000000
7,6,-1,7.9623949e+29,0.000000
7,-2,19,7.9479012e+29,0.000000
4,2,-20,7.9465404e+29,0.000000
6,-4,42,7.9440009e+29,0.000000
7,-4,38,7.9242488e+29,0.000000
7,4,19,7.9229236e+29,0.000000
7,1,15,7.9038078e+29,0.000000
6,-1,8,7.8866891e+29,0.000000
8,-4,22,7.8726979e+29,0.000000
8,6,13,7.8263258e+29,0.000000
7,-1,8,7.8111829e+29,0.000000
10,-9,45,7.8037826e+29,0.000000
10,-8,48,7.7156102e+29,0.000000
6,-3,35,7.674261e+29,0.000000
4,1,-27,7.6233298e+29,0.000000
7,7,23,7.5870636e+29,0.000000
7,6,1,7.5733779e+29,0.000000
7,6,32,7.5581994e+29,0.000000
8,-2,6,7.5406391e+29,0.000000
10,-7,3,7.5196832e+29,0.000000
5,0,-27,7.4846137e+29,0.000000
5,0,27,7.4846137e+29,0.000000
2,-2,-33,7.4833246e+29,0.000000
5,2,34,7.4575512e+29,0.000000
6,6,49,7.3923861e+29,0.000000
2,1,38,7.3778833e+29,0.000000
7,6,-3,7.3612869e+29,0.000000
6,-1,4,7.3086588e+29,0.000000
3,3,55,7.280413e+29,0.000000
6,-4,43,7.2418845e+29,0.000000
6,2,30,7.2172445e+29,0.000000
6,3,32,7.2084897e+29,0.000000
10,-9,46,7.1558126e+29,0.000000
5,-2,-13,7.1233654e+29,0.000000
7,7,-5,7.0737228e+29,0.000000
7,7,-3,7.0588216e+29,0.000000
6,0,-18,7.0478982e+29,0.000000
6,0,18,7.0478982e+29,0.000000
7,7,24,7.0415552e+29,0.000000
8,6,14,7.0200294e+29,0.000000
9,-7,54,6.9630954e+29,0.000000
7,1,-7,6.955638e+29,0.000000
7,1,10,6.9522562e+29,0.000000
8,8,36,6.9484356e+29,0.000000
7,-5,51,6.9444505e+29,0.000000
8,4,8,6.9436828e+29,0.000000
3,2,48,6.9082688e+29,0.000000
4,-1,-29,6.9037103e+29,0.000000
7,6,33,6.8549816e+29,0.000000
4,-2,21,6.841098e+29,0.000000
8,-7,-3,6.8391104e+29,0.000000
10,-7,30,6.7751554e+29,0.000000
10,-6,16,6.7076223e+29,0.000000
4,-2,-4,6.701699e+29,0.000000
10,10,31,6.6827474e+29,0.000000
2,0,-45,6.6712601e+29,0.000000
2,0,45,6.6712601e+29,0.000000
5,2,-13,6.6128615e+29,0.000000
6,-2,34,6.6082655e+29,0.000000
7,5,31,6.5953692e+29,0.000000
9,-5,18,6.5948955e+29,0.000000
5,4,50,6.5941768e+29,0.000000
10,-9,47,6.5858668e+29,0.000000
7,7,25,6.5785578e+29,0.000000
4,1,37,6.5784403e+29,0.000000
5,-1,-23,6.571275e+29,0.000000
3,0,-42,6.5680642e+29,0.000000
3,0,42,6.5680642e+29,0.000000
6,-1,9,6.5649855e+29,0.000000
6,5,46,6.5535721e+29,0.000000
7,1,-3,6.550185e+29,0.000000
7,-3,21,6.5191859e+29,0.000000
9,-6,36,6.5102722e+29,0.000000
7,1,16,6.4559902e+29,0.000000
2,-1,-40,6.4425229e+29,0.000000
10,-8,49,6.4302039e+29,0.000000
7,-2,20,6.4274402e+29,0.000000
8,6,15,6.3944159e+29,0.000000
5,3,38,6.3940027e+29,0.000000
6,-4,44,6.3717544e+29,0.000000
5,3,-8,6.3127994e+29,0.000000
7,7,35,6.2763373e+29,0.000000
3,3,-17,6.2703386e+29,0.000000
7,-4,39,6.2502905e+29,0.000000
8,-6,55,6.2383796e+29,0.000000
7,7,26,6.1945501e+29,0.000000
8,-3,12,6.1783715e+29,0.000000
3,2,-17,6.1735718e+29,0.000000
7,6,34,6.16864e+29,0.000000
5,5,55,6.1087642e+29,0.000000
6,1,22,6.08202e+29,0.000000
10,-9,48,6.0779117e+29,0.000000
8,-2,7,6.077892e+29,0.000000
7,1,-4,5.9795635e+29,0.000000
8,6,16,5.9249222e+29,0.000000
6,6,50,5.9212947e+29,0.000000
2,2,53,5.9181134e+29,0.000000
6,2,-13,5.8854162e+29,0.000000
7,7,27,5.8798615e+29,0.000000
2,2,-21,5.8554704e+29,0.000000
8,-7,-4,5.8423532e+29,0.000000
6,1,-6,5.7857009e+29,0.000000
9,-3,5,5.7590741e+29,0.000000
4,-1,43,5.73727e+29,0.000000
5,1,-25,5.7220786e+29,0.000000
10,-7,31,5.6922194e+29,0.000000
3,1,42,5.6699378e+29,0.000000
7,7,28,5.6209107e+29,0.000000
10,-9,49,5.6186608e+29,0.000000
8,6,17,5.567322e+29,0.000000
4,3,51,5.5658438e+29,0.000000
3,-1,50,5.5587326e+29,0.000000
8,-4,23,5.5077401e+29,0.000000
7,6,35,5.5064271e+29,0.000000
9,-5,19,5.4841577e+29,0.000000
2,-1,55,5.4642716e+29,0.000000
6,-4,45,5.4543933e+29,0.000000
2,-2,-34,5.4442539e+29,0.000000
3,-1,-37,5.4392315e+29,0.000000
9,-7,-3,5.4302811e+29,0.000000
7,7,29,5.4026161e+29,0.000000
9,-7,55,5.3549226e+29,0.000000
5,-3,49,5.3503794e+29,0.000000
8,-5,34,5.3475726e+29,0.000000
7,7,30,5.3372539e+29,0.000000
10,-8,50,5.3357165e+29,0.000000
10,-6,3,5.3345496e+29,0.000000
6,-3,36,5.2871195e+29,0.000000
8,6,18,5.2739249e+29,0.000000
6,3,33,5.2297315e+29,0.000000
6,-1,10,5.2279933e+29,0.000000
5,0,-28,5.1996877e+29,0.000000
5,0,28,5.1996877e+29,0.000000
10,-9,50,5.1974988e+29,0.000000
7,3,20,5.1773614e+29,0.000000
4,0,-37,5.1617299e+29,0.000000
4,0,37,5.1617299e+29,0.000000
7,7,31,5.1486608e+29,0.000000
6,-2,-13,5.1158105e+29,0.000000
6,4,30,5.1101063e+29,0.000000
6,5,47,5.0893114e+29,0.000000
7,2,10,5.0713978e+29,0.000000
5,1,30,5.0599916e+29,0.000000
7,-2,21,5.0542381e+29,0.000000
7,1,17,5.0179107e+29,0.000000
8,6,19,5.0039506e+29,0.000000
4,-3,-20,4.9924029e+29,0.000000
4,1,38,4.9442125e+29,0.000000
4,2,39,4.9357305e+29,0.000000
7,7,32,4.92932e+29,0.000000
2,1,-33,4.9235894e+29,0.000000
6,1,-10,4.9231258e+29,0.000000
7,7,40,4.9027719e+29,0.000000
7,6,36,4.8789803e+29,0.000000
7,-4,40,4.8742312e+29,0.000000
5,-1,30,4.8628398e+29,0.000000
8,5,7,4.8519739e+29,0.000000
4,4,-10,4.8499579e+29,0.000000
10,-10,3,4.8399609e+29,0.000000
8,5,6,4.8124988e+29,0.000000
10,-9,51,4.8062824e+29,0.000000
9,-5,20,4.8061344e+29,0.000000
5,4,51,4.8012327e+29,0.000000
10,-6,17,4.8004363e+29,0.000000
7,4,20,4.7779036e+29,0.000000
10,-7,32,4.775602e+29,0.000000
6,2,31,4.7716685e+29,0.000000
6,1,-11,4.7682902e+29,0.000000
6,6,51,4.7609642e+29,0.000000
7,5,32,4.753573e+29,0.000000
9,-6,37,4.74196e+29,0.000000
8,6,20,4.7284907e+29,0.000000
7,7,33,4.7239913e+29,0.000000
8,-2,8,4.7216394e+29,0.000000
3,1,-33,4.7123946e+29,0.000000
3,-3,-30,4.6962547e+29,0.000000
7,-5,52,4.6759894e+29,0.000000
5,-2,38,4.6657601e+29,0.000000
7,7,34,4.6574128e+29,0.000000
4,3,-11,4.6181079e+29,0.000000
9,9,47,4.60007e+29,0.000000
6,1,-9,4.5946431e+29,0.000000
8,5,8,4.5837975e+29,0.000000
6,-4,46,4.5751177e+29,0.000000
8,4,9,4.5076259e+29,0.000000
4,-2,-5,4.4619749e+29,0.000000
5,-3,-10,4.4492062e+29,0.000000
10,-9,52,4.4390515e+29,0.000000
8,6,21,4.4313711e+29,0.000000
10,-8,51,4.4091434e+29,0.000000
5,2,35,4.3997092e+29,0.000000
4,1,-28,4.3330329e+29,0.000000
9,-5,21,4.3321067e+29,0.000000
7,6,37,4.2917084e+29,0.000000
9,9,27,4.2778594e+29,0.000000
5,3,39,4.2761297e+29,0.000000
6,1,-12,4.2667522e+29,0.000000
8,-3,13,4.2468742e+29,0.000000
3,2,49,4.2333403e+29,0.000000
8,5,5,4.2309211e+29,0.000000
8,5,9,4.2152901e+29,0.000000
8,2,7,4.1820428e+29,0.000000
4,-2,22,4.1758736e+29,0.000000
6,4,-4,4.1667593e+29,0.000000
6,-2,35,4.1660738e+29,0.000000
10,-9,4,4.1533787e+29,0.000000
9,-8,0,4.1418153e+29,0.000000
8,-8,-6,4.1205465e+29,0.000000
7,7,36,4.1106906e+29,0.000000
8,6,22,4.1074566e+29,0.000000
4,-1,44,4.0974991e+29,0.000000
10,-9,53,4.0916904e+29,0.000000
9,-6,0,4.083621e+29,0.000000
8,2,8,4.0605138e+29,0.000000
2,0,-46,4.0445852e+29,0.000000
2,0,46,4.0445852e+29,0.000000
3,0,-43,4.0379236e+29,0.000000
3,0,43,4.0379236e+29,0.000000
6,-1,11,4.0082952e+29,0.000000
7,7,39,4.0021254e+29,0.000000
10,-7,33,3.9951732e+29,0.000000
7,1,-8,3.994481e+29,0.000000
4,-4,-20,3.9923916e+29,0.000000
5,-2,-14,3.9819524e+29,0.000000
5,-1,-24,3.9593255e+29,0.000000
3,1,43,3.955312e+29,0.000000
10,9,34,3.9538961e+29,0.000000
4,-1,-30,3.9490982e+29,0.000000
2,2,54,3.9441224e+29,0.000000
6,5,48,3.9431544e+29,0.000000
9,-5,22,3.928486e+29,0.000000
9,-9,-2,3.9211894e+29,0.000000
8,2,0,3.9205934e+29,0.000000
2,-2,-35,3.8915616e+29,0.000000
7,-1,9,3.8892213e+29,0.000000
7,-2,22,3.8756603e+29,0.000000
6,1,-8,3.8738354e+29,0.000000
8,5,10,3.8563846e+29,0.000000
7,-1,12,3.8200684e+29,0.000000
7,7,37,3.7863455e+29,0.000000
6,-4,47,3.7818135e+29,0.000000
6,6,52,3.7701825e+29,0.000000
7,-1,13,3.7690189e+29,0.000000
6,3,34,3.765605e+29,0.000000
7,-4,41,3.7633902e+29,0.000000
10,-9,54,3.7615704e+29,0.000000
8,6,23,3.7597573e+29,0.000000
8,-4,24,3.7566954e+29,0.000000
7,6,38,3.7518729e+29,0.000000
4,3,52,3.7508069e+29,0.000000
7,1,18,3.7433255e+29,0.000000
8,2,6,3.7162811e+29,0.000000
4,1,39,3.6772155e+29,0.000000
9,-7,-4,3.6343138e+29,0.000000
2,-1,-41,3.6301385e+29,0.000000
10,-8,52,3.6290506e+29,0.000000
5,2,-14,3.6253652e+29,0.000000
6,-3,37,3.6245747e+29,0.000000
5,-5,-7,3.5954222e+29,0.000000
6,1,-13,3.5908206e+29,0.000000
5,0,-29,3.5789677e+29,0.000000
5,0,29,3.5789677e+29,0.000000
4,2,-21,3.5704889e+29,0.000000
7,-1,11,3.5586827e+29,0.000000
10,-6,2,3.5554507e+29,0.000000
7,7,38,3.5495812e+29,0.000000
6,2,-14,3.5426413e+29,0.000000
8,5,11,3.5416082e+29,0.000000
9,-5,23,3.5293745e+29,0.000000
3,-1,51,3.5267094e+29,0.000000
8,2,9,3.5171766e+29,0.000000
6,1,-7,3.5129453e+29,0.000000
8,-2,9,3.5051816e+29,0.000000
5,4,52,3.4940429e+29,0.000000
5,-2,-2,3.4655886e+29,0.000000
5,-3,-11,3.4502739e+29,0.000000
10,-9,55,3.4472031e+29,0.000000
7,-1,14,3.4286851e+29,0.000000
10,-6,18,3.4273797e+29,0.000000
9,-6,38,3.4217377e+29,0.000000
6,1,23,3.4194196e+29,0.000000
8,6,-2,3.4122943e+29,0.000000
7,5,33,3.4065021e+29,0.000000
8,6,24,3.3963182e+29,0.000000
7,2,15,3.3882016e+29,0.000000
5,1,-26,3.3769277e+29,0.000000
7,2,16,3.3738086e+29,0.000000
5,1,-1,3.3669836e+29,0.000000
7,6,-2,3.3505002e+29,0.000000
10,-7,34,3.3289454e+29,0.000000
8,5,1,3.3231197e+29,0.000000
7,2,11,3.3200968e+29,0.000000
8,2,3,3.3061463e+29,0.000000
7,6,39,3.285282e+29,0.000000
8,5,12,3.2659641e+29,0.000000
7,-1,10,3.2590571e+29,0.000000
7,7,44,3.2512642e+29,0.000000
4,0,-38,3.2357208e+29,0.000000
4,0,38,3.2357208e+29,0.000000
8,4,10,3.2305447e+29,0.000000
3,-2,-22,3.2296852e+29,0.000000
7,2,14,3.2223983e+29,0.000000
5,-3,-12,3.2131134e+29,0.000000
5,-3,50,3.2021671e+29,0.000000
7,2,17,3.1824779e+29,0.000000
7,-5,53,3.1506916e+29,0.000000
6,-2,-14,3.1459394e+29,0.000000
3,3,-18,3.1447615e+29,0.000000
8,8,51,3.1357729e+29,0.000000
8,5,4,3.1332846e+29,0.000000
6,2,32,3.1312561e+29,0.000000
9,-5,24,3.1135064e+29,0.000000
6,-4,48,3.0940348e+29,0.000000
6,5,49,3.0513372e+29,0.000000
6,0,-19,3.0382763e+29,0.000000
6,0,19,3.0382763e+29,0.000000
8,4,14,3.0310303e+29,0.000000
8,6,25,3.0274842e+29,0.000000
8,4,15,3.0120022e+29,0.000000
8,5,13,3.0109652e+29,0.000000
6,6,53,3.0105656e+29,0.000000
8,-5,35,3.0059845e+29,0.000000
10,-8,53,2.9757437e+29,0.000000
6,-1,12,2.9714635e+29,0.000000
7,-3,22,2.969639e+29,0.000000
7,2,13,2.9634902e+29,0.000000
10,10,36,2.956066e+29,0.000000
8,4,13,2.9192829e+29,0.000000
7,-1,15,2.9151649e+29,0.000000
4,-1,45,2.914345e+29,0.000000
7,-2,23,2.9055989e+29,0.000000
4,-3,-21,2.9027952e+29,0.000000
3,-1,-38,2.8921175e+29,0.000000
7,-4,42,2.8803302e+29,0.000000
6,1,-14,2.8782037e+29,0.000000
7,6,-4,2.8760981e+29,0.000000
7,2,18,2.8607713e+29,0.000000
7,2,12,2.8477968e+29,0.000000
8,4,16,2.8463806e+29,0.000000
5,3,40,2.8458015e+29,0.000000
7,-6,-5,2.8453919e+29,0.000000
8,-3,14,2.8431451e+29,0.000000
5,-3,-13,2.8296031e+29,0.000000
7,6,40,2.8106733e+29,0.000000
7,7,41,2.8057658e+29,0.000000
8,2,10,2.7768658e+29,0.000000
8,4,11,2.7726921e+29,0.000000
8,4,12,2.7685979e+29,0.000000
10,-7,35,2.7603289e+29,0.000000
8,5,14,2.7590974e+29,0.000000
2,-2,-36,2.7587026e+29,0.000000
8,2,5,2.7532087e+29,0.000000
7,4,21,2.7513372e+29,0.000000
7,6,44,2.729025e+29,0.000000
3,1,44,2.7232257e+29,0.000000
7,6,41,2.7117339e+29,0.000000
4,1,40,2.7111751e+29,0.000000
2,1,-34,2.7005211e+29,0.000000
7,1,19,2.6976969e+29,0.000000
6,3,35,2.6927561e+29,0.000000
8,6,-4,2.6890973e+29,0.000000
9,-5,25,2.6854217e+29,0.000000
2,2,55,2.6840336e+29,0.000000
8,6,26,2.663813e+29,0.000000
6,4,31,2.6629699e+29,0.000000
8,-4,-2,2.6277399e+29,0.000000
6,-2,36,2.6123353e+29,0.000000
9,-6,-1,2.6105687e+29,0.000000
3,2,50,2.6012591e+29,0.000000
3,-3,-31,2.5971205e+29,0.000000
10,-8,0,2.577915e+29,0.000000
5,2,36,2.5652096e+29,0.000000
8,4,17,2.562946e+29,0.000000
4,3,-12,2.5594161e+29,0.000000
8,5,2,2.5560696e+29,0.000000
5,-2,39,2.5440691e+29,0.000000
5,4,53,2.5414356e+29,0.000000
3,2,-18,2.5287287e+29,0.000000
4,-2,23,2.5207106e+29,0.000000
4,3,53,2.5199184e+29,0.000000
6,-4,49,2.5133313e+29,0.000000
2,0,-47,2.5022948e+29,0.000000
2,0,47,2.5022948e+29,0.000000
3,1,-34,2.5013534e+29,0.000000
8,5,15,2.4999143e+29,0.000000
8,-4,25,2.4990256e+29,0.000000
4,2,40,2.4943642e+29,0.000000
8,-2,10,2.4794538e+29,0.000000
3,0,-44,2.4778215e+29,0.000000
3,0,44,2.4778215e+29,0.000000
7,3,21,2.4764872e+29,0.000000
6,-3,38,2.473758e+29,0.000000
9,-9,-3,2.4700222e+29,0.000000
7,2,19,2.4668306e+29,0.000000
4,1,-29,2.457466e+29,0.000000
7,-3,-2,2.4502366e+29,0.000000
9,-6,39,2.4460214e+29,0.000000
5,0,-30,2.4442191e+29,0.000000
5,0,30,2.4442191e+29,0.000000
7,7,42,2.4377301e+29,0.000000
10,-8,54,2.4313614e+29,0.000000
7,5,34,2.4285914e+29,0.000000
10,-6,19,2.4194377e+29,0.000000
9,9,33,2.4025405e+29,0.000000
6,6,54,2.3796952e+29,0.000000
5,-1,-25,2.3718975e+29,0.000000
2,1,39,2.3702101e+29,0.000000
4,-2,-6,2.3688584e+29,0.000000
6,5,50,2.3524379e+29,0.000000
7,-1,16,2.3447103e+29,0.000000
6,-2,-5,2.3396304e+29,0.000000
8,6,27,2.3146875e+29,0.000000
9,-3,6,2.3100221e+29,0.000000
5,-3,-14,2.2955142e+29,0.000000
8,3,1,2.2813749e+29,0.000000
10,-7,36,2.2762478e+29,0.000000
5,1,31,2.271757e+29,0.000000
3,-1,52,2.2652846e+29,0.000000
9,-5,26,2.2612492e+29,0.000000
10,10,26,2.2589602e+29,0.000000
9,-8,-1,2.2583941e+29,0.000000
4,-1,-31,2.2534286e+29,0.000000
8,5,16,2.2309837e+29,0.000000
8,5,3,2.2269123e+29,0.000000
6,1,-15,2.2168234e+29,0.000000
8,4,18,2.2083635e+29,0.000000
5,-4,-8,2.2034413e+29,0.000000
2,2,-22,2.1960637e+29,0.000000
10,-9,3,2.1959183e+29,0.000000
7,-4,43,2.1875347e+29,0.000000
7,7,43,2.1860913e+29,0.000000
5,-2,-15,2.179025e+29,0.000000
5,-1,31,2.1601697e+29,0.000000
6,-1,13,2.13625e+29,0.000000
7,-2,24,2.1346829e+29,0.000000
5,-4,-7,2.1318485e+29,0.000000
7,-5,54,2.1241949e+29,0.000000
6,2,-15,2.0939437e+29,0.000000
8,-5,-3,2.0888634e+29,0.000000
7,1,-9,2.0735469e+29,0.000000
4,-1,46,2.0647738e+29,0.000000
2,-1,-42,2.0535497e+29,0.000000
7,2,20,2.0525717e+29,0.000000
7,6,42,2.0468069e+29,0.000000
6,2,33,2.0407051e+29,0.000000
6,-4,50,2.0314702e+29,0.000000
8,2,11,2.0241954e+29,0.000000
4,0,-39,2.0210607e+29,0.000000
4,0,39,2.0210607e+29,0.000000
4,4,-11,2.0158763e+29,0.000000
7,-4,-3,2.009745e+29,0.000000
8,6,28,1.9875494e+29,0.000000
4,1,41,1.9843595e+29,0.000000
5,1,-27,1.983933e+29,0.000000
4,-4,-21,1.9820429e+29,0.000000
10,-8,55,1.9799031e+29,0.000000
8,2,4,1.9769281e+29,0.000000
7,4,-3,1.9695935e+29,0.000000
2,-2,-37,1.9585639e+29,0.000000
5,2,-15,1.9573304e+29,0.000000
8,5,17,1.9561588e+29,0.000000
6,3,36,1.9134647e+29,0.000000
9,9,31,1.901581e+29,0.000000
6,-2,-15,1.887898e+29,0.000000
7,1,20,1.8875904e+29,0.000000
5,3,41,1.8849403e+29,0.000000
6,6,55,1.8832888e+29,0.000000
5,-3,51,1.8779595e+29,0.000000
6,1,24,1.8708433e+29,0.000000
10,-7,37,1.8659034e+29,0.000000
9,-5,27,1.8591362e+29,0.000000
3,1,45,1.8508346e+29,0.000000
5,4,54,1.8473625e+29,0.000000
8,-3,15,1.8423082e+29,0.000000
8,4,19,1.8291716e+29,0.000000
9,-3,2,1.8266215e+29,0.000000
6,5,51,1.8123178e+29,0.000000
5,-4,-9,1.810856e+29,0.000000
7,-1,17,1.8007869e+29,0.000000
5,3,-9,1.7877379e+29,0.000000
8,5,-2,1.7844986e+29,0.000000
10,8,39,1.7840833e+29,0.000000
8,5,0,1.7491571e+29,0.000000
5,-3,-15,1.7415851e+29,0.000000
7,6,43,1.7321725e+29,0.000000
9,-6,40,1.732124e+29,0.000000
8,-3,0,1.7310575e+29,0.000000
10,-6,1,1.7243895e+29,0.000000
7,5,35,1.7234541e+29,0.000000
10,10,29,1.7190553e+29,0.000000
10,-10,2,1.7178673e+29,0.000000
7,7,45,1.7119339e+29,0.000000
7,7,46,1.7012773e+29,0.000000
4,-3,-22,1.6896341e+29,0.000000
8,6,29,1.6876197e+29,0.000000
4,3,54,1.6873438e+29,0.000000
7,1,0,1.684664e+29,0.000000
8,5,18,1.6829062e+29,0.000000
6,-3,39,1.6815188e+29,0.000000
10,-6,20,1.6770982e+29,0.000000
8,-2,11,1.6693823e+29,0.000000
5,0,-31,1.6582234e+29,0.000000
5,0,31,1.6582234e+29,0.000000
7,2,21,1.6562164e+29,0.000000
6,1,-16,1.6512863e+29,0.000000
7,-4,44,1.6501674e+29,0.000000
8,-5,36,1.6373269e+29,0.000000
6,-4,51,1.6359939e+29,0.000000
6,-2,37,1.6293721e+29,0.000000
8,-4,26,1.6215803e+29,0.000000
3,2,51,1.6111049e+29,0.000000
10,-4,5,1.5931309e+29,0.000000
3,3,-19,1.5903659e+29,0.000000
2,0,-48,1.5872445e+29,0.000000
2,0,48,1.5872445e+29,0.000000
4,2,-22,1.5764184e+29,0.000000
3,-2,-23,1.5637614e+29,0.000000
7,-2,25,1.5400269e+29,0.000000
3,-1,-39,1.5334506e+29,0.000000
10,-7,38,1.5200007e+29,0.000000
3,0,-45,1.5179016e+29,0.000000
3,0,45,1.5179016e+29,0.000000
7,4,22,1.5119699e+29,0.000000
3,-1,53,1.5080658e+29,0.000000
4,-2,24,1.5065229e+29,0.000000
9,-5,28,1.4938641e+29,0.000000
6,-1,14,1.4924833e+29,0.000000
8,3,7,1.4889777e+29,0.000000
10,-7,2,1.4861749e+29,0.000000
2,1,-35,1.4845038e+29,0.000000
5,2,-3,1.4841146e+29,0.000000
5,2,37,1.4755565e+29,0.000000
8,4,20,1.462315e+29,0.000000
9,9,30,1.4589063e+29,0.000000
4,-1,47,1.4572804e+29,0.000000
8,3,6,1.4534903e+29,0.000000
4,1,42,1.4433898e+29,0.000000
3,-3,-32,1.4428694e+29,0.000000
8,3,8,1.4404578e+29,0.000000
4,3,-13,1.4354271e+29,0.000000
7,-5,55,1.4330277e+29,0.000000
9,-5,-2,1.422069e+29,0.000000
8,5,19,1.4197645e+29,0.000000
8,6,30,1.4179573e+29,0.000000
5,-1,-26,1.4140341e+29,0.000000
7,-3,23,1.4140224e+29,0.000000
2,-2,-38,1.4062596e+29,0.000000
6,5,52,1.402997e+29,0.000000
4,1,-30,1.3905998e+29,0.000000
8,2,12,1.3719405e+29,0.000000
5,-2,40,1.3559779e+29,0.000000
6,3,37,1.3518623e+29,0.000000
5,4,55,1.3418498e+29,0.000000
6,4,32,1.3396438e+29,0.000000
7,-1,18,1.3300551e+29,0.000000
3,1,-35,1.3257406e+29,0.000000
8,3,9,1.323505e+29,0.000000
6,2,34,1.3214762e+29,0.000000
7,7,47,1.3147085e+29,0.000000
6,-4,52,1.3135423e+29,0.000000
5,-4,-10,1.3095149e+29,0.000000
8,3,5,1.3061313e+29,0.000000
7,2,22,1.30129e+29,0.000000
7,1,21,1.2873721e+29,0.000000
4,-1,-32,1.2821538e+29,0.000000
8,8,33,1.2677893e+29,0.000000
5,-4,-6,1.259028e+29,0.000000
4,0,-40,1.2575795e+29,0.000000
4,0,40,1.2575795e+29,0.000000
5,-3,-16,1.256075e+29,0.000000
8,3,0,1.2496127e+29,0.000000
5,3,42,1.2425537e+29,0.000000
3,1,46,1.2416798e+29,0.000000
7,-4,45,1.2374692e+29,0.000000
10,-7,39,1.2302981e+29,0.000000
7,6,45,1.2229072e+29,0.000000
6,0,-20,1.2222838e+29,0.000000
6,0,20,1.2222838e+29,0.000000
7,5,36,1.2180895e+29,0.000000
6,2,-16,1.2172457e+29,0.000000
9,-6,41,1.2149809e+29,0.000000
4,2,41,1.2114959e+29,0.000000
6,1,-17,1.1954275e+29,0.000000
4,-2,-7,1.1917248e+29,0.000000
7,7,48,1.1893367e+29,0.000000
9,-3,7,1.1857195e+29,0.000000
8,6,31,1.1808891e+29,0.000000
9,-5,29,1.1746671e+29,0.000000
8,5,20,1.1744578e+29,0.000000
5,-2,-16,1.168249e+29,0.000000
2,-1,-43,1.1674635e+29,0.000000
9,9,43,1.1625372e+29,0.000000
5,1,-28,1.161004e+29,0.000000
8,3,10,1.1558432e+29,0.000000
8,-3,16,1.1497034e+29,0.000000
6,-3,40,1.1388064e+29,0.000000
10,-6,21,1.1359241e+29,0.000000
8,8,41,1.1349262e+29,0.000000
8,4,21,1.1320931e+29,0.000000
7,3,22,1.1298876e+29,0.000000
4,3,55,1.1260459e+29,0.000000
5,0,-32,1.1186509e+29,0.000000
5,0,32,1.1186509e+29,0.000000
6,-2,-16,1.1099375e+29,0.000000
10,-5,6,1.1069254e+29,0.000000
7,-2,26,1.0929405e+29,0.000000
7,6,46,1.0826463e+29,0.000000
5,-3,52,1.0747577e+29,0.000000
3,-1,54,1.0735806e+29,0.000000
6,5,53,1.0713837e+29,0.000000
9,-4,6,1.0711667e+29,0.000000
8,-2,12,1.0682011e+29,0.000000
9,9,38,1.0563588e+29,0.000000
6,-4,53,1.0515949e+29,0.000000
9,9,42,1.0484457e+29,0.000000
9,8,36,1.0480643e+29,0.000000
4,1,43,1.0442705e+29,0.000000
5,2,-16,1.0392064e+29,0.000000
2,0,-49,1.035668e+29,0.000000
2,0,49,1.035668e+29,0.000000
2,-2,-39,1.0303077e+29,0.000000
8,-2,0,1.0270073e+29,0.000000
8,-4,27,1.0262661e+29,0.000000
4,-1,48,1.0245036e+29,0.000000
6,-1,15,1.0148361e+29,0.000000
3,2,52,1.0137495e+29,0.000000
6,-2,38,1.0107713e+29,0.000000
8,3,4,1.007252e+29,0.000000
3,2,-19,1.0022926e+29,0.000000
3,-2,-24,1.0020949e+29,0.000000
7,2,23,9.9891418e+28,0.000000
8,3,2,9.9451282e+28,0.000000
6,1,25,9.9346729e+28,0.000000
7,7,49,9.9076077e+28,0.000000
10,-7,40,9.8936258e+28,0.000000
4,-4,-22,9.8861087e+28,0.000000
4,-3,-23,9.8484406e+28,0.000000
7,1,-10,9.8338916e+28,0.000000
10,-8,-1,9.7808663e+28,0.000000
7,-1,-6,9.734363e+28,0.000000
8,6,32,9.7265045e+28,0.000000
5,1,32,9.6340935e+28,0.000000
9,-4,5,9.6220469e+28,0.000000
8,3,11,9.59686e+28,0.000000
7,-1,-5,9.5800348e+28,0.000000
8,5,21,9.5279792e+28,0.000000
6,3,38,9.5002994e+28,0.000000
7,-1,19,9.4995009e+28,0.000000
10,-10,1,9.4807641e+28,0.000000
7,2,-1,9.4460245e+28,0.000000
3,0,-46,9.2879124e+28,0.000000
3,0,46,9.2879124e+28,0.000000
9,-5,-1,9.2663138e+28,0.000000
7,-4,46,9.2324784e+28,0.000000
5,-1,32,9.0635e+28,0.000000
9,-5,30,9.051787e+28,0.000000
4,-2,25,8.9239886e+28,0.000000
5,-4,-11,8.7522927e+28,0.000000
4,4,-12,8.7224168e+28,0.000000
5,-3,-17,8.7199139e+28,0.000000
8,-5,37,8.7050372e+28,0.000000
8,2,13,8.6693462e+28,0.000000
6,-4,-8,8.6303543e+28,0.000000
6,-4,-9,8.6027273e+28,0.000000
7,1,22,8.5846795e+28,0.000000
7,5,37,8.578617e+28,0.000000
7,7,50,8.5193279e+28,0.000000
8,4,22,8.510054e+28,0.000000
6,2,35,8.5055325e+28,0.000000
7,6,47,8.4700596e+28,0.000000
6,1,-18,8.4435573e+28,0.000000
9,-6,42,8.4408555e+28,0.000000
3,-1,55,8.3986514e+28,0.000000
7,7,54,8.3981116e+28,0.000000
5,-1,-27,8.3947989e+28,0.000000
6,-4,54,8.3921521e+28,0.000000
7,-3,24,8.377874e+28,0.000000
5,2,38,8.354713e+28,0.000000
6,5,54,8.2257352e+28,0.000000
3,1,47,8.2219014e+28,0.000000
5,3,-10,8.1932576e+28,0.000000
2,1,-36,8.1782039e+28,0.000000
5,3,43,8.1498879e+28,0.000000
7,7,51,8.1374084e+28,0.000000
4,3,-14,8.1201294e+28,0.000000
3,-1,-40,8.1091609e+28,0.000000
3,3,-20,8.096633e+28,0.000000
3,-3,-33,8.0516611e+28,0.000000
7,4,23,8.00837e+28,0.000000
2,2,-23,7.9999144e+28,0.000000
4,-4,-5,7.9618887e+28,0.000000
8,6,33,7.9504266e+28,0.000000
10,-7,41,7.9045168e+28,0.000000
8,5,-1,7.8721067e+28,0.000000
4,1,-31,7.8495658e+28,0.000000
6,-5,-5,7.8490624e+28,0.000000
3,-2,-25,7.797625e+28,0.000000
4,0,-41,7.7936247e+28,0.000000
4,0,41,7.7936247e+28,0.000000
2,-2,-40,7.7555015e+28,0.000000
4,-2,-2,7.7454388e+28,0.000000
6,-3,41,7.6866793e+28,0.000000
10,-9,2,7.6657486e+28,0.000000
7,-2,27,7.6420132e+28,0.000000
8,5,22,7.5827775e+28,0.000000
8,3,12,7.5784273e+28,0.000000
4,1,44,7.5193187e+28,0.000000
7,2,24,7.5123458e+28,0.000000
5,0,-33,7.5101243e+28,0.000000
5,0,33,7.5101243e+28,0.000000
10,-6,22,7.4999787e+28,0.000000
9,5,0,7.4701397e+28,0.000000
4,-1,-33,7.2701888e+28,0.000000
4,-1,49,7.1726408e+28,0.000000
7,-1,-7,7.1658562e+28,0.000000
9,-3,8,7.0333161e+28,0.000000
10,-4,6,7.0313088e+28,0.000000
5,-2,41,7.0236985e+28,0.000000
7,6,48,7.0145647e+28,0.000000
3,1,-36,7.0130205e+28,0.000000
9,5,-2,6.9994836e+28,0.000000
7,0,-6,6.9867654e+28,0.000000
7,0,6,6.9867654e+28,0.000000
6,2,-17,6.9667745e+28,0.000000
2,0,-50,6.9571128e+28,0.000000
2,0,50,6.9571128e+28,0.000000
8,-3,17,6.8872729e+28,0.000000
7,-4,47,6.8580659e+28,0.000000
9,-5,31,6.8448265e+28,0.000000
7,-3,25,6.8358783e+28,0.000000
4,2,-23,6.8129334e+28,0.000000
5,1,-29,6.7706473e+28,0.000000
7,-3,27,6.7604515e+28,0.000000
4,3,-4,6.7480275e+28,0.000000
8,3,3,6.7310945e+28,0.000000
6,-4,-10,6.7249232e+28,0.000000
8,3,-1,6.724284e+28,0.000000
6,-1,16,6.7235149e+28,0.000000
7,-3,26,6.7098012e+28,0.000000
2,-1,-44,6.6794009e+28,0.000000
6,-4,55,6.6722741e+28,0.000000
7,0,-7,6.6706984e+28,0.000000
7,0,7,6.6706984e+28,0.000000
6,3,39,6.6438373e+28,0.000000
7,-1,20,6.5894392e+28,0.000000
7,-3,28,6.5618423e+28,0.000000
3,2,53,6.550089e+28,0.000000
9,9,37,6.5383368e+28,0.000000
8,-2,13,6.4777703e+28,0.000000
6,4,33,6.466077e+28,0.000000
8,6,34,6.4475456e+28,0.000000
3,-2,-26,6.4381154e+28,0.000000
9,-8,-2,6.4202602e+28,0.000000
6,-2,-17,6.411755e+28,0.000000
10,9,47,6.3344309e+28,0.000000
8,-4,28,6.3318907e+28,0.000000
6,5,55,6.3106779e+28,0.000000
10,-7,42,6.2746195e+28,0.000000
6,-2,39,6.2343417e+28,0.000000
8,4,23,6.2240083e+28,0.000000
10,-5,7,6.1835028e+28,0.000000
5,-2,-17,6.1378752e+28,0.000000
7,7,52,6.1297478e+28,0.000000
2,1,40,6.0819457e+28,0.000000
7,-3,29,6.0632118e+28,0.000000
7,5,38,6.0290192e+28,0.000000
2,-2,-41,6.0190013e+28,0.000000
8,8,30,5.9915871e+28,0.000000
5,-3,53,5.9834003e+28,0.000000
7,0,-5,5.9784108e+28,0.000000
7,0,5,5.9784108e+28,0.000000
8,7,14,5.9630454e+28,0.000000
8,7,13,5.9459714e+28,0.000000
8,5,23,5.921596e+28,0.000000
4,-2,-8,5.8925575e+28,0.000000
5,-3,-18,5.8800428e+28,0.000000
8,7,15,5.8475968e+28,0.000000
6,1,-19,5.8375248e+28,0.000000
10,8,40,5.8354405e+28,0.000000
8,7,35,5.8230555e+28,0.000000
9,-6,43,5.8073473e+28,0.000000
7,6,49,5.774955e+28,0.000000
4,-3,-24,5.7496215e+28,0.000000
8,7,12,5.7324765e+28,0.000000
8,3,13,5.693318e+28,0.000000
3,0,-47,5.6832989e+28,0.000000
3,0,47,5.6832989e+28,0.000000
9,-9,-4,5.6827125e+28,0.000000
5,3,-11,5.6704572e+28,0.000000
7,0,-8,5.6569682e+28,0.000000
7,0,8,5.6569682e+28,0.000000
8,7,16,5.6499822e+28,0.000000
9,5,4,5.636538e+28,0.000000
7,1,23,5.6107817e+28,0.000000
4,2,42,5.602629e+28,0.000000
6,-1,0,5.5988455e+28,0.000000
5,-4,-12,5.5534415e+28,0.000000
7,2,25,5.547514e+28,0.000000
8,-7,-5,5.5329201e+28,0.000000
10,9,27,5.5077133e+28,0.000000
9,9,35,5.4819992e+28,0.000000
6,2,36,5.442441e+28,0.000000
8,8,38,5.4174496e+28,0.000000
5,2,-17,5.417361e+28,0.000000
8,7,17,5.4054915e+28,0.000000
4,1,45,5.3909437e+28,0.000000
9,5,5,5.3896982e+28,0.000000
3,1,48,5.3747246e+28,0.000000
9,5,1,5.3614038e+28,0.000000
10,10,27,5.3594841e+28,0.000000
7,-3,30,5.3536698e+28,0.000000
5,3,44,5.3161151e+28,0.000000
9,9,28,5.3144662e+28,0.000000
7,3,23,5.3056128e+28,0.000000
7,7,53,5.2779399e+28,0.000000
7,-2,28,5.2714919e+28,0.000000
3,-2,-27,5.2620044e+28,0.000000
8,7,11,5.2606414e+28,0.000000
7,0,-2,5.2457956e+28,0.000000
7,0,2,5.2457956e+28,0.000000
4,-2,26,5.2438612e+28,0.000000
8,6,35,5.1900132e+28,0.000000
8,8,29,5.1768885e+28,0.000000
6,-3,42,5.1722814e+28,0.000000
8,7,18,5.1379658e+28,0.000000
8,2,14,5.1035452e+28,0.000000
6,1,26,5.1033538e+28,0.000000
9,-5,32,5.0856057e+28,0.000000
8,7,40,5.08554e+28,0.000000
7,-4,48,5.0756244e+28,0.000000
5,0,-34,5.0209805e+28,0.000000
5,0,34,5.0209805e+28,0.000000
4,-1,50,4.998885e+28,0.000000
9,5,3,4.9811073e+28,0.000000
5,-1,-28,4.9655199e+28,0.000000
10,-8,-2,4.9548085e+28,0.000000
4,-4,-23,4.9531266e+28,0.000000
10,-7,43,4.9490793e+28,0.000000
9,9,29,4.9308515e+28,0.000000
9,8,51,4.8931866e+28,0.000000
8,7,19,4.8636926e+28,0.000000
9,5,6,4.8430628e+28,0.000000
10,-6,23,4.8376145e+28,0.000000
2,-2,-42,4.8148818e+28,0.000000
4,0,-42,4.8096065e+28,0.000000
4,0,42,4.8096065e+28,0.000000
9,-3,9,4.8030347e+28,0.000000
7,7,55,4.8017674e+28,0.000000
2,0,-51,4.8010269e+28,0.000000
2,0,51,4.8010269e+28,0.000000
10,10,30,4.7800054e+28,0.000000
7,6,50,4.7301451e+28,0.000000
8,-6,-5,4.7296801e+28,0.000000
6,-4,-11,4.6795007e+28,0.000000
9,-4,7,4.6554457e+28,0.000000
8,5,-3,4.6527177e+28,0.000000
5,2,39,4.6420801e+28,0.000000
8,-5,38,4.6361678e+28,0.000000
6,3,40,4.6253292e+28,0.000000
4,3,-15,4.6201716e+28,0.000000
6,0,-21,4.6101712e+28,0.000000
6,0,21,4.6101712e+28,0.000000
8,7,20,4.5940129e+28,0.000000
8,8,31,4.5933567e+28,0.000000
7,-3,31,4.5484651e+28,0.000000
8,5,24,4.5385359e+28,0.000000
2,1,-37,4.5152328e+28,0.000000
3,-3,-34,4.5124849e+28,0.000000
8,7,10,4.5091407e+28,0.000000
2,1,45,4.4658947e+28,0.000000
7,-1,21,4.4549113e+28,0.000000
7,-1,-8,4.4386293e+28,0.000000
8,4,24,4.4353074e+28,0.000000
5,3,-12,4.4307665e+28,0.000000
4,1,-32,4.4183875e+28,0.000000
7,0,-9,4.4147104e+28,0.000000
7,0,9,4.4147104e+28,0.000000
3,2,54,4.3995831e+28,0.000000
2,1,46,4.3669176e+28,0.000000
10,-10,0,4.3576621e+28,0.000000
9,-9,-5,4.3568364e+28,0.000000
6,-1,17,4.3438719e+28,0.000000
8,7,21,4.3367267e+28,0.000000
9,5,7,4.3301044e+28,0.000000
10,10,28,4.3191002e+28,0.000000
3,-1,-41,4.2792872e+28,0.000000
7,4,24,4.261578e+28,0.000000
7,1,-11,4.2466967e+28,0.000000
10,-5,5,4.2188771e+28,0.000000
7,5,39,4.2182557e+28,0.000000
10,-7,1,4.1830704e+28,0.000000
3,-2,-28,4.1716883e+28,0.000000
8,6,36,4.1495198e+28,0.000000
3,3,-21,4.1450409e+28,0.000000
4,-1,-34,4.1053754e+28,0.000000
6,-4,-7,4.0986612e+28,0.000000
8,7,22,4.0968246e+28,0.000000
2,1,44,4.0757992e+28,0.000000
8,3,14,4.0684104e+28,0.000000
7,2,26,4.0299887e+28,0.000000
8,-3,18,3.9640315e+28,0.000000
6,1,-20,3.96119e+28,0.000000
9,-6,44,3.9563324e+28,0.000000
2,-2,-43,3.9558657e+28,0.000000
2,1,47,3.9475572e+28,0.000000
5,1,-30,3.9357935e+28,0.000000
6,2,-18,3.9289434e+28,0.000000
8,8,15,3.9222706e+28,0.000000
7,6,51,3.9217911e+28,0.000000
9,5,2,3.9058704e+28,0.000000
4,4,-13,3.8943803e+28,0.000000
8,8,14,3.8818256e+28,0.000000
9,-4,4,3.8791952e+28,0.000000
10,-7,44,3.8790904e+28,0.000000
5,-3,-19,3.8771583e+28,0.000000
8,7,23,3.8769692e+28,0.000000
9,5,8,3.8686732e+28,0.000000
8,8,16,3.8659356e+28,0.000000
3,2,-20,3.8572253e+28,0.000000
2,-1,-45,3.8533205e+28,0.000000
4,1,46,3.8492754e+28,0.000000
6,-2,40,3.8211603e+28,0.000000
8,-4,29,3.8052302e+28,0.000000
5,1,33,3.8040534e+28,0.000000
8,8,32,3.7772412e+28,0.000000
9,-3,10,3.769756e+28,0.000000
8,8,17,3.7507004e+28,0.000000
7,-4,49,3.7451833e+28,0.000000
7,-3,32,3.7426998e+28,0.000000
9,-5,33,3.7166586e+28,0.000000
8,-2,14,3.7067132e+28,0.000000
8,8,13,3.7039258e+28,0.000000
3,1,-37,3.7012597e+28,0.000000
8,7,24,3.67793e+28,0.000000
8,8,45,3.6557833e+28,0.000000
6,-2,-18,3.6473576e+28,0.000000
8,8,18,3.6046296e+28,0.000000
7,1,24,3.6010183e+28,0.000000
7,-1,-4,3.596825e+28,0.000000
7,-2,29,3.5913341e+28,0.000000
7,-1,0,3.5810646e+28,0.000000
8,7,9,3.5556189e+28,0.000000
5,-1,33,3.5398168e+28,0.000000
5,-2,42,3.5078161e+28,0.000000
8,7,44,3.5018821e+28,0.000000
8,7,25,3.4990157e+28,0.000000
3,0,-48,3.4849957e+28,0.000000
3,0,48,3.4849957e+28,0.000000
3,1,49,3.4727668e+28,0.000000
6,-3,43,3.4703106e+28,0.000000
4,-1,51,3.4663381e+28,0.000000
6,2,37,3.4622506e+28,0.000000
5,3,45,3.4459075e+28,0.000000
8,8,19,3.4457548e+28,0.000000
5,-5,-9,3.4391349e+28,0.000000
5,3,-13,3.4159569e+28,0.000000
8,5,25,3.4141676e+28,0.000000
5,-4,-13,3.3989692e+28,0.000000
9,5,9,3.3911428e+28,0.000000
2,0,-52,3.387034e+28,0.000000
2,0,52,3.387034e+28,0.000000
2,1,48,3.3671376e+28,0.000000
8,8,12,3.3633625e+28,0.000000
4,-3,-25,3.3626217e+28,0.000000
5,0,-35,3.3446485e+28,0.000000
5,0,35,3.3446485e+28,0.000000
8,7,26,3.3384826e+28,0.000000
2,-2,-44,3.3197988e+28,0.000000
8,8,34,3.3141206e+28,0.000000
9,-3,0,3.313224e+28,0.000000
7,-1,-3,3.306242e+28,0.000000
8,-1,3,3.3044297e+28,0.000000
8,6,37,3.296808e+28,0.000000
8,8,20,3.2844715e+28,0.000000
9,-3,11,3.2605926e+28,0.000000
8,8,35,3.2555798e+28,0.000000
5,-3,54,3.2463441e+28,0.000000
7,0,-10,3.2274793e+28,0.000000
7,0,10,3.2274793e+28,0.000000
7,0,-4,3.2274269e+28,0.000000
7,0,4,3.2274269e+28,0.000000
6,3,41,3.2066734e+28,0.000000
3,-2,-29,3.2032792e+28,0.000000
8,7,27,3.1938933e+28,0.000000
10,9,33,3.1713625e+28,0.000000
8,7,39,3.1673169e+28,0.000000
10,10,33,3.159858e+28,0.000000
5,-2,-18,3.1590813e+28,0.000000
7,6,52,3.1479786e+28,0.000000
8,8,21,3.1261486e+28,0.000000
2,1,43,3.124321e+28,0.000000
3,2,55,3.1056139e+28,0.000000
7,3,24,3.1012045e+28,0.000000
8,4,25,3.0824034e+28,0.000000
10,-6,24,3.0807554e+28,0.000000
9,3,0,3.0668013e+28,0.000000
8,7,28,3.0624341e+28,0.000000
4,-2,27,3.0588019e+28,0.000000
6,6,-6,3.0503423e+28,0.000000
8,7,30,3.0471554e+28,0.000000
6,-4,-12,3.0468173e+28,0.000000
10,-7,45,3.0217255e+28,0.000000
10,-4,4,3.0124796e+28,0.000000
7,-3,33,2.9991151e+28,0.000000
6,4,34,2.9765448e+28,0.000000
8,8,22,2.9731006e+28,0.000000
4,0,-43,2.9554632e+28,0.000000
4,0,43,2.9554632e+28,0.000000
8,-3,-1,2.9554496e+28,0.000000
7,5,40,2.9479642e+28,0.000000
7,-1,22,2.9438604e+28,0.000000
8,7,29,2.94158e+28,0.000000
9,-3,12,2.9370005e+28,0.000000
5,-1,-29,2.927315e+28,0.000000
8,7,31,2.9266043e+28,0.000000
5,-2,-3,2.9233653e+28,0.000000
4,-2,-9,2.8942696e+28,0.000000
7,3,28,2.8918692e+28,0.000000
7,2,27,2.8843998e+28,0.000000
8,8,11,2.8797133e+28,0.000000
4,2,-24,2.8670172e+28,0.000000
9,5,10,2.8633266e+28,0.000000
8,-1,2,2.8477968e+28,0.000000
10,-6,0,2.8451178e+28,0.000000
7,3,27,2.8419572e+28,0.000000
9,9,32,2.8359142e+28,0.000000
2,-2,-45,2.8287756e+28,0.000000
8,8,23,2.8259009e+28,0.000000
2,2,-24,2.8208932e+28,0.000000
8,2,15,2.7888707e+28,0.000000
7,3,29,2.7887809e+28,0.000000
9,7,11,2.7885835e+28,0.000000
9,7,12,2.7753179e+28,0.000000
5,2,-18,2.7680533e+28,0.000000
8,3,15,2.7632733e+28,0.000000
7,-4,50,2.7569681e+28,0.000000
8,7,32,2.7550811e+28,0.000000
8,7,34,2.7495958e+28,0.000000
2,1,49,2.7436102e+28,0.000000
6,-1,18,2.7384656e+28,0.000000
4,1,47,2.7375089e+28,0.000000
8,8,24,2.6842632e+28,0.000000
9,7,10,2.682307e+28,0.000000
7,3,26,2.676538e+28,0.000000
9,7,13,2.6759327e+28,0.000000
9,-5,34,2.674247e+28,0.000000
9,-6,45,2.668679e+28,0.000000
6,1,-21,2.6445469e+28,0.000000
9,-3,13,2.6435974e+28,0.000000
4,3,-16,2.6379041e+28,0.000000
8,-5,39,2.6318863e+28,0.000000
8,7,33,2.6211791e+28,0.000000
8,7,8,2.6183566e+28,0.000000
9,-4,8,2.6067656e+28,0.000000
8,6,38,2.6049575e+28,0.000000
8,8,44,2.6012437e+28,0.000000
7,3,25,2.5913129e+28,0.000000
7,6,53,2.581416e+28,0.000000
7,3,30,2.5619853e+28,0.000000
7,7,-6,2.5490078e+28,0.000000
8,8,25,2.5476924e+28,0.000000
3,-3,-35,2.539814e+28,0.000000
7,4,25,2.5292604e+28,0.000000
5,3,-14,2.5286181e+28,0.000000
6,1,27,2.5273567e+28,0.000000
9,7,14,2.5221396e+28,0.000000
8,5,26,2.520552e+28,0.000000
5,2,40,2.5204983e+28,0.000000
5,-3,-20,2.5122833e+28,0.000000
2,1,-38,2.4985612e+28,0.000000
4,-4,-24,2.4920751e+28,0.000000
10,9,31,2.4888545e+28,0.000000
4,1,-33,2.4787659e+28,0.000000
4,2,43,2.4581785e+28,0.000000
10,-7,0,2.4516933e+28,0.000000
9,7,9,2.4362067e+28,0.000000
7,-1,-9,2.4342453e+28,0.000000
2,-2,-46,2.4342172e+28,0.000000
2,0,-53,2.4264476e+28,0.000000
2,0,53,2.4264476e+28,0.000000
7,-2,-1,2.4200635e+28,0.000000
8,8,37,2.418669e+28,0.000000
7,-2,30,2.4186643e+28,0.000000
8,8,26,2.416061e+28,0.000000
9,9,41,2.3937024e+28,0.000000
3,-2,-30,2.3914725e+28,0.000000
4,-1,52,2.3899929e+28,0.000000
8,8,48,2.3887602e+28,0.000000
9,3,3,2.3758146e+28,0.000000
8,8,47,2.3757828e+28,0.000000
8,8,28,2.3662037e+28,0.000000
8,7,36,2.3642566e+28,0.000000
9,9,39,2.3610072e+28,0.000000
9,9,48,2.3592521e+28,0.000000
7,-3,34,2.3508112e+28,0.000000
8,8,10,2.3449071e+28,0.000000
9,7,15,2.3397387e+28,0.000000
10,-7,46,2.3396805e+28,0.000000
5,-1,-1,2.3259182e+28,0.000000
9,-3,14,2.3256182e+28,0.000000
6,-2,41,2.3254351e+28,0.000000
6,-3,44,2.3219668e+28,0.000000
5,-5,-10,2.3153095e+28,0.000000
4,-1,-35,2.3066524e+28,0.000000
9,5,11,2.3018861e+28,0.000000
8,8,27,2.2908493e+28,0.000000
8,8,42,2.2879665e+28,0.000000
5,1,-31,2.280796e+28,0.000000
6,-4,-6,2.2730638e+28,0.000000
7,1,25,2.2727652e+28,0.000000
7,3,31,2.2597804e+28,0.000000
3,-1,-42,2.2559158e+28,0.000000
9,3,4,2.2555462e+28,0.000000
2,-1,-46,2.2480553e+28,0.000000
10,10,40,2.2364358e+28,0.000000
7,0,-11,2.2315992e+28,0.000000
7,0,11,2.2315992e+28,0.000000
3,1,50,2.2251586e+28,0.000000
8,-4,30,2.2246051e+28,0.000000
5,0,-36,2.2208245e+28,0.000000
5,0,36,2.2208245e+28,0.000000
8,-3,19,2.2180272e+28,0.000000
5,3,46,2.2171142e+28,0.000000
6,3,42,2.2145312e+28,0.000000
10,10,34,2.2066441e+28,0.000000
10,-4,7,2.2038467e+28,0.000000
6,2,38,2.1895129e+28,0.000000
6,2,-19,2.1847289e+28,0.000000
7,4,30,2.1755795e+28,0.000000
7,4,31,2.1704972e+28,0.000000
9,-7,-5,2.1570998e+28,0.000000
2,1,50,2.1518472e+28,0.000000
3,0,-49,2.1488701e+28,0.000000
3,0,49,2.1488701e+28,0.000000
9,7,16,2.1485063e+28,0.000000
5,-5,-8,2.1429223e+28,0.000000
3,3,-22,2.1324093e+28,0.000000
10,-5,8,2.1210866e+28,0.000000
8,8,52,2.117582e+28,0.000000
8,7,37,2.1160446e+28,0.000000
2,-2,-47,2.1062325e+28,0.000000
7,4,29,2.0936263e+28,0.000000
9,-4,3,2.0918855e+28,0.000000
8,4,26,2.0899986e+28,0.000000
8,7,5,2.0842936e+28,0.000000
10,10,32,2.0841821e+28,0.000000
7,4,32,2.0836524e+28,0.000000
9,7,8,2.074262e+28,0.000000
7,6,54,2.0733919e+28,0.000000
7,5,41,2.0568187e+28,0.000000
8,6,39,2.0542702e+28,0.000000
6,-2,-19,2.0466121e+28,0.000000
8,8,6,2.040011e+28,0.000000
10,10,37,2.0397047e+28,0.000000
7,2,28,2.0365641e+28,0.000000
8,7,38,2.0355946e+28,0.000000
5,-4,-14,2.027083e+28,0.000000
7,-4,51,2.0259683e+28,0.000000
8,7,4,2.024588e+28,0.000000
8,7,7,2.0036197e+28,0.000000
6,1,-2,1.9908413e+28,0.000000
8,-2,15,1.9907596e+28,0.000000
8,8,5,1.9884743e+28,0.000000
9,-6,-3,1.9865931e+28,0.000000
10,-6,25,1.9854937e+28,0.000000
9,-3,15,1.9798333e+28,0.000000
4,-3,-26,1.9702806e+28,0.000000
9,7,17,1.9628551e+28,0.000000
7,4,28,1.9499939e+28,0.000000
3,1,-38,1.9483784e+28,0.000000
4,1,48,1.9389219e+28,0.000000
7,4,33,1.9338852e+28,0.000000
7,3,32,1.9273484e+28,0.000000
8,8,9,1.9183551e+28,0.000000
7,4,26,1.9083682e+28,0.000000
7,-1,23,1.9058858e+28,0.000000
2,1,42,1.9053902e+28,0.000000
6,-4,-13,1.9019775e+28,0.000000
10,10,41,1.9009473e+28,0.000000
10,9,30,1.8989795e+28,0.000000
9,-6,-2,1.8971365e+28,0.000000
9,-5,35,1.8959654e+28,0.000000
8,7,6,1.8947547e+28,0.000000
8,-1,4,1.8918604e+28,0.000000
10,-9,1,1.8728455e+28,0.000000
8,8,7,1.8652165e+28,0.000000
4,-2,-3,1.8612504e+28,0.000000
9,-8,-3,1.8557717e+28,0.000000
9,9,40,1.8310046e+28,0.000000
10,10,54,1.8291327e+28,0.000000
7,4,27,1.8277666e+28,0.000000
2,-2,-48,1.826622e+28,0.000000
8,5,27,1.8256033e+28,0.000000
8,8,2,1.8247684e+28,0.000000
10,10,35,1.8231453e+28,0.000000
10,10,48,1.8157933e+28,0.000000
7,-3,35,1.8088963e+28,0.000000
4,0,-44,1.8088906e+28,0.000000
4,0,44,1.8088906e+28,0.000000
8,8,-5,1.8025343e+28,0.000000
10,-7,47,1.8009263e+28,0.000000
5,3,-15,1.799751e+28,0.000000
9,7,4,1.7970282e+28,0.000000
9,-3,1,1.7968583e+28,0.000000
9,9,36,1.7939829e+28,0.000000
6,2,-2,1.7930797e+28,0.000000
9,7,18,1.7923929e+28,0.000000
9,-6,46,1.7823452e+28,0.000000
4,4,-14,1.7816871e+28,0.000000
8,3,16,1.7814138e+28,0.000000
4,-2,28,1.7720476e+28,0.000000
10,-6,-1,1.7704747e+28,0.000000
9,8,33,1.7703673e+28,0.000000
8,7,41,1.7650662e+28,0.000000
8,8,8,1.7539249e+28,0.000000
9,5,12,1.7520691e+28,0.000000
2,0,-54,1.7519564e+28,0.000000
2,0,54,1.7519564e+28,0.000000
6,0,-22,1.7510735e+28,0.000000
6,0,22,1.7510735e+28,0.000000
8,-5,40,1.7480161e+28,0.000000
5,-3,55,1.7474404e+28,0.000000
3,-2,-31,1.7439635e+28,0.000000
7,4,34,1.7436029e+28,0.000000
9,3,5,1.7431264e+28,0.000000
6,1,-22,1.7406468e+28,0.000000
5,-1,-30,1.7202999e+28,0.000000
8,8,4,1.7185276e+28,0.000000
9,7,3,1.718112e+28,0.000000
8,8,-1,1.7154099e+28,0.000000
10,10,49,1.706775e+28,0.000000
9,7,7,1.7013919e+28,0.000000
2,1,41,1.695937e+28,0.000000
10,10,39,1.6950466e+28,0.000000
9,5,-1,1.6940897e+28,0.000000
8,8,1,1.6925131e+28,0.000000
6,-1,19,1.685235e+28,0.000000
7,6,55,1.6723405e+28,0.000000
5,-2,43,1.6718249e+28,0.000000
7,1,-12,1.6607216e+28,0.000000
8,8,43,1.6549654e+28,0.000000
9,-4,9,1.6436935e+28,0.000000
9,7,19,1.6424483e+28,0.000000
9,8,41,1.6388696e+28,0.000000
4,-1,53,1.6373311e+28,0.000000
10,-5,4,1.635575e+28,0.000000
2,1,51,1.632244e+28,0.000000
8,8,3,1.6295983e+28,0.000000
9,-3,16,1.6249728e+28,0.000000
7,-2,31,1.6114675e+28,0.000000
5,-3,-21,1.6057851e+28,0.000000
8,6,40,1.6014126e+28,0.000000
7,3,33,1.5987078e+28,0.000000
5,-2,-19,1.5912277e+28,0.000000
2,-2,-49,1.5842796e+28,0.000000
10,9,43,1.5838329e+28,0.000000
9,7,5,1.5805135e+28,0.000000
6,3,-3,1.5805019e+28,0.000000
9,7,0,1.5756486e+28,0.000000
9,-9,-6,1.5565518e+28,0.000000
6,-3,45,1.5494163e+28,0.000000
7,4,35,1.5334902e+28,0.000000
6,3,43,1.5237998e+28,0.000000
9,7,20,1.5147362e+28,0.000000
4,3,-17,1.5086175e+28,0.000000
9,7,6,1.4958964e+28,0.000000
8,7,3,1.4883835e+28,0.000000
7,-4,52,1.4870618e+28,0.000000
3,2,-21,1.4745382e+28,0.000000
8,-1,1,1.4745207e+28,0.000000
5,0,-37,1.47033e+28,0.000000
5,0,37,1.47033e+28,0.000000
7,0,-12,1.4665578e+28,0.000000
7,0,12,1.4665578e+28,0.000000
8,7,42,1.4534896e+28,0.000000
3,-3,-36,1.4357273e+28,0.000000
7,5,42,1.4333653e+28,0.000000
8,-5,41,1.424922e+28,0.000000
3,1,51,1.42436e+28,0.000000
10,9,42,1.4240951e+28,0.000000
7,2,29,1.4199653e+28,0.000000
4,-2,-10,1.4165271e+28,0.000000
10,9,38,1.416371e+28,0.000000
9,3,2,1.4151097e+28,0.000000
5,3,47,1.4137605e+28,0.000000
7,1,26,1.4121012e+28,0.000000
8,2,16,1.4084127e+28,0.000000
9,7,21,1.4081869e+28,0.000000
6,-2,42,1.4034702e+28,0.000000
5,1,34,1.3971549e+28,0.000000
2,1,-39,1.3860565e+28,0.000000
4,1,-34,1.3850581e+28,0.000000
8,4,-3,1.3846617e+28,0.000000
5,2,-19,1.3835655e+28,0.000000
8,4,27,1.3824815e+28,0.000000
10,-7,48,1.3782849e+28,0.000000
6,2,39,1.3760305e+28,0.000000
8,8,46,1.3742912e+28,0.000000
2,-2,-50,1.3722451e+28,0.000000
7,-3,36,1.370391e+28,0.000000
4,1,49,1.3673935e+28,0.000000
8,8,0,1.3586793e+28,0.000000
8,8,-3,1.358129e+28,0.000000
10,-10,-1,1.3528232e+28,0.000000
10,-6,26,1.3500898e+28,0.000000
8,-5,42,1.3464251e+28,0.000000
8,-5,43,1.3455666e+28,0.000000
8,7,1,1.3454232e+28,0.000000
8,-5,44,1.3432788e+28,0.000000
3,0,-50,1.3392443e+28,0.000000
3,0,50,1.3392443e+28,0.000000
2,-1,-47,1.3324929e+28,0.000000
8,7,43,1.3305858e+28,0.000000
5,2,41,1.3298095e+28,0.000000
9,-5,36,1.3253148e+28,0.000000
7,4,36,1.3201762e+28,0.000000
9,7,22,1.3198536e+28,0.000000
8,6,41,1.319272e+28,0.000000
5,1,-32,1.3175735e+28,0.000000
8,7,46,1.3144368e+28,0.000000
8,-5,45,1.3095981e+28,0.000000
8,8,-2,1.3061993e+28,0.000000
6,4,35,1.3060406e+28,0.000000
8,5,28,1.2964853e+28,0.000000
7,3,34,1.2956632e+28,0.000000
8,8,50,1.2933717e+28,0.000000
4,-1,-36,1.2881804e+28,0.000000
9,7,2,1.2878316e+28,0.000000
5,-1,34,1.2848344e+28,0.000000
9,-3,17,1.2845906e+28,0.000000
10,10,47,1.2832666e+28,0.000000
2,0,-55,1.2652791e+28,0.000000
2,0,55,1.2652791e+28,0.000000
9,6,9,1.2645889e+28,0.000000
9,9,46,1.2632713e+28,0.000000
8,-4,31,1.2632505e+28,0.000000
9,5,13,1.2613412e+28,0.000000
9,7,1,1.2591519e+28,0.000000
4,-4,-25,1.2587584e+28,0.000000
8,-3,20,1.2517057e+28,0.000000
3,-2,-32,1.247411e+28,0.000000
9,7,23,1.2457794e+28,0.000000
5,-5,-11,1.2456546e+28,0.000000
8,-5,46,1.2399389e+28,0.000000
5,3,-16,1.2393134e+28,0.000000
9,6,10,1.2263603e+28,0.000000
9,6,8,1.224324e+28,0.000000
10,10,42,1.2205275e+28,0.000000
9,9,44,1.2136285e+28,0.000000
7,-1,24,1.2111476e+28,0.000000
8,8,-4,1.2090406e+28,0.000000
6,1,28,1.2051285e+28,0.000000
2,1,52,1.2010723e+28,0.000000
7,-1,-10,1.2010383e+28,0.000000
6,2,-20,1.198512e+28,0.000000
9,3,6,1.1984535e+28,0.000000
3,-1,-43,1.1902044e+28,0.000000
5,-4,-15,1.1860048e+28,0.000000
2,-2,-51,1.1859951e+28,0.000000
9,7,24,1.1817312e+28,0.000000
9,-6,47,1.1788456e+28,0.000000
9,7,-4,1.1750408e+28,0.000000
10,10,38,1.1667703e+28,0.000000
4,2,-25,1.16611e+28,0.000000
4,-3,-27,1.1566728e+28,0.000000
6,-4,-14,1.15392e+28,0.000000
8,7,0,1.1481185e+28,0.000000
9,7,-2,1.1478733e+28,0.000000
9,6,11,1.1460534e+28,0.000000
8,-5,47,1.1411722e+28,0.000000
6,-2,-20,1.1342023e+28,0.000000
6,1,-23,1.1316072e+28,0.000000
10,-5,9,1.1259313e+28,0.000000
9,7,25,1.123752e+28,0.000000
9,-4,10,1.1192351e+28,0.000000
7,4,37,1.1156861e+28,0.000000
4,-1,54,1.1136896e+28,0.000000
8,7,2,1.1134945e+28,0.000000
8,8,49,1.1052378e+28,0.000000
4,0,-45,1.1037277e+28,0.000000
4,0,45,1.1037277e+28,0.000000
3,3,-23,1.1019564e+28,0.000000
7,-4,53,1.0908285e+28,0.000000
8,3,17,1.088501e+28,0.000000
8,7,45,1.0771128e+28,0.000000
9,6,7,1.0747122e+28,0.000000
9,7,26,1.0685216e+28,0.000000
8,8,53,1.0660814e+28,0.000000
7,-2,32,1.0628138e+28,0.000000
10,-4,8,1.0556088e+28,0.000000
4,2,44,1.0546093e+28,0.000000
9,6,12,1.0511144e+28,0.000000
10,-7,49,1.0489538e+28,0.000000
8,7,54,1.0486331e+28,0.000000
6,3,44,1.0448889e+28,0.000000
6,-3,46,1.0310599e+28,0.000000
7,3,35,1.0297303e+28,0.000000
7,-3,37,1.0245847e+28,0.000000
8,-5,48,1.0239029e+28,0.000000
3,1,-39,1.0228937e+28,0.000000
2,-2,-52,1.0223066e+28,0.000000
4,-2,29,1.019887e+28,0.000000
5,-3,-22,1.015392e+28,0.000000
10,-6,27,1.0138237e+28,0.000000
9,7,27,1.013544e+28,0.000000
6,-1,20,1.012503e+28,0.000000
5,-1,-31,1.0078247e+28,0.000000
8,-2,16,9.9991526e+27,0.000000
8,7,-2,9.9924016e+27,0.000000
7,5,43,9.9799531e+27,0.000000
10,10,50,9.9641197e+27,0.000000
10,-9,0,9.8566686e+27,0.000000
8,8,55,9.8422218e+27,0.000000
7,2,30,9.7849177e+27,0.000000
9,-3,18,9.7820271e+27,0.000000
4,4,-5,9.7340301e+27,0.000000
7,3,-7,9.7261915e+27,0.000000
5,0,-38,9.7083019e+27,0.000000
5,0,38,9.7083019e+27,0.000000
2,2,-25,9.6743338e+27,0.000000
8,6,42,9.6548614e+27,0.000000
4,1,50,9.5982707e+27,0.000000
8,-1,5,9.5905641e+27,0.000000
9,6,13,9.5807383e+27,0.000000
9,7,28,9.5719376e+27,0.000000
10,-8,-3,9.5027044e+27,0.000000
7,4,38,9.2775521e+27,0.000000
3,1,52,9.2402919e+27,0.000000
7,0,-13,9.1780752e+27,0.000000
7,0,13,9.1780752e+27,0.000000
9,-5,37,9.1389064e+27,0.000000
9,-4,2,9.0814056e+27,0.000000
9,7,-3,9.0670071e+27,0.000000
8,8,54,9.0552866e+27,0.000000
8,5,29,9.0199558e+27,0.000000
9,7,29,8.9867865e+27,0.000000
8,-5,49,8.9853812e+27,0.000000
9,7,-1,8.9220892e+27,0.000000
8,4,28,8.9163441e+27,0.000000
5,3,48,8.916212e+27,0.000000
2,-2,-53,8.787098e+27,0.000000
3,-2,-33,8.7811367e+27,0.000000
9,6,14,8.7495627e+27,0.000000
10,9,37,8.7244932e+27,0.000000
10,-10,-2,8.7085213e+27,0.000000
8,7,47,8.668109e+27,0.000000
10,10,53,8.6470969e+27,0.000000
7,1,27,8.6428059e+27,0.000000
4,3,-18,8.6306245e+27,0.000000
9,5,14,8.6241448e+27,0.000000
2,1,53,8.5936159e+27,0.000000
8,6,44,8.5908971e+27,0.000000
6,2,40,8.5895078e+27,0.000000
10,-6,28,8.5551122e+27,0.000000
8,7,48,8.5446602e+27,0.000000
6,0,-23,8.5241771e+27,0.000000
6,0,23,8.5241771e+27,0.000000
3,0,-51,8.496227e+27,0.000000
3,0,51,8.496227e+27,0.000000
10,10,46,8.4910814e+27,0.000000
9,7,30,8.4831348e+27,0.000000
7,6,-5,8.4057639e+27,0.000000
6,-2,43,8.3866937e+27,0.000000
6,4,-8,8.3735955e+27,0.000000
4,4,-15,8.305571e+27,0.000000
5,3,-17,8.3039027e+27,0.000000
7,3,-6,8.277932e+27,0.000000
9,6,6,8.2548371e+27,0.000000
3,-3,-37,8.1529964e+27,0.000000
9,-4,11,8.1127059e+27,0.000000
2,-1,-48,8.0845711e+27,0.000000
10,10,43,8.0759224e+27,0.000000
7,3,36,8.0491453e+27,0.000000
9,5,-3,8.0470641e+27,0.000000
9,6,15,8.0417031e+27,0.000000
7,-4,54,8.0006936e+27,0.000000
10,-7,50,7.9400796e+27,0.000000
10,-6,29,7.8988053e+27,0.000000
9,7,31,7.8464659e+27,0.000000
5,-2,-20,7.8300812e+27,0.000000
8,-5,50,7.7357616e+27,0.000000
9,-6,48,7.7250228e+27,0.000000
2,1,-40,7.7109984e+27,0.000000
4,1,-35,7.7017918e+27,0.000000
8,-3,21,7.6905992e+27,0.000000
9,9,54,7.6714981e+27,0.000000
10,-6,30,7.6184187e+27,0.000000
7,4,39,7.6060408e+27,0.000000
5,1,-33,7.5859713e+27,0.000000
7,-3,38,7.5751252e+27,0.000000
7,-1,25,7.5659141e+27,0.000000
9,3,7,7.5410488e+27,0.000000
2,-2,-54,7.5312374e+27,0.000000
5,-2,44,7.5188318e+27,0.000000
4,-1,55,7.5160259e+27,0.000000
8,6,43,7.4542412e+27,0.000000
9,6,16,7.4481512e+27,0.000000
10,-6,31,7.3963505e+27,0.000000
8,1,3,7.3953131e+27,0.000000
9,9,49,7.3366316e+27,0.000000
9,-5,-3,7.2953315e+27,0.000000
6,1,-24,7.2777106e+27,0.000000
10,9,35,7.2456278e+27,0.000000
8,7,-4,7.2422079e+27,0.000000
10,-8,-4,7.2162665e+27,0.000000
9,8,30,7.2131745e+27,0.000000
10,-5,10,7.1842471e+27,0.000000
9,-3,19,7.1783415e+27,0.000000
9,7,32,7.1754399e+27,0.000000
9,9,45,7.1738767e+27,0.000000
4,-1,-37,7.1416654e+27,0.000000
6,3,45,7.1408893e+27,0.000000
10,-6,32,7.0803486e+27,0.000000
9,8,38,7.0576887e+27,0.000000
8,-4,32,6.9588133e+27,0.000000
7,5,44,6.9450412e+27,0.000000
9,6,17,6.9434784e+27,0.000000
7,-2,33,6.9420538e+27,0.000000
4,-2,-11,6.9115206e+27,0.000000
8,7,49,6.8997597e+27,0.000000
6,-4,-15,6.8608031e+27,0.000000
9,-8,-4,6.8593718e+27,0.000000
7,3,-8,6.8527751e+27,0.000000
6,-3,47,6.8411418e+27,0.000000
5,-4,-16,6.840119e+27,0.000000
8,7,51,6.8366461e+27,0.000000
10,9,28,6.8197953e+27,0.000000
4,-3,-28,6.8033891e+27,0.000000
9,4,2,6.7979233e+27,0.000000
5,2,42,6.7655597e+27,0.000000
5,2,-20,6.7486699e+27,0.000000
4,0,-46,6.7272167e+27,0.000000
4,0,46,6.7272167e+27,0.000000
4,1,51,6.7025289e+27,0.000000
9,-1,2,6.6905065e+27,0.000000
7,2,31,6.6685105e+27,0.000000
6,4,-7,6.6624404e+27,0.000000
9,7,35,6.6361069e+27,0.000000
10,-6,33,6.6242234e+27,0.000000
8,1,4,6.6126897e+27,0.000000
8,2,17,6.5955675e+27,0.000000
6,0,-24,6.5532908e+27,0.000000
6,0,24,6.5532908e+27,0.000000
8,-5,51,6.55123e+27,0.000000
10,8,36,6.5372017e+27,0.000000
10,10,45,6.5229278e+27,0.000000
9,7,33,6.5204281e+27,0.000000
9,6,18,6.4973564e+27,0.000000
6,2,-21,6.4894438e+27,0.000000
6,0,-25,6.4385839e+27,0.000000
6,0,25,6.4385839e+27,0.000000
2,-2,-55,6.4369202e+27,0.000000
7,0,-3,6.431418e+27,0.000000
7,0,3,6.431418e+27,0.000000
5,0,-39,6.3936406e+27,0.000000
5,0,39,6.3936406e+27,0.000000
6,0,-26,6.3810324e+27,0.000000
6,0,26,6.3810324e+27,0.000000
4,-4,-26,6.3808864e+27,0.000000
5,-3,-23,6.366458e+27,0.000000
10,9,29,6.3485512e+27,0.000000
5,-5,-12,6.3131751e+27,0.000000
8,3,18,6.3080974e+27,0.000000
10,10,44,6.3034673e+27,0.000000
3,-1,-44,6.3032753e+27,0.000000
3,1,53,6.2217023e+27,0.000000
9,-5,38,6.2192782e+27,0.000000
6,-2,-21,6.2131446e+27,0.000000
7,3,37,6.2033136e+27,0.000000
9,-4,12,6.1788453e+27,0.000000
10,-4,9,6.1686148e+27,0.000000
7,4,40,6.1603048e+27,0.000000
8,5,30,6.1404058e+27,0.000000
9,4,3,6.1103781e+27,0.000000
9,3,1,6.1055027e+27,0.000000
6,4,-9,6.1008934e+27,0.000000
3,-2,-34,6.0998224e+27,0.000000
8,7,50,6.0829531e+27,0.000000
9,6,19,6.0819269e+27,0.000000
7,1,-13,6.0754561e+27,0.000000
6,5,-5,6.0507342e+27,0.000000
10,-6,34,6.0417828e+27,0.000000
5,-3,-4,5.9993741e+27,0.000000
2,1,54,5.995856e+27,0.000000
3,2,-22,5.9949028e+27,0.000000
9,7,34,5.9836141e+27,0.000000
10,-7,51,5.9790129e+27,0.000000
6,0,-27,5.9610927e+27,0.000000
6,0,27,5.9610927e+27,0.000000
6,-1,21,5.9378631e+27,0.000000
6,3,-5,5.9356868e+27,0.000000
5,-1,-32,5.8853179e+27,0.000000
7,-4,55,5.8698255e+27,0.000000
9,8,29,5.8635916e+27,0.000000
4,-2,30,5.8319991e+27,0.000000
6,-1,-3,5.8270254e+27,0.000000
9,6,2,5.7999533e+27,0.000000
3,3,-24,5.7192424e+27,0.000000
9,6,5,5.6856253e+27,0.000000
9,6,20,5.6758013e+27,0.000000
9,5,15,5.6756598e+27,0.000000
8,7,-1,5.6481925e+27,0.000000
8,-3,22,5.6188301e+27,0.000000
8,4,29,5.6012028e+27,0.000000
6,4,36,5.5937879e+27,0.000000
6,1,29,5.5756076e+27,0.000000
7,-3,39,5.5475511e+27,0.000000
5,3,49,5.5470834e+27,0.000000
3,0,-52,5.534422e+27,0.000000
3,0,52,5.534422e+27,0.000000
8,-5,52,5.4702883e+27,0.000000
7,0,-14,5.4681777e+27,0.000000
7,0,14,5.4681777e+27,0.000000
5,3,-18,5.4388404e+27,0.000000
9,6,3,5.4357877e+27,0.000000
10,-6,35,5.3742115e+27,0.000000
3,1,-40,5.3566164e+27,0.000000
7,-1,-11,5.3242061e+27,0.000000
6,2,41,5.3212526e+27,0.000000
9,6,21,5.2654794e+27,0.000000
6,0,-28,5.2370944e+27,0.000000
6,0,28,5.2370944e+27,0.000000
9,8,31,5.233649e+27,0.000000
5,1,35,5.2198427e+27,0.000000
7,1,28,5.2128404e+27,0.000000
9,9,50,5.175055e+27,0.000000
4,2,45,5.1060794e+27,0.000000
2,-1,-49,5.0797773e+27,0.000000
9,-3,20,5.0783536e+27,0.000000
10,10,51,5.0340342e+27,0.000000
9,-6,49,5.0204631e+27,0.000000
10,-5,3,5.0103129e+27,0.000000
8,-1,6,4.9817503e+27,0.000000
6,-2,44,4.9514556e+27,0.000000
8,-8,-7,4.9505044e+27,0.000000
4,3,-19,4.9347347e+27,0.000000
8,-3,23,4.9328733e+27,0.000000
7,4,41,4.9324544e+27,0.000000
9,9,51,4.8981187e+27,0.000000
8,7,55,4.8942116e+27,0.000000
10,-5,11,4.8819957e+27,0.000000
4,2,50,4.878983e+27,0.000000
10,-4,3,4.8778021e+27,0.000000
9,-4,13,4.8738466e+27,0.000000
6,3,46,4.8638039e+27,0.000000
4,2,51,4.8628606e+27,0.000000
9,6,22,4.8449969e+27,0.000000
7,5,45,4.8324884e+27,0.000000
8,-3,24,4.8046274e+27,0.000000
8,-3,25,4.786601e+27,0.000000
6,-1,-4,4.7429264e+27,0.000000
8,-2,17,4.7393948e+27,0.000000
5,-1,35,4.7336977e+27,0.000000
9,8,45,4.7327908e+27,0.000000
7,3,38,4.7230574e+27,0.000000
9,7,36,4.7095832e+27,0.000000
8,-3,26,4.6778296e+27,0.000000
10,-6,36,4.6694071e+27,0.000000
4,1,52,4.6532898e+27,0.000000
3,-3,-38,4.6529179e+27,0.000000
7,-1,26,4.651323e+27,0.000000
4,2,49,4.6502188e+27,0.000000
4,2,52,4.6450313e+27,0.000000
6,1,-25,4.6366138e+27,0.000000
9,3,8,4.6001847e+27,0.000000
9,6,4,4.5828666e+27,0.000000
4,2,-26,4.5354775e+27,0.000000
6,-3,48,4.5243952e+27,0.000000
8,7,52,4.5189076e+27,0.000000
8,-5,53,4.5128794e+27,0.000000
7,2,32,4.497016e+27,0.000000
7,-2,34,4.4922772e+27,0.000000
10,-6,-2,4.4888919e+27,0.000000
9,9,53,4.4861827e+27,0.000000
3,1,54,4.4855193e+27,0.000000
10,-7,52,4.479877e+27,0.000000
8,6,-5,4.4581969e+27,0.000000
8,-3,27,4.4218023e+27,0.000000
9,6,23,4.4145501e+27,0.000000
8,6,45,4.4046896e+27,0.000000
6,4,-6,4.389547e+27,0.000000
6,0,-29,4.3727657e+27,0.000000
6,0,29,4.3727657e+27,0.000000
9,9,52,4.3571567e+27,0.000000
5,1,-34,4.3516114e+27,0.000000
8,1,5,4.3427498e+27,0.000000
2,1,-41,4.304419e+27,0.000000
4,2,53,4.2861139e+27,0.000000
9,4,4,4.2779657e+27,0.000000
4,1,-36,4.2575088e+27,0.000000
5,0,-40,4.1998729e+27,0.000000
5,0,40,4.1998729e+27,0.000000
4,2,48,4.1951166e+27,0.000000
3,-2,-35,4.1898871e+27,0.000000
10,-7,-1,4.1844424e+27,0.000000
9,-5,39,4.1784516e+27,0.000000
9,8,32,4.111518e+27,0.000000
4,0,-47,4.1110257e+27,0.000000
4,0,47,4.1110257e+27,0.000000
7,3,-9,4.1101074e+27,0.000000
9,7,37,4.1037773e+27,0.000000
2,1,55,4.1015858e+27,0.000000
8,5,31,4.0837714e+27,0.000000
8,7,53,4.071391e+27,0.000000
8,-3,28,4.0355397e+27,0.000000
7,-3,40,4.0300497e+27,0.000000
6,-4,-16,4.0196263e+27,0.000000
4,-3,-29,4.0091607e+27,0.000000
9,6,24,3.9786971e+27,0.000000
10,-6,37,3.9704186e+27,0.000000
5,-3,-24,3.9650966e+27,0.000000
4,4,-16,3.9270854e+27,0.000000
9,-4,14,3.9267338e+27,0.000000
4,-1,-38,3.9249868e+27,0.000000
7,4,42,3.9086256e+27,0.000000
10,-4,10,3.9078421e+27,0.000000
5,-4,-17,3.9021789e+27,0.000000
6,4,-10,3.8440503e+27,0.000000
4,2,54,3.8439622e+27,0.000000
9,7,40,3.8361676e+27,0.000000
10,-9,-1,3.8218741e+27,0.000000
5,4,-6,3.7853475e+27,0.000000
5,-2,-21,3.7539784e+27,0.000000
9,6,-1,3.7491285e+27,0.000000
3,0,-53,3.7349241e+27,0.000000
3,0,53,3.7349241e+27,0.000000
5,4,-7,3.7285014e+27,0.000000
8,-4,33,3.719826e+27,0.000000
9,5,16,3.7111543e+27,0.000000
8,-5,54,3.6850548e+27,0.000000
4,2,47,3.6833727e+27,0.000000
10,9,32,3.6768489e+27,0.000000
9,4,-1,3.6728048e+27,0.000000
4,2,46,3.6079204e+27,0.000000
9,7,38,3.602232e+27,0.000000
10,10,52,3.590741e+27,0.000000
9,3,-1,3.5883004e+27,0.000000
9,8,34,3.5830234e+27,0.000000
9,7,39,3.5727269e+27,0.000000
8,-3,29,3.564848e+27,0.000000
9,8,35,3.5612154e+27,0.000000
7,3,39,3.5586913e+27,0.000000
3,1,55,3.5545921e+27,0.000000
9,6,25,3.5445498e+27,0.000000
8,6,46,3.5084519e+27,0.000000
6,0,-30,3.5068974e+27,0.000000
6,0,30,3.5068974e+27,0.000000
8,3,19,3.4992144e+27,0.000000
5,3,-19,3.4948213e+27,0.000000
6,2,-22,3.4692016e+27,0.000000
9,-3,21,3.4641987e+27,0.000000
9,3,14,3.4517992e+27,0.000000
9,3,13,3.4404631e+27,0.000000
5,-1,-33,3.4249465e+27,0.000000
8,4,30,3.4222967e+27,0.000000
10,-5,12,3.4168846e+27,0.000000
6,-1,22,3.3969692e+27,0.000000
5,3,50,3.3932389e+27,0.000000
3,-1,-45,3.3678319e+27,0.000000
6,-2,-22,3.3659365e+27,0.000000
4,2,55,3.3659165e+27,0.000000
7,5,46,3.3632183e+27,0.000000
4,-2,-12,3.3604266e+27,0.000000
2,-1,-50,3.3598838e+27,0.000000
10,-7,53,3.3407583e+27,0.000000
2,2,-26,3.3314823e+27,0.000000
4,-2,31,3.3128911e+27,0.000000
10,-6,38,3.3102797e+27,0.000000
6,3,47,3.3013462e+27,0.000000
9,6,1,3.2939705e+27,0.000000
5,2,43,3.286779e+27,0.000000
6,2,42,3.267838e+27,0.000000
4,-4,-27,3.2451061e+27,0.000000
9,-6,50,3.2415448e+27,0.000000
9,3,15,3.2382755e+27,0.000000
10,9,48,3.2291326e+27,0.000000
9,4,1,3.2266256e+27,0.000000
4,1,53,3.2095964e+27,0.000000
9,3,12,3.2088513e+27,0.000000
10,9,41,3.2079513e+27,0.000000
5,2,-21,3.2026791e+27,0.000000
9,-4,15,3.1925687e+27,0.000000
5,-5,-13,3.1895753e+27,0.000000
5,-2,45,3.186305e+27,0.000000
5,1,40,3.1853224e+27,0.000000
10,10,55,3.1770783e+27,0.000000
5,1,39,3.1573762e+27,0.000000
9,4,5,3.151851e+27,0.000000
7,-5,-5,3.1504395e+27,0.000000
10,9,39,3.1389215e+27,0.000000
9,6,26,3.1202068e+27,0.000000
9,3,9,3.1162521e+27,0.000000
7,1,29,3.0983298e+27,0.000000
7,0,-15,3.0946548e+27,0.000000
7,0,15,3.0946548e+27,0.000000
7,4,43,3.0714176e+27,0.000000
8,-3,30,3.059132e+27,0.000000
9,8,44,3.026528e+27,0.000000
5,1,41,3.0129676e+27,0.000000
8,8,-6,3.0124878e+27,0.000000
7,2,33,3.0020857e+27,0.000000
8,2,18,2.9942436e+27,0.000000
8,-5,55,2.9833161e+27,0.000000
3,3,-25,2.9811272e+27,0.000000
6,-3,49,2.9809554e+27,0.000000
9,8,48,2.9525005e+27,0.000000
6,1,-26,2.9296623e+27,0.000000
3,2,-23,2.9253781e+27,0.000000
7,-3,41,2.9077743e+27,0.000000
5,1,38,2.9041865e+27,0.000000
7,-2,35,2.8806945e+27,0.000000
6,-2,45,2.8801205e+27,0.000000
9,3,11,2.8738168e+27,0.000000
9,8,47,2.8613572e+27,0.000000
9,3,16,2.8576806e+27,0.000000
3,-2,-36,2.8502717e+27,0.000000
8,-1,7,2.8398761e+27,0.000000
9,-8,-5,2.8347452e+27,0.000000
4,3,-20,2.8185625e+27,0.000000
7,-1,27,2.8162776e+27,0.000000
5,3,-4,2.8157997e+27,0.000000
3,1,-41,2.79951e+27,0.000000
9,8,52,2.7946436e+27,0.000000
5,1,36,2.7787607e+27,0.000000
9,-5,40,2.7724992e+27,0.000000
5,-1,40,2.7611329e+27,0.000000
5,-1,39,2.7583896e+27,0.000000
5,0,-41,2.7515101e+27,0.000000
5,0,41,2.7515101e+27,0.000000
6,0,-31,2.7245066e+27,0.000000
6,0,31,2.7245066e+27,0.000000
9,6,27,2.7135408e+27,0.000000
5,1,42,2.7115032e+27,0.000000
10,-6,39,2.7108732e+27,0.000000
8,1,2,2.7069224e+27,0.000000
9,3,10,2.7036926e+27,0.000000
10,-10,-3,2.7001653e+27,0.000000
8,7,-3,2.6856953e+27,0.000000
3,-3,-39,2.6705946e+27,0.000000
7,3,40,2.6574495e+27,0.000000
8,5,32,2.6481162e+27,0.000000
3,0,-54,2.6294395e+27,0.000000
3,0,54,2.6294395e+27,0.000000
5,4,-8,2.6170003e+27,0.000000
9,4,6,2.5991547e+27,0.000000
9,-4,16,2.5937856e+27,0.000000
6,1,30,2.5910923e+27,0.000000
5,-1,41,2.5907924e+27,0.000000
7,2,-8,2.5880528e+27,0.000000
6,4,37,2.5791418e+27,0.000000
8,6,47,2.5766709e+27,0.000000
5,1,37,2.5739037e+27,0.000000
7,1,-14,2.5694148e+27,0.000000
8,-3,31,2.5594338e+27,0.000000
9,5,17,2.557811e+27,0.000000
5,-1,38,2.555793e+27,0.000000
7,-7,-7,2.5496273e+27,0.000000
10,-4,11,2.5367504e+27,0.000000
4,0,-48,2.5348447e+27,0.000000
4,0,48,2.5348447e+27,0.000000
8,1,6,2.5246062e+27,0.000000
6,3,-6,2.4924606e+27,0.000000
5,1,-35,2.4858633e+27,0.000000
5,-1,36,2.4840397e+27,0.000000
10,-7,54,2.4802522e+27,0.000000
5,-3,-25,2.4565033e+27,0.000000
10,-5,13,2.4523218e+27,0.000000
10,9,40,2.4332371e+27,0.000000
9,8,42,2.4263035e+27,0.000000
7,2,-9,2.4212326e+27,0.000000
2,1,-42,2.4128065e+27,0.000000
9,8,37,2.3958926e+27,0.000000
7,4,44,2.394708e+27,0.000000
9,3,17,2.3881265e+27,0.000000
2,-1,-51,2.3834148e+27,0.000000
4,-3,-30,2.3667848e+27,0.000000
5,1,43,2.3489797e+27,0.000000
9,7,41,2.346983e+27,0.000000
10,9,36,2.3468508e+27,0.000000
7,5,47,2.3402478e+27,0.000000
4,1,-37,2.3368108e+27,0.000000
9,6,28,2.3313659e+27,0.000000
6,-4,-17,2.3295011e+27,0.000000
7,2,-7,2.3268727e+27,0.000000
5,-1,42,2.3127324e+27,0.000000
6,4,-11,2.2959055e+27,0.000000
7,3,-10,2.2843621e+27,0.000000
5,-1,37,2.280499e+27,0.000000
9,-3,22,2.2781398e+27,0.000000
9,4,7,2.2607676e+27,0.000000
6,2,-3,2.2571584e+27,0.000000
8,-2,18,2.240607e+27,0.000000
6,3,48,2.2324428e+27,0.000000
5,3,-20,2.2095856e+27,0.000000
5,-4,-18,2.2076679e+27,0.000000
4,1,54,2.1978268e+27,0.000000
10,-4,2,2.1905658e+27,0.000000
10,-6,40,2.183968e+27,0.000000
6,-1,-5,2.1721356e+27,0.000000
4,-1,-39,2.1351388e+27,0.000000
8,-1,12,2.1330663e+27,0.000000
9,6,-3,2.1203743e+27,0.000000
7,-1,-12,2.1029102e+27,0.000000
9,8,16,2.0990609e+27,0.000000
9,7,44,2.0957094e+27,0.000000
8,-3,32,2.0945002e+27,0.000000
9,-4,17,2.0898833e+27,0.000000
8,-1,13,2.0883138e+27,0.000000
7,-3,42,2.0860716e+27,0.000000
9,-6,51,2.085438e+27,0.000000
10,8,51,2.0851221e+27,0.000000
9,8,17,2.077013e+27,0.000000
10,-6,-3,2.0689132e+27,0.000000
9,8,15,2.0672141e+27,0.000000
6,0,-32,2.0638559e+27,0.000000
6,0,32,2.0638559e+27,0.000000
8,-1,11,2.0617712e+27,0.000000
9,6,0,2.0571478e+27,0.000000
7,2,-10,2.045147e+27,0.000000
5,3,51,2.0330812e+27,0.000000
8,1,1,2.0308359e+27,0.000000
8,4,31,2.0303746e+27,0.000000
7,1,-17,2.0232826e+27,0.000000
9,8,18,2.0202259e+27,0.000000
9,4,8,2.0124418e+27,0.000000
9,5,18,1.994836e+27,0.000000
8,-1,8,1.9898333e+27,0.000000
5,-1,43,1.9873864e+27,0.000000
6,2,43,1.9861771e+27,0.000000
5,-1,-34,1.9855343e+27,0.000000
7,2,34,1.984527e+27,0.000000
9,6,29,1.9789527e+27,0.000000
7,1,-18,1.9789045e+27,0.000000
5,1,44,1.9756223e+27,0.000000
7,3,41,1.9692667e+27,0.000000
8,6,48,1.9674955e+27,0.000000
9,8,14,1.9601689e+27,0.000000
5,5,-7,1.9599664e+27,0.000000
9,5,23,1.9554292e+27,0.000000
6,-3,50,1.955184e+27,0.000000
9,5,22,1.9492699e+27,0.000000
10,-8,-5,1.9442716e+27,0.000000
9,8,19,1.9432785e+27,0.000000
9,7,42,1.9424481e+27,0.000000
8,-4,34,1.9397152e+27,0.000000
3,0,-55,1.935962e+27,0.000000
3,0,55,1.935962e+27,0.000000
8,-1,14,1.935903e+27,0.000000
8,3,20,1.9231159e+27,0.000000
3,-2,-37,1.9225642e+27,0.000000
8,-1,10,1.9143683e+27,0.000000
7,1,-16,1.9040154e+27,0.000000
9,3,18,1.9009125e+27,0.000000
9,5,24,1.8953315e+27,0.000000
6,-1,23,1.8935458e+27,0.000000
9,5,21,1.8886685e+27,0.000000
4,4,-17,1.8764366e+27,0.000000
4,-2,32,1.868719e+27,0.000000
9,8,20,1.8562548e+27,0.000000
7,4,45,1.8541177e+27,0.000000
9,4,9,1.8497879e+27,0.000000
3,2,-24,1.840709e+27,0.000000
2,-1,-52,1.8393941e+27,0.000000
6,1,-27,1.837663e+27,0.000000
10,-7,55,1.8338888e+27,0.000000
3,-1,-46,1.8316707e+27,0.000000
6,2,-23,1.8312653e+27,0.000000
7,1,-15,1.8312002e+27,0.000000
7,-2,36,1.8307909e+27,0.000000
9,4,13,1.8265954e+27,0.000000
9,-5,41,1.8175497e+27,0.000000
9,5,20,1.8142211e+27,0.000000
7,1,30,1.8141468e+27,0.000000
9,4,14,1.8119087e+27,0.000000
8,-1,9,1.8113917e+27,0.000000
10,-5,14,1.8065679e+27,0.000000
9,5,19,1.8065497e+27,0.000000
9,4,12,1.8038002e+27,0.000000
6,-2,-23,1.8034855e+27,0.000000
5,0,-42,1.797524e+27,0.000000
5,0,42,1.797524e+27,0.000000
7,1,-19,1.779881e+27,0.000000
9,4,10,1.7768476e+27,0.000000
9,5,25,1.7750988e+27,0.000000
9,4,11,1.7739421e+27,0.000000
9,8,21,1.765779e+27,0.000000
9,8,13,1.7611927e+27,0.000000
5,-2,-22,1.74687e+27,0.000000
9,4,15,1.7442766e+27,0.000000
10,-6,41,1.733286e+27,0.000000
10,-4,1,1.7274658e+27,0.000000
8,-1,15,1.7073514e+27,0.000000
9,9,18,1.7007749e+27,0.000000
10,9,46,1.7001471e+27,0.000000
9,9,19,1.6882003e+27,0.000000
8,-3,33,1.6811723e+27,0.000000
7,-1,28,1.6801548e+27,0.000000
9,8,22,1.6760973e+27,0.000000
9,9,17,1.6741959e+27,0.000000
8,5,33,1.6703515e+27,0.000000
4,2,-27,1.6609527e+27,0.000000
9,-4,18,1.660522e+27,0.000000
9,6,30,1.659833e+27,0.000000
5,-1,44,1.6581535e+27,0.000000
7,0,-16,1.6571136e+27,0.000000
7,0,16,1.6571136e+27,0.000000
4,-4,-28,1.6551711e+27,0.000000
6,-2,-2,1.6543668e+27,0.000000
9,9,20,1.6489605e+27,0.000000
10,-4,12,1.6477069e+27,0.000000
6,-2,46,1.6446078e+27,0.000000
9,7,43,1.6420627e+27,0.000000
5,-5,-14,1.6420475e+27,0.000000
5,4,-9,1.6305562e+27,0.000000
7,5,48,1.6296043e+27,0.000000
4,-2,-13,1.6269456e+27,0.000000
10,9,44,1.6244542e+27,0.000000
5,1,45,1.6230183e+27,0.000000
9,4,16,1.6229377e+27,0.000000
7,2,-11,1.6127092e+27,0.000000
9,5,26,1.6099697e+27,0.000000
4,3,-21,1.6078931e+27,0.000000
9,9,16,1.5949405e+27,0.000000
9,9,21,1.593049e+27,0.000000
4,0,-49,1.5924342e+27,0.000000
4,0,49,1.5924342e+27,0.000000
9,8,23,1.5898731e+27,0.000000
3,3,-26,1.5606673e+27,0.000000
8,2,19,1.5531615e+27,0.000000
6,4,38,1.552983e+27,0.000000
2,-1,-53,1.5473871e+27,0.000000
3,-3,-40,1.5434303e+27,0.000000
9,8,28,1.5387726e+27,0.000000
9,-4,1,1.5357054e+27,0.000000
6,0,-33,1.5319727e+27,0.000000
6,0,33,1.5319727e+27,0.000000
9,9,22,1.5280882e+27,0.000000
5,-3,-26,1.515547e+27,0.000000
5,2,44,1.5092119e+27,0.000000
9,8,24,1.5086901e+27,0.000000
6,3,49,1.5032951e+27,0.000000
8,6,49,1.4981707e+27,0.000000
9,8,43,1.4955978e+27,0.000000
7,1,-20,1.4954913e+27,0.000000
4,1,55,1.4931889e+27,0.000000
7,-3,43,1.4894793e+27,0.000000
5,2,-22,1.4730172e+27,0.000000
9,8,12,1.4697228e+27,0.000000
3,1,-42,1.4617198e+27,0.000000
9,9,23,1.4602021e+27,0.000000
7,2,-6,1.4593948e+27,0.000000
9,4,17,1.4579959e+27,0.000000
10,-7,-2,1.4550886e+27,0.000000
9,9,15,1.4524479e+27,0.000000
7,3,42,1.4497787e+27,0.000000
9,3,19,1.4477958e+27,0.000000
9,-3,23,1.4432951e+27,0.000000
8,-1,16,1.4400147e+27,0.000000
9,8,25,1.4334e+27,0.000000
8,1,7,1.430847e+27,0.000000
10,8,33,1.4292699e+27,0.000000
7,4,46,1.4268089e+27,0.000000
10,-10,-4,1.4241729e+27,0.000000
9,5,27,1.417985e+27,0.000000
5,1,-36,1.4132776e+27,0.000000
2,-1,-54,1.4014728e+27,0.000000
4,-3,-31,1.3995534e+27,0.000000
9,9,24,1.3954779e+27,0.000000
3,2,-25,1.3825931e+27,0.000000
5,3,-21,1.3779564e+27,0.000000
9,6,31,1.3763337e+27,0.000000
10,-5,15,1.368104e+27,0.000000
9,8,50,1.3666534e+27,0.000000
9,8,26,1.3645396e+27,0.000000
9,9,26,1.3641631e+27,0.000000
2,1,-43,1.3595117e+27,0.000000
8,2,23,1.35825e+27,0.000000
10,6,6,1.3574755e+27,0.000000
10,-6,42,1.3567377e+27,0.000000
5,-1,45,1.3514575e+27,0.000000
5,-2,46,1.3476776e+27,0.000000
6,4,41,1.3446101e+27,0.000000
9,9,25,1.3443649e+27,0.000000
9,-6,52,1.3429738e+27,0.000000
6,4,-12,1.3401265e+27,0.000000
6,-4,-18,1.3390691e+27,0.000000
2,-1,-55,1.3387126e+27,0.000000
8,1,13,1.3379154e+27,0.000000
8,2,24,1.3319725e+27,0.000000
6,4,40,1.3298443e+27,0.000000
8,-3,34,1.3266584e+27,0.000000
6,1,31,1.3249188e+27,0.000000
6,4,39,1.3118472e+27,0.000000
5,1,46,1.3080309e+27,0.000000
9,8,27,1.3039574e+27,0.000000
8,2,-1,1.303279e+27,0.000000
8,1,12,1.3026745e+27,0.000000
6,4,42,1.2993788e+27,0.000000
7,2,35,1.29932e+27,0.000000
8,2,22,1.2988911e+27,0.000000
9,-4,19,1.295636e+27,0.000000
9,-3,-1,1.2906574e+27,0.000000
3,-2,-38,1.2869655e+27,0.000000
8,1,14,1.2838862e+27,0.000000
9,-1,6,1.2821116e+27,0.000000
10,6,5,1.281189e+27,0.000000
6,-3,51,1.2752834e+27,0.000000
10,6,7,1.2741787e+27,0.000000
4,1,-38,1.271685e+27,0.000000
2,2,-27,1.2667452e+27,0.000000
9,4,18,1.2653503e+27,0.000000
10,6,1,1.2593235e+27,0.000000
9,9,14,1.2458907e+27,0.000000
5,-4,-19,1.2410325e+27,0.000000
8,-2,19,1.2365912e+27,0.000000
8,2,25,1.2317455e+27,0.000000
9,8,46,1.2305885e+27,0.000000
6,4,43,1.2196284e+27,0.000000
9,5,28,1.2160485e+27,0.000000
8,7,-5,1.2138931e+27,0.000000
9,7,-5,1.2119129e+27,0.000000
7,3,-11,1.2104669e+27,0.000000
7,2,-12,1.2087103e+27,0.000000
7,3,-5,1.195918e+27,0.000000
6,2,44,1.1922424e+27,0.000000
9,8,53,1.1910117e+27,0.000000
7,1,-21,1.1909898e+27,0.000000
8,2,21,1.1887835e+27,0.000000
5,3,52,1.1882651e+27,0.000000
8,1,11,1.178616e+27,0.000000
9,-5,42,1.1778819e+27,0.000000
5,0,-43,1.1706462e+27,0.000000
5,0,43,1.1706462e+27,0.000000
9,8,55,1.1706078e+27,0.000000
8,4,32,1.1681213e+27,0.000000
10,6,2,1.1679084e+27,0.000000
8,-1,17,1.1669251e+27,0.000000
8,2,20,1.1647464e+27,0.000000
8,1,15,1.1613799e+27,0.000000
7,-2,37,1.1532033e+27,0.000000
9,-1,7,1.1497689e+27,0.000000
9,7,45,1.1487171e+27,0.000000
4,-1,-40,1.1478953e+27,0.000000
5,-1,-35,1.1460857e+27,0.000000
6,1,-28,1.14522e+27,0.000000
8,3,21,1.1419811e+27,0.000000
7,5,49,1.1407673e+27,0.000000
9,-1,5,1.1395165e+27,0.000000
8,6,50,1.1382479e+27,0.000000
9,6,32,1.1272285e+27,0.000000
6,0,-34,1.1185566e+27,0.000000
6,0,34,1.1185566e+27,0.000000
10,6,8,1.1183352e+27,0.000000
9,8,11,1.114735e+27,0.000000
7,5,-5,1.106075e+27,0.000000
6,4,44,1.1052498e+27,0.000000
3,2,-26,1.1009665e+27,0.000000
9,4,0,1.0949914e+27,0.000000
7,4,47,1.0921359e+27,0.000000
8,2,-5,1.0920827e+27,0.000000
8,2,26,1.0845611e+27,0.000000
5,-1,46,1.0806847e+27,0.000000
10,-5,16,1.0668445e+27,0.000000
10,-4,13,1.0641202e+27,0.000000
5,-2,53,1.0629438e+27,0.000000
9,4,19,1.0621041e+27,0.000000
7,3,43,1.0614347e+27,0.000000
7,-3,44,1.0593622e+27,0.000000
9,7,46,1.0589042e+27,0.000000
9,3,20,1.058626e+27,0.000000
10,6,4,1.0553382e+27,0.000000
5,-2,52,1.0498108e+27,0.000000
10,-6,43,1.0485214e+27,0.000000
4,-2,33,1.0459724e+27,0.000000
7,1,31,1.0456718e+27,0.000000
10,9,54,1.0455908e+27,0.000000
5,1,47,1.0373192e+27,0.000000
5,-2,54,1.0359011e+27,0.000000
4,0,-50,1.0327108e+27,0.000000
4,0,50,1.0327108e+27,0.000000
8,-3,35,1.0312948e+27,0.000000
3,-1,-47,1.030596e+27,0.000000
6,-1,24,1.0265823e+27,0.000000
8,5,34,1.0223376e+27,0.000000
9,5,29,1.0178709e+27,0.000000
10,8,41,1.0166832e+27,0.000000
9,-6,-4,1.0101323e+27,0.000000
8,-5,-4,1.00963e+27,0.000000
6,3,50,1.0073503e+27,0.000000
8,1,10,1.0049491e+27,0.000000
8,-4,35,1.004394e+27,0.000000
9,8,49,1.004183e+27,0.000000
8,1,16,9.9844878e+26,0.000000
9,8,54,9.929391e+26,0.000000
9,9,13,9.9205343e+26,0.000000
9,-4,20,9.8965018e+26,0.000000
7,-1,29,9.8772552e+26,0.000000
5,-2,51,9.8742465e+26,0.000000
10,9,49,9.850292e+26,0.000000
10,8,14,9.8249555e+26,0.000000
5,-2,55,9.7976362e+26,0.000000
6,4,45,9.7434669e+26,0.000000
10,8,13,9.7179378e+26,0.000000
6,3,-7,9.715575e+26,0.000000
7,2,-4,9.6765014e+26,0.000000
5,4,-10,9.6694694e+26,0.000000
9,-9,-7,9.6486788e+26,0.000000
10,8,15,9.6256629e+26,0.000000
10,6,9,9.6200673e+26,0.000000
8,-2,23,9.5842445e+26,0.000000
8,-2,22,9.5816004e+26,0.000000
6,-2,-24,9.5543632e+26,0.000000
6,2,-24,9.5432816e+26,0.000000
8,1,8,9.4977599e+26,0.000000
10,9,45,9.4741889e+26,0.000000
8,-2,20,9.4457823e+26,0.000000
5,-3,-27,9.319477e+26,0.000000
10,6,3,9.2939855e+26,0.000000
8,-2,21,9.2444103e+26,0.000000
10,8,16,9.2365998e+26,0.000000
10,8,12,9.1790302e+26,0.000000
6,-2,47,9.1782237e+26,0.000000
8,2,27,9.172138e+26,0.000000
4,3,-22,9.1618757e+26,0.000000
9,6,33,9.1296086e+26,0.000000
8,-1,18,9.1219019e+26,0.000000
7,1,-22,9.0915847e+26,0.000000
8,-2,24,9.0616256e+26,0.000000
4,4,-18,9.0341265e+26,0.000000
3,-3,-41,8.9979016e+26,0.000000
9,-1,8,8.9524921e+26,0.000000
9,-1,3,8.9266538e+26,0.000000
10,6,-1,8.8906292e+26,0.000000
6,-1,-11,8.8188537e+26,0.000000
9,-3,24,8.7972027e+26,0.000000
8,1,9,8.7626069e+26,0.000000
8,6,51,8.7623116e+26,0.000000
5,-2,50,8.7499669e+26,0.000000
8,-4,-3,8.7457581e+26,0.000000
10,8,17,8.7451961e+26,0.000000
9,-6,53,8.7147098e+26,0.000000
3,2,-27,8.7137761e+26,0.000000
7,2,-13,8.7008528e+26,0.000000
5,-5,-15,8.6807412e+26,0.000000
9,4,20,8.6332013e+26,0.000000
6,-1,-10,8.6288837e+26,0.000000
8,3,26,8.6221154e+26,0.000000
10,-5,17,8.5721238e+26,0.000000
8,3,27,8.5588012e+26,0.000000
3,-2,-39,8.5551894e+26,0.000000
5,-1,47,8.5044038e+26,0.000000
5,3,-22,8.4942177e+26,0.000000
6,1,32,8.4766266e+26,0.000000
4,-4,-29,8.4641112e+26,0.000000
7,2,36,8.4265703e+26,0.000000
6,4,46,8.4196834e+26,0.000000
10,6,10,8.3714154e+26,0.000000
7,0,-17,8.3534504e+26,0.000000
7,0,17,8.3534504e+26,0.000000
8,2,-6,8.3501772e+26,0.000000
8,3,25,8.3460343e+26,0.000000
9,5,30,8.3326999e+26,0.000000
7,4,48,8.3220975e+26,0.000000
4,-3,-32,8.2885708e+26,0.000000
8,3,22,8.2855952e+26,0.000000
6,-3,52,8.2605734e+26,0.000000
10,8,30,8.2285106e+26,0.000000
8,1,17,8.2136293e+26,0.000000
10,8,18,8.2098169e+26,0.000000
3,3,-27,8.2065766e+26,0.000000
6,-1,-12,8.1889602e+26,0.000000
6,-1,-6,8.1805669e+26,0.000000
8,3,28,8.1645745e+26,0.000000
10,8,11,8.1292464e+26,0.000000
8,-2,25,8.1194282e+26,0.000000
5,1,48,8.1119712e+26,0.000000
6,0,-35,8.0570529e+26,0.000000
6,0,35,8.0570529e+26,0.000000
10,-6,44,8.0077683e+26,0.000000
5,1,-37,7.9905146e+26,0.000000
9,7,47,7.9136876e+26,0.000000
8,-3,36,7.9106833e+26,0.000000
7,5,50,7.9097184e+26,0.000000
8,3,24,7.8658287e+26,0.000000
5,-2,-23,7.8510933e+26,0.000000
4,-2,-14,7.8375222e+26,0.000000
10,6,-2,7.8157322e+26,0.000000
6,4,-13,7.7351451e+26,0.000000
7,3,44,7.7351381e+26,0.000000
2,1,-44,7.7109556e+26,0.000000
10,8,19,7.666903e+26,0.000000
6,-4,-19,7.6505162e+26,0.000000
3,1,-43,7.638809e+26,0.000000
9,8,10,7.6071281e+26,0.000000
5,-5,-6,7.6061446e+26,0.000000
5,0,-44,7.5973416e+26,0.000000
5,0,44,7.5973416e+26,0.000000
8,3,23,7.5755166e+26,0.000000
10,-9,-2,7.5563073e+26,0.000000
9,-5,43,7.5525608e+26,0.000000
7,-1,-13,7.5371812e+26,0.000000
10,8,29,7.5280824e+26,0.000000
8,3,29,7.5146861e+26,0.000000
7,-3,45,7.510672e+26,0.000000
8,2,28,7.5025534e+26,0.000000
10,6,11,7.4675785e+26,0.000000
10,4,1,7.4541449e+26,0.000000
9,3,21,7.4477969e+26,0.000000
6,-1,-9,7.4338111e+26,0.000000
9,-4,21,7.3825729e+26,0.000000
5,-2,49,7.3291138e+26,0.000000
9,6,34,7.3107288e+26,0.000000
9,9,12,7.2969503e+26,0.000000
10,6,-3,7.2802589e+26,0.000000
10,-5,2,7.272551e+26,0.000000
7,-2,-9,7.2290093e+26,0.000000
7,-2,38,7.1989498e+26,0.000000
5,-2,47,7.1954643e+26,0.000000
6,4,47,7.1727984e+26,0.000000
10,8,20,7.138355e+26,0.000000
6,1,-29,7.095101e+26,0.000000
10,-5,18,7.0847949e+26,0.000000
6,-1,-13,7.0741069e+26,0.000000
6,2,45,7.0484943e+26,0.000000
9,6,-2,7.0320628e+26,0.000000
10,-3,4,7.0160359e+26,0.000000
4,0,-51,7.0155677e+26,0.000000
4,0,51,7.0155677e+26,0.000000
6,1,33,6.9527811e+26,0.000000
8,-2,26,6.9475928e+26,0.000000
5,-4,-20,6.9420425e+26,0.000000
8,-1,19,6.9017948e+26,0.000000
10,-4,14,6.8863489e+26,0.000000
10,9,50,6.8752515e+26,0.000000
4,1,-39,6.8508882e+26,0.000000
10,6,12,6.8029894e+26,0.000000
9,4,21,6.8028818e+26,0.000000
9,7,48,6.7640437e+26,0.000000
7,-2,-8,6.7576459e+26,0.000000
5,3,53,6.7550711e+26,0.000000
7,-2,-10,6.7155053e+26,0.000000
3,2,-28,6.7135829e+26,0.000000
6,3,51,6.710584e+26,0.000000
7,1,-23,6.7087999e+26,0.000000
8,3,30,6.7039933e+26,0.000000
9,5,31,6.6830487e+26,0.000000
10,8,21,6.6369376e+26,0.000000
10,8,10,6.6295636e+26,0.000000
5,-1,48,6.6002151e+26,0.000000
5,-1,-36,6.5826797e+26,0.000000
8,6,52,6.5685934e+26,0.000000
5,2,45,6.5536981e+26,0.000000
5,2,-23,6.534833e+26,0.000000
8,4,33,6.5204085e+26,0.000000
10,9,51,6.5159845e+26,0.000000
6,1,34,6.5145459e+26,0.000000
8,1,18,6.5012599e+26,0.000000
10,8,31,6.4998613e+26,0.000000
9,-1,4,6.4324729e+26,0.000000
7,4,49,6.3156586e+26,0.000000
5,-2,48,6.2778635e+26,0.000000
5,1,49,6.2642646e+26,0.000000
6,1,35,6.2589404e+26,0.000000
9,-1,9,6.2484933e+26,0.000000
10,6,13,6.2437252e+26,0.000000
7,3,-12,6.1758453e+26,0.000000
10,8,22,6.1697093e+26,0.000000
3,-1,-48,6.1669265e+26,0.000000
2,2,-28,6.1593517e+26,0.000000
8,5,-4,6.1543949e+26,0.000000
4,-1,-41,6.0918748e+26,0.000000
8,5,35,6.0604321e+26,0.000000
7,2,-14,6.0545362e+26,0.000000
6,4,48,6.0545144e+26,0.000000
10,-6,45,6.0486362e+26,0.000000
8,-3,37,5.9962163e+26,0.000000
10,-5,19,5.9955609e+26,0.000000
10,8,38,5.9830118e+26,0.000000
10,9,53,5.9749468e+26,0.000000
8,2,29,5.9681334e+26,0.000000
7,1,32,5.9265351e+26,0.000000
6,1,36,5.8847695e+26,0.000000
10,6,0,5.8268501e+26,0.000000
8,3,31,5.8212257e+26,0.000000
4,-2,34,5.803253e+26,0.000000
7,-3,-7,5.7973304e+26,0.000000
9,6,35,5.7886085e+26,0.000000
6,-1,-14,5.7779458e+26,0.000000
10,9,52,5.7727529e+26,0.000000
9,-6,54,5.7488339e+26,0.000000
10,8,23,5.7401006e+26,0.000000
6,0,-36,5.7386242e+26,0.000000
6,0,36,5.7386242e+26,0.000000
7,-1,30,5.7203876e+26,0.000000
8,-2,27,5.7201308e+26,0.000000
5,-3,-28,5.7157753e+26,0.000000
10,6,14,5.6852771e+26,0.000000
7,-2,-11,5.6712014e+26,0.000000
3,-2,-40,5.6505792e+26,0.000000
7,3,45,5.6152486e+26,0.000000
4,2,-28,5.6069637e+26,0.000000
5,4,-11,5.604872e+26,0.000000
6,-1,-8,5.5864085e+26,0.000000
10,-9,-3,5.5530266e+26,0.000000
7,5,51,5.5141551e+26,0.000000
10,8,32,5.480005e+26,0.000000
7,2,37,5.4134428e+26,0.000000
7,-3,-8,5.405596e+26,0.000000
6,-1,25,5.3993065e+26,0.000000
10,4,-1,5.3979235e+26,0.000000
8,-4,36,5.3915602e+26,0.000000
9,7,49,5.3800471e+26,0.000000
9,-4,22,5.3683634e+26,0.000000
6,1,37,5.35103e+26,0.000000
10,8,24,5.3491952e+26,0.000000
7,-3,46,5.3113876e+26,0.000000
3,-3,-42,5.3061833e+26,0.000000
6,-3,53,5.3040778e+26,0.000000
9,5,32,5.2586857e+26,0.000000
4,3,-23,5.2157718e+26,0.000000
9,4,22,5.2005731e+26,0.000000
5,3,-23,5.1855317e+26,0.000000
10,-5,20,5.1602561e+26,0.000000
9,-3,25,5.1482475e+26,0.000000
9,9,11,5.1337853e+26,0.000000
9,4,-2,5.1196359e+26,0.000000
10,6,15,5.073226e+26,0.000000
6,4,49,5.0691185e+26,0.000000
8,-1,20,5.0689101e+26,0.000000
5,-1,49,5.0588672e+26,0.000000
4,0,-52,5.0513869e+26,0.000000
4,0,52,5.0513869e+26,0.000000
9,3,22,5.0473092e+26,0.000000
8,6,53,5.0371728e+26,0.000000
3,2,-29,5.0218464e+26,0.000000
6,-2,-25,5.000822e+26,0.000000
10,8,25,4.9965588e+26,0.000000
7,-2,-7,4.9920578e+26,0.000000
6,-2,48,4.9807483e+26,0.000000
8,1,19,4.9733464e+26,0.000000
10,8,9,4.9713282e+26,0.000000
8,3,32,4.9373679e+26,0.000000
9,8,9,4.924704e+26,0.000000
4,-3,-33,4.9153154e+26,0.000000
8,3,-2,4.9114927e+26,0.000000
5,0,-45,4.9111421e+26,0.000000
5,0,45,4.9111421e+26,0.000000
6,2,-25,4.9070799e+26,0.000000
7,1,-24,4.8163215e+26,0.000000
9,-5,44,4.7980093e+26,0.000000
5,1,50,4.7809325e+26,0.000000
7,4,50,4.7783126e+26,0.000000
10,8,34,4.7396453e+26,0.000000
5,-5,-16,4.7177381e+26,0.000000
6,1,38,4.7093206e+26,0.000000
10,8,26,4.6808844e+26,0.000000
8,-7,-6,4.6749323e+26,0.000000
6,-1,-7,4.6441723e+26,0.000000
8,2,30,4.6368494e+26,0.000000
10,-4,15,4.571646e+26,0.000000
8,-2,28,4.560445e+26,0.000000
10,8,35,4.546998e+26,0.000000
9,6,36,4.5325731e+26,0.000000
10,-6,46,4.5221589e+26,0.000000
6,-1,-15,4.5126708e+26,0.000000
6,3,-8,4.5078085e+26,0.000000
8,-3,38,4.496887e+26,0.000000
10,4,2,4.4901247e+26,0.000000
5,1,-38,4.4891838e+26,0.000000
10,-3,3,4.4856053e+26,0.000000
10,-5,21,4.4825987e+26,0.000000
7,-2,-12,4.4664505e+26,0.000000
7,-2,39,4.4529995e+26,0.000000
6,3,52,4.4381266e+26,0.000000
6,4,-14,4.4355676e+26,0.000000
2,1,-45,4.4112718e+26,0.000000
9,7,50,4.4054557e+26,0.000000
10,8,27,4.4014264e+26,0.000000
10,6,16,4.4002389e+26,0.000000
10,8,28,4.3860177e+26,0.000000
4,4,-19,4.3725899e+26,0.000000
6,1,-30,4.3719721e+26,0.000000
6,-4,-20,4.3510495e+26,0.000000
4,-4,-30,4.3385163e+26,0.000000
3,3,-28,4.3347962e+26,0.000000
10,7,11,4.2289192e+26,0.000000
6,4,50,4.2283447e+26,0.000000
10,7,12,4.2253636e+26,0.000000
9,9,7,4.2107982e+26,0.000000
6,-2,-3,4.1897408e+26,0.000000
10,-7,-3,4.1680506e+26,0.000000
10,-10,-5,4.1595619e+26,0.000000
9,8,6,4.1313205e+26,0.000000
9,9,8,4.1184022e+26,0.000000
8,3,33,4.1026132e+26,0.000000
7,2,-15,4.08982e+26,0.000000
6,2,46,4.0895211e+26,0.000000
3,-1,-49,4.0798396e+26,0.000000
10,4,7,4.069781e+26,0.000000
9,5,33,4.0644349e+26,0.000000
10,7,13,4.0638038e+26,0.000000
7,3,46,4.063424e+26,0.000000
6,0,-37,4.0488146e+26,0.000000
6,0,37,4.0488146e+26,0.000000
6,1,39,4.0283362e+26,0.000000
7,5,52,4.019269e+26,0.000000
3,1,-44,4.0074945e+26,0.000000
9,7,51,4.0012552e+26,0.000000
10,4,6,3.9945081e+26,0.000000
10,7,10,3.9895039e+26,0.000000
9,-1,10,3.9606728e+26,0.000000
2,2,-29,3.9587484e+26,0.000000
7,0,-18,3.9506766e+26,0.000000
7,0,18,3.9506766e+26,0.000000
10,4,8,3.9424387e+26,0.000000
7,-3,-9,3.9406657e+26,0.000000
9,9,10,3.9156765e+26,0.000000
10,-5,22,3.9011336e+26,0.000000
9,-6,55,3.894714e+26,0.000000
4,0,-53,3.8692762e+26,0.000000
4,0,53,3.8692762e+26,0.000000
5,-4,-21,3.8682759e+26,0.000000
9,4,23,3.8581562e+26,0.000000
5,-1,50,3.8326595e+26,0.000000
10,7,14,3.817625e+26,0.000000
10,10,25,3.7999496e+26,0.000000
9,8,7,3.7992164e+26,0.000000
9,-4,23,3.7991697e+26,0.000000
8,6,54,3.7948547e+26,0.000000
5,-1,-37,3.759303e+26,0.000000
9,-1,1,3.7592888e+26,0.000000
4,-2,-15,3.754012e+26,0.000000
7,-3,47,3.7484611e+26,0.000000
5,3,54,3.7449414e+26,0.000000
9,9,9,3.7409495e+26,0.000000
10,4,5,3.7398761e+26,0.000000
9,7,54,3.715282e+26,0.000000
9,8,8,3.7118376e+26,0.000000
3,-2,-41,3.7098847e+26,0.000000
10,6,17,3.6913412e+26,0.000000
8,1,20,3.690225e+26,0.000000
10,-2,3,3.6812008e+26,0.000000
10,8,5,3.6718902e+26,0.000000
3,2,-30,3.6579442e+26,0.000000
10,8,8,3.6571998e+26,0.000000
4,1,-40,3.6479238e+26,0.000000
8,-1,21,3.6223388e+26,0.000000
9,8,5,3.6140724e+26,0.000000
5,1,51,3.6076691e+26,0.000000
7,4,51,3.6062701e+26,0.000000
10,-10,-6,3.5991881e+26,0.000000
10,4,9,3.5864786e+26,0.000000
9,9,6,3.5749099e+26,0.000000
8,4,34,3.5524279e+26,0.000000
8,-2,29,3.5388837e+26,0.000000
10,7,15,3.5381662e+26,0.000000
8,2,31,3.5304321e+26,0.000000
6,4,51,3.5160115e+26,0.000000
9,6,37,3.5098867e+26,0.000000
10,8,37,3.5050742e+26,0.000000
5,-3,-29,3.4982234e+26,0.000000
8,5,36,3.4831578e+26,0.000000
10,7,9,3.4480197e+26,0.000000
7,2,38,3.4447588e+26,0.000000
8,2,-7,3.4093896e+26,0.000000
10,8,6,3.4001837e+26,0.000000
6,-1,-16,3.3978225e+26,0.000000
5,-2,-24,3.3892689e+26,0.000000
7,1,-25,3.3806027e+26,0.000000
10,-5,23,3.3796728e+26,0.000000
6,-3,54,3.3681559e+26,0.000000
6,1,40,3.3647302e+26,0.000000
9,2,7,3.3519048e+26,0.000000
10,-6,47,3.3488162e+26,0.000000
8,3,34,3.3479134e+26,0.000000
8,-3,39,3.3403332e+26,0.000000
7,-2,-13,3.3323707e+26,0.000000
10,8,45,3.3264549e+26,0.000000
7,1,33,3.2973441e+26,0.000000
9,3,23,3.2952588e+26,0.000000
7,-1,31,3.2615875e+26,0.000000
10,7,16,3.2571557e+26,0.000000
10,4,4,3.2558725e+26,0.000000
10,-4,16,3.2294682e+26,0.000000
8,-4,37,3.2291301e+26,0.000000
5,4,-12,3.2113889e+26,0.000000
7,2,-5,3.2075092e+26,0.000000
9,2,8,3.2052869e+26,0.000000
4,-1,-42,3.1908921e+26,0.000000
4,-2,35,3.1866914e+26,0.000000
7,-3,-6,3.1795341e+26,0.000000
9,2,6,3.1783299e+26,0.000000
3,-3,-43,3.1779521e+26,0.000000
10,8,4,3.1663992e+26,0.000000
5,0,-46,3.1605249e+26,0.000000
5,0,46,3.1605249e+26,0.000000
10,8,7,3.1460577e+26,0.000000
5,3,-24,3.140262e+26,0.000000
4,0,-54,3.1331535e+26,0.000000
4,0,54,3.1331535e+26,0.000000
3,-1,-50,3.0898357e+26,0.000000
9,5,34,3.0885472e+26,0.000000
3,-1,-55,3.0746122e+26,0.000000
9,1,2,3.0459071e+26,0.000000
10,4,10,3.0396754e+26,0.000000
7,3,-13,3.0396726e+26,0.000000
9,-5,45,3.0266038e+26,0.000000
10,7,17,2.9923649e+26,0.000000
10,6,18,2.9865811e+26,0.000000
7,-1,-14,2.9762418e+26,0.000000
4,3,-24,2.9676789e+26,0.000000
2,2,-30,2.9475471e+26,0.000000
7,3,47,2.932824e+26,0.000000
9,9,3,2.9226367e+26,0.000000
4,-3,-34,2.9182027e+26,0.000000
6,4,52,2.9162804e+26,0.000000
6,3,53,2.9088829e+26,0.000000
6,3,-9,2.9021575e+26,0.000000
10,-5,24,2.8999001e+26,0.000000
9,7,52,2.8886429e+26,0.000000
10,4,3,2.887547e+26,0.000000
9,-3,26,2.8850267e+26,0.000000
8,6,55,2.8788749e+26,0.000000
3,-1,-54,2.8726634e+26,0.000000
5,-1,51,2.8712677e+26,0.000000
5,2,46,2.8572898e+26,0.000000
6,0,-38,2.8336963e+26,0.000000
6,0,38,2.8336963e+26,0.000000
9,2,9,2.8287736e+26,0.000000
5,2,-24,2.7821702e+26,0.000000
9,4,24,2.7771334e+26,0.000000
6,1,41,2.7557374e+26,0.000000
10,7,18,2.7524687e+26,0.000000
6,-1,26,2.7460922e+26,0.000000
9,9,5,2.7372767e+26,0.000000
7,-2,40,2.7285422e+26,0.000000
7,4,52,2.7168267e+26,0.000000
10,8,42,2.7040691e+26,0.000000
3,-1,-53,2.7014922e+26,0.000000
5,1,52,2.69167e+26,0.000000
3,-1,-51,2.6914447e+26,0.000000
7,2,-16,2.6895546e+26,0.000000
8,3,35,2.6885839e+26,0.000000
9,6,38,2.6881645e+26,0.000000
8,-2,30,2.6839733e+26,0.000000
7,5,53,2.6825965e+26,0.000000
6,1,-31,2.6803008e+26,0.000000
10,8,44,2.6753078e+26,0.000000
8,1,21,2.6635934e+26,0.000000
4,0,-55,2.6465931e+26,0.000000
4,0,55,2.6465931e+26,0.000000
6,-3,-3,2.6463608e+26,0.000000
8,2,32,2.6414333e+26,0.000000
10,7,8,2.6411007e+26,0.000000
7,-3,48,2.6410597e+26,0.000000
10,8,1,2.6376478e+26,0.000000
5,-5,-17,2.630556e+26,0.000000
6,-2,49,2.6165438e+26,0.000000
9,-4,24,2.6127352e+26,0.000000
3,-1,-52,2.6122797e+26,0.000000
9,9,2,2.6060939e+26,0.000000
3,2,-31,2.6054098e+26,0.000000
8,0,-3,2.5992576e+26,0.000000
8,0,3,2.5992576e+26,0.000000
9,2,5,2.5941703e+26,0.000000
9,9,4,2.5888613e+26,0.000000
6,-2,-26,2.5827281e+26,0.000000
8,0,-4,2.5815815e+26,0.000000
8,0,4,2.5815815e+26,0.000000
2,1,-46,2.5529561e+26,0.000000
9,2,1,2.5416904e+26,0.000000
10,7,19,2.540368e+26,0.000000
6,4,-15,2.5311441e+26,0.000000
8,-1,22,2.5238054e+26,0.000000
7,-3,-10,2.5185965e+26,0.000000
10,-4,17,2.5077202e+26,0.000000
5,1,-39,2.5040319e+26,0.000000
6,2,-26,2.4869979e+26,0.000000
6,-1,-17,2.4817164e+26,0.000000
6,-4,-21,2.4661048e+26,0.000000
8,-3,40,2.4599678e+26,0.000000
10,-6,48,2.4581512e+26,0.000000
10,-5,25,2.4553213e+26,0.000000
7,-1,-18,2.4435502e+26,0.000000
5,2,53,2.4383926e+26,0.000000
6,-3,-5,2.436782e+26,0.000000
7,-1,-17,2.4316154e+26,0.000000
3,-2,-42,2.4225219e+26,0.000000
6,4,53,2.4139699e+26,0.000000
9,8,4,2.4113202e+26,0.000000
5,2,54,2.4092347e+26,0.000000
6,3,-10,2.4081413e+26,0.000000
10,4,11,2.3928132e+26,0.000000
9,7,53,2.3802876e+26,0.000000
7,-2,-14,2.3798185e+26,0.000000
5,2,52,2.3769136e+26,0.000000
10,7,20,2.3553496e+26,0.000000
7,1,-26,2.3290069e+26,0.000000
10,6,19,2.3266237e+26,0.000000
9,2,10,2.3208767e+26,0.000000
6,2,47,2.3184597e+26,0.000000
5,2,55,2.311126e+26,0.000000
9,5,35,2.3092474e+26,0.000000
8,-4,38,2.3016129e+26,0.000000
3,3,-29,2.3001609e+26,0.000000
9,6,-4,2.2907959e+26,0.000000
10,4,0,2.2901478e+26,0.000000
9,-1,11,2.289052e+26,0.000000
9,9,0,2.2836195e+26,0.000000
7,-2,-6,2.2794622e+26,0.000000
6,-6,-10,2.2754029e+26,0.000000
10,8,3,2.2715169e+26,0.000000
2,2,-31,2.2559429e+26,0.000000
10,8,2,2.2487857e+26,0.000000
9,1,7,2.2457073e+26,0.000000
7,-1,-19,2.2400674e+26,0.000000
4,-4,-31,2.2287109e+26,0.000000
6,1,42,2.2208313e+26,0.000000
5,2,51,2.2091233e+26,0.000000
7,-1,-16,2.2003236e+26,0.000000
10,7,21,2.1945518e+26,0.000000
9,1,6,2.1749751e+26,0.000000
7,2,39,2.1709099e+26,0.000000
9,8,2,2.166463e+26,0.000000
6,3,-11,2.1656196e+26,0.000000
10,8,47,2.1543033e+26,0.000000
5,-4,-22,2.1488934e+26,0.000000
10,-4,18,2.14666e+26,0.000000
5,-3,-30,2.1373042e+26,0.000000
5,-1,-38,2.1329609e+26,0.000000
8,3,36,2.1284051e+26,0.000000
5,-1,52,2.1270876e+26,0.000000
4,4,-20,2.1239895e+26,0.000000
3,1,-45,2.1214373e+26,0.000000
7,3,48,2.1122412e+26,0.000000
6,-3,55,2.1089891e+26,0.000000
5,5,-8,2.1081636e+26,0.000000
10,8,43,2.0806975e+26,0.000000
9,3,24,2.070698e+26,0.000000
5,3,55,2.065521e+26,0.000000
10,8,48,2.0619166e+26,0.000000
10,7,22,2.054012e+26,0.000000
9,9,-3,2.0518211e+26,0.000000
10,-5,26,2.0462757e+26,0.000000
9,2,2,2.0452576e+26,0.000000
9,9,-1,2.0450179e+26,0.000000
7,4,53,2.0446735e+26,0.000000
7,-1,-15,2.0416942e+26,0.000000
9,6,39,2.0374564e+26,0.000000
9,7,55,2.0264172e+26,0.000000
5,0,-47,2.0237222e+26,0.000000
5,0,47,2.0237222e+26,0.000000
9,9,-5,2.0004032e+26,0.000000
8,-2,31,1.9960782e+26,0.000000
6,4,54,1.9904051e+26,0.000000
5,1,53,1.9850315e+26,0.000000
9,9,1,1.9835077e+26,0.000000
10,8,-2,1.9776409e+26,0.000000
10,-3,5,1.9734961e+26,0.000000
6,0,-39,1.9694265e+26,0.000000
6,0,39,1.9694265e+26,0.000000
10,-4,19,1.9650125e+26,0.000000
8,5,37,1.9591189e+26,0.000000
6,-6,-9,1.9498887e+26,0.000000
8,2,33,1.9463197e+26,0.000000
3,-3,-44,1.9440012e+26,0.000000
7,3,-3,1.9416203e+26,0.000000
10,-5,1,1.9387507e+26,0.000000
5,2,50,1.9386399e+26,0.000000
9,4,25,1.938139e+26,0.000000
8,-4,39,1.9297232e+26,0.000000
10,7,23,1.9294199e+26,0.000000
8,4,35,1.9259299e+26,0.000000
6,3,-12,1.9248103e+26,0.000000
9,1,8,1.921748e+26,0.000000
10,-4,0,1.9180619e+26,0.000000
4,1,-41,1.9174676e+26,0.000000
7,-1,-20,1.9101455e+26,0.000000
9,-5,46,1.9021914e+26,0.000000
5,3,-25,1.8892205e+26,0.000000
6,3,54,1.8851796e+26,0.000000
8,1,22,1.8745329e+26,0.000000
7,5,54,1.8731146e+26,0.000000
6,-3,-6,1.8605454e+26,0.000000
7,-3,49,1.8581744e+26,0.000000
10,-4,20,1.846978e+26,0.000000
9,8,3,1.8434332e+26,0.000000
9,8,1,1.8374009e+26,0.000000
7,-1,32,1.8288196e+26,0.000000
5,4,-13,1.8275513e+26,0.000000
3,2,-32,1.8216322e+26,0.000000
10,7,24,1.8166302e+26,0.000000
10,5,4,1.815998e+26,0.000000
9,-4,-1,1.8060764e+26,0.000000
8,-3,41,1.7976639e+26,0.000000
7,1,34,1.7967887e+26,0.000000
10,8,-4,1.7939253e+26,0.000000
10,-6,49,1.7898984e+26,0.000000
4,-2,-16,1.7865512e+26,0.000000
9,2,11,1.7762386e+26,0.000000
10,8,0,1.7700021e+26,0.000000
10,7,7,1.7698989e+26,0.000000
7,0,-19,1.7691962e+26,0.000000
7,0,19,1.7691962e+26,0.000000
8,-4,40,1.7685756e+26,0.000000
6,-1,-18,1.7667802e+26,0.000000
6,1,43,1.7662385e+26,0.000000
6,-6,-11,1.7594987e+26,0.000000
10,4,12,1.7495501e+26,0.000000
10,6,20,1.7435069e+26,0.000000
9,-4,25,1.7433185e+26,0.000000
4,-3,-35,1.7341032e+26,0.000000
10,-4,21,1.7283732e+26,0.000000
4,-2,36,1.7283104e+26,0.000000
7,2,-17,1.7254872e+26,0.000000
8,-1,23,1.7171922e+26,0.000000
4,2,-29,1.7121333e+26,0.000000
10,7,25,1.7119789e+26,0.000000
9,5,36,1.6998614e+26,0.000000
2,2,-32,1.6925823e+26,0.000000
4,3,-25,1.6883355e+26,0.000000
10,-5,27,1.6760184e+26,0.000000
10,5,5,1.6728837e+26,0.000000
10,10,24,1.6658264e+26,0.000000
8,3,37,1.6634152e+26,0.000000
8,-4,41,1.659165e+26,0.000000
7,-2,41,1.6554728e+26,0.000000
4,-1,-43,1.6535841e+26,0.000000
6,3,-13,1.6467658e+26,0.000000
7,-2,-15,1.6386142e+26,0.000000
6,4,55,1.6357871e+26,0.000000
6,1,-32,1.635119e+26,0.000000
9,-4,0,1.6315131e+26,0.000000
10,-4,-1,1.6235611e+26,0.000000
5,2,49,1.6146886e+26,0.000000
10,7,26,1.6124484e+26,0.000000
10,-4,22,1.5824072e+26,0.000000
7,1,-27,1.5796697e+26,0.000000
3,-2,-43,1.5745424e+26,0.000000
9,2,4,1.5738173e+26,0.000000
5,2,47,1.5698982e+26,0.000000
10,8,52,1.565554e+26,0.000000
10,8,-1,1.5609635e+26,0.000000
5,-1,53,1.5577853e+26,0.000000
9,1,5,1.5520935e+26,0.000000
9,-3,27,1.5445174e+26,0.000000
7,-1,-21,1.5405208e+26,0.000000
8,-4,42,1.5401417e+26,0.000000
10,8,46,1.5392445e+26,0.000000
7,4,54,1.5375486e+26,0.000000
9,6,40,1.5251073e+26,0.000000
7,3,49,1.5184357e+26,0.000000
10,7,27,1.5157268e+26,0.000000
2,1,-47,1.5016948e+26,0.000000
5,-5,-18,1.4998149e+26,0.000000
10,-5,0,1.4993484e+26,0.000000
5,5,-9,1.4911762e+26,0.000000
7,-3,-11,1.4762414e+26,0.000000
9,9,-2,1.468907e+26,0.000000
8,-2,32,1.4596212e+26,0.000000
10,5,3,1.458208e+26,0.000000
8,1,-6,1.4580732e+26,0.000000
5,1,54,1.446158e+26,0.000000
7,3,-14,1.4398706e+26,0.000000
6,4,-16,1.4379101e+26,0.000000
9,1,9,1.4327066e+26,0.000000
10,10,23,1.4283473e+26,0.000000
10,7,28,1.4202e+26,0.000000
8,2,34,1.4149801e+26,0.000000
10,-7,-4,1.4125214e+26,0.000000
9,-8,-6,1.4098203e+26,0.000000
10,-4,23,1.4063709e+26,0.000000
5,-2,-25,1.4007644e+26,0.000000
8,-4,43,1.3973063e+26,0.000000
6,-4,-22,1.394195e+26,0.000000
6,1,44,1.3895782e+26,0.000000
10,5,6,1.3881261e+26,0.000000
5,1,-40,1.3858109e+26,0.000000
5,2,48,1.3816918e+26,0.000000
6,0,-40,1.3603259e+26,0.000000
6,0,40,1.3603259e+26,0.000000
7,2,40,1.3546157e+26,0.000000
6,3,-14,1.3526093e+26,0.000000
10,-5,28,1.3479822e+26,0.000000
6,-1,27,1.3461816e+26,0.000000
10,10,22,1.3380478e+26,0.000000
8,1,-5,1.3367417e+26,0.000000
6,-2,50,1.3314525e+26,0.000000
10,7,29,1.3249239e+26,0.000000
9,8,-1,1.3158652e+26,0.000000
6,-2,-27,1.3136e+26,0.000000
9,4,26,1.3097408e+26,0.000000
7,5,55,1.3080089e+26,0.000000
7,-3,50,1.3056058e+26,0.000000
8,-3,42,1.3045899e+26,0.000000
5,-3,-31,1.3039174e+26,0.000000
10,-6,50,1.2939355e+26,0.000000
5,0,-48,1.2886592e+26,0.000000
5,0,48,1.2886592e+26,0.000000
8,1,23,1.2885464e+26,0.000000
8,3,38,1.2850183e+26,0.000000
5,5,-6,1.284297e+26,0.000000
6,2,48,1.2780469e+26,0.000000
10,10,21,1.2774321e+26,0.000000
10,7,4,1.2699738e+26,0.000000
9,2,12,1.2696573e+26,0.000000
9,9,-6,1.2573136e+26,0.000000
10,6,21,1.2565385e+26,0.000000
3,2,-33,1.2542821e+26,0.000000
9,3,25,1.2500148e+26,0.000000
6,2,-27,1.2402466e+26,0.000000
10,7,30,1.2402043e+26,0.000000
8,-4,44,1.2362094e+26,0.000000
7,1,-2,1.2352001e+26,0.000000
2,2,-33,1.2333847e+26,0.000000
9,5,37,1.2325193e+26,0.000000
6,-1,-19,1.2307715e+26,0.000000
3,3,-30,1.2261579e+26,0.000000
3,-3,-45,1.2236128e+26,0.000000
10,10,20,1.214101e+26,0.000000
10,-3,6,1.2118533e+26,0.000000
10,-4,24,1.2103521e+26,0.000000
9,-1,12,1.2079658e+26,0.000000
6,3,55,1.2044971e+26,0.000000
5,-1,-39,1.2013596e+26,0.000000
9,-5,47,1.1971501e+26,0.000000
8,1,-7,1.1953026e+26,0.000000
10,4,13,1.1921702e+26,0.000000
5,-4,-23,1.1907351e+26,0.000000
7,-1,-22,1.1897074e+26,0.000000
10,5,0,1.1874985e+26,0.000000
10,7,3,1.1821673e+26,0.000000
10,-2,4,1.1780268e+26,0.000000
10,7,6,1.1694437e+26,0.000000
8,0,-5,1.1592257e+26,0.000000
8,0,5,1.1592257e+26,0.000000
6,-6,-12,1.157866e+26,0.000000
10,5,7,1.1575212e+26,0.000000
7,4,55,1.1562665e+26,0.000000
10,8,50,1.1517819e+26,0.000000
4,-4,-32,1.1474819e+26,0.000000
3,1,-46,1.1433763e+26,0.000000
10,7,31,1.1430092e+26,0.000000
8,-1,24,1.1424084e+26,0.000000
9,6,41,1.1416658e+26,0.000000
5,2,-25,1.1338421e+26,0.000000
10,10,19,1.1324697e+26,0.000000
5,3,-26,1.1305714e+26,0.000000
7,-6,-6,1.1281533e+26,0.000000
5,-1,54,1.1271846e+26,0.000000
9,-4,26,1.1265576e+26,0.000000
8,5,38,1.1161533e+26,0.000000
10,8,49,1.0942104e+26,0.000000
7,-2,-16,1.0935739e+26,0.000000
7,3,50,1.0897003e+26,0.000000
8,4,36,1.0872363e+26,0.000000
6,1,45,1.083615e+26,0.000000
10,9,19,1.0827495e+26,0.000000
7,2,-18,1.0816504e+26,0.000000
10,7,5,1.0720457e+26,0.000000
10,9,20,1.0719982e+26,0.000000
10,9,18,1.071429e+26,0.000000
6,3,-15,1.0704548e+26,0.000000
8,-4,45,1.0681837e+26,0.000000
10,-5,29,1.0641776e+26,0.000000
7,0,-1,1.0621325e+26,0.000000
7,0,1,1.0621325e+26,0.000000
9,-7,-6,1.0588228e+26,0.000000
7,1,-28,1.0574538e+26,0.000000
8,-2,33,1.0517693e+26,0.000000
10,9,21,1.0468096e+26,0.000000
10,7,32,1.0443418e+26,0.000000
5,1,55,1.0399763e+26,0.000000
5,4,-14,1.0349242e+26,0.000000
4,4,-21,1.0341997e+26,0.000000
4,-3,-36,1.0311624e+26,0.000000
10,9,17,1.0296722e+26,0.000000
8,2,-8,1.027635e+26,0.000000
10,10,18,1.02356e+26,0.000000
3,-2,-44,1.0199338e+26,0.000000
8,2,35,1.0165129e+26,0.000000
10,9,22,1.0134982e+26,0.000000
10,-4,25,1.0089006e+26,0.000000
7,-1,33,1.0067903e+26,0.000000
10,5,8,9.9878425e+25,0.000000
9,8,0,9.9665209e+25,0.000000
4,1,-42,9.946717e+25,0.000000
7,-2,42,9.9399764e+25,0.000000
6,1,-33,9.9261906e+25,0.000000
10,9,26,9.9209988e+25,0.000000
8,3,39,9.8233315e+25,0.000000
10,9,23,9.7737216e+25,0.000000
4,3,-26,9.6078309e+25,0.000000
7,1,35,9.5607201e+25,0.000000
9,1,10,9.5130963e+25,0.000000
10,9,16,9.5013837e+25,0.000000
10,7,33,9.4862326e+25,0.000000
10,9,24,9.441147e+25,0.000000
8,-3,43,9.4091397e+25,0.000000
6,0,-41,9.3431785e+25,0.000000
6,0,41,9.3431785e+25,0.000000
10,-6,51,9.2954943e+25,0.000000
6,-3,-7,9.2921221e+25,0.000000
9,1,3,9.2648439e+25,0.000000
10,9,25,9.2523026e+25,0.000000
4,-2,37,9.2319322e+25,0.000000
7,-3,51,9.1603915e+25,0.000000
10,-3,7,9.1348589e+25,0.000000
2,1,-48,9.0455473e+25,0.000000
8,-4,46,9.04009e+25,0.000000
7,-2,-4,8.9256401e+25,0.000000
7,-1,-23,8.8779896e+25,0.000000
10,10,17,8.8415716e+25,0.000000
9,5,38,8.8084908e+25,0.000000
2,2,-34,8.763654e+25,0.000000
10,5,9,8.7636072e+25,0.000000
10,6,22,8.7211597e+25,0.000000
5,-5,-19,8.7113351e+25,0.000000
8,1,24,8.6627828e+25,0.000000
9,8,-2,8.6543668e+25,0.000000
10,7,34,8.6337397e+25,0.000000
10,8,-5,8.6183076e+25,0.000000
10,7,35,8.6147538e+25,0.000000
8,2,-12,8.558219e+25,0.000000
9,4,27,8.5550826e+25,0.000000
4,-1,-44,8.5444418e+25,0.000000
3,2,-34,8.5270771e+25,0.000000
9,2,13,8.4765148e+25,0.000000
8,2,-13,8.4724243e+25,0.000000
4,-2,-17,8.4413259e+25,0.000000
6,-1,-20,8.4162899e+25,0.000000
6,1,46,8.3893765e+25,0.000000
10,8,53,8.3877184e+25,0.000000
7,2,41,8.3662357e+25,0.000000
8,1,-8,8.3295837e+25,0.000000
10,9,15,8.295547e+25,0.000000
9,6,42,8.2694114e+25,0.000000
9,9,-4,8.2624132e+25,0.000000
10,-5,30,8.2455988e+25,0.000000
8,-2,-1,8.1993471e+25,0.000000
6,3,-16,8.1992721e+25,0.000000
5,0,-49,8.1579875e+25,0.000000
5,0,49,8.1579875e+25,0.000000
10,-4,26,8.1565358e+25,0.000000
6,4,-17,8.1305596e+25,0.000000
7,-3,-12,8.099577e+25,0.000000
5,-1,55,8.0520481e+25,0.000000
3,-3,-46,7.994728e+25,0.000000
7,0,-20,7.9456023e+25,0.000000
7,0,20,7.9456023e+25,0.000000
5,-3,-32,7.9444755e+25,0.000000
9,-3,28,7.9060193e+25,0.000000
6,-4,-23,7.8667627e+25,0.000000
7,3,51,7.8065727e+25,0.000000
9,2,3,7.800051e+25,0.000000
10,4,14,7.6554809e+25,0.000000
10,5,10,7.6310279e+25,0.000000
5,1,-41,7.6078814e+25,0.000000
9,-5,48,7.5978648e+25,0.000000
8,2,-14,7.544126e+25,0.000000
8,-4,47,7.5159481e+25,0.000000
8,-2,34,7.4820352e+25,0.000000
8,3,40,7.4383228e+25,0.000000
8,-1,25,7.4377945e+25,0.000000
8,2,-11,7.4338188e+25,0.000000
9,3,26,7.2296511e+25,0.000000
8,2,36,7.2254987e+25,0.000000
7,-5,-9,7.1927556e+25,0.000000
10,10,16,7.1834704e+25,0.000000
10,-3,2,7.1405095e+25,0.000000
10,8,55,7.1073066e+25,0.000000
7,-2,-17,7.1021262e+25,0.000000
10,7,0,7.0958249e+25,0.000000
9,-4,27,7.0360018e+25,0.000000
6,-6,-13,7.0157792e+25,0.000000
7,1,-29,6.9998742e+25,0.000000
10,-3,8,6.9788516e+25,0.000000
10,8,54,6.9706208e+25,0.000000
10,5,2,6.9229623e+25,0.000000
8,4,37,6.8819215e+25,0.000000
10,7,36,6.8237975e+25,0.000000
6,2,49,6.8224701e+25,0.000000
10,-9,-5,6.7961872e+25,0.000000
8,5,39,6.7778996e+25,0.000000
8,8,-7,6.7673957e+25,0.000000
10,7,2,6.766682e+25,0.000000
8,-3,44,6.7490748e+25,0.000000
5,3,-27,6.7374012e+25,0.000000
10,9,14,6.7256876e+25,0.000000
5,5,-10,6.7193686e+25,0.000000
5,-1,-40,6.7128374e+25,0.000000
6,-2,51,6.6924781e+25,0.000000
10,-6,52,6.6435251e+25,0.000000
7,2,-19,6.6336408e+25,0.000000
3,-2,-45,6.598294e+25,0.000000
5,-4,-24,6.5835688e+25,0.000000
10,-8,-6,6.5700946e+25,0.000000
3,3,-31,6.5666345e+25,0.000000
6,-2,-28,6.5612492e+25,0.000000
7,3,-15,6.53037e+25,0.000000
10,5,11,6.5010382e+25,0.000000
9,1,4,6.4776917e+25,0.000000
6,1,47,6.4568269e+25,0.000000
10,5,1,6.4553026e+25,0.000000
7,-1,-24,6.4448904e+25,0.000000
7,-3,52,6.4160375e+25,0.000000
10,-10,-7,6.4109478e+25,0.000000
10,-4,27,6.4072002e+25,0.000000
6,0,-42,6.3833853e+25,0.000000
6,0,42,6.3833853e+25,0.000000
3,1,-47,6.3775335e+25,0.000000
6,-1,28,6.3533445e+25,0.000000
10,-5,31,6.270698e+25,0.000000
10,8,-3,6.2703132e+25,0.000000
8,2,-15,6.2192398e+25,0.000000
9,5,39,6.2019243e+25,0.000000
8,-4,48,6.1564154e+25,0.000000
4,-3,-37,6.1343404e+25,0.000000
2,2,-35,6.1201069e+25,0.000000
6,3,-17,6.1033629e+25,0.000000
7,7,-7,6.0940223e+25,0.000000
6,2,-28,6.0703217e+25,0.000000
9,8,-4,6.0684917e+25,0.000000
10,-9,-4,6.0581763e+25,0.000000
7,-5,-8,6.0346025e+25,0.000000
8,-3,-2,6.0345089e+25,0.000000
6,1,-34,5.995439e+25,0.000000
9,6,43,5.9856849e+25,0.000000
10,7,37,5.9805302e+25,0.000000
7,4,-4,5.945087e+25,0.000000
4,-4,-33,5.9230474e+25,0.000000
9,-1,13,5.9022652e+25,0.000000
7,-2,43,5.9022348e+25,0.000000
10,6,23,5.8596367e+25,0.000000
5,4,-15,5.834657e+25,0.000000
3,2,-35,5.735196e+25,0.000000
10,-6,-4,5.7224518e+25,0.000000
8,1,25,5.7009006e+25,0.000000
8,0,-2,5.6997462e+25,0.000000
8,0,2,5.6997462e+25,0.000000
9,8,-3,5.6819132e+25,0.000000
7,-5,-10,5.6797466e+25,0.000000
9,1,11,5.6713204e+25,0.000000
6,-1,-21,5.6645171e+25,0.000000
2,1,-49,5.6445775e+25,0.000000
5,-2,-26,5.5949026e+25,0.000000
8,3,41,5.5839812e+25,0.000000
7,3,52,5.5815364e+25,0.000000
8,2,-4,5.5598464e+25,0.000000
10,5,-2,5.4821198e+25,0.000000
4,3,-27,5.4712232e+25,0.000000
3,-3,-47,5.4711322e+25,0.000000
10,-3,9,5.4377667e+25,0.000000
7,-1,34,5.4293693e+25,0.000000
10,5,12,5.4034707e+25,0.000000
8,1,-4,5.3914263e+25,0.000000
9,4,28,5.3906528e+25,0.000000
10,10,15,5.3895177e+25,0.000000
8,2,-10,5.3489356e+25,0.000000
9,2,14,5.2882293e+25,0.000000
9,8,-5,5.2796052e+25,0.000000
8,-2,35,5.2626626e+25,0.000000
10,7,38,5.2308285e+25,0.000000
9,5,-4,5.2221669e+25,0.000000
8,4,38,5.1813808e+25,0.000000
8,1,-9,5.1405409e+25,0.000000
5,-5,-20,5.1360361e+25,0.000000
5,0,-50,5.1349707e+25,0.000000
5,0,50,5.1349707e+25,0.000000
7,2,42,5.1119295e+25,0.000000
8,-1,-6,5.1077461e+25,0.000000
4,1,-43,5.103353e+25,0.000000
8,2,37,5.0875537e+25,0.000000
4,4,-22,5.043714e+25,0.000000
4,2,-30,4.9986762e+25,0.000000
8,-4,49,4.9814083e+25,0.000000
8,0,-10,4.9665976e+25,0.000000
8,0,10,4.9665976e+25,0.000000
10,7,1,4.9647265e+25,0.000000
7,1,36,4.9487991e+25,0.000000
10,9,13,4.9487112e+25,0.000000
6,1,48,4.9453898e+25,0.000000
8,0,-11,4.9111407e+25,0.000000
8,0,11,4.9111407e+25,0.000000
9,-5,49,4.9062371e+25,0.000000
10,-4,28,4.8990985e+25,0.000000
8,5,40,4.8601209e+25,0.000000
4,-2,38,4.8384452e+25,0.000000
5,-3,-33,4.8343055e+25,0.000000
8,2,-16,4.8339361e+25,0.000000
8,-3,45,4.8178502e+25,0.000000
10,4,15,4.7785882e+25,0.000000
10,7,39,4.7520387e+25,0.000000
8,-1,26,4.7414005e+25,0.000000
10,-6,53,4.7301326e+25,0.000000
8,-1,-7,4.7180802e+25,0.000000
10,-5,32,4.6806846e+25,0.000000
9,6,44,4.641582e+25,0.000000
7,1,-30,4.5895085e+25,0.000000
6,4,-18,4.5745128e+25,0.000000
7,-1,-25,4.5745036e+25,0.000000
8,5,45,4.5645685e+25,0.000000
8,4,39,4.5545793e+25,0.000000
8,5,44,4.5208644e+25,0.000000
7,-2,-18,4.5021723e+25,0.000000
7,-3,53,4.4838715e+25,0.000000
4,-1,-45,4.4818251e+25,0.000000
8,5,46,4.4753889e+25,0.000000
5,2,-26,4.4698847e+25,0.000000
10,-2,5,4.4423588e+25,0.000000
6,-4,-24,4.432335e+25,0.000000
6,3,-18,4.4306289e+25,0.000000
10,5,13,4.4129843e+25,0.000000
10,7,40,4.4128019e+25,0.000000
10,-3,10,4.4046794e+25,0.000000
8,5,43,4.3692467e+25,0.000000
8,0,-12,4.3591151e+25,0.000000
8,0,12,4.3591151e+25,0.000000
8,2,-9,4.3533073e+25,0.000000
8,4,40,4.3420329e+25,0.000000
6,0,-43,4.3387962e+25,0.000000
6,0,43,4.3387962e+25,0.000000
8,0,-9,4.3243835e+25,0.000000
8,0,9,4.3243835e+25,0.000000
9,5,40,4.3070434e+25,0.000000
3,-2,-46,4.2777413e+25,0.000000
8,5,47,4.2628226e+25,0.000000
10,6,-4,4.2522144e+25,0.000000
2,2,-36,4.2394852e+25,0.000000
9,-4,28,4.2378816e+25,0.000000
8,5,41,4.2321401e+25,0.000000
7,0,-21,4.2207643e+25,0.000000
7,0,21,4.2207643e+25,0.000000
8,4,41,4.2169226e+25,0.000000
6,-3,-8,4.2097809e+25,0.000000
8,5,42,4.2027986e+25,0.000000
7,-3,-13,4.1987634e+25,0.000000
8,3,42,4.1593206e+25,0.000000
5,1,-42,4.1462841e+25,0.000000
10,-2,2,4.1210161e+25,0.000000
6,-6,-14,4.0578109e+25,0.000000
8,4,42,4.0428026e+25,0.000000
8,-2,-6,4.0213612e+25,0.000000
5,3,-28,4.0018879e+25,0.000000
9,3,27,3.9960818e+25,0.000000
8,-4,50,3.9911542e+25,0.000000
7,2,-20,3.9842313e+25,0.000000
7,3,53,3.9809593e+25,0.000000
8,5,48,3.9583652e+25,0.000000
4,-2,-18,3.956353e+25,0.000000
3,-3,-48,3.9487496e+25,0.000000
9,-3,29,3.9203818e+25,0.000000
8,-1,-5,3.9049685e+25,0.000000
9,2,0,3.8688596e+25,0.000000
8,0,-6,3.8683976e+25,0.000000
8,0,6,3.8683976e+25,0.000000
10,6,24,3.8641628e+25,0.000000
7,-5,-11,3.8481673e+25,0.000000
3,2,-36,3.8221336e+25,0.000000
3,1,-48,3.7846524e+25,0.000000
8,4,43,3.7837059e+25,0.000000
6,1,49,3.7724802e+25,0.000000
6,-1,-22,3.7606811e+25,0.000000
5,-1,-41,3.7206046e+25,0.000000
2,1,-50,3.7081828e+25,0.000000
10,-3,11,3.6988325e+25,0.000000
8,1,26,3.674161e+25,0.000000
10,10,14,3.6684916e+25,0.000000
8,-2,36,3.6647581e+25,0.000000
10,-4,29,3.6523606e+25,0.000000
4,-3,-38,3.6500332e+25,0.000000
5,-4,-25,3.6326172e+25,0.000000
6,1,-35,3.6018675e+25,0.000000
8,5,49,3.6014135e+25,0.000000
10,5,14,3.5981733e+25,0.000000
8,2,-17,3.5851145e+25,0.000000
8,-2,-5,3.5745672e+25,0.000000
8,-1,-8,3.5677205e+25,0.000000
6,-2,52,3.5670547e+25,0.000000
8,0,-13,3.5667175e+25,0.000000
8,0,13,3.5667175e+25,0.000000
8,2,38,3.5518423e+25,0.000000
3,3,-32,3.5330329e+25,0.000000
6,2,50,3.532264e+25,0.000000
7,-2,44,3.4630507e+25,0.000000
8,4,44,3.4502269e+25,0.000000
7,-3,-5,3.4334057e+25,0.000000
10,-5,33,3.429153e+25,0.000000
8,-3,46,3.4250356e+25,0.000000
10,-6,54,3.3604477e+25,0.000000
10,7,41,3.3303178e+25,0.000000
5,4,-16,3.274265e+25,0.000000
9,4,29,3.2725945e+25,0.000000
9,-5,50,3.2551672e+25,0.000000
10,9,12,3.2292505e+25,0.000000
5,0,-51,3.2168722e+25,0.000000
5,0,51,3.2168722e+25,0.000000
6,-2,-29,3.205482e+25,0.000000
8,5,50,3.1974764e+25,0.000000
7,-1,-26,3.1871795e+25,0.000000
8,-4,51,3.1733744e+25,0.000000
10,-3,12,3.1731011e+25,0.000000
7,0,-22,3.1602598e+25,0.000000
7,0,22,3.1602598e+25,0.000000
6,3,-19,3.1460254e+25,0.000000
10,7,-1,3.1459685e+25,0.000000
7,0,-24,3.124478e+25,0.000000
7,0,24,3.124478e+25,0.000000
7,-3,54,3.1243383e+25,0.000000
4,3,-28,3.1187458e+25,0.000000
10,4,16,3.1104252e+25,0.000000
9,2,15,3.1010525e+25,0.000000
8,0,-8,3.1000735e+25,0.000000
8,0,8,3.1000735e+25,0.000000
7,0,-25,3.0919986e+25,0.000000
7,0,25,3.0919986e+25,0.000000
7,2,43,3.0884188e+25,0.000000
8,3,43,3.0764245e+25,0.000000
8,4,45,3.0703818e+25,0.000000
4,-4,-34,3.0681605e+25,0.000000
5,-5,-21,3.0641509e+25,0.000000
7,0,-23,3.0528731e+25,0.000000
7,0,23,3.0528731e+25,0.000000
9,1,12,3.0400918e+25,0.000000
9,6,45,3.0289853e+25,0.000000
3,-3,-49,3.0137187e+25,0.000000
10,5,15,2.9955348e+25,0.000000
7,1,-31,2.9840881e+25,0.000000
8,-1,27,2.9597866e+25,0.000000
9,5,41,2.9507428e+25,0.000000
2,2,-37,2.941595e+25,0.000000
5,-3,-34,2.9381619e+25,0.000000
6,0,-44,2.9337827e+25,0.000000
6,0,44,2.9337827e+25,0.000000
6,-1,29,2.9092114e+25,0.000000
6,2,-29,2.9048205e+25,0.000000
7,0,-26,2.9026852e+25,0.000000
7,0,26,2.9026852e+25,0.000000
9,-1,14,2.8728699e+25,0.000000
6,1,50,2.8678518e+25,0.000000
7,-1,35,2.8594812e+25,0.000000
8,1,-10,2.8578126e+25,0.000000
7,3,54,2.83049e+25,0.000000
7,3,-16,2.8157677e+25,0.000000
10,4,-2,2.8149957e+25,0.000000
5,5,-11,2.8071706e+25,0.000000
8,5,51,2.7970553e+25,0.000000
3,-2,-47,2.7939145e+25,0.000000
7,-2,-19,2.7922896e+25,0.000000
10,7,42,2.7916662e+25,0.000000
10,-3,13,2.7372932e+25,0.000000
6,-3,-12,2.7368238e+25,0.000000
8,0,-14,2.7359609e+25,0.000000
8,0,14,2.7359609e+25,0.000000
8,4,46,2.6740363e+25,0.000000
6,-3,-13,2.6702201e+25,0.000000
10,-4,30,2.6584784e+25,0.000000
10,-2,1,2.6215063e+25,0.000000
2,1,-51,2.6118217e+25,0.000000
4,1,-44,2.6092867e+25,0.000000
7,-2,-5,2.6046234e+25,0.000000
10,5,16,2.603523e+25,0.000000
10,7,-2,2.6029692e+25,0.000000
7,0,-27,2.593527e+25,0.000000
7,0,27,2.593527e+25,0.000000
10,6,25,2.5778786e+25,0.000000
6,-3,-11,2.5736279e+25,0.000000
6,4,-19,2.5602691e+25,0.000000
8,2,-18,2.5582988e+25,0.000000
8,-2,37,2.5294859e+25,0.000000
3,2,-37,2.5268165e+25,0.000000
8,-4,52,2.5089682e+25,0.000000
6,-4,-25,2.4942368e+25,0.000000
3,1,-49,2.4836226e+25,0.000000
7,1,37,2.4812043e+25,0.000000
6,-3,-9,2.4775069e+25,0.000000
4,-2,39,2.4754516e+25,0.000000
6,-1,-23,2.4673935e+25,0.000000
10,4,22,2.4658527e+25,0.000000
10,-5,34,2.4653471e+25,0.000000
4,-1,-46,2.4652401e+25,0.000000
10,7,-3,2.4632406e+25,0.000000
4,4,-23,2.462585e+25,0.000000
8,2,39,2.4608442e+25,0.000000
10,4,21,2.4603956e+25,0.000000
9,-4,29,2.4579084e+25,0.000000
8,5,52,2.440943e+25,0.000000
8,-3,47,2.4263873e+25,0.000000
3,-3,-50,2.4254748e+25,0.000000
6,-3,-14,2.4107484e+25,0.000000
7,-5,-12,2.3987768e+25,0.000000
10,5,17,2.3897608e+25,0.000000
10,-6,55,2.3867128e+25,0.000000
5,3,-29,2.3710917e+25,0.000000
10,4,23,2.3631021e+25,0.000000
10,4,20,2.3551249e+25,0.000000
7,2,-21,2.3453047e+25,0.000000
10,-3,14,2.3441312e+25,0.000000
10,7,43,2.3400374e+25,0.000000
10,4,17,2.3390896e+25,0.000000
8,-1,-9,2.3292462e+25,0.000000
6,-2,53,2.3239166e+25,0.000000
8,1,27,2.3191302e+25,0.000000
6,-3,-10,2.3153548e+25,0.000000
10,5,21,2.3069928e+25,0.000000
10,5,20,2.3055758e+25,0.000000
10,5,18,2.3041754e+25,0.000000
10,5,19,2.2923254e+25,0.000000
9,1,1,2.2902008e+25,0.000000
8,4,47,2.285972e+25,0.000000
6,-6,-15,2.2839462e+25,0.000000
5,-2,-27,2.2782026e+25,0.000000
10,5,22,2.2733183e+25,0.000000
10,10,13,2.2644386e+25,0.000000
8,3,44,2.2611951e+25,0.000000
10,2,4,2.259292e+25,0.000000
5,1,-43,2.2496792e+25,0.000000
10,5,-1,2.2486643e+25,0.000000
9,-5,51,2.2382064e+25,0.000000
7,0,-28,2.2225989e+25,0.000000
7,0,28,2.2225989e+25,0.000000
10,4,19,2.204953e+25,0.000000
8,0,-7,2.1958145e+25,0.000000
8,0,7,2.1958145e+25,0.000000
10,5,23,2.1940856e+25,0.000000
6,3,-20,2.1907725e+25,0.000000
8,7,-6,2.1894222e+25,0.000000
7,-1,-27,2.1863423e+25,0.000000
10,-2,6,2.1790032e+25,0.000000
6,1,51,2.1734954e+25,0.000000
10,7,44,2.1726652e+25,0.000000
4,-3,-39,2.171816e+25,0.000000
10,4,24,2.1706101e+25,0.000000
7,-3,55,2.1684899e+25,0.000000
6,1,-36,2.1512016e+25,0.000000
6,-2,55,2.1482739e+25,0.000000
9,6,46,2.1325918e+25,0.000000
10,4,18,2.1317656e+25,0.000000
9,3,28,2.1123126e+25,0.000000
8,-2,-7,2.082442e+25,0.000000
4,2,-31,2.0758444e+25,0.000000
10,5,24,2.0690848e+25,0.000000
2,2,-38,2.0645915e+25,0.000000
7,-3,-14,2.0627482e+25,0.000000
8,5,53,2.0505522e+25,0.000000
5,-1,-42,2.0472837e+25,0.000000
6,-3,-15,2.0444275e+25,0.000000
3,-3,-51,2.043606e+25,0.000000
6,-2,54,2.0269886e+25,0.000000
10,2,3,2.0204779e+25,0.000000
5,0,-52,2.0109231e+25,0.000000
5,0,52,2.0109231e+25,0.000000
7,-2,45,2.0060616e+25,0.000000
7,3,55,2.0042827e+25,0.000000
5,-4,-26,2.0002356e+25,0.000000
2,1,-52,1.9998467e+25,0.000000
9,5,42,1.9955639e+25,0.000000
8,0,-15,1.9893416e+25,0.000000
8,0,15,1.9893416e+25,0.000000
8,-4,53,1.9761792e+25,0.000000
10,-3,15,1.9741563e+25,0.000000
9,-3,30,1.974009e+25,0.000000
6,0,-45,1.9730304e+25,0.000000
6,0,45,1.9730304e+25,0.000000
7,1,-32,1.9261495e+25,0.000000
4,2,-34,1.925745e+25,0.000000
8,4,48,1.9237301e+25,0.000000
4,2,-33,1.9207533e+25,0.000000
10,4,25,1.9183692e+25,0.000000
9,4,30,1.9180926e+25,0.000000
3,3,-33,1.9097027e+25,0.000000
10,5,25,1.9051861e+25,0.000000
10,-4,31,1.8914028e+25,0.000000
10,9,11,1.8749546e+25,0.000000
3,1,-50,1.8654356e+25,0.000000
3,-2,-48,1.8524704e+25,0.000000
5,-5,-22,1.8449184e+25,0.000000
7,2,44,1.8437872e+25,0.000000
7,0,-29,1.8404439e+25,0.000000
7,0,29,1.8404439e+25,0.000000
4,-2,-19,1.8372812e+25,0.000000
10,6,26,1.8322626e+25,0.000000
5,4,-17,1.8281843e+25,0.000000
6,2,51,1.8124331e+25,0.000000
8,-1,28,1.8087977e+25,0.000000
5,2,-27,1.7993308e+25,0.000000
10,7,-4,1.7876124e+25,0.000000
3,-3,-52,1.7856059e+25,0.000000
5,-3,-35,1.7833386e+25,0.000000
10,2,1,1.7808311e+25,0.000000
4,3,-29,1.7800255e+25,0.000000
4,2,-32,1.7799824e+25,0.000000
3,1,-55,1.7767985e+25,0.000000
8,2,-19,1.767197e+25,0.000000
9,-1,19,1.7549977e+25,0.000000
9,2,16,1.7523161e+25,0.000000
4,2,-35,1.7487571e+25,0.000000
10,-5,35,1.7387518e+25,0.000000
8,-2,38,1.7321296e+25,0.000000
8,5,54,1.7251396e+25,0.000000
9,-1,18,1.7163525e+25,0.000000
8,-3,48,1.7139964e+25,0.000000
10,5,26,1.7132525e+25,0.000000
10,3,3,1.7129625e+25,0.000000
9,-1,15,1.7073451e+25,0.000000
7,-2,-20,1.6972884e+25,0.000000
8,2,40,1.6931985e+25,0.000000
9,-5,-4,1.6856289e+25,0.000000
3,1,-54,1.6740103e+25,0.000000
9,-1,20,1.6734194e+25,0.000000
2,1,-53,1.6676824e+25,0.000000
3,2,-38,1.658522e+25,0.000000
8,3,45,1.6527675e+25,0.000000
6,-3,-16,1.6497232e+25,0.000000
10,2,5,1.64485e+25,0.000000
6,1,52,1.642545e+25,0.000000
10,4,26,1.6374679e+25,0.000000
10,-3,16,1.6244389e+25,0.000000
3,1,-51,1.6107827e+25,0.000000
8,1,-3,1.6107142e+25,0.000000
10,7,45,1.6044841e+25,0.000000
3,-3,-53,1.6026931e+25,0.000000
9,-5,52,1.6024597e+25,0.000000
6,-1,-24,1.602335e+25,0.000000
8,4,49,1.5978127e+25,0.000000
4,-4,-35,1.59745e+25,0.000000
3,1,-53,1.5879889e+25,0.000000
9,-1,17,1.5792236e+25,0.000000
10,6,33,1.5667271e+25,0.000000
10,6,32,1.5606387e+25,0.000000
8,-4,54,1.5532929e+25,0.000000
3,1,-52,1.5493667e+25,0.000000
10,6,34,1.5285078e+25,0.000000
6,-2,-30,1.5230816e+25,0.000000
10,6,31,1.5149132e+25,0.000000
10,5,27,1.5055464e+25,0.000000
6,3,-21,1.4996598e+25,0.000000
9,-1,21,1.4993916e+25,0.000000
2,1,-54,1.4963144e+25,0.000000
4,-1,-47,1.4845167e+25,0.000000
7,0,-30,1.4816096e+25,0.000000
7,0,30,1.4816096e+25,0.000000
7,-1,-28,1.4802754e+25,0.000000
2,2,-39,1.4791623e+25,0.000000
9,1,13,1.4773508e+25,0.000000
9,-1,16,1.4718529e+25,0.000000
4,2,-36,1.469187e+25,0.000000
10,6,27,1.4680836e+25,0.000000
3,-3,-54,1.465875e+25,0.000000
7,-1,36,1.4651583e+25,0.000000
9,6,47,1.4634434e+25,0.000000
8,1,-11,1.4554607e+25,0.000000
10,6,35,1.4506951e+25,0.000000
8,5,55,1.4373516e+25,0.000000
10,6,30,1.4367828e+25,0.000000
8,1,28,1.4331707e+25,0.000000
6,4,-20,1.4252438e+25,0.000000
7,-5,-13,1.4160214e+25,0.000000
2,1,-55,1.4157039e+25,0.000000
5,3,-30,1.4021584e+25,0.000000
6,-4,-26,1.4021546e+25,0.000000
8,0,-16,1.3813704e+25,0.000000
8,0,16,1.3813704e+25,0.000000
9,-4,30,1.3747863e+25,0.000000
10,10,12,1.3693411e+25,0.000000
10,6,29,1.3644241e+25,0.000000
10,3,4,1.3577755e+25,0.000000
3,-3,-55,1.3577325e+25,0.000000
10,4,27,1.3543674e+25,0.000000
7,2,-22,1.3537523e+25,0.000000
4,1,-45,1.3535949e+25,0.000000
10,-2,7,1.3517953e+25,0.000000
6,2,-30,1.35159e+25,0.000000
10,6,28,1.3483579e+25,0.000000
10,6,36,1.3422649e+25,0.000000
10,7,46,1.3413378e+25,0.000000
8,-1,-10,1.3410079e+25,0.000000
6,-1,30,1.3378551e+25,0.000000
9,7,-6,1.3337621e+25,0.000000
9,5,43,1.3335688e+25,0.000000
6,0,-46,1.319226e+25,0.000000
6,0,46,1.319226e+25,0.000000
10,-4,32,1.3163062e+25,0.000000
8,4,50,1.3130341e+25,0.000000
10,-3,17,1.3002609e+25,0.000000
10,5,28,1.2938226e+25,0.000000
4,-3,-40,1.2920463e+25,0.000000
6,-3,-17,1.2794554e+25,0.000000
6,1,-37,1.2763284e+25,0.000000
9,-1,22,1.27473e+25,0.000000
6,-6,-16,1.265184e+25,0.000000
5,0,-53,1.2610434e+25,0.000000
5,0,53,1.2610434e+25,0.000000
3,-2,-49,1.2594692e+25,0.000000
10,-9,-6,1.2461989e+25,0.000000
7,6,-6,1.2429557e+25,0.000000
6,1,53,1.2377548e+25,0.000000
7,1,-33,1.2351113e+25,0.000000
4,-2,40,1.2280354e+25,0.000000
5,1,-44,1.2230235e+25,0.000000
8,-4,55,1.2202344e+25,0.000000
10,6,37,1.2133104e+25,0.000000
8,-3,49,1.2080164e+25,0.000000
4,4,-24,1.2034591e+25,0.000000
9,9,-7,1.2028937e+25,0.000000
10,-5,36,1.2023601e+25,0.000000
8,3,46,1.2021977e+25,0.000000
7,1,38,1.200702e+25,0.000000
9,-5,53,1.1936517e+25,0.000000
5,5,-12,1.1918221e+25,0.000000
8,2,-20,1.1871858e+25,0.000000
8,-2,39,1.1777841e+25,0.000000
8,-1,-4,1.1689881e+25,0.000000
7,0,-31,1.1652539e+25,0.000000
7,0,31,1.1652539e+25,0.000000
4,2,-37,1.1650416e+25,0.000000
8,2,41,1.1577716e+25,0.000000
7,-2,46,1.1465929e+25,0.000000
10,3,2,1.1465666e+25,0.000000
7,3,-17,1.1465441e+25,0.000000
7,-4,-4,1.1434925e+25,0.000000
10,10,9,1.1344403e+25,0.000000
9,-3,31,1.1239899e+25,0.000000
5,-1,-43,1.1217448e+25,0.000000
5,-5,-23,1.1187714e+25,0.000000
10,9,10,1.105816e+25,0.000000
5,-4,-27,1.0989394e+25,0.000000
9,4,31,1.0983705e+25,0.000000
6,-1,-2,1.0943724e+25,0.000000
5,-2,-28,1.0941022e+25,0.000000
2,2,-40,1.0894357e+25,0.000000
10,4,28,1.0883904e+25,0.000000
10,5,29,1.0881078e+25,0.000000
7,2,45,1.0870657e+25,0.000000
9,3,29,1.0818174e+25,0.000000
3,2,-39,1.0814843e+25,0.000000
8,-1,29,1.0814549e+25,0.000000
5,-3,-36,1.0809287e+25,0.000000
10,6,38,1.0738847e+25,0.000000
8,4,51,1.0699643e+25,0.000000
10,7,47,1.0685427e+25,0.000000
10,-2,8,1.0588716e+25,0.000000
10,10,10,1.0460455e+25,0.000000
9,-1,23,1.0370801e+25,0.000000
3,3,-34,1.0370657e+25,0.000000
10,10,8,1.0341966e+25,0.000000
6,-1,-25,1.031272e+25,0.000000
9,2,17,1.0259204e+25,0.000000
10,10,11,1.0204159e+25,0.000000
4,3,-30,1.0174306e+25,0.000000
10,9,7,1.0170445e+25,0.000000
5,4,-18,1.0151708e+25,0.000000
7,-2,-21,1.012348e+25,0.000000
6,3,-22,1.0112999e+25,0.000000
10,-3,18,1.00928e+25,0.000000
4,-1,-48,1.0091297e+25,0.000000
10,9,8,1.0089625e+25,0.000000
10,2,6,1.0061967e+25,0.000000
10,-2,10,1.0044359e+25,0.000000
9,6,48,1.0009124e+25,0.000000
10,-2,11,9.9814606e+24,0.000000
10,-2,9,9.9633416e+24,0.000000
6,2,52,9.922246e+24,0.000000
7,-1,-29,9.9104304e+24,0.000000
10,3,5,9.6581762e+24,0.000000
6,-3,-18,9.6106727e+24,0.000000
7,-3,-15,9.5902524e+24,0.000000
10,-2,12,9.4503782e+24,0.000000
10,6,39,9.344312e+24,0.000000
6,1,54,9.2989918e+24,0.000000
8,0,-17,9.2079375e+24,0.000000
8,0,17,9.2079375e+24,0.000000
9,-5,54,9.195621e+24,0.000000
10,9,9,9.1092069e+24,0.000000
10,3,0,9.0795452e+24,0.000000
9,-4,-2,9.0282759e+24,0.000000
7,0,-32,8.9881086e+24,0.000000
7,0,32,8.9881086e+24,0.000000
10,-4,33,8.965707e+24,0.000000
10,5,30,8.9608683e+24,0.000000
10,-5,-1,8.9551253e+24,0.000000
3,-2,-50,8.8805573e+24,0.000000
4,2,-38,8.8460199e+24,0.000000
9,5,44,8.820821e+24,0.000000
9,3,-2,8.8005074e+24,0.000000
6,0,-47,8.7655599e+24,0.000000
6,0,47,8.7655599e+24,0.000000
8,3,47,8.7083801e+24,0.000000
10,7,48,8.6764342e+24,0.000000
8,1,29,8.6648224e+24,0.000000
8,4,52,8.6639945e+24,0.000000
5,2,-28,8.528683e+24,0.000000
10,4,29,8.5163044e+24,0.000000
8,-3,50,8.4993672e+24,0.000000
10,-2,13,8.4499049e+24,0.000000
4,-2,-20,8.441018e+24,0.000000
4,-4,-36,8.387609e+24,0.000000
2,2,-41,8.2800257e+24,0.000000
5,3,-31,8.2796877e+24,0.000000
10,-5,-2,8.1874415e+24,0.000000
10,-5,37,8.1460246e+24,0.000000
9,-3,32,8.1353416e+24,0.000000
9,-1,24,8.1296022e+24,0.000000
7,-5,-14,8.03421e+24,0.000000
5,0,-54,8.0087532e+24,0.000000
5,0,54,8.0087532e+24,0.000000
8,-2,40,7.957683e+24,0.000000
10,6,40,7.9476104e+24,0.000000
6,4,-21,7.8917637e+24,0.000000
9,-9,-8,7.8853655e+24,0.000000
6,-4,-27,7.8738481e+24,0.000000
7,1,-34,7.8729529e+24,0.000000
8,2,42,7.8711037e+24,0.000000
8,-6,-6,7.8582547e+24,0.000000
8,2,-21,7.7850284e+24,0.000000
4,-1,-49,7.684878e+24,0.000000
4,-3,-41,7.6846174e+24,0.000000
10,2,12,7.6693418e+24,0.000000
7,2,-23,7.6638963e+24,0.000000
10,9,6,7.654e+24,0.000000
9,1,-4,7.6144053e+24,0.000000
10,-3,19,7.5790078e+24,0.000000
10,10,7,7.5388756e+24,0.000000
6,1,-38,7.5151873e+24,0.000000
9,-4,31,7.4962283e+24,0.000000
9,2,23,7.4782787e+24,0.000000
10,2,13,7.474984e+24,0.000000
10,3,6,7.4423925e+24,0.000000
9,2,22,7.4399382e+24,0.000000
9,-1,-9,7.351314e+24,0.000000
4,1,-46,7.35095e+24,0.000000
9,-3,33,7.3389356e+24,0.000000
10,3,13,7.3110734e+24,0.000000
9,-3,34,7.2745561e+24,0.000000
7,-1,37,7.2715586e+24,0.000000
9,-5,55,7.262203e+24,0.000000
5,-2,-29,7.2536551e+24,0.000000
9,-3,35,7.2334223e+24,0.000000
10,5,31,7.22952e+24,0.000000
10,3,14,7.1921223e+24,0.000000
10,2,11,7.1756165e+24,0.000000
8,1,-12,7.1753986e+24,0.000000
9,2,24,7.1752842e+24,0.000000
10,-2,14,7.1353415e+24,0.000000
10,3,12,7.0987374e+24,0.000000
9,2,18,7.0969333e+24,0.000000
9,2,21,7.0706845e+24,0.000000
9,-1,-10,7.0558053e+24,0.000000
8,-2,-13,7.0376734e+24,0.000000
6,-3,-19,7.0336777e+24,0.000000
3,2,-40,7.0093445e+24,0.000000
8,4,53,6.9853058e+24,0.000000
6,-2,-31,6.9792883e+24,0.000000
9,-3,36,6.9711767e+24,0.000000
6,1,55,6.9625708e+24,0.000000
6,-6,-17,6.945723e+24,0.000000
10,6,41,6.933414e+24,0.000000
10,7,49,6.9169489e+24,0.000000
9,1,14,6.9161451e+24,0.000000
7,5,-8,6.9087765e+24,0.000000
8,-1,-11,6.9006013e+24,0.000000
8,-2,-8,6.855345e+24,0.000000
5,-5,-24,6.8212531e+24,0.000000
7,0,-33,6.8206705e+24,0.000000
7,0,33,6.8206705e+24,0.000000
9,6,49,6.7801589e+24,0.000000
6,-1,31,6.7651209e+24,0.000000
5,1,-45,6.7622883e+24,0.000000
10,3,15,6.7422549e+24,0.000000
6,3,-23,6.7315582e+24,0.000000
10,2,14,6.7141567e+24,0.000000
6,2,53,6.6681913e+24,0.000000
10,3,11,6.6431981e+24,0.000000
8,-2,-12,6.6267438e+24,0.000000
9,2,25,6.6012772e+24,0.000000
6,-1,-26,6.5850868e+24,0.000000
7,-1,-30,6.5714317e+24,0.000000
8,-2,-14,6.56391e+24,0.000000
3,-2,-51,6.5592665e+24,0.000000
5,-3,-37,6.5410779e+24,0.000000
9,2,20,6.5404599e+24,0.000000
10,4,30,6.4987754e+24,0.000000
4,2,-39,6.4966752e+24,0.000000
2,2,-42,6.4931678e+24,0.000000
7,-2,47,6.468178e+24,0.000000
9,-3,37,6.466036e+24,0.000000
6,2,55,6.412712e+24,0.000000
9,4,32,6.3677293e+24,0.000000
7,2,46,6.3279935e+24,0.000000
8,-1,30,6.3194077e+24,0.000000
4,-1,-50,6.3012663e+24,0.000000
8,3,48,6.2863412e+24,0.000000
9,2,19,6.2808028e+24,0.000000
10,3,7,6.2791539e+24,0.000000
5,-2,-30,6.2251969e+24,0.000000
9,-1,-8,6.1773116e+24,0.000000
9,-1,25,6.1740257e+24,0.000000
5,-1,-44,6.1607698e+24,0.000000
10,3,10,6.1196154e+24,0.000000
10,2,10,6.1122243e+24,0.000000
9,1,-9,6.0899135e+24,0.000000
6,2,-31,6.0643019e+24,0.000000
10,3,16,6.0277422e+24,0.000000
10,2,7,6.0228096e+24,0.000000
5,-4,-28,6.0222e+24,0.000000
10,-4,34,5.9779146e+24,0.000000
8,-3,51,5.972528e+24,0.000000
6,2,54,5.9610754e+24,0.000000
7,-2,-22,5.9291396e+24,0.000000
8,0,-18,5.9132879e+24,0.000000
8,0,18,5.9132879e+24,0.000000
10,10,4,5.8869914e+24,0.000000
4,4,-25,5.8864167e+24,0.000000
9,-1,-11,5.8797668e+24,0.000000
4,-2,41,5.856444e+24,0.000000
9,2,26,5.8543392e+24,0.000000
4,3,-31,5.8245773e+24,0.000000
9,5,45,5.7907008e+24,0.000000
5,-2,-31,5.7857156e+24,0.000000
9,-3,38,5.7853266e+24,0.000000
6,0,-48,5.7842767e+24,0.000000
6,0,48,5.7842767e+24,0.000000
10,3,8,5.7601073e+24,0.000000
10,3,9,5.7544435e+24,0.000000
10,5,32,5.7157886e+24,0.000000
10,-2,15,5.7032511e+24,0.000000
3,3,-35,5.658504e+24,0.000000
9,3,30,5.6295205e+24,0.000000
7,1,39,5.6190977e+24,0.000000
8,4,54,5.6178299e+24,0.000000
10,2,15,5.6132973e+24,0.000000
5,4,-19,5.6042954e+24,0.000000
8,-2,-15,5.5887574e+24,0.000000
9,1,-10,5.5449789e+24,0.000000
5,2,-29,5.5330317e+24,0.000000
9,1,-8,5.5324365e+24,0.000000
10,7,50,5.5060064e+24,0.000000
10,6,42,5.4981996e+24,0.000000
10,-3,20,5.4946796e+24,0.000000
7,-4,-10,5.4054349e+24,0.000000
10,-5,38,5.4021606e+24,0.000000
8,-2,41,5.346e+24,0.000000
10,10,5,5.3411174e+24,0.000000
10,10,6,5.3411152e+24,0.000000
4,-1,-51,5.330703e+24,0.000000
8,2,43,5.322832e+24,0.000000
9,-1,-4,5.298012e+24,0.000000
5,-2,-32,5.2976293e+24,0.000000
5,5,-13,5.2725066e+24,0.000000
2,2,-43,5.2353082e+24,0.000000
5,0,-55,5.2284969e+24,0.000000
5,0,55,5.2284969e+24,0.000000
7,-4,-11,5.2025429e+24,0.000000
10,8,-6,5.175967e+24,0.000000
10,3,17,5.1488531e+24,0.000000
8,-2,-11,5.1358312e+24,0.000000
8,1,30,5.1197117e+24,0.000000
7,0,-34,5.1048612e+24,0.000000
7,0,34,5.1048612e+24,0.000000
3,-2,-52,5.1016505e+24,0.000000
7,5,-9,5.0891081e+24,0.000000
6,-3,-20,5.0389452e+24,0.000000
9,2,27,5.0291093e+24,0.000000
9,-3,39,5.0159294e+24,0.000000
8,2,-22,4.9980866e+24,0.000000
7,1,-35,4.9901955e+24,0.000000
10,2,9,4.959041e+24,0.000000
6,-5,-10,4.937454e+24,0.000000
5,3,-32,4.8835524e+24,0.000000
10,4,31,4.8423354e+24,0.000000
7,-1,-2,4.8071955e+24,0.000000
10,6,44,4.8041873e+24,0.000000
9,8,-6,4.7870635e+24,0.000000
10,10,3,4.7259897e+24,0.000000
7,-4,-9,4.6635335e+24,0.000000
5,-2,-33,4.6620011e+24,0.000000
4,2,-40,4.6494712e+24,0.000000
5,2,-30,4.6189617e+24,0.000000
10,2,8,4.578126e+24,0.000000
4,-3,-42,4.5694962e+24,0.000000
9,-1,26,4.5620654e+24,0.000000
9,6,50,4.5598619e+24,0.000000
10,9,5,4.5291493e+24,0.000000
8,3,49,4.525347e+24,0.000000
4,-1,-52,4.5192686e+24,0.000000
3,2,-41,4.5172437e+24,0.000000
8,4,55,4.5146939e+24,0.000000
10,-3,0,4.4847413e+24,0.000000
10,6,43,4.4738086e+24,0.000000
4,-4,-37,4.4643608e+24,0.000000
7,-4,-12,4.4629865e+24,0.000000
9,1,-11,4.4521651e+24,0.000000
8,-2,-16,4.4483411e+24,0.000000
6,3,-24,4.4307941e+24,0.000000
10,5,33,4.4288827e+24,0.000000
7,3,-18,4.4199029e+24,0.000000
7,-5,-15,4.4192779e+24,0.000000
6,-4,-28,4.416816e+24,0.000000
10,7,51,4.4166216e+24,0.000000
9,-1,-12,4.4137463e+24,0.000000
10,2,16,4.4014293e+24,0.000000
6,1,-39,4.3857535e+24,0.000000
4,1,-47,4.3715809e+24,0.000000
9,1,19,4.3586944e+24,0.000000
6,4,-22,4.3475224e+24,0.000000
10,-2,16,4.3244642e+24,0.000000
7,-1,-31,4.3206374e+24,0.000000
2,2,-44,4.3159123e+24,0.000000
10,9,3,4.2781436e+24,0.000000
6,-1,32,4.2759303e+24,0.000000
7,2,-24,4.2545411e+24,0.000000
9,1,20,4.245162e+24,0.000000
9,-3,40,4.2336622e+24,0.000000
10,3,18,4.2104318e+24,0.000000
9,2,28,4.2019101e+24,0.000000
7,-3,-16,4.1985027e+24,0.000000
8,-3,52,4.1932414e+24,0.000000
6,-5,-9,4.1898264e+24,0.000000
5,2,-31,4.1786006e+24,0.000000
5,-5,-25,4.1768317e+24,0.000000
6,-1,-27,4.1753847e+24,0.000000
3,-2,-53,4.1712735e+24,0.000000
6,-5,-11,4.1623554e+24,0.000000
9,1,18,4.1429572e+24,0.000000
9,-4,32,4.1217648e+24,0.000000
10,2,2,4.0520487e+24,0.000000
8,1,-13,4.0350569e+24,0.000000
9,4,33,4.0270339e+24,0.000000
8,4,-7,3.9972432e+24,0.000000
10,-7,-5,3.9541116e+24,0.000000
5,-3,-38,3.951823e+24,0.000000
5,-2,-34,3.9422791e+24,0.000000
10,-4,35,3.9018423e+24,0.000000
9,1,21,3.868528e+24,0.000000
9,1,15,3.8667507e+24,0.000000
5,1,-46,3.8516816e+24,0.000000
10,-3,21,3.8383119e+24,0.000000
4,-2,-21,3.8287702e+24,0.000000
8,1,-17,3.8087146e+24,0.000000
6,-6,-18,3.7958911e+24,0.000000
9,5,46,3.7889504e+24,0.000000
6,0,-49,3.7889035e+24,0.000000
6,0,49,3.7889035e+24,0.000000
4,-1,-53,3.7800595e+24,0.000000
7,0,-35,3.7759839e+24,0.000000
7,0,35,3.7759839e+24,0.000000
8,1,-18,3.7406512e+24,0.000000
5,2,-32,3.7325791e+24,0.000000
10,10,1,3.724861e+24,0.000000
9,1,17,3.6690489e+24,0.000000
8,0,-19,3.6673624e+24,0.000000
8,0,19,3.6673624e+24,0.000000
10,9,4,3.647503e+24,0.000000
7,2,47,3.6398325e+24,0.000000
8,1,-16,3.6282127e+24,0.000000
2,2,-45,3.6156319e+24,0.000000
7,-2,48,3.6111156e+24,0.000000
8,-1,31,3.6044692e+24,0.000000
9,1,-7,3.6023028e+24,0.000000
8,2,44,3.5812412e+24,0.000000
8,-2,42,3.5725987e+24,0.000000
3,-2,-54,3.5570139e+24,0.000000
6,-3,-21,3.5468241e+24,0.000000
7,-4,-13,3.5413647e+24,0.000000
9,-1,-7,3.5376321e+24,0.000000
10,4,32,3.5257853e+24,0.000000
10,-5,39,3.503099e+24,0.000000
9,-3,41,3.4932339e+24,0.000000
10,10,0,3.4848969e+24,0.000000
7,-1,38,3.4823034e+24,0.000000
6,-1,33,3.4644174e+24,0.000000
8,1,-19,3.452226e+24,0.000000
5,-1,-45,3.4349813e+24,0.000000
9,2,29,3.4261494e+24,0.000000
10,7,52,3.4151957e+24,0.000000
7,-2,-23,3.4106402e+24,0.000000
10,9,2,3.4066715e+24,0.000000
6,-6,-7,3.3977611e+24,0.000000
9,-6,-5,3.3808657e+24,0.000000
10,5,34,3.3629474e+24,0.000000
8,-2,-17,3.3614886e+24,0.000000
4,3,-32,3.3398124e+24,0.000000
9,1,22,3.3369845e+24,0.000000
9,3,31,3.3187679e+24,0.000000
10,5,-3,3.3144284e+24,0.000000
8,-1,-12,3.3114231e+24,0.000000
10,10,2,3.3071983e+24,0.000000
8,1,-15,3.3017151e+24,0.000000
10,3,19,3.3014032e+24,0.000000
9,1,16,3.2955241e+24,0.000000
9,-1,27,3.2912723e+24,0.000000
5,-4,-29,3.2902066e+24,0.000000
8,1,0,3.2837658e+24,0.000000
4,2,-41,3.2617745e+24,0.000000
9,1,-12,3.2543745e+24,0.000000
10,2,17,3.2538895e+24,0.000000
8,3,50,3.2507088e+24,0.000000
8,-8,-8,3.2437824e+24,0.000000
5,-2,-35,3.2217117e+24,0.000000
5,2,-33,3.2099877e+24,0.000000
6,-1,34,3.2090449e+24,0.000000
8,1,-14,3.1837927e+24,0.000000
9,4,39,3.162889e+24,0.000000
8,2,-23,3.1494649e+24,0.000000
7,1,-36,3.1459504e+24,0.000000
10,-4,-2,3.1445635e+24,0.000000
3,-2,-55,3.1285779e+24,0.000000
9,4,38,3.126604e+24,0.000000
10,-2,17,3.11496e+24,0.000000
9,4,40,3.1102074e+24,0.000000
3,3,-36,3.102543e+24,0.000000
4,-1,-54,3.0970421e+24,0.000000
5,4,-20,3.0752915e+24,0.000000
8,6,-6,3.0744306e+24,0.000000
9,6,51,3.0667865e+24,0.000000
2,2,-46,3.0609955e+24,0.000000
8,-2,-10,3.057676e+24,0.000000
6,-5,-12,3.0539074e+24,0.000000
6,-1,35,3.0504656e+24,0.000000
6,-2,-32,3.0458899e+24,0.000000
9,-1,-13,3.0441867e+24,0.000000
9,4,34,3.0375214e+24,0.000000
7,4,-9,3.0327144e+24,0.000000
8,1,-20,3.0213591e+24,0.000000
9,4,37,3.001438e+24,0.000000
9,4,41,2.9555272e+24,0.000000
8,1,31,2.9524644e+24,0.000000
8,-3,53,2.942132e+24,0.000000
4,1,-48,2.9389627e+24,0.000000
7,5,-10,2.9050271e+24,0.000000
8,-1,-3,2.8997742e+24,0.000000
3,2,-42,2.8961003e+24,0.000000
6,3,-25,2.8886264e+24,0.000000
4,4,-26,2.8818597e+24,0.000000
5,3,-33,2.8776735e+24,0.000000
10,10,-2,2.8737064e+24,0.000000
10,6,45,2.8489471e+24,0.000000
9,4,36,2.8422553e+24,0.000000
6,-1,36,2.8392798e+24,0.000000
7,-4,-8,2.8364674e+24,0.000000
9,-3,42,2.8272591e+24,0.000000
7,-1,-32,2.8196984e+24,0.000000
7,4,-10,2.7857203e+24,0.000000
9,4,35,2.7755025e+24,0.000000
7,0,-36,2.7650221e+24,0.000000
7,0,36,2.7650221e+24,0.000000
9,1,23,2.7510408e+24,0.000000
9,2,30,2.733813e+24,0.000000
8,-1,0,2.7324444e+24,0.000000
9,4,42,2.7235011e+24,0.000000
4,-3,-43,2.7170055e+24,0.000000
10,7,53,2.6711704e+24,0.000000
4,-2,42,2.659342e+24,0.000000
7,-4,-14,2.6567375e+24,0.000000
5,2,-34,2.6558039e+24,0.000000
6,-1,-28,2.6307506e+24,0.000000
2,2,-47,2.6070972e+24,0.000000
6,-5,-7,2.6042274e+24,0.000000
7,1,40,2.5985157e+24,0.000000
7,4,-8,2.5971983e+24,0.000000
6,2,-32,2.5912959e+24,0.000000
10,-3,22,2.5780658e+24,0.000000
5,-5,-26,2.5658804e+24,0.000000
5,-2,-36,2.5600076e+24,0.000000
6,-1,37,2.5568121e+24,0.000000
6,1,-40,2.5324945e+24,0.000000
8,1,-21,2.5294762e+24,0.000000
10,4,33,2.5098807e+24,0.000000
10,5,35,2.5016042e+24,0.000000
10,-4,36,2.49267e+24,0.000000
9,3,32,2.4917994e+24,0.000000
9,5,47,2.4857172e+24,0.000000
10,3,20,2.4846116e+24,0.000000
4,-1,-55,2.4784265e+24,0.000000
6,-4,-29,2.4741562e+24,0.000000
6,0,-50,2.4625477e+24,0.000000
6,0,50,2.4625477e+24,0.000000
9,-4,33,2.4612545e+24,0.000000
6,-3,-22,2.4602543e+24,0.000000
9,4,43,2.4593695e+24,0.000000
9,3,35,2.4536069e+24,0.000000
5,5,-14,2.4423735e+24,0.000000
9,3,36,2.4387656e+24,0.000000
8,-2,-18,2.4374828e+24,0.000000
4,-4,-38,2.4305849e+24,0.000000
8,2,45,2.3974783e+24,0.000000
9,4,-3,2.3948899e+24,0.000000
9,3,34,2.3895623e+24,0.000000
6,4,-23,2.3836391e+24,0.000000
5,-3,-39,2.383071e+24,0.000000
8,-2,43,2.3759173e+24,0.000000
7,-5,-16,2.3691125e+24,0.000000
10,-10,-8,2.3673304e+24,0.000000
10,10,-6,2.36467e+24,0.000000
5,1,-47,2.3371232e+24,0.000000
8,3,51,2.3314691e+24,0.000000
8,-2,-9,2.3308607e+24,0.000000
9,3,37,2.330644e+24,0.000000
9,3,33,2.3303449e+24,0.000000
9,-1,28,2.3244731e+24,0.000000
7,2,-25,2.3145042e+24,0.000000
10,6,46,2.2956981e+24,0.000000
10,2,18,2.2751918e+24,0.000000
7,4,-11,2.2741094e+24,0.000000
10,7,54,2.2725992e+24,0.000000
4,2,-42,2.2553478e+24,0.000000
9,-3,43,2.2514455e+24,0.000000
6,-1,38,2.2291511e+24,0.000000
2,2,-48,2.2265281e+24,0.000000
10,-5,40,2.2192907e+24,0.000000
4,1,-49,2.2188345e+24,0.000000
10,10,-1,2.207019e+24,0.000000
9,1,-13,2.2021034e+24,0.000000
8,0,-20,2.1995665e+24,0.000000
8,0,20,2.1995665e+24,0.000000
9,1,24,2.1837939e+24,0.000000
9,4,44,2.1748191e+24,0.000000
6,1,-1,2.154625e+24,0.000000
9,3,38,2.1466234e+24,0.000000
9,2,31,2.1394996e+24,0.000000
10,-2,18,2.1322895e+24,0.000000
10,10,-4,2.1254162e+24,0.000000
5,2,-35,2.1253358e+24,0.000000
7,-3,-3,2.1186761e+24,0.000000
10,9,0,2.1142671e+24,0.000000
6,-5,-13,2.1058947e+24,0.000000
7,2,48,2.0755871e+24,0.000000
6,-6,-19,2.071144e+24,0.000000
8,-3,54,2.0630762e+24,0.000000
9,6,52,2.0569241e+24,0.000000
9,1,-5,2.0475007e+24,0.000000
8,1,-22,2.0405293e+24,0.000000
7,-2,49,2.0119326e+24,0.000000
7,0,-37,2.0072522e+24,0.000000
7,0,37,2.0072522e+24,0.000000
8,-1,32,2.0043748e+24,0.000000
5,-2,-37,1.9882174e+24,0.000000
5,-1,-46,1.9839608e+24,0.000000
9,6,-5,1.9780096e+24,0.000000
7,1,-37,1.9726202e+24,0.000000
10,-3,1,1.960103e+24,0.000000
8,2,-24,1.9517291e+24,0.000000
9,-1,-14,1.9494189e+24,0.000000
7,-2,-24,1.9263763e+24,0.000000
4,3,-33,1.9180772e+24,0.000000
9,3,39,1.9142593e+24,0.000000
7,-4,-15,1.9109188e+24,0.000000
2,2,-49,1.9023295e+24,0.000000
6,-1,39,1.8895124e+24,0.000000
9,4,45,1.8877113e+24,0.000000
6,3,-26,1.8680176e+24,0.000000
9,-1,-5,1.8607994e+24,0.000000
3,2,-43,1.8483976e+24,0.000000
7,-1,-33,1.8277469e+24,0.000000
10,9,1,1.8231992e+24,0.000000
10,5,36,1.8220587e+24,0.000000
4,1,-50,1.8072145e+24,0.000000
10,9,-1,1.7975673e+24,0.000000
10,3,21,1.7952378e+24,0.000000
8,-1,-18,1.7934289e+24,0.000000
5,-4,-30,1.7910158e+24,0.000000
8,-1,-17,1.7788653e+24,0.000000
9,-3,44,1.7683414e+24,0.000000
10,10,-3,1.7564231e+24,0.000000
9,-4,34,1.754127e+24,0.000000
10,4,34,1.7470635e+24,0.000000
8,-1,-13,1.7417848e+24,0.000000
7,4,-12,1.7325758e+24,0.000000
10,6,47,1.7304044e+24,0.000000
8,4,-8,1.7227495e+24,0.000000
7,-3,-17,1.7181267e+24,0.000000
3,3,-37,1.7099205e+24,0.000000
4,-2,-22,1.7097966e+24,0.000000
8,-2,-19,1.7090677e+24,0.000000
5,3,-34,1.6943107e+24,0.000000
8,-1,-19,1.6880143e+24,0.000000
8,3,-8,1.6862926e+24,0.000000
6,-3,-23,1.685838e+24,0.000000
7,3,-19,1.6842142e+24,0.000000
9,1,25,1.6788738e+24,0.000000
5,4,-21,1.677392e+24,0.000000
8,3,52,1.6703946e+24,0.000000
10,-3,23,1.6612006e+24,0.000000
9,3,40,1.6604357e+24,0.000000
8,1,32,1.6597668e+24,0.000000
5,2,-36,1.6549075e+24,0.000000
9,5,48,1.6495143e+24,0.000000
6,-1,-29,1.647953e+24,0.000000
10,7,55,1.6462373e+24,0.000000
9,2,32,1.6453015e+24,0.000000
8,-1,-16,1.6340567e+24,0.000000
2,2,-50,1.6236093e+24,0.000000
4,-3,-44,1.6160709e+24,0.000000
9,4,46,1.6121133e+24,0.000000
7,-1,39,1.6115548e+24,0.000000
9,-1,29,1.6107896e+24,0.000000
8,3,-7,1.6043105e+24,0.000000
8,2,46,1.5966736e+24,0.000000
8,1,-23,1.5955087e+24,0.000000
6,0,-51,1.5882735e+24,0.000000
6,0,51,1.5882735e+24,0.000000
5,-5,-27,1.580428e+24,0.000000
8,-2,44,1.572677e+24,0.000000
7,5,-11,1.5659467e+24,0.000000
6,-1,40,1.5643457e+24,0.000000
10,-4,37,1.5584858e+24,0.000000
4,2,-43,1.5456826e+24,0.000000
5,1,-48,1.541324e+24,0.000000
9,-4,38,1.5382656e+24,0.000000
9,-4,37,1.5295879e+24,0.000000
9,-4,35,1.5269426e+24,0.000000
4,1,-51,1.5201385e+24,0.000000
5,-2,-38,1.5154462e+24,0.000000
10,2,19,1.5065111e+24,0.000000
9,-4,39,1.5027948e+24,0.000000
9,-4,36,1.5021052e+24,0.000000
8,-1,-20,1.5009562e+24,0.000000
7,0,-38,1.446281e+24,0.000000
7,0,38,1.446281e+24,0.000000
8,-3,55,1.4455352e+24,0.000000
6,1,-41,1.4438892e+24,0.000000
9,-2,4,1.442365e+24,0.000000
6,6,-9,1.4354518e+24,0.000000
5,-3,-40,1.4346391e+24,0.000000
9,-4,40,1.4220872e+24,0.000000
8,-1,-15,1.4190723e+24,0.000000
6,-5,-14,1.4138144e+24,0.000000
4,4,-27,1.4123513e+24,0.000000
9,3,41,1.406779e+24,0.000000
9,6,53,1.4038358e+24,0.000000
8,3,-9,1.3998473e+24,0.000000
9,1,-14,1.3909295e+24,0.000000
10,-2,19,1.386074e+24,0.000000
6,-4,-30,1.3838786e+24,0.000000
2,2,-51,1.3830343e+24,0.000000
10,-5,41,1.3733024e+24,0.000000
9,-3,45,1.3730476e+24,0.000000
4,-4,-39,1.371056e+24,0.000000
9,4,47,1.3570971e+24,0.000000
10,9,-3,1.3466775e+24,0.000000
9,-2,2,1.3458788e+24,0.000000
8,-2,-4,1.3431541e+24,0.000000
10,3,1,1.3349999e+24,0.000000
7,-4,-16,1.3304375e+24,0.000000
10,6,48,1.3285207e+24,0.000000
8,-1,-14,1.3247219e+24,0.000000
6,-6,-8,1.3101207e+24,0.000000
9,-4,41,1.3060543e+24,0.000000
6,4,-24,1.3013019e+24,0.000000
10,5,37,1.2984743e+24,0.000000
9,1,-6,1.2856036e+24,0.000000
4,1,-52,1.2817648e+24,0.000000
8,4,-4,1.279734e+24,0.000000
7,1,41,1.2782545e+24,0.000000
8,0,-21,1.2763384e+24,0.000000
8,0,21,1.2763384e+24,0.000000
8,-1,-21,1.2739884e+24,0.000000
6,-1,41,1.2702505e+24,0.000000
7,4,-13,1.2611072e+24,0.000000
5,2,-37,1.2602186e+24,0.000000
6,-5,-8,1.2583142e+24,0.000000
9,1,26,1.2555581e+24,0.000000
9,2,33,1.2451825e+24,0.000000
10,3,22,1.2446978e+24,0.000000
7,-5,-17,1.2417695e+24,0.000000
6,-2,-33,1.2411579e+24,0.000000
7,2,-26,1.2323432e+24,0.000000
7,1,-38,1.2299697e+24,0.000000
5,-1,-47,1.2182148e+24,0.000000
8,1,-24,1.2149946e+24,0.000000
6,3,-27,1.1998277e+24,0.000000
8,3,53,1.1959137e+24,0.000000
8,2,-25,1.1915206e+24,0.000000
10,4,35,1.1891081e+24,0.000000
7,2,49,1.1838806e+24,0.000000
5,5,-15,1.1821214e+24,0.000000
7,-1,-34,1.1774855e+24,0.000000
3,2,-44,1.1757475e+24,0.000000
2,2,-52,1.1752329e+24,0.000000
9,3,42,1.168135e+24,0.000000
9,-4,42,1.1679597e+24,0.000000
8,-2,-20,1.1653517e+24,0.000000
9,-1,-15,1.1643877e+24,0.000000
9,-2,5,1.1642308e+24,0.000000
9,-2,3,1.1562661e+24,0.000000
4,-2,43,1.144985e+24,0.000000
6,-3,-24,1.1434245e+24,0.000000
7,-2,50,1.1410463e+24,0.000000
5,-2,-39,1.1372428e+24,0.000000
6,-6,-20,1.1304544e+24,0.000000
9,4,48,1.1284258e+24,0.000000
7,4,-7,1.1264646e+24,0.000000
9,5,49,1.1211135e+24,0.000000
5,1,-49,1.1111981e+24,0.000000
4,3,-34,1.1032098e+24,0.000000
9,-1,30,1.0969869e+24,0.000000
8,-1,33,1.0862199e+24,0.000000
7,-2,-25,1.0674335e+24,0.000000
4,1,-53,1.0662944e+24,0.000000
8,2,47,1.057382e+24,0.000000
4,2,-44,1.0572235e+24,0.000000
9,-3,46,1.0559285e+24,0.000000
10,10,-5,1.0527898e+24,0.000000
6,6,-10,1.0465004e+24,0.000000
10,7,-5,1.0421149e+24,0.000000
8,-1,-22,1.0407836e+24,0.000000
8,-2,45,1.0361762e+24,0.000000
7,0,-39,1.0353387e+24,0.000000
7,0,39,1.0353387e+24,0.000000
6,2,-33,1.0338063e+24,0.000000
6,-1,-30,1.0267421e+24,0.000000
10,-3,24,1.0246633e+24,0.000000
9,-4,43,1.0204106e+24,0.000000
8,3,-10,1.0201722e+24,0.000000
6,0,-52,1.0177905e+24,0.000000
6,0,52,1.0177905e+24,0.000000
6,-1,42,1.0151776e+24,0.000000
10,6,49,1.0092909e+24,0.000000
9,-1,-6,1.0037595e+24,0.000000
5,3,-35,9.9670075e+23,0.000000
2,2,-53,9.960118e+23,0.000000
9,6,54,9.7587096e+23,0.000000
5,-5,-28,9.7540034e+23,0.000000
5,-4,-31,9.7059989e+23,0.000000
4,-3,-45,9.6218569e+23,0.000000
10,-4,38,9.5382984e+23,0.000000
9,3,43,9.5358248e+23,0.000000
3,3,-38,9.4773454e+23,0.000000
10,2,20,9.4407917e+23,0.000000
5,2,-38,9.4233576e+23,0.000000
6,-5,-15,9.4001029e+23,0.000000
9,2,34,9.2861432e+23,0.000000
9,4,49,9.268195e+23,0.000000
9,1,27,9.1666539e+23,0.000000
9,-3,-2,9.1359287e+23,0.000000
5,4,-22,9.0957002e+23,0.000000
8,1,33,9.0923687e+23,0.000000
10,5,38,9.0459008e+23,0.000000
8,1,-25,9.0458064e+23,0.000000
7,-4,-17,9.027391e+23,0.000000
7,4,-14,8.8798531e+23,0.000000
9,-4,44,8.7359099e+23,0.000000
10,9,-5,8.6918587e+23,0.000000
4,1,-54,8.6881443e+23,0.000000
9,-2,6,8.631733e+23,0.000000
5,-3,-41,8.6215395e+23,0.000000
5,1,-50,8.6193452e+23,0.000000
8,3,54,8.55787e+23,0.000000
10,-2,20,8.5396479e+23,0.000000
5,-2,-40,8.4227788e+23,0.000000
2,2,-54,8.4185651e+23,0.000000
10,-5,42,8.3148387e+23,0.000000
9,-8,-7,8.2912722e+23,0.000000
7,5,-12,8.2882889e+23,0.000000
10,3,23,8.2708502e+23,0.000000
8,3,-6,8.2412551e+23,0.000000
8,-1,-23,8.2368562e+23,0.000000
9,1,-15,8.2256329e+23,0.000000
4,-4,-40,8.1523882e+23,0.000000
5,-1,-48,8.1266953e+23,0.000000
6,1,-42,8.1072254e+23,0.000000
9,-3,47,8.057464e+23,0.000000
6,-1,43,8.0085027e+23,0.000000
10,9,-2,7.9389739e+23,0.000000
10,4,36,7.9122453e+23,0.000000
9,5,50,7.8318877e+23,0.000000
8,-2,-21,7.7611259e+23,0.000000
6,-4,-31,7.7235022e+23,0.000000
7,1,42,7.7121102e+23,0.000000
6,-3,-25,7.6889218e+23,0.000000
9,3,44,7.6714659e+23,0.000000
6,3,-28,7.6629022e+23,0.000000
7,1,-39,7.6248938e+23,0.000000
10,6,50,7.5946758e+23,0.000000
7,-1,-35,7.541315e+23,0.000000
9,4,50,7.5404125e+23,0.000000
10,10,-7,7.5311623e+23,0.000000
4,-2,-23,7.4879256e+23,0.000000
3,2,-45,7.4680242e+23,0.000000
7,3,-20,7.383919e+23,0.000000
7,0,-40,7.3697675e+23,0.000000
7,0,40,7.3697675e+23,0.000000
7,-1,40,7.358668e+23,0.000000
9,-1,31,7.3533658e+23,0.000000
9,-4,45,7.3477756e+23,0.000000
4,2,-45,7.278154e+23,0.000000
8,2,-26,7.1745156e+23,0.000000
8,0,-22,7.1612709e+23,0.000000
8,0,22,7.1612709e+23,0.000000
2,2,-55,7.0969692e+23,0.000000
9,0,-11,7.0822806e+23,0.000000
9,0,11,7.0822806e+23,0.000000
6,4,-25,7.0769945e+23,0.000000
9,6,55,7.0369051e+23,0.000000
5,1,-51,7.0025588e+23,0.000000
8,2,48,6.9573866e+23,0.000000
5,2,-39,6.9409501e+23,0.000000
4,4,-28,6.929792e+23,0.000000
4,1,-55,6.9139007e+23,0.000000
7,-4,-7,6.9028677e+23,0.000000
7,2,50,6.8887702e+23,0.000000
7,-2,51,6.8432239e+23,0.000000
9,2,35,6.8315398e+23,0.000000
9,0,-10,6.8234892e+23,0.000000
9,0,10,6.8234892e+23,0.000000
8,3,-11,6.8050653e+23,0.000000
8,-2,46,6.7936092e+23,0.000000
9,0,-12,6.730369e+23,0.000000
9,0,12,6.730369e+23,0.000000
6,6,-7,6.6096314e+23,0.000000
8,1,-26,6.6054307e+23,0.000000
9,1,28,6.5507976e+23,0.000000
7,-3,-18,6.550001e+23,0.000000
6,0,-53,6.5009603e+23,0.000000
6,0,53,6.5009603e+23,0.000000
9,-1,-16,6.4879045e+23,0.000000
7,2,-27,6.4093438e+23,0.000000
5,4,-5,6.3934214e+23,0.000000
9,-2,7,6.3860369e+23,0.000000
7,-5,-18,6.3749487e+23,0.000000
6,-1,-31,6.3641414e+23,0.000000
4,3,-35,6.3538734e+23,0.000000
8,-1,-24,6.3471537e+23,0.000000
7,1,46,6.3224817e+23,0.000000
6,-1,44,6.2510803e+23,0.000000
6,-5,-16,6.2397517e+23,0.000000
7,1,45,6.230178e+23,0.000000
7,1,47,6.2198667e+23,0.000000
7,1,43,6.2146434e+23,0.000000
6,-6,-21,6.1800897e+23,0.000000
5,-2,-41,6.1679626e+23,0.000000
10,5,39,6.1545527e+23,0.000000
8,3,55,6.1202999e+23,0.000000
9,0,-4,6.1200768e+23,0.000000
9,0,4,6.1200768e+23,0.000000
9,-3,48,6.1105672e+23,0.000000
10,2,0,6.1099909e+23,0.000000
9,3,45,6.0963419e+23,0.000000
7,4,-15,6.0918474e+23,0.000000
9,-4,46,6.085336e+23,0.000000
9,4,51,6.0815145e+23,0.000000
7,1,44,6.0592781e+23,0.000000
10,-3,25,6.0443615e+23,0.000000
5,-5,-29,6.0299498e+23,0.000000
7,-4,-18,5.9997354e+23,0.000000
9,0,-13,5.9508902e+23,0.000000
9,0,13,5.9508902e+23,0.000000
5,5,-16,5.9500344e+23,0.000000
7,1,48,5.9284981e+23,0.000000
5,-1,-49,5.9186625e+23,0.000000
9,0,-9,5.880352e+23,0.000000
9,0,9,5.880352e+23,0.000000
5,3,-36,5.8582051e+23,0.000000
5,1,-52,5.8094867e+23,0.000000
6,6,-11,5.8078838e+23,0.000000
7,-2,-26,5.7944079e+23,0.000000
8,-1,34,5.7498884e+23,0.000000
4,-3,-46,5.7400338e+23,0.000000
10,6,51,5.7380943e+23,0.000000
9,0,-3,5.7324843e+23,0.000000
9,0,3,5.7324843e+23,0.000000
10,-4,39,5.7217843e+23,0.000000
9,5,51,5.7087446e+23,0.000000
10,2,21,5.5864869e+23,0.000000
10,-1,2,5.5330202e+23,0.000000
7,1,49,5.4985002e+23,0.000000
3,3,-39,5.2866365e+23,0.000000
10,3,24,5.2588685e+23,0.000000
5,-4,-32,5.2312885e+23,0.000000
4,-4,-41,5.2254873e+23,0.000000
7,0,-41,5.21994e+23,0.000000
7,0,41,5.21994e+23,0.000000
5,-4,-5,5.1819278e+23,0.000000
5,-3,-42,5.1752113e+23,0.000000
10,4,37,5.1466619e+23,0.000000
6,-3,-26,5.1330041e+23,0.000000
4,2,-46,5.0973577e+23,0.000000
8,-2,-22,5.0653304e+23,0.000000
5,2,-40,5.0480891e+23,0.000000
10,3,-1,5.0471972e+23,0.000000
7,1,50,4.9850573e+23,0.000000
9,-4,47,4.9719248e+23,0.000000
10,-2,21,4.9715961e+23,0.000000
9,2,36,4.9623595e+23,0.000000
10,-5,43,4.9562464e+23,0.000000
9,0,-14,4.9495899e+23,0.000000
9,0,14,4.9495899e+23,0.000000
5,4,-23,4.9047517e+23,0.000000
6,3,-29,4.8711551e+23,0.000000
9,4,52,4.8682035e+23,0.000000
8,1,34,4.8655445e+23,0.000000
9,-1,32,4.8559263e+23,0.000000
6,-1,45,4.8373884e+23,0.000000
5,1,-53,4.8346321e+23,0.000000
4,-2,44,4.8099565e+23,0.000000
7,-1,-36,4.8027743e+23,0.000000
9,3,46,4.7946655e+23,0.000000
8,-1,-25,4.7814413e+23,0.000000
9,-2,8,4.7776184e+23,0.000000
3,2,-46,4.7517871e+23,0.000000
8,1,-27,4.7430876e+23,0.000000
9,3,-10,4.7192627e+23,0.000000
7,1,-40,4.6956854e+23,0.000000
10,0,-6,4.6857208e+23,0.000000
10,0,6,4.6857208e+23,0.000000
9,3,-11,4.6677257e+23,0.000000
5,-1,-50,4.6304246e+23,0.000000
9,-3,49,4.6123878e+23,0.000000
7,3,-21,4.5975407e+23,0.000000
9,1,29,4.5927746e+23,0.000000
7,-2,52,4.5770978e+23,0.000000
8,4,-9,4.5745591e+23,0.000000
6,-2,-34,4.5720235e+23,0.000000
9,1,-16,4.5497051e+23,0.000000
8,2,49,4.5427959e+23,0.000000
5,-2,-42,4.4719995e+23,0.000000
6,1,-43,4.4691473e+23,0.000000
7,1,51,4.43535e+23,0.000000
8,-2,47,4.4302825e+23,0.000000
9,5,52,4.4161749e+23,0.000000
9,0,-8,4.4002147e+23,0.000000
9,0,8,4.4002147e+23,0.000000
7,5,-13,4.3488372e+23,0.000000
6,-4,-32,4.3008632e+23,0.000000
9,3,-6,4.2881547e+23,0.000000
8,2,-27,4.2656812e+23,0.000000
10,0,-7,4.2406291e+23,0.000000
10,0,7,4.2406291e+23,0.000000
7,2,51,4.2392734e+23,0.000000
8,3,-12,4.2324407e+23,0.000000
10,6,52,4.213542e+23,0.000000
6,0,-54,4.1669464e+23,0.000000
6,0,54,4.1669464e+23,0.000000
6,-5,-17,4.1492742e+23,0.000000
7,2,-2,4.1483519e+23,0.000000
7,4,-16,4.0893623e+23,0.000000
10,5,40,4.0869572e+23,0.000000
9,-4,48,4.0141965e+23,0.000000
5,1,-54,3.9931518e+23,0.000000
9,3,-12,3.9897586e+23,0.000000
6,-1,-32,3.9249123e+23,0.000000
7,-4,-19,3.92069e+23,0.000000
9,0,-15,3.902124e+23,0.000000
9,0,15,3.902124e+23,0.000000
7,1,52,3.8848467e+23,0.000000
8,0,-23,3.8788125e+23,0.000000
8,0,23,3.8788125e+23,0.000000
9,4,53,3.8744043e+23,0.000000
7,3,-22,3.8725804e+23,0.000000
6,4,-26,3.8360296e+23,0.000000
5,-1,-51,3.7892778e+23,0.000000
9,3,47,3.7389474e+23,0.000000
10,-9,-7,3.7338789e+23,0.000000
5,-5,-30,3.7322246e+23,0.000000
6,2,-34,3.7272762e+23,0.000000
6,-1,46,3.71705e+23,0.000000
9,3,-9,3.6815998e+23,0.000000
7,0,-42,3.6809769e+23,0.000000
7,0,42,3.6809769e+23,0.000000
4,2,-47,3.6751536e+23,0.000000
4,3,-36,3.6637842e+23,0.000000
9,-2,1,3.6334429e+23,0.000000
5,2,-41,3.6317347e+23,0.000000
4,-4,-42,3.6059647e+23,0.000000
7,-1,41,3.5676252e+23,0.000000
9,2,37,3.5619392e+23,0.000000
9,-2,9,3.5527356e+23,0.000000
7,-2,53,3.5488262e+23,0.000000
7,3,-23,3.5453594e+23,0.000000
8,-1,-26,3.5327257e+23,0.000000
9,-3,50,3.4703675e+23,0.000000
5,3,-37,3.439419e+23,0.000000
4,-3,-47,3.4357132e+23,0.000000
9,5,53,3.4322528e+23,0.000000
10,-3,26,3.4220558e+23,0.000000
6,-3,-27,3.4057488e+23,0.000000
4,4,-29,3.4045543e+23,0.000000
6,-6,-22,3.387001e+23,0.000000
10,-4,40,3.3759828e+23,0.000000
9,-1,-17,3.3598749e+23,0.000000
7,1,53,3.3575417e+23,0.000000
8,1,-28,3.3563934e+23,0.000000
10,4,38,3.2736929e+23,0.000000
5,1,-55,3.2540681e+23,0.000000
8,-2,-23,3.2482504e+23,0.000000
7,2,-28,3.2470784e+23,0.000000
10,0,-5,3.2466191e+23,0.000000
10,0,5,3.2466191e+23,0.000000
5,-2,-43,3.2133285e+23,0.000000
10,9,-6,3.2084539e+23,0.000000
7,-5,-19,3.2074237e+23,0.000000
9,-4,49,3.2073585e+23,0.000000
4,-2,-24,3.1985843e+23,0.000000
10,3,25,3.1972548e+23,0.000000
5,-1,-52,3.1641955e+23,0.000000
9,1,30,3.1640004e+23,0.000000
9,-1,33,3.1624948e+23,0.000000
7,3,-24,3.1550614e+23,0.000000
7,-2,54,3.1542992e+23,0.000000
10,6,53,3.1427134e+23,0.000000
10,2,22,3.1117724e+23,0.000000
5,-3,-43,3.1055709e+23,0.000000
9,3,-13,3.1005415e+23,0.000000
5,5,-17,3.0972634e+23,0.000000
6,3,-30,3.0845004e+23,0.000000
7,-2,-27,3.0746099e+23,0.000000
9,4,54,3.0645433e+23,0.000000
7,-2,55,3.0576846e+23,0.000000
9,0,-5,3.0523143e+23,0.000000
9,0,5,3.0523143e+23,0.000000
3,2,-47,3.0440622e+23,0.000000
7,-1,-37,3.0415272e+23,0.000000
6,6,-12,3.0130892e+23,0.000000
8,-1,35,3.0003139e+23,0.000000
3,3,-40,2.9715847e+23,0.000000
10,0,-8,2.9565545e+23,0.000000
10,0,8,2.9565545e+23,0.000000
10,-5,44,2.9531435e+23,0.000000
10,-1,6,2.941834e+23,0.000000
8,2,50,2.9382684e+23,0.000000
9,0,-16,2.9314661e+23,0.000000
9,0,16,2.9314661e+23,0.000000
9,3,48,2.8958355e+23,0.000000
7,2,52,2.8956668e+23,0.000000
10,-1,5,2.8819034e+23,0.000000
7,1,-41,2.8716035e+23,0.000000
8,-2,48,2.8710945e+23,0.000000
7,1,54,2.8682814e+23,0.000000
9,0,-7,2.8518933e+23,0.000000
9,0,7,2.8518933e+23,0.000000
6,-1,47,2.8398758e+23,0.000000
8,-3,-9,2.8031407e+23,0.000000
5,-4,-33,2.8008229e+23,0.000000
9,5,54,2.7956133e+23,0.000000
6,-5,-18,2.766681e+23,0.000000
4,2,-48,2.7585029e+23,0.000000
8,-3,-8,2.7312145e+23,0.000000
10,-2,22,2.7260388e+23,0.000000
4,-4,-43,2.71704e+23,0.000000
6,0,-55,2.7132529e+23,0.000000
6,0,55,2.7132529e+23,0.000000
7,4,-17,2.6935839e+23,0.000000
10,9,-4,2.6826405e+23,0.000000
7,3,-25,2.6631894e+23,0.000000
7,-5,-7,2.6550816e+23,0.000000
10,5,41,2.6495797e+23,0.000000
5,-1,-53,2.6494014e+23,0.000000
5,4,-24,2.6310737e+23,0.000000
9,-3,51,2.6059585e+23,0.000000
5,2,-42,2.5879746e+23,0.000000
7,0,-43,2.5854343e+23,0.000000
7,0,43,2.5854343e+23,0.000000
9,-2,10,2.5805313e+23,0.000000
8,1,35,2.5674169e+23,0.000000
8,-1,-27,2.5666095e+23,0.000000
10,-1,7,2.5507991e+23,0.000000
9,-4,50,2.5395188e+23,0.000000
9,2,38,2.5282937e+23,0.000000
7,-4,-20,2.5266016e+23,0.000000
10,0,-3,2.5172659e+23,0.000000
10,0,3,2.5172659e+23,0.000000
8,2,-28,2.5051869e+23,0.000000
8,3,-13,2.4737245e+23,0.000000
7,1,55,2.4249006e+23,0.000000
9,4,55,2.4151262e+23,0.000000
6,1,-44,2.4106692e+23,0.000000
6,-1,-33,2.4083631e+23,0.000000
8,4,-13,2.3970119e+23,0.000000
7,-3,-19,2.394392e+23,0.000000
10,-8,-7,2.3877818e+23,0.000000
6,-4,-33,2.3871371e+23,0.000000
8,-3,-10,2.3745624e+23,0.000000
8,1,-29,2.3447924e+23,0.000000
9,1,-17,2.3433704e+23,0.000000
9,5,55,2.3211403e+23,0.000000
5,-5,-31,2.3127047e+23,0.000000
10,6,54,2.2985006e+23,0.000000
5,-2,-44,2.289792e+23,0.000000
8,4,-14,2.2736542e+23,0.000000
7,2,53,2.2721337e+23,0.000000
4,-2,45,2.2714786e+23,0.000000
7,5,-14,2.2659813e+23,0.000000
9,3,-14,2.2487327e+23,0.000000
6,-3,-28,2.2479331e+23,0.000000
9,3,49,2.2310257e+23,0.000000
5,-1,-54,2.2014154e+23,0.000000
4,-4,-44,2.2001624e+23,0.000000
8,4,-12,2.1822573e+23,0.000000
4,2,-49,2.1706389e+23,0.000000
6,-1,48,2.1595197e+23,0.000000
9,1,31,2.1450563e+23,0.000000
7,3,-26,2.1392983e+23,0.000000
7,-1,42,2.1231048e+23,0.000000
4,3,-37,2.114671e+23,0.000000
9,0,-17,2.1062993e+23,0.000000
9,0,17,2.1062993e+23,0.000000
10,-2,0,2.0870721e+23,0.000000
8,5,-5,2.0843962e+23,0.000000
6,4,-27,2.0731419e+23,0.000000
4,-3,-48,2.066899e+23,0.000000
9,0,-6,2.0527206e+23,0.000000
9,0,6,2.0527206e+23,0.000000
8,-2,-24,2.050696e+23,0.000000
10,4,39,2.03953e+23,0.000000
9,-1,34,2.0318985e+23,0.000000
10,-1,8,2.0300902e+23,0.000000
7,2,54,2.0287864e+23,0.000000
8,0,-24,2.022345e+23,0.000000
8,0,24,2.022345e+23,0.000000
5,3,-38,2.0171181e+23,0.000000
10,6,-5,2.0086652e+23,0.000000
4,-2,50,2.0032063e+23,0.000000
9,-4,51,1.9950255e+23,0.000000
3,2,-48,1.9779952e+23,0.000000
10,-4,41,1.9748444e+23,0.000000
7,2,55,1.9721075e+23,0.000000
4,-2,51,1.9685392e+23,0.000000
9,-3,52,1.95529e+23,0.000000
8,4,-15,1.9526499e+23,0.000000
6,3,-31,1.9469408e+23,0.000000
10,-5,-3,1.9391198e+23,0.000000
4,-2,49,1.9357633e+23,0.000000
7,-1,-38,1.9149072e+23,0.000000
8,-3,-7,1.9026597e+23,0.000000
10,-3,27,1.8913683e+23,0.000000
8,2,51,1.8779241e+23,0.000000
4,-4,-45,1.8765702e+23,0.000000
5,-3,-44,1.8657134e+23,0.000000
10,3,26,1.8654263e+23,0.000000
6,-6,-23,1.8617739e+23,0.000000
9,9,-8,1.8564798e+23,0.000000
4,-2,52,1.8536006e+23,0.000000
6,-5,-19,1.8493509e+23,0.000000
8,-2,49,1.8466825e+23,0.000000
8,-4,-7,1.8396664e+23,0.000000
8,-1,-28,1.8375692e+23,0.000000
5,2,-43,1.8284141e+23,0.000000
10,-5,45,1.8133671e+23,0.000000
9,-2,11,1.8105656e+23,0.000000
7,0,-44,1.8093144e+23,0.000000
7,0,44,1.8093144e+23,0.000000
5,-1,-55,1.8046636e+23,0.000000
4,2,-50,1.7914053e+23,0.000000
8,-7,-7,1.7777247e+23,0.000000
9,2,39,1.7757799e+23,0.000000
4,-2,48,1.769554e+23,0.000000
9,1,-3,1.76546e+23,0.000000
8,-3,-11,1.7649847e+23,0.000000
7,4,-18,1.7442647e+23,0.000000
7,1,-42,1.7413909e+23,0.000000
10,-1,4,1.7172442e+23,0.000000
9,3,50,1.7124817e+23,0.000000
7,-1,46,1.7014527e+23,0.000000
7,-1,43,1.6963836e+23,0.000000
10,0,-9,1.6961787e+23,0.000000
10,0,9,1.6961787e+23,0.000000
10,6,55,1.6906353e+23,0.000000
7,-1,45,1.6861817e+23,0.000000
3,3,-41,1.6861477e+23,0.000000
4,-2,53,1.6859287e+23,0.000000
10,5,42,1.6814477e+23,0.000000
4,4,-30,1.6751042e+23,0.000000
7,-1,47,1.6640246e+23,0.000000
4,-4,-46,1.6596192e+23,0.000000
5,5,-18,1.6580351e+23,0.000000
8,4,-11,1.6521625e+23,0.000000
7,3,-27,1.6486566e+23,0.000000
7,-1,44,1.6462199e+23,0.000000
6,-1,49,1.6357511e+23,0.000000
10,2,23,1.6301469e+23,0.000000
8,1,-30,1.6196283e+23,0.000000
5,-2,-45,1.6188495e+23,0.000000
9,3,-8,1.6161214e+23,0.000000
7,-4,-21,1.6093735e+23,0.000000
9,-1,-18,1.6067649e+23,0.000000
7,2,-29,1.5963125e+23,0.000000
7,-2,-28,1.5899506e+23,0.000000
7,-5,-20,1.5808056e+23,0.000000
8,-1,36,1.5805888e+23,0.000000
7,-1,48,1.5760008e+23,0.000000
4,-2,47,1.5741662e+23,0.000000
4,-2,46,1.5672047e+23,0.000000
8,4,-16,1.5636662e+23,0.000000
9,-4,52,1.5568607e+23,0.000000
9,3,-15,1.5446329e+23,0.000000
4,2,-51,1.5413503e+23,0.000000
6,6,-13,1.5369456e+23,0.000000
8,4,-10,1.5337697e+23,0.000000
4,-4,-47,1.5001696e+23,0.000000
10,-1,9,1.4993488e+23,0.000000
4,-2,54,1.4904168e+23,0.000000
5,-4,-34,1.487435e+23,0.000000
6,-3,-29,1.4771278e+23,0.000000
6,-1,-34,1.4700782e+23,0.000000
9,-3,53,1.4673864e+23,0.000000
7,4,-6,1.4588595e+23,0.000000
8,2,-29,1.4543119e+23,0.000000
7,-1,49,1.4519334e+23,0.000000
9,0,-18,1.4509714e+23,0.000000
9,0,18,1.4509714e+23,0.000000
6,-2,-35,1.4448455e+23,0.000000
5,-5,-32,1.4337455e+23,0.000000
9,1,32,1.4323472e+23,0.000000
10,-2,23,1.4073856e+23,0.000000
5,4,-25,1.4045879e+23,0.000000
4,-4,-48,1.3730418e+23,0.000000
8,1,36,1.3688622e+23,0.000000
4,2,-52,1.3686363e+23,0.000000
8,3,-14,1.361857e+23,0.000000
8,8,-8,1.3383384e+23,0.000000
4,-2,-25,1.3225455e+23,0.000000
6,-4,-34,1.3201947e+23,0.000000
3,2,-49,1.3167471e+23,0.000000
8,-4,-8,1.3129408e+23,0.000000
9,3,51,1.3113582e+23,0.000000
7,-1,50,1.3072884e+23,0.000000
8,-1,-29,1.298715e+23,0.000000
9,-1,35,1.2888813e+23,0.000000
4,-2,55,1.2864898e+23,0.000000
5,2,-44,1.2815673e+23,0.000000
8,-2,-25,1.2766214e+23,0.000000
6,1,-45,1.273567e+23,0.000000
4,-4,-49,1.2647505e+23,0.000000
7,0,-45,1.2617792e+23,0.000000
7,0,45,1.2617792e+23,0.000000
10,4,40,1.2528813e+23,0.000000
4,-3,-49,1.252415e+23,0.000000
4,2,-53,1.240981e+23,0.000000
6,-5,-20,1.2382933e+23,0.000000
9,2,40,1.2349365e+23,0.000000
6,-1,50,1.2348959e+23,0.000000
7,3,-28,1.2292478e+23,0.000000
6,3,-32,1.2256405e+23,0.000000
4,3,-38,1.2214681e+23,0.000000
9,-2,12,1.218452e+23,0.000000
9,-4,53,1.2082389e+23,0.000000
10,-5,46,1.2020799e+23,0.000000
7,-1,-39,1.1983735e+23,0.000000
8,4,-17,1.188672e+23,0.000000
8,-3,-12,1.186265e+23,0.000000
8,2,52,1.1822834e+23,0.000000
5,3,-39,1.1813733e+23,0.000000
8,-2,50,1.1767247e+23,0.000000
6,5,-9,1.1717682e+23,0.000000
7,5,-15,1.1715466e+23,0.000000
4,-4,-50,1.1680608e+23,0.000000
10,-4,42,1.16348e+23,0.000000
7,-1,51,1.1549654e+23,0.000000
6,2,-35,1.151218e+23,0.000000
4,2,-54,1.1384861e+23,0.000000
5,-2,-46,1.1358044e+23,0.000000
5,-3,-45,1.1251493e+23,0.000000
6,4,-28,1.1175566e+23,0.000000
9,1,-18,1.1167169e+23,0.000000
7,4,-19,1.1121044e+23,0.000000
8,1,-31,1.1074581e+23,0.000000
9,-3,54,1.1024472e+23,0.000000
4,-4,-51,1.0795611e+23,0.000000
10,-3,28,1.0711727e+23,0.000000
10,3,27,1.0624693e+23,0.000000
10,5,43,1.052809e+23,0.000000
4,2,-55,1.0497598e+23,0.000000
7,1,-43,1.046747e+23,0.000000
10,-1,10,1.0306998e+23,0.000000
6,-6,-24,1.0268437e+23,0.000000
7,-4,-22,1.015115e+23,0.000000
9,3,-16,1.0136032e+23,0.000000
8,0,-25,1.0110204e+23,0.000000
8,0,25,1.0110204e+23,0.000000
10,-6,-5,1.0059645e+23,0.000000
7,-1,52,1.0044204e+23,0.000000
9,3,52,1.0031293e+23,0.000000
4,-4,-52,9.9705683e+22,0.000000
7,-3,-20,9.7431321e+22,0.000000
3,3,-42,9.6851067e+22,0.000000
9,-1,-3,9.6722821e+22,0.000000
6,-3,-30,9.6689609e+22,0.000000
9,0,-19,9.5959159e+22,0.000000
9,0,19,9.5959159e+22,0.000000
9,1,33,9.4302995e+22,0.000000
9,-4,54,9.3357707e+22,0.000000
6,-1,51,9.2952019e+22,0.000000
4,-4,-53,9.1990426e+22,0.000000
3,2,-50,9.0847316e+22,0.000000
5,5,-19,9.0793452e+22,0.000000
8,-1,-30,9.0742855e+22,0.000000
6,5,-10,9.0716043e+22,0.000000
10,-5,47,8.9823799e+22,0.000000
6,-1,-35,8.9235841e+22,0.000000
7,3,-29,8.9215034e+22,0.000000
5,2,-45,8.9151972e+22,0.000000
5,-5,-33,8.8935756e+22,0.000000
8,-1,37,8.8199396e+22,0.000000
7,0,-46,8.7692862e+22,0.000000
7,0,46,8.7692862e+22,0.000000
8,4,-18,8.6761726e+22,0.000000
7,-1,53,8.6188177e+22,0.000000
9,-3,-11,8.5394284e+22,0.000000
9,2,41,8.508591e+22,0.000000
4,-4,-54,8.468207e+22,0.000000
10,0,-10,8.4216953e+22,0.000000
10,0,10,8.4216953e+22,0.000000
6,5,-7,8.3634182e+22,0.000000
8,2,-30,8.3395052e+22,0.000000
6,-5,-21,8.2984982e+22,0.000000
9,-3,55,8.2962032e+22,0.000000
7,-4,-6,8.292693e+22,0.000000
4,4,-31,8.2557862e+22,0.000000
10,2,24,8.1339299e+22,0.000000
9,-1,36,8.0712338e+22,0.000000
9,-3,-12,8.0058383e+22,0.000000
7,-2,-29,7.981154e+22,0.000000
6,5,-8,7.9541495e+22,0.000000
5,-2,-47,7.9095825e+22,0.000000
8,-2,-26,7.8445728e+22,0.000000
10,-3,-1,7.8421762e+22,0.000000
6,6,-14,7.837985e+22,0.000000
9,-2,13,7.8305129e+22,0.000000
5,-4,-35,7.8218353e+22,0.000000
4,-4,-55,7.7846334e+22,0.000000
8,1,37,7.7402728e+22,0.000000
6,3,-33,7.6985267e+22,0.000000
9,3,53,7.673997e+22,0.000000
4,-3,-50,7.6618831e+22,0.000000
7,-5,-21,7.6213625e+22,0.000000
10,-5,48,7.6096988e+22,0.000000
10,4,41,7.6042907e+22,0.000000
7,2,-30,7.5807179e+22,0.000000
9,-3,-10,7.554301e+22,0.000000
8,1,-32,7.5042859e+22,0.000000
5,4,-26,7.4646374e+22,0.000000
7,-1,-40,7.4483646e+22,0.000000
8,-2,51,7.4097641e+22,0.000000
8,-3,-13,7.3203953e+22,0.000000
7,-1,54,7.3098656e+22,0.000000
8,2,53,7.3034421e+22,0.000000
6,-4,-35,7.2679407e+22,0.000000
8,-5,-5,7.218268e+22,0.000000
9,-4,55,7.1901327e+22,0.000000
10,-4,43,7.0877916e+22,0.000000
9,-1,-19,7.0680919e+22,0.000000
8,3,-15,7.0637599e+22,0.000000
4,3,-39,7.0591724e+22,0.000000
10,-5,49,7.0433369e+22,0.000000
7,4,-20,6.9900801e+22,0.000000
6,-1,52,6.9771973e+22,0.000000
10,-2,24,6.9394211e+22,0.000000
5,3,-40,6.9104147e+22,0.000000
5,-3,-46,6.8303092e+22,0.000000
10,-3,29,6.8257428e+22,0.000000
10,-5,50,6.7888295e+22,0.000000
7,1,-45,6.6721146e+22,0.000000
10,-1,11,6.6527524e+22,0.000000
9,-3,-13,6.6433175e+22,0.000000
10,5,44,6.6224344e+22,0.000000
10,-5,51,6.5856023e+22,0.000000
3,2,-51,6.5657732e+22,0.000000
6,1,-46,6.5167994e+22,0.000000
9,2,-6,6.4995863e+22,0.000000
9,3,-17,6.3876379e+22,0.000000
7,-4,-23,6.3493834e+22,0.000000
7,3,-30,6.3399819e+22,0.000000
10,-5,52,6.3163743e+22,0.000000
6,-3,-31,6.3080189e+22,0.000000
8,-1,-31,6.2754438e+22,0.000000
7,1,-44,6.2251541e+22,0.000000
10,3,28,6.2052051e+22,0.000000
9,2,-5,6.1580678e+22,0.000000
5,2,-46,6.1566726e+22,0.000000
9,2,-13,6.1436969e+22,0.000000
7,-1,55,6.135441e+22,0.000000
8,4,-19,6.1275222e+22,0.000000
9,1,34,6.1235775e+22,0.000000
9,0,-20,6.0945912e+22,0.000000
9,0,20,6.0945912e+22,0.000000
7,0,-47,6.0731929e+22,0.000000
7,0,47,6.0731929e+22,0.000000
9,2,-14,6.0155055e+22,0.000000
6,4,-29,6.0095537e+22,0.000000
7,5,-16,5.9994118e+22,0.000000
10,0,-4,5.9762402e+22,0.000000
10,0,4,5.9762402e+22,0.000000
9,8,-7,5.9472123e+22,0.000000
10,-5,53,5.946423e+22,0.000000
8,-3,-6,5.878141e+22,0.000000
9,3,54,5.8772308e+22,0.000000
7,-3,-21,5.8727134e+22,0.000000
6,5,-11,5.8218595e+22,0.000000
10,0,-16,5.8208545e+22,0.000000
10,0,16,5.8208545e+22,0.000000
9,2,42,5.811759e+22,0.000000
9,2,-12,5.7259677e+22,0.000000
6,-6,-25,5.682776e+22,0.000000
3,3,-43,5.6535324e+22,0.000000
10,0,-15,5.6189172e+22,0.000000
10,0,15,5.6189172e+22,0.000000
8,-1,38,5.5657561e+22,0.000000
6,-5,-22,5.5616009e+22,0.000000
10,0,-17,5.5216038e+22,0.000000
10,0,17,5.5216038e+22,0.000000
5,-5,-34,5.5177324e+22,0.000000
10,4,-3,5.4901166e+22,0.000000
10,-5,54,5.4843396e+22,0.000000
9,2,-15,5.4823301e+22,0.000000
5,-2,-48,5.4680643e+22,0.000000
6,-1,-36,5.3838239e+22,0.000000
10,-1,3,5.3465079e+22,0.000000
10,-3,30,5.3382478e+22,0.000000
10,-3,34,5.2849488e+22,0.000000
10,-3,33,5.2725214e+22,0.000000
9,3,-7,5.2436362e+22,0.000000
4,-2,-26,5.235498e+22,0.000000
6,-1,53,5.2227003e+22,0.000000
7,-3,-22,5.2023621e+22,0.000000
10,-3,32,5.1246107e+22,0.000000
10,-3,35,5.1145233e+22,0.000000
9,2,-1,5.108628e+22,0.000000
7,-3,-23,5.0995646e+22,0.000000
5,5,-20,5.0613268e+22,0.000000
9,-3,-14,5.0511814e+22,0.000000
8,1,-33,5.0432149e+22,0.000000
10,-3,31,5.0157507e+22,0.000000
3,2,-52,5.0014687e+22,0.000000
9,-1,37,4.9917021e+22,0.000000
10,-5,55,4.9577093e+22,0.000000
8,1,38,4.9532008e+22,0.000000
9,1,-19,4.9115039e+22,0.000000
10,0,-14,4.8910186e+22,0.000000
10,0,14,4.8910186e+22,0.000000
10,0,-18,4.8729712e+22,0.000000
10,0,18,4.8729712e+22,0.000000
6,3,-34,4.8262602e+22,0.000000
8,0,-26,4.8251735e+22,0.000000
8,0,26,4.8251735e+22,0.000000
7,-3,-24,4.809774e+22,0.000000
9,-2,14,4.8029955e+22,0.000000
9,-3,-9,4.7924732e+22,0.000000
10,-3,36,4.7805006e+22,0.000000
8,-2,-27,4.7625108e+22,0.000000
4,-3,-51,4.7449519e+22,0.000000
9,2,-11,4.7347717e+22,0.000000
8,2,-31,4.7257314e+22,0.000000
9,2,-16,4.7142625e+22,0.000000
10,4,42,4.6682704e+22,0.000000
10,-4,44,4.6204607e+22,0.000000
10,10,-8,4.6073417e+22,0.000000
8,-2,52,4.5962038e+22,0.000000
7,-1,-41,4.5961952e+22,0.000000
8,-4,-9,4.5316898e+22,0.000000
9,3,55,4.5107572e+22,0.000000
9,0,-2,4.4534934e+22,0.000000
9,0,2,4.4534934e+22,0.000000
7,3,-31,4.4255703e+22,0.000000
8,2,54,4.4065012e+22,0.000000
7,4,-21,4.3364385e+22,0.000000
10,-3,37,4.3294023e+22,0.000000
10,5,45,4.3279375e+22,0.000000
8,-1,-32,4.299961e+22,0.000000
10,0,-11,4.2835313e+22,0.000000
10,0,11,4.2835313e+22,0.000000
7,-3,-25,4.261349e+22,0.000000
5,2,-47,4.2211863e+22,0.000000
8,4,-20,4.2102976e+22,0.000000
5,-3,-47,4.1976214e+22,0.000000
7,0,-48,4.1902312e+22,0.000000
7,0,48,4.1902312e+22,0.000000
8,-3,-14,4.1765136e+22,0.000000
10,8,-7,4.1427653e+22,0.000000
10,-1,12,4.1425797e+22,0.000000
8,-1,39,4.1251488e+22,0.000000
6,-3,-32,4.1031824e+22,0.000000
10,2,25,4.097974e+22,0.000000
10,3,29,4.088438e+22,0.000000
4,3,-40,4.0811075e+22,0.000000
4,4,-32,4.0773551e+22,0.000000
5,-4,-36,4.0644313e+22,0.000000
10,0,-19,4.0514121e+22,0.000000
10,0,19,4.0514121e+22,0.000000
5,3,-41,4.0366148e+22,0.000000
6,6,-15,4.0191738e+22,0.000000
3,2,-53,4.0118563e+22,0.000000
6,-4,-36,3.9801381e+22,0.000000
5,4,-27,3.9502168e+22,0.000000
7,-4,-24,3.942769e+22,0.000000
9,2,43,3.9381646e+22,0.000000
9,1,35,3.9247074e+22,0.000000
6,-1,54,3.8978264e+22,0.000000
10,0,-13,3.8864381e+22,0.000000
10,0,13,3.8864381e+22,0.000000
9,3,-18,3.8779133e+22,0.000000
7,5,-7,3.872321e+22,0.000000
7,-2,-30,3.8709178e+22,0.000000
9,2,-17,3.8617936e+22,0.000000
10,-3,38,3.8133439e+22,0.000000
10,3,34,3.7900658e+22,0.000000
10,3,35,3.7873056e+22,0.000000
6,-2,-36,3.7539279e+22,0.000000
5,-2,-49,3.7538462e+22,0.000000
6,-5,-23,3.7252927e+22,0.000000
8,1,39,3.7189025e+22,0.000000
9,0,-21,3.7147232e+22,0.000000
9,0,21,3.7147232e+22,0.000000
10,3,33,3.657646e+22,0.000000
10,3,36,3.6517461e+22,0.000000
9,2,-7,3.6203606e+22,0.000000
9,-3,-15,3.591852e+22,0.000000
7,-5,-22,3.5848998e+22,0.000000
7,-3,-26,3.571708e+22,0.000000
6,5,-12,3.5127417e+22,0.000000
8,-1,40,3.4882663e+22,0.000000
10,-2,25,3.47046e+22,0.000000
8,3,-16,3.4632578e+22,0.000000
7,2,-31,3.4620374e+22,0.000000
10,3,32,3.4336572e+22,0.000000
5,-5,-35,3.4214235e+22,0.000000
10,3,37,3.4086292e+22,0.000000
3,3,-44,3.3723546e+22,0.000000
9,2,-10,3.3711888e+22,0.000000
8,1,-34,3.3639308e+22,0.000000
3,2,-54,3.3629164e+22,0.000000
10,3,30,3.3184414e+22,0.000000
10,-4,45,3.3138849e+22,0.000000
6,1,-47,3.2978821e+22,0.000000
10,0,-12,3.28632e+22,0.000000
10,0,12,3.28632e+22,0.000000
10,-3,39,3.277931e+22,0.000000
10,3,31,3.2395931e+22,0.000000
6,-1,-37,3.2260656e+22,0.000000
6,4,-30,3.2245246e+22,0.000000
10,0,-20,3.2033317e+22,0.000000
10,0,20,3.2033317e+22,0.000000
8,1,40,3.1782985e+22,0.000000
8,-4,-14,3.1759286e+22,0.000000
6,-6,-26,3.1565253e+22,0.000000
8,-1,41,3.156118e+22,0.000000
6,-2,-41,3.1019761e+22,0.000000
10,3,38,3.0918681e+22,0.000000
10,5,46,3.0781479e+22,0.000000
9,-1,38,3.0479185e+22,0.000000
7,3,-32,3.0473279e+22,0.000000
8,3,-5,3.0440946e+22,0.000000
7,5,-17,3.0363267e+22,0.000000
9,2,-18,3.0349719e+22,0.000000
6,3,-35,3.0204233e+22,0.000000
6,-2,-42,2.9997049e+22,0.000000
4,-3,-52,2.9827238e+22,0.000000
10,4,43,2.9799067e+22,0.000000
8,-4,-15,2.9759346e+22,0.000000
8,-4,-13,2.9406537e+22,0.000000
9,-3,-6,2.929508e+22,0.000000
9,-1,-20,2.9292349e+22,0.000000
8,-1,-33,2.9215066e+22,0.000000
3,2,-55,2.9128037e+22,0.000000
6,2,-36,2.9059325e+22,0.000000
8,-1,42,2.9049436e+22,0.000000
8,1,41,2.9007697e+22,0.000000
6,-1,55,2.8994141e+22,0.000000
6,-2,-40,2.8992641e+22,0.000000
7,0,-49,2.8790932e+22,0.000000
7,0,49,2.8790932e+22,0.000000
5,2,-48,2.8737455e+22,0.000000
7,-3,-27,2.8623407e+22,0.000000
5,5,-21,2.860392e+22,0.000000
8,-2,-28,2.8571429e+22,0.000000
9,-2,15,2.8352785e+22,0.000000
8,4,-21,2.826443e+22,0.000000
8,7,-7,2.8133987e+22,0.000000
7,-1,-42,2.811915e+22,0.000000
8,-2,53,2.7973136e+22,0.000000
10,-3,40,2.7582396e+22,0.000000
10,3,39,2.7347849e+22,0.000000
6,-2,-43,2.7022485e+22,0.000000
8,1,42,2.6904252e+22,0.000000
10,-1,13,2.6623284e+22,0.000000
6,-3,-33,2.6619698e+22,0.000000
7,4,-22,2.6582744e+22,0.000000
8,-1,43,2.6510016e+22,0.000000
9,2,44,2.6494452e+22,0.000000
8,2,-32,2.6407514e+22,0.000000
5,-3,-48,2.6242527e+22,0.000000
10,-4,46,2.6198983e+22,0.000000
8,2,55,2.5831721e+22,0.000000
5,-2,-50,2.560851e+22,0.000000
8,-4,-16,2.5370051e+22,0.000000
6,-5,-24,2.4927168e+22,0.000000
9,1,36,2.4826081e+22,0.000000
8,1,43,2.4729121e+22,0.000000
10,5,47,2.4683915e+22,0.000000
7,-4,-25,2.432731e+22,0.000000
10,0,-21,2.425723e+22,0.000000
10,0,21,2.425723e+22,0.000000
10,2,26,2.4204978e+22,0.000000
9,-3,-16,2.4198067e+22,0.000000
8,-1,44,2.3760405e+22,0.000000
10,3,40,2.3659781e+22,0.000000
4,3,-41,2.3599142e+22,0.000000
5,3,-42,2.3558126e+22,0.000000
6,-2,-39,2.3235819e+22,0.000000
6,-2,-44,2.3134779e+22,0.000000
9,2,-19,2.3006836e+22,0.000000
10,-3,41,2.2777311e+22,0.000000
9,3,-19,2.2717502e+22,0.000000
10,2,30,2.2338722e+22,0.000000
8,1,44,2.231851e+22,0.000000
10,2,31,2.2314286e+22,0.000000
8,1,-35,2.2281194e+22,0.000000
10,-4,47,2.227021e+22,0.000000
10,5,48,2.2224947e+22,0.000000
7,-3,-28,2.2148589e+22,0.000000
7,-7,-10,2.2116221e+22,0.000000
6,2,-41,2.2083307e+22,0.000000
8,-3,-15,2.2075442e+22,0.000000
8,0,-27,2.1952762e+22,0.000000
8,0,27,2.1952762e+22,0.000000
10,5,52,2.1738067e+22,0.000000
9,2,-9,2.1725803e+22,0.000000
8,-4,-12,2.1690369e+22,0.000000
9,0,-22,2.1690107e+22,0.000000
9,0,22,2.1690107e+22,0.000000
6,-4,-37,2.1661526e+22,0.000000
10,5,51,2.1654926e+22,0.000000
10,5,49,2.1627189e+22,0.000000
10,5,50,2.1599558e+22,0.000000
10,-1,19,2.1453464e+22,0.000000
10,-1,18,2.1334452e+22,0.000000
7,1,-46,2.1290576e+22,0.000000
10,2,29,2.1282146e+22,0.000000
5,-5,-36,2.1218816e+22,0.000000
10,2,32,2.1212095e+22,0.000000
6,2,-42,2.1004693e+22,0.000000
6,2,-40,2.0975717e+22,0.000000
7,-6,-12,2.0916865e+22,0.000000
8,-1,45,2.0908833e+22,0.000000
6,5,-13,2.0858558e+22,0.000000
5,-4,-37,2.0818007e+22,0.000000
5,4,-28,2.0817655e+22,0.000000
10,5,53,2.0770577e+22,0.000000
6,6,-16,2.075309e+22,0.000000
7,3,-33,2.0726305e+22,0.000000
3,3,-45,2.0703298e+22,0.000000
10,2,-8,2.0533548e+22,0.000000
10,-1,20,2.0518064e+22,0.000000
9,1,-20,2.050465e+22,0.000000
10,4,44,2.0462987e+22,0.000000
10,-2,26,2.0365291e+22,0.000000
10,-1,17,2.0239866e+22,0.000000
8,-4,-17,2.0231231e+22,0.000000
4,4,-33,2.0190668e+22,0.000000
10,3,41,2.0071671e+22,0.000000
9,2,-8,1.9961228e+22,0.000000
7,-6,-11,1.9960509e+22,0.000000
8,1,45,1.9744595e+22,0.000000
10,5,54,1.9727598e+22,0.000000
10,2,28,1.9724916e+22,0.000000
10,-1,14,1.9708962e+22,0.000000
8,-1,-34,1.969645e+22,0.000000
7,0,-50,1.9689042e+22,0.000000
7,0,50,1.9689042e+22,0.000000
10,-4,48,1.9675671e+22,0.000000
4,-2,-27,1.9531603e+22,0.000000
10,2,27,1.9439798e+22,0.000000
5,2,-49,1.9430721e+22,0.000000
10,2,33,1.9319809e+22,0.000000
6,-1,-38,1.9180223e+22,0.000000
4,-3,-53,1.9092935e+22,0.000000
6,-2,-45,1.904004e+22,0.000000
9,-7,-7,1.893204e+22,0.000000
6,3,-36,1.8871987e+22,0.000000
10,-1,21,1.872269e+22,0.000000
10,-1,16,1.8707559e+22,0.000000
6,2,-43,1.8612025e+22,0.000000
8,4,-22,1.8599167e+22,0.000000
10,2,-9,1.8583651e+22,0.000000
10,-3,42,1.8499692e+22,0.000000
7,-6,-13,1.841841e+22,0.000000
9,-1,39,1.8373959e+22,0.000000
10,5,55,1.8354344e+22,0.000000
10,9,-7,1.8096502e+22,0.000000
7,-2,-31,1.8059391e+22,0.000000
8,-1,46,1.8010779e+22,0.000000
10,-1,15,1.7904253e+22,0.000000
9,2,45,1.7712359e+22,0.000000
6,5,-6,1.7709998e+22,0.000000
10,0,-22,1.7687239e+22,0.000000
10,0,22,1.7687239e+22,0.000000
6,-6,-27,1.7591674e+22,0.000000
10,-4,49,1.7589056e+22,0.000000
5,-2,-51,1.7385187e+22,0.000000
6,4,-31,1.7257259e+22,0.000000
6,-3,-34,1.722758e+22,0.000000
8,1,46,1.7146691e+22,0.000000
6,2,-39,1.7055362e+22,0.000000
7,-1,-43,1.7048712e+22,0.000000
6,1,-48,1.7007598e+22,0.000000
10,2,34,1.6958547e+22,0.000000
8,-2,-29,1.694688e+22,0.000000
10,-2,30,1.6921e+22,0.000000
9,2,-20,1.6894944e+22,0.000000
5,-3,-49,1.6834431e+22,0.000000
9,-1,0,1.6801792e+22,0.000000
10,3,42,1.6733836e+22,0.000000
7,-3,-29,1.6660944e+22,0.000000
6,-5,-25,1.6658254e+22,0.000000
8,-2,54,1.6622476e+22,0.000000
9,-2,16,1.6590627e+22,0.000000
10,-2,29,1.6583811e+22,0.000000
10,-2,31,1.6464589e+22,0.000000
7,-5,-23,1.6393994e+22,0.000000
10,-1,22,1.6377023e+22,0.000000
8,3,-17,1.6360129e+22,0.000000
5,5,-22,1.6331473e+22,0.000000
6,-5,-6,1.6326299e+22,0.000000
7,4,-23,1.6120174e+22,0.000000
10,-2,27,1.6070096e+22,0.000000
8,4,-6,1.5902624e+22,0.000000
10,-2,28,1.5844022e+22,0.000000
6,2,-44,1.5677318e+22,0.000000
10,-4,50,1.5656356e+22,0.000000
9,-3,-17,1.5576168e+22,0.000000
9,1,37,1.550518e+22,0.000000
10,4,45,1.548681e+22,0.000000
8,-4,-18,1.5356994e+22,0.000000
6,-2,-38,1.5300829e+22,0.000000
8,-1,47,1.5291339e+22,0.000000
10,-2,32,1.5269721e+22,0.000000
7,2,-32,1.5202654e+22,0.000000
6,-2,-46,1.5186344e+22,0.000000
7,5,-18,1.5150365e+22,0.000000
7,-4,-26,1.4924908e+22,0.000000
10,2,-7,1.4911474e+22,0.000000
10,-3,43,1.4805151e+22,0.000000
8,0,-1,1.467593e+22,0.000000
8,0,1,1.467593e+22,0.000000
8,1,-36,1.4661875e+22,0.000000
8,1,47,1.4653155e+22,0.000000
7,-6,-14,1.4559285e+22,0.000000
8,2,-33,1.4552038e+22,0.000000
10,2,35,1.4435999e+22,0.000000
7,-2,-2,1.4401671e+22,0.000000
10,-10,-9,1.4224497e+22,0.000000
8,-4,-4,1.4097535e+22,0.000000
9,-3,-8,1.4045742e+22,0.000000
7,-7,-11,1.3967686e+22,0.000000
7,3,-34,1.3966986e+22,0.000000
7,-6,-10,1.3941178e+22,0.000000
10,-1,23,1.3796458e+22,0.000000
10,-1,1,1.3788205e+22,0.000000
10,-4,51,1.3770136e+22,0.000000
5,3,-43,1.3746121e+22,0.000000
10,3,43,1.3735446e+22,0.000000
4,3,-42,1.3648791e+22,0.000000
10,-2,33,1.3584459e+22,0.000000
7,0,-51,1.3391309e+22,0.000000
7,0,51,1.3391309e+22,0.000000
10,2,-10,1.3326333e+22,0.000000
3,3,-46,1.3191246e+22,0.000000
8,-1,-35,1.3182929e+22,0.000000
5,-5,-37,1.3138019e+22,0.000000
9,-1,-21,1.3107435e+22,0.000000
5,2,-50,1.3055261e+22,0.000000
10,4,46,1.2867743e+22,0.000000
9,3,-20,1.2849292e+22,0.000000
8,-1,48,1.2811608e+22,0.000000
9,-4,-3,1.2782067e+22,0.000000
6,2,-45,1.2696966e+22,0.000000
6,-2,-37,1.2687791e+22,0.000000
4,-3,-54,1.2496425e+22,0.000000
10,0,-23,1.2467267e+22,0.000000
10,0,23,1.2467267e+22,0.000000
6,5,-14,1.2417143e+22,0.000000
8,1,48,1.2356017e+22,0.000000
7,-3,-30,1.226017e+22,0.000000
7,1,-47,1.2256802e+22,0.000000
9,-2,0,1.2101912e+22,0.000000
9,0,-23,1.2100053e+22,0.000000
9,0,23,1.2100053e+22,0.000000
9,2,-21,1.2060856e+22,0.000000
8,4,-23,1.2031628e+22,0.000000
10,2,36,1.1965313e+22,0.000000
10,-4,52,1.1934019e+22,0.000000
6,-2,-47,1.1799473e+22,0.000000
9,2,46,1.1778722e+22,0.000000
5,-2,-52,1.1777225e+22,0.000000
6,3,-37,1.1772578e+22,0.000000
6,-4,-38,1.1702371e+22,0.000000
10,-3,44,1.1693682e+22,0.000000
10,-2,34,1.1658237e+22,0.000000
8,-4,-11,1.1626371e+22,0.000000
10,4,47,1.1412269e+22,0.000000
8,-4,-10,1.1364337e+22,0.000000
6,2,-38,1.1331182e+22,0.000000
7,-7,-8,1.1309772e+22,0.000000
6,-1,-39,1.1299644e+22,0.000000
10,5,-4,1.1269853e+22,0.000000
10,-1,24,1.1239757e+22,0.000000
8,-4,-19,1.1226516e+22,0.000000
6,-3,-35,1.1123726e+22,0.000000
10,3,44,1.111809e+22,0.000000
6,-5,-26,1.1115624e+22,0.000000
5,-3,-50,1.1096802e+22,0.000000
6,6,-8,1.1060982e+22,0.000000
9,-1,40,1.0932482e+22,0.000000
5,4,-29,1.0924996e+22,0.000000
8,-3,-16,1.0821956e+22,0.000000
6,6,-17,1.0786529e+22,0.000000
7,-6,-15,1.0716726e+22,0.000000
8,-1,49,1.0619842e+22,0.000000
7,2,-3,1.0615077e+22,0.000000
5,-4,-38,1.0480824e+22,0.000000
10,4,48,1.0447801e+22,0.000000
8,1,49,1.0307152e+22,0.000000
9,-2,17,1.0299328e+22,0.000000
7,-1,-44,1.0225654e+22,0.000000
10,-4,53,1.0189064e+22,0.000000
10,-7,-6,1.0075736e+22,0.000000
4,4,-34,1.0036982e+22,0.000000
6,2,-46,9.9689889e+21,0.000000
8,-2,-30,9.9298541e+21,0.000000
6,-6,-28,9.8400272e+21,0.000000
10,-2,35,9.7107382e+21,0.000000
10,2,37,9.6983555e+21,0.000000
7,4,-24,9.6811656e+21,0.000000
6,1,-49,9.6556179e+21,0.000000
8,0,-28,9.6381338e+21,0.000000
8,0,28,9.6381338e+21,0.000000
9,-3,-18,9.6334079e+21,0.000000
10,4,49,9.6294879e+21,0.000000
8,-2,55,9.5961207e+21,0.000000
8,1,-37,9.5872919e+21,0.000000
9,1,38,9.5584111e+21,0.000000
6,2,-37,9.4665571e+21,0.000000
7,-7,-12,9.4610355e+21,0.000000
5,5,-23,9.3949874e+21,0.000000
9,1,-21,9.34887e+21,0.000000
7,3,-35,9.3281778e+21,0.000000
9,-1,-25,9.2980367e+21,0.000000
6,3,-4,9.2918634e+21,0.000000
6,4,-32,9.2142392e+21,0.000000
10,-3,45,9.1284039e+21,0.000000
7,-4,-27,9.1082805e+21,0.000000
7,0,-52,9.0503949e+21,0.000000
7,0,52,9.0503949e+21,0.000000
8,3,-3,9.0390408e+21,0.000000
9,-1,-26,9.0183825e+21,0.000000
9,7,-7,8.9919901e+21,0.000000
6,-2,-48,8.9638532e+21,0.000000
9,-1,-24,8.9359067e+21,0.000000
10,3,45,8.8875022e+21,0.000000
10,-1,25,8.8865948e+21,0.000000
7,-3,-31,8.8549798e+21,0.000000
10,4,50,8.8097832e+21,0.000000
3,3,-47,8.7980005e+21,0.000000
8,-1,-36,8.7636047e+21,0.000000
8,-1,50,8.7296471e+21,0.000000
5,2,-51,8.7276287e+21,0.000000
6,4,-5,8.7273909e+21,0.000000
10,-4,54,8.5792007e+21,0.000000
8,1,50,8.5256659e+21,0.000000
10,0,-24,8.5215181e+21,0.000000
10,0,24,8.5215181e+21,0.000000
9,-1,-22,8.4941756e+21,0.000000
4,-3,-55,8.4220439e+21,0.000000
9,2,-22,8.3942733e+21,0.000000
9,-1,-23,8.2333203e+21,0.000000
9,-1,-27,8.2153731e+21,0.000000
8,-6,-9,8.161723e+21,0.000000
5,-5,-38,8.1448721e+21,0.000000
7,-2,-32,8.1058676e+21,0.000000
10,2,-11,8.0706196e+21,0.000000
5,3,-44,8.0290969e+21,0.000000
5,-2,-53,7.9992075e+21,0.000000
8,-4,-20,7.9685843e+21,0.000000
10,4,51,7.9468812e+21,0.000000
8,3,-18,7.9413826e+21,0.000000
4,3,-43,7.8960779e+21,0.000000
10,-2,36,7.8816139e+21,0.000000
8,2,-34,7.8753722e+21,0.000000
9,2,47,7.8005606e+21,0.000000
10,2,38,7.7056261e+21,0.000000
8,4,-24,7.6682918e+21,0.000000
6,2,-47,7.6270751e+21,0.000000
5,-3,-51,7.5771629e+21,0.000000
7,-6,-16,7.5100175e+21,0.000000
6,5,-15,7.4656343e+21,0.000000
9,-2,18,7.4506221e+21,0.000000
7,5,-19,7.4337303e+21,0.000000
6,-5,-27,7.4062461e+21,0.000000
6,3,-38,7.3315534e+21,0.000000
7,-5,-24,7.2515241e+21,0.000000
9,1,0,7.19717e+21,0.000000
6,-3,-36,7.1663826e+21,0.000000
10,-4,55,7.1382736e+21,0.000000
8,-1,51,7.1305065e+21,0.000000
9,-1,-28,7.1057663e+21,0.000000
10,4,52,7.0534154e+21,0.000000
10,-3,46,7.0518082e+21,0.000000
10,3,46,7.0249659e+21,0.000000
7,1,-48,7.0216271e+21,0.000000
9,3,-21,7.0134173e+21,0.000000
8,1,51,7.0071129e+21,0.000000
9,5,-5,6.8898308e+21,0.000000
10,-1,26,6.8384391e+21,0.000000
4,-2,-28,6.7201128e+21,0.000000
6,-2,-49,6.6835909e+21,0.000000
7,-7,-13,6.6779694e+21,0.000000
6,1,-50,6.6629177e+21,0.000000
6,-1,-40,6.5854144e+21,0.000000
9,-2,22,6.5430093e+21,0.000000
9,-2,21,6.5409328e+21,0.000000
10,7,-6,6.5299917e+21,0.000000
7,2,-33,6.5285924e+21,0.000000
9,-2,19,6.5087601e+21,0.000000
9,0,-24,6.430992e+21,0.000000
9,0,24,6.430992e+21,0.000000
9,-2,20,6.4196846e+21,0.000000
9,-1,41,6.4160668e+21,0.000000
9,1,-25,6.3458515e+21,0.000000
9,-2,23,6.3078096e+21,0.000000
7,-3,-32,6.3043006e+21,0.000000
6,-4,-39,6.2734318e+21,0.000000
10,-2,37,6.2597789e+21,0.000000
8,1,-38,6.2308479e+21,0.000000
9,1,-24,6.2175904e+21,0.000000
7,3,-36,6.1895644e+21,0.000000
3,3,-48,6.18288e+21,0.000000
10,4,53,6.160209e+21,0.000000
9,1,-22,6.1295234e+21,0.000000
7,0,-53,6.0717345e+21,0.000000
7,0,53,6.0717345e+21,0.000000
7,-1,-45,6.066543e+21,0.000000
9,1,-26,6.0548783e+21,0.000000
10,2,-5,6.0432332e+21,0.000000
10,2,39,6.0205907e+21,0.000000
9,1,-45,5.9036299e+21,0.000000
9,-1,-29,5.9009512e+21,0.000000
9,1,-23,5.8560678e+21,0.000000
9,-2,24,5.8412135e+21,0.000000
5,2,-52,5.8192382e+21,0.000000
9,1,39,5.8163275e+21,0.000000
8,-1,52,5.7973423e+21,0.000000
8,-1,-37,5.7875491e+21,0.000000
7,4,-25,5.7639125e+21,0.000000
8,-2,-31,5.7492874e+21,0.000000
9,-3,-19,5.7443698e+21,0.000000
8,1,52,5.7322352e+21,0.000000
9,2,-23,5.7100258e+21,0.000000
5,4,-30,5.7079186e+21,0.000000
6,2,-48,5.7070489e+21,0.000000
6,1,-51,5.7058198e+21,0.000000
10,0,-25,5.6589241e+21,0.000000
10,0,25,5.6589241e+21,0.000000
6,1,-54,5.6566487e+21,0.000000
6,6,-18,5.6370326e+21,0.000000
6,1,-53,5.6364387e+21,0.000000
6,1,-52,5.5642336e+21,0.000000
6,1,-55,5.5339993e+21,0.000000
7,-4,-28,5.5314945e+21,0.000000
8,-4,-21,5.5247227e+21,0.000000
6,-6,-29,5.5206194e+21,0.000000
10,3,47,5.4975189e+21,0.000000
5,-2,-54,5.4897449e+21,0.000000
9,1,-27,5.436006e+21,0.000000
5,5,-24,5.43379e+21,0.000000
10,-3,47,5.397536e+21,0.000000
5,-3,-52,5.3526457e+21,0.000000
10,4,54,5.2989672e+21,0.000000
9,-2,25,5.2075559e+21,0.000000
5,-4,-39,5.1695903e+21,0.000000
9,2,48,5.1513102e+21,0.000000
10,-1,27,5.134098e+21,0.000000
8,-6,-14,5.1225175e+21,0.000000
7,-6,-17,5.082325e+21,0.000000
8,-6,-13,5.0532083e+21,0.000000
5,-5,-39,5.0219921e+21,0.000000
4,4,-35,5.0176695e+21,0.000000
8,-3,-17,4.9744658e+21,0.000000
6,-5,-28,4.9269205e+21,0.000000
6,4,-33,4.9043236e+21,0.000000
6,-2,-50,4.8950025e+21,0.000000
10,-2,38,4.8772623e+21,0.000000
9,-9,-9,4.8524031e+21,0.000000
8,4,-25,4.8264146e+21,0.000000
7,-6,-9,4.7950788e+21,0.000000
9,-1,-30,4.7364564e+21,0.000000
5,3,-45,4.7062216e+21,0.000000
8,-1,53,4.6982498e+21,0.000000
8,1,53,4.6742061e+21,0.000000
9,1,-28,4.6389773e+21,0.000000
10,2,40,4.6340203e+21,0.000000
7,-7,-14,4.6308943e+21,0.000000
6,-3,-37,4.6065225e+21,0.000000
9,-3,-7,4.5978039e+21,0.000000
3,3,-49,4.5902986e+21,0.000000
4,3,-44,4.5706387e+21,0.000000
6,3,-39,4.5574868e+21,0.000000
6,5,-16,4.5434915e+21,0.000000
8,3,-19,4.5273551e+21,0.000000
10,4,55,4.4995123e+21,0.000000
9,-2,26,4.4868746e+21,0.000000
8,-6,-15,4.4565081e+21,0.000000
7,-3,-33,4.430338e+21,0.000000
8,0,-29,4.3242551e+21,0.000000
8,0,29,4.3242551e+21,0.000000
10,3,48,4.264316e+21,0.000000
6,2,-49,4.2224865e+21,0.000000
10,2,-12,4.2221321e+21,0.000000
8,2,-35,4.1822678e+21,0.000000
10,-3,48,4.098037e+21,0.000000
7,3,-37,4.0793152e+21,0.000000
7,1,-49,4.0652366e+21,0.000000
7,0,-54,4.0391171e+21,0.000000
7,0,54,4.0391171e+21,0.000000
8,1,-39,4.0243897e+21,0.000000
5,-3,-53,3.8892105e+21,0.000000
5,2,-53,3.8868374e+21,0.000000
5,-2,-55,3.8506053e+21,0.000000
9,2,-24,3.8037414e+21,0.000000
9,1,-29,3.8036634e+21,0.000000
8,1,54,3.8035466e+21,0.000000
8,-1,54,3.7994801e+21,0.000000
8,-1,-38,3.7978474e+21,0.000000
6,-1,-41,3.7887558e+21,0.000000
10,-1,28,3.7676374e+21,0.000000
8,-4,-22,3.7578315e+21,0.000000
9,-2,27,3.7510165e+21,0.000000
10,-2,39,3.7391654e+21,0.000000
10,1,7,3.7309153e+21,0.000000
8,-6,-12,3.7218467e+21,0.000000
9,-1,42,3.71478e+21,0.000000
9,-1,-31,3.7027229e+21,0.000000
9,3,-22,3.6888851e+21,0.000000
10,1,6,3.6693684e+21,0.000000
10,0,-26,3.6571942e+21,0.000000
10,0,26,3.6571942e+21,0.000000
3,3,-50,3.5912934e+21,0.000000
7,5,-20,3.5765548e+21,0.000000
7,-2,-33,3.5628887e+21,0.000000
7,-1,-46,3.5566302e+21,0.000000
6,-2,-51,3.5406863e+21,0.000000
8,-6,-16,3.5374207e+21,0.000000
10,2,41,3.5206687e+21,0.000000
9,1,40,3.4926815e+21,0.000000
7,4,-26,3.4054117e+21,0.000000
9,2,49,3.3968661e+21,0.000000
8,3,-20,3.3655925e+21,0.000000
7,-6,-18,3.3533901e+21,0.000000
6,-4,-40,3.3507462e+21,0.000000
7,-4,-29,3.3430353e+21,0.000000
9,-3,-20,3.3086019e+21,0.000000
10,1,8,3.2970723e+21,0.000000
10,3,49,3.2824705e+21,0.000000
8,-2,-32,3.2820273e+21,0.000000
6,-5,-29,3.2731274e+21,0.000000
9,0,-25,3.2565807e+21,0.000000
9,0,25,3.2565807e+21,0.000000
10,2,-6,3.2302508e+21,0.000000
10,0,-2,3.1602848e+21,0.000000
10,0,2,3.1602848e+21,0.000000
5,5,-25,3.1552066e+21,0.000000
6,-6,-30,3.1084157e+21,0.000000
8,-5,-11,3.1012657e+21,0.000000
5,-5,-40,3.098737e+21,0.000000
8,1,55,3.0913146e+21,0.000000
10,-3,49,3.0898158e+21,0.000000
7,-7,-15,3.0891082e+21,0.000000
7,-5,-25,3.0882467e+21,0.000000
7,-3,-34,3.0825551e+21,0.000000
8,-1,55,3.0687352e+21,0.000000
9,-2,28,3.0535438e+21,0.000000
8,3,-21,3.0340789e+21,0.000000
6,2,-50,3.0256089e+21,0.000000
8,-5,-10,3.0198335e+21,0.000000
9,1,-30,3.015939e+21,0.000000
8,4,-26,3.004088e+21,0.000000
5,4,-31,2.9675884e+21,0.000000
6,6,-19,2.9580518e+21,0.000000
6,-3,-38,2.9541465e+21,0.000000
3,3,-51,2.9408986e+21,0.000000
5,-3,-54,2.9398139e+21,0.000000
7,2,-34,2.9333976e+21,0.000000
8,3,-22,2.8871022e+21,0.000000
10,1,5,2.8560293e+21,0.000000
6,3,-40,2.8273473e+21,0.000000
9,-1,-32,2.8271546e+21,0.000000
10,-2,40,2.8258035e+21,0.000000
6,5,-17,2.7979787e+21,0.000000
5,3,-46,2.7753311e+21,0.000000
10,-1,29,2.7066986e+21,0.000000
8,-5,-12,2.7053549e+21,0.000000
8,3,-23,2.6904994e+21,0.000000
7,3,-38,2.6739107e+21,0.000000
7,0,-55,2.6617824e+21,0.000000
7,0,55,2.6617824e+21,0.000000
4,3,-45,2.6486345e+21,0.000000
8,-6,-17,2.6448833e+21,0.000000
10,2,42,2.6448212e+21,0.000000
5,2,-54,2.6194734e+21,0.000000
10,1,9,2.6081069e+21,0.000000
6,4,-34,2.6017368e+21,0.000000
8,1,-40,2.5829161e+21,0.000000
7,7,-8,2.5383118e+21,0.000000
6,-2,-52,2.5367723e+21,0.000000
4,4,-36,2.5313622e+21,0.000000
8,-4,-23,2.5163815e+21,0.000000
10,3,50,2.5103518e+21,0.000000
3,3,-52,2.4981298e+21,0.000000
5,-4,-40,2.4905839e+21,0.000000
9,2,-25,2.4857075e+21,0.000000
8,-1,-39,2.4761143e+21,0.000000
9,-2,29,2.4279835e+21,0.000000
7,1,-50,2.4110308e+21,0.000000
8,3,-24,2.4026613e+21,0.000000
9,1,-31,2.3299899e+21,0.000000
10,-3,50,2.3161098e+21,0.000000
10,0,-27,2.3007773e+21,0.000000
10,0,27,2.3007773e+21,0.000000
8,0,-30,2.286923e+21,0.000000
8,0,30,2.286923e+21,0.000000
8,-3,-18,2.2625722e+21,0.000000
9,2,50,2.2399742e+21,0.000000
8,-5,-9,2.2202048e+21,0.000000
5,-3,-55,2.1912065e+21,0.000000
3,3,-53,2.1811603e+21,0.000000
7,-6,-19,2.1716765e+21,0.000000
6,-5,-30,2.1712279e+21,0.000000
8,2,-36,2.1630264e+21,0.000000
6,2,-51,2.1560462e+21,0.000000
6,-1,-42,2.1462898e+21,0.000000
7,-3,-35,2.1241772e+21,0.000000
9,-1,-33,2.1207365e+21,0.000000
9,-1,43,2.1197632e+21,0.000000
8,-5,-13,2.1152117e+21,0.000000
10,-2,41,2.109165e+21,0.000000
4,-2,-29,2.0916157e+21,0.000000
9,1,41,2.0685663e+21,0.000000
7,-1,-47,2.065197e+21,0.000000
8,3,-25,2.0539558e+21,0.000000
7,-4,-30,2.0109807e+21,0.000000
7,4,-27,1.9981305e+21,0.000000
7,-7,-16,1.9786726e+21,0.000000
10,2,43,1.967246e+21,0.000000
3,3,-54,1.9420698e+21,0.000000
10,2,-13,1.9415258e+21,0.000000
10,3,51,1.9098614e+21,0.000000
10,-1,30,1.9056811e+21,0.000000
5,-5,-41,1.9053383e+21,0.000000
8,-6,-18,1.8975562e+21,0.000000
9,-2,30,1.8906295e+21,0.000000
6,-3,-39,1.889787e+21,0.000000
10,1,10,1.8699135e+21,0.000000
10,-4,-3,1.8645605e+21,0.000000
9,3,-23,1.8642655e+21,0.000000
8,4,-27,1.8530955e+21,0.000000
8,-2,-33,1.8471371e+21,0.000000
9,-3,-21,1.8412193e+21,0.000000
5,5,-26,1.8372508e+21,0.000000
6,-2,-53,1.8137588e+21,0.000000
5,2,-55,1.8008325e+21,0.000000
10,-2,-9,1.7761879e+21,0.000000
6,-4,-41,1.7642264e+21,0.000000
9,1,-32,1.7587247e+21,0.000000
6,-6,-31,1.7543141e+21,0.000000
3,3,-55,1.752477e+21,0.000000
6,3,-41,1.7499546e+21,0.000000
7,3,-39,1.7437435e+21,0.000000
6,5,-18,1.7406802e+21,0.000000
10,-3,51,1.7281144e+21,0.000000
8,-3,-5,1.7101175e+21,0.000000
10,-2,-8,1.6900887e+21,0.000000
8,3,-26,1.6894464e+21,0.000000
7,5,-21,1.6821466e+21,0.000000
8,-4,-24,1.6630319e+21,0.000000
10,-9,-8,1.6620742e+21,0.000000
5,3,-47,1.6556447e+21,0.000000
8,1,-41,1.6466123e+21,0.000000
7,-2,-34,1.6427628e+21,0.000000
8,0,-31,1.6408607e+21,0.000000
8,0,31,1.6408607e+21,0.000000
10,1,2,1.6306565e+21,0.000000
8,-1,-40,1.603802e+21,0.000000
7,2,-35,1.5982678e+21,0.000000
9,2,-26,1.5954472e+21,0.000000
9,0,-26,1.5906044e+21,0.000000
9,0,26,1.5906044e+21,0.000000
9,-1,-34,1.5632855e+21,0.000000
10,-2,42,1.5576103e+21,0.000000
6,6,-20,1.5566444e+21,0.000000
4,3,-46,1.5378765e+21,0.000000
7,1,-51,1.5362283e+21,0.000000
5,4,-32,1.5342107e+21,0.000000
8,-5,-14,1.5263854e+21,0.000000
6,2,-52,1.5213802e+21,0.000000
8,0,-32,1.4927907e+21,0.000000
8,0,32,1.4927907e+21,0.000000
9,2,51,1.4791749e+21,0.000000
9,5,-11,1.4722542e+21,0.000000
8,0,-33,1.4587352e+21,0.000000
8,0,33,1.4587352e+21,0.000000
7,-3,-36,1.453229e+21,0.000000
10,2,44,1.4512854e+21,0.000000
9,5,-12,1.4500835e+21,0.000000
10,3,52,1.4473501e+21,0.000000
9,-2,31,1.4448795e+21,0.000000
6,-5,-31,1.4386153e+21,0.000000
10,-2,-10,1.4136331e+21,0.000000
10,0,-28,1.4100999e+21,0.000000
10,0,28,1.4100999e+21,0.000000
8,0,-34,1.4024513e+21,0.000000
8,0,34,1.4024513e+21,0.000000
7,-6,-20,1.3869428e+21,0.000000
6,4,-35,1.3744825e+21,0.000000
8,-6,-11,1.364006e+21,0.000000
8,3,-27,1.3447654e+21,0.000000
8,-6,-19,1.3215811e+21,0.000000
10,-1,31,1.3160869e+21,0.000000
10,-1,-10,1.3142099e+21,0.000000
6,-2,-54,1.3075359e+21,0.000000
9,1,-33,1.3046422e+21,0.000000
4,4,-37,1.2955024e+21,0.000000
8,0,-35,1.2945187e+21,0.000000
8,0,35,1.2945187e+21,0.000000
10,-3,52,1.2850062e+21,0.000000
7,-5,-26,1.261866e+21,0.000000
10,1,4,1.2570647e+21,0.000000
10,-1,-11,1.2346492e+21,0.000000
10,1,11,1.2278691e+21,0.000000
9,3,-5,1.2273154e+21,0.000000
7,-7,-17,1.2228125e+21,0.000000
10,-1,-9,1.2177485e+21,0.000000
9,5,-13,1.2157929e+21,0.000000
9,1,42,1.2089379e+21,0.000000
9,-1,45,1.2078931e+21,0.000000
6,-3,-40,1.2057118e+21,0.000000
7,-4,-31,1.2036725e+21,0.000000
9,-1,44,1.1943442e+21,0.000000
7,-1,-48,1.1939587e+21,0.000000
6,-1,-43,1.1935446e+21,0.000000
8,-3,-19,1.190689e+21,0.000000
9,-5,-12,1.1806234e+21,0.000000
7,2,-36,1.1797599e+21,0.000000
5,-5,-42,1.1748362e+21,0.000000
5,-4,-41,1.1720354e+21,0.000000
7,4,-28,1.165257e+21,0.000000
8,0,-36,1.1471585e+21,0.000000
8,0,36,1.1471585e+21,0.000000
9,-5,-13,1.1399863e+21,0.000000
10,-2,43,1.1396042e+21,0.000000
9,-1,-35,1.1385935e+21,0.000000
8,4,-28,1.1332912e+21,0.000000
7,3,-40,1.1302896e+21,0.000000
10,3,53,1.0940452e+21,0.000000
6,5,-19,1.0915684e+21,0.000000
8,-4,-25,1.0872119e+21,0.000000
7,1,-52,1.0866669e+21,0.000000
8,2,-37,1.0862105e+21,0.000000
9,-2,32,1.0857172e+21,0.000000
6,3,-42,1.0803433e+21,0.000000
7,2,-37,1.0753552e+21,0.000000
6,2,-53,1.0727151e+21,0.000000
5,5,-27,1.0721922e+21,0.000000
9,5,-10,1.0628608e+21,0.000000
10,2,45,1.0627601e+21,0.000000
8,1,-42,1.0420585e+21,0.000000
8,3,-28,1.0416699e+21,0.000000
10,-1,-12,1.041006e+21,0.000000
7,2,-38,1.0390294e+21,0.000000
8,-5,-15,1.0348191e+21,0.000000
8,-1,-41,1.0315683e+21,0.000000
8,-2,-34,1.0206413e+21,0.000000
9,2,-27,1.0069352e+21,0.000000
5,3,-48,1.0038585e+21,0.000000
6,-6,-32,9.9388713e+20,0.000000
9,-3,-22,9.8896782e+20,0.000000
7,2,-39,9.8774942e+20,0.000000
7,-3,-37,9.8678618e+20,0.000000
8,0,-37,9.810809e+20,0.000000
8,0,37,9.810809e+20,0.000000
9,-5,-11,9.8008075e+20,0.000000
8,-6,-10,9.8003123e+20,0.000000
9,2,52,9.794443e+20,0.000000
6,-2,-55,9.7704743e+20,0.000000
10,-2,-7,9.7284485e+20,0.000000
9,-5,-14,9.643658e+20,0.000000
9,2,-4,9.5584198e+20,0.000000
10,-3,53,9.5347189e+20,0.000000
6,-5,-32,9.5193731e+20,0.000000
9,1,-34,9.5133755e+20,0.000000
6,-4,-5,9.4348438e+20,0.000000
8,6,-9,9.3962922e+20,0.000000
9,5,-14,9.2873913e+20,0.000000
10,-1,-8,9.2672724e+20,0.000000
10,-2,-11,9.2103962e+20,0.000000
7,-2,-35,9.1992589e+20,0.000000
6,-4,-42,9.1589269e+20,0.000000
7,2,-40,9.057949e+20,0.000000
9,3,-24,9.0195038e+20,0.000000
8,-6,-20,9.0038519e+20,0.000000
4,3,-47,8.9580043e+20,0.000000
10,-1,32,8.9196155e+20,0.000000
7,-6,-21,8.7654015e+20,0.000000
8,-3,-20,8.7223152e+20,0.000000
7,1,-53,8.6563469e+20,0.000000
10,2,-14,8.5784684e+20,0.000000
8,-3,-22,8.5432174e+20,0.000000
8,5,-9,8.5392039e+20,0.000000
8,-5,-8,8.4970405e+20,0.000000
8,-3,-23,8.4861724e+20,0.000000
10,0,-29,8.4066221e+20,0.000000
10,0,29,8.4066221e+20,0.000000
8,-3,-21,8.3406951e+20,0.000000
10,-2,44,8.27341e+20,0.000000
10,3,54,8.2610621e+20,0.000000
8,5,-10,8.2196979e+20,0.000000
6,6,-21,8.2057246e+20,0.000000
9,-1,-36,8.1819739e+20,0.000000
8,0,-38,8.1484261e+20,0.000000
8,0,38,8.1484261e+20,0.000000
7,-2,-3,8.1421879e+20,0.000000
9,-2,33,8.0338223e+20,0.000000
7,2,-41,8.0131771e+20,0.000000
10,-1,-13,8.0110374e+20,0.000000
8,-3,-24,7.9938316e+20,0.000000
8,3,-29,7.8859362e+20,0.000000
5,4,-33,7.8795631e+20,0.000000
9,0,-27,7.870435e+20,0.000000
9,0,27,7.870435e+20,0.000000
10,2,46,7.7433396e+20,0.000000
7,5,-22,7.7056531e+20,0.000000
6,-3,-41,7.6702198e+20,0.000000
7,1,-1,7.6430231e+20,0.000000
7,1,-54,7.5937558e+20,0.000000
6,2,-54,7.5794621e+20,0.000000
10,1,12,7.5591316e+20,0.000000
9,-5,-15,7.4701531e+20,0.000000
7,5,-6,7.375839e+20,0.000000
7,-7,-18,7.3353159e+20,0.000000
7,3,-41,7.3031342e+20,0.000000
6,4,-36,7.2266926e+20,0.000000
9,6,-6,7.222952e+20,0.000000
5,-5,-43,7.186451e+20,0.000000
7,-4,-32,7.168301e+20,0.000000
8,-3,-25,7.1581309e+20,0.000000
10,-3,54,7.0684038e+20,0.000000
7,1,-55,7.0426819e+20,0.000000
8,-4,-26,7.0397087e+20,0.000000
10,2,-19,7.0102509e+20,0.000000
9,1,43,6.9618232e+20,0.000000
7,-1,-49,6.9542227e+20,0.000000
7,-2,-36,6.9522187e+20,0.000000
8,4,-29,6.8890235e+20,0.000000
6,5,-20,6.8836693e+20,0.000000
7,2,-42,6.8725808e+20,0.000000
9,1,-35,6.8562777e+20,0.000000
4,4,-38,6.7865598e+20,0.000000
10,2,-18,6.7688625e+20,0.000000
7,4,-29,6.7567265e+20,0.000000
9,5,-15,6.6722415e+20,0.000000
8,-5,-16,6.6664167e+20,0.000000
7,-3,-38,6.6595152e+20,0.000000
10,2,-20,6.6591256e+20,0.000000
6,3,-43,6.6505306e+20,0.000000
8,5,-11,6.6396363e+20,0.000000
8,0,-39,6.6084648e+20,0.000000
8,0,39,6.6084648e+20,0.000000
8,-1,-42,6.5851536e+20,0.000000
8,2,-2,6.5609901e+20,0.000000
8,1,-45,6.5455505e+20,0.000000
8,1,-43,6.540656e+20,0.000000
9,2,53,6.5111898e+20,0.000000
6,-1,-44,6.4942488e+20,0.000000
7,-2,-37,6.4536085e+20,0.000000
6,-1,-1,6.394141e+20,0.000000
7,-2,-38,6.3370515e+20,0.000000
6,-5,-33,6.2931044e+20,0.000000
5,5,-28,6.2676736e+20,0.000000
9,2,-28,6.2518568e+20,0.000000
10,3,55,6.2470493e+20,0.000000
5,3,-49,6.2356326e+20,0.000000
4,-2,-30,6.2232136e+20,0.000000
8,-3,-26,6.1410214e+20,0.000000
7,-2,-39,6.1206003e+20,0.000000
8,-6,-21,6.0329374e+20,0.000000
10,-2,45,5.965246e+20,0.000000
10,-1,33,5.9350466e+20,0.000000
10,2,-17,5.9326794e+20,0.000000
10,2,-21,5.8971737e+20,0.000000
9,-2,34,5.8615131e+20,0.000000
8,3,-30,5.8584535e+20,0.000000
9,-1,-37,5.8291606e+20,0.000000
7,2,-43,5.7448434e+20,0.000000
7,-2,-40,5.7029565e+20,0.000000
10,-1,-14,5.6768165e+20,0.000000
10,3,-2,5.6738035e+20,0.000000
6,-6,-33,5.6371099e+20,0.000000
10,2,47,5.6131891e+20,0.000000
8,5,-8,5.5645554e+20,0.000000
8,-2,-35,5.5321097e+20,0.000000
7,-6,-22,5.4960416e+20,0.000000
6,2,-55,5.4837265e+20,0.000000
9,-5,-16,5.4338714e+20,0.000000
8,-4,-6,5.3911021e+20,0.000000
5,-4,-42,5.3322492e+20,0.000000
10,10,-9,5.2596827e+20,0.000000
8,0,-40,5.2553852e+20,0.000000
8,0,40,5.2553852e+20,0.000000
4,3,-48,5.2432404e+20,0.000000
10,-3,55,5.2424643e+20,0.000000
8,2,-38,5.2256283e+20,0.000000
9,-5,-10,5.1928505e+20,0.000000
8,1,-2,5.1823863e+20,0.000000
7,-2,-41,5.1263924e+20,0.000000
10,-1,-7,5.1141719e+20,0.000000
9,-3,-23,5.1126304e+20,0.000000
8,-3,-27,5.0849527e+20,0.000000
10,-2,-12,5.0429087e+20,0.000000
10,2,-15,5.0146053e+20,0.000000
7,-5,-27,5.0088665e+20,0.000000
10,2,-16,4.9372732e+20,0.000000
10,2,-22,4.9365915e+20,0.000000
8,5,-12,4.8810962e+20,0.000000
10,0,-30,4.8778236e+20,0.000000
10,0,30,4.8778236e+20,0.000000
9,1,-36,4.8767569e+20,0.000000
6,-3,-42,4.8643015e+20,0.000000
9,5,-8,4.7978679e+20,0.000000
10,4,-10,4.7921119e+20,0.000000
6,-4,-43,4.7471703e+20,0.000000
7,2,-44,4.7025788e+20,0.000000
7,3,-42,4.6873716e+20,0.000000
10,1,13,4.6604572e+20,0.000000
9,5,-16,4.5841707e+20,0.000000
8,-4,-27,4.5231287e+20,0.000000
7,-3,-39,4.4683039e+20,0.000000
7,-2,-42,4.4671929e+20,0.000000
9,0,-28,4.440739e+20,0.000000
9,0,28,4.440739e+20,0.000000
5,-5,-44,4.3988214e+20,0.000000
6,5,-21,4.3559618e+20,0.000000
9,2,54,4.3520888e+20,0.000000
10,4,-9,4.3300029e+20,0.000000
6,6,-22,4.3295188e+20,0.000000
7,-7,-19,4.29493e+20,0.000000
8,3,-31,4.2824403e+20,0.000000
10,-2,46,4.2807941e+20,0.000000
7,-4,-33,4.2441355e+20,0.000000
9,-5,-5,4.2258708e+20,0.000000
9,-2,35,4.2213134e+20,0.000000
7,-1,-50,4.1866525e+20,0.000000
8,-1,-43,4.1683866e+20,0.000000
8,4,-30,4.1567377e+20,0.000000
6,-5,-34,4.1549534e+20,0.000000
9,3,-25,4.1537808e+20,0.000000
10,1,19,4.117695e+20,0.000000
8,0,-41,4.1149299e+20,0.000000
8,0,41,4.1149299e+20,0.000000
8,-5,-17,4.1113163e+20,0.000000
9,-1,-38,4.1106156e+20,0.000000
8,-3,-28,4.0904701e+20,0.000000
6,3,-44,4.0817319e+20,0.000000
8,1,-44,4.0664697e+20,0.000000
10,2,48,4.0575573e+20,0.000000
10,1,20,4.0262081e+20,0.000000
5,4,-34,4.0151138e+20,0.000000
5,3,-50,4.0098832e+20,0.000000
8,-6,-22,3.9901589e+20,0.000000
6,-3,-4,3.9834479e+20,0.000000
10,1,18,3.9807149e+20,0.000000
9,1,44,3.9610592e+20,0.000000
10,2,-23,3.9467689e+20,0.000000
10,1,3,3.9341844e+20,0.000000
7,4,-30,3.8975727e+20,0.000000
10,-1,34,3.8771148e+20,0.000000
10,4,-11,3.8473643e+20,0.000000
9,2,-29,3.820761e+20,0.000000
7,-2,-43,3.7935064e+20,0.000000
7,2,-45,3.7829895e+20,0.000000
6,4,-37,3.7780593e+20,0.000000
9,-5,-17,3.7705634e+20,0.000000
10,1,21,3.7411141e+20,0.000000
10,-1,-15,3.7179503e+20,0.000000
9,-1,46,3.7105858e+20,0.000000
4,4,-39,3.6850364e+20,0.000000
5,5,-29,3.6693727e+20,0.000000
10,1,17,3.6404985e+20,0.000000
6,-1,-45,3.4482985e+20,0.000000
9,1,-37,3.4399998e+20,0.000000
7,-6,-23,3.4254062e+20,0.000000
7,5,-23,3.4243169e+20,0.000000
8,5,-13,3.3731692e+20,0.000000
10,1,22,3.3241071e+20,0.000000
10,1,14,3.2914488e+20,0.000000
9,0,-29,3.2530575e+20,0.000000
9,0,29,3.2530575e+20,0.000000
10,1,16,3.2204571e+20,0.000000
9,-8,-8,3.2189819e+20,0.000000
6,-6,-34,3.2123449e+20,0.000000
8,-3,-29,3.2119787e+20,0.000000
9,9,-9,3.1901113e+20,0.000000
8,0,-42,3.1790128e+20,0.000000
8,0,42,3.1790128e+20,0.000000
7,-2,-44,3.1539757e+20,0.000000
4,3,-49,3.0902224e+20,0.000000
8,3,-32,3.0894119e+20,0.000000
6,-3,-43,3.0745659e+20,0.000000
10,-2,47,3.0579844e+20,0.000000
9,0,-32,3.0530143e+20,0.000000
9,0,32,3.0530143e+20,0.000000
9,5,-17,3.0409862e+20,0.000000
10,2,-24,3.0389191e+20,0.000000
9,0,-31,3.0346621e+20,0.000000
9,0,31,3.0346621e+20,0.000000
9,-6,-6,3.0117757e+20,0.000000
9,0,-30,3.0042907e+20,0.000000
9,0,30,3.0042907e+20,0.000000
9,-2,36,3.0036095e+20,0.000000
7,3,-43,3.001771e+20,0.000000
7,2,-46,2.9995584e+20,0.000000
7,6,-11,2.9940208e+20,0.000000
7,-3,-40,2.9780391e+20,0.000000
10,1,15,2.9739609e+20,0.000000
9,0,-33,2.9623366e+20,0.000000
9,0,33,2.9623366e+20,0.000000
7,6,-10,2.9536743e+20,0.000000
9,2,55,2.9283506e+20,0.000000
10,2,49,2.9272559e+20,0.000000
8,-2,-36,2.9191819e+20,0.000000
8,-4,-28,2.8840172e+20,0.000000
9,-1,-39,2.8770633e+20,0.000000
10,1,23,2.8403758e+20,0.000000
6,-4,-44,2.8199386e+20,0.000000
5,-5,-45,2.7610783e+20,0.000000
6,5,-22,2.7608265e+20,0.000000
9,0,-34,2.7595437e+20,0.000000
9,0,34,2.7595437e+20,0.000000
10,0,-31,2.7449983e+20,0.000000
10,0,31,2.7449983e+20,0.000000
6,-5,-35,2.7410629e+20,0.000000
7,-1,-51,2.7007462e+20,0.000000
5,3,-51,2.6403937e+20,0.000000
7,7,-10,2.6398734e+20,0.000000
4,-2,-31,2.6390437e+20,0.000000
4,-2,-34,2.6176523e+20,0.000000
8,-1,-44,2.6130935e+20,0.000000
8,-6,-23,2.6128444e+20,0.000000
10,-2,-5,2.6085995e+20,0.000000
10,4,-12,2.5831512e+20,0.000000
7,-2,-45,2.576464e+20,0.000000
9,5,-9,2.5714949e+20,0.000000
4,-2,-33,2.5565887e+20,0.000000
9,-3,-24,2.5340998e+20,0.000000
9,-5,-18,2.522004e+20,0.000000
9,4,-14,2.5014915e+20,0.000000
8,4,-31,2.4997266e+20,0.000000
7,-4,-34,2.4978606e+20,0.000000
6,3,-45,2.4975029e+20,0.000000
10,-1,35,2.4869706e+20,0.000000
9,0,-35,2.4760527e+20,0.000000
9,0,35,2.4760527e+20,0.000000
8,-3,-30,2.4726359e+20,0.000000
7,-7,-20,2.4656259e+20,0.000000
7,6,-12,2.4519579e+20,0.000000
9,4,-15,2.4517111e+20,0.000000
8,-5,-18,2.439008e+20,0.000000
8,0,-43,2.43119e+20,0.000000
8,0,43,2.43119e+20,0.000000
4,-2,-35,2.4261464e+20,0.000000
8,6,-13,2.4118231e+20,0.000000
9,1,-38,2.4016712e+20,0.000000
5,-4,-43,2.3923892e+20,0.000000
8,2,-39,2.3844825e+20,0.000000
8,6,-12,2.3825442e+20,0.000000
7,2,-47,2.3491118e+20,0.000000
10,1,24,2.3450651e+20,0.000000
10,-2,-13,2.3363578e+20,0.000000
9,4,-13,2.3210985e+20,0.000000
4,-2,-32,2.3171538e+20,0.000000
9,2,-30,2.2977126e+20,0.000000
6,6,-23,2.2850706e+20,0.000000
9,4,-7,2.2791308e+20,0.000000
10,2,-25,2.2660913e+20,0.000000
10,-1,-16,2.2509808e+20,0.000000
9,4,-16,2.2368975e+20,0.000000
7,4,-31,2.2366142e+20,0.000000
9,1,45,2.2328073e+20,0.000000
8,5,-14,2.2253623e+20,0.000000
8,3,-33,2.2027664e+20,0.000000
10,2,-1,2.192034e+20,0.000000
10,-2,48,2.1788827e+20,0.000000
9,0,-36,2.1517249e+20,0.000000
9,0,36,2.1517249e+20,0.000000
5,5,-30,2.1508519e+20,0.000000
10,-5,-4,2.144165e+20,0.000000
7,-6,-24,2.1251933e+20,0.000000
9,-2,37,2.1131991e+20,0.000000
4,4,-40,2.1090444e+20,0.000000
10,2,50,2.1075589e+20,0.000000
9,-1,47,2.1042392e+20,0.000000
4,-2,-36,2.0795714e+20,0.000000
7,-2,-46,2.0740845e+20,0.000000
7,-5,-28,2.0378457e+20,0.000000
5,4,-35,2.0265971e+20,0.000000
8,6,-14,2.0209517e+20,0.000000
9,-1,-40,1.9981252e+20,0.000000
7,-3,-41,1.9773598e+20,0.000000
6,4,-38,1.9615829e+20,0.000000
9,5,-18,1.9591134e+20,0.000000
6,-3,-44,1.936737e+20,0.000000
7,-1,-52,1.934643e+20,0.000000
9,4,-17,1.9291645e+20,0.000000
7,3,-44,1.9044933e+20,0.000000
9,4,-12,1.8900735e+20,0.000000
10,1,25,1.8780085e+20,0.000000
8,-3,-31,1.8713668e+20,0.000000
8,0,-44,1.8420452e+20,0.000000
8,0,44,1.8420452e+20,0.000000
4,3,-50,1.8385002e+20,0.000000
5,-5,-46,1.8359929e+20,0.000000
6,-6,-35,1.831066e+20,0.000000
8,-4,-29,1.8289507e+20,0.000000
7,2,-48,1.8200417e+20,0.000000
9,0,-37,1.8196521e+20,0.000000
9,0,37,1.8196521e+20,0.000000
9,3,-26,1.8160562e+20,0.000000
5,3,-52,1.8098421e+20,0.000000
6,-5,-36,1.8060495e+20,0.000000
7,6,-13,1.8053101e+20,0.000000
6,-1,-46,1.7875254e+20,0.000000
6,5,-23,1.7501542e+20,0.000000
8,-3,-3,1.7155299e+20,0.000000
9,4,-8,1.6991198e+20,0.000000
8,-6,-24,1.6968004e+20,0.000000
4,-2,-37,1.6819243e+20,0.000000
10,9,-8,1.6754805e+20,0.000000
7,6,-9,1.6709337e+20,0.000000
9,1,-39,1.6656694e+20,0.000000
7,-2,-47,1.6487373e+20,0.000000
10,2,-26,1.645983e+20,0.000000
9,-5,-19,1.63775e+20,0.000000
10,4,-8,1.6348239e+20,0.000000
8,-1,-45,1.6196674e+20,0.000000
10,-1,-4,1.6179093e+20,0.000000
9,4,-18,1.5891005e+20,0.000000
10,-1,36,1.5660677e+20,0.000000
7,-1,-53,1.5586601e+20,0.000000
8,3,-34,1.5561109e+20,0.000000
10,-2,49,1.5495341e+20,0.000000
8,6,-11,1.5388917e+20,0.000000
8,6,-15,1.5353868e+20,0.000000
10,4,-13,1.5270048e+20,0.000000
10,-1,-6,1.5262819e+20,0.000000
6,3,-46,1.5240257e+20,0.000000
10,2,51,1.5176902e+20,0.000000
8,1,-46,1.5170451e+20,0.000000
9,0,-38,1.5043432e+20,0.000000
9,0,38,1.5043432e+20,0.000000
10,0,-32,1.5011743e+20,0.000000
10,0,32,1.5011743e+20,0.000000
10,3,-12,1.4995259e+20,0.000000
8,-2,-37,1.495401e+20,0.000000
8,4,-32,1.4915799e+20,0.000000
10,3,-11,1.4741131e+20,0.000000
9,-2,38,1.471131e+20,0.000000
7,5,-24,1.4687918e+20,0.000000
10,1,26,1.4633293e+20,0.000000
7,-4,-35,1.4592283e+20,0.000000
8,5,-15,1.412758e+20,0.000000
9,-5,-8,1.408894e+20,0.000000
7,2,-49,1.3979776e+20,0.000000
8,-3,-32,1.3966426e+20,0.000000
8,-5,-19,1.3958758e+20,0.000000
7,-7,-21,1.3927876e+20,0.000000
8,0,-45,1.3861029e+20,0.000000
8,0,45,1.3861029e+20,0.000000
7,-1,-54,1.3799118e+20,0.000000
9,-1,-41,1.3792769e+20,0.000000
10,3,-13,1.3700336e+20,0.000000
9,2,-31,1.3598013e+20,0.000000
7,-5,-6,1.3360737e+20,0.000000
7,-6,-7,1.3255469e+20,0.000000
7,6,-7,1.3142235e+20,0.000000
7,-6,-25,1.3138679e+20,0.000000
7,-3,-42,1.3040367e+20,0.000000
4,-2,-38,1.3021226e+20,0.000000
7,-2,-48,1.2962845e+20,0.000000
4,4,-41,1.294566e+20,0.000000
9,4,-11,1.2938745e+20,0.000000
7,-1,-55,1.2890693e+20,0.000000
5,3,-53,1.2813405e+20,0.000000
6,-4,-45,1.2785282e+20,0.000000
7,4,-32,1.2770649e+20,0.000000
10,-2,-6,1.2644021e+20,0.000000
5,5,-31,1.2624681e+20,0.000000
9,4,-19,1.2595412e+20,0.000000
10,-1,-17,1.2588083e+20,0.000000
9,1,46,1.2587494e+20,0.000000
7,6,-14,1.2508173e+20,0.000000
9,-1,48,1.2499999e+20,0.000000
10,3,-10,1.241155e+20,0.000000
9,5,-19,1.230304e+20,0.000000
9,0,-39,1.2197714e+20,0.000000
9,0,39,1.2197714e+20,0.000000
6,-3,-45,1.2159697e+20,0.000000
7,3,-45,1.2084941e+20,0.000000
6,6,-24,1.2061966e+20,0.000000
9,-3,-25,1.1968915e+20,0.000000
6,-5,-37,1.1888569e+20,0.000000
10,2,-27,1.1672643e+20,0.000000
10,3,-14,1.1539268e+20,0.000000
8,-4,-30,1.1516914e+20,0.000000
9,1,-40,1.1464091e+20,0.000000
10,1,27,1.1121738e+20,0.000000
6,5,-24,1.1085389e+20,0.000000
4,3,-51,1.1069369e+20,0.000000
8,6,-16,1.1010244e+20,0.000000
10,-2,50,1.0999512e+20,0.000000
8,-6,-25,1.0952869e+20,0.000000
10,2,52,1.0937075e+20,0.000000
8,3,-35,1.0897871e+20,0.000000
5,-4,-44,1.0882556e+20,0.000000
7,2,-50,1.0620112e+20,0.000000
6,-6,-36,1.0481998e+20,0.000000
9,-5,-20,1.0378709e+20,0.000000
8,0,-46,1.0360723e+20,0.000000
8,0,46,1.0360723e+20,0.000000
8,-3,-33,1.029381e+20,0.000000
5,-5,-47,1.0232973e+20,0.000000
9,-2,39,1.0140286e+20,0.000000
5,4,-36,1.0112142e+20,0.000000
6,4,-39,1.0110419e+20,0.000000
7,-2,-49,1.0091493e+20,0.000000
8,2,-40,1.0090367e+20,0.000000
8,-1,-46,9.9053068e+19,0.000000
7,7,-11,9.8951129e+19,0.000000
7,-5,-29,9.8082522e+19,0.000000
4,-2,-39,9.74808e+19,0.000000
9,0,-40,9.7316699e+19,0.000000
9,0,40,9.7316699e+19,0.000000
10,-1,37,9.6859584e+19,0.000000
9,4,-20,9.6596982e+19,0.000000
10,-2,-14,9.6206405e+19,0.000000
9,4,-4,9.5444544e+19,0.000000
9,-1,-42,9.4828438e+19,0.000000
5,3,-54,9.3135301e+19,0.000000
6,3,-47,9.2833576e+19,0.000000
8,6,-10,9.1860765e+19,0.000000
6,-1,-47,9.1386455e+19,0.000000
10,3,-15,9.0984881e+19,0.000000
8,1,-47,9.0590852e+19,0.000000
8,4,-33,8.8936327e+19,0.000000
8,5,-16,8.6665934e+19,0.000000
4,4,-42,8.6242751e+19,0.000000
7,-3,-43,8.573137e+19,0.000000
7,-4,-36,8.4585315e+19,0.000000
9,4,-9,8.3421424e+19,0.000000
7,6,-15,8.3417953e+19,0.000000
10,1,-10,8.2721873e+19,0.000000
10,1,28,8.2607247e+19,0.000000
10,-2,-19,8.2408051e+19,0.000000
9,-1,49,8.2071184e+19,0.000000
10,1,-9,8.1605632e+19,0.000000
10,2,-28,8.1246318e+19,0.000000
10,-2,-20,8.1179527e+19,0.000000
10,3,-9,8.1167077e+19,0.000000
7,-6,-26,8.1015831e+19,0.000000
10,4,-14,8.1012942e+19,0.000000
7,2,-51,8.0075834e+19,0.000000
8,-6,-41,7.9649139e+19,0.000000
9,4,-10,7.9490609e+19,0.000000
10,0,-33,7.9486339e+19,0.000000
10,0,33,7.9486339e+19,0.000000
9,2,-32,7.9082044e+19,0.000000
10,2,53,7.8664919e+19,0.000000
9,1,-41,7.8439042e+19,0.000000
6,-5,-38,7.8169625e+19,0.000000
10,-2,51,7.8073465e+19,0.000000
7,-2,-50,7.7841396e+19,0.000000
7,-7,-22,7.7608962e+19,0.000000
8,-5,-20,7.7180911e+19,0.000000
8,0,-47,7.7060014e+19,0.000000
8,0,47,7.7060014e+19,0.000000
9,0,-41,7.6565468e+19,0.000000
9,0,41,7.6565468e+19,0.000000
6,-3,-46,7.6130639e+19,0.000000
8,6,-17,7.6029834e+19,0.000000
7,3,-46,7.5940721e+19,0.000000
8,3,-36,7.5814945e+19,0.000000
10,-2,-18,7.5723871e+19,0.000000
9,3,-27,7.5637824e+19,0.000000
9,5,-20,7.5507904e+19,0.000000
8,-3,-34,7.5110523e+19,0.000000
10,1,-11,7.4335324e+19,0.000000
5,5,-32,7.4165126e+19,0.000000
10,-2,-21,7.4036175e+19,0.000000
8,-2,-38,7.3375834e+19,0.000000
9,1,47,7.2525558e+19,0.000000
7,4,-33,7.2511644e+19,0.000000
8,-4,-31,7.2283702e+19,0.000000
9,4,-21,7.1997224e+19,0.000000
4,-2,-40,7.1098996e+19,0.000000
8,-6,-26,7.0280317e+19,0.000000
6,5,-25,7.0115693e+19,0.000000
9,-2,40,6.924737e+19,0.000000
9,8,-8,6.8979155e+19,0.000000
5,3,-55,6.8854857e+19,0.000000
6,-4,-46,6.8203027e+19,0.000000
8,-1,-2,6.8102389e+19,0.000000
10,1,-8,6.8060051e+19,0.000000
10,3,-16,6.7796081e+19,0.000000
4,3,-52,6.7666855e+19,0.000000
10,-1,-18,6.5403196e+19,0.000000
10,-1,-5,6.5149566e+19,0.000000
7,-5,-30,6.4724575e+19,0.000000
9,-5,-21,6.4416729e+19,0.000000
9,-1,-43,6.4415253e+19,0.000000
6,6,-25,6.3668302e+19,0.000000
5,-5,-48,6.361919e+19,0.000000
10,-2,-22,6.3599776e+19,0.000000
4,4,-43,6.2409412e+19,0.000000
9,-5,-9,6.2106061e+19,0.000000
10,-2,-17,6.1752831e+19,0.000000
9,-1,50,6.1443257e+19,0.000000
10,1,-12,6.0701121e+19,0.000000
7,5,-25,6.0568658e+19,0.000000
6,-6,-37,6.0060577e+19,0.000000
10,1,29,6.0054916e+19,0.000000
9,-3,-5,6.0043558e+19,0.000000
7,2,-52,5.9877044e+19,0.000000
8,-1,-47,5.9610047e+19,0.000000
9,0,-42,5.9543859e+19,0.000000
9,0,42,5.9543859e+19,0.000000
7,-2,-51,5.9515706e+19,0.000000
10,-1,38,5.8854337e+19,0.000000
8,0,-48,5.7011766e+19,0.000000
8,0,48,5.7011766e+19,0.000000
7,3,-4,5.6947998e+19,0.000000
10,2,54,5.6627115e+19,0.000000
6,3,-48,5.654822e+19,0.000000
7,-3,-44,5.5807471e+19,0.000000
10,2,-29,5.5456704e+19,0.000000
10,-2,52,5.5430235e+19,0.000000
10,4,-7,5.4812889e+19,0.000000
8,-3,-35,5.4288275e+19,0.000000
7,6,-16,5.4204058e+19,0.000000
7,-5,-31,5.4186653e+19,0.000000
5,-4,-45,5.3744131e+19,0.000000
9,-3,-26,5.3683523e+19,0.000000
9,1,-42,5.337183e+19,0.000000
8,1,-48,5.3056602e+19,0.000000
8,4,-34,5.2534792e+19,0.000000
8,3,-37,5.2388485e+19,0.000000
9,-1,51,5.2357159e+19,0.000000
9,4,-22,5.2339418e+19,0.000000
10,-2,-23,5.208904e+19,0.000000
6,4,-40,5.162293e+19,0.000000
8,5,-17,5.1476679e+19,0.000000
10,1,1,5.1386773e+19,0.000000
6,-5,-39,5.1323648e+19,0.000000
8,6,-18,5.1105721e+19,0.000000
4,-2,-41,5.0826424e+19,0.000000
9,-1,53,4.991114e+19,0.000000
7,-6,-27,4.9847994e+19,0.000000
5,4,-37,4.9756969e+19,0.000000
7,-5,-32,4.971344e+19,0.000000
9,-1,52,4.8940241e+19,0.000000
7,-4,-37,4.8548231e+19,0.000000
4,4,-44,4.8495332e+19,0.000000
10,-2,-15,4.839485e+19,0.000000
10,-8,-8,4.8205993e+19,0.000000
7,3,-47,4.8122199e+19,0.000000
10,3,-17,4.8021213e+19,0.000000
6,-1,-48,4.7698203e+19,0.000000
6,-3,-47,4.7586767e+19,0.000000
9,-1,54,4.7567384e+19,0.000000
7,7,-12,4.7421906e+19,0.000000
9,-1,55,4.7375678e+19,0.000000
10,-2,-16,4.7062794e+19,0.000000
9,-2,41,4.6877324e+19,0.000000
9,0,-43,4.5844767e+19,0.000000
9,0,43,4.5844767e+19,0.000000
10,1,-13,4.5645083e+19,0.000000
9,5,-21,4.5370318e+19,0.000000
9,2,-33,4.5184273e+19,0.000000
7,-2,-52,4.5120357e+19,0.000000
8,-4,-32,4.5008595e+19,0.000000
8,-6,-27,4.4953916e+19,0.000000
7,2,-53,4.4403761e+19,0.000000
6,5,-26,4.4270524e+19,0.000000
7,-5,-33,4.4227902e+19,0.000000
9,-1,-44,4.3865283e+19,0.000000
8,2,-3,4.371056e+19,0.000000
5,5,-33,4.361843e+19,0.000000
9,1,48,4.3492278e+19,0.000000
10,1,-7,4.3343999e+19,0.000000
10,1,30,4.2779135e+19,0.000000
7,-7,-23,4.2749572e+19,0.000000
4,3,-53,4.2143907e+19,0.000000
8,0,-49,4.1992598e+19,0.000000
8,0,49,4.1992598e+19,0.000000
10,2,55,4.1254586e+19,0.000000
8,-5,-21,4.1249263e+19,0.000000
10,0,-34,4.1177497e+19,0.000000
10,0,34,4.1177497e+19,0.000000
10,-2,-24,4.105494e+19,0.000000
7,4,-34,4.0943763e+19,0.000000
5,-5,-49,4.060028e+19,0.000000
8,2,-49,4.0114761e+19,0.000000
4,4,-45,3.9786584e+19,0.000000
10,-2,53,3.9529787e+19,0.000000
9,-5,-22,3.9265623e+19,0.000000
6,-4,-47,3.9048735e+19,0.000000
8,-3,-36,3.8947185e+19,0.000000
10,4,-15,3.8858894e+19,0.000000
8,2,-41,3.8736801e+19,0.000000
7,-5,-34,3.8573786e+19,0.000000
6,-6,-41,3.75098e+19,0.000000
10,2,-30,3.7374073e+19,0.000000
9,4,-23,3.7226954e+19,0.000000
7,-3,-45,3.6309929e+19,0.000000
8,3,-38,3.6024336e+19,0.000000
9,1,-43,3.6009997e+19,0.000000
4,-2,-42,3.5811371e+19,0.000000
10,-1,39,3.5215429e+19,0.000000
8,-1,-48,3.5183045e+19,0.000000
9,0,-44,3.5003366e+19,0.000000
9,0,44,3.5003366e+19,0.000000
6,-6,-38,3.4581842e+19,0.000000
6,3,-49,3.4564862e+19,0.000000
7,6,-17,3.4553812e+19,0.000000
8,-8,-9,3.4443647e+19,0.000000
9,3,-3,3.4280162e+19,0.000000
8,-2,-39,3.414666e+19,0.000000
7,-2,-53,3.3907923e+19,0.000000
4,4,-46,3.385766e+19,0.000000
10,6,-6,3.3787205e+19,0.000000
6,-5,-40,3.3653745e+19,0.000000
8,6,-19,3.364778e+19,0.000000
6,6,-26,3.3618423e+19,0.000000
10,-1,-19,3.2786715e+19,0.000000
7,2,-54,3.2627662e+19,0.000000
10,-4,-10,3.2531697e+19,0.000000
10,3,-18,3.2448646e+19,0.000000
10,3,-8,3.2284421e+19,0.000000
5,-4,-46,3.2012771e+19,0.000000
10,1,-14,3.1814997e+19,0.000000
7,-5,-35,3.1795787e+19,0.000000
10,-4,-11,3.1540465e+19,0.000000
9,-2,42,3.1476879e+19,0.000000
9,3,-28,3.1423443e+19,0.000000
10,-2,-25,3.1328388e+19,0.000000
8,4,-35,3.1086831e+19,0.000000
8,0,-50,3.0784845e+19,0.000000
8,0,50,3.0784845e+19,0.000000
7,-6,-28,3.0626144e+19,0.000000
8,1,-49,3.0411337e+19,0.000000
7,3,-48,2.9990928e+19,0.000000
10,1,31,2.9884367e+19,0.000000
6,-3,-48,2.9759788e+19,0.000000
8,5,-18,2.9623957e+19,0.000000
4,4,-47,2.948837e+19,0.000000
9,-1,-45,2.9366791e+19,0.000000
9,1,49,2.8840965e+19,0.000000
8,-6,-28,2.8598295e+19,0.000000
8,-4,-33,2.799466e+19,0.000000
6,5,-27,2.7903832e+19,0.000000
10,-2,54,2.788548e+19,0.000000
8,-3,-37,2.7730663e+19,0.000000
7,-4,-38,2.7574142e+19,0.000000
10,8,-8,2.7574116e+19,0.000000
6,-1,-49,2.7460472e+19,0.000000
4,3,-54,2.6863804e+19,0.000000
9,5,-22,2.6731546e+19,0.000000
9,0,-45,2.6536062e+19,0.000000
9,0,45,2.6536062e+19,0.000000
6,4,-41,2.6186916e+19,0.000000
5,-5,-50,2.6107759e+19,0.000000
7,7,-13,2.6069959e+19,0.000000
4,4,-48,2.6038928e+19,0.000000
9,4,-24,2.5973813e+19,0.000000
7,-5,-36,2.5736973e+19,0.000000
5,5,-34,2.5675216e+19,0.000000
9,2,-34,2.5290866e+19,0.000000
7,-2,-54,2.5254713e+19,0.000000
5,-4,-55,2.5049085e+19,0.000000
4,-2,-43,2.5013016e+19,0.000000
10,2,-31,2.4732023e+19,0.000000
8,3,-39,2.464167e+19,0.000000
9,1,-44,2.4236152e+19,0.000000
10,-4,-12,2.4222567e+19,0.000000
6,-4,-48,2.4218895e+19,0.000000
5,4,-38,2.4073414e+19,0.000000
5,-4,-47,2.3994553e+19,0.000000
7,5,-26,2.3958635e+19,0.000000
7,2,-55,2.3766499e+19,0.000000
10,-3,-2,2.3555903e+19,0.000000
9,-5,-23,2.3543673e+19,0.000000
5,-4,-54,2.3463725e+19,0.000000
7,-3,-46,2.338634e+19,0.000000
7,-7,-24,2.3295951e+19,0.000000
10,-2,-26,2.3284278e+19,0.000000
7,-5,-46,2.328294e+19,0.000000
4,4,-49,2.3166223e+19,0.000000
7,4,-35,2.2960201e+19,0.000000
9,-3,-27,2.2918064e+19,0.000000
8,0,-51,2.2459116e+19,0.000000
8,0,51,2.2459116e+19,0.000000
7,-5,-38,2.2390945e+19,0.000000
10,-4,-9,2.2299829e+19,0.000000
5,-4,-53,2.2094977e+19,0.000000
6,-5,-41,2.2032351e+19,0.000000
10,-6,-41,2.1964146e+19,0.000000
9,1,50,2.1789062e+19,0.000000
8,6,-20,2.1781315e+19,0.000000
7,6,-18,2.1696888e+19,0.000000
5,-4,-48,2.1370418e+19,0.000000
6,3,-50,2.135239e+19,0.000000
8,-5,-22,2.1311056e+19,0.000000
10,0,-35,2.1107113e+19,0.000000
10,0,35,2.1107113e+19,0.000000
5,-4,-52,2.1026986e+19,0.000000
9,-2,43,2.0978069e+19,0.000000
10,3,-19,2.0956338e+19,0.000000
10,-1,40,2.0822672e+19,0.000000
9,1,52,2.0733817e+19,0.000000
4,4,-50,2.0689791e+19,0.000000
10,1,-15,2.0598673e+19,0.000000
10,1,32,2.0482286e+19,0.000000
5,-4,-51,2.0372821e+19,0.000000
5,-4,-49,2.0302586e+19,0.000000
8,-1,-49,2.0292999e+19,0.000000
5,-4,-50,2.0150065e+19,0.000000
9,0,-46,1.9998714e+19,0.000000
9,0,46,1.9998714e+19,0.000000
6,-6,-39,1.99743e+19,0.000000
7,-5,-37,1.9937062e+19,0.000000
10,-2,55,1.975826e+19,0.000000
9,-1,-46,1.9660044e+19,0.000000
8,-3,-38,1.9632761e+19,0.000000
10,1,-4,1.9555313e+19,0.000000
6,-1,-50,1.9206397e+19,0.000000
7,3,-49,1.8920195e+19,0.000000
7,-6,-29,1.8786255e+19,0.000000
6,-3,-49,1.8693146e+19,0.000000
7,-2,-55,1.866879e+19,0.000000
9,1,51,1.8645019e+19,0.000000
4,4,-51,1.8507184e+19,0.000000
8,-6,-29,1.8193356e+19,0.000000
8,4,-36,1.8163325e+19,0.000000
6,-4,-55,1.8127572e+19,0.000000
10,-1,-20,1.8011576e+19,0.000000
9,4,-25,1.7821492e+19,0.000000
6,6,-27,1.775705e+19,0.000000
4,3,-55,1.7644217e+19,0.000000
5,-5,-51,1.75978e+19,0.000000
6,5,-28,1.7557419e+19,0.000000
4,-2,-44,1.7442327e+19,0.000000
10,-2,-1,1.7418353e+19,0.000000
9,1,53,1.7387587e+19,0.000000
6,-4,-49,1.7351928e+19,0.000000
8,-4,-34,1.7241626e+19,0.000000
10,4,-16,1.7156368e+19,0.000000
9,1,54,1.70989e+19,0.000000
9,1,55,1.7051054e+19,0.000000
8,1,-50,1.6933102e+19,0.000000
10,-2,-27,1.6895516e+19,0.000000
8,3,-40,1.6791456e+19,0.000000
6,-1,-54,1.6743765e+19,0.000000
5,-5,-52,1.6614882e+19,0.000000
6,-1,-51,1.6607446e+19,0.000000
6,-1,-53,1.6596994e+19,0.000000
4,4,-52,1.6556469e+19,0.000000
8,5,-19,1.6514654e+19,0.000000
6,-1,-55,1.6471293e+19,0.000000
10,3,-6,1.6424035e+19,0.000000
10,1,-6,1.6365842e+19,0.000000
10,-1,-25,1.6339461e+19,0.000000
8,0,-52,1.6300374e+19,0.000000
8,0,52,1.6300374e+19,0.000000
6,-1,-52,1.629938e+19,0.000000
10,2,-32,1.6253246e+19,0.000000
10,-8,-39,1.5972668e+19,0.000000
10,-1,-24,1.5921456e+19,0.000000
10,-1,-26,1.5840489e+19,0.000000
10,-4,-13,1.5764908e+19,0.000000
9,5,-23,1.5456954e+19,0.000000
7,-4,-39,1.5455008e+19,0.000000
5,5,-35,1.5116695e+19,0.000000
7,-3,-47,1.5112089e+19,0.000000
6,-4,-54,1.5097521e+19,0.000000
7,7,-14,1.5046e+19,0.000000
9,0,-47,1.4999062e+19,0.000000
9,0,47,1.4999062e+19,0.000000
9,3,-29,1.4868222e+19,0.000000
4,4,-53,1.4802949e+19,0.000000
6,-4,-50,1.4799194e+19,0.000000
8,-2,-40,1.4724035e+19,0.000000
10,-1,-23,1.4669742e+19,0.000000
7,3,-50,1.4651874e+19,0.000000
6,-4,-53,1.4645431e+19,0.000000
10,-1,-27,1.4618308e+19,0.000000
6,-5,-42,1.4404348e+19,0.000000
7,-1,-1,1.4337153e+19,0.000000
9,-5,-24,1.3909808e+19,0.000000
8,6,-21,1.3898481e+19,0.000000
9,-2,44,1.3886419e+19,0.000000
9,2,-35,1.3856642e+19,0.000000
8,-3,-39,1.3816803e+19,0.000000
10,1,33,1.377894e+19,0.000000
8,2,-42,1.3604387e+19,0.000000
7,6,-19,1.345219e+19,0.000000
10,-8,-40,1.3419259e+19,0.000000
6,3,-51,1.3361169e+19,0.000000
6,-4,-52,1.3327495e+19,0.000000
6,-4,-51,1.330871e+19,0.000000
10,-1,-21,1.3273517e+19,0.000000
10,-1,-22,1.3232916e+19,0.000000
4,4,-54,1.3218425e+19,0.000000
9,-7,-14,1.3179838e+19,0.000000
6,4,-42,1.3104719e+19,0.000000
9,-7,-13,1.3097876e+19,0.000000
9,-1,-47,1.2998483e+19,0.000000
10,-3,-12,1.294377e+19,0.000000
10,3,-20,1.2943538e+19,0.000000
10,-1,-28,1.2939118e+19,0.000000
8,-8,-39,1.2921609e+19,0.000000
10,2,-4,1.281067e+19,0.000000
10,-3,-13,1.2793084e+19,0.000000
7,4,-36,1.2783425e+19,0.000000
7,-7,-25,1.2578607e+19,0.000000
10,1,-16,1.2380572e+19,0.000000
10,-1,41,1.2274035e+19,0.000000
4,-2,-45,1.2248714e+19,0.000000
9,4,-26,1.2047299e+19,0.000000
10,-2,-28,1.2032177e+19,0.000000
6,-3,-50,1.1858292e+19,0.000000
6,-6,-40,1.1841623e+19,0.000000
4,4,-55,1.1789592e+19,0.000000
8,0,-53,1.1761895e+19,0.000000
8,0,53,1.1761895e+19,0.000000
7,-6,-30,1.1516058e+19,0.000000
8,-6,-30,1.1488e+19,0.000000
5,4,-39,1.1413133e+19,0.000000
10,-3,-14,1.1412524e+19,0.000000
10,-3,-11,1.1405493e+19,0.000000
8,-1,-50,1.1401999e+19,0.000000
8,3,-41,1.1387892e+19,0.000000
7,-5,-39,1.1369236e+19,0.000000
9,-7,-15,1.135389e+19,0.000000
10,0,-36,1.1221889e+19,0.000000
10,0,36,1.1221889e+19,0.000000
9,0,-48,1.1203191e+19,0.000000
9,0,48,1.1203191e+19,0.000000
10,-1,-29,1.1063541e+19,0.000000
6,5,-29,1.103245e+19,0.000000
9,1,-46,1.0734879e+19,0.000000
8,6,-7,1.0710473e+19,0.000000
8,4,-37,1.0673333e+19,0.000000
8,-5,-23,1.065688e+19,0.000000
8,-4,-35,1.0631231e+19,0.000000
10,2,-33,1.0469238e+19,0.000000
10,2,-49,9.8428898e+18,0.000000
9,-7,-12,9.7427625e+18,0.000000
9,-3,-28,9.740208e+18,0.000000
7,-4,-40,9.7168889e+18,0.000000
7,-3,-48,9.7154157e+18,0.000000
8,-3,-40,9.6781699e+18,0.000000
9,3,-30,9.6253926e+18,0.000000
7,-5,-45,9.6239426e+18,0.000000
6,-5,-43,9.427506e+18,0.000000
10,-3,-15,9.3923212e+18,0.000000
6,6,-28,9.3895003e+18,0.000000
7,5,-27,9.219228e+18,0.000000
8,1,-51,9.1932208e+18,0.000000
10,-1,-30,9.1840464e+18,0.000000
9,-2,45,9.1370906e+18,0.000000
10,1,34,9.0978799e+18,0.000000
9,-1,-48,8.9586113e+18,0.000000
8,-8,-40,8.9492327e+18,0.000000
8,2,-48,8.9399664e+18,0.000000
10,-4,-14,8.9335821e+18,0.000000
8,5,-20,8.9121353e+18,0.000000
5,5,-36,8.9090979e+18,0.000000
9,-7,-16,8.8790352e+18,0.000000
5,-5,-53,8.8611089e+18,0.000000
10,-10,-10,8.8555526e+18,0.000000
9,5,-24,8.7836643e+18,0.000000
7,7,-15,8.7650046e+18,0.000000
8,6,-22,8.756827e+18,0.000000
4,-2,-46,8.7566588e+18,0.000000
8,8,-9,8.7414241e+18,0.000000
6,3,-52,8.6034806e+18,0.000000
8,2,-47,8.5147201e+18,0.000000
8,2,-50,8.4899832e+18,0.000000
8,0,-54,8.4284921e+18,0.000000
8,0,54,8.4284921e+18,0.000000
9,3,-31,8.4132062e+18,0.000000
10,-2,-29,8.4020309e+18,0.000000
7,-5,-40,8.3577091e+18,0.000000
9,0,-49,8.3420009e+18,0.000000
9,0,49,8.3420009e+18,0.000000
7,6,-20,8.2482796e+18,0.000000
10,-3,-10,8.2090429e+18,0.000000
9,-5,-25,8.0950781e+18,0.000000
9,4,-27,8.0415316e+18,0.000000
9,3,-32,7.9925007e+18,0.000000
7,3,-51,7.849815e+18,0.000000
5,-5,-54,7.8361889e+18,0.000000
8,3,-42,7.6967975e+18,0.000000
6,-3,-51,7.6634908e+18,0.000000
9,3,-33,7.6553419e+18,0.000000
10,3,-21,7.6412942e+18,0.000000
10,4,-17,7.6249113e+18,0.000000
10,-1,-31,7.438525e+18,0.000000
8,2,-46,7.4293419e+18,0.000000
8,2,-51,7.4169963e+18,0.000000
9,2,-36,7.3987813e+18,0.000000
7,-5,-42,7.3649266e+18,0.000000
10,-1,42,7.3155274e+18,0.000000
8,-6,-31,7.293946e+18,0.000000
10,-3,-16,7.2325974e+18,0.000000
9,1,-47,7.057345e+18,0.000000
7,4,-37,7.05199e+18,0.000000
7,-3,-49,7.0513978e+18,0.000000
7,-6,-31,7.0479021e+18,0.000000
6,5,-30,6.9234663e+18,0.000000
10,1,-17,6.9032227e+18,0.000000
9,3,-34,6.8469636e+18,0.000000
8,-3,-41,6.7426832e+18,0.000000
10,2,-34,6.7403972e+18,0.000000
7,-7,-26,6.7207551e+18,0.000000
10,0,-37,6.6269425e+18,0.000000
10,0,37,6.6269425e+18,0.000000
6,4,-43,6.5394153e+18,0.000000
9,-7,-17,6.5032549e+18,0.000000
8,-4,-36,6.4681585e+18,0.000000
4,-2,-47,6.4483038e+18,0.000000
8,2,-52,6.364027e+18,0.000000
8,-1,-51,6.2416283e+18,0.000000
9,0,-50,6.20474e+18,0.000000
9,0,50,6.20474e+18,0.000000
8,4,-38,6.154622e+18,0.000000
7,-5,-41,6.1492495e+18,0.000000
6,-5,-44,6.1326171e+18,0.000000
10,1,-5,6.0611551e+18,0.000000
9,3,-50,6.0356699e+18,0.000000
9,3,-35,6.0283074e+18,0.000000
8,0,-55,5.9946214e+18,0.000000
8,0,55,5.9946214e+18,0.000000
9,-2,-14,5.991377e+18,0.000000
9,-2,46,5.9813794e+18,0.000000
5,-5,-55,5.977909e+18,0.000000
8,2,-45,5.9429764e+18,0.000000
8,-8,-14,5.9177991e+18,0.000000
10,1,35,5.8968486e+18,0.000000
10,-1,-32,5.8942007e+18,0.000000
9,-5,-46,5.795983e+18,0.000000
10,-2,-30,5.7916264e+18,0.000000
9,-2,-13,5.7839263e+18,0.000000
8,-2,-41,5.7747775e+18,0.000000
6,3,-53,5.7683519e+18,0.000000
8,-6,-53,5.7016217e+18,0.000000
9,-2,-15,5.6868086e+18,0.000000
9,-1,-49,5.5984747e+18,0.000000
8,-2,-2,5.47048e+18,0.000000
8,2,-43,5.4593954e+18,0.000000
8,6,-23,5.4570347e+18,0.000000
8,2,-53,5.4442841e+18,0.000000
10,3,-7,5.3217289e+18,0.000000
9,4,-28,5.3049825e+18,0.000000
5,4,-40,5.282513e+18,0.000000
10,-3,-17,5.260597e+18,0.000000
5,5,-37,5.2467233e+18,0.000000
7,3,-52,5.2224514e+18,0.000000
10,-4,-8,5.1904874e+18,0.000000
8,-5,-24,5.186414e+18,0.000000
8,3,-43,5.1818537e+18,0.000000
7,-5,-52,5.1671657e+18,0.000000
8,-8,-15,5.1373127e+18,0.000000
6,-3,-52,5.0954772e+18,0.000000
7,7,-16,5.0753101e+18,0.000000
8,-8,-13,5.0643646e+18,0.000000
9,-2,-16,5.0419404e+18,0.000000
7,6,-21,5.0071275e+18,0.000000
9,-2,-12,4.9703679e+18,0.000000
6,6,-29,4.9695835e+18,0.000000
9,3,-36,4.946862e+18,0.000000
4,-2,-48,4.9442418e+18,0.000000
9,1,-48,4.9267472e+18,0.000000
8,1,-52,4.9096863e+18,0.000000
9,5,-25,4.9037479e+18,0.000000
8,2,-44,4.852871e+18,0.000000
9,1,-49,4.843653e+18,0.000000
9,-3,-29,4.7149834e+18,0.000000
7,-4,-41,4.6937843e+18,0.000000
8,-3,-42,4.6793944e+18,0.000000
8,5,-21,4.6518147e+18,0.000000
9,-5,-26,4.6495253e+18,0.000000
7,-6,-8,4.6324761e+18,0.000000
10,0,-38,4.629073e+18,0.000000
10,0,38,4.629073e+18,0.000000
6,-6,-42,4.5994739e+18,0.000000
9,0,-51,4.5875298e+18,0.000000
9,0,51,4.5875298e+18,0.000000
10,-1,-33,4.5863438e+18,0.000000
8,-6,-32,4.5662248e+18,0.000000
9,-7,-18,4.5452675e+18,0.000000
8,2,-54,4.529507e+18,0.000000
10,-1,43,4.5040722e+18,0.000000
9,-7,-40,4.476721e+18,0.000000
10,-1,45,4.472247e+18,0.000000
10,-4,-15,4.4390796e+18,0.000000
10,4,-18,4.3699359e+18,0.000000
6,5,-31,4.3415012e+18,0.000000
7,-6,-32,4.3127697e+18,0.000000
10,3,-22,4.3054312e+18,0.000000
9,-2,-17,4.2315813e+18,0.000000
10,2,-35,4.2309077e+18,0.000000
10,-3,-9,4.2233217e+18,0.000000
10,4,-21,4.1973845e+18,0.000000
7,-3,-50,4.1368354e+18,0.000000
10,4,-22,4.0905658e+18,0.000000
9,3,-37,4.0712426e+18,0.000000
6,3,-54,4.0432391e+18,0.000000
10,4,-20,4.0186356e+18,0.000000
6,-5,-45,3.9791121e+18,0.000000
4,-2,-49,3.9725251e+18,0.000000
8,-4,-37,3.9554254e+18,0.000000
10,-2,-31,3.9189949e+18,0.000000
9,-2,47,3.8994573e+18,0.000000
9,-4,-15,3.868997e+18,0.000000
7,4,-38,3.8522112e+18,0.000000
10,0,-39,3.8474113e+18,0.000000
10,0,39,3.8474113e+18,0.000000
9,2,-37,3.846493e+18,0.000000
8,-8,-16,3.836669e+18,0.000000
9,-4,-16,3.8056239e+18,0.000000
10,4,-19,3.7995632e+18,0.000000
10,1,36,3.7510997e+18,0.000000
10,4,-23,3.715005e+18,0.000000
8,2,-55,3.6960649e+18,0.000000
10,-6,-6,3.6874305e+18,0.000000
7,3,-53,3.6477035e+18,0.000000
7,5,-28,3.6403117e+18,0.000000
9,-2,-11,3.6376105e+18,0.000000
10,-3,-18,3.6366554e+18,0.000000
9,-1,-50,3.6091595e+18,0.000000
10,1,-18,3.5982615e+18,0.000000
8,4,-39,3.5770581e+18,0.000000
9,-2,-1,3.5748137e+18,0.000000
9,-4,-14,3.5654137e+18,0.000000
7,-7,-27,3.5622905e+18,0.000000
9,-2,-6,3.5437602e+18,0.000000
6,-3,-53,3.5253797e+18,0.000000
10,-1,-34,3.5088449e+18,0.000000
9,-4,-17,3.4793751e+18,0.000000
8,3,-44,3.4750752e+18,0.000000
9,4,-29,3.4672812e+18,0.000000
10,0,-40,3.4533749e+18,0.000000
10,0,40,3.4533749e+18,0.000000
9,-7,-11,3.4122849e+18,0.000000
9,-2,-18,3.3944098e+18,0.000000
9,0,-52,3.3911205e+18,0.000000
9,0,52,3.3911205e+18,0.000000
8,-1,-52,3.3676833e+18,0.000000
8,6,-24,3.3665712e+18,0.000000
4,-2,-50,3.3437358e+18,0.000000
10,0,-41,3.2391898e+18,0.000000
10,0,41,3.2391898e+18,0.000000
8,-3,-43,3.2307499e+18,0.000000
6,4,-44,3.2282747e+18,0.000000
10,4,-24,3.182083e+18,0.000000
9,3,-38,3.1623547e+18,0.000000
9,-3,-30,3.1486142e+18,0.000000
7,-5,-43,3.1320458e+18,0.000000
9,-3,-54,3.1302451e+18,0.000000
10,0,-42,3.1291961e+18,0.000000
10,0,42,3.1291961e+18,0.000000
5,5,-38,3.0925498e+18,0.000000
9,-7,-19,3.0682716e+18,0.000000
7,6,-22,3.0121025e+18,0.000000
9,-4,-18,3.0066469e+18,0.000000
6,3,-55,2.9930342e+18,0.000000
9,0,-1,2.9538373e+18,0.000000
9,0,1,2.9538373e+18,0.000000
10,-1,44,2.9444629e+18,0.000000
4,-2,-51,2.9298847e+18,0.000000
7,7,-17,2.9053226e+18,0.000000
8,-6,-33,2.9052229e+18,0.000000
7,-3,-54,2.8957237e+18,0.000000
6,-6,-43,2.8793133e+18,0.000000
9,-4,-13,2.8614849e+18,0.000000
8,-6,-46,2.8612437e+18,0.000000
9,-3,-31,2.8596166e+18,0.000000
9,-3,-32,2.8217982e+18,0.000000
9,-3,-33,2.7996017e+18,0.000000
7,-3,-51,2.7429435e+18,0.000000
8,-6,-7,2.7405254e+18,0.000000
6,5,-32,2.7203464e+18,0.000000
7,3,-54,2.7055701e+18,0.000000
10,0,-43,2.7015777e+18,0.000000
10,0,43,2.7015777e+18,0.000000
9,5,-26,2.6953482e+18,0.000000
8,1,-53,2.6774466e+18,0.000000
10,2,-36,2.6765675e+18,0.000000
10,-1,-35,2.6479207e+18,0.000000
4,-2,-52,2.645478e+18,0.000000
6,6,-30,2.6356788e+18,0.000000
7,-6,-33,2.6339386e+18,0.000000
10,-2,-32,2.6326133e+18,0.000000
8,-8,-17,2.6280939e+18,0.000000
9,-5,-27,2.6262791e+18,0.000000
9,-2,-19,2.6212406e+18,0.000000
10,4,-25,2.5939905e+18,0.000000
6,-5,-46,2.5934206e+18,0.000000
9,-3,-34,2.5883739e+18,0.000000
6,-3,-54,2.5704469e+18,0.000000
9,-2,48,2.53447e+18,0.000000
10,7,-7,2.5237488e+18,0.000000
9,0,-53,2.5015525e+18,0.000000
9,0,53,2.5015525e+18,0.000000
8,-5,-25,2.5006401e+18,0.000000
9,-2,-7,2.484577e+18,0.000000
9,-4,-19,2.4845395e+18,0.000000
9,3,-39,2.4763348e+18,0.000000
7,-4,-42,2.4735009e+18,0.000000
4,-2,-53,2.4362022e+18,0.000000
10,0,-44,2.4054069e+18,0.000000
10,0,44,2.4054069e+18,0.000000
10,-3,-19,2.3986992e+18,0.000000
5,4,-41,2.3788679e+18,0.000000
8,-4,-38,2.373144e+18,0.000000
9,-3,-35,2.3520872e+18,0.000000
8,5,-22,2.3475265e+18,0.000000
10,1,37,2.3430528e+18,0.000000
6,-6,-53,2.3423584e+18,0.000000
8,3,-45,2.3229527e+18,0.000000
10,3,-23,2.3102516e+18,0.000000
10,-6,-53,2.3091909e+18,0.000000
9,-1,-51,2.2871515e+18,0.000000
4,-2,-54,2.2678417e+18,0.000000
9,4,-30,2.2446976e+18,0.000000
8,-3,-44,2.2212105e+18,0.000000
6,-6,-44,2.2060387e+18,0.000000
7,-3,-52,2.1934817e+18,0.000000
9,-2,-10,2.1472193e+18,0.000000
8,-2,-42,2.1367806e+18,0.000000
4,-2,-55,2.1249475e+18,0.000000
7,3,-55,2.111171e+18,0.000000
9,-2,-5,2.1088981e+18,0.000000
7,-5,-44,2.1036509e+18,0.000000
7,4,-39,2.0778462e+18,0.000000
10,0,-45,2.0769379e+18,0.000000
10,0,45,2.0769379e+18,0.000000
8,6,-25,2.0600159e+18,0.000000
8,4,-40,2.0372966e+18,0.000000
10,4,-26,2.037011e+18,0.000000
9,-7,-20,2.017025e+18,0.000000
9,-3,-36,2.0084152e+18,0.000000
9,-4,-20,1.9800588e+18,0.000000
10,-1,-36,1.9710364e+18,0.000000
9,-2,-20,1.9593923e+18,0.000000
6,-3,-55,1.9553241e+18,0.000000
8,-4,-40,1.9414948e+18,0.000000
9,2,-38,1.9395743e+18,0.000000
10,-4,-16,1.9379975e+18,0.000000
8,-8,-12,1.9253653e+18,0.000000
7,-7,-40,1.9171279e+18,0.000000
8,-2,-49,1.915425e+18,0.000000
9,1,-50,1.9034789e+18,0.000000
9,-4,-12,1.8714181e+18,0.000000
7,-7,-28,1.8633589e+18,0.000000
9,3,-40,1.8621296e+18,0.000000
8,-1,-53,1.8571834e+18,0.000000
9,0,-54,1.8409714e+18,0.000000
9,0,54,1.8409714e+18,0.000000
10,1,-19,1.8277352e+18,0.000000
5,5,-39,1.8191645e+18,0.000000
8,-6,-42,1.8044409e+18,0.000000
7,6,-23,1.7970651e+18,0.000000
8,-6,-34,1.7967033e+18,0.000000
10,0,-46,1.7807388e+18,0.000000
10,0,46,1.7807388e+18,0.000000
10,-2,-33,1.7327019e+18,0.000000
9,-1,-52,1.7186967e+18,0.000000
8,-8,-18,1.7078431e+18,0.000000
6,5,-33,1.7041663e+18,0.000000
7,5,-29,1.6871167e+18,0.000000
9,-3,-37,1.6864127e+18,0.000000
6,-5,-47,1.6821141e+18,0.000000
8,1,-54,1.646826e+18,0.000000
9,-2,49,1.6442038e+18,0.000000
6,4,-45,1.6435266e+18,0.000000
6,-6,-46,1.6416224e+18,0.000000
7,7,-18,1.6414939e+18,0.000000
10,2,-37,1.6370526e+18,0.000000
7,-6,-34,1.6089243e+18,0.000000
10,-1,46,1.6081767e+18,0.000000
7,-3,-4,1.6070886e+18,0.000000
10,-4,-7,1.5856289e+18,0.000000
10,0,-47,1.5753671e+18,0.000000
10,0,47,1.5753671e+18,0.000000
10,4,-27,1.5441852e+18,0.000000
8,3,-46,1.5429579e+18,0.000000
9,-5,-45,1.5387945e+18,0.000000
9,-4,-21,1.5316252e+18,0.000000
8,-3,-45,1.5225924e+18,0.000000
10,-3,-20,1.5125781e+18,0.000000
8,-2,-48,1.4923543e+18,0.000000
9,-5,-28,1.4659211e+18,0.000000
9,5,-27,1.453799e+18,0.000000
10,-1,-37,1.4518881e+18,0.000000
8,-2,-50,1.448448e+18,0.000000
9,4,-31,1.4429932e+18,0.000000
10,1,38,1.4376595e+18,0.000000
8,-4,-39,1.4351327e+18,0.000000
9,-2,-21,1.4238806e+18,0.000000
9,3,-41,1.4105199e+18,0.000000
8,-2,-47,1.4103991e+18,0.000000
6,6,-31,1.3996797e+18,0.000000
9,-5,-38,1.393694e+18,0.000000
7,-3,-53,1.3742597e+18,0.000000
9,0,-55,1.358677e+18,0.000000
9,0,55,1.358677e+18,0.000000
9,-4,-8,1.3531877e+18,0.000000
9,-3,-38,1.3478892e+18,0.000000
10,-1,47,1.3251586e+18,0.000000
9,-7,-21,1.2986819e+18,0.000000
7,-4,-43,1.2958034e+18,0.000000
8,-2,-51,1.2879303e+18,0.000000
6,-6,-45,1.2664194e+18,0.000000
7,-5,-54,1.259135e+18,0.000000
10,0,-48,1.2504213e+18,0.000000
10,0,48,1.2504213e+18,0.000000
8,6,-26,1.2502663e+18,0.000000
8,-5,-26,1.2458696e+18,0.000000
10,-6,-46,1.2410325e+18,0.000000
8,1,-55,1.2407899e+18,0.000000
9,-2,-8,1.2283129e+18,0.000000
8,-2,-46,1.2157676e+18,0.000000
9,1,-51,1.199328e+18,0.000000
10,3,-24,1.1794364e+18,0.000000
8,-2,-55,1.1740177e+18,0.000000
8,4,-41,1.1638338e+18,0.000000
9,-4,-22,1.1555432e+18,0.000000
8,-6,-35,1.1511011e+18,0.000000
8,-1,-54,1.1491388e+18,0.000000
8,5,-23,1.1471587e+18,0.000000
10,4,-28,1.14582e+18,0.000000
10,-2,-34,1.1393662e+18,0.000000
10,-1,48,1.1371125e+18,0.000000
8,-2,-52,1.1331284e+18,0.000000
9,-6,-15,1.1319644e+18,0.000000
9,-2,-9,1.128883e+18,0.000000
10,-7,-7,1.1224456e+18,0.000000
9,-6,-16,1.1184081e+18,0.000000
7,4,-40,1.1049872e+18,0.000000
9,-5,-52,1.1000341e+18,0.000000
6,-5,-48,1.0898909e+18,0.000000
9,-3,-39,1.0891212e+18,0.000000
10,-3,-8,1.0869548e+18,0.000000
8,-8,-19,1.0738139e+18,0.000000
5,5,-40,1.0703866e+18,0.000000
6,5,-34,1.0671092e+18,0.000000
9,-2,50,1.06595e+18,0.000000
7,6,-24,1.0642853e+18,0.000000
10,-1,-38,1.0579419e+18,0.000000
7,5,-30,1.0515712e+18,0.000000
5,4,-42,1.0414056e+18,0.000000
8,-3,-46,1.0380453e+18,0.000000
10,0,-49,1.0348397e+18,0.000000
10,0,49,1.0348397e+18,0.000000
9,3,-42,1.0339919e+18,0.000000
10,-1,-3,1.0295454e+18,0.000000
10,1,-20,1.0267186e+18,0.000000
8,3,-47,1.0234448e+18,0.000000
10,2,-38,1.0182308e+18,0.000000
9,-6,-17,1.0181601e+18,0.000000
9,-6,-14,1.0178176e+18,0.000000
9,-4,-7,1.0172011e+18,0.000000
9,-2,-22,1.0093115e+18,0.000000
10,-1,49,9.9589099e+17,0.000000
7,-6,-35,9.7993051e+17,0.000000
8,-2,-53,9.7958273e+17,0.000000
7,-7,-29,9.6795767e+17,0.000000
9,-1,-53,9.6560961e+17,0.000000
8,-2,-45,9.5357437e+17,0.000000
9,2,-39,9.5340713e+17,0.000000
8,-2,-54,9.4274032e+17,0.000000
7,-5,-55,9.2628747e+17,0.000000
10,-6,-12,9.2575008e+17,0.000000
9,4,-32,9.1999686e+17,0.000000
7,7,-19,9.1508823e+17,0.000000
10,-3,-21,9.1213095e+17,0.000000
9,-4,-11,9.1124531e+17,0.000000
10,0,-50,9.1086332e+17,0.000000
10,0,50,9.1086332e+17,0.000000
8,-6,-43,8.9870995e+17,0.000000
10,1,-45,8.9532608e+17,0.000000
8,-1,-55,8.8093892e+17,0.000000
8,-2,-3,8.7790406e+17,0.000000
10,-1,50,8.7542282e+17,0.000000
9,-6,-18,8.7327966e+17,0.000000
10,1,39,8.6848442e+17,0.000000
10,1,-25,8.6844549e+17,0.000000
8,-2,-43,8.6646425e+17,0.000000
10,1,-24,8.6192879e+17,0.000000
8,-7,-14,8.5927348e+17,0.000000
9,-4,-23,8.5361457e+17,0.000000
9,-5,-42,8.4940291e+17,0.000000
9,-3,-40,8.4584129e+17,0.000000
7,-3,-55,8.4547663e+17,0.000000
8,-7,-13,8.4538375e+17,0.000000
6,-5,-49,8.2903568e+17,0.000000
10,1,-26,8.2856182e+17,0.000000
6,4,-46,8.2540407e+17,0.000000
10,4,-29,8.2495284e+17,0.000000
7,5,-31,8.2345193e+17,0.000000
9,-7,-22,8.2252786e+17,0.000000
7,-5,-47,8.1901268e+17,0.000000
10,-6,-11,8.1737852e+17,0.000000
10,10,-10,8.1464634e+17,0.000000
10,1,-23,8.116696e+17,0.000000
9,3,-43,8.1098791e+17,0.000000
9,-5,-29,7.990825e+17,0.000000
8,-7,-15,7.881752e+17,0.000000
10,-4,-17,7.7913424e+17,0.000000
9,5,-28,7.7358354e+17,0.000000
10,-6,-13,7.6974468e+17,0.000000
10,-1,51,7.6741668e+17,0.000000
10,-1,-39,7.672172e+17,0.000000
9,-3,-42,7.6664459e+17,0.000000
10,1,-21,7.6430718e+17,0.000000
9,-6,-13,7.6123104e+17,0.000000
8,6,-27,7.5489062e+17,0.000000
10,1,-27,7.5362476e+17,0.000000
9,1,-52,7.535021e+17,0.000000
6,-6,-48,7.527247e+17,0.000000
10,1,-22,7.500994e+17,0.000000
6,6,-32,7.4572477e+17,0.000000
10,6,-11,7.4365471e+17,0.000000
8,-7,-12,7.4262032e+17,0.000000
8,-5,-7,7.3977931e+17,0.000000
9,-4,-9,7.3129273e+17,0.000000
10,-2,-35,7.3008514e+17,0.000000
10,5,-5,7.2800416e+17,0.000000
7,-5,-49,7.2440399e+17,0.000000
8,-2,-44,7.2039783e+17,0.000000
9,-6,-19,7.1603956e+17,0.000000
8,-6,-36,7.1208212e+17,0.000000
7,5,-32,7.0921938e+17,0.000000
8,-3,-47,7.0097609e+17,0.000000
9,-2,-23,6.9974202e+17,0.000000
8,-4,-41,6.9817163e+17,0.000000
9,-2,51,6.914114e+17,0.000000
8,-5,-27,6.9128954e+17,0.000000
10,-9,-9,6.8951939e+17,0.000000
7,-4,-44,6.8833662e+17,0.000000
9,7,-13,6.881881e+17,0.000000
9,7,-12,6.8745118e+17,0.000000
8,-7,-8,6.8530862e+17,0.000000
9,-3,-41,6.8419462e+17,0.000000
10,0,-51,6.8402056e+17,0.000000
10,0,51,6.8402056e+17,0.000000
10,-8,-53,6.74302e+17,0.000000
8,3,-48,6.7225236e+17,0.000000
9,1,-2,6.6881613e+17,0.000000
10,4,-4,6.6874593e+17,0.000000
10,-1,52,6.6861771e+17,0.000000
6,5,-35,6.6828843e+17,0.000000
10,-6,-42,6.6453508e+17,0.000000
6,-6,-47,6.6388339e+17,0.000000
8,-7,-16,6.6304496e+17,0.000000
8,-8,-20,6.6129012e+17,0.000000
10,1,-28,6.5808288e+17,0.000000
8,4,-42,6.5690423e+17,0.000000
8,7,-8,6.4004242e+17,0.000000
5,5,-41,6.2804219e+17,0.000000
10,6,-12,6.2754029e+17,0.000000
7,6,-25,6.2618945e+17,0.000000
9,-4,-24,6.1926005e+17,0.000000
10,2,-39,6.0417121e+17,0.000000
7,-5,-48,6.0169399e+17,0.000000
7,-6,-36,5.9761776e+17,0.000000
7,5,-33,5.9544531e+17,0.000000
9,3,-44,5.9247904e+17,0.000000
10,4,-30,5.9002894e+17,0.000000
9,4,-33,5.8391196e+17,0.000000
8,-7,-11,5.790386e+17,0.000000
10,-1,53,5.7864464e+17,0.000000
7,4,-41,5.7766171e+17,0.000000
10,3,-25,5.7525916e+17,0.000000
8,5,-7,5.7522737e+17,0.000000
9,-6,-20,5.6690585e+17,0.000000
9,7,-14,5.6165396e+17,0.000000
9,-1,-54,5.5654448e+17,0.000000
10,1,-29,5.5548601e+17,0.000000
10,4,-51,5.5461289e+17,0.000000
10,0,-52,5.4902297e+17,0.000000
10,0,52,5.4902297e+17,0.000000
7,-5,-53,5.4652527e+17,0.000000
10,-1,-40,5.4640636e+17,0.000000
8,5,-24,5.4632205e+17,0.000000
10,-6,-14,5.3501328e+17,0.000000
8,-6,-40,5.2933366e+17,0.000000
10,5,-13,5.2619306e+17,0.000000
10,-3,-22,5.2543815e+17,0.000000
9,-3,-3,5.2436386e+17,0.000000
8,-7,-17,5.1978141e+17,0.000000
10,1,40,5.1855856e+17,0.000000
9,-7,-23,5.1387689e+17,0.000000
10,5,-14,5.0348909e+17,0.000000
7,7,-20,5.0335033e+17,0.000000
10,-1,54,4.9771093e+17,0.000000
7,-7,-30,4.9259505e+17,0.000000
7,5,-34,4.9194839e+17,0.000000
9,1,-53,4.869619e+17,0.000000
10,5,-12,4.8567237e+17,0.000000
10,6,-10,4.8353638e+17,0.000000
9,-2,-24,4.7544692e+17,0.000000
8,-3,-48,4.7208008e+17,0.000000
10,-2,-36,4.712849e+17,0.000000
10,-4,-22,4.6860478e+17,0.000000
8,-6,-37,4.6628724e+17,0.000000
6,-5,-50,4.6554985e+17,0.000000
9,2,-40,4.6280003e+17,0.000000
8,-5,-28,4.5789036e+17,0.000000
10,1,-30,4.5543861e+17,0.000000
10,-4,-23,4.5442024e+17,0.000000
8,6,-28,4.5252252e+17,0.000000
10,0,-53,4.5110734e+17,0.000000
10,0,53,4.5110734e+17,0.000000
10,-8,-41,4.506349e+17,0.000000
6,4,-47,4.4942818e+17,0.000000
9,-2,52,4.492006e+17,0.000000
9,-7,-39,4.4831973e+17,0.000000
10,-3,-6,4.4767258e+17,0.000000
5,4,-43,4.46446e+17,0.000000
10,-4,-21,4.4286452e+17,0.000000
9,-4,-25,4.4232407e+17,0.000000
10,5,-15,4.4190412e+17,0.000000
8,3,-49,4.4036019e+17,0.000000
9,-6,-21,4.3651132e+17,0.000000
9,-4,-10,4.3629542e+17,0.000000
9,-5,-30,4.3191951e+17,0.000000
6,-6,-50,4.2979689e+17,0.000000
10,-1,55,4.2672506e+17,0.000000
10,6,-13,4.2421686e+17,0.000000
6,5,-36,4.1841393e+17,0.000000
8,-8,-11,4.1766459e+17,0.000000
9,7,-15,4.1491698e+17,0.000000
9,-6,-12,4.125328e+17,0.000000
10,-4,-24,4.1182593e+17,0.000000
10,4,-31,4.0836243e+17,0.000000
8,-8,-21,4.0206207e+17,0.000000
9,5,-29,4.0142336e+17,0.000000
10,-2,-4,4.0006478e+17,0.000000
8,-6,-49,3.9922805e+17,0.000000
6,6,-33,3.9768314e+17,0.000000
6,-6,-49,3.9445791e+17,0.000000
10,-6,-43,3.931963e+17,0.000000
9,-3,-44,3.9256952e+17,0.000000
8,-6,-50,3.923931e+17,0.000000
9,3,-45,3.918067e+17,0.000000
8,-4,-42,3.916179e+17,0.000000
9,-7,-43,3.8909457e+17,0.000000
10,-1,-41,3.8872548e+17,0.000000
10,-4,-40,3.8584553e+17,0.000000
7,5,-35,3.8499734e+17,0.000000
8,-7,-18,3.8489842e+17,0.000000
9,-3,-43,3.8354105e+17,0.000000
10,-4,-20,3.8056192e+17,0.000000
9,7,-11,3.7830635e+17,0.000000
10,0,-55,3.7663546e+17,0.000000
10,0,55,3.7663546e+17,0.000000
10,-4,-18,3.7550509e+17,0.000000
9,-7,-42,3.742328e+17,0.000000
5,5,-42,3.6897346e+17,0.000000
10,2,-40,3.6878862e+17,0.000000
9,4,-34,3.6725598e+17,0.000000
10,5,-11,3.6719371e+17,0.000000
7,6,-26,3.6638793e+17,0.000000
10,1,-31,3.6448138e+17,0.000000
8,4,-43,3.6433327e+17,0.000000
10,5,-16,3.6345254e+17,0.000000
7,-6,-37,3.6278331e+17,0.000000
10,0,-54,3.6132166e+17,0.000000
10,0,54,3.6132166e+17,0.000000
8,-5,-29,3.5850906e+17,0.000000
9,-3,-52,3.5672025e+17,0.000000
10,-4,-25,3.5345817e+17,0.000000
7,-4,-45,3.4872356e+17,0.000000
8,-7,-10,3.438085e+17,0.000000
10,-6,-10,3.3908154e+17,0.000000
9,-1,-55,3.323155e+17,0.000000
8,-3,-49,3.2968416e+17,0.000000
9,-6,-22,3.285964e+17,0.000000
10,-6,-15,3.2754111e+17,0.000000
10,-4,-19,3.2077107e+17,0.000000
9,-7,-24,3.1761153e+17,0.000000
9,-2,-25,3.1713177e+17,0.000000
9,-3,-45,3.1614864e+17,0.000000
9,-4,-26,3.1162557e+17,0.000000
8,-5,-30,3.0955177e+17,0.000000
10,1,41,3.0888484e+17,0.000000
6,-5,-51,3.0849952e+17,0.000000
8,3,-50,3.078074e+17,0.000000
8,-6,-45,3.0287218e+17,0.000000
10,-2,-37,2.9991492e+17,0.000000
7,4,-42,2.9652084e+17,0.000000
7,5,-36,2.96275e+17,0.000000
9,-2,53,2.9265085e+17,0.000000
10,-4,-26,2.9147155e+17,0.000000
9,7,-16,2.8905725e+17,0.000000
10,-3,-23,2.8849877e+17,0.000000
10,4,-32,2.8609488e+17,0.000000
9,3,-46,2.8596659e+17,0.000000
10,1,-32,2.8547138e+17,0.000000
10,-6,-49,2.8467518e+17,0.000000
9,-1,-2,2.8409705e+17,0.000000
10,5,-17,2.8380125e+17,0.000000
9,1,-54,2.8287824e+17,0.000000
9,3,-47,2.8030298e+17,0.000000
8,-6,-38,2.7971587e+17,0.000000
10,-1,-42,2.7662442e+17,0.000000
6,-6,-55,2.7521105e+17,0.000000
10,3,-26,2.7477975e+17,0.000000
8,-5,-31,2.7336483e+17,0.000000
7,7,-21,2.732268e+17,0.000000
8,-7,-19,2.7216479e+17,0.000000
8,6,-29,2.709094e+17,0.000000
6,4,-48,2.6850651e+17,0.000000
7,-5,-50,2.6371436e+17,0.000000
6,5,-37,2.6200135e+17,0.000000
8,-6,-8,2.6073274e+17,0.000000
10,-6,-45,2.5861058e+17,0.000000
8,5,-25,2.5832197e+17,0.000000
8,-6,-44,2.5651876e+17,0.000000
10,-4,-41,2.5488931e+17,0.000000
10,6,-14,2.541908e+17,0.000000
10,-6,-50,2.4999339e+17,0.000000
7,-7,-31,2.4992788e+17,0.000000
9,-6,-23,2.4282347e+17,0.000000
8,4,-51,2.427093e+17,0.000000
8,-8,-22,2.4258659e+17,0.000000
10,-6,-44,2.4202145e+17,0.000000
8,-8,-41,2.4194426e+17,0.000000
9,-5,-55,2.4175947e+17,0.000000
8,-5,-32,2.403458e+17,0.000000
7,-7,-39,2.3862685e+17,0.000000
6,-6,-51,2.3644147e+17,0.000000
9,2,-41,2.333898e+17,0.000000
9,-7,-10,2.3203658e+17,0.000000
6,-6,-54,2.3199081e+17,0.000000
10,-4,-27,2.3168504e+17,0.000000
9,4,-35,2.3052918e+17,0.000000
7,-5,-51,2.248353e+17,0.000000
9,-5,-31,2.2403601e+17,0.000000
7,-6,-38,2.2098009e+17,0.000000
10,1,-33,2.1963421e+17,0.000000
6,-5,-52,2.1916796e+17,0.000000
7,5,-37,2.1833672e+17,0.000000
9,-4,-27,2.1698429e+17,0.000000
5,5,-43,2.1590723e+17,0.000000
9,-6,-41,2.1559317e+17,0.000000
7,6,-27,2.1334381e+17,0.000000
6,6,-34,2.1311577e+17,0.000000
10,5,-18,2.1217418e+17,0.000000
9,4,-6,2.1122898e+17,0.000000
8,-3,-50,2.109233e+17,0.000000
7,-7,-9,2.1081604e+17,0.000000
10,2,-41,2.1013767e+17,0.000000
9,-2,-26,2.0788582e+17,0.000000
8,4,-44,2.067775e+17,0.000000
9,5,-30,2.0639126e+17,0.000000
10,-2,-49,2.0622763e+17,0.000000
9,-5,-49,2.0584695e+17,0.000000
8,-5,-33,2.0562812e+17,0.000000
6,4,-51,2.0325017e+17,0.000000
9,-5,-53,1.9759525e+17,0.000000
6,-6,-52,1.9630799e+17,0.000000
10,-2,-38,1.9562597e+17,0.000000
9,-7,-25,1.9429556e+17,0.000000
9,7,-17,1.9363216e+17,0.000000
8,-6,-39,1.9314289e+17,0.000000
5,4,-44,1.9295604e+17,0.000000
10,-1,-43,1.9229491e+17,0.000000
9,-2,54,1.91429e+17,0.000000
10,4,-33,1.9095933e+17,0.000000
10,5,-10,1.895659e+17,0.000000
7,-4,-46,1.8907261e+17,0.000000
6,4,-49,1.8646223e+17,0.000000
10,1,42,1.8617488e+17,0.000000
8,3,-51,1.8609713e+17,0.000000
7,4,-5,1.8551769e+17,0.000000
8,-7,-20,1.8532887e+17,0.000000
10,-6,-16,1.807733e+17,0.000000
10,9,-9,1.8044337e+17,0.000000
10,-4,-28,1.8010085e+17,0.000000
9,-6,-24,1.7666321e+17,0.000000
8,-5,-34,1.7298095e+17,0.000000
9,6,-14,1.7115136e+17,0.000000
7,-6,-46,1.7026779e+17,0.000000
8,-4,-43,1.6985738e+17,0.000000
7,6,-8,1.6964541e+17,0.000000
9,1,-55,1.6954868e+17,0.000000
10,-1,0,1.6779843e+17,0.000000
10,1,-34,1.6620151e+17,0.000000
9,-5,-54,1.6440204e+17,0.000000
6,5,-38,1.6401229e+17,0.000000
9,6,-15,1.6346419e+17,0.000000
10,2,-44,1.6250583e+17,0.000000
8,6,-30,1.608163e+17,0.000000
7,5,-38,1.6003076e+17,0.000000
10,1,-3,1.5993331e+17,0.000000
8,-6,-54,1.5882013e+17,0.000000
9,6,-13,1.5796143e+17,0.000000
9,-9,-55,1.5753895e+17,0.000000
9,-3,-46,1.5620615e+17,0.000000
8,4,-45,1.5337591e+17,0.000000
10,5,-19,1.5274727e+17,0.000000
6,4,-50,1.5229985e+17,0.000000
10,-3,-24,1.5075429e+17,0.000000
9,-4,-28,1.4942039e+17,0.000000
7,4,-43,1.4941907e+17,0.000000
9,3,-48,1.4882533e+17,0.000000
7,7,-22,1.46346e+17,0.000000
6,-5,-53,1.4600849e+17,0.000000
6,4,-55,1.4591633e+17,0.000000
8,-8,-23,1.4580483e+17,0.000000
9,6,-16,1.4384793e+17,0.000000
9,4,-36,1.4323125e+17,0.000000
8,-5,-35,1.4095751e+17,0.000000
10,6,-15,1.4006285e+17,0.000000
8,-3,-51,1.3946026e+17,0.000000
10,3,-27,1.3801019e+17,0.000000
9,-3,-50,1.3727698e+17,0.000000
10,-4,-29,1.3575592e+17,0.000000
9,2,-42,1.3487589e+17,0.000000
10,-1,-44,1.3417506e+17,0.000000
9,-2,-27,1.3405495e+17,0.000000
6,4,-54,1.3361537e+17,0.000000
7,-6,-39,1.3345824e+17,0.000000
10,4,-34,1.3295813e+17,0.000000
6,4,-52,1.313389e+17,0.000000
10,2,-50,1.3115838e+17,0.000000
10,-3,-7,1.3078616e+17,0.000000
6,4,-53,1.3070068e+17,0.000000
10,2,-42,1.2998964e+17,0.000000
9,-6,-25,1.2688621e+17,0.000000
5,5,-44,1.2635183e+17,0.000000
8,5,-26,1.2624182e+17,0.000000
9,7,-18,1.2601555e+17,0.000000
9,-2,55,1.2596629e+17,0.000000
10,1,-35,1.240943e+17,0.000000
7,6,-28,1.2376786e+17,0.000000
8,-7,-21,1.2232406e+17,0.000000
7,-7,-32,1.2183561e+17,0.000000
9,2,-49,1.216774e+17,0.000000
10,-2,-39,1.2026368e+17,0.000000
8,3,-52,1.1980724e+17,0.000000
9,6,-17,1.1947961e+17,0.000000
9,-7,-26,1.1807273e+17,0.000000
9,6,-12,1.1733009e+17,0.000000
9,-5,-32,1.1658825e+17,0.000000
10,1,43,1.1596234e+17,0.000000
10,-8,-44,1.1543442e+17,0.000000
6,6,-35,1.1428829e+17,0.000000
7,-4,-47,1.1421637e+17,0.000000
8,-5,-36,1.1380009e+17,0.000000
7,5,-39,1.1306626e+17,0.000000
9,-6,-11,1.1284114e+17,0.000000
10,4,-45,1.0955623e+17,0.000000
10,4,-50,1.0896456e+17,0.000000
9,-7,-47,1.0838885e+17,0.000000
9,-3,-47,1.0761926e+17,0.000000
9,-9,-10,1.067552e+17,0.000000
10,5,-20,1.063276e+17,0.000000
10,-4,-42,1.0551692e+17,0.000000
6,5,-39,1.0267298e+17,0.000000
6,-5,-54,1.0254581e+17,0.000000
9,-4,-29,1.0198084e+17,0.000000
9,5,-31,1.017542e+17,0.000000
10,-4,-30,1.0158802e+17,0.000000
10,-8,-51,1.0108585e+17,0.000000
8,-8,-53,1.0093813e+17,0.000000
8,-4,-44,1.0043723e+17,0.000000
10,-2,-55,9.9636008e+16,0.000000
9,3,-51,9.9523654e+16,0.000000
9,2,-43,9.7014545e+16,0.000000
9,3,-49,9.6774067e+16,0.000000
8,-3,-52,9.6661404e+16,0.000000
7,-7,-43,9.6240085e+16,0.000000
8,6,-31,9.5938402e+16,0.000000
9,6,-18,9.5009935e+16,0.000000
10,-6,-54,9.3340794e+16,0.000000
10,-1,-45,9.2866103e+16,0.000000
10,1,-36,9.1422918e+16,0.000000
7,-4,-48,9.1395363e+16,0.000000
10,-6,-17,9.0920113e+16,0.000000
5,4,-45,9.0651914e+16,0.000000
8,-4,-55,9.0237561e+16,0.000000
9,-7,-55,9.0133533e+16,0.000000
9,-6,-26,9.0099659e+16,0.000000
8,-5,-37,8.9282087e+16,0.000000
9,-3,-49,8.9044298e+16,0.000000
9,4,-37,8.8962742e+16,0.000000
10,-4,-55,8.8760586e+16,0.000000
9,-4,-4,8.778882e+16,0.000000
9,2,-45,8.7739902e+16,0.000000
9,-6,-9,8.7648712e+16,0.000000
7,-7,-42,8.7587381e+16,0.000000
10,-6,-40,8.7552182e+16,0.000000
8,-8,-24,8.7457683e+16,0.000000
9,2,-44,8.6527408e+16,0.000000
10,4,-35,8.54586e+16,0.000000
7,-7,-54,8.5230524e+16,0.000000
9,-2,-28,8.5063876e+16,0.000000
9,7,-8,8.4608715e+16,0.000000
10,-8,-42,8.3735627e+16,0.000000
9,2,-46,8.3391581e+16,0.000000
10,3,-28,8.3107792e+16,0.000000
10,-8,-45,8.1661327e+16,0.000000
8,3,-53,8.1365467e+16,0.000000
7,-6,-40,8.0848593e+16,0.000000
9,2,-47,8.0353334e+16,0.000000
9,7,-19,8.0145918e+16,0.000000
7,5,-40,7.9600534e+16,0.000000
8,-3,-54,7.8808677e+16,0.000000
8,-5,-38,7.8746978e+16,0.000000
8,-7,-22,7.864267e+16,0.000000
7,7,-23,7.7368906e+16,0.000000
9,-3,-48,7.7010561e+16,0.000000
10,1,44,7.6936366e+16,0.000000
9,2,-48,7.6348414e+16,0.000000
9,-7,-44,7.5772989e+16,0.000000
6,-5,-55,7.5739737e+16,0.000000
10,-3,-25,7.51992e+16,0.000000
7,4,-44,7.415401e+16,0.000000
5,5,-45,7.3889771e+16,0.000000
10,-4,-31,7.3522591e+16,0.000000
9,6,-19,7.2981034e+16,0.000000
10,6,-16,7.2082794e+16,0.000000
10,5,-21,7.1784697e+16,0.000000
7,6,-29,7.1558512e+16,0.000000
9,-7,-27,7.0999539e+16,0.000000
10,-2,-40,7.0363607e+16,0.000000
9,-4,-30,6.8952451e+16,0.000000
8,5,-27,6.811024e+16,0.000000
10,2,-43,6.8088411e+16,0.000000
10,1,-37,6.6671671e+16,0.000000
7,-4,-49,6.546708e+16,0.000000
8,4,-46,6.5279096e+16,0.000000
10,3,-29,6.4952872e+16,0.000000
8,-6,-52,6.4695466e+16,0.000000
9,2,-50,6.4597997e+16,0.000000
6,5,-40,6.4243919e+16,0.000000
10,6,-48,6.3994518e+16,0.000000
10,-1,-46,6.3961201e+16,0.000000
9,-6,-27,6.3406115e+16,0.000000
9,-7,-54,6.2411603e+16,0.000000
8,-3,-55,6.2336226e+16,0.000000
6,6,-36,6.1591246e+16,0.000000
8,-3,-53,6.0392526e+16,0.000000
7,-7,-33,6.0376022e+16,0.000000
10,3,-30,6.0056456e+16,0.000000
10,4,-36,5.9967644e+16,0.000000
7,-7,-35,5.9398744e+16,0.000000
9,-9,-47,5.9349028e+16,0.000000
9,-7,-46,5.897842e+16,0.000000
10,3,-31,5.8552719e+16,0.000000
7,-4,-50,5.8242063e+16,0.000000
8,-4,-45,5.7863926e+16,0.000000
9,2,-51,5.662997e+16,0.000000
9,6,-11,5.6446499e+16,0.000000
8,6,-32,5.6423271e+16,0.000000
8,8,-13,5.5759171e+16,0.000000
10,3,-32,5.5734042e+16,0.000000
9,-5,-33,5.5609277e+16,0.000000
10,1,45,5.5148695e+16,0.000000
7,5,-41,5.5136084e+16,0.000000
9,4,-38,5.4546238e+16,0.000000
9,6,-20,5.4474723e+16,0.000000
10,-4,-32,5.3821204e+16,0.000000
7,-4,-51,5.3602923e+16,0.000000
8,-5,-39,5.3291846e+16,0.000000
9,-2,-29,5.3135921e+16,0.000000
8,-8,-25,5.2498112e+16,0.000000
10,-2,-42,5.2224003e+16,0.000000
5,4,-46,5.1704009e+16,0.000000
10,3,-33,5.1528547e+16,0.000000
8,-8,-36,5.149595e+16,0.000000
8,4,-50,5.1426862e+16,0.000000
7,-4,-53,5.0561205e+16,0.000000
9,5,-32,5.032874e+16,0.000000
9,7,-20,4.9992957e+16,0.000000
8,-6,-48,4.9969057e+16,0.000000
8,3,-54,4.9714703e+16,0.000000
7,-6,-41,4.9629466e+16,0.000000
9,2,-52,4.9462014e+16,0.000000
8,-7,-23,4.9436632e+16,0.000000
10,3,-50,4.8546119e+16,0.000000
9,-8,-40,4.8390559e+16,0.000000
7,-4,-52,4.8347688e+16,0.000000
10,1,-38,4.8071181e+16,0.000000
7,-6,-44,4.7971546e+16,0.000000
10,2,-45,4.7776137e+16,0.000000
8,8,-14,4.7627378e+16,0.000000
10,5,-22,4.7119297e+16,0.000000
9,-7,-35,4.6617406e+16,0.000000
9,-4,-31,4.6287694e+16,0.000000
9,-7,-49,4.5852362e+16,0.000000
10,3,-34,4.5495141e+16,0.000000
10,-8,-52,4.5376775e+16,0.000000
9,-6,-28,4.4204792e+16,0.000000
10,-1,-47,4.3824018e+16,0.000000
10,-4,-53,4.347164e+16,0.000000
5,5,-46,4.3269386e+16,0.000000
8,5,-28,4.3003636e+16,0.000000
10,1,46,4.3002121e+16,0.000000
9,2,-53,4.272739e+16,0.000000
9,-7,-28,4.2656634e+16,0.000000
7,-4,-54,4.2442527e+16,0.000000
9,6,-9,4.2414673e+16,0.000000
10,-6,-18,4.2142091e+16,0.000000
10,-2,-41,4.1864525e+16,0.000000
10,-5,-14,4.1639679e+16,0.000000
9,3,-52,4.1522633e+16,0.000000
7,6,-30,4.129198e+16,0.000000
8,-5,-46,4.1034284e+16,0.000000
8,5,-6,4.0938515e+16,0.000000
8,-5,-40,4.0615319e+16,0.000000
7,-7,-49,4.0540459e+16,0.000000
7,7,-24,4.0352109e+16,0.000000
6,5,-41,4.0173693e+16,0.000000
8,-4,-53,4.0161336e+16,0.000000
10,-5,-15,3.9834065e+16,0.000000
9,-5,-47,3.9785885e+16,0.000000
9,6,-21,3.9679089e+16,0.000000
10,3,-35,3.9203257e+16,0.000000
10,-5,-13,3.8769226e+16,0.000000
7,4,-45,3.7721573e+16,0.000000
5,4,-47,3.7711065e+16,0.000000
8,3,-55,3.7544998e+16,0.000000
10,-4,-33,3.7510892e+16,0.000000
7,5,-42,3.7106327e+16,0.000000
10,4,-37,3.6874483e+16,0.000000
10,-3,-26,3.6647914e+16,0.000000
7,-7,-55,3.6625664e+16,0.000000
9,-3,-51,3.651194e+16,0.000000
9,2,-54,3.6341298e+16,0.000000
8,4,-47,3.6289966e+16,0.000000
8,-4,-47,3.5961987e+16,0.000000
7,-4,-55,3.5927808e+16,0.000000
7,-7,-46,3.5920005e+16,0.000000
9,-7,-50,3.5869524e+16,0.000000
10,1,47,3.5819877e+16,0.000000
9,-8,-39,3.578445e+16,0.000000
8,-4,-46,3.5382178e+16,0.000000
9,5,-7,3.5348794e+16,0.000000
10,6,-17,3.5025148e+16,0.000000
10,-5,-16,3.4997193e+16,0.000000
8,6,-8,3.477378e+16,0.000000
10,0,-1,3.4765768e+16,0.000000
10,0,1,3.4765768e+16,0.000000
8,8,-12,3.4505711e+16,0.000000
10,5,-9,3.4442471e+16,0.000000
10,1,-39,3.4421819e+16,0.000000
8,6,-33,3.3730538e+16,0.000000
9,4,-39,3.3463172e+16,0.000000
8,-8,-42,3.3386896e+16,0.000000
8,-8,-44,3.3255476e+16,0.000000
6,6,-37,3.3252091e+16,0.000000
8,8,-15,3.3010413e+16,0.000000
9,-2,-30,3.2660604e+16,0.000000
5,4,-48,3.2638431e+16,0.000000
10,3,-36,3.247853e+16,0.000000
8,-5,-42,3.1927812e+16,0.000000
8,5,-29,3.1528376e+16,0.000000
8,-8,-26,3.1504743e+16,0.000000
10,1,48,3.0953595e+16,0.000000
9,2,-55,3.081058e+16,0.000000
9,-4,-32,3.0807804e+16,0.000000
10,-1,-48,3.0720159e+16,0.000000
5,4,-55,3.0705545e+16,0.000000
9,7,-10,3.0679491e+16,0.000000
9,-6,-29,3.0662007e+16,0.000000
9,7,-21,3.065334e+16,0.000000
10,-5,-12,3.0527264e+16,0.000000
5,4,-49,3.0501658e+16,0.000000
8,-7,-24,3.0463652e+16,0.000000
8,-5,-41,3.0402581e+16,0.000000
10,5,-23,3.0125513e+16,0.000000
7,-6,-42,3.002679e+16,0.000000
5,4,-54,2.9611018e+16,0.000000
5,4,-50,2.9364548e+16,0.000000
10,-6,-52,2.9231058e+16,0.000000
9,9,-10,2.8971296e+16,0.000000
5,4,-53,2.8943735e+16,0.000000
10,-5,-17,2.8798964e+16,0.000000
5,4,-51,2.87197e+16,0.000000
5,4,-52,2.8578408e+16,0.000000
9,6,-22,2.8292429e+16,0.000000
9,-7,-8,2.7707056e+16,0.000000
9,-5,-34,2.7617629e+16,0.000000
7,-7,-34,2.7598699e+16,0.000000
10,1,49,2.7275029e+16,0.000000
10,-4,-34,2.7249254e+16,0.000000
10,-3,-54,2.7190987e+16,0.000000
10,3,-37,2.6657522e+16,0.000000
9,-6,-44,2.6600942e+16,0.000000
8,-8,-54,2.6464565e+16,0.000000
10,4,-38,2.6342154e+16,0.000000
7,5,-43,2.5603284e+16,0.000000
5,5,-47,2.5586306e+16,0.000000
9,-6,-10,2.5555512e+16,0.000000
8,5,-30,2.5368109e+16,0.000000
10,-8,-36,2.5271582e+16,0.000000
9,-7,-29,2.5183399e+16,0.000000
6,5,-42,2.5108978e+16,0.000000
10,-6,-48,2.5081066e+16,0.000000
9,-2,-4,2.4570148e+16,0.000000
10,1,-40,2.439188e+16,0.000000
10,1,50,2.4120083e+16,0.000000
7,6,-31,2.3767958e+16,0.000000
9,-7,-53,2.3590238e+16,0.000000
9,5,-33,2.2806756e+16,0.000000
10,-5,-18,2.2494536e+16,0.000000
9,3,-53,2.1803882e+16,0.000000
9,-5,-48,2.1784342e+16,0.000000
9,7,-55,2.1671896e+16,0.000000
8,4,-48,2.1522048e+16,0.000000
10,1,51,2.1252348e+16,0.000000
10,3,-38,2.1094457e+16,0.000000
9,-6,-30,2.1059288e+16,0.000000
8,5,-31,2.0944274e+16,0.000000
8,8,-16,2.0836016e+16,0.000000
10,-4,-50,2.0785815e+16,0.000000
7,7,-25,2.0780678e+16,0.000000
9,-5,-41,2.0682797e+16,0.000000
7,-7,-44,2.0664295e+16,0.000000
7,-7,-41,2.0481126e+16,0.000000
9,-4,-33,2.0402298e+16,0.000000
8,-8,-51,2.0382256e+16,0.000000
8,-4,-50,2.0320198e+16,0.000000
10,-1,-49,2.0238834e+16,0.000000
9,4,-40,2.0216535e+16,0.000000
10,-4,-44,1.9838831e+16,0.000000
9,6,-23,1.9800688e+16,0.000000
9,-2,-31,1.9752896e+16,0.000000
8,6,-34,1.9606808e+16,0.000000
10,-4,-54,1.9550061e+16,0.000000
9,-7,-41,1.9424396e+16,0.000000
10,1,52,1.919552e+16,0.000000
7,4,-46,1.9034873e+16,0.000000
8,-8,-27,1.8990074e+16,0.000000
10,5,-24,1.8793326e+16,0.000000
10,-6,-19,1.8733154e+16,0.000000
10,-3,-27,1.8731984e+16,0.000000
9,7,-22,1.8507553e+16,0.000000
8,-7,-25,1.8442961e+16,0.000000
10,-5,-11,1.8404846e+16,0.000000
10,-4,-35,1.8255113e+16,0.000000
9,3,-55,1.8104149e+16,0.000000
6,6,-38,1.8056249e+16,0.000000
10,2,-48,1.7845074e+16,0.000000
7,-6,-43,1.7791247e+16,0.000000
10,-2,-50,1.7718497e+16,0.000000
10,6,-9,1.7595697e+16,0.000000
8,-7,-55,1.7549937e+16,0.000000
8,5,-32,1.729937e+16,0.000000
10,1,-41,1.7200439e+16,0.000000
9,-6,-46,1.688113e+16,0.000000
10,-5,-19,1.6835187e+16,0.000000
7,5,-44,1.6791917e+16,0.000000
10,5,-8,1.6781341e+16,0.000000
8,-5,-43,1.6759522e+16,0.000000
10,3,-39,1.67212e+16,0.000000
8,4,-52,1.6715907e+16,0.000000
10,6,-18,1.6415982e+16,0.000000
10,1,53,1.6172231e+16,0.000000
9,-3,-53,1.6046122e+16,0.000000
9,-6,-53,1.5698964e+16,0.000000
8,-5,-44,1.569474e+16,0.000000
6,5,-43,1.5671758e+16,0.000000
8,-4,-54,1.5487545e+16,0.000000
10,2,-46,1.5433254e+16,0.000000
10,4,-39,1.5429384e+16,0.000000
10,-2,-43,1.5413437e+16,0.000000
8,7,-10,1.5406966e+16,0.000000
5,5,-48,1.517158e+16,0.000000
9,-9,-42,1.5149903e+16,0.000000
9,-7,-30,1.5097248e+16,0.000000
8,7,-11,1.4983421e+16,0.000000
8,4,-49,1.4728888e+16,0.000000
9,6,-10,1.4470558e+16,0.000000
9,-6,-31,1.4458361e+16,0.000000
10,-7,-40,1.4385914e+16,0.000000
10,3,-53,1.4370536e+16,0.000000
9,3,-54,1.418372e+16,0.000000
10,1,54,1.3974916e+16,0.000000
8,5,-33,1.3961089e+16,0.000000
8,-5,-45,1.3837014e+16,0.000000
8,7,-12,1.3687389e+16,0.000000
7,6,-32,1.3673364e+16,0.000000
9,6,-24,1.3629288e+16,0.000000
10,-1,-50,1.3586048e+16,0.000000
8,-4,-48,1.3450249e+16,0.000000
9,-4,-34,1.3380967e+16,0.000000
10,-4,-36,1.3358479e+16,0.000000
9,5,-50,1.3321456e+16,0.000000
10,3,-5,1.3060314e+16,0.000000
9,-6,-42,1.2913321e+16,0.000000
10,3,-40,1.273848e+16,0.000000
8,8,-17,1.2538185e+16,0.000000
9,4,-41,1.2274524e+16,0.000000
10,-5,-20,1.2155355e+16,0.000000
8,7,-13,1.2107193e+16,0.000000
10,1,-42,1.2046342e+16,0.000000
10,1,55,1.2034406e+16,0.000000
10,-7,-44,1.1838463e+16,0.000000
8,6,-35,1.1805621e+16,0.000000
9,-2,-32,1.1737041e+16,0.000000
7,5,-45,1.1630605e+16,0.000000
10,-3,-28,1.1524089e+16,0.000000
10,5,-25,1.1447427e+16,0.000000
8,-8,-28,1.141919e+16,0.000000
10,4,-40,1.1348414e+16,0.000000
9,-5,-35,1.1281715e+16,0.000000
7,-7,-47,1.1167482e+16,0.000000
8,5,-34,1.1112903e+16,0.000000
9,7,-23,1.101339e+16,0.000000
8,-7,-26,1.0976614e+16,0.000000
7,4,-47,1.0916663e+16,0.000000
9,5,-34,1.0764392e+16,0.000000
7,7,-26,1.0549303e+16,0.000000
10,6,-47,1.0304902e+16,0.000000
8,-6,-47,1.0276076e+16,0.000000
8,7,-14,1.0158199e+16,0.000000
9,5,-51,1.0082803e+16,0.000000
9,5,-53,1.00415e+16,0.000000
10,-6,-9,9.9515576e+15,0.000000
10,3,-41,9.9245349e+15,0.000000
10,-6,-47,9.8801615e+15,0.000000
6,6,-39,9.843017e+15,0.000000
9,-6,-32,9.8067682e+15,0.000000
6,5,-44,9.7744589e+15,0.000000
7,-7,-36,9.4738528e+15,0.000000
10,-3,-29,9.311786e+15,0.000000
10,-2,-44,9.3068402e+15,0.000000
9,6,-25,9.2477378e+15,0.000000
5,5,-49,9.2110723e+15,0.000000
9,-3,-55,9.2010819e+15,0.000000
10,-6,-20,9.1185071e+15,0.000000
10,-3,-31,9.1033192e+15,0.000000
10,-1,-51,9.0903449e+15,0.000000
10,-3,-32,8.9991178e+15,0.000000
10,-3,-30,8.9673915e+15,0.000000
8,-8,-48,8.961077e+15,0.000000
8,6,-48,8.9579794e+15,0.000000
9,-4,-35,8.7521358e+15,0.000000
9,-7,-31,8.6505894e+15,0.000000
10,-3,-33,8.6206347e+15,0.000000
10,-4,-37,8.6153545e+15,0.000000
8,5,-35,8.5885374e+15,0.000000
10,-5,-21,8.5092634e+15,0.000000
10,1,-43,8.3651298e+15,0.000000
9,-5,-7,8.1545976e+15,0.000000
10,2,-53,8.0797728e+15,0.000000
8,8,-11,8.0751256e+15,0.000000
8,7,-15,8.06806e+15,0.000000
9,-5,-39,7.9526722e+15,0.000000
10,-3,-34,7.8721664e+15,0.000000
10,6,-19,7.8624442e+15,0.000000
7,6,-33,7.8501799e+15,0.000000
8,-4,-49,7.7608112e+15,0.000000
10,-8,-46,7.7420812e+15,0.000000
10,6,-49,7.6251395e+15,0.000000
10,-4,-38,7.5081326e+15,0.000000
10,-8,-47,7.4618377e+15,0.000000
7,5,-46,7.442537e+15,0.000000
10,3,-42,7.3872094e+15,0.000000
8,8,-18,7.3500567e+15,0.000000
7,4,-48,7.3359656e+15,0.000000
9,4,-42,7.2413823e+15,0.000000
7,-6,-45,7.0952274e+15,0.000000
10,-3,-35,7.0062648e+15,0.000000
8,-8,-29,6.94071e+15,0.000000
9,-2,-33,6.8496044e+15,0.000000
10,5,-26,6.8211915e+15,0.000000
8,6,-36,6.7726856e+15,0.000000
10,-4,-39,6.7542805e+15,0.000000
10,-1,-52,6.7229116e+15,0.000000
10,-5,-10,6.6984986e+15,0.000000
9,-6,-33,6.6778518e+15,0.000000
10,-8,-54,6.649829e+15,0.000000
10,3,-43,6.6418193e+15,0.000000
8,5,-36,6.5890684e+15,0.000000
8,-8,-38,6.5630685e+15,0.000000
9,2,-2,6.5351106e+15,0.000000
10,2,-51,6.4848378e+15,0.000000
9,7,-24,6.470584e+15,0.000000
8,-7,-27,6.4339172e+15,0.000000
9,4,-45,6.3175288e+15,0.000000
7,-7,-53,6.2831499e+15,0.000000
10,-8,-38,6.2375331e+15,0.000000
10,4,-41,6.2128613e+15,0.000000
9,5,-49,6.1973682e+15,0.000000
9,6,-26,6.1934353e+15,0.000000
8,7,-16,6.0919959e+15,0.000000
6,5,-45,6.0862823e+15,0.000000
10,-6,-21,6.0560199e+15,0.000000
10,-3,-36,6.0546614e+15,0.000000
10,-2,-45,5.9227623e+15,0.000000
10,4,-6,5.872044e+15,0.000000
7,4,-49,5.8018572e+15,0.000000
10,-5,-22,5.7972896e+15,0.000000
5,5,-50,5.7945434e+15,0.000000
10,1,-44,5.7778819e+15,0.000000
10,-6,-24,5.7349618e+15,0.000000
10,-6,-23,5.6988325e+15,0.000000
9,-5,-36,5.688898e+15,0.000000
9,-4,-36,5.6616678e+15,0.000000
10,2,-47,5.6199966e+15,0.000000
10,1,0,5.596108e+15,0.000000
10,-6,-22,5.5585239e+15,0.000000
10,-5,-46,5.4783575e+15,0.000000
10,-6,-25,5.4434936e+15,0.000000
6,6,-40,5.3943704e+15,0.000000
10,-3,-42,5.3575816e+15,0.000000
8,-7,-40,5.3442171e+15,0.000000
7,7,-27,5.2930952e+15,0.000000
9,-7,-32,5.2461703e+15,0.000000
8,-5,-47,5.2438371e+15,0.000000
8,-5,-49,5.2437297e+15,0.000000
7,5,-47,5.2246078e+15,0.000000
8,-4,-51,5.1574108e+15,0.000000
10,-3,-37,5.0644554e+15,0.000000
8,-5,-52,5.0197776e+15,0.000000
7,4,-50,5.0159087e+15,0.000000
7,4,-51,4.9757973e+15,0.000000
10,-6,-26,4.9260267e+15,0.000000
8,5,-37,4.9204754e+15,0.000000
10,2,-55,4.9184137e+15,0.000000
10,4,-42,4.7845606e+15,0.000000
7,-6,-51,4.7678766e+15,0.000000
8,4,-53,4.7596495e+15,0.000000
9,-5,-37,4.7287778e+15,0.000000
10,3,-44,4.718548e+15,0.000000
9,-7,-36,4.688181e+15,0.000000
8,-5,-54,4.6506462e+15,0.000000
8,-4,-52,4.6238642e+15,0.000000
7,-7,-48,4.5979216e+15,0.000000
7,6,-34,4.5088513e+15,0.000000
9,-6,-34,4.4798236e+15,0.000000
8,7,-17,4.3985131e+15,0.000000
9,-7,-45,4.3868475e+15,0.000000
9,-6,-43,4.3856984e+15,0.000000
10,-2,-46,4.3709299e+15,0.000000
9,4,-43,4.3156354e+15,0.000000
10,6,-20,4.3148404e+15,0.000000
8,8,-19,4.2443645e+15,0.000000
10,-6,-27,4.2143633e+15,0.000000
9,5,-35,4.1754332e+15,0.000000
8,-8,-30,4.1713034e+15,0.000000
10,-1,-53,4.1614791e+15,0.000000
10,-3,-38,4.1279476e+15,0.000000
10,3,-45,4.1270647e+15,0.000000
8,6,-37,4.1268696e+15,0.000000
9,6,-27,4.1045183e+15,0.000000
10,-8,-49,4.060422e+15,0.000000
7,4,-52,4.018889e+15,0.000000
10,5,-27,3.9691838e+15,0.000000
9,4,-55,3.9433797e+15,0.000000
9,-2,-34,3.9147357e+15,0.000000
10,-5,-23,3.8538916e+15,0.000000
6,5,-46,3.7883269e+15,0.000000
10,2,-54,3.768792e+15,0.000000
10,4,-49,3.7612838e+15,0.000000
9,7,-25,3.7522113e+15,0.000000
8,-7,-28,3.7053385e+15,0.000000
5,5,-51,3.6800664e+15,0.000000
8,5,-38,3.6696818e+15,0.000000
10,6,-53,3.6596499e+15,0.000000
9,-4,-37,3.6582631e+15,0.000000
10,-8,-50,3.6532478e+15,0.000000
7,5,-48,3.6297806e+15,0.000000
8,4,-54,3.620659e+15,0.000000
10,-4,-4,3.6012663e+15,0.000000
10,-6,-28,3.5339308e+15,0.000000
7,4,-53,3.4871789e+15,0.000000
7,5,-50,3.4830316e+15,0.000000
8,-5,-48,3.4229346e+15,0.000000
10,-3,-39,3.3831464e+15,0.000000
10,-3,-45,3.2946761e+15,0.000000
7,5,-49,3.2839367e+15,0.000000
7,4,-54,3.2015932e+15,0.000000
9,-7,-48,3.1990102e+15,0.000000
10,-7,-42,3.1446016e+15,0.000000
8,4,-55,3.1191435e+15,0.000000
10,6,-50,3.0804001e+15,0.000000
8,-7,-44,3.0675795e+15,0.000000
8,7,-18,3.0536283e+15,0.000000
9,-6,-35,3.0433562e+15,0.000000
9,-9,-38,3.0426796e+15,0.000000
9,-8,-9,3.0086554e+15,0.000000
10,-1,-54,3.0024177e+15,0.000000
10,6,-21,2.9979718e+15,0.000000
6,6,-41,2.9891451e+15,0.000000
9,-5,-51,2.9750467e+15,0.000000
7,5,-53,2.9674557e+15,0.000000
7,-7,-37,2.9067629e+15,0.000000
9,-5,-50,2.8822617e+15,0.000000
9,-7,-33,2.8494045e+15,0.000000
10,-5,-5,2.8048789e+15,0.000000
10,-6,-29,2.7888543e+15,0.000000
7,-6,-47,2.7541778e+15,0.000000
9,-9,-43,2.7491457e+15,0.000000
10,1,-46,2.716476e+15,0.000000
9,-9,-41,2.6957048e+15,0.000000
9,6,-28,2.6912484e+15,0.000000
8,5,-39,2.6708238e+15,0.000000
10,-4,-45,2.6620834e+15,0.000000
10,-3,-40,2.6495783e+15,0.000000
9,5,-48,2.6354883e+15,0.000000
9,8,-9,2.6281908e+15,0.000000
10,4,-43,2.6195276e+15,0.000000
7,4,-55,2.6162545e+15,0.000000
7,7,-28,2.6116201e+15,0.000000
7,6,-35,2.5833613e+15,0.000000
8,-8,-49,2.5754413e+15,0.000000
8,-8,-31,2.5742761e+15,0.000000
7,7,-9,2.5583577e+15,0.000000
10,6,-22,2.5238257e+15,0.000000
10,-5,-24,2.5052051e+15,0.000000
9,4,-44,2.480761e+15,0.000000
5,5,-52,2.4585898e+15,0.000000
8,8,-20,2.4287589e+15,0.000000
10,-4,-51,2.3819644e+15,0.000000
6,5,-47,2.3559864e+15,0.000000
7,-6,-48,2.3381716e+15,0.000000
9,-4,-38,2.3319939e+15,0.000000
8,6,-38,2.313984e+15,0.000000
7,-4,-5,2.3121177e+15,0.000000
10,-3,-41,2.2915985e+15,0.000000
10,4,-47,2.2752772e+15,0.000000
10,6,-23,2.2745368e+15,0.000000
10,5,-28,2.264778e+15,0.000000
10,-6,-30,2.2545577e+15,0.000000
10,3,-46,2.2507754e+15,0.000000
8,-8,-46,2.2432801e+15,0.000000
10,-5,-42,2.2158951e+15,0.000000
9,-2,-35,2.1894256e+15,0.000000
9,7,-26,2.1550177e+15,0.000000
8,-7,-29,2.1051171e+15,0.000000
9,-7,-34,2.0846112e+15,0.000000
10,-6,-38,2.0675109e+15,0.000000
8,7,-19,2.0479852e+15,0.000000
10,6,-24,2.0353624e+15,0.000000
10,3,-47,2.0326914e+15,0.000000
9,-6,-36,2.021661e+15,0.000000
10,4,-44,1.983108e+15,0.000000
10,-9,-55,1.9796058e+15,0.000000
7,-6,-53,1.9692127e+15,0.000000
8,5,-40,1.9456413e+15,0.000000
9,-9,-15,1.9425632e+15,0.000000
7,-6,-49,1.9216693e+15,0.000000
10,-6,-39,1.9164412e+15,0.000000
10,6,-52,1.9162155e+15,0.000000
9,-9,-40,1.8886123e+15,0.000000
9,-9,-16,1.8836585e+15,0.000000
10,-4,-46,1.8670116e+15,0.000000
10,1,-47,1.8505557e+15,0.000000
9,5,-36,1.8276549e+15,0.000000
10,-4,-52,1.807835e+15,0.000000
7,-7,-45,1.7795052e+15,0.000000
9,6,-29,1.7539707e+15,0.000000
10,6,-25,1.7492822e+15,0.000000
10,4,-48,1.7437258e+15,0.000000
8,-5,-50,1.7395384e+15,0.000000
10,-7,-16,1.7233914e+15,0.000000
8,-5,-53,1.719649e+15,0.000000
8,1,-1,1.7024371e+15,0.000000
10,-7,-15,1.6811393e+15,0.000000
5,5,-53,1.6655435e+15,0.000000
10,-6,-31,1.6608682e+15,0.000000
6,6,-42,1.6577663e+15,0.000000
9,-9,-14,1.6500723e+15,0.000000
10,-9,-47,1.6420605e+15,0.000000
10,-1,-55,1.6212046e+15,0.000000
9,-9,-17,1.617278e+15,0.000000
10,-6,-37,1.6113805e+15,0.000000
10,-7,-17,1.5987889e+15,0.000000
10,-5,-25,1.5936502e+15,0.000000
7,-6,-54,1.5770841e+15,0.000000
10,-2,-54,1.5705229e+15,0.000000
8,-8,-32,1.5312961e+15,0.000000
10,-7,-39,1.5123666e+15,0.000000
8,-5,-51,1.4978238e+15,0.000000
9,-6,-50,1.496186e+15,0.000000
9,-4,-39,1.4893247e+15,0.000000
7,6,-36,1.4827399e+15,0.000000
6,5,-48,1.4660936e+15,0.000000
10,6,-26,1.4514792e+15,0.000000
8,6,-39,1.4418027e+15,0.000000
9,-6,-37,1.4254993e+15,0.000000
10,-7,-14,1.422024e+15,0.000000
8,5,-41,1.3902307e+15,0.000000
8,8,-21,1.3817633e+15,0.000000
8,-5,-6,1.3816194e+15,0.000000
10,-7,-18,1.3780226e+15,0.000000
10,-6,-36,1.3747645e+15,0.000000
9,-9,-39,1.3654051e+15,0.000000
9,-6,-54,1.3558258e+15,0.000000
10,-6,-32,1.3394426e+15,0.000000
8,7,-20,1.3318634e+15,0.000000
10,-8,-13,1.3151302e+15,0.000000
7,5,-51,1.3086764e+15,0.000000
5,5,-54,1.2907316e+15,0.000000
10,1,-48,1.2814082e+15,0.000000
10,-3,-43,1.2786603e+15,0.000000
7,7,-29,1.2759644e+15,0.000000
9,-9,-18,1.274056e+15,0.000000
10,5,-29,1.256599e+15,0.000000
7,-7,-38,1.2291495e+15,0.000000
10,-3,-44,1.2258473e+15,0.000000
9,7,-27,1.2208892e+15,0.000000
10,-2,-53,1.2078602e+15,0.000000
10,3,-48,1.2076569e+15,0.000000
9,-2,-36,1.1931192e+15,0.000000
10,-4,-47,1.1754834e+15,0.000000
8,-7,-30,1.1670152e+15,0.000000
10,3,-49,1.1612989e+15,0.000000
9,-9,-44,1.1506338e+15,0.000000
10,6,-27,1.1480148e+15,0.000000
9,-9,-48,1.1416963e+15,0.000000
9,6,-30,1.1311414e+15,0.000000
10,-7,-19,1.1228887e+15,0.000000
8,-5,-55,1.1081403e+15,0.000000
9,-8,-41,1.1057862e+15,0.000000
9,-4,-40,1.1007141e+15,0.000000
10,-10,-51,1.0957984e+15,0.000000
9,-5,-40,1.0882595e+15,0.000000
10,-2,-47,1.0626804e+15,0.000000
9,-7,-37,1.0417909e+15,0.000000
9,-7,-38,1.0249701e+15,0.000000
8,-7,-39,1.0217784e+15,0.000000
10,1,-49,1.0199299e+15,0.000000
10,-3,-46,1.0172119e+15,0.000000
10,-8,-12,1.0074978e+15,0.000000
10,-8,-14,1.006036e+15,0.000000
9,-8,-16,1.0043029e+15,0.000000
8,5,-42,1.0006246e+15,0.000000
9,6,-7,9.9627174e+14,0.000000
8,-8,-33,9.9440944e+14,0.000000
10,-5,-26,9.937802e+14,0.000000
9,-4,-41,9.8201694e+14,0.000000
8,-8,-47,9.7080212e+14,0.000000
10,-7,-13,9.6565573e+14,0.000000
6,6,-43,9.5631018e+14,0.000000
9,-8,-15,9.5587448e+14,0.000000
10,-7,-46,9.5505074e+14,0.000000
7,5,-52,9.4563856e+14,0.000000
9,-9,-19,9.4191727e+14,0.000000
9,-6,-38,9.3048769e+14,0.000000
8,6,-47,9.3048387e+14,0.000000
9,-8,-17,9.2004374e+14,0.000000
6,5,-49,9.1493891e+14,0.000000
5,5,-55,9.0239981e+14,0.000000
10,-6,-33,8.96177e+14,0.000000
10,6,-28,8.9417364e+14,0.000000
9,-9,-13,8.919567e+14,0.000000
7,-6,-55,8.7736524e+14,0.000000
10,-7,-20,8.7555787e+14,0.000000
10,-5,-52,8.6844489e+14,0.000000
9,-4,-42,8.5608105e+14,0.000000
10,-5,-53,8.5113495e+14,0.000000
7,6,-37,8.4811056e+14,0.000000
8,-8,-50,8.4563147e+14,0.000000
8,7,-21,8.4236708e+14,0.000000
10,-3,-52,8.2384772e+14,0.000000
8,-8,-35,8.233148e+14,0.000000
8,-6,-51,8.1522973e+14,0.000000
9,4,-46,8.0781009e+14,0.000000
8,6,-40,7.9005173e+14,0.000000
10,3,-3,7.832922e+14,0.000000
8,8,-22,7.8286277e+14,0.000000
10,4,-46,7.8218987e+14,0.000000
10,-4,-43,7.8208414e+14,0.000000
10,-4,-48,7.7337149e+14,0.000000
9,-8,-18,7.7008616e+14,0.000000
10,-6,-34,7.6502906e+14,0.000000
8,-7,-42,7.6246434e+14,0.000000
8,6,-49,7.6053607e+14,0.000000
10,-7,-55,7.3805121e+14,0.000000
9,-4,-6,7.3225617e+14,0.000000
9,6,-31,7.2903649e+14,0.000000
9,-8,-14,7.2840656e+14,0.000000
10,-10,-50,7.227862e+14,0.000000
9,-6,-40,7.1214054e+14,0.000000
8,5,-43,7.0420235e+14,0.000000
10,2,-52,6.9853077e+14,0.000000
9,-6,-39,6.9653136e+14,0.000000
9,7,-28,6.8926797e+14,0.000000
10,5,-30,6.8462231e+14,0.000000
10,-5,-44,6.6600498e+14,0.000000
9,-9,-20,6.6386416e+14,0.000000
10,-7,-21,6.5897508e+14,0.000000
10,6,-29,6.5750553e+14,0.000000
9,-5,-44,6.5544701e+14,0.000000
8,-7,-31,6.4078494e+14,0.000000
10,-8,-15,6.3596843e+14,0.000000
9,-2,-37,6.3342418e+14,0.000000
7,-7,-52,6.2297905e+14,0.000000
8,-7,-46,6.2033648e+14,0.000000
7,7,-30,6.0902146e+14,0.000000
10,-5,-27,6.0627776e+14,0.000000
9,-8,-19,6.0578566e+14,0.000000
7,-6,-50,6.0321127e+14,0.000000
7,5,-54,5.9504017e+14,0.000000
6,5,-50,5.7797852e+14,0.000000
8,-8,-34,5.7788258e+14,0.000000
10,-5,-9,5.707045e+14,0.000000
10,1,-50,5.5875668e+14,0.000000
6,6,-44,5.4898269e+14,0.000000
10,3,-51,5.4679961e+14,0.000000
10,-2,-48,5.3359292e+14,0.000000
7,5,-55,5.3243683e+14,0.000000
8,7,-22,5.1930462e+14,0.000000
9,5,-37,5.1849289e+14,0.000000
9,-9,-37,5.1173338e+14,0.000000
10,-5,-54,5.0995989e+14,0.000000
9,5,-47,5.0912425e+14,0.000000
10,-6,-35,5.0795317e+14,0.000000
10,8,-9,5.0743123e+14,0.000000
9,-8,-36,5.0476259e+14,0.000000
8,5,-44,4.9792737e+14,0.000000
10,6,-30,4.9637384e+14,0.000000
9,-6,-52,4.9541353e+14,0.000000
8,6,-41,4.9279019e+14,0.000000
7,7,-55,4.8736174e+14,0.000000
7,6,-38,4.8612106e+14,0.000000
10,-7,-22,4.8185061e+14,0.000000
8,6,-53,4.7719243e+14,0.000000
9,4,-47,4.7316e+14,0.000000
9,-8,-44,4.6846282e+14,0.000000
9,6,-32,4.6421857e+14,0.000000
9,-8,-20,4.5606228e+14,0.000000
9,-9,-21,4.5112877e+14,0.000000
10,3,-54,4.5075836e+14,0.000000
10,-7,-12,4.4565147e+14,0.000000
9,-5,-43,4.4232917e+14,0.000000
8,8,-23,4.422778e+14,0.000000
8,6,-50,4.3390543e+14,0.000000
10,-3,-47,4.133509e+14,0.000000
10,-5,-38,4.0702401e+14,0.000000
8,4,-5,3.9661549e+14,0.000000
9,4,-51,3.9328297e+14,0.000000
9,4,-50,3.8621831e+14,0.000000
9,7,-29,3.8136941e+14,0.000000
10,-2,-52,3.7975634e+14,0.000000
9,-8,-42,3.7709738e+14,0.000000
10,-5,-8,3.7347603e+14,0.000000
10,1,-51,3.6988954e+14,0.000000
9,-8,-13,3.6954724e+14,0.000000
10,-8,-16,3.6858258e+14,0.000000
6,5,-51,3.6359465e+14,0.000000
10,-5,-28,3.6320044e+14,0.000000
6,6,-48,3.6199085e+14,0.000000
10,5,-31,3.6120349e+14,0.000000
10,-10,-11,3.5813651e+14,0.000000
8,5,-45,3.4692939e+14,0.000000
10,3,-52,3.4467959e+14,0.000000
10,-7,-23,3.4392687e+14,0.000000
10,6,-31,3.3976937e+14,0.000000
8,-7,-32,3.3872515e+14,0.000000
9,-8,-52,3.3633458e+14,0.000000
6,6,-45,3.3577802e+14,0.000000
10,-5,-49,3.3557123e+14,0.000000
9,-8,-21,3.3261609e+14,0.000000
7,-7,-51,3.2813384e+14,0.000000
9,-2,-38,3.2613426e+14,0.000000
8,-8,-37,3.2039184e+14,0.000000
8,7,-23,3.1266086e+14,0.000000
10,-3,-48,3.0170374e+14,0.000000
7,-6,-52,2.9910863e+14,0.000000
9,-9,-22,2.9808487e+14,0.000000
9,6,-33,2.9686934e+14,0.000000
9,5,-6,2.9501303e+14,0.000000
7,7,-31,2.8937793e+14,0.000000
7,6,-39,2.773232e+14,0.000000
9,4,-54,2.7401634e+14,0.000000
8,6,-42,2.7242081e+14,0.000000
8,-7,-54,2.7124702e+14,0.000000
9,4,-48,2.6793936e+14,0.000000
9,-6,-45,2.6429831e+14,0.000000
10,-3,-5,2.6346694e+14,0.000000
10,6,-32,2.5824711e+14,0.000000
9,-7,-51,2.5679349e+14,0.000000
10,-3,-49,2.5281406e+14,0.000000
10,-2,-51,2.5263386e+14,0.000000
8,8,-24,2.4915692e+14,0.000000
10,1,-52,2.4464768e+14,0.000000
9,-8,-53,2.4388178e+14,0.000000
9,5,-46,2.4297267e+14,0.000000
8,5,-46,2.4228629e+14,0.000000
10,-7,-24,2.4058089e+14,0.000000
9,-8,-22,2.3698316e+14,0.000000
10,-8,-48,2.352722e+14,0.000000
6,5,-52,2.3313572e+14,0.000000
9,-8,-48,2.3159994e+14,0.000000
9,-4,-54,2.3095904e+14,0.000000
8,-7,-50,2.2941866e+14,0.000000
8,-6,-55,2.2796731e+14,0.000000
9,-4,-43,2.2496679e+14,0.000000
10,-3,-50,2.2460782e+14,0.000000
9,-8,-45,2.2254118e+14,0.000000
10,-8,-43,2.1681535e+14,0.000000
9,7,-30,2.1376772e+14,0.000000
10,-5,-29,2.118224e+14,0.000000
6,6,-46,2.0773244e+14,0.000000
10,7,-15,2.0665897e+14,0.000000
10,7,-14,2.0588593e+14,0.000000
10,4,-52,2.0561918e+14,0.000000
10,-8,-17,2.0556675e+14,0.000000
10,-8,-9,2.0471457e+14,0.000000
10,-8,-35,2.0455916e+14,0.000000
9,5,-38,2.039784e+14,0.000000
10,1,-54,2.0329925e+14,0.000000
8,6,-52,2.0193294e+14,0.000000
10,1,-55,2.0095632e+14,0.000000
9,-6,-47,1.9958455e+14,0.000000
10,3,-55,1.9580036e+14,0.000000
9,-9,-23,1.9265934e+14,0.000000
10,4,-53,1.9183038e+14,0.000000
10,7,-16,1.8723138e+14,0.000000
9,6,-34,1.8714748e+14,0.000000
9,-6,-49,1.8669196e+14,0.000000
10,5,-32,1.863049e+14,0.000000
9,6,-48,1.8599606e+14,0.000000
8,7,-24,1.8407881e+14,0.000000
8,-7,-33,1.7648141e+14,0.000000
10,7,-13,1.7473741e+14,0.000000
6,6,-47,1.7108882e+14,0.000000
8,5,-47,1.685695e+14,0.000000
9,-8,-54,1.667097e+14,0.000000
9,-8,-23,1.6595363e+14,0.000000
10,-7,-25,1.6533189e+14,0.000000
9,-4,-44,1.6437349e+14,0.000000
9,5,-52,1.6427282e+14,0.000000
9,-2,-39,1.6404986e+14,0.000000
8,6,-43,1.6236196e+14,0.000000
10,6,-33,1.6193305e+14,0.000000
10,1,-53,1.6073575e+14,0.000000
7,6,-40,1.5871516e+14,0.000000
10,7,-17,1.5779678e+14,0.000000
6,5,-53,1.5391309e+14,0.000000
9,4,-49,1.4892092e+14,0.000000
10,-10,-54,1.4805515e+14,0.000000
10,-4,-49,1.4063502e+14,0.000000
8,8,-25,1.4019345e+14,0.000000
7,7,-32,1.3186582e+14,0.000000
10,6,-34,1.2975646e+14,0.000000
10,8,-12,1.2914107e+14,0.000000
10,-9,-42,1.2807666e+14,0.000000
10,-3,-51,1.2769721e+14,0.000000
8,-7,-41,1.2724094e+14,0.000000
10,7,-18,1.259031e+14,0.000000
10,-4,-6,1.2559728e+14,0.000000
9,-7,-52,1.2514729e+14,0.000000
10,-8,-37,1.2393451e+14,0.000000
9,-9,-24,1.2245368e+14,0.000000
10,-5,-30,1.2138527e+14,0.000000
10,-5,-45,1.2102099e+14,0.000000
8,5,-48,1.20746e+14,0.000000
9,6,-35,1.1953849e+14,0.000000
10,-10,-45,1.1886999e+14,0.000000
9,-8,-24,1.1468623e+14,0.000000
9,7,-31,1.1447994e+14,0.000000
10,-8,-18,1.1436728e+14,0.000000
10,-7,-26,1.1196924e+14,0.000000
8,-1,-1,1.1111731e+14,0.000000
10,8,-51,1.1072091e+14,0.000000
10,7,-12,1.1061273e+14,0.000000
9,5,-43,1.1049811e+14,0.000000
9,-9,-45,1.1039372e+14,0.000000
6,5,-54,1.081066e+14,0.000000
8,7,-25,1.0613884e+14,0.000000
10,8,-13,1.0389234e+14,0.000000
8,5,-50,1.0328349e+14,0.000000
10,-10,-44,9.9243275e+13,0.000000
10,-7,-54,9.9080467e+13,0.000000
9,5,-41,9.9011456e+13,0.000000
6,6,-49,9.8851978e+13,0.000000
8,6,-44,9.6280804e+13,0.000000
10,7,-19,9.6155525e+13,0.000000
9,5,-44,9.5307544e+13,0.000000
10,10,-11,9.5288419e+13,0.000000
9,-4,-45,9.4682253e+13,0.000000
8,5,-49,9.4388817e+13,0.000000
9,-9,-51,9.3835215e+13,0.000000
10,5,-50,9.3010064e+13,0.000000
10,5,-33,9.1704544e+13,0.000000
7,6,-41,9.0420126e+13,0.000000
10,-10,-41,8.8683708e+13,0.000000
9,5,-45,8.7852816e+13,0.000000
8,-7,-34,8.7690947e+13,0.000000
9,5,-55,8.7033202e+13,0.000000
10,-10,-40,8.6345854e+13,0.000000
10,5,-48,8.4099593e+13,0.000000
7,-7,-50,8.3694453e+13,0.000000
9,5,-42,8.2815783e+13,0.000000
10,-7,-11,8.2694206e+13,0.000000
9,-2,-40,8.1493224e+13,0.000000
8,8,-26,7.8655044e+13,0.000000
9,-8,-25,7.8494025e+13,0.000000
10,-7,-43,7.796225e+13,0.000000
8,-7,-35,7.6808358e+13,0.000000
9,-9,-25,7.6694243e+13,0.000000
6,5,-55,7.6097368e+13,0.000000
8,-8,-45,7.6089163e+13,0.000000
8,-7,-43,7.5603824e+13,0.000000
9,7,-52,7.5165875e+13,0.000000
10,-7,-27,7.4703702e+13,0.000000
10,-3,-53,7.4636125e+13,0.000000
9,6,-36,7.4255742e+13,0.000000
8,-8,-43,7.3591288e+13,0.000000
9,2,-3,7.3566475e+13,0.000000
9,-9,-46,7.3141614e+13,0.000000
10,6,-35,7.1524466e+13,0.000000
10,7,-20,7.0810115e+13,0.000000
9,-8,-12,6.9428841e+13,0.000000
10,-7,-41,6.8439054e+13,0.000000
9,5,-39,6.8233794e+13,0.000000
10,-5,-31,6.7401854e+13,0.000000
10,-8,-19,6.6005634e+13,0.000000
8,3,-4,6.5804276e+13,0.000000
8,6,-54,6.5066578e+13,0.000000
10,6,-36,6.4874536e+13,0.000000
9,7,-32,6.4819551e+13,0.000000
10,7,-55,6.4734817e+13,0.000000
9,5,-54,6.3945898e+13,0.000000
6,6,-50,6.3122881e+13,0.000000
9,-6,-7,6.1941324e+13,0.000000
10,-6,-51,6.1743854e+13,0.000000
6,6,-53,6.1416719e+13,0.000000
7,7,-33,6.1044686e+13,0.000000
10,4,-54,6.095193e+13,0.000000
10,-7,-45,6.0169102e+13,0.000000
8,7,-26,5.995384e+13,0.000000
10,5,-49,5.9703603e+13,0.000000
10,-9,-52,5.9574551e+13,0.000000
9,-6,-48,5.8338376e+13,0.000000
10,8,-14,5.7908942e+13,0.000000
10,-7,-47,5.5342171e+13,0.000000
9,-9,-34,5.3609538e+13,0.000000
6,6,-51,5.3463945e+13,0.000000
9,-8,-26,5.329347e+13,0.000000
8,6,-45,5.2944883e+13,0.000000
9,-4,-55,5.2653829e+13,0.000000
10,-7,-52,5.252082e+13,0.000000
7,6,-42,5.1628413e+13,0.000000
10,7,-21,5.0538498e+13,0.000000
10,-10,-39,4.9818779e+13,0.000000
10,-7,-28,4.939784e+13,0.000000
6,6,-52,4.8707095e+13,0.000000
9,-4,-46,4.81657e+13,0.000000
9,-9,-26,4.7612456e+13,0.000000
9,6,-37,4.7486592e+13,0.000000
8,5,-51,4.6002314e+13,0.000000
10,-10,-36,4.5817422e+13,0.000000
10,5,-34,4.4991158e+13,0.000000
8,8,-27,4.4200435e+13,0.000000
9,-2,-41,4.2264561e+13,0.000000
10,-8,-20,4.1194586e+13,0.000000
10,-10,-42,4.1093298e+13,0.000000
10,-3,-55,4.0385988e+13,0.000000
10,-6,-55,4.0313888e+13,0.000000
6,6,-54,3.9995312e+13,0.000000
9,4,-52,3.9014802e+13,0.000000
8,5,-53,3.7630731e+13,0.000000
9,5,-40,3.7619242e+13,0.000000
10,8,-55,3.7575372e+13,0.000000
8,-7,-53,3.752633e+13,0.000000
8,6,-46,3.7283929e+13,0.000000
9,-4,-47,3.7149733e+13,0.000000
10,-5,-32,3.6597447e+13,0.000000
9,-8,-27,3.6008867e+13,0.000000
10,7,-22,3.5094784e+13,0.000000
6,6,-55,3.4814724e+13,0.000000
9,-4,-51,3.4023157e+13,0.000000
9,-8,-38,3.3737264e+13,0.000000
10,6,-38,3.3725212e+13,0.000000
10,7,-11,3.3612534e+13,0.000000
8,7,-27,3.3237698e+13,0.000000
9,7,-33,3.2822963e+13,0.000000
10,-7,-29,3.2063496e+13,0.000000
9,4,-53,3.1888774e+13,0.000000
10,-5,-48,3.1457441e+13,0.000000
8,-8,-52,3.0736771e+13,0.000000
10,-7,-50,3.0584352e+13,0.000000
10,8,-15,3.0146333e+13,0.000000
7,6,-43,2.934259e+13,0.000000
9,6,-38,2.9222169e+13,0.000000
9,-9,-27,2.9185287e+13,0.000000
8,-7,-36,2.9041749e+13,0.000000
10,6,-37,2.8892715e+13,0.000000
10,-8,-21,2.8532029e+13,0.000000
10,-7,-49,2.7457914e+13,0.000000
10,4,-55,2.7450846e+13,0.000000
10,-7,-35,2.7092333e+13,0.000000
9,9,-14,2.5973474e+13,0.000000
7,7,-34,2.5636512e+13,0.000000
10,-5,-55,2.537666e+13,0.000000
9,-2,-42,2.531608e+13,0.000000
9,7,-49,2.4932964e+13,0.000000
8,8,-28,2.4708484e+13,0.000000
8,5,-52,2.4343011e+13,0.000000
9,6,-47,2.4195062e+13,0.000000
9,-8,-28,2.4169644e+13,0.000000
10,7,-23,2.3779256e+13,0.000000
8,-7,-45,2.2741169e+13,0.000000
9,9,-15,2.2211701e+13,0.000000
9,9,-13,2.2163511e+13,0.000000
10,-8,-22,2.1763811e+13,0.000000
10,-5,-41,2.1585941e+13,0.000000
8,-7,-48,2.0980995e+13,0.000000
10,-7,-30,2.096827e+13,0.000000
10,5,-53,2.0486216e+13,0.000000
10,-5,-47,2.0421305e+13,0.000000
10,-10,-49,2.0243355e+13,0.000000
9,8,-15,2.0028861e+13,0.000000
10,5,-35,2.0006662e+13,0.000000
9,-9,-54,1.9882638e+13,0.000000
10,-7,-53,1.9879751e+13,0.000000
10,5,-46,1.9852133e+13,0.000000
10,-5,-51,1.9780094e+13,0.000000
9,7,-34,1.9601265e+13,0.000000
9,8,-14,1.9327906e+13,0.000000
10,-5,-33,1.8980559e+13,0.000000
9,-8,-46,1.8908266e+13,0.000000
9,6,-39,1.8716261e+13,0.000000
10,-7,-51,1.8587523e+13,0.000000
9,-2,-43,1.8473675e+13,0.000000
9,7,-54,1.8143872e+13,0.000000
8,7,-28,1.8045755e+13,0.000000
9,-9,-28,1.7977313e+13,0.000000
9,-9,-50,1.7815028e+13,0.000000
10,6,-40,1.7675088e+13,0.000000
10,-8,-23,1.7661599e+13,0.000000
9,-2,-47,1.7635999e+13,0.000000
9,8,-16,1.7623942e+13,0.000000
8,-7,-49,1.7248886e+13,0.000000
9,9,-16,1.7044931e+13,0.000000
9,-9,-36,1.678838e+13,0.000000
7,6,-44,1.6686023e+13,0.000000
10,-10,-38,1.6683173e+13,0.000000
9,-2,-44,1.6594793e+13,0.000000
9,-2,-45,1.6292157e+13,0.000000
9,-8,-29,1.6236958e+13,0.000000
9,-2,-46,1.6230207e+13,0.000000
9,-4,-48,1.6150735e+13,0.000000
10,8,-16,1.5874672e+13,0.000000
10,7,-24,1.5764975e+13,0.000000
9,-2,-48,1.5280717e+13,0.000000
9,-2,-49,1.5151785e+13,0.000000
10,6,-7,1.4947541e+13,0.000000
10,-8,-24,1.4768501e+13,0.000000
9,-4,-52,1.4464068e+13,0.000000
10,-10,-52,1.4317043e+13,0.000000
9,-8,-51,1.4176573e+13,0.000000
9,8,-17,1.4067374e+13,0.000000
8,8,-29,1.3928507e+13,0.000000
9,8,-13,1.3623043e+13,0.000000
10,-9,-38,1.3440765e+13,0.000000
10,-7,-31,1.3144728e+13,0.000000
9,-2,-50,1.3095243e+13,0.000000
10,-9,-51,1.2919108e+13,0.000000
9,-2,-55,1.278739e+13,0.000000
10,-9,-10,1.2751673e+13,0.000000
9,-6,-55,1.2606635e+13,0.000000
9,-8,-49,1.2588052e+13,0.000000
10,-8,-25,1.2310645e+13,0.000000
9,9,-17,1.2268861e+13,0.000000
10,8,-52,1.1886657e+13,0.000000
9,-2,-51,1.1825161e+13,0.000000
7,7,-35,1.1522079e+13,0.000000
9,6,-40,1.1372175e+13,0.000000
8,5,-54,1.120254e+13,0.000000
10,7,-8,1.107225e+13,0.000000
9,-8,-30,1.0776499e+13,0.000000
9,-9,-29,1.0738417e+13,0.000000
9,8,-18,1.0540416e+13,0.000000
9,-2,-52,1.0460612e+13,0.000000
10,-8,-26,1.0278289e+13,0.000000
10,6,-54,1.0276208e+13,0.000000
10,6,-42,1.0267699e+13,0.000000
10,7,-25,1.0243922e+13,0.000000
10,-9,-44,1.0097675e+13,0.000000
10,-9,-40,1.0090024e+13,0.000000
8,-7,-47,1.0049917e+13,0.000000
10,9,-10,1.0002463e+13,0.000000
9,7,-53,9.9631191e+12,0.000000
8,-7,-37,9.8475554e+12,0.000000
10,-5,-34,9.8153996e+12,0.000000
10,-7,-36,9.7778695e+12,0.000000
8,7,-29,9.638524e+12,0.000000
9,-4,-53,9.6384093e+12,0.000000
10,5,-36,9.5281831e+12,0.000000
7,6,-45,9.5165137e+12,0.000000
9,-4,-50,9.4896977e+12,0.000000
10,-10,-37,9.3468183e+12,0.000000
9,-2,-53,9.2543752e+12,0.000000
10,-8,-34,9.1426223e+12,0.000000
9,-4,-49,8.990783e+12,0.000000
10,6,-51,8.9010103e+12,0.000000
7,6,-48,8.828868e+12,0.000000
9,7,-35,8.8121649e+12,0.000000
10,8,-17,8.6848739e+12,0.000000
10,-7,-32,8.5056284e+12,0.000000
9,9,-18,8.4321769e+12,0.000000
10,7,-50,8.3694864e+12,0.000000
10,-8,-27,8.2570598e+12,0.000000
10,5,-47,8.1351913e+12,0.000000
9,-2,-54,8.0475097e+12,0.000000
10,-10,-48,7.9282601e+12,0.000000
8,-7,-52,7.8482826e+12,0.000000
8,8,-30,7.7466005e+12,0.000000
8,5,-55,7.5692783e+12,0.000000
9,8,-19,7.5600043e+12,0.000000
10,-8,-33,7.539666e+12,0.000000
9,6,-41,7.3250936e+12,0.000000
9,-8,-31,7.2569393e+12,0.000000
9,-8,-47,7.2137062e+12,0.000000
10,-8,-28,6.8237069e+12,0.000000
9,-9,-30,6.6176035e+12,0.000000
10,7,-26,6.5425008e+12,0.000000
10,-9,-39,6.5370118e+12,0.000000
10,6,-44,6.2581274e+12,0.000000
9,7,-36,6.0208273e+12,0.000000
10,-9,-48,5.8862859e+12,0.000000
9,-8,-37,5.5999475e+12,0.000000
9,9,-19,5.5916576e+12,0.000000
9,6,-53,5.4424792e+12,0.000000
10,8,-54,5.4376235e+12,0.000000
7,6,-46,5.4109511e+12,0.000000
9,8,-20,5.2523854e+12,0.000000
10,-7,-33,5.2134584e+12,0.000000
9,6,-49,5.1871638e+12,0.000000
10,-8,-29,5.1242411e+12,0.000000
9,-6,-51,5.1173551e+12,0.000000
9,-9,-33,5.0518349e+12,0.000000
8,7,-30,5.0097108e+12,0.000000
10,8,-18,4.9838988e+12,0.000000
10,-3,-3,4.7899316e+12,0.000000
9,-8,-32,4.7496912e+12,0.000000
10,-5,-35,4.6198799e+12,0.000000
9,6,-50,4.5643241e+12,0.000000
10,5,-37,4.5147156e+12,0.000000
8,8,-31,4.4182776e+12,0.000000
8,-7,-38,4.3938566e+12,0.000000
10,-8,-30,4.3688793e+12,0.000000
9,-9,-53,4.3336145e+12,0.000000
9,6,-42,4.2955116e+12,0.000000
7,7,-36,4.285952e+12,0.000000
9,8,-12,4.2842234e+12,0.000000
9,6,-52,4.2077237e+12,0.000000
10,6,-41,4.1918082e+12,0.000000
10,6,-46,4.1430826e+12,0.000000
10,7,-27,4.1053294e+12,0.000000
8,-7,-51,4.0621273e+12,0.000000
10,8,-50,4.0483303e+12,0.000000
8,-3,-4,3.9881421e+12,0.000000
9,-8,-11,3.9827751e+12,0.000000
10,-7,-48,3.8687075e+12,0.000000
9,-9,-31,3.8640337e+12,0.000000
9,7,-51,3.801309e+12,0.000000
9,9,-20,3.6030606e+12,0.000000
9,8,-21,3.5615707e+12,0.000000
10,-7,-38,3.4424572e+12,0.000000
10,-7,-34,3.4398665e+12,0.000000
10,2,-2,3.3332031e+12,0.000000
9,-8,-33,3.2737603e+12,0.000000
7,6,-47,3.2596574e+12,0.000000
8,7,-55,3.1139548e+12,0.000000
10,-5,-37,3.1063481e+12,0.000000
8,6,-51,3.0445379e+12,0.000000
10,8,-19,3.0121055e+12,0.000000
9,6,-43,2.9063395e+12,0.000000
10,6,-43,2.8676e+12,0.000000
9,-8,-50,2.8628978e+12,0.000000
10,-8,-31,2.8572878e+12,0.000000
10,-8,-32,2.8004132e+12,0.000000
10,5,-51,2.6001869e+12,0.000000
8,7,-31,2.5758796e+12,0.000000
10,7,-28,2.5472485e+12,0.000000
9,-9,-32,2.4614343e+12,0.000000
10,-9,-45,2.43015e+12,0.000000
8,8,-32,2.4256652e+12,0.000000
10,-5,-36,2.4220106e+12,0.000000
9,8,-22,2.3688474e+12,0.000000
9,7,-50,2.3527522e+12,0.000000
10,-8,-55,2.3514342e+12,0.000000
9,9,-21,2.2670591e+12,0.000000
10,6,-39,2.228872e+12,0.000000
10,5,-38,2.2153247e+12,0.000000
10,6,-45,2.1208058e+12,0.000000
9,-8,-34,2.1157747e+12,0.000000
9,7,-37,2.1035756e+12,0.000000
10,5,-39,2.090386e+12,0.000000
10,-7,-37,2.0407684e+12,0.000000
7,7,-52,2.0188863e+12,0.000000
10,7,-54,2.0101848e+12,0.000000
9,-8,-43,1.9307021e+12,0.000000
10,8,-20,1.9190152e+12,0.000000
9,7,-38,1.9136613e+12,0.000000
10,-5,-39,1.8382017e+12,0.000000
7,7,-37,1.8249779e+12,0.000000
10,5,-41,1.8156301e+12,0.000000
10,-9,-46,1.7847266e+12,0.000000
10,-7,-10,1.7563685e+12,0.000000
10,-9,-53,1.7199818e+12,0.000000
9,-8,-35,1.6598812e+12,0.000000
10,-9,-37,1.6567439e+12,0.000000
9,-5,-6,1.6360863e+12,0.000000
9,6,-44,1.6260294e+12,0.000000
10,5,-43,1.6199673e+12,0.000000
8,-8,-55,1.6027619e+12,0.000000
9,8,-23,1.5509614e+12,0.000000
10,7,-29,1.5479328e+12,0.000000
10,5,-45,1.5410169e+12,0.000000
10,-8,-11,1.4594653e+12,0.000000
10,-9,-43,1.4573281e+12,0.000000
8,8,-33,1.4248287e+12,0.000000
9,-9,-12,1.3994845e+12,0.000000
9,9,-22,1.3978938e+12,0.000000
10,5,-40,1.3092137e+12,0.000000
10,8,-21,1.2845962e+12,0.000000
8,7,-32,1.2726507e+12,0.000000
8,8,-55,1.2208916e+12,0.000000
10,-10,-43,1.1988998e+12,0.000000
10,5,-54,1.1823036e+12,0.000000
10,7,-49,1.1793805e+12,0.000000
7,6,-49,1.1148214e+12,0.000000
9,6,-45,1.1063188e+12,0.000000
10,-7,-8,1.0643942e+12,0.000000
9,-9,-52,1.0338667e+12,0.000000
10,-5,-40,1.0325718e+12,0.000000
9,-9,-35,1.0250525e+12,0.000000
9,8,-24,1.0019233e+12,0.000000
10,-9,-50,9.8255196e+11,0.000000
10,5,-42,9.6550169e+11,0.000000
8,8,-10,9.5046788e+11,0.000000
10,7,-30,9.4465248e+11,0.000000
10,5,-44,9.2742442e+11,0.000000
7,6,-50,8.9792768e+11,0.000000
10,8,-22,8.9614414e+11,0.000000
10,5,-55,8.5286649e+11,0.000000
9,9,-23,8.4662792e+11,0.000000
10,7,-52,8.3793366e+11,0.000000
9,-9,-49,8.3610119e+11,0.000000
10,7,-10,7.9004817e+11,0.000000
10,-5,-50,7.8484831e+11,0.000000
8,8,-34,7.543692e+11,0.000000
10,-10,-55,7.2816626e+11,0.000000
8,-8,-10,6.8634806e+11,0.000000
9,6,-54,6.6358738e+11,0.000000
10,-10,-47,6.5026097e+11,0.000000
7,7,-54,6.4448533e+11,0.000000
10,8,-23,6.4319389e+11,0.000000
9,8,-25,6.401679e+11,0.000000
10,-5,-43,6.3988677e+11,0.000000
8,7,-33,6.1922894e+11,0.000000
10,-9,-41,6.0184052e+11,0.000000
9,6,-46,5.9508151e+11,0.000000
7,6,-52,5.7734754e+11,0.000000
9,7,-40,5.577844e+11,0.000000
10,7,-31,5.5387165e+11,0.000000
7,7,-38,5.2632861e+11,0.000000
9,9,-24,5.0494959e+11,0.000000
10,-1,-2,4.8216831e+11,0.000000
7,6,-53,4.7525767e+11,0.000000
8,8,-35,4.7261851e+11,0.000000
10,8,-24,4.7058479e+11,0.000000
9,7,-39,4.3463482e+11,0.000000
9,-6,-8,4.0674767e+11,0.000000
9,8,-26,4.0494633e+11,0.000000
7,6,-51,3.8162966e+11,0.000000
8,8,-53,3.8119228e+11,0.000000
8,6,-55,3.6732354e+11,0.000000
10,-10,-35,3.6288331e+11,0.000000
10,5,-52,3.4840836e+11,0.000000
10,8,-25,3.4453029e+11,0.000000
10,7,-32,3.3449591e+11,0.000000
10,-9,-18,3.306876e+11,0.000000
10,-9,-19,3.1637589e+11,0.000000
10,-9,-17,3.1179707e+11,0.000000
8,-7,-9,2.9668134e+11,0.000000
9,9,-25,2.9655704e+11,0.000000
8,7,-34,2.8618707e+11,0.000000
10,-9,-20,2.7993919e+11,0.000000
9,7,-42,2.7679981e+11,0.000000
7,7,-50,2.687209e+11,0.000000
8,8,-51,2.6871095e+11,0.000000
10,6,-55,2.6487117e+11,0.000000
8,-4,-5,2.6400741e+11,0.000000
10,-9,-16,2.5561715e+11,0.000000
10,8,-26,2.5456536e+11,0.000000
9,8,-27,2.5434233e+11,0.000000
9,8,-11,2.429301e+11,0.000000
10,8,-11,2.3537776e+11,0.000000
10,-9,-21,2.3317727e+11,0.000000
8,8,-36,2.323372e+11,0.000000
10,5,-7,2.3160254e+11,0.000000
10,-6,-7,2.2820476e+11,0.000000
9,7,-44,2.1190175e+11,0.000000
9,6,-8,2.1173818e+11,0.000000
8,8,-54,2.0759051e+11,0.000000
10,-9,-54,2.029563e+11,0.000000
7,7,-39,1.9337317e+11,0.000000
10,7,-33,1.9115975e+11,0.000000
10,-9,-22,1.8522558e+11,0.000000
10,8,-27,1.8284383e+11,0.000000
9,9,-52,1.7704333e+11,0.000000
9,9,-26,1.7230761e+11,0.000000
10,-9,-15,1.7171462e+11,0.000000
8,8,-37,1.6323503e+11,0.000000
7,7,-53,1.6175132e+11,0.000000
9,8,-28,1.5831646e+11,0.000000
10,-9,-34,1.5588263e+11,0.000000
10,-10,-46,1.4800644e+11,0.000000
8,7,-50,1.452395e+11,0.000000
10,-9,-23,1.4165948e+11,0.000000
9,7,-48,1.3962085e+11,0.000000
8,8,-50,1.3873952e+11,0.000000
10,8,-28,1.3567686e+11,0.000000
9,1,-1,1.3517556e+11,0.000000
9,7,-46,1.3189061e+11,0.000000
8,7,-35,1.304373e+11,0.000000
7,7,-49,1.2817038e+11,0.000000
9,3,-4,1.279259e+11,0.000000
9,7,-47,1.258752e+11,0.000000
10,7,-53,1.207737e+11,0.000000
7,6,-54,1.1707654e+11,0.000000
10,7,-34,1.1380071e+11,0.000000
10,-9,-24,1.0510662e+11,0.000000
10,1,-2,1.0154951e+11,0.000000
9,9,-27,9.849577e+10,0.000000
9,8,-29,9.846061e+10,0.000000
8,7,-54,9.7896514e+10,0.000000
8,8,-52,9.7751015e+10,0.000000
10,2,-3,9.6500617e+10,0.000000
10,8,-29,9.1949864e+10,0.000000
7,7,-51,8.4523512e+10,0.000000
10,-9,-14,8.4087897e+10,0.000000
9,7,-43,8.1601439e+10,0.000000
10,-10,-53,7.6470079e+10,0.000000
10,-9,-25,7.6024773e+10,0.000000
10,8,-30,7.1701113e+10,0.000000
7,6,-55,7.168192e+10,0.000000
8,8,-38,7.1066963e+10,0.000000
10,10,-53,6.4921724e+10,0.000000
10,-9,-36,6.369158e+10,0.000000
9,6,-51,6.3447669e+10,0.000000
10,7,-51,6.1053715e+10,0.000000
10,7,-35,6.0811422e+10,0.000000
9,8,-30,6.0367495e+10,0.000000
10,-10,-18,5.9742593e+10,0.000000
9,-2,-2,5.9060002e+10,0.000000
9,8,-51,5.8469222e+10,0.000000
8,8,-39,5.8416246e+10,0.000000
9,9,-28,5.6241325e+10,0.000000
10,-10,-19,5.528762e+10,0.000000
10,-9,-49,5.4605861e+10,0.000000
10,-9,-26,5.3917743e+10,0.000000
8,7,-36,5.1672919e+10,0.000000
10,-10,-14,4.8887613e+10,0.000000
9,7,-41,4.8475927e+10,0.000000
10,-10,-17,4.8045271e+10,0.000000
10,-10,-20,4.3596444e+10,0.000000
10,8,-31,4.2469954e+10,0.000000
9,9,-12,4.2139277e+10,0.000000
10,7,-36,3.9289911e+10,0.000000
10,8,-32,3.8390853e+10,0.000000
10,-9,-27,3.7554851e+10,0.000000
9,8,-31,3.7539988e+10,0.000000
7,7,-47,3.6217263e+10,0.000000
7,7,-45,3.4548894e+10,0.000000
7,7,-48,3.3967323e+10,0.000000
10,-2,-2,3.3385437e+10,0.000000
8,7,-52,3.2917821e+10,0.000000
10,-10,-21,3.1277392e+10,0.000000
9,9,-29,3.1223449e+10,0.000000
7,7,-46,2.8185358e+10,0.000000
9,8,-50,2.8094313e+10,0.000000
7,7,-40,2.6845098e+10,0.000000
10,-9,-28,2.6463538e+10,0.000000
9,6,-55,2.6215769e+10,0.000000
7,7,-43,2.6118758e+10,0.000000
9,-1,-1,2.522042e+10,0.000000
10,8,-48,2.4724559e+10,0.000000
10,9,-52,2.4543065e+10,0.000000
7,7,-44,2.4207969e+10,0.000000
9,8,-55,2.3656185e+10,0.000000
9,8,-32,2.2660096e+10,0.000000
10,8,-34,2.2449118e+10,0.000000
8,8,-41,2.2304856e+10,0.000000
8,7,-37,2.1596774e+10,0.000000
10,-10,-22,2.1191273e+10,0.000000
10,-9,-13,2.0929612e+10,0.000000
10,-10,-16,2.0154889e+10,0.000000
8,8,-40,1.97894e+10,0.000000
9,9,-11,1.9494184e+10,0.000000
9,-9,-11,1.9353892e+10,0.000000
7,7,-41,1.8001894e+10,0.000000
10,7,-37,1.7914611e+10,0.000000
9,9,-30,1.7816929e+10,0.000000
10,-9,-29,1.7413023e+10,0.000000
10,8,-33,1.697944e+10,0.000000
9,8,-52,1.677044e+10,0.000000
10,8,-47,1.6192059e+10,0.000000
7,7,-42,1.5216867e+10,0.000000
10,-10,-34,1.4951199e+10,0.000000
10,8,-36,1.461565e+10,0.000000
9,8,-33,1.418061e+10,0.000000
10,-10,-23,1.3869201e+10,0.000000
10,8,-46,1.3776675e+10,0.000000
10,8,-44,1.3422042e+10,0.000000
10,7,-38,1.3124658e+10,0.000000
8,7,-9,1.2800552e+10,0.000000
10,-9,-33,1.2247284e+10,0.000000
10,8,-40,1.2089468e+10,0.000000
10,8,-53,1.2011471e+10,0.000000
10,-9,-30,1.1860627e+10,0.000000
9,7,-45,1.1769958e+10,0.000000
8,7,-49,1.1738514e+10,0.000000
10,8,-38,1.1472439e+10,0.000000
10,8,-49,1.0699987e+10,0.000000
9,-7,-9,1.0508821e+10,0.000000
10,8,-42,9.7628246e+09,0.000000
9,9,-31,9.4615121e+09,0.000000
10,8,-45,9.1109173e+09,0.000000
10,-10,-24,8.9191634e+09,0.000000
10,-10,-31,8.4518638e+09,0.000000
9,8,-34,8.4247569e+09,0.000000
8,8,-43,7.9734549e+09,0.000000
10,-9,-31,7.9262405e+09,0.000000
10,5,-6,7.7556394e+09,0.000000
10,6,-8,7.1322588e+09,0.000000
10,-10,-15,7.1012405e+09,0.000000
8,7,-38,6.8589566e+09,0.000000
10,7,-48,6.577413e+09,0.000000
10,9,-17,6.5654146e+09,0.000000
10,9,-53,6.5491533e+09,0.000000
10,9,-16,6.4479457e+09,0.000000
9,-3,-4,6.3269425e+09,0.000000
10,9,-18,6.0530823e+09,0.000000
10,-10,-25,5.6580254e+09,0.000000
9,9,-32,5.6076308e+09,0.000000
8,8,-42,5.5499051e+09,0.000000
10,9,-15,5.5059523e+09,0.000000
9,8,-35,5.3622141e+09,0.000000
8,7,-53,5.3181542e+09,0.000000
10,-9,-32,5.3161979e+09,0.000000
10,8,-35,5.2670799e+09,0.000000
10,9,-19,5.1773088e+09,0.000000
9,8,-53,4.8280588e+09,0.000000
10,7,-39,4.4713226e+09,0.000000
10,-5,-7,4.3089359e+09,0.000000
10,9,-20,4.17486e+09,0.000000
10,8,-43,4.0201372e+09,0.000000
8,8,-44,4.002395e+09,0.000000
10,9,-14,3.7500532e+09,0.000000
10,-10,-26,3.6252494e+09,0.000000
10,-6,-8,3.5363921e+09,0.000000
9,4,-5,3.5158536e+09,0.000000
8,8,-45,3.382269e+09,0.000000
10,-9,-35,3.295386e+09,0.000000
10,9,-21,3.2096972e+09,0.000000
9,8,-36,3.0931799e+09,0.000000
9,8,-54,2.8912143e+09,0.000000
10,9,-54,2.7706232e+09,0.000000
9,9,-33,2.673032e+09,0.000000
10,10,-54,2.6631977e+09,0.000000
10,-2,-3,2.5758049e+09,0.000000
9,9,-53,2.389977e+09,0.000000
10,9,-22,2.371883e+09,0.000000
10,10,-55,2.2702436e+09,0.000000
10,-10,-27,2.2659831e+09,0.000000
8,7,-39,2.2324689e+09,0.000000
9,8,-37,2.0767523e+09,0.000000
10,10,-14,1.9007692e+09,0.000000
9,9,-34,1.8450527e+09,0.000000
10,9,-23,1.694657e+09,0.000000
8,8,-48,1.6448781e+09,0.000000
9,-2,-3,1.6276729e+09,0.000000
8,8,-46,1.5974029e+09,0.000000
9,7,-9,1.5600927e+09,0.000000
10,9,-13,1.5075957e+09,0.000000
10,-10,-28,1.5056578e+09,0.000000
10,7,-42,1.5054544e+09,0.000000
10,7,-41,1.414295e+09,0.000000
8,7,-44,1.3890347e+09,0.000000
10,7,-44,1.3051618e+09,0.000000
10,9,-24,1.1764332e+09,0.000000
8,7,-42,1.1393003e+09,0.000000
10,10,-17,1.133593e+09,0.000000
9,8,-38,1.1130045e+09,0.000000
8,8,-47,1.099597e+09,0.000000
8,7,-40,1.0879004e+09,0.000000
8,7,-45,1.0761916e+09,0.000000
10,10,-18,1.0603176e+09,0.000000
8,7,-51,1.0564684e+09,0.000000
8,7,-46,1.0478695e+09,0.000000
9,9,-54,1.0258e+09,0.000000
8,7,-43,1.0037477e+09,0.000000
10,-10,-30,9.3810626e+08,0.000000
10,8,-37,9.1653749e+08,0.000000
10,-10,-29,9.0238326e+08,0.000000
8,7,-48,8.5055546e+08,0.000000
9,8,-39,8.0440648e+08,0.000000
10,10,-19,8.0312566e+08,0.000000
10,9,-25,7.9576227e+08,0.000000
10,10,-16,7.7524431e+08,0.000000
8,7,-47,7.6706749e+08,0.000000
10,7,-46,7.5825647e+08,0.000000
8,7,-41,7.2143537e+08,0.000000
10,7,-47,7.101591e+08,0.000000
10,8,-39,6.9398712e+08,0.000000
9,9,-35,6.6996676e+08,0.000000
9,9,-36,6.5950127e+08,0.000000
10,7,-40,5.4817503e+08,0.000000
10,10,-20,5.4234142e+08,0.000000
10,9,-26,5.2688813e+08,0.000000
9,-8,-55,5.1299391e+08,0.000000
10,-10,-32,4.4313934e+08,0.000000
8,8,-49,4.3455961e+08,0.000000
9,8,-40,3.9669419e+08,0.000000
10,9,-51,3.7228868e+08,0.000000
9,9,-55,3.599385e+08,0.000000
9,8,-41,3.4830965e+08,0.000000
10,8,-41,3.4581553e+08,0.000000
10,10,-21,3.4216059e+08,0.000000
10,9,-27,3.4138474e+08,0.000000
9,9,-51,3.3134903e+08,0.000000
10,7,-43,3.068109e+08,0.000000
9,9,-38,2.9642146e+08,0.000000
10,10,-15,2.8943132e+08,0.000000
10,-10,-12,2.8460221e+08,0.000000
10,9,-28,2.1834426e+08,0.000000
10,10,-22,2.0702432e+08,0.000000
10,10,-12,2.0192571e+08,0.000000
10,-10,-33,1.8183307e+08,0.000000
9,9,-40,1.7551715e+08,0.000000
9,8,-42,1.6319081e+08,0.000000
9,9,-49,1.4212035e+08,0.000000
10,9,-29,1.3614201e+08,0.000000
9,8,-43,1.3497763e+08,0.000000
9,9,-48,1.2638605e+08,0.000000
9,9,-37,1.2531706e+08,0.000000
10,10,-23,1.2202034e+08,0.000000
9,9,-46,1.1578585e+08,0.000000
9,9,-47,1.079437e+08,0.000000
10,10,-52,92324513,0.000000
9,9,-44,88389955,0.000000
10,9,-30,85659042,0.000000
9,8,-10,76182882,0.000000
9,9,-45,74501636,0.000000
10,10,-24,70910810,0.000000
9,8,-45,66315736,0.000000
10,7,-45,60086842,0.000000
10,9,-31,50979859,0.000000
9,8,-44,41863593,0.000000
10,10,-25,40684919,0.000000
9,9,-50,36578480,0.000000
10,9,-32,32510476,0.000000
9,8,-47,32086207,0.000000
10,10,-26,23517520,0.000000
10,10,-50,22911964,0.000000
10,10,-51,22632955,0.000000
9,8,-49,18444022,0.000000
9,-8,-10,18080623,0.000000
10,9,-33,17904872,0.000000
10,10,-49,17313652,0.000000
10,9,-55,15952071,0.000000
10,10,-48,14476094,0.000000
10,10,-27,13269847,0.000000
10,10,-47,12812066,0.000000
10,9,-34,12139251,0.000000
9,8,-48,11419038,0.000000
9,9,-39,9336018.4,0.000000
10,10,-46,9111678.5,0.000000
9,9,-43,8785922.2,0.000000
10,10,-28,7914946.9,0.000000
10,-9,-12,7661915.8,0.000000
9,9,-41,6865884,0.000000
10,10,-45,6632040.5,0.000000
10,9,-35,6142098.4,0.000000
10,10,-44,5676790.4,0.000000
10,9,-50,5518415.6,0.000000
10,9,-36,4530861.9,0.000000
9,8,-46,4490532.7,0.000000
10,10,-29,4243947.4,0.000000
10,8,-10,4078639.7,0.000000
10,-5,-6,3532672.4,0.000000
10,9,-49,3094630.5,0.000000
10,10,-30,2932099.7,0.000000
9,9,-42,2735748.1,0.000000
10,9,-11,2487091.3,0.000000
10,4,-5,2321995.9,0.000000
10,9,-38,2116999.1,0.000000
10,9,-37,1774176.1,0.000000
10,10,-32,1296828.9,0.000000
10,10,-31,1242978.2,0.000000
10,9,-48,1023794.6,0.000000
10,9,-40,1015660,0.000000
10,10,-34,951798.28,0.000000
10,-9,-11,922165.69,0.000000
10,9,-46,893741.23,0.000000
10,9,-12,630290.77,0.000000
10,-10,-13,608771.3,0.000000
10,10,-41,364985.41,0.000000
10,9,-39,364308.3,0.000000
10,-8,-10,341017.05,0.000000
10,10,-40,305505.54,0.000000
10,10,-42,292445.11,0.000000
10,9,-45,283334.49,0.000000
9,-4,-5,256007.41,0.000000
10,10,-33,252759.46,0.000000
10,10,-38,250287.96,0.000000
10,10,-39,235500.1,0.000000
10,9,-47,184584.95,0.000000
10,10,-43,148992.6,0.000000
10,10,-36,139290.1,0.000000
10,10,-37,137200.39,0.000000
10,9,-42,104945.69,0.000000
10,9,-41,98898.292,0.000000
10,10,-35,84483.231,0.000000
10,9,-44,64495.276,0.000000
10,3,-4,62442.402,0.000000
10,10,-13,27876.17,0.000000
10,-1,-1,26997.489,0.000000
10,9,-43,21224.374,0.000000
10,1,-1,12021.714,0.000000
10,-7,-9,10180.372,0.000000
10,7,-9,5750.07,0.000000
10,-3,-4,1388.0311,0.000000
10,-4,-5,947.22657,0.000000
2,0,0,0,0.000000
3,0,0,0,0.000000
4,0,0,0,0.000000
5,0,0,0,0.000000
6,0,0,0,0.000000
7,0,0,0,0.000000
8,0,0,0,0.000000
9,0,0,0,0.000000
10,0,0,0,0.000000
