Using dt = 10 seconds, T = 2.0 years
Initializing waveform generator...
Creating GenerateEMRIWaveform class...
Done initializing waveform generator.
Creating GravWaveAnalysis class...
Initializing loglike class...
Done initializing loglike class.
Calculating SNR...
SNR calculated: 32.86622400746991
Setting up log_density and prior functions...
bounds: [(np.float64(5.99628578), np.float64(6.0334741)), (np.float64(0.9945697099999999), np.float64(1.01544831)), (np.float64(0.69368026), np.float64(0.7704327)), (np.float64(8.59641017), np.float64(9.03752757)), (np.float64(0.38762893), np.float64(0.40323637))]
differential_evolution step 1: f(x)= -0.006801479936396895
differential_evolution step 2: f(x)= -0.009645769972946932
differential_evolution step 3: f(x)= -0.009645769972946932
differential_evolution step 4: f(x)= -0.009645769972946932
differential_evolution step 5: f(x)= -0.009645769972946932
differential_evolution step 6: f(x)= -0.010582202224388689
differential_evolution step 7: f(x)= -0.010582202224388689
differential_evolution step 8: f(x)= -0.010582202224388689
differential_evolution step 9: f(x)= -0.010582202224388689
differential_evolution step 10: f(x)= -0.013340141570083583
differential_evolution step 11: f(x)= -0.013340141570083583
differential_evolution step 12: f(x)= -0.013340141570083583
differential_evolution step 13: f(x)= -0.013340141570083583
differential_evolution step 14: f(x)= -0.013340141570083583
differential_evolution step 15: f(x)= -0.013340141570083583
differential_evolution step 16: f(x)= -0.013340141570083583
differential_evolution step 17: f(x)= -0.013340141570083583
differential_evolution step 18: f(x)= -0.013340141570083583
differential_evolution step 19: f(x)= -0.013340141570083583
differential_evolution step 20: f(x)= -0.013340141570083583
differential_evolution step 21: f(x)= -0.013340141570083583
differential_evolution step 22: f(x)= -0.013340141570083583
differential_evolution step 23: f(x)= -0.013340141570083583
differential_evolution step 24: f(x)= -0.013340141570083583
differential_evolution step 25: f(x)= -0.013340141570083583
differential_evolution step 26: f(x)= -0.013340141570083583
differential_evolution step 27: f(x)= -0.013340141570083583
differential_evolution step 28: f(x)= -0.013340141570083583
differential_evolution step 29: f(x)= -0.013340141570083583
differential_evolution step 30: f(x)= -0.013831028337413405
differential_evolution step 31: f(x)= -0.013831028337413405
differential_evolution step 32: f(x)= -0.013831028337413405
differential_evolution step 33: f(x)= -0.013831028337413405
differential_evolution step 34: f(x)= -0.013831028337413405
differential_evolution step 35: f(x)= -0.013831028337413405
differential_evolution step 36: f(x)= -0.013831028337413405
differential_evolution step 37: f(x)= -0.013831028337413405
differential_evolution step 38: f(x)= -0.013831028337413405
differential_evolution step 39: f(x)= -0.013831028337413405
differential_evolution step 40: f(x)= -0.013831028337413405
differential_evolution step 41: f(x)= -0.013831028337413405
differential_evolution step 42: f(x)= -0.013831028337413405
differential_evolution step 43: f(x)= -0.046041847456664675
differential_evolution step 44: f(x)= -0.046041847456664675
differential_evolution step 45: f(x)= -0.046041847456664675
differential_evolution step 46: f(x)= -0.046041847456664675
differential_evolution step 47: f(x)= -0.046041847456664675
differential_evolution step 48: f(x)= -0.046041847456664675
differential_evolution step 49: f(x)= -0.046041847456664675
differential_evolution step 50: f(x)= -0.046041847456664675
differential_evolution step 51: f(x)= -0.046041847456664675
differential_evolution step 52: f(x)= -0.046041847456664675
differential_evolution step 53: f(x)= -0.046041847456664675
differential_evolution step 54: f(x)= -0.046041847456664675
differential_evolution step 55: f(x)= -0.046041847456664675
differential_evolution step 56: f(x)= -0.046041847456664675
differential_evolution step 57: f(x)= -0.046041847456664675
differential_evolution step 58: f(x)= -0.046041847456664675
differential_evolution step 59: f(x)= -0.046041847456664675
differential_evolution step 60: f(x)= -0.046041847456664675
differential_evolution step 61: f(x)= -0.046041847456664675
differential_evolution step 62: f(x)= -0.046041847456664675
differential_evolution step 63: f(x)= -0.046041847456664675
differential_evolution step 64: f(x)= -0.046041847456664675
differential_evolution step 65: f(x)= -0.046041847456664675
differential_evolution step 66: f(x)= -0.046041847456664675
differential_evolution step 67: f(x)= -0.046041847456664675
differential_evolution step 68: f(x)= -0.046041847456664675
differential_evolution step 69: f(x)= -0.046041847456664675
differential_evolution step 70: f(x)= -0.046041847456664675
differential_evolution step 71: f(x)= -0.046041847456664675
differential_evolution step 72: f(x)= -0.046041847456664675
differential_evolution step 73: f(x)= -0.046041847456664675
differential_evolution step 74: f(x)= -0.046041847456664675
differential_evolution step 75: f(x)= -0.046041847456664675
differential_evolution step 76: f(x)= -0.046041847456664675
differential_evolution step 77: f(x)= -0.046041847456664675
differential_evolution step 78: f(x)= -0.046041847456664675
differential_evolution step 79: f(x)= -0.046041847456664675
differential_evolution step 80: f(x)= -0.046041847456664675
differential_evolution step 81: f(x)= -0.046041847456664675
differential_evolution step 82: f(x)= -0.046041847456664675
differential_evolution step 83: f(x)= -0.046041847456664675
differential_evolution step 84: f(x)= -0.046041847456664675
differential_evolution step 85: f(x)= -0.046041847456664675
differential_evolution step 86: f(x)= -0.046041847456664675
differential_evolution step 87: f(x)= -0.046041847456664675
differential_evolution step 88: f(x)= -0.046041847456664675
differential_evolution step 89: f(x)= -0.046041847456664675
differential_evolution step 90: f(x)= -0.046041847456664675
differential_evolution step 91: f(x)= -0.046041847456664675
differential_evolution step 92: f(x)= -0.046041847456664675
differential_evolution step 93: f(x)= -0.046041847456664675
differential_evolution step 94: f(x)= -0.046041847456664675
differential_evolution step 95: f(x)= -0.046041847456664675
differential_evolution step 96: f(x)= -0.046041847456664675
differential_evolution step 97: f(x)= -0.046041847456664675
differential_evolution step 98: f(x)= -0.046041847456664675
differential_evolution step 99: f(x)= -0.046041847456664675
differential_evolution step 100: f(x)= -0.046041847456664675
differential_evolution step 101: f(x)= -0.046041847456664675
differential_evolution step 102: f(x)= -0.046041847456664675
differential_evolution step 103: f(x)= -0.046041847456664675
differential_evolution step 104: f(x)= -0.046041847456664675
differential_evolution step 105: f(x)= -0.046041847456664675
differential_evolution step 106: f(x)= -0.046041847456664675
differential_evolution step 107: f(x)= -0.046041847456664675
differential_evolution step 108: f(x)= -0.046041847456664675
differential_evolution step 109: f(x)= -0.046041847456664675
differential_evolution step 110: f(x)= -0.046041847456664675
differential_evolution step 111: f(x)= -0.046041847456664675
differential_evolution step 112: f(x)= -0.046041847456664675
differential_evolution step 113: f(x)= -0.046041847456664675
differential_evolution step 114: f(x)= -0.046041847456664675
differential_evolution step 115: f(x)= -0.046041847456664675
differential_evolution step 116: f(x)= -0.046041847456664675
differential_evolution step 117: f(x)= -0.046041847456664675
differential_evolution step 118: f(x)= -0.046041847456664675
differential_evolution step 119: f(x)= -0.046041847456664675
differential_evolution step 120: f(x)= -0.046041847456664675
differential_evolution step 121: f(x)= -0.046041847456664675
differential_evolution step 122: f(x)= -0.046041847456664675
differential_evolution step 123: f(x)= -0.046041847456664675
differential_evolution step 124: f(x)= -0.046041847456664675
differential_evolution step 125: f(x)= -0.046041847456664675
differential_evolution step 126: f(x)= -0.046041847456664675
differential_evolution step 127: f(x)= -0.046041847456664675
differential_evolution step 128: f(x)= -0.046041847456664675
differential_evolution step 129: f(x)= -0.046041847456664675
differential_evolution step 130: f(x)= -0.046041847456664675
differential_evolution step 131: f(x)= -0.046041847456664675
differential_evolution step 132: f(x)= -0.046041847456664675
differential_evolution step 133: f(x)= -0.046041847456664675
differential_evolution step 134: f(x)= -0.046041847456664675
differential_evolution step 135: f(x)= -0.046041847456664675
differential_evolution step 136: f(x)= -0.046041847456664675
differential_evolution step 137: f(x)= -0.046041847456664675
differential_evolution step 138: f(x)= -0.05427800684886752
differential_evolution step 139: f(x)= -0.05427800684886752
differential_evolution step 140: f(x)= -0.08349739427620644
differential_evolution step 141: f(x)= -0.08349739427620644
differential_evolution step 142: f(x)= -0.08349739427620644
differential_evolution step 143: f(x)= -0.08349739427620644
differential_evolution step 144: f(x)= -0.08349739427620644
differential_evolution step 145: f(x)= -0.08349739427620644
differential_evolution step 146: f(x)= -0.08349739427620644
differential_evolution step 147: f(x)= -0.08349739427620644
differential_evolution step 148: f(x)= -0.08349739427620644
differential_evolution step 149: f(x)= -0.08349739427620644
differential_evolution step 150: f(x)= -0.08349739427620644
differential_evolution step 151: f(x)= -0.08349739427620644
differential_evolution step 152: f(x)= -0.08349739427620644
differential_evolution step 153: f(x)= -0.08349739427620644
differential_evolution step 154: f(x)= -0.08349739427620644
differential_evolution step 155: f(x)= -0.08349739427620644
differential_evolution step 156: f(x)= -0.08349739427620644
differential_evolution step 157: f(x)= -0.08349739427620644
differential_evolution step 158: f(x)= -0.08349739427620644
differential_evolution step 159: f(x)= -0.08349739427620644
differential_evolution step 160: f(x)= -0.08349739427620644
differential_evolution step 161: f(x)= -0.08349739427620644
differential_evolution step 162: f(x)= -0.08349739427620644
differential_evolution step 163: f(x)= -0.08349739427620644
differential_evolution step 164: f(x)= -0.08349739427620644
differential_evolution step 165: f(x)= -0.08349739427620644
differential_evolution step 166: f(x)= -0.08349739427620644
differential_evolution step 167: f(x)= -0.08349739427620644
differential_evolution step 168: f(x)= -0.08349739427620644
differential_evolution step 169: f(x)= -0.08349739427620644
differential_evolution step 170: f(x)= -0.08349739427620644
differential_evolution step 171: f(x)= -0.08349739427620644
differential_evolution step 172: f(x)= -0.08349739427620644
differential_evolution step 173: f(x)= -0.08349739427620644
differential_evolution step 174: f(x)= -0.08349739427620644
differential_evolution step 175: f(x)= -0.08349739427620644
differential_evolution step 176: f(x)= -0.08349739427620644
differential_evolution step 177: f(x)= -0.08349739427620644
differential_evolution step 178: f(x)= -0.08349739427620644
differential_evolution step 179: f(x)= -0.08349739427620644
differential_evolution step 180: f(x)= -0.08349739427620644
differential_evolution step 181: f(x)= -0.08349739427620644
differential_evolution step 182: f(x)= -0.08349739427620644
differential_evolution step 183: f(x)= -0.08349739427620644
differential_evolution step 184: f(x)= -0.08349739427620644
differential_evolution step 185: f(x)= -0.08349739427620644
differential_evolution step 186: f(x)= -0.08349739427620644
differential_evolution step 187: f(x)= -0.08372351852477661
differential_evolution step 188: f(x)= -0.08372351852477661
differential_evolution step 189: f(x)= -0.08372351852477661
differential_evolution step 190: f(x)= -0.08372351852477661
differential_evolution step 191: f(x)= -0.08372351852477661
differential_evolution step 192: f(x)= -0.08372351852477661
differential_evolution step 193: f(x)= -0.08372351852477661
differential_evolution step 194: f(x)= -0.08372351852477661
differential_evolution step 195: f(x)= -0.08372351852477661
differential_evolution step 196: f(x)= -0.08372351852477661
differential_evolution step 197: f(x)= -0.08372351852477661
differential_evolution step 198: f(x)= -0.08372351852477661
differential_evolution step 199: f(x)= -0.08372351852477661
differential_evolution step 200: f(x)= -0.08372351852477661
differential_evolution step 201: f(x)= -0.08372351852477661
differential_evolution step 202: f(x)= -0.08372351852477661
differential_evolution step 203: f(x)= -0.08372351852477661
differential_evolution step 204: f(x)= -0.08372351852477661
differential_evolution step 205: f(x)= -0.08372351852477661
differential_evolution step 206: f(x)= -0.08372351852477661
differential_evolution step 207: f(x)= -0.08372351852477661
differential_evolution step 208: f(x)= -0.08372351852477661
differential_evolution step 209: f(x)= -0.08372351852477661
differential_evolution step 210: f(x)= -0.08372351852477661
differential_evolution step 211: f(x)= -0.08372351852477661
differential_evolution step 212: f(x)= -0.08372351852477661
differential_evolution step 213: f(x)= -0.08372351852477661
differential_evolution step 214: f(x)= -0.08372351852477661
differential_evolution step 215: f(x)= -0.08372351852477661
differential_evolution step 216: f(x)= -0.08372351852477661
differential_evolution step 217: f(x)= -0.08372351852477661
differential_evolution step 218: f(x)= -0.08372351852477661
differential_evolution step 219: f(x)= -0.08372351852477661
differential_evolution step 220: f(x)= -0.08372351852477661
differential_evolution step 221: f(x)= -0.08372351852477661
differential_evolution step 222: f(x)= -0.08372351852477661
differential_evolution step 223: f(x)= -0.08372351852477661
differential_evolution step 224: f(x)= -0.08372351852477661
differential_evolution step 225: f(x)= -0.08372351852477661
differential_evolution step 226: f(x)= -0.08372351852477661
differential_evolution step 227: f(x)= -0.08372351852477661
differential_evolution step 228: f(x)= -0.08372351852477661
differential_evolution step 229: f(x)= -0.08372351852477661
differential_evolution step 230: f(x)= -0.08372351852477661
differential_evolution step 231: f(x)= -0.08372351852477661
differential_evolution step 232: f(x)= -0.08372351852477661
differential_evolution step 233: f(x)= -0.08372351852477661
differential_evolution step 234: f(x)= -0.08372351852477661
differential_evolution step 235: f(x)= -0.08372351852477661
differential_evolution step 236: f(x)= -0.08372351852477661
differential_evolution step 237: f(x)= -0.08372351852477661
differential_evolution step 238: f(x)= -0.08372351852477661
differential_evolution step 239: f(x)= -0.08372351852477661
differential_evolution step 240: f(x)= -0.08372351852477661
differential_evolution step 241: f(x)= -0.08372351852477661
differential_evolution step 242: f(x)= -0.08372351852477661
differential_evolution step 243: f(x)= -0.08372351852477661
differential_evolution step 244: f(x)= -0.08372351852477661
differential_evolution step 245: f(x)= -0.08372351852477661
differential_evolution step 246: f(x)= -0.08372351852477661
differential_evolution step 247: f(x)= -0.08372351852477661
differential_evolution step 248: f(x)= -0.08372351852477661
differential_evolution step 249: f(x)= -0.08372351852477661
differential_evolution step 250: f(x)= -0.08372351852477661
differential_evolution step 251: f(x)= -0.08372351852477661
differential_evolution step 252: f(x)= -0.08372351852477661
differential_evolution step 253: f(x)= -0.08372351852477661
differential_evolution step 254: f(x)= -0.08372351852477661
differential_evolution step 255: f(x)= -0.08372351852477661
differential_evolution step 256: f(x)= -0.08372351852477661
differential_evolution step 257: f(x)= -0.08372351852477661
differential_evolution step 258: f(x)= -0.08372351852477661
differential_evolution step 259: f(x)= -0.08372351852477661
differential_evolution step 260: f(x)= -0.08372351852477661
differential_evolution step 261: f(x)= -0.08372351852477661
differential_evolution step 262: f(x)= -0.08372351852477661
differential_evolution step 263: f(x)= -0.08372351852477661
differential_evolution step 264: f(x)= -0.08372351852477661
differential_evolution step 265: f(x)= -0.08372351852477661
differential_evolution step 266: f(x)= -0.08372351852477661
differential_evolution step 267: f(x)= -0.08372351852477661
differential_evolution step 268: f(x)= -0.08372351852477661
differential_evolution step 269: f(x)= -0.08372351852477661
differential_evolution step 270: f(x)= -0.08372351852477661
differential_evolution step 271: f(x)= -0.08372351852477661
differential_evolution step 272: f(x)= -0.08372351852477661
differential_evolution step 273: f(x)= -0.08372351852477661
differential_evolution step 274: f(x)= -0.08372351852477661
differential_evolution step 275: f(x)= -0.08372351852477661
differential_evolution step 276: f(x)= -0.08372351852477661
differential_evolution step 277: f(x)= -0.08372351852477661
differential_evolution step 278: f(x)= -0.08372351852477661
differential_evolution step 279: f(x)= -0.08372351852477661
differential_evolution step 280: f(x)= -0.08372351852477661
differential_evolution step 281: f(x)= -0.08372351852477661
differential_evolution step 282: f(x)= -0.08372351852477661
differential_evolution step 283: f(x)= -0.08372351852477661
differential_evolution step 284: f(x)= -0.08372351852477661
differential_evolution step 285: f(x)= -0.08372351852477661
differential_evolution step 286: f(x)= -0.08372351852477661
differential_evolution step 287: f(x)= -0.08372351852477661
differential_evolution step 288: f(x)= -0.08372351852477661
differential_evolution step 289: f(x)= -0.08372351852477661
differential_evolution step 290: f(x)= -0.08372351852477661
differential_evolution step 291: f(x)= -0.08372351852477661
differential_evolution step 292: f(x)= -0.08372351852477661
differential_evolution step 293: f(x)= -0.08372351852477661
differential_evolution step 294: f(x)= -0.08372351852477661
differential_evolution step 295: f(x)= -0.08372351852477661
differential_evolution step 296: f(x)= -0.08372351852477661
differential_evolution step 297: f(x)= -0.08372351852477661
differential_evolution step 298: f(x)= -0.08372351852477661
differential_evolution step 299: f(x)= -0.08372351852477661
differential_evolution step 300: f(x)= -0.08372351852477661
differential_evolution step 301: f(x)= -0.08372351852477661
differential_evolution step 302: f(x)= -0.08372351852477661
differential_evolution step 303: f(x)= -0.08372351852477661
differential_evolution step 304: f(x)= -0.08372351852477661
differential_evolution step 305: f(x)= -0.08372351852477661
differential_evolution step 306: f(x)= -0.08372351852477661
differential_evolution step 307: f(x)= -0.08372351852477661
differential_evolution step 308: f(x)= -0.08372351852477661
differential_evolution step 309: f(x)= -0.08372351852477661
differential_evolution step 310: f(x)= -0.08372351852477661
differential_evolution step 311: f(x)= -0.08372351852477661
differential_evolution step 312: f(x)= -0.08372351852477661
differential_evolution step 313: f(x)= -0.08372351852477661
differential_evolution step 314: f(x)= -0.08372351852477661
differential_evolution step 315: f(x)= -0.08372351852477661
differential_evolution step 316: f(x)= -0.08372351852477661
differential_evolution step 317: f(x)= -0.08372351852477661
differential_evolution step 318: f(x)= -0.08372351852477661
differential_evolution step 319: f(x)= -0.08372351852477661
differential_evolution step 320: f(x)= -0.08372351852477661
differential_evolution step 321: f(x)= -0.08372351852477661
differential_evolution step 322: f(x)= -0.08372351852477661
differential_evolution step 323: f(x)= -0.08729877742020405
differential_evolution step 324: f(x)= -0.08729877742020405
differential_evolution step 325: f(x)= -0.08729877742020405
differential_evolution step 326: f(x)= -0.08729877742020405
differential_evolution step 327: f(x)= -0.08729877742020405
differential_evolution step 328: f(x)= -0.08729877742020405
differential_evolution step 329: f(x)= -0.08729877742020405
differential_evolution step 330: f(x)= -0.08729877742020405
differential_evolution step 331: f(x)= -0.08729877742020405
differential_evolution step 332: f(x)= -0.08729877742020405
differential_evolution step 333: f(x)= -0.08729877742020405
differential_evolution step 334: f(x)= -0.08729877742020405
differential_evolution step 335: f(x)= -0.08729877742020405
differential_evolution step 336: f(x)= -0.08729877742020405
differential_evolution step 337: f(x)= -0.08729877742020405
differential_evolution step 338: f(x)= -0.08729877742020405
differential_evolution step 339: f(x)= -0.08729877742020405
differential_evolution step 340: f(x)= -0.08729877742020405
differential_evolution step 341: f(x)= -0.08729877742020405
differential_evolution step 342: f(x)= -0.08729877742020405
differential_evolution step 343: f(x)= -0.08729877742020405
differential_evolution step 344: f(x)= -0.08729877742020405
differential_evolution step 345: f(x)= -0.08729877742020405
differential_evolution step 346: f(x)= -0.08729877742020405
differential_evolution step 347: f(x)= -0.08729877742020405
differential_evolution step 348: f(x)= -0.08729877742020405
differential_evolution step 349: f(x)= -0.08729877742020405
differential_evolution step 350: f(x)= -0.08729877742020405
differential_evolution step 351: f(x)= -0.08729877742020405
differential_evolution step 352: f(x)= -0.08729877742020405
differential_evolution step 353: f(x)= -0.08729877742020405
differential_evolution step 354: f(x)= -0.08729877742020405
differential_evolution step 355: f(x)= -0.08729877742020405
differential_evolution step 356: f(x)= -0.08729877742020405
differential_evolution step 357: f(x)= -0.08729877742020405
differential_evolution step 358: f(x)= -0.08729877742020405
differential_evolution step 359: f(x)= -0.08729877742020405
differential_evolution step 360: f(x)= -0.08729877742020405
differential_evolution step 361: f(x)= -0.08729877742020405
differential_evolution step 362: f(x)= -0.08729877742020405
differential_evolution step 363: f(x)= -0.08729877742020405
differential_evolution step 364: f(x)= -0.08729877742020405
differential_evolution step 365: f(x)= -0.08729877742020405
differential_evolution step 366: f(x)= -0.08729877742020405
differential_evolution step 367: f(x)= -0.08729877742020405
differential_evolution step 368: f(x)= -0.08729877742020405
differential_evolution step 369: f(x)= -0.08729877742020405
differential_evolution step 370: f(x)= -0.08729877742020405
differential_evolution step 371: f(x)= -0.08729877742020405
differential_evolution step 372: f(x)= -0.08729877742020405
differential_evolution step 373: f(x)= -0.08729877742020405
differential_evolution step 374: f(x)= -0.08729877742020405
differential_evolution step 375: f(x)= -0.08729877742020405
differential_evolution step 376: f(x)= -0.08729877742020405
differential_evolution step 377: f(x)= -0.08729877742020405
differential_evolution step 378: f(x)= -0.08729877742020405
differential_evolution step 379: f(x)= -0.08729877742020405
differential_evolution step 380: f(x)= -0.08729877742020405
differential_evolution step 381: f(x)= -0.08729877742020405
differential_evolution step 382: f(x)= -0.08729877742020405
differential_evolution step 383: f(x)= -0.08729877742020405
differential_evolution step 384: f(x)= -0.08729877742020405
differential_evolution step 385: f(x)= -0.08729877742020405
differential_evolution step 386: f(x)= -0.08729877742020405
differential_evolution step 387: f(x)= -0.08729877742020405
differential_evolution step 388: f(x)= -0.08729877742020405
differential_evolution step 389: f(x)= -0.08729877742020405
differential_evolution step 390: f(x)= -0.08729877742020405
differential_evolution step 391: f(x)= -0.08729877742020405
differential_evolution step 392: f(x)= -0.08729877742020405
differential_evolution step 393: f(x)= -0.08729877742020405
differential_evolution step 394: f(x)= -0.08729877742020405
differential_evolution step 395: f(x)= -0.08729877742020405
differential_evolution step 396: f(x)= -0.08729877742020405
differential_evolution step 397: f(x)= -0.08729877742020405
differential_evolution step 398: f(x)= -0.08729877742020405
differential_evolution step 399: f(x)= -0.08729877742020405
differential_evolution step 400: f(x)= -0.08729877742020405
differential_evolution step 401: f(x)= -0.08729877742020405
differential_evolution step 402: f(x)= -0.08729877742020405
differential_evolution step 403: f(x)= -0.08729877742020405
differential_evolution step 404: f(x)= -0.08729877742020405
differential_evolution step 405: f(x)= -0.08729877742020405
differential_evolution step 406: f(x)= -0.08729877742020405
differential_evolution step 407: f(x)= -0.08729877742020405
differential_evolution step 408: f(x)= -0.08729877742020405
differential_evolution step 409: f(x)= -0.08729877742020405
differential_evolution step 410: f(x)= -0.08729877742020405
differential_evolution step 411: f(x)= -0.08729877742020405
differential_evolution step 412: f(x)= -0.08729877742020405
differential_evolution step 413: f(x)= -0.08729877742020405
differential_evolution step 414: f(x)= -0.08729877742020405
differential_evolution step 415: f(x)= -0.08729877742020405
differential_evolution step 416: f(x)= -0.08729877742020405
differential_evolution step 417: f(x)= -0.08729877742020405
differential_evolution step 418: f(x)= -0.08729877742020405
differential_evolution step 419: f(x)= -0.08729877742020405
differential_evolution step 420: f(x)= -0.08729877742020405
differential_evolution step 421: f(x)= -0.08729877742020405
differential_evolution step 422: f(x)= -0.08729877742020405
differential_evolution step 423: f(x)= -0.08729877742020405
differential_evolution step 424: f(x)= -0.08729877742020405
differential_evolution step 425: f(x)= -0.08729877742020405
differential_evolution step 426: f(x)= -0.08729877742020405
differential_evolution step 427: f(x)= -0.08729877742020405
differential_evolution step 428: f(x)= -0.08729877742020405
differential_evolution step 429: f(x)= -0.08729877742020405
differential_evolution step 430: f(x)= -0.08729877742020405
differential_evolution step 431: f(x)= -0.08729877742020405
differential_evolution step 432: f(x)= -0.08729877742020405
differential_evolution step 433: f(x)= -0.08729877742020405
differential_evolution step 434: f(x)= -0.08729877742020405
differential_evolution step 435: f(x)= -0.08729877742020405
differential_evolution step 436: f(x)= -0.08729877742020405
differential_evolution step 437: f(x)= -0.08729877742020405
differential_evolution step 438: f(x)= -0.08729877742020405
differential_evolution step 439: f(x)= -0.08729877742020405
differential_evolution step 440: f(x)= -0.08729877742020405
differential_evolution step 441: f(x)= -0.08729877742020405
differential_evolution step 442: f(x)= -0.08729877742020405
differential_evolution step 443: f(x)= -0.08729877742020405
differential_evolution step 444: f(x)= -0.08729877742020405
differential_evolution step 445: f(x)= -0.08729877742020405
differential_evolution step 446: f(x)= -0.08729877742020405
differential_evolution step 447: f(x)= -0.08729877742020405
differential_evolution step 448: f(x)= -0.08729877742020405
differential_evolution step 449: f(x)= -0.08729877742020405
differential_evolution step 450: f(x)= -0.08729877742020405
differential_evolution step 451: f(x)= -0.08729877742020405
differential_evolution step 452: f(x)= -0.08729877742020405
differential_evolution step 453: f(x)= -0.08729877742020405
differential_evolution step 454: f(x)= -0.08729877742020405
differential_evolution step 455: f(x)= -0.08729877742020405
differential_evolution step 456: f(x)= -0.08729877742020405
differential_evolution step 457: f(x)= -0.08729877742020405
differential_evolution step 458: f(x)= -0.08729877742020405
differential_evolution step 459: f(x)= -0.08729877742020405
differential_evolution step 460: f(x)= -0.08729877742020405
differential_evolution step 461: f(x)= -0.08729877742020405
differential_evolution step 462: f(x)= -0.08729877742020405
differential_evolution step 463: f(x)= -0.08729877742020405
differential_evolution step 464: f(x)= -0.08729877742020405
differential_evolution step 465: f(x)= -0.08729877742020405
differential_evolution step 466: f(x)= -0.08729877742020405
differential_evolution step 467: f(x)= -0.08729877742020405
differential_evolution step 468: f(x)= -0.08729877742020405
differential_evolution step 469: f(x)= -0.08729877742020405
differential_evolution step 470: f(x)= -0.08729877742020405
differential_evolution step 471: f(x)= -0.08729877742020405
differential_evolution step 472: f(x)= -0.08729877742020405
differential_evolution step 473: f(x)= -0.08729877742020405
differential_evolution step 474: f(x)= -0.08729877742020405
differential_evolution step 475: f(x)= -0.08729877742020405
differential_evolution step 476: f(x)= -0.09071375429460514
differential_evolution step 477: f(x)= -0.09071375429460514
differential_evolution step 478: f(x)= -0.09071375429460514
differential_evolution step 479: f(x)= -0.09071375429460514
differential_evolution step 480: f(x)= -0.09071375429460514
differential_evolution step 481: f(x)= -0.09071375429460514
differential_evolution step 482: f(x)= -0.09071375429460514
differential_evolution step 483: f(x)= -0.09071375429460514
differential_evolution step 484: f(x)= -0.09071375429460514
differential_evolution step 485: f(x)= -0.09071375429460514
differential_evolution step 486: f(x)= -0.09071375429460514
differential_evolution step 487: f(x)= -0.09071375429460514
differential_evolution step 488: f(x)= -0.09071375429460514
differential_evolution step 489: f(x)= -0.09071375429460514
differential_evolution step 490: f(x)= -0.09071375429460514
differential_evolution step 491: f(x)= -0.09071375429460514
differential_evolution step 492: f(x)= -0.09071375429460514
differential_evolution step 493: f(x)= -0.09071375429460514
differential_evolution step 494: f(x)= -0.09071375429460514
differential_evolution step 495: f(x)= -0.09071375429460514
differential_evolution step 496: f(x)= -0.09071375429460514
differential_evolution step 497: f(x)= -0.09071375429460514
differential_evolution step 498: f(x)= -0.09071375429460514
differential_evolution step 499: f(x)= -0.09071375429460514
differential_evolution step 500: f(x)= -0.09071375429460514
differential_evolution step 501: f(x)= -0.09071375429460514
differential_evolution step 502: f(x)= -0.09071375429460514
differential_evolution step 503: f(x)= -0.09071375429460514
differential_evolution step 504: f(x)= -0.09071375429460514
differential_evolution step 505: f(x)= -0.09071375429460514
differential_evolution step 506: f(x)= -0.09071375429460514
differential_evolution step 507: f(x)= -0.09071375429460514
differential_evolution step 508: f(x)= -0.09071375429460514
differential_evolution step 509: f(x)= -0.09071375429460514
differential_evolution step 510: f(x)= -0.09071375429460514
differential_evolution step 511: f(x)= -0.09071375429460514
differential_evolution step 512: f(x)= -0.09071375429460514
differential_evolution step 513: f(x)= -0.09071375429460514
differential_evolution step 514: f(x)= -0.09071375429460514
differential_evolution step 515: f(x)= -0.09071375429460514
differential_evolution step 516: f(x)= -0.09071375429460514
differential_evolution step 517: f(x)= -0.09071375429460514
differential_evolution step 518: f(x)= -0.09071375429460514
differential_evolution step 519: f(x)= -0.09071375429460514
differential_evolution step 520: f(x)= -0.09071375429460514
differential_evolution step 521: f(x)= -0.09071375429460514
differential_evolution step 522: f(x)= -0.09071375429460514
differential_evolution step 523: f(x)= -0.09071375429460514
differential_evolution step 524: f(x)= -0.09071375429460514
differential_evolution step 525: f(x)= -0.09071375429460514
differential_evolution step 526: f(x)= -0.09071375429460514
differential_evolution step 527: f(x)= -0.09071375429460514
differential_evolution step 528: f(x)= -0.09071375429460514
differential_evolution step 529: f(x)= -0.09071375429460514
differential_evolution step 530: f(x)= -0.09071375429460514
differential_evolution step 531: f(x)= -0.09071375429460514
differential_evolution step 532: f(x)= -0.09071375429460514
differential_evolution step 533: f(x)= -0.09071375429460514
differential_evolution step 534: f(x)= -0.11822149970383748
differential_evolution step 535: f(x)= -0.11822149970383748
differential_evolution step 536: f(x)= -0.11822149970383748
differential_evolution step 537: f(x)= -0.11822149970383748
differential_evolution step 538: f(x)= -0.11822149970383748
differential_evolution step 539: f(x)= -0.11822149970383748
differential_evolution step 540: f(x)= -0.11822149970383748
differential_evolution step 541: f(x)= -0.11822149970383748
differential_evolution step 542: f(x)= -0.11822149970383748
differential_evolution step 543: f(x)= -0.11822149970383748
differential_evolution step 544: f(x)= -0.11822149970383748
differential_evolution step 545: f(x)= -0.11822149970383748
differential_evolution step 546: f(x)= -0.11822149970383748
differential_evolution step 547: f(x)= -0.11822149970383748
differential_evolution step 548: f(x)= -0.11822149970383748
differential_evolution step 549: f(x)= -0.11822149970383748
differential_evolution step 550: f(x)= -0.11822149970383748
differential_evolution step 551: f(x)= -0.11822149970383748
differential_evolution step 552: f(x)= -0.11822149970383748
differential_evolution step 553: f(x)= -0.11822149970383748
differential_evolution step 554: f(x)= -0.11822149970383748
differential_evolution step 555: f(x)= -0.11822149970383748
differential_evolution step 556: f(x)= -0.11822149970383748
differential_evolution step 557: f(x)= -0.11822149970383748
differential_evolution step 558: f(x)= -0.11822149970383748
differential_evolution step 559: f(x)= -0.11822149970383748
differential_evolution step 560: f(x)= -0.11822149970383748
differential_evolution step 561: f(x)= -0.11822149970383748
differential_evolution step 562: f(x)= -0.11822149970383748
differential_evolution step 563: f(x)= -0.11822149970383748
differential_evolution step 564: f(x)= -0.11822149970383748
differential_evolution step 565: f(x)= -0.11822149970383748
differential_evolution step 566: f(x)= -0.11822149970383748
differential_evolution step 567: f(x)= -0.11822149970383748
differential_evolution step 568: f(x)= -0.11822149970383748
differential_evolution step 569: f(x)= -0.11822149970383748
differential_evolution step 570: f(x)= -0.11822149970383748
differential_evolution step 571: f(x)= -0.11822149970383748
differential_evolution step 572: f(x)= -0.11822149970383748
differential_evolution step 573: f(x)= -0.11822149970383748
differential_evolution step 574: f(x)= -0.11822149970383748
differential_evolution step 575: f(x)= -0.11822149970383748
differential_evolution step 576: f(x)= -0.11822149970383748
differential_evolution step 577: f(x)= -0.11822149970383748
differential_evolution step 578: f(x)= -0.11822149970383748
differential_evolution step 579: f(x)= -0.11822149970383748
differential_evolution step 580: f(x)= -0.11822149970383748
differential_evolution step 581: f(x)= -0.11822149970383748
differential_evolution step 582: f(x)= -0.11822149970383748
differential_evolution step 583: f(x)= -0.11822149970383748
differential_evolution step 584: f(x)= -0.11822149970383748
differential_evolution step 585: f(x)= -0.11822149970383748
differential_evolution step 586: f(x)= -0.11822149970383748
differential_evolution step 587: f(x)= -0.11822149970383748
differential_evolution step 588: f(x)= -0.11822149970383748
differential_evolution step 589: f(x)= -0.11822149970383748
differential_evolution step 590: f(x)= -0.11822149970383748
differential_evolution step 591: f(x)= -0.11822149970383748
differential_evolution step 592: f(x)= -0.11822149970383748
differential_evolution step 593: f(x)= -0.11822149970383748
differential_evolution step 594: f(x)= -0.11822149970383748
differential_evolution step 595: f(x)= -0.11822149970383748
differential_evolution step 596: f(x)= -0.11822149970383748
differential_evolution step 597: f(x)= -0.11822149970383748
differential_evolution step 598: f(x)= -0.11822149970383748
differential_evolution step 599: f(x)= -0.11822149970383748
differential_evolution step 600: f(x)= -0.11822149970383748
differential_evolution step 601: f(x)= -0.14713770105926655
differential_evolution step 602: f(x)= -0.14713770105926655
differential_evolution step 603: f(x)= -0.14713770105926655
differential_evolution step 604: f(x)= -0.14713770105926655
differential_evolution step 605: f(x)= -0.14713770105926655
differential_evolution step 606: f(x)= -0.14713770105926655
differential_evolution step 607: f(x)= -0.14713770105926655
differential_evolution step 608: f(x)= -0.14713770105926655
differential_evolution step 609: f(x)= -0.14713770105926655
differential_evolution step 610: f(x)= -0.14713770105926655
differential_evolution step 611: f(x)= -0.14713770105926655
differential_evolution step 612: f(x)= -0.14713770105926655
differential_evolution step 613: f(x)= -0.14713770105926655
differential_evolution step 614: f(x)= -0.14713770105926655
differential_evolution step 615: f(x)= -0.14713770105926655
differential_evolution step 616: f(x)= -0.14713770105926655
differential_evolution step 617: f(x)= -0.14713770105926655
differential_evolution step 618: f(x)= -0.14713770105926655
differential_evolution step 619: f(x)= -0.14713770105926655
differential_evolution step 620: f(x)= -0.14713770105926655
differential_evolution step 621: f(x)= -0.14713770105926655
differential_evolution step 622: f(x)= -0.14713770105926655
differential_evolution step 623: f(x)= -0.14713770105926655
differential_evolution step 624: f(x)= -0.14713770105926655
differential_evolution step 625: f(x)= -0.14713770105926655
differential_evolution step 626: f(x)= -0.14713770105926655
differential_evolution step 627: f(x)= -0.14713770105926655
differential_evolution step 628: f(x)= -0.14713770105926655
differential_evolution step 629: f(x)= -0.14713770105926655
differential_evolution step 630: f(x)= -0.14713770105926655
differential_evolution step 631: f(x)= -0.14713770105926655
differential_evolution step 632: f(x)= -0.14713770105926655
differential_evolution step 633: f(x)= -0.14713770105926655
differential_evolution step 634: f(x)= -0.14713770105926655
differential_evolution step 635: f(x)= -0.14713770105926655
differential_evolution step 636: f(x)= -0.14713770105926655
differential_evolution step 637: f(x)= -0.14713770105926655
differential_evolution step 638: f(x)= -0.14713770105926655
differential_evolution step 639: f(x)= -0.14713770105926655
differential_evolution step 640: f(x)= -0.14713770105926655
differential_evolution step 641: f(x)= -0.14713770105926655
differential_evolution step 642: f(x)= -0.14713770105926655
differential_evolution step 643: f(x)= -0.14713770105926655
differential_evolution step 644: f(x)= -0.14713770105926655
differential_evolution step 645: f(x)= -0.14713770105926655
differential_evolution step 646: f(x)= -0.14713770105926655
differential_evolution step 647: f(x)= -0.14713770105926655
differential_evolution step 648: f(x)= -0.14713770105926655
differential_evolution step 649: f(x)= -0.14713770105926655
differential_evolution step 650: f(x)= -0.14713770105926655
differential_evolution step 651: f(x)= -0.14713770105926655
differential_evolution step 652: f(x)= -0.14713770105926655
differential_evolution step 653: f(x)= -0.14713770105926655
differential_evolution step 654: f(x)= -0.14713770105926655
differential_evolution step 655: f(x)= -0.14713770105926655
differential_evolution step 656: f(x)= -0.14713770105926655
differential_evolution step 657: f(x)= -0.14713770105926655
differential_evolution step 658: f(x)= -0.14713770105926655
differential_evolution step 659: f(x)= -0.14713770105926655
differential_evolution step 660: f(x)= -0.14713770105926655
differential_evolution step 661: f(x)= -0.14713770105926655
differential_evolution step 662: f(x)= -0.14713770105926655
differential_evolution step 663: f(x)= -0.14713770105926655
differential_evolution step 664: f(x)= -0.14713770105926655
differential_evolution step 665: f(x)= -0.14713770105926655
differential_evolution step 666: f(x)= -0.14713770105926655
differential_evolution step 667: f(x)= -0.14713770105926655
differential_evolution step 668: f(x)= -0.14713770105926655
differential_evolution step 669: f(x)= -0.14713770105926655
differential_evolution step 670: f(x)= -0.14713770105926655
differential_evolution step 671: f(x)= -0.14713770105926655
differential_evolution step 672: f(x)= -0.14713770105926655
differential_evolution step 673: f(x)= -0.14713770105926655
differential_evolution step 674: f(x)= -0.14713770105926655
differential_evolution step 675: f(x)= -0.14713770105926655
differential_evolution step 676: f(x)= -0.14713770105926655
differential_evolution step 677: f(x)= -0.14713770105926655
differential_evolution step 678: f(x)= -0.14713770105926655
differential_evolution step 679: f(x)= -0.14713770105926655
differential_evolution step 680: f(x)= -0.14713770105926655
differential_evolution step 681: f(x)= -0.14713770105926655
differential_evolution step 682: f(x)= -0.14713770105926655
differential_evolution step 683: f(x)= -0.14713770105926655
differential_evolution step 684: f(x)= -0.14713770105926655
differential_evolution step 685: f(x)= -0.14713770105926655
differential_evolution step 686: f(x)= -0.14713770105926655
differential_evolution step 687: f(x)= -0.14713770105926655
differential_evolution step 688: f(x)= -0.14713770105926655
differential_evolution step 689: f(x)= -0.14713770105926655
differential_evolution step 690: f(x)= -0.14713770105926655
differential_evolution step 691: f(x)= -0.14713770105926655
differential_evolution step 692: f(x)= -0.14713770105926655
differential_evolution step 693: f(x)= -0.14713770105926655
differential_evolution step 694: f(x)= -0.14713770105926655
differential_evolution step 695: f(x)= -0.14713770105926655
differential_evolution step 696: f(x)= -0.14713770105926655
differential_evolution step 697: f(x)= -0.14713770105926655
differential_evolution step 698: f(x)= -0.14713770105926655
differential_evolution step 699: f(x)= -0.14713770105926655
differential_evolution step 700: f(x)= -0.14713770105926655
differential_evolution step 701: f(x)= -0.14713770105926655
differential_evolution step 702: f(x)= -0.14713770105926655
differential_evolution step 703: f(x)= -0.14713770105926655
differential_evolution step 704: f(x)= -0.14713770105926655
differential_evolution step 705: f(x)= -0.14713770105926655
differential_evolution step 706: f(x)= -0.14713770105926655
differential_evolution step 707: f(x)= -0.14713770105926655
differential_evolution step 708: f(x)= -0.14713770105926655
differential_evolution step 709: f(x)= -0.14713770105926655
differential_evolution step 710: f(x)= -0.14713770105926655
differential_evolution step 711: f(x)= -0.14713770105926655
differential_evolution step 712: f(x)= -0.14713770105926655
differential_evolution step 713: f(x)= -0.14713770105926655
differential_evolution step 714: f(x)= -0.14713770105926655
differential_evolution step 715: f(x)= -0.14713770105926655
differential_evolution step 716: f(x)= -0.14713770105926655
differential_evolution step 717: f(x)= -0.14713770105926655
differential_evolution step 718: f(x)= -0.14713770105926655
differential_evolution step 719: f(x)= -0.14713770105926655
differential_evolution step 720: f(x)= -0.14713770105926655
differential_evolution step 721: f(x)= -0.14713770105926655
differential_evolution step 722: f(x)= -0.14713770105926655
differential_evolution step 723: f(x)= -0.14713770105926655
differential_evolution step 724: f(x)= -0.14713770105926655
differential_evolution step 725: f(x)= -0.14713770105926655
differential_evolution step 726: f(x)= -0.14713770105926655
differential_evolution step 727: f(x)= -0.14713770105926655
differential_evolution step 728: f(x)= -0.14713770105926655
differential_evolution step 729: f(x)= -0.14713770105926655
differential_evolution step 730: f(x)= -0.14713770105926655
differential_evolution step 731: f(x)= -0.14713770105926655
differential_evolution step 732: f(x)= -0.14713770105926655
differential_evolution step 733: f(x)= -0.14713770105926655
differential_evolution step 734: f(x)= -0.14713770105926655
differential_evolution step 735: f(x)= -0.14713770105926655
differential_evolution step 736: f(x)= -0.14713770105926655
differential_evolution step 737: f(x)= -0.14713770105926655
differential_evolution step 738: f(x)= -0.14713770105926655
differential_evolution step 739: f(x)= -0.14713770105926655
differential_evolution step 740: f(x)= -0.14713770105926655
differential_evolution step 741: f(x)= -0.14713770105926655
differential_evolution step 742: f(x)= -0.14713770105926655
differential_evolution step 743: f(x)= -0.14713770105926655
differential_evolution step 744: f(x)= -0.14713770105926655
differential_evolution step 745: f(x)= -0.14713770105926655
differential_evolution step 746: f(x)= -0.14713770105926655
differential_evolution step 747: f(x)= -0.14713770105926655
differential_evolution step 748: f(x)= -0.14713770105926655
differential_evolution step 749: f(x)= -0.14713770105926655
differential_evolution step 750: f(x)= -0.14713770105926655
differential_evolution step 751: f(x)= -0.14713770105926655
differential_evolution step 752: f(x)= -0.14713770105926655
differential_evolution step 753: f(x)= -0.14713770105926655
differential_evolution step 754: f(x)= -0.14713770105926655
differential_evolution step 755: f(x)= -0.14713770105926655
differential_evolution step 756: f(x)= -0.14713770105926655
differential_evolution step 757: f(x)= -0.14713770105926655
differential_evolution step 758: f(x)= -0.14713770105926655
differential_evolution step 759: f(x)= -0.14713770105926655
differential_evolution step 760: f(x)= -0.14713770105926655
differential_evolution step 761: f(x)= -0.14713770105926655
differential_evolution step 762: f(x)= -0.14713770105926655
differential_evolution step 763: f(x)= -0.14713770105926655
differential_evolution step 764: f(x)= -0.14713770105926655
differential_evolution step 765: f(x)= -0.14713770105926655
differential_evolution step 766: f(x)= -0.14713770105926655
differential_evolution step 767: f(x)= -0.14713770105926655
differential_evolution step 768: f(x)= -0.14713770105926655
differential_evolution step 769: f(x)= -0.14713770105926655
differential_evolution step 770: f(x)= -0.14713770105926655
differential_evolution step 771: f(x)= -0.14713770105926655
differential_evolution step 772: f(x)= -0.179579636312284
differential_evolution step 773: f(x)= -0.179579636312284
differential_evolution step 774: f(x)= -0.179579636312284
differential_evolution step 775: f(x)= -0.179579636312284
differential_evolution step 776: f(x)= -0.179579636312284
differential_evolution step 777: f(x)= -0.179579636312284
differential_evolution step 778: f(x)= -0.179579636312284
differential_evolution step 779: f(x)= -0.179579636312284
differential_evolution step 780: f(x)= -0.179579636312284
differential_evolution step 781: f(x)= -0.179579636312284
differential_evolution step 782: f(x)= -0.179579636312284
differential_evolution step 783: f(x)= -0.179579636312284
differential_evolution step 784: f(x)= -0.179579636312284
differential_evolution step 785: f(x)= -0.179579636312284
differential_evolution step 786: f(x)= -0.179579636312284
differential_evolution step 787: f(x)= -0.179579636312284
differential_evolution step 788: f(x)= -0.179579636312284
differential_evolution step 789: f(x)= -0.179579636312284
differential_evolution step 790: f(x)= -0.179579636312284
differential_evolution step 791: f(x)= -0.179579636312284
differential_evolution step 792: f(x)= -0.179579636312284
differential_evolution step 793: f(x)= -0.179579636312284
differential_evolution step 794: f(x)= -0.179579636312284
differential_evolution step 795: f(x)= -0.179579636312284
differential_evolution step 796: f(x)= -0.179579636312284
differential_evolution step 797: f(x)= -0.179579636312284
differential_evolution step 798: f(x)= -0.179579636312284
differential_evolution step 799: f(x)= -0.179579636312284
differential_evolution step 800: f(x)= -0.179579636312284
differential_evolution step 801: f(x)= -0.179579636312284
differential_evolution step 802: f(x)= -0.179579636312284
differential_evolution step 803: f(x)= -0.179579636312284
differential_evolution step 804: f(x)= -0.179579636312284
differential_evolution step 805: f(x)= -0.179579636312284
differential_evolution step 806: f(x)= -0.179579636312284
differential_evolution step 807: f(x)= -0.179579636312284
differential_evolution step 808: f(x)= -0.179579636312284
differential_evolution step 809: f(x)= -0.179579636312284
differential_evolution step 810: f(x)= -0.179579636312284
differential_evolution step 811: f(x)= -0.179579636312284
differential_evolution step 812: f(x)= -0.179579636312284
differential_evolution step 813: f(x)= -0.2331563277357733
differential_evolution step 814: f(x)= -0.2331563277357733
differential_evolution step 815: f(x)= -0.2331563277357733
differential_evolution step 816: f(x)= -0.2331563277357733
differential_evolution step 817: f(x)= -0.2331563277357733
differential_evolution step 818: f(x)= -0.2331563277357733
differential_evolution step 819: f(x)= -0.2331563277357733
differential_evolution step 820: f(x)= -0.2331563277357733
differential_evolution step 821: f(x)= -0.4342919536303266
differential_evolution step 822: f(x)= -0.4342919536303266
differential_evolution step 823: f(x)= -0.4342919536303266
differential_evolution step 824: f(x)= -0.4342919536303266
differential_evolution step 825: f(x)= -0.4342919536303266
differential_evolution step 826: f(x)= -0.4342919536303266
differential_evolution step 827: f(x)= -0.4342919536303266
differential_evolution step 828: f(x)= -0.4342919536303266
differential_evolution step 829: f(x)= -0.4342919536303266
differential_evolution step 830: f(x)= -0.4342919536303266
differential_evolution step 831: f(x)= -0.4342919536303266
differential_evolution step 832: f(x)= -0.4342919536303266
differential_evolution step 833: f(x)= -0.4342919536303266
differential_evolution step 834: f(x)= -0.4342919536303266
differential_evolution step 835: f(x)= -0.4342919536303266
differential_evolution step 836: f(x)= -0.4342919536303266
differential_evolution step 837: f(x)= -0.4342919536303266
differential_evolution step 838: f(x)= -0.4342919536303266
differential_evolution step 839: f(x)= -0.4342919536303266
differential_evolution step 840: f(x)= -0.4342919536303266
differential_evolution step 841: f(x)= -0.4342919536303266
differential_evolution step 842: f(x)= -0.4342919536303266
differential_evolution step 843: f(x)= -0.4342919536303266
differential_evolution step 844: f(x)= -0.4342919536303266
differential_evolution step 845: f(x)= -0.4342919536303266
differential_evolution step 846: f(x)= -0.4342919536303266
differential_evolution step 847: f(x)= -0.4342919536303266
differential_evolution step 848: f(x)= -0.4342919536303266
differential_evolution step 849: f(x)= -0.4342919536303266
differential_evolution step 850: f(x)= -0.4342919536303266
differential_evolution step 851: f(x)= -0.4342919536303266
differential_evolution step 852: f(x)= -0.4342919536303266
differential_evolution step 853: f(x)= -0.4342919536303266
differential_evolution step 854: f(x)= -0.4342919536303266
differential_evolution step 855: f(x)= -0.4342919536303266
differential_evolution step 856: f(x)= -0.4342919536303266
differential_evolution step 857: f(x)= -0.4342919536303266
differential_evolution step 858: f(x)= -0.4342919536303266
differential_evolution step 859: f(x)= -0.4342919536303266
differential_evolution step 860: f(x)= -0.4342919536303266
differential_evolution step 861: f(x)= -0.4342919536303266
differential_evolution step 862: f(x)= -0.4342919536303266
differential_evolution step 863: f(x)= -0.4342919536303266
differential_evolution step 864: f(x)= -0.4342919536303266
differential_evolution step 865: f(x)= -0.4342919536303266
differential_evolution step 866: f(x)= -0.4342919536303266
differential_evolution step 867: f(x)= -0.4342919536303266
differential_evolution step 868: f(x)= -0.4342919536303266
differential_evolution step 869: f(x)= -0.4342919536303266
differential_evolution step 870: f(x)= -0.4342919536303266
differential_evolution step 871: f(x)= -0.4342919536303266
differential_evolution step 872: f(x)= -0.4342919536303266
differential_evolution step 873: f(x)= -0.4342919536303266
differential_evolution step 874: f(x)= -0.4342919536303266
differential_evolution step 875: f(x)= -0.4342919536303266
differential_evolution step 876: f(x)= -0.4342919536303266
differential_evolution step 877: f(x)= -0.4342919536303266
differential_evolution step 878: f(x)= -0.4342919536303266
differential_evolution step 879: f(x)= -0.4342919536303266
differential_evolution step 880: f(x)= -0.4342919536303266
differential_evolution step 881: f(x)= -0.4342919536303266
differential_evolution step 882: f(x)= -0.4342919536303266
differential_evolution step 883: f(x)= -0.4342919536303266
differential_evolution step 884: f(x)= -0.4342919536303266
differential_evolution step 885: f(x)= -0.4342919536303266
differential_evolution step 886: f(x)= -0.4342919536303266
differential_evolution step 887: f(x)= -0.4342919536303266
differential_evolution step 888: f(x)= -0.4342919536303266
differential_evolution step 889: f(x)= -0.4342919536303266
differential_evolution step 890: f(x)= -0.4342919536303266
differential_evolution step 891: f(x)= -0.4342919536303266
differential_evolution step 892: f(x)= -0.4342919536303266
differential_evolution step 893: f(x)= -0.4342919536303266
differential_evolution step 894: f(x)= -0.4342919536303266
differential_evolution step 895: f(x)= -0.4342919536303266
differential_evolution step 896: f(x)= -0.4342919536303266
differential_evolution step 897: f(x)= -0.4342919536303266
differential_evolution step 898: f(x)= -0.4342919536303266
differential_evolution step 899: f(x)= -0.4342919536303266
differential_evolution step 900: f(x)= -0.4342919536303266
differential_evolution step 901: f(x)= -0.4342919536303266
differential_evolution step 902: f(x)= -0.4342919536303266
differential_evolution step 903: f(x)= -0.4342919536303266
differential_evolution step 904: f(x)= -0.4342919536303266
differential_evolution step 905: f(x)= -0.4342919536303266
differential_evolution step 906: f(x)= -0.4342919536303266
differential_evolution step 907: f(x)= -0.4342919536303266
differential_evolution step 908: f(x)= -0.4342919536303266
differential_evolution step 909: f(x)= -0.4342919536303266
differential_evolution step 910: f(x)= -0.4342919536303266
differential_evolution step 911: f(x)= -0.4342919536303266
differential_evolution step 912: f(x)= -0.4342919536303266
differential_evolution step 913: f(x)= -0.4342919536303266
differential_evolution step 914: f(x)= -0.4342919536303266
differential_evolution step 915: f(x)= -0.4342919536303266
differential_evolution step 916: f(x)= -0.4342919536303266
differential_evolution step 917: f(x)= -0.4342919536303266
differential_evolution step 918: f(x)= -0.4342919536303266
differential_evolution step 919: f(x)= -0.4342919536303266
differential_evolution step 920: f(x)= -0.4342919536303266
differential_evolution step 921: f(x)= -0.4342919536303266
differential_evolution step 922: f(x)= -0.4342919536303266
differential_evolution step 923: f(x)= -0.4342919536303266
differential_evolution step 924: f(x)= -0.4342919536303266
differential_evolution step 925: f(x)= -0.4342919536303266
differential_evolution step 926: f(x)= -0.4342919536303266
differential_evolution step 927: f(x)= -0.4342919536303266
differential_evolution step 928: f(x)= -0.4342919536303266
differential_evolution step 929: f(x)= -0.4342919536303266
differential_evolution step 930: f(x)= -0.4342919536303266
differential_evolution step 931: f(x)= -0.4342919536303266
differential_evolution step 932: f(x)= -0.4342919536303266
differential_evolution step 933: f(x)= -0.4342919536303266
differential_evolution step 934: f(x)= -0.4342919536303266
differential_evolution step 935: f(x)= -0.4342919536303266
differential_evolution step 936: f(x)= -0.4342919536303266
differential_evolution step 937: f(x)= -0.4342919536303266
differential_evolution step 938: f(x)= -0.4342919536303266
differential_evolution step 939: f(x)= -0.4342919536303266
differential_evolution step 940: f(x)= -0.4342919536303266
differential_evolution step 941: f(x)= -0.4342919536303266
differential_evolution step 942: f(x)= -0.4342919536303266
differential_evolution step 943: f(x)= -0.4342919536303266
differential_evolution step 944: f(x)= -0.4342919536303266
differential_evolution step 945: f(x)= -0.4342919536303266
differential_evolution step 946: f(x)= -0.4342919536303266
differential_evolution step 947: f(x)= -0.4342919536303266
differential_evolution step 948: f(x)= -0.4342919536303266
differential_evolution step 949: f(x)= -0.4342919536303266
differential_evolution step 950: f(x)= -0.4342919536303266
differential_evolution step 951: f(x)= -0.4342919536303266
differential_evolution step 952: f(x)= -0.4342919536303266
differential_evolution step 953: f(x)= -0.4342919536303266
differential_evolution step 954: f(x)= -0.4342919536303266
differential_evolution step 955: f(x)= -0.4342919536303266
differential_evolution step 956: f(x)= -0.4342919536303266
differential_evolution step 957: f(x)= -0.4342919536303266
differential_evolution step 958: f(x)= -0.4342919536303266
differential_evolution step 959: f(x)= -0.4342919536303266
differential_evolution step 960: f(x)= -0.4342919536303266
differential_evolution step 961: f(x)= -0.4342919536303266
differential_evolution step 962: f(x)= -0.4342919536303266
differential_evolution step 963: f(x)= -0.4342919536303266
differential_evolution step 964: f(x)= -0.4342919536303266
differential_evolution step 965: f(x)= -0.4342919536303266
differential_evolution step 966: f(x)= -0.4342919536303266
differential_evolution step 967: f(x)= -0.4342919536303266
differential_evolution step 968: f(x)= -0.4342919536303266
differential_evolution step 969: f(x)= -0.4342919536303266
differential_evolution step 970: f(x)= -0.4342919536303266
differential_evolution step 971: f(x)= -0.4342919536303266
differential_evolution step 972: f(x)= -0.4342919536303266
differential_evolution step 973: f(x)= -0.4342919536303266
differential_evolution step 974: f(x)= -0.4342919536303266
differential_evolution step 975: f(x)= -0.4342919536303266
differential_evolution step 976: f(x)= -0.4342919536303266
differential_evolution step 977: f(x)= -0.4342919536303266
differential_evolution step 978: f(x)= -0.4342919536303266
differential_evolution step 979: f(x)= -0.4342919536303266
differential_evolution step 980: f(x)= -0.4342919536303266
differential_evolution step 981: f(x)= -0.4342919536303266
differential_evolution step 982: f(x)= -0.4342919536303266
differential_evolution step 983: f(x)= -0.4342919536303266
differential_evolution step 984: f(x)= -0.4342919536303266
differential_evolution step 985: f(x)= -0.4342919536303266
differential_evolution step 986: f(x)= -0.4342919536303266
differential_evolution step 987: f(x)= -0.4342919536303266
differential_evolution step 988: f(x)= -0.4342919536303266
differential_evolution step 989: f(x)= -0.4342919536303266
differential_evolution step 990: f(x)= -0.4342919536303266
differential_evolution step 991: f(x)= -0.4342919536303266
differential_evolution step 992: f(x)= -0.4342919536303266
differential_evolution step 993: f(x)= -0.4342919536303266
differential_evolution step 994: f(x)= -0.4342919536303266
differential_evolution step 995: f(x)= -0.4342919536303266
differential_evolution step 996: f(x)= -0.4342919536303266
differential_evolution step 997: f(x)= -0.4342919536303266
differential_evolution step 998: f(x)= -0.4342919536303266
differential_evolution step 999: f(x)= -0.4342919536303266
differential_evolution step 1000: f(x)= -0.4342919536303266
differential_evolution step 1001: f(x)= -0.4342919536303266
differential_evolution step 1002: f(x)= -0.4342919536303266
differential_evolution step 1003: f(x)= -0.4342919536303266
differential_evolution step 1004: f(x)= -0.4342919536303266
differential_evolution step 1005: f(x)= -0.4342919536303266
differential_evolution step 1006: f(x)= -0.4342919536303266
differential_evolution step 1007: f(x)= -0.4342919536303266
differential_evolution step 1008: f(x)= -0.4342919536303266
differential_evolution step 1009: f(x)= -0.4342919536303266
differential_evolution step 1010: f(x)= -0.4342919536303266
differential_evolution step 1011: f(x)= -0.4342919536303266
differential_evolution step 1012: f(x)= -0.4342919536303266
differential_evolution step 1013: f(x)= -0.4342919536303266
differential_evolution step 1014: f(x)= -0.4342919536303266
differential_evolution step 1015: f(x)= -0.4342919536303266
differential_evolution step 1016: f(x)= -0.4342919536303266
differential_evolution step 1017: f(x)= -0.4342919536303266
differential_evolution step 1018: f(x)= -0.4342919536303266
differential_evolution step 1019: f(x)= -0.4342919536303266
differential_evolution step 1020: f(x)= -0.4342919536303266
differential_evolution step 1021: f(x)= -0.4342919536303266
differential_evolution step 1022: f(x)= -0.4342919536303266
differential_evolution step 1023: f(x)= -0.4342919536303266
differential_evolution step 1024: f(x)= -0.4342919536303266
differential_evolution step 1025: f(x)= -0.4342919536303266
differential_evolution step 1026: f(x)= -0.4342919536303266
differential_evolution step 1027: f(x)= -0.4342919536303266
differential_evolution step 1028: f(x)= -0.4342919536303266
differential_evolution step 1029: f(x)= -0.4342919536303266
differential_evolution step 1030: f(x)= -0.4342919536303266
differential_evolution step 1031: f(x)= -0.4342919536303266
differential_evolution step 1032: f(x)= -0.4342919536303266
differential_evolution step 1033: f(x)= -0.4342919536303266
differential_evolution step 1034: f(x)= -0.4342919536303266
differential_evolution step 1035: f(x)= -0.4342919536303266
differential_evolution step 1036: f(x)= -0.4342919536303266
differential_evolution step 1037: f(x)= -0.4342919536303266
differential_evolution step 1038: f(x)= -0.4342919536303266
differential_evolution step 1039: f(x)= -0.4342919536303266
differential_evolution step 1040: f(x)= -0.4342919536303266
differential_evolution step 1041: f(x)= -0.4342919536303266
differential_evolution step 1042: f(x)= -0.4342919536303266
differential_evolution step 1043: f(x)= -0.4342919536303266
differential_evolution step 1044: f(x)= -0.4342919536303266
differential_evolution step 1045: f(x)= -0.4342919536303266
differential_evolution step 1046: f(x)= -0.4342919536303266
differential_evolution step 1047: f(x)= -0.4342919536303266
differential_evolution step 1048: f(x)= -0.4342919536303266
differential_evolution step 1049: f(x)= -0.4342919536303266
differential_evolution step 1050: f(x)= -0.4342919536303266
differential_evolution step 1051: f(x)= -0.4342919536303266
differential_evolution step 1052: f(x)= -0.4342919536303266
differential_evolution step 1053: f(x)= -0.4342919536303266
differential_evolution step 1054: f(x)= -0.4342919536303266
differential_evolution step 1055: f(x)= -0.4342919536303266
differential_evolution step 1056: f(x)= -0.4342919536303266
differential_evolution step 1057: f(x)= -0.4342919536303266
differential_evolution step 1058: f(x)= -0.4342919536303266
differential_evolution step 1059: f(x)= -0.4342919536303266
differential_evolution step 1060: f(x)= -0.4342919536303266
differential_evolution step 1061: f(x)= -0.4342919536303266
differential_evolution step 1062: f(x)= -0.4342919536303266
differential_evolution step 1063: f(x)= -0.4342919536303266
differential_evolution step 1064: f(x)= -0.4342919536303266
differential_evolution step 1065: f(x)= -0.4342919536303266
differential_evolution step 1066: f(x)= -0.4342919536303266
differential_evolution step 1067: f(x)= -0.4342919536303266
differential_evolution step 1068: f(x)= -0.4342919536303266
differential_evolution step 1069: f(x)= -0.4342919536303266
differential_evolution step 1070: f(x)= -0.4342919536303266
differential_evolution step 1071: f(x)= -0.4342919536303266
differential_evolution step 1072: f(x)= -0.4342919536303266
differential_evolution step 1073: f(x)= -0.4342919536303266
differential_evolution step 1074: f(x)= -0.4342919536303266
differential_evolution step 1075: f(x)= -0.4342919536303266
differential_evolution step 1076: f(x)= -0.4342919536303266
differential_evolution step 1077: f(x)= -0.4342919536303266
differential_evolution step 1078: f(x)= -0.4342919536303266
differential_evolution step 1079: f(x)= -0.4342919536303266
differential_evolution step 1080: f(x)= -0.4342919536303266
differential_evolution step 1081: f(x)= -0.4342919536303266
differential_evolution step 1082: f(x)= -0.4342919536303266
differential_evolution step 1083: f(x)= -0.4342919536303266
differential_evolution step 1084: f(x)= -0.4342919536303266
differential_evolution step 1085: f(x)= -0.4342919536303266
differential_evolution step 1086: f(x)= -0.4342919536303266
differential_evolution step 1087: f(x)= -0.4342919536303266
differential_evolution step 1088: f(x)= -0.4342919536303266
differential_evolution step 1089: f(x)= -0.4342919536303266
differential_evolution step 1090: f(x)= -0.4342919536303266
differential_evolution step 1091: f(x)= -0.4342919536303266
differential_evolution step 1092: f(x)= -0.4342919536303266
differential_evolution step 1093: f(x)= -0.4342919536303266
differential_evolution step 1094: f(x)= -0.4342919536303266
differential_evolution step 1095: f(x)= -0.4342919536303266
differential_evolution step 1096: f(x)= -0.4342919536303266
differential_evolution step 1097: f(x)= -0.4342919536303266
differential_evolution step 1098: f(x)= -0.4342919536303266
differential_evolution step 1099: f(x)= -0.4342919536303266
differential_evolution step 1100: f(x)= -0.4342919536303266
differential_evolution step 1101: f(x)= -0.4342919536303266
differential_evolution step 1102: f(x)= -0.4342919536303266
differential_evolution step 1103: f(x)= -0.4342919536303266
differential_evolution step 1104: f(x)= -0.4342919536303266
differential_evolution step 1105: f(x)= -0.4342919536303266
differential_evolution step 1106: f(x)= -0.4342919536303266
differential_evolution step 1107: f(x)= -0.4342919536303266
differential_evolution step 1108: f(x)= -0.4342919536303266
differential_evolution step 1109: f(x)= -0.4342919536303266
differential_evolution step 1110: f(x)= -0.4342919536303266
differential_evolution step 1111: f(x)= -0.4342919536303266
differential_evolution step 1112: f(x)= -0.4342919536303266
differential_evolution step 1113: f(x)= -0.4342919536303266
differential_evolution step 1114: f(x)= -0.4342919536303266
differential_evolution step 1115: f(x)= -0.4342919536303266
differential_evolution step 1116: f(x)= -0.4342919536303266
differential_evolution step 1117: f(x)= -0.4342919536303266
differential_evolution step 1118: f(x)= -0.4342919536303266
differential_evolution step 1119: f(x)= -0.4342919536303266
differential_evolution step 1120: f(x)= -0.4342919536303266
differential_evolution step 1121: f(x)= -0.4342919536303266
differential_evolution step 1122: f(x)= -0.4342919536303266
differential_evolution step 1123: f(x)= -0.5232050058007773
differential_evolution step 1124: f(x)= -0.5232050058007773
differential_evolution step 1125: f(x)= -0.5232050058007773
differential_evolution step 1126: f(x)= -0.5232050058007773
differential_evolution step 1127: f(x)= -0.5232050058007773
differential_evolution step 1128: f(x)= -0.5232050058007773
differential_evolution step 1129: f(x)= -0.5232050058007773
differential_evolution step 1130: f(x)= -0.5232050058007773
differential_evolution step 1131: f(x)= -0.5232050058007773
differential_evolution step 1132: f(x)= -0.5232050058007773
differential_evolution step 1133: f(x)= -0.5232050058007773
differential_evolution step 1134: f(x)= -0.5232050058007773
differential_evolution step 1135: f(x)= -0.5232050058007773
differential_evolution step 1136: f(x)= -0.5232050058007773
differential_evolution step 1137: f(x)= -0.5232050058007773
differential_evolution step 1138: f(x)= -0.5232050058007773
differential_evolution step 1139: f(x)= -0.5232050058007773
differential_evolution step 1140: f(x)= -0.5232050058007773
differential_evolution step 1141: f(x)= -0.5232050058007773
differential_evolution step 1142: f(x)= -0.5232050058007773
differential_evolution step 1143: f(x)= -0.5232050058007773
differential_evolution step 1144: f(x)= -0.5232050058007773
differential_evolution step 1145: f(x)= -0.5232050058007773
differential_evolution step 1146: f(x)= -0.5232050058007773
differential_evolution step 1147: f(x)= -0.5232050058007773
differential_evolution step 1148: f(x)= -0.5232050058007773
differential_evolution step 1149: f(x)= -0.5232050058007773
differential_evolution step 1150: f(x)= -0.5232050058007773
differential_evolution step 1151: f(x)= -0.5232050058007773
differential_evolution step 1152: f(x)= -0.5232050058007773
differential_evolution step 1153: f(x)= -0.5232050058007773
differential_evolution step 1154: f(x)= -0.5232050058007773
differential_evolution step 1155: f(x)= -0.5232050058007773
differential_evolution step 1156: f(x)= -0.5232050058007773
differential_evolution step 1157: f(x)= -0.5232050058007773
differential_evolution step 1158: f(x)= -0.5232050058007773
differential_evolution step 1159: f(x)= -0.5232050058007773
differential_evolution step 1160: f(x)= -0.5232050058007773
differential_evolution step 1161: f(x)= -0.5232050058007773
differential_evolution step 1162: f(x)= -0.5232050058007773
differential_evolution step 1163: f(x)= -0.5232050058007773
differential_evolution step 1164: f(x)= -0.5232050058007773
differential_evolution step 1165: f(x)= -0.5232050058007773
differential_evolution step 1166: f(x)= -0.5232050058007773
differential_evolution step 1167: f(x)= -0.5232050058007773
differential_evolution step 1168: f(x)= -0.5232050058007773
differential_evolution step 1169: f(x)= -0.5232050058007773
differential_evolution step 1170: f(x)= -0.5232050058007773
differential_evolution step 1171: f(x)= -0.5232050058007773
differential_evolution step 1172: f(x)= -0.5232050058007773
differential_evolution step 1173: f(x)= -0.5232050058007773
differential_evolution step 1174: f(x)= -0.5232050058007773
differential_evolution step 1175: f(x)= -0.5232050058007773
differential_evolution step 1176: f(x)= -0.5232050058007773
differential_evolution step 1177: f(x)= -0.5232050058007773
differential_evolution step 1178: f(x)= -0.5232050058007773
differential_evolution step 1179: f(x)= -0.5232050058007773
differential_evolution step 1180: f(x)= -0.5232050058007773
differential_evolution step 1181: f(x)= -0.5232050058007773
differential_evolution step 1182: f(x)= -0.5232050058007773
differential_evolution step 1183: f(x)= -0.5232050058007773
differential_evolution step 1184: f(x)= -0.5232050058007773
differential_evolution step 1185: f(x)= -0.5232050058007773
differential_evolution step 1186: f(x)= -0.5232050058007773
differential_evolution step 1187: f(x)= -0.5232050058007773
differential_evolution step 1188: f(x)= -0.5232050058007773
differential_evolution step 1189: f(x)= -0.5232050058007773
differential_evolution step 1190: f(x)= -0.5232050058007773
differential_evolution step 1191: f(x)= -0.5232050058007773
differential_evolution step 1192: f(x)= -0.5232050058007773
differential_evolution step 1193: f(x)= -0.5232050058007773
differential_evolution step 1194: f(x)= -0.5232050058007773
differential_evolution step 1195: f(x)= -0.5232050058007773
differential_evolution step 1196: f(x)= -0.5232050058007773
differential_evolution step 1197: f(x)= -0.5232050058007773
differential_evolution step 1198: f(x)= -0.5232050058007773
differential_evolution step 1199: f(x)= -0.5232050058007773
differential_evolution step 1200: f(x)= -0.5232050058007773
differential_evolution step 1201: f(x)= -0.5232050058007773
differential_evolution step 1202: f(x)= -0.5232050058007773
differential_evolution step 1203: f(x)= -0.5232050058007773
differential_evolution step 1204: f(x)= -0.5232050058007773
differential_evolution step 1205: f(x)= -0.5232050058007773
differential_evolution step 1206: f(x)= -0.5232050058007773
differential_evolution step 1207: f(x)= -0.5232050058007773
differential_evolution step 1208: f(x)= -0.5232050058007773
differential_evolution step 1209: f(x)= -0.5232050058007773
differential_evolution step 1210: f(x)= -0.5232050058007773
differential_evolution step 1211: f(x)= -0.5232050058007773
differential_evolution step 1212: f(x)= -0.5232050058007773
differential_evolution step 1213: f(x)= -0.5232050058007773
differential_evolution step 1214: f(x)= -0.5232050058007773
differential_evolution step 1215: f(x)= -0.5232050058007773
differential_evolution step 1216: f(x)= -0.5232050058007773
differential_evolution step 1217: f(x)= -0.5232050058007773
differential_evolution step 1218: f(x)= -0.5232050058007773
differential_evolution step 1219: f(x)= -0.5232050058007773
differential_evolution step 1220: f(x)= -0.5232050058007773
differential_evolution step 1221: f(x)= -0.5232050058007773
differential_evolution step 1222: f(x)= -0.5232050058007773
differential_evolution step 1223: f(x)= -0.5232050058007773
differential_evolution step 1224: f(x)= -0.5232050058007773
differential_evolution step 1225: f(x)= -0.5232050058007773
differential_evolution step 1226: f(x)= -0.5232050058007773
differential_evolution step 1227: f(x)= -0.5232050058007773
differential_evolution step 1228: f(x)= -0.5232050058007773
differential_evolution step 1229: f(x)= -0.5232050058007773
differential_evolution step 1230: f(x)= -0.5232050058007773
differential_evolution step 1231: f(x)= -0.5232050058007773
differential_evolution step 1232: f(x)= -0.5232050058007773
differential_evolution step 1233: f(x)= -0.5232050058007773
differential_evolution step 1234: f(x)= -0.5232050058007773
differential_evolution step 1235: f(x)= -0.5232050058007773
differential_evolution step 1236: f(x)= -0.5232050058007773
differential_evolution step 1237: f(x)= -0.5232050058007773
differential_evolution step 1238: f(x)= -0.5232050058007773
differential_evolution step 1239: f(x)= -0.5232050058007773
differential_evolution step 1240: f(x)= -0.5232050058007773
differential_evolution step 1241: f(x)= -0.5232050058007773
differential_evolution step 1242: f(x)= -0.5232050058007773
differential_evolution step 1243: f(x)= -0.5232050058007773
differential_evolution step 1244: f(x)= -0.5232050058007773
differential_evolution step 1245: f(x)= -0.5232050058007773
differential_evolution step 1246: f(x)= -0.5232050058007773
differential_evolution step 1247: f(x)= -0.5232050058007773
differential_evolution step 1248: f(x)= -0.5232050058007773
differential_evolution step 1249: f(x)= -0.5232050058007773
differential_evolution step 1250: f(x)= -0.5232050058007773
differential_evolution step 1251: f(x)= -0.5232050058007773
differential_evolution step 1252: f(x)= -0.5232050058007773
differential_evolution step 1253: f(x)= -0.5232050058007773
differential_evolution step 1254: f(x)= -0.5232050058007773
differential_evolution step 1255: f(x)= -0.5232050058007773
differential_evolution step 1256: f(x)= -0.5232050058007773
differential_evolution step 1257: f(x)= -0.5232050058007773
differential_evolution step 1258: f(x)= -0.5232050058007773
differential_evolution step 1259: f(x)= -0.5232050058007773
differential_evolution step 1260: f(x)= -0.5232050058007773
differential_evolution step 1261: f(x)= -0.5232050058007773
differential_evolution step 1262: f(x)= -0.5232050058007773
differential_evolution step 1263: f(x)= -0.5232050058007773
differential_evolution step 1264: f(x)= -0.5232050058007773
differential_evolution step 1265: f(x)= -0.5232050058007773
differential_evolution step 1266: f(x)= -0.5232050058007773
differential_evolution step 1267: f(x)= -0.5232050058007773
differential_evolution step 1268: f(x)= -0.5232050058007773
differential_evolution step 1269: f(x)= -0.5657833324785756
differential_evolution step 1270: f(x)= -0.5657833324785756
differential_evolution step 1271: f(x)= -0.5657833324785756
differential_evolution step 1272: f(x)= -0.5657833324785756
differential_evolution step 1273: f(x)= -0.5657833324785756
differential_evolution step 1274: f(x)= -0.5657833324785756
differential_evolution step 1275: f(x)= -0.5657833324785756
differential_evolution step 1276: f(x)= -0.5657833324785756
differential_evolution step 1277: f(x)= -0.5657833324785756
differential_evolution step 1278: f(x)= -0.5657833324785756
differential_evolution step 1279: f(x)= -0.5657833324785756
differential_evolution step 1280: f(x)= -0.5657833324785756
differential_evolution step 1281: f(x)= -0.5657833324785756
differential_evolution step 1282: f(x)= -0.5657833324785756
differential_evolution step 1283: f(x)= -0.5657833324785756
differential_evolution step 1284: f(x)= -0.5657833324785756
differential_evolution step 1285: f(x)= -0.5657833324785756
differential_evolution step 1286: f(x)= -0.5657833324785756
differential_evolution step 1287: f(x)= -0.5657833324785756
differential_evolution step 1288: f(x)= -0.5657833324785756
differential_evolution step 1289: f(x)= -0.5657833324785756
differential_evolution step 1290: f(x)= -0.5657833324785756
differential_evolution step 1291: f(x)= -0.5657833324785756
differential_evolution step 1292: f(x)= -0.5657833324785756
differential_evolution step 1293: f(x)= -0.5657833324785756
differential_evolution step 1294: f(x)= -0.5657833324785756
differential_evolution step 1295: f(x)= -0.5657833324785756
differential_evolution step 1296: f(x)= -0.5657833324785756
differential_evolution step 1297: f(x)= -0.5657833324785756
differential_evolution step 1298: f(x)= -0.5657833324785756
differential_evolution step 1299: f(x)= -0.5657833324785756
differential_evolution step 1300: f(x)= -0.5657833324785756
differential_evolution step 1301: f(x)= -0.5657833324785756
differential_evolution step 1302: f(x)= -0.5657833324785756
differential_evolution step 1303: f(x)= -0.5657833324785756
differential_evolution step 1304: f(x)= -0.5657833324785756
differential_evolution step 1305: f(x)= -0.5657833324785756
differential_evolution step 1306: f(x)= -0.5657833324785756
differential_evolution step 1307: f(x)= -0.5657833324785756
differential_evolution step 1308: f(x)= -0.5657833324785756
differential_evolution step 1309: f(x)= -0.5657833324785756
differential_evolution step 1310: f(x)= -0.5657833324785756
differential_evolution step 1311: f(x)= -0.5657833324785756
differential_evolution step 1312: f(x)= -0.5657833324785756
differential_evolution step 1313: f(x)= -0.5657833324785756
differential_evolution step 1314: f(x)= -0.5657833324785756
differential_evolution step 1315: f(x)= -0.5657833324785756
differential_evolution step 1316: f(x)= -0.5657833324785756
differential_evolution step 1317: f(x)= -0.5657833324785756
differential_evolution step 1318: f(x)= -0.5657833324785756
differential_evolution step 1319: f(x)= -0.5657833324785756
differential_evolution step 1320: f(x)= -0.5657833324785756
differential_evolution step 1321: f(x)= -0.5657833324785756
differential_evolution step 1322: f(x)= -0.5657833324785756
differential_evolution step 1323: f(x)= -0.5657833324785756
differential_evolution step 1324: f(x)= -0.5657833324785756
differential_evolution step 1325: f(x)= -0.5657833324785756
differential_evolution step 1326: f(x)= -0.5657833324785756
differential_evolution step 1327: f(x)= -0.5657833324785756
differential_evolution step 1328: f(x)= -0.5657833324785756
differential_evolution step 1329: f(x)= -0.5657833324785756
differential_evolution step 1330: f(x)= -0.5657833324785756
differential_evolution step 1331: f(x)= -0.5657833324785756
differential_evolution step 1332: f(x)= -0.5657833324785756
differential_evolution step 1333: f(x)= -0.5657833324785756
differential_evolution step 1334: f(x)= -0.5657833324785756
differential_evolution step 1335: f(x)= -0.5657833324785756
differential_evolution step 1336: f(x)= -0.5657833324785756
differential_evolution step 1337: f(x)= -0.5657833324785756
differential_evolution step 1338: f(x)= -0.5657833324785756
differential_evolution step 1339: f(x)= -0.5657833324785756
differential_evolution step 1340: f(x)= -0.5657833324785756
differential_evolution step 1341: f(x)= -0.5657833324785756
differential_evolution step 1342: f(x)= -0.5657833324785756
differential_evolution step 1343: f(x)= -0.5657833324785756
differential_evolution step 1344: f(x)= -0.5657833324785756
differential_evolution step 1345: f(x)= -0.5657833324785756
differential_evolution step 1346: f(x)= -0.5657833324785756
differential_evolution step 1347: f(x)= -0.5657833324785756
differential_evolution step 1348: f(x)= -0.6281438733538347
differential_evolution step 1349: f(x)= -0.6281438733538347
differential_evolution step 1350: f(x)= -0.6281438733538347
differential_evolution step 1351: f(x)= -0.6281438733538347
differential_evolution step 1352: f(x)= -0.6281438733538347
differential_evolution step 1353: f(x)= -0.6281438733538347
differential_evolution step 1354: f(x)= -0.6281438733538347
differential_evolution step 1355: f(x)= -0.6281438733538347
differential_evolution step 1356: f(x)= -0.6281438733538347
differential_evolution step 1357: f(x)= -0.6281438733538347
differential_evolution step 1358: f(x)= -0.6281438733538347
differential_evolution step 1359: f(x)= -0.6281438733538347
differential_evolution step 1360: f(x)= -0.6281438733538347
differential_evolution step 1361: f(x)= -0.6281438733538347
differential_evolution step 1362: f(x)= -0.6281438733538347
differential_evolution step 1363: f(x)= -0.6281438733538347
differential_evolution step 1364: f(x)= -0.6281438733538347
differential_evolution step 1365: f(x)= -0.6281438733538347
differential_evolution step 1366: f(x)= -0.6281438733538347
differential_evolution step 1367: f(x)= -0.6281438733538347
differential_evolution step 1368: f(x)= -0.6281438733538347
differential_evolution step 1369: f(x)= -0.6281438733538347
differential_evolution step 1370: f(x)= -0.6703668523008193
differential_evolution step 1371: f(x)= -0.6703668523008193
differential_evolution step 1372: f(x)= -0.6703668523008193
differential_evolution step 1373: f(x)= -0.6703668523008193
differential_evolution step 1374: f(x)= -0.6703668523008193
differential_evolution step 1375: f(x)= -0.6703668523008193
differential_evolution step 1376: f(x)= -0.6703668523008193
differential_evolution step 1377: f(x)= -0.6703668523008193
differential_evolution step 1378: f(x)= -0.6703668523008193
differential_evolution step 1379: f(x)= -0.6703668523008193
differential_evolution step 1380: f(x)= -0.6703668523008193
differential_evolution step 1381: f(x)= -0.6703668523008193
differential_evolution step 1382: f(x)= -0.6703668523008193
differential_evolution step 1383: f(x)= -0.6703668523008193
differential_evolution step 1384: f(x)= -0.6703668523008193
differential_evolution step 1385: f(x)= -0.6703668523008193
differential_evolution step 1386: f(x)= -0.6703668523008193
differential_evolution step 1387: f(x)= -0.6703668523008193
differential_evolution step 1388: f(x)= -0.6703668523008193
differential_evolution step 1389: f(x)= -0.6703668523008193
differential_evolution step 1390: f(x)= -0.6703668523008193
differential_evolution step 1391: f(x)= -0.6703668523008193
differential_evolution step 1392: f(x)= -0.6703668523008193
differential_evolution step 1393: f(x)= -0.6703668523008193
differential_evolution step 1394: f(x)= -0.6703668523008193
differential_evolution step 1395: f(x)= -0.6703668523008193
differential_evolution step 1396: f(x)= -0.6703668523008193
differential_evolution step 1397: f(x)= -0.6703668523008193
differential_evolution step 1398: f(x)= -0.6703668523008193
differential_evolution step 1399: f(x)= -0.6703668523008193
differential_evolution step 1400: f(x)= -0.6703668523008193
differential_evolution step 1401: f(x)= -0.6703668523008193
differential_evolution step 1402: f(x)= -0.6703668523008193
differential_evolution step 1403: f(x)= -0.6703668523008193
differential_evolution step 1404: f(x)= -0.6703668523008193
differential_evolution step 1405: f(x)= -0.6703668523008193
differential_evolution step 1406: f(x)= -0.6703668523008193
differential_evolution step 1407: f(x)= -0.6703668523008193
differential_evolution step 1408: f(x)= -0.6703668523008193
differential_evolution step 1409: f(x)= -0.6703668523008193
differential_evolution step 1410: f(x)= -0.6703668523008193
differential_evolution step 1411: f(x)= -0.6703668523008193
differential_evolution step 1412: f(x)= -0.6703668523008193
differential_evolution step 1413: f(x)= -0.6703668523008193
differential_evolution step 1414: f(x)= -0.6703668523008193
differential_evolution step 1415: f(x)= -0.6703668523008193
differential_evolution step 1416: f(x)= -0.6703668523008193
differential_evolution step 1417: f(x)= -0.6703668523008193
differential_evolution step 1418: f(x)= -0.6703668523008193
differential_evolution step 1419: f(x)= -0.6703668523008193
differential_evolution step 1420: f(x)= -0.6703668523008193
differential_evolution step 1421: f(x)= -0.6703668523008193
differential_evolution step 1422: f(x)= -0.6703668523008193
differential_evolution step 1423: f(x)= -0.6703668523008193
differential_evolution step 1424: f(x)= -0.6703668523008193
differential_evolution step 1425: f(x)= -0.6703668523008193
differential_evolution step 1426: f(x)= -0.6703668523008193
differential_evolution step 1427: f(x)= -0.6703668523008193
differential_evolution step 1428: f(x)= -0.6703668523008193
differential_evolution step 1429: f(x)= -0.6703668523008193
differential_evolution step 1430: f(x)= -0.6703668523008193
differential_evolution step 1431: f(x)= -0.6703668523008193
differential_evolution step 1432: f(x)= -0.6703668523008193
differential_evolution step 1433: f(x)= -0.6703668523008193
differential_evolution step 1434: f(x)= -0.6703668523008193
differential_evolution step 1435: f(x)= -0.6703668523008193
differential_evolution step 1436: f(x)= -0.6703668523008193
differential_evolution step 1437: f(x)= -0.6703668523008193
differential_evolution step 1438: f(x)= -0.6703668523008193
differential_evolution step 1439: f(x)= -0.6703668523008193
differential_evolution step 1440: f(x)= -0.6703668523008193
differential_evolution step 1441: f(x)= -0.6703668523008193
differential_evolution step 1442: f(x)= -0.6703668523008193
differential_evolution step 1443: f(x)= -0.6703668523008193
differential_evolution step 1444: f(x)= -0.6703668523008193
differential_evolution step 1445: f(x)= -0.6703668523008193
differential_evolution step 1446: f(x)= -0.6703668523008193
differential_evolution step 1447: f(x)= -0.6703668523008193
differential_evolution step 1448: f(x)= -0.6703668523008193
differential_evolution step 1449: f(x)= -0.6703668523008193
differential_evolution step 1450: f(x)= -0.6703668523008193
differential_evolution step 1451: f(x)= -0.6703668523008193
differential_evolution step 1452: f(x)= -0.6703668523008193
differential_evolution step 1453: f(x)= -0.6703668523008193
differential_evolution step 1454: f(x)= -0.6703668523008193
differential_evolution step 1455: f(x)= -0.6703668523008193
differential_evolution step 1456: f(x)= -0.6703668523008193
differential_evolution step 1457: f(x)= -0.6703668523008193
differential_evolution step 1458: f(x)= -0.6703668523008193
differential_evolution step 1459: f(x)= -0.6703668523008193
differential_evolution step 1460: f(x)= -0.6703668523008193
differential_evolution step 1461: f(x)= -0.6703668523008193
differential_evolution step 1462: f(x)= -0.6703668523008193
differential_evolution step 1463: f(x)= -0.6703668523008193
differential_evolution step 1464: f(x)= -0.6703668523008193
differential_evolution step 1465: f(x)= -0.6703668523008193
differential_evolution step 1466: f(x)= -0.6703668523008193
differential_evolution step 1467: f(x)= -0.6703668523008193
differential_evolution step 1468: f(x)= -0.6703668523008193
differential_evolution step 1469: f(x)= -0.6703668523008193
differential_evolution step 1470: f(x)= -0.6703668523008193
differential_evolution step 1471: f(x)= -0.6703668523008193
differential_evolution step 1472: f(x)= -0.6703668523008193
differential_evolution step 1473: f(x)= -0.6703668523008193
differential_evolution step 1474: f(x)= -0.6703668523008193
differential_evolution step 1475: f(x)= -0.6703668523008193
differential_evolution step 1476: f(x)= -0.6703668523008193
differential_evolution step 1477: f(x)= -0.6703668523008193
differential_evolution step 1478: f(x)= -0.6703668523008193
differential_evolution step 1479: f(x)= -0.6703668523008193
differential_evolution step 1480: f(x)= -0.6703668523008193
differential_evolution step 1481: f(x)= -0.6703668523008193
differential_evolution step 1482: f(x)= -0.6703668523008193
differential_evolution step 1483: f(x)= -0.6703668523008193
differential_evolution step 1484: f(x)= -0.6703668523008193
differential_evolution step 1485: f(x)= -0.6703668523008193
differential_evolution step 1486: f(x)= -0.6703668523008193
differential_evolution step 1487: f(x)= -0.6703668523008193
differential_evolution step 1488: f(x)= -0.6703668523008193
differential_evolution step 1489: f(x)= -0.6703668523008193
differential_evolution step 1490: f(x)= -0.6703668523008193
differential_evolution step 1491: f(x)= -0.6703668523008193
differential_evolution step 1492: f(x)= -0.6703668523008193
differential_evolution step 1493: f(x)= -0.6703668523008193
differential_evolution step 1494: f(x)= -0.6703668523008193
differential_evolution step 1495: f(x)= -0.6703668523008193
differential_evolution step 1496: f(x)= -0.6703668523008193
differential_evolution step 1497: f(x)= -0.6703668523008193
differential_evolution step 1498: f(x)= -0.6703668523008193
differential_evolution step 1499: f(x)= -0.6703668523008193
differential_evolution step 1500: f(x)= -0.6703668523008193
differential_evolution step 1501: f(x)= -0.6703668523008193
differential_evolution step 1502: f(x)= -0.6703668523008193
differential_evolution step 1503: f(x)= -0.6703668523008193
differential_evolution step 1504: f(x)= -0.6703668523008193
differential_evolution step 1505: f(x)= -0.6703668523008193
differential_evolution step 1506: f(x)= -0.6703668523008193
differential_evolution step 1507: f(x)= -0.6703668523008193
differential_evolution step 1508: f(x)= -0.6703668523008193
differential_evolution step 1509: f(x)= -0.6703668523008193
differential_evolution step 1510: f(x)= -0.6703668523008193
differential_evolution step 1511: f(x)= -0.6703668523008193
differential_evolution step 1512: f(x)= -0.6703668523008193
differential_evolution step 1513: f(x)= -0.6703668523008193
differential_evolution step 1514: f(x)= -0.6703668523008193
differential_evolution step 1515: f(x)= -0.6703668523008193
differential_evolution step 1516: f(x)= -0.6703668523008193
differential_evolution step 1517: f(x)= -0.6703668523008193
differential_evolution step 1518: f(x)= -0.6703668523008193
differential_evolution step 1519: f(x)= -0.6703668523008193
differential_evolution step 1520: f(x)= -0.6703668523008193
differential_evolution step 1521: f(x)= -0.6703668523008193
differential_evolution step 1522: f(x)= -0.6703668523008193
differential_evolution step 1523: f(x)= -0.6703668523008193
differential_evolution step 1524: f(x)= -0.6703668523008193
differential_evolution step 1525: f(x)= -0.6703668523008193
differential_evolution step 1526: f(x)= -0.6703668523008193
differential_evolution step 1527: f(x)= -0.6703668523008193
differential_evolution step 1528: f(x)= -0.6703668523008193
differential_evolution step 1529: f(x)= -0.6703668523008193
differential_evolution step 1530: f(x)= -0.6703668523008193
differential_evolution step 1531: f(x)= -0.6703668523008193
differential_evolution step 1532: f(x)= -0.6703668523008193
differential_evolution step 1533: f(x)= -0.6703668523008193
differential_evolution step 1534: f(x)= -0.6703668523008193
differential_evolution step 1535: f(x)= -0.6703668523008193
differential_evolution step 1536: f(x)= -0.6703668523008193
differential_evolution step 1537: f(x)= -0.6703668523008193
differential_evolution step 1538: f(x)= -0.6703668523008193
differential_evolution step 1539: f(x)= -0.6703668523008193
differential_evolution step 1540: f(x)= -0.6703668523008193
differential_evolution step 1541: f(x)= -0.6703668523008193
differential_evolution step 1542: f(x)= -0.6703668523008193
differential_evolution step 1543: f(x)= -0.6703668523008193
differential_evolution step 1544: f(x)= -0.6703668523008193
differential_evolution step 1545: f(x)= -0.6703668523008193
differential_evolution step 1546: f(x)= -0.6703668523008193
differential_evolution step 1547: f(x)= -0.6703668523008193
differential_evolution step 1548: f(x)= -0.6703668523008193
differential_evolution step 1549: f(x)= -0.6703668523008193
differential_evolution step 1550: f(x)= -0.6703668523008193
differential_evolution step 1551: f(x)= -0.6703668523008193
differential_evolution step 1552: f(x)= -0.6703668523008193
differential_evolution step 1553: f(x)= -0.6703668523008193
differential_evolution step 1554: f(x)= -0.6703668523008193
differential_evolution step 1555: f(x)= -0.7494792702982912
differential_evolution step 1556: f(x)= -0.7494792702982912
differential_evolution step 1557: f(x)= -0.7494792702982912
differential_evolution step 1558: f(x)= -0.7494792702982912
differential_evolution step 1559: f(x)= -0.7494792702982912
differential_evolution step 1560: f(x)= -0.7494792702982912
differential_evolution step 1561: f(x)= -0.7494792702982912
differential_evolution step 1562: f(x)= -0.7494792702982912
differential_evolution step 1563: f(x)= -0.7494792702982912
differential_evolution step 1564: f(x)= -0.7494792702982912
differential_evolution step 1565: f(x)= -0.7494792702982912
differential_evolution step 1566: f(x)= -0.7494792702982912
differential_evolution step 1567: f(x)= -0.7494792702982912
differential_evolution step 1568: f(x)= -0.7494792702982912
differential_evolution step 1569: f(x)= -0.7494792702982912
differential_evolution step 1570: f(x)= -0.7494792702982912
differential_evolution step 1571: f(x)= -0.7494792702982912
differential_evolution step 1572: f(x)= -0.7494792702982912
differential_evolution step 1573: f(x)= -0.7494792702982912
differential_evolution step 1574: f(x)= -0.7494792702982912
differential_evolution step 1575: f(x)= -0.7494792702982912
differential_evolution step 1576: f(x)= -0.7494792702982912
differential_evolution step 1577: f(x)= -0.7494792702982912
differential_evolution step 1578: f(x)= -0.7494792702982912
differential_evolution step 1579: f(x)= -0.7494792702982912
differential_evolution step 1580: f(x)= -0.7494792702982912
differential_evolution step 1581: f(x)= -0.7494792702982912
differential_evolution step 1582: f(x)= -0.7494792702982912
differential_evolution step 1583: f(x)= -0.7494792702982912
differential_evolution step 1584: f(x)= -0.7494792702982912
differential_evolution step 1585: f(x)= -0.7494792702982912
differential_evolution step 1586: f(x)= -0.7494792702982912
differential_evolution step 1587: f(x)= -0.7494792702982912
differential_evolution step 1588: f(x)= -0.7494792702982912
differential_evolution step 1589: f(x)= -0.7494792702982912
differential_evolution step 1590: f(x)= -0.7494792702982912
differential_evolution step 1591: f(x)= -0.7494792702982912
differential_evolution step 1592: f(x)= -0.7494792702982912
differential_evolution step 1593: f(x)= -0.7494792702982912
differential_evolution step 1594: f(x)= -0.7494792702982912
differential_evolution step 1595: f(x)= -0.7494792702982912
differential_evolution step 1596: f(x)= -0.7494792702982912
differential_evolution step 1597: f(x)= -0.7494792702982912
differential_evolution step 1598: f(x)= -0.7494792702982912
differential_evolution step 1599: f(x)= -0.7494792702982912
differential_evolution step 1600: f(x)= -0.7494792702982912
differential_evolution step 1601: f(x)= -0.7494792702982912
differential_evolution step 1602: f(x)= -0.7494792702982912
differential_evolution step 1603: f(x)= -0.7494792702982912
differential_evolution step 1604: f(x)= -0.7494792702982912
differential_evolution step 1605: f(x)= -0.7494792702982912
differential_evolution step 1606: f(x)= -0.7494792702982912
differential_evolution step 1607: f(x)= -0.7494792702982912
differential_evolution step 1608: f(x)= -0.7494792702982912
differential_evolution step 1609: f(x)= -0.7494792702982912
differential_evolution step 1610: f(x)= -0.7494792702982912
differential_evolution step 1611: f(x)= -0.7494792702982912
differential_evolution step 1612: f(x)= -0.7494792702982912
differential_evolution step 1613: f(x)= -0.7494792702982912
differential_evolution step 1614: f(x)= -0.7494792702982912
differential_evolution step 1615: f(x)= -0.7494792702982912
differential_evolution step 1616: f(x)= -0.7494792702982912
differential_evolution step 1617: f(x)= -0.7494792702982912
differential_evolution step 1618: f(x)= -0.7494792702982912
differential_evolution step 1619: f(x)= -0.7494792702982912
differential_evolution step 1620: f(x)= -0.7494792702982912
differential_evolution step 1621: f(x)= -0.7494792702982912
differential_evolution step 1622: f(x)= -0.7494792702982912
differential_evolution step 1623: f(x)= -0.7494792702982912
differential_evolution step 1624: f(x)= -0.7494792702982912
differential_evolution step 1625: f(x)= -0.7494792702982912
differential_evolution step 1626: f(x)= -0.7494792702982912
differential_evolution step 1627: f(x)= -0.7494792702982912
differential_evolution step 1628: f(x)= -0.7494792702982912
differential_evolution step 1629: f(x)= -0.7494792702982912
differential_evolution step 1630: f(x)= -0.7494792702982912
differential_evolution step 1631: f(x)= -0.7494792702982912
differential_evolution step 1632: f(x)= -0.7494792702982912
differential_evolution step 1633: f(x)= -0.7494792702982912
differential_evolution step 1634: f(x)= -0.7494792702982912
differential_evolution step 1635: f(x)= -0.7494792702982912
differential_evolution step 1636: f(x)= -0.7494792702982912
differential_evolution step 1637: f(x)= -0.7494792702982912
differential_evolution step 1638: f(x)= -0.7494792702982912
differential_evolution step 1639: f(x)= -0.7494792702982912
differential_evolution step 1640: f(x)= -0.7494792702982912
differential_evolution step 1641: f(x)= -0.7494792702982912
differential_evolution step 1642: f(x)= -0.7494792702982912
differential_evolution step 1643: f(x)= -0.7494792702982912
differential_evolution step 1644: f(x)= -0.7494792702982912
differential_evolution step 1645: f(x)= -0.7494792702982912
differential_evolution step 1646: f(x)= -0.7494792702982912
differential_evolution step 1647: f(x)= -0.7494792702982912
differential_evolution step 1648: f(x)= -0.7494792702982912
differential_evolution step 1649: f(x)= -0.7494792702982912
differential_evolution step 1650: f(x)= -0.7494792702982912
differential_evolution step 1651: f(x)= -0.7494792702982912
differential_evolution step 1652: f(x)= -0.7494792702982912
differential_evolution step 1653: f(x)= -0.7494792702982912
differential_evolution step 1654: f(x)= -0.7494792702982912
differential_evolution step 1655: f(x)= -0.7494792702982912
differential_evolution step 1656: f(x)= -0.7494792702982912
differential_evolution step 1657: f(x)= -0.7494792702982912
differential_evolution step 1658: f(x)= -0.7494792702982912
differential_evolution step 1659: f(x)= -0.7494792702982912
differential_evolution step 1660: f(x)= -0.7494792702982912
differential_evolution step 1661: f(x)= -0.7591999163084812
differential_evolution step 1662: f(x)= -0.7591999163084812
differential_evolution step 1663: f(x)= -0.7591999163084812
differential_evolution step 1664: f(x)= -0.7591999163084812
differential_evolution step 1665: f(x)= -0.7591999163084812
differential_evolution step 1666: f(x)= -0.7591999163084812
differential_evolution step 1667: f(x)= -0.7591999163084812
differential_evolution step 1668: f(x)= -0.7591999163084812
differential_evolution step 1669: f(x)= -0.7591999163084812
differential_evolution step 1670: f(x)= -0.7591999163084812
differential_evolution step 1671: f(x)= -0.7591999163084812
differential_evolution step 1672: f(x)= -0.7690843051796258
differential_evolution step 1673: f(x)= -0.7690843051796258
differential_evolution step 1674: f(x)= -0.7690843051796258
differential_evolution step 1675: f(x)= -0.7690843051796258
differential_evolution step 1676: f(x)= -0.7690843051796258
differential_evolution step 1677: f(x)= -0.7690843051796258
differential_evolution step 1678: f(x)= -0.7690843051796258
differential_evolution step 1679: f(x)= -0.7690843051796258
differential_evolution step 1680: f(x)= -0.7690843051796258
differential_evolution step 1681: f(x)= -0.7690843051796258
differential_evolution step 1682: f(x)= -0.7690843051796258
differential_evolution step 1683: f(x)= -0.7690843051796258
differential_evolution step 1684: f(x)= -0.7690843051796258
differential_evolution step 1685: f(x)= -0.7690843051796258
differential_evolution step 1686: f(x)= -0.7690843051796258
differential_evolution step 1687: f(x)= -0.7690843051796258
differential_evolution step 1688: f(x)= -0.7690843051796258
differential_evolution step 1689: f(x)= -0.7690843051796258
differential_evolution step 1690: f(x)= -0.7690843051796258
differential_evolution step 1691: f(x)= -0.7690843051796258
differential_evolution step 1692: f(x)= -0.7690843051796258
differential_evolution step 1693: f(x)= -0.7690843051796258
differential_evolution step 1694: f(x)= -0.7690843051796258
differential_evolution step 1695: f(x)= -0.7690843051796258
differential_evolution step 1696: f(x)= -0.7690843051796258
differential_evolution step 1697: f(x)= -0.7690843051796258
differential_evolution step 1698: f(x)= -0.7690843051796258
differential_evolution step 1699: f(x)= -0.7690843051796258
differential_evolution step 1700: f(x)= -0.7690843051796258
differential_evolution step 1701: f(x)= -0.7690843051796258
differential_evolution step 1702: f(x)= -0.7690843051796258
differential_evolution step 1703: f(x)= -0.7690843051796258
differential_evolution step 1704: f(x)= -0.7690843051796258
differential_evolution step 1705: f(x)= -0.7690843051796258
differential_evolution step 1706: f(x)= -0.7690843051796258
differential_evolution step 1707: f(x)= -0.7690843051796258
differential_evolution step 1708: f(x)= -0.7690843051796258
differential_evolution step 1709: f(x)= -0.7690843051796258
differential_evolution step 1710: f(x)= -0.7690843051796258
differential_evolution step 1711: f(x)= -0.7690843051796258
differential_evolution step 1712: f(x)= -0.7690843051796258
differential_evolution step 1713: f(x)= -0.7690843051796258
differential_evolution step 1714: f(x)= -0.7690843051796258
differential_evolution step 1715: f(x)= -0.7690843051796258
differential_evolution step 1716: f(x)= -0.7690843051796258
differential_evolution step 1717: f(x)= -0.7690843051796258
differential_evolution step 1718: f(x)= -0.7690843051796258
differential_evolution step 1719: f(x)= -0.7690843051796258
differential_evolution step 1720: f(x)= -0.7690843051796258
differential_evolution step 1721: f(x)= -0.7690843051796258
differential_evolution step 1722: f(x)= -0.7690843051796258
differential_evolution step 1723: f(x)= -0.7690843051796258
differential_evolution step 1724: f(x)= -0.7690843051796258
differential_evolution step 1725: f(x)= -0.7690843051796258
differential_evolution step 1726: f(x)= -0.7690843051796258
differential_evolution step 1727: f(x)= -0.7690843051796258
differential_evolution step 1728: f(x)= -0.7690843051796258
differential_evolution step 1729: f(x)= -0.7690843051796258
differential_evolution step 1730: f(x)= -0.7690843051796258
differential_evolution step 1731: f(x)= -0.7690843051796258
differential_evolution step 1732: f(x)= -0.7690843051796258
differential_evolution step 1733: f(x)= -0.7690843051796258
differential_evolution step 1734: f(x)= -0.7690843051796258
differential_evolution step 1735: f(x)= -0.7690843051796258
differential_evolution step 1736: f(x)= -0.7690843051796258
differential_evolution step 1737: f(x)= -0.7690843051796258
differential_evolution step 1738: f(x)= -0.7690843051796258
differential_evolution step 1739: f(x)= -0.7690843051796258
differential_evolution step 1740: f(x)= -0.7690843051796258
differential_evolution step 1741: f(x)= -0.7690843051796258
differential_evolution step 1742: f(x)= -0.7690843051796258
differential_evolution step 1743: f(x)= -0.7690843051796258
differential_evolution step 1744: f(x)= -0.7690843051796258
differential_evolution step 1745: f(x)= -0.7690843051796258
differential_evolution step 1746: f(x)= -0.7690843051796258
differential_evolution step 1747: f(x)= -0.7690843051796258
differential_evolution step 1748: f(x)= -0.7690843051796258
differential_evolution step 1749: f(x)= -0.7690843051796258
differential_evolution step 1750: f(x)= -0.7690843051796258
differential_evolution step 1751: f(x)= -0.7690843051796258
differential_evolution step 1752: f(x)= -0.7690843051796258
differential_evolution step 1753: f(x)= -0.7690843051796258
differential_evolution step 1754: f(x)= -0.7690843051796258
differential_evolution step 1755: f(x)= -0.7690843051796258
differential_evolution step 1756: f(x)= -0.7690843051796258
differential_evolution step 1757: f(x)= -0.7690843051796258
differential_evolution step 1758: f(x)= -0.7690843051796258
differential_evolution step 1759: f(x)= -0.7719021911969851
differential_evolution step 1760: f(x)= -0.7719021911969851
differential_evolution step 1761: f(x)= -0.7719021911969851
differential_evolution step 1762: f(x)= -0.7719021911969851
differential_evolution step 1763: f(x)= -0.7719021911969851
differential_evolution step 1764: f(x)= -0.7719021911969851
differential_evolution step 1765: f(x)= -0.7719021911969851
differential_evolution step 1766: f(x)= -0.7719021911969851
differential_evolution step 1767: f(x)= -0.7719021911969851
differential_evolution step 1768: f(x)= -0.7719021911969851
differential_evolution step 1769: f(x)= -0.7719021911969851
differential_evolution step 1770: f(x)= -0.7719021911969851
differential_evolution step 1771: f(x)= -0.7719021911969851
differential_evolution step 1772: f(x)= -0.7719021911969851
differential_evolution step 1773: f(x)= -0.7719021911969851
differential_evolution step 1774: f(x)= -0.7719021911969851
differential_evolution step 1775: f(x)= -0.7719021911969851
differential_evolution step 1776: f(x)= -0.7719021911969851
differential_evolution step 1777: f(x)= -0.7719021911969851
differential_evolution step 1778: f(x)= -0.7719021911969851
differential_evolution step 1779: f(x)= -0.7719021911969851
differential_evolution step 1780: f(x)= -0.7719021911969851
differential_evolution step 1781: f(x)= -0.7854729795453781
differential_evolution step 1782: f(x)= -0.7854729795453781
differential_evolution step 1783: f(x)= -0.7854729795453781
differential_evolution step 1784: f(x)= -0.7854729795453781
differential_evolution step 1785: f(x)= -0.7854729795453781
differential_evolution step 1786: f(x)= -0.7854729795453781
differential_evolution step 1787: f(x)= -0.7854729795453781
differential_evolution step 1788: f(x)= -0.7854729795453781
differential_evolution step 1789: f(x)= -0.7854729795453781
differential_evolution step 1790: f(x)= -0.7854729795453781
differential_evolution step 1791: f(x)= -0.7854729795453781
differential_evolution step 1792: f(x)= -0.7854729795453781
differential_evolution step 1793: f(x)= -0.7879216674445157
differential_evolution step 1794: f(x)= -0.7879216674445157
differential_evolution step 1795: f(x)= -0.7879216674445157
differential_evolution step 1796: f(x)= -0.7879216674445157
differential_evolution step 1797: f(x)= -0.7879216674445157
differential_evolution step 1798: f(x)= -0.7879216674445157
differential_evolution step 1799: f(x)= -0.7966654695673776
differential_evolution step 1800: f(x)= -0.7966654695673776
differential_evolution step 1801: f(x)= -0.7966654695673776
differential_evolution step 1802: f(x)= -0.7966654695673776
differential_evolution step 1803: f(x)= -0.7966654695673776
differential_evolution step 1804: f(x)= -0.7966654695673776
differential_evolution step 1805: f(x)= -0.7966654695673776
differential_evolution step 1806: f(x)= -0.7966654695673776
differential_evolution step 1807: f(x)= -0.7966654695673776
differential_evolution step 1808: f(x)= -0.7966654695673776
differential_evolution step 1809: f(x)= -0.7966654695673776
differential_evolution step 1810: f(x)= -0.7966654695673776
differential_evolution step 1811: f(x)= -0.7966654695673776
differential_evolution step 1812: f(x)= -0.7966654695673776
differential_evolution step 1813: f(x)= -0.7966654695673776
differential_evolution step 1814: f(x)= -0.7966654695673776
differential_evolution step 1815: f(x)= -0.7966654695673776
differential_evolution step 1816: f(x)= -0.7966654695673776
differential_evolution step 1817: f(x)= -0.7966654695673776
differential_evolution step 1818: f(x)= -0.7966654695673776
differential_evolution step 1819: f(x)= -0.7966654695673776
differential_evolution step 1820: f(x)= -0.8002299829900973
differential_evolution step 1821: f(x)= -0.8002299829900973
differential_evolution step 1822: f(x)= -0.8002299829900973
differential_evolution step 1823: f(x)= -0.809169516332817
differential_evolution step 1824: f(x)= -0.8115838396743992
differential_evolution step 1825: f(x)= -0.8115838396743992
differential_evolution step 1826: f(x)= -0.8115838396743992
differential_evolution step 1827: f(x)= -0.8115838396743992
differential_evolution step 1828: f(x)= -0.8115838396743992
differential_evolution step 1829: f(x)= -0.8115838396743992
differential_evolution step 1830: f(x)= -0.8278658697583209
differential_evolution step 1831: f(x)= -0.8278658697583209
differential_evolution step 1832: f(x)= -0.8290772249240089
differential_evolution step 1833: f(x)= -0.8290772249240089
differential_evolution step 1834: f(x)= -0.8290772249240089
differential_evolution step 1835: f(x)= -0.8290772249240089
differential_evolution step 1836: f(x)= -0.8298487662036785
differential_evolution step 1837: f(x)= -0.8298487662036785
differential_evolution step 1838: f(x)= -0.8298487662036785
differential_evolution step 1839: f(x)= -0.8298487662036785
differential_evolution step 1840: f(x)= -0.8298487662036785
differential_evolution step 1841: f(x)= -0.8298487662036785
differential_evolution step 1842: f(x)= -0.8306392112919249
differential_evolution step 1843: f(x)= -0.8306392112919249
differential_evolution step 1844: f(x)= -0.8306392112919249
differential_evolution step 1845: f(x)= -0.8306794539742239
differential_evolution step 1846: f(x)= -0.8306794539742239
differential_evolution step 1847: f(x)= -0.8306794539742239
differential_evolution step 1848: f(x)= -0.8306794539742239
differential_evolution step 1849: f(x)= -0.8306794539742239
differential_evolution step 1850: f(x)= -0.8306794539742239
differential_evolution step 1851: f(x)= -0.8306794539742239
differential_evolution step 1852: f(x)= -0.8306794539742239
differential_evolution step 1853: f(x)= -0.8306794539742239
differential_evolution step 1854: f(x)= -0.8307020433728326
differential_evolution step 1855: f(x)= -0.8307020433728326
differential_evolution step 1856: f(x)= -0.8307020433728326
differential_evolution step 1857: f(x)= -0.8307808817937978
differential_evolution step 1858: f(x)= -0.8307808817937978
differential_evolution step 1859: f(x)= -0.8307808817937978
differential_evolution step 1860: f(x)= -0.8311344469142895
differential_evolution step 1861: f(x)= -0.8312316328943897
differential_evolution step 1862: f(x)= -0.8312682405824303
differential_evolution step 1863: f(x)= -0.8313766355424369
differential_evolution step 1864: f(x)= -0.8321094568516249
differential_evolution step 1865: f(x)= -0.8332137520345079
differential_evolution step 1866: f(x)= -0.8350210519876636
differential_evolution step 1867: f(x)= -0.8368499332344101
differential_evolution step 1868: f(x)= -0.8414445690623109
differential_evolution step 1869: f(x)= -0.8423130279215499
differential_evolution step 1870: f(x)= -0.8423130279215499
differential_evolution step 1871: f(x)= -0.8423130279215499
differential_evolution step 1872: f(x)= -0.8423130279215499
differential_evolution step 1873: f(x)= -0.8423401338114812
differential_evolution step 1874: f(x)= -0.8423401338114812
differential_evolution step 1875: f(x)= -0.8425251281754259
differential_evolution step 1876: f(x)= -0.8428085130262389
differential_evolution step 1877: f(x)= -0.8428085130262389
differential_evolution step 1878: f(x)= -0.8428085130262389
differential_evolution step 1879: f(x)= -0.8428085130262389
differential_evolution step 1880: f(x)= -0.8428085130262389
differential_evolution step 1881: f(x)= -0.8428085130262389
differential_evolution step 1882: f(x)= -0.8428085130262389
differential_evolution step 1883: f(x)= -0.8429194183869751
differential_evolution step 1884: f(x)= -0.8429194183869751
differential_evolution step 1885: f(x)= -0.8429229425129615
differential_evolution step 1886: f(x)= -0.8429229425129615
differential_evolution step 1887: f(x)= -0.8429905796397773
differential_evolution step 1888: f(x)= -0.8429905796397773
differential_evolution step 1889: f(x)= -0.8429905796397773
differential_evolution step 1890: f(x)= -0.8429905796397773
differential_evolution step 1891: f(x)= -0.8429905796397773
differential_evolution step 1892: f(x)= -0.8430302459054363
differential_evolution step 1893: f(x)= -0.8430616298529826
differential_evolution step 1894: f(x)= -0.843149126288196
differential_evolution step 1895: f(x)= -0.843149126288196
differential_evolution step 1896: f(x)= -0.843149126288196
differential_evolution step 1897: f(x)= -0.84322766302309
differential_evolution step 1898: f(x)= -0.8434352938032342
differential_evolution step 1899: f(x)= -0.8442841556291835
differential_evolution step 1900: f(x)= -0.8514950778688436
differential_evolution step 1901: f(x)= -0.8679748858443832
differential_evolution step 1902: f(x)= -0.8685747306770195
differential_evolution step 1903: f(x)= -0.8699795827984231
differential_evolution step 1904: f(x)= -0.8703611323789321
differential_evolution step 1905: f(x)= -0.8703611323789321
differential_evolution step 1906: f(x)= -0.8703611323789321
differential_evolution step 1907: f(x)= -0.8703611323789321
differential_evolution step 1908: f(x)= -0.8703611323789321
differential_evolution step 1909: f(x)= -0.8703611323789321
differential_evolution step 1910: f(x)= -0.8703611323789321
differential_evolution step 1911: f(x)= -0.8704170309561227
differential_evolution step 1912: f(x)= -0.8704170309561227
differential_evolution step 1913: f(x)= -0.8704170309561227
differential_evolution step 1914: f(x)= -0.8704170309561227
differential_evolution step 1915: f(x)= -0.8704170309561227
differential_evolution step 1916: f(x)= -0.8704170309561227
differential_evolution step 1917: f(x)= -0.8704170309561227
differential_evolution step 1918: f(x)= -0.8704170309561227
differential_evolution step 1919: f(x)= -0.8704170309561227
differential_evolution step 1920: f(x)= -0.8704170309561227
differential_evolution step 1921: f(x)= -0.8704170309561227
differential_evolution step 1922: f(x)= -0.8705579590040513
differential_evolution step 1923: f(x)= -0.8705579590040513
differential_evolution step 1924: f(x)= -0.8705579590040513
differential_evolution step 1925: f(x)= -0.8705579590040513
differential_evolution step 1926: f(x)= -0.8705579590040513
differential_evolution step 1927: f(x)= -0.8705579590040513
differential_evolution step 1928: f(x)= -0.8705579590040513
differential_evolution step 1929: f(x)= -0.8705579590040513
differential_evolution step 1930: f(x)= -0.8705611283129316
differential_evolution step 1931: f(x)= -0.8705611283129316
differential_evolution step 1932: f(x)= -0.8706633855113133
differential_evolution step 1933: f(x)= -0.8707908190941339
differential_evolution step 1934: f(x)= -0.8707908190941339
differential_evolution step 1935: f(x)= -0.8707908190941339
differential_evolution step 1936: f(x)= -0.8707908190941339
differential_evolution step 1937: f(x)= -0.8707908190941339
differential_evolution step 1938: f(x)= -0.8707908190941339
differential_evolution step 1939: f(x)= -0.8707908190941339
differential_evolution step 1940: f(x)= -0.8707908190941339
differential_evolution step 1941: f(x)= -0.8707908190941339
differential_evolution step 1942: f(x)= -0.8707908190941339
differential_evolution step 1943: f(x)= -0.8707908190941339
differential_evolution step 1944: f(x)= -0.8707908190941339
differential_evolution step 1945: f(x)= -0.8707908190941339
differential_evolution step 1946: f(x)= -0.8707908190941339
differential_evolution step 1947: f(x)= -0.8707908190941339
differential_evolution step 1948: f(x)= -0.8707918113668904
differential_evolution step 1949: f(x)= -0.8707918113668904
differential_evolution step 1950: f(x)= -0.8707918113668904
differential_evolution step 1951: f(x)= -0.8707918113668904
differential_evolution step 1952: f(x)= -0.8707918113668904
differential_evolution step 1953: f(x)= -0.8707918113668904
differential_evolution step 1954: f(x)= -0.8708070436546949
differential_evolution step 1955: f(x)= -0.8708110992136269
differential_evolution step 1956: f(x)= -0.8708110992136269
differential_evolution step 1957: f(x)= -0.8708110992136269
differential_evolution step 1958: f(x)= -0.8708123004885889
differential_evolution step 1959: f(x)= -0.8708123004885889
differential_evolution step 1960: f(x)= -0.8708123004885889
differential_evolution step 1961: f(x)= -0.8708123004885889
differential_evolution step 1962: f(x)= -0.8708123004885889
differential_evolution step 1963: f(x)= -0.8708123004885889
differential_evolution step 1964: f(x)= -0.8708123004885889
differential_evolution step 1965: f(x)= -0.8708136651980803
differential_evolution step 1966: f(x)= -0.8708136651980803
differential_evolution step 1967: f(x)= -0.8708136651980803
differential_evolution step 1968: f(x)= -0.8708136651980803
differential_evolution step 1969: f(x)= -0.8708136651980803
differential_evolution step 1970: f(x)= -0.8708136651980803
differential_evolution step 1971: f(x)= -0.8708136651980803
differential_evolution step 1972: f(x)= -0.8708136651980803
differential_evolution step 1973: f(x)= -0.8708136651980803
differential_evolution step 1974: f(x)= -0.8708136651980803
differential_evolution step 1975: f(x)= -0.8708136651980803
differential_evolution step 1976: f(x)= -0.8708138306927596
differential_evolution step 1977: f(x)= -0.8708138306927596
differential_evolution step 1978: f(x)= -0.8708138306927596
differential_evolution step 1979: f(x)= -0.87081429515311
differential_evolution step 1980: f(x)= -0.87081429515311
differential_evolution step 1981: f(x)= -0.87081429515311
differential_evolution step 1982: f(x)= -0.8708147719799291
differential_evolution step 1983: f(x)= -0.8708147719799291
differential_evolution step 1984: f(x)= -0.8708147719799291
differential_evolution step 1985: f(x)= -0.8708147719799291
differential_evolution step 1986: f(x)= -0.8708152194417154
differential_evolution step 1987: f(x)= -0.8708152194417154
differential_evolution step 1988: f(x)= -0.8708152194417154
differential_evolution step 1989: f(x)= -0.8708152424958243
differential_evolution step 1990: f(x)= -0.8708152424958243
differential_evolution step 1991: f(x)= -0.8708152424958243
differential_evolution step 1992: f(x)= -0.8708152424958243
differential_evolution step 1993: f(x)= -0.8708152424958243
differential_evolution step 1994: f(x)= -0.8708152424958243
differential_evolution step 1995: f(x)= -0.8708152424958243
differential_evolution step 1996: f(x)= -0.8708152424958243
differential_evolution step 1997: f(x)= -0.8708154845060081
differential_evolution step 1998: f(x)= -0.8708154845060081
differential_evolution step 1999: f(x)= -0.8708154845060081
differential_evolution step 2000: f(x)= -0.8708154845060081
Polishing solution with 'L-BFGS-B'
best fit:  [6.02001564 1.00985526 0.73711708 8.77903289 0.38822245]
logden: 0.8708154845060081
Job completed at Sat Apr 18 04:04:28 AM +08 2026
