Job completed at Mon May 11 04:36:03 PM +08 2026
Using dt=10s, T=0.25yr, TDI gen=2
Building ResponseWrapper...
Building GravWaveAnalysis...
Initializing LogLike...
LogLike initialized.
SNR (time-max): 1256.4656
Evaluating 100000 remaining samples in 10000 batches of 10  (checkpoint every 10 batches)
  [10/100000]  elapsed=9s  rate=1.1/s  eta=91129s  finite=8
  [warn] sample 6 failed: 
  [20/100000]  elapsed=17s  rate=1.2/s  eta=86703s  finite=16
  [30/100000]  elapsed=26s  rate=1.1/s  eta=87441s  finite=26
  [warn] sample 4 failed: 
  [40/100000]  elapsed=34s  rate=1.2/s  eta=85685s  finite=35
  [50/100000]  elapsed=43s  rate=1.2/s  eta=85990s  finite=44
  [60/100000]  elapsed=52s  rate=1.2/s  eta=86162s  finite=54
  [70/100000]  elapsed=61s  rate=1.2/s  eta=86477s  finite=63
  [80/100000]  elapsed=69s  rate=1.2/s  eta=86602s  finite=73
  [90/100000]  elapsed=78s  rate=1.2/s  eta=86773s  finite=83
  [warn] sample 6 failed: 
  [100/100000]  elapsed=86s  rate=1.2/s  eta=86119s  finite=92
  -> checkpoint saved: /scratch/e1498138/lhs/lhs_noise2_paris1_checkpoints/lhs_noise2_paris1_ckpt_000100.pkl
  [110/100000]  elapsed=95s  rate=1.2/s  eta=86408s  finite=102
  [warn] sample 4 failed: 
  [120/100000]  elapsed=103s  rate=1.2/s  eta=85855s  finite=109
  [130/100000]  elapsed=112s  rate=1.2/s  eta=86087s  finite=119
  [140/100000]  elapsed=121s  rate=1.2/s  eta=86280s  finite=128
  [150/100000]  elapsed=130s  rate=1.2/s  eta=86390s  finite=136
  [warn] sample 8 failed: 
  [160/100000]  elapsed=138s  rate=1.2/s  eta=85978s  finite=144
  [warn] sample 9 failed: 
  [170/100000]  elapsed=146s  rate=1.2/s  eta=85691s  finite=153
  [warn] sample 1 failed: 
  [warn] sample 9 failed: 
  [180/100000]  elapsed=153s  rate=1.2/s  eta=84905s  finite=159
  [warn] sample 7 failed: 
  [190/100000]  elapsed=161s  rate=1.2/s  eta=84646s  finite=168
  [200/100000]  elapsed=170s  rate=1.2/s  eta=84769s  finite=176
  -> checkpoint saved: /scratch/e1498138/lhs/lhs_noise2_paris1_checkpoints/lhs_noise2_paris1_ckpt_000200.pkl
  [210/100000]  elapsed=179s  rate=1.2/s  eta=84977s  finite=185
  [220/100000]  elapsed=188s  rate=1.2/s  eta=85071s  finite=195
  [warn] sample 8 failed: 
  [230/100000]  elapsed=196s  rate=1.2/s  eta=84847s  finite=204
  [240/100000]  elapsed=205s  rate=1.2/s  eta=85029s  finite=213
  [250/100000]  elapsed=213s  rate=1.2/s  eta=85116s  finite=222
  [260/100000]  elapsed=222s  rate=1.2/s  eta=85222s  finite=230
  [270/100000]  elapsed=231s  rate=1.2/s  eta=85302s  finite=240
  [280/100000]  elapsed=240s  rate=1.2/s  eta=85410s  finite=249
  [warn] sample 0 failed: 
  [290/100000]  elapsed=248s  rate=1.2/s  eta=85192s  finite=256
  [300/100000]  elapsed=257s  rate=1.2/s  eta=85286s  finite=265
  -> checkpoint saved: /scratch/e1498138/lhs/lhs_noise2_paris1_checkpoints/lhs_noise2_paris1_ckpt_000300.pkl
  [310/100000]  elapsed=266s  rate=1.2/s  eta=85390s  finite=272
  [320/100000]  elapsed=274s  rate=1.2/s  eta=85459s  finite=282
  [330/100000]  elapsed=283s  rate=1.2/s  eta=85516s  finite=292
  [warn] sample 0 failed: 
  [340/100000]  elapsed=291s  rate=1.2/s  eta=85319s  finite=301
  [350/100000]  elapsed=300s  rate=1.2/s  eta=85471s  finite=311
  [360/100000]  elapsed=309s  rate=1.2/s  eta=85540s  finite=321
  [370/100000]  elapsed=318s  rate=1.2/s  eta=85579s  finite=331
  [380/100000]  elapsed=327s  rate=1.2/s  eta=85694s  finite=341
  [390/100000]  elapsed=336s  rate=1.2/s  eta=85733s  finite=349
  [400/100000]  elapsed=344s  rate=1.2/s  eta=85763s  finite=357
  -> checkpoint saved: /scratch/e1498138/lhs/lhs_noise2_paris1_checkpoints/lhs_noise2_paris1_ckpt_000400.pkl
  [warn] sample 9 failed: 
  [410/100000]  elapsed=352s  rate=1.2/s  eta=85616s  finite=366
  [420/100000]  elapsed=361s  rate=1.2/s  eta=85691s  finite=375
  [430/100000]  elapsed=370s  rate=1.2/s  eta=85721s  finite=385
  [warn] sample 6 failed: 
  [440/100000]  elapsed=378s  rate=1.2/s  eta=85598s  finite=393
  [warn] sample 1 failed: 
  [450/100000]  elapsed=386s  rate=1.2/s  eta=85472s  finite=402
  [460/100000]  elapsed=395s  rate=1.2/s  eta=85491s  finite=412
  [470/100000]  elapsed=404s  rate=1.2/s  eta=85531s  finite=422
  [warn] sample 6 failed: 
  [480/100000]  elapsed=412s  rate=1.2/s  eta=85393s  finite=430
  [490/100000]  elapsed=421s  rate=1.2/s  eta=85462s  finite=439
  [warn] sample 0 failed: 
  [warn] sample 4 failed: 
  [500/100000]  elapsed=428s  rate=1.2/s  eta=85165s  finite=447
  -> checkpoint saved: /scratch/e1498138/lhs/lhs_noise2_paris1_checkpoints/lhs_noise2_paris1_ckpt_000500.pkl
  [510/100000]  elapsed=437s  rate=1.2/s  eta=85238s  finite=457
  [520/100000]  elapsed=446s  rate=1.2/s  eta=85331s  finite=466
  [530/100000]  elapsed=455s  rate=1.2/s  eta=85371s  finite=475
  [540/100000]  elapsed=464s  rate=1.2/s  eta=85403s  finite=484
  [550/100000]  elapsed=472s  rate=1.2/s  eta=85428s  finite=493
  [560/100000]  elapsed=481s  rate=1.2/s  eta=85460s  finite=503
  [570/100000]  elapsed=490s  rate=1.2/s  eta=85469s  finite=513
  [580/100000]  elapsed=499s  rate=1.2/s  eta=85509s  finite=522
  [590/100000]  elapsed=508s  rate=1.2/s  eta=85529s  finite=531
  [600/100000]  elapsed=516s  rate=1.2/s  eta=85546s  finite=540
  -> checkpoint saved: /scratch/e1498138/lhs/lhs_noise2_paris1_checkpoints/lhs_noise2_paris1_ckpt_000600.pkl
  [warn] sample 2 failed: 
  [610/100000]  elapsed=524s  rate=1.2/s  eta=85427s  finite=549
  [620/100000]  elapsed=533s  rate=1.2/s  eta=85459s  finite=559
  [warn] sample 5 failed: 
  [630/100000]  elapsed=541s  rate=1.2/s  eta=85370s  finite=567
  [640/100000]  elapsed=550s  rate=1.2/s  eta=85389s  finite=577
  [650/100000]  elapsed=559s  rate=1.2/s  eta=85402s  finite=584
  [660/100000]  elapsed=568s  rate=1.2/s  eta=85486s  finite=593
  [670/100000]  elapsed=577s  rate=1.2/s  eta=85595s  finite=603
  [680/100000]  elapsed=587s  rate=1.2/s  eta=85694s  finite=613
  [warn] sample 5 failed: 
  [warn] sample 6 failed: 
  [690/100000]  elapsed=594s  rate=1.2/s  eta=85564s  finite=621
  [700/100000]  elapsed=604s  rate=1.2/s  eta=85654s  finite=630
  -> checkpoint saved: /scratch/e1498138/lhs/lhs_noise2_paris1_checkpoints/lhs_noise2_paris1_ckpt_000700.pkl
  [710/100000]  elapsed=613s  rate=1.2/s  eta=85762s  finite=640
  [720/100000]  elapsed=623s  rate=1.2/s  eta=85859s  finite=649
  [730/100000]  elapsed=632s  rate=1.2/s  eta=85954s  finite=659
  [740/100000]  elapsed=641s  rate=1.2/s  eta=86034s  finite=669
  [750/100000]  elapsed=651s  rate=1.2/s  eta=86108s  finite=678
  [760/100000]  elapsed=660s  rate=1.2/s  eta=86211s  finite=687
  [warn] sample 4 failed: 
  [770/100000]  elapsed=669s  rate=1.2/s  eta=86176s  finite=696
  [780/100000]  elapsed=678s  rate=1.2/s  eta=86259s  finite=706
  [warn] sample 2 failed: 
  [warn] sample 7 failed: 
  [790/100000]  elapsed=686s  rate=1.2/s  eta=86130s  finite=711
  [warn] sample 9 failed: 
  [800/100000]  elapsed=694s  rate=1.2/s  eta=86099s  finite=719
  -> checkpoint saved: /scratch/e1498138/lhs/lhs_noise2_paris1_checkpoints/lhs_noise2_paris1_ckpt_000800.pkl
  [810/100000]  elapsed=704s  rate=1.2/s  eta=86160s  finite=729
  [820/100000]  elapsed=713s  rate=1.1/s  eta=86258s  finite=739
  [830/100000]  elapsed=723s  rate=1.1/s  eta=86345s  finite=747
  [warn] sample 1 failed: 
  [840/100000]  elapsed=731s  rate=1.1/s  eta=86312s  finite=755
  [warn] sample 0 failed: 
  [850/100000]  elapsed=741s  rate=1.1/s  eta=86470s  finite=763
  [860/100000]  elapsed=751s  rate=1.1/s  eta=86537s  finite=773
  [870/100000]  elapsed=760s  rate=1.1/s  eta=86595s  finite=783
  [880/100000]  elapsed=769s  rate=1.1/s  eta=86642s  finite=792
  [890/100000]  elapsed=779s  rate=1.1/s  eta=86736s  finite=801
  [900/100000]  elapsed=788s  rate=1.1/s  eta=86804s  finite=811
  -> checkpoint saved: /scratch/e1498138/lhs/lhs_noise2_paris1_checkpoints/lhs_noise2_paris1_ckpt_000900.pkl
  [910/100000]  elapsed=798s  rate=1.1/s  eta=86864s  finite=821
  [warn] sample 3 failed: 
  [920/100000]  elapsed=806s  rate=1.1/s  eta=86854s  finite=829
  [930/100000]  elapsed=816s  rate=1.1/s  eta=86921s  finite=839
  [warn] sample 0 failed: 
  [940/100000]  elapsed=825s  rate=1.1/s  eta=86914s  finite=848
  [950/100000]  elapsed=834s  rate=1.1/s  eta=86994s  finite=856
  [960/100000]  elapsed=844s  rate=1.1/s  eta=87124s  finite=866
  [970/100000]  elapsed=854s  rate=1.1/s  eta=87172s  finite=876
  [980/100000]  elapsed=863s  rate=1.1/s  eta=87227s  finite=885
  [warn] sample 5 failed: 
  [990/100000]  elapsed=872s  rate=1.1/s  eta=87198s  finite=893
  [1000/100000]  elapsed=881s  rate=1.1/s  eta=87260s  finite=901
  -> checkpoint saved: /scratch/e1498138/lhs/lhs_noise2_paris1_checkpoints/lhs_noise2_paris1_ckpt_001000.pkl
  [1010/100000]  elapsed=891s  rate=1.1/s  eta=87301s  finite=910
  [1020/100000]  elapsed=900s  rate=1.1/s  eta=87365s  finite=920
  [1030/100000]  elapsed=910s  rate=1.1/s  eta=87416s  finite=927
  [warn] sample 4 failed: 
  [1040/100000]  elapsed=918s  rate=1.1/s  eta=87372s  finite=936
  [1050/100000]  elapsed=928s  rate=1.1/s  eta=87413s  finite=946
  [warn] sample 4 failed: 
  [1060/100000]  elapsed=936s  rate=1.1/s  eta=87381s  finite=954
  [1070/100000]  elapsed=946s  rate=1.1/s  eta=87422s  finite=964
  [1080/100000]  elapsed=955s  rate=1.1/s  eta=87478s  finite=973
  [warn] sample 4 failed: 
  [1090/100000]  elapsed=964s  rate=1.1/s  eta=87453s  finite=980
  [warn] sample 8 failed: 
  [1100/100000]  elapsed=972s  rate=1.1/s  eta=87434s  finite=988
  -> checkpoint saved: /scratch/e1498138/lhs/lhs_noise2_paris1_checkpoints/lhs_noise2_paris1_ckpt_001100.pkl
  [1110/100000]  elapsed=982s  rate=1.1/s  eta=87488s  finite=998
  [1120/100000]  elapsed=992s  rate=1.1/s  eta=87542s  finite=1007
  [1130/100000]  elapsed=1001s  rate=1.1/s  eta=87620s  finite=1016
  [warn] sample 8 failed: 
  [1140/100000]  elapsed=1010s  rate=1.1/s  eta=87583s  finite=1025
  [warn] sample 0 failed: 
  [1150/100000]  elapsed=1019s  rate=1.1/s  eta=87587s  finite=1034
  [1160/100000]  elapsed=1028s  rate=1.1/s  eta=87626s  finite=1044
  [warn] sample 7 failed: 
  [warn] sample 8 failed: 
  [1170/100000]  elapsed=1036s  rate=1.1/s  eta=87527s  finite=1052
  [warn] sample 6 failed: 
  [1180/100000]  elapsed=1045s  rate=1.1/s  eta=87507s  finite=1061
  [1190/100000]  elapsed=1054s  rate=1.1/s  eta=87538s  finite=1070
  [1200/100000]  elapsed=1064s  rate=1.1/s  eta=87574s  finite=1079
  -> checkpoint saved: /scratch/e1498138/lhs/lhs_noise2_paris1_checkpoints/lhs_noise2_paris1_ckpt_001200.pkl
  [1210/100000]  elapsed=1073s  rate=1.1/s  eta=87613s  finite=1089
  [1220/100000]  elapsed=1083s  rate=1.1/s  eta=87656s  finite=1097
  [1230/100000]  elapsed=1092s  rate=1.1/s  eta=87685s  finite=1107
  [1240/100000]  elapsed=1101s  rate=1.1/s  eta=87708s  finite=1115
  [1250/100000]  elapsed=1111s  rate=1.1/s  eta=87738s  finite=1124
  [1260/100000]  elapsed=1120s  rate=1.1/s  eta=87774s  finite=1134
  [1270/100000]  elapsed=1130s  rate=1.1/s  eta=87808s  finite=1143
  [1280/100000]  elapsed=1139s  rate=1.1/s  eta=87855s  finite=1152
  [warn] sample 6 failed: 
  [1290/100000]  elapsed=1148s  rate=1.1/s  eta=87811s  finite=1161
  [1300/100000]  elapsed=1157s  rate=1.1/s  eta=87848s  finite=1171
  -> checkpoint saved: /scratch/e1498138/lhs/lhs_noise2_paris1_checkpoints/lhs_noise2_paris1_ckpt_001300.pkl
  [1310/100000]  elapsed=1167s  rate=1.1/s  eta=87890s  finite=1180
  [warn] sample 1 failed: 
  [warn] sample 2 failed: 
  [1320/100000]  elapsed=1175s  rate=1.1/s  eta=87808s  finite=1188
  [warn] sample 6 failed: 
  [1330/100000]  elapsed=1183s  rate=1.1/s  eta=87769s  finite=1197
  [1340/100000]  elapsed=1193s  rate=1.1/s  eta=87830s  finite=1207
  [1350/100000]  elapsed=1202s  rate=1.1/s  eta=87859s  finite=1214
  [1360/100000]  elapsed=1212s  rate=1.1/s  eta=87881s  finite=1222
  [warn] sample 4 failed: 
  [1370/100000]  elapsed=1220s  rate=1.1/s  eta=87849s  finite=1230
  [warn] sample 6 failed: 
  [1380/100000]  elapsed=1229s  rate=1.1/s  eta=87843s  finite=1238
  [1390/100000]  elapsed=1239s  rate=1.1/s  eta=87864s  finite=1248
  [1400/100000]  elapsed=1248s  rate=1.1/s  eta=87896s  finite=1258
  -> checkpoint saved: /scratch/e1498138/lhs/lhs_noise2_paris1_checkpoints/lhs_noise2_paris1_ckpt_001400.pkl
  [1410/100000]  elapsed=1258s  rate=1.1/s  eta=87948s  finite=1267
  [warn] sample 4 failed: 
  [1420/100000]  elapsed=1267s  rate=1.1/s  eta=87924s  finite=1276
  [1430/100000]  elapsed=1276s  rate=1.1/s  eta=87955s  finite=1285
  [1440/100000]  elapsed=1285s  rate=1.1/s  eta=87982s  finite=1295
  [1450/100000]  elapsed=1295s  rate=1.1/s  eta=88001s  finite=1305
  [1460/100000]  elapsed=1304s  rate=1.1/s  eta=88028s  finite=1313
  [1470/100000]  elapsed=1314s  rate=1.1/s  eta=88058s  finite=1323
  [1480/100000]  elapsed=1323s  rate=1.1/s  eta=88079s  finite=1332
  [1490/100000]  elapsed=1333s  rate=1.1/s  eta=88102s  finite=1342
  [warn] sample 5 failed: 
  [1500/100000]  elapsed=1341s  rate=1.1/s  eta=88061s  finite=1349
  -> checkpoint saved: /scratch/e1498138/lhs/lhs_noise2_paris1_checkpoints/lhs_noise2_paris1_ckpt_001500.pkl
  [1510/100000]  elapsed=1351s  rate=1.1/s  eta=88091s  finite=1359
  [1520/100000]  elapsed=1360s  rate=1.1/s  eta=88111s  finite=1367
  [1530/100000]  elapsed=1369s  rate=1.1/s  eta=88128s  finite=1376
  [1540/100000]  elapsed=1379s  rate=1.1/s  eta=88165s  finite=1385
  [1550/100000]  elapsed=1389s  rate=1.1/s  eta=88195s  finite=1394
  [1560/100000]  elapsed=1398s  rate=1.1/s  eta=88208s  finite=1402
  [1570/100000]  elapsed=1407s  rate=1.1/s  eta=88229s  finite=1410
  [1580/100000]  elapsed=1417s  rate=1.1/s  eta=88252s  finite=1420
  [1590/100000]  elapsed=1426s  rate=1.1/s  eta=88265s  finite=1430
  [warn] sample 9 failed: 
  [1600/100000]  elapsed=1435s  rate=1.1/s  eta=88250s  finite=1439
  -> checkpoint saved: /scratch/e1498138/lhs/lhs_noise2_paris1_checkpoints/lhs_noise2_paris1_ckpt_001600.pkl
  [warn] sample 8 failed: 
  [1610/100000]  elapsed=1444s  rate=1.1/s  eta=88221s  finite=1447
  [1620/100000]  elapsed=1453s  rate=1.1/s  eta=88241s  finite=1456
  [1630/100000]  elapsed=1462s  rate=1.1/s  eta=88260s  finite=1463
  [warn] sample 9 failed: 
  [1640/100000]  elapsed=1471s  rate=1.1/s  eta=88236s  finite=1471
  [1650/100000]  elapsed=1481s  rate=1.1/s  eta=88265s  finite=1480
  [1660/100000]  elapsed=1490s  rate=1.1/s  eta=88271s  finite=1490
  [1670/100000]  elapsed=1500s  rate=1.1/s  eta=88291s  finite=1500
  [1680/100000]  elapsed=1509s  rate=1.1/s  eta=88307s  finite=1509
  [1690/100000]  elapsed=1519s  rate=1.1/s  eta=88347s  finite=1519
  [warn] sample 8 failed: 
  [1700/100000]  elapsed=1527s  rate=1.1/s  eta=88314s  finite=1528
  -> checkpoint saved: /scratch/e1498138/lhs/lhs_noise2_paris1_checkpoints/lhs_noise2_paris1_ckpt_001700.pkl
  [warn] sample 8 failed: 
  [1710/100000]  elapsed=1536s  rate=1.1/s  eta=88276s  finite=1537
  [1720/100000]  elapsed=1545s  rate=1.1/s  eta=88294s  finite=1546
  [1730/100000]  elapsed=1555s  rate=1.1/s  eta=88318s  finite=1556
  [warn] sample 1 failed: 
  [1740/100000]  elapsed=1563s  rate=1.1/s  eta=88280s  finite=1564
  [1750/100000]  elapsed=1573s  rate=1.1/s  eta=88296s  finite=1572
  [1760/100000]  elapsed=1582s  rate=1.1/s  eta=88305s  finite=1582
  [1770/100000]  elapsed=1592s  rate=1.1/s  eta=88325s  finite=1592
  [warn] sample 0 failed: 
  [1780/100000]  elapsed=1600s  rate=1.1/s  eta=88286s  finite=1600
  [1790/100000]  elapsed=1609s  rate=1.1/s  eta=88298s  finite=1610
  [1800/100000]  elapsed=1619s  rate=1.1/s  eta=88314s  finite=1620
  -> checkpoint saved: /scratch/e1498138/lhs/lhs_noise2_paris1_checkpoints/lhs_noise2_paris1_ckpt_001800.pkl
  [1810/100000]  elapsed=1628s  rate=1.1/s  eta=88323s  finite=1628
  [1820/100000]  elapsed=1638s  rate=1.1/s  eta=88353s  finite=1638
  [1830/100000]  elapsed=1647s  rate=1.1/s  eta=88373s  finite=1646
  [1840/100000]  elapsed=1657s  rate=1.1/s  eta=88390s  finite=1656
  [warn] sample 7 failed: 
  [1850/100000]  elapsed=1665s  rate=1.1/s  eta=88359s  finite=1665
  [warn] sample 3 failed: 
  [1860/100000]  elapsed=1674s  rate=1.1/s  eta=88324s  finite=1673
  [1870/100000]  elapsed=1683s  rate=1.1/s  eta=88342s  finite=1682
  [1880/100000]  elapsed=1693s  rate=1.1/s  eta=88351s  finite=1691
  [1890/100000]  elapsed=1702s  rate=1.1/s  eta=88356s  finite=1699
  [1900/100000]  elapsed=1712s  rate=1.1/s  eta=88373s  finite=1709
  -> checkpoint saved: /scratch/e1498138/lhs/lhs_noise2_paris1_checkpoints/lhs_noise2_paris1_ckpt_001900.pkl
  [1910/100000]  elapsed=1721s  rate=1.1/s  eta=88387s  finite=1719
  [1920/100000]  elapsed=1730s  rate=1.1/s  eta=88393s  finite=1729
  [1930/100000]  elapsed=1740s  rate=1.1/s  eta=88420s  finite=1738
  [warn] sample 1 failed: 
  [1940/100000]  elapsed=1749s  rate=1.1/s  eta=88397s  finite=1747
  [1950/100000]  elapsed=1758s  rate=1.1/s  eta=88402s  finite=1756
  [1960/100000]  elapsed=1767s  rate=1.1/s  eta=88411s  finite=1766
  [1970/100000]  elapsed=1777s  rate=1.1/s  eta=88423s  finite=1775
  [1980/100000]  elapsed=1786s  rate=1.1/s  eta=88425s  finite=1784
  [1990/100000]  elapsed=1796s  rate=1.1/s  eta=88444s  finite=1794
  [warn] sample 6 failed: 
  [2000/100000]  elapsed=1804s  rate=1.1/s  eta=88406s  finite=1802
  -> checkpoint saved: /scratch/e1498138/lhs/lhs_noise2_paris1_checkpoints/lhs_noise2_paris1_ckpt_002000.pkl
  [2010/100000]  elapsed=1814s  rate=1.1/s  eta=88412s  finite=1812
  [warn] sample 0 failed: 
  [warn] sample 7 failed: 
  [2020/100000]  elapsed=1821s  rate=1.1/s  eta=88337s  finite=1819
  [warn] sample 1 failed: 
  [2030/100000]  elapsed=1830s  rate=1.1/s  eta=88304s  finite=1826
  [2040/100000]  elapsed=1839s  rate=1.1/s  eta=88308s  finite=1834
  [2050/100000]  elapsed=1848s  rate=1.1/s  eta=88315s  finite=1844
  [2060/100000]  elapsed=1858s  rate=1.1/s  eta=88335s  finite=1854
  [2070/100000]  elapsed=1867s  rate=1.1/s  eta=88337s  finite=1862
  [warn] sample 1 failed: 
  [2080/100000]  elapsed=1876s  rate=1.1/s  eta=88304s  finite=1869
  [2090/100000]  elapsed=1885s  rate=1.1/s  eta=88309s  finite=1878
  [warn] sample 7 failed: 
  [2100/100000]  elapsed=1894s  rate=1.1/s  eta=88278s  finite=1886
  -> checkpoint saved: /scratch/e1498138/lhs/lhs_noise2_paris1_checkpoints/lhs_noise2_paris1_ckpt_002100.pkl
  [2110/100000]  elapsed=1903s  rate=1.1/s  eta=88288s  finite=1896
  [warn] sample 0 failed: 
  [2120/100000]  elapsed=1912s  rate=1.1/s  eta=88259s  finite=1903
  [warn] sample 9 failed: 
  [2130/100000]  elapsed=1920s  rate=1.1/s  eta=88228s  finite=1910
  [2140/100000]  elapsed=1930s  rate=1.1/s  eta=88238s  finite=1919
  [2150/100000]  elapsed=1939s  rate=1.1/s  eta=88246s  finite=1929
  [2160/100000]  elapsed=1948s  rate=1.1/s  eta=88260s  finite=1939
  [2170/100000]  elapsed=1958s  rate=1.1/s  eta=88265s  finite=1948
  [2180/100000]  elapsed=1967s  rate=1.1/s  eta=88274s  finite=1958
  [2190/100000]  elapsed=1977s  rate=1.1/s  eta=88281s  finite=1966
  [2200/100000]  elapsed=1986s  rate=1.1/s  eta=88285s  finite=1976
  -> checkpoint saved: /scratch/e1498138/lhs/lhs_noise2_paris1_checkpoints/lhs_noise2_paris1_ckpt_002200.pkl
  [2210/100000]  elapsed=1995s  rate=1.1/s  eta=88293s  finite=1985
  [2220/100000]  elapsed=2005s  rate=1.1/s  eta=88298s  finite=1994
  [2230/100000]  elapsed=2014s  rate=1.1/s  eta=88305s  finite=2003
  [2240/100000]  elapsed=2024s  rate=1.1/s  eta=88312s  finite=2012
  [2250/100000]  elapsed=2033s  rate=1.1/s  eta=88312s  finite=2021
  [2260/100000]  elapsed=2042s  rate=1.1/s  eta=88330s  finite=2029
  [warn] sample 2 failed: 
  [2270/100000]  elapsed=2051s  rate=1.1/s  eta=88297s  finite=2037
  [2280/100000]  elapsed=2060s  rate=1.1/s  eta=88297s  finite=2046
  [warn] sample 1 failed: 
  [2290/100000]  elapsed=2069s  rate=1.1/s  eta=88273s  finite=2053
  [2300/100000]  elapsed=2078s  rate=1.1/s  eta=88272s  finite=2063
  -> checkpoint saved: /scratch/e1498138/lhs/lhs_noise2_paris1_checkpoints/lhs_noise2_paris1_ckpt_002300.pkl
  [warn] sample 8 failed: 
  [2310/100000]  elapsed=2087s  rate=1.1/s  eta=88242s  finite=2070
  [2320/100000]  elapsed=2096s  rate=1.1/s  eta=88250s  finite=2078
  [2330/100000]  elapsed=2105s  rate=1.1/s  eta=88256s  finite=2087
  [warn] sample 0 failed: 
  [warn] sample 4 failed: 
  [2340/100000]  elapsed=2113s  rate=1.1/s  eta=88190s  finite=2095
  [2350/100000]  elapsed=2122s  rate=1.1/s  eta=88195s  finite=2104
  [warn] sample 8 failed: 
  [2360/100000]  elapsed=2131s  rate=1.1/s  eta=88173s  finite=2113
  [warn] sample 6 failed: 
  [2370/100000]  elapsed=2140s  rate=1.1/s  eta=88146s  finite=2121
  [2380/100000]  elapsed=2149s  rate=1.1/s  eta=88147s  finite=2129
  [2390/100000]  elapsed=2159s  rate=1.1/s  eta=88157s  finite=2138
  [2400/100000]  elapsed=2168s  rate=1.1/s  eta=88171s  finite=2147
  -> checkpoint saved: /scratch/e1498138/lhs/lhs_noise2_paris1_checkpoints/lhs_noise2_paris1_ckpt_002400.pkl
  [2410/100000]  elapsed=2178s  rate=1.1/s  eta=88182s  finite=2155
  [2420/100000]  elapsed=2187s  rate=1.1/s  eta=88201s  finite=2163
  [2430/100000]  elapsed=2197s  rate=1.1/s  eta=88206s  finite=2172
  [warn] sample 7 failed: 
  [2440/100000]  elapsed=2205s  rate=1.1/s  eta=88177s  finite=2181
  [warn] sample 0 failed: 
  [2450/100000]  elapsed=2214s  rate=1.1/s  eta=88143s  finite=2188
  [2460/100000]  elapsed=2223s  rate=1.1/s  eta=88155s  finite=2198
  [2470/100000]  elapsed=2233s  rate=1.1/s  eta=88162s  finite=2207
  [warn] sample 8 failed: 
  [2480/100000]  elapsed=2242s  rate=1.1/s  eta=88143s  finite=2214
  [warn] sample 3 failed: 
  [2490/100000]  elapsed=2250s  rate=1.1/s  eta=88124s  finite=2221
  [2500/100000]  elapsed=2260s  rate=1.1/s  eta=88131s  finite=2230
  -> checkpoint saved: /scratch/e1498138/lhs/lhs_noise2_paris1_checkpoints/lhs_noise2_paris1_ckpt_002500.pkl
  [warn] sample 6 failed: 
  [2510/100000]  elapsed=2269s  rate=1.1/s  eta=88112s  finite=2239
  [2520/100000]  elapsed=2278s  rate=1.1/s  eta=88121s  finite=2248
  [2530/100000]  elapsed=2288s  rate=1.1/s  eta=88135s  finite=2258
  [warn] sample 2 failed: 
  [2540/100000]  elapsed=2296s  rate=1.1/s  eta=88115s  finite=2267
  [warn] sample 8 failed: 
  [2550/100000]  elapsed=2305s  rate=1.1/s  eta=88094s  finite=2276
  [warn] sample 9 failed: 
  [2560/100000]  elapsed=2314s  rate=1.1/s  eta=88078s  finite=2285
  [2570/100000]  elapsed=2323s  rate=1.1/s  eta=88084s  finite=2294
  [2580/100000]  elapsed=2333s  rate=1.1/s  eta=88088s  finite=2304
  [warn] sample 0 failed: 
  [2590/100000]  elapsed=2342s  rate=1.1/s  eta=88065s  finite=2313
  [2600/100000]  elapsed=2351s  rate=1.1/s  eta=88072s  finite=2323
  -> checkpoint saved: /scratch/e1498138/lhs/lhs_noise2_paris1_checkpoints/lhs_noise2_paris1_ckpt_002600.pkl
  [2610/100000]  elapsed=2360s  rate=1.1/s  eta=88076s  finite=2333
  [2620/100000]  elapsed=2370s  rate=1.1/s  eta=88079s  finite=2341
  [warn] sample 4 failed: 
  [2630/100000]  elapsed=2378s  rate=1.1/s  eta=88056s  finite=2349
  [2640/100000]  elapsed=2388s  rate=1.1/s  eta=88058s  finite=2358
  [2650/100000]  elapsed=2397s  rate=1.1/s  eta=88066s  finite=2368
  [2660/100000]  elapsed=2407s  rate=1.1/s  eta=88068s  finite=2378
  [2670/100000]  elapsed=2416s  rate=1.1/s  eta=88069s  finite=2388
  [warn] sample 2 failed: 
  [2680/100000]  elapsed=2425s  rate=1.1/s  eta=88045s  finite=2396
  [warn] sample 6 failed: 
  [2690/100000]  elapsed=2433s  rate=1.1/s  eta=88016s  finite=2404
  [2700/100000]  elapsed=2442s  rate=1.1/s  eta=88019s  finite=2412
  -> checkpoint saved: /scratch/e1498138/lhs/lhs_noise2_paris1_checkpoints/lhs_noise2_paris1_ckpt_002700.pkl
  [warn] sample 6 failed: 
  [2710/100000]  elapsed=2451s  rate=1.1/s  eta=87991s  finite=2420
  [2720/100000]  elapsed=2461s  rate=1.1/s  eta=88002s  finite=2430
  [2730/100000]  elapsed=2470s  rate=1.1/s  eta=88004s  finite=2440
  [2740/100000]  elapsed=2479s  rate=1.1/s  eta=88002s  finite=2449
  [2750/100000]  elapsed=2489s  rate=1.1/s  eta=88007s  finite=2457
  [warn] sample 2 failed: 
  [2760/100000]  elapsed=2497s  rate=1.1/s  eta=87981s  finite=2466
  [2770/100000]  elapsed=2506s  rate=1.1/s  eta=87979s  finite=2475
  [2780/100000]  elapsed=2516s  rate=1.1/s  eta=87987s  finite=2484
  [warn] sample 2 failed: 
  [warn] sample 5 failed: 
  [2790/100000]  elapsed=2524s  rate=1.1/s  eta=87929s  finite=2492
  [2800/100000]  elapsed=2533s  rate=1.1/s  eta=87933s  finite=2502
  -> checkpoint saved: /scratch/e1498138/lhs/lhs_noise2_paris1_checkpoints/lhs_noise2_paris1_ckpt_002800.pkl
  [2810/100000]  elapsed=2542s  rate=1.1/s  eta=87936s  finite=2511
  [2820/100000]  elapsed=2552s  rate=1.1/s  eta=87943s  finite=2521
  [2830/100000]  elapsed=2562s  rate=1.1/s  eta=87962s  finite=2530
  [2840/100000]  elapsed=2571s  rate=1.1/s  eta=87960s  finite=2538
  [warn] sample 1 failed: 
  [2850/100000]  elapsed=2580s  rate=1.1/s  eta=87939s  finite=2546
  [warn] sample 3 failed: 
  [2860/100000]  elapsed=2588s  rate=1.1/s  eta=87913s  finite=2555
  [warn] sample 7 failed: 
  [2870/100000]  elapsed=2597s  rate=1.1/s  eta=87891s  finite=2564
  [warn] sample 7 failed: 
  [2880/100000]  elapsed=2606s  rate=1.1/s  eta=87868s  finite=2572
  [warn] sample 1 failed: 
  [warn] sample 9 failed: 
  [2890/100000]  elapsed=2614s  rate=1.1/s  eta=87822s  finite=2580
  [2900/100000]  elapsed=2623s  rate=1.1/s  eta=87824s  finite=2589
  -> checkpoint saved: /scratch/e1498138/lhs/lhs_noise2_paris1_checkpoints/lhs_noise2_paris1_ckpt_002900.pkl
  [2910/100000]  elapsed=2632s  rate=1.1/s  eta=87824s  finite=2596
  [2920/100000]  elapsed=2642s  rate=1.1/s  eta=87825s  finite=2604
  [2930/100000]  elapsed=2651s  rate=1.1/s  eta=87829s  finite=2613
  [2940/100000]  elapsed=2660s  rate=1.1/s  eta=87832s  finite=2622
  [warn] sample 7 failed: 
  [2950/100000]  elapsed=2669s  rate=1.1/s  eta=87807s  finite=2631
  [2960/100000]  elapsed=2678s  rate=1.1/s  eta=87808s  finite=2640
  [warn] sample 0 failed: 
  [2970/100000]  elapsed=2687s  rate=1.1/s  eta=87787s  finite=2648
  [warn] sample 2 failed: 
  [2980/100000]  elapsed=2696s  rate=1.1/s  eta=87764s  finite=2657
  [2990/100000]  elapsed=2705s  rate=1.1/s  eta=87765s  finite=2666
  [3000/100000]  elapsed=2715s  rate=1.1/s  eta=87776s  finite=2676
  -> checkpoint saved: /scratch/e1498138/lhs/lhs_noise2_paris1_checkpoints/lhs_noise2_paris1_ckpt_003000.pkl
  [3010/100000]  elapsed=2724s  rate=1.1/s  eta=87786s  finite=2685
  [warn] sample 2 failed: 
  [3020/100000]  elapsed=2733s  rate=1.1/s  eta=87763s  finite=2693
  [3030/100000]  elapsed=2742s  rate=1.1/s  eta=87765s  finite=2701
  [warn] sample 6 failed: 
  [3040/100000]  elapsed=2751s  rate=1.1/s  eta=87739s  finite=2709
  [3050/100000]  elapsed=2761s  rate=1.1/s  eta=87748s  finite=2719
  [3060/100000]  elapsed=2770s  rate=1.1/s  eta=87748s  finite=2728
  [3070/100000]  elapsed=2779s  rate=1.1/s  eta=87756s  finite=2738
  [3080/100000]  elapsed=2789s  rate=1.1/s  eta=87765s  finite=2748
  [warn] sample 2 failed: 
  [3090/100000]  elapsed=2798s  rate=1.1/s  eta=87740s  finite=2757
  [3100/100000]  elapsed=2807s  rate=1.1/s  eta=87740s  finite=2765
  -> checkpoint saved: /scratch/e1498138/lhs/lhs_noise2_paris1_checkpoints/lhs_noise2_paris1_ckpt_003100.pkl
  [3110/100000]  elapsed=2816s  rate=1.1/s  eta=87745s  finite=2775
  [warn] sample 3 failed: 
  [3120/100000]  elapsed=2825s  rate=1.1/s  eta=87718s  finite=2782
  [3130/100000]  elapsed=2834s  rate=1.1/s  eta=87721s  finite=2792
  [warn] sample 2 failed: 
  [warn] sample 8 failed: 
  [3140/100000]  elapsed=2842s  rate=1.1/s  eta=87669s  finite=2800
  [warn] sample 9 failed: 
  [3150/100000]  elapsed=2851s  rate=1.1/s  eta=87646s  finite=2809
  [warn] sample 9 failed: 
  [3160/100000]  elapsed=2859s  rate=1.1/s  eta=87623s  finite=2818
  [3170/100000]  elapsed=2869s  rate=1.1/s  eta=87623s  finite=2827
  [3180/100000]  elapsed=2878s  rate=1.1/s  eta=87624s  finite=2836
  [3190/100000]  elapsed=2887s  rate=1.1/s  eta=87624s  finite=2845
  [warn] sample 0 failed: 
  [3200/100000]  elapsed=2896s  rate=1.1/s  eta=87598s  finite=2853
  -> checkpoint saved: /scratch/e1498138/lhs/lhs_noise2_paris1_checkpoints/lhs_noise2_paris1_ckpt_003200.pkl
  [warn] sample 3 failed: 
  [3210/100000]  elapsed=2905s  rate=1.1/s  eta=87582s  finite=2862
  [3220/100000]  elapsed=2914s  rate=1.1/s  eta=87587s  finite=2871
  [3230/100000]  elapsed=2924s  rate=1.1/s  eta=87591s  finite=2879
  [3240/100000]  elapsed=2933s  rate=1.1/s  eta=87596s  finite=2889
  [3250/100000]  elapsed=2943s  rate=1.1/s  eta=87599s  finite=2898
  [3260/100000]  elapsed=2952s  rate=1.1/s  eta=87602s  finite=2908
  [warn] sample 1 failed: 
  [warn] sample 9 failed: 
  [3270/100000]  elapsed=2961s  rate=1.1/s  eta=87578s  finite=2916
  [3280/100000]  elapsed=2971s  rate=1.1/s  eta=87595s  finite=2925
  [warn] sample 8 failed: 
  [3290/100000]  elapsed=2979s  rate=1.1/s  eta=87577s  finite=2933
  [3300/100000]  elapsed=2989s  rate=1.1/s  eta=87585s  finite=2941
  -> checkpoint saved: /scratch/e1498138/lhs/lhs_noise2_paris1_checkpoints/lhs_noise2_paris1_ckpt_003300.pkl
  [3310/100000]  elapsed=2998s  rate=1.1/s  eta=87589s  finite=2951
  [3320/100000]  elapsed=3008s  rate=1.1/s  eta=87588s  finite=2959
  [3330/100000]  elapsed=3017s  rate=1.1/s  eta=87590s  finite=2968
  [3340/100000]  elapsed=3027s  rate=1.1/s  eta=87593s  finite=2975
  [warn] sample 1 failed: 
  [3350/100000]  elapsed=3035s  rate=1.1/s  eta=87572s  finite=2984
  [3360/100000]  elapsed=3045s  rate=1.1/s  eta=87575s  finite=2992
  [warn] sample 9 failed: 
  [3370/100000]  elapsed=3054s  rate=1.1/s  eta=87555s  finite=3000
  [warn] sample 1 failed: 
  [3380/100000]  elapsed=3062s  rate=1.1/s  eta=87535s  finite=3007
  [3390/100000]  elapsed=3072s  rate=1.1/s  eta=87540s  finite=3017
  [3400/100000]  elapsed=3081s  rate=1.1/s  eta=87541s  finite=3027
  -> checkpoint saved: /scratch/e1498138/lhs/lhs_noise2_paris1_checkpoints/lhs_noise2_paris1_ckpt_003400.pkl
  [3410/100000]  elapsed=3091s  rate=1.1/s  eta=87547s  finite=3036
  [3420/100000]  elapsed=3100s  rate=1.1/s  eta=87545s  finite=3044
  [3430/100000]  elapsed=3110s  rate=1.1/s  eta=87549s  finite=3054
  [3440/100000]  elapsed=3119s  rate=1.1/s  eta=87549s  finite=3063
  [3450/100000]  elapsed=3128s  rate=1.1/s  eta=87545s  finite=3071
  [3460/100000]  elapsed=3138s  rate=1.1/s  eta=87555s  finite=3079
  [3470/100000]  elapsed=3148s  rate=1.1/s  eta=87568s  finite=3088
  [3480/100000]  elapsed=3157s  rate=1.1/s  eta=87566s  finite=3097
  [3490/100000]  elapsed=3167s  rate=1.1/s  eta=87565s  finite=3107
  [3500/100000]  elapsed=3176s  rate=1.1/s  eta=87572s  finite=3117
  -> checkpoint saved: /scratch/e1498138/lhs/lhs_noise2_paris1_checkpoints/lhs_noise2_paris1_ckpt_003500.pkl
  [warn] sample 7 failed: 
  [3510/100000]  elapsed=3185s  rate=1.1/s  eta=87547s  finite=3124
  [warn] sample 1 failed: 
  [warn] sample 8 failed: 
  [3520/100000]  elapsed=3193s  rate=1.1/s  eta=87506s  finite=3131
  [3530/100000]  elapsed=3202s  rate=1.1/s  eta=87507s  finite=3141
  [3540/100000]  elapsed=3212s  rate=1.1/s  eta=87510s  finite=3151
  [3550/100000]  elapsed=3221s  rate=1.1/s  eta=87508s  finite=3161
  [3560/100000]  elapsed=3230s  rate=1.1/s  eta=87511s  finite=3169
  [warn] sample 8 failed: 
  [3570/100000]  elapsed=3239s  rate=1.1/s  eta=87487s  finite=3177
  [warn] sample 3 failed: 
  [3580/100000]  elapsed=3247s  rate=1.1/s  eta=87464s  finite=3186
  [warn] sample 2 failed: 
  [warn] sample 9 failed: 
  [3590/100000]  elapsed=3255s  rate=1.1/s  eta=87417s  finite=3194
  [3600/100000]  elapsed=3264s  rate=1.1/s  eta=87416s  finite=3201
  -> checkpoint saved: /scratch/e1498138/lhs/lhs_noise2_paris1_checkpoints/lhs_noise2_paris1_ckpt_003600.pkl
  [3610/100000]  elapsed=3274s  rate=1.1/s  eta=87415s  finite=3209
  [3620/100000]  elapsed=3283s  rate=1.1/s  eta=87416s  finite=3219
  [3630/100000]  elapsed=3293s  rate=1.1/s  eta=87415s  finite=3229
  [3640/100000]  elapsed=3302s  rate=1.1/s  eta=87422s  finite=3238
  [3650/100000]  elapsed=3312s  rate=1.1/s  eta=87422s  finite=3246
  [3660/100000]  elapsed=3321s  rate=1.1/s  eta=87421s  finite=3255
  [3670/100000]  elapsed=3331s  rate=1.1/s  eta=87424s  finite=3265
  [3680/100000]  elapsed=3340s  rate=1.1/s  eta=87431s  finite=3275
  [warn] sample 7 failed: 
  [3690/100000]  elapsed=3349s  rate=1.1/s  eta=87409s  finite=3284
  [3700/100000]  elapsed=3358s  rate=1.1/s  eta=87411s  finite=3294
  -> checkpoint saved: /scratch/e1498138/lhs/lhs_noise2_paris1_checkpoints/lhs_noise2_paris1_ckpt_003700.pkl
  [3710/100000]  elapsed=3368s  rate=1.1/s  eta=87409s  finite=3303
  [3720/100000]  elapsed=3377s  rate=1.1/s  eta=87411s  finite=3312
  [3730/100000]  elapsed=3387s  rate=1.1/s  eta=87413s  finite=3321
  [warn] sample 6 failed: 
  [3740/100000]  elapsed=3395s  rate=1.1/s  eta=87393s  finite=3330
  [3750/100000]  elapsed=3405s  rate=1.1/s  eta=87391s  finite=3340
  [warn] sample 2 failed: 
  [3760/100000]  elapsed=3413s  rate=1.1/s  eta=87371s  finite=3348
  [warn] sample 3 failed: 
  [warn] sample 6 failed: 
  [3770/100000]  elapsed=3421s  rate=1.1/s  eta=87331s  finite=3354
  [3780/100000]  elapsed=3431s  rate=1.1/s  eta=87332s  finite=3362
  [3790/100000]  elapsed=3440s  rate=1.1/s  eta=87333s  finite=3372
  [warn] sample 2 failed: 
  [3800/100000]  elapsed=3449s  rate=1.1/s  eta=87318s  finite=3381
  -> checkpoint saved: /scratch/e1498138/lhs/lhs_noise2_paris1_checkpoints/lhs_noise2_paris1_ckpt_003800.pkl
  [3810/100000]  elapsed=3459s  rate=1.1/s  eta=87317s  finite=3390
  [3820/100000]  elapsed=3468s  rate=1.1/s  eta=87313s  finite=3399
  [warn] sample 4 failed: 
  [3830/100000]  elapsed=3476s  rate=1.1/s  eta=87293s  finite=3406
  [3840/100000]  elapsed=3486s  rate=1.1/s  eta=87292s  finite=3416
  [warn] sample 3 failed: 
  [3850/100000]  elapsed=3494s  rate=1.1/s  eta=87268s  finite=3424
  [3860/100000]  elapsed=3504s  rate=1.1/s  eta=87267s  finite=3433
  [3870/100000]  elapsed=3513s  rate=1.1/s  eta=87268s  finite=3443
  [3880/100000]  elapsed=3523s  rate=1.1/s  eta=87266s  finite=3451
  [3890/100000]  elapsed=3532s  rate=1.1/s  eta=87261s  finite=3460
  [3900/100000]  elapsed=3542s  rate=1.1/s  eta=87267s  finite=3469
  -> checkpoint saved: /scratch/e1498138/lhs/lhs_noise2_paris1_checkpoints/lhs_noise2_paris1_ckpt_003900.pkl
  [warn] sample 1 failed: 
  [warn] sample 5 failed: 
  [3910/100000]  elapsed=3549s  rate=1.1/s  eta=87229s  finite=3477
  [3920/100000]  elapsed=3559s  rate=1.1/s  eta=87223s  finite=3486
  [3930/100000]  elapsed=3568s  rate=1.1/s  eta=87230s  finite=3495
  [3940/100000]  elapsed=3578s  rate=1.1/s  eta=87227s  finite=3504
  [3950/100000]  elapsed=3587s  rate=1.1/s  eta=87226s  finite=3514
  [warn] sample 3 failed: 
  [3960/100000]  elapsed=3596s  rate=1.1/s  eta=87206s  finite=3523
  [3970/100000]  elapsed=3605s  rate=1.1/s  eta=87202s  finite=3532
  [3980/100000]  elapsed=3615s  rate=1.1/s  eta=87203s  finite=3540
  [3990/100000]  elapsed=3624s  rate=1.1/s  eta=87201s  finite=3550
  [4000/100000]  elapsed=3633s  rate=1.1/s  eta=87203s  finite=3558
  -> checkpoint saved: /scratch/e1498138/lhs/lhs_noise2_paris1_checkpoints/lhs_noise2_paris1_ckpt_004000.pkl
  [4010/100000]  elapsed=3643s  rate=1.1/s  eta=87204s  finite=3567
  [4020/100000]  elapsed=3652s  rate=1.1/s  eta=87205s  finite=3577
  [4030/100000]  elapsed=3662s  rate=1.1/s  eta=87209s  finite=3587
  [4040/100000]  elapsed=3672s  rate=1.1/s  eta=87213s  finite=3597
  [4050/100000]  elapsed=3681s  rate=1.1/s  eta=87212s  finite=3606
  [4060/100000]  elapsed=3691s  rate=1.1/s  eta=87213s  finite=3616
  [4070/100000]  elapsed=3700s  rate=1.1/s  eta=87212s  finite=3624
  [4080/100000]  elapsed=3710s  rate=1.1/s  eta=87210s  finite=3633
  [warn] sample 0 failed: 
  [4090/100000]  elapsed=3718s  rate=1.1/s  eta=87191s  finite=3640
  [4100/100000]  elapsed=3728s  rate=1.1/s  eta=87188s  finite=3649
  -> checkpoint saved: /scratch/e1498138/lhs/lhs_noise2_paris1_checkpoints/lhs_noise2_paris1_ckpt_004100.pkl
  [warn] sample 6 failed: 
  [4110/100000]  elapsed=3736s  rate=1.1/s  eta=87166s  finite=3658
  [4120/100000]  elapsed=3746s  rate=1.1/s  eta=87168s  finite=3667
  [4130/100000]  elapsed=3755s  rate=1.1/s  eta=87175s  finite=3676
  [4140/100000]  elapsed=3765s  rate=1.1/s  eta=87175s  finite=3686
  [4150/100000]  elapsed=3774s  rate=1.1/s  eta=87174s  finite=3696
  [4160/100000]  elapsed=3784s  rate=1.1/s  eta=87177s  finite=3705
  [4170/100000]  elapsed=3793s  rate=1.1/s  eta=87178s  finite=3714
  [4180/100000]  elapsed=3803s  rate=1.1/s  eta=87184s  finite=3722
  [4190/100000]  elapsed=3813s  rate=1.1/s  eta=87184s  finite=3731
  [4200/100000]  elapsed=3822s  rate=1.1/s  eta=87181s  finite=3739
  -> checkpoint saved: /scratch/e1498138/lhs/lhs_noise2_paris1_checkpoints/lhs_noise2_paris1_ckpt_004200.pkl
  [4210/100000]  elapsed=3832s  rate=1.1/s  eta=87180s  finite=3748
  [4220/100000]  elapsed=3841s  rate=1.1/s  eta=87181s  finite=3756
  [4230/100000]  elapsed=3850s  rate=1.1/s  eta=87177s  finite=3766
  [4240/100000]  elapsed=3860s  rate=1.1/s  eta=87179s  finite=3774
  [4250/100000]  elapsed=3870s  rate=1.1/s  eta=87182s  finite=3782
  [warn] sample 6 failed: 
  [4260/100000]  elapsed=3879s  rate=1.1/s  eta=87168s  finite=3791
  [4270/100000]  elapsed=3888s  rate=1.1/s  eta=87164s  finite=3801
  [4280/100000]  elapsed=3897s  rate=1.1/s  eta=87164s  finite=3811
  [warn] sample 6 failed: 
  [4290/100000]  elapsed=3906s  rate=1.1/s  eta=87145s  finite=3819
  [4300/100000]  elapsed=3916s  rate=1.1/s  eta=87143s  finite=3829
  -> checkpoint saved: /scratch/e1498138/lhs/lhs_noise2_paris1_checkpoints/lhs_noise2_paris1_ckpt_004300.pkl
  [4310/100000]  elapsed=3925s  rate=1.1/s  eta=87142s  finite=3838
  [4320/100000]  elapsed=3934s  rate=1.1/s  eta=87137s  finite=3846
  [4330/100000]  elapsed=3944s  rate=1.1/s  eta=87137s  finite=3856
  [warn] sample 0 failed: 
  [warn] sample 6 failed: 
  [4340/100000]  elapsed=3952s  rate=1.1/s  eta=87097s  finite=3862
  [4350/100000]  elapsed=3961s  rate=1.1/s  eta=87097s  finite=3872
  [warn] sample 0 failed: 
  [4360/100000]  elapsed=3970s  rate=1.1/s  eta=87075s  finite=3881
  [4370/100000]  elapsed=3979s  rate=1.1/s  eta=87074s  finite=3889
  [4380/100000]  elapsed=3988s  rate=1.1/s  eta=87070s  finite=3899
  [4390/100000]  elapsed=3998s  rate=1.1/s  eta=87067s  finite=3909
  [4400/100000]  elapsed=4007s  rate=1.1/s  eta=87063s  finite=3919
  -> checkpoint saved: /scratch/e1498138/lhs/lhs_noise2_paris1_checkpoints/lhs_noise2_paris1_ckpt_004400.pkl
  [4410/100000]  elapsed=4017s  rate=1.1/s  eta=87063s  finite=3927
  [4420/100000]  elapsed=4026s  rate=1.1/s  eta=87060s  finite=3937
  [4430/100000]  elapsed=4035s  rate=1.1/s  eta=87055s  finite=3947
  [warn] sample 3 failed: 
  [4440/100000]  elapsed=4044s  rate=1.1/s  eta=87034s  finite=3956
  [warn] sample 3 failed: 
  [4450/100000]  elapsed=4053s  rate=1.1/s  eta=87020s  finite=3965
  [4460/100000]  elapsed=4062s  rate=1.1/s  eta=87021s  finite=3975
  [4470/100000]  elapsed=4072s  rate=1.1/s  eta=87026s  finite=3984
  [4480/100000]  elapsed=4082s  rate=1.1/s  eta=87025s  finite=3993
  [warn] sample 1 failed: 
  [4490/100000]  elapsed=4090s  rate=1.1/s  eta=87005s  finite=4001
  [4500/100000]  elapsed=4100s  rate=1.1/s  eta=87007s  finite=4010
  -> checkpoint saved: /scratch/e1498138/lhs/lhs_noise2_paris1_checkpoints/lhs_noise2_paris1_ckpt_004500.pkl
  [4510/100000]  elapsed=4109s  rate=1.1/s  eta=87005s  finite=4020
  [warn] sample 4 failed: 
  [4520/100000]  elapsed=4118s  rate=1.1/s  eta=86983s  finite=4029
  [warn] sample 2 failed: 
  [warn] sample 9 failed: 
  [4530/100000]  elapsed=4126s  rate=1.1/s  eta=86948s  finite=4035
  [4540/100000]  elapsed=4135s  rate=1.1/s  eta=86949s  finite=4045
  [4550/100000]  elapsed=4145s  rate=1.1/s  eta=86945s  finite=4055
  [warn] sample 4 failed: 
  [4560/100000]  elapsed=4153s  rate=1.1/s  eta=86926s  finite=4064
  [4570/100000]  elapsed=4163s  rate=1.1/s  eta=86926s  finite=4074
  [warn] sample 9 failed: 
  [4580/100000]  elapsed=4171s  rate=1.1/s  eta=86905s  finite=4083
  [warn] sample 8 failed: 
  [4590/100000]  elapsed=4180s  rate=1.1/s  eta=86884s  finite=4090
  [4600/100000]  elapsed=4189s  rate=1.1/s  eta=86884s  finite=4099
  -> checkpoint saved: /scratch/e1498138/lhs/lhs_noise2_paris1_checkpoints/lhs_noise2_paris1_ckpt_004600.pkl
  [4610/100000]  elapsed=4199s  rate=1.1/s  eta=86888s  finite=4106
  [4620/100000]  elapsed=4208s  rate=1.1/s  eta=86883s  finite=4115
  [4630/100000]  elapsed=4218s  rate=1.1/s  eta=86880s  finite=4125
  [4640/100000]  elapsed=4227s  rate=1.1/s  eta=86881s  finite=4134
  [warn] sample 1 failed: 
  [4650/100000]  elapsed=4236s  rate=1.1/s  eta=86860s  finite=4143
  [4660/100000]  elapsed=4245s  rate=1.1/s  eta=86858s  finite=4152
  [4670/100000]  elapsed=4255s  rate=1.1/s  eta=86862s  finite=4160
  [4680/100000]  elapsed=4265s  rate=1.1/s  eta=86863s  finite=4170
  [warn] sample 0 failed: 
  [4690/100000]  elapsed=4273s  rate=1.1/s  eta=86845s  finite=4178
  [4700/100000]  elapsed=4283s  rate=1.1/s  eta=86844s  finite=4186
  -> checkpoint saved: /scratch/e1498138/lhs/lhs_noise2_paris1_checkpoints/lhs_noise2_paris1_ckpt_004700.pkl
  [4710/100000]  elapsed=4293s  rate=1.1/s  eta=86848s  finite=4196
  [4720/100000]  elapsed=4302s  rate=1.1/s  eta=86849s  finite=4205
  [4730/100000]  elapsed=4312s  rate=1.1/s  eta=86847s  finite=4215
  [4740/100000]  elapsed=4321s  rate=1.1/s  eta=86848s  finite=4224
  [4750/100000]  elapsed=4331s  rate=1.1/s  eta=86846s  finite=4233
  [4760/100000]  elapsed=4340s  rate=1.1/s  eta=86842s  finite=4243
  [warn] sample 5 failed: 
  [4770/100000]  elapsed=4349s  rate=1.1/s  eta=86822s  finite=4250
  [4780/100000]  elapsed=4358s  rate=1.1/s  eta=86820s  finite=4258
  [4790/100000]  elapsed=4368s  rate=1.1/s  eta=86819s  finite=4268
  [warn] sample 0 failed: 
  [warn] sample 8 failed: 
  [4800/100000]  elapsed=4376s  rate=1.1/s  eta=86783s  finite=4275
  -> checkpoint saved: /scratch/e1498138/lhs/lhs_noise2_paris1_checkpoints/lhs_noise2_paris1_ckpt_004800.pkl
  [4810/100000]  elapsed=4385s  rate=1.1/s  eta=86783s  finite=4284
  [4820/100000]  elapsed=4395s  rate=1.1/s  eta=86783s  finite=4293
  [warn] sample 6 failed: 
  [4830/100000]  elapsed=4403s  rate=1.1/s  eta=86766s  finite=4301
  [4840/100000]  elapsed=4413s  rate=1.1/s  eta=86766s  finite=4311
  [4850/100000]  elapsed=4423s  rate=1.1/s  eta=86769s  finite=4319
  [4860/100000]  elapsed=4432s  rate=1.1/s  eta=86766s  finite=4329
  [4870/100000]  elapsed=4442s  rate=1.1/s  eta=86766s  finite=4339
  [warn] sample 3 failed: 
  [warn] sample 9 failed: 
  [4880/100000]  elapsed=4450s  rate=1.1/s  eta=86732s  finite=4347
  [4890/100000]  elapsed=4459s  rate=1.1/s  eta=86729s  finite=4354
  [4900/100000]  elapsed=4469s  rate=1.1/s  eta=86727s  finite=4363
  -> checkpoint saved: /scratch/e1498138/lhs/lhs_noise2_paris1_checkpoints/lhs_noise2_paris1_ckpt_004900.pkl
  [warn] sample 2 failed: 
  [4910/100000]  elapsed=4477s  rate=1.1/s  eta=86709s  finite=4370
  [4920/100000]  elapsed=4487s  rate=1.1/s  eta=86704s  finite=4380
  [4930/100000]  elapsed=4496s  rate=1.1/s  eta=86700s  finite=4390
  [4940/100000]  elapsed=4505s  rate=1.1/s  eta=86695s  finite=4399
  [warn] sample 4 failed: 
  [4950/100000]  elapsed=4514s  rate=1.1/s  eta=86674s  finite=4408
  [warn] sample 4 failed: 
  [warn] sample 7 failed: 
  [4960/100000]  elapsed=4522s  rate=1.1/s  eta=86639s  finite=4416
  [4970/100000]  elapsed=4531s  rate=1.1/s  eta=86639s  finite=4426
  [4980/100000]  elapsed=4541s  rate=1.1/s  eta=86634s  finite=4435
  [4990/100000]  elapsed=4550s  rate=1.1/s  eta=86632s  finite=4444
  [5000/100000]  elapsed=4560s  rate=1.1/s  eta=86631s  finite=4453
  -> checkpoint saved: /scratch/e1498138/lhs/lhs_noise2_paris1_checkpoints/lhs_noise2_paris1_ckpt_005000.pkl
  [5010/100000]  elapsed=4569s  rate=1.1/s  eta=86629s  finite=4462
  [5020/100000]  elapsed=4579s  rate=1.1/s  eta=86628s  finite=4471
  [warn] sample 6 failed: 
  [5030/100000]  elapsed=4587s  rate=1.1/s  eta=86612s  finite=4479
  [5040/100000]  elapsed=4597s  rate=1.1/s  eta=86608s  finite=4489
  [warn] sample 5 failed: 
  [5050/100000]  elapsed=4605s  rate=1.1/s  eta=86588s  finite=4498
  [warn] sample 9 failed: 
  [5060/100000]  elapsed=4614s  rate=1.1/s  eta=86567s  finite=4506
  [5070/100000]  elapsed=4623s  rate=1.1/s  eta=86565s  finite=4515
  [warn] sample 2 failed: 
  [5080/100000]  elapsed=4632s  rate=1.1/s  eta=86544s  finite=4524
  [5090/100000]  elapsed=4641s  rate=1.1/s  eta=86542s  finite=4534
  [5100/100000]  elapsed=4651s  rate=1.1/s  eta=86547s  finite=4544
  -> checkpoint saved: /scratch/e1498138/lhs/lhs_noise2_paris1_checkpoints/lhs_noise2_paris1_ckpt_005100.pkl
  [5110/100000]  elapsed=4660s  rate=1.1/s  eta=86542s  finite=4553
  [5120/100000]  elapsed=4670s  rate=1.1/s  eta=86536s  finite=4562
  [5130/100000]  elapsed=4679s  rate=1.1/s  eta=86536s  finite=4572
  [warn] sample 0 failed: 
  [5140/100000]  elapsed=4688s  rate=1.1/s  eta=86514s  finite=4579
  [5150/100000]  elapsed=4697s  rate=1.1/s  eta=86509s  finite=4586
  [5160/100000]  elapsed=4707s  rate=1.1/s  eta=86506s  finite=4596
  [5170/100000]  elapsed=4716s  rate=1.1/s  eta=86505s  finite=4606
  [5180/100000]  elapsed=4726s  rate=1.1/s  eta=86501s  finite=4615
  [5190/100000]  elapsed=4735s  rate=1.1/s  eta=86502s  finite=4624
  [warn] sample 1 failed: 
  [5200/100000]  elapsed=4744s  rate=1.1/s  eta=86481s  finite=4632
  -> checkpoint saved: /scratch/e1498138/lhs/lhs_noise2_paris1_checkpoints/lhs_noise2_paris1_ckpt_005200.pkl
  [warn] sample 3 failed: 
  [5210/100000]  elapsed=4752s  rate=1.1/s  eta=86463s  finite=4641
  [warn] sample 5 failed: 
  [5220/100000]  elapsed=4761s  rate=1.1/s  eta=86441s  finite=4650
  [5230/100000]  elapsed=4770s  rate=1.1/s  eta=86442s  finite=4659
  [5240/100000]  elapsed=4780s  rate=1.1/s  eta=86441s  finite=4669
  [warn] sample 5 failed: 
  [5250/100000]  elapsed=4789s  rate=1.1/s  eta=86426s  finite=4678
  [5260/100000]  elapsed=4798s  rate=1.1/s  eta=86425s  finite=4688
  [warn] sample 7 failed: 
  [5270/100000]  elapsed=4807s  rate=1.1/s  eta=86407s  finite=4696
  [5280/100000]  elapsed=4816s  rate=1.1/s  eta=86402s  finite=4706
  [warn] sample 3 failed: 
  [5290/100000]  elapsed=4825s  rate=1.1/s  eta=86384s  finite=4715
  [5300/100000]  elapsed=4835s  rate=1.1/s  eta=86385s  finite=4725
  -> checkpoint saved: /scratch/e1498138/lhs/lhs_noise2_paris1_checkpoints/lhs_noise2_paris1_ckpt_005300.pkl
  [5310/100000]  elapsed=4844s  rate=1.1/s  eta=86383s  finite=4735
  [5320/100000]  elapsed=4854s  rate=1.1/s  eta=86380s  finite=4744
  [5330/100000]  elapsed=4863s  rate=1.1/s  eta=86383s  finite=4753
  [5340/100000]  elapsed=4873s  rate=1.1/s  eta=86381s  finite=4761
  [5350/100000]  elapsed=4882s  rate=1.1/s  eta=86377s  finite=4770
  [5360/100000]  elapsed=4892s  rate=1.1/s  eta=86375s  finite=4780
  [5370/100000]  elapsed=4901s  rate=1.1/s  eta=86371s  finite=4790
  [5380/100000]  elapsed=4911s  rate=1.1/s  eta=86366s  finite=4800
  [5390/100000]  elapsed=4920s  rate=1.1/s  eta=86368s  finite=4810
  [5400/100000]  elapsed=4930s  rate=1.1/s  eta=86363s  finite=4819
  -> checkpoint saved: /scratch/e1498138/lhs/lhs_noise2_paris1_checkpoints/lhs_noise2_paris1_ckpt_005400.pkl
  [warn] sample 7 failed: 
  [5410/100000]  elapsed=4939s  rate=1.1/s  eta=86350s  finite=4828
  [5420/100000]  elapsed=4948s  rate=1.1/s  eta=86352s  finite=4838
  [warn] sample 5 failed: 
  [5430/100000]  elapsed=4957s  rate=1.1/s  eta=86333s  finite=4846
  [5440/100000]  elapsed=4967s  rate=1.1/s  eta=86334s  finite=4856
  [5450/100000]  elapsed=4976s  rate=1.1/s  eta=86333s  finite=4864
  [5460/100000]  elapsed=4986s  rate=1.1/s  eta=86332s  finite=4874
  [warn] sample 4 failed: 
  [5470/100000]  elapsed=4995s  rate=1.1/s  eta=86314s  finite=4881
  [warn] sample 8 failed: 
  [5480/100000]  elapsed=5003s  rate=1.1/s  eta=86295s  finite=4889
  [warn] sample 0 failed: 
  [5490/100000]  elapsed=5012s  rate=1.1/s  eta=86276s  finite=4897
  [warn] sample 3 failed: 
  [5500/100000]  elapsed=5020s  rate=1.1/s  eta=86258s  finite=4905
  -> checkpoint saved: /scratch/e1498138/lhs/lhs_noise2_paris1_checkpoints/lhs_noise2_paris1_ckpt_005500.pkl
  [5510/100000]  elapsed=5030s  rate=1.1/s  eta=86261s  finite=4914
  [5520/100000]  elapsed=5040s  rate=1.1/s  eta=86258s  finite=4923
  [warn] sample 3 failed: 
  [warn] sample 6 failed: 
  [warn] sample 8 failed: 
  [5530/100000]  elapsed=5047s  rate=1.1/s  eta=86212s  finite=4930
  [5540/100000]  elapsed=5056s  rate=1.1/s  eta=86208s  finite=4940
  [warn] sample 3 failed: 
  [5550/100000]  elapsed=5065s  rate=1.1/s  eta=86190s  finite=4948
  [5560/100000]  elapsed=5074s  rate=1.1/s  eta=86184s  finite=4957
  [5570/100000]  elapsed=5083s  rate=1.1/s  eta=86179s  finite=4966
  [warn] sample 9 failed: 
  [5580/100000]  elapsed=5092s  rate=1.1/s  eta=86159s  finite=4975
  [warn] sample 0 failed: 
  [5590/100000]  elapsed=5101s  rate=1.1/s  eta=86144s  finite=4984
  [5600/100000]  elapsed=5110s  rate=1.1/s  eta=86139s  finite=4992
  -> checkpoint saved: /scratch/e1498138/lhs/lhs_noise2_paris1_checkpoints/lhs_noise2_paris1_ckpt_005600.pkl
  [5610/100000]  elapsed=5120s  rate=1.1/s  eta=86138s  finite=5000
  [5620/100000]  elapsed=5129s  rate=1.1/s  eta=86134s  finite=5008
  [5630/100000]  elapsed=5139s  rate=1.1/s  eta=86134s  finite=5016
  [5640/100000]  elapsed=5148s  rate=1.1/s  eta=86129s  finite=5026
  [warn] sample 7 failed: 
  [5650/100000]  elapsed=5157s  rate=1.1/s  eta=86110s  finite=5034
  [5660/100000]  elapsed=5166s  rate=1.1/s  eta=86105s  finite=5044
  [5670/100000]  elapsed=5175s  rate=1.1/s  eta=86101s  finite=5053
  [5680/100000]  elapsed=5185s  rate=1.1/s  eta=86095s  finite=5063
  [5690/100000]  elapsed=5194s  rate=1.1/s  eta=86091s  finite=5073
  [warn] sample 9 failed: 
  [5700/100000]  elapsed=5203s  rate=1.1/s  eta=86072s  finite=5082
  -> checkpoint saved: /scratch/e1498138/lhs/lhs_noise2_paris1_checkpoints/lhs_noise2_paris1_ckpt_005700.pkl
  [5710/100000]  elapsed=5212s  rate=1.1/s  eta=86068s  finite=5091
  [5720/100000]  elapsed=5222s  rate=1.1/s  eta=86064s  finite=5100
  [5730/100000]  elapsed=5231s  rate=1.1/s  eta=86058s  finite=5109
  [5740/100000]  elapsed=5240s  rate=1.1/s  eta=86052s  finite=5117
  [5750/100000]  elapsed=5250s  rate=1.1/s  eta=86048s  finite=5126
  [5760/100000]  elapsed=5259s  rate=1.1/s  eta=86049s  finite=5136
  [5770/100000]  elapsed=5269s  rate=1.1/s  eta=86044s  finite=5146
  [warn] sample 8 failed: 
  [5780/100000]  elapsed=5277s  rate=1.1/s  eta=86026s  finite=5154
  [5790/100000]  elapsed=5287s  rate=1.1/s  eta=86019s  finite=5164
  [warn] sample 5 failed: 
  [5800/100000]  elapsed=5295s  rate=1.1/s  eta=86001s  finite=5173
  -> checkpoint saved: /scratch/e1498138/lhs/lhs_noise2_paris1_checkpoints/lhs_noise2_paris1_ckpt_005800.pkl
  [warn] sample 6 failed: 
  [5810/100000]  elapsed=5304s  rate=1.1/s  eta=85982s  finite=5182
  [5820/100000]  elapsed=5313s  rate=1.1/s  eta=85977s  finite=5192
  [warn] sample 2 failed: 
  [5830/100000]  elapsed=5322s  rate=1.1/s  eta=85959s  finite=5201
  [5840/100000]  elapsed=5331s  rate=1.1/s  eta=85951s  finite=5210
  [5850/100000]  elapsed=5340s  rate=1.1/s  eta=85949s  finite=5219
  [5860/100000]  elapsed=5350s  rate=1.1/s  eta=85947s  finite=5229
  [5870/100000]  elapsed=5359s  rate=1.1/s  eta=85942s  finite=5238
  [warn] sample 6 failed: 
  [5880/100000]  elapsed=5368s  rate=1.1/s  eta=85928s  finite=5246
  [warn] sample 2 failed: 
  [5890/100000]  elapsed=5377s  rate=1.1/s  eta=85910s  finite=5255
  [warn] sample 2 failed: 
  [5900/100000]  elapsed=5385s  rate=1.1/s  eta=85893s  finite=5263
  -> checkpoint saved: /scratch/e1498138/lhs/lhs_noise2_paris1_checkpoints/lhs_noise2_paris1_ckpt_005900.pkl
  [warn] sample 4 failed: 
  [5910/100000]  elapsed=5394s  rate=1.1/s  eta=85874s  finite=5271
  [5920/100000]  elapsed=5403s  rate=1.1/s  eta=85869s  finite=5280
  [5930/100000]  elapsed=5413s  rate=1.1/s  eta=85863s  finite=5288
  [warn] sample 7 failed: 
  [5940/100000]  elapsed=5421s  rate=1.1/s  eta=85843s  finite=5297
  [warn] sample 2 failed: 
  [5950/100000]  elapsed=5430s  rate=1.1/s  eta=85826s  finite=5305
  [5960/100000]  elapsed=5439s  rate=1.1/s  eta=85820s  finite=5314
  [warn] sample 9 failed: 
  [5970/100000]  elapsed=5448s  rate=1.1/s  eta=85801s  finite=5322
  [5980/100000]  elapsed=5457s  rate=1.1/s  eta=85799s  finite=5332
  [warn] sample 2 failed: 
  [5990/100000]  elapsed=5466s  rate=1.1/s  eta=85780s  finite=5340
  [6000/100000]  elapsed=5475s  rate=1.1/s  eta=85778s  finite=5350
  -> checkpoint saved: /scratch/e1498138/lhs/lhs_noise2_paris1_checkpoints/lhs_noise2_paris1_ckpt_006000.pkl
  [6010/100000]  elapsed=5485s  rate=1.1/s  eta=85780s  finite=5359
  [6020/100000]  elapsed=5494s  rate=1.1/s  eta=85776s  finite=5369
  [6030/100000]  elapsed=5504s  rate=1.1/s  eta=85769s  finite=5376
  [warn] sample 6 failed: 
  [6040/100000]  elapsed=5512s  rate=1.1/s  eta=85752s  finite=5383
  [6050/100000]  elapsed=5522s  rate=1.1/s  eta=85751s  finite=5393
  [6060/100000]  elapsed=5531s  rate=1.1/s  eta=85746s  finite=5403
  [6070/100000]  elapsed=5541s  rate=1.1/s  eta=85742s  finite=5413
  [6080/100000]  elapsed=5550s  rate=1.1/s  eta=85740s  finite=5423
  [warn] sample 4 failed: 
  [6090/100000]  elapsed=5559s  rate=1.1/s  eta=85722s  finite=5432
  [6100/100000]  elapsed=5568s  rate=1.1/s  eta=85717s  finite=5442
  -> checkpoint saved: /scratch/e1498138/lhs/lhs_noise2_paris1_checkpoints/lhs_noise2_paris1_ckpt_006100.pkl
  [6110/100000]  elapsed=5578s  rate=1.1/s  eta=85719s  finite=5451
  [6120/100000]  elapsed=5588s  rate=1.1/s  eta=85713s  finite=5461
  [6130/100000]  elapsed=5597s  rate=1.1/s  eta=85712s  finite=5470
  [6140/100000]  elapsed=5607s  rate=1.1/s  eta=85708s  finite=5480
  [6150/100000]  elapsed=5616s  rate=1.1/s  eta=85704s  finite=5490
  [6160/100000]  elapsed=5626s  rate=1.1/s  eta=85711s  finite=5500
  [6170/100000]  elapsed=5637s  rate=1.1/s  eta=85717s  finite=5510
  [6180/100000]  elapsed=5646s  rate=1.1/s  eta=85718s  finite=5520
  [6190/100000]  elapsed=5656s  rate=1.1/s  eta=85718s  finite=5530
  [6200/100000]  elapsed=5666s  rate=1.1/s  eta=85714s  finite=5540
  -> checkpoint saved: /scratch/e1498138/lhs/lhs_noise2_paris1_checkpoints/lhs_noise2_paris1_ckpt_006200.pkl
  [6210/100000]  elapsed=5675s  rate=1.1/s  eta=85711s  finite=5549
  [6220/100000]  elapsed=5685s  rate=1.1/s  eta=85708s  finite=5559
  [warn] sample 3 failed: 
  [warn] sample 7 failed: 
  [6230/100000]  elapsed=5692s  rate=1.1/s  eta=85679s  finite=5567
  [6240/100000]  elapsed=5702s  rate=1.1/s  eta=85680s  finite=5576
  [6250/100000]  elapsed=5712s  rate=1.1/s  eta=85674s  finite=5583
  [6260/100000]  elapsed=5721s  rate=1.1/s  eta=85666s  finite=5592
  [6270/100000]  elapsed=5731s  rate=1.1/s  eta=85668s  finite=5602
  [6280/100000]  elapsed=5740s  rate=1.1/s  eta=85664s  finite=5611
  [6290/100000]  elapsed=5750s  rate=1.1/s  eta=85660s  finite=5621
  [6300/100000]  elapsed=5759s  rate=1.1/s  eta=85654s  finite=5629
  -> checkpoint saved: /scratch/e1498138/lhs/lhs_noise2_paris1_checkpoints/lhs_noise2_paris1_ckpt_006300.pkl
  [6310/100000]  elapsed=5768s  rate=1.1/s  eta=85647s  finite=5638
  [warn] sample 4 failed: 
  [warn] sample 9 failed: 
  [6320/100000]  elapsed=5776s  rate=1.1/s  eta=85618s  finite=5645
  [6330/100000]  elapsed=5786s  rate=1.1/s  eta=85616s  finite=5655
  [6340/100000]  elapsed=5795s  rate=1.1/s  eta=85610s  finite=5665
  [6350/100000]  elapsed=5805s  rate=1.1/s  eta=85608s  finite=5674
  [6360/100000]  elapsed=5814s  rate=1.1/s  eta=85602s  finite=5684
  [6370/100000]  elapsed=5824s  rate=1.1/s  eta=85597s  finite=5694
  [warn] sample 1 failed: 
  [6380/100000]  elapsed=5832s  rate=1.1/s  eta=85580s  finite=5703
  [6390/100000]  elapsed=5841s  rate=1.1/s  eta=85571s  finite=5712
  [6400/100000]  elapsed=5851s  rate=1.1/s  eta=85566s  finite=5721
  -> checkpoint saved: /scratch/e1498138/lhs/lhs_noise2_paris1_checkpoints/lhs_noise2_paris1_ckpt_006400.pkl
  [6410/100000]  elapsed=5860s  rate=1.1/s  eta=85561s  finite=5729
  [6420/100000]  elapsed=5869s  rate=1.1/s  eta=85555s  finite=5738
  [6430/100000]  elapsed=5879s  rate=1.1/s  eta=85552s  finite=5747
  [6440/100000]  elapsed=5888s  rate=1.1/s  eta=85545s  finite=5756
  [6450/100000]  elapsed=5898s  rate=1.1/s  eta=85539s  finite=5766
  [warn] sample 7 failed: 
  [6460/100000]  elapsed=5906s  rate=1.1/s  eta=85521s  finite=5775
  [warn] sample 5 failed: 
  [6470/100000]  elapsed=5915s  rate=1.1/s  eta=85502s  finite=5784
  [warn] sample 5 failed: 
  [6480/100000]  elapsed=5923s  rate=1.1/s  eta=85484s  finite=5793
  [warn] sample 5 failed: 
  [6490/100000]  elapsed=5932s  rate=1.1/s  eta=85465s  finite=5800
  [warn] sample 8 failed: 
  [6500/100000]  elapsed=5940s  rate=1.1/s  eta=85451s  finite=5808
  -> checkpoint saved: /scratch/e1498138/lhs/lhs_noise2_paris1_checkpoints/lhs_noise2_paris1_ckpt_006500.pkl
  [6510/100000]  elapsed=5950s  rate=1.1/s  eta=85446s  finite=5817
  [6520/100000]  elapsed=5959s  rate=1.1/s  eta=85438s  finite=5826
  [warn] sample 3 failed: 
  [6530/100000]  elapsed=5968s  rate=1.1/s  eta=85422s  finite=5834
  [warn] sample 0 failed: 
  [6540/100000]  elapsed=5976s  rate=1.1/s  eta=85405s  finite=5842
  [6550/100000]  elapsed=5986s  rate=1.1/s  eta=85400s  finite=5852
  [6560/100000]  elapsed=5995s  rate=1.1/s  eta=85395s  finite=5862
  [warn] sample 4 failed: 
  [6570/100000]  elapsed=6004s  rate=1.1/s  eta=85377s  finite=5870
  [warn] sample 9 failed: 
  [6580/100000]  elapsed=6012s  rate=1.1/s  eta=85359s  finite=5878
  [6590/100000]  elapsed=6022s  rate=1.1/s  eta=85354s  finite=5887
  [6600/100000]  elapsed=6031s  rate=1.1/s  eta=85353s  finite=5895
  -> checkpoint saved: /scratch/e1498138/lhs/lhs_noise2_paris1_checkpoints/lhs_noise2_paris1_ckpt_006600.pkl
  [6610/100000]  elapsed=6041s  rate=1.1/s  eta=85348s  finite=5905
  [6620/100000]  elapsed=6050s  rate=1.1/s  eta=85344s  finite=5914
  [warn] sample 4 failed: 
  [6630/100000]  elapsed=6059s  rate=1.1/s  eta=85330s  finite=5922
  [6640/100000]  elapsed=6069s  rate=1.1/s  eta=85325s  finite=5932
  [6650/100000]  elapsed=6078s  rate=1.1/s  eta=85320s  finite=5941
  [6660/100000]  elapsed=6087s  rate=1.1/s  eta=85316s  finite=5948
  [6670/100000]  elapsed=6097s  rate=1.1/s  eta=85309s  finite=5957
  [6680/100000]  elapsed=6106s  rate=1.1/s  eta=85303s  finite=5965
  [warn] sample 7 failed: 
  [6690/100000]  elapsed=6115s  rate=1.1/s  eta=85286s  finite=5972
  [6700/100000]  elapsed=6124s  rate=1.1/s  eta=85279s  finite=5981
  -> checkpoint saved: /scratch/e1498138/lhs/lhs_noise2_paris1_checkpoints/lhs_noise2_paris1_ckpt_006700.pkl
  [6710/100000]  elapsed=6134s  rate=1.1/s  eta=85276s  finite=5990
  [warn] sample 5 failed: 
  [6720/100000]  elapsed=6142s  rate=1.1/s  eta=85257s  finite=5998
  [6730/100000]  elapsed=6152s  rate=1.1/s  eta=85253s  finite=6007
  [warn] sample 1 failed: 
  [6740/100000]  elapsed=6160s  rate=1.1/s  eta=85233s  finite=6014
  [6750/100000]  elapsed=6169s  rate=1.1/s  eta=85228s  finite=6023
  [6760/100000]  elapsed=6179s  rate=1.1/s  eta=85224s  finite=6033
  [6770/100000]  elapsed=6188s  rate=1.1/s  eta=85219s  finite=6043
  [6780/100000]  elapsed=6198s  rate=1.1/s  eta=85212s  finite=6051
  [warn] sample 6 failed: 
  [6790/100000]  elapsed=6206s  rate=1.1/s  eta=85197s  finite=6059
  [6800/100000]  elapsed=6216s  rate=1.1/s  eta=85195s  finite=6069
  -> checkpoint saved: /scratch/e1498138/lhs/lhs_noise2_paris1_checkpoints/lhs_noise2_paris1_ckpt_006800.pkl
  [warn] sample 6 failed: 
  [6810/100000]  elapsed=6225s  rate=1.1/s  eta=85178s  finite=6076
  [warn] sample 4 failed: 
  [6820/100000]  elapsed=6233s  rate=1.1/s  eta=85160s  finite=6085
  [6830/100000]  elapsed=6242s  rate=1.1/s  eta=85155s  finite=6093
  [6840/100000]  elapsed=6252s  rate=1.1/s  eta=85148s  finite=6102
  [6850/100000]  elapsed=6261s  rate=1.1/s  eta=85141s  finite=6112
  [6860/100000]  elapsed=6270s  rate=1.1/s  eta=85136s  finite=6122
  [6870/100000]  elapsed=6280s  rate=1.1/s  eta=85128s  finite=6131
  [warn] sample 1 failed: 
  [6880/100000]  elapsed=6288s  rate=1.1/s  eta=85114s  finite=6140
  [6890/100000]  elapsed=6298s  rate=1.1/s  eta=85107s  finite=6150
  [warn] sample 0 failed: 
  [warn] sample 3 failed: 
  [6900/100000]  elapsed=6306s  rate=1.1/s  eta=85080s  finite=6158
  -> checkpoint saved: /scratch/e1498138/lhs/lhs_noise2_paris1_checkpoints/lhs_noise2_paris1_ckpt_006900.pkl
  [warn] sample 4 failed: 
  [6910/100000]  elapsed=6314s  rate=1.1/s  eta=85064s  finite=6167
  [6920/100000]  elapsed=6324s  rate=1.1/s  eta=85058s  finite=6176
  [6930/100000]  elapsed=6333s  rate=1.1/s  eta=85053s  finite=6186
  [6940/100000]  elapsed=6343s  rate=1.1/s  eta=85049s  finite=6196
  [6950/100000]  elapsed=6352s  rate=1.1/s  eta=85042s  finite=6204
  [6960/100000]  elapsed=6361s  rate=1.1/s  eta=85036s  finite=6211
  [6970/100000]  elapsed=6371s  rate=1.1/s  eta=85029s  finite=6220
  [warn] sample 2 failed: 
  [6980/100000]  elapsed=6379s  rate=1.1/s  eta=85012s  finite=6229
  [6990/100000]  elapsed=6389s  rate=1.1/s  eta=85007s  finite=6239
  [7000/100000]  elapsed=6398s  rate=1.1/s  eta=85002s  finite=6248
  -> checkpoint saved: /scratch/e1498138/lhs/lhs_noise2_paris1_checkpoints/lhs_noise2_paris1_ckpt_007000.pkl
  [7010/100000]  elapsed=6407s  rate=1.1/s  eta=84997s  finite=6257
  [warn] sample 4 failed: 
  [7020/100000]  elapsed=6416s  rate=1.1/s  eta=84980s  finite=6265
  [7030/100000]  elapsed=6425s  rate=1.1/s  eta=84975s  finite=6275
  [warn] sample 4 failed: 
  [warn] sample 5 failed: 
  [7040/100000]  elapsed=6433s  rate=1.1/s  eta=84946s  finite=6283
  [warn] sample 2 failed: 
  [7050/100000]  elapsed=6442s  rate=1.1/s  eta=84932s  finite=6292
  [7060/100000]  elapsed=6451s  rate=1.1/s  eta=84928s  finite=6301
  [7070/100000]  elapsed=6461s  rate=1.1/s  eta=84923s  finite=6311
  [7080/100000]  elapsed=6470s  rate=1.1/s  eta=84917s  finite=6319
  [7090/100000]  elapsed=6480s  rate=1.1/s  eta=84916s  finite=6328
  [7100/100000]  elapsed=6489s  rate=1.1/s  eta=84912s  finite=6338
  -> checkpoint saved: /scratch/e1498138/lhs/lhs_noise2_paris1_checkpoints/lhs_noise2_paris1_ckpt_007100.pkl
  [7110/100000]  elapsed=6499s  rate=1.1/s  eta=84905s  finite=6347
  [warn] sample 0 failed: 
  [warn] sample 2 failed: 
  [warn] sample 3 failed: 
  [7120/100000]  elapsed=6506s  rate=1.1/s  eta=84867s  finite=6354
  [warn] sample 8 failed: 
  [7130/100000]  elapsed=6514s  rate=1.1/s  eta=84852s  finite=6362
  [warn] sample 2 failed: 
  [7140/100000]  elapsed=6523s  rate=1.1/s  eta=84837s  finite=6370
  [7150/100000]  elapsed=6533s  rate=1.1/s  eta=84832s  finite=6380
  [7160/100000]  elapsed=6542s  rate=1.1/s  eta=84830s  finite=6390
  [7170/100000]  elapsed=6552s  rate=1.1/s  eta=84824s  finite=6399
  [7180/100000]  elapsed=6561s  rate=1.1/s  eta=84818s  finite=6408
  [7190/100000]  elapsed=6571s  rate=1.1/s  eta=84815s  finite=6417
  [7200/100000]  elapsed=6580s  rate=1.1/s  eta=84811s  finite=6427
  -> checkpoint saved: /scratch/e1498138/lhs/lhs_noise2_paris1_checkpoints/lhs_noise2_paris1_ckpt_007200.pkl
  [7210/100000]  elapsed=6590s  rate=1.1/s  eta=84805s  finite=6435
  [warn] sample 7 failed: 
  [7220/100000]  elapsed=6598s  rate=1.1/s  eta=84789s  finite=6442
  [7230/100000]  elapsed=6608s  rate=1.1/s  eta=84784s  finite=6451
  [7240/100000]  elapsed=6617s  rate=1.1/s  eta=84777s  finite=6460
  [warn] sample 1 failed: 
  [7250/100000]  elapsed=6626s  rate=1.1/s  eta=84763s  finite=6467
  [7260/100000]  elapsed=6635s  rate=1.1/s  eta=84758s  finite=6476
  [7270/100000]  elapsed=6645s  rate=1.1/s  eta=84752s  finite=6486
  [7280/100000]  elapsed=6654s  rate=1.1/s  eta=84751s  finite=6495
  [7290/100000]  elapsed=6664s  rate=1.1/s  eta=84744s  finite=6504
  [7300/100000]  elapsed=6673s  rate=1.1/s  eta=84737s  finite=6514
  -> checkpoint saved: /scratch/e1498138/lhs/lhs_noise2_paris1_checkpoints/lhs_noise2_paris1_ckpt_007300.pkl
  [7310/100000]  elapsed=6683s  rate=1.1/s  eta=84736s  finite=6523
  [warn] sample 1 failed: 
  [warn] sample 6 failed: 
  [7320/100000]  elapsed=6690s  rate=1.1/s  eta=84710s  finite=6531
  [7330/100000]  elapsed=6700s  rate=1.1/s  eta=84704s  finite=6540
  [warn] sample 9 failed: 
  [7340/100000]  elapsed=6708s  rate=1.1/s  eta=84688s  finite=6549
  [7350/100000]  elapsed=6718s  rate=1.1/s  eta=84682s  finite=6559
  [7360/100000]  elapsed=6727s  rate=1.1/s  eta=84677s  finite=6568
  [7370/100000]  elapsed=6737s  rate=1.1/s  eta=84674s  finite=6577
  [7380/100000]  elapsed=6747s  rate=1.1/s  eta=84674s  finite=6586
  [warn] sample 2 failed: 
  [7390/100000]  elapsed=6755s  rate=1.1/s  eta=84657s  finite=6595
  [7400/100000]  elapsed=6765s  rate=1.1/s  eta=84651s  finite=6605
  -> checkpoint saved: /scratch/e1498138/lhs/lhs_noise2_paris1_checkpoints/lhs_noise2_paris1_ckpt_007400.pkl
  [7410/100000]  elapsed=6774s  rate=1.1/s  eta=84647s  finite=6615
  [7420/100000]  elapsed=6784s  rate=1.1/s  eta=84641s  finite=6625
  [warn] sample 6 failed: 
  [7430/100000]  elapsed=6792s  rate=1.1/s  eta=84626s  finite=6634
  [warn] sample 8 failed: 
  [warn] sample 9 failed: 
  [7440/100000]  elapsed=6800s  rate=1.1/s  eta=84598s  finite=6641
  [7450/100000]  elapsed=6810s  rate=1.1/s  eta=84595s  finite=6651
  [7460/100000]  elapsed=6819s  rate=1.1/s  eta=84593s  finite=6661
  [7470/100000]  elapsed=6829s  rate=1.1/s  eta=84589s  finite=6671
  [7480/100000]  elapsed=6838s  rate=1.1/s  eta=84584s  finite=6680
  [warn] sample 6 failed: 
  [7490/100000]  elapsed=6847s  rate=1.1/s  eta=84569s  finite=6689
  [warn] sample 9 failed: 
  [7500/100000]  elapsed=6856s  rate=1.1/s  eta=84554s  finite=6695
  -> checkpoint saved: /scratch/e1498138/lhs/lhs_noise2_paris1_checkpoints/lhs_noise2_paris1_ckpt_007500.pkl
  [warn] sample 1 failed: 
  [7510/100000]  elapsed=6864s  rate=1.1/s  eta=84539s  finite=6702
  [warn] sample 3 failed: 
  [7520/100000]  elapsed=6873s  rate=1.1/s  eta=84524s  finite=6711
  [7530/100000]  elapsed=6882s  rate=1.1/s  eta=84517s  finite=6720
  [warn] sample 3 failed: 
  [7540/100000]  elapsed=6891s  rate=1.1/s  eta=84501s  finite=6728
  [7550/100000]  elapsed=6900s  rate=1.1/s  eta=84496s  finite=6737
  [7560/100000]  elapsed=6910s  rate=1.1/s  eta=84494s  finite=6746
  [warn] sample 4 failed: 
  [7570/100000]  elapsed=6919s  rate=1.1/s  eta=84480s  finite=6755
  [7580/100000]  elapsed=6928s  rate=1.1/s  eta=84473s  finite=6764
  [7590/100000]  elapsed=6938s  rate=1.1/s  eta=84466s  finite=6772
  [warn] sample 5 failed: 
  [7600/100000]  elapsed=6946s  rate=1.1/s  eta=84452s  finite=6780
  -> checkpoint saved: /scratch/e1498138/lhs/lhs_noise2_paris1_checkpoints/lhs_noise2_paris1_ckpt_007600.pkl
  [7610/100000]  elapsed=6956s  rate=1.1/s  eta=84447s  finite=6789
  [7620/100000]  elapsed=6965s  rate=1.1/s  eta=84441s  finite=6796
  [warn] sample 5 failed: 
  [warn] sample 8 failed: 
  [7630/100000]  elapsed=6973s  rate=1.1/s  eta=84415s  finite=6804
  [warn] sample 6 failed: 
  [7640/100000]  elapsed=6981s  rate=1.1/s  eta=84397s  finite=6812
  [7650/100000]  elapsed=6991s  rate=1.1/s  eta=84391s  finite=6822
  [7660/100000]  elapsed=7000s  rate=1.1/s  eta=84386s  finite=6831
  [warn] sample 1 failed: 
  [7670/100000]  elapsed=7009s  rate=1.1/s  eta=84371s  finite=6838
  [warn] sample 7 failed: 
  [7680/100000]  elapsed=7017s  rate=1.1/s  eta=84355s  finite=6845
  [7690/100000]  elapsed=7027s  rate=1.1/s  eta=84350s  finite=6854
  [7700/100000]  elapsed=7036s  rate=1.1/s  eta=84345s  finite=6863
  -> checkpoint saved: /scratch/e1498138/lhs/lhs_noise2_paris1_checkpoints/lhs_noise2_paris1_ckpt_007700.pkl
  [7710/100000]  elapsed=7046s  rate=1.1/s  eta=84341s  finite=6873
  [7720/100000]  elapsed=7055s  rate=1.1/s  eta=84336s  finite=6883
  [7730/100000]  elapsed=7065s  rate=1.1/s  eta=84328s  finite=6893
  [7740/100000]  elapsed=7074s  rate=1.1/s  eta=84322s  finite=6902
  [7750/100000]  elapsed=7084s  rate=1.1/s  eta=84319s  finite=6912
  [warn] sample 5 failed: 
  [7760/100000]  elapsed=7092s  rate=1.1/s  eta=84302s  finite=6920
  [7770/100000]  elapsed=7102s  rate=1.1/s  eta=84298s  finite=6930
  [7780/100000]  elapsed=7111s  rate=1.1/s  eta=84294s  finite=6939
  [7790/100000]  elapsed=7121s  rate=1.1/s  eta=84287s  finite=6947
  [warn] sample 3 failed: 
  [7800/100000]  elapsed=7129s  rate=1.1/s  eta=84271s  finite=6956
  -> checkpoint saved: /scratch/e1498138/lhs/lhs_noise2_paris1_checkpoints/lhs_noise2_paris1_ckpt_007800.pkl
  [warn] sample 2 failed: 
  [7810/100000]  elapsed=7138s  rate=1.1/s  eta=84257s  finite=6965
  [7820/100000]  elapsed=7147s  rate=1.1/s  eta=84251s  finite=6975
  [7830/100000]  elapsed=7157s  rate=1.1/s  eta=84245s  finite=6985
  [warn] sample 9 failed: 
  [7840/100000]  elapsed=7165s  rate=1.1/s  eta=84230s  finite=6993
  [warn] sample 3 failed: 
  [warn] sample 5 failed: 
  [7850/100000]  elapsed=7173s  rate=1.1/s  eta=84203s  finite=6999
  [warn] sample 0 failed: 
  [warn] sample 3 failed: 
  [7860/100000]  elapsed=7181s  rate=1.1/s  eta=84179s  finite=7007
  [warn] sample 3 failed: 
  [warn] sample 9 failed: 
  [7870/100000]  elapsed=7189s  rate=1.1/s  eta=84154s  finite=7015
  [warn] sample 5 failed: 
  [7880/100000]  elapsed=7197s  rate=1.1/s  eta=84140s  finite=7024
  [7890/100000]  elapsed=7207s  rate=1.1/s  eta=84133s  finite=7031
  [7900/100000]  elapsed=7216s  rate=1.1/s  eta=84128s  finite=7039
  -> checkpoint saved: /scratch/e1498138/lhs/lhs_noise2_paris1_checkpoints/lhs_noise2_paris1_ckpt_007900.pkl
  [7910/100000]  elapsed=7226s  rate=1.1/s  eta=84124s  finite=7049
  [7920/100000]  elapsed=7235s  rate=1.1/s  eta=84121s  finite=7058
  [warn] sample 4 failed: 
  [7930/100000]  elapsed=7244s  rate=1.1/s  eta=84107s  finite=7066
  [7940/100000]  elapsed=7254s  rate=1.1/s  eta=84104s  finite=7076
  [warn] sample 8 failed: 
  [7950/100000]  elapsed=7263s  rate=1.1/s  eta=84093s  finite=7085
  [7960/100000]  elapsed=7272s  rate=1.1/s  eta=84088s  finite=7093
  [7970/100000]  elapsed=7282s  rate=1.1/s  eta=84081s  finite=7103
  [7980/100000]  elapsed=7291s  rate=1.1/s  eta=84076s  finite=7108
  [7990/100000]  elapsed=7300s  rate=1.1/s  eta=84069s  finite=7118
  [8000/100000]  elapsed=7310s  rate=1.1/s  eta=84063s  finite=7128
  -> checkpoint saved: /scratch/e1498138/lhs/lhs_noise2_paris1_checkpoints/lhs_noise2_paris1_ckpt_008000.pkl
  [8010/100000]  elapsed=7319s  rate=1.1/s  eta=84058s  finite=7138
  [8020/100000]  elapsed=7329s  rate=1.1/s  eta=84050s  finite=7147
  [8030/100000]  elapsed=7338s  rate=1.1/s  eta=84045s  finite=7157
  [warn] sample 0 failed: 
  [warn] sample 2 failed: 
  [8040/100000]  elapsed=7346s  rate=1.1/s  eta=84024s  finite=7165
  [warn] sample 6 failed: 
  [8050/100000]  elapsed=7355s  rate=1.1/s  eta=84008s  finite=7174
  [8060/100000]  elapsed=7364s  rate=1.1/s  eta=84002s  finite=7183
  [warn] sample 0 failed: 
  [8070/100000]  elapsed=7373s  rate=1.1/s  eta=83985s  finite=7192
  [8080/100000]  elapsed=7382s  rate=1.1/s  eta=83979s  finite=7202
  [warn] sample 1 failed: 
  [warn] sample 3 failed: 
  [8090/100000]  elapsed=7390s  rate=1.1/s  eta=83954s  finite=7210
  [8100/100000]  elapsed=7399s  rate=1.1/s  eta=83948s  finite=7220
  -> checkpoint saved: /scratch/e1498138/lhs/lhs_noise2_paris1_checkpoints/lhs_noise2_paris1_ckpt_008100.pkl
  [8110/100000]  elapsed=7409s  rate=1.1/s  eta=83943s  finite=7229
  [8120/100000]  elapsed=7418s  rate=1.1/s  eta=83941s  finite=7239
  [8130/100000]  elapsed=7428s  rate=1.1/s  eta=83935s  finite=7248
  [8140/100000]  elapsed=7437s  rate=1.1/s  eta=83929s  finite=7256
  [8150/100000]  elapsed=7447s  rate=1.1/s  eta=83923s  finite=7266
  [warn] sample 0 failed: 
  [8160/100000]  elapsed=7455s  rate=1.1/s  eta=83907s  finite=7274
  [warn] sample 0 failed: 
  [8170/100000]  elapsed=7464s  rate=1.1/s  eta=83892s  finite=7282
  [warn] sample 5 failed: 
  [8180/100000]  elapsed=7472s  rate=1.1/s  eta=83875s  finite=7291
  [warn] sample 5 failed: 
  [8190/100000]  elapsed=7481s  rate=1.1/s  eta=83862s  finite=7300
  [8200/100000]  elapsed=7490s  rate=1.1/s  eta=83856s  finite=7310
  -> checkpoint saved: /scratch/e1498138/lhs/lhs_noise2_paris1_checkpoints/lhs_noise2_paris1_ckpt_008200.pkl
  [8210/100000]  elapsed=7500s  rate=1.1/s  eta=83853s  finite=7320
  [8220/100000]  elapsed=7509s  rate=1.1/s  eta=83846s  finite=7330
  [8230/100000]  elapsed=7519s  rate=1.1/s  eta=83842s  finite=7339
  [8240/100000]  elapsed=7529s  rate=1.1/s  eta=83837s  finite=7348
  [8250/100000]  elapsed=7538s  rate=1.1/s  eta=83832s  finite=7358
  [8260/100000]  elapsed=7547s  rate=1.1/s  eta=83825s  finite=7368
  [warn] sample 1 failed: 
  [8270/100000]  elapsed=7556s  rate=1.1/s  eta=83810s  finite=7377
  [warn] sample 4 failed: 
  [8280/100000]  elapsed=7565s  rate=1.1/s  eta=83795s  finite=7385
  [warn] sample 4 failed: 
  [8290/100000]  elapsed=7573s  rate=1.1/s  eta=83780s  finite=7394
  [8300/100000]  elapsed=7583s  rate=1.1/s  eta=83774s  finite=7403
  -> checkpoint saved: /scratch/e1498138/lhs/lhs_noise2_paris1_checkpoints/lhs_noise2_paris1_ckpt_008300.pkl
  [8310/100000]  elapsed=7592s  rate=1.1/s  eta=83769s  finite=7413
  [8320/100000]  elapsed=7602s  rate=1.1/s  eta=83763s  finite=7422
  [8330/100000]  elapsed=7611s  rate=1.1/s  eta=83756s  finite=7432
  [8340/100000]  elapsed=7620s  rate=1.1/s  eta=83751s  finite=7442
  [8350/100000]  elapsed=7630s  rate=1.1/s  eta=83746s  finite=7449
  [warn] sample 7 failed: 
  [8360/100000]  elapsed=7639s  rate=1.1/s  eta=83732s  finite=7456
  [8370/100000]  elapsed=7648s  rate=1.1/s  eta=83730s  finite=7466
  [8380/100000]  elapsed=7658s  rate=1.1/s  eta=83726s  finite=7476
  [8390/100000]  elapsed=7668s  rate=1.1/s  eta=83722s  finite=7486
  [warn] sample 0 failed: 
  [8400/100000]  elapsed=7677s  rate=1.1/s  eta=83712s  finite=7493
  -> checkpoint saved: /scratch/e1498138/lhs/lhs_noise2_paris1_checkpoints/lhs_noise2_paris1_ckpt_008400.pkl
  [warn] sample 0 failed: 
  [8410/100000]  elapsed=7685s  rate=1.1/s  eta=83698s  finite=7502
  [warn] sample 3 failed: 
  [warn] sample 4 failed: 
  [8420/100000]  elapsed=7693s  rate=1.1/s  eta=83676s  finite=7510
  [8430/100000]  elapsed=7703s  rate=1.1/s  eta=83670s  finite=7519
  [warn] sample 1 failed: 
  [8440/100000]  elapsed=7712s  rate=1.1/s  eta=83657s  finite=7527
  [8450/100000]  elapsed=7721s  rate=1.1/s  eta=83652s  finite=7536
  [8460/100000]  elapsed=7730s  rate=1.1/s  eta=83646s  finite=7546
  [8470/100000]  elapsed=7740s  rate=1.1/s  eta=83641s  finite=7554
  [8480/100000]  elapsed=7749s  rate=1.1/s  eta=83635s  finite=7564
  [8490/100000]  elapsed=7759s  rate=1.1/s  eta=83631s  finite=7573
  [warn] sample 7 failed: 
  [8500/100000]  elapsed=7768s  rate=1.1/s  eta=83617s  finite=7582
  -> checkpoint saved: /scratch/e1498138/lhs/lhs_noise2_paris1_checkpoints/lhs_noise2_paris1_ckpt_008500.pkl
  [warn] sample 0 failed: 
  [warn] sample 2 failed: 
  [8510/100000]  elapsed=7775s  rate=1.1/s  eta=83593s  finite=7590
  [8520/100000]  elapsed=7785s  rate=1.1/s  eta=83588s  finite=7600
  [8530/100000]  elapsed=7794s  rate=1.1/s  eta=83583s  finite=7610
  [8540/100000]  elapsed=7804s  rate=1.1/s  eta=83576s  finite=7618
  [8550/100000]  elapsed=7813s  rate=1.1/s  eta=83570s  finite=7626
  [warn] sample 7 failed: 
  [8560/100000]  elapsed=7822s  rate=1.1/s  eta=83554s  finite=7634
  [8570/100000]  elapsed=7831s  rate=1.1/s  eta=83549s  finite=7644
  [warn] sample 3 failed: 
  [8580/100000]  elapsed=7840s  rate=1.1/s  eta=83535s  finite=7653
  [8590/100000]  elapsed=7849s  rate=1.1/s  eta=83528s  finite=7662
  [8600/100000]  elapsed=7859s  rate=1.1/s  eta=83524s  finite=7672
  -> checkpoint saved: /scratch/e1498138/lhs/lhs_noise2_paris1_checkpoints/lhs_noise2_paris1_ckpt_008600.pkl
  [8610/100000]  elapsed=7869s  rate=1.1/s  eta=83520s  finite=7679
  [warn] sample 5 failed: 
  [8620/100000]  elapsed=7877s  rate=1.1/s  eta=83506s  finite=7688
  [warn] sample 2 failed: 
  [8630/100000]  elapsed=7886s  rate=1.1/s  eta=83491s  finite=7697
  [8640/100000]  elapsed=7895s  rate=1.1/s  eta=83485s  finite=7707
  [warn] sample 5 failed: 
  [8650/100000]  elapsed=7904s  rate=1.1/s  eta=83470s  finite=7716
  [8660/100000]  elapsed=7913s  rate=1.1/s  eta=83464s  finite=7726
  [8670/100000]  elapsed=7923s  rate=1.1/s  eta=83459s  finite=7736
  [warn] sample 8 failed: 
  [8680/100000]  elapsed=7931s  rate=1.1/s  eta=83444s  finite=7743
  [8690/100000]  elapsed=7941s  rate=1.1/s  eta=83436s  finite=7753
  [8700/100000]  elapsed=7950s  rate=1.1/s  eta=83431s  finite=7762
  -> checkpoint saved: /scratch/e1498138/lhs/lhs_noise2_paris1_checkpoints/lhs_noise2_paris1_ckpt_008700.pkl
  [warn] sample 2 failed: 
  [8710/100000]  elapsed=7959s  rate=1.1/s  eta=83418s  finite=7771
  [8720/100000]  elapsed=7968s  rate=1.1/s  eta=83412s  finite=7781
  [warn] sample 6 failed: 
  [8730/100000]  elapsed=7977s  rate=1.1/s  eta=83398s  finite=7789
  [8740/100000]  elapsed=7987s  rate=1.1/s  eta=83392s  finite=7798
  [8750/100000]  elapsed=7996s  rate=1.1/s  eta=83387s  finite=7807
  [8760/100000]  elapsed=8006s  rate=1.1/s  eta=83383s  finite=7816
  [8770/100000]  elapsed=8015s  rate=1.1/s  eta=83378s  finite=7823
  [8780/100000]  elapsed=8025s  rate=1.1/s  eta=83373s  finite=7832
  [warn] sample 8 failed: 
  [8790/100000]  elapsed=8033s  rate=1.1/s  eta=83359s  finite=7840
  [8800/100000]  elapsed=8043s  rate=1.1/s  eta=83354s  finite=7850
  -> checkpoint saved: /scratch/e1498138/lhs/lhs_noise2_paris1_checkpoints/lhs_noise2_paris1_ckpt_008800.pkl
  [warn] sample 5 failed: 
  [8810/100000]  elapsed=8052s  rate=1.1/s  eta=83342s  finite=7858
  [8820/100000]  elapsed=8061s  rate=1.1/s  eta=83336s  finite=7868
  [8830/100000]  elapsed=8071s  rate=1.1/s  eta=83331s  finite=7878
  [8840/100000]  elapsed=8080s  rate=1.1/s  eta=83325s  finite=7888
  [warn] sample 5 failed: 
  [8850/100000]  elapsed=8089s  rate=1.1/s  eta=83310s  finite=7896
  [8860/100000]  elapsed=8098s  rate=1.1/s  eta=83303s  finite=7906
  [8870/100000]  elapsed=8108s  rate=1.1/s  eta=83297s  finite=7916
  [warn] sample 1 failed: 
  [8880/100000]  elapsed=8116s  rate=1.1/s  eta=83281s  finite=7924
  [8890/100000]  elapsed=8126s  rate=1.1/s  eta=83276s  finite=7933
  [8900/100000]  elapsed=8135s  rate=1.1/s  eta=83270s  finite=7943
  -> checkpoint saved: /scratch/e1498138/lhs/lhs_noise2_paris1_checkpoints/lhs_noise2_paris1_ckpt_008900.pkl
  [8910/100000]  elapsed=8145s  rate=1.1/s  eta=83266s  finite=7953
  [8920/100000]  elapsed=8154s  rate=1.1/s  eta=83258s  finite=7961
  [warn] sample 9 failed: 
  [8930/100000]  elapsed=8162s  rate=1.1/s  eta=83243s  finite=7969
  [8940/100000]  elapsed=8172s  rate=1.1/s  eta=83237s  finite=7979
  [8950/100000]  elapsed=8182s  rate=1.1/s  eta=83232s  finite=7987
  [8960/100000]  elapsed=8191s  rate=1.1/s  eta=83226s  finite=7997
  [8970/100000]  elapsed=8201s  rate=1.1/s  eta=83222s  finite=8006
  [warn] sample 8 failed: 
  [8980/100000]  elapsed=8209s  rate=1.1/s  eta=83207s  finite=8015
  [8990/100000]  elapsed=8219s  rate=1.1/s  eta=83202s  finite=8025
  [9000/100000]  elapsed=8229s  rate=1.1/s  eta=83200s  finite=8033
  -> checkpoint saved: /scratch/e1498138/lhs/lhs_noise2_paris1_checkpoints/lhs_noise2_paris1_ckpt_009000.pkl
  [9010/100000]  elapsed=8238s  rate=1.1/s  eta=83194s  finite=8042
  [warn] sample 7 failed: 
  [9020/100000]  elapsed=8247s  rate=1.1/s  eta=83181s  finite=8050
  [9030/100000]  elapsed=8256s  rate=1.1/s  eta=83177s  finite=8059
  [9040/100000]  elapsed=8266s  rate=1.1/s  eta=83170s  finite=8068
  [warn] sample 0 failed: 
  [9050/100000]  elapsed=8275s  rate=1.1/s  eta=83164s  finite=8075
  [9060/100000]  elapsed=8285s  rate=1.1/s  eta=83157s  finite=8085
  [warn] sample 5 failed: 
  [warn] sample 9 failed: 
  [9070/100000]  elapsed=8293s  rate=1.1/s  eta=83137s  finite=8093
  [9080/100000]  elapsed=8302s  rate=1.1/s  eta=83129s  finite=8102
  [9090/100000]  elapsed=8311s  rate=1.1/s  eta=83123s  finite=8112
  [9100/100000]  elapsed=8321s  rate=1.1/s  eta=83115s  finite=8122
  -> checkpoint saved: /scratch/e1498138/lhs/lhs_noise2_paris1_checkpoints/lhs_noise2_paris1_ckpt_009100.pkl
  [warn] sample 5 failed: 
  [9110/100000]  elapsed=8329s  rate=1.1/s  eta=83100s  finite=8129
  [9120/100000]  elapsed=8339s  rate=1.1/s  eta=83096s  finite=8138
  [9130/100000]  elapsed=8348s  rate=1.1/s  eta=83091s  finite=8148
  [9140/100000]  elapsed=8358s  rate=1.1/s  eta=83087s  finite=8156
  [warn] sample 4 failed: 
  [9150/100000]  elapsed=8367s  rate=1.1/s  eta=83076s  finite=8164
  [9160/100000]  elapsed=8377s  rate=1.1/s  eta=83071s  finite=8173
  [9170/100000]  elapsed=8386s  rate=1.1/s  eta=83066s  finite=8182
  [9180/100000]  elapsed=8396s  rate=1.1/s  eta=83062s  finite=8192
  [9190/100000]  elapsed=8405s  rate=1.1/s  eta=83056s  finite=8200
  [9200/100000]  elapsed=8415s  rate=1.1/s  eta=83049s  finite=8208
  -> checkpoint saved: /scratch/e1498138/lhs/lhs_noise2_paris1_checkpoints/lhs_noise2_paris1_ckpt_009200.pkl
  [9210/100000]  elapsed=8424s  rate=1.1/s  eta=83042s  finite=8217
  [9220/100000]  elapsed=8434s  rate=1.1/s  eta=83037s  finite=8227
  [warn] sample 5 failed: 
  [warn] sample 8 failed: 
  [9230/100000]  elapsed=8441s  rate=1.1/s  eta=83015s  finite=8235
  [warn] sample 5 failed: 
  [9240/100000]  elapsed=8450s  rate=1.1/s  eta=82999s  finite=8243
  [warn] sample 7 failed: 
  [9250/100000]  elapsed=8459s  rate=1.1/s  eta=82987s  finite=8251
  [warn] sample 2 failed: 
  [9260/100000]  elapsed=8467s  rate=1.1/s  eta=82972s  finite=8260
  [9270/100000]  elapsed=8477s  rate=1.1/s  eta=82965s  finite=8270
  [9280/100000]  elapsed=8486s  rate=1.1/s  eta=82959s  finite=8280
  [9290/100000]  elapsed=8496s  rate=1.1/s  eta=82953s  finite=8290
  [warn] sample 7 failed: 
  [9300/100000]  elapsed=8504s  rate=1.1/s  eta=82938s  finite=8299
  -> checkpoint saved: /scratch/e1498138/lhs/lhs_noise2_paris1_checkpoints/lhs_noise2_paris1_ckpt_009300.pkl
  [warn] sample 3 failed: 
  [9310/100000]  elapsed=8513s  rate=1.1/s  eta=82923s  finite=8306
  [warn] sample 5 failed: 
  [9320/100000]  elapsed=8521s  rate=1.1/s  eta=82909s  finite=8314
  [9330/100000]  elapsed=8531s  rate=1.1/s  eta=82902s  finite=8324
  [9340/100000]  elapsed=8540s  rate=1.1/s  eta=82895s  finite=8334
  [warn] sample 8 failed: 
  [9350/100000]  elapsed=8549s  rate=1.1/s  eta=82883s  finite=8342
  [9360/100000]  elapsed=8558s  rate=1.1/s  eta=82877s  finite=8352
  [9370/100000]  elapsed=8568s  rate=1.1/s  eta=82871s  finite=8362
  [9380/100000]  elapsed=8577s  rate=1.1/s  eta=82866s  finite=8371
  [warn] sample 8 failed: 
  [warn] sample 9 failed: 
  [9390/100000]  elapsed=8585s  rate=1.1/s  eta=82843s  finite=8379
  [warn] sample 8 failed: 
  [9400/100000]  elapsed=8594s  rate=1.1/s  eta=82828s  finite=8387
  -> checkpoint saved: /scratch/e1498138/lhs/lhs_noise2_paris1_checkpoints/lhs_noise2_paris1_ckpt_009400.pkl
  [9410/100000]  elapsed=8603s  rate=1.1/s  eta=82820s  finite=8397
  [9420/100000]  elapsed=8612s  rate=1.1/s  eta=82814s  finite=8406
  [9430/100000]  elapsed=8622s  rate=1.1/s  eta=82809s  finite=8415
  [warn] sample 0 failed: 
  [9440/100000]  elapsed=8630s  rate=1.1/s  eta=82794s  finite=8424
  [warn] sample 3 failed: 
  [9450/100000]  elapsed=8639s  rate=1.1/s  eta=82780s  finite=8432
  [9460/100000]  elapsed=8649s  rate=1.1/s  eta=82774s  finite=8441
  [9470/100000]  elapsed=8658s  rate=1.1/s  eta=82765s  finite=8451
  [9480/100000]  elapsed=8667s  rate=1.1/s  eta=82760s  finite=8461
  [9490/100000]  elapsed=8677s  rate=1.1/s  eta=82752s  finite=8470
  [9500/100000]  elapsed=8686s  rate=1.1/s  eta=82746s  finite=8480
  -> checkpoint saved: /scratch/e1498138/lhs/lhs_noise2_paris1_checkpoints/lhs_noise2_paris1_ckpt_009500.pkl
  [warn] sample 6 failed: 
  [9510/100000]  elapsed=8695s  rate=1.1/s  eta=82732s  finite=8489
  [warn] sample 7 failed: 
  [9520/100000]  elapsed=8703s  rate=1.1/s  eta=82719s  finite=8498
  [9530/100000]  elapsed=8713s  rate=1.1/s  eta=82712s  finite=8507
  [9540/100000]  elapsed=8722s  rate=1.1/s  eta=82704s  finite=8517
  [warn] sample 4 failed: 
  [9550/100000]  elapsed=8731s  rate=1.1/s  eta=82690s  finite=8526
  [warn] sample 3 failed: 
  [9560/100000]  elapsed=8739s  rate=1.1/s  eta=82675s  finite=8535
  [9570/100000]  elapsed=8749s  rate=1.1/s  eta=82670s  finite=8544
  [warn] sample 2 failed: 
  [9580/100000]  elapsed=8758s  rate=1.1/s  eta=82658s  finite=8553
  [9590/100000]  elapsed=8767s  rate=1.1/s  eta=82653s  finite=8563
  [9600/100000]  elapsed=8777s  rate=1.1/s  eta=82647s  finite=8573
  -> checkpoint saved: /scratch/e1498138/lhs/lhs_noise2_paris1_checkpoints/lhs_noise2_paris1_ckpt_009600.pkl
  [9610/100000]  elapsed=8786s  rate=1.1/s  eta=82641s  finite=8581
  [warn] sample 6 failed: 
  [9620/100000]  elapsed=8795s  rate=1.1/s  eta=82627s  finite=8590
  [9630/100000]  elapsed=8804s  rate=1.1/s  eta=82622s  finite=8600
  [9640/100000]  elapsed=8814s  rate=1.1/s  eta=82616s  finite=8608
  [9650/100000]  elapsed=8823s  rate=1.1/s  eta=82611s  finite=8618
  [9660/100000]  elapsed=8833s  rate=1.1/s  eta=82607s  finite=8627
  [warn] sample 3 failed: 
  [9670/100000]  elapsed=8842s  rate=1.1/s  eta=82593s  finite=8636
  [9680/100000]  elapsed=8851s  rate=1.1/s  eta=82587s  finite=8646
  [9690/100000]  elapsed=8861s  rate=1.1/s  eta=82580s  finite=8655
  [9700/100000]  elapsed=8870s  rate=1.1/s  eta=82574s  finite=8665
  -> checkpoint saved: /scratch/e1498138/lhs/lhs_noise2_paris1_checkpoints/lhs_noise2_paris1_ckpt_009700.pkl
  [9710/100000]  elapsed=8879s  rate=1.1/s  eta=82567s  finite=8674
  [warn] sample 0 failed: 
  [9720/100000]  elapsed=8888s  rate=1.1/s  eta=82551s  finite=8683
  [9730/100000]  elapsed=8897s  rate=1.1/s  eta=82544s  finite=8692
  [warn] sample 2 failed: 
  [warn] sample 3 failed: 
  [9740/100000]  elapsed=8905s  rate=1.1/s  eta=82523s  finite=8700
  [9750/100000]  elapsed=8914s  rate=1.1/s  eta=82516s  finite=8710
  [warn] sample 2 failed: 
  [9760/100000]  elapsed=8923s  rate=1.1/s  eta=82501s  finite=8718
  [warn] sample 1 failed: 
  [9770/100000]  elapsed=8932s  rate=1.1/s  eta=82486s  finite=8727
  [9780/100000]  elapsed=8941s  rate=1.1/s  eta=82480s  finite=8736
  [9790/100000]  elapsed=8950s  rate=1.1/s  eta=82474s  finite=8746
  [warn] sample 6 failed: 
  [9800/100000]  elapsed=8959s  rate=1.1/s  eta=82461s  finite=8754
  -> checkpoint saved: /scratch/e1498138/lhs/lhs_noise2_paris1_checkpoints/lhs_noise2_paris1_ckpt_009800.pkl
  [9810/100000]  elapsed=8969s  rate=1.1/s  eta=82457s  finite=8764
  [warn] sample 2 failed: 
  [9820/100000]  elapsed=8977s  rate=1.1/s  eta=82443s  finite=8772
  [warn] sample 5 failed: 
  [9830/100000]  elapsed=8986s  rate=1.1/s  eta=82430s  finite=8781
  [warn] sample 0 failed: 
  [9840/100000]  elapsed=8995s  rate=1.1/s  eta=82421s  finite=8790
  [9850/100000]  elapsed=9005s  rate=1.1/s  eta=82416s  finite=8800
  [9860/100000]  elapsed=9014s  rate=1.1/s  eta=82410s  finite=8809
  [9870/100000]  elapsed=9024s  rate=1.1/s  eta=82404s  finite=8819
  [9880/100000]  elapsed=9034s  rate=1.1/s  eta=82399s  finite=8828
  [9890/100000]  elapsed=9043s  rate=1.1/s  eta=82394s  finite=8838
  [warn] sample 6 failed: 
  [9900/100000]  elapsed=9052s  rate=1.1/s  eta=82381s  finite=8847
  -> checkpoint saved: /scratch/e1498138/lhs/lhs_noise2_paris1_checkpoints/lhs_noise2_paris1_ckpt_009900.pkl
  [9910/100000]  elapsed=9062s  rate=1.1/s  eta=82376s  finite=8856
  [warn] sample 3 failed: 
  [9920/100000]  elapsed=9070s  rate=1.1/s  eta=82363s  finite=8865
  [9930/100000]  elapsed=9080s  rate=1.1/s  eta=82359s  finite=8875
  [9940/100000]  elapsed=9090s  rate=1.1/s  eta=82357s  finite=8884
  [warn] sample 5 failed: 
  [warn] sample 6 failed: 
  [9950/100000]  elapsed=9098s  rate=1.1/s  eta=82336s  finite=8892
  [warn] sample 1 failed: 
  [9960/100000]  elapsed=9106s  rate=1.1/s  eta=82323s  finite=8899
  [9970/100000]  elapsed=9116s  rate=1.1/s  eta=82318s  finite=8906
  [9980/100000]  elapsed=9126s  rate=1.1/s  eta=82312s  finite=8916
  [warn] sample 4 failed: 
  [warn] sample 5 failed: 
  [9990/100000]  elapsed=9133s  rate=1.1/s  eta=82291s  finite=8924
  [10000/100000]  elapsed=9143s  rate=1.1/s  eta=82285s  finite=8932
  -> checkpoint saved: /scratch/e1498138/lhs/lhs_noise2_paris1_checkpoints/lhs_noise2_paris1_ckpt_010000.pkl
  [10010/100000]  elapsed=9152s  rate=1.1/s  eta=82281s  finite=8941
  [warn] sample 3 failed: 
  [10020/100000]  elapsed=9161s  rate=1.1/s  eta=82270s  finite=8950
  [10030/100000]  elapsed=9171s  rate=1.1/s  eta=82264s  finite=8959
  [10040/100000]  elapsed=9181s  rate=1.1/s  eta=82259s  finite=8967
  [10050/100000]  elapsed=9190s  rate=1.1/s  eta=82252s  finite=8977
  [10060/100000]  elapsed=9199s  rate=1.1/s  eta=82245s  finite=8986
  [warn] sample 0 failed: 
  [10070/100000]  elapsed=9208s  rate=1.1/s  eta=82231s  finite=8994
  [10080/100000]  elapsed=9217s  rate=1.1/s  eta=82224s  finite=9003
  [10090/100000]  elapsed=9227s  rate=1.1/s  eta=82218s  finite=9013
  [10100/100000]  elapsed=9236s  rate=1.1/s  eta=82211s  finite=9022
  -> checkpoint saved: /scratch/e1498138/lhs/lhs_noise2_paris1_checkpoints/lhs_noise2_paris1_ckpt_010100.pkl
  [10110/100000]  elapsed=9246s  rate=1.1/s  eta=82204s  finite=9032
  [warn] sample 6 failed: 
  [10120/100000]  elapsed=9254s  rate=1.1/s  eta=82190s  finite=9040
  [warn] sample 2 failed: 
  [warn] sample 6 failed: 
  [warn] sample 9 failed: 
  [10130/100000]  elapsed=9261s  rate=1.1/s  eta=82160s  finite=9047
  [10140/100000]  elapsed=9270s  rate=1.1/s  eta=82154s  finite=9056
  [10150/100000]  elapsed=9280s  rate=1.1/s  eta=82147s  finite=9065
  [warn] sample 6 failed: 
  [10160/100000]  elapsed=9288s  rate=1.1/s  eta=82132s  finite=9073
  [warn] sample 0 failed: 
  [10170/100000]  elapsed=9297s  rate=1.1/s  eta=82120s  finite=9080
  [warn] sample 6 failed: 
  [10180/100000]  elapsed=9306s  rate=1.1/s  eta=82105s  finite=9089
  [10190/100000]  elapsed=9315s  rate=1.1/s  eta=82098s  finite=9099
  [10200/100000]  elapsed=9325s  rate=1.1/s  eta=82092s  finite=9107
  -> checkpoint saved: /scratch/e1498138/lhs/lhs_noise2_paris1_checkpoints/lhs_noise2_paris1_ckpt_010200.pkl
  [10210/100000]  elapsed=9334s  rate=1.1/s  eta=82087s  finite=9116
  [warn] sample 7 failed: 
  [10220/100000]  elapsed=9343s  rate=1.1/s  eta=82073s  finite=9124
  [10230/100000]  elapsed=9352s  rate=1.1/s  eta=82065s  finite=9134
  [warn] sample 3 failed: 
  [10240/100000]  elapsed=9361s  rate=1.1/s  eta=82052s  finite=9142
  [10250/100000]  elapsed=9370s  rate=1.1/s  eta=82047s  finite=9151
  [warn] sample 9 failed: 
  [10260/100000]  elapsed=9379s  rate=1.1/s  eta=82032s  finite=9159
  [warn] sample 9 failed: 
  [10270/100000]  elapsed=9387s  rate=1.1/s  eta=82019s  finite=9168
  [10280/100000]  elapsed=9397s  rate=1.1/s  eta=82012s  finite=9178
  [10290/100000]  elapsed=9406s  rate=1.1/s  eta=82005s  finite=9187
  [10300/100000]  elapsed=9416s  rate=1.1/s  eta=81998s  finite=9196
  -> checkpoint saved: /scratch/e1498138/lhs/lhs_noise2_paris1_checkpoints/lhs_noise2_paris1_ckpt_010300.pkl
  [10310/100000]  elapsed=9425s  rate=1.1/s  eta=81991s  finite=9205
  [warn] sample 0 failed: 
  [10320/100000]  elapsed=9434s  rate=1.1/s  eta=81978s  finite=9213
  [10330/100000]  elapsed=9443s  rate=1.1/s  eta=81971s  finite=9222
  [10340/100000]  elapsed=9453s  rate=1.1/s  eta=81966s  finite=9231
  [10350/100000]  elapsed=9462s  rate=1.1/s  eta=81961s  finite=9240
  [10360/100000]  elapsed=9472s  rate=1.1/s  eta=81953s  finite=9250
  [10370/100000]  elapsed=9481s  rate=1.1/s  eta=81948s  finite=9260
  [10380/100000]  elapsed=9490s  rate=1.1/s  eta=81939s  finite=9269
  [warn] sample 4 failed: 
  [10390/100000]  elapsed=9499s  rate=1.1/s  eta=81926s  finite=9277
  [warn] sample 1 failed: 
  [warn] sample 6 failed: 
  [10400/100000]  elapsed=9507s  rate=1.1/s  eta=81904s  finite=9285
  -> checkpoint saved: /scratch/e1498138/lhs/lhs_noise2_paris1_checkpoints/lhs_noise2_paris1_ckpt_010400.pkl
  [warn] sample 6 failed: 
  [10410/100000]  elapsed=9515s  rate=1.1/s  eta=81890s  finite=9294
  [10420/100000]  elapsed=9525s  rate=1.1/s  eta=81884s  finite=9304
  [10430/100000]  elapsed=9534s  rate=1.1/s  eta=81876s  finite=9314
  [warn] sample 5 failed: 
  [10440/100000]  elapsed=9543s  rate=1.1/s  eta=81863s  finite=9322
  [10450/100000]  elapsed=9552s  rate=1.1/s  eta=81857s  finite=9331
  [warn] sample 6 failed: 
  [warn] sample 8 failed: 
  [10460/100000]  elapsed=9560s  rate=1.1/s  eta=81836s  finite=9338
  [warn] sample 2 failed: 
  [10470/100000]  elapsed=9569s  rate=1.1/s  eta=81821s  finite=9344
  [warn] sample 9 failed: 
  [10480/100000]  elapsed=9577s  rate=1.1/s  eta=81808s  finite=9352
  [10490/100000]  elapsed=9587s  rate=1.1/s  eta=81801s  finite=9362
  [warn] sample 5 failed: 
  [10500/100000]  elapsed=9595s  rate=1.1/s  eta=81790s  finite=9371
  -> checkpoint saved: /scratch/e1498138/lhs/lhs_noise2_paris1_checkpoints/lhs_noise2_paris1_ckpt_010500.pkl
  [10510/100000]  elapsed=9605s  rate=1.1/s  eta=81784s  finite=9380
  [10520/100000]  elapsed=9615s  rate=1.1/s  eta=81778s  finite=9389
  [10530/100000]  elapsed=9624s  rate=1.1/s  eta=81772s  finite=9399
  [10540/100000]  elapsed=9633s  rate=1.1/s  eta=81766s  finite=9408
  [warn] sample 1 failed: 
  [10550/100000]  elapsed=9642s  rate=1.1/s  eta=81752s  finite=9417
  [warn] sample 6 failed: 
  [10560/100000]  elapsed=9651s  rate=1.1/s  eta=81737s  finite=9426
  [warn] sample 3 failed: 
  [warn] sample 8 failed: 
  [10570/100000]  elapsed=9659s  rate=1.1/s  eta=81719s  finite=9434
  [warn] sample 1 failed: 
  [10580/100000]  elapsed=9667s  rate=1.1/s  eta=81705s  finite=9443
  [warn] sample 7 failed: 
  [10590/100000]  elapsed=9676s  rate=1.1/s  eta=81692s  finite=9452
  [10600/100000]  elapsed=9685s  rate=1.1/s  eta=81685s  finite=9461
  -> checkpoint saved: /scratch/e1498138/lhs/lhs_noise2_paris1_checkpoints/lhs_noise2_paris1_ckpt_010600.pkl
  [10610/100000]  elapsed=9695s  rate=1.1/s  eta=81678s  finite=9471
  [10620/100000]  elapsed=9704s  rate=1.1/s  eta=81671s  finite=9480
  [10630/100000]  elapsed=9713s  rate=1.1/s  eta=81663s  finite=9489
  [10640/100000]  elapsed=9723s  rate=1.1/s  eta=81658s  finite=9499
  [10650/100000]  elapsed=9733s  rate=1.1/s  eta=81653s  finite=9509
  [10660/100000]  elapsed=9742s  rate=1.1/s  eta=81647s  finite=9518
  [10670/100000]  elapsed=9752s  rate=1.1/s  eta=81642s  finite=9528
  [warn] sample 4 failed: 
  [10680/100000]  elapsed=9760s  rate=1.1/s  eta=81628s  finite=9537
  [10690/100000]  elapsed=9770s  rate=1.1/s  eta=81621s  finite=9547
  [10700/100000]  elapsed=9779s  rate=1.1/s  eta=81616s  finite=9556
  -> checkpoint saved: /scratch/e1498138/lhs/lhs_noise2_paris1_checkpoints/lhs_noise2_paris1_ckpt_010700.pkl
  [10710/100000]  elapsed=9789s  rate=1.1/s  eta=81609s  finite=9566
  [warn] sample 4 failed: 
  [10720/100000]  elapsed=9797s  rate=1.1/s  eta=81596s  finite=9574
  [10730/100000]  elapsed=9807s  rate=1.1/s  eta=81589s  finite=9584
  [warn] sample 9 failed: 
  [10740/100000]  elapsed=9815s  rate=1.1/s  eta=81575s  finite=9593
  [10750/100000]  elapsed=9825s  rate=1.1/s  eta=81569s  finite=9602
  [10760/100000]  elapsed=9834s  rate=1.1/s  eta=81560s  finite=9610
  [10770/100000]  elapsed=9844s  rate=1.1/s  eta=81555s  finite=9619
  [10780/100000]  elapsed=9853s  rate=1.1/s  eta=81547s  finite=9629
  [warn] sample 5 failed: 
  [10790/100000]  elapsed=9861s  rate=1.1/s  eta=81532s  finite=9638
  [10800/100000]  elapsed=9871s  rate=1.1/s  eta=81527s  finite=9648
  -> checkpoint saved: /scratch/e1498138/lhs/lhs_noise2_paris1_checkpoints/lhs_noise2_paris1_ckpt_010800.pkl
  [10810/100000]  elapsed=9880s  rate=1.1/s  eta=81520s  finite=9657
  [10820/100000]  elapsed=9890s  rate=1.1/s  eta=81511s  finite=9665
  [warn] sample 5 failed: 
  [10830/100000]  elapsed=9898s  rate=1.1/s  eta=81500s  finite=9674
  [warn] sample 8 failed: 
  [10840/100000]  elapsed=9907s  rate=1.1/s  eta=81486s  finite=9682
  [10850/100000]  elapsed=9916s  rate=1.1/s  eta=81479s  finite=9690
  [10860/100000]  elapsed=9926s  rate=1.1/s  eta=81472s  finite=9699
  [warn] sample 8 failed: 
  [10870/100000]  elapsed=9934s  rate=1.1/s  eta=81457s  finite=9708
  [10880/100000]  elapsed=9944s  rate=1.1/s  eta=81449s  finite=9716
  [warn] sample 3 failed: 
  [10890/100000]  elapsed=9952s  rate=1.1/s  eta=81435s  finite=9725
  [10900/100000]  elapsed=9961s  rate=1.1/s  eta=81428s  finite=9733
  -> checkpoint saved: /scratch/e1498138/lhs/lhs_noise2_paris1_checkpoints/lhs_noise2_paris1_ckpt_010900.pkl
  [10910/100000]  elapsed=9971s  rate=1.1/s  eta=81421s  finite=9742
  [10920/100000]  elapsed=9980s  rate=1.1/s  eta=81415s  finite=9751
  [10930/100000]  elapsed=9990s  rate=1.1/s  eta=81408s  finite=9760
  [warn] sample 9 failed: 
  [10940/100000]  elapsed=9998s  rate=1.1/s  eta=81393s  finite=9769
  [10950/100000]  elapsed=10008s  rate=1.1/s  eta=81387s  finite=9778
  [10960/100000]  elapsed=10017s  rate=1.1/s  eta=81381s  finite=9787
  [10970/100000]  elapsed=10026s  rate=1.1/s  eta=81373s  finite=9796
  [10980/100000]  elapsed=10036s  rate=1.1/s  eta=81365s  finite=9806
  [warn] sample 9 failed: 
  [10990/100000]  elapsed=10044s  rate=1.1/s  eta=81351s  finite=9813
  [11000/100000]  elapsed=10054s  rate=1.1/s  eta=81343s  finite=9822
  -> checkpoint saved: /scratch/e1498138/lhs/lhs_noise2_paris1_checkpoints/lhs_noise2_paris1_ckpt_011000.pkl
  [11010/100000]  elapsed=10063s  rate=1.1/s  eta=81337s  finite=9831
  [11020/100000]  elapsed=10073s  rate=1.1/s  eta=81330s  finite=9840
  [11030/100000]  elapsed=10082s  rate=1.1/s  eta=81323s  finite=9850
  [11040/100000]  elapsed=10091s  rate=1.1/s  eta=81316s  finite=9859
  [warn] sample 4 failed: 
  [11050/100000]  elapsed=10100s  rate=1.1/s  eta=81305s  finite=9866
  [warn] sample 0 failed: 
  [warn] sample 4 failed: 
  [11060/100000]  elapsed=10108s  rate=1.1/s  eta=81286s  finite=9874
  [11070/100000]  elapsed=10118s  rate=1.1/s  eta=81279s  finite=9884
  [warn] sample 6 failed: 
  [11080/100000]  elapsed=10126s  rate=1.1/s  eta=81264s  finite=9892
  [11090/100000]  elapsed=10135s  rate=1.1/s  eta=81257s  finite=9902
  [warn] sample 0 failed: 
  [11100/100000]  elapsed=10144s  rate=1.1/s  eta=81243s  finite=9910
  -> checkpoint saved: /scratch/e1498138/lhs/lhs_noise2_paris1_checkpoints/lhs_noise2_paris1_ckpt_011100.pkl
  [warn] sample 0 failed: 
  [11110/100000]  elapsed=10153s  rate=1.1/s  eta=81230s  finite=9919
  [11120/100000]  elapsed=10162s  rate=1.1/s  eta=81224s  finite=9928
  [11130/100000]  elapsed=10172s  rate=1.1/s  eta=81217s  finite=9938
  [11140/100000]  elapsed=10181s  rate=1.1/s  eta=81210s  finite=9948
  [11150/100000]  elapsed=10190s  rate=1.1/s  eta=81203s  finite=9957
  [warn] sample 3 failed: 
  [11160/100000]  elapsed=10199s  rate=1.1/s  eta=81190s  finite=9965
  [warn] sample 0 failed: 
  [11170/100000]  elapsed=10208s  rate=1.1/s  eta=81176s  finite=9972
  [11180/100000]  elapsed=10217s  rate=1.1/s  eta=81169s  finite=9980
  [11190/100000]  elapsed=10226s  rate=1.1/s  eta=81162s  finite=9990
  [11200/100000]  elapsed=10236s  rate=1.1/s  eta=81156s  finite=9999
  -> checkpoint saved: /scratch/e1498138/lhs/lhs_noise2_paris1_checkpoints/lhs_noise2_paris1_ckpt_011200.pkl
  [warn] sample 0 failed: 
  [11210/100000]  elapsed=10244s  rate=1.1/s  eta=81142s  finite=10006
  [11220/100000]  elapsed=10254s  rate=1.1/s  eta=81134s  finite=10016
  [warn] sample 5 failed: 
  [warn] sample 8 failed: 
  [11230/100000]  elapsed=10262s  rate=1.1/s  eta=81114s  finite=10024
  [11240/100000]  elapsed=10271s  rate=1.1/s  eta=81107s  finite=10033
  [11250/100000]  elapsed=10280s  rate=1.1/s  eta=81100s  finite=10042
  [11260/100000]  elapsed=10290s  rate=1.1/s  eta=81094s  finite=10051
  [warn] sample 3 failed: 
  [11270/100000]  elapsed=10298s  rate=1.1/s  eta=81080s  finite=10058
  [11280/100000]  elapsed=10308s  rate=1.1/s  eta=81073s  finite=10067
  [warn] sample 5 failed: 
  [11290/100000]  elapsed=10316s  rate=1.1/s  eta=81060s  finite=10076
  [11300/100000]  elapsed=10326s  rate=1.1/s  eta=81052s  finite=10086
  -> checkpoint saved: /scratch/e1498138/lhs/lhs_noise2_paris1_checkpoints/lhs_noise2_paris1_ckpt_011300.pkl
  [11310/100000]  elapsed=10335s  rate=1.1/s  eta=81046s  finite=10096
  [11320/100000]  elapsed=10345s  rate=1.1/s  eta=81039s  finite=10106
  [warn] sample 9 failed: 
  [11330/100000]  elapsed=10353s  rate=1.1/s  eta=81026s  finite=10114
  [warn] sample 3 failed: 
  [11340/100000]  elapsed=10362s  rate=1.1/s  eta=81013s  finite=10123
  [11350/100000]  elapsed=10371s  rate=1.1/s  eta=81005s  finite=10131
  [11360/100000]  elapsed=10381s  rate=1.1/s  eta=80998s  finite=10141
  [warn] sample 4 failed: 
  [11370/100000]  elapsed=10389s  rate=1.1/s  eta=80984s  finite=10150
  [11380/100000]  elapsed=10398s  rate=1.1/s  eta=80977s  finite=10159
  [warn] sample 5 failed: 
  [11390/100000]  elapsed=10407s  rate=1.1/s  eta=80963s  finite=10167
  [11400/100000]  elapsed=10416s  rate=1.1/s  eta=80956s  finite=10176
  -> checkpoint saved: /scratch/e1498138/lhs/lhs_noise2_paris1_checkpoints/lhs_noise2_paris1_ckpt_011400.pkl
  [warn] sample 7 failed: 
  [11410/100000]  elapsed=10425s  rate=1.1/s  eta=80945s  finite=10185
  [11420/100000]  elapsed=10435s  rate=1.1/s  eta=80940s  finite=10195
  [11430/100000]  elapsed=10444s  rate=1.1/s  eta=80932s  finite=10205
  [11440/100000]  elapsed=10454s  rate=1.1/s  eta=80925s  finite=10213
  [warn] sample 0 failed: 
  [11450/100000]  elapsed=10462s  rate=1.1/s  eta=80911s  finite=10222
  [warn] sample 6 failed: 
  [11460/100000]  elapsed=10471s  rate=1.1/s  eta=80899s  finite=10230
  [11470/100000]  elapsed=10481s  rate=1.1/s  eta=80893s  finite=10240
  [11480/100000]  elapsed=10490s  rate=1.1/s  eta=80885s  finite=10250
  [11490/100000]  elapsed=10499s  rate=1.1/s  eta=80880s  finite=10259
  [warn] sample 4 failed: 
  [11500/100000]  elapsed=10508s  rate=1.1/s  eta=80867s  finite=10268
  -> checkpoint saved: /scratch/e1498138/lhs/lhs_noise2_paris1_checkpoints/lhs_noise2_paris1_ckpt_011500.pkl
  [11510/100000]  elapsed=10517s  rate=1.1/s  eta=80859s  finite=10277
  [warn] sample 7 failed: 
  [11520/100000]  elapsed=10526s  rate=1.1/s  eta=80846s  finite=10286
  [11530/100000]  elapsed=10535s  rate=1.1/s  eta=80839s  finite=10295
  [11540/100000]  elapsed=10545s  rate=1.1/s  eta=80831s  finite=10304
  [warn] sample 9 failed: 
  [11550/100000]  elapsed=10553s  rate=1.1/s  eta=80817s  finite=10312
  [11560/100000]  elapsed=10563s  rate=1.1/s  eta=80810s  finite=10322
  [11570/100000]  elapsed=10572s  rate=1.1/s  eta=80805s  finite=10332
  [11580/100000]  elapsed=10582s  rate=1.1/s  eta=80798s  finite=10341
  [11590/100000]  elapsed=10591s  rate=1.1/s  eta=80791s  finite=10349
  [warn] sample 8 failed: 
  [11600/100000]  elapsed=10600s  rate=1.1/s  eta=80778s  finite=10358
  -> checkpoint saved: /scratch/e1498138/lhs/lhs_noise2_paris1_checkpoints/lhs_noise2_paris1_ckpt_011600.pkl
  [11610/100000]  elapsed=10609s  rate=1.1/s  eta=80771s  finite=10368
  [11620/100000]  elapsed=10619s  rate=1.1/s  eta=80766s  finite=10378
  [11630/100000]  elapsed=10628s  rate=1.1/s  eta=80759s  finite=10388
  [11640/100000]  elapsed=10638s  rate=1.1/s  eta=80752s  finite=10397
  [11650/100000]  elapsed=10647s  rate=1.1/s  eta=80746s  finite=10406
  [11660/100000]  elapsed=10657s  rate=1.1/s  eta=80740s  finite=10414
  [11670/100000]  elapsed=10666s  rate=1.1/s  eta=80734s  finite=10424
  [11680/100000]  elapsed=10676s  rate=1.1/s  eta=80728s  finite=10433
  [11690/100000]  elapsed=10685s  rate=1.1/s  eta=80720s  finite=10442
  [11700/100000]  elapsed=10695s  rate=1.1/s  eta=80713s  finite=10452
  -> checkpoint saved: /scratch/e1498138/lhs/lhs_noise2_paris1_checkpoints/lhs_noise2_paris1_ckpt_011700.pkl
  [warn] sample 3 failed: 
  [11710/100000]  elapsed=10703s  rate=1.1/s  eta=80700s  finite=10460
  [warn] sample 6 failed: 
  [11720/100000]  elapsed=10712s  rate=1.1/s  eta=80687s  finite=10468
  [11730/100000]  elapsed=10721s  rate=1.1/s  eta=80680s  finite=10477
  [11740/100000]  elapsed=10731s  rate=1.1/s  eta=80672s  finite=10487
  [11750/100000]  elapsed=10740s  rate=1.1/s  eta=80667s  finite=10497
  [11760/100000]  elapsed=10750s  rate=1.1/s  eta=80659s  finite=10507
  [11770/100000]  elapsed=10759s  rate=1.1/s  eta=80652s  finite=10517
  [11780/100000]  elapsed=10769s  rate=1.1/s  eta=80646s  finite=10526
  [warn] sample 3 failed: 
  [11790/100000]  elapsed=10777s  rate=1.1/s  eta=80632s  finite=10533
  [warn] sample 5 failed: 
  [11800/100000]  elapsed=10786s  rate=1.1/s  eta=80619s  finite=10541
  -> checkpoint saved: /scratch/e1498138/lhs/lhs_noise2_paris1_checkpoints/lhs_noise2_paris1_ckpt_011800.pkl
  [warn] sample 8 failed: 
  [11810/100000]  elapsed=10794s  rate=1.1/s  eta=80607s  finite=10549
  [11820/100000]  elapsed=10804s  rate=1.1/s  eta=80601s  finite=10558
  [11830/100000]  elapsed=10814s  rate=1.1/s  eta=80594s  finite=10567
  [11840/100000]  elapsed=10823s  rate=1.1/s  eta=80586s  finite=10576
  [11850/100000]  elapsed=10832s  rate=1.1/s  eta=80579s  finite=10585
  [11860/100000]  elapsed=10842s  rate=1.1/s  eta=80572s  finite=10595
  [11870/100000]  elapsed=10851s  rate=1.1/s  eta=80564s  finite=10605
  [11880/100000]  elapsed=10861s  rate=1.1/s  eta=80558s  finite=10614
  [11890/100000]  elapsed=10870s  rate=1.1/s  eta=80554s  finite=10623
  [11900/100000]  elapsed=10880s  rate=1.1/s  eta=80547s  finite=10630
  -> checkpoint saved: /scratch/e1498138/lhs/lhs_noise2_paris1_checkpoints/lhs_noise2_paris1_ckpt_011900.pkl
  [11910/100000]  elapsed=10890s  rate=1.1/s  eta=80543s  finite=10640
  [warn] sample 5 failed: 
  [warn] sample 7 failed: 
  [11920/100000]  elapsed=10898s  rate=1.1/s  eta=80526s  finite=10647
  [11930/100000]  elapsed=10907s  rate=1.1/s  eta=80518s  finite=10654
  [warn] sample 1 failed: 
  [11940/100000]  elapsed=10916s  rate=1.1/s  eta=80507s  finite=10663
  [warn] sample 3 failed: 
  [11950/100000]  elapsed=10924s  rate=1.1/s  eta=80493s  finite=10671
  [11960/100000]  elapsed=10934s  rate=1.1/s  eta=80486s  finite=10680
  [11970/100000]  elapsed=10944s  rate=1.1/s  eta=80483s  finite=10689
  [11980/100000]  elapsed=10954s  rate=1.1/s  eta=80478s  finite=10699
  [warn] sample 0 failed: 
  [11990/100000]  elapsed=10962s  rate=1.1/s  eta=80464s  finite=10708
  [warn] sample 3 failed: 
  [warn] sample 7 failed: 
  [12000/100000]  elapsed=10970s  rate=1.1/s  eta=80444s  finite=10713
  -> checkpoint saved: /scratch/e1498138/lhs/lhs_noise2_paris1_checkpoints/lhs_noise2_paris1_ckpt_012000.pkl
  [12010/100000]  elapsed=10979s  rate=1.1/s  eta=80439s  finite=10722
  [12020/100000]  elapsed=10989s  rate=1.1/s  eta=80432s  finite=10731
  [12030/100000]  elapsed=10998s  rate=1.1/s  eta=80424s  finite=10739
  [12040/100000]  elapsed=11008s  rate=1.1/s  eta=80417s  finite=10749
  [12050/100000]  elapsed=11017s  rate=1.1/s  eta=80409s  finite=10759
  [warn] sample 1 failed: 
  [warn] sample 5 failed: 
  [12060/100000]  elapsed=11025s  rate=1.1/s  eta=80390s  finite=10766
  [12070/100000]  elapsed=11034s  rate=1.1/s  eta=80382s  finite=10776
  [12080/100000]  elapsed=11043s  rate=1.1/s  eta=80375s  finite=10786
  [12090/100000]  elapsed=11053s  rate=1.1/s  eta=80368s  finite=10795
  [12100/100000]  elapsed=11062s  rate=1.1/s  eta=80360s  finite=10805
  -> checkpoint saved: /scratch/e1498138/lhs/lhs_noise2_paris1_checkpoints/lhs_noise2_paris1_ckpt_012100.pkl
  [12110/100000]  elapsed=11072s  rate=1.1/s  eta=80354s  finite=10815
  [12120/100000]  elapsed=11081s  rate=1.1/s  eta=80346s  finite=10825
  [12130/100000]  elapsed=11090s  rate=1.1/s  eta=80338s  finite=10835
  [12140/100000]  elapsed=11100s  rate=1.1/s  eta=80332s  finite=10845
  [12150/100000]  elapsed=11109s  rate=1.1/s  eta=80325s  finite=10855
  [12160/100000]  elapsed=11119s  rate=1.1/s  eta=80317s  finite=10865
  [warn] sample 0 failed: 
  [warn] sample 3 failed: 
  [12170/100000]  elapsed=11126s  rate=1.1/s  eta=80298s  finite=10872
  [warn] sample 2 failed: 
  [12180/100000]  elapsed=11135s  rate=1.1/s  eta=80285s  finite=10881
  [warn] sample 3 failed: 
  [12190/100000]  elapsed=11144s  rate=1.1/s  eta=80273s  finite=10888
  [12200/100000]  elapsed=11153s  rate=1.1/s  eta=80266s  finite=10898
  -> checkpoint saved: /scratch/e1498138/lhs/lhs_noise2_paris1_checkpoints/lhs_noise2_paris1_ckpt_012200.pkl
  [12210/100000]  elapsed=11163s  rate=1.1/s  eta=80259s  finite=10907
  [12220/100000]  elapsed=11172s  rate=1.1/s  eta=80252s  finite=10916
  [warn] sample 6 failed: 
  [12230/100000]  elapsed=11180s  rate=1.1/s  eta=80238s  finite=10924
  [12240/100000]  elapsed=11190s  rate=1.1/s  eta=80232s  finite=10933
  [12250/100000]  elapsed=11199s  rate=1.1/s  eta=80224s  finite=10942
  [12260/100000]  elapsed=11209s  rate=1.1/s  eta=80217s  finite=10952
  [12270/100000]  elapsed=11219s  rate=1.1/s  eta=80213s  finite=10962
  [warn] sample 4 failed: 
  [warn] sample 8 failed: 
  [12280/100000]  elapsed=11226s  rate=1.1/s  eta=80194s  finite=10969
  [warn] sample 1 failed: 
  [12290/100000]  elapsed=11235s  rate=1.1/s  eta=80180s  finite=10976
  [warn] sample 8 failed: 
  [12300/100000]  elapsed=11243s  rate=1.1/s  eta=80167s  finite=10985
  -> checkpoint saved: /scratch/e1498138/lhs/lhs_noise2_paris1_checkpoints/lhs_noise2_paris1_ckpt_012300.pkl
  [12310/100000]  elapsed=11253s  rate=1.1/s  eta=80161s  finite=10994
  [12320/100000]  elapsed=11262s  rate=1.1/s  eta=80153s  finite=11004
  [warn] sample 2 failed: 
  [12330/100000]  elapsed=11271s  rate=1.1/s  eta=80141s  finite=11013
  [12340/100000]  elapsed=11281s  rate=1.1/s  eta=80134s  finite=11023
  [12350/100000]  elapsed=11290s  rate=1.1/s  eta=80126s  finite=11030
  [warn] sample 1 failed: 
  [12360/100000]  elapsed=11299s  rate=1.1/s  eta=80113s  finite=11039
  [warn] sample 0 failed: 
  [warn] sample 9 failed: 
  [12370/100000]  elapsed=11306s  rate=1.1/s  eta=80096s  finite=11047
  [12380/100000]  elapsed=11316s  rate=1.1/s  eta=80089s  finite=11056
  [warn] sample 9 failed: 
  [12390/100000]  elapsed=11324s  rate=1.1/s  eta=80075s  finite=11065
  [12400/100000]  elapsed=11334s  rate=1.1/s  eta=80069s  finite=11074
  -> checkpoint saved: /scratch/e1498138/lhs/lhs_noise2_paris1_checkpoints/lhs_noise2_paris1_ckpt_012400.pkl
  [12410/100000]  elapsed=11344s  rate=1.1/s  eta=80063s  finite=11083
  [warn] sample 4 failed: 
  [12420/100000]  elapsed=11352s  rate=1.1/s  eta=80051s  finite=11091
  [12430/100000]  elapsed=11362s  rate=1.1/s  eta=80044s  finite=11100
  [12440/100000]  elapsed=11371s  rate=1.1/s  eta=80039s  finite=11109
  [warn] sample 3 failed: 
  [12450/100000]  elapsed=11380s  rate=1.1/s  eta=80028s  finite=11118
  [12460/100000]  elapsed=11390s  rate=1.1/s  eta=80022s  finite=11128
  [warn] sample 4 failed: 
  [12470/100000]  elapsed=11399s  rate=1.1/s  eta=80011s  finite=11137
  [12480/100000]  elapsed=11408s  rate=1.1/s  eta=80003s  finite=11146
  [warn] sample 5 failed: 
  [12490/100000]  elapsed=11417s  rate=1.1/s  eta=79989s  finite=11155
  [12500/100000]  elapsed=11426s  rate=1.1/s  eta=79982s  finite=11165
  -> checkpoint saved: /scratch/e1498138/lhs/lhs_noise2_paris1_checkpoints/lhs_noise2_paris1_ckpt_012500.pkl
  [warn] sample 9 failed: 
  [12510/100000]  elapsed=11435s  rate=1.1/s  eta=79970s  finite=11173
  [12520/100000]  elapsed=11444s  rate=1.1/s  eta=79962s  finite=11183
  [12530/100000]  elapsed=11454s  rate=1.1/s  eta=79955s  finite=11193
  [12540/100000]  elapsed=11463s  rate=1.1/s  eta=79950s  finite=11203
  [warn] sample 0 failed: 
  [12550/100000]  elapsed=11472s  rate=1.1/s  eta=79936s  finite=11211
  [12560/100000]  elapsed=11481s  rate=1.1/s  eta=79928s  finite=11220
  [12570/100000]  elapsed=11490s  rate=1.1/s  eta=79921s  finite=11230
  [12580/100000]  elapsed=11500s  rate=1.1/s  eta=79913s  finite=11239
  [12590/100000]  elapsed=11509s  rate=1.1/s  eta=79905s  finite=11248
  [12600/100000]  elapsed=11518s  rate=1.1/s  eta=79898s  finite=11258
  -> checkpoint saved: /scratch/e1498138/lhs/lhs_noise2_paris1_checkpoints/lhs_noise2_paris1_ckpt_012600.pkl
  [12610/100000]  elapsed=11528s  rate=1.1/s  eta=79892s  finite=11268
  [warn] sample 3 failed: 
  [12620/100000]  elapsed=11537s  rate=1.1/s  eta=79879s  finite=11276
  [12630/100000]  elapsed=11546s  rate=1.1/s  eta=79871s  finite=11285
  [12640/100000]  elapsed=11555s  rate=1.1/s  eta=79863s  finite=11295
  [12650/100000]  elapsed=11565s  rate=1.1/s  eta=79856s  finite=11304
  [warn] sample 6 failed: 
  [warn] sample 7 failed: 
  [12660/100000]  elapsed=11573s  rate=1.1/s  eta=79837s  finite=11312
  [warn] sample 5 failed: 
  [12670/100000]  elapsed=11581s  rate=1.1/s  eta=79826s  finite=11320
  [12680/100000]  elapsed=11591s  rate=1.1/s  eta=79819s  finite=11329
  [warn] sample 8 failed: 
  [12690/100000]  elapsed=11600s  rate=1.1/s  eta=79807s  finite=11338
  [warn] sample 8 failed: 
  [12700/100000]  elapsed=11608s  rate=1.1/s  eta=79795s  finite=11347
  -> checkpoint saved: /scratch/e1498138/lhs/lhs_noise2_paris1_checkpoints/lhs_noise2_paris1_ckpt_012700.pkl
  [12710/100000]  elapsed=11618s  rate=1.1/s  eta=79789s  finite=11357
  [12720/100000]  elapsed=11627s  rate=1.1/s  eta=79781s  finite=11366
  [12730/100000]  elapsed=11637s  rate=1.1/s  eta=79774s  finite=11375
  [12740/100000]  elapsed=11646s  rate=1.1/s  eta=79767s  finite=11385
  [12750/100000]  elapsed=11655s  rate=1.1/s  eta=79759s  finite=11394
  [warn] sample 0 failed: 
  [warn] sample 5 failed: 
  [12760/100000]  elapsed=11663s  rate=1.1/s  eta=79741s  finite=11401
  [12770/100000]  elapsed=11673s  rate=1.1/s  eta=79734s  finite=11409
  [12780/100000]  elapsed=11682s  rate=1.1/s  eta=79726s  finite=11419
  [12790/100000]  elapsed=11691s  rate=1.1/s  eta=79718s  finite=11428
  [12800/100000]  elapsed=11701s  rate=1.1/s  eta=79710s  finite=11437
  -> checkpoint saved: /scratch/e1498138/lhs/lhs_noise2_paris1_checkpoints/lhs_noise2_paris1_ckpt_012800.pkl
  [12810/100000]  elapsed=11710s  rate=1.1/s  eta=79702s  finite=11447
  [12820/100000]  elapsed=11719s  rate=1.1/s  eta=79694s  finite=11456
  [warn] sample 7 failed: 
  [12830/100000]  elapsed=11728s  rate=1.1/s  eta=79681s  finite=11464
  [12840/100000]  elapsed=11737s  rate=1.1/s  eta=79673s  finite=11472
  [12850/100000]  elapsed=11746s  rate=1.1/s  eta=79664s  finite=11479
  [warn] sample 8 failed: 
  [warn] sample 9 failed: 
  [12860/100000]  elapsed=11754s  rate=1.1/s  eta=79647s  finite=11487
  [12870/100000]  elapsed=11764s  rate=1.1/s  eta=79639s  finite=11496
  [warn] sample 6 failed: 
  [12880/100000]  elapsed=11772s  rate=1.1/s  eta=79627s  finite=11504
  [12890/100000]  elapsed=11781s  rate=1.1/s  eta=79618s  finite=11514
  [warn] sample 8 failed: 
  [12900/100000]  elapsed=11790s  rate=1.1/s  eta=79607s  finite=11523
  -> checkpoint saved: /scratch/e1498138/lhs/lhs_noise2_paris1_checkpoints/lhs_noise2_paris1_ckpt_012900.pkl
  [12910/100000]  elapsed=11800s  rate=1.1/s  eta=79599s  finite=11533
  [warn] sample 5 failed: 
  [12920/100000]  elapsed=11808s  rate=1.1/s  eta=79585s  finite=11541
  [12930/100000]  elapsed=11817s  rate=1.1/s  eta=79578s  finite=11550
  [warn] sample 0 failed: 
  [12940/100000]  elapsed=11826s  rate=1.1/s  eta=79566s  finite=11558
  [12950/100000]  elapsed=11836s  rate=1.1/s  eta=79559s  finite=11567
  [12960/100000]  elapsed=11845s  rate=1.1/s  eta=79552s  finite=11577
  [12970/100000]  elapsed=11854s  rate=1.1/s  eta=79544s  finite=11587
  [warn] sample 3 failed: 
  [12980/100000]  elapsed=11863s  rate=1.1/s  eta=79530s  finite=11596
  [12990/100000]  elapsed=11872s  rate=1.1/s  eta=79522s  finite=11606
  [13000/100000]  elapsed=11881s  rate=1.1/s  eta=79514s  finite=11615
  -> checkpoint saved: /scratch/e1498138/lhs/lhs_noise2_paris1_checkpoints/lhs_noise2_paris1_ckpt_013000.pkl
  [13010/100000]  elapsed=11891s  rate=1.1/s  eta=79507s  finite=11624
  [13020/100000]  elapsed=11900s  rate=1.1/s  eta=79499s  finite=11634
  [13030/100000]  elapsed=11910s  rate=1.1/s  eta=79491s  finite=11643
  [13040/100000]  elapsed=11919s  rate=1.1/s  eta=79484s  finite=11649
  [13050/100000]  elapsed=11928s  rate=1.1/s  eta=79476s  finite=11658
  [13060/100000]  elapsed=11938s  rate=1.1/s  eta=79469s  finite=11668
  [13070/100000]  elapsed=11947s  rate=1.1/s  eta=79461s  finite=11676
  [warn] sample 2 failed: 
  [13080/100000]  elapsed=11955s  rate=1.1/s  eta=79447s  finite=11685
  [13090/100000]  elapsed=11965s  rate=1.1/s  eta=79439s  finite=11695
  [13100/100000]  elapsed=11974s  rate=1.1/s  eta=79432s  finite=11705
  -> checkpoint saved: /scratch/e1498138/lhs/lhs_noise2_paris1_checkpoints/lhs_noise2_paris1_ckpt_013100.pkl
  [warn] sample 6 failed: 
  [13110/100000]  elapsed=11983s  rate=1.1/s  eta=79419s  finite=11713
  [13120/100000]  elapsed=11992s  rate=1.1/s  eta=79412s  finite=11723
  [13130/100000]  elapsed=12002s  rate=1.1/s  eta=79404s  finite=11732
  [warn] sample 2 failed: 
  [13140/100000]  elapsed=12010s  rate=1.1/s  eta=79392s  finite=11741
  [13150/100000]  elapsed=12020s  rate=1.1/s  eta=79385s  finite=11750
  [13160/100000]  elapsed=12029s  rate=1.1/s  eta=79377s  finite=11759
  [13170/100000]  elapsed=12038s  rate=1.1/s  eta=79368s  finite=11769
  [13180/100000]  elapsed=12048s  rate=1.1/s  eta=79360s  finite=11778
  [warn] sample 4 failed: 
  [13190/100000]  elapsed=12056s  rate=1.1/s  eta=79348s  finite=11785
  [13200/100000]  elapsed=12066s  rate=1.1/s  eta=79341s  finite=11794
  -> checkpoint saved: /scratch/e1498138/lhs/lhs_noise2_paris1_checkpoints/lhs_noise2_paris1_ckpt_013200.pkl
  [13210/100000]  elapsed=12076s  rate=1.1/s  eta=79336s  finite=11804
  [warn] sample 6 failed: 
  [13220/100000]  elapsed=12084s  rate=1.1/s  eta=79323s  finite=11813
  [13230/100000]  elapsed=12093s  rate=1.1/s  eta=79316s  finite=11823
  [13240/100000]  elapsed=12103s  rate=1.1/s  eta=79307s  finite=11833
  [warn] sample 6 failed: 
  [13250/100000]  elapsed=12111s  rate=1.1/s  eta=79295s  finite=11842
  [warn] sample 6 failed: 
  [13260/100000]  elapsed=12120s  rate=1.1/s  eta=79282s  finite=11850
  [13270/100000]  elapsed=12129s  rate=1.1/s  eta=79274s  finite=11860
  [13280/100000]  elapsed=12139s  rate=1.1/s  eta=79268s  finite=11868
  [warn] sample 0 failed: 
  [13290/100000]  elapsed=12147s  rate=1.1/s  eta=79255s  finite=11876
  [13300/100000]  elapsed=12157s  rate=1.1/s  eta=79247s  finite=11886
  -> checkpoint saved: /scratch/e1498138/lhs/lhs_noise2_paris1_checkpoints/lhs_noise2_paris1_ckpt_013300.pkl
  [warn] sample 7 failed: 
  [13310/100000]  elapsed=12165s  rate=1.1/s  eta=79234s  finite=11895
  [13320/100000]  elapsed=12175s  rate=1.1/s  eta=79227s  finite=11904
  [warn] sample 7 failed: 
  [13330/100000]  elapsed=12183s  rate=1.1/s  eta=79215s  finite=11913
  [warn] sample 1 failed: 
  [13340/100000]  elapsed=12192s  rate=1.1/s  eta=79202s  finite=11921
  [13350/100000]  elapsed=12201s  rate=1.1/s  eta=79195s  finite=11930
  [13360/100000]  elapsed=12211s  rate=1.1/s  eta=79190s  finite=11940
  [13370/100000]  elapsed=12221s  rate=1.1/s  eta=79183s  finite=11949
  [13380/100000]  elapsed=12230s  rate=1.1/s  eta=79175s  finite=11957
  [warn] sample 0 failed: 
  [13390/100000]  elapsed=12239s  rate=1.1/s  eta=79163s  finite=11966
  [13400/100000]  elapsed=12248s  rate=1.1/s  eta=79155s  finite=11976
  -> checkpoint saved: /scratch/e1498138/lhs/lhs_noise2_paris1_checkpoints/lhs_noise2_paris1_ckpt_013400.pkl
  [13410/100000]  elapsed=12257s  rate=1.1/s  eta=79147s  finite=11986
  [13420/100000]  elapsed=12267s  rate=1.1/s  eta=79139s  finite=11994
  [13430/100000]  elapsed=12276s  rate=1.1/s  eta=79132s  finite=12004
  [13440/100000]  elapsed=12285s  rate=1.1/s  eta=79124s  finite=12014
  [warn] sample 8 failed: 
  [13450/100000]  elapsed=12294s  rate=1.1/s  eta=79113s  finite=12023
  [13460/100000]  elapsed=12304s  rate=1.1/s  eta=79107s  finite=12033
  [13470/100000]  elapsed=12313s  rate=1.1/s  eta=79098s  finite=12043
  [13480/100000]  elapsed=12322s  rate=1.1/s  eta=79090s  finite=12052
  [13490/100000]  elapsed=12332s  rate=1.1/s  eta=79084s  finite=12062
  [13500/100000]  elapsed=12342s  rate=1.1/s  eta=79077s  finite=12071
  -> checkpoint saved: /scratch/e1498138/lhs/lhs_noise2_paris1_checkpoints/lhs_noise2_paris1_ckpt_013500.pkl
  [13510/100000]  elapsed=12351s  rate=1.1/s  eta=79069s  finite=12080
  [warn] sample 6 failed: 
  [warn] sample 7 failed: 
  [13520/100000]  elapsed=12359s  rate=1.1/s  eta=79051s  finite=12087
  [13530/100000]  elapsed=12368s  rate=1.1/s  eta=79043s  finite=12097
  [13540/100000]  elapsed=12377s  rate=1.1/s  eta=79037s  finite=12107
  [13550/100000]  elapsed=12387s  rate=1.1/s  eta=79030s  finite=12115
  [13560/100000]  elapsed=12396s  rate=1.1/s  eta=79021s  finite=12123
  [13570/100000]  elapsed=12406s  rate=1.1/s  eta=79013s  finite=12131
  [13580/100000]  elapsed=12415s  rate=1.1/s  eta=79005s  finite=12140
  [warn] sample 9 failed: 
  [13590/100000]  elapsed=12423s  rate=1.1/s  eta=78991s  finite=12149
  [13600/100000]  elapsed=12432s  rate=1.1/s  eta=78983s  finite=12158
  -> checkpoint saved: /scratch/e1498138/lhs/lhs_noise2_paris1_checkpoints/lhs_noise2_paris1_ckpt_013600.pkl
  [warn] sample 2 failed: 
  [13610/100000]  elapsed=12441s  rate=1.1/s  eta=78970s  finite=12167
  [13620/100000]  elapsed=12451s  rate=1.1/s  eta=78964s  finite=12177
  [13630/100000]  elapsed=12460s  rate=1.1/s  eta=78955s  finite=12186
  [warn] sample 3 failed: 
  [warn] sample 8 failed: 
  [13640/100000]  elapsed=12467s  rate=1.1/s  eta=78936s  finite=12193
  [warn] sample 7 failed: 
  [13650/100000]  elapsed=12476s  rate=1.1/s  eta=78923s  finite=12201
  [13660/100000]  elapsed=12486s  rate=1.1/s  eta=78916s  finite=12211
  [13670/100000]  elapsed=12495s  rate=1.1/s  eta=78909s  finite=12220
  [13680/100000]  elapsed=12505s  rate=1.1/s  eta=78903s  finite=12230
  [13690/100000]  elapsed=12514s  rate=1.1/s  eta=78895s  finite=12240
  [13700/100000]  elapsed=12523s  rate=1.1/s  eta=78887s  finite=12249
  -> checkpoint saved: /scratch/e1498138/lhs/lhs_noise2_paris1_checkpoints/lhs_noise2_paris1_ckpt_013700.pkl
  [13710/100000]  elapsed=12533s  rate=1.1/s  eta=78879s  finite=12259
  [13720/100000]  elapsed=12542s  rate=1.1/s  eta=78872s  finite=12269
  [13730/100000]  elapsed=12551s  rate=1.1/s  eta=78865s  finite=12278
  [warn] sample 4 failed: 
  [13740/100000]  elapsed=12560s  rate=1.1/s  eta=78851s  finite=12286
  [13750/100000]  elapsed=12569s  rate=1.1/s  eta=78843s  finite=12295
  [13760/100000]  elapsed=12578s  rate=1.1/s  eta=78834s  finite=12305
  [13770/100000]  elapsed=12588s  rate=1.1/s  eta=78827s  finite=12315
  [warn] sample 9 failed: 
  [13780/100000]  elapsed=12596s  rate=1.1/s  eta=78815s  finite=12324
  [warn] sample 9 failed: 
  [13790/100000]  elapsed=12605s  rate=1.1/s  eta=78801s  finite=12331
  [warn] sample 5 failed: 
  [13800/100000]  elapsed=12613s  rate=1.1/s  eta=78788s  finite=12340
  -> checkpoint saved: /scratch/e1498138/lhs/lhs_noise2_paris1_checkpoints/lhs_noise2_paris1_ckpt_013800.pkl
  [13810/100000]  elapsed=12623s  rate=1.1/s  eta=78779s  finite=12349
  [13820/100000]  elapsed=12632s  rate=1.1/s  eta=78771s  finite=12358
  [warn] sample 4 failed: 
  [13830/100000]  elapsed=12640s  rate=1.1/s  eta=78758s  finite=12365
  [13840/100000]  elapsed=12650s  rate=1.1/s  eta=78749s  finite=12373
  [13850/100000]  elapsed=12659s  rate=1.1/s  eta=78743s  finite=12383
  [13860/100000]  elapsed=12669s  rate=1.1/s  eta=78735s  finite=12392
  [warn] sample 0 failed: 
  [13870/100000]  elapsed=12677s  rate=1.1/s  eta=78721s  finite=12401
  [13880/100000]  elapsed=12686s  rate=1.1/s  eta=78714s  finite=12410
  [13890/100000]  elapsed=12696s  rate=1.1/s  eta=78705s  finite=12420
  [13900/100000]  elapsed=12705s  rate=1.1/s  eta=78698s  finite=12429
  -> checkpoint saved: /scratch/e1498138/lhs/lhs_noise2_paris1_checkpoints/lhs_noise2_paris1_ckpt_013900.pkl
  [warn] sample 4 failed: 
  [13910/100000]  elapsed=12713s  rate=1.1/s  eta=78685s  finite=12437
  [13920/100000]  elapsed=12723s  rate=1.1/s  eta=78677s  finite=12446
  [13930/100000]  elapsed=12732s  rate=1.1/s  eta=78668s  finite=12456
  [warn] sample 2 failed: 
  [13940/100000]  elapsed=12741s  rate=1.1/s  eta=78655s  finite=12465
  [13950/100000]  elapsed=12750s  rate=1.1/s  eta=78647s  finite=12474
  [13960/100000]  elapsed=12759s  rate=1.1/s  eta=78639s  finite=12484
  [13970/100000]  elapsed=12769s  rate=1.1/s  eta=78632s  finite=12494
  [warn] sample 9 failed: 
  [13980/100000]  elapsed=12777s  rate=1.1/s  eta=78620s  finite=12502
  [warn] sample 9 failed: 
  [13990/100000]  elapsed=12786s  rate=1.1/s  eta=78607s  finite=12511
  [warn] sample 2 failed: 
  [14000/100000]  elapsed=12794s  rate=1.1/s  eta=78594s  finite=12518
  -> checkpoint saved: /scratch/e1498138/lhs/lhs_noise2_paris1_checkpoints/lhs_noise2_paris1_ckpt_014000.pkl
  [warn] sample 8 failed: 
  [14010/100000]  elapsed=12803s  rate=1.1/s  eta=78581s  finite=12527
  [warn] sample 4 failed: 
  [14020/100000]  elapsed=12812s  rate=1.1/s  eta=78569s  finite=12535
  [14030/100000]  elapsed=12821s  rate=1.1/s  eta=78562s  finite=12545
  [warn] sample 7 failed: 
  [14040/100000]  elapsed=12830s  rate=1.1/s  eta=78550s  finite=12554
  [14050/100000]  elapsed=12839s  rate=1.1/s  eta=78543s  finite=12563
  [14060/100000]  elapsed=12848s  rate=1.1/s  eta=78534s  finite=12572
  [14070/100000]  elapsed=12858s  rate=1.1/s  eta=78527s  finite=12581
  [14080/100000]  elapsed=12867s  rate=1.1/s  eta=78520s  finite=12590
  [warn] sample 9 failed: 
  [14090/100000]  elapsed=12876s  rate=1.1/s  eta=78506s  finite=12599
  [warn] sample 0 failed: 
  [14100/100000]  elapsed=12884s  rate=1.1/s  eta=78495s  finite=12608
  -> checkpoint saved: /scratch/e1498138/lhs/lhs_noise2_paris1_checkpoints/lhs_noise2_paris1_ckpt_014100.pkl
  [14110/100000]  elapsed=12894s  rate=1.1/s  eta=78488s  finite=12616
  [warn] sample 9 failed: 
  [14120/100000]  elapsed=12903s  rate=1.1/s  eta=78476s  finite=12625
  [warn] sample 9 failed: 
  [14130/100000]  elapsed=12911s  rate=1.1/s  eta=78463s  finite=12634
  [warn] sample 2 failed: 
  [14140/100000]  elapsed=12920s  rate=1.1/s  eta=78451s  finite=12642
  [14150/100000]  elapsed=12929s  rate=1.1/s  eta=78443s  finite=12651
  [warn] sample 8 failed: 
  [14160/100000]  elapsed=12938s  rate=1.1/s  eta=78432s  finite=12658
  [14170/100000]  elapsed=12947s  rate=1.1/s  eta=78425s  finite=12667
  [warn] sample 1 failed: 
  [14180/100000]  elapsed=12956s  rate=1.1/s  eta=78412s  finite=12676
  [14190/100000]  elapsed=12965s  rate=1.1/s  eta=78404s  finite=12686
  [14200/100000]  elapsed=12975s  rate=1.1/s  eta=78396s  finite=12694
  -> checkpoint saved: /scratch/e1498138/lhs/lhs_noise2_paris1_checkpoints/lhs_noise2_paris1_ckpt_014200.pkl
  [14210/100000]  elapsed=12984s  rate=1.1/s  eta=78389s  finite=12702
  [14220/100000]  elapsed=12993s  rate=1.1/s  eta=78381s  finite=12711
  [14230/100000]  elapsed=13003s  rate=1.1/s  eta=78373s  finite=12718
  [14240/100000]  elapsed=13012s  rate=1.1/s  eta=78365s  finite=12728
  [14250/100000]  elapsed=13022s  rate=1.1/s  eta=78358s  finite=12737
  [warn] sample 1 failed: 
  [14260/100000]  elapsed=13030s  rate=1.1/s  eta=78344s  finite=12745
  [warn] sample 6 failed: 
  [14270/100000]  elapsed=13038s  rate=1.1/s  eta=78331s  finite=12753
  [14280/100000]  elapsed=13048s  rate=1.1/s  eta=78324s  finite=12761
  [14290/100000]  elapsed=13057s  rate=1.1/s  eta=78316s  finite=12771
  [14300/100000]  elapsed=13067s  rate=1.1/s  eta=78309s  finite=12781
  -> checkpoint saved: /scratch/e1498138/lhs/lhs_noise2_paris1_checkpoints/lhs_noise2_paris1_ckpt_014300.pkl
  [14310/100000]  elapsed=13076s  rate=1.1/s  eta=78301s  finite=12788
  [warn] sample 2 failed: 
  [14320/100000]  elapsed=13084s  rate=1.1/s  eta=78287s  finite=12796
  [14330/100000]  elapsed=13094s  rate=1.1/s  eta=78279s  finite=12805
  [14340/100000]  elapsed=13103s  rate=1.1/s  eta=78271s  finite=12815
  [14350/100000]  elapsed=13113s  rate=1.1/s  eta=78264s  finite=12824
  [14360/100000]  elapsed=13122s  rate=1.1/s  eta=78257s  finite=12834
  [warn] sample 0 failed: 
  [14370/100000]  elapsed=13130s  rate=1.1/s  eta=78243s  finite=12840
  [warn] sample 7 failed: 
  [14380/100000]  elapsed=13139s  rate=1.1/s  eta=78230s  finite=12849
  [warn] sample 9 failed: 
  [14390/100000]  elapsed=13147s  rate=1.1/s  eta=78218s  finite=12857
  [14400/100000]  elapsed=13157s  rate=1.1/s  eta=78209s  finite=12866
  -> checkpoint saved: /scratch/e1498138/lhs/lhs_noise2_paris1_checkpoints/lhs_noise2_paris1_ckpt_014400.pkl
  [warn] sample 9 failed: 
  [14410/100000]  elapsed=13165s  rate=1.1/s  eta=78196s  finite=12874
  [warn] sample 4 failed: 
  [14420/100000]  elapsed=13174s  rate=1.1/s  eta=78183s  finite=12882
  [14430/100000]  elapsed=13183s  rate=1.1/s  eta=78177s  finite=12890
  [14440/100000]  elapsed=13193s  rate=1.1/s  eta=78171s  finite=12898
  [14450/100000]  elapsed=13202s  rate=1.1/s  eta=78164s  finite=12907
  [warn] sample 0 failed: 
  [14460/100000]  elapsed=13211s  rate=1.1/s  eta=78151s  finite=12916
  [warn] sample 1 failed: 
  [14470/100000]  elapsed=13220s  rate=1.1/s  eta=78139s  finite=12925
  [14480/100000]  elapsed=13229s  rate=1.1/s  eta=78130s  finite=12935
  [14490/100000]  elapsed=13238s  rate=1.1/s  eta=78122s  finite=12945
  [14500/100000]  elapsed=13247s  rate=1.1/s  eta=78114s  finite=12954
  -> checkpoint saved: /scratch/e1498138/lhs/lhs_noise2_paris1_checkpoints/lhs_noise2_paris1_ckpt_014500.pkl
  [warn] sample 5 failed: 
  [14510/100000]  elapsed=13256s  rate=1.1/s  eta=78102s  finite=12963
  [14520/100000]  elapsed=13265s  rate=1.1/s  eta=78094s  finite=12972
  [14530/100000]  elapsed=13275s  rate=1.1/s  eta=78087s  finite=12981
  [14540/100000]  elapsed=13284s  rate=1.1/s  eta=78080s  finite=12991
  [warn] sample 4 failed: 
  [14550/100000]  elapsed=13293s  rate=1.1/s  eta=78068s  finite=12999
  [14560/100000]  elapsed=13303s  rate=1.1/s  eta=78061s  finite=13009
  [14570/100000]  elapsed=13312s  rate=1.1/s  eta=78055s  finite=13018
  [14580/100000]  elapsed=13322s  rate=1.1/s  eta=78048s  finite=13027
  [14590/100000]  elapsed=13331s  rate=1.1/s  eta=78041s  finite=13036
  [14600/100000]  elapsed=13341s  rate=1.1/s  eta=78035s  finite=13046
  -> checkpoint saved: /scratch/e1498138/lhs/lhs_noise2_paris1_checkpoints/lhs_noise2_paris1_ckpt_014600.pkl
  [14610/100000]  elapsed=13350s  rate=1.1/s  eta=78028s  finite=13056
  [14620/100000]  elapsed=13360s  rate=1.1/s  eta=78022s  finite=13066
  [warn] sample 3 failed: 
  [warn] sample 4 failed: 
  [14630/100000]  elapsed=13368s  rate=1.1/s  eta=78005s  finite=13074
  [warn] sample 9 failed: 
  [14640/100000]  elapsed=13377s  rate=1.1/s  eta=77994s  finite=13083
  [14650/100000]  elapsed=13386s  rate=1.1/s  eta=77986s  finite=13091
  [14660/100000]  elapsed=13395s  rate=1.1/s  eta=77978s  finite=13100
  [14670/100000]  elapsed=13405s  rate=1.1/s  eta=77971s  finite=13110
  [warn] sample 1 failed: 
  [warn] sample 6 failed: 
  [14680/100000]  elapsed=13413s  rate=1.1/s  eta=77954s  finite=13118
  [14690/100000]  elapsed=13422s  rate=1.1/s  eta=77946s  finite=13127
  [warn] sample 1 failed: 
  [14700/100000]  elapsed=13431s  rate=1.1/s  eta=77933s  finite=13136
  -> checkpoint saved: /scratch/e1498138/lhs/lhs_noise2_paris1_checkpoints/lhs_noise2_paris1_ckpt_014700.pkl
  [14710/100000]  elapsed=13440s  rate=1.1/s  eta=77926s  finite=13146
  [14720/100000]  elapsed=13449s  rate=1.1/s  eta=77918s  finite=13155
  [warn] sample 3 failed: 
  [14730/100000]  elapsed=13458s  rate=1.1/s  eta=77905s  finite=13163
  [14740/100000]  elapsed=13467s  rate=1.1/s  eta=77898s  finite=13171
  [14750/100000]  elapsed=13477s  rate=1.1/s  eta=77890s  finite=13180
  [14760/100000]  elapsed=13486s  rate=1.1/s  eta=77882s  finite=13190
  [14770/100000]  elapsed=13496s  rate=1.1/s  eta=77876s  finite=13198
  [14780/100000]  elapsed=13505s  rate=1.1/s  eta=77870s  finite=13206
  [14790/100000]  elapsed=13515s  rate=1.1/s  eta=77862s  finite=13215
  [14800/100000]  elapsed=13524s  rate=1.1/s  eta=77854s  finite=13224
  -> checkpoint saved: /scratch/e1498138/lhs/lhs_noise2_paris1_checkpoints/lhs_noise2_paris1_ckpt_014800.pkl
  [14810/100000]  elapsed=13533s  rate=1.1/s  eta=77846s  finite=13234
  [warn] sample 5 failed: 
  [warn] sample 7 failed: 
  [14820/100000]  elapsed=13541s  rate=1.1/s  eta=77829s  finite=13242
  [warn] sample 2 failed: 
  [14830/100000]  elapsed=13549s  rate=1.1/s  eta=77816s  finite=13250
  [14840/100000]  elapsed=13559s  rate=1.1/s  eta=77810s  finite=13259
  [warn] sample 0 failed: 
  [warn] sample 5 failed: 
  [14850/100000]  elapsed=13567s  rate=1.1/s  eta=77794s  finite=13266
  [14860/100000]  elapsed=13577s  rate=1.1/s  eta=77787s  finite=13276
  [14870/100000]  elapsed=13586s  rate=1.1/s  eta=77779s  finite=13285
  [14880/100000]  elapsed=13596s  rate=1.1/s  eta=77773s  finite=13294
  [warn] sample 6 failed: 
  [14890/100000]  elapsed=13604s  rate=1.1/s  eta=77761s  finite=13303
  [warn] sample 1 failed: 
  [14900/100000]  elapsed=13614s  rate=1.1/s  eta=77753s  finite=13312
  -> checkpoint saved: /scratch/e1498138/lhs/lhs_noise2_paris1_checkpoints/lhs_noise2_paris1_ckpt_014900.pkl
  [warn] sample 4 failed: 
  [14910/100000]  elapsed=13622s  rate=1.1/s  eta=77741s  finite=13320
  [warn] sample 3 failed: 
  [14920/100000]  elapsed=13631s  rate=1.1/s  eta=77731s  finite=13328
  [14930/100000]  elapsed=13641s  rate=1.1/s  eta=77723s  finite=13338
  [14940/100000]  elapsed=13650s  rate=1.1/s  eta=77717s  finite=13347
  [14950/100000]  elapsed=13660s  rate=1.1/s  eta=77711s  finite=13357
  [14960/100000]  elapsed=13670s  rate=1.1/s  eta=77705s  finite=13367
  [14970/100000]  elapsed=13679s  rate=1.1/s  eta=77698s  finite=13376
  [14980/100000]  elapsed=13689s  rate=1.1/s  eta=77691s  finite=13385
  [14990/100000]  elapsed=13698s  rate=1.1/s  eta=77685s  finite=13393
  [15000/100000]  elapsed=13708s  rate=1.1/s  eta=77678s  finite=13403
  -> checkpoint saved: /scratch/e1498138/lhs/lhs_noise2_paris1_checkpoints/lhs_noise2_paris1_ckpt_015000.pkl
  [15010/100000]  elapsed=13717s  rate=1.1/s  eta=77670s  finite=13413
  [15020/100000]  elapsed=13727s  rate=1.1/s  eta=77663s  finite=13423
  [15030/100000]  elapsed=13737s  rate=1.1/s  eta=77658s  finite=13431
  [15040/100000]  elapsed=13746s  rate=1.1/s  eta=77651s  finite=13441
  [warn] sample 1 failed: 
  [15050/100000]  elapsed=13755s  rate=1.1/s  eta=77639s  finite=13449
  [15060/100000]  elapsed=13764s  rate=1.1/s  eta=77632s  finite=13459
  [15070/100000]  elapsed=13774s  rate=1.1/s  eta=77624s  finite=13467
  [15080/100000]  elapsed=13783s  rate=1.1/s  eta=77616s  finite=13477
  [15090/100000]  elapsed=13792s  rate=1.1/s  eta=77607s  finite=13487
  [warn] sample 2 failed: 
  [15100/100000]  elapsed=13801s  rate=1.1/s  eta=77594s  finite=13496
  -> checkpoint saved: /scratch/e1498138/lhs/lhs_noise2_paris1_checkpoints/lhs_noise2_paris1_ckpt_015100.pkl
  [15110/100000]  elapsed=13810s  rate=1.1/s  eta=77587s  finite=13506
  [15120/100000]  elapsed=13819s  rate=1.1/s  eta=77578s  finite=13514
  [warn] sample 0 failed: 
  [warn] sample 9 failed: 
  [15130/100000]  elapsed=13827s  rate=1.1/s  eta=77561s  finite=13522
  [15140/100000]  elapsed=13836s  rate=1.1/s  eta=77553s  finite=13532
  [warn] sample 3 failed: 
  [15150/100000]  elapsed=13845s  rate=1.1/s  eta=77540s  finite=13540
  [15160/100000]  elapsed=13854s  rate=1.1/s  eta=77532s  finite=13549
  [15170/100000]  elapsed=13863s  rate=1.1/s  eta=77524s  finite=13558
  [warn] sample 6 failed: 
  [15180/100000]  elapsed=13872s  rate=1.1/s  eta=77513s  finite=13566
  [15190/100000]  elapsed=13882s  rate=1.1/s  eta=77505s  finite=13576
  [warn] sample 4 failed: 
  [warn] sample 8 failed: 
  [15200/100000]  elapsed=13890s  rate=1.1/s  eta=77489s  finite=13584
  -> checkpoint saved: /scratch/e1498138/lhs/lhs_noise2_paris1_checkpoints/lhs_noise2_paris1_ckpt_015200.pkl
  [15210/100000]  elapsed=13899s  rate=1.1/s  eta=77482s  finite=13594
  [warn] sample 6 failed: 
  [15220/100000]  elapsed=13908s  rate=1.1/s  eta=77469s  finite=13602
  [15230/100000]  elapsed=13917s  rate=1.1/s  eta=77461s  finite=13612
  [15240/100000]  elapsed=13926s  rate=1.1/s  eta=77453s  finite=13620
  [15250/100000]  elapsed=13935s  rate=1.1/s  eta=77444s  finite=13628
  [warn] sample 6 failed: 
  [15260/100000]  elapsed=13944s  rate=1.1/s  eta=77431s  finite=13637
  [warn] sample 9 failed: 
  [15270/100000]  elapsed=13953s  rate=1.1/s  eta=77420s  finite=13646
  [warn] sample 1 failed: 
  [warn] sample 6 failed: 
  [15280/100000]  elapsed=13960s  rate=1.1/s  eta=77403s  finite=13652
  [15290/100000]  elapsed=13970s  rate=1.1/s  eta=77394s  finite=13660
  [15300/100000]  elapsed=13979s  rate=1.1/s  eta=77387s  finite=13668
  -> checkpoint saved: /scratch/e1498138/lhs/lhs_noise2_paris1_checkpoints/lhs_noise2_paris1_ckpt_015300.pkl
  [warn] sample 1 failed: 
  [warn] sample 3 failed: 
  [15310/100000]  elapsed=13987s  rate=1.1/s  eta=77371s  finite=13676
  [warn] sample 7 failed: 
  [15320/100000]  elapsed=13996s  rate=1.1/s  eta=77359s  finite=13683
  [warn] sample 9 failed: 
  [15330/100000]  elapsed=14004s  rate=1.1/s  eta=77348s  finite=13692
  [15340/100000]  elapsed=14014s  rate=1.1/s  eta=77341s  finite=13700
  [15350/100000]  elapsed=14023s  rate=1.1/s  eta=77333s  finite=13710
  [warn] sample 6 failed: 
  [15360/100000]  elapsed=14032s  rate=1.1/s  eta=77322s  finite=13718
  [warn] sample 1 failed: 
  [warn] sample 6 failed: 
  [warn] sample 9 failed: 
  [15370/100000]  elapsed=14039s  rate=1.1/s  eta=77302s  finite=13724
  [15380/100000]  elapsed=14049s  rate=1.1/s  eta=77295s  finite=13734
  [15390/100000]  elapsed=14058s  rate=1.1/s  eta=77288s  finite=13744
  [15400/100000]  elapsed=14068s  rate=1.1/s  eta=77282s  finite=13750
  -> checkpoint saved: /scratch/e1498138/lhs/lhs_noise2_paris1_checkpoints/lhs_noise2_paris1_ckpt_015400.pkl
  [15410/100000]  elapsed=14077s  rate=1.1/s  eta=77275s  finite=13760
  [15420/100000]  elapsed=14087s  rate=1.1/s  eta=77268s  finite=13770
  [15430/100000]  elapsed=14097s  rate=1.1/s  eta=77262s  finite=13779
  [warn] sample 7 failed: 
  [15440/100000]  elapsed=14105s  rate=1.1/s  eta=77250s  finite=13788
  [15450/100000]  elapsed=14115s  rate=1.1/s  eta=77243s  finite=13797
  [warn] sample 0 failed: 
  [warn] sample 7 failed: 
  [15460/100000]  elapsed=14123s  rate=1.1/s  eta=77226s  finite=13805
  [15470/100000]  elapsed=14132s  rate=1.1/s  eta=77220s  finite=13815
  [warn] sample 4 failed: 
  [15480/100000]  elapsed=14141s  rate=1.1/s  eta=77208s  finite=13822
  [warn] sample 5 failed: 
  [15490/100000]  elapsed=14150s  rate=1.1/s  eta=77198s  finite=13830
  [warn] sample 7 failed: 
  [15500/100000]  elapsed=14158s  rate=1.1/s  eta=77187s  finite=13837
  -> checkpoint saved: /scratch/e1498138/lhs/lhs_noise2_paris1_checkpoints/lhs_noise2_paris1_ckpt_015500.pkl
  [warn] sample 0 failed: 
  [warn] sample 5 failed: 
  [warn] sample 7 failed: 
  [15510/100000]  elapsed=14166s  rate=1.1/s  eta=77166s  finite=13843
  [15520/100000]  elapsed=14175s  rate=1.1/s  eta=77159s  finite=13852
  [15530/100000]  elapsed=14185s  rate=1.1/s  eta=77152s  finite=13858
  [warn] sample 3 failed: 
  [15540/100000]  elapsed=14193s  rate=1.1/s  eta=77140s  finite=13865
  [warn] sample 0 failed: 
  [15550/100000]  elapsed=14202s  rate=1.1/s  eta=77130s  finite=13874
  [15560/100000]  elapsed=14212s  rate=1.1/s  eta=77122s  finite=13883
  [warn] sample 3 failed: 
  [15570/100000]  elapsed=14220s  rate=1.1/s  eta=77112s  finite=13891
  [15580/100000]  elapsed=14230s  rate=1.1/s  eta=77105s  finite=13900
  [15590/100000]  elapsed=14239s  rate=1.1/s  eta=77098s  finite=13910
  [15600/100000]  elapsed=14249s  rate=1.1/s  eta=77091s  finite=13919
  -> checkpoint saved: /scratch/e1498138/lhs/lhs_noise2_paris1_checkpoints/lhs_noise2_paris1_ckpt_015600.pkl
  [15610/100000]  elapsed=14259s  rate=1.1/s  eta=77085s  finite=13929
  [15620/100000]  elapsed=14268s  rate=1.1/s  eta=77078s  finite=13937
  [15630/100000]  elapsed=14278s  rate=1.1/s  eta=77071s  finite=13947
  [15640/100000]  elapsed=14287s  rate=1.1/s  eta=77063s  finite=13957
  [15650/100000]  elapsed=14297s  rate=1.1/s  eta=77057s  finite=13967
  [warn] sample 7 failed: 
  [15660/100000]  elapsed=14306s  rate=1.1/s  eta=77046s  finite=13976
  [15670/100000]  elapsed=14315s  rate=1.1/s  eta=77039s  finite=13985
  [15680/100000]  elapsed=14325s  rate=1.1/s  eta=77032s  finite=13993
  [warn] sample 6 failed: 
  [15690/100000]  elapsed=14333s  rate=1.1/s  eta=77020s  finite=14002
  [warn] sample 3 failed: 
  [15700/100000]  elapsed=14342s  rate=1.1/s  eta=77009s  finite=14008
  -> checkpoint saved: /scratch/e1498138/lhs/lhs_noise2_paris1_checkpoints/lhs_noise2_paris1_ckpt_015700.pkl
  [warn] sample 7 failed: 
  [warn] sample 8 failed: 
  [15710/100000]  elapsed=14350s  rate=1.1/s  eta=76993s  finite=14015
  [warn] sample 5 failed: 
  [15720/100000]  elapsed=14359s  rate=1.1/s  eta=76982s  finite=14024
  [15730/100000]  elapsed=14368s  rate=1.1/s  eta=76975s  finite=14033
  [15740/100000]  elapsed=14378s  rate=1.1/s  eta=76967s  finite=14043
  [15750/100000]  elapsed=14387s  rate=1.1/s  eta=76961s  finite=14051
  [15760/100000]  elapsed=14397s  rate=1.1/s  eta=76955s  finite=14061
  [warn] sample 3 failed: 
  [15770/100000]  elapsed=14406s  rate=1.1/s  eta=76944s  finite=14070
  [15780/100000]  elapsed=14415s  rate=1.1/s  eta=76936s  finite=14079
  [15790/100000]  elapsed=14425s  rate=1.1/s  eta=76929s  finite=14088
  [warn] sample 3 failed: 
  [15800/100000]  elapsed=14433s  rate=1.1/s  eta=76917s  finite=14097
  -> checkpoint saved: /scratch/e1498138/lhs/lhs_noise2_paris1_checkpoints/lhs_noise2_paris1_ckpt_015800.pkl
  [15810/100000]  elapsed=14443s  rate=1.1/s  eta=76911s  finite=14107
  [15820/100000]  elapsed=14453s  rate=1.1/s  eta=76904s  finite=14117
  [warn] sample 2 failed: 
  [15830/100000]  elapsed=14462s  rate=1.1/s  eta=76894s  finite=14126
  [warn] sample 8 failed: 
  [15840/100000]  elapsed=14470s  rate=1.1/s  eta=76882s  finite=14134
  [warn] sample 3 failed: 
  [15850/100000]  elapsed=14479s  rate=1.1/s  eta=76871s  finite=14143
  [warn] sample 1 failed: 
  [15860/100000]  elapsed=14488s  rate=1.1/s  eta=76860s  finite=14151
  [15870/100000]  elapsed=14497s  rate=1.1/s  eta=76853s  finite=14161
  [warn] sample 0 failed: 
  [15880/100000]  elapsed=14506s  rate=1.1/s  eta=76842s  finite=14167
  [warn] sample 2 failed: 
  [15890/100000]  elapsed=14515s  rate=1.1/s  eta=76831s  finite=14176
  [15900/100000]  elapsed=14524s  rate=1.1/s  eta=76824s  finite=14185
  -> checkpoint saved: /scratch/e1498138/lhs/lhs_noise2_paris1_checkpoints/lhs_noise2_paris1_ckpt_015900.pkl
  [warn] sample 2 failed: 
  [warn] sample 5 failed: 
  [warn] sample 6 failed: 
  [15910/100000]  elapsed=14531s  rate=1.1/s  eta=76803s  finite=14190
  [warn] sample 2 failed: 
  [15920/100000]  elapsed=14540s  rate=1.1/s  eta=76792s  finite=14198
  [warn] sample 1 failed: 
  [15930/100000]  elapsed=14549s  rate=1.1/s  eta=76781s  finite=14205
  [15940/100000]  elapsed=14558s  rate=1.1/s  eta=76774s  finite=14214
  [warn] sample 1 failed: 
  [15950/100000]  elapsed=14567s  rate=1.1/s  eta=76763s  finite=14223
  [15960/100000]  elapsed=14577s  rate=1.1/s  eta=76756s  finite=14232
  [15970/100000]  elapsed=14586s  rate=1.1/s  eta=76750s  finite=14242
  [15980/100000]  elapsed=14596s  rate=1.1/s  eta=76744s  finite=14252
  [15990/100000]  elapsed=14606s  rate=1.1/s  eta=76738s  finite=14262
  [warn] sample 7 failed: 
  [16000/100000]  elapsed=14614s  rate=1.1/s  eta=76726s  finite=14271
  -> checkpoint saved: /scratch/e1498138/lhs/lhs_noise2_paris1_checkpoints/lhs_noise2_paris1_ckpt_016000.pkl
  [16010/100000]  elapsed=14624s  rate=1.1/s  eta=76719s  finite=14279
  [16020/100000]  elapsed=14633s  rate=1.1/s  eta=76712s  finite=14288
  [16030/100000]  elapsed=14643s  rate=1.1/s  eta=76705s  finite=14298
  [16040/100000]  elapsed=14653s  rate=1.1/s  eta=76698s  finite=14308
  [16050/100000]  elapsed=14662s  rate=1.1/s  eta=76691s  finite=14318
  [warn] sample 8 failed: 
  [16060/100000]  elapsed=14671s  rate=1.1/s  eta=76679s  finite=14326
  [16070/100000]  elapsed=14680s  rate=1.1/s  eta=76673s  finite=14335
  [16080/100000]  elapsed=14690s  rate=1.1/s  eta=76666s  finite=14344
  [16090/100000]  elapsed=14700s  rate=1.1/s  eta=76659s  finite=14353
  [16100/100000]  elapsed=14709s  rate=1.1/s  eta=76652s  finite=14363
  -> checkpoint saved: /scratch/e1498138/lhs/lhs_noise2_paris1_checkpoints/lhs_noise2_paris1_ckpt_016100.pkl
  [warn] sample 8 failed: 
  [16110/100000]  elapsed=14718s  rate=1.1/s  eta=76641s  finite=14372
  [16120/100000]  elapsed=14727s  rate=1.1/s  eta=76634s  finite=14381
  [16130/100000]  elapsed=14737s  rate=1.1/s  eta=76627s  finite=14389
  [warn] sample 1 failed: 
  [16140/100000]  elapsed=14746s  rate=1.1/s  eta=76616s  finite=14396
  [16150/100000]  elapsed=14756s  rate=1.1/s  eta=76610s  finite=14406
  [16160/100000]  elapsed=14765s  rate=1.1/s  eta=76604s  finite=14416
  [16170/100000]  elapsed=14775s  rate=1.1/s  eta=76597s  finite=14423
  [warn] sample 4 failed: 
  [16180/100000]  elapsed=14783s  rate=1.1/s  eta=76585s  finite=14431
  [16190/100000]  elapsed=14793s  rate=1.1/s  eta=76578s  finite=14441
  [warn] sample 5 failed: 
  [16200/100000]  elapsed=14802s  rate=1.1/s  eta=76566s  finite=14448
  -> checkpoint saved: /scratch/e1498138/lhs/lhs_noise2_paris1_checkpoints/lhs_noise2_paris1_ckpt_016200.pkl
  [16210/100000]  elapsed=14811s  rate=1.1/s  eta=76561s  finite=14457
  [16220/100000]  elapsed=14821s  rate=1.1/s  eta=76555s  finite=14466
  [16230/100000]  elapsed=14831s  rate=1.1/s  eta=76549s  finite=14475
  [16240/100000]  elapsed=14841s  rate=1.1/s  eta=76544s  finite=14484
  [16250/100000]  elapsed=14851s  rate=1.1/s  eta=76539s  finite=14493
  [16260/100000]  elapsed=14860s  rate=1.1/s  eta=76532s  finite=14502
  [warn] sample 0 failed: 
  [16270/100000]  elapsed=14869s  rate=1.1/s  eta=76519s  finite=14510
  [warn] sample 9 failed: 
  [16280/100000]  elapsed=14877s  rate=1.1/s  eta=76508s  finite=14518
  [16290/100000]  elapsed=14887s  rate=1.1/s  eta=76502s  finite=14528
  [warn] sample 6 failed: 
  [warn] sample 7 failed: 
  [16300/100000]  elapsed=14895s  rate=1.1/s  eta=76487s  finite=14535
  -> checkpoint saved: /scratch/e1498138/lhs/lhs_noise2_paris1_checkpoints/lhs_noise2_paris1_ckpt_016300.pkl
  [warn] sample 0 failed: 
  [16310/100000]  elapsed=14904s  rate=1.1/s  eta=76476s  finite=14542
  [warn] sample 8 failed: 
  [16320/100000]  elapsed=14913s  rate=1.1/s  eta=76464s  finite=14551
  [16330/100000]  elapsed=14922s  rate=1.1/s  eta=76457s  finite=14560
  [16340/100000]  elapsed=14932s  rate=1.1/s  eta=76450s  finite=14569
  [16350/100000]  elapsed=14942s  rate=1.1/s  eta=76444s  finite=14577
  [16360/100000]  elapsed=14951s  rate=1.1/s  eta=76437s  finite=14586
  [16370/100000]  elapsed=14961s  rate=1.1/s  eta=76429s  finite=14593
  [16380/100000]  elapsed=14970s  rate=1.1/s  eta=76423s  finite=14603
  [16390/100000]  elapsed=14980s  rate=1.1/s  eta=76415s  finite=14612
  [16400/100000]  elapsed=14989s  rate=1.1/s  eta=76409s  finite=14621
  -> checkpoint saved: /scratch/e1498138/lhs/lhs_noise2_paris1_checkpoints/lhs_noise2_paris1_ckpt_016400.pkl
  [16410/100000]  elapsed=14999s  rate=1.1/s  eta=76404s  finite=14630
  [warn] sample 0 failed: 
  [16420/100000]  elapsed=15008s  rate=1.1/s  eta=76393s  finite=14639
  [16430/100000]  elapsed=15018s  rate=1.1/s  eta=76386s  finite=14649
  [warn] sample 5 failed: 
  [warn] sample 7 failed: 
  [warn] sample 9 failed: 
  [16440/100000]  elapsed=15025s  rate=1.1/s  eta=76367s  finite=14656
  [16450/100000]  elapsed=15035s  rate=1.1/s  eta=76361s  finite=14665
  [16460/100000]  elapsed=15044s  rate=1.1/s  eta=76353s  finite=14674
  [16470/100000]  elapsed=15053s  rate=1.1/s  eta=76345s  finite=14683
  [16480/100000]  elapsed=15063s  rate=1.1/s  eta=76338s  finite=14691
  [warn] sample 5 failed: 
  [16490/100000]  elapsed=15071s  rate=1.1/s  eta=76326s  finite=14700
  [warn] sample 0 failed: 
  [warn] sample 6 failed: 
  [16500/100000]  elapsed=15079s  rate=1.1/s  eta=76309s  finite=14707
  -> checkpoint saved: /scratch/e1498138/lhs/lhs_noise2_paris1_checkpoints/lhs_noise2_paris1_ckpt_016500.pkl
  [16510/100000]  elapsed=15089s  rate=1.1/s  eta=76302s  finite=14717
  [16520/100000]  elapsed=15098s  rate=1.1/s  eta=76294s  finite=14726
  [16530/100000]  elapsed=15107s  rate=1.1/s  eta=76287s  finite=14735
  [16540/100000]  elapsed=15117s  rate=1.1/s  eta=76279s  finite=14743
  [16550/100000]  elapsed=15126s  rate=1.1/s  eta=76271s  finite=14753
  [16560/100000]  elapsed=15136s  rate=1.1/s  eta=76264s  finite=14762
  [16570/100000]  elapsed=15145s  rate=1.1/s  eta=76257s  finite=14771
  [16580/100000]  elapsed=15155s  rate=1.1/s  eta=76250s  finite=14780
  [16590/100000]  elapsed=15164s  rate=1.1/s  eta=76242s  finite=14789
  [warn] sample 2 failed: 
  [16600/100000]  elapsed=15173s  rate=1.1/s  eta=76230s  finite=14798
  -> checkpoint saved: /scratch/e1498138/lhs/lhs_noise2_paris1_checkpoints/lhs_noise2_paris1_ckpt_016600.pkl
  [warn] sample 0 failed: 
  [16610/100000]  elapsed=15182s  rate=1.1/s  eta=76219s  finite=14806
  [16620/100000]  elapsed=15191s  rate=1.1/s  eta=76210s  finite=14815
  [16630/100000]  elapsed=15200s  rate=1.1/s  eta=76203s  finite=14825
  [warn] sample 0 failed: 
  [16640/100000]  elapsed=15209s  rate=1.1/s  eta=76192s  finite=14834
  [16650/100000]  elapsed=15219s  rate=1.1/s  eta=76185s  finite=14843
  [warn] sample 6 failed: 
  [16660/100000]  elapsed=15227s  rate=1.1/s  eta=76173s  finite=14852
  [warn] sample 9 failed: 
  [16670/100000]  elapsed=15236s  rate=1.1/s  eta=76161s  finite=14861
  [warn] sample 5 failed: 
  [16680/100000]  elapsed=15244s  rate=1.1/s  eta=76149s  finite=14870
  [16690/100000]  elapsed=15254s  rate=1.1/s  eta=76142s  finite=14879
  [warn] sample 3 failed: 
  [16700/100000]  elapsed=15263s  rate=1.1/s  eta=76131s  finite=14888
  -> checkpoint saved: /scratch/e1498138/lhs/lhs_noise2_paris1_checkpoints/lhs_noise2_paris1_ckpt_016700.pkl
  [16710/100000]  elapsed=15272s  rate=1.1/s  eta=76125s  finite=14896
  [16720/100000]  elapsed=15282s  rate=1.1/s  eta=76117s  finite=14905
  [warn] sample 4 failed: 
  [16730/100000]  elapsed=15290s  rate=1.1/s  eta=76105s  finite=14914
  [warn] sample 5 failed: 
  [16740/100000]  elapsed=15299s  rate=1.1/s  eta=76093s  finite=14922
  [16750/100000]  elapsed=15308s  rate=1.1/s  eta=76085s  finite=14932
  [16760/100000]  elapsed=15318s  rate=1.1/s  eta=76076s  finite=14939
  [warn] sample 8 failed: 
  [16770/100000]  elapsed=15326s  rate=1.1/s  eta=76064s  finite=14948
  [16780/100000]  elapsed=15336s  rate=1.1/s  eta=76057s  finite=14958
  [16790/100000]  elapsed=15345s  rate=1.1/s  eta=76049s  finite=14968
  [16800/100000]  elapsed=15354s  rate=1.1/s  eta=76041s  finite=14977
  -> checkpoint saved: /scratch/e1498138/lhs/lhs_noise2_paris1_checkpoints/lhs_noise2_paris1_ckpt_016800.pkl
  [16810/100000]  elapsed=15364s  rate=1.1/s  eta=76034s  finite=14986
  [warn] sample 6 failed: 
  [16820/100000]  elapsed=15372s  rate=1.1/s  eta=76021s  finite=14993
  [warn] sample 7 failed: 
  [warn] sample 8 failed: 
  [16830/100000]  elapsed=15380s  rate=1.1/s  eta=76005s  finite=15000
  [warn] sample 1 failed: 
  [warn] sample 4 failed: 
  [16840/100000]  elapsed=15388s  rate=1.1/s  eta=75989s  finite=15008
  [16850/100000]  elapsed=15397s  rate=1.1/s  eta=75980s  finite=15018
  [16860/100000]  elapsed=15407s  rate=1.1/s  eta=75973s  finite=15027
  [warn] sample 0 failed: 
  [warn] sample 1 failed: 
  [16870/100000]  elapsed=15414s  rate=1.1/s  eta=75957s  finite=15033
  [warn] sample 7 failed: 
  [16880/100000]  elapsed=15423s  rate=1.1/s  eta=75945s  finite=15042
  [16890/100000]  elapsed=15432s  rate=1.1/s  eta=75937s  finite=15051
  [warn] sample 1 failed: 
  [16900/100000]  elapsed=15441s  rate=1.1/s  eta=75925s  finite=15059
  -> checkpoint saved: /scratch/e1498138/lhs/lhs_noise2_paris1_checkpoints/lhs_noise2_paris1_ckpt_016900.pkl
  [16910/100000]  elapsed=15450s  rate=1.1/s  eta=75917s  finite=15069
  [16920/100000]  elapsed=15460s  rate=1.1/s  eta=75910s  finite=15078
  [warn] sample 9 failed: 
  [16930/100000]  elapsed=15468s  rate=1.1/s  eta=75898s  finite=15086
  [warn] sample 8 failed: 
  [16940/100000]  elapsed=15477s  rate=1.1/s  eta=75887s  finite=15095
  [16950/100000]  elapsed=15487s  rate=1.1/s  eta=75880s  finite=15104
  [16960/100000]  elapsed=15496s  rate=1.1/s  eta=75872s  finite=15114
  [warn] sample 3 failed: 
  [warn] sample 8 failed: 
  [16970/100000]  elapsed=15504s  rate=1.1/s  eta=75856s  finite=15119
  [16980/100000]  elapsed=15513s  rate=1.1/s  eta=75848s  finite=15128
  [warn] sample 1 failed: 
  [16990/100000]  elapsed=15522s  rate=1.1/s  eta=75836s  finite=15136
  [warn] sample 3 failed: 
  [17000/100000]  elapsed=15530s  rate=1.1/s  eta=75824s  finite=15144
  -> checkpoint saved: /scratch/e1498138/lhs/lhs_noise2_paris1_checkpoints/lhs_noise2_paris1_ckpt_017000.pkl
  [warn] sample 6 failed: 
  [17010/100000]  elapsed=15539s  rate=1.1/s  eta=75814s  finite=15153
  [warn] sample 7 failed: 
  [warn] sample 8 failed: 
  [17020/100000]  elapsed=15547s  rate=1.1/s  eta=75797s  finite=15161
  [warn] sample 1 failed: 
  [17030/100000]  elapsed=15555s  rate=1.1/s  eta=75785s  finite=15168
  [17040/100000]  elapsed=15565s  rate=1.1/s  eta=75777s  finite=15176
  [17050/100000]  elapsed=15574s  rate=1.1/s  eta=75770s  finite=15185
  [17060/100000]  elapsed=15584s  rate=1.1/s  eta=75762s  finite=15195
  [17070/100000]  elapsed=15593s  rate=1.1/s  eta=75753s  finite=15205
  [17080/100000]  elapsed=15602s  rate=1.1/s  eta=75746s  finite=15215
  [warn] sample 2 failed: 
  [17090/100000]  elapsed=15611s  rate=1.1/s  eta=75735s  finite=15223
  [17100/100000]  elapsed=15620s  rate=1.1/s  eta=75726s  finite=15232
  -> checkpoint saved: /scratch/e1498138/lhs/lhs_noise2_paris1_checkpoints/lhs_noise2_paris1_ckpt_017100.pkl
  [17110/100000]  elapsed=15630s  rate=1.1/s  eta=75719s  finite=15242
  [17120/100000]  elapsed=15639s  rate=1.1/s  eta=75711s  finite=15251
  [17130/100000]  elapsed=15649s  rate=1.1/s  eta=75704s  finite=15259
  [17140/100000]  elapsed=15658s  rate=1.1/s  eta=75696s  finite=15269
  [17150/100000]  elapsed=15668s  rate=1.1/s  eta=75689s  finite=15279
  [17160/100000]  elapsed=15677s  rate=1.1/s  eta=75682s  finite=15288
  [17170/100000]  elapsed=15687s  rate=1.1/s  eta=75675s  finite=15298
  [17180/100000]  elapsed=15696s  rate=1.1/s  eta=75667s  finite=15308
  [17190/100000]  elapsed=15706s  rate=1.1/s  eta=75661s  finite=15318
  [17200/100000]  elapsed=15715s  rate=1.1/s  eta=75654s  finite=15328
  -> checkpoint saved: /scratch/e1498138/lhs/lhs_noise2_paris1_checkpoints/lhs_noise2_paris1_ckpt_017200.pkl
  [warn] sample 3 failed: 
  [17210/100000]  elapsed=15724s  rate=1.1/s  eta=75642s  finite=15335
  [17220/100000]  elapsed=15734s  rate=1.1/s  eta=75635s  finite=15345
  [warn] sample 0 failed: 
  [17230/100000]  elapsed=15742s  rate=1.1/s  eta=75624s  finite=15354
  [17240/100000]  elapsed=15752s  rate=1.1/s  eta=75618s  finite=15363
  [17250/100000]  elapsed=15762s  rate=1.1/s  eta=75612s  finite=15373
  [warn] sample 7 failed: 
  [17260/100000]  elapsed=15771s  rate=1.1/s  eta=75601s  finite=15379
  [17270/100000]  elapsed=15780s  rate=1.1/s  eta=75594s  finite=15389
  [17280/100000]  elapsed=15790s  rate=1.1/s  eta=75586s  finite=15399
  [17290/100000]  elapsed=15799s  rate=1.1/s  eta=75578s  finite=15408
  [warn] sample 8 failed: 
  [17300/100000]  elapsed=15808s  rate=1.1/s  eta=75566s  finite=15415
  -> checkpoint saved: /scratch/e1498138/lhs/lhs_noise2_paris1_checkpoints/lhs_noise2_paris1_ckpt_017300.pkl
  [17310/100000]  elapsed=15817s  rate=1.1/s  eta=75558s  finite=15425
  [17320/100000]  elapsed=15826s  rate=1.1/s  eta=75549s  finite=15435
  [17330/100000]  elapsed=15836s  rate=1.1/s  eta=75542s  finite=15444
  [17340/100000]  elapsed=15845s  rate=1.1/s  eta=75535s  finite=15453
  [17350/100000]  elapsed=15855s  rate=1.1/s  eta=75527s  finite=15461
  [17360/100000]  elapsed=15864s  rate=1.1/s  eta=75519s  finite=15471
  [warn] sample 2 failed: 
  [17370/100000]  elapsed=15873s  rate=1.1/s  eta=75507s  finite=15479
  [17380/100000]  elapsed=15882s  rate=1.1/s  eta=75499s  finite=15487
  [17390/100000]  elapsed=15891s  rate=1.1/s  eta=75490s  finite=15496
  [17400/100000]  elapsed=15901s  rate=1.1/s  eta=75483s  finite=15506
  -> checkpoint saved: /scratch/e1498138/lhs/lhs_noise2_paris1_checkpoints/lhs_noise2_paris1_ckpt_017400.pkl
  [warn] sample 1 failed: 
  [warn] sample 5 failed: 
  [17410/100000]  elapsed=15909s  rate=1.1/s  eta=75468s  finite=15514
  [17420/100000]  elapsed=15918s  rate=1.1/s  eta=75460s  finite=15524
  [warn] sample 1 failed: 
  [warn] sample 3 failed: 
  [17430/100000]  elapsed=15926s  rate=1.1/s  eta=75445s  finite=15531
  [17440/100000]  elapsed=15936s  rate=1.1/s  eta=75438s  finite=15540
  [17450/100000]  elapsed=15945s  rate=1.1/s  eta=75429s  finite=15550
  [warn] sample 7 failed: 
  [17460/100000]  elapsed=15953s  rate=1.1/s  eta=75417s  finite=15556
  [17470/100000]  elapsed=15963s  rate=1.1/s  eta=75409s  finite=15564
  [17480/100000]  elapsed=15972s  rate=1.1/s  eta=75401s  finite=15574
  [17490/100000]  elapsed=15981s  rate=1.1/s  eta=75392s  finite=15582
  [warn] sample 1 failed: 
  [17500/100000]  elapsed=15990s  rate=1.1/s  eta=75380s  finite=15591
  -> checkpoint saved: /scratch/e1498138/lhs/lhs_noise2_paris1_checkpoints/lhs_noise2_paris1_ckpt_017500.pkl
  [17510/100000]  elapsed=15999s  rate=1.1/s  eta=75372s  finite=15601
  [warn] sample 9 failed: 
  [17520/100000]  elapsed=16008s  rate=1.1/s  eta=75360s  finite=15610
  [warn] sample 6 failed: 
  [17530/100000]  elapsed=16016s  rate=1.1/s  eta=75348s  finite=15617
  [17540/100000]  elapsed=16026s  rate=1.1/s  eta=75340s  finite=15626
  [17550/100000]  elapsed=16035s  rate=1.1/s  eta=75333s  finite=15636
  [17560/100000]  elapsed=16044s  rate=1.1/s  eta=75325s  finite=15646
  [17570/100000]  elapsed=16054s  rate=1.1/s  eta=75317s  finite=15655
  [warn] sample 9 failed: 
  [17580/100000]  elapsed=16062s  rate=1.1/s  eta=75305s  finite=15662
  [17590/100000]  elapsed=16072s  rate=1.1/s  eta=75297s  finite=15672
  [warn] sample 2 failed: 
  [17600/100000]  elapsed=16081s  rate=1.1/s  eta=75286s  finite=15681
  -> checkpoint saved: /scratch/e1498138/lhs/lhs_noise2_paris1_checkpoints/lhs_noise2_paris1_ckpt_017600.pkl
  [warn] sample 0 failed: 
  [warn] sample 5 failed: 
  [17610/100000]  elapsed=16088s  rate=1.1/s  eta=75271s  finite=15689
  [17620/100000]  elapsed=16098s  rate=1.1/s  eta=75263s  finite=15699
  [17630/100000]  elapsed=16107s  rate=1.1/s  eta=75256s  finite=15709
  [17640/100000]  elapsed=16117s  rate=1.1/s  eta=75248s  finite=15719
  [17650/100000]  elapsed=16126s  rate=1.1/s  eta=75240s  finite=15728
  [17660/100000]  elapsed=16136s  rate=1.1/s  eta=75233s  finite=15737
  [17670/100000]  elapsed=16145s  rate=1.1/s  eta=75225s  finite=15746
  [warn] sample 2 failed: 
  [17680/100000]  elapsed=16154s  rate=1.1/s  eta=75213s  finite=15755
  [17690/100000]  elapsed=16163s  rate=1.1/s  eta=75205s  finite=15764
  [warn] sample 5 failed: 
  [17700/100000]  elapsed=16172s  rate=1.1/s  eta=75193s  finite=15773
  -> checkpoint saved: /scratch/e1498138/lhs/lhs_noise2_paris1_checkpoints/lhs_noise2_paris1_ckpt_017700.pkl
  [17710/100000]  elapsed=16181s  rate=1.1/s  eta=75185s  finite=15782
  [17720/100000]  elapsed=16190s  rate=1.1/s  eta=75176s  finite=15790
  [17730/100000]  elapsed=16200s  rate=1.1/s  eta=75168s  finite=15798
  [17740/100000]  elapsed=16209s  rate=1.1/s  eta=75160s  finite=15808
  [17750/100000]  elapsed=16218s  rate=1.1/s  eta=75152s  finite=15818
  [warn] sample 7 failed: 
  [17760/100000]  elapsed=16227s  rate=1.1/s  eta=75140s  finite=15826
  [17770/100000]  elapsed=16236s  rate=1.1/s  eta=75132s  finite=15835
  [17780/100000]  elapsed=16245s  rate=1.1/s  eta=75124s  finite=15844
  [17790/100000]  elapsed=16255s  rate=1.1/s  eta=75117s  finite=15854
  [warn] sample 6 failed: 
  [17800/100000]  elapsed=16263s  rate=1.1/s  eta=75104s  finite=15863
  -> checkpoint saved: /scratch/e1498138/lhs/lhs_noise2_paris1_checkpoints/lhs_noise2_paris1_ckpt_017800.pkl
  [17810/100000]  elapsed=16273s  rate=1.1/s  eta=75097s  finite=15871
  [17820/100000]  elapsed=16282s  rate=1.1/s  eta=75088s  finite=15880
  [17830/100000]  elapsed=16292s  rate=1.1/s  eta=75080s  finite=15888
  [17840/100000]  elapsed=16301s  rate=1.1/s  eta=75073s  finite=15897
  [warn] sample 9 failed: 
  [17850/100000]  elapsed=16310s  rate=1.1/s  eta=75061s  finite=15902
  [warn] sample 2 failed: 
  [17860/100000]  elapsed=16318s  rate=1.1/s  eta=75049s  finite=15911
  [17870/100000]  elapsed=16328s  rate=1.1/s  eta=75041s  finite=15919
  [17880/100000]  elapsed=16337s  rate=1.1/s  eta=75033s  finite=15928
  [17890/100000]  elapsed=16346s  rate=1.1/s  eta=75025s  finite=15938
  [warn] sample 0 failed: 
  [17900/100000]  elapsed=16355s  rate=1.1/s  eta=75014s  finite=15947
  -> checkpoint saved: /scratch/e1498138/lhs/lhs_noise2_paris1_checkpoints/lhs_noise2_paris1_ckpt_017900.pkl
  [17910/100000]  elapsed=16365s  rate=1.1/s  eta=75007s  finite=15956
  [17920/100000]  elapsed=16374s  rate=1.1/s  eta=74999s  finite=15965
  [17930/100000]  elapsed=16383s  rate=1.1/s  eta=74991s  finite=15975
  [17940/100000]  elapsed=16393s  rate=1.1/s  eta=74984s  finite=15985
  [warn] sample 1 failed: 
  [17950/100000]  elapsed=16401s  rate=1.1/s  eta=74972s  finite=15993
  [17960/100000]  elapsed=16411s  rate=1.1/s  eta=74964s  finite=16001
  [17970/100000]  elapsed=16420s  rate=1.1/s  eta=74956s  finite=16010
  [17980/100000]  elapsed=16430s  rate=1.1/s  eta=74948s  finite=16017
  [17990/100000]  elapsed=16439s  rate=1.1/s  eta=74940s  finite=16027
  [18000/100000]  elapsed=16449s  rate=1.1/s  eta=74932s  finite=16036
  -> checkpoint saved: /scratch/e1498138/lhs/lhs_noise2_paris1_checkpoints/lhs_noise2_paris1_ckpt_018000.pkl
  [18010/100000]  elapsed=16458s  rate=1.1/s  eta=74925s  finite=16046
  [18020/100000]  elapsed=16468s  rate=1.1/s  eta=74918s  finite=16054
  [18030/100000]  elapsed=16477s  rate=1.1/s  eta=74910s  finite=16063
  [18040/100000]  elapsed=16487s  rate=1.1/s  eta=74902s  finite=16072
  [18050/100000]  elapsed=16496s  rate=1.1/s  eta=74895s  finite=16081
  [18060/100000]  elapsed=16505s  rate=1.1/s  eta=74886s  finite=16089
  [18070/100000]  elapsed=16515s  rate=1.1/s  eta=74878s  finite=16099
  [18080/100000]  elapsed=16524s  rate=1.1/s  eta=74871s  finite=16107
  [18090/100000]  elapsed=16534s  rate=1.1/s  eta=74863s  finite=16117
  [warn] sample 9 failed: 
  [18100/100000]  elapsed=16542s  rate=1.1/s  eta=74852s  finite=16125
  -> checkpoint saved: /scratch/e1498138/lhs/lhs_noise2_paris1_checkpoints/lhs_noise2_paris1_ckpt_018100.pkl
  [warn] sample 2 failed: 
  [18110/100000]  elapsed=16551s  rate=1.1/s  eta=74840s  finite=16134
  [18120/100000]  elapsed=16560s  rate=1.1/s  eta=74832s  finite=16144
  [18130/100000]  elapsed=16570s  rate=1.1/s  eta=74824s  finite=16154
  [18140/100000]  elapsed=16579s  rate=1.1/s  eta=74816s  finite=16164
  [18150/100000]  elapsed=16588s  rate=1.1/s  eta=74808s  finite=16174
  [18160/100000]  elapsed=16598s  rate=1.1/s  eta=74800s  finite=16184
  [warn] sample 8 failed: 
  [18170/100000]  elapsed=16606s  rate=1.1/s  eta=74788s  finite=16192
  [18180/100000]  elapsed=16616s  rate=1.1/s  eta=74781s  finite=16200
  [warn] sample 7 failed: 
  [18190/100000]  elapsed=16624s  rate=1.1/s  eta=74769s  finite=16207
  [warn] sample 7 failed: 
  [18200/100000]  elapsed=16633s  rate=1.1/s  eta=74757s  finite=16216
  -> checkpoint saved: /scratch/e1498138/lhs/lhs_noise2_paris1_checkpoints/lhs_noise2_paris1_ckpt_018200.pkl
  [18210/100000]  elapsed=16642s  rate=1.1/s  eta=74749s  finite=16225
  [warn] sample 0 failed: 
  [18220/100000]  elapsed=16651s  rate=1.1/s  eta=74738s  finite=16234
  [18230/100000]  elapsed=16661s  rate=1.1/s  eta=74731s  finite=16244
  [warn] sample 3 failed: 
  [warn] sample 4 failed: 
  [18240/100000]  elapsed=16669s  rate=1.1/s  eta=74716s  finite=16252
  [18250/100000]  elapsed=16678s  rate=1.1/s  eta=74709s  finite=16262
  [warn] sample 1 failed: 
  [18260/100000]  elapsed=16687s  rate=1.1/s  eta=74697s  finite=16271
  [18270/100000]  elapsed=16696s  rate=1.1/s  eta=74689s  finite=16281
  [18280/100000]  elapsed=16705s  rate=1.1/s  eta=74681s  finite=16291
  [18290/100000]  elapsed=16715s  rate=1.1/s  eta=74673s  finite=16301
  [18300/100000]  elapsed=16724s  rate=1.1/s  eta=74666s  finite=16310
  -> checkpoint saved: /scratch/e1498138/lhs/lhs_noise2_paris1_checkpoints/lhs_noise2_paris1_ckpt_018300.pkl
  [18310/100000]  elapsed=16734s  rate=1.1/s  eta=74659s  finite=16319
  [18320/100000]  elapsed=16743s  rate=1.1/s  eta=74651s  finite=16329
  [warn] sample 2 failed: 
  [warn] sample 7 failed: 
  [18330/100000]  elapsed=16751s  rate=1.1/s  eta=74636s  finite=16336
  [18340/100000]  elapsed=16761s  rate=1.1/s  eta=74628s  finite=16345
  [warn] sample 2 failed: 
  [18350/100000]  elapsed=16769s  rate=1.1/s  eta=74616s  finite=16353
  [18360/100000]  elapsed=16779s  rate=1.1/s  eta=74608s  finite=16362
  [18370/100000]  elapsed=16788s  rate=1.1/s  eta=74600s  finite=16372
  [18380/100000]  elapsed=16797s  rate=1.1/s  eta=74592s  finite=16381
  [18390/100000]  elapsed=16807s  rate=1.1/s  eta=74583s  finite=16389
  [18400/100000]  elapsed=16816s  rate=1.1/s  eta=74576s  finite=16399
  -> checkpoint saved: /scratch/e1498138/lhs/lhs_noise2_paris1_checkpoints/lhs_noise2_paris1_ckpt_018400.pkl
  [18410/100000]  elapsed=16826s  rate=1.1/s  eta=74568s  finite=16408
  [warn] sample 3 failed: 
  [18420/100000]  elapsed=16834s  rate=1.1/s  eta=74556s  finite=16416
  [18430/100000]  elapsed=16844s  rate=1.1/s  eta=74548s  finite=16425
  [warn] sample 0 failed: 
  [18440/100000]  elapsed=16852s  rate=1.1/s  eta=74536s  finite=16433
  [warn] sample 9 failed: 
  [18450/100000]  elapsed=16861s  rate=1.1/s  eta=74525s  finite=16441
  [18460/100000]  elapsed=16870s  rate=1.1/s  eta=74517s  finite=16451
  [18470/100000]  elapsed=16879s  rate=1.1/s  eta=74509s  finite=16460
  [18480/100000]  elapsed=16889s  rate=1.1/s  eta=74502s  finite=16468
  [18490/100000]  elapsed=16899s  rate=1.1/s  eta=74495s  finite=16478
  [18500/100000]  elapsed=16908s  rate=1.1/s  eta=74487s  finite=16486
  -> checkpoint saved: /scratch/e1498138/lhs/lhs_noise2_paris1_checkpoints/lhs_noise2_paris1_ckpt_018500.pkl
  [18510/100000]  elapsed=16918s  rate=1.1/s  eta=74479s  finite=16496
  [18520/100000]  elapsed=16927s  rate=1.1/s  eta=74471s  finite=16506
  [18530/100000]  elapsed=16936s  rate=1.1/s  eta=74462s  finite=16516
  [18540/100000]  elapsed=16945s  rate=1.1/s  eta=74454s  finite=16524
  [warn] sample 9 failed: 
  [18550/100000]  elapsed=16954s  rate=1.1/s  eta=74443s  finite=16532
  [18560/100000]  elapsed=16963s  rate=1.1/s  eta=74434s  finite=16539
  [18570/100000]  elapsed=16973s  rate=1.1/s  eta=74427s  finite=16549
  [18580/100000]  elapsed=16983s  rate=1.1/s  eta=74420s  finite=16556
  [18590/100000]  elapsed=16992s  rate=1.1/s  eta=74412s  finite=16564
  [warn] sample 5 failed: 
  [18600/100000]  elapsed=17001s  rate=1.1/s  eta=74401s  finite=16572
  -> checkpoint saved: /scratch/e1498138/lhs/lhs_noise2_paris1_checkpoints/lhs_noise2_paris1_ckpt_018600.pkl
  [18610/100000]  elapsed=17010s  rate=1.1/s  eta=74393s  finite=16581
  [warn] sample 9 failed: 
  [18620/100000]  elapsed=17019s  rate=1.1/s  eta=74382s  finite=16589
  [18630/100000]  elapsed=17028s  rate=1.1/s  eta=74373s  finite=16598
  [18640/100000]  elapsed=17038s  rate=1.1/s  eta=74366s  finite=16607
  [18650/100000]  elapsed=17047s  rate=1.1/s  eta=74358s  finite=16616
  [18660/100000]  elapsed=17056s  rate=1.1/s  eta=74349s  finite=16626
  [warn] sample 1 failed: 
  [18670/100000]  elapsed=17065s  rate=1.1/s  eta=74338s  finite=16635
  [warn] sample 2 failed: 
  [18680/100000]  elapsed=17073s  rate=1.1/s  eta=74326s  finite=16642
  [18690/100000]  elapsed=17083s  rate=1.1/s  eta=74318s  finite=16652
  [18700/100000]  elapsed=17092s  rate=1.1/s  eta=74311s  finite=16662
  -> checkpoint saved: /scratch/e1498138/lhs/lhs_noise2_paris1_checkpoints/lhs_noise2_paris1_ckpt_018700.pkl
  [18710/100000]  elapsed=17102s  rate=1.1/s  eta=74304s  finite=16672
  [warn] sample 1 failed: 
  [18720/100000]  elapsed=17111s  rate=1.1/s  eta=74292s  finite=16681
  [18730/100000]  elapsed=17120s  rate=1.1/s  eta=74285s  finite=16689
  [18740/100000]  elapsed=17130s  rate=1.1/s  eta=74277s  finite=16697
  [18750/100000]  elapsed=17139s  rate=1.1/s  eta=74269s  finite=16705
  [18760/100000]  elapsed=17148s  rate=1.1/s  eta=74261s  finite=16714
  [warn] sample 2 failed: 
  [18770/100000]  elapsed=17157s  rate=1.1/s  eta=74249s  finite=16723
  [warn] sample 0 failed: 
  [18780/100000]  elapsed=17166s  rate=1.1/s  eta=74238s  finite=16731
  [warn] sample 3 failed: 
  [18790/100000]  elapsed=17174s  rate=1.1/s  eta=74226s  finite=16737
  [18800/100000]  elapsed=17184s  rate=1.1/s  eta=74218s  finite=16747
  -> checkpoint saved: /scratch/e1498138/lhs/lhs_noise2_paris1_checkpoints/lhs_noise2_paris1_ckpt_018800.pkl
  [18810/100000]  elapsed=17193s  rate=1.1/s  eta=74210s  finite=16756
  [18820/100000]  elapsed=17202s  rate=1.1/s  eta=74202s  finite=16766
  [18830/100000]  elapsed=17212s  rate=1.1/s  eta=74194s  finite=16776
  [18840/100000]  elapsed=17221s  rate=1.1/s  eta=74187s  finite=16784
  [18850/100000]  elapsed=17231s  rate=1.1/s  eta=74178s  finite=16793
  [warn] sample 4 failed: 
  [18860/100000]  elapsed=17239s  rate=1.1/s  eta=74166s  finite=16802
  [18870/100000]  elapsed=17249s  rate=1.1/s  eta=74159s  finite=16811
  [warn] sample 7 failed: 
  [18880/100000]  elapsed=17258s  rate=1.1/s  eta=74149s  finite=16819
  [warn] sample 3 failed: 
  [18890/100000]  elapsed=17266s  rate=1.1/s  eta=74138s  finite=16828
  [warn] sample 5 failed: 
  [18900/100000]  elapsed=17275s  rate=1.1/s  eta=74127s  finite=16836
  -> checkpoint saved: /scratch/e1498138/lhs/lhs_noise2_paris1_checkpoints/lhs_noise2_paris1_ckpt_018900.pkl
  [18910/100000]  elapsed=17284s  rate=1.1/s  eta=74119s  finite=16843
  [18920/100000]  elapsed=17294s  rate=1.1/s  eta=74111s  finite=16851
  [18930/100000]  elapsed=17303s  rate=1.1/s  eta=74104s  finite=16861
  [warn] sample 9 failed: 
  [18940/100000]  elapsed=17312s  rate=1.1/s  eta=74093s  finite=16869
  [18950/100000]  elapsed=17321s  rate=1.1/s  eta=74085s  finite=16878
  [18960/100000]  elapsed=17331s  rate=1.1/s  eta=74077s  finite=16887
  [warn] sample 9 failed: 
  [18970/100000]  elapsed=17340s  rate=1.1/s  eta=74066s  finite=16894
  [18980/100000]  elapsed=17349s  rate=1.1/s  eta=74057s  finite=16902
  [18990/100000]  elapsed=17358s  rate=1.1/s  eta=74049s  finite=16911
  [19000/100000]  elapsed=17368s  rate=1.1/s  eta=74043s  finite=16921
  -> checkpoint saved: /scratch/e1498138/lhs/lhs_noise2_paris1_checkpoints/lhs_noise2_paris1_ckpt_019000.pkl
  [19010/100000]  elapsed=17377s  rate=1.1/s  eta=74035s  finite=16931
  [warn] sample 1 failed: 
  [19020/100000]  elapsed=17386s  rate=1.1/s  eta=74024s  finite=16940
  [19030/100000]  elapsed=17396s  rate=1.1/s  eta=74016s  finite=16950
  [19040/100000]  elapsed=17405s  rate=1.1/s  eta=74008s  finite=16960
  [warn] sample 0 failed: 
  [19050/100000]  elapsed=17413s  rate=1.1/s  eta=73996s  finite=16969
  [19060/100000]  elapsed=17423s  rate=1.1/s  eta=73987s  finite=16978
  [19070/100000]  elapsed=17432s  rate=1.1/s  eta=73980s  finite=16986
  [warn] sample 3 failed: 
  [warn] sample 8 failed: 
  [19080/100000]  elapsed=17440s  rate=1.1/s  eta=73965s  finite=16994
  [19090/100000]  elapsed=17450s  rate=1.1/s  eta=73957s  finite=17003
  [warn] sample 7 failed: 
  [19100/100000]  elapsed=17458s  rate=1.1/s  eta=73946s  finite=17012
  -> checkpoint saved: /scratch/e1498138/lhs/lhs_noise2_paris1_checkpoints/lhs_noise2_paris1_ckpt_019100.pkl
  [warn] sample 6 failed: 
  [19110/100000]  elapsed=17467s  rate=1.1/s  eta=73934s  finite=17020
  [19120/100000]  elapsed=17476s  rate=1.1/s  eta=73926s  finite=17030
  [warn] sample 2 failed: 
  [19130/100000]  elapsed=17485s  rate=1.1/s  eta=73914s  finite=17037
  [warn] sample 3 failed: 
  [warn] sample 7 failed: 
  [19140/100000]  elapsed=17492s  rate=1.1/s  eta=73898s  finite=17043
  [19150/100000]  elapsed=17501s  rate=1.1/s  eta=73890s  finite=17052
  [warn] sample 5 failed: 
  [19160/100000]  elapsed=17510s  rate=1.1/s  eta=73878s  finite=17061
  [19170/100000]  elapsed=17519s  rate=1.1/s  eta=73870s  finite=17071
  [19180/100000]  elapsed=17529s  rate=1.1/s  eta=73862s  finite=17079
  [warn] sample 1 failed: 
  [warn] sample 3 failed: 
  [19190/100000]  elapsed=17536s  rate=1.1/s  eta=73847s  finite=17086
  [19200/100000]  elapsed=17546s  rate=1.1/s  eta=73839s  finite=17096
  -> checkpoint saved: /scratch/e1498138/lhs/lhs_noise2_paris1_checkpoints/lhs_noise2_paris1_ckpt_019200.pkl
  [warn] sample 5 failed: 
  [warn] sample 9 failed: 
  [19210/100000]  elapsed=17554s  rate=1.1/s  eta=73825s  finite=17103
  [19220/100000]  elapsed=17563s  rate=1.1/s  eta=73818s  finite=17113
  [19230/100000]  elapsed=17573s  rate=1.1/s  eta=73810s  finite=17123
  [19240/100000]  elapsed=17582s  rate=1.1/s  eta=73802s  finite=17133
  [19250/100000]  elapsed=17592s  rate=1.1/s  eta=73793s  finite=17142
  [19260/100000]  elapsed=17601s  rate=1.1/s  eta=73786s  finite=17151
  [19270/100000]  elapsed=17611s  rate=1.1/s  eta=73779s  finite=17161
  [19280/100000]  elapsed=17620s  rate=1.1/s  eta=73770s  finite=17171
  [warn] sample 1 failed: 
  [19290/100000]  elapsed=17629s  rate=1.1/s  eta=73759s  finite=17180
  [19300/100000]  elapsed=17638s  rate=1.1/s  eta=73751s  finite=17189
  -> checkpoint saved: /scratch/e1498138/lhs/lhs_noise2_paris1_checkpoints/lhs_noise2_paris1_ckpt_019300.pkl
  [19310/100000]  elapsed=17648s  rate=1.1/s  eta=73743s  finite=17198
  [19320/100000]  elapsed=17657s  rate=1.1/s  eta=73735s  finite=17208
  [19330/100000]  elapsed=17666s  rate=1.1/s  eta=73727s  finite=17218
  [19340/100000]  elapsed=17676s  rate=1.1/s  eta=73719s  finite=17228
  [19350/100000]  elapsed=17685s  rate=1.1/s  eta=73711s  finite=17238
  [warn] sample 4 failed: 
  [19360/100000]  elapsed=17694s  rate=1.1/s  eta=73700s  finite=17247
  [19370/100000]  elapsed=17704s  rate=1.1/s  eta=73693s  finite=17257
  [warn] sample 4 failed: 
  [19380/100000]  elapsed=17712s  rate=1.1/s  eta=73682s  finite=17263
  [19390/100000]  elapsed=17722s  rate=1.1/s  eta=73675s  finite=17272
  [warn] sample 8 failed: 
  [19400/100000]  elapsed=17730s  rate=1.1/s  eta=73664s  finite=17280
  -> checkpoint saved: /scratch/e1498138/lhs/lhs_noise2_paris1_checkpoints/lhs_noise2_paris1_ckpt_019400.pkl
  [warn] sample 7 failed: 
  [warn] sample 9 failed: 
  [19410/100000]  elapsed=17738s  rate=1.1/s  eta=73649s  finite=17288
  [19420/100000]  elapsed=17748s  rate=1.1/s  eta=73641s  finite=17297
  [warn] sample 8 failed: 
  [19430/100000]  elapsed=17756s  rate=1.1/s  eta=73630s  finite=17306
  [19440/100000]  elapsed=17766s  rate=1.1/s  eta=73622s  finite=17316
  [warn] sample 3 failed: 
  [19450/100000]  elapsed=17775s  rate=1.1/s  eta=73611s  finite=17325
  [19460/100000]  elapsed=17785s  rate=1.1/s  eta=73606s  finite=17335
  [warn] sample 1 failed: 
  [19470/100000]  elapsed=17793s  rate=1.1/s  eta=73596s  finite=17344
  [19480/100000]  elapsed=17803s  rate=1.1/s  eta=73587s  finite=17353
  [warn] sample 2 failed: 
  [warn] sample 3 failed: 
  [19490/100000]  elapsed=17811s  rate=1.1/s  eta=73572s  finite=17361
  [19500/100000]  elapsed=17820s  rate=1.1/s  eta=73566s  finite=17371
  -> checkpoint saved: /scratch/e1498138/lhs/lhs_noise2_paris1_checkpoints/lhs_noise2_paris1_ckpt_019500.pkl
  [warn] sample 0 failed: 
  [19510/100000]  elapsed=17829s  rate=1.1/s  eta=73554s  finite=17378
  [19520/100000]  elapsed=17839s  rate=1.1/s  eta=73548s  finite=17387
  [19530/100000]  elapsed=17848s  rate=1.1/s  eta=73541s  finite=17397
  [19540/100000]  elapsed=17858s  rate=1.1/s  eta=73532s  finite=17405
  [19550/100000]  elapsed=17867s  rate=1.1/s  eta=73525s  finite=17415
  [19560/100000]  elapsed=17877s  rate=1.1/s  eta=73517s  finite=17424
  [warn] sample 7 failed: 
  [19570/100000]  elapsed=17885s  rate=1.1/s  eta=73506s  finite=17433
  [19580/100000]  elapsed=17895s  rate=1.1/s  eta=73498s  finite=17443
  [19590/100000]  elapsed=17904s  rate=1.1/s  eta=73491s  finite=17452
  [19600/100000]  elapsed=17914s  rate=1.1/s  eta=73483s  finite=17462
  -> checkpoint saved: /scratch/e1498138/lhs/lhs_noise2_paris1_checkpoints/lhs_noise2_paris1_ckpt_019600.pkl
  [19610/100000]  elapsed=17923s  rate=1.1/s  eta=73475s  finite=17470
  [warn] sample 0 failed: 
  [warn] sample 7 failed: 
  [19620/100000]  elapsed=17931s  rate=1.1/s  eta=73460s  finite=17477
  [warn] sample 3 failed: 
  [warn] sample 5 failed: 
  [19630/100000]  elapsed=17939s  rate=1.1/s  eta=73446s  finite=17484
  [19640/100000]  elapsed=17948s  rate=1.1/s  eta=73438s  finite=17493
  [warn] sample 8 failed: 
  [19650/100000]  elapsed=17957s  rate=1.1/s  eta=73426s  finite=17502
  [19660/100000]  elapsed=17966s  rate=1.1/s  eta=73419s  finite=17512
  [19670/100000]  elapsed=17976s  rate=1.1/s  eta=73411s  finite=17521
  [warn] sample 8 failed: 
  [19680/100000]  elapsed=17984s  rate=1.1/s  eta=73400s  finite=17530
  [19690/100000]  elapsed=17994s  rate=1.1/s  eta=73392s  finite=17539
  [19700/100000]  elapsed=18004s  rate=1.1/s  eta=73385s  finite=17548
  -> checkpoint saved: /scratch/e1498138/lhs/lhs_noise2_paris1_checkpoints/lhs_noise2_paris1_ckpt_019700.pkl
  [warn] sample 0 failed: 
  [19710/100000]  elapsed=18012s  rate=1.1/s  eta=73374s  finite=17557
  [warn] sample 0 failed: 
  [19720/100000]  elapsed=18021s  rate=1.1/s  eta=73363s  finite=17566
  [19730/100000]  elapsed=18031s  rate=1.1/s  eta=73356s  finite=17575
  [19740/100000]  elapsed=18040s  rate=1.1/s  eta=73348s  finite=17585
  [19750/100000]  elapsed=18050s  rate=1.1/s  eta=73341s  finite=17595
  [19760/100000]  elapsed=18059s  rate=1.1/s  eta=73334s  finite=17605
  [warn] sample 6 failed: 
  [19770/100000]  elapsed=18068s  rate=1.1/s  eta=73322s  finite=17614
  [warn] sample 2 failed: 
  [warn] sample 4 failed: 
  [19780/100000]  elapsed=18076s  rate=1.1/s  eta=73308s  finite=17622
  [19790/100000]  elapsed=18085s  rate=1.1/s  eta=73300s  finite=17630
  [warn] sample 6 failed: 
  [19800/100000]  elapsed=18094s  rate=1.1/s  eta=73289s  finite=17639
  -> checkpoint saved: /scratch/e1498138/lhs/lhs_noise2_paris1_checkpoints/lhs_noise2_paris1_ckpt_019800.pkl
  [warn] sample 8 failed: 
  [19810/100000]  elapsed=18102s  rate=1.1/s  eta=73278s  finite=17648
  [warn] sample 2 failed: 
  [warn] sample 5 failed: 
  [19820/100000]  elapsed=18110s  rate=1.1/s  eta=73264s  finite=17653
  [19830/100000]  elapsed=18120s  rate=1.1/s  eta=73256s  finite=17662
  [19840/100000]  elapsed=18129s  rate=1.1/s  eta=73248s  finite=17671
  [warn] sample 6 failed: 
  [19850/100000]  elapsed=18138s  rate=1.1/s  eta=73236s  finite=17679
  [warn] sample 8 failed: 
  [19860/100000]  elapsed=18147s  rate=1.1/s  eta=73226s  finite=17686
  [warn] sample 9 failed: 
  [19870/100000]  elapsed=18155s  rate=1.1/s  eta=73215s  finite=17694
  [19880/100000]  elapsed=18164s  rate=1.1/s  eta=73206s  finite=17703
  [19890/100000]  elapsed=18174s  rate=1.1/s  eta=73198s  finite=17713
  [warn] sample 5 failed: 
  [warn] sample 7 failed: 
  [19900/100000]  elapsed=18182s  rate=1.1/s  eta=73184s  finite=17720
  -> checkpoint saved: /scratch/e1498138/lhs/lhs_noise2_paris1_checkpoints/lhs_noise2_paris1_ckpt_019900.pkl
  [19910/100000]  elapsed=18191s  rate=1.1/s  eta=73176s  finite=17730
  [19920/100000]  elapsed=18200s  rate=1.1/s  eta=73167s  finite=17740
  [19930/100000]  elapsed=18210s  rate=1.1/s  eta=73160s  finite=17750
  [warn] sample 3 failed: 
  [19940/100000]  elapsed=18219s  rate=1.1/s  eta=73149s  finite=17758
  [19950/100000]  elapsed=18228s  rate=1.1/s  eta=73141s  finite=17765
  [warn] sample 9 failed: 
  [19960/100000]  elapsed=18237s  rate=1.1/s  eta=73131s  finite=17774
  [warn] sample 5 failed: 
  [warn] sample 6 failed: 
  [warn] sample 9 failed: 
  [19970/100000]  elapsed=18244s  rate=1.1/s  eta=73113s  finite=17780
  [warn] sample 0 failed: 
  [19980/100000]  elapsed=18253s  rate=1.1/s  eta=73101s  finite=17789
  [19990/100000]  elapsed=18262s  rate=1.1/s  eta=73093s  finite=17797
  [20000/100000]  elapsed=18271s  rate=1.1/s  eta=73086s  finite=17807
  -> checkpoint saved: /scratch/e1498138/lhs/lhs_noise2_paris1_checkpoints/lhs_noise2_paris1_ckpt_020000.pkl
  [20010/100000]  elapsed=18281s  rate=1.1/s  eta=73078s  finite=17816
  [20020/100000]  elapsed=18290s  rate=1.1/s  eta=73070s  finite=17825
  [20030/100000]  elapsed=18300s  rate=1.1/s  eta=73064s  finite=17835
  [20040/100000]  elapsed=18310s  rate=1.1/s  eta=73056s  finite=17844
  [warn] sample 9 failed: 
  [20050/100000]  elapsed=18318s  rate=1.1/s  eta=73044s  finite=17853
  [20060/100000]  elapsed=18328s  rate=1.1/s  eta=73036s  finite=17862
  [20070/100000]  elapsed=18337s  rate=1.1/s  eta=73028s  finite=17871
  [warn] sample 4 failed: 
  [20080/100000]  elapsed=18345s  rate=1.1/s  eta=73017s  finite=17879
  [warn] sample 2 failed: 
  [20090/100000]  elapsed=18354s  rate=1.1/s  eta=73005s  finite=17887
  [20100/100000]  elapsed=18364s  rate=1.1/s  eta=72997s  finite=17896
  -> checkpoint saved: /scratch/e1498138/lhs/lhs_noise2_paris1_checkpoints/lhs_noise2_paris1_ckpt_020100.pkl
  [20110/100000]  elapsed=18373s  rate=1.1/s  eta=72990s  finite=17906
  [warn] sample 0 failed: 
  [20120/100000]  elapsed=18382s  rate=1.1/s  eta=72979s  finite=17915
  [20130/100000]  elapsed=18391s  rate=1.1/s  eta=72971s  finite=17925
  [20140/100000]  elapsed=18401s  rate=1.1/s  eta=72963s  finite=17934
  [20150/100000]  elapsed=18410s  rate=1.1/s  eta=72955s  finite=17944
  [warn] sample 5 failed: 
  [20160/100000]  elapsed=18419s  rate=1.1/s  eta=72944s  finite=17953
  [20170/100000]  elapsed=18428s  rate=1.1/s  eta=72935s  finite=17963
  [20180/100000]  elapsed=18437s  rate=1.1/s  eta=72927s  finite=17971
  [warn] sample 6 failed: 
  [20190/100000]  elapsed=18446s  rate=1.1/s  eta=72916s  finite=17979
  [warn] sample 7 failed: 
  [20200/100000]  elapsed=18455s  rate=1.1/s  eta=72905s  finite=17987
  -> checkpoint saved: /scratch/e1498138/lhs/lhs_noise2_paris1_checkpoints/lhs_noise2_paris1_ckpt_020200.pkl
  [20210/100000]  elapsed=18464s  rate=1.1/s  eta=72897s  finite=17997
  [20220/100000]  elapsed=18474s  rate=1.1/s  eta=72890s  finite=18007
  [20230/100000]  elapsed=18483s  rate=1.1/s  eta=72883s  finite=18017
  [warn] sample 3 failed: 
  [20240/100000]  elapsed=18492s  rate=1.1/s  eta=72871s  finite=18026
  [20250/100000]  elapsed=18501s  rate=1.1/s  eta=72863s  finite=18035
  [20260/100000]  elapsed=18511s  rate=1.1/s  eta=72856s  finite=18045
  [warn] sample 2 failed: 
  [warn] sample 3 failed: 
  [20270/100000]  elapsed=18519s  rate=1.1/s  eta=72841s  finite=18053
  [20280/100000]  elapsed=18528s  rate=1.1/s  eta=72834s  finite=18063
  [20290/100000]  elapsed=18538s  rate=1.1/s  eta=72826s  finite=18073
  [20300/100000]  elapsed=18547s  rate=1.1/s  eta=72818s  finite=18083
  -> checkpoint saved: /scratch/e1498138/lhs/lhs_noise2_paris1_checkpoints/lhs_noise2_paris1_ckpt_020300.pkl
  [20310/100000]  elapsed=18557s  rate=1.1/s  eta=72811s  finite=18092
  [warn] sample 1 failed: 
  [20320/100000]  elapsed=18566s  rate=1.1/s  eta=72800s  finite=18100
  [warn] sample 5 failed: 
  [20330/100000]  elapsed=18574s  rate=1.1/s  eta=72789s  finite=18109
  [warn] sample 7 failed: 
  [20340/100000]  elapsed=18583s  rate=1.1/s  eta=72778s  finite=18118
  [warn] sample 2 failed: 
  [20350/100000]  elapsed=18591s  rate=1.1/s  eta=72767s  finite=18127
  [20360/100000]  elapsed=18601s  rate=1.1/s  eta=72759s  finite=18136
  [20370/100000]  elapsed=18611s  rate=1.1/s  eta=72752s  finite=18146
  [20380/100000]  elapsed=18620s  rate=1.1/s  eta=72744s  finite=18155
  [warn] sample 4 failed: 
  [20390/100000]  elapsed=18629s  rate=1.1/s  eta=72734s  finite=18164
  [20400/100000]  elapsed=18638s  rate=1.1/s  eta=72726s  finite=18173
  -> checkpoint saved: /scratch/e1498138/lhs/lhs_noise2_paris1_checkpoints/lhs_noise2_paris1_ckpt_020400.pkl
  [20410/100000]  elapsed=18648s  rate=1.1/s  eta=72719s  finite=18183
  [20420/100000]  elapsed=18658s  rate=1.1/s  eta=72712s  finite=18193
  [20430/100000]  elapsed=18667s  rate=1.1/s  eta=72704s  finite=18203
  [20440/100000]  elapsed=18677s  rate=1.1/s  eta=72696s  finite=18212
  [20450/100000]  elapsed=18686s  rate=1.1/s  eta=72688s  finite=18221
  [20460/100000]  elapsed=18696s  rate=1.1/s  eta=72681s  finite=18231
  [20470/100000]  elapsed=18705s  rate=1.1/s  eta=72672s  finite=18241
  [warn] sample 1 failed: 
  [warn] sample 7 failed: 
  [20480/100000]  elapsed=18713s  rate=1.1/s  eta=72658s  finite=18249
  [20490/100000]  elapsed=18722s  rate=1.1/s  eta=72650s  finite=18259
  [warn] sample 4 failed: 
  [20500/100000]  elapsed=18731s  rate=1.1/s  eta=72639s  finite=18268
  -> checkpoint saved: /scratch/e1498138/lhs/lhs_noise2_paris1_checkpoints/lhs_noise2_paris1_ckpt_020500.pkl
  [20510/100000]  elapsed=18740s  rate=1.1/s  eta=72630s  finite=18277
  [warn] sample 1 failed: 
  [20520/100000]  elapsed=18749s  rate=1.1/s  eta=72619s  finite=18286
  [20530/100000]  elapsed=18758s  rate=1.1/s  eta=72612s  finite=18296
  [20540/100000]  elapsed=18768s  rate=1.1/s  eta=72604s  finite=18306
  [20550/100000]  elapsed=18778s  rate=1.1/s  eta=72597s  finite=18316
  [20560/100000]  elapsed=18787s  rate=1.1/s  eta=72589s  finite=18326
  [20570/100000]  elapsed=18796s  rate=1.1/s  eta=72581s  finite=18335
  [20580/100000]  elapsed=18806s  rate=1.1/s  eta=72574s  finite=18344
  [20590/100000]  elapsed=18815s  rate=1.1/s  eta=72565s  finite=18352
  [20600/100000]  elapsed=18825s  rate=1.1/s  eta=72557s  finite=18362
  -> checkpoint saved: /scratch/e1498138/lhs/lhs_noise2_paris1_checkpoints/lhs_noise2_paris1_ckpt_020600.pkl
  [20610/100000]  elapsed=18834s  rate=1.1/s  eta=72549s  finite=18371
  [warn] sample 1 failed: 
  [20620/100000]  elapsed=18843s  rate=1.1/s  eta=72538s  finite=18379
  [20630/100000]  elapsed=18852s  rate=1.1/s  eta=72530s  finite=18388
  [20640/100000]  elapsed=18862s  rate=1.1/s  eta=72522s  finite=18398
  [warn] sample 8 failed: 
  [20650/100000]  elapsed=18870s  rate=1.1/s  eta=72511s  finite=18407
  [warn] sample 6 failed: 
  [20660/100000]  elapsed=18879s  rate=1.1/s  eta=72499s  finite=18415
  [warn] sample 6 failed: 
  [20670/100000]  elapsed=18887s  rate=1.1/s  eta=72488s  finite=18424
  [20680/100000]  elapsed=18897s  rate=1.1/s  eta=72480s  finite=18434
  [20690/100000]  elapsed=18906s  rate=1.1/s  eta=72472s  finite=18444
  [20700/100000]  elapsed=18916s  rate=1.1/s  eta=72464s  finite=18454
  -> checkpoint saved: /scratch/e1498138/lhs/lhs_noise2_paris1_checkpoints/lhs_noise2_paris1_ckpt_020700.pkl
  [20710/100000]  elapsed=18926s  rate=1.1/s  eta=72458s  finite=18464
  [warn] sample 7 failed: 
  [20720/100000]  elapsed=18934s  rate=1.1/s  eta=72446s  finite=18473
  [20730/100000]  elapsed=18943s  rate=1.1/s  eta=72438s  finite=18482
  [20740/100000]  elapsed=18953s  rate=1.1/s  eta=72430s  finite=18492
  [20750/100000]  elapsed=18963s  rate=1.1/s  eta=72423s  finite=18502
  [20760/100000]  elapsed=18972s  rate=1.1/s  eta=72416s  finite=18510
  [20770/100000]  elapsed=18981s  rate=1.1/s  eta=72407s  finite=18519
  [20780/100000]  elapsed=18991s  rate=1.1/s  eta=72400s  finite=18526
  [warn] sample 0 failed: 
  [20790/100000]  elapsed=18999s  rate=1.1/s  eta=72388s  finite=18533
  [warn] sample 1 failed: 
  [20800/100000]  elapsed=19008s  rate=1.1/s  eta=72376s  finite=18541
  -> checkpoint saved: /scratch/e1498138/lhs/lhs_noise2_paris1_checkpoints/lhs_noise2_paris1_ckpt_020800.pkl
  [20810/100000]  elapsed=19018s  rate=1.1/s  eta=72369s  finite=18548
  [20820/100000]  elapsed=19027s  rate=1.1/s  eta=72360s  finite=18556
  [20830/100000]  elapsed=19036s  rate=1.1/s  eta=72352s  finite=18566
  [20840/100000]  elapsed=19046s  rate=1.1/s  eta=72344s  finite=18576
  [20850/100000]  elapsed=19055s  rate=1.1/s  eta=72336s  finite=18586
  [20860/100000]  elapsed=19064s  rate=1.1/s  eta=72327s  finite=18594
  [20870/100000]  elapsed=19074s  rate=1.1/s  eta=72319s  finite=18602
  [20880/100000]  elapsed=19083s  rate=1.1/s  eta=72311s  finite=18612
  [20890/100000]  elapsed=19092s  rate=1.1/s  eta=72302s  finite=18621
  [warn] sample 3 failed: 
  [20900/100000]  elapsed=19101s  rate=1.1/s  eta=72291s  finite=18630
  -> checkpoint saved: /scratch/e1498138/lhs/lhs_noise2_paris1_checkpoints/lhs_noise2_paris1_ckpt_020900.pkl
  [20910/100000]  elapsed=19111s  rate=1.1/s  eta=72284s  finite=18640
  [20920/100000]  elapsed=19120s  rate=1.1/s  eta=72276s  finite=18650
  [warn] sample 7 failed: 
  [20930/100000]  elapsed=19129s  rate=1.1/s  eta=72265s  finite=18659
  [20940/100000]  elapsed=19138s  rate=1.1/s  eta=72257s  finite=18666
  [20950/100000]  elapsed=19148s  rate=1.1/s  eta=72250s  finite=18676
  [warn] sample 7 failed: 
  [20960/100000]  elapsed=19156s  rate=1.1/s  eta=72238s  finite=18684
  [warn] sample 1 failed: 
  [20970/100000]  elapsed=19165s  rate=1.1/s  eta=72228s  finite=18692
  [20980/100000]  elapsed=19175s  rate=1.1/s  eta=72220s  finite=18701
  [20990/100000]  elapsed=19184s  rate=1.1/s  eta=72212s  finite=18711
  [21000/100000]  elapsed=19194s  rate=1.1/s  eta=72204s  finite=18721
  -> checkpoint saved: /scratch/e1498138/lhs/lhs_noise2_paris1_checkpoints/lhs_noise2_paris1_ckpt_021000.pkl
  [21010/100000]  elapsed=19203s  rate=1.1/s  eta=72196s  finite=18728
  [21020/100000]  elapsed=19212s  rate=1.1/s  eta=72188s  finite=18737
  [21030/100000]  elapsed=19222s  rate=1.1/s  eta=72181s  finite=18747
  [21040/100000]  elapsed=19232s  rate=1.1/s  eta=72173s  finite=18757
  [21050/100000]  elapsed=19241s  rate=1.1/s  eta=72166s  finite=18767
  [21060/100000]  elapsed=19251s  rate=1.1/s  eta=72158s  finite=18777
  [21070/100000]  elapsed=19260s  rate=1.1/s  eta=72150s  finite=18786
  [21080/100000]  elapsed=19270s  rate=1.1/s  eta=72142s  finite=18796
  [21090/100000]  elapsed=19279s  rate=1.1/s  eta=72134s  finite=18804
  [warn] sample 5 failed: 
  [21100/100000]  elapsed=19288s  rate=1.1/s  eta=72123s  finite=18813
  -> checkpoint saved: /scratch/e1498138/lhs/lhs_noise2_paris1_checkpoints/lhs_noise2_paris1_ckpt_021100.pkl
  [warn] sample 1 failed: 
  [21110/100000]  elapsed=19296s  rate=1.1/s  eta=72113s  finite=18821
  [21120/100000]  elapsed=19306s  rate=1.1/s  eta=72104s  finite=18831
  [warn] sample 6 failed: 
  [warn] sample 9 failed: 
  [21130/100000]  elapsed=19314s  rate=1.1/s  eta=72090s  finite=18839
  [21140/100000]  elapsed=19323s  rate=1.1/s  eta=72082s  finite=18849
  [21150/100000]  elapsed=19332s  rate=1.1/s  eta=72073s  finite=18858
  [21160/100000]  elapsed=19342s  rate=1.1/s  eta=72065s  finite=18865
  [warn] sample 9 failed: 
  [21170/100000]  elapsed=19350s  rate=1.1/s  eta=72054s  finite=18874
  [21180/100000]  elapsed=19360s  rate=1.1/s  eta=72046s  finite=18884
  [21190/100000]  elapsed=19369s  rate=1.1/s  eta=72038s  finite=18894
  [21200/100000]  elapsed=19379s  rate=1.1/s  eta=72031s  finite=18904
  -> checkpoint saved: /scratch/e1498138/lhs/lhs_noise2_paris1_checkpoints/lhs_noise2_paris1_ckpt_021200.pkl
  [21210/100000]  elapsed=19389s  rate=1.1/s  eta=72024s  finite=18913
  [21220/100000]  elapsed=19398s  rate=1.1/s  eta=72016s  finite=18923
  [21230/100000]  elapsed=19408s  rate=1.1/s  eta=72008s  finite=18932
  [21240/100000]  elapsed=19417s  rate=1.1/s  eta=72000s  finite=18942
  [21250/100000]  elapsed=19426s  rate=1.1/s  eta=71992s  finite=18950
  [21260/100000]  elapsed=19436s  rate=1.1/s  eta=71984s  finite=18959
  [21270/100000]  elapsed=19445s  rate=1.1/s  eta=71976s  finite=18966
  [21280/100000]  elapsed=19455s  rate=1.1/s  eta=71968s  finite=18976
  [warn] sample 6 failed: 
  [21290/100000]  elapsed=19463s  rate=1.1/s  eta=71957s  finite=18985
  [21300/100000]  elapsed=19473s  rate=1.1/s  eta=71949s  finite=18995
  -> checkpoint saved: /scratch/e1498138/lhs/lhs_noise2_paris1_checkpoints/lhs_noise2_paris1_ckpt_021300.pkl
  [warn] sample 6 failed: 
  [21310/100000]  elapsed=19481s  rate=1.1/s  eta=71938s  finite=19003
  [warn] sample 7 failed: 
  [21320/100000]  elapsed=19490s  rate=1.1/s  eta=71927s  finite=19012
  [warn] sample 8 failed: 
  [21330/100000]  elapsed=19499s  rate=1.1/s  eta=71917s  finite=19021
  [21340/100000]  elapsed=19508s  rate=1.1/s  eta=71908s  finite=19030
  [21350/100000]  elapsed=19518s  rate=1.1/s  eta=71900s  finite=19038
  [21360/100000]  elapsed=19527s  rate=1.1/s  eta=71891s  finite=19048
  [warn] sample 1 failed: 
  [warn] sample 7 failed: 
  [21370/100000]  elapsed=19535s  rate=1.1/s  eta=71877s  finite=19056
  [warn] sample 3 failed: 
  [21380/100000]  elapsed=19543s  rate=1.1/s  eta=71866s  finite=19064
  [21390/100000]  elapsed=19553s  rate=1.1/s  eta=71857s  finite=19070
  [warn] sample 6 failed: 
  [21400/100000]  elapsed=19561s  rate=1.1/s  eta=71846s  finite=19079
  -> checkpoint saved: /scratch/e1498138/lhs/lhs_noise2_paris1_checkpoints/lhs_noise2_paris1_ckpt_021400.pkl
  [21410/100000]  elapsed=19571s  rate=1.1/s  eta=71839s  finite=19088
  [21420/100000]  elapsed=19580s  rate=1.1/s  eta=71830s  finite=19098
  [21430/100000]  elapsed=19589s  rate=1.1/s  eta=71822s  finite=19108
  [warn] sample 2 failed: 
  [21440/100000]  elapsed=19598s  rate=1.1/s  eta=71810s  finite=19115
  [21450/100000]  elapsed=19607s  rate=1.1/s  eta=71802s  finite=19125
  [21460/100000]  elapsed=19617s  rate=1.1/s  eta=71794s  finite=19135
  [21470/100000]  elapsed=19626s  rate=1.1/s  eta=71785s  finite=19145
  [21480/100000]  elapsed=19635s  rate=1.1/s  eta=71777s  finite=19154
  [warn] sample 3 failed: 
  [warn] sample 8 failed: 
  [21490/100000]  elapsed=19643s  rate=1.1/s  eta=71763s  finite=19162
  [warn] sample 5 failed: 
  [warn] sample 9 failed: 
  [21500/100000]  elapsed=19651s  rate=1.1/s  eta=71749s  finite=19169
  -> checkpoint saved: /scratch/e1498138/lhs/lhs_noise2_paris1_checkpoints/lhs_noise2_paris1_ckpt_021500.pkl
  [21510/100000]  elapsed=19660s  rate=1.1/s  eta=71740s  finite=19179
  [warn] sample 0 failed: 
  [21520/100000]  elapsed=19669s  rate=1.1/s  eta=71729s  finite=19187
  [21530/100000]  elapsed=19678s  rate=1.1/s  eta=71721s  finite=19197
  [21540/100000]  elapsed=19688s  rate=1.1/s  eta=71713s  finite=19206
  [21550/100000]  elapsed=19697s  rate=1.1/s  eta=71705s  finite=19215
  [21560/100000]  elapsed=19707s  rate=1.1/s  eta=71697s  finite=19225
  [21570/100000]  elapsed=19716s  rate=1.1/s  eta=71688s  finite=19234
  [warn] sample 4 failed: 
  [21580/100000]  elapsed=19724s  rate=1.1/s  eta=71676s  finite=19241
  [21590/100000]  elapsed=19733s  rate=1.1/s  eta=71667s  finite=19249
  [warn] sample 5 failed: 
  [21600/100000]  elapsed=19742s  rate=1.1/s  eta=71657s  finite=19257
  -> checkpoint saved: /scratch/e1498138/lhs/lhs_noise2_paris1_checkpoints/lhs_noise2_paris1_ckpt_021600.pkl
  [21610/100000]  elapsed=19751s  rate=1.1/s  eta=71648s  finite=19266
  [21620/100000]  elapsed=19761s  rate=1.1/s  eta=71640s  finite=19275
  [warn] sample 4 failed: 
  [21630/100000]  elapsed=19770s  rate=1.1/s  eta=71630s  finite=19283
  [21640/100000]  elapsed=19779s  rate=1.1/s  eta=71621s  finite=19292
  [warn] sample 6 failed: 
  [21650/100000]  elapsed=19787s  rate=1.1/s  eta=71609s  finite=19300
  [warn] sample 9 failed: 
  [21660/100000]  elapsed=19796s  rate=1.1/s  eta=71598s  finite=19309
  [21670/100000]  elapsed=19805s  rate=1.1/s  eta=71590s  finite=19317
  [21680/100000]  elapsed=19815s  rate=1.1/s  eta=71582s  finite=19326
  [21690/100000]  elapsed=19824s  rate=1.1/s  eta=71574s  finite=19336
  [warn] sample 7 failed: 
  [21700/100000]  elapsed=19833s  rate=1.1/s  eta=71563s  finite=19344
  -> checkpoint saved: /scratch/e1498138/lhs/lhs_noise2_paris1_checkpoints/lhs_noise2_paris1_ckpt_021700.pkl
  [21710/100000]  elapsed=19842s  rate=1.1/s  eta=71555s  finite=19353
  [warn] sample 5 failed: 
  [21720/100000]  elapsed=19851s  rate=1.1/s  eta=71544s  finite=19361
  [warn] sample 8 failed: 
  [21730/100000]  elapsed=19860s  rate=1.1/s  eta=71533s  finite=19369
  [warn] sample 6 failed: 
  [21740/100000]  elapsed=19868s  rate=1.1/s  eta=71521s  finite=19377
  [21750/100000]  elapsed=19877s  rate=1.1/s  eta=71513s  finite=19386
  [21760/100000]  elapsed=19887s  rate=1.1/s  eta=71505s  finite=19395
  [21770/100000]  elapsed=19896s  rate=1.1/s  eta=71497s  finite=19405
  [warn] sample 1 failed: 
  [warn] sample 4 failed: 
  [21780/100000]  elapsed=19904s  rate=1.1/s  eta=71483s  finite=19412
  [warn] sample 5 failed: 
  [warn] sample 8 failed: 
  [21790/100000]  elapsed=19912s  rate=1.1/s  eta=71468s  finite=19417
  [21800/100000]  elapsed=19921s  rate=1.1/s  eta=71460s  finite=19426
  -> checkpoint saved: /scratch/e1498138/lhs/lhs_noise2_paris1_checkpoints/lhs_noise2_paris1_ckpt_021800.pkl
  [21810/100000]  elapsed=19930s  rate=1.1/s  eta=71452s  finite=19434
  [warn] sample 1 failed: 
  [21820/100000]  elapsed=19939s  rate=1.1/s  eta=71440s  finite=19442
  [21830/100000]  elapsed=19949s  rate=1.1/s  eta=71433s  finite=19452
  [warn] sample 0 failed: 
  [21840/100000]  elapsed=19957s  rate=1.1/s  eta=71422s  finite=19459
  [21850/100000]  elapsed=19967s  rate=1.1/s  eta=71415s  finite=19469
  [21860/100000]  elapsed=19976s  rate=1.1/s  eta=71407s  finite=19479
  [21870/100000]  elapsed=19986s  rate=1.1/s  eta=71399s  finite=19489
  [21880/100000]  elapsed=19995s  rate=1.1/s  eta=71390s  finite=19499
  [warn] sample 2 failed: 
  [21890/100000]  elapsed=20004s  rate=1.1/s  eta=71379s  finite=19508
  [21900/100000]  elapsed=20013s  rate=1.1/s  eta=71371s  finite=19518
  -> checkpoint saved: /scratch/e1498138/lhs/lhs_noise2_paris1_checkpoints/lhs_noise2_paris1_ckpt_021900.pkl
  [21910/100000]  elapsed=20023s  rate=1.1/s  eta=71363s  finite=19527
  [warn] sample 2 failed: 
  [21920/100000]  elapsed=20031s  rate=1.1/s  eta=71351s  finite=19534
  [warn] sample 9 failed: 
  [21930/100000]  elapsed=20040s  rate=1.1/s  eta=71340s  finite=19543
  [21940/100000]  elapsed=20049s  rate=1.1/s  eta=71332s  finite=19553
  [21950/100000]  elapsed=20058s  rate=1.1/s  eta=71323s  finite=19563
  [warn] sample 5 failed: 
  [warn] sample 6 failed: 
  [21960/100000]  elapsed=20066s  rate=1.1/s  eta=71309s  finite=19571
  [warn] sample 8 failed: 
  [21970/100000]  elapsed=20075s  rate=1.1/s  eta=71298s  finite=19579
  [warn] sample 4 failed: 
  [21980/100000]  elapsed=20083s  rate=1.1/s  eta=71287s  finite=19587
  [21990/100000]  elapsed=20092s  rate=1.1/s  eta=71278s  finite=19595
  [22000/100000]  elapsed=20102s  rate=1.1/s  eta=71270s  finite=19605
  -> checkpoint saved: /scratch/e1498138/lhs/lhs_noise2_paris1_checkpoints/lhs_noise2_paris1_ckpt_022000.pkl
  [warn] sample 5 failed: 
  [22010/100000]  elapsed=20111s  rate=1.1/s  eta=71260s  finite=19614
  [22020/100000]  elapsed=20120s  rate=1.1/s  eta=71252s  finite=19624
  [22030/100000]  elapsed=20130s  rate=1.1/s  eta=71244s  finite=19634
  [warn] sample 0 failed: 
  [warn] sample 5 failed: 
  [22040/100000]  elapsed=20137s  rate=1.1/s  eta=71230s  finite=19642
  [warn] sample 8 failed: 
  [22050/100000]  elapsed=20146s  rate=1.1/s  eta=71219s  finite=19650
  [22060/100000]  elapsed=20156s  rate=1.1/s  eta=71211s  finite=19659
  [warn] sample 0 failed: 
  [warn] sample 2 failed: 
  [22070/100000]  elapsed=20163s  rate=1.1/s  eta=71197s  finite=19665
  [22080/100000]  elapsed=20173s  rate=1.1/s  eta=71189s  finite=19675
  [22090/100000]  elapsed=20182s  rate=1.1/s  eta=71180s  finite=19683
  [warn] sample 5 failed: 
  [warn] sample 6 failed: 
  [22100/100000]  elapsed=20190s  rate=1.1/s  eta=71167s  finite=19691
  -> checkpoint saved: /scratch/e1498138/lhs/lhs_noise2_paris1_checkpoints/lhs_noise2_paris1_ckpt_022100.pkl
  [22110/100000]  elapsed=20199s  rate=1.1/s  eta=71158s  finite=19701
  [22120/100000]  elapsed=20209s  rate=1.1/s  eta=71150s  finite=19710
  [22130/100000]  elapsed=20218s  rate=1.1/s  eta=71142s  finite=19719
  [22140/100000]  elapsed=20227s  rate=1.1/s  eta=71134s  finite=19726
  [22150/100000]  elapsed=20237s  rate=1.1/s  eta=71125s  finite=19734
  [22160/100000]  elapsed=20246s  rate=1.1/s  eta=71117s  finite=19742
  [22170/100000]  elapsed=20255s  rate=1.1/s  eta=71109s  finite=19752
  [22180/100000]  elapsed=20265s  rate=1.1/s  eta=71100s  finite=19759
  [22190/100000]  elapsed=20274s  rate=1.1/s  eta=71093s  finite=19768
  [22200/100000]  elapsed=20284s  rate=1.1/s  eta=71084s  finite=19778
  -> checkpoint saved: /scratch/e1498138/lhs/lhs_noise2_paris1_checkpoints/lhs_noise2_paris1_ckpt_022200.pkl
  [22210/100000]  elapsed=20293s  rate=1.1/s  eta=71076s  finite=19787
  [22220/100000]  elapsed=20302s  rate=1.1/s  eta=71067s  finite=19796
  [22230/100000]  elapsed=20312s  rate=1.1/s  eta=71059s  finite=19806
  [22240/100000]  elapsed=20321s  rate=1.1/s  eta=71051s  finite=19815
  [22250/100000]  elapsed=20330s  rate=1.1/s  eta=71042s  finite=19824
  [warn] sample 0 failed: 
  [22260/100000]  elapsed=20339s  rate=1.1/s  eta=71031s  finite=19833
  [warn] sample 2 failed: 
  [22270/100000]  elapsed=20347s  rate=1.1/s  eta=71020s  finite=19842
  [22280/100000]  elapsed=20357s  rate=1.1/s  eta=71011s  finite=19852
  [22290/100000]  elapsed=20366s  rate=1.1/s  eta=71003s  finite=19862
  [22300/100000]  elapsed=20376s  rate=1.1/s  eta=70995s  finite=19870
  -> checkpoint saved: /scratch/e1498138/lhs/lhs_noise2_paris1_checkpoints/lhs_noise2_paris1_ckpt_022300.pkl
  [22310/100000]  elapsed=20385s  rate=1.1/s  eta=70987s  finite=19879
  [22320/100000]  elapsed=20395s  rate=1.1/s  eta=70979s  finite=19889
  [22330/100000]  elapsed=20404s  rate=1.1/s  eta=70971s  finite=19899
  [22340/100000]  elapsed=20413s  rate=1.1/s  eta=70963s  finite=19909
  [22350/100000]  elapsed=20423s  rate=1.1/s  eta=70955s  finite=19918
  [22360/100000]  elapsed=20432s  rate=1.1/s  eta=70946s  finite=19926
  [22370/100000]  elapsed=20442s  rate=1.1/s  eta=70938s  finite=19935
  [22380/100000]  elapsed=20451s  rate=1.1/s  eta=70929s  finite=19945
  [22390/100000]  elapsed=20460s  rate=1.1/s  eta=70921s  finite=19955
  [22400/100000]  elapsed=20469s  rate=1.1/s  eta=70912s  finite=19964
  -> checkpoint saved: /scratch/e1498138/lhs/lhs_noise2_paris1_checkpoints/lhs_noise2_paris1_ckpt_022400.pkl
  [warn] sample 0 failed: 
  [warn] sample 2 failed: 
  [22410/100000]  elapsed=20477s  rate=1.1/s  eta=70898s  finite=19972
  [warn] sample 4 failed: 
  [22420/100000]  elapsed=20486s  rate=1.1/s  eta=70887s  finite=19980
  [warn] sample 1 failed: 
  [22430/100000]  elapsed=20494s  rate=1.1/s  eta=70876s  finite=19989
  [warn] sample 6 failed: 
  [22440/100000]  elapsed=20503s  rate=1.1/s  eta=70865s  finite=19998
  [22450/100000]  elapsed=20512s  rate=1.1/s  eta=70857s  finite=20008
  [22460/100000]  elapsed=20522s  rate=1.1/s  eta=70848s  finite=20017
  [22470/100000]  elapsed=20531s  rate=1.1/s  eta=70840s  finite=20026
  [22480/100000]  elapsed=20540s  rate=1.1/s  eta=70831s  finite=20035
  [22490/100000]  elapsed=20550s  rate=1.1/s  eta=70823s  finite=20044
  [22500/100000]  elapsed=20559s  rate=1.1/s  eta=70815s  finite=20054
  -> checkpoint saved: /scratch/e1498138/lhs/lhs_noise2_paris1_checkpoints/lhs_noise2_paris1_ckpt_022500.pkl
  [22510/100000]  elapsed=20569s  rate=1.1/s  eta=70807s  finite=20064
  [warn] sample 2 failed: 
  [22520/100000]  elapsed=20577s  rate=1.1/s  eta=70796s  finite=20072
  [warn] sample 0 failed: 
  [22530/100000]  elapsed=20586s  rate=1.1/s  eta=70785s  finite=20079
  [22540/100000]  elapsed=20595s  rate=1.1/s  eta=70776s  finite=20089
  [warn] sample 2 failed: 
  [22550/100000]  elapsed=20604s  rate=1.1/s  eta=70765s  finite=20097
  [22560/100000]  elapsed=20613s  rate=1.1/s  eta=70757s  finite=20104
  [warn] sample 0 failed: 
  [22570/100000]  elapsed=20622s  rate=1.1/s  eta=70746s  finite=20113
  [22580/100000]  elapsed=20631s  rate=1.1/s  eta=70738s  finite=20120
  [warn] sample 7 failed: 
  [22590/100000]  elapsed=20640s  rate=1.1/s  eta=70727s  finite=20129
  [22600/100000]  elapsed=20649s  rate=1.1/s  eta=70719s  finite=20139
  -> checkpoint saved: /scratch/e1498138/lhs/lhs_noise2_paris1_checkpoints/lhs_noise2_paris1_ckpt_022600.pkl
  [22610/100000]  elapsed=20660s  rate=1.1/s  eta=70714s  finite=20147
  [22620/100000]  elapsed=20669s  rate=1.1/s  eta=70707s  finite=20157
  [22630/100000]  elapsed=20679s  rate=1.1/s  eta=70699s  finite=20167
  [22640/100000]  elapsed=20688s  rate=1.1/s  eta=70690s  finite=20176
  [22650/100000]  elapsed=20698s  rate=1.1/s  eta=70683s  finite=20183
  [22660/100000]  elapsed=20707s  rate=1.1/s  eta=70674s  finite=20190
  [22670/100000]  elapsed=20716s  rate=1.1/s  eta=70665s  finite=20199
  [22680/100000]  elapsed=20726s  rate=1.1/s  eta=70657s  finite=20207
  [22690/100000]  elapsed=20735s  rate=1.1/s  eta=70648s  finite=20214
  [22700/100000]  elapsed=20744s  rate=1.1/s  eta=70640s  finite=20223
  -> checkpoint saved: /scratch/e1498138/lhs/lhs_noise2_paris1_checkpoints/lhs_noise2_paris1_ckpt_022700.pkl
  [22710/100000]  elapsed=20754s  rate=1.1/s  eta=70631s  finite=20233
  [22720/100000]  elapsed=20763s  rate=1.1/s  eta=70623s  finite=20242
  [22730/100000]  elapsed=20773s  rate=1.1/s  eta=70616s  finite=20252
  [warn] sample 2 failed: 
  [22740/100000]  elapsed=20781s  rate=1.1/s  eta=70605s  finite=20260
  [warn] sample 0 failed: 
  [warn] sample 7 failed: 
  [22750/100000]  elapsed=20789s  rate=1.1/s  eta=70591s  finite=20266
  [22760/100000]  elapsed=20798s  rate=1.1/s  eta=70583s  finite=20275
  [22770/100000]  elapsed=20808s  rate=1.1/s  eta=70574s  finite=20283
  [warn] sample 7 failed: 
  [22780/100000]  elapsed=20816s  rate=1.1/s  eta=70564s  finite=20292
  [22790/100000]  elapsed=20826s  rate=1.1/s  eta=70555s  finite=20300
  [warn] sample 6 failed: 
  [22800/100000]  elapsed=20834s  rate=1.1/s  eta=70543s  finite=20309
  -> checkpoint saved: /scratch/e1498138/lhs/lhs_noise2_paris1_checkpoints/lhs_noise2_paris1_ckpt_022800.pkl
  [22810/100000]  elapsed=20843s  rate=1.1/s  eta=70534s  finite=20318
  [warn] sample 2 failed: 
  [22820/100000]  elapsed=20852s  rate=1.1/s  eta=70524s  finite=20326
  [22830/100000]  elapsed=20861s  rate=1.1/s  eta=70515s  finite=20336
  [22840/100000]  elapsed=20871s  rate=1.1/s  eta=70507s  finite=20345
  [22850/100000]  elapsed=20880s  rate=1.1/s  eta=70498s  finite=20353
  [warn] sample 7 failed: 
  [warn] sample 8 failed: 
  [22860/100000]  elapsed=20888s  rate=1.1/s  eta=70485s  finite=20361
  [22870/100000]  elapsed=20897s  rate=1.1/s  eta=70477s  finite=20371
  [warn] sample 8 failed: 
  [22880/100000]  elapsed=20906s  rate=1.1/s  eta=70466s  finite=20380
  [22890/100000]  elapsed=20915s  rate=1.1/s  eta=70458s  finite=20389
  [22900/100000]  elapsed=20925s  rate=1.1/s  eta=70450s  finite=20399
  -> checkpoint saved: /scratch/e1498138/lhs/lhs_noise2_paris1_checkpoints/lhs_noise2_paris1_ckpt_022900.pkl
  [warn] sample 9 failed: 
  [22910/100000]  elapsed=20933s  rate=1.1/s  eta=70439s  finite=20406
  [22920/100000]  elapsed=20943s  rate=1.1/s  eta=70430s  finite=20416
  [22930/100000]  elapsed=20952s  rate=1.1/s  eta=70422s  finite=20425
  [22940/100000]  elapsed=20962s  rate=1.1/s  eta=70414s  finite=20433
  [22950/100000]  elapsed=20971s  rate=1.1/s  eta=70406s  finite=20442
  [warn] sample 9 failed: 
  [22960/100000]  elapsed=20980s  rate=1.1/s  eta=70395s  finite=20450
  [22970/100000]  elapsed=20989s  rate=1.1/s  eta=70386s  finite=20460
  [warn] sample 3 failed: 
  [22980/100000]  elapsed=20997s  rate=1.1/s  eta=70375s  finite=20467
  [22990/100000]  elapsed=21007s  rate=1.1/s  eta=70367s  finite=20477
  [23000/100000]  elapsed=21016s  rate=1.1/s  eta=70358s  finite=20486
  -> checkpoint saved: /scratch/e1498138/lhs/lhs_noise2_paris1_checkpoints/lhs_noise2_paris1_ckpt_023000.pkl
  [23010/100000]  elapsed=21026s  rate=1.1/s  eta=70351s  finite=20496
  [23020/100000]  elapsed=21035s  rate=1.1/s  eta=70343s  finite=20505
  [23030/100000]  elapsed=21045s  rate=1.1/s  eta=70335s  finite=20513
  [23040/100000]  elapsed=21054s  rate=1.1/s  eta=70326s  finite=20522
  [warn] sample 0 failed: 
  [23050/100000]  elapsed=21063s  rate=1.1/s  eta=70315s  finite=20530
  [23060/100000]  elapsed=21072s  rate=1.1/s  eta=70307s  finite=20539
  [23070/100000]  elapsed=21081s  rate=1.1/s  eta=70299s  finite=20549
  [warn] sample 9 failed: 
  [23080/100000]  elapsed=21090s  rate=1.1/s  eta=70288s  finite=20558
  [warn] sample 5 failed: 
  [23090/100000]  elapsed=21098s  rate=1.1/s  eta=70276s  finite=20567
  [23100/100000]  elapsed=21108s  rate=1.1/s  eta=70268s  finite=20577
  -> checkpoint saved: /scratch/e1498138/lhs/lhs_noise2_paris1_checkpoints/lhs_noise2_paris1_ckpt_023100.pkl
  [23110/100000]  elapsed=21117s  rate=1.1/s  eta=70260s  finite=20585
  [warn] sample 8 failed: 
  [warn] sample 9 failed: 
  [23120/100000]  elapsed=21125s  rate=1.1/s  eta=70247s  finite=20592
  [23130/100000]  elapsed=21135s  rate=1.1/s  eta=70239s  finite=20602
  [23140/100000]  elapsed=21144s  rate=1.1/s  eta=70230s  finite=20610
  [warn] sample 2 failed: 
  [23150/100000]  elapsed=21153s  rate=1.1/s  eta=70219s  finite=20618
  [warn] sample 9 failed: 
  [23160/100000]  elapsed=21161s  rate=1.1/s  eta=70208s  finite=20627
  [23170/100000]  elapsed=21171s  rate=1.1/s  eta=70201s  finite=20636
  [23180/100000]  elapsed=21180s  rate=1.1/s  eta=70193s  finite=20644
  [23190/100000]  elapsed=21190s  rate=1.1/s  eta=70185s  finite=20654
  [23200/100000]  elapsed=21199s  rate=1.1/s  eta=70177s  finite=20664
  -> checkpoint saved: /scratch/e1498138/lhs/lhs_noise2_paris1_checkpoints/lhs_noise2_paris1_ckpt_023200.pkl
  [23210/100000]  elapsed=21209s  rate=1.1/s  eta=70170s  finite=20673
  [23220/100000]  elapsed=21219s  rate=1.1/s  eta=70162s  finite=20682
  [23230/100000]  elapsed=21228s  rate=1.1/s  eta=70154s  finite=20690
  [warn] sample 3 failed: 
  [23240/100000]  elapsed=21237s  rate=1.1/s  eta=70145s  finite=20698
  [23250/100000]  elapsed=21247s  rate=1.1/s  eta=70137s  finite=20708
  [23260/100000]  elapsed=21256s  rate=1.1/s  eta=70129s  finite=20716
  [23270/100000]  elapsed=21266s  rate=1.1/s  eta=70121s  finite=20726
  [23280/100000]  elapsed=21275s  rate=1.1/s  eta=70113s  finite=20736
  [warn] sample 1 failed: 
  [23290/100000]  elapsed=21284s  rate=1.1/s  eta=70102s  finite=20745
  [23300/100000]  elapsed=21293s  rate=1.1/s  eta=70094s  finite=20754
  -> checkpoint saved: /scratch/e1498138/lhs/lhs_noise2_paris1_checkpoints/lhs_noise2_paris1_ckpt_023300.pkl
  [warn] sample 4 failed: 
  [warn] sample 7 failed: 
  [23310/100000]  elapsed=21301s  rate=1.1/s  eta=70080s  finite=20761
  [warn] sample 8 failed: 
  [23320/100000]  elapsed=21309s  rate=1.1/s  eta=70069s  finite=20768
  [23330/100000]  elapsed=21319s  rate=1.1/s  eta=70060s  finite=20777
  [23340/100000]  elapsed=21328s  rate=1.1/s  eta=70053s  finite=20787
  [23350/100000]  elapsed=21338s  rate=1.1/s  eta=70045s  finite=20795
  [23360/100000]  elapsed=21347s  rate=1.1/s  eta=70037s  finite=20805
  [23370/100000]  elapsed=21357s  rate=1.1/s  eta=70030s  finite=20814
  [23380/100000]  elapsed=21367s  rate=1.1/s  eta=70023s  finite=20823
  [23390/100000]  elapsed=21376s  rate=1.1/s  eta=70015s  finite=20831
  [warn] sample 3 failed: 
  [23400/100000]  elapsed=21385s  rate=1.1/s  eta=70004s  finite=20840
  -> checkpoint saved: /scratch/e1498138/lhs/lhs_noise2_paris1_checkpoints/lhs_noise2_paris1_ckpt_023400.pkl
  [23410/100000]  elapsed=21394s  rate=1.1/s  eta=69996s  finite=20849
  [23420/100000]  elapsed=21404s  rate=1.1/s  eta=69987s  finite=20859
  [23430/100000]  elapsed=21413s  rate=1.1/s  eta=69979s  finite=20869
  [23440/100000]  elapsed=21423s  rate=1.1/s  eta=69971s  finite=20878
  [23450/100000]  elapsed=21432s  rate=1.1/s  eta=69963s  finite=20888
  [23460/100000]  elapsed=21441s  rate=1.1/s  eta=69954s  finite=20897
  [23470/100000]  elapsed=21451s  rate=1.1/s  eta=69946s  finite=20907
  [23480/100000]  elapsed=21460s  rate=1.1/s  eta=69938s  finite=20917
  [warn] sample 6 failed: 
  [warn] sample 8 failed: 
  [23490/100000]  elapsed=21468s  rate=1.1/s  eta=69924s  finite=20924
  [warn] sample 3 failed: 
  [23500/100000]  elapsed=21477s  rate=1.1/s  eta=69913s  finite=20932
  -> checkpoint saved: /scratch/e1498138/lhs/lhs_noise2_paris1_checkpoints/lhs_noise2_paris1_ckpt_023500.pkl
  [warn] sample 3 failed: 
  [23510/100000]  elapsed=21485s  rate=1.1/s  eta=69903s  finite=20941
  [warn] sample 3 failed: 
  [warn] sample 6 failed: 
  [23520/100000]  elapsed=21493s  rate=1.1/s  eta=69889s  finite=20949
  [warn] sample 6 failed: 
  [23530/100000]  elapsed=21502s  rate=1.1/s  eta=69878s  finite=20958
  [warn] sample 2 failed: 
  [23540/100000]  elapsed=21510s  rate=1.1/s  eta=69867s  finite=20967
  [23550/100000]  elapsed=21520s  rate=1.1/s  eta=69859s  finite=20977
  [warn] sample 5 failed: 
  [23560/100000]  elapsed=21528s  rate=1.1/s  eta=69848s  finite=20986
  [23570/100000]  elapsed=21538s  rate=1.1/s  eta=69840s  finite=20996
  [warn] sample 4 failed: 
  [23580/100000]  elapsed=21546s  rate=1.1/s  eta=69829s  finite=21003
  [23590/100000]  elapsed=21556s  rate=1.1/s  eta=69820s  finite=21013
  [warn] sample 5 failed: 
  [23600/100000]  elapsed=21564s  rate=1.1/s  eta=69809s  finite=21022
  -> checkpoint saved: /scratch/e1498138/lhs/lhs_noise2_paris1_checkpoints/lhs_noise2_paris1_ckpt_023600.pkl
  [23610/100000]  elapsed=21574s  rate=1.1/s  eta=69801s  finite=21029
  [23620/100000]  elapsed=21583s  rate=1.1/s  eta=69793s  finite=21038
  [23630/100000]  elapsed=21592s  rate=1.1/s  eta=69784s  finite=21047
  [warn] sample 4 failed: 
  [23640/100000]  elapsed=21601s  rate=1.1/s  eta=69774s  finite=21056
  [23650/100000]  elapsed=21610s  rate=1.1/s  eta=69766s  finite=21065
  [23660/100000]  elapsed=21620s  rate=1.1/s  eta=69757s  finite=21074
  [23670/100000]  elapsed=21629s  rate=1.1/s  eta=69749s  finite=21084
  [23680/100000]  elapsed=21639s  rate=1.1/s  eta=69741s  finite=21093
  [23690/100000]  elapsed=21648s  rate=1.1/s  eta=69733s  finite=21103
  [23700/100000]  elapsed=21658s  rate=1.1/s  eta=69725s  finite=21112
  -> checkpoint saved: /scratch/e1498138/lhs/lhs_noise2_paris1_checkpoints/lhs_noise2_paris1_ckpt_023700.pkl
  [23710/100000]  elapsed=21667s  rate=1.1/s  eta=69717s  finite=21119
  [warn] sample 0 failed: 
  [23720/100000]  elapsed=21676s  rate=1.1/s  eta=69706s  finite=21128
  [23730/100000]  elapsed=21685s  rate=1.1/s  eta=69698s  finite=21137
  [23740/100000]  elapsed=21695s  rate=1.1/s  eta=69690s  finite=21147
  [23750/100000]  elapsed=21704s  rate=1.1/s  eta=69682s  finite=21156
  [23760/100000]  elapsed=21713s  rate=1.1/s  eta=69673s  finite=21166
  [warn] sample 7 failed: 
  [23770/100000]  elapsed=21722s  rate=1.1/s  eta=69663s  finite=21174
  [23780/100000]  elapsed=21732s  rate=1.1/s  eta=69655s  finite=21182
  [warn] sample 6 failed: 
  [23790/100000]  elapsed=21741s  rate=1.1/s  eta=69645s  finite=21189
  [23800/100000]  elapsed=21750s  rate=1.1/s  eta=69638s  finite=21197
  -> checkpoint saved: /scratch/e1498138/lhs/lhs_noise2_paris1_checkpoints/lhs_noise2_paris1_ckpt_023800.pkl
  [23810/100000]  elapsed=21760s  rate=1.1/s  eta=69630s  finite=21205
  [23820/100000]  elapsed=21769s  rate=1.1/s  eta=69621s  finite=21213
  [23830/100000]  elapsed=21779s  rate=1.1/s  eta=69614s  finite=21221
  [warn] sample 4 failed: 
  [warn] sample 9 failed: 
  [23840/100000]  elapsed=21787s  rate=1.1/s  eta=69601s  finite=21229
  [23850/100000]  elapsed=21796s  rate=1.1/s  eta=69593s  finite=21239
  [warn] sample 5 failed: 
  [23860/100000]  elapsed=21805s  rate=1.1/s  eta=69583s  finite=21247
  [warn] sample 6 failed: 
  [warn] sample 8 failed: 
  [23870/100000]  elapsed=21813s  rate=1.1/s  eta=69570s  finite=21255
  [23880/100000]  elapsed=21823s  rate=1.1/s  eta=69562s  finite=21264
  [warn] sample 7 failed: 
  [23890/100000]  elapsed=21831s  rate=1.1/s  eta=69551s  finite=21273
  [23900/100000]  elapsed=21841s  rate=1.1/s  eta=69543s  finite=21281
  -> checkpoint saved: /scratch/e1498138/lhs/lhs_noise2_paris1_checkpoints/lhs_noise2_paris1_ckpt_023900.pkl
  [23910/100000]  elapsed=21850s  rate=1.1/s  eta=69535s  finite=21291
  [warn] sample 0 failed: 
  [23920/100000]  elapsed=21859s  rate=1.1/s  eta=69525s  finite=21299
  [warn] sample 5 failed: 
  [warn] sample 9 failed: 
  [23930/100000]  elapsed=21867s  rate=1.1/s  eta=69512s  finite=21306
  [23940/100000]  elapsed=21877s  rate=1.1/s  eta=69504s  finite=21316
  [warn] sample 2 failed: 
  [23950/100000]  elapsed=21885s  rate=1.1/s  eta=69494s  finite=21325
  [23960/100000]  elapsed=21895s  rate=1.1/s  eta=69487s  finite=21335
  [warn] sample 3 failed: 
  [23970/100000]  elapsed=21904s  rate=1.1/s  eta=69476s  finite=21344
  [23980/100000]  elapsed=21913s  rate=1.1/s  eta=69468s  finite=21352
  [warn] sample 3 failed: 
  [23990/100000]  elapsed=21922s  rate=1.1/s  eta=69458s  finite=21360
  [24000/100000]  elapsed=21932s  rate=1.1/s  eta=69450s  finite=21369
  -> checkpoint saved: /scratch/e1498138/lhs/lhs_noise2_paris1_checkpoints/lhs_noise2_paris1_ckpt_024000.pkl
  [24010/100000]  elapsed=21941s  rate=1.1/s  eta=69442s  finite=21374
  [warn] sample 3 failed: 
  [24020/100000]  elapsed=21950s  rate=1.1/s  eta=69432s  finite=21383
  [warn] sample 7 failed: 
  [24030/100000]  elapsed=21959s  rate=1.1/s  eta=69421s  finite=21392
  [warn] sample 1 failed: 
  [24040/100000]  elapsed=21967s  rate=1.1/s  eta=69410s  finite=21399
  [24050/100000]  elapsed=21977s  rate=1.1/s  eta=69403s  finite=21409
  [warn] sample 3 failed: 
  [24060/100000]  elapsed=21986s  rate=1.1/s  eta=69393s  finite=21418
  [24070/100000]  elapsed=21995s  rate=1.1/s  eta=69384s  finite=21426
  [24080/100000]  elapsed=22004s  rate=1.1/s  eta=69376s  finite=21436
  [warn] sample 1 failed: 
  [warn] sample 3 failed: 
  [24090/100000]  elapsed=22012s  rate=1.1/s  eta=69363s  finite=21442
  [24100/100000]  elapsed=22022s  rate=1.1/s  eta=69355s  finite=21450
  -> checkpoint saved: /scratch/e1498138/lhs/lhs_noise2_paris1_checkpoints/lhs_noise2_paris1_ckpt_024100.pkl
  [warn] sample 9 failed: 
  [24110/100000]  elapsed=22030s  rate=1.1/s  eta=69344s  finite=21459
  [24120/100000]  elapsed=22040s  rate=1.1/s  eta=69337s  finite=21468
  [24130/100000]  elapsed=22050s  rate=1.1/s  eta=69329s  finite=21478
  [warn] sample 4 failed: 
  [24140/100000]  elapsed=22058s  rate=1.1/s  eta=69318s  finite=21485
  [24150/100000]  elapsed=22068s  rate=1.1/s  eta=69311s  finite=21494
  [24160/100000]  elapsed=22077s  rate=1.1/s  eta=69303s  finite=21502
  [24170/100000]  elapsed=22087s  rate=1.1/s  eta=69296s  finite=21511
  [24180/100000]  elapsed=22097s  rate=1.1/s  eta=69288s  finite=21521
  [24190/100000]  elapsed=22107s  rate=1.1/s  eta=69280s  finite=21530
  [24200/100000]  elapsed=22116s  rate=1.1/s  eta=69272s  finite=21540
  -> checkpoint saved: /scratch/e1498138/lhs/lhs_noise2_paris1_checkpoints/lhs_noise2_paris1_ckpt_024200.pkl
  [24210/100000]  elapsed=22125s  rate=1.1/s  eta=69264s  finite=21550
  [warn] sample 7 failed: 
  [24220/100000]  elapsed=22134s  rate=1.1/s  eta=69253s  finite=21559
  [24230/100000]  elapsed=22144s  rate=1.1/s  eta=69246s  finite=21569
  [24240/100000]  elapsed=22153s  rate=1.1/s  eta=69238s  finite=21578
  [warn] sample 3 failed: 
  [24250/100000]  elapsed=22162s  rate=1.1/s  eta=69227s  finite=21587
  [warn] sample 5 failed: 
  [24260/100000]  elapsed=22171s  rate=1.1/s  eta=69217s  finite=21596
  [24270/100000]  elapsed=22180s  rate=1.1/s  eta=69209s  finite=21605
  [24280/100000]  elapsed=22190s  rate=1.1/s  eta=69202s  finite=21615
  [24290/100000]  elapsed=22200s  rate=1.1/s  eta=69194s  finite=21625
  [24300/100000]  elapsed=22209s  rate=1.1/s  eta=69186s  finite=21635
  -> checkpoint saved: /scratch/e1498138/lhs/lhs_noise2_paris1_checkpoints/lhs_noise2_paris1_ckpt_024300.pkl
  [24310/100000]  elapsed=22219s  rate=1.1/s  eta=69179s  finite=21645
  [24320/100000]  elapsed=22228s  rate=1.1/s  eta=69171s  finite=21655
  [warn] sample 1 failed: 
  [24330/100000]  elapsed=22237s  rate=1.1/s  eta=69160s  finite=21664
  [24340/100000]  elapsed=22247s  rate=1.1/s  eta=69153s  finite=21673
  [warn] sample 1 failed: 
  [24350/100000]  elapsed=22255s  rate=1.1/s  eta=69142s  finite=21682
  [warn] sample 4 failed: 
  [24360/100000]  elapsed=22264s  rate=1.1/s  eta=69132s  finite=21691
  [warn] sample 0 failed: 
  [24370/100000]  elapsed=22273s  rate=1.1/s  eta=69121s  finite=21700
  [24380/100000]  elapsed=22282s  rate=1.1/s  eta=69113s  finite=21708
  [24390/100000]  elapsed=22292s  rate=1.1/s  eta=69106s  finite=21718
  [24400/100000]  elapsed=22301s  rate=1.1/s  eta=69098s  finite=21725
  -> checkpoint saved: /scratch/e1498138/lhs/lhs_noise2_paris1_checkpoints/lhs_noise2_paris1_ckpt_024400.pkl
  [warn] sample 3 failed: 
  [warn] sample 8 failed: 
  [24410/100000]  elapsed=22310s  rate=1.1/s  eta=69086s  finite=21733
  [24420/100000]  elapsed=22319s  rate=1.1/s  eta=69078s  finite=21743
  [24430/100000]  elapsed=22329s  rate=1.1/s  eta=69070s  finite=21751
  [warn] sample 1 failed: 
  [24440/100000]  elapsed=22338s  rate=1.1/s  eta=69060s  finite=21759
  [24450/100000]  elapsed=22347s  rate=1.1/s  eta=69052s  finite=21768
  [warn] sample 5 failed: 
  [24460/100000]  elapsed=22356s  rate=1.1/s  eta=69041s  finite=21775
  [24470/100000]  elapsed=22365s  rate=1.1/s  eta=69033s  finite=21785
  [warn] sample 0 failed: 
  [24480/100000]  elapsed=22374s  rate=1.1/s  eta=69023s  finite=21793
  [warn] sample 0 failed: 
  [24490/100000]  elapsed=22383s  rate=1.1/s  eta=69012s  finite=21801
  [24500/100000]  elapsed=22392s  rate=1.1/s  eta=69004s  finite=21809
  -> checkpoint saved: /scratch/e1498138/lhs/lhs_noise2_paris1_checkpoints/lhs_noise2_paris1_ckpt_024500.pkl
  [24510/100000]  elapsed=22402s  rate=1.1/s  eta=68997s  finite=21818
  [warn] sample 6 failed: 
  [24520/100000]  elapsed=22410s  rate=1.1/s  eta=68986s  finite=21825
  [24530/100000]  elapsed=22420s  rate=1.1/s  eta=68978s  finite=21834
  [24540/100000]  elapsed=22429s  rate=1.1/s  eta=68970s  finite=21844
  [24550/100000]  elapsed=22444s  rate=1.1/s  eta=68978s  finite=21853
  [24560/100000]  elapsed=22454s  rate=1.1/s  eta=68971s  finite=21862
  [24570/100000]  elapsed=22463s  rate=1.1/s  eta=68962s  finite=21872
  [24580/100000]  elapsed=22473s  rate=1.1/s  eta=68954s  finite=21881
  [warn] sample 1 failed: 
  [warn] sample 4 failed: 
  [24590/100000]  elapsed=22481s  rate=1.1/s  eta=68941s  finite=21889
  [warn] sample 9 failed: 
  [24600/100000]  elapsed=22489s  rate=1.1/s  eta=68931s  finite=21898
  -> checkpoint saved: /scratch/e1498138/lhs/lhs_noise2_paris1_checkpoints/lhs_noise2_paris1_ckpt_024600.pkl
  [warn] sample 4 failed: 
  [24610/100000]  elapsed=22498s  rate=1.1/s  eta=68921s  finite=21905
  [warn] sample 4 failed: 
  [24620/100000]  elapsed=22507s  rate=1.1/s  eta=68911s  finite=21913
  [warn] sample 3 failed: 
  [24630/100000]  elapsed=22516s  rate=1.1/s  eta=68901s  finite=21922
  [24640/100000]  elapsed=22525s  rate=1.1/s  eta=68893s  finite=21931
  [warn] sample 0 failed: 
  [24650/100000]  elapsed=22534s  rate=1.1/s  eta=68883s  finite=21940
  [24660/100000]  elapsed=22544s  rate=1.1/s  eta=68875s  finite=21948
  [warn] sample 1 failed: 
  [24670/100000]  elapsed=22552s  rate=1.1/s  eta=68864s  finite=21957
  [24680/100000]  elapsed=22562s  rate=1.1/s  eta=68857s  finite=21967
  [24690/100000]  elapsed=22572s  rate=1.1/s  eta=68849s  finite=21975
  [24700/100000]  elapsed=22581s  rate=1.1/s  eta=68841s  finite=21984
  -> checkpoint saved: /scratch/e1498138/lhs/lhs_noise2_paris1_checkpoints/lhs_noise2_paris1_ckpt_024700.pkl
  [24710/100000]  elapsed=22591s  rate=1.1/s  eta=68833s  finite=21992
  [warn] sample 6 failed: 
  [24720/100000]  elapsed=22600s  rate=1.1/s  eta=68823s  finite=22001
  [24730/100000]  elapsed=22609s  rate=1.1/s  eta=68815s  finite=22010
  [24740/100000]  elapsed=22619s  rate=1.1/s  eta=68808s  finite=22019
  [24750/100000]  elapsed=22628s  rate=1.1/s  eta=68800s  finite=22029
  [24760/100000]  elapsed=22638s  rate=1.1/s  eta=68791s  finite=22039
  [24770/100000]  elapsed=22647s  rate=1.1/s  eta=68783s  finite=22048
  [warn] sample 8 failed: 
  [24780/100000]  elapsed=22656s  rate=1.1/s  eta=68772s  finite=22055
  [warn] sample 6 failed: 
  [24790/100000]  elapsed=22665s  rate=1.1/s  eta=68762s  finite=22063
  [24800/100000]  elapsed=22674s  rate=1.1/s  eta=68753s  finite=22072
  -> checkpoint saved: /scratch/e1498138/lhs/lhs_noise2_paris1_checkpoints/lhs_noise2_paris1_ckpt_024800.pkl
  [24810/100000]  elapsed=22684s  rate=1.1/s  eta=68746s  finite=22082
  [24820/100000]  elapsed=22693s  rate=1.1/s  eta=68737s  finite=22092
  [24830/100000]  elapsed=22702s  rate=1.1/s  eta=68728s  finite=22101
  [warn] sample 8 failed: 
  [warn] sample 9 failed: 
  [24840/100000]  elapsed=22710s  rate=1.1/s  eta=68715s  finite=22107
  [24850/100000]  elapsed=22719s  rate=1.1/s  eta=68707s  finite=22116
  [24860/100000]  elapsed=22729s  rate=1.1/s  eta=68698s  finite=22125
  [warn] sample 1 failed: 
  [24870/100000]  elapsed=22738s  rate=1.1/s  eta=68688s  finite=22132
  [warn] sample 1 failed: 
  [warn] sample 6 failed: 
  [24880/100000]  elapsed=22745s  rate=1.1/s  eta=68675s  finite=22139
  [warn] sample 8 failed: 
  [24890/100000]  elapsed=22754s  rate=1.1/s  eta=68665s  finite=22147
  [warn] sample 9 failed: 
  [24900/100000]  elapsed=22763s  rate=1.1/s  eta=68654s  finite=22155
  -> checkpoint saved: /scratch/e1498138/lhs/lhs_noise2_paris1_checkpoints/lhs_noise2_paris1_ckpt_024900.pkl
  [24910/100000]  elapsed=22773s  rate=1.1/s  eta=68647s  finite=22163
  [24920/100000]  elapsed=22782s  rate=1.1/s  eta=68639s  finite=22172
  [24930/100000]  elapsed=22792s  rate=1.1/s  eta=68631s  finite=22182
  [24940/100000]  elapsed=22802s  rate=1.1/s  eta=68624s  finite=22192
  [24950/100000]  elapsed=22811s  rate=1.1/s  eta=68616s  finite=22201
  [24960/100000]  elapsed=22821s  rate=1.1/s  eta=68609s  finite=22211
  [24970/100000]  elapsed=22830s  rate=1.1/s  eta=68601s  finite=22220
  [24980/100000]  elapsed=22840s  rate=1.1/s  eta=68593s  finite=22229
  [warn] sample 5 failed: 
  [24990/100000]  elapsed=22849s  rate=1.1/s  eta=68583s  finite=22238
  [25000/100000]  elapsed=22859s  rate=1.1/s  eta=68576s  finite=22248
  -> checkpoint saved: /scratch/e1498138/lhs/lhs_noise2_paris1_checkpoints/lhs_noise2_paris1_ckpt_025000.pkl
  [25010/100000]  elapsed=22868s  rate=1.1/s  eta=68568s  finite=22258
  [25020/100000]  elapsed=22877s  rate=1.1/s  eta=68559s  finite=22268
  [25030/100000]  elapsed=22887s  rate=1.1/s  eta=68551s  finite=22278
  [25040/100000]  elapsed=22896s  rate=1.1/s  eta=68542s  finite=22287
  [25050/100000]  elapsed=22906s  rate=1.1/s  eta=68535s  finite=22296
  [25060/100000]  elapsed=22915s  rate=1.1/s  eta=68527s  finite=22304
  [25070/100000]  elapsed=22925s  rate=1.1/s  eta=68518s  finite=22311
  [warn] sample 0 failed: 
  [25080/100000]  elapsed=22933s  rate=1.1/s  eta=68507s  finite=22318
  [warn] sample 8 failed: 
  [25090/100000]  elapsed=22942s  rate=1.1/s  eta=68496s  finite=22325
  [25100/100000]  elapsed=22951s  rate=1.1/s  eta=68488s  finite=22335
  -> checkpoint saved: /scratch/e1498138/lhs/lhs_noise2_paris1_checkpoints/lhs_noise2_paris1_ckpt_025100.pkl
  [warn] sample 4 failed: 
  [25110/100000]  elapsed=22960s  rate=1.1/s  eta=68478s  finite=22344
  [25120/100000]  elapsed=22970s  rate=1.1/s  eta=68470s  finite=22352
  [warn] sample 9 failed: 
  [25130/100000]  elapsed=22978s  rate=1.1/s  eta=68459s  finite=22361
  [25140/100000]  elapsed=22988s  rate=1.1/s  eta=68451s  finite=22371
  [warn] sample 1 failed: 
  [25150/100000]  elapsed=22996s  rate=1.1/s  eta=68439s  finite=22379
  [25160/100000]  elapsed=23005s  rate=1.1/s  eta=68431s  finite=22387
  [warn] sample 8 failed: 
  [25170/100000]  elapsed=23014s  rate=1.1/s  eta=68420s  finite=22396
  [25180/100000]  elapsed=23024s  rate=1.1/s  eta=68413s  finite=22405
  [25190/100000]  elapsed=23033s  rate=1.1/s  eta=68405s  finite=22414
  [25200/100000]  elapsed=23042s  rate=1.1/s  eta=68396s  finite=22422
  -> checkpoint saved: /scratch/e1498138/lhs/lhs_noise2_paris1_checkpoints/lhs_noise2_paris1_ckpt_025200.pkl
  [25210/100000]  elapsed=23052s  rate=1.1/s  eta=68388s  finite=22429
  [25220/100000]  elapsed=23061s  rate=1.1/s  eta=68379s  finite=22437
  [25230/100000]  elapsed=23071s  rate=1.1/s  eta=68372s  finite=22446
  [25240/100000]  elapsed=23080s  rate=1.1/s  eta=68363s  finite=22455
  [25250/100000]  elapsed=23090s  rate=1.1/s  eta=68354s  finite=22465
  [warn] sample 8 failed: 
  [25260/100000]  elapsed=23098s  rate=1.1/s  eta=68344s  finite=22472
  [25270/100000]  elapsed=23108s  rate=1.1/s  eta=68335s  finite=22481
  [warn] sample 2 failed: 
  [warn] sample 9 failed: 
  [25280/100000]  elapsed=23115s  rate=1.1/s  eta=68322s  finite=22488
  [warn] sample 4 failed: 
  [25290/100000]  elapsed=23124s  rate=1.1/s  eta=68311s  finite=22497
  [25300/100000]  elapsed=23133s  rate=1.1/s  eta=68303s  finite=22506
  -> checkpoint saved: /scratch/e1498138/lhs/lhs_noise2_paris1_checkpoints/lhs_noise2_paris1_ckpt_025300.pkl
  [25310/100000]  elapsed=23143s  rate=1.1/s  eta=68295s  finite=22514
  [warn] sample 4 failed: 
  [25320/100000]  elapsed=23151s  rate=1.1/s  eta=68284s  finite=22521
  [25330/100000]  elapsed=23161s  rate=1.1/s  eta=68276s  finite=22528
  [25340/100000]  elapsed=23170s  rate=1.1/s  eta=68268s  finite=22538
  [25350/100000]  elapsed=23180s  rate=1.1/s  eta=68259s  finite=22548
  [25360/100000]  elapsed=23189s  rate=1.1/s  eta=68251s  finite=22557
  [25370/100000]  elapsed=23199s  rate=1.1/s  eta=68242s  finite=22566
  [25380/100000]  elapsed=23208s  rate=1.1/s  eta=68234s  finite=22576
  [warn] sample 2 failed: 
  [25390/100000]  elapsed=23217s  rate=1.1/s  eta=68223s  finite=22585
  [warn] sample 7 failed: 
  [25400/100000]  elapsed=23225s  rate=1.1/s  eta=68212s  finite=22593
  -> checkpoint saved: /scratch/e1498138/lhs/lhs_noise2_paris1_checkpoints/lhs_noise2_paris1_ckpt_025400.pkl
  [25410/100000]  elapsed=23235s  rate=1.1/s  eta=68204s  finite=22603
  [warn] sample 6 failed: 
  [25420/100000]  elapsed=23243s  rate=1.1/s  eta=68193s  finite=22610
  [warn] sample 0 failed: 
  [25430/100000]  elapsed=23252s  rate=1.1/s  eta=68183s  finite=22618
  [warn] sample 3 failed: 
  [25440/100000]  elapsed=23260s  rate=1.1/s  eta=68172s  finite=22626
  [warn] sample 9 failed: 
  [25450/100000]  elapsed=23269s  rate=1.1/s  eta=68161s  finite=22635
  [25460/100000]  elapsed=23278s  rate=1.1/s  eta=68153s  finite=22645
  [25470/100000]  elapsed=23288s  rate=1.1/s  eta=68144s  finite=22654
  [25480/100000]  elapsed=23297s  rate=1.1/s  eta=68136s  finite=22663
  [warn] sample 4 failed: 
  [25490/100000]  elapsed=23306s  rate=1.1/s  eta=68125s  finite=22671
  [25500/100000]  elapsed=23315s  rate=1.1/s  eta=68117s  finite=22681
  -> checkpoint saved: /scratch/e1498138/lhs/lhs_noise2_paris1_checkpoints/lhs_noise2_paris1_ckpt_025500.pkl
  [25510/100000]  elapsed=23325s  rate=1.1/s  eta=68109s  finite=22691
  [25520/100000]  elapsed=23334s  rate=1.1/s  eta=68100s  finite=22700
  [25530/100000]  elapsed=23344s  rate=1.1/s  eta=68092s  finite=22709
  [25540/100000]  elapsed=23353s  rate=1.1/s  eta=68084s  finite=22717
  [25550/100000]  elapsed=23362s  rate=1.1/s  eta=68075s  finite=22724
  [25560/100000]  elapsed=23372s  rate=1.1/s  eta=68067s  finite=22734
  [25570/100000]  elapsed=23381s  rate=1.1/s  eta=68058s  finite=22744
  [25580/100000]  elapsed=23391s  rate=1.1/s  eta=68050s  finite=22754
  [warn] sample 4 failed: 
  [25590/100000]  elapsed=23399s  rate=1.1/s  eta=68039s  finite=22763
  [25600/100000]  elapsed=23409s  rate=1.1/s  eta=68031s  finite=22771
  -> checkpoint saved: /scratch/e1498138/lhs/lhs_noise2_paris1_checkpoints/lhs_noise2_paris1_ckpt_025600.pkl
  [25610/100000]  elapsed=23418s  rate=1.1/s  eta=68023s  finite=22780
  [warn] sample 5 failed: 
  [25620/100000]  elapsed=23427s  rate=1.1/s  eta=68013s  finite=22789
  [25630/100000]  elapsed=23436s  rate=1.1/s  eta=68005s  finite=22798
  [warn] sample 5 failed: 
  [warn] sample 6 failed: 
  [25640/100000]  elapsed=23444s  rate=1.1/s  eta=67992s  finite=22805
  [warn] sample 6 failed: 
  [25650/100000]  elapsed=23453s  rate=1.1/s  eta=67981s  finite=22813
  [25660/100000]  elapsed=23462s  rate=1.1/s  eta=67973s  finite=22822
  [25670/100000]  elapsed=23472s  rate=1.1/s  eta=67965s  finite=22832
  [25680/100000]  elapsed=23481s  rate=1.1/s  eta=67957s  finite=22841
  [warn] sample 0 failed: 
  [25690/100000]  elapsed=23490s  rate=1.1/s  eta=67946s  finite=22850
  [warn] sample 5 failed: 
  [25700/100000]  elapsed=23499s  rate=1.1/s  eta=67935s  finite=22858
  -> checkpoint saved: /scratch/e1498138/lhs/lhs_noise2_paris1_checkpoints/lhs_noise2_paris1_ckpt_025700.pkl
  [25710/100000]  elapsed=23508s  rate=1.1/s  eta=67927s  finite=22868
  [25720/100000]  elapsed=23517s  rate=1.1/s  eta=67918s  finite=22877
  [25730/100000]  elapsed=23526s  rate=1.1/s  eta=67909s  finite=22886
  [25740/100000]  elapsed=23536s  rate=1.1/s  eta=67901s  finite=22896
  [warn] sample 8 failed: 
  [25750/100000]  elapsed=23544s  rate=1.1/s  eta=67890s  finite=22905
  [warn] sample 5 failed: 
  [25760/100000]  elapsed=23553s  rate=1.1/s  eta=67879s  finite=22913
  [25770/100000]  elapsed=23562s  rate=1.1/s  eta=67871s  finite=22922
  [25780/100000]  elapsed=23572s  rate=1.1/s  eta=67862s  finite=22931
  [25790/100000]  elapsed=23581s  rate=1.1/s  eta=67854s  finite=22941
  [25800/100000]  elapsed=23591s  rate=1.1/s  eta=67846s  finite=22950
  -> checkpoint saved: /scratch/e1498138/lhs/lhs_noise2_paris1_checkpoints/lhs_noise2_paris1_ckpt_025800.pkl
  [25810/100000]  elapsed=23600s  rate=1.1/s  eta=67837s  finite=22960
  [25820/100000]  elapsed=23609s  rate=1.1/s  eta=67829s  finite=22970
  [warn] sample 2 failed: 
  [warn] sample 5 failed: 
  [25830/100000]  elapsed=23617s  rate=1.1/s  eta=67816s  finite=22976
  [warn] sample 2 failed: 
  [25840/100000]  elapsed=23626s  rate=1.1/s  eta=67805s  finite=22985
  [warn] sample 3 failed: 
  [warn] sample 6 failed: 
  [25850/100000]  elapsed=23633s  rate=1.1/s  eta=67791s  finite=22991
  [25860/100000]  elapsed=23643s  rate=1.1/s  eta=67783s  finite=23001
  [warn] sample 6 failed: 
  [25870/100000]  elapsed=23651s  rate=1.1/s  eta=67772s  finite=23010
  [25880/100000]  elapsed=23661s  rate=1.1/s  eta=67764s  finite=23019
  [warn] sample 5 failed: 
  [25890/100000]  elapsed=23669s  rate=1.1/s  eta=67754s  finite=23028
  [25900/100000]  elapsed=23679s  rate=1.1/s  eta=67745s  finite=23038
  -> checkpoint saved: /scratch/e1498138/lhs/lhs_noise2_paris1_checkpoints/lhs_noise2_paris1_ckpt_025900.pkl
  [25910/100000]  elapsed=23688s  rate=1.1/s  eta=67737s  finite=23048
  [warn] sample 5 failed: 
  [25920/100000]  elapsed=23697s  rate=1.1/s  eta=67727s  finite=23055
  [25930/100000]  elapsed=23706s  rate=1.1/s  eta=67718s  finite=23065
  [25940/100000]  elapsed=23716s  rate=1.1/s  eta=67710s  finite=23074
  [25950/100000]  elapsed=23725s  rate=1.1/s  eta=67702s  finite=23084
  [warn] sample 1 failed: 
  [25960/100000]  elapsed=23734s  rate=1.1/s  eta=67691s  finite=23093
  [25970/100000]  elapsed=23743s  rate=1.1/s  eta=67683s  finite=23103
  [25980/100000]  elapsed=23753s  rate=1.1/s  eta=67674s  finite=23112
  [25990/100000]  elapsed=23762s  rate=1.1/s  eta=67666s  finite=23121
  [warn] sample 2 failed: 
  [26000/100000]  elapsed=23771s  rate=1.1/s  eta=67655s  finite=23129
  -> checkpoint saved: /scratch/e1498138/lhs/lhs_noise2_paris1_checkpoints/lhs_noise2_paris1_ckpt_026000.pkl
  [26010/100000]  elapsed=23780s  rate=1.1/s  eta=67646s  finite=23138
  [26020/100000]  elapsed=23789s  rate=1.1/s  eta=67637s  finite=23148
  [26030/100000]  elapsed=23799s  rate=1.1/s  eta=67629s  finite=23157
  [warn] sample 2 failed: 
  [26040/100000]  elapsed=23807s  rate=1.1/s  eta=67619s  finite=23166
  [26050/100000]  elapsed=23817s  rate=1.1/s  eta=67610s  finite=23174
  [26060/100000]  elapsed=23826s  rate=1.1/s  eta=67602s  finite=23184
  [26070/100000]  elapsed=23835s  rate=1.1/s  eta=67593s  finite=23192
  [26080/100000]  elapsed=23845s  rate=1.1/s  eta=67585s  finite=23202
  [26090/100000]  elapsed=23854s  rate=1.1/s  eta=67576s  finite=23211
  [26100/100000]  elapsed=23864s  rate=1.1/s  eta=67568s  finite=23221
  -> checkpoint saved: /scratch/e1498138/lhs/lhs_noise2_paris1_checkpoints/lhs_noise2_paris1_ckpt_026100.pkl
  [26110/100000]  elapsed=23873s  rate=1.1/s  eta=67560s  finite=23230
  [26120/100000]  elapsed=23883s  rate=1.1/s  eta=67552s  finite=23240
  [warn] sample 6 failed: 
  [26130/100000]  elapsed=23891s  rate=1.1/s  eta=67541s  finite=23248
  [26140/100000]  elapsed=23901s  rate=1.1/s  eta=67533s  finite=23257
  [26150/100000]  elapsed=23910s  rate=1.1/s  eta=67525s  finite=23266
  [warn] sample 3 failed: 
  [warn] sample 7 failed: 
  [26160/100000]  elapsed=23918s  rate=1.1/s  eta=67511s  finite=23274
  [26170/100000]  elapsed=23927s  rate=1.1/s  eta=67503s  finite=23283
  [warn] sample 7 failed: 
  [26180/100000]  elapsed=23936s  rate=1.1/s  eta=67492s  finite=23291
  [26190/100000]  elapsed=23945s  rate=1.1/s  eta=67484s  finite=23299
  [26200/100000]  elapsed=23955s  rate=1.1/s  eta=67475s  finite=23307
  -> checkpoint saved: /scratch/e1498138/lhs/lhs_noise2_paris1_checkpoints/lhs_noise2_paris1_ckpt_026200.pkl
  [26210/100000]  elapsed=23964s  rate=1.1/s  eta=67468s  finite=23317
  [26220/100000]  elapsed=23974s  rate=1.1/s  eta=67459s  finite=23327
  [26230/100000]  elapsed=23983s  rate=1.1/s  eta=67451s  finite=23336
  [26240/100000]  elapsed=23993s  rate=1.1/s  eta=67443s  finite=23345
  [26250/100000]  elapsed=24002s  rate=1.1/s  eta=67434s  finite=23355
  [26260/100000]  elapsed=24012s  rate=1.1/s  eta=67427s  finite=23363
  [26270/100000]  elapsed=24021s  rate=1.1/s  eta=67418s  finite=23372
  [warn] sample 3 failed: 
  [26280/100000]  elapsed=24030s  rate=1.1/s  eta=67408s  finite=23380
  [26290/100000]  elapsed=24039s  rate=1.1/s  eta=67399s  finite=23390
  [26300/100000]  elapsed=24049s  rate=1.1/s  eta=67391s  finite=23400
  -> checkpoint saved: /scratch/e1498138/lhs/lhs_noise2_paris1_checkpoints/lhs_noise2_paris1_ckpt_026300.pkl
  [26310/100000]  elapsed=24058s  rate=1.1/s  eta=67383s  finite=23409
  [26320/100000]  elapsed=24068s  rate=1.1/s  eta=67375s  finite=23419
  [26330/100000]  elapsed=24077s  rate=1.1/s  eta=67366s  finite=23429
  [26340/100000]  elapsed=24086s  rate=1.1/s  eta=67357s  finite=23438
  [26350/100000]  elapsed=24096s  rate=1.1/s  eta=67350s  finite=23448
  [26360/100000]  elapsed=24106s  rate=1.1/s  eta=67342s  finite=23458
  [26370/100000]  elapsed=24120s  rate=1.1/s  eta=67347s  finite=23467
  [warn] sample 7 failed: 
  [26380/100000]  elapsed=24128s  rate=1.1/s  eta=67336s  finite=23476
  [warn] sample 5 failed: 
  [26390/100000]  elapsed=24137s  rate=1.1/s  eta=67326s  finite=23485
  [26400/100000]  elapsed=24146s  rate=1.1/s  eta=67317s  finite=23494
  -> checkpoint saved: /scratch/e1498138/lhs/lhs_noise2_paris1_checkpoints/lhs_noise2_paris1_ckpt_026400.pkl
  [26410/100000]  elapsed=24156s  rate=1.1/s  eta=67309s  finite=23503
  [26420/100000]  elapsed=24165s  rate=1.1/s  eta=67300s  finite=23513
  [26430/100000]  elapsed=24175s  rate=1.1/s  eta=67292s  finite=23523
  [26440/100000]  elapsed=24184s  rate=1.1/s  eta=67283s  finite=23532
  [26450/100000]  elapsed=24193s  rate=1.1/s  eta=67274s  finite=23542
  [warn] sample 9 failed: 
  [26460/100000]  elapsed=24202s  rate=1.1/s  eta=67263s  finite=23551
  [26470/100000]  elapsed=24211s  rate=1.1/s  eta=67255s  finite=23561
  [26480/100000]  elapsed=24220s  rate=1.1/s  eta=67246s  finite=23570
  [26490/100000]  elapsed=24230s  rate=1.1/s  eta=67238s  finite=23579
  [26500/100000]  elapsed=24239s  rate=1.1/s  eta=67229s  finite=23589
  -> checkpoint saved: /scratch/e1498138/lhs/lhs_noise2_paris1_checkpoints/lhs_noise2_paris1_ckpt_026500.pkl
  [26510/100000]  elapsed=24249s  rate=1.1/s  eta=67221s  finite=23598
  [26520/100000]  elapsed=24258s  rate=1.1/s  eta=67212s  finite=23604
  [26530/100000]  elapsed=24267s  rate=1.1/s  eta=67204s  finite=23614
  [warn] sample 1 failed: 
  [26540/100000]  elapsed=24276s  rate=1.1/s  eta=67193s  finite=23622
  [warn] sample 7 failed: 
  [26550/100000]  elapsed=24284s  rate=1.1/s  eta=67182s  finite=23631
  [warn] sample 1 failed: 
  [warn] sample 2 failed: 
  [26560/100000]  elapsed=24292s  rate=1.1/s  eta=67169s  finite=23637
  [26570/100000]  elapsed=24301s  rate=1.1/s  eta=67161s  finite=23647
  [26580/100000]  elapsed=24311s  rate=1.1/s  eta=67152s  finite=23655
  [26590/100000]  elapsed=24320s  rate=1.1/s  eta=67144s  finite=23663
  [warn] sample 7 failed: 
  [26600/100000]  elapsed=24329s  rate=1.1/s  eta=67133s  finite=23672
  -> checkpoint saved: /scratch/e1498138/lhs/lhs_noise2_paris1_checkpoints/lhs_noise2_paris1_ckpt_026600.pkl
  [warn] sample 6 failed: 
  [26610/100000]  elapsed=24338s  rate=1.1/s  eta=67123s  finite=23681
  [26620/100000]  elapsed=24347s  rate=1.1/s  eta=67115s  finite=23691
  [warn] sample 0 failed: 
  [26630/100000]  elapsed=24356s  rate=1.1/s  eta=67104s  finite=23700
  [26640/100000]  elapsed=24365s  rate=1.1/s  eta=67096s  finite=23710
  [26650/100000]  elapsed=24374s  rate=1.1/s  eta=67087s  finite=23719
  [warn] sample 0 failed: 
  [26660/100000]  elapsed=24383s  rate=1.1/s  eta=67076s  finite=23726
  [26670/100000]  elapsed=24392s  rate=1.1/s  eta=67068s  finite=23734
  [warn] sample 8 failed: 
  [26680/100000]  elapsed=24401s  rate=1.1/s  eta=67057s  finite=23743
  [warn] sample 5 failed: 
  [26690/100000]  elapsed=24409s  rate=1.1/s  eta=67046s  finite=23751
  [26700/100000]  elapsed=24419s  rate=1.1/s  eta=67039s  finite=23760
  -> checkpoint saved: /scratch/e1498138/lhs/lhs_noise2_paris1_checkpoints/lhs_noise2_paris1_ckpt_026700.pkl
  [26710/100000]  elapsed=24429s  rate=1.1/s  eta=67030s  finite=23769
  [26720/100000]  elapsed=24438s  rate=1.1/s  eta=67022s  finite=23779
  [26730/100000]  elapsed=24448s  rate=1.1/s  eta=67014s  finite=23787
  [warn] sample 7 failed: 
  [26740/100000]  elapsed=24456s  rate=1.1/s  eta=67003s  finite=23796
  [26750/100000]  elapsed=24466s  rate=1.1/s  eta=66995s  finite=23806
  [26760/100000]  elapsed=24475s  rate=1.1/s  eta=66987s  finite=23816
  [warn] sample 0 failed: 
  [26770/100000]  elapsed=24484s  rate=1.1/s  eta=66976s  finite=23825
  [26780/100000]  elapsed=24493s  rate=1.1/s  eta=66968s  finite=23834
  [26790/100000]  elapsed=24503s  rate=1.1/s  eta=66959s  finite=23844
  [26800/100000]  elapsed=24512s  rate=1.1/s  eta=66951s  finite=23854
  -> checkpoint saved: /scratch/e1498138/lhs/lhs_noise2_paris1_checkpoints/lhs_noise2_paris1_ckpt_026800.pkl
  [26810/100000]  elapsed=24521s  rate=1.1/s  eta=66942s  finite=23864
  [26820/100000]  elapsed=24531s  rate=1.1/s  eta=66934s  finite=23874
  [warn] sample 9 failed: 
  [26830/100000]  elapsed=24539s  rate=1.1/s  eta=66923s  finite=23882
  [warn] sample 6 failed: 
  [26840/100000]  elapsed=24548s  rate=1.1/s  eta=66912s  finite=23888
  [warn] sample 0 failed: 
  [26850/100000]  elapsed=24557s  rate=1.1/s  eta=66902s  finite=23897
  [26860/100000]  elapsed=24566s  rate=1.1/s  eta=66893s  finite=23907
  [26870/100000]  elapsed=24575s  rate=1.1/s  eta=66885s  finite=23917
  [26880/100000]  elapsed=24585s  rate=1.1/s  eta=66876s  finite=23927
  [warn] sample 6 failed: 
  [26890/100000]  elapsed=24593s  rate=1.1/s  eta=66866s  finite=23936
  [26900/100000]  elapsed=24603s  rate=1.1/s  eta=66857s  finite=23945
  -> checkpoint saved: /scratch/e1498138/lhs/lhs_noise2_paris1_checkpoints/lhs_noise2_paris1_ckpt_026900.pkl
  [26910/100000]  elapsed=24612s  rate=1.1/s  eta=66849s  finite=23954
  [26920/100000]  elapsed=24622s  rate=1.1/s  eta=66841s  finite=23964
  [26930/100000]  elapsed=24631s  rate=1.1/s  eta=66833s  finite=23972
  [26940/100000]  elapsed=24641s  rate=1.1/s  eta=66825s  finite=23982
  [warn] sample 8 failed: 
  [26950/100000]  elapsed=24649s  rate=1.1/s  eta=66814s  finite=23990
  [26960/100000]  elapsed=24659s  rate=1.1/s  eta=66806s  finite=23999
  [warn] sample 5 failed: 
  [26970/100000]  elapsed=24667s  rate=1.1/s  eta=66795s  finite=24008
  [26980/100000]  elapsed=24677s  rate=1.1/s  eta=66787s  finite=24017
  [warn] sample 5 failed: 
  [warn] sample 7 failed: 
  [warn] sample 9 failed: 
  [26990/100000]  elapsed=24684s  rate=1.1/s  eta=66772s  finite=24023
  [27000/100000]  elapsed=24694s  rate=1.1/s  eta=66764s  finite=24033
  -> checkpoint saved: /scratch/e1498138/lhs/lhs_noise2_paris1_checkpoints/lhs_noise2_paris1_ckpt_027000.pkl
  [27010/100000]  elapsed=24703s  rate=1.1/s  eta=66756s  finite=24043
  [27020/100000]  elapsed=24712s  rate=1.1/s  eta=66747s  finite=24052
  [27030/100000]  elapsed=24722s  rate=1.1/s  eta=66738s  finite=24062
  [27040/100000]  elapsed=24731s  rate=1.1/s  eta=66730s  finite=24071
  [27050/100000]  elapsed=24740s  rate=1.1/s  eta=66721s  finite=24080
  [27060/100000]  elapsed=24750s  rate=1.1/s  eta=66714s  finite=24090
  [warn] sample 0 failed: 
  [27070/100000]  elapsed=24759s  rate=1.1/s  eta=66704s  finite=24099
  [27080/100000]  elapsed=24768s  rate=1.1/s  eta=66696s  finite=24109
  [warn] sample 7 failed: 
  [27090/100000]  elapsed=24777s  rate=1.1/s  eta=66685s  finite=24118
  [27100/100000]  elapsed=24787s  rate=1.1/s  eta=66677s  finite=24127
  -> checkpoint saved: /scratch/e1498138/lhs/lhs_noise2_paris1_checkpoints/lhs_noise2_paris1_ckpt_027100.pkl
  [27110/100000]  elapsed=24796s  rate=1.1/s  eta=66669s  finite=24137
  [warn] sample 1 failed: 
  [27120/100000]  elapsed=24805s  rate=1.1/s  eta=66659s  finite=24144
  [27130/100000]  elapsed=24814s  rate=1.1/s  eta=66650s  finite=24152
  [27140/100000]  elapsed=24824s  rate=1.1/s  eta=66642s  finite=24161
  [warn] sample 4 failed: 
  [27150/100000]  elapsed=24832s  rate=1.1/s  eta=66631s  finite=24169
  [warn] sample 6 failed: 
  [27160/100000]  elapsed=24841s  rate=1.1/s  eta=66621s  finite=24177
  [27170/100000]  elapsed=24851s  rate=1.1/s  eta=66613s  finite=24186
  [27180/100000]  elapsed=24860s  rate=1.1/s  eta=66604s  finite=24195
  [27190/100000]  elapsed=24869s  rate=1.1/s  eta=66596s  finite=24204
  [27200/100000]  elapsed=24879s  rate=1.1/s  eta=66588s  finite=24212
  -> checkpoint saved: /scratch/e1498138/lhs/lhs_noise2_paris1_checkpoints/lhs_noise2_paris1_ckpt_027200.pkl
  [warn] sample 5 failed: 
  [27210/100000]  elapsed=24888s  rate=1.1/s  eta=66577s  finite=24220
  [27220/100000]  elapsed=24897s  rate=1.1/s  eta=66569s  finite=24230
  [27230/100000]  elapsed=24907s  rate=1.1/s  eta=66561s  finite=24238
  [27240/100000]  elapsed=24916s  rate=1.1/s  eta=66553s  finite=24248
  [27250/100000]  elapsed=24926s  rate=1.1/s  eta=66545s  finite=24258
  [warn] sample 4 failed: 
  [27260/100000]  elapsed=24934s  rate=1.1/s  eta=66534s  finite=24267
  [27270/100000]  elapsed=24944s  rate=1.1/s  eta=66527s  finite=24277
  [warn] sample 0 failed: 
  [27280/100000]  elapsed=24953s  rate=1.1/s  eta=66517s  finite=24286
  [warn] sample 0 failed: 
  [27290/100000]  elapsed=24962s  rate=1.1/s  eta=66506s  finite=24293
  [27300/100000]  elapsed=24971s  rate=1.1/s  eta=66498s  finite=24303
  -> checkpoint saved: /scratch/e1498138/lhs/lhs_noise2_paris1_checkpoints/lhs_noise2_paris1_ckpt_027300.pkl
  [27310/100000]  elapsed=24980s  rate=1.1/s  eta=66489s  finite=24312
  [27320/100000]  elapsed=24990s  rate=1.1/s  eta=66481s  finite=24322
  [warn] sample 7 failed: 
  [27330/100000]  elapsed=24998s  rate=1.1/s  eta=66470s  finite=24331
  [27340/100000]  elapsed=25008s  rate=1.1/s  eta=66461s  finite=24338
  [27350/100000]  elapsed=25017s  rate=1.1/s  eta=66453s  finite=24348
  [27360/100000]  elapsed=25026s  rate=1.1/s  eta=66444s  finite=24356
  [27370/100000]  elapsed=25036s  rate=1.1/s  eta=66436s  finite=24366
  [27380/100000]  elapsed=25045s  rate=1.1/s  eta=66428s  finite=24374
  [27390/100000]  elapsed=25055s  rate=1.1/s  eta=66419s  finite=24383
  [27400/100000]  elapsed=25064s  rate=1.1/s  eta=66410s  finite=24392
  -> checkpoint saved: /scratch/e1498138/lhs/lhs_noise2_paris1_checkpoints/lhs_noise2_paris1_ckpt_027400.pkl
  [warn] sample 0 failed: 
  [27410/100000]  elapsed=25073s  rate=1.1/s  eta=66400s  finite=24401
  [27420/100000]  elapsed=25082s  rate=1.1/s  eta=66391s  finite=24409
  [27430/100000]  elapsed=25091s  rate=1.1/s  eta=66383s  finite=24419
  [warn] sample 1 failed: 
  [27440/100000]  elapsed=25100s  rate=1.1/s  eta=66372s  finite=24428
  [warn] sample 6 failed: 
  [27450/100000]  elapsed=25109s  rate=1.1/s  eta=66363s  finite=24437
  [27460/100000]  elapsed=25118s  rate=1.1/s  eta=66354s  finite=24446
  [27470/100000]  elapsed=25128s  rate=1.1/s  eta=66346s  finite=24456
  [27480/100000]  elapsed=25137s  rate=1.1/s  eta=66338s  finite=24466
  [27490/100000]  elapsed=25147s  rate=1.1/s  eta=66330s  finite=24475
  [27500/100000]  elapsed=25156s  rate=1.1/s  eta=66321s  finite=24485
  -> checkpoint saved: /scratch/e1498138/lhs/lhs_noise2_paris1_checkpoints/lhs_noise2_paris1_ckpt_027500.pkl
  [27510/100000]  elapsed=25166s  rate=1.1/s  eta=66313s  finite=24494
  [27520/100000]  elapsed=25175s  rate=1.1/s  eta=66305s  finite=24503
  [27530/100000]  elapsed=25185s  rate=1.1/s  eta=66296s  finite=24512
  [27540/100000]  elapsed=25194s  rate=1.1/s  eta=66288s  finite=24519
  [27550/100000]  elapsed=25203s  rate=1.1/s  eta=66279s  finite=24528
  [27560/100000]  elapsed=25213s  rate=1.1/s  eta=66271s  finite=24538
  [27570/100000]  elapsed=25222s  rate=1.1/s  eta=66262s  finite=24548
  [warn] sample 2 failed: 
  [27580/100000]  elapsed=25231s  rate=1.1/s  eta=66252s  finite=24555
  [27590/100000]  elapsed=25240s  rate=1.1/s  eta=66244s  finite=24562
  [warn] sample 0 failed: 
  [27600/100000]  elapsed=25249s  rate=1.1/s  eta=66233s  finite=24571
  -> checkpoint saved: /scratch/e1498138/lhs/lhs_noise2_paris1_checkpoints/lhs_noise2_paris1_ckpt_027600.pkl
  [warn] sample 1 failed: 
  [27610/100000]  elapsed=25258s  rate=1.1/s  eta=66223s  finite=24579
  [27620/100000]  elapsed=25268s  rate=1.1/s  eta=66215s  finite=24589
  [27630/100000]  elapsed=25277s  rate=1.1/s  eta=66207s  finite=24598
  [27640/100000]  elapsed=25286s  rate=1.1/s  eta=66198s  finite=24607
  [warn] sample 7 failed: 
  [27650/100000]  elapsed=25295s  rate=1.1/s  eta=66187s  finite=24616
  [27660/100000]  elapsed=25304s  rate=1.1/s  eta=66179s  finite=24625
  [27670/100000]  elapsed=25314s  rate=1.1/s  eta=66170s  finite=24634
  [warn] sample 4 failed: 
  [27680/100000]  elapsed=25322s  rate=1.1/s  eta=66160s  finite=24643
  [27690/100000]  elapsed=25332s  rate=1.1/s  eta=66151s  finite=24652
  [27700/100000]  elapsed=25341s  rate=1.1/s  eta=66143s  finite=24662
  -> checkpoint saved: /scratch/e1498138/lhs/lhs_noise2_paris1_checkpoints/lhs_noise2_paris1_ckpt_027700.pkl
  [27710/100000]  elapsed=25351s  rate=1.1/s  eta=66135s  finite=24672
  [warn] sample 8 failed: 
  [27720/100000]  elapsed=25359s  rate=1.1/s  eta=66124s  finite=24681
  [warn] sample 2 failed: 
  [27730/100000]  elapsed=25368s  rate=1.1/s  eta=66113s  finite=24688
  [warn] sample 1 failed: 
  [27740/100000]  elapsed=25376s  rate=1.1/s  eta=66103s  finite=24697
  [27750/100000]  elapsed=25386s  rate=1.1/s  eta=66094s  finite=24707
  [warn] sample 1 failed: 
  [warn] sample 3 failed: 
  [27760/100000]  elapsed=25393s  rate=1.1/s  eta=66081s  finite=24714
  [warn] sample 5 failed: 
  [27770/100000]  elapsed=25402s  rate=1.1/s  eta=66071s  finite=24722
  [27780/100000]  elapsed=25411s  rate=1.1/s  eta=66062s  finite=24731
  [27790/100000]  elapsed=25421s  rate=1.1/s  eta=66054s  finite=24739
  [27800/100000]  elapsed=25430s  rate=1.1/s  eta=66045s  finite=24749
  -> checkpoint saved: /scratch/e1498138/lhs/lhs_noise2_paris1_checkpoints/lhs_noise2_paris1_ckpt_027800.pkl
  [27810/100000]  elapsed=25440s  rate=1.1/s  eta=66037s  finite=24758
  [27820/100000]  elapsed=25449s  rate=1.1/s  eta=66028s  finite=24768
  [warn] sample 8 failed: 
  [27830/100000]  elapsed=25457s  rate=1.1/s  eta=66017s  finite=24776
  [27840/100000]  elapsed=25467s  rate=1.1/s  eta=66009s  finite=24786
  [27850/100000]  elapsed=25476s  rate=1.1/s  eta=66001s  finite=24795
  [27860/100000]  elapsed=25486s  rate=1.1/s  eta=65992s  finite=24804
  [27870/100000]  elapsed=25495s  rate=1.1/s  eta=65983s  finite=24813
  [warn] sample 2 failed: 
  [warn] sample 9 failed: 
  [27880/100000]  elapsed=25503s  rate=1.1/s  eta=65970s  finite=24821
  [27890/100000]  elapsed=25512s  rate=1.1/s  eta=65962s  finite=24830
  [27900/100000]  elapsed=25521s  rate=1.1/s  eta=65953s  finite=24838
  -> checkpoint saved: /scratch/e1498138/lhs/lhs_noise2_paris1_checkpoints/lhs_noise2_paris1_ckpt_027900.pkl
  [27910/100000]  elapsed=25531s  rate=1.1/s  eta=65945s  finite=24848
  [warn] sample 9 failed: 
  [27920/100000]  elapsed=25539s  rate=1.1/s  eta=65934s  finite=24857
  [27930/100000]  elapsed=25549s  rate=1.1/s  eta=65925s  finite=24867
  [27940/100000]  elapsed=25558s  rate=1.1/s  eta=65917s  finite=24876
  [27950/100000]  elapsed=25568s  rate=1.1/s  eta=65909s  finite=24884
  [27960/100000]  elapsed=25577s  rate=1.1/s  eta=65901s  finite=24894
  [27970/100000]  elapsed=25587s  rate=1.1/s  eta=65892s  finite=24902
  [warn] sample 3 failed: 
  [warn] sample 9 failed: 
  [27980/100000]  elapsed=25594s  rate=1.1/s  eta=65880s  finite=24910
  [27990/100000]  elapsed=25604s  rate=1.1/s  eta=65871s  finite=24920
  [28000/100000]  elapsed=25613s  rate=1.1/s  eta=65863s  finite=24930
  -> checkpoint saved: /scratch/e1498138/lhs/lhs_noise2_paris1_checkpoints/lhs_noise2_paris1_ckpt_028000.pkl
  [warn] sample 3 failed: 
  [28010/100000]  elapsed=25622s  rate=1.1/s  eta=65853s  finite=24938
  [warn] sample 0 failed: 
  [28020/100000]  elapsed=25631s  rate=1.1/s  eta=65842s  finite=24945
  [warn] sample 2 failed: 
  [28030/100000]  elapsed=25639s  rate=1.1/s  eta=65831s  finite=24953
  [28040/100000]  elapsed=25649s  rate=1.1/s  eta=65823s  finite=24962
  [28050/100000]  elapsed=25658s  rate=1.1/s  eta=65814s  finite=24971
  [28060/100000]  elapsed=25667s  rate=1.1/s  eta=65805s  finite=24980
  [28070/100000]  elapsed=25677s  rate=1.1/s  eta=65797s  finite=24990
  [28080/100000]  elapsed=25686s  rate=1.1/s  eta=65789s  finite=25000
  [28090/100000]  elapsed=25696s  rate=1.1/s  eta=65780s  finite=25010
  [28100/100000]  elapsed=25705s  rate=1.1/s  eta=65772s  finite=25020
  -> checkpoint saved: /scratch/e1498138/lhs/lhs_noise2_paris1_checkpoints/lhs_noise2_paris1_ckpt_028100.pkl
  [28110/100000]  elapsed=25714s  rate=1.1/s  eta=65764s  finite=25030
  [warn] sample 0 failed: 
  [28120/100000]  elapsed=25723s  rate=1.1/s  eta=65753s  finite=25038
  [28130/100000]  elapsed=25732s  rate=1.1/s  eta=65744s  finite=25047
  [28140/100000]  elapsed=25742s  rate=1.1/s  eta=65735s  finite=25054
  [28150/100000]  elapsed=25751s  rate=1.1/s  eta=65727s  finite=25064
  [28160/100000]  elapsed=25766s  rate=1.1/s  eta=65733s  finite=25073
  [28170/100000]  elapsed=25776s  rate=1.1/s  eta=65724s  finite=25082
  [warn] sample 1 failed: 
  [28180/100000]  elapsed=25784s  rate=1.1/s  eta=65714s  finite=25090
  [28190/100000]  elapsed=25794s  rate=1.1/s  eta=65705s  finite=25099
  [28200/100000]  elapsed=25803s  rate=1.1/s  eta=65697s  finite=25109
  -> checkpoint saved: /scratch/e1498138/lhs/lhs_noise2_paris1_checkpoints/lhs_noise2_paris1_ckpt_028200.pkl
  [28210/100000]  elapsed=25813s  rate=1.1/s  eta=65689s  finite=25118
  [warn] sample 7 failed: 
  [28220/100000]  elapsed=25821s  rate=1.1/s  eta=65678s  finite=25127
  [warn] sample 9 failed: 
  [28230/100000]  elapsed=25830s  rate=1.1/s  eta=65668s  finite=25135
  [28240/100000]  elapsed=25839s  rate=1.1/s  eta=65659s  finite=25145
  [warn] sample 5 failed: 
  [28250/100000]  elapsed=25848s  rate=1.1/s  eta=65648s  finite=25154
  [warn] sample 4 failed: 
  [warn] sample 7 failed: 
  [28260/100000]  elapsed=25856s  rate=1.1/s  eta=65636s  finite=25161
  [28270/100000]  elapsed=25865s  rate=1.1/s  eta=65628s  finite=25171
  [28280/100000]  elapsed=25875s  rate=1.1/s  eta=65620s  finite=25181
  [28290/100000]  elapsed=25884s  rate=1.1/s  eta=65611s  finite=25190
  [warn] sample 7 failed: 
  [28300/100000]  elapsed=25893s  rate=1.1/s  eta=65601s  finite=25198
  -> checkpoint saved: /scratch/e1498138/lhs/lhs_noise2_paris1_checkpoints/lhs_noise2_paris1_ckpt_028300.pkl
  [warn] sample 4 failed: 
  [28310/100000]  elapsed=25901s  rate=1.1/s  eta=65590s  finite=25207
  [warn] sample 7 failed: 
  [28320/100000]  elapsed=25910s  rate=1.1/s  eta=65580s  finite=25214
  [28330/100000]  elapsed=25920s  rate=1.1/s  eta=65572s  finite=25222
  [28340/100000]  elapsed=25929s  rate=1.1/s  eta=65563s  finite=25231
  [warn] sample 4 failed: 
  [28350/100000]  elapsed=25938s  rate=1.1/s  eta=65553s  finite=25240
  [warn] sample 4 failed: 
  [warn] sample 9 failed: 
  [28360/100000]  elapsed=25946s  rate=1.1/s  eta=65542s  finite=25247
  [28370/100000]  elapsed=25955s  rate=1.1/s  eta=65533s  finite=25257
  [warn] sample 5 failed: 
  [28380/100000]  elapsed=25964s  rate=1.1/s  eta=65523s  finite=25266
  [28390/100000]  elapsed=25973s  rate=1.1/s  eta=65514s  finite=25273
  [28400/100000]  elapsed=25983s  rate=1.1/s  eta=65506s  finite=25282
  -> checkpoint saved: /scratch/e1498138/lhs/lhs_noise2_paris1_checkpoints/lhs_noise2_paris1_ckpt_028400.pkl
  [warn] sample 7 failed: 
  [28410/100000]  elapsed=25992s  rate=1.1/s  eta=65496s  finite=25290
  [28420/100000]  elapsed=26001s  rate=1.1/s  eta=65488s  finite=25300
  [warn] sample 7 failed: 
  [28430/100000]  elapsed=26010s  rate=1.1/s  eta=65478s  finite=25309
  [warn] sample 1 failed: 
  [28440/100000]  elapsed=26019s  rate=1.1/s  eta=65468s  finite=25317
  [28450/100000]  elapsed=26028s  rate=1.1/s  eta=65459s  finite=25326
  [28460/100000]  elapsed=26038s  rate=1.1/s  eta=65451s  finite=25336
  [warn] sample 0 failed: 
  [28470/100000]  elapsed=26046s  rate=1.1/s  eta=65440s  finite=25344
  [28480/100000]  elapsed=26056s  rate=1.1/s  eta=65432s  finite=25354
  [28490/100000]  elapsed=26065s  rate=1.1/s  eta=65424s  finite=25364
  [28500/100000]  elapsed=26075s  rate=1.1/s  eta=65416s  finite=25374
  -> checkpoint saved: /scratch/e1498138/lhs/lhs_noise2_paris1_checkpoints/lhs_noise2_paris1_ckpt_028500.pkl
  [28510/100000]  elapsed=26084s  rate=1.1/s  eta=65408s  finite=25384
  [warn] sample 4 failed: 
  [28520/100000]  elapsed=26093s  rate=1.1/s  eta=65397s  finite=25391
  [warn] sample 7 failed: 
  [28530/100000]  elapsed=26102s  rate=1.1/s  eta=65387s  finite=25399
  [28540/100000]  elapsed=26111s  rate=1.1/s  eta=65378s  finite=25407
  [28550/100000]  elapsed=26120s  rate=1.1/s  eta=65370s  finite=25415
  [warn] sample 4 failed: 
  [28560/100000]  elapsed=26129s  rate=1.1/s  eta=65359s  finite=25423
  [28570/100000]  elapsed=26138s  rate=1.1/s  eta=65350s  finite=25433
  [28580/100000]  elapsed=26148s  rate=1.1/s  eta=65342s  finite=25443
  [28590/100000]  elapsed=26157s  rate=1.1/s  eta=65334s  finite=25453
  [28600/100000]  elapsed=26167s  rate=1.1/s  eta=65325s  finite=25463
  -> checkpoint saved: /scratch/e1498138/lhs/lhs_noise2_paris1_checkpoints/lhs_noise2_paris1_ckpt_028600.pkl
  [warn] sample 2 failed: 
  [warn] sample 6 failed: 
  [28610/100000]  elapsed=26175s  rate=1.1/s  eta=65313s  finite=25471
  [28620/100000]  elapsed=26184s  rate=1.1/s  eta=65304s  finite=25479
  [28630/100000]  elapsed=26193s  rate=1.1/s  eta=65296s  finite=25488
  [28640/100000]  elapsed=26203s  rate=1.1/s  eta=65287s  finite=25498
  [28650/100000]  elapsed=26212s  rate=1.1/s  eta=65279s  finite=25507
  [28660/100000]  elapsed=26222s  rate=1.1/s  eta=65270s  finite=25516
  [warn] sample 6 failed: 
  [28670/100000]  elapsed=26230s  rate=1.1/s  eta=65260s  finite=25525
  [warn] sample 7 failed: 
  [28680/100000]  elapsed=26239s  rate=1.1/s  eta=65250s  finite=25534
  [28690/100000]  elapsed=26248s  rate=1.1/s  eta=65241s  finite=25544
  [warn] sample 6 failed: 
  [28700/100000]  elapsed=26257s  rate=1.1/s  eta=65231s  finite=25552
  -> checkpoint saved: /scratch/e1498138/lhs/lhs_noise2_paris1_checkpoints/lhs_noise2_paris1_ckpt_028700.pkl
  [warn] sample 3 failed: 
  [warn] sample 6 failed: 
  [28710/100000]  elapsed=26265s  rate=1.1/s  eta=65218s  finite=25560
  [warn] sample 4 failed: 
  [warn] sample 6 failed: 
  [28720/100000]  elapsed=26273s  rate=1.1/s  eta=65206s  finite=25568
  [28730/100000]  elapsed=26282s  rate=1.1/s  eta=65197s  finite=25577
  [28740/100000]  elapsed=26291s  rate=1.1/s  eta=65189s  finite=25586
  [28750/100000]  elapsed=26301s  rate=1.1/s  eta=65180s  finite=25596
  [28760/100000]  elapsed=26310s  rate=1.1/s  eta=65172s  finite=25605
  [28770/100000]  elapsed=26320s  rate=1.1/s  eta=65163s  finite=25614
  [28780/100000]  elapsed=26329s  rate=1.1/s  eta=65155s  finite=25624
  [warn] sample 1 failed: 
  [28790/100000]  elapsed=26338s  rate=1.1/s  eta=65144s  finite=25633
  [28800/100000]  elapsed=26347s  rate=1.1/s  eta=65136s  finite=25642
  -> checkpoint saved: /scratch/e1498138/lhs/lhs_noise2_paris1_checkpoints/lhs_noise2_paris1_ckpt_028800.pkl
  [28810/100000]  elapsed=26356s  rate=1.1/s  eta=65127s  finite=25652
  [28820/100000]  elapsed=26366s  rate=1.1/s  eta=65119s  finite=25661
  [28830/100000]  elapsed=26376s  rate=1.1/s  eta=65111s  finite=25670
  [warn] sample 1 failed: 
  [28840/100000]  elapsed=26384s  rate=1.1/s  eta=65100s  finite=25677
  [28850/100000]  elapsed=26394s  rate=1.1/s  eta=65092s  finite=25687
  [28860/100000]  elapsed=26403s  rate=1.1/s  eta=65084s  finite=25697
  [warn] sample 1 failed: 
  [warn] sample 4 failed: 
  [warn] sample 5 failed: 
  [28870/100000]  elapsed=26410s  rate=1.1/s  eta=65069s  finite=25704
  [warn] sample 1 failed: 
  [warn] sample 8 failed: 
  [28880/100000]  elapsed=26418s  rate=1.1/s  eta=65056s  finite=25712
  [28890/100000]  elapsed=26427s  rate=1.1/s  eta=65048s  finite=25721
  [28900/100000]  elapsed=26436s  rate=1.1/s  eta=65039s  finite=25730
  -> checkpoint saved: /scratch/e1498138/lhs/lhs_noise2_paris1_checkpoints/lhs_noise2_paris1_ckpt_028900.pkl
  [warn] sample 6 failed: 
  [28910/100000]  elapsed=26445s  rate=1.1/s  eta=65029s  finite=25738
  [28920/100000]  elapsed=26455s  rate=1.1/s  eta=65021s  finite=25748
  [28930/100000]  elapsed=26465s  rate=1.1/s  eta=65013s  finite=25757
  [28940/100000]  elapsed=26474s  rate=1.1/s  eta=65005s  finite=25767
  [28950/100000]  elapsed=26483s  rate=1.1/s  eta=64996s  finite=25776
  [28960/100000]  elapsed=26493s  rate=1.1/s  eta=64988s  finite=25786
  [warn] sample 9 failed: 
  [28970/100000]  elapsed=26501s  rate=1.1/s  eta=64977s  finite=25794
  [28980/100000]  elapsed=26511s  rate=1.1/s  eta=64969s  finite=25804
  [28990/100000]  elapsed=26520s  rate=1.1/s  eta=64961s  finite=25813
  [29000/100000]  elapsed=26530s  rate=1.1/s  eta=64952s  finite=25822
  -> checkpoint saved: /scratch/e1498138/lhs/lhs_noise2_paris1_checkpoints/lhs_noise2_paris1_ckpt_029000.pkl
  [warn] sample 7 failed: 
  [29010/100000]  elapsed=26538s  rate=1.1/s  eta=64942s  finite=25831
  [29020/100000]  elapsed=26548s  rate=1.1/s  eta=64934s  finite=25840
  [warn] sample 9 failed: 
  [29030/100000]  elapsed=26557s  rate=1.1/s  eta=64923s  finite=25848
  [warn] sample 9 failed: 
  [29040/100000]  elapsed=26565s  rate=1.1/s  eta=64913s  finite=25857
  [warn] sample 8 failed: 
  [29050/100000]  elapsed=26574s  rate=1.1/s  eta=64902s  finite=25866
  [29060/100000]  elapsed=26583s  rate=1.1/s  eta=64894s  finite=25876
  [29070/100000]  elapsed=26593s  rate=1.1/s  eta=64886s  finite=25886
  [29080/100000]  elapsed=26602s  rate=1.1/s  eta=64877s  finite=25896
  [29090/100000]  elapsed=26612s  rate=1.1/s  eta=64868s  finite=25905
  [29100/100000]  elapsed=26621s  rate=1.1/s  eta=64860s  finite=25914
  -> checkpoint saved: /scratch/e1498138/lhs/lhs_noise2_paris1_checkpoints/lhs_noise2_paris1_ckpt_029100.pkl
  [29110/100000]  elapsed=26630s  rate=1.1/s  eta=64851s  finite=25924
  [29120/100000]  elapsed=26640s  rate=1.1/s  eta=64843s  finite=25934
  [warn] sample 6 failed: 
  [29130/100000]  elapsed=26648s  rate=1.1/s  eta=64832s  finite=25943
  [29140/100000]  elapsed=26658s  rate=1.1/s  eta=64824s  finite=25952
  [warn] sample 3 failed: 
  [warn] sample 9 failed: 
  [29150/100000]  elapsed=26665s  rate=1.1/s  eta=64811s  finite=25960
  [29160/100000]  elapsed=26675s  rate=1.1/s  eta=64803s  finite=25970
  [29170/100000]  elapsed=26684s  rate=1.1/s  eta=64794s  finite=25979
  [warn] sample 7 failed: 
  [29180/100000]  elapsed=26693s  rate=1.1/s  eta=64784s  finite=25987
  [warn] sample 0 failed: 
  [warn] sample 2 failed: 
  [warn] sample 3 failed: 
  [29190/100000]  elapsed=26700s  rate=1.1/s  eta=64770s  finite=25994
  [29200/100000]  elapsed=26710s  rate=1.1/s  eta=64762s  finite=26002
  -> checkpoint saved: /scratch/e1498138/lhs/lhs_noise2_paris1_checkpoints/lhs_noise2_paris1_ckpt_029200.pkl
  [29210/100000]  elapsed=26719s  rate=1.1/s  eta=64753s  finite=26012
  [29220/100000]  elapsed=26728s  rate=1.1/s  eta=64745s  finite=26021
  [warn] sample 1 failed: 
  [29230/100000]  elapsed=26737s  rate=1.1/s  eta=64734s  finite=26030
  [29240/100000]  elapsed=26746s  rate=1.1/s  eta=64726s  finite=26040
  [29250/100000]  elapsed=26756s  rate=1.1/s  eta=64717s  finite=26050
  [warn] sample 5 failed: 
  [warn] sample 6 failed: 
  [29260/100000]  elapsed=26763s  rate=1.1/s  eta=64704s  finite=26057
  [29270/100000]  elapsed=26773s  rate=1.1/s  eta=64696s  finite=26067
  [warn] sample 4 failed: 
  [29280/100000]  elapsed=26781s  rate=1.1/s  eta=64685s  finite=26075
  [29290/100000]  elapsed=26791s  rate=1.1/s  eta=64676s  finite=26083
  [29300/100000]  elapsed=26800s  rate=1.1/s  eta=64668s  finite=26091
  -> checkpoint saved: /scratch/e1498138/lhs/lhs_noise2_paris1_checkpoints/lhs_noise2_paris1_ckpt_029300.pkl
  [29310/100000]  elapsed=26810s  rate=1.1/s  eta=64659s  finite=26101
  [warn] sample 1 failed: 
  [29320/100000]  elapsed=26818s  rate=1.1/s  eta=64650s  finite=26110
  [29330/100000]  elapsed=26828s  rate=1.1/s  eta=64641s  finite=26119
  [warn] sample 3 failed: 
  [29340/100000]  elapsed=26837s  rate=1.1/s  eta=64631s  finite=26128
  [29350/100000]  elapsed=26846s  rate=1.1/s  eta=64623s  finite=26138
  [29360/100000]  elapsed=26855s  rate=1.1/s  eta=64614s  finite=26148
  [29370/100000]  elapsed=26865s  rate=1.1/s  eta=64606s  finite=26156
  [29380/100000]  elapsed=26875s  rate=1.1/s  eta=64598s  finite=26166
  [warn] sample 1 failed: 
  [29390/100000]  elapsed=26883s  rate=1.1/s  eta=64587s  finite=26174
  [29400/100000]  elapsed=26893s  rate=1.1/s  eta=64579s  finite=26183
  -> checkpoint saved: /scratch/e1498138/lhs/lhs_noise2_paris1_checkpoints/lhs_noise2_paris1_ckpt_029400.pkl
  [29410/100000]  elapsed=26902s  rate=1.1/s  eta=64571s  finite=26193
  [29420/100000]  elapsed=26911s  rate=1.1/s  eta=64562s  finite=26203
  [29430/100000]  elapsed=26921s  rate=1.1/s  eta=64553s  finite=26212
  [warn] sample 2 failed: 
  [warn] sample 8 failed: 
  [29440/100000]  elapsed=26929s  rate=1.1/s  eta=64541s  finite=26219
  [29450/100000]  elapsed=26938s  rate=1.1/s  eta=64533s  finite=26228
  [29460/100000]  elapsed=26948s  rate=1.1/s  eta=64524s  finite=26237
  [29470/100000]  elapsed=26957s  rate=1.1/s  eta=64516s  finite=26246
  [warn] sample 2 failed: 
  [warn] sample 4 failed: 
  [warn] sample 6 failed: 
  [29480/100000]  elapsed=26964s  rate=1.1/s  eta=64501s  finite=26253
  [warn] sample 1 failed: 
  [29490/100000]  elapsed=26973s  rate=1.1/s  eta=64491s  finite=26261
  [warn] sample 6 failed: 
  [29500/100000]  elapsed=26981s  rate=1.1/s  eta=64480s  finite=26269
  -> checkpoint saved: /scratch/e1498138/lhs/lhs_noise2_paris1_checkpoints/lhs_noise2_paris1_ckpt_029500.pkl
  [29510/100000]  elapsed=26991s  rate=1.1/s  eta=64472s  finite=26278
  [warn] sample 5 failed: 
  [29520/100000]  elapsed=26999s  rate=1.1/s  eta=64461s  finite=26287
  [warn] sample 0 failed: 
  [29530/100000]  elapsed=27008s  rate=1.1/s  eta=64451s  finite=26295
  [warn] sample 3 failed: 
  [29540/100000]  elapsed=27016s  rate=1.1/s  eta=64440s  finite=26304
  [warn] sample 6 failed: 
  [29550/100000]  elapsed=27025s  rate=1.1/s  eta=64430s  finite=26313
  [29560/100000]  elapsed=27034s  rate=1.1/s  eta=64422s  finite=26322
  [29570/100000]  elapsed=27044s  rate=1.1/s  eta=64413s  finite=26332
  [29580/100000]  elapsed=27053s  rate=1.1/s  eta=64405s  finite=26341
  [warn] sample 8 failed: 
  [29590/100000]  elapsed=27062s  rate=1.1/s  eta=64395s  finite=26349
  [warn] sample 4 failed: 
  [29600/100000]  elapsed=27071s  rate=1.1/s  eta=64384s  finite=26358
  -> checkpoint saved: /scratch/e1498138/lhs/lhs_noise2_paris1_checkpoints/lhs_noise2_paris1_ckpt_029600.pkl
  [29610/100000]  elapsed=27080s  rate=1.1/s  eta=64376s  finite=26367
  [29620/100000]  elapsed=27089s  rate=1.1/s  eta=64367s  finite=26377
  [29630/100000]  elapsed=27099s  rate=1.1/s  eta=64359s  finite=26386
  [warn] sample 9 failed: 
  [29640/100000]  elapsed=27108s  rate=1.1/s  eta=64348s  finite=26394
  [29650/100000]  elapsed=27117s  rate=1.1/s  eta=64340s  finite=26404
  [29660/100000]  elapsed=27127s  rate=1.1/s  eta=64332s  finite=26414
  [29670/100000]  elapsed=27136s  rate=1.1/s  eta=64323s  finite=26424
  [29680/100000]  elapsed=27145s  rate=1.1/s  eta=64315s  finite=26433
  [warn] sample 7 failed: 
  [29690/100000]  elapsed=27154s  rate=1.1/s  eta=64304s  finite=26442
  [29700/100000]  elapsed=27163s  rate=1.1/s  eta=64296s  finite=26451
  -> checkpoint saved: /scratch/e1498138/lhs/lhs_noise2_paris1_checkpoints/lhs_noise2_paris1_ckpt_029700.pkl
  [29710/100000]  elapsed=27173s  rate=1.1/s  eta=64287s  finite=26461
  [warn] sample 9 failed: 
  [29720/100000]  elapsed=27181s  rate=1.1/s  eta=64276s  finite=26470
  [29730/100000]  elapsed=27191s  rate=1.1/s  eta=64268s  finite=26479
  [29740/100000]  elapsed=27200s  rate=1.1/s  eta=64259s  finite=26488
  [warn] sample 3 failed: 
  [29750/100000]  elapsed=27209s  rate=1.1/s  eta=64249s  finite=26497
  [warn] sample 7 failed: 
  [29760/100000]  elapsed=27218s  rate=1.1/s  eta=64239s  finite=26504
  [warn] sample 2 failed: 
  [warn] sample 4 failed: 
  [29770/100000]  elapsed=27225s  rate=1.1/s  eta=64227s  finite=26511
  [29780/100000]  elapsed=27235s  rate=1.1/s  eta=64218s  finite=26521
  [29790/100000]  elapsed=27244s  rate=1.1/s  eta=64209s  finite=26531
  [warn] sample 9 failed: 
  [29800/100000]  elapsed=27252s  rate=1.1/s  eta=64199s  finite=26540
  -> checkpoint saved: /scratch/e1498138/lhs/lhs_noise2_paris1_checkpoints/lhs_noise2_paris1_ckpt_029800.pkl
  [29810/100000]  elapsed=27262s  rate=1.1/s  eta=64190s  finite=26547
  [29820/100000]  elapsed=27271s  rate=1.1/s  eta=64182s  finite=26557
  [warn] sample 2 failed: 
  [29830/100000]  elapsed=27280s  rate=1.1/s  eta=64171s  finite=26566
  [29840/100000]  elapsed=27289s  rate=1.1/s  eta=64163s  finite=26576
  [warn] sample 3 failed: 
  [29850/100000]  elapsed=27298s  rate=1.1/s  eta=64152s  finite=26583
  [warn] sample 5 failed: 
  [29860/100000]  elapsed=27306s  rate=1.1/s  eta=64142s  finite=26591
  [29870/100000]  elapsed=27316s  rate=1.1/s  eta=64133s  finite=26600
  [warn] sample 0 failed: 
  [29880/100000]  elapsed=27324s  rate=1.1/s  eta=64123s  finite=26609
  [29890/100000]  elapsed=27334s  rate=1.1/s  eta=64114s  finite=26619
  [29900/100000]  elapsed=27343s  rate=1.1/s  eta=64105s  finite=26629
  -> checkpoint saved: /scratch/e1498138/lhs/lhs_noise2_paris1_checkpoints/lhs_noise2_paris1_ckpt_029900.pkl
  [29910/100000]  elapsed=27353s  rate=1.1/s  eta=64097s  finite=26638
  [warn] sample 2 failed: 
  [29920/100000]  elapsed=27361s  rate=1.1/s  eta=64087s  finite=26647
  [29930/100000]  elapsed=27371s  rate=1.1/s  eta=64078s  finite=26656
  [29940/100000]  elapsed=27380s  rate=1.1/s  eta=64070s  finite=26665
  [29950/100000]  elapsed=27390s  rate=1.1/s  eta=64062s  finite=26674
  [warn] sample 8 failed: 
  [29960/100000]  elapsed=27398s  rate=1.1/s  eta=64051s  finite=26683
  [warn] sample 3 failed: 
  [29970/100000]  elapsed=27407s  rate=1.1/s  eta=64041s  finite=26692
  [29980/100000]  elapsed=27416s  rate=1.1/s  eta=64033s  finite=26702
  [29990/100000]  elapsed=27426s  rate=1.1/s  eta=64024s  finite=26712
  [warn] sample 6 failed: 
  [30000/100000]  elapsed=27435s  rate=1.1/s  eta=64014s  finite=26721
  -> checkpoint saved: /scratch/e1498138/lhs/lhs_noise2_paris1_checkpoints/lhs_noise2_paris1_ckpt_030000.pkl
  [30010/100000]  elapsed=27450s  rate=1.1/s  eta=64019s  finite=26730
  [warn] sample 9 failed: 
  [30020/100000]  elapsed=27458s  rate=1.1/s  eta=64008s  finite=26739
  [warn] sample 1 failed: 
  [warn] sample 2 failed: 
  [30030/100000]  elapsed=27466s  rate=1.1/s  eta=63996s  finite=26745
  [warn] sample 1 failed: 
  [30040/100000]  elapsed=27474s  rate=1.1/s  eta=63985s  finite=26753
  [30050/100000]  elapsed=27484s  rate=1.1/s  eta=63976s  finite=26763
  [30060/100000]  elapsed=27493s  rate=1.1/s  eta=63968s  finite=26773
  [30070/100000]  elapsed=27502s  rate=1.1/s  eta=63959s  finite=26781
  [30080/100000]  elapsed=27512s  rate=1.1/s  eta=63950s  finite=26791
  [30090/100000]  elapsed=27521s  rate=1.1/s  eta=63942s  finite=26799
  [30100/100000]  elapsed=27531s  rate=1.1/s  eta=63933s  finite=26808
  -> checkpoint saved: /scratch/e1498138/lhs/lhs_noise2_paris1_checkpoints/lhs_noise2_paris1_ckpt_030100.pkl
  [30110/100000]  elapsed=27540s  rate=1.1/s  eta=63925s  finite=26818
  [warn] sample 9 failed: 
  [30120/100000]  elapsed=27549s  rate=1.1/s  eta=63914s  finite=26826
  [warn] sample 0 failed: 
  [30130/100000]  elapsed=27557s  rate=1.1/s  eta=63904s  finite=26835
  [30140/100000]  elapsed=27567s  rate=1.1/s  eta=63896s  finite=26842
  [30150/100000]  elapsed=27576s  rate=1.1/s  eta=63887s  finite=26851
  [30160/100000]  elapsed=27586s  rate=1.1/s  eta=63879s  finite=26861
  [30170/100000]  elapsed=27595s  rate=1.1/s  eta=63870s  finite=26870
  [30180/100000]  elapsed=27605s  rate=1.1/s  eta=63862s  finite=26879
  [30190/100000]  elapsed=27614s  rate=1.1/s  eta=63853s  finite=26889
  [30200/100000]  elapsed=27623s  rate=1.1/s  eta=63844s  finite=26897
  -> checkpoint saved: /scratch/e1498138/lhs/lhs_noise2_paris1_checkpoints/lhs_noise2_paris1_ckpt_030200.pkl
  [30210/100000]  elapsed=27633s  rate=1.1/s  eta=63837s  finite=26906
  [30220/100000]  elapsed=27642s  rate=1.1/s  eta=63828s  finite=26915
  [30230/100000]  elapsed=27652s  rate=1.1/s  eta=63820s  finite=26923
  [30240/100000]  elapsed=27661s  rate=1.1/s  eta=63811s  finite=26932
  [30250/100000]  elapsed=27671s  rate=1.1/s  eta=63802s  finite=26938
  [30260/100000]  elapsed=27680s  rate=1.1/s  eta=63795s  finite=26948
  [30270/100000]  elapsed=27690s  rate=1.1/s  eta=63786s  finite=26956
  [warn] sample 6 failed: 
  [30280/100000]  elapsed=27698s  rate=1.1/s  eta=63776s  finite=26965
  [warn] sample 8 failed: 
  [30290/100000]  elapsed=27707s  rate=1.1/s  eta=63766s  finite=26974
  [30300/100000]  elapsed=27716s  rate=1.1/s  eta=63757s  finite=26983
  -> checkpoint saved: /scratch/e1498138/lhs/lhs_noise2_paris1_checkpoints/lhs_noise2_paris1_ckpt_030300.pkl
  [30310/100000]  elapsed=27726s  rate=1.1/s  eta=63748s  finite=26990
  [30320/100000]  elapsed=27735s  rate=1.1/s  eta=63740s  finite=26998
  [warn] sample 5 failed: 
  [30330/100000]  elapsed=27744s  rate=1.1/s  eta=63729s  finite=27007
  [30340/100000]  elapsed=27753s  rate=1.1/s  eta=63721s  finite=27016
  [30350/100000]  elapsed=27763s  rate=1.1/s  eta=63712s  finite=27024
  [30360/100000]  elapsed=27772s  rate=1.1/s  eta=63703s  finite=27033
  [30370/100000]  elapsed=27781s  rate=1.1/s  eta=63695s  finite=27043
  [30380/100000]  elapsed=27791s  rate=1.1/s  eta=63687s  finite=27053
  [warn] sample 0 failed: 
  [30390/100000]  elapsed=27800s  rate=1.1/s  eta=63677s  finite=27061
  [30400/100000]  elapsed=27809s  rate=1.1/s  eta=63668s  finite=27071
  -> checkpoint saved: /scratch/e1498138/lhs/lhs_noise2_paris1_checkpoints/lhs_noise2_paris1_ckpt_030400.pkl
  [30410/100000]  elapsed=27819s  rate=1.1/s  eta=63660s  finite=27081
  [warn] sample 4 failed: 
  [30420/100000]  elapsed=27827s  rate=1.1/s  eta=63650s  finite=27089
  [warn] sample 4 failed: 
  [30430/100000]  elapsed=27836s  rate=1.1/s  eta=63639s  finite=27097
  [30440/100000]  elapsed=27846s  rate=1.1/s  eta=63631s  finite=27106
  [warn] sample 0 failed: 
  [30450/100000]  elapsed=27854s  rate=1.1/s  eta=63621s  finite=27113
  [30460/100000]  elapsed=27863s  rate=1.1/s  eta=63612s  finite=27122
  [30470/100000]  elapsed=27873s  rate=1.1/s  eta=63604s  finite=27132
  [warn] sample 3 failed: 
  [30480/100000]  elapsed=27881s  rate=1.1/s  eta=63593s  finite=27141
  [30490/100000]  elapsed=27891s  rate=1.1/s  eta=63585s  finite=27151
  [30500/100000]  elapsed=27900s  rate=1.1/s  eta=63576s  finite=27161
  -> checkpoint saved: /scratch/e1498138/lhs/lhs_noise2_paris1_checkpoints/lhs_noise2_paris1_ckpt_030500.pkl
  [30510/100000]  elapsed=27910s  rate=1.1/s  eta=63568s  finite=27171
  [warn] sample 3 failed: 
  [warn] sample 8 failed: 
  [30520/100000]  elapsed=27918s  rate=1.1/s  eta=63557s  finite=27179
  [warn] sample 2 failed: 
  [30530/100000]  elapsed=27927s  rate=1.1/s  eta=63546s  finite=27187
  [30540/100000]  elapsed=27936s  rate=1.1/s  eta=63538s  finite=27195
  [warn] sample 6 failed: 
  [30550/100000]  elapsed=27945s  rate=1.1/s  eta=63527s  finite=27204
  [warn] sample 6 failed: 
  [30560/100000]  elapsed=27953s  rate=1.1/s  eta=63517s  finite=27212
  [warn] sample 3 failed: 
  [30570/100000]  elapsed=27962s  rate=1.1/s  eta=63507s  finite=27220
  [30580/100000]  elapsed=27972s  rate=1.1/s  eta=63498s  finite=27230
  [warn] sample 6 failed: 
  [30590/100000]  elapsed=27980s  rate=1.1/s  eta=63488s  finite=27239
  [warn] sample 4 failed: 
  [30600/100000]  elapsed=27989s  rate=1.1/s  eta=63478s  finite=27248
  -> checkpoint saved: /scratch/e1498138/lhs/lhs_noise2_paris1_checkpoints/lhs_noise2_paris1_ckpt_030600.pkl
  [warn] sample 8 failed: 
  [30610/100000]  elapsed=27998s  rate=1.1/s  eta=63468s  finite=27257
  [warn] sample 8 failed: 
  [30620/100000]  elapsed=28006s  rate=1.1/s  eta=63457s  finite=27266
  [warn] sample 9 failed: 
  [30630/100000]  elapsed=28015s  rate=1.1/s  eta=63447s  finite=27275
  [warn] sample 6 failed: 
  [30640/100000]  elapsed=28023s  rate=1.1/s  eta=63436s  finite=27283
  [30650/100000]  elapsed=28032s  rate=1.1/s  eta=63427s  finite=27290
  [30660/100000]  elapsed=28042s  rate=1.1/s  eta=63419s  finite=27300
  [30670/100000]  elapsed=28052s  rate=1.1/s  eta=63411s  finite=27310
  [30680/100000]  elapsed=28061s  rate=1.1/s  eta=63403s  finite=27318
  [warn] sample 4 failed: 
  [warn] sample 5 failed: 
  [30690/100000]  elapsed=28069s  rate=1.1/s  eta=63390s  finite=27325
  [30700/100000]  elapsed=28078s  rate=1.1/s  eta=63382s  finite=27335
  -> checkpoint saved: /scratch/e1498138/lhs/lhs_noise2_paris1_checkpoints/lhs_noise2_paris1_ckpt_030700.pkl
  [30710/100000]  elapsed=28088s  rate=1.1/s  eta=63374s  finite=27345
  [30720/100000]  elapsed=28097s  rate=1.1/s  eta=63365s  finite=27355
  [30730/100000]  elapsed=28107s  rate=1.1/s  eta=63357s  finite=27364
  [30740/100000]  elapsed=28116s  rate=1.1/s  eta=63348s  finite=27373
  [warn] sample 5 failed: 
  [30750/100000]  elapsed=28125s  rate=1.1/s  eta=63337s  finite=27379
  [30760/100000]  elapsed=28134s  rate=1.1/s  eta=63329s  finite=27387
  [warn] sample 6 failed: 
  [30770/100000]  elapsed=28143s  rate=1.1/s  eta=63319s  finite=27395
  [30780/100000]  elapsed=28152s  rate=1.1/s  eta=63310s  finite=27405
  [30790/100000]  elapsed=28161s  rate=1.1/s  eta=63301s  finite=27414
  [warn] sample 9 failed: 
  [30800/100000]  elapsed=28170s  rate=1.1/s  eta=63291s  finite=27423
  -> checkpoint saved: /scratch/e1498138/lhs/lhs_noise2_paris1_checkpoints/lhs_noise2_paris1_ckpt_030800.pkl
  [warn] sample 5 failed: 
  [30810/100000]  elapsed=28178s  rate=1.1/s  eta=63280s  finite=27431
  [30820/100000]  elapsed=28188s  rate=1.1/s  eta=63272s  finite=27439
  [30830/100000]  elapsed=28197s  rate=1.1/s  eta=63264s  finite=27448
  [warn] sample 5 failed: 
  [30840/100000]  elapsed=28206s  rate=1.1/s  eta=63253s  finite=27457
  [warn] sample 7 failed: 
  [30850/100000]  elapsed=28214s  rate=1.1/s  eta=63242s  finite=27464
  [30860/100000]  elapsed=28224s  rate=1.1/s  eta=63234s  finite=27473
  [30870/100000]  elapsed=28233s  rate=1.1/s  eta=63225s  finite=27482
  [30880/100000]  elapsed=28243s  rate=1.1/s  eta=63217s  finite=27491
  [30890/100000]  elapsed=28252s  rate=1.1/s  eta=63208s  finite=27501
  [30900/100000]  elapsed=28261s  rate=1.1/s  eta=63200s  finite=27511
  -> checkpoint saved: /scratch/e1498138/lhs/lhs_noise2_paris1_checkpoints/lhs_noise2_paris1_ckpt_030900.pkl
  [30910/100000]  elapsed=28271s  rate=1.1/s  eta=63191s  finite=27519
  [30920/100000]  elapsed=28280s  rate=1.1/s  eta=63182s  finite=27528
  [warn] sample 9 failed: 
  [30930/100000]  elapsed=28289s  rate=1.1/s  eta=63172s  finite=27537
  [30940/100000]  elapsed=28298s  rate=1.1/s  eta=63163s  finite=27547
  [30950/100000]  elapsed=28307s  rate=1.1/s  eta=63155s  finite=27555
  [30960/100000]  elapsed=28317s  rate=1.1/s  eta=63146s  finite=27564
  [30970/100000]  elapsed=28326s  rate=1.1/s  eta=63137s  finite=27574
  [30980/100000]  elapsed=28336s  rate=1.1/s  eta=63129s  finite=27583
  [30990/100000]  elapsed=28345s  rate=1.1/s  eta=63120s  finite=27592
  [warn] sample 0 failed: 
  [warn] sample 5 failed: 
  [31000/100000]  elapsed=28353s  rate=1.1/s  eta=63109s  finite=27599
  -> checkpoint saved: /scratch/e1498138/lhs/lhs_noise2_paris1_checkpoints/lhs_noise2_paris1_ckpt_031000.pkl
  [warn] sample 9 failed: 
  [31010/100000]  elapsed=28362s  rate=1.1/s  eta=63098s  finite=27608
  [31020/100000]  elapsed=28371s  rate=1.1/s  eta=63090s  finite=27615
  [warn] sample 3 failed: 
  [31030/100000]  elapsed=28380s  rate=1.1/s  eta=63080s  finite=27623
  [31040/100000]  elapsed=28389s  rate=1.1/s  eta=63071s  finite=27632
  [31050/100000]  elapsed=28399s  rate=1.1/s  eta=63063s  finite=27642
  [31060/100000]  elapsed=28408s  rate=1.1/s  eta=63054s  finite=27651
  [31070/100000]  elapsed=28417s  rate=1.1/s  eta=63045s  finite=27659
  [31080/100000]  elapsed=28427s  rate=1.1/s  eta=63036s  finite=27668
  [warn] sample 9 failed: 
  [31090/100000]  elapsed=28435s  rate=1.1/s  eta=63026s  finite=27677
  [31100/100000]  elapsed=28445s  rate=1.1/s  eta=63017s  finite=27685
  -> checkpoint saved: /scratch/e1498138/lhs/lhs_noise2_paris1_checkpoints/lhs_noise2_paris1_ckpt_031100.pkl
  [warn] sample 6 failed: 
  [warn] sample 9 failed: 
  [31110/100000]  elapsed=28453s  rate=1.1/s  eta=63005s  finite=27693
  [31120/100000]  elapsed=28462s  rate=1.1/s  eta=62997s  finite=27703
  [31130/100000]  elapsed=28471s  rate=1.1/s  eta=62988s  finite=27712
  [warn] sample 7 failed: 
  [31140/100000]  elapsed=28480s  rate=1.1/s  eta=62978s  finite=27721
  [31150/100000]  elapsed=28489s  rate=1.1/s  eta=62969s  finite=27729
  [warn] sample 0 failed: 
  [31160/100000]  elapsed=28498s  rate=1.1/s  eta=62959s  finite=27736
  [31170/100000]  elapsed=28507s  rate=1.1/s  eta=62950s  finite=27745
  [warn] sample 5 failed: 
  [31180/100000]  elapsed=28516s  rate=1.1/s  eta=62940s  finite=27751
  [31190/100000]  elapsed=28526s  rate=1.1/s  eta=62932s  finite=27759
  [warn] sample 4 failed: 
  [31200/100000]  elapsed=28535s  rate=1.1/s  eta=62922s  finite=27768
  -> checkpoint saved: /scratch/e1498138/lhs/lhs_noise2_paris1_checkpoints/lhs_noise2_paris1_ckpt_031200.pkl
  [31210/100000]  elapsed=28544s  rate=1.1/s  eta=62914s  finite=27776
  [warn] sample 1 failed: 
  [31220/100000]  elapsed=28552s  rate=1.1/s  eta=62903s  finite=27785
  [31230/100000]  elapsed=28562s  rate=1.1/s  eta=62895s  finite=27795
  [31240/100000]  elapsed=28571s  rate=1.1/s  eta=62886s  finite=27805
  [31250/100000]  elapsed=28581s  rate=1.1/s  eta=62877s  finite=27814
  [warn] sample 3 failed: 
  [31260/100000]  elapsed=28589s  rate=1.1/s  eta=62867s  finite=27821
  [31270/100000]  elapsed=28599s  rate=1.1/s  eta=62858s  finite=27830
  [warn] sample 2 failed: 
  [31280/100000]  elapsed=28607s  rate=1.1/s  eta=62848s  finite=27838
  [31290/100000]  elapsed=28616s  rate=1.1/s  eta=62839s  finite=27847
  [31300/100000]  elapsed=28626s  rate=1.1/s  eta=62831s  finite=27856
  -> checkpoint saved: /scratch/e1498138/lhs/lhs_noise2_paris1_checkpoints/lhs_noise2_paris1_ckpt_031300.pkl
  [warn] sample 0 failed: 
  [31310/100000]  elapsed=28635s  rate=1.1/s  eta=62821s  finite=27863
  [31320/100000]  elapsed=28644s  rate=1.1/s  eta=62812s  finite=27871
  [31330/100000]  elapsed=28653s  rate=1.1/s  eta=62803s  finite=27880
  [31340/100000]  elapsed=28663s  rate=1.1/s  eta=62794s  finite=27890
  [31350/100000]  elapsed=28672s  rate=1.1/s  eta=62785s  finite=27900
  [31360/100000]  elapsed=28681s  rate=1.1/s  eta=62777s  finite=27909
  [warn] sample 9 failed: 
  [31370/100000]  elapsed=28690s  rate=1.1/s  eta=62767s  finite=27918
  [31380/100000]  elapsed=28699s  rate=1.1/s  eta=62758s  finite=27928
  [warn] sample 5 failed: 
  [31390/100000]  elapsed=28708s  rate=1.1/s  eta=62747s  finite=27937
  [31400/100000]  elapsed=28717s  rate=1.1/s  eta=62739s  finite=27947
  -> checkpoint saved: /scratch/e1498138/lhs/lhs_noise2_paris1_checkpoints/lhs_noise2_paris1_ckpt_031400.pkl
  [warn] sample 1 failed: 
  [warn] sample 5 failed: 
  [31410/100000]  elapsed=28725s  rate=1.1/s  eta=62726s  finite=27954
  [31420/100000]  elapsed=28734s  rate=1.1/s  eta=62718s  finite=27963
  [warn] sample 4 failed: 
  [31430/100000]  elapsed=28743s  rate=1.1/s  eta=62708s  finite=27971
  [31440/100000]  elapsed=28752s  rate=1.1/s  eta=62699s  finite=27980
  [31450/100000]  elapsed=28762s  rate=1.1/s  eta=62691s  finite=27988
  [31460/100000]  elapsed=28771s  rate=1.1/s  eta=62682s  finite=27998
  [31470/100000]  elapsed=28780s  rate=1.1/s  eta=62673s  finite=28007
  [warn] sample 4 failed: 
  [31480/100000]  elapsed=28789s  rate=1.1/s  eta=62663s  finite=28016
  [31490/100000]  elapsed=28798s  rate=1.1/s  eta=62654s  finite=28026
  [warn] sample 4 failed: 
  [31500/100000]  elapsed=28807s  rate=1.1/s  eta=62644s  finite=28035
  -> checkpoint saved: /scratch/e1498138/lhs/lhs_noise2_paris1_checkpoints/lhs_noise2_paris1_ckpt_031500.pkl
  [31510/100000]  elapsed=28816s  rate=1.1/s  eta=62635s  finite=28045
  [31520/100000]  elapsed=28826s  rate=1.1/s  eta=62627s  finite=28053
  [31530/100000]  elapsed=28836s  rate=1.1/s  eta=62619s  finite=28063
  [31540/100000]  elapsed=28845s  rate=1.1/s  eta=62611s  finite=28073
  [warn] sample 7 failed: 
  [31550/100000]  elapsed=28854s  rate=1.1/s  eta=62600s  finite=28082
  [31560/100000]  elapsed=28863s  rate=1.1/s  eta=62592s  finite=28091
  [31570/100000]  elapsed=28873s  rate=1.1/s  eta=62584s  finite=28101
  [31580/100000]  elapsed=28882s  rate=1.1/s  eta=62575s  finite=28110
  [31590/100000]  elapsed=28892s  rate=1.1/s  eta=62567s  finite=28119
  [31600/100000]  elapsed=28901s  rate=1.1/s  eta=62558s  finite=28128
  -> checkpoint saved: /scratch/e1498138/lhs/lhs_noise2_paris1_checkpoints/lhs_noise2_paris1_ckpt_031600.pkl
  [warn] sample 7 failed: 
  [31610/100000]  elapsed=28910s  rate=1.1/s  eta=62547s  finite=28137
  [31620/100000]  elapsed=28919s  rate=1.1/s  eta=62539s  finite=28146
  [warn] sample 4 failed: 
  [warn] sample 8 failed: 
  [31630/100000]  elapsed=28927s  rate=1.1/s  eta=62527s  finite=28153
  [warn] sample 8 failed: 
  [31640/100000]  elapsed=28935s  rate=1.1/s  eta=62517s  finite=28161
  [warn] sample 6 failed: 
  [31650/100000]  elapsed=28944s  rate=1.1/s  eta=62506s  finite=28169
  [warn] sample 6 failed: 
  [31660/100000]  elapsed=28953s  rate=1.1/s  eta=62496s  finite=28178
  [31670/100000]  elapsed=28962s  rate=1.1/s  eta=62487s  finite=28188
  [31680/100000]  elapsed=28971s  rate=1.1/s  eta=62478s  finite=28197
  [31690/100000]  elapsed=28981s  rate=1.1/s  eta=62470s  finite=28207
  [31700/100000]  elapsed=28990s  rate=1.1/s  eta=62461s  finite=28216
  -> checkpoint saved: /scratch/e1498138/lhs/lhs_noise2_paris1_checkpoints/lhs_noise2_paris1_ckpt_031700.pkl
  [31710/100000]  elapsed=28999s  rate=1.1/s  eta=62452s  finite=28224
  [31720/100000]  elapsed=29009s  rate=1.1/s  eta=62444s  finite=28233
  [31730/100000]  elapsed=29018s  rate=1.1/s  eta=62435s  finite=28243
  [warn] sample 9 failed: 
  [31740/100000]  elapsed=29027s  rate=1.1/s  eta=62424s  finite=28250
  [warn] sample 8 failed: 
  [31750/100000]  elapsed=29035s  rate=1.1/s  eta=62414s  finite=28259
  [31760/100000]  elapsed=29045s  rate=1.1/s  eta=62405s  finite=28269
  [31770/100000]  elapsed=29054s  rate=1.1/s  eta=62397s  finite=28277
  [31780/100000]  elapsed=29063s  rate=1.1/s  eta=62388s  finite=28286
  [31790/100000]  elapsed=29073s  rate=1.1/s  eta=62379s  finite=28291
  [warn] sample 4 failed: 
  [31800/100000]  elapsed=29081s  rate=1.1/s  eta=62369s  finite=28300
  -> checkpoint saved: /scratch/e1498138/lhs/lhs_noise2_paris1_checkpoints/lhs_noise2_paris1_ckpt_031800.pkl
  [31810/100000]  elapsed=29091s  rate=1.1/s  eta=62361s  finite=28309
  [warn] sample 9 failed: 
  [31820/100000]  elapsed=29099s  rate=1.1/s  eta=62351s  finite=28317
  [warn] sample 2 failed: 
  [31830/100000]  elapsed=29117s  rate=1.1/s  eta=62360s  finite=28326
  [warn] sample 8 failed: 
  [31840/100000]  elapsed=29126s  rate=1.1/s  eta=62350s  finite=28335
  [31850/100000]  elapsed=29135s  rate=1.1/s  eta=62341s  finite=28342
  [31860/100000]  elapsed=29145s  rate=1.1/s  eta=62333s  finite=28352
  [warn] sample 2 failed: 
  [31870/100000]  elapsed=29153s  rate=1.1/s  eta=62322s  finite=28360
  [31880/100000]  elapsed=29163s  rate=1.1/s  eta=62314s  finite=28370
  [31890/100000]  elapsed=29172s  rate=1.1/s  eta=62305s  finite=28380
  [31900/100000]  elapsed=29181s  rate=1.1/s  eta=62296s  finite=28390
  -> checkpoint saved: /scratch/e1498138/lhs/lhs_noise2_paris1_checkpoints/lhs_noise2_paris1_ckpt_031900.pkl
  [31910/100000]  elapsed=29191s  rate=1.1/s  eta=62287s  finite=28400
  [31920/100000]  elapsed=29200s  rate=1.1/s  eta=62279s  finite=28410
  [31930/100000]  elapsed=29209s  rate=1.1/s  eta=62270s  finite=28418
  [warn] sample 4 failed: 
  [31940/100000]  elapsed=29218s  rate=1.1/s  eta=62260s  finite=28426
  [warn] sample 2 failed: 
  [31950/100000]  elapsed=29227s  rate=1.1/s  eta=62250s  finite=28433
  [31960/100000]  elapsed=29236s  rate=1.1/s  eta=62241s  finite=28443
  [31970/100000]  elapsed=29245s  rate=1.1/s  eta=62232s  finite=28450
  [31980/100000]  elapsed=29255s  rate=1.1/s  eta=62223s  finite=28460
  [warn] sample 7 failed: 
  [warn] sample 8 failed: 
  [31990/100000]  elapsed=29263s  rate=1.1/s  eta=62211s  finite=28468
  [32000/100000]  elapsed=29272s  rate=1.1/s  eta=62203s  finite=28478
  -> checkpoint saved: /scratch/e1498138/lhs/lhs_noise2_paris1_checkpoints/lhs_noise2_paris1_ckpt_032000.pkl
  [32010/100000]  elapsed=29281s  rate=1.1/s  eta=62194s  finite=28487
  [warn] sample 2 failed: 
  [32020/100000]  elapsed=29290s  rate=1.1/s  eta=62184s  finite=28495
  [32030/100000]  elapsed=29299s  rate=1.1/s  eta=62175s  finite=28502
  [warn] sample 0 failed: 
  [32040/100000]  elapsed=29308s  rate=1.1/s  eta=62164s  finite=28511
  [32050/100000]  elapsed=29317s  rate=1.1/s  eta=62156s  finite=28520
  [32060/100000]  elapsed=29326s  rate=1.1/s  eta=62147s  finite=28530
  [warn] sample 3 failed: 
  [32070/100000]  elapsed=29335s  rate=1.1/s  eta=62137s  finite=28539
  [32080/100000]  elapsed=29345s  rate=1.1/s  eta=62129s  finite=28549
  [warn] sample 2 failed: 
  [32090/100000]  elapsed=29353s  rate=1.1/s  eta=62118s  finite=28558
  [32100/100000]  elapsed=29362s  rate=1.1/s  eta=62109s  finite=28568
  -> checkpoint saved: /scratch/e1498138/lhs/lhs_noise2_paris1_checkpoints/lhs_noise2_paris1_ckpt_032100.pkl
  [32110/100000]  elapsed=29372s  rate=1.1/s  eta=62101s  finite=28577
  [32120/100000]  elapsed=29381s  rate=1.1/s  eta=62092s  finite=28587
  [warn] sample 7 failed: 
  [32130/100000]  elapsed=29390s  rate=1.1/s  eta=62082s  finite=28593
  [32140/100000]  elapsed=29399s  rate=1.1/s  eta=62073s  finite=28603
  [warn] sample 3 failed: 
  [32150/100000]  elapsed=29408s  rate=1.1/s  eta=62063s  finite=28611
  [warn] sample 3 failed: 
  [warn] sample 7 failed: 
  [warn] sample 8 failed: 
  [32160/100000]  elapsed=29415s  rate=1.1/s  eta=62050s  finite=28618
  [32170/100000]  elapsed=29425s  rate=1.1/s  eta=62041s  finite=28628
  [32180/100000]  elapsed=29434s  rate=1.1/s  eta=62033s  finite=28635
  [warn] sample 7 failed: 
  [32190/100000]  elapsed=29443s  rate=1.1/s  eta=62023s  finite=28643
  [warn] sample 8 failed: 
  [32200/100000]  elapsed=29451s  rate=1.1/s  eta=62013s  finite=28652
  -> checkpoint saved: /scratch/e1498138/lhs/lhs_noise2_paris1_checkpoints/lhs_noise2_paris1_ckpt_032200.pkl
  [warn] sample 7 failed: 
  [32210/100000]  elapsed=29460s  rate=1.1/s  eta=62003s  finite=28661
  [32220/100000]  elapsed=29470s  rate=1.1/s  eta=61995s  finite=28671
  [warn] sample 1 failed: 
  [32230/100000]  elapsed=29478s  rate=1.1/s  eta=61984s  finite=28679
  [warn] sample 3 failed: 
  [32240/100000]  elapsed=29487s  rate=1.1/s  eta=61974s  finite=28687
  [32250/100000]  elapsed=29496s  rate=1.1/s  eta=61965s  finite=28697
  [32260/100000]  elapsed=29506s  rate=1.1/s  eta=61957s  finite=28706
  [32270/100000]  elapsed=29516s  rate=1.1/s  eta=61949s  finite=28716
  [32280/100000]  elapsed=29525s  rate=1.1/s  eta=61941s  finite=28725
  [32290/100000]  elapsed=29535s  rate=1.1/s  eta=61933s  finite=28735
  [32300/100000]  elapsed=29544s  rate=1.1/s  eta=61924s  finite=28745
  -> checkpoint saved: /scratch/e1498138/lhs/lhs_noise2_paris1_checkpoints/lhs_noise2_paris1_ckpt_032300.pkl
  [32310/100000]  elapsed=29554s  rate=1.1/s  eta=61916s  finite=28754
  [32320/100000]  elapsed=29563s  rate=1.1/s  eta=61907s  finite=28763
  [32330/100000]  elapsed=29572s  rate=1.1/s  eta=61898s  finite=28773
  [32340/100000]  elapsed=29582s  rate=1.1/s  eta=61890s  finite=28783
  [32350/100000]  elapsed=29592s  rate=1.1/s  eta=61882s  finite=28793
  [32360/100000]  elapsed=29601s  rate=1.1/s  eta=61873s  finite=28802
  [32370/100000]  elapsed=29611s  rate=1.1/s  eta=61865s  finite=28812
  [warn] sample 3 failed: 
  [32380/100000]  elapsed=29619s  rate=1.1/s  eta=61854s  finite=28820
  [32390/100000]  elapsed=29629s  rate=1.1/s  eta=61846s  finite=28830
  [warn] sample 9 failed: 
  [32400/100000]  elapsed=29637s  rate=1.1/s  eta=61836s  finite=28839
  -> checkpoint saved: /scratch/e1498138/lhs/lhs_noise2_paris1_checkpoints/lhs_noise2_paris1_ckpt_032400.pkl
  [warn] sample 3 failed: 
  [32410/100000]  elapsed=29646s  rate=1.1/s  eta=61825s  finite=28846
  [32420/100000]  elapsed=29655s  rate=1.1/s  eta=61817s  finite=28855
  [32430/100000]  elapsed=29665s  rate=1.1/s  eta=61809s  finite=28863
  [32440/100000]  elapsed=29674s  rate=1.1/s  eta=61800s  finite=28873
  [warn] sample 8 failed: 
  [32450/100000]  elapsed=29683s  rate=1.1/s  eta=61790s  finite=28880
  [warn] sample 8 failed: 
  [32460/100000]  elapsed=29692s  rate=1.1/s  eta=61780s  finite=28888
  [32470/100000]  elapsed=29701s  rate=1.1/s  eta=61771s  finite=28898
  [warn] sample 9 failed: 
  [32480/100000]  elapsed=29710s  rate=1.1/s  eta=61761s  finite=28905
  [32490/100000]  elapsed=29719s  rate=1.1/s  eta=61752s  finite=28914
  [warn] sample 4 failed: 
  [warn] sample 6 failed: 
  [32500/100000]  elapsed=29727s  rate=1.1/s  eta=61741s  finite=28922
  -> checkpoint saved: /scratch/e1498138/lhs/lhs_noise2_paris1_checkpoints/lhs_noise2_paris1_ckpt_032500.pkl
  [warn] sample 6 failed: 
  [32510/100000]  elapsed=29736s  rate=1.1/s  eta=61730s  finite=28930
  [32520/100000]  elapsed=29745s  rate=1.1/s  eta=61722s  finite=28938
  [32530/100000]  elapsed=29755s  rate=1.1/s  eta=61714s  finite=28947
  [32540/100000]  elapsed=29764s  rate=1.1/s  eta=61705s  finite=28957
  [32550/100000]  elapsed=29774s  rate=1.1/s  eta=61697s  finite=28966
  [32560/100000]  elapsed=29783s  rate=1.1/s  eta=61688s  finite=28976
  [32570/100000]  elapsed=29793s  rate=1.1/s  eta=61680s  finite=28986
  [32580/100000]  elapsed=29802s  rate=1.1/s  eta=61671s  finite=28996
  [32590/100000]  elapsed=29812s  rate=1.1/s  eta=61663s  finite=29004
  [warn] sample 7 failed: 
  [32600/100000]  elapsed=29820s  rate=1.1/s  eta=61653s  finite=29013
  -> checkpoint saved: /scratch/e1498138/lhs/lhs_noise2_paris1_checkpoints/lhs_noise2_paris1_ckpt_032600.pkl
  [32610/100000]  elapsed=29830s  rate=1.1/s  eta=61644s  finite=29022
  [warn] sample 9 failed: 
  [32620/100000]  elapsed=29838s  rate=1.1/s  eta=61634s  finite=29031
  [32630/100000]  elapsed=29847s  rate=1.1/s  eta=61625s  finite=29041
  [32640/100000]  elapsed=29857s  rate=1.1/s  eta=61616s  finite=29051
  [32650/100000]  elapsed=29866s  rate=1.1/s  eta=61607s  finite=29059
  [32660/100000]  elapsed=29876s  rate=1.1/s  eta=61599s  finite=29068
  [32670/100000]  elapsed=29885s  rate=1.1/s  eta=61591s  finite=29078
  [warn] sample 4 failed: 
  [32680/100000]  elapsed=29894s  rate=1.1/s  eta=61581s  finite=29086
  [32690/100000]  elapsed=29903s  rate=1.1/s  eta=61572s  finite=29096
  [32700/100000]  elapsed=29913s  rate=1.1/s  eta=61564s  finite=29105
  -> checkpoint saved: /scratch/e1498138/lhs/lhs_noise2_paris1_checkpoints/lhs_noise2_paris1_ckpt_032700.pkl
  [warn] sample 8 failed: 
  [32710/100000]  elapsed=29921s  rate=1.1/s  eta=61554s  finite=29113
  [32720/100000]  elapsed=29931s  rate=1.1/s  eta=61545s  finite=29122
  [32730/100000]  elapsed=29940s  rate=1.1/s  eta=61536s  finite=29131
  [32740/100000]  elapsed=29950s  rate=1.1/s  eta=61528s  finite=29140
  [warn] sample 2 failed: 
  [32750/100000]  elapsed=29959s  rate=1.1/s  eta=61518s  finite=29148
  [warn] sample 9 failed: 
  [32760/100000]  elapsed=29967s  rate=1.1/s  eta=61508s  finite=29157
  [32770/100000]  elapsed=29977s  rate=1.1/s  eta=61499s  finite=29166
  [warn] sample 5 failed: 
  [32780/100000]  elapsed=29985s  rate=1.1/s  eta=61489s  finite=29173
  [32790/100000]  elapsed=29995s  rate=1.1/s  eta=61480s  finite=29183
  [warn] sample 4 failed: 
  [32800/100000]  elapsed=30003s  rate=1.1/s  eta=61470s  finite=29192
  -> checkpoint saved: /scratch/e1498138/lhs/lhs_noise2_paris1_checkpoints/lhs_noise2_paris1_ckpt_032800.pkl
  [32810/100000]  elapsed=30012s  rate=1.1/s  eta=61461s  finite=29201
  [32820/100000]  elapsed=30022s  rate=1.1/s  eta=61452s  finite=29210
  [32830/100000]  elapsed=30031s  rate=1.1/s  eta=61444s  finite=29220
  [32840/100000]  elapsed=30041s  rate=1.1/s  eta=61435s  finite=29229
  [warn] sample 4 failed: 
  [32850/100000]  elapsed=30049s  rate=1.1/s  eta=61424s  finite=29238
  [warn] sample 8 failed: 
  [32860/100000]  elapsed=30058s  rate=1.1/s  eta=61414s  finite=29245
  [32870/100000]  elapsed=30067s  rate=1.1/s  eta=61406s  finite=29253
  [32880/100000]  elapsed=30077s  rate=1.1/s  eta=61397s  finite=29263
  [32890/100000]  elapsed=30086s  rate=1.1/s  eta=61389s  finite=29272
  [32900/100000]  elapsed=30096s  rate=1.1/s  eta=61380s  finite=29281
  -> checkpoint saved: /scratch/e1498138/lhs/lhs_noise2_paris1_checkpoints/lhs_noise2_paris1_ckpt_032900.pkl
  [warn] sample 3 failed: 
  [32910/100000]  elapsed=30104s  rate=1.1/s  eta=61370s  finite=29287
  [warn] sample 3 failed: 
  [32920/100000]  elapsed=30113s  rate=1.1/s  eta=61360s  finite=29295
  [warn] sample 3 failed: 
  [32930/100000]  elapsed=30122s  rate=1.1/s  eta=61350s  finite=29304
  [32940/100000]  elapsed=30131s  rate=1.1/s  eta=61341s  finite=29314
  [warn] sample 4 failed: 
  [32950/100000]  elapsed=30140s  rate=1.1/s  eta=61331s  finite=29323
  [32960/100000]  elapsed=30149s  rate=1.1/s  eta=61322s  finite=29331
  [warn] sample 1 failed: 
  [32970/100000]  elapsed=30158s  rate=1.1/s  eta=61312s  finite=29339
  [32980/100000]  elapsed=30167s  rate=1.1/s  eta=61304s  finite=29349
  [32990/100000]  elapsed=30177s  rate=1.1/s  eta=61296s  finite=29359
  [33000/100000]  elapsed=30186s  rate=1.1/s  eta=61287s  finite=29369
  -> checkpoint saved: /scratch/e1498138/lhs/lhs_noise2_paris1_checkpoints/lhs_noise2_paris1_ckpt_033000.pkl
  [33010/100000]  elapsed=30196s  rate=1.1/s  eta=61279s  finite=29378
  [warn] sample 0 failed: 
  [33020/100000]  elapsed=30204s  rate=1.1/s  eta=61268s  finite=29386
  [warn] sample 6 failed: 
  [33030/100000]  elapsed=30213s  rate=1.1/s  eta=61258s  finite=29395
  [33040/100000]  elapsed=30222s  rate=1.1/s  eta=61249s  finite=29404
  [warn] sample 6 failed: 
  [33050/100000]  elapsed=30230s  rate=1.1/s  eta=61238s  finite=29413
  [warn] sample 4 failed: 
  [33060/100000]  elapsed=30239s  rate=1.1/s  eta=61228s  finite=29422
  [33070/100000]  elapsed=30248s  rate=1.1/s  eta=61219s  finite=29432
  [33080/100000]  elapsed=30257s  rate=1.1/s  eta=61210s  finite=29439
  [33090/100000]  elapsed=30267s  rate=1.1/s  eta=61202s  finite=29449
  [warn] sample 1 failed: 
  [33100/100000]  elapsed=30276s  rate=1.1/s  eta=61191s  finite=29458
  -> checkpoint saved: /scratch/e1498138/lhs/lhs_noise2_paris1_checkpoints/lhs_noise2_paris1_ckpt_033100.pkl
  [33110/100000]  elapsed=30285s  rate=1.1/s  eta=61183s  finite=29466
  [33120/100000]  elapsed=30294s  rate=1.1/s  eta=61174s  finite=29475
  [33130/100000]  elapsed=30304s  rate=1.1/s  eta=61165s  finite=29485
  [33140/100000]  elapsed=30313s  rate=1.1/s  eta=61157s  finite=29495
  [warn] sample 7 failed: 
  [33150/100000]  elapsed=30322s  rate=1.1/s  eta=61147s  finite=29504
  [33160/100000]  elapsed=30332s  rate=1.1/s  eta=61139s  finite=29514
  [warn] sample 4 failed: 
  [33170/100000]  elapsed=30340s  rate=1.1/s  eta=61129s  finite=29523
  [33180/100000]  elapsed=30350s  rate=1.1/s  eta=61120s  finite=29531
  [33190/100000]  elapsed=30359s  rate=1.1/s  eta=61112s  finite=29540
  [warn] sample 7 failed: 
  [33200/100000]  elapsed=30368s  rate=1.1/s  eta=61102s  finite=29549
  -> checkpoint saved: /scratch/e1498138/lhs/lhs_noise2_paris1_checkpoints/lhs_noise2_paris1_ckpt_033200.pkl
  [warn] sample 3 failed: 
  [33210/100000]  elapsed=30376s  rate=1.1/s  eta=61091s  finite=29557
  [warn] sample 4 failed: 
  [warn] sample 9 failed: 
  [33220/100000]  elapsed=30384s  rate=1.1/s  eta=61079s  finite=29565
  [33230/100000]  elapsed=30393s  rate=1.1/s  eta=61070s  finite=29575
  [33240/100000]  elapsed=30403s  rate=1.1/s  eta=61062s  finite=29585
  [33250/100000]  elapsed=30412s  rate=1.1/s  eta=61053s  finite=29595
  [33260/100000]  elapsed=30422s  rate=1.1/s  eta=61045s  finite=29604
  [33270/100000]  elapsed=30431s  rate=1.1/s  eta=61036s  finite=29610
  [warn] sample 3 failed: 
  [33280/100000]  elapsed=30440s  rate=1.1/s  eta=61026s  finite=29619
  [33290/100000]  elapsed=30449s  rate=1.1/s  eta=61017s  finite=29628
  [33300/100000]  elapsed=30459s  rate=1.1/s  eta=61009s  finite=29635
  -> checkpoint saved: /scratch/e1498138/lhs/lhs_noise2_paris1_checkpoints/lhs_noise2_paris1_ckpt_033300.pkl
  [warn] sample 0 failed: 
  [33310/100000]  elapsed=30467s  rate=1.1/s  eta=60998s  finite=29642
  [33320/100000]  elapsed=30477s  rate=1.1/s  eta=60990s  finite=29652
  [warn] sample 1 failed: 
  [33330/100000]  elapsed=30485s  rate=1.1/s  eta=60979s  finite=29661
  [warn] sample 0 failed: 
  [warn] sample 7 failed: 
  [33340/100000]  elapsed=30493s  rate=1.1/s  eta=60967s  finite=29669
  [33350/100000]  elapsed=30502s  rate=1.1/s  eta=60958s  finite=29678
  [warn] sample 8 failed: 
  [33360/100000]  elapsed=30511s  rate=1.1/s  eta=60949s  finite=29686
  [33370/100000]  elapsed=30520s  rate=1.1/s  eta=60940s  finite=29695
  [33380/100000]  elapsed=30530s  rate=1.1/s  eta=60932s  finite=29704
  [33390/100000]  elapsed=30540s  rate=1.1/s  eta=60924s  finite=29713
  [33400/100000]  elapsed=30549s  rate=1.1/s  eta=60915s  finite=29722
  -> checkpoint saved: /scratch/e1498138/lhs/lhs_noise2_paris1_checkpoints/lhs_noise2_paris1_ckpt_033400.pkl
  [33410/100000]  elapsed=30558s  rate=1.1/s  eta=60906s  finite=29732
  [33420/100000]  elapsed=30568s  rate=1.1/s  eta=60897s  finite=29742
  [33430/100000]  elapsed=30577s  rate=1.1/s  eta=60889s  finite=29751
  [33440/100000]  elapsed=30587s  rate=1.1/s  eta=60880s  finite=29761
  [33450/100000]  elapsed=30596s  rate=1.1/s  eta=60872s  finite=29771
  [warn] sample 3 failed: 
  [33460/100000]  elapsed=30605s  rate=1.1/s  eta=60862s  finite=29779
  [33470/100000]  elapsed=30614s  rate=1.1/s  eta=60853s  finite=29787
  [33480/100000]  elapsed=30623s  rate=1.1/s  eta=60844s  finite=29796
  [33490/100000]  elapsed=30633s  rate=1.1/s  eta=60836s  finite=29805
  [33500/100000]  elapsed=30642s  rate=1.1/s  eta=60827s  finite=29815
  -> checkpoint saved: /scratch/e1498138/lhs/lhs_noise2_paris1_checkpoints/lhs_noise2_paris1_ckpt_033500.pkl
  [33510/100000]  elapsed=30652s  rate=1.1/s  eta=60818s  finite=29824
  [33520/100000]  elapsed=30661s  rate=1.1/s  eta=60810s  finite=29832
  [33530/100000]  elapsed=30670s  rate=1.1/s  eta=60801s  finite=29841
  [33540/100000]  elapsed=30680s  rate=1.1/s  eta=60793s  finite=29850
  [33550/100000]  elapsed=30689s  rate=1.1/s  eta=60784s  finite=29860
  [33560/100000]  elapsed=30699s  rate=1.1/s  eta=60776s  finite=29868
  [33570/100000]  elapsed=30708s  rate=1.1/s  eta=60767s  finite=29878
  [warn] sample 4 failed: 
  [33580/100000]  elapsed=30717s  rate=1.1/s  eta=60757s  finite=29885
  [33590/100000]  elapsed=30726s  rate=1.1/s  eta=60749s  finite=29894
  [warn] sample 9 failed: 
  [33600/100000]  elapsed=30741s  rate=1.1/s  eta=60750s  finite=29903
  -> checkpoint saved: /scratch/e1498138/lhs/lhs_noise2_paris1_checkpoints/lhs_noise2_paris1_ckpt_033600.pkl
  [33610/100000]  elapsed=30751s  rate=1.1/s  eta=60742s  finite=29913
  [33620/100000]  elapsed=30760s  rate=1.1/s  eta=60734s  finite=29923
  [33630/100000]  elapsed=30770s  rate=1.1/s  eta=60725s  finite=29932
  [33640/100000]  elapsed=30779s  rate=1.1/s  eta=60717s  finite=29940
  [33650/100000]  elapsed=30789s  rate=1.1/s  eta=60709s  finite=29949
  [33660/100000]  elapsed=30798s  rate=1.1/s  eta=60700s  finite=29959
  [33670/100000]  elapsed=30808s  rate=1.1/s  eta=60692s  finite=29969
  [33680/100000]  elapsed=30817s  rate=1.1/s  eta=60683s  finite=29979
  [warn] sample 0 failed: 
  [33690/100000]  elapsed=30826s  rate=1.1/s  eta=60673s  finite=29987
  [33700/100000]  elapsed=30836s  rate=1.1/s  eta=60665s  finite=29996
  -> checkpoint saved: /scratch/e1498138/lhs/lhs_noise2_paris1_checkpoints/lhs_noise2_paris1_ckpt_033700.pkl
  [warn] sample 2 failed: 
  [33710/100000]  elapsed=30845s  rate=1.1/s  eta=60655s  finite=30005
  [warn] sample 1 failed: 
  [33720/100000]  elapsed=30853s  rate=1.1/s  eta=60645s  finite=30012
  [33730/100000]  elapsed=30863s  rate=1.1/s  eta=60636s  finite=30021
  [33740/100000]  elapsed=30872s  rate=1.1/s  eta=60628s  finite=30031
  [33750/100000]  elapsed=30882s  rate=1.1/s  eta=60619s  finite=30040
  [33760/100000]  elapsed=30891s  rate=1.1/s  eta=60611s  finite=30049
  [warn] sample 5 failed: 
  [33770/100000]  elapsed=30900s  rate=1.1/s  eta=60601s  finite=30057
  [33780/100000]  elapsed=30909s  rate=1.1/s  eta=60592s  finite=30066
  [warn] sample 1 failed: 
  [33790/100000]  elapsed=30918s  rate=1.1/s  eta=60582s  finite=30074
  [33800/100000]  elapsed=30927s  rate=1.1/s  eta=60574s  finite=30083
  -> checkpoint saved: /scratch/e1498138/lhs/lhs_noise2_paris1_checkpoints/lhs_noise2_paris1_ckpt_033800.pkl
  [33810/100000]  elapsed=30937s  rate=1.1/s  eta=60565s  finite=30093
  [warn] sample 5 failed: 
  [33820/100000]  elapsed=30946s  rate=1.1/s  eta=60555s  finite=30100
  [warn] sample 8 failed: 
  [33830/100000]  elapsed=30955s  rate=1.1/s  eta=60546s  finite=30108
  [33840/100000]  elapsed=30964s  rate=1.1/s  eta=60537s  finite=30117
  [33850/100000]  elapsed=30974s  rate=1.1/s  eta=60529s  finite=30127
  [33860/100000]  elapsed=30983s  rate=1.1/s  eta=60521s  finite=30137
  [33870/100000]  elapsed=30993s  rate=1.1/s  eta=60513s  finite=30145
  [warn] sample 8 failed: 
  [33880/100000]  elapsed=31002s  rate=1.1/s  eta=60502s  finite=30153
  [33890/100000]  elapsed=31011s  rate=1.1/s  eta=60494s  finite=30163
  [33900/100000]  elapsed=31020s  rate=1.1/s  eta=60485s  finite=30170
  -> checkpoint saved: /scratch/e1498138/lhs/lhs_noise2_paris1_checkpoints/lhs_noise2_paris1_ckpt_033900.pkl
  [33910/100000]  elapsed=31030s  rate=1.1/s  eta=60476s  finite=30179
  [warn] sample 3 failed: 
  [33920/100000]  elapsed=31038s  rate=1.1/s  eta=60466s  finite=30188
  [33930/100000]  elapsed=31048s  rate=1.1/s  eta=60458s  finite=30198
  [33940/100000]  elapsed=31057s  rate=1.1/s  eta=60449s  finite=30207
  [33950/100000]  elapsed=31067s  rate=1.1/s  eta=60441s  finite=30216
  [33960/100000]  elapsed=31077s  rate=1.1/s  eta=60433s  finite=30224
  [33970/100000]  elapsed=31086s  rate=1.1/s  eta=60424s  finite=30233
  [33980/100000]  elapsed=31096s  rate=1.1/s  eta=60416s  finite=30243
  [33990/100000]  elapsed=31105s  rate=1.1/s  eta=60408s  finite=30252
  [warn] sample 7 failed: 
  [34000/100000]  elapsed=31114s  rate=1.1/s  eta=60398s  finite=30260
  -> checkpoint saved: /scratch/e1498138/lhs/lhs_noise2_paris1_checkpoints/lhs_noise2_paris1_ckpt_034000.pkl
  [34010/100000]  elapsed=31123s  rate=1.1/s  eta=60389s  finite=30269
  [34020/100000]  elapsed=31133s  rate=1.1/s  eta=60380s  finite=30276
  [34030/100000]  elapsed=31142s  rate=1.1/s  eta=60371s  finite=30286
  [warn] sample 2 failed: 
  [34040/100000]  elapsed=31151s  rate=1.1/s  eta=60361s  finite=30295
  [34050/100000]  elapsed=31160s  rate=1.1/s  eta=60353s  finite=30304
  [warn] sample 8 failed: 
  [34060/100000]  elapsed=31169s  rate=1.1/s  eta=60343s  finite=30313
  [34070/100000]  elapsed=31178s  rate=1.1/s  eta=60334s  finite=30322
  [warn] sample 2 failed: 
  [34080/100000]  elapsed=31187s  rate=1.1/s  eta=60324s  finite=30329
  [warn] sample 0 failed: 
  [34090/100000]  elapsed=31196s  rate=1.1/s  eta=60314s  finite=30338
  [warn] sample 2 failed: 
  [warn] sample 4 failed: 
  [warn] sample 9 failed: 
  [34100/100000]  elapsed=31203s  rate=1.1/s  eta=60301s  finite=30344
  -> checkpoint saved: /scratch/e1498138/lhs/lhs_noise2_paris1_checkpoints/lhs_noise2_paris1_ckpt_034100.pkl
  [warn] sample 8 failed: 
  [34110/100000]  elapsed=31212s  rate=1.1/s  eta=60291s  finite=30353
  [warn] sample 4 failed: 
  [34120/100000]  elapsed=31220s  rate=1.1/s  eta=60281s  finite=30362
  [warn] sample 8 failed: 
  [34130/100000]  elapsed=31229s  rate=1.1/s  eta=60271s  finite=30369
  [warn] sample 5 failed: 
  [warn] sample 8 failed: 
  [34140/100000]  elapsed=31237s  rate=1.1/s  eta=60260s  finite=30376
  [34150/100000]  elapsed=31246s  rate=1.1/s  eta=60251s  finite=30384
  [34160/100000]  elapsed=31256s  rate=1.1/s  eta=60243s  finite=30392
  [34170/100000]  elapsed=31265s  rate=1.1/s  eta=60234s  finite=30399
  [34180/100000]  elapsed=31275s  rate=1.1/s  eta=60225s  finite=30409
  [34190/100000]  elapsed=31284s  rate=1.1/s  eta=60217s  finite=30419
  [34200/100000]  elapsed=31293s  rate=1.1/s  eta=60208s  finite=30429
  -> checkpoint saved: /scratch/e1498138/lhs/lhs_noise2_paris1_checkpoints/lhs_noise2_paris1_ckpt_034200.pkl
  [34210/100000]  elapsed=31303s  rate=1.1/s  eta=60199s  finite=30439
  [warn] sample 8 failed: 
  [34220/100000]  elapsed=31311s  rate=1.1/s  eta=60189s  finite=30448
  [34230/100000]  elapsed=31321s  rate=1.1/s  eta=60180s  finite=30457
  [34240/100000]  elapsed=31330s  rate=1.1/s  eta=60171s  finite=30465
  [warn] sample 1 failed: 
  [34250/100000]  elapsed=31338s  rate=1.1/s  eta=60161s  finite=30472
  [34260/100000]  elapsed=31348s  rate=1.1/s  eta=60152s  finite=30482
  [warn] sample 3 failed: 
  [34270/100000]  elapsed=31356s  rate=1.1/s  eta=60141s  finite=30491
  [34280/100000]  elapsed=31366s  rate=1.1/s  eta=60133s  finite=30501
  [34290/100000]  elapsed=31375s  rate=1.1/s  eta=60124s  finite=30509
  [34300/100000]  elapsed=31385s  rate=1.1/s  eta=60116s  finite=30519
  -> checkpoint saved: /scratch/e1498138/lhs/lhs_noise2_paris1_checkpoints/lhs_noise2_paris1_ckpt_034300.pkl
  [warn] sample 0 failed: 
  [34310/100000]  elapsed=31393s  rate=1.1/s  eta=60105s  finite=30527
  [34320/100000]  elapsed=31402s  rate=1.1/s  eta=60096s  finite=30536
  [34330/100000]  elapsed=31412s  rate=1.1/s  eta=60088s  finite=30545
  [34340/100000]  elapsed=31421s  rate=1.1/s  eta=60079s  finite=30555
  [warn] sample 6 failed: 
  [34350/100000]  elapsed=31430s  rate=1.1/s  eta=60069s  finite=30564
  [34360/100000]  elapsed=31439s  rate=1.1/s  eta=60060s  finite=30574
  [warn] sample 4 failed: 
  [warn] sample 5 failed: 
  [34370/100000]  elapsed=31447s  rate=1.1/s  eta=60049s  finite=30581
  [warn] sample 1 failed: 
  [34380/100000]  elapsed=31456s  rate=1.1/s  eta=60039s  finite=30589
  [34390/100000]  elapsed=31465s  rate=1.1/s  eta=60030s  finite=30599
  [34400/100000]  elapsed=31475s  rate=1.1/s  eta=60022s  finite=30608
  -> checkpoint saved: /scratch/e1498138/lhs/lhs_noise2_paris1_checkpoints/lhs_noise2_paris1_ckpt_034400.pkl
  [34410/100000]  elapsed=31484s  rate=1.1/s  eta=60013s  finite=30616
  [34420/100000]  elapsed=31494s  rate=1.1/s  eta=60004s  finite=30625
  [34430/100000]  elapsed=31503s  rate=1.1/s  eta=59996s  finite=30634
  [34440/100000]  elapsed=31512s  rate=1.1/s  eta=59987s  finite=30642
  [warn] sample 6 failed: 
  [34450/100000]  elapsed=31521s  rate=1.1/s  eta=59977s  finite=30650
  [warn] sample 0 failed: 
  [34460/100000]  elapsed=31529s  rate=1.1/s  eta=59966s  finite=30659
  [34470/100000]  elapsed=31539s  rate=1.1/s  eta=59958s  finite=30668
  [warn] sample 7 failed: 
  [34480/100000]  elapsed=31547s  rate=1.1/s  eta=59947s  finite=30673
  [34490/100000]  elapsed=31557s  rate=1.1/s  eta=59939s  finite=30682
  [34500/100000]  elapsed=31566s  rate=1.1/s  eta=59930s  finite=30692
  -> checkpoint saved: /scratch/e1498138/lhs/lhs_noise2_paris1_checkpoints/lhs_noise2_paris1_ckpt_034500.pkl
  [warn] sample 3 failed: 
  [34510/100000]  elapsed=31575s  rate=1.1/s  eta=59920s  finite=30700
  [warn] sample 3 failed: 
  [34520/100000]  elapsed=31583s  rate=1.1/s  eta=59909s  finite=30707
  [34530/100000]  elapsed=31593s  rate=1.1/s  eta=59901s  finite=30717
  [34540/100000]  elapsed=31602s  rate=1.1/s  eta=59892s  finite=30726
  [34550/100000]  elapsed=31612s  rate=1.1/s  eta=59884s  finite=30736
  [34560/100000]  elapsed=31621s  rate=1.1/s  eta=59875s  finite=30744
  [34570/100000]  elapsed=31630s  rate=1.1/s  eta=59866s  finite=30753
  [34580/100000]  elapsed=31640s  rate=1.1/s  eta=59857s  finite=30763
  [warn] sample 5 failed: 
  [34590/100000]  elapsed=31648s  rate=1.1/s  eta=59847s  finite=30772
  [34600/100000]  elapsed=31658s  rate=1.1/s  eta=59839s  finite=30781
  -> checkpoint saved: /scratch/e1498138/lhs/lhs_noise2_paris1_checkpoints/lhs_noise2_paris1_ckpt_034600.pkl
  [34610/100000]  elapsed=31667s  rate=1.1/s  eta=59830s  finite=30788
  [34620/100000]  elapsed=31676s  rate=1.1/s  eta=59821s  finite=30797
  [34630/100000]  elapsed=31686s  rate=1.1/s  eta=59813s  finite=30805
  [34640/100000]  elapsed=31695s  rate=1.1/s  eta=59804s  finite=30814
  [34650/100000]  elapsed=31705s  rate=1.1/s  eta=59795s  finite=30823
  [34660/100000]  elapsed=31714s  rate=1.1/s  eta=59786s  finite=30833
  [34670/100000]  elapsed=31723s  rate=1.1/s  eta=59778s  finite=30842
  [warn] sample 0 failed: 
  [warn] sample 9 failed: 
  [34680/100000]  elapsed=31731s  rate=1.1/s  eta=59766s  finite=30850
  [warn] sample 9 failed: 
  [34690/100000]  elapsed=31740s  rate=1.1/s  eta=59756s  finite=30855
  [34700/100000]  elapsed=31749s  rate=1.1/s  eta=59747s  finite=30864
  -> checkpoint saved: /scratch/e1498138/lhs/lhs_noise2_paris1_checkpoints/lhs_noise2_paris1_ckpt_034700.pkl
  [34710/100000]  elapsed=31759s  rate=1.1/s  eta=59738s  finite=30872
  [34720/100000]  elapsed=31768s  rate=1.1/s  eta=59730s  finite=30880
  [warn] sample 5 failed: 
  [warn] sample 6 failed: 
  [34730/100000]  elapsed=31776s  rate=1.1/s  eta=59718s  finite=30888
  [34740/100000]  elapsed=31785s  rate=1.1/s  eta=59709s  finite=30898
  [warn] sample 1 failed: 
  [34750/100000]  elapsed=31794s  rate=1.1/s  eta=59699s  finite=30907
  [34760/100000]  elapsed=31803s  rate=1.1/s  eta=59690s  finite=30916
  [warn] sample 5 failed: 
  [34770/100000]  elapsed=31812s  rate=1.1/s  eta=59681s  finite=30925
  [34780/100000]  elapsed=31821s  rate=1.1/s  eta=59672s  finite=30934
  [34790/100000]  elapsed=31831s  rate=1.1/s  eta=59663s  finite=30943
  [34800/100000]  elapsed=31840s  rate=1.1/s  eta=59655s  finite=30952
  -> checkpoint saved: /scratch/e1498138/lhs/lhs_noise2_paris1_checkpoints/lhs_noise2_paris1_ckpt_034800.pkl
  [warn] sample 0 failed: 
  [34810/100000]  elapsed=31849s  rate=1.1/s  eta=59645s  finite=30961
  [34820/100000]  elapsed=31858s  rate=1.1/s  eta=59636s  finite=30968
  [34830/100000]  elapsed=31868s  rate=1.1/s  eta=59628s  finite=30978
  [34840/100000]  elapsed=31877s  rate=1.1/s  eta=59619s  finite=30987
  [34850/100000]  elapsed=31887s  rate=1.1/s  eta=59611s  finite=30997
  [warn] sample 8 failed: 
  [34860/100000]  elapsed=31896s  rate=1.1/s  eta=59601s  finite=31005
  [warn] sample 7 failed: 
  [34870/100000]  elapsed=31904s  rate=1.1/s  eta=59591s  finite=31013
  [warn] sample 8 failed: 
  [34880/100000]  elapsed=31913s  rate=1.1/s  eta=59581s  finite=31022
  [34890/100000]  elapsed=31923s  rate=1.1/s  eta=59572s  finite=31031
  [warn] sample 5 failed: 
  [34900/100000]  elapsed=31931s  rate=1.1/s  eta=59562s  finite=31040
  -> checkpoint saved: /scratch/e1498138/lhs/lhs_noise2_paris1_checkpoints/lhs_noise2_paris1_ckpt_034900.pkl
  [34910/100000]  elapsed=31941s  rate=1.1/s  eta=59554s  finite=31050
  [warn] sample 5 failed: 
  [warn] sample 7 failed: 
  [34920/100000]  elapsed=31949s  rate=1.1/s  eta=59542s  finite=31056
  [34930/100000]  elapsed=31958s  rate=1.1/s  eta=59534s  finite=31065
  [warn] sample 1 failed: 
  [34940/100000]  elapsed=31967s  rate=1.1/s  eta=59524s  finite=31072
  [warn] sample 8 failed: 
  [34950/100000]  elapsed=31976s  rate=1.1/s  eta=59514s  finite=31080
  [34960/100000]  elapsed=31985s  rate=1.1/s  eta=59505s  finite=31090
  [34970/100000]  elapsed=31995s  rate=1.1/s  eta=59497s  finite=31100
  [warn] sample 2 failed: 
  [34980/100000]  elapsed=32003s  rate=1.1/s  eta=59487s  finite=31107
  [34990/100000]  elapsed=32013s  rate=1.1/s  eta=59479s  finite=31117
  [35000/100000]  elapsed=32022s  rate=1.1/s  eta=59470s  finite=31127
  -> checkpoint saved: /scratch/e1498138/lhs/lhs_noise2_paris1_checkpoints/lhs_noise2_paris1_ckpt_035000.pkl
  [35010/100000]  elapsed=32032s  rate=1.1/s  eta=59461s  finite=31136
  [35020/100000]  elapsed=32041s  rate=1.1/s  eta=59453s  finite=31145
  [35030/100000]  elapsed=32051s  rate=1.1/s  eta=59444s  finite=31155
  [warn] sample 6 failed: 
  [35040/100000]  elapsed=32059s  rate=1.1/s  eta=59434s  finite=31163
  [35050/100000]  elapsed=32069s  rate=1.1/s  eta=59426s  finite=31173
  [35060/100000]  elapsed=32078s  rate=1.1/s  eta=59417s  finite=31183
  [35070/100000]  elapsed=32088s  rate=1.1/s  eta=59408s  finite=31192
  [35080/100000]  elapsed=32097s  rate=1.1/s  eta=59400s  finite=31202
  [35090/100000]  elapsed=32106s  rate=1.1/s  eta=59391s  finite=31212
  [warn] sample 0 failed: 
  [35100/100000]  elapsed=32115s  rate=1.1/s  eta=59381s  finite=31221
  -> checkpoint saved: /scratch/e1498138/lhs/lhs_noise2_paris1_checkpoints/lhs_noise2_paris1_ckpt_035100.pkl
  [35110/100000]  elapsed=32124s  rate=1.1/s  eta=59372s  finite=31230
  [35120/100000]  elapsed=32134s  rate=1.1/s  eta=59363s  finite=31238
  [35130/100000]  elapsed=32143s  rate=1.1/s  eta=59354s  finite=31247
  [35140/100000]  elapsed=32152s  rate=1.1/s  eta=59345s  finite=31256
  [warn] sample 2 failed: 
  [35150/100000]  elapsed=32161s  rate=1.1/s  eta=59335s  finite=31265
  [35160/100000]  elapsed=32170s  rate=1.1/s  eta=59326s  finite=31275
  [35170/100000]  elapsed=32180s  rate=1.1/s  eta=59318s  finite=31285
  [35180/100000]  elapsed=32189s  rate=1.1/s  eta=59309s  finite=31295
  [35190/100000]  elapsed=32198s  rate=1.1/s  eta=59300s  finite=31301
  [warn] sample 7 failed: 
  [35200/100000]  elapsed=32207s  rate=1.1/s  eta=59290s  finite=31306
  -> checkpoint saved: /scratch/e1498138/lhs/lhs_noise2_paris1_checkpoints/lhs_noise2_paris1_ckpt_035200.pkl
  [35210/100000]  elapsed=32216s  rate=1.1/s  eta=59281s  finite=31316
  [warn] sample 4 failed: 
  [35220/100000]  elapsed=32225s  rate=1.1/s  eta=59271s  finite=31324
  [warn] sample 8 failed: 
  [35230/100000]  elapsed=32234s  rate=1.1/s  eta=59261s  finite=31333
  [35240/100000]  elapsed=32243s  rate=1.1/s  eta=59253s  finite=31343
  [35250/100000]  elapsed=32253s  rate=1.1/s  eta=59244s  finite=31353
  [35260/100000]  elapsed=32262s  rate=1.1/s  eta=59236s  finite=31363
  [35270/100000]  elapsed=32272s  rate=1.1/s  eta=59227s  finite=31372
  [warn] sample 0 failed: 
  [35280/100000]  elapsed=32280s  rate=1.1/s  eta=59217s  finite=31381
  [35290/100000]  elapsed=32290s  rate=1.1/s  eta=59208s  finite=31389
  [35300/100000]  elapsed=32299s  rate=1.1/s  eta=59200s  finite=31397
  -> checkpoint saved: /scratch/e1498138/lhs/lhs_noise2_paris1_checkpoints/lhs_noise2_paris1_ckpt_035300.pkl
  [warn] sample 2 failed: 
  [warn] sample 4 failed: 
  [35310/100000]  elapsed=32307s  rate=1.1/s  eta=59188s  finite=31405
  [warn] sample 8 failed: 
  [35320/100000]  elapsed=32316s  rate=1.1/s  eta=59178s  finite=31413
  [35330/100000]  elapsed=32325s  rate=1.1/s  eta=59169s  finite=31423
  [warn] sample 9 failed: 
  [35340/100000]  elapsed=32334s  rate=1.1/s  eta=59159s  finite=31431
  [warn] sample 1 failed: 
  [35350/100000]  elapsed=32342s  rate=1.1/s  eta=59149s  finite=31438
  [35360/100000]  elapsed=32357s  rate=1.1/s  eta=59150s  finite=31446
  [35370/100000]  elapsed=32366s  rate=1.1/s  eta=59142s  finite=31456
  [warn] sample 1 failed: 
  [35380/100000]  elapsed=32375s  rate=1.1/s  eta=59132s  finite=31465
  [warn] sample 8 failed: 
  [35390/100000]  elapsed=32384s  rate=1.1/s  eta=59121s  finite=31474
  [warn] sample 1 failed: 
  [35400/100000]  elapsed=32392s  rate=1.1/s  eta=59111s  finite=31482
  -> checkpoint saved: /scratch/e1498138/lhs/lhs_noise2_paris1_checkpoints/lhs_noise2_paris1_ckpt_035400.pkl
  [35410/100000]  elapsed=32401s  rate=1.1/s  eta=59102s  finite=31491
  [35420/100000]  elapsed=32411s  rate=1.1/s  eta=59094s  finite=31500
  [35430/100000]  elapsed=32420s  rate=1.1/s  eta=59085s  finite=31510
  [warn] sample 2 failed: 
  [35440/100000]  elapsed=32429s  rate=1.1/s  eta=59075s  finite=31519
  [warn] sample 5 failed: 
  [35450/100000]  elapsed=32437s  rate=1.1/s  eta=59065s  finite=31526
  [35460/100000]  elapsed=32447s  rate=1.1/s  eta=59056s  finite=31534
  [35470/100000]  elapsed=32456s  rate=1.1/s  eta=59047s  finite=31543
  [35480/100000]  elapsed=32465s  rate=1.1/s  eta=59038s  finite=31553
  [35490/100000]  elapsed=32475s  rate=1.1/s  eta=59029s  finite=31563
  [35500/100000]  elapsed=32484s  rate=1.1/s  eta=59020s  finite=31573
  -> checkpoint saved: /scratch/e1498138/lhs/lhs_noise2_paris1_checkpoints/lhs_noise2_paris1_ckpt_035500.pkl
  [35510/100000]  elapsed=32494s  rate=1.1/s  eta=59012s  finite=31580
  [35520/100000]  elapsed=32503s  rate=1.1/s  eta=59003s  finite=31590
  [35530/100000]  elapsed=32512s  rate=1.1/s  eta=58994s  finite=31597
  [35540/100000]  elapsed=32522s  rate=1.1/s  eta=58986s  finite=31606
  [35550/100000]  elapsed=32531s  rate=1.1/s  eta=58977s  finite=31614
  [35560/100000]  elapsed=32541s  rate=1.1/s  eta=58969s  finite=31622
  [35570/100000]  elapsed=32550s  rate=1.1/s  eta=58960s  finite=31632
  [35580/100000]  elapsed=32559s  rate=1.1/s  eta=58951s  finite=31641
  [warn] sample 1 failed: 
  [35590/100000]  elapsed=32568s  rate=1.1/s  eta=58941s  finite=31649
  [warn] sample 8 failed: 
  [35600/100000]  elapsed=32576s  rate=1.1/s  eta=58931s  finite=31658
  -> checkpoint saved: /scratch/e1498138/lhs/lhs_noise2_paris1_checkpoints/lhs_noise2_paris1_ckpt_035600.pkl
  [warn] sample 3 failed: 
  [warn] sample 7 failed: 
  [35610/100000]  elapsed=32584s  rate=1.1/s  eta=58919s  finite=31666
  [35620/100000]  elapsed=32594s  rate=1.1/s  eta=58910s  finite=31675
  [warn] sample 3 failed: 
  [35630/100000]  elapsed=32602s  rate=1.1/s  eta=58900s  finite=31683
  [35640/100000]  elapsed=32612s  rate=1.1/s  eta=58892s  finite=31692
  [35650/100000]  elapsed=32622s  rate=1.1/s  eta=58884s  finite=31702
  [35660/100000]  elapsed=32631s  rate=1.1/s  eta=58875s  finite=31712
  [35670/100000]  elapsed=32641s  rate=1.1/s  eta=58866s  finite=31721
  [35680/100000]  elapsed=32650s  rate=1.1/s  eta=58858s  finite=31730
  [35690/100000]  elapsed=32659s  rate=1.1/s  eta=58849s  finite=31739
  [35700/100000]  elapsed=32669s  rate=1.1/s  eta=58840s  finite=31748
  -> checkpoint saved: /scratch/e1498138/lhs/lhs_noise2_paris1_checkpoints/lhs_noise2_paris1_ckpt_035700.pkl
  [35710/100000]  elapsed=32678s  rate=1.1/s  eta=58831s  finite=31757
  [35720/100000]  elapsed=32687s  rate=1.1/s  eta=58823s  finite=31766
  [35730/100000]  elapsed=32697s  rate=1.1/s  eta=58814s  finite=31775
  [35740/100000]  elapsed=32706s  rate=1.1/s  eta=58806s  finite=31785
  [warn] sample 3 failed: 
  [warn] sample 7 failed: 
  [35750/100000]  elapsed=32714s  rate=1.1/s  eta=58794s  finite=31791
  [warn] sample 9 failed: 
  [35760/100000]  elapsed=32723s  rate=1.1/s  eta=58784s  finite=31800
  [35770/100000]  elapsed=32732s  rate=1.1/s  eta=58775s  finite=31809
  [warn] sample 8 failed: 
  [35780/100000]  elapsed=32741s  rate=1.1/s  eta=58765s  finite=31817
  [35790/100000]  elapsed=32750s  rate=1.1/s  eta=58756s  finite=31826
  [35800/100000]  elapsed=32760s  rate=1.1/s  eta=58748s  finite=31836
  -> checkpoint saved: /scratch/e1498138/lhs/lhs_noise2_paris1_checkpoints/lhs_noise2_paris1_ckpt_035800.pkl
  [warn] sample 1 failed: 
  [35810/100000]  elapsed=32768s  rate=1.1/s  eta=58738s  finite=31844
  [35820/100000]  elapsed=32778s  rate=1.1/s  eta=58729s  finite=31854
  [35830/100000]  elapsed=32787s  rate=1.1/s  eta=58720s  finite=31864
  [warn] sample 0 failed: 
  [warn] sample 7 failed: 
  [35840/100000]  elapsed=32795s  rate=1.1/s  eta=58709s  finite=31871
  [warn] sample 4 failed: 
  [35850/100000]  elapsed=32803s  rate=1.1/s  eta=58698s  finite=31880
  [35860/100000]  elapsed=32813s  rate=1.1/s  eta=58690s  finite=31890
  [35870/100000]  elapsed=32822s  rate=1.1/s  eta=58681s  finite=31898
  [35880/100000]  elapsed=32831s  rate=1.1/s  eta=58672s  finite=31907
  [35890/100000]  elapsed=32841s  rate=1.1/s  eta=58663s  finite=31916
  [35900/100000]  elapsed=32850s  rate=1.1/s  eta=58654s  finite=31925
  -> checkpoint saved: /scratch/e1498138/lhs/lhs_noise2_paris1_checkpoints/lhs_noise2_paris1_ckpt_035900.pkl
  [35910/100000]  elapsed=32859s  rate=1.1/s  eta=58645s  finite=31933
  [35920/100000]  elapsed=32869s  rate=1.1/s  eta=58636s  finite=31942
  [warn] sample 5 failed: 
  [35930/100000]  elapsed=32877s  rate=1.1/s  eta=58627s  finite=31950
  [35940/100000]  elapsed=32887s  rate=1.1/s  eta=58618s  finite=31959
  [35950/100000]  elapsed=32896s  rate=1.1/s  eta=58609s  finite=31969
  [35960/100000]  elapsed=32906s  rate=1.1/s  eta=58601s  finite=31978
  [warn] sample 6 failed: 
  [35970/100000]  elapsed=32914s  rate=1.1/s  eta=58590s  finite=31986
  [35980/100000]  elapsed=32924s  rate=1.1/s  eta=58582s  finite=31996
  [warn] sample 3 failed: 
  [35990/100000]  elapsed=32932s  rate=1.1/s  eta=58571s  finite=32005
  [36000/100000]  elapsed=32941s  rate=1.1/s  eta=58562s  finite=32015
  -> checkpoint saved: /scratch/e1498138/lhs/lhs_noise2_paris1_checkpoints/lhs_noise2_paris1_ckpt_036000.pkl
  [warn] sample 3 failed: 
  [warn] sample 9 failed: 
  [36010/100000]  elapsed=32949s  rate=1.1/s  eta=58551s  finite=32023
  [36020/100000]  elapsed=32959s  rate=1.1/s  eta=58542s  finite=32033
  [36030/100000]  elapsed=32968s  rate=1.1/s  eta=58534s  finite=32042
  [warn] sample 3 failed: 
  [36040/100000]  elapsed=32977s  rate=1.1/s  eta=58523s  finite=32048
  [36050/100000]  elapsed=32986s  rate=1.1/s  eta=58515s  finite=32057
  [warn] sample 8 failed: 
  [36060/100000]  elapsed=32995s  rate=1.1/s  eta=58505s  finite=32066
  [36070/100000]  elapsed=33004s  rate=1.1/s  eta=58496s  finite=32076
  [36080/100000]  elapsed=33014s  rate=1.1/s  eta=58488s  finite=32085
  [36090/100000]  elapsed=33023s  rate=1.1/s  eta=58479s  finite=32093
  [36100/100000]  elapsed=33033s  rate=1.1/s  eta=58471s  finite=32103
  -> checkpoint saved: /scratch/e1498138/lhs/lhs_noise2_paris1_checkpoints/lhs_noise2_paris1_ckpt_036100.pkl
  [warn] sample 2 failed: 
  [36110/100000]  elapsed=33041s  rate=1.1/s  eta=58461s  finite=32110
  [36120/100000]  elapsed=33051s  rate=1.1/s  eta=58452s  finite=32120
  [36130/100000]  elapsed=33060s  rate=1.1/s  eta=58443s  finite=32130
  [36140/100000]  elapsed=33069s  rate=1.1/s  eta=58434s  finite=32138
  [36150/100000]  elapsed=33079s  rate=1.1/s  eta=58426s  finite=32148
  [36160/100000]  elapsed=33088s  rate=1.1/s  eta=58417s  finite=32156
  [36170/100000]  elapsed=33098s  rate=1.1/s  eta=58408s  finite=32165
  [36180/100000]  elapsed=33107s  rate=1.1/s  eta=58400s  finite=32173
  [warn] sample 9 failed: 
  [36190/100000]  elapsed=33116s  rate=1.1/s  eta=58390s  finite=32181
  [warn] sample 9 failed: 
  [36200/100000]  elapsed=33125s  rate=1.1/s  eta=58380s  finite=32190
  -> checkpoint saved: /scratch/e1498138/lhs/lhs_noise2_paris1_checkpoints/lhs_noise2_paris1_ckpt_036200.pkl
  [warn] sample 1 failed: 
  [36210/100000]  elapsed=33133s  rate=1.1/s  eta=58370s  finite=32198
  [warn] sample 2 failed: 
  [warn] sample 9 failed: 
  [36220/100000]  elapsed=33141s  rate=1.1/s  eta=58358s  finite=32205
  [warn] sample 7 failed: 
  [36230/100000]  elapsed=33149s  rate=1.1/s  eta=58348s  finite=32214
  [36240/100000]  elapsed=33159s  rate=1.1/s  eta=58339s  finite=32223
  [36250/100000]  elapsed=33168s  rate=1.1/s  eta=58330s  finite=32231
  [36260/100000]  elapsed=33178s  rate=1.1/s  eta=58322s  finite=32240
  [36270/100000]  elapsed=33187s  rate=1.1/s  eta=58314s  finite=32250
  [36280/100000]  elapsed=33197s  rate=1.1/s  eta=58305s  finite=32259
  [36290/100000]  elapsed=33206s  rate=1.1/s  eta=58297s  finite=32269
  [36300/100000]  elapsed=33216s  rate=1.1/s  eta=58288s  finite=32277
  -> checkpoint saved: /scratch/e1498138/lhs/lhs_noise2_paris1_checkpoints/lhs_noise2_paris1_ckpt_036300.pkl
  [36310/100000]  elapsed=33225s  rate=1.1/s  eta=58279s  finite=32286
  [36320/100000]  elapsed=33235s  rate=1.1/s  eta=58270s  finite=32294
  [36330/100000]  elapsed=33244s  rate=1.1/s  eta=58261s  finite=32301
  [warn] sample 6 failed: 
  [36340/100000]  elapsed=33252s  rate=1.1/s  eta=58251s  finite=32309
  [36350/100000]  elapsed=33262s  rate=1.1/s  eta=58242s  finite=32318
  [36360/100000]  elapsed=33271s  rate=1.1/s  eta=58234s  finite=32326
  [36370/100000]  elapsed=33281s  rate=1.1/s  eta=58225s  finite=32335
  [36380/100000]  elapsed=33290s  rate=1.1/s  eta=58217s  finite=32344
  [36390/100000]  elapsed=33300s  rate=1.1/s  eta=58208s  finite=32353
  [36400/100000]  elapsed=33309s  rate=1.1/s  eta=58200s  finite=32363
  -> checkpoint saved: /scratch/e1498138/lhs/lhs_noise2_paris1_checkpoints/lhs_noise2_paris1_ckpt_036400.pkl
  [36410/100000]  elapsed=33319s  rate=1.1/s  eta=58191s  finite=32372
  [36420/100000]  elapsed=33328s  rate=1.1/s  eta=58182s  finite=32381
  [36430/100000]  elapsed=33337s  rate=1.1/s  eta=58174s  finite=32391
  [36440/100000]  elapsed=33347s  rate=1.1/s  eta=58165s  finite=32399
  [36450/100000]  elapsed=33356s  rate=1.1/s  eta=58156s  finite=32409
  [36460/100000]  elapsed=33366s  rate=1.1/s  eta=58147s  finite=32419
  [warn] sample 9 failed: 
  [36470/100000]  elapsed=33374s  rate=1.1/s  eta=58137s  finite=32428
  [36480/100000]  elapsed=33383s  rate=1.1/s  eta=58128s  finite=32436
  [warn] sample 7 failed: 
  [warn] sample 9 failed: 
  [36490/100000]  elapsed=33391s  rate=1.1/s  eta=58116s  finite=32443
  [36500/100000]  elapsed=33400s  rate=1.1/s  eta=58108s  finite=32452
  -> checkpoint saved: /scratch/e1498138/lhs/lhs_noise2_paris1_checkpoints/lhs_noise2_paris1_ckpt_036500.pkl
  [36510/100000]  elapsed=33410s  rate=1.1/s  eta=58099s  finite=32461
  [36520/100000]  elapsed=33420s  rate=1.1/s  eta=58091s  finite=32470
  [warn] sample 1 failed: 
  [36530/100000]  elapsed=33428s  rate=1.1/s  eta=58081s  finite=32479
  [36540/100000]  elapsed=33438s  rate=1.1/s  eta=58072s  finite=32489
  [36550/100000]  elapsed=33447s  rate=1.1/s  eta=58063s  finite=32498
  [36560/100000]  elapsed=33456s  rate=1.1/s  eta=58054s  finite=32505
  [36570/100000]  elapsed=33466s  rate=1.1/s  eta=58046s  finite=32512
  [36580/100000]  elapsed=33475s  rate=1.1/s  eta=58037s  finite=32520
  [36590/100000]  elapsed=33484s  rate=1.1/s  eta=58028s  finite=32528
  [36600/100000]  elapsed=33494s  rate=1.1/s  eta=58019s  finite=32536
  -> checkpoint saved: /scratch/e1498138/lhs/lhs_noise2_paris1_checkpoints/lhs_noise2_paris1_ckpt_036600.pkl
  [warn] sample 1 failed: 
  [36610/100000]  elapsed=33502s  rate=1.1/s  eta=58009s  finite=32545
  [36620/100000]  elapsed=33512s  rate=1.1/s  eta=58000s  finite=32554
  [warn] sample 0 failed: 
  [36630/100000]  elapsed=33520s  rate=1.1/s  eta=57990s  finite=32563
  [36640/100000]  elapsed=33530s  rate=1.1/s  eta=57981s  finite=32573
  [36650/100000]  elapsed=33539s  rate=1.1/s  eta=57973s  finite=32582
  [36660/100000]  elapsed=33548s  rate=1.1/s  eta=57964s  finite=32591
  [36670/100000]  elapsed=33558s  rate=1.1/s  eta=57955s  finite=32601
  [36680/100000]  elapsed=33567s  rate=1.1/s  eta=57947s  finite=32610
  [36690/100000]  elapsed=33577s  rate=1.1/s  eta=57938s  finite=32619
  [36700/100000]  elapsed=33586s  rate=1.1/s  eta=57930s  finite=32629
  -> checkpoint saved: /scratch/e1498138/lhs/lhs_noise2_paris1_checkpoints/lhs_noise2_paris1_ckpt_036700.pkl
  [36710/100000]  elapsed=33596s  rate=1.1/s  eta=57921s  finite=32639
  [36720/100000]  elapsed=33605s  rate=1.1/s  eta=57913s  finite=32647
  [36730/100000]  elapsed=33615s  rate=1.1/s  eta=57904s  finite=32657
  [36740/100000]  elapsed=33624s  rate=1.1/s  eta=57895s  finite=32666
  [36750/100000]  elapsed=33634s  rate=1.1/s  eta=57887s  finite=32675
  [warn] sample 5 failed: 
  [36760/100000]  elapsed=33642s  rate=1.1/s  eta=57876s  finite=32683
  [36770/100000]  elapsed=33651s  rate=1.1/s  eta=57867s  finite=32691
  [36780/100000]  elapsed=33661s  rate=1.1/s  eta=57859s  finite=32701
  [36790/100000]  elapsed=33670s  rate=1.1/s  eta=57850s  finite=32709
  [36800/100000]  elapsed=33680s  rate=1.1/s  eta=57841s  finite=32717
  -> checkpoint saved: /scratch/e1498138/lhs/lhs_noise2_paris1_checkpoints/lhs_noise2_paris1_ckpt_036800.pkl
  [36810/100000]  elapsed=33689s  rate=1.1/s  eta=57832s  finite=32727
  [36820/100000]  elapsed=33698s  rate=1.1/s  eta=57824s  finite=32737
  [36830/100000]  elapsed=33708s  rate=1.1/s  eta=57815s  finite=32746
  [warn] sample 2 failed: 
  [36840/100000]  elapsed=33717s  rate=1.1/s  eta=57805s  finite=32755
  [36850/100000]  elapsed=33726s  rate=1.1/s  eta=57797s  finite=32764
  [warn] sample 3 failed: 
  [36860/100000]  elapsed=33735s  rate=1.1/s  eta=57787s  finite=32772
  [warn] sample 8 failed: 
  [36870/100000]  elapsed=33743s  rate=1.1/s  eta=57776s  finite=32781
  [warn] sample 2 failed: 
  [36880/100000]  elapsed=33752s  rate=1.1/s  eta=57766s  finite=32789
  [36890/100000]  elapsed=33761s  rate=1.1/s  eta=57758s  finite=32798
  [warn] sample 2 failed: 
  [36900/100000]  elapsed=33770s  rate=1.1/s  eta=57747s  finite=32806
  -> checkpoint saved: /scratch/e1498138/lhs/lhs_noise2_paris1_checkpoints/lhs_noise2_paris1_ckpt_036900.pkl
  [36910/100000]  elapsed=33779s  rate=1.1/s  eta=57739s  finite=32815
  [36920/100000]  elapsed=33789s  rate=1.1/s  eta=57730s  finite=32825
  [warn] sample 1 failed: 
  [warn] sample 5 failed: 
  [36930/100000]  elapsed=33797s  rate=1.1/s  eta=57719s  finite=32832
  [36940/100000]  elapsed=33806s  rate=1.1/s  eta=57711s  finite=32841
  [warn] sample 1 failed: 
  [36950/100000]  elapsed=33815s  rate=1.1/s  eta=57700s  finite=32848
  [36960/100000]  elapsed=33824s  rate=1.1/s  eta=57691s  finite=32857
  [warn] sample 6 failed: 
  [warn] sample 8 failed: 
  [36970/100000]  elapsed=33832s  rate=1.1/s  eta=57680s  finite=32864
  [36980/100000]  elapsed=33841s  rate=1.1/s  eta=57671s  finite=32872
  [36990/100000]  elapsed=33851s  rate=1.1/s  eta=57663s  finite=32882
  [37000/100000]  elapsed=33860s  rate=1.1/s  eta=57654s  finite=32892
  -> checkpoint saved: /scratch/e1498138/lhs/lhs_noise2_paris1_checkpoints/lhs_noise2_paris1_ckpt_037000.pkl
  [37010/100000]  elapsed=33870s  rate=1.1/s  eta=57646s  finite=32902
  [37020/100000]  elapsed=33879s  rate=1.1/s  eta=57637s  finite=32911
  [warn] sample 5 failed: 
  [37030/100000]  elapsed=33888s  rate=1.1/s  eta=57626s  finite=32920
  [37040/100000]  elapsed=33902s  rate=1.1/s  eta=57627s  finite=32929
  [warn] sample 4 failed: 
  [37050/100000]  elapsed=33911s  rate=1.1/s  eta=57617s  finite=32937
  [warn] sample 0 failed: 
  [37060/100000]  elapsed=33920s  rate=1.1/s  eta=57607s  finite=32945
  [37070/100000]  elapsed=33929s  rate=1.1/s  eta=57598s  finite=32954
  [warn] sample 2 failed: 
  [warn] sample 7 failed: 
  [37080/100000]  elapsed=33937s  rate=1.1/s  eta=57587s  finite=32962
  [37090/100000]  elapsed=33946s  rate=1.1/s  eta=57578s  finite=32971
  [warn] sample 1 failed: 
  [37100/100000]  elapsed=33955s  rate=1.1/s  eta=57568s  finite=32978
  -> checkpoint saved: /scratch/e1498138/lhs/lhs_noise2_paris1_checkpoints/lhs_noise2_paris1_ckpt_037100.pkl
  [37110/100000]  elapsed=33965s  rate=1.1/s  eta=57559s  finite=32988
  [37120/100000]  elapsed=33974s  rate=1.1/s  eta=57551s  finite=32996
  [37130/100000]  elapsed=33983s  rate=1.1/s  eta=57542s  finite=33006
  [warn] sample 7 failed: 
  [37140/100000]  elapsed=33992s  rate=1.1/s  eta=57532s  finite=33014
  [37150/100000]  elapsed=34001s  rate=1.1/s  eta=57523s  finite=33023
  [37160/100000]  elapsed=34010s  rate=1.1/s  eta=57514s  finite=33031
  [warn] sample 1 failed: 
  [warn] sample 2 failed: 
  [37170/100000]  elapsed=34018s  rate=1.1/s  eta=57502s  finite=33038
  [warn] sample 5 failed: 
  [37180/100000]  elapsed=34027s  rate=1.1/s  eta=57492s  finite=33047
  [37190/100000]  elapsed=34036s  rate=1.1/s  eta=57484s  finite=33056
  [warn] sample 1 failed: 
  [warn] sample 6 failed: 
  [37200/100000]  elapsed=34044s  rate=1.1/s  eta=57472s  finite=33063
  -> checkpoint saved: /scratch/e1498138/lhs/lhs_noise2_paris1_checkpoints/lhs_noise2_paris1_ckpt_037200.pkl
  [warn] sample 9 failed: 
  [37210/100000]  elapsed=34053s  rate=1.1/s  eta=57462s  finite=33070
  [37220/100000]  elapsed=34062s  rate=1.1/s  eta=57453s  finite=33080
  [37230/100000]  elapsed=34071s  rate=1.1/s  eta=57445s  finite=33089
  [37240/100000]  elapsed=34081s  rate=1.1/s  eta=57436s  finite=33098
  [warn] sample 5 failed: 
  [37250/100000]  elapsed=34089s  rate=1.1/s  eta=57426s  finite=33106
  [warn] sample 8 failed: 
  [37260/100000]  elapsed=34098s  rate=1.1/s  eta=57415s  finite=33114
  [warn] sample 2 failed: 
  [37270/100000]  elapsed=34106s  rate=1.1/s  eta=57405s  finite=33122
  [warn] sample 5 failed: 
  [37280/100000]  elapsed=34115s  rate=1.1/s  eta=57395s  finite=33131
  [warn] sample 2 failed: 
  [37290/100000]  elapsed=34123s  rate=1.1/s  eta=57385s  finite=33139
  [warn] sample 2 failed: 
  [warn] sample 3 failed: 
  [37300/100000]  elapsed=34131s  rate=1.1/s  eta=57373s  finite=33147
  -> checkpoint saved: /scratch/e1498138/lhs/lhs_noise2_paris1_checkpoints/lhs_noise2_paris1_ckpt_037300.pkl
  [37310/100000]  elapsed=34141s  rate=1.1/s  eta=57365s  finite=33156
  [37320/100000]  elapsed=34150s  rate=1.1/s  eta=57356s  finite=33165
  [warn] sample 3 failed: 
  [37330/100000]  elapsed=34158s  rate=1.1/s  eta=57346s  finite=33174
  [37340/100000]  elapsed=34168s  rate=1.1/s  eta=57337s  finite=33183
  [37350/100000]  elapsed=34177s  rate=1.1/s  eta=57328s  finite=33193
  [37360/100000]  elapsed=34187s  rate=1.1/s  eta=57319s  finite=33203
  [37370/100000]  elapsed=34196s  rate=1.1/s  eta=57311s  finite=33213
  [37380/100000]  elapsed=34205s  rate=1.1/s  eta=57302s  finite=33221
  [warn] sample 9 failed: 
  [37390/100000]  elapsed=34214s  rate=1.1/s  eta=57292s  finite=33230
  [37400/100000]  elapsed=34224s  rate=1.1/s  eta=57283s  finite=33239
  -> checkpoint saved: /scratch/e1498138/lhs/lhs_noise2_paris1_checkpoints/lhs_noise2_paris1_ckpt_037400.pkl
  [warn] sample 8 failed: 
  [37410/100000]  elapsed=34232s  rate=1.1/s  eta=57274s  finite=33248
  [37420/100000]  elapsed=34242s  rate=1.1/s  eta=57265s  finite=33258
  [37430/100000]  elapsed=34251s  rate=1.1/s  eta=57256s  finite=33267
  [37440/100000]  elapsed=34261s  rate=1.1/s  eta=57247s  finite=33276
  [37450/100000]  elapsed=34270s  rate=1.1/s  eta=57239s  finite=33286
  [37460/100000]  elapsed=34279s  rate=1.1/s  eta=57230s  finite=33294
  [37470/100000]  elapsed=34289s  rate=1.1/s  eta=57221s  finite=33303
  [37480/100000]  elapsed=34298s  rate=1.1/s  eta=57213s  finite=33313
  [37490/100000]  elapsed=34308s  rate=1.1/s  eta=57204s  finite=33323
  [warn] sample 7 failed: 
  [37500/100000]  elapsed=34317s  rate=1.1/s  eta=57194s  finite=33332
  -> checkpoint saved: /scratch/e1498138/lhs/lhs_noise2_paris1_checkpoints/lhs_noise2_paris1_ckpt_037500.pkl
  [warn] sample 0 failed: 
  [37510/100000]  elapsed=34325s  rate=1.1/s  eta=57184s  finite=33341
  [37520/100000]  elapsed=34334s  rate=1.1/s  eta=57175s  finite=33351
  [37530/100000]  elapsed=34344s  rate=1.1/s  eta=57167s  finite=33360
  [37540/100000]  elapsed=34353s  rate=1.1/s  eta=57158s  finite=33369
  [37550/100000]  elapsed=34363s  rate=1.1/s  eta=57150s  finite=33377
  [37560/100000]  elapsed=34372s  rate=1.1/s  eta=57141s  finite=33387
  [37570/100000]  elapsed=34382s  rate=1.1/s  eta=57132s  finite=33396
  [37580/100000]  elapsed=34391s  rate=1.1/s  eta=57123s  finite=33405
  [37590/100000]  elapsed=34400s  rate=1.1/s  eta=57114s  finite=33414
  [37600/100000]  elapsed=34410s  rate=1.1/s  eta=57106s  finite=33424
  -> checkpoint saved: /scratch/e1498138/lhs/lhs_noise2_paris1_checkpoints/lhs_noise2_paris1_ckpt_037600.pkl
  [37610/100000]  elapsed=34419s  rate=1.1/s  eta=57097s  finite=33432
  [warn] sample 0 failed: 
  [37620/100000]  elapsed=34428s  rate=1.1/s  eta=57087s  finite=33441
  [37630/100000]  elapsed=34437s  rate=1.1/s  eta=57078s  finite=33451
  [37640/100000]  elapsed=34447s  rate=1.1/s  eta=57070s  finite=33460
  [37650/100000]  elapsed=34456s  rate=1.1/s  eta=57061s  finite=33470
  [37660/100000]  elapsed=34466s  rate=1.1/s  eta=57053s  finite=33480
  [37670/100000]  elapsed=34475s  rate=1.1/s  eta=57044s  finite=33489
  [warn] sample 3 failed: 
  [37680/100000]  elapsed=34484s  rate=1.1/s  eta=57035s  finite=33496
  [warn] sample 9 failed: 
  [37690/100000]  elapsed=34493s  rate=1.1/s  eta=57025s  finite=33503
  [warn] sample 0 failed: 
  [37700/100000]  elapsed=34502s  rate=1.1/s  eta=57015s  finite=33512
  -> checkpoint saved: /scratch/e1498138/lhs/lhs_noise2_paris1_checkpoints/lhs_noise2_paris1_ckpt_037700.pkl
  [37710/100000]  elapsed=34511s  rate=1.1/s  eta=57006s  finite=33522
  [37720/100000]  elapsed=34521s  rate=1.1/s  eta=56998s  finite=33531
  [warn] sample 4 failed: 
  [37730/100000]  elapsed=34530s  rate=1.1/s  eta=56988s  finite=33538
  [37740/100000]  elapsed=34539s  rate=1.1/s  eta=56979s  finite=33547
  [warn] sample 2 failed: 
  [warn] sample 6 failed: 
  [warn] sample 9 failed: 
  [37750/100000]  elapsed=34546s  rate=1.1/s  eta=56967s  finite=33552
  [warn] sample 0 failed: 
  [37760/100000]  elapsed=34555s  rate=1.1/s  eta=56957s  finite=33559
  [warn] sample 6 failed: 
  [37770/100000]  elapsed=34563s  rate=1.1/s  eta=56947s  finite=33568
  [warn] sample 0 failed: 
  [warn] sample 9 failed: 
  [37780/100000]  elapsed=34571s  rate=1.1/s  eta=56935s  finite=33575
  [37790/100000]  elapsed=34581s  rate=1.1/s  eta=56927s  finite=33584
  [37800/100000]  elapsed=34590s  rate=1.1/s  eta=56918s  finite=33594
  -> checkpoint saved: /scratch/e1498138/lhs/lhs_noise2_paris1_checkpoints/lhs_noise2_paris1_ckpt_037800.pkl
  [37810/100000]  elapsed=34600s  rate=1.1/s  eta=56910s  finite=33604
  [37820/100000]  elapsed=34609s  rate=1.1/s  eta=56901s  finite=33612
  [37830/100000]  elapsed=34619s  rate=1.1/s  eta=56893s  finite=33621
  [37840/100000]  elapsed=34628s  rate=1.1/s  eta=56884s  finite=33631
  [37850/100000]  elapsed=34638s  rate=1.1/s  eta=56875s  finite=33639
  [37860/100000]  elapsed=34647s  rate=1.1/s  eta=56867s  finite=33646
  [37870/100000]  elapsed=34657s  rate=1.1/s  eta=56858s  finite=33655
  [37880/100000]  elapsed=34666s  rate=1.1/s  eta=56850s  finite=33664
  [37890/100000]  elapsed=34676s  rate=1.1/s  eta=56842s  finite=33674
  [37900/100000]  elapsed=34686s  rate=1.1/s  eta=56833s  finite=33684
  -> checkpoint saved: /scratch/e1498138/lhs/lhs_noise2_paris1_checkpoints/lhs_noise2_paris1_ckpt_037900.pkl
  [37910/100000]  elapsed=34695s  rate=1.1/s  eta=56825s  finite=33694
  [37920/100000]  elapsed=34705s  rate=1.1/s  eta=56817s  finite=33704
  [warn] sample 1 failed: 
  [37930/100000]  elapsed=34714s  rate=1.1/s  eta=56807s  finite=33712
  [37940/100000]  elapsed=34723s  rate=1.1/s  eta=56798s  finite=33721
  [37950/100000]  elapsed=34733s  rate=1.1/s  eta=56789s  finite=33730
  [warn] sample 7 failed: 
  [37960/100000]  elapsed=34741s  rate=1.1/s  eta=56779s  finite=33739
  [warn] sample 3 failed: 
  [37970/100000]  elapsed=34750s  rate=1.1/s  eta=56769s  finite=33747
  [37980/100000]  elapsed=34759s  rate=1.1/s  eta=56761s  finite=33755
  [37990/100000]  elapsed=34769s  rate=1.1/s  eta=56752s  finite=33765
  [38000/100000]  elapsed=34778s  rate=1.1/s  eta=56744s  finite=33774
  -> checkpoint saved: /scratch/e1498138/lhs/lhs_noise2_paris1_checkpoints/lhs_noise2_paris1_ckpt_038000.pkl
  [warn] sample 4 failed: 
  [38010/100000]  elapsed=34787s  rate=1.1/s  eta=56734s  finite=33783
  [38020/100000]  elapsed=34797s  rate=1.1/s  eta=56725s  finite=33793
  [38030/100000]  elapsed=34806s  rate=1.1/s  eta=56717s  finite=33802
  [38040/100000]  elapsed=34816s  rate=1.1/s  eta=56708s  finite=33812
  [38050/100000]  elapsed=34825s  rate=1.1/s  eta=56700s  finite=33822
  [38060/100000]  elapsed=34835s  rate=1.1/s  eta=56691s  finite=33832
  [38070/100000]  elapsed=34844s  rate=1.1/s  eta=56683s  finite=33841
  [warn] sample 1 failed: 
  [warn] sample 2 failed: 
  [38080/100000]  elapsed=34852s  rate=1.1/s  eta=56671s  finite=33848
  [38090/100000]  elapsed=34862s  rate=1.1/s  eta=56663s  finite=33858
  [warn] sample 7 failed: 
  [38100/100000]  elapsed=34871s  rate=1.1/s  eta=56653s  finite=33867
  -> checkpoint saved: /scratch/e1498138/lhs/lhs_noise2_paris1_checkpoints/lhs_noise2_paris1_ckpt_038100.pkl
  [38110/100000]  elapsed=34880s  rate=1.1/s  eta=56645s  finite=33877
  [38120/100000]  elapsed=34890s  rate=1.1/s  eta=56637s  finite=33887
  [38130/100000]  elapsed=34899s  rate=1.1/s  eta=56628s  finite=33897
  [warn] sample 3 failed: 
  [38140/100000]  elapsed=34908s  rate=1.1/s  eta=56618s  finite=33904
  [38150/100000]  elapsed=34918s  rate=1.1/s  eta=56610s  finite=33912
  [38160/100000]  elapsed=34927s  rate=1.1/s  eta=56601s  finite=33921
  [38170/100000]  elapsed=34937s  rate=1.1/s  eta=56592s  finite=33931
  [38180/100000]  elapsed=34946s  rate=1.1/s  eta=56584s  finite=33941
  [warn] sample 3 failed: 
  [38190/100000]  elapsed=34955s  rate=1.1/s  eta=56574s  finite=33950
  [warn] sample 4 failed: 
  [38200/100000]  elapsed=34964s  rate=1.1/s  eta=56564s  finite=33957
  -> checkpoint saved: /scratch/e1498138/lhs/lhs_noise2_paris1_checkpoints/lhs_noise2_paris1_ckpt_038200.pkl
  [38210/100000]  elapsed=34973s  rate=1.1/s  eta=56556s  finite=33966
  [38220/100000]  elapsed=34983s  rate=1.1/s  eta=56547s  finite=33976
  [38230/100000]  elapsed=34992s  rate=1.1/s  eta=56539s  finite=33986
  [38240/100000]  elapsed=35002s  rate=1.1/s  eta=56530s  finite=33996
  [warn] sample 3 failed: 
  [38250/100000]  elapsed=35011s  rate=1.1/s  eta=56520s  finite=34005
  [38260/100000]  elapsed=35020s  rate=1.1/s  eta=56512s  finite=34015
  [warn] sample 3 failed: 
  [38270/100000]  elapsed=35029s  rate=1.1/s  eta=56502s  finite=34023
  [38280/100000]  elapsed=35038s  rate=1.1/s  eta=56493s  finite=34033
  [38290/100000]  elapsed=35048s  rate=1.1/s  eta=56485s  finite=34042
  [38300/100000]  elapsed=35057s  rate=1.1/s  eta=56476s  finite=34052
  -> checkpoint saved: /scratch/e1498138/lhs/lhs_noise2_paris1_checkpoints/lhs_noise2_paris1_ckpt_038300.pkl
  [38310/100000]  elapsed=35067s  rate=1.1/s  eta=56468s  finite=34061
  [38320/100000]  elapsed=35076s  rate=1.1/s  eta=56459s  finite=34070
  [38330/100000]  elapsed=35086s  rate=1.1/s  eta=56450s  finite=34080
  [38340/100000]  elapsed=35095s  rate=1.1/s  eta=56442s  finite=34089
  [38350/100000]  elapsed=35105s  rate=1.1/s  eta=56433s  finite=34098
  [38360/100000]  elapsed=35114s  rate=1.1/s  eta=56425s  finite=34108
  [38370/100000]  elapsed=35124s  rate=1.1/s  eta=56417s  finite=34118
  [38380/100000]  elapsed=35134s  rate=1.1/s  eta=56408s  finite=34127
  [38390/100000]  elapsed=35143s  rate=1.1/s  eta=56400s  finite=34137
  [38400/100000]  elapsed=35153s  rate=1.1/s  eta=56391s  finite=34147
  -> checkpoint saved: /scratch/e1498138/lhs/lhs_noise2_paris1_checkpoints/lhs_noise2_paris1_ckpt_038400.pkl
  [38410/100000]  elapsed=35162s  rate=1.1/s  eta=56383s  finite=34156
  [warn] sample 9 failed: 
  [38420/100000]  elapsed=35171s  rate=1.1/s  eta=56373s  finite=34164
  [38430/100000]  elapsed=35181s  rate=1.1/s  eta=56364s  finite=34174
  [38440/100000]  elapsed=35190s  rate=1.1/s  eta=56355s  finite=34182
  [38450/100000]  elapsed=35200s  rate=1.1/s  eta=56347s  finite=34190
  [38460/100000]  elapsed=35209s  rate=1.1/s  eta=56338s  finite=34200
  [38470/100000]  elapsed=35219s  rate=1.1/s  eta=56330s  finite=34210
  [warn] sample 6 failed: 
  [38480/100000]  elapsed=35227s  rate=1.1/s  eta=56319s  finite=34217
  [38490/100000]  elapsed=35237s  rate=1.1/s  eta=56311s  finite=34227
  [38500/100000]  elapsed=35246s  rate=1.1/s  eta=56303s  finite=34237
  -> checkpoint saved: /scratch/e1498138/lhs/lhs_noise2_paris1_checkpoints/lhs_noise2_paris1_ckpt_038500.pkl
  [38510/100000]  elapsed=35256s  rate=1.1/s  eta=56294s  finite=34247
  [38520/100000]  elapsed=35265s  rate=1.1/s  eta=56286s  finite=34257
  [warn] sample 2 failed: 
  [warn] sample 3 failed: 
  [warn] sample 4 failed: 
  [38530/100000]  elapsed=35272s  rate=1.1/s  eta=56273s  finite=34263
  [38540/100000]  elapsed=35282s  rate=1.1/s  eta=56265s  finite=34272
  [38550/100000]  elapsed=35292s  rate=1.1/s  eta=56256s  finite=34281
  [38560/100000]  elapsed=35301s  rate=1.1/s  eta=56248s  finite=34290
  [38570/100000]  elapsed=35311s  rate=1.1/s  eta=56239s  finite=34298
  [38580/100000]  elapsed=35321s  rate=1.1/s  eta=56231s  finite=34307
  [warn] sample 0 failed: 
  [38590/100000]  elapsed=35329s  rate=1.1/s  eta=56221s  finite=34316
  [warn] sample 0 failed: 
  [38600/100000]  elapsed=35338s  rate=1.1/s  eta=56211s  finite=34325
  -> checkpoint saved: /scratch/e1498138/lhs/lhs_noise2_paris1_checkpoints/lhs_noise2_paris1_ckpt_038600.pkl
  [warn] sample 4 failed: 
  [warn] sample 9 failed: 
  [38610/100000]  elapsed=35346s  rate=1.1/s  eta=56200s  finite=34333
  [warn] sample 1 failed: 
  [38620/100000]  elapsed=35355s  rate=1.1/s  eta=56190s  finite=34342
  [warn] sample 4 failed: 
  [38630/100000]  elapsed=35363s  rate=1.1/s  eta=56180s  finite=34351
  [38640/100000]  elapsed=35373s  rate=1.1/s  eta=56172s  finite=34360
  [warn] sample 0 failed: 
  [38650/100000]  elapsed=35381s  rate=1.1/s  eta=56162s  finite=34369
  [38660/100000]  elapsed=35391s  rate=1.1/s  eta=56153s  finite=34379
  [38670/100000]  elapsed=35401s  rate=1.1/s  eta=56145s  finite=34389
  [warn] sample 0 failed: 
  [38680/100000]  elapsed=35409s  rate=1.1/s  eta=56135s  finite=34397
  [38690/100000]  elapsed=35424s  rate=1.1/s  eta=56134s  finite=34405
  [38700/100000]  elapsed=35434s  rate=1.1/s  eta=56126s  finite=34415
  -> checkpoint saved: /scratch/e1498138/lhs/lhs_noise2_paris1_checkpoints/lhs_noise2_paris1_ckpt_038700.pkl
  [38710/100000]  elapsed=35443s  rate=1.1/s  eta=56117s  finite=34425
  [38720/100000]  elapsed=35453s  rate=1.1/s  eta=56109s  finite=34435
  [38730/100000]  elapsed=35462s  rate=1.1/s  eta=56100s  finite=34444
  [warn] sample 4 failed: 
  [38740/100000]  elapsed=35471s  rate=1.1/s  eta=56090s  finite=34452
  [warn] sample 0 failed: 
  [38750/100000]  elapsed=35479s  rate=1.1/s  eta=56080s  finite=34459
  [38760/100000]  elapsed=35489s  rate=1.1/s  eta=56072s  finite=34468
  [warn] sample 1 failed: 
  [38770/100000]  elapsed=35498s  rate=1.1/s  eta=56062s  finite=34477
  [warn] sample 4 failed: 
  [warn] sample 8 failed: 
  [38780/100000]  elapsed=35506s  rate=1.1/s  eta=56051s  finite=34485
  [38790/100000]  elapsed=35515s  rate=1.1/s  eta=56043s  finite=34495
  [38800/100000]  elapsed=35525s  rate=1.1/s  eta=56034s  finite=34504
  -> checkpoint saved: /scratch/e1498138/lhs/lhs_noise2_paris1_checkpoints/lhs_noise2_paris1_ckpt_038800.pkl
  [warn] sample 1 failed: 
  [38810/100000]  elapsed=35534s  rate=1.1/s  eta=56024s  finite=34511
  [38820/100000]  elapsed=35543s  rate=1.1/s  eta=56016s  finite=34521
  [38830/100000]  elapsed=35553s  rate=1.1/s  eta=56008s  finite=34531
  [38840/100000]  elapsed=35563s  rate=1.1/s  eta=55999s  finite=34537
  [warn] sample 2 failed: 
  [38850/100000]  elapsed=35571s  rate=1.1/s  eta=55989s  finite=34545
  [38860/100000]  elapsed=35581s  rate=1.1/s  eta=55981s  finite=34555
  [38870/100000]  elapsed=35590s  rate=1.1/s  eta=55972s  finite=34565
  [38880/100000]  elapsed=35600s  rate=1.1/s  eta=55963s  finite=34573
  [38890/100000]  elapsed=35609s  rate=1.1/s  eta=55955s  finite=34583
  [38900/100000]  elapsed=35619s  rate=1.1/s  eta=55946s  finite=34592
  -> checkpoint saved: /scratch/e1498138/lhs/lhs_noise2_paris1_checkpoints/lhs_noise2_paris1_ckpt_038900.pkl
  [38910/100000]  elapsed=35628s  rate=1.1/s  eta=55938s  finite=34602
  [38920/100000]  elapsed=35638s  rate=1.1/s  eta=55929s  finite=34611
  [38930/100000]  elapsed=35648s  rate=1.1/s  eta=55921s  finite=34619
  [38940/100000]  elapsed=35657s  rate=1.1/s  eta=55912s  finite=34629
  [38950/100000]  elapsed=35667s  rate=1.1/s  eta=55904s  finite=34639
  [38960/100000]  elapsed=35676s  rate=1.1/s  eta=55895s  finite=34649
  [38970/100000]  elapsed=35686s  rate=1.1/s  eta=55886s  finite=34657
  [38980/100000]  elapsed=35695s  rate=1.1/s  eta=55878s  finite=34666
  [38990/100000]  elapsed=35705s  rate=1.1/s  eta=55869s  finite=34676
  [39000/100000]  elapsed=35714s  rate=1.1/s  eta=55861s  finite=34684
  -> checkpoint saved: /scratch/e1498138/lhs/lhs_noise2_paris1_checkpoints/lhs_noise2_paris1_ckpt_039000.pkl
  [39010/100000]  elapsed=35724s  rate=1.1/s  eta=55852s  finite=34693
  [39020/100000]  elapsed=35733s  rate=1.1/s  eta=55843s  finite=34700
  [39030/100000]  elapsed=35743s  rate=1.1/s  eta=55835s  finite=34710
  [39040/100000]  elapsed=35752s  rate=1.1/s  eta=55827s  finite=34720
  [39050/100000]  elapsed=35762s  rate=1.1/s  eta=55818s  finite=34727
  [39060/100000]  elapsed=35772s  rate=1.1/s  eta=55810s  finite=34735
  [39070/100000]  elapsed=35781s  rate=1.1/s  eta=55801s  finite=34745
  [39080/100000]  elapsed=35791s  rate=1.1/s  eta=55793s  finite=34755
  [39090/100000]  elapsed=35800s  rate=1.1/s  eta=55784s  finite=34762
  [39100/100000]  elapsed=35810s  rate=1.1/s  eta=55775s  finite=34770
  -> checkpoint saved: /scratch/e1498138/lhs/lhs_noise2_paris1_checkpoints/lhs_noise2_paris1_ckpt_039100.pkl
  [39110/100000]  elapsed=35819s  rate=1.1/s  eta=55767s  finite=34780
  [39120/100000]  elapsed=35829s  rate=1.1/s  eta=55758s  finite=34789
  [warn] sample 2 failed: 
  [39130/100000]  elapsed=35837s  rate=1.1/s  eta=55748s  finite=34797
  [warn] sample 2 failed: 
  [warn] sample 3 failed: 
  [39140/100000]  elapsed=35846s  rate=1.1/s  eta=55737s  finite=34805
  [39150/100000]  elapsed=35855s  rate=1.1/s  eta=55729s  finite=34814
  [warn] sample 2 failed: 
  [39160/100000]  elapsed=35864s  rate=1.1/s  eta=55719s  finite=34823
  [39170/100000]  elapsed=35873s  rate=1.1/s  eta=55710s  finite=34831
  [39180/100000]  elapsed=35883s  rate=1.1/s  eta=55702s  finite=34840
  [39190/100000]  elapsed=35892s  rate=1.1/s  eta=55693s  finite=34850
  [39200/100000]  elapsed=35902s  rate=1.1/s  eta=55685s  finite=34859
  -> checkpoint saved: /scratch/e1498138/lhs/lhs_noise2_paris1_checkpoints/lhs_noise2_paris1_ckpt_039200.pkl
  [39210/100000]  elapsed=35911s  rate=1.1/s  eta=55676s  finite=34869
  [39220/100000]  elapsed=35921s  rate=1.1/s  eta=55667s  finite=34879
  [39230/100000]  elapsed=35930s  rate=1.1/s  eta=55659s  finite=34888
  [39240/100000]  elapsed=35940s  rate=1.1/s  eta=55650s  finite=34895
  [39250/100000]  elapsed=35950s  rate=1.1/s  eta=55642s  finite=34905
  [39260/100000]  elapsed=35959s  rate=1.1/s  eta=55633s  finite=34913
  [warn] sample 3 failed: 
  [39270/100000]  elapsed=35968s  rate=1.1/s  eta=55623s  finite=34922
  [warn] sample 2 failed: 
  [39280/100000]  elapsed=35976s  rate=1.1/s  eta=55613s  finite=34930
  [39290/100000]  elapsed=35986s  rate=1.1/s  eta=55605s  finite=34938
  [warn] sample 5 failed: 
  [39300/100000]  elapsed=35995s  rate=1.1/s  eta=55595s  finite=34946
  -> checkpoint saved: /scratch/e1498138/lhs/lhs_noise2_paris1_checkpoints/lhs_noise2_paris1_ckpt_039300.pkl
  [warn] sample 0 failed: 
  [39310/100000]  elapsed=36003s  rate=1.1/s  eta=55585s  finite=34955
  [39320/100000]  elapsed=36013s  rate=1.1/s  eta=55576s  finite=34964
  [warn] sample 3 failed: 
  [39330/100000]  elapsed=36022s  rate=1.1/s  eta=55567s  finite=34973
  [warn] sample 0 failed: 
  [warn] sample 6 failed: 
  [warn] sample 7 failed: 
  [39340/100000]  elapsed=36029s  rate=1.1/s  eta=55554s  finite=34979
  [39350/100000]  elapsed=36038s  rate=1.1/s  eta=55546s  finite=34987
  [39360/100000]  elapsed=36048s  rate=1.1/s  eta=55537s  finite=34997
  [39370/100000]  elapsed=36057s  rate=1.1/s  eta=55529s  finite=35007
  [warn] sample 8 failed: 
  [39380/100000]  elapsed=36066s  rate=1.1/s  eta=55519s  finite=35015
  [39390/100000]  elapsed=36076s  rate=1.1/s  eta=55510s  finite=35023
  [warn] sample 0 failed: 
  [warn] sample 8 failed: 
  [39400/100000]  elapsed=36083s  rate=1.1/s  eta=55499s  finite=35030
  -> checkpoint saved: /scratch/e1498138/lhs/lhs_noise2_paris1_checkpoints/lhs_noise2_paris1_ckpt_039400.pkl
  [warn] sample 0 failed: 
  [warn] sample 4 failed: 
  [39410/100000]  elapsed=36091s  rate=1.1/s  eta=55488s  finite=35037
  [39420/100000]  elapsed=36101s  rate=1.1/s  eta=55479s  finite=35046
  [39430/100000]  elapsed=36110s  rate=1.1/s  eta=55471s  finite=35056
  [39440/100000]  elapsed=36120s  rate=1.1/s  eta=55462s  finite=35065
  [39450/100000]  elapsed=36130s  rate=1.1/s  eta=55454s  finite=35074
  [warn] sample 1 failed: 
  [39460/100000]  elapsed=36139s  rate=1.1/s  eta=55444s  finite=35083
  [39470/100000]  elapsed=36148s  rate=1.1/s  eta=55436s  finite=35091
  [warn] sample 0 failed: 
  [39480/100000]  elapsed=36157s  rate=1.1/s  eta=55426s  finite=35099
  [39490/100000]  elapsed=36166s  rate=1.1/s  eta=55417s  finite=35107
  [39500/100000]  elapsed=36176s  rate=1.1/s  eta=55409s  finite=35117
  -> checkpoint saved: /scratch/e1498138/lhs/lhs_noise2_paris1_checkpoints/lhs_noise2_paris1_ckpt_039500.pkl
  [39510/100000]  elapsed=36186s  rate=1.1/s  eta=55400s  finite=35125
  [warn] sample 0 failed: 
  [39520/100000]  elapsed=36194s  rate=1.1/s  eta=55390s  finite=35134
  [39530/100000]  elapsed=36204s  rate=1.1/s  eta=55382s  finite=35144
  [warn] sample 5 failed: 
  [warn] sample 7 failed: 
  [39540/100000]  elapsed=36212s  rate=1.1/s  eta=55371s  finite=35152
  [warn] sample 0 failed: 
  [39550/100000]  elapsed=36221s  rate=1.1/s  eta=55361s  finite=35160
  [39560/100000]  elapsed=36230s  rate=1.1/s  eta=55353s  finite=35170
  [39570/100000]  elapsed=36240s  rate=1.1/s  eta=55344s  finite=35179
  [39580/100000]  elapsed=36249s  rate=1.1/s  eta=55336s  finite=35188
  [39590/100000]  elapsed=36259s  rate=1.1/s  eta=55327s  finite=35197
  [warn] sample 8 failed: 
  [39600/100000]  elapsed=36268s  rate=1.1/s  eta=55317s  finite=35205
  -> checkpoint saved: /scratch/e1498138/lhs/lhs_noise2_paris1_checkpoints/lhs_noise2_paris1_ckpt_039600.pkl
  [39610/100000]  elapsed=36277s  rate=1.1/s  eta=55309s  finite=35215
  [39620/100000]  elapsed=36287s  rate=1.1/s  eta=55300s  finite=35225
  [warn] sample 9 failed: 
  [39630/100000]  elapsed=36296s  rate=1.1/s  eta=55291s  finite=35232
  [39640/100000]  elapsed=36305s  rate=1.1/s  eta=55282s  finite=35242
  [warn] sample 0 failed: 
  [39650/100000]  elapsed=36314s  rate=1.1/s  eta=55272s  finite=35251
  [warn] sample 0 failed: 
  [warn] sample 5 failed: 
  [39660/100000]  elapsed=36322s  rate=1.1/s  eta=55261s  finite=35259
  [warn] sample 3 failed: 
  [39670/100000]  elapsed=36330s  rate=1.1/s  eta=55251s  finite=35267
  [39680/100000]  elapsed=36340s  rate=1.1/s  eta=55243s  finite=35277
  [39690/100000]  elapsed=36350s  rate=1.1/s  eta=55234s  finite=35286
  [39700/100000]  elapsed=36359s  rate=1.1/s  eta=55226s  finite=35295
  -> checkpoint saved: /scratch/e1498138/lhs/lhs_noise2_paris1_checkpoints/lhs_noise2_paris1_ckpt_039700.pkl
  [39710/100000]  elapsed=36369s  rate=1.1/s  eta=55217s  finite=35304
  [39720/100000]  elapsed=36378s  rate=1.1/s  eta=55209s  finite=35313
  [39730/100000]  elapsed=36388s  rate=1.1/s  eta=55200s  finite=35322
  [39740/100000]  elapsed=36398s  rate=1.1/s  eta=55192s  finite=35332
  [39750/100000]  elapsed=36407s  rate=1.1/s  eta=55183s  finite=35342
  [39760/100000]  elapsed=36417s  rate=1.1/s  eta=55175s  finite=35350
  [warn] sample 4 failed: 
  [39770/100000]  elapsed=36426s  rate=1.1/s  eta=55165s  finite=35358
  [warn] sample 5 failed: 
  [39780/100000]  elapsed=36434s  rate=1.1/s  eta=55155s  finite=35366
  [39790/100000]  elapsed=36444s  rate=1.1/s  eta=55147s  finite=35376
  [39800/100000]  elapsed=36454s  rate=1.1/s  eta=55138s  finite=35385
  -> checkpoint saved: /scratch/e1498138/lhs/lhs_noise2_paris1_checkpoints/lhs_noise2_paris1_ckpt_039800.pkl
  [39810/100000]  elapsed=36463s  rate=1.1/s  eta=55130s  finite=35394
  [39820/100000]  elapsed=36473s  rate=1.1/s  eta=55121s  finite=35402
  [39830/100000]  elapsed=36482s  rate=1.1/s  eta=55112s  finite=35412
  [warn] sample 4 failed: 
  [warn] sample 5 failed: 
  [warn] sample 6 failed: 
  [39840/100000]  elapsed=36489s  rate=1.1/s  eta=55100s  finite=35419
  [39850/100000]  elapsed=36499s  rate=1.1/s  eta=55091s  finite=35428
  [warn] sample 8 failed: 
  [39860/100000]  elapsed=36507s  rate=1.1/s  eta=55082s  finite=35437
  [39870/100000]  elapsed=36517s  rate=1.1/s  eta=55073s  finite=35445
  [warn] sample 0 failed: 
  [39880/100000]  elapsed=36526s  rate=1.1/s  eta=55063s  finite=35454
  [39890/100000]  elapsed=36535s  rate=1.1/s  eta=55055s  finite=35462
  [39900/100000]  elapsed=36545s  rate=1.1/s  eta=55047s  finite=35470
  -> checkpoint saved: /scratch/e1498138/lhs/lhs_noise2_paris1_checkpoints/lhs_noise2_paris1_ckpt_039900.pkl
  [warn] sample 1 failed: 
  [warn] sample 7 failed: 
  [39910/100000]  elapsed=36553s  rate=1.1/s  eta=55035s  finite=35477
  [warn] sample 1 failed: 
  [39920/100000]  elapsed=36562s  rate=1.1/s  eta=55026s  finite=35484
  [warn] sample 9 failed: 
  [39930/100000]  elapsed=36570s  rate=1.1/s  eta=55016s  finite=35493
  [warn] sample 9 failed: 
  [39940/100000]  elapsed=36579s  rate=1.1/s  eta=55006s  finite=35502
  [39950/100000]  elapsed=36589s  rate=1.1/s  eta=54997s  finite=35512
  [warn] sample 3 failed: 
  [39960/100000]  elapsed=36597s  rate=1.1/s  eta=54987s  finite=35519
  [39970/100000]  elapsed=36607s  rate=1.1/s  eta=54979s  finite=35529
  [warn] sample 1 failed: 
  [39980/100000]  elapsed=36615s  rate=1.1/s  eta=54969s  finite=35538
  [39990/100000]  elapsed=36625s  rate=1.1/s  eta=54961s  finite=35546
  [40000/100000]  elapsed=36635s  rate=1.1/s  eta=54952s  finite=35556
  -> checkpoint saved: /scratch/e1498138/lhs/lhs_noise2_paris1_checkpoints/lhs_noise2_paris1_ckpt_040000.pkl
  [40010/100000]  elapsed=36644s  rate=1.1/s  eta=54943s  finite=35564
  [40020/100000]  elapsed=36654s  rate=1.1/s  eta=54935s  finite=35572
  [40030/100000]  elapsed=36663s  rate=1.1/s  eta=54926s  finite=35580
  [warn] sample 9 failed: 
  [40040/100000]  elapsed=36672s  rate=1.1/s  eta=54916s  finite=35588
  [40050/100000]  elapsed=36682s  rate=1.1/s  eta=54908s  finite=35598
  [warn] sample 2 failed: 
  [40060/100000]  elapsed=36690s  rate=1.1/s  eta=54898s  finite=35606
  [40070/100000]  elapsed=36700s  rate=1.1/s  eta=54890s  finite=35616
  [40080/100000]  elapsed=36709s  rate=1.1/s  eta=54881s  finite=35623
  [40090/100000]  elapsed=36719s  rate=1.1/s  eta=54872s  finite=35633
  [warn] sample 3 failed: 
  [40100/100000]  elapsed=36728s  rate=1.1/s  eta=54862s  finite=35642
  -> checkpoint saved: /scratch/e1498138/lhs/lhs_noise2_paris1_checkpoints/lhs_noise2_paris1_ckpt_040100.pkl
  [warn] sample 8 failed: 
  [warn] sample 9 failed: 
  [40110/100000]  elapsed=36736s  rate=1.1/s  eta=54851s  finite=35649
  [40120/100000]  elapsed=36745s  rate=1.1/s  eta=54843s  finite=35659
  [40130/100000]  elapsed=36755s  rate=1.1/s  eta=54834s  finite=35667
  [warn] sample 6 failed: 
  [40140/100000]  elapsed=36763s  rate=1.1/s  eta=54824s  finite=35675
  [40150/100000]  elapsed=36773s  rate=1.1/s  eta=54816s  finite=35683
  [40160/100000]  elapsed=36782s  rate=1.1/s  eta=54807s  finite=35691
  [warn] sample 5 failed: 
  [40170/100000]  elapsed=36791s  rate=1.1/s  eta=54797s  finite=35700
  [40180/100000]  elapsed=36801s  rate=1.1/s  eta=54789s  finite=35710
  [40190/100000]  elapsed=36810s  rate=1.1/s  eta=54780s  finite=35720
  [40200/100000]  elapsed=36820s  rate=1.1/s  eta=54772s  finite=35728
  -> checkpoint saved: /scratch/e1498138/lhs/lhs_noise2_paris1_checkpoints/lhs_noise2_paris1_ckpt_040200.pkl
  [warn] sample 9 failed: 
  [40210/100000]  elapsed=36829s  rate=1.1/s  eta=54762s  finite=35736
  [warn] sample 0 failed: 
  [40220/100000]  elapsed=36838s  rate=1.1/s  eta=54753s  finite=35744
  [40230/100000]  elapsed=36847s  rate=1.1/s  eta=54744s  finite=35754
  [40240/100000]  elapsed=36857s  rate=1.1/s  eta=54735s  finite=35764
  [warn] sample 5 failed: 
  [40250/100000]  elapsed=36865s  rate=1.1/s  eta=54726s  finite=35772
  [warn] sample 9 failed: 
  [40260/100000]  elapsed=36874s  rate=1.1/s  eta=54716s  finite=35781
  [40270/100000]  elapsed=36884s  rate=1.1/s  eta=54707s  finite=35790
  [40280/100000]  elapsed=36893s  rate=1.1/s  eta=54698s  finite=35799
  [40290/100000]  elapsed=36902s  rate=1.1/s  eta=54690s  finite=35808
  [40300/100000]  elapsed=36912s  rate=1.1/s  eta=54681s  finite=35817
  -> checkpoint saved: /scratch/e1498138/lhs/lhs_noise2_paris1_checkpoints/lhs_noise2_paris1_ckpt_040300.pkl
  [40310/100000]  elapsed=36922s  rate=1.1/s  eta=54672s  finite=35827
  [40320/100000]  elapsed=36931s  rate=1.1/s  eta=54664s  finite=35837
  [40330/100000]  elapsed=36941s  rate=1.1/s  eta=54655s  finite=35847
  [40340/100000]  elapsed=36956s  rate=1.1/s  eta=54655s  finite=35857
  [40350/100000]  elapsed=36965s  rate=1.1/s  eta=54646s  finite=35865
  [40360/100000]  elapsed=36975s  rate=1.1/s  eta=54638s  finite=35874
  [40370/100000]  elapsed=36984s  rate=1.1/s  eta=54629s  finite=35884
  [40380/100000]  elapsed=36994s  rate=1.1/s  eta=54621s  finite=35894
  [warn] sample 7 failed: 
  [40390/100000]  elapsed=37003s  rate=1.1/s  eta=54611s  finite=35903
  [40400/100000]  elapsed=37012s  rate=1.1/s  eta=54602s  finite=35912
  -> checkpoint saved: /scratch/e1498138/lhs/lhs_noise2_paris1_checkpoints/lhs_noise2_paris1_ckpt_040400.pkl
  [40410/100000]  elapsed=37022s  rate=1.1/s  eta=54594s  finite=35922
  [warn] sample 4 failed: 
  [40420/100000]  elapsed=37030s  rate=1.1/s  eta=54584s  finite=35931
  [40430/100000]  elapsed=37040s  rate=1.1/s  eta=54575s  finite=35941
  [40440/100000]  elapsed=37049s  rate=1.1/s  eta=54566s  finite=35949
  [40450/100000]  elapsed=37059s  rate=1.1/s  eta=54558s  finite=35958
  [40460/100000]  elapsed=37069s  rate=1.1/s  eta=54549s  finite=35967
  [warn] sample 9 failed: 
  [40470/100000]  elapsed=37077s  rate=1.1/s  eta=54540s  finite=35976
  [40480/100000]  elapsed=37087s  rate=1.1/s  eta=54531s  finite=35986
  [40490/100000]  elapsed=37096s  rate=1.1/s  eta=54522s  finite=35996
  [40500/100000]  elapsed=37106s  rate=1.1/s  eta=54514s  finite=36005
  -> checkpoint saved: /scratch/e1498138/lhs/lhs_noise2_paris1_checkpoints/lhs_noise2_paris1_ckpt_040500.pkl
  [warn] sample 6 failed: 
  [40510/100000]  elapsed=37115s  rate=1.1/s  eta=54504s  finite=36010
  [40520/100000]  elapsed=37124s  rate=1.1/s  eta=54495s  finite=36019
  [40530/100000]  elapsed=37134s  rate=1.1/s  eta=54487s  finite=36028
  [warn] sample 2 failed: 
  [warn] sample 3 failed: 
  [40540/100000]  elapsed=37142s  rate=1.1/s  eta=54476s  finite=36036
  [40550/100000]  elapsed=37151s  rate=1.1/s  eta=54467s  finite=36046
  [40560/100000]  elapsed=37161s  rate=1.1/s  eta=54458s  finite=36055
  [40570/100000]  elapsed=37170s  rate=1.1/s  eta=54450s  finite=36065
  [40580/100000]  elapsed=37180s  rate=1.1/s  eta=54441s  finite=36073
  [warn] sample 2 failed: 
  [40590/100000]  elapsed=37188s  rate=1.1/s  eta=54431s  finite=36080
  [40600/100000]  elapsed=37198s  rate=1.1/s  eta=54423s  finite=36089
  -> checkpoint saved: /scratch/e1498138/lhs/lhs_noise2_paris1_checkpoints/lhs_noise2_paris1_ckpt_040600.pkl
  [40610/100000]  elapsed=37208s  rate=1.1/s  eta=54414s  finite=36099
  [40620/100000]  elapsed=37217s  rate=1.1/s  eta=54406s  finite=36108
  [warn] sample 8 failed: 
  [40630/100000]  elapsed=37226s  rate=1.1/s  eta=54396s  finite=36117
  [40640/100000]  elapsed=37235s  rate=1.1/s  eta=54387s  finite=36127
  [40650/100000]  elapsed=37245s  rate=1.1/s  eta=54379s  finite=36136
  [40660/100000]  elapsed=37255s  rate=1.1/s  eta=54370s  finite=36145
  [40670/100000]  elapsed=37265s  rate=1.1/s  eta=54362s  finite=36154
  [warn] sample 1 failed: 
  [40680/100000]  elapsed=37273s  rate=1.1/s  eta=54352s  finite=36159
  [40690/100000]  elapsed=37283s  rate=1.1/s  eta=54344s  finite=36168
  [40700/100000]  elapsed=37292s  rate=1.1/s  eta=54335s  finite=36178
  -> checkpoint saved: /scratch/e1498138/lhs/lhs_noise2_paris1_checkpoints/lhs_noise2_paris1_ckpt_040700.pkl
  [40710/100000]  elapsed=37302s  rate=1.1/s  eta=54327s  finite=36187
  [40720/100000]  elapsed=37311s  rate=1.1/s  eta=54318s  finite=36197
  [40730/100000]  elapsed=37321s  rate=1.1/s  eta=54309s  finite=36206
  [40740/100000]  elapsed=37331s  rate=1.1/s  eta=54301s  finite=36216
  [40750/100000]  elapsed=37340s  rate=1.1/s  eta=54292s  finite=36225
  [40760/100000]  elapsed=37350s  rate=1.1/s  eta=54283s  finite=36235
  [40770/100000]  elapsed=37359s  rate=1.1/s  eta=54275s  finite=36245
  [40780/100000]  elapsed=37369s  rate=1.1/s  eta=54266s  finite=36255
  [40790/100000]  elapsed=37378s  rate=1.1/s  eta=54258s  finite=36263
  [40800/100000]  elapsed=37388s  rate=1.1/s  eta=54249s  finite=36273
  -> checkpoint saved: /scratch/e1498138/lhs/lhs_noise2_paris1_checkpoints/lhs_noise2_paris1_ckpt_040800.pkl
  [40810/100000]  elapsed=37397s  rate=1.1/s  eta=54240s  finite=36281
  [40820/100000]  elapsed=37407s  rate=1.1/s  eta=54232s  finite=36291
  [40830/100000]  elapsed=37416s  rate=1.1/s  eta=54223s  finite=36301
  [40840/100000]  elapsed=37426s  rate=1.1/s  eta=54214s  finite=36311
  [warn] sample 0 failed: 
  [40850/100000]  elapsed=37434s  rate=1.1/s  eta=54204s  finite=36320
  [40860/100000]  elapsed=37444s  rate=1.1/s  eta=54196s  finite=36330
  [warn] sample 4 failed: 
  [40870/100000]  elapsed=37453s  rate=1.1/s  eta=54186s  finite=36338
  [40880/100000]  elapsed=37462s  rate=1.1/s  eta=54177s  finite=36348
  [warn] sample 8 failed: 
  [40890/100000]  elapsed=37471s  rate=1.1/s  eta=54167s  finite=36357
  [40900/100000]  elapsed=37480s  rate=1.1/s  eta=54159s  finite=36365
  -> checkpoint saved: /scratch/e1498138/lhs/lhs_noise2_paris1_checkpoints/lhs_noise2_paris1_ckpt_040900.pkl
  [warn] sample 3 failed: 
  [40910/100000]  elapsed=37489s  rate=1.1/s  eta=54149s  finite=36373
  [40920/100000]  elapsed=37499s  rate=1.1/s  eta=54141s  finite=36381
  [warn] sample 1 failed: 
  [40930/100000]  elapsed=37507s  rate=1.1/s  eta=54131s  finite=36389
  [40940/100000]  elapsed=37517s  rate=1.1/s  eta=54122s  finite=36398
  [40950/100000]  elapsed=37526s  rate=1.1/s  eta=54113s  finite=36407
  [warn] sample 3 failed: 
  [40960/100000]  elapsed=37535s  rate=1.1/s  eta=54103s  finite=36416
  [warn] sample 0 failed: 
  [40970/100000]  elapsed=37544s  rate=1.1/s  eta=54093s  finite=36425
  [warn] sample 9 failed: 
  [40980/100000]  elapsed=37553s  rate=1.1/s  eta=54084s  finite=36434
  [40990/100000]  elapsed=37562s  rate=1.1/s  eta=54075s  finite=36444
  [41000/100000]  elapsed=37572s  rate=1.1/s  eta=54067s  finite=36454
  -> checkpoint saved: /scratch/e1498138/lhs/lhs_noise2_paris1_checkpoints/lhs_noise2_paris1_ckpt_041000.pkl
  [41010/100000]  elapsed=37581s  rate=1.1/s  eta=54058s  finite=36463
  [warn] sample 4 failed: 
  [41020/100000]  elapsed=37590s  rate=1.1/s  eta=54049s  finite=36471
  [warn] sample 3 failed: 
  [41030/100000]  elapsed=37599s  rate=1.1/s  eta=54039s  finite=36477
  [41040/100000]  elapsed=37608s  rate=1.1/s  eta=54030s  finite=36486
  [41050/100000]  elapsed=37618s  rate=1.1/s  eta=54021s  finite=36496
  [41060/100000]  elapsed=37627s  rate=1.1/s  eta=54013s  finite=36506
  [41070/100000]  elapsed=37637s  rate=1.1/s  eta=54004s  finite=36515
  [41080/100000]  elapsed=37647s  rate=1.1/s  eta=53996s  finite=36524
  [warn] sample 7 failed: 
  [41090/100000]  elapsed=37655s  rate=1.1/s  eta=53986s  finite=36530
  [warn] sample 5 failed: 
  [warn] sample 7 failed: 
  [41100/100000]  elapsed=37663s  rate=1.1/s  eta=53975s  finite=36538
  -> checkpoint saved: /scratch/e1498138/lhs/lhs_noise2_paris1_checkpoints/lhs_noise2_paris1_ckpt_041100.pkl
  [warn] sample 5 failed: 
  [41110/100000]  elapsed=37672s  rate=1.1/s  eta=53965s  finite=36545
  [warn] sample 8 failed: 
  [41120/100000]  elapsed=37681s  rate=1.1/s  eta=53955s  finite=36554
  [41130/100000]  elapsed=37690s  rate=1.1/s  eta=53947s  finite=36563
  [41140/100000]  elapsed=37700s  rate=1.1/s  eta=53938s  finite=36572
  [warn] sample 5 failed: 
  [41150/100000]  elapsed=37709s  rate=1.1/s  eta=53929s  finite=36581
  [41160/100000]  elapsed=37718s  rate=1.1/s  eta=53920s  finite=36590
  [41170/100000]  elapsed=37728s  rate=1.1/s  eta=53911s  finite=36600
  [41180/100000]  elapsed=37737s  rate=1.1/s  eta=53903s  finite=36610
  [41190/100000]  elapsed=37747s  rate=1.1/s  eta=53894s  finite=36619
  [41200/100000]  elapsed=37757s  rate=1.1/s  eta=53886s  finite=36628
  -> checkpoint saved: /scratch/e1498138/lhs/lhs_noise2_paris1_checkpoints/lhs_noise2_paris1_ckpt_041200.pkl
  [warn] sample 4 failed: 
  [41210/100000]  elapsed=37765s  rate=1.1/s  eta=53876s  finite=36636
  [41220/100000]  elapsed=37775s  rate=1.1/s  eta=53867s  finite=36645
  [41230/100000]  elapsed=37784s  rate=1.1/s  eta=53858s  finite=36655
  [41240/100000]  elapsed=37794s  rate=1.1/s  eta=53850s  finite=36665
  [41250/100000]  elapsed=37803s  rate=1.1/s  eta=53841s  finite=36675
  [41260/100000]  elapsed=37813s  rate=1.1/s  eta=53833s  finite=36682
  [41270/100000]  elapsed=37823s  rate=1.1/s  eta=53824s  finite=36691
  [41280/100000]  elapsed=37832s  rate=1.1/s  eta=53816s  finite=36701
  [41290/100000]  elapsed=37842s  rate=1.1/s  eta=53807s  finite=36711
  [41300/100000]  elapsed=37851s  rate=1.1/s  eta=53798s  finite=36720
  -> checkpoint saved: /scratch/e1498138/lhs/lhs_noise2_paris1_checkpoints/lhs_noise2_paris1_ckpt_041300.pkl
  [41310/100000]  elapsed=37861s  rate=1.1/s  eta=53790s  finite=36728
  [warn] sample 5 failed: 
  [41320/100000]  elapsed=37869s  rate=1.1/s  eta=53780s  finite=36737
  [41330/100000]  elapsed=37879s  rate=1.1/s  eta=53771s  finite=36746
  [41340/100000]  elapsed=37889s  rate=1.1/s  eta=53763s  finite=36756
  [41350/100000]  elapsed=37898s  rate=1.1/s  eta=53754s  finite=36766
  [41360/100000]  elapsed=37908s  rate=1.1/s  eta=53745s  finite=36775
  [41370/100000]  elapsed=37917s  rate=1.1/s  eta=53737s  finite=36785
  [41380/100000]  elapsed=37927s  rate=1.1/s  eta=53728s  finite=36795
  [41390/100000]  elapsed=37937s  rate=1.1/s  eta=53720s  finite=36805
  [41400/100000]  elapsed=37946s  rate=1.1/s  eta=53712s  finite=36814
  -> checkpoint saved: /scratch/e1498138/lhs/lhs_noise2_paris1_checkpoints/lhs_noise2_paris1_ckpt_041400.pkl
  [41410/100000]  elapsed=37956s  rate=1.1/s  eta=53703s  finite=36824
  [41420/100000]  elapsed=37966s  rate=1.1/s  eta=53694s  finite=36834
  [41430/100000]  elapsed=37975s  rate=1.1/s  eta=53686s  finite=36844
  [41440/100000]  elapsed=37984s  rate=1.1/s  eta=53677s  finite=36854
  [warn] sample 1 failed: 
  [41450/100000]  elapsed=37993s  rate=1.1/s  eta=53667s  finite=36861
  [41460/100000]  elapsed=38003s  rate=1.1/s  eta=53658s  finite=36871
  [41470/100000]  elapsed=38012s  rate=1.1/s  eta=53650s  finite=36880
  [warn] sample 8 failed: 
  [41480/100000]  elapsed=38021s  rate=1.1/s  eta=53640s  finite=36889
  [41490/100000]  elapsed=38030s  rate=1.1/s  eta=53631s  finite=36898
  [41500/100000]  elapsed=38040s  rate=1.1/s  eta=53622s  finite=36907
  -> checkpoint saved: /scratch/e1498138/lhs/lhs_noise2_paris1_checkpoints/lhs_noise2_paris1_ckpt_041500.pkl
  [41510/100000]  elapsed=38049s  rate=1.1/s  eta=53614s  finite=36917
  [41520/100000]  elapsed=38059s  rate=1.1/s  eta=53605s  finite=36926
  [41530/100000]  elapsed=38069s  rate=1.1/s  eta=53597s  finite=36936
  [warn] sample 2 failed: 
  [41540/100000]  elapsed=38077s  rate=1.1/s  eta=53587s  finite=36945
  [41550/100000]  elapsed=38087s  rate=1.1/s  eta=53578s  finite=36955
  [41560/100000]  elapsed=38096s  rate=1.1/s  eta=53570s  finite=36965
  [41570/100000]  elapsed=38106s  rate=1.1/s  eta=53561s  finite=36974
  [41580/100000]  elapsed=38115s  rate=1.1/s  eta=53552s  finite=36983
  [41590/100000]  elapsed=38125s  rate=1.1/s  eta=53544s  finite=36993
  [41600/100000]  elapsed=38135s  rate=1.1/s  eta=53535s  finite=37000
  -> checkpoint saved: /scratch/e1498138/lhs/lhs_noise2_paris1_checkpoints/lhs_noise2_paris1_ckpt_041600.pkl
  [41610/100000]  elapsed=38144s  rate=1.1/s  eta=53527s  finite=37010
  [warn] sample 7 failed: 
  [41620/100000]  elapsed=38153s  rate=1.1/s  eta=53517s  finite=37016
  [41630/100000]  elapsed=38162s  rate=1.1/s  eta=53508s  finite=37025
  [warn] sample 6 failed: 
  [41640/100000]  elapsed=38171s  rate=1.1/s  eta=53498s  finite=37032
  [41650/100000]  elapsed=38180s  rate=1.1/s  eta=53489s  finite=37040
  [41660/100000]  elapsed=38190s  rate=1.1/s  eta=53481s  finite=37049
  [41670/100000]  elapsed=38199s  rate=1.1/s  eta=53472s  finite=37059
  [warn] sample 9 failed: 
  [41680/100000]  elapsed=38208s  rate=1.1/s  eta=53462s  finite=37068
  [41690/100000]  elapsed=38218s  rate=1.1/s  eta=53453s  finite=37078
  [warn] sample 2 failed: 
  [41700/100000]  elapsed=38227s  rate=1.1/s  eta=53444s  finite=37086
  -> checkpoint saved: /scratch/e1498138/lhs/lhs_noise2_paris1_checkpoints/lhs_noise2_paris1_ckpt_041700.pkl
  [41710/100000]  elapsed=38236s  rate=1.1/s  eta=53435s  finite=37094
  [warn] sample 3 failed: 
  [41720/100000]  elapsed=38245s  rate=1.1/s  eta=53425s  finite=37102
  [41730/100000]  elapsed=38254s  rate=1.1/s  eta=53417s  finite=37111
  [41740/100000]  elapsed=38264s  rate=1.1/s  eta=53408s  finite=37118
  [41750/100000]  elapsed=38273s  rate=1.1/s  eta=53399s  finite=37128
  [warn] sample 9 failed: 
  [41760/100000]  elapsed=38282s  rate=1.1/s  eta=53389s  finite=37136
  [warn] sample 7 failed: 
  [41770/100000]  elapsed=38291s  rate=1.1/s  eta=53380s  finite=37145
  [41780/100000]  elapsed=38300s  rate=1.1/s  eta=53371s  finite=37155
  [41790/100000]  elapsed=38310s  rate=1.1/s  eta=53362s  finite=37165
  [41800/100000]  elapsed=38319s  rate=1.1/s  eta=53354s  finite=37174
  -> checkpoint saved: /scratch/e1498138/lhs/lhs_noise2_paris1_checkpoints/lhs_noise2_paris1_ckpt_041800.pkl
  [41810/100000]  elapsed=38329s  rate=1.1/s  eta=53345s  finite=37183
  [41820/100000]  elapsed=38339s  rate=1.1/s  eta=53337s  finite=37193
  [warn] sample 7 failed: 
  [41830/100000]  elapsed=38347s  rate=1.1/s  eta=53327s  finite=37201
  [41840/100000]  elapsed=38357s  rate=1.1/s  eta=53318s  finite=37211
  [warn] sample 9 failed: 
  [41850/100000]  elapsed=38365s  rate=1.1/s  eta=53308s  finite=37219
  [41860/100000]  elapsed=38375s  rate=1.1/s  eta=53300s  finite=37228
  [41870/100000]  elapsed=38385s  rate=1.1/s  eta=53292s  finite=37238
  [41880/100000]  elapsed=38395s  rate=1.1/s  eta=53283s  finite=37247
  [41890/100000]  elapsed=38404s  rate=1.1/s  eta=53275s  finite=37256
  [41900/100000]  elapsed=38420s  rate=1.1/s  eta=53274s  finite=37264
  -> checkpoint saved: /scratch/e1498138/lhs/lhs_noise2_paris1_checkpoints/lhs_noise2_paris1_ckpt_041900.pkl
  [warn] sample 0 failed: 
  [41910/100000]  elapsed=38428s  rate=1.1/s  eta=53264s  finite=37272
  [41920/100000]  elapsed=38438s  rate=1.1/s  eta=53256s  finite=37282
  [41930/100000]  elapsed=38448s  rate=1.1/s  eta=53247s  finite=37292
  [41940/100000]  elapsed=38457s  rate=1.1/s  eta=53239s  finite=37300
  [41950/100000]  elapsed=38467s  rate=1.1/s  eta=53230s  finite=37310
  [41960/100000]  elapsed=38476s  rate=1.1/s  eta=53221s  finite=37319
  [41970/100000]  elapsed=38486s  rate=1.1/s  eta=53212s  finite=37326
  [41980/100000]  elapsed=38495s  rate=1.1/s  eta=53204s  finite=37333
  [warn] sample 1 failed: 
  [warn] sample 6 failed: 
  [41990/100000]  elapsed=38503s  rate=1.1/s  eta=53192s  finite=37341
  [warn] sample 3 failed: 
  [42000/100000]  elapsed=38512s  rate=1.1/s  eta=53183s  finite=37350
  -> checkpoint saved: /scratch/e1498138/lhs/lhs_noise2_paris1_checkpoints/lhs_noise2_paris1_ckpt_042000.pkl
  [42010/100000]  elapsed=38521s  rate=1.1/s  eta=53174s  finite=37360
  [42020/100000]  elapsed=38531s  rate=1.1/s  eta=53165s  finite=37369
  [warn] sample 0 failed: 
  [42030/100000]  elapsed=38539s  rate=1.1/s  eta=53155s  finite=37377
  [42040/100000]  elapsed=38549s  rate=1.1/s  eta=53147s  finite=37386
  [42050/100000]  elapsed=38558s  rate=1.1/s  eta=53138s  finite=37394
  [42060/100000]  elapsed=38568s  rate=1.1/s  eta=53129s  finite=37403
  [42070/100000]  elapsed=38577s  rate=1.1/s  eta=53121s  finite=37413
  [42080/100000]  elapsed=38587s  rate=1.1/s  eta=53112s  finite=37423
  [warn] sample 3 failed: 
  [42090/100000]  elapsed=38596s  rate=1.1/s  eta=53102s  finite=37431
  [42100/100000]  elapsed=38605s  rate=1.1/s  eta=53094s  finite=37441
  -> checkpoint saved: /scratch/e1498138/lhs/lhs_noise2_paris1_checkpoints/lhs_noise2_paris1_ckpt_042100.pkl
  [warn] sample 8 failed: 
  [42110/100000]  elapsed=38614s  rate=1.1/s  eta=53084s  finite=37450
  [warn] sample 2 failed: 
  [42120/100000]  elapsed=38623s  rate=1.1/s  eta=53074s  finite=37458
  [42130/100000]  elapsed=38632s  rate=1.1/s  eta=53066s  finite=37468
  [42140/100000]  elapsed=38642s  rate=1.1/s  eta=53057s  finite=37477
  [42150/100000]  elapsed=38652s  rate=1.1/s  eta=53049s  finite=37487
  [42160/100000]  elapsed=38661s  rate=1.1/s  eta=53040s  finite=37497
  [warn] sample 8 failed: 
  [42170/100000]  elapsed=38670s  rate=1.1/s  eta=53030s  finite=37503
  [42180/100000]  elapsed=38679s  rate=1.1/s  eta=53021s  finite=37511
  [42190/100000]  elapsed=38689s  rate=1.1/s  eta=53013s  finite=37521
  [42200/100000]  elapsed=38699s  rate=1.1/s  eta=53004s  finite=37530
  -> checkpoint saved: /scratch/e1498138/lhs/lhs_noise2_paris1_checkpoints/lhs_noise2_paris1_ckpt_042200.pkl
  [42210/100000]  elapsed=38708s  rate=1.1/s  eta=52996s  finite=37540
  [42220/100000]  elapsed=38718s  rate=1.1/s  eta=52987s  finite=37550
  [warn] sample 3 failed: 
  [42230/100000]  elapsed=38727s  rate=1.1/s  eta=52978s  finite=37557
  [42240/100000]  elapsed=38736s  rate=1.1/s  eta=52969s  finite=37567
  [42250/100000]  elapsed=38746s  rate=1.1/s  eta=52960s  finite=37577
  [42260/100000]  elapsed=38755s  rate=1.1/s  eta=52952s  finite=37586
  [42270/100000]  elapsed=38765s  rate=1.1/s  eta=52943s  finite=37595
  [42280/100000]  elapsed=38774s  rate=1.1/s  eta=52934s  finite=37605
  [42290/100000]  elapsed=38784s  rate=1.1/s  eta=52925s  finite=37614
  [42300/100000]  elapsed=38793s  rate=1.1/s  eta=52917s  finite=37623
  -> checkpoint saved: /scratch/e1498138/lhs/lhs_noise2_paris1_checkpoints/lhs_noise2_paris1_ckpt_042300.pkl
  [42310/100000]  elapsed=38803s  rate=1.1/s  eta=52908s  finite=37632
  [42320/100000]  elapsed=38812s  rate=1.1/s  eta=52899s  finite=37642
  [warn] sample 4 failed: 
  [42330/100000]  elapsed=38821s  rate=1.1/s  eta=52889s  finite=37649
  [42340/100000]  elapsed=38830s  rate=1.1/s  eta=52881s  finite=37659
  [warn] sample 3 failed: 
  [warn] sample 8 failed: 
  [42350/100000]  elapsed=38838s  rate=1.1/s  eta=52870s  finite=37667
  [42360/100000]  elapsed=38848s  rate=1.1/s  eta=52861s  finite=37676
  [42370/100000]  elapsed=38858s  rate=1.1/s  eta=52853s  finite=37685
  [42380/100000]  elapsed=38867s  rate=1.1/s  eta=52844s  finite=37695
  [42390/100000]  elapsed=38877s  rate=1.1/s  eta=52835s  finite=37705
  [42400/100000]  elapsed=38886s  rate=1.1/s  eta=52827s  finite=37715
  -> checkpoint saved: /scratch/e1498138/lhs/lhs_noise2_paris1_checkpoints/lhs_noise2_paris1_ckpt_042400.pkl
  [warn] sample 1 failed: 
  [42410/100000]  elapsed=38895s  rate=1.1/s  eta=52817s  finite=37724
  [warn] sample 6 failed: 
  [42420/100000]  elapsed=38904s  rate=1.1/s  eta=52807s  finite=37732
  [42430/100000]  elapsed=38914s  rate=1.1/s  eta=52799s  finite=37742
  [42440/100000]  elapsed=38923s  rate=1.1/s  eta=52790s  finite=37751
  [warn] sample 2 failed: 
  [42450/100000]  elapsed=38932s  rate=1.1/s  eta=52780s  finite=37760
  [42460/100000]  elapsed=38941s  rate=1.1/s  eta=52772s  finite=37770
  [42470/100000]  elapsed=38951s  rate=1.1/s  eta=52763s  finite=37780
  [42480/100000]  elapsed=38960s  rate=1.1/s  eta=52754s  finite=37790
  [warn] sample 4 failed: 
  [42490/100000]  elapsed=38969s  rate=1.1/s  eta=52744s  finite=37797
  [42500/100000]  elapsed=38978s  rate=1.1/s  eta=52735s  finite=37807
  -> checkpoint saved: /scratch/e1498138/lhs/lhs_noise2_paris1_checkpoints/lhs_noise2_paris1_ckpt_042500.pkl
  [warn] sample 3 failed: 
  [42510/100000]  elapsed=38987s  rate=1.1/s  eta=52726s  finite=37815
  [42520/100000]  elapsed=38997s  rate=1.1/s  eta=52717s  finite=37824
  [42530/100000]  elapsed=39006s  rate=1.1/s  eta=52708s  finite=37832
  [warn] sample 3 failed: 
  [42540/100000]  elapsed=39015s  rate=1.1/s  eta=52698s  finite=37841
  [warn] sample 9 failed: 
  [42550/100000]  elapsed=39023s  rate=1.1/s  eta=52688s  finite=37848
  [warn] sample 9 failed: 
  [42560/100000]  elapsed=39032s  rate=1.1/s  eta=52678s  finite=37856
  [42570/100000]  elapsed=39041s  rate=1.1/s  eta=52670s  finite=37865
  [warn] sample 0 failed: 
  [42580/100000]  elapsed=39050s  rate=1.1/s  eta=52660s  finite=37872
  [warn] sample 0 failed: 
  [warn] sample 3 failed: 
  [warn] sample 4 failed: 
  [warn] sample 9 failed: 
  [42590/100000]  elapsed=39056s  rate=1.1/s  eta=52647s  finite=37878
  [42600/100000]  elapsed=39066s  rate=1.1/s  eta=52638s  finite=37888
  -> checkpoint saved: /scratch/e1498138/lhs/lhs_noise2_paris1_checkpoints/lhs_noise2_paris1_ckpt_042600.pkl
  [warn] sample 6 failed: 
  [42610/100000]  elapsed=39075s  rate=1.1/s  eta=52628s  finite=37894
  [42620/100000]  elapsed=39084s  rate=1.1/s  eta=52620s  finite=37903
  [42630/100000]  elapsed=39094s  rate=1.1/s  eta=52611s  finite=37912
  [warn] sample 2 failed: 
  [42640/100000]  elapsed=39102s  rate=1.1/s  eta=52601s  finite=37920
  [warn] sample 2 failed: 
  [42650/100000]  elapsed=39111s  rate=1.1/s  eta=52591s  finite=37928
  [42660/100000]  elapsed=39121s  rate=1.1/s  eta=52583s  finite=37937
  [warn] sample 1 failed: 
  [42670/100000]  elapsed=39129s  rate=1.1/s  eta=52573s  finite=37944
  [42680/100000]  elapsed=39139s  rate=1.1/s  eta=52564s  finite=37954
  [42690/100000]  elapsed=39149s  rate=1.1/s  eta=52556s  finite=37963
  [42700/100000]  elapsed=39158s  rate=1.1/s  eta=52547s  finite=37972
  -> checkpoint saved: /scratch/e1498138/lhs/lhs_noise2_paris1_checkpoints/lhs_noise2_paris1_ckpt_042700.pkl
  [42710/100000]  elapsed=39168s  rate=1.1/s  eta=52538s  finite=37982
  [42720/100000]  elapsed=39177s  rate=1.1/s  eta=52530s  finite=37991
  [42730/100000]  elapsed=39186s  rate=1.1/s  eta=52521s  finite=37999
  [42740/100000]  elapsed=39196s  rate=1.1/s  eta=52512s  finite=38008
  [42750/100000]  elapsed=39205s  rate=1.1/s  eta=52503s  finite=38018
  [42760/100000]  elapsed=39215s  rate=1.1/s  eta=52494s  finite=38028
  [42770/100000]  elapsed=39225s  rate=1.1/s  eta=52486s  finite=38038
  [42780/100000]  elapsed=39234s  rate=1.1/s  eta=52478s  finite=38048
  [warn] sample 1 failed: 
  [42790/100000]  elapsed=39243s  rate=1.1/s  eta=52468s  finite=38057
  [42800/100000]  elapsed=39253s  rate=1.1/s  eta=52459s  finite=38067
  -> checkpoint saved: /scratch/e1498138/lhs/lhs_noise2_paris1_checkpoints/lhs_noise2_paris1_ckpt_042800.pkl
  [42810/100000]  elapsed=39262s  rate=1.1/s  eta=52451s  finite=38077
  [42820/100000]  elapsed=39272s  rate=1.1/s  eta=52442s  finite=38084
  [42830/100000]  elapsed=39282s  rate=1.1/s  eta=52434s  finite=38093
  [warn] sample 4 failed: 
  [42840/100000]  elapsed=39290s  rate=1.1/s  eta=52424s  finite=38101
  [warn] sample 1 failed: 
  [42850/100000]  elapsed=39299s  rate=1.1/s  eta=52414s  finite=38107
  [42860/100000]  elapsed=39308s  rate=1.1/s  eta=52405s  finite=38115
  [warn] sample 8 failed: 
  [42870/100000]  elapsed=39317s  rate=1.1/s  eta=52395s  finite=38124
  [warn] sample 9 failed: 
  [42880/100000]  elapsed=39326s  rate=1.1/s  eta=52386s  finite=38133
  [42890/100000]  elapsed=39336s  rate=1.1/s  eta=52377s  finite=38143
  [warn] sample 0 failed: 
  [42900/100000]  elapsed=39344s  rate=1.1/s  eta=52367s  finite=38152
  -> checkpoint saved: /scratch/e1498138/lhs/lhs_noise2_paris1_checkpoints/lhs_noise2_paris1_ckpt_042900.pkl
  [42910/100000]  elapsed=39354s  rate=1.1/s  eta=52359s  finite=38160
  [warn] sample 9 failed: 
  [42920/100000]  elapsed=39363s  rate=1.1/s  eta=52349s  finite=38167
  [warn] sample 8 failed: 
  [42930/100000]  elapsed=39371s  rate=1.1/s  eta=52339s  finite=38175
  [42940/100000]  elapsed=39381s  rate=1.1/s  eta=52331s  finite=38184
  [42950/100000]  elapsed=39391s  rate=1.1/s  eta=52322s  finite=38194
  [42960/100000]  elapsed=39400s  rate=1.1/s  eta=52313s  finite=38203
  [warn] sample 0 failed: 
  [warn] sample 7 failed: 
  [42970/100000]  elapsed=39408s  rate=1.1/s  eta=52302s  finite=38211
  [42980/100000]  elapsed=39417s  rate=1.1/s  eta=52294s  finite=38221
  [42990/100000]  elapsed=39427s  rate=1.1/s  eta=52285s  finite=38229
  [43000/100000]  elapsed=39437s  rate=1.1/s  eta=52276s  finite=38238
  -> checkpoint saved: /scratch/e1498138/lhs/lhs_noise2_paris1_checkpoints/lhs_noise2_paris1_ckpt_043000.pkl
  [43010/100000]  elapsed=39446s  rate=1.1/s  eta=52268s  finite=38245
  [43020/100000]  elapsed=39456s  rate=1.1/s  eta=52259s  finite=38255
  [43030/100000]  elapsed=39465s  rate=1.1/s  eta=52250s  finite=38265
  [43040/100000]  elapsed=39475s  rate=1.1/s  eta=52242s  finite=38274
  [43050/100000]  elapsed=39485s  rate=1.1/s  eta=52233s  finite=38284
  [43060/100000]  elapsed=39494s  rate=1.1/s  eta=52225s  finite=38293
  [43070/100000]  elapsed=39504s  rate=1.1/s  eta=52216s  finite=38303
  [43080/100000]  elapsed=39513s  rate=1.1/s  eta=52207s  finite=38313
  [43090/100000]  elapsed=39523s  rate=1.1/s  eta=52199s  finite=38323
  [43100/100000]  elapsed=39532s  rate=1.1/s  eta=52190s  finite=38333
  -> checkpoint saved: /scratch/e1498138/lhs/lhs_noise2_paris1_checkpoints/lhs_noise2_paris1_ckpt_043100.pkl
  [warn] sample 7 failed: 
  [43110/100000]  elapsed=39541s  rate=1.1/s  eta=52180s  finite=38341
  [warn] sample 8 failed: 
  [43120/100000]  elapsed=39550s  rate=1.1/s  eta=52170s  finite=38350
  [warn] sample 0 failed: 
  [43130/100000]  elapsed=39558s  rate=1.1/s  eta=52161s  finite=38359
  [warn] sample 2 failed: 
  [43140/100000]  elapsed=39567s  rate=1.1/s  eta=52151s  finite=38366
  [43150/100000]  elapsed=39577s  rate=1.1/s  eta=52142s  finite=38376
  [43160/100000]  elapsed=39586s  rate=1.1/s  eta=52134s  finite=38384
  [warn] sample 3 failed: 
  [43170/100000]  elapsed=39595s  rate=1.1/s  eta=52124s  finite=38391
  [43180/100000]  elapsed=39604s  rate=1.1/s  eta=52115s  finite=38401
  [43190/100000]  elapsed=39614s  rate=1.1/s  eta=52106s  finite=38411
  [warn] sample 9 failed: 
  [43200/100000]  elapsed=39623s  rate=1.1/s  eta=52097s  finite=38419
  -> checkpoint saved: /scratch/e1498138/lhs/lhs_noise2_paris1_checkpoints/lhs_noise2_paris1_ckpt_043200.pkl
  [43210/100000]  elapsed=39632s  rate=1.1/s  eta=52088s  finite=38429
  [43220/100000]  elapsed=39642s  rate=1.1/s  eta=52080s  finite=38437
  [43230/100000]  elapsed=39652s  rate=1.1/s  eta=52071s  finite=38446
  [warn] sample 1 failed: 
  [43240/100000]  elapsed=39661s  rate=1.1/s  eta=52061s  finite=38455
  [warn] sample 6 failed: 
  [43250/100000]  elapsed=39669s  rate=1.1/s  eta=52052s  finite=38462
  [43260/100000]  elapsed=39679s  rate=1.1/s  eta=52043s  finite=38470
  [43270/100000]  elapsed=39688s  rate=1.1/s  eta=52034s  finite=38480
  [43280/100000]  elapsed=39698s  rate=1.1/s  eta=52025s  finite=38489
  [43290/100000]  elapsed=39707s  rate=1.1/s  eta=52017s  finite=38499
  [43300/100000]  elapsed=39717s  rate=1.1/s  eta=52008s  finite=38509
  -> checkpoint saved: /scratch/e1498138/lhs/lhs_noise2_paris1_checkpoints/lhs_noise2_paris1_ckpt_043300.pkl
  [43310/100000]  elapsed=39726s  rate=1.1/s  eta=51999s  finite=38519
  [43320/100000]  elapsed=39736s  rate=1.1/s  eta=51991s  finite=38529
  [43330/100000]  elapsed=39746s  rate=1.1/s  eta=51982s  finite=38539
  [43340/100000]  elapsed=39755s  rate=1.1/s  eta=51974s  finite=38549
  [43350/100000]  elapsed=39765s  rate=1.1/s  eta=51965s  finite=38559
  [43360/100000]  elapsed=39774s  rate=1.1/s  eta=51956s  finite=38568
  [43370/100000]  elapsed=39784s  rate=1.1/s  eta=51947s  finite=38577
  [43380/100000]  elapsed=39793s  rate=1.1/s  eta=51939s  finite=38587
  [warn] sample 9 failed: 
  [43390/100000]  elapsed=39802s  rate=1.1/s  eta=51929s  finite=38596
  [43400/100000]  elapsed=39812s  rate=1.1/s  eta=51920s  finite=38605
  -> checkpoint saved: /scratch/e1498138/lhs/lhs_noise2_paris1_checkpoints/lhs_noise2_paris1_ckpt_043400.pkl
  [43410/100000]  elapsed=39821s  rate=1.1/s  eta=51912s  finite=38613
  [43420/100000]  elapsed=39831s  rate=1.1/s  eta=51903s  finite=38622
  [warn] sample 6 failed: 
  [43430/100000]  elapsed=39839s  rate=1.1/s  eta=51893s  finite=38631
  [43440/100000]  elapsed=39849s  rate=1.1/s  eta=51884s  finite=38641
  [warn] sample 8 failed: 
  [43450/100000]  elapsed=39863s  rate=1.1/s  eta=51881s  finite=38648
  [43460/100000]  elapsed=39873s  rate=1.1/s  eta=51873s  finite=38658
  [43470/100000]  elapsed=39882s  rate=1.1/s  eta=51864s  finite=38666
  [warn] sample 8 failed: 
  [43480/100000]  elapsed=39891s  rate=1.1/s  eta=51854s  finite=38675
  [43490/100000]  elapsed=39900s  rate=1.1/s  eta=51845s  finite=38685
  [43500/100000]  elapsed=39910s  rate=1.1/s  eta=51837s  finite=38693
  -> checkpoint saved: /scratch/e1498138/lhs/lhs_noise2_paris1_checkpoints/lhs_noise2_paris1_ckpt_043500.pkl
  [warn] sample 1 failed: 
  [43510/100000]  elapsed=39918s  rate=1.1/s  eta=51827s  finite=38702
  [warn] sample 2 failed: 
  [43520/100000]  elapsed=39927s  rate=1.1/s  eta=51817s  finite=38710
  [warn] sample 2 failed: 
  [43530/100000]  elapsed=39936s  rate=1.1/s  eta=51807s  finite=38719
  [43540/100000]  elapsed=39945s  rate=1.1/s  eta=51799s  finite=38729
  [43550/100000]  elapsed=39955s  rate=1.1/s  eta=51790s  finite=38739
  [43560/100000]  elapsed=39965s  rate=1.1/s  eta=51781s  finite=38749
  [43570/100000]  elapsed=39974s  rate=1.1/s  eta=51773s  finite=38759
  [43580/100000]  elapsed=39984s  rate=1.1/s  eta=51764s  finite=38768
  [43590/100000]  elapsed=39993s  rate=1.1/s  eta=51755s  finite=38777
  [warn] sample 0 failed: 
  [warn] sample 8 failed: 
  [43600/100000]  elapsed=40001s  rate=1.1/s  eta=51744s  finite=38784
  -> checkpoint saved: /scratch/e1498138/lhs/lhs_noise2_paris1_checkpoints/lhs_noise2_paris1_ckpt_043600.pkl
  [warn] sample 1 failed: 
  [43610/100000]  elapsed=40010s  rate=1.1/s  eta=51735s  finite=38793
  [43620/100000]  elapsed=40019s  rate=1.1/s  eta=51726s  finite=38803
  [43630/100000]  elapsed=40029s  rate=1.1/s  eta=51717s  finite=38813
  [43640/100000]  elapsed=40038s  rate=1.1/s  eta=51709s  finite=38823
  [warn] sample 8 failed: 
  [43650/100000]  elapsed=40047s  rate=1.1/s  eta=51699s  finite=38830
  [43660/100000]  elapsed=40057s  rate=1.1/s  eta=51690s  finite=38839
  [43670/100000]  elapsed=40067s  rate=1.1/s  eta=51682s  finite=38849
  [warn] sample 1 failed: 
  [43680/100000]  elapsed=40075s  rate=1.1/s  eta=51672s  finite=38858
  [43690/100000]  elapsed=40085s  rate=1.1/s  eta=51664s  finite=38868
  [43700/100000]  elapsed=40095s  rate=1.1/s  eta=51655s  finite=38878
  -> checkpoint saved: /scratch/e1498138/lhs/lhs_noise2_paris1_checkpoints/lhs_noise2_paris1_ckpt_043700.pkl
  [43710/100000]  elapsed=40105s  rate=1.1/s  eta=51647s  finite=38888
  [43720/100000]  elapsed=40114s  rate=1.1/s  eta=51638s  finite=38898
  [warn] sample 5 failed: 
  [43730/100000]  elapsed=40123s  rate=1.1/s  eta=51628s  finite=38905
  [43740/100000]  elapsed=40132s  rate=1.1/s  eta=51620s  finite=38914
  [43750/100000]  elapsed=40142s  rate=1.1/s  eta=51611s  finite=38924
  [warn] sample 2 failed: 
  [43760/100000]  elapsed=40151s  rate=1.1/s  eta=51602s  finite=38932
  [warn] sample 0 failed: 
  [43770/100000]  elapsed=40160s  rate=1.1/s  eta=51592s  finite=38940
  [warn] sample 8 failed: 
  [43780/100000]  elapsed=40168s  rate=1.1/s  eta=51582s  finite=38948
  [43790/100000]  elapsed=40178s  rate=1.1/s  eta=51574s  finite=38957
  [43800/100000]  elapsed=40188s  rate=1.1/s  eta=51565s  finite=38965
  -> checkpoint saved: /scratch/e1498138/lhs/lhs_noise2_paris1_checkpoints/lhs_noise2_paris1_ckpt_043800.pkl
  [warn] sample 6 failed: 
  [43810/100000]  elapsed=40197s  rate=1.1/s  eta=51556s  finite=38974
  [43820/100000]  elapsed=40206s  rate=1.1/s  eta=51547s  finite=38983
  [43830/100000]  elapsed=40216s  rate=1.1/s  eta=51539s  finite=38993
  [43840/100000]  elapsed=40226s  rate=1.1/s  eta=51530s  finite=39003
  [warn] sample 3 failed: 
  [43850/100000]  elapsed=40234s  rate=1.1/s  eta=51520s  finite=39012
  [43860/100000]  elapsed=40244s  rate=1.1/s  eta=51511s  finite=39020
  [43870/100000]  elapsed=40253s  rate=1.1/s  eta=51502s  finite=39028
  [43880/100000]  elapsed=40263s  rate=1.1/s  eta=51494s  finite=39038
  [warn] sample 7 failed: 
  [43890/100000]  elapsed=40271s  rate=1.1/s  eta=51484s  finite=39046
  [warn] sample 9 failed: 
  [43900/100000]  elapsed=40280s  rate=1.1/s  eta=51474s  finite=39054
  -> checkpoint saved: /scratch/e1498138/lhs/lhs_noise2_paris1_checkpoints/lhs_noise2_paris1_ckpt_043900.pkl
  [43910/100000]  elapsed=40290s  rate=1.1/s  eta=51466s  finite=39062
  [43920/100000]  elapsed=40299s  rate=1.1/s  eta=51457s  finite=39072
  [43930/100000]  elapsed=40309s  rate=1.1/s  eta=51448s  finite=39079
  [warn] sample 0 failed: 
  [43940/100000]  elapsed=40318s  rate=1.1/s  eta=51438s  finite=39086
  [43950/100000]  elapsed=40327s  rate=1.1/s  eta=51430s  finite=39095
  [warn] sample 2 failed: 
  [warn] sample 8 failed: 
  [43960/100000]  elapsed=40335s  rate=1.1/s  eta=51419s  finite=39103
  [43970/100000]  elapsed=40344s  rate=1.1/s  eta=51410s  finite=39111
  [43980/100000]  elapsed=40354s  rate=1.1/s  eta=51401s  finite=39121
  [warn] sample 5 failed: 
  [43990/100000]  elapsed=40363s  rate=1.1/s  eta=51391s  finite=39129
  [44000/100000]  elapsed=40372s  rate=1.1/s  eta=51383s  finite=39139
  -> checkpoint saved: /scratch/e1498138/lhs/lhs_noise2_paris1_checkpoints/lhs_noise2_paris1_ckpt_044000.pkl
  [warn] sample 3 failed: 
  [44010/100000]  elapsed=40381s  rate=1.1/s  eta=51373s  finite=39146
  [warn] sample 7 failed: 
  [44020/100000]  elapsed=40390s  rate=1.1/s  eta=51363s  finite=39155
  [44030/100000]  elapsed=40399s  rate=1.1/s  eta=51355s  finite=39164
  [44040/100000]  elapsed=40409s  rate=1.1/s  eta=51346s  finite=39174
  [44050/100000]  elapsed=40418s  rate=1.1/s  eta=51337s  finite=39183
  [warn] sample 2 failed: 
  [44060/100000]  elapsed=40427s  rate=1.1/s  eta=51327s  finite=39191
  [44070/100000]  elapsed=40437s  rate=1.1/s  eta=51319s  finite=39200
  [44080/100000]  elapsed=40446s  rate=1.1/s  eta=51310s  finite=39209
  [44090/100000]  elapsed=40456s  rate=1.1/s  eta=51301s  finite=39219
  [warn] sample 2 failed: 
  [44100/100000]  elapsed=40464s  rate=1.1/s  eta=51292s  finite=39225
  -> checkpoint saved: /scratch/e1498138/lhs/lhs_noise2_paris1_checkpoints/lhs_noise2_paris1_ckpt_044100.pkl
  [warn] sample 6 failed: 
  [44110/100000]  elapsed=40473s  rate=1.1/s  eta=51282s  finite=39234
  [44120/100000]  elapsed=40483s  rate=1.1/s  eta=51273s  finite=39244
  [warn] sample 9 failed: 
  [44130/100000]  elapsed=40492s  rate=1.1/s  eta=51264s  finite=39252
  [44140/100000]  elapsed=40501s  rate=1.1/s  eta=51255s  finite=39261
  [warn] sample 0 failed: 
  [44150/100000]  elapsed=40510s  rate=1.1/s  eta=51245s  finite=39270
  [warn] sample 6 failed: 
  [44160/100000]  elapsed=40518s  rate=1.1/s  eta=51235s  finite=39278
  [44170/100000]  elapsed=40528s  rate=1.1/s  eta=51226s  finite=39288
  [44180/100000]  elapsed=40537s  rate=1.1/s  eta=51218s  finite=39296
  [warn] sample 8 failed: 
  [44190/100000]  elapsed=40546s  rate=1.1/s  eta=51208s  finite=39305
  [warn] sample 2 failed: 
  [44200/100000]  elapsed=40555s  rate=1.1/s  eta=51198s  finite=39313
  -> checkpoint saved: /scratch/e1498138/lhs/lhs_noise2_paris1_checkpoints/lhs_noise2_paris1_ckpt_044200.pkl
  [warn] sample 2 failed: 
  [warn] sample 9 failed: 
  [44210/100000]  elapsed=40563s  rate=1.1/s  eta=51187s  finite=39320
  [warn] sample 5 failed: 
  [44220/100000]  elapsed=40571s  rate=1.1/s  eta=51177s  finite=39327
  [44230/100000]  elapsed=40581s  rate=1.1/s  eta=51169s  finite=39336
  [44240/100000]  elapsed=40591s  rate=1.1/s  eta=51160s  finite=39345
  [warn] sample 7 failed: 
  [44250/100000]  elapsed=40599s  rate=1.1/s  eta=51150s  finite=39354
  [44260/100000]  elapsed=40609s  rate=1.1/s  eta=51142s  finite=39363
  [44270/100000]  elapsed=40618s  rate=1.1/s  eta=51133s  finite=39372
  [44280/100000]  elapsed=40628s  rate=1.1/s  eta=51124s  finite=39381
  [warn] sample 8 failed: 
  [44290/100000]  elapsed=40636s  rate=1.1/s  eta=51114s  finite=39389
  [44300/100000]  elapsed=40646s  rate=1.1/s  eta=51106s  finite=39398
  -> checkpoint saved: /scratch/e1498138/lhs/lhs_noise2_paris1_checkpoints/lhs_noise2_paris1_ckpt_044300.pkl
  [44310/100000]  elapsed=40655s  rate=1.1/s  eta=51097s  finite=39406
  [warn] sample 2 failed: 
  [44320/100000]  elapsed=40664s  rate=1.1/s  eta=51087s  finite=39413
  [44330/100000]  elapsed=40674s  rate=1.1/s  eta=51078s  finite=39422
  [warn] sample 9 failed: 
  [44340/100000]  elapsed=40682s  rate=1.1/s  eta=51069s  finite=39430
  [44350/100000]  elapsed=40692s  rate=1.1/s  eta=51060s  finite=39438
  [44360/100000]  elapsed=40701s  rate=1.1/s  eta=51051s  finite=39446
  [44370/100000]  elapsed=40711s  rate=1.1/s  eta=51042s  finite=39454
  [44380/100000]  elapsed=40721s  rate=1.1/s  eta=51034s  finite=39464
  [44390/100000]  elapsed=40730s  rate=1.1/s  eta=51025s  finite=39471
  [44400/100000]  elapsed=40740s  rate=1.1/s  eta=51016s  finite=39480
  -> checkpoint saved: /scratch/e1498138/lhs/lhs_noise2_paris1_checkpoints/lhs_noise2_paris1_ckpt_044400.pkl
  [44410/100000]  elapsed=40749s  rate=1.1/s  eta=51008s  finite=39490
  [warn] sample 6 failed: 
  [44420/100000]  elapsed=40758s  rate=1.1/s  eta=50998s  finite=39499
  [warn] sample 4 failed: 
  [44430/100000]  elapsed=40767s  rate=1.1/s  eta=50988s  finite=39508
  [warn] sample 2 failed: 
  [44440/100000]  elapsed=40775s  rate=1.1/s  eta=50978s  finite=39517
  [44450/100000]  elapsed=40785s  rate=1.1/s  eta=50970s  finite=39527
  [warn] sample 5 failed: 
  [warn] sample 7 failed: 
  [44460/100000]  elapsed=40793s  rate=1.1/s  eta=50959s  finite=39533
  [warn] sample 4 failed: 
  [44470/100000]  elapsed=40802s  rate=1.1/s  eta=50949s  finite=39542
  [warn] sample 4 failed: 
  [44480/100000]  elapsed=40810s  rate=1.1/s  eta=50939s  finite=39551
  [warn] sample 5 failed: 
  [44490/100000]  elapsed=40819s  rate=1.1/s  eta=50929s  finite=39559
  [warn] sample 0 failed: 
  [44500/100000]  elapsed=40828s  rate=1.1/s  eta=50920s  finite=39567
  -> checkpoint saved: /scratch/e1498138/lhs/lhs_noise2_paris1_checkpoints/lhs_noise2_paris1_ckpt_044500.pkl
  [44510/100000]  elapsed=40837s  rate=1.1/s  eta=50911s  finite=39576
  [44520/100000]  elapsed=40847s  rate=1.1/s  eta=50902s  finite=39585
  [44530/100000]  elapsed=40856s  rate=1.1/s  eta=50893s  finite=39594
  [warn] sample 2 failed: 
  [44540/100000]  elapsed=40865s  rate=1.1/s  eta=50884s  finite=39603
  [44550/100000]  elapsed=40874s  rate=1.1/s  eta=50875s  finite=39613
  [warn] sample 2 failed: 
  [warn] sample 5 failed: 
  [warn] sample 6 failed: 
  [44560/100000]  elapsed=40881s  rate=1.1/s  eta=50863s  finite=39620
  [44570/100000]  elapsed=40891s  rate=1.1/s  eta=50854s  finite=39629
  [44580/100000]  elapsed=40900s  rate=1.1/s  eta=50846s  finite=39638
  [44590/100000]  elapsed=40910s  rate=1.1/s  eta=50837s  finite=39648
  [warn] sample 6 failed: 
  [44600/100000]  elapsed=40919s  rate=1.1/s  eta=50827s  finite=39656
  -> checkpoint saved: /scratch/e1498138/lhs/lhs_noise2_paris1_checkpoints/lhs_noise2_paris1_ckpt_044600.pkl
  [44610/100000]  elapsed=40928s  rate=1.1/s  eta=50819s  finite=39665
  [warn] sample 0 failed: 
  [44620/100000]  elapsed=40937s  rate=1.1/s  eta=50809s  finite=39673
  [44630/100000]  elapsed=40946s  rate=1.1/s  eta=50800s  finite=39683
  [44640/100000]  elapsed=40956s  rate=1.1/s  eta=50791s  finite=39693
  [44650/100000]  elapsed=40965s  rate=1.1/s  eta=50782s  finite=39702
  [44660/100000]  elapsed=40975s  rate=1.1/s  eta=50774s  finite=39712
  [44670/100000]  elapsed=40984s  rate=1.1/s  eta=50765s  finite=39722
  [44680/100000]  elapsed=40994s  rate=1.1/s  eta=50756s  finite=39732
  [44690/100000]  elapsed=41003s  rate=1.1/s  eta=50747s  finite=39741
  [44700/100000]  elapsed=41013s  rate=1.1/s  eta=50739s  finite=39751
  -> checkpoint saved: /scratch/e1498138/lhs/lhs_noise2_paris1_checkpoints/lhs_noise2_paris1_ckpt_044700.pkl
  [44710/100000]  elapsed=41023s  rate=1.1/s  eta=50730s  finite=39758
  [44720/100000]  elapsed=41032s  rate=1.1/s  eta=50721s  finite=39768
  [warn] sample 8 failed: 
  [44730/100000]  elapsed=41041s  rate=1.1/s  eta=50712s  finite=39777
  [44740/100000]  elapsed=41051s  rate=1.1/s  eta=50703s  finite=39786
  [44750/100000]  elapsed=41060s  rate=1.1/s  eta=50695s  finite=39795
  [44760/100000]  elapsed=41070s  rate=1.1/s  eta=50686s  finite=39804
  [44770/100000]  elapsed=41079s  rate=1.1/s  eta=50677s  finite=39813
  [warn] sample 5 failed: 
  [warn] sample 8 failed: 
  [44780/100000]  elapsed=41087s  rate=1.1/s  eta=50666s  finite=39820
  [warn] sample 3 failed: 
  [44790/100000]  elapsed=41096s  rate=1.1/s  eta=50656s  finite=39829
  [44800/100000]  elapsed=41105s  rate=1.1/s  eta=50647s  finite=39839
  -> checkpoint saved: /scratch/e1498138/lhs/lhs_noise2_paris1_checkpoints/lhs_noise2_paris1_ckpt_044800.pkl
  [44810/100000]  elapsed=41115s  rate=1.1/s  eta=50639s  finite=39848
  [warn] sample 2 failed: 
  [44820/100000]  elapsed=41123s  rate=1.1/s  eta=50629s  finite=39857
  [44830/100000]  elapsed=41133s  rate=1.1/s  eta=50620s  finite=39866
  [44840/100000]  elapsed=41142s  rate=1.1/s  eta=50611s  finite=39875
  [44850/100000]  elapsed=41152s  rate=1.1/s  eta=50602s  finite=39885
  [44860/100000]  elapsed=41162s  rate=1.1/s  eta=50594s  finite=39895
  [warn] sample 7 failed: 
  [44870/100000]  elapsed=41170s  rate=1.1/s  eta=50584s  finite=39904
  [44880/100000]  elapsed=41180s  rate=1.1/s  eta=50576s  finite=39914
  [44890/100000]  elapsed=41189s  rate=1.1/s  eta=50567s  finite=39924
  [44900/100000]  elapsed=41199s  rate=1.1/s  eta=50558s  finite=39932
  -> checkpoint saved: /scratch/e1498138/lhs/lhs_noise2_paris1_checkpoints/lhs_noise2_paris1_ckpt_044900.pkl
  [warn] sample 8 failed: 
  [44910/100000]  elapsed=41208s  rate=1.1/s  eta=50549s  finite=39940
  [44920/100000]  elapsed=41222s  rate=1.1/s  eta=50546s  finite=39950
  [44930/100000]  elapsed=41232s  rate=1.1/s  eta=50537s  finite=39960
  [44940/100000]  elapsed=41241s  rate=1.1/s  eta=50528s  finite=39970
  [44950/100000]  elapsed=41251s  rate=1.1/s  eta=50519s  finite=39979
  [44960/100000]  elapsed=41260s  rate=1.1/s  eta=50511s  finite=39989
  [44970/100000]  elapsed=41270s  rate=1.1/s  eta=50502s  finite=39997
  [44980/100000]  elapsed=41279s  rate=1.1/s  eta=50493s  finite=40007
  [warn] sample 2 failed: 
  [44990/100000]  elapsed=41288s  rate=1.1/s  eta=50483s  finite=40014
  [45000/100000]  elapsed=41298s  rate=1.1/s  eta=50475s  finite=40024
  -> checkpoint saved: /scratch/e1498138/lhs/lhs_noise2_paris1_checkpoints/lhs_noise2_paris1_ckpt_045000.pkl
  [warn] sample 3 failed: 
  [45010/100000]  elapsed=41306s  rate=1.1/s  eta=50465s  finite=40033
  [warn] sample 6 failed: 
  [45020/100000]  elapsed=41315s  rate=1.1/s  eta=50455s  finite=40042
  [45030/100000]  elapsed=41325s  rate=1.1/s  eta=50447s  finite=40051
  [warn] sample 5 failed: 
  [45040/100000]  elapsed=41333s  rate=1.1/s  eta=50437s  finite=40060
  [45050/100000]  elapsed=41343s  rate=1.1/s  eta=50428s  finite=40070
  [45060/100000]  elapsed=41353s  rate=1.1/s  eta=50420s  finite=40079
  [warn] sample 4 failed: 
  [45070/100000]  elapsed=41361s  rate=1.1/s  eta=50410s  finite=40087
  [warn] sample 4 failed: 
  [45080/100000]  elapsed=41370s  rate=1.1/s  eta=50400s  finite=40096
  [warn] sample 4 failed: 
  [45090/100000]  elapsed=41378s  rate=1.1/s  eta=50390s  finite=40104
  [45100/100000]  elapsed=41388s  rate=1.1/s  eta=50381s  finite=40113
  -> checkpoint saved: /scratch/e1498138/lhs/lhs_noise2_paris1_checkpoints/lhs_noise2_paris1_ckpt_045100.pkl
  [warn] sample 4 failed: 
  [warn] sample 9 failed: 
  [45110/100000]  elapsed=41396s  rate=1.1/s  eta=50371s  finite=40121
  [45120/100000]  elapsed=41406s  rate=1.1/s  eta=50362s  finite=40131
  [45130/100000]  elapsed=41415s  rate=1.1/s  eta=50353s  finite=40141
  [45140/100000]  elapsed=41425s  rate=1.1/s  eta=50344s  finite=40150
  [45150/100000]  elapsed=41434s  rate=1.1/s  eta=50336s  finite=40160
  [45160/100000]  elapsed=41443s  rate=1.1/s  eta=50327s  finite=40168
  [45170/100000]  elapsed=41453s  rate=1.1/s  eta=50318s  finite=40177
  [45180/100000]  elapsed=41462s  rate=1.1/s  eta=50309s  finite=40187
  [45190/100000]  elapsed=41472s  rate=1.1/s  eta=50300s  finite=40196
  [45200/100000]  elapsed=41481s  rate=1.1/s  eta=50291s  finite=40205
  -> checkpoint saved: /scratch/e1498138/lhs/lhs_noise2_paris1_checkpoints/lhs_noise2_paris1_ckpt_045200.pkl
  [45210/100000]  elapsed=41491s  rate=1.1/s  eta=50283s  finite=40214
  [45220/100000]  elapsed=41500s  rate=1.1/s  eta=50274s  finite=40223
  [warn] sample 9 failed: 
  [45230/100000]  elapsed=41509s  rate=1.1/s  eta=50264s  finite=40232
  [45240/100000]  elapsed=41519s  rate=1.1/s  eta=50255s  finite=40240
  [45250/100000]  elapsed=41528s  rate=1.1/s  eta=50247s  finite=40249
  [45260/100000]  elapsed=41538s  rate=1.1/s  eta=50238s  finite=40258
  [45270/100000]  elapsed=41547s  rate=1.1/s  eta=50229s  finite=40268
  [45280/100000]  elapsed=41557s  rate=1.1/s  eta=50220s  finite=40277
  [45290/100000]  elapsed=41566s  rate=1.1/s  eta=50211s  finite=40286
  [warn] sample 1 failed: 
  [45300/100000]  elapsed=41575s  rate=1.1/s  eta=50202s  finite=40294
  -> checkpoint saved: /scratch/e1498138/lhs/lhs_noise2_paris1_checkpoints/lhs_noise2_paris1_ckpt_045300.pkl
  [45310/100000]  elapsed=41584s  rate=1.1/s  eta=50193s  finite=40303
  [45320/100000]  elapsed=41594s  rate=1.1/s  eta=50184s  finite=40312
  [45330/100000]  elapsed=41603s  rate=1.1/s  eta=50175s  finite=40321
  [45340/100000]  elapsed=41613s  rate=1.1/s  eta=50167s  finite=40330
  [45350/100000]  elapsed=41622s  rate=1.1/s  eta=50158s  finite=40339
  [45360/100000]  elapsed=41632s  rate=1.1/s  eta=50149s  finite=40349
  [45370/100000]  elapsed=41641s  rate=1.1/s  eta=50140s  finite=40358
  [45380/100000]  elapsed=41651s  rate=1.1/s  eta=50132s  finite=40368
  [warn] sample 7 failed: 
  [45390/100000]  elapsed=41660s  rate=1.1/s  eta=50122s  finite=40375
  [45400/100000]  elapsed=41669s  rate=1.1/s  eta=50113s  finite=40385
  -> checkpoint saved: /scratch/e1498138/lhs/lhs_noise2_paris1_checkpoints/lhs_noise2_paris1_ckpt_045400.pkl
  [45410/100000]  elapsed=41679s  rate=1.1/s  eta=50104s  finite=40394
  [warn] sample 4 failed: 
  [45420/100000]  elapsed=41687s  rate=1.1/s  eta=50095s  finite=40403
  [warn] sample 6 failed: 
  [45430/100000]  elapsed=41696s  rate=1.1/s  eta=50085s  finite=40411
  [45440/100000]  elapsed=41706s  rate=1.1/s  eta=50076s  finite=40421
  [45450/100000]  elapsed=41715s  rate=1.1/s  eta=50068s  finite=40431
  [45460/100000]  elapsed=41725s  rate=1.1/s  eta=50059s  finite=40439
  [45470/100000]  elapsed=41734s  rate=1.1/s  eta=50050s  finite=40448
  [45480/100000]  elapsed=41744s  rate=1.1/s  eta=50041s  finite=40456
  [warn] sample 9 failed: 
  [45490/100000]  elapsed=41753s  rate=1.1/s  eta=50031s  finite=40464
  [45500/100000]  elapsed=41762s  rate=1.1/s  eta=50023s  finite=40472
  -> checkpoint saved: /scratch/e1498138/lhs/lhs_noise2_paris1_checkpoints/lhs_noise2_paris1_ckpt_045500.pkl
  [45510/100000]  elapsed=41772s  rate=1.1/s  eta=50014s  finite=40482
  [45520/100000]  elapsed=41781s  rate=1.1/s  eta=50005s  finite=40490
  [45530/100000]  elapsed=41791s  rate=1.1/s  eta=49997s  finite=40499
  [45540/100000]  elapsed=41800s  rate=1.1/s  eta=49988s  finite=40508
  [warn] sample 2 failed: 
  [45550/100000]  elapsed=41809s  rate=1.1/s  eta=49978s  finite=40516
  [45560/100000]  elapsed=41819s  rate=1.1/s  eta=49969s  finite=40526
  [45570/100000]  elapsed=41828s  rate=1.1/s  eta=49961s  finite=40535
  [warn] sample 2 failed: 
  [45580/100000]  elapsed=41837s  rate=1.1/s  eta=49951s  finite=40544
  [45590/100000]  elapsed=41846s  rate=1.1/s  eta=49942s  finite=40553
  [45600/100000]  elapsed=41856s  rate=1.1/s  eta=49933s  finite=40562
  -> checkpoint saved: /scratch/e1498138/lhs/lhs_noise2_paris1_checkpoints/lhs_noise2_paris1_ckpt_045600.pkl
  [warn] sample 1 failed: 
  [45610/100000]  elapsed=41864s  rate=1.1/s  eta=49923s  finite=40569
  [45620/100000]  elapsed=41874s  rate=1.1/s  eta=49915s  finite=40578
  [warn] sample 8 failed: 
  [45630/100000]  elapsed=41883s  rate=1.1/s  eta=49905s  finite=40586
  [45640/100000]  elapsed=41892s  rate=1.1/s  eta=49896s  finite=40596
  [45650/100000]  elapsed=41902s  rate=1.1/s  eta=49887s  finite=40606
  [45660/100000]  elapsed=41911s  rate=1.1/s  eta=49879s  finite=40616
  [45670/100000]  elapsed=41921s  rate=1.1/s  eta=49870s  finite=40625
  [45680/100000]  elapsed=41930s  rate=1.1/s  eta=49861s  finite=40634
  [warn] sample 1 failed: 
  [warn] sample 2 failed: 
  [45690/100000]  elapsed=41938s  rate=1.1/s  eta=49850s  finite=40641
  [45700/100000]  elapsed=41948s  rate=1.1/s  eta=49841s  finite=40650
  -> checkpoint saved: /scratch/e1498138/lhs/lhs_noise2_paris1_checkpoints/lhs_noise2_paris1_ckpt_045700.pkl
  [warn] sample 9 failed: 
  [45710/100000]  elapsed=41956s  rate=1.1/s  eta=49832s  finite=40656
  [warn] sample 3 failed: 
  [warn] sample 4 failed: 
  [warn] sample 5 failed: 
  [warn] sample 7 failed: 
  [45720/100000]  elapsed=41962s  rate=1.1/s  eta=49819s  finite=40660
  [warn] sample 2 failed: 
  [45730/100000]  elapsed=41971s  rate=1.1/s  eta=49809s  finite=40669
  [45740/100000]  elapsed=41981s  rate=1.1/s  eta=49800s  finite=40679
  [45750/100000]  elapsed=41990s  rate=1.1/s  eta=49792s  finite=40687
  [45760/100000]  elapsed=42000s  rate=1.1/s  eta=49783s  finite=40696
  [45770/100000]  elapsed=42009s  rate=1.1/s  eta=49774s  finite=40706
  [45780/100000]  elapsed=42019s  rate=1.1/s  eta=49766s  finite=40716
  [45790/100000]  elapsed=42029s  rate=1.1/s  eta=49757s  finite=40723
  [45800/100000]  elapsed=42038s  rate=1.1/s  eta=49748s  finite=40733
  -> checkpoint saved: /scratch/e1498138/lhs/lhs_noise2_paris1_checkpoints/lhs_noise2_paris1_ckpt_045800.pkl
  [45810/100000]  elapsed=42048s  rate=1.1/s  eta=49739s  finite=40743
  [warn] sample 4 failed: 
  [45820/100000]  elapsed=42056s  rate=1.1/s  eta=49729s  finite=40750
  [warn] sample 6 failed: 
  [45830/100000]  elapsed=42065s  rate=1.1/s  eta=49720s  finite=40756
  [45840/100000]  elapsed=42074s  rate=1.1/s  eta=49711s  finite=40766
  [45850/100000]  elapsed=42084s  rate=1.1/s  eta=49702s  finite=40776
  [warn] sample 5 failed: 
  [45860/100000]  elapsed=42092s  rate=1.1/s  eta=49692s  finite=40785
  [45870/100000]  elapsed=42102s  rate=1.1/s  eta=49683s  finite=40794
  [45880/100000]  elapsed=42111s  rate=1.1/s  eta=49674s  finite=40800
  [warn] sample 1 failed: 
  [warn] sample 7 failed: 
  [45890/100000]  elapsed=42119s  rate=1.1/s  eta=49664s  finite=40807
  [45900/100000]  elapsed=42129s  rate=1.1/s  eta=49655s  finite=40816
  -> checkpoint saved: /scratch/e1498138/lhs/lhs_noise2_paris1_checkpoints/lhs_noise2_paris1_ckpt_045900.pkl
  [warn] sample 4 failed: 
  [45910/100000]  elapsed=42137s  rate=1.1/s  eta=49645s  finite=40824
  [warn] sample 2 failed: 
  [45920/100000]  elapsed=42146s  rate=1.1/s  eta=49635s  finite=40833
  [45930/100000]  elapsed=42156s  rate=1.1/s  eta=49627s  finite=40843
  [warn] sample 7 failed: 
  [45940/100000]  elapsed=42164s  rate=1.1/s  eta=49617s  finite=40851
  [warn] sample 5 failed: 
  [warn] sample 9 failed: 
  [45950/100000]  elapsed=42172s  rate=1.1/s  eta=49606s  finite=40857
  [warn] sample 3 failed: 
  [45960/100000]  elapsed=42181s  rate=1.1/s  eta=49596s  finite=40864
  [45970/100000]  elapsed=42190s  rate=1.1/s  eta=49588s  finite=40874
  [45980/100000]  elapsed=42200s  rate=1.1/s  eta=49579s  finite=40883
  [warn] sample 5 failed: 
  [45990/100000]  elapsed=42209s  rate=1.1/s  eta=49569s  finite=40892
  [46000/100000]  elapsed=42218s  rate=1.1/s  eta=49560s  finite=40902
  -> checkpoint saved: /scratch/e1498138/lhs/lhs_noise2_paris1_checkpoints/lhs_noise2_paris1_ckpt_046000.pkl
  [warn] sample 2 failed: 
  [warn] sample 3 failed: 
  [46010/100000]  elapsed=42226s  rate=1.1/s  eta=49550s  finite=40910
  [46020/100000]  elapsed=42236s  rate=1.1/s  eta=49541s  finite=40920
  [46030/100000]  elapsed=42245s  rate=1.1/s  eta=49532s  finite=40930
  [46040/100000]  elapsed=42255s  rate=1.1/s  eta=49523s  finite=40938
  [46050/100000]  elapsed=42264s  rate=1.1/s  eta=49515s  finite=40947
  [46060/100000]  elapsed=42274s  rate=1.1/s  eta=49506s  finite=40956
  [warn] sample 9 failed: 
  [46070/100000]  elapsed=42282s  rate=1.1/s  eta=49496s  finite=40964
  [warn] sample 8 failed: 
  [46080/100000]  elapsed=42291s  rate=1.1/s  eta=49486s  finite=40973
  [warn] sample 3 failed: 
  [46090/100000]  elapsed=42300s  rate=1.1/s  eta=49477s  finite=40980
  [46100/100000]  elapsed=42309s  rate=1.1/s  eta=49468s  finite=40987
  -> checkpoint saved: /scratch/e1498138/lhs/lhs_noise2_paris1_checkpoints/lhs_noise2_paris1_ckpt_046100.pkl
  [46110/100000]  elapsed=42319s  rate=1.1/s  eta=49459s  finite=40997
  [46120/100000]  elapsed=42329s  rate=1.1/s  eta=49451s  finite=41007
  [46130/100000]  elapsed=42338s  rate=1.1/s  eta=49442s  finite=41016
  [warn] sample 8 failed: 
  [46140/100000]  elapsed=42347s  rate=1.1/s  eta=49432s  finite=41022
  [46150/100000]  elapsed=42356s  rate=1.1/s  eta=49424s  finite=41032
  [46160/100000]  elapsed=42366s  rate=1.1/s  eta=49415s  finite=41042
  [warn] sample 2 failed: 
  [46170/100000]  elapsed=42375s  rate=1.1/s  eta=49405s  finite=41050
  [46180/100000]  elapsed=42384s  rate=1.1/s  eta=49396s  finite=41059
  [warn] sample 5 failed: 
  [46190/100000]  elapsed=42393s  rate=1.1/s  eta=49386s  finite=41068
  [46200/100000]  elapsed=42402s  rate=1.1/s  eta=49377s  finite=41078
  -> checkpoint saved: /scratch/e1498138/lhs/lhs_noise2_paris1_checkpoints/lhs_noise2_paris1_ckpt_046200.pkl
  [46210/100000]  elapsed=42412s  rate=1.1/s  eta=49369s  finite=41088
  [46220/100000]  elapsed=42421s  rate=1.1/s  eta=49360s  finite=41097
  [warn] sample 0 failed: 
  [warn] sample 9 failed: 
  [46230/100000]  elapsed=42429s  rate=1.1/s  eta=49349s  finite=41105
  [46240/100000]  elapsed=42439s  rate=1.1/s  eta=49341s  finite=41113
  [46250/100000]  elapsed=42454s  rate=1.1/s  eta=49338s  finite=41123
  [46260/100000]  elapsed=42463s  rate=1.1/s  eta=49329s  finite=41133
  [46270/100000]  elapsed=42473s  rate=1.1/s  eta=49320s  finite=41142
  [46280/100000]  elapsed=42482s  rate=1.1/s  eta=49312s  finite=41152
  [46290/100000]  elapsed=42492s  rate=1.1/s  eta=49303s  finite=41162
  [warn] sample 1 failed: 
  [warn] sample 7 failed: 
  [46300/100000]  elapsed=42500s  rate=1.1/s  eta=49292s  finite=41170
  -> checkpoint saved: /scratch/e1498138/lhs/lhs_noise2_paris1_checkpoints/lhs_noise2_paris1_ckpt_046300.pkl
  [46310/100000]  elapsed=42509s  rate=1.1/s  eta=49283s  finite=41179
  [46320/100000]  elapsed=42519s  rate=1.1/s  eta=49275s  finite=41185
  [46330/100000]  elapsed=42528s  rate=1.1/s  eta=49266s  finite=41194
  [46340/100000]  elapsed=42538s  rate=1.1/s  eta=49257s  finite=41203
  [46350/100000]  elapsed=42547s  rate=1.1/s  eta=49248s  finite=41213
  [46360/100000]  elapsed=42557s  rate=1.1/s  eta=49240s  finite=41223
  [46370/100000]  elapsed=42567s  rate=1.1/s  eta=49231s  finite=41231
  [46380/100000]  elapsed=42576s  rate=1.1/s  eta=49222s  finite=41240
  [46390/100000]  elapsed=42586s  rate=1.1/s  eta=49214s  finite=41246
  [46400/100000]  elapsed=42595s  rate=1.1/s  eta=49205s  finite=41256
  -> checkpoint saved: /scratch/e1498138/lhs/lhs_noise2_paris1_checkpoints/lhs_noise2_paris1_ckpt_046400.pkl
  [warn] sample 0 failed: 
  [warn] sample 4 failed: 
  [46410/100000]  elapsed=42603s  rate=1.1/s  eta=49194s  finite=41263
  [warn] sample 2 failed: 
  [46420/100000]  elapsed=42612s  rate=1.1/s  eta=49185s  finite=41271
  [46430/100000]  elapsed=42622s  rate=1.1/s  eta=49176s  finite=41281
  [46440/100000]  elapsed=42631s  rate=1.1/s  eta=49167s  finite=41289
  [46450/100000]  elapsed=42641s  rate=1.1/s  eta=49158s  finite=41298
  [46460/100000]  elapsed=42650s  rate=1.1/s  eta=49150s  finite=41308
  [46470/100000]  elapsed=42660s  rate=1.1/s  eta=49141s  finite=41318
  [46480/100000]  elapsed=42669s  rate=1.1/s  eta=49132s  finite=41328
  [46490/100000]  elapsed=42679s  rate=1.1/s  eta=49123s  finite=41337
  [warn] sample 7 failed: 
  [46500/100000]  elapsed=42688s  rate=1.1/s  eta=49114s  finite=41346
  -> checkpoint saved: /scratch/e1498138/lhs/lhs_noise2_paris1_checkpoints/lhs_noise2_paris1_ckpt_046500.pkl
  [46510/100000]  elapsed=42697s  rate=1.1/s  eta=49105s  finite=41356
  [46520/100000]  elapsed=42707s  rate=1.1/s  eta=49096s  finite=41366
  [warn] sample 2 failed: 
  [46530/100000]  elapsed=42715s  rate=1.1/s  eta=49086s  finite=41374
  [warn] sample 5 failed: 
  [46540/100000]  elapsed=42724s  rate=1.1/s  eta=49076s  finite=41381
  [46550/100000]  elapsed=42733s  rate=1.1/s  eta=49068s  finite=41390
  [46560/100000]  elapsed=42743s  rate=1.1/s  eta=49059s  finite=41399
  [46570/100000]  elapsed=42753s  rate=1.1/s  eta=49050s  finite=41408
  [46580/100000]  elapsed=42762s  rate=1.1/s  eta=49041s  finite=41417
  [46590/100000]  elapsed=42772s  rate=1.1/s  eta=49033s  finite=41424
  [warn] sample 3 failed: 
  [46600/100000]  elapsed=42780s  rate=1.1/s  eta=49023s  finite=41433
  -> checkpoint saved: /scratch/e1498138/lhs/lhs_noise2_paris1_checkpoints/lhs_noise2_paris1_ckpt_046600.pkl
  [46610/100000]  elapsed=42790s  rate=1.1/s  eta=49014s  finite=41443
  [46620/100000]  elapsed=42800s  rate=1.1/s  eta=49006s  finite=41452
  [46630/100000]  elapsed=42809s  rate=1.1/s  eta=48997s  finite=41462
  [46640/100000]  elapsed=42819s  rate=1.1/s  eta=48988s  finite=41471
  [warn] sample 9 failed: 
  [46650/100000]  elapsed=42828s  rate=1.1/s  eta=48979s  finite=41479
  [warn] sample 0 failed: 
  [warn] sample 8 failed: 
  [46660/100000]  elapsed=42836s  rate=1.1/s  eta=48968s  finite=41487
  [warn] sample 6 failed: 
  [46670/100000]  elapsed=42844s  rate=1.1/s  eta=48958s  finite=41495
  [46680/100000]  elapsed=42854s  rate=1.1/s  eta=48949s  finite=41502
  [46690/100000]  elapsed=42863s  rate=1.1/s  eta=48940s  finite=41511
  [46700/100000]  elapsed=42873s  rate=1.1/s  eta=48932s  finite=41520
  -> checkpoint saved: /scratch/e1498138/lhs/lhs_noise2_paris1_checkpoints/lhs_noise2_paris1_ckpt_046700.pkl
  [warn] sample 2 failed: 
  [warn] sample 5 failed: 
  [46710/100000]  elapsed=42881s  rate=1.1/s  eta=48921s  finite=41528
  [46720/100000]  elapsed=42891s  rate=1.1/s  eta=48913s  finite=41538
  [46730/100000]  elapsed=42900s  rate=1.1/s  eta=48904s  finite=41546
  [46740/100000]  elapsed=42910s  rate=1.1/s  eta=48895s  finite=41556
  [46750/100000]  elapsed=42919s  rate=1.1/s  eta=48887s  finite=41565
  [46760/100000]  elapsed=42929s  rate=1.1/s  eta=48878s  finite=41574
  [46770/100000]  elapsed=42938s  rate=1.1/s  eta=48869s  finite=41584
  [46780/100000]  elapsed=42948s  rate=1.1/s  eta=48860s  finite=41594
  [warn] sample 1 failed: 
  [46790/100000]  elapsed=42957s  rate=1.1/s  eta=48851s  finite=41601
  [warn] sample 0 failed: 
  [46800/100000]  elapsed=42965s  rate=1.1/s  eta=48841s  finite=41610
  -> checkpoint saved: /scratch/e1498138/lhs/lhs_noise2_paris1_checkpoints/lhs_noise2_paris1_ckpt_046800.pkl
  [46810/100000]  elapsed=42975s  rate=1.1/s  eta=48832s  finite=41618
  [46820/100000]  elapsed=42984s  rate=1.1/s  eta=48823s  finite=41627
  [46830/100000]  elapsed=42994s  rate=1.1/s  eta=48814s  finite=41637
  [46840/100000]  elapsed=43003s  rate=1.1/s  eta=48806s  finite=41646
  [warn] sample 7 failed: 
  [46850/100000]  elapsed=43012s  rate=1.1/s  eta=48796s  finite=41654
  [46860/100000]  elapsed=43022s  rate=1.1/s  eta=48787s  finite=41663
  [46870/100000]  elapsed=43031s  rate=1.1/s  eta=48778s  finite=41672
  [warn] sample 5 failed: 
  [46880/100000]  elapsed=43040s  rate=1.1/s  eta=48769s  finite=41680
  [warn] sample 2 failed: 
  [46890/100000]  elapsed=43049s  rate=1.1/s  eta=48759s  finite=41689
  [46900/100000]  elapsed=43058s  rate=1.1/s  eta=48750s  finite=41699
  -> checkpoint saved: /scratch/e1498138/lhs/lhs_noise2_paris1_checkpoints/lhs_noise2_paris1_ckpt_046900.pkl
  [46910/100000]  elapsed=43067s  rate=1.1/s  eta=48741s  finite=41708
  [46920/100000]  elapsed=43077s  rate=1.1/s  eta=48733s  finite=41717
  [warn] sample 9 failed: 
  [46930/100000]  elapsed=43086s  rate=1.1/s  eta=48723s  finite=41725
  [warn] sample 0 failed: 
  [46940/100000]  elapsed=43094s  rate=1.1/s  eta=48713s  finite=41734
  [46950/100000]  elapsed=43104s  rate=1.1/s  eta=48704s  finite=41743
  [46960/100000]  elapsed=43113s  rate=1.1/s  eta=48695s  finite=41753
  [warn] sample 3 failed: 
  [46970/100000]  elapsed=43122s  rate=1.1/s  eta=48686s  finite=41761
  [warn] sample 3 failed: 
  [46980/100000]  elapsed=43131s  rate=1.1/s  eta=48676s  finite=41769
  [46990/100000]  elapsed=43140s  rate=1.1/s  eta=48667s  finite=41779
  [47000/100000]  elapsed=43150s  rate=1.1/s  eta=48658s  finite=41789
  -> checkpoint saved: /scratch/e1498138/lhs/lhs_noise2_paris1_checkpoints/lhs_noise2_paris1_ckpt_047000.pkl
  [47010/100000]  elapsed=43159s  rate=1.1/s  eta=48649s  finite=41798
  [47020/100000]  elapsed=43169s  rate=1.1/s  eta=48641s  finite=41807
  [47030/100000]  elapsed=43178s  rate=1.1/s  eta=48632s  finite=41817
  [47040/100000]  elapsed=43188s  rate=1.1/s  eta=48623s  finite=41827
  [warn] sample 1 failed: 
  [warn] sample 8 failed: 
  [47050/100000]  elapsed=43195s  rate=1.1/s  eta=48612s  finite=41835
  [warn] sample 9 failed: 
  [47060/100000]  elapsed=43204s  rate=1.1/s  eta=48602s  finite=41844
  [warn] sample 9 failed: 
  [47070/100000]  elapsed=43213s  rate=1.1/s  eta=48593s  finite=41851
  [47080/100000]  elapsed=43223s  rate=1.1/s  eta=48584s  finite=41860
  [47090/100000]  elapsed=43232s  rate=1.1/s  eta=48575s  finite=41870
  [47100/100000]  elapsed=43242s  rate=1.1/s  eta=48566s  finite=41880
  -> checkpoint saved: /scratch/e1498138/lhs/lhs_noise2_paris1_checkpoints/lhs_noise2_paris1_ckpt_047100.pkl
  [47110/100000]  elapsed=43251s  rate=1.1/s  eta=48558s  finite=41889
  [47120/100000]  elapsed=43261s  rate=1.1/s  eta=48549s  finite=41897
  [47130/100000]  elapsed=43270s  rate=1.1/s  eta=48540s  finite=41906
  [warn] sample 5 failed: 
  [warn] sample 6 failed: 
  [47140/100000]  elapsed=43278s  rate=1.1/s  eta=48530s  finite=41914
  [warn] sample 7 failed: 
  [47150/100000]  elapsed=43287s  rate=1.1/s  eta=48520s  finite=41923
  [47160/100000]  elapsed=43297s  rate=1.1/s  eta=48512s  finite=41932
  [47170/100000]  elapsed=43306s  rate=1.1/s  eta=48503s  finite=41942
  [47180/100000]  elapsed=43316s  rate=1.1/s  eta=48494s  finite=41952
  [47190/100000]  elapsed=43325s  rate=1.1/s  eta=48485s  finite=41961
  [47200/100000]  elapsed=43335s  rate=1.1/s  eta=48476s  finite=41968
  -> checkpoint saved: /scratch/e1498138/lhs/lhs_noise2_paris1_checkpoints/lhs_noise2_paris1_ckpt_047200.pkl
  [warn] sample 3 failed: 
  [47210/100000]  elapsed=43343s  rate=1.1/s  eta=48466s  finite=41977
  [47220/100000]  elapsed=43353s  rate=1.1/s  eta=48458s  finite=41987
  [47230/100000]  elapsed=43363s  rate=1.1/s  eta=48449s  finite=41996
  [warn] sample 3 failed: 
  [47240/100000]  elapsed=43371s  rate=1.1/s  eta=48439s  finite=42004
  [warn] sample 0 failed: 
  [warn] sample 9 failed: 
  [47250/100000]  elapsed=43379s  rate=1.1/s  eta=48429s  finite=42011
  [47260/100000]  elapsed=43389s  rate=1.1/s  eta=48420s  finite=42021
  [warn] sample 7 failed: 
  [47270/100000]  elapsed=43397s  rate=1.1/s  eta=48410s  finite=42030
  [47280/100000]  elapsed=43407s  rate=1.1/s  eta=48401s  finite=42039
  [warn] sample 6 failed: 
  [47290/100000]  elapsed=43415s  rate=1.1/s  eta=48391s  finite=42046
  [47300/100000]  elapsed=43425s  rate=1.1/s  eta=48383s  finite=42056
  -> checkpoint saved: /scratch/e1498138/lhs/lhs_noise2_paris1_checkpoints/lhs_noise2_paris1_ckpt_047300.pkl
  [warn] sample 5 failed: 
  [47310/100000]  elapsed=43434s  rate=1.1/s  eta=48373s  finite=42064
  [warn] sample 8 failed: 
  [47320/100000]  elapsed=43442s  rate=1.1/s  eta=48363s  finite=42073
  [warn] sample 5 failed: 
  [47330/100000]  elapsed=43451s  rate=1.1/s  eta=48354s  finite=42082
  [47340/100000]  elapsed=43461s  rate=1.1/s  eta=48345s  finite=42091
  [warn] sample 5 failed: 
  [47350/100000]  elapsed=43470s  rate=1.1/s  eta=48335s  finite=42099
  [47360/100000]  elapsed=43479s  rate=1.1/s  eta=48327s  finite=42107
  [47370/100000]  elapsed=43489s  rate=1.1/s  eta=48318s  finite=42116
  [warn] sample 3 failed: 
  [47380/100000]  elapsed=43497s  rate=1.1/s  eta=48308s  finite=42124
  [47390/100000]  elapsed=43507s  rate=1.1/s  eta=48299s  finite=42131
  [warn] sample 8 failed: 
  [47400/100000]  elapsed=43516s  rate=1.1/s  eta=48289s  finite=42139
  -> checkpoint saved: /scratch/e1498138/lhs/lhs_noise2_paris1_checkpoints/lhs_noise2_paris1_ckpt_047400.pkl
  [47410/100000]  elapsed=43525s  rate=1.1/s  eta=48281s  finite=42148
  [47420/100000]  elapsed=43535s  rate=1.1/s  eta=48272s  finite=42158
  [47430/100000]  elapsed=43545s  rate=1.1/s  eta=48264s  finite=42168
  [warn] sample 3 failed: 
  [warn] sample 8 failed: 
  [47440/100000]  elapsed=43553s  rate=1.1/s  eta=48253s  finite=42176
  [47450/100000]  elapsed=43562s  rate=1.1/s  eta=48244s  finite=42185
  [47460/100000]  elapsed=43572s  rate=1.1/s  eta=48235s  finite=42195
  [47470/100000]  elapsed=43581s  rate=1.1/s  eta=48227s  finite=42205
  [warn] sample 1 failed: 
  [47480/100000]  elapsed=43590s  rate=1.1/s  eta=48217s  finite=42213
  [47490/100000]  elapsed=43600s  rate=1.1/s  eta=48208s  finite=42223
  [warn] sample 0 failed: 
  [47500/100000]  elapsed=43608s  rate=1.1/s  eta=48199s  finite=42232
  -> checkpoint saved: /scratch/e1498138/lhs/lhs_noise2_paris1_checkpoints/lhs_noise2_paris1_ckpt_047500.pkl
  [47510/100000]  elapsed=43618s  rate=1.1/s  eta=48190s  finite=42241
  [warn] sample 8 failed: 
  [47520/100000]  elapsed=43627s  rate=1.1/s  eta=48181s  finite=42250
  [47530/100000]  elapsed=43637s  rate=1.1/s  eta=48172s  finite=42260
  [47540/100000]  elapsed=43646s  rate=1.1/s  eta=48163s  finite=42270
  [47550/100000]  elapsed=43656s  rate=1.1/s  eta=48154s  finite=42280
  [warn] sample 7 failed: 
  [47560/100000]  elapsed=43664s  rate=1.1/s  eta=48145s  finite=42289
  [47570/100000]  elapsed=43674s  rate=1.1/s  eta=48136s  finite=42298
  [warn] sample 0 failed: 
  [47580/100000]  elapsed=43683s  rate=1.1/s  eta=48126s  finite=42307
  [47590/100000]  elapsed=43692s  rate=1.1/s  eta=48118s  finite=42316
  [warn] sample 9 failed: 
  [47600/100000]  elapsed=43701s  rate=1.1/s  eta=48108s  finite=42324
  -> checkpoint saved: /scratch/e1498138/lhs/lhs_noise2_paris1_checkpoints/lhs_noise2_paris1_ckpt_047600.pkl
  [47610/100000]  elapsed=43711s  rate=1.1/s  eta=48099s  finite=42332
  [47620/100000]  elapsed=43720s  rate=1.1/s  eta=48090s  finite=42339
  [warn] sample 2 failed: 
  [47630/100000]  elapsed=43729s  rate=1.1/s  eta=48081s  finite=42346
  [warn] sample 4 failed: 
  [47640/100000]  elapsed=43738s  rate=1.1/s  eta=48071s  finite=42355
  [47650/100000]  elapsed=43747s  rate=1.1/s  eta=48062s  finite=42363
  [47660/100000]  elapsed=43757s  rate=1.1/s  eta=48053s  finite=42372
  [47670/100000]  elapsed=43766s  rate=1.1/s  eta=48045s  finite=42381
  [47680/100000]  elapsed=43781s  rate=1.1/s  eta=48042s  finite=42390
  [47690/100000]  elapsed=43791s  rate=1.1/s  eta=48033s  finite=42399
  [47700/100000]  elapsed=43800s  rate=1.1/s  eta=48024s  finite=42408
  -> checkpoint saved: /scratch/e1498138/lhs/lhs_noise2_paris1_checkpoints/lhs_noise2_paris1_ckpt_047700.pkl
  [warn] sample 7 failed: 
  [47710/100000]  elapsed=43809s  rate=1.1/s  eta=48014s  finite=42417
  [warn] sample 2 failed: 
  [47720/100000]  elapsed=43818s  rate=1.1/s  eta=48005s  finite=42425
  [warn] sample 9 failed: 
  [47730/100000]  elapsed=43826s  rate=1.1/s  eta=47995s  finite=42432
  [47740/100000]  elapsed=43836s  rate=1.1/s  eta=47986s  finite=42442
  [47750/100000]  elapsed=43845s  rate=1.1/s  eta=47977s  finite=42451
  [47760/100000]  elapsed=43855s  rate=1.1/s  eta=47968s  finite=42458
  [47770/100000]  elapsed=43864s  rate=1.1/s  eta=47960s  finite=42468
  [warn] sample 1 failed: 
  [47780/100000]  elapsed=43873s  rate=1.1/s  eta=47950s  finite=42476
  [warn] sample 8 failed: 
  [47790/100000]  elapsed=43882s  rate=1.1/s  eta=47940s  finite=42484
  [47800/100000]  elapsed=43891s  rate=1.1/s  eta=47932s  finite=42493
  -> checkpoint saved: /scratch/e1498138/lhs/lhs_noise2_paris1_checkpoints/lhs_noise2_paris1_ckpt_047800.pkl
  [47810/100000]  elapsed=43901s  rate=1.1/s  eta=47923s  finite=42502
  [47820/100000]  elapsed=43910s  rate=1.1/s  eta=47914s  finite=42511
  [47830/100000]  elapsed=43920s  rate=1.1/s  eta=47905s  finite=42521
  [47840/100000]  elapsed=43929s  rate=1.1/s  eta=47896s  finite=42531
  [warn] sample 9 failed: 
  [47850/100000]  elapsed=43938s  rate=1.1/s  eta=47886s  finite=42540
  [47860/100000]  elapsed=43948s  rate=1.1/s  eta=47878s  finite=42550
  [47870/100000]  elapsed=43957s  rate=1.1/s  eta=47869s  finite=42560
  [47880/100000]  elapsed=43967s  rate=1.1/s  eta=47860s  finite=42570
  [warn] sample 2 failed: 
  [47890/100000]  elapsed=43975s  rate=1.1/s  eta=47850s  finite=42578
  [warn] sample 7 failed: 
  [47900/100000]  elapsed=43984s  rate=1.1/s  eta=47841s  finite=42587
  -> checkpoint saved: /scratch/e1498138/lhs/lhs_noise2_paris1_checkpoints/lhs_noise2_paris1_ckpt_047900.pkl
  [warn] sample 0 failed: 
  [47910/100000]  elapsed=43993s  rate=1.1/s  eta=47831s  finite=42594
  [warn] sample 0 failed: 
  [47920/100000]  elapsed=44001s  rate=1.1/s  eta=47821s  finite=42601
  [47930/100000]  elapsed=44011s  rate=1.1/s  eta=47813s  finite=42611
  [47940/100000]  elapsed=44021s  rate=1.1/s  eta=47804s  finite=42621
  [warn] sample 4 failed: 
  [warn] sample 7 failed: 
  [47950/100000]  elapsed=44028s  rate=1.1/s  eta=47793s  finite=42628
  [47960/100000]  elapsed=44038s  rate=1.1/s  eta=47784s  finite=42636
  [47970/100000]  elapsed=44047s  rate=1.1/s  eta=47775s  finite=42645
  [47980/100000]  elapsed=44057s  rate=1.1/s  eta=47767s  finite=42655
  [47990/100000]  elapsed=44067s  rate=1.1/s  eta=47758s  finite=42664
  [48000/100000]  elapsed=44076s  rate=1.1/s  eta=47749s  finite=42674
  -> checkpoint saved: /scratch/e1498138/lhs/lhs_noise2_paris1_checkpoints/lhs_noise2_paris1_ckpt_048000.pkl
  [48010/100000]  elapsed=44086s  rate=1.1/s  eta=47740s  finite=42683
  [warn] sample 5 failed: 
  [48020/100000]  elapsed=44094s  rate=1.1/s  eta=47731s  finite=42692
  [48030/100000]  elapsed=44104s  rate=1.1/s  eta=47722s  finite=42702
  [48040/100000]  elapsed=44114s  rate=1.1/s  eta=47713s  finite=42711
  [48050/100000]  elapsed=44124s  rate=1.1/s  eta=47705s  finite=42720
  [warn] sample 9 failed: 
  [48060/100000]  elapsed=44132s  rate=1.1/s  eta=47695s  finite=42728
  [warn] sample 7 failed: 
  [48070/100000]  elapsed=44141s  rate=1.1/s  eta=47686s  finite=42737
  [48080/100000]  elapsed=44151s  rate=1.1/s  eta=47677s  finite=42746
  [48090/100000]  elapsed=44160s  rate=1.1/s  eta=47668s  finite=42755
  [48100/100000]  elapsed=44170s  rate=1.1/s  eta=47660s  finite=42764
  -> checkpoint saved: /scratch/e1498138/lhs/lhs_noise2_paris1_checkpoints/lhs_noise2_paris1_ckpt_048100.pkl
  [48110/100000]  elapsed=44180s  rate=1.1/s  eta=47651s  finite=42774
  [48120/100000]  elapsed=44189s  rate=1.1/s  eta=47642s  finite=42782
  [48130/100000]  elapsed=44199s  rate=1.1/s  eta=47633s  finite=42792
  [48140/100000]  elapsed=44208s  rate=1.1/s  eta=47624s  finite=42802
  [48150/100000]  elapsed=44218s  rate=1.1/s  eta=47616s  finite=42812
  [48160/100000]  elapsed=44228s  rate=1.1/s  eta=47607s  finite=42822
  [48170/100000]  elapsed=44237s  rate=1.1/s  eta=47598s  finite=42832
  [48180/100000]  elapsed=44247s  rate=1.1/s  eta=47590s  finite=42840
  [48190/100000]  elapsed=44256s  rate=1.1/s  eta=47581s  finite=42850
  [48200/100000]  elapsed=44266s  rate=1.1/s  eta=47572s  finite=42859
  -> checkpoint saved: /scratch/e1498138/lhs/lhs_noise2_paris1_checkpoints/lhs_noise2_paris1_ckpt_048200.pkl
  [48210/100000]  elapsed=44276s  rate=1.1/s  eta=47564s  finite=42869
  [48220/100000]  elapsed=44285s  rate=1.1/s  eta=47555s  finite=42879
  [48230/100000]  elapsed=44295s  rate=1.1/s  eta=47546s  finite=42889
  [48240/100000]  elapsed=44304s  rate=1.1/s  eta=47537s  finite=42898
  [48250/100000]  elapsed=44314s  rate=1.1/s  eta=47529s  finite=42908
  [48260/100000]  elapsed=44324s  rate=1.1/s  eta=47520s  finite=42918
  [48270/100000]  elapsed=44334s  rate=1.1/s  eta=47511s  finite=42928
  [48280/100000]  elapsed=44343s  rate=1.1/s  eta=47503s  finite=42938
  [48290/100000]  elapsed=44353s  rate=1.1/s  eta=47494s  finite=42948
  [48300/100000]  elapsed=44362s  rate=1.1/s  eta=47485s  finite=42957
  -> checkpoint saved: /scratch/e1498138/lhs/lhs_noise2_paris1_checkpoints/lhs_noise2_paris1_ckpt_048300.pkl
  [48310/100000]  elapsed=44372s  rate=1.1/s  eta=47476s  finite=42965
  [48320/100000]  elapsed=44381s  rate=1.1/s  eta=47467s  finite=42974
  [48330/100000]  elapsed=44391s  rate=1.1/s  eta=47459s  finite=42984
  [warn] sample 4 failed: 
  [48340/100000]  elapsed=44400s  rate=1.1/s  eta=47449s  finite=42993
  [48350/100000]  elapsed=44409s  rate=1.1/s  eta=47440s  finite=43002
  [warn] sample 6 failed: 
  [48360/100000]  elapsed=44418s  rate=1.1/s  eta=47431s  finite=43011
  [48370/100000]  elapsed=44428s  rate=1.1/s  eta=47422s  finite=43020
  [48380/100000]  elapsed=44437s  rate=1.1/s  eta=47413s  finite=43028
  [48390/100000]  elapsed=44447s  rate=1.1/s  eta=47405s  finite=43037
  [48400/100000]  elapsed=44457s  rate=1.1/s  eta=47396s  finite=43045
  -> checkpoint saved: /scratch/e1498138/lhs/lhs_noise2_paris1_checkpoints/lhs_noise2_paris1_ckpt_048400.pkl
  [warn] sample 8 failed: 
  [48410/100000]  elapsed=44465s  rate=1.1/s  eta=47386s  finite=43052
  [48420/100000]  elapsed=44475s  rate=1.1/s  eta=47377s  finite=43061
  [48430/100000]  elapsed=44484s  rate=1.1/s  eta=47369s  finite=43070
  [warn] sample 9 failed: 
  [48440/100000]  elapsed=44493s  rate=1.1/s  eta=47359s  finite=43077
  [48450/100000]  elapsed=44503s  rate=1.1/s  eta=47350s  finite=43087
  [48460/100000]  elapsed=44512s  rate=1.1/s  eta=47341s  finite=43095
  [warn] sample 6 failed: 
  [48470/100000]  elapsed=44521s  rate=1.1/s  eta=47332s  finite=43104
  [48480/100000]  elapsed=44531s  rate=1.1/s  eta=47323s  finite=43114
  [48490/100000]  elapsed=44540s  rate=1.1/s  eta=47314s  finite=43122
  [warn] sample 9 failed: 
  [48500/100000]  elapsed=44549s  rate=1.1/s  eta=47305s  finite=43130
  -> checkpoint saved: /scratch/e1498138/lhs/lhs_noise2_paris1_checkpoints/lhs_noise2_paris1_ckpt_048500.pkl
  [48510/100000]  elapsed=44559s  rate=1.1/s  eta=47296s  finite=43139
  [warn] sample 2 failed: 
  [48520/100000]  elapsed=44567s  rate=1.1/s  eta=47286s  finite=43147
  [48530/100000]  elapsed=44577s  rate=1.1/s  eta=47277s  finite=43156
  [48540/100000]  elapsed=44586s  rate=1.1/s  eta=47269s  finite=43166
  [48550/100000]  elapsed=44596s  rate=1.1/s  eta=47260s  finite=43176
  [48560/100000]  elapsed=44605s  rate=1.1/s  eta=47251s  finite=43185
  [48570/100000]  elapsed=44615s  rate=1.1/s  eta=47242s  finite=43195
  [48580/100000]  elapsed=44624s  rate=1.1/s  eta=47233s  finite=43202
  [48590/100000]  elapsed=44634s  rate=1.1/s  eta=47224s  finite=43212
  [48600/100000]  elapsed=44644s  rate=1.1/s  eta=47216s  finite=43219
  -> checkpoint saved: /scratch/e1498138/lhs/lhs_noise2_paris1_checkpoints/lhs_noise2_paris1_ckpt_048600.pkl
  [warn] sample 5 failed: 
  [48610/100000]  elapsed=44652s  rate=1.1/s  eta=47206s  finite=43227
  [48620/100000]  elapsed=44662s  rate=1.1/s  eta=47197s  finite=43237
  [warn] sample 5 failed: 
  [48630/100000]  elapsed=44671s  rate=1.1/s  eta=47187s  finite=43245
  [warn] sample 6 failed: 
  [48640/100000]  elapsed=44679s  rate=1.1/s  eta=47178s  finite=43252
  [48650/100000]  elapsed=44689s  rate=1.1/s  eta=47169s  finite=43262
  [48660/100000]  elapsed=44698s  rate=1.1/s  eta=47160s  finite=43272
  [48670/100000]  elapsed=44708s  rate=1.1/s  eta=47151s  finite=43281
  [48680/100000]  elapsed=44717s  rate=1.1/s  eta=47142s  finite=43290
  [48690/100000]  elapsed=44727s  rate=1.1/s  eta=47133s  finite=43298
  [48700/100000]  elapsed=44736s  rate=1.1/s  eta=47125s  finite=43308
  -> checkpoint saved: /scratch/e1498138/lhs/lhs_noise2_paris1_checkpoints/lhs_noise2_paris1_ckpt_048700.pkl
  [warn] sample 4 failed: 
  [48710/100000]  elapsed=44745s  rate=1.1/s  eta=47115s  finite=43317
  [warn] sample 6 failed: 
  [48720/100000]  elapsed=44754s  rate=1.1/s  eta=47105s  finite=43325
  [warn] sample 6 failed: 
  [warn] sample 8 failed: 
  [48730/100000]  elapsed=44762s  rate=1.1/s  eta=47095s  finite=43330
  [48740/100000]  elapsed=44771s  rate=1.1/s  eta=47086s  finite=43340
  [48750/100000]  elapsed=44781s  rate=1.1/s  eta=47077s  finite=43348
  [48760/100000]  elapsed=44790s  rate=1.1/s  eta=47068s  finite=43358
  [48770/100000]  elapsed=44800s  rate=1.1/s  eta=47060s  finite=43368
  [48780/100000]  elapsed=44809s  rate=1.1/s  eta=47051s  finite=43377
  [48790/100000]  elapsed=44819s  rate=1.1/s  eta=47042s  finite=43386
  [48800/100000]  elapsed=44828s  rate=1.1/s  eta=47033s  finite=43395
  -> checkpoint saved: /scratch/e1498138/lhs/lhs_noise2_paris1_checkpoints/lhs_noise2_paris1_ckpt_048800.pkl
  [48810/100000]  elapsed=44838s  rate=1.1/s  eta=47024s  finite=43404
  [48820/100000]  elapsed=44848s  rate=1.1/s  eta=47016s  finite=43414
  [48830/100000]  elapsed=44857s  rate=1.1/s  eta=47007s  finite=43424
  [warn] sample 1 failed: 
  [48840/100000]  elapsed=44866s  rate=1.1/s  eta=46997s  finite=43433
  [warn] sample 2 failed: 
  [48850/100000]  elapsed=44875s  rate=1.1/s  eta=46988s  finite=43442
  [warn] sample 9 failed: 
  [48860/100000]  elapsed=44884s  rate=1.1/s  eta=46978s  finite=43451
  [48870/100000]  elapsed=44893s  rate=1.1/s  eta=46969s  finite=43461
  [48880/100000]  elapsed=44903s  rate=1.1/s  eta=46961s  finite=43471
  [warn] sample 3 failed: 
  [48890/100000]  elapsed=44911s  rate=1.1/s  eta=46951s  finite=43479
  [48900/100000]  elapsed=44921s  rate=1.1/s  eta=46942s  finite=43489
  -> checkpoint saved: /scratch/e1498138/lhs/lhs_noise2_paris1_checkpoints/lhs_noise2_paris1_ckpt_048900.pkl
  [warn] sample 0 failed: 
  [warn] sample 7 failed: 
  [48910/100000]  elapsed=44929s  rate=1.1/s  eta=46931s  finite=43497
  [48920/100000]  elapsed=44939s  rate=1.1/s  eta=46923s  finite=43507
  [48930/100000]  elapsed=44948s  rate=1.1/s  eta=46914s  finite=43517
  [48940/100000]  elapsed=44958s  rate=1.1/s  eta=46905s  finite=43527
  [48950/100000]  elapsed=44967s  rate=1.1/s  eta=46896s  finite=43537
  [warn] sample 6 failed: 
  [48960/100000]  elapsed=44976s  rate=1.1/s  eta=46887s  finite=43545
  [48970/100000]  elapsed=44985s  rate=1.1/s  eta=46878s  finite=43554
  [48980/100000]  elapsed=44995s  rate=1.1/s  eta=46869s  finite=43564
  [48990/100000]  elapsed=45005s  rate=1.1/s  eta=46860s  finite=43574
  [49000/100000]  elapsed=45014s  rate=1.1/s  eta=46851s  finite=43584
  -> checkpoint saved: /scratch/e1498138/lhs/lhs_noise2_paris1_checkpoints/lhs_noise2_paris1_ckpt_049000.pkl
  [49010/100000]  elapsed=45024s  rate=1.1/s  eta=46843s  finite=43594
  [49020/100000]  elapsed=45033s  rate=1.1/s  eta=46834s  finite=43603
  [warn] sample 2 failed: 
  [49030/100000]  elapsed=45047s  rate=1.1/s  eta=46829s  finite=43609
  [warn] sample 2 failed: 
  [49040/100000]  elapsed=45056s  rate=1.1/s  eta=46820s  finite=43616
  [49050/100000]  elapsed=45066s  rate=1.1/s  eta=46811s  finite=43626
  [warn] sample 4 failed: 
  [49060/100000]  elapsed=45074s  rate=1.1/s  eta=46801s  finite=43634
  [49070/100000]  elapsed=45084s  rate=1.1/s  eta=46792s  finite=43644
  [49080/100000]  elapsed=45093s  rate=1.1/s  eta=46784s  finite=43654
  [warn] sample 0 failed: 
  [49090/100000]  elapsed=45102s  rate=1.1/s  eta=46774s  finite=43661
  [warn] sample 4 failed: 
  [warn] sample 8 failed: 
  [warn] sample 9 failed: 
  [49100/100000]  elapsed=45109s  rate=1.1/s  eta=46763s  finite=43668
  -> checkpoint saved: /scratch/e1498138/lhs/lhs_noise2_paris1_checkpoints/lhs_noise2_paris1_ckpt_049100.pkl
  [warn] sample 9 failed: 
  [49110/100000]  elapsed=45118s  rate=1.1/s  eta=46753s  finite=43676
  [49120/100000]  elapsed=45127s  rate=1.1/s  eta=46744s  finite=43686
  [49130/100000]  elapsed=45137s  rate=1.1/s  eta=46735s  finite=43694
  [49140/100000]  elapsed=45146s  rate=1.1/s  eta=46726s  finite=43704
  [49150/100000]  elapsed=45155s  rate=1.1/s  eta=46717s  finite=43714
  [49160/100000]  elapsed=45165s  rate=1.1/s  eta=46709s  finite=43723
  [warn] sample 0 failed: 
  [49170/100000]  elapsed=45174s  rate=1.1/s  eta=46699s  finite=43731
  [49180/100000]  elapsed=45183s  rate=1.1/s  eta=46690s  finite=43740
  [warn] sample 5 failed: 
  [49190/100000]  elapsed=45192s  rate=1.1/s  eta=46680s  finite=43749
  [49200/100000]  elapsed=45201s  rate=1.1/s  eta=46671s  finite=43759
  -> checkpoint saved: /scratch/e1498138/lhs/lhs_noise2_paris1_checkpoints/lhs_noise2_paris1_ckpt_049200.pkl
  [49210/100000]  elapsed=45211s  rate=1.1/s  eta=46662s  finite=43768
  [warn] sample 4 failed: 
  [49220/100000]  elapsed=45219s  rate=1.1/s  eta=46653s  finite=43775
  [49230/100000]  elapsed=45229s  rate=1.1/s  eta=46644s  finite=43784
  [49240/100000]  elapsed=45238s  rate=1.1/s  eta=46635s  finite=43794
  [warn] sample 7 failed: 
  [49250/100000]  elapsed=45247s  rate=1.1/s  eta=46625s  finite=43801
  [49260/100000]  elapsed=45257s  rate=1.1/s  eta=46616s  finite=43810
  [warn] sample 9 failed: 
  [49270/100000]  elapsed=45265s  rate=1.1/s  eta=46607s  finite=43818
  [49280/100000]  elapsed=45275s  rate=1.1/s  eta=46598s  finite=43828
  [49290/100000]  elapsed=45284s  rate=1.1/s  eta=46589s  finite=43838
  [49300/100000]  elapsed=45294s  rate=1.1/s  eta=46580s  finite=43846
  -> checkpoint saved: /scratch/e1498138/lhs/lhs_noise2_paris1_checkpoints/lhs_noise2_paris1_ckpt_049300.pkl
  [warn] sample 2 failed: 
  [49310/100000]  elapsed=45302s  rate=1.1/s  eta=46570s  finite=43853
  [warn] sample 8 failed: 
  [49320/100000]  elapsed=45311s  rate=1.1/s  eta=46561s  finite=43862
  [warn] sample 9 failed: 
  [49330/100000]  elapsed=45320s  rate=1.1/s  eta=46551s  finite=43870
  [49340/100000]  elapsed=45330s  rate=1.1/s  eta=46542s  finite=43879
  [49350/100000]  elapsed=45339s  rate=1.1/s  eta=46533s  finite=43889
  [49360/100000]  elapsed=45349s  rate=1.1/s  eta=46525s  finite=43898
  [warn] sample 7 failed: 
  [49370/100000]  elapsed=45357s  rate=1.1/s  eta=46515s  finite=43906
  [warn] sample 6 failed: 
  [49380/100000]  elapsed=45366s  rate=1.1/s  eta=46505s  finite=43914
  [warn] sample 6 failed: 
  [49390/100000]  elapsed=45374s  rate=1.1/s  eta=46495s  finite=43923
  [49400/100000]  elapsed=45384s  rate=1.1/s  eta=46486s  finite=43933
  -> checkpoint saved: /scratch/e1498138/lhs/lhs_noise2_paris1_checkpoints/lhs_noise2_paris1_ckpt_049400.pkl
  [49410/100000]  elapsed=45394s  rate=1.1/s  eta=46478s  finite=43943
  [warn] sample 1 failed: 
  [49420/100000]  elapsed=45402s  rate=1.1/s  eta=46468s  finite=43949
  [warn] sample 7 failed: 
  [49430/100000]  elapsed=45411s  rate=1.1/s  eta=46458s  finite=43957
  [49440/100000]  elapsed=45421s  rate=1.1/s  eta=46450s  finite=43967
  [49450/100000]  elapsed=45430s  rate=1.1/s  eta=46441s  finite=43974
  [49460/100000]  elapsed=45439s  rate=1.1/s  eta=46432s  finite=43984
  [49470/100000]  elapsed=45449s  rate=1.1/s  eta=46423s  finite=43994
  [warn] sample 8 failed: 
  [49480/100000]  elapsed=45458s  rate=1.1/s  eta=46413s  finite=44003
  [49490/100000]  elapsed=45467s  rate=1.1/s  eta=46404s  finite=44012
  [49500/100000]  elapsed=45477s  rate=1.1/s  eta=46396s  finite=44021
  -> checkpoint saved: /scratch/e1498138/lhs/lhs_noise2_paris1_checkpoints/lhs_noise2_paris1_ckpt_049500.pkl
  [warn] sample 2 failed: 
  [49510/100000]  elapsed=45486s  rate=1.1/s  eta=46386s  finite=44029
  [49520/100000]  elapsed=45495s  rate=1.1/s  eta=46377s  finite=44037
  [warn] sample 7 failed: 
  [49530/100000]  elapsed=45504s  rate=1.1/s  eta=46367s  finite=44046
  [49540/100000]  elapsed=45513s  rate=1.1/s  eta=46359s  finite=44054
  [warn] sample 5 failed: 
  [49550/100000]  elapsed=45522s  rate=1.1/s  eta=46349s  finite=44062
  [49560/100000]  elapsed=45531s  rate=1.1/s  eta=46340s  finite=44069
  [49570/100000]  elapsed=45541s  rate=1.1/s  eta=46331s  finite=44078
  [49580/100000]  elapsed=45550s  rate=1.1/s  eta=46322s  finite=44085
  [warn] sample 6 failed: 
  [49590/100000]  elapsed=45559s  rate=1.1/s  eta=46312s  finite=44094
  [49600/100000]  elapsed=45568s  rate=1.1/s  eta=46303s  finite=44102
  -> checkpoint saved: /scratch/e1498138/lhs/lhs_noise2_paris1_checkpoints/lhs_noise2_paris1_ckpt_049600.pkl
  [49610/100000]  elapsed=45578s  rate=1.1/s  eta=46295s  finite=44109
  [49620/100000]  elapsed=45588s  rate=1.1/s  eta=46286s  finite=44119
  [warn] sample 3 failed: 
  [warn] sample 6 failed: 
  [49630/100000]  elapsed=45596s  rate=1.1/s  eta=46276s  finite=44127
  [49640/100000]  elapsed=45605s  rate=1.1/s  eta=46267s  finite=44135
  [warn] sample 5 failed: 
  [49650/100000]  elapsed=45614s  rate=1.1/s  eta=46257s  finite=44143
  [49660/100000]  elapsed=45623s  rate=1.1/s  eta=46248s  finite=44152
  [49670/100000]  elapsed=45633s  rate=1.1/s  eta=46239s  finite=44161
  [49680/100000]  elapsed=45642s  rate=1.1/s  eta=46230s  finite=44170
  [49690/100000]  elapsed=45652s  rate=1.1/s  eta=46221s  finite=44180
  [warn] sample 0 failed: 
  [warn] sample 2 failed: 
  [49700/100000]  elapsed=45659s  rate=1.1/s  eta=46211s  finite=44187
  -> checkpoint saved: /scratch/e1498138/lhs/lhs_noise2_paris1_checkpoints/lhs_noise2_paris1_ckpt_049700.pkl
  [49710/100000]  elapsed=45669s  rate=1.1/s  eta=46202s  finite=44197
  [49720/100000]  elapsed=45678s  rate=1.1/s  eta=46193s  finite=44207
  [warn] sample 5 failed: 
  [warn] sample 6 failed: 
  [49730/100000]  elapsed=45687s  rate=1.1/s  eta=46183s  finite=44213
  [warn] sample 3 failed: 
  [49740/100000]  elapsed=45695s  rate=1.1/s  eta=46173s  finite=44221
  [49750/100000]  elapsed=45705s  rate=1.1/s  eta=46164s  finite=44230
  [warn] sample 0 failed: 
  [49760/100000]  elapsed=45714s  rate=1.1/s  eta=46155s  finite=44237
  [49770/100000]  elapsed=45723s  rate=1.1/s  eta=46146s  finite=44247
  [49780/100000]  elapsed=45733s  rate=1.1/s  eta=46137s  finite=44255
  [warn] sample 9 failed: 
  [49790/100000]  elapsed=45741s  rate=1.1/s  eta=46127s  finite=44264
  [warn] sample 7 failed: 
  [warn] sample 9 failed: 
  [49800/100000]  elapsed=45749s  rate=1.1/s  eta=46117s  finite=44271
  -> checkpoint saved: /scratch/e1498138/lhs/lhs_noise2_paris1_checkpoints/lhs_noise2_paris1_ckpt_049800.pkl
  [49810/100000]  elapsed=45759s  rate=1.1/s  eta=46108s  finite=44280
  [49820/100000]  elapsed=45768s  rate=1.1/s  eta=46099s  finite=44290
  [49830/100000]  elapsed=45778s  rate=1.1/s  eta=46090s  finite=44299
  [49840/100000]  elapsed=45787s  rate=1.1/s  eta=46081s  finite=44308
  [49850/100000]  elapsed=45797s  rate=1.1/s  eta=46072s  finite=44318
  [warn] sample 8 failed: 
  [49860/100000]  elapsed=45805s  rate=1.1/s  eta=46063s  finite=44325
  [49870/100000]  elapsed=45815s  rate=1.1/s  eta=46054s  finite=44335
  [49880/100000]  elapsed=45824s  rate=1.1/s  eta=46045s  finite=44344
  [49890/100000]  elapsed=45834s  rate=1.1/s  eta=46036s  finite=44353
  [49900/100000]  elapsed=45843s  rate=1.1/s  eta=46027s  finite=44361
  -> checkpoint saved: /scratch/e1498138/lhs/lhs_noise2_paris1_checkpoints/lhs_noise2_paris1_ckpt_049900.pkl
  [49910/100000]  elapsed=45853s  rate=1.1/s  eta=46018s  finite=44370
  [warn] sample 7 failed: 
  [49920/100000]  elapsed=45862s  rate=1.1/s  eta=46009s  finite=44379
  [49930/100000]  elapsed=45871s  rate=1.1/s  eta=46000s  finite=44388
  [49940/100000]  elapsed=45881s  rate=1.1/s  eta=45991s  finite=44398
  [49950/100000]  elapsed=45890s  rate=1.1/s  eta=45982s  finite=44406
  [49960/100000]  elapsed=45899s  rate=1.1/s  eta=45973s  finite=44416
  [warn] sample 0 failed: 
  [49970/100000]  elapsed=45908s  rate=1.1/s  eta=45963s  finite=44425
  [49980/100000]  elapsed=45918s  rate=1.1/s  eta=45954s  finite=44434
  [warn] sample 2 failed: 
  [warn] sample 5 failed: 
  [49990/100000]  elapsed=45925s  rate=1.1/s  eta=45944s  finite=44439
  [50000/100000]  elapsed=45935s  rate=1.1/s  eta=45935s  finite=44448
  -> checkpoint saved: /scratch/e1498138/lhs/lhs_noise2_paris1_checkpoints/lhs_noise2_paris1_ckpt_050000.pkl
  [50010/100000]  elapsed=45944s  rate=1.1/s  eta=45926s  finite=44458
  [50020/100000]  elapsed=45954s  rate=1.1/s  eta=45917s  finite=44466
  [50030/100000]  elapsed=45963s  rate=1.1/s  eta=45908s  finite=44476
  [warn] sample 5 failed: 
  [50040/100000]  elapsed=45972s  rate=1.1/s  eta=45898s  finite=44485
  [50050/100000]  elapsed=45981s  rate=1.1/s  eta=45890s  finite=44494
  [50060/100000]  elapsed=45991s  rate=1.1/s  eta=45881s  finite=44504
  [warn] sample 3 failed: 
  [50070/100000]  elapsed=46000s  rate=1.1/s  eta=45871s  finite=44512
  [50080/100000]  elapsed=46009s  rate=1.1/s  eta=45862s  finite=44521
  [50090/100000]  elapsed=46019s  rate=1.1/s  eta=45854s  finite=44531
  [warn] sample 1 failed: 
  [50100/100000]  elapsed=46027s  rate=1.1/s  eta=45844s  finite=44540
  -> checkpoint saved: /scratch/e1498138/lhs/lhs_noise2_paris1_checkpoints/lhs_noise2_paris1_ckpt_050100.pkl
  [warn] sample 7 failed: 
  [50110/100000]  elapsed=46036s  rate=1.1/s  eta=45834s  finite=44549
  [50120/100000]  elapsed=46046s  rate=1.1/s  eta=45825s  finite=44559
  [50130/100000]  elapsed=46055s  rate=1.1/s  eta=45817s  finite=44569
  [50140/100000]  elapsed=46065s  rate=1.1/s  eta=45808s  finite=44578
  [50150/100000]  elapsed=46075s  rate=1.1/s  eta=45799s  finite=44588
  [50160/100000]  elapsed=46084s  rate=1.1/s  eta=45790s  finite=44598
  [50170/100000]  elapsed=46094s  rate=1.1/s  eta=45781s  finite=44608
  [warn] sample 7 failed: 
  [50180/100000]  elapsed=46102s  rate=1.1/s  eta=45772s  finite=44617
  [50190/100000]  elapsed=46112s  rate=1.1/s  eta=45763s  finite=44626
  [50200/100000]  elapsed=46122s  rate=1.1/s  eta=45754s  finite=44634
  -> checkpoint saved: /scratch/e1498138/lhs/lhs_noise2_paris1_checkpoints/lhs_noise2_paris1_ckpt_050200.pkl
  [50210/100000]  elapsed=46131s  rate=1.1/s  eta=45745s  finite=44644
  [50220/100000]  elapsed=46141s  rate=1.1/s  eta=45736s  finite=44654
  [50230/100000]  elapsed=46150s  rate=1.1/s  eta=45728s  finite=44664
  [50240/100000]  elapsed=46160s  rate=1.1/s  eta=45719s  finite=44673
  [50250/100000]  elapsed=46170s  rate=1.1/s  eta=45710s  finite=44683
  [50260/100000]  elapsed=46179s  rate=1.1/s  eta=45701s  finite=44693
  [50270/100000]  elapsed=46189s  rate=1.1/s  eta=45693s  finite=44703
  [50280/100000]  elapsed=46198s  rate=1.1/s  eta=45684s  finite=44711
  [50290/100000]  elapsed=46208s  rate=1.1/s  eta=45675s  finite=44720
  [50300/100000]  elapsed=46217s  rate=1.1/s  eta=45666s  finite=44729
  -> checkpoint saved: /scratch/e1498138/lhs/lhs_noise2_paris1_checkpoints/lhs_noise2_paris1_ckpt_050300.pkl
  [50310/100000]  elapsed=46227s  rate=1.1/s  eta=45657s  finite=44737
  [50320/100000]  elapsed=46237s  rate=1.1/s  eta=45649s  finite=44746
  [50330/100000]  elapsed=46246s  rate=1.1/s  eta=45640s  finite=44756
  [50340/100000]  elapsed=46256s  rate=1.1/s  eta=45631s  finite=44765
  [50350/100000]  elapsed=46265s  rate=1.1/s  eta=45622s  finite=44774
  [warn] sample 8 failed: 
  [50360/100000]  elapsed=46274s  rate=1.1/s  eta=45612s  finite=44780
  [50370/100000]  elapsed=46283s  rate=1.1/s  eta=45603s  finite=44789
  [50380/100000]  elapsed=46293s  rate=1.1/s  eta=45595s  finite=44799
  [50390/100000]  elapsed=46302s  rate=1.1/s  eta=45586s  finite=44809
  [50400/100000]  elapsed=46312s  rate=1.1/s  eta=45577s  finite=44819
  -> checkpoint saved: /scratch/e1498138/lhs/lhs_noise2_paris1_checkpoints/lhs_noise2_paris1_ckpt_050400.pkl
  [warn] sample 0 failed: 
  [50410/100000]  elapsed=46321s  rate=1.1/s  eta=45567s  finite=44827
  [warn] sample 6 failed: 
  [50420/100000]  elapsed=46329s  rate=1.1/s  eta=45557s  finite=44834
  [50430/100000]  elapsed=46339s  rate=1.1/s  eta=45549s  finite=44844
  [50440/100000]  elapsed=46349s  rate=1.1/s  eta=45540s  finite=44854
  [50450/100000]  elapsed=46358s  rate=1.1/s  eta=45531s  finite=44864
  [50460/100000]  elapsed=46368s  rate=1.1/s  eta=45522s  finite=44873
  [warn] sample 9 failed: 
  [50470/100000]  elapsed=46376s  rate=1.1/s  eta=45513s  finite=44879
  [50480/100000]  elapsed=46386s  rate=1.1/s  eta=45504s  finite=44889
  [50490/100000]  elapsed=46395s  rate=1.1/s  eta=45495s  finite=44898
  [50500/100000]  elapsed=46405s  rate=1.1/s  eta=45486s  finite=44907
  -> checkpoint saved: /scratch/e1498138/lhs/lhs_noise2_paris1_checkpoints/lhs_noise2_paris1_ckpt_050500.pkl
  [50510/100000]  elapsed=46415s  rate=1.1/s  eta=45477s  finite=44917
  [50520/100000]  elapsed=46424s  rate=1.1/s  eta=45468s  finite=44925
  [50530/100000]  elapsed=46434s  rate=1.1/s  eta=45460s  finite=44934
  [50540/100000]  elapsed=46443s  rate=1.1/s  eta=45451s  finite=44944
  [50550/100000]  elapsed=46453s  rate=1.1/s  eta=45442s  finite=44953
  [50560/100000]  elapsed=46468s  rate=1.1/s  eta=45439s  finite=44962
  [50570/100000]  elapsed=46478s  rate=1.1/s  eta=45430s  finite=44971
  [warn] sample 4 failed: 
  [50580/100000]  elapsed=46486s  rate=1.1/s  eta=45420s  finite=44979
  [50590/100000]  elapsed=46496s  rate=1.1/s  eta=45412s  finite=44987
  [50600/100000]  elapsed=46506s  rate=1.1/s  eta=45403s  finite=44996
  -> checkpoint saved: /scratch/e1498138/lhs/lhs_noise2_paris1_checkpoints/lhs_noise2_paris1_ckpt_050600.pkl
  [50610/100000]  elapsed=46515s  rate=1.1/s  eta=45394s  finite=45006
  [50620/100000]  elapsed=46525s  rate=1.1/s  eta=45385s  finite=45016
  [warn] sample 0 failed: 
  [50630/100000]  elapsed=46534s  rate=1.1/s  eta=45376s  finite=45025
  [50640/100000]  elapsed=46543s  rate=1.1/s  eta=45367s  finite=45035
  [50650/100000]  elapsed=46553s  rate=1.1/s  eta=45358s  finite=45044
  [50660/100000]  elapsed=46562s  rate=1.1/s  eta=45349s  finite=45051
  [warn] sample 8 failed: 
  [50670/100000]  elapsed=46571s  rate=1.1/s  eta=45340s  finite=45060
  [50680/100000]  elapsed=46581s  rate=1.1/s  eta=45331s  finite=45069
  [50690/100000]  elapsed=46590s  rate=1.1/s  eta=45322s  finite=45079
  [50700/100000]  elapsed=46600s  rate=1.1/s  eta=45313s  finite=45089
  -> checkpoint saved: /scratch/e1498138/lhs/lhs_noise2_paris1_checkpoints/lhs_noise2_paris1_ckpt_050700.pkl
  [50710/100000]  elapsed=46610s  rate=1.1/s  eta=45305s  finite=45099
  [warn] sample 7 failed: 
  [50720/100000]  elapsed=46619s  rate=1.1/s  eta=45295s  finite=45108
  [50730/100000]  elapsed=46628s  rate=1.1/s  eta=45286s  finite=45118
  [50740/100000]  elapsed=46638s  rate=1.1/s  eta=45277s  finite=45126
  [warn] sample 2 failed: 
  [warn] sample 3 failed: 
  [50750/100000]  elapsed=46645s  rate=1.1/s  eta=45267s  finite=45132
  [warn] sample 4 failed: 
  [50760/100000]  elapsed=46654s  rate=1.1/s  eta=45257s  finite=45140
  [50770/100000]  elapsed=46664s  rate=1.1/s  eta=45248s  finite=45149
  [50780/100000]  elapsed=46673s  rate=1.1/s  eta=45239s  finite=45159
  [50790/100000]  elapsed=46683s  rate=1.1/s  eta=45230s  finite=45167
  [warn] sample 9 failed: 
  [50800/100000]  elapsed=46691s  rate=1.1/s  eta=45221s  finite=45173
  -> checkpoint saved: /scratch/e1498138/lhs/lhs_noise2_paris1_checkpoints/lhs_noise2_paris1_ckpt_050800.pkl
  [50810/100000]  elapsed=46701s  rate=1.1/s  eta=45212s  finite=45183
  [50820/100000]  elapsed=46710s  rate=1.1/s  eta=45203s  finite=45192
  [warn] sample 1 failed: 
  [50830/100000]  elapsed=46719s  rate=1.1/s  eta=45193s  finite=45199
  [50840/100000]  elapsed=46728s  rate=1.1/s  eta=45184s  finite=45209
  [warn] sample 3 failed: 
  [50850/100000]  elapsed=46737s  rate=1.1/s  eta=45175s  finite=45217
  [50860/100000]  elapsed=46747s  rate=1.1/s  eta=45166s  finite=45225
  [50870/100000]  elapsed=46756s  rate=1.1/s  eta=45157s  finite=45235
  [50880/100000]  elapsed=46766s  rate=1.1/s  eta=45148s  finite=45245
  [50890/100000]  elapsed=46775s  rate=1.1/s  eta=45139s  finite=45253
  [warn] sample 9 failed: 
  [50900/100000]  elapsed=46784s  rate=1.1/s  eta=45130s  finite=45260
  -> checkpoint saved: /scratch/e1498138/lhs/lhs_noise2_paris1_checkpoints/lhs_noise2_paris1_ckpt_050900.pkl
  [50910/100000]  elapsed=46794s  rate=1.1/s  eta=45121s  finite=45268
  [50920/100000]  elapsed=46804s  rate=1.1/s  eta=45112s  finite=45278
  [50930/100000]  elapsed=46813s  rate=1.1/s  eta=45103s  finite=45287
  [50940/100000]  elapsed=46823s  rate=1.1/s  eta=45095s  finite=45295
  [warn] sample 4 failed: 
  [50950/100000]  elapsed=46831s  rate=1.1/s  eta=45085s  finite=45303
  [50960/100000]  elapsed=46841s  rate=1.1/s  eta=45076s  finite=45313
  [warn] sample 2 failed: 
  [50970/100000]  elapsed=46849s  rate=1.1/s  eta=45066s  finite=45322
  [warn] sample 1 failed: 
  [50980/100000]  elapsed=46859s  rate=1.1/s  eta=45057s  finite=45330
  [50990/100000]  elapsed=46868s  rate=1.1/s  eta=45048s  finite=45338
  [51000/100000]  elapsed=46877s  rate=1.1/s  eta=45039s  finite=45346
  -> checkpoint saved: /scratch/e1498138/lhs/lhs_noise2_paris1_checkpoints/lhs_noise2_paris1_ckpt_051000.pkl
  [51010/100000]  elapsed=46887s  rate=1.1/s  eta=45030s  finite=45356
  [51020/100000]  elapsed=46897s  rate=1.1/s  eta=45021s  finite=45365
  [51030/100000]  elapsed=46906s  rate=1.1/s  eta=45013s  finite=45374
  [51040/100000]  elapsed=46916s  rate=1.1/s  eta=45004s  finite=45382
  [warn] sample 3 failed: 
  [51050/100000]  elapsed=46924s  rate=1.1/s  eta=44994s  finite=45391
  [51060/100000]  elapsed=46934s  rate=1.1/s  eta=44985s  finite=45400
  [51070/100000]  elapsed=46943s  rate=1.1/s  eta=44976s  finite=45410
  [warn] sample 6 failed: 
  [51080/100000]  elapsed=46952s  rate=1.1/s  eta=44967s  finite=45419
  [51090/100000]  elapsed=46961s  rate=1.1/s  eta=44958s  finite=45429
  [51100/100000]  elapsed=46971s  rate=1.1/s  eta=44949s  finite=45438
  -> checkpoint saved: /scratch/e1498138/lhs/lhs_noise2_paris1_checkpoints/lhs_noise2_paris1_ckpt_051100.pkl
  [51110/100000]  elapsed=46980s  rate=1.1/s  eta=44940s  finite=45447
  [warn] sample 9 failed: 
  [51120/100000]  elapsed=46989s  rate=1.1/s  eta=44930s  finite=45456
  [51130/100000]  elapsed=46998s  rate=1.1/s  eta=44921s  finite=45466
  [51140/100000]  elapsed=47008s  rate=1.1/s  eta=44912s  finite=45476
  [51150/100000]  elapsed=47017s  rate=1.1/s  eta=44903s  finite=45484
  [51160/100000]  elapsed=47027s  rate=1.1/s  eta=44894s  finite=45494
  [warn] sample 9 failed: 
  [51170/100000]  elapsed=47036s  rate=1.1/s  eta=44885s  finite=45502
  [51180/100000]  elapsed=47045s  rate=1.1/s  eta=44876s  finite=45511
  [51190/100000]  elapsed=47055s  rate=1.1/s  eta=44867s  finite=45520
  [51200/100000]  elapsed=47064s  rate=1.1/s  eta=44858s  finite=45529
  -> checkpoint saved: /scratch/e1498138/lhs/lhs_noise2_paris1_checkpoints/lhs_noise2_paris1_ckpt_051200.pkl
  [51210/100000]  elapsed=47074s  rate=1.1/s  eta=44849s  finite=45538
  [51220/100000]  elapsed=47083s  rate=1.1/s  eta=44841s  finite=45548
  [51230/100000]  elapsed=47093s  rate=1.1/s  eta=44832s  finite=45557
  [warn] sample 4 failed: 
  [51240/100000]  elapsed=47102s  rate=1.1/s  eta=44822s  finite=45566
  [warn] sample 0 failed: 
  [51250/100000]  elapsed=47111s  rate=1.1/s  eta=44813s  finite=45575
  [51260/100000]  elapsed=47120s  rate=1.1/s  eta=44804s  finite=45583
  [51270/100000]  elapsed=47130s  rate=1.1/s  eta=44795s  finite=45593
  [51280/100000]  elapsed=47140s  rate=1.1/s  eta=44786s  finite=45601
  [51290/100000]  elapsed=47149s  rate=1.1/s  eta=44777s  finite=45611
  [51300/100000]  elapsed=47159s  rate=1.1/s  eta=44768s  finite=45619
  -> checkpoint saved: /scratch/e1498138/lhs/lhs_noise2_paris1_checkpoints/lhs_noise2_paris1_ckpt_051300.pkl
  [51310/100000]  elapsed=47168s  rate=1.1/s  eta=44760s  finite=45629
  [warn] sample 0 failed: 
  [51320/100000]  elapsed=47177s  rate=1.1/s  eta=44750s  finite=45638
  [51330/100000]  elapsed=47187s  rate=1.1/s  eta=44741s  finite=45647
  [51340/100000]  elapsed=47196s  rate=1.1/s  eta=44733s  finite=45657
  [warn] sample 2 failed: 
  [51350/100000]  elapsed=47205s  rate=1.1/s  eta=44723s  finite=45665
  [51360/100000]  elapsed=47215s  rate=1.1/s  eta=44714s  finite=45675
  [51370/100000]  elapsed=47224s  rate=1.1/s  eta=44705s  finite=45685
  [warn] sample 7 failed: 
  [warn] sample 9 failed: 
  [51380/100000]  elapsed=47232s  rate=1.1/s  eta=44695s  finite=45692
  [51390/100000]  elapsed=47242s  rate=1.1/s  eta=44686s  finite=45701
  [warn] sample 0 failed: 
  [51400/100000]  elapsed=47250s  rate=1.1/s  eta=44676s  finite=45708
  -> checkpoint saved: /scratch/e1498138/lhs/lhs_noise2_paris1_checkpoints/lhs_noise2_paris1_ckpt_051400.pkl
  [warn] sample 7 failed: 
  [51410/100000]  elapsed=47259s  rate=1.1/s  eta=44667s  finite=45716
  [51420/100000]  elapsed=47268s  rate=1.1/s  eta=44658s  finite=45724
  [51430/100000]  elapsed=47278s  rate=1.1/s  eta=44649s  finite=45734
  [51440/100000]  elapsed=47288s  rate=1.1/s  eta=44640s  finite=45743
  [51450/100000]  elapsed=47297s  rate=1.1/s  eta=44631s  finite=45753
  [51460/100000]  elapsed=47306s  rate=1.1/s  eta=44622s  finite=45762
  [warn] sample 7 failed: 
  [51470/100000]  elapsed=47315s  rate=1.1/s  eta=44612s  finite=45770
  [51480/100000]  elapsed=47325s  rate=1.1/s  eta=44603s  finite=45779
  [51490/100000]  elapsed=47334s  rate=1.1/s  eta=44595s  finite=45788
  [51500/100000]  elapsed=47343s  rate=1.1/s  eta=44586s  finite=45798
  -> checkpoint saved: /scratch/e1498138/lhs/lhs_noise2_paris1_checkpoints/lhs_noise2_paris1_ckpt_051500.pkl
  [51510/100000]  elapsed=47353s  rate=1.1/s  eta=44577s  finite=45808
  [warn] sample 8 failed: 
  [51520/100000]  elapsed=47362s  rate=1.1/s  eta=44567s  finite=45816
  [51530/100000]  elapsed=47371s  rate=1.1/s  eta=44558s  finite=45826
  [warn] sample 5 failed: 
  [51540/100000]  elapsed=47380s  rate=1.1/s  eta=44549s  finite=45833
  [warn] sample 8 failed: 
  [51550/100000]  elapsed=47389s  rate=1.1/s  eta=44539s  finite=45841
  [51560/100000]  elapsed=47398s  rate=1.1/s  eta=44530s  finite=45850
  [51570/100000]  elapsed=47408s  rate=1.1/s  eta=44521s  finite=45859
  [warn] sample 6 failed: 
  [51580/100000]  elapsed=47416s  rate=1.1/s  eta=44512s  finite=45868
  [51590/100000]  elapsed=47426s  rate=1.1/s  eta=44503s  finite=45877
  [51600/100000]  elapsed=47436s  rate=1.1/s  eta=44494s  finite=45887
  -> checkpoint saved: /scratch/e1498138/lhs/lhs_noise2_paris1_checkpoints/lhs_noise2_paris1_ckpt_051600.pkl
  [51610/100000]  elapsed=47445s  rate=1.1/s  eta=44485s  finite=45897
  [51620/100000]  elapsed=47455s  rate=1.1/s  eta=44476s  finite=45907
  [warn] sample 0 failed: 
  [51630/100000]  elapsed=47463s  rate=1.1/s  eta=44466s  finite=45914
  [51640/100000]  elapsed=47473s  rate=1.1/s  eta=44458s  finite=45923
  [51650/100000]  elapsed=47483s  rate=1.1/s  eta=44449s  finite=45932
  [warn] sample 4 failed: 
  [51660/100000]  elapsed=47491s  rate=1.1/s  eta=44439s  finite=45940
  [51670/100000]  elapsed=47501s  rate=1.1/s  eta=44430s  finite=45950
  [51680/100000]  elapsed=47510s  rate=1.1/s  eta=44421s  finite=45960
  [51690/100000]  elapsed=47520s  rate=1.1/s  eta=44413s  finite=45970
  [51700/100000]  elapsed=47530s  rate=1.1/s  eta=44404s  finite=45979
  -> checkpoint saved: /scratch/e1498138/lhs/lhs_noise2_paris1_checkpoints/lhs_noise2_paris1_ckpt_051700.pkl
  [51710/100000]  elapsed=47539s  rate=1.1/s  eta=44395s  finite=45987
  [warn] sample 8 failed: 
  [51720/100000]  elapsed=47548s  rate=1.1/s  eta=44386s  finite=45994
  [51730/100000]  elapsed=47557s  rate=1.1/s  eta=44377s  finite=46004
  [51740/100000]  elapsed=47567s  rate=1.1/s  eta=44368s  finite=46014
  [51750/100000]  elapsed=47577s  rate=1.1/s  eta=44359s  finite=46023
  [51760/100000]  elapsed=47586s  rate=1.1/s  eta=44350s  finite=46031
  [warn] sample 6 failed: 
  [51770/100000]  elapsed=47595s  rate=1.1/s  eta=44341s  finite=46040
  [warn] sample 4 failed: 
  [51780/100000]  elapsed=47604s  rate=1.1/s  eta=44331s  finite=46048
  [51790/100000]  elapsed=47613s  rate=1.1/s  eta=44322s  finite=46058
  [51800/100000]  elapsed=47623s  rate=1.1/s  eta=44313s  finite=46067
  -> checkpoint saved: /scratch/e1498138/lhs/lhs_noise2_paris1_checkpoints/lhs_noise2_paris1_ckpt_051800.pkl
  [warn] sample 8 failed: 
  [51810/100000]  elapsed=47632s  rate=1.1/s  eta=44304s  finite=46076
  [51820/100000]  elapsed=47641s  rate=1.1/s  eta=44295s  finite=46085
  [51830/100000]  elapsed=47651s  rate=1.1/s  eta=44286s  finite=46094
  [51840/100000]  elapsed=47660s  rate=1.1/s  eta=44277s  finite=46104
  [warn] sample 4 failed: 
  [51850/100000]  elapsed=47669s  rate=1.1/s  eta=44267s  finite=46111
  [51860/100000]  elapsed=47678s  rate=1.1/s  eta=44258s  finite=46119
  [51870/100000]  elapsed=47688s  rate=1.1/s  eta=44249s  finite=46128
  [warn] sample 0 failed: 
  [51880/100000]  elapsed=47697s  rate=1.1/s  eta=44240s  finite=46135
  [51890/100000]  elapsed=47706s  rate=1.1/s  eta=44231s  finite=46145
  [51900/100000]  elapsed=47716s  rate=1.1/s  eta=44222s  finite=46154
  -> checkpoint saved: /scratch/e1498138/lhs/lhs_noise2_paris1_checkpoints/lhs_noise2_paris1_ckpt_051900.pkl
  [51910/100000]  elapsed=47725s  rate=1.1/s  eta=44213s  finite=46163
  [51920/100000]  elapsed=47735s  rate=1.1/s  eta=44204s  finite=46172
  [51930/100000]  elapsed=47744s  rate=1.1/s  eta=44196s  finite=46181
  [51940/100000]  elapsed=47754s  rate=1.1/s  eta=44187s  finite=46190
  [51950/100000]  elapsed=47764s  rate=1.1/s  eta=44178s  finite=46199
  [warn] sample 4 failed: 
  [51960/100000]  elapsed=47772s  rate=1.1/s  eta=44168s  finite=46208
  [51970/100000]  elapsed=47782s  rate=1.1/s  eta=44159s  finite=46218
  [warn] sample 3 failed: 
  [51980/100000]  elapsed=47791s  rate=1.1/s  eta=44150s  finite=46223
  [51990/100000]  elapsed=47800s  rate=1.1/s  eta=44141s  finite=46232
  [52000/100000]  elapsed=47810s  rate=1.1/s  eta=44132s  finite=46242
  -> checkpoint saved: /scratch/e1498138/lhs/lhs_noise2_paris1_checkpoints/lhs_noise2_paris1_ckpt_052000.pkl
  [warn] sample 9 failed: 
  [52010/100000]  elapsed=47818s  rate=1.1/s  eta=44122s  finite=46251
  [warn] sample 2 failed: 
  [52020/100000]  elapsed=47827s  rate=1.1/s  eta=44113s  finite=46259
  [warn] sample 4 failed: 
  [52030/100000]  elapsed=47836s  rate=1.1/s  eta=44103s  finite=46266
  [52040/100000]  elapsed=47845s  rate=1.1/s  eta=44094s  finite=46275
  [52050/100000]  elapsed=47855s  rate=1.1/s  eta=44085s  finite=46285
  [warn] sample 0 failed: 
  [warn] sample 9 failed: 
  [52060/100000]  elapsed=47863s  rate=1.1/s  eta=44075s  finite=46293
  [52070/100000]  elapsed=47872s  rate=1.1/s  eta=44066s  finite=46303
  [52080/100000]  elapsed=47882s  rate=1.1/s  eta=44057s  finite=46312
  [warn] sample 4 failed: 
  [warn] sample 8 failed: 
  [52090/100000]  elapsed=47890s  rate=1.1/s  eta=44047s  finite=46320
  [52100/100000]  elapsed=47899s  rate=1.1/s  eta=44038s  finite=46330
  -> checkpoint saved: /scratch/e1498138/lhs/lhs_noise2_paris1_checkpoints/lhs_noise2_paris1_ckpt_052100.pkl
  [52110/100000]  elapsed=47909s  rate=1.1/s  eta=44029s  finite=46340
  [52120/100000]  elapsed=47918s  rate=1.1/s  eta=44020s  finite=46349
  [warn] sample 4 failed: 
  [52130/100000]  elapsed=47927s  rate=1.1/s  eta=44011s  finite=46358
  [warn] sample 2 failed: 
  [52140/100000]  elapsed=47936s  rate=1.1/s  eta=44001s  finite=46367
  [52150/100000]  elapsed=47946s  rate=1.1/s  eta=43992s  finite=46374
  [warn] sample 8 failed: 
  [52160/100000]  elapsed=47954s  rate=1.1/s  eta=43983s  finite=46383
  [warn] sample 5 failed: 
  [52170/100000]  elapsed=47963s  rate=1.1/s  eta=43973s  finite=46389
  [52180/100000]  elapsed=47972s  rate=1.1/s  eta=43964s  finite=46399
  [warn] sample 9 failed: 
  [52190/100000]  elapsed=47981s  rate=1.1/s  eta=43954s  finite=46407
  [52200/100000]  elapsed=47990s  rate=1.1/s  eta=43945s  finite=46416
  -> checkpoint saved: /scratch/e1498138/lhs/lhs_noise2_paris1_checkpoints/lhs_noise2_paris1_ckpt_052200.pkl
  [warn] sample 0 failed: 
  [52210/100000]  elapsed=47999s  rate=1.1/s  eta=43936s  finite=46425
  [warn] sample 7 failed: 
  [52220/100000]  elapsed=48008s  rate=1.1/s  eta=43926s  finite=46432
  [52230/100000]  elapsed=48018s  rate=1.1/s  eta=43917s  finite=46442
  [52240/100000]  elapsed=48027s  rate=1.1/s  eta=43908s  finite=46452
  [warn] sample 2 failed: 
  [52250/100000]  elapsed=48036s  rate=1.1/s  eta=43899s  finite=46460
  [warn] sample 9 failed: 
  [52260/100000]  elapsed=48044s  rate=1.1/s  eta=43889s  finite=46469
  [52270/100000]  elapsed=48054s  rate=1.1/s  eta=43880s  finite=46479
  [52280/100000]  elapsed=48063s  rate=1.1/s  eta=43871s  finite=46487
  [52290/100000]  elapsed=48073s  rate=1.1/s  eta=43862s  finite=46497
  [warn] sample 0 failed: 
  [warn] sample 5 failed: 
  [52300/100000]  elapsed=48081s  rate=1.1/s  eta=43852s  finite=46505
  -> checkpoint saved: /scratch/e1498138/lhs/lhs_noise2_paris1_checkpoints/lhs_noise2_paris1_ckpt_052300.pkl
  [52310/100000]  elapsed=48090s  rate=1.1/s  eta=43843s  finite=46513
  [52320/100000]  elapsed=48100s  rate=1.1/s  eta=43834s  finite=46523
  [warn] sample 7 failed: 
  [52330/100000]  elapsed=48108s  rate=1.1/s  eta=43824s  finite=46532
  [52340/100000]  elapsed=48118s  rate=1.1/s  eta=43815s  finite=46542
  [52350/100000]  elapsed=48127s  rate=1.1/s  eta=43807s  finite=46551
  [52360/100000]  elapsed=48137s  rate=1.1/s  eta=43798s  finite=46559
  [warn] sample 8 failed: 
  [52370/100000]  elapsed=48146s  rate=1.1/s  eta=43788s  finite=46566
  [warn] sample 5 failed: 
  [52380/100000]  elapsed=48154s  rate=1.1/s  eta=43778s  finite=46575
  [warn] sample 3 failed: 
  [52390/100000]  elapsed=48163s  rate=1.1/s  eta=43769s  finite=46583
  [52400/100000]  elapsed=48172s  rate=1.1/s  eta=43760s  finite=46593
  -> checkpoint saved: /scratch/e1498138/lhs/lhs_noise2_paris1_checkpoints/lhs_noise2_paris1_ckpt_052400.pkl
  [52410/100000]  elapsed=48182s  rate=1.1/s  eta=43751s  finite=46601
  [52420/100000]  elapsed=48192s  rate=1.1/s  eta=43742s  finite=46609
  [52430/100000]  elapsed=48201s  rate=1.1/s  eta=43733s  finite=46619
  [52440/100000]  elapsed=48211s  rate=1.1/s  eta=43724s  finite=46628
  [52450/100000]  elapsed=48220s  rate=1.1/s  eta=43715s  finite=46637
  [52460/100000]  elapsed=48229s  rate=1.1/s  eta=43706s  finite=46647
  [52470/100000]  elapsed=48239s  rate=1.1/s  eta=43697s  finite=46656
  [warn] sample 9 failed: 
  [52480/100000]  elapsed=48247s  rate=1.1/s  eta=43687s  finite=46664
  [warn] sample 6 failed: 
  [52490/100000]  elapsed=48256s  rate=1.1/s  eta=43678s  finite=46670
  [52500/100000]  elapsed=48265s  rate=1.1/s  eta=43669s  finite=46680
  -> checkpoint saved: /scratch/e1498138/lhs/lhs_noise2_paris1_checkpoints/lhs_noise2_paris1_ckpt_052500.pkl
  [52510/100000]  elapsed=48275s  rate=1.1/s  eta=43660s  finite=46690
  [52520/100000]  elapsed=48284s  rate=1.1/s  eta=43651s  finite=46700
  [52530/100000]  elapsed=48294s  rate=1.1/s  eta=43642s  finite=46708
  [52540/100000]  elapsed=48303s  rate=1.1/s  eta=43633s  finite=46718
  [52550/100000]  elapsed=48313s  rate=1.1/s  eta=43624s  finite=46726
  [52560/100000]  elapsed=48322s  rate=1.1/s  eta=43615s  finite=46736
  [52570/100000]  elapsed=48332s  rate=1.1/s  eta=43606s  finite=46746
  [52580/100000]  elapsed=48341s  rate=1.1/s  eta=43597s  finite=46756
  [52590/100000]  elapsed=48351s  rate=1.1/s  eta=43588s  finite=46766
  [52600/100000]  elapsed=48360s  rate=1.1/s  eta=43580s  finite=46776
  -> checkpoint saved: /scratch/e1498138/lhs/lhs_noise2_paris1_checkpoints/lhs_noise2_paris1_ckpt_052600.pkl
  [52610/100000]  elapsed=48370s  rate=1.1/s  eta=43571s  finite=46786
  [52620/100000]  elapsed=48380s  rate=1.1/s  eta=43562s  finite=46796
  [52630/100000]  elapsed=48389s  rate=1.1/s  eta=43553s  finite=46806
  [warn] sample 7 failed: 
  [52640/100000]  elapsed=48398s  rate=1.1/s  eta=43543s  finite=46815
  [52650/100000]  elapsed=48408s  rate=1.1/s  eta=43535s  finite=46824
  [52660/100000]  elapsed=48417s  rate=1.1/s  eta=43526s  finite=46834
  [52670/100000]  elapsed=48426s  rate=1.1/s  eta=43517s  finite=46841
  [52680/100000]  elapsed=48436s  rate=1.1/s  eta=43508s  finite=46851
  [52690/100000]  elapsed=48446s  rate=1.1/s  eta=43499s  finite=46860
  [52700/100000]  elapsed=48455s  rate=1.1/s  eta=43490s  finite=46870
  -> checkpoint saved: /scratch/e1498138/lhs/lhs_noise2_paris1_checkpoints/lhs_noise2_paris1_ckpt_052700.pkl
  [52710/100000]  elapsed=48465s  rate=1.1/s  eta=43482s  finite=46877
  [52720/100000]  elapsed=48475s  rate=1.1/s  eta=43473s  finite=46886
  [warn] sample 8 failed: 
  [52730/100000]  elapsed=48483s  rate=1.1/s  eta=43463s  finite=46895
  [warn] sample 1 failed: 
  [52740/100000]  elapsed=48492s  rate=1.1/s  eta=43453s  finite=46903
  [warn] sample 6 failed: 
  [52750/100000]  elapsed=48501s  rate=1.1/s  eta=43444s  finite=46911
  [warn] sample 2 failed: 
  [warn] sample 4 failed: 
  [52760/100000]  elapsed=48509s  rate=1.1/s  eta=43434s  finite=46918
  [52770/100000]  elapsed=48518s  rate=1.1/s  eta=43425s  finite=46927
  [52780/100000]  elapsed=48528s  rate=1.1/s  eta=43416s  finite=46937
  [warn] sample 1 failed: 
  [warn] sample 9 failed: 
  [52790/100000]  elapsed=48536s  rate=1.1/s  eta=43405s  finite=46944
  [warn] sample 3 failed: 
  [52800/100000]  elapsed=48544s  rate=1.1/s  eta=43396s  finite=46953
  -> checkpoint saved: /scratch/e1498138/lhs/lhs_noise2_paris1_checkpoints/lhs_noise2_paris1_ckpt_052800.pkl
  [warn] sample 2 failed: 
  [warn] sample 6 failed: 
  [52810/100000]  elapsed=48552s  rate=1.1/s  eta=43385s  finite=46960
  [52820/100000]  elapsed=48562s  rate=1.1/s  eta=43376s  finite=46970
  [warn] sample 3 failed: 
  [warn] sample 9 failed: 
  [52830/100000]  elapsed=48569s  rate=1.1/s  eta=43366s  finite=46978
  [52840/100000]  elapsed=48579s  rate=1.1/s  eta=43357s  finite=46988
  [warn] sample 5 failed: 
  [52850/100000]  elapsed=48588s  rate=1.1/s  eta=43348s  finite=46997
  [52860/100000]  elapsed=48597s  rate=1.1/s  eta=43339s  finite=47007
  [52870/100000]  elapsed=48607s  rate=1.1/s  eta=43330s  finite=47015
  [52880/100000]  elapsed=48616s  rate=1.1/s  eta=43321s  finite=47025
  [warn] sample 5 failed: 
  [52890/100000]  elapsed=48625s  rate=1.1/s  eta=43311s  finite=47034
  [52900/100000]  elapsed=48635s  rate=1.1/s  eta=43302s  finite=47044
  -> checkpoint saved: /scratch/e1498138/lhs/lhs_noise2_paris1_checkpoints/lhs_noise2_paris1_ckpt_052900.pkl
  [52910/100000]  elapsed=48644s  rate=1.1/s  eta=43294s  finite=47054
  [warn] sample 2 failed: 
  [52920/100000]  elapsed=48653s  rate=1.1/s  eta=43284s  finite=47063
  [52930/100000]  elapsed=48663s  rate=1.1/s  eta=43275s  finite=47072
  [52940/100000]  elapsed=48673s  rate=1.1/s  eta=43267s  finite=47082
  [warn] sample 1 failed: 
  [warn] sample 5 failed: 
  [warn] sample 6 failed: 
  [52950/100000]  elapsed=48680s  rate=1.1/s  eta=43256s  finite=47089
  [52960/100000]  elapsed=48689s  rate=1.1/s  eta=43247s  finite=47099
  [warn] sample 5 failed: 
  [52970/100000]  elapsed=48698s  rate=1.1/s  eta=43237s  finite=47107
  [52980/100000]  elapsed=48707s  rate=1.1/s  eta=43228s  finite=47117
  [52990/100000]  elapsed=48717s  rate=1.1/s  eta=43219s  finite=47125
  [53000/100000]  elapsed=48727s  rate=1.1/s  eta=43210s  finite=47134
  -> checkpoint saved: /scratch/e1498138/lhs/lhs_noise2_paris1_checkpoints/lhs_noise2_paris1_ckpt_053000.pkl
  [53010/100000]  elapsed=48736s  rate=1.1/s  eta=43201s  finite=47144
  [warn] sample 3 failed: 
  [53020/100000]  elapsed=48745s  rate=1.1/s  eta=43192s  finite=47151
  [warn] sample 9 failed: 
  [53030/100000]  elapsed=48753s  rate=1.1/s  eta=43182s  finite=47160
  [53040/100000]  elapsed=48763s  rate=1.1/s  eta=43173s  finite=47167
  [53050/100000]  elapsed=48772s  rate=1.1/s  eta=43164s  finite=47176
  [53060/100000]  elapsed=48782s  rate=1.1/s  eta=43155s  finite=47186
  [53070/100000]  elapsed=48791s  rate=1.1/s  eta=43146s  finite=47195
  [warn] sample 5 failed: 
  [53080/100000]  elapsed=48800s  rate=1.1/s  eta=43137s  finite=47202
  [53090/100000]  elapsed=48810s  rate=1.1/s  eta=43128s  finite=47211
  [53100/100000]  elapsed=48819s  rate=1.1/s  eta=43119s  finite=47220
  -> checkpoint saved: /scratch/e1498138/lhs/lhs_noise2_paris1_checkpoints/lhs_noise2_paris1_ckpt_053100.pkl
  [53110/100000]  elapsed=48829s  rate=1.1/s  eta=43110s  finite=47229
  [53120/100000]  elapsed=48839s  rate=1.1/s  eta=43101s  finite=47238
  [53130/100000]  elapsed=48848s  rate=1.1/s  eta=43092s  finite=47248
  [53140/100000]  elapsed=48857s  rate=1.1/s  eta=43084s  finite=47256
  [warn] sample 8 failed: 
  [53150/100000]  elapsed=48866s  rate=1.1/s  eta=43074s  finite=47264
  [53160/100000]  elapsed=48876s  rate=1.1/s  eta=43065s  finite=47272
  [53170/100000]  elapsed=48885s  rate=1.1/s  eta=43056s  finite=47282
  [53180/100000]  elapsed=48895s  rate=1.1/s  eta=43047s  finite=47292
  [53190/100000]  elapsed=48904s  rate=1.1/s  eta=43038s  finite=47300
  [warn] sample 9 failed: 
  [53200/100000]  elapsed=48913s  rate=1.1/s  eta=43029s  finite=47309
  -> checkpoint saved: /scratch/e1498138/lhs/lhs_noise2_paris1_checkpoints/lhs_noise2_paris1_ckpt_053200.pkl
  [53210/100000]  elapsed=48923s  rate=1.1/s  eta=43020s  finite=47319
  [53220/100000]  elapsed=48932s  rate=1.1/s  eta=43011s  finite=47328
  [53230/100000]  elapsed=48941s  rate=1.1/s  eta=43002s  finite=47338
  [53240/100000]  elapsed=48951s  rate=1.1/s  eta=42993s  finite=47346
  [warn] sample 0 failed: 
  [warn] sample 1 failed: 
  [53250/100000]  elapsed=48959s  rate=1.1/s  eta=42983s  finite=47354
  [warn] sample 1 failed: 
  [53260/100000]  elapsed=48968s  rate=1.1/s  eta=42973s  finite=47362
  [53270/100000]  elapsed=48977s  rate=1.1/s  eta=42964s  finite=47371
  [warn] sample 1 failed: 
  [53280/100000]  elapsed=48986s  rate=1.1/s  eta=42955s  finite=47380
  [53290/100000]  elapsed=48995s  rate=1.1/s  eta=42946s  finite=47389
  [warn] sample 0 failed: 
  [warn] sample 5 failed: 
  [53300/100000]  elapsed=49003s  rate=1.1/s  eta=42935s  finite=47396
  -> checkpoint saved: /scratch/e1498138/lhs/lhs_noise2_paris1_checkpoints/lhs_noise2_paris1_ckpt_053300.pkl
  [warn] sample 0 failed: 
  [warn] sample 9 failed: 
  [53310/100000]  elapsed=49011s  rate=1.1/s  eta=42925s  finite=47404
  [warn] sample 8 failed: 
  [53320/100000]  elapsed=49020s  rate=1.1/s  eta=42915s  finite=47413
  [53330/100000]  elapsed=49029s  rate=1.1/s  eta=42906s  finite=47423
  [53340/100000]  elapsed=49039s  rate=1.1/s  eta=42897s  finite=47430
  [warn] sample 2 failed: 
  [warn] sample 3 failed: 
  [53350/100000]  elapsed=49047s  rate=1.1/s  eta=42887s  finite=47438
  [53360/100000]  elapsed=49056s  rate=1.1/s  eta=42878s  finite=47448
  [53370/100000]  elapsed=49066s  rate=1.1/s  eta=42869s  finite=47454
  [53380/100000]  elapsed=49075s  rate=1.1/s  eta=42860s  finite=47464
  [53390/100000]  elapsed=49085s  rate=1.1/s  eta=42852s  finite=47472
  [53400/100000]  elapsed=49094s  rate=1.1/s  eta=42843s  finite=47480
  -> checkpoint saved: /scratch/e1498138/lhs/lhs_noise2_paris1_checkpoints/lhs_noise2_paris1_ckpt_053400.pkl
  [53410/100000]  elapsed=49104s  rate=1.1/s  eta=42834s  finite=47490
  [warn] sample 9 failed: 
  [53420/100000]  elapsed=49112s  rate=1.1/s  eta=42824s  finite=47499
  [warn] sample 3 failed: 
  [53430/100000]  elapsed=49121s  rate=1.1/s  eta=42814s  finite=47507
  [53440/100000]  elapsed=49131s  rate=1.1/s  eta=42805s  finite=47516
  [warn] sample 8 failed: 
  [53450/100000]  elapsed=49139s  rate=1.1/s  eta=42796s  finite=47524
  [53460/100000]  elapsed=49149s  rate=1.1/s  eta=42787s  finite=47532
  [53470/100000]  elapsed=49158s  rate=1.1/s  eta=42778s  finite=47542
  [53480/100000]  elapsed=49168s  rate=1.1/s  eta=42769s  finite=47552
  [53490/100000]  elapsed=49178s  rate=1.1/s  eta=42760s  finite=47562
  [53500/100000]  elapsed=49187s  rate=1.1/s  eta=42751s  finite=47572
  -> checkpoint saved: /scratch/e1498138/lhs/lhs_noise2_paris1_checkpoints/lhs_noise2_paris1_ckpt_053500.pkl
  [warn] sample 1 failed: 
  [53510/100000]  elapsed=49196s  rate=1.1/s  eta=42742s  finite=47579
  [53520/100000]  elapsed=49206s  rate=1.1/s  eta=42733s  finite=47589
  [53530/100000]  elapsed=49215s  rate=1.1/s  eta=42724s  finite=47599
  [warn] sample 9 failed: 
  [53540/100000]  elapsed=49224s  rate=1.1/s  eta=42715s  finite=47607
  [53550/100000]  elapsed=49233s  rate=1.1/s  eta=42706s  finite=47616
  [warn] sample 7 failed: 
  [53560/100000]  elapsed=49242s  rate=1.1/s  eta=42696s  finite=47624
  [53570/100000]  elapsed=49251s  rate=1.1/s  eta=42687s  finite=47634
  [53580/100000]  elapsed=49261s  rate=1.1/s  eta=42678s  finite=47644
  [53590/100000]  elapsed=49270s  rate=1.1/s  eta=42669s  finite=47654
  [53600/100000]  elapsed=49280s  rate=1.1/s  eta=42660s  finite=47664
  -> checkpoint saved: /scratch/e1498138/lhs/lhs_noise2_paris1_checkpoints/lhs_noise2_paris1_ckpt_053600.pkl
  [53610/100000]  elapsed=49290s  rate=1.1/s  eta=42651s  finite=47674
  [warn] sample 0 failed: 
  [53620/100000]  elapsed=49298s  rate=1.1/s  eta=42642s  finite=47683
  [53630/100000]  elapsed=49308s  rate=1.1/s  eta=42633s  finite=47692
  [53640/100000]  elapsed=49317s  rate=1.1/s  eta=42624s  finite=47702
  [53650/100000]  elapsed=49327s  rate=1.1/s  eta=42615s  finite=47711
  [53660/100000]  elapsed=49336s  rate=1.1/s  eta=42606s  finite=47720
  [warn] sample 9 failed: 
  [53670/100000]  elapsed=49345s  rate=1.1/s  eta=42597s  finite=47728
  [53680/100000]  elapsed=49355s  rate=1.1/s  eta=42588s  finite=47737
  [warn] sample 6 failed: 
  [53690/100000]  elapsed=49363s  rate=1.1/s  eta=42578s  finite=47746
  [warn] sample 5 failed: 
  [53700/100000]  elapsed=49372s  rate=1.1/s  eta=42568s  finite=47754
  -> checkpoint saved: /scratch/e1498138/lhs/lhs_noise2_paris1_checkpoints/lhs_noise2_paris1_ckpt_053700.pkl
  [warn] sample 2 failed: 
  [warn] sample 7 failed: 
  [53710/100000]  elapsed=49380s  rate=1.1/s  eta=42558s  finite=47761
  [warn] sample 2 failed: 
  [53720/100000]  elapsed=49389s  rate=1.1/s  eta=42549s  finite=47768
  [53730/100000]  elapsed=49398s  rate=1.1/s  eta=42540s  finite=47777
  [warn] sample 6 failed: 
  [53740/100000]  elapsed=49407s  rate=1.1/s  eta=42530s  finite=47786
  [53750/100000]  elapsed=49416s  rate=1.1/s  eta=42521s  finite=47794
  [warn] sample 6 failed: 
  [warn] sample 8 failed: 
  [53760/100000]  elapsed=49424s  rate=1.1/s  eta=42511s  finite=47801
  [warn] sample 1 failed: 
  [53770/100000]  elapsed=49433s  rate=1.1/s  eta=42501s  finite=47810
  [53780/100000]  elapsed=49443s  rate=1.1/s  eta=42492s  finite=47820
  [53790/100000]  elapsed=49452s  rate=1.1/s  eta=42483s  finite=47829
  [53800/100000]  elapsed=49462s  rate=1.1/s  eta=42475s  finite=47837
  -> checkpoint saved: /scratch/e1498138/lhs/lhs_noise2_paris1_checkpoints/lhs_noise2_paris1_ckpt_053800.pkl
  [53810/100000]  elapsed=49472s  rate=1.1/s  eta=42466s  finite=47847
  [53820/100000]  elapsed=49481s  rate=1.1/s  eta=42457s  finite=47856
  [53830/100000]  elapsed=49491s  rate=1.1/s  eta=42448s  finite=47865
  [53840/100000]  elapsed=49500s  rate=1.1/s  eta=42439s  finite=47874
  [warn] sample 9 failed: 
  [53850/100000]  elapsed=49509s  rate=1.1/s  eta=42429s  finite=47882
  [53860/100000]  elapsed=49518s  rate=1.1/s  eta=42421s  finite=47891
  [warn] sample 9 failed: 
  [53870/100000]  elapsed=49527s  rate=1.1/s  eta=42411s  finite=47899
  [warn] sample 1 failed: 
  [53880/100000]  elapsed=49536s  rate=1.1/s  eta=42401s  finite=47908
  [53890/100000]  elapsed=49545s  rate=1.1/s  eta=42392s  finite=47917
  [53900/100000]  elapsed=49555s  rate=1.1/s  eta=42384s  finite=47926
  -> checkpoint saved: /scratch/e1498138/lhs/lhs_noise2_paris1_checkpoints/lhs_noise2_paris1_ckpt_053900.pkl
  [warn] sample 3 failed: 
  [53910/100000]  elapsed=49564s  rate=1.1/s  eta=42374s  finite=47935
  [53920/100000]  elapsed=49573s  rate=1.1/s  eta=42365s  finite=47944
  [warn] sample 7 failed: 
  [53930/100000]  elapsed=49582s  rate=1.1/s  eta=42355s  finite=47953
  [warn] sample 9 failed: 
  [53940/100000]  elapsed=49590s  rate=1.1/s  eta=42346s  finite=47960
  [53950/100000]  elapsed=49600s  rate=1.1/s  eta=42337s  finite=47969
  [warn] sample 6 failed: 
  [53960/100000]  elapsed=49609s  rate=1.1/s  eta=42327s  finite=47978
  [53970/100000]  elapsed=49618s  rate=1.1/s  eta=42318s  finite=47986
  [53980/100000]  elapsed=49628s  rate=1.1/s  eta=42309s  finite=47996
  [53990/100000]  elapsed=49637s  rate=1.1/s  eta=42301s  finite=48005
  [54000/100000]  elapsed=49647s  rate=1.1/s  eta=42292s  finite=48014
  -> checkpoint saved: /scratch/e1498138/lhs/lhs_noise2_paris1_checkpoints/lhs_noise2_paris1_ckpt_054000.pkl
  [warn] sample 4 failed: 
  [warn] sample 6 failed: 
  [54010/100000]  elapsed=49655s  rate=1.1/s  eta=42282s  finite=48021
  [54020/100000]  elapsed=49665s  rate=1.1/s  eta=42273s  finite=48031
  [warn] sample 9 failed: 
  [54030/100000]  elapsed=49673s  rate=1.1/s  eta=42263s  finite=48039
  [54040/100000]  elapsed=49683s  rate=1.1/s  eta=42254s  finite=48049
  [54050/100000]  elapsed=49693s  rate=1.1/s  eta=42246s  finite=48058
  [54060/100000]  elapsed=49702s  rate=1.1/s  eta=42236s  finite=48067
  [warn] sample 6 failed: 
  [54070/100000]  elapsed=49711s  rate=1.1/s  eta=42227s  finite=48075
  [54080/100000]  elapsed=49720s  rate=1.1/s  eta=42218s  finite=48085
  [54090/100000]  elapsed=49730s  rate=1.1/s  eta=42209s  finite=48094
  [54100/100000]  elapsed=49739s  rate=1.1/s  eta=42200s  finite=48104
  -> checkpoint saved: /scratch/e1498138/lhs/lhs_noise2_paris1_checkpoints/lhs_noise2_paris1_ckpt_054100.pkl
  [54110/100000]  elapsed=49749s  rate=1.1/s  eta=42191s  finite=48113
  [54120/100000]  elapsed=49758s  rate=1.1/s  eta=42182s  finite=48122
  [54130/100000]  elapsed=49768s  rate=1.1/s  eta=42174s  finite=48131
  [warn] sample 4 failed: 
  [warn] sample 8 failed: 
  [54140/100000]  elapsed=49776s  rate=1.1/s  eta=42163s  finite=48139
  [54150/100000]  elapsed=49785s  rate=1.1/s  eta=42154s  finite=48145
  [54160/100000]  elapsed=49795s  rate=1.1/s  eta=42145s  finite=48155
  [warn] sample 9 failed: 
  [54170/100000]  elapsed=49803s  rate=1.1/s  eta=42136s  finite=48164
  [54180/100000]  elapsed=49813s  rate=1.1/s  eta=42127s  finite=48174
  [warn] sample 9 failed: 
  [54190/100000]  elapsed=49821s  rate=1.1/s  eta=42117s  finite=48183
  [54200/100000]  elapsed=49831s  rate=1.1/s  eta=42108s  finite=48192
  -> checkpoint saved: /scratch/e1498138/lhs/lhs_noise2_paris1_checkpoints/lhs_noise2_paris1_ckpt_054200.pkl
  [54210/100000]  elapsed=49840s  rate=1.1/s  eta=42099s  finite=48201
  [54220/100000]  elapsed=49850s  rate=1.1/s  eta=42090s  finite=48211
  [warn] sample 8 failed: 
  [54230/100000]  elapsed=49859s  rate=1.1/s  eta=42081s  finite=48220
  [54240/100000]  elapsed=49868s  rate=1.1/s  eta=42072s  finite=48228
  [54250/100000]  elapsed=49878s  rate=1.1/s  eta=42063s  finite=48237
  [54260/100000]  elapsed=49887s  rate=1.1/s  eta=42054s  finite=48246
  [54270/100000]  elapsed=49896s  rate=1.1/s  eta=42045s  finite=48256
  [54280/100000]  elapsed=49906s  rate=1.1/s  eta=42036s  finite=48265
  [54290/100000]  elapsed=49916s  rate=1.1/s  eta=42027s  finite=48275
  [54300/100000]  elapsed=49925s  rate=1.1/s  eta=42018s  finite=48285
  -> checkpoint saved: /scratch/e1498138/lhs/lhs_noise2_paris1_checkpoints/lhs_noise2_paris1_ckpt_054300.pkl
  [warn] sample 5 failed: 
  [warn] sample 6 failed: 
  [54310/100000]  elapsed=49933s  rate=1.1/s  eta=42008s  finite=48293
  [54320/100000]  elapsed=49943s  rate=1.1/s  eta=41999s  finite=48302
  [warn] sample 9 failed: 
  [54330/100000]  elapsed=49952s  rate=1.1/s  eta=41989s  finite=48309
  [warn] sample 6 failed: 
  [54340/100000]  elapsed=49960s  rate=1.1/s  eta=41980s  finite=48316
  [warn] sample 7 failed: 
  [54350/100000]  elapsed=49969s  rate=1.1/s  eta=41970s  finite=48325
  [warn] sample 2 failed: 
  [54360/100000]  elapsed=49978s  rate=1.1/s  eta=41961s  finite=48334
  [warn] sample 9 failed: 
  [54370/100000]  elapsed=49987s  rate=1.1/s  eta=41951s  finite=48343
  [54380/100000]  elapsed=49996s  rate=1.1/s  eta=41942s  finite=48353
  [54390/100000]  elapsed=50006s  rate=1.1/s  eta=41933s  finite=48363
  [54400/100000]  elapsed=50015s  rate=1.1/s  eta=41925s  finite=48372
  -> checkpoint saved: /scratch/e1498138/lhs/lhs_noise2_paris1_checkpoints/lhs_noise2_paris1_ckpt_054400.pkl
  [54410/100000]  elapsed=50025s  rate=1.1/s  eta=41916s  finite=48382
  [54420/100000]  elapsed=50034s  rate=1.1/s  eta=41906s  finite=48392
  [warn] sample 0 failed: 
  [54430/100000]  elapsed=50043s  rate=1.1/s  eta=41897s  finite=48399
  [warn] sample 0 failed: 
  [54440/100000]  elapsed=50051s  rate=1.1/s  eta=41887s  finite=48408
  [54450/100000]  elapsed=50061s  rate=1.1/s  eta=41878s  finite=48418
  [54460/100000]  elapsed=50071s  rate=1.1/s  eta=41869s  finite=48427
  [54470/100000]  elapsed=50080s  rate=1.1/s  eta=41861s  finite=48435
  [54480/100000]  elapsed=50089s  rate=1.1/s  eta=41852s  finite=48442
  [54490/100000]  elapsed=50099s  rate=1.1/s  eta=41843s  finite=48449
  [54500/100000]  elapsed=50108s  rate=1.1/s  eta=41834s  finite=48459
  -> checkpoint saved: /scratch/e1498138/lhs/lhs_noise2_paris1_checkpoints/lhs_noise2_paris1_ckpt_054500.pkl
  [54510/100000]  elapsed=50118s  rate=1.1/s  eta=41825s  finite=48467
  [warn] sample 6 failed: 
  [54520/100000]  elapsed=50127s  rate=1.1/s  eta=41815s  finite=48475
  [54530/100000]  elapsed=50136s  rate=1.1/s  eta=41806s  finite=48485
  [54540/100000]  elapsed=50146s  rate=1.1/s  eta=41797s  finite=48494
  [54550/100000]  elapsed=50155s  rate=1.1/s  eta=41788s  finite=48503
  [54560/100000]  elapsed=50165s  rate=1.1/s  eta=41780s  finite=48513
  [warn] sample 2 failed: 
  [54570/100000]  elapsed=50173s  rate=1.1/s  eta=41770s  finite=48521
  [54580/100000]  elapsed=50183s  rate=1.1/s  eta=41761s  finite=48530
  [54590/100000]  elapsed=50193s  rate=1.1/s  eta=41752s  finite=48540
  [warn] sample 7 failed: 
  [54600/100000]  elapsed=50201s  rate=1.1/s  eta=41742s  finite=48548
  -> checkpoint saved: /scratch/e1498138/lhs/lhs_noise2_paris1_checkpoints/lhs_noise2_paris1_ckpt_054600.pkl
  [54610/100000]  elapsed=50211s  rate=1.1/s  eta=41734s  finite=48557
  [54620/100000]  elapsed=50220s  rate=1.1/s  eta=41725s  finite=48565
  [54630/100000]  elapsed=50230s  rate=1.1/s  eta=41716s  finite=48574
  [54640/100000]  elapsed=50239s  rate=1.1/s  eta=41707s  finite=48584
  [54650/100000]  elapsed=50249s  rate=1.1/s  eta=41698s  finite=48594
  [54660/100000]  elapsed=50259s  rate=1.1/s  eta=41689s  finite=48603
  [warn] sample 1 failed: 
  [warn] sample 7 failed: 
  [warn] sample 9 failed: 
  [54670/100000]  elapsed=50265s  rate=1.1/s  eta=41678s  finite=48608
  [warn] sample 9 failed: 
  [54680/100000]  elapsed=50274s  rate=1.1/s  eta=41668s  finite=48617
  [54690/100000]  elapsed=50284s  rate=1.1/s  eta=41659s  finite=48625
  [warn] sample 7 failed: 
  [54700/100000]  elapsed=50292s  rate=1.1/s  eta=41650s  finite=48633
  -> checkpoint saved: /scratch/e1498138/lhs/lhs_noise2_paris1_checkpoints/lhs_noise2_paris1_ckpt_054700.pkl
  [54710/100000]  elapsed=50302s  rate=1.1/s  eta=41641s  finite=48643
  [warn] sample 7 failed: 
  [54720/100000]  elapsed=50311s  rate=1.1/s  eta=41631s  finite=48652
  [54730/100000]  elapsed=50320s  rate=1.1/s  eta=41622s  finite=48662
  [54740/100000]  elapsed=50330s  rate=1.1/s  eta=41614s  finite=48672
  [54750/100000]  elapsed=50339s  rate=1.1/s  eta=41605s  finite=48681
  [warn] sample 4 failed: 
  [54760/100000]  elapsed=50348s  rate=1.1/s  eta=41595s  finite=48690
  [54770/100000]  elapsed=50358s  rate=1.1/s  eta=41586s  finite=48699
  [warn] sample 7 failed: 
  [54780/100000]  elapsed=50366s  rate=1.1/s  eta=41577s  finite=48708
  [54790/100000]  elapsed=50376s  rate=1.1/s  eta=41568s  finite=48716
  [warn] sample 1 failed: 
  [54800/100000]  elapsed=50385s  rate=1.1/s  eta=41558s  finite=48725
  -> checkpoint saved: /scratch/e1498138/lhs/lhs_noise2_paris1_checkpoints/lhs_noise2_paris1_ckpt_054800.pkl
  [54810/100000]  elapsed=50394s  rate=1.1/s  eta=41549s  finite=48735
  [54820/100000]  elapsed=50404s  rate=1.1/s  eta=41540s  finite=48743
  [54830/100000]  elapsed=50414s  rate=1.1/s  eta=41532s  finite=48752
  [54840/100000]  elapsed=50423s  rate=1.1/s  eta=41523s  finite=48761
  [54850/100000]  elapsed=50433s  rate=1.1/s  eta=41514s  finite=48771
  [warn] sample 2 failed: 
  [54860/100000]  elapsed=50441s  rate=1.1/s  eta=41504s  finite=48780
  [54870/100000]  elapsed=50451s  rate=1.1/s  eta=41495s  finite=48788
  [54880/100000]  elapsed=50460s  rate=1.1/s  eta=41486s  finite=48797
  [54890/100000]  elapsed=50469s  rate=1.1/s  eta=41477s  finite=48805
  [54900/100000]  elapsed=50479s  rate=1.1/s  eta=41468s  finite=48814
  -> checkpoint saved: /scratch/e1498138/lhs/lhs_noise2_paris1_checkpoints/lhs_noise2_paris1_ckpt_054900.pkl
  [warn] sample 3 failed: 
  [warn] sample 6 failed: 
  [54910/100000]  elapsed=50487s  rate=1.1/s  eta=41458s  finite=48821
  [warn] sample 3 failed: 
  [54920/100000]  elapsed=50496s  rate=1.1/s  eta=41448s  finite=48830
  [54930/100000]  elapsed=50505s  rate=1.1/s  eta=41439s  finite=48840
  [warn] sample 3 failed: 
  [54940/100000]  elapsed=50514s  rate=1.1/s  eta=41430s  finite=48846
  [54950/100000]  elapsed=50523s  rate=1.1/s  eta=41421s  finite=48856
  [54960/100000]  elapsed=50533s  rate=1.1/s  eta=41412s  finite=48864
  [warn] sample 5 failed: 
  [warn] sample 7 failed: 
  [54970/100000]  elapsed=50541s  rate=1.1/s  eta=41402s  finite=48872
  [54980/100000]  elapsed=50550s  rate=1.1/s  eta=41393s  finite=48882
  [warn] sample 3 failed: 
  [54990/100000]  elapsed=50559s  rate=1.1/s  eta=41383s  finite=48891
  [55000/100000]  elapsed=50569s  rate=1.1/s  eta=41374s  finite=48900
  -> checkpoint saved: /scratch/e1498138/lhs/lhs_noise2_paris1_checkpoints/lhs_noise2_paris1_ckpt_055000.pkl
  [55010/100000]  elapsed=50578s  rate=1.1/s  eta=41366s  finite=48909
  [warn] sample 3 failed: 
  [55020/100000]  elapsed=50587s  rate=1.1/s  eta=41356s  finite=48917
  [55030/100000]  elapsed=50597s  rate=1.1/s  eta=41347s  finite=48927
  [warn] sample 2 failed: 
  [warn] sample 5 failed: 
  [55040/100000]  elapsed=50605s  rate=1.1/s  eta=41337s  finite=48935
  [warn] sample 3 failed: 
  [55050/100000]  elapsed=50613s  rate=1.1/s  eta=41327s  finite=48944
  [55060/100000]  elapsed=50623s  rate=1.1/s  eta=41318s  finite=48952
  [55070/100000]  elapsed=50632s  rate=1.1/s  eta=41310s  finite=48962
  [55080/100000]  elapsed=50642s  rate=1.1/s  eta=41301s  finite=48969
  [warn] sample 0 failed: 
  [warn] sample 9 failed: 
  [55090/100000]  elapsed=50650s  rate=1.1/s  eta=41290s  finite=48977
  [warn] sample 1 failed: 
  [warn] sample 8 failed: 
  [55100/100000]  elapsed=50658s  rate=1.1/s  eta=41280s  finite=48984
  -> checkpoint saved: /scratch/e1498138/lhs/lhs_noise2_paris1_checkpoints/lhs_noise2_paris1_ckpt_055100.pkl
  [55110/100000]  elapsed=50667s  rate=1.1/s  eta=41271s  finite=48992
  [55120/100000]  elapsed=50677s  rate=1.1/s  eta=41262s  finite=49002
  [55130/100000]  elapsed=50686s  rate=1.1/s  eta=41253s  finite=49011
  [55140/100000]  elapsed=50696s  rate=1.1/s  eta=41244s  finite=49020
  [55150/100000]  elapsed=50705s  rate=1.1/s  eta=41235s  finite=49029
  [55160/100000]  elapsed=50715s  rate=1.1/s  eta=41226s  finite=49039
  [55170/100000]  elapsed=50724s  rate=1.1/s  eta=41217s  finite=49048
  [55180/100000]  elapsed=50734s  rate=1.1/s  eta=41208s  finite=49057
  [warn] sample 4 failed: 
  [55190/100000]  elapsed=50742s  rate=1.1/s  eta=41199s  finite=49063
  [55200/100000]  elapsed=50752s  rate=1.1/s  eta=41190s  finite=49071
  -> checkpoint saved: /scratch/e1498138/lhs/lhs_noise2_paris1_checkpoints/lhs_noise2_paris1_ckpt_055200.pkl
  [55210/100000]  elapsed=50762s  rate=1.1/s  eta=41181s  finite=49081
  [55220/100000]  elapsed=50771s  rate=1.1/s  eta=41172s  finite=49090
  [55230/100000]  elapsed=50780s  rate=1.1/s  eta=41163s  finite=49100
  [warn] sample 7 failed: 
  [55240/100000]  elapsed=50789s  rate=1.1/s  eta=41154s  finite=49108
  [55250/100000]  elapsed=50799s  rate=1.1/s  eta=41145s  finite=49118
  [warn] sample 8 failed: 
  [55260/100000]  elapsed=50807s  rate=1.1/s  eta=41135s  finite=49127
  [55270/100000]  elapsed=50817s  rate=1.1/s  eta=41126s  finite=49137
  [55280/100000]  elapsed=50826s  rate=1.1/s  eta=41117s  finite=49146
  [warn] sample 3 failed: 
  [warn] sample 5 failed: 
  [55290/100000]  elapsed=50834s  rate=1.1/s  eta=41107s  finite=49154
  [55300/100000]  elapsed=50844s  rate=1.1/s  eta=41098s  finite=49164
  -> checkpoint saved: /scratch/e1498138/lhs/lhs_noise2_paris1_checkpoints/lhs_noise2_paris1_ckpt_055300.pkl
  [55310/100000]  elapsed=50854s  rate=1.1/s  eta=41089s  finite=49174
  [warn] sample 0 failed: 
  [55320/100000]  elapsed=50862s  rate=1.1/s  eta=41080s  finite=49182
  [55330/100000]  elapsed=50872s  rate=1.1/s  eta=41071s  finite=49192
  [warn] sample 8 failed: 
  [55340/100000]  elapsed=50880s  rate=1.1/s  eta=41061s  finite=49201
  [warn] sample 5 failed: 
  [warn] sample 9 failed: 
  [55350/100000]  elapsed=50888s  rate=1.1/s  eta=41051s  finite=49208
  [warn] sample 7 failed: 
  [55360/100000]  elapsed=50897s  rate=1.1/s  eta=41041s  finite=49216
  [warn] sample 0 failed: 
  [55370/100000]  elapsed=50906s  rate=1.1/s  eta=41032s  finite=49225
  [warn] sample 4 failed: 
  [55380/100000]  elapsed=50915s  rate=1.1/s  eta=41022s  finite=49233
  [55390/100000]  elapsed=50924s  rate=1.1/s  eta=41013s  finite=49242
  [55400/100000]  elapsed=50934s  rate=1.1/s  eta=41005s  finite=49251
  -> checkpoint saved: /scratch/e1498138/lhs/lhs_noise2_paris1_checkpoints/lhs_noise2_paris1_ckpt_055400.pkl
  [55410/100000]  elapsed=50944s  rate=1.1/s  eta=40996s  finite=49260
  [55420/100000]  elapsed=50953s  rate=1.1/s  eta=40987s  finite=49266
  [warn] sample 6 failed: 
  [55430/100000]  elapsed=50962s  rate=1.1/s  eta=40977s  finite=49274
  [55440/100000]  elapsed=50971s  rate=1.1/s  eta=40968s  finite=49284
  [warn] sample 2 failed: 
  [55450/100000]  elapsed=50980s  rate=1.1/s  eta=40959s  finite=49292
  [55460/100000]  elapsed=50989s  rate=1.1/s  eta=40950s  finite=49301
  [55470/100000]  elapsed=50999s  rate=1.1/s  eta=40941s  finite=49311
  [warn] sample 8 failed: 
  [55480/100000]  elapsed=51008s  rate=1.1/s  eta=40931s  finite=49320
  [warn] sample 7 failed: 
  [55490/100000]  elapsed=51017s  rate=1.1/s  eta=40922s  finite=49329
  [55500/100000]  elapsed=51026s  rate=1.1/s  eta=40913s  finite=49339
  -> checkpoint saved: /scratch/e1498138/lhs/lhs_noise2_paris1_checkpoints/lhs_noise2_paris1_ckpt_055500.pkl
  [55510/100000]  elapsed=51036s  rate=1.1/s  eta=40904s  finite=49349
  [55520/100000]  elapsed=51046s  rate=1.1/s  eta=40895s  finite=49357
  [55530/100000]  elapsed=51055s  rate=1.1/s  eta=40886s  finite=49367
  [55540/100000]  elapsed=51065s  rate=1.1/s  eta=40877s  finite=49377
  [55550/100000]  elapsed=51074s  rate=1.1/s  eta=40869s  finite=49386
  [55560/100000]  elapsed=51084s  rate=1.1/s  eta=40860s  finite=49394
  [55570/100000]  elapsed=51093s  rate=1.1/s  eta=40851s  finite=49401
  [55580/100000]  elapsed=51103s  rate=1.1/s  eta=40842s  finite=49411
  [55590/100000]  elapsed=51113s  rate=1.1/s  eta=40833s  finite=49420
  [55600/100000]  elapsed=51122s  rate=1.1/s  eta=40824s  finite=49430
  -> checkpoint saved: /scratch/e1498138/lhs/lhs_noise2_paris1_checkpoints/lhs_noise2_paris1_ckpt_055600.pkl
  [55610/100000]  elapsed=51132s  rate=1.1/s  eta=40815s  finite=49439
  [55620/100000]  elapsed=51141s  rate=1.1/s  eta=40806s  finite=49449
  [55630/100000]  elapsed=51151s  rate=1.1/s  eta=40797s  finite=49459
  [55640/100000]  elapsed=51160s  rate=1.1/s  eta=40788s  finite=49469
  [55650/100000]  elapsed=51170s  rate=1.1/s  eta=40779s  finite=49477
  [warn] sample 4 failed: 
  [55660/100000]  elapsed=51179s  rate=1.1/s  eta=40770s  finite=49485
  [55670/100000]  elapsed=51188s  rate=1.1/s  eta=40761s  finite=49494
  [warn] sample 9 failed: 
  [55680/100000]  elapsed=51197s  rate=1.1/s  eta=40751s  finite=49503
  [55690/100000]  elapsed=51206s  rate=1.1/s  eta=40743s  finite=49513
  [warn] sample 1 failed: 
  [55700/100000]  elapsed=51215s  rate=1.1/s  eta=40733s  finite=49520
  -> checkpoint saved: /scratch/e1498138/lhs/lhs_noise2_paris1_checkpoints/lhs_noise2_paris1_ckpt_055700.pkl
  [warn] sample 6 failed: 
  [55710/100000]  elapsed=51224s  rate=1.1/s  eta=40723s  finite=49529
  [55720/100000]  elapsed=51233s  rate=1.1/s  eta=40714s  finite=49539
  [warn] sample 0 failed: 
  [55730/100000]  elapsed=51242s  rate=1.1/s  eta=40705s  finite=49546
  [55740/100000]  elapsed=51252s  rate=1.1/s  eta=40696s  finite=49556
  [warn] sample 2 failed: 
  [55750/100000]  elapsed=51260s  rate=1.1/s  eta=40686s  finite=49565
  [warn] sample 8 failed: 
  [55760/100000]  elapsed=51269s  rate=1.1/s  eta=40677s  finite=49572
  [55770/100000]  elapsed=51279s  rate=1.1/s  eta=40668s  finite=49581
  [55780/100000]  elapsed=51288s  rate=1.1/s  eta=40659s  finite=49591
  [55790/100000]  elapsed=51298s  rate=1.1/s  eta=40650s  finite=49600
  [warn] sample 5 failed: 
  [55800/100000]  elapsed=51307s  rate=1.1/s  eta=40641s  finite=49609
  -> checkpoint saved: /scratch/e1498138/lhs/lhs_noise2_paris1_checkpoints/lhs_noise2_paris1_ckpt_055800.pkl
  [55810/100000]  elapsed=51316s  rate=1.1/s  eta=40632s  finite=49619
  [warn] sample 9 failed: 
  [55820/100000]  elapsed=51325s  rate=1.1/s  eta=40622s  finite=49627
  [55830/100000]  elapsed=51334s  rate=1.1/s  eta=40613s  finite=49636
  [55840/100000]  elapsed=51344s  rate=1.1/s  eta=40604s  finite=49643
  [55850/100000]  elapsed=51353s  rate=1.1/s  eta=40595s  finite=49653
  [55860/100000]  elapsed=51363s  rate=1.1/s  eta=40587s  finite=49663
  [55870/100000]  elapsed=51373s  rate=1.1/s  eta=40578s  finite=49672
  [55880/100000]  elapsed=51382s  rate=1.1/s  eta=40569s  finite=49682
  [warn] sample 5 failed: 
  [55890/100000]  elapsed=51391s  rate=1.1/s  eta=40559s  finite=49691
  [55900/100000]  elapsed=51400s  rate=1.1/s  eta=40550s  finite=49700
  -> checkpoint saved: /scratch/e1498138/lhs/lhs_noise2_paris1_checkpoints/lhs_noise2_paris1_ckpt_055900.pkl
  [55910/100000]  elapsed=51409s  rate=1.1/s  eta=40541s  finite=49707
  [warn] sample 7 failed: 
  [55920/100000]  elapsed=51418s  rate=1.1/s  eta=40531s  finite=49716
  [warn] sample 4 failed: 
  [55930/100000]  elapsed=51427s  rate=1.1/s  eta=40522s  finite=49724
  [55940/100000]  elapsed=51436s  rate=1.1/s  eta=40513s  finite=49733
  [warn] sample 2 failed: 
  [55950/100000]  elapsed=51445s  rate=1.1/s  eta=40503s  finite=49741
  [warn] sample 2 failed: 
  [warn] sample 6 failed: 
  [55960/100000]  elapsed=51453s  rate=1.1/s  eta=40493s  finite=49749
  [55970/100000]  elapsed=51462s  rate=1.1/s  eta=40484s  finite=49757
  [55980/100000]  elapsed=51472s  rate=1.1/s  eta=40475s  finite=49766
  [55990/100000]  elapsed=51481s  rate=1.1/s  eta=40466s  finite=49776
  [56000/100000]  elapsed=51491s  rate=1.1/s  eta=40457s  finite=49785
  -> checkpoint saved: /scratch/e1498138/lhs/lhs_noise2_paris1_checkpoints/lhs_noise2_paris1_ckpt_056000.pkl
  [56010/100000]  elapsed=51500s  rate=1.1/s  eta=40448s  finite=49793
  [56020/100000]  elapsed=51510s  rate=1.1/s  eta=40439s  finite=49803
  [56030/100000]  elapsed=51520s  rate=1.1/s  eta=40430s  finite=49812
  [56040/100000]  elapsed=51529s  rate=1.1/s  eta=40422s  finite=49821
  [56050/100000]  elapsed=51539s  rate=1.1/s  eta=40413s  finite=49831
  [warn] sample 5 failed: 
  [56060/100000]  elapsed=51547s  rate=1.1/s  eta=40403s  finite=49838
  [56070/100000]  elapsed=51557s  rate=1.1/s  eta=40394s  finite=49847
  [56080/100000]  elapsed=51566s  rate=1.1/s  eta=40385s  finite=49855
  [56090/100000]  elapsed=51576s  rate=1.1/s  eta=40376s  finite=49865
  [56100/100000]  elapsed=51586s  rate=1.1/s  eta=40367s  finite=49875
  -> checkpoint saved: /scratch/e1498138/lhs/lhs_noise2_paris1_checkpoints/lhs_noise2_paris1_ckpt_056100.pkl
  [warn] sample 5 failed: 
  [56110/100000]  elapsed=51595s  rate=1.1/s  eta=40358s  finite=49883
  [warn] sample 7 failed: 
  [56120/100000]  elapsed=51603s  rate=1.1/s  eta=40348s  finite=49891
  [56130/100000]  elapsed=51613s  rate=1.1/s  eta=40339s  finite=49900
  [56140/100000]  elapsed=51622s  rate=1.1/s  eta=40331s  finite=49910
  [56150/100000]  elapsed=51632s  rate=1.1/s  eta=40322s  finite=49919
  [56160/100000]  elapsed=51642s  rate=1.1/s  eta=40313s  finite=49927
  [56170/100000]  elapsed=51651s  rate=1.1/s  eta=40304s  finite=49937
  [56180/100000]  elapsed=51661s  rate=1.1/s  eta=40295s  finite=49946
  [warn] sample 8 failed: 
  [56190/100000]  elapsed=51669s  rate=1.1/s  eta=40285s  finite=49954
  [56200/100000]  elapsed=51679s  rate=1.1/s  eta=40276s  finite=49964
  -> checkpoint saved: /scratch/e1498138/lhs/lhs_noise2_paris1_checkpoints/lhs_noise2_paris1_ckpt_056200.pkl
  [warn] sample 4 failed: 
  [warn] sample 5 failed: 
  [56210/100000]  elapsed=51687s  rate=1.1/s  eta=40266s  finite=49972
  [56220/100000]  elapsed=51696s  rate=1.1/s  eta=40257s  finite=49981
  [56230/100000]  elapsed=51706s  rate=1.1/s  eta=40248s  finite=49991
  [warn] sample 9 failed: 
  [56240/100000]  elapsed=51714s  rate=1.1/s  eta=40239s  finite=49999
  [56250/100000]  elapsed=51724s  rate=1.1/s  eta=40230s  finite=50009
  [warn] sample 3 failed: 
  [56260/100000]  elapsed=51732s  rate=1.1/s  eta=40220s  finite=50017
  [warn] sample 2 failed: 
  [warn] sample 3 failed: 
  [56270/100000]  elapsed=51740s  rate=1.1/s  eta=40210s  finite=50025
  [warn] sample 3 failed: 
  [56280/100000]  elapsed=51749s  rate=1.1/s  eta=40200s  finite=50034
  [warn] sample 1 failed: 
  [56290/100000]  elapsed=51757s  rate=1.1/s  eta=40190s  finite=50041
  [56300/100000]  elapsed=51767s  rate=1.1/s  eta=40181s  finite=50051
  -> checkpoint saved: /scratch/e1498138/lhs/lhs_noise2_paris1_checkpoints/lhs_noise2_paris1_ckpt_056300.pkl
  [56310/100000]  elapsed=51777s  rate=1.1/s  eta=40173s  finite=50059
  [56320/100000]  elapsed=51786s  rate=1.1/s  eta=40164s  finite=50068
  [56330/100000]  elapsed=51796s  rate=1.1/s  eta=40155s  finite=50078
  [56340/100000]  elapsed=51805s  rate=1.1/s  eta=40146s  finite=50087
  [56350/100000]  elapsed=51815s  rate=1.1/s  eta=40137s  finite=50096
  [56360/100000]  elapsed=51825s  rate=1.1/s  eta=40128s  finite=50106
  [56370/100000]  elapsed=51834s  rate=1.1/s  eta=40119s  finite=50116
  [56380/100000]  elapsed=51844s  rate=1.1/s  eta=40110s  finite=50126
  [56390/100000]  elapsed=51853s  rate=1.1/s  eta=40101s  finite=50135
  [56400/100000]  elapsed=51863s  rate=1.1/s  eta=40093s  finite=50144
  -> checkpoint saved: /scratch/e1498138/lhs/lhs_noise2_paris1_checkpoints/lhs_noise2_paris1_ckpt_056400.pkl
  [56410/100000]  elapsed=51872s  rate=1.1/s  eta=40084s  finite=50154
  [56420/100000]  elapsed=51882s  rate=1.1/s  eta=40075s  finite=50163
  [56430/100000]  elapsed=51891s  rate=1.1/s  eta=40066s  finite=50173
  [56440/100000]  elapsed=51901s  rate=1.1/s  eta=40057s  finite=50182
  [56450/100000]  elapsed=51911s  rate=1.1/s  eta=40048s  finite=50192
  [56460/100000]  elapsed=51920s  rate=1.1/s  eta=40039s  finite=50202
  [56470/100000]  elapsed=51930s  rate=1.1/s  eta=40030s  finite=50212
  [56480/100000]  elapsed=51939s  rate=1.1/s  eta=40021s  finite=50221
  [56490/100000]  elapsed=51949s  rate=1.1/s  eta=40012s  finite=50231
  [56500/100000]  elapsed=51958s  rate=1.1/s  eta=40003s  finite=50241
  -> checkpoint saved: /scratch/e1498138/lhs/lhs_noise2_paris1_checkpoints/lhs_noise2_paris1_ckpt_056500.pkl
  [56510/100000]  elapsed=51968s  rate=1.1/s  eta=39994s  finite=50250
  [warn] sample 9 failed: 
  [56520/100000]  elapsed=51976s  rate=1.1/s  eta=39985s  finite=50259
  [56530/100000]  elapsed=51986s  rate=1.1/s  eta=39976s  finite=50269
  [56540/100000]  elapsed=51995s  rate=1.1/s  eta=39967s  finite=50279
  [56550/100000]  elapsed=52005s  rate=1.1/s  eta=39958s  finite=50288
  [warn] sample 8 failed: 
  [56560/100000]  elapsed=52013s  rate=1.1/s  eta=39948s  finite=50297
  [56570/100000]  elapsed=52023s  rate=1.1/s  eta=39939s  finite=50306
  [56580/100000]  elapsed=52032s  rate=1.1/s  eta=39930s  finite=50316
  [56590/100000]  elapsed=52042s  rate=1.1/s  eta=39921s  finite=50326
  [56600/100000]  elapsed=52051s  rate=1.1/s  eta=39912s  finite=50336
  -> checkpoint saved: /scratch/e1498138/lhs/lhs_noise2_paris1_checkpoints/lhs_noise2_paris1_ckpt_056600.pkl
  [warn] sample 8 failed: 
  [56610/100000]  elapsed=52060s  rate=1.1/s  eta=39903s  finite=50343
  [56620/100000]  elapsed=52070s  rate=1.1/s  eta=39894s  finite=50353
  [56630/100000]  elapsed=52079s  rate=1.1/s  eta=39885s  finite=50362
  [warn] sample 1 failed: 
  [56640/100000]  elapsed=52088s  rate=1.1/s  eta=39875s  finite=50370
  [56650/100000]  elapsed=52097s  rate=1.1/s  eta=39866s  finite=50380
  [warn] sample 3 failed: 
  [56660/100000]  elapsed=52106s  rate=1.1/s  eta=39856s  finite=50389
  [56670/100000]  elapsed=52115s  rate=1.1/s  eta=39848s  finite=50398
  [warn] sample 3 failed: 
  [warn] sample 6 failed: 
  [56680/100000]  elapsed=52123s  rate=1.1/s  eta=39837s  finite=50405
  [56690/100000]  elapsed=52133s  rate=1.1/s  eta=39828s  finite=50415
  [56700/100000]  elapsed=52142s  rate=1.1/s  eta=39819s  finite=50424
  -> checkpoint saved: /scratch/e1498138/lhs/lhs_noise2_paris1_checkpoints/lhs_noise2_paris1_ckpt_056700.pkl
  [56710/100000]  elapsed=52152s  rate=1.1/s  eta=39810s  finite=50433
  [56720/100000]  elapsed=52161s  rate=1.1/s  eta=39801s  finite=50443
  [56730/100000]  elapsed=52171s  rate=1.1/s  eta=39792s  finite=50452
  [56740/100000]  elapsed=52180s  rate=1.1/s  eta=39783s  finite=50462
  [56750/100000]  elapsed=52190s  rate=1.1/s  eta=39775s  finite=50472
  [56760/100000]  elapsed=52199s  rate=1.1/s  eta=39766s  finite=50482
  [56770/100000]  elapsed=52209s  rate=1.1/s  eta=39757s  finite=50491
  [warn] sample 2 failed: 
  [56780/100000]  elapsed=52218s  rate=1.1/s  eta=39747s  finite=50498
  [warn] sample 9 failed: 
  [56790/100000]  elapsed=52226s  rate=1.1/s  eta=39738s  finite=50507
  [56800/100000]  elapsed=52236s  rate=1.1/s  eta=39729s  finite=50516
  -> checkpoint saved: /scratch/e1498138/lhs/lhs_noise2_paris1_checkpoints/lhs_noise2_paris1_ckpt_056800.pkl
  [56810/100000]  elapsed=52245s  rate=1.1/s  eta=39720s  finite=50525
  [56820/100000]  elapsed=52255s  rate=1.1/s  eta=39711s  finite=50535
  [56830/100000]  elapsed=52265s  rate=1.1/s  eta=39702s  finite=50545
  [56840/100000]  elapsed=52274s  rate=1.1/s  eta=39693s  finite=50555
  [warn] sample 9 failed: 
  [56850/100000]  elapsed=52283s  rate=1.1/s  eta=39683s  finite=50562
  [56860/100000]  elapsed=52292s  rate=1.1/s  eta=39675s  finite=50570
  [56870/100000]  elapsed=52302s  rate=1.1/s  eta=39666s  finite=50579
  [56880/100000]  elapsed=52311s  rate=1.1/s  eta=39657s  finite=50588
  [56890/100000]  elapsed=52321s  rate=1.1/s  eta=39648s  finite=50598
  [warn] sample 0 failed: 
  [warn] sample 8 failed: 
  [56900/100000]  elapsed=52329s  rate=1.1/s  eta=39637s  finite=50606
  -> checkpoint saved: /scratch/e1498138/lhs/lhs_noise2_paris1_checkpoints/lhs_noise2_paris1_ckpt_056900.pkl
  [warn] sample 1 failed: 
  [56910/100000]  elapsed=52338s  rate=1.1/s  eta=39628s  finite=50615
  [56920/100000]  elapsed=52347s  rate=1.1/s  eta=39619s  finite=50625
  [warn] sample 2 failed: 
  [56930/100000]  elapsed=52356s  rate=1.1/s  eta=39609s  finite=50634
  [56940/100000]  elapsed=52365s  rate=1.1/s  eta=39600s  finite=50644
  [56950/100000]  elapsed=52375s  rate=1.1/s  eta=39592s  finite=50653
  [56960/100000]  elapsed=52384s  rate=1.1/s  eta=39583s  finite=50663
  [56970/100000]  elapsed=52394s  rate=1.1/s  eta=39573s  finite=50673
  [56980/100000]  elapsed=52403s  rate=1.1/s  eta=39565s  finite=50681
  [warn] sample 9 failed: 
  [56990/100000]  elapsed=52412s  rate=1.1/s  eta=39555s  finite=50687
  [57000/100000]  elapsed=52422s  rate=1.1/s  eta=39546s  finite=50697
  -> checkpoint saved: /scratch/e1498138/lhs/lhs_noise2_paris1_checkpoints/lhs_noise2_paris1_ckpt_057000.pkl
  [57010/100000]  elapsed=52431s  rate=1.1/s  eta=39537s  finite=50707
  [57020/100000]  elapsed=52441s  rate=1.1/s  eta=39528s  finite=50715
  [57030/100000]  elapsed=52450s  rate=1.1/s  eta=39519s  finite=50725
  [57040/100000]  elapsed=52460s  rate=1.1/s  eta=39510s  finite=50735
  [57050/100000]  elapsed=52469s  rate=1.1/s  eta=39501s  finite=50744
  [warn] sample 0 failed: 
  [warn] sample 7 failed: 
  [57060/100000]  elapsed=52477s  rate=1.1/s  eta=39491s  finite=50752
  [57070/100000]  elapsed=52487s  rate=1.1/s  eta=39482s  finite=50762
  [57080/100000]  elapsed=52496s  rate=1.1/s  eta=39473s  finite=50769
  [warn] sample 1 failed: 
  [57090/100000]  elapsed=52505s  rate=1.1/s  eta=39464s  finite=50778
  [57100/100000]  elapsed=52514s  rate=1.1/s  eta=39455s  finite=50786
  -> checkpoint saved: /scratch/e1498138/lhs/lhs_noise2_paris1_checkpoints/lhs_noise2_paris1_ckpt_057100.pkl
  [57110/100000]  elapsed=52524s  rate=1.1/s  eta=39446s  finite=50794
  [57120/100000]  elapsed=52533s  rate=1.1/s  eta=39437s  finite=50804
  [warn] sample 9 failed: 
  [57130/100000]  elapsed=52542s  rate=1.1/s  eta=39427s  finite=50813
  [57140/100000]  elapsed=52552s  rate=1.1/s  eta=39418s  finite=50823
  [57150/100000]  elapsed=52561s  rate=1.1/s  eta=39409s  finite=50830
  [57160/100000]  elapsed=52571s  rate=1.1/s  eta=39400s  finite=50840
  [57170/100000]  elapsed=52580s  rate=1.1/s  eta=39391s  finite=50849
  [57180/100000]  elapsed=52590s  rate=1.1/s  eta=39382s  finite=50858
  [57190/100000]  elapsed=52599s  rate=1.1/s  eta=39373s  finite=50868
  [57200/100000]  elapsed=52609s  rate=1.1/s  eta=39364s  finite=50878
  -> checkpoint saved: /scratch/e1498138/lhs/lhs_noise2_paris1_checkpoints/lhs_noise2_paris1_ckpt_057200.pkl
  [57210/100000]  elapsed=52618s  rate=1.1/s  eta=39356s  finite=50887
  [57220/100000]  elapsed=52628s  rate=1.1/s  eta=39347s  finite=50897
  [warn] sample 0 failed: 
  [57230/100000]  elapsed=52636s  rate=1.1/s  eta=39337s  finite=50906
  [57240/100000]  elapsed=52646s  rate=1.1/s  eta=39328s  finite=50913
  [57250/100000]  elapsed=52655s  rate=1.1/s  eta=39319s  finite=50922
  [57260/100000]  elapsed=52665s  rate=1.1/s  eta=39310s  finite=50932
  [57270/100000]  elapsed=52675s  rate=1.1/s  eta=39301s  finite=50941
  [warn] sample 5 failed: 
  [57280/100000]  elapsed=52683s  rate=1.1/s  eta=39292s  finite=50948
  [57290/100000]  elapsed=52693s  rate=1.1/s  eta=39283s  finite=50956
  [57300/100000]  elapsed=52702s  rate=1.1/s  eta=39274s  finite=50966
  -> checkpoint saved: /scratch/e1498138/lhs/lhs_noise2_paris1_checkpoints/lhs_noise2_paris1_ckpt_057300.pkl
  [57310/100000]  elapsed=52712s  rate=1.1/s  eta=39265s  finite=50973
  [57320/100000]  elapsed=52721s  rate=1.1/s  eta=39256s  finite=50982
  [57330/100000]  elapsed=52731s  rate=1.1/s  eta=39247s  finite=50991
  [warn] sample 0 failed: 
  [warn] sample 2 failed: 
  [warn] sample 9 failed: 
  [57340/100000]  elapsed=52738s  rate=1.1/s  eta=39236s  finite=50998
  [57350/100000]  elapsed=52747s  rate=1.1/s  eta=39227s  finite=51007
  [warn] sample 8 failed: 
  [57360/100000]  elapsed=52756s  rate=1.1/s  eta=39218s  finite=51016
  [warn] sample 6 failed: 
  [57370/100000]  elapsed=52765s  rate=1.1/s  eta=39208s  finite=51025
  [warn] sample 4 failed: 
  [warn] sample 5 failed: 
  [57380/100000]  elapsed=52773s  rate=1.1/s  eta=39198s  finite=51032
  [57390/100000]  elapsed=52782s  rate=1.1/s  eta=39189s  finite=51040
  [warn] sample 0 failed: 
  [warn] sample 9 failed: 
  [57400/100000]  elapsed=52790s  rate=1.1/s  eta=39179s  finite=51048
  -> checkpoint saved: /scratch/e1498138/lhs/lhs_noise2_paris1_checkpoints/lhs_noise2_paris1_ckpt_057400.pkl
  [warn] sample 4 failed: 
  [57410/100000]  elapsed=52799s  rate=1.1/s  eta=39169s  finite=51057
  [57420/100000]  elapsed=52808s  rate=1.1/s  eta=39160s  finite=51065
  [57430/100000]  elapsed=52818s  rate=1.1/s  eta=39151s  finite=51075
  [57440/100000]  elapsed=52827s  rate=1.1/s  eta=39142s  finite=51085
  [57450/100000]  elapsed=52837s  rate=1.1/s  eta=39133s  finite=51095
  [57460/100000]  elapsed=52846s  rate=1.1/s  eta=39124s  finite=51104
  [57470/100000]  elapsed=52856s  rate=1.1/s  eta=39115s  finite=51112
  [57480/100000]  elapsed=52866s  rate=1.1/s  eta=39107s  finite=51122
  [warn] sample 5 failed: 
  [warn] sample 7 failed: 
  [57490/100000]  elapsed=52873s  rate=1.1/s  eta=39096s  finite=51130
  [warn] sample 7 failed: 
  [57500/100000]  elapsed=52882s  rate=1.1/s  eta=39087s  finite=51136
  -> checkpoint saved: /scratch/e1498138/lhs/lhs_noise2_paris1_checkpoints/lhs_noise2_paris1_ckpt_057500.pkl
  [57510/100000]  elapsed=52892s  rate=1.1/s  eta=39078s  finite=51144
  [57520/100000]  elapsed=52901s  rate=1.1/s  eta=39069s  finite=51154
  [57530/100000]  elapsed=52911s  rate=1.1/s  eta=39060s  finite=51164
  [57540/100000]  elapsed=52920s  rate=1.1/s  eta=39051s  finite=51172
  [warn] sample 6 failed: 
  [57550/100000]  elapsed=52929s  rate=1.1/s  eta=39041s  finite=51179
  [57560/100000]  elapsed=52938s  rate=1.1/s  eta=39032s  finite=51189
  [warn] sample 7 failed: 
  [57570/100000]  elapsed=52947s  rate=1.1/s  eta=39023s  finite=51197
  [57580/100000]  elapsed=52957s  rate=1.1/s  eta=39014s  finite=51206
  [57590/100000]  elapsed=52966s  rate=1.1/s  eta=39005s  finite=51216
  [warn] sample 1 failed: 
  [57600/100000]  elapsed=52975s  rate=1.1/s  eta=38996s  finite=51224
  -> checkpoint saved: /scratch/e1498138/lhs/lhs_noise2_paris1_checkpoints/lhs_noise2_paris1_ckpt_057600.pkl
  [warn] sample 3 failed: 
  [warn] sample 8 failed: 
  [57610/100000]  elapsed=52983s  rate=1.1/s  eta=38985s  finite=51232
  [warn] sample 8 failed: 
  [57620/100000]  elapsed=52992s  rate=1.1/s  eta=38976s  finite=51241
  [57630/100000]  elapsed=53001s  rate=1.1/s  eta=38967s  finite=51251
  [57640/100000]  elapsed=53011s  rate=1.1/s  eta=38958s  finite=51260
  [57650/100000]  elapsed=53020s  rate=1.1/s  eta=38949s  finite=51270
  [57660/100000]  elapsed=53030s  rate=1.1/s  eta=38940s  finite=51279
  [57670/100000]  elapsed=53039s  rate=1.1/s  eta=38931s  finite=51289
  [57680/100000]  elapsed=53049s  rate=1.1/s  eta=38922s  finite=51299
  [57690/100000]  elapsed=53058s  rate=1.1/s  eta=38913s  finite=51309
  [warn] sample 6 failed: 
  [57700/100000]  elapsed=53067s  rate=1.1/s  eta=38904s  finite=51317
  -> checkpoint saved: /scratch/e1498138/lhs/lhs_noise2_paris1_checkpoints/lhs_noise2_paris1_ckpt_057700.pkl
  [57710/100000]  elapsed=53077s  rate=1.1/s  eta=38895s  finite=51327
  [warn] sample 4 failed: 
  [57720/100000]  elapsed=53085s  rate=1.1/s  eta=38885s  finite=51335
  [57730/100000]  elapsed=53095s  rate=1.1/s  eta=38876s  finite=51345
  [57740/100000]  elapsed=53104s  rate=1.1/s  eta=38867s  finite=51354
  [57750/100000]  elapsed=53114s  rate=1.1/s  eta=38858s  finite=51364
  [57760/100000]  elapsed=53123s  rate=1.1/s  eta=38849s  finite=51374
  [57770/100000]  elapsed=53133s  rate=1.1/s  eta=38840s  finite=51383
  [57780/100000]  elapsed=53142s  rate=1.1/s  eta=38831s  finite=51392
  [57790/100000]  elapsed=53152s  rate=1.1/s  eta=38822s  finite=51402
  [warn] sample 6 failed: 
  [57800/100000]  elapsed=53161s  rate=1.1/s  eta=38813s  finite=51411
  -> checkpoint saved: /scratch/e1498138/lhs/lhs_noise2_paris1_checkpoints/lhs_noise2_paris1_ckpt_057800.pkl
  [57810/100000]  elapsed=53170s  rate=1.1/s  eta=38804s  finite=51420
  [57820/100000]  elapsed=53180s  rate=1.1/s  eta=38795s  finite=51428
  [57830/100000]  elapsed=53189s  rate=1.1/s  eta=38786s  finite=51438
  [57840/100000]  elapsed=53199s  rate=1.1/s  eta=38777s  finite=51446
  [57850/100000]  elapsed=53209s  rate=1.1/s  eta=38768s  finite=51455
  [57860/100000]  elapsed=53218s  rate=1.1/s  eta=38759s  finite=51464
  [warn] sample 2 failed: 
  [57870/100000]  elapsed=53227s  rate=1.1/s  eta=38750s  finite=51472
  [57880/100000]  elapsed=53236s  rate=1.1/s  eta=38741s  finite=51481
  [57890/100000]  elapsed=53246s  rate=1.1/s  eta=38732s  finite=51491
  [57900/100000]  elapsed=53255s  rate=1.1/s  eta=38723s  finite=51499
  -> checkpoint saved: /scratch/e1498138/lhs/lhs_noise2_paris1_checkpoints/lhs_noise2_paris1_ckpt_057900.pkl
  [57910/100000]  elapsed=53265s  rate=1.1/s  eta=38714s  finite=51508
  [warn] sample 4 failed: 
  [warn] sample 8 failed: 
  [57920/100000]  elapsed=53273s  rate=1.1/s  eta=38704s  finite=51516
  [57930/100000]  elapsed=53282s  rate=1.1/s  eta=38695s  finite=51526
  [57940/100000]  elapsed=53292s  rate=1.1/s  eta=38686s  finite=51534
  [57950/100000]  elapsed=53301s  rate=1.1/s  eta=38677s  finite=51544
  [57960/100000]  elapsed=53311s  rate=1.1/s  eta=38668s  finite=51552
  [warn] sample 1 failed: 
  [57970/100000]  elapsed=53320s  rate=1.1/s  eta=38658s  finite=51560
  [57980/100000]  elapsed=53329s  rate=1.1/s  eta=38649s  finite=51570
  [warn] sample 3 failed: 
  [57990/100000]  elapsed=53338s  rate=1.1/s  eta=38640s  finite=51579
  [58000/100000]  elapsed=53347s  rate=1.1/s  eta=38631s  finite=51585
  -> checkpoint saved: /scratch/e1498138/lhs/lhs_noise2_paris1_checkpoints/lhs_noise2_paris1_ckpt_058000.pkl
  [58010/100000]  elapsed=53357s  rate=1.1/s  eta=38622s  finite=51593
  [58020/100000]  elapsed=53366s  rate=1.1/s  eta=38613s  finite=51603
  [58030/100000]  elapsed=53376s  rate=1.1/s  eta=38604s  finite=51613
  [warn] sample 5 failed: 
  [58040/100000]  elapsed=53385s  rate=1.1/s  eta=38594s  finite=51621
  [58050/100000]  elapsed=53394s  rate=1.1/s  eta=38585s  finite=51631
  [58060/100000]  elapsed=53404s  rate=1.1/s  eta=38576s  finite=51641
  [58070/100000]  elapsed=53413s  rate=1.1/s  eta=38567s  finite=51651
  [58080/100000]  elapsed=53423s  rate=1.1/s  eta=38559s  finite=51660
  [58090/100000]  elapsed=53432s  rate=1.1/s  eta=38550s  finite=51668
  [58100/100000]  elapsed=53442s  rate=1.1/s  eta=38541s  finite=51676
  -> checkpoint saved: /scratch/e1498138/lhs/lhs_noise2_paris1_checkpoints/lhs_noise2_paris1_ckpt_058100.pkl
  [58110/100000]  elapsed=53451s  rate=1.1/s  eta=38532s  finite=51686
  [58120/100000]  elapsed=53461s  rate=1.1/s  eta=38523s  finite=51695
  [58130/100000]  elapsed=53471s  rate=1.1/s  eta=38514s  finite=51705
  [58140/100000]  elapsed=53480s  rate=1.1/s  eta=38505s  finite=51715
  [58150/100000]  elapsed=53490s  rate=1.1/s  eta=38496s  finite=51725
  [58160/100000]  elapsed=53500s  rate=1.1/s  eta=38487s  finite=51733
  [58170/100000]  elapsed=53509s  rate=1.1/s  eta=38478s  finite=51741
  [58180/100000]  elapsed=53519s  rate=1.1/s  eta=38470s  finite=51751
  [58190/100000]  elapsed=53528s  rate=1.1/s  eta=38461s  finite=51760
  [58200/100000]  elapsed=53538s  rate=1.1/s  eta=38452s  finite=51769
  -> checkpoint saved: /scratch/e1498138/lhs/lhs_noise2_paris1_checkpoints/lhs_noise2_paris1_ckpt_058200.pkl
  [58210/100000]  elapsed=53548s  rate=1.1/s  eta=38443s  finite=51778
  [warn] sample 3 failed: 
  [58220/100000]  elapsed=53556s  rate=1.1/s  eta=38433s  finite=51786
  [58230/100000]  elapsed=53566s  rate=1.1/s  eta=38424s  finite=51795
  [58240/100000]  elapsed=53576s  rate=1.1/s  eta=38415s  finite=51805
  [58250/100000]  elapsed=53585s  rate=1.1/s  eta=38406s  finite=51813
  [58260/100000]  elapsed=53595s  rate=1.1/s  eta=38398s  finite=51823
  [warn] sample 1 failed: 
  [58270/100000]  elapsed=53603s  rate=1.1/s  eta=38388s  finite=51832
  [58280/100000]  elapsed=53613s  rate=1.1/s  eta=38379s  finite=51840
  [58290/100000]  elapsed=53623s  rate=1.1/s  eta=38370s  finite=51850
  [warn] sample 1 failed: 
  [58300/100000]  elapsed=53631s  rate=1.1/s  eta=38361s  finite=51859
  -> checkpoint saved: /scratch/e1498138/lhs/lhs_noise2_paris1_checkpoints/lhs_noise2_paris1_ckpt_058300.pkl
  [58310/100000]  elapsed=53641s  rate=1.1/s  eta=38352s  finite=51866
  [58320/100000]  elapsed=53650s  rate=1.1/s  eta=38343s  finite=51875
  [58330/100000]  elapsed=53660s  rate=1.1/s  eta=38334s  finite=51885
  [58340/100000]  elapsed=53669s  rate=1.1/s  eta=38325s  finite=51895
  [58350/100000]  elapsed=53679s  rate=1.1/s  eta=38316s  finite=51905
  [warn] sample 3 failed: 
  [58360/100000]  elapsed=53688s  rate=1.1/s  eta=38307s  finite=51912
  [warn] sample 4 failed: 
  [warn] sample 9 failed: 
  [58370/100000]  elapsed=53696s  rate=1.1/s  eta=38296s  finite=51919
  [58380/100000]  elapsed=53706s  rate=1.1/s  eta=38288s  finite=51929
  [58390/100000]  elapsed=53715s  rate=1.1/s  eta=38279s  finite=51938
  [warn] sample 6 failed: 
  [58400/100000]  elapsed=53724s  rate=1.1/s  eta=38269s  finite=51946
  -> checkpoint saved: /scratch/e1498138/lhs/lhs_noise2_paris1_checkpoints/lhs_noise2_paris1_ckpt_058400.pkl
  [warn] sample 5 failed: 
  [warn] sample 8 failed: 
  [58410/100000]  elapsed=53732s  rate=1.1/s  eta=38259s  finite=51953
  [58420/100000]  elapsed=53741s  rate=1.1/s  eta=38250s  finite=51962
  [58430/100000]  elapsed=53751s  rate=1.1/s  eta=38241s  finite=51972
  [warn] sample 9 failed: 
  [58440/100000]  elapsed=53760s  rate=1.1/s  eta=38232s  finite=51980
  [58450/100000]  elapsed=53769s  rate=1.1/s  eta=38223s  finite=51990
  [warn] sample 4 failed: 
  [58460/100000]  elapsed=53778s  rate=1.1/s  eta=38213s  finite=51998
  [warn] sample 3 failed: 
  [58470/100000]  elapsed=53786s  rate=1.1/s  eta=38203s  finite=52005
  [58480/100000]  elapsed=53796s  rate=1.1/s  eta=38194s  finite=52014
  [58490/100000]  elapsed=53805s  rate=1.1/s  eta=38185s  finite=52023
  [58500/100000]  elapsed=53815s  rate=1.1/s  eta=38177s  finite=52033
  -> checkpoint saved: /scratch/e1498138/lhs/lhs_noise2_paris1_checkpoints/lhs_noise2_paris1_ckpt_058500.pkl
  [58510/100000]  elapsed=53825s  rate=1.1/s  eta=38168s  finite=52041
  [58520/100000]  elapsed=53834s  rate=1.1/s  eta=38159s  finite=52049
  [warn] sample 5 failed: 
  [58530/100000]  elapsed=53843s  rate=1.1/s  eta=38149s  finite=52058
  [58540/100000]  elapsed=53852s  rate=1.1/s  eta=38140s  finite=52068
  [warn] sample 7 failed: 
  [58550/100000]  elapsed=53861s  rate=1.1/s  eta=38130s  finite=52077
  [58560/100000]  elapsed=53870s  rate=1.1/s  eta=38121s  finite=52084
  [58570/100000]  elapsed=53880s  rate=1.1/s  eta=38112s  finite=52093
  [58580/100000]  elapsed=53889s  rate=1.1/s  eta=38103s  finite=52102
  [warn] sample 4 failed: 
  [58590/100000]  elapsed=53898s  rate=1.1/s  eta=38094s  finite=52111
  [warn] sample 0 failed: 
  [58600/100000]  elapsed=53907s  rate=1.1/s  eta=38084s  finite=52119
  -> checkpoint saved: /scratch/e1498138/lhs/lhs_noise2_paris1_checkpoints/lhs_noise2_paris1_ckpt_058600.pkl
  [58610/100000]  elapsed=53917s  rate=1.1/s  eta=38076s  finite=52129
  [58620/100000]  elapsed=53926s  rate=1.1/s  eta=38067s  finite=52138
  [58630/100000]  elapsed=53936s  rate=1.1/s  eta=38058s  finite=52148
  [warn] sample 8 failed: 
  [58640/100000]  elapsed=53944s  rate=1.1/s  eta=38048s  finite=52157
  [warn] sample 4 failed: 
  [58650/100000]  elapsed=53953s  rate=1.1/s  eta=38039s  finite=52165
  [warn] sample 3 failed: 
  [58660/100000]  elapsed=53962s  rate=1.1/s  eta=38029s  finite=52173
  [58670/100000]  elapsed=53972s  rate=1.1/s  eta=38020s  finite=52183
  [warn] sample 0 failed: 
  [warn] sample 2 failed: 
  [58680/100000]  elapsed=53979s  rate=1.1/s  eta=38010s  finite=52191
  [58690/100000]  elapsed=53989s  rate=1.1/s  eta=38001s  finite=52201
  [warn] sample 6 failed: 
  [58700/100000]  elapsed=53998s  rate=1.1/s  eta=37992s  finite=52208
  -> checkpoint saved: /scratch/e1498138/lhs/lhs_noise2_paris1_checkpoints/lhs_noise2_paris1_ckpt_058700.pkl
  [58710/100000]  elapsed=54007s  rate=1.1/s  eta=37983s  finite=52218
  [warn] sample 2 failed: 
  [warn] sample 6 failed: 
  [58720/100000]  elapsed=54015s  rate=1.1/s  eta=37972s  finite=52226
  [58730/100000]  elapsed=54025s  rate=1.1/s  eta=37963s  finite=52236
  [58740/100000]  elapsed=54034s  rate=1.1/s  eta=37955s  finite=52246
  [58750/100000]  elapsed=54044s  rate=1.1/s  eta=37946s  finite=52256
  [warn] sample 3 failed: 
  [58760/100000]  elapsed=54052s  rate=1.1/s  eta=37936s  finite=52265
  [warn] sample 8 failed: 
  [58770/100000]  elapsed=54061s  rate=1.1/s  eta=37926s  finite=52272
  [warn] sample 6 failed: 
  [58780/100000]  elapsed=54070s  rate=1.1/s  eta=37917s  finite=52280
  [warn] sample 0 failed: 
  [58790/100000]  elapsed=54078s  rate=1.1/s  eta=37907s  finite=52289
  [58800/100000]  elapsed=54088s  rate=1.1/s  eta=37898s  finite=52298
  -> checkpoint saved: /scratch/e1498138/lhs/lhs_noise2_paris1_checkpoints/lhs_noise2_paris1_ckpt_058800.pkl
  [58810/100000]  elapsed=54098s  rate=1.1/s  eta=37890s  finite=52307
  [warn] sample 5 failed: 
  [58820/100000]  elapsed=54106s  rate=1.1/s  eta=37880s  finite=52316
  [58830/100000]  elapsed=54116s  rate=1.1/s  eta=37871s  finite=52326
  [58840/100000]  elapsed=54125s  rate=1.1/s  eta=37862s  finite=52335
  [58850/100000]  elapsed=54135s  rate=1.1/s  eta=37853s  finite=52345
  [warn] sample 0 failed: 
  [warn] sample 5 failed: 
  [58860/100000]  elapsed=54143s  rate=1.1/s  eta=37843s  finite=52353
  [58870/100000]  elapsed=54152s  rate=1.1/s  eta=37834s  finite=52362
  [58880/100000]  elapsed=54162s  rate=1.1/s  eta=37825s  finite=52372
  [warn] sample 7 failed: 
  [58890/100000]  elapsed=54170s  rate=1.1/s  eta=37815s  finite=52379
  [58900/100000]  elapsed=54180s  rate=1.1/s  eta=37806s  finite=52388
  -> checkpoint saved: /scratch/e1498138/lhs/lhs_noise2_paris1_checkpoints/lhs_noise2_paris1_ckpt_058900.pkl
  [58910/100000]  elapsed=54189s  rate=1.1/s  eta=37797s  finite=52398
  [58920/100000]  elapsed=54199s  rate=1.1/s  eta=37788s  finite=52406
  [58930/100000]  elapsed=54209s  rate=1.1/s  eta=37780s  finite=52414
  [warn] sample 0 failed: 
  [58940/100000]  elapsed=54217s  rate=1.1/s  eta=37770s  finite=52422
  [58950/100000]  elapsed=54227s  rate=1.1/s  eta=37761s  finite=52430
  [58960/100000]  elapsed=54236s  rate=1.1/s  eta=37752s  finite=52439
  [58970/100000]  elapsed=54246s  rate=1.1/s  eta=37743s  finite=52449
  [58980/100000]  elapsed=54255s  rate=1.1/s  eta=37734s  finite=52459
  [58990/100000]  elapsed=54265s  rate=1.1/s  eta=37725s  finite=52469
  [warn] sample 5 failed: 
  [59000/100000]  elapsed=54273s  rate=1.1/s  eta=37715s  finite=52477
  -> checkpoint saved: /scratch/e1498138/lhs/lhs_noise2_paris1_checkpoints/lhs_noise2_paris1_ckpt_059000.pkl
  [59010/100000]  elapsed=54283s  rate=1.1/s  eta=37706s  finite=52487
  [59020/100000]  elapsed=54293s  rate=1.1/s  eta=37698s  finite=52495
  [warn] sample 2 failed: 
  [59030/100000]  elapsed=54301s  rate=1.1/s  eta=37688s  finite=52504
  [59040/100000]  elapsed=54311s  rate=1.1/s  eta=37679s  finite=52512
  [59050/100000]  elapsed=54320s  rate=1.1/s  eta=37670s  finite=52520
  [59060/100000]  elapsed=54330s  rate=1.1/s  eta=37661s  finite=52530
  [warn] sample 6 failed: 
  [warn] sample 7 failed: 
  [59070/100000]  elapsed=54338s  rate=1.1/s  eta=37651s  finite=52537
  [59080/100000]  elapsed=54347s  rate=1.1/s  eta=37642s  finite=52547
  [59090/100000]  elapsed=54357s  rate=1.1/s  eta=37633s  finite=52557
  [59100/100000]  elapsed=54366s  rate=1.1/s  eta=37624s  finite=52567
  -> checkpoint saved: /scratch/e1498138/lhs/lhs_noise2_paris1_checkpoints/lhs_noise2_paris1_ckpt_059100.pkl
  [59110/100000]  elapsed=54376s  rate=1.1/s  eta=37615s  finite=52576
  [warn] sample 6 failed: 
  [59120/100000]  elapsed=54385s  rate=1.1/s  eta=37606s  finite=52585
  [59130/100000]  elapsed=54394s  rate=1.1/s  eta=37597s  finite=52594
  [59140/100000]  elapsed=54404s  rate=1.1/s  eta=37588s  finite=52602
  [warn] sample 5 failed: 
  [warn] sample 7 failed: 
  [59150/100000]  elapsed=54412s  rate=1.1/s  eta=37578s  finite=52609
  [warn] sample 7 failed: 
  [59160/100000]  elapsed=54420s  rate=1.1/s  eta=37568s  finite=52616
  [59170/100000]  elapsed=54430s  rate=1.1/s  eta=37559s  finite=52626
  [59180/100000]  elapsed=54439s  rate=1.1/s  eta=37550s  finite=52635
  [59190/100000]  elapsed=54449s  rate=1.1/s  eta=37541s  finite=52645
  [59200/100000]  elapsed=54458s  rate=1.1/s  eta=37532s  finite=52655
  -> checkpoint saved: /scratch/e1498138/lhs/lhs_noise2_paris1_checkpoints/lhs_noise2_paris1_ckpt_059200.pkl
  [59210/100000]  elapsed=54468s  rate=1.1/s  eta=37523s  finite=52665
  [warn] sample 2 failed: 
  [warn] sample 3 failed: 
  [59220/100000]  elapsed=54476s  rate=1.1/s  eta=37513s  finite=52673
  [59230/100000]  elapsed=54486s  rate=1.1/s  eta=37504s  finite=52682
  [59240/100000]  elapsed=54495s  rate=1.1/s  eta=37495s  finite=52692
  [warn] sample 3 failed: 
  [warn] sample 9 failed: 
  [59250/100000]  elapsed=54503s  rate=1.1/s  eta=37485s  finite=52700
  [warn] sample 1 failed: 
  [59260/100000]  elapsed=54512s  rate=1.1/s  eta=37476s  finite=52708
  [59270/100000]  elapsed=54521s  rate=1.1/s  eta=37467s  finite=52717
  [59280/100000]  elapsed=54531s  rate=1.1/s  eta=37458s  finite=52727
  [59290/100000]  elapsed=54540s  rate=1.1/s  eta=37449s  finite=52736
  [warn] sample 2 failed: 
  [59300/100000]  elapsed=54549s  rate=1.1/s  eta=37439s  finite=52745
  -> checkpoint saved: /scratch/e1498138/lhs/lhs_noise2_paris1_checkpoints/lhs_noise2_paris1_ckpt_059300.pkl
  [59310/100000]  elapsed=54558s  rate=1.1/s  eta=37430s  finite=52754
  [warn] sample 8 failed: 
  [59320/100000]  elapsed=54567s  rate=1.1/s  eta=37421s  finite=52763
  [59330/100000]  elapsed=54577s  rate=1.1/s  eta=37412s  finite=52771
  [59340/100000]  elapsed=54586s  rate=1.1/s  eta=37403s  finite=52780
  [59350/100000]  elapsed=54596s  rate=1.1/s  eta=37394s  finite=52789
  [59360/100000]  elapsed=54605s  rate=1.1/s  eta=37385s  finite=52799
  [59370/100000]  elapsed=54614s  rate=1.1/s  eta=37376s  finite=52808
  [59380/100000]  elapsed=54624s  rate=1.1/s  eta=37366s  finite=52818
  [warn] sample 8 failed: 
  [59390/100000]  elapsed=54633s  rate=1.1/s  eta=37357s  finite=52826
  [59400/100000]  elapsed=54642s  rate=1.1/s  eta=37348s  finite=52835
  -> checkpoint saved: /scratch/e1498138/lhs/lhs_noise2_paris1_checkpoints/lhs_noise2_paris1_ckpt_059400.pkl
  [59410/100000]  elapsed=54652s  rate=1.1/s  eta=37339s  finite=52844
  [59420/100000]  elapsed=54662s  rate=1.1/s  eta=37330s  finite=52854
  [warn] sample 5 failed: 
  [59430/100000]  elapsed=54670s  rate=1.1/s  eta=37321s  finite=52862
  [warn] sample 0 failed: 
  [59440/100000]  elapsed=54679s  rate=1.1/s  eta=37311s  finite=52869
  [59450/100000]  elapsed=54689s  rate=1.1/s  eta=37302s  finite=52879
  [59460/100000]  elapsed=54699s  rate=1.1/s  eta=37294s  finite=52889
  [warn] sample 9 failed: 
  [59470/100000]  elapsed=54707s  rate=1.1/s  eta=37284s  finite=52897
  [59480/100000]  elapsed=54717s  rate=1.1/s  eta=37275s  finite=52907
  [warn] sample 4 failed: 
  [59490/100000]  elapsed=54725s  rate=1.1/s  eta=37265s  finite=52913
  [warn] sample 4 failed: 
  [59500/100000]  elapsed=54734s  rate=1.1/s  eta=37256s  finite=52922
  -> checkpoint saved: /scratch/e1498138/lhs/lhs_noise2_paris1_checkpoints/lhs_noise2_paris1_ckpt_059500.pkl
  [59510/100000]  elapsed=54744s  rate=1.1/s  eta=37247s  finite=52932
  [warn] sample 1 failed: 
  [59520/100000]  elapsed=54752s  rate=1.1/s  eta=37237s  finite=52941
  [59530/100000]  elapsed=54762s  rate=1.1/s  eta=37228s  finite=52950
  [59540/100000]  elapsed=54771s  rate=1.1/s  eta=37219s  finite=52960
  [59550/100000]  elapsed=54781s  rate=1.1/s  eta=37210s  finite=52969
  [59560/100000]  elapsed=54790s  rate=1.1/s  eta=37201s  finite=52979
  [59570/100000]  elapsed=54800s  rate=1.1/s  eta=37192s  finite=52989
  [59580/100000]  elapsed=54809s  rate=1.1/s  eta=37184s  finite=52998
  [59590/100000]  elapsed=54819s  rate=1.1/s  eta=37174s  finite=53008
  [59600/100000]  elapsed=54828s  rate=1.1/s  eta=37166s  finite=53016
  -> checkpoint saved: /scratch/e1498138/lhs/lhs_noise2_paris1_checkpoints/lhs_noise2_paris1_ckpt_059600.pkl
  [warn] sample 8 failed: 
  [59610/100000]  elapsed=54837s  rate=1.1/s  eta=37156s  finite=53025
  [59620/100000]  elapsed=54847s  rate=1.1/s  eta=37147s  finite=53034
  [59630/100000]  elapsed=54856s  rate=1.1/s  eta=37138s  finite=53044
  [59640/100000]  elapsed=54866s  rate=1.1/s  eta=37129s  finite=53053
  [59650/100000]  elapsed=54875s  rate=1.1/s  eta=37120s  finite=53062
  [59660/100000]  elapsed=54885s  rate=1.1/s  eta=37111s  finite=53072
  [59670/100000]  elapsed=54894s  rate=1.1/s  eta=37102s  finite=53082
  [warn] sample 7 failed: 
  [59680/100000]  elapsed=54903s  rate=1.1/s  eta=37093s  finite=53091
  [warn] sample 9 failed: 
  [59690/100000]  elapsed=54912s  rate=1.1/s  eta=37083s  finite=53100
  [59700/100000]  elapsed=54921s  rate=1.1/s  eta=37074s  finite=53108
  -> checkpoint saved: /scratch/e1498138/lhs/lhs_noise2_paris1_checkpoints/lhs_noise2_paris1_ckpt_059700.pkl
  [59710/100000]  elapsed=54931s  rate=1.1/s  eta=37065s  finite=53116
  [59720/100000]  elapsed=54940s  rate=1.1/s  eta=37056s  finite=53124
  [59730/100000]  elapsed=54950s  rate=1.1/s  eta=37047s  finite=53132
  [59740/100000]  elapsed=54960s  rate=1.1/s  eta=37038s  finite=53141
  [warn] sample 3 failed: 
  [59750/100000]  elapsed=54968s  rate=1.1/s  eta=37029s  finite=53150
  [59760/100000]  elapsed=54978s  rate=1.1/s  eta=37020s  finite=53160
  [59770/100000]  elapsed=54988s  rate=1.1/s  eta=37011s  finite=53169
  [59780/100000]  elapsed=54997s  rate=1.1/s  eta=37002s  finite=53179
  [59790/100000]  elapsed=55007s  rate=1.1/s  eta=36993s  finite=53186
  [warn] sample 1 failed: 
  [59800/100000]  elapsed=55015s  rate=1.1/s  eta=36984s  finite=53195
  -> checkpoint saved: /scratch/e1498138/lhs/lhs_noise2_paris1_checkpoints/lhs_noise2_paris1_ckpt_059800.pkl
  [warn] sample 3 failed: 
  [warn] sample 9 failed: 
  [59810/100000]  elapsed=55023s  rate=1.1/s  eta=36973s  finite=53203
  [warn] sample 1 failed: 
  [59820/100000]  elapsed=55032s  rate=1.1/s  eta=36964s  finite=53212
  [59830/100000]  elapsed=55042s  rate=1.1/s  eta=36955s  finite=53222
  [59840/100000]  elapsed=55051s  rate=1.1/s  eta=36946s  finite=53232
  [59850/100000]  elapsed=55061s  rate=1.1/s  eta=36937s  finite=53242
  [warn] sample 2 failed: 
  [59860/100000]  elapsed=55070s  rate=1.1/s  eta=36928s  finite=53250
  [warn] sample 5 failed: 
  [59870/100000]  elapsed=55079s  rate=1.1/s  eta=36918s  finite=53259
  [warn] sample 2 failed: 
  [59880/100000]  elapsed=55087s  rate=1.1/s  eta=36909s  finite=53267
  [59890/100000]  elapsed=55097s  rate=1.1/s  eta=36900s  finite=53277
  [59900/100000]  elapsed=55106s  rate=1.1/s  eta=36891s  finite=53287
  -> checkpoint saved: /scratch/e1498138/lhs/lhs_noise2_paris1_checkpoints/lhs_noise2_paris1_ckpt_059900.pkl
  [59910/100000]  elapsed=55116s  rate=1.1/s  eta=36882s  finite=53295
  [59920/100000]  elapsed=55126s  rate=1.1/s  eta=36873s  finite=53305
  [59930/100000]  elapsed=55135s  rate=1.1/s  eta=36864s  finite=53315
  [59940/100000]  elapsed=55145s  rate=1.1/s  eta=36855s  finite=53324
  [59950/100000]  elapsed=55154s  rate=1.1/s  eta=36846s  finite=53332
  [59960/100000]  elapsed=55164s  rate=1.1/s  eta=36837s  finite=53342
  [59970/100000]  elapsed=55173s  rate=1.1/s  eta=36828s  finite=53351
  [59980/100000]  elapsed=55183s  rate=1.1/s  eta=36819s  finite=53361
  [59990/100000]  elapsed=55192s  rate=1.1/s  eta=36810s  finite=53371
  [warn] sample 8 failed: 
  [60000/100000]  elapsed=55201s  rate=1.1/s  eta=36801s  finite=53379
  -> checkpoint saved: /scratch/e1498138/lhs/lhs_noise2_paris1_checkpoints/lhs_noise2_paris1_ckpt_060000.pkl
  [warn] sample 3 failed: 
  [60010/100000]  elapsed=55210s  rate=1.1/s  eta=36791s  finite=53388
  [60020/100000]  elapsed=55219s  rate=1.1/s  eta=36782s  finite=53398
  [60030/100000]  elapsed=55229s  rate=1.1/s  eta=36773s  finite=53407
  [warn] sample 6 failed: 
  [60040/100000]  elapsed=55238s  rate=1.1/s  eta=36764s  finite=53415
  [60050/100000]  elapsed=55247s  rate=1.1/s  eta=36755s  finite=53424
  [60060/100000]  elapsed=55257s  rate=1.1/s  eta=36746s  finite=53434
  [60070/100000]  elapsed=55266s  rate=1.1/s  eta=36737s  finite=53443
  [warn] sample 0 failed: 
  [60080/100000]  elapsed=55275s  rate=1.1/s  eta=36727s  finite=53451
  [60090/100000]  elapsed=55285s  rate=1.1/s  eta=36719s  finite=53460
  [60100/100000]  elapsed=55294s  rate=1.1/s  eta=36710s  finite=53467
  -> checkpoint saved: /scratch/e1498138/lhs/lhs_noise2_paris1_checkpoints/lhs_noise2_paris1_ckpt_060100.pkl
  [60110/100000]  elapsed=55304s  rate=1.1/s  eta=36701s  finite=53477
  [60120/100000]  elapsed=55314s  rate=1.1/s  eta=36692s  finite=53486
  [60130/100000]  elapsed=55323s  rate=1.1/s  eta=36683s  finite=53495
  [60140/100000]  elapsed=55333s  rate=1.1/s  eta=36674s  finite=53505
  [warn] sample 6 failed: 
  [60150/100000]  elapsed=55341s  rate=1.1/s  eta=36664s  finite=53512
  [60160/100000]  elapsed=55351s  rate=1.1/s  eta=36655s  finite=53521
  [60170/100000]  elapsed=55361s  rate=1.1/s  eta=36646s  finite=53531
  [warn] sample 2 failed: 
  [60180/100000]  elapsed=55369s  rate=1.1/s  eta=36637s  finite=53539
  [warn] sample 9 failed: 
  [60190/100000]  elapsed=55378s  rate=1.1/s  eta=36627s  finite=53547
  [60200/100000]  elapsed=55388s  rate=1.1/s  eta=36618s  finite=53555
  -> checkpoint saved: /scratch/e1498138/lhs/lhs_noise2_paris1_checkpoints/lhs_noise2_paris1_ckpt_060200.pkl
  [60210/100000]  elapsed=55398s  rate=1.1/s  eta=36610s  finite=53564
  [warn] sample 2 failed: 
  [warn] sample 4 failed: 
  [60220/100000]  elapsed=55406s  rate=1.1/s  eta=36600s  finite=53572
  [warn] sample 4 failed: 
  [60230/100000]  elapsed=55414s  rate=1.1/s  eta=36590s  finite=53580
  [60240/100000]  elapsed=55424s  rate=1.1/s  eta=36581s  finite=53590
  [60250/100000]  elapsed=55433s  rate=1.1/s  eta=36572s  finite=53600
  [60260/100000]  elapsed=55443s  rate=1.1/s  eta=36563s  finite=53609
  [60270/100000]  elapsed=55452s  rate=1.1/s  eta=36554s  finite=53619
  [60280/100000]  elapsed=55461s  rate=1.1/s  eta=36545s  finite=53627
  [warn] sample 0 failed: 
  [60290/100000]  elapsed=55470s  rate=1.1/s  eta=36535s  finite=53636
  [60300/100000]  elapsed=55480s  rate=1.1/s  eta=36526s  finite=53646
  -> checkpoint saved: /scratch/e1498138/lhs/lhs_noise2_paris1_checkpoints/lhs_noise2_paris1_ckpt_060300.pkl
  [warn] sample 3 failed: 
  [60310/100000]  elapsed=55488s  rate=1.1/s  eta=36517s  finite=53655
  [60320/100000]  elapsed=55498s  rate=1.1/s  eta=36508s  finite=53665
  [60330/100000]  elapsed=55507s  rate=1.1/s  eta=36499s  finite=53675
  [60340/100000]  elapsed=55517s  rate=1.1/s  eta=36490s  finite=53685
  [60350/100000]  elapsed=55527s  rate=1.1/s  eta=36481s  finite=53695
  [warn] sample 1 failed: 
  [60360/100000]  elapsed=55535s  rate=1.1/s  eta=36471s  finite=53704
  [60370/100000]  elapsed=55545s  rate=1.1/s  eta=36462s  finite=53714
  [60380/100000]  elapsed=55554s  rate=1.1/s  eta=36454s  finite=53724
  [warn] sample 9 failed: 
  [60390/100000]  elapsed=55563s  rate=1.1/s  eta=36444s  finite=53733
  [warn] sample 3 failed: 
  [60400/100000]  elapsed=55572s  rate=1.1/s  eta=36435s  finite=53742
  -> checkpoint saved: /scratch/e1498138/lhs/lhs_noise2_paris1_checkpoints/lhs_noise2_paris1_ckpt_060400.pkl
  [warn] sample 7 failed: 
  [60410/100000]  elapsed=55580s  rate=1.1/s  eta=36425s  finite=53750
  [60420/100000]  elapsed=55590s  rate=1.1/s  eta=36416s  finite=53758
  [60430/100000]  elapsed=55599s  rate=1.1/s  eta=36407s  finite=53768
  [60440/100000]  elapsed=55609s  rate=1.1/s  eta=36398s  finite=53777
  [60450/100000]  elapsed=55619s  rate=1.1/s  eta=36389s  finite=53787
  [60460/100000]  elapsed=55628s  rate=1.1/s  eta=36380s  finite=53796
  [60470/100000]  elapsed=55638s  rate=1.1/s  eta=36371s  finite=53805
  [60480/100000]  elapsed=55647s  rate=1.1/s  eta=36362s  finite=53814
  [60490/100000]  elapsed=55657s  rate=1.1/s  eta=36353s  finite=53824
  [warn] sample 1 failed: 
  [warn] sample 2 failed: 
  [60500/100000]  elapsed=55665s  rate=1.1/s  eta=36343s  finite=53831
  -> checkpoint saved: /scratch/e1498138/lhs/lhs_noise2_paris1_checkpoints/lhs_noise2_paris1_ckpt_060500.pkl
  [warn] sample 6 failed: 
  [warn] sample 7 failed: 
  [60510/100000]  elapsed=55673s  rate=1.1/s  eta=36333s  finite=53839
  [60520/100000]  elapsed=55682s  rate=1.1/s  eta=36324s  finite=53849
  [warn] sample 4 failed: 
  [60530/100000]  elapsed=55691s  rate=1.1/s  eta=36314s  finite=53858
  [60540/100000]  elapsed=55700s  rate=1.1/s  eta=36305s  finite=53866
  [warn] sample 0 failed: 
  [warn] sample 6 failed: 
  [60550/100000]  elapsed=55708s  rate=1.1/s  eta=36295s  finite=53874
  [60560/100000]  elapsed=55718s  rate=1.1/s  eta=36287s  finite=53884
  [warn] sample 3 failed: 
  [60570/100000]  elapsed=55726s  rate=1.1/s  eta=36277s  finite=53892
  [60580/100000]  elapsed=55736s  rate=1.1/s  eta=36268s  finite=53901
  [60590/100000]  elapsed=55745s  rate=1.1/s  eta=36259s  finite=53908
  [60600/100000]  elapsed=55755s  rate=1.1/s  eta=36250s  finite=53918
  -> checkpoint saved: /scratch/e1498138/lhs/lhs_noise2_paris1_checkpoints/lhs_noise2_paris1_ckpt_060600.pkl
  [60610/100000]  elapsed=55765s  rate=1.1/s  eta=36241s  finite=53928
  [60620/100000]  elapsed=55774s  rate=1.1/s  eta=36232s  finite=53937
  [warn] sample 5 failed: 
  [warn] sample 7 failed: 
  [60630/100000]  elapsed=55782s  rate=1.1/s  eta=36222s  finite=53945
  [warn] sample 5 failed: 
  [60640/100000]  elapsed=55791s  rate=1.1/s  eta=36213s  finite=53954
  [60650/100000]  elapsed=55800s  rate=1.1/s  eta=36204s  finite=53963
  [60660/100000]  elapsed=55810s  rate=1.1/s  eta=36195s  finite=53971
  [60670/100000]  elapsed=55820s  rate=1.1/s  eta=36186s  finite=53980
  [warn] sample 7 failed: 
  [60680/100000]  elapsed=55828s  rate=1.1/s  eta=36176s  finite=53989
  [warn] sample 2 failed: 
  [60690/100000]  elapsed=55837s  rate=1.1/s  eta=36167s  finite=53997
  [60700/100000]  elapsed=55847s  rate=1.1/s  eta=36158s  finite=54006
  -> checkpoint saved: /scratch/e1498138/lhs/lhs_noise2_paris1_checkpoints/lhs_noise2_paris1_ckpt_060700.pkl
  [60710/100000]  elapsed=55856s  rate=1.1/s  eta=36149s  finite=54016
  [60720/100000]  elapsed=55866s  rate=1.1/s  eta=36140s  finite=54025
  [warn] sample 0 failed: 
  [warn] sample 2 failed: 
  [60730/100000]  elapsed=55873s  rate=1.1/s  eta=36129s  finite=54032
  [warn] sample 1 failed: 
  [60740/100000]  elapsed=55882s  rate=1.1/s  eta=36120s  finite=54041
  [warn] sample 9 failed: 
  [60750/100000]  elapsed=55891s  rate=1.1/s  eta=36110s  finite=54050
  [60760/100000]  elapsed=55900s  rate=1.1/s  eta=36101s  finite=54059
  [60770/100000]  elapsed=55909s  rate=1.1/s  eta=36092s  finite=54068
  [60780/100000]  elapsed=55919s  rate=1.1/s  eta=36083s  finite=54078
  [warn] sample 3 failed: 
  [60790/100000]  elapsed=55928s  rate=1.1/s  eta=36074s  finite=54087
  [60800/100000]  elapsed=55937s  rate=1.1/s  eta=36065s  finite=54097
  -> checkpoint saved: /scratch/e1498138/lhs/lhs_noise2_paris1_checkpoints/lhs_noise2_paris1_ckpt_060800.pkl
  [60810/100000]  elapsed=55947s  rate=1.1/s  eta=36056s  finite=54105
  [60820/100000]  elapsed=55956s  rate=1.1/s  eta=36047s  finite=54112
  [60830/100000]  elapsed=55966s  rate=1.1/s  eta=36038s  finite=54121
  [60840/100000]  elapsed=55975s  rate=1.1/s  eta=36029s  finite=54130
  [60850/100000]  elapsed=55985s  rate=1.1/s  eta=36020s  finite=54140
  [60860/100000]  elapsed=55994s  rate=1.1/s  eta=36011s  finite=54150
  [60870/100000]  elapsed=56004s  rate=1.1/s  eta=36002s  finite=54159
  [60880/100000]  elapsed=56013s  rate=1.1/s  eta=35993s  finite=54168
  [60890/100000]  elapsed=56023s  rate=1.1/s  eta=35984s  finite=54175
  [60900/100000]  elapsed=56032s  rate=1.1/s  eta=35975s  finite=54184
  -> checkpoint saved: /scratch/e1498138/lhs/lhs_noise2_paris1_checkpoints/lhs_noise2_paris1_ckpt_060900.pkl
  [warn] sample 9 failed: 
  [60910/100000]  elapsed=56041s  rate=1.1/s  eta=35965s  finite=54191
  [warn] sample 2 failed: 
  [60920/100000]  elapsed=56050s  rate=1.1/s  eta=35956s  finite=54199
  [warn] sample 2 failed: 
  [warn] sample 4 failed: 
  [60930/100000]  elapsed=56058s  rate=1.1/s  eta=35946s  finite=54207
  [warn] sample 1 failed: 
  [60940/100000]  elapsed=56066s  rate=1.1/s  eta=35936s  finite=54216
  [60950/100000]  elapsed=56075s  rate=1.1/s  eta=35927s  finite=54225
  [60960/100000]  elapsed=56085s  rate=1.1/s  eta=35918s  finite=54234
  [60970/100000]  elapsed=56094s  rate=1.1/s  eta=35909s  finite=54243
  [60980/100000]  elapsed=56104s  rate=1.1/s  eta=35900s  finite=54253
  [warn] sample 4 failed: 
  [60990/100000]  elapsed=56112s  rate=1.1/s  eta=35890s  finite=54262
  [61000/100000]  elapsed=56122s  rate=1.1/s  eta=35881s  finite=54269
  -> checkpoint saved: /scratch/e1498138/lhs/lhs_noise2_paris1_checkpoints/lhs_noise2_paris1_ckpt_061000.pkl
  [warn] sample 2 failed: 
  [61010/100000]  elapsed=56131s  rate=1.1/s  eta=35872s  finite=54277
  [61020/100000]  elapsed=56140s  rate=1.1/s  eta=35863s  finite=54286
  [61030/100000]  elapsed=56150s  rate=1.1/s  eta=35854s  finite=54294
  [61040/100000]  elapsed=56159s  rate=1.1/s  eta=35845s  finite=54303
  [61050/100000]  elapsed=56169s  rate=1.1/s  eta=35836s  finite=54312
  [61060/100000]  elapsed=56178s  rate=1.1/s  eta=35827s  finite=54321
  [warn] sample 4 failed: 
  [61070/100000]  elapsed=56187s  rate=1.1/s  eta=35817s  finite=54329
  [61080/100000]  elapsed=56197s  rate=1.1/s  eta=35808s  finite=54339
  [61090/100000]  elapsed=56206s  rate=1.1/s  eta=35799s  finite=54349
  [61100/100000]  elapsed=56216s  rate=1.1/s  eta=35790s  finite=54358
  -> checkpoint saved: /scratch/e1498138/lhs/lhs_noise2_paris1_checkpoints/lhs_noise2_paris1_ckpt_061100.pkl
  [61110/100000]  elapsed=56225s  rate=1.1/s  eta=35781s  finite=54367
  [61120/100000]  elapsed=56235s  rate=1.1/s  eta=35772s  finite=54377
  [61130/100000]  elapsed=56244s  rate=1.1/s  eta=35763s  finite=54387
  [61140/100000]  elapsed=56254s  rate=1.1/s  eta=35754s  finite=54397
  [61150/100000]  elapsed=56263s  rate=1.1/s  eta=35745s  finite=54406
  [61160/100000]  elapsed=56273s  rate=1.1/s  eta=35737s  finite=54415
  [warn] sample 1 failed: 
  [warn] sample 7 failed: 
  [61170/100000]  elapsed=56281s  rate=1.1/s  eta=35727s  finite=54422
  [61180/100000]  elapsed=56291s  rate=1.1/s  eta=35718s  finite=54432
  [warn] sample 7 failed: 
  [61190/100000]  elapsed=56299s  rate=1.1/s  eta=35708s  finite=54440
  [61200/100000]  elapsed=56309s  rate=1.1/s  eta=35699s  finite=54449
  -> checkpoint saved: /scratch/e1498138/lhs/lhs_noise2_paris1_checkpoints/lhs_noise2_paris1_ckpt_061200.pkl
  [61210/100000]  elapsed=56319s  rate=1.1/s  eta=35690s  finite=54459
  [61220/100000]  elapsed=56328s  rate=1.1/s  eta=35681s  finite=54469
  [61230/100000]  elapsed=56338s  rate=1.1/s  eta=35672s  finite=54479
  [61240/100000]  elapsed=56348s  rate=1.1/s  eta=35663s  finite=54488
  [61250/100000]  elapsed=56357s  rate=1.1/s  eta=35654s  finite=54497
  [61260/100000]  elapsed=56366s  rate=1.1/s  eta=35645s  finite=54504
  [warn] sample 4 failed: 
  [61270/100000]  elapsed=56375s  rate=1.1/s  eta=35636s  finite=54512
  [61280/100000]  elapsed=56385s  rate=1.1/s  eta=35627s  finite=54522
  [61290/100000]  elapsed=56394s  rate=1.1/s  eta=35618s  finite=54531
  [61300/100000]  elapsed=56404s  rate=1.1/s  eta=35609s  finite=54541
  -> checkpoint saved: /scratch/e1498138/lhs/lhs_noise2_paris1_checkpoints/lhs_noise2_paris1_ckpt_061300.pkl
  [61310/100000]  elapsed=56413s  rate=1.1/s  eta=35600s  finite=54550
  [61320/100000]  elapsed=56423s  rate=1.1/s  eta=35591s  finite=54559
  [warn] sample 4 failed: 
  [61330/100000]  elapsed=56432s  rate=1.1/s  eta=35581s  finite=54568
  [warn] sample 7 failed: 
  [61340/100000]  elapsed=56440s  rate=1.1/s  eta=35572s  finite=54575
  [61350/100000]  elapsed=56450s  rate=1.1/s  eta=35563s  finite=54584
  [warn] sample 3 failed: 
  [warn] sample 7 failed: 
  [61360/100000]  elapsed=56458s  rate=1.1/s  eta=35553s  finite=54592
  [61370/100000]  elapsed=56467s  rate=1.1/s  eta=35544s  finite=54602
  [warn] sample 1 failed: 
  [61380/100000]  elapsed=56476s  rate=1.1/s  eta=35534s  finite=54610
  [61390/100000]  elapsed=56485s  rate=1.1/s  eta=35525s  finite=54619
  [61400/100000]  elapsed=56495s  rate=1.1/s  eta=35516s  finite=54629
  -> checkpoint saved: /scratch/e1498138/lhs/lhs_noise2_paris1_checkpoints/lhs_noise2_paris1_ckpt_061400.pkl
  [61410/100000]  elapsed=56504s  rate=1.1/s  eta=35507s  finite=54639
  [61420/100000]  elapsed=56514s  rate=1.1/s  eta=35498s  finite=54649
  [61430/100000]  elapsed=56524s  rate=1.1/s  eta=35489s  finite=54659
  [61440/100000]  elapsed=56533s  rate=1.1/s  eta=35480s  finite=54668
  [61450/100000]  elapsed=56542s  rate=1.1/s  eta=35471s  finite=54674
  [61460/100000]  elapsed=56552s  rate=1.1/s  eta=35462s  finite=54682
  [61470/100000]  elapsed=56561s  rate=1.1/s  eta=35453s  finite=54691
  [61480/100000]  elapsed=56571s  rate=1.1/s  eta=35444s  finite=54700
  [61490/100000]  elapsed=56580s  rate=1.1/s  eta=35435s  finite=54709
  [61500/100000]  elapsed=56590s  rate=1.1/s  eta=35426s  finite=54717
  -> checkpoint saved: /scratch/e1498138/lhs/lhs_noise2_paris1_checkpoints/lhs_noise2_paris1_ckpt_061500.pkl
  [61510/100000]  elapsed=56600s  rate=1.1/s  eta=35417s  finite=54727
  [warn] sample 3 failed: 
  [61520/100000]  elapsed=56608s  rate=1.1/s  eta=35408s  finite=54734
  [warn] sample 7 failed: 
  [61530/100000]  elapsed=56617s  rate=1.1/s  eta=35398s  finite=54741
  [61540/100000]  elapsed=56626s  rate=1.1/s  eta=35389s  finite=54750
  [warn] sample 6 failed: 
  [61550/100000]  elapsed=56635s  rate=1.1/s  eta=35380s  finite=54757
  [warn] sample 9 failed: 
  [61560/100000]  elapsed=56644s  rate=1.1/s  eta=35370s  finite=54766
  [warn] sample 1 failed: 
  [61570/100000]  elapsed=56653s  rate=1.1/s  eta=35361s  finite=54775
  [61580/100000]  elapsed=56662s  rate=1.1/s  eta=35352s  finite=54784
  [61590/100000]  elapsed=56672s  rate=1.1/s  eta=35343s  finite=54793
  [warn] sample 1 failed: 
  [61600/100000]  elapsed=56681s  rate=1.1/s  eta=35333s  finite=54801
  -> checkpoint saved: /scratch/e1498138/lhs/lhs_noise2_paris1_checkpoints/lhs_noise2_paris1_ckpt_061600.pkl
  [61610/100000]  elapsed=56690s  rate=1.1/s  eta=35324s  finite=54810
  [61620/100000]  elapsed=56700s  rate=1.1/s  eta=35315s  finite=54819
  [warn] sample 6 failed: 
  [61630/100000]  elapsed=56708s  rate=1.1/s  eta=35306s  finite=54827
  [61640/100000]  elapsed=56718s  rate=1.1/s  eta=35297s  finite=54837
  [warn] sample 0 failed: 
  [61650/100000]  elapsed=56727s  rate=1.1/s  eta=35287s  finite=54844
  [61660/100000]  elapsed=56736s  rate=1.1/s  eta=35278s  finite=54854
  [61670/100000]  elapsed=56745s  rate=1.1/s  eta=35269s  finite=54862
  [61680/100000]  elapsed=56755s  rate=1.1/s  eta=35260s  finite=54871
  [warn] sample 3 failed: 
  [61690/100000]  elapsed=56764s  rate=1.1/s  eta=35251s  finite=54879
  [61700/100000]  elapsed=56773s  rate=1.1/s  eta=35242s  finite=54888
  -> checkpoint saved: /scratch/e1498138/lhs/lhs_noise2_paris1_checkpoints/lhs_noise2_paris1_ckpt_061700.pkl
  [61710/100000]  elapsed=56783s  rate=1.1/s  eta=35233s  finite=54898
  [61720/100000]  elapsed=56792s  rate=1.1/s  eta=35224s  finite=54906
  [warn] sample 8 failed: 
  [61730/100000]  elapsed=56801s  rate=1.1/s  eta=35214s  finite=54914
  [61740/100000]  elapsed=56811s  rate=1.1/s  eta=35205s  finite=54924
  [61750/100000]  elapsed=56820s  rate=1.1/s  eta=35196s  finite=54933
  [61760/100000]  elapsed=56830s  rate=1.1/s  eta=35187s  finite=54943
  [61770/100000]  elapsed=56839s  rate=1.1/s  eta=35178s  finite=54953
  [61780/100000]  elapsed=56849s  rate=1.1/s  eta=35169s  finite=54963
  [61790/100000]  elapsed=56858s  rate=1.1/s  eta=35160s  finite=54972
  [61800/100000]  elapsed=56868s  rate=1.1/s  eta=35151s  finite=54981
  -> checkpoint saved: /scratch/e1498138/lhs/lhs_noise2_paris1_checkpoints/lhs_noise2_paris1_ckpt_061800.pkl
  [61810/100000]  elapsed=56877s  rate=1.1/s  eta=35142s  finite=54990
  [61820/100000]  elapsed=56887s  rate=1.1/s  eta=35133s  finite=55000
  [61830/100000]  elapsed=56896s  rate=1.1/s  eta=35124s  finite=55010
  [61840/100000]  elapsed=56906s  rate=1.1/s  eta=35115s  finite=55018
  [61850/100000]  elapsed=56915s  rate=1.1/s  eta=35106s  finite=55028
  [61860/100000]  elapsed=56925s  rate=1.1/s  eta=35097s  finite=55036
  [61870/100000]  elapsed=56934s  rate=1.1/s  eta=35088s  finite=55046
  [61880/100000]  elapsed=56944s  rate=1.1/s  eta=35079s  finite=55056
  [warn] sample 4 failed: 
  [61890/100000]  elapsed=56952s  rate=1.1/s  eta=35069s  finite=55065
  [warn] sample 8 failed: 
  [61900/100000]  elapsed=56961s  rate=1.1/s  eta=35060s  finite=55073
  -> checkpoint saved: /scratch/e1498138/lhs/lhs_noise2_paris1_checkpoints/lhs_noise2_paris1_ckpt_061900.pkl
  [warn] sample 1 failed: 
  [warn] sample 9 failed: 
  [61910/100000]  elapsed=56969s  rate=1.1/s  eta=35050s  finite=55080
  [61920/100000]  elapsed=56978s  rate=1.1/s  eta=35041s  finite=55090
  [61930/100000]  elapsed=56988s  rate=1.1/s  eta=35032s  finite=55100
  [61940/100000]  elapsed=56997s  rate=1.1/s  eta=35023s  finite=55110
  [61950/100000]  elapsed=57007s  rate=1.1/s  eta=35014s  finite=55119
  [61960/100000]  elapsed=57016s  rate=1.1/s  eta=35005s  finite=55128
  [61970/100000]  elapsed=57026s  rate=1.1/s  eta=34996s  finite=55138
  [61980/100000]  elapsed=57035s  rate=1.1/s  eta=34987s  finite=55147
  [warn] sample 5 failed: 
  [warn] sample 9 failed: 
  [61990/100000]  elapsed=57043s  rate=1.1/s  eta=34977s  finite=55155
  [warn] sample 2 failed: 
  [62000/100000]  elapsed=57052s  rate=1.1/s  eta=34967s  finite=55164
  -> checkpoint saved: /scratch/e1498138/lhs/lhs_noise2_paris1_checkpoints/lhs_noise2_paris1_ckpt_062000.pkl
  [warn] sample 0 failed: 
  [62010/100000]  elapsed=57061s  rate=1.1/s  eta=34958s  finite=55172
  [62020/100000]  elapsed=57070s  rate=1.1/s  eta=34949s  finite=55179
  [62030/100000]  elapsed=57080s  rate=1.1/s  eta=34940s  finite=55188
  [62040/100000]  elapsed=57089s  rate=1.1/s  eta=34931s  finite=55195
  [62050/100000]  elapsed=57099s  rate=1.1/s  eta=34922s  finite=55204
  [62060/100000]  elapsed=57108s  rate=1.1/s  eta=34913s  finite=55214
  [warn] sample 3 failed: 
  [warn] sample 7 failed: 
  [62070/100000]  elapsed=57116s  rate=1.1/s  eta=34903s  finite=55220
  [warn] sample 7 failed: 
  [62080/100000]  elapsed=57125s  rate=1.1/s  eta=34893s  finite=55228
  [warn] sample 0 failed: 
  [62090/100000]  elapsed=57134s  rate=1.1/s  eta=34884s  finite=55237
  [62100/100000]  elapsed=57143s  rate=1.1/s  eta=34875s  finite=55247
  -> checkpoint saved: /scratch/e1498138/lhs/lhs_noise2_paris1_checkpoints/lhs_noise2_paris1_ckpt_062100.pkl
  [62110/100000]  elapsed=57153s  rate=1.1/s  eta=34866s  finite=55255
  [warn] sample 8 failed: 
  [62120/100000]  elapsed=57162s  rate=1.1/s  eta=34856s  finite=55264
  [62130/100000]  elapsed=57171s  rate=1.1/s  eta=34847s  finite=55274
  [warn] sample 8 failed: 
  [62140/100000]  elapsed=57180s  rate=1.1/s  eta=34838s  finite=55282
  [warn] sample 6 failed: 
  [62150/100000]  elapsed=57188s  rate=1.1/s  eta=34828s  finite=55291
  [62160/100000]  elapsed=57198s  rate=1.1/s  eta=34819s  finite=55300
  [warn] sample 9 failed: 
  [62170/100000]  elapsed=57207s  rate=1.1/s  eta=34810s  finite=55308
  [62180/100000]  elapsed=57216s  rate=1.1/s  eta=34801s  finite=55316
  [warn] sample 5 failed: 
  [62190/100000]  elapsed=57225s  rate=1.1/s  eta=34791s  finite=55325
  [62200/100000]  elapsed=57235s  rate=1.1/s  eta=34782s  finite=55334
  -> checkpoint saved: /scratch/e1498138/lhs/lhs_noise2_paris1_checkpoints/lhs_noise2_paris1_ckpt_062200.pkl
  [warn] sample 6 failed: 
  [62210/100000]  elapsed=57243s  rate=1.1/s  eta=34773s  finite=55342
  [62220/100000]  elapsed=57253s  rate=1.1/s  eta=34764s  finite=55352
  [62230/100000]  elapsed=57262s  rate=1.1/s  eta=34755s  finite=55360
  [warn] sample 8 failed: 
  [62240/100000]  elapsed=57271s  rate=1.1/s  eta=34746s  finite=55369
  [62250/100000]  elapsed=57281s  rate=1.1/s  eta=34737s  finite=55379
  [62260/100000]  elapsed=57290s  rate=1.1/s  eta=34727s  finite=55389
  [62270/100000]  elapsed=57300s  rate=1.1/s  eta=34719s  finite=55397
  [warn] sample 8 failed: 
  [62280/100000]  elapsed=57308s  rate=1.1/s  eta=34709s  finite=55405
  [62290/100000]  elapsed=57318s  rate=1.1/s  eta=34700s  finite=55415
  [62300/100000]  elapsed=57327s  rate=1.1/s  eta=34691s  finite=55423
  -> checkpoint saved: /scratch/e1498138/lhs/lhs_noise2_paris1_checkpoints/lhs_noise2_paris1_ckpt_062300.pkl
  [62310/100000]  elapsed=57337s  rate=1.1/s  eta=34682s  finite=55431
  [62320/100000]  elapsed=57346s  rate=1.1/s  eta=34673s  finite=55439
  [62330/100000]  elapsed=57356s  rate=1.1/s  eta=34664s  finite=55449
  [62340/100000]  elapsed=57366s  rate=1.1/s  eta=34655s  finite=55459
  [warn] sample 7 failed: 
  [62350/100000]  elapsed=57374s  rate=1.1/s  eta=34645s  finite=55467
  [62360/100000]  elapsed=57384s  rate=1.1/s  eta=34636s  finite=55476
  [warn] sample 7 failed: 
  [62370/100000]  elapsed=57392s  rate=1.1/s  eta=34627s  finite=55485
  [62380/100000]  elapsed=57402s  rate=1.1/s  eta=34618s  finite=55494
  [62390/100000]  elapsed=57411s  rate=1.1/s  eta=34609s  finite=55504
  [62400/100000]  elapsed=57421s  rate=1.1/s  eta=34600s  finite=55513
  -> checkpoint saved: /scratch/e1498138/lhs/lhs_noise2_paris1_checkpoints/lhs_noise2_paris1_ckpt_062400.pkl
  [warn] sample 7 failed: 
  [62410/100000]  elapsed=57430s  rate=1.1/s  eta=34590s  finite=55521
  [warn] sample 6 failed: 
  [62420/100000]  elapsed=57438s  rate=1.1/s  eta=34581s  finite=55528
  [62430/100000]  elapsed=57448s  rate=1.1/s  eta=34572s  finite=55538
  [warn] sample 8 failed: 
  [62440/100000]  elapsed=57457s  rate=1.1/s  eta=34562s  finite=55546
  [62450/100000]  elapsed=57466s  rate=1.1/s  eta=34553s  finite=55554
  [warn] sample 1 failed: 
  [62460/100000]  elapsed=57475s  rate=1.1/s  eta=34544s  finite=55563
  [62470/100000]  elapsed=57485s  rate=1.1/s  eta=34535s  finite=55573
  [62480/100000]  elapsed=57494s  rate=1.1/s  eta=34526s  finite=55583
  [62490/100000]  elapsed=57504s  rate=1.1/s  eta=34517s  finite=55593
  [62500/100000]  elapsed=57513s  rate=1.1/s  eta=34508s  finite=55602
  -> checkpoint saved: /scratch/e1498138/lhs/lhs_noise2_paris1_checkpoints/lhs_noise2_paris1_ckpt_062500.pkl
  [warn] sample 3 failed: 
  [62510/100000]  elapsed=57522s  rate=1.1/s  eta=34498s  finite=55610
  [62520/100000]  elapsed=57532s  rate=1.1/s  eta=34489s  finite=55620
  [62530/100000]  elapsed=57541s  rate=1.1/s  eta=34480s  finite=55626
  [warn] sample 5 failed: 
  [62540/100000]  elapsed=57550s  rate=1.1/s  eta=34471s  finite=55634
  [62550/100000]  elapsed=57559s  rate=1.1/s  eta=34462s  finite=55644
  [62560/100000]  elapsed=57569s  rate=1.1/s  eta=34453s  finite=55654
  [62570/100000]  elapsed=57578s  rate=1.1/s  eta=34444s  finite=55664
  [warn] sample 1 failed: 
  [62580/100000]  elapsed=57587s  rate=1.1/s  eta=34434s  finite=55672
  [62590/100000]  elapsed=57597s  rate=1.1/s  eta=34426s  finite=55682
  [62600/100000]  elapsed=57606s  rate=1.1/s  eta=34416s  finite=55692
  -> checkpoint saved: /scratch/e1498138/lhs/lhs_noise2_paris1_checkpoints/lhs_noise2_paris1_ckpt_062600.pkl
  [warn] sample 7 failed: 
  [62610/100000]  elapsed=57615s  rate=1.1/s  eta=34407s  finite=55700
  [warn] sample 0 failed: 
  [62620/100000]  elapsed=57624s  rate=1.1/s  eta=34397s  finite=55709
  [62630/100000]  elapsed=57633s  rate=1.1/s  eta=34388s  finite=55718
  [62640/100000]  elapsed=57643s  rate=1.1/s  eta=34380s  finite=55728
  [warn] sample 3 failed: 
  [62650/100000]  elapsed=57651s  rate=1.1/s  eta=34370s  finite=55736
  [62660/100000]  elapsed=57661s  rate=1.1/s  eta=34361s  finite=55745
  [62670/100000]  elapsed=57671s  rate=1.1/s  eta=34352s  finite=55753
  [62680/100000]  elapsed=57680s  rate=1.1/s  eta=34343s  finite=55759
  [warn] sample 1 failed: 
  [warn] sample 6 failed: 
  [62690/100000]  elapsed=57688s  rate=1.1/s  eta=34333s  finite=55767
  [62700/100000]  elapsed=57698s  rate=1.1/s  eta=34324s  finite=55777
  -> checkpoint saved: /scratch/e1498138/lhs/lhs_noise2_paris1_checkpoints/lhs_noise2_paris1_ckpt_062700.pkl
  [warn] sample 8 failed: 
  [62710/100000]  elapsed=57706s  rate=1.1/s  eta=34315s  finite=55786
  [62720/100000]  elapsed=57716s  rate=1.1/s  eta=34306s  finite=55796
  [warn] sample 3 failed: 
  [62730/100000]  elapsed=57725s  rate=1.1/s  eta=34296s  finite=55804
  [warn] sample 5 failed: 
  [62740/100000]  elapsed=57734s  rate=1.1/s  eta=34287s  finite=55812
  [62750/100000]  elapsed=57743s  rate=1.1/s  eta=34278s  finite=55821
  [62760/100000]  elapsed=57753s  rate=1.1/s  eta=34269s  finite=55831
  [62770/100000]  elapsed=57762s  rate=1.1/s  eta=34260s  finite=55841
  [62780/100000]  elapsed=57772s  rate=1.1/s  eta=34251s  finite=55850
  [62790/100000]  elapsed=57781s  rate=1.1/s  eta=34242s  finite=55857
  [62800/100000]  elapsed=57791s  rate=1.1/s  eta=34233s  finite=55867
  -> checkpoint saved: /scratch/e1498138/lhs/lhs_noise2_paris1_checkpoints/lhs_noise2_paris1_ckpt_062800.pkl
  [62810/100000]  elapsed=57800s  rate=1.1/s  eta=34224s  finite=55876
  [62820/100000]  elapsed=57810s  rate=1.1/s  eta=34215s  finite=55885
  [62830/100000]  elapsed=57820s  rate=1.1/s  eta=34206s  finite=55894
  [warn] sample 0 failed: 
  [62840/100000]  elapsed=57828s  rate=1.1/s  eta=34196s  finite=55902
  [62850/100000]  elapsed=57838s  rate=1.1/s  eta=34187s  finite=55912
  [warn] sample 9 failed: 
  [62860/100000]  elapsed=57846s  rate=1.1/s  eta=34178s  finite=55921
  [warn] sample 5 failed: 
  [62870/100000]  elapsed=57855s  rate=1.1/s  eta=34168s  finite=55929
  [62880/100000]  elapsed=57865s  rate=1.1/s  eta=34159s  finite=55939
  [62890/100000]  elapsed=57874s  rate=1.1/s  eta=34150s  finite=55949
  [warn] sample 7 failed: 
  [62900/100000]  elapsed=57883s  rate=1.1/s  eta=34141s  finite=55956
  -> checkpoint saved: /scratch/e1498138/lhs/lhs_noise2_paris1_checkpoints/lhs_noise2_paris1_ckpt_062900.pkl
  [warn] sample 3 failed: 
  [62910/100000]  elapsed=57892s  rate=1.1/s  eta=34131s  finite=55965
  [62920/100000]  elapsed=57901s  rate=1.1/s  eta=34122s  finite=55974
  [warn] sample 3 failed: 
  [62930/100000]  elapsed=57910s  rate=1.1/s  eta=34113s  finite=55983
  [62940/100000]  elapsed=57920s  rate=1.1/s  eta=34104s  finite=55992
  [62950/100000]  elapsed=57929s  rate=1.1/s  eta=34095s  finite=56000
  [62960/100000]  elapsed=57939s  rate=1.1/s  eta=34086s  finite=56009
  [warn] sample 0 failed: 
  [62970/100000]  elapsed=57948s  rate=1.1/s  eta=34076s  finite=56018
  [warn] sample 5 failed: 
  [62980/100000]  elapsed=57956s  rate=1.1/s  eta=34067s  finite=56025
  [62990/100000]  elapsed=57966s  rate=1.1/s  eta=34058s  finite=56035
  [63000/100000]  elapsed=57975s  rate=1.1/s  eta=34049s  finite=56045
  -> checkpoint saved: /scratch/e1498138/lhs/lhs_noise2_paris1_checkpoints/lhs_noise2_paris1_ckpt_063000.pkl
  [63010/100000]  elapsed=57985s  rate=1.1/s  eta=34040s  finite=56055
  [63020/100000]  elapsed=57995s  rate=1.1/s  eta=34031s  finite=56065
  [warn] sample 6 failed: 
  [63030/100000]  elapsed=58003s  rate=1.1/s  eta=34022s  finite=56074
  [warn] sample 4 failed: 
  [63040/100000]  elapsed=58012s  rate=1.1/s  eta=34012s  finite=56082
  [63050/100000]  elapsed=58022s  rate=1.1/s  eta=34003s  finite=56092
  [63060/100000]  elapsed=58031s  rate=1.1/s  eta=33994s  finite=56102
  [63070/100000]  elapsed=58041s  rate=1.1/s  eta=33985s  finite=56110
  [warn] sample 7 failed: 
  [63080/100000]  elapsed=58049s  rate=1.1/s  eta=33976s  finite=56119
  [warn] sample 6 failed: 
  [63090/100000]  elapsed=58058s  rate=1.1/s  eta=33966s  finite=56128
  [63100/100000]  elapsed=58068s  rate=1.1/s  eta=33957s  finite=56137
  -> checkpoint saved: /scratch/e1498138/lhs/lhs_noise2_paris1_checkpoints/lhs_noise2_paris1_ckpt_063100.pkl
  [63110/100000]  elapsed=58077s  rate=1.1/s  eta=33948s  finite=56146
  [63120/100000]  elapsed=58087s  rate=1.1/s  eta=33939s  finite=56155
  [warn] sample 3 failed: 
  [warn] sample 9 failed: 
  [63130/100000]  elapsed=58095s  rate=1.1/s  eta=33929s  finite=56163
  [63140/100000]  elapsed=58104s  rate=1.1/s  eta=33920s  finite=56172
  [63150/100000]  elapsed=58114s  rate=1.1/s  eta=33911s  finite=56182
  [63160/100000]  elapsed=58124s  rate=1.1/s  eta=33902s  finite=56192
  [63170/100000]  elapsed=58133s  rate=1.1/s  eta=33893s  finite=56201
  [63180/100000]  elapsed=58142s  rate=1.1/s  eta=33884s  finite=56211
  [63190/100000]  elapsed=58152s  rate=1.1/s  eta=33875s  finite=56221
  [63200/100000]  elapsed=58161s  rate=1.1/s  eta=33866s  finite=56229
  -> checkpoint saved: /scratch/e1498138/lhs/lhs_noise2_paris1_checkpoints/lhs_noise2_paris1_ckpt_063200.pkl
  [warn] sample 0 failed: 
  [warn] sample 6 failed: 
  [63210/100000]  elapsed=58169s  rate=1.1/s  eta=33856s  finite=56237
  [warn] sample 3 failed: 
  [63220/100000]  elapsed=58178s  rate=1.1/s  eta=33847s  finite=56245
  [63230/100000]  elapsed=58187s  rate=1.1/s  eta=33837s  finite=56254
  [warn] sample 8 failed: 
  [63240/100000]  elapsed=58196s  rate=1.1/s  eta=33828s  finite=56263
  [63250/100000]  elapsed=58205s  rate=1.1/s  eta=33819s  finite=56270
  [63260/100000]  elapsed=58215s  rate=1.1/s  eta=33810s  finite=56280
  [63270/100000]  elapsed=58225s  rate=1.1/s  eta=33801s  finite=56290
  [63280/100000]  elapsed=58234s  rate=1.1/s  eta=33792s  finite=56299
  [63290/100000]  elapsed=58244s  rate=1.1/s  eta=33783s  finite=56307
  [warn] sample 6 failed: 
  [63300/100000]  elapsed=58252s  rate=1.1/s  eta=33773s  finite=56315
  -> checkpoint saved: /scratch/e1498138/lhs/lhs_noise2_paris1_checkpoints/lhs_noise2_paris1_ckpt_063300.pkl
  [warn] sample 5 failed: 
  [63310/100000]  elapsed=58261s  rate=1.1/s  eta=33764s  finite=56324
  [warn] sample 7 failed: 
  [63320/100000]  elapsed=58270s  rate=1.1/s  eta=33754s  finite=56332
  [63330/100000]  elapsed=58279s  rate=1.1/s  eta=33745s  finite=56340
  [63340/100000]  elapsed=58289s  rate=1.1/s  eta=33736s  finite=56350
  [warn] sample 5 failed: 
  [63350/100000]  elapsed=58297s  rate=1.1/s  eta=33727s  finite=56358
  [warn] sample 4 failed: 
  [63360/100000]  elapsed=58306s  rate=1.1/s  eta=33717s  finite=56366
  [63370/100000]  elapsed=58316s  rate=1.1/s  eta=33708s  finite=56374
  [warn] sample 2 failed: 
  [warn] sample 6 failed: 
  [warn] sample 9 failed: 
  [63380/100000]  elapsed=58323s  rate=1.1/s  eta=33698s  finite=56380
  [63390/100000]  elapsed=58332s  rate=1.1/s  eta=33689s  finite=56387
  [warn] sample 3 failed: 
  [63400/100000]  elapsed=58341s  rate=1.1/s  eta=33679s  finite=56396
  -> checkpoint saved: /scratch/e1498138/lhs/lhs_noise2_paris1_checkpoints/lhs_noise2_paris1_ckpt_063400.pkl
  [63410/100000]  elapsed=58350s  rate=1.1/s  eta=33670s  finite=56404
  [warn] sample 9 failed: 
  [63420/100000]  elapsed=58360s  rate=1.1/s  eta=33661s  finite=56413
  [63430/100000]  elapsed=58369s  rate=1.1/s  eta=33652s  finite=56422
  [63440/100000]  elapsed=58378s  rate=1.1/s  eta=33643s  finite=56432
  [63450/100000]  elapsed=58388s  rate=1.1/s  eta=33634s  finite=56442
  [63460/100000]  elapsed=58398s  rate=1.1/s  eta=33625s  finite=56452
  [63470/100000]  elapsed=58407s  rate=1.1/s  eta=33616s  finite=56460
  [63480/100000]  elapsed=58417s  rate=1.1/s  eta=33607s  finite=56470
  [63490/100000]  elapsed=58427s  rate=1.1/s  eta=33598s  finite=56479
  [warn] sample 1 failed: 
  [63500/100000]  elapsed=58435s  rate=1.1/s  eta=33589s  finite=56486
  -> checkpoint saved: /scratch/e1498138/lhs/lhs_noise2_paris1_checkpoints/lhs_noise2_paris1_ckpt_063500.pkl
  [warn] sample 8 failed: 
  [63510/100000]  elapsed=58444s  rate=1.1/s  eta=33579s  finite=56495
  [warn] sample 4 failed: 
  [warn] sample 8 failed: 
  [63520/100000]  elapsed=58452s  rate=1.1/s  eta=33569s  finite=56503
  [63530/100000]  elapsed=58462s  rate=1.1/s  eta=33560s  finite=56511
  [63540/100000]  elapsed=58471s  rate=1.1/s  eta=33551s  finite=56521
  [63550/100000]  elapsed=58481s  rate=1.1/s  eta=33542s  finite=56531
  [warn] sample 0 failed: 
  [63560/100000]  elapsed=58489s  rate=1.1/s  eta=33533s  finite=56540
  [63570/100000]  elapsed=58499s  rate=1.1/s  eta=33524s  finite=56549
  [63580/100000]  elapsed=58508s  rate=1.1/s  eta=33515s  finite=56559
  [63590/100000]  elapsed=58518s  rate=1.1/s  eta=33506s  finite=56568
  [63600/100000]  elapsed=58528s  rate=1.1/s  eta=33497s  finite=56577
  -> checkpoint saved: /scratch/e1498138/lhs/lhs_noise2_paris1_checkpoints/lhs_noise2_paris1_ckpt_063600.pkl
  [63610/100000]  elapsed=58537s  rate=1.1/s  eta=33488s  finite=56586
  [63620/100000]  elapsed=58547s  rate=1.1/s  eta=33479s  finite=56595
  [warn] sample 5 failed: 
  [63630/100000]  elapsed=58556s  rate=1.1/s  eta=33469s  finite=56604
  [63640/100000]  elapsed=58565s  rate=1.1/s  eta=33460s  finite=56614
  [63650/100000]  elapsed=58574s  rate=1.1/s  eta=33451s  finite=56624
  [63660/100000]  elapsed=58584s  rate=1.1/s  eta=33442s  finite=56634
  [63670/100000]  elapsed=58594s  rate=1.1/s  eta=33433s  finite=56644
  [warn] sample 9 failed: 
  [63680/100000]  elapsed=58602s  rate=1.1/s  eta=33424s  finite=56652
  [63690/100000]  elapsed=58612s  rate=1.1/s  eta=33415s  finite=56662
  [63700/100000]  elapsed=58622s  rate=1.1/s  eta=33406s  finite=56670
  -> checkpoint saved: /scratch/e1498138/lhs/lhs_noise2_paris1_checkpoints/lhs_noise2_paris1_ckpt_063700.pkl
  [63710/100000]  elapsed=58631s  rate=1.1/s  eta=33397s  finite=56680
  [63720/100000]  elapsed=58641s  rate=1.1/s  eta=33388s  finite=56689
  [63730/100000]  elapsed=58651s  rate=1.1/s  eta=33379s  finite=56699
  [63740/100000]  elapsed=58660s  rate=1.1/s  eta=33370s  finite=56708
  [63750/100000]  elapsed=58670s  rate=1.1/s  eta=33361s  finite=56718
  [63760/100000]  elapsed=58679s  rate=1.1/s  eta=33352s  finite=56727
  [63770/100000]  elapsed=58689s  rate=1.1/s  eta=33343s  finite=56735
  [63780/100000]  elapsed=58698s  rate=1.1/s  eta=33334s  finite=56744
  [63790/100000]  elapsed=58708s  rate=1.1/s  eta=33325s  finite=56753
  [63800/100000]  elapsed=58717s  rate=1.1/s  eta=33316s  finite=56761
  -> checkpoint saved: /scratch/e1498138/lhs/lhs_noise2_paris1_checkpoints/lhs_noise2_paris1_ckpt_063800.pkl
  [63810/100000]  elapsed=58727s  rate=1.1/s  eta=33307s  finite=56771
  [warn] sample 3 failed: 
  [63820/100000]  elapsed=58735s  rate=1.1/s  eta=33297s  finite=56780
  [warn] sample 5 failed: 
  [63830/100000]  elapsed=58744s  rate=1.1/s  eta=33288s  finite=56789
  [63840/100000]  elapsed=58753s  rate=1.1/s  eta=33279s  finite=56797
  [63850/100000]  elapsed=58763s  rate=1.1/s  eta=33270s  finite=56807
  [63860/100000]  elapsed=58773s  rate=1.1/s  eta=33261s  finite=56816
  [warn] sample 8 failed: 
  [63870/100000]  elapsed=58781s  rate=1.1/s  eta=33251s  finite=56824
  [warn] sample 6 failed: 
  [63880/100000]  elapsed=58790s  rate=1.1/s  eta=33242s  finite=56833
  [63890/100000]  elapsed=58799s  rate=1.1/s  eta=33233s  finite=56842
  [63900/100000]  elapsed=58809s  rate=1.1/s  eta=33224s  finite=56850
  -> checkpoint saved: /scratch/e1498138/lhs/lhs_noise2_paris1_checkpoints/lhs_noise2_paris1_ckpt_063900.pkl
  [63910/100000]  elapsed=58819s  rate=1.1/s  eta=33215s  finite=56860
  [63920/100000]  elapsed=58828s  rate=1.1/s  eta=33206s  finite=56870
  [63930/100000]  elapsed=58838s  rate=1.1/s  eta=33197s  finite=56880
  [63940/100000]  elapsed=58847s  rate=1.1/s  eta=33188s  finite=56888
  [warn] sample 5 failed: 
  [63950/100000]  elapsed=58856s  rate=1.1/s  eta=33178s  finite=56896
  [63960/100000]  elapsed=58866s  rate=1.1/s  eta=33169s  finite=56906
  [63970/100000]  elapsed=58875s  rate=1.1/s  eta=33160s  finite=56915
  [63980/100000]  elapsed=58885s  rate=1.1/s  eta=33151s  finite=56924
  [warn] sample 7 failed: 
  [63990/100000]  elapsed=58893s  rate=1.1/s  eta=33142s  finite=56933
  [warn] sample 9 failed: 
  [64000/100000]  elapsed=58902s  rate=1.1/s  eta=33132s  finite=56942
  -> checkpoint saved: /scratch/e1498138/lhs/lhs_noise2_paris1_checkpoints/lhs_noise2_paris1_ckpt_064000.pkl
  [64010/100000]  elapsed=58912s  rate=1.1/s  eta=33124s  finite=56951
  [warn] sample 1 failed: 
  [64020/100000]  elapsed=58921s  rate=1.1/s  eta=33114s  finite=56959
  [64030/100000]  elapsed=58930s  rate=1.1/s  eta=33105s  finite=56968
  [64040/100000]  elapsed=58940s  rate=1.1/s  eta=33096s  finite=56978
  [64050/100000]  elapsed=58949s  rate=1.1/s  eta=33087s  finite=56985
  [64060/100000]  elapsed=58959s  rate=1.1/s  eta=33078s  finite=56995
  [64070/100000]  elapsed=58968s  rate=1.1/s  eta=33069s  finite=57005
  [64080/100000]  elapsed=58978s  rate=1.1/s  eta=33060s  finite=57012
  [64090/100000]  elapsed=58988s  rate=1.1/s  eta=33051s  finite=57021
  [warn] sample 8 failed: 
  [64100/100000]  elapsed=58997s  rate=1.1/s  eta=33042s  finite=57029
  -> checkpoint saved: /scratch/e1498138/lhs/lhs_noise2_paris1_checkpoints/lhs_noise2_paris1_ckpt_064100.pkl
  [64110/100000]  elapsed=59007s  rate=1.1/s  eta=33033s  finite=57039
  [64120/100000]  elapsed=59017s  rate=1.1/s  eta=33024s  finite=57048
  [warn] sample 8 failed: 
  [64130/100000]  elapsed=59026s  rate=1.1/s  eta=33015s  finite=57056
  [warn] sample 9 failed: 
  [64140/100000]  elapsed=59035s  rate=1.1/s  eta=33006s  finite=57065
  [warn] sample 9 failed: 
  [64150/100000]  elapsed=59043s  rate=1.1/s  eta=32996s  finite=57074
  [64160/100000]  elapsed=59053s  rate=1.1/s  eta=32987s  finite=57082
  [64170/100000]  elapsed=59063s  rate=1.1/s  eta=32979s  finite=57091
  [64180/100000]  elapsed=59073s  rate=1.1/s  eta=32970s  finite=57099
  [64190/100000]  elapsed=59083s  rate=1.1/s  eta=32961s  finite=57109
  [64200/100000]  elapsed=59092s  rate=1.1/s  eta=32952s  finite=57118
  -> checkpoint saved: /scratch/e1498138/lhs/lhs_noise2_paris1_checkpoints/lhs_noise2_paris1_ckpt_064200.pkl
  [64210/100000]  elapsed=59102s  rate=1.1/s  eta=32943s  finite=57128
  [64220/100000]  elapsed=59112s  rate=1.1/s  eta=32934s  finite=57138
  [64230/100000]  elapsed=59122s  rate=1.1/s  eta=32926s  finite=57147
  [64240/100000]  elapsed=59132s  rate=1.1/s  eta=32917s  finite=57155
  [64250/100000]  elapsed=59142s  rate=1.1/s  eta=32908s  finite=57165
  [64260/100000]  elapsed=59152s  rate=1.1/s  eta=32899s  finite=57173
  [64270/100000]  elapsed=59162s  rate=1.1/s  eta=32890s  finite=57183
  [64280/100000]  elapsed=59171s  rate=1.1/s  eta=32881s  finite=57193
  [64290/100000]  elapsed=59181s  rate=1.1/s  eta=32872s  finite=57202
  [64300/100000]  elapsed=59191s  rate=1.1/s  eta=32864s  finite=57212
  -> checkpoint saved: /scratch/e1498138/lhs/lhs_noise2_paris1_checkpoints/lhs_noise2_paris1_ckpt_064300.pkl
  [64310/100000]  elapsed=59201s  rate=1.1/s  eta=32855s  finite=57221
  [warn] sample 1 failed: 
  [64320/100000]  elapsed=59210s  rate=1.1/s  eta=32845s  finite=57230
  [warn] sample 9 failed: 
  [64330/100000]  elapsed=59219s  rate=1.1/s  eta=32836s  finite=57238
  [64340/100000]  elapsed=59229s  rate=1.1/s  eta=32827s  finite=57248
  [64350/100000]  elapsed=59239s  rate=1.1/s  eta=32818s  finite=57258
  [64360/100000]  elapsed=59248s  rate=1.1/s  eta=32809s  finite=57267
  [64370/100000]  elapsed=59258s  rate=1.1/s  eta=32800s  finite=57277
  [64380/100000]  elapsed=59268s  rate=1.1/s  eta=32792s  finite=57283
  [64390/100000]  elapsed=59278s  rate=1.1/s  eta=32783s  finite=57293
  [warn] sample 4 failed: 
  [warn] sample 7 failed: 
  [64400/100000]  elapsed=59286s  rate=1.1/s  eta=32773s  finite=57300
  -> checkpoint saved: /scratch/e1498138/lhs/lhs_noise2_paris1_checkpoints/lhs_noise2_paris1_ckpt_064400.pkl
  [64410/100000]  elapsed=59296s  rate=1.1/s  eta=32764s  finite=57310
  [64420/100000]  elapsed=59305s  rate=1.1/s  eta=32755s  finite=57320
  [64430/100000]  elapsed=59315s  rate=1.1/s  eta=32746s  finite=57330
  [64440/100000]  elapsed=59325s  rate=1.1/s  eta=32737s  finite=57339
  [64450/100000]  elapsed=59335s  rate=1.1/s  eta=32729s  finite=57349
  [warn] sample 2 failed: 
  [64460/100000]  elapsed=59344s  rate=1.1/s  eta=32719s  finite=57357
  [warn] sample 0 failed: 
  [warn] sample 4 failed: 
  [warn] sample 8 failed: 
  [64470/100000]  elapsed=59351s  rate=1.1/s  eta=32709s  finite=57364
  [64480/100000]  elapsed=59361s  rate=1.1/s  eta=32700s  finite=57374
  [64490/100000]  elapsed=59371s  rate=1.1/s  eta=32691s  finite=57384
  [64500/100000]  elapsed=59381s  rate=1.1/s  eta=32682s  finite=57394
  -> checkpoint saved: /scratch/e1498138/lhs/lhs_noise2_paris1_checkpoints/lhs_noise2_paris1_ckpt_064500.pkl
  [64510/100000]  elapsed=59391s  rate=1.1/s  eta=32674s  finite=57404
  [64520/100000]  elapsed=59401s  rate=1.1/s  eta=32665s  finite=57413
  [warn] sample 1 failed: 
  [64530/100000]  elapsed=59410s  rate=1.1/s  eta=32655s  finite=57420
  [64540/100000]  elapsed=59419s  rate=1.1/s  eta=32647s  finite=57429
  [64550/100000]  elapsed=59429s  rate=1.1/s  eta=32638s  finite=57438
  [64560/100000]  elapsed=59439s  rate=1.1/s  eta=32629s  finite=57448
  [64570/100000]  elapsed=59449s  rate=1.1/s  eta=32620s  finite=57457
  [64580/100000]  elapsed=59459s  rate=1.1/s  eta=32611s  finite=57466
  [64590/100000]  elapsed=59469s  rate=1.1/s  eta=32602s  finite=57475
  [warn] sample 5 failed: 
  [64600/100000]  elapsed=59477s  rate=1.1/s  eta=32593s  finite=57483
  -> checkpoint saved: /scratch/e1498138/lhs/lhs_noise2_paris1_checkpoints/lhs_noise2_paris1_ckpt_064600.pkl
  [64610/100000]  elapsed=59487s  rate=1.1/s  eta=32584s  finite=57490
  [warn] sample 1 failed: 
  [warn] sample 3 failed: 
  [warn] sample 7 failed: 
  [64620/100000]  elapsed=59495s  rate=1.1/s  eta=32574s  finite=57497
  [64630/100000]  elapsed=59504s  rate=1.1/s  eta=32565s  finite=57505
  [64640/100000]  elapsed=59515s  rate=1.1/s  eta=32556s  finite=57514
  [warn] sample 6 failed: 
  [64650/100000]  elapsed=59524s  rate=1.1/s  eta=32547s  finite=57520
  [64660/100000]  elapsed=59534s  rate=1.1/s  eta=32538s  finite=57529
  [64670/100000]  elapsed=59543s  rate=1.1/s  eta=32529s  finite=57537
  [64680/100000]  elapsed=59553s  rate=1.1/s  eta=32520s  finite=57547
  [64690/100000]  elapsed=59563s  rate=1.1/s  eta=32511s  finite=57556
  [warn] sample 4 failed: 
  [64700/100000]  elapsed=59572s  rate=1.1/s  eta=32502s  finite=57565
  -> checkpoint saved: /scratch/e1498138/lhs/lhs_noise2_paris1_checkpoints/lhs_noise2_paris1_ckpt_064700.pkl
  [64710/100000]  elapsed=59582s  rate=1.1/s  eta=32493s  finite=57574
  [warn] sample 0 failed: 
  [64720/100000]  elapsed=59591s  rate=1.1/s  eta=32484s  finite=57583
  [64730/100000]  elapsed=59600s  rate=1.1/s  eta=32475s  finite=57590
  [64740/100000]  elapsed=59610s  rate=1.1/s  eta=32466s  finite=57599
  [64750/100000]  elapsed=59620s  rate=1.1/s  eta=32457s  finite=57607
  [64760/100000]  elapsed=59630s  rate=1.1/s  eta=32448s  finite=57617
  [64770/100000]  elapsed=59640s  rate=1.1/s  eta=32440s  finite=57627
  [64780/100000]  elapsed=59650s  rate=1.1/s  eta=32431s  finite=57635
  [64790/100000]  elapsed=59659s  rate=1.1/s  eta=32422s  finite=57645
  [warn] sample 5 failed: 
  [64800/100000]  elapsed=59668s  rate=1.1/s  eta=32412s  finite=57653
  -> checkpoint saved: /scratch/e1498138/lhs/lhs_noise2_paris1_checkpoints/lhs_noise2_paris1_ckpt_064800.pkl
  [64810/100000]  elapsed=59678s  rate=1.1/s  eta=32404s  finite=57663
  [64820/100000]  elapsed=59688s  rate=1.1/s  eta=32395s  finite=57672
  [64830/100000]  elapsed=59698s  rate=1.1/s  eta=32386s  finite=57681
  [64840/100000]  elapsed=59708s  rate=1.1/s  eta=32377s  finite=57690
  [warn] sample 2 failed: 
  [64850/100000]  elapsed=59717s  rate=1.1/s  eta=32368s  finite=57698
  [64860/100000]  elapsed=59726s  rate=1.1/s  eta=32359s  finite=57706
  [warn] sample 8 failed: 
  [64870/100000]  elapsed=59735s  rate=1.1/s  eta=32349s  finite=57714
  [warn] sample 6 failed: 
  [64880/100000]  elapsed=59743s  rate=1.1/s  eta=32340s  finite=57723
  [64890/100000]  elapsed=59753s  rate=1.1/s  eta=32330s  finite=57732
  [64900/100000]  elapsed=59763s  rate=1.1/s  eta=32322s  finite=57741
  -> checkpoint saved: /scratch/e1498138/lhs/lhs_noise2_paris1_checkpoints/lhs_noise2_paris1_ckpt_064900.pkl
  [64910/100000]  elapsed=59772s  rate=1.1/s  eta=32313s  finite=57750
  [warn] sample 1 failed: 
  [warn] sample 2 failed: 
  [64920/100000]  elapsed=59780s  rate=1.1/s  eta=32303s  finite=57757
  [64930/100000]  elapsed=59790s  rate=1.1/s  eta=32294s  finite=57767
  [warn] sample 3 failed: 
  [64940/100000]  elapsed=59799s  rate=1.1/s  eta=32285s  finite=57776
  [64950/100000]  elapsed=59809s  rate=1.1/s  eta=32276s  finite=57786
  [64960/100000]  elapsed=59819s  rate=1.1/s  eta=32267s  finite=57794
  [warn] sample 2 failed: 
  [64970/100000]  elapsed=59828s  rate=1.1/s  eta=32257s  finite=57802
  [64980/100000]  elapsed=59838s  rate=1.1/s  eta=32249s  finite=57811
  [warn] sample 1 failed: 
  [64990/100000]  elapsed=59847s  rate=1.1/s  eta=32239s  finite=57820
  [warn] sample 3 failed: 
  [65000/100000]  elapsed=59856s  rate=1.1/s  eta=32230s  finite=57829
  -> checkpoint saved: /scratch/e1498138/lhs/lhs_noise2_paris1_checkpoints/lhs_noise2_paris1_ckpt_065000.pkl
  [65010/100000]  elapsed=59865s  rate=1.1/s  eta=32221s  finite=57837
  [65020/100000]  elapsed=59875s  rate=1.1/s  eta=32212s  finite=57847
  [warn] sample 6 failed: 
  [65030/100000]  elapsed=59884s  rate=1.1/s  eta=32203s  finite=57856
  [warn] sample 2 failed: 
  [warn] sample 6 failed: 
  [65040/100000]  elapsed=59892s  rate=1.1/s  eta=32193s  finite=57864
  [warn] sample 6 failed: 
  [65050/100000]  elapsed=59901s  rate=1.1/s  eta=32184s  finite=57872
  [65060/100000]  elapsed=59911s  rate=1.1/s  eta=32175s  finite=57880
  [65070/100000]  elapsed=59921s  rate=1.1/s  eta=32166s  finite=57889
  [65080/100000]  elapsed=59930s  rate=1.1/s  eta=32157s  finite=57896
  [warn] sample 6 failed: 
  [warn] sample 9 failed: 
  [65090/100000]  elapsed=59939s  rate=1.1/s  eta=32147s  finite=57904
  [65100/100000]  elapsed=59948s  rate=1.1/s  eta=32138s  finite=57914
  -> checkpoint saved: /scratch/e1498138/lhs/lhs_noise2_paris1_checkpoints/lhs_noise2_paris1_ckpt_065100.pkl
  [65110/100000]  elapsed=59958s  rate=1.1/s  eta=32129s  finite=57923
  [65120/100000]  elapsed=59968s  rate=1.1/s  eta=32121s  finite=57932
  [warn] sample 6 failed: 
  [65130/100000]  elapsed=59977s  rate=1.1/s  eta=32111s  finite=57941
  [65140/100000]  elapsed=59987s  rate=1.1/s  eta=32102s  finite=57950
  [65150/100000]  elapsed=59997s  rate=1.1/s  eta=32093s  finite=57960
  [warn] sample 5 failed: 
  [65160/100000]  elapsed=60006s  rate=1.1/s  eta=32084s  finite=57968
  [warn] sample 2 failed: 
  [65170/100000]  elapsed=60015s  rate=1.1/s  eta=32075s  finite=57975
  [65180/100000]  elapsed=60024s  rate=1.1/s  eta=32066s  finite=57983
  [65190/100000]  elapsed=60034s  rate=1.1/s  eta=32057s  finite=57992
  [65200/100000]  elapsed=60044s  rate=1.1/s  eta=32048s  finite=58002
  -> checkpoint saved: /scratch/e1498138/lhs/lhs_noise2_paris1_checkpoints/lhs_noise2_paris1_ckpt_065200.pkl
  [65210/100000]  elapsed=60054s  rate=1.1/s  eta=32039s  finite=58012
  [65220/100000]  elapsed=60064s  rate=1.1/s  eta=32030s  finite=58020
  [warn] sample 2 failed: 
  [65230/100000]  elapsed=60072s  rate=1.1/s  eta=32021s  finite=58029
  [65240/100000]  elapsed=60082s  rate=1.1/s  eta=32012s  finite=58038
  [65250/100000]  elapsed=60092s  rate=1.1/s  eta=32003s  finite=58047
  [65260/100000]  elapsed=60102s  rate=1.1/s  eta=31994s  finite=58057
  [65270/100000]  elapsed=60112s  rate=1.1/s  eta=31985s  finite=58067
  [warn] sample 1 failed: 
  [65280/100000]  elapsed=60121s  rate=1.1/s  eta=31976s  finite=58076
  [warn] sample 1 failed: 
  [65290/100000]  elapsed=60130s  rate=1.1/s  eta=31967s  finite=58083
  [65300/100000]  elapsed=60140s  rate=1.1/s  eta=31958s  finite=58092
  -> checkpoint saved: /scratch/e1498138/lhs/lhs_noise2_paris1_checkpoints/lhs_noise2_paris1_ckpt_065300.pkl
  [65310/100000]  elapsed=60150s  rate=1.1/s  eta=31949s  finite=58101
  [65320/100000]  elapsed=60160s  rate=1.1/s  eta=31940s  finite=58111
  [65330/100000]  elapsed=60170s  rate=1.1/s  eta=31932s  finite=58121
  [65340/100000]  elapsed=60180s  rate=1.1/s  eta=31923s  finite=58130
  [warn] sample 2 failed: 
  [65350/100000]  elapsed=60189s  rate=1.1/s  eta=31913s  finite=58138
  [65360/100000]  elapsed=60198s  rate=1.1/s  eta=31904s  finite=58146
  [warn] sample 4 failed: 
  [65370/100000]  elapsed=60207s  rate=1.1/s  eta=31895s  finite=58154
  [65380/100000]  elapsed=60217s  rate=1.1/s  eta=31886s  finite=58163
  [65390/100000]  elapsed=60227s  rate=1.1/s  eta=31877s  finite=58172
  [65400/100000]  elapsed=60237s  rate=1.1/s  eta=31868s  finite=58182
  -> checkpoint saved: /scratch/e1498138/lhs/lhs_noise2_paris1_checkpoints/lhs_noise2_paris1_ckpt_065400.pkl
  [65410/100000]  elapsed=60247s  rate=1.1/s  eta=31860s  finite=58190
  [65420/100000]  elapsed=60257s  rate=1.1/s  eta=31851s  finite=58200
  [65430/100000]  elapsed=60267s  rate=1.1/s  eta=31842s  finite=58210
  [warn] sample 6 failed: 
  [65440/100000]  elapsed=60275s  rate=1.1/s  eta=31832s  finite=58217
  [warn] sample 6 failed: 
  [65450/100000]  elapsed=60284s  rate=1.1/s  eta=31823s  finite=58226
  [65460/100000]  elapsed=60294s  rate=1.1/s  eta=31814s  finite=58235
  [65470/100000]  elapsed=60304s  rate=1.1/s  eta=31805s  finite=58244
  [warn] sample 3 failed: 
  [65480/100000]  elapsed=60313s  rate=1.1/s  eta=31796s  finite=58251
  [65490/100000]  elapsed=60323s  rate=1.1/s  eta=31787s  finite=58259
  [65500/100000]  elapsed=60332s  rate=1.1/s  eta=31778s  finite=58268
  -> checkpoint saved: /scratch/e1498138/lhs/lhs_noise2_paris1_checkpoints/lhs_noise2_paris1_ckpt_065500.pkl
  [warn] sample 7 failed: 
  [65510/100000]  elapsed=60341s  rate=1.1/s  eta=31769s  finite=58277
  [warn] sample 4 failed: 
  [65520/100000]  elapsed=60351s  rate=1.1/s  eta=31760s  finite=58286
  [65530/100000]  elapsed=60361s  rate=1.1/s  eta=31751s  finite=58296
  [warn] sample 1 failed: 
  [warn] sample 9 failed: 
  [65540/100000]  elapsed=60369s  rate=1.1/s  eta=31741s  finite=58304
  [65550/100000]  elapsed=60378s  rate=1.1/s  eta=31732s  finite=58313
  [65560/100000]  elapsed=60388s  rate=1.1/s  eta=31723s  finite=58323
  [65570/100000]  elapsed=60398s  rate=1.1/s  eta=31714s  finite=58332
  [65580/100000]  elapsed=60408s  rate=1.1/s  eta=31705s  finite=58341
  [warn] sample 5 failed: 
  [65590/100000]  elapsed=60417s  rate=1.1/s  eta=31696s  finite=58350
  [65600/100000]  elapsed=60427s  rate=1.1/s  eta=31687s  finite=58360
  -> checkpoint saved: /scratch/e1498138/lhs/lhs_noise2_paris1_checkpoints/lhs_noise2_paris1_ckpt_065600.pkl
  [65610/100000]  elapsed=60436s  rate=1.1/s  eta=31678s  finite=58370
  [warn] sample 9 failed: 
  [65620/100000]  elapsed=60445s  rate=1.1/s  eta=31669s  finite=58379
  [warn] sample 8 failed: 
  [65630/100000]  elapsed=60454s  rate=1.1/s  eta=31660s  finite=58387
  [65640/100000]  elapsed=60464s  rate=1.1/s  eta=31651s  finite=58397
  [65650/100000]  elapsed=60474s  rate=1.1/s  eta=31642s  finite=58406
  [65660/100000]  elapsed=60484s  rate=1.1/s  eta=31633s  finite=58416
  [65670/100000]  elapsed=60493s  rate=1.1/s  eta=31624s  finite=58423
  [65680/100000]  elapsed=60503s  rate=1.1/s  eta=31615s  finite=58433
  [65690/100000]  elapsed=60513s  rate=1.1/s  eta=31606s  finite=58441
  [warn] sample 9 failed: 
  [65700/100000]  elapsed=60522s  rate=1.1/s  eta=31597s  finite=58450
  -> checkpoint saved: /scratch/e1498138/lhs/lhs_noise2_paris1_checkpoints/lhs_noise2_paris1_ckpt_065700.pkl
  [65710/100000]  elapsed=60532s  rate=1.1/s  eta=31588s  finite=58460
  [65720/100000]  elapsed=60542s  rate=1.1/s  eta=31579s  finite=58470
  [warn] sample 4 failed: 
  [65730/100000]  elapsed=60551s  rate=1.1/s  eta=31570s  finite=58478
  [warn] sample 9 failed: 
  [65740/100000]  elapsed=60560s  rate=1.1/s  eta=31560s  finite=58487
  [65750/100000]  elapsed=60570s  rate=1.1/s  eta=31552s  finite=58497
  [65760/100000]  elapsed=60580s  rate=1.1/s  eta=31543s  finite=58507
  [warn] sample 1 failed: 
  [warn] sample 3 failed: 
  [65770/100000]  elapsed=60588s  rate=1.1/s  eta=31533s  finite=58512
  [warn] sample 1 failed: 
  [65780/100000]  elapsed=60597s  rate=1.1/s  eta=31523s  finite=58519
  [65790/100000]  elapsed=60606s  rate=1.1/s  eta=31514s  finite=58527
  [65800/100000]  elapsed=60616s  rate=1.1/s  eta=31506s  finite=58537
  -> checkpoint saved: /scratch/e1498138/lhs/lhs_noise2_paris1_checkpoints/lhs_noise2_paris1_ckpt_065800.pkl
  [warn] sample 2 failed: 
  [65810/100000]  elapsed=60625s  rate=1.1/s  eta=31496s  finite=58546
  [65820/100000]  elapsed=60635s  rate=1.1/s  eta=31488s  finite=58555
  [65830/100000]  elapsed=60645s  rate=1.1/s  eta=31479s  finite=58564
  [65840/100000]  elapsed=60655s  rate=1.1/s  eta=31470s  finite=58572
  [65850/100000]  elapsed=60664s  rate=1.1/s  eta=31461s  finite=58581
  [warn] sample 0 failed: 
  [65860/100000]  elapsed=60673s  rate=1.1/s  eta=31451s  finite=58588
  [warn] sample 6 failed: 
  [65870/100000]  elapsed=60682s  rate=1.1/s  eta=31442s  finite=58597
  [65880/100000]  elapsed=60692s  rate=1.1/s  eta=31433s  finite=58607
  [warn] sample 1 failed: 
  [65890/100000]  elapsed=60701s  rate=1.1/s  eta=31424s  finite=58614
  [65900/100000]  elapsed=60711s  rate=1.1/s  eta=31415s  finite=58624
  -> checkpoint saved: /scratch/e1498138/lhs/lhs_noise2_paris1_checkpoints/lhs_noise2_paris1_ckpt_065900.pkl
  [65910/100000]  elapsed=60721s  rate=1.1/s  eta=31406s  finite=58632
  [65920/100000]  elapsed=60731s  rate=1.1/s  eta=31397s  finite=58639
  [warn] sample 9 failed: 
  [65930/100000]  elapsed=60740s  rate=1.1/s  eta=31388s  finite=58647
  [65940/100000]  elapsed=60750s  rate=1.1/s  eta=31379s  finite=58657
  [warn] sample 0 failed: 
  [warn] sample 9 failed: 
  [65950/100000]  elapsed=60758s  rate=1.1/s  eta=31369s  finite=58664
  [65960/100000]  elapsed=60768s  rate=1.1/s  eta=31360s  finite=58674
  [65970/100000]  elapsed=60777s  rate=1.1/s  eta=31351s  finite=58684
  [warn] sample 6 failed: 
  [65980/100000]  elapsed=60786s  rate=1.1/s  eta=31342s  finite=58693
  [65990/100000]  elapsed=60796s  rate=1.1/s  eta=31333s  finite=58702
  [66000/100000]  elapsed=60806s  rate=1.1/s  eta=31324s  finite=58711
  -> checkpoint saved: /scratch/e1498138/lhs/lhs_noise2_paris1_checkpoints/lhs_noise2_paris1_ckpt_066000.pkl
  [warn] sample 5 failed: 
  [66010/100000]  elapsed=60815s  rate=1.1/s  eta=31315s  finite=58720
  [66020/100000]  elapsed=60825s  rate=1.1/s  eta=31306s  finite=58729
  [warn] sample 8 failed: 
  [66030/100000]  elapsed=60834s  rate=1.1/s  eta=31297s  finite=58738
  [66040/100000]  elapsed=60844s  rate=1.1/s  eta=31288s  finite=58745
  [66050/100000]  elapsed=60854s  rate=1.1/s  eta=31279s  finite=58754
  [warn] sample 0 failed: 
  [66060/100000]  elapsed=60863s  rate=1.1/s  eta=31270s  finite=58762
  [66070/100000]  elapsed=60873s  rate=1.1/s  eta=31261s  finite=58772
  [warn] sample 7 failed: 
  [66080/100000]  elapsed=60882s  rate=1.1/s  eta=31252s  finite=58780
  [66090/100000]  elapsed=60892s  rate=1.1/s  eta=31243s  finite=58789
  [warn] sample 2 failed: 
  [66100/100000]  elapsed=60901s  rate=1.1/s  eta=31233s  finite=58797
  -> checkpoint saved: /scratch/e1498138/lhs/lhs_noise2_paris1_checkpoints/lhs_noise2_paris1_ckpt_066100.pkl
  [66110/100000]  elapsed=60910s  rate=1.1/s  eta=31225s  finite=58806
  [66120/100000]  elapsed=60920s  rate=1.1/s  eta=31216s  finite=58816
  [66130/100000]  elapsed=60930s  rate=1.1/s  eta=31207s  finite=58826
  [warn] sample 2 failed: 
  [warn] sample 4 failed: 
  [warn] sample 6 failed: 
  [warn] sample 9 failed: 
  [66140/100000]  elapsed=60936s  rate=1.1/s  eta=31196s  finite=58832
  [66150/100000]  elapsed=60946s  rate=1.1/s  eta=31187s  finite=58841
  [warn] sample 7 failed: 
  [66160/100000]  elapsed=60955s  rate=1.1/s  eta=31178s  finite=58849
  [66170/100000]  elapsed=60965s  rate=1.1/s  eta=31169s  finite=58859
  [66180/100000]  elapsed=60975s  rate=1.1/s  eta=31160s  finite=58868
  [66190/100000]  elapsed=60985s  rate=1.1/s  eta=31151s  finite=58878
  [66200/100000]  elapsed=60995s  rate=1.1/s  eta=31142s  finite=58887
  -> checkpoint saved: /scratch/e1498138/lhs/lhs_noise2_paris1_checkpoints/lhs_noise2_paris1_ckpt_066200.pkl
  [warn] sample 5 failed: 
  [66210/100000]  elapsed=61004s  rate=1.1/s  eta=31133s  finite=58895
  [warn] sample 5 failed: 
  [66220/100000]  elapsed=61013s  rate=1.1/s  eta=31124s  finite=58902
  [warn] sample 0 failed: 
  [66230/100000]  elapsed=61022s  rate=1.1/s  eta=31115s  finite=58911
  [66240/100000]  elapsed=61032s  rate=1.1/s  eta=31106s  finite=58920
  [66250/100000]  elapsed=61042s  rate=1.1/s  eta=31097s  finite=58927
  [66260/100000]  elapsed=61051s  rate=1.1/s  eta=31088s  finite=58934
  [66270/100000]  elapsed=61061s  rate=1.1/s  eta=31079s  finite=58942
  [warn] sample 8 failed: 
  [66280/100000]  elapsed=61070s  rate=1.1/s  eta=31069s  finite=58951
  [warn] sample 3 failed: 
  [66290/100000]  elapsed=61079s  rate=1.1/s  eta=31060s  finite=58959
  [66300/100000]  elapsed=61089s  rate=1.1/s  eta=31051s  finite=58968
  -> checkpoint saved: /scratch/e1498138/lhs/lhs_noise2_paris1_checkpoints/lhs_noise2_paris1_ckpt_066300.pkl
  [warn] sample 4 failed: 
  [66310/100000]  elapsed=61098s  rate=1.1/s  eta=31042s  finite=58975
  [66320/100000]  elapsed=61108s  rate=1.1/s  eta=31033s  finite=58984
  [66330/100000]  elapsed=61118s  rate=1.1/s  eta=31024s  finite=58994
  [warn] sample 8 failed: 
  [66340/100000]  elapsed=61127s  rate=1.1/s  eta=31015s  finite=59002
  [66350/100000]  elapsed=61137s  rate=1.1/s  eta=31006s  finite=59011
  [66360/100000]  elapsed=61146s  rate=1.1/s  eta=30997s  finite=59020
  [warn] sample 2 failed: 
  [66370/100000]  elapsed=61155s  rate=1.1/s  eta=30988s  finite=59027
  [66380/100000]  elapsed=61165s  rate=1.1/s  eta=30979s  finite=59036
  [66390/100000]  elapsed=61175s  rate=1.1/s  eta=30970s  finite=59045
  [66400/100000]  elapsed=61185s  rate=1.1/s  eta=30961s  finite=59053
  -> checkpoint saved: /scratch/e1498138/lhs/lhs_noise2_paris1_checkpoints/lhs_noise2_paris1_ckpt_066400.pkl
  [66410/100000]  elapsed=61195s  rate=1.1/s  eta=30952s  finite=59063
  [66420/100000]  elapsed=61205s  rate=1.1/s  eta=30943s  finite=59072
  [warn] sample 9 failed: 
  [66430/100000]  elapsed=61213s  rate=1.1/s  eta=30934s  finite=59080
  [66440/100000]  elapsed=61223s  rate=1.1/s  eta=30925s  finite=59089
  [warn] sample 9 failed: 
  [66450/100000]  elapsed=61232s  rate=1.1/s  eta=30916s  finite=59097
  [66460/100000]  elapsed=61242s  rate=1.1/s  eta=30907s  finite=59106
  [66470/100000]  elapsed=61252s  rate=1.1/s  eta=30898s  finite=59116
  [warn] sample 1 failed: 
  [66480/100000]  elapsed=61261s  rate=1.1/s  eta=30888s  finite=59125
  [66490/100000]  elapsed=61271s  rate=1.1/s  eta=30880s  finite=59132
  [warn] sample 1 failed: 
  [66500/100000]  elapsed=61280s  rate=1.1/s  eta=30870s  finite=59141
  -> checkpoint saved: /scratch/e1498138/lhs/lhs_noise2_paris1_checkpoints/lhs_noise2_paris1_ckpt_066500.pkl
  [66510/100000]  elapsed=61290s  rate=1.1/s  eta=30861s  finite=59151
  [66520/100000]  elapsed=61300s  rate=1.1/s  eta=30853s  finite=59161
  [66530/100000]  elapsed=61310s  rate=1.1/s  eta=30844s  finite=59171
  [66540/100000]  elapsed=61319s  rate=1.1/s  eta=30835s  finite=59180
  [66550/100000]  elapsed=61329s  rate=1.1/s  eta=30826s  finite=59188
  [66560/100000]  elapsed=61339s  rate=1.1/s  eta=30817s  finite=59197
  [warn] sample 1 failed: 
  [warn] sample 4 failed: 
  [66570/100000]  elapsed=61347s  rate=1.1/s  eta=30807s  finite=59205
  [66580/100000]  elapsed=61357s  rate=1.1/s  eta=30798s  finite=59214
  [warn] sample 4 failed: 
  [66590/100000]  elapsed=61366s  rate=1.1/s  eta=30789s  finite=59223
  [warn] sample 0 failed: 
  [66600/100000]  elapsed=61375s  rate=1.1/s  eta=30780s  finite=59228
  -> checkpoint saved: /scratch/e1498138/lhs/lhs_noise2_paris1_checkpoints/lhs_noise2_paris1_ckpt_066600.pkl
  [warn] sample 0 failed: 
  [warn] sample 5 failed: 
  [66610/100000]  elapsed=61383s  rate=1.1/s  eta=30770s  finite=59236
  [66620/100000]  elapsed=61393s  rate=1.1/s  eta=30761s  finite=59244
  [warn] sample 3 failed: 
  [66630/100000]  elapsed=61402s  rate=1.1/s  eta=30752s  finite=59250
  [66640/100000]  elapsed=61412s  rate=1.1/s  eta=30743s  finite=59259
  [66650/100000]  elapsed=61421s  rate=1.1/s  eta=30734s  finite=59268
  [66660/100000]  elapsed=61431s  rate=1.1/s  eta=30725s  finite=59278
  [66670/100000]  elapsed=61441s  rate=1.1/s  eta=30716s  finite=59286
  [66680/100000]  elapsed=61450s  rate=1.1/s  eta=30707s  finite=59295
  [66690/100000]  elapsed=61460s  rate=1.1/s  eta=30698s  finite=59305
  [warn] sample 6 failed: 
  [66700/100000]  elapsed=61469s  rate=1.1/s  eta=30688s  finite=59313
  -> checkpoint saved: /scratch/e1498138/lhs/lhs_noise2_paris1_checkpoints/lhs_noise2_paris1_ckpt_066700.pkl
  [66710/100000]  elapsed=61479s  rate=1.1/s  eta=30680s  finite=59323
  [66720/100000]  elapsed=61489s  rate=1.1/s  eta=30671s  finite=59333
  [66730/100000]  elapsed=61499s  rate=1.1/s  eta=30662s  finite=59343
  [66740/100000]  elapsed=61509s  rate=1.1/s  eta=30653s  finite=59353
  [66750/100000]  elapsed=61518s  rate=1.1/s  eta=30644s  finite=59363
  [66760/100000]  elapsed=61528s  rate=1.1/s  eta=30635s  finite=59373
  [warn] sample 4 failed: 
  [66770/100000]  elapsed=61537s  rate=1.1/s  eta=30626s  finite=59382
  [66780/100000]  elapsed=61547s  rate=1.1/s  eta=30617s  finite=59391
  [66790/100000]  elapsed=61557s  rate=1.1/s  eta=30608s  finite=59399
  [66800/100000]  elapsed=61567s  rate=1.1/s  eta=30599s  finite=59408
  -> checkpoint saved: /scratch/e1498138/lhs/lhs_noise2_paris1_checkpoints/lhs_noise2_paris1_ckpt_066800.pkl
  [66810/100000]  elapsed=61577s  rate=1.1/s  eta=30590s  finite=59418
  [warn] sample 0 failed: 
  [warn] sample 9 failed: 
  [66820/100000]  elapsed=61585s  rate=1.1/s  eta=30581s  finite=59425
  [warn] sample 8 failed: 
  [66830/100000]  elapsed=61594s  rate=1.1/s  eta=30571s  finite=59434
  [warn] sample 2 failed: 
  [66840/100000]  elapsed=61603s  rate=1.1/s  eta=30562s  finite=59442
  [66850/100000]  elapsed=61613s  rate=1.1/s  eta=30553s  finite=59452
  [66860/100000]  elapsed=61623s  rate=1.1/s  eta=30544s  finite=59462
  [66870/100000]  elapsed=61632s  rate=1.1/s  eta=30535s  finite=59472
  [66880/100000]  elapsed=61642s  rate=1.1/s  eta=30526s  finite=59482
  [66890/100000]  elapsed=61652s  rate=1.1/s  eta=30517s  finite=59492
  [warn] sample 4 failed: 
  [warn] sample 7 failed: 
  [66900/100000]  elapsed=61660s  rate=1.1/s  eta=30508s  finite=59500
  -> checkpoint saved: /scratch/e1498138/lhs/lhs_noise2_paris1_checkpoints/lhs_noise2_paris1_ckpt_066900.pkl
  [66910/100000]  elapsed=61670s  rate=1.1/s  eta=30499s  finite=59510
  [warn] sample 1 failed: 
  [warn] sample 8 failed: 
  [66920/100000]  elapsed=61678s  rate=1.1/s  eta=30489s  finite=59517
  [warn] sample 1 failed: 
  [66930/100000]  elapsed=61687s  rate=1.1/s  eta=30480s  finite=59524
  [66940/100000]  elapsed=61697s  rate=1.1/s  eta=30471s  finite=59534
  [66950/100000]  elapsed=61707s  rate=1.1/s  eta=30462s  finite=59543
  [warn] sample 0 failed: 
  [warn] sample 6 failed: 
  [66960/100000]  elapsed=61715s  rate=1.1/s  eta=30452s  finite=59551
  [warn] sample 6 failed: 
  [66970/100000]  elapsed=61724s  rate=1.1/s  eta=30443s  finite=59560
  [66980/100000]  elapsed=61734s  rate=1.1/s  eta=30434s  finite=59570
  [66990/100000]  elapsed=61744s  rate=1.1/s  eta=30425s  finite=59579
  [67000/100000]  elapsed=61753s  rate=1.1/s  eta=30416s  finite=59587
  -> checkpoint saved: /scratch/e1498138/lhs/lhs_noise2_paris1_checkpoints/lhs_noise2_paris1_ckpt_067000.pkl
  [67010/100000]  elapsed=61764s  rate=1.1/s  eta=30407s  finite=59595
  [67020/100000]  elapsed=61774s  rate=1.1/s  eta=30398s  finite=59605
  [67030/100000]  elapsed=61783s  rate=1.1/s  eta=30389s  finite=59614
  [67040/100000]  elapsed=61793s  rate=1.1/s  eta=30380s  finite=59624
  [67050/100000]  elapsed=61803s  rate=1.1/s  eta=30372s  finite=59633
  [warn] sample 6 failed: 
  [67060/100000]  elapsed=61812s  rate=1.1/s  eta=30362s  finite=59642
  [67070/100000]  elapsed=61822s  rate=1.1/s  eta=30353s  finite=59652
  [67080/100000]  elapsed=61832s  rate=1.1/s  eta=30345s  finite=59660
  [warn] sample 3 failed: 
  [67090/100000]  elapsed=61841s  rate=1.1/s  eta=30335s  finite=59668
  [67100/100000]  elapsed=61851s  rate=1.1/s  eta=30326s  finite=59677
  -> checkpoint saved: /scratch/e1498138/lhs/lhs_noise2_paris1_checkpoints/lhs_noise2_paris1_ckpt_067100.pkl
  [67110/100000]  elapsed=61861s  rate=1.1/s  eta=30317s  finite=59686
  [warn] sample 8 failed: 
  [67120/100000]  elapsed=61870s  rate=1.1/s  eta=30308s  finite=59694
  [67130/100000]  elapsed=61879s  rate=1.1/s  eta=30299s  finite=59703
  [67140/100000]  elapsed=61889s  rate=1.1/s  eta=30290s  finite=59712
  [67150/100000]  elapsed=61899s  rate=1.1/s  eta=30281s  finite=59720
  [67160/100000]  elapsed=61909s  rate=1.1/s  eta=30272s  finite=59728
  [67170/100000]  elapsed=61919s  rate=1.1/s  eta=30263s  finite=59737
  [67180/100000]  elapsed=61929s  rate=1.1/s  eta=30255s  finite=59747
  [67190/100000]  elapsed=61938s  rate=1.1/s  eta=30246s  finite=59757
  [warn] sample 0 failed: 
  [67200/100000]  elapsed=61948s  rate=1.1/s  eta=30236s  finite=59765
  -> checkpoint saved: /scratch/e1498138/lhs/lhs_noise2_paris1_checkpoints/lhs_noise2_paris1_ckpt_067200.pkl
  [67210/100000]  elapsed=61957s  rate=1.1/s  eta=30227s  finite=59775
  [67220/100000]  elapsed=61967s  rate=1.1/s  eta=30218s  finite=59784
  [67230/100000]  elapsed=61977s  rate=1.1/s  eta=30210s  finite=59793
  [warn] sample 3 failed: 
  [67240/100000]  elapsed=61986s  rate=1.1/s  eta=30200s  finite=59801
  [67250/100000]  elapsed=61996s  rate=1.1/s  eta=30191s  finite=59811
  [67260/100000]  elapsed=62006s  rate=1.1/s  eta=30182s  finite=59821
  [67270/100000]  elapsed=62016s  rate=1.1/s  eta=30174s  finite=59830
  [warn] sample 9 failed: 
  [67280/100000]  elapsed=62025s  rate=1.1/s  eta=30164s  finite=59837
  [67290/100000]  elapsed=62035s  rate=1.1/s  eta=30155s  finite=59846
  [67300/100000]  elapsed=62044s  rate=1.1/s  eta=30146s  finite=59854
  -> checkpoint saved: /scratch/e1498138/lhs/lhs_noise2_paris1_checkpoints/lhs_noise2_paris1_ckpt_067300.pkl
  [warn] sample 2 failed: 
  [warn] sample 3 failed: 
  [67310/100000]  elapsed=62053s  rate=1.1/s  eta=30137s  finite=59862
  [warn] sample 2 failed: 
  [warn] sample 6 failed: 
  [67320/100000]  elapsed=62061s  rate=1.1/s  eta=30127s  finite=59869
  [67330/100000]  elapsed=62071s  rate=1.1/s  eta=30118s  finite=59878
  [67340/100000]  elapsed=62080s  rate=1.1/s  eta=30109s  finite=59888
  [67350/100000]  elapsed=62090s  rate=1.1/s  eta=30100s  finite=59898
  [warn] sample 0 failed: 
  [67360/100000]  elapsed=62099s  rate=1.1/s  eta=30091s  finite=59907
  [warn] sample 8 failed: 
  [67370/100000]  elapsed=62108s  rate=1.1/s  eta=30081s  finite=59916
  [67380/100000]  elapsed=62118s  rate=1.1/s  eta=30073s  finite=59925
  [warn] sample 4 failed: 
  [warn] sample 5 failed: 
  [warn] sample 8 failed: 
  [67390/100000]  elapsed=62125s  rate=1.1/s  eta=30062s  finite=59930
  [warn] sample 1 failed: 
  [67400/100000]  elapsed=62134s  rate=1.1/s  eta=30053s  finite=59938
  -> checkpoint saved: /scratch/e1498138/lhs/lhs_noise2_paris1_checkpoints/lhs_noise2_paris1_ckpt_067400.pkl
  [67410/100000]  elapsed=62144s  rate=1.1/s  eta=30044s  finite=59948
  [67420/100000]  elapsed=62154s  rate=1.1/s  eta=30035s  finite=59957
  [warn] sample 7 failed: 
  [67430/100000]  elapsed=62163s  rate=1.1/s  eta=30026s  finite=59966
  [67440/100000]  elapsed=62173s  rate=1.1/s  eta=30017s  finite=59976
  [67450/100000]  elapsed=62183s  rate=1.1/s  eta=30008s  finite=59986
  [67460/100000]  elapsed=62192s  rate=1.1/s  eta=29999s  finite=59995
  [warn] sample 6 failed: 
  [67470/100000]  elapsed=62201s  rate=1.1/s  eta=29990s  finite=60002
  [67480/100000]  elapsed=62211s  rate=1.1/s  eta=29981s  finite=60011
  [warn] sample 3 failed: 
  [warn] sample 5 failed: 
  [67490/100000]  elapsed=62219s  rate=1.1/s  eta=29971s  finite=60019
  [67500/100000]  elapsed=62229s  rate=1.1/s  eta=29962s  finite=60028
  -> checkpoint saved: /scratch/e1498138/lhs/lhs_noise2_paris1_checkpoints/lhs_noise2_paris1_ckpt_067500.pkl
  [67510/100000]  elapsed=62239s  rate=1.1/s  eta=29953s  finite=60038
  [67520/100000]  elapsed=62249s  rate=1.1/s  eta=29944s  finite=60048
  [67530/100000]  elapsed=62259s  rate=1.1/s  eta=29936s  finite=60058
  [67540/100000]  elapsed=62269s  rate=1.1/s  eta=29927s  finite=60068
  [warn] sample 6 failed: 
  [67550/100000]  elapsed=62278s  rate=1.1/s  eta=29917s  finite=60075
  [warn] sample 7 failed: 
  [67560/100000]  elapsed=62287s  rate=1.1/s  eta=29908s  finite=60084
  [warn] sample 9 failed: 
  [67570/100000]  elapsed=62296s  rate=1.1/s  eta=29899s  finite=60093
  [67580/100000]  elapsed=62306s  rate=1.1/s  eta=29890s  finite=60102
  [67590/100000]  elapsed=62315s  rate=1.1/s  eta=29881s  finite=60111
  [warn] sample 7 failed: 
  [warn] sample 8 failed: 
  [67600/100000]  elapsed=62323s  rate=1.1/s  eta=29871s  finite=60119
  -> checkpoint saved: /scratch/e1498138/lhs/lhs_noise2_paris1_checkpoints/lhs_noise2_paris1_ckpt_067600.pkl
  [67610/100000]  elapsed=62333s  rate=1.1/s  eta=29862s  finite=60128
  [67620/100000]  elapsed=62343s  rate=1.1/s  eta=29853s  finite=60137
  [67630/100000]  elapsed=62353s  rate=1.1/s  eta=29844s  finite=60147
  [warn] sample 8 failed: 
  [67640/100000]  elapsed=62362s  rate=1.1/s  eta=29835s  finite=60156
  [67650/100000]  elapsed=62372s  rate=1.1/s  eta=29826s  finite=60166
  [warn] sample 2 failed: 
  [67660/100000]  elapsed=62381s  rate=1.1/s  eta=29817s  finite=60175
  [67670/100000]  elapsed=62391s  rate=1.1/s  eta=29808s  finite=60185
  [67680/100000]  elapsed=62400s  rate=1.1/s  eta=29799s  finite=60194
  [67690/100000]  elapsed=62410s  rate=1.1/s  eta=29790s  finite=60203
  [67700/100000]  elapsed=62420s  rate=1.1/s  eta=29781s  finite=60213
  -> checkpoint saved: /scratch/e1498138/lhs/lhs_noise2_paris1_checkpoints/lhs_noise2_paris1_ckpt_067700.pkl
  [67710/100000]  elapsed=62430s  rate=1.1/s  eta=29772s  finite=60222
  [warn] sample 5 failed: 
  [67720/100000]  elapsed=62439s  rate=1.1/s  eta=29763s  finite=60231
  [warn] sample 7 failed: 
  [67730/100000]  elapsed=62448s  rate=1.1/s  eta=29753s  finite=60239
  [67740/100000]  elapsed=62458s  rate=1.1/s  eta=29744s  finite=60249
  [67750/100000]  elapsed=62467s  rate=1.1/s  eta=29735s  finite=60259
  [67760/100000]  elapsed=62477s  rate=1.1/s  eta=29727s  finite=60269
  [67770/100000]  elapsed=62487s  rate=1.1/s  eta=29718s  finite=60276
  [warn] sample 6 failed: 
  [67780/100000]  elapsed=62496s  rate=1.1/s  eta=29708s  finite=60285
  [warn] sample 8 failed: 
  [67790/100000]  elapsed=62505s  rate=1.1/s  eta=29699s  finite=60294
  [67800/100000]  elapsed=62515s  rate=1.1/s  eta=29690s  finite=60303
  -> checkpoint saved: /scratch/e1498138/lhs/lhs_noise2_paris1_checkpoints/lhs_noise2_paris1_ckpt_067800.pkl
  [warn] sample 1 failed: 
  [warn] sample 7 failed: 
  [warn] sample 9 failed: 
  [67810/100000]  elapsed=62522s  rate=1.1/s  eta=29680s  finite=60310
  [67820/100000]  elapsed=62532s  rate=1.1/s  eta=29671s  finite=60319
  [67830/100000]  elapsed=62542s  rate=1.1/s  eta=29662s  finite=60328
  [warn] sample 8 failed: 
  [67840/100000]  elapsed=62551s  rate=1.1/s  eta=29653s  finite=60337
  [67850/100000]  elapsed=62561s  rate=1.1/s  eta=29644s  finite=60346
  [67860/100000]  elapsed=62571s  rate=1.1/s  eta=29635s  finite=60356
  [67870/100000]  elapsed=62581s  rate=1.1/s  eta=29626s  finite=60366
  [67880/100000]  elapsed=62591s  rate=1.1/s  eta=29617s  finite=60375
  [warn] sample 3 failed: 
  [67890/100000]  elapsed=62600s  rate=1.1/s  eta=29608s  finite=60382
  [67900/100000]  elapsed=62610s  rate=1.1/s  eta=29599s  finite=60391
  -> checkpoint saved: /scratch/e1498138/lhs/lhs_noise2_paris1_checkpoints/lhs_noise2_paris1_ckpt_067900.pkl
  [warn] sample 1 failed: 
  [67910/100000]  elapsed=62619s  rate=1.1/s  eta=29590s  finite=60399
  [67920/100000]  elapsed=62628s  rate=1.1/s  eta=29581s  finite=60409
  [warn] sample 5 failed: 
  [67930/100000]  elapsed=62637s  rate=1.1/s  eta=29571s  finite=60418
  [67940/100000]  elapsed=62647s  rate=1.1/s  eta=29562s  finite=60427
  [warn] sample 1 failed: 
  [67950/100000]  elapsed=62656s  rate=1.1/s  eta=29553s  finite=60436
  [67960/100000]  elapsed=62666s  rate=1.1/s  eta=29544s  finite=60446
  [67970/100000]  elapsed=62676s  rate=1.1/s  eta=29535s  finite=60456
  [67980/100000]  elapsed=62686s  rate=1.1/s  eta=29526s  finite=60465
  [67990/100000]  elapsed=62695s  rate=1.1/s  eta=29517s  finite=60475
  [68000/100000]  elapsed=62705s  rate=1.1/s  eta=29508s  finite=60485
  -> checkpoint saved: /scratch/e1498138/lhs/lhs_noise2_paris1_checkpoints/lhs_noise2_paris1_ckpt_068000.pkl
  [warn] sample 8 failed: 
  [68010/100000]  elapsed=62714s  rate=1.1/s  eta=29499s  finite=60494
  [68020/100000]  elapsed=62724s  rate=1.1/s  eta=29490s  finite=60503
  [68030/100000]  elapsed=62734s  rate=1.1/s  eta=29481s  finite=60512
  [68040/100000]  elapsed=62744s  rate=1.1/s  eta=29472s  finite=60521
  [68050/100000]  elapsed=62754s  rate=1.1/s  eta=29463s  finite=60531
  [68060/100000]  elapsed=62763s  rate=1.1/s  eta=29454s  finite=60540
  [68070/100000]  elapsed=62773s  rate=1.1/s  eta=29445s  finite=60550
  [68080/100000]  elapsed=62783s  rate=1.1/s  eta=29436s  finite=60559
  [68090/100000]  elapsed=62793s  rate=1.1/s  eta=29428s  finite=60568
  [68100/100000]  elapsed=62803s  rate=1.1/s  eta=29419s  finite=60577
  -> checkpoint saved: /scratch/e1498138/lhs/lhs_noise2_paris1_checkpoints/lhs_noise2_paris1_ckpt_068100.pkl
  [68110/100000]  elapsed=62812s  rate=1.1/s  eta=29410s  finite=60586
  [68120/100000]  elapsed=62822s  rate=1.1/s  eta=29401s  finite=60596
  [68130/100000]  elapsed=62832s  rate=1.1/s  eta=29392s  finite=60605
  [68140/100000]  elapsed=62842s  rate=1.1/s  eta=29383s  finite=60615
  [warn] sample 1 failed: 
  [warn] sample 9 failed: 
  [68150/100000]  elapsed=62850s  rate=1.1/s  eta=29373s  finite=60622
  [68160/100000]  elapsed=62860s  rate=1.1/s  eta=29364s  finite=60632
  [68170/100000]  elapsed=62870s  rate=1.1/s  eta=29355s  finite=60641
  [warn] sample 7 failed: 
  [68180/100000]  elapsed=62879s  rate=1.1/s  eta=29346s  finite=60649
  [warn] sample 0 failed: 
  [warn] sample 9 failed: 
  [68190/100000]  elapsed=62886s  rate=1.1/s  eta=29336s  finite=60656
  [68200/100000]  elapsed=62896s  rate=1.1/s  eta=29327s  finite=60666
  -> checkpoint saved: /scratch/e1498138/lhs/lhs_noise2_paris1_checkpoints/lhs_noise2_paris1_ckpt_068200.pkl
  [68210/100000]  elapsed=62906s  rate=1.1/s  eta=29318s  finite=60675
  [warn] sample 0 failed: 
  [68220/100000]  elapsed=62915s  rate=1.1/s  eta=29309s  finite=60684
  [68230/100000]  elapsed=62925s  rate=1.1/s  eta=29300s  finite=60692
  [68240/100000]  elapsed=62935s  rate=1.1/s  eta=29291s  finite=60701
  [68250/100000]  elapsed=62945s  rate=1.1/s  eta=29282s  finite=60711
  [68260/100000]  elapsed=62955s  rate=1.1/s  eta=29273s  finite=60719
  [warn] sample 2 failed: 
  [68270/100000]  elapsed=62964s  rate=1.1/s  eta=29264s  finite=60727
  [68280/100000]  elapsed=62973s  rate=1.1/s  eta=29255s  finite=60737
  [warn] sample 7 failed: 
  [68290/100000]  elapsed=62982s  rate=1.1/s  eta=29245s  finite=60745
  [warn] sample 8 failed: 
  [68300/100000]  elapsed=62991s  rate=1.1/s  eta=29236s  finite=60754
  -> checkpoint saved: /scratch/e1498138/lhs/lhs_noise2_paris1_checkpoints/lhs_noise2_paris1_ckpt_068300.pkl
  [68310/100000]  elapsed=63001s  rate=1.1/s  eta=29227s  finite=60763
  [68320/100000]  elapsed=63011s  rate=1.1/s  eta=29218s  finite=60771
  [68330/100000]  elapsed=63020s  rate=1.1/s  eta=29209s  finite=60780
  [warn] sample 4 failed: 
  [warn] sample 5 failed: 
  [68340/100000]  elapsed=63028s  rate=1.1/s  eta=29199s  finite=60788
  [68350/100000]  elapsed=63038s  rate=1.1/s  eta=29190s  finite=60797
  [68360/100000]  elapsed=63047s  rate=1.1/s  eta=29181s  finite=60807
  [warn] sample 3 failed: 
  [68370/100000]  elapsed=63056s  rate=1.1/s  eta=29172s  finite=60815
  [warn] sample 0 failed: 
  [68380/100000]  elapsed=63065s  rate=1.1/s  eta=29162s  finite=60824
  [68390/100000]  elapsed=63075s  rate=1.1/s  eta=29154s  finite=60834
  [68400/100000]  elapsed=63085s  rate=1.1/s  eta=29145s  finite=60844
  -> checkpoint saved: /scratch/e1498138/lhs/lhs_noise2_paris1_checkpoints/lhs_noise2_paris1_ckpt_068400.pkl
  [68410/100000]  elapsed=63094s  rate=1.1/s  eta=29135s  finite=60853
  [68420/100000]  elapsed=63104s  rate=1.1/s  eta=29126s  finite=60861
  [68430/100000]  elapsed=63114s  rate=1.1/s  eta=29117s  finite=60871
  [68440/100000]  elapsed=63124s  rate=1.1/s  eta=29109s  finite=60880
  [68450/100000]  elapsed=63134s  rate=1.1/s  eta=29100s  finite=60889
  [warn] sample 7 failed: 
  [warn] sample 8 failed: 
  [68460/100000]  elapsed=63142s  rate=1.1/s  eta=29090s  finite=60897
  [warn] sample 7 failed: 
  [68470/100000]  elapsed=63151s  rate=1.1/s  eta=29081s  finite=60905
  [68480/100000]  elapsed=63160s  rate=1.1/s  eta=29072s  finite=60914
  [warn] sample 2 failed: 
  [68490/100000]  elapsed=63170s  rate=1.1/s  eta=29062s  finite=60923
  [68500/100000]  elapsed=63179s  rate=1.1/s  eta=29053s  finite=60933
  -> checkpoint saved: /scratch/e1498138/lhs/lhs_noise2_paris1_checkpoints/lhs_noise2_paris1_ckpt_068500.pkl
  [68510/100000]  elapsed=63189s  rate=1.1/s  eta=29044s  finite=60942
  [68520/100000]  elapsed=63198s  rate=1.1/s  eta=29035s  finite=60950
  [warn] sample 7 failed: 
  [68530/100000]  elapsed=63207s  rate=1.1/s  eta=29026s  finite=60959
  [68540/100000]  elapsed=63216s  rate=1.1/s  eta=29016s  finite=60969
  [warn] sample 5 failed: 
  [68550/100000]  elapsed=63225s  rate=1.1/s  eta=29007s  finite=60978
  [68560/100000]  elapsed=63234s  rate=1.1/s  eta=28998s  finite=60988
  [warn] sample 7 failed: 
  [68570/100000]  elapsed=63243s  rate=1.1/s  eta=28988s  finite=60994
  [warn] sample 8 failed: 
  [68580/100000]  elapsed=63252s  rate=1.1/s  eta=28979s  finite=61003
  [68590/100000]  elapsed=63262s  rate=1.1/s  eta=28970s  finite=61012
  [warn] sample 0 failed: 
  [68600/100000]  elapsed=63271s  rate=1.1/s  eta=28961s  finite=61020
  -> checkpoint saved: /scratch/e1498138/lhs/lhs_noise2_paris1_checkpoints/lhs_noise2_paris1_ckpt_068600.pkl
  [68610/100000]  elapsed=63281s  rate=1.1/s  eta=28952s  finite=61030
  [68620/100000]  elapsed=63291s  rate=1.1/s  eta=28943s  finite=61040
  [68630/100000]  elapsed=63301s  rate=1.1/s  eta=28934s  finite=61049
  [68640/100000]  elapsed=63311s  rate=1.1/s  eta=28925s  finite=61057
  [68650/100000]  elapsed=63321s  rate=1.1/s  eta=28916s  finite=61066
  [68660/100000]  elapsed=63331s  rate=1.1/s  eta=28907s  finite=61076
  [68670/100000]  elapsed=63340s  rate=1.1/s  eta=28898s  finite=61086
  [warn] sample 3 failed: 
  [warn] sample 9 failed: 
  [68680/100000]  elapsed=63349s  rate=1.1/s  eta=28889s  finite=61094
  [warn] sample 0 failed: 
  [68690/100000]  elapsed=63358s  rate=1.1/s  eta=28879s  finite=61103
  [68700/100000]  elapsed=63367s  rate=1.1/s  eta=28870s  finite=61112
  -> checkpoint saved: /scratch/e1498138/lhs/lhs_noise2_paris1_checkpoints/lhs_noise2_paris1_ckpt_068700.pkl
  [68710/100000]  elapsed=63377s  rate=1.1/s  eta=28861s  finite=61121
  [68720/100000]  elapsed=63386s  rate=1.1/s  eta=28852s  finite=61130
  [68730/100000]  elapsed=63396s  rate=1.1/s  eta=28843s  finite=61140
  [warn] sample 1 failed: 
  [68740/100000]  elapsed=63404s  rate=1.1/s  eta=28833s  finite=61149
  [68750/100000]  elapsed=63413s  rate=1.1/s  eta=28824s  finite=61158
  [68760/100000]  elapsed=63423s  rate=1.1/s  eta=28815s  finite=61168
  [68770/100000]  elapsed=63433s  rate=1.1/s  eta=28806s  finite=61178
  [68780/100000]  elapsed=63443s  rate=1.1/s  eta=28797s  finite=61186
  [warn] sample 9 failed: 
  [68790/100000]  elapsed=63452s  rate=1.1/s  eta=28788s  finite=61193
  [warn] sample 8 failed: 
  [68800/100000]  elapsed=63460s  rate=1.1/s  eta=28778s  finite=61202
  -> checkpoint saved: /scratch/e1498138/lhs/lhs_noise2_paris1_checkpoints/lhs_noise2_paris1_ckpt_068800.pkl
  [68810/100000]  elapsed=63470s  rate=1.1/s  eta=28769s  finite=61212
  [68820/100000]  elapsed=63480s  rate=1.1/s  eta=28760s  finite=61222
  [warn] sample 8 failed: 
  [68830/100000]  elapsed=63488s  rate=1.1/s  eta=28751s  finite=61230
  [68840/100000]  elapsed=63498s  rate=1.1/s  eta=28742s  finite=61239
  [68850/100000]  elapsed=63508s  rate=1.1/s  eta=28733s  finite=61249
  [68860/100000]  elapsed=63518s  rate=1.1/s  eta=28724s  finite=61258
  [68870/100000]  elapsed=63528s  rate=1.1/s  eta=28715s  finite=61267
  [68880/100000]  elapsed=63537s  rate=1.1/s  eta=28706s  finite=61277
  [68890/100000]  elapsed=63547s  rate=1.1/s  eta=28697s  finite=61287
  [warn] sample 5 failed: 
  [68900/100000]  elapsed=63556s  rate=1.1/s  eta=28688s  finite=61295
  -> checkpoint saved: /scratch/e1498138/lhs/lhs_noise2_paris1_checkpoints/lhs_noise2_paris1_ckpt_068900.pkl
  [68910/100000]  elapsed=63566s  rate=1.1/s  eta=28679s  finite=61304
  [68920/100000]  elapsed=63576s  rate=1.1/s  eta=28670s  finite=61312
  [warn] sample 9 failed: 
  [68930/100000]  elapsed=63585s  rate=1.1/s  eta=28661s  finite=61319
  [68940/100000]  elapsed=63595s  rate=1.1/s  eta=28652s  finite=61328
  [warn] sample 6 failed: 
  [68950/100000]  elapsed=63603s  rate=1.1/s  eta=28642s  finite=61336
  [warn] sample 6 failed: 
  [68960/100000]  elapsed=63613s  rate=1.1/s  eta=28633s  finite=61345
  [68970/100000]  elapsed=63622s  rate=1.1/s  eta=28624s  finite=61355
  [68980/100000]  elapsed=63633s  rate=1.1/s  eta=28615s  finite=61364
  [68990/100000]  elapsed=63643s  rate=1.1/s  eta=28606s  finite=61374
  [69000/100000]  elapsed=63652s  rate=1.1/s  eta=28597s  finite=61384
  -> checkpoint saved: /scratch/e1498138/lhs/lhs_noise2_paris1_checkpoints/lhs_noise2_paris1_ckpt_069000.pkl
  [warn] sample 1 failed: 
  [warn] sample 5 failed: 
  [69010/100000]  elapsed=63661s  rate=1.1/s  eta=28588s  finite=61390
  [69020/100000]  elapsed=63671s  rate=1.1/s  eta=28579s  finite=61400
  [69030/100000]  elapsed=63680s  rate=1.1/s  eta=28570s  finite=61409
  [warn] sample 3 failed: 
  [warn] sample 5 failed: 
  [69040/100000]  elapsed=63688s  rate=1.1/s  eta=28560s  finite=61416
  [69050/100000]  elapsed=63698s  rate=1.1/s  eta=28551s  finite=61426
  [69060/100000]  elapsed=63708s  rate=1.1/s  eta=28542s  finite=61436
  [warn] sample 6 failed: 
  [69070/100000]  elapsed=63717s  rate=1.1/s  eta=28533s  finite=61445
  [69080/100000]  elapsed=63727s  rate=1.1/s  eta=28524s  finite=61454
  [warn] sample 4 failed: 
  [warn] sample 6 failed: 
  [69090/100000]  elapsed=63734s  rate=1.1/s  eta=28514s  finite=61461
  [69100/100000]  elapsed=63744s  rate=1.1/s  eta=28505s  finite=61471
  -> checkpoint saved: /scratch/e1498138/lhs/lhs_noise2_paris1_checkpoints/lhs_noise2_paris1_ckpt_069100.pkl
  [warn] sample 7 failed: 
  [69110/100000]  elapsed=63752s  rate=1.1/s  eta=28495s  finite=61480
  [69120/100000]  elapsed=63762s  rate=1.1/s  eta=28486s  finite=61490
  [69130/100000]  elapsed=63771s  rate=1.1/s  eta=28477s  finite=61498
  [69140/100000]  elapsed=63781s  rate=1.1/s  eta=28468s  finite=61507
  [69150/100000]  elapsed=63791s  rate=1.1/s  eta=28459s  finite=61516
  [69160/100000]  elapsed=63800s  rate=1.1/s  eta=28450s  finite=61525
  [warn] sample 4 failed: 
  [warn] sample 6 failed: 
  [69170/100000]  elapsed=63808s  rate=1.1/s  eta=28440s  finite=61532
  [69180/100000]  elapsed=63817s  rate=1.1/s  eta=28431s  finite=61542
  [69190/100000]  elapsed=63827s  rate=1.1/s  eta=28422s  finite=61552
  [69200/100000]  elapsed=63836s  rate=1.1/s  eta=28413s  finite=61561
  -> checkpoint saved: /scratch/e1498138/lhs/lhs_noise2_paris1_checkpoints/lhs_noise2_paris1_ckpt_069200.pkl
  [warn] sample 2 failed: 
  [69210/100000]  elapsed=63845s  rate=1.1/s  eta=28403s  finite=61570
  [69220/100000]  elapsed=63854s  rate=1.1/s  eta=28394s  finite=61579
  [warn] sample 3 failed: 
  [69230/100000]  elapsed=63863s  rate=1.1/s  eta=28385s  finite=61587
  [69240/100000]  elapsed=63873s  rate=1.1/s  eta=28376s  finite=61595
  [69250/100000]  elapsed=63883s  rate=1.1/s  eta=28367s  finite=61604
  [warn] sample 7 failed: 
  [69260/100000]  elapsed=63892s  rate=1.1/s  eta=28357s  finite=61613
  [69270/100000]  elapsed=63901s  rate=1.1/s  eta=28348s  finite=61621
  [warn] sample 0 failed: 
  [69280/100000]  elapsed=63910s  rate=1.1/s  eta=28339s  finite=61627
  [69290/100000]  elapsed=63920s  rate=1.1/s  eta=28330s  finite=61636
  [69300/100000]  elapsed=63930s  rate=1.1/s  eta=28321s  finite=61646
  -> checkpoint saved: /scratch/e1498138/lhs/lhs_noise2_paris1_checkpoints/lhs_noise2_paris1_ckpt_069300.pkl
  [69310/100000]  elapsed=63940s  rate=1.1/s  eta=28312s  finite=61656
  [69320/100000]  elapsed=63950s  rate=1.1/s  eta=28303s  finite=61664
  [warn] sample 6 failed: 
  [warn] sample 8 failed: 
  [69330/100000]  elapsed=63958s  rate=1.1/s  eta=28293s  finite=61672
  [69340/100000]  elapsed=63968s  rate=1.1/s  eta=28285s  finite=61682
  [warn] sample 2 failed: 
  [69350/100000]  elapsed=63977s  rate=1.1/s  eta=28275s  finite=61689
  [69360/100000]  elapsed=63986s  rate=1.1/s  eta=28266s  finite=61699
  [warn] sample 5 failed: 
  [69370/100000]  elapsed=63995s  rate=1.1/s  eta=28257s  finite=61707
  [warn] sample 6 failed: 
  [69380/100000]  elapsed=64004s  rate=1.1/s  eta=28247s  finite=61716
  [69390/100000]  elapsed=64014s  rate=1.1/s  eta=28239s  finite=61726
  [69400/100000]  elapsed=64024s  rate=1.1/s  eta=28230s  finite=61735
  -> checkpoint saved: /scratch/e1498138/lhs/lhs_noise2_paris1_checkpoints/lhs_noise2_paris1_ckpt_069400.pkl
  [69410/100000]  elapsed=64034s  rate=1.1/s  eta=28221s  finite=61742
  [69420/100000]  elapsed=64043s  rate=1.1/s  eta=28212s  finite=61750
  [69430/100000]  elapsed=64053s  rate=1.1/s  eta=28203s  finite=61758
  [warn] sample 6 failed: 
  [warn] sample 7 failed: 
  [69440/100000]  elapsed=64061s  rate=1.1/s  eta=28193s  finite=61766
  [warn] sample 0 failed: 
  [69450/100000]  elapsed=64070s  rate=1.1/s  eta=28184s  finite=61774
  [69460/100000]  elapsed=64080s  rate=1.1/s  eta=28175s  finite=61784
  [69470/100000]  elapsed=64090s  rate=1.1/s  eta=28166s  finite=61793
  [warn] sample 6 failed: 
  [69480/100000]  elapsed=64099s  rate=1.1/s  eta=28156s  finite=61801
  [69490/100000]  elapsed=64109s  rate=1.1/s  eta=28147s  finite=61810
  [69500/100000]  elapsed=64119s  rate=1.1/s  eta=28139s  finite=61819
  -> checkpoint saved: /scratch/e1498138/lhs/lhs_noise2_paris1_checkpoints/lhs_noise2_paris1_ckpt_069500.pkl
  [69510/100000]  elapsed=64129s  rate=1.1/s  eta=28130s  finite=61829
  [69520/100000]  elapsed=64139s  rate=1.1/s  eta=28121s  finite=61838
  [69530/100000]  elapsed=64149s  rate=1.1/s  eta=28112s  finite=61847
  [69540/100000]  elapsed=64158s  rate=1.1/s  eta=28103s  finite=61857
  [warn] sample 4 failed: 
  [69550/100000]  elapsed=64167s  rate=1.1/s  eta=28093s  finite=61865
  [warn] sample 5 failed: 
  [warn] sample 6 failed: 
  [69560/100000]  elapsed=64175s  rate=1.1/s  eta=28084s  finite=61873
  [69570/100000]  elapsed=64185s  rate=1.1/s  eta=28075s  finite=61883
  [69580/100000]  elapsed=64195s  rate=1.1/s  eta=28066s  finite=61893
  [69590/100000]  elapsed=64205s  rate=1.1/s  eta=28057s  finite=61903
  [69600/100000]  elapsed=64215s  rate=1.1/s  eta=28048s  finite=61912
  -> checkpoint saved: /scratch/e1498138/lhs/lhs_noise2_paris1_checkpoints/lhs_noise2_paris1_ckpt_069600.pkl
  [69610/100000]  elapsed=64225s  rate=1.1/s  eta=28039s  finite=61922
  [warn] sample 4 failed: 
  [69620/100000]  elapsed=64234s  rate=1.1/s  eta=28030s  finite=61929
  [warn] sample 5 failed: 
  [69630/100000]  elapsed=64243s  rate=1.1/s  eta=28020s  finite=61937
  [69640/100000]  elapsed=64253s  rate=1.1/s  eta=28011s  finite=61947
  [69650/100000]  elapsed=64263s  rate=1.1/s  eta=28003s  finite=61957
  [warn] sample 0 failed: 
  [warn] sample 7 failed: 
  [69660/100000]  elapsed=64271s  rate=1.1/s  eta=27993s  finite=61964
  [69670/100000]  elapsed=64281s  rate=1.1/s  eta=27984s  finite=61973
  [warn] sample 0 failed: 
  [69680/100000]  elapsed=64290s  rate=1.1/s  eta=27975s  finite=61982
  [69690/100000]  elapsed=64300s  rate=1.1/s  eta=27966s  finite=61991
  [warn] sample 4 failed: 
  [69700/100000]  elapsed=64308s  rate=1.1/s  eta=27956s  finite=61999
  -> checkpoint saved: /scratch/e1498138/lhs/lhs_noise2_paris1_checkpoints/lhs_noise2_paris1_ckpt_069700.pkl
  [warn] sample 5 failed: 
  [69710/100000]  elapsed=64318s  rate=1.1/s  eta=27947s  finite=62008
  [69720/100000]  elapsed=64327s  rate=1.1/s  eta=27938s  finite=62018
  [69730/100000]  elapsed=64337s  rate=1.1/s  eta=27929s  finite=62027
  [69740/100000]  elapsed=64347s  rate=1.1/s  eta=27920s  finite=62037
  [69750/100000]  elapsed=64357s  rate=1.1/s  eta=27911s  finite=62047
  [warn] sample 0 failed: 
  [69760/100000]  elapsed=64366s  rate=1.1/s  eta=27902s  finite=62056
  [69770/100000]  elapsed=64376s  rate=1.1/s  eta=27893s  finite=62066
  [warn] sample 6 failed: 
  [69780/100000]  elapsed=64385s  rate=1.1/s  eta=27884s  finite=62075
  [69790/100000]  elapsed=64395s  rate=1.1/s  eta=27875s  finite=62085
  [warn] sample 6 failed: 
  [69800/100000]  elapsed=64404s  rate=1.1/s  eta=27865s  finite=62094
  -> checkpoint saved: /scratch/e1498138/lhs/lhs_noise2_paris1_checkpoints/lhs_noise2_paris1_ckpt_069800.pkl
  [69810/100000]  elapsed=64414s  rate=1.1/s  eta=27856s  finite=62104
  [69820/100000]  elapsed=64424s  rate=1.1/s  eta=27847s  finite=62111
  [69830/100000]  elapsed=64433s  rate=1.1/s  eta=27838s  finite=62118
  [69840/100000]  elapsed=64443s  rate=1.1/s  eta=27829s  finite=62127
  [69850/100000]  elapsed=64453s  rate=1.1/s  eta=27820s  finite=62137
  [69860/100000]  elapsed=64463s  rate=1.1/s  eta=27811s  finite=62145
  [warn] sample 8 failed: 
  [69870/100000]  elapsed=64472s  rate=1.1/s  eta=27802s  finite=62154
  [69880/100000]  elapsed=64481s  rate=1.1/s  eta=27793s  finite=62163
  [69890/100000]  elapsed=64491s  rate=1.1/s  eta=27784s  finite=62173
  [69900/100000]  elapsed=64501s  rate=1.1/s  eta=27775s  finite=62182
  -> checkpoint saved: /scratch/e1498138/lhs/lhs_noise2_paris1_checkpoints/lhs_noise2_paris1_ckpt_069900.pkl
  [69910/100000]  elapsed=64511s  rate=1.1/s  eta=27766s  finite=62192
  [warn] sample 4 failed: 
  [warn] sample 9 failed: 
  [69920/100000]  elapsed=64519s  rate=1.1/s  eta=27757s  finite=62200
  [69930/100000]  elapsed=64529s  rate=1.1/s  eta=27748s  finite=62210
  [69940/100000]  elapsed=64539s  rate=1.1/s  eta=27739s  finite=62219
  [69950/100000]  elapsed=64549s  rate=1.1/s  eta=27730s  finite=62229
  [69960/100000]  elapsed=64559s  rate=1.1/s  eta=27721s  finite=62236
  [69970/100000]  elapsed=64568s  rate=1.1/s  eta=27712s  finite=62245
  [69980/100000]  elapsed=64577s  rate=1.1/s  eta=27702s  finite=62255
  [69990/100000]  elapsed=64587s  rate=1.1/s  eta=27693s  finite=62265
  [70000/100000]  elapsed=64596s  rate=1.1/s  eta=27684s  finite=62275
  -> checkpoint saved: /scratch/e1498138/lhs/lhs_noise2_paris1_checkpoints/lhs_noise2_paris1_ckpt_070000.pkl
  [70010/100000]  elapsed=64606s  rate=1.1/s  eta=27675s  finite=62285
  [70020/100000]  elapsed=64615s  rate=1.1/s  eta=27666s  finite=62295
  [70030/100000]  elapsed=64625s  rate=1.1/s  eta=27657s  finite=62305
  [warn] sample 8 failed: 
  [70040/100000]  elapsed=64634s  rate=1.1/s  eta=27648s  finite=62314
  [warn] sample 6 failed: 
  [70050/100000]  elapsed=64643s  rate=1.1/s  eta=27638s  finite=62322
  [warn] sample 4 failed: 
  [70060/100000]  elapsed=64652s  rate=1.1/s  eta=27629s  finite=62331
  [warn] sample 4 failed: 
  [70070/100000]  elapsed=64661s  rate=1.1/s  eta=27620s  finite=62339
  [70080/100000]  elapsed=64671s  rate=1.1/s  eta=27611s  finite=62349
  [70090/100000]  elapsed=64681s  rate=1.1/s  eta=27602s  finite=62359
  [70100/100000]  elapsed=64691s  rate=1.1/s  eta=27593s  finite=62368
  -> checkpoint saved: /scratch/e1498138/lhs/lhs_noise2_paris1_checkpoints/lhs_noise2_paris1_ckpt_070100.pkl
  [70110/100000]  elapsed=64700s  rate=1.1/s  eta=27584s  finite=62377
  [70120/100000]  elapsed=64710s  rate=1.1/s  eta=27575s  finite=62384
  [70130/100000]  elapsed=64720s  rate=1.1/s  eta=27566s  finite=62394
  [70140/100000]  elapsed=64730s  rate=1.1/s  eta=27557s  finite=62404
  [70150/100000]  elapsed=64740s  rate=1.1/s  eta=27548s  finite=62414
  [70160/100000]  elapsed=64750s  rate=1.1/s  eta=27539s  finite=62423
  [70170/100000]  elapsed=64760s  rate=1.1/s  eta=27530s  finite=62433
  [warn] sample 2 failed: 
  [warn] sample 5 failed: 
  [70180/100000]  elapsed=64768s  rate=1.1/s  eta=27520s  finite=62441
  [warn] sample 8 failed: 
  [70190/100000]  elapsed=64777s  rate=1.1/s  eta=27511s  finite=62450
  [warn] sample 8 failed: 
  [warn] sample 9 failed: 
  [70200/100000]  elapsed=64785s  rate=1.1/s  eta=27501s  finite=62457
  -> checkpoint saved: /scratch/e1498138/lhs/lhs_noise2_paris1_checkpoints/lhs_noise2_paris1_ckpt_070200.pkl
  [warn] sample 0 failed: 
  [70210/100000]  elapsed=64794s  rate=1.1/s  eta=27492s  finite=62463
  [70220/100000]  elapsed=64804s  rate=1.1/s  eta=27483s  finite=62473
  [warn] sample 1 failed: 
  [warn] sample 5 failed: 
  [70230/100000]  elapsed=64812s  rate=1.1/s  eta=27473s  finite=62481
  [70240/100000]  elapsed=64822s  rate=1.1/s  eta=27464s  finite=62490
  [warn] sample 8 failed: 
  [70250/100000]  elapsed=64831s  rate=1.1/s  eta=27455s  finite=62496
  [70260/100000]  elapsed=64840s  rate=1.1/s  eta=27446s  finite=62503
  [warn] sample 1 failed: 
  [warn] sample 6 failed: 
  [70270/100000]  elapsed=64848s  rate=1.1/s  eta=27436s  finite=62510
  [70280/100000]  elapsed=64858s  rate=1.1/s  eta=27427s  finite=62520
  [warn] sample 7 failed: 
  [70290/100000]  elapsed=64867s  rate=1.1/s  eta=27418s  finite=62528
  [70300/100000]  elapsed=64877s  rate=1.1/s  eta=27409s  finite=62538
  -> checkpoint saved: /scratch/e1498138/lhs/lhs_noise2_paris1_checkpoints/lhs_noise2_paris1_ckpt_070300.pkl
  [70310/100000]  elapsed=64887s  rate=1.1/s  eta=27400s  finite=62548
  [warn] sample 1 failed: 
  [70320/100000]  elapsed=64896s  rate=1.1/s  eta=27391s  finite=62557
  [warn] sample 6 failed: 
  [70330/100000]  elapsed=64905s  rate=1.1/s  eta=27381s  finite=62563
  [70340/100000]  elapsed=64915s  rate=1.1/s  eta=27372s  finite=62572
  [70350/100000]  elapsed=64925s  rate=1.1/s  eta=27363s  finite=62582
  [warn] sample 7 failed: 
  [70360/100000]  elapsed=64934s  rate=1.1/s  eta=27354s  finite=62590
  [70370/100000]  elapsed=64944s  rate=1.1/s  eta=27345s  finite=62599
  [70380/100000]  elapsed=64954s  rate=1.1/s  eta=27336s  finite=62609
  [70390/100000]  elapsed=64964s  rate=1.1/s  eta=27327s  finite=62618
  [70400/100000]  elapsed=64974s  rate=1.1/s  eta=27318s  finite=62628
  -> checkpoint saved: /scratch/e1498138/lhs/lhs_noise2_paris1_checkpoints/lhs_noise2_paris1_ckpt_070400.pkl
  [warn] sample 1 failed: 
  [70410/100000]  elapsed=64983s  rate=1.1/s  eta=27309s  finite=62636
  [70420/100000]  elapsed=64993s  rate=1.1/s  eta=27300s  finite=62645
  [70430/100000]  elapsed=65002s  rate=1.1/s  eta=27291s  finite=62654
  [warn] sample 4 failed: 
  [70440/100000]  elapsed=65011s  rate=1.1/s  eta=27282s  finite=62663
  [70450/100000]  elapsed=65021s  rate=1.1/s  eta=27273s  finite=62672
  [70460/100000]  elapsed=65031s  rate=1.1/s  eta=27264s  finite=62681
  [70470/100000]  elapsed=65041s  rate=1.1/s  eta=27255s  finite=62689
  [70480/100000]  elapsed=65051s  rate=1.1/s  eta=27246s  finite=62698
  [70490/100000]  elapsed=65061s  rate=1.1/s  eta=27237s  finite=62708
  [70500/100000]  elapsed=65071s  rate=1.1/s  eta=27228s  finite=62718
  -> checkpoint saved: /scratch/e1498138/lhs/lhs_noise2_paris1_checkpoints/lhs_noise2_paris1_ckpt_070500.pkl
  [warn] sample 0 failed: 
  [70510/100000]  elapsed=65080s  rate=1.1/s  eta=27219s  finite=62727
  [warn] sample 6 failed: 
  [70520/100000]  elapsed=65089s  rate=1.1/s  eta=27210s  finite=62736
  [70530/100000]  elapsed=65099s  rate=1.1/s  eta=27201s  finite=62745
  [warn] sample 6 failed: 
  [70540/100000]  elapsed=65107s  rate=1.1/s  eta=27191s  finite=62751
  [warn] sample 5 failed: 
  [70550/100000]  elapsed=65116s  rate=1.1/s  eta=27182s  finite=62760
  [warn] sample 1 failed: 
  [70560/100000]  elapsed=65125s  rate=1.1/s  eta=27172s  finite=62769
  [70570/100000]  elapsed=65135s  rate=1.1/s  eta=27164s  finite=62779
  [warn] sample 0 failed: 
  [70580/100000]  elapsed=65144s  rate=1.1/s  eta=27154s  finite=62788
  [70590/100000]  elapsed=65154s  rate=1.1/s  eta=27145s  finite=62796
  [warn] sample 9 failed: 
  [70600/100000]  elapsed=65163s  rate=1.1/s  eta=27136s  finite=62803
  -> checkpoint saved: /scratch/e1498138/lhs/lhs_noise2_paris1_checkpoints/lhs_noise2_paris1_ckpt_070600.pkl
  [70610/100000]  elapsed=65173s  rate=1.1/s  eta=27127s  finite=62813
  [70620/100000]  elapsed=65183s  rate=1.1/s  eta=27118s  finite=62823
  [warn] sample 1 failed: 
  [70630/100000]  elapsed=65192s  rate=1.1/s  eta=27109s  finite=62832
  [70640/100000]  elapsed=65202s  rate=1.1/s  eta=27100s  finite=62842
  [70650/100000]  elapsed=65212s  rate=1.1/s  eta=27091s  finite=62851
  [70660/100000]  elapsed=65222s  rate=1.1/s  eta=27082s  finite=62861
  [warn] sample 0 failed: 
  [70670/100000]  elapsed=65231s  rate=1.1/s  eta=27072s  finite=62870
  [warn] sample 9 failed: 
  [70680/100000]  elapsed=65240s  rate=1.1/s  eta=27063s  finite=62879
  [70690/100000]  elapsed=65250s  rate=1.1/s  eta=27054s  finite=62889
  [warn] sample 2 failed: 
  [warn] sample 5 failed: 
  [70700/100000]  elapsed=65258s  rate=1.1/s  eta=27045s  finite=62896
  -> checkpoint saved: /scratch/e1498138/lhs/lhs_noise2_paris1_checkpoints/lhs_noise2_paris1_ckpt_070700.pkl
  [70710/100000]  elapsed=65267s  rate=1.1/s  eta=27036s  finite=62906
  [70720/100000]  elapsed=65278s  rate=1.1/s  eta=27027s  finite=62916
  [70730/100000]  elapsed=65287s  rate=1.1/s  eta=27018s  finite=62925
  [warn] sample 9 failed: 
  [70740/100000]  elapsed=65296s  rate=1.1/s  eta=27008s  finite=62934
  [warn] sample 6 failed: 
  [70750/100000]  elapsed=65306s  rate=1.1/s  eta=26999s  finite=62941
  [70760/100000]  elapsed=65315s  rate=1.1/s  eta=26990s  finite=62951
  [70770/100000]  elapsed=65325s  rate=1.1/s  eta=26981s  finite=62960
  [warn] sample 6 failed: 
  [70780/100000]  elapsed=65334s  rate=1.1/s  eta=26972s  finite=62968
  [70790/100000]  elapsed=65344s  rate=1.1/s  eta=26963s  finite=62978
  [70800/100000]  elapsed=65354s  rate=1.1/s  eta=26954s  finite=62988
  -> checkpoint saved: /scratch/e1498138/lhs/lhs_noise2_paris1_checkpoints/lhs_noise2_paris1_ckpt_070800.pkl
  [70810/100000]  elapsed=65363s  rate=1.1/s  eta=26945s  finite=62997
  [70820/100000]  elapsed=65373s  rate=1.1/s  eta=26936s  finite=63006
  [70830/100000]  elapsed=65383s  rate=1.1/s  eta=26927s  finite=63016
  [70840/100000]  elapsed=65393s  rate=1.1/s  eta=26918s  finite=63026
  [70850/100000]  elapsed=65403s  rate=1.1/s  eta=26909s  finite=63035
  [warn] sample 6 failed: 
  [70860/100000]  elapsed=65412s  rate=1.1/s  eta=26899s  finite=63044
  [70870/100000]  elapsed=65421s  rate=1.1/s  eta=26890s  finite=63054
  [70880/100000]  elapsed=65431s  rate=1.1/s  eta=26881s  finite=63064
  [70890/100000]  elapsed=65441s  rate=1.1/s  eta=26872s  finite=63074
  [70900/100000]  elapsed=65451s  rate=1.1/s  eta=26864s  finite=63082
  -> checkpoint saved: /scratch/e1498138/lhs/lhs_noise2_paris1_checkpoints/lhs_noise2_paris1_ckpt_070900.pkl
  [70910/100000]  elapsed=65461s  rate=1.1/s  eta=26855s  finite=63092
  [70920/100000]  elapsed=65471s  rate=1.1/s  eta=26846s  finite=63102
  [warn] sample 3 failed: 
  [70930/100000]  elapsed=65480s  rate=1.1/s  eta=26836s  finite=63110
  [70940/100000]  elapsed=65490s  rate=1.1/s  eta=26827s  finite=63120
  [70950/100000]  elapsed=65500s  rate=1.1/s  eta=26818s  finite=63128
  [warn] sample 0 failed: 
  [70960/100000]  elapsed=65509s  rate=1.1/s  eta=26809s  finite=63136
  [70970/100000]  elapsed=65519s  rate=1.1/s  eta=26800s  finite=63146
  [70980/100000]  elapsed=65529s  rate=1.1/s  eta=26791s  finite=63156
  [70990/100000]  elapsed=65539s  rate=1.1/s  eta=26782s  finite=63166
  [71000/100000]  elapsed=65549s  rate=1.1/s  eta=26773s  finite=63175
  -> checkpoint saved: /scratch/e1498138/lhs/lhs_noise2_paris1_checkpoints/lhs_noise2_paris1_ckpt_071000.pkl
  [71010/100000]  elapsed=65558s  rate=1.1/s  eta=26764s  finite=63184
  [warn] sample 7 failed: 
  [71020/100000]  elapsed=65567s  rate=1.1/s  eta=26755s  finite=63193
  [71030/100000]  elapsed=65578s  rate=1.1/s  eta=26746s  finite=63203
  [warn] sample 2 failed: 
  [71040/100000]  elapsed=65586s  rate=1.1/s  eta=26737s  finite=63212
  [71050/100000]  elapsed=65596s  rate=1.1/s  eta=26728s  finite=63220
  [71060/100000]  elapsed=65606s  rate=1.1/s  eta=26719s  finite=63230
  [71070/100000]  elapsed=65616s  rate=1.1/s  eta=26710s  finite=63239
  [71080/100000]  elapsed=65626s  rate=1.1/s  eta=26701s  finite=63248
  [71090/100000]  elapsed=65636s  rate=1.1/s  eta=26692s  finite=63257
  [warn] sample 9 failed: 
  [71100/100000]  elapsed=65645s  rate=1.1/s  eta=26683s  finite=63265
  -> checkpoint saved: /scratch/e1498138/lhs/lhs_noise2_paris1_checkpoints/lhs_noise2_paris1_ckpt_071100.pkl
  [71110/100000]  elapsed=65655s  rate=1.1/s  eta=26674s  finite=63274
  [71120/100000]  elapsed=65665s  rate=1.1/s  eta=26665s  finite=63282
  [warn] sample 4 failed: 
  [71130/100000]  elapsed=65673s  rate=1.1/s  eta=26655s  finite=63290
  [warn] sample 2 failed: 
  [warn] sample 4 failed: 
  [warn] sample 8 failed: 
  [warn] sample 9 failed: 
  [71140/100000]  elapsed=65680s  rate=1.1/s  eta=26645s  finite=63294
  [71150/100000]  elapsed=65689s  rate=1.1/s  eta=26636s  finite=63304
  [71160/100000]  elapsed=65699s  rate=1.1/s  eta=26627s  finite=63313
  [warn] sample 8 failed: 
  [71170/100000]  elapsed=65708s  rate=1.1/s  eta=26618s  finite=63321
  [71180/100000]  elapsed=65718s  rate=1.1/s  eta=26609s  finite=63328
  [71190/100000]  elapsed=65728s  rate=1.1/s  eta=26600s  finite=63338
  [71200/100000]  elapsed=65738s  rate=1.1/s  eta=26591s  finite=63347
  -> checkpoint saved: /scratch/e1498138/lhs/lhs_noise2_paris1_checkpoints/lhs_noise2_paris1_ckpt_071200.pkl
  [71210/100000]  elapsed=65748s  rate=1.1/s  eta=26582s  finite=63357
  [71220/100000]  elapsed=65758s  rate=1.1/s  eta=26573s  finite=63366
  [71230/100000]  elapsed=65767s  rate=1.1/s  eta=26564s  finite=63375
  [warn] sample 3 failed: 
  [71240/100000]  elapsed=65776s  rate=1.1/s  eta=26554s  finite=63384
  [warn] sample 6 failed: 
  [71250/100000]  elapsed=65785s  rate=1.1/s  eta=26545s  finite=63390
  [71260/100000]  elapsed=65795s  rate=1.1/s  eta=26536s  finite=63400
  [71270/100000]  elapsed=65805s  rate=1.1/s  eta=26527s  finite=63409
  [71280/100000]  elapsed=65815s  rate=1.1/s  eta=26518s  finite=63419
  [71290/100000]  elapsed=65824s  rate=1.1/s  eta=26509s  finite=63427
  [71300/100000]  elapsed=65834s  rate=1.1/s  eta=26500s  finite=63436
  -> checkpoint saved: /scratch/e1498138/lhs/lhs_noise2_paris1_checkpoints/lhs_noise2_paris1_ckpt_071300.pkl
  [71310/100000]  elapsed=65844s  rate=1.1/s  eta=26491s  finite=63446
  [71320/100000]  elapsed=65854s  rate=1.1/s  eta=26482s  finite=63455
  [71330/100000]  elapsed=65864s  rate=1.1/s  eta=26473s  finite=63464
  [warn] sample 6 failed: 
  [71340/100000]  elapsed=65873s  rate=1.1/s  eta=26464s  finite=63472
  [71350/100000]  elapsed=65883s  rate=1.1/s  eta=26455s  finite=63480
  [warn] sample 4 failed: 
  [71360/100000]  elapsed=65892s  rate=1.1/s  eta=26445s  finite=63488
  [71370/100000]  elapsed=65902s  rate=1.1/s  eta=26436s  finite=63496
  [71380/100000]  elapsed=65912s  rate=1.1/s  eta=26427s  finite=63506
  [71390/100000]  elapsed=65922s  rate=1.1/s  eta=26418s  finite=63515
  [71400/100000]  elapsed=65931s  rate=1.1/s  eta=26409s  finite=63525
  -> checkpoint saved: /scratch/e1498138/lhs/lhs_noise2_paris1_checkpoints/lhs_noise2_paris1_ckpt_071400.pkl
  [71410/100000]  elapsed=65941s  rate=1.1/s  eta=26401s  finite=63533
  [71420/100000]  elapsed=65951s  rate=1.1/s  eta=26391s  finite=63543
  [71430/100000]  elapsed=65961s  rate=1.1/s  eta=26382s  finite=63552
  [71440/100000]  elapsed=65971s  rate=1.1/s  eta=26374s  finite=63562
  [71450/100000]  elapsed=65981s  rate=1.1/s  eta=26365s  finite=63572
  [warn] sample 1 failed: 
  [71460/100000]  elapsed=65990s  rate=1.1/s  eta=26355s  finite=63581
  [71470/100000]  elapsed=66000s  rate=1.1/s  eta=26346s  finite=63590
  [71480/100000]  elapsed=66009s  rate=1.1/s  eta=26337s  finite=63600
  [71490/100000]  elapsed=66019s  rate=1.1/s  eta=26328s  finite=63608
  [71500/100000]  elapsed=66029s  rate=1.1/s  eta=26319s  finite=63618
  -> checkpoint saved: /scratch/e1498138/lhs/lhs_noise2_paris1_checkpoints/lhs_noise2_paris1_ckpt_071500.pkl
  [71510/100000]  elapsed=66039s  rate=1.1/s  eta=26310s  finite=63624
  [71520/100000]  elapsed=66049s  rate=1.1/s  eta=26301s  finite=63634
  [71530/100000]  elapsed=66059s  rate=1.1/s  eta=26292s  finite=63643
  [warn] sample 7 failed: 
  [warn] sample 9 failed: 
  [71540/100000]  elapsed=66067s  rate=1.1/s  eta=26283s  finite=63651
  [71550/100000]  elapsed=66076s  rate=1.1/s  eta=26274s  finite=63660
  [71560/100000]  elapsed=66086s  rate=1.1/s  eta=26265s  finite=63670
  [71570/100000]  elapsed=66096s  rate=1.1/s  eta=26256s  finite=63679
  [71580/100000]  elapsed=66106s  rate=1.1/s  eta=26247s  finite=63689
  [warn] sample 7 failed: 
  [71590/100000]  elapsed=66115s  rate=1.1/s  eta=26237s  finite=63695
  [71600/100000]  elapsed=66125s  rate=1.1/s  eta=26228s  finite=63705
  -> checkpoint saved: /scratch/e1498138/lhs/lhs_noise2_paris1_checkpoints/lhs_noise2_paris1_ckpt_071600.pkl
  [71610/100000]  elapsed=66135s  rate=1.1/s  eta=26219s  finite=63713
  [71620/100000]  elapsed=66145s  rate=1.1/s  eta=26210s  finite=63722
  [71630/100000]  elapsed=66154s  rate=1.1/s  eta=26201s  finite=63731
  [71640/100000]  elapsed=66164s  rate=1.1/s  eta=26192s  finite=63741
  [71650/100000]  elapsed=66174s  rate=1.1/s  eta=26183s  finite=63751
  [71660/100000]  elapsed=66184s  rate=1.1/s  eta=26174s  finite=63760
  [warn] sample 0 failed: 
  [71670/100000]  elapsed=66193s  rate=1.1/s  eta=26165s  finite=63767
  [71680/100000]  elapsed=66203s  rate=1.1/s  eta=26156s  finite=63777
  [warn] sample 4 failed: 
  [warn] sample 7 failed: 
  [71690/100000]  elapsed=66211s  rate=1.1/s  eta=26146s  finite=63785
  [71700/100000]  elapsed=66221s  rate=1.1/s  eta=26137s  finite=63795
  -> checkpoint saved: /scratch/e1498138/lhs/lhs_noise2_paris1_checkpoints/lhs_noise2_paris1_ckpt_071700.pkl
  [71710/100000]  elapsed=66231s  rate=1.1/s  eta=26128s  finite=63804
  [71720/100000]  elapsed=66241s  rate=1.1/s  eta=26119s  finite=63812
  [warn] sample 8 failed: 
  [71730/100000]  elapsed=66250s  rate=1.1/s  eta=26110s  finite=63820
  [warn] sample 6 failed: 
  [71740/100000]  elapsed=66259s  rate=1.1/s  eta=26101s  finite=63829
  [71750/100000]  elapsed=66268s  rate=1.1/s  eta=26092s  finite=63839
  [71760/100000]  elapsed=66278s  rate=1.1/s  eta=26083s  finite=63848
  [71770/100000]  elapsed=66288s  rate=1.1/s  eta=26074s  finite=63858
  [71780/100000]  elapsed=66298s  rate=1.1/s  eta=26065s  finite=63868
  [71790/100000]  elapsed=66308s  rate=1.1/s  eta=26056s  finite=63878
  [warn] sample 6 failed: 
  [71800/100000]  elapsed=66317s  rate=1.1/s  eta=26046s  finite=63887
  -> checkpoint saved: /scratch/e1498138/lhs/lhs_noise2_paris1_checkpoints/lhs_noise2_paris1_ckpt_071800.pkl
  [warn] sample 4 failed: 
  [71810/100000]  elapsed=66326s  rate=1.1/s  eta=26037s  finite=63895
  [71820/100000]  elapsed=66336s  rate=1.1/s  eta=26028s  finite=63904
  [71830/100000]  elapsed=66345s  rate=1.1/s  eta=26019s  finite=63913
  [71840/100000]  elapsed=66355s  rate=1.1/s  eta=26010s  finite=63920
  [71850/100000]  elapsed=66365s  rate=1.1/s  eta=26001s  finite=63928
  [71860/100000]  elapsed=66375s  rate=1.1/s  eta=25992s  finite=63938
  [71870/100000]  elapsed=66385s  rate=1.1/s  eta=25983s  finite=63945
  [warn] sample 7 failed: 
  [71880/100000]  elapsed=66393s  rate=1.1/s  eta=25974s  finite=63953
  [71890/100000]  elapsed=66403s  rate=1.1/s  eta=25965s  finite=63963
  [71900/100000]  elapsed=66413s  rate=1.1/s  eta=25956s  finite=63971
  -> checkpoint saved: /scratch/e1498138/lhs/lhs_noise2_paris1_checkpoints/lhs_noise2_paris1_ckpt_071900.pkl
  [71910/100000]  elapsed=66423s  rate=1.1/s  eta=25947s  finite=63981
  [71920/100000]  elapsed=66433s  rate=1.1/s  eta=25938s  finite=63990
  [71930/100000]  elapsed=66443s  rate=1.1/s  eta=25929s  finite=64000
  [71940/100000]  elapsed=66452s  rate=1.1/s  eta=25920s  finite=64009
  [warn] sample 2 failed: 
  [71950/100000]  elapsed=66461s  rate=1.1/s  eta=25910s  finite=64018
  [71960/100000]  elapsed=66471s  rate=1.1/s  eta=25901s  finite=64028
  [71970/100000]  elapsed=66481s  rate=1.1/s  eta=25892s  finite=64037
  [71980/100000]  elapsed=66491s  rate=1.1/s  eta=25883s  finite=64047
  [warn] sample 3 failed: 
  [71990/100000]  elapsed=66500s  rate=1.1/s  eta=25874s  finite=64056
  [72000/100000]  elapsed=66510s  rate=1.1/s  eta=25865s  finite=64066
  -> checkpoint saved: /scratch/e1498138/lhs/lhs_noise2_paris1_checkpoints/lhs_noise2_paris1_ckpt_072000.pkl
  [warn] sample 9 failed: 
  [72010/100000]  elapsed=66519s  rate=1.1/s  eta=25856s  finite=64075
  [warn] sample 1 failed: 
  [72020/100000]  elapsed=66527s  rate=1.1/s  eta=25846s  finite=64083
  [warn] sample 5 failed: 
  [72030/100000]  elapsed=66536s  rate=1.1/s  eta=25837s  finite=64091
  [72040/100000]  elapsed=66546s  rate=1.1/s  eta=25828s  finite=64100
  [72050/100000]  elapsed=66556s  rate=1.1/s  eta=25819s  finite=64109
  [72060/100000]  elapsed=66566s  rate=1.1/s  eta=25810s  finite=64117
  [72070/100000]  elapsed=66575s  rate=1.1/s  eta=25801s  finite=64126
  [warn] sample 0 failed: 
  [72080/100000]  elapsed=66584s  rate=1.1/s  eta=25791s  finite=64135
  [warn] sample 0 failed: 
  [72090/100000]  elapsed=66593s  rate=1.1/s  eta=25782s  finite=64144
  [72100/100000]  elapsed=66603s  rate=1.1/s  eta=25773s  finite=64154
  -> checkpoint saved: /scratch/e1498138/lhs/lhs_noise2_paris1_checkpoints/lhs_noise2_paris1_ckpt_072100.pkl
  [72110/100000]  elapsed=66613s  rate=1.1/s  eta=25764s  finite=64164
  [warn] sample 3 failed: 
  [72120/100000]  elapsed=66622s  rate=1.1/s  eta=25755s  finite=64173
  [72130/100000]  elapsed=66632s  rate=1.1/s  eta=25746s  finite=64183
  [72140/100000]  elapsed=66642s  rate=1.1/s  eta=25737s  finite=64192
  [72150/100000]  elapsed=66652s  rate=1.1/s  eta=25728s  finite=64200
  [warn] sample 9 failed: 
  [72160/100000]  elapsed=66660s  rate=1.1/s  eta=25718s  finite=64208
  [72170/100000]  elapsed=66670s  rate=1.1/s  eta=25709s  finite=64218
  [72180/100000]  elapsed=66680s  rate=1.1/s  eta=25700s  finite=64228
  [72190/100000]  elapsed=66690s  rate=1.1/s  eta=25691s  finite=64236
  [warn] sample 3 failed: 
  [72200/100000]  elapsed=66699s  rate=1.1/s  eta=25682s  finite=64245
  -> checkpoint saved: /scratch/e1498138/lhs/lhs_noise2_paris1_checkpoints/lhs_noise2_paris1_ckpt_072200.pkl
  [72210/100000]  elapsed=66709s  rate=1.1/s  eta=25673s  finite=64253
  [warn] sample 7 failed: 
  [72220/100000]  elapsed=66718s  rate=1.1/s  eta=25664s  finite=64261
  [72230/100000]  elapsed=66728s  rate=1.1/s  eta=25655s  finite=64271
  [72240/100000]  elapsed=66738s  rate=1.1/s  eta=25646s  finite=64281
  [72250/100000]  elapsed=66747s  rate=1.1/s  eta=25636s  finite=64290
  [72260/100000]  elapsed=66756s  rate=1.1/s  eta=25627s  finite=64300
  [warn] sample 3 failed: 
  [72270/100000]  elapsed=66765s  rate=1.1/s  eta=25618s  finite=64308
  [warn] sample 3 failed: 
  [72280/100000]  elapsed=66774s  rate=1.1/s  eta=25608s  finite=64317
  [72290/100000]  elapsed=66784s  rate=1.1/s  eta=25599s  finite=64327
  [72300/100000]  elapsed=66793s  rate=1.1/s  eta=25590s  finite=64336
  -> checkpoint saved: /scratch/e1498138/lhs/lhs_noise2_paris1_checkpoints/lhs_noise2_paris1_ckpt_072300.pkl
  [72310/100000]  elapsed=66803s  rate=1.1/s  eta=25581s  finite=64345
  [warn] sample 3 failed: 
  [72320/100000]  elapsed=66812s  rate=1.1/s  eta=25572s  finite=64354
  [warn] sample 6 failed: 
  [72330/100000]  elapsed=66821s  rate=1.1/s  eta=25563s  finite=64362
  [72340/100000]  elapsed=66831s  rate=1.1/s  eta=25554s  finite=64371
  [warn] sample 4 failed: 
  [72350/100000]  elapsed=66840s  rate=1.1/s  eta=25544s  finite=64380
  [72360/100000]  elapsed=66850s  rate=1.1/s  eta=25535s  finite=64388
  [72370/100000]  elapsed=66860s  rate=1.1/s  eta=25526s  finite=64398
  [72380/100000]  elapsed=66870s  rate=1.1/s  eta=25517s  finite=64408
  [warn] sample 2 failed: 
  [72390/100000]  elapsed=66878s  rate=1.1/s  eta=25508s  finite=64416
  [72400/100000]  elapsed=66888s  rate=1.1/s  eta=25499s  finite=64426
  -> checkpoint saved: /scratch/e1498138/lhs/lhs_noise2_paris1_checkpoints/lhs_noise2_paris1_ckpt_072400.pkl
  [warn] sample 1 failed: 
  [warn] sample 5 failed: 
  [warn] sample 6 failed: 
  [72410/100000]  elapsed=66896s  rate=1.1/s  eta=25489s  finite=64432
  [warn] sample 2 failed: 
  [72420/100000]  elapsed=66905s  rate=1.1/s  eta=25480s  finite=64441
  [72430/100000]  elapsed=66914s  rate=1.1/s  eta=25471s  finite=64449
  [72440/100000]  elapsed=66924s  rate=1.1/s  eta=25461s  finite=64457
  [72450/100000]  elapsed=66934s  rate=1.1/s  eta=25452s  finite=64465
  [72460/100000]  elapsed=66943s  rate=1.1/s  eta=25443s  finite=64474
  [warn] sample 6 failed: 
  [72470/100000]  elapsed=66952s  rate=1.1/s  eta=25434s  finite=64483
  [72480/100000]  elapsed=66962s  rate=1.1/s  eta=25425s  finite=64491
  [72490/100000]  elapsed=66972s  rate=1.1/s  eta=25416s  finite=64501
  [72500/100000]  elapsed=66982s  rate=1.1/s  eta=25407s  finite=64510
  -> checkpoint saved: /scratch/e1498138/lhs/lhs_noise2_paris1_checkpoints/lhs_noise2_paris1_ckpt_072500.pkl
  [72510/100000]  elapsed=66992s  rate=1.1/s  eta=25398s  finite=64518
  [warn] sample 4 failed: 
  [72520/100000]  elapsed=67001s  rate=1.1/s  eta=25389s  finite=64527
  [72530/100000]  elapsed=67011s  rate=1.1/s  eta=25380s  finite=64537
  [72540/100000]  elapsed=67020s  rate=1.1/s  eta=25371s  finite=64546
  [72550/100000]  elapsed=67030s  rate=1.1/s  eta=25362s  finite=64555
  [72560/100000]  elapsed=67040s  rate=1.1/s  eta=25352s  finite=64565
  [72570/100000]  elapsed=67050s  rate=1.1/s  eta=25343s  finite=64575
  [warn] sample 4 failed: 
  [72580/100000]  elapsed=67059s  rate=1.1/s  eta=25334s  finite=64583
  [72590/100000]  elapsed=67068s  rate=1.1/s  eta=25325s  finite=64593
  [72600/100000]  elapsed=67078s  rate=1.1/s  eta=25316s  finite=64599
  -> checkpoint saved: /scratch/e1498138/lhs/lhs_noise2_paris1_checkpoints/lhs_noise2_paris1_ckpt_072600.pkl
  [72610/100000]  elapsed=67088s  rate=1.1/s  eta=25307s  finite=64609
  [72620/100000]  elapsed=67098s  rate=1.1/s  eta=25298s  finite=64617
  [warn] sample 9 failed: 
  [72630/100000]  elapsed=67107s  rate=1.1/s  eta=25289s  finite=64626
  [72640/100000]  elapsed=67117s  rate=1.1/s  eta=25280s  finite=64636
  [warn] sample 1 failed: 
  [72650/100000]  elapsed=67126s  rate=1.1/s  eta=25270s  finite=64645
  [72660/100000]  elapsed=67136s  rate=1.1/s  eta=25261s  finite=64655
  [72670/100000]  elapsed=67145s  rate=1.1/s  eta=25252s  finite=64664
  [warn] sample 2 failed: 
  [72680/100000]  elapsed=67154s  rate=1.1/s  eta=25243s  finite=64671
  [warn] sample 5 failed: 
  [72690/100000]  elapsed=67163s  rate=1.1/s  eta=25234s  finite=64678
  [72700/100000]  elapsed=67173s  rate=1.1/s  eta=25225s  finite=64686
  -> checkpoint saved: /scratch/e1498138/lhs/lhs_noise2_paris1_checkpoints/lhs_noise2_paris1_ckpt_072700.pkl
  [72710/100000]  elapsed=67183s  rate=1.1/s  eta=25216s  finite=64696
  [72720/100000]  elapsed=67193s  rate=1.1/s  eta=25207s  finite=64706
  [72730/100000]  elapsed=67203s  rate=1.1/s  eta=25198s  finite=64716
  [72740/100000]  elapsed=67213s  rate=1.1/s  eta=25189s  finite=64724
  [72750/100000]  elapsed=67223s  rate=1.1/s  eta=25180s  finite=64734
  [72760/100000]  elapsed=67232s  rate=1.1/s  eta=25171s  finite=64744
  [72770/100000]  elapsed=67243s  rate=1.1/s  eta=25162s  finite=64753
  [warn] sample 5 failed: 
  [72780/100000]  elapsed=67252s  rate=1.1/s  eta=25152s  finite=64761
  [72790/100000]  elapsed=67262s  rate=1.1/s  eta=25143s  finite=64770
  [72800/100000]  elapsed=67271s  rate=1.1/s  eta=25134s  finite=64780
  -> checkpoint saved: /scratch/e1498138/lhs/lhs_noise2_paris1_checkpoints/lhs_noise2_paris1_ckpt_072800.pkl
  [72810/100000]  elapsed=67281s  rate=1.1/s  eta=25125s  finite=64790
  [72820/100000]  elapsed=67291s  rate=1.1/s  eta=25116s  finite=64798
  [warn] sample 4 failed: 
  [warn] sample 6 failed: 
  [72830/100000]  elapsed=67299s  rate=1.1/s  eta=25107s  finite=64806
  [warn] sample 0 failed: 
  [warn] sample 5 failed: 
  [72840/100000]  elapsed=67307s  rate=1.1/s  eta=25097s  finite=64814
  [72850/100000]  elapsed=67317s  rate=1.1/s  eta=25088s  finite=64824
  [warn] sample 6 failed: 
  [72860/100000]  elapsed=67326s  rate=1.1/s  eta=25079s  finite=64833
  [warn] sample 4 failed: 
  [72870/100000]  elapsed=67335s  rate=1.1/s  eta=25069s  finite=64840
  [72880/100000]  elapsed=67345s  rate=1.1/s  eta=25060s  finite=64850
  [72890/100000]  elapsed=67355s  rate=1.1/s  eta=25051s  finite=64860
  [warn] sample 6 failed: 
  [72900/100000]  elapsed=67364s  rate=1.1/s  eta=25042s  finite=64867
  -> checkpoint saved: /scratch/e1498138/lhs/lhs_noise2_paris1_checkpoints/lhs_noise2_paris1_ckpt_072900.pkl
  [72910/100000]  elapsed=67374s  rate=1.1/s  eta=25033s  finite=64876
  [72920/100000]  elapsed=67384s  rate=1.1/s  eta=25024s  finite=64885
  [72930/100000]  elapsed=67394s  rate=1.1/s  eta=25015s  finite=64894
  [72940/100000]  elapsed=67404s  rate=1.1/s  eta=25006s  finite=64904
  [72950/100000]  elapsed=67413s  rate=1.1/s  eta=24997s  finite=64913
  [72960/100000]  elapsed=67423s  rate=1.1/s  eta=24988s  finite=64922
  [72970/100000]  elapsed=67433s  rate=1.1/s  eta=24979s  finite=64932
  [72980/100000]  elapsed=67443s  rate=1.1/s  eta=24970s  finite=64942
  [72990/100000]  elapsed=67453s  rate=1.1/s  eta=24961s  finite=64952
  [73000/100000]  elapsed=67463s  rate=1.1/s  eta=24952s  finite=64962
  -> checkpoint saved: /scratch/e1498138/lhs/lhs_noise2_paris1_checkpoints/lhs_noise2_paris1_ckpt_073000.pkl
  [73010/100000]  elapsed=67473s  rate=1.1/s  eta=24943s  finite=64970
  [73020/100000]  elapsed=67483s  rate=1.1/s  eta=24934s  finite=64979
  [73030/100000]  elapsed=67492s  rate=1.1/s  eta=24925s  finite=64989
  [73040/100000]  elapsed=67502s  rate=1.1/s  eta=24916s  finite=64997
  [73050/100000]  elapsed=67512s  rate=1.1/s  eta=24907s  finite=65005
  [73060/100000]  elapsed=67522s  rate=1.1/s  eta=24898s  finite=65014
  [73070/100000]  elapsed=67532s  rate=1.1/s  eta=24889s  finite=65023
  [73080/100000]  elapsed=67542s  rate=1.1/s  eta=24880s  finite=65033
  [warn] sample 1 failed: 
  [73090/100000]  elapsed=67551s  rate=1.1/s  eta=24871s  finite=65041
  [warn] sample 9 failed: 
  [73100/100000]  elapsed=67560s  rate=1.1/s  eta=24861s  finite=65048
  -> checkpoint saved: /scratch/e1498138/lhs/lhs_noise2_paris1_checkpoints/lhs_noise2_paris1_ckpt_073100.pkl
  [warn] sample 4 failed: 
  [73110/100000]  elapsed=67569s  rate=1.1/s  eta=24852s  finite=65057
  [73120/100000]  elapsed=67579s  rate=1.1/s  eta=24843s  finite=65067
  [73130/100000]  elapsed=67589s  rate=1.1/s  eta=24834s  finite=65077
  [73140/100000]  elapsed=67598s  rate=1.1/s  eta=24825s  finite=65087
  [73150/100000]  elapsed=67608s  rate=1.1/s  eta=24816s  finite=65097
  [warn] sample 8 failed: 
  [73160/100000]  elapsed=67618s  rate=1.1/s  eta=24807s  finite=65106
  [73170/100000]  elapsed=67627s  rate=1.1/s  eta=24798s  finite=65114
  [73180/100000]  elapsed=67637s  rate=1.1/s  eta=24789s  finite=65122
  [warn] sample 4 failed: 
  [warn] sample 7 failed: 
  [73190/100000]  elapsed=67645s  rate=1.1/s  eta=24779s  finite=65129
  [73200/100000]  elapsed=67655s  rate=1.1/s  eta=24770s  finite=65138
  -> checkpoint saved: /scratch/e1498138/lhs/lhs_noise2_paris1_checkpoints/lhs_noise2_paris1_ckpt_073200.pkl
  [73210/100000]  elapsed=67665s  rate=1.1/s  eta=24761s  finite=65147
  [73220/100000]  elapsed=67675s  rate=1.1/s  eta=24752s  finite=65156
  [warn] sample 3 failed: 
  [73230/100000]  elapsed=67684s  rate=1.1/s  eta=24743s  finite=65163
  [73240/100000]  elapsed=67694s  rate=1.1/s  eta=24734s  finite=65172
  [warn] sample 7 failed: 
  [73250/100000]  elapsed=67703s  rate=1.1/s  eta=24724s  finite=65181
  [warn] sample 7 failed: 
  [73260/100000]  elapsed=67712s  rate=1.1/s  eta=24715s  finite=65190
  [73270/100000]  elapsed=67722s  rate=1.1/s  eta=24706s  finite=65200
  [73280/100000]  elapsed=67731s  rate=1.1/s  eta=24697s  finite=65208
  [73290/100000]  elapsed=67741s  rate=1.1/s  eta=24688s  finite=65218
  [warn] sample 7 failed: 
  [73300/100000]  elapsed=67750s  rate=1.1/s  eta=24678s  finite=65225
  -> checkpoint saved: /scratch/e1498138/lhs/lhs_noise2_paris1_checkpoints/lhs_noise2_paris1_ckpt_073300.pkl
  [warn] sample 0 failed: 
  [73310/100000]  elapsed=67759s  rate=1.1/s  eta=24669s  finite=65234
  [warn] sample 2 failed: 
  [73320/100000]  elapsed=67768s  rate=1.1/s  eta=24660s  finite=65242
  [warn] sample 7 failed: 
  [warn] sample 8 failed: 
  [73330/100000]  elapsed=67776s  rate=1.1/s  eta=24650s  finite=65250
  [73340/100000]  elapsed=67786s  rate=1.1/s  eta=24641s  finite=65260
  [warn] sample 4 failed: 
  [73350/100000]  elapsed=67795s  rate=1.1/s  eta=24632s  finite=65269
  [73360/100000]  elapsed=67805s  rate=1.1/s  eta=24623s  finite=65279
  [73370/100000]  elapsed=67814s  rate=1.1/s  eta=24613s  finite=65287
  [73380/100000]  elapsed=67824s  rate=1.1/s  eta=24605s  finite=65297
  [73390/100000]  elapsed=67834s  rate=1.1/s  eta=24595s  finite=65307
  [73400/100000]  elapsed=67844s  rate=1.1/s  eta=24586s  finite=65315
  -> checkpoint saved: /scratch/e1498138/lhs/lhs_noise2_paris1_checkpoints/lhs_noise2_paris1_ckpt_073400.pkl
  [73410/100000]  elapsed=67854s  rate=1.1/s  eta=24577s  finite=65323
  [warn] sample 4 failed: 
  [warn] sample 8 failed: 
  [73420/100000]  elapsed=67862s  rate=1.1/s  eta=24568s  finite=65331
  [73430/100000]  elapsed=67872s  rate=1.1/s  eta=24559s  finite=65340
  [73440/100000]  elapsed=67882s  rate=1.1/s  eta=24550s  finite=65350
  [73450/100000]  elapsed=67892s  rate=1.1/s  eta=24541s  finite=65358
  [warn] sample 0 failed: 
  [73460/100000]  elapsed=67901s  rate=1.1/s  eta=24531s  finite=65367
  [warn] sample 4 failed: 
  [warn] sample 6 failed: 
  [73470/100000]  elapsed=67909s  rate=1.1/s  eta=24522s  finite=65375
  [73480/100000]  elapsed=67919s  rate=1.1/s  eta=24513s  finite=65384
  [73490/100000]  elapsed=67929s  rate=1.1/s  eta=24504s  finite=65394
  [73500/100000]  elapsed=67938s  rate=1.1/s  eta=24495s  finite=65402
  -> checkpoint saved: /scratch/e1498138/lhs/lhs_noise2_paris1_checkpoints/lhs_noise2_paris1_ckpt_073500.pkl
  [73510/100000]  elapsed=67948s  rate=1.1/s  eta=24486s  finite=65412
  [73520/100000]  elapsed=67958s  rate=1.1/s  eta=24477s  finite=65421
  [warn] sample 7 failed: 
  [73530/100000]  elapsed=67967s  rate=1.1/s  eta=24467s  finite=65429
  [warn] sample 0 failed: 
  [73540/100000]  elapsed=67976s  rate=1.1/s  eta=24458s  finite=65437
  [73550/100000]  elapsed=67986s  rate=1.1/s  eta=24449s  finite=65446
  [73560/100000]  elapsed=67996s  rate=1.1/s  eta=24440s  finite=65456
  [warn] sample 0 failed: 
  [73570/100000]  elapsed=68005s  rate=1.1/s  eta=24431s  finite=65465
  [73580/100000]  elapsed=68015s  rate=1.1/s  eta=24422s  finite=65475
  [73590/100000]  elapsed=68025s  rate=1.1/s  eta=24413s  finite=65485
  [73600/100000]  elapsed=68034s  rate=1.1/s  eta=24404s  finite=65494
  -> checkpoint saved: /scratch/e1498138/lhs/lhs_noise2_paris1_checkpoints/lhs_noise2_paris1_ckpt_073600.pkl
  [73610/100000]  elapsed=68044s  rate=1.1/s  eta=24395s  finite=65504
  [73620/100000]  elapsed=68054s  rate=1.1/s  eta=24386s  finite=65513
  [warn] sample 7 failed: 
  [73630/100000]  elapsed=68063s  rate=1.1/s  eta=24376s  finite=65521
  [73640/100000]  elapsed=68073s  rate=1.1/s  eta=24367s  finite=65529
  [73650/100000]  elapsed=68083s  rate=1.1/s  eta=24358s  finite=65539
  [73660/100000]  elapsed=68092s  rate=1.1/s  eta=24349s  finite=65549
  [warn] sample 0 failed: 
  [73670/100000]  elapsed=68101s  rate=1.1/s  eta=24340s  finite=65558
  [73680/100000]  elapsed=68111s  rate=1.1/s  eta=24331s  finite=65567
  [73690/100000]  elapsed=68121s  rate=1.1/s  eta=24322s  finite=65577
  [73700/100000]  elapsed=68131s  rate=1.1/s  eta=24313s  finite=65587
  -> checkpoint saved: /scratch/e1498138/lhs/lhs_noise2_paris1_checkpoints/lhs_noise2_paris1_ckpt_073700.pkl
  [73710/100000]  elapsed=68141s  rate=1.1/s  eta=24304s  finite=65597
  [73720/100000]  elapsed=68151s  rate=1.1/s  eta=24295s  finite=65607
  [73730/100000]  elapsed=68161s  rate=1.1/s  eta=24286s  finite=65617
  [73740/100000]  elapsed=68171s  rate=1.1/s  eta=24277s  finite=65626
  [warn] sample 3 failed: 
  [warn] sample 7 failed: 
  [73750/100000]  elapsed=68179s  rate=1.1/s  eta=24267s  finite=65634
  [warn] sample 8 failed: 
  [73760/100000]  elapsed=68189s  rate=1.1/s  eta=24258s  finite=65642
  [73770/100000]  elapsed=68198s  rate=1.1/s  eta=24249s  finite=65650
  [73780/100000]  elapsed=68208s  rate=1.1/s  eta=24240s  finite=65660
  [73790/100000]  elapsed=68218s  rate=1.1/s  eta=24231s  finite=65670
  [warn] sample 4 failed: 
  [73800/100000]  elapsed=68227s  rate=1.1/s  eta=24221s  finite=65676
  -> checkpoint saved: /scratch/e1498138/lhs/lhs_noise2_paris1_checkpoints/lhs_noise2_paris1_ckpt_073800.pkl
  [73810/100000]  elapsed=68237s  rate=1.1/s  eta=24213s  finite=65685
  [73820/100000]  elapsed=68247s  rate=1.1/s  eta=24204s  finite=65694
  [73830/100000]  elapsed=68257s  rate=1.1/s  eta=24195s  finite=65703
  [73840/100000]  elapsed=68267s  rate=1.1/s  eta=24186s  finite=65712
  [warn] sample 8 failed: 
  [73850/100000]  elapsed=68276s  rate=1.1/s  eta=24176s  finite=65720
  [warn] sample 0 failed: 
  [73860/100000]  elapsed=68285s  rate=1.1/s  eta=24167s  finite=65729
  [73870/100000]  elapsed=68295s  rate=1.1/s  eta=24158s  finite=65739
  [warn] sample 4 failed: 
  [73880/100000]  elapsed=68304s  rate=1.1/s  eta=24148s  finite=65747
  [warn] sample 1 failed: 
  [warn] sample 6 failed: 
  [73890/100000]  elapsed=68312s  rate=1.1/s  eta=24139s  finite=65755
  [73900/100000]  elapsed=68322s  rate=1.1/s  eta=24130s  finite=65764
  -> checkpoint saved: /scratch/e1498138/lhs/lhs_noise2_paris1_checkpoints/lhs_noise2_paris1_ckpt_073900.pkl
  [73910/100000]  elapsed=68332s  rate=1.1/s  eta=24121s  finite=65774
  [73920/100000]  elapsed=68342s  rate=1.1/s  eta=24112s  finite=65782
  [73930/100000]  elapsed=68351s  rate=1.1/s  eta=24103s  finite=65791
  [warn] sample 0 failed: 
  [73940/100000]  elapsed=68360s  rate=1.1/s  eta=24093s  finite=65800
  [73950/100000]  elapsed=68370s  rate=1.1/s  eta=24085s  finite=65809
  [73960/100000]  elapsed=68380s  rate=1.1/s  eta=24076s  finite=65818
  [73970/100000]  elapsed=68390s  rate=1.1/s  eta=24066s  finite=65826
  [73980/100000]  elapsed=68400s  rate=1.1/s  eta=24057s  finite=65833
  [73990/100000]  elapsed=68410s  rate=1.1/s  eta=24048s  finite=65842
  [74000/100000]  elapsed=68420s  rate=1.1/s  eta=24039s  finite=65850
  -> checkpoint saved: /scratch/e1498138/lhs/lhs_noise2_paris1_checkpoints/lhs_noise2_paris1_ckpt_074000.pkl
  [warn] sample 7 failed: 
  [74010/100000]  elapsed=68429s  rate=1.1/s  eta=24030s  finite=65857
  [74020/100000]  elapsed=68438s  rate=1.1/s  eta=24021s  finite=65865
  [74030/100000]  elapsed=68448s  rate=1.1/s  eta=24012s  finite=65875
  [74040/100000]  elapsed=68458s  rate=1.1/s  eta=24003s  finite=65884
  [warn] sample 1 failed: 
  [74050/100000]  elapsed=68467s  rate=1.1/s  eta=23994s  finite=65892
  [74060/100000]  elapsed=68477s  rate=1.1/s  eta=23985s  finite=65900
  [74070/100000]  elapsed=68487s  rate=1.1/s  eta=23975s  finite=65910
  [74080/100000]  elapsed=68497s  rate=1.1/s  eta=23966s  finite=65919
  [74090/100000]  elapsed=68507s  rate=1.1/s  eta=23957s  finite=65928
  [74100/100000]  elapsed=68516s  rate=1.1/s  eta=23948s  finite=65935
  -> checkpoint saved: /scratch/e1498138/lhs/lhs_noise2_paris1_checkpoints/lhs_noise2_paris1_ckpt_074100.pkl
  [74110/100000]  elapsed=68526s  rate=1.1/s  eta=23939s  finite=65945
  [warn] sample 9 failed: 
  [74120/100000]  elapsed=68535s  rate=1.1/s  eta=23930s  finite=65953
  [74130/100000]  elapsed=68545s  rate=1.1/s  eta=23921s  finite=65962
  [74140/100000]  elapsed=68555s  rate=1.1/s  eta=23912s  finite=65972
  [74150/100000]  elapsed=68565s  rate=1.1/s  eta=23903s  finite=65982
  [warn] sample 5 failed: 
  [warn] sample 9 failed: 
  [74160/100000]  elapsed=68573s  rate=1.1/s  eta=23893s  finite=65989
  [74170/100000]  elapsed=68583s  rate=1.1/s  eta=23884s  finite=65999
  [74180/100000]  elapsed=68593s  rate=1.1/s  eta=23875s  finite=66008
  [74190/100000]  elapsed=68603s  rate=1.1/s  eta=23866s  finite=66017
  [warn] sample 3 failed: 
  [74200/100000]  elapsed=68612s  rate=1.1/s  eta=23857s  finite=66026
  -> checkpoint saved: /scratch/e1498138/lhs/lhs_noise2_paris1_checkpoints/lhs_noise2_paris1_ckpt_074200.pkl
  [74210/100000]  elapsed=68622s  rate=1.1/s  eta=23848s  finite=66035
  [warn] sample 1 failed: 
  [74220/100000]  elapsed=68631s  rate=1.1/s  eta=23839s  finite=66044
  [74230/100000]  elapsed=68641s  rate=1.1/s  eta=23830s  finite=66054
  [74240/100000]  elapsed=68650s  rate=1.1/s  eta=23820s  finite=66063
  [74250/100000]  elapsed=68660s  rate=1.1/s  eta=23811s  finite=66070
  [warn] sample 0 failed: 
  [warn] sample 3 failed: 
  [74260/100000]  elapsed=68668s  rate=1.1/s  eta=23802s  finite=66078
  [74270/100000]  elapsed=68678s  rate=1.1/s  eta=23793s  finite=66088
  [74280/100000]  elapsed=68688s  rate=1.1/s  eta=23784s  finite=66098
  [74290/100000]  elapsed=68698s  rate=1.1/s  eta=23775s  finite=66108
  [74300/100000]  elapsed=68708s  rate=1.1/s  eta=23766s  finite=66118
  -> checkpoint saved: /scratch/e1498138/lhs/lhs_noise2_paris1_checkpoints/lhs_noise2_paris1_ckpt_074300.pkl
  [74310/100000]  elapsed=68718s  rate=1.1/s  eta=23757s  finite=66128
  [74320/100000]  elapsed=68727s  rate=1.1/s  eta=23748s  finite=66138
  [74330/100000]  elapsed=68737s  rate=1.1/s  eta=23739s  finite=66147
  [74340/100000]  elapsed=68747s  rate=1.1/s  eta=23730s  finite=66156
  [74350/100000]  elapsed=68757s  rate=1.1/s  eta=23720s  finite=66166
  [warn] sample 4 failed: 
  [74360/100000]  elapsed=68766s  rate=1.1/s  eta=23711s  finite=66175
  [74370/100000]  elapsed=68776s  rate=1.1/s  eta=23702s  finite=66185
  [74380/100000]  elapsed=68786s  rate=1.1/s  eta=23693s  finite=66194
  [74390/100000]  elapsed=68796s  rate=1.1/s  eta=23684s  finite=66202
  [74400/100000]  elapsed=68806s  rate=1.1/s  eta=23675s  finite=66212
  -> checkpoint saved: /scratch/e1498138/lhs/lhs_noise2_paris1_checkpoints/lhs_noise2_paris1_ckpt_074400.pkl
  [74410/100000]  elapsed=68816s  rate=1.1/s  eta=23666s  finite=66222
  [74420/100000]  elapsed=68826s  rate=1.1/s  eta=23657s  finite=66232
  [warn] sample 0 failed: 
  [warn] sample 6 failed: 
  [74430/100000]  elapsed=68834s  rate=1.1/s  eta=23647s  finite=66239
  [74440/100000]  elapsed=68843s  rate=1.1/s  eta=23638s  finite=66249
  [warn] sample 1 failed: 
  [74450/100000]  elapsed=68853s  rate=1.1/s  eta=23629s  finite=66258
  [warn] sample 1 failed: 
  [74460/100000]  elapsed=68861s  rate=1.1/s  eta=23620s  finite=66267
  [74470/100000]  elapsed=68871s  rate=1.1/s  eta=23611s  finite=66276
  [74480/100000]  elapsed=68881s  rate=1.1/s  eta=23602s  finite=66286
  [74490/100000]  elapsed=68891s  rate=1.1/s  eta=23592s  finite=66295
  [74500/100000]  elapsed=68901s  rate=1.1/s  eta=23584s  finite=66305
  -> checkpoint saved: /scratch/e1498138/lhs/lhs_noise2_paris1_checkpoints/lhs_noise2_paris1_ckpt_074500.pkl
  [74510/100000]  elapsed=68911s  rate=1.1/s  eta=23575s  finite=66315
  [74520/100000]  elapsed=68921s  rate=1.1/s  eta=23565s  finite=66325
  [74530/100000]  elapsed=68930s  rate=1.1/s  eta=23556s  finite=66335
  [74540/100000]  elapsed=68940s  rate=1.1/s  eta=23547s  finite=66345
  [74550/100000]  elapsed=68950s  rate=1.1/s  eta=23538s  finite=66353
  [74560/100000]  elapsed=68960s  rate=1.1/s  eta=23529s  finite=66362
  [warn] sample 4 failed: 
  [74570/100000]  elapsed=68969s  rate=1.1/s  eta=23520s  finite=66371
  [warn] sample 1 failed: 
  [74580/100000]  elapsed=68978s  rate=1.1/s  eta=23511s  finite=66380
  [74590/100000]  elapsed=68988s  rate=1.1/s  eta=23502s  finite=66390
  [74600/100000]  elapsed=68998s  rate=1.1/s  eta=23492s  finite=66398
  -> checkpoint saved: /scratch/e1498138/lhs/lhs_noise2_paris1_checkpoints/lhs_noise2_paris1_ckpt_074600.pkl
  [74610/100000]  elapsed=69008s  rate=1.1/s  eta=23483s  finite=66408
  [74620/100000]  elapsed=69017s  rate=1.1/s  eta=23474s  finite=66415
  [warn] sample 2 failed: 
  [74630/100000]  elapsed=69026s  rate=1.1/s  eta=23465s  finite=66423
  [warn] sample 3 failed: 
  [74640/100000]  elapsed=69035s  rate=1.1/s  eta=23456s  finite=66431
  [warn] sample 1 failed: 
  [74650/100000]  elapsed=69044s  rate=1.1/s  eta=23446s  finite=66439
  [warn] sample 4 failed: 
  [74660/100000]  elapsed=69053s  rate=1.1/s  eta=23437s  finite=66446
  [warn] sample 4 failed: 
  [74670/100000]  elapsed=69062s  rate=1.1/s  eta=23428s  finite=66455
  [74680/100000]  elapsed=69072s  rate=1.1/s  eta=23419s  finite=66464
  [74690/100000]  elapsed=69082s  rate=1.1/s  eta=23410s  finite=66473
  [74700/100000]  elapsed=69092s  rate=1.1/s  eta=23401s  finite=66483
  -> checkpoint saved: /scratch/e1498138/lhs/lhs_noise2_paris1_checkpoints/lhs_noise2_paris1_ckpt_074700.pkl
  [warn] sample 2 failed: 
  [warn] sample 7 failed: 
  [warn] sample 9 failed: 
  [74710/100000]  elapsed=69099s  rate=1.1/s  eta=23391s  finite=66490
  [74720/100000]  elapsed=69109s  rate=1.1/s  eta=23382s  finite=66500
  [74730/100000]  elapsed=69119s  rate=1.1/s  eta=23373s  finite=66508
  [warn] sample 0 failed: 
  [warn] sample 2 failed: 
  [74740/100000]  elapsed=69127s  rate=1.1/s  eta=23363s  finite=66516
  [74750/100000]  elapsed=69137s  rate=1.1/s  eta=23354s  finite=66526
  [74760/100000]  elapsed=69147s  rate=1.1/s  eta=23345s  finite=66533
  [warn] sample 4 failed: 
  [74770/100000]  elapsed=69156s  rate=1.1/s  eta=23336s  finite=66542
  [74780/100000]  elapsed=69166s  rate=1.1/s  eta=23327s  finite=66552
  [74790/100000]  elapsed=69175s  rate=1.1/s  eta=23317s  finite=66562
  [74800/100000]  elapsed=69185s  rate=1.1/s  eta=23308s  finite=66571
  -> checkpoint saved: /scratch/e1498138/lhs/lhs_noise2_paris1_checkpoints/lhs_noise2_paris1_ckpt_074800.pkl
  [warn] sample 2 failed: 
  [74810/100000]  elapsed=69194s  rate=1.1/s  eta=23299s  finite=66580
  [74820/100000]  elapsed=69204s  rate=1.1/s  eta=23290s  finite=66590
  [74830/100000]  elapsed=69214s  rate=1.1/s  eta=23281s  finite=66600
  [74840/100000]  elapsed=69223s  rate=1.1/s  eta=23272s  finite=66608
  [warn] sample 0 failed: 
  [74850/100000]  elapsed=69232s  rate=1.1/s  eta=23262s  finite=66617
  [74860/100000]  elapsed=69242s  rate=1.1/s  eta=23253s  finite=66627
  [74870/100000]  elapsed=69252s  rate=1.1/s  eta=23244s  finite=66636
  [74880/100000]  elapsed=69261s  rate=1.1/s  eta=23235s  finite=66646
  [74890/100000]  elapsed=69271s  rate=1.1/s  eta=23226s  finite=66655
  [74900/100000]  elapsed=69281s  rate=1.1/s  eta=23217s  finite=66663
  -> checkpoint saved: /scratch/e1498138/lhs/lhs_noise2_paris1_checkpoints/lhs_noise2_paris1_ckpt_074900.pkl
  [74910/100000]  elapsed=69291s  rate=1.1/s  eta=23208s  finite=66670
  [warn] sample 4 failed: 
  [74920/100000]  elapsed=69300s  rate=1.1/s  eta=23199s  finite=66679
  [74930/100000]  elapsed=69309s  rate=1.1/s  eta=23189s  finite=66688
  [74940/100000]  elapsed=69319s  rate=1.1/s  eta=23180s  finite=66697
  [warn] sample 1 failed: 
  [warn] sample 6 failed: 
  [74950/100000]  elapsed=69327s  rate=1.1/s  eta=23171s  finite=66704
  [74960/100000]  elapsed=69337s  rate=1.1/s  eta=23162s  finite=66713
  [74970/100000]  elapsed=69347s  rate=1.1/s  eta=23153s  finite=66723
  [74980/100000]  elapsed=69357s  rate=1.1/s  eta=23144s  finite=66732
  [74990/100000]  elapsed=69366s  rate=1.1/s  eta=23134s  finite=66740
  [75000/100000]  elapsed=69376s  rate=1.1/s  eta=23125s  finite=66749
  -> checkpoint saved: /scratch/e1498138/lhs/lhs_noise2_paris1_checkpoints/lhs_noise2_paris1_ckpt_075000.pkl
  [75010/100000]  elapsed=69386s  rate=1.1/s  eta=23116s  finite=66759
  [warn] sample 1 failed: 
  [75020/100000]  elapsed=69395s  rate=1.1/s  eta=23107s  finite=66768
  [75030/100000]  elapsed=69405s  rate=1.1/s  eta=23098s  finite=66774
  [75040/100000]  elapsed=69415s  rate=1.1/s  eta=23089s  finite=66783
  [75050/100000]  elapsed=69425s  rate=1.1/s  eta=23080s  finite=66791
  [75060/100000]  elapsed=69434s  rate=1.1/s  eta=23071s  finite=66800
  [75070/100000]  elapsed=69443s  rate=1.1/s  eta=23061s  finite=66810
  [75080/100000]  elapsed=69453s  rate=1.1/s  eta=23052s  finite=66819
  [warn] sample 3 failed: 
  [75090/100000]  elapsed=69461s  rate=1.1/s  eta=23043s  finite=66828
  [75100/100000]  elapsed=69471s  rate=1.1/s  eta=23034s  finite=66838
  -> checkpoint saved: /scratch/e1498138/lhs/lhs_noise2_paris1_checkpoints/lhs_noise2_paris1_ckpt_075100.pkl
  [75110/100000]  elapsed=69481s  rate=1.1/s  eta=23025s  finite=66848
  [75120/100000]  elapsed=69491s  rate=1.1/s  eta=23016s  finite=66858
  [75130/100000]  elapsed=69501s  rate=1.1/s  eta=23007s  finite=66867
  [warn] sample 1 failed: 
  [warn] sample 4 failed: 
  [75140/100000]  elapsed=69509s  rate=1.1/s  eta=22997s  finite=66875
  [warn] sample 6 failed: 
  [75150/100000]  elapsed=69518s  rate=1.1/s  eta=22988s  finite=66884
  [75160/100000]  elapsed=69527s  rate=1.1/s  eta=22978s  finite=66893
  [75170/100000]  elapsed=69537s  rate=1.1/s  eta=22969s  finite=66902
  [75180/100000]  elapsed=69547s  rate=1.1/s  eta=22960s  finite=66912
  [warn] sample 4 failed: 
  [75190/100000]  elapsed=69556s  rate=1.1/s  eta=22951s  finite=66920
  [75200/100000]  elapsed=69566s  rate=1.1/s  eta=22942s  finite=66930
  -> checkpoint saved: /scratch/e1498138/lhs/lhs_noise2_paris1_checkpoints/lhs_noise2_paris1_ckpt_075200.pkl
  [warn] sample 4 failed: 
  [75210/100000]  elapsed=69575s  rate=1.1/s  eta=22933s  finite=66939
  [75220/100000]  elapsed=69585s  rate=1.1/s  eta=22924s  finite=66949
  [75230/100000]  elapsed=69595s  rate=1.1/s  eta=22915s  finite=66958
  [warn] sample 3 failed: 
  [75240/100000]  elapsed=69604s  rate=1.1/s  eta=22905s  finite=66967
  [75250/100000]  elapsed=69613s  rate=1.1/s  eta=22896s  finite=66977
  [75260/100000]  elapsed=69623s  rate=1.1/s  eta=22887s  finite=66986
  [warn] sample 1 failed: 
  [75270/100000]  elapsed=69632s  rate=1.1/s  eta=22878s  finite=66995
  [warn] sample 1 failed: 
  [75280/100000]  elapsed=69641s  rate=1.1/s  eta=22868s  finite=67004
  [75290/100000]  elapsed=69651s  rate=1.1/s  eta=22859s  finite=67012
  [warn] sample 1 failed: 
  [75300/100000]  elapsed=69660s  rate=1.1/s  eta=22850s  finite=67019
  -> checkpoint saved: /scratch/e1498138/lhs/lhs_noise2_paris1_checkpoints/lhs_noise2_paris1_ckpt_075300.pkl
  [75310/100000]  elapsed=69670s  rate=1.1/s  eta=22841s  finite=67029
  [75320/100000]  elapsed=69680s  rate=1.1/s  eta=22832s  finite=67037
  [75330/100000]  elapsed=69690s  rate=1.1/s  eta=22823s  finite=67046
  [75340/100000]  elapsed=69700s  rate=1.1/s  eta=22814s  finite=67056
  [warn] sample 2 failed: 
  [75350/100000]  elapsed=69709s  rate=1.1/s  eta=22805s  finite=67065
  [75360/100000]  elapsed=69719s  rate=1.1/s  eta=22795s  finite=67075
  [75370/100000]  elapsed=69728s  rate=1.1/s  eta=22786s  finite=67083
  [75380/100000]  elapsed=69738s  rate=1.1/s  eta=22777s  finite=67092
  [75390/100000]  elapsed=69748s  rate=1.1/s  eta=22768s  finite=67102
  [75400/100000]  elapsed=69758s  rate=1.1/s  eta=22759s  finite=67112
  -> checkpoint saved: /scratch/e1498138/lhs/lhs_noise2_paris1_checkpoints/lhs_noise2_paris1_ckpt_075400.pkl
  [75410/100000]  elapsed=69768s  rate=1.1/s  eta=22750s  finite=67121
  [75420/100000]  elapsed=69778s  rate=1.1/s  eta=22741s  finite=67129
  [75430/100000]  elapsed=69787s  rate=1.1/s  eta=22732s  finite=67137
  [warn] sample 7 failed: 
  [75440/100000]  elapsed=69796s  rate=1.1/s  eta=22723s  finite=67146
  [75450/100000]  elapsed=69806s  rate=1.1/s  eta=22714s  finite=67155
  [75460/100000]  elapsed=69816s  rate=1.1/s  eta=22705s  finite=67164
  [75470/100000]  elapsed=69826s  rate=1.1/s  eta=22695s  finite=67173
  [75480/100000]  elapsed=69836s  rate=1.1/s  eta=22686s  finite=67182
  [75490/100000]  elapsed=69845s  rate=1.1/s  eta=22677s  finite=67192
  [warn] sample 5 failed: 
  [75500/100000]  elapsed=69854s  rate=1.1/s  eta=22668s  finite=67201
  -> checkpoint saved: /scratch/e1498138/lhs/lhs_noise2_paris1_checkpoints/lhs_noise2_paris1_ckpt_075500.pkl
  [75510/100000]  elapsed=69864s  rate=1.1/s  eta=22659s  finite=67210
  [75520/100000]  elapsed=69874s  rate=1.1/s  eta=22650s  finite=67218
  [75530/100000]  elapsed=69884s  rate=1.1/s  eta=22641s  finite=67228
  [warn] sample 1 failed: 
  [75540/100000]  elapsed=69893s  rate=1.1/s  eta=22631s  finite=67236
  [75550/100000]  elapsed=69903s  rate=1.1/s  eta=22622s  finite=67246
  [75560/100000]  elapsed=69913s  rate=1.1/s  eta=22613s  finite=67256
  [75570/100000]  elapsed=69922s  rate=1.1/s  eta=22604s  finite=67266
  [warn] sample 7 failed: 
  [75580/100000]  elapsed=69931s  rate=1.1/s  eta=22595s  finite=67274
  [75590/100000]  elapsed=69941s  rate=1.1/s  eta=22586s  finite=67282
  [75600/100000]  elapsed=69951s  rate=1.1/s  eta=22577s  finite=67292
  -> checkpoint saved: /scratch/e1498138/lhs/lhs_noise2_paris1_checkpoints/lhs_noise2_paris1_ckpt_075600.pkl
  [75610/100000]  elapsed=69961s  rate=1.1/s  eta=22568s  finite=67300
  [75620/100000]  elapsed=69970s  rate=1.1/s  eta=22559s  finite=67309
  [75630/100000]  elapsed=69980s  rate=1.1/s  eta=22550s  finite=67318
  [75640/100000]  elapsed=69990s  rate=1.1/s  eta=22540s  finite=67327
  [75650/100000]  elapsed=70000s  rate=1.1/s  eta=22531s  finite=67337
  [75660/100000]  elapsed=70009s  rate=1.1/s  eta=22522s  finite=67345
  [75670/100000]  elapsed=70019s  rate=1.1/s  eta=22513s  finite=67355
  [75680/100000]  elapsed=70028s  rate=1.1/s  eta=22504s  finite=67364
  [warn] sample 5 failed: 
  [75690/100000]  elapsed=70037s  rate=1.1/s  eta=22494s  finite=67373
  [75700/100000]  elapsed=70047s  rate=1.1/s  eta=22485s  finite=67383
  -> checkpoint saved: /scratch/e1498138/lhs/lhs_noise2_paris1_checkpoints/lhs_noise2_paris1_ckpt_075700.pkl
  [warn] sample 3 failed: 
  [75710/100000]  elapsed=70056s  rate=1.1/s  eta=22476s  finite=67392
  [warn] sample 2 failed: 
  [75720/100000]  elapsed=70065s  rate=1.1/s  eta=22467s  finite=67401
  [75730/100000]  elapsed=70075s  rate=1.1/s  eta=22458s  finite=67409
  [75740/100000]  elapsed=70085s  rate=1.1/s  eta=22449s  finite=67419
  [75750/100000]  elapsed=70095s  rate=1.1/s  eta=22440s  finite=67429
  [warn] sample 5 failed: 
  [75760/100000]  elapsed=70104s  rate=1.1/s  eta=22430s  finite=67438
  [75770/100000]  elapsed=70113s  rate=1.1/s  eta=22421s  finite=67448
  [warn] sample 4 failed: 
  [warn] sample 6 failed: 
  [75780/100000]  elapsed=70121s  rate=1.1/s  eta=22411s  finite=67455
  [75790/100000]  elapsed=70130s  rate=1.1/s  eta=22402s  finite=67465
  [warn] sample 0 failed: 
  [75800/100000]  elapsed=70139s  rate=1.1/s  eta=22393s  finite=67474
  -> checkpoint saved: /scratch/e1498138/lhs/lhs_noise2_paris1_checkpoints/lhs_noise2_paris1_ckpt_075800.pkl
  [75810/100000]  elapsed=70148s  rate=1.1/s  eta=22383s  finite=67483
  [75820/100000]  elapsed=70158s  rate=1.1/s  eta=22374s  finite=67492
  [warn] sample 1 failed: 
  [75830/100000]  elapsed=70167s  rate=1.1/s  eta=22365s  finite=67501
  [warn] sample 3 failed: 
  [75840/100000]  elapsed=70176s  rate=1.1/s  eta=22356s  finite=67510
  [warn] sample 4 failed: 
  [75850/100000]  elapsed=70185s  rate=1.1/s  eta=22346s  finite=67519
  [75860/100000]  elapsed=70195s  rate=1.1/s  eta=22337s  finite=67527
  [75870/100000]  elapsed=70205s  rate=1.1/s  eta=22328s  finite=67536
  [75880/100000]  elapsed=70215s  rate=1.1/s  eta=22319s  finite=67545
  [75890/100000]  elapsed=70225s  rate=1.1/s  eta=22310s  finite=67555
  [warn] sample 4 failed: 
  [75900/100000]  elapsed=70234s  rate=1.1/s  eta=22301s  finite=67564
  -> checkpoint saved: /scratch/e1498138/lhs/lhs_noise2_paris1_checkpoints/lhs_noise2_paris1_ckpt_075900.pkl
  [75910/100000]  elapsed=70244s  rate=1.1/s  eta=22292s  finite=67574
  [75920/100000]  elapsed=70254s  rate=1.1/s  eta=22283s  finite=67583
  [75930/100000]  elapsed=70263s  rate=1.1/s  eta=22274s  finite=67592
  [warn] sample 3 failed: 
  [75940/100000]  elapsed=70272s  rate=1.1/s  eta=22264s  finite=67601
  [75950/100000]  elapsed=70282s  rate=1.1/s  eta=22255s  finite=67610
  [warn] sample 0 failed: 
  [75960/100000]  elapsed=70291s  rate=1.1/s  eta=22246s  finite=67618
  [75970/100000]  elapsed=70301s  rate=1.1/s  eta=22237s  finite=67625
  [75980/100000]  elapsed=70311s  rate=1.1/s  eta=22228s  finite=67632
  [75990/100000]  elapsed=70321s  rate=1.1/s  eta=22219s  finite=67641
  [76000/100000]  elapsed=70331s  rate=1.1/s  eta=22210s  finite=67650
  -> checkpoint saved: /scratch/e1498138/lhs/lhs_noise2_paris1_checkpoints/lhs_noise2_paris1_ckpt_076000.pkl
  [warn] sample 3 failed: 
  [76010/100000]  elapsed=70340s  rate=1.1/s  eta=22200s  finite=67659
  [warn] sample 2 failed: 
  [76020/100000]  elapsed=70349s  rate=1.1/s  eta=22191s  finite=67667
  [76030/100000]  elapsed=70358s  rate=1.1/s  eta=22182s  finite=67676
  [76040/100000]  elapsed=70368s  rate=1.1/s  eta=22173s  finite=67685
  [76050/100000]  elapsed=70378s  rate=1.1/s  eta=22164s  finite=67695
  [warn] sample 0 failed: 
  [76060/100000]  elapsed=70387s  rate=1.1/s  eta=22154s  finite=67704
  [76070/100000]  elapsed=70397s  rate=1.1/s  eta=22145s  finite=67713
  [76080/100000]  elapsed=70406s  rate=1.1/s  eta=22136s  finite=67723
  [76090/100000]  elapsed=70416s  rate=1.1/s  eta=22127s  finite=67733
  [warn] sample 7 failed: 
  [76100/100000]  elapsed=70425s  rate=1.1/s  eta=22118s  finite=67742
  -> checkpoint saved: /scratch/e1498138/lhs/lhs_noise2_paris1_checkpoints/lhs_noise2_paris1_ckpt_076100.pkl
  [76110/100000]  elapsed=70435s  rate=1.1/s  eta=22109s  finite=67752
  [76120/100000]  elapsed=70445s  rate=1.1/s  eta=22100s  finite=67759
  [76130/100000]  elapsed=70455s  rate=1.1/s  eta=22091s  finite=67768
  [76140/100000]  elapsed=70465s  rate=1.1/s  eta=22081s  finite=67778
  [76150/100000]  elapsed=70474s  rate=1.1/s  eta=22072s  finite=67786
  [warn] sample 2 failed: 
  [76160/100000]  elapsed=70482s  rate=1.1/s  eta=22063s  finite=67795
  [warn] sample 2 failed: 
  [76170/100000]  elapsed=70491s  rate=1.1/s  eta=22053s  finite=67803
  [76180/100000]  elapsed=70501s  rate=1.1/s  eta=22044s  finite=67813
  [76190/100000]  elapsed=70511s  rate=1.1/s  eta=22035s  finite=67821
  [warn] sample 2 failed: 
  [76200/100000]  elapsed=70519s  rate=1.1/s  eta=22026s  finite=67830
  -> checkpoint saved: /scratch/e1498138/lhs/lhs_noise2_paris1_checkpoints/lhs_noise2_paris1_ckpt_076200.pkl
  [76210/100000]  elapsed=70530s  rate=1.1/s  eta=22017s  finite=67840
  [76220/100000]  elapsed=70539s  rate=1.1/s  eta=22008s  finite=67850
  [warn] sample 9 failed: 
  [76230/100000]  elapsed=70548s  rate=1.1/s  eta=21998s  finite=67859
  [76240/100000]  elapsed=70558s  rate=1.1/s  eta=21989s  finite=67869
  [76250/100000]  elapsed=70568s  rate=1.1/s  eta=21980s  finite=67878
  [76260/100000]  elapsed=70578s  rate=1.1/s  eta=21971s  finite=67888
  [76270/100000]  elapsed=70588s  rate=1.1/s  eta=21962s  finite=67898
  [warn] sample 2 failed: 
  [76280/100000]  elapsed=70597s  rate=1.1/s  eta=21953s  finite=67906
  [76290/100000]  elapsed=70606s  rate=1.1/s  eta=21944s  finite=67915
  [76300/100000]  elapsed=70616s  rate=1.1/s  eta=21935s  finite=67922
  -> checkpoint saved: /scratch/e1498138/lhs/lhs_noise2_paris1_checkpoints/lhs_noise2_paris1_ckpt_076300.pkl
  [76310/100000]  elapsed=70626s  rate=1.1/s  eta=21925s  finite=67931
  [76320/100000]  elapsed=70636s  rate=1.1/s  eta=21916s  finite=67940
  [76330/100000]  elapsed=70646s  rate=1.1/s  eta=21907s  finite=67949
  [76340/100000]  elapsed=70656s  rate=1.1/s  eta=21898s  finite=67959
  [warn] sample 9 failed: 
  [76350/100000]  elapsed=70665s  rate=1.1/s  eta=21889s  finite=67968
  [76360/100000]  elapsed=70674s  rate=1.1/s  eta=21880s  finite=67977
  [76370/100000]  elapsed=70684s  rate=1.1/s  eta=21871s  finite=67985
  [76380/100000]  elapsed=70694s  rate=1.1/s  eta=21862s  finite=67995
  [warn] sample 2 failed: 
  [76390/100000]  elapsed=70703s  rate=1.1/s  eta=21852s  finite=68004
  [76400/100000]  elapsed=70713s  rate=1.1/s  eta=21843s  finite=68014
  -> checkpoint saved: /scratch/e1498138/lhs/lhs_noise2_paris1_checkpoints/lhs_noise2_paris1_ckpt_076400.pkl
  [76410/100000]  elapsed=70723s  rate=1.1/s  eta=21834s  finite=68024
  [76420/100000]  elapsed=70732s  rate=1.1/s  eta=21825s  finite=68032
  [warn] sample 8 failed: 
  [76430/100000]  elapsed=70741s  rate=1.1/s  eta=21816s  finite=68040
  [76440/100000]  elapsed=70751s  rate=1.1/s  eta=21807s  finite=68050
  [76450/100000]  elapsed=70761s  rate=1.1/s  eta=21798s  finite=68060
  [76460/100000]  elapsed=70771s  rate=1.1/s  eta=21789s  finite=68069
  [76470/100000]  elapsed=70781s  rate=1.1/s  eta=21779s  finite=68079
  [76480/100000]  elapsed=70791s  rate=1.1/s  eta=21770s  finite=68089
  [76490/100000]  elapsed=70800s  rate=1.1/s  eta=21761s  finite=68098
  [warn] sample 0 failed: 
  [76500/100000]  elapsed=70809s  rate=1.1/s  eta=21752s  finite=68107
  -> checkpoint saved: /scratch/e1498138/lhs/lhs_noise2_paris1_checkpoints/lhs_noise2_paris1_ckpt_076500.pkl
  [76510/100000]  elapsed=70819s  rate=1.1/s  eta=21743s  finite=68116
  [76520/100000]  elapsed=70829s  rate=1.1/s  eta=21734s  finite=68126
  [76530/100000]  elapsed=70839s  rate=1.1/s  eta=21725s  finite=68136
  [warn] sample 5 failed: 
  [76540/100000]  elapsed=70848s  rate=1.1/s  eta=21715s  finite=68145
  [76550/100000]  elapsed=70858s  rate=1.1/s  eta=21706s  finite=68153
  [76560/100000]  elapsed=70867s  rate=1.1/s  eta=21697s  finite=68162
  [76570/100000]  elapsed=70877s  rate=1.1/s  eta=21688s  finite=68171
  [76580/100000]  elapsed=70887s  rate=1.1/s  eta=21679s  finite=68180
  [warn] sample 7 failed: 
  [76590/100000]  elapsed=70896s  rate=1.1/s  eta=21670s  finite=68188
  [76600/100000]  elapsed=70906s  rate=1.1/s  eta=21661s  finite=68198
  -> checkpoint saved: /scratch/e1498138/lhs/lhs_noise2_paris1_checkpoints/lhs_noise2_paris1_ckpt_076600.pkl
  [76610/100000]  elapsed=70916s  rate=1.1/s  eta=21652s  finite=68208
  [76620/100000]  elapsed=70926s  rate=1.1/s  eta=21642s  finite=68218
  [76630/100000]  elapsed=70935s  rate=1.1/s  eta=21633s  finite=68228
  [76640/100000]  elapsed=70946s  rate=1.1/s  eta=21624s  finite=68237
  [76650/100000]  elapsed=70955s  rate=1.1/s  eta=21615s  finite=68245
  [76660/100000]  elapsed=70965s  rate=1.1/s  eta=21606s  finite=68254
  [76670/100000]  elapsed=70975s  rate=1.1/s  eta=21597s  finite=68264
  [76680/100000]  elapsed=70985s  rate=1.1/s  eta=21588s  finite=68273
  [76690/100000]  elapsed=70995s  rate=1.1/s  eta=21579s  finite=68282
  [warn] sample 7 failed: 
  [76700/100000]  elapsed=71004s  rate=1.1/s  eta=21570s  finite=68290
  -> checkpoint saved: /scratch/e1498138/lhs/lhs_noise2_paris1_checkpoints/lhs_noise2_paris1_ckpt_076700.pkl
  [76710/100000]  elapsed=71013s  rate=1.1/s  eta=21560s  finite=68300
  [warn] sample 0 failed: 
  [76720/100000]  elapsed=71022s  rate=1.1/s  eta=21551s  finite=68306
  [76730/100000]  elapsed=71032s  rate=1.1/s  eta=21542s  finite=68316
  [76740/100000]  elapsed=71042s  rate=1.1/s  eta=21533s  finite=68326
  [76750/100000]  elapsed=71052s  rate=1.1/s  eta=21524s  finite=68334
  [76760/100000]  elapsed=71061s  rate=1.1/s  eta=21515s  finite=68342
  [76770/100000]  elapsed=71071s  rate=1.1/s  eta=21506s  finite=68352
  [76780/100000]  elapsed=71081s  rate=1.1/s  eta=21496s  finite=68360
  [76790/100000]  elapsed=71091s  rate=1.1/s  eta=21487s  finite=68369
  [76800/100000]  elapsed=71101s  rate=1.1/s  eta=21478s  finite=68379
  -> checkpoint saved: /scratch/e1498138/lhs/lhs_noise2_paris1_checkpoints/lhs_noise2_paris1_ckpt_076800.pkl
  [76810/100000]  elapsed=71111s  rate=1.1/s  eta=21469s  finite=68389
  [warn] sample 1 failed: 
  [76820/100000]  elapsed=71120s  rate=1.1/s  eta=21460s  finite=68398
  [76830/100000]  elapsed=71129s  rate=1.1/s  eta=21451s  finite=68406
  [warn] sample 2 failed: 
  [warn] sample 4 failed: 
  [76840/100000]  elapsed=71137s  rate=1.1/s  eta=21441s  finite=68414
  [warn] sample 1 failed: 
  [76850/100000]  elapsed=71146s  rate=1.1/s  eta=21432s  finite=68423
  [76860/100000]  elapsed=71156s  rate=1.1/s  eta=21423s  finite=68432
  [76870/100000]  elapsed=71166s  rate=1.1/s  eta=21414s  finite=68442
  [76880/100000]  elapsed=71176s  rate=1.1/s  eta=21405s  finite=68450
  [76890/100000]  elapsed=71186s  rate=1.1/s  eta=21396s  finite=68459
  [warn] sample 2 failed: 
  [76900/100000]  elapsed=71195s  rate=1.1/s  eta=21386s  finite=68468
  -> checkpoint saved: /scratch/e1498138/lhs/lhs_noise2_paris1_checkpoints/lhs_noise2_paris1_ckpt_076900.pkl
  [warn] sample 9 failed: 
  [76910/100000]  elapsed=71203s  rate=1.1/s  eta=21377s  finite=68476
  [warn] sample 0 failed: 
  [76920/100000]  elapsed=71212s  rate=1.1/s  eta=21367s  finite=68485
  [warn] sample 3 failed: 
  [76930/100000]  elapsed=71221s  rate=1.1/s  eta=21358s  finite=68494
  [76940/100000]  elapsed=71231s  rate=1.1/s  eta=21349s  finite=68504
  [76950/100000]  elapsed=71241s  rate=1.1/s  eta=21340s  finite=68514
  [76960/100000]  elapsed=71251s  rate=1.1/s  eta=21331s  finite=68523
  [76970/100000]  elapsed=71260s  rate=1.1/s  eta=21322s  finite=68533
  [76980/100000]  elapsed=71270s  rate=1.1/s  eta=21313s  finite=68542
  [76990/100000]  elapsed=71280s  rate=1.1/s  eta=21303s  finite=68550
  [77000/100000]  elapsed=71289s  rate=1.1/s  eta=21294s  finite=68557
  -> checkpoint saved: /scratch/e1498138/lhs/lhs_noise2_paris1_checkpoints/lhs_noise2_paris1_ckpt_077000.pkl
  [77010/100000]  elapsed=71299s  rate=1.1/s  eta=21285s  finite=68565
  [77020/100000]  elapsed=71308s  rate=1.1/s  eta=21276s  finite=68575
  [77030/100000]  elapsed=71317s  rate=1.1/s  eta=21266s  finite=68584
  [77040/100000]  elapsed=71327s  rate=1.1/s  eta=21257s  finite=68593
  [77050/100000]  elapsed=71337s  rate=1.1/s  eta=21248s  finite=68603
  [77060/100000]  elapsed=71346s  rate=1.1/s  eta=21239s  finite=68613
  [warn] sample 2 failed: 
  [warn] sample 8 failed: 
  [77070/100000]  elapsed=71354s  rate=1.1/s  eta=21229s  finite=68621
  [77080/100000]  elapsed=71364s  rate=1.1/s  eta=21220s  finite=68631
  [77090/100000]  elapsed=71374s  rate=1.1/s  eta=21211s  finite=68641
  [warn] sample 4 failed: 
  [77100/100000]  elapsed=71383s  rate=1.1/s  eta=21202s  finite=68648
  -> checkpoint saved: /scratch/e1498138/lhs/lhs_noise2_paris1_checkpoints/lhs_noise2_paris1_ckpt_077100.pkl
  [warn] sample 0 failed: 
  [warn] sample 3 failed: 
  [77110/100000]  elapsed=71391s  rate=1.1/s  eta=21192s  finite=68656
  [77120/100000]  elapsed=71401s  rate=1.1/s  eta=21183s  finite=68664
  [77130/100000]  elapsed=71410s  rate=1.1/s  eta=21174s  finite=68674
  [warn] sample 5 failed: 
  [77140/100000]  elapsed=71419s  rate=1.1/s  eta=21165s  finite=68683
  [77150/100000]  elapsed=71428s  rate=1.1/s  eta=21155s  finite=68692
  [warn] sample 1 failed: 
  [77160/100000]  elapsed=71436s  rate=1.1/s  eta=21146s  finite=68701
  [warn] sample 3 failed: 
  [warn] sample 6 failed: 
  [77170/100000]  elapsed=71444s  rate=1.1/s  eta=21136s  finite=68708
  [warn] sample 0 failed: 
  [77180/100000]  elapsed=71453s  rate=1.1/s  eta=21127s  finite=68717
  [77190/100000]  elapsed=71463s  rate=1.1/s  eta=21118s  finite=68727
  [77200/100000]  elapsed=71473s  rate=1.1/s  eta=21109s  finite=68737
  -> checkpoint saved: /scratch/e1498138/lhs/lhs_noise2_paris1_checkpoints/lhs_noise2_paris1_ckpt_077200.pkl
  [77210/100000]  elapsed=71482s  rate=1.1/s  eta=21099s  finite=68746
  [77220/100000]  elapsed=71492s  rate=1.1/s  eta=21090s  finite=68755
  [77230/100000]  elapsed=71502s  rate=1.1/s  eta=21081s  finite=68765
  [77240/100000]  elapsed=71512s  rate=1.1/s  eta=21072s  finite=68774
  [77250/100000]  elapsed=71522s  rate=1.1/s  eta=21063s  finite=68784
  [77260/100000]  elapsed=71532s  rate=1.1/s  eta=21054s  finite=68794
  [77270/100000]  elapsed=71541s  rate=1.1/s  eta=21045s  finite=68803
  [77280/100000]  elapsed=71552s  rate=1.1/s  eta=21036s  finite=68813
  [77290/100000]  elapsed=71561s  rate=1.1/s  eta=21027s  finite=68823
  [77300/100000]  elapsed=71571s  rate=1.1/s  eta=21018s  finite=68833
  -> checkpoint saved: /scratch/e1498138/lhs/lhs_noise2_paris1_checkpoints/lhs_noise2_paris1_ckpt_077300.pkl
  [77310/100000]  elapsed=71581s  rate=1.1/s  eta=21009s  finite=68843
  [warn] sample 0 failed: 
  [77320/100000]  elapsed=71590s  rate=1.1/s  eta=20999s  finite=68851
  [77330/100000]  elapsed=71600s  rate=1.1/s  eta=20990s  finite=68861
  [warn] sample 1 failed: 
  [77340/100000]  elapsed=71609s  rate=1.1/s  eta=20981s  finite=68869
  [77350/100000]  elapsed=71618s  rate=1.1/s  eta=20972s  finite=68877
  [77360/100000]  elapsed=71628s  rate=1.1/s  eta=20962s  finite=68887
  [warn] sample 6 failed: 
  [77370/100000]  elapsed=71637s  rate=1.1/s  eta=20953s  finite=68896
  [77380/100000]  elapsed=71647s  rate=1.1/s  eta=20944s  finite=68903
  [77390/100000]  elapsed=71657s  rate=1.1/s  eta=20935s  finite=68911
  [77400/100000]  elapsed=71667s  rate=1.1/s  eta=20926s  finite=68921
  -> checkpoint saved: /scratch/e1498138/lhs/lhs_noise2_paris1_checkpoints/lhs_noise2_paris1_ckpt_077400.pkl
  [warn] sample 0 failed: 
  [warn] sample 7 failed: 
  [77410/100000]  elapsed=71675s  rate=1.1/s  eta=20916s  finite=68928
  [warn] sample 2 failed: 
  [77420/100000]  elapsed=71684s  rate=1.1/s  eta=20907s  finite=68934
  [77430/100000]  elapsed=71694s  rate=1.1/s  eta=20898s  finite=68944
  [warn] sample 4 failed: 
  [77440/100000]  elapsed=71703s  rate=1.1/s  eta=20889s  finite=68952
  [warn] sample 8 failed: 
  [77450/100000]  elapsed=71712s  rate=1.1/s  eta=20879s  finite=68960
  [warn] sample 0 failed: 
  [77460/100000]  elapsed=71721s  rate=1.1/s  eta=20870s  finite=68968
  [77470/100000]  elapsed=71731s  rate=1.1/s  eta=20861s  finite=68976
  [77480/100000]  elapsed=71741s  rate=1.1/s  eta=20852s  finite=68984
  [warn] sample 6 failed: 
  [77490/100000]  elapsed=71749s  rate=1.1/s  eta=20842s  finite=68992
  [77500/100000]  elapsed=71760s  rate=1.1/s  eta=20833s  finite=69002
  -> checkpoint saved: /scratch/e1498138/lhs/lhs_noise2_paris1_checkpoints/lhs_noise2_paris1_ckpt_077500.pkl
  [77510/100000]  elapsed=71770s  rate=1.1/s  eta=20824s  finite=69012
  [77520/100000]  elapsed=71779s  rate=1.1/s  eta=20815s  finite=69021
  [77530/100000]  elapsed=71790s  rate=1.1/s  eta=20806s  finite=69031
  [77540/100000]  elapsed=71799s  rate=1.1/s  eta=20797s  finite=69041
  [warn] sample 5 failed: 
  [warn] sample 6 failed: 
  [77550/100000]  elapsed=71807s  rate=1.1/s  eta=20788s  finite=69049
  [77560/100000]  elapsed=71817s  rate=1.1/s  eta=20778s  finite=69057
  [warn] sample 4 failed: 
  [warn] sample 6 failed: 
  [77570/100000]  elapsed=71826s  rate=1.1/s  eta=20769s  finite=69065
  [warn] sample 4 failed: 
  [77580/100000]  elapsed=71835s  rate=1.1/s  eta=20760s  finite=69072
  [77590/100000]  elapsed=71844s  rate=1.1/s  eta=20751s  finite=69082
  [77600/100000]  elapsed=71854s  rate=1.1/s  eta=20741s  finite=69090
  -> checkpoint saved: /scratch/e1498138/lhs/lhs_noise2_paris1_checkpoints/lhs_noise2_paris1_ckpt_077600.pkl
  [warn] sample 1 failed: 
  [77610/100000]  elapsed=71863s  rate=1.1/s  eta=20732s  finite=69097
  [warn] sample 5 failed: 
  [77620/100000]  elapsed=71872s  rate=1.1/s  eta=20723s  finite=69105
  [77630/100000]  elapsed=71882s  rate=1.1/s  eta=20714s  finite=69112
  [warn] sample 5 failed: 
  [77640/100000]  elapsed=71891s  rate=1.1/s  eta=20704s  finite=69120
  [77650/100000]  elapsed=71901s  rate=1.1/s  eta=20695s  finite=69129
  [77660/100000]  elapsed=71911s  rate=1.1/s  eta=20686s  finite=69137
  [77670/100000]  elapsed=71920s  rate=1.1/s  eta=20677s  finite=69145
  [77680/100000]  elapsed=71930s  rate=1.1/s  eta=20668s  finite=69154
  [77690/100000]  elapsed=71940s  rate=1.1/s  eta=20659s  finite=69163
  [warn] sample 5 failed: 
  [77700/100000]  elapsed=71949s  rate=1.1/s  eta=20650s  finite=69172
  -> checkpoint saved: /scratch/e1498138/lhs/lhs_noise2_paris1_checkpoints/lhs_noise2_paris1_ckpt_077700.pkl
  [77710/100000]  elapsed=71959s  rate=1.1/s  eta=20640s  finite=69182
  [warn] sample 6 failed: 
  [77720/100000]  elapsed=71968s  rate=1.1/s  eta=20631s  finite=69191
  [77730/100000]  elapsed=71978s  rate=1.1/s  eta=20622s  finite=69200
  [77740/100000]  elapsed=71988s  rate=1.1/s  eta=20613s  finite=69208
  [77750/100000]  elapsed=71998s  rate=1.1/s  eta=20604s  finite=69218
  [77760/100000]  elapsed=72007s  rate=1.1/s  eta=20595s  finite=69228
  [77770/100000]  elapsed=72017s  rate=1.1/s  eta=20586s  finite=69238
  [warn] sample 8 failed: 
  [77780/100000]  elapsed=72026s  rate=1.1/s  eta=20576s  finite=69246
  [77790/100000]  elapsed=72036s  rate=1.1/s  eta=20567s  finite=69256
  [77800/100000]  elapsed=72046s  rate=1.1/s  eta=20558s  finite=69264
  -> checkpoint saved: /scratch/e1498138/lhs/lhs_noise2_paris1_checkpoints/lhs_noise2_paris1_ckpt_077800.pkl
  [77810/100000]  elapsed=72056s  rate=1.1/s  eta=20549s  finite=69273
  [77820/100000]  elapsed=72066s  rate=1.1/s  eta=20540s  finite=69281
  [77830/100000]  elapsed=72076s  rate=1.1/s  eta=20531s  finite=69289
  [77840/100000]  elapsed=72086s  rate=1.1/s  eta=20522s  finite=69298
  [77850/100000]  elapsed=72095s  rate=1.1/s  eta=20513s  finite=69306
  [77860/100000]  elapsed=72105s  rate=1.1/s  eta=20504s  finite=69316
  [77870/100000]  elapsed=72115s  rate=1.1/s  eta=20494s  finite=69325
  [warn] sample 3 failed: 
  [77880/100000]  elapsed=72124s  rate=1.1/s  eta=20485s  finite=69333
  [77890/100000]  elapsed=72134s  rate=1.1/s  eta=20476s  finite=69342
  [warn] sample 5 failed: 
  [77900/100000]  elapsed=72143s  rate=1.1/s  eta=20467s  finite=69351
  -> checkpoint saved: /scratch/e1498138/lhs/lhs_noise2_paris1_checkpoints/lhs_noise2_paris1_ckpt_077900.pkl
  [77910/100000]  elapsed=72153s  rate=1.1/s  eta=20458s  finite=69361
  [warn] sample 8 failed: 
  [77920/100000]  elapsed=72162s  rate=1.1/s  eta=20448s  finite=69368
  [77930/100000]  elapsed=72171s  rate=1.1/s  eta=20439s  finite=69378
  [77940/100000]  elapsed=72181s  rate=1.1/s  eta=20430s  finite=69384
  [77950/100000]  elapsed=72191s  rate=1.1/s  eta=20421s  finite=69393
  [warn] sample 5 failed: 
  [warn] sample 8 failed: 
  [77960/100000]  elapsed=72199s  rate=1.1/s  eta=20411s  finite=69401
  [warn] sample 8 failed: 
  [77970/100000]  elapsed=72208s  rate=1.1/s  eta=20402s  finite=69408
  [77980/100000]  elapsed=72218s  rate=1.1/s  eta=20393s  finite=69417
  [77990/100000]  elapsed=72228s  rate=1.1/s  eta=20384s  finite=69425
  [78000/100000]  elapsed=72237s  rate=1.1/s  eta=20375s  finite=69434
  -> checkpoint saved: /scratch/e1498138/lhs/lhs_noise2_paris1_checkpoints/lhs_noise2_paris1_ckpt_078000.pkl
  [78010/100000]  elapsed=72247s  rate=1.1/s  eta=20366s  finite=69444
  [78020/100000]  elapsed=72257s  rate=1.1/s  eta=20356s  finite=69454
  [78030/100000]  elapsed=72267s  rate=1.1/s  eta=20347s  finite=69461
  [78040/100000]  elapsed=72277s  rate=1.1/s  eta=20338s  finite=69470
  [78050/100000]  elapsed=72287s  rate=1.1/s  eta=20329s  finite=69479
  [78060/100000]  elapsed=72297s  rate=1.1/s  eta=20320s  finite=69487
  [78070/100000]  elapsed=72307s  rate=1.1/s  eta=20311s  finite=69495
  [78080/100000]  elapsed=72316s  rate=1.1/s  eta=20302s  finite=69504
  [warn] sample 8 failed: 
  [78090/100000]  elapsed=72325s  rate=1.1/s  eta=20293s  finite=69513
  [78100/100000]  elapsed=72335s  rate=1.1/s  eta=20283s  finite=69521
  -> checkpoint saved: /scratch/e1498138/lhs/lhs_noise2_paris1_checkpoints/lhs_noise2_paris1_ckpt_078100.pkl
  [warn] sample 6 failed: 
  [78110/100000]  elapsed=72344s  rate=1.1/s  eta=20274s  finite=69530
  [78120/100000]  elapsed=72354s  rate=1.1/s  eta=20265s  finite=69540
  [78130/100000]  elapsed=72364s  rate=1.1/s  eta=20256s  finite=69548
  [78140/100000]  elapsed=72373s  rate=1.1/s  eta=20247s  finite=69556
  [warn] sample 2 failed: 
  [78150/100000]  elapsed=72382s  rate=1.1/s  eta=20237s  finite=69565
  [warn] sample 4 failed: 
  [78160/100000]  elapsed=72391s  rate=1.1/s  eta=20228s  finite=69574
  [warn] sample 9 failed: 
  [78170/100000]  elapsed=72400s  rate=1.1/s  eta=20219s  finite=69583
  [78180/100000]  elapsed=72410s  rate=1.1/s  eta=20210s  finite=69593
  [warn] sample 2 failed: 
  [78190/100000]  elapsed=72419s  rate=1.1/s  eta=20200s  finite=69601
  [warn] sample 4 failed: 
  [warn] sample 5 failed: 
  [78200/100000]  elapsed=72427s  rate=1.1/s  eta=20191s  finite=69609
  -> checkpoint saved: /scratch/e1498138/lhs/lhs_noise2_paris1_checkpoints/lhs_noise2_paris1_ckpt_078200.pkl
  [78210/100000]  elapsed=72437s  rate=1.1/s  eta=20182s  finite=69619
  [78220/100000]  elapsed=72447s  rate=1.1/s  eta=20173s  finite=69629
  [warn] sample 8 failed: 
  [78230/100000]  elapsed=72456s  rate=1.1/s  eta=20163s  finite=69636
  [warn] sample 7 failed: 
  [78240/100000]  elapsed=72465s  rate=1.1/s  eta=20154s  finite=69645
  [78250/100000]  elapsed=72475s  rate=1.1/s  eta=20145s  finite=69655
  [78260/100000]  elapsed=72485s  rate=1.1/s  eta=20136s  finite=69664
  [78270/100000]  elapsed=72495s  rate=1.1/s  eta=20127s  finite=69674
  [warn] sample 9 failed: 
  [78280/100000]  elapsed=72504s  rate=1.1/s  eta=20117s  finite=69682
  [warn] sample 0 failed: 
  [78290/100000]  elapsed=72513s  rate=1.1/s  eta=20108s  finite=69691
  [78300/100000]  elapsed=72522s  rate=1.1/s  eta=20099s  finite=69701
  -> checkpoint saved: /scratch/e1498138/lhs/lhs_noise2_paris1_checkpoints/lhs_noise2_paris1_ckpt_078300.pkl
  [warn] sample 9 failed: 
  [78310/100000]  elapsed=72531s  rate=1.1/s  eta=20089s  finite=69709
  [78320/100000]  elapsed=72541s  rate=1.1/s  eta=20080s  finite=69718
  [78330/100000]  elapsed=72551s  rate=1.1/s  eta=20071s  finite=69728
  [warn] sample 1 failed: 
  [78340/100000]  elapsed=72560s  rate=1.1/s  eta=20062s  finite=69735
  [78350/100000]  elapsed=72570s  rate=1.1/s  eta=20053s  finite=69744
  [78360/100000]  elapsed=72579s  rate=1.1/s  eta=20044s  finite=69753
  [78370/100000]  elapsed=72589s  rate=1.1/s  eta=20035s  finite=69762
  [warn] sample 6 failed: 
  [78380/100000]  elapsed=72598s  rate=1.1/s  eta=20025s  finite=69770
  [78390/100000]  elapsed=72608s  rate=1.1/s  eta=20016s  finite=69778
  [78400/100000]  elapsed=72618s  rate=1.1/s  eta=20007s  finite=69785
  -> checkpoint saved: /scratch/e1498138/lhs/lhs_noise2_paris1_checkpoints/lhs_noise2_paris1_ckpt_078400.pkl
  [78410/100000]  elapsed=72628s  rate=1.1/s  eta=19998s  finite=69794
  [78420/100000]  elapsed=72638s  rate=1.1/s  eta=19989s  finite=69804
  [78430/100000]  elapsed=72647s  rate=1.1/s  eta=19980s  finite=69814
  [warn] sample 8 failed: 
  [78440/100000]  elapsed=72657s  rate=1.1/s  eta=19970s  finite=69823
  [78450/100000]  elapsed=72667s  rate=1.1/s  eta=19961s  finite=69833
  [warn] sample 4 failed: 
  [warn] sample 9 failed: 
  [78460/100000]  elapsed=72675s  rate=1.1/s  eta=19952s  finite=69841
  [warn] sample 3 failed: 
  [78470/100000]  elapsed=72684s  rate=1.1/s  eta=19942s  finite=69848
  [78480/100000]  elapsed=72694s  rate=1.1/s  eta=19933s  finite=69857
  [78490/100000]  elapsed=72704s  rate=1.1/s  eta=19924s  finite=69867
  [78500/100000]  elapsed=72713s  rate=1.1/s  eta=19915s  finite=69875
  -> checkpoint saved: /scratch/e1498138/lhs/lhs_noise2_paris1_checkpoints/lhs_noise2_paris1_ckpt_078500.pkl
  [78510/100000]  elapsed=72723s  rate=1.1/s  eta=19906s  finite=69885
  [78520/100000]  elapsed=72734s  rate=1.1/s  eta=19897s  finite=69894
  [78530/100000]  elapsed=72744s  rate=1.1/s  eta=19888s  finite=69904
  [78540/100000]  elapsed=72753s  rate=1.1/s  eta=19879s  finite=69913
  [warn] sample 8 failed: 
  [78550/100000]  elapsed=72762s  rate=1.1/s  eta=19870s  finite=69921
  [warn] sample 1 failed: 
  [warn] sample 4 failed: 
  [78560/100000]  elapsed=72770s  rate=1.1/s  eta=19860s  finite=69929
  [78570/100000]  elapsed=72780s  rate=1.1/s  eta=19851s  finite=69938
  [78580/100000]  elapsed=72790s  rate=1.1/s  eta=19842s  finite=69947
  [78590/100000]  elapsed=72800s  rate=1.1/s  eta=19833s  finite=69957
  [warn] sample 5 failed: 
  [78600/100000]  elapsed=72809s  rate=1.1/s  eta=19823s  finite=69966
  -> checkpoint saved: /scratch/e1498138/lhs/lhs_noise2_paris1_checkpoints/lhs_noise2_paris1_ckpt_078600.pkl
  [78610/100000]  elapsed=72819s  rate=1.1/s  eta=19814s  finite=69976
  [78620/100000]  elapsed=72829s  rate=1.1/s  eta=19805s  finite=69985
  [78630/100000]  elapsed=72839s  rate=1.1/s  eta=19796s  finite=69995
  [warn] sample 0 failed: 
  [78640/100000]  elapsed=72847s  rate=1.1/s  eta=19787s  finite=70004
  [78650/100000]  elapsed=72858s  rate=1.1/s  eta=19778s  finite=70014
  [warn] sample 3 failed: 
  [78660/100000]  elapsed=72867s  rate=1.1/s  eta=19768s  finite=70023
  [78670/100000]  elapsed=72877s  rate=1.1/s  eta=19759s  finite=70032
  [78680/100000]  elapsed=72886s  rate=1.1/s  eta=19750s  finite=70042
  [78690/100000]  elapsed=72896s  rate=1.1/s  eta=19741s  finite=70051
  [78700/100000]  elapsed=72906s  rate=1.1/s  eta=19732s  finite=70059
  -> checkpoint saved: /scratch/e1498138/lhs/lhs_noise2_paris1_checkpoints/lhs_noise2_paris1_ckpt_078700.pkl
  [78710/100000]  elapsed=72916s  rate=1.1/s  eta=19723s  finite=70069
  [78720/100000]  elapsed=72926s  rate=1.1/s  eta=19714s  finite=70078
  [warn] sample 4 failed: 
  [78730/100000]  elapsed=72935s  rate=1.1/s  eta=19704s  finite=70086
  [78740/100000]  elapsed=72944s  rate=1.1/s  eta=19695s  finite=70096
  [78750/100000]  elapsed=72954s  rate=1.1/s  eta=19686s  finite=70106
  [78760/100000]  elapsed=72964s  rate=1.1/s  eta=19677s  finite=70116
  [warn] sample 0 failed: 
  [78770/100000]  elapsed=72973s  rate=1.1/s  eta=19668s  finite=70123
  [78780/100000]  elapsed=72983s  rate=1.1/s  eta=19659s  finite=70133
  [warn] sample 0 failed: 
  [78790/100000]  elapsed=72992s  rate=1.1/s  eta=19649s  finite=70142
  [78800/100000]  elapsed=73002s  rate=1.1/s  eta=19640s  finite=70152
  -> checkpoint saved: /scratch/e1498138/lhs/lhs_noise2_paris1_checkpoints/lhs_noise2_paris1_ckpt_078800.pkl
  [warn] sample 1 failed: 
  [78810/100000]  elapsed=73011s  rate=1.1/s  eta=19631s  finite=70160
  [warn] sample 6 failed: 
  [78820/100000]  elapsed=73020s  rate=1.1/s  eta=19621s  finite=70168
  [78830/100000]  elapsed=73030s  rate=1.1/s  eta=19612s  finite=70178
  [78840/100000]  elapsed=73040s  rate=1.1/s  eta=19603s  finite=70188
  [78850/100000]  elapsed=73050s  rate=1.1/s  eta=19594s  finite=70197
  [78860/100000]  elapsed=73059s  rate=1.1/s  eta=19585s  finite=70206
  [warn] sample 2 failed: 
  [78870/100000]  elapsed=73068s  rate=1.1/s  eta=19576s  finite=70215
  [78880/100000]  elapsed=73078s  rate=1.1/s  eta=19567s  finite=70224
  [78890/100000]  elapsed=73088s  rate=1.1/s  eta=19557s  finite=70231
  [78900/100000]  elapsed=73098s  rate=1.1/s  eta=19548s  finite=70240
  -> checkpoint saved: /scratch/e1498138/lhs/lhs_noise2_paris1_checkpoints/lhs_noise2_paris1_ckpt_078900.pkl
  [78910/100000]  elapsed=73108s  rate=1.1/s  eta=19539s  finite=70248
  [78920/100000]  elapsed=73118s  rate=1.1/s  eta=19530s  finite=70258
  [78930/100000]  elapsed=73127s  rate=1.1/s  eta=19521s  finite=70266
  [78940/100000]  elapsed=73137s  rate=1.1/s  eta=19512s  finite=70274
  [78950/100000]  elapsed=73147s  rate=1.1/s  eta=19503s  finite=70282
  [78960/100000]  elapsed=73157s  rate=1.1/s  eta=19494s  finite=70291
  [78970/100000]  elapsed=73167s  rate=1.1/s  eta=19485s  finite=70301
  [78980/100000]  elapsed=73177s  rate=1.1/s  eta=19476s  finite=70311
  [78990/100000]  elapsed=73187s  rate=1.1/s  eta=19466s  finite=70320
  [79000/100000]  elapsed=73197s  rate=1.1/s  eta=19457s  finite=70329
  -> checkpoint saved: /scratch/e1498138/lhs/lhs_noise2_paris1_checkpoints/lhs_noise2_paris1_ckpt_079000.pkl
  [warn] sample 2 failed: 
  [warn] sample 9 failed: 
  [79010/100000]  elapsed=73205s  rate=1.1/s  eta=19448s  finite=70337
  [warn] sample 2 failed: 
  [79020/100000]  elapsed=73214s  rate=1.1/s  eta=19438s  finite=70345
  [79030/100000]  elapsed=73224s  rate=1.1/s  eta=19429s  finite=70355
  [79040/100000]  elapsed=73234s  rate=1.1/s  eta=19420s  finite=70365
  [79050/100000]  elapsed=73243s  rate=1.1/s  eta=19411s  finite=70374
  [79060/100000]  elapsed=73253s  rate=1.1/s  eta=19402s  finite=70384
  [79070/100000]  elapsed=73263s  rate=1.1/s  eta=19393s  finite=70394
  [79080/100000]  elapsed=73273s  rate=1.1/s  eta=19384s  finite=70403
  [79090/100000]  elapsed=73283s  rate=1.1/s  eta=19375s  finite=70413
  [79100/100000]  elapsed=73293s  rate=1.1/s  eta=19366s  finite=70423
  -> checkpoint saved: /scratch/e1498138/lhs/lhs_noise2_paris1_checkpoints/lhs_noise2_paris1_ckpt_079100.pkl
  [79110/100000]  elapsed=73303s  rate=1.1/s  eta=19357s  finite=70430
  [79120/100000]  elapsed=73313s  rate=1.1/s  eta=19347s  finite=70439
  [79130/100000]  elapsed=73323s  rate=1.1/s  eta=19338s  finite=70449
  [warn] sample 1 failed: 
  [79140/100000]  elapsed=73332s  rate=1.1/s  eta=19329s  finite=70457
  [79150/100000]  elapsed=73341s  rate=1.1/s  eta=19320s  finite=70466
  [79160/100000]  elapsed=73351s  rate=1.1/s  eta=19311s  finite=70476
  [79170/100000]  elapsed=73361s  rate=1.1/s  eta=19302s  finite=70485
  [warn] sample 9 failed: 
  [79180/100000]  elapsed=73370s  rate=1.1/s  eta=19292s  finite=70493
  [79190/100000]  elapsed=73380s  rate=1.1/s  eta=19283s  finite=70501
  [79200/100000]  elapsed=73390s  rate=1.1/s  eta=19274s  finite=70510
  -> checkpoint saved: /scratch/e1498138/lhs/lhs_noise2_paris1_checkpoints/lhs_noise2_paris1_ckpt_079200.pkl
  [79210/100000]  elapsed=73400s  rate=1.1/s  eta=19265s  finite=70520
  [79220/100000]  elapsed=73410s  rate=1.1/s  eta=19256s  finite=70530
  [79230/100000]  elapsed=73420s  rate=1.1/s  eta=19247s  finite=70540
  [warn] sample 5 failed: 
  [79240/100000]  elapsed=73429s  rate=1.1/s  eta=19238s  finite=70548
  [79250/100000]  elapsed=73439s  rate=1.1/s  eta=19228s  finite=70558
  [79260/100000]  elapsed=73449s  rate=1.1/s  eta=19219s  finite=70567
  [79270/100000]  elapsed=73459s  rate=1.1/s  eta=19210s  finite=70577
  [warn] sample 4 failed: 
  [79280/100000]  elapsed=73468s  rate=1.1/s  eta=19201s  finite=70584
  [warn] sample 8 failed: 
  [79290/100000]  elapsed=73477s  rate=1.1/s  eta=19192s  finite=70592
  [79300/100000]  elapsed=73486s  rate=1.1/s  eta=19182s  finite=70601
  -> checkpoint saved: /scratch/e1498138/lhs/lhs_noise2_paris1_checkpoints/lhs_noise2_paris1_ckpt_079300.pkl
  [79310/100000]  elapsed=73496s  rate=1.1/s  eta=19173s  finite=70609
  [warn] sample 8 failed: 
  [79320/100000]  elapsed=73505s  rate=1.1/s  eta=19164s  finite=70617
  [79330/100000]  elapsed=73515s  rate=1.1/s  eta=19155s  finite=70627
  [warn] sample 0 failed: 
  [warn] sample 2 failed: 
  [warn] sample 6 failed: 
  [79340/100000]  elapsed=73522s  rate=1.1/s  eta=19145s  finite=70633
  [79350/100000]  elapsed=73532s  rate=1.1/s  eta=19136s  finite=70641
  [warn] sample 5 failed: 
  [warn] sample 7 failed: 
  [79360/100000]  elapsed=73540s  rate=1.1/s  eta=19126s  finite=70647
  [79370/100000]  elapsed=73550s  rate=1.1/s  eta=19117s  finite=70657
  [79380/100000]  elapsed=73559s  rate=1.1/s  eta=19108s  finite=70667
  [79390/100000]  elapsed=73569s  rate=1.1/s  eta=19099s  finite=70675
  [warn] sample 6 failed: 
  [79400/100000]  elapsed=73577s  rate=1.1/s  eta=19089s  finite=70684
  -> checkpoint saved: /scratch/e1498138/lhs/lhs_noise2_paris1_checkpoints/lhs_noise2_paris1_ckpt_079400.pkl
  [79410/100000]  elapsed=73587s  rate=1.1/s  eta=19080s  finite=70694
  [79420/100000]  elapsed=73596s  rate=1.1/s  eta=19071s  finite=70704
  [warn] sample 4 failed: 
  [79430/100000]  elapsed=73605s  rate=1.1/s  eta=19061s  finite=70712
  [79440/100000]  elapsed=73614s  rate=1.1/s  eta=19052s  finite=70722
  [79450/100000]  elapsed=73623s  rate=1.1/s  eta=19043s  finite=70732
  [79460/100000]  elapsed=73633s  rate=1.1/s  eta=19034s  finite=70742
  [warn] sample 2 failed: 
  [warn] sample 5 failed: 
  [79470/100000]  elapsed=73641s  rate=1.1/s  eta=19024s  finite=70750
  [79480/100000]  elapsed=73650s  rate=1.1/s  eta=19015s  finite=70759
  [79490/100000]  elapsed=73659s  rate=1.1/s  eta=19006s  finite=70768
  [warn] sample 4 failed: 
  [79500/100000]  elapsed=73668s  rate=1.1/s  eta=18996s  finite=70776
  -> checkpoint saved: /scratch/e1498138/lhs/lhs_noise2_paris1_checkpoints/lhs_noise2_paris1_ckpt_079500.pkl
  [79510/100000]  elapsed=73678s  rate=1.1/s  eta=18987s  finite=70783
  [79520/100000]  elapsed=73688s  rate=1.1/s  eta=18978s  finite=70792
  [79530/100000]  elapsed=73698s  rate=1.1/s  eta=18969s  finite=70802
  [79540/100000]  elapsed=73708s  rate=1.1/s  eta=18960s  finite=70812
  [79550/100000]  elapsed=73718s  rate=1.1/s  eta=18951s  finite=70822
  [79560/100000]  elapsed=73728s  rate=1.1/s  eta=18942s  finite=70832
  [79570/100000]  elapsed=73738s  rate=1.1/s  eta=18932s  finite=70842
  [79580/100000]  elapsed=73747s  rate=1.1/s  eta=18923s  finite=70852
  [warn] sample 5 failed: 
  [79590/100000]  elapsed=73756s  rate=1.1/s  eta=18914s  finite=70861
  [79600/100000]  elapsed=73766s  rate=1.1/s  eta=18905s  finite=70870
  -> checkpoint saved: /scratch/e1498138/lhs/lhs_noise2_paris1_checkpoints/lhs_noise2_paris1_ckpt_079600.pkl
  [warn] sample 4 failed: 
  [79610/100000]  elapsed=73775s  rate=1.1/s  eta=18896s  finite=70878
  [79620/100000]  elapsed=73785s  rate=1.1/s  eta=18886s  finite=70888
  [warn] sample 3 failed: 
  [79630/100000]  elapsed=73794s  rate=1.1/s  eta=18877s  finite=70897
  [warn] sample 7 failed: 
  [79640/100000]  elapsed=73803s  rate=1.1/s  eta=18868s  finite=70905
  [79650/100000]  elapsed=73813s  rate=1.1/s  eta=18859s  finite=70915
  [79660/100000]  elapsed=73822s  rate=1.1/s  eta=18849s  finite=70925
  [79670/100000]  elapsed=73831s  rate=1.1/s  eta=18840s  finite=70934
  [79680/100000]  elapsed=73841s  rate=1.1/s  eta=18831s  finite=70943
  [79690/100000]  elapsed=73850s  rate=1.1/s  eta=18822s  finite=70951
  [warn] sample 6 failed: 
  [79700/100000]  elapsed=73859s  rate=1.1/s  eta=18812s  finite=70958
  -> checkpoint saved: /scratch/e1498138/lhs/lhs_noise2_paris1_checkpoints/lhs_noise2_paris1_ckpt_079700.pkl
  [79710/100000]  elapsed=73869s  rate=1.1/s  eta=18803s  finite=70967
  [79720/100000]  elapsed=73878s  rate=1.1/s  eta=18794s  finite=70974
  [warn] sample 4 failed: 
  [79730/100000]  elapsed=73888s  rate=1.1/s  eta=18785s  finite=70983
  [79740/100000]  elapsed=73897s  rate=1.1/s  eta=18776s  finite=70991
  [warn] sample 8 failed: 
  [79750/100000]  elapsed=73906s  rate=1.1/s  eta=18766s  finite=70998
  [79760/100000]  elapsed=73916s  rate=1.1/s  eta=18757s  finite=71007
  [warn] sample 3 failed: 
  [warn] sample 5 failed: 
  [79770/100000]  elapsed=73924s  rate=1.1/s  eta=18747s  finite=71015
  [79780/100000]  elapsed=73934s  rate=1.1/s  eta=18738s  finite=71025
  [warn] sample 5 failed: 
  [79790/100000]  elapsed=73943s  rate=1.1/s  eta=18729s  finite=71034
  [warn] sample 5 failed: 
  [warn] sample 6 failed: 
  [warn] sample 9 failed: 
  [79800/100000]  elapsed=73950s  rate=1.1/s  eta=18719s  finite=71041
  -> checkpoint saved: /scratch/e1498138/lhs/lhs_noise2_paris1_checkpoints/lhs_noise2_paris1_ckpt_079800.pkl
  [79810/100000]  elapsed=73960s  rate=1.1/s  eta=18710s  finite=71051
  [79820/100000]  elapsed=73970s  rate=1.1/s  eta=18701s  finite=71059
  [79830/100000]  elapsed=73980s  rate=1.1/s  eta=18692s  finite=71068
  [warn] sample 1 failed: 
  [79840/100000]  elapsed=73988s  rate=1.1/s  eta=18682s  finite=71076
  [79850/100000]  elapsed=73998s  rate=1.1/s  eta=18673s  finite=71086
  [79860/100000]  elapsed=74008s  rate=1.1/s  eta=18664s  finite=71096
  [warn] sample 4 failed: 
  [79870/100000]  elapsed=74017s  rate=1.1/s  eta=18655s  finite=71104
  [warn] sample 9 failed: 
  [79880/100000]  elapsed=74026s  rate=1.1/s  eta=18646s  finite=71113
  [79890/100000]  elapsed=74036s  rate=1.1/s  eta=18636s  finite=71122
  [79900/100000]  elapsed=74046s  rate=1.1/s  eta=18627s  finite=71131
  -> checkpoint saved: /scratch/e1498138/lhs/lhs_noise2_paris1_checkpoints/lhs_noise2_paris1_ckpt_079900.pkl
  [79910/100000]  elapsed=74056s  rate=1.1/s  eta=18618s  finite=71140
  [79920/100000]  elapsed=74066s  rate=1.1/s  eta=18609s  finite=71150
  [79930/100000]  elapsed=74075s  rate=1.1/s  eta=18600s  finite=71160
  [79940/100000]  elapsed=74085s  rate=1.1/s  eta=18591s  finite=71170
  [79950/100000]  elapsed=74094s  rate=1.1/s  eta=18581s  finite=71178
  [warn] sample 0 failed: 
  [79960/100000]  elapsed=74103s  rate=1.1/s  eta=18572s  finite=71187
  [warn] sample 9 failed: 
  [79970/100000]  elapsed=74112s  rate=1.1/s  eta=18563s  finite=71196
  [warn] sample 3 failed: 
  [warn] sample 4 failed: 
  [79980/100000]  elapsed=74120s  rate=1.1/s  eta=18553s  finite=71204
  [79990/100000]  elapsed=74130s  rate=1.1/s  eta=18544s  finite=71214
  [80000/100000]  elapsed=74139s  rate=1.1/s  eta=18535s  finite=71224
  -> checkpoint saved: /scratch/e1498138/lhs/lhs_noise2_paris1_checkpoints/lhs_noise2_paris1_ckpt_080000.pkl
  [80010/100000]  elapsed=74148s  rate=1.1/s  eta=18526s  finite=71234
  [warn] sample 4 failed: 
  [80020/100000]  elapsed=74158s  rate=1.1/s  eta=18516s  finite=71243
  [80030/100000]  elapsed=74167s  rate=1.1/s  eta=18507s  finite=71253
  [warn] sample 2 failed: 
  [80040/100000]  elapsed=74176s  rate=1.1/s  eta=18498s  finite=71262
  [80050/100000]  elapsed=74186s  rate=1.1/s  eta=18489s  finite=71272
  [warn] sample 6 failed: 
  [80060/100000]  elapsed=74196s  rate=1.1/s  eta=18479s  finite=71281
  [80070/100000]  elapsed=74205s  rate=1.1/s  eta=18470s  finite=71290
  [warn] sample 7 failed: 
  [80080/100000]  elapsed=74215s  rate=1.1/s  eta=18461s  finite=71298
  [warn] sample 0 failed: 
  [warn] sample 5 failed: 
  [80090/100000]  elapsed=74223s  rate=1.1/s  eta=18451s  finite=71306
  [80100/100000]  elapsed=74232s  rate=1.1/s  eta=18442s  finite=71315
  -> checkpoint saved: /scratch/e1498138/lhs/lhs_noise2_paris1_checkpoints/lhs_noise2_paris1_ckpt_080100.pkl
  [warn] sample 7 failed: 
  [80110/100000]  elapsed=74241s  rate=1.1/s  eta=18433s  finite=71324
  [80120/100000]  elapsed=74251s  rate=1.1/s  eta=18424s  finite=71331
  [warn] sample 5 failed: 
  [80130/100000]  elapsed=74260s  rate=1.1/s  eta=18414s  finite=71340
  [80140/100000]  elapsed=74270s  rate=1.1/s  eta=18405s  finite=71349
  [80150/100000]  elapsed=74280s  rate=1.1/s  eta=18396s  finite=71359
  [warn] sample 8 failed: 
  [80160/100000]  elapsed=74289s  rate=1.1/s  eta=18387s  finite=71367
  [80170/100000]  elapsed=74299s  rate=1.1/s  eta=18378s  finite=71375
  [80180/100000]  elapsed=74309s  rate=1.1/s  eta=18369s  finite=71384
  [80190/100000]  elapsed=74318s  rate=1.1/s  eta=18360s  finite=71393
  [warn] sample 4 failed: 
  [80200/100000]  elapsed=74328s  rate=1.1/s  eta=18350s  finite=71402
  -> checkpoint saved: /scratch/e1498138/lhs/lhs_noise2_paris1_checkpoints/lhs_noise2_paris1_ckpt_080200.pkl
  [80210/100000]  elapsed=74337s  rate=1.1/s  eta=18341s  finite=71410
  [80220/100000]  elapsed=74347s  rate=1.1/s  eta=18332s  finite=71419
  [80230/100000]  elapsed=74357s  rate=1.1/s  eta=18323s  finite=71429
  [80240/100000]  elapsed=74367s  rate=1.1/s  eta=18314s  finite=71438
  [80250/100000]  elapsed=74377s  rate=1.1/s  eta=18305s  finite=71448
  [warn] sample 0 failed: 
  [warn] sample 3 failed: 
  [80260/100000]  elapsed=74385s  rate=1.1/s  eta=18295s  finite=71455
  [warn] sample 0 failed: 
  [80270/100000]  elapsed=74393s  rate=1.1/s  eta=18286s  finite=71464
  [80280/100000]  elapsed=74403s  rate=1.1/s  eta=18276s  finite=71474
  [warn] sample 3 failed: 
  [80290/100000]  elapsed=74412s  rate=1.1/s  eta=18267s  finite=71483
  [80300/100000]  elapsed=74422s  rate=1.1/s  eta=18258s  finite=71493
  -> checkpoint saved: /scratch/e1498138/lhs/lhs_noise2_paris1_checkpoints/lhs_noise2_paris1_ckpt_080300.pkl
  [warn] sample 2 failed: 
  [warn] sample 8 failed: 
  [80310/100000]  elapsed=74430s  rate=1.1/s  eta=18248s  finite=71501
  [80320/100000]  elapsed=74440s  rate=1.1/s  eta=18239s  finite=71509
  [warn] sample 4 failed: 
  [80330/100000]  elapsed=74449s  rate=1.1/s  eta=18230s  finite=71518
  [80340/100000]  elapsed=74459s  rate=1.1/s  eta=18221s  finite=71528
  [80350/100000]  elapsed=74468s  rate=1.1/s  eta=18212s  finite=71537
  [80360/100000]  elapsed=74478s  rate=1.1/s  eta=18203s  finite=71547
  [80370/100000]  elapsed=74488s  rate=1.1/s  eta=18193s  finite=71557
  [80380/100000]  elapsed=74498s  rate=1.1/s  eta=18184s  finite=71567
  [80390/100000]  elapsed=74508s  rate=1.1/s  eta=18175s  finite=71577
  [80400/100000]  elapsed=74518s  rate=1.1/s  eta=18166s  finite=71586
  -> checkpoint saved: /scratch/e1498138/lhs/lhs_noise2_paris1_checkpoints/lhs_noise2_paris1_ckpt_080400.pkl
  [80410/100000]  elapsed=74528s  rate=1.1/s  eta=18157s  finite=71595
  [80420/100000]  elapsed=74538s  rate=1.1/s  eta=18148s  finite=71605
  [80430/100000]  elapsed=74548s  rate=1.1/s  eta=18139s  finite=71614
  [warn] sample 1 failed: 
  [warn] sample 3 failed: 
  [80440/100000]  elapsed=74556s  rate=1.1/s  eta=18129s  finite=71621
  [80450/100000]  elapsed=74566s  rate=1.1/s  eta=18120s  finite=71631
  [80460/100000]  elapsed=74576s  rate=1.1/s  eta=18111s  finite=71641
  [warn] sample 8 failed: 
  [80470/100000]  elapsed=74584s  rate=1.1/s  eta=18102s  finite=71648
  [warn] sample 8 failed: 
  [80480/100000]  elapsed=74593s  rate=1.1/s  eta=18092s  finite=71657
  [80490/100000]  elapsed=74603s  rate=1.1/s  eta=18083s  finite=71666
  [80500/100000]  elapsed=74613s  rate=1.1/s  eta=18074s  finite=71675
  -> checkpoint saved: /scratch/e1498138/lhs/lhs_noise2_paris1_checkpoints/lhs_noise2_paris1_ckpt_080500.pkl
  [80510/100000]  elapsed=74623s  rate=1.1/s  eta=18065s  finite=71684
  [warn] sample 6 failed: 
  [80520/100000]  elapsed=74632s  rate=1.1/s  eta=18056s  finite=71693
  [80530/100000]  elapsed=74642s  rate=1.1/s  eta=18046s  finite=71702
  [warn] sample 0 failed: 
  [80540/100000]  elapsed=74651s  rate=1.1/s  eta=18037s  finite=71710
  [warn] sample 7 failed: 
  [80550/100000]  elapsed=74660s  rate=1.1/s  eta=18028s  finite=71719
  [80560/100000]  elapsed=74670s  rate=1.1/s  eta=18019s  finite=71729
  [80570/100000]  elapsed=74679s  rate=1.1/s  eta=18009s  finite=71738
  [80580/100000]  elapsed=74689s  rate=1.1/s  eta=18000s  finite=71746
  [80590/100000]  elapsed=74699s  rate=1.1/s  eta=17991s  finite=71756
  [80600/100000]  elapsed=74709s  rate=1.1/s  eta=17982s  finite=71765
  -> checkpoint saved: /scratch/e1498138/lhs/lhs_noise2_paris1_checkpoints/lhs_noise2_paris1_ckpt_080600.pkl
  [80610/100000]  elapsed=74719s  rate=1.1/s  eta=17973s  finite=71774
  [warn] sample 0 failed: 
  [80620/100000]  elapsed=74728s  rate=1.1/s  eta=17964s  finite=71783
  [warn] sample 4 failed: 
  [warn] sample 7 failed: 
  [80630/100000]  elapsed=74735s  rate=1.1/s  eta=17954s  finite=71790
  [warn] sample 6 failed: 
  [80640/100000]  elapsed=74744s  rate=1.1/s  eta=17944s  finite=71799
  [80650/100000]  elapsed=74753s  rate=1.1/s  eta=17935s  finite=71808
  [80660/100000]  elapsed=74763s  rate=1.1/s  eta=17926s  finite=71817
  [warn] sample 4 failed: 
  [warn] sample 6 failed: 
  [80670/100000]  elapsed=74771s  rate=1.1/s  eta=17917s  finite=71824
  [80680/100000]  elapsed=74781s  rate=1.1/s  eta=17907s  finite=71833
  [80690/100000]  elapsed=74791s  rate=1.1/s  eta=17898s  finite=71843
  [80700/100000]  elapsed=74801s  rate=1.1/s  eta=17889s  finite=71850
  -> checkpoint saved: /scratch/e1498138/lhs/lhs_noise2_paris1_checkpoints/lhs_noise2_paris1_ckpt_080700.pkl
  [warn] sample 2 failed: 
  [80710/100000]  elapsed=74810s  rate=1.1/s  eta=17880s  finite=71859
  [80720/100000]  elapsed=74819s  rate=1.1/s  eta=17871s  finite=71868
  [80730/100000]  elapsed=74829s  rate=1.1/s  eta=17862s  finite=71877
  [80740/100000]  elapsed=74839s  rate=1.1/s  eta=17852s  finite=71886
  [80750/100000]  elapsed=74849s  rate=1.1/s  eta=17843s  finite=71895
  [80760/100000]  elapsed=74859s  rate=1.1/s  eta=17834s  finite=71903
  [80770/100000]  elapsed=74869s  rate=1.1/s  eta=17825s  finite=71912
  [80780/100000]  elapsed=74878s  rate=1.1/s  eta=17816s  finite=71920
  [80790/100000]  elapsed=74887s  rate=1.1/s  eta=17807s  finite=71928
  [warn] sample 4 failed: 
  [80800/100000]  elapsed=74896s  rate=1.1/s  eta=17797s  finite=71937
  -> checkpoint saved: /scratch/e1498138/lhs/lhs_noise2_paris1_checkpoints/lhs_noise2_paris1_ckpt_080800.pkl
  [80810/100000]  elapsed=74906s  rate=1.1/s  eta=17788s  finite=71947
  [warn] sample 2 failed: 
  [80820/100000]  elapsed=74915s  rate=1.1/s  eta=17779s  finite=71956
  [warn] sample 6 failed: 
  [80830/100000]  elapsed=74924s  rate=1.1/s  eta=17769s  finite=71965
  [80840/100000]  elapsed=74933s  rate=1.1/s  eta=17760s  finite=71974
  [80850/100000]  elapsed=74943s  rate=1.1/s  eta=17751s  finite=71984
  [80860/100000]  elapsed=74953s  rate=1.1/s  eta=17742s  finite=71994
  [warn] sample 3 failed: 
  [80870/100000]  elapsed=74962s  rate=1.1/s  eta=17732s  finite=72002
  [80880/100000]  elapsed=74971s  rate=1.1/s  eta=17723s  finite=72011
  [80890/100000]  elapsed=74981s  rate=1.1/s  eta=17714s  finite=72021
  [warn] sample 8 failed: 
  [80900/100000]  elapsed=74990s  rate=1.1/s  eta=17705s  finite=72030
  -> checkpoint saved: /scratch/e1498138/lhs/lhs_noise2_paris1_checkpoints/lhs_noise2_paris1_ckpt_080900.pkl
  [80910/100000]  elapsed=75000s  rate=1.1/s  eta=17696s  finite=72038
  [80920/100000]  elapsed=75010s  rate=1.1/s  eta=17686s  finite=72048
  [warn] sample 2 failed: 
  [80930/100000]  elapsed=75019s  rate=1.1/s  eta=17677s  finite=72057
  [80940/100000]  elapsed=75028s  rate=1.1/s  eta=17668s  finite=72067
  [80950/100000]  elapsed=75038s  rate=1.1/s  eta=17659s  finite=72076
  [warn] sample 8 failed: 
  [80960/100000]  elapsed=75047s  rate=1.1/s  eta=17649s  finite=72084
  [80970/100000]  elapsed=75056s  rate=1.1/s  eta=17640s  finite=72093
  [warn] sample 9 failed: 
  [80980/100000]  elapsed=75065s  rate=1.1/s  eta=17631s  finite=72102
  [80990/100000]  elapsed=75075s  rate=1.1/s  eta=17622s  finite=72112
  [81000/100000]  elapsed=75085s  rate=1.1/s  eta=17612s  finite=72121
  -> checkpoint saved: /scratch/e1498138/lhs/lhs_noise2_paris1_checkpoints/lhs_noise2_paris1_ckpt_081000.pkl
  [81010/100000]  elapsed=75094s  rate=1.1/s  eta=17603s  finite=72130
  [81020/100000]  elapsed=75104s  rate=1.1/s  eta=17594s  finite=72139
  [81030/100000]  elapsed=75114s  rate=1.1/s  eta=17585s  finite=72148
  [81040/100000]  elapsed=75123s  rate=1.1/s  eta=17576s  finite=72158
  [81050/100000]  elapsed=75133s  rate=1.1/s  eta=17567s  finite=72168
  [81060/100000]  elapsed=75143s  rate=1.1/s  eta=17557s  finite=72177
  [81070/100000]  elapsed=75153s  rate=1.1/s  eta=17548s  finite=72186
  [warn] sample 2 failed: 
  [warn] sample 4 failed: 
  [81080/100000]  elapsed=75161s  rate=1.1/s  eta=17539s  finite=72194
  [warn] sample 3 failed: 
  [81090/100000]  elapsed=75170s  rate=1.1/s  eta=17529s  finite=72202
  [warn] sample 7 failed: 
  [81100/100000]  elapsed=75179s  rate=1.1/s  eta=17520s  finite=72209
  -> checkpoint saved: /scratch/e1498138/lhs/lhs_noise2_paris1_checkpoints/lhs_noise2_paris1_ckpt_081100.pkl
  [81110/100000]  elapsed=75189s  rate=1.1/s  eta=17511s  finite=72219
  [warn] sample 3 failed: 
  [81120/100000]  elapsed=75198s  rate=1.1/s  eta=17502s  finite=72227
  [81130/100000]  elapsed=75208s  rate=1.1/s  eta=17493s  finite=72236
  [warn] sample 5 failed: 
  [warn] sample 9 failed: 
  [81140/100000]  elapsed=75216s  rate=1.1/s  eta=17483s  finite=72242
  [81150/100000]  elapsed=75225s  rate=1.1/s  eta=17474s  finite=72250
  [81160/100000]  elapsed=75235s  rate=1.1/s  eta=17465s  finite=72259
  [81170/100000]  elapsed=75245s  rate=1.1/s  eta=17456s  finite=72268
  [81180/100000]  elapsed=75255s  rate=1.1/s  eta=17446s  finite=72277
  [81190/100000]  elapsed=75265s  rate=1.1/s  eta=17437s  finite=72286
  [81200/100000]  elapsed=75275s  rate=1.1/s  eta=17428s  finite=72296
  -> checkpoint saved: /scratch/e1498138/lhs/lhs_noise2_paris1_checkpoints/lhs_noise2_paris1_ckpt_081200.pkl
  [warn] sample 1 failed: 
  [81210/100000]  elapsed=75284s  rate=1.1/s  eta=17419s  finite=72304
  [81220/100000]  elapsed=75294s  rate=1.1/s  eta=17410s  finite=72314
  [81230/100000]  elapsed=75304s  rate=1.1/s  eta=17401s  finite=72324
  [81240/100000]  elapsed=75314s  rate=1.1/s  eta=17391s  finite=72334
  [warn] sample 3 failed: 
  [81250/100000]  elapsed=75323s  rate=1.1/s  eta=17382s  finite=72341
  [81260/100000]  elapsed=75332s  rate=1.1/s  eta=17373s  finite=72351
  [warn] sample 8 failed: 
  [81270/100000]  elapsed=75341s  rate=1.1/s  eta=17364s  finite=72360
  [81280/100000]  elapsed=75351s  rate=1.1/s  eta=17355s  finite=72370
  [81290/100000]  elapsed=75361s  rate=1.1/s  eta=17345s  finite=72380
  [warn] sample 9 failed: 
  [81300/100000]  elapsed=75370s  rate=1.1/s  eta=17336s  finite=72388
  -> checkpoint saved: /scratch/e1498138/lhs/lhs_noise2_paris1_checkpoints/lhs_noise2_paris1_ckpt_081300.pkl
  [warn] sample 6 failed: 
  [81310/100000]  elapsed=75379s  rate=1.1/s  eta=17327s  finite=72396
  [81320/100000]  elapsed=75389s  rate=1.1/s  eta=17318s  finite=72404
  [81330/100000]  elapsed=75399s  rate=1.1/s  eta=17308s  finite=72413
  [warn] sample 1 failed: 
  [81340/100000]  elapsed=75408s  rate=1.1/s  eta=17299s  finite=72421
  [81350/100000]  elapsed=75417s  rate=1.1/s  eta=17290s  finite=72431
  [warn] sample 7 failed: 
  [81360/100000]  elapsed=75426s  rate=1.1/s  eta=17281s  finite=72438
  [81370/100000]  elapsed=75436s  rate=1.1/s  eta=17271s  finite=72448
  [warn] sample 1 failed: 
  [81380/100000]  elapsed=75446s  rate=1.1/s  eta=17262s  finite=72455
  [warn] sample 1 failed: 
  [warn] sample 7 failed: 
  [81390/100000]  elapsed=75454s  rate=1.1/s  eta=17253s  finite=72462
  [81400/100000]  elapsed=75464s  rate=1.1/s  eta=17244s  finite=72472
  -> checkpoint saved: /scratch/e1498138/lhs/lhs_noise2_paris1_checkpoints/lhs_noise2_paris1_ckpt_081400.pkl
  [warn] sample 2 failed: 
  [81410/100000]  elapsed=75473s  rate=1.1/s  eta=17234s  finite=72481
  [warn] sample 0 failed: 
  [warn] sample 5 failed: 
  [81420/100000]  elapsed=75481s  rate=1.1/s  eta=17225s  finite=72489
  [81430/100000]  elapsed=75491s  rate=1.1/s  eta=17216s  finite=72499
  [81440/100000]  elapsed=75500s  rate=1.1/s  eta=17206s  finite=72509
  [81450/100000]  elapsed=75510s  rate=1.1/s  eta=17197s  finite=72518
  [81460/100000]  elapsed=75520s  rate=1.1/s  eta=17188s  finite=72528
  [81470/100000]  elapsed=75530s  rate=1.1/s  eta=17179s  finite=72537
  [81480/100000]  elapsed=75540s  rate=1.1/s  eta=17170s  finite=72546
  [81490/100000]  elapsed=75550s  rate=1.1/s  eta=17161s  finite=72554
  [warn] sample 6 failed: 
  [81500/100000]  elapsed=75559s  rate=1.1/s  eta=17151s  finite=72563
  -> checkpoint saved: /scratch/e1498138/lhs/lhs_noise2_paris1_checkpoints/lhs_noise2_paris1_ckpt_081500.pkl
  [81510/100000]  elapsed=75569s  rate=1.1/s  eta=17142s  finite=72571
  [warn] sample 2 failed: 
  [81520/100000]  elapsed=75578s  rate=1.1/s  eta=17133s  finite=72580
  [81530/100000]  elapsed=75588s  rate=1.1/s  eta=17124s  finite=72590
  [warn] sample 6 failed: 
  [81540/100000]  elapsed=75597s  rate=1.1/s  eta=17114s  finite=72598
  [81550/100000]  elapsed=75607s  rate=1.1/s  eta=17105s  finite=72608
  [warn] sample 3 failed: 
  [81560/100000]  elapsed=75616s  rate=1.1/s  eta=17096s  finite=72617
  [81570/100000]  elapsed=75626s  rate=1.1/s  eta=17087s  finite=72627
  [81580/100000]  elapsed=75636s  rate=1.1/s  eta=17078s  finite=72637
  [81590/100000]  elapsed=75645s  rate=1.1/s  eta=17069s  finite=72646
  [81600/100000]  elapsed=75655s  rate=1.1/s  eta=17060s  finite=72655
  -> checkpoint saved: /scratch/e1498138/lhs/lhs_noise2_paris1_checkpoints/lhs_noise2_paris1_ckpt_081600.pkl
  [warn] sample 0 failed: 
  [81610/100000]  elapsed=75664s  rate=1.1/s  eta=17050s  finite=72664
  [81620/100000]  elapsed=75674s  rate=1.1/s  eta=17041s  finite=72673
  [81630/100000]  elapsed=75684s  rate=1.1/s  eta=17032s  finite=72683
  [81640/100000]  elapsed=75694s  rate=1.1/s  eta=17023s  finite=72693
  [warn] sample 5 failed: 
  [81650/100000]  elapsed=75703s  rate=1.1/s  eta=17013s  finite=72701
  [81660/100000]  elapsed=75712s  rate=1.1/s  eta=17004s  finite=72710
  [81670/100000]  elapsed=75722s  rate=1.1/s  eta=16995s  finite=72719
  [81680/100000]  elapsed=75731s  rate=1.1/s  eta=16986s  finite=72728
  [81690/100000]  elapsed=75741s  rate=1.1/s  eta=16977s  finite=72737
  [81700/100000]  elapsed=75751s  rate=1.1/s  eta=16967s  finite=72746
  -> checkpoint saved: /scratch/e1498138/lhs/lhs_noise2_paris1_checkpoints/lhs_noise2_paris1_ckpt_081700.pkl
  [warn] sample 2 failed: 
  [81710/100000]  elapsed=75760s  rate=1.1/s  eta=16958s  finite=72755
  [81720/100000]  elapsed=75770s  rate=1.1/s  eta=16949s  finite=72765
  [81730/100000]  elapsed=75779s  rate=1.1/s  eta=16940s  finite=72772
  [81740/100000]  elapsed=75789s  rate=1.1/s  eta=16931s  finite=72781
  [warn] sample 5 failed: 
  [81750/100000]  elapsed=75798s  rate=1.1/s  eta=16921s  finite=72789
  [81760/100000]  elapsed=75808s  rate=1.1/s  eta=16912s  finite=72798
  [81770/100000]  elapsed=75817s  rate=1.1/s  eta=16903s  finite=72807
  [warn] sample 9 failed: 
  [81780/100000]  elapsed=75826s  rate=1.1/s  eta=16893s  finite=72816
  [warn] sample 1 failed: 
  [81790/100000]  elapsed=75834s  rate=1.1/s  eta=16884s  finite=72824
  [81800/100000]  elapsed=75844s  rate=1.1/s  eta=16875s  finite=72832
  -> checkpoint saved: /scratch/e1498138/lhs/lhs_noise2_paris1_checkpoints/lhs_noise2_paris1_ckpt_081800.pkl
  [81810/100000]  elapsed=75854s  rate=1.1/s  eta=16866s  finite=72842
  [81820/100000]  elapsed=75864s  rate=1.1/s  eta=16857s  finite=72851
  [warn] sample 9 failed: 
  [81830/100000]  elapsed=75873s  rate=1.1/s  eta=16847s  finite=72860
  [81840/100000]  elapsed=75882s  rate=1.1/s  eta=16838s  finite=72870
  [warn] sample 2 failed: 
  [81850/100000]  elapsed=75891s  rate=1.1/s  eta=16829s  finite=72879
  [81860/100000]  elapsed=75901s  rate=1.1/s  eta=16820s  finite=72887
  [warn] sample 0 failed: 
  [81870/100000]  elapsed=75910s  rate=1.1/s  eta=16810s  finite=72896
  [81880/100000]  elapsed=75920s  rate=1.1/s  eta=16801s  finite=72905
  [81890/100000]  elapsed=75930s  rate=1.1/s  eta=16792s  finite=72914
  [81900/100000]  elapsed=75940s  rate=1.1/s  eta=16783s  finite=72924
  -> checkpoint saved: /scratch/e1498138/lhs/lhs_noise2_paris1_checkpoints/lhs_noise2_paris1_ckpt_081900.pkl
  [81910/100000]  elapsed=75949s  rate=1.1/s  eta=16774s  finite=72933
  [warn] sample 6 failed: 
  [81920/100000]  elapsed=75958s  rate=1.1/s  eta=16764s  finite=72939
  [81930/100000]  elapsed=75968s  rate=1.1/s  eta=16755s  finite=72945
  [warn] sample 0 failed: 
  [81940/100000]  elapsed=75977s  rate=1.1/s  eta=16746s  finite=72953
  [81950/100000]  elapsed=75987s  rate=1.1/s  eta=16737s  finite=72962
  [81960/100000]  elapsed=75997s  rate=1.1/s  eta=16728s  finite=72972
  [81970/100000]  elapsed=76007s  rate=1.1/s  eta=16718s  finite=72982
  [81980/100000]  elapsed=76017s  rate=1.1/s  eta=16709s  finite=72991
  [81990/100000]  elapsed=76027s  rate=1.1/s  eta=16700s  finite=73000
  [82000/100000]  elapsed=76036s  rate=1.1/s  eta=16691s  finite=73010
  -> checkpoint saved: /scratch/e1498138/lhs/lhs_noise2_paris1_checkpoints/lhs_noise2_paris1_ckpt_082000.pkl
  [warn] sample 1 failed: 
  [warn] sample 5 failed: 
  [warn] sample 6 failed: 
  [82010/100000]  elapsed=76044s  rate=1.1/s  eta=16681s  finite=73017
  [82020/100000]  elapsed=76054s  rate=1.1/s  eta=16672s  finite=73027
  [82030/100000]  elapsed=76064s  rate=1.1/s  eta=16663s  finite=73036
  [82040/100000]  elapsed=76073s  rate=1.1/s  eta=16654s  finite=73045
  [82050/100000]  elapsed=76082s  rate=1.1/s  eta=16644s  finite=73055
  [82060/100000]  elapsed=76092s  rate=1.1/s  eta=16635s  finite=73065
  [82070/100000]  elapsed=76101s  rate=1.1/s  eta=16626s  finite=73075
  [82080/100000]  elapsed=76111s  rate=1.1/s  eta=16617s  finite=73085
  [82090/100000]  elapsed=76120s  rate=1.1/s  eta=16607s  finite=73095
  [82100/100000]  elapsed=76129s  rate=1.1/s  eta=16598s  finite=73105
  -> checkpoint saved: /scratch/e1498138/lhs/lhs_noise2_paris1_checkpoints/lhs_noise2_paris1_ckpt_082100.pkl
  [82110/100000]  elapsed=76139s  rate=1.1/s  eta=16589s  finite=73114
  [warn] sample 4 failed: 
  [82120/100000]  elapsed=76148s  rate=1.1/s  eta=16580s  finite=73122
  [82130/100000]  elapsed=76157s  rate=1.1/s  eta=16570s  finite=73132
  [82140/100000]  elapsed=76167s  rate=1.1/s  eta=16561s  finite=73142
  [82150/100000]  elapsed=76177s  rate=1.1/s  eta=16552s  finite=73151
  [82160/100000]  elapsed=76187s  rate=1.1/s  eta=16543s  finite=73161
  [warn] sample 7 failed: 
  [82170/100000]  elapsed=76196s  rate=1.1/s  eta=16534s  finite=73170
  [warn] sample 1 failed: 
  [warn] sample 2 failed: 
  [82180/100000]  elapsed=76204s  rate=1.1/s  eta=16524s  finite=73177
  [82190/100000]  elapsed=76214s  rate=1.1/s  eta=16515s  finite=73187
  [warn] sample 8 failed: 
  [82200/100000]  elapsed=76223s  rate=1.1/s  eta=16506s  finite=73192
  -> checkpoint saved: /scratch/e1498138/lhs/lhs_noise2_paris1_checkpoints/lhs_noise2_paris1_ckpt_082200.pkl
  [82210/100000]  elapsed=76233s  rate=1.1/s  eta=16497s  finite=73200
  [warn] sample 1 failed: 
  [82220/100000]  elapsed=76242s  rate=1.1/s  eta=16487s  finite=73209
  [82230/100000]  elapsed=76251s  rate=1.1/s  eta=16478s  finite=73218
  [82240/100000]  elapsed=76261s  rate=1.1/s  eta=16469s  finite=73227
  [82250/100000]  elapsed=76271s  rate=1.1/s  eta=16460s  finite=73235
  [82260/100000]  elapsed=76281s  rate=1.1/s  eta=16451s  finite=73244
  [82270/100000]  elapsed=76290s  rate=1.1/s  eta=16441s  finite=73254
  [warn] sample 7 failed: 
  [82280/100000]  elapsed=76299s  rate=1.1/s  eta=16432s  finite=73263
  [82290/100000]  elapsed=76309s  rate=1.1/s  eta=16423s  finite=73270
  [warn] sample 5 failed: 
  [warn] sample 6 failed: 
  [82300/100000]  elapsed=76317s  rate=1.1/s  eta=16413s  finite=73277
  -> checkpoint saved: /scratch/e1498138/lhs/lhs_noise2_paris1_checkpoints/lhs_noise2_paris1_ckpt_082300.pkl
  [82310/100000]  elapsed=76327s  rate=1.1/s  eta=16404s  finite=73286
  [82320/100000]  elapsed=76337s  rate=1.1/s  eta=16395s  finite=73294
  [82330/100000]  elapsed=76347s  rate=1.1/s  eta=16386s  finite=73303
  [82340/100000]  elapsed=76357s  rate=1.1/s  eta=16377s  finite=73312
  [82350/100000]  elapsed=76366s  rate=1.1/s  eta=16368s  finite=73322
  [82360/100000]  elapsed=76376s  rate=1.1/s  eta=16358s  finite=73331
  [82370/100000]  elapsed=76385s  rate=1.1/s  eta=16349s  finite=73341
  [warn] sample 8 failed: 
  [82380/100000]  elapsed=76394s  rate=1.1/s  eta=16340s  finite=73349
  [82390/100000]  elapsed=76403s  rate=1.1/s  eta=16330s  finite=73358
  [82400/100000]  elapsed=76413s  rate=1.1/s  eta=16321s  finite=73367
  -> checkpoint saved: /scratch/e1498138/lhs/lhs_noise2_paris1_checkpoints/lhs_noise2_paris1_ckpt_082400.pkl
  [warn] sample 0 failed: 
  [warn] sample 8 failed: 
  [82410/100000]  elapsed=76421s  rate=1.1/s  eta=16312s  finite=73375
  [warn] sample 6 failed: 
  [82420/100000]  elapsed=76430s  rate=1.1/s  eta=16302s  finite=73382
  [82430/100000]  elapsed=76440s  rate=1.1/s  eta=16293s  finite=73392
  [82440/100000]  elapsed=76449s  rate=1.1/s  eta=16284s  finite=73401
  [82450/100000]  elapsed=76459s  rate=1.1/s  eta=16275s  finite=73410
  [82460/100000]  elapsed=76468s  rate=1.1/s  eta=16265s  finite=73419
  [warn] sample 3 failed: 
  [82470/100000]  elapsed=76476s  rate=1.1/s  eta=16256s  finite=73425
  [82480/100000]  elapsed=76486s  rate=1.1/s  eta=16247s  finite=73433
  [82490/100000]  elapsed=76495s  rate=1.1/s  eta=16238s  finite=73442
  [82500/100000]  elapsed=76505s  rate=1.1/s  eta=16228s  finite=73451
  -> checkpoint saved: /scratch/e1498138/lhs/lhs_noise2_paris1_checkpoints/lhs_noise2_paris1_ckpt_082500.pkl
  [82510/100000]  elapsed=76515s  rate=1.1/s  eta=16219s  finite=73460
  [warn] sample 6 failed: 
  [82520/100000]  elapsed=76524s  rate=1.1/s  eta=16210s  finite=73468
  [82530/100000]  elapsed=76534s  rate=1.1/s  eta=16201s  finite=73476
  [warn] sample 7 failed: 
  [82540/100000]  elapsed=76543s  rate=1.1/s  eta=16191s  finite=73485
  [82550/100000]  elapsed=76553s  rate=1.1/s  eta=16182s  finite=73494
  [warn] sample 4 failed: 
  [82560/100000]  elapsed=76562s  rate=1.1/s  eta=16173s  finite=73502
  [82570/100000]  elapsed=76571s  rate=1.1/s  eta=16164s  finite=73511
  [warn] sample 0 failed: 
  [warn] sample 2 failed: 
  [82580/100000]  elapsed=76580s  rate=1.1/s  eta=16154s  finite=73518
  [warn] sample 5 failed: 
  [82590/100000]  elapsed=76589s  rate=1.1/s  eta=16145s  finite=73527
  [82600/100000]  elapsed=76599s  rate=1.1/s  eta=16136s  finite=73537
  -> checkpoint saved: /scratch/e1498138/lhs/lhs_noise2_paris1_checkpoints/lhs_noise2_paris1_ckpt_082600.pkl
  [82610/100000]  elapsed=76609s  rate=1.1/s  eta=16127s  finite=73546
  [82620/100000]  elapsed=76619s  rate=1.1/s  eta=16118s  finite=73554
  [82630/100000]  elapsed=76628s  rate=1.1/s  eta=16108s  finite=73563
  [82640/100000]  elapsed=76638s  rate=1.1/s  eta=16099s  finite=73573
  [82650/100000]  elapsed=76648s  rate=1.1/s  eta=16090s  finite=73583
  [82660/100000]  elapsed=76658s  rate=1.1/s  eta=16081s  finite=73593
  [82670/100000]  elapsed=76668s  rate=1.1/s  eta=16072s  finite=73603
  [82680/100000]  elapsed=76678s  rate=1.1/s  eta=16063s  finite=73612
  [82690/100000]  elapsed=76687s  rate=1.1/s  eta=16053s  finite=73622
  [82700/100000]  elapsed=76697s  rate=1.1/s  eta=16044s  finite=73631
  -> checkpoint saved: /scratch/e1498138/lhs/lhs_noise2_paris1_checkpoints/lhs_noise2_paris1_ckpt_082700.pkl
  [82710/100000]  elapsed=76707s  rate=1.1/s  eta=16035s  finite=73641
  [82720/100000]  elapsed=76717s  rate=1.1/s  eta=16026s  finite=73650
  [warn] sample 0 failed: 
  [82730/100000]  elapsed=76726s  rate=1.1/s  eta=16017s  finite=73658
  [82740/100000]  elapsed=76736s  rate=1.1/s  eta=16008s  finite=73666
  [warn] sample 0 failed: 
  [82750/100000]  elapsed=76745s  rate=1.1/s  eta=15998s  finite=73673
  [82760/100000]  elapsed=76755s  rate=1.1/s  eta=15989s  finite=73682
  [82770/100000]  elapsed=76765s  rate=1.1/s  eta=15980s  finite=73692
  [82780/100000]  elapsed=76775s  rate=1.1/s  eta=15971s  finite=73702
  [warn] sample 0 failed: 
  [82790/100000]  elapsed=76784s  rate=1.1/s  eta=15961s  finite=73709
  [82800/100000]  elapsed=76794s  rate=1.1/s  eta=15952s  finite=73719
  -> checkpoint saved: /scratch/e1498138/lhs/lhs_noise2_paris1_checkpoints/lhs_noise2_paris1_ckpt_082800.pkl
  [82810/100000]  elapsed=76804s  rate=1.1/s  eta=15943s  finite=73727
  [warn] sample 6 failed: 
  [warn] sample 7 failed: 
  [82820/100000]  elapsed=76812s  rate=1.1/s  eta=15934s  finite=73734
  [82830/100000]  elapsed=76821s  rate=1.1/s  eta=15924s  finite=73742
  [82840/100000]  elapsed=76830s  rate=1.1/s  eta=15915s  finite=73752
  [warn] sample 6 failed: 
  [82850/100000]  elapsed=76839s  rate=1.1/s  eta=15906s  finite=73761
  [warn] sample 7 failed: 
  [82860/100000]  elapsed=76847s  rate=1.1/s  eta=15896s  finite=73769
  [82870/100000]  elapsed=76857s  rate=1.1/s  eta=15887s  finite=73778
  [82880/100000]  elapsed=76867s  rate=1.1/s  eta=15878s  finite=73788
  [warn] sample 3 failed: 
  [82890/100000]  elapsed=76876s  rate=1.1/s  eta=15869s  finite=73794
  [82900/100000]  elapsed=76886s  rate=1.1/s  eta=15860s  finite=73803
  -> checkpoint saved: /scratch/e1498138/lhs/lhs_noise2_paris1_checkpoints/lhs_noise2_paris1_ckpt_082900.pkl
  [82910/100000]  elapsed=76896s  rate=1.1/s  eta=15850s  finite=73811
  [warn] sample 0 failed: 
  [82920/100000]  elapsed=76905s  rate=1.1/s  eta=15841s  finite=73820
  [warn] sample 0 failed: 
  [82930/100000]  elapsed=76914s  rate=1.1/s  eta=15832s  finite=73827
  [82940/100000]  elapsed=76924s  rate=1.1/s  eta=15822s  finite=73835
  [82950/100000]  elapsed=76933s  rate=1.1/s  eta=15813s  finite=73841
  [82960/100000]  elapsed=76943s  rate=1.1/s  eta=15804s  finite=73850
  [warn] sample 2 failed: 
  [82970/100000]  elapsed=76952s  rate=1.1/s  eta=15795s  finite=73859
  [82980/100000]  elapsed=76962s  rate=1.1/s  eta=15786s  finite=73868
  [82990/100000]  elapsed=76971s  rate=1.1/s  eta=15776s  finite=73877
  [warn] sample 5 failed: 
  [83000/100000]  elapsed=76980s  rate=1.1/s  eta=15767s  finite=73885
  -> checkpoint saved: /scratch/e1498138/lhs/lhs_noise2_paris1_checkpoints/lhs_noise2_paris1_ckpt_083000.pkl
  [83010/100000]  elapsed=76990s  rate=1.1/s  eta=15758s  finite=73893
  [83020/100000]  elapsed=77000s  rate=1.1/s  eta=15749s  finite=73901
  [83030/100000]  elapsed=77010s  rate=1.1/s  eta=15740s  finite=73910
  [83040/100000]  elapsed=77020s  rate=1.1/s  eta=15730s  finite=73920
  [83050/100000]  elapsed=77030s  rate=1.1/s  eta=15721s  finite=73929
  [83060/100000]  elapsed=77040s  rate=1.1/s  eta=15712s  finite=73938
  [warn] sample 4 failed: 
  [warn] sample 8 failed: 
  [83070/100000]  elapsed=77048s  rate=1.1/s  eta=15703s  finite=73945
  [83080/100000]  elapsed=77057s  rate=1.1/s  eta=15693s  finite=73955
  [83090/100000]  elapsed=77067s  rate=1.1/s  eta=15684s  finite=73963
  [83100/100000]  elapsed=77077s  rate=1.1/s  eta=15675s  finite=73973
  -> checkpoint saved: /scratch/e1498138/lhs/lhs_noise2_paris1_checkpoints/lhs_noise2_paris1_ckpt_083100.pkl
  [warn] sample 0 failed: 
  [83110/100000]  elapsed=77086s  rate=1.1/s  eta=15666s  finite=73981
  [83120/100000]  elapsed=77096s  rate=1.1/s  eta=15657s  finite=73991
  [83130/100000]  elapsed=77106s  rate=1.1/s  eta=15648s  finite=74001
  [warn] sample 5 failed: 
  [83140/100000]  elapsed=77115s  rate=1.1/s  eta=15638s  finite=74007
  [83150/100000]  elapsed=77125s  rate=1.1/s  eta=15629s  finite=74013
  [warn] sample 0 failed: 
  [83160/100000]  elapsed=77134s  rate=1.1/s  eta=15620s  finite=74022
  [83170/100000]  elapsed=77144s  rate=1.1/s  eta=15611s  finite=74030
  [83180/100000]  elapsed=77153s  rate=1.1/s  eta=15601s  finite=74039
  [83190/100000]  elapsed=77163s  rate=1.1/s  eta=15592s  finite=74047
  [83200/100000]  elapsed=77173s  rate=1.1/s  eta=15583s  finite=74055
  -> checkpoint saved: /scratch/e1498138/lhs/lhs_noise2_paris1_checkpoints/lhs_noise2_paris1_ckpt_083200.pkl
  [warn] sample 4 failed: 
  [83210/100000]  elapsed=77182s  rate=1.1/s  eta=15574s  finite=74064
  [warn] sample 2 failed: 
  [83220/100000]  elapsed=77191s  rate=1.1/s  eta=15564s  finite=74073
  [warn] sample 9 failed: 
  [83230/100000]  elapsed=77200s  rate=1.1/s  eta=15555s  finite=74080
  [warn] sample 3 failed: 
  [83240/100000]  elapsed=77209s  rate=1.1/s  eta=15546s  finite=74089
  [83250/100000]  elapsed=77219s  rate=1.1/s  eta=15537s  finite=74099
  [83260/100000]  elapsed=77229s  rate=1.1/s  eta=15527s  finite=74109
  [83270/100000]  elapsed=77239s  rate=1.1/s  eta=15518s  finite=74117
  [83280/100000]  elapsed=77248s  rate=1.1/s  eta=15509s  finite=74127
  [83290/100000]  elapsed=77258s  rate=1.1/s  eta=15500s  finite=74136
  [83300/100000]  elapsed=77268s  rate=1.1/s  eta=15491s  finite=74145
  -> checkpoint saved: /scratch/e1498138/lhs/lhs_noise2_paris1_checkpoints/lhs_noise2_paris1_ckpt_083300.pkl
  [warn] sample 8 failed: 
  [83310/100000]  elapsed=77277s  rate=1.1/s  eta=15481s  finite=74153
  [83320/100000]  elapsed=77287s  rate=1.1/s  eta=15472s  finite=74160
  [83330/100000]  elapsed=77297s  rate=1.1/s  eta=15463s  finite=74170
  [83340/100000]  elapsed=77307s  rate=1.1/s  eta=15454s  finite=74180
  [warn] sample 7 failed: 
  [83350/100000]  elapsed=77316s  rate=1.1/s  eta=15445s  finite=74188
  [83360/100000]  elapsed=77325s  rate=1.1/s  eta=15435s  finite=74198
  [warn] sample 6 failed: 
  [83370/100000]  elapsed=77334s  rate=1.1/s  eta=15426s  finite=74207
  [warn] sample 2 failed: 
  [83380/100000]  elapsed=77343s  rate=1.1/s  eta=15417s  finite=74215
  [warn] sample 1 failed: 
  [83390/100000]  elapsed=77352s  rate=1.1/s  eta=15407s  finite=74222
  [warn] sample 2 failed: 
  [83400/100000]  elapsed=77361s  rate=1.1/s  eta=15398s  finite=74230
  -> checkpoint saved: /scratch/e1498138/lhs/lhs_noise2_paris1_checkpoints/lhs_noise2_paris1_ckpt_083400.pkl
  [83410/100000]  elapsed=77371s  rate=1.1/s  eta=15389s  finite=74239
  [83420/100000]  elapsed=77380s  rate=1.1/s  eta=15380s  finite=74249
  [warn] sample 2 failed: 
  [83430/100000]  elapsed=77389s  rate=1.1/s  eta=15370s  finite=74258
  [warn] sample 6 failed: 
  [83440/100000]  elapsed=77398s  rate=1.1/s  eta=15361s  finite=74267
  [warn] sample 8 failed: 
  [83450/100000]  elapsed=77407s  rate=1.1/s  eta=15352s  finite=74275
  [warn] sample 0 failed: 
  [warn] sample 6 failed: 
  [83460/100000]  elapsed=77415s  rate=1.1/s  eta=15342s  finite=74283
  [warn] sample 3 failed: 
  [warn] sample 4 failed: 
  [83470/100000]  elapsed=77423s  rate=1.1/s  eta=15332s  finite=74291
  [83480/100000]  elapsed=77432s  rate=1.1/s  eta=15323s  finite=74300
  [83490/100000]  elapsed=77442s  rate=1.1/s  eta=15314s  finite=74309
  [83500/100000]  elapsed=77452s  rate=1.1/s  eta=15305s  finite=74319
  -> checkpoint saved: /scratch/e1498138/lhs/lhs_noise2_paris1_checkpoints/lhs_noise2_paris1_ckpt_083500.pkl
  [83510/100000]  elapsed=77462s  rate=1.1/s  eta=15296s  finite=74327
  [warn] sample 3 failed: 
  [83520/100000]  elapsed=77471s  rate=1.1/s  eta=15286s  finite=74336
  [83530/100000]  elapsed=77480s  rate=1.1/s  eta=15277s  finite=74344
  [83540/100000]  elapsed=77490s  rate=1.1/s  eta=15268s  finite=74351
  [83550/100000]  elapsed=77500s  rate=1.1/s  eta=15259s  finite=74361
  [83560/100000]  elapsed=77510s  rate=1.1/s  eta=15250s  finite=74371
  [83570/100000]  elapsed=77520s  rate=1.1/s  eta=15241s  finite=74381
  [83580/100000]  elapsed=77530s  rate=1.1/s  eta=15231s  finite=74389
  [warn] sample 9 failed: 
  [83590/100000]  elapsed=77539s  rate=1.1/s  eta=15222s  finite=74398
  [83600/100000]  elapsed=77549s  rate=1.1/s  eta=15213s  finite=74407
  -> checkpoint saved: /scratch/e1498138/lhs/lhs_noise2_paris1_checkpoints/lhs_noise2_paris1_ckpt_083600.pkl
  [83610/100000]  elapsed=77558s  rate=1.1/s  eta=15204s  finite=74417
  [83620/100000]  elapsed=77568s  rate=1.1/s  eta=15195s  finite=74427
  [warn] sample 3 failed: 
  [warn] sample 9 failed: 
  [83630/100000]  elapsed=77576s  rate=1.1/s  eta=15185s  finite=74435
  [83640/100000]  elapsed=77586s  rate=1.1/s  eta=15176s  finite=74443
  [warn] sample 1 failed: 
  [83650/100000]  elapsed=77595s  rate=1.1/s  eta=15166s  finite=74447
  [83660/100000]  elapsed=77605s  rate=1.1/s  eta=15157s  finite=74457
  [83670/100000]  elapsed=77615s  rate=1.1/s  eta=15148s  finite=74465
  [warn] sample 8 failed: 
  [83680/100000]  elapsed=77624s  rate=1.1/s  eta=15139s  finite=74474
  [warn] sample 7 failed: 
  [83690/100000]  elapsed=77632s  rate=1.1/s  eta=15129s  finite=74483
  [warn] sample 8 failed: 
  [83700/100000]  elapsed=77642s  rate=1.1/s  eta=15120s  finite=74492
  -> checkpoint saved: /scratch/e1498138/lhs/lhs_noise2_paris1_checkpoints/lhs_noise2_paris1_ckpt_083700.pkl
  [83710/100000]  elapsed=77651s  rate=1.1/s  eta=15111s  finite=74502
  [83720/100000]  elapsed=77661s  rate=1.1/s  eta=15102s  finite=74511
  [83730/100000]  elapsed=77671s  rate=1.1/s  eta=15093s  finite=74520
  [83740/100000]  elapsed=77681s  rate=1.1/s  eta=15083s  finite=74530
  [83750/100000]  elapsed=77690s  rate=1.1/s  eta=15074s  finite=74539
  [83760/100000]  elapsed=77700s  rate=1.1/s  eta=15065s  finite=74549
  [83770/100000]  elapsed=77710s  rate=1.1/s  eta=15056s  finite=74559
  [warn] sample 4 failed: 
  [83780/100000]  elapsed=77719s  rate=1.1/s  eta=15047s  finite=74568
  [83790/100000]  elapsed=77729s  rate=1.1/s  eta=15037s  finite=74578
  [warn] sample 6 failed: 
  [83800/100000]  elapsed=77738s  rate=1.1/s  eta=15028s  finite=74587
  -> checkpoint saved: /scratch/e1498138/lhs/lhs_noise2_paris1_checkpoints/lhs_noise2_paris1_ckpt_083800.pkl
  [83810/100000]  elapsed=77748s  rate=1.1/s  eta=15019s  finite=74597
  [83820/100000]  elapsed=77758s  rate=1.1/s  eta=15010s  finite=74607
  [83830/100000]  elapsed=77768s  rate=1.1/s  eta=15001s  finite=74614
  [83840/100000]  elapsed=77777s  rate=1.1/s  eta=14991s  finite=74624
  [warn] sample 3 failed: 
  [83850/100000]  elapsed=77786s  rate=1.1/s  eta=14982s  finite=74630
  [warn] sample 0 failed: 
  [83860/100000]  elapsed=77795s  rate=1.1/s  eta=14973s  finite=74638
  [83870/100000]  elapsed=77805s  rate=1.1/s  eta=14964s  finite=74648
  [83880/100000]  elapsed=77815s  rate=1.1/s  eta=14954s  finite=74658
  [83890/100000]  elapsed=77825s  rate=1.1/s  eta=14945s  finite=74667
  [83900/100000]  elapsed=77834s  rate=1.1/s  eta=14936s  finite=74676
  -> checkpoint saved: /scratch/e1498138/lhs/lhs_noise2_paris1_checkpoints/lhs_noise2_paris1_ckpt_083900.pkl
  [warn] sample 4 failed: 
  [83910/100000]  elapsed=77843s  rate=1.1/s  eta=14927s  finite=74685
  [83920/100000]  elapsed=77853s  rate=1.1/s  eta=14918s  finite=74695
  [83930/100000]  elapsed=77863s  rate=1.1/s  eta=14908s  finite=74705
  [83940/100000]  elapsed=77872s  rate=1.1/s  eta=14899s  finite=74715
  [83950/100000]  elapsed=77882s  rate=1.1/s  eta=14890s  finite=74725
  [83960/100000]  elapsed=77891s  rate=1.1/s  eta=14881s  finite=74735
  [warn] sample 9 failed: 
  [83970/100000]  elapsed=77900s  rate=1.1/s  eta=14871s  finite=74743
  [warn] sample 6 failed: 
  [warn] sample 9 failed: 
  [83980/100000]  elapsed=77907s  rate=1.1/s  eta=14862s  finite=74749
  [warn] sample 8 failed: 
  [83990/100000]  elapsed=77916s  rate=1.1/s  eta=14852s  finite=74758
  [84000/100000]  elapsed=77926s  rate=1.1/s  eta=14843s  finite=74766
  -> checkpoint saved: /scratch/e1498138/lhs/lhs_noise2_paris1_checkpoints/lhs_noise2_paris1_ckpt_084000.pkl
  [84010/100000]  elapsed=77936s  rate=1.1/s  eta=14834s  finite=74775
  [84020/100000]  elapsed=77945s  rate=1.1/s  eta=14825s  finite=74785
  [84030/100000]  elapsed=77955s  rate=1.1/s  eta=14815s  finite=74795
  [84040/100000]  elapsed=77964s  rate=1.1/s  eta=14806s  finite=74803
  [warn] sample 3 failed: 
  [84050/100000]  elapsed=77973s  rate=1.1/s  eta=14797s  finite=74812
  [84060/100000]  elapsed=77982s  rate=1.1/s  eta=14787s  finite=74822
  [warn] sample 3 failed: 
  [84070/100000]  elapsed=77991s  rate=1.1/s  eta=14778s  finite=74831
  [84080/100000]  elapsed=78000s  rate=1.1/s  eta=14769s  finite=74839
  [84090/100000]  elapsed=78009s  rate=1.1/s  eta=14760s  finite=74849
  [84100/100000]  elapsed=78019s  rate=1.1/s  eta=14750s  finite=74858
  -> checkpoint saved: /scratch/e1498138/lhs/lhs_noise2_paris1_checkpoints/lhs_noise2_paris1_ckpt_084100.pkl
  [84110/100000]  elapsed=78028s  rate=1.1/s  eta=14741s  finite=74865
  [warn] sample 2 failed: 
  [84120/100000]  elapsed=78037s  rate=1.1/s  eta=14732s  finite=74872
  [84130/100000]  elapsed=78047s  rate=1.1/s  eta=14723s  finite=74882
  [warn] sample 1 failed: 
  [84140/100000]  elapsed=78056s  rate=1.1/s  eta=14713s  finite=74891
  [84150/100000]  elapsed=78066s  rate=1.1/s  eta=14704s  finite=74900
  [warn] sample 3 failed: 
  [84160/100000]  elapsed=78075s  rate=1.1/s  eta=14695s  finite=74909
  [84170/100000]  elapsed=78085s  rate=1.1/s  eta=14686s  finite=74918
  [84180/100000]  elapsed=78095s  rate=1.1/s  eta=14676s  finite=74928
  [84190/100000]  elapsed=78105s  rate=1.1/s  eta=14667s  finite=74938
  [84200/100000]  elapsed=78115s  rate=1.1/s  eta=14658s  finite=74948
  -> checkpoint saved: /scratch/e1498138/lhs/lhs_noise2_paris1_checkpoints/lhs_noise2_paris1_ckpt_084200.pkl
  [84210/100000]  elapsed=78125s  rate=1.1/s  eta=14649s  finite=74957
  [84220/100000]  elapsed=78134s  rate=1.1/s  eta=14640s  finite=74966
  [warn] sample 9 failed: 
  [84230/100000]  elapsed=78143s  rate=1.1/s  eta=14630s  finite=74975
  [84240/100000]  elapsed=78153s  rate=1.1/s  eta=14621s  finite=74985
  [warn] sample 2 failed: 
  [warn] sample 5 failed: 
  [84250/100000]  elapsed=78161s  rate=1.1/s  eta=14612s  finite=74993
  [84260/100000]  elapsed=78171s  rate=1.1/s  eta=14603s  finite=75000
  [84270/100000]  elapsed=78181s  rate=1.1/s  eta=14593s  finite=75009
  [84280/100000]  elapsed=78191s  rate=1.1/s  eta=14584s  finite=75018
  [84290/100000]  elapsed=78201s  rate=1.1/s  eta=14575s  finite=75027
  [84300/100000]  elapsed=78211s  rate=1.1/s  eta=14566s  finite=75037
  -> checkpoint saved: /scratch/e1498138/lhs/lhs_noise2_paris1_checkpoints/lhs_noise2_paris1_ckpt_084300.pkl
  [warn] sample 5 failed: 
  [84310/100000]  elapsed=78220s  rate=1.1/s  eta=14557s  finite=75046
  [warn] sample 9 failed: 
  [84320/100000]  elapsed=78228s  rate=1.1/s  eta=14547s  finite=75054
  [84330/100000]  elapsed=78238s  rate=1.1/s  eta=14538s  finite=75063
  [84340/100000]  elapsed=78248s  rate=1.1/s  eta=14529s  finite=75073
  [84350/100000]  elapsed=78258s  rate=1.1/s  eta=14520s  finite=75082
  [84360/100000]  elapsed=78268s  rate=1.1/s  eta=14511s  finite=75090
  [84370/100000]  elapsed=78277s  rate=1.1/s  eta=14501s  finite=75100
  [warn] sample 8 failed: 
  [84380/100000]  elapsed=78287s  rate=1.1/s  eta=14492s  finite=75108
  [84390/100000]  elapsed=78297s  rate=1.1/s  eta=14483s  finite=75116
  [warn] sample 4 failed: 
  [84400/100000]  elapsed=78306s  rate=1.1/s  eta=14474s  finite=75124
  -> checkpoint saved: /scratch/e1498138/lhs/lhs_noise2_paris1_checkpoints/lhs_noise2_paris1_ckpt_084400.pkl
  [84410/100000]  elapsed=78315s  rate=1.1/s  eta=14464s  finite=75133
  [warn] sample 4 failed: 
  [84420/100000]  elapsed=78325s  rate=1.1/s  eta=14455s  finite=75141
  [84430/100000]  elapsed=78334s  rate=1.1/s  eta=14446s  finite=75150
  [warn] sample 8 failed: 
  [84440/100000]  elapsed=78343s  rate=1.1/s  eta=14437s  finite=75159
  [warn] sample 4 failed: 
  [84450/100000]  elapsed=78352s  rate=1.1/s  eta=14427s  finite=75167
  [84460/100000]  elapsed=78362s  rate=1.1/s  eta=14418s  finite=75176
  [84470/100000]  elapsed=78372s  rate=1.1/s  eta=14409s  finite=75186
  [84480/100000]  elapsed=78382s  rate=1.1/s  eta=14400s  finite=75196
  [warn] sample 1 failed: 
  [warn] sample 9 failed: 
  [84490/100000]  elapsed=78390s  rate=1.1/s  eta=14390s  finite=75203
  [84500/100000]  elapsed=78400s  rate=1.1/s  eta=14381s  finite=75213
  -> checkpoint saved: /scratch/e1498138/lhs/lhs_noise2_paris1_checkpoints/lhs_noise2_paris1_ckpt_084500.pkl
  [84510/100000]  elapsed=78409s  rate=1.1/s  eta=14372s  finite=75223
  [warn] sample 3 failed: 
  [84520/100000]  elapsed=78418s  rate=1.1/s  eta=14362s  finite=75232
  [84530/100000]  elapsed=78428s  rate=1.1/s  eta=14353s  finite=75241
  [84540/100000]  elapsed=78438s  rate=1.1/s  eta=14344s  finite=75251
  [84550/100000]  elapsed=78448s  rate=1.1/s  eta=14335s  finite=75259
  [84560/100000]  elapsed=78458s  rate=1.1/s  eta=14326s  finite=75269
  [84570/100000]  elapsed=78467s  rate=1.1/s  eta=14317s  finite=75278
  [warn] sample 3 failed: 
  [84580/100000]  elapsed=78476s  rate=1.1/s  eta=14307s  finite=75286
  [84590/100000]  elapsed=78485s  rate=1.1/s  eta=14298s  finite=75296
  [84600/100000]  elapsed=78495s  rate=1.1/s  eta=14289s  finite=75305
  -> checkpoint saved: /scratch/e1498138/lhs/lhs_noise2_paris1_checkpoints/lhs_noise2_paris1_ckpt_084600.pkl
  [warn] sample 0 failed: 
  [84610/100000]  elapsed=78504s  rate=1.1/s  eta=14279s  finite=75314
  [84620/100000]  elapsed=78514s  rate=1.1/s  eta=14270s  finite=75323
  [84630/100000]  elapsed=78524s  rate=1.1/s  eta=14261s  finite=75333
  [84640/100000]  elapsed=78533s  rate=1.1/s  eta=14252s  finite=75342
  [84650/100000]  elapsed=78543s  rate=1.1/s  eta=14243s  finite=75351
  [84660/100000]  elapsed=78553s  rate=1.1/s  eta=14233s  finite=75361
  [warn] sample 1 failed: 
  [84670/100000]  elapsed=78562s  rate=1.1/s  eta=14224s  finite=75370
  [84680/100000]  elapsed=78572s  rate=1.1/s  eta=14215s  finite=75379
  [84690/100000]  elapsed=78582s  rate=1.1/s  eta=14206s  finite=75389
  [warn] sample 9 failed: 
  [84700/100000]  elapsed=78591s  rate=1.1/s  eta=14196s  finite=75398
  -> checkpoint saved: /scratch/e1498138/lhs/lhs_noise2_paris1_checkpoints/lhs_noise2_paris1_ckpt_084700.pkl
  [warn] sample 2 failed: 
  [warn] sample 8 failed: 
  [84710/100000]  elapsed=78599s  rate=1.1/s  eta=14187s  finite=75406
  [warn] sample 0 failed: 
  [84720/100000]  elapsed=78608s  rate=1.1/s  eta=14178s  finite=75414
  [warn] sample 9 failed: 
  [84730/100000]  elapsed=78617s  rate=1.1/s  eta=14168s  finite=75423
  [warn] sample 2 failed: 
  [84740/100000]  elapsed=78626s  rate=1.1/s  eta=14159s  finite=75432
  [84750/100000]  elapsed=78636s  rate=1.1/s  eta=14150s  finite=75440
  [84760/100000]  elapsed=78646s  rate=1.1/s  eta=14141s  finite=75449
  [84770/100000]  elapsed=78655s  rate=1.1/s  eta=14131s  finite=75458
  [84780/100000]  elapsed=78665s  rate=1.1/s  eta=14122s  finite=75467
  [84790/100000]  elapsed=78675s  rate=1.1/s  eta=14113s  finite=75474
  [84800/100000]  elapsed=78685s  rate=1.1/s  eta=14104s  finite=75483
  -> checkpoint saved: /scratch/e1498138/lhs/lhs_noise2_paris1_checkpoints/lhs_noise2_paris1_ckpt_084800.pkl
  [warn] sample 7 failed: 
  [84810/100000]  elapsed=78694s  rate=1.1/s  eta=14095s  finite=75490
  [84820/100000]  elapsed=78703s  rate=1.1/s  eta=14085s  finite=75498
  [84830/100000]  elapsed=78713s  rate=1.1/s  eta=14076s  finite=75506
  [warn] sample 9 failed: 
  [84840/100000]  elapsed=78722s  rate=1.1/s  eta=14067s  finite=75515
  [warn] sample 0 failed: 
  [84850/100000]  elapsed=78731s  rate=1.1/s  eta=14058s  finite=75524
  [84860/100000]  elapsed=78741s  rate=1.1/s  eta=14048s  finite=75532
  [warn] sample 4 failed: 
  [84870/100000]  elapsed=78750s  rate=1.1/s  eta=14039s  finite=75540
  [84880/100000]  elapsed=78760s  rate=1.1/s  eta=14030s  finite=75550
  [warn] sample 1 failed: 
  [84890/100000]  elapsed=78769s  rate=1.1/s  eta=14020s  finite=75559
  [84900/100000]  elapsed=78779s  rate=1.1/s  eta=14011s  finite=75569
  -> checkpoint saved: /scratch/e1498138/lhs/lhs_noise2_paris1_checkpoints/lhs_noise2_paris1_ckpt_084900.pkl
  [84910/100000]  elapsed=78789s  rate=1.1/s  eta=14002s  finite=75578
  [84920/100000]  elapsed=78798s  rate=1.1/s  eta=13993s  finite=75588
  [warn] sample 1 failed: 
  [84930/100000]  elapsed=78807s  rate=1.1/s  eta=13984s  finite=75596
  [84940/100000]  elapsed=78817s  rate=1.1/s  eta=13974s  finite=75606
  [84950/100000]  elapsed=78827s  rate=1.1/s  eta=13965s  finite=75616
  [84960/100000]  elapsed=78837s  rate=1.1/s  eta=13956s  finite=75625
  [warn] sample 9 failed: 
  [84970/100000]  elapsed=78846s  rate=1.1/s  eta=13947s  finite=75632
  [84980/100000]  elapsed=78855s  rate=1.1/s  eta=13937s  finite=75641
  [warn] sample 4 failed: 
  [84990/100000]  elapsed=78864s  rate=1.1/s  eta=13928s  finite=75649
  [85000/100000]  elapsed=78874s  rate=1.1/s  eta=13919s  finite=75658
  -> checkpoint saved: /scratch/e1498138/lhs/lhs_noise2_paris1_checkpoints/lhs_noise2_paris1_ckpt_085000.pkl
  [85010/100000]  elapsed=78884s  rate=1.1/s  eta=13910s  finite=75667
  [85020/100000]  elapsed=78893s  rate=1.1/s  eta=13901s  finite=75676
  [85030/100000]  elapsed=78903s  rate=1.1/s  eta=13891s  finite=75686
  [85040/100000]  elapsed=78913s  rate=1.1/s  eta=13882s  finite=75695
  [85050/100000]  elapsed=78923s  rate=1.1/s  eta=13873s  finite=75704
  [85060/100000]  elapsed=78932s  rate=1.1/s  eta=13864s  finite=75712
  [85070/100000]  elapsed=78942s  rate=1.1/s  eta=13855s  finite=75720
  [85080/100000]  elapsed=78952s  rate=1.1/s  eta=13845s  finite=75730
  [85090/100000]  elapsed=78962s  rate=1.1/s  eta=13836s  finite=75739
  [85100/100000]  elapsed=78972s  rate=1.1/s  eta=13827s  finite=75747
  -> checkpoint saved: /scratch/e1498138/lhs/lhs_noise2_paris1_checkpoints/lhs_noise2_paris1_ckpt_085100.pkl
  [85110/100000]  elapsed=78982s  rate=1.1/s  eta=13818s  finite=75755
  [85120/100000]  elapsed=78991s  rate=1.1/s  eta=13809s  finite=75764
  [warn] sample 5 failed: 
  [85130/100000]  elapsed=79000s  rate=1.1/s  eta=13799s  finite=75772
  [85140/100000]  elapsed=79010s  rate=1.1/s  eta=13790s  finite=75782
  [85150/100000]  elapsed=79020s  rate=1.1/s  eta=13781s  finite=75791
  [warn] sample 2 failed: 
  [warn] sample 4 failed: 
  [85160/100000]  elapsed=79028s  rate=1.1/s  eta=13771s  finite=75799
  [85170/100000]  elapsed=79038s  rate=1.1/s  eta=13762s  finite=75808
  [85180/100000]  elapsed=79048s  rate=1.1/s  eta=13753s  finite=75817
  [warn] sample 2 failed: 
  [85190/100000]  elapsed=79057s  rate=1.1/s  eta=13744s  finite=75824
  [85200/100000]  elapsed=79066s  rate=1.1/s  eta=13735s  finite=75832
  -> checkpoint saved: /scratch/e1498138/lhs/lhs_noise2_paris1_checkpoints/lhs_noise2_paris1_ckpt_085200.pkl
  [85210/100000]  elapsed=79076s  rate=1.1/s  eta=13725s  finite=75841
  [85220/100000]  elapsed=79086s  rate=1.1/s  eta=13716s  finite=75850
  [warn] sample 5 failed: 
  [85230/100000]  elapsed=79095s  rate=1.1/s  eta=13707s  finite=75858
  [warn] sample 3 failed: 
  [warn] sample 7 failed: 
  [85240/100000]  elapsed=79103s  rate=1.1/s  eta=13697s  finite=75865
  [85250/100000]  elapsed=79113s  rate=1.1/s  eta=13688s  finite=75875
  [85260/100000]  elapsed=79123s  rate=1.1/s  eta=13679s  finite=75882
  [85270/100000]  elapsed=79132s  rate=1.1/s  eta=13670s  finite=75891
  [85280/100000]  elapsed=79142s  rate=1.1/s  eta=13661s  finite=75900
  [85290/100000]  elapsed=79152s  rate=1.1/s  eta=13651s  finite=75908
  [85300/100000]  elapsed=79162s  rate=1.1/s  eta=13642s  finite=75918
  -> checkpoint saved: /scratch/e1498138/lhs/lhs_noise2_paris1_checkpoints/lhs_noise2_paris1_ckpt_085300.pkl
  [85310/100000]  elapsed=79172s  rate=1.1/s  eta=13633s  finite=75928
  [85320/100000]  elapsed=79182s  rate=1.1/s  eta=13624s  finite=75938
  [85330/100000]  elapsed=79192s  rate=1.1/s  eta=13615s  finite=75948
  [warn] sample 6 failed: 
  [85340/100000]  elapsed=79201s  rate=1.1/s  eta=13605s  finite=75956
  [85350/100000]  elapsed=79210s  rate=1.1/s  eta=13596s  finite=75965
  [85360/100000]  elapsed=79220s  rate=1.1/s  eta=13587s  finite=75974
  [85370/100000]  elapsed=79230s  rate=1.1/s  eta=13578s  finite=75983
  [warn] sample 8 failed: 
  [85380/100000]  elapsed=79239s  rate=1.1/s  eta=13568s  finite=75992
  [85390/100000]  elapsed=79249s  rate=1.1/s  eta=13559s  finite=76002
  [85400/100000]  elapsed=79259s  rate=1.1/s  eta=13550s  finite=76012
  -> checkpoint saved: /scratch/e1498138/lhs/lhs_noise2_paris1_checkpoints/lhs_noise2_paris1_ckpt_085400.pkl
  [85410/100000]  elapsed=79268s  rate=1.1/s  eta=13541s  finite=76022
  [85420/100000]  elapsed=79278s  rate=1.1/s  eta=13532s  finite=76031
  [warn] sample 5 failed: 
  [85430/100000]  elapsed=79287s  rate=1.1/s  eta=13522s  finite=76039
  [85440/100000]  elapsed=79297s  rate=1.1/s  eta=13513s  finite=76049
  [warn] sample 5 failed: 
  [85450/100000]  elapsed=79306s  rate=1.1/s  eta=13504s  finite=76057
  [85460/100000]  elapsed=79316s  rate=1.1/s  eta=13495s  finite=76066
  [85470/100000]  elapsed=79325s  rate=1.1/s  eta=13485s  finite=76075
  [85480/100000]  elapsed=79335s  rate=1.1/s  eta=13476s  finite=76084
  [85490/100000]  elapsed=79345s  rate=1.1/s  eta=13467s  finite=76094
  [85500/100000]  elapsed=79355s  rate=1.1/s  eta=13458s  finite=76104
  -> checkpoint saved: /scratch/e1498138/lhs/lhs_noise2_paris1_checkpoints/lhs_noise2_paris1_ckpt_085500.pkl
  [85510/100000]  elapsed=79365s  rate=1.1/s  eta=13449s  finite=76113
  [85520/100000]  elapsed=79375s  rate=1.1/s  eta=13440s  finite=76121
  [85530/100000]  elapsed=79384s  rate=1.1/s  eta=13430s  finite=76128
  [85540/100000]  elapsed=79394s  rate=1.1/s  eta=13421s  finite=76137
  [warn] sample 0 failed: 
  [85550/100000]  elapsed=79403s  rate=1.1/s  eta=13412s  finite=76145
  [85560/100000]  elapsed=79413s  rate=1.1/s  eta=13403s  finite=76153
  [warn] sample 1 failed: 
  [85570/100000]  elapsed=79422s  rate=1.1/s  eta=13393s  finite=76161
  [85580/100000]  elapsed=79432s  rate=1.1/s  eta=13384s  finite=76169
  [85590/100000]  elapsed=79442s  rate=1.1/s  eta=13375s  finite=76179
  [85600/100000]  elapsed=79451s  rate=1.1/s  eta=13366s  finite=76188
  -> checkpoint saved: /scratch/e1498138/lhs/lhs_noise2_paris1_checkpoints/lhs_noise2_paris1_ckpt_085600.pkl
  [warn] sample 3 failed: 
  [85610/100000]  elapsed=79460s  rate=1.1/s  eta=13356s  finite=76197
  [85620/100000]  elapsed=79470s  rate=1.1/s  eta=13347s  finite=76206
  [85630/100000]  elapsed=79480s  rate=1.1/s  eta=13338s  finite=76215
  [warn] sample 9 failed: 
  [85640/100000]  elapsed=79489s  rate=1.1/s  eta=13329s  finite=76223
  [85650/100000]  elapsed=79498s  rate=1.1/s  eta=13319s  finite=76231
  [warn] sample 4 failed: 
  [85660/100000]  elapsed=79508s  rate=1.1/s  eta=13310s  finite=76240
  [85670/100000]  elapsed=79517s  rate=1.1/s  eta=13301s  finite=76248
  [85680/100000]  elapsed=79527s  rate=1.1/s  eta=13292s  finite=76258
  [85690/100000]  elapsed=79537s  rate=1.1/s  eta=13282s  finite=76268
  [warn] sample 3 failed: 
  [85700/100000]  elapsed=79546s  rate=1.1/s  eta=13273s  finite=76276
  -> checkpoint saved: /scratch/e1498138/lhs/lhs_noise2_paris1_checkpoints/lhs_noise2_paris1_ckpt_085700.pkl
  [85710/100000]  elapsed=79556s  rate=1.1/s  eta=13264s  finite=76284
  [warn] sample 0 failed: 
  [warn] sample 2 failed: 
  [85720/100000]  elapsed=79564s  rate=1.1/s  eta=13254s  finite=76291
  [85730/100000]  elapsed=79574s  rate=1.1/s  eta=13245s  finite=76300
  [85740/100000]  elapsed=79584s  rate=1.1/s  eta=13236s  finite=76309
  [warn] sample 2 failed: 
  [85750/100000]  elapsed=79593s  rate=1.1/s  eta=13227s  finite=76316
  [85760/100000]  elapsed=79603s  rate=1.1/s  eta=13218s  finite=76325
  [85770/100000]  elapsed=79613s  rate=1.1/s  eta=13208s  finite=76334
  [85780/100000]  elapsed=79622s  rate=1.1/s  eta=13199s  finite=76344
  [warn] sample 4 failed: 
  [85790/100000]  elapsed=79631s  rate=1.1/s  eta=13190s  finite=76351
  [85800/100000]  elapsed=79641s  rate=1.1/s  eta=13181s  finite=76360
  -> checkpoint saved: /scratch/e1498138/lhs/lhs_noise2_paris1_checkpoints/lhs_noise2_paris1_ckpt_085800.pkl
  [85810/100000]  elapsed=79651s  rate=1.1/s  eta=13171s  finite=76370
  [85820/100000]  elapsed=79661s  rate=1.1/s  eta=13162s  finite=76378
  [warn] sample 4 failed: 
  [85830/100000]  elapsed=79670s  rate=1.1/s  eta=13153s  finite=76387
  [85840/100000]  elapsed=79680s  rate=1.1/s  eta=13144s  finite=76396
  [85850/100000]  elapsed=79689s  rate=1.1/s  eta=13135s  finite=76406
  [85860/100000]  elapsed=79699s  rate=1.1/s  eta=13125s  finite=76416
  [warn] sample 6 failed: 
  [85870/100000]  elapsed=79708s  rate=1.1/s  eta=13116s  finite=76425
  [warn] sample 9 failed: 
  [85880/100000]  elapsed=79717s  rate=1.1/s  eta=13107s  finite=76433
  [warn] sample 3 failed: 
  [85890/100000]  elapsed=79726s  rate=1.1/s  eta=13097s  finite=76442
  [85900/100000]  elapsed=79736s  rate=1.1/s  eta=13088s  finite=76452
  -> checkpoint saved: /scratch/e1498138/lhs/lhs_noise2_paris1_checkpoints/lhs_noise2_paris1_ckpt_085900.pkl
  [warn] sample 2 failed: 
  [85910/100000]  elapsed=79745s  rate=1.1/s  eta=13079s  finite=76461
  [85920/100000]  elapsed=79755s  rate=1.1/s  eta=13070s  finite=76469
  [warn] sample 2 failed: 
  [85930/100000]  elapsed=79764s  rate=1.1/s  eta=13060s  finite=76478
  [warn] sample 0 failed: 
  [85940/100000]  elapsed=79773s  rate=1.1/s  eta=13051s  finite=76486
  [warn] sample 9 failed: 
  [85950/100000]  elapsed=79782s  rate=1.1/s  eta=13042s  finite=76495
  [85960/100000]  elapsed=79792s  rate=1.1/s  eta=13033s  finite=76505
  [85970/100000]  elapsed=79802s  rate=1.1/s  eta=13023s  finite=76515
  [85980/100000]  elapsed=79811s  rate=1.1/s  eta=13014s  finite=76524
  [85990/100000]  elapsed=79821s  rate=1.1/s  eta=13005s  finite=76533
  [86000/100000]  elapsed=79831s  rate=1.1/s  eta=12996s  finite=76543
  -> checkpoint saved: /scratch/e1498138/lhs/lhs_noise2_paris1_checkpoints/lhs_noise2_paris1_ckpt_086000.pkl
  [86010/100000]  elapsed=79841s  rate=1.1/s  eta=12987s  finite=76553
  [warn] sample 0 failed: 
  [warn] sample 5 failed: 
  [86020/100000]  elapsed=79849s  rate=1.1/s  eta=12977s  finite=76561
  [warn] sample 3 failed: 
  [86030/100000]  elapsed=79858s  rate=1.1/s  eta=12968s  finite=76570
  [86040/100000]  elapsed=79868s  rate=1.1/s  eta=12959s  finite=76579
  [warn] sample 7 failed: 
  [86050/100000]  elapsed=79877s  rate=1.1/s  eta=12949s  finite=76588
  [86060/100000]  elapsed=79887s  rate=1.1/s  eta=12940s  finite=76595
  [warn] sample 1 failed: 
  [86070/100000]  elapsed=79896s  rate=1.1/s  eta=12931s  finite=76604
  [86080/100000]  elapsed=79906s  rate=1.1/s  eta=12922s  finite=76613
  [86090/100000]  elapsed=79916s  rate=1.1/s  eta=12912s  finite=76622
  [warn] sample 8 failed: 
  [86100/100000]  elapsed=79925s  rate=1.1/s  eta=12903s  finite=76631
  -> checkpoint saved: /scratch/e1498138/lhs/lhs_noise2_paris1_checkpoints/lhs_noise2_paris1_ckpt_086100.pkl
  [86110/100000]  elapsed=79934s  rate=1.1/s  eta=12894s  finite=76639
  [warn] sample 2 failed: 
  [86120/100000]  elapsed=79944s  rate=1.1/s  eta=12885s  finite=76648
  [86130/100000]  elapsed=79953s  rate=1.1/s  eta=12875s  finite=76655
  [86140/100000]  elapsed=79963s  rate=1.1/s  eta=12866s  finite=76665
  [warn] sample 3 failed: 
  [86150/100000]  elapsed=79972s  rate=1.1/s  eta=12857s  finite=76673
  [86160/100000]  elapsed=79982s  rate=1.1/s  eta=12848s  finite=76682
  [86170/100000]  elapsed=79992s  rate=1.1/s  eta=12838s  finite=76690
  [86180/100000]  elapsed=80002s  rate=1.1/s  eta=12829s  finite=76700
  [warn] sample 6 failed: 
  [86190/100000]  elapsed=80011s  rate=1.1/s  eta=12820s  finite=76709
  [86200/100000]  elapsed=80021s  rate=1.1/s  eta=12811s  finite=76719
  -> checkpoint saved: /scratch/e1498138/lhs/lhs_noise2_paris1_checkpoints/lhs_noise2_paris1_ckpt_086200.pkl
  [86210/100000]  elapsed=80031s  rate=1.1/s  eta=12802s  finite=76728
  [warn] sample 5 failed: 
  [86220/100000]  elapsed=80040s  rate=1.1/s  eta=12792s  finite=76736
  [86230/100000]  elapsed=80049s  rate=1.1/s  eta=12783s  finite=76745
  [86240/100000]  elapsed=80059s  rate=1.1/s  eta=12774s  finite=76754
  [86250/100000]  elapsed=80069s  rate=1.1/s  eta=12765s  finite=76763
  [86260/100000]  elapsed=80079s  rate=1.1/s  eta=12755s  finite=76772
  [86270/100000]  elapsed=80089s  rate=1.1/s  eta=12746s  finite=76782
  [86280/100000]  elapsed=80099s  rate=1.1/s  eta=12737s  finite=76790
  [warn] sample 3 failed: 
  [warn] sample 5 failed: 
  [86290/100000]  elapsed=80107s  rate=1.1/s  eta=12728s  finite=76797
  [86300/100000]  elapsed=80117s  rate=1.1/s  eta=12718s  finite=76804
  -> checkpoint saved: /scratch/e1498138/lhs/lhs_noise2_paris1_checkpoints/lhs_noise2_paris1_ckpt_086300.pkl
  [86310/100000]  elapsed=80127s  rate=1.1/s  eta=12709s  finite=76814
  [warn] sample 4 failed: 
  [86320/100000]  elapsed=80136s  rate=1.1/s  eta=12700s  finite=76823
  [warn] sample 3 failed: 
  [86330/100000]  elapsed=80145s  rate=1.1/s  eta=12691s  finite=76832
  [warn] sample 3 failed: 
  [86340/100000]  elapsed=80154s  rate=1.1/s  eta=12681s  finite=76839
  [warn] sample 4 failed: 
  [86350/100000]  elapsed=80163s  rate=1.1/s  eta=12672s  finite=76847
  [warn] sample 6 failed: 
  [86360/100000]  elapsed=80172s  rate=1.1/s  eta=12663s  finite=76855
  [86370/100000]  elapsed=80181s  rate=1.1/s  eta=12653s  finite=76864
  [86380/100000]  elapsed=80191s  rate=1.1/s  eta=12644s  finite=76874
  [warn] sample 8 failed: 
  [86390/100000]  elapsed=80200s  rate=1.1/s  eta=12635s  finite=76883
  [86400/100000]  elapsed=80210s  rate=1.1/s  eta=12626s  finite=76893
  -> checkpoint saved: /scratch/e1498138/lhs/lhs_noise2_paris1_checkpoints/lhs_noise2_paris1_ckpt_086400.pkl
  [86410/100000]  elapsed=80220s  rate=1.1/s  eta=12616s  finite=76903
  [86420/100000]  elapsed=80230s  rate=1.1/s  eta=12607s  finite=76912
  [warn] sample 7 failed: 
  [86430/100000]  elapsed=80239s  rate=1.1/s  eta=12598s  finite=76920
  [86440/100000]  elapsed=80249s  rate=1.1/s  eta=12589s  finite=76930
  [86450/100000]  elapsed=80259s  rate=1.1/s  eta=12580s  finite=76937
  [86460/100000]  elapsed=80268s  rate=1.1/s  eta=12570s  finite=76946
  [86470/100000]  elapsed=80278s  rate=1.1/s  eta=12561s  finite=76955
  [86480/100000]  elapsed=80288s  rate=1.1/s  eta=12552s  finite=76965
  [warn] sample 5 failed: 
  [86490/100000]  elapsed=80297s  rate=1.1/s  eta=12543s  finite=76973
  [warn] sample 0 failed: 
  [86500/100000]  elapsed=80306s  rate=1.1/s  eta=12533s  finite=76982
  -> checkpoint saved: /scratch/e1498138/lhs/lhs_noise2_paris1_checkpoints/lhs_noise2_paris1_ckpt_086500.pkl
  [86510/100000]  elapsed=80316s  rate=1.1/s  eta=12524s  finite=76991
  [86520/100000]  elapsed=80325s  rate=1.1/s  eta=12515s  finite=77000
  [86530/100000]  elapsed=80335s  rate=1.1/s  eta=12506s  finite=77008
  [86540/100000]  elapsed=80345s  rate=1.1/s  eta=12496s  finite=77017
  [86550/100000]  elapsed=80355s  rate=1.1/s  eta=12487s  finite=77026
  [86560/100000]  elapsed=80365s  rate=1.1/s  eta=12478s  finite=77035
  [warn] sample 3 failed: 
  [86570/100000]  elapsed=80374s  rate=1.1/s  eta=12469s  finite=77042
  [86580/100000]  elapsed=80384s  rate=1.1/s  eta=12460s  finite=77050
  [warn] sample 5 failed: 
  [86590/100000]  elapsed=80392s  rate=1.1/s  eta=12450s  finite=77059
  [86600/100000]  elapsed=80402s  rate=1.1/s  eta=12441s  finite=77069
  -> checkpoint saved: /scratch/e1498138/lhs/lhs_noise2_paris1_checkpoints/lhs_noise2_paris1_ckpt_086600.pkl
  [86610/100000]  elapsed=80412s  rate=1.1/s  eta=12432s  finite=77079
  [86620/100000]  elapsed=80422s  rate=1.1/s  eta=12423s  finite=77089
  [warn] sample 2 failed: 
  [86630/100000]  elapsed=80431s  rate=1.1/s  eta=12413s  finite=77098
  [86640/100000]  elapsed=80441s  rate=1.1/s  eta=12404s  finite=77107
  [86650/100000]  elapsed=80450s  rate=1.1/s  eta=12395s  finite=77115
  [86660/100000]  elapsed=80460s  rate=1.1/s  eta=12386s  finite=77125
  [warn] sample 7 failed: 
  [86670/100000]  elapsed=80469s  rate=1.1/s  eta=12376s  finite=77133
  [warn] sample 5 failed: 
  [86680/100000]  elapsed=80478s  rate=1.1/s  eta=12367s  finite=77141
  [86690/100000]  elapsed=80488s  rate=1.1/s  eta=12358s  finite=77151
  [warn] sample 4 failed: 
  [86700/100000]  elapsed=80497s  rate=1.1/s  eta=12348s  finite=77160
  -> checkpoint saved: /scratch/e1498138/lhs/lhs_noise2_paris1_checkpoints/lhs_noise2_paris1_ckpt_086700.pkl
  [warn] sample 0 failed: 
  [86710/100000]  elapsed=80506s  rate=1.1/s  eta=12339s  finite=77168
  [86720/100000]  elapsed=80516s  rate=1.1/s  eta=12330s  finite=77177
  [86730/100000]  elapsed=80526s  rate=1.1/s  eta=12321s  finite=77187
  [86740/100000]  elapsed=80536s  rate=1.1/s  eta=12312s  finite=77196
  [warn] sample 7 failed: 
  [86750/100000]  elapsed=80545s  rate=1.1/s  eta=12302s  finite=77203
  [86760/100000]  elapsed=80555s  rate=1.1/s  eta=12293s  finite=77212
  [86770/100000]  elapsed=80565s  rate=1.1/s  eta=12284s  finite=77222
  [86780/100000]  elapsed=80575s  rate=1.1/s  eta=12275s  finite=77232
  [warn] sample 2 failed: 
  [86790/100000]  elapsed=80584s  rate=1.1/s  eta=12265s  finite=77240
  [86800/100000]  elapsed=80593s  rate=1.1/s  eta=12256s  finite=77248
  -> checkpoint saved: /scratch/e1498138/lhs/lhs_noise2_paris1_checkpoints/lhs_noise2_paris1_ckpt_086800.pkl
  [86810/100000]  elapsed=80603s  rate=1.1/s  eta=12247s  finite=77258
  [warn] sample 2 failed: 
  [warn] sample 7 failed: 
  [86820/100000]  elapsed=80611s  rate=1.1/s  eta=12237s  finite=77265
  [86830/100000]  elapsed=80621s  rate=1.1/s  eta=12228s  finite=77275
  [warn] sample 7 failed: 
  [86840/100000]  elapsed=80630s  rate=1.1/s  eta=12219s  finite=77283
  [86850/100000]  elapsed=80640s  rate=1.1/s  eta=12210s  finite=77293
  [86860/100000]  elapsed=80649s  rate=1.1/s  eta=12200s  finite=77301
  [86870/100000]  elapsed=80659s  rate=1.1/s  eta=12191s  finite=77311
  [warn] sample 8 failed: 
  [86880/100000]  elapsed=80668s  rate=1.1/s  eta=12182s  finite=77319
  [warn] sample 1 failed: 
  [86890/100000]  elapsed=80677s  rate=1.1/s  eta=12173s  finite=77326
  [86900/100000]  elapsed=80687s  rate=1.1/s  eta=12163s  finite=77335
  -> checkpoint saved: /scratch/e1498138/lhs/lhs_noise2_paris1_checkpoints/lhs_noise2_paris1_ckpt_086900.pkl
  [86910/100000]  elapsed=80697s  rate=1.1/s  eta=12154s  finite=77345
  [86920/100000]  elapsed=80706s  rate=1.1/s  eta=12145s  finite=77354
  [warn] sample 3 failed: 
  [86930/100000]  elapsed=80715s  rate=1.1/s  eta=12136s  finite=77362
  [86940/100000]  elapsed=80725s  rate=1.1/s  eta=12126s  finite=77371
  [warn] sample 3 failed: 
  [86950/100000]  elapsed=80734s  rate=1.1/s  eta=12117s  finite=77380
  [warn] sample 0 failed: 
  [86960/100000]  elapsed=80743s  rate=1.1/s  eta=12108s  finite=77388
  [86970/100000]  elapsed=80753s  rate=1.1/s  eta=12099s  finite=77397
  [86980/100000]  elapsed=80763s  rate=1.1/s  eta=12089s  finite=77407
  [86990/100000]  elapsed=80772s  rate=1.1/s  eta=12080s  finite=77416
  [87000/100000]  elapsed=80782s  rate=1.1/s  eta=12071s  finite=77426
  -> checkpoint saved: /scratch/e1498138/lhs/lhs_noise2_paris1_checkpoints/lhs_noise2_paris1_ckpt_087000.pkl
  [87010/100000]  elapsed=80792s  rate=1.1/s  eta=12062s  finite=77435
  [87020/100000]  elapsed=80802s  rate=1.1/s  eta=12052s  finite=77445
  [87030/100000]  elapsed=80811s  rate=1.1/s  eta=12043s  finite=77455
  [87040/100000]  elapsed=80821s  rate=1.1/s  eta=12034s  finite=77465
  [warn] sample 2 failed: 
  [87050/100000]  elapsed=80830s  rate=1.1/s  eta=12025s  finite=77473
  [87060/100000]  elapsed=80840s  rate=1.1/s  eta=12015s  finite=77481
  [87070/100000]  elapsed=80850s  rate=1.1/s  eta=12006s  finite=77490
  [87080/100000]  elapsed=80860s  rate=1.1/s  eta=11997s  finite=77499
  [87090/100000]  elapsed=80870s  rate=1.1/s  eta=11988s  finite=77508
  [warn] sample 3 failed: 
  [87100/100000]  elapsed=80879s  rate=1.1/s  eta=11979s  finite=77516
  -> checkpoint saved: /scratch/e1498138/lhs/lhs_noise2_paris1_checkpoints/lhs_noise2_paris1_ckpt_087100.pkl
  [warn] sample 9 failed: 
  [87110/100000]  elapsed=80888s  rate=1.1/s  eta=11969s  finite=77524
  [warn] sample 0 failed: 
  [87120/100000]  elapsed=80897s  rate=1.1/s  eta=11960s  finite=77532
  [87130/100000]  elapsed=80906s  rate=1.1/s  eta=11951s  finite=77542
  [87140/100000]  elapsed=80916s  rate=1.1/s  eta=11942s  finite=77552
  [warn] sample 6 failed: 
  [87150/100000]  elapsed=80925s  rate=1.1/s  eta=11932s  finite=77561
  [warn] sample 5 failed: 
  [87160/100000]  elapsed=80934s  rate=1.1/s  eta=11923s  finite=77567
  [87170/100000]  elapsed=80944s  rate=1.1/s  eta=11914s  finite=77575
  [87180/100000]  elapsed=80954s  rate=1.1/s  eta=11904s  finite=77584
  [warn] sample 1 failed: 
  [87190/100000]  elapsed=80963s  rate=1.1/s  eta=11895s  finite=77592
  [87200/100000]  elapsed=80973s  rate=1.1/s  eta=11886s  finite=77602
  -> checkpoint saved: /scratch/e1498138/lhs/lhs_noise2_paris1_checkpoints/lhs_noise2_paris1_ckpt_087200.pkl
  [87210/100000]  elapsed=80983s  rate=1.1/s  eta=11877s  finite=77612
  [87220/100000]  elapsed=80992s  rate=1.1/s  eta=11868s  finite=77620
  [warn] sample 5 failed: 
  [87230/100000]  elapsed=81001s  rate=1.1/s  eta=11858s  finite=77629
  [warn] sample 2 failed: 
  [87240/100000]  elapsed=81010s  rate=1.1/s  eta=11849s  finite=77637
  [87250/100000]  elapsed=81020s  rate=1.1/s  eta=11840s  finite=77645
  [87260/100000]  elapsed=81030s  rate=1.1/s  eta=11830s  finite=77654
  [87270/100000]  elapsed=81040s  rate=1.1/s  eta=11821s  finite=77664
  [87280/100000]  elapsed=81050s  rate=1.1/s  eta=11812s  finite=77674
  [87290/100000]  elapsed=81059s  rate=1.1/s  eta=11803s  finite=77684
  [87300/100000]  elapsed=81069s  rate=1.1/s  eta=11794s  finite=77694
  -> checkpoint saved: /scratch/e1498138/lhs/lhs_noise2_paris1_checkpoints/lhs_noise2_paris1_ckpt_087300.pkl
  [warn] sample 9 failed: 
  [87310/100000]  elapsed=81078s  rate=1.1/s  eta=11784s  finite=77702
  [87320/100000]  elapsed=81088s  rate=1.1/s  eta=11775s  finite=77712
  [87330/100000]  elapsed=81098s  rate=1.1/s  eta=11766s  finite=77722
  [87340/100000]  elapsed=81107s  rate=1.1/s  eta=11757s  finite=77731
  [87350/100000]  elapsed=81117s  rate=1.1/s  eta=11747s  finite=77739
  [87360/100000]  elapsed=81127s  rate=1.1/s  eta=11738s  finite=77748
  [87370/100000]  elapsed=81137s  rate=1.1/s  eta=11729s  finite=77758
  [87380/100000]  elapsed=81147s  rate=1.1/s  eta=11720s  finite=77767
  [87390/100000]  elapsed=81156s  rate=1.1/s  eta=11710s  finite=77775
  [warn] sample 3 failed: 
  [warn] sample 9 failed: 
  [87400/100000]  elapsed=81164s  rate=1.1/s  eta=11701s  finite=77782
  -> checkpoint saved: /scratch/e1498138/lhs/lhs_noise2_paris1_checkpoints/lhs_noise2_paris1_ckpt_087400.pkl
  [87410/100000]  elapsed=81173s  rate=1.1/s  eta=11692s  finite=77792
  [87420/100000]  elapsed=81183s  rate=1.1/s  eta=11682s  finite=77801
  [87430/100000]  elapsed=81193s  rate=1.1/s  eta=11673s  finite=77809
  [warn] sample 2 failed: 
  [87440/100000]  elapsed=81202s  rate=1.1/s  eta=11664s  finite=77817
  [87450/100000]  elapsed=81212s  rate=1.1/s  eta=11655s  finite=77826
  [87460/100000]  elapsed=81222s  rate=1.1/s  eta=11646s  finite=77835
  [87470/100000]  elapsed=81231s  rate=1.1/s  eta=11636s  finite=77845
  [87480/100000]  elapsed=81241s  rate=1.1/s  eta=11627s  finite=77853
  [87490/100000]  elapsed=81251s  rate=1.1/s  eta=11618s  finite=77862
  [87500/100000]  elapsed=81261s  rate=1.1/s  eta=11609s  finite=77872
  -> checkpoint saved: /scratch/e1498138/lhs/lhs_noise2_paris1_checkpoints/lhs_noise2_paris1_ckpt_087500.pkl
  [87510/100000]  elapsed=81271s  rate=1.1/s  eta=11600s  finite=77880
  [warn] sample 7 failed: 
  [87520/100000]  elapsed=81280s  rate=1.1/s  eta=11590s  finite=77887
  [warn] sample 2 failed: 
  [87530/100000]  elapsed=81289s  rate=1.1/s  eta=11581s  finite=77895
  [87540/100000]  elapsed=81299s  rate=1.1/s  eta=11572s  finite=77905
  [87550/100000]  elapsed=81309s  rate=1.1/s  eta=11562s  finite=77914
  [87560/100000]  elapsed=81319s  rate=1.1/s  eta=11553s  finite=77922
  [warn] sample 4 failed: 
  [87570/100000]  elapsed=81328s  rate=1.1/s  eta=11544s  finite=77931
  [87580/100000]  elapsed=81337s  rate=1.1/s  eta=11535s  finite=77940
  [87590/100000]  elapsed=81347s  rate=1.1/s  eta=11526s  finite=77950
  [87600/100000]  elapsed=81357s  rate=1.1/s  eta=11516s  finite=77958
  -> checkpoint saved: /scratch/e1498138/lhs/lhs_noise2_paris1_checkpoints/lhs_noise2_paris1_ckpt_087600.pkl
  [87610/100000]  elapsed=81367s  rate=1.1/s  eta=11507s  finite=77968
  [87620/100000]  elapsed=81376s  rate=1.1/s  eta=11498s  finite=77977
  [87630/100000]  elapsed=81386s  rate=1.1/s  eta=11489s  finite=77986
  [warn] sample 8 failed: 
  [87640/100000]  elapsed=81395s  rate=1.1/s  eta=11479s  finite=77994
  [87650/100000]  elapsed=81405s  rate=1.1/s  eta=11470s  finite=78004
  [warn] sample 2 failed: 
  [87660/100000]  elapsed=81414s  rate=1.1/s  eta=11461s  finite=78012
  [87670/100000]  elapsed=81423s  rate=1.1/s  eta=11451s  finite=78021
  [warn] sample 7 failed: 
  [87680/100000]  elapsed=81432s  rate=1.1/s  eta=11442s  finite=78029
  [warn] sample 2 failed: 
  [87690/100000]  elapsed=81441s  rate=1.1/s  eta=11433s  finite=78038
  [87700/100000]  elapsed=81451s  rate=1.1/s  eta=11424s  finite=78046
  -> checkpoint saved: /scratch/e1498138/lhs/lhs_noise2_paris1_checkpoints/lhs_noise2_paris1_ckpt_087700.pkl
  [87710/100000]  elapsed=81461s  rate=1.1/s  eta=11414s  finite=78056
  [warn] sample 0 failed: 
  [87720/100000]  elapsed=81470s  rate=1.1/s  eta=11405s  finite=78064
  [87730/100000]  elapsed=81480s  rate=1.1/s  eta=11396s  finite=78074
  [warn] sample 1 failed: 
  [warn] sample 7 failed: 
  [87740/100000]  elapsed=81487s  rate=1.1/s  eta=11386s  finite=78081
  [87750/100000]  elapsed=81497s  rate=1.1/s  eta=11377s  finite=78090
  [87760/100000]  elapsed=81506s  rate=1.1/s  eta=11368s  finite=78100
  [87770/100000]  elapsed=81516s  rate=1.1/s  eta=11359s  finite=78109
  [warn] sample 2 failed: 
  [warn] sample 6 failed: 
  [87780/100000]  elapsed=81523s  rate=1.1/s  eta=11349s  finite=78116
  [87790/100000]  elapsed=81533s  rate=1.1/s  eta=11340s  finite=78124
  [warn] sample 3 failed: 
  [87800/100000]  elapsed=81542s  rate=1.1/s  eta=11330s  finite=78133
  -> checkpoint saved: /scratch/e1498138/lhs/lhs_noise2_paris1_checkpoints/lhs_noise2_paris1_ckpt_087800.pkl
  [87810/100000]  elapsed=81552s  rate=1.1/s  eta=11321s  finite=78143
  [87820/100000]  elapsed=81562s  rate=1.1/s  eta=11312s  finite=78153
  [warn] sample 9 failed: 
  [87830/100000]  elapsed=81571s  rate=1.1/s  eta=11303s  finite=78162
  [87840/100000]  elapsed=81580s  rate=1.1/s  eta=11293s  finite=78171
  [87850/100000]  elapsed=81590s  rate=1.1/s  eta=11284s  finite=78181
  [87860/100000]  elapsed=81600s  rate=1.1/s  eta=11275s  finite=78191
  [87870/100000]  elapsed=81610s  rate=1.1/s  eta=11266s  finite=78200
  [87880/100000]  elapsed=81620s  rate=1.1/s  eta=11257s  finite=78210
  [warn] sample 7 failed: 
  [87890/100000]  elapsed=81629s  rate=1.1/s  eta=11247s  finite=78217
  [87900/100000]  elapsed=81639s  rate=1.1/s  eta=11238s  finite=78226
  -> checkpoint saved: /scratch/e1498138/lhs/lhs_noise2_paris1_checkpoints/lhs_noise2_paris1_ckpt_087900.pkl
  [87910/100000]  elapsed=81649s  rate=1.1/s  eta=11229s  finite=78235
  [87920/100000]  elapsed=81659s  rate=1.1/s  eta=11220s  finite=78244
  [warn] sample 2 failed: 
  [87930/100000]  elapsed=81668s  rate=1.1/s  eta=11210s  finite=78251
  [87940/100000]  elapsed=81677s  rate=1.1/s  eta=11201s  finite=78259
  [87950/100000]  elapsed=81687s  rate=1.1/s  eta=11192s  finite=78269
  [87960/100000]  elapsed=81697s  rate=1.1/s  eta=11183s  finite=78277
  [87970/100000]  elapsed=81707s  rate=1.1/s  eta=11174s  finite=78287
  [87980/100000]  elapsed=81717s  rate=1.1/s  eta=11164s  finite=78297
  [87990/100000]  elapsed=81727s  rate=1.1/s  eta=11155s  finite=78306
  [88000/100000]  elapsed=81736s  rate=1.1/s  eta=11146s  finite=78316
  -> checkpoint saved: /scratch/e1498138/lhs/lhs_noise2_paris1_checkpoints/lhs_noise2_paris1_ckpt_088000.pkl
  [88010/100000]  elapsed=81746s  rate=1.1/s  eta=11137s  finite=78325
  [warn] sample 3 failed: 
  [88020/100000]  elapsed=81755s  rate=1.1/s  eta=11127s  finite=78334
  [warn] sample 0 failed: 
  [88030/100000]  elapsed=81764s  rate=1.1/s  eta=11118s  finite=78342
  [warn] sample 9 failed: 
  [88040/100000]  elapsed=81773s  rate=1.1/s  eta=11109s  finite=78351
  [88050/100000]  elapsed=81783s  rate=1.1/s  eta=11099s  finite=78361
  [88060/100000]  elapsed=81793s  rate=1.1/s  eta=11090s  finite=78371
  [88070/100000]  elapsed=81802s  rate=1.1/s  eta=11081s  finite=78380
  [88080/100000]  elapsed=81812s  rate=1.1/s  eta=11072s  finite=78389
  [88090/100000]  elapsed=81822s  rate=1.1/s  eta=11063s  finite=78397
  [88100/100000]  elapsed=81832s  rate=1.1/s  eta=11053s  finite=78405
  -> checkpoint saved: /scratch/e1498138/lhs/lhs_noise2_paris1_checkpoints/lhs_noise2_paris1_ckpt_088100.pkl
  [88110/100000]  elapsed=81842s  rate=1.1/s  eta=11044s  finite=78414
  [88120/100000]  elapsed=81851s  rate=1.1/s  eta=11035s  finite=78424
  [warn] sample 1 failed: 
  [88130/100000]  elapsed=81860s  rate=1.1/s  eta=11026s  finite=78432
  [88140/100000]  elapsed=81870s  rate=1.1/s  eta=11016s  finite=78442
  [88150/100000]  elapsed=81880s  rate=1.1/s  eta=11007s  finite=78452
  [88160/100000]  elapsed=81890s  rate=1.1/s  eta=10998s  finite=78461
  [88170/100000]  elapsed=81900s  rate=1.1/s  eta=10989s  finite=78469
  [88180/100000]  elapsed=81910s  rate=1.1/s  eta=10979s  finite=78478
  [88190/100000]  elapsed=81920s  rate=1.1/s  eta=10970s  finite=78488
  [88200/100000]  elapsed=81930s  rate=1.1/s  eta=10961s  finite=78498
  -> checkpoint saved: /scratch/e1498138/lhs/lhs_noise2_paris1_checkpoints/lhs_noise2_paris1_ckpt_088200.pkl
  [warn] sample 6 failed: 
  [88210/100000]  elapsed=81939s  rate=1.1/s  eta=10952s  finite=78506
  [88220/100000]  elapsed=81948s  rate=1.1/s  eta=10943s  finite=78515
  [warn] sample 1 failed: 
  [warn] sample 4 failed: 
  [88230/100000]  elapsed=81956s  rate=1.1/s  eta=10933s  finite=78523
  [88240/100000]  elapsed=81966s  rate=1.1/s  eta=10924s  finite=78532
  [88250/100000]  elapsed=81976s  rate=1.1/s  eta=10915s  finite=78541
  [88260/100000]  elapsed=81986s  rate=1.1/s  eta=10905s  finite=78548
  [88270/100000]  elapsed=81996s  rate=1.1/s  eta=10896s  finite=78557
  [warn] sample 5 failed: 
  [88280/100000]  elapsed=82005s  rate=1.1/s  eta=10887s  finite=78565
  [88290/100000]  elapsed=82014s  rate=1.1/s  eta=10878s  finite=78575
  [88300/100000]  elapsed=82024s  rate=1.1/s  eta=10868s  finite=78584
  -> checkpoint saved: /scratch/e1498138/lhs/lhs_noise2_paris1_checkpoints/lhs_noise2_paris1_ckpt_088300.pkl
  [88310/100000]  elapsed=82033s  rate=1.1/s  eta=10859s  finite=78593
  [warn] sample 9 failed: 
  [88320/100000]  elapsed=82042s  rate=1.1/s  eta=10850s  finite=78601
  [88330/100000]  elapsed=82052s  rate=1.1/s  eta=10841s  finite=78611
  [warn] sample 3 failed: 
  [warn] sample 5 failed: 
  [88340/100000]  elapsed=82060s  rate=1.1/s  eta=10831s  finite=78618
  [warn] sample 4 failed: 
  [88350/100000]  elapsed=82069s  rate=1.1/s  eta=10822s  finite=78627
  [88360/100000]  elapsed=82079s  rate=1.1/s  eta=10813s  finite=78636
  [warn] sample 0 failed: 
  [88370/100000]  elapsed=82088s  rate=1.1/s  eta=10803s  finite=78645
  [88380/100000]  elapsed=82098s  rate=1.1/s  eta=10794s  finite=78654
  [88390/100000]  elapsed=82108s  rate=1.1/s  eta=10785s  finite=78663
  [88400/100000]  elapsed=82117s  rate=1.1/s  eta=10776s  finite=78673
  -> checkpoint saved: /scratch/e1498138/lhs/lhs_noise2_paris1_checkpoints/lhs_noise2_paris1_ckpt_088400.pkl
  [88410/100000]  elapsed=82127s  rate=1.1/s  eta=10766s  finite=78683
  [88420/100000]  elapsed=82137s  rate=1.1/s  eta=10757s  finite=78692
  [88430/100000]  elapsed=82147s  rate=1.1/s  eta=10748s  finite=78701
  [warn] sample 6 failed: 
  [88440/100000]  elapsed=82156s  rate=1.1/s  eta=10739s  finite=78708
  [88450/100000]  elapsed=82166s  rate=1.1/s  eta=10729s  finite=78717
  [88460/100000]  elapsed=82176s  rate=1.1/s  eta=10720s  finite=78724
  [88470/100000]  elapsed=82185s  rate=1.1/s  eta=10711s  finite=78734
  [88480/100000]  elapsed=82195s  rate=1.1/s  eta=10702s  finite=78742
  [warn] sample 8 failed: 
  [88490/100000]  elapsed=82204s  rate=1.1/s  eta=10692s  finite=78750
  [88500/100000]  elapsed=82214s  rate=1.1/s  eta=10683s  finite=78760
  -> checkpoint saved: /scratch/e1498138/lhs/lhs_noise2_paris1_checkpoints/lhs_noise2_paris1_ckpt_088500.pkl
  [88510/100000]  elapsed=82224s  rate=1.1/s  eta=10674s  finite=78767
  [88520/100000]  elapsed=82234s  rate=1.1/s  eta=10665s  finite=78776
  [warn] sample 1 failed: 
  [88530/100000]  elapsed=82242s  rate=1.1/s  eta=10655s  finite=78784
  [88540/100000]  elapsed=82252s  rate=1.1/s  eta=10646s  finite=78793
  [warn] sample 4 failed: 
  [88550/100000]  elapsed=82261s  rate=1.1/s  eta=10637s  finite=78801
  [warn] sample 6 failed: 
  [88560/100000]  elapsed=82270s  rate=1.1/s  eta=10627s  finite=78810
  [88570/100000]  elapsed=82280s  rate=1.1/s  eta=10618s  finite=78820
  [88580/100000]  elapsed=82290s  rate=1.1/s  eta=10609s  finite=78830
  [warn] sample 2 failed: 
  [88590/100000]  elapsed=82299s  rate=1.1/s  eta=10600s  finite=78839
  [warn] sample 2 failed: 
  [88600/100000]  elapsed=82308s  rate=1.1/s  eta=10590s  finite=78846
  -> checkpoint saved: /scratch/e1498138/lhs/lhs_noise2_paris1_checkpoints/lhs_noise2_paris1_ckpt_088600.pkl
  [88610/100000]  elapsed=82318s  rate=1.1/s  eta=10581s  finite=78855
  [88620/100000]  elapsed=82327s  rate=1.1/s  eta=10572s  finite=78864
  [88630/100000]  elapsed=82337s  rate=1.1/s  eta=10563s  finite=78874
  [88640/100000]  elapsed=82347s  rate=1.1/s  eta=10553s  finite=78883
  [88650/100000]  elapsed=82357s  rate=1.1/s  eta=10544s  finite=78893
  [88660/100000]  elapsed=82366s  rate=1.1/s  eta=10535s  finite=78902
  [warn] sample 2 failed: 
  [88670/100000]  elapsed=82375s  rate=1.1/s  eta=10526s  finite=78909
  [warn] sample 0 failed: 
  [warn] sample 5 failed: 
  [88680/100000]  elapsed=82383s  rate=1.1/s  eta=10516s  finite=78917
  [88690/100000]  elapsed=82393s  rate=1.1/s  eta=10507s  finite=78926
  [88700/100000]  elapsed=82402s  rate=1.1/s  eta=10498s  finite=78935
  -> checkpoint saved: /scratch/e1498138/lhs/lhs_noise2_paris1_checkpoints/lhs_noise2_paris1_ckpt_088700.pkl
  [88710/100000]  elapsed=82412s  rate=1.1/s  eta=10489s  finite=78943
  [88720/100000]  elapsed=82422s  rate=1.1/s  eta=10479s  finite=78953
  [88730/100000]  elapsed=82432s  rate=1.1/s  eta=10470s  finite=78961
  [warn] sample 2 failed: 
  [88740/100000]  elapsed=82441s  rate=1.1/s  eta=10461s  finite=78970
  [warn] sample 6 failed: 
  [88750/100000]  elapsed=82449s  rate=1.1/s  eta=10451s  finite=78979
  [88760/100000]  elapsed=82459s  rate=1.1/s  eta=10442s  finite=78989
  [88770/100000]  elapsed=82468s  rate=1.1/s  eta=10433s  finite=78998
  [warn] sample 7 failed: 
  [88780/100000]  elapsed=82477s  rate=1.1/s  eta=10423s  finite=79007
  [88790/100000]  elapsed=82487s  rate=1.1/s  eta=10414s  finite=79017
  [88800/100000]  elapsed=82497s  rate=1.1/s  eta=10405s  finite=79026
  -> checkpoint saved: /scratch/e1498138/lhs/lhs_noise2_paris1_checkpoints/lhs_noise2_paris1_ckpt_088800.pkl
  [88810/100000]  elapsed=82506s  rate=1.1/s  eta=10396s  finite=79035
  [88820/100000]  elapsed=82516s  rate=1.1/s  eta=10387s  finite=79044
  [warn] sample 7 failed: 
  [warn] sample 8 failed: 
  [88830/100000]  elapsed=82524s  rate=1.1/s  eta=10377s  finite=79052
  [warn] sample 8 failed: 
  [warn] sample 9 failed: 
  [88840/100000]  elapsed=82532s  rate=1.1/s  eta=10368s  finite=79060
  [88850/100000]  elapsed=82542s  rate=1.1/s  eta=10358s  finite=79070
  [88860/100000]  elapsed=82552s  rate=1.1/s  eta=10349s  finite=79079
  [88870/100000]  elapsed=82562s  rate=1.1/s  eta=10340s  finite=79089
  [88880/100000]  elapsed=82572s  rate=1.1/s  eta=10331s  finite=79098
  [88890/100000]  elapsed=82582s  rate=1.1/s  eta=10322s  finite=79107
  [88900/100000]  elapsed=82592s  rate=1.1/s  eta=10312s  finite=79116
  -> checkpoint saved: /scratch/e1498138/lhs/lhs_noise2_paris1_checkpoints/lhs_noise2_paris1_ckpt_088900.pkl
  [88910/100000]  elapsed=82602s  rate=1.1/s  eta=10303s  finite=79123
  [warn] sample 7 failed: 
  [88920/100000]  elapsed=82610s  rate=1.1/s  eta=10294s  finite=79130
  [88930/100000]  elapsed=82620s  rate=1.1/s  eta=10285s  finite=79138
  [88940/100000]  elapsed=82630s  rate=1.1/s  eta=10275s  finite=79148
  [warn] sample 1 failed: 
  [88950/100000]  elapsed=82639s  rate=1.1/s  eta=10266s  finite=79157
  [warn] sample 2 failed: 
  [88960/100000]  elapsed=82648s  rate=1.1/s  eta=10257s  finite=79166
  [warn] sample 9 failed: 
  [88970/100000]  elapsed=82657s  rate=1.1/s  eta=10247s  finite=79171
  [88980/100000]  elapsed=82667s  rate=1.1/s  eta=10238s  finite=79181
  [warn] sample 0 failed: 
  [88990/100000]  elapsed=82676s  rate=1.1/s  eta=10229s  finite=79188
  [warn] sample 0 failed: 
  [warn] sample 8 failed: 
  [89000/100000]  elapsed=82684s  rate=1.1/s  eta=10219s  finite=79196
  -> checkpoint saved: /scratch/e1498138/lhs/lhs_noise2_paris1_checkpoints/lhs_noise2_paris1_ckpt_089000.pkl
  [warn] sample 6 failed: 
  [89010/100000]  elapsed=82693s  rate=1.1/s  eta=10210s  finite=79204
  [warn] sample 5 failed: 
  [89020/100000]  elapsed=82702s  rate=1.1/s  eta=10201s  finite=79211
  [89030/100000]  elapsed=82712s  rate=1.1/s  eta=10192s  finite=79219
  [89040/100000]  elapsed=82722s  rate=1.1/s  eta=10182s  finite=79227
  [89050/100000]  elapsed=82731s  rate=1.1/s  eta=10173s  finite=79237
  [warn] sample 1 failed: 
  [89060/100000]  elapsed=82741s  rate=1.1/s  eta=10164s  finite=79246
  [89070/100000]  elapsed=82750s  rate=1.1/s  eta=10155s  finite=79255
  [warn] sample 0 failed: 
  [89080/100000]  elapsed=82759s  rate=1.1/s  eta=10145s  finite=79264
  [89090/100000]  elapsed=82769s  rate=1.1/s  eta=10136s  finite=79274
  [89100/100000]  elapsed=82779s  rate=1.1/s  eta=10127s  finite=79284
  -> checkpoint saved: /scratch/e1498138/lhs/lhs_noise2_paris1_checkpoints/lhs_noise2_paris1_ckpt_089100.pkl
  [89110/100000]  elapsed=82789s  rate=1.1/s  eta=10117s  finite=79293
  [89120/100000]  elapsed=82799s  rate=1.1/s  eta=10108s  finite=79302
  [89130/100000]  elapsed=82808s  rate=1.1/s  eta=10099s  finite=79311
  [89140/100000]  elapsed=82818s  rate=1.1/s  eta=10090s  finite=79321
  [89150/100000]  elapsed=82827s  rate=1.1/s  eta=10080s  finite=79331
  [warn] sample 3 failed: 
  [89160/100000]  elapsed=82836s  rate=1.1/s  eta=10071s  finite=79339
  [warn] sample 2 failed: 
  [89170/100000]  elapsed=82844s  rate=1.1/s  eta=10062s  finite=79348
  [warn] sample 5 failed: 
  [89180/100000]  elapsed=82852s  rate=1.1/s  eta=10052s  finite=79356
  [89190/100000]  elapsed=82862s  rate=1.1/s  eta=10043s  finite=79365
  [warn] sample 2 failed: 
  [warn] sample 8 failed: 
  [89200/100000]  elapsed=82870s  rate=1.1/s  eta=10034s  finite=79371
  -> checkpoint saved: /scratch/e1498138/lhs/lhs_noise2_paris1_checkpoints/lhs_noise2_paris1_ckpt_089200.pkl
  [warn] sample 9 failed: 
  [89210/100000]  elapsed=82879s  rate=1.1/s  eta=10024s  finite=79378
  [89220/100000]  elapsed=82889s  rate=1.1/s  eta=10015s  finite=79387
  [warn] sample 2 failed: 
  [warn] sample 5 failed: 
  [89230/100000]  elapsed=82897s  rate=1.1/s  eta=10006s  finite=79395
  [89240/100000]  elapsed=82907s  rate=1.1/s  eta=9996s  finite=79404
  [warn] sample 7 failed: 
  [89250/100000]  elapsed=82916s  rate=1.1/s  eta=9987s  finite=79413
  [warn] sample 3 failed: 
  [89260/100000]  elapsed=82925s  rate=1.1/s  eta=9978s  finite=79422
  [warn] sample 7 failed: 
  [89270/100000]  elapsed=82934s  rate=1.1/s  eta=9968s  finite=79431
  [warn] sample 8 failed: 
  [89280/100000]  elapsed=82943s  rate=1.1/s  eta=9959s  finite=79440
  [89290/100000]  elapsed=82953s  rate=1.1/s  eta=9950s  finite=79449
  [warn] sample 0 failed: 
  [89300/100000]  elapsed=82962s  rate=1.1/s  eta=9941s  finite=79458
  -> checkpoint saved: /scratch/e1498138/lhs/lhs_noise2_paris1_checkpoints/lhs_noise2_paris1_ckpt_089300.pkl
  [89310/100000]  elapsed=82972s  rate=1.1/s  eta=9931s  finite=79468
  [89320/100000]  elapsed=82982s  rate=1.1/s  eta=9922s  finite=79476
  [89330/100000]  elapsed=82992s  rate=1.1/s  eta=9913s  finite=79486
  [89340/100000]  elapsed=83002s  rate=1.1/s  eta=9904s  finite=79495
  [89350/100000]  elapsed=83012s  rate=1.1/s  eta=9895s  finite=79505
  [89360/100000]  elapsed=83021s  rate=1.1/s  eta=9885s  finite=79514
  [89370/100000]  elapsed=83031s  rate=1.1/s  eta=9876s  finite=79524
  [89380/100000]  elapsed=83041s  rate=1.1/s  eta=9867s  finite=79533
  [89390/100000]  elapsed=83051s  rate=1.1/s  eta=9858s  finite=79543
  [89400/100000]  elapsed=83061s  rate=1.1/s  eta=9848s  finite=79553
  -> checkpoint saved: /scratch/e1498138/lhs/lhs_noise2_paris1_checkpoints/lhs_noise2_paris1_ckpt_089400.pkl
  [89410/100000]  elapsed=83071s  rate=1.1/s  eta=9839s  finite=79561
  [89420/100000]  elapsed=83081s  rate=1.1/s  eta=9830s  finite=79571
  [89430/100000]  elapsed=83090s  rate=1.1/s  eta=9821s  finite=79581
  [89440/100000]  elapsed=83100s  rate=1.1/s  eta=9811s  finite=79591
  [warn] sample 0 failed: 
  [89450/100000]  elapsed=83109s  rate=1.1/s  eta=9802s  finite=79599
  [89460/100000]  elapsed=83119s  rate=1.1/s  eta=9793s  finite=79608
  [89470/100000]  elapsed=83129s  rate=1.1/s  eta=9784s  finite=79617
  [89480/100000]  elapsed=83139s  rate=1.1/s  eta=9774s  finite=79627
  [warn] sample 6 failed: 
  [89490/100000]  elapsed=83148s  rate=1.1/s  eta=9765s  finite=79636
  [89500/100000]  elapsed=83158s  rate=1.1/s  eta=9756s  finite=79645
  -> checkpoint saved: /scratch/e1498138/lhs/lhs_noise2_paris1_checkpoints/lhs_noise2_paris1_ckpt_089500.pkl
  [warn] sample 1 failed: 
  [warn] sample 3 failed: 
  [89510/100000]  elapsed=83166s  rate=1.1/s  eta=9746s  finite=79652
  [warn] sample 9 failed: 
  [89520/100000]  elapsed=83175s  rate=1.1/s  eta=9737s  finite=79661
  [warn] sample 3 failed: 
  [89530/100000]  elapsed=83184s  rate=1.1/s  eta=9728s  finite=79670
  [89540/100000]  elapsed=83194s  rate=1.1/s  eta=9719s  finite=79680
  [warn] sample 0 failed: 
  [89550/100000]  elapsed=83203s  rate=1.1/s  eta=9709s  finite=79689
  [89560/100000]  elapsed=83213s  rate=1.1/s  eta=9700s  finite=79698
  [89570/100000]  elapsed=83223s  rate=1.1/s  eta=9691s  finite=79707
  [89580/100000]  elapsed=83232s  rate=1.1/s  eta=9682s  finite=79716
  [89590/100000]  elapsed=83242s  rate=1.1/s  eta=9672s  finite=79725
  [89600/100000]  elapsed=83252s  rate=1.1/s  eta=9663s  finite=79734
  -> checkpoint saved: /scratch/e1498138/lhs/lhs_noise2_paris1_checkpoints/lhs_noise2_paris1_ckpt_089600.pkl
  [89610/100000]  elapsed=83262s  rate=1.1/s  eta=9654s  finite=79742
  [89620/100000]  elapsed=83272s  rate=1.1/s  eta=9645s  finite=79752
  [warn] sample 8 failed: 
  [89630/100000]  elapsed=83281s  rate=1.1/s  eta=9635s  finite=79760
  [warn] sample 1 failed: 
  [89640/100000]  elapsed=83290s  rate=1.1/s  eta=9626s  finite=79768
  [89650/100000]  elapsed=83300s  rate=1.1/s  eta=9617s  finite=79778
  [warn] sample 4 failed: 
  [warn] sample 7 failed: 
  [89660/100000]  elapsed=83308s  rate=1.1/s  eta=9607s  finite=79786
  [warn] sample 9 failed: 
  [89670/100000]  elapsed=83317s  rate=1.1/s  eta=9598s  finite=79795
  [warn] sample 6 failed: 
  [89680/100000]  elapsed=83326s  rate=1.1/s  eta=9589s  finite=79803
  [warn] sample 8 failed: 
  [89690/100000]  elapsed=83335s  rate=1.1/s  eta=9579s  finite=79812
  [warn] sample 8 failed: 
  [89700/100000]  elapsed=83344s  rate=1.1/s  eta=9570s  finite=79821
  -> checkpoint saved: /scratch/e1498138/lhs/lhs_noise2_paris1_checkpoints/lhs_noise2_paris1_ckpt_089700.pkl
  [89710/100000]  elapsed=83354s  rate=1.1/s  eta=9561s  finite=79831
  [warn] sample 6 failed: 
  [89720/100000]  elapsed=83363s  rate=1.1/s  eta=9552s  finite=79840
  [89730/100000]  elapsed=83372s  rate=1.1/s  eta=9542s  finite=79849
  [89740/100000]  elapsed=83382s  rate=1.1/s  eta=9533s  finite=79858
  [89750/100000]  elapsed=83392s  rate=1.1/s  eta=9524s  finite=79867
  [89760/100000]  elapsed=83401s  rate=1.1/s  eta=9515s  finite=79876
  [89770/100000]  elapsed=83410s  rate=1.1/s  eta=9505s  finite=79885
  [89780/100000]  elapsed=83420s  rate=1.1/s  eta=9496s  finite=79895
  [warn] sample 1 failed: 
  [89790/100000]  elapsed=83429s  rate=1.1/s  eta=9487s  finite=79904
  [warn] sample 0 failed: 
  [warn] sample 1 failed: 
  [89800/100000]  elapsed=83437s  rate=1.1/s  eta=9477s  finite=79912
  -> checkpoint saved: /scratch/e1498138/lhs/lhs_noise2_paris1_checkpoints/lhs_noise2_paris1_ckpt_089800.pkl
  [89810/100000]  elapsed=83447s  rate=1.1/s  eta=9468s  finite=79922
  [89820/100000]  elapsed=83457s  rate=1.1/s  eta=9459s  finite=79932
  [89830/100000]  elapsed=83467s  rate=1.1/s  eta=9450s  finite=79941
  [89840/100000]  elapsed=83476s  rate=1.1/s  eta=9440s  finite=79949
  [89850/100000]  elapsed=83486s  rate=1.1/s  eta=9431s  finite=79958
  [89860/100000]  elapsed=83496s  rate=1.1/s  eta=9422s  finite=79966
  [89870/100000]  elapsed=83506s  rate=1.1/s  eta=9413s  finite=79974
  [warn] sample 8 failed: 
  [89880/100000]  elapsed=83515s  rate=1.1/s  eta=9403s  finite=79983
  [warn] sample 1 failed: 
  [89890/100000]  elapsed=83524s  rate=1.1/s  eta=9394s  finite=79990
  [warn] sample 4 failed: 
  [89900/100000]  elapsed=83533s  rate=1.1/s  eta=9385s  finite=79999
  -> checkpoint saved: /scratch/e1498138/lhs/lhs_noise2_paris1_checkpoints/lhs_noise2_paris1_ckpt_089900.pkl
  [89910/100000]  elapsed=83543s  rate=1.1/s  eta=9375s  finite=80009
  [warn] sample 2 failed: 
  [89920/100000]  elapsed=83552s  rate=1.1/s  eta=9366s  finite=80018
  [89930/100000]  elapsed=83561s  rate=1.1/s  eta=9357s  finite=80027
  [89940/100000]  elapsed=83571s  rate=1.1/s  eta=9348s  finite=80036
  [89950/100000]  elapsed=83582s  rate=1.1/s  eta=9338s  finite=80046
  [89960/100000]  elapsed=83591s  rate=1.1/s  eta=9329s  finite=80056
  [89970/100000]  elapsed=83601s  rate=1.1/s  eta=9320s  finite=80065
  [89980/100000]  elapsed=83611s  rate=1.1/s  eta=9311s  finite=80074
  [89990/100000]  elapsed=83621s  rate=1.1/s  eta=9302s  finite=80083
  [warn] sample 1 failed: 
  [90000/100000]  elapsed=83630s  rate=1.1/s  eta=9292s  finite=80091
  -> checkpoint saved: /scratch/e1498138/lhs/lhs_noise2_paris1_checkpoints/lhs_noise2_paris1_ckpt_090000.pkl
  [90010/100000]  elapsed=83640s  rate=1.1/s  eta=9283s  finite=80101
  [warn] sample 3 failed: 
  [90020/100000]  elapsed=83649s  rate=1.1/s  eta=9274s  finite=80108
  [90030/100000]  elapsed=83659s  rate=1.1/s  eta=9264s  finite=80118
  [warn] sample 0 failed: 
  [warn] sample 7 failed: 
  [90040/100000]  elapsed=83667s  rate=1.1/s  eta=9255s  finite=80125
  [90050/100000]  elapsed=83677s  rate=1.1/s  eta=9246s  finite=80134
  [90060/100000]  elapsed=83687s  rate=1.1/s  eta=9237s  finite=80142
  [warn] sample 4 failed: 
  [90070/100000]  elapsed=83696s  rate=1.1/s  eta=9227s  finite=80150
  [90080/100000]  elapsed=83706s  rate=1.1/s  eta=9218s  finite=80159
  [90090/100000]  elapsed=83715s  rate=1.1/s  eta=9209s  finite=80168
  [90100/100000]  elapsed=83725s  rate=1.1/s  eta=9200s  finite=80177
  -> checkpoint saved: /scratch/e1498138/lhs/lhs_noise2_paris1_checkpoints/lhs_noise2_paris1_ckpt_090100.pkl
  [warn] sample 0 failed: 
  [90110/100000]  elapsed=83734s  rate=1.1/s  eta=9190s  finite=80185
  [90120/100000]  elapsed=83744s  rate=1.1/s  eta=9181s  finite=80194
  [90130/100000]  elapsed=83754s  rate=1.1/s  eta=9172s  finite=80203
  [warn] sample 4 failed: 
  [90140/100000]  elapsed=83763s  rate=1.1/s  eta=9162s  finite=80212
  [90150/100000]  elapsed=83773s  rate=1.1/s  eta=9153s  finite=80221
  [90160/100000]  elapsed=83782s  rate=1.1/s  eta=9144s  finite=80231
  [90170/100000]  elapsed=83792s  rate=1.1/s  eta=9135s  finite=80241
  [90180/100000]  elapsed=83802s  rate=1.1/s  eta=9125s  finite=80251
  [warn] sample 1 failed: 
  [warn] sample 5 failed: 
  [warn] sample 7 failed: 
  [90190/100000]  elapsed=83810s  rate=1.1/s  eta=9116s  finite=80258
  [90200/100000]  elapsed=83819s  rate=1.1/s  eta=9107s  finite=80267
  -> checkpoint saved: /scratch/e1498138/lhs/lhs_noise2_paris1_checkpoints/lhs_noise2_paris1_ckpt_090200.pkl
  [90210/100000]  elapsed=83829s  rate=1.1/s  eta=9098s  finite=80276
  [90220/100000]  elapsed=83839s  rate=1.1/s  eta=9088s  finite=80286
  [90230/100000]  elapsed=83849s  rate=1.1/s  eta=9079s  finite=80296
  [90240/100000]  elapsed=83859s  rate=1.1/s  eta=9070s  finite=80306
  [90250/100000]  elapsed=83868s  rate=1.1/s  eta=9061s  finite=80315
  [90260/100000]  elapsed=83878s  rate=1.1/s  eta=9051s  finite=80324
  [90270/100000]  elapsed=83888s  rate=1.1/s  eta=9042s  finite=80333
  [90280/100000]  elapsed=83898s  rate=1.1/s  eta=9033s  finite=80341
  [90290/100000]  elapsed=83908s  rate=1.1/s  eta=9024s  finite=80348
  [warn] sample 0 failed: 
  [90300/100000]  elapsed=83917s  rate=1.1/s  eta=9014s  finite=80356
  -> checkpoint saved: /scratch/e1498138/lhs/lhs_noise2_paris1_checkpoints/lhs_noise2_paris1_ckpt_090300.pkl
  [warn] sample 7 failed: 
  [90310/100000]  elapsed=83926s  rate=1.1/s  eta=9005s  finite=80364
  [warn] sample 9 failed: 
  [90320/100000]  elapsed=83935s  rate=1.1/s  eta=8996s  finite=80372
  [warn] sample 8 failed: 
  [90330/100000]  elapsed=83944s  rate=1.1/s  eta=8986s  finite=80379
  [90340/100000]  elapsed=83954s  rate=1.1/s  eta=8977s  finite=80388
  [90350/100000]  elapsed=83964s  rate=1.1/s  eta=8968s  finite=80397
  [warn] sample 2 failed: 
  [warn] sample 3 failed: 
  [90360/100000]  elapsed=83972s  rate=1.1/s  eta=8958s  finite=80404
  [90370/100000]  elapsed=83982s  rate=1.1/s  eta=8949s  finite=80413
  [90380/100000]  elapsed=83991s  rate=1.1/s  eta=8940s  finite=80423
  [warn] sample 1 failed: 
  [warn] sample 8 failed: 
  [90390/100000]  elapsed=83999s  rate=1.1/s  eta=8931s  finite=80431
  [90400/100000]  elapsed=84009s  rate=1.1/s  eta=8921s  finite=80441
  -> checkpoint saved: /scratch/e1498138/lhs/lhs_noise2_paris1_checkpoints/lhs_noise2_paris1_ckpt_090400.pkl
  [90410/100000]  elapsed=84019s  rate=1.1/s  eta=8912s  finite=80450
  [90420/100000]  elapsed=84029s  rate=1.1/s  eta=8903s  finite=80460
  [warn] sample 7 failed: 
  [90430/100000]  elapsed=84038s  rate=1.1/s  eta=8894s  finite=80469
  [90440/100000]  elapsed=84048s  rate=1.1/s  eta=8884s  finite=80479
  [warn] sample 4 failed: 
  [90450/100000]  elapsed=84057s  rate=1.1/s  eta=8875s  finite=80487
  [90460/100000]  elapsed=84067s  rate=1.1/s  eta=8866s  finite=80495
  [90470/100000]  elapsed=84076s  rate=1.1/s  eta=8857s  finite=80505
  [90480/100000]  elapsed=84086s  rate=1.1/s  eta=8847s  finite=80515
  [90490/100000]  elapsed=84096s  rate=1.1/s  eta=8838s  finite=80523
  [warn] sample 3 failed: 
  [warn] sample 8 failed: 
  [90500/100000]  elapsed=84105s  rate=1.1/s  eta=8829s  finite=80531
  -> checkpoint saved: /scratch/e1498138/lhs/lhs_noise2_paris1_checkpoints/lhs_noise2_paris1_ckpt_090500.pkl
  [90510/100000]  elapsed=84114s  rate=1.1/s  eta=8819s  finite=80539
  [warn] sample 0 failed: 
  [90520/100000]  elapsed=84123s  rate=1.1/s  eta=8810s  finite=80548
  [warn] sample 6 failed: 
  [90530/100000]  elapsed=84132s  rate=1.1/s  eta=8801s  finite=80556
  [warn] sample 9 failed: 
  [90540/100000]  elapsed=84141s  rate=1.1/s  eta=8791s  finite=80565
  [90550/100000]  elapsed=84151s  rate=1.1/s  eta=8782s  finite=80575
  [90560/100000]  elapsed=84161s  rate=1.1/s  eta=8773s  finite=80584
  [90570/100000]  elapsed=84171s  rate=1.1/s  eta=8764s  finite=80594
  [90580/100000]  elapsed=84180s  rate=1.1/s  eta=8754s  finite=80604
  [warn] sample 4 failed: 
  [90590/100000]  elapsed=84189s  rate=1.1/s  eta=8745s  finite=80612
  [90600/100000]  elapsed=84199s  rate=1.1/s  eta=8736s  finite=80622
  -> checkpoint saved: /scratch/e1498138/lhs/lhs_noise2_paris1_checkpoints/lhs_noise2_paris1_ckpt_090600.pkl
  [warn] sample 7 failed: 
  [warn] sample 8 failed: 
  [90610/100000]  elapsed=84207s  rate=1.1/s  eta=8726s  finite=80630
  [warn] sample 4 failed: 
  [90620/100000]  elapsed=84216s  rate=1.1/s  eta=8717s  finite=80639
  [90630/100000]  elapsed=84226s  rate=1.1/s  eta=8708s  finite=80648
  [warn] sample 1 failed: 
  [90640/100000]  elapsed=84235s  rate=1.1/s  eta=8699s  finite=80655
  [90650/100000]  elapsed=84245s  rate=1.1/s  eta=8689s  finite=80663
  [90660/100000]  elapsed=84255s  rate=1.1/s  eta=8680s  finite=80672
  [warn] sample 7 failed: 
  [90670/100000]  elapsed=84264s  rate=1.1/s  eta=8671s  finite=80681
  [90680/100000]  elapsed=84273s  rate=1.1/s  eta=8662s  finite=80690
  [90690/100000]  elapsed=84283s  rate=1.1/s  eta=8652s  finite=80698
  [90700/100000]  elapsed=84293s  rate=1.1/s  eta=8643s  finite=80707
  -> checkpoint saved: /scratch/e1498138/lhs/lhs_noise2_paris1_checkpoints/lhs_noise2_paris1_ckpt_090700.pkl
  [warn] sample 1 failed: 
  [90710/100000]  elapsed=84302s  rate=1.1/s  eta=8634s  finite=80714
  [warn] sample 0 failed: 
  [warn] sample 8 failed: 
  [90720/100000]  elapsed=84310s  rate=1.1/s  eta=8624s  finite=80722
  [90730/100000]  elapsed=84320s  rate=1.1/s  eta=8615s  finite=80732
  [warn] sample 9 failed: 
  [90740/100000]  elapsed=84329s  rate=1.1/s  eta=8606s  finite=80741
  [90750/100000]  elapsed=84339s  rate=1.1/s  eta=8597s  finite=80751
  [warn] sample 1 failed: 
  [90760/100000]  elapsed=84348s  rate=1.1/s  eta=8587s  finite=80757
  [90770/100000]  elapsed=84358s  rate=1.1/s  eta=8578s  finite=80767
  [90780/100000]  elapsed=84367s  rate=1.1/s  eta=8569s  finite=80775
  [90790/100000]  elapsed=84377s  rate=1.1/s  eta=8559s  finite=80785
  [warn] sample 8 failed: 
  [90800/100000]  elapsed=84386s  rate=1.1/s  eta=8550s  finite=80792
  -> checkpoint saved: /scratch/e1498138/lhs/lhs_noise2_paris1_checkpoints/lhs_noise2_paris1_ckpt_090800.pkl
  [90810/100000]  elapsed=84396s  rate=1.1/s  eta=8541s  finite=80802
  [warn] sample 8 failed: 
  [90820/100000]  elapsed=84405s  rate=1.1/s  eta=8532s  finite=80810
  [warn] sample 1 failed: 
  [warn] sample 4 failed: 
  [warn] sample 6 failed: 
  [90830/100000]  elapsed=84412s  rate=1.1/s  eta=8522s  finite=80817
  [warn] sample 3 failed: 
  [90840/100000]  elapsed=84421s  rate=1.1/s  eta=8513s  finite=80826
  [90850/100000]  elapsed=84431s  rate=1.1/s  eta=8504s  finite=80836
  [90860/100000]  elapsed=84441s  rate=1.1/s  eta=8494s  finite=80845
  [90870/100000]  elapsed=84451s  rate=1.1/s  eta=8485s  finite=80855
  [warn] sample 7 failed: 
  [90880/100000]  elapsed=84460s  rate=1.1/s  eta=8476s  finite=80863
  [warn] sample 3 failed: 
  [90890/100000]  elapsed=84468s  rate=1.1/s  eta=8466s  finite=80872
  [90900/100000]  elapsed=84478s  rate=1.1/s  eta=8457s  finite=80881
  -> checkpoint saved: /scratch/e1498138/lhs/lhs_noise2_paris1_checkpoints/lhs_noise2_paris1_ckpt_090900.pkl
  [warn] sample 9 failed: 
  [90910/100000]  elapsed=84487s  rate=1.1/s  eta=8448s  finite=80888
  [90920/100000]  elapsed=84497s  rate=1.1/s  eta=8439s  finite=80898
  [90930/100000]  elapsed=84507s  rate=1.1/s  eta=8429s  finite=80906
  [90940/100000]  elapsed=84516s  rate=1.1/s  eta=8420s  finite=80916
  [90950/100000]  elapsed=84526s  rate=1.1/s  eta=8411s  finite=80926
  [warn] sample 7 failed: 
  [90960/100000]  elapsed=84535s  rate=1.1/s  eta=8401s  finite=80935
  [90970/100000]  elapsed=84545s  rate=1.1/s  eta=8392s  finite=80944
  [90980/100000]  elapsed=84555s  rate=1.1/s  eta=8383s  finite=80954
  [warn] sample 5 failed: 
  [warn] sample 8 failed: 
  [90990/100000]  elapsed=84563s  rate=1.1/s  eta=8374s  finite=80961
  [91000/100000]  elapsed=84573s  rate=1.1/s  eta=8364s  finite=80971
  -> checkpoint saved: /scratch/e1498138/lhs/lhs_noise2_paris1_checkpoints/lhs_noise2_paris1_ckpt_091000.pkl
  [warn] sample 9 failed: 
  [91010/100000]  elapsed=84582s  rate=1.1/s  eta=8355s  finite=80980
  [91020/100000]  elapsed=84592s  rate=1.1/s  eta=8346s  finite=80989
  [91030/100000]  elapsed=84602s  rate=1.1/s  eta=8337s  finite=80998
  [91040/100000]  elapsed=84611s  rate=1.1/s  eta=8327s  finite=81007
  [91050/100000]  elapsed=84621s  rate=1.1/s  eta=8318s  finite=81016
  [91060/100000]  elapsed=84631s  rate=1.1/s  eta=8309s  finite=81024
  [warn] sample 2 failed: 
  [91070/100000]  elapsed=84640s  rate=1.1/s  eta=8299s  finite=81032
  [warn] sample 0 failed: 
  [91080/100000]  elapsed=84649s  rate=1.1/s  eta=8290s  finite=81040
  [warn] sample 6 failed: 
  [91090/100000]  elapsed=84658s  rate=1.1/s  eta=8281s  finite=81047
  [warn] sample 5 failed: 
  [91100/100000]  elapsed=84667s  rate=1.1/s  eta=8271s  finite=81056
  -> checkpoint saved: /scratch/e1498138/lhs/lhs_noise2_paris1_checkpoints/lhs_noise2_paris1_ckpt_091100.pkl
  [91110/100000]  elapsed=84677s  rate=1.1/s  eta=8262s  finite=81066
  [warn] sample 8 failed: 
  [91120/100000]  elapsed=84686s  rate=1.1/s  eta=8253s  finite=81075
  [91130/100000]  elapsed=84696s  rate=1.1/s  eta=8244s  finite=81084
  [91140/100000]  elapsed=84706s  rate=1.1/s  eta=8234s  finite=81094
  [91150/100000]  elapsed=84715s  rate=1.1/s  eta=8225s  finite=81103
  [91160/100000]  elapsed=84725s  rate=1.1/s  eta=8216s  finite=81111
  [91170/100000]  elapsed=84735s  rate=1.1/s  eta=8207s  finite=81121
  [warn] sample 0 failed: 
  [91180/100000]  elapsed=84744s  rate=1.1/s  eta=8197s  finite=81130
  [warn] sample 4 failed: 
  [91190/100000]  elapsed=84753s  rate=1.1/s  eta=8188s  finite=81139
  [91200/100000]  elapsed=84763s  rate=1.1/s  eta=8179s  finite=81149
  -> checkpoint saved: /scratch/e1498138/lhs/lhs_noise2_paris1_checkpoints/lhs_noise2_paris1_ckpt_091200.pkl
  [91210/100000]  elapsed=84772s  rate=1.1/s  eta=8170s  finite=81158
  [91220/100000]  elapsed=84782s  rate=1.1/s  eta=8160s  finite=81167
  [warn] sample 3 failed: 
  [91230/100000]  elapsed=84791s  rate=1.1/s  eta=8151s  finite=81176
  [91240/100000]  elapsed=84801s  rate=1.1/s  eta=8142s  finite=81185
  [91250/100000]  elapsed=84811s  rate=1.1/s  eta=8133s  finite=81195
  [91260/100000]  elapsed=84821s  rate=1.1/s  eta=8123s  finite=81204
  [91270/100000]  elapsed=84831s  rate=1.1/s  eta=8114s  finite=81213
  [warn] sample 0 failed: 
  [91280/100000]  elapsed=84840s  rate=1.1/s  eta=8105s  finite=81221
  [91290/100000]  elapsed=84849s  rate=1.1/s  eta=8095s  finite=81230
  [91300/100000]  elapsed=84859s  rate=1.1/s  eta=8086s  finite=81239
  -> checkpoint saved: /scratch/e1498138/lhs/lhs_noise2_paris1_checkpoints/lhs_noise2_paris1_ckpt_091300.pkl
  [91310/100000]  elapsed=84869s  rate=1.1/s  eta=8077s  finite=81249
  [91320/100000]  elapsed=84879s  rate=1.1/s  eta=8068s  finite=81258
  [warn] sample 4 failed: 
  [91330/100000]  elapsed=84888s  rate=1.1/s  eta=8058s  finite=81266
  [91340/100000]  elapsed=84898s  rate=1.1/s  eta=8049s  finite=81276
  [91350/100000]  elapsed=84907s  rate=1.1/s  eta=8040s  finite=81286
  [91360/100000]  elapsed=84917s  rate=1.1/s  eta=8031s  finite=81295
  [91370/100000]  elapsed=84927s  rate=1.1/s  eta=8021s  finite=81304
  [91380/100000]  elapsed=84937s  rate=1.1/s  eta=8012s  finite=81312
  [91390/100000]  elapsed=84947s  rate=1.1/s  eta=8003s  finite=81321
  [91400/100000]  elapsed=84957s  rate=1.1/s  eta=7994s  finite=81330
  -> checkpoint saved: /scratch/e1498138/lhs/lhs_noise2_paris1_checkpoints/lhs_noise2_paris1_ckpt_091400.pkl
  [91410/100000]  elapsed=84967s  rate=1.1/s  eta=7984s  finite=81340
  [warn] sample 0 failed: 
  [91420/100000]  elapsed=84975s  rate=1.1/s  eta=7975s  finite=81349
  [warn] sample 3 failed: 
  [91430/100000]  elapsed=84984s  rate=1.1/s  eta=7966s  finite=81355
  [91440/100000]  elapsed=84994s  rate=1.1/s  eta=7957s  finite=81364
  [91450/100000]  elapsed=85004s  rate=1.1/s  eta=7947s  finite=81372
  [91460/100000]  elapsed=85014s  rate=1.1/s  eta=7938s  finite=81382
  [warn] sample 8 failed: 
  [91470/100000]  elapsed=85023s  rate=1.1/s  eta=7929s  finite=81391
  [91480/100000]  elapsed=85032s  rate=1.1/s  eta=7920s  finite=81400
  [91490/100000]  elapsed=85042s  rate=1.1/s  eta=7910s  finite=81408
  [91500/100000]  elapsed=85052s  rate=1.1/s  eta=7901s  finite=81417
  -> checkpoint saved: /scratch/e1498138/lhs/lhs_noise2_paris1_checkpoints/lhs_noise2_paris1_ckpt_091500.pkl
  [91510/100000]  elapsed=85061s  rate=1.1/s  eta=7892s  finite=81427
  [91520/100000]  elapsed=85071s  rate=1.1/s  eta=7882s  finite=81435
  [91530/100000]  elapsed=85080s  rate=1.1/s  eta=7873s  finite=81444
  [91540/100000]  elapsed=85090s  rate=1.1/s  eta=7864s  finite=81454
  [91550/100000]  elapsed=85099s  rate=1.1/s  eta=7855s  finite=81463
  [91560/100000]  elapsed=85109s  rate=1.1/s  eta=7845s  finite=81473
  [91570/100000]  elapsed=85118s  rate=1.1/s  eta=7836s  finite=81482
  [91580/100000]  elapsed=85127s  rate=1.1/s  eta=7827s  finite=81490
  [warn] sample 6 failed: 
  [91590/100000]  elapsed=85137s  rate=1.1/s  eta=7817s  finite=81499
  [91600/100000]  elapsed=85146s  rate=1.1/s  eta=7808s  finite=81507
  -> checkpoint saved: /scratch/e1498138/lhs/lhs_noise2_paris1_checkpoints/lhs_noise2_paris1_ckpt_091600.pkl
  [91610/100000]  elapsed=85156s  rate=1.1/s  eta=7799s  finite=81514
  [91620/100000]  elapsed=85165s  rate=1.1/s  eta=7790s  finite=81524
  [warn] sample 3 failed: 
  [91630/100000]  elapsed=85174s  rate=1.1/s  eta=7780s  finite=81533
  [warn] sample 2 failed: 
  [91640/100000]  elapsed=85182s  rate=1.1/s  eta=7771s  finite=81541
  [91650/100000]  elapsed=85192s  rate=1.1/s  eta=7762s  finite=81551
  [91660/100000]  elapsed=85202s  rate=1.1/s  eta=7752s  finite=81560
  [warn] sample 5 failed: 
  [91670/100000]  elapsed=85211s  rate=1.1/s  eta=7743s  finite=81568
  [warn] sample 6 failed: 
  [91680/100000]  elapsed=85219s  rate=1.1/s  eta=7734s  finite=81577
  [91690/100000]  elapsed=85229s  rate=1.1/s  eta=7724s  finite=81586
  [warn] sample 2 failed: 
  [warn] sample 4 failed: 
  [warn] sample 5 failed: 
  [91700/100000]  elapsed=85236s  rate=1.1/s  eta=7715s  finite=81592
  -> checkpoint saved: /scratch/e1498138/lhs/lhs_noise2_paris1_checkpoints/lhs_noise2_paris1_ckpt_091700.pkl
  [91710/100000]  elapsed=85245s  rate=1.1/s  eta=7706s  finite=81602
  [warn] sample 6 failed: 
  [91720/100000]  elapsed=85254s  rate=1.1/s  eta=7696s  finite=81610
  [91730/100000]  elapsed=85264s  rate=1.1/s  eta=7687s  finite=81620
  [warn] sample 2 failed: 
  [91740/100000]  elapsed=85272s  rate=1.1/s  eta=7678s  finite=81629
  [91750/100000]  elapsed=85282s  rate=1.1/s  eta=7668s  finite=81635
  [91760/100000]  elapsed=85292s  rate=1.1/s  eta=7659s  finite=81642
  [91770/100000]  elapsed=85301s  rate=1.1/s  eta=7650s  finite=81650
  [warn] sample 7 failed: 
  [91780/100000]  elapsed=85310s  rate=1.1/s  eta=7641s  finite=81658
  [91790/100000]  elapsed=85320s  rate=1.1/s  eta=7631s  finite=81666
  [91800/100000]  elapsed=85329s  rate=1.1/s  eta=7622s  finite=81674
  -> checkpoint saved: /scratch/e1498138/lhs/lhs_noise2_paris1_checkpoints/lhs_noise2_paris1_ckpt_091800.pkl
  [warn] sample 4 failed: 
  [91810/100000]  elapsed=85338s  rate=1.1/s  eta=7613s  finite=81682
  [91820/100000]  elapsed=85347s  rate=1.1/s  eta=7603s  finite=81692
  [warn] sample 6 failed: 
  [91830/100000]  elapsed=85356s  rate=1.1/s  eta=7594s  finite=81700
  [91840/100000]  elapsed=85365s  rate=1.1/s  eta=7585s  finite=81710
  [warn] sample 1 failed: 
  [91850/100000]  elapsed=85374s  rate=1.1/s  eta=7575s  finite=81716
  [91860/100000]  elapsed=85383s  rate=1.1/s  eta=7566s  finite=81726
  [91870/100000]  elapsed=85393s  rate=1.1/s  eta=7557s  finite=81736
  [91880/100000]  elapsed=85403s  rate=1.1/s  eta=7548s  finite=81745
  [warn] sample 9 failed: 
  [91890/100000]  elapsed=85412s  rate=1.1/s  eta=7538s  finite=81752
  [91900/100000]  elapsed=85421s  rate=1.1/s  eta=7529s  finite=81762
  -> checkpoint saved: /scratch/e1498138/lhs/lhs_noise2_paris1_checkpoints/lhs_noise2_paris1_ckpt_091900.pkl
  [91910/100000]  elapsed=85431s  rate=1.1/s  eta=7520s  finite=81770
  [91920/100000]  elapsed=85440s  rate=1.1/s  eta=7510s  finite=81780
  [warn] sample 7 failed: 
  [91930/100000]  elapsed=85449s  rate=1.1/s  eta=7501s  finite=81787
  [91940/100000]  elapsed=85458s  rate=1.1/s  eta=7492s  finite=81797
  [91950/100000]  elapsed=85468s  rate=1.1/s  eta=7483s  finite=81806
  [91960/100000]  elapsed=85477s  rate=1.1/s  eta=7473s  finite=81815
  [91970/100000]  elapsed=85487s  rate=1.1/s  eta=7464s  finite=81824
  [warn] sample 5 failed: 
  [warn] sample 8 failed: 
  [91980/100000]  elapsed=85495s  rate=1.1/s  eta=7455s  finite=81832
  [91990/100000]  elapsed=85504s  rate=1.1/s  eta=7445s  finite=81842
  [92000/100000]  elapsed=85514s  rate=1.1/s  eta=7436s  finite=81852
  -> checkpoint saved: /scratch/e1498138/lhs/lhs_noise2_paris1_checkpoints/lhs_noise2_paris1_ckpt_092000.pkl
  [92010/100000]  elapsed=85523s  rate=1.1/s  eta=7427s  finite=81860
  [warn] sample 8 failed: 
  [92020/100000]  elapsed=85532s  rate=1.1/s  eta=7417s  finite=81868
  [92030/100000]  elapsed=85542s  rate=1.1/s  eta=7408s  finite=81878
  [92040/100000]  elapsed=85551s  rate=1.1/s  eta=7399s  finite=81888
  [92050/100000]  elapsed=85561s  rate=1.1/s  eta=7390s  finite=81898
  [warn] sample 4 failed: 
  [92060/100000]  elapsed=85570s  rate=1.1/s  eta=7380s  finite=81905
  [92070/100000]  elapsed=85579s  rate=1.1/s  eta=7371s  finite=81912
  [92080/100000]  elapsed=85589s  rate=1.1/s  eta=7362s  finite=81920
  [92090/100000]  elapsed=85598s  rate=1.1/s  eta=7352s  finite=81930
  [92100/100000]  elapsed=85608s  rate=1.1/s  eta=7343s  finite=81939
  -> checkpoint saved: /scratch/e1498138/lhs/lhs_noise2_paris1_checkpoints/lhs_noise2_paris1_ckpt_092100.pkl
  [92110/100000]  elapsed=85618s  rate=1.1/s  eta=7334s  finite=81948
  [92120/100000]  elapsed=85628s  rate=1.1/s  eta=7325s  finite=81958
  [92130/100000]  elapsed=85637s  rate=1.1/s  eta=7315s  finite=81968
  [92140/100000]  elapsed=85647s  rate=1.1/s  eta=7306s  finite=81978
  [92150/100000]  elapsed=85656s  rate=1.1/s  eta=7297s  finite=81988
  [92160/100000]  elapsed=85666s  rate=1.1/s  eta=7288s  finite=81997
  [warn] sample 4 failed: 
  [92170/100000]  elapsed=85675s  rate=1.1/s  eta=7278s  finite=82006
  [92180/100000]  elapsed=85684s  rate=1.1/s  eta=7269s  finite=82016
  [warn] sample 3 failed: 
  [warn] sample 7 failed: 
  [warn] sample 9 failed: 
  [92190/100000]  elapsed=85691s  rate=1.1/s  eta=7259s  finite=82023
  [92200/100000]  elapsed=85701s  rate=1.1/s  eta=7250s  finite=82033
  -> checkpoint saved: /scratch/e1498138/lhs/lhs_noise2_paris1_checkpoints/lhs_noise2_paris1_ckpt_092200.pkl
  [92210/100000]  elapsed=85710s  rate=1.1/s  eta=7241s  finite=82041
  [92220/100000]  elapsed=85720s  rate=1.1/s  eta=7232s  finite=82051
  [warn] sample 0 failed: 
  [92230/100000]  elapsed=85729s  rate=1.1/s  eta=7222s  finite=82060
  [warn] sample 1 failed: 
  [92240/100000]  elapsed=85738s  rate=1.1/s  eta=7213s  finite=82068
  [92250/100000]  elapsed=85748s  rate=1.1/s  eta=7204s  finite=82077
  [warn] sample 0 failed: 
  [92260/100000]  elapsed=85756s  rate=1.1/s  eta=7194s  finite=82085
  [warn] sample 0 failed: 
  [warn] sample 4 failed: 
  [92270/100000]  elapsed=85765s  rate=1.1/s  eta=7185s  finite=82093
  [92280/100000]  elapsed=85774s  rate=1.1/s  eta=7176s  finite=82102
  [92290/100000]  elapsed=85784s  rate=1.1/s  eta=7166s  finite=82112
  [warn] sample 4 failed: 
  [92300/100000]  elapsed=85793s  rate=1.1/s  eta=7157s  finite=82121
  -> checkpoint saved: /scratch/e1498138/lhs/lhs_noise2_paris1_checkpoints/lhs_noise2_paris1_ckpt_092300.pkl
  [warn] sample 3 failed: 
  [92310/100000]  elapsed=85802s  rate=1.1/s  eta=7148s  finite=82129
  [warn] sample 0 failed: 
  [92320/100000]  elapsed=85811s  rate=1.1/s  eta=7139s  finite=82137
  [92330/100000]  elapsed=85821s  rate=1.1/s  eta=7129s  finite=82146
  [warn] sample 0 failed: 
  [92340/100000]  elapsed=85830s  rate=1.1/s  eta=7120s  finite=82154
  [92350/100000]  elapsed=85840s  rate=1.1/s  eta=7111s  finite=82164
  [92360/100000]  elapsed=85849s  rate=1.1/s  eta=7101s  finite=82173
  [92370/100000]  elapsed=85859s  rate=1.1/s  eta=7092s  finite=82183
  [92380/100000]  elapsed=85869s  rate=1.1/s  eta=7083s  finite=82192
  [92390/100000]  elapsed=85879s  rate=1.1/s  eta=7074s  finite=82201
  [92400/100000]  elapsed=85889s  rate=1.1/s  eta=7064s  finite=82210
  -> checkpoint saved: /scratch/e1498138/lhs/lhs_noise2_paris1_checkpoints/lhs_noise2_paris1_ckpt_092400.pkl
  [warn] sample 1 failed: 
  [warn] sample 5 failed: 
  [92410/100000]  elapsed=85897s  rate=1.1/s  eta=7055s  finite=82218
  [92420/100000]  elapsed=85907s  rate=1.1/s  eta=7046s  finite=82226
  [92430/100000]  elapsed=85917s  rate=1.1/s  eta=7037s  finite=82236
  [92440/100000]  elapsed=85926s  rate=1.1/s  eta=7027s  finite=82245
  [92450/100000]  elapsed=85936s  rate=1.1/s  eta=7018s  finite=82254
  [92460/100000]  elapsed=85946s  rate=1.1/s  eta=7009s  finite=82261
  [92470/100000]  elapsed=85956s  rate=1.1/s  eta=7000s  finite=82268
  [warn] sample 4 failed: 
  [92480/100000]  elapsed=85964s  rate=1.1/s  eta=6990s  finite=82275
  [warn] sample 0 failed: 
  [warn] sample 6 failed: 
  [92490/100000]  elapsed=85972s  rate=1.1/s  eta=6981s  finite=82283
  [92500/100000]  elapsed=85982s  rate=1.1/s  eta=6972s  finite=82293
  -> checkpoint saved: /scratch/e1498138/lhs/lhs_noise2_paris1_checkpoints/lhs_noise2_paris1_ckpt_092500.pkl
  [92510/100000]  elapsed=85992s  rate=1.1/s  eta=6962s  finite=82303
  [92520/100000]  elapsed=86001s  rate=1.1/s  eta=6953s  finite=82313
  [92530/100000]  elapsed=86011s  rate=1.1/s  eta=6944s  finite=82322
  [92540/100000]  elapsed=86021s  rate=1.1/s  eta=6934s  finite=82331
  [warn] sample 2 failed: 
  [warn] sample 8 failed: 
  [92550/100000]  elapsed=86028s  rate=1.1/s  eta=6925s  finite=82339
  [92560/100000]  elapsed=86038s  rate=1.1/s  eta=6916s  finite=82349
  [92570/100000]  elapsed=86048s  rate=1.1/s  eta=6907s  finite=82358
  [92580/100000]  elapsed=86057s  rate=1.1/s  eta=6897s  finite=82365
  [92590/100000]  elapsed=86067s  rate=1.1/s  eta=6888s  finite=82374
  [92600/100000]  elapsed=86077s  rate=1.1/s  eta=6879s  finite=82383
  -> checkpoint saved: /scratch/e1498138/lhs/lhs_noise2_paris1_checkpoints/lhs_noise2_paris1_ckpt_092600.pkl
  [92610/100000]  elapsed=86087s  rate=1.1/s  eta=6869s  finite=82392
  [92620/100000]  elapsed=86097s  rate=1.1/s  eta=6860s  finite=82402
  [92630/100000]  elapsed=86107s  rate=1.1/s  eta=6851s  finite=82412
  [warn] sample 4 failed: 
  [92640/100000]  elapsed=86116s  rate=1.1/s  eta=6842s  finite=82421
  [warn] sample 2 failed: 
  [92650/100000]  elapsed=86125s  rate=1.1/s  eta=6832s  finite=82428
  [92660/100000]  elapsed=86134s  rate=1.1/s  eta=6823s  finite=82438
  [92670/100000]  elapsed=86144s  rate=1.1/s  eta=6814s  finite=82448
  [92680/100000]  elapsed=86154s  rate=1.1/s  eta=6805s  finite=82458
  [92690/100000]  elapsed=86164s  rate=1.1/s  eta=6795s  finite=82468
  [92700/100000]  elapsed=86174s  rate=1.1/s  eta=6786s  finite=82477
  -> checkpoint saved: /scratch/e1498138/lhs/lhs_noise2_paris1_checkpoints/lhs_noise2_paris1_ckpt_092700.pkl
  [warn] sample 8 failed: 
  [92710/100000]  elapsed=86183s  rate=1.1/s  eta=6777s  finite=82485
  [warn] sample 3 failed: 
  [92720/100000]  elapsed=86192s  rate=1.1/s  eta=6767s  finite=82493
  [warn] sample 3 failed: 
  [92730/100000]  elapsed=86200s  rate=1.1/s  eta=6758s  finite=82499
  [92740/100000]  elapsed=86210s  rate=1.1/s  eta=6749s  finite=82509
  [warn] sample 8 failed: 
  [92750/100000]  elapsed=86219s  rate=1.1/s  eta=6740s  finite=82518
  [92760/100000]  elapsed=86229s  rate=1.1/s  eta=6730s  finite=82528
  [92770/100000]  elapsed=86239s  rate=1.1/s  eta=6721s  finite=82538
  [92780/100000]  elapsed=86249s  rate=1.1/s  eta=6712s  finite=82548
  [92790/100000]  elapsed=86258s  rate=1.1/s  eta=6702s  finite=82558
  [92800/100000]  elapsed=86268s  rate=1.1/s  eta=6693s  finite=82566
  -> checkpoint saved: /scratch/e1498138/lhs/lhs_noise2_paris1_checkpoints/lhs_noise2_paris1_ckpt_092800.pkl
  [92810/100000]  elapsed=86278s  rate=1.1/s  eta=6684s  finite=82576
  [92820/100000]  elapsed=86288s  rate=1.1/s  eta=6675s  finite=82584
  [92830/100000]  elapsed=86298s  rate=1.1/s  eta=6665s  finite=82594
  [92840/100000]  elapsed=86307s  rate=1.1/s  eta=6656s  finite=82603
  [warn] sample 2 failed: 
  [92850/100000]  elapsed=86316s  rate=1.1/s  eta=6647s  finite=82612
  [92860/100000]  elapsed=86326s  rate=1.1/s  eta=6638s  finite=82621
  [92870/100000]  elapsed=86336s  rate=1.1/s  eta=6628s  finite=82631
  [92880/100000]  elapsed=86346s  rate=1.1/s  eta=6619s  finite=82641
  [92890/100000]  elapsed=86356s  rate=1.1/s  eta=6610s  finite=82649
  [warn] sample 3 failed: 
  [92900/100000]  elapsed=86365s  rate=1.1/s  eta=6601s  finite=82657
  -> checkpoint saved: /scratch/e1498138/lhs/lhs_noise2_paris1_checkpoints/lhs_noise2_paris1_ckpt_092900.pkl
  [warn] sample 5 failed: 
  [92910/100000]  elapsed=86373s  rate=1.1/s  eta=6591s  finite=82665
  [warn] sample 3 failed: 
  [92920/100000]  elapsed=86382s  rate=1.1/s  eta=6582s  finite=82673
  [92930/100000]  elapsed=86392s  rate=1.1/s  eta=6573s  finite=82682
  [92940/100000]  elapsed=86402s  rate=1.1/s  eta=6563s  finite=82691
  [warn] sample 4 failed: 
  [warn] sample 8 failed: 
  [92950/100000]  elapsed=86410s  rate=1.1/s  eta=6554s  finite=82699
  [92960/100000]  elapsed=86420s  rate=1.1/s  eta=6545s  finite=82709
  [92970/100000]  elapsed=86430s  rate=1.1/s  eta=6535s  finite=82718
  [warn] sample 3 failed: 
  [92980/100000]  elapsed=86439s  rate=1.1/s  eta=6526s  finite=82727
  [92990/100000]  elapsed=86448s  rate=1.1/s  eta=6517s  finite=82737
  [warn] sample 5 failed: 
  [93000/100000]  elapsed=86457s  rate=1.1/s  eta=6508s  finite=82745
  -> checkpoint saved: /scratch/e1498138/lhs/lhs_noise2_paris1_checkpoints/lhs_noise2_paris1_ckpt_093000.pkl
  [93010/100000]  elapsed=86467s  rate=1.1/s  eta=6498s  finite=82753
  [warn] sample 0 failed: 
  [93020/100000]  elapsed=86476s  rate=1.1/s  eta=6489s  finite=82761
  [93030/100000]  elapsed=86486s  rate=1.1/s  eta=6480s  finite=82771
  [warn] sample 9 failed: 
  [93040/100000]  elapsed=86495s  rate=1.1/s  eta=6470s  finite=82779
  [93050/100000]  elapsed=86504s  rate=1.1/s  eta=6461s  finite=82787
  [93060/100000]  elapsed=86514s  rate=1.1/s  eta=6452s  finite=82796
  [93070/100000]  elapsed=86524s  rate=1.1/s  eta=6443s  finite=82805
  [93080/100000]  elapsed=86534s  rate=1.1/s  eta=6433s  finite=82815
  [93090/100000]  elapsed=86544s  rate=1.1/s  eta=6424s  finite=82825
  [93100/100000]  elapsed=86554s  rate=1.1/s  eta=6415s  finite=82835
  -> checkpoint saved: /scratch/e1498138/lhs/lhs_noise2_paris1_checkpoints/lhs_noise2_paris1_ckpt_093100.pkl
  [93110/100000]  elapsed=86564s  rate=1.1/s  eta=6406s  finite=82843
  [93120/100000]  elapsed=86573s  rate=1.1/s  eta=6396s  finite=82852
  [93130/100000]  elapsed=86583s  rate=1.1/s  eta=6387s  finite=82861
  [warn] sample 0 failed: 
  [warn] sample 7 failed: 
  [93140/100000]  elapsed=86591s  rate=1.1/s  eta=6378s  finite=82869
  [warn] sample 5 failed: 
  [93150/100000]  elapsed=86600s  rate=1.1/s  eta=6368s  finite=82878
  [warn] sample 1 failed: 
  [93160/100000]  elapsed=86609s  rate=1.1/s  eta=6359s  finite=82887
  [warn] sample 1 failed: 
  [93170/100000]  elapsed=86618s  rate=1.1/s  eta=6350s  finite=82896
  [93180/100000]  elapsed=86628s  rate=1.1/s  eta=6340s  finite=82905
  [93190/100000]  elapsed=86638s  rate=1.1/s  eta=6331s  finite=82914
  [93200/100000]  elapsed=86647s  rate=1.1/s  eta=6322s  finite=82923
  -> checkpoint saved: /scratch/e1498138/lhs/lhs_noise2_paris1_checkpoints/lhs_noise2_paris1_ckpt_093200.pkl
  [93210/100000]  elapsed=86656s  rate=1.1/s  eta=6313s  finite=82932
  [warn] sample 7 failed: 
  [93220/100000]  elapsed=86665s  rate=1.1/s  eta=6303s  finite=82940
  [93230/100000]  elapsed=86675s  rate=1.1/s  eta=6294s  finite=82947
  [93240/100000]  elapsed=86685s  rate=1.1/s  eta=6285s  finite=82957
  [warn] sample 7 failed: 
  [93250/100000]  elapsed=86694s  rate=1.1/s  eta=6275s  finite=82966
  [93260/100000]  elapsed=86704s  rate=1.1/s  eta=6266s  finite=82975
  [93270/100000]  elapsed=86713s  rate=1.1/s  eta=6257s  finite=82984
  [93280/100000]  elapsed=86723s  rate=1.1/s  eta=6248s  finite=82994
  [warn] sample 3 failed: 
  [93290/100000]  elapsed=86732s  rate=1.1/s  eta=6238s  finite=83002
  [warn] sample 0 failed: 
  [93300/100000]  elapsed=86741s  rate=1.1/s  eta=6229s  finite=83008
  -> checkpoint saved: /scratch/e1498138/lhs/lhs_noise2_paris1_checkpoints/lhs_noise2_paris1_ckpt_093300.pkl
  [93310/100000]  elapsed=86751s  rate=1.1/s  eta=6220s  finite=83016
  [93320/100000]  elapsed=86761s  rate=1.1/s  eta=6211s  finite=83025
  [warn] sample 3 failed: 
  [93330/100000]  elapsed=86770s  rate=1.1/s  eta=6201s  finite=83033
  [93340/100000]  elapsed=86780s  rate=1.1/s  eta=6192s  finite=83042
  [93350/100000]  elapsed=86790s  rate=1.1/s  eta=6183s  finite=83050
  [warn] sample 3 failed: 
  [93360/100000]  elapsed=86799s  rate=1.1/s  eta=6173s  finite=83059
  [93370/100000]  elapsed=86809s  rate=1.1/s  eta=6164s  finite=83069
  [93380/100000]  elapsed=86819s  rate=1.1/s  eta=6155s  finite=83078
  [93390/100000]  elapsed=86829s  rate=1.1/s  eta=6146s  finite=83088
  [93400/100000]  elapsed=86839s  rate=1.1/s  eta=6136s  finite=83098
  -> checkpoint saved: /scratch/e1498138/lhs/lhs_noise2_paris1_checkpoints/lhs_noise2_paris1_ckpt_093400.pkl
  [warn] sample 9 failed: 
  [93410/100000]  elapsed=86848s  rate=1.1/s  eta=6127s  finite=83107
  [93420/100000]  elapsed=86857s  rate=1.1/s  eta=6118s  finite=83117
  [warn] sample 4 failed: 
  [93430/100000]  elapsed=86866s  rate=1.1/s  eta=6108s  finite=83126
  [warn] sample 9 failed: 
  [93440/100000]  elapsed=86875s  rate=1.1/s  eta=6099s  finite=83134
  [93450/100000]  elapsed=86885s  rate=1.1/s  eta=6090s  finite=83142
  [93460/100000]  elapsed=86894s  rate=1.1/s  eta=6081s  finite=83149
  [warn] sample 4 failed: 
  [93470/100000]  elapsed=86903s  rate=1.1/s  eta=6071s  finite=83158
  [93480/100000]  elapsed=86912s  rate=1.1/s  eta=6062s  finite=83168
  [93490/100000]  elapsed=86922s  rate=1.1/s  eta=6053s  finite=83178
  [warn] sample 5 failed: 
  [93500/100000]  elapsed=86931s  rate=1.1/s  eta=6043s  finite=83186
  -> checkpoint saved: /scratch/e1498138/lhs/lhs_noise2_paris1_checkpoints/lhs_noise2_paris1_ckpt_093500.pkl
  [93510/100000]  elapsed=86941s  rate=1.1/s  eta=6034s  finite=83196
  [93520/100000]  elapsed=86951s  rate=1.1/s  eta=6025s  finite=83205
  [warn] sample 4 failed: 
  [93530/100000]  elapsed=86960s  rate=1.1/s  eta=6015s  finite=83214
  [93540/100000]  elapsed=86969s  rate=1.1/s  eta=6006s  finite=83223
  [93550/100000]  elapsed=86979s  rate=1.1/s  eta=5997s  finite=83231
  [93560/100000]  elapsed=86989s  rate=1.1/s  eta=5988s  finite=83240
  [93570/100000]  elapsed=86998s  rate=1.1/s  eta=5978s  finite=83250
  [93580/100000]  elapsed=87008s  rate=1.1/s  eta=5969s  finite=83259
  [93590/100000]  elapsed=87017s  rate=1.1/s  eta=5960s  finite=83269
  [93600/100000]  elapsed=87027s  rate=1.1/s  eta=5951s  finite=83279
  -> checkpoint saved: /scratch/e1498138/lhs/lhs_noise2_paris1_checkpoints/lhs_noise2_paris1_ckpt_093600.pkl
  [warn] sample 4 failed: 
  [93610/100000]  elapsed=87036s  rate=1.1/s  eta=5941s  finite=83288
  [warn] sample 5 failed: 
  [93620/100000]  elapsed=87045s  rate=1.1/s  eta=5932s  finite=83296
  [93630/100000]  elapsed=87054s  rate=1.1/s  eta=5923s  finite=83304
  [warn] sample 7 failed: 
  [93640/100000]  elapsed=87063s  rate=1.1/s  eta=5913s  finite=83312
  [warn] sample 3 failed: 
  [93650/100000]  elapsed=87072s  rate=1.1/s  eta=5904s  finite=83320
  [warn] sample 6 failed: 
  [93660/100000]  elapsed=87081s  rate=1.1/s  eta=5895s  finite=83327
  [93670/100000]  elapsed=87091s  rate=1.1/s  eta=5885s  finite=83337
  [warn] sample 4 failed: 
  [93680/100000]  elapsed=87100s  rate=1.1/s  eta=5876s  finite=83346
  [93690/100000]  elapsed=87109s  rate=1.1/s  eta=5867s  finite=83355
  [93700/100000]  elapsed=87119s  rate=1.1/s  eta=5857s  finite=83365
  -> checkpoint saved: /scratch/e1498138/lhs/lhs_noise2_paris1_checkpoints/lhs_noise2_paris1_ckpt_093700.pkl
  [93710/100000]  elapsed=87128s  rate=1.1/s  eta=5848s  finite=83373
  [warn] sample 0 failed: 
  [warn] sample 8 failed: 
  [93720/100000]  elapsed=87135s  rate=1.1/s  eta=5839s  finite=83379
  [warn] sample 1 failed: 
  [93730/100000]  elapsed=87143s  rate=1.1/s  eta=5829s  finite=83388
  [93740/100000]  elapsed=87152s  rate=1.1/s  eta=5820s  finite=83396
  [93750/100000]  elapsed=87161s  rate=1.1/s  eta=5811s  finite=83406
  [warn] sample 3 failed: 
  [93760/100000]  elapsed=87169s  rate=1.1/s  eta=5801s  finite=83415
  [93770/100000]  elapsed=87178s  rate=1.1/s  eta=5792s  finite=83424
  [warn] sample 3 failed: 
  [93780/100000]  elapsed=87186s  rate=1.1/s  eta=5783s  finite=83432
  [93790/100000]  elapsed=87195s  rate=1.1/s  eta=5773s  finite=83442
  [93800/100000]  elapsed=87203s  rate=1.1/s  eta=5764s  finite=83450
  -> checkpoint saved: /scratch/e1498138/lhs/lhs_noise2_paris1_checkpoints/lhs_noise2_paris1_ckpt_093800.pkl
  [warn] sample 1 failed: 
  [93810/100000]  elapsed=87212s  rate=1.1/s  eta=5755s  finite=83457
  [warn] sample 8 failed: 
  [93820/100000]  elapsed=87220s  rate=1.1/s  eta=5745s  finite=83466
  [warn] sample 1 failed: 
  [warn] sample 9 failed: 
  [93830/100000]  elapsed=87227s  rate=1.1/s  eta=5736s  finite=83473
  [93840/100000]  elapsed=87236s  rate=1.1/s  eta=5726s  finite=83481
  [warn] sample 3 failed: 
  [93850/100000]  elapsed=87244s  rate=1.1/s  eta=5717s  finite=83489
  [93860/100000]  elapsed=87252s  rate=1.1/s  eta=5708s  finite=83498
  [93870/100000]  elapsed=87261s  rate=1.1/s  eta=5698s  finite=83507
  [warn] sample 6 failed: 
  [93880/100000]  elapsed=87269s  rate=1.1/s  eta=5689s  finite=83515
  [warn] sample 6 failed: 
  [93890/100000]  elapsed=87277s  rate=1.1/s  eta=5680s  finite=83523
  [93900/100000]  elapsed=87286s  rate=1.1/s  eta=5670s  finite=83533
  -> checkpoint saved: /scratch/e1498138/lhs/lhs_noise2_paris1_checkpoints/lhs_noise2_paris1_ckpt_093900.pkl
  [93910/100000]  elapsed=87295s  rate=1.1/s  eta=5661s  finite=83540
  [93920/100000]  elapsed=87304s  rate=1.1/s  eta=5652s  finite=83550
  [93930/100000]  elapsed=87312s  rate=1.1/s  eta=5642s  finite=83559
  [93940/100000]  elapsed=87321s  rate=1.1/s  eta=5633s  finite=83567
  [93950/100000]  elapsed=87330s  rate=1.1/s  eta=5624s  finite=83576
  [93960/100000]  elapsed=87339s  rate=1.1/s  eta=5614s  finite=83585
  [93970/100000]  elapsed=87348s  rate=1.1/s  eta=5605s  finite=83595
  [warn] sample 2 failed: 
  [93980/100000]  elapsed=87356s  rate=1.1/s  eta=5596s  finite=83603
  [warn] sample 8 failed: 
  [93990/100000]  elapsed=87364s  rate=1.1/s  eta=5586s  finite=83612
  [94000/100000]  elapsed=87374s  rate=1.1/s  eta=5577s  finite=83621
  -> checkpoint saved: /scratch/e1498138/lhs/lhs_noise2_paris1_checkpoints/lhs_noise2_paris1_ckpt_094000.pkl
  [94010/100000]  elapsed=87384s  rate=1.1/s  eta=5568s  finite=83631
  [warn] sample 3 failed: 
  [94020/100000]  elapsed=87392s  rate=1.1/s  eta=5558s  finite=83640
  [94030/100000]  elapsed=87402s  rate=1.1/s  eta=5549s  finite=83648
  [warn] sample 6 failed: 
  [94040/100000]  elapsed=87410s  rate=1.1/s  eta=5540s  finite=83657
  [94050/100000]  elapsed=87420s  rate=1.1/s  eta=5531s  finite=83666
  [94060/100000]  elapsed=87429s  rate=1.1/s  eta=5521s  finite=83674
  [94070/100000]  elapsed=87439s  rate=1.1/s  eta=5512s  finite=83683
  [94080/100000]  elapsed=87448s  rate=1.1/s  eta=5503s  finite=83693
  [94090/100000]  elapsed=87458s  rate=1.1/s  eta=5493s  finite=83703
  [94100/100000]  elapsed=87467s  rate=1.1/s  eta=5484s  finite=83713
  -> checkpoint saved: /scratch/e1498138/lhs/lhs_noise2_paris1_checkpoints/lhs_noise2_paris1_ckpt_094100.pkl
  [94110/100000]  elapsed=87477s  rate=1.1/s  eta=5475s  finite=83720
  [warn] sample 3 failed: 
  [warn] sample 6 failed: 
  [94120/100000]  elapsed=87485s  rate=1.1/s  eta=5466s  finite=83727
  [94130/100000]  elapsed=87495s  rate=1.1/s  eta=5456s  finite=83736
  [94140/100000]  elapsed=87505s  rate=1.1/s  eta=5447s  finite=83746
  [94150/100000]  elapsed=87514s  rate=1.1/s  eta=5438s  finite=83755
  [warn] sample 8 failed: 
  [94160/100000]  elapsed=87523s  rate=1.1/s  eta=5428s  finite=83764
  [94170/100000]  elapsed=87532s  rate=1.1/s  eta=5419s  finite=83774
  [94180/100000]  elapsed=87542s  rate=1.1/s  eta=5410s  finite=83784
  [94190/100000]  elapsed=87552s  rate=1.1/s  eta=5401s  finite=83792
  [warn] sample 2 failed: 
  [94200/100000]  elapsed=87561s  rate=1.1/s  eta=5391s  finite=83800
  -> checkpoint saved: /scratch/e1498138/lhs/lhs_noise2_paris1_checkpoints/lhs_noise2_paris1_ckpt_094200.pkl
  [warn] sample 7 failed: 
  [94210/100000]  elapsed=87570s  rate=1.1/s  eta=5382s  finite=83808
  [warn] sample 2 failed: 
  [94220/100000]  elapsed=87579s  rate=1.1/s  eta=5373s  finite=83816
  [94230/100000]  elapsed=87589s  rate=1.1/s  eta=5363s  finite=83824
  [94240/100000]  elapsed=87599s  rate=1.1/s  eta=5354s  finite=83833
  [94250/100000]  elapsed=87608s  rate=1.1/s  eta=5345s  finite=83841
  [94260/100000]  elapsed=87618s  rate=1.1/s  eta=5336s  finite=83848
  [94270/100000]  elapsed=87628s  rate=1.1/s  eta=5326s  finite=83856
  [94280/100000]  elapsed=87638s  rate=1.1/s  eta=5317s  finite=83865
  [94290/100000]  elapsed=87648s  rate=1.1/s  eta=5308s  finite=83874
  [warn] sample 6 failed: 
  [94300/100000]  elapsed=87657s  rate=1.1/s  eta=5298s  finite=83882
  -> checkpoint saved: /scratch/e1498138/lhs/lhs_noise2_paris1_checkpoints/lhs_noise2_paris1_ckpt_094300.pkl
  [94310/100000]  elapsed=87666s  rate=1.1/s  eta=5289s  finite=83891
  [warn] sample 9 failed: 
  [94320/100000]  elapsed=87675s  rate=1.1/s  eta=5280s  finite=83900
  [94330/100000]  elapsed=87685s  rate=1.1/s  eta=5271s  finite=83909
  [94340/100000]  elapsed=87695s  rate=1.1/s  eta=5261s  finite=83918
  [warn] sample 2 failed: 
  [94350/100000]  elapsed=87704s  rate=1.1/s  eta=5252s  finite=83925
  [94360/100000]  elapsed=87714s  rate=1.1/s  eta=5243s  finite=83934
  [94370/100000]  elapsed=87724s  rate=1.1/s  eta=5233s  finite=83942
  [94380/100000]  elapsed=87734s  rate=1.1/s  eta=5224s  finite=83950
  [94390/100000]  elapsed=87743s  rate=1.1/s  eta=5215s  finite=83960
  [warn] sample 5 failed: 
  [warn] sample 8 failed: 
  [94400/100000]  elapsed=87752s  rate=1.1/s  eta=5206s  finite=83968
  -> checkpoint saved: /scratch/e1498138/lhs/lhs_noise2_paris1_checkpoints/lhs_noise2_paris1_ckpt_094400.pkl
  [warn] sample 5 failed: 
  [94410/100000]  elapsed=87761s  rate=1.1/s  eta=5196s  finite=83975
  [warn] sample 4 failed: 
  [94420/100000]  elapsed=87769s  rate=1.1/s  eta=5187s  finite=83984
  [94430/100000]  elapsed=87780s  rate=1.1/s  eta=5178s  finite=83994
  [94440/100000]  elapsed=87789s  rate=1.1/s  eta=5168s  finite=84003
  [94450/100000]  elapsed=87799s  rate=1.1/s  eta=5159s  finite=84013
  [94460/100000]  elapsed=87809s  rate=1.1/s  eta=5150s  finite=84023
  [94470/100000]  elapsed=87819s  rate=1.1/s  eta=5141s  finite=84032
  [94480/100000]  elapsed=87829s  rate=1.1/s  eta=5131s  finite=84040
  [warn] sample 5 failed: 
  [94490/100000]  elapsed=87837s  rate=1.1/s  eta=5122s  finite=84048
  [94500/100000]  elapsed=87847s  rate=1.1/s  eta=5113s  finite=84058
  -> checkpoint saved: /scratch/e1498138/lhs/lhs_noise2_paris1_checkpoints/lhs_noise2_paris1_ckpt_094500.pkl
  [94510/100000]  elapsed=87856s  rate=1.1/s  eta=5103s  finite=84067
  [94520/100000]  elapsed=87866s  rate=1.1/s  eta=5094s  finite=84074
  [warn] sample 2 failed: 
  [warn] sample 8 failed: 
  [94530/100000]  elapsed=87874s  rate=1.1/s  eta=5085s  finite=84082
  [94540/100000]  elapsed=87884s  rate=1.1/s  eta=5076s  finite=84092
  [94550/100000]  elapsed=87893s  rate=1.1/s  eta=5066s  finite=84101
  [warn] sample 0 failed: 
  [warn] sample 1 failed: 
  [94560/100000]  elapsed=87901s  rate=1.1/s  eta=5057s  finite=84107
  [94570/100000]  elapsed=87911s  rate=1.1/s  eta=5048s  finite=84115
  [94580/100000]  elapsed=87920s  rate=1.1/s  eta=5038s  finite=84124
  [warn] sample 1 failed: 
  [94590/100000]  elapsed=87929s  rate=1.1/s  eta=5029s  finite=84132
  [94600/100000]  elapsed=87939s  rate=1.1/s  eta=5020s  finite=84141
  -> checkpoint saved: /scratch/e1498138/lhs/lhs_noise2_paris1_checkpoints/lhs_noise2_paris1_ckpt_094600.pkl
  [94610/100000]  elapsed=87948s  rate=1.1/s  eta=5010s  finite=84149
  [warn] sample 1 failed: 
  [warn] sample 3 failed: 
  [warn] sample 9 failed: 
  [94620/100000]  elapsed=87956s  rate=1.1/s  eta=5001s  finite=84156
  [94630/100000]  elapsed=87966s  rate=1.1/s  eta=4992s  finite=84166
  [94640/100000]  elapsed=87976s  rate=1.1/s  eta=4983s  finite=84175
  [94650/100000]  elapsed=87986s  rate=1.1/s  eta=4973s  finite=84185
  [94660/100000]  elapsed=87995s  rate=1.1/s  eta=4964s  finite=84195
  [94670/100000]  elapsed=88005s  rate=1.1/s  eta=4955s  finite=84205
  [94680/100000]  elapsed=88014s  rate=1.1/s  eta=4945s  finite=84215
  [94690/100000]  elapsed=88024s  rate=1.1/s  eta=4936s  finite=84225
  [94700/100000]  elapsed=88033s  rate=1.1/s  eta=4927s  finite=84234
  -> checkpoint saved: /scratch/e1498138/lhs/lhs_noise2_paris1_checkpoints/lhs_noise2_paris1_ckpt_094700.pkl
  [94710/100000]  elapsed=88043s  rate=1.1/s  eta=4918s  finite=84243
  [warn] sample 0 failed: 
  [94720/100000]  elapsed=88052s  rate=1.1/s  eta=4908s  finite=84252
  [warn] sample 4 failed: 
  [warn] sample 5 failed: 
  [94730/100000]  elapsed=88060s  rate=1.1/s  eta=4899s  finite=84258
  [94740/100000]  elapsed=88069s  rate=1.1/s  eta=4890s  finite=84267
  [warn] sample 6 failed: 
  [94750/100000]  elapsed=88078s  rate=1.1/s  eta=4880s  finite=84274
  [94760/100000]  elapsed=88088s  rate=1.1/s  eta=4871s  finite=84284
  [94770/100000]  elapsed=88098s  rate=1.1/s  eta=4862s  finite=84293
  [warn] sample 3 failed: 
  [warn] sample 4 failed: 
  [warn] sample 7 failed: 
  [94780/100000]  elapsed=88105s  rate=1.1/s  eta=4852s  finite=84300
  [warn] sample 1 failed: 
  [warn] sample 3 failed: 
  [94790/100000]  elapsed=88113s  rate=1.1/s  eta=4843s  finite=84308
  [94800/100000]  elapsed=88123s  rate=1.1/s  eta=4834s  finite=84317
  -> checkpoint saved: /scratch/e1498138/lhs/lhs_noise2_paris1_checkpoints/lhs_noise2_paris1_ckpt_094800.pkl
  [94810/100000]  elapsed=88132s  rate=1.1/s  eta=4824s  finite=84324
  [warn] sample 4 failed: 
  [warn] sample 7 failed: 
  [94820/100000]  elapsed=88140s  rate=1.1/s  eta=4815s  finite=84332
  [94830/100000]  elapsed=88150s  rate=1.1/s  eta=4806s  finite=84342
  [warn] sample 3 failed: 
  [94840/100000]  elapsed=88159s  rate=1.1/s  eta=4796s  finite=84351
  [94850/100000]  elapsed=88168s  rate=1.1/s  eta=4787s  finite=84359
  [warn] sample 1 failed: 
  [warn] sample 7 failed: 
  [94860/100000]  elapsed=88176s  rate=1.1/s  eta=4778s  finite=84366
  [warn] sample 7 failed: 
  [94870/100000]  elapsed=88185s  rate=1.1/s  eta=4769s  finite=84374
  [94880/100000]  elapsed=88195s  rate=1.1/s  eta=4759s  finite=84382
  [94890/100000]  elapsed=88204s  rate=1.1/s  eta=4750s  finite=84392
  [warn] sample 5 failed: 
  [94900/100000]  elapsed=88213s  rate=1.1/s  eta=4741s  finite=84401
  -> checkpoint saved: /scratch/e1498138/lhs/lhs_noise2_paris1_checkpoints/lhs_noise2_paris1_ckpt_094900.pkl
  [94910/100000]  elapsed=88223s  rate=1.1/s  eta=4731s  finite=84411
  [94920/100000]  elapsed=88233s  rate=1.1/s  eta=4722s  finite=84420
  [94930/100000]  elapsed=88242s  rate=1.1/s  eta=4713s  finite=84429
  [94940/100000]  elapsed=88252s  rate=1.1/s  eta=4704s  finite=84437
  [94950/100000]  elapsed=88261s  rate=1.1/s  eta=4694s  finite=84446
  [94960/100000]  elapsed=88271s  rate=1.1/s  eta=4685s  finite=84456
  [94970/100000]  elapsed=88280s  rate=1.1/s  eta=4676s  finite=84465
  [warn] sample 9 failed: 
  [94980/100000]  elapsed=88289s  rate=1.1/s  eta=4666s  finite=84473
  [94990/100000]  elapsed=88299s  rate=1.1/s  eta=4657s  finite=84483
  [95000/100000]  elapsed=88308s  rate=1.1/s  eta=4648s  finite=84492
  -> checkpoint saved: /scratch/e1498138/lhs/lhs_noise2_paris1_checkpoints/lhs_noise2_paris1_ckpt_095000.pkl
  [95010/100000]  elapsed=88318s  rate=1.1/s  eta=4639s  finite=84501
  [95020/100000]  elapsed=88328s  rate=1.1/s  eta=4629s  finite=84510
  [95030/100000]  elapsed=88337s  rate=1.1/s  eta=4620s  finite=84520
  [95040/100000]  elapsed=88347s  rate=1.1/s  eta=4611s  finite=84529
  [95050/100000]  elapsed=88357s  rate=1.1/s  eta=4601s  finite=84538
  [95060/100000]  elapsed=88367s  rate=1.1/s  eta=4592s  finite=84548
  [warn] sample 4 failed: 
  [95070/100000]  elapsed=88376s  rate=1.1/s  eta=4583s  finite=84556
  [95080/100000]  elapsed=88385s  rate=1.1/s  eta=4574s  finite=84564
  [warn] sample 8 failed: 
  [95090/100000]  elapsed=88394s  rate=1.1/s  eta=4564s  finite=84572
  [95100/100000]  elapsed=88403s  rate=1.1/s  eta=4555s  finite=84582
  -> checkpoint saved: /scratch/e1498138/lhs/lhs_noise2_paris1_checkpoints/lhs_noise2_paris1_ckpt_095100.pkl
  [95110/100000]  elapsed=88413s  rate=1.1/s  eta=4546s  finite=84591
  [95120/100000]  elapsed=88422s  rate=1.1/s  eta=4536s  finite=84600
  [95130/100000]  elapsed=88432s  rate=1.1/s  eta=4527s  finite=84610
  [95140/100000]  elapsed=88442s  rate=1.1/s  eta=4518s  finite=84620
  [95150/100000]  elapsed=88452s  rate=1.1/s  eta=4509s  finite=84626
  [95160/100000]  elapsed=88461s  rate=1.1/s  eta=4499s  finite=84635
  [95170/100000]  elapsed=88471s  rate=1.1/s  eta=4490s  finite=84645
  [95180/100000]  elapsed=88481s  rate=1.1/s  eta=4481s  finite=84654
  [warn] sample 2 failed: 
  [95190/100000]  elapsed=88489s  rate=1.1/s  eta=4471s  finite=84663
  [95200/100000]  elapsed=88499s  rate=1.1/s  eta=4462s  finite=84673
  -> checkpoint saved: /scratch/e1498138/lhs/lhs_noise2_paris1_checkpoints/lhs_noise2_paris1_ckpt_095200.pkl
  [95210/100000]  elapsed=88509s  rate=1.1/s  eta=4453s  finite=84683
  [95220/100000]  elapsed=88519s  rate=1.1/s  eta=4444s  finite=84691
  [95230/100000]  elapsed=88528s  rate=1.1/s  eta=4434s  finite=84700
  [warn] sample 3 failed: 
  [95240/100000]  elapsed=88537s  rate=1.1/s  eta=4425s  finite=84708
  [95250/100000]  elapsed=88546s  rate=1.1/s  eta=4416s  finite=84717
  [95260/100000]  elapsed=88556s  rate=1.1/s  eta=4406s  finite=84726
  [95270/100000]  elapsed=88566s  rate=1.1/s  eta=4397s  finite=84736
  [95280/100000]  elapsed=88575s  rate=1.1/s  eta=4388s  finite=84746
  [warn] sample 4 failed: 
  [95290/100000]  elapsed=88585s  rate=1.1/s  eta=4379s  finite=84755
  [95300/100000]  elapsed=88594s  rate=1.1/s  eta=4369s  finite=84765
  -> checkpoint saved: /scratch/e1498138/lhs/lhs_noise2_paris1_checkpoints/lhs_noise2_paris1_ckpt_095300.pkl
  [95310/100000]  elapsed=88604s  rate=1.1/s  eta=4360s  finite=84774
  [95320/100000]  elapsed=88613s  rate=1.1/s  eta=4351s  finite=84783
  [95330/100000]  elapsed=88623s  rate=1.1/s  eta=4341s  finite=84791
  [warn] sample 0 failed: 
  [warn] sample 5 failed: 
  [95340/100000]  elapsed=88631s  rate=1.1/s  eta=4332s  finite=84798
  [95350/100000]  elapsed=88640s  rate=1.1/s  eta=4323s  finite=84807
  [95360/100000]  elapsed=88650s  rate=1.1/s  eta=4313s  finite=84814
  [95370/100000]  elapsed=88659s  rate=1.1/s  eta=4304s  finite=84824
  [warn] sample 7 failed: 
  [95380/100000]  elapsed=88668s  rate=1.1/s  eta=4295s  finite=84832
  [warn] sample 7 failed: 
  [95390/100000]  elapsed=88677s  rate=1.1/s  eta=4286s  finite=84840
  [95400/100000]  elapsed=88687s  rate=1.1/s  eta=4276s  finite=84849
  -> checkpoint saved: /scratch/e1498138/lhs/lhs_noise2_paris1_checkpoints/lhs_noise2_paris1_ckpt_095400.pkl
  [95410/100000]  elapsed=88697s  rate=1.1/s  eta=4267s  finite=84858
  [95420/100000]  elapsed=88707s  rate=1.1/s  eta=4258s  finite=84867
  [95430/100000]  elapsed=88716s  rate=1.1/s  eta=4248s  finite=84877
  [95440/100000]  elapsed=88726s  rate=1.1/s  eta=4239s  finite=84887
  [95450/100000]  elapsed=88735s  rate=1.1/s  eta=4230s  finite=84897
  [95460/100000]  elapsed=88745s  rate=1.1/s  eta=4221s  finite=84904
  [warn] sample 5 failed: 
  [warn] sample 9 failed: 
  [95470/100000]  elapsed=88753s  rate=1.1/s  eta=4211s  finite=84910
  [warn] sample 0 failed: 
  [95480/100000]  elapsed=88761s  rate=1.1/s  eta=4202s  finite=84918
  [95490/100000]  elapsed=88771s  rate=1.1/s  eta=4193s  finite=84927
  [95500/100000]  elapsed=88781s  rate=1.1/s  eta=4183s  finite=84937
  -> checkpoint saved: /scratch/e1498138/lhs/lhs_noise2_paris1_checkpoints/lhs_noise2_paris1_ckpt_095500.pkl
  [95510/100000]  elapsed=88790s  rate=1.1/s  eta=4174s  finite=84946
  [95520/100000]  elapsed=88800s  rate=1.1/s  eta=4165s  finite=84953
  [warn] sample 8 failed: 
  [95530/100000]  elapsed=88809s  rate=1.1/s  eta=4155s  finite=84962
  [95540/100000]  elapsed=88818s  rate=1.1/s  eta=4146s  finite=84970
  [95550/100000]  elapsed=88828s  rate=1.1/s  eta=4137s  finite=84978
  [95560/100000]  elapsed=88838s  rate=1.1/s  eta=4128s  finite=84987
  [95570/100000]  elapsed=88847s  rate=1.1/s  eta=4118s  finite=84997
  [95580/100000]  elapsed=88857s  rate=1.1/s  eta=4109s  finite=85005
  [warn] sample 1 failed: 
  [95590/100000]  elapsed=88866s  rate=1.1/s  eta=4100s  finite=85011
  [warn] sample 0 failed: 
  [warn] sample 7 failed: 
  [95600/100000]  elapsed=88873s  rate=1.1/s  eta=4090s  finite=85018
  -> checkpoint saved: /scratch/e1498138/lhs/lhs_noise2_paris1_checkpoints/lhs_noise2_paris1_ckpt_095600.pkl
  [95610/100000]  elapsed=88883s  rate=1.1/s  eta=4081s  finite=85028
  [95620/100000]  elapsed=88893s  rate=1.1/s  eta=4072s  finite=85038
  [95630/100000]  elapsed=88903s  rate=1.1/s  eta=4063s  finite=85046
  [95640/100000]  elapsed=88912s  rate=1.1/s  eta=4053s  finite=85052
  [95650/100000]  elapsed=88922s  rate=1.1/s  eta=4044s  finite=85061
  [95660/100000]  elapsed=88932s  rate=1.1/s  eta=4035s  finite=85071
  [95670/100000]  elapsed=88942s  rate=1.1/s  eta=4025s  finite=85081
  [warn] sample 0 failed: 
  [95680/100000]  elapsed=88950s  rate=1.1/s  eta=4016s  finite=85086
  [warn] sample 7 failed: 
  [95690/100000]  elapsed=88959s  rate=1.1/s  eta=4007s  finite=85094
  [95700/100000]  elapsed=88968s  rate=1.1/s  eta=3998s  finite=85103
  -> checkpoint saved: /scratch/e1498138/lhs/lhs_noise2_paris1_checkpoints/lhs_noise2_paris1_ckpt_095700.pkl
  [95710/100000]  elapsed=88978s  rate=1.1/s  eta=3988s  finite=85112
  [95720/100000]  elapsed=88987s  rate=1.1/s  eta=3979s  finite=85120
  [95730/100000]  elapsed=88997s  rate=1.1/s  eta=3970s  finite=85128
  [warn] sample 1 failed: 
  [warn] sample 5 failed: 
  [95740/100000]  elapsed=89005s  rate=1.1/s  eta=3960s  finite=85135
  [warn] sample 0 failed: 
  [95750/100000]  elapsed=89013s  rate=1.1/s  eta=3951s  finite=85139
  [warn] sample 5 failed: 
  [95760/100000]  elapsed=89022s  rate=1.1/s  eta=3942s  finite=85148
  [95770/100000]  elapsed=89032s  rate=1.1/s  eta=3932s  finite=85158
  [95780/100000]  elapsed=89042s  rate=1.1/s  eta=3923s  finite=85168
  [95790/100000]  elapsed=89051s  rate=1.1/s  eta=3914s  finite=85176
  [warn] sample 7 failed: 
  [95800/100000]  elapsed=89060s  rate=1.1/s  eta=3905s  finite=85185
  -> checkpoint saved: /scratch/e1498138/lhs/lhs_noise2_paris1_checkpoints/lhs_noise2_paris1_ckpt_095800.pkl
  [95810/100000]  elapsed=89071s  rate=1.1/s  eta=3895s  finite=85194
  [95820/100000]  elapsed=89080s  rate=1.1/s  eta=3886s  finite=85204
  [95830/100000]  elapsed=89090s  rate=1.1/s  eta=3877s  finite=85213
  [warn] sample 7 failed: 
  [95840/100000]  elapsed=89098s  rate=1.1/s  eta=3867s  finite=85221
  [warn] sample 6 failed: 
  [warn] sample 9 failed: 
  [95850/100000]  elapsed=89106s  rate=1.1/s  eta=3858s  finite=85228
  [95860/100000]  elapsed=89116s  rate=1.1/s  eta=3849s  finite=85237
  [95870/100000]  elapsed=89125s  rate=1.1/s  eta=3839s  finite=85246
  [95880/100000]  elapsed=89135s  rate=1.1/s  eta=3830s  finite=85255
  [warn] sample 3 failed: 
  [95890/100000]  elapsed=89144s  rate=1.1/s  eta=3821s  finite=85264
  [95900/100000]  elapsed=89154s  rate=1.1/s  eta=3812s  finite=85274
  -> checkpoint saved: /scratch/e1498138/lhs/lhs_noise2_paris1_checkpoints/lhs_noise2_paris1_ckpt_095900.pkl
  [95910/100000]  elapsed=89163s  rate=1.1/s  eta=3802s  finite=85282
  [95920/100000]  elapsed=89173s  rate=1.1/s  eta=3793s  finite=85291
  [95930/100000]  elapsed=89183s  rate=1.1/s  eta=3784s  finite=85301
  [95940/100000]  elapsed=89192s  rate=1.1/s  eta=3774s  finite=85310
  [warn] sample 8 failed: 
  [95950/100000]  elapsed=89201s  rate=1.1/s  eta=3765s  finite=85318
  [warn] sample 7 failed: 
  [95960/100000]  elapsed=89209s  rate=1.1/s  eta=3756s  finite=85327
  [warn] sample 0 failed: 
  [warn] sample 7 failed: 
  [95970/100000]  elapsed=89217s  rate=1.1/s  eta=3746s  finite=85332
  [warn] sample 3 failed: 
  [95980/100000]  elapsed=89227s  rate=1.1/s  eta=3737s  finite=85341
  [warn] sample 1 failed: 
  [95990/100000]  elapsed=89236s  rate=1.1/s  eta=3728s  finite=85350
  [96000/100000]  elapsed=89245s  rate=1.1/s  eta=3719s  finite=85359
  -> checkpoint saved: /scratch/e1498138/lhs/lhs_noise2_paris1_checkpoints/lhs_noise2_paris1_ckpt_096000.pkl
  [96010/100000]  elapsed=89255s  rate=1.1/s  eta=3709s  finite=85368
  [96020/100000]  elapsed=89265s  rate=1.1/s  eta=3700s  finite=85378
  [96030/100000]  elapsed=89275s  rate=1.1/s  eta=3691s  finite=85388
  [96040/100000]  elapsed=89284s  rate=1.1/s  eta=3681s  finite=85398
  [96050/100000]  elapsed=89294s  rate=1.1/s  eta=3672s  finite=85406
  [warn] sample 7 failed: 
  [96060/100000]  elapsed=89303s  rate=1.1/s  eta=3663s  finite=85415
  [96070/100000]  elapsed=89313s  rate=1.1/s  eta=3654s  finite=85425
  [96080/100000]  elapsed=89322s  rate=1.1/s  eta=3644s  finite=85434
  [96090/100000]  elapsed=89332s  rate=1.1/s  eta=3635s  finite=85443
  [96100/100000]  elapsed=89342s  rate=1.1/s  eta=3626s  finite=85452
  -> checkpoint saved: /scratch/e1498138/lhs/lhs_noise2_paris1_checkpoints/lhs_noise2_paris1_ckpt_096100.pkl
  [warn] sample 0 failed: 
  [96110/100000]  elapsed=89351s  rate=1.1/s  eta=3616s  finite=85460
  [warn] sample 2 failed: 
  [96120/100000]  elapsed=89360s  rate=1.1/s  eta=3607s  finite=85468
  [96130/100000]  elapsed=89369s  rate=1.1/s  eta=3598s  finite=85476
  [96140/100000]  elapsed=89379s  rate=1.1/s  eta=3589s  finite=85484
  [warn] sample 2 failed: 
  [96150/100000]  elapsed=89387s  rate=1.1/s  eta=3579s  finite=85492
  [96160/100000]  elapsed=89397s  rate=1.1/s  eta=3570s  finite=85501
  [96170/100000]  elapsed=89406s  rate=1.1/s  eta=3561s  finite=85511
  [96180/100000]  elapsed=89415s  rate=1.1/s  eta=3551s  finite=85520
  [96190/100000]  elapsed=89425s  rate=1.1/s  eta=3542s  finite=85530
  [warn] sample 4 failed: 
  [96200/100000]  elapsed=89434s  rate=1.1/s  eta=3533s  finite=85538
  -> checkpoint saved: /scratch/e1498138/lhs/lhs_noise2_paris1_checkpoints/lhs_noise2_paris1_ckpt_096200.pkl
  [warn] sample 0 failed: 
  [warn] sample 3 failed: 
  [96210/100000]  elapsed=89442s  rate=1.1/s  eta=3523s  finite=85546
  [warn] sample 3 failed: 
  [96220/100000]  elapsed=89451s  rate=1.1/s  eta=3514s  finite=85554
  [96230/100000]  elapsed=89461s  rate=1.1/s  eta=3505s  finite=85562
  [warn] sample 1 failed: 
  [96240/100000]  elapsed=89469s  rate=1.1/s  eta=3495s  finite=85571
  [96250/100000]  elapsed=89479s  rate=1.1/s  eta=3486s  finite=85579
  [warn] sample 8 failed: 
  [96260/100000]  elapsed=89488s  rate=1.1/s  eta=3477s  finite=85587
  [96270/100000]  elapsed=89497s  rate=1.1/s  eta=3468s  finite=85596
  [warn] sample 6 failed: 
  [warn] sample 9 failed: 
  [96280/100000]  elapsed=89505s  rate=1.1/s  eta=3458s  finite=85604
  [96290/100000]  elapsed=89515s  rate=1.1/s  eta=3449s  finite=85614
  [96300/100000]  elapsed=89524s  rate=1.1/s  eta=3440s  finite=85622
  -> checkpoint saved: /scratch/e1498138/lhs/lhs_noise2_paris1_checkpoints/lhs_noise2_paris1_ckpt_096300.pkl
  [96310/100000]  elapsed=89534s  rate=1.1/s  eta=3430s  finite=85631
  [96320/100000]  elapsed=89543s  rate=1.1/s  eta=3421s  finite=85641
  [warn] sample 8 failed: 
  [96330/100000]  elapsed=89552s  rate=1.1/s  eta=3412s  finite=85649
  [96340/100000]  elapsed=89561s  rate=1.1/s  eta=3402s  finite=85659
  [96350/100000]  elapsed=89571s  rate=1.1/s  eta=3393s  finite=85669
  [96360/100000]  elapsed=89580s  rate=1.1/s  eta=3384s  finite=85677
  [96370/100000]  elapsed=89590s  rate=1.1/s  eta=3375s  finite=85684
  [warn] sample 5 failed: 
  [96380/100000]  elapsed=89599s  rate=1.1/s  eta=3365s  finite=85693
  [96390/100000]  elapsed=89609s  rate=1.1/s  eta=3356s  finite=85703
  [96400/100000]  elapsed=89618s  rate=1.1/s  eta=3347s  finite=85713
  -> checkpoint saved: /scratch/e1498138/lhs/lhs_noise2_paris1_checkpoints/lhs_noise2_paris1_ckpt_096400.pkl
  [96410/100000]  elapsed=89628s  rate=1.1/s  eta=3337s  finite=85723
  [96420/100000]  elapsed=89638s  rate=1.1/s  eta=3328s  finite=85732
  [96430/100000]  elapsed=89647s  rate=1.1/s  eta=3319s  finite=85741
  [warn] sample 6 failed: 
  [96440/100000]  elapsed=89656s  rate=1.1/s  eta=3310s  finite=85750
  [warn] sample 0 failed: 
  [warn] sample 2 failed: 
  [96450/100000]  elapsed=89664s  rate=1.1/s  eta=3300s  finite=85758
  [96460/100000]  elapsed=89673s  rate=1.1/s  eta=3291s  finite=85767
  [96470/100000]  elapsed=89683s  rate=1.1/s  eta=3282s  finite=85777
  [96480/100000]  elapsed=89693s  rate=1.1/s  eta=3272s  finite=85786
  [warn] sample 4 failed: 
  [96490/100000]  elapsed=89702s  rate=1.1/s  eta=3263s  finite=85795
  [96500/100000]  elapsed=89711s  rate=1.1/s  eta=3254s  finite=85803
  -> checkpoint saved: /scratch/e1498138/lhs/lhs_noise2_paris1_checkpoints/lhs_noise2_paris1_ckpt_096500.pkl
  [96510/100000]  elapsed=89721s  rate=1.1/s  eta=3244s  finite=85812
  [96520/100000]  elapsed=89731s  rate=1.1/s  eta=3235s  finite=85819
  [warn] sample 4 failed: 
  [96530/100000]  elapsed=89740s  rate=1.1/s  eta=3226s  finite=85828
  [96540/100000]  elapsed=89749s  rate=1.1/s  eta=3217s  finite=85838
  [warn] sample 2 failed: 
  [96550/100000]  elapsed=89758s  rate=1.1/s  eta=3207s  finite=85843
  [96560/100000]  elapsed=89768s  rate=1.1/s  eta=3198s  finite=85853
  [96570/100000]  elapsed=89777s  rate=1.1/s  eta=3189s  finite=85863
  [warn] sample 1 failed: 
  [96580/100000]  elapsed=89786s  rate=1.1/s  eta=3179s  finite=85870
  [96590/100000]  elapsed=89796s  rate=1.1/s  eta=3170s  finite=85880
  [warn] sample 8 failed: 
  [96600/100000]  elapsed=89805s  rate=1.1/s  eta=3161s  finite=85889
  -> checkpoint saved: /scratch/e1498138/lhs/lhs_noise2_paris1_checkpoints/lhs_noise2_paris1_ckpt_096600.pkl
  [96610/100000]  elapsed=89815s  rate=1.1/s  eta=3152s  finite=85899
  [96620/100000]  elapsed=89824s  rate=1.1/s  eta=3142s  finite=85909
  [96630/100000]  elapsed=89834s  rate=1.1/s  eta=3133s  finite=85918
  [warn] sample 8 failed: 
  [96640/100000]  elapsed=89843s  rate=1.1/s  eta=3124s  finite=85926
  [warn] sample 9 failed: 
  [96650/100000]  elapsed=89852s  rate=1.1/s  eta=3114s  finite=85935
  [warn] sample 3 failed: 
  [96660/100000]  elapsed=89860s  rate=1.1/s  eta=3105s  finite=85943
  [96670/100000]  elapsed=89870s  rate=1.1/s  eta=3096s  finite=85953
  [96680/100000]  elapsed=89880s  rate=1.1/s  eta=3086s  finite=85963
  [96690/100000]  elapsed=89889s  rate=1.1/s  eta=3077s  finite=85973
  [96700/100000]  elapsed=89899s  rate=1.1/s  eta=3068s  finite=85981
  -> checkpoint saved: /scratch/e1498138/lhs/lhs_noise2_paris1_checkpoints/lhs_noise2_paris1_ckpt_096700.pkl
  [96710/100000]  elapsed=89909s  rate=1.1/s  eta=3059s  finite=85990
  [96720/100000]  elapsed=89918s  rate=1.1/s  eta=3049s  finite=85999
  [96730/100000]  elapsed=89928s  rate=1.1/s  eta=3040s  finite=86009
  [96740/100000]  elapsed=89937s  rate=1.1/s  eta=3031s  finite=86019
  [warn] sample 4 failed: 
  [warn] sample 6 failed: 
  [96750/100000]  elapsed=89945s  rate=1.1/s  eta=3021s  finite=86027
  [96760/100000]  elapsed=89955s  rate=1.1/s  eta=3012s  finite=86036
  [96770/100000]  elapsed=89965s  rate=1.1/s  eta=3003s  finite=86045
  [warn] sample 2 failed: 
  [96780/100000]  elapsed=89974s  rate=1.1/s  eta=2994s  finite=86053
  [96790/100000]  elapsed=89984s  rate=1.1/s  eta=2984s  finite=86062
  [96800/100000]  elapsed=89993s  rate=1.1/s  eta=2975s  finite=86072
  -> checkpoint saved: /scratch/e1498138/lhs/lhs_noise2_paris1_checkpoints/lhs_noise2_paris1_ckpt_096800.pkl
  [96810/100000]  elapsed=90003s  rate=1.1/s  eta=2966s  finite=86082
  [96820/100000]  elapsed=90012s  rate=1.1/s  eta=2956s  finite=86092
  [warn] sample 8 failed: 
  [96830/100000]  elapsed=90021s  rate=1.1/s  eta=2947s  finite=86101
  [96840/100000]  elapsed=90031s  rate=1.1/s  eta=2938s  finite=86111
  [96850/100000]  elapsed=90040s  rate=1.1/s  eta=2929s  finite=86120
  [96860/100000]  elapsed=90050s  rate=1.1/s  eta=2919s  finite=86128
  [96870/100000]  elapsed=90060s  rate=1.1/s  eta=2910s  finite=86137
  [96880/100000]  elapsed=90069s  rate=1.1/s  eta=2901s  finite=86145
  [warn] sample 5 failed: 
  [96890/100000]  elapsed=90078s  rate=1.1/s  eta=2891s  finite=86154
  [warn] sample 1 failed: 
  [96900/100000]  elapsed=90087s  rate=1.1/s  eta=2882s  finite=86162
  -> checkpoint saved: /scratch/e1498138/lhs/lhs_noise2_paris1_checkpoints/lhs_noise2_paris1_ckpt_096900.pkl
  [96910/100000]  elapsed=90097s  rate=1.1/s  eta=2873s  finite=86172
  [96920/100000]  elapsed=90107s  rate=1.1/s  eta=2863s  finite=86182
  [96930/100000]  elapsed=90116s  rate=1.1/s  eta=2854s  finite=86191
  [96940/100000]  elapsed=90126s  rate=1.1/s  eta=2845s  finite=86201
  [96950/100000]  elapsed=90135s  rate=1.1/s  eta=2836s  finite=86211
  [96960/100000]  elapsed=90145s  rate=1.1/s  eta=2826s  finite=86220
  [96970/100000]  elapsed=90154s  rate=1.1/s  eta=2817s  finite=86227
  [96980/100000]  elapsed=90164s  rate=1.1/s  eta=2808s  finite=86237
  [96990/100000]  elapsed=90174s  rate=1.1/s  eta=2798s  finite=86246
  [97000/100000]  elapsed=90184s  rate=1.1/s  eta=2789s  finite=86255
  -> checkpoint saved: /scratch/e1498138/lhs/lhs_noise2_paris1_checkpoints/lhs_noise2_paris1_ckpt_097000.pkl
  [97010/100000]  elapsed=90193s  rate=1.1/s  eta=2780s  finite=86265
  [97020/100000]  elapsed=90203s  rate=1.1/s  eta=2771s  finite=86274
  [warn] sample 5 failed: 
  [97030/100000]  elapsed=90212s  rate=1.1/s  eta=2761s  finite=86281
  [warn] sample 4 failed: 
  [warn] sample 6 failed: 
  [97040/100000]  elapsed=90220s  rate=1.1/s  eta=2752s  finite=86288
  [97050/100000]  elapsed=90230s  rate=1.1/s  eta=2743s  finite=86298
  [97060/100000]  elapsed=90240s  rate=1.1/s  eta=2733s  finite=86307
  [97070/100000]  elapsed=90249s  rate=1.1/s  eta=2724s  finite=86316
  [97080/100000]  elapsed=90259s  rate=1.1/s  eta=2715s  finite=86326
  [warn] sample 4 failed: 
  [97090/100000]  elapsed=90267s  rate=1.1/s  eta=2706s  finite=86334
  [97100/100000]  elapsed=90277s  rate=1.1/s  eta=2696s  finite=86344
  -> checkpoint saved: /scratch/e1498138/lhs/lhs_noise2_paris1_checkpoints/lhs_noise2_paris1_ckpt_097100.pkl
  [97110/100000]  elapsed=90286s  rate=1.1/s  eta=2687s  finite=86354
  [97120/100000]  elapsed=90296s  rate=1.1/s  eta=2678s  finite=86364
  [97130/100000]  elapsed=90305s  rate=1.1/s  eta=2668s  finite=86373
  [97140/100000]  elapsed=90314s  rate=1.1/s  eta=2659s  finite=86382
  [warn] sample 7 failed: 
  [97150/100000]  elapsed=90323s  rate=1.1/s  eta=2650s  finite=86390
  [warn] sample 3 failed: 
  [warn] sample 6 failed: 
  [97160/100000]  elapsed=90331s  rate=1.1/s  eta=2640s  finite=86397
  [97170/100000]  elapsed=90341s  rate=1.1/s  eta=2631s  finite=86406
  [97180/100000]  elapsed=90351s  rate=1.1/s  eta=2622s  finite=86416
  [warn] sample 4 failed: 
  [warn] sample 6 failed: 
  [97190/100000]  elapsed=90359s  rate=1.1/s  eta=2613s  finite=86424
  [97200/100000]  elapsed=90369s  rate=1.1/s  eta=2603s  finite=86433
  -> checkpoint saved: /scratch/e1498138/lhs/lhs_noise2_paris1_checkpoints/lhs_noise2_paris1_ckpt_097200.pkl
  [97210/100000]  elapsed=90379s  rate=1.1/s  eta=2594s  finite=86441
  [97220/100000]  elapsed=90388s  rate=1.1/s  eta=2585s  finite=86451
  [97230/100000]  elapsed=90398s  rate=1.1/s  eta=2575s  finite=86459
  [97240/100000]  elapsed=90408s  rate=1.1/s  eta=2566s  finite=86469
  [97250/100000]  elapsed=90417s  rate=1.1/s  eta=2557s  finite=86476
  [97260/100000]  elapsed=90427s  rate=1.1/s  eta=2547s  finite=86485
  [97270/100000]  elapsed=90436s  rate=1.1/s  eta=2538s  finite=86495
  [warn] sample 6 failed: 
  [97280/100000]  elapsed=90445s  rate=1.1/s  eta=2529s  finite=86503
  [97290/100000]  elapsed=90455s  rate=1.1/s  eta=2520s  finite=86513
  [97300/100000]  elapsed=90465s  rate=1.1/s  eta=2510s  finite=86523
  -> checkpoint saved: /scratch/e1498138/lhs/lhs_noise2_paris1_checkpoints/lhs_noise2_paris1_ckpt_097300.pkl
  [97310/100000]  elapsed=90475s  rate=1.1/s  eta=2501s  finite=86533
  [warn] sample 1 failed: 
  [warn] sample 6 failed: 
  [97320/100000]  elapsed=90482s  rate=1.1/s  eta=2492s  finite=86541
  [97330/100000]  elapsed=90492s  rate=1.1/s  eta=2482s  finite=86550
  [warn] sample 1 failed: 
  [97340/100000]  elapsed=90501s  rate=1.1/s  eta=2473s  finite=86559
  [97350/100000]  elapsed=90510s  rate=1.1/s  eta=2464s  finite=86567
  [97360/100000]  elapsed=90520s  rate=1.1/s  eta=2455s  finite=86577
  [97370/100000]  elapsed=90530s  rate=1.1/s  eta=2445s  finite=86587
  [97380/100000]  elapsed=90540s  rate=1.1/s  eta=2436s  finite=86596
  [97390/100000]  elapsed=90550s  rate=1.1/s  eta=2427s  finite=86605
  [warn] sample 7 failed: 
  [97400/100000]  elapsed=90559s  rate=1.1/s  eta=2417s  finite=86614
  -> checkpoint saved: /scratch/e1498138/lhs/lhs_noise2_paris1_checkpoints/lhs_noise2_paris1_ckpt_097400.pkl
  [warn] sample 9 failed: 
  [97410/100000]  elapsed=90569s  rate=1.1/s  eta=2408s  finite=86621
  [97420/100000]  elapsed=90578s  rate=1.1/s  eta=2399s  finite=86631
  [97430/100000]  elapsed=90588s  rate=1.1/s  eta=2390s  finite=86640
  [97440/100000]  elapsed=90598s  rate=1.1/s  eta=2380s  finite=86648
  [97450/100000]  elapsed=90608s  rate=1.1/s  eta=2371s  finite=86657
  [97460/100000]  elapsed=90618s  rate=1.1/s  eta=2362s  finite=86667
  [warn] sample 6 failed: 
  [97470/100000]  elapsed=90627s  rate=1.1/s  eta=2352s  finite=86675
  [warn] sample 0 failed: 
  [97480/100000]  elapsed=90636s  rate=1.1/s  eta=2343s  finite=86682
  [97490/100000]  elapsed=90645s  rate=1.1/s  eta=2334s  finite=86690
  [97500/100000]  elapsed=90655s  rate=1.1/s  eta=2324s  finite=86698
  -> checkpoint saved: /scratch/e1498138/lhs/lhs_noise2_paris1_checkpoints/lhs_noise2_paris1_ckpt_097500.pkl
  [97510/100000]  elapsed=90665s  rate=1.1/s  eta=2315s  finite=86706
  [97520/100000]  elapsed=90675s  rate=1.1/s  eta=2306s  finite=86715
  [97530/100000]  elapsed=90685s  rate=1.1/s  eta=2297s  finite=86725
  [97540/100000]  elapsed=90694s  rate=1.1/s  eta=2287s  finite=86734
  [97550/100000]  elapsed=90704s  rate=1.1/s  eta=2278s  finite=86743
  [97560/100000]  elapsed=90714s  rate=1.1/s  eta=2269s  finite=86753
  [97570/100000]  elapsed=90724s  rate=1.1/s  eta=2259s  finite=86763
  [97580/100000]  elapsed=90734s  rate=1.1/s  eta=2250s  finite=86773
  [97590/100000]  elapsed=90744s  rate=1.1/s  eta=2241s  finite=86782
  [97600/100000]  elapsed=90754s  rate=1.1/s  eta=2232s  finite=86790
  -> checkpoint saved: /scratch/e1498138/lhs/lhs_noise2_paris1_checkpoints/lhs_noise2_paris1_ckpt_097600.pkl
  [97610/100000]  elapsed=90764s  rate=1.1/s  eta=2222s  finite=86800
  [97620/100000]  elapsed=90773s  rate=1.1/s  eta=2213s  finite=86809
  [97630/100000]  elapsed=90783s  rate=1.1/s  eta=2204s  finite=86818
  [warn] sample 1 failed: 
  [97640/100000]  elapsed=90792s  rate=1.1/s  eta=2194s  finite=86827
  [97650/100000]  elapsed=90801s  rate=1.1/s  eta=2185s  finite=86836
  [97660/100000]  elapsed=90811s  rate=1.1/s  eta=2176s  finite=86844
  [97670/100000]  elapsed=90821s  rate=1.1/s  eta=2167s  finite=86854
  [97680/100000]  elapsed=90831s  rate=1.1/s  eta=2157s  finite=86863
  [warn] sample 6 failed: 
  [warn] sample 9 failed: 
  [97690/100000]  elapsed=90839s  rate=1.1/s  eta=2148s  finite=86871
  [warn] sample 4 failed: 
  [97700/100000]  elapsed=90848s  rate=1.1/s  eta=2139s  finite=86880
  -> checkpoint saved: /scratch/e1498138/lhs/lhs_noise2_paris1_checkpoints/lhs_noise2_paris1_ckpt_097700.pkl
  [warn] sample 4 failed: 
  [97710/100000]  elapsed=90857s  rate=1.1/s  eta=2129s  finite=86888
  [warn] sample 0 failed: 
  [97720/100000]  elapsed=90866s  rate=1.1/s  eta=2120s  finite=86897
  [97730/100000]  elapsed=90876s  rate=1.1/s  eta=2111s  finite=86906
  [97740/100000]  elapsed=90886s  rate=1.1/s  eta=2102s  finite=86916
  [97750/100000]  elapsed=90896s  rate=1.1/s  eta=2092s  finite=86923
  [97760/100000]  elapsed=90906s  rate=1.1/s  eta=2083s  finite=86932
  [warn] sample 3 failed: 
  [97770/100000]  elapsed=90915s  rate=1.1/s  eta=2074s  finite=86939
  [warn] sample 4 failed: 
  [97780/100000]  elapsed=90924s  rate=1.1/s  eta=2064s  finite=86948
  [warn] sample 3 failed: 
  [97790/100000]  elapsed=90934s  rate=1.1/s  eta=2055s  finite=86957
  [warn] sample 9 failed: 
  [97800/100000]  elapsed=90942s  rate=1.1/s  eta=2046s  finite=86965
  -> checkpoint saved: /scratch/e1498138/lhs/lhs_noise2_paris1_checkpoints/lhs_noise2_paris1_ckpt_097800.pkl
  [warn] sample 5 failed: 
  [97810/100000]  elapsed=90951s  rate=1.1/s  eta=2036s  finite=86974
  [97820/100000]  elapsed=90961s  rate=1.1/s  eta=2027s  finite=86983
  [97830/100000]  elapsed=90970s  rate=1.1/s  eta=2018s  finite=86993
  [97840/100000]  elapsed=90980s  rate=1.1/s  eta=2009s  finite=87002
  [97850/100000]  elapsed=90990s  rate=1.1/s  eta=1999s  finite=87010
  [97860/100000]  elapsed=90999s  rate=1.1/s  eta=1990s  finite=87019
  [97870/100000]  elapsed=91009s  rate=1.1/s  eta=1981s  finite=87029
  [97880/100000]  elapsed=91018s  rate=1.1/s  eta=1971s  finite=87039
  [97890/100000]  elapsed=91028s  rate=1.1/s  eta=1962s  finite=87048
  [warn] sample 5 failed: 
  [97900/100000]  elapsed=91037s  rate=1.1/s  eta=1953s  finite=87056
  -> checkpoint saved: /scratch/e1498138/lhs/lhs_noise2_paris1_checkpoints/lhs_noise2_paris1_ckpt_097900.pkl
  [97910/100000]  elapsed=91047s  rate=1.1/s  eta=1944s  finite=87065
  [97920/100000]  elapsed=91057s  rate=1.1/s  eta=1934s  finite=87073
  [97930/100000]  elapsed=91067s  rate=1.1/s  eta=1925s  finite=87083
  [97940/100000]  elapsed=91076s  rate=1.1/s  eta=1916s  finite=87093
  [97950/100000]  elapsed=91086s  rate=1.1/s  eta=1906s  finite=87102
  [97960/100000]  elapsed=91095s  rate=1.1/s  eta=1897s  finite=87112
  [97970/100000]  elapsed=91105s  rate=1.1/s  eta=1888s  finite=87122
  [97980/100000]  elapsed=91115s  rate=1.1/s  eta=1878s  finite=87132
  [97990/100000]  elapsed=91124s  rate=1.1/s  eta=1869s  finite=87141
  [98000/100000]  elapsed=91134s  rate=1.1/s  eta=1860s  finite=87151
  -> checkpoint saved: /scratch/e1498138/lhs/lhs_noise2_paris1_checkpoints/lhs_noise2_paris1_ckpt_098000.pkl
  [98010/100000]  elapsed=91144s  rate=1.1/s  eta=1851s  finite=87160
  [98020/100000]  elapsed=91153s  rate=1.1/s  eta=1841s  finite=87170
  [98030/100000]  elapsed=91163s  rate=1.1/s  eta=1832s  finite=87178
  [98040/100000]  elapsed=91173s  rate=1.1/s  eta=1823s  finite=87188
  [98050/100000]  elapsed=91183s  rate=1.1/s  eta=1813s  finite=87198
  [98060/100000]  elapsed=91193s  rate=1.1/s  eta=1804s  finite=87206
  [98070/100000]  elapsed=91203s  rate=1.1/s  eta=1795s  finite=87215
  [98080/100000]  elapsed=91213s  rate=1.1/s  eta=1786s  finite=87224
  [98090/100000]  elapsed=91223s  rate=1.1/s  eta=1776s  finite=87233
  [98100/100000]  elapsed=91232s  rate=1.1/s  eta=1767s  finite=87242
  -> checkpoint saved: /scratch/e1498138/lhs/lhs_noise2_paris1_checkpoints/lhs_noise2_paris1_ckpt_098100.pkl
  [98110/100000]  elapsed=91242s  rate=1.1/s  eta=1758s  finite=87250
  [warn] sample 1 failed: 
  [98120/100000]  elapsed=91251s  rate=1.1/s  eta=1748s  finite=87258
  [98130/100000]  elapsed=91261s  rate=1.1/s  eta=1739s  finite=87267
  [warn] sample 2 failed: 
  [98140/100000]  elapsed=91269s  rate=1.1/s  eta=1730s  finite=87276
  [98150/100000]  elapsed=91279s  rate=1.1/s  eta=1720s  finite=87286
  [warn] sample 6 failed: 
  [warn] sample 8 failed: 
  [98160/100000]  elapsed=91287s  rate=1.1/s  eta=1711s  finite=87292
  [98170/100000]  elapsed=91297s  rate=1.1/s  eta=1702s  finite=87300
  [warn] sample 5 failed: 
  [98180/100000]  elapsed=91306s  rate=1.1/s  eta=1693s  finite=87307
  [98190/100000]  elapsed=91316s  rate=1.1/s  eta=1683s  finite=87316
  [warn] sample 8 failed: 
  [98200/100000]  elapsed=91324s  rate=1.1/s  eta=1674s  finite=87325
  -> checkpoint saved: /scratch/e1498138/lhs/lhs_noise2_paris1_checkpoints/lhs_noise2_paris1_ckpt_098200.pkl
  [98210/100000]  elapsed=91334s  rate=1.1/s  eta=1665s  finite=87334
  [98220/100000]  elapsed=91343s  rate=1.1/s  eta=1655s  finite=87344
  [warn] sample 7 failed: 
  [98230/100000]  elapsed=91352s  rate=1.1/s  eta=1646s  finite=87352
  [98240/100000]  elapsed=91362s  rate=1.1/s  eta=1637s  finite=87361
  [warn] sample 7 failed: 
  [98250/100000]  elapsed=91371s  rate=1.1/s  eta=1627s  finite=87369
  [98260/100000]  elapsed=91380s  rate=1.1/s  eta=1618s  finite=87379
  [warn] sample 9 failed: 
  [98270/100000]  elapsed=91389s  rate=1.1/s  eta=1609s  finite=87387
  [98280/100000]  elapsed=91399s  rate=1.1/s  eta=1600s  finite=87396
  [warn] sample 0 failed: 
  [98290/100000]  elapsed=91408s  rate=1.1/s  eta=1590s  finite=87404
  [98300/100000]  elapsed=91418s  rate=1.1/s  eta=1581s  finite=87414
  -> checkpoint saved: /scratch/e1498138/lhs/lhs_noise2_paris1_checkpoints/lhs_noise2_paris1_ckpt_098300.pkl
  [98310/100000]  elapsed=91427s  rate=1.1/s  eta=1572s  finite=87423
  [98320/100000]  elapsed=91437s  rate=1.1/s  eta=1562s  finite=87433
  [98330/100000]  elapsed=91446s  rate=1.1/s  eta=1553s  finite=87443
  [warn] sample 9 failed: 
  [98340/100000]  elapsed=91455s  rate=1.1/s  eta=1544s  finite=87451
  [98350/100000]  elapsed=91465s  rate=1.1/s  eta=1534s  finite=87461
  [warn] sample 9 failed: 
  [98360/100000]  elapsed=91474s  rate=1.1/s  eta=1525s  finite=87470
  [warn] sample 2 failed: 
  [warn] sample 3 failed: 
  [98370/100000]  elapsed=91482s  rate=1.1/s  eta=1516s  finite=87478
  [warn] sample 2 failed: 
  [98380/100000]  elapsed=91491s  rate=1.1/s  eta=1507s  finite=87485
  [98390/100000]  elapsed=91500s  rate=1.1/s  eta=1497s  finite=87494
  [warn] sample 4 failed: 
  [98400/100000]  elapsed=91509s  rate=1.1/s  eta=1488s  finite=87502
  -> checkpoint saved: /scratch/e1498138/lhs/lhs_noise2_paris1_checkpoints/lhs_noise2_paris1_ckpt_098400.pkl
  [warn] sample 1 failed: 
  [98410/100000]  elapsed=91518s  rate=1.1/s  eta=1479s  finite=87511
  [98420/100000]  elapsed=91528s  rate=1.1/s  eta=1469s  finite=87521
  [warn] sample 0 failed: 
  [98430/100000]  elapsed=91537s  rate=1.1/s  eta=1460s  finite=87529
  [warn] sample 0 failed: 
  [98440/100000]  elapsed=91545s  rate=1.1/s  eta=1451s  finite=87536
  [98450/100000]  elapsed=91555s  rate=1.1/s  eta=1441s  finite=87545
  [98460/100000]  elapsed=91565s  rate=1.1/s  eta=1432s  finite=87554
  [98470/100000]  elapsed=91574s  rate=1.1/s  eta=1423s  finite=87564
  [98480/100000]  elapsed=91584s  rate=1.1/s  eta=1414s  finite=87574
  [98490/100000]  elapsed=91594s  rate=1.1/s  eta=1404s  finite=87584
  [warn] sample 3 failed: 
  [98500/100000]  elapsed=91602s  rate=1.1/s  eta=1395s  finite=87592
  -> checkpoint saved: /scratch/e1498138/lhs/lhs_noise2_paris1_checkpoints/lhs_noise2_paris1_ckpt_098500.pkl
  [warn] sample 0 failed: 
  [98510/100000]  elapsed=91611s  rate=1.1/s  eta=1386s  finite=87601
  [warn] sample 3 failed: 
  [98520/100000]  elapsed=91620s  rate=1.1/s  eta=1376s  finite=87610
  [98530/100000]  elapsed=91630s  rate=1.1/s  eta=1367s  finite=87619
  [warn] sample 3 failed: 
  [98540/100000]  elapsed=91638s  rate=1.1/s  eta=1358s  finite=87628
  [98550/100000]  elapsed=91648s  rate=1.1/s  eta=1348s  finite=87636
  [98560/100000]  elapsed=91657s  rate=1.1/s  eta=1339s  finite=87645
  [98570/100000]  elapsed=91668s  rate=1.1/s  eta=1330s  finite=87655
  [98580/100000]  elapsed=91677s  rate=1.1/s  eta=1321s  finite=87664
  [98590/100000]  elapsed=91687s  rate=1.1/s  eta=1311s  finite=87674
  [warn] sample 2 failed: 
  [98600/100000]  elapsed=91696s  rate=1.1/s  eta=1302s  finite=87683
  -> checkpoint saved: /scratch/e1498138/lhs/lhs_noise2_paris1_checkpoints/lhs_noise2_paris1_ckpt_098600.pkl
  [98610/100000]  elapsed=91706s  rate=1.1/s  eta=1293s  finite=87693
  [warn] sample 6 failed: 
  [98620/100000]  elapsed=91715s  rate=1.1/s  eta=1283s  finite=87702
  [98630/100000]  elapsed=91724s  rate=1.1/s  eta=1274s  finite=87711
  [98640/100000]  elapsed=91734s  rate=1.1/s  eta=1265s  finite=87720
  [98650/100000]  elapsed=91743s  rate=1.1/s  eta=1255s  finite=87728
  [warn] sample 8 failed: 
  [98660/100000]  elapsed=91752s  rate=1.1/s  eta=1246s  finite=87737
  [98670/100000]  elapsed=91762s  rate=1.1/s  eta=1237s  finite=87747
  [98680/100000]  elapsed=91772s  rate=1.1/s  eta=1228s  finite=87755
  [98690/100000]  elapsed=91781s  rate=1.1/s  eta=1218s  finite=87764
  [98700/100000]  elapsed=91790s  rate=1.1/s  eta=1209s  finite=87774
  -> checkpoint saved: /scratch/e1498138/lhs/lhs_noise2_paris1_checkpoints/lhs_noise2_paris1_ckpt_098700.pkl
  [warn] sample 7 failed: 
  [98710/100000]  elapsed=91799s  rate=1.1/s  eta=1200s  finite=87782
  [98720/100000]  elapsed=91809s  rate=1.1/s  eta=1190s  finite=87792
  [98730/100000]  elapsed=91818s  rate=1.1/s  eta=1181s  finite=87801
  [warn] sample 9 failed: 
  [98740/100000]  elapsed=91827s  rate=1.1/s  eta=1172s  finite=87809
  [98750/100000]  elapsed=91837s  rate=1.1/s  eta=1162s  finite=87819
  [warn] sample 0 failed: 
  [98760/100000]  elapsed=91846s  rate=1.1/s  eta=1153s  finite=87828
  [98770/100000]  elapsed=91855s  rate=1.1/s  eta=1144s  finite=87836
  [98780/100000]  elapsed=91865s  rate=1.1/s  eta=1135s  finite=87845
  [98790/100000]  elapsed=91874s  rate=1.1/s  eta=1125s  finite=87855
  [98800/100000]  elapsed=91884s  rate=1.1/s  eta=1116s  finite=87865
  -> checkpoint saved: /scratch/e1498138/lhs/lhs_noise2_paris1_checkpoints/lhs_noise2_paris1_ckpt_098800.pkl
  [98810/100000]  elapsed=91894s  rate=1.1/s  eta=1107s  finite=87874
  [98820/100000]  elapsed=91904s  rate=1.1/s  eta=1097s  finite=87884
  [98830/100000]  elapsed=91913s  rate=1.1/s  eta=1088s  finite=87893
  [98840/100000]  elapsed=91923s  rate=1.1/s  eta=1079s  finite=87903
  [98850/100000]  elapsed=91933s  rate=1.1/s  eta=1070s  finite=87913
  [98860/100000]  elapsed=91943s  rate=1.1/s  eta=1060s  finite=87923
  [98870/100000]  elapsed=91952s  rate=1.1/s  eta=1051s  finite=87933
  [warn] sample 7 failed: 
  [98880/100000]  elapsed=91961s  rate=1.1/s  eta=1042s  finite=87941
  [98890/100000]  elapsed=91971s  rate=1.1/s  eta=1032s  finite=87950
  [98900/100000]  elapsed=91981s  rate=1.1/s  eta=1023s  finite=87960
  -> checkpoint saved: /scratch/e1498138/lhs/lhs_noise2_paris1_checkpoints/lhs_noise2_paris1_ckpt_098900.pkl
  [98910/100000]  elapsed=91991s  rate=1.1/s  eta=1014s  finite=87970
  [98920/100000]  elapsed=92000s  rate=1.1/s  eta=1004s  finite=87980
  [98930/100000]  elapsed=92010s  rate=1.1/s  eta=995s  finite=87990
  [98940/100000]  elapsed=92019s  rate=1.1/s  eta=986s  finite=87999
  [98950/100000]  elapsed=92029s  rate=1.1/s  eta=977s  finite=88009
  [warn] sample 9 failed: 
  [98960/100000]  elapsed=92038s  rate=1.1/s  eta=967s  finite=88018
  [warn] sample 6 failed: 
  [98970/100000]  elapsed=92046s  rate=1.1/s  eta=958s  finite=88026
  [warn] sample 5 failed: 
  [98980/100000]  elapsed=92055s  rate=1.1/s  eta=949s  finite=88035
  [98990/100000]  elapsed=92064s  rate=1.1/s  eta=939s  finite=88045
  [warn] sample 0 failed: 
  [99000/100000]  elapsed=92073s  rate=1.1/s  eta=930s  finite=88053
  -> checkpoint saved: /scratch/e1498138/lhs/lhs_noise2_paris1_checkpoints/lhs_noise2_paris1_ckpt_099000.pkl
  [99010/100000]  elapsed=92083s  rate=1.1/s  eta=921s  finite=88063
  [99020/100000]  elapsed=92093s  rate=1.1/s  eta=911s  finite=88071
  [99030/100000]  elapsed=92103s  rate=1.1/s  eta=902s  finite=88081
  [99040/100000]  elapsed=92112s  rate=1.1/s  eta=893s  finite=88091
  [99050/100000]  elapsed=92122s  rate=1.1/s  eta=884s  finite=88100
  [warn] sample 8 failed: 
  [99060/100000]  elapsed=92131s  rate=1.1/s  eta=874s  finite=88107
  [99070/100000]  elapsed=92140s  rate=1.1/s  eta=865s  finite=88115
  [99080/100000]  elapsed=92150s  rate=1.1/s  eta=856s  finite=88125
  [warn] sample 1 failed: 
  [warn] sample 8 failed: 
  [99090/100000]  elapsed=92158s  rate=1.1/s  eta=846s  finite=88133
  [99100/100000]  elapsed=92167s  rate=1.1/s  eta=837s  finite=88141
  -> checkpoint saved: /scratch/e1498138/lhs/lhs_noise2_paris1_checkpoints/lhs_noise2_paris1_ckpt_099100.pkl
  [99110/100000]  elapsed=92177s  rate=1.1/s  eta=828s  finite=88150
  [99120/100000]  elapsed=92186s  rate=1.1/s  eta=818s  finite=88160
  [99130/100000]  elapsed=92196s  rate=1.1/s  eta=809s  finite=88170
  [99140/100000]  elapsed=92206s  rate=1.1/s  eta=800s  finite=88180
  [99150/100000]  elapsed=92215s  rate=1.1/s  eta=791s  finite=88190
  [99160/100000]  elapsed=92225s  rate=1.1/s  eta=781s  finite=88200
  [99170/100000]  elapsed=92234s  rate=1.1/s  eta=772s  finite=88209
  [99180/100000]  elapsed=92244s  rate=1.1/s  eta=763s  finite=88219
  [99190/100000]  elapsed=92254s  rate=1.1/s  eta=753s  finite=88228
  [99200/100000]  elapsed=92264s  rate=1.1/s  eta=744s  finite=88238
  -> checkpoint saved: /scratch/e1498138/lhs/lhs_noise2_paris1_checkpoints/lhs_noise2_paris1_ckpt_099200.pkl
  [warn] sample 0 failed: 
  [99210/100000]  elapsed=92273s  rate=1.1/s  eta=735s  finite=88247
  [99220/100000]  elapsed=92283s  rate=1.1/s  eta=725s  finite=88255
  [99230/100000]  elapsed=92293s  rate=1.1/s  eta=716s  finite=88263
  [warn] sample 9 failed: 
  [99240/100000]  elapsed=92301s  rate=1.1/s  eta=707s  finite=88270
  [warn] sample 4 failed: 
  [99250/100000]  elapsed=92311s  rate=1.1/s  eta=698s  finite=88279
  [warn] sample 7 failed: 
  [99260/100000]  elapsed=92320s  rate=1.1/s  eta=688s  finite=88288
  [99270/100000]  elapsed=92330s  rate=1.1/s  eta=679s  finite=88297
  [warn] sample 0 failed: 
  [99280/100000]  elapsed=92339s  rate=1.1/s  eta=670s  finite=88305
  [warn] sample 0 failed: 
  [99290/100000]  elapsed=92347s  rate=1.1/s  eta=660s  finite=88312
  [99300/100000]  elapsed=92357s  rate=1.1/s  eta=651s  finite=88321
  -> checkpoint saved: /scratch/e1498138/lhs/lhs_noise2_paris1_checkpoints/lhs_noise2_paris1_ckpt_099300.pkl
  [99310/100000]  elapsed=92366s  rate=1.1/s  eta=642s  finite=88331
  [99320/100000]  elapsed=92376s  rate=1.1/s  eta=632s  finite=88341
  [warn] sample 5 failed: 
  [99330/100000]  elapsed=92385s  rate=1.1/s  eta=623s  finite=88350
  [99340/100000]  elapsed=92395s  rate=1.1/s  eta=614s  finite=88359
  [warn] sample 5 failed: 
  [99350/100000]  elapsed=92403s  rate=1.1/s  eta=605s  finite=88368
  [99360/100000]  elapsed=92413s  rate=1.1/s  eta=595s  finite=88378
  [99370/100000]  elapsed=92423s  rate=1.1/s  eta=586s  finite=88388
  [99380/100000]  elapsed=92433s  rate=1.1/s  eta=577s  finite=88398
  [99390/100000]  elapsed=92442s  rate=1.1/s  eta=567s  finite=88407
  [99400/100000]  elapsed=92452s  rate=1.1/s  eta=558s  finite=88417
  -> checkpoint saved: /scratch/e1498138/lhs/lhs_noise2_paris1_checkpoints/lhs_noise2_paris1_ckpt_099400.pkl
  [99410/100000]  elapsed=92462s  rate=1.1/s  eta=549s  finite=88425
  [99420/100000]  elapsed=92472s  rate=1.1/s  eta=539s  finite=88433
  [99430/100000]  elapsed=92481s  rate=1.1/s  eta=530s  finite=88442
  [99440/100000]  elapsed=92491s  rate=1.1/s  eta=521s  finite=88452
  [99450/100000]  elapsed=92501s  rate=1.1/s  eta=512s  finite=88461
  [99460/100000]  elapsed=92511s  rate=1.1/s  eta=502s  finite=88470
  [99470/100000]  elapsed=92520s  rate=1.1/s  eta=493s  finite=88479
  [warn] sample 4 failed: 
  [99480/100000]  elapsed=92529s  rate=1.1/s  eta=484s  finite=88488
  [warn] sample 3 failed: 
  [99490/100000]  elapsed=92538s  rate=1.1/s  eta=474s  finite=88496
  [99500/100000]  elapsed=92548s  rate=1.1/s  eta=465s  finite=88506
  -> checkpoint saved: /scratch/e1498138/lhs/lhs_noise2_paris1_checkpoints/lhs_noise2_paris1_ckpt_099500.pkl
  [99510/100000]  elapsed=92557s  rate=1.1/s  eta=456s  finite=88515
  [99520/100000]  elapsed=92567s  rate=1.1/s  eta=446s  finite=88525
  [99530/100000]  elapsed=92576s  rate=1.1/s  eta=437s  finite=88533
  [warn] sample 2 failed: 
  [99540/100000]  elapsed=92585s  rate=1.1/s  eta=428s  finite=88540
  [99550/100000]  elapsed=92595s  rate=1.1/s  eta=419s  finite=88550
  [99560/100000]  elapsed=92604s  rate=1.1/s  eta=409s  finite=88557
  [warn] sample 7 failed: 
  [99570/100000]  elapsed=92613s  rate=1.1/s  eta=400s  finite=88566
  [warn] sample 7 failed: 
  [99580/100000]  elapsed=92622s  rate=1.1/s  eta=391s  finite=88574
  [99590/100000]  elapsed=92632s  rate=1.1/s  eta=381s  finite=88583
  [warn] sample 2 failed: 
  [99600/100000]  elapsed=92640s  rate=1.1/s  eta=372s  finite=88591
  -> checkpoint saved: /scratch/e1498138/lhs/lhs_noise2_paris1_checkpoints/lhs_noise2_paris1_ckpt_099600.pkl
  [99610/100000]  elapsed=92650s  rate=1.1/s  eta=363s  finite=88601
  [99620/100000]  elapsed=92660s  rate=1.1/s  eta=353s  finite=88609
  [99630/100000]  elapsed=92669s  rate=1.1/s  eta=344s  finite=88619
  [99640/100000]  elapsed=92679s  rate=1.1/s  eta=335s  finite=88628
  [99650/100000]  elapsed=92688s  rate=1.1/s  eta=326s  finite=88638
  [99660/100000]  elapsed=92698s  rate=1.1/s  eta=316s  finite=88648
  [warn] sample 0 failed: 
  [99670/100000]  elapsed=92707s  rate=1.1/s  eta=307s  finite=88657
  [warn] sample 0 failed: 
  [99680/100000]  elapsed=92716s  rate=1.1/s  eta=298s  finite=88665
  [99690/100000]  elapsed=92726s  rate=1.1/s  eta=288s  finite=88672
  [99700/100000]  elapsed=92735s  rate=1.1/s  eta=279s  finite=88682
  -> checkpoint saved: /scratch/e1498138/lhs/lhs_noise2_paris1_checkpoints/lhs_noise2_paris1_ckpt_099700.pkl
  [warn] sample 7 failed: 
  [99710/100000]  elapsed=92744s  rate=1.1/s  eta=270s  finite=88690
  [99720/100000]  elapsed=92754s  rate=1.1/s  eta=260s  finite=88700
  [warn] sample 4 failed: 
  [99730/100000]  elapsed=92763s  rate=1.1/s  eta=251s  finite=88709
  [99740/100000]  elapsed=92772s  rate=1.1/s  eta=242s  finite=88717
  [99750/100000]  elapsed=92782s  rate=1.1/s  eta=233s  finite=88725
  [99760/100000]  elapsed=92792s  rate=1.1/s  eta=223s  finite=88734
  [99770/100000]  elapsed=92801s  rate=1.1/s  eta=214s  finite=88743
  [99780/100000]  elapsed=92811s  rate=1.1/s  eta=205s  finite=88753
  [99790/100000]  elapsed=92821s  rate=1.1/s  eta=195s  finite=88762
  [99800/100000]  elapsed=92831s  rate=1.1/s  eta=186s  finite=88771
  -> checkpoint saved: /scratch/e1498138/lhs/lhs_noise2_paris1_checkpoints/lhs_noise2_paris1_ckpt_099800.pkl
  [warn] sample 2 failed: 
  [99810/100000]  elapsed=92839s  rate=1.1/s  eta=177s  finite=88780
  [warn] sample 7 failed: 
  [99820/100000]  elapsed=92848s  rate=1.1/s  eta=167s  finite=88789
  [99830/100000]  elapsed=92858s  rate=1.1/s  eta=158s  finite=88799
  [99840/100000]  elapsed=92867s  rate=1.1/s  eta=149s  finite=88807
  [warn] sample 3 failed: 
  [99850/100000]  elapsed=92876s  rate=1.1/s  eta=140s  finite=88816
  [99860/100000]  elapsed=92886s  rate=1.1/s  eta=130s  finite=88826
  [warn] sample 7 failed: 
  [99870/100000]  elapsed=92894s  rate=1.1/s  eta=121s  finite=88833
  [warn] sample 3 failed: 
  [99880/100000]  elapsed=92903s  rate=1.1/s  eta=112s  finite=88842
  [99890/100000]  elapsed=92913s  rate=1.1/s  eta=102s  finite=88851
  [99900/100000]  elapsed=92922s  rate=1.1/s  eta=93s  finite=88861
  -> checkpoint saved: /scratch/e1498138/lhs/lhs_noise2_paris1_checkpoints/lhs_noise2_paris1_ckpt_099900.pkl
  [99910/100000]  elapsed=92932s  rate=1.1/s  eta=84s  finite=88869
  [99920/100000]  elapsed=92941s  rate=1.1/s  eta=74s  finite=88878
  [99930/100000]  elapsed=92951s  rate=1.1/s  eta=65s  finite=88888
  [99940/100000]  elapsed=92961s  rate=1.1/s  eta=56s  finite=88897
  [99950/100000]  elapsed=92971s  rate=1.1/s  eta=47s  finite=88907
  [99960/100000]  elapsed=92981s  rate=1.1/s  eta=37s  finite=88917
  [99970/100000]  elapsed=92990s  rate=1.1/s  eta=28s  finite=88926
  [warn] sample 9 failed: 
  [99980/100000]  elapsed=92999s  rate=1.1/s  eta=19s  finite=88935
  [99990/100000]  elapsed=93009s  rate=1.1/s  eta=9s  finite=88943
  [warn] sample 4 failed: 
  [100000/100000]  elapsed=93018s  rate=1.1/s  eta=0s  finite=88951
  -> checkpoint saved: /scratch/e1498138/lhs/lhs_noise2_paris1_checkpoints/lhs_noise2_paris1_ckpt_100000.pkl

Done!  Final output: /scratch/e1498138/lhs/lhs_noise2_paris1_checkpoints/lhs_noise2_paris1_final.pkl
Total finite evaluations: 88951 / 100000
Job completed at Tue May 12 06:29:35 PM +08 2026
