dt=10s  T=0.25yr
Building waveform generators...
Initializing loglike...
SNR = 5.942134448355127
Evaluating 500000 remaining samples in 5000 batches of 100  (checkpoint every 10 batches)
  [100/500000]  elapsed=14s  rate=7.3/s  eta=68167s  finite=100
  [200/500000]  elapsed=27s  rate=7.5/s  eta=66818s  finite=200
  [300/500000]  elapsed=41s  rate=7.2/s  eta=69016s  finite=300
  [400/500000]  elapsed=56s  rate=7.2/s  eta=69356s  finite=400
  [500/500000]  elapsed=70s  rate=7.1/s  eta=69880s  finite=500
  [600/500000]  elapsed=84s  rate=7.1/s  eta=70044s  finite=600
  [700/500000]  elapsed=97s  rate=7.2/s  eta=69404s  finite=700
  [800/500000]  elapsed=112s  rate=7.1/s  eta=70067s  finite=800
  [900/500000]  elapsed=126s  rate=7.1/s  eta=70052s  finite=900
  [1000/500000]  elapsed=141s  rate=7.1/s  eta=70469s  finite=1000
  -> checkpoint saved: /scratch/e1498138/lhs/nonoise/ckpt_5e5/ckpt_001000.pkl
  [1100/500000]  elapsed=155s  rate=7.1/s  eta=70151s  finite=1100
  [1200/500000]  elapsed=169s  rate=7.1/s  eta=70142s  finite=1200
  [1300/500000]  elapsed=181s  rate=7.2/s  eta=69483s  finite=1300
  [1400/500000]  elapsed=196s  rate=7.1/s  eta=69755s  finite=1400
  [1500/500000]  elapsed=210s  rate=7.1/s  eta=69759s  finite=1500
  [1600/500000]  elapsed=225s  rate=7.1/s  eta=70008s  finite=1600
  [1700/500000]  elapsed=239s  rate=7.1/s  eta=69987s  finite=1700
  [1800/500000]  elapsed=252s  rate=7.1/s  eta=69868s  finite=1800
  [1900/500000]  elapsed=266s  rate=7.1/s  eta=69679s  finite=1900
  [2000/500000]  elapsed=279s  rate=7.2/s  eta=69504s  finite=2000
  -> checkpoint saved: /scratch/e1498138/lhs/nonoise/ckpt_5e5/ckpt_002000.pkl
  [2100/500000]  elapsed=293s  rate=7.2/s  eta=69561s  finite=2100
  [2200/500000]  elapsed=308s  rate=7.1/s  eta=69679s  finite=2200
  [2300/500000]  elapsed=321s  rate=7.2/s  eta=69554s  finite=2300
  [2400/500000]  elapsed=335s  rate=7.2/s  eta=69521s  finite=2400
  [2500/500000]  elapsed=350s  rate=7.1/s  eta=69613s  finite=2500
  [2600/500000]  elapsed=363s  rate=7.2/s  eta=69447s  finite=2600
  [2700/500000]  elapsed=377s  rate=7.2/s  eta=69377s  finite=2700
  [2800/500000]  elapsed=390s  rate=7.2/s  eta=69197s  finite=2800
  [2900/500000]  elapsed=403s  rate=7.2/s  eta=69004s  finite=2900
  [3000/500000]  elapsed=415s  rate=7.2/s  eta=68760s  finite=3000
  -> checkpoint saved: /scratch/e1498138/lhs/nonoise/ckpt_5e5/ckpt_003000.pkl
  [3100/500000]  elapsed=429s  rate=7.2/s  eta=68782s  finite=3100
  [3200/500000]  elapsed=443s  rate=7.2/s  eta=68717s  finite=3200
  [3300/500000]  elapsed=456s  rate=7.2/s  eta=68610s  finite=3300
  [3400/500000]  elapsed=469s  rate=7.3/s  eta=68471s  finite=3400
  [3500/500000]  elapsed=484s  rate=7.2/s  eta=68703s  finite=3500
  [3600/500000]  elapsed=498s  rate=7.2/s  eta=68720s  finite=3600
  [3700/500000]  elapsed=513s  rate=7.2/s  eta=68842s  finite=3700
  [3800/500000]  elapsed=528s  rate=7.2/s  eta=68891s  finite=3800
  [3900/500000]  elapsed=541s  rate=7.2/s  eta=68789s  finite=3900
  [4000/500000]  elapsed=555s  rate=7.2/s  eta=68834s  finite=4000
  -> checkpoint saved: /scratch/e1498138/lhs/nonoise/ckpt_5e5/ckpt_004000.pkl
  [4100/500000]  elapsed=568s  rate=7.2/s  eta=68741s  finite=4100
  [4200/500000]  elapsed=584s  rate=7.2/s  eta=68882s  finite=4200
  [4300/500000]  elapsed=597s  rate=7.2/s  eta=68841s  finite=4300
  [4400/500000]  elapsed=612s  rate=7.2/s  eta=68882s  finite=4400
  [4500/500000]  elapsed=624s  rate=7.2/s  eta=68734s  finite=4500
  [4600/500000]  elapsed=637s  rate=7.2/s  eta=68581s  finite=4600
  [4700/500000]  elapsed=650s  rate=7.2/s  eta=68486s  finite=4700
  [4800/500000]  elapsed=664s  rate=7.2/s  eta=68489s  finite=4800
  [4900/500000]  elapsed=677s  rate=7.2/s  eta=68405s  finite=4900
  [5000/500000]  elapsed=692s  rate=7.2/s  eta=68530s  finite=5000
  -> checkpoint saved: /scratch/e1498138/lhs/nonoise/ckpt_5e5/ckpt_005000.pkl
  [5100/500000]  elapsed=707s  rate=7.2/s  eta=68578s  finite=5100
  [5200/500000]  elapsed=721s  rate=7.2/s  eta=68590s  finite=5200
  [5300/500000]  elapsed=735s  rate=7.2/s  eta=68588s  finite=5300
  [5400/500000]  elapsed=749s  rate=7.2/s  eta=68607s  finite=5400
  [5500/500000]  elapsed=764s  rate=7.2/s  eta=68662s  finite=5500
  [5600/500000]  elapsed=777s  rate=7.2/s  eta=68618s  finite=5600
  [5700/500000]  elapsed=791s  rate=7.2/s  eta=68602s  finite=5700
  [5800/500000]  elapsed=805s  rate=7.2/s  eta=68574s  finite=5800
  [5900/500000]  elapsed=818s  rate=7.2/s  eta=68512s  finite=5900
  [6000/500000]  elapsed=832s  rate=7.2/s  eta=68492s  finite=6000
  -> checkpoint saved: /scratch/e1498138/lhs/nonoise/ckpt_5e5/ckpt_006000.pkl
  [6100/500000]  elapsed=846s  rate=7.2/s  eta=68458s  finite=6100
  [6200/500000]  elapsed=859s  rate=7.2/s  eta=68433s  finite=6200
  [6300/500000]  elapsed=874s  rate=7.2/s  eta=68476s  finite=6300
  [6400/500000]  elapsed=887s  rate=7.2/s  eta=68391s  finite=6400
  [6500/500000]  elapsed=901s  rate=7.2/s  eta=68412s  finite=6500
  [6600/500000]  elapsed=916s  rate=7.2/s  eta=68479s  finite=6600
  [6700/500000]  elapsed=930s  rate=7.2/s  eta=68492s  finite=6700
  [6800/500000]  elapsed=945s  rate=7.2/s  eta=68542s  finite=6800
  [6900/500000]  elapsed=959s  rate=7.2/s  eta=68559s  finite=6900
  [7000/500000]  elapsed=972s  rate=7.2/s  eta=68453s  finite=7000
  -> checkpoint saved: /scratch/e1498138/lhs/nonoise/ckpt_5e5/ckpt_007000.pkl
  [7100/500000]  elapsed=986s  rate=7.2/s  eta=68418s  finite=7100
  [7200/500000]  elapsed=1000s  rate=7.2/s  eta=68439s  finite=7200
  [7300/500000]  elapsed=1014s  rate=7.2/s  eta=68428s  finite=7300
  [7400/500000]  elapsed=1027s  rate=7.2/s  eta=68360s  finite=7400
  [7500/500000]  elapsed=1041s  rate=7.2/s  eta=68387s  finite=7500
  [7600/500000]  elapsed=1055s  rate=7.2/s  eta=68380s  finite=7600
  [7700/500000]  elapsed=1068s  rate=7.2/s  eta=68310s  finite=7700
  [7800/500000]  elapsed=1082s  rate=7.2/s  eta=68282s  finite=7800
  [7900/500000]  elapsed=1096s  rate=7.2/s  eta=68298s  finite=7900
  [8000/500000]  elapsed=1112s  rate=7.2/s  eta=68393s  finite=8000
  -> checkpoint saved: /scratch/e1498138/lhs/nonoise/ckpt_5e5/ckpt_008000.pkl
  [8100/500000]  elapsed=1126s  rate=7.2/s  eta=68364s  finite=8100
  [8200/500000]  elapsed=1139s  rate=7.2/s  eta=68310s  finite=8200
  [8300/500000]  elapsed=1154s  rate=7.2/s  eta=68381s  finite=8300
  [8400/500000]  elapsed=1167s  rate=7.2/s  eta=68314s  finite=8400
  [8500/500000]  elapsed=1181s  rate=7.2/s  eta=68283s  finite=8500
  [8600/500000]  elapsed=1195s  rate=7.2/s  eta=68283s  finite=8600
  [8700/500000]  elapsed=1210s  rate=7.2/s  eta=68315s  finite=8700
  [8800/500000]  elapsed=1224s  rate=7.2/s  eta=68326s  finite=8800
  [8900/500000]  elapsed=1239s  rate=7.2/s  eta=68385s  finite=8900
  [9000/500000]  elapsed=1254s  rate=7.2/s  eta=68424s  finite=9000
  -> checkpoint saved: /scratch/e1498138/lhs/nonoise/ckpt_5e5/ckpt_009000.pkl
  [9100/500000]  elapsed=1267s  rate=7.2/s  eta=68341s  finite=9100
  [9200/500000]  elapsed=1280s  rate=7.2/s  eta=68300s  finite=9200
  [9300/500000]  elapsed=1295s  rate=7.2/s  eta=68340s  finite=9300
  [9400/500000]  elapsed=1309s  rate=7.2/s  eta=68335s  finite=9400
  [9500/500000]  elapsed=1324s  rate=7.2/s  eta=68335s  finite=9500
  [9600/500000]  elapsed=1337s  rate=7.2/s  eta=68321s  finite=9600
  [9700/500000]  elapsed=1352s  rate=7.2/s  eta=68355s  finite=9700
  [9800/500000]  elapsed=1366s  rate=7.2/s  eta=68352s  finite=9800
  [9900/500000]  elapsed=1381s  rate=7.2/s  eta=68358s  finite=9900
  [10000/500000]  elapsed=1396s  rate=7.2/s  eta=68392s  finite=10000
  -> checkpoint saved: /scratch/e1498138/lhs/nonoise/ckpt_5e5/ckpt_010000.pkl
  [10100/500000]  elapsed=1409s  rate=7.2/s  eta=68320s  finite=10100
  [10200/500000]  elapsed=1422s  rate=7.2/s  eta=68292s  finite=10200
  [10300/500000]  elapsed=1436s  rate=7.2/s  eta=68291s  finite=10300
  [10400/500000]  elapsed=1450s  rate=7.2/s  eta=68256s  finite=10400
  [10500/500000]  elapsed=1463s  rate=7.2/s  eta=68190s  finite=10500
  [10600/500000]  elapsed=1477s  rate=7.2/s  eta=68180s  finite=10600
  [10700/500000]  elapsed=1491s  rate=7.2/s  eta=68180s  finite=10700
  [10800/500000]  elapsed=1505s  rate=7.2/s  eta=68173s  finite=10800
  [10900/500000]  elapsed=1518s  rate=7.2/s  eta=68127s  finite=10900
  [11000/500000]  elapsed=1533s  rate=7.2/s  eta=68131s  finite=11000
  -> checkpoint saved: /scratch/e1498138/lhs/nonoise/ckpt_5e5/ckpt_011000.pkl
  [11100/500000]  elapsed=1546s  rate=7.2/s  eta=68076s  finite=11100
  [11200/500000]  elapsed=1560s  rate=7.2/s  eta=68063s  finite=11200
  [11300/500000]  elapsed=1573s  rate=7.2/s  eta=68026s  finite=11300
  [11400/500000]  elapsed=1587s  rate=7.2/s  eta=68005s  finite=11400
  [11500/500000]  elapsed=1601s  rate=7.2/s  eta=67996s  finite=11500
  [11600/500000]  elapsed=1615s  rate=7.2/s  eta=68018s  finite=11600
  [11700/500000]  elapsed=1630s  rate=7.2/s  eta=68038s  finite=11700
  [11800/500000]  elapsed=1643s  rate=7.2/s  eta=67989s  finite=11800
  [11900/500000]  elapsed=1657s  rate=7.2/s  eta=67949s  finite=11900
  [12000/500000]  elapsed=1672s  rate=7.2/s  eta=67996s  finite=12000
  -> checkpoint saved: /scratch/e1498138/lhs/nonoise/ckpt_5e5/ckpt_012000.pkl
  [12100/500000]  elapsed=1685s  rate=7.2/s  eta=67960s  finite=12100
  [12200/500000]  elapsed=1701s  rate=7.2/s  eta=67992s  finite=12200
  [12300/500000]  elapsed=1714s  rate=7.2/s  eta=67967s  finite=12300
  [12400/500000]  elapsed=1729s  rate=7.2/s  eta=67982s  finite=12400
  [12500/500000]  elapsed=1742s  rate=7.2/s  eta=67932s  finite=12500
  [12600/500000]  elapsed=1757s  rate=7.2/s  eta=67976s  finite=12600
  [12700/500000]  elapsed=1771s  rate=7.2/s  eta=67963s  finite=12700
  [12800/500000]  elapsed=1785s  rate=7.2/s  eta=67946s  finite=12800
  [12900/500000]  elapsed=1799s  rate=7.2/s  eta=67912s  finite=12900
  [13000/500000]  elapsed=1812s  rate=7.2/s  eta=67889s  finite=13000
  -> checkpoint saved: /scratch/e1498138/lhs/nonoise/ckpt_5e5/ckpt_013000.pkl
  [13100/500000]  elapsed=1826s  rate=7.2/s  eta=67885s  finite=13100
  [13200/500000]  elapsed=1841s  rate=7.2/s  eta=67894s  finite=13200
  [13300/500000]  elapsed=1855s  rate=7.2/s  eta=67872s  finite=13300
  [13400/500000]  elapsed=1869s  rate=7.2/s  eta=67855s  finite=13400
  [13500/500000]  elapsed=1882s  rate=7.2/s  eta=67805s  finite=13500
  [13600/500000]  elapsed=1895s  rate=7.2/s  eta=67765s  finite=13600
  [13700/500000]  elapsed=1910s  rate=7.2/s  eta=67783s  finite=13700
  [13800/500000]  elapsed=1923s  rate=7.2/s  eta=67739s  finite=13800
  [13900/500000]  elapsed=1936s  rate=7.2/s  eta=67692s  finite=13900
  [14000/500000]  elapsed=1950s  rate=7.2/s  eta=67710s  finite=14000
  -> checkpoint saved: /scratch/e1498138/lhs/nonoise/ckpt_5e5/ckpt_014000.pkl
  [14100/500000]  elapsed=1964s  rate=7.2/s  eta=67698s  finite=14100
  [14200/500000]  elapsed=1979s  rate=7.2/s  eta=67712s  finite=14200
  [14300/500000]  elapsed=1993s  rate=7.2/s  eta=67696s  finite=14300
  [14400/500000]  elapsed=2006s  rate=7.2/s  eta=67647s  finite=14400
  [14500/500000]  elapsed=2019s  rate=7.2/s  eta=67613s  finite=14500
  [14600/500000]  elapsed=2033s  rate=7.2/s  eta=67574s  finite=14600
  [14700/500000]  elapsed=2045s  rate=7.2/s  eta=67509s  finite=14700
  [14800/500000]  elapsed=2057s  rate=7.2/s  eta=67452s  finite=14800
  [14900/500000]  elapsed=2070s  rate=7.2/s  eta=67398s  finite=14900
  [15000/500000]  elapsed=2083s  rate=7.2/s  eta=67354s  finite=15000
  -> checkpoint saved: /scratch/e1498138/lhs/nonoise/ckpt_5e5/ckpt_015000.pkl
  [15100/500000]  elapsed=2097s  rate=7.2/s  eta=67354s  finite=15100
  [15200/500000]  elapsed=2112s  rate=7.2/s  eta=67351s  finite=15200
  [15300/500000]  elapsed=2125s  rate=7.2/s  eta=67314s  finite=15300
  [15400/500000]  elapsed=2138s  rate=7.2/s  eta=67265s  finite=15400
  [15500/500000]  elapsed=2150s  rate=7.2/s  eta=67209s  finite=15500
  [15600/500000]  elapsed=2163s  rate=7.2/s  eta=67165s  finite=15600
  [15700/500000]  elapsed=2178s  rate=7.2/s  eta=67175s  finite=15700
  [15800/500000]  elapsed=2192s  rate=7.2/s  eta=67167s  finite=15800
  [15900/500000]  elapsed=2205s  rate=7.2/s  eta=67131s  finite=15900
  [16000/500000]  elapsed=2220s  rate=7.2/s  eta=67148s  finite=16000
  -> checkpoint saved: /scratch/e1498138/lhs/nonoise/ckpt_5e5/ckpt_016000.pkl
  [16100/500000]  elapsed=2232s  rate=7.2/s  eta=67092s  finite=16100
  [16200/500000]  elapsed=2246s  rate=7.2/s  eta=67078s  finite=16200
  [16300/500000]  elapsed=2260s  rate=7.2/s  eta=67078s  finite=16300
  [16400/500000]  elapsed=2274s  rate=7.2/s  eta=67054s  finite=16400
  [16500/500000]  elapsed=2287s  rate=7.2/s  eta=67026s  finite=16500
  [16600/500000]  elapsed=2302s  rate=7.2/s  eta=67045s  finite=16600
  [16700/500000]  elapsed=2316s  rate=7.2/s  eta=67021s  finite=16700
  [16800/500000]  elapsed=2328s  rate=7.2/s  eta=66963s  finite=16800
  [16900/500000]  elapsed=2341s  rate=7.2/s  eta=66928s  finite=16900
  [17000/500000]  elapsed=2354s  rate=7.2/s  eta=66891s  finite=17000
  -> checkpoint saved: /scratch/e1498138/lhs/nonoise/ckpt_5e5/ckpt_017000.pkl
  [17100/500000]  elapsed=2367s  rate=7.2/s  eta=66849s  finite=17100
  [17200/500000]  elapsed=2381s  rate=7.2/s  eta=66830s  finite=17200
  [17300/500000]  elapsed=2395s  rate=7.2/s  eta=66826s  finite=17300
  [17400/500000]  elapsed=2409s  rate=7.2/s  eta=66807s  finite=17400
  [17500/500000]  elapsed=2422s  rate=7.2/s  eta=66780s  finite=17500
  [17600/500000]  elapsed=2436s  rate=7.2/s  eta=66757s  finite=17600
  [17700/500000]  elapsed=2450s  rate=7.2/s  eta=66747s  finite=17700
  [17800/500000]  elapsed=2462s  rate=7.2/s  eta=66688s  finite=17800
  [17900/500000]  elapsed=2476s  rate=7.2/s  eta=66692s  finite=17900
  [18000/500000]  elapsed=2490s  rate=7.2/s  eta=66680s  finite=18000
  -> checkpoint saved: /scratch/e1498138/lhs/nonoise/ckpt_5e5/ckpt_018000.pkl
  [18100/500000]  elapsed=2506s  rate=7.2/s  eta=66710s  finite=18100
  [18200/500000]  elapsed=2519s  rate=7.2/s  eta=66693s  finite=18200
  [18300/500000]  elapsed=2532s  rate=7.2/s  eta=66653s  finite=18300
  [18400/500000]  elapsed=2545s  rate=7.2/s  eta=66615s  finite=18400
  [18500/500000]  elapsed=2558s  rate=7.2/s  eta=66578s  finite=18500
  [18600/500000]  elapsed=2572s  rate=7.2/s  eta=66562s  finite=18600
  [18700/500000]  elapsed=2586s  rate=7.2/s  eta=66554s  finite=18700
  [18800/500000]  elapsed=2600s  rate=7.2/s  eta=66541s  finite=18800
  [18900/500000]  elapsed=2613s  rate=7.2/s  eta=66515s  finite=18900
  [19000/500000]  elapsed=2626s  rate=7.2/s  eta=66487s  finite=19000
  -> checkpoint saved: /scratch/e1498138/lhs/nonoise/ckpt_5e5/ckpt_019000.pkl
  [19100/500000]  elapsed=2639s  rate=7.2/s  eta=66452s  finite=19100
  [19200/500000]  elapsed=2653s  rate=7.2/s  eta=66446s  finite=19200
  [19300/500000]  elapsed=2668s  rate=7.2/s  eta=66451s  finite=19300
  [19400/500000]  elapsed=2680s  rate=7.2/s  eta=66398s  finite=19400
  [19500/500000]  elapsed=2693s  rate=7.2/s  eta=66366s  finite=19500
  [19600/500000]  elapsed=2708s  rate=7.2/s  eta=66371s  finite=19600
  [19700/500000]  elapsed=2723s  rate=7.2/s  eta=66381s  finite=19700
  [19800/500000]  elapsed=2738s  rate=7.2/s  eta=66398s  finite=19800
  [19900/500000]  elapsed=2752s  rate=7.2/s  eta=66389s  finite=19900
  [20000/500000]  elapsed=2768s  rate=7.2/s  eta=66427s  finite=20000
  -> checkpoint saved: /scratch/e1498138/lhs/nonoise/ckpt_5e5/ckpt_020000.pkl
  [20100/500000]  elapsed=2781s  rate=7.2/s  eta=66388s  finite=20100
  [20200/500000]  elapsed=2793s  rate=7.2/s  eta=66347s  finite=20200
  [20300/500000]  elapsed=2808s  rate=7.2/s  eta=66350s  finite=20300
  [20400/500000]  elapsed=2822s  rate=7.2/s  eta=66354s  finite=20400
  [20500/500000]  elapsed=2835s  rate=7.2/s  eta=66323s  finite=20500
  [20600/500000]  elapsed=2849s  rate=7.2/s  eta=66296s  finite=20600
  [20700/500000]  elapsed=2862s  rate=7.2/s  eta=66269s  finite=20700
  [20800/500000]  elapsed=2877s  rate=7.2/s  eta=66273s  finite=20800
  [20900/500000]  elapsed=2890s  rate=7.2/s  eta=66260s  finite=20900
  [21000/500000]  elapsed=2905s  rate=7.2/s  eta=66255s  finite=21000
  -> checkpoint saved: /scratch/e1498138/lhs/nonoise/ckpt_5e5/ckpt_021000.pkl
  [21100/500000]  elapsed=2920s  rate=7.2/s  eta=66280s  finite=21100
  [21200/500000]  elapsed=2934s  rate=7.2/s  eta=66265s  finite=21200
  [21300/500000]  elapsed=2949s  rate=7.2/s  eta=66287s  finite=21300
  [21400/500000]  elapsed=2963s  rate=7.2/s  eta=66273s  finite=21400
  [21500/500000]  elapsed=2977s  rate=7.2/s  eta=66249s  finite=21500
  [21600/500000]  elapsed=2991s  rate=7.2/s  eta=66246s  finite=21600
  [21700/500000]  elapsed=3005s  rate=7.2/s  eta=66237s  finite=21700
  [21800/500000]  elapsed=3018s  rate=7.2/s  eta=66195s  finite=21800
  [21900/500000]  elapsed=3032s  rate=7.2/s  eta=66197s  finite=21900
  [22000/500000]  elapsed=3046s  rate=7.2/s  eta=66190s  finite=22000
  -> checkpoint saved: /scratch/e1498138/lhs/nonoise/ckpt_5e5/ckpt_022000.pkl
  [22100/500000]  elapsed=3060s  rate=7.2/s  eta=66172s  finite=22100
  [22200/500000]  elapsed=3074s  rate=7.2/s  eta=66163s  finite=22200
  [22300/500000]  elapsed=3089s  rate=7.2/s  eta=66175s  finite=22300
  [22400/500000]  elapsed=3101s  rate=7.2/s  eta=66124s  finite=22400
  [22500/500000]  elapsed=3115s  rate=7.2/s  eta=66114s  finite=22500
  [22600/500000]  elapsed=3130s  rate=7.2/s  eta=66118s  finite=22600
  [22700/500000]  elapsed=3145s  rate=7.2/s  eta=66129s  finite=22700
  [22800/500000]  elapsed=3158s  rate=7.2/s  eta=66096s  finite=22800
  [22900/500000]  elapsed=3170s  rate=7.2/s  eta=66054s  finite=22900
  [23000/500000]  elapsed=3184s  rate=7.2/s  eta=66023s  finite=23000
  -> checkpoint saved: /scratch/e1498138/lhs/nonoise/ckpt_5e5/ckpt_023000.pkl
  [23100/500000]  elapsed=3197s  rate=7.2/s  eta=66004s  finite=23100
  [23200/500000]  elapsed=3211s  rate=7.2/s  eta=66000s  finite=23200
  [23300/500000]  elapsed=3226s  rate=7.2/s  eta=65993s  finite=23300
  [23400/500000]  elapsed=3238s  rate=7.2/s  eta=65957s  finite=23400
  [23500/500000]  elapsed=3253s  rate=7.2/s  eta=65954s  finite=23500
  [23600/500000]  elapsed=3268s  rate=7.2/s  eta=65965s  finite=23600
  [23700/500000]  elapsed=3280s  rate=7.2/s  eta=65926s  finite=23700
  [23800/500000]  elapsed=3293s  rate=7.2/s  eta=65892s  finite=23800
  [23900/500000]  elapsed=3307s  rate=7.2/s  eta=65877s  finite=23900
  [24000/500000]  elapsed=3323s  rate=7.2/s  eta=65898s  finite=24000
  -> checkpoint saved: /scratch/e1498138/lhs/nonoise/ckpt_5e5/ckpt_024000.pkl
  [24100/500000]  elapsed=3335s  rate=7.2/s  eta=65861s  finite=24100
  [24200/500000]  elapsed=3349s  rate=7.2/s  eta=65847s  finite=24200
  [24300/500000]  elapsed=3364s  rate=7.2/s  eta=65846s  finite=24300
  [24400/500000]  elapsed=3378s  rate=7.2/s  eta=65837s  finite=24400
  [24500/500000]  elapsed=3392s  rate=7.2/s  eta=65831s  finite=24500
  [24600/500000]  elapsed=3406s  rate=7.2/s  eta=65828s  finite=24600
  [24700/500000]  elapsed=3420s  rate=7.2/s  eta=65814s  finite=24700
  [24800/500000]  elapsed=3437s  rate=7.2/s  eta=65859s  finite=24800
  [24900/500000]  elapsed=3450s  rate=7.2/s  eta=65834s  finite=24900
  [25000/500000]  elapsed=3464s  rate=7.2/s  eta=65810s  finite=25000
  -> checkpoint saved: /scratch/e1498138/lhs/nonoise/ckpt_5e5/ckpt_025000.pkl
  [25100/500000]  elapsed=3477s  rate=7.2/s  eta=65785s  finite=25100
  [25200/500000]  elapsed=3491s  rate=7.2/s  eta=65782s  finite=25200
  [25300/500000]  elapsed=3506s  rate=7.2/s  eta=65782s  finite=25300
  [25400/500000]  elapsed=3521s  rate=7.2/s  eta=65790s  finite=25400
  [25500/500000]  elapsed=3534s  rate=7.2/s  eta=65765s  finite=25500
  [25600/500000]  elapsed=3548s  rate=7.2/s  eta=65747s  finite=25600
  [25700/500000]  elapsed=3561s  rate=7.2/s  eta=65714s  finite=25700
  [25800/500000]  elapsed=3575s  rate=7.2/s  eta=65708s  finite=25800
  [25900/500000]  elapsed=3588s  rate=7.2/s  eta=65677s  finite=25900
  [26000/500000]  elapsed=3603s  rate=7.2/s  eta=65690s  finite=26000
  -> checkpoint saved: /scratch/e1498138/lhs/nonoise/ckpt_5e5/ckpt_026000.pkl
  [26100/500000]  elapsed=3617s  rate=7.2/s  eta=65676s  finite=26100
  [26200/500000]  elapsed=3631s  rate=7.2/s  eta=65668s  finite=26200
  [26300/500000]  elapsed=3645s  rate=7.2/s  eta=65654s  finite=26300
  [26400/500000]  elapsed=3658s  rate=7.2/s  eta=65627s  finite=26400
  [26500/500000]  elapsed=3673s  rate=7.2/s  eta=65621s  finite=26500
  [26600/500000]  elapsed=3686s  rate=7.2/s  eta=65591s  finite=26600
  [26700/500000]  elapsed=3699s  rate=7.2/s  eta=65571s  finite=26700
  [26800/500000]  elapsed=3713s  rate=7.2/s  eta=65559s  finite=26800
  [26900/500000]  elapsed=3726s  rate=7.2/s  eta=65532s  finite=26900
  [27000/500000]  elapsed=3741s  rate=7.2/s  eta=65541s  finite=27000
  -> checkpoint saved: /scratch/e1498138/lhs/nonoise/ckpt_5e5/ckpt_027000.pkl
  [27100/500000]  elapsed=3754s  rate=7.2/s  eta=65506s  finite=27100
  [27200/500000]  elapsed=3767s  rate=7.2/s  eta=65478s  finite=27200
  [27300/500000]  elapsed=3780s  rate=7.2/s  eta=65456s  finite=27300
  [27400/500000]  elapsed=3796s  rate=7.2/s  eta=65472s  finite=27400
  [27500/500000]  elapsed=3809s  rate=7.2/s  eta=65444s  finite=27500
  [27600/500000]  elapsed=3823s  rate=7.2/s  eta=65430s  finite=27600
  [27700/500000]  elapsed=3837s  rate=7.2/s  eta=65418s  finite=27700
  [27800/500000]  elapsed=3850s  rate=7.2/s  eta=65401s  finite=27800
  [27900/500000]  elapsed=3864s  rate=7.2/s  eta=65378s  finite=27900
  [28000/500000]  elapsed=3876s  rate=7.2/s  eta=65346s  finite=28000
  -> checkpoint saved: /scratch/e1498138/lhs/nonoise/ckpt_5e5/ckpt_028000.pkl
  [28100/500000]  elapsed=3891s  rate=7.2/s  eta=65341s  finite=28100
  [28200/500000]  elapsed=3904s  rate=7.2/s  eta=65321s  finite=28200
  [28300/500000]  elapsed=3917s  rate=7.2/s  eta=65295s  finite=28300
  [28400/500000]  elapsed=3931s  rate=7.2/s  eta=65270s  finite=28400
  [28500/500000]  elapsed=3943s  rate=7.2/s  eta=65236s  finite=28500
  [28600/500000]  elapsed=3958s  rate=7.2/s  eta=65230s  finite=28600
  [28700/500000]  elapsed=3971s  rate=7.2/s  eta=65206s  finite=28700
  [28800/500000]  elapsed=3986s  rate=7.2/s  eta=65217s  finite=28800
  [28900/500000]  elapsed=4000s  rate=7.2/s  eta=65207s  finite=28900
  [29000/500000]  elapsed=4013s  rate=7.2/s  eta=65178s  finite=29000
  -> checkpoint saved: /scratch/e1498138/lhs/nonoise/ckpt_5e5/ckpt_029000.pkl
  [29100/500000]  elapsed=4027s  rate=7.2/s  eta=65171s  finite=29100
  [29200/500000]  elapsed=4041s  rate=7.2/s  eta=65157s  finite=29200
  [29300/500000]  elapsed=4055s  rate=7.2/s  eta=65150s  finite=29300
  [29400/500000]  elapsed=4069s  rate=7.2/s  eta=65125s  finite=29400
  [29500/500000]  elapsed=4081s  rate=7.2/s  eta=65095s  finite=29500
  [29600/500000]  elapsed=4094s  rate=7.2/s  eta=65065s  finite=29600
  [29700/500000]  elapsed=4107s  rate=7.2/s  eta=65038s  finite=29700
  [29800/500000]  elapsed=4122s  rate=7.2/s  eta=65035s  finite=29800
  [29900/500000]  elapsed=4136s  rate=7.2/s  eta=65020s  finite=29900
  [30000/500000]  elapsed=4149s  rate=7.2/s  eta=65009s  finite=30000
  -> checkpoint saved: /scratch/e1498138/lhs/nonoise/ckpt_5e5/ckpt_030000.pkl
  [30100/500000]  elapsed=4164s  rate=7.2/s  eta=65005s  finite=30100
  [30200/500000]  elapsed=4178s  rate=7.2/s  eta=64996s  finite=30200
  [30300/500000]  elapsed=4192s  rate=7.2/s  eta=64983s  finite=30300
  [30400/500000]  elapsed=4205s  rate=7.2/s  eta=64957s  finite=30400
  [30500/500000]  elapsed=4220s  rate=7.2/s  eta=64955s  finite=30500
  [30600/500000]  elapsed=4233s  rate=7.2/s  eta=64938s  finite=30600
  [30700/500000]  elapsed=4248s  rate=7.2/s  eta=64940s  finite=30700
  [30800/500000]  elapsed=4262s  rate=7.2/s  eta=64929s  finite=30800
  [30900/500000]  elapsed=4276s  rate=7.2/s  eta=64910s  finite=30900
  [31000/500000]  elapsed=4288s  rate=7.2/s  eta=64874s  finite=31000
  -> checkpoint saved: /scratch/e1498138/lhs/nonoise/ckpt_5e5/ckpt_031000.pkl
  [31100/500000]  elapsed=4302s  rate=7.2/s  eta=64856s  finite=31100
  [31200/500000]  elapsed=4316s  rate=7.2/s  eta=64856s  finite=31200
  [31300/500000]  elapsed=4328s  rate=7.2/s  eta=64817s  finite=31300
  [31400/500000]  elapsed=4342s  rate=7.2/s  eta=64800s  finite=31400
  [31500/500000]  elapsed=4355s  rate=7.2/s  eta=64768s  finite=31500
  [31600/500000]  elapsed=4368s  rate=7.2/s  eta=64740s  finite=31600
  [31700/500000]  elapsed=4381s  rate=7.2/s  eta=64722s  finite=31700
  [31800/500000]  elapsed=4394s  rate=7.2/s  eta=64701s  finite=31800
  [31900/500000]  elapsed=4407s  rate=7.2/s  eta=64668s  finite=31900
  [32000/500000]  elapsed=4421s  rate=7.2/s  eta=64660s  finite=32000
  -> checkpoint saved: /scratch/e1498138/lhs/nonoise/ckpt_5e5/ckpt_032000.pkl
  [32100/500000]  elapsed=4434s  rate=7.2/s  eta=64634s  finite=32100
  [32200/500000]  elapsed=4447s  rate=7.2/s  eta=64599s  finite=32200
  [32300/500000]  elapsed=4460s  rate=7.2/s  eta=64582s  finite=32300
  [32400/500000]  elapsed=4476s  rate=7.2/s  eta=64605s  finite=32400
  [32500/500000]  elapsed=4491s  rate=7.2/s  eta=64599s  finite=32500
  [32600/500000]  elapsed=4505s  rate=7.2/s  eta=64583s  finite=32600
  [32700/500000]  elapsed=4519s  rate=7.2/s  eta=64579s  finite=32700
  [32800/500000]  elapsed=4534s  rate=7.2/s  eta=64579s  finite=32800
  [32900/500000]  elapsed=4548s  rate=7.2/s  eta=64569s  finite=32900
  [33000/500000]  elapsed=4562s  rate=7.2/s  eta=64560s  finite=33000
  -> checkpoint saved: /scratch/e1498138/lhs/nonoise/ckpt_5e5/ckpt_033000.pkl
  [33100/500000]  elapsed=4577s  rate=7.2/s  eta=64560s  finite=33100
  [33200/500000]  elapsed=4590s  rate=7.2/s  eta=64532s  finite=33200
  [33300/500000]  elapsed=4603s  rate=7.2/s  eta=64514s  finite=33300
  [33400/500000]  elapsed=4617s  rate=7.2/s  eta=64504s  finite=33400
  [33500/500000]  elapsed=4631s  rate=7.2/s  eta=64495s  finite=33500
  [33600/500000]  elapsed=4644s  rate=7.2/s  eta=64470s  finite=33600
  [33700/500000]  elapsed=4660s  rate=7.2/s  eta=64475s  finite=33700
  [33800/500000]  elapsed=4674s  rate=7.2/s  eta=64473s  finite=33800
  [33900/500000]  elapsed=4688s  rate=7.2/s  eta=64461s  finite=33900
  [34000/500000]  elapsed=4703s  rate=7.2/s  eta=64457s  finite=34000
  -> checkpoint saved: /scratch/e1498138/lhs/nonoise/ckpt_5e5/ckpt_034000.pkl
  [34100/500000]  elapsed=4716s  rate=7.2/s  eta=64436s  finite=34100
  [34200/500000]  elapsed=4730s  rate=7.2/s  eta=64416s  finite=34200
  [34300/500000]  elapsed=4743s  rate=7.2/s  eta=64393s  finite=34300
  [34400/500000]  elapsed=4756s  rate=7.2/s  eta=64376s  finite=34400
  [34500/500000]  elapsed=4771s  rate=7.2/s  eta=64376s  finite=34500
  [34600/500000]  elapsed=4786s  rate=7.2/s  eta=64374s  finite=34600
  [34700/500000]  elapsed=4799s  rate=7.2/s  eta=64353s  finite=34700
  [34800/500000]  elapsed=4812s  rate=7.2/s  eta=64327s  finite=34800
  [34900/500000]  elapsed=4825s  rate=7.2/s  eta=64305s  finite=34900
  [35000/500000]  elapsed=4838s  rate=7.2/s  eta=64282s  finite=35000
  -> checkpoint saved: /scratch/e1498138/lhs/nonoise/ckpt_5e5/ckpt_035000.pkl
  [35100/500000]  elapsed=4852s  rate=7.2/s  eta=64271s  finite=35100
  [35200/500000]  elapsed=4867s  rate=7.2/s  eta=64273s  finite=35200
  [35300/500000]  elapsed=4881s  rate=7.2/s  eta=64253s  finite=35300
  [35400/500000]  elapsed=4895s  rate=7.2/s  eta=64240s  finite=35400
  [35500/500000]  elapsed=4909s  rate=7.2/s  eta=64231s  finite=35500
  [35600/500000]  elapsed=4922s  rate=7.2/s  eta=64207s  finite=35600
  [35700/500000]  elapsed=4935s  rate=7.2/s  eta=64184s  finite=35700
  [35800/500000]  elapsed=4949s  rate=7.2/s  eta=64168s  finite=35800
  [35900/500000]  elapsed=4961s  rate=7.2/s  eta=64137s  finite=35900
  [36000/500000]  elapsed=4974s  rate=7.2/s  eta=64105s  finite=36000
  -> checkpoint saved: /scratch/e1498138/lhs/nonoise/ckpt_5e5/ckpt_036000.pkl
  [36100/500000]  elapsed=4987s  rate=7.2/s  eta=64084s  finite=36100
  [36200/500000]  elapsed=5001s  rate=7.2/s  eta=64067s  finite=36200
  [36300/500000]  elapsed=5014s  rate=7.2/s  eta=64044s  finite=36300
  [36400/500000]  elapsed=5027s  rate=7.2/s  eta=64026s  finite=36400
  [36500/500000]  elapsed=5041s  rate=7.2/s  eta=64014s  finite=36500
  [36600/500000]  elapsed=5054s  rate=7.2/s  eta=63994s  finite=36600
  [36700/500000]  elapsed=5067s  rate=7.2/s  eta=63966s  finite=36700
  [36800/500000]  elapsed=5081s  rate=7.2/s  eta=63952s  finite=36800
  [36900/500000]  elapsed=5095s  rate=7.2/s  eta=63947s  finite=36900
  [37000/500000]  elapsed=5109s  rate=7.2/s  eta=63927s  finite=37000
  -> checkpoint saved: /scratch/e1498138/lhs/nonoise/ckpt_5e5/ckpt_037000.pkl
  [37100/500000]  elapsed=5123s  rate=7.2/s  eta=63918s  finite=37100
  [37200/500000]  elapsed=5136s  rate=7.2/s  eta=63896s  finite=37200
  [37300/500000]  elapsed=5150s  rate=7.2/s  eta=63891s  finite=37300
  [37400/500000]  elapsed=5167s  rate=7.2/s  eta=63908s  finite=37400
  [37500/500000]  elapsed=5181s  rate=7.2/s  eta=63900s  finite=37500
  [37600/500000]  elapsed=5194s  rate=7.2/s  eta=63876s  finite=37600
  [37700/500000]  elapsed=5208s  rate=7.2/s  eta=63867s  finite=37700
  [37800/500000]  elapsed=5221s  rate=7.2/s  eta=63844s  finite=37800
  [37900/500000]  elapsed=5236s  rate=7.2/s  eta=63836s  finite=37900
  [38000/500000]  elapsed=5248s  rate=7.2/s  eta=63810s  finite=38000
  -> checkpoint saved: /scratch/e1498138/lhs/nonoise/ckpt_5e5/ckpt_038000.pkl
  [38100/500000]  elapsed=5262s  rate=7.2/s  eta=63793s  finite=38100
  [38200/500000]  elapsed=5275s  rate=7.2/s  eta=63774s  finite=38200
  [38300/500000]  elapsed=5289s  rate=7.2/s  eta=63763s  finite=38300
  [38400/500000]  elapsed=5303s  rate=7.2/s  eta=63750s  finite=38400
  [38500/500000]  elapsed=5317s  rate=7.2/s  eta=63737s  finite=38500
  [38600/500000]  elapsed=5331s  rate=7.2/s  eta=63724s  finite=38600
  [38700/500000]  elapsed=5344s  rate=7.2/s  eta=63699s  finite=38700
  [38800/500000]  elapsed=5358s  rate=7.2/s  eta=63689s  finite=38800
  [38900/500000]  elapsed=5371s  rate=7.2/s  eta=63669s  finite=38900
  [39000/500000]  elapsed=5385s  rate=7.2/s  eta=63653s  finite=39000
  -> checkpoint saved: /scratch/e1498138/lhs/nonoise/ckpt_5e5/ckpt_039000.pkl
  [39100/500000]  elapsed=5399s  rate=7.2/s  eta=63643s  finite=39100
  [39200/500000]  elapsed=5413s  rate=7.2/s  eta=63635s  finite=39200
  [39300/500000]  elapsed=5426s  rate=7.2/s  eta=63610s  finite=39300
  [39400/500000]  elapsed=5439s  rate=7.2/s  eta=63587s  finite=39400
  [39500/500000]  elapsed=5453s  rate=7.2/s  eta=63568s  finite=39500
  [39600/500000]  elapsed=5466s  rate=7.2/s  eta=63549s  finite=39600
  [39700/500000]  elapsed=5480s  rate=7.2/s  eta=63536s  finite=39700
  [39800/500000]  elapsed=5494s  rate=7.2/s  eta=63524s  finite=39800
  [39900/500000]  elapsed=5507s  rate=7.2/s  eta=63506s  finite=39900
  [40000/500000]  elapsed=5520s  rate=7.2/s  eta=63479s  finite=40000
  -> checkpoint saved: /scratch/e1498138/lhs/nonoise/ckpt_5e5/ckpt_040000.pkl
  [40100/500000]  elapsed=5533s  rate=7.2/s  eta=63460s  finite=40100
  [40200/500000]  elapsed=5547s  rate=7.2/s  eta=63451s  finite=40200
  [40300/500000]  elapsed=5561s  rate=7.2/s  eta=63433s  finite=40300
  [40400/500000]  elapsed=5573s  rate=7.2/s  eta=63403s  finite=40400
  [40500/500000]  elapsed=5587s  rate=7.2/s  eta=63383s  finite=40500
  [40600/500000]  elapsed=5600s  rate=7.3/s  eta=63360s  finite=40600
  [40700/500000]  elapsed=5614s  rate=7.2/s  eta=63354s  finite=40700
  [40800/500000]  elapsed=5629s  rate=7.2/s  eta=63349s  finite=40800
  [40900/500000]  elapsed=5642s  rate=7.2/s  eta=63329s  finite=40900
  [41000/500000]  elapsed=5655s  rate=7.3/s  eta=63305s  finite=41000
  -> checkpoint saved: /scratch/e1498138/lhs/nonoise/ckpt_5e5/ckpt_041000.pkl
  [41100/500000]  elapsed=5668s  rate=7.3/s  eta=63290s  finite=41100
  [41200/500000]  elapsed=5681s  rate=7.3/s  eta=63268s  finite=41200
  [41300/500000]  elapsed=5695s  rate=7.3/s  eta=63256s  finite=41300
  [41400/500000]  elapsed=5708s  rate=7.3/s  eta=63233s  finite=41400
  [41500/500000]  elapsed=5723s  rate=7.3/s  eta=63229s  finite=41500
  [41600/500000]  elapsed=5737s  rate=7.3/s  eta=63221s  finite=41600
  [41700/500000]  elapsed=5751s  rate=7.3/s  eta=63203s  finite=41700
  [41800/500000]  elapsed=5764s  rate=7.3/s  eta=63183s  finite=41800
  [41900/500000]  elapsed=5777s  rate=7.3/s  eta=63158s  finite=41900
  [42000/500000]  elapsed=5791s  rate=7.3/s  eta=63154s  finite=42000
  -> checkpoint saved: /scratch/e1498138/lhs/nonoise/ckpt_5e5/ckpt_042000.pkl
  [42100/500000]  elapsed=5805s  rate=7.3/s  eta=63136s  finite=42100
  [42200/500000]  elapsed=5818s  rate=7.3/s  eta=63113s  finite=42200
  [42300/500000]  elapsed=5831s  rate=7.3/s  eta=63093s  finite=42300
  [42400/500000]  elapsed=5843s  rate=7.3/s  eta=63065s  finite=42400
  [42500/500000]  elapsed=5857s  rate=7.3/s  eta=63044s  finite=42500
  [42600/500000]  elapsed=5870s  rate=7.3/s  eta=63030s  finite=42600
  [42700/500000]  elapsed=5883s  rate=7.3/s  eta=63007s  finite=42700
  [42800/500000]  elapsed=5896s  rate=7.3/s  eta=62987s  finite=42800
  [42900/500000]  elapsed=5911s  rate=7.3/s  eta=62979s  finite=42900
  [43000/500000]  elapsed=5924s  rate=7.3/s  eta=62963s  finite=43000
  -> checkpoint saved: /scratch/e1498138/lhs/nonoise/ckpt_5e5/ckpt_043000.pkl
  [43100/500000]  elapsed=5938s  rate=7.3/s  eta=62944s  finite=43100
  [43200/500000]  elapsed=5950s  rate=7.3/s  eta=62919s  finite=43200
  [43300/500000]  elapsed=5964s  rate=7.3/s  eta=62906s  finite=43300
  [43400/500000]  elapsed=5977s  rate=7.3/s  eta=62884s  finite=43400
  [43500/500000]  elapsed=5992s  rate=7.3/s  eta=62882s  finite=43500
  [43600/500000]  elapsed=6006s  rate=7.3/s  eta=62872s  finite=43600
  [43700/500000]  elapsed=6021s  rate=7.3/s  eta=62864s  finite=43700
  [43800/500000]  elapsed=6034s  rate=7.3/s  eta=62849s  finite=43800
  [43900/500000]  elapsed=6049s  rate=7.3/s  eta=62849s  finite=43900
  [44000/500000]  elapsed=6063s  rate=7.3/s  eta=62831s  finite=44000
  -> checkpoint saved: /scratch/e1498138/lhs/nonoise/ckpt_5e5/ckpt_044000.pkl
  [44100/500000]  elapsed=6077s  rate=7.3/s  eta=62826s  finite=44100
  [44200/500000]  elapsed=6090s  rate=7.3/s  eta=62804s  finite=44200
  [44300/500000]  elapsed=6103s  rate=7.3/s  eta=62779s  finite=44300
  [44400/500000]  elapsed=6117s  rate=7.3/s  eta=62765s  finite=44400
  [44500/500000]  elapsed=6131s  rate=7.3/s  eta=62752s  finite=44500
  [44600/500000]  elapsed=6144s  rate=7.3/s  eta=62736s  finite=44600
  [44700/500000]  elapsed=6157s  rate=7.3/s  eta=62713s  finite=44700
  [44800/500000]  elapsed=6171s  rate=7.3/s  eta=62700s  finite=44800
  [44900/500000]  elapsed=6184s  rate=7.3/s  eta=62683s  finite=44900
  [45000/500000]  elapsed=6198s  rate=7.3/s  eta=62672s  finite=45000
  -> checkpoint saved: /scratch/e1498138/lhs/nonoise/ckpt_5e5/ckpt_045000.pkl
  [45100/500000]  elapsed=6211s  rate=7.3/s  eta=62649s  finite=45100
  [45200/500000]  elapsed=6225s  rate=7.3/s  eta=62634s  finite=45200
  [45300/500000]  elapsed=6239s  rate=7.3/s  eta=62625s  finite=45300
  [45400/500000]  elapsed=6254s  rate=7.3/s  eta=62620s  finite=45400
  [45500/500000]  elapsed=6269s  rate=7.3/s  eta=62617s  finite=45500
  [45600/500000]  elapsed=6282s  rate=7.3/s  eta=62595s  finite=45600
  [45700/500000]  elapsed=6296s  rate=7.3/s  eta=62587s  finite=45700
  [45800/500000]  elapsed=6311s  rate=7.3/s  eta=62583s  finite=45800
  [45900/500000]  elapsed=6325s  rate=7.3/s  eta=62573s  finite=45900
  [46000/500000]  elapsed=6337s  rate=7.3/s  eta=62545s  finite=46000
  -> checkpoint saved: /scratch/e1498138/lhs/nonoise/ckpt_5e5/ckpt_046000.pkl
  [46100/500000]  elapsed=6350s  rate=7.3/s  eta=62518s  finite=46100
  [46200/500000]  elapsed=6363s  rate=7.3/s  eta=62504s  finite=46200
  [46300/500000]  elapsed=6376s  rate=7.3/s  eta=62480s  finite=46300
  [46400/500000]  elapsed=6390s  rate=7.3/s  eta=62470s  finite=46400
  [46500/500000]  elapsed=6405s  rate=7.3/s  eta=62463s  finite=46500
  [46600/500000]  elapsed=6418s  rate=7.3/s  eta=62446s  finite=46600
  [46700/500000]  elapsed=6432s  rate=7.3/s  eta=62436s  finite=46700
  [46800/500000]  elapsed=6445s  rate=7.3/s  eta=62415s  finite=46800
  [46900/500000]  elapsed=6458s  rate=7.3/s  eta=62393s  finite=46900
  [47000/500000]  elapsed=6472s  rate=7.3/s  eta=62384s  finite=47000
  -> checkpoint saved: /scratch/e1498138/lhs/nonoise/ckpt_5e5/ckpt_047000.pkl
  [47100/500000]  elapsed=6486s  rate=7.3/s  eta=62371s  finite=47100
  [47200/500000]  elapsed=6500s  rate=7.3/s  eta=62354s  finite=47200
  [47300/500000]  elapsed=6513s  rate=7.3/s  eta=62333s  finite=47300
  [47400/500000]  elapsed=6526s  rate=7.3/s  eta=62313s  finite=47400
  [47500/500000]  elapsed=6540s  rate=7.3/s  eta=62303s  finite=47500
  [47600/500000]  elapsed=6554s  rate=7.3/s  eta=62294s  finite=47600
  [47700/500000]  elapsed=6568s  rate=7.3/s  eta=62276s  finite=47700
  [47800/500000]  elapsed=6581s  rate=7.3/s  eta=62255s  finite=47800
  [47900/500000]  elapsed=6593s  rate=7.3/s  eta=62230s  finite=47900
  [48000/500000]  elapsed=6609s  rate=7.3/s  eta=62231s  finite=48000
  -> checkpoint saved: /scratch/e1498138/lhs/nonoise/ckpt_5e5/ckpt_048000.pkl
  [48100/500000]  elapsed=6622s  rate=7.3/s  eta=62218s  finite=48100
  [48200/500000]  elapsed=6635s  rate=7.3/s  eta=62196s  finite=48200
  [48300/500000]  elapsed=6649s  rate=7.3/s  eta=62181s  finite=48300
  [48400/500000]  elapsed=6662s  rate=7.3/s  eta=62159s  finite=48400
  [48500/500000]  elapsed=6676s  rate=7.3/s  eta=62152s  finite=48500
  [48600/500000]  elapsed=6691s  rate=7.3/s  eta=62142s  finite=48600
  [48700/500000]  elapsed=6705s  rate=7.3/s  eta=62130s  finite=48700
  [48800/500000]  elapsed=6719s  rate=7.3/s  eta=62124s  finite=48800
  [48900/500000]  elapsed=6732s  rate=7.3/s  eta=62104s  finite=48900
  [49000/500000]  elapsed=6747s  rate=7.3/s  eta=62098s  finite=49000
  -> checkpoint saved: /scratch/e1498138/lhs/nonoise/ckpt_5e5/ckpt_049000.pkl
  [49100/500000]  elapsed=6760s  rate=7.3/s  eta=62080s  finite=49100
  [49200/500000]  elapsed=6772s  rate=7.3/s  eta=62053s  finite=49200
  [49300/500000]  elapsed=6786s  rate=7.3/s  eta=62035s  finite=49300
  [49400/500000]  elapsed=6800s  rate=7.3/s  eta=62024s  finite=49400
  [49500/500000]  elapsed=6814s  rate=7.3/s  eta=62015s  finite=49500
  [49600/500000]  elapsed=6828s  rate=7.3/s  eta=62003s  finite=49600
  [49700/500000]  elapsed=6841s  rate=7.3/s  eta=61980s  finite=49700
  [49800/500000]  elapsed=6854s  rate=7.3/s  eta=61962s  finite=49800
  [49900/500000]  elapsed=6869s  rate=7.3/s  eta=61954s  finite=49900
  [50000/500000]  elapsed=6882s  rate=7.3/s  eta=61939s  finite=50000
  -> checkpoint saved: /scratch/e1498138/lhs/nonoise/ckpt_5e5/ckpt_050000.pkl
  [50100/500000]  elapsed=6895s  rate=7.3/s  eta=61917s  finite=50100
  [50200/500000]  elapsed=6908s  rate=7.3/s  eta=61899s  finite=50200
  [50300/500000]  elapsed=6921s  rate=7.3/s  eta=61875s  finite=50300
  [50400/500000]  elapsed=6935s  rate=7.3/s  eta=61866s  finite=50400
  [50500/500000]  elapsed=6949s  rate=7.3/s  eta=61854s  finite=50500
  [50600/500000]  elapsed=6962s  rate=7.3/s  eta=61835s  finite=50600
  [50700/500000]  elapsed=6976s  rate=7.3/s  eta=61824s  finite=50700
  [50800/500000]  elapsed=6990s  rate=7.3/s  eta=61811s  finite=50800
  [50900/500000]  elapsed=7004s  rate=7.3/s  eta=61793s  finite=50900
  [51000/500000]  elapsed=7017s  rate=7.3/s  eta=61774s  finite=51000
  -> checkpoint saved: /scratch/e1498138/lhs/nonoise/ckpt_5e5/ckpt_051000.pkl
  [51100/500000]  elapsed=7032s  rate=7.3/s  eta=61773s  finite=51100
  [51200/500000]  elapsed=7046s  rate=7.3/s  eta=61759s  finite=51200
  [51300/500000]  elapsed=7059s  rate=7.3/s  eta=61742s  finite=51300
  [51400/500000]  elapsed=7073s  rate=7.3/s  eta=61735s  finite=51400
  [51500/500000]  elapsed=7087s  rate=7.3/s  eta=61717s  finite=51500
  [51600/500000]  elapsed=7100s  rate=7.3/s  eta=61695s  finite=51600
  [51700/500000]  elapsed=7114s  rate=7.3/s  eta=61685s  finite=51700
  [51800/500000]  elapsed=7127s  rate=7.3/s  eta=61666s  finite=51800
  [51900/500000]  elapsed=7141s  rate=7.3/s  eta=61656s  finite=51900
  [52000/500000]  elapsed=7155s  rate=7.3/s  eta=61643s  finite=52000
  -> checkpoint saved: /scratch/e1498138/lhs/nonoise/ckpt_5e5/ckpt_052000.pkl
  [52100/500000]  elapsed=7168s  rate=7.3/s  eta=61624s  finite=52100
  [52200/500000]  elapsed=7182s  rate=7.3/s  eta=61607s  finite=52200
  [52300/500000]  elapsed=7194s  rate=7.3/s  eta=61578s  finite=52300
  [52400/500000]  elapsed=7209s  rate=7.3/s  eta=61575s  finite=52400
  [52500/500000]  elapsed=7221s  rate=7.3/s  eta=61553s  finite=52500
  [52600/500000]  elapsed=7236s  rate=7.3/s  eta=61544s  finite=52600
  [52700/500000]  elapsed=7249s  rate=7.3/s  eta=61530s  finite=52700
  [52800/500000]  elapsed=7264s  rate=7.3/s  eta=61525s  finite=52800
  [52900/500000]  elapsed=7277s  rate=7.3/s  eta=61508s  finite=52900
  [53000/500000]  elapsed=7291s  rate=7.3/s  eta=61494s  finite=53000
  -> checkpoint saved: /scratch/e1498138/lhs/nonoise/ckpt_5e5/ckpt_053000.pkl
  [53100/500000]  elapsed=7305s  rate=7.3/s  eta=61480s  finite=53100
  [53200/500000]  elapsed=7318s  rate=7.3/s  eta=61460s  finite=53200
  [53300/500000]  elapsed=7332s  rate=7.3/s  eta=61447s  finite=53300
  [53400/500000]  elapsed=7345s  rate=7.3/s  eta=61430s  finite=53400
  [53500/500000]  elapsed=7361s  rate=7.3/s  eta=61430s  finite=53500
  [53600/500000]  elapsed=7374s  rate=7.3/s  eta=61412s  finite=53600
  [53700/500000]  elapsed=7387s  rate=7.3/s  eta=61397s  finite=53700
  [53800/500000]  elapsed=7400s  rate=7.3/s  eta=61376s  finite=53800
  [53900/500000]  elapsed=7415s  rate=7.3/s  eta=61369s  finite=53900
  [54000/500000]  elapsed=7429s  rate=7.3/s  eta=61355s  finite=54000
  -> checkpoint saved: /scratch/e1498138/lhs/nonoise/ckpt_5e5/ckpt_054000.pkl
  [54100/500000]  elapsed=7442s  rate=7.3/s  eta=61341s  finite=54100
  [54200/500000]  elapsed=7456s  rate=7.3/s  eta=61324s  finite=54200
  [54300/500000]  elapsed=7470s  rate=7.3/s  eta=61318s  finite=54300
  [54400/500000]  elapsed=7484s  rate=7.3/s  eta=61306s  finite=54400
  [54500/500000]  elapsed=7498s  rate=7.3/s  eta=61295s  finite=54500
  [54600/500000]  elapsed=7513s  rate=7.3/s  eta=61284s  finite=54600
  [54700/500000]  elapsed=7526s  rate=7.3/s  eta=61269s  finite=54700
  [54800/500000]  elapsed=7538s  rate=7.3/s  eta=61242s  finite=54800
  [54900/500000]  elapsed=7553s  rate=7.3/s  eta=61238s  finite=54900
  [55000/500000]  elapsed=7568s  rate=7.3/s  eta=61232s  finite=55000
  -> checkpoint saved: /scratch/e1498138/lhs/nonoise/ckpt_5e5/ckpt_055000.pkl
  [55100/500000]  elapsed=7581s  rate=7.3/s  eta=61209s  finite=55100
  [55200/500000]  elapsed=7594s  rate=7.3/s  eta=61189s  finite=55200
  [55300/500000]  elapsed=7608s  rate=7.3/s  eta=61180s  finite=55300
  [55400/500000]  elapsed=7623s  rate=7.3/s  eta=61173s  finite=55400
  [55500/500000]  elapsed=7637s  rate=7.3/s  eta=61163s  finite=55500
  [55600/500000]  elapsed=7650s  rate=7.3/s  eta=61144s  finite=55600
  [55700/500000]  elapsed=7663s  rate=7.3/s  eta=61129s  finite=55700
  [55800/500000]  elapsed=7677s  rate=7.3/s  eta=61109s  finite=55800
  [55900/500000]  elapsed=7690s  rate=7.3/s  eta=61094s  finite=55900
  [56000/500000]  elapsed=7704s  rate=7.3/s  eta=61084s  finite=56000
  -> checkpoint saved: /scratch/e1498138/lhs/nonoise/ckpt_5e5/ckpt_056000.pkl
  [56100/500000]  elapsed=7717s  rate=7.3/s  eta=61060s  finite=56100
  [56200/500000]  elapsed=7730s  rate=7.3/s  eta=61042s  finite=56200
  [56300/500000]  elapsed=7743s  rate=7.3/s  eta=61022s  finite=56300
  [56400/500000]  elapsed=7757s  rate=7.3/s  eta=61009s  finite=56400
  [56500/500000]  elapsed=7771s  rate=7.3/s  eta=60997s  finite=56500
  [56600/500000]  elapsed=7784s  rate=7.3/s  eta=60981s  finite=56600
  [56700/500000]  elapsed=7797s  rate=7.3/s  eta=60963s  finite=56700
  [56800/500000]  elapsed=7810s  rate=7.3/s  eta=60942s  finite=56800
  [56900/500000]  elapsed=7823s  rate=7.3/s  eta=60921s  finite=56900
  [57000/500000]  elapsed=7838s  rate=7.3/s  eta=60913s  finite=57000
  -> checkpoint saved: /scratch/e1498138/lhs/nonoise/ckpt_5e5/ckpt_057000.pkl
  [57100/500000]  elapsed=7852s  rate=7.3/s  eta=60902s  finite=57100
  [57200/500000]  elapsed=7865s  rate=7.3/s  eta=60888s  finite=57200
  [57300/500000]  elapsed=7878s  rate=7.3/s  eta=60866s  finite=57300
  [57400/500000]  elapsed=7892s  rate=7.3/s  eta=60850s  finite=57400
  [57500/500000]  elapsed=7907s  rate=7.3/s  eta=60851s  finite=57500
  [57600/500000]  elapsed=7921s  rate=7.3/s  eta=60836s  finite=57600
  [57700/500000]  elapsed=7933s  rate=7.3/s  eta=60814s  finite=57700
  [57800/500000]  elapsed=7947s  rate=7.3/s  eta=60801s  finite=57800
  [57900/500000]  elapsed=7962s  rate=7.3/s  eta=60795s  finite=57900
  [58000/500000]  elapsed=7976s  rate=7.3/s  eta=60781s  finite=58000
  -> checkpoint saved: /scratch/e1498138/lhs/nonoise/ckpt_5e5/ckpt_058000.pkl
  [58100/500000]  elapsed=7989s  rate=7.3/s  eta=60764s  finite=58100
  [58200/500000]  elapsed=8003s  rate=7.3/s  eta=60751s  finite=58200
  [58300/500000]  elapsed=8016s  rate=7.3/s  eta=60731s  finite=58300
  [58400/500000]  elapsed=8030s  rate=7.3/s  eta=60716s  finite=58400
  [58500/500000]  elapsed=8043s  rate=7.3/s  eta=60700s  finite=58500
  [58600/500000]  elapsed=8059s  rate=7.3/s  eta=60706s  finite=58600
  [58700/500000]  elapsed=8073s  rate=7.3/s  eta=60692s  finite=58700
  [58800/500000]  elapsed=8085s  rate=7.3/s  eta=60668s  finite=58800
  [58900/500000]  elapsed=8099s  rate=7.3/s  eta=60651s  finite=58900
  [59000/500000]  elapsed=8112s  rate=7.3/s  eta=60632s  finite=59000
  -> checkpoint saved: /scratch/e1498138/lhs/nonoise/ckpt_5e5/ckpt_059000.pkl
  [59100/500000]  elapsed=8128s  rate=7.3/s  eta=60635s  finite=59100
  [59200/500000]  elapsed=8140s  rate=7.3/s  eta=60613s  finite=59200
  [59300/500000]  elapsed=8153s  rate=7.3/s  eta=60594s  finite=59300
  [59400/500000]  elapsed=8169s  rate=7.3/s  eta=60593s  finite=59400
  [59500/500000]  elapsed=8184s  rate=7.3/s  eta=60589s  finite=59500
  [59600/500000]  elapsed=8198s  rate=7.3/s  eta=60577s  finite=59600
  [59700/500000]  elapsed=8212s  rate=7.3/s  eta=60569s  finite=59700
  [59800/500000]  elapsed=8226s  rate=7.3/s  eta=60555s  finite=59800
  [59900/500000]  elapsed=8239s  rate=7.3/s  eta=60535s  finite=59900
  [60000/500000]  elapsed=8253s  rate=7.3/s  eta=60521s  finite=60000
  -> checkpoint saved: /scratch/e1498138/lhs/nonoise/ckpt_5e5/ckpt_060000.pkl
  [60100/500000]  elapsed=8267s  rate=7.3/s  eta=60508s  finite=60100
  [60200/500000]  elapsed=8280s  rate=7.3/s  eta=60493s  finite=60200
  [60300/500000]  elapsed=8294s  rate=7.3/s  eta=60479s  finite=60300
  [60400/500000]  elapsed=8308s  rate=7.3/s  eta=60465s  finite=60400
  [60500/500000]  elapsed=8322s  rate=7.3/s  eta=60458s  finite=60500
  [60600/500000]  elapsed=8336s  rate=7.3/s  eta=60441s  finite=60600
  [60700/500000]  elapsed=8350s  rate=7.3/s  eta=60429s  finite=60700
  [60800/500000]  elapsed=8365s  rate=7.3/s  eta=60429s  finite=60800
  [60900/500000]  elapsed=8378s  rate=7.3/s  eta=60405s  finite=60900
  [61000/500000]  elapsed=8392s  rate=7.3/s  eta=60394s  finite=61000
  -> checkpoint saved: /scratch/e1498138/lhs/nonoise/ckpt_5e5/ckpt_061000.pkl
  [61100/500000]  elapsed=8404s  rate=7.3/s  eta=60371s  finite=61100
  [61200/500000]  elapsed=8418s  rate=7.3/s  eta=60354s  finite=61200
  [61300/500000]  elapsed=8430s  rate=7.3/s  eta=60334s  finite=61300
  [61400/500000]  elapsed=8445s  rate=7.3/s  eta=60323s  finite=61400
  [61500/500000]  elapsed=8459s  rate=7.3/s  eta=60314s  finite=61500
  [61600/500000]  elapsed=8473s  rate=7.3/s  eta=60302s  finite=61600
  [61700/500000]  elapsed=8488s  rate=7.3/s  eta=60294s  finite=61700
  [61800/500000]  elapsed=8502s  rate=7.3/s  eta=60281s  finite=61800
  [61900/500000]  elapsed=8516s  rate=7.3/s  eta=60270s  finite=61900
  [62000/500000]  elapsed=8529s  rate=7.3/s  eta=60257s  finite=62000
  -> checkpoint saved: /scratch/e1498138/lhs/nonoise/ckpt_5e5/ckpt_062000.pkl
  [62100/500000]  elapsed=8543s  rate=7.3/s  eta=60242s  finite=62100
  [62200/500000]  elapsed=8556s  rate=7.3/s  eta=60225s  finite=62200
  [62300/500000]  elapsed=8570s  rate=7.3/s  eta=60213s  finite=62300
  [62400/500000]  elapsed=8583s  rate=7.3/s  eta=60191s  finite=62400
  [62500/500000]  elapsed=8595s  rate=7.3/s  eta=60168s  finite=62500
  [62600/500000]  elapsed=8610s  rate=7.3/s  eta=60162s  finite=62600
  [62700/500000]  elapsed=8624s  rate=7.3/s  eta=60146s  finite=62700
  [62800/500000]  elapsed=8637s  rate=7.3/s  eta=60130s  finite=62800
  [62900/500000]  elapsed=8651s  rate=7.3/s  eta=60116s  finite=62900
  [63000/500000]  elapsed=8665s  rate=7.3/s  eta=60102s  finite=63000
  -> checkpoint saved: /scratch/e1498138/lhs/nonoise/ckpt_5e5/ckpt_063000.pkl
  [63100/500000]  elapsed=8678s  rate=7.3/s  eta=60087s  finite=63100
  [63200/500000]  elapsed=8691s  rate=7.3/s  eta=60066s  finite=63200
  [63300/500000]  elapsed=8705s  rate=7.3/s  eta=60053s  finite=63300
  [63400/500000]  elapsed=8718s  rate=7.3/s  eta=60033s  finite=63400
  [63500/500000]  elapsed=8732s  rate=7.3/s  eta=60022s  finite=63500
  [63600/500000]  elapsed=8745s  rate=7.3/s  eta=60005s  finite=63600
  [63700/500000]  elapsed=8759s  rate=7.3/s  eta=59992s  finite=63700
  [63800/500000]  elapsed=8772s  rate=7.3/s  eta=59972s  finite=63800
  [63900/500000]  elapsed=8787s  rate=7.3/s  eta=59967s  finite=63900
  [64000/500000]  elapsed=8801s  rate=7.3/s  eta=59957s  finite=64000
  -> checkpoint saved: /scratch/e1498138/lhs/nonoise/ckpt_5e5/ckpt_064000.pkl
  [64100/500000]  elapsed=8816s  rate=7.3/s  eta=59951s  finite=64100
  [64200/500000]  elapsed=8831s  rate=7.3/s  eta=59945s  finite=64200
  [64300/500000]  elapsed=8845s  rate=7.3/s  eta=59937s  finite=64300
  [64400/500000]  elapsed=8859s  rate=7.3/s  eta=59923s  finite=64400
  [64500/500000]  elapsed=8873s  rate=7.3/s  eta=59907s  finite=64500
  [64600/500000]  elapsed=8886s  rate=7.3/s  eta=59890s  finite=64600
  [64700/500000]  elapsed=8899s  rate=7.3/s  eta=59875s  finite=64700
  [64800/500000]  elapsed=8913s  rate=7.3/s  eta=59863s  finite=64800
  [64900/500000]  elapsed=8927s  rate=7.3/s  eta=59851s  finite=64900
  [65000/500000]  elapsed=8942s  rate=7.3/s  eta=59840s  finite=65000
  -> checkpoint saved: /scratch/e1498138/lhs/nonoise/ckpt_5e5/ckpt_065000.pkl
  [65100/500000]  elapsed=8955s  rate=7.3/s  eta=59826s  finite=65100
  [65200/500000]  elapsed=8968s  rate=7.3/s  eta=59805s  finite=65200
  [65300/500000]  elapsed=8981s  rate=7.3/s  eta=59789s  finite=65300
  [65400/500000]  elapsed=8996s  rate=7.3/s  eta=59779s  finite=65400
  [65500/500000]  elapsed=9008s  rate=7.3/s  eta=59754s  finite=65500
  [65600/500000]  elapsed=9023s  rate=7.3/s  eta=59747s  finite=65600
  [65700/500000]  elapsed=9037s  rate=7.3/s  eta=59736s  finite=65700
  [65800/500000]  elapsed=9051s  rate=7.3/s  eta=59727s  finite=65800
  [65900/500000]  elapsed=9065s  rate=7.3/s  eta=59710s  finite=65900
  [66000/500000]  elapsed=9078s  rate=7.3/s  eta=59693s  finite=66000
  -> checkpoint saved: /scratch/e1498138/lhs/nonoise/ckpt_5e5/ckpt_066000.pkl
  [66100/500000]  elapsed=9092s  rate=7.3/s  eta=59685s  finite=66100
  [66200/500000]  elapsed=9106s  rate=7.3/s  eta=59672s  finite=66200
  [66300/500000]  elapsed=9119s  rate=7.3/s  eta=59654s  finite=66300
  [66400/500000]  elapsed=9135s  rate=7.3/s  eta=59650s  finite=66400
  [66500/500000]  elapsed=9149s  rate=7.3/s  eta=59638s  finite=66500
  [66600/500000]  elapsed=9163s  rate=7.3/s  eta=59629s  finite=66600
  [66700/500000]  elapsed=9176s  rate=7.3/s  eta=59609s  finite=66700
  [66800/500000]  elapsed=9190s  rate=7.3/s  eta=59598s  finite=66800
  [66900/500000]  elapsed=9204s  rate=7.3/s  eta=59586s  finite=66900
  [67000/500000]  elapsed=9217s  rate=7.3/s  eta=59565s  finite=67000
  -> checkpoint saved: /scratch/e1498138/lhs/nonoise/ckpt_5e5/ckpt_067000.pkl
  [67100/500000]  elapsed=9230s  rate=7.3/s  eta=59545s  finite=67100
  [67200/500000]  elapsed=9242s  rate=7.3/s  eta=59522s  finite=67200
  [67300/500000]  elapsed=9258s  rate=7.3/s  eta=59521s  finite=67300
  [67400/500000]  elapsed=9271s  rate=7.3/s  eta=59506s  finite=67400
  [67500/500000]  elapsed=9285s  rate=7.3/s  eta=59494s  finite=67500
  [67600/500000]  elapsed=9299s  rate=7.3/s  eta=59479s  finite=67600
  [67700/500000]  elapsed=9313s  rate=7.3/s  eta=59469s  finite=67700
  [67800/500000]  elapsed=9327s  rate=7.3/s  eta=59455s  finite=67800
  [67900/500000]  elapsed=9340s  rate=7.3/s  eta=59440s  finite=67900
  [68000/500000]  elapsed=9354s  rate=7.3/s  eta=59424s  finite=68000
  -> checkpoint saved: /scratch/e1498138/lhs/nonoise/ckpt_5e5/ckpt_068000.pkl
  [68100/500000]  elapsed=9368s  rate=7.3/s  eta=59414s  finite=68100
  [68200/500000]  elapsed=9381s  rate=7.3/s  eta=59392s  finite=68200
  [68300/500000]  elapsed=9394s  rate=7.3/s  eta=59374s  finite=68300
  [68400/500000]  elapsed=9407s  rate=7.3/s  eta=59357s  finite=68400
  [68500/500000]  elapsed=9420s  rate=7.3/s  eta=59338s  finite=68500
  [68600/500000]  elapsed=9434s  rate=7.3/s  eta=59330s  finite=68600
  [68700/500000]  elapsed=9448s  rate=7.3/s  eta=59312s  finite=68700
  [68800/500000]  elapsed=9461s  rate=7.3/s  eta=59296s  finite=68800
  [68900/500000]  elapsed=9476s  rate=7.3/s  eta=59288s  finite=68900
  [69000/500000]  elapsed=9488s  rate=7.3/s  eta=59267s  finite=69000
  -> checkpoint saved: /scratch/e1498138/lhs/nonoise/ckpt_5e5/ckpt_069000.pkl
  [69100/500000]  elapsed=9501s  rate=7.3/s  eta=59249s  finite=69100
  [69200/500000]  elapsed=9515s  rate=7.3/s  eta=59236s  finite=69200
  [69300/500000]  elapsed=9529s  rate=7.3/s  eta=59221s  finite=69300
  [69400/500000]  elapsed=9542s  rate=7.3/s  eta=59206s  finite=69400
  [69500/500000]  elapsed=9557s  rate=7.3/s  eta=59200s  finite=69500
  [69600/500000]  elapsed=9572s  rate=7.3/s  eta=59193s  finite=69600
  [69700/500000]  elapsed=9586s  rate=7.3/s  eta=59178s  finite=69700
  [69800/500000]  elapsed=9598s  rate=7.3/s  eta=59159s  finite=69800
  [69900/500000]  elapsed=9613s  rate=7.3/s  eta=59148s  finite=69900
  [70000/500000]  elapsed=9626s  rate=7.3/s  eta=59131s  finite=70000
  -> checkpoint saved: /scratch/e1498138/lhs/nonoise/ckpt_5e5/ckpt_070000.pkl
  [70100/500000]  elapsed=9640s  rate=7.3/s  eta=59117s  finite=70100
  [70200/500000]  elapsed=9653s  rate=7.3/s  eta=59098s  finite=70200
  [70300/500000]  elapsed=9666s  rate=7.3/s  eta=59080s  finite=70300
  [70400/500000]  elapsed=9682s  rate=7.3/s  eta=59081s  finite=70400
  [70500/500000]  elapsed=9695s  rate=7.3/s  eta=59063s  finite=70500
  [70600/500000]  elapsed=9710s  rate=7.3/s  eta=59056s  finite=70600
  [70700/500000]  elapsed=9723s  rate=7.3/s  eta=59039s  finite=70700
  [70800/500000]  elapsed=9736s  rate=7.3/s  eta=59023s  finite=70800
  [70900/500000]  elapsed=9751s  rate=7.3/s  eta=59015s  finite=70900
  [71000/500000]  elapsed=9764s  rate=7.3/s  eta=58999s  finite=71000
  -> checkpoint saved: /scratch/e1498138/lhs/nonoise/ckpt_5e5/ckpt_071000.pkl
  [71100/500000]  elapsed=9777s  rate=7.3/s  eta=58978s  finite=71100
  [71200/500000]  elapsed=9789s  rate=7.3/s  eta=58953s  finite=71200
  [71300/500000]  elapsed=9803s  rate=7.3/s  eta=58939s  finite=71300
  [71400/500000]  elapsed=9815s  rate=7.3/s  eta=58917s  finite=71400
  [71500/500000]  elapsed=9829s  rate=7.3/s  eta=58903s  finite=71500
  [71600/500000]  elapsed=9842s  rate=7.3/s  eta=58885s  finite=71600
  [71700/500000]  elapsed=9855s  rate=7.3/s  eta=58870s  finite=71700
  [71800/500000]  elapsed=9869s  rate=7.3/s  eta=58856s  finite=71800
  [71900/500000]  elapsed=9882s  rate=7.3/s  eta=58841s  finite=71900
  [72000/500000]  elapsed=9897s  rate=7.3/s  eta=58830s  finite=72000
  -> checkpoint saved: /scratch/e1498138/lhs/nonoise/ckpt_5e5/ckpt_072000.pkl
  [72100/500000]  elapsed=9910s  rate=7.3/s  eta=58811s  finite=72100
  [72200/500000]  elapsed=9924s  rate=7.3/s  eta=58802s  finite=72200
  [72300/500000]  elapsed=9937s  rate=7.3/s  eta=58785s  finite=72300
  [72400/500000]  elapsed=9952s  rate=7.3/s  eta=58780s  finite=72400
  [72500/500000]  elapsed=9964s  rate=7.3/s  eta=58755s  finite=72500
  [72600/500000]  elapsed=9979s  rate=7.3/s  eta=58748s  finite=72600
  [72700/500000]  elapsed=9993s  rate=7.3/s  eta=58735s  finite=72700
  [72800/500000]  elapsed=10008s  rate=7.3/s  eta=58725s  finite=72800
  [72900/500000]  elapsed=10021s  rate=7.3/s  eta=58710s  finite=72900
  [73000/500000]  elapsed=10033s  rate=7.3/s  eta=58689s  finite=73000
  -> checkpoint saved: /scratch/e1498138/lhs/nonoise/ckpt_5e5/ckpt_073000.pkl
  [73100/500000]  elapsed=10047s  rate=7.3/s  eta=58674s  finite=73100
  [73200/500000]  elapsed=10061s  rate=7.3/s  eta=58661s  finite=73200
  [73300/500000]  elapsed=10074s  rate=7.3/s  eta=58646s  finite=73300
  [73400/500000]  elapsed=10088s  rate=7.3/s  eta=58631s  finite=73400
  [73500/500000]  elapsed=10101s  rate=7.3/s  eta=58615s  finite=73500
  [73600/500000]  elapsed=10115s  rate=7.3/s  eta=58598s  finite=73600
  [73700/500000]  elapsed=10127s  rate=7.3/s  eta=58576s  finite=73700
  [73800/500000]  elapsed=10142s  rate=7.3/s  eta=58570s  finite=73800
  [73900/500000]  elapsed=10155s  rate=7.3/s  eta=58552s  finite=73900
  [74000/500000]  elapsed=10168s  rate=7.3/s  eta=58533s  finite=74000
  -> checkpoint saved: /scratch/e1498138/lhs/nonoise/ckpt_5e5/ckpt_074000.pkl
  [74100/500000]  elapsed=10181s  rate=7.3/s  eta=58519s  finite=74100
  [74200/500000]  elapsed=10196s  rate=7.3/s  eta=58513s  finite=74200
  [74300/500000]  elapsed=10210s  rate=7.3/s  eta=58496s  finite=74300
  [74400/500000]  elapsed=10223s  rate=7.3/s  eta=58481s  finite=74400
  [74500/500000]  elapsed=10237s  rate=7.3/s  eta=58468s  finite=74500
  [74600/500000]  elapsed=10250s  rate=7.3/s  eta=58451s  finite=74600
  [74700/500000]  elapsed=10264s  rate=7.3/s  eta=58438s  finite=74700
  [74800/500000]  elapsed=10278s  rate=7.3/s  eta=58423s  finite=74800
  [74900/500000]  elapsed=10291s  rate=7.3/s  eta=58404s  finite=74900
  [75000/500000]  elapsed=10304s  rate=7.3/s  eta=58389s  finite=75000
  -> checkpoint saved: /scratch/e1498138/lhs/nonoise/ckpt_5e5/ckpt_075000.pkl
  [75100/500000]  elapsed=10318s  rate=7.3/s  eta=58375s  finite=75100
  [75200/500000]  elapsed=10330s  rate=7.3/s  eta=58356s  finite=75200
  [75300/500000]  elapsed=10345s  rate=7.3/s  eta=58345s  finite=75300
  [75400/500000]  elapsed=10359s  rate=7.3/s  eta=58332s  finite=75400
  [75500/500000]  elapsed=10372s  rate=7.3/s  eta=58314s  finite=75500
  [75600/500000]  elapsed=10385s  rate=7.3/s  eta=58298s  finite=75600
  [75700/500000]  elapsed=10398s  rate=7.3/s  eta=58282s  finite=75700
  [75800/500000]  elapsed=10411s  rate=7.3/s  eta=58266s  finite=75800
  [75900/500000]  elapsed=10427s  rate=7.3/s  eta=58260s  finite=75900
  [76000/500000]  elapsed=10439s  rate=7.3/s  eta=58241s  finite=76000
  -> checkpoint saved: /scratch/e1498138/lhs/nonoise/ckpt_5e5/ckpt_076000.pkl
  [76100/500000]  elapsed=10453s  rate=7.3/s  eta=58224s  finite=76100
  [76200/500000]  elapsed=10466s  rate=7.3/s  eta=58209s  finite=76200
  [76300/500000]  elapsed=10480s  rate=7.3/s  eta=58196s  finite=76300
  [76400/500000]  elapsed=10493s  rate=7.3/s  eta=58180s  finite=76400
  [76500/500000]  elapsed=10506s  rate=7.3/s  eta=58162s  finite=76500
  [76600/500000]  elapsed=10518s  rate=7.3/s  eta=58139s  finite=76600
  [76700/500000]  elapsed=10532s  rate=7.3/s  eta=58125s  finite=76700
  [76800/500000]  elapsed=10548s  rate=7.3/s  eta=58124s  finite=76800
  [76900/500000]  elapsed=10562s  rate=7.3/s  eta=58109s  finite=76900
  [77000/500000]  elapsed=10576s  rate=7.3/s  eta=58100s  finite=77000
  -> checkpoint saved: /scratch/e1498138/lhs/nonoise/ckpt_5e5/ckpt_077000.pkl
  [77100/500000]  elapsed=10590s  rate=7.3/s  eta=58088s  finite=77100
  [77200/500000]  elapsed=10604s  rate=7.3/s  eta=58073s  finite=77200
  [77300/500000]  elapsed=10618s  rate=7.3/s  eta=58065s  finite=77300
  [77400/500000]  elapsed=10632s  rate=7.3/s  eta=58050s  finite=77400
  [77500/500000]  elapsed=10646s  rate=7.3/s  eta=58036s  finite=77500
  [77600/500000]  elapsed=10659s  rate=7.3/s  eta=58018s  finite=77600
  [77700/500000]  elapsed=10672s  rate=7.3/s  eta=58001s  finite=77700
  [77800/500000]  elapsed=10685s  rate=7.3/s  eta=57986s  finite=77800
  [77900/500000]  elapsed=10700s  rate=7.3/s  eta=57976s  finite=77900
  [78000/500000]  elapsed=10716s  rate=7.3/s  eta=57977s  finite=78000
  -> checkpoint saved: /scratch/e1498138/lhs/nonoise/ckpt_5e5/ckpt_078000.pkl
  [78100/500000]  elapsed=10730s  rate=7.3/s  eta=57962s  finite=78100
  [78200/500000]  elapsed=10744s  rate=7.3/s  eta=57952s  finite=78200
  [78300/500000]  elapsed=10757s  rate=7.3/s  eta=57933s  finite=78300
  [78400/500000]  elapsed=10770s  rate=7.3/s  eta=57918s  finite=78400
  [78500/500000]  elapsed=10783s  rate=7.3/s  eta=57901s  finite=78500
  [78600/500000]  elapsed=10800s  rate=7.3/s  eta=57900s  finite=78600
  [78700/500000]  elapsed=10813s  rate=7.3/s  eta=57884s  finite=78700
  [78800/500000]  elapsed=10826s  rate=7.3/s  eta=57866s  finite=78800
  [78900/500000]  elapsed=10839s  rate=7.3/s  eta=57849s  finite=78900
  [79000/500000]  elapsed=10853s  rate=7.3/s  eta=57837s  finite=79000
  -> checkpoint saved: /scratch/e1498138/lhs/nonoise/ckpt_5e5/ckpt_079000.pkl
  [79100/500000]  elapsed=10868s  rate=7.3/s  eta=57830s  finite=79100
  [79200/500000]  elapsed=10882s  rate=7.3/s  eta=57817s  finite=79200
  [79300/500000]  elapsed=10897s  rate=7.3/s  eta=57809s  finite=79300
  [79400/500000]  elapsed=10911s  rate=7.3/s  eta=57799s  finite=79400
  [79500/500000]  elapsed=10925s  rate=7.3/s  eta=57786s  finite=79500
  [79600/500000]  elapsed=10938s  rate=7.3/s  eta=57770s  finite=79600
  [79700/500000]  elapsed=10952s  rate=7.3/s  eta=57755s  finite=79700
  [79800/500000]  elapsed=10965s  rate=7.3/s  eta=57737s  finite=79800
  [79900/500000]  elapsed=10978s  rate=7.3/s  eta=57721s  finite=79900
  [80000/500000]  elapsed=10991s  rate=7.3/s  eta=57705s  finite=80000
  -> checkpoint saved: /scratch/e1498138/lhs/nonoise/ckpt_5e5/ckpt_080000.pkl
  [80100/500000]  elapsed=11005s  rate=7.3/s  eta=57691s  finite=80100
  [80200/500000]  elapsed=11019s  rate=7.3/s  eta=57676s  finite=80200
  [80300/500000]  elapsed=11033s  rate=7.3/s  eta=57666s  finite=80300
  [80400/500000]  elapsed=11049s  rate=7.3/s  eta=57666s  finite=80400
  [80500/500000]  elapsed=11064s  rate=7.3/s  eta=57654s  finite=80500
  [80600/500000]  elapsed=11078s  rate=7.3/s  eta=57642s  finite=80600
  [80700/500000]  elapsed=11092s  rate=7.3/s  eta=57633s  finite=80700
  [80800/500000]  elapsed=11106s  rate=7.3/s  eta=57617s  finite=80800
  [80900/500000]  elapsed=11119s  rate=7.3/s  eta=57599s  finite=80900
  [81000/500000]  elapsed=11134s  rate=7.3/s  eta=57595s  finite=81000
  -> checkpoint saved: /scratch/e1498138/lhs/nonoise/ckpt_5e5/ckpt_081000.pkl
  [81100/500000]  elapsed=11149s  rate=7.3/s  eta=57588s  finite=81100
  [81200/500000]  elapsed=11162s  rate=7.3/s  eta=57570s  finite=81200
  [81300/500000]  elapsed=11177s  rate=7.3/s  eta=57560s  finite=81300
  [81400/500000]  elapsed=11190s  rate=7.3/s  eta=57544s  finite=81400
  [81500/500000]  elapsed=11203s  rate=7.3/s  eta=57528s  finite=81500
  [81600/500000]  elapsed=11217s  rate=7.3/s  eta=57517s  finite=81600
  [81700/500000]  elapsed=11230s  rate=7.3/s  eta=57499s  finite=81700
  [81800/500000]  elapsed=11243s  rate=7.3/s  eta=57482s  finite=81800
  [81900/500000]  elapsed=11257s  rate=7.3/s  eta=57465s  finite=81900
  [82000/500000]  elapsed=11270s  rate=7.3/s  eta=57451s  finite=82000
  -> checkpoint saved: /scratch/e1498138/lhs/nonoise/ckpt_5e5/ckpt_082000.pkl
  [82100/500000]  elapsed=11283s  rate=7.3/s  eta=57434s  finite=82100
  [82200/500000]  elapsed=11298s  rate=7.3/s  eta=57427s  finite=82200
  [82300/500000]  elapsed=11313s  rate=7.3/s  eta=57417s  finite=82300
  [82400/500000]  elapsed=11325s  rate=7.3/s  eta=57396s  finite=82400
  [82500/500000]  elapsed=11339s  rate=7.3/s  eta=57380s  finite=82500
  [82600/500000]  elapsed=11351s  rate=7.3/s  eta=57360s  finite=82600
  [82700/500000]  elapsed=11365s  rate=7.3/s  eta=57345s  finite=82700
  [82800/500000]  elapsed=11379s  rate=7.3/s  eta=57334s  finite=82800
  [82900/500000]  elapsed=11394s  rate=7.3/s  eta=57326s  finite=82900
  [83000/500000]  elapsed=11408s  rate=7.3/s  eta=57313s  finite=83000
  -> checkpoint saved: /scratch/e1498138/lhs/nonoise/ckpt_5e5/ckpt_083000.pkl
  [83100/500000]  elapsed=11422s  rate=7.3/s  eta=57303s  finite=83100
  [83200/500000]  elapsed=11436s  rate=7.3/s  eta=57290s  finite=83200
  [83300/500000]  elapsed=11449s  rate=7.3/s  eta=57274s  finite=83300
  [83400/500000]  elapsed=11462s  rate=7.3/s  eta=57255s  finite=83400
  [83500/500000]  elapsed=11476s  rate=7.3/s  eta=57242s  finite=83500
  [83600/500000]  elapsed=11490s  rate=7.3/s  eta=57229s  finite=83600
  [83700/500000]  elapsed=11503s  rate=7.3/s  eta=57212s  finite=83700
  [83800/500000]  elapsed=11517s  rate=7.3/s  eta=57199s  finite=83800
  [83900/500000]  elapsed=11532s  rate=7.3/s  eta=57193s  finite=83900
  [84000/500000]  elapsed=11546s  rate=7.3/s  eta=57181s  finite=84000
  -> checkpoint saved: /scratch/e1498138/lhs/nonoise/ckpt_5e5/ckpt_084000.pkl
  [84100/500000]  elapsed=11561s  rate=7.3/s  eta=57171s  finite=84100
  [84200/500000]  elapsed=11575s  rate=7.3/s  eta=57162s  finite=84200
  [84300/500000]  elapsed=11588s  rate=7.3/s  eta=57142s  finite=84300
  [84400/500000]  elapsed=11602s  rate=7.3/s  eta=57131s  finite=84400
  [84500/500000]  elapsed=11616s  rate=7.3/s  eta=57118s  finite=84500
  [84600/500000]  elapsed=11630s  rate=7.3/s  eta=57107s  finite=84600
  [84700/500000]  elapsed=11644s  rate=7.3/s  eta=57092s  finite=84700
  [84800/500000]  elapsed=11657s  rate=7.3/s  eta=57074s  finite=84800
  [84900/500000]  elapsed=11670s  rate=7.3/s  eta=57060s  finite=84900
  [85000/500000]  elapsed=11685s  rate=7.3/s  eta=57050s  finite=85000
  -> checkpoint saved: /scratch/e1498138/lhs/nonoise/ckpt_5e5/ckpt_085000.pkl
  [85100/500000]  elapsed=11699s  rate=7.3/s  eta=57037s  finite=85100
  [85200/500000]  elapsed=11712s  rate=7.3/s  eta=57020s  finite=85200
  [85300/500000]  elapsed=11726s  rate=7.3/s  eta=57007s  finite=85300
  [85400/500000]  elapsed=11740s  rate=7.3/s  eta=56994s  finite=85400
  [85500/500000]  elapsed=11754s  rate=7.3/s  eta=56983s  finite=85500
  [85600/500000]  elapsed=11768s  rate=7.3/s  eta=56968s  finite=85600
  [85700/500000]  elapsed=11782s  rate=7.3/s  eta=56957s  finite=85700
  [85800/500000]  elapsed=11796s  rate=7.3/s  eta=56945s  finite=85800
  [85900/500000]  elapsed=11810s  rate=7.3/s  eta=56932s  finite=85900
  [86000/500000]  elapsed=11823s  rate=7.3/s  eta=56915s  finite=86000
  -> checkpoint saved: /scratch/e1498138/lhs/nonoise/ckpt_5e5/ckpt_086000.pkl
  [86100/500000]  elapsed=11837s  rate=7.3/s  eta=56902s  finite=86100
  [86200/500000]  elapsed=11850s  rate=7.3/s  eta=56886s  finite=86200
  [86300/500000]  elapsed=11864s  rate=7.3/s  eta=56874s  finite=86300
  [86400/500000]  elapsed=11878s  rate=7.3/s  eta=56860s  finite=86400
  [86500/500000]  elapsed=11892s  rate=7.3/s  eta=56848s  finite=86500
  [86600/500000]  elapsed=11907s  rate=7.3/s  eta=56840s  finite=86600
  [86700/500000]  elapsed=11920s  rate=7.3/s  eta=56821s  finite=86700
  [86800/500000]  elapsed=11933s  rate=7.3/s  eta=56804s  finite=86800
  [86900/500000]  elapsed=11945s  rate=7.3/s  eta=56783s  finite=86900
  [87000/500000]  elapsed=11958s  rate=7.3/s  eta=56767s  finite=87000
  -> checkpoint saved: /scratch/e1498138/lhs/nonoise/ckpt_5e5/ckpt_087000.pkl
  [87100/500000]  elapsed=11972s  rate=7.3/s  eta=56752s  finite=87100
  [87200/500000]  elapsed=11985s  rate=7.3/s  eta=56738s  finite=87200
  [87300/500000]  elapsed=11999s  rate=7.3/s  eta=56723s  finite=87300
  [87400/500000]  elapsed=12012s  rate=7.3/s  eta=56708s  finite=87400
  [87500/500000]  elapsed=12027s  rate=7.3/s  eta=56698s  finite=87500
  [87600/500000]  elapsed=12040s  rate=7.3/s  eta=56683s  finite=87600
  [87700/500000]  elapsed=12053s  rate=7.3/s  eta=56666s  finite=87700
  [87800/500000]  elapsed=12067s  rate=7.3/s  eta=56651s  finite=87800
  [87900/500000]  elapsed=12081s  rate=7.3/s  eta=56638s  finite=87900
  [88000/500000]  elapsed=12095s  rate=7.3/s  eta=56625s  finite=88000
  -> checkpoint saved: /scratch/e1498138/lhs/nonoise/ckpt_5e5/ckpt_088000.pkl
  [88100/500000]  elapsed=12110s  rate=7.3/s  eta=56617s  finite=88100
  [88200/500000]  elapsed=12124s  rate=7.3/s  eta=56605s  finite=88200
  [88300/500000]  elapsed=12137s  rate=7.3/s  eta=56591s  finite=88300
  [88400/500000]  elapsed=12150s  rate=7.3/s  eta=56573s  finite=88400
  [88500/500000]  elapsed=12164s  rate=7.3/s  eta=56558s  finite=88500
  [88600/500000]  elapsed=12177s  rate=7.3/s  eta=56542s  finite=88600
  [88700/500000]  elapsed=12192s  rate=7.3/s  eta=56532s  finite=88700
  [88800/500000]  elapsed=12204s  rate=7.3/s  eta=56514s  finite=88800
  [88900/500000]  elapsed=12219s  rate=7.3/s  eta=56505s  finite=88900
  [89000/500000]  elapsed=12234s  rate=7.3/s  eta=56497s  finite=89000
  -> checkpoint saved: /scratch/e1498138/lhs/nonoise/ckpt_5e5/ckpt_089000.pkl
  [89100/500000]  elapsed=12249s  rate=7.3/s  eta=56489s  finite=89100
  [89200/500000]  elapsed=12264s  rate=7.3/s  eta=56481s  finite=89200
  [89300/500000]  elapsed=12277s  rate=7.3/s  eta=56464s  finite=89300
  [89400/500000]  elapsed=12290s  rate=7.3/s  eta=56444s  finite=89400
  [89500/500000]  elapsed=12303s  rate=7.3/s  eta=56431s  finite=89500
  [89600/500000]  elapsed=12318s  rate=7.3/s  eta=56419s  finite=89600
  [89700/500000]  elapsed=12330s  rate=7.3/s  eta=56399s  finite=89700
  [89800/500000]  elapsed=12342s  rate=7.3/s  eta=56379s  finite=89800
  [89900/500000]  elapsed=12356s  rate=7.3/s  eta=56367s  finite=89900
  [90000/500000]  elapsed=12369s  rate=7.3/s  eta=56347s  finite=90000
  -> checkpoint saved: /scratch/e1498138/lhs/nonoise/ckpt_5e5/ckpt_090000.pkl
  [90100/500000]  elapsed=12382s  rate=7.3/s  eta=56331s  finite=90100
  [90200/500000]  elapsed=12395s  rate=7.3/s  eta=56314s  finite=90200
  [90300/500000]  elapsed=12408s  rate=7.3/s  eta=56297s  finite=90300
  [90400/500000]  elapsed=12422s  rate=7.3/s  eta=56285s  finite=90400
  [90500/500000]  elapsed=12436s  rate=7.3/s  eta=56271s  finite=90500
  [90600/500000]  elapsed=12451s  rate=7.3/s  eta=56262s  finite=90600
  [90700/500000]  elapsed=12464s  rate=7.3/s  eta=56246s  finite=90700
  [90800/500000]  elapsed=12477s  rate=7.3/s  eta=56231s  finite=90800
  [90900/500000]  elapsed=12492s  rate=7.3/s  eta=56219s  finite=90900
  [91000/500000]  elapsed=12504s  rate=7.3/s  eta=56201s  finite=91000
  -> checkpoint saved: /scratch/e1498138/lhs/nonoise/ckpt_5e5/ckpt_091000.pkl
  [91100/500000]  elapsed=12518s  rate=7.3/s  eta=56189s  finite=91100
  [91200/500000]  elapsed=12531s  rate=7.3/s  eta=56168s  finite=91200
  [91300/500000]  elapsed=12544s  rate=7.3/s  eta=56153s  finite=91300
  [91400/500000]  elapsed=12557s  rate=7.3/s  eta=56134s  finite=91400
  [91500/500000]  elapsed=12570s  rate=7.3/s  eta=56118s  finite=91500
  [91600/500000]  elapsed=12582s  rate=7.3/s  eta=56099s  finite=91600
  [91700/500000]  elapsed=12596s  rate=7.3/s  eta=56085s  finite=91700
  [91800/500000]  elapsed=12609s  rate=7.3/s  eta=56067s  finite=91800
  [91900/500000]  elapsed=12623s  rate=7.3/s  eta=56056s  finite=91900
  [92000/500000]  elapsed=12636s  rate=7.3/s  eta=56039s  finite=92000
  -> checkpoint saved: /scratch/e1498138/lhs/nonoise/ckpt_5e5/ckpt_092000.pkl
  [92100/500000]  elapsed=12649s  rate=7.3/s  eta=56023s  finite=92100
  [92200/500000]  elapsed=12664s  rate=7.3/s  eta=56013s  finite=92200
  [92300/500000]  elapsed=12677s  rate=7.3/s  eta=55995s  finite=92300
  [92400/500000]  elapsed=12690s  rate=7.3/s  eta=55981s  finite=92400
  [92500/500000]  elapsed=12704s  rate=7.3/s  eta=55966s  finite=92500
  [92600/500000]  elapsed=12716s  rate=7.3/s  eta=55945s  finite=92600
  [92700/500000]  elapsed=12730s  rate=7.3/s  eta=55932s  finite=92700
  [92800/500000]  elapsed=12744s  rate=7.3/s  eta=55919s  finite=92800
  [92900/500000]  elapsed=12758s  rate=7.3/s  eta=55907s  finite=92900
  [93000/500000]  elapsed=12773s  rate=7.3/s  eta=55899s  finite=93000
  -> checkpoint saved: /scratch/e1498138/lhs/nonoise/ckpt_5e5/ckpt_093000.pkl
  [93100/500000]  elapsed=12786s  rate=7.3/s  eta=55883s  finite=93100
  [93200/500000]  elapsed=12800s  rate=7.3/s  eta=55872s  finite=93200
  [93300/500000]  elapsed=12815s  rate=7.3/s  eta=55860s  finite=93300
  [93400/500000]  elapsed=12828s  rate=7.3/s  eta=55843s  finite=93400
  [93500/500000]  elapsed=12843s  rate=7.3/s  eta=55836s  finite=93500
  [93600/500000]  elapsed=12857s  rate=7.3/s  eta=55824s  finite=93600
  [93700/500000]  elapsed=12870s  rate=7.3/s  eta=55807s  finite=93700
  [93800/500000]  elapsed=12884s  rate=7.3/s  eta=55795s  finite=93800
  [93900/500000]  elapsed=12898s  rate=7.3/s  eta=55782s  finite=93900
  [94000/500000]  elapsed=12911s  rate=7.3/s  eta=55765s  finite=94000
  -> checkpoint saved: /scratch/e1498138/lhs/nonoise/ckpt_5e5/ckpt_094000.pkl
  [94100/500000]  elapsed=12924s  rate=7.3/s  eta=55747s  finite=94100
  [94200/500000]  elapsed=12936s  rate=7.3/s  eta=55727s  finite=94200
  [94300/500000]  elapsed=12949s  rate=7.3/s  eta=55709s  finite=94300
  [94400/500000]  elapsed=12962s  rate=7.3/s  eta=55691s  finite=94400
  [94500/500000]  elapsed=12976s  rate=7.3/s  eta=55679s  finite=94500
  [94600/500000]  elapsed=12988s  rate=7.3/s  eta=55660s  finite=94600
  [94700/500000]  elapsed=13001s  rate=7.3/s  eta=55644s  finite=94700
  [94800/500000]  elapsed=13015s  rate=7.3/s  eta=55628s  finite=94800
  [94900/500000]  elapsed=13029s  rate=7.3/s  eta=55616s  finite=94900
  [95000/500000]  elapsed=13043s  rate=7.3/s  eta=55606s  finite=95000
  -> checkpoint saved: /scratch/e1498138/lhs/nonoise/ckpt_5e5/ckpt_095000.pkl
  [95100/500000]  elapsed=13057s  rate=7.3/s  eta=55591s  finite=95100
  [95200/500000]  elapsed=13071s  rate=7.3/s  eta=55579s  finite=95200
  [95300/500000]  elapsed=13083s  rate=7.3/s  eta=55560s  finite=95300
  [95400/500000]  elapsed=13097s  rate=7.3/s  eta=55543s  finite=95400
  [95500/500000]  elapsed=13109s  rate=7.3/s  eta=55526s  finite=95500
  [95600/500000]  elapsed=13122s  rate=7.3/s  eta=55509s  finite=95600
  [95700/500000]  elapsed=13137s  rate=7.3/s  eta=55500s  finite=95700
  [95800/500000]  elapsed=13151s  rate=7.3/s  eta=55487s  finite=95800
  [95900/500000]  elapsed=13165s  rate=7.3/s  eta=55476s  finite=95900
  [96000/500000]  elapsed=13180s  rate=7.3/s  eta=55466s  finite=96000
  -> checkpoint saved: /scratch/e1498138/lhs/nonoise/ckpt_5e5/ckpt_096000.pkl
  [96100/500000]  elapsed=13195s  rate=7.3/s  eta=55458s  finite=96100
  [96200/500000]  elapsed=13208s  rate=7.3/s  eta=55440s  finite=96200
  [96300/500000]  elapsed=13223s  rate=7.3/s  eta=55431s  finite=96300
  [96400/500000]  elapsed=13238s  rate=7.3/s  eta=55422s  finite=96400
  [96500/500000]  elapsed=13252s  rate=7.3/s  eta=55410s  finite=96500
  [96600/500000]  elapsed=13264s  rate=7.3/s  eta=55390s  finite=96600
  [96700/500000]  elapsed=13278s  rate=7.3/s  eta=55376s  finite=96700
  [96800/500000]  elapsed=13291s  rate=7.3/s  eta=55359s  finite=96800
  [96900/500000]  elapsed=13304s  rate=7.3/s  eta=55345s  finite=96900
  [97000/500000]  elapsed=13319s  rate=7.3/s  eta=55334s  finite=97000
  -> checkpoint saved: /scratch/e1498138/lhs/nonoise/ckpt_5e5/ckpt_097000.pkl
  [97100/500000]  elapsed=13333s  rate=7.3/s  eta=55323s  finite=97100
  [97200/500000]  elapsed=13346s  rate=7.3/s  eta=55304s  finite=97200
  [97300/500000]  elapsed=13360s  rate=7.3/s  eta=55292s  finite=97300
  [97400/500000]  elapsed=13374s  rate=7.3/s  eta=55282s  finite=97400
  [97500/500000]  elapsed=13388s  rate=7.3/s  eta=55267s  finite=97500
  [97600/500000]  elapsed=13401s  rate=7.3/s  eta=55253s  finite=97600
  [97700/500000]  elapsed=13414s  rate=7.3/s  eta=55236s  finite=97700
  [97800/500000]  elapsed=13427s  rate=7.3/s  eta=55217s  finite=97800
  [97900/500000]  elapsed=13441s  rate=7.3/s  eta=55206s  finite=97900
  [98000/500000]  elapsed=13456s  rate=7.3/s  eta=55195s  finite=98000
  -> checkpoint saved: /scratch/e1498138/lhs/nonoise/ckpt_5e5/ckpt_098000.pkl
  [98100/500000]  elapsed=13469s  rate=7.3/s  eta=55180s  finite=98100
  [98200/500000]  elapsed=13482s  rate=7.3/s  eta=55163s  finite=98200
  [98300/500000]  elapsed=13496s  rate=7.3/s  eta=55151s  finite=98300
  [98400/500000]  elapsed=13509s  rate=7.3/s  eta=55136s  finite=98400
  [98500/500000]  elapsed=13524s  rate=7.3/s  eta=55126s  finite=98500
  [98600/500000]  elapsed=13539s  rate=7.3/s  eta=55119s  finite=98600
  [98700/500000]  elapsed=13553s  rate=7.3/s  eta=55104s  finite=98700
  [98800/500000]  elapsed=13566s  rate=7.3/s  eta=55088s  finite=98800
  [98900/500000]  elapsed=13578s  rate=7.3/s  eta=55069s  finite=98900
  [99000/500000]  elapsed=13594s  rate=7.3/s  eta=55062s  finite=99000
  -> checkpoint saved: /scratch/e1498138/lhs/nonoise/ckpt_5e5/ckpt_099000.pkl
  [99100/500000]  elapsed=13608s  rate=7.3/s  eta=55049s  finite=99100
  [99200/500000]  elapsed=13621s  rate=7.3/s  eta=55031s  finite=99200
  [99300/500000]  elapsed=13633s  rate=7.3/s  eta=55013s  finite=99300
  [99400/500000]  elapsed=13647s  rate=7.3/s  eta=55000s  finite=99400
  [99500/500000]  elapsed=13661s  rate=7.3/s  eta=54986s  finite=99500
  [99600/500000]  elapsed=13675s  rate=7.3/s  eta=54975s  finite=99600
  [99700/500000]  elapsed=13689s  rate=7.3/s  eta=54963s  finite=99700
  [99800/500000]  elapsed=13703s  rate=7.3/s  eta=54948s  finite=99800
  [99900/500000]  elapsed=13717s  rate=7.3/s  eta=54937s  finite=99900
  [100000/500000]  elapsed=13730s  rate=7.3/s  eta=54918s  finite=100000
  -> checkpoint saved: /scratch/e1498138/lhs/nonoise/ckpt_5e5/ckpt_100000.pkl
  [100100/500000]  elapsed=13744s  rate=7.3/s  eta=54909s  finite=100100
  [100200/500000]  elapsed=13759s  rate=7.3/s  eta=54900s  finite=100200
  [100300/500000]  elapsed=13773s  rate=7.3/s  eta=54884s  finite=100300
  [100400/500000]  elapsed=13786s  rate=7.3/s  eta=54870s  finite=100400
  [100500/500000]  elapsed=13800s  rate=7.3/s  eta=54857s  finite=100500
  [100600/500000]  elapsed=13814s  rate=7.3/s  eta=54846s  finite=100600
  [100700/500000]  elapsed=13828s  rate=7.3/s  eta=54832s  finite=100700
  [100800/500000]  elapsed=13842s  rate=7.3/s  eta=54817s  finite=100800
  [100900/500000]  elapsed=13855s  rate=7.3/s  eta=54801s  finite=100900
  [101000/500000]  elapsed=13869s  rate=7.3/s  eta=54788s  finite=101000
  -> checkpoint saved: /scratch/e1498138/lhs/nonoise/ckpt_5e5/ckpt_101000.pkl
  [101100/500000]  elapsed=13883s  rate=7.3/s  eta=54776s  finite=101100
  [101200/500000]  elapsed=13897s  rate=7.3/s  eta=54764s  finite=101200
  [101300/500000]  elapsed=13911s  rate=7.3/s  eta=54750s  finite=101300
  [101400/500000]  elapsed=13923s  rate=7.3/s  eta=54731s  finite=101400
  [101500/500000]  elapsed=13937s  rate=7.3/s  eta=54718s  finite=101500
  [101600/500000]  elapsed=13952s  rate=7.3/s  eta=54708s  finite=101600
  [101700/500000]  elapsed=13966s  rate=7.3/s  eta=54698s  finite=101700
  [101800/500000]  elapsed=13980s  rate=7.3/s  eta=54686s  finite=101800
  [101900/500000]  elapsed=13994s  rate=7.3/s  eta=54670s  finite=101900
  [102000/500000]  elapsed=14008s  rate=7.3/s  eta=54657s  finite=102000
  -> checkpoint saved: /scratch/e1498138/lhs/nonoise/ckpt_5e5/ckpt_102000.pkl
  [102100/500000]  elapsed=14021s  rate=7.3/s  eta=54644s  finite=102100
  [102200/500000]  elapsed=14035s  rate=7.3/s  eta=54630s  finite=102200
  [102300/500000]  elapsed=14049s  rate=7.3/s  eta=54616s  finite=102300
  [102400/500000]  elapsed=14062s  rate=7.3/s  eta=54599s  finite=102400
  [102500/500000]  elapsed=14075s  rate=7.3/s  eta=54584s  finite=102500
  [102600/500000]  elapsed=14089s  rate=7.3/s  eta=54569s  finite=102600
  [102700/500000]  elapsed=14102s  rate=7.3/s  eta=54553s  finite=102700
  [102800/500000]  elapsed=14116s  rate=7.3/s  eta=54540s  finite=102800
  [102900/500000]  elapsed=14129s  rate=7.3/s  eta=54524s  finite=102900
  [103000/500000]  elapsed=14143s  rate=7.3/s  eta=54513s  finite=103000
  -> checkpoint saved: /scratch/e1498138/lhs/nonoise/ckpt_5e5/ckpt_103000.pkl
  [103100/500000]  elapsed=14156s  rate=7.3/s  eta=54497s  finite=103100
  [103200/500000]  elapsed=14170s  rate=7.3/s  eta=54484s  finite=103200
  [103300/500000]  elapsed=14183s  rate=7.3/s  eta=54467s  finite=103300
  [103400/500000]  elapsed=14197s  rate=7.3/s  eta=54455s  finite=103400
  [103500/500000]  elapsed=14210s  rate=7.3/s  eta=54439s  finite=103500
  [103600/500000]  elapsed=14224s  rate=7.3/s  eta=54424s  finite=103600
  [103700/500000]  elapsed=14237s  rate=7.3/s  eta=54410s  finite=103700
  [103800/500000]  elapsed=14252s  rate=7.3/s  eta=54401s  finite=103800
  [103900/500000]  elapsed=14267s  rate=7.3/s  eta=54391s  finite=103900
  [104000/500000]  elapsed=14281s  rate=7.3/s  eta=54378s  finite=104000
  -> checkpoint saved: /scratch/e1498138/lhs/nonoise/ckpt_5e5/ckpt_104000.pkl
  [104100/500000]  elapsed=14295s  rate=7.3/s  eta=54366s  finite=104100
  [104200/500000]  elapsed=14309s  rate=7.3/s  eta=54352s  finite=104200
  [104300/500000]  elapsed=14324s  rate=7.3/s  eta=54342s  finite=104300
  [104400/500000]  elapsed=14338s  rate=7.3/s  eta=54330s  finite=104400
  [104500/500000]  elapsed=14351s  rate=7.3/s  eta=54314s  finite=104500
  [104600/500000]  elapsed=14365s  rate=7.3/s  eta=54302s  finite=104600
  [104700/500000]  elapsed=14378s  rate=7.3/s  eta=54286s  finite=104700
  [104800/500000]  elapsed=14393s  rate=7.3/s  eta=54276s  finite=104800
  [104900/500000]  elapsed=14407s  rate=7.3/s  eta=54262s  finite=104900
  [105000/500000]  elapsed=14421s  rate=7.3/s  eta=54251s  finite=105000
  -> checkpoint saved: /scratch/e1498138/lhs/nonoise/ckpt_5e5/ckpt_105000.pkl
  [105100/500000]  elapsed=14435s  rate=7.3/s  eta=54238s  finite=105100
  [105200/500000]  elapsed=14450s  rate=7.3/s  eta=54227s  finite=105200
  [105300/500000]  elapsed=14462s  rate=7.3/s  eta=54210s  finite=105300
  [105400/500000]  elapsed=14475s  rate=7.3/s  eta=54192s  finite=105400
  [105500/500000]  elapsed=14489s  rate=7.3/s  eta=54179s  finite=105500
  [105600/500000]  elapsed=14502s  rate=7.3/s  eta=54164s  finite=105600
  [105700/500000]  elapsed=14515s  rate=7.3/s  eta=54147s  finite=105700
  [105800/500000]  elapsed=14529s  rate=7.3/s  eta=54132s  finite=105800
  [105900/500000]  elapsed=14543s  rate=7.3/s  eta=54120s  finite=105900
  [106000/500000]  elapsed=14557s  rate=7.3/s  eta=54106s  finite=106000
  -> checkpoint saved: /scratch/e1498138/lhs/nonoise/ckpt_5e5/ckpt_106000.pkl
  [106100/500000]  elapsed=14571s  rate=7.3/s  eta=54094s  finite=106100
  [106200/500000]  elapsed=14586s  rate=7.3/s  eta=54085s  finite=106200
  [106300/500000]  elapsed=14599s  rate=7.3/s  eta=54068s  finite=106300
  [106400/500000]  elapsed=14612s  rate=7.3/s  eta=54053s  finite=106400
  [106500/500000]  elapsed=14627s  rate=7.3/s  eta=54045s  finite=106500
  [106600/500000]  elapsed=14641s  rate=7.3/s  eta=54032s  finite=106600
  [106700/500000]  elapsed=14654s  rate=7.3/s  eta=54016s  finite=106700
  [106800/500000]  elapsed=14668s  rate=7.3/s  eta=54001s  finite=106800
  [106900/500000]  elapsed=14680s  rate=7.3/s  eta=53982s  finite=106900
  [107000/500000]  elapsed=14694s  rate=7.3/s  eta=53968s  finite=107000
  -> checkpoint saved: /scratch/e1498138/lhs/nonoise/ckpt_5e5/ckpt_107000.pkl
  [107100/500000]  elapsed=14707s  rate=7.3/s  eta=53954s  finite=107100
  [107200/500000]  elapsed=14722s  rate=7.3/s  eta=53943s  finite=107200
  [107300/500000]  elapsed=14736s  rate=7.3/s  eta=53931s  finite=107300
  [107400/500000]  elapsed=14750s  rate=7.3/s  eta=53918s  finite=107400
  [107500/500000]  elapsed=14762s  rate=7.3/s  eta=53900s  finite=107500
  [107600/500000]  elapsed=14776s  rate=7.3/s  eta=53884s  finite=107600
  [107700/500000]  elapsed=14789s  rate=7.3/s  eta=53868s  finite=107700
  [107800/500000]  elapsed=14802s  rate=7.3/s  eta=53852s  finite=107800
  [107900/500000]  elapsed=14815s  rate=7.3/s  eta=53837s  finite=107900
  [108000/500000]  elapsed=14830s  rate=7.3/s  eta=53827s  finite=108000
  -> checkpoint saved: /scratch/e1498138/lhs/nonoise/ckpt_5e5/ckpt_108000.pkl
  [108100/500000]  elapsed=14843s  rate=7.3/s  eta=53812s  finite=108100
  [108200/500000]  elapsed=14857s  rate=7.3/s  eta=53799s  finite=108200
  [108300/500000]  elapsed=14871s  rate=7.3/s  eta=53786s  finite=108300
  [108400/500000]  elapsed=14885s  rate=7.3/s  eta=53772s  finite=108400
  [108500/500000]  elapsed=14898s  rate=7.3/s  eta=53757s  finite=108500
  [108600/500000]  elapsed=14912s  rate=7.3/s  eta=53743s  finite=108600
  [108700/500000]  elapsed=14926s  rate=7.3/s  eta=53732s  finite=108700
  [108800/500000]  elapsed=14940s  rate=7.3/s  eta=53719s  finite=108800
  [108900/500000]  elapsed=14955s  rate=7.3/s  eta=53708s  finite=108900
  [109000/500000]  elapsed=14970s  rate=7.3/s  eta=53701s  finite=109000
  -> checkpoint saved: /scratch/e1498138/lhs/nonoise/ckpt_5e5/ckpt_109000.pkl
  [109100/500000]  elapsed=14985s  rate=7.3/s  eta=53690s  finite=109100
  [109200/500000]  elapsed=14998s  rate=7.3/s  eta=53675s  finite=109200
  [109300/500000]  elapsed=15012s  rate=7.3/s  eta=53661s  finite=109300
  [109400/500000]  elapsed=15025s  rate=7.3/s  eta=53644s  finite=109400
  [109500/500000]  elapsed=15039s  rate=7.3/s  eta=53633s  finite=109500
  [109600/500000]  elapsed=15055s  rate=7.3/s  eta=53625s  finite=109600
  [109700/500000]  elapsed=15068s  rate=7.3/s  eta=53610s  finite=109700
  [109800/500000]  elapsed=15081s  rate=7.3/s  eta=53595s  finite=109800
  [109900/500000]  elapsed=15097s  rate=7.3/s  eta=53587s  finite=109900
  [110000/500000]  elapsed=15111s  rate=7.3/s  eta=53575s  finite=110000
  -> checkpoint saved: /scratch/e1498138/lhs/nonoise/ckpt_5e5/ckpt_110000.pkl
  [110100/500000]  elapsed=15124s  rate=7.3/s  eta=53560s  finite=110100
  [110200/500000]  elapsed=15139s  rate=7.3/s  eta=53548s  finite=110200
  [110300/500000]  elapsed=15152s  rate=7.3/s  eta=53533s  finite=110300
  [110400/500000]  elapsed=15166s  rate=7.3/s  eta=53521s  finite=110400
  [110500/500000]  elapsed=15181s  rate=7.3/s  eta=53511s  finite=110500
  [110600/500000]  elapsed=15195s  rate=7.3/s  eta=53497s  finite=110600
  [110700/500000]  elapsed=15209s  rate=7.3/s  eta=53486s  finite=110700
  [110800/500000]  elapsed=15224s  rate=7.3/s  eta=53475s  finite=110800
  [110900/500000]  elapsed=15237s  rate=7.3/s  eta=53459s  finite=110900
  [111000/500000]  elapsed=15252s  rate=7.3/s  eta=53451s  finite=111000
  -> checkpoint saved: /scratch/e1498138/lhs/nonoise/ckpt_5e5/ckpt_111000.pkl
  [111100/500000]  elapsed=15265s  rate=7.3/s  eta=53434s  finite=111100
  [111200/500000]  elapsed=15279s  rate=7.3/s  eta=53422s  finite=111200
  [111300/500000]  elapsed=15294s  rate=7.3/s  eta=53413s  finite=111300
  [111400/500000]  elapsed=15307s  rate=7.3/s  eta=53396s  finite=111400
  [111500/500000]  elapsed=15320s  rate=7.3/s  eta=53380s  finite=111500
  [111600/500000]  elapsed=15334s  rate=7.3/s  eta=53366s  finite=111600
  [111700/500000]  elapsed=15350s  rate=7.3/s  eta=53362s  finite=111700
  [111800/500000]  elapsed=15364s  rate=7.3/s  eta=53350s  finite=111800
  [111900/500000]  elapsed=15377s  rate=7.3/s  eta=53333s  finite=111900
  [112000/500000]  elapsed=15391s  rate=7.3/s  eta=53319s  finite=112000
  -> checkpoint saved: /scratch/e1498138/lhs/nonoise/ckpt_5e5/ckpt_112000.pkl
  [112100/500000]  elapsed=15405s  rate=7.3/s  eta=53306s  finite=112100
  [112200/500000]  elapsed=15419s  rate=7.3/s  eta=53294s  finite=112200
  [112300/500000]  elapsed=15432s  rate=7.3/s  eta=53276s  finite=112300
  [112400/500000]  elapsed=15445s  rate=7.3/s  eta=53260s  finite=112400
  [112500/500000]  elapsed=15459s  rate=7.3/s  eta=53247s  finite=112500
  [112600/500000]  elapsed=15472s  rate=7.3/s  eta=53230s  finite=112600
  [112700/500000]  elapsed=15485s  rate=7.3/s  eta=53216s  finite=112700
  [112800/500000]  elapsed=15498s  rate=7.3/s  eta=53199s  finite=112800
  [112900/500000]  elapsed=15513s  rate=7.3/s  eta=53188s  finite=112900
  [113000/500000]  elapsed=15527s  rate=7.3/s  eta=53178s  finite=113000
  -> checkpoint saved: /scratch/e1498138/lhs/nonoise/ckpt_5e5/ckpt_113000.pkl
  [113100/500000]  elapsed=15541s  rate=7.3/s  eta=53163s  finite=113100
  [113200/500000]  elapsed=15554s  rate=7.3/s  eta=53149s  finite=113200
  [113300/500000]  elapsed=15568s  rate=7.3/s  eta=53135s  finite=113300
  [113400/500000]  elapsed=15582s  rate=7.3/s  eta=53121s  finite=113400
  [113500/500000]  elapsed=15595s  rate=7.3/s  eta=53106s  finite=113500
  [113600/500000]  elapsed=15609s  rate=7.3/s  eta=53093s  finite=113600
  [113700/500000]  elapsed=15623s  rate=7.3/s  eta=53079s  finite=113700
  [113800/500000]  elapsed=15636s  rate=7.3/s  eta=53065s  finite=113800
  [113900/500000]  elapsed=15649s  rate=7.3/s  eta=53047s  finite=113900
  [114000/500000]  elapsed=15663s  rate=7.3/s  eta=53035s  finite=114000
  -> checkpoint saved: /scratch/e1498138/lhs/nonoise/ckpt_5e5/ckpt_114000.pkl
  [114100/500000]  elapsed=15676s  rate=7.3/s  eta=53020s  finite=114100
  [114200/500000]  elapsed=15689s  rate=7.3/s  eta=53003s  finite=114200
  [114300/500000]  elapsed=15703s  rate=7.3/s  eta=52989s  finite=114300
  [114400/500000]  elapsed=15716s  rate=7.3/s  eta=52973s  finite=114400
  [114500/500000]  elapsed=15728s  rate=7.3/s  eta=52954s  finite=114500
  [114600/500000]  elapsed=15741s  rate=7.3/s  eta=52937s  finite=114600
  [114700/500000]  elapsed=15756s  rate=7.3/s  eta=52927s  finite=114700
  [114800/500000]  elapsed=15768s  rate=7.3/s  eta=52908s  finite=114800
  [114900/500000]  elapsed=15782s  rate=7.3/s  eta=52895s  finite=114900
  [115000/500000]  elapsed=15796s  rate=7.3/s  eta=52883s  finite=115000
  -> checkpoint saved: /scratch/e1498138/lhs/nonoise/ckpt_5e5/ckpt_115000.pkl
  [115100/500000]  elapsed=15811s  rate=7.3/s  eta=52872s  finite=115100
  [115200/500000]  elapsed=15824s  rate=7.3/s  eta=52856s  finite=115200
  [115300/500000]  elapsed=15837s  rate=7.3/s  eta=52841s  finite=115300
  [115400/500000]  elapsed=15851s  rate=7.3/s  eta=52827s  finite=115400
  [115500/500000]  elapsed=15864s  rate=7.3/s  eta=52810s  finite=115500
  [115600/500000]  elapsed=15878s  rate=7.3/s  eta=52800s  finite=115600
  [115700/500000]  elapsed=15893s  rate=7.3/s  eta=52789s  finite=115700
  [115800/500000]  elapsed=15907s  rate=7.3/s  eta=52776s  finite=115800
  [115900/500000]  elapsed=15921s  rate=7.3/s  eta=52763s  finite=115900
  [116000/500000]  elapsed=15934s  rate=7.3/s  eta=52746s  finite=116000
  -> checkpoint saved: /scratch/e1498138/lhs/nonoise/ckpt_5e5/ckpt_116000.pkl
  [116100/500000]  elapsed=15948s  rate=7.3/s  eta=52733s  finite=116100
  [116200/500000]  elapsed=15961s  rate=7.3/s  eta=52717s  finite=116200
  [116300/500000]  elapsed=15975s  rate=7.3/s  eta=52704s  finite=116300
  [116400/500000]  elapsed=15989s  rate=7.3/s  eta=52692s  finite=116400
  [116500/500000]  elapsed=16003s  rate=7.3/s  eta=52678s  finite=116500
  [116600/500000]  elapsed=16017s  rate=7.3/s  eta=52667s  finite=116600
  [116700/500000]  elapsed=16031s  rate=7.3/s  eta=52652s  finite=116700
  [116800/500000]  elapsed=16043s  rate=7.3/s  eta=52635s  finite=116800
  [116900/500000]  elapsed=16056s  rate=7.3/s  eta=52620s  finite=116900
  [117000/500000]  elapsed=16072s  rate=7.3/s  eta=52612s  finite=117000
  -> checkpoint saved: /scratch/e1498138/lhs/nonoise/ckpt_5e5/ckpt_117000.pkl
  [117100/500000]  elapsed=16085s  rate=7.3/s  eta=52595s  finite=117100
  [117200/500000]  elapsed=16099s  rate=7.3/s  eta=52582s  finite=117200
  [117300/500000]  elapsed=16113s  rate=7.3/s  eta=52569s  finite=117300
  [117400/500000]  elapsed=16127s  rate=7.3/s  eta=52556s  finite=117400
  [117500/500000]  elapsed=16140s  rate=7.3/s  eta=52542s  finite=117500
  [117600/500000]  elapsed=16154s  rate=7.3/s  eta=52527s  finite=117600
  [117700/500000]  elapsed=16168s  rate=7.3/s  eta=52514s  finite=117700
  [117800/500000]  elapsed=16182s  rate=7.3/s  eta=52502s  finite=117800
  [117900/500000]  elapsed=16195s  rate=7.3/s  eta=52487s  finite=117900
  [118000/500000]  elapsed=16208s  rate=7.3/s  eta=52471s  finite=118000
  -> checkpoint saved: /scratch/e1498138/lhs/nonoise/ckpt_5e5/ckpt_118000.pkl
  [118100/500000]  elapsed=16222s  rate=7.3/s  eta=52456s  finite=118100
  [118200/500000]  elapsed=16235s  rate=7.3/s  eta=52440s  finite=118200
  [118300/500000]  elapsed=16248s  rate=7.3/s  eta=52424s  finite=118300
  [118400/500000]  elapsed=16262s  rate=7.3/s  eta=52413s  finite=118400
  [118500/500000]  elapsed=16275s  rate=7.3/s  eta=52397s  finite=118500
  [118600/500000]  elapsed=16290s  rate=7.3/s  eta=52387s  finite=118600
  [118700/500000]  elapsed=16304s  rate=7.3/s  eta=52373s  finite=118700
  [118800/500000]  elapsed=16318s  rate=7.3/s  eta=52361s  finite=118800
  [118900/500000]  elapsed=16332s  rate=7.3/s  eta=52346s  finite=118900
  [119000/500000]  elapsed=16345s  rate=7.3/s  eta=52331s  finite=119000
  -> checkpoint saved: /scratch/e1498138/lhs/nonoise/ckpt_5e5/ckpt_119000.pkl
  [119100/500000]  elapsed=16358s  rate=7.3/s  eta=52317s  finite=119100
  [119200/500000]  elapsed=16372s  rate=7.3/s  eta=52304s  finite=119200
  [119300/500000]  elapsed=16386s  rate=7.3/s  eta=52288s  finite=119300
  [119400/500000]  elapsed=16399s  rate=7.3/s  eta=52274s  finite=119400
  [119500/500000]  elapsed=16412s  rate=7.3/s  eta=52257s  finite=119500
  [119600/500000]  elapsed=16425s  rate=7.3/s  eta=52242s  finite=119600
  [119700/500000]  elapsed=16438s  rate=7.3/s  eta=52225s  finite=119700
  [119800/500000]  elapsed=16451s  rate=7.3/s  eta=52209s  finite=119800
  [119900/500000]  elapsed=16465s  rate=7.3/s  eta=52196s  finite=119900
  [120000/500000]  elapsed=16478s  rate=7.3/s  eta=52179s  finite=120000
  -> checkpoint saved: /scratch/e1498138/lhs/nonoise/ckpt_5e5/ckpt_120000.pkl
  [120100/500000]  elapsed=16493s  rate=7.3/s  eta=52171s  finite=120100
  [120200/500000]  elapsed=16507s  rate=7.3/s  eta=52159s  finite=120200
  [120300/500000]  elapsed=16521s  rate=7.3/s  eta=52145s  finite=120300
  [120400/500000]  elapsed=16536s  rate=7.3/s  eta=52134s  finite=120400
  [120500/500000]  elapsed=16548s  rate=7.3/s  eta=52116s  finite=120500
  [120600/500000]  elapsed=16561s  rate=7.3/s  eta=52100s  finite=120600
  [120700/500000]  elapsed=16575s  rate=7.3/s  eta=52088s  finite=120700
  [120800/500000]  elapsed=16589s  rate=7.3/s  eta=52074s  finite=120800
  [120900/500000]  elapsed=16602s  rate=7.3/s  eta=52058s  finite=120900
  [121000/500000]  elapsed=16615s  rate=7.3/s  eta=52042s  finite=121000
  -> checkpoint saved: /scratch/e1498138/lhs/nonoise/ckpt_5e5/ckpt_121000.pkl
  [121100/500000]  elapsed=16630s  rate=7.3/s  eta=52032s  finite=121100
  [121200/500000]  elapsed=16644s  rate=7.3/s  eta=52021s  finite=121200
  [121300/500000]  elapsed=16657s  rate=7.3/s  eta=52003s  finite=121300
  [121400/500000]  elapsed=16672s  rate=7.3/s  eta=51993s  finite=121400
  [121500/500000]  elapsed=16686s  rate=7.3/s  eta=51980s  finite=121500
  [121600/500000]  elapsed=16698s  rate=7.3/s  eta=51962s  finite=121600
  [121700/500000]  elapsed=16711s  rate=7.3/s  eta=51947s  finite=121700
  [121800/500000]  elapsed=16725s  rate=7.3/s  eta=51932s  finite=121800
  [121900/500000]  elapsed=16738s  rate=7.3/s  eta=51916s  finite=121900
  [122000/500000]  elapsed=16750s  rate=7.3/s  eta=51898s  finite=122000
  -> checkpoint saved: /scratch/e1498138/lhs/nonoise/ckpt_5e5/ckpt_122000.pkl
  [122100/500000]  elapsed=16764s  rate=7.3/s  eta=51883s  finite=122100
  [122200/500000]  elapsed=16777s  rate=7.3/s  eta=51867s  finite=122200
  [122300/500000]  elapsed=16792s  rate=7.3/s  eta=51858s  finite=122300
  [122400/500000]  elapsed=16807s  rate=7.3/s  eta=51848s  finite=122400
  [122500/500000]  elapsed=16821s  rate=7.3/s  eta=51837s  finite=122500
  [122600/500000]  elapsed=16835s  rate=7.3/s  eta=51824s  finite=122600
  [122700/500000]  elapsed=16849s  rate=7.3/s  eta=51809s  finite=122700
  [122800/500000]  elapsed=16862s  rate=7.3/s  eta=51795s  finite=122800
  [122900/500000]  elapsed=16875s  rate=7.3/s  eta=51778s  finite=122900
  [123000/500000]  elapsed=16888s  rate=7.3/s  eta=51762s  finite=123000
  -> checkpoint saved: /scratch/e1498138/lhs/nonoise/ckpt_5e5/ckpt_123000.pkl
  [123100/500000]  elapsed=16902s  rate=7.3/s  eta=51751s  finite=123100
  [123200/500000]  elapsed=16916s  rate=7.3/s  eta=51738s  finite=123200
  [123300/500000]  elapsed=16930s  rate=7.3/s  eta=51724s  finite=123300
  [123400/500000]  elapsed=16944s  rate=7.3/s  eta=51711s  finite=123400
  [123500/500000]  elapsed=16958s  rate=7.3/s  eta=51699s  finite=123500
  [123600/500000]  elapsed=16973s  rate=7.3/s  eta=51687s  finite=123600
  [123700/500000]  elapsed=16986s  rate=7.3/s  eta=51673s  finite=123700
  [123800/500000]  elapsed=17000s  rate=7.3/s  eta=51658s  finite=123800
  [123900/500000]  elapsed=17013s  rate=7.3/s  eta=51642s  finite=123900
  [124000/500000]  elapsed=17027s  rate=7.3/s  eta=51629s  finite=124000
  -> checkpoint saved: /scratch/e1498138/lhs/nonoise/ckpt_5e5/ckpt_124000.pkl
  [124100/500000]  elapsed=17039s  rate=7.3/s  eta=51612s  finite=124100
  [124200/500000]  elapsed=17053s  rate=7.3/s  eta=51598s  finite=124200
  [124300/500000]  elapsed=17067s  rate=7.3/s  eta=51585s  finite=124300
  [124400/500000]  elapsed=17080s  rate=7.3/s  eta=51569s  finite=124400
  [124500/500000]  elapsed=17095s  rate=7.3/s  eta=51559s  finite=124500
  [124600/500000]  elapsed=17108s  rate=7.3/s  eta=51542s  finite=124600
  [124700/500000]  elapsed=17124s  rate=7.3/s  eta=51535s  finite=124700
  [124800/500000]  elapsed=17137s  rate=7.3/s  eta=51520s  finite=124800
  [124900/500000]  elapsed=17150s  rate=7.3/s  eta=51504s  finite=124900
  [125000/500000]  elapsed=17163s  rate=7.3/s  eta=51490s  finite=125000
  -> checkpoint saved: /scratch/e1498138/lhs/nonoise/ckpt_5e5/ckpt_125000.pkl
  [125100/500000]  elapsed=17178s  rate=7.3/s  eta=51479s  finite=125100
  [125200/500000]  elapsed=17190s  rate=7.3/s  eta=51461s  finite=125200
  [125300/500000]  elapsed=17204s  rate=7.3/s  eta=51448s  finite=125300
  [125400/500000]  elapsed=17219s  rate=7.3/s  eta=51436s  finite=125400
  [125500/500000]  elapsed=17232s  rate=7.3/s  eta=51420s  finite=125500
  [125600/500000]  elapsed=17245s  rate=7.3/s  eta=51405s  finite=125600
  [125700/500000]  elapsed=17257s  rate=7.3/s  eta=51387s  finite=125700
  [125800/500000]  elapsed=17272s  rate=7.3/s  eta=51375s  finite=125800
  [125900/500000]  elapsed=17287s  rate=7.3/s  eta=51366s  finite=125900
  [126000/500000]  elapsed=17300s  rate=7.3/s  eta=51351s  finite=126000
  -> checkpoint saved: /scratch/e1498138/lhs/nonoise/ckpt_5e5/ckpt_126000.pkl
  [126100/500000]  elapsed=17313s  rate=7.3/s  eta=51335s  finite=126100
  [126200/500000]  elapsed=17328s  rate=7.3/s  eta=51324s  finite=126200
  [126300/500000]  elapsed=17341s  rate=7.3/s  eta=51308s  finite=126300
  [126400/500000]  elapsed=17355s  rate=7.3/s  eta=51296s  finite=126400
  [126500/500000]  elapsed=17368s  rate=7.3/s  eta=51281s  finite=126500
  [126600/500000]  elapsed=17381s  rate=7.3/s  eta=51265s  finite=126600
  [126700/500000]  elapsed=17394s  rate=7.3/s  eta=51250s  finite=126700
  [126800/500000]  elapsed=17408s  rate=7.3/s  eta=51235s  finite=126800
  [126900/500000]  elapsed=17422s  rate=7.3/s  eta=51221s  finite=126900
  [127000/500000]  elapsed=17436s  rate=7.3/s  eta=51208s  finite=127000
  -> checkpoint saved: /scratch/e1498138/lhs/nonoise/ckpt_5e5/ckpt_127000.pkl
  [127100/500000]  elapsed=17448s  rate=7.3/s  eta=51190s  finite=127100
  [127200/500000]  elapsed=17461s  rate=7.3/s  eta=51175s  finite=127200
  [127300/500000]  elapsed=17475s  rate=7.3/s  eta=51163s  finite=127300
  [127400/500000]  elapsed=17489s  rate=7.3/s  eta=51149s  finite=127400
  [127500/500000]  elapsed=17502s  rate=7.3/s  eta=51134s  finite=127500
  [127600/500000]  elapsed=17515s  rate=7.3/s  eta=51118s  finite=127600
  [127700/500000]  elapsed=17529s  rate=7.3/s  eta=51104s  finite=127700
  [127800/500000]  elapsed=17542s  rate=7.3/s  eta=51090s  finite=127800
  [127900/500000]  elapsed=17556s  rate=7.3/s  eta=51075s  finite=127900
  [128000/500000]  elapsed=17569s  rate=7.3/s  eta=51059s  finite=128000
  -> checkpoint saved: /scratch/e1498138/lhs/nonoise/ckpt_5e5/ckpt_128000.pkl
  [128100/500000]  elapsed=17582s  rate=7.3/s  eta=51045s  finite=128100
  [128200/500000]  elapsed=17595s  rate=7.3/s  eta=51030s  finite=128200
  [128300/500000]  elapsed=17610s  rate=7.3/s  eta=51018s  finite=128300
  [128400/500000]  elapsed=17623s  rate=7.3/s  eta=51004s  finite=128400
  [128500/500000]  elapsed=17637s  rate=7.3/s  eta=50990s  finite=128500
  [128600/500000]  elapsed=17650s  rate=7.3/s  eta=50972s  finite=128600
  [128700/500000]  elapsed=17662s  rate=7.3/s  eta=50955s  finite=128700
  [128800/500000]  elapsed=17675s  rate=7.3/s  eta=50939s  finite=128800
  [128900/500000]  elapsed=17689s  rate=7.3/s  eta=50925s  finite=128900
  [129000/500000]  elapsed=17702s  rate=7.3/s  eta=50910s  finite=129000
  -> checkpoint saved: /scratch/e1498138/lhs/nonoise/ckpt_5e5/ckpt_129000.pkl
  [129100/500000]  elapsed=17716s  rate=7.3/s  eta=50897s  finite=129100
  [129200/500000]  elapsed=17730s  rate=7.3/s  eta=50884s  finite=129200
  [129300/500000]  elapsed=17744s  rate=7.3/s  eta=50872s  finite=129300
  [129400/500000]  elapsed=17758s  rate=7.3/s  eta=50857s  finite=129400
  [129500/500000]  elapsed=17771s  rate=7.3/s  eta=50843s  finite=129500
  [129600/500000]  elapsed=17785s  rate=7.3/s  eta=50829s  finite=129600
  [129700/500000]  elapsed=17799s  rate=7.3/s  eta=50816s  finite=129700
  [129800/500000]  elapsed=17812s  rate=7.3/s  eta=50802s  finite=129800
  [129900/500000]  elapsed=17825s  rate=7.3/s  eta=50786s  finite=129900
  [130000/500000]  elapsed=17838s  rate=7.3/s  eta=50768s  finite=130000
  -> checkpoint saved: /scratch/e1498138/lhs/nonoise/ckpt_5e5/ckpt_130000.pkl
  [130100/500000]  elapsed=17852s  rate=7.3/s  eta=50756s  finite=130100
  [130200/500000]  elapsed=17867s  rate=7.3/s  eta=50746s  finite=130200
  [130300/500000]  elapsed=17881s  rate=7.3/s  eta=50734s  finite=130300
  [130400/500000]  elapsed=17895s  rate=7.3/s  eta=50720s  finite=130400
  [130500/500000]  elapsed=17909s  rate=7.3/s  eta=50707s  finite=130500
  [130600/500000]  elapsed=17923s  rate=7.3/s  eta=50694s  finite=130600
  [130700/500000]  elapsed=17936s  rate=7.3/s  eta=50678s  finite=130700
  [130800/500000]  elapsed=17950s  rate=7.3/s  eta=50665s  finite=130800
  [130900/500000]  elapsed=17964s  rate=7.3/s  eta=50652s  finite=130900
  [131000/500000]  elapsed=17979s  rate=7.3/s  eta=50642s  finite=131000
  -> checkpoint saved: /scratch/e1498138/lhs/nonoise/ckpt_5e5/ckpt_131000.pkl
  [131100/500000]  elapsed=17993s  rate=7.3/s  eta=50630s  finite=131100
  [131200/500000]  elapsed=18006s  rate=7.3/s  eta=50615s  finite=131200
  [131300/500000]  elapsed=18020s  rate=7.3/s  eta=50602s  finite=131300
  [131400/500000]  elapsed=18033s  rate=7.3/s  eta=50586s  finite=131400
  [131500/500000]  elapsed=18045s  rate=7.3/s  eta=50568s  finite=131500
  [131600/500000]  elapsed=18062s  rate=7.3/s  eta=50563s  finite=131600
  [131700/500000]  elapsed=18076s  rate=7.3/s  eta=50550s  finite=131700
  [131800/500000]  elapsed=18091s  rate=7.3/s  eta=50539s  finite=131800
  [131900/500000]  elapsed=18105s  rate=7.3/s  eta=50525s  finite=131900
  [132000/500000]  elapsed=18118s  rate=7.3/s  eta=50510s  finite=132000
  -> checkpoint saved: /scratch/e1498138/lhs/nonoise/ckpt_5e5/ckpt_132000.pkl
  [132100/500000]  elapsed=18131s  rate=7.3/s  eta=50496s  finite=132100
  [132200/500000]  elapsed=18144s  rate=7.3/s  eta=50479s  finite=132200
  [132300/500000]  elapsed=18158s  rate=7.3/s  eta=50467s  finite=132300
  [132400/500000]  elapsed=18172s  rate=7.3/s  eta=50454s  finite=132400
  [132500/500000]  elapsed=18186s  rate=7.3/s  eta=50440s  finite=132500
  [132600/500000]  elapsed=18200s  rate=7.3/s  eta=50426s  finite=132600
  [132700/500000]  elapsed=18214s  rate=7.3/s  eta=50415s  finite=132700
  [132800/500000]  elapsed=18227s  rate=7.3/s  eta=50397s  finite=132800
  [132900/500000]  elapsed=18240s  rate=7.3/s  eta=50384s  finite=132900
  [133000/500000]  elapsed=18254s  rate=7.3/s  eta=50371s  finite=133000
  -> checkpoint saved: /scratch/e1498138/lhs/nonoise/ckpt_5e5/ckpt_133000.pkl
  [133100/500000]  elapsed=18269s  rate=7.3/s  eta=50358s  finite=133100
  [133200/500000]  elapsed=18282s  rate=7.3/s  eta=50345s  finite=133200
  [133300/500000]  elapsed=18296s  rate=7.3/s  eta=50331s  finite=133300
  [133400/500000]  elapsed=18309s  rate=7.3/s  eta=50316s  finite=133400
  [133500/500000]  elapsed=18324s  rate=7.3/s  eta=50304s  finite=133500
  [133600/500000]  elapsed=18336s  rate=7.3/s  eta=50287s  finite=133600
  [133700/500000]  elapsed=18349s  rate=7.3/s  eta=50272s  finite=133700
  [133800/500000]  elapsed=18363s  rate=7.3/s  eta=50257s  finite=133800
  [133900/500000]  elapsed=18376s  rate=7.3/s  eta=50242s  finite=133900
  [134000/500000]  elapsed=18389s  rate=7.3/s  eta=50226s  finite=134000
  -> checkpoint saved: /scratch/e1498138/lhs/nonoise/ckpt_5e5/ckpt_134000.pkl
  [134100/500000]  elapsed=18402s  rate=7.3/s  eta=50211s  finite=134100
  [134200/500000]  elapsed=18415s  rate=7.3/s  eta=50196s  finite=134200
  [134300/500000]  elapsed=18428s  rate=7.3/s  eta=50179s  finite=134300
  [134400/500000]  elapsed=18440s  rate=7.3/s  eta=50162s  finite=134400
  [134500/500000]  elapsed=18454s  rate=7.3/s  eta=50149s  finite=134500
  [134600/500000]  elapsed=18467s  rate=7.3/s  eta=50132s  finite=134600
  [134700/500000]  elapsed=18481s  rate=7.3/s  eta=50118s  finite=134700
  [134800/500000]  elapsed=18495s  rate=7.3/s  eta=50105s  finite=134800
  [134900/500000]  elapsed=18507s  rate=7.3/s  eta=50089s  finite=134900
  [135000/500000]  elapsed=18522s  rate=7.3/s  eta=50078s  finite=135000
  -> checkpoint saved: /scratch/e1498138/lhs/nonoise/ckpt_5e5/ckpt_135000.pkl
  [135100/500000]  elapsed=18536s  rate=7.3/s  eta=50065s  finite=135100
  [135200/500000]  elapsed=18551s  rate=7.3/s  eta=50054s  finite=135200
  [135300/500000]  elapsed=18564s  rate=7.3/s  eta=50040s  finite=135300
  [135400/500000]  elapsed=18578s  rate=7.3/s  eta=50026s  finite=135400
  [135500/500000]  elapsed=18591s  rate=7.3/s  eta=50011s  finite=135500
  [135600/500000]  elapsed=18606s  rate=7.3/s  eta=49999s  finite=135600
  [135700/500000]  elapsed=18619s  rate=7.3/s  eta=49984s  finite=135700
  [135800/500000]  elapsed=18633s  rate=7.3/s  eta=49971s  finite=135800
  [135900/500000]  elapsed=18647s  rate=7.3/s  eta=49958s  finite=135900
  [136000/500000]  elapsed=18661s  rate=7.3/s  eta=49946s  finite=136000
  -> checkpoint saved: /scratch/e1498138/lhs/nonoise/ckpt_5e5/ckpt_136000.pkl
  [136100/500000]  elapsed=18674s  rate=7.3/s  eta=49929s  finite=136100
  [136200/500000]  elapsed=18688s  rate=7.3/s  eta=49916s  finite=136200
  [136300/500000]  elapsed=18702s  rate=7.3/s  eta=49903s  finite=136300
  [136400/500000]  elapsed=18716s  rate=7.3/s  eta=49892s  finite=136400
  [136500/500000]  elapsed=18730s  rate=7.3/s  eta=49878s  finite=136500
  [136600/500000]  elapsed=18743s  rate=7.3/s  eta=49863s  finite=136600
  [136700/500000]  elapsed=18757s  rate=7.3/s  eta=49849s  finite=136700
  [136800/500000]  elapsed=18771s  rate=7.3/s  eta=49836s  finite=136800
  [136900/500000]  elapsed=18784s  rate=7.3/s  eta=49821s  finite=136900
  [137000/500000]  elapsed=18797s  rate=7.3/s  eta=49806s  finite=137000
  -> checkpoint saved: /scratch/e1498138/lhs/nonoise/ckpt_5e5/ckpt_137000.pkl
  [137100/500000]  elapsed=18811s  rate=7.3/s  eta=49792s  finite=137100
  [137200/500000]  elapsed=18823s  rate=7.3/s  eta=49774s  finite=137200
  [137300/500000]  elapsed=18837s  rate=7.3/s  eta=49761s  finite=137300
  [137400/500000]  elapsed=18850s  rate=7.3/s  eta=49746s  finite=137400
  [137500/500000]  elapsed=18863s  rate=7.3/s  eta=49730s  finite=137500
  [137600/500000]  elapsed=18877s  rate=7.3/s  eta=49717s  finite=137600
  [137700/500000]  elapsed=18891s  rate=7.3/s  eta=49704s  finite=137700
  [137800/500000]  elapsed=18906s  rate=7.3/s  eta=49693s  finite=137800
  [137900/500000]  elapsed=18919s  rate=7.3/s  eta=49677s  finite=137900
  [138000/500000]  elapsed=18932s  rate=7.3/s  eta=49663s  finite=138000
  -> checkpoint saved: /scratch/e1498138/lhs/nonoise/ckpt_5e5/ckpt_138000.pkl
  [138100/500000]  elapsed=18947s  rate=7.3/s  eta=49651s  finite=138100
  [138200/500000]  elapsed=18960s  rate=7.3/s  eta=49637s  finite=138200
  [138300/500000]  elapsed=18975s  rate=7.3/s  eta=49626s  finite=138300
  [138400/500000]  elapsed=18989s  rate=7.3/s  eta=49614s  finite=138400
  [138500/500000]  elapsed=19004s  rate=7.3/s  eta=49601s  finite=138500
  [138600/500000]  elapsed=19016s  rate=7.3/s  eta=49585s  finite=138600
  [138700/500000]  elapsed=19030s  rate=7.3/s  eta=49571s  finite=138700
  [138800/500000]  elapsed=19044s  rate=7.3/s  eta=49557s  finite=138800
  [138900/500000]  elapsed=19058s  rate=7.3/s  eta=49544s  finite=138900
  [139000/500000]  elapsed=19071s  rate=7.3/s  eta=49530s  finite=139000
  -> checkpoint saved: /scratch/e1498138/lhs/nonoise/ckpt_5e5/ckpt_139000.pkl
  [139100/500000]  elapsed=19085s  rate=7.3/s  eta=49516s  finite=139100
  [139200/500000]  elapsed=19100s  rate=7.3/s  eta=49506s  finite=139200
  [139300/500000]  elapsed=19112s  rate=7.3/s  eta=49489s  finite=139300
  [139400/500000]  elapsed=19126s  rate=7.3/s  eta=49475s  finite=139400
  [139500/500000]  elapsed=19141s  rate=7.3/s  eta=49465s  finite=139500
  [139600/500000]  elapsed=19154s  rate=7.3/s  eta=49449s  finite=139600
  [139700/500000]  elapsed=19168s  rate=7.3/s  eta=49435s  finite=139700
  [139800/500000]  elapsed=19183s  rate=7.3/s  eta=49427s  finite=139800
  [139900/500000]  elapsed=19197s  rate=7.3/s  eta=49412s  finite=139900
  [140000/500000]  elapsed=19209s  rate=7.3/s  eta=49395s  finite=140000
  -> checkpoint saved: /scratch/e1498138/lhs/nonoise/ckpt_5e5/ckpt_140000.pkl
  [140100/500000]  elapsed=19224s  rate=7.3/s  eta=49385s  finite=140100
  [140200/500000]  elapsed=19237s  rate=7.3/s  eta=49368s  finite=140200
  [140300/500000]  elapsed=19252s  rate=7.3/s  eta=49358s  finite=140300
  [140400/500000]  elapsed=19266s  rate=7.3/s  eta=49345s  finite=140400
  [140500/500000]  elapsed=19278s  rate=7.3/s  eta=49328s  finite=140500
  [140600/500000]  elapsed=19293s  rate=7.3/s  eta=49315s  finite=140600
  [140700/500000]  elapsed=19306s  rate=7.3/s  eta=49301s  finite=140700
  [140800/500000]  elapsed=19321s  rate=7.3/s  eta=49291s  finite=140800
  [140900/500000]  elapsed=19336s  rate=7.3/s  eta=49279s  finite=140900
  [141000/500000]  elapsed=19350s  rate=7.3/s  eta=49267s  finite=141000
  -> checkpoint saved: /scratch/e1498138/lhs/nonoise/ckpt_5e5/ckpt_141000.pkl
  [141100/500000]  elapsed=19363s  rate=7.3/s  eta=49251s  finite=141100
  [141200/500000]  elapsed=19376s  rate=7.3/s  eta=49236s  finite=141200
  [141300/500000]  elapsed=19390s  rate=7.3/s  eta=49224s  finite=141300
  [141400/500000]  elapsed=19403s  rate=7.3/s  eta=49207s  finite=141400
  [141500/500000]  elapsed=19417s  rate=7.3/s  eta=49194s  finite=141500
  [141600/500000]  elapsed=19430s  rate=7.3/s  eta=49178s  finite=141600
  [141700/500000]  elapsed=19445s  rate=7.3/s  eta=49167s  finite=141700
  [141800/500000]  elapsed=19458s  rate=7.3/s  eta=49153s  finite=141800
  [141900/500000]  elapsed=19472s  rate=7.3/s  eta=49141s  finite=141900
  [142000/500000]  elapsed=19488s  rate=7.3/s  eta=49131s  finite=142000
  -> checkpoint saved: /scratch/e1498138/lhs/nonoise/ckpt_5e5/ckpt_142000.pkl
  [142100/500000]  elapsed=19501s  rate=7.3/s  eta=49117s  finite=142100
  [142200/500000]  elapsed=19514s  rate=7.3/s  eta=49102s  finite=142200
  [142300/500000]  elapsed=19528s  rate=7.3/s  eta=49089s  finite=142300
  [142400/500000]  elapsed=19542s  rate=7.3/s  eta=49075s  finite=142400
  [142500/500000]  elapsed=19555s  rate=7.3/s  eta=49059s  finite=142500
  [142600/500000]  elapsed=19568s  rate=7.3/s  eta=49043s  finite=142600
  [142700/500000]  elapsed=19581s  rate=7.3/s  eta=49028s  finite=142700
  [142800/500000]  elapsed=19594s  rate=7.3/s  eta=49013s  finite=142800
  [142900/500000]  elapsed=19608s  rate=7.3/s  eta=48998s  finite=142900
  [143000/500000]  elapsed=19622s  rate=7.3/s  eta=48986s  finite=143000
  -> checkpoint saved: /scratch/e1498138/lhs/nonoise/ckpt_5e5/ckpt_143000.pkl
  [143100/500000]  elapsed=19635s  rate=7.3/s  eta=48971s  finite=143100
  [143200/500000]  elapsed=19649s  rate=7.3/s  eta=48957s  finite=143200
  [143300/500000]  elapsed=19663s  rate=7.3/s  eta=48945s  finite=143300
  [143400/500000]  elapsed=19676s  rate=7.3/s  eta=48930s  finite=143400
  [143500/500000]  elapsed=19690s  rate=7.3/s  eta=48916s  finite=143500
  [143600/500000]  elapsed=19703s  rate=7.3/s  eta=48901s  finite=143600
  [143700/500000]  elapsed=19718s  rate=7.3/s  eta=48889s  finite=143700
  [143800/500000]  elapsed=19731s  rate=7.3/s  eta=48876s  finite=143800
  [143900/500000]  elapsed=19745s  rate=7.3/s  eta=48861s  finite=143900
  [144000/500000]  elapsed=19758s  rate=7.3/s  eta=48847s  finite=144000
  -> checkpoint saved: /scratch/e1498138/lhs/nonoise/ckpt_5e5/ckpt_144000.pkl
  [144100/500000]  elapsed=19772s  rate=7.3/s  eta=48832s  finite=144100
  [144200/500000]  elapsed=19786s  rate=7.3/s  eta=48819s  finite=144200
  [144300/500000]  elapsed=19799s  rate=7.3/s  eta=48805s  finite=144300
  [144400/500000]  elapsed=19812s  rate=7.3/s  eta=48789s  finite=144400
  [144500/500000]  elapsed=19826s  rate=7.3/s  eta=48776s  finite=144500
  [144600/500000]  elapsed=19841s  rate=7.3/s  eta=48765s  finite=144600
  [144700/500000]  elapsed=19855s  rate=7.3/s  eta=48752s  finite=144700
  [144800/500000]  elapsed=19868s  rate=7.3/s  eta=48737s  finite=144800
  [144900/500000]  elapsed=19882s  rate=7.3/s  eta=48724s  finite=144900
  [145000/500000]  elapsed=19897s  rate=7.3/s  eta=48713s  finite=145000
  -> checkpoint saved: /scratch/e1498138/lhs/nonoise/ckpt_5e5/ckpt_145000.pkl
  [145100/500000]  elapsed=19911s  rate=7.3/s  eta=48700s  finite=145100
  [145200/500000]  elapsed=19925s  rate=7.3/s  eta=48687s  finite=145200
  [145300/500000]  elapsed=19938s  rate=7.3/s  eta=48673s  finite=145300
  [145400/500000]  elapsed=19952s  rate=7.3/s  eta=48658s  finite=145400
  [145500/500000]  elapsed=19966s  rate=7.3/s  eta=48644s  finite=145500
  [145600/500000]  elapsed=19979s  rate=7.3/s  eta=48630s  finite=145600
  [145700/500000]  elapsed=19992s  rate=7.3/s  eta=48614s  finite=145700
  [145800/500000]  elapsed=20007s  rate=7.3/s  eta=48603s  finite=145800
  [145900/500000]  elapsed=20020s  rate=7.3/s  eta=48588s  finite=145900
  [146000/500000]  elapsed=20034s  rate=7.3/s  eta=48575s  finite=146000
  -> checkpoint saved: /scratch/e1498138/lhs/nonoise/ckpt_5e5/ckpt_146000.pkl
  [146100/500000]  elapsed=20047s  rate=7.3/s  eta=48561s  finite=146100
  [146200/500000]  elapsed=20061s  rate=7.3/s  eta=48547s  finite=146200
  [146300/500000]  elapsed=20075s  rate=7.3/s  eta=48533s  finite=146300
  [146400/500000]  elapsed=20088s  rate=7.3/s  eta=48518s  finite=146400
  [146500/500000]  elapsed=20101s  rate=7.3/s  eta=48503s  finite=146500
  [146600/500000]  elapsed=20114s  rate=7.3/s  eta=48489s  finite=146600
  [146700/500000]  elapsed=20128s  rate=7.3/s  eta=48476s  finite=146700
  [146800/500000]  elapsed=20142s  rate=7.3/s  eta=48461s  finite=146800
  [146900/500000]  elapsed=20155s  rate=7.3/s  eta=48445s  finite=146900
  [147000/500000]  elapsed=20168s  rate=7.3/s  eta=48431s  finite=147000
  -> checkpoint saved: /scratch/e1498138/lhs/nonoise/ckpt_5e5/ckpt_147000.pkl
  [147100/500000]  elapsed=20183s  rate=7.3/s  eta=48420s  finite=147100
  [147200/500000]  elapsed=20197s  rate=7.3/s  eta=48408s  finite=147200
  [147300/500000]  elapsed=20211s  rate=7.3/s  eta=48393s  finite=147300
  [147400/500000]  elapsed=20223s  rate=7.3/s  eta=48376s  finite=147400
  [147500/500000]  elapsed=20236s  rate=7.3/s  eta=48361s  finite=147500
  [147600/500000]  elapsed=20249s  rate=7.3/s  eta=48346s  finite=147600
  [147700/500000]  elapsed=20263s  rate=7.3/s  eta=48332s  finite=147700
  [147800/500000]  elapsed=20276s  rate=7.3/s  eta=48316s  finite=147800
  [147900/500000]  elapsed=20289s  rate=7.3/s  eta=48302s  finite=147900
  [148000/500000]  elapsed=20303s  rate=7.3/s  eta=48289s  finite=148000
  -> checkpoint saved: /scratch/e1498138/lhs/nonoise/ckpt_5e5/ckpt_148000.pkl
  [148100/500000]  elapsed=20317s  rate=7.3/s  eta=48275s  finite=148100
  [148200/500000]  elapsed=20330s  rate=7.3/s  eta=48260s  finite=148200
  [148300/500000]  elapsed=20344s  rate=7.3/s  eta=48246s  finite=148300
  [148400/500000]  elapsed=20359s  rate=7.3/s  eta=48235s  finite=148400
  [148500/500000]  elapsed=20372s  rate=7.3/s  eta=48221s  finite=148500
  [148600/500000]  elapsed=20386s  rate=7.3/s  eta=48207s  finite=148600
  [148700/500000]  elapsed=20399s  rate=7.3/s  eta=48193s  finite=148700
  [148800/500000]  elapsed=20414s  rate=7.3/s  eta=48181s  finite=148800
  [148900/500000]  elapsed=20427s  rate=7.3/s  eta=48166s  finite=148900
  [149000/500000]  elapsed=20442s  rate=7.3/s  eta=48155s  finite=149000
  -> checkpoint saved: /scratch/e1498138/lhs/nonoise/ckpt_5e5/ckpt_149000.pkl
  [149100/500000]  elapsed=20456s  rate=7.3/s  eta=48143s  finite=149100
  [149200/500000]  elapsed=20471s  rate=7.3/s  eta=48132s  finite=149200
  [149300/500000]  elapsed=20485s  rate=7.3/s  eta=48119s  finite=149300
  [149400/500000]  elapsed=20499s  rate=7.3/s  eta=48105s  finite=149400
  [149500/500000]  elapsed=20513s  rate=7.3/s  eta=48092s  finite=149500
  [149600/500000]  elapsed=20526s  rate=7.3/s  eta=48078s  finite=149600
  [149700/500000]  elapsed=20539s  rate=7.3/s  eta=48062s  finite=149700
  [149800/500000]  elapsed=20552s  rate=7.3/s  eta=48046s  finite=149800
  [149900/500000]  elapsed=20566s  rate=7.3/s  eta=48032s  finite=149900
  [150000/500000]  elapsed=20578s  rate=7.3/s  eta=48016s  finite=150000
  -> checkpoint saved: /scratch/e1498138/lhs/nonoise/ckpt_5e5/ckpt_150000.pkl
  [150100/500000]  elapsed=20591s  rate=7.3/s  eta=48001s  finite=150100
  [150200/500000]  elapsed=20604s  rate=7.3/s  eta=47985s  finite=150200
  [150300/500000]  elapsed=20618s  rate=7.3/s  eta=47972s  finite=150300
  [150400/500000]  elapsed=20632s  rate=7.3/s  eta=47958s  finite=150400
  [150500/500000]  elapsed=20647s  rate=7.3/s  eta=47947s  finite=150500
  [150600/500000]  elapsed=20661s  rate=7.3/s  eta=47934s  finite=150600
  [150700/500000]  elapsed=20674s  rate=7.3/s  eta=47920s  finite=150700
  [150800/500000]  elapsed=20690s  rate=7.3/s  eta=47911s  finite=150800
  [150900/500000]  elapsed=20703s  rate=7.3/s  eta=47896s  finite=150900
  [151000/500000]  elapsed=20717s  rate=7.3/s  eta=47882s  finite=151000
  -> checkpoint saved: /scratch/e1498138/lhs/nonoise/ckpt_5e5/ckpt_151000.pkl
  [151100/500000]  elapsed=20731s  rate=7.3/s  eta=47869s  finite=151100
  [151200/500000]  elapsed=20743s  rate=7.3/s  eta=47852s  finite=151200
  [151300/500000]  elapsed=20756s  rate=7.3/s  eta=47837s  finite=151300
  [151400/500000]  elapsed=20770s  rate=7.3/s  eta=47824s  finite=151400
  [151500/500000]  elapsed=20783s  rate=7.3/s  eta=47808s  finite=151500
  [151600/500000]  elapsed=20795s  rate=7.3/s  eta=47791s  finite=151600
  [151700/500000]  elapsed=20809s  rate=7.3/s  eta=47776s  finite=151700
  [151800/500000]  elapsed=20823s  rate=7.3/s  eta=47763s  finite=151800
  [151900/500000]  elapsed=20837s  rate=7.3/s  eta=47750s  finite=151900
  [152000/500000]  elapsed=20850s  rate=7.3/s  eta=47736s  finite=152000
  -> checkpoint saved: /scratch/e1498138/lhs/nonoise/ckpt_5e5/ckpt_152000.pkl
  [152100/500000]  elapsed=20863s  rate=7.3/s  eta=47721s  finite=152100
  [152200/500000]  elapsed=20876s  rate=7.3/s  eta=47704s  finite=152200
  [152300/500000]  elapsed=20889s  rate=7.3/s  eta=47689s  finite=152300
  [152400/500000]  elapsed=20902s  rate=7.3/s  eta=47675s  finite=152400
  [152500/500000]  elapsed=20916s  rate=7.3/s  eta=47661s  finite=152500
  [152600/500000]  elapsed=20930s  rate=7.3/s  eta=47648s  finite=152600
  [152700/500000]  elapsed=20943s  rate=7.3/s  eta=47633s  finite=152700
  [152800/500000]  elapsed=20956s  rate=7.3/s  eta=47617s  finite=152800
  [152900/500000]  elapsed=20970s  rate=7.3/s  eta=47604s  finite=152900
  [153000/500000]  elapsed=20984s  rate=7.3/s  eta=47590s  finite=153000
  -> checkpoint saved: /scratch/e1498138/lhs/nonoise/ckpt_5e5/ckpt_153000.pkl
  [153100/500000]  elapsed=20999s  rate=7.3/s  eta=47580s  finite=153100
  [153200/500000]  elapsed=21012s  rate=7.3/s  eta=47565s  finite=153200
  [153300/500000]  elapsed=21025s  rate=7.3/s  eta=47549s  finite=153300
  [153400/500000]  elapsed=21039s  rate=7.3/s  eta=47536s  finite=153400
  [153500/500000]  elapsed=21053s  rate=7.3/s  eta=47523s  finite=153500
  [153600/500000]  elapsed=21066s  rate=7.3/s  eta=47508s  finite=153600
  [153700/500000]  elapsed=21080s  rate=7.3/s  eta=47495s  finite=153700
  [153800/500000]  elapsed=21093s  rate=7.3/s  eta=47479s  finite=153800
  [153900/500000]  elapsed=21105s  rate=7.3/s  eta=47462s  finite=153900
  [154000/500000]  elapsed=21119s  rate=7.3/s  eta=47448s  finite=154000
  -> checkpoint saved: /scratch/e1498138/lhs/nonoise/ckpt_5e5/ckpt_154000.pkl
  [154100/500000]  elapsed=21132s  rate=7.3/s  eta=47434s  finite=154100
  [154200/500000]  elapsed=21146s  rate=7.3/s  eta=47420s  finite=154200
  [154300/500000]  elapsed=21159s  rate=7.3/s  eta=47405s  finite=154300
  [154400/500000]  elapsed=21174s  rate=7.3/s  eta=47394s  finite=154400
  [154500/500000]  elapsed=21187s  rate=7.3/s  eta=47379s  finite=154500
  [154600/500000]  elapsed=21201s  rate=7.3/s  eta=47367s  finite=154600
  [154700/500000]  elapsed=21214s  rate=7.3/s  eta=47352s  finite=154700
  [154800/500000]  elapsed=21229s  rate=7.3/s  eta=47340s  finite=154800
  [154900/500000]  elapsed=21243s  rate=7.3/s  eta=47327s  finite=154900
  [155000/500000]  elapsed=21257s  rate=7.3/s  eta=47313s  finite=155000
  -> checkpoint saved: /scratch/e1498138/lhs/nonoise/ckpt_5e5/ckpt_155000.pkl
  [155100/500000]  elapsed=21271s  rate=7.3/s  eta=47300s  finite=155100
  [155200/500000]  elapsed=21285s  rate=7.3/s  eta=47288s  finite=155200
  [155300/500000]  elapsed=21299s  rate=7.3/s  eta=47275s  finite=155300
  [155400/500000]  elapsed=21312s  rate=7.3/s  eta=47260s  finite=155400
  [155500/500000]  elapsed=21327s  rate=7.3/s  eta=47248s  finite=155500
  [155600/500000]  elapsed=21340s  rate=7.3/s  eta=47233s  finite=155600
  [155700/500000]  elapsed=21353s  rate=7.3/s  eta=47218s  finite=155700
  [155800/500000]  elapsed=21366s  rate=7.3/s  eta=47202s  finite=155800
  [155900/500000]  elapsed=21379s  rate=7.3/s  eta=47187s  finite=155900
  [156000/500000]  elapsed=21392s  rate=7.3/s  eta=47173s  finite=156000
  -> checkpoint saved: /scratch/e1498138/lhs/nonoise/ckpt_5e5/ckpt_156000.pkl
  [156100/500000]  elapsed=21406s  rate=7.3/s  eta=47160s  finite=156100
  [156200/500000]  elapsed=21421s  rate=7.3/s  eta=47147s  finite=156200
  [156300/500000]  elapsed=21436s  rate=7.3/s  eta=47137s  finite=156300
  [156400/500000]  elapsed=21449s  rate=7.3/s  eta=47123s  finite=156400
  [156500/500000]  elapsed=21464s  rate=7.3/s  eta=47110s  finite=156500
  [156600/500000]  elapsed=21477s  rate=7.3/s  eta=47095s  finite=156600
  [156700/500000]  elapsed=21491s  rate=7.3/s  eta=47083s  finite=156700
  [156800/500000]  elapsed=21504s  rate=7.3/s  eta=47067s  finite=156800
  [156900/500000]  elapsed=21516s  rate=7.3/s  eta=47051s  finite=156900
  [157000/500000]  elapsed=21530s  rate=7.3/s  eta=47036s  finite=157000
  -> checkpoint saved: /scratch/e1498138/lhs/nonoise/ckpt_5e5/ckpt_157000.pkl
  [157100/500000]  elapsed=21542s  rate=7.3/s  eta=47019s  finite=157100
  [157200/500000]  elapsed=21555s  rate=7.3/s  eta=47004s  finite=157200
  [157300/500000]  elapsed=21568s  rate=7.3/s  eta=46990s  finite=157300
  [157400/500000]  elapsed=21582s  rate=7.3/s  eta=46977s  finite=157400
  [157500/500000]  elapsed=21596s  rate=7.3/s  eta=46964s  finite=157500
  [157600/500000]  elapsed=21609s  rate=7.3/s  eta=46948s  finite=157600
  [157700/500000]  elapsed=21622s  rate=7.3/s  eta=46931s  finite=157700
  [157800/500000]  elapsed=21635s  rate=7.3/s  eta=46917s  finite=157800
  [157900/500000]  elapsed=21648s  rate=7.3/s  eta=46902s  finite=157900
  [158000/500000]  elapsed=21662s  rate=7.3/s  eta=46889s  finite=158000
  -> checkpoint saved: /scratch/e1498138/lhs/nonoise/ckpt_5e5/ckpt_158000.pkl
  [158100/500000]  elapsed=21676s  rate=7.3/s  eta=46876s  finite=158100
  [158200/500000]  elapsed=21691s  rate=7.3/s  eta=46865s  finite=158200
  [158300/500000]  elapsed=21704s  rate=7.3/s  eta=46850s  finite=158300
  [158400/500000]  elapsed=21716s  rate=7.3/s  eta=46833s  finite=158400
  [158500/500000]  elapsed=21731s  rate=7.3/s  eta=46821s  finite=158500
  [158600/500000]  elapsed=21745s  rate=7.3/s  eta=46808s  finite=158600
  [158700/500000]  elapsed=21758s  rate=7.3/s  eta=46793s  finite=158700
  [158800/500000]  elapsed=21772s  rate=7.3/s  eta=46780s  finite=158800
  [158900/500000]  elapsed=21786s  rate=7.3/s  eta=46766s  finite=158900
  [159000/500000]  elapsed=21798s  rate=7.3/s  eta=46750s  finite=159000
  -> checkpoint saved: /scratch/e1498138/lhs/nonoise/ckpt_5e5/ckpt_159000.pkl
  [159100/500000]  elapsed=21813s  rate=7.3/s  eta=46738s  finite=159100
  [159200/500000]  elapsed=21827s  rate=7.3/s  eta=46724s  finite=159200
  [159300/500000]  elapsed=21839s  rate=7.3/s  eta=46709s  finite=159300
  [159400/500000]  elapsed=21854s  rate=7.3/s  eta=46697s  finite=159400
  [159500/500000]  elapsed=21866s  rate=7.3/s  eta=46680s  finite=159500
  [159600/500000]  elapsed=21880s  rate=7.3/s  eta=46666s  finite=159600
  [159700/500000]  elapsed=21893s  rate=7.3/s  eta=46651s  finite=159700
  [159800/500000]  elapsed=21908s  rate=7.3/s  eta=46640s  finite=159800
  [159900/500000]  elapsed=21923s  rate=7.3/s  eta=46629s  finite=159900
  [160000/500000]  elapsed=21936s  rate=7.3/s  eta=46615s  finite=160000
  -> checkpoint saved: /scratch/e1498138/lhs/nonoise/ckpt_5e5/ckpt_160000.pkl
  [160100/500000]  elapsed=21949s  rate=7.3/s  eta=46599s  finite=160100
  [160200/500000]  elapsed=21962s  rate=7.3/s  eta=46584s  finite=160200
  [160300/500000]  elapsed=21975s  rate=7.3/s  eta=46568s  finite=160300
  [160400/500000]  elapsed=21989s  rate=7.3/s  eta=46555s  finite=160400
  [160500/500000]  elapsed=22003s  rate=7.3/s  eta=46542s  finite=160500
  [160600/500000]  elapsed=22018s  rate=7.3/s  eta=46531s  finite=160600
  [160700/500000]  elapsed=22033s  rate=7.3/s  eta=46519s  finite=160700
  [160800/500000]  elapsed=22047s  rate=7.3/s  eta=46506s  finite=160800
  [160900/500000]  elapsed=22060s  rate=7.3/s  eta=46491s  finite=160900
  [161000/500000]  elapsed=22073s  rate=7.3/s  eta=46477s  finite=161000
  -> checkpoint saved: /scratch/e1498138/lhs/nonoise/ckpt_5e5/ckpt_161000.pkl
  [161100/500000]  elapsed=22086s  rate=7.3/s  eta=46462s  finite=161100
  [161200/500000]  elapsed=22101s  rate=7.3/s  eta=46450s  finite=161200
  [161300/500000]  elapsed=22115s  rate=7.3/s  eta=46437s  finite=161300
  [161400/500000]  elapsed=22128s  rate=7.3/s  eta=46422s  finite=161400
  [161500/500000]  elapsed=22141s  rate=7.3/s  eta=46407s  finite=161500
  [161600/500000]  elapsed=22154s  rate=7.3/s  eta=46392s  finite=161600
  [161700/500000]  elapsed=22169s  rate=7.3/s  eta=46381s  finite=161700
  [161800/500000]  elapsed=22184s  rate=7.3/s  eta=46370s  finite=161800
  [161900/500000]  elapsed=22198s  rate=7.3/s  eta=46357s  finite=161900
  [162000/500000]  elapsed=22213s  rate=7.3/s  eta=46345s  finite=162000
  -> checkpoint saved: /scratch/e1498138/lhs/nonoise/ckpt_5e5/ckpt_162000.pkl
  [162100/500000]  elapsed=22226s  rate=7.3/s  eta=46330s  finite=162100
  [162200/500000]  elapsed=22240s  rate=7.3/s  eta=46317s  finite=162200
  [162300/500000]  elapsed=22253s  rate=7.3/s  eta=46302s  finite=162300
  [162400/500000]  elapsed=22267s  rate=7.3/s  eta=46289s  finite=162400
  [162500/500000]  elapsed=22281s  rate=7.3/s  eta=46275s  finite=162500
  [162600/500000]  elapsed=22294s  rate=7.3/s  eta=46262s  finite=162600
  [162700/500000]  elapsed=22308s  rate=7.3/s  eta=46248s  finite=162700
  [162800/500000]  elapsed=22321s  rate=7.3/s  eta=46233s  finite=162800
  [162900/500000]  elapsed=22334s  rate=7.3/s  eta=46218s  finite=162900
  [163000/500000]  elapsed=22348s  rate=7.3/s  eta=46205s  finite=163000
  -> checkpoint saved: /scratch/e1498138/lhs/nonoise/ckpt_5e5/ckpt_163000.pkl
  [163100/500000]  elapsed=22362s  rate=7.3/s  eta=46190s  finite=163100
  [163200/500000]  elapsed=22375s  rate=7.3/s  eta=46176s  finite=163200
  [163300/500000]  elapsed=22390s  rate=7.3/s  eta=46165s  finite=163300
  [163400/500000]  elapsed=22405s  rate=7.3/s  eta=46153s  finite=163400
  [163500/500000]  elapsed=22419s  rate=7.3/s  eta=46140s  finite=163500
  [163600/500000]  elapsed=22432s  rate=7.3/s  eta=46125s  finite=163600
  [163700/500000]  elapsed=22446s  rate=7.3/s  eta=46111s  finite=163700
  [163800/500000]  elapsed=22458s  rate=7.3/s  eta=46095s  finite=163800
  [163900/500000]  elapsed=22473s  rate=7.3/s  eta=46084s  finite=163900
  [164000/500000]  elapsed=22487s  rate=7.3/s  eta=46072s  finite=164000
  -> checkpoint saved: /scratch/e1498138/lhs/nonoise/ckpt_5e5/ckpt_164000.pkl
  [164100/500000]  elapsed=22501s  rate=7.3/s  eta=46057s  finite=164100
  [164200/500000]  elapsed=22515s  rate=7.3/s  eta=46044s  finite=164200
  [164300/500000]  elapsed=22528s  rate=7.3/s  eta=46030s  finite=164300
  [164400/500000]  elapsed=22543s  rate=7.3/s  eta=46018s  finite=164400
  [164500/500000]  elapsed=22555s  rate=7.3/s  eta=46001s  finite=164500
  [164600/500000]  elapsed=22569s  rate=7.3/s  eta=45989s  finite=164600
  [164700/500000]  elapsed=22583s  rate=7.3/s  eta=45974s  finite=164700
  [164800/500000]  elapsed=22596s  rate=7.3/s  eta=45960s  finite=164800
  [164900/500000]  elapsed=22609s  rate=7.3/s  eta=45946s  finite=164900
  [165000/500000]  elapsed=22625s  rate=7.3/s  eta=45935s  finite=165000
  -> checkpoint saved: /scratch/e1498138/lhs/nonoise/ckpt_5e5/ckpt_165000.pkl
  [165100/500000]  elapsed=22639s  rate=7.3/s  eta=45921s  finite=165100
  [165200/500000]  elapsed=22653s  rate=7.3/s  eta=45909s  finite=165200
  [165300/500000]  elapsed=22667s  rate=7.3/s  eta=45896s  finite=165300
  [165400/500000]  elapsed=22681s  rate=7.3/s  eta=45884s  finite=165400
  [165500/500000]  elapsed=22695s  rate=7.3/s  eta=45870s  finite=165500
  [165600/500000]  elapsed=22709s  rate=7.3/s  eta=45858s  finite=165600
  [165700/500000]  elapsed=22722s  rate=7.3/s  eta=45842s  finite=165700
  [165800/500000]  elapsed=22735s  rate=7.3/s  eta=45827s  finite=165800
  [165900/500000]  elapsed=22750s  rate=7.3/s  eta=45815s  finite=165900
  [166000/500000]  elapsed=22763s  rate=7.3/s  eta=45800s  finite=166000
  -> checkpoint saved: /scratch/e1498138/lhs/nonoise/ckpt_5e5/ckpt_166000.pkl
  [166100/500000]  elapsed=22777s  rate=7.3/s  eta=45787s  finite=166100
  [166200/500000]  elapsed=22792s  rate=7.3/s  eta=45776s  finite=166200
  [166300/500000]  elapsed=22806s  rate=7.3/s  eta=45763s  finite=166300
  [166400/500000]  elapsed=22819s  rate=7.3/s  eta=45748s  finite=166400
  [166500/500000]  elapsed=22832s  rate=7.3/s  eta=45733s  finite=166500
  [166600/500000]  elapsed=22848s  rate=7.3/s  eta=45723s  finite=166600
  [166700/500000]  elapsed=22861s  rate=7.3/s  eta=45709s  finite=166700
  [166800/500000]  elapsed=22877s  rate=7.3/s  eta=45698s  finite=166800
  [166900/500000]  elapsed=22891s  rate=7.3/s  eta=45685s  finite=166900
  [167000/500000]  elapsed=22904s  rate=7.3/s  eta=45670s  finite=167000
  -> checkpoint saved: /scratch/e1498138/lhs/nonoise/ckpt_5e5/ckpt_167000.pkl
  [167100/500000]  elapsed=22917s  rate=7.3/s  eta=45655s  finite=167100
  [167200/500000]  elapsed=22929s  rate=7.3/s  eta=45638s  finite=167200
  [167300/500000]  elapsed=22943s  rate=7.3/s  eta=45626s  finite=167300
  [167400/500000]  elapsed=22956s  rate=7.3/s  eta=45610s  finite=167400
  [167500/500000]  elapsed=22968s  rate=7.3/s  eta=45594s  finite=167500
  [167600/500000]  elapsed=22983s  rate=7.3/s  eta=45582s  finite=167600
  [167700/500000]  elapsed=22997s  rate=7.3/s  eta=45568s  finite=167700
  [167800/500000]  elapsed=23009s  rate=7.3/s  eta=45552s  finite=167800
  [167900/500000]  elapsed=23023s  rate=7.3/s  eta=45539s  finite=167900
  [168000/500000]  elapsed=23037s  rate=7.3/s  eta=45526s  finite=168000
  -> checkpoint saved: /scratch/e1498138/lhs/nonoise/ckpt_5e5/ckpt_168000.pkl
  [168100/500000]  elapsed=23052s  rate=7.3/s  eta=45513s  finite=168100
  [168200/500000]  elapsed=23068s  rate=7.3/s  eta=45504s  finite=168200
  [168300/500000]  elapsed=23081s  rate=7.3/s  eta=45490s  finite=168300
  [168400/500000]  elapsed=23095s  rate=7.3/s  eta=45477s  finite=168400
  [168500/500000]  elapsed=23110s  rate=7.3/s  eta=45465s  finite=168500
  [168600/500000]  elapsed=23123s  rate=7.3/s  eta=45451s  finite=168600
  [168700/500000]  elapsed=23137s  rate=7.3/s  eta=45437s  finite=168700
  [168800/500000]  elapsed=23151s  rate=7.3/s  eta=45424s  finite=168800
  [168900/500000]  elapsed=23164s  rate=7.3/s  eta=45410s  finite=168900
  [169000/500000]  elapsed=23180s  rate=7.3/s  eta=45400s  finite=169000
  -> checkpoint saved: /scratch/e1498138/lhs/nonoise/ckpt_5e5/ckpt_169000.pkl
  [169100/500000]  elapsed=23196s  rate=7.3/s  eta=45391s  finite=169100
  [169200/500000]  elapsed=23210s  rate=7.3/s  eta=45378s  finite=169200
  [169300/500000]  elapsed=23223s  rate=7.3/s  eta=45362s  finite=169300
  [169400/500000]  elapsed=23237s  rate=7.3/s  eta=45349s  finite=169400
  [169500/500000]  elapsed=23251s  rate=7.3/s  eta=45335s  finite=169500
  [169600/500000]  elapsed=23265s  rate=7.3/s  eta=45323s  finite=169600
  [169700/500000]  elapsed=23280s  rate=7.3/s  eta=45312s  finite=169700
  [169800/500000]  elapsed=23293s  rate=7.3/s  eta=45296s  finite=169800
  [169900/500000]  elapsed=23307s  rate=7.3/s  eta=45283s  finite=169900
  [170000/500000]  elapsed=23320s  rate=7.3/s  eta=45268s  finite=170000
  -> checkpoint saved: /scratch/e1498138/lhs/nonoise/ckpt_5e5/ckpt_170000.pkl
  [170100/500000]  elapsed=23336s  rate=7.3/s  eta=45259s  finite=170100
  [170200/500000]  elapsed=23349s  rate=7.3/s  eta=45244s  finite=170200
  [170300/500000]  elapsed=23362s  rate=7.3/s  eta=45228s  finite=170300
  [170400/500000]  elapsed=23375s  rate=7.3/s  eta=45213s  finite=170400
  [170500/500000]  elapsed=23388s  rate=7.3/s  eta=45198s  finite=170500
  [170600/500000]  elapsed=23402s  rate=7.3/s  eta=45185s  finite=170600
  [170700/500000]  elapsed=23417s  rate=7.3/s  eta=45174s  finite=170700
  [170800/500000]  elapsed=23431s  rate=7.3/s  eta=45162s  finite=170800
  [170900/500000]  elapsed=23445s  rate=7.3/s  eta=45148s  finite=170900
  [171000/500000]  elapsed=23459s  rate=7.3/s  eta=45135s  finite=171000
  -> checkpoint saved: /scratch/e1498138/lhs/nonoise/ckpt_5e5/ckpt_171000.pkl
  [171100/500000]  elapsed=23474s  rate=7.3/s  eta=45123s  finite=171100
  [171200/500000]  elapsed=23488s  rate=7.3/s  eta=45110s  finite=171200
  [171300/500000]  elapsed=23501s  rate=7.3/s  eta=45096s  finite=171300
  [171400/500000]  elapsed=23515s  rate=7.3/s  eta=45082s  finite=171400
  [171500/500000]  elapsed=23528s  rate=7.3/s  eta=45067s  finite=171500
  [171600/500000]  elapsed=23542s  rate=7.3/s  eta=45054s  finite=171600
  [171700/500000]  elapsed=23554s  rate=7.3/s  eta=45037s  finite=171700
  [171800/500000]  elapsed=23568s  rate=7.3/s  eta=45023s  finite=171800
  [171900/500000]  elapsed=23581s  rate=7.3/s  eta=45009s  finite=171900
  [172000/500000]  elapsed=23594s  rate=7.3/s  eta=44993s  finite=172000
  -> checkpoint saved: /scratch/e1498138/lhs/nonoise/ckpt_5e5/ckpt_172000.pkl
  [172100/500000]  elapsed=23608s  rate=7.3/s  eta=44981s  finite=172100
  [172200/500000]  elapsed=23621s  rate=7.3/s  eta=44966s  finite=172200
  [172300/500000]  elapsed=23634s  rate=7.3/s  eta=44950s  finite=172300
  [172400/500000]  elapsed=23648s  rate=7.3/s  eta=44937s  finite=172400
  [172500/500000]  elapsed=23662s  rate=7.3/s  eta=44923s  finite=172500
  [172600/500000]  elapsed=23674s  rate=7.3/s  eta=44907s  finite=172600
  [172700/500000]  elapsed=23689s  rate=7.3/s  eta=44896s  finite=172700
  [172800/500000]  elapsed=23705s  rate=7.3/s  eta=44886s  finite=172800
  [172900/500000]  elapsed=23717s  rate=7.3/s  eta=44870s  finite=172900
  [173000/500000]  elapsed=23731s  rate=7.3/s  eta=44856s  finite=173000
  -> checkpoint saved: /scratch/e1498138/lhs/nonoise/ckpt_5e5/ckpt_173000.pkl
  [173100/500000]  elapsed=23745s  rate=7.3/s  eta=44843s  finite=173100
  [173200/500000]  elapsed=23758s  rate=7.3/s  eta=44827s  finite=173200
  [173300/500000]  elapsed=23772s  rate=7.3/s  eta=44814s  finite=173300
  [173400/500000]  elapsed=23786s  rate=7.3/s  eta=44800s  finite=173400
  [173500/500000]  elapsed=23800s  rate=7.3/s  eta=44787s  finite=173500
  [173600/500000]  elapsed=23813s  rate=7.3/s  eta=44773s  finite=173600
  [173700/500000]  elapsed=23829s  rate=7.3/s  eta=44763s  finite=173700
  [173800/500000]  elapsed=23841s  rate=7.3/s  eta=44747s  finite=173800
  [173900/500000]  elapsed=23854s  rate=7.3/s  eta=44732s  finite=173900
  [174000/500000]  elapsed=23869s  rate=7.3/s  eta=44720s  finite=174000
  -> checkpoint saved: /scratch/e1498138/lhs/nonoise/ckpt_5e5/ckpt_174000.pkl
  [174100/500000]  elapsed=23882s  rate=7.3/s  eta=44705s  finite=174100
  [174200/500000]  elapsed=23895s  rate=7.3/s  eta=44690s  finite=174200
  [174300/500000]  elapsed=23909s  rate=7.3/s  eta=44676s  finite=174300
  [174400/500000]  elapsed=23923s  rate=7.3/s  eta=44663s  finite=174400
  [174500/500000]  elapsed=23937s  rate=7.3/s  eta=44650s  finite=174500
  [174600/500000]  elapsed=23951s  rate=7.3/s  eta=44637s  finite=174600
  [174700/500000]  elapsed=23964s  rate=7.3/s  eta=44623s  finite=174700
  [174800/500000]  elapsed=23978s  rate=7.3/s  eta=44608s  finite=174800
  [174900/500000]  elapsed=23992s  rate=7.3/s  eta=44595s  finite=174900
  [175000/500000]  elapsed=24006s  rate=7.3/s  eta=44583s  finite=175000
  -> checkpoint saved: /scratch/e1498138/lhs/nonoise/ckpt_5e5/ckpt_175000.pkl
  [175100/500000]  elapsed=24020s  rate=7.3/s  eta=44570s  finite=175100
  [175200/500000]  elapsed=24034s  rate=7.3/s  eta=44556s  finite=175200
  [175300/500000]  elapsed=24049s  rate=7.3/s  eta=44545s  finite=175300
  [175400/500000]  elapsed=24062s  rate=7.3/s  eta=44529s  finite=175400
  [175500/500000]  elapsed=24075s  rate=7.3/s  eta=44514s  finite=175500
  [175600/500000]  elapsed=24088s  rate=7.3/s  eta=44500s  finite=175600
  [175700/500000]  elapsed=24103s  rate=7.3/s  eta=44488s  finite=175700
  [175800/500000]  elapsed=24116s  rate=7.3/s  eta=44474s  finite=175800
  [175900/500000]  elapsed=24129s  rate=7.3/s  eta=44459s  finite=175900
  [176000/500000]  elapsed=24144s  rate=7.3/s  eta=44447s  finite=176000
  -> checkpoint saved: /scratch/e1498138/lhs/nonoise/ckpt_5e5/ckpt_176000.pkl
  [176100/500000]  elapsed=24158s  rate=7.3/s  eta=44434s  finite=176100
  [176200/500000]  elapsed=24171s  rate=7.3/s  eta=44419s  finite=176200
  [176300/500000]  elapsed=24183s  rate=7.3/s  eta=44402s  finite=176300
  [176400/500000]  elapsed=24198s  rate=7.3/s  eta=44390s  finite=176400
  [176500/500000]  elapsed=24211s  rate=7.3/s  eta=44376s  finite=176500
  [176600/500000]  elapsed=24224s  rate=7.3/s  eta=44359s  finite=176600
  [176700/500000]  elapsed=24238s  rate=7.3/s  eta=44348s  finite=176700
  [176800/500000]  elapsed=24253s  rate=7.3/s  eta=44336s  finite=176800
  [176900/500000]  elapsed=24267s  rate=7.3/s  eta=44323s  finite=176900
  [177000/500000]  elapsed=24281s  rate=7.3/s  eta=44309s  finite=177000
  -> checkpoint saved: /scratch/e1498138/lhs/nonoise/ckpt_5e5/ckpt_177000.pkl
  [177100/500000]  elapsed=24293s  rate=7.3/s  eta=44293s  finite=177100
  [177200/500000]  elapsed=24307s  rate=7.3/s  eta=44280s  finite=177200
  [177300/500000]  elapsed=24321s  rate=7.3/s  eta=44266s  finite=177300
  [177400/500000]  elapsed=24333s  rate=7.3/s  eta=44250s  finite=177400
  [177500/500000]  elapsed=24346s  rate=7.3/s  eta=44235s  finite=177500
  [177600/500000]  elapsed=24360s  rate=7.3/s  eta=44221s  finite=177600
  [177700/500000]  elapsed=24373s  rate=7.3/s  eta=44206s  finite=177700
  [177800/500000]  elapsed=24387s  rate=7.3/s  eta=44193s  finite=177800
  [177900/500000]  elapsed=24401s  rate=7.3/s  eta=44179s  finite=177900
  [178000/500000]  elapsed=24415s  rate=7.3/s  eta=44166s  finite=178000
  -> checkpoint saved: /scratch/e1498138/lhs/nonoise/ckpt_5e5/ckpt_178000.pkl
  [178100/500000]  elapsed=24429s  rate=7.3/s  eta=44153s  finite=178100
  [178200/500000]  elapsed=24442s  rate=7.3/s  eta=44139s  finite=178200
  [178300/500000]  elapsed=24455s  rate=7.3/s  eta=44124s  finite=178300
  [178400/500000]  elapsed=24467s  rate=7.3/s  eta=44107s  finite=178400
  [178500/500000]  elapsed=24481s  rate=7.3/s  eta=44093s  finite=178500
  [178600/500000]  elapsed=24495s  rate=7.3/s  eta=44079s  finite=178600
  [178700/500000]  elapsed=24510s  rate=7.3/s  eta=44068s  finite=178700
  [178800/500000]  elapsed=24524s  rate=7.3/s  eta=44056s  finite=178800
  [178900/500000]  elapsed=24538s  rate=7.3/s  eta=44042s  finite=178900
  [179000/500000]  elapsed=24551s  rate=7.3/s  eta=44028s  finite=179000
  -> checkpoint saved: /scratch/e1498138/lhs/nonoise/ckpt_5e5/ckpt_179000.pkl
  [179100/500000]  elapsed=24566s  rate=7.3/s  eta=44015s  finite=179100
  [179200/500000]  elapsed=24579s  rate=7.3/s  eta=44001s  finite=179200
  [179300/500000]  elapsed=24592s  rate=7.3/s  eta=43986s  finite=179300
  [179400/500000]  elapsed=24605s  rate=7.3/s  eta=43971s  finite=179400
  [179500/500000]  elapsed=24619s  rate=7.3/s  eta=43957s  finite=179500
  [179600/500000]  elapsed=24632s  rate=7.3/s  eta=43943s  finite=179600
  [179700/500000]  elapsed=24645s  rate=7.3/s  eta=43928s  finite=179700
  [179800/500000]  elapsed=24659s  rate=7.3/s  eta=43915s  finite=179800
  [179900/500000]  elapsed=24672s  rate=7.3/s  eta=43900s  finite=179900
  [180000/500000]  elapsed=24684s  rate=7.3/s  eta=43884s  finite=180000
  -> checkpoint saved: /scratch/e1498138/lhs/nonoise/ckpt_5e5/ckpt_180000.pkl
  [180100/500000]  elapsed=24699s  rate=7.3/s  eta=43871s  finite=180100
  [180200/500000]  elapsed=24712s  rate=7.3/s  eta=43856s  finite=180200
  [180300/500000]  elapsed=24725s  rate=7.3/s  eta=43842s  finite=180300
  [180400/500000]  elapsed=24739s  rate=7.3/s  eta=43827s  finite=180400
  [180500/500000]  elapsed=24752s  rate=7.3/s  eta=43813s  finite=180500
  [180600/500000]  elapsed=24766s  rate=7.3/s  eta=43799s  finite=180600
  [180700/500000]  elapsed=24779s  rate=7.3/s  eta=43785s  finite=180700
  [180800/500000]  elapsed=24793s  rate=7.3/s  eta=43772s  finite=180800
  [180900/500000]  elapsed=24808s  rate=7.3/s  eta=43760s  finite=180900
  [181000/500000]  elapsed=24822s  rate=7.3/s  eta=43747s  finite=181000
  -> checkpoint saved: /scratch/e1498138/lhs/nonoise/ckpt_5e5/ckpt_181000.pkl
  [181100/500000]  elapsed=24836s  rate=7.3/s  eta=43735s  finite=181100
  [181200/500000]  elapsed=24850s  rate=7.3/s  eta=43720s  finite=181200
  [181300/500000]  elapsed=24864s  rate=7.3/s  eta=43708s  finite=181300
  [181400/500000]  elapsed=24880s  rate=7.3/s  eta=43697s  finite=181400
  [181500/500000]  elapsed=24895s  rate=7.3/s  eta=43686s  finite=181500
  [181600/500000]  elapsed=24907s  rate=7.3/s  eta=43670s  finite=181600
  [181700/500000]  elapsed=24921s  rate=7.3/s  eta=43657s  finite=181700
  [181800/500000]  elapsed=24937s  rate=7.3/s  eta=43647s  finite=181800
  [181900/500000]  elapsed=24950s  rate=7.3/s  eta=43632s  finite=181900
  [182000/500000]  elapsed=24963s  rate=7.3/s  eta=43617s  finite=182000
  -> checkpoint saved: /scratch/e1498138/lhs/nonoise/ckpt_5e5/ckpt_182000.pkl
  [182100/500000]  elapsed=24977s  rate=7.3/s  eta=43603s  finite=182100
  [182200/500000]  elapsed=24990s  rate=7.3/s  eta=43588s  finite=182200
  [182300/500000]  elapsed=25004s  rate=7.3/s  eta=43575s  finite=182300
  [182400/500000]  elapsed=25018s  rate=7.3/s  eta=43563s  finite=182400
  [182500/500000]  elapsed=25031s  rate=7.3/s  eta=43547s  finite=182500
  [182600/500000]  elapsed=25045s  rate=7.3/s  eta=43535s  finite=182600
  [182700/500000]  elapsed=25059s  rate=7.3/s  eta=43521s  finite=182700
  [182800/500000]  elapsed=25074s  rate=7.3/s  eta=43509s  finite=182800
  [182900/500000]  elapsed=25087s  rate=7.3/s  eta=43494s  finite=182900
  [183000/500000]  elapsed=25100s  rate=7.3/s  eta=43479s  finite=183000
  -> checkpoint saved: /scratch/e1498138/lhs/nonoise/ckpt_5e5/ckpt_183000.pkl
  [183100/500000]  elapsed=25113s  rate=7.3/s  eta=43463s  finite=183100
  [183200/500000]  elapsed=25127s  rate=7.3/s  eta=43451s  finite=183200
  [183300/500000]  elapsed=25140s  rate=7.3/s  eta=43436s  finite=183300
  [183400/500000]  elapsed=25154s  rate=7.3/s  eta=43422s  finite=183400
  [183500/500000]  elapsed=25166s  rate=7.3/s  eta=43407s  finite=183500
  [183600/500000]  elapsed=25180s  rate=7.3/s  eta=43393s  finite=183600
  [183700/500000]  elapsed=25194s  rate=7.3/s  eta=43380s  finite=183700
  [183800/500000]  elapsed=25209s  rate=7.3/s  eta=43369s  finite=183800
  [183900/500000]  elapsed=25223s  rate=7.3/s  eta=43355s  finite=183900
  [184000/500000]  elapsed=25237s  rate=7.3/s  eta=43343s  finite=184000
  -> checkpoint saved: /scratch/e1498138/lhs/nonoise/ckpt_5e5/ckpt_184000.pkl
  [184100/500000]  elapsed=25251s  rate=7.3/s  eta=43329s  finite=184100
  [184200/500000]  elapsed=25264s  rate=7.3/s  eta=43313s  finite=184200
  [184300/500000]  elapsed=25277s  rate=7.3/s  eta=43299s  finite=184300
  [184400/500000]  elapsed=25291s  rate=7.3/s  eta=43285s  finite=184400
  [184500/500000]  elapsed=25305s  rate=7.3/s  eta=43272s  finite=184500
  [184600/500000]  elapsed=25318s  rate=7.3/s  eta=43257s  finite=184600
  [184700/500000]  elapsed=25332s  rate=7.3/s  eta=43245s  finite=184700
  [184800/500000]  elapsed=25346s  rate=7.3/s  eta=43231s  finite=184800
  [184900/500000]  elapsed=25360s  rate=7.3/s  eta=43218s  finite=184900
  [185000/500000]  elapsed=25375s  rate=7.3/s  eta=43205s  finite=185000
  -> checkpoint saved: /scratch/e1498138/lhs/nonoise/ckpt_5e5/ckpt_185000.pkl
  [185100/500000]  elapsed=25389s  rate=7.3/s  eta=43192s  finite=185100
  [185200/500000]  elapsed=25403s  rate=7.3/s  eta=43179s  finite=185200
  [185300/500000]  elapsed=25417s  rate=7.3/s  eta=43167s  finite=185300
  [185400/500000]  elapsed=25431s  rate=7.3/s  eta=43153s  finite=185400
  [185500/500000]  elapsed=25446s  rate=7.3/s  eta=43142s  finite=185500
  [185600/500000]  elapsed=25460s  rate=7.3/s  eta=43128s  finite=185600
  [185700/500000]  elapsed=25473s  rate=7.3/s  eta=43113s  finite=185700
  [185800/500000]  elapsed=25486s  rate=7.3/s  eta=43098s  finite=185800
  [185900/500000]  elapsed=25500s  rate=7.3/s  eta=43086s  finite=185900
  [186000/500000]  elapsed=25513s  rate=7.3/s  eta=43070s  finite=186000
  -> checkpoint saved: /scratch/e1498138/lhs/nonoise/ckpt_5e5/ckpt_186000.pkl
  [186100/500000]  elapsed=25527s  rate=7.3/s  eta=43056s  finite=186100
  [186200/500000]  elapsed=25541s  rate=7.3/s  eta=43043s  finite=186200
  [186300/500000]  elapsed=25556s  rate=7.3/s  eta=43032s  finite=186300
  [186400/500000]  elapsed=25570s  rate=7.3/s  eta=43019s  finite=186400
  [186500/500000]  elapsed=25584s  rate=7.3/s  eta=43006s  finite=186500
  [186600/500000]  elapsed=25598s  rate=7.3/s  eta=42992s  finite=186600
  [186700/500000]  elapsed=25611s  rate=7.3/s  eta=42978s  finite=186700
  [186800/500000]  elapsed=25625s  rate=7.3/s  eta=42964s  finite=186800
  [186900/500000]  elapsed=25639s  rate=7.3/s  eta=42951s  finite=186900
  [187000/500000]  elapsed=25652s  rate=7.3/s  eta=42937s  finite=187000
  -> checkpoint saved: /scratch/e1498138/lhs/nonoise/ckpt_5e5/ckpt_187000.pkl
  [187100/500000]  elapsed=25666s  rate=7.3/s  eta=42923s  finite=187100
  [187200/500000]  elapsed=25679s  rate=7.3/s  eta=42908s  finite=187200
  [187300/500000]  elapsed=25693s  rate=7.3/s  eta=42894s  finite=187300
  [187400/500000]  elapsed=25705s  rate=7.3/s  eta=42879s  finite=187400
  [187500/500000]  elapsed=25720s  rate=7.3/s  eta=42866s  finite=187500
  [187600/500000]  elapsed=25734s  rate=7.3/s  eta=42853s  finite=187600
  [187700/500000]  elapsed=25747s  rate=7.3/s  eta=42839s  finite=187700
  [187800/500000]  elapsed=25761s  rate=7.3/s  eta=42825s  finite=187800
  [187900/500000]  elapsed=25774s  rate=7.3/s  eta=42810s  finite=187900
  [188000/500000]  elapsed=25786s  rate=7.3/s  eta=42795s  finite=188000
  -> checkpoint saved: /scratch/e1498138/lhs/nonoise/ckpt_5e5/ckpt_188000.pkl
  [188100/500000]  elapsed=25800s  rate=7.3/s  eta=42780s  finite=188100
  [188200/500000]  elapsed=25812s  rate=7.3/s  eta=42765s  finite=188200
  [188300/500000]  elapsed=25825s  rate=7.3/s  eta=42750s  finite=188300
  [188400/500000]  elapsed=25839s  rate=7.3/s  eta=42737s  finite=188400
  [188500/500000]  elapsed=25853s  rate=7.3/s  eta=42722s  finite=188500
  [188600/500000]  elapsed=25867s  rate=7.3/s  eta=42710s  finite=188600
  [188700/500000]  elapsed=25881s  rate=7.3/s  eta=42695s  finite=188700
  [188800/500000]  elapsed=25893s  rate=7.3/s  eta=42680s  finite=188800
  [188900/500000]  elapsed=25907s  rate=7.3/s  eta=42666s  finite=188900
  [189000/500000]  elapsed=25919s  rate=7.3/s  eta=42651s  finite=189000
  -> checkpoint saved: /scratch/e1498138/lhs/nonoise/ckpt_5e5/ckpt_189000.pkl
  [189100/500000]  elapsed=25934s  rate=7.3/s  eta=42639s  finite=189100
  [189200/500000]  elapsed=25947s  rate=7.3/s  eta=42624s  finite=189200
  [189300/500000]  elapsed=25961s  rate=7.3/s  eta=42609s  finite=189300
  [189400/500000]  elapsed=25975s  rate=7.3/s  eta=42596s  finite=189400
  [189500/500000]  elapsed=25988s  rate=7.3/s  eta=42581s  finite=189500
  [189600/500000]  elapsed=26001s  rate=7.3/s  eta=42567s  finite=189600
  [189700/500000]  elapsed=26014s  rate=7.3/s  eta=42552s  finite=189700
  [189800/500000]  elapsed=26027s  rate=7.3/s  eta=42537s  finite=189800
  [189900/500000]  elapsed=26042s  rate=7.3/s  eta=42525s  finite=189900
  [190000/500000]  elapsed=26055s  rate=7.3/s  eta=42512s  finite=190000
  -> checkpoint saved: /scratch/e1498138/lhs/nonoise/ckpt_5e5/ckpt_190000.pkl
  [190100/500000]  elapsed=26069s  rate=7.3/s  eta=42498s  finite=190100
  [190200/500000]  elapsed=26083s  rate=7.3/s  eta=42484s  finite=190200
  [190300/500000]  elapsed=26096s  rate=7.3/s  eta=42469s  finite=190300
  [190400/500000]  elapsed=26109s  rate=7.3/s  eta=42454s  finite=190400
  [190500/500000]  elapsed=26124s  rate=7.3/s  eta=42442s  finite=190500
  [190600/500000]  elapsed=26138s  rate=7.3/s  eta=42429s  finite=190600
  [190700/500000]  elapsed=26151s  rate=7.3/s  eta=42414s  finite=190700
  [190800/500000]  elapsed=26164s  rate=7.3/s  eta=42399s  finite=190800
  [190900/500000]  elapsed=26177s  rate=7.3/s  eta=42385s  finite=190900
  [191000/500000]  elapsed=26192s  rate=7.3/s  eta=42373s  finite=191000
  -> checkpoint saved: /scratch/e1498138/lhs/nonoise/ckpt_5e5/ckpt_191000.pkl
  [191100/500000]  elapsed=26206s  rate=7.3/s  eta=42359s  finite=191100
  [191200/500000]  elapsed=26219s  rate=7.3/s  eta=42346s  finite=191200
  [191300/500000]  elapsed=26233s  rate=7.3/s  eta=42332s  finite=191300
  [191400/500000]  elapsed=26247s  rate=7.3/s  eta=42318s  finite=191400
  [191500/500000]  elapsed=26260s  rate=7.3/s  eta=42303s  finite=191500
  [191600/500000]  elapsed=26273s  rate=7.3/s  eta=42288s  finite=191600
  [191700/500000]  elapsed=26285s  rate=7.3/s  eta=42273s  finite=191700
  [191800/500000]  elapsed=26299s  rate=7.3/s  eta=42259s  finite=191800
  [191900/500000]  elapsed=26313s  rate=7.3/s  eta=42246s  finite=191900
  [192000/500000]  elapsed=26327s  rate=7.3/s  eta=42233s  finite=192000
  -> checkpoint saved: /scratch/e1498138/lhs/nonoise/ckpt_5e5/ckpt_192000.pkl
  [192100/500000]  elapsed=26340s  rate=7.3/s  eta=42218s  finite=192100
  [192200/500000]  elapsed=26355s  rate=7.3/s  eta=42206s  finite=192200
  [192300/500000]  elapsed=26367s  rate=7.3/s  eta=42190s  finite=192300
  [192400/500000]  elapsed=26383s  rate=7.3/s  eta=42179s  finite=192400
  [192500/500000]  elapsed=26396s  rate=7.3/s  eta=42165s  finite=192500
  [192600/500000]  elapsed=26410s  rate=7.3/s  eta=42151s  finite=192600
  [192700/500000]  elapsed=26423s  rate=7.3/s  eta=42136s  finite=192700
  [192800/500000]  elapsed=26436s  rate=7.3/s  eta=42122s  finite=192800
  [192900/500000]  elapsed=26448s  rate=7.3/s  eta=42106s  finite=192900
  [193000/500000]  elapsed=26461s  rate=7.3/s  eta=42091s  finite=193000
  -> checkpoint saved: /scratch/e1498138/lhs/nonoise/ckpt_5e5/ckpt_193000.pkl
  [193100/500000]  elapsed=26474s  rate=7.3/s  eta=42076s  finite=193100
  [193200/500000]  elapsed=26487s  rate=7.3/s  eta=42061s  finite=193200
  [193300/500000]  elapsed=26500s  rate=7.3/s  eta=42047s  finite=193300
  [193400/500000]  elapsed=26515s  rate=7.3/s  eta=42034s  finite=193400
  [193500/500000]  elapsed=26527s  rate=7.3/s  eta=42019s  finite=193500
  [193600/500000]  elapsed=26541s  rate=7.3/s  eta=42005s  finite=193600
  [193700/500000]  elapsed=26554s  rate=7.3/s  eta=41990s  finite=193700
  [193800/500000]  elapsed=26567s  rate=7.3/s  eta=41976s  finite=193800
  [193900/500000]  elapsed=26580s  rate=7.3/s  eta=41961s  finite=193900
  [194000/500000]  elapsed=26593s  rate=7.3/s  eta=41946s  finite=194000
  -> checkpoint saved: /scratch/e1498138/lhs/nonoise/ckpt_5e5/ckpt_194000.pkl
  [194100/500000]  elapsed=26607s  rate=7.3/s  eta=41933s  finite=194100
  [194200/500000]  elapsed=26621s  rate=7.3/s  eta=41919s  finite=194200
  [194300/500000]  elapsed=26636s  rate=7.3/s  eta=41907s  finite=194300
  [194400/500000]  elapsed=26650s  rate=7.3/s  eta=41895s  finite=194400
  [194500/500000]  elapsed=26664s  rate=7.3/s  eta=41882s  finite=194500
  [194600/500000]  elapsed=26678s  rate=7.3/s  eta=41867s  finite=194600
  [194700/500000]  elapsed=26691s  rate=7.3/s  eta=41853s  finite=194700
  [194800/500000]  elapsed=26704s  rate=7.3/s  eta=41837s  finite=194800
  [194900/500000]  elapsed=26718s  rate=7.3/s  eta=41825s  finite=194900
  [195000/500000]  elapsed=26730s  rate=7.3/s  eta=41809s  finite=195000
  -> checkpoint saved: /scratch/e1498138/lhs/nonoise/ckpt_5e5/ckpt_195000.pkl
  [195100/500000]  elapsed=26744s  rate=7.3/s  eta=41795s  finite=195100
  [195200/500000]  elapsed=26757s  rate=7.3/s  eta=41780s  finite=195200
  [195300/500000]  elapsed=26770s  rate=7.3/s  eta=41766s  finite=195300
  [195400/500000]  elapsed=26784s  rate=7.3/s  eta=41752s  finite=195400
  [195500/500000]  elapsed=26799s  rate=7.3/s  eta=41740s  finite=195500
  [195600/500000]  elapsed=26813s  rate=7.3/s  eta=41728s  finite=195600
  [195700/500000]  elapsed=26826s  rate=7.3/s  eta=41713s  finite=195700
  [195800/500000]  elapsed=26841s  rate=7.3/s  eta=41702s  finite=195800
  [195900/500000]  elapsed=26856s  rate=7.3/s  eta=41689s  finite=195900
  [196000/500000]  elapsed=26870s  rate=7.3/s  eta=41675s  finite=196000
  -> checkpoint saved: /scratch/e1498138/lhs/nonoise/ckpt_5e5/ckpt_196000.pkl
  [196100/500000]  elapsed=26884s  rate=7.3/s  eta=41662s  finite=196100
  [196200/500000]  elapsed=26898s  rate=7.3/s  eta=41650s  finite=196200
  [196300/500000]  elapsed=26913s  rate=7.3/s  eta=41637s  finite=196300
  [196400/500000]  elapsed=26926s  rate=7.3/s  eta=41623s  finite=196400
  [196500/500000]  elapsed=26939s  rate=7.3/s  eta=41608s  finite=196500
  [196600/500000]  elapsed=26952s  rate=7.3/s  eta=41593s  finite=196600
  [196700/500000]  elapsed=26966s  rate=7.3/s  eta=41580s  finite=196700
  [196800/500000]  elapsed=26980s  rate=7.3/s  eta=41567s  finite=196800
  [196900/500000]  elapsed=26993s  rate=7.3/s  eta=41552s  finite=196900
  [197000/500000]  elapsed=27006s  rate=7.3/s  eta=41537s  finite=197000
  -> checkpoint saved: /scratch/e1498138/lhs/nonoise/ckpt_5e5/ckpt_197000.pkl
  [197100/500000]  elapsed=27019s  rate=7.3/s  eta=41522s  finite=197100
  [197200/500000]  elapsed=27033s  rate=7.3/s  eta=41509s  finite=197200
  [197300/500000]  elapsed=27047s  rate=7.3/s  eta=41496s  finite=197300
  [197400/500000]  elapsed=27059s  rate=7.3/s  eta=41480s  finite=197400
  [197500/500000]  elapsed=27073s  rate=7.3/s  eta=41466s  finite=197500
  [197600/500000]  elapsed=27087s  rate=7.3/s  eta=41453s  finite=197600
  [197700/500000]  elapsed=27101s  rate=7.3/s  eta=41440s  finite=197700
  [197800/500000]  elapsed=27116s  rate=7.3/s  eta=41427s  finite=197800
  [197900/500000]  elapsed=27129s  rate=7.3/s  eta=41413s  finite=197900
  [198000/500000]  elapsed=27144s  rate=7.3/s  eta=41401s  finite=198000
  -> checkpoint saved: /scratch/e1498138/lhs/nonoise/ckpt_5e5/ckpt_198000.pkl
  [198100/500000]  elapsed=27157s  rate=7.3/s  eta=41387s  finite=198100
  [198200/500000]  elapsed=27171s  rate=7.3/s  eta=41374s  finite=198200
  [198300/500000]  elapsed=27185s  rate=7.3/s  eta=41359s  finite=198300
  [198400/500000]  elapsed=27198s  rate=7.3/s  eta=41346s  finite=198400
  [198500/500000]  elapsed=27213s  rate=7.3/s  eta=41334s  finite=198500
  [198600/500000]  elapsed=27227s  rate=7.3/s  eta=41320s  finite=198600
  [198700/500000]  elapsed=27240s  rate=7.3/s  eta=41306s  finite=198700
  [198800/500000]  elapsed=27253s  rate=7.3/s  eta=41291s  finite=198800
  [198900/500000]  elapsed=27268s  rate=7.3/s  eta=41279s  finite=198900
  [199000/500000]  elapsed=27281s  rate=7.3/s  eta=41264s  finite=199000
  -> checkpoint saved: /scratch/e1498138/lhs/nonoise/ckpt_5e5/ckpt_199000.pkl
  [199100/500000]  elapsed=27296s  rate=7.3/s  eta=41252s  finite=199100
  [199200/500000]  elapsed=27309s  rate=7.3/s  eta=41238s  finite=199200
  [199300/500000]  elapsed=27323s  rate=7.3/s  eta=41225s  finite=199300
  [199400/500000]  elapsed=27336s  rate=7.3/s  eta=41209s  finite=199400
  [199500/500000]  elapsed=27350s  rate=7.3/s  eta=41196s  finite=199500
  [199600/500000]  elapsed=27363s  rate=7.3/s  eta=41182s  finite=199600
  [199700/500000]  elapsed=27376s  rate=7.3/s  eta=41167s  finite=199700
  [199800/500000]  elapsed=27389s  rate=7.3/s  eta=41153s  finite=199800
  [199900/500000]  elapsed=27404s  rate=7.3/s  eta=41140s  finite=199900
  [200000/500000]  elapsed=27418s  rate=7.3/s  eta=41126s  finite=200000
  -> checkpoint saved: /scratch/e1498138/lhs/nonoise/ckpt_5e5/ckpt_200000.pkl
  [200100/500000]  elapsed=27431s  rate=7.3/s  eta=41113s  finite=200100
  [200200/500000]  elapsed=27444s  rate=7.3/s  eta=41097s  finite=200200
  [200300/500000]  elapsed=27457s  rate=7.3/s  eta=41082s  finite=200300
  [200400/500000]  elapsed=27471s  rate=7.3/s  eta=41070s  finite=200400
  [200500/500000]  elapsed=27486s  rate=7.3/s  eta=41057s  finite=200500
  [200600/500000]  elapsed=27502s  rate=7.3/s  eta=41047s  finite=200600
  [200700/500000]  elapsed=27515s  rate=7.3/s  eta=41033s  finite=200700
  [200800/500000]  elapsed=27528s  rate=7.3/s  eta=41018s  finite=200800
  [200900/500000]  elapsed=27542s  rate=7.3/s  eta=41004s  finite=200900
  [201000/500000]  elapsed=27555s  rate=7.3/s  eta=40990s  finite=201000
  -> checkpoint saved: /scratch/e1498138/lhs/nonoise/ckpt_5e5/ckpt_201000.pkl
  [201100/500000]  elapsed=27569s  rate=7.3/s  eta=40977s  finite=201100
  [201200/500000]  elapsed=27582s  rate=7.3/s  eta=40962s  finite=201200
  [201300/500000]  elapsed=27596s  rate=7.3/s  eta=40948s  finite=201300
  [201400/500000]  elapsed=27610s  rate=7.3/s  eta=40935s  finite=201400
  [201500/500000]  elapsed=27624s  rate=7.3/s  eta=40921s  finite=201500
  [201600/500000]  elapsed=27639s  rate=7.3/s  eta=40910s  finite=201600
  [201700/500000]  elapsed=27652s  rate=7.3/s  eta=40896s  finite=201700
  [201800/500000]  elapsed=27665s  rate=7.3/s  eta=40881s  finite=201800
  [201900/500000]  elapsed=27680s  rate=7.3/s  eta=40869s  finite=201900
  [202000/500000]  elapsed=27693s  rate=7.3/s  eta=40854s  finite=202000
  -> checkpoint saved: /scratch/e1498138/lhs/nonoise/ckpt_5e5/ckpt_202000.pkl
  [202100/500000]  elapsed=27708s  rate=7.3/s  eta=40842s  finite=202100
  [202200/500000]  elapsed=27721s  rate=7.3/s  eta=40828s  finite=202200
  [202300/500000]  elapsed=27735s  rate=7.3/s  eta=40814s  finite=202300
  [202400/500000]  elapsed=27749s  rate=7.3/s  eta=40801s  finite=202400
  [202500/500000]  elapsed=27763s  rate=7.3/s  eta=40787s  finite=202500
  [202600/500000]  elapsed=27777s  rate=7.3/s  eta=40774s  finite=202600
  [202700/500000]  elapsed=27792s  rate=7.3/s  eta=40762s  finite=202700
  [202800/500000]  elapsed=27805s  rate=7.3/s  eta=40748s  finite=202800
  [202900/500000]  elapsed=27818s  rate=7.3/s  eta=40733s  finite=202900
  [203000/500000]  elapsed=27833s  rate=7.3/s  eta=40721s  finite=203000
  -> checkpoint saved: /scratch/e1498138/lhs/nonoise/ckpt_5e5/ckpt_203000.pkl
  [203100/500000]  elapsed=27846s  rate=7.3/s  eta=40706s  finite=203100
  [203200/500000]  elapsed=27858s  rate=7.3/s  eta=40691s  finite=203200
  [203300/500000]  elapsed=27873s  rate=7.3/s  eta=40678s  finite=203300
  [203400/500000]  elapsed=27889s  rate=7.3/s  eta=40668s  finite=203400
  [203500/500000]  elapsed=27902s  rate=7.3/s  eta=40653s  finite=203500
  [203600/500000]  elapsed=27914s  rate=7.3/s  eta=40638s  finite=203600
  [203700/500000]  elapsed=27928s  rate=7.3/s  eta=40624s  finite=203700
  [203800/500000]  elapsed=27942s  rate=7.3/s  eta=40611s  finite=203800
  [203900/500000]  elapsed=27956s  rate=7.3/s  eta=40598s  finite=203900
  [204000/500000]  elapsed=27969s  rate=7.3/s  eta=40582s  finite=204000
  -> checkpoint saved: /scratch/e1498138/lhs/nonoise/ckpt_5e5/ckpt_204000.pkl
  [204100/500000]  elapsed=27983s  rate=7.3/s  eta=40569s  finite=204100
  [204200/500000]  elapsed=27997s  rate=7.3/s  eta=40555s  finite=204200
  [204300/500000]  elapsed=28009s  rate=7.3/s  eta=40540s  finite=204300
  [204400/500000]  elapsed=28023s  rate=7.3/s  eta=40527s  finite=204400
  [204500/500000]  elapsed=28038s  rate=7.3/s  eta=40514s  finite=204500
  [204600/500000]  elapsed=28053s  rate=7.3/s  eta=40502s  finite=204600
  [204700/500000]  elapsed=28068s  rate=7.3/s  eta=40490s  finite=204700
  [204800/500000]  elapsed=28081s  rate=7.3/s  eta=40477s  finite=204800
  [204900/500000]  elapsed=28094s  rate=7.3/s  eta=40461s  finite=204900
  [205000/500000]  elapsed=28108s  rate=7.3/s  eta=40448s  finite=205000
  -> checkpoint saved: /scratch/e1498138/lhs/nonoise/ckpt_5e5/ckpt_205000.pkl
  [205100/500000]  elapsed=28122s  rate=7.3/s  eta=40435s  finite=205100
  [205200/500000]  elapsed=28135s  rate=7.3/s  eta=40419s  finite=205200
  [205300/500000]  elapsed=28148s  rate=7.3/s  eta=40405s  finite=205300
  [205400/500000]  elapsed=28161s  rate=7.3/s  eta=40390s  finite=205400
  [205500/500000]  elapsed=28174s  rate=7.3/s  eta=40376s  finite=205500
  [205600/500000]  elapsed=28189s  rate=7.3/s  eta=40364s  finite=205600
  [205700/500000]  elapsed=28201s  rate=7.3/s  eta=40348s  finite=205700
  [205800/500000]  elapsed=28215s  rate=7.3/s  eta=40335s  finite=205800
  [205900/500000]  elapsed=28229s  rate=7.3/s  eta=40321s  finite=205900
  [206000/500000]  elapsed=28242s  rate=7.3/s  eta=40307s  finite=206000
  -> checkpoint saved: /scratch/e1498138/lhs/nonoise/ckpt_5e5/ckpt_206000.pkl
  [206100/500000]  elapsed=28256s  rate=7.3/s  eta=40293s  finite=206100
  [206200/500000]  elapsed=28270s  rate=7.3/s  eta=40280s  finite=206200
  [206300/500000]  elapsed=28285s  rate=7.3/s  eta=40268s  finite=206300
  [206400/500000]  elapsed=28298s  rate=7.3/s  eta=40254s  finite=206400
  [206500/500000]  elapsed=28312s  rate=7.3/s  eta=40240s  finite=206500
  [206600/500000]  elapsed=28325s  rate=7.3/s  eta=40225s  finite=206600
  [206700/500000]  elapsed=28338s  rate=7.3/s  eta=40211s  finite=206700
  [206800/500000]  elapsed=28352s  rate=7.3/s  eta=40197s  finite=206800
  [206900/500000]  elapsed=28367s  rate=7.3/s  eta=40185s  finite=206900
  [207000/500000]  elapsed=28380s  rate=7.3/s  eta=40171s  finite=207000
  -> checkpoint saved: /scratch/e1498138/lhs/nonoise/ckpt_5e5/ckpt_207000.pkl
  [207100/500000]  elapsed=28394s  rate=7.3/s  eta=40158s  finite=207100
  [207200/500000]  elapsed=28407s  rate=7.3/s  eta=40143s  finite=207200
  [207300/500000]  elapsed=28420s  rate=7.3/s  eta=40128s  finite=207300
  [207400/500000]  elapsed=28433s  rate=7.3/s  eta=40114s  finite=207400
  [207500/500000]  elapsed=28447s  rate=7.3/s  eta=40100s  finite=207500
  [207600/500000]  elapsed=28460s  rate=7.3/s  eta=40086s  finite=207600
  [207700/500000]  elapsed=28475s  rate=7.3/s  eta=40073s  finite=207700
  [207800/500000]  elapsed=28487s  rate=7.3/s  eta=40058s  finite=207800
  [207900/500000]  elapsed=28500s  rate=7.3/s  eta=40043s  finite=207900
  [208000/500000]  elapsed=28514s  rate=7.3/s  eta=40029s  finite=208000
  -> checkpoint saved: /scratch/e1498138/lhs/nonoise/ckpt_5e5/ckpt_208000.pkl
  [208100/500000]  elapsed=28528s  rate=7.3/s  eta=40016s  finite=208100
  [208200/500000]  elapsed=28541s  rate=7.3/s  eta=40002s  finite=208200
  [208300/500000]  elapsed=28555s  rate=7.3/s  eta=39988s  finite=208300
  [208400/500000]  elapsed=28569s  rate=7.3/s  eta=39974s  finite=208400
  [208500/500000]  elapsed=28580s  rate=7.3/s  eta=39958s  finite=208500
  [208600/500000]  elapsed=28594s  rate=7.3/s  eta=39944s  finite=208600
  [208700/500000]  elapsed=28608s  rate=7.3/s  eta=39931s  finite=208700
  [208800/500000]  elapsed=28623s  rate=7.3/s  eta=39919s  finite=208800
  [208900/500000]  elapsed=28636s  rate=7.3/s  eta=39904s  finite=208900
  [209000/500000]  elapsed=28650s  rate=7.3/s  eta=39891s  finite=209000
  -> checkpoint saved: /scratch/e1498138/lhs/nonoise/ckpt_5e5/ckpt_209000.pkl
  [209100/500000]  elapsed=28664s  rate=7.3/s  eta=39877s  finite=209100
  [209200/500000]  elapsed=28678s  rate=7.3/s  eta=39864s  finite=209200
  [209300/500000]  elapsed=28693s  rate=7.3/s  eta=39852s  finite=209300
  [209400/500000]  elapsed=28707s  rate=7.3/s  eta=39839s  finite=209400
  [209500/500000]  elapsed=28721s  rate=7.3/s  eta=39826s  finite=209500
  [209600/500000]  elapsed=28735s  rate=7.3/s  eta=39812s  finite=209600
  [209700/500000]  elapsed=28748s  rate=7.3/s  eta=39798s  finite=209700
  [209800/500000]  elapsed=28762s  rate=7.3/s  eta=39784s  finite=209800
  [209900/500000]  elapsed=28775s  rate=7.3/s  eta=39769s  finite=209900
  [210000/500000]  elapsed=28788s  rate=7.3/s  eta=39755s  finite=210000
  -> checkpoint saved: /scratch/e1498138/lhs/nonoise/ckpt_5e5/ckpt_210000.pkl
  [210100/500000]  elapsed=28801s  rate=7.3/s  eta=39740s  finite=210100
  [210200/500000]  elapsed=28814s  rate=7.3/s  eta=39726s  finite=210200
  [210300/500000]  elapsed=28828s  rate=7.3/s  eta=39713s  finite=210300
  [210400/500000]  elapsed=28843s  rate=7.3/s  eta=39700s  finite=210400
  [210500/500000]  elapsed=28856s  rate=7.3/s  eta=39685s  finite=210500
  [210600/500000]  elapsed=28869s  rate=7.3/s  eta=39671s  finite=210600
  [210700/500000]  elapsed=28882s  rate=7.3/s  eta=39656s  finite=210700
  [210800/500000]  elapsed=28898s  rate=7.3/s  eta=39645s  finite=210800
  [210900/500000]  elapsed=28911s  rate=7.3/s  eta=39631s  finite=210900
  [211000/500000]  elapsed=28925s  rate=7.3/s  eta=39617s  finite=211000
  -> checkpoint saved: /scratch/e1498138/lhs/nonoise/ckpt_5e5/ckpt_211000.pkl
  [211100/500000]  elapsed=28937s  rate=7.3/s  eta=39602s  finite=211100
  [211200/500000]  elapsed=28951s  rate=7.3/s  eta=39588s  finite=211200
  [211300/500000]  elapsed=28965s  rate=7.3/s  eta=39575s  finite=211300
  [211400/500000]  elapsed=28979s  rate=7.3/s  eta=39561s  finite=211400
  [211500/500000]  elapsed=28992s  rate=7.3/s  eta=39547s  finite=211500
  [211600/500000]  elapsed=29006s  rate=7.3/s  eta=39533s  finite=211600
  [211700/500000]  elapsed=29020s  rate=7.3/s  eta=39520s  finite=211700
  [211800/500000]  elapsed=29034s  rate=7.3/s  eta=39507s  finite=211800
  [211900/500000]  elapsed=29047s  rate=7.3/s  eta=39492s  finite=211900
  [212000/500000]  elapsed=29059s  rate=7.3/s  eta=39477s  finite=212000
  -> checkpoint saved: /scratch/e1498138/lhs/nonoise/ckpt_5e5/ckpt_212000.pkl
  [212100/500000]  elapsed=29072s  rate=7.3/s  eta=39462s  finite=212100
  [212200/500000]  elapsed=29085s  rate=7.3/s  eta=39446s  finite=212200
  [212300/500000]  elapsed=29098s  rate=7.3/s  eta=39432s  finite=212300
  [212400/500000]  elapsed=29111s  rate=7.3/s  eta=39418s  finite=212400
  [212500/500000]  elapsed=29124s  rate=7.3/s  eta=39403s  finite=212500
  [212600/500000]  elapsed=29138s  rate=7.3/s  eta=39390s  finite=212600
  [212700/500000]  elapsed=29153s  rate=7.3/s  eta=39377s  finite=212700
  [212800/500000]  elapsed=29167s  rate=7.3/s  eta=39364s  finite=212800
  [212900/500000]  elapsed=29179s  rate=7.3/s  eta=39349s  finite=212900
  [213000/500000]  elapsed=29192s  rate=7.3/s  eta=39333s  finite=213000
  -> checkpoint saved: /scratch/e1498138/lhs/nonoise/ckpt_5e5/ckpt_213000.pkl
  [213100/500000]  elapsed=29205s  rate=7.3/s  eta=39320s  finite=213100
  [213200/500000]  elapsed=29220s  rate=7.3/s  eta=39307s  finite=213200
  [213300/500000]  elapsed=29234s  rate=7.3/s  eta=39294s  finite=213300
  [213400/500000]  elapsed=29248s  rate=7.3/s  eta=39280s  finite=213400
  [213500/500000]  elapsed=29262s  rate=7.3/s  eta=39267s  finite=213500
  [213600/500000]  elapsed=29275s  rate=7.3/s  eta=39252s  finite=213600
  [213700/500000]  elapsed=29287s  rate=7.3/s  eta=39237s  finite=213700
  [213800/500000]  elapsed=29301s  rate=7.3/s  eta=39224s  finite=213800
  [213900/500000]  elapsed=29315s  rate=7.3/s  eta=39210s  finite=213900
  [214000/500000]  elapsed=29328s  rate=7.3/s  eta=39196s  finite=214000
  -> checkpoint saved: /scratch/e1498138/lhs/nonoise/ckpt_5e5/ckpt_214000.pkl
  [214100/500000]  elapsed=29342s  rate=7.3/s  eta=39182s  finite=214100
  [214200/500000]  elapsed=29355s  rate=7.3/s  eta=39168s  finite=214200
  [214300/500000]  elapsed=29369s  rate=7.3/s  eta=39155s  finite=214300
  [214400/500000]  elapsed=29383s  rate=7.3/s  eta=39141s  finite=214400
  [214500/500000]  elapsed=29396s  rate=7.3/s  eta=39126s  finite=214500
  [214600/500000]  elapsed=29408s  rate=7.3/s  eta=39111s  finite=214600
  [214700/500000]  elapsed=29421s  rate=7.3/s  eta=39096s  finite=214700
  [214800/500000]  elapsed=29434s  rate=7.3/s  eta=39081s  finite=214800
  [214900/500000]  elapsed=29448s  rate=7.3/s  eta=39067s  finite=214900
  [215000/500000]  elapsed=29461s  rate=7.3/s  eta=39052s  finite=215000
  -> checkpoint saved: /scratch/e1498138/lhs/nonoise/ckpt_5e5/ckpt_215000.pkl
  [215100/500000]  elapsed=29474s  rate=7.3/s  eta=39039s  finite=215100
  [215200/500000]  elapsed=29489s  rate=7.3/s  eta=39027s  finite=215200
  [215300/500000]  elapsed=29503s  rate=7.3/s  eta=39013s  finite=215300
  [215400/500000]  elapsed=29517s  rate=7.3/s  eta=39000s  finite=215400
  [215500/500000]  elapsed=29530s  rate=7.3/s  eta=38984s  finite=215500
  [215600/500000]  elapsed=29542s  rate=7.3/s  eta=38969s  finite=215600
  [215700/500000]  elapsed=29556s  rate=7.3/s  eta=38956s  finite=215700
  [215800/500000]  elapsed=29569s  rate=7.3/s  eta=38941s  finite=215800
  [215900/500000]  elapsed=29584s  rate=7.3/s  eta=38929s  finite=215900
  [216000/500000]  elapsed=29599s  rate=7.3/s  eta=38917s  finite=216000
  -> checkpoint saved: /scratch/e1498138/lhs/nonoise/ckpt_5e5/ckpt_216000.pkl
  [216100/500000]  elapsed=29613s  rate=7.3/s  eta=38903s  finite=216100
  [216200/500000]  elapsed=29626s  rate=7.3/s  eta=38890s  finite=216200
  [216300/500000]  elapsed=29642s  rate=7.3/s  eta=38878s  finite=216300
  [216400/500000]  elapsed=29655s  rate=7.3/s  eta=38865s  finite=216400
  [216500/500000]  elapsed=29670s  rate=7.3/s  eta=38851s  finite=216500
  [216600/500000]  elapsed=29685s  rate=7.3/s  eta=38839s  finite=216600
  [216700/500000]  elapsed=29697s  rate=7.3/s  eta=38824s  finite=216700
  [216800/500000]  elapsed=29710s  rate=7.3/s  eta=38809s  finite=216800
  [216900/500000]  elapsed=29723s  rate=7.3/s  eta=38795s  finite=216900
  [217000/500000]  elapsed=29736s  rate=7.3/s  eta=38780s  finite=217000
  -> checkpoint saved: /scratch/e1498138/lhs/nonoise/ckpt_5e5/ckpt_217000.pkl
  [217100/500000]  elapsed=29748s  rate=7.3/s  eta=38764s  finite=217100
  [217200/500000]  elapsed=29763s  rate=7.3/s  eta=38752s  finite=217200
  [217300/500000]  elapsed=29777s  rate=7.3/s  eta=38739s  finite=217300
  [217400/500000]  elapsed=29790s  rate=7.3/s  eta=38724s  finite=217400
  [217500/500000]  elapsed=29804s  rate=7.3/s  eta=38710s  finite=217500
  [217600/500000]  elapsed=29818s  rate=7.3/s  eta=38697s  finite=217600
  [217700/500000]  elapsed=29832s  rate=7.3/s  eta=38684s  finite=217700
  [217800/500000]  elapsed=29848s  rate=7.3/s  eta=38674s  finite=217800
  [217900/500000]  elapsed=29862s  rate=7.3/s  eta=38660s  finite=217900
  [218000/500000]  elapsed=29874s  rate=7.3/s  eta=38644s  finite=218000
  -> checkpoint saved: /scratch/e1498138/lhs/nonoise/ckpt_5e5/ckpt_218000.pkl
  [218100/500000]  elapsed=29888s  rate=7.3/s  eta=38631s  finite=218100
  [218200/500000]  elapsed=29902s  rate=7.3/s  eta=38617s  finite=218200
  [218300/500000]  elapsed=29914s  rate=7.3/s  eta=38602s  finite=218300
  [218400/500000]  elapsed=29928s  rate=7.3/s  eta=38589s  finite=218400
  [218500/500000]  elapsed=29944s  rate=7.3/s  eta=38578s  finite=218500
  [218600/500000]  elapsed=29958s  rate=7.3/s  eta=38564s  finite=218600
  [218700/500000]  elapsed=29971s  rate=7.3/s  eta=38550s  finite=218700
  [218800/500000]  elapsed=29985s  rate=7.3/s  eta=38536s  finite=218800
  [218900/500000]  elapsed=30000s  rate=7.3/s  eta=38525s  finite=218900
  [219000/500000]  elapsed=30013s  rate=7.3/s  eta=38510s  finite=219000
  -> checkpoint saved: /scratch/e1498138/lhs/nonoise/ckpt_5e5/ckpt_219000.pkl
  [219100/500000]  elapsed=30026s  rate=7.3/s  eta=38495s  finite=219100
  [219200/500000]  elapsed=30040s  rate=7.3/s  eta=38483s  finite=219200
  [219300/500000]  elapsed=30054s  rate=7.3/s  eta=38469s  finite=219300
  [219400/500000]  elapsed=30069s  rate=7.3/s  eta=38456s  finite=219400
  [219500/500000]  elapsed=30082s  rate=7.3/s  eta=38442s  finite=219500
  [219600/500000]  elapsed=30097s  rate=7.3/s  eta=38430s  finite=219600
  [219700/500000]  elapsed=30113s  rate=7.3/s  eta=38419s  finite=219700
  [219800/500000]  elapsed=30126s  rate=7.3/s  eta=38405s  finite=219800
  [219900/500000]  elapsed=30140s  rate=7.3/s  eta=38391s  finite=219900
  [220000/500000]  elapsed=30153s  rate=7.3/s  eta=38377s  finite=220000
  -> checkpoint saved: /scratch/e1498138/lhs/nonoise/ckpt_5e5/ckpt_220000.pkl
  [220100/500000]  elapsed=30168s  rate=7.3/s  eta=38364s  finite=220100
  [220200/500000]  elapsed=30181s  rate=7.3/s  eta=38350s  finite=220200
  [220300/500000]  elapsed=30194s  rate=7.3/s  eta=38335s  finite=220300
  [220400/500000]  elapsed=30209s  rate=7.3/s  eta=38323s  finite=220400
  [220500/500000]  elapsed=30221s  rate=7.3/s  eta=38308s  finite=220500
  [220600/500000]  elapsed=30234s  rate=7.3/s  eta=38293s  finite=220600
  [220700/500000]  elapsed=30249s  rate=7.3/s  eta=38281s  finite=220700
  [220800/500000]  elapsed=30262s  rate=7.3/s  eta=38266s  finite=220800
  [220900/500000]  elapsed=30275s  rate=7.3/s  eta=38252s  finite=220900
  [221000/500000]  elapsed=30290s  rate=7.3/s  eta=38239s  finite=221000
  -> checkpoint saved: /scratch/e1498138/lhs/nonoise/ckpt_5e5/ckpt_221000.pkl
  [221100/500000]  elapsed=30304s  rate=7.3/s  eta=38226s  finite=221100
  [221200/500000]  elapsed=30317s  rate=7.3/s  eta=38212s  finite=221200
  [221300/500000]  elapsed=30331s  rate=7.3/s  eta=38199s  finite=221300
  [221400/500000]  elapsed=30344s  rate=7.3/s  eta=38184s  finite=221400
  [221500/500000]  elapsed=30359s  rate=7.3/s  eta=38171s  finite=221500
  [221600/500000]  elapsed=30372s  rate=7.3/s  eta=38157s  finite=221600
  [221700/500000]  elapsed=30386s  rate=7.3/s  eta=38144s  finite=221700
  [221800/500000]  elapsed=30399s  rate=7.3/s  eta=38129s  finite=221800
  [221900/500000]  elapsed=30413s  rate=7.3/s  eta=38116s  finite=221900
  [222000/500000]  elapsed=30427s  rate=7.3/s  eta=38102s  finite=222000
  -> checkpoint saved: /scratch/e1498138/lhs/nonoise/ckpt_5e5/ckpt_222000.pkl
  [222100/500000]  elapsed=30442s  rate=7.3/s  eta=38090s  finite=222100
  [222200/500000]  elapsed=30456s  rate=7.3/s  eta=38077s  finite=222200
  [222300/500000]  elapsed=30469s  rate=7.3/s  eta=38062s  finite=222300
  [222400/500000]  elapsed=30482s  rate=7.3/s  eta=38048s  finite=222400
  [222500/500000]  elapsed=30496s  rate=7.3/s  eta=38035s  finite=222500
  [222600/500000]  elapsed=30510s  rate=7.3/s  eta=38021s  finite=222600
  [222700/500000]  elapsed=30525s  rate=7.3/s  eta=38008s  finite=222700
  [222800/500000]  elapsed=30537s  rate=7.3/s  eta=37993s  finite=222800
  [222900/500000]  elapsed=30551s  rate=7.3/s  eta=37980s  finite=222900
  [223000/500000]  elapsed=30564s  rate=7.3/s  eta=37965s  finite=223000
  -> checkpoint saved: /scratch/e1498138/lhs/nonoise/ckpt_5e5/ckpt_223000.pkl
  [223100/500000]  elapsed=30578s  rate=7.3/s  eta=37952s  finite=223100
  [223200/500000]  elapsed=30592s  rate=7.3/s  eta=37938s  finite=223200
  [223300/500000]  elapsed=30606s  rate=7.3/s  eta=37925s  finite=223300
  [223400/500000]  elapsed=30620s  rate=7.3/s  eta=37912s  finite=223400
  [223500/500000]  elapsed=30634s  rate=7.3/s  eta=37899s  finite=223500
  [223600/500000]  elapsed=30646s  rate=7.3/s  eta=37883s  finite=223600
  [223700/500000]  elapsed=30660s  rate=7.3/s  eta=37869s  finite=223700
  [223800/500000]  elapsed=30673s  rate=7.3/s  eta=37855s  finite=223800
  [223900/500000]  elapsed=30686s  rate=7.3/s  eta=37840s  finite=223900
  [224000/500000]  elapsed=30700s  rate=7.3/s  eta=37827s  finite=224000
  -> checkpoint saved: /scratch/e1498138/lhs/nonoise/ckpt_5e5/ckpt_224000.pkl
  [224100/500000]  elapsed=30712s  rate=7.3/s  eta=37811s  finite=224100
  [224200/500000]  elapsed=30726s  rate=7.3/s  eta=37798s  finite=224200
  [224300/500000]  elapsed=30739s  rate=7.3/s  eta=37783s  finite=224300
  [224400/500000]  elapsed=30752s  rate=7.3/s  eta=37769s  finite=224400
  [224500/500000]  elapsed=30766s  rate=7.3/s  eta=37755s  finite=224500
  [224600/500000]  elapsed=30781s  rate=7.3/s  eta=37742s  finite=224600
  [224700/500000]  elapsed=30794s  rate=7.3/s  eta=37728s  finite=224700
  [224800/500000]  elapsed=30807s  rate=7.3/s  eta=37714s  finite=224800
  [224900/500000]  elapsed=30820s  rate=7.3/s  eta=37700s  finite=224900
  [225000/500000]  elapsed=30833s  rate=7.3/s  eta=37685s  finite=225000
  -> checkpoint saved: /scratch/e1498138/lhs/nonoise/ckpt_5e5/ckpt_225000.pkl
  [225100/500000]  elapsed=30846s  rate=7.3/s  eta=37670s  finite=225100
  [225200/500000]  elapsed=30859s  rate=7.3/s  eta=37656s  finite=225200
  [225300/500000]  elapsed=30873s  rate=7.3/s  eta=37642s  finite=225300
  [225400/500000]  elapsed=30886s  rate=7.3/s  eta=37627s  finite=225400
  [225500/500000]  elapsed=30901s  rate=7.3/s  eta=37616s  finite=225500
  [225600/500000]  elapsed=30915s  rate=7.3/s  eta=37602s  finite=225600
  [225700/500000]  elapsed=30930s  rate=7.3/s  eta=37590s  finite=225700
  [225800/500000]  elapsed=30943s  rate=7.3/s  eta=37576s  finite=225800
  [225900/500000]  elapsed=30956s  rate=7.3/s  eta=37561s  finite=225900
  [226000/500000]  elapsed=30971s  rate=7.3/s  eta=37548s  finite=226000
  -> checkpoint saved: /scratch/e1498138/lhs/nonoise/ckpt_5e5/ckpt_226000.pkl
  [226100/500000]  elapsed=30984s  rate=7.3/s  eta=37535s  finite=226100
  [226200/500000]  elapsed=30998s  rate=7.3/s  eta=37521s  finite=226200
  [226300/500000]  elapsed=31011s  rate=7.3/s  eta=37507s  finite=226300
  [226400/500000]  elapsed=31024s  rate=7.3/s  eta=37492s  finite=226400
  [226500/500000]  elapsed=31038s  rate=7.3/s  eta=37478s  finite=226500
  [226600/500000]  elapsed=31052s  rate=7.3/s  eta=37465s  finite=226600
  [226700/500000]  elapsed=31066s  rate=7.3/s  eta=37452s  finite=226700
  [226800/500000]  elapsed=31080s  rate=7.3/s  eta=37438s  finite=226800
  [226900/500000]  elapsed=31095s  rate=7.3/s  eta=37426s  finite=226900
  [227000/500000]  elapsed=31108s  rate=7.3/s  eta=37411s  finite=227000
  -> checkpoint saved: /scratch/e1498138/lhs/nonoise/ckpt_5e5/ckpt_227000.pkl
  [227100/500000]  elapsed=31121s  rate=7.3/s  eta=37397s  finite=227100
  [227200/500000]  elapsed=31136s  rate=7.3/s  eta=37385s  finite=227200
  [227300/500000]  elapsed=31149s  rate=7.3/s  eta=37371s  finite=227300
  [227400/500000]  elapsed=31162s  rate=7.3/s  eta=37356s  finite=227400
  [227500/500000]  elapsed=31177s  rate=7.3/s  eta=37344s  finite=227500
  [227600/500000]  elapsed=31190s  rate=7.3/s  eta=37329s  finite=227600
  [227700/500000]  elapsed=31203s  rate=7.3/s  eta=37315s  finite=227700
  [227800/500000]  elapsed=31218s  rate=7.3/s  eta=37302s  finite=227800
  [227900/500000]  elapsed=31232s  rate=7.3/s  eta=37289s  finite=227900
  [228000/500000]  elapsed=31246s  rate=7.3/s  eta=37276s  finite=228000
  -> checkpoint saved: /scratch/e1498138/lhs/nonoise/ckpt_5e5/ckpt_228000.pkl
  [228100/500000]  elapsed=31260s  rate=7.3/s  eta=37263s  finite=228100
  [228200/500000]  elapsed=31273s  rate=7.3/s  eta=37248s  finite=228200
  [228300/500000]  elapsed=31287s  rate=7.3/s  eta=37235s  finite=228300
  [228400/500000]  elapsed=31300s  rate=7.3/s  eta=37220s  finite=228400
  [228500/500000]  elapsed=31314s  rate=7.3/s  eta=37206s  finite=228500
  [228600/500000]  elapsed=31327s  rate=7.3/s  eta=37192s  finite=228600
  [228700/500000]  elapsed=31341s  rate=7.3/s  eta=37179s  finite=228700
  [228800/500000]  elapsed=31354s  rate=7.3/s  eta=37165s  finite=228800
  [228900/500000]  elapsed=31368s  rate=7.3/s  eta=37151s  finite=228900
  [229000/500000]  elapsed=31381s  rate=7.3/s  eta=37136s  finite=229000
  -> checkpoint saved: /scratch/e1498138/lhs/nonoise/ckpt_5e5/ckpt_229000.pkl
  [229100/500000]  elapsed=31395s  rate=7.3/s  eta=37123s  finite=229100
  [229200/500000]  elapsed=31408s  rate=7.3/s  eta=37109s  finite=229200
  [229300/500000]  elapsed=31422s  rate=7.3/s  eta=37095s  finite=229300
  [229400/500000]  elapsed=31435s  rate=7.3/s  eta=37081s  finite=229400
  [229500/500000]  elapsed=31449s  rate=7.3/s  eta=37067s  finite=229500
  [229600/500000]  elapsed=31463s  rate=7.3/s  eta=37054s  finite=229600
  [229700/500000]  elapsed=31478s  rate=7.3/s  eta=37042s  finite=229700
  [229800/500000]  elapsed=31491s  rate=7.3/s  eta=37027s  finite=229800
  [229900/500000]  elapsed=31504s  rate=7.3/s  eta=37013s  finite=229900
  [230000/500000]  elapsed=31517s  rate=7.3/s  eta=36998s  finite=230000
  -> checkpoint saved: /scratch/e1498138/lhs/nonoise/ckpt_5e5/ckpt_230000.pkl
  [230100/500000]  elapsed=31531s  rate=7.3/s  eta=36985s  finite=230100
  [230200/500000]  elapsed=31543s  rate=7.3/s  eta=36970s  finite=230200
  [230300/500000]  elapsed=31556s  rate=7.3/s  eta=36955s  finite=230300
  [230400/500000]  elapsed=31570s  rate=7.3/s  eta=36941s  finite=230400
  [230500/500000]  elapsed=31582s  rate=7.3/s  eta=36926s  finite=230500
  [230600/500000]  elapsed=31595s  rate=7.3/s  eta=36911s  finite=230600
  [230700/500000]  elapsed=31610s  rate=7.3/s  eta=36898s  finite=230700
  [230800/500000]  elapsed=31624s  rate=7.3/s  eta=36885s  finite=230800
  [230900/500000]  elapsed=31638s  rate=7.3/s  eta=36872s  finite=230900
  [231000/500000]  elapsed=31651s  rate=7.3/s  eta=36857s  finite=231000
  -> checkpoint saved: /scratch/e1498138/lhs/nonoise/ckpt_5e5/ckpt_231000.pkl
  [231100/500000]  elapsed=31664s  rate=7.3/s  eta=36843s  finite=231100
  [231200/500000]  elapsed=31678s  rate=7.3/s  eta=36830s  finite=231200
  [231300/500000]  elapsed=31692s  rate=7.3/s  eta=36816s  finite=231300
  [231400/500000]  elapsed=31705s  rate=7.3/s  eta=36802s  finite=231400
  [231500/500000]  elapsed=31718s  rate=7.3/s  eta=36788s  finite=231500
  [231600/500000]  elapsed=31731s  rate=7.3/s  eta=36773s  finite=231600
  [231700/500000]  elapsed=31745s  rate=7.3/s  eta=36760s  finite=231700
  [231800/500000]  elapsed=31761s  rate=7.3/s  eta=36748s  finite=231800
  [231900/500000]  elapsed=31775s  rate=7.3/s  eta=36735s  finite=231900
  [232000/500000]  elapsed=31788s  rate=7.3/s  eta=36721s  finite=232000
  -> checkpoint saved: /scratch/e1498138/lhs/nonoise/ckpt_5e5/ckpt_232000.pkl
  [232100/500000]  elapsed=31802s  rate=7.3/s  eta=36707s  finite=232100
  [232200/500000]  elapsed=31814s  rate=7.3/s  eta=36692s  finite=232200
  [232300/500000]  elapsed=31827s  rate=7.3/s  eta=36677s  finite=232300
  [232400/500000]  elapsed=31841s  rate=7.3/s  eta=36664s  finite=232400
  [232500/500000]  elapsed=31854s  rate=7.3/s  eta=36650s  finite=232500
  [232600/500000]  elapsed=31868s  rate=7.3/s  eta=36636s  finite=232600
  [232700/500000]  elapsed=31881s  rate=7.3/s  eta=36621s  finite=232700
  [232800/500000]  elapsed=31895s  rate=7.3/s  eta=36609s  finite=232800
  [232900/500000]  elapsed=31908s  rate=7.3/s  eta=36594s  finite=232900
  [233000/500000]  elapsed=31922s  rate=7.3/s  eta=36580s  finite=233000
  -> checkpoint saved: /scratch/e1498138/lhs/nonoise/ckpt_5e5/ckpt_233000.pkl
  [233100/500000]  elapsed=31935s  rate=7.3/s  eta=36565s  finite=233100
  [233200/500000]  elapsed=31949s  rate=7.3/s  eta=36552s  finite=233200
  [233300/500000]  elapsed=31963s  rate=7.3/s  eta=36539s  finite=233300
  [233400/500000]  elapsed=31977s  rate=7.3/s  eta=36525s  finite=233400
  [233500/500000]  elapsed=31991s  rate=7.3/s  eta=36512s  finite=233500
  [233600/500000]  elapsed=32006s  rate=7.3/s  eta=36500s  finite=233600
  [233700/500000]  elapsed=32019s  rate=7.3/s  eta=36486s  finite=233700
  [233800/500000]  elapsed=32032s  rate=7.3/s  eta=36471s  finite=233800
  [233900/500000]  elapsed=32045s  rate=7.3/s  eta=36457s  finite=233900
  [234000/500000]  elapsed=32058s  rate=7.3/s  eta=36442s  finite=234000
  -> checkpoint saved: /scratch/e1498138/lhs/nonoise/ckpt_5e5/ckpt_234000.pkl
  [234100/500000]  elapsed=32072s  rate=7.3/s  eta=36428s  finite=234100
  [234200/500000]  elapsed=32085s  rate=7.3/s  eta=36414s  finite=234200
  [234300/500000]  elapsed=32098s  rate=7.3/s  eta=36400s  finite=234300
  [234400/500000]  elapsed=32111s  rate=7.3/s  eta=36385s  finite=234400
  [234500/500000]  elapsed=32124s  rate=7.3/s  eta=36371s  finite=234500
  [234600/500000]  elapsed=32138s  rate=7.3/s  eta=36357s  finite=234600
  [234700/500000]  elapsed=32152s  rate=7.3/s  eta=36344s  finite=234700
  [234800/500000]  elapsed=32165s  rate=7.3/s  eta=36330s  finite=234800
  [234900/500000]  elapsed=32178s  rate=7.3/s  eta=36315s  finite=234900
  [235000/500000]  elapsed=32193s  rate=7.3/s  eta=36302s  finite=235000
  -> checkpoint saved: /scratch/e1498138/lhs/nonoise/ckpt_5e5/ckpt_235000.pkl
  [235100/500000]  elapsed=32205s  rate=7.3/s  eta=36287s  finite=235100
  [235200/500000]  elapsed=32219s  rate=7.3/s  eta=36274s  finite=235200
  [235300/500000]  elapsed=32234s  rate=7.3/s  eta=36262s  finite=235300
  [235400/500000]  elapsed=32247s  rate=7.3/s  eta=36247s  finite=235400
  [235500/500000]  elapsed=32260s  rate=7.3/s  eta=36232s  finite=235500
  [235600/500000]  elapsed=32274s  rate=7.3/s  eta=36220s  finite=235600
  [235700/500000]  elapsed=32287s  rate=7.3/s  eta=36205s  finite=235700
  [235800/500000]  elapsed=32303s  rate=7.3/s  eta=36193s  finite=235800
  [235900/500000]  elapsed=32315s  rate=7.3/s  eta=36178s  finite=235900
  [236000/500000]  elapsed=32328s  rate=7.3/s  eta=36163s  finite=236000
  -> checkpoint saved: /scratch/e1498138/lhs/nonoise/ckpt_5e5/ckpt_236000.pkl
  [236100/500000]  elapsed=32341s  rate=7.3/s  eta=36149s  finite=236100
  [236200/500000]  elapsed=32356s  rate=7.3/s  eta=36137s  finite=236200
  [236300/500000]  elapsed=32369s  rate=7.3/s  eta=36123s  finite=236300
  [236400/500000]  elapsed=32382s  rate=7.3/s  eta=36108s  finite=236400
  [236500/500000]  elapsed=32395s  rate=7.3/s  eta=36094s  finite=236500
  [236600/500000]  elapsed=32411s  rate=7.3/s  eta=36082s  finite=236600
  [236700/500000]  elapsed=32425s  rate=7.3/s  eta=36069s  finite=236700
  [236800/500000]  elapsed=32440s  rate=7.3/s  eta=36056s  finite=236800
  [236900/500000]  elapsed=32453s  rate=7.3/s  eta=36043s  finite=236900
  [237000/500000]  elapsed=32469s  rate=7.3/s  eta=36031s  finite=237000
  -> checkpoint saved: /scratch/e1498138/lhs/nonoise/ckpt_5e5/ckpt_237000.pkl
  [237100/500000]  elapsed=32484s  rate=7.3/s  eta=36019s  finite=237100
  [237200/500000]  elapsed=32497s  rate=7.3/s  eta=36005s  finite=237200
  [237300/500000]  elapsed=32512s  rate=7.3/s  eta=35992s  finite=237300
  [237400/500000]  elapsed=32524s  rate=7.3/s  eta=35977s  finite=237400
  [237500/500000]  elapsed=32537s  rate=7.3/s  eta=35962s  finite=237500
  [237600/500000]  elapsed=32551s  rate=7.3/s  eta=35949s  finite=237600
  [237700/500000]  elapsed=32565s  rate=7.3/s  eta=35935s  finite=237700
  [237800/500000]  elapsed=32578s  rate=7.3/s  eta=35920s  finite=237800
  [237900/500000]  elapsed=32591s  rate=7.3/s  eta=35906s  finite=237900
  [238000/500000]  elapsed=32604s  rate=7.3/s  eta=35892s  finite=238000
  -> checkpoint saved: /scratch/e1498138/lhs/nonoise/ckpt_5e5/ckpt_238000.pkl
  [238100/500000]  elapsed=32618s  rate=7.3/s  eta=35878s  finite=238100
  [238200/500000]  elapsed=32632s  rate=7.3/s  eta=35865s  finite=238200
  [238300/500000]  elapsed=32646s  rate=7.3/s  eta=35852s  finite=238300
  [238400/500000]  elapsed=32660s  rate=7.3/s  eta=35839s  finite=238400
  [238500/500000]  elapsed=32674s  rate=7.3/s  eta=35825s  finite=238500
  [238600/500000]  elapsed=32688s  rate=7.3/s  eta=35811s  finite=238600
  [238700/500000]  elapsed=32700s  rate=7.3/s  eta=35796s  finite=238700
  [238800/500000]  elapsed=32714s  rate=7.3/s  eta=35782s  finite=238800
  [238900/500000]  elapsed=32727s  rate=7.3/s  eta=35768s  finite=238900
  [239000/500000]  elapsed=32743s  rate=7.3/s  eta=35757s  finite=239000
  -> checkpoint saved: /scratch/e1498138/lhs/nonoise/ckpt_5e5/ckpt_239000.pkl
  [239100/500000]  elapsed=32756s  rate=7.3/s  eta=35743s  finite=239100
  [239200/500000]  elapsed=32770s  rate=7.3/s  eta=35729s  finite=239200
  [239300/500000]  elapsed=32783s  rate=7.3/s  eta=35715s  finite=239300
  [239400/500000]  elapsed=32797s  rate=7.3/s  eta=35702s  finite=239400
  [239500/500000]  elapsed=32810s  rate=7.3/s  eta=35687s  finite=239500
  [239600/500000]  elapsed=32823s  rate=7.3/s  eta=35672s  finite=239600
  [239700/500000]  elapsed=32837s  rate=7.3/s  eta=35659s  finite=239700
  [239800/500000]  elapsed=32849s  rate=7.3/s  eta=35644s  finite=239800
  [239900/500000]  elapsed=32863s  rate=7.3/s  eta=35630s  finite=239900
  [240000/500000]  elapsed=32876s  rate=7.3/s  eta=35616s  finite=240000
  -> checkpoint saved: /scratch/e1498138/lhs/nonoise/ckpt_5e5/ckpt_240000.pkl
  [240100/500000]  elapsed=32890s  rate=7.3/s  eta=35603s  finite=240100
  [240200/500000]  elapsed=32903s  rate=7.3/s  eta=35588s  finite=240200
  [240300/500000]  elapsed=32916s  rate=7.3/s  eta=35573s  finite=240300
  [240400/500000]  elapsed=32930s  rate=7.3/s  eta=35560s  finite=240400
  [240500/500000]  elapsed=32944s  rate=7.3/s  eta=35547s  finite=240500
  [240600/500000]  elapsed=32959s  rate=7.3/s  eta=35534s  finite=240600
  [240700/500000]  elapsed=32973s  rate=7.3/s  eta=35521s  finite=240700
  [240800/500000]  elapsed=32988s  rate=7.3/s  eta=35509s  finite=240800
  [240900/500000]  elapsed=33002s  rate=7.3/s  eta=35495s  finite=240900
  [241000/500000]  elapsed=33015s  rate=7.3/s  eta=35481s  finite=241000
  -> checkpoint saved: /scratch/e1498138/lhs/nonoise/ckpt_5e5/ckpt_241000.pkl
  [241100/500000]  elapsed=33030s  rate=7.3/s  eta=35469s  finite=241100
  [241200/500000]  elapsed=33044s  rate=7.3/s  eta=35456s  finite=241200
  [241300/500000]  elapsed=33057s  rate=7.3/s  eta=35441s  finite=241300
  [241400/500000]  elapsed=33071s  rate=7.3/s  eta=35428s  finite=241400
  [241500/500000]  elapsed=33084s  rate=7.3/s  eta=35413s  finite=241500
  [241600/500000]  elapsed=33098s  rate=7.3/s  eta=35400s  finite=241600
  [241700/500000]  elapsed=33112s  rate=7.3/s  eta=35386s  finite=241700
  [241800/500000]  elapsed=33124s  rate=7.3/s  eta=35371s  finite=241800
  [241900/500000]  elapsed=33138s  rate=7.3/s  eta=35357s  finite=241900
  [242000/500000]  elapsed=33152s  rate=7.3/s  eta=35344s  finite=242000
  -> checkpoint saved: /scratch/e1498138/lhs/nonoise/ckpt_5e5/ckpt_242000.pkl
  [242100/500000]  elapsed=33165s  rate=7.3/s  eta=35329s  finite=242100
  [242200/500000]  elapsed=33180s  rate=7.3/s  eta=35317s  finite=242200
  [242300/500000]  elapsed=33194s  rate=7.3/s  eta=35304s  finite=242300
  [242400/500000]  elapsed=33208s  rate=7.3/s  eta=35291s  finite=242400
  [242500/500000]  elapsed=33222s  rate=7.3/s  eta=35277s  finite=242500
  [242600/500000]  elapsed=33236s  rate=7.3/s  eta=35263s  finite=242600
  [242700/500000]  elapsed=33249s  rate=7.3/s  eta=35249s  finite=242700
  [242800/500000]  elapsed=33262s  rate=7.3/s  eta=35235s  finite=242800
  [242900/500000]  elapsed=33276s  rate=7.3/s  eta=35221s  finite=242900
  [243000/500000]  elapsed=33288s  rate=7.3/s  eta=35206s  finite=243000
  -> checkpoint saved: /scratch/e1498138/lhs/nonoise/ckpt_5e5/ckpt_243000.pkl
  [243100/500000]  elapsed=33301s  rate=7.3/s  eta=35191s  finite=243100
  [243200/500000]  elapsed=33316s  rate=7.3/s  eta=35179s  finite=243200
  [243300/500000]  elapsed=33330s  rate=7.3/s  eta=35166s  finite=243300
  [243400/500000]  elapsed=33343s  rate=7.3/s  eta=35151s  finite=243400
  [243500/500000]  elapsed=33357s  rate=7.3/s  eta=35137s  finite=243500
  [243600/500000]  elapsed=33370s  rate=7.3/s  eta=35123s  finite=243600
  [243700/500000]  elapsed=33384s  rate=7.3/s  eta=35110s  finite=243700
  [243800/500000]  elapsed=33397s  rate=7.3/s  eta=35095s  finite=243800
  [243900/500000]  elapsed=33411s  rate=7.3/s  eta=35082s  finite=243900
  [244000/500000]  elapsed=33424s  rate=7.3/s  eta=35068s  finite=244000
  -> checkpoint saved: /scratch/e1498138/lhs/nonoise/ckpt_5e5/ckpt_244000.pkl
  [244100/500000]  elapsed=33437s  rate=7.3/s  eta=35053s  finite=244100
  [244200/500000]  elapsed=33452s  rate=7.3/s  eta=35041s  finite=244200
  [244300/500000]  elapsed=33466s  rate=7.3/s  eta=35028s  finite=244300
  [244400/500000]  elapsed=33479s  rate=7.3/s  eta=35014s  finite=244400
  [244500/500000]  elapsed=33492s  rate=7.3/s  eta=34999s  finite=244500
  [244600/500000]  elapsed=33506s  rate=7.3/s  eta=34986s  finite=244600
  [244700/500000]  elapsed=33521s  rate=7.3/s  eta=34973s  finite=244700
  [244800/500000]  elapsed=33534s  rate=7.3/s  eta=34958s  finite=244800
  [244900/500000]  elapsed=33547s  rate=7.3/s  eta=34944s  finite=244900
  [245000/500000]  elapsed=33559s  rate=7.3/s  eta=34929s  finite=245000
  -> checkpoint saved: /scratch/e1498138/lhs/nonoise/ckpt_5e5/ckpt_245000.pkl
  [245100/500000]  elapsed=33572s  rate=7.3/s  eta=34914s  finite=245100
  [245200/500000]  elapsed=33586s  rate=7.3/s  eta=34901s  finite=245200
  [245300/500000]  elapsed=33599s  rate=7.3/s  eta=34887s  finite=245300
  [245400/500000]  elapsed=33613s  rate=7.3/s  eta=34873s  finite=245400
  [245500/500000]  elapsed=33626s  rate=7.3/s  eta=34858s  finite=245500
  [245600/500000]  elapsed=33640s  rate=7.3/s  eta=34845s  finite=245600
  [245700/500000]  elapsed=33655s  rate=7.3/s  eta=34833s  finite=245700
  [245800/500000]  elapsed=33668s  rate=7.3/s  eta=34818s  finite=245800
  [245900/500000]  elapsed=33683s  rate=7.3/s  eta=34806s  finite=245900
  [246000/500000]  elapsed=33697s  rate=7.3/s  eta=34792s  finite=246000
  -> checkpoint saved: /scratch/e1498138/lhs/nonoise/ckpt_5e5/ckpt_246000.pkl
  [246100/500000]  elapsed=33710s  rate=7.3/s  eta=34778s  finite=246100
  [246200/500000]  elapsed=33723s  rate=7.3/s  eta=34764s  finite=246200
  [246300/500000]  elapsed=33736s  rate=7.3/s  eta=34749s  finite=246300
  [246400/500000]  elapsed=33751s  rate=7.3/s  eta=34737s  finite=246400
  [246500/500000]  elapsed=33764s  rate=7.3/s  eta=34723s  finite=246500
  [246600/500000]  elapsed=33779s  rate=7.3/s  eta=34711s  finite=246600
  [246700/500000]  elapsed=33792s  rate=7.3/s  eta=34696s  finite=246700
  [246800/500000]  elapsed=33806s  rate=7.3/s  eta=34683s  finite=246800
  [246900/500000]  elapsed=33820s  rate=7.3/s  eta=34669s  finite=246900
  [247000/500000]  elapsed=33834s  rate=7.3/s  eta=34656s  finite=247000
  -> checkpoint saved: /scratch/e1498138/lhs/nonoise/ckpt_5e5/ckpt_247000.pkl
  [247100/500000]  elapsed=33847s  rate=7.3/s  eta=34641s  finite=247100
  [247200/500000]  elapsed=33860s  rate=7.3/s  eta=34628s  finite=247200
  [247300/500000]  elapsed=33874s  rate=7.3/s  eta=34614s  finite=247300
  [247400/500000]  elapsed=33887s  rate=7.3/s  eta=34599s  finite=247400
  [247500/500000]  elapsed=33901s  rate=7.3/s  eta=34586s  finite=247500
  [247600/500000]  elapsed=33914s  rate=7.3/s  eta=34572s  finite=247600
  [247700/500000]  elapsed=33929s  rate=7.3/s  eta=34559s  finite=247700
  [247800/500000]  elapsed=33943s  rate=7.3/s  eta=34546s  finite=247800
  [247900/500000]  elapsed=33956s  rate=7.3/s  eta=34532s  finite=247900
  [248000/500000]  elapsed=33971s  rate=7.3/s  eta=34519s  finite=248000
  -> checkpoint saved: /scratch/e1498138/lhs/nonoise/ckpt_5e5/ckpt_248000.pkl
  [248100/500000]  elapsed=33984s  rate=7.3/s  eta=34505s  finite=248100
  [248200/500000]  elapsed=33997s  rate=7.3/s  eta=34490s  finite=248200
  [248300/500000]  elapsed=34011s  rate=7.3/s  eta=34476s  finite=248300
  [248400/500000]  elapsed=34024s  rate=7.3/s  eta=34462s  finite=248400
  [248500/500000]  elapsed=34037s  rate=7.3/s  eta=34448s  finite=248500
  [248600/500000]  elapsed=34050s  rate=7.3/s  eta=34433s  finite=248600
  [248700/500000]  elapsed=34064s  rate=7.3/s  eta=34420s  finite=248700
  [248800/500000]  elapsed=34080s  rate=7.3/s  eta=34408s  finite=248800
  [248900/500000]  elapsed=34093s  rate=7.3/s  eta=34395s  finite=248900
  [249000/500000]  elapsed=34106s  rate=7.3/s  eta=34380s  finite=249000
  -> checkpoint saved: /scratch/e1498138/lhs/nonoise/ckpt_5e5/ckpt_249000.pkl
  [249100/500000]  elapsed=34121s  rate=7.3/s  eta=34367s  finite=249100
  [249200/500000]  elapsed=34135s  rate=7.3/s  eta=34354s  finite=249200
  [249300/500000]  elapsed=34147s  rate=7.3/s  eta=34339s  finite=249300
  [249400/500000]  elapsed=34161s  rate=7.3/s  eta=34326s  finite=249400
  [249500/500000]  elapsed=34174s  rate=7.3/s  eta=34311s  finite=249500
  [249600/500000]  elapsed=34188s  rate=7.3/s  eta=34297s  finite=249600
  [249700/500000]  elapsed=34203s  rate=7.3/s  eta=34285s  finite=249700
  [249800/500000]  elapsed=34216s  rate=7.3/s  eta=34271s  finite=249800
  [249900/500000]  elapsed=34228s  rate=7.3/s  eta=34256s  finite=249900
  [250000/500000]  elapsed=34243s  rate=7.3/s  eta=34243s  finite=250000
  -> checkpoint saved: /scratch/e1498138/lhs/nonoise/ckpt_5e5/ckpt_250000.pkl
  [250100/500000]  elapsed=34257s  rate=7.3/s  eta=34229s  finite=250100
  [250200/500000]  elapsed=34270s  rate=7.3/s  eta=34215s  finite=250200
  [250300/500000]  elapsed=34283s  rate=7.3/s  eta=34201s  finite=250300
  [250400/500000]  elapsed=34297s  rate=7.3/s  eta=34187s  finite=250400
  [250500/500000]  elapsed=34311s  rate=7.3/s  eta=34174s  finite=250500
  [250600/500000]  elapsed=34324s  rate=7.3/s  eta=34160s  finite=250600
  [250700/500000]  elapsed=34340s  rate=7.3/s  eta=34148s  finite=250700
  [250800/500000]  elapsed=34353s  rate=7.3/s  eta=34134s  finite=250800
  [250900/500000]  elapsed=34367s  rate=7.3/s  eta=34120s  finite=250900
  [251000/500000]  elapsed=34381s  rate=7.3/s  eta=34107s  finite=251000
  -> checkpoint saved: /scratch/e1498138/lhs/nonoise/ckpt_5e5/ckpt_251000.pkl
  [251100/500000]  elapsed=34394s  rate=7.3/s  eta=34092s  finite=251100
  [251200/500000]  elapsed=34409s  rate=7.3/s  eta=34080s  finite=251200
  [251300/500000]  elapsed=34422s  rate=7.3/s  eta=34066s  finite=251300
  [251400/500000]  elapsed=34437s  rate=7.3/s  eta=34053s  finite=251400
  [251500/500000]  elapsed=34450s  rate=7.3/s  eta=34039s  finite=251500
  [251600/500000]  elapsed=34464s  rate=7.3/s  eta=34026s  finite=251600
  [251700/500000]  elapsed=34477s  rate=7.3/s  eta=34012s  finite=251700
  [251800/500000]  elapsed=34490s  rate=7.3/s  eta=33997s  finite=251800
  [251900/500000]  elapsed=34506s  rate=7.3/s  eta=33985s  finite=251900
  [252000/500000]  elapsed=34519s  rate=7.3/s  eta=33971s  finite=252000
  -> checkpoint saved: /scratch/e1498138/lhs/nonoise/ckpt_5e5/ckpt_252000.pkl
  [252100/500000]  elapsed=34534s  rate=7.3/s  eta=33959s  finite=252100
  [252200/500000]  elapsed=34549s  rate=7.3/s  eta=33946s  finite=252200
  [252300/500000]  elapsed=34563s  rate=7.3/s  eta=33933s  finite=252300
  [252400/500000]  elapsed=34576s  rate=7.3/s  eta=33919s  finite=252400
  [252500/500000]  elapsed=34589s  rate=7.3/s  eta=33904s  finite=252500
  [252600/500000]  elapsed=34604s  rate=7.3/s  eta=33892s  finite=252600
  [252700/500000]  elapsed=34617s  rate=7.3/s  eta=33877s  finite=252700
  [252800/500000]  elapsed=34631s  rate=7.3/s  eta=33864s  finite=252800
  [252900/500000]  elapsed=34644s  rate=7.3/s  eta=33850s  finite=252900
  [253000/500000]  elapsed=34657s  rate=7.3/s  eta=33835s  finite=253000
  -> checkpoint saved: /scratch/e1498138/lhs/nonoise/ckpt_5e5/ckpt_253000.pkl
  [253100/500000]  elapsed=34670s  rate=7.3/s  eta=33821s  finite=253100
  [253200/500000]  elapsed=34684s  rate=7.3/s  eta=33807s  finite=253200
  [253300/500000]  elapsed=34698s  rate=7.3/s  eta=33794s  finite=253300
  [253400/500000]  elapsed=34712s  rate=7.3/s  eta=33780s  finite=253400
  [253500/500000]  elapsed=34725s  rate=7.3/s  eta=33766s  finite=253500
  [253600/500000]  elapsed=34738s  rate=7.3/s  eta=33752s  finite=253600
  [253700/500000]  elapsed=34752s  rate=7.3/s  eta=33738s  finite=253700
  [253800/500000]  elapsed=34765s  rate=7.3/s  eta=33724s  finite=253800
  [253900/500000]  elapsed=34778s  rate=7.3/s  eta=33710s  finite=253900
  [254000/500000]  elapsed=34792s  rate=7.3/s  eta=33696s  finite=254000
  -> checkpoint saved: /scratch/e1498138/lhs/nonoise/ckpt_5e5/ckpt_254000.pkl
  [254100/500000]  elapsed=34805s  rate=7.3/s  eta=33682s  finite=254100
  [254200/500000]  elapsed=34819s  rate=7.3/s  eta=33669s  finite=254200
  [254300/500000]  elapsed=34833s  rate=7.3/s  eta=33655s  finite=254300
  [254400/500000]  elapsed=34847s  rate=7.3/s  eta=33641s  finite=254400
  [254500/500000]  elapsed=34861s  rate=7.3/s  eta=33629s  finite=254500
  [254600/500000]  elapsed=34876s  rate=7.3/s  eta=33616s  finite=254600
  [254700/500000]  elapsed=34891s  rate=7.3/s  eta=33603s  finite=254700
  [254800/500000]  elapsed=34905s  rate=7.3/s  eta=33590s  finite=254800
  [254900/500000]  elapsed=34919s  rate=7.3/s  eta=33576s  finite=254900
  [255000/500000]  elapsed=34933s  rate=7.3/s  eta=33563s  finite=255000
  -> checkpoint saved: /scratch/e1498138/lhs/nonoise/ckpt_5e5/ckpt_255000.pkl
  [255100/500000]  elapsed=34947s  rate=7.3/s  eta=33550s  finite=255100
  [255200/500000]  elapsed=34960s  rate=7.3/s  eta=33536s  finite=255200
  [255300/500000]  elapsed=34974s  rate=7.3/s  eta=33522s  finite=255300
  [255400/500000]  elapsed=34987s  rate=7.3/s  eta=33508s  finite=255400
  [255500/500000]  elapsed=35001s  rate=7.3/s  eta=33494s  finite=255500
  [255600/500000]  elapsed=35015s  rate=7.3/s  eta=33480s  finite=255600
  [255700/500000]  elapsed=35028s  rate=7.3/s  eta=33466s  finite=255700
  [255800/500000]  elapsed=35042s  rate=7.3/s  eta=33453s  finite=255800
  [255900/500000]  elapsed=35056s  rate=7.3/s  eta=33439s  finite=255900
  [256000/500000]  elapsed=35070s  rate=7.3/s  eta=33426s  finite=256000
  -> checkpoint saved: /scratch/e1498138/lhs/nonoise/ckpt_5e5/ckpt_256000.pkl
  [256100/500000]  elapsed=35083s  rate=7.3/s  eta=33412s  finite=256100
  [256200/500000]  elapsed=35096s  rate=7.3/s  eta=33398s  finite=256200
  [256300/500000]  elapsed=35110s  rate=7.3/s  eta=33384s  finite=256300
  [256400/500000]  elapsed=35124s  rate=7.3/s  eta=33371s  finite=256400
  [256500/500000]  elapsed=35139s  rate=7.3/s  eta=33358s  finite=256500
  [256600/500000]  elapsed=35152s  rate=7.3/s  eta=33344s  finite=256600
  [256700/500000]  elapsed=35166s  rate=7.3/s  eta=33331s  finite=256700
  [256800/500000]  elapsed=35180s  rate=7.3/s  eta=33317s  finite=256800
  [256900/500000]  elapsed=35194s  rate=7.3/s  eta=33303s  finite=256900
  [257000/500000]  elapsed=35207s  rate=7.3/s  eta=33289s  finite=257000
  -> checkpoint saved: /scratch/e1498138/lhs/nonoise/ckpt_5e5/ckpt_257000.pkl
  [257100/500000]  elapsed=35220s  rate=7.3/s  eta=33274s  finite=257100
  [257200/500000]  elapsed=35233s  rate=7.3/s  eta=33260s  finite=257200
  [257300/500000]  elapsed=35247s  rate=7.3/s  eta=33247s  finite=257300
  [257400/500000]  elapsed=35260s  rate=7.3/s  eta=33233s  finite=257400
  [257500/500000]  elapsed=35274s  rate=7.3/s  eta=33219s  finite=257500
  [257600/500000]  elapsed=35288s  rate=7.3/s  eta=33206s  finite=257600
  [257700/500000]  elapsed=35301s  rate=7.3/s  eta=33191s  finite=257700
  [257800/500000]  elapsed=35315s  rate=7.3/s  eta=33178s  finite=257800
  [257900/500000]  elapsed=35328s  rate=7.3/s  eta=33164s  finite=257900
  [258000/500000]  elapsed=35342s  rate=7.3/s  eta=33150s  finite=258000
  -> checkpoint saved: /scratch/e1498138/lhs/nonoise/ckpt_5e5/ckpt_258000.pkl
  [258100/500000]  elapsed=35356s  rate=7.3/s  eta=33136s  finite=258100
  [258200/500000]  elapsed=35369s  rate=7.3/s  eta=33122s  finite=258200
  [258300/500000]  elapsed=35382s  rate=7.3/s  eta=33108s  finite=258300
  [258400/500000]  elapsed=35396s  rate=7.3/s  eta=33095s  finite=258400
  [258500/500000]  elapsed=35409s  rate=7.3/s  eta=33080s  finite=258500
  [258600/500000]  elapsed=35423s  rate=7.3/s  eta=33067s  finite=258600
  [258700/500000]  elapsed=35436s  rate=7.3/s  eta=33053s  finite=258700
  [258800/500000]  elapsed=35450s  rate=7.3/s  eta=33039s  finite=258800
  [258900/500000]  elapsed=35464s  rate=7.3/s  eta=33025s  finite=258900
  [259000/500000]  elapsed=35478s  rate=7.3/s  eta=33012s  finite=259000
  -> checkpoint saved: /scratch/e1498138/lhs/nonoise/ckpt_5e5/ckpt_259000.pkl
  [259100/500000]  elapsed=35492s  rate=7.3/s  eta=32999s  finite=259100
  [259200/500000]  elapsed=35505s  rate=7.3/s  eta=32985s  finite=259200
  [259300/500000]  elapsed=35518s  rate=7.3/s  eta=32971s  finite=259300
  [259400/500000]  elapsed=35534s  rate=7.3/s  eta=32958s  finite=259400
  [259500/500000]  elapsed=35548s  rate=7.3/s  eta=32945s  finite=259500
  [259600/500000]  elapsed=35560s  rate=7.3/s  eta=32930s  finite=259600
  [259700/500000]  elapsed=35575s  rate=7.3/s  eta=32917s  finite=259700
  [259800/500000]  elapsed=35588s  rate=7.3/s  eta=32903s  finite=259800
  [259900/500000]  elapsed=35601s  rate=7.3/s  eta=32889s  finite=259900
  [260000/500000]  elapsed=35616s  rate=7.3/s  eta=32876s  finite=260000
  -> checkpoint saved: /scratch/e1498138/lhs/nonoise/ckpt_5e5/ckpt_260000.pkl
  [260100/500000]  elapsed=35630s  rate=7.3/s  eta=32863s  finite=260100
  [260200/500000]  elapsed=35643s  rate=7.3/s  eta=32849s  finite=260200
  [260300/500000]  elapsed=35657s  rate=7.3/s  eta=32835s  finite=260300
  [260400/500000]  elapsed=35670s  rate=7.3/s  eta=32821s  finite=260400
  [260500/500000]  elapsed=35684s  rate=7.3/s  eta=32807s  finite=260500
  [260600/500000]  elapsed=35698s  rate=7.3/s  eta=32794s  finite=260600
  [260700/500000]  elapsed=35713s  rate=7.3/s  eta=32781s  finite=260700
  [260800/500000]  elapsed=35726s  rate=7.3/s  eta=32767s  finite=260800
  [260900/500000]  elapsed=35740s  rate=7.3/s  eta=32754s  finite=260900
  [261000/500000]  elapsed=35753s  rate=7.3/s  eta=32739s  finite=261000
  -> checkpoint saved: /scratch/e1498138/lhs/nonoise/ckpt_5e5/ckpt_261000.pkl
  [261100/500000]  elapsed=35766s  rate=7.3/s  eta=32725s  finite=261100
  [261200/500000]  elapsed=35780s  rate=7.3/s  eta=32712s  finite=261200
  [261300/500000]  elapsed=35795s  rate=7.3/s  eta=32699s  finite=261300
  [261400/500000]  elapsed=35809s  rate=7.3/s  eta=32686s  finite=261400
  [261500/500000]  elapsed=35823s  rate=7.3/s  eta=32672s  finite=261500
  [261600/500000]  elapsed=35837s  rate=7.3/s  eta=32659s  finite=261600
  [261700/500000]  elapsed=35851s  rate=7.3/s  eta=32645s  finite=261700
  [261800/500000]  elapsed=35865s  rate=7.3/s  eta=32632s  finite=261800
  [261900/500000]  elapsed=35878s  rate=7.3/s  eta=32618s  finite=261900
  [262000/500000]  elapsed=35892s  rate=7.3/s  eta=32604s  finite=262000
  -> checkpoint saved: /scratch/e1498138/lhs/nonoise/ckpt_5e5/ckpt_262000.pkl
  [262100/500000]  elapsed=35907s  rate=7.3/s  eta=32592s  finite=262100
  [262200/500000]  elapsed=35922s  rate=7.3/s  eta=32579s  finite=262200
  [262300/500000]  elapsed=35936s  rate=7.3/s  eta=32565s  finite=262300
  [262400/500000]  elapsed=35949s  rate=7.3/s  eta=32552s  finite=262400
  [262500/500000]  elapsed=35963s  rate=7.3/s  eta=32538s  finite=262500
  [262600/500000]  elapsed=35977s  rate=7.3/s  eta=32524s  finite=262600
  [262700/500000]  elapsed=35992s  rate=7.3/s  eta=32512s  finite=262700
  [262800/500000]  elapsed=36006s  rate=7.3/s  eta=32498s  finite=262800
  [262900/500000]  elapsed=36018s  rate=7.3/s  eta=32483s  finite=262900
  [263000/500000]  elapsed=36032s  rate=7.3/s  eta=32470s  finite=263000
  -> checkpoint saved: /scratch/e1498138/lhs/nonoise/ckpt_5e5/ckpt_263000.pkl
  [263100/500000]  elapsed=36047s  rate=7.3/s  eta=32457s  finite=263100
  [263200/500000]  elapsed=36060s  rate=7.3/s  eta=32443s  finite=263200
  [263300/500000]  elapsed=36074s  rate=7.3/s  eta=32430s  finite=263300
  [263400/500000]  elapsed=36088s  rate=7.3/s  eta=32416s  finite=263400
  [263500/500000]  elapsed=36101s  rate=7.3/s  eta=32401s  finite=263500
  [263600/500000]  elapsed=36114s  rate=7.3/s  eta=32387s  finite=263600
  [263700/500000]  elapsed=36128s  rate=7.3/s  eta=32374s  finite=263700
  [263800/500000]  elapsed=36144s  rate=7.3/s  eta=32362s  finite=263800
  [263900/500000]  elapsed=36156s  rate=7.3/s  eta=32347s  finite=263900
  [264000/500000]  elapsed=36169s  rate=7.3/s  eta=32332s  finite=264000
  -> checkpoint saved: /scratch/e1498138/lhs/nonoise/ckpt_5e5/ckpt_264000.pkl
  [264100/500000]  elapsed=36182s  rate=7.3/s  eta=32319s  finite=264100
  [264200/500000]  elapsed=36196s  rate=7.3/s  eta=32305s  finite=264200
  [264300/500000]  elapsed=36210s  rate=7.3/s  eta=32292s  finite=264300
  [264400/500000]  elapsed=36222s  rate=7.3/s  eta=32277s  finite=264400
  [264500/500000]  elapsed=36236s  rate=7.3/s  eta=32263s  finite=264500
  [264600/500000]  elapsed=36249s  rate=7.3/s  eta=32249s  finite=264600
  [264700/500000]  elapsed=36263s  rate=7.3/s  eta=32235s  finite=264700
  [264800/500000]  elapsed=36275s  rate=7.3/s  eta=32221s  finite=264800
  [264900/500000]  elapsed=36289s  rate=7.3/s  eta=32206s  finite=264900
  [265000/500000]  elapsed=36302s  rate=7.3/s  eta=32193s  finite=265000
  -> checkpoint saved: /scratch/e1498138/lhs/nonoise/ckpt_5e5/ckpt_265000.pkl
  [265100/500000]  elapsed=36316s  rate=7.3/s  eta=32179s  finite=265100
  [265200/500000]  elapsed=36329s  rate=7.3/s  eta=32165s  finite=265200
  [265300/500000]  elapsed=36343s  rate=7.3/s  eta=32151s  finite=265300
  [265400/500000]  elapsed=36355s  rate=7.3/s  eta=32136s  finite=265400
  [265500/500000]  elapsed=36368s  rate=7.3/s  eta=32122s  finite=265500
  [265600/500000]  elapsed=36382s  rate=7.3/s  eta=32108s  finite=265600
  [265700/500000]  elapsed=36395s  rate=7.3/s  eta=32094s  finite=265700
  [265800/500000]  elapsed=36409s  rate=7.3/s  eta=32080s  finite=265800
  [265900/500000]  elapsed=36423s  rate=7.3/s  eta=32067s  finite=265900
  [266000/500000]  elapsed=36438s  rate=7.3/s  eta=32054s  finite=266000
  -> checkpoint saved: /scratch/e1498138/lhs/nonoise/ckpt_5e5/ckpt_266000.pkl
  [266100/500000]  elapsed=36450s  rate=7.3/s  eta=32040s  finite=266100
  [266200/500000]  elapsed=36463s  rate=7.3/s  eta=32025s  finite=266200
  [266300/500000]  elapsed=36477s  rate=7.3/s  eta=32011s  finite=266300
  [266400/500000]  elapsed=36490s  rate=7.3/s  eta=31997s  finite=266400
  [266500/500000]  elapsed=36504s  rate=7.3/s  eta=31984s  finite=266500
  [266600/500000]  elapsed=36519s  rate=7.3/s  eta=31972s  finite=266600
  [266700/500000]  elapsed=36533s  rate=7.3/s  eta=31957s  finite=266700
  [266800/500000]  elapsed=36546s  rate=7.3/s  eta=31943s  finite=266800
  [266900/500000]  elapsed=36559s  rate=7.3/s  eta=31929s  finite=266900
  [267000/500000]  elapsed=36572s  rate=7.3/s  eta=31915s  finite=267000
  -> checkpoint saved: /scratch/e1498138/lhs/nonoise/ckpt_5e5/ckpt_267000.pkl
  [267100/500000]  elapsed=36585s  rate=7.3/s  eta=31901s  finite=267100
  [267200/500000]  elapsed=36597s  rate=7.3/s  eta=31885s  finite=267200
  [267300/500000]  elapsed=36611s  rate=7.3/s  eta=31872s  finite=267300
  [267400/500000]  elapsed=36625s  rate=7.3/s  eta=31859s  finite=267400
  [267500/500000]  elapsed=36638s  rate=7.3/s  eta=31844s  finite=267500
  [267600/500000]  elapsed=36653s  rate=7.3/s  eta=31832s  finite=267600
  [267700/500000]  elapsed=36665s  rate=7.3/s  eta=31817s  finite=267700
  [267800/500000]  elapsed=36678s  rate=7.3/s  eta=31802s  finite=267800
  [267900/500000]  elapsed=36691s  rate=7.3/s  eta=31788s  finite=267900
  [268000/500000]  elapsed=36703s  rate=7.3/s  eta=31773s  finite=268000
  -> checkpoint saved: /scratch/e1498138/lhs/nonoise/ckpt_5e5/ckpt_268000.pkl
  [268100/500000]  elapsed=36717s  rate=7.3/s  eta=31759s  finite=268100
  [268200/500000]  elapsed=36729s  rate=7.3/s  eta=31744s  finite=268200
  [268300/500000]  elapsed=36743s  rate=7.3/s  eta=31731s  finite=268300
  [268400/500000]  elapsed=36757s  rate=7.3/s  eta=31717s  finite=268400
  [268500/500000]  elapsed=36771s  rate=7.3/s  eta=31704s  finite=268500
  [268600/500000]  elapsed=36785s  rate=7.3/s  eta=31691s  finite=268600
  [268700/500000]  elapsed=36799s  rate=7.3/s  eta=31677s  finite=268700
  [268800/500000]  elapsed=36813s  rate=7.3/s  eta=31663s  finite=268800
  [268900/500000]  elapsed=36827s  rate=7.3/s  eta=31650s  finite=268900
  [269000/500000]  elapsed=36841s  rate=7.3/s  eta=31637s  finite=269000
  -> checkpoint saved: /scratch/e1498138/lhs/nonoise/ckpt_5e5/ckpt_269000.pkl
  [269100/500000]  elapsed=36855s  rate=7.3/s  eta=31623s  finite=269100
  [269200/500000]  elapsed=36868s  rate=7.3/s  eta=31609s  finite=269200
  [269300/500000]  elapsed=36883s  rate=7.3/s  eta=31596s  finite=269300
  [269400/500000]  elapsed=36896s  rate=7.3/s  eta=31582s  finite=269400
  [269500/500000]  elapsed=36910s  rate=7.3/s  eta=31568s  finite=269500
  [269600/500000]  elapsed=36924s  rate=7.3/s  eta=31555s  finite=269600
  [269700/500000]  elapsed=36937s  rate=7.3/s  eta=31541s  finite=269700
  [269800/500000]  elapsed=36951s  rate=7.3/s  eta=31527s  finite=269800
  [269900/500000]  elapsed=36964s  rate=7.3/s  eta=31513s  finite=269900
  [270000/500000]  elapsed=36978s  rate=7.3/s  eta=31500s  finite=270000
  -> checkpoint saved: /scratch/e1498138/lhs/nonoise/ckpt_5e5/ckpt_270000.pkl
  [270100/500000]  elapsed=36993s  rate=7.3/s  eta=31487s  finite=270100
  [270200/500000]  elapsed=37006s  rate=7.3/s  eta=31473s  finite=270200
  [270300/500000]  elapsed=37019s  rate=7.3/s  eta=31458s  finite=270300
  [270400/500000]  elapsed=37032s  rate=7.3/s  eta=31444s  finite=270400
  [270500/500000]  elapsed=37047s  rate=7.3/s  eta=31432s  finite=270500
  [270600/500000]  elapsed=37060s  rate=7.3/s  eta=31418s  finite=270600
  [270700/500000]  elapsed=37075s  rate=7.3/s  eta=31405s  finite=270700
  [270800/500000]  elapsed=37087s  rate=7.3/s  eta=31390s  finite=270800
  [270900/500000]  elapsed=37101s  rate=7.3/s  eta=31376s  finite=270900
  [271000/500000]  elapsed=37114s  rate=7.3/s  eta=31362s  finite=271000
  -> checkpoint saved: /scratch/e1498138/lhs/nonoise/ckpt_5e5/ckpt_271000.pkl
  [271100/500000]  elapsed=37127s  rate=7.3/s  eta=31348s  finite=271100
  [271200/500000]  elapsed=37142s  rate=7.3/s  eta=31335s  finite=271200
  [271300/500000]  elapsed=37156s  rate=7.3/s  eta=31321s  finite=271300
  [271400/500000]  elapsed=37169s  rate=7.3/s  eta=31307s  finite=271400
  [271500/500000]  elapsed=37183s  rate=7.3/s  eta=31294s  finite=271500
  [271600/500000]  elapsed=37197s  rate=7.3/s  eta=31280s  finite=271600
  [271700/500000]  elapsed=37210s  rate=7.3/s  eta=31266s  finite=271700
  [271800/500000]  elapsed=37226s  rate=7.3/s  eta=31254s  finite=271800
  [271900/500000]  elapsed=37240s  rate=7.3/s  eta=31241s  finite=271900
  [272000/500000]  elapsed=37254s  rate=7.3/s  eta=31228s  finite=272000
  -> checkpoint saved: /scratch/e1498138/lhs/nonoise/ckpt_5e5/ckpt_272000.pkl
  [272100/500000]  elapsed=37267s  rate=7.3/s  eta=31213s  finite=272100
  [272200/500000]  elapsed=37279s  rate=7.3/s  eta=31198s  finite=272200
  [272300/500000]  elapsed=37291s  rate=7.3/s  eta=31183s  finite=272300
  [272400/500000]  elapsed=37305s  rate=7.3/s  eta=31169s  finite=272400
  [272500/500000]  elapsed=37319s  rate=7.3/s  eta=31156s  finite=272500
  [272600/500000]  elapsed=37333s  rate=7.3/s  eta=31143s  finite=272600
  [272700/500000]  elapsed=37346s  rate=7.3/s  eta=31128s  finite=272700
  [272800/500000]  elapsed=37360s  rate=7.3/s  eta=31115s  finite=272800
  [272900/500000]  elapsed=37373s  rate=7.3/s  eta=31101s  finite=272900
  [273000/500000]  elapsed=37387s  rate=7.3/s  eta=31088s  finite=273000
  -> checkpoint saved: /scratch/e1498138/lhs/nonoise/ckpt_5e5/ckpt_273000.pkl
  [273100/500000]  elapsed=37401s  rate=7.3/s  eta=31074s  finite=273100
  [273200/500000]  elapsed=37413s  rate=7.3/s  eta=31059s  finite=273200
  [273300/500000]  elapsed=37428s  rate=7.3/s  eta=31047s  finite=273300
  [273400/500000]  elapsed=37441s  rate=7.3/s  eta=31032s  finite=273400
  [273500/500000]  elapsed=37457s  rate=7.3/s  eta=31020s  finite=273500
  [273600/500000]  elapsed=37471s  rate=7.3/s  eta=31006s  finite=273600
  [273700/500000]  elapsed=37485s  rate=7.3/s  eta=30993s  finite=273700
  [273800/500000]  elapsed=37499s  rate=7.3/s  eta=30980s  finite=273800
  [273900/500000]  elapsed=37514s  rate=7.3/s  eta=30968s  finite=273900
  [274000/500000]  elapsed=37529s  rate=7.3/s  eta=30955s  finite=274000
  -> checkpoint saved: /scratch/e1498138/lhs/nonoise/ckpt_5e5/ckpt_274000.pkl
  [274100/500000]  elapsed=37543s  rate=7.3/s  eta=30941s  finite=274100
  [274200/500000]  elapsed=37556s  rate=7.3/s  eta=30927s  finite=274200
  [274300/500000]  elapsed=37569s  rate=7.3/s  eta=30913s  finite=274300
  [274400/500000]  elapsed=37583s  rate=7.3/s  eta=30899s  finite=274400
  [274500/500000]  elapsed=37597s  rate=7.3/s  eta=30886s  finite=274500
  [274600/500000]  elapsed=37612s  rate=7.3/s  eta=30873s  finite=274600
  [274700/500000]  elapsed=37625s  rate=7.3/s  eta=30859s  finite=274700
  [274800/500000]  elapsed=37639s  rate=7.3/s  eta=30845s  finite=274800
  [274900/500000]  elapsed=37654s  rate=7.3/s  eta=30833s  finite=274900
  [275000/500000]  elapsed=37667s  rate=7.3/s  eta=30818s  finite=275000
  -> checkpoint saved: /scratch/e1498138/lhs/nonoise/ckpt_5e5/ckpt_275000.pkl
  [275100/500000]  elapsed=37681s  rate=7.3/s  eta=30805s  finite=275100
  [275200/500000]  elapsed=37693s  rate=7.3/s  eta=30790s  finite=275200
  [275300/500000]  elapsed=37707s  rate=7.3/s  eta=30776s  finite=275300
  [275400/500000]  elapsed=37723s  rate=7.3/s  eta=30764s  finite=275400
  [275500/500000]  elapsed=37738s  rate=7.3/s  eta=30752s  finite=275500
  [275600/500000]  elapsed=37751s  rate=7.3/s  eta=30738s  finite=275600
  [275700/500000]  elapsed=37764s  rate=7.3/s  eta=30723s  finite=275700
  [275800/500000]  elapsed=37777s  rate=7.3/s  eta=30709s  finite=275800
  [275900/500000]  elapsed=37789s  rate=7.3/s  eta=30694s  finite=275900
  [276000/500000]  elapsed=37802s  rate=7.3/s  eta=30680s  finite=276000
  -> checkpoint saved: /scratch/e1498138/lhs/nonoise/ckpt_5e5/ckpt_276000.pkl
  [276100/500000]  elapsed=37815s  rate=7.3/s  eta=30665s  finite=276100
  [276200/500000]  elapsed=37828s  rate=7.3/s  eta=30651s  finite=276200
  [276300/500000]  elapsed=37842s  rate=7.3/s  eta=30638s  finite=276300
  [276400/500000]  elapsed=37855s  rate=7.3/s  eta=30623s  finite=276400
  [276500/500000]  elapsed=37868s  rate=7.3/s  eta=30610s  finite=276500
  [276600/500000]  elapsed=37882s  rate=7.3/s  eta=30596s  finite=276600
  [276700/500000]  elapsed=37895s  rate=7.3/s  eta=30582s  finite=276700
  [276800/500000]  elapsed=37908s  rate=7.3/s  eta=30568s  finite=276800
  [276900/500000]  elapsed=37921s  rate=7.3/s  eta=30553s  finite=276900
  [277000/500000]  elapsed=37935s  rate=7.3/s  eta=30540s  finite=277000
  -> checkpoint saved: /scratch/e1498138/lhs/nonoise/ckpt_5e5/ckpt_277000.pkl
  [277100/500000]  elapsed=37949s  rate=7.3/s  eta=30526s  finite=277100
  [277200/500000]  elapsed=37963s  rate=7.3/s  eta=30513s  finite=277200
  [277300/500000]  elapsed=37975s  rate=7.3/s  eta=30498s  finite=277300
  [277400/500000]  elapsed=37989s  rate=7.3/s  eta=30485s  finite=277400
  [277500/500000]  elapsed=38003s  rate=7.3/s  eta=30471s  finite=277500
  [277600/500000]  elapsed=38017s  rate=7.3/s  eta=30458s  finite=277600
  [277700/500000]  elapsed=38030s  rate=7.3/s  eta=30443s  finite=277700
  [277800/500000]  elapsed=38043s  rate=7.3/s  eta=30429s  finite=277800
  [277900/500000]  elapsed=38056s  rate=7.3/s  eta=30415s  finite=277900
  [278000/500000]  elapsed=38070s  rate=7.3/s  eta=30401s  finite=278000
  -> checkpoint saved: /scratch/e1498138/lhs/nonoise/ckpt_5e5/ckpt_278000.pkl
  [278100/500000]  elapsed=38084s  rate=7.3/s  eta=30388s  finite=278100
  [278200/500000]  elapsed=38098s  rate=7.3/s  eta=30374s  finite=278200
  [278300/500000]  elapsed=38112s  rate=7.3/s  eta=30361s  finite=278300
  [278400/500000]  elapsed=38126s  rate=7.3/s  eta=30348s  finite=278400
  [278500/500000]  elapsed=38139s  rate=7.3/s  eta=30333s  finite=278500
  [278600/500000]  elapsed=38152s  rate=7.3/s  eta=30319s  finite=278600
  [278700/500000]  elapsed=38166s  rate=7.3/s  eta=30305s  finite=278700
  [278800/500000]  elapsed=38179s  rate=7.3/s  eta=30291s  finite=278800
  [278900/500000]  elapsed=38191s  rate=7.3/s  eta=30277s  finite=278900
  [279000/500000]  elapsed=38205s  rate=7.3/s  eta=30262s  finite=279000
  -> checkpoint saved: /scratch/e1498138/lhs/nonoise/ckpt_5e5/ckpt_279000.pkl
  [279100/500000]  elapsed=38218s  rate=7.3/s  eta=30249s  finite=279100
  [279200/500000]  elapsed=38231s  rate=7.3/s  eta=30234s  finite=279200
  [279300/500000]  elapsed=38245s  rate=7.3/s  eta=30221s  finite=279300
  [279400/500000]  elapsed=38259s  rate=7.3/s  eta=30207s  finite=279400
  [279500/500000]  elapsed=38272s  rate=7.3/s  eta=30193s  finite=279500
  [279600/500000]  elapsed=38286s  rate=7.3/s  eta=30180s  finite=279600
  [279700/500000]  elapsed=38300s  rate=7.3/s  eta=30166s  finite=279700
  [279800/500000]  elapsed=38313s  rate=7.3/s  eta=30152s  finite=279800
  [279900/500000]  elapsed=38328s  rate=7.3/s  eta=30140s  finite=279900
  [280000/500000]  elapsed=38342s  rate=7.3/s  eta=30126s  finite=280000
  -> checkpoint saved: /scratch/e1498138/lhs/nonoise/ckpt_5e5/ckpt_280000.pkl
  [280100/500000]  elapsed=38355s  rate=7.3/s  eta=30112s  finite=280100
  [280200/500000]  elapsed=38369s  rate=7.3/s  eta=30098s  finite=280200
  [280300/500000]  elapsed=38382s  rate=7.3/s  eta=30084s  finite=280300
  [280400/500000]  elapsed=38397s  rate=7.3/s  eta=30071s  finite=280400
  [280500/500000]  elapsed=38410s  rate=7.3/s  eta=30057s  finite=280500
  [280600/500000]  elapsed=38423s  rate=7.3/s  eta=30042s  finite=280600
  [280700/500000]  elapsed=38437s  rate=7.3/s  eta=30029s  finite=280700
  [280800/500000]  elapsed=38451s  rate=7.3/s  eta=30016s  finite=280800
  [280900/500000]  elapsed=38465s  rate=7.3/s  eta=30002s  finite=280900
  [281000/500000]  elapsed=38479s  rate=7.3/s  eta=29989s  finite=281000
  -> checkpoint saved: /scratch/e1498138/lhs/nonoise/ckpt_5e5/ckpt_281000.pkl
  [281100/500000]  elapsed=38493s  rate=7.3/s  eta=29975s  finite=281100
  [281200/500000]  elapsed=38505s  rate=7.3/s  eta=29960s  finite=281200
  [281300/500000]  elapsed=38518s  rate=7.3/s  eta=29947s  finite=281300
  [281400/500000]  elapsed=38532s  rate=7.3/s  eta=29933s  finite=281400
  [281500/500000]  elapsed=38546s  rate=7.3/s  eta=29919s  finite=281500
  [281600/500000]  elapsed=38558s  rate=7.3/s  eta=29905s  finite=281600
  [281700/500000]  elapsed=38570s  rate=7.3/s  eta=29890s  finite=281700
  [281800/500000]  elapsed=38583s  rate=7.3/s  eta=29875s  finite=281800
  [281900/500000]  elapsed=38597s  rate=7.3/s  eta=29862s  finite=281900
  [282000/500000]  elapsed=38611s  rate=7.3/s  eta=29848s  finite=282000
  -> checkpoint saved: /scratch/e1498138/lhs/nonoise/ckpt_5e5/ckpt_282000.pkl
  [282100/500000]  elapsed=38623s  rate=7.3/s  eta=29833s  finite=282100
  [282200/500000]  elapsed=38638s  rate=7.3/s  eta=29821s  finite=282200
  [282300/500000]  elapsed=38651s  rate=7.3/s  eta=29806s  finite=282300
  [282400/500000]  elapsed=38665s  rate=7.3/s  eta=29793s  finite=282400
  [282500/500000]  elapsed=38678s  rate=7.3/s  eta=29778s  finite=282500
  [282600/500000]  elapsed=38691s  rate=7.3/s  eta=29765s  finite=282600
  [282700/500000]  elapsed=38704s  rate=7.3/s  eta=29751s  finite=282700
  [282800/500000]  elapsed=38718s  rate=7.3/s  eta=29737s  finite=282800
  [282900/500000]  elapsed=38733s  rate=7.3/s  eta=29724s  finite=282900
  [283000/500000]  elapsed=38746s  rate=7.3/s  eta=29710s  finite=283000
  -> checkpoint saved: /scratch/e1498138/lhs/nonoise/ckpt_5e5/ckpt_283000.pkl
  [283100/500000]  elapsed=38761s  rate=7.3/s  eta=29697s  finite=283100
  [283200/500000]  elapsed=38775s  rate=7.3/s  eta=29684s  finite=283200
  [283300/500000]  elapsed=38788s  rate=7.3/s  eta=29670s  finite=283300
  [283400/500000]  elapsed=38803s  rate=7.3/s  eta=29657s  finite=283400
  [283500/500000]  elapsed=38817s  rate=7.3/s  eta=29643s  finite=283500
  [283600/500000]  elapsed=38830s  rate=7.3/s  eta=29629s  finite=283600
  [283700/500000]  elapsed=38844s  rate=7.3/s  eta=29616s  finite=283700
  [283800/500000]  elapsed=38858s  rate=7.3/s  eta=29602s  finite=283800
  [283900/500000]  elapsed=38871s  rate=7.3/s  eta=29588s  finite=283900
  [284000/500000]  elapsed=38885s  rate=7.3/s  eta=29575s  finite=284000
  -> checkpoint saved: /scratch/e1498138/lhs/nonoise/ckpt_5e5/ckpt_284000.pkl
  [284100/500000]  elapsed=38898s  rate=7.3/s  eta=29560s  finite=284100
  [284200/500000]  elapsed=38910s  rate=7.3/s  eta=29545s  finite=284200
  [284300/500000]  elapsed=38924s  rate=7.3/s  eta=29532s  finite=284300
  [284400/500000]  elapsed=38939s  rate=7.3/s  eta=29519s  finite=284400
  [284500/500000]  elapsed=38952s  rate=7.3/s  eta=29505s  finite=284500
  [284600/500000]  elapsed=38968s  rate=7.3/s  eta=29493s  finite=284600
  [284700/500000]  elapsed=38982s  rate=7.3/s  eta=29479s  finite=284700
  [284800/500000]  elapsed=38994s  rate=7.3/s  eta=29465s  finite=284800
  [284900/500000]  elapsed=39007s  rate=7.3/s  eta=29451s  finite=284900
  [285000/500000]  elapsed=39021s  rate=7.3/s  eta=29437s  finite=285000
  -> checkpoint saved: /scratch/e1498138/lhs/nonoise/ckpt_5e5/ckpt_285000.pkl
  [285100/500000]  elapsed=39035s  rate=7.3/s  eta=29423s  finite=285100
  [285200/500000]  elapsed=39048s  rate=7.3/s  eta=29409s  finite=285200
  [285300/500000]  elapsed=39062s  rate=7.3/s  eta=29396s  finite=285300
  [285400/500000]  elapsed=39074s  rate=7.3/s  eta=29381s  finite=285400
  [285500/500000]  elapsed=39089s  rate=7.3/s  eta=29368s  finite=285500
  [285600/500000]  elapsed=39103s  rate=7.3/s  eta=29355s  finite=285600
  [285700/500000]  elapsed=39117s  rate=7.3/s  eta=29341s  finite=285700
  [285800/500000]  elapsed=39131s  rate=7.3/s  eta=29328s  finite=285800
  [285900/500000]  elapsed=39145s  rate=7.3/s  eta=29314s  finite=285900
  [286000/500000]  elapsed=39159s  rate=7.3/s  eta=29301s  finite=286000
  -> checkpoint saved: /scratch/e1498138/lhs/nonoise/ckpt_5e5/ckpt_286000.pkl
  [286100/500000]  elapsed=39173s  rate=7.3/s  eta=29287s  finite=286100
  [286200/500000]  elapsed=39188s  rate=7.3/s  eta=29274s  finite=286200
  [286300/500000]  elapsed=39202s  rate=7.3/s  eta=29261s  finite=286300
  [286400/500000]  elapsed=39215s  rate=7.3/s  eta=29247s  finite=286400
  [286500/500000]  elapsed=39229s  rate=7.3/s  eta=29233s  finite=286500
  [286600/500000]  elapsed=39242s  rate=7.3/s  eta=29219s  finite=286600
  [286700/500000]  elapsed=39256s  rate=7.3/s  eta=29206s  finite=286700
  [286800/500000]  elapsed=39270s  rate=7.3/s  eta=29192s  finite=286800
  [286900/500000]  elapsed=39284s  rate=7.3/s  eta=29179s  finite=286900
  [287000/500000]  elapsed=39299s  rate=7.3/s  eta=29166s  finite=287000
  -> checkpoint saved: /scratch/e1498138/lhs/nonoise/ckpt_5e5/ckpt_287000.pkl
  [287100/500000]  elapsed=39315s  rate=7.3/s  eta=29154s  finite=287100
  [287200/500000]  elapsed=39330s  rate=7.3/s  eta=29141s  finite=287200
  [287300/500000]  elapsed=39342s  rate=7.3/s  eta=29127s  finite=287300
  [287400/500000]  elapsed=39355s  rate=7.3/s  eta=29113s  finite=287400
  [287500/500000]  elapsed=39369s  rate=7.3/s  eta=29098s  finite=287500
  [287600/500000]  elapsed=39382s  rate=7.3/s  eta=29085s  finite=287600
  [287700/500000]  elapsed=39396s  rate=7.3/s  eta=29071s  finite=287700
  [287800/500000]  elapsed=39411s  rate=7.3/s  eta=29059s  finite=287800
  [287900/500000]  elapsed=39426s  rate=7.3/s  eta=29045s  finite=287900
  [288000/500000]  elapsed=39439s  rate=7.3/s  eta=29032s  finite=288000
  -> checkpoint saved: /scratch/e1498138/lhs/nonoise/ckpt_5e5/ckpt_288000.pkl
  [288100/500000]  elapsed=39454s  rate=7.3/s  eta=29018s  finite=288100
  [288200/500000]  elapsed=39468s  rate=7.3/s  eta=29005s  finite=288200
  [288300/500000]  elapsed=39482s  rate=7.3/s  eta=28992s  finite=288300
  [288400/500000]  elapsed=39495s  rate=7.3/s  eta=28978s  finite=288400
  [288500/500000]  elapsed=39510s  rate=7.3/s  eta=28965s  finite=288500
  [288600/500000]  elapsed=39523s  rate=7.3/s  eta=28950s  finite=288600
  [288700/500000]  elapsed=39537s  rate=7.3/s  eta=28937s  finite=288700
  [288800/500000]  elapsed=39549s  rate=7.3/s  eta=28922s  finite=288800
  [288900/500000]  elapsed=39563s  rate=7.3/s  eta=28908s  finite=288900
  [289000/500000]  elapsed=39576s  rate=7.3/s  eta=28895s  finite=289000
  -> checkpoint saved: /scratch/e1498138/lhs/nonoise/ckpt_5e5/ckpt_289000.pkl
  [289100/500000]  elapsed=39590s  rate=7.3/s  eta=28881s  finite=289100
  [289200/500000]  elapsed=39605s  rate=7.3/s  eta=28868s  finite=289200
  [289300/500000]  elapsed=39617s  rate=7.3/s  eta=28854s  finite=289300
  [289400/500000]  elapsed=39631s  rate=7.3/s  eta=28840s  finite=289400
  [289500/500000]  elapsed=39646s  rate=7.3/s  eta=28827s  finite=289500
  [289600/500000]  elapsed=39660s  rate=7.3/s  eta=28814s  finite=289600
  [289700/500000]  elapsed=39672s  rate=7.3/s  eta=28799s  finite=289700
  [289800/500000]  elapsed=39686s  rate=7.3/s  eta=28785s  finite=289800
  [289900/500000]  elapsed=39699s  rate=7.3/s  eta=28771s  finite=289900
  [290000/500000]  elapsed=39713s  rate=7.3/s  eta=28758s  finite=290000
  -> checkpoint saved: /scratch/e1498138/lhs/nonoise/ckpt_5e5/ckpt_290000.pkl
  [290100/500000]  elapsed=39727s  rate=7.3/s  eta=28744s  finite=290100
  [290200/500000]  elapsed=39739s  rate=7.3/s  eta=28729s  finite=290200
  [290300/500000]  elapsed=39753s  rate=7.3/s  eta=28716s  finite=290300
  [290400/500000]  elapsed=39768s  rate=7.3/s  eta=28703s  finite=290400
  [290500/500000]  elapsed=39781s  rate=7.3/s  eta=28689s  finite=290500
  [290600/500000]  elapsed=39799s  rate=7.3/s  eta=28678s  finite=290600
  [290700/500000]  elapsed=39812s  rate=7.3/s  eta=28664s  finite=290700
  [290800/500000]  elapsed=39825s  rate=7.3/s  eta=28650s  finite=290800
  [290900/500000]  elapsed=39837s  rate=7.3/s  eta=28635s  finite=290900
  [291000/500000]  elapsed=39850s  rate=7.3/s  eta=28621s  finite=291000
  -> checkpoint saved: /scratch/e1498138/lhs/nonoise/ckpt_5e5/ckpt_291000.pkl
  [291100/500000]  elapsed=39862s  rate=7.3/s  eta=28606s  finite=291100
  [291200/500000]  elapsed=39876s  rate=7.3/s  eta=28592s  finite=291200
  [291300/500000]  elapsed=39890s  rate=7.3/s  eta=28579s  finite=291300
  [291400/500000]  elapsed=39903s  rate=7.3/s  eta=28565s  finite=291400
  [291500/500000]  elapsed=39917s  rate=7.3/s  eta=28551s  finite=291500
  [291600/500000]  elapsed=39931s  rate=7.3/s  eta=28538s  finite=291600
  [291700/500000]  elapsed=39944s  rate=7.3/s  eta=28524s  finite=291700
  [291800/500000]  elapsed=39959s  rate=7.3/s  eta=28511s  finite=291800
  [291900/500000]  elapsed=39972s  rate=7.3/s  eta=28497s  finite=291900
  [292000/500000]  elapsed=39986s  rate=7.3/s  eta=28483s  finite=292000
  -> checkpoint saved: /scratch/e1498138/lhs/nonoise/ckpt_5e5/ckpt_292000.pkl
  [292100/500000]  elapsed=39998s  rate=7.3/s  eta=28469s  finite=292100
  [292200/500000]  elapsed=40013s  rate=7.3/s  eta=28455s  finite=292200
  [292300/500000]  elapsed=40026s  rate=7.3/s  eta=28442s  finite=292300
  [292400/500000]  elapsed=40041s  rate=7.3/s  eta=28428s  finite=292400
  [292500/500000]  elapsed=40054s  rate=7.3/s  eta=28415s  finite=292500
  [292600/500000]  elapsed=40067s  rate=7.3/s  eta=28400s  finite=292600
  [292700/500000]  elapsed=40082s  rate=7.3/s  eta=28387s  finite=292700
  [292800/500000]  elapsed=40094s  rate=7.3/s  eta=28373s  finite=292800
  [292900/500000]  elapsed=40107s  rate=7.3/s  eta=28358s  finite=292900
  [293000/500000]  elapsed=40121s  rate=7.3/s  eta=28345s  finite=293000
  -> checkpoint saved: /scratch/e1498138/lhs/nonoise/ckpt_5e5/ckpt_293000.pkl
  [293100/500000]  elapsed=40136s  rate=7.3/s  eta=28332s  finite=293100
  [293200/500000]  elapsed=40149s  rate=7.3/s  eta=28318s  finite=293200
  [293300/500000]  elapsed=40162s  rate=7.3/s  eta=28304s  finite=293300
  [293400/500000]  elapsed=40175s  rate=7.3/s  eta=28289s  finite=293400
  [293500/500000]  elapsed=40189s  rate=7.3/s  eta=28276s  finite=293500
  [293600/500000]  elapsed=40203s  rate=7.3/s  eta=28263s  finite=293600
  [293700/500000]  elapsed=40215s  rate=7.3/s  eta=28248s  finite=293700
  [293800/500000]  elapsed=40229s  rate=7.3/s  eta=28235s  finite=293800
  [293900/500000]  elapsed=40243s  rate=7.3/s  eta=28221s  finite=293900
  [294000/500000]  elapsed=40258s  rate=7.3/s  eta=28208s  finite=294000
  -> checkpoint saved: /scratch/e1498138/lhs/nonoise/ckpt_5e5/ckpt_294000.pkl
  [294100/500000]  elapsed=40272s  rate=7.3/s  eta=28195s  finite=294100
  [294200/500000]  elapsed=40287s  rate=7.3/s  eta=28182s  finite=294200
  [294300/500000]  elapsed=40301s  rate=7.3/s  eta=28168s  finite=294300
  [294400/500000]  elapsed=40316s  rate=7.3/s  eta=28155s  finite=294400
  [294500/500000]  elapsed=40331s  rate=7.3/s  eta=28142s  finite=294500
  [294600/500000]  elapsed=40345s  rate=7.3/s  eta=28129s  finite=294600
  [294700/500000]  elapsed=40359s  rate=7.3/s  eta=28116s  finite=294700
  [294800/500000]  elapsed=40374s  rate=7.3/s  eta=28103s  finite=294800
  [294900/500000]  elapsed=40388s  rate=7.3/s  eta=28090s  finite=294900
  [295000/500000]  elapsed=40402s  rate=7.3/s  eta=28076s  finite=295000
  -> checkpoint saved: /scratch/e1498138/lhs/nonoise/ckpt_5e5/ckpt_295000.pkl
  [295100/500000]  elapsed=40416s  rate=7.3/s  eta=28062s  finite=295100
  [295200/500000]  elapsed=40429s  rate=7.3/s  eta=28048s  finite=295200
  [295300/500000]  elapsed=40443s  rate=7.3/s  eta=28035s  finite=295300
  [295400/500000]  elapsed=40456s  rate=7.3/s  eta=28021s  finite=295400
  [295500/500000]  elapsed=40470s  rate=7.3/s  eta=28007s  finite=295500
  [295600/500000]  elapsed=40483s  rate=7.3/s  eta=27993s  finite=295600
  [295700/500000]  elapsed=40497s  rate=7.3/s  eta=27980s  finite=295700
  [295800/500000]  elapsed=40510s  rate=7.3/s  eta=27966s  finite=295800
  [295900/500000]  elapsed=40524s  rate=7.3/s  eta=27952s  finite=295900
  [296000/500000]  elapsed=40539s  rate=7.3/s  eta=27939s  finite=296000
  -> checkpoint saved: /scratch/e1498138/lhs/nonoise/ckpt_5e5/ckpt_296000.pkl
  [296100/500000]  elapsed=40553s  rate=7.3/s  eta=27925s  finite=296100
  [296200/500000]  elapsed=40567s  rate=7.3/s  eta=27912s  finite=296200
  [296300/500000]  elapsed=40580s  rate=7.3/s  eta=27898s  finite=296300
  [296400/500000]  elapsed=40594s  rate=7.3/s  eta=27884s  finite=296400
  [296500/500000]  elapsed=40606s  rate=7.3/s  eta=27870s  finite=296500
  [296600/500000]  elapsed=40619s  rate=7.3/s  eta=27855s  finite=296600
  [296700/500000]  elapsed=40633s  rate=7.3/s  eta=27842s  finite=296700
  [296800/500000]  elapsed=40647s  rate=7.3/s  eta=27828s  finite=296800
  [296900/500000]  elapsed=40661s  rate=7.3/s  eta=27815s  finite=296900
  [297000/500000]  elapsed=40674s  rate=7.3/s  eta=27801s  finite=297000
  -> checkpoint saved: /scratch/e1498138/lhs/nonoise/ckpt_5e5/ckpt_297000.pkl
  [297100/500000]  elapsed=40688s  rate=7.3/s  eta=27787s  finite=297100
  [297200/500000]  elapsed=40703s  rate=7.3/s  eta=27774s  finite=297200
  [297300/500000]  elapsed=40715s  rate=7.3/s  eta=27760s  finite=297300
  [297400/500000]  elapsed=40729s  rate=7.3/s  eta=27746s  finite=297400
  [297500/500000]  elapsed=40742s  rate=7.3/s  eta=27732s  finite=297500
  [297600/500000]  elapsed=40756s  rate=7.3/s  eta=27718s  finite=297600
  [297700/500000]  elapsed=40770s  rate=7.3/s  eta=27705s  finite=297700
  [297800/500000]  elapsed=40783s  rate=7.3/s  eta=27691s  finite=297800
  [297900/500000]  elapsed=40797s  rate=7.3/s  eta=27677s  finite=297900
  [298000/500000]  elapsed=40810s  rate=7.3/s  eta=27663s  finite=298000
  -> checkpoint saved: /scratch/e1498138/lhs/nonoise/ckpt_5e5/ckpt_298000.pkl
  [298100/500000]  elapsed=40823s  rate=7.3/s  eta=27649s  finite=298100
  [298200/500000]  elapsed=40836s  rate=7.3/s  eta=27635s  finite=298200
  [298300/500000]  elapsed=40850s  rate=7.3/s  eta=27621s  finite=298300
  [298400/500000]  elapsed=40865s  rate=7.3/s  eta=27608s  finite=298400
  [298500/500000]  elapsed=40878s  rate=7.3/s  eta=27594s  finite=298500
  [298600/500000]  elapsed=40891s  rate=7.3/s  eta=27581s  finite=298600
  [298700/500000]  elapsed=40905s  rate=7.3/s  eta=27567s  finite=298700
  [298800/500000]  elapsed=40918s  rate=7.3/s  eta=27553s  finite=298800
  [298900/500000]  elapsed=40931s  rate=7.3/s  eta=27539s  finite=298900
  [299000/500000]  elapsed=40944s  rate=7.3/s  eta=27524s  finite=299000
  -> checkpoint saved: /scratch/e1498138/lhs/nonoise/ckpt_5e5/ckpt_299000.pkl
  [299100/500000]  elapsed=40958s  rate=7.3/s  eta=27511s  finite=299100
  [299200/500000]  elapsed=40972s  rate=7.3/s  eta=27497s  finite=299200
  [299300/500000]  elapsed=40986s  rate=7.3/s  eta=27484s  finite=299300
  [299400/500000]  elapsed=41000s  rate=7.3/s  eta=27470s  finite=299400
  [299500/500000]  elapsed=41014s  rate=7.3/s  eta=27457s  finite=299500
  [299600/500000]  elapsed=41026s  rate=7.3/s  eta=27442s  finite=299600
  [299700/500000]  elapsed=41039s  rate=7.3/s  eta=27428s  finite=299700
  [299800/500000]  elapsed=41053s  rate=7.3/s  eta=27414s  finite=299800
  [299900/500000]  elapsed=41067s  rate=7.3/s  eta=27400s  finite=299900
  [300000/500000]  elapsed=41079s  rate=7.3/s  eta=27386s  finite=300000
  -> checkpoint saved: /scratch/e1498138/lhs/nonoise/ckpt_5e5/ckpt_300000.pkl
  [300100/500000]  elapsed=41092s  rate=7.3/s  eta=27372s  finite=300100
  [300200/500000]  elapsed=41105s  rate=7.3/s  eta=27358s  finite=300200
  [300300/500000]  elapsed=41119s  rate=7.3/s  eta=27344s  finite=300300
  [300400/500000]  elapsed=41133s  rate=7.3/s  eta=27331s  finite=300400
  [300500/500000]  elapsed=41147s  rate=7.3/s  eta=27317s  finite=300500
  [300600/500000]  elapsed=41159s  rate=7.3/s  eta=27303s  finite=300600
  [300700/500000]  elapsed=41173s  rate=7.3/s  eta=27289s  finite=300700
  [300800/500000]  elapsed=41186s  rate=7.3/s  eta=27275s  finite=300800
  [300900/500000]  elapsed=41200s  rate=7.3/s  eta=27261s  finite=300900
  [301000/500000]  elapsed=41213s  rate=7.3/s  eta=27247s  finite=301000
  -> checkpoint saved: /scratch/e1498138/lhs/nonoise/ckpt_5e5/ckpt_301000.pkl
  [301100/500000]  elapsed=41227s  rate=7.3/s  eta=27234s  finite=301100
  [301200/500000]  elapsed=41240s  rate=7.3/s  eta=27219s  finite=301200
  [301300/500000]  elapsed=41253s  rate=7.3/s  eta=27205s  finite=301300
  [301400/500000]  elapsed=41267s  rate=7.3/s  eta=27192s  finite=301400
  [301500/500000]  elapsed=41280s  rate=7.3/s  eta=27178s  finite=301500
  [301600/500000]  elapsed=41293s  rate=7.3/s  eta=27164s  finite=301600
  [301700/500000]  elapsed=41306s  rate=7.3/s  eta=27150s  finite=301700
  [301800/500000]  elapsed=41319s  rate=7.3/s  eta=27135s  finite=301800
  [301900/500000]  elapsed=41332s  rate=7.3/s  eta=27121s  finite=301900
  [302000/500000]  elapsed=41346s  rate=7.3/s  eta=27107s  finite=302000
  -> checkpoint saved: /scratch/e1498138/lhs/nonoise/ckpt_5e5/ckpt_302000.pkl
  [302100/500000]  elapsed=41360s  rate=7.3/s  eta=27094s  finite=302100
  [302200/500000]  elapsed=41373s  rate=7.3/s  eta=27080s  finite=302200
  [302300/500000]  elapsed=41387s  rate=7.3/s  eta=27066s  finite=302300
  [302400/500000]  elapsed=41402s  rate=7.3/s  eta=27053s  finite=302400
  [302500/500000]  elapsed=41416s  rate=7.3/s  eta=27040s  finite=302500
  [302600/500000]  elapsed=41428s  rate=7.3/s  eta=27026s  finite=302600
  [302700/500000]  elapsed=41441s  rate=7.3/s  eta=27011s  finite=302700
  [302800/500000]  elapsed=41454s  rate=7.3/s  eta=26997s  finite=302800
  [302900/500000]  elapsed=41469s  rate=7.3/s  eta=26984s  finite=302900
  [303000/500000]  elapsed=41482s  rate=7.3/s  eta=26970s  finite=303000
  -> checkpoint saved: /scratch/e1498138/lhs/nonoise/ckpt_5e5/ckpt_303000.pkl
  [303100/500000]  elapsed=41495s  rate=7.3/s  eta=26956s  finite=303100
  [303200/500000]  elapsed=41509s  rate=7.3/s  eta=26942s  finite=303200
  [303300/500000]  elapsed=41521s  rate=7.3/s  eta=26928s  finite=303300
  [303400/500000]  elapsed=41535s  rate=7.3/s  eta=26915s  finite=303400
  [303500/500000]  elapsed=41550s  rate=7.3/s  eta=26901s  finite=303500
  [303600/500000]  elapsed=41562s  rate=7.3/s  eta=26887s  finite=303600
  [303700/500000]  elapsed=41576s  rate=7.3/s  eta=26873s  finite=303700
  [303800/500000]  elapsed=41589s  rate=7.3/s  eta=26859s  finite=303800
  [303900/500000]  elapsed=41603s  rate=7.3/s  eta=26845s  finite=303900
  [304000/500000]  elapsed=41616s  rate=7.3/s  eta=26832s  finite=304000
  -> checkpoint saved: /scratch/e1498138/lhs/nonoise/ckpt_5e5/ckpt_304000.pkl
  [304100/500000]  elapsed=41630s  rate=7.3/s  eta=26818s  finite=304100
  [304200/500000]  elapsed=41643s  rate=7.3/s  eta=26803s  finite=304200
  [304300/500000]  elapsed=41656s  rate=7.3/s  eta=26790s  finite=304300
  [304400/500000]  elapsed=41669s  rate=7.3/s  eta=26776s  finite=304400
  [304500/500000]  elapsed=41684s  rate=7.3/s  eta=26762s  finite=304500
  [304600/500000]  elapsed=41697s  rate=7.3/s  eta=26748s  finite=304600
  [304700/500000]  elapsed=41711s  rate=7.3/s  eta=26735s  finite=304700
  [304800/500000]  elapsed=41725s  rate=7.3/s  eta=26721s  finite=304800
  [304900/500000]  elapsed=41738s  rate=7.3/s  eta=26708s  finite=304900
  [305000/500000]  elapsed=41752s  rate=7.3/s  eta=26694s  finite=305000
  -> checkpoint saved: /scratch/e1498138/lhs/nonoise/ckpt_5e5/ckpt_305000.pkl
  [305100/500000]  elapsed=41765s  rate=7.3/s  eta=26680s  finite=305100
  [305200/500000]  elapsed=41778s  rate=7.3/s  eta=26666s  finite=305200
  [305300/500000]  elapsed=41792s  rate=7.3/s  eta=26652s  finite=305300
  [305400/500000]  elapsed=41806s  rate=7.3/s  eta=26639s  finite=305400
  [305500/500000]  elapsed=41820s  rate=7.3/s  eta=26625s  finite=305500
  [305600/500000]  elapsed=41834s  rate=7.3/s  eta=26611s  finite=305600
  [305700/500000]  elapsed=41847s  rate=7.3/s  eta=26598s  finite=305700
  [305800/500000]  elapsed=41862s  rate=7.3/s  eta=26584s  finite=305800
  [305900/500000]  elapsed=41874s  rate=7.3/s  eta=26570s  finite=305900
  [306000/500000]  elapsed=41888s  rate=7.3/s  eta=26557s  finite=306000
  -> checkpoint saved: /scratch/e1498138/lhs/nonoise/ckpt_5e5/ckpt_306000.pkl
  [306100/500000]  elapsed=41902s  rate=7.3/s  eta=26543s  finite=306100
  [306200/500000]  elapsed=41917s  rate=7.3/s  eta=26530s  finite=306200
  [306300/500000]  elapsed=41930s  rate=7.3/s  eta=26516s  finite=306300
  [306400/500000]  elapsed=41943s  rate=7.3/s  eta=26502s  finite=306400
  [306500/500000]  elapsed=41957s  rate=7.3/s  eta=26488s  finite=306500
  [306600/500000]  elapsed=41971s  rate=7.3/s  eta=26475s  finite=306600
  [306700/500000]  elapsed=41984s  rate=7.3/s  eta=26461s  finite=306700
  [306800/500000]  elapsed=41998s  rate=7.3/s  eta=26447s  finite=306800
  [306900/500000]  elapsed=42012s  rate=7.3/s  eta=26434s  finite=306900
  [307000/500000]  elapsed=42025s  rate=7.3/s  eta=26420s  finite=307000
  -> checkpoint saved: /scratch/e1498138/lhs/nonoise/ckpt_5e5/ckpt_307000.pkl
  [307100/500000]  elapsed=42039s  rate=7.3/s  eta=26406s  finite=307100
  [307200/500000]  elapsed=42052s  rate=7.3/s  eta=26392s  finite=307200
  [307300/500000]  elapsed=42066s  rate=7.3/s  eta=26378s  finite=307300
  [307400/500000]  elapsed=42078s  rate=7.3/s  eta=26364s  finite=307400
  [307500/500000]  elapsed=42092s  rate=7.3/s  eta=26350s  finite=307500
  [307600/500000]  elapsed=42105s  rate=7.3/s  eta=26336s  finite=307600
  [307700/500000]  elapsed=42121s  rate=7.3/s  eta=26324s  finite=307700
  [307800/500000]  elapsed=42135s  rate=7.3/s  eta=26310s  finite=307800
  [307900/500000]  elapsed=42148s  rate=7.3/s  eta=26296s  finite=307900
  [308000/500000]  elapsed=42162s  rate=7.3/s  eta=26283s  finite=308000
  -> checkpoint saved: /scratch/e1498138/lhs/nonoise/ckpt_5e5/ckpt_308000.pkl
  [308100/500000]  elapsed=42175s  rate=7.3/s  eta=26268s  finite=308100
  [308200/500000]  elapsed=42189s  rate=7.3/s  eta=26255s  finite=308200
  [308300/500000]  elapsed=42205s  rate=7.3/s  eta=26243s  finite=308300
  [308400/500000]  elapsed=42218s  rate=7.3/s  eta=26229s  finite=308400
  [308500/500000]  elapsed=42233s  rate=7.3/s  eta=26216s  finite=308500
  [308600/500000]  elapsed=42247s  rate=7.3/s  eta=26203s  finite=308600
  [308700/500000]  elapsed=42261s  rate=7.3/s  eta=26189s  finite=308700
  [308800/500000]  elapsed=42274s  rate=7.3/s  eta=26175s  finite=308800
  [308900/500000]  elapsed=42288s  rate=7.3/s  eta=26161s  finite=308900
  [309000/500000]  elapsed=42302s  rate=7.3/s  eta=26148s  finite=309000
  -> checkpoint saved: /scratch/e1498138/lhs/nonoise/ckpt_5e5/ckpt_309000.pkl
  [309100/500000]  elapsed=42317s  rate=7.3/s  eta=26135s  finite=309100
  [309200/500000]  elapsed=42329s  rate=7.3/s  eta=26120s  finite=309200
  [309300/500000]  elapsed=42342s  rate=7.3/s  eta=26106s  finite=309300
  [309400/500000]  elapsed=42355s  rate=7.3/s  eta=26092s  finite=309400
  [309500/500000]  elapsed=42368s  rate=7.3/s  eta=26078s  finite=309500
  [309600/500000]  elapsed=42381s  rate=7.3/s  eta=26064s  finite=309600
  [309700/500000]  elapsed=42394s  rate=7.3/s  eta=26050s  finite=309700
  [309800/500000]  elapsed=42407s  rate=7.3/s  eta=26035s  finite=309800
  [309900/500000]  elapsed=42420s  rate=7.3/s  eta=26021s  finite=309900
  [310000/500000]  elapsed=42433s  rate=7.3/s  eta=26007s  finite=310000
  -> checkpoint saved: /scratch/e1498138/lhs/nonoise/ckpt_5e5/ckpt_310000.pkl
  [310100/500000]  elapsed=42446s  rate=7.3/s  eta=25993s  finite=310100
  [310200/500000]  elapsed=42460s  rate=7.3/s  eta=25979s  finite=310200
  [310300/500000]  elapsed=42474s  rate=7.3/s  eta=25967s  finite=310300
  [310400/500000]  elapsed=42488s  rate=7.3/s  eta=25953s  finite=310400
  [310500/500000]  elapsed=42501s  rate=7.3/s  eta=25939s  finite=310500
  [310600/500000]  elapsed=42515s  rate=7.3/s  eta=25925s  finite=310600
  [310700/500000]  elapsed=42528s  rate=7.3/s  eta=25911s  finite=310700
  [310800/500000]  elapsed=42541s  rate=7.3/s  eta=25897s  finite=310800
  [310900/500000]  elapsed=42555s  rate=7.3/s  eta=25883s  finite=310900
  [311000/500000]  elapsed=42567s  rate=7.3/s  eta=25869s  finite=311000
  -> checkpoint saved: /scratch/e1498138/lhs/nonoise/ckpt_5e5/ckpt_311000.pkl
  [311100/500000]  elapsed=42581s  rate=7.3/s  eta=25855s  finite=311100
  [311200/500000]  elapsed=42595s  rate=7.3/s  eta=25842s  finite=311200
  [311300/500000]  elapsed=42608s  rate=7.3/s  eta=25828s  finite=311300
  [311400/500000]  elapsed=42621s  rate=7.3/s  eta=25813s  finite=311400
  [311500/500000]  elapsed=42634s  rate=7.3/s  eta=25800s  finite=311500
  [311600/500000]  elapsed=42649s  rate=7.3/s  eta=25786s  finite=311600
  [311700/500000]  elapsed=42662s  rate=7.3/s  eta=25772s  finite=311700
  [311800/500000]  elapsed=42675s  rate=7.3/s  eta=25758s  finite=311800
  [311900/500000]  elapsed=42688s  rate=7.3/s  eta=25744s  finite=311900
  [312000/500000]  elapsed=42700s  rate=7.3/s  eta=25730s  finite=312000
  -> checkpoint saved: /scratch/e1498138/lhs/nonoise/ckpt_5e5/ckpt_312000.pkl
  [312100/500000]  elapsed=42714s  rate=7.3/s  eta=25716s  finite=312100
  [312200/500000]  elapsed=42728s  rate=7.3/s  eta=25702s  finite=312200
  [312300/500000]  elapsed=42743s  rate=7.3/s  eta=25690s  finite=312300
  [312400/500000]  elapsed=42758s  rate=7.3/s  eta=25677s  finite=312400
  [312500/500000]  elapsed=42772s  rate=7.3/s  eta=25663s  finite=312500
  [312600/500000]  elapsed=42787s  rate=7.3/s  eta=25650s  finite=312600
  [312700/500000]  elapsed=42801s  rate=7.3/s  eta=25637s  finite=312700
  [312800/500000]  elapsed=42815s  rate=7.3/s  eta=25623s  finite=312800
  [312900/500000]  elapsed=42829s  rate=7.3/s  eta=25610s  finite=312900
  [313000/500000]  elapsed=42843s  rate=7.3/s  eta=25596s  finite=313000
  -> checkpoint saved: /scratch/e1498138/lhs/nonoise/ckpt_5e5/ckpt_313000.pkl
  [313100/500000]  elapsed=42857s  rate=7.3/s  eta=25583s  finite=313100
  [313200/500000]  elapsed=42869s  rate=7.3/s  eta=25568s  finite=313200
  [313300/500000]  elapsed=42882s  rate=7.3/s  eta=25554s  finite=313300
  [313400/500000]  elapsed=42895s  rate=7.3/s  eta=25540s  finite=313400
  [313500/500000]  elapsed=42909s  rate=7.3/s  eta=25526s  finite=313500
  [313600/500000]  elapsed=42921s  rate=7.3/s  eta=25512s  finite=313600
  [313700/500000]  elapsed=42934s  rate=7.3/s  eta=25498s  finite=313700
  [313800/500000]  elapsed=42949s  rate=7.3/s  eta=25484s  finite=313800
  [313900/500000]  elapsed=42961s  rate=7.3/s  eta=25470s  finite=313900
  [314000/500000]  elapsed=42975s  rate=7.3/s  eta=25457s  finite=314000
  -> checkpoint saved: /scratch/e1498138/lhs/nonoise/ckpt_5e5/ckpt_314000.pkl
  [314100/500000]  elapsed=42989s  rate=7.3/s  eta=25443s  finite=314100
  [314200/500000]  elapsed=43003s  rate=7.3/s  eta=25430s  finite=314200
  [314300/500000]  elapsed=43016s  rate=7.3/s  eta=25415s  finite=314300
  [314400/500000]  elapsed=43030s  rate=7.3/s  eta=25402s  finite=314400
  [314500/500000]  elapsed=43045s  rate=7.3/s  eta=25389s  finite=314500
  [314600/500000]  elapsed=43058s  rate=7.3/s  eta=25375s  finite=314600
  [314700/500000]  elapsed=43072s  rate=7.3/s  eta=25361s  finite=314700
  [314800/500000]  elapsed=43085s  rate=7.3/s  eta=25347s  finite=314800
  [314900/500000]  elapsed=43098s  rate=7.3/s  eta=25333s  finite=314900
  [315000/500000]  elapsed=43110s  rate=7.3/s  eta=25319s  finite=315000
  -> checkpoint saved: /scratch/e1498138/lhs/nonoise/ckpt_5e5/ckpt_315000.pkl
  [315100/500000]  elapsed=43123s  rate=7.3/s  eta=25305s  finite=315100
  [315200/500000]  elapsed=43138s  rate=7.3/s  eta=25292s  finite=315200
  [315300/500000]  elapsed=43152s  rate=7.3/s  eta=25278s  finite=315300
  [315400/500000]  elapsed=43166s  rate=7.3/s  eta=25265s  finite=315400
  [315500/500000]  elapsed=43180s  rate=7.3/s  eta=25251s  finite=315500
  [315600/500000]  elapsed=43195s  rate=7.3/s  eta=25238s  finite=315600
  [315700/500000]  elapsed=43208s  rate=7.3/s  eta=25224s  finite=315700
  [315800/500000]  elapsed=43224s  rate=7.3/s  eta=25211s  finite=315800
  [315900/500000]  elapsed=43238s  rate=7.3/s  eta=25198s  finite=315900
  [316000/500000]  elapsed=43253s  rate=7.3/s  eta=25185s  finite=316000
  -> checkpoint saved: /scratch/e1498138/lhs/nonoise/ckpt_5e5/ckpt_316000.pkl
  [316100/500000]  elapsed=43266s  rate=7.3/s  eta=25171s  finite=316100
  [316200/500000]  elapsed=43278s  rate=7.3/s  eta=25157s  finite=316200
  [316300/500000]  elapsed=43292s  rate=7.3/s  eta=25143s  finite=316300
  [316400/500000]  elapsed=43305s  rate=7.3/s  eta=25129s  finite=316400
  [316500/500000]  elapsed=43318s  rate=7.3/s  eta=25115s  finite=316500
  [316600/500000]  elapsed=43332s  rate=7.3/s  eta=25101s  finite=316600
  [316700/500000]  elapsed=43345s  rate=7.3/s  eta=25088s  finite=316700
  [316800/500000]  elapsed=43358s  rate=7.3/s  eta=25073s  finite=316800
  [316900/500000]  elapsed=43372s  rate=7.3/s  eta=25059s  finite=316900
  [317000/500000]  elapsed=43384s  rate=7.3/s  eta=25045s  finite=317000
  -> checkpoint saved: /scratch/e1498138/lhs/nonoise/ckpt_5e5/ckpt_317000.pkl
  [317100/500000]  elapsed=43397s  rate=7.3/s  eta=25031s  finite=317100
  [317200/500000]  elapsed=43411s  rate=7.3/s  eta=25017s  finite=317200
  [317300/500000]  elapsed=43424s  rate=7.3/s  eta=25003s  finite=317300
  [317400/500000]  elapsed=43437s  rate=7.3/s  eta=24989s  finite=317400
  [317500/500000]  elapsed=43450s  rate=7.3/s  eta=24975s  finite=317500
  [317600/500000]  elapsed=43464s  rate=7.3/s  eta=24962s  finite=317600
  [317700/500000]  elapsed=43477s  rate=7.3/s  eta=24947s  finite=317700
  [317800/500000]  elapsed=43490s  rate=7.3/s  eta=24933s  finite=317800
  [317900/500000]  elapsed=43502s  rate=7.3/s  eta=24919s  finite=317900
  [318000/500000]  elapsed=43514s  rate=7.3/s  eta=24905s  finite=318000
  -> checkpoint saved: /scratch/e1498138/lhs/nonoise/ckpt_5e5/ckpt_318000.pkl
  [318100/500000]  elapsed=43529s  rate=7.3/s  eta=24892s  finite=318100
  [318200/500000]  elapsed=43544s  rate=7.3/s  eta=24878s  finite=318200
  [318300/500000]  elapsed=43558s  rate=7.3/s  eta=24865s  finite=318300
  [318400/500000]  elapsed=43571s  rate=7.3/s  eta=24851s  finite=318400
  [318500/500000]  elapsed=43586s  rate=7.3/s  eta=24838s  finite=318500
  [318600/500000]  elapsed=43601s  rate=7.3/s  eta=24825s  finite=318600
  [318700/500000]  elapsed=43615s  rate=7.3/s  eta=24811s  finite=318700
  [318800/500000]  elapsed=43629s  rate=7.3/s  eta=24798s  finite=318800
  [318900/500000]  elapsed=43642s  rate=7.3/s  eta=24784s  finite=318900
  [319000/500000]  elapsed=43655s  rate=7.3/s  eta=24770s  finite=319000
  -> checkpoint saved: /scratch/e1498138/lhs/nonoise/ckpt_5e5/ckpt_319000.pkl
  [319100/500000]  elapsed=43668s  rate=7.3/s  eta=24756s  finite=319100
  [319200/500000]  elapsed=43682s  rate=7.3/s  eta=24742s  finite=319200
  [319300/500000]  elapsed=43697s  rate=7.3/s  eta=24729s  finite=319300
  [319400/500000]  elapsed=43710s  rate=7.3/s  eta=24715s  finite=319400
  [319500/500000]  elapsed=43723s  rate=7.3/s  eta=24701s  finite=319500
  [319600/500000]  elapsed=43736s  rate=7.3/s  eta=24687s  finite=319600
  [319700/500000]  elapsed=43750s  rate=7.3/s  eta=24673s  finite=319700
  [319800/500000]  elapsed=43762s  rate=7.3/s  eta=24659s  finite=319800
  [319900/500000]  elapsed=43775s  rate=7.3/s  eta=24645s  finite=319900
  [320000/500000]  elapsed=43789s  rate=7.3/s  eta=24631s  finite=320000
  -> checkpoint saved: /scratch/e1498138/lhs/nonoise/ckpt_5e5/ckpt_320000.pkl
  [320100/500000]  elapsed=43803s  rate=7.3/s  eta=24618s  finite=320100
  [320200/500000]  elapsed=43817s  rate=7.3/s  eta=24604s  finite=320200
  [320300/500000]  elapsed=43830s  rate=7.3/s  eta=24590s  finite=320300
  [320400/500000]  elapsed=43845s  rate=7.3/s  eta=24577s  finite=320400
  [320500/500000]  elapsed=43859s  rate=7.3/s  eta=24564s  finite=320500
  [320600/500000]  elapsed=43874s  rate=7.3/s  eta=24551s  finite=320600
  [320700/500000]  elapsed=43887s  rate=7.3/s  eta=24537s  finite=320700
  [320800/500000]  elapsed=43902s  rate=7.3/s  eta=24524s  finite=320800
  [320900/500000]  elapsed=43915s  rate=7.3/s  eta=24510s  finite=320900
  [321000/500000]  elapsed=43928s  rate=7.3/s  eta=24496s  finite=321000
  -> checkpoint saved: /scratch/e1498138/lhs/nonoise/ckpt_5e5/ckpt_321000.pkl
  [321100/500000]  elapsed=43943s  rate=7.3/s  eta=24482s  finite=321100
  [321200/500000]  elapsed=43958s  rate=7.3/s  eta=24470s  finite=321200
  [321300/500000]  elapsed=43972s  rate=7.3/s  eta=24456s  finite=321300
  [321400/500000]  elapsed=43987s  rate=7.3/s  eta=24443s  finite=321400
  [321500/500000]  elapsed=44001s  rate=7.3/s  eta=24430s  finite=321500
  [321600/500000]  elapsed=44015s  rate=7.3/s  eta=24416s  finite=321600
  [321700/500000]  elapsed=44029s  rate=7.3/s  eta=24403s  finite=321700
  [321800/500000]  elapsed=44043s  rate=7.3/s  eta=24389s  finite=321800
  [321900/500000]  elapsed=44056s  rate=7.3/s  eta=24375s  finite=321900
  [322000/500000]  elapsed=44069s  rate=7.3/s  eta=24361s  finite=322000
  -> checkpoint saved: /scratch/e1498138/lhs/nonoise/ckpt_5e5/ckpt_322000.pkl
  [322100/500000]  elapsed=44083s  rate=7.3/s  eta=24348s  finite=322100
  [322200/500000]  elapsed=44096s  rate=7.3/s  eta=24334s  finite=322200
  [322300/500000]  elapsed=44109s  rate=7.3/s  eta=24320s  finite=322300
  [322400/500000]  elapsed=44122s  rate=7.3/s  eta=24305s  finite=322400
  [322500/500000]  elapsed=44136s  rate=7.3/s  eta=24292s  finite=322500
  [322600/500000]  elapsed=44149s  rate=7.3/s  eta=24278s  finite=322600
  [322700/500000]  elapsed=44162s  rate=7.3/s  eta=24264s  finite=322700
  [322800/500000]  elapsed=44177s  rate=7.3/s  eta=24251s  finite=322800
  [322900/500000]  elapsed=44189s  rate=7.3/s  eta=24236s  finite=322900
  [323000/500000]  elapsed=44204s  rate=7.3/s  eta=24223s  finite=323000
  -> checkpoint saved: /scratch/e1498138/lhs/nonoise/ckpt_5e5/ckpt_323000.pkl
  [323100/500000]  elapsed=44217s  rate=7.3/s  eta=24209s  finite=323100
  [323200/500000]  elapsed=44230s  rate=7.3/s  eta=24195s  finite=323200
  [323300/500000]  elapsed=44244s  rate=7.3/s  eta=24181s  finite=323300
  [323400/500000]  elapsed=44257s  rate=7.3/s  eta=24168s  finite=323400
  [323500/500000]  elapsed=44272s  rate=7.3/s  eta=24155s  finite=323500
  [323600/500000]  elapsed=44285s  rate=7.3/s  eta=24141s  finite=323600
  [323700/500000]  elapsed=44300s  rate=7.3/s  eta=24128s  finite=323700
  [323800/500000]  elapsed=44313s  rate=7.3/s  eta=24114s  finite=323800
  [323900/500000]  elapsed=44327s  rate=7.3/s  eta=24100s  finite=323900
  [324000/500000]  elapsed=44341s  rate=7.3/s  eta=24087s  finite=324000
  -> checkpoint saved: /scratch/e1498138/lhs/nonoise/ckpt_5e5/ckpt_324000.pkl
  [324100/500000]  elapsed=44355s  rate=7.3/s  eta=24073s  finite=324100
  [324200/500000]  elapsed=44368s  rate=7.3/s  eta=24059s  finite=324200
  [324300/500000]  elapsed=44381s  rate=7.3/s  eta=24045s  finite=324300
  [324400/500000]  elapsed=44397s  rate=7.3/s  eta=24032s  finite=324400
  [324500/500000]  elapsed=44409s  rate=7.3/s  eta=24018s  finite=324500
  [324600/500000]  elapsed=44423s  rate=7.3/s  eta=24004s  finite=324600
  [324700/500000]  elapsed=44436s  rate=7.3/s  eta=23990s  finite=324700
  [324800/500000]  elapsed=44451s  rate=7.3/s  eta=23977s  finite=324800
  [324900/500000]  elapsed=44465s  rate=7.3/s  eta=23964s  finite=324900
  [325000/500000]  elapsed=44479s  rate=7.3/s  eta=23950s  finite=325000
  -> checkpoint saved: /scratch/e1498138/lhs/nonoise/ckpt_5e5/ckpt_325000.pkl
  [325100/500000]  elapsed=44493s  rate=7.3/s  eta=23937s  finite=325100
  [325200/500000]  elapsed=44506s  rate=7.3/s  eta=23923s  finite=325200
  [325300/500000]  elapsed=44521s  rate=7.3/s  eta=23909s  finite=325300
  [325400/500000]  elapsed=44534s  rate=7.3/s  eta=23896s  finite=325400
  [325500/500000]  elapsed=44547s  rate=7.3/s  eta=23882s  finite=325500
  [325600/500000]  elapsed=44561s  rate=7.3/s  eta=23868s  finite=325600
  [325700/500000]  elapsed=44574s  rate=7.3/s  eta=23854s  finite=325700
  [325800/500000]  elapsed=44588s  rate=7.3/s  eta=23841s  finite=325800
  [325900/500000]  elapsed=44603s  rate=7.3/s  eta=23827s  finite=325900
  [326000/500000]  elapsed=44617s  rate=7.3/s  eta=23814s  finite=326000
  -> checkpoint saved: /scratch/e1498138/lhs/nonoise/ckpt_5e5/ckpt_326000.pkl
  [326100/500000]  elapsed=44631s  rate=7.3/s  eta=23800s  finite=326100
  [326200/500000]  elapsed=44644s  rate=7.3/s  eta=23787s  finite=326200
  [326300/500000]  elapsed=44660s  rate=7.3/s  eta=23774s  finite=326300
  [326400/500000]  elapsed=44674s  rate=7.3/s  eta=23760s  finite=326400
  [326500/500000]  elapsed=44689s  rate=7.3/s  eta=23747s  finite=326500
  [326600/500000]  elapsed=44701s  rate=7.3/s  eta=23733s  finite=326600
  [326700/500000]  elapsed=44715s  rate=7.3/s  eta=23719s  finite=326700
  [326800/500000]  elapsed=44728s  rate=7.3/s  eta=23705s  finite=326800
  [326900/500000]  elapsed=44743s  rate=7.3/s  eta=23692s  finite=326900
  [327000/500000]  elapsed=44758s  rate=7.3/s  eta=23679s  finite=327000
  -> checkpoint saved: /scratch/e1498138/lhs/nonoise/ckpt_5e5/ckpt_327000.pkl
  [327100/500000]  elapsed=44771s  rate=7.3/s  eta=23665s  finite=327100
  [327200/500000]  elapsed=44785s  rate=7.3/s  eta=23652s  finite=327200
  [327300/500000]  elapsed=44798s  rate=7.3/s  eta=23638s  finite=327300
  [327400/500000]  elapsed=44812s  rate=7.3/s  eta=23624s  finite=327400
  [327500/500000]  elapsed=44826s  rate=7.3/s  eta=23611s  finite=327500
  [327600/500000]  elapsed=44841s  rate=7.3/s  eta=23598s  finite=327600
  [327700/500000]  elapsed=44856s  rate=7.3/s  eta=23584s  finite=327700
  [327800/500000]  elapsed=44868s  rate=7.3/s  eta=23570s  finite=327800
  [327900/500000]  elapsed=44882s  rate=7.3/s  eta=23556s  finite=327900
  [328000/500000]  elapsed=44894s  rate=7.3/s  eta=23542s  finite=328000
  -> checkpoint saved: /scratch/e1498138/lhs/nonoise/ckpt_5e5/ckpt_328000.pkl
  [328100/500000]  elapsed=44907s  rate=7.3/s  eta=23528s  finite=328100
  [328200/500000]  elapsed=44921s  rate=7.3/s  eta=23514s  finite=328200
  [328300/500000]  elapsed=44935s  rate=7.3/s  eta=23501s  finite=328300
  [328400/500000]  elapsed=44948s  rate=7.3/s  eta=23487s  finite=328400
  [328500/500000]  elapsed=44960s  rate=7.3/s  eta=23472s  finite=328500
  [328600/500000]  elapsed=44973s  rate=7.3/s  eta=23458s  finite=328600
  [328700/500000]  elapsed=44986s  rate=7.3/s  eta=23444s  finite=328700
  [328800/500000]  elapsed=45001s  rate=7.3/s  eta=23431s  finite=328800
  [328900/500000]  elapsed=45015s  rate=7.3/s  eta=23417s  finite=328900
  [329000/500000]  elapsed=45029s  rate=7.3/s  eta=23404s  finite=329000
  -> checkpoint saved: /scratch/e1498138/lhs/nonoise/ckpt_5e5/ckpt_329000.pkl
  [329100/500000]  elapsed=45042s  rate=7.3/s  eta=23390s  finite=329100
  [329200/500000]  elapsed=45055s  rate=7.3/s  eta=23376s  finite=329200
  [329300/500000]  elapsed=45069s  rate=7.3/s  eta=23362s  finite=329300
  [329400/500000]  elapsed=45082s  rate=7.3/s  eta=23348s  finite=329400
  [329500/500000]  elapsed=45097s  rate=7.3/s  eta=23335s  finite=329500
  [329600/500000]  elapsed=45110s  rate=7.3/s  eta=23321s  finite=329600
  [329700/500000]  elapsed=45123s  rate=7.3/s  eta=23307s  finite=329700
  [329800/500000]  elapsed=45135s  rate=7.3/s  eta=23293s  finite=329800
  [329900/500000]  elapsed=45148s  rate=7.3/s  eta=23279s  finite=329900
  [330000/500000]  elapsed=45160s  rate=7.3/s  eta=23264s  finite=330000
  -> checkpoint saved: /scratch/e1498138/lhs/nonoise/ckpt_5e5/ckpt_330000.pkl
  [330100/500000]  elapsed=45174s  rate=7.3/s  eta=23251s  finite=330100
  [330200/500000]  elapsed=45186s  rate=7.3/s  eta=23236s  finite=330200
  [330300/500000]  elapsed=45199s  rate=7.3/s  eta=23222s  finite=330300
  [330400/500000]  elapsed=45212s  rate=7.3/s  eta=23208s  finite=330400
  [330500/500000]  elapsed=45226s  rate=7.3/s  eta=23195s  finite=330500
  [330600/500000]  elapsed=45241s  rate=7.3/s  eta=23182s  finite=330600
  [330700/500000]  elapsed=45255s  rate=7.3/s  eta=23168s  finite=330700
  [330800/500000]  elapsed=45269s  rate=7.3/s  eta=23155s  finite=330800
  [330900/500000]  elapsed=45283s  rate=7.3/s  eta=23141s  finite=330900
  [331000/500000]  elapsed=45297s  rate=7.3/s  eta=23128s  finite=331000
  -> checkpoint saved: /scratch/e1498138/lhs/nonoise/ckpt_5e5/ckpt_331000.pkl
  [331100/500000]  elapsed=45311s  rate=7.3/s  eta=23114s  finite=331100
  [331200/500000]  elapsed=45324s  rate=7.3/s  eta=23100s  finite=331200
  [331300/500000]  elapsed=45338s  rate=7.3/s  eta=23086s  finite=331300
  [331400/500000]  elapsed=45351s  rate=7.3/s  eta=23072s  finite=331400
  [331500/500000]  elapsed=45365s  rate=7.3/s  eta=23059s  finite=331500
  [331600/500000]  elapsed=45379s  rate=7.3/s  eta=23045s  finite=331600
  [331700/500000]  elapsed=45394s  rate=7.3/s  eta=23032s  finite=331700
  [331800/500000]  elapsed=45407s  rate=7.3/s  eta=23018s  finite=331800
  [331900/500000]  elapsed=45420s  rate=7.3/s  eta=23004s  finite=331900
  [332000/500000]  elapsed=45433s  rate=7.3/s  eta=22990s  finite=332000
  -> checkpoint saved: /scratch/e1498138/lhs/nonoise/ckpt_5e5/ckpt_332000.pkl
  [332100/500000]  elapsed=45447s  rate=7.3/s  eta=22976s  finite=332100
  [332200/500000]  elapsed=45461s  rate=7.3/s  eta=22963s  finite=332200
  [332300/500000]  elapsed=45475s  rate=7.3/s  eta=22950s  finite=332300
  [332400/500000]  elapsed=45489s  rate=7.3/s  eta=22936s  finite=332400
  [332500/500000]  elapsed=45503s  rate=7.3/s  eta=22923s  finite=332500
  [332600/500000]  elapsed=45517s  rate=7.3/s  eta=22909s  finite=332600
  [332700/500000]  elapsed=45530s  rate=7.3/s  eta=22895s  finite=332700
  [332800/500000]  elapsed=45545s  rate=7.3/s  eta=22882s  finite=332800
  [332900/500000]  elapsed=45560s  rate=7.3/s  eta=22869s  finite=332900
  [333000/500000]  elapsed=45573s  rate=7.3/s  eta=22855s  finite=333000
  -> checkpoint saved: /scratch/e1498138/lhs/nonoise/ckpt_5e5/ckpt_333000.pkl
  [333100/500000]  elapsed=45586s  rate=7.3/s  eta=22841s  finite=333100
  [333200/500000]  elapsed=45599s  rate=7.3/s  eta=22827s  finite=333200
  [333300/500000]  elapsed=45612s  rate=7.3/s  eta=22813s  finite=333300
  [333400/500000]  elapsed=45625s  rate=7.3/s  eta=22799s  finite=333400
  [333500/500000]  elapsed=45638s  rate=7.3/s  eta=22785s  finite=333500
  [333600/500000]  elapsed=45651s  rate=7.3/s  eta=22771s  finite=333600
  [333700/500000]  elapsed=45665s  rate=7.3/s  eta=22757s  finite=333700
  [333800/500000]  elapsed=45677s  rate=7.3/s  eta=22743s  finite=333800
  [333900/500000]  elapsed=45692s  rate=7.3/s  eta=22730s  finite=333900
  [334000/500000]  elapsed=45706s  rate=7.3/s  eta=22716s  finite=334000
  -> checkpoint saved: /scratch/e1498138/lhs/nonoise/ckpt_5e5/ckpt_334000.pkl
  [334100/500000]  elapsed=45720s  rate=7.3/s  eta=22703s  finite=334100
  [334200/500000]  elapsed=45734s  rate=7.3/s  eta=22689s  finite=334200
  [334300/500000]  elapsed=45750s  rate=7.3/s  eta=22676s  finite=334300
  [334400/500000]  elapsed=45763s  rate=7.3/s  eta=22662s  finite=334400
  [334500/500000]  elapsed=45775s  rate=7.3/s  eta=22648s  finite=334500
  [334600/500000]  elapsed=45787s  rate=7.3/s  eta=22634s  finite=334600
  [334700/500000]  elapsed=45801s  rate=7.3/s  eta=22620s  finite=334700
  [334800/500000]  elapsed=45814s  rate=7.3/s  eta=22606s  finite=334800
  [334900/500000]  elapsed=45827s  rate=7.3/s  eta=22592s  finite=334900
  [335000/500000]  elapsed=45841s  rate=7.3/s  eta=22579s  finite=335000
  -> checkpoint saved: /scratch/e1498138/lhs/nonoise/ckpt_5e5/ckpt_335000.pkl
  [335100/500000]  elapsed=45856s  rate=7.3/s  eta=22565s  finite=335100
  [335200/500000]  elapsed=45872s  rate=7.3/s  eta=22553s  finite=335200
  [335300/500000]  elapsed=45885s  rate=7.3/s  eta=22539s  finite=335300
  [335400/500000]  elapsed=45899s  rate=7.3/s  eta=22525s  finite=335400
  [335500/500000]  elapsed=45913s  rate=7.3/s  eta=22512s  finite=335500
  [335600/500000]  elapsed=45927s  rate=7.3/s  eta=22498s  finite=335600
  [335700/500000]  elapsed=45940s  rate=7.3/s  eta=22484s  finite=335700
  [335800/500000]  elapsed=45953s  rate=7.3/s  eta=22470s  finite=335800
  [335900/500000]  elapsed=45966s  rate=7.3/s  eta=22456s  finite=335900
  [336000/500000]  elapsed=45979s  rate=7.3/s  eta=22442s  finite=336000
  -> checkpoint saved: /scratch/e1498138/lhs/nonoise/ckpt_5e5/ckpt_336000.pkl
  [336100/500000]  elapsed=45993s  rate=7.3/s  eta=22428s  finite=336100
  [336200/500000]  elapsed=46007s  rate=7.3/s  eta=22415s  finite=336200
  [336300/500000]  elapsed=46020s  rate=7.3/s  eta=22401s  finite=336300
  [336400/500000]  elapsed=46034s  rate=7.3/s  eta=22388s  finite=336400
  [336500/500000]  elapsed=46048s  rate=7.3/s  eta=22374s  finite=336500
  [336600/500000]  elapsed=46061s  rate=7.3/s  eta=22360s  finite=336600
  [336700/500000]  elapsed=46076s  rate=7.3/s  eta=22347s  finite=336700
  [336800/500000]  elapsed=46089s  rate=7.3/s  eta=22333s  finite=336800
  [336900/500000]  elapsed=46101s  rate=7.3/s  eta=22318s  finite=336900
  [337000/500000]  elapsed=46114s  rate=7.3/s  eta=22304s  finite=337000
  -> checkpoint saved: /scratch/e1498138/lhs/nonoise/ckpt_5e5/ckpt_337000.pkl
  [337100/500000]  elapsed=46128s  rate=7.3/s  eta=22291s  finite=337100
  [337200/500000]  elapsed=46141s  rate=7.3/s  eta=22277s  finite=337200
  [337300/500000]  elapsed=46154s  rate=7.3/s  eta=22263s  finite=337300
  [337400/500000]  elapsed=46168s  rate=7.3/s  eta=22249s  finite=337400
  [337500/500000]  elapsed=46181s  rate=7.3/s  eta=22236s  finite=337500
  [337600/500000]  elapsed=46194s  rate=7.3/s  eta=22221s  finite=337600
  [337700/500000]  elapsed=46208s  rate=7.3/s  eta=22208s  finite=337700
  [337800/500000]  elapsed=46220s  rate=7.3/s  eta=22193s  finite=337800
  [337900/500000]  elapsed=46234s  rate=7.3/s  eta=22180s  finite=337900
  [338000/500000]  elapsed=46247s  rate=7.3/s  eta=22166s  finite=338000
  -> checkpoint saved: /scratch/e1498138/lhs/nonoise/ckpt_5e5/ckpt_338000.pkl
  [338100/500000]  elapsed=46262s  rate=7.3/s  eta=22153s  finite=338100
  [338200/500000]  elapsed=46276s  rate=7.3/s  eta=22139s  finite=338200
  [338300/500000]  elapsed=46289s  rate=7.3/s  eta=22125s  finite=338300
  [338400/500000]  elapsed=46303s  rate=7.3/s  eta=22112s  finite=338400
  [338500/500000]  elapsed=46316s  rate=7.3/s  eta=22098s  finite=338500
  [338600/500000]  elapsed=46330s  rate=7.3/s  eta=22084s  finite=338600
  [338700/500000]  elapsed=46344s  rate=7.3/s  eta=22071s  finite=338700
  [338800/500000]  elapsed=46358s  rate=7.3/s  eta=22057s  finite=338800
  [338900/500000]  elapsed=46372s  rate=7.3/s  eta=22043s  finite=338900
  [339000/500000]  elapsed=46384s  rate=7.3/s  eta=22029s  finite=339000
  -> checkpoint saved: /scratch/e1498138/lhs/nonoise/ckpt_5e5/ckpt_339000.pkl
  [339100/500000]  elapsed=46398s  rate=7.3/s  eta=22015s  finite=339100
  [339200/500000]  elapsed=46411s  rate=7.3/s  eta=22002s  finite=339200
  [339300/500000]  elapsed=46425s  rate=7.3/s  eta=21988s  finite=339300
  [339400/500000]  elapsed=46438s  rate=7.3/s  eta=21974s  finite=339400
  [339500/500000]  elapsed=46451s  rate=7.3/s  eta=21960s  finite=339500
  [339600/500000]  elapsed=46464s  rate=7.3/s  eta=21946s  finite=339600
  [339700/500000]  elapsed=46478s  rate=7.3/s  eta=21932s  finite=339700
  [339800/500000]  elapsed=46490s  rate=7.3/s  eta=21918s  finite=339800
  [339900/500000]  elapsed=46504s  rate=7.3/s  eta=21904s  finite=339900
  [340000/500000]  elapsed=46517s  rate=7.3/s  eta=21890s  finite=340000
  -> checkpoint saved: /scratch/e1498138/lhs/nonoise/ckpt_5e5/ckpt_340000.pkl
  [340100/500000]  elapsed=46530s  rate=7.3/s  eta=21876s  finite=340100
  [340200/500000]  elapsed=46544s  rate=7.3/s  eta=21863s  finite=340200
  [340300/500000]  elapsed=46557s  rate=7.3/s  eta=21849s  finite=340300
  [340400/500000]  elapsed=46571s  rate=7.3/s  eta=21835s  finite=340400
  [340500/500000]  elapsed=46586s  rate=7.3/s  eta=21822s  finite=340500
  [340600/500000]  elapsed=46598s  rate=7.3/s  eta=21808s  finite=340600
  [340700/500000]  elapsed=46611s  rate=7.3/s  eta=21794s  finite=340700
  [340800/500000]  elapsed=46625s  rate=7.3/s  eta=21780s  finite=340800
  [340900/500000]  elapsed=46639s  rate=7.3/s  eta=21767s  finite=340900
  [341000/500000]  elapsed=46653s  rate=7.3/s  eta=21753s  finite=341000
  -> checkpoint saved: /scratch/e1498138/lhs/nonoise/ckpt_5e5/ckpt_341000.pkl
  [341100/500000]  elapsed=46666s  rate=7.3/s  eta=21739s  finite=341100
  [341200/500000]  elapsed=46680s  rate=7.3/s  eta=21725s  finite=341200
  [341300/500000]  elapsed=46694s  rate=7.3/s  eta=21712s  finite=341300
  [341400/500000]  elapsed=46706s  rate=7.3/s  eta=21698s  finite=341400
  [341500/500000]  elapsed=46720s  rate=7.3/s  eta=21684s  finite=341500
  [341600/500000]  elapsed=46735s  rate=7.3/s  eta=21671s  finite=341600
  [341700/500000]  elapsed=46747s  rate=7.3/s  eta=21657s  finite=341700
  [341800/500000]  elapsed=46762s  rate=7.3/s  eta=21644s  finite=341800
  [341900/500000]  elapsed=46775s  rate=7.3/s  eta=21630s  finite=341900
  [342000/500000]  elapsed=46789s  rate=7.3/s  eta=21616s  finite=342000
  -> checkpoint saved: /scratch/e1498138/lhs/nonoise/ckpt_5e5/ckpt_342000.pkl
  [342100/500000]  elapsed=46803s  rate=7.3/s  eta=21603s  finite=342100
  [342200/500000]  elapsed=46817s  rate=7.3/s  eta=21589s  finite=342200
  [342300/500000]  elapsed=46829s  rate=7.3/s  eta=21574s  finite=342300
  [342400/500000]  elapsed=46843s  rate=7.3/s  eta=21561s  finite=342400
  [342500/500000]  elapsed=46856s  rate=7.3/s  eta=21547s  finite=342500
  [342600/500000]  elapsed=46871s  rate=7.3/s  eta=21534s  finite=342600
  [342700/500000]  elapsed=46885s  rate=7.3/s  eta=21520s  finite=342700
  [342800/500000]  elapsed=46899s  rate=7.3/s  eta=21507s  finite=342800
  [342900/500000]  elapsed=46913s  rate=7.3/s  eta=21493s  finite=342900
  [343000/500000]  elapsed=46926s  rate=7.3/s  eta=21479s  finite=343000
  -> checkpoint saved: /scratch/e1498138/lhs/nonoise/ckpt_5e5/ckpt_343000.pkl
  [343100/500000]  elapsed=46940s  rate=7.3/s  eta=21466s  finite=343100
  [343200/500000]  elapsed=46954s  rate=7.3/s  eta=21452s  finite=343200
  [343300/500000]  elapsed=46968s  rate=7.3/s  eta=21438s  finite=343300
  [343400/500000]  elapsed=46981s  rate=7.3/s  eta=21425s  finite=343400
  [343500/500000]  elapsed=46995s  rate=7.3/s  eta=21411s  finite=343500
  [343600/500000]  elapsed=47009s  rate=7.3/s  eta=21398s  finite=343600
  [343700/500000]  elapsed=47023s  rate=7.3/s  eta=21384s  finite=343700
  [343800/500000]  elapsed=47038s  rate=7.3/s  eta=21371s  finite=343800
  [343900/500000]  elapsed=47050s  rate=7.3/s  eta=21357s  finite=343900
  [344000/500000]  elapsed=47065s  rate=7.3/s  eta=21343s  finite=344000
  -> checkpoint saved: /scratch/e1498138/lhs/nonoise/ckpt_5e5/ckpt_344000.pkl
  [344100/500000]  elapsed=47077s  rate=7.3/s  eta=21329s  finite=344100
  [344200/500000]  elapsed=47090s  rate=7.3/s  eta=21315s  finite=344200
  [344300/500000]  elapsed=47104s  rate=7.3/s  eta=21301s  finite=344300
  [344400/500000]  elapsed=47118s  rate=7.3/s  eta=21288s  finite=344400
  [344500/500000]  elapsed=47134s  rate=7.3/s  eta=21275s  finite=344500
  [344600/500000]  elapsed=47147s  rate=7.3/s  eta=21261s  finite=344600
  [344700/500000]  elapsed=47160s  rate=7.3/s  eta=21247s  finite=344700
  [344800/500000]  elapsed=47174s  rate=7.3/s  eta=21234s  finite=344800
  [344900/500000]  elapsed=47187s  rate=7.3/s  eta=21220s  finite=344900
  [345000/500000]  elapsed=47200s  rate=7.3/s  eta=21206s  finite=345000
  -> checkpoint saved: /scratch/e1498138/lhs/nonoise/ckpt_5e5/ckpt_345000.pkl
  [345100/500000]  elapsed=47214s  rate=7.3/s  eta=21192s  finite=345100
  [345200/500000]  elapsed=47227s  rate=7.3/s  eta=21178s  finite=345200
  [345300/500000]  elapsed=47240s  rate=7.3/s  eta=21164s  finite=345300
  [345400/500000]  elapsed=47252s  rate=7.3/s  eta=21150s  finite=345400
  [345500/500000]  elapsed=47265s  rate=7.3/s  eta=21136s  finite=345500
  [345600/500000]  elapsed=47280s  rate=7.3/s  eta=21123s  finite=345600
  [345700/500000]  elapsed=47292s  rate=7.3/s  eta=21108s  finite=345700
  [345800/500000]  elapsed=47307s  rate=7.3/s  eta=21095s  finite=345800
  [345900/500000]  elapsed=47320s  rate=7.3/s  eta=21081s  finite=345900
  [346000/500000]  elapsed=47332s  rate=7.3/s  eta=21067s  finite=346000
  -> checkpoint saved: /scratch/e1498138/lhs/nonoise/ckpt_5e5/ckpt_346000.pkl
  [346100/500000]  elapsed=47347s  rate=7.3/s  eta=21054s  finite=346100
  [346200/500000]  elapsed=47360s  rate=7.3/s  eta=21040s  finite=346200
  [346300/500000]  elapsed=47374s  rate=7.3/s  eta=21026s  finite=346300
  [346400/500000]  elapsed=47387s  rate=7.3/s  eta=21012s  finite=346400
  [346500/500000]  elapsed=47399s  rate=7.3/s  eta=20998s  finite=346500
  [346600/500000]  elapsed=47411s  rate=7.3/s  eta=20984s  finite=346600
  [346700/500000]  elapsed=47427s  rate=7.3/s  eta=20971s  finite=346700
  [346800/500000]  elapsed=47440s  rate=7.3/s  eta=20957s  finite=346800
  [346900/500000]  elapsed=47453s  rate=7.3/s  eta=20943s  finite=346900
  [347000/500000]  elapsed=47467s  rate=7.3/s  eta=20929s  finite=347000
  -> checkpoint saved: /scratch/e1498138/lhs/nonoise/ckpt_5e5/ckpt_347000.pkl
  [347100/500000]  elapsed=47480s  rate=7.3/s  eta=20915s  finite=347100
  [347200/500000]  elapsed=47494s  rate=7.3/s  eta=20902s  finite=347200
  [347300/500000]  elapsed=47508s  rate=7.3/s  eta=20888s  finite=347300
  [347400/500000]  elapsed=47520s  rate=7.3/s  eta=20874s  finite=347400
  [347500/500000]  elapsed=47534s  rate=7.3/s  eta=20860s  finite=347500
  [347600/500000]  elapsed=47548s  rate=7.3/s  eta=20847s  finite=347600
  [347700/500000]  elapsed=47560s  rate=7.3/s  eta=20832s  finite=347700
  [347800/500000]  elapsed=47573s  rate=7.3/s  eta=20818s  finite=347800
  [347900/500000]  elapsed=47586s  rate=7.3/s  eta=20804s  finite=347900
  [348000/500000]  elapsed=47599s  rate=7.3/s  eta=20790s  finite=348000
  -> checkpoint saved: /scratch/e1498138/lhs/nonoise/ckpt_5e5/ckpt_348000.pkl
  [348100/500000]  elapsed=47612s  rate=7.3/s  eta=20776s  finite=348100
  [348200/500000]  elapsed=47626s  rate=7.3/s  eta=20763s  finite=348200
  [348300/500000]  elapsed=47640s  rate=7.3/s  eta=20749s  finite=348300
  [348400/500000]  elapsed=47652s  rate=7.3/s  eta=20735s  finite=348400
  [348500/500000]  elapsed=47667s  rate=7.3/s  eta=20722s  finite=348500
  [348600/500000]  elapsed=47681s  rate=7.3/s  eta=20708s  finite=348600
  [348700/500000]  elapsed=47696s  rate=7.3/s  eta=20695s  finite=348700
  [348800/500000]  elapsed=47709s  rate=7.3/s  eta=20681s  finite=348800
  [348900/500000]  elapsed=47723s  rate=7.3/s  eta=20668s  finite=348900
  [349000/500000]  elapsed=47736s  rate=7.3/s  eta=20654s  finite=349000
  -> checkpoint saved: /scratch/e1498138/lhs/nonoise/ckpt_5e5/ckpt_349000.pkl
  [349100/500000]  elapsed=47750s  rate=7.3/s  eta=20640s  finite=349100
  [349200/500000]  elapsed=47764s  rate=7.3/s  eta=20627s  finite=349200
  [349300/500000]  elapsed=47778s  rate=7.3/s  eta=20613s  finite=349300
  [349400/500000]  elapsed=47791s  rate=7.3/s  eta=20599s  finite=349400
  [349500/500000]  elapsed=47805s  rate=7.3/s  eta=20585s  finite=349500
  [349600/500000]  elapsed=47819s  rate=7.3/s  eta=20572s  finite=349600
  [349700/500000]  elapsed=47832s  rate=7.3/s  eta=20558s  finite=349700
  [349800/500000]  elapsed=47846s  rate=7.3/s  eta=20544s  finite=349800
  [349900/500000]  elapsed=47860s  rate=7.3/s  eta=20531s  finite=349900
  [350000/500000]  elapsed=47873s  rate=7.3/s  eta=20517s  finite=350000
  -> checkpoint saved: /scratch/e1498138/lhs/nonoise/ckpt_5e5/ckpt_350000.pkl
  [350100/500000]  elapsed=47888s  rate=7.3/s  eta=20504s  finite=350100
  [350200/500000]  elapsed=47901s  rate=7.3/s  eta=20490s  finite=350200
  [350300/500000]  elapsed=47914s  rate=7.3/s  eta=20476s  finite=350300
  [350400/500000]  elapsed=47928s  rate=7.3/s  eta=20462s  finite=350400
  [350500/500000]  elapsed=47942s  rate=7.3/s  eta=20449s  finite=350500
  [350600/500000]  elapsed=47955s  rate=7.3/s  eta=20435s  finite=350600
  [350700/500000]  elapsed=47968s  rate=7.3/s  eta=20421s  finite=350700
  [350800/500000]  elapsed=47982s  rate=7.3/s  eta=20407s  finite=350800
  [350900/500000]  elapsed=47996s  rate=7.3/s  eta=20394s  finite=350900
  [351000/500000]  elapsed=48010s  rate=7.3/s  eta=20380s  finite=351000
  -> checkpoint saved: /scratch/e1498138/lhs/nonoise/ckpt_5e5/ckpt_351000.pkl
  [351100/500000]  elapsed=48023s  rate=7.3/s  eta=20366s  finite=351100
  [351200/500000]  elapsed=48038s  rate=7.3/s  eta=20353s  finite=351200
  [351300/500000]  elapsed=48052s  rate=7.3/s  eta=20340s  finite=351300
  [351400/500000]  elapsed=48066s  rate=7.3/s  eta=20326s  finite=351400
  [351500/500000]  elapsed=48079s  rate=7.3/s  eta=20312s  finite=351500
  [351600/500000]  elapsed=48094s  rate=7.3/s  eta=20299s  finite=351600
  [351700/500000]  elapsed=48108s  rate=7.3/s  eta=20285s  finite=351700
  [351800/500000]  elapsed=48121s  rate=7.3/s  eta=20271s  finite=351800
  [351900/500000]  elapsed=48135s  rate=7.3/s  eta=20258s  finite=351900
  [352000/500000]  elapsed=48151s  rate=7.3/s  eta=20245s  finite=352000
  -> checkpoint saved: /scratch/e1498138/lhs/nonoise/ckpt_5e5/ckpt_352000.pkl
  [352100/500000]  elapsed=48164s  rate=7.3/s  eta=20232s  finite=352100
  [352200/500000]  elapsed=48178s  rate=7.3/s  eta=20218s  finite=352200
  [352300/500000]  elapsed=48192s  rate=7.3/s  eta=20204s  finite=352300
  [352400/500000]  elapsed=48205s  rate=7.3/s  eta=20190s  finite=352400
  [352500/500000]  elapsed=48220s  rate=7.3/s  eta=20177s  finite=352500
  [352600/500000]  elapsed=48235s  rate=7.3/s  eta=20164s  finite=352600
  [352700/500000]  elapsed=48248s  rate=7.3/s  eta=20150s  finite=352700
  [352800/500000]  elapsed=48261s  rate=7.3/s  eta=20136s  finite=352800
  [352900/500000]  elapsed=48276s  rate=7.3/s  eta=20123s  finite=352900
  [353000/500000]  elapsed=48289s  rate=7.3/s  eta=20109s  finite=353000
  -> checkpoint saved: /scratch/e1498138/lhs/nonoise/ckpt_5e5/ckpt_353000.pkl
  [353100/500000]  elapsed=48304s  rate=7.3/s  eta=20096s  finite=353100
  [353200/500000]  elapsed=48317s  rate=7.3/s  eta=20082s  finite=353200
  [353300/500000]  elapsed=48330s  rate=7.3/s  eta=20068s  finite=353300
  [353400/500000]  elapsed=48345s  rate=7.3/s  eta=20055s  finite=353400
  [353500/500000]  elapsed=48359s  rate=7.3/s  eta=20041s  finite=353500
  [353600/500000]  elapsed=48374s  rate=7.3/s  eta=20028s  finite=353600
  [353700/500000]  elapsed=48386s  rate=7.3/s  eta=20014s  finite=353700
  [353800/500000]  elapsed=48400s  rate=7.3/s  eta=20000s  finite=353800
  [353900/500000]  elapsed=48413s  rate=7.3/s  eta=19986s  finite=353900
  [354000/500000]  elapsed=48426s  rate=7.3/s  eta=19972s  finite=354000
  -> checkpoint saved: /scratch/e1498138/lhs/nonoise/ckpt_5e5/ckpt_354000.pkl
  [354100/500000]  elapsed=48439s  rate=7.3/s  eta=19958s  finite=354100
  [354200/500000]  elapsed=48451s  rate=7.3/s  eta=19944s  finite=354200
  [354300/500000]  elapsed=48465s  rate=7.3/s  eta=19931s  finite=354300
  [354400/500000]  elapsed=48479s  rate=7.3/s  eta=19917s  finite=354400
  [354500/500000]  elapsed=48493s  rate=7.3/s  eta=19903s  finite=354500
  [354600/500000]  elapsed=48509s  rate=7.3/s  eta=19890s  finite=354600
  [354700/500000]  elapsed=48521s  rate=7.3/s  eta=19876s  finite=354700
  [354800/500000]  elapsed=48535s  rate=7.3/s  eta=19863s  finite=354800
  [354900/500000]  elapsed=48549s  rate=7.3/s  eta=19849s  finite=354900
  [355000/500000]  elapsed=48564s  rate=7.3/s  eta=19836s  finite=355000
  -> checkpoint saved: /scratch/e1498138/lhs/nonoise/ckpt_5e5/ckpt_355000.pkl
  [355100/500000]  elapsed=48576s  rate=7.3/s  eta=19822s  finite=355100
  [355200/500000]  elapsed=48590s  rate=7.3/s  eta=19808s  finite=355200
  [355300/500000]  elapsed=48604s  rate=7.3/s  eta=19794s  finite=355300
  [355400/500000]  elapsed=48616s  rate=7.3/s  eta=19780s  finite=355400
  [355500/500000]  elapsed=48628s  rate=7.3/s  eta=19766s  finite=355500
  [355600/500000]  elapsed=48642s  rate=7.3/s  eta=19752s  finite=355600
  [355700/500000]  elapsed=48656s  rate=7.3/s  eta=19739s  finite=355700
  [355800/500000]  elapsed=48669s  rate=7.3/s  eta=19725s  finite=355800
  [355900/500000]  elapsed=48683s  rate=7.3/s  eta=19711s  finite=355900
  [356000/500000]  elapsed=48697s  rate=7.3/s  eta=19698s  finite=356000
  -> checkpoint saved: /scratch/e1498138/lhs/nonoise/ckpt_5e5/ckpt_356000.pkl
  [356100/500000]  elapsed=48711s  rate=7.3/s  eta=19684s  finite=356100
  [356200/500000]  elapsed=48725s  rate=7.3/s  eta=19670s  finite=356200
  [356300/500000]  elapsed=48738s  rate=7.3/s  eta=19657s  finite=356300
  [356400/500000]  elapsed=48752s  rate=7.3/s  eta=19643s  finite=356400
  [356500/500000]  elapsed=48765s  rate=7.3/s  eta=19629s  finite=356500
  [356600/500000]  elapsed=48778s  rate=7.3/s  eta=19615s  finite=356600
  [356700/500000]  elapsed=48792s  rate=7.3/s  eta=19602s  finite=356700
  [356800/500000]  elapsed=48805s  rate=7.3/s  eta=19588s  finite=356800
  [356900/500000]  elapsed=48818s  rate=7.3/s  eta=19574s  finite=356900
  [357000/500000]  elapsed=48832s  rate=7.3/s  eta=19560s  finite=357000
  -> checkpoint saved: /scratch/e1498138/lhs/nonoise/ckpt_5e5/ckpt_357000.pkl
  [357100/500000]  elapsed=48845s  rate=7.3/s  eta=19546s  finite=357100
  [357200/500000]  elapsed=48857s  rate=7.3/s  eta=19532s  finite=357200
  [357300/500000]  elapsed=48871s  rate=7.3/s  eta=19518s  finite=357300
  [357400/500000]  elapsed=48884s  rate=7.3/s  eta=19505s  finite=357400
  [357500/500000]  elapsed=48898s  rate=7.3/s  eta=19491s  finite=357500
  [357600/500000]  elapsed=48912s  rate=7.3/s  eta=19477s  finite=357600
  [357700/500000]  elapsed=48925s  rate=7.3/s  eta=19463s  finite=357700
  [357800/500000]  elapsed=48939s  rate=7.3/s  eta=19450s  finite=357800
  [357900/500000]  elapsed=48954s  rate=7.3/s  eta=19437s  finite=357900
  [358000/500000]  elapsed=48968s  rate=7.3/s  eta=19423s  finite=358000
  -> checkpoint saved: /scratch/e1498138/lhs/nonoise/ckpt_5e5/ckpt_358000.pkl
  [358100/500000]  elapsed=48982s  rate=7.3/s  eta=19409s  finite=358100
  [358200/500000]  elapsed=48995s  rate=7.3/s  eta=19396s  finite=358200
  [358300/500000]  elapsed=49010s  rate=7.3/s  eta=19382s  finite=358300
  [358400/500000]  elapsed=49024s  rate=7.3/s  eta=19369s  finite=358400
  [358500/500000]  elapsed=49038s  rate=7.3/s  eta=19355s  finite=358500
  [358600/500000]  elapsed=49053s  rate=7.3/s  eta=19342s  finite=358600
  [358700/500000]  elapsed=49066s  rate=7.3/s  eta=19328s  finite=358700
  [358800/500000]  elapsed=49080s  rate=7.3/s  eta=19315s  finite=358800
  [358900/500000]  elapsed=49095s  rate=7.3/s  eta=19301s  finite=358900
  [359000/500000]  elapsed=49109s  rate=7.3/s  eta=19288s  finite=359000
  -> checkpoint saved: /scratch/e1498138/lhs/nonoise/ckpt_5e5/ckpt_359000.pkl
  [359100/500000]  elapsed=49124s  rate=7.3/s  eta=19275s  finite=359100
  [359200/500000]  elapsed=49137s  rate=7.3/s  eta=19261s  finite=359200
  [359300/500000]  elapsed=49151s  rate=7.3/s  eta=19247s  finite=359300
  [359400/500000]  elapsed=49164s  rate=7.3/s  eta=19233s  finite=359400
  [359500/500000]  elapsed=49179s  rate=7.3/s  eta=19220s  finite=359500
  [359600/500000]  elapsed=49192s  rate=7.3/s  eta=19206s  finite=359600
  [359700/500000]  elapsed=49205s  rate=7.3/s  eta=19192s  finite=359700
  [359800/500000]  elapsed=49218s  rate=7.3/s  eta=19178s  finite=359800
  [359900/500000]  elapsed=49231s  rate=7.3/s  eta=19164s  finite=359900
  [360000/500000]  elapsed=49244s  rate=7.3/s  eta=19151s  finite=360000
  -> checkpoint saved: /scratch/e1498138/lhs/nonoise/ckpt_5e5/ckpt_360000.pkl
  [360100/500000]  elapsed=49257s  rate=7.3/s  eta=19136s  finite=360100
  [360200/500000]  elapsed=49271s  rate=7.3/s  eta=19123s  finite=360200
  [360300/500000]  elapsed=49284s  rate=7.3/s  eta=19109s  finite=360300
  [360400/500000]  elapsed=49298s  rate=7.3/s  eta=19095s  finite=360400
  [360500/500000]  elapsed=49311s  rate=7.3/s  eta=19081s  finite=360500
  [360600/500000]  elapsed=49324s  rate=7.3/s  eta=19068s  finite=360600
  [360700/500000]  elapsed=49338s  rate=7.3/s  eta=19054s  finite=360700
  [360800/500000]  elapsed=49351s  rate=7.3/s  eta=19040s  finite=360800
  [360900/500000]  elapsed=49366s  rate=7.3/s  eta=19027s  finite=360900
  [361000/500000]  elapsed=49379s  rate=7.3/s  eta=19013s  finite=361000
  -> checkpoint saved: /scratch/e1498138/lhs/nonoise/ckpt_5e5/ckpt_361000.pkl
  [361100/500000]  elapsed=49392s  rate=7.3/s  eta=18999s  finite=361100
  [361200/500000]  elapsed=49405s  rate=7.3/s  eta=18985s  finite=361200
  [361300/500000]  elapsed=49418s  rate=7.3/s  eta=18971s  finite=361300
  [361400/500000]  elapsed=49433s  rate=7.3/s  eta=18958s  finite=361400
  [361500/500000]  elapsed=49446s  rate=7.3/s  eta=18944s  finite=361500
  [361600/500000]  elapsed=49459s  rate=7.3/s  eta=18930s  finite=361600
  [361700/500000]  elapsed=49472s  rate=7.3/s  eta=18916s  finite=361700
  [361800/500000]  elapsed=49486s  rate=7.3/s  eta=18902s  finite=361800
  [361900/500000]  elapsed=49500s  rate=7.3/s  eta=18889s  finite=361900
  [362000/500000]  elapsed=49514s  rate=7.3/s  eta=18875s  finite=362000
  -> checkpoint saved: /scratch/e1498138/lhs/nonoise/ckpt_5e5/ckpt_362000.pkl
  [362100/500000]  elapsed=49527s  rate=7.3/s  eta=18862s  finite=362100
  [362200/500000]  elapsed=49542s  rate=7.3/s  eta=18848s  finite=362200
  [362300/500000]  elapsed=49555s  rate=7.3/s  eta=18835s  finite=362300
  [362400/500000]  elapsed=49569s  rate=7.3/s  eta=18821s  finite=362400
  [362500/500000]  elapsed=49584s  rate=7.3/s  eta=18808s  finite=362500
  [362600/500000]  elapsed=49597s  rate=7.3/s  eta=18794s  finite=362600
  [362700/500000]  elapsed=49610s  rate=7.3/s  eta=18780s  finite=362700
  [362800/500000]  elapsed=49623s  rate=7.3/s  eta=18766s  finite=362800
  [362900/500000]  elapsed=49638s  rate=7.3/s  eta=18753s  finite=362900
  [363000/500000]  elapsed=49651s  rate=7.3/s  eta=18739s  finite=363000
  -> checkpoint saved: /scratch/e1498138/lhs/nonoise/ckpt_5e5/ckpt_363000.pkl
  [363100/500000]  elapsed=49664s  rate=7.3/s  eta=18725s  finite=363100
  [363200/500000]  elapsed=49677s  rate=7.3/s  eta=18711s  finite=363200
  [363300/500000]  elapsed=49690s  rate=7.3/s  eta=18697s  finite=363300
  [363400/500000]  elapsed=49705s  rate=7.3/s  eta=18684s  finite=363400
  [363500/500000]  elapsed=49719s  rate=7.3/s  eta=18670s  finite=363500
  [363600/500000]  elapsed=49732s  rate=7.3/s  eta=18656s  finite=363600
  [363700/500000]  elapsed=49745s  rate=7.3/s  eta=18642s  finite=363700
  [363800/500000]  elapsed=49759s  rate=7.3/s  eta=18629s  finite=363800
  [363900/500000]  elapsed=49772s  rate=7.3/s  eta=18615s  finite=363900
  [364000/500000]  elapsed=49785s  rate=7.3/s  eta=18601s  finite=364000
  -> checkpoint saved: /scratch/e1498138/lhs/nonoise/ckpt_5e5/ckpt_364000.pkl
  [364100/500000]  elapsed=49798s  rate=7.3/s  eta=18587s  finite=364100
  [364200/500000]  elapsed=49811s  rate=7.3/s  eta=18573s  finite=364200
  [364300/500000]  elapsed=49825s  rate=7.3/s  eta=18559s  finite=364300
  [364400/500000]  elapsed=49838s  rate=7.3/s  eta=18546s  finite=364400
  [364500/500000]  elapsed=49851s  rate=7.3/s  eta=18532s  finite=364500
  [364600/500000]  elapsed=49865s  rate=7.3/s  eta=18518s  finite=364600
  [364700/500000]  elapsed=49879s  rate=7.3/s  eta=18505s  finite=364700
  [364800/500000]  elapsed=49893s  rate=7.3/s  eta=18491s  finite=364800
  [364900/500000]  elapsed=49907s  rate=7.3/s  eta=18477s  finite=364900
  [365000/500000]  elapsed=49921s  rate=7.3/s  eta=18464s  finite=365000
  -> checkpoint saved: /scratch/e1498138/lhs/nonoise/ckpt_5e5/ckpt_365000.pkl
  [365100/500000]  elapsed=49934s  rate=7.3/s  eta=18450s  finite=365100
  [365200/500000]  elapsed=49948s  rate=7.3/s  eta=18436s  finite=365200
  [365300/500000]  elapsed=49962s  rate=7.3/s  eta=18423s  finite=365300
  [365400/500000]  elapsed=49976s  rate=7.3/s  eta=18409s  finite=365400
  [365500/500000]  elapsed=49990s  rate=7.3/s  eta=18396s  finite=365500
  [365600/500000]  elapsed=50004s  rate=7.3/s  eta=18382s  finite=365600
  [365700/500000]  elapsed=50018s  rate=7.3/s  eta=18369s  finite=365700
  [365800/500000]  elapsed=50031s  rate=7.3/s  eta=18355s  finite=365800
  [365900/500000]  elapsed=50044s  rate=7.3/s  eta=18341s  finite=365900
  [366000/500000]  elapsed=50056s  rate=7.3/s  eta=18327s  finite=366000
  -> checkpoint saved: /scratch/e1498138/lhs/nonoise/ckpt_5e5/ckpt_366000.pkl
  [366100/500000]  elapsed=50069s  rate=7.3/s  eta=18313s  finite=366100
  [366200/500000]  elapsed=50084s  rate=7.3/s  eta=18299s  finite=366200
  [366300/500000]  elapsed=50099s  rate=7.3/s  eta=18286s  finite=366300
  [366400/500000]  elapsed=50112s  rate=7.3/s  eta=18272s  finite=366400
  [366500/500000]  elapsed=50125s  rate=7.3/s  eta=18258s  finite=366500
  [366600/500000]  elapsed=50139s  rate=7.3/s  eta=18245s  finite=366600
  [366700/500000]  elapsed=50152s  rate=7.3/s  eta=18231s  finite=366700
  [366800/500000]  elapsed=50164s  rate=7.3/s  eta=18217s  finite=366800
  [366900/500000]  elapsed=50177s  rate=7.3/s  eta=18203s  finite=366900
  [367000/500000]  elapsed=50190s  rate=7.3/s  eta=18189s  finite=367000
  -> checkpoint saved: /scratch/e1498138/lhs/nonoise/ckpt_5e5/ckpt_367000.pkl
  [367100/500000]  elapsed=50203s  rate=7.3/s  eta=18175s  finite=367100
  [367200/500000]  elapsed=50217s  rate=7.3/s  eta=18161s  finite=367200
  [367300/500000]  elapsed=50231s  rate=7.3/s  eta=18148s  finite=367300
  [367400/500000]  elapsed=50246s  rate=7.3/s  eta=18134s  finite=367400
  [367500/500000]  elapsed=50259s  rate=7.3/s  eta=18121s  finite=367500
  [367600/500000]  elapsed=50274s  rate=7.3/s  eta=18107s  finite=367600
  [367700/500000]  elapsed=50288s  rate=7.3/s  eta=18094s  finite=367700
  [367800/500000]  elapsed=50301s  rate=7.3/s  eta=18080s  finite=367800
  [367900/500000]  elapsed=50314s  rate=7.3/s  eta=18066s  finite=367900
  [368000/500000]  elapsed=50328s  rate=7.3/s  eta=18053s  finite=368000
  -> checkpoint saved: /scratch/e1498138/lhs/nonoise/ckpt_5e5/ckpt_368000.pkl
  [368100/500000]  elapsed=50343s  rate=7.3/s  eta=18039s  finite=368100
  [368200/500000]  elapsed=50356s  rate=7.3/s  eta=18025s  finite=368200
  [368300/500000]  elapsed=50370s  rate=7.3/s  eta=18012s  finite=368300
  [368400/500000]  elapsed=50383s  rate=7.3/s  eta=17998s  finite=368400
  [368500/500000]  elapsed=50397s  rate=7.3/s  eta=17984s  finite=368500
  [368600/500000]  elapsed=50412s  rate=7.3/s  eta=17971s  finite=368600
  [368700/500000]  elapsed=50425s  rate=7.3/s  eta=17957s  finite=368700
  [368800/500000]  elapsed=50439s  rate=7.3/s  eta=17943s  finite=368800
  [368900/500000]  elapsed=50452s  rate=7.3/s  eta=17930s  finite=368900
  [369000/500000]  elapsed=50466s  rate=7.3/s  eta=17916s  finite=369000
  -> checkpoint saved: /scratch/e1498138/lhs/nonoise/ckpt_5e5/ckpt_369000.pkl
  [369100/500000]  elapsed=50481s  rate=7.3/s  eta=17903s  finite=369100
  [369200/500000]  elapsed=50495s  rate=7.3/s  eta=17889s  finite=369200
  [369300/500000]  elapsed=50509s  rate=7.3/s  eta=17876s  finite=369300
  [369400/500000]  elapsed=50522s  rate=7.3/s  eta=17862s  finite=369400
  [369500/500000]  elapsed=50535s  rate=7.3/s  eta=17848s  finite=369500
  [369600/500000]  elapsed=50549s  rate=7.3/s  eta=17834s  finite=369600
  [369700/500000]  elapsed=50564s  rate=7.3/s  eta=17821s  finite=369700
  [369800/500000]  elapsed=50576s  rate=7.3/s  eta=17807s  finite=369800
  [369900/500000]  elapsed=50590s  rate=7.3/s  eta=17793s  finite=369900
  [370000/500000]  elapsed=50603s  rate=7.3/s  eta=17779s  finite=370000
  -> checkpoint saved: /scratch/e1498138/lhs/nonoise/ckpt_5e5/ckpt_370000.pkl
  [370100/500000]  elapsed=50618s  rate=7.3/s  eta=17766s  finite=370100
  [370200/500000]  elapsed=50630s  rate=7.3/s  eta=17752s  finite=370200
  [370300/500000]  elapsed=50644s  rate=7.3/s  eta=17738s  finite=370300
  [370400/500000]  elapsed=50659s  rate=7.3/s  eta=17725s  finite=370400
  [370500/500000]  elapsed=50672s  rate=7.3/s  eta=17711s  finite=370500
  [370600/500000]  elapsed=50684s  rate=7.3/s  eta=17697s  finite=370600
  [370700/500000]  elapsed=50697s  rate=7.3/s  eta=17683s  finite=370700
  [370800/500000]  elapsed=50710s  rate=7.3/s  eta=17669s  finite=370800
  [370900/500000]  elapsed=50724s  rate=7.3/s  eta=17656s  finite=370900
  [371000/500000]  elapsed=50738s  rate=7.3/s  eta=17642s  finite=371000
  -> checkpoint saved: /scratch/e1498138/lhs/nonoise/ckpt_5e5/ckpt_371000.pkl
  [371100/500000]  elapsed=50751s  rate=7.3/s  eta=17628s  finite=371100
  [371200/500000]  elapsed=50764s  rate=7.3/s  eta=17614s  finite=371200
  [371300/500000]  elapsed=50778s  rate=7.3/s  eta=17601s  finite=371300
  [371400/500000]  elapsed=50792s  rate=7.3/s  eta=17587s  finite=371400
  [371500/500000]  elapsed=50806s  rate=7.3/s  eta=17574s  finite=371500
  [371600/500000]  elapsed=50820s  rate=7.3/s  eta=17560s  finite=371600
  [371700/500000]  elapsed=50835s  rate=7.3/s  eta=17547s  finite=371700
  [371800/500000]  elapsed=50848s  rate=7.3/s  eta=17533s  finite=371800
  [371900/500000]  elapsed=50861s  rate=7.3/s  eta=17519s  finite=371900
  [372000/500000]  elapsed=50874s  rate=7.3/s  eta=17505s  finite=372000
  -> checkpoint saved: /scratch/e1498138/lhs/nonoise/ckpt_5e5/ckpt_372000.pkl
  [372100/500000]  elapsed=50890s  rate=7.3/s  eta=17492s  finite=372100
  [372200/500000]  elapsed=50904s  rate=7.3/s  eta=17478s  finite=372200
  [372300/500000]  elapsed=50918s  rate=7.3/s  eta=17465s  finite=372300
  [372400/500000]  elapsed=50931s  rate=7.3/s  eta=17451s  finite=372400
  [372500/500000]  elapsed=50945s  rate=7.3/s  eta=17438s  finite=372500
  [372600/500000]  elapsed=50959s  rate=7.3/s  eta=17424s  finite=372600
  [372700/500000]  elapsed=50973s  rate=7.3/s  eta=17411s  finite=372700
  [372800/500000]  elapsed=50987s  rate=7.3/s  eta=17397s  finite=372800
  [372900/500000]  elapsed=51002s  rate=7.3/s  eta=17384s  finite=372900
  [373000/500000]  elapsed=51014s  rate=7.3/s  eta=17369s  finite=373000
  -> checkpoint saved: /scratch/e1498138/lhs/nonoise/ckpt_5e5/ckpt_373000.pkl
  [373100/500000]  elapsed=51028s  rate=7.3/s  eta=17356s  finite=373100
  [373200/500000]  elapsed=51041s  rate=7.3/s  eta=17342s  finite=373200
  [373300/500000]  elapsed=51054s  rate=7.3/s  eta=17328s  finite=373300
  [373400/500000]  elapsed=51068s  rate=7.3/s  eta=17314s  finite=373400
  [373500/500000]  elapsed=51083s  rate=7.3/s  eta=17301s  finite=373500
  [373600/500000]  elapsed=51096s  rate=7.3/s  eta=17287s  finite=373600
  [373700/500000]  elapsed=51110s  rate=7.3/s  eta=17274s  finite=373700
  [373800/500000]  elapsed=51123s  rate=7.3/s  eta=17260s  finite=373800
  [373900/500000]  elapsed=51137s  rate=7.3/s  eta=17246s  finite=373900
  [374000/500000]  elapsed=51150s  rate=7.3/s  eta=17232s  finite=374000
  -> checkpoint saved: /scratch/e1498138/lhs/nonoise/ckpt_5e5/ckpt_374000.pkl
  [374100/500000]  elapsed=51164s  rate=7.3/s  eta=17219s  finite=374100
  [374200/500000]  elapsed=51177s  rate=7.3/s  eta=17205s  finite=374200
  [374300/500000]  elapsed=51190s  rate=7.3/s  eta=17191s  finite=374300
  [374400/500000]  elapsed=51203s  rate=7.3/s  eta=17177s  finite=374400
  [374500/500000]  elapsed=51215s  rate=7.3/s  eta=17163s  finite=374500
  [374600/500000]  elapsed=51228s  rate=7.3/s  eta=17149s  finite=374600
  [374700/500000]  elapsed=51241s  rate=7.3/s  eta=17135s  finite=374700
  [374800/500000]  elapsed=51255s  rate=7.3/s  eta=17121s  finite=374800
  [374900/500000]  elapsed=51268s  rate=7.3/s  eta=17108s  finite=374900
  [375000/500000]  elapsed=51283s  rate=7.3/s  eta=17094s  finite=375000
  -> checkpoint saved: /scratch/e1498138/lhs/nonoise/ckpt_5e5/ckpt_375000.pkl
  [375100/500000]  elapsed=51297s  rate=7.3/s  eta=17081s  finite=375100
  [375200/500000]  elapsed=51311s  rate=7.3/s  eta=17067s  finite=375200
  [375300/500000]  elapsed=51325s  rate=7.3/s  eta=17054s  finite=375300
  [375400/500000]  elapsed=51338s  rate=7.3/s  eta=17040s  finite=375400
  [375500/500000]  elapsed=51352s  rate=7.3/s  eta=17026s  finite=375500
  [375600/500000]  elapsed=51365s  rate=7.3/s  eta=17012s  finite=375600
  [375700/500000]  elapsed=51378s  rate=7.3/s  eta=16998s  finite=375700
  [375800/500000]  elapsed=51392s  rate=7.3/s  eta=16985s  finite=375800
  [375900/500000]  elapsed=51404s  rate=7.3/s  eta=16971s  finite=375900
  [376000/500000]  elapsed=51418s  rate=7.3/s  eta=16957s  finite=376000
  -> checkpoint saved: /scratch/e1498138/lhs/nonoise/ckpt_5e5/ckpt_376000.pkl
  [376100/500000]  elapsed=51432s  rate=7.3/s  eta=16943s  finite=376100
  [376200/500000]  elapsed=51445s  rate=7.3/s  eta=16930s  finite=376200
  [376300/500000]  elapsed=51459s  rate=7.3/s  eta=16916s  finite=376300
  [376400/500000]  elapsed=51473s  rate=7.3/s  eta=16902s  finite=376400
  [376500/500000]  elapsed=51488s  rate=7.3/s  eta=16889s  finite=376500
  [376600/500000]  elapsed=51502s  rate=7.3/s  eta=16875s  finite=376600
  [376700/500000]  elapsed=51516s  rate=7.3/s  eta=16862s  finite=376700
  [376800/500000]  elapsed=51529s  rate=7.3/s  eta=16848s  finite=376800
  [376900/500000]  elapsed=51541s  rate=7.3/s  eta=16834s  finite=376900
  [377000/500000]  elapsed=51554s  rate=7.3/s  eta=16820s  finite=377000
  -> checkpoint saved: /scratch/e1498138/lhs/nonoise/ckpt_5e5/ckpt_377000.pkl
  [377100/500000]  elapsed=51568s  rate=7.3/s  eta=16806s  finite=377100
  [377200/500000]  elapsed=51580s  rate=7.3/s  eta=16792s  finite=377200
  [377300/500000]  elapsed=51593s  rate=7.3/s  eta=16778s  finite=377300
  [377400/500000]  elapsed=51606s  rate=7.3/s  eta=16764s  finite=377400
  [377500/500000]  elapsed=51621s  rate=7.3/s  eta=16751s  finite=377500
  [377600/500000]  elapsed=51635s  rate=7.3/s  eta=16738s  finite=377600
  [377700/500000]  elapsed=51648s  rate=7.3/s  eta=16724s  finite=377700
  [377800/500000]  elapsed=51663s  rate=7.3/s  eta=16710s  finite=377800
  [377900/500000]  elapsed=51675s  rate=7.3/s  eta=16696s  finite=377900
  [378000/500000]  elapsed=51691s  rate=7.3/s  eta=16683s  finite=378000
  -> checkpoint saved: /scratch/e1498138/lhs/nonoise/ckpt_5e5/ckpt_378000.pkl
  [378100/500000]  elapsed=51705s  rate=7.3/s  eta=16670s  finite=378100
  [378200/500000]  elapsed=51719s  rate=7.3/s  eta=16656s  finite=378200
  [378300/500000]  elapsed=51733s  rate=7.3/s  eta=16643s  finite=378300
  [378400/500000]  elapsed=51747s  rate=7.3/s  eta=16629s  finite=378400
  [378500/500000]  elapsed=51762s  rate=7.3/s  eta=16616s  finite=378500
  [378600/500000]  elapsed=51776s  rate=7.3/s  eta=16602s  finite=378600
  [378700/500000]  elapsed=51789s  rate=7.3/s  eta=16588s  finite=378700
  [378800/500000]  elapsed=51803s  rate=7.3/s  eta=16575s  finite=378800
  [378900/500000]  elapsed=51816s  rate=7.3/s  eta=16561s  finite=378900
  [379000/500000]  elapsed=51829s  rate=7.3/s  eta=16547s  finite=379000
  -> checkpoint saved: /scratch/e1498138/lhs/nonoise/ckpt_5e5/ckpt_379000.pkl
  [379100/500000]  elapsed=51843s  rate=7.3/s  eta=16534s  finite=379100
  [379200/500000]  elapsed=51857s  rate=7.3/s  eta=16520s  finite=379200
  [379300/500000]  elapsed=51870s  rate=7.3/s  eta=16506s  finite=379300
  [379400/500000]  elapsed=51884s  rate=7.3/s  eta=16492s  finite=379400
  [379500/500000]  elapsed=51897s  rate=7.3/s  eta=16478s  finite=379500
  [379600/500000]  elapsed=51910s  rate=7.3/s  eta=16465s  finite=379600
  [379700/500000]  elapsed=51924s  rate=7.3/s  eta=16451s  finite=379700
  [379800/500000]  elapsed=51938s  rate=7.3/s  eta=16437s  finite=379800
  [379900/500000]  elapsed=51954s  rate=7.3/s  eta=16424s  finite=379900
  [380000/500000]  elapsed=51967s  rate=7.3/s  eta=16411s  finite=380000
  -> checkpoint saved: /scratch/e1498138/lhs/nonoise/ckpt_5e5/ckpt_380000.pkl
  [380100/500000]  elapsed=51980s  rate=7.3/s  eta=16397s  finite=380100
  [380200/500000]  elapsed=51992s  rate=7.3/s  eta=16383s  finite=380200
  [380300/500000]  elapsed=52006s  rate=7.3/s  eta=16369s  finite=380300
  [380400/500000]  elapsed=52020s  rate=7.3/s  eta=16356s  finite=380400
  [380500/500000]  elapsed=52034s  rate=7.3/s  eta=16342s  finite=380500
  [380600/500000]  elapsed=52049s  rate=7.3/s  eta=16329s  finite=380600
  [380700/500000]  elapsed=52062s  rate=7.3/s  eta=16315s  finite=380700
  [380800/500000]  elapsed=52076s  rate=7.3/s  eta=16301s  finite=380800
  [380900/500000]  elapsed=52090s  rate=7.3/s  eta=16287s  finite=380900
  [381000/500000]  elapsed=52103s  rate=7.3/s  eta=16274s  finite=381000
  -> checkpoint saved: /scratch/e1498138/lhs/nonoise/ckpt_5e5/ckpt_381000.pkl
  [381100/500000]  elapsed=52117s  rate=7.3/s  eta=16260s  finite=381100
  [381200/500000]  elapsed=52130s  rate=7.3/s  eta=16246s  finite=381200
  [381300/500000]  elapsed=52143s  rate=7.3/s  eta=16232s  finite=381300
  [381400/500000]  elapsed=52157s  rate=7.3/s  eta=16219s  finite=381400
  [381500/500000]  elapsed=52170s  rate=7.3/s  eta=16205s  finite=381500
  [381600/500000]  elapsed=52184s  rate=7.3/s  eta=16191s  finite=381600
  [381700/500000]  elapsed=52197s  rate=7.3/s  eta=16177s  finite=381700
  [381800/500000]  elapsed=52213s  rate=7.3/s  eta=16164s  finite=381800
  [381900/500000]  elapsed=52227s  rate=7.3/s  eta=16151s  finite=381900
  [382000/500000]  elapsed=52240s  rate=7.3/s  eta=16137s  finite=382000
  -> checkpoint saved: /scratch/e1498138/lhs/nonoise/ckpt_5e5/ckpt_382000.pkl
  [382100/500000]  elapsed=52254s  rate=7.3/s  eta=16123s  finite=382100
  [382200/500000]  elapsed=52267s  rate=7.3/s  eta=16110s  finite=382200
  [382300/500000]  elapsed=52281s  rate=7.3/s  eta=16096s  finite=382300
  [382400/500000]  elapsed=52294s  rate=7.3/s  eta=16082s  finite=382400
  [382500/500000]  elapsed=52309s  rate=7.3/s  eta=16069s  finite=382500
  [382600/500000]  elapsed=52324s  rate=7.3/s  eta=16055s  finite=382600
  [382700/500000]  elapsed=52338s  rate=7.3/s  eta=16042s  finite=382700
  [382800/500000]  elapsed=52351s  rate=7.3/s  eta=16028s  finite=382800
  [382900/500000]  elapsed=52365s  rate=7.3/s  eta=16014s  finite=382900
  [383000/500000]  elapsed=52378s  rate=7.3/s  eta=16001s  finite=383000
  -> checkpoint saved: /scratch/e1498138/lhs/nonoise/ckpt_5e5/ckpt_383000.pkl
  [383100/500000]  elapsed=52390s  rate=7.3/s  eta=15986s  finite=383100
  [383200/500000]  elapsed=52405s  rate=7.3/s  eta=15973s  finite=383200
  [383300/500000]  elapsed=52419s  rate=7.3/s  eta=15959s  finite=383300
  [383400/500000]  elapsed=52432s  rate=7.3/s  eta=15946s  finite=383400
  [383500/500000]  elapsed=52445s  rate=7.3/s  eta=15932s  finite=383500
  [383600/500000]  elapsed=52458s  rate=7.3/s  eta=15918s  finite=383600
  [383700/500000]  elapsed=52472s  rate=7.3/s  eta=15904s  finite=383700
  [383800/500000]  elapsed=52486s  rate=7.3/s  eta=15891s  finite=383800
  [383900/500000]  elapsed=52499s  rate=7.3/s  eta=15877s  finite=383900
  [384000/500000]  elapsed=52513s  rate=7.3/s  eta=15863s  finite=384000
  -> checkpoint saved: /scratch/e1498138/lhs/nonoise/ckpt_5e5/ckpt_384000.pkl
  [384100/500000]  elapsed=52527s  rate=7.3/s  eta=15850s  finite=384100
  [384200/500000]  elapsed=52541s  rate=7.3/s  eta=15836s  finite=384200
  [384300/500000]  elapsed=52554s  rate=7.3/s  eta=15822s  finite=384300
  [384400/500000]  elapsed=52568s  rate=7.3/s  eta=15809s  finite=384400
  [384500/500000]  elapsed=52581s  rate=7.3/s  eta=15795s  finite=384500
  [384600/500000]  elapsed=52595s  rate=7.3/s  eta=15781s  finite=384600
  [384700/500000]  elapsed=52608s  rate=7.3/s  eta=15767s  finite=384700
  [384800/500000]  elapsed=52622s  rate=7.3/s  eta=15754s  finite=384800
  [384900/500000]  elapsed=52635s  rate=7.3/s  eta=15740s  finite=384900
  [385000/500000]  elapsed=52649s  rate=7.3/s  eta=15726s  finite=385000
  -> checkpoint saved: /scratch/e1498138/lhs/nonoise/ckpt_5e5/ckpt_385000.pkl
  [385100/500000]  elapsed=52663s  rate=7.3/s  eta=15713s  finite=385100
  [385200/500000]  elapsed=52678s  rate=7.3/s  eta=15699s  finite=385200
  [385300/500000]  elapsed=52691s  rate=7.3/s  eta=15686s  finite=385300
  [385400/500000]  elapsed=52704s  rate=7.3/s  eta=15672s  finite=385400
  [385500/500000]  elapsed=52719s  rate=7.3/s  eta=15659s  finite=385500
  [385600/500000]  elapsed=52735s  rate=7.3/s  eta=15645s  finite=385600
  [385700/500000]  elapsed=52750s  rate=7.3/s  eta=15632s  finite=385700
  [385800/500000]  elapsed=52763s  rate=7.3/s  eta=15618s  finite=385800
  [385900/500000]  elapsed=52776s  rate=7.3/s  eta=15604s  finite=385900
  [386000/500000]  elapsed=52789s  rate=7.3/s  eta=15591s  finite=386000
  -> checkpoint saved: /scratch/e1498138/lhs/nonoise/ckpt_5e5/ckpt_386000.pkl
  [386100/500000]  elapsed=52803s  rate=7.3/s  eta=15577s  finite=386100
  [386200/500000]  elapsed=52816s  rate=7.3/s  eta=15563s  finite=386200
  [386300/500000]  elapsed=52829s  rate=7.3/s  eta=15549s  finite=386300
  [386400/500000]  elapsed=52844s  rate=7.3/s  eta=15536s  finite=386400
  [386500/500000]  elapsed=52857s  rate=7.3/s  eta=15522s  finite=386500
  [386600/500000]  elapsed=52872s  rate=7.3/s  eta=15509s  finite=386600
  [386700/500000]  elapsed=52885s  rate=7.3/s  eta=15495s  finite=386700
  [386800/500000]  elapsed=52899s  rate=7.3/s  eta=15481s  finite=386800
  [386900/500000]  elapsed=52913s  rate=7.3/s  eta=15468s  finite=386900
  [387000/500000]  elapsed=52927s  rate=7.3/s  eta=15454s  finite=387000
  -> checkpoint saved: /scratch/e1498138/lhs/nonoise/ckpt_5e5/ckpt_387000.pkl
  [387100/500000]  elapsed=52940s  rate=7.3/s  eta=15440s  finite=387100
  [387200/500000]  elapsed=52955s  rate=7.3/s  eta=15427s  finite=387200
  [387300/500000]  elapsed=52969s  rate=7.3/s  eta=15413s  finite=387300
  [387400/500000]  elapsed=52984s  rate=7.3/s  eta=15400s  finite=387400
  [387500/500000]  elapsed=52998s  rate=7.3/s  eta=15386s  finite=387500
  [387600/500000]  elapsed=53012s  rate=7.3/s  eta=15373s  finite=387600
  [387700/500000]  elapsed=53025s  rate=7.3/s  eta=15359s  finite=387700
  [387800/500000]  elapsed=53039s  rate=7.3/s  eta=15345s  finite=387800
  [387900/500000]  elapsed=53052s  rate=7.3/s  eta=15332s  finite=387900
  [388000/500000]  elapsed=53066s  rate=7.3/s  eta=15318s  finite=388000
  -> checkpoint saved: /scratch/e1498138/lhs/nonoise/ckpt_5e5/ckpt_388000.pkl
  [388100/500000]  elapsed=53079s  rate=7.3/s  eta=15304s  finite=388100
  [388200/500000]  elapsed=53092s  rate=7.3/s  eta=15290s  finite=388200
  [388300/500000]  elapsed=53108s  rate=7.3/s  eta=15277s  finite=388300
  [388400/500000]  elapsed=53123s  rate=7.3/s  eta=15264s  finite=388400
  [388500/500000]  elapsed=53137s  rate=7.3/s  eta=15251s  finite=388500
  [388600/500000]  elapsed=53151s  rate=7.3/s  eta=15237s  finite=388600
  [388700/500000]  elapsed=53164s  rate=7.3/s  eta=15223s  finite=388700
  [388800/500000]  elapsed=53177s  rate=7.3/s  eta=15209s  finite=388800
  [388900/500000]  elapsed=53191s  rate=7.3/s  eta=15195s  finite=388900
  [389000/500000]  elapsed=53203s  rate=7.3/s  eta=15181s  finite=389000
  -> checkpoint saved: /scratch/e1498138/lhs/nonoise/ckpt_5e5/ckpt_389000.pkl
  [389100/500000]  elapsed=53217s  rate=7.3/s  eta=15168s  finite=389100
  [389200/500000]  elapsed=53231s  rate=7.3/s  eta=15154s  finite=389200
  [389300/500000]  elapsed=53244s  rate=7.3/s  eta=15140s  finite=389300
  [389400/500000]  elapsed=53257s  rate=7.3/s  eta=15126s  finite=389400
  [389500/500000]  elapsed=53270s  rate=7.3/s  eta=15112s  finite=389500
  [389600/500000]  elapsed=53284s  rate=7.3/s  eta=15099s  finite=389600
  [389700/500000]  elapsed=53298s  rate=7.3/s  eta=15085s  finite=389700
  [389800/500000]  elapsed=53312s  rate=7.3/s  eta=15072s  finite=389800
  [389900/500000]  elapsed=53325s  rate=7.3/s  eta=15058s  finite=389900
  [390000/500000]  elapsed=53339s  rate=7.3/s  eta=15044s  finite=390000
  -> checkpoint saved: /scratch/e1498138/lhs/nonoise/ckpt_5e5/ckpt_390000.pkl
  [390100/500000]  elapsed=53354s  rate=7.3/s  eta=15031s  finite=390100
  [390200/500000]  elapsed=53368s  rate=7.3/s  eta=15017s  finite=390200
  [390300/500000]  elapsed=53381s  rate=7.3/s  eta=15004s  finite=390300
  [390400/500000]  elapsed=53395s  rate=7.3/s  eta=14990s  finite=390400
  [390500/500000]  elapsed=53409s  rate=7.3/s  eta=14976s  finite=390500
  [390600/500000]  elapsed=53422s  rate=7.3/s  eta=14963s  finite=390600
  [390700/500000]  elapsed=53437s  rate=7.3/s  eta=14949s  finite=390700
  [390800/500000]  elapsed=53450s  rate=7.3/s  eta=14935s  finite=390800
  [390900/500000]  elapsed=53464s  rate=7.3/s  eta=14922s  finite=390900
  [391000/500000]  elapsed=53477s  rate=7.3/s  eta=14908s  finite=391000
  -> checkpoint saved: /scratch/e1498138/lhs/nonoise/ckpt_5e5/ckpt_391000.pkl
  [391100/500000]  elapsed=53491s  rate=7.3/s  eta=14894s  finite=391100
  [391200/500000]  elapsed=53505s  rate=7.3/s  eta=14881s  finite=391200
  [391300/500000]  elapsed=53518s  rate=7.3/s  eta=14867s  finite=391300
  [391400/500000]  elapsed=53533s  rate=7.3/s  eta=14853s  finite=391400
  [391500/500000]  elapsed=53546s  rate=7.3/s  eta=14840s  finite=391500
  [391600/500000]  elapsed=53559s  rate=7.3/s  eta=14826s  finite=391600
  [391700/500000]  elapsed=53571s  rate=7.3/s  eta=14812s  finite=391700
  [391800/500000]  elapsed=53586s  rate=7.3/s  eta=14798s  finite=391800
  [391900/500000]  elapsed=53598s  rate=7.3/s  eta=14784s  finite=391900
  [392000/500000]  elapsed=53613s  rate=7.3/s  eta=14771s  finite=392000
  -> checkpoint saved: /scratch/e1498138/lhs/nonoise/ckpt_5e5/ckpt_392000.pkl
  [392100/500000]  elapsed=53627s  rate=7.3/s  eta=14757s  finite=392100
  [392200/500000]  elapsed=53641s  rate=7.3/s  eta=14744s  finite=392200
  [392300/500000]  elapsed=53654s  rate=7.3/s  eta=14730s  finite=392300
  [392400/500000]  elapsed=53667s  rate=7.3/s  eta=14716s  finite=392400
  [392500/500000]  elapsed=53680s  rate=7.3/s  eta=14702s  finite=392500
  [392600/500000]  elapsed=53693s  rate=7.3/s  eta=14688s  finite=392600
  [392700/500000]  elapsed=53708s  rate=7.3/s  eta=14675s  finite=392700
  [392800/500000]  elapsed=53722s  rate=7.3/s  eta=14661s  finite=392800
  [392900/500000]  elapsed=53736s  rate=7.3/s  eta=14648s  finite=392900
  [393000/500000]  elapsed=53750s  rate=7.3/s  eta=14634s  finite=393000
  -> checkpoint saved: /scratch/e1498138/lhs/nonoise/ckpt_5e5/ckpt_393000.pkl
  [393100/500000]  elapsed=53763s  rate=7.3/s  eta=14620s  finite=393100
  [393200/500000]  elapsed=53778s  rate=7.3/s  eta=14607s  finite=393200
  [393300/500000]  elapsed=53791s  rate=7.3/s  eta=14593s  finite=393300
  [393400/500000]  elapsed=53805s  rate=7.3/s  eta=14580s  finite=393400
  [393500/500000]  elapsed=53818s  rate=7.3/s  eta=14566s  finite=393500
  [393600/500000]  elapsed=53831s  rate=7.3/s  eta=14552s  finite=393600
  [393700/500000]  elapsed=53844s  rate=7.3/s  eta=14538s  finite=393700
  [393800/500000]  elapsed=53859s  rate=7.3/s  eta=14525s  finite=393800
  [393900/500000]  elapsed=53874s  rate=7.3/s  eta=14511s  finite=393900
  [394000/500000]  elapsed=53888s  rate=7.3/s  eta=14498s  finite=394000
  -> checkpoint saved: /scratch/e1498138/lhs/nonoise/ckpt_5e5/ckpt_394000.pkl
  [394100/500000]  elapsed=53901s  rate=7.3/s  eta=14484s  finite=394100
  [394200/500000]  elapsed=53914s  rate=7.3/s  eta=14470s  finite=394200
  [394300/500000]  elapsed=53926s  rate=7.3/s  eta=14456s  finite=394300
  [394400/500000]  elapsed=53939s  rate=7.3/s  eta=14442s  finite=394400
  [394500/500000]  elapsed=53955s  rate=7.3/s  eta=14429s  finite=394500
  [394600/500000]  elapsed=53969s  rate=7.3/s  eta=14415s  finite=394600
  [394700/500000]  elapsed=53984s  rate=7.3/s  eta=14402s  finite=394700
  [394800/500000]  elapsed=53996s  rate=7.3/s  eta=14388s  finite=394800
  [394900/500000]  elapsed=54010s  rate=7.3/s  eta=14374s  finite=394900
  [395000/500000]  elapsed=54024s  rate=7.3/s  eta=14361s  finite=395000
  -> checkpoint saved: /scratch/e1498138/lhs/nonoise/ckpt_5e5/ckpt_395000.pkl
  [395100/500000]  elapsed=54039s  rate=7.3/s  eta=14347s  finite=395100
  [395200/500000]  elapsed=54051s  rate=7.3/s  eta=14333s  finite=395200
  [395300/500000]  elapsed=54067s  rate=7.3/s  eta=14320s  finite=395300
  [395400/500000]  elapsed=54080s  rate=7.3/s  eta=14307s  finite=395400
  [395500/500000]  elapsed=54093s  rate=7.3/s  eta=14293s  finite=395500
  [395600/500000]  elapsed=54107s  rate=7.3/s  eta=14279s  finite=395600
  [395700/500000]  elapsed=54122s  rate=7.3/s  eta=14266s  finite=395700
  [395800/500000]  elapsed=54134s  rate=7.3/s  eta=14252s  finite=395800
  [395900/500000]  elapsed=54148s  rate=7.3/s  eta=14238s  finite=395900
  [396000/500000]  elapsed=54161s  rate=7.3/s  eta=14224s  finite=396000
  -> checkpoint saved: /scratch/e1498138/lhs/nonoise/ckpt_5e5/ckpt_396000.pkl
  [396100/500000]  elapsed=54174s  rate=7.3/s  eta=14210s  finite=396100
  [396200/500000]  elapsed=54188s  rate=7.3/s  eta=14197s  finite=396200
  [396300/500000]  elapsed=54200s  rate=7.3/s  eta=14183s  finite=396300
  [396400/500000]  elapsed=54214s  rate=7.3/s  eta=14169s  finite=396400
  [396500/500000]  elapsed=54227s  rate=7.3/s  eta=14155s  finite=396500
  [396600/500000]  elapsed=54241s  rate=7.3/s  eta=14142s  finite=396600
  [396700/500000]  elapsed=54256s  rate=7.3/s  eta=14128s  finite=396700
  [396800/500000]  elapsed=54270s  rate=7.3/s  eta=14115s  finite=396800
  [396900/500000]  elapsed=54284s  rate=7.3/s  eta=14101s  finite=396900
  [397000/500000]  elapsed=54297s  rate=7.3/s  eta=14087s  finite=397000
  -> checkpoint saved: /scratch/e1498138/lhs/nonoise/ckpt_5e5/ckpt_397000.pkl
  [397100/500000]  elapsed=54311s  rate=7.3/s  eta=14074s  finite=397100
  [397200/500000]  elapsed=54325s  rate=7.3/s  eta=14060s  finite=397200
  [397300/500000]  elapsed=54338s  rate=7.3/s  eta=14046s  finite=397300
  [397400/500000]  elapsed=54352s  rate=7.3/s  eta=14032s  finite=397400
  [397500/500000]  elapsed=54366s  rate=7.3/s  eta=14019s  finite=397500
  [397600/500000]  elapsed=54379s  rate=7.3/s  eta=14005s  finite=397600
  [397700/500000]  elapsed=54394s  rate=7.3/s  eta=13992s  finite=397700
  [397800/500000]  elapsed=54409s  rate=7.3/s  eta=13978s  finite=397800
  [397900/500000]  elapsed=54423s  rate=7.3/s  eta=13965s  finite=397900
  [398000/500000]  elapsed=54437s  rate=7.3/s  eta=13951s  finite=398000
  -> checkpoint saved: /scratch/e1498138/lhs/nonoise/ckpt_5e5/ckpt_398000.pkl
  [398100/500000]  elapsed=54451s  rate=7.3/s  eta=13938s  finite=398100
  [398200/500000]  elapsed=54466s  rate=7.3/s  eta=13924s  finite=398200
  [398300/500000]  elapsed=54479s  rate=7.3/s  eta=13910s  finite=398300
  [398400/500000]  elapsed=54493s  rate=7.3/s  eta=13897s  finite=398400
  [398500/500000]  elapsed=54506s  rate=7.3/s  eta=13883s  finite=398500
  [398600/500000]  elapsed=54519s  rate=7.3/s  eta=13869s  finite=398600
  [398700/500000]  elapsed=54532s  rate=7.3/s  eta=13855s  finite=398700
  [398800/500000]  elapsed=54546s  rate=7.3/s  eta=13842s  finite=398800
  [398900/500000]  elapsed=54560s  rate=7.3/s  eta=13828s  finite=398900
  [399000/500000]  elapsed=54575s  rate=7.3/s  eta=13815s  finite=399000
  -> checkpoint saved: /scratch/e1498138/lhs/nonoise/ckpt_5e5/ckpt_399000.pkl
  [399100/500000]  elapsed=54588s  rate=7.3/s  eta=13801s  finite=399100
  [399200/500000]  elapsed=54604s  rate=7.3/s  eta=13788s  finite=399200
  [399300/500000]  elapsed=54618s  rate=7.3/s  eta=13774s  finite=399300
  [399400/500000]  elapsed=54631s  rate=7.3/s  eta=13760s  finite=399400
  [399500/500000]  elapsed=54644s  rate=7.3/s  eta=13746s  finite=399500
  [399600/500000]  elapsed=54658s  rate=7.3/s  eta=13733s  finite=399600
  [399700/500000]  elapsed=54673s  rate=7.3/s  eta=13719s  finite=399700
  [399800/500000]  elapsed=54685s  rate=7.3/s  eta=13706s  finite=399800
  [399900/500000]  elapsed=54699s  rate=7.3/s  eta=13692s  finite=399900
  [400000/500000]  elapsed=54714s  rate=7.3/s  eta=13678s  finite=400000
  -> checkpoint saved: /scratch/e1498138/lhs/nonoise/ckpt_5e5/ckpt_400000.pkl
  [400100/500000]  elapsed=54726s  rate=7.3/s  eta=13665s  finite=400100
  [400200/500000]  elapsed=54740s  rate=7.3/s  eta=13651s  finite=400200
  [400300/500000]  elapsed=54753s  rate=7.3/s  eta=13637s  finite=400300
  [400400/500000]  elapsed=54768s  rate=7.3/s  eta=13624s  finite=400400
  [400500/500000]  elapsed=54782s  rate=7.3/s  eta=13610s  finite=400500
  [400600/500000]  elapsed=54795s  rate=7.3/s  eta=13596s  finite=400600
  [400700/500000]  elapsed=54810s  rate=7.3/s  eta=13583s  finite=400700
  [400800/500000]  elapsed=54825s  rate=7.3/s  eta=13569s  finite=400800
  [400900/500000]  elapsed=54838s  rate=7.3/s  eta=13556s  finite=400900
  [401000/500000]  elapsed=54852s  rate=7.3/s  eta=13542s  finite=401000
  -> checkpoint saved: /scratch/e1498138/lhs/nonoise/ckpt_5e5/ckpt_401000.pkl
  [401100/500000]  elapsed=54867s  rate=7.3/s  eta=13529s  finite=401100
  [401200/500000]  elapsed=54880s  rate=7.3/s  eta=13515s  finite=401200
  [401300/500000]  elapsed=54892s  rate=7.3/s  eta=13501s  finite=401300
  [401400/500000]  elapsed=54907s  rate=7.3/s  eta=13487s  finite=401400
  [401500/500000]  elapsed=54919s  rate=7.3/s  eta=13473s  finite=401500
  [401600/500000]  elapsed=54934s  rate=7.3/s  eta=13460s  finite=401600
  [401700/500000]  elapsed=54946s  rate=7.3/s  eta=13446s  finite=401700
  [401800/500000]  elapsed=54960s  rate=7.3/s  eta=13432s  finite=401800
  [401900/500000]  elapsed=54974s  rate=7.3/s  eta=13419s  finite=401900
  [402000/500000]  elapsed=54989s  rate=7.3/s  eta=13405s  finite=402000
  -> checkpoint saved: /scratch/e1498138/lhs/nonoise/ckpt_5e5/ckpt_402000.pkl
  [402100/500000]  elapsed=55003s  rate=7.3/s  eta=13392s  finite=402100
  [402200/500000]  elapsed=55017s  rate=7.3/s  eta=13378s  finite=402200
  [402300/500000]  elapsed=55031s  rate=7.3/s  eta=13364s  finite=402300
  [402400/500000]  elapsed=55045s  rate=7.3/s  eta=13351s  finite=402400
  [402500/500000]  elapsed=55060s  rate=7.3/s  eta=13338s  finite=402500
  [402600/500000]  elapsed=55075s  rate=7.3/s  eta=13324s  finite=402600
  [402700/500000]  elapsed=55089s  rate=7.3/s  eta=13311s  finite=402700
  [402800/500000]  elapsed=55105s  rate=7.3/s  eta=13297s  finite=402800
  [402900/500000]  elapsed=55119s  rate=7.3/s  eta=13284s  finite=402900
  [403000/500000]  elapsed=55134s  rate=7.3/s  eta=13270s  finite=403000
  -> checkpoint saved: /scratch/e1498138/lhs/nonoise/ckpt_5e5/ckpt_403000.pkl
  [403100/500000]  elapsed=55147s  rate=7.3/s  eta=13257s  finite=403100
  [403200/500000]  elapsed=55161s  rate=7.3/s  eta=13243s  finite=403200
  [403300/500000]  elapsed=55174s  rate=7.3/s  eta=13229s  finite=403300
  [403400/500000]  elapsed=55188s  rate=7.3/s  eta=13216s  finite=403400
  [403500/500000]  elapsed=55201s  rate=7.3/s  eta=13202s  finite=403500
  [403600/500000]  elapsed=55214s  rate=7.3/s  eta=13188s  finite=403600
  [403700/500000]  elapsed=55227s  rate=7.3/s  eta=13174s  finite=403700
  [403800/500000]  elapsed=55241s  rate=7.3/s  eta=13160s  finite=403800
  [403900/500000]  elapsed=55255s  rate=7.3/s  eta=13147s  finite=403900
  [404000/500000]  elapsed=55269s  rate=7.3/s  eta=13133s  finite=404000
  -> checkpoint saved: /scratch/e1498138/lhs/nonoise/ckpt_5e5/ckpt_404000.pkl
  [404100/500000]  elapsed=55283s  rate=7.3/s  eta=13120s  finite=404100
  [404200/500000]  elapsed=55296s  rate=7.3/s  eta=13106s  finite=404200
  [404300/500000]  elapsed=55309s  rate=7.3/s  eta=13092s  finite=404300
  [404400/500000]  elapsed=55322s  rate=7.3/s  eta=13078s  finite=404400
  [404500/500000]  elapsed=55336s  rate=7.3/s  eta=13064s  finite=404500
  [404600/500000]  elapsed=55350s  rate=7.3/s  eta=13051s  finite=404600
  [404700/500000]  elapsed=55363s  rate=7.3/s  eta=13037s  finite=404700
  [404800/500000]  elapsed=55379s  rate=7.3/s  eta=13024s  finite=404800
  [404900/500000]  elapsed=55392s  rate=7.3/s  eta=13010s  finite=404900
  [405000/500000]  elapsed=55406s  rate=7.3/s  eta=12996s  finite=405000
  -> checkpoint saved: /scratch/e1498138/lhs/nonoise/ckpt_5e5/ckpt_405000.pkl
  [405100/500000]  elapsed=55419s  rate=7.3/s  eta=12983s  finite=405100
  [405200/500000]  elapsed=55432s  rate=7.3/s  eta=12969s  finite=405200
  [405300/500000]  elapsed=55446s  rate=7.3/s  eta=12955s  finite=405300
  [405400/500000]  elapsed=55460s  rate=7.3/s  eta=12942s  finite=405400
  [405500/500000]  elapsed=55473s  rate=7.3/s  eta=12928s  finite=405500
  [405600/500000]  elapsed=55486s  rate=7.3/s  eta=12914s  finite=405600
  [405700/500000]  elapsed=55500s  rate=7.3/s  eta=12900s  finite=405700
  [405800/500000]  elapsed=55514s  rate=7.3/s  eta=12887s  finite=405800
  [405900/500000]  elapsed=55527s  rate=7.3/s  eta=12873s  finite=405900
  [406000/500000]  elapsed=55540s  rate=7.3/s  eta=12859s  finite=406000
  -> checkpoint saved: /scratch/e1498138/lhs/nonoise/ckpt_5e5/ckpt_406000.pkl
  [406100/500000]  elapsed=55554s  rate=7.3/s  eta=12845s  finite=406100
  [406200/500000]  elapsed=55568s  rate=7.3/s  eta=12832s  finite=406200
  [406300/500000]  elapsed=55582s  rate=7.3/s  eta=12818s  finite=406300
  [406400/500000]  elapsed=55595s  rate=7.3/s  eta=12804s  finite=406400
  [406500/500000]  elapsed=55609s  rate=7.3/s  eta=12791s  finite=406500
  [406600/500000]  elapsed=55622s  rate=7.3/s  eta=12777s  finite=406600
  [406700/500000]  elapsed=55635s  rate=7.3/s  eta=12763s  finite=406700
  [406800/500000]  elapsed=55649s  rate=7.3/s  eta=12749s  finite=406800
  [406900/500000]  elapsed=55662s  rate=7.3/s  eta=12736s  finite=406900
  [407000/500000]  elapsed=55675s  rate=7.3/s  eta=12722s  finite=407000
  -> checkpoint saved: /scratch/e1498138/lhs/nonoise/ckpt_5e5/ckpt_407000.pkl
  [407100/500000]  elapsed=55688s  rate=7.3/s  eta=12708s  finite=407100
  [407200/500000]  elapsed=55701s  rate=7.3/s  eta=12694s  finite=407200
  [407300/500000]  elapsed=55714s  rate=7.3/s  eta=12680s  finite=407300
  [407400/500000]  elapsed=55729s  rate=7.3/s  eta=12667s  finite=407400
  [407500/500000]  elapsed=55743s  rate=7.3/s  eta=12653s  finite=407500
  [407600/500000]  elapsed=55756s  rate=7.3/s  eta=12640s  finite=407600
  [407700/500000]  elapsed=55771s  rate=7.3/s  eta=12626s  finite=407700
  [407800/500000]  elapsed=55783s  rate=7.3/s  eta=12612s  finite=407800
  [407900/500000]  elapsed=55798s  rate=7.3/s  eta=12599s  finite=407900
  [408000/500000]  elapsed=55812s  rate=7.3/s  eta=12585s  finite=408000
  -> checkpoint saved: /scratch/e1498138/lhs/nonoise/ckpt_5e5/ckpt_408000.pkl
  [408100/500000]  elapsed=55824s  rate=7.3/s  eta=12571s  finite=408100
  [408200/500000]  elapsed=55838s  rate=7.3/s  eta=12557s  finite=408200
  [408300/500000]  elapsed=55851s  rate=7.3/s  eta=12544s  finite=408300
  [408400/500000]  elapsed=55864s  rate=7.3/s  eta=12530s  finite=408400
  [408500/500000]  elapsed=55877s  rate=7.3/s  eta=12516s  finite=408500
  [408600/500000]  elapsed=55891s  rate=7.3/s  eta=12502s  finite=408600
  [408700/500000]  elapsed=55904s  rate=7.3/s  eta=12488s  finite=408700
  [408800/500000]  elapsed=55918s  rate=7.3/s  eta=12475s  finite=408800
  [408900/500000]  elapsed=55932s  rate=7.3/s  eta=12461s  finite=408900
  [409000/500000]  elapsed=55944s  rate=7.3/s  eta=12447s  finite=409000
  -> checkpoint saved: /scratch/e1498138/lhs/nonoise/ckpt_5e5/ckpt_409000.pkl
  [409100/500000]  elapsed=55959s  rate=7.3/s  eta=12434s  finite=409100
  [409200/500000]  elapsed=55973s  rate=7.3/s  eta=12420s  finite=409200
  [409300/500000]  elapsed=55986s  rate=7.3/s  eta=12406s  finite=409300
  [409400/500000]  elapsed=55999s  rate=7.3/s  eta=12393s  finite=409400
  [409500/500000]  elapsed=56014s  rate=7.3/s  eta=12379s  finite=409500
  [409600/500000]  elapsed=56026s  rate=7.3/s  eta=12365s  finite=409600
  [409700/500000]  elapsed=56039s  rate=7.3/s  eta=12351s  finite=409700
  [409800/500000]  elapsed=56053s  rate=7.3/s  eta=12338s  finite=409800
  [409900/500000]  elapsed=56067s  rate=7.3/s  eta=12324s  finite=409900
  [410000/500000]  elapsed=56082s  rate=7.3/s  eta=12311s  finite=410000
  -> checkpoint saved: /scratch/e1498138/lhs/nonoise/ckpt_5e5/ckpt_410000.pkl
  [410100/500000]  elapsed=56095s  rate=7.3/s  eta=12297s  finite=410100
  [410200/500000]  elapsed=56108s  rate=7.3/s  eta=12283s  finite=410200
  [410300/500000]  elapsed=56123s  rate=7.3/s  eta=12270s  finite=410300
  [410400/500000]  elapsed=56136s  rate=7.3/s  eta=12256s  finite=410400
  [410500/500000]  elapsed=56151s  rate=7.3/s  eta=12242s  finite=410500
  [410600/500000]  elapsed=56165s  rate=7.3/s  eta=12229s  finite=410600
  [410700/500000]  elapsed=56180s  rate=7.3/s  eta=12215s  finite=410700
  [410800/500000]  elapsed=56194s  rate=7.3/s  eta=12202s  finite=410800
  [410900/500000]  elapsed=56207s  rate=7.3/s  eta=12188s  finite=410900
  [411000/500000]  elapsed=56223s  rate=7.3/s  eta=12175s  finite=411000
  -> checkpoint saved: /scratch/e1498138/lhs/nonoise/ckpt_5e5/ckpt_411000.pkl
  [411100/500000]  elapsed=56236s  rate=7.3/s  eta=12161s  finite=411100
  [411200/500000]  elapsed=56249s  rate=7.3/s  eta=12147s  finite=411200
  [411300/500000]  elapsed=56263s  rate=7.3/s  eta=12134s  finite=411300
  [411400/500000]  elapsed=56277s  rate=7.3/s  eta=12120s  finite=411400
  [411500/500000]  elapsed=56290s  rate=7.3/s  eta=12106s  finite=411500
  [411600/500000]  elapsed=56305s  rate=7.3/s  eta=12093s  finite=411600
  [411700/500000]  elapsed=56319s  rate=7.3/s  eta=12079s  finite=411700
  [411800/500000]  elapsed=56332s  rate=7.3/s  eta=12065s  finite=411800
  [411900/500000]  elapsed=56346s  rate=7.3/s  eta=12052s  finite=411900
  [412000/500000]  elapsed=56360s  rate=7.3/s  eta=12038s  finite=412000
  -> checkpoint saved: /scratch/e1498138/lhs/nonoise/ckpt_5e5/ckpt_412000.pkl
  [412100/500000]  elapsed=56374s  rate=7.3/s  eta=12024s  finite=412100
  [412200/500000]  elapsed=56387s  rate=7.3/s  eta=12011s  finite=412200
  [412300/500000]  elapsed=56399s  rate=7.3/s  eta=11997s  finite=412300
  [412400/500000]  elapsed=56413s  rate=7.3/s  eta=11983s  finite=412400
  [412500/500000]  elapsed=56426s  rate=7.3/s  eta=11969s  finite=412500
  [412600/500000]  elapsed=56440s  rate=7.3/s  eta=11956s  finite=412600
  [412700/500000]  elapsed=56453s  rate=7.3/s  eta=11942s  finite=412700
  [412800/500000]  elapsed=56466s  rate=7.3/s  eta=11928s  finite=412800
  [412900/500000]  elapsed=56481s  rate=7.3/s  eta=11914s  finite=412900
  [413000/500000]  elapsed=56496s  rate=7.3/s  eta=11901s  finite=413000
  -> checkpoint saved: /scratch/e1498138/lhs/nonoise/ckpt_5e5/ckpt_413000.pkl
  [413100/500000]  elapsed=56509s  rate=7.3/s  eta=11887s  finite=413100
  [413200/500000]  elapsed=56523s  rate=7.3/s  eta=11874s  finite=413200
  [413300/500000]  elapsed=56536s  rate=7.3/s  eta=11860s  finite=413300
  [413400/500000]  elapsed=56549s  rate=7.3/s  eta=11846s  finite=413400
  [413500/500000]  elapsed=56561s  rate=7.3/s  eta=11832s  finite=413500
  [413600/500000]  elapsed=56575s  rate=7.3/s  eta=11818s  finite=413600
  [413700/500000]  elapsed=56589s  rate=7.3/s  eta=11805s  finite=413700
  [413800/500000]  elapsed=56603s  rate=7.3/s  eta=11791s  finite=413800
  [413900/500000]  elapsed=56615s  rate=7.3/s  eta=11777s  finite=413900
  [414000/500000]  elapsed=56630s  rate=7.3/s  eta=11764s  finite=414000
  -> checkpoint saved: /scratch/e1498138/lhs/nonoise/ckpt_5e5/ckpt_414000.pkl
  [414100/500000]  elapsed=56643s  rate=7.3/s  eta=11750s  finite=414100
  [414200/500000]  elapsed=56656s  rate=7.3/s  eta=11736s  finite=414200
  [414300/500000]  elapsed=56669s  rate=7.3/s  eta=11722s  finite=414300
  [414400/500000]  elapsed=56683s  rate=7.3/s  eta=11709s  finite=414400
  [414500/500000]  elapsed=56697s  rate=7.3/s  eta=11695s  finite=414500
  [414600/500000]  elapsed=56710s  rate=7.3/s  eta=11681s  finite=414600
  [414700/500000]  elapsed=56724s  rate=7.3/s  eta=11668s  finite=414700
  [414800/500000]  elapsed=56737s  rate=7.3/s  eta=11654s  finite=414800
  [414900/500000]  elapsed=56752s  rate=7.3/s  eta=11640s  finite=414900
  [415000/500000]  elapsed=56765s  rate=7.3/s  eta=11627s  finite=415000
  -> checkpoint saved: /scratch/e1498138/lhs/nonoise/ckpt_5e5/ckpt_415000.pkl
  [415100/500000]  elapsed=56780s  rate=7.3/s  eta=11613s  finite=415100
  [415200/500000]  elapsed=56794s  rate=7.3/s  eta=11600s  finite=415200
  [415300/500000]  elapsed=56807s  rate=7.3/s  eta=11586s  finite=415300
  [415400/500000]  elapsed=56821s  rate=7.3/s  eta=11572s  finite=415400
  [415500/500000]  elapsed=56834s  rate=7.3/s  eta=11558s  finite=415500
  [415600/500000]  elapsed=56848s  rate=7.3/s  eta=11545s  finite=415600
  [415700/500000]  elapsed=56862s  rate=7.3/s  eta=11531s  finite=415700
  [415800/500000]  elapsed=56874s  rate=7.3/s  eta=11517s  finite=415800
  [415900/500000]  elapsed=56889s  rate=7.3/s  eta=11504s  finite=415900
  [416000/500000]  elapsed=56903s  rate=7.3/s  eta=11490s  finite=416000
  -> checkpoint saved: /scratch/e1498138/lhs/nonoise/ckpt_5e5/ckpt_416000.pkl
  [416100/500000]  elapsed=56916s  rate=7.3/s  eta=11476s  finite=416100
  [416200/500000]  elapsed=56929s  rate=7.3/s  eta=11462s  finite=416200
  [416300/500000]  elapsed=56942s  rate=7.3/s  eta=11449s  finite=416300
  [416400/500000]  elapsed=56955s  rate=7.3/s  eta=11435s  finite=416400
  [416500/500000]  elapsed=56968s  rate=7.3/s  eta=11421s  finite=416500
  [416600/500000]  elapsed=56982s  rate=7.3/s  eta=11407s  finite=416600
  [416700/500000]  elapsed=56995s  rate=7.3/s  eta=11393s  finite=416700
  [416800/500000]  elapsed=57008s  rate=7.3/s  eta=11380s  finite=416800
  [416900/500000]  elapsed=57021s  rate=7.3/s  eta=11366s  finite=416900
  [417000/500000]  elapsed=57036s  rate=7.3/s  eta=11352s  finite=417000
  -> checkpoint saved: /scratch/e1498138/lhs/nonoise/ckpt_5e5/ckpt_417000.pkl
  [417100/500000]  elapsed=57049s  rate=7.3/s  eta=11339s  finite=417100
  [417200/500000]  elapsed=57062s  rate=7.3/s  eta=11325s  finite=417200
  [417300/500000]  elapsed=57075s  rate=7.3/s  eta=11311s  finite=417300
  [417400/500000]  elapsed=57089s  rate=7.3/s  eta=11297s  finite=417400
  [417500/500000]  elapsed=57103s  rate=7.3/s  eta=11284s  finite=417500
  [417600/500000]  elapsed=57117s  rate=7.3/s  eta=11270s  finite=417600
  [417700/500000]  elapsed=57130s  rate=7.3/s  eta=11256s  finite=417700
  [417800/500000]  elapsed=57145s  rate=7.3/s  eta=11243s  finite=417800
  [417900/500000]  elapsed=57158s  rate=7.3/s  eta=11229s  finite=417900
  [418000/500000]  elapsed=57170s  rate=7.3/s  eta=11215s  finite=418000
  -> checkpoint saved: /scratch/e1498138/lhs/nonoise/ckpt_5e5/ckpt_418000.pkl
  [418100/500000]  elapsed=57183s  rate=7.3/s  eta=11201s  finite=418100
  [418200/500000]  elapsed=57199s  rate=7.3/s  eta=11188s  finite=418200
  [418300/500000]  elapsed=57212s  rate=7.3/s  eta=11174s  finite=418300
  [418400/500000]  elapsed=57225s  rate=7.3/s  eta=11160s  finite=418400
  [418500/500000]  elapsed=57238s  rate=7.3/s  eta=11147s  finite=418500
  [418600/500000]  elapsed=57251s  rate=7.3/s  eta=11133s  finite=418600
  [418700/500000]  elapsed=57264s  rate=7.3/s  eta=11119s  finite=418700
  [418800/500000]  elapsed=57279s  rate=7.3/s  eta=11106s  finite=418800
  [418900/500000]  elapsed=57294s  rate=7.3/s  eta=11092s  finite=418900
  [419000/500000]  elapsed=57308s  rate=7.3/s  eta=11079s  finite=419000
  -> checkpoint saved: /scratch/e1498138/lhs/nonoise/ckpt_5e5/ckpt_419000.pkl
  [419100/500000]  elapsed=57323s  rate=7.3/s  eta=11065s  finite=419100
  [419200/500000]  elapsed=57336s  rate=7.3/s  eta=11051s  finite=419200
  [419300/500000]  elapsed=57350s  rate=7.3/s  eta=11038s  finite=419300
  [419400/500000]  elapsed=57363s  rate=7.3/s  eta=11024s  finite=419400
  [419500/500000]  elapsed=57378s  rate=7.3/s  eta=11010s  finite=419500
  [419600/500000]  elapsed=57392s  rate=7.3/s  eta=10997s  finite=419600
  [419700/500000]  elapsed=57407s  rate=7.3/s  eta=10983s  finite=419700
  [419800/500000]  elapsed=57419s  rate=7.3/s  eta=10970s  finite=419800
  [419900/500000]  elapsed=57433s  rate=7.3/s  eta=10956s  finite=419900
  [420000/500000]  elapsed=57447s  rate=7.3/s  eta=10942s  finite=420000
  -> checkpoint saved: /scratch/e1498138/lhs/nonoise/ckpt_5e5/ckpt_420000.pkl
  [420100/500000]  elapsed=57461s  rate=7.3/s  eta=10929s  finite=420100
  [420200/500000]  elapsed=57475s  rate=7.3/s  eta=10915s  finite=420200
  [420300/500000]  elapsed=57488s  rate=7.3/s  eta=10901s  finite=420300
  [420400/500000]  elapsed=57502s  rate=7.3/s  eta=10888s  finite=420400
  [420500/500000]  elapsed=57516s  rate=7.3/s  eta=10874s  finite=420500
  [420600/500000]  elapsed=57529s  rate=7.3/s  eta=10860s  finite=420600
  [420700/500000]  elapsed=57542s  rate=7.3/s  eta=10846s  finite=420700
  [420800/500000]  elapsed=57555s  rate=7.3/s  eta=10833s  finite=420800
  [420900/500000]  elapsed=57567s  rate=7.3/s  eta=10819s  finite=420900
  [421000/500000]  elapsed=57581s  rate=7.3/s  eta=10805s  finite=421000
  -> checkpoint saved: /scratch/e1498138/lhs/nonoise/ckpt_5e5/ckpt_421000.pkl
  [421100/500000]  elapsed=57595s  rate=7.3/s  eta=10791s  finite=421100
  [421200/500000]  elapsed=57608s  rate=7.3/s  eta=10778s  finite=421200
  [421300/500000]  elapsed=57622s  rate=7.3/s  eta=10764s  finite=421300
  [421400/500000]  elapsed=57635s  rate=7.3/s  eta=10750s  finite=421400
  [421500/500000]  elapsed=57648s  rate=7.3/s  eta=10736s  finite=421500
  [421600/500000]  elapsed=57664s  rate=7.3/s  eta=10723s  finite=421600
  [421700/500000]  elapsed=57677s  rate=7.3/s  eta=10709s  finite=421700
  [421800/500000]  elapsed=57690s  rate=7.3/s  eta=10696s  finite=421800
  [421900/500000]  elapsed=57704s  rate=7.3/s  eta=10682s  finite=421900
  [422000/500000]  elapsed=57719s  rate=7.3/s  eta=10668s  finite=422000
  -> checkpoint saved: /scratch/e1498138/lhs/nonoise/ckpt_5e5/ckpt_422000.pkl
  [422100/500000]  elapsed=57732s  rate=7.3/s  eta=10655s  finite=422100
  [422200/500000]  elapsed=57744s  rate=7.3/s  eta=10641s  finite=422200
  [422300/500000]  elapsed=57757s  rate=7.3/s  eta=10627s  finite=422300
  [422400/500000]  elapsed=57770s  rate=7.3/s  eta=10613s  finite=422400
  [422500/500000]  elapsed=57784s  rate=7.3/s  eta=10599s  finite=422500
  [422600/500000]  elapsed=57797s  rate=7.3/s  eta=10586s  finite=422600
  [422700/500000]  elapsed=57811s  rate=7.3/s  eta=10572s  finite=422700
  [422800/500000]  elapsed=57824s  rate=7.3/s  eta=10558s  finite=422800
  [422900/500000]  elapsed=57837s  rate=7.3/s  eta=10544s  finite=422900
  [423000/500000]  elapsed=57850s  rate=7.3/s  eta=10531s  finite=423000
  -> checkpoint saved: /scratch/e1498138/lhs/nonoise/ckpt_5e5/ckpt_423000.pkl
  [423100/500000]  elapsed=57864s  rate=7.3/s  eta=10517s  finite=423100
  [423200/500000]  elapsed=57878s  rate=7.3/s  eta=10503s  finite=423200
  [423300/500000]  elapsed=57891s  rate=7.3/s  eta=10490s  finite=423300
  [423400/500000]  elapsed=57904s  rate=7.3/s  eta=10476s  finite=423400
  [423500/500000]  elapsed=57918s  rate=7.3/s  eta=10462s  finite=423500
  [423600/500000]  elapsed=57932s  rate=7.3/s  eta=10449s  finite=423600
  [423700/500000]  elapsed=57946s  rate=7.3/s  eta=10435s  finite=423700
  [423800/500000]  elapsed=57960s  rate=7.3/s  eta=10421s  finite=423800
  [423900/500000]  elapsed=57973s  rate=7.3/s  eta=10408s  finite=423900
  [424000/500000]  elapsed=57986s  rate=7.3/s  eta=10394s  finite=424000
  -> checkpoint saved: /scratch/e1498138/lhs/nonoise/ckpt_5e5/ckpt_424000.pkl
  [424100/500000]  elapsed=58000s  rate=7.3/s  eta=10380s  finite=424100
  [424200/500000]  elapsed=58014s  rate=7.3/s  eta=10366s  finite=424200
  [424300/500000]  elapsed=58029s  rate=7.3/s  eta=10353s  finite=424300
  [424400/500000]  elapsed=58041s  rate=7.3/s  eta=10339s  finite=424400
  [424500/500000]  elapsed=58056s  rate=7.3/s  eta=10326s  finite=424500
  [424600/500000]  elapsed=58069s  rate=7.3/s  eta=10312s  finite=424600
  [424700/500000]  elapsed=58082s  rate=7.3/s  eta=10298s  finite=424700
  [424800/500000]  elapsed=58097s  rate=7.3/s  eta=10285s  finite=424800
  [424900/500000]  elapsed=58110s  rate=7.3/s  eta=10271s  finite=424900
  [425000/500000]  elapsed=58124s  rate=7.3/s  eta=10257s  finite=425000
  -> checkpoint saved: /scratch/e1498138/lhs/nonoise/ckpt_5e5/ckpt_425000.pkl
  [425100/500000]  elapsed=58137s  rate=7.3/s  eta=10243s  finite=425100
  [425200/500000]  elapsed=58150s  rate=7.3/s  eta=10230s  finite=425200
  [425300/500000]  elapsed=58165s  rate=7.3/s  eta=10216s  finite=425300
  [425400/500000]  elapsed=58179s  rate=7.3/s  eta=10203s  finite=425400
  [425500/500000]  elapsed=58194s  rate=7.3/s  eta=10189s  finite=425500
  [425600/500000]  elapsed=58207s  rate=7.3/s  eta=10175s  finite=425600
  [425700/500000]  elapsed=58220s  rate=7.3/s  eta=10162s  finite=425700
  [425800/500000]  elapsed=58234s  rate=7.3/s  eta=10148s  finite=425800
  [425900/500000]  elapsed=58248s  rate=7.3/s  eta=10134s  finite=425900
  [426000/500000]  elapsed=58261s  rate=7.3/s  eta=10121s  finite=426000
  -> checkpoint saved: /scratch/e1498138/lhs/nonoise/ckpt_5e5/ckpt_426000.pkl
  [426100/500000]  elapsed=58274s  rate=7.3/s  eta=10107s  finite=426100
  [426200/500000]  elapsed=58287s  rate=7.3/s  eta=10093s  finite=426200
  [426300/500000]  elapsed=58302s  rate=7.3/s  eta=10079s  finite=426300
  [426400/500000]  elapsed=58317s  rate=7.3/s  eta=10066s  finite=426400
  [426500/500000]  elapsed=58331s  rate=7.3/s  eta=10052s  finite=426500
  [426600/500000]  elapsed=58344s  rate=7.3/s  eta=10039s  finite=426600
  [426700/500000]  elapsed=58356s  rate=7.3/s  eta=10025s  finite=426700
  [426800/500000]  elapsed=58370s  rate=7.3/s  eta=10011s  finite=426800
  [426900/500000]  elapsed=58383s  rate=7.3/s  eta=9997s  finite=426900
  [427000/500000]  elapsed=58396s  rate=7.3/s  eta=9983s  finite=427000
  -> checkpoint saved: /scratch/e1498138/lhs/nonoise/ckpt_5e5/ckpt_427000.pkl
  [427100/500000]  elapsed=58409s  rate=7.3/s  eta=9970s  finite=427100
  [427200/500000]  elapsed=58421s  rate=7.3/s  eta=9956s  finite=427200
  [427300/500000]  elapsed=58438s  rate=7.3/s  eta=9943s  finite=427300
  [427400/500000]  elapsed=58452s  rate=7.3/s  eta=9929s  finite=427400
  [427500/500000]  elapsed=58466s  rate=7.3/s  eta=9915s  finite=427500
  [427600/500000]  elapsed=58481s  rate=7.3/s  eta=9902s  finite=427600
  [427700/500000]  elapsed=58495s  rate=7.3/s  eta=9888s  finite=427700
  [427800/500000]  elapsed=58509s  rate=7.3/s  eta=9875s  finite=427800
  [427900/500000]  elapsed=58522s  rate=7.3/s  eta=9861s  finite=427900
  [428000/500000]  elapsed=58536s  rate=7.3/s  eta=9847s  finite=428000
  -> checkpoint saved: /scratch/e1498138/lhs/nonoise/ckpt_5e5/ckpt_428000.pkl
  [428100/500000]  elapsed=58550s  rate=7.3/s  eta=9834s  finite=428100
  [428200/500000]  elapsed=58565s  rate=7.3/s  eta=9820s  finite=428200
  [428300/500000]  elapsed=58579s  rate=7.3/s  eta=9807s  finite=428300
  [428400/500000]  elapsed=58594s  rate=7.3/s  eta=9793s  finite=428400
  [428500/500000]  elapsed=58609s  rate=7.3/s  eta=9780s  finite=428500
  [428600/500000]  elapsed=58623s  rate=7.3/s  eta=9766s  finite=428600
  [428700/500000]  elapsed=58636s  rate=7.3/s  eta=9752s  finite=428700
  [428800/500000]  elapsed=58650s  rate=7.3/s  eta=9738s  finite=428800
  [428900/500000]  elapsed=58663s  rate=7.3/s  eta=9725s  finite=428900
  [429000/500000]  elapsed=58677s  rate=7.3/s  eta=9711s  finite=429000
  -> checkpoint saved: /scratch/e1498138/lhs/nonoise/ckpt_5e5/ckpt_429000.pkl
  [429100/500000]  elapsed=58689s  rate=7.3/s  eta=9697s  finite=429100
  [429200/500000]  elapsed=58703s  rate=7.3/s  eta=9683s  finite=429200
  [429300/500000]  elapsed=58716s  rate=7.3/s  eta=9670s  finite=429300
  [429400/500000]  elapsed=58730s  rate=7.3/s  eta=9656s  finite=429400
  [429500/500000]  elapsed=58743s  rate=7.3/s  eta=9642s  finite=429500
  [429600/500000]  elapsed=58758s  rate=7.3/s  eta=9629s  finite=429600
  [429700/500000]  elapsed=58771s  rate=7.3/s  eta=9615s  finite=429700
  [429800/500000]  elapsed=58784s  rate=7.3/s  eta=9601s  finite=429800
  [429900/500000]  elapsed=58798s  rate=7.3/s  eta=9588s  finite=429900
  [430000/500000]  elapsed=58813s  rate=7.3/s  eta=9574s  finite=430000
  -> checkpoint saved: /scratch/e1498138/lhs/nonoise/ckpt_5e5/ckpt_430000.pkl
  [430100/500000]  elapsed=58828s  rate=7.3/s  eta=9561s  finite=430100
  [430200/500000]  elapsed=58841s  rate=7.3/s  eta=9547s  finite=430200
  [430300/500000]  elapsed=58855s  rate=7.3/s  eta=9533s  finite=430300
  [430400/500000]  elapsed=58869s  rate=7.3/s  eta=9520s  finite=430400
  [430500/500000]  elapsed=58882s  rate=7.3/s  eta=9506s  finite=430500
  [430600/500000]  elapsed=58896s  rate=7.3/s  eta=9492s  finite=430600
  [430700/500000]  elapsed=58911s  rate=7.3/s  eta=9479s  finite=430700
  [430800/500000]  elapsed=58926s  rate=7.3/s  eta=9465s  finite=430800
  [430900/500000]  elapsed=58940s  rate=7.3/s  eta=9452s  finite=430900
  [431000/500000]  elapsed=58954s  rate=7.3/s  eta=9438s  finite=431000
  -> checkpoint saved: /scratch/e1498138/lhs/nonoise/ckpt_5e5/ckpt_431000.pkl
  [431100/500000]  elapsed=58967s  rate=7.3/s  eta=9424s  finite=431100
  [431200/500000]  elapsed=58980s  rate=7.3/s  eta=9411s  finite=431200
  [431300/500000]  elapsed=58994s  rate=7.3/s  eta=9397s  finite=431300
  [431400/500000]  elapsed=59007s  rate=7.3/s  eta=9383s  finite=431400
  [431500/500000]  elapsed=59020s  rate=7.3/s  eta=9369s  finite=431500
  [431600/500000]  elapsed=59034s  rate=7.3/s  eta=9356s  finite=431600
  [431700/500000]  elapsed=59047s  rate=7.3/s  eta=9342s  finite=431700
  [431800/500000]  elapsed=59061s  rate=7.3/s  eta=9328s  finite=431800
  [431900/500000]  elapsed=59074s  rate=7.3/s  eta=9314s  finite=431900
  [432000/500000]  elapsed=59088s  rate=7.3/s  eta=9301s  finite=432000
  -> checkpoint saved: /scratch/e1498138/lhs/nonoise/ckpt_5e5/ckpt_432000.pkl
  [432100/500000]  elapsed=59102s  rate=7.3/s  eta=9287s  finite=432100
  [432200/500000]  elapsed=59117s  rate=7.3/s  eta=9274s  finite=432200
  [432300/500000]  elapsed=59132s  rate=7.3/s  eta=9260s  finite=432300
  [432400/500000]  elapsed=59147s  rate=7.3/s  eta=9247s  finite=432400
  [432500/500000]  elapsed=59160s  rate=7.3/s  eta=9233s  finite=432500
  [432600/500000]  elapsed=59172s  rate=7.3/s  eta=9219s  finite=432600
  [432700/500000]  elapsed=59186s  rate=7.3/s  eta=9205s  finite=432700
  [432800/500000]  elapsed=59199s  rate=7.3/s  eta=9192s  finite=432800
  [432900/500000]  elapsed=59213s  rate=7.3/s  eta=9178s  finite=432900
  [433000/500000]  elapsed=59227s  rate=7.3/s  eta=9164s  finite=433000
  -> checkpoint saved: /scratch/e1498138/lhs/nonoise/ckpt_5e5/ckpt_433000.pkl
  [433100/500000]  elapsed=59240s  rate=7.3/s  eta=9151s  finite=433100
  [433200/500000]  elapsed=59252s  rate=7.3/s  eta=9137s  finite=433200
  [433300/500000]  elapsed=59268s  rate=7.3/s  eta=9123s  finite=433300
  [433400/500000]  elapsed=59281s  rate=7.3/s  eta=9110s  finite=433400
  [433500/500000]  elapsed=59294s  rate=7.3/s  eta=9096s  finite=433500
  [433600/500000]  elapsed=59307s  rate=7.3/s  eta=9082s  finite=433600
  [433700/500000]  elapsed=59322s  rate=7.3/s  eta=9069s  finite=433700
  [433800/500000]  elapsed=59336s  rate=7.3/s  eta=9055s  finite=433800
  [433900/500000]  elapsed=59350s  rate=7.3/s  eta=9041s  finite=433900
  [434000/500000]  elapsed=59365s  rate=7.3/s  eta=9028s  finite=434000
  -> checkpoint saved: /scratch/e1498138/lhs/nonoise/ckpt_5e5/ckpt_434000.pkl
  [434100/500000]  elapsed=59379s  rate=7.3/s  eta=9014s  finite=434100
  [434200/500000]  elapsed=59392s  rate=7.3/s  eta=9000s  finite=434200
  [434300/500000]  elapsed=59407s  rate=7.3/s  eta=8987s  finite=434300
  [434400/500000]  elapsed=59420s  rate=7.3/s  eta=8973s  finite=434400
  [434500/500000]  elapsed=59434s  rate=7.3/s  eta=8960s  finite=434500
  [434600/500000]  elapsed=59448s  rate=7.3/s  eta=8946s  finite=434600
  [434700/500000]  elapsed=59461s  rate=7.3/s  eta=8932s  finite=434700
  [434800/500000]  elapsed=59473s  rate=7.3/s  eta=8918s  finite=434800
  [434900/500000]  elapsed=59486s  rate=7.3/s  eta=8904s  finite=434900
  [435000/500000]  elapsed=59499s  rate=7.3/s  eta=8891s  finite=435000
  -> checkpoint saved: /scratch/e1498138/lhs/nonoise/ckpt_5e5/ckpt_435000.pkl
  [435100/500000]  elapsed=59513s  rate=7.3/s  eta=8877s  finite=435100
  [435200/500000]  elapsed=59527s  rate=7.3/s  eta=8863s  finite=435200
  [435300/500000]  elapsed=59541s  rate=7.3/s  eta=8850s  finite=435300
  [435400/500000]  elapsed=59555s  rate=7.3/s  eta=8836s  finite=435400
  [435500/500000]  elapsed=59568s  rate=7.3/s  eta=8822s  finite=435500
  [435600/500000]  elapsed=59580s  rate=7.3/s  eta=8808s  finite=435600
  [435700/500000]  elapsed=59593s  rate=7.3/s  eta=8795s  finite=435700
  [435800/500000]  elapsed=59605s  rate=7.3/s  eta=8781s  finite=435800
  [435900/500000]  elapsed=59620s  rate=7.3/s  eta=8767s  finite=435900
  [436000/500000]  elapsed=59634s  rate=7.3/s  eta=8754s  finite=436000
  -> checkpoint saved: /scratch/e1498138/lhs/nonoise/ckpt_5e5/ckpt_436000.pkl
  [436100/500000]  elapsed=59648s  rate=7.3/s  eta=8740s  finite=436100
  [436200/500000]  elapsed=59661s  rate=7.3/s  eta=8726s  finite=436200
  [436300/500000]  elapsed=59674s  rate=7.3/s  eta=8712s  finite=436300
  [436400/500000]  elapsed=59687s  rate=7.3/s  eta=8699s  finite=436400
  [436500/500000]  elapsed=59700s  rate=7.3/s  eta=8685s  finite=436500
  [436600/500000]  elapsed=59713s  rate=7.3/s  eta=8671s  finite=436600
  [436700/500000]  elapsed=59728s  rate=7.3/s  eta=8658s  finite=436700
  [436800/500000]  elapsed=59744s  rate=7.3/s  eta=8644s  finite=436800
  [436900/500000]  elapsed=59758s  rate=7.3/s  eta=8631s  finite=436900
  [437000/500000]  elapsed=59771s  rate=7.3/s  eta=8617s  finite=437000
  -> checkpoint saved: /scratch/e1498138/lhs/nonoise/ckpt_5e5/ckpt_437000.pkl
  [437100/500000]  elapsed=59784s  rate=7.3/s  eta=8603s  finite=437100
  [437200/500000]  elapsed=59798s  rate=7.3/s  eta=8589s  finite=437200
  [437300/500000]  elapsed=59812s  rate=7.3/s  eta=8576s  finite=437300
  [437400/500000]  elapsed=59825s  rate=7.3/s  eta=8562s  finite=437400
  [437500/500000]  elapsed=59841s  rate=7.3/s  eta=8549s  finite=437500
  [437600/500000]  elapsed=59855s  rate=7.3/s  eta=8535s  finite=437600
  [437700/500000]  elapsed=59868s  rate=7.3/s  eta=8521s  finite=437700
  [437800/500000]  elapsed=59882s  rate=7.3/s  eta=8508s  finite=437800
  [437900/500000]  elapsed=59897s  rate=7.3/s  eta=8494s  finite=437900
  [438000/500000]  elapsed=59910s  rate=7.3/s  eta=8480s  finite=438000
  -> checkpoint saved: /scratch/e1498138/lhs/nonoise/ckpt_5e5/ckpt_438000.pkl
  [438100/500000]  elapsed=59923s  rate=7.3/s  eta=8467s  finite=438100
  [438200/500000]  elapsed=59936s  rate=7.3/s  eta=8453s  finite=438200
  [438300/500000]  elapsed=59949s  rate=7.3/s  eta=8439s  finite=438300
  [438400/500000]  elapsed=59961s  rate=7.3/s  eta=8425s  finite=438400
  [438500/500000]  elapsed=59975s  rate=7.3/s  eta=8412s  finite=438500
  [438600/500000]  elapsed=59991s  rate=7.3/s  eta=8398s  finite=438600
  [438700/500000]  elapsed=60006s  rate=7.3/s  eta=8385s  finite=438700
  [438800/500000]  elapsed=60017s  rate=7.3/s  eta=8371s  finite=438800
  [438900/500000]  elapsed=60031s  rate=7.3/s  eta=8357s  finite=438900
  [439000/500000]  elapsed=60045s  rate=7.3/s  eta=8343s  finite=439000
  -> checkpoint saved: /scratch/e1498138/lhs/nonoise/ckpt_5e5/ckpt_439000.pkl
  [439100/500000]  elapsed=60060s  rate=7.3/s  eta=8330s  finite=439100
  [439200/500000]  elapsed=60073s  rate=7.3/s  eta=8316s  finite=439200
  [439300/500000]  elapsed=60088s  rate=7.3/s  eta=8303s  finite=439300
  [439400/500000]  elapsed=60101s  rate=7.3/s  eta=8289s  finite=439400
  [439500/500000]  elapsed=60115s  rate=7.3/s  eta=8275s  finite=439500
  [439600/500000]  elapsed=60128s  rate=7.3/s  eta=8261s  finite=439600
  [439700/500000]  elapsed=60141s  rate=7.3/s  eta=8248s  finite=439700
  [439800/500000]  elapsed=60157s  rate=7.3/s  eta=8234s  finite=439800
  [439900/500000]  elapsed=60171s  rate=7.3/s  eta=8221s  finite=439900
  [440000/500000]  elapsed=60183s  rate=7.3/s  eta=8207s  finite=440000
  -> checkpoint saved: /scratch/e1498138/lhs/nonoise/ckpt_5e5/ckpt_440000.pkl
  [440100/500000]  elapsed=60196s  rate=7.3/s  eta=8193s  finite=440100
  [440200/500000]  elapsed=60211s  rate=7.3/s  eta=8180s  finite=440200
  [440300/500000]  elapsed=60226s  rate=7.3/s  eta=8166s  finite=440300
  [440400/500000]  elapsed=60239s  rate=7.3/s  eta=8152s  finite=440400
  [440500/500000]  elapsed=60252s  rate=7.3/s  eta=8139s  finite=440500
  [440600/500000]  elapsed=60266s  rate=7.3/s  eta=8125s  finite=440600
  [440700/500000]  elapsed=60280s  rate=7.3/s  eta=8111s  finite=440700
  [440800/500000]  elapsed=60293s  rate=7.3/s  eta=8097s  finite=440800
  [440900/500000]  elapsed=60306s  rate=7.3/s  eta=8084s  finite=440900
  [441000/500000]  elapsed=60319s  rate=7.3/s  eta=8070s  finite=441000
  -> checkpoint saved: /scratch/e1498138/lhs/nonoise/ckpt_5e5/ckpt_441000.pkl
  [441100/500000]  elapsed=60333s  rate=7.3/s  eta=8056s  finite=441100
  [441200/500000]  elapsed=60347s  rate=7.3/s  eta=8043s  finite=441200
  [441300/500000]  elapsed=60359s  rate=7.3/s  eta=8029s  finite=441300
  [441400/500000]  elapsed=60374s  rate=7.3/s  eta=8015s  finite=441400
  [441500/500000]  elapsed=60389s  rate=7.3/s  eta=8002s  finite=441500
  [441600/500000]  elapsed=60405s  rate=7.3/s  eta=7988s  finite=441600
  [441700/500000]  elapsed=60418s  rate=7.3/s  eta=7975s  finite=441700
  [441800/500000]  elapsed=60432s  rate=7.3/s  eta=7961s  finite=441800
  [441900/500000]  elapsed=60444s  rate=7.3/s  eta=7947s  finite=441900
  [442000/500000]  elapsed=60458s  rate=7.3/s  eta=7933s  finite=442000
  -> checkpoint saved: /scratch/e1498138/lhs/nonoise/ckpt_5e5/ckpt_442000.pkl
  [442100/500000]  elapsed=60472s  rate=7.3/s  eta=7920s  finite=442100
  [442200/500000]  elapsed=60486s  rate=7.3/s  eta=7906s  finite=442200
  [442300/500000]  elapsed=60500s  rate=7.3/s  eta=7892s  finite=442300
  [442400/500000]  elapsed=60514s  rate=7.3/s  eta=7879s  finite=442400
  [442500/500000]  elapsed=60529s  rate=7.3/s  eta=7865s  finite=442500
  [442600/500000]  elapsed=60542s  rate=7.3/s  eta=7852s  finite=442600
  [442700/500000]  elapsed=60556s  rate=7.3/s  eta=7838s  finite=442700
  [442800/500000]  elapsed=60571s  rate=7.3/s  eta=7824s  finite=442800
  [442900/500000]  elapsed=60585s  rate=7.3/s  eta=7811s  finite=442900
  [443000/500000]  elapsed=60600s  rate=7.3/s  eta=7797s  finite=443000
  -> checkpoint saved: /scratch/e1498138/lhs/nonoise/ckpt_5e5/ckpt_443000.pkl
  [443100/500000]  elapsed=60614s  rate=7.3/s  eta=7784s  finite=443100
  [443200/500000]  elapsed=60626s  rate=7.3/s  eta=7770s  finite=443200
  [443300/500000]  elapsed=60640s  rate=7.3/s  eta=7756s  finite=443300
  [443400/500000]  elapsed=60653s  rate=7.3/s  eta=7742s  finite=443400
  [443500/500000]  elapsed=60667s  rate=7.3/s  eta=7729s  finite=443500
  [443600/500000]  elapsed=60680s  rate=7.3/s  eta=7715s  finite=443600
  [443700/500000]  elapsed=60693s  rate=7.3/s  eta=7701s  finite=443700
  [443800/500000]  elapsed=60707s  rate=7.3/s  eta=7688s  finite=443800
  [443900/500000]  elapsed=60720s  rate=7.3/s  eta=7674s  finite=443900
  [444000/500000]  elapsed=60733s  rate=7.3/s  eta=7660s  finite=444000
  -> checkpoint saved: /scratch/e1498138/lhs/nonoise/ckpt_5e5/ckpt_444000.pkl
  [444100/500000]  elapsed=60748s  rate=7.3/s  eta=7646s  finite=444100
  [444200/500000]  elapsed=60762s  rate=7.3/s  eta=7633s  finite=444200
  [444300/500000]  elapsed=60774s  rate=7.3/s  eta=7619s  finite=444300
  [444400/500000]  elapsed=60788s  rate=7.3/s  eta=7605s  finite=444400
  [444500/500000]  elapsed=60803s  rate=7.3/s  eta=7592s  finite=444500
  [444600/500000]  elapsed=60816s  rate=7.3/s  eta=7578s  finite=444600
  [444700/500000]  elapsed=60830s  rate=7.3/s  eta=7564s  finite=444700
  [444800/500000]  elapsed=60843s  rate=7.3/s  eta=7551s  finite=444800
  [444900/500000]  elapsed=60857s  rate=7.3/s  eta=7537s  finite=444900
  [445000/500000]  elapsed=60869s  rate=7.3/s  eta=7523s  finite=445000
  -> checkpoint saved: /scratch/e1498138/lhs/nonoise/ckpt_5e5/ckpt_445000.pkl
  [445100/500000]  elapsed=60882s  rate=7.3/s  eta=7509s  finite=445100
  [445200/500000]  elapsed=60895s  rate=7.3/s  eta=7496s  finite=445200
  [445300/500000]  elapsed=60910s  rate=7.3/s  eta=7482s  finite=445300
  [445400/500000]  elapsed=60923s  rate=7.3/s  eta=7468s  finite=445400
  [445500/500000]  elapsed=60937s  rate=7.3/s  eta=7455s  finite=445500
  [445600/500000]  elapsed=60950s  rate=7.3/s  eta=7441s  finite=445600
  [445700/500000]  elapsed=60963s  rate=7.3/s  eta=7427s  finite=445700
  [445800/500000]  elapsed=60978s  rate=7.3/s  eta=7414s  finite=445800
  [445900/500000]  elapsed=60991s  rate=7.3/s  eta=7400s  finite=445900
  [446000/500000]  elapsed=61005s  rate=7.3/s  eta=7386s  finite=446000
  -> checkpoint saved: /scratch/e1498138/lhs/nonoise/ckpt_5e5/ckpt_446000.pkl
  [446100/500000]  elapsed=61018s  rate=7.3/s  eta=7372s  finite=446100
  [446200/500000]  elapsed=61031s  rate=7.3/s  eta=7359s  finite=446200
  [446300/500000]  elapsed=61044s  rate=7.3/s  eta=7345s  finite=446300
  [446400/500000]  elapsed=61057s  rate=7.3/s  eta=7331s  finite=446400
  [446500/500000]  elapsed=61072s  rate=7.3/s  eta=7318s  finite=446500
  [446600/500000]  elapsed=61087s  rate=7.3/s  eta=7304s  finite=446600
  [446700/500000]  elapsed=61100s  rate=7.3/s  eta=7290s  finite=446700
  [446800/500000]  elapsed=61113s  rate=7.3/s  eta=7277s  finite=446800
  [446900/500000]  elapsed=61126s  rate=7.3/s  eta=7263s  finite=446900
  [447000/500000]  elapsed=61140s  rate=7.3/s  eta=7249s  finite=447000
  -> checkpoint saved: /scratch/e1498138/lhs/nonoise/ckpt_5e5/ckpt_447000.pkl
  [447100/500000]  elapsed=61153s  rate=7.3/s  eta=7235s  finite=447100
  [447200/500000]  elapsed=61167s  rate=7.3/s  eta=7222s  finite=447200
  [447300/500000]  elapsed=61181s  rate=7.3/s  eta=7208s  finite=447300
  [447400/500000]  elapsed=61194s  rate=7.3/s  eta=7194s  finite=447400
  [447500/500000]  elapsed=61208s  rate=7.3/s  eta=7181s  finite=447500
  [447600/500000]  elapsed=61222s  rate=7.3/s  eta=7167s  finite=447600
  [447700/500000]  elapsed=61235s  rate=7.3/s  eta=7153s  finite=447700
  [447800/500000]  elapsed=61248s  rate=7.3/s  eta=7140s  finite=447800
  [447900/500000]  elapsed=61263s  rate=7.3/s  eta=7126s  finite=447900
  [448000/500000]  elapsed=61276s  rate=7.3/s  eta=7112s  finite=448000
  -> checkpoint saved: /scratch/e1498138/lhs/nonoise/ckpt_5e5/ckpt_448000.pkl
  [448100/500000]  elapsed=61288s  rate=7.3/s  eta=7099s  finite=448100
  [448200/500000]  elapsed=61301s  rate=7.3/s  eta=7085s  finite=448200
  [448300/500000]  elapsed=61316s  rate=7.3/s  eta=7071s  finite=448300
  [448400/500000]  elapsed=61329s  rate=7.3/s  eta=7057s  finite=448400
  [448500/500000]  elapsed=61343s  rate=7.3/s  eta=7044s  finite=448500
  [448600/500000]  elapsed=61356s  rate=7.3/s  eta=7030s  finite=448600
  [448700/500000]  elapsed=61370s  rate=7.3/s  eta=7016s  finite=448700
  [448800/500000]  elapsed=61382s  rate=7.3/s  eta=7003s  finite=448800
  [448900/500000]  elapsed=61395s  rate=7.3/s  eta=6989s  finite=448900
  [449000/500000]  elapsed=61409s  rate=7.3/s  eta=6975s  finite=449000
  -> checkpoint saved: /scratch/e1498138/lhs/nonoise/ckpt_5e5/ckpt_449000.pkl
  [449100/500000]  elapsed=61424s  rate=7.3/s  eta=6962s  finite=449100
  [449200/500000]  elapsed=61437s  rate=7.3/s  eta=6948s  finite=449200
  [449300/500000]  elapsed=61451s  rate=7.3/s  eta=6934s  finite=449300
  [449400/500000]  elapsed=61466s  rate=7.3/s  eta=6921s  finite=449400
  [449500/500000]  elapsed=61478s  rate=7.3/s  eta=6907s  finite=449500
  [449600/500000]  elapsed=61492s  rate=7.3/s  eta=6893s  finite=449600
  [449700/500000]  elapsed=61506s  rate=7.3/s  eta=6880s  finite=449700
  [449800/500000]  elapsed=61520s  rate=7.3/s  eta=6866s  finite=449800
  [449900/500000]  elapsed=61533s  rate=7.3/s  eta=6852s  finite=449900
  [450000/500000]  elapsed=61548s  rate=7.3/s  eta=6839s  finite=450000
  -> checkpoint saved: /scratch/e1498138/lhs/nonoise/ckpt_5e5/ckpt_450000.pkl
  [450100/500000]  elapsed=61562s  rate=7.3/s  eta=6825s  finite=450100
  [450200/500000]  elapsed=61576s  rate=7.3/s  eta=6811s  finite=450200
  [450300/500000]  elapsed=61588s  rate=7.3/s  eta=6798s  finite=450300
  [450400/500000]  elapsed=61602s  rate=7.3/s  eta=6784s  finite=450400
  [450500/500000]  elapsed=61616s  rate=7.3/s  eta=6770s  finite=450500
  [450600/500000]  elapsed=61633s  rate=7.3/s  eta=6757s  finite=450600
  [450700/500000]  elapsed=61647s  rate=7.3/s  eta=6743s  finite=450700
  [450800/500000]  elapsed=61659s  rate=7.3/s  eta=6729s  finite=450800
  [450900/500000]  elapsed=61673s  rate=7.3/s  eta=6716s  finite=450900
  [451000/500000]  elapsed=61686s  rate=7.3/s  eta=6702s  finite=451000
  -> checkpoint saved: /scratch/e1498138/lhs/nonoise/ckpt_5e5/ckpt_451000.pkl
  [451100/500000]  elapsed=61700s  rate=7.3/s  eta=6688s  finite=451100
  [451200/500000]  elapsed=61714s  rate=7.3/s  eta=6675s  finite=451200
  [451300/500000]  elapsed=61726s  rate=7.3/s  eta=6661s  finite=451300
  [451400/500000]  elapsed=61741s  rate=7.3/s  eta=6647s  finite=451400
  [451500/500000]  elapsed=61756s  rate=7.3/s  eta=6634s  finite=451500
  [451600/500000]  elapsed=61772s  rate=7.3/s  eta=6620s  finite=451600
  [451700/500000]  elapsed=61785s  rate=7.3/s  eta=6607s  finite=451700
  [451800/500000]  elapsed=61800s  rate=7.3/s  eta=6593s  finite=451800
  [451900/500000]  elapsed=61812s  rate=7.3/s  eta=6579s  finite=451900
  [452000/500000]  elapsed=61825s  rate=7.3/s  eta=6565s  finite=452000
  -> checkpoint saved: /scratch/e1498138/lhs/nonoise/ckpt_5e5/ckpt_452000.pkl
  [452100/500000]  elapsed=61839s  rate=7.3/s  eta=6552s  finite=452100
  [452200/500000]  elapsed=61853s  rate=7.3/s  eta=6538s  finite=452200
  [452300/500000]  elapsed=61867s  rate=7.3/s  eta=6525s  finite=452300
  [452400/500000]  elapsed=61880s  rate=7.3/s  eta=6511s  finite=452400
  [452500/500000]  elapsed=61894s  rate=7.3/s  eta=6497s  finite=452500
  [452600/500000]  elapsed=61908s  rate=7.3/s  eta=6484s  finite=452600
  [452700/500000]  elapsed=61923s  rate=7.3/s  eta=6470s  finite=452700
  [452800/500000]  elapsed=61936s  rate=7.3/s  eta=6456s  finite=452800
  [452900/500000]  elapsed=61949s  rate=7.3/s  eta=6442s  finite=452900
  [453000/500000]  elapsed=61963s  rate=7.3/s  eta=6429s  finite=453000
  -> checkpoint saved: /scratch/e1498138/lhs/nonoise/ckpt_5e5/ckpt_453000.pkl
  [453100/500000]  elapsed=61977s  rate=7.3/s  eta=6415s  finite=453100
  [453200/500000]  elapsed=61990s  rate=7.3/s  eta=6401s  finite=453200
  [453300/500000]  elapsed=62004s  rate=7.3/s  eta=6388s  finite=453300
  [453400/500000]  elapsed=62016s  rate=7.3/s  eta=6374s  finite=453400
  [453500/500000]  elapsed=62030s  rate=7.3/s  eta=6360s  finite=453500
  [453600/500000]  elapsed=62045s  rate=7.3/s  eta=6347s  finite=453600
  [453700/500000]  elapsed=62059s  rate=7.3/s  eta=6333s  finite=453700
  [453800/500000]  elapsed=62073s  rate=7.3/s  eta=6319s  finite=453800
  [453900/500000]  elapsed=62088s  rate=7.3/s  eta=6306s  finite=453900
  [454000/500000]  elapsed=62101s  rate=7.3/s  eta=6292s  finite=454000
  -> checkpoint saved: /scratch/e1498138/lhs/nonoise/ckpt_5e5/ckpt_454000.pkl
  [454100/500000]  elapsed=62116s  rate=7.3/s  eta=6279s  finite=454100
  [454200/500000]  elapsed=62129s  rate=7.3/s  eta=6265s  finite=454200
  [454300/500000]  elapsed=62143s  rate=7.3/s  eta=6251s  finite=454300
  [454400/500000]  elapsed=62158s  rate=7.3/s  eta=6238s  finite=454400
  [454500/500000]  elapsed=62172s  rate=7.3/s  eta=6224s  finite=454500
  [454600/500000]  elapsed=62186s  rate=7.3/s  eta=6210s  finite=454600
  [454700/500000]  elapsed=62200s  rate=7.3/s  eta=6197s  finite=454700
  [454800/500000]  elapsed=62216s  rate=7.3/s  eta=6183s  finite=454800
  [454900/500000]  elapsed=62230s  rate=7.3/s  eta=6170s  finite=454900
  [455000/500000]  elapsed=62243s  rate=7.3/s  eta=6156s  finite=455000
  -> checkpoint saved: /scratch/e1498138/lhs/nonoise/ckpt_5e5/ckpt_455000.pkl
  [455100/500000]  elapsed=62257s  rate=7.3/s  eta=6142s  finite=455100
  [455200/500000]  elapsed=62271s  rate=7.3/s  eta=6129s  finite=455200
  [455300/500000]  elapsed=62284s  rate=7.3/s  eta=6115s  finite=455300
  [455400/500000]  elapsed=62298s  rate=7.3/s  eta=6101s  finite=455400
  [455500/500000]  elapsed=62312s  rate=7.3/s  eta=6088s  finite=455500
  [455600/500000]  elapsed=62326s  rate=7.3/s  eta=6074s  finite=455600
  [455700/500000]  elapsed=62339s  rate=7.3/s  eta=6060s  finite=455700
  [455800/500000]  elapsed=62353s  rate=7.3/s  eta=6046s  finite=455800
  [455900/500000]  elapsed=62367s  rate=7.3/s  eta=6033s  finite=455900
  [456000/500000]  elapsed=62382s  rate=7.3/s  eta=6019s  finite=456000
  -> checkpoint saved: /scratch/e1498138/lhs/nonoise/ckpt_5e5/ckpt_456000.pkl
  [456100/500000]  elapsed=62396s  rate=7.3/s  eta=6006s  finite=456100
  [456200/500000]  elapsed=62409s  rate=7.3/s  eta=5992s  finite=456200
  [456300/500000]  elapsed=62423s  rate=7.3/s  eta=5978s  finite=456300
  [456400/500000]  elapsed=62437s  rate=7.3/s  eta=5965s  finite=456400
  [456500/500000]  elapsed=62450s  rate=7.3/s  eta=5951s  finite=456500
  [456600/500000]  elapsed=62464s  rate=7.3/s  eta=5937s  finite=456600
  [456700/500000]  elapsed=62478s  rate=7.3/s  eta=5924s  finite=456700
  [456800/500000]  elapsed=62492s  rate=7.3/s  eta=5910s  finite=456800
  [456900/500000]  elapsed=62506s  rate=7.3/s  eta=5896s  finite=456900
  [457000/500000]  elapsed=62521s  rate=7.3/s  eta=5883s  finite=457000
  -> checkpoint saved: /scratch/e1498138/lhs/nonoise/ckpt_5e5/ckpt_457000.pkl
  [457100/500000]  elapsed=62535s  rate=7.3/s  eta=5869s  finite=457100
  [457200/500000]  elapsed=62549s  rate=7.3/s  eta=5855s  finite=457200
  [457300/500000]  elapsed=62562s  rate=7.3/s  eta=5842s  finite=457300
  [457400/500000]  elapsed=62577s  rate=7.3/s  eta=5828s  finite=457400
  [457500/500000]  elapsed=62590s  rate=7.3/s  eta=5814s  finite=457500
  [457600/500000]  elapsed=62603s  rate=7.3/s  eta=5801s  finite=457600
  [457700/500000]  elapsed=62617s  rate=7.3/s  eta=5787s  finite=457700
  [457800/500000]  elapsed=62631s  rate=7.3/s  eta=5773s  finite=457800
  [457900/500000]  elapsed=62644s  rate=7.3/s  eta=5760s  finite=457900
  [458000/500000]  elapsed=62657s  rate=7.3/s  eta=5746s  finite=458000
  -> checkpoint saved: /scratch/e1498138/lhs/nonoise/ckpt_5e5/ckpt_458000.pkl
  [458100/500000]  elapsed=62671s  rate=7.3/s  eta=5732s  finite=458100
  [458200/500000]  elapsed=62684s  rate=7.3/s  eta=5718s  finite=458200
  [458300/500000]  elapsed=62699s  rate=7.3/s  eta=5705s  finite=458300
  [458400/500000]  elapsed=62712s  rate=7.3/s  eta=5691s  finite=458400
  [458500/500000]  elapsed=62727s  rate=7.3/s  eta=5678s  finite=458500
  [458600/500000]  elapsed=62741s  rate=7.3/s  eta=5664s  finite=458600
  [458700/500000]  elapsed=62754s  rate=7.3/s  eta=5650s  finite=458700
  [458800/500000]  elapsed=62768s  rate=7.3/s  eta=5636s  finite=458800
  [458900/500000]  elapsed=62780s  rate=7.3/s  eta=5623s  finite=458900
  [459000/500000]  elapsed=62795s  rate=7.3/s  eta=5609s  finite=459000
  -> checkpoint saved: /scratch/e1498138/lhs/nonoise/ckpt_5e5/ckpt_459000.pkl
  [459100/500000]  elapsed=62810s  rate=7.3/s  eta=5596s  finite=459100
  [459200/500000]  elapsed=62823s  rate=7.3/s  eta=5582s  finite=459200
  [459300/500000]  elapsed=62837s  rate=7.3/s  eta=5568s  finite=459300
  [459400/500000]  elapsed=62851s  rate=7.3/s  eta=5555s  finite=459400
  [459500/500000]  elapsed=62865s  rate=7.3/s  eta=5541s  finite=459500
  [459600/500000]  elapsed=62879s  rate=7.3/s  eta=5527s  finite=459600
  [459700/500000]  elapsed=62894s  rate=7.3/s  eta=5514s  finite=459700
  [459800/500000]  elapsed=62908s  rate=7.3/s  eta=5500s  finite=459800
  [459900/500000]  elapsed=62922s  rate=7.3/s  eta=5486s  finite=459900
  [460000/500000]  elapsed=62936s  rate=7.3/s  eta=5473s  finite=460000
  -> checkpoint saved: /scratch/e1498138/lhs/nonoise/ckpt_5e5/ckpt_460000.pkl
  [460100/500000]  elapsed=62950s  rate=7.3/s  eta=5459s  finite=460100
  [460200/500000]  elapsed=62962s  rate=7.3/s  eta=5445s  finite=460200
  [460300/500000]  elapsed=62975s  rate=7.3/s  eta=5431s  finite=460300
  [460400/500000]  elapsed=62988s  rate=7.3/s  eta=5418s  finite=460400
  [460500/500000]  elapsed=63002s  rate=7.3/s  eta=5404s  finite=460500
  [460600/500000]  elapsed=63015s  rate=7.3/s  eta=5390s  finite=460600
  [460700/500000]  elapsed=63028s  rate=7.3/s  eta=5377s  finite=460700
  [460800/500000]  elapsed=63041s  rate=7.3/s  eta=5363s  finite=460800
  [460900/500000]  elapsed=63055s  rate=7.3/s  eta=5349s  finite=460900
  [461000/500000]  elapsed=63069s  rate=7.3/s  eta=5336s  finite=461000
  -> checkpoint saved: /scratch/e1498138/lhs/nonoise/ckpt_5e5/ckpt_461000.pkl
  [461100/500000]  elapsed=63083s  rate=7.3/s  eta=5322s  finite=461100
  [461200/500000]  elapsed=63099s  rate=7.3/s  eta=5308s  finite=461200
  [461300/500000]  elapsed=63113s  rate=7.3/s  eta=5295s  finite=461300
  [461400/500000]  elapsed=63127s  rate=7.3/s  eta=5281s  finite=461400
  [461500/500000]  elapsed=63142s  rate=7.3/s  eta=5268s  finite=461500
  [461600/500000]  elapsed=63155s  rate=7.3/s  eta=5254s  finite=461600
  [461700/500000]  elapsed=63169s  rate=7.3/s  eta=5240s  finite=461700
  [461800/500000]  elapsed=63185s  rate=7.3/s  eta=5227s  finite=461800
  [461900/500000]  elapsed=63199s  rate=7.3/s  eta=5213s  finite=461900
  [462000/500000]  elapsed=63214s  rate=7.3/s  eta=5199s  finite=462000
  -> checkpoint saved: /scratch/e1498138/lhs/nonoise/ckpt_5e5/ckpt_462000.pkl
  [462100/500000]  elapsed=63228s  rate=7.3/s  eta=5186s  finite=462100
  [462200/500000]  elapsed=63242s  rate=7.3/s  eta=5172s  finite=462200
  [462300/500000]  elapsed=63257s  rate=7.3/s  eta=5159s  finite=462300
  [462400/500000]  elapsed=63273s  rate=7.3/s  eta=5145s  finite=462400
  [462500/500000]  elapsed=63288s  rate=7.3/s  eta=5131s  finite=462500
  [462600/500000]  elapsed=63301s  rate=7.3/s  eta=5118s  finite=462600
  [462700/500000]  elapsed=63315s  rate=7.3/s  eta=5104s  finite=462700
  [462800/500000]  elapsed=63328s  rate=7.3/s  eta=5090s  finite=462800
  [462900/500000]  elapsed=63344s  rate=7.3/s  eta=5077s  finite=462900
  [463000/500000]  elapsed=63357s  rate=7.3/s  eta=5063s  finite=463000
  -> checkpoint saved: /scratch/e1498138/lhs/nonoise/ckpt_5e5/ckpt_463000.pkl
  [463100/500000]  elapsed=63371s  rate=7.3/s  eta=5049s  finite=463100
  [463200/500000]  elapsed=63385s  rate=7.3/s  eta=5036s  finite=463200
  [463300/500000]  elapsed=63400s  rate=7.3/s  eta=5022s  finite=463300
  [463400/500000]  elapsed=63414s  rate=7.3/s  eta=5009s  finite=463400
  [463500/500000]  elapsed=63428s  rate=7.3/s  eta=4995s  finite=463500
  [463600/500000]  elapsed=63442s  rate=7.3/s  eta=4981s  finite=463600
  [463700/500000]  elapsed=63456s  rate=7.3/s  eta=4968s  finite=463700
  [463800/500000]  elapsed=63469s  rate=7.3/s  eta=4954s  finite=463800
  [463900/500000]  elapsed=63483s  rate=7.3/s  eta=4940s  finite=463900
  [464000/500000]  elapsed=63498s  rate=7.3/s  eta=4927s  finite=464000
  -> checkpoint saved: /scratch/e1498138/lhs/nonoise/ckpt_5e5/ckpt_464000.pkl
  [464100/500000]  elapsed=63514s  rate=7.3/s  eta=4913s  finite=464100
  [464200/500000]  elapsed=63528s  rate=7.3/s  eta=4899s  finite=464200
  [464300/500000]  elapsed=63542s  rate=7.3/s  eta=4886s  finite=464300
  [464400/500000]  elapsed=63555s  rate=7.3/s  eta=4872s  finite=464400
  [464500/500000]  elapsed=63569s  rate=7.3/s  eta=4858s  finite=464500
  [464600/500000]  elapsed=63582s  rate=7.3/s  eta=4845s  finite=464600
  [464700/500000]  elapsed=63595s  rate=7.3/s  eta=4831s  finite=464700
  [464800/500000]  elapsed=63608s  rate=7.3/s  eta=4817s  finite=464800
  [464900/500000]  elapsed=63623s  rate=7.3/s  eta=4804s  finite=464900
  [465000/500000]  elapsed=63636s  rate=7.3/s  eta=4790s  finite=465000
  -> checkpoint saved: /scratch/e1498138/lhs/nonoise/ckpt_5e5/ckpt_465000.pkl
  [465100/500000]  elapsed=63651s  rate=7.3/s  eta=4776s  finite=465100
  [465200/500000]  elapsed=63665s  rate=7.3/s  eta=4763s  finite=465200
  [465300/500000]  elapsed=63681s  rate=7.3/s  eta=4749s  finite=465300
  [465400/500000]  elapsed=63695s  rate=7.3/s  eta=4735s  finite=465400
  [465500/500000]  elapsed=63709s  rate=7.3/s  eta=4722s  finite=465500
  [465600/500000]  elapsed=63724s  rate=7.3/s  eta=4708s  finite=465600
  [465700/500000]  elapsed=63738s  rate=7.3/s  eta=4694s  finite=465700
  [465800/500000]  elapsed=63752s  rate=7.3/s  eta=4681s  finite=465800
  [465900/500000]  elapsed=63765s  rate=7.3/s  eta=4667s  finite=465900
  [466000/500000]  elapsed=63780s  rate=7.3/s  eta=4654s  finite=466000
  -> checkpoint saved: /scratch/e1498138/lhs/nonoise/ckpt_5e5/ckpt_466000.pkl
  [466100/500000]  elapsed=63794s  rate=7.3/s  eta=4640s  finite=466100
  [466200/500000]  elapsed=63808s  rate=7.3/s  eta=4626s  finite=466200
  [466300/500000]  elapsed=63822s  rate=7.3/s  eta=4612s  finite=466300
  [466400/500000]  elapsed=63834s  rate=7.3/s  eta=4599s  finite=466400
  [466500/500000]  elapsed=63848s  rate=7.3/s  eta=4585s  finite=466500
  [466600/500000]  elapsed=63861s  rate=7.3/s  eta=4571s  finite=466600
  [466700/500000]  elapsed=63875s  rate=7.3/s  eta=4558s  finite=466700
  [466800/500000]  elapsed=63890s  rate=7.3/s  eta=4544s  finite=466800
  [466900/500000]  elapsed=63905s  rate=7.3/s  eta=4530s  finite=466900
  [467000/500000]  elapsed=63918s  rate=7.3/s  eta=4517s  finite=467000
  -> checkpoint saved: /scratch/e1498138/lhs/nonoise/ckpt_5e5/ckpt_467000.pkl
  [467100/500000]  elapsed=63931s  rate=7.3/s  eta=4503s  finite=467100
  [467200/500000]  elapsed=63945s  rate=7.3/s  eta=4489s  finite=467200
  [467300/500000]  elapsed=63959s  rate=7.3/s  eta=4476s  finite=467300
  [467400/500000]  elapsed=63973s  rate=7.3/s  eta=4462s  finite=467400
  [467500/500000]  elapsed=63986s  rate=7.3/s  eta=4448s  finite=467500
  [467600/500000]  elapsed=64001s  rate=7.3/s  eta=4435s  finite=467600
  [467700/500000]  elapsed=64016s  rate=7.3/s  eta=4421s  finite=467700
  [467800/500000]  elapsed=64030s  rate=7.3/s  eta=4407s  finite=467800
  [467900/500000]  elapsed=64045s  rate=7.3/s  eta=4394s  finite=467900
  [468000/500000]  elapsed=64059s  rate=7.3/s  eta=4380s  finite=468000
  -> checkpoint saved: /scratch/e1498138/lhs/nonoise/ckpt_5e5/ckpt_468000.pkl
  [468100/500000]  elapsed=64073s  rate=7.3/s  eta=4366s  finite=468100
  [468200/500000]  elapsed=64086s  rate=7.3/s  eta=4353s  finite=468200
  [468300/500000]  elapsed=64099s  rate=7.3/s  eta=4339s  finite=468300
  [468400/500000]  elapsed=64115s  rate=7.3/s  eta=4325s  finite=468400
  [468500/500000]  elapsed=64129s  rate=7.3/s  eta=4312s  finite=468500
  [468600/500000]  elapsed=64142s  rate=7.3/s  eta=4298s  finite=468600
  [468700/500000]  elapsed=64155s  rate=7.3/s  eta=4284s  finite=468700
  [468800/500000]  elapsed=64170s  rate=7.3/s  eta=4271s  finite=468800
  [468900/500000]  elapsed=64183s  rate=7.3/s  eta=4257s  finite=468900
  [469000/500000]  elapsed=64198s  rate=7.3/s  eta=4243s  finite=469000
  -> checkpoint saved: /scratch/e1498138/lhs/nonoise/ckpt_5e5/ckpt_469000.pkl
  [469100/500000]  elapsed=64212s  rate=7.3/s  eta=4230s  finite=469100
  [469200/500000]  elapsed=64227s  rate=7.3/s  eta=4216s  finite=469200
  [469300/500000]  elapsed=64241s  rate=7.3/s  eta=4202s  finite=469300
  [469400/500000]  elapsed=64256s  rate=7.3/s  eta=4189s  finite=469400
  [469500/500000]  elapsed=64269s  rate=7.3/s  eta=4175s  finite=469500
  [469600/500000]  elapsed=64283s  rate=7.3/s  eta=4161s  finite=469600
  [469700/500000]  elapsed=64297s  rate=7.3/s  eta=4148s  finite=469700
  [469800/500000]  elapsed=64310s  rate=7.3/s  eta=4134s  finite=469800
  [469900/500000]  elapsed=64324s  rate=7.3/s  eta=4120s  finite=469900
  [470000/500000]  elapsed=64339s  rate=7.3/s  eta=4107s  finite=470000
  -> checkpoint saved: /scratch/e1498138/lhs/nonoise/ckpt_5e5/ckpt_470000.pkl
  [470100/500000]  elapsed=64354s  rate=7.3/s  eta=4093s  finite=470100
  [470200/500000]  elapsed=64368s  rate=7.3/s  eta=4079s  finite=470200
  [470300/500000]  elapsed=64381s  rate=7.3/s  eta=4066s  finite=470300
  [470400/500000]  elapsed=64394s  rate=7.3/s  eta=4052s  finite=470400
  [470500/500000]  elapsed=64409s  rate=7.3/s  eta=4038s  finite=470500
  [470600/500000]  elapsed=64424s  rate=7.3/s  eta=4025s  finite=470600
  [470700/500000]  elapsed=64439s  rate=7.3/s  eta=4011s  finite=470700
  [470800/500000]  elapsed=64453s  rate=7.3/s  eta=3998s  finite=470800
  [470900/500000]  elapsed=64467s  rate=7.3/s  eta=3984s  finite=470900
  [471000/500000]  elapsed=64482s  rate=7.3/s  eta=3970s  finite=471000
  -> checkpoint saved: /scratch/e1498138/lhs/nonoise/ckpt_5e5/ckpt_471000.pkl
  [471100/500000]  elapsed=64496s  rate=7.3/s  eta=3957s  finite=471100
  [471200/500000]  elapsed=64510s  rate=7.3/s  eta=3943s  finite=471200
  [471300/500000]  elapsed=64524s  rate=7.3/s  eta=3929s  finite=471300
  [471400/500000]  elapsed=64538s  rate=7.3/s  eta=3916s  finite=471400
  [471500/500000]  elapsed=64551s  rate=7.3/s  eta=3902s  finite=471500
  [471600/500000]  elapsed=64566s  rate=7.3/s  eta=3888s  finite=471600
  [471700/500000]  elapsed=64579s  rate=7.3/s  eta=3874s  finite=471700
  [471800/500000]  elapsed=64591s  rate=7.3/s  eta=3861s  finite=471800
  [471900/500000]  elapsed=64606s  rate=7.3/s  eta=3847s  finite=471900
  [472000/500000]  elapsed=64621s  rate=7.3/s  eta=3833s  finite=472000
  -> checkpoint saved: /scratch/e1498138/lhs/nonoise/ckpt_5e5/ckpt_472000.pkl
  [472100/500000]  elapsed=64635s  rate=7.3/s  eta=3820s  finite=472100
  [472200/500000]  elapsed=64649s  rate=7.3/s  eta=3806s  finite=472200
  [472300/500000]  elapsed=64663s  rate=7.3/s  eta=3792s  finite=472300
  [472400/500000]  elapsed=64677s  rate=7.3/s  eta=3779s  finite=472400
  [472500/500000]  elapsed=64690s  rate=7.3/s  eta=3765s  finite=472500
  [472600/500000]  elapsed=64704s  rate=7.3/s  eta=3751s  finite=472600
  [472700/500000]  elapsed=64719s  rate=7.3/s  eta=3738s  finite=472700
  [472800/500000]  elapsed=64733s  rate=7.3/s  eta=3724s  finite=472800
  [472900/500000]  elapsed=64747s  rate=7.3/s  eta=3710s  finite=472900
  [473000/500000]  elapsed=64761s  rate=7.3/s  eta=3697s  finite=473000
  -> checkpoint saved: /scratch/e1498138/lhs/nonoise/ckpt_5e5/ckpt_473000.pkl
  [473100/500000]  elapsed=64776s  rate=7.3/s  eta=3683s  finite=473100
  [473200/500000]  elapsed=64791s  rate=7.3/s  eta=3669s  finite=473200
  [473300/500000]  elapsed=64804s  rate=7.3/s  eta=3656s  finite=473300
  [473400/500000]  elapsed=64819s  rate=7.3/s  eta=3642s  finite=473400
  [473500/500000]  elapsed=64833s  rate=7.3/s  eta=3628s  finite=473500
  [473600/500000]  elapsed=64847s  rate=7.3/s  eta=3615s  finite=473600
  [473700/500000]  elapsed=64860s  rate=7.3/s  eta=3601s  finite=473700
  [473800/500000]  elapsed=64873s  rate=7.3/s  eta=3587s  finite=473800
  [473900/500000]  elapsed=64888s  rate=7.3/s  eta=3574s  finite=473900
  [474000/500000]  elapsed=64901s  rate=7.3/s  eta=3560s  finite=474000
  -> checkpoint saved: /scratch/e1498138/lhs/nonoise/ckpt_5e5/ckpt_474000.pkl
  [474100/500000]  elapsed=64913s  rate=7.3/s  eta=3546s  finite=474100
  [474200/500000]  elapsed=64928s  rate=7.3/s  eta=3533s  finite=474200
  [474300/500000]  elapsed=64942s  rate=7.3/s  eta=3519s  finite=474300
  [474400/500000]  elapsed=64957s  rate=7.3/s  eta=3505s  finite=474400
  [474500/500000]  elapsed=64971s  rate=7.3/s  eta=3492s  finite=474500
  [474600/500000]  elapsed=64985s  rate=7.3/s  eta=3478s  finite=474600
  [474700/500000]  elapsed=64999s  rate=7.3/s  eta=3464s  finite=474700
  [474800/500000]  elapsed=65012s  rate=7.3/s  eta=3451s  finite=474800
  [474900/500000]  elapsed=65026s  rate=7.3/s  eta=3437s  finite=474900
  [475000/500000]  elapsed=65039s  rate=7.3/s  eta=3423s  finite=475000
  -> checkpoint saved: /scratch/e1498138/lhs/nonoise/ckpt_5e5/ckpt_475000.pkl
  [475100/500000]  elapsed=65053s  rate=7.3/s  eta=3409s  finite=475100
  [475200/500000]  elapsed=65067s  rate=7.3/s  eta=3396s  finite=475200
  [475300/500000]  elapsed=65083s  rate=7.3/s  eta=3382s  finite=475300
  [475400/500000]  elapsed=65096s  rate=7.3/s  eta=3368s  finite=475400
  [475500/500000]  elapsed=65110s  rate=7.3/s  eta=3355s  finite=475500
  [475600/500000]  elapsed=65123s  rate=7.3/s  eta=3341s  finite=475600
  [475700/500000]  elapsed=65138s  rate=7.3/s  eta=3327s  finite=475700
  [475800/500000]  elapsed=65152s  rate=7.3/s  eta=3314s  finite=475800
  [475900/500000]  elapsed=65166s  rate=7.3/s  eta=3300s  finite=475900
  [476000/500000]  elapsed=65180s  rate=7.3/s  eta=3286s  finite=476000
  -> checkpoint saved: /scratch/e1498138/lhs/nonoise/ckpt_5e5/ckpt_476000.pkl
  [476100/500000]  elapsed=65193s  rate=7.3/s  eta=3273s  finite=476100
  [476200/500000]  elapsed=65207s  rate=7.3/s  eta=3259s  finite=476200
  [476300/500000]  elapsed=65221s  rate=7.3/s  eta=3245s  finite=476300
  [476400/500000]  elapsed=65234s  rate=7.3/s  eta=3232s  finite=476400
  [476500/500000]  elapsed=65249s  rate=7.3/s  eta=3218s  finite=476500
  [476600/500000]  elapsed=65263s  rate=7.3/s  eta=3204s  finite=476600
  [476700/500000]  elapsed=65276s  rate=7.3/s  eta=3191s  finite=476700
  [476800/500000]  elapsed=65293s  rate=7.3/s  eta=3177s  finite=476800
  [476900/500000]  elapsed=65306s  rate=7.3/s  eta=3163s  finite=476900
  [477000/500000]  elapsed=65319s  rate=7.3/s  eta=3150s  finite=477000
  -> checkpoint saved: /scratch/e1498138/lhs/nonoise/ckpt_5e5/ckpt_477000.pkl
  [477100/500000]  elapsed=65333s  rate=7.3/s  eta=3136s  finite=477100
  [477200/500000]  elapsed=65347s  rate=7.3/s  eta=3122s  finite=477200
  [477300/500000]  elapsed=65360s  rate=7.3/s  eta=3108s  finite=477300
  [477400/500000]  elapsed=65372s  rate=7.3/s  eta=3095s  finite=477400
  [477500/500000]  elapsed=65385s  rate=7.3/s  eta=3081s  finite=477500
  [477600/500000]  elapsed=65400s  rate=7.3/s  eta=3067s  finite=477600
  [477700/500000]  elapsed=65414s  rate=7.3/s  eta=3054s  finite=477700
  [477800/500000]  elapsed=65430s  rate=7.3/s  eta=3040s  finite=477800
  [477900/500000]  elapsed=65443s  rate=7.3/s  eta=3026s  finite=477900
  [478000/500000]  elapsed=65458s  rate=7.3/s  eta=3013s  finite=478000
  -> checkpoint saved: /scratch/e1498138/lhs/nonoise/ckpt_5e5/ckpt_478000.pkl
  [478100/500000]  elapsed=65471s  rate=7.3/s  eta=2999s  finite=478100
  [478200/500000]  elapsed=65486s  rate=7.3/s  eta=2985s  finite=478200
  [478300/500000]  elapsed=65499s  rate=7.3/s  eta=2972s  finite=478300
  [478400/500000]  elapsed=65513s  rate=7.3/s  eta=2958s  finite=478400
  [478500/500000]  elapsed=65527s  rate=7.3/s  eta=2944s  finite=478500
  [478600/500000]  elapsed=65540s  rate=7.3/s  eta=2931s  finite=478600
  [478700/500000]  elapsed=65554s  rate=7.3/s  eta=2917s  finite=478700
  [478800/500000]  elapsed=65569s  rate=7.3/s  eta=2903s  finite=478800
  [478900/500000]  elapsed=65582s  rate=7.3/s  eta=2890s  finite=478900
  [479000/500000]  elapsed=65597s  rate=7.3/s  eta=2876s  finite=479000
  -> checkpoint saved: /scratch/e1498138/lhs/nonoise/ckpt_5e5/ckpt_479000.pkl
  [479100/500000]  elapsed=65611s  rate=7.3/s  eta=2862s  finite=479100
  [479200/500000]  elapsed=65625s  rate=7.3/s  eta=2849s  finite=479200
  [479300/500000]  elapsed=65640s  rate=7.3/s  eta=2835s  finite=479300
  [479400/500000]  elapsed=65655s  rate=7.3/s  eta=2821s  finite=479400
  [479500/500000]  elapsed=65668s  rate=7.3/s  eta=2808s  finite=479500
  [479600/500000]  elapsed=65683s  rate=7.3/s  eta=2794s  finite=479600
  [479700/500000]  elapsed=65697s  rate=7.3/s  eta=2780s  finite=479700
  [479800/500000]  elapsed=65712s  rate=7.3/s  eta=2767s  finite=479800
  [479900/500000]  elapsed=65724s  rate=7.3/s  eta=2753s  finite=479900
  [480000/500000]  elapsed=65740s  rate=7.3/s  eta=2739s  finite=480000
  -> checkpoint saved: /scratch/e1498138/lhs/nonoise/ckpt_5e5/ckpt_480000.pkl
  [480100/500000]  elapsed=65752s  rate=7.3/s  eta=2725s  finite=480100
  [480200/500000]  elapsed=65765s  rate=7.3/s  eta=2712s  finite=480200
  [480300/500000]  elapsed=65778s  rate=7.3/s  eta=2698s  finite=480300
  [480400/500000]  elapsed=65791s  rate=7.3/s  eta=2684s  finite=480400
  [480500/500000]  elapsed=65804s  rate=7.3/s  eta=2671s  finite=480500
  [480600/500000]  elapsed=65818s  rate=7.3/s  eta=2657s  finite=480600
  [480700/500000]  elapsed=65830s  rate=7.3/s  eta=2643s  finite=480700
  [480800/500000]  elapsed=65845s  rate=7.3/s  eta=2629s  finite=480800
  [480900/500000]  elapsed=65858s  rate=7.3/s  eta=2616s  finite=480900
  [481000/500000]  elapsed=65872s  rate=7.3/s  eta=2602s  finite=481000
  -> checkpoint saved: /scratch/e1498138/lhs/nonoise/ckpt_5e5/ckpt_481000.pkl
  [481100/500000]  elapsed=65884s  rate=7.3/s  eta=2588s  finite=481100
  [481200/500000]  elapsed=65899s  rate=7.3/s  eta=2575s  finite=481200
  [481300/500000]  elapsed=65913s  rate=7.3/s  eta=2561s  finite=481300
  [481400/500000]  elapsed=65927s  rate=7.3/s  eta=2547s  finite=481400
  [481500/500000]  elapsed=65942s  rate=7.3/s  eta=2534s  finite=481500
  [481600/500000]  elapsed=65957s  rate=7.3/s  eta=2520s  finite=481600
  [481700/500000]  elapsed=65972s  rate=7.3/s  eta=2506s  finite=481700
  [481800/500000]  elapsed=65986s  rate=7.3/s  eta=2493s  finite=481800
  [481900/500000]  elapsed=65999s  rate=7.3/s  eta=2479s  finite=481900
  [482000/500000]  elapsed=66013s  rate=7.3/s  eta=2465s  finite=482000
  -> checkpoint saved: /scratch/e1498138/lhs/nonoise/ckpt_5e5/ckpt_482000.pkl
  [482100/500000]  elapsed=66028s  rate=7.3/s  eta=2452s  finite=482100
  [482200/500000]  elapsed=66042s  rate=7.3/s  eta=2438s  finite=482200
  [482300/500000]  elapsed=66057s  rate=7.3/s  eta=2424s  finite=482300
  [482400/500000]  elapsed=66071s  rate=7.3/s  eta=2411s  finite=482400
  [482500/500000]  elapsed=66084s  rate=7.3/s  eta=2397s  finite=482500
  [482600/500000]  elapsed=66097s  rate=7.3/s  eta=2383s  finite=482600
  [482700/500000]  elapsed=66110s  rate=7.3/s  eta=2369s  finite=482700
  [482800/500000]  elapsed=66124s  rate=7.3/s  eta=2356s  finite=482800
  [482900/500000]  elapsed=66140s  rate=7.3/s  eta=2342s  finite=482900
  [483000/500000]  elapsed=66153s  rate=7.3/s  eta=2328s  finite=483000
  -> checkpoint saved: /scratch/e1498138/lhs/nonoise/ckpt_5e5/ckpt_483000.pkl
  [483100/500000]  elapsed=66166s  rate=7.3/s  eta=2315s  finite=483100
  [483200/500000]  elapsed=66180s  rate=7.3/s  eta=2301s  finite=483200
  [483300/500000]  elapsed=66194s  rate=7.3/s  eta=2287s  finite=483300
  [483400/500000]  elapsed=66207s  rate=7.3/s  eta=2274s  finite=483400
  [483500/500000]  elapsed=66221s  rate=7.3/s  eta=2260s  finite=483500
  [483600/500000]  elapsed=66235s  rate=7.3/s  eta=2246s  finite=483600
  [483700/500000]  elapsed=66248s  rate=7.3/s  eta=2232s  finite=483700
  [483800/500000]  elapsed=66262s  rate=7.3/s  eta=2219s  finite=483800
  [483900/500000]  elapsed=66275s  rate=7.3/s  eta=2205s  finite=483900
  [484000/500000]  elapsed=66288s  rate=7.3/s  eta=2191s  finite=484000
  -> checkpoint saved: /scratch/e1498138/lhs/nonoise/ckpt_5e5/ckpt_484000.pkl
  [484100/500000]  elapsed=66303s  rate=7.3/s  eta=2178s  finite=484100
  [484200/500000]  elapsed=66318s  rate=7.3/s  eta=2164s  finite=484200
  [484300/500000]  elapsed=66331s  rate=7.3/s  eta=2150s  finite=484300
  [484400/500000]  elapsed=66344s  rate=7.3/s  eta=2137s  finite=484400
  [484500/500000]  elapsed=66359s  rate=7.3/s  eta=2123s  finite=484500
  [484600/500000]  elapsed=66373s  rate=7.3/s  eta=2109s  finite=484600
  [484700/500000]  elapsed=66386s  rate=7.3/s  eta=2096s  finite=484700
  [484800/500000]  elapsed=66400s  rate=7.3/s  eta=2082s  finite=484800
  [484900/500000]  elapsed=66414s  rate=7.3/s  eta=2068s  finite=484900
  [485000/500000]  elapsed=66428s  rate=7.3/s  eta=2054s  finite=485000
  -> checkpoint saved: /scratch/e1498138/lhs/nonoise/ckpt_5e5/ckpt_485000.pkl
  [485100/500000]  elapsed=66441s  rate=7.3/s  eta=2041s  finite=485100
  [485200/500000]  elapsed=66455s  rate=7.3/s  eta=2027s  finite=485200
  [485300/500000]  elapsed=66469s  rate=7.3/s  eta=2013s  finite=485300
  [485400/500000]  elapsed=66482s  rate=7.3/s  eta=2000s  finite=485400
  [485500/500000]  elapsed=66495s  rate=7.3/s  eta=1986s  finite=485500
  [485600/500000]  elapsed=66508s  rate=7.3/s  eta=1972s  finite=485600
  [485700/500000]  elapsed=66522s  rate=7.3/s  eta=1959s  finite=485700
  [485800/500000]  elapsed=66535s  rate=7.3/s  eta=1945s  finite=485800
  [485900/500000]  elapsed=66549s  rate=7.3/s  eta=1931s  finite=485900
  [486000/500000]  elapsed=66565s  rate=7.3/s  eta=1918s  finite=486000
  -> checkpoint saved: /scratch/e1498138/lhs/nonoise/ckpt_5e5/ckpt_486000.pkl
  [486100/500000]  elapsed=66579s  rate=7.3/s  eta=1904s  finite=486100
  [486200/500000]  elapsed=66593s  rate=7.3/s  eta=1890s  finite=486200
  [486300/500000]  elapsed=66609s  rate=7.3/s  eta=1876s  finite=486300
  [486400/500000]  elapsed=66623s  rate=7.3/s  eta=1863s  finite=486400
  [486500/500000]  elapsed=66638s  rate=7.3/s  eta=1849s  finite=486500
  [486600/500000]  elapsed=66652s  rate=7.3/s  eta=1835s  finite=486600
  [486700/500000]  elapsed=66665s  rate=7.3/s  eta=1822s  finite=486700
  [486800/500000]  elapsed=66680s  rate=7.3/s  eta=1808s  finite=486800
  [486900/500000]  elapsed=66693s  rate=7.3/s  eta=1794s  finite=486900
  [487000/500000]  elapsed=66706s  rate=7.3/s  eta=1781s  finite=487000
  -> checkpoint saved: /scratch/e1498138/lhs/nonoise/ckpt_5e5/ckpt_487000.pkl
  [487100/500000]  elapsed=66718s  rate=7.3/s  eta=1767s  finite=487100
  [487200/500000]  elapsed=66733s  rate=7.3/s  eta=1753s  finite=487200
  [487300/500000]  elapsed=66746s  rate=7.3/s  eta=1740s  finite=487300
  [487400/500000]  elapsed=66760s  rate=7.3/s  eta=1726s  finite=487400
  [487500/500000]  elapsed=66774s  rate=7.3/s  eta=1712s  finite=487500
  [487600/500000]  elapsed=66787s  rate=7.3/s  eta=1698s  finite=487600
  [487700/500000]  elapsed=66802s  rate=7.3/s  eta=1685s  finite=487700
  [487800/500000]  elapsed=66815s  rate=7.3/s  eta=1671s  finite=487800
  [487900/500000]  elapsed=66829s  rate=7.3/s  eta=1657s  finite=487900
  [488000/500000]  elapsed=66843s  rate=7.3/s  eta=1644s  finite=488000
  -> checkpoint saved: /scratch/e1498138/lhs/nonoise/ckpt_5e5/ckpt_488000.pkl
  [488100/500000]  elapsed=66856s  rate=7.3/s  eta=1630s  finite=488100
  [488200/500000]  elapsed=66871s  rate=7.3/s  eta=1616s  finite=488200
  [488300/500000]  elapsed=66885s  rate=7.3/s  eta=1603s  finite=488300
  [488400/500000]  elapsed=66899s  rate=7.3/s  eta=1589s  finite=488400
  [488500/500000]  elapsed=66913s  rate=7.3/s  eta=1575s  finite=488500
  [488600/500000]  elapsed=66927s  rate=7.3/s  eta=1562s  finite=488600
  [488700/500000]  elapsed=66941s  rate=7.3/s  eta=1548s  finite=488700
  [488800/500000]  elapsed=66955s  rate=7.3/s  eta=1534s  finite=488800
  [488900/500000]  elapsed=66971s  rate=7.3/s  eta=1521s  finite=488900
  [489000/500000]  elapsed=66984s  rate=7.3/s  eta=1507s  finite=489000
  -> checkpoint saved: /scratch/e1498138/lhs/nonoise/ckpt_5e5/ckpt_489000.pkl
  [489100/500000]  elapsed=66998s  rate=7.3/s  eta=1493s  finite=489100
  [489200/500000]  elapsed=67011s  rate=7.3/s  eta=1479s  finite=489200
  [489300/500000]  elapsed=67025s  rate=7.3/s  eta=1466s  finite=489300
  [489400/500000]  elapsed=67038s  rate=7.3/s  eta=1452s  finite=489400
  [489500/500000]  elapsed=67053s  rate=7.3/s  eta=1438s  finite=489500
  [489600/500000]  elapsed=67066s  rate=7.3/s  eta=1425s  finite=489600
  [489700/500000]  elapsed=67080s  rate=7.3/s  eta=1411s  finite=489700
  [489800/500000]  elapsed=67093s  rate=7.3/s  eta=1397s  finite=489800
  [489900/500000]  elapsed=67106s  rate=7.3/s  eta=1383s  finite=489900
  [490000/500000]  elapsed=67121s  rate=7.3/s  eta=1370s  finite=490000
  -> checkpoint saved: /scratch/e1498138/lhs/nonoise/ckpt_5e5/ckpt_490000.pkl
  [490100/500000]  elapsed=67134s  rate=7.3/s  eta=1356s  finite=490100
  [490200/500000]  elapsed=67149s  rate=7.3/s  eta=1342s  finite=490200
  [490300/500000]  elapsed=67164s  rate=7.3/s  eta=1329s  finite=490300
  [490400/500000]  elapsed=67176s  rate=7.3/s  eta=1315s  finite=490400
  [490500/500000]  elapsed=67189s  rate=7.3/s  eta=1301s  finite=490500
  [490600/500000]  elapsed=67205s  rate=7.3/s  eta=1288s  finite=490600
  [490700/500000]  elapsed=67218s  rate=7.3/s  eta=1274s  finite=490700
  [490800/500000]  elapsed=67234s  rate=7.3/s  eta=1260s  finite=490800
  [490900/500000]  elapsed=67247s  rate=7.3/s  eta=1247s  finite=490900
  [491000/500000]  elapsed=67261s  rate=7.3/s  eta=1233s  finite=491000
  -> checkpoint saved: /scratch/e1498138/lhs/nonoise/ckpt_5e5/ckpt_491000.pkl
  [491100/500000]  elapsed=67274s  rate=7.3/s  eta=1219s  finite=491100
  [491200/500000]  elapsed=67288s  rate=7.3/s  eta=1205s  finite=491200
  [491300/500000]  elapsed=67300s  rate=7.3/s  eta=1192s  finite=491300
  [491400/500000]  elapsed=67314s  rate=7.3/s  eta=1178s  finite=491400
  [491500/500000]  elapsed=67328s  rate=7.3/s  eta=1164s  finite=491500
  [491600/500000]  elapsed=67342s  rate=7.3/s  eta=1151s  finite=491600
  [491700/500000]  elapsed=67356s  rate=7.3/s  eta=1137s  finite=491700
  [491800/500000]  elapsed=67369s  rate=7.3/s  eta=1123s  finite=491800
  [491900/500000]  elapsed=67382s  rate=7.3/s  eta=1110s  finite=491900
  [492000/500000]  elapsed=67396s  rate=7.3/s  eta=1096s  finite=492000
  -> checkpoint saved: /scratch/e1498138/lhs/nonoise/ckpt_5e5/ckpt_492000.pkl
  [492100/500000]  elapsed=67409s  rate=7.3/s  eta=1082s  finite=492100
  [492200/500000]  elapsed=67423s  rate=7.3/s  eta=1068s  finite=492200
  [492300/500000]  elapsed=67438s  rate=7.3/s  eta=1055s  finite=492300
  [492400/500000]  elapsed=67451s  rate=7.3/s  eta=1041s  finite=492400
  [492500/500000]  elapsed=67467s  rate=7.3/s  eta=1027s  finite=492500
  [492600/500000]  elapsed=67481s  rate=7.3/s  eta=1014s  finite=492600
  [492700/500000]  elapsed=67495s  rate=7.3/s  eta=1000s  finite=492700
  [492800/500000]  elapsed=67508s  rate=7.3/s  eta=986s  finite=492800
  [492900/500000]  elapsed=67522s  rate=7.3/s  eta=973s  finite=492900
  [493000/500000]  elapsed=67535s  rate=7.3/s  eta=959s  finite=493000
  -> checkpoint saved: /scratch/e1498138/lhs/nonoise/ckpt_5e5/ckpt_493000.pkl
  [493100/500000]  elapsed=67551s  rate=7.3/s  eta=945s  finite=493100
  [493200/500000]  elapsed=67563s  rate=7.3/s  eta=932s  finite=493200
  [493300/500000]  elapsed=67577s  rate=7.3/s  eta=918s  finite=493300
  [493400/500000]  elapsed=67592s  rate=7.3/s  eta=904s  finite=493400
  [493500/500000]  elapsed=67605s  rate=7.3/s  eta=890s  finite=493500
  [493600/500000]  elapsed=67618s  rate=7.3/s  eta=877s  finite=493600
  [493700/500000]  elapsed=67630s  rate=7.3/s  eta=863s  finite=493700
  [493800/500000]  elapsed=67644s  rate=7.3/s  eta=849s  finite=493800
  [493900/500000]  elapsed=67657s  rate=7.3/s  eta=836s  finite=493900
  [494000/500000]  elapsed=67671s  rate=7.3/s  eta=822s  finite=494000
  -> checkpoint saved: /scratch/e1498138/lhs/nonoise/ckpt_5e5/ckpt_494000.pkl
  [494100/500000]  elapsed=67684s  rate=7.3/s  eta=808s  finite=494100
  [494200/500000]  elapsed=67696s  rate=7.3/s  eta=794s  finite=494200
  [494300/500000]  elapsed=67710s  rate=7.3/s  eta=781s  finite=494300
  [494400/500000]  elapsed=67722s  rate=7.3/s  eta=767s  finite=494400
  [494500/500000]  elapsed=67736s  rate=7.3/s  eta=753s  finite=494500
  [494600/500000]  elapsed=67748s  rate=7.3/s  eta=740s  finite=494600
  [494700/500000]  elapsed=67761s  rate=7.3/s  eta=726s  finite=494700
  [494800/500000]  elapsed=67774s  rate=7.3/s  eta=712s  finite=494800
  [494900/500000]  elapsed=67787s  rate=7.3/s  eta=699s  finite=494900
  [495000/500000]  elapsed=67801s  rate=7.3/s  eta=685s  finite=495000
  -> checkpoint saved: /scratch/e1498138/lhs/nonoise/ckpt_5e5/ckpt_495000.pkl
  [495100/500000]  elapsed=67815s  rate=7.3/s  eta=671s  finite=495100
  [495200/500000]  elapsed=67828s  rate=7.3/s  eta=657s  finite=495200
  [495300/500000]  elapsed=67840s  rate=7.3/s  eta=644s  finite=495300
  [495400/500000]  elapsed=67854s  rate=7.3/s  eta=630s  finite=495400
  [495500/500000]  elapsed=67868s  rate=7.3/s  eta=616s  finite=495500
  [495600/500000]  elapsed=67882s  rate=7.3/s  eta=603s  finite=495600
  [495700/500000]  elapsed=67896s  rate=7.3/s  eta=589s  finite=495700
  [495800/500000]  elapsed=67909s  rate=7.3/s  eta=575s  finite=495800
  [495900/500000]  elapsed=67923s  rate=7.3/s  eta=562s  finite=495900
  [496000/500000]  elapsed=67937s  rate=7.3/s  eta=548s  finite=496000
  -> checkpoint saved: /scratch/e1498138/lhs/nonoise/ckpt_5e5/ckpt_496000.pkl
  [496100/500000]  elapsed=67951s  rate=7.3/s  eta=534s  finite=496100
  [496200/500000]  elapsed=67966s  rate=7.3/s  eta=520s  finite=496200
  [496300/500000]  elapsed=67981s  rate=7.3/s  eta=507s  finite=496300
  [496400/500000]  elapsed=67994s  rate=7.3/s  eta=493s  finite=496400
  [496500/500000]  elapsed=68007s  rate=7.3/s  eta=479s  finite=496500
  [496600/500000]  elapsed=68022s  rate=7.3/s  eta=466s  finite=496600
  [496700/500000]  elapsed=68037s  rate=7.3/s  eta=452s  finite=496700
  [496800/500000]  elapsed=68052s  rate=7.3/s  eta=438s  finite=496800
  [496900/500000]  elapsed=68065s  rate=7.3/s  eta=425s  finite=496900
  [497000/500000]  elapsed=68078s  rate=7.3/s  eta=411s  finite=497000
  -> checkpoint saved: /scratch/e1498138/lhs/nonoise/ckpt_5e5/ckpt_497000.pkl
  [497100/500000]  elapsed=68092s  rate=7.3/s  eta=397s  finite=497100
  [497200/500000]  elapsed=68105s  rate=7.3/s  eta=384s  finite=497200
  [497300/500000]  elapsed=68119s  rate=7.3/s  eta=370s  finite=497300
  [497400/500000]  elapsed=68133s  rate=7.3/s  eta=356s  finite=497400
  [497500/500000]  elapsed=68145s  rate=7.3/s  eta=342s  finite=497500
  [497600/500000]  elapsed=68158s  rate=7.3/s  eta=329s  finite=497600
  [497700/500000]  elapsed=68171s  rate=7.3/s  eta=315s  finite=497700
  [497800/500000]  elapsed=68184s  rate=7.3/s  eta=301s  finite=497800
  [497900/500000]  elapsed=68199s  rate=7.3/s  eta=288s  finite=497900
  [498000/500000]  elapsed=68212s  rate=7.3/s  eta=274s  finite=498000
  -> checkpoint saved: /scratch/e1498138/lhs/nonoise/ckpt_5e5/ckpt_498000.pkl
  [498100/500000]  elapsed=68225s  rate=7.3/s  eta=260s  finite=498100
  [498200/500000]  elapsed=68239s  rate=7.3/s  eta=247s  finite=498200
  [498300/500000]  elapsed=68252s  rate=7.3/s  eta=233s  finite=498300
  [498400/500000]  elapsed=68265s  rate=7.3/s  eta=219s  finite=498400
  [498500/500000]  elapsed=68280s  rate=7.3/s  eta=205s  finite=498500
  [498600/500000]  elapsed=68294s  rate=7.3/s  eta=192s  finite=498600
  [498700/500000]  elapsed=68308s  rate=7.3/s  eta=178s  finite=498700
  [498800/500000]  elapsed=68322s  rate=7.3/s  eta=164s  finite=498800
  [498900/500000]  elapsed=68335s  rate=7.3/s  eta=151s  finite=498900
  [499000/500000]  elapsed=68348s  rate=7.3/s  eta=137s  finite=499000
  -> checkpoint saved: /scratch/e1498138/lhs/nonoise/ckpt_5e5/ckpt_499000.pkl
  [499100/500000]  elapsed=68362s  rate=7.3/s  eta=123s  finite=499100
  [499200/500000]  elapsed=68376s  rate=7.3/s  eta=110s  finite=499200
  [499300/500000]  elapsed=68389s  rate=7.3/s  eta=96s  finite=499300
  [499400/500000]  elapsed=68402s  rate=7.3/s  eta=82s  finite=499400
  [499500/500000]  elapsed=68417s  rate=7.3/s  eta=68s  finite=499500
  [499600/500000]  elapsed=68431s  rate=7.3/s  eta=55s  finite=499600
  [499700/500000]  elapsed=68444s  rate=7.3/s  eta=41s  finite=499700
  [499800/500000]  elapsed=68456s  rate=7.3/s  eta=27s  finite=499800
  [499900/500000]  elapsed=68470s  rate=7.3/s  eta=14s  finite=499900
  [500000/500000]  elapsed=68483s  rate=7.3/s  eta=0s  finite=500000
  -> checkpoint saved: /scratch/e1498138/lhs/nonoise/ckpt_5e5/ckpt_500000.pkl

Done!  Final output: /scratch/e1498138/lhs/nonoise/lhs_5e5.pkl
Total finite evaluations: 500000 / 500000
Job completed at Thu May 21 01:08:34 PM +08 2026
~~~~~~~~~~~~~~~~~~~~~~~~~~~~~~~~~~~~~~~~~~~~~~~~~~~~~~~~~~~~~~~~~~~~~~~~~~~~~~~~~~~~~~~~~~
			Resource Usage on 2026-05-21 13:08:35.262387:
~~~~~~~~~~~~~~~~~~~~~~~~~~~~~~~~~~~~~~~~~~~~~~~~~~~~~~~~~~~~~~~~~~~~~~~~~~~~~~~~~~~~~~~~~~
	JobId: 483304.hopper-m-02
	Project: CFP03-CF-051
	Exit Status: 0
~~~~~~~~~~~~~~~~~~~~~~~~~~~~~~~~~~~~~~~~~~~~~~~~~~~~~~~~~~~~~~~~~~~~~~~~~~~~~~~~~~~~~~~~~~
	NCPUs: Requested(12), Used(12)
	CPU Time Used: 18:53:57
	Memory: Requested(225gb), Used(12061888kb)
	Vmem Used: 29991064kb
	Walltime: Requested(24:00:00), Used(19:03:00)
~~~~~~~~~~~~~~~~~~~~~~~~~~~~~~~~~~~~~~~~~~~~~~~~~~~~~~~~~~~~~~~~~~~~~~~~~~~~~~~~~~~~~~~~~~
	Execution Nodes Used: (hopper-15:ngpus=1:ncpus=12:mem=235929600kb)
~~~~~~~~~~~~~~~~~~~~~~~~~~~~~~~~~~~~~~~~~~~~~~~~~~~~~~~~~~~~~~~~~~~~~~~~~~~~~~~~~~~~~~~~~~
	No GPU-related information available for this job.
