Job ID: 497733.hopper-m-02
Job name: paris2_pure
Job starts at Thu May 28 03:49:01 PM +08 2026
Using dt = 10 seconds, T = 0.25 years
Initializing waveform generator...
Creating GenerateEMRIWaveform class...
Done initializing waveform generator.
Creating GravWaveAnalysis class...
Initializing loglike class...
Done initializing loglike class.
Calculating SNR...
SNR calculated: 5.942134448355127
Setting up log_density and prior functions...
Done setting up log-likelihood and prior.
Setting up ParisMC sampler...
Done setting up ParisMC sampler.
Setting up initial covariance matrix...
Done setting up initial covariance matrix.
Initializing sampler...
Done initializing sampler.
Starting point (phys): [6.02970234, 1.27508141, 0.88321051, 9.49373423, 0.24784163]
Starting log_density (S=3): [1.09669532]
Running sampling...
S=3 improved -> -0.00001 at iter 6
S=3 improved -> 0.00063 at iter 9
S=3 improved -> 0.00093 at iter 22
S=3 improved -> 0.00289 at iter 24
S=3 improved -> 0.05301 at iter 64
S=3 improved -> 0.05721 at iter 93
S=3 improved -> 0.21606 at iter 224
S=3 improved -> 0.43531 at iter 237
S=3 improved -> 0.48234 at iter 1486
Stuck 10000 iters at S=3. Jumping -> S=10 at iter 11486
S=10 improved -> 0.51311 at iter 11857
S=10 improved -> 0.58380 at iter 12372
S=10 improved -> 0.92605 at iter 13236
S=10 improved -> 0.99530 at iter 13851
S=10 improved -> 1.13418 at iter 15306
S=10 improved -> 1.29707 at iter 18722
S=10 improved -> 1.40022 at iter 26585
Stuck 10000 iters at S=10. Jumping -> S=30 at iter 36585
S=30 improved -> 2.24397 at iter 36699
S=30 improved -> 2.84777 at iter 36703
S=30 improved -> 3.89558 at iter 37529
Stuck 10000 iters at S=30. Jumping -> S=100 at iter 47529
S=100 improved -> 4.04972 at iter 47638
S=100 improved -> 9.06392 at iter 47956
S=100 improved -> 14.81733 at iter 48016
S=100 improved -> 17.38728 at iter 48529
S=100 improved -> 20.86420 at iter 49640
S=100 improved -> 26.81598 at iter 50052
S=100 improved -> 29.44642 at iter 50289
S=100 improved -> 32.75176 at iter 50722
S=100 improved -> 35.54427 at iter 51255
S=100 improved -> 36.14279 at iter 53619
S=100 improved -> 38.29201 at iter 53751
S=100 improved -> 38.55146 at iter 56535
Stuck 10000 iters at S=100 (final stage). Stopping at iter 66535.
Stuck 10000 iters at S=100 (final stage). Stopping at iter 66536.
Stuck 10000 iters at S=100 (final stage). Stopping at iter 66537.
Stuck 10000 iters at S=100 (final stage). Stopping at iter 66538.
Stuck 10000 iters at S=100 (final stage). Stopping at iter 66539.
Stuck 10000 iters at S=100 (final stage). Stopping at iter 66540.
Stuck 10000 iters at S=100 (final stage). Stopping at iter 66541.
Stuck 10000 iters at S=100 (final stage). Stopping at iter 66542.
Stuck 10000 iters at S=100 (final stage). Stopping at iter 66543.
Stuck 10000 iters at S=100 (final stage). Stopping at iter 66544.
Stuck 10000 iters at S=100 (final stage). Stopping at iter 66545.
Stuck 10000 iters at S=100 (final stage). Stopping at iter 66546.
Stuck 10000 iters at S=100 (final stage). Stopping at iter 66547.
Stuck 10000 iters at S=100 (final stage). Stopping at iter 66548.
Stuck 10000 iters at S=100 (final stage). Stopping at iter 66549.
Stuck 10000 iters at S=100 (final stage). Stopping at iter 66550.
Stuck 10000 iters at S=100 (final stage). Stopping at iter 66551.
Stuck 10000 iters at S=100 (final stage). Stopping at iter 66552.
Stuck 10000 iters at S=100 (final stage). Stopping at iter 66553.
Stuck 10000 iters at S=100 (final stage). Stopping at iter 66554.
Stuck 10000 iters at S=100 (final stage). Stopping at iter 66555.
Stuck 10000 iters at S=100 (final stage). Stopping at iter 66556.
Stuck 10000 iters at S=100 (final stage). Stopping at iter 66557.
Stuck 10000 iters at S=100 (final stage). Stopping at iter 66558.
Stuck 10000 iters at S=100 (final stage). Stopping at iter 66559.
Stuck 10000 iters at S=100 (final stage). Stopping at iter 66560.
Stuck 10000 iters at S=100 (final stage). Stopping at iter 66561.
Stuck 10000 iters at S=100 (final stage). Stopping at iter 66562.
Stuck 10000 iters at S=100 (final stage). Stopping at iter 66563.
Stuck 10000 iters at S=100 (final stage). Stopping at iter 66564.
Stuck 10000 iters at S=100 (final stage). Stopping at iter 66565.
Stuck 10000 iters at S=100 (final stage). Stopping at iter 66566.
Stuck 10000 iters at S=100 (final stage). Stopping at iter 66567.
Stuck 10000 iters at S=100 (final stage). Stopping at iter 66568.
Stuck 10000 iters at S=100 (final stage). Stopping at iter 66569.
Stuck 10000 iters at S=100 (final stage). Stopping at iter 66570.
Stuck 10000 iters at S=100 (final stage). Stopping at iter 66571.
Stuck 10000 iters at S=100 (final stage). Stopping at iter 66572.
Stuck 10000 iters at S=100 (final stage). Stopping at iter 66573.
Stuck 10000 iters at S=100 (final stage). Stopping at iter 66574.
Stuck 10000 iters at S=100 (final stage). Stopping at iter 66575.
Stuck 10000 iters at S=100 (final stage). Stopping at iter 66576.
Stuck 10000 iters at S=100 (final stage). Stopping at iter 66577.
Stuck 10000 iters at S=100 (final stage). Stopping at iter 66578.
Stuck 10000 iters at S=100 (final stage). Stopping at iter 66579.
Stuck 10000 iters at S=100 (final stage). Stopping at iter 66580.
Stuck 10000 iters at S=100 (final stage). Stopping at iter 66581.
Stuck 10000 iters at S=100 (final stage). Stopping at iter 66582.
Stuck 10000 iters at S=100 (final stage). Stopping at iter 66583.
Stuck 10000 iters at S=100 (final stage). Stopping at iter 66584.
Stuck 10000 iters at S=100 (final stage). Stopping at iter 66585.
Stuck 10000 iters at S=100 (final stage). Stopping at iter 66586.
Stuck 10000 iters at S=100 (final stage). Stopping at iter 66587.
Stuck 10000 iters at S=100 (final stage). Stopping at iter 66588.
Stuck 10000 iters at S=100 (final stage). Stopping at iter 66589.
Stuck 10000 iters at S=100 (final stage). Stopping at iter 66590.
Stuck 10000 iters at S=100 (final stage). Stopping at iter 66591.
Stuck 10000 iters at S=100 (final stage). Stopping at iter 66592.
Stuck 10000 iters at S=100 (final stage). Stopping at iter 66593.
Stuck 10000 iters at S=100 (final stage). Stopping at iter 66594.
Stuck 10000 iters at S=100 (final stage). Stopping at iter 66595.
Stuck 10000 iters at S=100 (final stage). Stopping at iter 66596.
Stuck 10000 iters at S=100 (final stage). Stopping at iter 66597.
Stuck 10000 iters at S=100 (final stage). Stopping at iter 66598.
Stuck 10000 iters at S=100 (final stage). Stopping at iter 66599.
Stuck 10000 iters at S=100 (final stage). Stopping at iter 66600.
Stuck 10000 iters at S=100 (final stage). Stopping at iter 66601.
Stuck 10000 iters at S=100 (final stage). Stopping at iter 66602.
Stuck 10000 iters at S=100 (final stage). Stopping at iter 66603.
Stuck 10000 iters at S=100 (final stage). Stopping at iter 66604.
Stuck 10000 iters at S=100 (final stage). Stopping at iter 66605.
Stuck 10000 iters at S=100 (final stage). Stopping at iter 66606.
Stuck 10000 iters at S=100 (final stage). Stopping at iter 66607.
Stuck 10000 iters at S=100 (final stage). Stopping at iter 66608.
Stuck 10000 iters at S=100 (final stage). Stopping at iter 66609.
Stuck 10000 iters at S=100 (final stage). Stopping at iter 66610.
Stuck 10000 iters at S=100 (final stage). Stopping at iter 66611.
Stuck 10000 iters at S=100 (final stage). Stopping at iter 66612.
Stuck 10000 iters at S=100 (final stage). Stopping at iter 66613.
Stuck 10000 iters at S=100 (final stage). Stopping at iter 66614.
Stuck 10000 iters at S=100 (final stage). Stopping at iter 66615.
Stuck 10000 iters at S=100 (final stage). Stopping at iter 66616.
Stuck 10000 iters at S=100 (final stage). Stopping at iter 66617.
Stuck 10000 iters at S=100 (final stage). Stopping at iter 66618.
Stuck 10000 iters at S=100 (final stage). Stopping at iter 66619.
Stuck 10000 iters at S=100 (final stage). Stopping at iter 66620.
Stuck 10000 iters at S=100 (final stage). Stopping at iter 66621.
Stuck 10000 iters at S=100 (final stage). Stopping at iter 66622.
Stuck 10000 iters at S=100 (final stage). Stopping at iter 66623.
Stuck 10000 iters at S=100 (final stage). Stopping at iter 66624.
Stuck 10000 iters at S=100 (final stage). Stopping at iter 66625.
Stuck 10000 iters at S=100 (final stage). Stopping at iter 66626.
Stuck 10000 iters at S=100 (final stage). Stopping at iter 66627.
Stuck 10000 iters at S=100 (final stage). Stopping at iter 66628.
Stuck 10000 iters at S=100 (final stage). Stopping at iter 66629.
Stuck 10000 iters at S=100 (final stage). Stopping at iter 66630.
Stuck 10000 iters at S=100 (final stage). Stopping at iter 66631.
Stuck 10000 iters at S=100 (final stage). Stopping at iter 66632.
Stuck 10000 iters at S=100 (final stage). Stopping at iter 66633.
Stuck 10000 iters at S=100 (final stage). Stopping at iter 66634.
Stuck 10000 iters at S=100 (final stage). Stopping at iter 66635.
Stuck 10000 iters at S=100 (final stage). Stopping at iter 66636.
Stuck 10000 iters at S=100 (final stage). Stopping at iter 66637.
Stuck 10000 iters at S=100 (final stage). Stopping at iter 66638.
Stuck 10000 iters at S=100 (final stage). Stopping at iter 66639.
Stuck 10000 iters at S=100 (final stage). Stopping at iter 66640.
Stuck 10000 iters at S=100 (final stage). Stopping at iter 66641.
Stuck 10000 iters at S=100 (final stage). Stopping at iter 66642.
Stuck 10000 iters at S=100 (final stage). Stopping at iter 66643.
Stuck 10000 iters at S=100 (final stage). Stopping at iter 66644.
Stuck 10000 iters at S=100 (final stage). Stopping at iter 66645.
Stuck 10000 iters at S=100 (final stage). Stopping at iter 66646.
Stuck 10000 iters at S=100 (final stage). Stopping at iter 66647.
Stuck 10000 iters at S=100 (final stage). Stopping at iter 66648.
Stuck 10000 iters at S=100 (final stage). Stopping at iter 66649.
Stuck 10000 iters at S=100 (final stage). Stopping at iter 66650.
Stuck 10000 iters at S=100 (final stage). Stopping at iter 66651.
Stuck 10000 iters at S=100 (final stage). Stopping at iter 66652.
Stuck 10000 iters at S=100 (final stage). Stopping at iter 66653.
Stuck 10000 iters at S=100 (final stage). Stopping at iter 66654.
Stuck 10000 iters at S=100 (final stage). Stopping at iter 66655.
Stuck 10000 iters at S=100 (final stage). Stopping at iter 66656.
Stuck 10000 iters at S=100 (final stage). Stopping at iter 66657.
Stuck 10000 iters at S=100 (final stage). Stopping at iter 66658.
Stuck 10000 iters at S=100 (final stage). Stopping at iter 66659.
Stuck 10000 iters at S=100 (final stage). Stopping at iter 66660.
Stuck 10000 iters at S=100 (final stage). Stopping at iter 66661.
Stuck 10000 iters at S=100 (final stage). Stopping at iter 66662.
Stuck 10000 iters at S=100 (final stage). Stopping at iter 66663.
Stuck 10000 iters at S=100 (final stage). Stopping at iter 66664.
Stuck 10000 iters at S=100 (final stage). Stopping at iter 66665.
Stuck 10000 iters at S=100 (final stage). Stopping at iter 66666.
Stuck 10000 iters at S=100 (final stage). Stopping at iter 66667.
Stuck 10000 iters at S=100 (final stage). Stopping at iter 66668.
Stuck 10000 iters at S=100 (final stage). Stopping at iter 66669.
Stuck 10000 iters at S=100 (final stage). Stopping at iter 66670.
Stuck 10000 iters at S=100 (final stage). Stopping at iter 66671.
Stuck 10000 iters at S=100 (final stage). Stopping at iter 66672.
Stuck 10000 iters at S=100 (final stage). Stopping at iter 66673.
Stuck 10000 iters at S=100 (final stage). Stopping at iter 66674.
Stuck 10000 iters at S=100 (final stage). Stopping at iter 66675.
Stuck 10000 iters at S=100 (final stage). Stopping at iter 66676.
Stuck 10000 iters at S=100 (final stage). Stopping at iter 66677.
Stuck 10000 iters at S=100 (final stage). Stopping at iter 66678.
Stuck 10000 iters at S=100 (final stage). Stopping at iter 66679.
Stuck 10000 iters at S=100 (final stage). Stopping at iter 66680.
Stuck 10000 iters at S=100 (final stage). Stopping at iter 66681.
Stuck 10000 iters at S=100 (final stage). Stopping at iter 66682.
Stuck 10000 iters at S=100 (final stage). Stopping at iter 66683.
Stuck 10000 iters at S=100 (final stage). Stopping at iter 66684.
Stuck 10000 iters at S=100 (final stage). Stopping at iter 66685.
Stuck 10000 iters at S=100 (final stage). Stopping at iter 66686.
Stuck 10000 iters at S=100 (final stage). Stopping at iter 66687.
Stuck 10000 iters at S=100 (final stage). Stopping at iter 66688.
Stuck 10000 iters at S=100 (final stage). Stopping at iter 66689.
Stuck 10000 iters at S=100 (final stage). Stopping at iter 66690.
Stuck 10000 iters at S=100 (final stage). Stopping at iter 66691.
Stuck 10000 iters at S=100 (final stage). Stopping at iter 66692.
Stuck 10000 iters at S=100 (final stage). Stopping at iter 66693.
Stuck 10000 iters at S=100 (final stage). Stopping at iter 66694.
Stuck 10000 iters at S=100 (final stage). Stopping at iter 66695.
Stuck 10000 iters at S=100 (final stage). Stopping at iter 66696.
Stuck 10000 iters at S=100 (final stage). Stopping at iter 66697.
Stuck 10000 iters at S=100 (final stage). Stopping at iter 66698.
Stuck 10000 iters at S=100 (final stage). Stopping at iter 66699.
Stuck 10000 iters at S=100 (final stage). Stopping at iter 66700.
Stuck 10000 iters at S=100 (final stage). Stopping at iter 66701.
Stuck 10000 iters at S=100 (final stage). Stopping at iter 66702.
Stuck 10000 iters at S=100 (final stage). Stopping at iter 66703.
Stuck 10000 iters at S=100 (final stage). Stopping at iter 66704.
Stuck 10000 iters at S=100 (final stage). Stopping at iter 66705.
Stuck 10000 iters at S=100 (final stage). Stopping at iter 66706.
Stuck 10000 iters at S=100 (final stage). Stopping at iter 66707.
Stuck 10000 iters at S=100 (final stage). Stopping at iter 66708.
Stuck 10000 iters at S=100 (final stage). Stopping at iter 66709.
Stuck 10000 iters at S=100 (final stage). Stopping at iter 66710.
Stuck 10000 iters at S=100 (final stage). Stopping at iter 66711.
Stuck 10000 iters at S=100 (final stage). Stopping at iter 66712.
Stuck 10000 iters at S=100 (final stage). Stopping at iter 66713.
Stuck 10000 iters at S=100 (final stage). Stopping at iter 66714.
Stuck 10000 iters at S=100 (final stage). Stopping at iter 66715.
Stuck 10000 iters at S=100 (final stage). Stopping at iter 66716.
Stuck 10000 iters at S=100 (final stage). Stopping at iter 66717.
Stuck 10000 iters at S=100 (final stage). Stopping at iter 66718.
Stuck 10000 iters at S=100 (final stage). Stopping at iter 66719.
Stuck 10000 iters at S=100 (final stage). Stopping at iter 66720.
Stuck 10000 iters at S=100 (final stage). Stopping at iter 66721.
Stuck 10000 iters at S=100 (final stage). Stopping at iter 66722.
Stuck 10000 iters at S=100 (final stage). Stopping at iter 66723.
Stuck 10000 iters at S=100 (final stage). Stopping at iter 66724.
Stuck 10000 iters at S=100 (final stage). Stopping at iter 66725.
Stuck 10000 iters at S=100 (final stage). Stopping at iter 66726.
Stuck 10000 iters at S=100 (final stage). Stopping at iter 66727.
Stuck 10000 iters at S=100 (final stage). Stopping at iter 66728.
Stuck 10000 iters at S=100 (final stage). Stopping at iter 66729.
Stuck 10000 iters at S=100 (final stage). Stopping at iter 66730.
Stuck 10000 iters at S=100 (final stage). Stopping at iter 66731.
Stuck 10000 iters at S=100 (final stage). Stopping at iter 66732.
Stuck 10000 iters at S=100 (final stage). Stopping at iter 66733.
Stuck 10000 iters at S=100 (final stage). Stopping at iter 66734.
Stuck 10000 iters at S=100 (final stage). Stopping at iter 66735.
Stuck 10000 iters at S=100 (final stage). Stopping at iter 66736.
Stuck 10000 iters at S=100 (final stage). Stopping at iter 66737.
Stuck 10000 iters at S=100 (final stage). Stopping at iter 66738.
Stuck 10000 iters at S=100 (final stage). Stopping at iter 66739.
Stuck 10000 iters at S=100 (final stage). Stopping at iter 66740.
Stuck 10000 iters at S=100 (final stage). Stopping at iter 66741.
Stuck 10000 iters at S=100 (final stage). Stopping at iter 66742.
Stuck 10000 iters at S=100 (final stage). Stopping at iter 66743.
Stuck 10000 iters at S=100 (final stage). Stopping at iter 66744.
Stuck 10000 iters at S=100 (final stage). Stopping at iter 66745.
Stuck 10000 iters at S=100 (final stage). Stopping at iter 66746.
Stuck 10000 iters at S=100 (final stage). Stopping at iter 66747.
Stuck 10000 iters at S=100 (final stage). Stopping at iter 66748.
Stuck 10000 iters at S=100 (final stage). Stopping at iter 66749.
Stuck 10000 iters at S=100 (final stage). Stopping at iter 66750.
Stuck 10000 iters at S=100 (final stage). Stopping at iter 66751.
Stuck 10000 iters at S=100 (final stage). Stopping at iter 66752.
Stuck 10000 iters at S=100 (final stage). Stopping at iter 66753.
Stuck 10000 iters at S=100 (final stage). Stopping at iter 66754.
Stuck 10000 iters at S=100 (final stage). Stopping at iter 66755.
Stuck 10000 iters at S=100 (final stage). Stopping at iter 66756.
Stuck 10000 iters at S=100 (final stage). Stopping at iter 66757.
Stuck 10000 iters at S=100 (final stage). Stopping at iter 66758.
Stuck 10000 iters at S=100 (final stage). Stopping at iter 66759.
Stuck 10000 iters at S=100 (final stage). Stopping at iter 66760.
Stuck 10000 iters at S=100 (final stage). Stopping at iter 66761.
Stuck 10000 iters at S=100 (final stage). Stopping at iter 66762.
Stuck 10000 iters at S=100 (final stage). Stopping at iter 66763.
Stuck 10000 iters at S=100 (final stage). Stopping at iter 66764.
Stuck 10000 iters at S=100 (final stage). Stopping at iter 66765.
Stuck 10000 iters at S=100 (final stage). Stopping at iter 66766.
Stuck 10000 iters at S=100 (final stage). Stopping at iter 66767.
Stuck 10000 iters at S=100 (final stage). Stopping at iter 66768.
Stuck 10000 iters at S=100 (final stage). Stopping at iter 66769.
Stuck 10000 iters at S=100 (final stage). Stopping at iter 66770.
Stuck 10000 iters at S=100 (final stage). Stopping at iter 66771.
Stuck 10000 iters at S=100 (final stage). Stopping at iter 66772.
Stuck 10000 iters at S=100 (final stage). Stopping at iter 66773.
Stuck 10000 iters at S=100 (final stage). Stopping at iter 66774.
Stuck 10000 iters at S=100 (final stage). Stopping at iter 66775.
Stuck 10000 iters at S=100 (final stage). Stopping at iter 66776.
Stuck 10000 iters at S=100 (final stage). Stopping at iter 66777.
Stuck 10000 iters at S=100 (final stage). Stopping at iter 66778.
Stuck 10000 iters at S=100 (final stage). Stopping at iter 66779.
Stuck 10000 iters at S=100 (final stage). Stopping at iter 66780.
Stuck 10000 iters at S=100 (final stage). Stopping at iter 66781.
Stuck 10000 iters at S=100 (final stage). Stopping at iter 66782.
Stuck 10000 iters at S=100 (final stage). Stopping at iter 66783.
Stuck 10000 iters at S=100 (final stage). Stopping at iter 66784.
Stuck 10000 iters at S=100 (final stage). Stopping at iter 66785.
Stuck 10000 iters at S=100 (final stage). Stopping at iter 66786.
Stuck 10000 iters at S=100 (final stage). Stopping at iter 66787.
Stuck 10000 iters at S=100 (final stage). Stopping at iter 66788.
Stuck 10000 iters at S=100 (final stage). Stopping at iter 66789.
Stuck 10000 iters at S=100 (final stage). Stopping at iter 66790.
Stuck 10000 iters at S=100 (final stage). Stopping at iter 66791.
Stuck 10000 iters at S=100 (final stage). Stopping at iter 66792.
Stuck 10000 iters at S=100 (final stage). Stopping at iter 66793.
Stuck 10000 iters at S=100 (final stage). Stopping at iter 66794.
Stuck 10000 iters at S=100 (final stage). Stopping at iter 66795.
Stuck 10000 iters at S=100 (final stage). Stopping at iter 66796.
Stuck 10000 iters at S=100 (final stage). Stopping at iter 66797.
Stuck 10000 iters at S=100 (final stage). Stopping at iter 66798.
Stuck 10000 iters at S=100 (final stage). Stopping at iter 66799.
Stuck 10000 iters at S=100 (final stage). Stopping at iter 66800.
Stuck 10000 iters at S=100 (final stage). Stopping at iter 66801.
Stuck 10000 iters at S=100 (final stage). Stopping at iter 66802.
Stuck 10000 iters at S=100 (final stage). Stopping at iter 66803.
Stuck 10000 iters at S=100 (final stage). Stopping at iter 66804.
Stuck 10000 iters at S=100 (final stage). Stopping at iter 66805.
Stuck 10000 iters at S=100 (final stage). Stopping at iter 66806.
Stuck 10000 iters at S=100 (final stage). Stopping at iter 66807.
Stuck 10000 iters at S=100 (final stage). Stopping at iter 66808.
Stuck 10000 iters at S=100 (final stage). Stopping at iter 66809.
Stuck 10000 iters at S=100 (final stage). Stopping at iter 66810.
Stuck 10000 iters at S=100 (final stage). Stopping at iter 66811.
Stuck 10000 iters at S=100 (final stage). Stopping at iter 66812.
Stuck 10000 iters at S=100 (final stage). Stopping at iter 66813.
Stuck 10000 iters at S=100 (final stage). Stopping at iter 66814.
Stuck 10000 iters at S=100 (final stage). Stopping at iter 66815.
Stuck 10000 iters at S=100 (final stage). Stopping at iter 66816.
Stuck 10000 iters at S=100 (final stage). Stopping at iter 66817.
Stuck 10000 iters at S=100 (final stage). Stopping at iter 66818.
Stuck 10000 iters at S=100 (final stage). Stopping at iter 66819.
Stuck 10000 iters at S=100 (final stage). Stopping at iter 66820.
Stuck 10000 iters at S=100 (final stage). Stopping at iter 66821.
Stuck 10000 iters at S=100 (final stage). Stopping at iter 66822.
Stuck 10000 iters at S=100 (final stage). Stopping at iter 66823.
Stuck 10000 iters at S=100 (final stage). Stopping at iter 66824.
Stuck 10000 iters at S=100 (final stage). Stopping at iter 66825.
Stuck 10000 iters at S=100 (final stage). Stopping at iter 66826.
Stuck 10000 iters at S=100 (final stage). Stopping at iter 66827.
Stuck 10000 iters at S=100 (final stage). Stopping at iter 66828.
Stuck 10000 iters at S=100 (final stage). Stopping at iter 66829.
Stuck 10000 iters at S=100 (final stage). Stopping at iter 66830.
Stuck 10000 iters at S=100 (final stage). Stopping at iter 66831.
Stuck 10000 iters at S=100 (final stage). Stopping at iter 66832.
Stuck 10000 iters at S=100 (final stage). Stopping at iter 66833.
Stuck 10000 iters at S=100 (final stage). Stopping at iter 66834.
Stuck 10000 iters at S=100 (final stage). Stopping at iter 66835.
Stuck 10000 iters at S=100 (final stage). Stopping at iter 66836.
Stuck 10000 iters at S=100 (final stage). Stopping at iter 66837.
Stuck 10000 iters at S=100 (final stage). Stopping at iter 66838.
Stuck 10000 iters at S=100 (final stage). Stopping at iter 66839.
Stuck 10000 iters at S=100 (final stage). Stopping at iter 66840.
Stuck 10000 iters at S=100 (final stage). Stopping at iter 66841.
Stuck 10000 iters at S=100 (final stage). Stopping at iter 66842.
Stuck 10000 iters at S=100 (final stage). Stopping at iter 66843.
Stuck 10000 iters at S=100 (final stage). Stopping at iter 66844.
Stuck 10000 iters at S=100 (final stage). Stopping at iter 66845.
Stuck 10000 iters at S=100 (final stage). Stopping at iter 66846.
Stuck 10000 iters at S=100 (final stage). Stopping at iter 66847.
Stuck 10000 iters at S=100 (final stage). Stopping at iter 66848.
Stuck 10000 iters at S=100 (final stage). Stopping at iter 66849.
Stuck 10000 iters at S=100 (final stage). Stopping at iter 66850.
Stuck 10000 iters at S=100 (final stage). Stopping at iter 66851.
Stuck 10000 iters at S=100 (final stage). Stopping at iter 66852.
Stuck 10000 iters at S=100 (final stage). Stopping at iter 66853.
Stuck 10000 iters at S=100 (final stage). Stopping at iter 66854.
Stuck 10000 iters at S=100 (final stage). Stopping at iter 66855.
Stuck 10000 iters at S=100 (final stage). Stopping at iter 66856.
Stuck 10000 iters at S=100 (final stage). Stopping at iter 66857.
Stuck 10000 iters at S=100 (final stage). Stopping at iter 66858.
Stuck 10000 iters at S=100 (final stage). Stopping at iter 66859.
Stuck 10000 iters at S=100 (final stage). Stopping at iter 66860.
Stuck 10000 iters at S=100 (final stage). Stopping at iter 66861.
Stuck 10000 iters at S=100 (final stage). Stopping at iter 66862.
Stuck 10000 iters at S=100 (final stage). Stopping at iter 66863.
Stuck 10000 iters at S=100 (final stage). Stopping at iter 66864.
Stuck 10000 iters at S=100 (final stage). Stopping at iter 66865.
Stuck 10000 iters at S=100 (final stage). Stopping at iter 66866.
Stuck 10000 iters at S=100 (final stage). Stopping at iter 66867.
Stuck 10000 iters at S=100 (final stage). Stopping at iter 66868.
Stuck 10000 iters at S=100 (final stage). Stopping at iter 66869.
Stuck 10000 iters at S=100 (final stage). Stopping at iter 66870.
Stuck 10000 iters at S=100 (final stage). Stopping at iter 66871.
Stuck 10000 iters at S=100 (final stage). Stopping at iter 66872.
Stuck 10000 iters at S=100 (final stage). Stopping at iter 66873.
Stuck 10000 iters at S=100 (final stage). Stopping at iter 66874.
Stuck 10000 iters at S=100 (final stage). Stopping at iter 66875.
Stuck 10000 iters at S=100 (final stage). Stopping at iter 66876.
Stuck 10000 iters at S=100 (final stage). Stopping at iter 66877.
Stuck 10000 iters at S=100 (final stage). Stopping at iter 66878.
Stuck 10000 iters at S=100 (final stage). Stopping at iter 66879.
Stuck 10000 iters at S=100 (final stage). Stopping at iter 66880.
Stuck 10000 iters at S=100 (final stage). Stopping at iter 66881.
Stuck 10000 iters at S=100 (final stage). Stopping at iter 66882.
Stuck 10000 iters at S=100 (final stage). Stopping at iter 66883.
Stuck 10000 iters at S=100 (final stage). Stopping at iter 66884.
Stuck 10000 iters at S=100 (final stage). Stopping at iter 66885.
Stuck 10000 iters at S=100 (final stage). Stopping at iter 66886.
Stuck 10000 iters at S=100 (final stage). Stopping at iter 66887.
Stuck 10000 iters at S=100 (final stage). Stopping at iter 66888.
Stuck 10000 iters at S=100 (final stage). Stopping at iter 66889.
Stuck 10000 iters at S=100 (final stage). Stopping at iter 66890.
Stuck 10000 iters at S=100 (final stage). Stopping at iter 66891.
Stuck 10000 iters at S=100 (final stage). Stopping at iter 66892.
Stuck 10000 iters at S=100 (final stage). Stopping at iter 66893.
Stuck 10000 iters at S=100 (final stage). Stopping at iter 66894.
Stuck 10000 iters at S=100 (final stage). Stopping at iter 66895.
Stuck 10000 iters at S=100 (final stage). Stopping at iter 66896.
Stuck 10000 iters at S=100 (final stage). Stopping at iter 66897.
Stuck 10000 iters at S=100 (final stage). Stopping at iter 66898.
Stuck 10000 iters at S=100 (final stage). Stopping at iter 66899.
Stuck 10000 iters at S=100 (final stage). Stopping at iter 66900.
Stuck 10000 iters at S=100 (final stage). Stopping at iter 66901.
Stuck 10000 iters at S=100 (final stage). Stopping at iter 66902.
Stuck 10000 iters at S=100 (final stage). Stopping at iter 66903.
Stuck 10000 iters at S=100 (final stage). Stopping at iter 66904.
Stuck 10000 iters at S=100 (final stage). Stopping at iter 66905.
Stuck 10000 iters at S=100 (final stage). Stopping at iter 66906.
Stuck 10000 iters at S=100 (final stage). Stopping at iter 66907.
Stuck 10000 iters at S=100 (final stage). Stopping at iter 66908.
Stuck 10000 iters at S=100 (final stage). Stopping at iter 66909.
Stuck 10000 iters at S=100 (final stage). Stopping at iter 66910.
Stuck 10000 iters at S=100 (final stage). Stopping at iter 66911.
Stuck 10000 iters at S=100 (final stage). Stopping at iter 66912.
Stuck 10000 iters at S=100 (final stage). Stopping at iter 66913.
Stuck 10000 iters at S=100 (final stage). Stopping at iter 66914.
Stuck 10000 iters at S=100 (final stage). Stopping at iter 66915.
Stuck 10000 iters at S=100 (final stage). Stopping at iter 66916.
Stuck 10000 iters at S=100 (final stage). Stopping at iter 66917.
Stuck 10000 iters at S=100 (final stage). Stopping at iter 66918.
Stuck 10000 iters at S=100 (final stage). Stopping at iter 66919.
Stuck 10000 iters at S=100 (final stage). Stopping at iter 66920.
Stuck 10000 iters at S=100 (final stage). Stopping at iter 66921.
Stuck 10000 iters at S=100 (final stage). Stopping at iter 66922.
Stuck 10000 iters at S=100 (final stage). Stopping at iter 66923.
Stuck 10000 iters at S=100 (final stage). Stopping at iter 66924.
Stuck 10000 iters at S=100 (final stage). Stopping at iter 66925.
Stuck 10000 iters at S=100 (final stage). Stopping at iter 66926.
Stuck 10000 iters at S=100 (final stage). Stopping at iter 66927.
Stuck 10000 iters at S=100 (final stage). Stopping at iter 66928.
Stuck 10000 iters at S=100 (final stage). Stopping at iter 66929.
Stuck 10000 iters at S=100 (final stage). Stopping at iter 66930.
Stuck 10000 iters at S=100 (final stage). Stopping at iter 66931.
Stuck 10000 iters at S=100 (final stage). Stopping at iter 66932.
Stuck 10000 iters at S=100 (final stage). Stopping at iter 66933.
Stuck 10000 iters at S=100 (final stage). Stopping at iter 66934.
Stuck 10000 iters at S=100 (final stage). Stopping at iter 66935.
Stuck 10000 iters at S=100 (final stage). Stopping at iter 66936.
Stuck 10000 iters at S=100 (final stage). Stopping at iter 66937.
Stuck 10000 iters at S=100 (final stage). Stopping at iter 66938.
Stuck 10000 iters at S=100 (final stage). Stopping at iter 66939.
Stuck 10000 iters at S=100 (final stage). Stopping at iter 66940.
Stuck 10000 iters at S=100 (final stage). Stopping at iter 66941.
Stuck 10000 iters at S=100 (final stage). Stopping at iter 66942.
Stuck 10000 iters at S=100 (final stage). Stopping at iter 66943.
Stuck 10000 iters at S=100 (final stage). Stopping at iter 66944.
Stuck 10000 iters at S=100 (final stage). Stopping at iter 66945.
Stuck 10000 iters at S=100 (final stage). Stopping at iter 66946.
Stuck 10000 iters at S=100 (final stage). Stopping at iter 66947.
Stuck 10000 iters at S=100 (final stage). Stopping at iter 66948.
Stuck 10000 iters at S=100 (final stage). Stopping at iter 66949.
Stuck 10000 iters at S=100 (final stage). Stopping at iter 66950.
Stuck 10000 iters at S=100 (final stage). Stopping at iter 66951.
Stuck 10000 iters at S=100 (final stage). Stopping at iter 66952.
Stuck 10000 iters at S=100 (final stage). Stopping at iter 66953.
Stuck 10000 iters at S=100 (final stage). Stopping at iter 66954.
Stuck 10000 iters at S=100 (final stage). Stopping at iter 66955.
Stuck 10000 iters at S=100 (final stage). Stopping at iter 66956.
Stuck 10000 iters at S=100 (final stage). Stopping at iter 66957.
Stuck 10000 iters at S=100 (final stage). Stopping at iter 66958.
Stuck 10000 iters at S=100 (final stage). Stopping at iter 66959.
Stuck 10000 iters at S=100 (final stage). Stopping at iter 66960.
Stuck 10000 iters at S=100 (final stage). Stopping at iter 66961.
Stuck 10000 iters at S=100 (final stage). Stopping at iter 66962.
Stuck 10000 iters at S=100 (final stage). Stopping at iter 66963.
Stuck 10000 iters at S=100 (final stage). Stopping at iter 66964.
Stuck 10000 iters at S=100 (final stage). Stopping at iter 66965.
Stuck 10000 iters at S=100 (final stage). Stopping at iter 66966.
Stuck 10000 iters at S=100 (final stage). Stopping at iter 66967.
Stuck 10000 iters at S=100 (final stage). Stopping at iter 66968.
Stuck 10000 iters at S=100 (final stage). Stopping at iter 66969.
Stuck 10000 iters at S=100 (final stage). Stopping at iter 66970.
Stuck 10000 iters at S=100 (final stage). Stopping at iter 66971.
Stuck 10000 iters at S=100 (final stage). Stopping at iter 66972.
Stuck 10000 iters at S=100 (final stage). Stopping at iter 66973.
Stuck 10000 iters at S=100 (final stage). Stopping at iter 66974.
Stuck 10000 iters at S=100 (final stage). Stopping at iter 66975.
Stuck 10000 iters at S=100 (final stage). Stopping at iter 66976.
Stuck 10000 iters at S=100 (final stage). Stopping at iter 66977.
Stuck 10000 iters at S=100 (final stage). Stopping at iter 66978.
Stuck 10000 iters at S=100 (final stage). Stopping at iter 66979.
Stuck 10000 iters at S=100 (final stage). Stopping at iter 66980.
Stuck 10000 iters at S=100 (final stage). Stopping at iter 66981.
Stuck 10000 iters at S=100 (final stage). Stopping at iter 66982.
Stuck 10000 iters at S=100 (final stage). Stopping at iter 66983.
Stuck 10000 iters at S=100 (final stage). Stopping at iter 66984.
Stuck 10000 iters at S=100 (final stage). Stopping at iter 66985.
Stuck 10000 iters at S=100 (final stage). Stopping at iter 66986.
Stuck 10000 iters at S=100 (final stage). Stopping at iter 66987.
Stuck 10000 iters at S=100 (final stage). Stopping at iter 66988.
Stuck 10000 iters at S=100 (final stage). Stopping at iter 66989.
Stuck 10000 iters at S=100 (final stage). Stopping at iter 66990.
Stuck 10000 iters at S=100 (final stage). Stopping at iter 66991.
Stuck 10000 iters at S=100 (final stage). Stopping at iter 66992.
Stuck 10000 iters at S=100 (final stage). Stopping at iter 66993.
Stuck 10000 iters at S=100 (final stage). Stopping at iter 66994.
Stuck 10000 iters at S=100 (final stage). Stopping at iter 66995.
Stuck 10000 iters at S=100 (final stage). Stopping at iter 66996.
Stuck 10000 iters at S=100 (final stage). Stopping at iter 66997.
Stuck 10000 iters at S=100 (final stage). Stopping at iter 66998.
Stuck 10000 iters at S=100 (final stage). Stopping at iter 66999.
Stuck 10000 iters at S=100 (final stage). Stopping at iter 67000.
Stuck 10000 iters at S=100 (final stage). Stopping at iter 67001.
Stuck 10000 iters at S=100 (final stage). Stopping at iter 67002.
Stuck 10000 iters at S=100 (final stage). Stopping at iter 67003.
Stuck 10000 iters at S=100 (final stage). Stopping at iter 67004.
Stuck 10000 iters at S=100 (final stage). Stopping at iter 67005.
Stuck 10000 iters at S=100 (final stage). Stopping at iter 67006.
Stuck 10000 iters at S=100 (final stage). Stopping at iter 67007.
Stuck 10000 iters at S=100 (final stage). Stopping at iter 67008.
Stuck 10000 iters at S=100 (final stage). Stopping at iter 67009.
Stuck 10000 iters at S=100 (final stage). Stopping at iter 67010.
Stuck 10000 iters at S=100 (final stage). Stopping at iter 67011.
Stuck 10000 iters at S=100 (final stage). Stopping at iter 67012.
Stuck 10000 iters at S=100 (final stage). Stopping at iter 67013.
Stuck 10000 iters at S=100 (final stage). Stopping at iter 67014.
Stuck 10000 iters at S=100 (final stage). Stopping at iter 67015.
Stuck 10000 iters at S=100 (final stage). Stopping at iter 67016.
Stuck 10000 iters at S=100 (final stage). Stopping at iter 67017.
Stuck 10000 iters at S=100 (final stage). Stopping at iter 67018.
Stuck 10000 iters at S=100 (final stage). Stopping at iter 67019.
Stuck 10000 iters at S=100 (final stage). Stopping at iter 67020.
Stuck 10000 iters at S=100 (final stage). Stopping at iter 67021.
Stuck 10000 iters at S=100 (final stage). Stopping at iter 67022.
Stuck 10000 iters at S=100 (final stage). Stopping at iter 67023.
Stuck 10000 iters at S=100 (final stage). Stopping at iter 67024.
Stuck 10000 iters at S=100 (final stage). Stopping at iter 67025.
Stuck 10000 iters at S=100 (final stage). Stopping at iter 67026.
Stuck 10000 iters at S=100 (final stage). Stopping at iter 67027.
Stuck 10000 iters at S=100 (final stage). Stopping at iter 67028.
Stuck 10000 iters at S=100 (final stage). Stopping at iter 67029.
Stuck 10000 iters at S=100 (final stage). Stopping at iter 67030.
Stuck 10000 iters at S=100 (final stage). Stopping at iter 67031.
Stuck 10000 iters at S=100 (final stage). Stopping at iter 67032.
Stuck 10000 iters at S=100 (final stage). Stopping at iter 67033.
Stuck 10000 iters at S=100 (final stage). Stopping at iter 67034.
Stuck 10000 iters at S=100 (final stage). Stopping at iter 67035.
Stuck 10000 iters at S=100 (final stage). Stopping at iter 67036.
Stuck 10000 iters at S=100 (final stage). Stopping at iter 67037.
Stuck 10000 iters at S=100 (final stage). Stopping at iter 67038.
Stuck 10000 iters at S=100 (final stage). Stopping at iter 67039.
Stuck 10000 iters at S=100 (final stage). Stopping at iter 67040.
Stuck 10000 iters at S=100 (final stage). Stopping at iter 67041.
Stuck 10000 iters at S=100 (final stage). Stopping at iter 67042.
Stuck 10000 iters at S=100 (final stage). Stopping at iter 67043.
Stuck 10000 iters at S=100 (final stage). Stopping at iter 67044.
Stuck 10000 iters at S=100 (final stage). Stopping at iter 67045.
Stuck 10000 iters at S=100 (final stage). Stopping at iter 67046.
Stuck 10000 iters at S=100 (final stage). Stopping at iter 67047.
Stuck 10000 iters at S=100 (final stage). Stopping at iter 67048.
Stuck 10000 iters at S=100 (final stage). Stopping at iter 67049.
Stuck 10000 iters at S=100 (final stage). Stopping at iter 67050.
Stuck 10000 iters at S=100 (final stage). Stopping at iter 67051.
Stuck 10000 iters at S=100 (final stage). Stopping at iter 67052.
Stuck 10000 iters at S=100 (final stage). Stopping at iter 67053.
Stuck 10000 iters at S=100 (final stage). Stopping at iter 67054.
Stuck 10000 iters at S=100 (final stage). Stopping at iter 67055.
Stuck 10000 iters at S=100 (final stage). Stopping at iter 67056.
Stuck 10000 iters at S=100 (final stage). Stopping at iter 67057.
Stuck 10000 iters at S=100 (final stage). Stopping at iter 67058.
Stuck 10000 iters at S=100 (final stage). Stopping at iter 67059.
Stuck 10000 iters at S=100 (final stage). Stopping at iter 67060.
Stuck 10000 iters at S=100 (final stage). Stopping at iter 67061.
Stuck 10000 iters at S=100 (final stage). Stopping at iter 67062.
Stuck 10000 iters at S=100 (final stage). Stopping at iter 67063.
Stuck 10000 iters at S=100 (final stage). Stopping at iter 67064.
Stuck 10000 iters at S=100 (final stage). Stopping at iter 67065.
Stuck 10000 iters at S=100 (final stage). Stopping at iter 67066.
Stuck 10000 iters at S=100 (final stage). Stopping at iter 67067.
Stuck 10000 iters at S=100 (final stage). Stopping at iter 67068.
Stuck 10000 iters at S=100 (final stage). Stopping at iter 67069.
Stuck 10000 iters at S=100 (final stage). Stopping at iter 67070.
Stuck 10000 iters at S=100 (final stage). Stopping at iter 67071.
Stuck 10000 iters at S=100 (final stage). Stopping at iter 67072.
Stuck 10000 iters at S=100 (final stage). Stopping at iter 67073.
Stuck 10000 iters at S=100 (final stage). Stopping at iter 67074.
Stuck 10000 iters at S=100 (final stage). Stopping at iter 67075.
Stuck 10000 iters at S=100 (final stage). Stopping at iter 67076.
Stuck 10000 iters at S=100 (final stage). Stopping at iter 67077.
Stuck 10000 iters at S=100 (final stage). Stopping at iter 67078.
Stuck 10000 iters at S=100 (final stage). Stopping at iter 67079.
Stuck 10000 iters at S=100 (final stage). Stopping at iter 67080.
Stuck 10000 iters at S=100 (final stage). Stopping at iter 67081.
Stuck 10000 iters at S=100 (final stage). Stopping at iter 67082.
Stuck 10000 iters at S=100 (final stage). Stopping at iter 67083.
Stuck 10000 iters at S=100 (final stage). Stopping at iter 67084.
Stuck 10000 iters at S=100 (final stage). Stopping at iter 67085.
Stuck 10000 iters at S=100 (final stage). Stopping at iter 67086.
Stuck 10000 iters at S=100 (final stage). Stopping at iter 67087.
Stuck 10000 iters at S=100 (final stage). Stopping at iter 67088.
Stuck 10000 iters at S=100 (final stage). Stopping at iter 67089.
Stuck 10000 iters at S=100 (final stage). Stopping at iter 67090.
Stuck 10000 iters at S=100 (final stage). Stopping at iter 67091.
Stuck 10000 iters at S=100 (final stage). Stopping at iter 67092.
Stuck 10000 iters at S=100 (final stage). Stopping at iter 67093.
Stuck 10000 iters at S=100 (final stage). Stopping at iter 67094.
Stuck 10000 iters at S=100 (final stage). Stopping at iter 67095.
Stuck 10000 iters at S=100 (final stage). Stopping at iter 67096.
Stuck 10000 iters at S=100 (final stage). Stopping at iter 67097.
Stuck 10000 iters at S=100 (final stage). Stopping at iter 67098.
Stuck 10000 iters at S=100 (final stage). Stopping at iter 67099.
Stuck 10000 iters at S=100 (final stage). Stopping at iter 67100.
Stuck 10000 iters at S=100 (final stage). Stopping at iter 67101.
Stuck 10000 iters at S=100 (final stage). Stopping at iter 67102.
Stuck 10000 iters at S=100 (final stage). Stopping at iter 67103.
Stuck 10000 iters at S=100 (final stage). Stopping at iter 67104.
Stuck 10000 iters at S=100 (final stage). Stopping at iter 67105.
Stuck 10000 iters at S=100 (final stage). Stopping at iter 67106.
Stuck 10000 iters at S=100 (final stage). Stopping at iter 67107.
Stuck 10000 iters at S=100 (final stage). Stopping at iter 67108.
Stuck 10000 iters at S=100 (final stage). Stopping at iter 67109.
Stuck 10000 iters at S=100 (final stage). Stopping at iter 67110.
Stuck 10000 iters at S=100 (final stage). Stopping at iter 67111.
Stuck 10000 iters at S=100 (final stage). Stopping at iter 67112.
Stuck 10000 iters at S=100 (final stage). Stopping at iter 67113.
Stuck 10000 iters at S=100 (final stage). Stopping at iter 67114.
Stuck 10000 iters at S=100 (final stage). Stopping at iter 67115.
Stuck 10000 iters at S=100 (final stage). Stopping at iter 67116.
Stuck 10000 iters at S=100 (final stage). Stopping at iter 67117.
Stuck 10000 iters at S=100 (final stage). Stopping at iter 67118.
Stuck 10000 iters at S=100 (final stage). Stopping at iter 67119.
Stuck 10000 iters at S=100 (final stage). Stopping at iter 67120.
Stuck 10000 iters at S=100 (final stage). Stopping at iter 67121.
Stuck 10000 iters at S=100 (final stage). Stopping at iter 67122.
Stuck 10000 iters at S=100 (final stage). Stopping at iter 67123.
Stuck 10000 iters at S=100 (final stage). Stopping at iter 67124.
Stuck 10000 iters at S=100 (final stage). Stopping at iter 67125.
Stuck 10000 iters at S=100 (final stage). Stopping at iter 67126.
Stuck 10000 iters at S=100 (final stage). Stopping at iter 67127.
Stuck 10000 iters at S=100 (final stage). Stopping at iter 67128.
Stuck 10000 iters at S=100 (final stage). Stopping at iter 67129.
Stuck 10000 iters at S=100 (final stage). Stopping at iter 67130.
Stuck 10000 iters at S=100 (final stage). Stopping at iter 67131.
Stuck 10000 iters at S=100 (final stage). Stopping at iter 67132.
Stuck 10000 iters at S=100 (final stage). Stopping at iter 67133.
Stuck 10000 iters at S=100 (final stage). Stopping at iter 67134.
Stuck 10000 iters at S=100 (final stage). Stopping at iter 67135.
Stuck 10000 iters at S=100 (final stage). Stopping at iter 67136.
Stuck 10000 iters at S=100 (final stage). Stopping at iter 67137.
Stuck 10000 iters at S=100 (final stage). Stopping at iter 67138.
Stuck 10000 iters at S=100 (final stage). Stopping at iter 67139.
Stuck 10000 iters at S=100 (final stage). Stopping at iter 67140.
Stuck 10000 iters at S=100 (final stage). Stopping at iter 67141.
Stuck 10000 iters at S=100 (final stage). Stopping at iter 67142.
Stuck 10000 iters at S=100 (final stage). Stopping at iter 67143.
Stuck 10000 iters at S=100 (final stage). Stopping at iter 67144.
Stuck 10000 iters at S=100 (final stage). Stopping at iter 67145.
Stuck 10000 iters at S=100 (final stage). Stopping at iter 67146.
Stuck 10000 iters at S=100 (final stage). Stopping at iter 67147.
Stuck 10000 iters at S=100 (final stage). Stopping at iter 67148.
Stuck 10000 iters at S=100 (final stage). Stopping at iter 67149.
Stuck 10000 iters at S=100 (final stage). Stopping at iter 67150.
Stuck 10000 iters at S=100 (final stage). Stopping at iter 67151.
Stuck 10000 iters at S=100 (final stage). Stopping at iter 67152.
Stuck 10000 iters at S=100 (final stage). Stopping at iter 67153.
Stuck 10000 iters at S=100 (final stage). Stopping at iter 67154.
Stuck 10000 iters at S=100 (final stage). Stopping at iter 67155.
Stuck 10000 iters at S=100 (final stage). Stopping at iter 67156.
Stuck 10000 iters at S=100 (final stage). Stopping at iter 67157.
Stuck 10000 iters at S=100 (final stage). Stopping at iter 67158.
Stuck 10000 iters at S=100 (final stage). Stopping at iter 67159.
Stuck 10000 iters at S=100 (final stage). Stopping at iter 67160.
Stuck 10000 iters at S=100 (final stage). Stopping at iter 67161.
Stuck 10000 iters at S=100 (final stage). Stopping at iter 67162.
Stuck 10000 iters at S=100 (final stage). Stopping at iter 67163.
Stuck 10000 iters at S=100 (final stage). Stopping at iter 67164.
Stuck 10000 iters at S=100 (final stage). Stopping at iter 67165.
Stuck 10000 iters at S=100 (final stage). Stopping at iter 67166.
Stuck 10000 iters at S=100 (final stage). Stopping at iter 67167.
Stuck 10000 iters at S=100 (final stage). Stopping at iter 67168.
Stuck 10000 iters at S=100 (final stage). Stopping at iter 67169.
Stuck 10000 iters at S=100 (final stage). Stopping at iter 67170.
Stuck 10000 iters at S=100 (final stage). Stopping at iter 67171.
Stuck 10000 iters at S=100 (final stage). Stopping at iter 67172.
Stuck 10000 iters at S=100 (final stage). Stopping at iter 67173.
Stuck 10000 iters at S=100 (final stage). Stopping at iter 67174.
Stuck 10000 iters at S=100 (final stage). Stopping at iter 67175.
Stuck 10000 iters at S=100 (final stage). Stopping at iter 67176.
Stuck 10000 iters at S=100 (final stage). Stopping at iter 67177.
Stuck 10000 iters at S=100 (final stage). Stopping at iter 67178.
Stuck 10000 iters at S=100 (final stage). Stopping at iter 67179.
Stuck 10000 iters at S=100 (final stage). Stopping at iter 67180.
Stuck 10000 iters at S=100 (final stage). Stopping at iter 67181.
Stuck 10000 iters at S=100 (final stage). Stopping at iter 67182.
Stuck 10000 iters at S=100 (final stage). Stopping at iter 67183.
Stuck 10000 iters at S=100 (final stage). Stopping at iter 67184.
Stuck 10000 iters at S=100 (final stage). Stopping at iter 67185.
Stuck 10000 iters at S=100 (final stage). Stopping at iter 67186.
Stuck 10000 iters at S=100 (final stage). Stopping at iter 67187.
Stuck 10000 iters at S=100 (final stage). Stopping at iter 67188.
Stuck 10000 iters at S=100 (final stage). Stopping at iter 67189.
Stuck 10000 iters at S=100 (final stage). Stopping at iter 67190.
Stuck 10000 iters at S=100 (final stage). Stopping at iter 67191.
Stuck 10000 iters at S=100 (final stage). Stopping at iter 67192.
Stuck 10000 iters at S=100 (final stage). Stopping at iter 67193.
Stuck 10000 iters at S=100 (final stage). Stopping at iter 67194.
Stuck 10000 iters at S=100 (final stage). Stopping at iter 67195.
Stuck 10000 iters at S=100 (final stage). Stopping at iter 67196.
Stuck 10000 iters at S=100 (final stage). Stopping at iter 67197.
Stuck 10000 iters at S=100 (final stage). Stopping at iter 67198.
Stuck 10000 iters at S=100 (final stage). Stopping at iter 67199.
Stuck 10000 iters at S=100 (final stage). Stopping at iter 67200.
Stuck 10000 iters at S=100 (final stage). Stopping at iter 67201.
Stuck 10000 iters at S=100 (final stage). Stopping at iter 67202.
Stuck 10000 iters at S=100 (final stage). Stopping at iter 67203.
Stuck 10000 iters at S=100 (final stage). Stopping at iter 67204.
Stuck 10000 iters at S=100 (final stage). Stopping at iter 67205.
Stuck 10000 iters at S=100 (final stage). Stopping at iter 67206.
Stuck 10000 iters at S=100 (final stage). Stopping at iter 67207.
Stuck 10000 iters at S=100 (final stage). Stopping at iter 67208.
Stuck 10000 iters at S=100 (final stage). Stopping at iter 67209.
Stuck 10000 iters at S=100 (final stage). Stopping at iter 67210.
Stuck 10000 iters at S=100 (final stage). Stopping at iter 67211.
Stuck 10000 iters at S=100 (final stage). Stopping at iter 67212.
Stuck 10000 iters at S=100 (final stage). Stopping at iter 67213.
Stuck 10000 iters at S=100 (final stage). Stopping at iter 67214.
Stuck 10000 iters at S=100 (final stage). Stopping at iter 67215.
Stuck 10000 iters at S=100 (final stage). Stopping at iter 67216.
Stuck 10000 iters at S=100 (final stage). Stopping at iter 67217.
Stuck 10000 iters at S=100 (final stage). Stopping at iter 67218.
Stuck 10000 iters at S=100 (final stage). Stopping at iter 67219.
Stuck 10000 iters at S=100 (final stage). Stopping at iter 67220.
Stuck 10000 iters at S=100 (final stage). Stopping at iter 67221.
Stuck 10000 iters at S=100 (final stage). Stopping at iter 67222.
Stuck 10000 iters at S=100 (final stage). Stopping at iter 67223.
Stuck 10000 iters at S=100 (final stage). Stopping at iter 67224.
Stuck 10000 iters at S=100 (final stage). Stopping at iter 67225.
Stuck 10000 iters at S=100 (final stage). Stopping at iter 67226.
Stuck 10000 iters at S=100 (final stage). Stopping at iter 67227.
Stuck 10000 iters at S=100 (final stage). Stopping at iter 67228.
Stuck 10000 iters at S=100 (final stage). Stopping at iter 67229.
Stuck 10000 iters at S=100 (final stage). Stopping at iter 67230.
Stuck 10000 iters at S=100 (final stage). Stopping at iter 67231.
Stuck 10000 iters at S=100 (final stage). Stopping at iter 67232.
Stuck 10000 iters at S=100 (final stage). Stopping at iter 67233.
Stuck 10000 iters at S=100 (final stage). Stopping at iter 67234.
Stuck 10000 iters at S=100 (final stage). Stopping at iter 67235.
Stuck 10000 iters at S=100 (final stage). Stopping at iter 67236.
Stuck 10000 iters at S=100 (final stage). Stopping at iter 67237.
Stuck 10000 iters at S=100 (final stage). Stopping at iter 67238.
Stuck 10000 iters at S=100 (final stage). Stopping at iter 67239.
Stuck 10000 iters at S=100 (final stage). Stopping at iter 67240.
Stuck 10000 iters at S=100 (final stage). Stopping at iter 67241.
Stuck 10000 iters at S=100 (final stage). Stopping at iter 67242.
Stuck 10000 iters at S=100 (final stage). Stopping at iter 67243.
Stuck 10000 iters at S=100 (final stage). Stopping at iter 67244.
Stuck 10000 iters at S=100 (final stage). Stopping at iter 67245.
Stuck 10000 iters at S=100 (final stage). Stopping at iter 67246.
Stuck 10000 iters at S=100 (final stage). Stopping at iter 67247.
Stuck 10000 iters at S=100 (final stage). Stopping at iter 67248.
Stuck 10000 iters at S=100 (final stage). Stopping at iter 67249.
Stuck 10000 iters at S=100 (final stage). Stopping at iter 67250.
Stuck 10000 iters at S=100 (final stage). Stopping at iter 67251.
Stuck 10000 iters at S=100 (final stage). Stopping at iter 67252.
Stuck 10000 iters at S=100 (final stage). Stopping at iter 67253.
Stuck 10000 iters at S=100 (final stage). Stopping at iter 67254.
Stuck 10000 iters at S=100 (final stage). Stopping at iter 67255.
Stuck 10000 iters at S=100 (final stage). Stopping at iter 67256.
Stuck 10000 iters at S=100 (final stage). Stopping at iter 67257.
Stuck 10000 iters at S=100 (final stage). Stopping at iter 67258.
Stuck 10000 iters at S=100 (final stage). Stopping at iter 67259.
Stuck 10000 iters at S=100 (final stage). Stopping at iter 67260.
Stuck 10000 iters at S=100 (final stage). Stopping at iter 67261.
Stuck 10000 iters at S=100 (final stage). Stopping at iter 67262.
Stuck 10000 iters at S=100 (final stage). Stopping at iter 67263.
Stuck 10000 iters at S=100 (final stage). Stopping at iter 67264.
Stuck 10000 iters at S=100 (final stage). Stopping at iter 67265.
Stuck 10000 iters at S=100 (final stage). Stopping at iter 67266.
Stuck 10000 iters at S=100 (final stage). Stopping at iter 67267.
Stuck 10000 iters at S=100 (final stage). Stopping at iter 67268.
Stuck 10000 iters at S=100 (final stage). Stopping at iter 67269.
Stuck 10000 iters at S=100 (final stage). Stopping at iter 67270.
Stuck 10000 iters at S=100 (final stage). Stopping at iter 67271.
Stuck 10000 iters at S=100 (final stage). Stopping at iter 67272.
Stuck 10000 iters at S=100 (final stage). Stopping at iter 67273.
Stuck 10000 iters at S=100 (final stage). Stopping at iter 67274.
Stuck 10000 iters at S=100 (final stage). Stopping at iter 67275.
Stuck 10000 iters at S=100 (final stage). Stopping at iter 67276.
Stuck 10000 iters at S=100 (final stage). Stopping at iter 67277.
Stuck 10000 iters at S=100 (final stage). Stopping at iter 67278.
Stuck 10000 iters at S=100 (final stage). Stopping at iter 67279.
Stuck 10000 iters at S=100 (final stage). Stopping at iter 67280.
Stuck 10000 iters at S=100 (final stage). Stopping at iter 67281.
Stuck 10000 iters at S=100 (final stage). Stopping at iter 67282.
Stuck 10000 iters at S=100 (final stage). Stopping at iter 67283.
Stuck 10000 iters at S=100 (final stage). Stopping at iter 67284.
Stuck 10000 iters at S=100 (final stage). Stopping at iter 67285.
Stuck 10000 iters at S=100 (final stage). Stopping at iter 67286.
Stuck 10000 iters at S=100 (final stage). Stopping at iter 67287.
Stuck 10000 iters at S=100 (final stage). Stopping at iter 67288.
Stuck 10000 iters at S=100 (final stage). Stopping at iter 67289.
Stuck 10000 iters at S=100 (final stage). Stopping at iter 67290.
Stuck 10000 iters at S=100 (final stage). Stopping at iter 67291.
Stuck 10000 iters at S=100 (final stage). Stopping at iter 67292.
Stuck 10000 iters at S=100 (final stage). Stopping at iter 67293.
Stuck 10000 iters at S=100 (final stage). Stopping at iter 67294.
Stuck 10000 iters at S=100 (final stage). Stopping at iter 67295.
Stuck 10000 iters at S=100 (final stage). Stopping at iter 67296.
Stuck 10000 iters at S=100 (final stage). Stopping at iter 67297.
Stuck 10000 iters at S=100 (final stage). Stopping at iter 67298.
Stuck 10000 iters at S=100 (final stage). Stopping at iter 67299.
Stuck 10000 iters at S=100 (final stage). Stopping at iter 67300.
Stuck 10000 iters at S=100 (final stage). Stopping at iter 67301.
Stuck 10000 iters at S=100 (final stage). Stopping at iter 67302.
Stuck 10000 iters at S=100 (final stage). Stopping at iter 67303.
Stuck 10000 iters at S=100 (final stage). Stopping at iter 67304.
Stuck 10000 iters at S=100 (final stage). Stopping at iter 67305.
Stuck 10000 iters at S=100 (final stage). Stopping at iter 67306.
Stuck 10000 iters at S=100 (final stage). Stopping at iter 67307.
Stuck 10000 iters at S=100 (final stage). Stopping at iter 67308.
Stuck 10000 iters at S=100 (final stage). Stopping at iter 67309.
Stuck 10000 iters at S=100 (final stage). Stopping at iter 67310.
Stuck 10000 iters at S=100 (final stage). Stopping at iter 67311.
Stuck 10000 iters at S=100 (final stage). Stopping at iter 67312.
Stuck 10000 iters at S=100 (final stage). Stopping at iter 67313.
Stuck 10000 iters at S=100 (final stage). Stopping at iter 67314.
Stuck 10000 iters at S=100 (final stage). Stopping at iter 67315.
Stuck 10000 iters at S=100 (final stage). Stopping at iter 67316.
Stuck 10000 iters at S=100 (final stage). Stopping at iter 67317.
Stuck 10000 iters at S=100 (final stage). Stopping at iter 67318.
Stuck 10000 iters at S=100 (final stage). Stopping at iter 67319.
Stuck 10000 iters at S=100 (final stage). Stopping at iter 67320.
Stuck 10000 iters at S=100 (final stage). Stopping at iter 67321.
Stuck 10000 iters at S=100 (final stage). Stopping at iter 67322.
Stuck 10000 iters at S=100 (final stage). Stopping at iter 67323.
Stuck 10000 iters at S=100 (final stage). Stopping at iter 67324.
Stuck 10000 iters at S=100 (final stage). Stopping at iter 67325.
Stuck 10000 iters at S=100 (final stage). Stopping at iter 67326.
Stuck 10000 iters at S=100 (final stage). Stopping at iter 67327.
Stuck 10000 iters at S=100 (final stage). Stopping at iter 67328.
Stuck 10000 iters at S=100 (final stage). Stopping at iter 67329.
Stuck 10000 iters at S=100 (final stage). Stopping at iter 67330.
Stuck 10000 iters at S=100 (final stage). Stopping at iter 67331.
Stuck 10000 iters at S=100 (final stage). Stopping at iter 67332.
Stuck 10000 iters at S=100 (final stage). Stopping at iter 67333.
Stuck 10000 iters at S=100 (final stage). Stopping at iter 67334.
Stuck 10000 iters at S=100 (final stage). Stopping at iter 67335.
Stuck 10000 iters at S=100 (final stage). Stopping at iter 67336.
Stuck 10000 iters at S=100 (final stage). Stopping at iter 67337.
Stuck 10000 iters at S=100 (final stage). Stopping at iter 67338.
Stuck 10000 iters at S=100 (final stage). Stopping at iter 67339.
Stuck 10000 iters at S=100 (final stage). Stopping at iter 67340.
Stuck 10000 iters at S=100 (final stage). Stopping at iter 67341.
Stuck 10000 iters at S=100 (final stage). Stopping at iter 67342.
Stuck 10000 iters at S=100 (final stage). Stopping at iter 67343.
Stuck 10000 iters at S=100 (final stage). Stopping at iter 67344.
Stuck 10000 iters at S=100 (final stage). Stopping at iter 67345.
Stuck 10000 iters at S=100 (final stage). Stopping at iter 67346.
Stuck 10000 iters at S=100 (final stage). Stopping at iter 67347.
Stuck 10000 iters at S=100 (final stage). Stopping at iter 67348.
Stuck 10000 iters at S=100 (final stage). Stopping at iter 67349.
Stuck 10000 iters at S=100 (final stage). Stopping at iter 67350.
Stuck 10000 iters at S=100 (final stage). Stopping at iter 67351.
Stuck 10000 iters at S=100 (final stage). Stopping at iter 67352.
Stuck 10000 iters at S=100 (final stage). Stopping at iter 67353.
Stuck 10000 iters at S=100 (final stage). Stopping at iter 67354.
Stuck 10000 iters at S=100 (final stage). Stopping at iter 67355.
Stuck 10000 iters at S=100 (final stage). Stopping at iter 67356.
Stuck 10000 iters at S=100 (final stage). Stopping at iter 67357.
Stuck 10000 iters at S=100 (final stage). Stopping at iter 67358.
Stuck 10000 iters at S=100 (final stage). Stopping at iter 67359.
Stuck 10000 iters at S=100 (final stage). Stopping at iter 67360.
Stuck 10000 iters at S=100 (final stage). Stopping at iter 67361.
Stuck 10000 iters at S=100 (final stage). Stopping at iter 67362.
Stuck 10000 iters at S=100 (final stage). Stopping at iter 67363.
Stuck 10000 iters at S=100 (final stage). Stopping at iter 67364.
Stuck 10000 iters at S=100 (final stage). Stopping at iter 67365.
Stuck 10000 iters at S=100 (final stage). Stopping at iter 67366.
Stuck 10000 iters at S=100 (final stage). Stopping at iter 67367.
Stuck 10000 iters at S=100 (final stage). Stopping at iter 67368.
Stuck 10000 iters at S=100 (final stage). Stopping at iter 67369.
Stuck 10000 iters at S=100 (final stage). Stopping at iter 67370.
Stuck 10000 iters at S=100 (final stage). Stopping at iter 67371.
Stuck 10000 iters at S=100 (final stage). Stopping at iter 67372.
Stuck 10000 iters at S=100 (final stage). Stopping at iter 67373.
Stuck 10000 iters at S=100 (final stage). Stopping at iter 67374.
Stuck 10000 iters at S=100 (final stage). Stopping at iter 67375.
Stuck 10000 iters at S=100 (final stage). Stopping at iter 67376.
Stuck 10000 iters at S=100 (final stage). Stopping at iter 67377.
Stuck 10000 iters at S=100 (final stage). Stopping at iter 67378.
Stuck 10000 iters at S=100 (final stage). Stopping at iter 67379.
Stuck 10000 iters at S=100 (final stage). Stopping at iter 67380.
Stuck 10000 iters at S=100 (final stage). Stopping at iter 67381.
Stuck 10000 iters at S=100 (final stage). Stopping at iter 67382.
Stuck 10000 iters at S=100 (final stage). Stopping at iter 67383.
Stuck 10000 iters at S=100 (final stage). Stopping at iter 67384.
Stuck 10000 iters at S=100 (final stage). Stopping at iter 67385.
Stuck 10000 iters at S=100 (final stage). Stopping at iter 67386.
Stuck 10000 iters at S=100 (final stage). Stopping at iter 67387.
Stuck 10000 iters at S=100 (final stage). Stopping at iter 67388.
Stuck 10000 iters at S=100 (final stage). Stopping at iter 67389.
Stuck 10000 iters at S=100 (final stage). Stopping at iter 67390.
Stuck 10000 iters at S=100 (final stage). Stopping at iter 67391.
Stuck 10000 iters at S=100 (final stage). Stopping at iter 67392.
Stuck 10000 iters at S=100 (final stage). Stopping at iter 67393.
Stuck 10000 iters at S=100 (final stage). Stopping at iter 67394.
Stuck 10000 iters at S=100 (final stage). Stopping at iter 67395.
Stuck 10000 iters at S=100 (final stage). Stopping at iter 67396.
Stuck 10000 iters at S=100 (final stage). Stopping at iter 67397.
Stuck 10000 iters at S=100 (final stage). Stopping at iter 67398.
Stuck 10000 iters at S=100 (final stage). Stopping at iter 67399.
Stuck 10000 iters at S=100 (final stage). Stopping at iter 67400.
Stuck 10000 iters at S=100 (final stage). Stopping at iter 67401.
Stuck 10000 iters at S=100 (final stage). Stopping at iter 67402.
Stuck 10000 iters at S=100 (final stage). Stopping at iter 67403.
Stuck 10000 iters at S=100 (final stage). Stopping at iter 67404.
Stuck 10000 iters at S=100 (final stage). Stopping at iter 67405.
Stuck 10000 iters at S=100 (final stage). Stopping at iter 67406.
Stuck 10000 iters at S=100 (final stage). Stopping at iter 67407.
Stuck 10000 iters at S=100 (final stage). Stopping at iter 67408.
Stuck 10000 iters at S=100 (final stage). Stopping at iter 67409.
Stuck 10000 iters at S=100 (final stage). Stopping at iter 67410.
Stuck 10000 iters at S=100 (final stage). Stopping at iter 67411.
Stuck 10000 iters at S=100 (final stage). Stopping at iter 67412.
Stuck 10000 iters at S=100 (final stage). Stopping at iter 67413.
Stuck 10000 iters at S=100 (final stage). Stopping at iter 67414.
Stuck 10000 iters at S=100 (final stage). Stopping at iter 67415.
Stuck 10000 iters at S=100 (final stage). Stopping at iter 67416.
Stuck 10000 iters at S=100 (final stage). Stopping at iter 67417.
Stuck 10000 iters at S=100 (final stage). Stopping at iter 67418.
Stuck 10000 iters at S=100 (final stage). Stopping at iter 67419.
Stuck 10000 iters at S=100 (final stage). Stopping at iter 67420.
Stuck 10000 iters at S=100 (final stage). Stopping at iter 67421.
Stuck 10000 iters at S=100 (final stage). Stopping at iter 67422.
Stuck 10000 iters at S=100 (final stage). Stopping at iter 67423.
Stuck 10000 iters at S=100 (final stage). Stopping at iter 67424.
Stuck 10000 iters at S=100 (final stage). Stopping at iter 67425.
Stuck 10000 iters at S=100 (final stage). Stopping at iter 67426.
Stuck 10000 iters at S=100 (final stage). Stopping at iter 67427.
Stuck 10000 iters at S=100 (final stage). Stopping at iter 67428.
Stuck 10000 iters at S=100 (final stage). Stopping at iter 67429.
Stuck 10000 iters at S=100 (final stage). Stopping at iter 67430.
Stuck 10000 iters at S=100 (final stage). Stopping at iter 67431.
Stuck 10000 iters at S=100 (final stage). Stopping at iter 67432.
Stuck 10000 iters at S=100 (final stage). Stopping at iter 67433.
Stuck 10000 iters at S=100 (final stage). Stopping at iter 67434.
Stuck 10000 iters at S=100 (final stage). Stopping at iter 67435.
Stuck 10000 iters at S=100 (final stage). Stopping at iter 67436.
Stuck 10000 iters at S=100 (final stage). Stopping at iter 67437.
Stuck 10000 iters at S=100 (final stage). Stopping at iter 67438.
Stuck 10000 iters at S=100 (final stage). Stopping at iter 67439.
Stuck 10000 iters at S=100 (final stage). Stopping at iter 67440.
Stuck 10000 iters at S=100 (final stage). Stopping at iter 67441.
Stuck 10000 iters at S=100 (final stage). Stopping at iter 67442.
Stuck 10000 iters at S=100 (final stage). Stopping at iter 67443.
Stuck 10000 iters at S=100 (final stage). Stopping at iter 67444.
Stuck 10000 iters at S=100 (final stage). Stopping at iter 67445.
Stuck 10000 iters at S=100 (final stage). Stopping at iter 67446.
Stuck 10000 iters at S=100 (final stage). Stopping at iter 67447.
Stuck 10000 iters at S=100 (final stage). Stopping at iter 67448.
Stuck 10000 iters at S=100 (final stage). Stopping at iter 67449.
Stuck 10000 iters at S=100 (final stage). Stopping at iter 67450.
Stuck 10000 iters at S=100 (final stage). Stopping at iter 67451.
Stuck 10000 iters at S=100 (final stage). Stopping at iter 67452.
Stuck 10000 iters at S=100 (final stage). Stopping at iter 67453.
Stuck 10000 iters at S=100 (final stage). Stopping at iter 67454.
Stuck 10000 iters at S=100 (final stage). Stopping at iter 67455.
Stuck 10000 iters at S=100 (final stage). Stopping at iter 67456.
Stuck 10000 iters at S=100 (final stage). Stopping at iter 67457.
Stuck 10000 iters at S=100 (final stage). Stopping at iter 67458.
Stuck 10000 iters at S=100 (final stage). Stopping at iter 67459.
Stuck 10000 iters at S=100 (final stage). Stopping at iter 67460.
Stuck 10000 iters at S=100 (final stage). Stopping at iter 67461.
Stuck 10000 iters at S=100 (final stage). Stopping at iter 67462.
Stuck 10000 iters at S=100 (final stage). Stopping at iter 67463.
Stuck 10000 iters at S=100 (final stage). Stopping at iter 67464.
Stuck 10000 iters at S=100 (final stage). Stopping at iter 67465.
Stuck 10000 iters at S=100 (final stage). Stopping at iter 67466.
Stuck 10000 iters at S=100 (final stage). Stopping at iter 67467.
Stuck 10000 iters at S=100 (final stage). Stopping at iter 67468.
Stuck 10000 iters at S=100 (final stage). Stopping at iter 67469.
Stuck 10000 iters at S=100 (final stage). Stopping at iter 67470.
Stuck 10000 iters at S=100 (final stage). Stopping at iter 67471.
Stuck 10000 iters at S=100 (final stage). Stopping at iter 67472.
Stuck 10000 iters at S=100 (final stage). Stopping at iter 67473.
Stuck 10000 iters at S=100 (final stage). Stopping at iter 67474.
Stuck 10000 iters at S=100 (final stage). Stopping at iter 67475.
Stuck 10000 iters at S=100 (final stage). Stopping at iter 67476.
Stuck 10000 iters at S=100 (final stage). Stopping at iter 67477.
Stuck 10000 iters at S=100 (final stage). Stopping at iter 67478.
Stuck 10000 iters at S=100 (final stage). Stopping at iter 67479.
Stuck 10000 iters at S=100 (final stage). Stopping at iter 67480.
Stuck 10000 iters at S=100 (final stage). Stopping at iter 67481.
Stuck 10000 iters at S=100 (final stage). Stopping at iter 67482.
Stuck 10000 iters at S=100 (final stage). Stopping at iter 67483.
Stuck 10000 iters at S=100 (final stage). Stopping at iter 67484.
Stuck 10000 iters at S=100 (final stage). Stopping at iter 67485.
Stuck 10000 iters at S=100 (final stage). Stopping at iter 67486.
Stuck 10000 iters at S=100 (final stage). Stopping at iter 67487.
Stuck 10000 iters at S=100 (final stage). Stopping at iter 67488.
Stuck 10000 iters at S=100 (final stage). Stopping at iter 67489.
Stuck 10000 iters at S=100 (final stage). Stopping at iter 67490.
Stuck 10000 iters at S=100 (final stage). Stopping at iter 67491.
Stuck 10000 iters at S=100 (final stage). Stopping at iter 67492.
Stuck 10000 iters at S=100 (final stage). Stopping at iter 67493.
Stuck 10000 iters at S=100 (final stage). Stopping at iter 67494.
Stuck 10000 iters at S=100 (final stage). Stopping at iter 67495.
Stuck 10000 iters at S=100 (final stage). Stopping at iter 67496.
Stuck 10000 iters at S=100 (final stage). Stopping at iter 67497.
Stuck 10000 iters at S=100 (final stage). Stopping at iter 67498.
Stuck 10000 iters at S=100 (final stage). Stopping at iter 67499.
Stuck 10000 iters at S=100 (final stage). Stopping at iter 67500.
Stuck 10000 iters at S=100 (final stage). Stopping at iter 67501.
Stuck 10000 iters at S=100 (final stage). Stopping at iter 67502.
Stuck 10000 iters at S=100 (final stage). Stopping at iter 67503.
Stuck 10000 iters at S=100 (final stage). Stopping at iter 67504.
Stuck 10000 iters at S=100 (final stage). Stopping at iter 67505.
Stuck 10000 iters at S=100 (final stage). Stopping at iter 67506.
Stuck 10000 iters at S=100 (final stage). Stopping at iter 67507.
Stuck 10000 iters at S=100 (final stage). Stopping at iter 67508.
Stuck 10000 iters at S=100 (final stage). Stopping at iter 67509.
Stuck 10000 iters at S=100 (final stage). Stopping at iter 67510.
Stuck 10000 iters at S=100 (final stage). Stopping at iter 67511.
Stuck 10000 iters at S=100 (final stage). Stopping at iter 67512.
Stuck 10000 iters at S=100 (final stage). Stopping at iter 67513.
Stuck 10000 iters at S=100 (final stage). Stopping at iter 67514.
Stuck 10000 iters at S=100 (final stage). Stopping at iter 67515.
Stuck 10000 iters at S=100 (final stage). Stopping at iter 67516.
Stuck 10000 iters at S=100 (final stage). Stopping at iter 67517.
Stuck 10000 iters at S=100 (final stage). Stopping at iter 67518.
Stuck 10000 iters at S=100 (final stage). Stopping at iter 67519.
Stuck 10000 iters at S=100 (final stage). Stopping at iter 67520.
Stuck 10000 iters at S=100 (final stage). Stopping at iter 67521.
Stuck 10000 iters at S=100 (final stage). Stopping at iter 67522.
Stuck 10000 iters at S=100 (final stage). Stopping at iter 67523.
Stuck 10000 iters at S=100 (final stage). Stopping at iter 67524.
Stuck 10000 iters at S=100 (final stage). Stopping at iter 67525.
Stuck 10000 iters at S=100 (final stage). Stopping at iter 67526.
Stuck 10000 iters at S=100 (final stage). Stopping at iter 67527.
Stuck 10000 iters at S=100 (final stage). Stopping at iter 67528.
Stuck 10000 iters at S=100 (final stage). Stopping at iter 67529.
Stuck 10000 iters at S=100 (final stage). Stopping at iter 67530.
Stuck 10000 iters at S=100 (final stage). Stopping at iter 67531.
Stuck 10000 iters at S=100 (final stage). Stopping at iter 67532.
Stuck 10000 iters at S=100 (final stage). Stopping at iter 67533.
Stuck 10000 iters at S=100 (final stage). Stopping at iter 67534.
Stuck 10000 iters at S=100 (final stage). Stopping at iter 67535.
Stuck 10000 iters at S=100 (final stage). Stopping at iter 67536.
Stuck 10000 iters at S=100 (final stage). Stopping at iter 67537.
Stuck 10000 iters at S=100 (final stage). Stopping at iter 67538.
Stuck 10000 iters at S=100 (final stage). Stopping at iter 67539.
Stuck 10000 iters at S=100 (final stage). Stopping at iter 67540.
Stuck 10000 iters at S=100 (final stage). Stopping at iter 67541.
Stuck 10000 iters at S=100 (final stage). Stopping at iter 67542.
Stuck 10000 iters at S=100 (final stage). Stopping at iter 67543.
Stuck 10000 iters at S=100 (final stage). Stopping at iter 67544.
Stuck 10000 iters at S=100 (final stage). Stopping at iter 67545.
Stuck 10000 iters at S=100 (final stage). Stopping at iter 67546.
Stuck 10000 iters at S=100 (final stage). Stopping at iter 67547.
Stuck 10000 iters at S=100 (final stage). Stopping at iter 67548.
Stuck 10000 iters at S=100 (final stage). Stopping at iter 67549.
Stuck 10000 iters at S=100 (final stage). Stopping at iter 67550.
Stuck 10000 iters at S=100 (final stage). Stopping at iter 67551.
Stuck 10000 iters at S=100 (final stage). Stopping at iter 67552.
Stuck 10000 iters at S=100 (final stage). Stopping at iter 67553.
Stuck 10000 iters at S=100 (final stage). Stopping at iter 67554.
Stuck 10000 iters at S=100 (final stage). Stopping at iter 67555.
Stuck 10000 iters at S=100 (final stage). Stopping at iter 67556.
Stuck 10000 iters at S=100 (final stage). Stopping at iter 67557.
Stuck 10000 iters at S=100 (final stage). Stopping at iter 67558.
Stuck 10000 iters at S=100 (final stage). Stopping at iter 67559.
Stuck 10000 iters at S=100 (final stage). Stopping at iter 67560.
Stuck 10000 iters at S=100 (final stage). Stopping at iter 67561.
Stuck 10000 iters at S=100 (final stage). Stopping at iter 67562.
Stuck 10000 iters at S=100 (final stage). Stopping at iter 67563.
Stuck 10000 iters at S=100 (final stage). Stopping at iter 67564.
Stuck 10000 iters at S=100 (final stage). Stopping at iter 67565.
Stuck 10000 iters at S=100 (final stage). Stopping at iter 67566.
Stuck 10000 iters at S=100 (final stage). Stopping at iter 67567.
Stuck 10000 iters at S=100 (final stage). Stopping at iter 67568.
Stuck 10000 iters at S=100 (final stage). Stopping at iter 67569.
Stuck 10000 iters at S=100 (final stage). Stopping at iter 67570.
Stuck 10000 iters at S=100 (final stage). Stopping at iter 67571.
Stuck 10000 iters at S=100 (final stage). Stopping at iter 67572.
Stuck 10000 iters at S=100 (final stage). Stopping at iter 67573.
Stuck 10000 iters at S=100 (final stage). Stopping at iter 67574.
Stuck 10000 iters at S=100 (final stage). Stopping at iter 67575.
Stuck 10000 iters at S=100 (final stage). Stopping at iter 67576.
Stuck 10000 iters at S=100 (final stage). Stopping at iter 67577.
Stuck 10000 iters at S=100 (final stage). Stopping at iter 67578.
Stuck 10000 iters at S=100 (final stage). Stopping at iter 67579.
Stuck 10000 iters at S=100 (final stage). Stopping at iter 67580.
Stuck 10000 iters at S=100 (final stage). Stopping at iter 67581.
Stuck 10000 iters at S=100 (final stage). Stopping at iter 67582.
Stuck 10000 iters at S=100 (final stage). Stopping at iter 67583.
Stuck 10000 iters at S=100 (final stage). Stopping at iter 67584.
Stuck 10000 iters at S=100 (final stage). Stopping at iter 67585.
Stuck 10000 iters at S=100 (final stage). Stopping at iter 67586.
Stuck 10000 iters at S=100 (final stage). Stopping at iter 67587.
Stuck 10000 iters at S=100 (final stage). Stopping at iter 67588.
Stuck 10000 iters at S=100 (final stage). Stopping at iter 67589.
Stuck 10000 iters at S=100 (final stage). Stopping at iter 67590.
Stuck 10000 iters at S=100 (final stage). Stopping at iter 67591.
Stuck 10000 iters at S=100 (final stage). Stopping at iter 67592.
Stuck 10000 iters at S=100 (final stage). Stopping at iter 67593.
Stuck 10000 iters at S=100 (final stage). Stopping at iter 67594.
Stuck 10000 iters at S=100 (final stage). Stopping at iter 67595.
Stuck 10000 iters at S=100 (final stage). Stopping at iter 67596.
Stuck 10000 iters at S=100 (final stage). Stopping at iter 67597.
Stuck 10000 iters at S=100 (final stage). Stopping at iter 67598.
Stuck 10000 iters at S=100 (final stage). Stopping at iter 67599.
Stuck 10000 iters at S=100 (final stage). Stopping at iter 67600.
Stuck 10000 iters at S=100 (final stage). Stopping at iter 67601.
Stuck 10000 iters at S=100 (final stage). Stopping at iter 67602.
Stuck 10000 iters at S=100 (final stage). Stopping at iter 67603.
Stuck 10000 iters at S=100 (final stage). Stopping at iter 67604.
Stuck 10000 iters at S=100 (final stage). Stopping at iter 67605.
Stuck 10000 iters at S=100 (final stage). Stopping at iter 67606.
Stuck 10000 iters at S=100 (final stage). Stopping at iter 67607.
Stuck 10000 iters at S=100 (final stage). Stopping at iter 67608.
Stuck 10000 iters at S=100 (final stage). Stopping at iter 67609.
Stuck 10000 iters at S=100 (final stage). Stopping at iter 67610.
Stuck 10000 iters at S=100 (final stage). Stopping at iter 67611.
Stuck 10000 iters at S=100 (final stage). Stopping at iter 67612.
Stuck 10000 iters at S=100 (final stage). Stopping at iter 67613.
Stuck 10000 iters at S=100 (final stage). Stopping at iter 67614.
Stuck 10000 iters at S=100 (final stage). Stopping at iter 67615.
Stuck 10000 iters at S=100 (final stage). Stopping at iter 67616.
Stuck 10000 iters at S=100 (final stage). Stopping at iter 67617.
Stuck 10000 iters at S=100 (final stage). Stopping at iter 67618.
Stuck 10000 iters at S=100 (final stage). Stopping at iter 67619.
Stuck 10000 iters at S=100 (final stage). Stopping at iter 67620.
Stuck 10000 iters at S=100 (final stage). Stopping at iter 67621.
Stuck 10000 iters at S=100 (final stage). Stopping at iter 67622.
Stuck 10000 iters at S=100 (final stage). Stopping at iter 67623.
Stuck 10000 iters at S=100 (final stage). Stopping at iter 67624.
Stuck 10000 iters at S=100 (final stage). Stopping at iter 67625.
Stuck 10000 iters at S=100 (final stage). Stopping at iter 67626.
Stuck 10000 iters at S=100 (final stage). Stopping at iter 67627.
Stuck 10000 iters at S=100 (final stage). Stopping at iter 67628.
Stuck 10000 iters at S=100 (final stage). Stopping at iter 67629.
Stuck 10000 iters at S=100 (final stage). Stopping at iter 67630.
Stuck 10000 iters at S=100 (final stage). Stopping at iter 67631.
Stuck 10000 iters at S=100 (final stage). Stopping at iter 67632.
Stuck 10000 iters at S=100 (final stage). Stopping at iter 67633.
Stuck 10000 iters at S=100 (final stage). Stopping at iter 67634.
Stuck 10000 iters at S=100 (final stage). Stopping at iter 67635.
Stuck 10000 iters at S=100 (final stage). Stopping at iter 67636.
Stuck 10000 iters at S=100 (final stage). Stopping at iter 67637.
Stuck 10000 iters at S=100 (final stage). Stopping at iter 67638.
Stuck 10000 iters at S=100 (final stage). Stopping at iter 67639.
Stuck 10000 iters at S=100 (final stage). Stopping at iter 67640.
Stuck 10000 iters at S=100 (final stage). Stopping at iter 67641.
Stuck 10000 iters at S=100 (final stage). Stopping at iter 67642.
Stuck 10000 iters at S=100 (final stage). Stopping at iter 67643.
Stuck 10000 iters at S=100 (final stage). Stopping at iter 67644.
Stuck 10000 iters at S=100 (final stage). Stopping at iter 67645.
Stuck 10000 iters at S=100 (final stage). Stopping at iter 67646.
Stuck 10000 iters at S=100 (final stage). Stopping at iter 67647.
Stuck 10000 iters at S=100 (final stage). Stopping at iter 67648.
Stuck 10000 iters at S=100 (final stage). Stopping at iter 67649.
Stuck 10000 iters at S=100 (final stage). Stopping at iter 67650.
Stuck 10000 iters at S=100 (final stage). Stopping at iter 67651.
Stuck 10000 iters at S=100 (final stage). Stopping at iter 67652.
Stuck 10000 iters at S=100 (final stage). Stopping at iter 67653.
Stuck 10000 iters at S=100 (final stage). Stopping at iter 67654.
Stuck 10000 iters at S=100 (final stage). Stopping at iter 67655.
Stuck 10000 iters at S=100 (final stage). Stopping at iter 67656.
Stuck 10000 iters at S=100 (final stage). Stopping at iter 67657.
Stuck 10000 iters at S=100 (final stage). Stopping at iter 67658.
Stuck 10000 iters at S=100 (final stage). Stopping at iter 67659.
Stuck 10000 iters at S=100 (final stage). Stopping at iter 67660.
Stuck 10000 iters at S=100 (final stage). Stopping at iter 67661.
Stuck 10000 iters at S=100 (final stage). Stopping at iter 67662.
Stuck 10000 iters at S=100 (final stage). Stopping at iter 67663.
Stuck 10000 iters at S=100 (final stage). Stopping at iter 67664.
Stuck 10000 iters at S=100 (final stage). Stopping at iter 67665.
Stuck 10000 iters at S=100 (final stage). Stopping at iter 67666.
Stuck 10000 iters at S=100 (final stage). Stopping at iter 67667.
Stuck 10000 iters at S=100 (final stage). Stopping at iter 67668.
Stuck 10000 iters at S=100 (final stage). Stopping at iter 67669.
Stuck 10000 iters at S=100 (final stage). Stopping at iter 67670.
Stuck 10000 iters at S=100 (final stage). Stopping at iter 67671.
Stuck 10000 iters at S=100 (final stage). Stopping at iter 67672.
Stuck 10000 iters at S=100 (final stage). Stopping at iter 67673.
Stuck 10000 iters at S=100 (final stage). Stopping at iter 67674.
Stuck 10000 iters at S=100 (final stage). Stopping at iter 67675.
Stuck 10000 iters at S=100 (final stage). Stopping at iter 67676.
Stuck 10000 iters at S=100 (final stage). Stopping at iter 67677.
Stuck 10000 iters at S=100 (final stage). Stopping at iter 67678.
Stuck 10000 iters at S=100 (final stage). Stopping at iter 67679.
Stuck 10000 iters at S=100 (final stage). Stopping at iter 67680.
Stuck 10000 iters at S=100 (final stage). Stopping at iter 67681.
Stuck 10000 iters at S=100 (final stage). Stopping at iter 67682.
Stuck 10000 iters at S=100 (final stage). Stopping at iter 67683.
Stuck 10000 iters at S=100 (final stage). Stopping at iter 67684.
Stuck 10000 iters at S=100 (final stage). Stopping at iter 67685.
Stuck 10000 iters at S=100 (final stage). Stopping at iter 67686.
Stuck 10000 iters at S=100 (final stage). Stopping at iter 67687.
Stuck 10000 iters at S=100 (final stage). Stopping at iter 67688.
Stuck 10000 iters at S=100 (final stage). Stopping at iter 67689.
Stuck 10000 iters at S=100 (final stage). Stopping at iter 67690.
Stuck 10000 iters at S=100 (final stage). Stopping at iter 67691.
Stuck 10000 iters at S=100 (final stage). Stopping at iter 67692.
Stuck 10000 iters at S=100 (final stage). Stopping at iter 67693.
Stuck 10000 iters at S=100 (final stage). Stopping at iter 67694.
Stuck 10000 iters at S=100 (final stage). Stopping at iter 67695.
Stuck 10000 iters at S=100 (final stage). Stopping at iter 67696.
Stuck 10000 iters at S=100 (final stage). Stopping at iter 67697.
Stuck 10000 iters at S=100 (final stage). Stopping at iter 67698.
Stuck 10000 iters at S=100 (final stage). Stopping at iter 67699.
Stuck 10000 iters at S=100 (final stage). Stopping at iter 67700.
Stuck 10000 iters at S=100 (final stage). Stopping at iter 67701.
Stuck 10000 iters at S=100 (final stage). Stopping at iter 67702.
Stuck 10000 iters at S=100 (final stage). Stopping at iter 67703.
Stuck 10000 iters at S=100 (final stage). Stopping at iter 67704.
Stuck 10000 iters at S=100 (final stage). Stopping at iter 67705.
Stuck 10000 iters at S=100 (final stage). Stopping at iter 67706.
Stuck 10000 iters at S=100 (final stage). Stopping at iter 67707.
Stuck 10000 iters at S=100 (final stage). Stopping at iter 67708.
Stuck 10000 iters at S=100 (final stage). Stopping at iter 67709.
Stuck 10000 iters at S=100 (final stage). Stopping at iter 67710.
Stuck 10000 iters at S=100 (final stage). Stopping at iter 67711.
Stuck 10000 iters at S=100 (final stage). Stopping at iter 67712.
Stuck 10000 iters at S=100 (final stage). Stopping at iter 67713.
Stuck 10000 iters at S=100 (final stage). Stopping at iter 67714.
Stuck 10000 iters at S=100 (final stage). Stopping at iter 67715.
Stuck 10000 iters at S=100 (final stage). Stopping at iter 67716.
Stuck 10000 iters at S=100 (final stage). Stopping at iter 67717.
Stuck 10000 iters at S=100 (final stage). Stopping at iter 67718.
Stuck 10000 iters at S=100 (final stage). Stopping at iter 67719.
Stuck 10000 iters at S=100 (final stage). Stopping at iter 67720.
Stuck 10000 iters at S=100 (final stage). Stopping at iter 67721.
Stuck 10000 iters at S=100 (final stage). Stopping at iter 67722.
Stuck 10000 iters at S=100 (final stage). Stopping at iter 67723.
Stuck 10000 iters at S=100 (final stage). Stopping at iter 67724.
Stuck 10000 iters at S=100 (final stage). Stopping at iter 67725.
Stuck 10000 iters at S=100 (final stage). Stopping at iter 67726.
Stuck 10000 iters at S=100 (final stage). Stopping at iter 67727.
Stuck 10000 iters at S=100 (final stage). Stopping at iter 67728.
Stuck 10000 iters at S=100 (final stage). Stopping at iter 67729.
Stuck 10000 iters at S=100 (final stage). Stopping at iter 67730.
Stuck 10000 iters at S=100 (final stage). Stopping at iter 67731.
Stuck 10000 iters at S=100 (final stage). Stopping at iter 67732.
Stuck 10000 iters at S=100 (final stage). Stopping at iter 67733.
Stuck 10000 iters at S=100 (final stage). Stopping at iter 67734.
Stuck 10000 iters at S=100 (final stage). Stopping at iter 67735.
Stuck 10000 iters at S=100 (final stage). Stopping at iter 67736.
Stuck 10000 iters at S=100 (final stage). Stopping at iter 67737.
Stuck 10000 iters at S=100 (final stage). Stopping at iter 67738.
Stuck 10000 iters at S=100 (final stage). Stopping at iter 67739.
Stuck 10000 iters at S=100 (final stage). Stopping at iter 67740.
Stuck 10000 iters at S=100 (final stage). Stopping at iter 67741.
Stuck 10000 iters at S=100 (final stage). Stopping at iter 67742.
Stuck 10000 iters at S=100 (final stage). Stopping at iter 67743.
Stuck 10000 iters at S=100 (final stage). Stopping at iter 67744.
Stuck 10000 iters at S=100 (final stage). Stopping at iter 67745.
Stuck 10000 iters at S=100 (final stage). Stopping at iter 67746.
Stuck 10000 iters at S=100 (final stage). Stopping at iter 67747.
Stuck 10000 iters at S=100 (final stage). Stopping at iter 67748.
Stuck 10000 iters at S=100 (final stage). Stopping at iter 67749.
Stuck 10000 iters at S=100 (final stage). Stopping at iter 67750.
Stuck 10000 iters at S=100 (final stage). Stopping at iter 67751.
Stuck 10000 iters at S=100 (final stage). Stopping at iter 67752.
Stuck 10000 iters at S=100 (final stage). Stopping at iter 67753.
Stuck 10000 iters at S=100 (final stage). Stopping at iter 67754.
Stuck 10000 iters at S=100 (final stage). Stopping at iter 67755.
Stuck 10000 iters at S=100 (final stage). Stopping at iter 67756.
Stuck 10000 iters at S=100 (final stage). Stopping at iter 67757.
Stuck 10000 iters at S=100 (final stage). Stopping at iter 67758.
Stuck 10000 iters at S=100 (final stage). Stopping at iter 67759.
Stuck 10000 iters at S=100 (final stage). Stopping at iter 67760.
Stuck 10000 iters at S=100 (final stage). Stopping at iter 67761.
Stuck 10000 iters at S=100 (final stage). Stopping at iter 67762.
Stuck 10000 iters at S=100 (final stage). Stopping at iter 67763.
Stuck 10000 iters at S=100 (final stage). Stopping at iter 67764.
Stuck 10000 iters at S=100 (final stage). Stopping at iter 67765.
Stuck 10000 iters at S=100 (final stage). Stopping at iter 67766.
Stuck 10000 iters at S=100 (final stage). Stopping at iter 67767.
Stuck 10000 iters at S=100 (final stage). Stopping at iter 67768.
Stuck 10000 iters at S=100 (final stage). Stopping at iter 67769.
Stuck 10000 iters at S=100 (final stage). Stopping at iter 67770.
Stuck 10000 iters at S=100 (final stage). Stopping at iter 67771.
Stuck 10000 iters at S=100 (final stage). Stopping at iter 67772.
Stuck 10000 iters at S=100 (final stage). Stopping at iter 67773.
Stuck 10000 iters at S=100 (final stage). Stopping at iter 67774.
Stuck 10000 iters at S=100 (final stage). Stopping at iter 67775.
Stuck 10000 iters at S=100 (final stage). Stopping at iter 67776.
Stuck 10000 iters at S=100 (final stage). Stopping at iter 67777.
Stuck 10000 iters at S=100 (final stage). Stopping at iter 67778.
Stuck 10000 iters at S=100 (final stage). Stopping at iter 67779.
Stuck 10000 iters at S=100 (final stage). Stopping at iter 67780.
Stuck 10000 iters at S=100 (final stage). Stopping at iter 67781.
Stuck 10000 iters at S=100 (final stage). Stopping at iter 67782.
Stuck 10000 iters at S=100 (final stage). Stopping at iter 67783.
Stuck 10000 iters at S=100 (final stage). Stopping at iter 67784.
Stuck 10000 iters at S=100 (final stage). Stopping at iter 67785.
Stuck 10000 iters at S=100 (final stage). Stopping at iter 67786.
Stuck 10000 iters at S=100 (final stage). Stopping at iter 67787.
Stuck 10000 iters at S=100 (final stage). Stopping at iter 67788.
Stuck 10000 iters at S=100 (final stage). Stopping at iter 67789.
Stuck 10000 iters at S=100 (final stage). Stopping at iter 67790.
Stuck 10000 iters at S=100 (final stage). Stopping at iter 67791.
Stuck 10000 iters at S=100 (final stage). Stopping at iter 67792.
Stuck 10000 iters at S=100 (final stage). Stopping at iter 67793.
Stuck 10000 iters at S=100 (final stage). Stopping at iter 67794.
Stuck 10000 iters at S=100 (final stage). Stopping at iter 67795.
Stuck 10000 iters at S=100 (final stage). Stopping at iter 67796.
Stuck 10000 iters at S=100 (final stage). Stopping at iter 67797.
Stuck 10000 iters at S=100 (final stage). Stopping at iter 67798.
Stuck 10000 iters at S=100 (final stage). Stopping at iter 67799.
Stuck 10000 iters at S=100 (final stage). Stopping at iter 67800.
Stuck 10000 iters at S=100 (final stage). Stopping at iter 67801.
Stuck 10000 iters at S=100 (final stage). Stopping at iter 67802.
Stuck 10000 iters at S=100 (final stage). Stopping at iter 67803.
Stuck 10000 iters at S=100 (final stage). Stopping at iter 67804.
Stuck 10000 iters at S=100 (final stage). Stopping at iter 67805.
Stuck 10000 iters at S=100 (final stage). Stopping at iter 67806.
Stuck 10000 iters at S=100 (final stage). Stopping at iter 67807.
Stuck 10000 iters at S=100 (final stage). Stopping at iter 67808.
Stuck 10000 iters at S=100 (final stage). Stopping at iter 67809.
Stuck 10000 iters at S=100 (final stage). Stopping at iter 67810.
Stuck 10000 iters at S=100 (final stage). Stopping at iter 67811.
Stuck 10000 iters at S=100 (final stage). Stopping at iter 67812.
Stuck 10000 iters at S=100 (final stage). Stopping at iter 67813.
Stuck 10000 iters at S=100 (final stage). Stopping at iter 67814.
Stuck 10000 iters at S=100 (final stage). Stopping at iter 67815.
Stuck 10000 iters at S=100 (final stage). Stopping at iter 67816.
Stuck 10000 iters at S=100 (final stage). Stopping at iter 67817.
Stuck 10000 iters at S=100 (final stage). Stopping at iter 67818.
Stuck 10000 iters at S=100 (final stage). Stopping at iter 67819.
Stuck 10000 iters at S=100 (final stage). Stopping at iter 67820.
Stuck 10000 iters at S=100 (final stage). Stopping at iter 67821.
Stuck 10000 iters at S=100 (final stage). Stopping at iter 67822.
Stuck 10000 iters at S=100 (final stage). Stopping at iter 67823.
Stuck 10000 iters at S=100 (final stage). Stopping at iter 67824.
Stuck 10000 iters at S=100 (final stage). Stopping at iter 67825.
Stuck 10000 iters at S=100 (final stage). Stopping at iter 67826.
Stuck 10000 iters at S=100 (final stage). Stopping at iter 67827.
Stuck 10000 iters at S=100 (final stage). Stopping at iter 67828.
Stuck 10000 iters at S=100 (final stage). Stopping at iter 67829.
Stuck 10000 iters at S=100 (final stage). Stopping at iter 67830.
Stuck 10000 iters at S=100 (final stage). Stopping at iter 67831.
Stuck 10000 iters at S=100 (final stage). Stopping at iter 67832.
Stuck 10000 iters at S=100 (final stage). Stopping at iter 67833.
Stuck 10000 iters at S=100 (final stage). Stopping at iter 67834.
Stuck 10000 iters at S=100 (final stage). Stopping at iter 67835.
Stuck 10000 iters at S=100 (final stage). Stopping at iter 67836.
Stuck 10000 iters at S=100 (final stage). Stopping at iter 67837.
Stuck 10000 iters at S=100 (final stage). Stopping at iter 67838.
Stuck 10000 iters at S=100 (final stage). Stopping at iter 67839.
Stuck 10000 iters at S=100 (final stage). Stopping at iter 67840.
Stuck 10000 iters at S=100 (final stage). Stopping at iter 67841.
Stuck 10000 iters at S=100 (final stage). Stopping at iter 67842.
Stuck 10000 iters at S=100 (final stage). Stopping at iter 67843.
Stuck 10000 iters at S=100 (final stage). Stopping at iter 67844.
Stuck 10000 iters at S=100 (final stage). Stopping at iter 67845.
Stuck 10000 iters at S=100 (final stage). Stopping at iter 67846.
Stuck 10000 iters at S=100 (final stage). Stopping at iter 67847.
Stuck 10000 iters at S=100 (final stage). Stopping at iter 67848.
Stuck 10000 iters at S=100 (final stage). Stopping at iter 67849.
Stuck 10000 iters at S=100 (final stage). Stopping at iter 67850.
Stuck 10000 iters at S=100 (final stage). Stopping at iter 67851.
Stuck 10000 iters at S=100 (final stage). Stopping at iter 67852.
Stuck 10000 iters at S=100 (final stage). Stopping at iter 67853.
Stuck 10000 iters at S=100 (final stage). Stopping at iter 67854.
Stuck 10000 iters at S=100 (final stage). Stopping at iter 67855.
Stuck 10000 iters at S=100 (final stage). Stopping at iter 67856.
Stuck 10000 iters at S=100 (final stage). Stopping at iter 67857.
Stuck 10000 iters at S=100 (final stage). Stopping at iter 67858.
Stuck 10000 iters at S=100 (final stage). Stopping at iter 67859.
Stuck 10000 iters at S=100 (final stage). Stopping at iter 67860.
Stuck 10000 iters at S=100 (final stage). Stopping at iter 67861.
Stuck 10000 iters at S=100 (final stage). Stopping at iter 67862.
Stuck 10000 iters at S=100 (final stage). Stopping at iter 67863.
Stuck 10000 iters at S=100 (final stage). Stopping at iter 67864.
Stuck 10000 iters at S=100 (final stage). Stopping at iter 67865.
Stuck 10000 iters at S=100 (final stage). Stopping at iter 67866.
Stuck 10000 iters at S=100 (final stage). Stopping at iter 67867.
Stuck 10000 iters at S=100 (final stage). Stopping at iter 67868.
Stuck 10000 iters at S=100 (final stage). Stopping at iter 67869.
Stuck 10000 iters at S=100 (final stage). Stopping at iter 67870.
Stuck 10000 iters at S=100 (final stage). Stopping at iter 67871.
Stuck 10000 iters at S=100 (final stage). Stopping at iter 67872.
Stuck 10000 iters at S=100 (final stage). Stopping at iter 67873.
Stuck 10000 iters at S=100 (final stage). Stopping at iter 67874.
Stuck 10000 iters at S=100 (final stage). Stopping at iter 67875.
Stuck 10000 iters at S=100 (final stage). Stopping at iter 67876.
Stuck 10000 iters at S=100 (final stage). Stopping at iter 67877.
Stuck 10000 iters at S=100 (final stage). Stopping at iter 67878.
Stuck 10000 iters at S=100 (final stage). Stopping at iter 67879.
Stuck 10000 iters at S=100 (final stage). Stopping at iter 67880.
Stuck 10000 iters at S=100 (final stage). Stopping at iter 67881.
Stuck 10000 iters at S=100 (final stage). Stopping at iter 67882.
Stuck 10000 iters at S=100 (final stage). Stopping at iter 67883.
Stuck 10000 iters at S=100 (final stage). Stopping at iter 67884.
Stuck 10000 iters at S=100 (final stage). Stopping at iter 67885.
Stuck 10000 iters at S=100 (final stage). Stopping at iter 67886.
Stuck 10000 iters at S=100 (final stage). Stopping at iter 67887.
Stuck 10000 iters at S=100 (final stage). Stopping at iter 67888.
Stuck 10000 iters at S=100 (final stage). Stopping at iter 67889.
Stuck 10000 iters at S=100 (final stage). Stopping at iter 67890.
Stuck 10000 iters at S=100 (final stage). Stopping at iter 67891.
Stuck 10000 iters at S=100 (final stage). Stopping at iter 67892.
Stuck 10000 iters at S=100 (final stage). Stopping at iter 67893.
Stuck 10000 iters at S=100 (final stage). Stopping at iter 67894.
Stuck 10000 iters at S=100 (final stage). Stopping at iter 67895.
Stuck 10000 iters at S=100 (final stage). Stopping at iter 67896.
Stuck 10000 iters at S=100 (final stage). Stopping at iter 67897.
Stuck 10000 iters at S=100 (final stage). Stopping at iter 67898.
Stuck 10000 iters at S=100 (final stage). Stopping at iter 67899.
Stuck 10000 iters at S=100 (final stage). Stopping at iter 67900.
Stuck 10000 iters at S=100 (final stage). Stopping at iter 67901.
Stuck 10000 iters at S=100 (final stage). Stopping at iter 67902.
Stuck 10000 iters at S=100 (final stage). Stopping at iter 67903.
Stuck 10000 iters at S=100 (final stage). Stopping at iter 67904.
Stuck 10000 iters at S=100 (final stage). Stopping at iter 67905.
Stuck 10000 iters at S=100 (final stage). Stopping at iter 67906.
Stuck 10000 iters at S=100 (final stage). Stopping at iter 67907.
Stuck 10000 iters at S=100 (final stage). Stopping at iter 67908.
Stuck 10000 iters at S=100 (final stage). Stopping at iter 67909.
Stuck 10000 iters at S=100 (final stage). Stopping at iter 67910.
Stuck 10000 iters at S=100 (final stage). Stopping at iter 67911.
Stuck 10000 iters at S=100 (final stage). Stopping at iter 67912.
Stuck 10000 iters at S=100 (final stage). Stopping at iter 67913.
Stuck 10000 iters at S=100 (final stage). Stopping at iter 67914.
Stuck 10000 iters at S=100 (final stage). Stopping at iter 67915.
Stuck 10000 iters at S=100 (final stage). Stopping at iter 67916.
Stuck 10000 iters at S=100 (final stage). Stopping at iter 67917.
Stuck 10000 iters at S=100 (final stage). Stopping at iter 67918.
Stuck 10000 iters at S=100 (final stage). Stopping at iter 67919.
Stuck 10000 iters at S=100 (final stage). Stopping at iter 67920.
Stuck 10000 iters at S=100 (final stage). Stopping at iter 67921.
Stuck 10000 iters at S=100 (final stage). Stopping at iter 67922.
Stuck 10000 iters at S=100 (final stage). Stopping at iter 67923.
Stuck 10000 iters at S=100 (final stage). Stopping at iter 67924.
Stuck 10000 iters at S=100 (final stage). Stopping at iter 67925.
Stuck 10000 iters at S=100 (final stage). Stopping at iter 67926.
Stuck 10000 iters at S=100 (final stage). Stopping at iter 67927.
Stuck 10000 iters at S=100 (final stage). Stopping at iter 67928.
Stuck 10000 iters at S=100 (final stage). Stopping at iter 67929.
Stuck 10000 iters at S=100 (final stage). Stopping at iter 67930.
Stuck 10000 iters at S=100 (final stage). Stopping at iter 67931.
Stuck 10000 iters at S=100 (final stage). Stopping at iter 67932.
Stuck 10000 iters at S=100 (final stage). Stopping at iter 67933.
Stuck 10000 iters at S=100 (final stage). Stopping at iter 67934.
Stuck 10000 iters at S=100 (final stage). Stopping at iter 67935.
Stuck 10000 iters at S=100 (final stage). Stopping at iter 67936.
Stuck 10000 iters at S=100 (final stage). Stopping at iter 67937.
Stuck 10000 iters at S=100 (final stage). Stopping at iter 67938.
Stuck 10000 iters at S=100 (final stage). Stopping at iter 67939.
Stuck 10000 iters at S=100 (final stage). Stopping at iter 67940.
Stuck 10000 iters at S=100 (final stage). Stopping at iter 67941.
Stuck 10000 iters at S=100 (final stage). Stopping at iter 67942.
Stuck 10000 iters at S=100 (final stage). Stopping at iter 67943.
Stuck 10000 iters at S=100 (final stage). Stopping at iter 67944.
Stuck 10000 iters at S=100 (final stage). Stopping at iter 67945.
Stuck 10000 iters at S=100 (final stage). Stopping at iter 67946.
Stuck 10000 iters at S=100 (final stage). Stopping at iter 67947.
Stuck 10000 iters at S=100 (final stage). Stopping at iter 67948.
Stuck 10000 iters at S=100 (final stage). Stopping at iter 67949.
Stuck 10000 iters at S=100 (final stage). Stopping at iter 67950.
Stuck 10000 iters at S=100 (final stage). Stopping at iter 67951.
Stuck 10000 iters at S=100 (final stage). Stopping at iter 67952.
Stuck 10000 iters at S=100 (final stage). Stopping at iter 67953.
Stuck 10000 iters at S=100 (final stage). Stopping at iter 67954.
Stuck 10000 iters at S=100 (final stage). Stopping at iter 67955.
Stuck 10000 iters at S=100 (final stage). Stopping at iter 67956.
Stuck 10000 iters at S=100 (final stage). Stopping at iter 67957.
Stuck 10000 iters at S=100 (final stage). Stopping at iter 67958.
Stuck 10000 iters at S=100 (final stage). Stopping at iter 67959.
Stuck 10000 iters at S=100 (final stage). Stopping at iter 67960.
Stuck 10000 iters at S=100 (final stage). Stopping at iter 67961.
Stuck 10000 iters at S=100 (final stage). Stopping at iter 67962.
Stuck 10000 iters at S=100 (final stage). Stopping at iter 67963.
Stuck 10000 iters at S=100 (final stage). Stopping at iter 67964.
Stuck 10000 iters at S=100 (final stage). Stopping at iter 67965.
Stuck 10000 iters at S=100 (final stage). Stopping at iter 67966.
Stuck 10000 iters at S=100 (final stage). Stopping at iter 67967.
Stuck 10000 iters at S=100 (final stage). Stopping at iter 67968.
Stuck 10000 iters at S=100 (final stage). Stopping at iter 67969.
Stuck 10000 iters at S=100 (final stage). Stopping at iter 67970.
Stuck 10000 iters at S=100 (final stage). Stopping at iter 67971.
Stuck 10000 iters at S=100 (final stage). Stopping at iter 67972.
Stuck 10000 iters at S=100 (final stage). Stopping at iter 67973.
Stuck 10000 iters at S=100 (final stage). Stopping at iter 67974.
Stuck 10000 iters at S=100 (final stage). Stopping at iter 67975.
Stuck 10000 iters at S=100 (final stage). Stopping at iter 67976.
Stuck 10000 iters at S=100 (final stage). Stopping at iter 67977.
Stuck 10000 iters at S=100 (final stage). Stopping at iter 67978.
Stuck 10000 iters at S=100 (final stage). Stopping at iter 67979.
Stuck 10000 iters at S=100 (final stage). Stopping at iter 67980.
Stuck 10000 iters at S=100 (final stage). Stopping at iter 67981.
Stuck 10000 iters at S=100 (final stage). Stopping at iter 67982.
Stuck 10000 iters at S=100 (final stage). Stopping at iter 67983.
Stuck 10000 iters at S=100 (final stage). Stopping at iter 67984.
Stuck 10000 iters at S=100 (final stage). Stopping at iter 67985.
Stuck 10000 iters at S=100 (final stage). Stopping at iter 67986.
Stuck 10000 iters at S=100 (final stage). Stopping at iter 67987.
Stuck 10000 iters at S=100 (final stage). Stopping at iter 67988.
Stuck 10000 iters at S=100 (final stage). Stopping at iter 67989.
Stuck 10000 iters at S=100 (final stage). Stopping at iter 67990.
Stuck 10000 iters at S=100 (final stage). Stopping at iter 67991.
Stuck 10000 iters at S=100 (final stage). Stopping at iter 67992.
Stuck 10000 iters at S=100 (final stage). Stopping at iter 67993.
Stuck 10000 iters at S=100 (final stage). Stopping at iter 67994.
Stuck 10000 iters at S=100 (final stage). Stopping at iter 67995.
Stuck 10000 iters at S=100 (final stage). Stopping at iter 67996.
Stuck 10000 iters at S=100 (final stage). Stopping at iter 67997.
Stuck 10000 iters at S=100 (final stage). Stopping at iter 67998.
Stuck 10000 iters at S=100 (final stage). Stopping at iter 67999.
Stuck 10000 iters at S=100 (final stage). Stopping at iter 68000.
Stuck 10000 iters at S=100 (final stage). Stopping at iter 68001.
Stuck 10000 iters at S=100 (final stage). Stopping at iter 68002.
Stuck 10000 iters at S=100 (final stage). Stopping at iter 68003.
Stuck 10000 iters at S=100 (final stage). Stopping at iter 68004.
Stuck 10000 iters at S=100 (final stage). Stopping at iter 68005.
Stuck 10000 iters at S=100 (final stage). Stopping at iter 68006.
Stuck 10000 iters at S=100 (final stage). Stopping at iter 68007.
Stuck 10000 iters at S=100 (final stage). Stopping at iter 68008.
Stuck 10000 iters at S=100 (final stage). Stopping at iter 68009.
Stuck 10000 iters at S=100 (final stage). Stopping at iter 68010.
Stuck 10000 iters at S=100 (final stage). Stopping at iter 68011.
Stuck 10000 iters at S=100 (final stage). Stopping at iter 68012.
Stuck 10000 iters at S=100 (final stage). Stopping at iter 68013.
Stuck 10000 iters at S=100 (final stage). Stopping at iter 68014.
Stuck 10000 iters at S=100 (final stage). Stopping at iter 68015.
Stuck 10000 iters at S=100 (final stage). Stopping at iter 68016.
Stuck 10000 iters at S=100 (final stage). Stopping at iter 68017.
Stuck 10000 iters at S=100 (final stage). Stopping at iter 68018.
Stuck 10000 iters at S=100 (final stage). Stopping at iter 68019.
Stuck 10000 iters at S=100 (final stage). Stopping at iter 68020.
Stuck 10000 iters at S=100 (final stage). Stopping at iter 68021.
Stuck 10000 iters at S=100 (final stage). Stopping at iter 68022.
Stuck 10000 iters at S=100 (final stage). Stopping at iter 68023.
Stuck 10000 iters at S=100 (final stage). Stopping at iter 68024.
Stuck 10000 iters at S=100 (final stage). Stopping at iter 68025.
Stuck 10000 iters at S=100 (final stage). Stopping at iter 68026.
Stuck 10000 iters at S=100 (final stage). Stopping at iter 68027.
Stuck 10000 iters at S=100 (final stage). Stopping at iter 68028.
Stuck 10000 iters at S=100 (final stage). Stopping at iter 68029.
Stuck 10000 iters at S=100 (final stage). Stopping at iter 68030.
Stuck 10000 iters at S=100 (final stage). Stopping at iter 68031.
Stuck 10000 iters at S=100 (final stage). Stopping at iter 68032.
Stuck 10000 iters at S=100 (final stage). Stopping at iter 68033.
Stuck 10000 iters at S=100 (final stage). Stopping at iter 68034.
Stuck 10000 iters at S=100 (final stage). Stopping at iter 68035.
Stuck 10000 iters at S=100 (final stage). Stopping at iter 68036.
Stuck 10000 iters at S=100 (final stage). Stopping at iter 68037.
Stuck 10000 iters at S=100 (final stage). Stopping at iter 68038.
Stuck 10000 iters at S=100 (final stage). Stopping at iter 68039.
Stuck 10000 iters at S=100 (final stage). Stopping at iter 68040.
Stuck 10000 iters at S=100 (final stage). Stopping at iter 68041.
Stuck 10000 iters at S=100 (final stage). Stopping at iter 68042.
Stuck 10000 iters at S=100 (final stage). Stopping at iter 68043.
Stuck 10000 iters at S=100 (final stage). Stopping at iter 68044.
Stuck 10000 iters at S=100 (final stage). Stopping at iter 68045.
Stuck 10000 iters at S=100 (final stage). Stopping at iter 68046.
Stuck 10000 iters at S=100 (final stage). Stopping at iter 68047.
Stuck 10000 iters at S=100 (final stage). Stopping at iter 68048.
Stuck 10000 iters at S=100 (final stage). Stopping at iter 68049.
Stuck 10000 iters at S=100 (final stage). Stopping at iter 68050.
Stuck 10000 iters at S=100 (final stage). Stopping at iter 68051.
Stuck 10000 iters at S=100 (final stage). Stopping at iter 68052.
Stuck 10000 iters at S=100 (final stage). Stopping at iter 68053.
Stuck 10000 iters at S=100 (final stage). Stopping at iter 68054.
Stuck 10000 iters at S=100 (final stage). Stopping at iter 68055.
Stuck 10000 iters at S=100 (final stage). Stopping at iter 68056.
Stuck 10000 iters at S=100 (final stage). Stopping at iter 68057.
Stuck 10000 iters at S=100 (final stage). Stopping at iter 68058.
Stuck 10000 iters at S=100 (final stage). Stopping at iter 68059.
Stuck 10000 iters at S=100 (final stage). Stopping at iter 68060.
Stuck 10000 iters at S=100 (final stage). Stopping at iter 68061.
Stuck 10000 iters at S=100 (final stage). Stopping at iter 68062.
Stuck 10000 iters at S=100 (final stage). Stopping at iter 68063.
Stuck 10000 iters at S=100 (final stage). Stopping at iter 68064.
Stuck 10000 iters at S=100 (final stage). Stopping at iter 68065.
Stuck 10000 iters at S=100 (final stage). Stopping at iter 68066.
Stuck 10000 iters at S=100 (final stage). Stopping at iter 68067.
Stuck 10000 iters at S=100 (final stage). Stopping at iter 68068.
Stuck 10000 iters at S=100 (final stage). Stopping at iter 68069.
Stuck 10000 iters at S=100 (final stage). Stopping at iter 68070.
Stuck 10000 iters at S=100 (final stage). Stopping at iter 68071.
Stuck 10000 iters at S=100 (final stage). Stopping at iter 68072.
Stuck 10000 iters at S=100 (final stage). Stopping at iter 68073.
Stuck 10000 iters at S=100 (final stage). Stopping at iter 68074.
Stuck 10000 iters at S=100 (final stage). Stopping at iter 68075.
Stuck 10000 iters at S=100 (final stage). Stopping at iter 68076.
Stuck 10000 iters at S=100 (final stage). Stopping at iter 68077.
Stuck 10000 iters at S=100 (final stage). Stopping at iter 68078.
Stuck 10000 iters at S=100 (final stage). Stopping at iter 68079.
Stuck 10000 iters at S=100 (final stage). Stopping at iter 68080.
Stuck 10000 iters at S=100 (final stage). Stopping at iter 68081.
Stuck 10000 iters at S=100 (final stage). Stopping at iter 68082.
Stuck 10000 iters at S=100 (final stage). Stopping at iter 68083.
Stuck 10000 iters at S=100 (final stage). Stopping at iter 68084.
Stuck 10000 iters at S=100 (final stage). Stopping at iter 68085.
Stuck 10000 iters at S=100 (final stage). Stopping at iter 68086.
Stuck 10000 iters at S=100 (final stage). Stopping at iter 68087.
Stuck 10000 iters at S=100 (final stage). Stopping at iter 68088.
Stuck 10000 iters at S=100 (final stage). Stopping at iter 68089.
Stuck 10000 iters at S=100 (final stage). Stopping at iter 68090.
Stuck 10000 iters at S=100 (final stage). Stopping at iter 68091.
Stuck 10000 iters at S=100 (final stage). Stopping at iter 68092.
Stuck 10000 iters at S=100 (final stage). Stopping at iter 68093.
Stuck 10000 iters at S=100 (final stage). Stopping at iter 68094.
Stuck 10000 iters at S=100 (final stage). Stopping at iter 68095.
Stuck 10000 iters at S=100 (final stage). Stopping at iter 68096.
Stuck 10000 iters at S=100 (final stage). Stopping at iter 68097.
Stuck 10000 iters at S=100 (final stage). Stopping at iter 68098.
Stuck 10000 iters at S=100 (final stage). Stopping at iter 68099.
Stuck 10000 iters at S=100 (final stage). Stopping at iter 68100.
Stuck 10000 iters at S=100 (final stage). Stopping at iter 68101.
Stuck 10000 iters at S=100 (final stage). Stopping at iter 68102.
Stuck 10000 iters at S=100 (final stage). Stopping at iter 68103.
Stuck 10000 iters at S=100 (final stage). Stopping at iter 68104.
Stuck 10000 iters at S=100 (final stage). Stopping at iter 68105.
Stuck 10000 iters at S=100 (final stage). Stopping at iter 68106.
Stuck 10000 iters at S=100 (final stage). Stopping at iter 68107.
Stuck 10000 iters at S=100 (final stage). Stopping at iter 68108.
Stuck 10000 iters at S=100 (final stage). Stopping at iter 68109.
Stuck 10000 iters at S=100 (final stage). Stopping at iter 68110.
Stuck 10000 iters at S=100 (final stage). Stopping at iter 68111.
Stuck 10000 iters at S=100 (final stage). Stopping at iter 68112.
Stuck 10000 iters at S=100 (final stage). Stopping at iter 68113.
Stuck 10000 iters at S=100 (final stage). Stopping at iter 68114.
Stuck 10000 iters at S=100 (final stage). Stopping at iter 68115.
Stuck 10000 iters at S=100 (final stage). Stopping at iter 68116.
Stuck 10000 iters at S=100 (final stage). Stopping at iter 68117.
Stuck 10000 iters at S=100 (final stage). Stopping at iter 68118.
Stuck 10000 iters at S=100 (final stage). Stopping at iter 68119.
Stuck 10000 iters at S=100 (final stage). Stopping at iter 68120.
Stuck 10000 iters at S=100 (final stage). Stopping at iter 68121.
Stuck 10000 iters at S=100 (final stage). Stopping at iter 68122.
Stuck 10000 iters at S=100 (final stage). Stopping at iter 68123.
Stuck 10000 iters at S=100 (final stage). Stopping at iter 68124.
Stuck 10000 iters at S=100 (final stage). Stopping at iter 68125.
Stuck 10000 iters at S=100 (final stage). Stopping at iter 68126.
Stuck 10000 iters at S=100 (final stage). Stopping at iter 68127.
Stuck 10000 iters at S=100 (final stage). Stopping at iter 68128.
Stuck 10000 iters at S=100 (final stage). Stopping at iter 68129.
Stuck 10000 iters at S=100 (final stage). Stopping at iter 68130.
Stuck 10000 iters at S=100 (final stage). Stopping at iter 68131.
Stuck 10000 iters at S=100 (final stage). Stopping at iter 68132.
Stuck 10000 iters at S=100 (final stage). Stopping at iter 68133.
Stuck 10000 iters at S=100 (final stage). Stopping at iter 68134.
Stuck 10000 iters at S=100 (final stage). Stopping at iter 68135.
Stuck 10000 iters at S=100 (final stage). Stopping at iter 68136.
Stuck 10000 iters at S=100 (final stage). Stopping at iter 68137.
Stuck 10000 iters at S=100 (final stage). Stopping at iter 68138.
Stuck 10000 iters at S=100 (final stage). Stopping at iter 68139.
Stuck 10000 iters at S=100 (final stage). Stopping at iter 68140.
Stuck 10000 iters at S=100 (final stage). Stopping at iter 68141.
Stuck 10000 iters at S=100 (final stage). Stopping at iter 68142.
Stuck 10000 iters at S=100 (final stage). Stopping at iter 68143.
Stuck 10000 iters at S=100 (final stage). Stopping at iter 68144.
Stuck 10000 iters at S=100 (final stage). Stopping at iter 68145.
Stuck 10000 iters at S=100 (final stage). Stopping at iter 68146.
Stuck 10000 iters at S=100 (final stage). Stopping at iter 68147.
Stuck 10000 iters at S=100 (final stage). Stopping at iter 68148.
Stuck 10000 iters at S=100 (final stage). Stopping at iter 68149.
Stuck 10000 iters at S=100 (final stage). Stopping at iter 68150.
Stuck 10000 iters at S=100 (final stage). Stopping at iter 68151.
Stuck 10000 iters at S=100 (final stage). Stopping at iter 68152.
Stuck 10000 iters at S=100 (final stage). Stopping at iter 68153.
Stuck 10000 iters at S=100 (final stage). Stopping at iter 68154.
Stuck 10000 iters at S=100 (final stage). Stopping at iter 68155.
Stuck 10000 iters at S=100 (final stage). Stopping at iter 68156.
Stuck 10000 iters at S=100 (final stage). Stopping at iter 68157.
Stuck 10000 iters at S=100 (final stage). Stopping at iter 68158.
Stuck 10000 iters at S=100 (final stage). Stopping at iter 68159.
Stuck 10000 iters at S=100 (final stage). Stopping at iter 68160.
Stuck 10000 iters at S=100 (final stage). Stopping at iter 68161.
Stuck 10000 iters at S=100 (final stage). Stopping at iter 68162.
Stuck 10000 iters at S=100 (final stage). Stopping at iter 68163.
Stuck 10000 iters at S=100 (final stage). Stopping at iter 68164.
Stuck 10000 iters at S=100 (final stage). Stopping at iter 68165.
Stuck 10000 iters at S=100 (final stage). Stopping at iter 68166.
Stuck 10000 iters at S=100 (final stage). Stopping at iter 68167.
Stuck 10000 iters at S=100 (final stage). Stopping at iter 68168.
Stuck 10000 iters at S=100 (final stage). Stopping at iter 68169.
Stuck 10000 iters at S=100 (final stage). Stopping at iter 68170.
Stuck 10000 iters at S=100 (final stage). Stopping at iter 68171.
Stuck 10000 iters at S=100 (final stage). Stopping at iter 68172.
Stuck 10000 iters at S=100 (final stage). Stopping at iter 68173.
Stuck 10000 iters at S=100 (final stage). Stopping at iter 68174.
Stuck 10000 iters at S=100 (final stage). Stopping at iter 68175.
Stuck 10000 iters at S=100 (final stage). Stopping at iter 68176.
Stuck 10000 iters at S=100 (final stage). Stopping at iter 68177.
Stuck 10000 iters at S=100 (final stage). Stopping at iter 68178.
Stuck 10000 iters at S=100 (final stage). Stopping at iter 68179.
Stuck 10000 iters at S=100 (final stage). Stopping at iter 68180.
Stuck 10000 iters at S=100 (final stage). Stopping at iter 68181.
Stuck 10000 iters at S=100 (final stage). Stopping at iter 68182.
Stuck 10000 iters at S=100 (final stage). Stopping at iter 68183.
Stuck 10000 iters at S=100 (final stage). Stopping at iter 68184.
Stuck 10000 iters at S=100 (final stage). Stopping at iter 68185.
Stuck 10000 iters at S=100 (final stage). Stopping at iter 68186.
Stuck 10000 iters at S=100 (final stage). Stopping at iter 68187.
Stuck 10000 iters at S=100 (final stage). Stopping at iter 68188.
Stuck 10000 iters at S=100 (final stage). Stopping at iter 68189.
Stuck 10000 iters at S=100 (final stage). Stopping at iter 68190.
Stuck 10000 iters at S=100 (final stage). Stopping at iter 68191.
Stuck 10000 iters at S=100 (final stage). Stopping at iter 68192.
Stuck 10000 iters at S=100 (final stage). Stopping at iter 68193.
Stuck 10000 iters at S=100 (final stage). Stopping at iter 68194.
Stuck 10000 iters at S=100 (final stage). Stopping at iter 68195.
Stuck 10000 iters at S=100 (final stage). Stopping at iter 68196.
Stuck 10000 iters at S=100 (final stage). Stopping at iter 68197.
Stuck 10000 iters at S=100 (final stage). Stopping at iter 68198.
Stuck 10000 iters at S=100 (final stage). Stopping at iter 68199.
Stuck 10000 iters at S=100 (final stage). Stopping at iter 68200.
Stuck 10000 iters at S=100 (final stage). Stopping at iter 68201.
Stuck 10000 iters at S=100 (final stage). Stopping at iter 68202.
Stuck 10000 iters at S=100 (final stage). Stopping at iter 68203.
Stuck 10000 iters at S=100 (final stage). Stopping at iter 68204.
Stuck 10000 iters at S=100 (final stage). Stopping at iter 68205.
Stuck 10000 iters at S=100 (final stage). Stopping at iter 68206.
Stuck 10000 iters at S=100 (final stage). Stopping at iter 68207.
Stuck 10000 iters at S=100 (final stage). Stopping at iter 68208.
Stuck 10000 iters at S=100 (final stage). Stopping at iter 68209.
Stuck 10000 iters at S=100 (final stage). Stopping at iter 68210.
Stuck 10000 iters at S=100 (final stage). Stopping at iter 68211.
Stuck 10000 iters at S=100 (final stage). Stopping at iter 68212.
Stuck 10000 iters at S=100 (final stage). Stopping at iter 68213.
Stuck 10000 iters at S=100 (final stage). Stopping at iter 68214.
Stuck 10000 iters at S=100 (final stage). Stopping at iter 68215.
Stuck 10000 iters at S=100 (final stage). Stopping at iter 68216.
Stuck 10000 iters at S=100 (final stage). Stopping at iter 68217.
Stuck 10000 iters at S=100 (final stage). Stopping at iter 68218.
Stuck 10000 iters at S=100 (final stage). Stopping at iter 68219.
Stuck 10000 iters at S=100 (final stage). Stopping at iter 68220.
Stuck 10000 iters at S=100 (final stage). Stopping at iter 68221.
Stuck 10000 iters at S=100 (final stage). Stopping at iter 68222.
Stuck 10000 iters at S=100 (final stage). Stopping at iter 68223.
Stuck 10000 iters at S=100 (final stage). Stopping at iter 68224.
Stuck 10000 iters at S=100 (final stage). Stopping at iter 68225.
Stuck 10000 iters at S=100 (final stage). Stopping at iter 68226.
Stuck 10000 iters at S=100 (final stage). Stopping at iter 68227.
Stuck 10000 iters at S=100 (final stage). Stopping at iter 68228.
Stuck 10000 iters at S=100 (final stage). Stopping at iter 68229.
Stuck 10000 iters at S=100 (final stage). Stopping at iter 68230.
Stuck 10000 iters at S=100 (final stage). Stopping at iter 68231.
Stuck 10000 iters at S=100 (final stage). Stopping at iter 68232.
Stuck 10000 iters at S=100 (final stage). Stopping at iter 68233.
Stuck 10000 iters at S=100 (final stage). Stopping at iter 68234.
Stuck 10000 iters at S=100 (final stage). Stopping at iter 68235.
Stuck 10000 iters at S=100 (final stage). Stopping at iter 68236.
Stuck 10000 iters at S=100 (final stage). Stopping at iter 68237.
Stuck 10000 iters at S=100 (final stage). Stopping at iter 68238.
Stuck 10000 iters at S=100 (final stage). Stopping at iter 68239.
Stuck 10000 iters at S=100 (final stage). Stopping at iter 68240.
Stuck 10000 iters at S=100 (final stage). Stopping at iter 68241.
Stuck 10000 iters at S=100 (final stage). Stopping at iter 68242.
Stuck 10000 iters at S=100 (final stage). Stopping at iter 68243.
Stuck 10000 iters at S=100 (final stage). Stopping at iter 68244.
Stuck 10000 iters at S=100 (final stage). Stopping at iter 68245.
Stuck 10000 iters at S=100 (final stage). Stopping at iter 68246.
Stuck 10000 iters at S=100 (final stage). Stopping at iter 68247.
Stuck 10000 iters at S=100 (final stage). Stopping at iter 68248.
Stuck 10000 iters at S=100 (final stage). Stopping at iter 68249.
Stuck 10000 iters at S=100 (final stage). Stopping at iter 68250.
Stuck 10000 iters at S=100 (final stage). Stopping at iter 68251.
Stuck 10000 iters at S=100 (final stage). Stopping at iter 68252.
Stuck 10000 iters at S=100 (final stage). Stopping at iter 68253.
Stuck 10000 iters at S=100 (final stage). Stopping at iter 68254.
Stuck 10000 iters at S=100 (final stage). Stopping at iter 68255.
Stuck 10000 iters at S=100 (final stage). Stopping at iter 68256.
Stuck 10000 iters at S=100 (final stage). Stopping at iter 68257.
Stuck 10000 iters at S=100 (final stage). Stopping at iter 68258.
Stuck 10000 iters at S=100 (final stage). Stopping at iter 68259.
Stuck 10000 iters at S=100 (final stage). Stopping at iter 68260.
Stuck 10000 iters at S=100 (final stage). Stopping at iter 68261.
Stuck 10000 iters at S=100 (final stage). Stopping at iter 68262.
Stuck 10000 iters at S=100 (final stage). Stopping at iter 68263.
Stuck 10000 iters at S=100 (final stage). Stopping at iter 68264.
Stuck 10000 iters at S=100 (final stage). Stopping at iter 68265.
Stuck 10000 iters at S=100 (final stage). Stopping at iter 68266.
Stuck 10000 iters at S=100 (final stage). Stopping at iter 68267.
Stuck 10000 iters at S=100 (final stage). Stopping at iter 68268.
Stuck 10000 iters at S=100 (final stage). Stopping at iter 68269.
Stuck 10000 iters at S=100 (final stage). Stopping at iter 68270.
Stuck 10000 iters at S=100 (final stage). Stopping at iter 68271.
Stuck 10000 iters at S=100 (final stage). Stopping at iter 68272.
Stuck 10000 iters at S=100 (final stage). Stopping at iter 68273.
Stuck 10000 iters at S=100 (final stage). Stopping at iter 68274.
Stuck 10000 iters at S=100 (final stage). Stopping at iter 68275.
Stuck 10000 iters at S=100 (final stage). Stopping at iter 68276.
Stuck 10000 iters at S=100 (final stage). Stopping at iter 68277.
Stuck 10000 iters at S=100 (final stage). Stopping at iter 68278.
Stuck 10000 iters at S=100 (final stage). Stopping at iter 68279.
Stuck 10000 iters at S=100 (final stage). Stopping at iter 68280.
Stuck 10000 iters at S=100 (final stage). Stopping at iter 68281.
Stuck 10000 iters at S=100 (final stage). Stopping at iter 68282.
Stuck 10000 iters at S=100 (final stage). Stopping at iter 68283.
Stuck 10000 iters at S=100 (final stage). Stopping at iter 68284.
Stuck 10000 iters at S=100 (final stage). Stopping at iter 68285.
Stuck 10000 iters at S=100 (final stage). Stopping at iter 68286.
Stuck 10000 iters at S=100 (final stage). Stopping at iter 68287.
Stuck 10000 iters at S=100 (final stage). Stopping at iter 68288.
Stuck 10000 iters at S=100 (final stage). Stopping at iter 68289.
Stuck 10000 iters at S=100 (final stage). Stopping at iter 68290.
Stuck 10000 iters at S=100 (final stage). Stopping at iter 68291.
Stuck 10000 iters at S=100 (final stage). Stopping at iter 68292.
Stuck 10000 iters at S=100 (final stage). Stopping at iter 68293.
Stuck 10000 iters at S=100 (final stage). Stopping at iter 68294.
Stuck 10000 iters at S=100 (final stage). Stopping at iter 68295.
Stuck 10000 iters at S=100 (final stage). Stopping at iter 68296.
Stuck 10000 iters at S=100 (final stage). Stopping at iter 68297.
Stuck 10000 iters at S=100 (final stage). Stopping at iter 68298.
Stuck 10000 iters at S=100 (final stage). Stopping at iter 68299.
Stuck 10000 iters at S=100 (final stage). Stopping at iter 68300.
Stuck 10000 iters at S=100 (final stage). Stopping at iter 68301.
Stuck 10000 iters at S=100 (final stage). Stopping at iter 68302.
Stuck 10000 iters at S=100 (final stage). Stopping at iter 68303.
Stuck 10000 iters at S=100 (final stage). Stopping at iter 68304.
Stuck 10000 iters at S=100 (final stage). Stopping at iter 68305.
Stuck 10000 iters at S=100 (final stage). Stopping at iter 68306.
Stuck 10000 iters at S=100 (final stage). Stopping at iter 68307.
Stuck 10000 iters at S=100 (final stage). Stopping at iter 68308.
Stuck 10000 iters at S=100 (final stage). Stopping at iter 68309.
Stuck 10000 iters at S=100 (final stage). Stopping at iter 68310.
Stuck 10000 iters at S=100 (final stage). Stopping at iter 68311.
Stuck 10000 iters at S=100 (final stage). Stopping at iter 68312.
Stuck 10000 iters at S=100 (final stage). Stopping at iter 68313.
Stuck 10000 iters at S=100 (final stage). Stopping at iter 68314.
Stuck 10000 iters at S=100 (final stage). Stopping at iter 68315.
Stuck 10000 iters at S=100 (final stage). Stopping at iter 68316.
Stuck 10000 iters at S=100 (final stage). Stopping at iter 68317.
Stuck 10000 iters at S=100 (final stage). Stopping at iter 68318.
Stuck 10000 iters at S=100 (final stage). Stopping at iter 68319.
Stuck 10000 iters at S=100 (final stage). Stopping at iter 68320.
Stuck 10000 iters at S=100 (final stage). Stopping at iter 68321.
Stuck 10000 iters at S=100 (final stage). Stopping at iter 68322.
Stuck 10000 iters at S=100 (final stage). Stopping at iter 68323.
Stuck 10000 iters at S=100 (final stage). Stopping at iter 68324.
Stuck 10000 iters at S=100 (final stage). Stopping at iter 68325.
Stuck 10000 iters at S=100 (final stage). Stopping at iter 68326.
Stuck 10000 iters at S=100 (final stage). Stopping at iter 68327.
Stuck 10000 iters at S=100 (final stage). Stopping at iter 68328.
Stuck 10000 iters at S=100 (final stage). Stopping at iter 68329.
Stuck 10000 iters at S=100 (final stage). Stopping at iter 68330.
Stuck 10000 iters at S=100 (final stage). Stopping at iter 68331.
Stuck 10000 iters at S=100 (final stage). Stopping at iter 68332.
Stuck 10000 iters at S=100 (final stage). Stopping at iter 68333.
Stuck 10000 iters at S=100 (final stage). Stopping at iter 68334.
Stuck 10000 iters at S=100 (final stage). Stopping at iter 68335.
Stuck 10000 iters at S=100 (final stage). Stopping at iter 68336.
Stuck 10000 iters at S=100 (final stage). Stopping at iter 68337.
Stuck 10000 iters at S=100 (final stage). Stopping at iter 68338.
Stuck 10000 iters at S=100 (final stage). Stopping at iter 68339.
Stuck 10000 iters at S=100 (final stage). Stopping at iter 68340.
Stuck 10000 iters at S=100 (final stage). Stopping at iter 68341.
Stuck 10000 iters at S=100 (final stage). Stopping at iter 68342.
Stuck 10000 iters at S=100 (final stage). Stopping at iter 68343.
Stuck 10000 iters at S=100 (final stage). Stopping at iter 68344.
Stuck 10000 iters at S=100 (final stage). Stopping at iter 68345.
Stuck 10000 iters at S=100 (final stage). Stopping at iter 68346.
Stuck 10000 iters at S=100 (final stage). Stopping at iter 68347.
Stuck 10000 iters at S=100 (final stage). Stopping at iter 68348.
Stuck 10000 iters at S=100 (final stage). Stopping at iter 68349.
Stuck 10000 iters at S=100 (final stage). Stopping at iter 68350.
Stuck 10000 iters at S=100 (final stage). Stopping at iter 68351.
Stuck 10000 iters at S=100 (final stage). Stopping at iter 68352.
Stuck 10000 iters at S=100 (final stage). Stopping at iter 68353.
Stuck 10000 iters at S=100 (final stage). Stopping at iter 68354.
Stuck 10000 iters at S=100 (final stage). Stopping at iter 68355.
Stuck 10000 iters at S=100 (final stage). Stopping at iter 68356.
Stuck 10000 iters at S=100 (final stage). Stopping at iter 68357.
Stuck 10000 iters at S=100 (final stage). Stopping at iter 68358.
Stuck 10000 iters at S=100 (final stage). Stopping at iter 68359.
Stuck 10000 iters at S=100 (final stage). Stopping at iter 68360.
Stuck 10000 iters at S=100 (final stage). Stopping at iter 68361.
Stuck 10000 iters at S=100 (final stage). Stopping at iter 68362.
Stuck 10000 iters at S=100 (final stage). Stopping at iter 68363.
Stuck 10000 iters at S=100 (final stage). Stopping at iter 68364.
Stuck 10000 iters at S=100 (final stage). Stopping at iter 68365.
Stuck 10000 iters at S=100 (final stage). Stopping at iter 68366.
Stuck 10000 iters at S=100 (final stage). Stopping at iter 68367.
Stuck 10000 iters at S=100 (final stage). Stopping at iter 68368.
Stuck 10000 iters at S=100 (final stage). Stopping at iter 68369.
Stuck 10000 iters at S=100 (final stage). Stopping at iter 68370.
Stuck 10000 iters at S=100 (final stage). Stopping at iter 68371.
Stuck 10000 iters at S=100 (final stage). Stopping at iter 68372.
Stuck 10000 iters at S=100 (final stage). Stopping at iter 68373.
Stuck 10000 iters at S=100 (final stage). Stopping at iter 68374.
Stuck 10000 iters at S=100 (final stage). Stopping at iter 68375.
Stuck 10000 iters at S=100 (final stage). Stopping at iter 68376.
Stuck 10000 iters at S=100 (final stage). Stopping at iter 68377.
Stuck 10000 iters at S=100 (final stage). Stopping at iter 68378.
Stuck 10000 iters at S=100 (final stage). Stopping at iter 68379.
Stuck 10000 iters at S=100 (final stage). Stopping at iter 68380.
Stuck 10000 iters at S=100 (final stage). Stopping at iter 68381.
Stuck 10000 iters at S=100 (final stage). Stopping at iter 68382.
Stuck 10000 iters at S=100 (final stage). Stopping at iter 68383.
Stuck 10000 iters at S=100 (final stage). Stopping at iter 68384.
Stuck 10000 iters at S=100 (final stage). Stopping at iter 68385.
Stuck 10000 iters at S=100 (final stage). Stopping at iter 68386.
Stuck 10000 iters at S=100 (final stage). Stopping at iter 68387.
Stuck 10000 iters at S=100 (final stage). Stopping at iter 68388.
Stuck 10000 iters at S=100 (final stage). Stopping at iter 68389.
Stuck 10000 iters at S=100 (final stage). Stopping at iter 68390.
Stuck 10000 iters at S=100 (final stage). Stopping at iter 68391.
Stuck 10000 iters at S=100 (final stage). Stopping at iter 68392.
Stuck 10000 iters at S=100 (final stage). Stopping at iter 68393.
Stuck 10000 iters at S=100 (final stage). Stopping at iter 68394.
Stuck 10000 iters at S=100 (final stage). Stopping at iter 68395.
Stuck 10000 iters at S=100 (final stage). Stopping at iter 68396.
Stuck 10000 iters at S=100 (final stage). Stopping at iter 68397.
Stuck 10000 iters at S=100 (final stage). Stopping at iter 68398.
Stuck 10000 iters at S=100 (final stage). Stopping at iter 68399.
Stuck 10000 iters at S=100 (final stage). Stopping at iter 68400.
Stuck 10000 iters at S=100 (final stage). Stopping at iter 68401.
Stuck 10000 iters at S=100 (final stage). Stopping at iter 68402.
Stuck 10000 iters at S=100 (final stage). Stopping at iter 68403.
Stuck 10000 iters at S=100 (final stage). Stopping at iter 68404.
Stuck 10000 iters at S=100 (final stage). Stopping at iter 68405.
Stuck 10000 iters at S=100 (final stage). Stopping at iter 68406.
Stuck 10000 iters at S=100 (final stage). Stopping at iter 68407.
Stuck 10000 iters at S=100 (final stage). Stopping at iter 68408.
Stuck 10000 iters at S=100 (final stage). Stopping at iter 68409.
Stuck 10000 iters at S=100 (final stage). Stopping at iter 68410.
Stuck 10000 iters at S=100 (final stage). Stopping at iter 68411.
Stuck 10000 iters at S=100 (final stage). Stopping at iter 68412.
Stuck 10000 iters at S=100 (final stage). Stopping at iter 68413.
Stuck 10000 iters at S=100 (final stage). Stopping at iter 68414.
Stuck 10000 iters at S=100 (final stage). Stopping at iter 68415.
Stuck 10000 iters at S=100 (final stage). Stopping at iter 68416.
Stuck 10000 iters at S=100 (final stage). Stopping at iter 68417.
Stuck 10000 iters at S=100 (final stage). Stopping at iter 68418.
Stuck 10000 iters at S=100 (final stage). Stopping at iter 68419.
Stuck 10000 iters at S=100 (final stage). Stopping at iter 68420.
Stuck 10000 iters at S=100 (final stage). Stopping at iter 68421.
Stuck 10000 iters at S=100 (final stage). Stopping at iter 68422.
Stuck 10000 iters at S=100 (final stage). Stopping at iter 68423.
Stuck 10000 iters at S=100 (final stage). Stopping at iter 68424.
Stuck 10000 iters at S=100 (final stage). Stopping at iter 68425.
Stuck 10000 iters at S=100 (final stage). Stopping at iter 68426.
Stuck 10000 iters at S=100 (final stage). Stopping at iter 68427.
Stuck 10000 iters at S=100 (final stage). Stopping at iter 68428.
Stuck 10000 iters at S=100 (final stage). Stopping at iter 68429.
Stuck 10000 iters at S=100 (final stage). Stopping at iter 68430.
Stuck 10000 iters at S=100 (final stage). Stopping at iter 68431.
Stuck 10000 iters at S=100 (final stage). Stopping at iter 68432.
Stuck 10000 iters at S=100 (final stage). Stopping at iter 68433.
Stuck 10000 iters at S=100 (final stage). Stopping at iter 68434.
Stuck 10000 iters at S=100 (final stage). Stopping at iter 68435.
Stuck 10000 iters at S=100 (final stage). Stopping at iter 68436.
Stuck 10000 iters at S=100 (final stage). Stopping at iter 68437.
Stuck 10000 iters at S=100 (final stage). Stopping at iter 68438.
Stuck 10000 iters at S=100 (final stage). Stopping at iter 68439.
Stuck 10000 iters at S=100 (final stage). Stopping at iter 68440.
Stuck 10000 iters at S=100 (final stage). Stopping at iter 68441.
Stuck 10000 iters at S=100 (final stage). Stopping at iter 68442.
Stuck 10000 iters at S=100 (final stage). Stopping at iter 68443.
Stuck 10000 iters at S=100 (final stage). Stopping at iter 68444.
Stuck 10000 iters at S=100 (final stage). Stopping at iter 68445.
Stuck 10000 iters at S=100 (final stage). Stopping at iter 68446.
Stuck 10000 iters at S=100 (final stage). Stopping at iter 68447.
Stuck 10000 iters at S=100 (final stage). Stopping at iter 68448.
Stuck 10000 iters at S=100 (final stage). Stopping at iter 68449.
Stuck 10000 iters at S=100 (final stage). Stopping at iter 68450.
Stuck 10000 iters at S=100 (final stage). Stopping at iter 68451.
Stuck 10000 iters at S=100 (final stage). Stopping at iter 68452.
Stuck 10000 iters at S=100 (final stage). Stopping at iter 68453.
Stuck 10000 iters at S=100 (final stage). Stopping at iter 68454.
Stuck 10000 iters at S=100 (final stage). Stopping at iter 68455.
Stuck 10000 iters at S=100 (final stage). Stopping at iter 68456.
Stuck 10000 iters at S=100 (final stage). Stopping at iter 68457.
Stuck 10000 iters at S=100 (final stage). Stopping at iter 68458.
Stuck 10000 iters at S=100 (final stage). Stopping at iter 68459.
Stuck 10000 iters at S=100 (final stage). Stopping at iter 68460.
Stuck 10000 iters at S=100 (final stage). Stopping at iter 68461.
Stuck 10000 iters at S=100 (final stage). Stopping at iter 68462.
Stuck 10000 iters at S=100 (final stage). Stopping at iter 68463.
Stuck 10000 iters at S=100 (final stage). Stopping at iter 68464.
Stuck 10000 iters at S=100 (final stage). Stopping at iter 68465.
Stuck 10000 iters at S=100 (final stage). Stopping at iter 68466.
Stuck 10000 iters at S=100 (final stage). Stopping at iter 68467.
Stuck 10000 iters at S=100 (final stage). Stopping at iter 68468.
Stuck 10000 iters at S=100 (final stage). Stopping at iter 68469.
Stuck 10000 iters at S=100 (final stage). Stopping at iter 68470.
Stuck 10000 iters at S=100 (final stage). Stopping at iter 68471.
Stuck 10000 iters at S=100 (final stage). Stopping at iter 68472.
Stuck 10000 iters at S=100 (final stage). Stopping at iter 68473.
Stuck 10000 iters at S=100 (final stage). Stopping at iter 68474.
Stuck 10000 iters at S=100 (final stage). Stopping at iter 68475.
Stuck 10000 iters at S=100 (final stage). Stopping at iter 68476.
Stuck 10000 iters at S=100 (final stage). Stopping at iter 68477.
Stuck 10000 iters at S=100 (final stage). Stopping at iter 68478.
Stuck 10000 iters at S=100 (final stage). Stopping at iter 68479.
Stuck 10000 iters at S=100 (final stage). Stopping at iter 68480.
Stuck 10000 iters at S=100 (final stage). Stopping at iter 68481.
Stuck 10000 iters at S=100 (final stage). Stopping at iter 68482.
Stuck 10000 iters at S=100 (final stage). Stopping at iter 68483.
Stuck 10000 iters at S=100 (final stage). Stopping at iter 68484.
Stuck 10000 iters at S=100 (final stage). Stopping at iter 68485.
Stuck 10000 iters at S=100 (final stage). Stopping at iter 68486.
Stuck 10000 iters at S=100 (final stage). Stopping at iter 68487.
Stuck 10000 iters at S=100 (final stage). Stopping at iter 68488.
Stuck 10000 iters at S=100 (final stage). Stopping at iter 68489.
Stuck 10000 iters at S=100 (final stage). Stopping at iter 68490.
Stuck 10000 iters at S=100 (final stage). Stopping at iter 68491.
Stuck 10000 iters at S=100 (final stage). Stopping at iter 68492.
Stuck 10000 iters at S=100 (final stage). Stopping at iter 68493.
Stuck 10000 iters at S=100 (final stage). Stopping at iter 68494.
Stuck 10000 iters at S=100 (final stage). Stopping at iter 68495.
Stuck 10000 iters at S=100 (final stage). Stopping at iter 68496.
Stuck 10000 iters at S=100 (final stage). Stopping at iter 68497.
Stuck 10000 iters at S=100 (final stage). Stopping at iter 68498.
Stuck 10000 iters at S=100 (final stage). Stopping at iter 68499.
Stuck 10000 iters at S=100 (final stage). Stopping at iter 68500.
Stuck 10000 iters at S=100 (final stage). Stopping at iter 68501.
Stuck 10000 iters at S=100 (final stage). Stopping at iter 68502.
Stuck 10000 iters at S=100 (final stage). Stopping at iter 68503.
Stuck 10000 iters at S=100 (final stage). Stopping at iter 68504.
Stuck 10000 iters at S=100 (final stage). Stopping at iter 68505.
Stuck 10000 iters at S=100 (final stage). Stopping at iter 68506.
Stuck 10000 iters at S=100 (final stage). Stopping at iter 68507.
Stuck 10000 iters at S=100 (final stage). Stopping at iter 68508.
Stuck 10000 iters at S=100 (final stage). Stopping at iter 68509.
Stuck 10000 iters at S=100 (final stage). Stopping at iter 68510.
Stuck 10000 iters at S=100 (final stage). Stopping at iter 68511.
Stuck 10000 iters at S=100 (final stage). Stopping at iter 68512.
Stuck 10000 iters at S=100 (final stage). Stopping at iter 68513.
Stuck 10000 iters at S=100 (final stage). Stopping at iter 68514.
Stuck 10000 iters at S=100 (final stage). Stopping at iter 68515.
Stuck 10000 iters at S=100 (final stage). Stopping at iter 68516.
Stuck 10000 iters at S=100 (final stage). Stopping at iter 68517.
Stuck 10000 iters at S=100 (final stage). Stopping at iter 68518.
Stuck 10000 iters at S=100 (final stage). Stopping at iter 68519.
Stuck 10000 iters at S=100 (final stage). Stopping at iter 68520.
Stuck 10000 iters at S=100 (final stage). Stopping at iter 68521.
Stuck 10000 iters at S=100 (final stage). Stopping at iter 68522.
Stuck 10000 iters at S=100 (final stage). Stopping at iter 68523.
Stuck 10000 iters at S=100 (final stage). Stopping at iter 68524.
Stuck 10000 iters at S=100 (final stage). Stopping at iter 68525.
Stuck 10000 iters at S=100 (final stage). Stopping at iter 68526.
Stuck 10000 iters at S=100 (final stage). Stopping at iter 68527.
Stuck 10000 iters at S=100 (final stage). Stopping at iter 68528.
Stuck 10000 iters at S=100 (final stage). Stopping at iter 68529.
Stuck 10000 iters at S=100 (final stage). Stopping at iter 68530.
Stuck 10000 iters at S=100 (final stage). Stopping at iter 68531.
Stuck 10000 iters at S=100 (final stage). Stopping at iter 68532.
Stuck 10000 iters at S=100 (final stage). Stopping at iter 68533.
Stuck 10000 iters at S=100 (final stage). Stopping at iter 68534.
Stuck 10000 iters at S=100 (final stage). Stopping at iter 68535.
Stuck 10000 iters at S=100 (final stage). Stopping at iter 68536.
Stuck 10000 iters at S=100 (final stage). Stopping at iter 68537.
Stuck 10000 iters at S=100 (final stage). Stopping at iter 68538.
Stuck 10000 iters at S=100 (final stage). Stopping at iter 68539.
Stuck 10000 iters at S=100 (final stage). Stopping at iter 68540.
Stuck 10000 iters at S=100 (final stage). Stopping at iter 68541.
Stuck 10000 iters at S=100 (final stage). Stopping at iter 68542.
Stuck 10000 iters at S=100 (final stage). Stopping at iter 68543.
Stuck 10000 iters at S=100 (final stage). Stopping at iter 68544.
Stuck 10000 iters at S=100 (final stage). Stopping at iter 68545.
Stuck 10000 iters at S=100 (final stage). Stopping at iter 68546.
Stuck 10000 iters at S=100 (final stage). Stopping at iter 68547.
Stuck 10000 iters at S=100 (final stage). Stopping at iter 68548.
Stuck 10000 iters at S=100 (final stage). Stopping at iter 68549.
Stuck 10000 iters at S=100 (final stage). Stopping at iter 68550.
Stuck 10000 iters at S=100 (final stage). Stopping at iter 68551.
Stuck 10000 iters at S=100 (final stage). Stopping at iter 68552.
Stuck 10000 iters at S=100 (final stage). Stopping at iter 68553.
Stuck 10000 iters at S=100 (final stage). Stopping at iter 68554.
Stuck 10000 iters at S=100 (final stage). Stopping at iter 68555.
Stuck 10000 iters at S=100 (final stage). Stopping at iter 68556.
Stuck 10000 iters at S=100 (final stage). Stopping at iter 68557.
Stuck 10000 iters at S=100 (final stage). Stopping at iter 68558.
Stuck 10000 iters at S=100 (final stage). Stopping at iter 68559.
Stuck 10000 iters at S=100 (final stage). Stopping at iter 68560.
Stuck 10000 iters at S=100 (final stage). Stopping at iter 68561.
Stuck 10000 iters at S=100 (final stage). Stopping at iter 68562.
Stuck 10000 iters at S=100 (final stage). Stopping at iter 68563.
Stuck 10000 iters at S=100 (final stage). Stopping at iter 68564.
Stuck 10000 iters at S=100 (final stage). Stopping at iter 68565.
Stuck 10000 iters at S=100 (final stage). Stopping at iter 68566.
Stuck 10000 iters at S=100 (final stage). Stopping at iter 68567.
Stuck 10000 iters at S=100 (final stage). Stopping at iter 68568.
Stuck 10000 iters at S=100 (final stage). Stopping at iter 68569.
Stuck 10000 iters at S=100 (final stage). Stopping at iter 68570.
Stuck 10000 iters at S=100 (final stage). Stopping at iter 68571.
Stuck 10000 iters at S=100 (final stage). Stopping at iter 68572.
Stuck 10000 iters at S=100 (final stage). Stopping at iter 68573.
Stuck 10000 iters at S=100 (final stage). Stopping at iter 68574.
Stuck 10000 iters at S=100 (final stage). Stopping at iter 68575.
Stuck 10000 iters at S=100 (final stage). Stopping at iter 68576.
Stuck 10000 iters at S=100 (final stage). Stopping at iter 68577.
Stuck 10000 iters at S=100 (final stage). Stopping at iter 68578.
Stuck 10000 iters at S=100 (final stage). Stopping at iter 68579.
Stuck 10000 iters at S=100 (final stage). Stopping at iter 68580.
Stuck 10000 iters at S=100 (final stage). Stopping at iter 68581.
Stuck 10000 iters at S=100 (final stage). Stopping at iter 68582.
Stuck 10000 iters at S=100 (final stage). Stopping at iter 68583.
Stuck 10000 iters at S=100 (final stage). Stopping at iter 68584.
Stuck 10000 iters at S=100 (final stage). Stopping at iter 68585.
Stuck 10000 iters at S=100 (final stage). Stopping at iter 68586.
Stuck 10000 iters at S=100 (final stage). Stopping at iter 68587.
Stuck 10000 iters at S=100 (final stage). Stopping at iter 68588.
Stuck 10000 iters at S=100 (final stage). Stopping at iter 68589.
Stuck 10000 iters at S=100 (final stage). Stopping at iter 68590.
Stuck 10000 iters at S=100 (final stage). Stopping at iter 68591.
Stuck 10000 iters at S=100 (final stage). Stopping at iter 68592.
Stuck 10000 iters at S=100 (final stage). Stopping at iter 68593.
Stuck 10000 iters at S=100 (final stage). Stopping at iter 68594.
Stuck 10000 iters at S=100 (final stage). Stopping at iter 68595.
Stuck 10000 iters at S=100 (final stage). Stopping at iter 68596.
Stuck 10000 iters at S=100 (final stage). Stopping at iter 68597.
Stuck 10000 iters at S=100 (final stage). Stopping at iter 68598.
Stuck 10000 iters at S=100 (final stage). Stopping at iter 68599.
Stuck 10000 iters at S=100 (final stage). Stopping at iter 68600.
Stuck 10000 iters at S=100 (final stage). Stopping at iter 68601.
Stuck 10000 iters at S=100 (final stage). Stopping at iter 68602.
Stuck 10000 iters at S=100 (final stage). Stopping at iter 68603.
Stuck 10000 iters at S=100 (final stage). Stopping at iter 68604.
Stuck 10000 iters at S=100 (final stage). Stopping at iter 68605.
Stuck 10000 iters at S=100 (final stage). Stopping at iter 68606.
Stuck 10000 iters at S=100 (final stage). Stopping at iter 68607.
Stuck 10000 iters at S=100 (final stage). Stopping at iter 68608.
Stuck 10000 iters at S=100 (final stage). Stopping at iter 68609.
Stuck 10000 iters at S=100 (final stage). Stopping at iter 68610.
Stuck 10000 iters at S=100 (final stage). Stopping at iter 68611.
Stuck 10000 iters at S=100 (final stage). Stopping at iter 68612.
Stuck 10000 iters at S=100 (final stage). Stopping at iter 68613.
Stuck 10000 iters at S=100 (final stage). Stopping at iter 68614.
Stuck 10000 iters at S=100 (final stage). Stopping at iter 68615.
Stuck 10000 iters at S=100 (final stage). Stopping at iter 68616.
Stuck 10000 iters at S=100 (final stage). Stopping at iter 68617.
Stuck 10000 iters at S=100 (final stage). Stopping at iter 68618.
Stuck 10000 iters at S=100 (final stage). Stopping at iter 68619.
Stuck 10000 iters at S=100 (final stage). Stopping at iter 68620.
Stuck 10000 iters at S=100 (final stage). Stopping at iter 68621.
Stuck 10000 iters at S=100 (final stage). Stopping at iter 68622.
Stuck 10000 iters at S=100 (final stage). Stopping at iter 68623.
Stuck 10000 iters at S=100 (final stage). Stopping at iter 68624.
Stuck 10000 iters at S=100 (final stage). Stopping at iter 68625.
Stuck 10000 iters at S=100 (final stage). Stopping at iter 68626.
Stuck 10000 iters at S=100 (final stage). Stopping at iter 68627.
Stuck 10000 iters at S=100 (final stage). Stopping at iter 68628.
Stuck 10000 iters at S=100 (final stage). Stopping at iter 68629.
Stuck 10000 iters at S=100 (final stage). Stopping at iter 68630.
Stuck 10000 iters at S=100 (final stage). Stopping at iter 68631.
Stuck 10000 iters at S=100 (final stage). Stopping at iter 68632.
Stuck 10000 iters at S=100 (final stage). Stopping at iter 68633.
Stuck 10000 iters at S=100 (final stage). Stopping at iter 68634.
Stuck 10000 iters at S=100 (final stage). Stopping at iter 68635.
Stuck 10000 iters at S=100 (final stage). Stopping at iter 68636.
Stuck 10000 iters at S=100 (final stage). Stopping at iter 68637.
Stuck 10000 iters at S=100 (final stage). Stopping at iter 68638.
Stuck 10000 iters at S=100 (final stage). Stopping at iter 68639.
Stuck 10000 iters at S=100 (final stage). Stopping at iter 68640.
Stuck 10000 iters at S=100 (final stage). Stopping at iter 68641.
Stuck 10000 iters at S=100 (final stage). Stopping at iter 68642.
Stuck 10000 iters at S=100 (final stage). Stopping at iter 68643.
Stuck 10000 iters at S=100 (final stage). Stopping at iter 68644.
Stuck 10000 iters at S=100 (final stage). Stopping at iter 68645.
Stuck 10000 iters at S=100 (final stage). Stopping at iter 68646.
Stuck 10000 iters at S=100 (final stage). Stopping at iter 68647.
Stuck 10000 iters at S=100 (final stage). Stopping at iter 68648.
Stuck 10000 iters at S=100 (final stage). Stopping at iter 68649.
Stuck 10000 iters at S=100 (final stage). Stopping at iter 68650.
Stuck 10000 iters at S=100 (final stage). Stopping at iter 68651.
Stuck 10000 iters at S=100 (final stage). Stopping at iter 68652.
Stuck 10000 iters at S=100 (final stage). Stopping at iter 68653.
Stuck 10000 iters at S=100 (final stage). Stopping at iter 68654.
Stuck 10000 iters at S=100 (final stage). Stopping at iter 68655.
Stuck 10000 iters at S=100 (final stage). Stopping at iter 68656.
Stuck 10000 iters at S=100 (final stage). Stopping at iter 68657.
Stuck 10000 iters at S=100 (final stage). Stopping at iter 68658.
Stuck 10000 iters at S=100 (final stage). Stopping at iter 68659.
Stuck 10000 iters at S=100 (final stage). Stopping at iter 68660.
Stuck 10000 iters at S=100 (final stage). Stopping at iter 68661.
Stuck 10000 iters at S=100 (final stage). Stopping at iter 68662.
Stuck 10000 iters at S=100 (final stage). Stopping at iter 68663.
Stuck 10000 iters at S=100 (final stage). Stopping at iter 68664.
Stuck 10000 iters at S=100 (final stage). Stopping at iter 68665.
Stuck 10000 iters at S=100 (final stage). Stopping at iter 68666.
Stuck 10000 iters at S=100 (final stage). Stopping at iter 68667.
Stuck 10000 iters at S=100 (final stage). Stopping at iter 68668.
Stuck 10000 iters at S=100 (final stage). Stopping at iter 68669.
Stuck 10000 iters at S=100 (final stage). Stopping at iter 68670.
Stuck 10000 iters at S=100 (final stage). Stopping at iter 68671.
Stuck 10000 iters at S=100 (final stage). Stopping at iter 68672.
Stuck 10000 iters at S=100 (final stage). Stopping at iter 68673.
Stuck 10000 iters at S=100 (final stage). Stopping at iter 68674.
Stuck 10000 iters at S=100 (final stage). Stopping at iter 68675.
Stuck 10000 iters at S=100 (final stage). Stopping at iter 68676.
Stuck 10000 iters at S=100 (final stage). Stopping at iter 68677.
Stuck 10000 iters at S=100 (final stage). Stopping at iter 68678.
Stuck 10000 iters at S=100 (final stage). Stopping at iter 68679.
Stuck 10000 iters at S=100 (final stage). Stopping at iter 68680.
Stuck 10000 iters at S=100 (final stage). Stopping at iter 68681.
Stuck 10000 iters at S=100 (final stage). Stopping at iter 68682.
Stuck 10000 iters at S=100 (final stage). Stopping at iter 68683.
Stuck 10000 iters at S=100 (final stage). Stopping at iter 68684.
Stuck 10000 iters at S=100 (final stage). Stopping at iter 68685.
Stuck 10000 iters at S=100 (final stage). Stopping at iter 68686.
Stuck 10000 iters at S=100 (final stage). Stopping at iter 68687.
Stuck 10000 iters at S=100 (final stage). Stopping at iter 68688.
Stuck 10000 iters at S=100 (final stage). Stopping at iter 68689.
Stuck 10000 iters at S=100 (final stage). Stopping at iter 68690.
Stuck 10000 iters at S=100 (final stage). Stopping at iter 68691.
Stuck 10000 iters at S=100 (final stage). Stopping at iter 68692.
Stuck 10000 iters at S=100 (final stage). Stopping at iter 68693.
Stuck 10000 iters at S=100 (final stage). Stopping at iter 68694.
Stuck 10000 iters at S=100 (final stage). Stopping at iter 68695.
Stuck 10000 iters at S=100 (final stage). Stopping at iter 68696.
Stuck 10000 iters at S=100 (final stage). Stopping at iter 68697.
Stuck 10000 iters at S=100 (final stage). Stopping at iter 68698.
Stuck 10000 iters at S=100 (final stage). Stopping at iter 68699.
Stuck 10000 iters at S=100 (final stage). Stopping at iter 68700.
Stuck 10000 iters at S=100 (final stage). Stopping at iter 68701.
Stuck 10000 iters at S=100 (final stage). Stopping at iter 68702.
Stuck 10000 iters at S=100 (final stage). Stopping at iter 68703.
Stuck 10000 iters at S=100 (final stage). Stopping at iter 68704.
Stuck 10000 iters at S=100 (final stage). Stopping at iter 68705.
Stuck 10000 iters at S=100 (final stage). Stopping at iter 68706.
Stuck 10000 iters at S=100 (final stage). Stopping at iter 68707.
Stuck 10000 iters at S=100 (final stage). Stopping at iter 68708.
Stuck 10000 iters at S=100 (final stage). Stopping at iter 68709.
Stuck 10000 iters at S=100 (final stage). Stopping at iter 68710.
Stuck 10000 iters at S=100 (final stage). Stopping at iter 68711.
Stuck 10000 iters at S=100 (final stage). Stopping at iter 68712.
Stuck 10000 iters at S=100 (final stage). Stopping at iter 68713.
Stuck 10000 iters at S=100 (final stage). Stopping at iter 68714.
Stuck 10000 iters at S=100 (final stage). Stopping at iter 68715.
Stuck 10000 iters at S=100 (final stage). Stopping at iter 68716.
Stuck 10000 iters at S=100 (final stage). Stopping at iter 68717.
Stuck 10000 iters at S=100 (final stage). Stopping at iter 68718.
Stuck 10000 iters at S=100 (final stage). Stopping at iter 68719.
Stuck 10000 iters at S=100 (final stage). Stopping at iter 68720.
Stuck 10000 iters at S=100 (final stage). Stopping at iter 68721.
Stuck 10000 iters at S=100 (final stage). Stopping at iter 68722.
Stuck 10000 iters at S=100 (final stage). Stopping at iter 68723.
Stuck 10000 iters at S=100 (final stage). Stopping at iter 68724.
Stuck 10000 iters at S=100 (final stage). Stopping at iter 68725.
Stuck 10000 iters at S=100 (final stage). Stopping at iter 68726.
Stuck 10000 iters at S=100 (final stage). Stopping at iter 68727.
Stuck 10000 iters at S=100 (final stage). Stopping at iter 68728.
Stuck 10000 iters at S=100 (final stage). Stopping at iter 68729.
Stuck 10000 iters at S=100 (final stage). Stopping at iter 68730.
Stuck 10000 iters at S=100 (final stage). Stopping at iter 68731.
Stuck 10000 iters at S=100 (final stage). Stopping at iter 68732.
Stuck 10000 iters at S=100 (final stage). Stopping at iter 68733.
Stuck 10000 iters at S=100 (final stage). Stopping at iter 68734.
Stuck 10000 iters at S=100 (final stage). Stopping at iter 68735.
Stuck 10000 iters at S=100 (final stage). Stopping at iter 68736.
Stuck 10000 iters at S=100 (final stage). Stopping at iter 68737.
Stuck 10000 iters at S=100 (final stage). Stopping at iter 68738.
Stuck 10000 iters at S=100 (final stage). Stopping at iter 68739.
Stuck 10000 iters at S=100 (final stage). Stopping at iter 68740.
Stuck 10000 iters at S=100 (final stage). Stopping at iter 68741.
Stuck 10000 iters at S=100 (final stage). Stopping at iter 68742.
Stuck 10000 iters at S=100 (final stage). Stopping at iter 68743.
Stuck 10000 iters at S=100 (final stage). Stopping at iter 68744.
Stuck 10000 iters at S=100 (final stage). Stopping at iter 68745.
Stuck 10000 iters at S=100 (final stage). Stopping at iter 68746.
Stuck 10000 iters at S=100 (final stage). Stopping at iter 68747.
Stuck 10000 iters at S=100 (final stage). Stopping at iter 68748.
Stuck 10000 iters at S=100 (final stage). Stopping at iter 68749.
Stuck 10000 iters at S=100 (final stage). Stopping at iter 68750.
Stuck 10000 iters at S=100 (final stage). Stopping at iter 68751.
Stuck 10000 iters at S=100 (final stage). Stopping at iter 68752.
Stuck 10000 iters at S=100 (final stage). Stopping at iter 68753.
Stuck 10000 iters at S=100 (final stage). Stopping at iter 68754.
Stuck 10000 iters at S=100 (final stage). Stopping at iter 68755.
Stuck 10000 iters at S=100 (final stage). Stopping at iter 68756.
Stuck 10000 iters at S=100 (final stage). Stopping at iter 68757.
Stuck 10000 iters at S=100 (final stage). Stopping at iter 68758.
Stuck 10000 iters at S=100 (final stage). Stopping at iter 68759.
Stuck 10000 iters at S=100 (final stage). Stopping at iter 68760.
Stuck 10000 iters at S=100 (final stage). Stopping at iter 68761.
Stuck 10000 iters at S=100 (final stage). Stopping at iter 68762.
Stuck 10000 iters at S=100 (final stage). Stopping at iter 68763.
Stuck 10000 iters at S=100 (final stage). Stopping at iter 68764.
Stuck 10000 iters at S=100 (final stage). Stopping at iter 68765.
Stuck 10000 iters at S=100 (final stage). Stopping at iter 68766.
Stuck 10000 iters at S=100 (final stage). Stopping at iter 68767.
Stuck 10000 iters at S=100 (final stage). Stopping at iter 68768.
Stuck 10000 iters at S=100 (final stage). Stopping at iter 68769.
Stuck 10000 iters at S=100 (final stage). Stopping at iter 68770.
Stuck 10000 iters at S=100 (final stage). Stopping at iter 68771.
Stuck 10000 iters at S=100 (final stage). Stopping at iter 68772.
Stuck 10000 iters at S=100 (final stage). Stopping at iter 68773.
Stuck 10000 iters at S=100 (final stage). Stopping at iter 68774.
Stuck 10000 iters at S=100 (final stage). Stopping at iter 68775.
Stuck 10000 iters at S=100 (final stage). Stopping at iter 68776.
Stuck 10000 iters at S=100 (final stage). Stopping at iter 68777.
Stuck 10000 iters at S=100 (final stage). Stopping at iter 68778.
Stuck 10000 iters at S=100 (final stage). Stopping at iter 68779.
Stuck 10000 iters at S=100 (final stage). Stopping at iter 68780.
Stuck 10000 iters at S=100 (final stage). Stopping at iter 68781.
Stuck 10000 iters at S=100 (final stage). Stopping at iter 68782.
Stuck 10000 iters at S=100 (final stage). Stopping at iter 68783.
Stuck 10000 iters at S=100 (final stage). Stopping at iter 68784.
Stuck 10000 iters at S=100 (final stage). Stopping at iter 68785.
Stuck 10000 iters at S=100 (final stage). Stopping at iter 68786.
Stuck 10000 iters at S=100 (final stage). Stopping at iter 68787.
Stuck 10000 iters at S=100 (final stage). Stopping at iter 68788.
Stuck 10000 iters at S=100 (final stage). Stopping at iter 68789.
Stuck 10000 iters at S=100 (final stage). Stopping at iter 68790.
Stuck 10000 iters at S=100 (final stage). Stopping at iter 68791.
Stuck 10000 iters at S=100 (final stage). Stopping at iter 68792.
Stuck 10000 iters at S=100 (final stage). Stopping at iter 68793.
Stuck 10000 iters at S=100 (final stage). Stopping at iter 68794.
Stuck 10000 iters at S=100 (final stage). Stopping at iter 68795.
Stuck 10000 iters at S=100 (final stage). Stopping at iter 68796.
Stuck 10000 iters at S=100 (final stage). Stopping at iter 68797.
Stuck 10000 iters at S=100 (final stage). Stopping at iter 68798.
Stuck 10000 iters at S=100 (final stage). Stopping at iter 68799.
Stuck 10000 iters at S=100 (final stage). Stopping at iter 68800.
Stuck 10000 iters at S=100 (final stage). Stopping at iter 68801.
Stuck 10000 iters at S=100 (final stage). Stopping at iter 68802.
Stuck 10000 iters at S=100 (final stage). Stopping at iter 68803.
Stuck 10000 iters at S=100 (final stage). Stopping at iter 68804.
Stuck 10000 iters at S=100 (final stage). Stopping at iter 68805.
Stuck 10000 iters at S=100 (final stage). Stopping at iter 68806.
Stuck 10000 iters at S=100 (final stage). Stopping at iter 68807.
Stuck 10000 iters at S=100 (final stage). Stopping at iter 68808.
Stuck 10000 iters at S=100 (final stage). Stopping at iter 68809.
Stuck 10000 iters at S=100 (final stage). Stopping at iter 68810.
Stuck 10000 iters at S=100 (final stage). Stopping at iter 68811.
Stuck 10000 iters at S=100 (final stage). Stopping at iter 68812.
Stuck 10000 iters at S=100 (final stage). Stopping at iter 68813.
Stuck 10000 iters at S=100 (final stage). Stopping at iter 68814.
Stuck 10000 iters at S=100 (final stage). Stopping at iter 68815.
Stuck 10000 iters at S=100 (final stage). Stopping at iter 68816.
Stuck 10000 iters at S=100 (final stage). Stopping at iter 68817.
Stuck 10000 iters at S=100 (final stage). Stopping at iter 68818.
Stuck 10000 iters at S=100 (final stage). Stopping at iter 68819.
Stuck 10000 iters at S=100 (final stage). Stopping at iter 68820.
Stuck 10000 iters at S=100 (final stage). Stopping at iter 68821.
Stuck 10000 iters at S=100 (final stage). Stopping at iter 68822.
Stuck 10000 iters at S=100 (final stage). Stopping at iter 68823.
Stuck 10000 iters at S=100 (final stage). Stopping at iter 68824.
Stuck 10000 iters at S=100 (final stage). Stopping at iter 68825.
Stuck 10000 iters at S=100 (final stage). Stopping at iter 68826.
Stuck 10000 iters at S=100 (final stage). Stopping at iter 68827.
Stuck 10000 iters at S=100 (final stage). Stopping at iter 68828.
Stuck 10000 iters at S=100 (final stage). Stopping at iter 68829.
Stuck 10000 iters at S=100 (final stage). Stopping at iter 68830.
Stuck 10000 iters at S=100 (final stage). Stopping at iter 68831.
Stuck 10000 iters at S=100 (final stage). Stopping at iter 68832.
Stuck 10000 iters at S=100 (final stage). Stopping at iter 68833.
Stuck 10000 iters at S=100 (final stage). Stopping at iter 68834.
Stuck 10000 iters at S=100 (final stage). Stopping at iter 68835.
Stuck 10000 iters at S=100 (final stage). Stopping at iter 68836.
Stuck 10000 iters at S=100 (final stage). Stopping at iter 68837.
Stuck 10000 iters at S=100 (final stage). Stopping at iter 68838.
Stuck 10000 iters at S=100 (final stage). Stopping at iter 68839.
Stuck 10000 iters at S=100 (final stage). Stopping at iter 68840.
Stuck 10000 iters at S=100 (final stage). Stopping at iter 68841.
Stuck 10000 iters at S=100 (final stage). Stopping at iter 68842.
Stuck 10000 iters at S=100 (final stage). Stopping at iter 68843.
Stuck 10000 iters at S=100 (final stage). Stopping at iter 68844.
Stuck 10000 iters at S=100 (final stage). Stopping at iter 68845.
Stuck 10000 iters at S=100 (final stage). Stopping at iter 68846.
Stuck 10000 iters at S=100 (final stage). Stopping at iter 68847.
Stuck 10000 iters at S=100 (final stage). Stopping at iter 68848.
Stuck 10000 iters at S=100 (final stage). Stopping at iter 68849.
Stuck 10000 iters at S=100 (final stage). Stopping at iter 68850.
Stuck 10000 iters at S=100 (final stage). Stopping at iter 68851.
Stuck 10000 iters at S=100 (final stage). Stopping at iter 68852.
Stuck 10000 iters at S=100 (final stage). Stopping at iter 68853.
Stuck 10000 iters at S=100 (final stage). Stopping at iter 68854.
Stuck 10000 iters at S=100 (final stage). Stopping at iter 68855.
Stuck 10000 iters at S=100 (final stage). Stopping at iter 68856.
Stuck 10000 iters at S=100 (final stage). Stopping at iter 68857.
Stuck 10000 iters at S=100 (final stage). Stopping at iter 68858.
Stuck 10000 iters at S=100 (final stage). Stopping at iter 68859.
Stuck 10000 iters at S=100 (final stage). Stopping at iter 68860.
Stuck 10000 iters at S=100 (final stage). Stopping at iter 68861.
Stuck 10000 iters at S=100 (final stage). Stopping at iter 68862.
Stuck 10000 iters at S=100 (final stage). Stopping at iter 68863.
Stuck 10000 iters at S=100 (final stage). Stopping at iter 68864.
Stuck 10000 iters at S=100 (final stage). Stopping at iter 68865.
Stuck 10000 iters at S=100 (final stage). Stopping at iter 68866.
Stuck 10000 iters at S=100 (final stage). Stopping at iter 68867.
Stuck 10000 iters at S=100 (final stage). Stopping at iter 68868.
Stuck 10000 iters at S=100 (final stage). Stopping at iter 68869.
Stuck 10000 iters at S=100 (final stage). Stopping at iter 68870.
Stuck 10000 iters at S=100 (final stage). Stopping at iter 68871.
Stuck 10000 iters at S=100 (final stage). Stopping at iter 68872.
Stuck 10000 iters at S=100 (final stage). Stopping at iter 68873.
Stuck 10000 iters at S=100 (final stage). Stopping at iter 68874.
Stuck 10000 iters at S=100 (final stage). Stopping at iter 68875.
Stuck 10000 iters at S=100 (final stage). Stopping at iter 68876.
Stuck 10000 iters at S=100 (final stage). Stopping at iter 68877.
Stuck 10000 iters at S=100 (final stage). Stopping at iter 68878.
Stuck 10000 iters at S=100 (final stage). Stopping at iter 68879.
Stuck 10000 iters at S=100 (final stage). Stopping at iter 68880.
Stuck 10000 iters at S=100 (final stage). Stopping at iter 68881.
Stuck 10000 iters at S=100 (final stage). Stopping at iter 68882.
Stuck 10000 iters at S=100 (final stage). Stopping at iter 68883.
Stuck 10000 iters at S=100 (final stage). Stopping at iter 68884.
Stuck 10000 iters at S=100 (final stage). Stopping at iter 68885.
Stuck 10000 iters at S=100 (final stage). Stopping at iter 68886.
Stuck 10000 iters at S=100 (final stage). Stopping at iter 68887.
Stuck 10000 iters at S=100 (final stage). Stopping at iter 68888.
Stuck 10000 iters at S=100 (final stage). Stopping at iter 68889.
Stuck 10000 iters at S=100 (final stage). Stopping at iter 68890.
Stuck 10000 iters at S=100 (final stage). Stopping at iter 68891.
Stuck 10000 iters at S=100 (final stage). Stopping at iter 68892.
Stuck 10000 iters at S=100 (final stage). Stopping at iter 68893.
Stuck 10000 iters at S=100 (final stage). Stopping at iter 68894.
Stuck 10000 iters at S=100 (final stage). Stopping at iter 68895.
Stuck 10000 iters at S=100 (final stage). Stopping at iter 68896.
Stuck 10000 iters at S=100 (final stage). Stopping at iter 68897.
Stuck 10000 iters at S=100 (final stage). Stopping at iter 68898.
Stuck 10000 iters at S=100 (final stage). Stopping at iter 68899.
Stuck 10000 iters at S=100 (final stage). Stopping at iter 68900.
Stuck 10000 iters at S=100 (final stage). Stopping at iter 68901.
Stuck 10000 iters at S=100 (final stage). Stopping at iter 68902.
Stuck 10000 iters at S=100 (final stage). Stopping at iter 68903.
Stuck 10000 iters at S=100 (final stage). Stopping at iter 68904.
Stuck 10000 iters at S=100 (final stage). Stopping at iter 68905.
Stuck 10000 iters at S=100 (final stage). Stopping at iter 68906.
Stuck 10000 iters at S=100 (final stage). Stopping at iter 68907.
Stuck 10000 iters at S=100 (final stage). Stopping at iter 68908.
Stuck 10000 iters at S=100 (final stage). Stopping at iter 68909.
Stuck 10000 iters at S=100 (final stage). Stopping at iter 68910.
Stuck 10000 iters at S=100 (final stage). Stopping at iter 68911.
Stuck 10000 iters at S=100 (final stage). Stopping at iter 68912.
Stuck 10000 iters at S=100 (final stage). Stopping at iter 68913.
Stuck 10000 iters at S=100 (final stage). Stopping at iter 68914.
Stuck 10000 iters at S=100 (final stage). Stopping at iter 68915.
Stuck 10000 iters at S=100 (final stage). Stopping at iter 68916.
Stuck 10000 iters at S=100 (final stage). Stopping at iter 68917.
Stuck 10000 iters at S=100 (final stage). Stopping at iter 68918.
Stuck 10000 iters at S=100 (final stage). Stopping at iter 68919.
Stuck 10000 iters at S=100 (final stage). Stopping at iter 68920.
Stuck 10000 iters at S=100 (final stage). Stopping at iter 68921.
Stuck 10000 iters at S=100 (final stage). Stopping at iter 68922.
Stuck 10000 iters at S=100 (final stage). Stopping at iter 68923.
Stuck 10000 iters at S=100 (final stage). Stopping at iter 68924.
Stuck 10000 iters at S=100 (final stage). Stopping at iter 68925.
Stuck 10000 iters at S=100 (final stage). Stopping at iter 68926.
Stuck 10000 iters at S=100 (final stage). Stopping at iter 68927.
Stuck 10000 iters at S=100 (final stage). Stopping at iter 68928.
Stuck 10000 iters at S=100 (final stage). Stopping at iter 68929.
Stuck 10000 iters at S=100 (final stage). Stopping at iter 68930.
Stuck 10000 iters at S=100 (final stage). Stopping at iter 68931.
Stuck 10000 iters at S=100 (final stage). Stopping at iter 68932.
Stuck 10000 iters at S=100 (final stage). Stopping at iter 68933.
Stuck 10000 iters at S=100 (final stage). Stopping at iter 68934.
Stuck 10000 iters at S=100 (final stage). Stopping at iter 68935.
Stuck 10000 iters at S=100 (final stage). Stopping at iter 68936.
Stuck 10000 iters at S=100 (final stage). Stopping at iter 68937.
Stuck 10000 iters at S=100 (final stage). Stopping at iter 68938.
Stuck 10000 iters at S=100 (final stage). Stopping at iter 68939.
Stuck 10000 iters at S=100 (final stage). Stopping at iter 68940.
Stuck 10000 iters at S=100 (final stage). Stopping at iter 68941.
Stuck 10000 iters at S=100 (final stage). Stopping at iter 68942.
Stuck 10000 iters at S=100 (final stage). Stopping at iter 68943.
Stuck 10000 iters at S=100 (final stage). Stopping at iter 68944.
Stuck 10000 iters at S=100 (final stage). Stopping at iter 68945.
Stuck 10000 iters at S=100 (final stage). Stopping at iter 68946.
Stuck 10000 iters at S=100 (final stage). Stopping at iter 68947.
Stuck 10000 iters at S=100 (final stage). Stopping at iter 68948.
Stuck 10000 iters at S=100 (final stage). Stopping at iter 68949.
Stuck 10000 iters at S=100 (final stage). Stopping at iter 68950.
Stuck 10000 iters at S=100 (final stage). Stopping at iter 68951.
Stuck 10000 iters at S=100 (final stage). Stopping at iter 68952.
Stuck 10000 iters at S=100 (final stage). Stopping at iter 68953.
Stuck 10000 iters at S=100 (final stage). Stopping at iter 68954.
Stuck 10000 iters at S=100 (final stage). Stopping at iter 68955.
Stuck 10000 iters at S=100 (final stage). Stopping at iter 68956.
Stuck 10000 iters at S=100 (final stage). Stopping at iter 68957.
Stuck 10000 iters at S=100 (final stage). Stopping at iter 68958.
Stuck 10000 iters at S=100 (final stage). Stopping at iter 68959.
Stuck 10000 iters at S=100 (final stage). Stopping at iter 68960.
Stuck 10000 iters at S=100 (final stage). Stopping at iter 68961.
Stuck 10000 iters at S=100 (final stage). Stopping at iter 68962.
Stuck 10000 iters at S=100 (final stage). Stopping at iter 68963.
Stuck 10000 iters at S=100 (final stage). Stopping at iter 68964.
Stuck 10000 iters at S=100 (final stage). Stopping at iter 68965.
Stuck 10000 iters at S=100 (final stage). Stopping at iter 68966.
Stuck 10000 iters at S=100 (final stage). Stopping at iter 68967.
Stuck 10000 iters at S=100 (final stage). Stopping at iter 68968.
Stuck 10000 iters at S=100 (final stage). Stopping at iter 68969.
Stuck 10000 iters at S=100 (final stage). Stopping at iter 68970.
Stuck 10000 iters at S=100 (final stage). Stopping at iter 68971.
Stuck 10000 iters at S=100 (final stage). Stopping at iter 68972.
Stuck 10000 iters at S=100 (final stage). Stopping at iter 68973.
Stuck 10000 iters at S=100 (final stage). Stopping at iter 68974.
Stuck 10000 iters at S=100 (final stage). Stopping at iter 68975.
Stuck 10000 iters at S=100 (final stage). Stopping at iter 68976.
Stuck 10000 iters at S=100 (final stage). Stopping at iter 68977.
Stuck 10000 iters at S=100 (final stage). Stopping at iter 68978.
Stuck 10000 iters at S=100 (final stage). Stopping at iter 68979.
Stuck 10000 iters at S=100 (final stage). Stopping at iter 68980.
Stuck 10000 iters at S=100 (final stage). Stopping at iter 68981.
Stuck 10000 iters at S=100 (final stage). Stopping at iter 68982.
Stuck 10000 iters at S=100 (final stage). Stopping at iter 68983.
Stuck 10000 iters at S=100 (final stage). Stopping at iter 68984.
Stuck 10000 iters at S=100 (final stage). Stopping at iter 68985.
Stuck 10000 iters at S=100 (final stage). Stopping at iter 68986.
Stuck 10000 iters at S=100 (final stage). Stopping at iter 68987.
Stuck 10000 iters at S=100 (final stage). Stopping at iter 68988.
Stuck 10000 iters at S=100 (final stage). Stopping at iter 68989.
Stuck 10000 iters at S=100 (final stage). Stopping at iter 68990.
Stuck 10000 iters at S=100 (final stage). Stopping at iter 68991.
Stuck 10000 iters at S=100 (final stage). Stopping at iter 68992.
Stuck 10000 iters at S=100 (final stage). Stopping at iter 68993.
Stuck 10000 iters at S=100 (final stage). Stopping at iter 68994.
Stuck 10000 iters at S=100 (final stage). Stopping at iter 68995.
Stuck 10000 iters at S=100 (final stage). Stopping at iter 68996.
Stuck 10000 iters at S=100 (final stage). Stopping at iter 68997.
Stuck 10000 iters at S=100 (final stage). Stopping at iter 68998.
Stuck 10000 iters at S=100 (final stage). Stopping at iter 68999.
Stuck 10000 iters at S=100 (final stage). Stopping at iter 69000.
Stuck 10000 iters at S=100 (final stage). Stopping at iter 69001.
Stuck 10000 iters at S=100 (final stage). Stopping at iter 69002.
Stuck 10000 iters at S=100 (final stage). Stopping at iter 69003.
Stuck 10000 iters at S=100 (final stage). Stopping at iter 69004.
Stuck 10000 iters at S=100 (final stage). Stopping at iter 69005.
Stuck 10000 iters at S=100 (final stage). Stopping at iter 69006.
Stuck 10000 iters at S=100 (final stage). Stopping at iter 69007.
Stuck 10000 iters at S=100 (final stage). Stopping at iter 69008.
Stuck 10000 iters at S=100 (final stage). Stopping at iter 69009.
Stuck 10000 iters at S=100 (final stage). Stopping at iter 69010.
Stuck 10000 iters at S=100 (final stage). Stopping at iter 69011.
Stuck 10000 iters at S=100 (final stage). Stopping at iter 69012.
Stuck 10000 iters at S=100 (final stage). Stopping at iter 69013.
Stuck 10000 iters at S=100 (final stage). Stopping at iter 69014.
Stuck 10000 iters at S=100 (final stage). Stopping at iter 69015.
Stuck 10000 iters at S=100 (final stage). Stopping at iter 69016.
Stuck 10000 iters at S=100 (final stage). Stopping at iter 69017.
Stuck 10000 iters at S=100 (final stage). Stopping at iter 69018.
Stuck 10000 iters at S=100 (final stage). Stopping at iter 69019.
Stuck 10000 iters at S=100 (final stage). Stopping at iter 69020.
Stuck 10000 iters at S=100 (final stage). Stopping at iter 69021.
Stuck 10000 iters at S=100 (final stage). Stopping at iter 69022.
Stuck 10000 iters at S=100 (final stage). Stopping at iter 69023.
Stuck 10000 iters at S=100 (final stage). Stopping at iter 69024.
Stuck 10000 iters at S=100 (final stage). Stopping at iter 69025.
Stuck 10000 iters at S=100 (final stage). Stopping at iter 69026.
Stuck 10000 iters at S=100 (final stage). Stopping at iter 69027.
Stuck 10000 iters at S=100 (final stage). Stopping at iter 69028.
Stuck 10000 iters at S=100 (final stage). Stopping at iter 69029.
Stuck 10000 iters at S=100 (final stage). Stopping at iter 69030.
Stuck 10000 iters at S=100 (final stage). Stopping at iter 69031.
Stuck 10000 iters at S=100 (final stage). Stopping at iter 69032.
Stuck 10000 iters at S=100 (final stage). Stopping at iter 69033.
Stuck 10000 iters at S=100 (final stage). Stopping at iter 69034.
Stuck 10000 iters at S=100 (final stage). Stopping at iter 69035.
Stuck 10000 iters at S=100 (final stage). Stopping at iter 69036.
Stuck 10000 iters at S=100 (final stage). Stopping at iter 69037.
Stuck 10000 iters at S=100 (final stage). Stopping at iter 69038.
Stuck 10000 iters at S=100 (final stage). Stopping at iter 69039.
Stuck 10000 iters at S=100 (final stage). Stopping at iter 69040.
Stuck 10000 iters at S=100 (final stage). Stopping at iter 69041.
Stuck 10000 iters at S=100 (final stage). Stopping at iter 69042.
Stuck 10000 iters at S=100 (final stage). Stopping at iter 69043.
Stuck 10000 iters at S=100 (final stage). Stopping at iter 69044.
Stuck 10000 iters at S=100 (final stage). Stopping at iter 69045.
Stuck 10000 iters at S=100 (final stage). Stopping at iter 69046.
Stuck 10000 iters at S=100 (final stage). Stopping at iter 69047.
Stuck 10000 iters at S=100 (final stage). Stopping at iter 69048.
Stuck 10000 iters at S=100 (final stage). Stopping at iter 69049.
Stuck 10000 iters at S=100 (final stage). Stopping at iter 69050.
Stuck 10000 iters at S=100 (final stage). Stopping at iter 69051.
Stuck 10000 iters at S=100 (final stage). Stopping at iter 69052.
Stuck 10000 iters at S=100 (final stage). Stopping at iter 69053.
Stuck 10000 iters at S=100 (final stage). Stopping at iter 69054.
Stuck 10000 iters at S=100 (final stage). Stopping at iter 69055.
Stuck 10000 iters at S=100 (final stage). Stopping at iter 69056.
Stuck 10000 iters at S=100 (final stage). Stopping at iter 69057.
Stuck 10000 iters at S=100 (final stage). Stopping at iter 69058.
Stuck 10000 iters at S=100 (final stage). Stopping at iter 69059.
Stuck 10000 iters at S=100 (final stage). Stopping at iter 69060.
Stuck 10000 iters at S=100 (final stage). Stopping at iter 69061.
Stuck 10000 iters at S=100 (final stage). Stopping at iter 69062.
Stuck 10000 iters at S=100 (final stage). Stopping at iter 69063.
Stuck 10000 iters at S=100 (final stage). Stopping at iter 69064.
Stuck 10000 iters at S=100 (final stage). Stopping at iter 69065.
Stuck 10000 iters at S=100 (final stage). Stopping at iter 69066.
Stuck 10000 iters at S=100 (final stage). Stopping at iter 69067.
Stuck 10000 iters at S=100 (final stage). Stopping at iter 69068.
Stuck 10000 iters at S=100 (final stage). Stopping at iter 69069.
Stuck 10000 iters at S=100 (final stage). Stopping at iter 69070.
Stuck 10000 iters at S=100 (final stage). Stopping at iter 69071.
Stuck 10000 iters at S=100 (final stage). Stopping at iter 69072.
Stuck 10000 iters at S=100 (final stage). Stopping at iter 69073.
Stuck 10000 iters at S=100 (final stage). Stopping at iter 69074.
Stuck 10000 iters at S=100 (final stage). Stopping at iter 69075.
Stuck 10000 iters at S=100 (final stage). Stopping at iter 69076.
Stuck 10000 iters at S=100 (final stage). Stopping at iter 69077.
Stuck 10000 iters at S=100 (final stage). Stopping at iter 69078.
Stuck 10000 iters at S=100 (final stage). Stopping at iter 69079.
Stuck 10000 iters at S=100 (final stage). Stopping at iter 69080.
Stuck 10000 iters at S=100 (final stage). Stopping at iter 69081.
Stuck 10000 iters at S=100 (final stage). Stopping at iter 69082.
Stuck 10000 iters at S=100 (final stage). Stopping at iter 69083.
Stuck 10000 iters at S=100 (final stage). Stopping at iter 69084.
Stuck 10000 iters at S=100 (final stage). Stopping at iter 69085.
Stuck 10000 iters at S=100 (final stage). Stopping at iter 69086.
Stuck 10000 iters at S=100 (final stage). Stopping at iter 69087.
Stuck 10000 iters at S=100 (final stage). Stopping at iter 69088.
Stuck 10000 iters at S=100 (final stage). Stopping at iter 69089.
Stuck 10000 iters at S=100 (final stage). Stopping at iter 69090.
Stuck 10000 iters at S=100 (final stage). Stopping at iter 69091.
Stuck 10000 iters at S=100 (final stage). Stopping at iter 69092.
Stuck 10000 iters at S=100 (final stage). Stopping at iter 69093.
Stuck 10000 iters at S=100 (final stage). Stopping at iter 69094.
Stuck 10000 iters at S=100 (final stage). Stopping at iter 69095.
Stuck 10000 iters at S=100 (final stage). Stopping at iter 69096.
Stuck 10000 iters at S=100 (final stage). Stopping at iter 69097.
Stuck 10000 iters at S=100 (final stage). Stopping at iter 69098.
Stuck 10000 iters at S=100 (final stage). Stopping at iter 69099.
Stuck 10000 iters at S=100 (final stage). Stopping at iter 69100.
Stuck 10000 iters at S=100 (final stage). Stopping at iter 69101.
Stuck 10000 iters at S=100 (final stage). Stopping at iter 69102.
Stuck 10000 iters at S=100 (final stage). Stopping at iter 69103.
Stuck 10000 iters at S=100 (final stage). Stopping at iter 69104.
Stuck 10000 iters at S=100 (final stage). Stopping at iter 69105.
Stuck 10000 iters at S=100 (final stage). Stopping at iter 69106.
Stuck 10000 iters at S=100 (final stage). Stopping at iter 69107.
Stuck 10000 iters at S=100 (final stage). Stopping at iter 69108.
Stuck 10000 iters at S=100 (final stage). Stopping at iter 69109.
Stuck 10000 iters at S=100 (final stage). Stopping at iter 69110.
Stuck 10000 iters at S=100 (final stage). Stopping at iter 69111.
Stuck 10000 iters at S=100 (final stage). Stopping at iter 69112.
Stuck 10000 iters at S=100 (final stage). Stopping at iter 69113.
Stuck 10000 iters at S=100 (final stage). Stopping at iter 69114.
Stuck 10000 iters at S=100 (final stage). Stopping at iter 69115.
Stuck 10000 iters at S=100 (final stage). Stopping at iter 69116.
Stuck 10000 iters at S=100 (final stage). Stopping at iter 69117.
Stuck 10000 iters at S=100 (final stage). Stopping at iter 69118.
Stuck 10000 iters at S=100 (final stage). Stopping at iter 69119.
Stuck 10000 iters at S=100 (final stage). Stopping at iter 69120.
Stuck 10000 iters at S=100 (final stage). Stopping at iter 69121.
Stuck 10000 iters at S=100 (final stage). Stopping at iter 69122.
Stuck 10000 iters at S=100 (final stage). Stopping at iter 69123.
Stuck 10000 iters at S=100 (final stage). Stopping at iter 69124.
Stuck 10000 iters at S=100 (final stage). Stopping at iter 69125.
Stuck 10000 iters at S=100 (final stage). Stopping at iter 69126.
Stuck 10000 iters at S=100 (final stage). Stopping at iter 69127.
Stuck 10000 iters at S=100 (final stage). Stopping at iter 69128.
Stuck 10000 iters at S=100 (final stage). Stopping at iter 69129.
Stuck 10000 iters at S=100 (final stage). Stopping at iter 69130.
Stuck 10000 iters at S=100 (final stage). Stopping at iter 69131.
Stuck 10000 iters at S=100 (final stage). Stopping at iter 69132.
Stuck 10000 iters at S=100 (final stage). Stopping at iter 69133.
Stuck 10000 iters at S=100 (final stage). Stopping at iter 69134.
Stuck 10000 iters at S=100 (final stage). Stopping at iter 69135.
Stuck 10000 iters at S=100 (final stage). Stopping at iter 69136.
Stuck 10000 iters at S=100 (final stage). Stopping at iter 69137.
Stuck 10000 iters at S=100 (final stage). Stopping at iter 69138.
Stuck 10000 iters at S=100 (final stage). Stopping at iter 69139.
Stuck 10000 iters at S=100 (final stage). Stopping at iter 69140.
Stuck 10000 iters at S=100 (final stage). Stopping at iter 69141.
Stuck 10000 iters at S=100 (final stage). Stopping at iter 69142.
Stuck 10000 iters at S=100 (final stage). Stopping at iter 69143.
Stuck 10000 iters at S=100 (final stage). Stopping at iter 69144.
Stuck 10000 iters at S=100 (final stage). Stopping at iter 69145.
Stuck 10000 iters at S=100 (final stage). Stopping at iter 69146.
Stuck 10000 iters at S=100 (final stage). Stopping at iter 69147.
Stuck 10000 iters at S=100 (final stage). Stopping at iter 69148.
Stuck 10000 iters at S=100 (final stage). Stopping at iter 69149.
Stuck 10000 iters at S=100 (final stage). Stopping at iter 69150.
Stuck 10000 iters at S=100 (final stage). Stopping at iter 69151.
Stuck 10000 iters at S=100 (final stage). Stopping at iter 69152.
Stuck 10000 iters at S=100 (final stage). Stopping at iter 69153.
Stuck 10000 iters at S=100 (final stage). Stopping at iter 69154.
Stuck 10000 iters at S=100 (final stage). Stopping at iter 69155.
Stuck 10000 iters at S=100 (final stage). Stopping at iter 69156.
Stuck 10000 iters at S=100 (final stage). Stopping at iter 69157.
Stuck 10000 iters at S=100 (final stage). Stopping at iter 69158.
Stuck 10000 iters at S=100 (final stage). Stopping at iter 69159.
Stuck 10000 iters at S=100 (final stage). Stopping at iter 69160.
Stuck 10000 iters at S=100 (final stage). Stopping at iter 69161.
Stuck 10000 iters at S=100 (final stage). Stopping at iter 69162.
Stuck 10000 iters at S=100 (final stage). Stopping at iter 69163.
Stuck 10000 iters at S=100 (final stage). Stopping at iter 69164.
Stuck 10000 iters at S=100 (final stage). Stopping at iter 69165.
Stuck 10000 iters at S=100 (final stage). Stopping at iter 69166.
Stuck 10000 iters at S=100 (final stage). Stopping at iter 69167.
Stuck 10000 iters at S=100 (final stage). Stopping at iter 69168.
Stuck 10000 iters at S=100 (final stage). Stopping at iter 69169.
Stuck 10000 iters at S=100 (final stage). Stopping at iter 69170.
Stuck 10000 iters at S=100 (final stage). Stopping at iter 69171.
Stuck 10000 iters at S=100 (final stage). Stopping at iter 69172.
Stuck 10000 iters at S=100 (final stage). Stopping at iter 69173.
Stuck 10000 iters at S=100 (final stage). Stopping at iter 69174.
Stuck 10000 iters at S=100 (final stage). Stopping at iter 69175.
Stuck 10000 iters at S=100 (final stage). Stopping at iter 69176.
Stuck 10000 iters at S=100 (final stage). Stopping at iter 69177.
Stuck 10000 iters at S=100 (final stage). Stopping at iter 69178.
Stuck 10000 iters at S=100 (final stage). Stopping at iter 69179.
Stuck 10000 iters at S=100 (final stage). Stopping at iter 69180.
Stuck 10000 iters at S=100 (final stage). Stopping at iter 69181.
Stuck 10000 iters at S=100 (final stage). Stopping at iter 69182.
Stuck 10000 iters at S=100 (final stage). Stopping at iter 69183.
Stuck 10000 iters at S=100 (final stage). Stopping at iter 69184.
Stuck 10000 iters at S=100 (final stage). Stopping at iter 69185.
Stuck 10000 iters at S=100 (final stage). Stopping at iter 69186.
Stuck 10000 iters at S=100 (final stage). Stopping at iter 69187.
Stuck 10000 iters at S=100 (final stage). Stopping at iter 69188.
Stuck 10000 iters at S=100 (final stage). Stopping at iter 69189.
Stuck 10000 iters at S=100 (final stage). Stopping at iter 69190.
Stuck 10000 iters at S=100 (final stage). Stopping at iter 69191.
Stuck 10000 iters at S=100 (final stage). Stopping at iter 69192.
Stuck 10000 iters at S=100 (final stage). Stopping at iter 69193.
Stuck 10000 iters at S=100 (final stage). Stopping at iter 69194.
Stuck 10000 iters at S=100 (final stage). Stopping at iter 69195.
Stuck 10000 iters at S=100 (final stage). Stopping at iter 69196.
Stuck 10000 iters at S=100 (final stage). Stopping at iter 69197.
Stuck 10000 iters at S=100 (final stage). Stopping at iter 69198.
Stuck 10000 iters at S=100 (final stage). Stopping at iter 69199.
Stuck 10000 iters at S=100 (final stage). Stopping at iter 69200.
Stuck 10000 iters at S=100 (final stage). Stopping at iter 69201.
Stuck 10000 iters at S=100 (final stage). Stopping at iter 69202.
Stuck 10000 iters at S=100 (final stage). Stopping at iter 69203.
Stuck 10000 iters at S=100 (final stage). Stopping at iter 69204.
Stuck 10000 iters at S=100 (final stage). Stopping at iter 69205.
Stuck 10000 iters at S=100 (final stage). Stopping at iter 69206.
Stuck 10000 iters at S=100 (final stage). Stopping at iter 69207.
Stuck 10000 iters at S=100 (final stage). Stopping at iter 69208.
Stuck 10000 iters at S=100 (final stage). Stopping at iter 69209.
Stuck 10000 iters at S=100 (final stage). Stopping at iter 69210.
Stuck 10000 iters at S=100 (final stage). Stopping at iter 69211.
Stuck 10000 iters at S=100 (final stage). Stopping at iter 69212.
Stuck 10000 iters at S=100 (final stage). Stopping at iter 69213.
Stuck 10000 iters at S=100 (final stage). Stopping at iter 69214.
Stuck 10000 iters at S=100 (final stage). Stopping at iter 69215.
Stuck 10000 iters at S=100 (final stage). Stopping at iter 69216.
Stuck 10000 iters at S=100 (final stage). Stopping at iter 69217.
Stuck 10000 iters at S=100 (final stage). Stopping at iter 69218.
Stuck 10000 iters at S=100 (final stage). Stopping at iter 69219.
Stuck 10000 iters at S=100 (final stage). Stopping at iter 69220.
Stuck 10000 iters at S=100 (final stage). Stopping at iter 69221.
Stuck 10000 iters at S=100 (final stage). Stopping at iter 69222.
Stuck 10000 iters at S=100 (final stage). Stopping at iter 69223.
Stuck 10000 iters at S=100 (final stage). Stopping at iter 69224.
Stuck 10000 iters at S=100 (final stage). Stopping at iter 69225.
Stuck 10000 iters at S=100 (final stage). Stopping at iter 69226.
Stuck 10000 iters at S=100 (final stage). Stopping at iter 69227.
Stuck 10000 iters at S=100 (final stage). Stopping at iter 69228.
Stuck 10000 iters at S=100 (final stage). Stopping at iter 69229.
Stuck 10000 iters at S=100 (final stage). Stopping at iter 69230.
Stuck 10000 iters at S=100 (final stage). Stopping at iter 69231.
Stuck 10000 iters at S=100 (final stage). Stopping at iter 69232.
Stuck 10000 iters at S=100 (final stage). Stopping at iter 69233.
Stuck 10000 iters at S=100 (final stage). Stopping at iter 69234.
Stuck 10000 iters at S=100 (final stage). Stopping at iter 69235.
Stuck 10000 iters at S=100 (final stage). Stopping at iter 69236.
Stuck 10000 iters at S=100 (final stage). Stopping at iter 69237.
Stuck 10000 iters at S=100 (final stage). Stopping at iter 69238.
Stuck 10000 iters at S=100 (final stage). Stopping at iter 69239.
Stuck 10000 iters at S=100 (final stage). Stopping at iter 69240.
Stuck 10000 iters at S=100 (final stage). Stopping at iter 69241.
Stuck 10000 iters at S=100 (final stage). Stopping at iter 69242.
Stuck 10000 iters at S=100 (final stage). Stopping at iter 69243.
Stuck 10000 iters at S=100 (final stage). Stopping at iter 69244.
Stuck 10000 iters at S=100 (final stage). Stopping at iter 69245.
Stuck 10000 iters at S=100 (final stage). Stopping at iter 69246.
Stuck 10000 iters at S=100 (final stage). Stopping at iter 69247.
Stuck 10000 iters at S=100 (final stage). Stopping at iter 69248.
Stuck 10000 iters at S=100 (final stage). Stopping at iter 69249.
Stuck 10000 iters at S=100 (final stage). Stopping at iter 69250.
Stuck 10000 iters at S=100 (final stage). Stopping at iter 69251.
Stuck 10000 iters at S=100 (final stage). Stopping at iter 69252.
Stuck 10000 iters at S=100 (final stage). Stopping at iter 69253.
Stuck 10000 iters at S=100 (final stage). Stopping at iter 69254.
Stuck 10000 iters at S=100 (final stage). Stopping at iter 69255.
Stuck 10000 iters at S=100 (final stage). Stopping at iter 69256.
Stuck 10000 iters at S=100 (final stage). Stopping at iter 69257.
Stuck 10000 iters at S=100 (final stage). Stopping at iter 69258.
Stuck 10000 iters at S=100 (final stage). Stopping at iter 69259.
Stuck 10000 iters at S=100 (final stage). Stopping at iter 69260.
Stuck 10000 iters at S=100 (final stage). Stopping at iter 69261.
Stuck 10000 iters at S=100 (final stage). Stopping at iter 69262.
Stuck 10000 iters at S=100 (final stage). Stopping at iter 69263.
Stuck 10000 iters at S=100 (final stage). Stopping at iter 69264.
Stuck 10000 iters at S=100 (final stage). Stopping at iter 69265.
Stuck 10000 iters at S=100 (final stage). Stopping at iter 69266.
Stuck 10000 iters at S=100 (final stage). Stopping at iter 69267.
Stuck 10000 iters at S=100 (final stage). Stopping at iter 69268.
Stuck 10000 iters at S=100 (final stage). Stopping at iter 69269.
Stuck 10000 iters at S=100 (final stage). Stopping at iter 69270.
Stuck 10000 iters at S=100 (final stage). Stopping at iter 69271.
Stuck 10000 iters at S=100 (final stage). Stopping at iter 69272.
Stuck 10000 iters at S=100 (final stage). Stopping at iter 69273.
Stuck 10000 iters at S=100 (final stage). Stopping at iter 69274.
Stuck 10000 iters at S=100 (final stage). Stopping at iter 69275.
Stuck 10000 iters at S=100 (final stage). Stopping at iter 69276.
Stuck 10000 iters at S=100 (final stage). Stopping at iter 69277.
Stuck 10000 iters at S=100 (final stage). Stopping at iter 69278.
Stuck 10000 iters at S=100 (final stage). Stopping at iter 69279.
Stuck 10000 iters at S=100 (final stage). Stopping at iter 69280.
Stuck 10000 iters at S=100 (final stage). Stopping at iter 69281.
Stuck 10000 iters at S=100 (final stage). Stopping at iter 69282.
Stuck 10000 iters at S=100 (final stage). Stopping at iter 69283.
Stuck 10000 iters at S=100 (final stage). Stopping at iter 69284.
Stuck 10000 iters at S=100 (final stage). Stopping at iter 69285.
Stuck 10000 iters at S=100 (final stage). Stopping at iter 69286.
Stuck 10000 iters at S=100 (final stage). Stopping at iter 69287.
Stuck 10000 iters at S=100 (final stage). Stopping at iter 69288.
Stuck 10000 iters at S=100 (final stage). Stopping at iter 69289.
Stuck 10000 iters at S=100 (final stage). Stopping at iter 69290.
Stuck 10000 iters at S=100 (final stage). Stopping at iter 69291.
Stuck 10000 iters at S=100 (final stage). Stopping at iter 69292.
Stuck 10000 iters at S=100 (final stage). Stopping at iter 69293.
Stuck 10000 iters at S=100 (final stage). Stopping at iter 69294.
Stuck 10000 iters at S=100 (final stage). Stopping at iter 69295.
Stuck 10000 iters at S=100 (final stage). Stopping at iter 69296.
Stuck 10000 iters at S=100 (final stage). Stopping at iter 69297.
Stuck 10000 iters at S=100 (final stage). Stopping at iter 69298.
Stuck 10000 iters at S=100 (final stage). Stopping at iter 69299.
Stuck 10000 iters at S=100 (final stage). Stopping at iter 69300.
Stuck 10000 iters at S=100 (final stage). Stopping at iter 69301.
Stuck 10000 iters at S=100 (final stage). Stopping at iter 69302.
Stuck 10000 iters at S=100 (final stage). Stopping at iter 69303.
Stuck 10000 iters at S=100 (final stage). Stopping at iter 69304.
Stuck 10000 iters at S=100 (final stage). Stopping at iter 69305.
Stuck 10000 iters at S=100 (final stage). Stopping at iter 69306.
Stuck 10000 iters at S=100 (final stage). Stopping at iter 69307.
Stuck 10000 iters at S=100 (final stage). Stopping at iter 69308.
Stuck 10000 iters at S=100 (final stage). Stopping at iter 69309.
Stuck 10000 iters at S=100 (final stage). Stopping at iter 69310.
Stuck 10000 iters at S=100 (final stage). Stopping at iter 69311.
Stuck 10000 iters at S=100 (final stage). Stopping at iter 69312.
Stuck 10000 iters at S=100 (final stage). Stopping at iter 69313.
Stuck 10000 iters at S=100 (final stage). Stopping at iter 69314.
Stuck 10000 iters at S=100 (final stage). Stopping at iter 69315.
Stuck 10000 iters at S=100 (final stage). Stopping at iter 69316.
Stuck 10000 iters at S=100 (final stage). Stopping at iter 69317.
Stuck 10000 iters at S=100 (final stage). Stopping at iter 69318.
Stuck 10000 iters at S=100 (final stage). Stopping at iter 69319.
Stuck 10000 iters at S=100 (final stage). Stopping at iter 69320.
Stuck 10000 iters at S=100 (final stage). Stopping at iter 69321.
Stuck 10000 iters at S=100 (final stage). Stopping at iter 69322.
Stuck 10000 iters at S=100 (final stage). Stopping at iter 69323.
Stuck 10000 iters at S=100 (final stage). Stopping at iter 69324.
Stuck 10000 iters at S=100 (final stage). Stopping at iter 69325.
Stuck 10000 iters at S=100 (final stage). Stopping at iter 69326.
Stuck 10000 iters at S=100 (final stage). Stopping at iter 69327.
Stuck 10000 iters at S=100 (final stage). Stopping at iter 69328.
Stuck 10000 iters at S=100 (final stage). Stopping at iter 69329.
Stuck 10000 iters at S=100 (final stage). Stopping at iter 69330.
Stuck 10000 iters at S=100 (final stage). Stopping at iter 69331.
Stuck 10000 iters at S=100 (final stage). Stopping at iter 69332.
Stuck 10000 iters at S=100 (final stage). Stopping at iter 69333.
Stuck 10000 iters at S=100 (final stage). Stopping at iter 69334.
Stuck 10000 iters at S=100 (final stage). Stopping at iter 69335.
Stuck 10000 iters at S=100 (final stage). Stopping at iter 69336.
Stuck 10000 iters at S=100 (final stage). Stopping at iter 69337.
Stuck 10000 iters at S=100 (final stage). Stopping at iter 69338.
Stuck 10000 iters at S=100 (final stage). Stopping at iter 69339.
Stuck 10000 iters at S=100 (final stage). Stopping at iter 69340.
Stuck 10000 iters at S=100 (final stage). Stopping at iter 69341.
Stuck 10000 iters at S=100 (final stage). Stopping at iter 69342.
Stuck 10000 iters at S=100 (final stage). Stopping at iter 69343.
Stuck 10000 iters at S=100 (final stage). Stopping at iter 69344.
Stuck 10000 iters at S=100 (final stage). Stopping at iter 69345.
Stuck 10000 iters at S=100 (final stage). Stopping at iter 69346.
Stuck 10000 iters at S=100 (final stage). Stopping at iter 69347.
Stuck 10000 iters at S=100 (final stage). Stopping at iter 69348.
Stuck 10000 iters at S=100 (final stage). Stopping at iter 69349.
Stuck 10000 iters at S=100 (final stage). Stopping at iter 69350.
Stuck 10000 iters at S=100 (final stage). Stopping at iter 69351.
Stuck 10000 iters at S=100 (final stage). Stopping at iter 69352.
Stuck 10000 iters at S=100 (final stage). Stopping at iter 69353.
Stuck 10000 iters at S=100 (final stage). Stopping at iter 69354.
Stuck 10000 iters at S=100 (final stage). Stopping at iter 69355.
Stuck 10000 iters at S=100 (final stage). Stopping at iter 69356.
Stuck 10000 iters at S=100 (final stage). Stopping at iter 69357.
Stuck 10000 iters at S=100 (final stage). Stopping at iter 69358.
Stuck 10000 iters at S=100 (final stage). Stopping at iter 69359.
Stuck 10000 iters at S=100 (final stage). Stopping at iter 69360.
Stuck 10000 iters at S=100 (final stage). Stopping at iter 69361.
Stuck 10000 iters at S=100 (final stage). Stopping at iter 69362.
Stuck 10000 iters at S=100 (final stage). Stopping at iter 69363.
Stuck 10000 iters at S=100 (final stage). Stopping at iter 69364.
Stuck 10000 iters at S=100 (final stage). Stopping at iter 69365.
Stuck 10000 iters at S=100 (final stage). Stopping at iter 69366.
Stuck 10000 iters at S=100 (final stage). Stopping at iter 69367.
Stuck 10000 iters at S=100 (final stage). Stopping at iter 69368.
Stuck 10000 iters at S=100 (final stage). Stopping at iter 69369.
Stuck 10000 iters at S=100 (final stage). Stopping at iter 69370.
Stuck 10000 iters at S=100 (final stage). Stopping at iter 69371.
Stuck 10000 iters at S=100 (final stage). Stopping at iter 69372.
Stuck 10000 iters at S=100 (final stage). Stopping at iter 69373.
Stuck 10000 iters at S=100 (final stage). Stopping at iter 69374.
Stuck 10000 iters at S=100 (final stage). Stopping at iter 69375.
Stuck 10000 iters at S=100 (final stage). Stopping at iter 69376.
Stuck 10000 iters at S=100 (final stage). Stopping at iter 69377.
Stuck 10000 iters at S=100 (final stage). Stopping at iter 69378.
Stuck 10000 iters at S=100 (final stage). Stopping at iter 69379.
Stuck 10000 iters at S=100 (final stage). Stopping at iter 69380.
Stuck 10000 iters at S=100 (final stage). Stopping at iter 69381.
Stuck 10000 iters at S=100 (final stage). Stopping at iter 69382.
Stuck 10000 iters at S=100 (final stage). Stopping at iter 69383.
Stuck 10000 iters at S=100 (final stage). Stopping at iter 69384.
Stuck 10000 iters at S=100 (final stage). Stopping at iter 69385.
Stuck 10000 iters at S=100 (final stage). Stopping at iter 69386.
Stuck 10000 iters at S=100 (final stage). Stopping at iter 69387.
Stuck 10000 iters at S=100 (final stage). Stopping at iter 69388.
Stuck 10000 iters at S=100 (final stage). Stopping at iter 69389.
Stuck 10000 iters at S=100 (final stage). Stopping at iter 69390.
Stuck 10000 iters at S=100 (final stage). Stopping at iter 69391.
Stuck 10000 iters at S=100 (final stage). Stopping at iter 69392.
Stuck 10000 iters at S=100 (final stage). Stopping at iter 69393.
Stuck 10000 iters at S=100 (final stage). Stopping at iter 69394.
Stuck 10000 iters at S=100 (final stage). Stopping at iter 69395.
Stuck 10000 iters at S=100 (final stage). Stopping at iter 69396.
Stuck 10000 iters at S=100 (final stage). Stopping at iter 69397.
Stuck 10000 iters at S=100 (final stage). Stopping at iter 69398.
Stuck 10000 iters at S=100 (final stage). Stopping at iter 69399.
Stuck 10000 iters at S=100 (final stage). Stopping at iter 69400.
Stuck 10000 iters at S=100 (final stage). Stopping at iter 69401.
Stuck 10000 iters at S=100 (final stage). Stopping at iter 69402.
Stuck 10000 iters at S=100 (final stage). Stopping at iter 69403.
Stuck 10000 iters at S=100 (final stage). Stopping at iter 69404.
Stuck 10000 iters at S=100 (final stage). Stopping at iter 69405.
Stuck 10000 iters at S=100 (final stage). Stopping at iter 69406.
Stuck 10000 iters at S=100 (final stage). Stopping at iter 69407.
Stuck 10000 iters at S=100 (final stage). Stopping at iter 69408.
Stuck 10000 iters at S=100 (final stage). Stopping at iter 69409.
Stuck 10000 iters at S=100 (final stage). Stopping at iter 69410.
Stuck 10000 iters at S=100 (final stage). Stopping at iter 69411.
Stuck 10000 iters at S=100 (final stage). Stopping at iter 69412.
Stuck 10000 iters at S=100 (final stage). Stopping at iter 69413.
Stuck 10000 iters at S=100 (final stage). Stopping at iter 69414.
Stuck 10000 iters at S=100 (final stage). Stopping at iter 69415.
Stuck 10000 iters at S=100 (final stage). Stopping at iter 69416.
Stuck 10000 iters at S=100 (final stage). Stopping at iter 69417.
Stuck 10000 iters at S=100 (final stage). Stopping at iter 69418.
Stuck 10000 iters at S=100 (final stage). Stopping at iter 69419.
Stuck 10000 iters at S=100 (final stage). Stopping at iter 69420.
Stuck 10000 iters at S=100 (final stage). Stopping at iter 69421.
Stuck 10000 iters at S=100 (final stage). Stopping at iter 69422.
Stuck 10000 iters at S=100 (final stage). Stopping at iter 69423.
Stuck 10000 iters at S=100 (final stage). Stopping at iter 69424.
Stuck 10000 iters at S=100 (final stage). Stopping at iter 69425.
Stuck 10000 iters at S=100 (final stage). Stopping at iter 69426.
Stuck 10000 iters at S=100 (final stage). Stopping at iter 69427.
Stuck 10000 iters at S=100 (final stage). Stopping at iter 69428.
Stuck 10000 iters at S=100 (final stage). Stopping at iter 69429.
Stuck 10000 iters at S=100 (final stage). Stopping at iter 69430.
Stuck 10000 iters at S=100 (final stage). Stopping at iter 69431.
Stuck 10000 iters at S=100 (final stage). Stopping at iter 69432.
Stuck 10000 iters at S=100 (final stage). Stopping at iter 69433.
Stuck 10000 iters at S=100 (final stage). Stopping at iter 69434.
Stuck 10000 iters at S=100 (final stage). Stopping at iter 69435.
Stuck 10000 iters at S=100 (final stage). Stopping at iter 69436.
Stuck 10000 iters at S=100 (final stage). Stopping at iter 69437.
Stuck 10000 iters at S=100 (final stage). Stopping at iter 69438.
Stuck 10000 iters at S=100 (final stage). Stopping at iter 69439.
Stuck 10000 iters at S=100 (final stage). Stopping at iter 69440.
Stuck 10000 iters at S=100 (final stage). Stopping at iter 69441.
Stuck 10000 iters at S=100 (final stage). Stopping at iter 69442.
Stuck 10000 iters at S=100 (final stage). Stopping at iter 69443.
Stuck 10000 iters at S=100 (final stage). Stopping at iter 69444.
Stuck 10000 iters at S=100 (final stage). Stopping at iter 69445.
Stuck 10000 iters at S=100 (final stage). Stopping at iter 69446.
Stuck 10000 iters at S=100 (final stage). Stopping at iter 69447.
Stuck 10000 iters at S=100 (final stage). Stopping at iter 69448.
Stuck 10000 iters at S=100 (final stage). Stopping at iter 69449.
Stuck 10000 iters at S=100 (final stage). Stopping at iter 69450.
Stuck 10000 iters at S=100 (final stage). Stopping at iter 69451.
Stuck 10000 iters at S=100 (final stage). Stopping at iter 69452.
Stuck 10000 iters at S=100 (final stage). Stopping at iter 69453.
Stuck 10000 iters at S=100 (final stage). Stopping at iter 69454.
Stuck 10000 iters at S=100 (final stage). Stopping at iter 69455.
Stuck 10000 iters at S=100 (final stage). Stopping at iter 69456.
Stuck 10000 iters at S=100 (final stage). Stopping at iter 69457.
Stuck 10000 iters at S=100 (final stage). Stopping at iter 69458.
Stuck 10000 iters at S=100 (final stage). Stopping at iter 69459.
Stuck 10000 iters at S=100 (final stage). Stopping at iter 69460.
Stuck 10000 iters at S=100 (final stage). Stopping at iter 69461.
Stuck 10000 iters at S=100 (final stage). Stopping at iter 69462.
Stuck 10000 iters at S=100 (final stage). Stopping at iter 69463.
Stuck 10000 iters at S=100 (final stage). Stopping at iter 69464.
Stuck 10000 iters at S=100 (final stage). Stopping at iter 69465.
Stuck 10000 iters at S=100 (final stage). Stopping at iter 69466.
Stuck 10000 iters at S=100 (final stage). Stopping at iter 69467.
Stuck 10000 iters at S=100 (final stage). Stopping at iter 69468.
Stuck 10000 iters at S=100 (final stage). Stopping at iter 69469.
Stuck 10000 iters at S=100 (final stage). Stopping at iter 69470.
Stuck 10000 iters at S=100 (final stage). Stopping at iter 69471.
Stuck 10000 iters at S=100 (final stage). Stopping at iter 69472.
Stuck 10000 iters at S=100 (final stage). Stopping at iter 69473.
Stuck 10000 iters at S=100 (final stage). Stopping at iter 69474.
Stuck 10000 iters at S=100 (final stage). Stopping at iter 69475.
Stuck 10000 iters at S=100 (final stage). Stopping at iter 69476.
Stuck 10000 iters at S=100 (final stage). Stopping at iter 69477.
Stuck 10000 iters at S=100 (final stage). Stopping at iter 69478.
Stuck 10000 iters at S=100 (final stage). Stopping at iter 69479.
Stuck 10000 iters at S=100 (final stage). Stopping at iter 69480.
Stuck 10000 iters at S=100 (final stage). Stopping at iter 69481.
Stuck 10000 iters at S=100 (final stage). Stopping at iter 69482.
Stuck 10000 iters at S=100 (final stage). Stopping at iter 69483.
Stuck 10000 iters at S=100 (final stage). Stopping at iter 69484.
Stuck 10000 iters at S=100 (final stage). Stopping at iter 69485.
Stuck 10000 iters at S=100 (final stage). Stopping at iter 69486.
Stuck 10000 iters at S=100 (final stage). Stopping at iter 69487.
Stuck 10000 iters at S=100 (final stage). Stopping at iter 69488.
Stuck 10000 iters at S=100 (final stage). Stopping at iter 69489.
Stuck 10000 iters at S=100 (final stage). Stopping at iter 69490.
Stuck 10000 iters at S=100 (final stage). Stopping at iter 69491.
Stuck 10000 iters at S=100 (final stage). Stopping at iter 69492.
Stuck 10000 iters at S=100 (final stage). Stopping at iter 69493.
Stuck 10000 iters at S=100 (final stage). Stopping at iter 69494.
Stuck 10000 iters at S=100 (final stage). Stopping at iter 69495.
Stuck 10000 iters at S=100 (final stage). Stopping at iter 69496.
Stuck 10000 iters at S=100 (final stage). Stopping at iter 69497.
Stuck 10000 iters at S=100 (final stage). Stopping at iter 69498.
Stuck 10000 iters at S=100 (final stage). Stopping at iter 69499.
Stuck 10000 iters at S=100 (final stage). Stopping at iter 69500.
Stuck 10000 iters at S=100 (final stage). Stopping at iter 69501.
Stuck 10000 iters at S=100 (final stage). Stopping at iter 69502.
Stuck 10000 iters at S=100 (final stage). Stopping at iter 69503.
Stuck 10000 iters at S=100 (final stage). Stopping at iter 69504.
Stuck 10000 iters at S=100 (final stage). Stopping at iter 69505.
Stuck 10000 iters at S=100 (final stage). Stopping at iter 69506.
Stuck 10000 iters at S=100 (final stage). Stopping at iter 69507.
Stuck 10000 iters at S=100 (final stage). Stopping at iter 69508.
Stuck 10000 iters at S=100 (final stage). Stopping at iter 69509.
Stuck 10000 iters at S=100 (final stage). Stopping at iter 69510.
Stuck 10000 iters at S=100 (final stage). Stopping at iter 69511.
Stuck 10000 iters at S=100 (final stage). Stopping at iter 69512.
Stuck 10000 iters at S=100 (final stage). Stopping at iter 69513.
Stuck 10000 iters at S=100 (final stage). Stopping at iter 69514.
Stuck 10000 iters at S=100 (final stage). Stopping at iter 69515.
Stuck 10000 iters at S=100 (final stage). Stopping at iter 69516.
Stuck 10000 iters at S=100 (final stage). Stopping at iter 69517.
Stuck 10000 iters at S=100 (final stage). Stopping at iter 69518.
Stuck 10000 iters at S=100 (final stage). Stopping at iter 69519.
Stuck 10000 iters at S=100 (final stage). Stopping at iter 69520.
Stuck 10000 iters at S=100 (final stage). Stopping at iter 69521.
Stuck 10000 iters at S=100 (final stage). Stopping at iter 69522.
Stuck 10000 iters at S=100 (final stage). Stopping at iter 69523.
Stuck 10000 iters at S=100 (final stage). Stopping at iter 69524.
Stuck 10000 iters at S=100 (final stage). Stopping at iter 69525.
Stuck 10000 iters at S=100 (final stage). Stopping at iter 69526.
Stuck 10000 iters at S=100 (final stage). Stopping at iter 69527.
Stuck 10000 iters at S=100 (final stage). Stopping at iter 69528.
Stuck 10000 iters at S=100 (final stage). Stopping at iter 69529.
Stuck 10000 iters at S=100 (final stage). Stopping at iter 69530.
Stuck 10000 iters at S=100 (final stage). Stopping at iter 69531.
Stuck 10000 iters at S=100 (final stage). Stopping at iter 69532.
Stuck 10000 iters at S=100 (final stage). Stopping at iter 69533.
Stuck 10000 iters at S=100 (final stage). Stopping at iter 69534.
Stuck 10000 iters at S=100 (final stage). Stopping at iter 69535.
Stuck 10000 iters at S=100 (final stage). Stopping at iter 69536.
Stuck 10000 iters at S=100 (final stage). Stopping at iter 69537.
Stuck 10000 iters at S=100 (final stage). Stopping at iter 69538.
Stuck 10000 iters at S=100 (final stage). Stopping at iter 69539.
Stuck 10000 iters at S=100 (final stage). Stopping at iter 69540.
Stuck 10000 iters at S=100 (final stage). Stopping at iter 69541.
Stuck 10000 iters at S=100 (final stage). Stopping at iter 69542.
Stuck 10000 iters at S=100 (final stage). Stopping at iter 69543.
Stuck 10000 iters at S=100 (final stage). Stopping at iter 69544.
Stuck 10000 iters at S=100 (final stage). Stopping at iter 69545.
Stuck 10000 iters at S=100 (final stage). Stopping at iter 69546.
Stuck 10000 iters at S=100 (final stage). Stopping at iter 69547.
Stuck 10000 iters at S=100 (final stage). Stopping at iter 69548.
Stuck 10000 iters at S=100 (final stage). Stopping at iter 69549.
Stuck 10000 iters at S=100 (final stage). Stopping at iter 69550.
Stuck 10000 iters at S=100 (final stage). Stopping at iter 69551.
Stuck 10000 iters at S=100 (final stage). Stopping at iter 69552.
Stuck 10000 iters at S=100 (final stage). Stopping at iter 69553.
Stuck 10000 iters at S=100 (final stage). Stopping at iter 69554.
Stuck 10000 iters at S=100 (final stage). Stopping at iter 69555.
Stuck 10000 iters at S=100 (final stage). Stopping at iter 69556.
Stuck 10000 iters at S=100 (final stage). Stopping at iter 69557.
Stuck 10000 iters at S=100 (final stage). Stopping at iter 69558.
Stuck 10000 iters at S=100 (final stage). Stopping at iter 69559.
Stuck 10000 iters at S=100 (final stage). Stopping at iter 69560.
Stuck 10000 iters at S=100 (final stage). Stopping at iter 69561.
Stuck 10000 iters at S=100 (final stage). Stopping at iter 69562.
Stuck 10000 iters at S=100 (final stage). Stopping at iter 69563.
Stuck 10000 iters at S=100 (final stage). Stopping at iter 69564.
Stuck 10000 iters at S=100 (final stage). Stopping at iter 69565.
Stuck 10000 iters at S=100 (final stage). Stopping at iter 69566.
Stuck 10000 iters at S=100 (final stage). Stopping at iter 69567.
Stuck 10000 iters at S=100 (final stage). Stopping at iter 69568.
Stuck 10000 iters at S=100 (final stage). Stopping at iter 69569.
Stuck 10000 iters at S=100 (final stage). Stopping at iter 69570.
Stuck 10000 iters at S=100 (final stage). Stopping at iter 69571.
Stuck 10000 iters at S=100 (final stage). Stopping at iter 69572.
Stuck 10000 iters at S=100 (final stage). Stopping at iter 69573.
Stuck 10000 iters at S=100 (final stage). Stopping at iter 69574.
Stuck 10000 iters at S=100 (final stage). Stopping at iter 69575.
Stuck 10000 iters at S=100 (final stage). Stopping at iter 69576.
Stuck 10000 iters at S=100 (final stage). Stopping at iter 69577.
Stuck 10000 iters at S=100 (final stage). Stopping at iter 69578.
Stuck 10000 iters at S=100 (final stage). Stopping at iter 69579.
Stuck 10000 iters at S=100 (final stage). Stopping at iter 69580.
Stuck 10000 iters at S=100 (final stage). Stopping at iter 69581.
Stuck 10000 iters at S=100 (final stage). Stopping at iter 69582.
Stuck 10000 iters at S=100 (final stage). Stopping at iter 69583.
Stuck 10000 iters at S=100 (final stage). Stopping at iter 69584.
Stuck 10000 iters at S=100 (final stage). Stopping at iter 69585.
Stuck 10000 iters at S=100 (final stage). Stopping at iter 69586.
Stuck 10000 iters at S=100 (final stage). Stopping at iter 69587.
Stuck 10000 iters at S=100 (final stage). Stopping at iter 69588.
Stuck 10000 iters at S=100 (final stage). Stopping at iter 69589.
Stuck 10000 iters at S=100 (final stage). Stopping at iter 69590.
Stuck 10000 iters at S=100 (final stage). Stopping at iter 69591.
Stuck 10000 iters at S=100 (final stage). Stopping at iter 69592.
Stuck 10000 iters at S=100 (final stage). Stopping at iter 69593.
Stuck 10000 iters at S=100 (final stage). Stopping at iter 69594.
Stuck 10000 iters at S=100 (final stage). Stopping at iter 69595.
Stuck 10000 iters at S=100 (final stage). Stopping at iter 69596.
Stuck 10000 iters at S=100 (final stage). Stopping at iter 69597.
Stuck 10000 iters at S=100 (final stage). Stopping at iter 69598.
Stuck 10000 iters at S=100 (final stage). Stopping at iter 69599.
Stuck 10000 iters at S=100 (final stage). Stopping at iter 69600.
Stuck 10000 iters at S=100 (final stage). Stopping at iter 69601.
Stuck 10000 iters at S=100 (final stage). Stopping at iter 69602.
Stuck 10000 iters at S=100 (final stage). Stopping at iter 69603.
Stuck 10000 iters at S=100 (final stage). Stopping at iter 69604.
Stuck 10000 iters at S=100 (final stage). Stopping at iter 69605.
Stuck 10000 iters at S=100 (final stage). Stopping at iter 69606.
Stuck 10000 iters at S=100 (final stage). Stopping at iter 69607.
Stuck 10000 iters at S=100 (final stage). Stopping at iter 69608.
Stuck 10000 iters at S=100 (final stage). Stopping at iter 69609.
Stuck 10000 iters at S=100 (final stage). Stopping at iter 69610.
Stuck 10000 iters at S=100 (final stage). Stopping at iter 69611.
Stuck 10000 iters at S=100 (final stage). Stopping at iter 69612.
Stuck 10000 iters at S=100 (final stage). Stopping at iter 69613.
Stuck 10000 iters at S=100 (final stage). Stopping at iter 69614.
Stuck 10000 iters at S=100 (final stage). Stopping at iter 69615.
Stuck 10000 iters at S=100 (final stage). Stopping at iter 69616.
Stuck 10000 iters at S=100 (final stage). Stopping at iter 69617.
Stuck 10000 iters at S=100 (final stage). Stopping at iter 69618.
Stuck 10000 iters at S=100 (final stage). Stopping at iter 69619.
Stuck 10000 iters at S=100 (final stage). Stopping at iter 69620.
Stuck 10000 iters at S=100 (final stage). Stopping at iter 69621.
Stuck 10000 iters at S=100 (final stage). Stopping at iter 69622.
Stuck 10000 iters at S=100 (final stage). Stopping at iter 69623.
Stuck 10000 iters at S=100 (final stage). Stopping at iter 69624.
Stuck 10000 iters at S=100 (final stage). Stopping at iter 69625.
Stuck 10000 iters at S=100 (final stage). Stopping at iter 69626.
Stuck 10000 iters at S=100 (final stage). Stopping at iter 69627.
Stuck 10000 iters at S=100 (final stage). Stopping at iter 69628.
Stuck 10000 iters at S=100 (final stage). Stopping at iter 69629.
Stuck 10000 iters at S=100 (final stage). Stopping at iter 69630.
Stuck 10000 iters at S=100 (final stage). Stopping at iter 69631.
Stuck 10000 iters at S=100 (final stage). Stopping at iter 69632.
Stuck 10000 iters at S=100 (final stage). Stopping at iter 69633.
Stuck 10000 iters at S=100 (final stage). Stopping at iter 69634.
Stuck 10000 iters at S=100 (final stage). Stopping at iter 69635.
Stuck 10000 iters at S=100 (final stage). Stopping at iter 69636.
Stuck 10000 iters at S=100 (final stage). Stopping at iter 69637.
Stuck 10000 iters at S=100 (final stage). Stopping at iter 69638.
Stuck 10000 iters at S=100 (final stage). Stopping at iter 69639.
Stuck 10000 iters at S=100 (final stage). Stopping at iter 69640.
Stuck 10000 iters at S=100 (final stage). Stopping at iter 69641.
Stuck 10000 iters at S=100 (final stage). Stopping at iter 69642.
Stuck 10000 iters at S=100 (final stage). Stopping at iter 69643.
Stuck 10000 iters at S=100 (final stage). Stopping at iter 69644.
Stuck 10000 iters at S=100 (final stage). Stopping at iter 69645.
Stuck 10000 iters at S=100 (final stage). Stopping at iter 69646.
Stuck 10000 iters at S=100 (final stage). Stopping at iter 69647.
Stuck 10000 iters at S=100 (final stage). Stopping at iter 69648.
Stuck 10000 iters at S=100 (final stage). Stopping at iter 69649.
Stuck 10000 iters at S=100 (final stage). Stopping at iter 69650.
Stuck 10000 iters at S=100 (final stage). Stopping at iter 69651.
Stuck 10000 iters at S=100 (final stage). Stopping at iter 69652.
Stuck 10000 iters at S=100 (final stage). Stopping at iter 69653.
Stuck 10000 iters at S=100 (final stage). Stopping at iter 69654.
Stuck 10000 iters at S=100 (final stage). Stopping at iter 69655.
Stuck 10000 iters at S=100 (final stage). Stopping at iter 69656.
Stuck 10000 iters at S=100 (final stage). Stopping at iter 69657.
Stuck 10000 iters at S=100 (final stage). Stopping at iter 69658.
Stuck 10000 iters at S=100 (final stage). Stopping at iter 69659.
Stuck 10000 iters at S=100 (final stage). Stopping at iter 69660.
Stuck 10000 iters at S=100 (final stage). Stopping at iter 69661.
Stuck 10000 iters at S=100 (final stage). Stopping at iter 69662.
Stuck 10000 iters at S=100 (final stage). Stopping at iter 69663.
Stuck 10000 iters at S=100 (final stage). Stopping at iter 69664.
Stuck 10000 iters at S=100 (final stage). Stopping at iter 69665.
Stuck 10000 iters at S=100 (final stage). Stopping at iter 69666.
Stuck 10000 iters at S=100 (final stage). Stopping at iter 69667.
Stuck 10000 iters at S=100 (final stage). Stopping at iter 69668.
Stuck 10000 iters at S=100 (final stage). Stopping at iter 69669.
Stuck 10000 iters at S=100 (final stage). Stopping at iter 69670.
Stuck 10000 iters at S=100 (final stage). Stopping at iter 69671.
Stuck 10000 iters at S=100 (final stage). Stopping at iter 69672.
Stuck 10000 iters at S=100 (final stage). Stopping at iter 69673.
Stuck 10000 iters at S=100 (final stage). Stopping at iter 69674.
Stuck 10000 iters at S=100 (final stage). Stopping at iter 69675.
Stuck 10000 iters at S=100 (final stage). Stopping at iter 69676.
Stuck 10000 iters at S=100 (final stage). Stopping at iter 69677.
Stuck 10000 iters at S=100 (final stage). Stopping at iter 69678.
Stuck 10000 iters at S=100 (final stage). Stopping at iter 69679.
Stuck 10000 iters at S=100 (final stage). Stopping at iter 69680.
Stuck 10000 iters at S=100 (final stage). Stopping at iter 69681.
Stuck 10000 iters at S=100 (final stage). Stopping at iter 69682.
Stuck 10000 iters at S=100 (final stage). Stopping at iter 69683.
Stuck 10000 iters at S=100 (final stage). Stopping at iter 69684.
Stuck 10000 iters at S=100 (final stage). Stopping at iter 69685.
Stuck 10000 iters at S=100 (final stage). Stopping at iter 69686.
Stuck 10000 iters at S=100 (final stage). Stopping at iter 69687.
Stuck 10000 iters at S=100 (final stage). Stopping at iter 69688.
Stuck 10000 iters at S=100 (final stage). Stopping at iter 69689.
Stuck 10000 iters at S=100 (final stage). Stopping at iter 69690.
Stuck 10000 iters at S=100 (final stage). Stopping at iter 69691.
Stuck 10000 iters at S=100 (final stage). Stopping at iter 69692.
Stuck 10000 iters at S=100 (final stage). Stopping at iter 69693.
Stuck 10000 iters at S=100 (final stage). Stopping at iter 69694.
Stuck 10000 iters at S=100 (final stage). Stopping at iter 69695.
Stuck 10000 iters at S=100 (final stage). Stopping at iter 69696.
Stuck 10000 iters at S=100 (final stage). Stopping at iter 69697.
Stuck 10000 iters at S=100 (final stage). Stopping at iter 69698.
Stuck 10000 iters at S=100 (final stage). Stopping at iter 69699.
Stuck 10000 iters at S=100 (final stage). Stopping at iter 69700.
Stuck 10000 iters at S=100 (final stage). Stopping at iter 69701.
Stuck 10000 iters at S=100 (final stage). Stopping at iter 69702.
Stuck 10000 iters at S=100 (final stage). Stopping at iter 69703.
Stuck 10000 iters at S=100 (final stage). Stopping at iter 69704.
Stuck 10000 iters at S=100 (final stage). Stopping at iter 69705.
Stuck 10000 iters at S=100 (final stage). Stopping at iter 69706.
Stuck 10000 iters at S=100 (final stage). Stopping at iter 69707.
Stuck 10000 iters at S=100 (final stage). Stopping at iter 69708.
Stuck 10000 iters at S=100 (final stage). Stopping at iter 69709.
Stuck 10000 iters at S=100 (final stage). Stopping at iter 69710.
Stuck 10000 iters at S=100 (final stage). Stopping at iter 69711.
Stuck 10000 iters at S=100 (final stage). Stopping at iter 69712.
Stuck 10000 iters at S=100 (final stage). Stopping at iter 69713.
Stuck 10000 iters at S=100 (final stage). Stopping at iter 69714.
Stuck 10000 iters at S=100 (final stage). Stopping at iter 69715.
Stuck 10000 iters at S=100 (final stage). Stopping at iter 69716.
Stuck 10000 iters at S=100 (final stage). Stopping at iter 69717.
Stuck 10000 iters at S=100 (final stage). Stopping at iter 69718.
Stuck 10000 iters at S=100 (final stage). Stopping at iter 69719.
Stuck 10000 iters at S=100 (final stage). Stopping at iter 69720.
Stuck 10000 iters at S=100 (final stage). Stopping at iter 69721.
Stuck 10000 iters at S=100 (final stage). Stopping at iter 69722.
Stuck 10000 iters at S=100 (final stage). Stopping at iter 69723.
Stuck 10000 iters at S=100 (final stage). Stopping at iter 69724.
Stuck 10000 iters at S=100 (final stage). Stopping at iter 69725.
Stuck 10000 iters at S=100 (final stage). Stopping at iter 69726.
Stuck 10000 iters at S=100 (final stage). Stopping at iter 69727.
Stuck 10000 iters at S=100 (final stage). Stopping at iter 69728.
Stuck 10000 iters at S=100 (final stage). Stopping at iter 69729.
Stuck 10000 iters at S=100 (final stage). Stopping at iter 69730.
Stuck 10000 iters at S=100 (final stage). Stopping at iter 69731.
Stuck 10000 iters at S=100 (final stage). Stopping at iter 69732.
Stuck 10000 iters at S=100 (final stage). Stopping at iter 69733.
Stuck 10000 iters at S=100 (final stage). Stopping at iter 69734.
Stuck 10000 iters at S=100 (final stage). Stopping at iter 69735.
Stuck 10000 iters at S=100 (final stage). Stopping at iter 69736.
Stuck 10000 iters at S=100 (final stage). Stopping at iter 69737.
Stuck 10000 iters at S=100 (final stage). Stopping at iter 69738.
Stuck 10000 iters at S=100 (final stage). Stopping at iter 69739.
Stuck 10000 iters at S=100 (final stage). Stopping at iter 69740.
Stuck 10000 iters at S=100 (final stage). Stopping at iter 69741.
Stuck 10000 iters at S=100 (final stage). Stopping at iter 69742.
Stuck 10000 iters at S=100 (final stage). Stopping at iter 69743.
Stuck 10000 iters at S=100 (final stage). Stopping at iter 69744.
Stuck 10000 iters at S=100 (final stage). Stopping at iter 69745.
Stuck 10000 iters at S=100 (final stage). Stopping at iter 69746.
Stuck 10000 iters at S=100 (final stage). Stopping at iter 69747.
Stuck 10000 iters at S=100 (final stage). Stopping at iter 69748.
Stuck 10000 iters at S=100 (final stage). Stopping at iter 69749.
Stuck 10000 iters at S=100 (final stage). Stopping at iter 69750.
Stuck 10000 iters at S=100 (final stage). Stopping at iter 69751.
Stuck 10000 iters at S=100 (final stage). Stopping at iter 69752.
Stuck 10000 iters at S=100 (final stage). Stopping at iter 69753.
Stuck 10000 iters at S=100 (final stage). Stopping at iter 69754.
Stuck 10000 iters at S=100 (final stage). Stopping at iter 69755.
Stuck 10000 iters at S=100 (final stage). Stopping at iter 69756.
Stuck 10000 iters at S=100 (final stage). Stopping at iter 69757.
Stuck 10000 iters at S=100 (final stage). Stopping at iter 69758.
Stuck 10000 iters at S=100 (final stage). Stopping at iter 69759.
Stuck 10000 iters at S=100 (final stage). Stopping at iter 69760.
Stuck 10000 iters at S=100 (final stage). Stopping at iter 69761.
Stuck 10000 iters at S=100 (final stage). Stopping at iter 69762.
Stuck 10000 iters at S=100 (final stage). Stopping at iter 69763.
Stuck 10000 iters at S=100 (final stage). Stopping at iter 69764.
Stuck 10000 iters at S=100 (final stage). Stopping at iter 69765.
Stuck 10000 iters at S=100 (final stage). Stopping at iter 69766.
Stuck 10000 iters at S=100 (final stage). Stopping at iter 69767.
Stuck 10000 iters at S=100 (final stage). Stopping at iter 69768.
Stuck 10000 iters at S=100 (final stage). Stopping at iter 69769.
Stuck 10000 iters at S=100 (final stage). Stopping at iter 69770.
Stuck 10000 iters at S=100 (final stage). Stopping at iter 69771.
Stuck 10000 iters at S=100 (final stage). Stopping at iter 69772.
Stuck 10000 iters at S=100 (final stage). Stopping at iter 69773.
Stuck 10000 iters at S=100 (final stage). Stopping at iter 69774.
Stuck 10000 iters at S=100 (final stage). Stopping at iter 69775.
Stuck 10000 iters at S=100 (final stage). Stopping at iter 69776.
Stuck 10000 iters at S=100 (final stage). Stopping at iter 69777.
Stuck 10000 iters at S=100 (final stage). Stopping at iter 69778.
Stuck 10000 iters at S=100 (final stage). Stopping at iter 69779.
Stuck 10000 iters at S=100 (final stage). Stopping at iter 69780.
Stuck 10000 iters at S=100 (final stage). Stopping at iter 69781.
Stuck 10000 iters at S=100 (final stage). Stopping at iter 69782.
Stuck 10000 iters at S=100 (final stage). Stopping at iter 69783.
Stuck 10000 iters at S=100 (final stage). Stopping at iter 69784.
Stuck 10000 iters at S=100 (final stage). Stopping at iter 69785.
Stuck 10000 iters at S=100 (final stage). Stopping at iter 69786.
Stuck 10000 iters at S=100 (final stage). Stopping at iter 69787.
Stuck 10000 iters at S=100 (final stage). Stopping at iter 69788.
Stuck 10000 iters at S=100 (final stage). Stopping at iter 69789.
Stuck 10000 iters at S=100 (final stage). Stopping at iter 69790.
Stuck 10000 iters at S=100 (final stage). Stopping at iter 69791.
Stuck 10000 iters at S=100 (final stage). Stopping at iter 69792.
Stuck 10000 iters at S=100 (final stage). Stopping at iter 69793.
Stuck 10000 iters at S=100 (final stage). Stopping at iter 69794.
Stuck 10000 iters at S=100 (final stage). Stopping at iter 69795.
Stuck 10000 iters at S=100 (final stage). Stopping at iter 69796.
Stuck 10000 iters at S=100 (final stage). Stopping at iter 69797.
Stuck 10000 iters at S=100 (final stage). Stopping at iter 69798.
Stuck 10000 iters at S=100 (final stage). Stopping at iter 69799.
Stuck 10000 iters at S=100 (final stage). Stopping at iter 69800.
Stuck 10000 iters at S=100 (final stage). Stopping at iter 69801.
Stuck 10000 iters at S=100 (final stage). Stopping at iter 69802.
Stuck 10000 iters at S=100 (final stage). Stopping at iter 69803.
Stuck 10000 iters at S=100 (final stage). Stopping at iter 69804.
Stuck 10000 iters at S=100 (final stage). Stopping at iter 69805.
Stuck 10000 iters at S=100 (final stage). Stopping at iter 69806.
Stuck 10000 iters at S=100 (final stage). Stopping at iter 69807.
Stuck 10000 iters at S=100 (final stage). Stopping at iter 69808.
Stuck 10000 iters at S=100 (final stage). Stopping at iter 69809.
Stuck 10000 iters at S=100 (final stage). Stopping at iter 69810.
Stuck 10000 iters at S=100 (final stage). Stopping at iter 69811.
Stuck 10000 iters at S=100 (final stage). Stopping at iter 69812.
Stuck 10000 iters at S=100 (final stage). Stopping at iter 69813.
Stuck 10000 iters at S=100 (final stage). Stopping at iter 69814.
Stuck 10000 iters at S=100 (final stage). Stopping at iter 69815.
Stuck 10000 iters at S=100 (final stage). Stopping at iter 69816.
Stuck 10000 iters at S=100 (final stage). Stopping at iter 69817.
Stuck 10000 iters at S=100 (final stage). Stopping at iter 69818.
Stuck 10000 iters at S=100 (final stage). Stopping at iter 69819.
Stuck 10000 iters at S=100 (final stage). Stopping at iter 69820.
Stuck 10000 iters at S=100 (final stage). Stopping at iter 69821.
Stuck 10000 iters at S=100 (final stage). Stopping at iter 69822.
Stuck 10000 iters at S=100 (final stage). Stopping at iter 69823.
Stuck 10000 iters at S=100 (final stage). Stopping at iter 69824.
Stuck 10000 iters at S=100 (final stage). Stopping at iter 69825.
Stuck 10000 iters at S=100 (final stage). Stopping at iter 69826.
Stuck 10000 iters at S=100 (final stage). Stopping at iter 69827.
Stuck 10000 iters at S=100 (final stage). Stopping at iter 69828.
Stuck 10000 iters at S=100 (final stage). Stopping at iter 69829.
Stuck 10000 iters at S=100 (final stage). Stopping at iter 69830.
Stuck 10000 iters at S=100 (final stage). Stopping at iter 69831.
Stuck 10000 iters at S=100 (final stage). Stopping at iter 69832.
Stuck 10000 iters at S=100 (final stage). Stopping at iter 69833.
Stuck 10000 iters at S=100 (final stage). Stopping at iter 69834.
Stuck 10000 iters at S=100 (final stage). Stopping at iter 69835.
Stuck 10000 iters at S=100 (final stage). Stopping at iter 69836.
Stuck 10000 iters at S=100 (final stage). Stopping at iter 69837.
Stuck 10000 iters at S=100 (final stage). Stopping at iter 69838.
Stuck 10000 iters at S=100 (final stage). Stopping at iter 69839.
Stuck 10000 iters at S=100 (final stage). Stopping at iter 69840.
Stuck 10000 iters at S=100 (final stage). Stopping at iter 69841.
Stuck 10000 iters at S=100 (final stage). Stopping at iter 69842.
Stuck 10000 iters at S=100 (final stage). Stopping at iter 69843.
Stuck 10000 iters at S=100 (final stage). Stopping at iter 69844.
Stuck 10000 iters at S=100 (final stage). Stopping at iter 69845.
Stuck 10000 iters at S=100 (final stage). Stopping at iter 69846.
Stuck 10000 iters at S=100 (final stage). Stopping at iter 69847.
Stuck 10000 iters at S=100 (final stage). Stopping at iter 69848.
Stuck 10000 iters at S=100 (final stage). Stopping at iter 69849.
Stuck 10000 iters at S=100 (final stage). Stopping at iter 69850.
Stuck 10000 iters at S=100 (final stage). Stopping at iter 69851.
Stuck 10000 iters at S=100 (final stage). Stopping at iter 69852.
Stuck 10000 iters at S=100 (final stage). Stopping at iter 69853.
Stuck 10000 iters at S=100 (final stage). Stopping at iter 69854.
Stuck 10000 iters at S=100 (final stage). Stopping at iter 69855.
Stuck 10000 iters at S=100 (final stage). Stopping at iter 69856.
Stuck 10000 iters at S=100 (final stage). Stopping at iter 69857.
Stuck 10000 iters at S=100 (final stage). Stopping at iter 69858.
Stuck 10000 iters at S=100 (final stage). Stopping at iter 69859.
Stuck 10000 iters at S=100 (final stage). Stopping at iter 69860.
Stuck 10000 iters at S=100 (final stage). Stopping at iter 69861.
Stuck 10000 iters at S=100 (final stage). Stopping at iter 69862.
Stuck 10000 iters at S=100 (final stage). Stopping at iter 69863.
Stuck 10000 iters at S=100 (final stage). Stopping at iter 69864.
Stuck 10000 iters at S=100 (final stage). Stopping at iter 69865.
Stuck 10000 iters at S=100 (final stage). Stopping at iter 69866.
Stuck 10000 iters at S=100 (final stage). Stopping at iter 69867.
Stuck 10000 iters at S=100 (final stage). Stopping at iter 69868.
Stuck 10000 iters at S=100 (final stage). Stopping at iter 69869.
Stuck 10000 iters at S=100 (final stage). Stopping at iter 69870.
Stuck 10000 iters at S=100 (final stage). Stopping at iter 69871.
Stuck 10000 iters at S=100 (final stage). Stopping at iter 69872.
Stuck 10000 iters at S=100 (final stage). Stopping at iter 69873.
Stuck 10000 iters at S=100 (final stage). Stopping at iter 69874.
Stuck 10000 iters at S=100 (final stage). Stopping at iter 69875.
Stuck 10000 iters at S=100 (final stage). Stopping at iter 69876.
Stuck 10000 iters at S=100 (final stage). Stopping at iter 69877.
Stuck 10000 iters at S=100 (final stage). Stopping at iter 69878.
Stuck 10000 iters at S=100 (final stage). Stopping at iter 69879.
Stuck 10000 iters at S=100 (final stage). Stopping at iter 69880.
Stuck 10000 iters at S=100 (final stage). Stopping at iter 69881.
Stuck 10000 iters at S=100 (final stage). Stopping at iter 69882.
Stuck 10000 iters at S=100 (final stage). Stopping at iter 69883.
Stuck 10000 iters at S=100 (final stage). Stopping at iter 69884.
Stuck 10000 iters at S=100 (final stage). Stopping at iter 69885.
Stuck 10000 iters at S=100 (final stage). Stopping at iter 69886.
Stuck 10000 iters at S=100 (final stage). Stopping at iter 69887.
Stuck 10000 iters at S=100 (final stage). Stopping at iter 69888.
Stuck 10000 iters at S=100 (final stage). Stopping at iter 69889.
Stuck 10000 iters at S=100 (final stage). Stopping at iter 69890.
Stuck 10000 iters at S=100 (final stage). Stopping at iter 69891.
Stuck 10000 iters at S=100 (final stage). Stopping at iter 69892.
Stuck 10000 iters at S=100 (final stage). Stopping at iter 69893.
Stuck 10000 iters at S=100 (final stage). Stopping at iter 69894.
Stuck 10000 iters at S=100 (final stage). Stopping at iter 69895.
Stuck 10000 iters at S=100 (final stage). Stopping at iter 69896.
Stuck 10000 iters at S=100 (final stage). Stopping at iter 69897.
Stuck 10000 iters at S=100 (final stage). Stopping at iter 69898.
Stuck 10000 iters at S=100 (final stage). Stopping at iter 69899.
Stuck 10000 iters at S=100 (final stage). Stopping at iter 69900.
Stuck 10000 iters at S=100 (final stage). Stopping at iter 69901.
Stuck 10000 iters at S=100 (final stage). Stopping at iter 69902.
Stuck 10000 iters at S=100 (final stage). Stopping at iter 69903.
Stuck 10000 iters at S=100 (final stage). Stopping at iter 69904.
Stuck 10000 iters at S=100 (final stage). Stopping at iter 69905.
Stuck 10000 iters at S=100 (final stage). Stopping at iter 69906.
Stuck 10000 iters at S=100 (final stage). Stopping at iter 69907.
Stuck 10000 iters at S=100 (final stage). Stopping at iter 69908.
Stuck 10000 iters at S=100 (final stage). Stopping at iter 69909.
Stuck 10000 iters at S=100 (final stage). Stopping at iter 69910.
Stuck 10000 iters at S=100 (final stage). Stopping at iter 69911.
Stuck 10000 iters at S=100 (final stage). Stopping at iter 69912.
Stuck 10000 iters at S=100 (final stage). Stopping at iter 69913.
Stuck 10000 iters at S=100 (final stage). Stopping at iter 69914.
Stuck 10000 iters at S=100 (final stage). Stopping at iter 69915.
Stuck 10000 iters at S=100 (final stage). Stopping at iter 69916.
Stuck 10000 iters at S=100 (final stage). Stopping at iter 69917.
Stuck 10000 iters at S=100 (final stage). Stopping at iter 69918.
Stuck 10000 iters at S=100 (final stage). Stopping at iter 69919.
Stuck 10000 iters at S=100 (final stage). Stopping at iter 69920.
Stuck 10000 iters at S=100 (final stage). Stopping at iter 69921.
Stuck 10000 iters at S=100 (final stage). Stopping at iter 69922.
Stuck 10000 iters at S=100 (final stage). Stopping at iter 69923.
Stuck 10000 iters at S=100 (final stage). Stopping at iter 69924.
Stuck 10000 iters at S=100 (final stage). Stopping at iter 69925.
Stuck 10000 iters at S=100 (final stage). Stopping at iter 69926.
Stuck 10000 iters at S=100 (final stage). Stopping at iter 69927.
Stuck 10000 iters at S=100 (final stage). Stopping at iter 69928.
Stuck 10000 iters at S=100 (final stage). Stopping at iter 69929.
Stuck 10000 iters at S=100 (final stage). Stopping at iter 69930.
Stuck 10000 iters at S=100 (final stage). Stopping at iter 69931.
Stuck 10000 iters at S=100 (final stage). Stopping at iter 69932.
Stuck 10000 iters at S=100 (final stage). Stopping at iter 69933.
Stuck 10000 iters at S=100 (final stage). Stopping at iter 69934.
Stuck 10000 iters at S=100 (final stage). Stopping at iter 69935.
Stuck 10000 iters at S=100 (final stage). Stopping at iter 69936.
Stuck 10000 iters at S=100 (final stage). Stopping at iter 69937.
Stuck 10000 iters at S=100 (final stage). Stopping at iter 69938.
Stuck 10000 iters at S=100 (final stage). Stopping at iter 69939.
Stuck 10000 iters at S=100 (final stage). Stopping at iter 69940.
Stuck 10000 iters at S=100 (final stage). Stopping at iter 69941.
Stuck 10000 iters at S=100 (final stage). Stopping at iter 69942.
Stuck 10000 iters at S=100 (final stage). Stopping at iter 69943.
Stuck 10000 iters at S=100 (final stage). Stopping at iter 69944.
Stuck 10000 iters at S=100 (final stage). Stopping at iter 69945.
Stuck 10000 iters at S=100 (final stage). Stopping at iter 69946.
Stuck 10000 iters at S=100 (final stage). Stopping at iter 69947.
Stuck 10000 iters at S=100 (final stage). Stopping at iter 69948.
Stuck 10000 iters at S=100 (final stage). Stopping at iter 69949.
Stuck 10000 iters at S=100 (final stage). Stopping at iter 69950.
Stuck 10000 iters at S=100 (final stage). Stopping at iter 69951.
Stuck 10000 iters at S=100 (final stage). Stopping at iter 69952.
Stuck 10000 iters at S=100 (final stage). Stopping at iter 69953.
Stuck 10000 iters at S=100 (final stage). Stopping at iter 69954.
Stuck 10000 iters at S=100 (final stage). Stopping at iter 69955.
Stuck 10000 iters at S=100 (final stage). Stopping at iter 69956.
Stuck 10000 iters at S=100 (final stage). Stopping at iter 69957.
Stuck 10000 iters at S=100 (final stage). Stopping at iter 69958.
Stuck 10000 iters at S=100 (final stage). Stopping at iter 69959.
Stuck 10000 iters at S=100 (final stage). Stopping at iter 69960.
Stuck 10000 iters at S=100 (final stage). Stopping at iter 69961.
Stuck 10000 iters at S=100 (final stage). Stopping at iter 69962.
Stuck 10000 iters at S=100 (final stage). Stopping at iter 69963.
Stuck 10000 iters at S=100 (final stage). Stopping at iter 69964.
Stuck 10000 iters at S=100 (final stage). Stopping at iter 69965.
Stuck 10000 iters at S=100 (final stage). Stopping at iter 69966.
Stuck 10000 iters at S=100 (final stage). Stopping at iter 69967.
Stuck 10000 iters at S=100 (final stage). Stopping at iter 69968.
Stuck 10000 iters at S=100 (final stage). Stopping at iter 69969.
Stuck 10000 iters at S=100 (final stage). Stopping at iter 69970.
Stuck 10000 iters at S=100 (final stage). Stopping at iter 69971.
Stuck 10000 iters at S=100 (final stage). Stopping at iter 69972.
Stuck 10000 iters at S=100 (final stage). Stopping at iter 69973.
Stuck 10000 iters at S=100 (final stage). Stopping at iter 69974.
Stuck 10000 iters at S=100 (final stage). Stopping at iter 69975.
Stuck 10000 iters at S=100 (final stage). Stopping at iter 69976.
Stuck 10000 iters at S=100 (final stage). Stopping at iter 69977.
Stuck 10000 iters at S=100 (final stage). Stopping at iter 69978.
Stuck 10000 iters at S=100 (final stage). Stopping at iter 69979.
Stuck 10000 iters at S=100 (final stage). Stopping at iter 69980.
Stuck 10000 iters at S=100 (final stage). Stopping at iter 69981.
Stuck 10000 iters at S=100 (final stage). Stopping at iter 69982.
Stuck 10000 iters at S=100 (final stage). Stopping at iter 69983.
Stuck 10000 iters at S=100 (final stage). Stopping at iter 69984.
Stuck 10000 iters at S=100 (final stage). Stopping at iter 69985.
Stuck 10000 iters at S=100 (final stage). Stopping at iter 69986.
Stuck 10000 iters at S=100 (final stage). Stopping at iter 69987.
Stuck 10000 iters at S=100 (final stage). Stopping at iter 69988.
Stuck 10000 iters at S=100 (final stage). Stopping at iter 69989.
Stuck 10000 iters at S=100 (final stage). Stopping at iter 69990.
Stuck 10000 iters at S=100 (final stage). Stopping at iter 69991.
Stuck 10000 iters at S=100 (final stage). Stopping at iter 69992.
Stuck 10000 iters at S=100 (final stage). Stopping at iter 69993.
Stuck 10000 iters at S=100 (final stage). Stopping at iter 69994.
Stuck 10000 iters at S=100 (final stage). Stopping at iter 69995.
Stuck 10000 iters at S=100 (final stage). Stopping at iter 69996.
Stuck 10000 iters at S=100 (final stage). Stopping at iter 69997.
Stuck 10000 iters at S=100 (final stage). Stopping at iter 69998.
Stuck 10000 iters at S=100 (final stage). Stopping at iter 69999.
Stuck 10000 iters at S=100 (final stage). Stopping at iter 70000.
Stuck 10000 iters at S=100 (final stage). Stopping at iter 70001.
Stuck 10000 iters at S=100 (final stage). Stopping at iter 70002.
Stuck 10000 iters at S=100 (final stage). Stopping at iter 70003.
Stuck 10000 iters at S=100 (final stage). Stopping at iter 70004.
Stuck 10000 iters at S=100 (final stage). Stopping at iter 70005.
Stuck 10000 iters at S=100 (final stage). Stopping at iter 70006.
Stuck 10000 iters at S=100 (final stage). Stopping at iter 70007.
Stuck 10000 iters at S=100 (final stage). Stopping at iter 70008.
Stuck 10000 iters at S=100 (final stage). Stopping at iter 70009.
Stuck 10000 iters at S=100 (final stage). Stopping at iter 70010.
Stuck 10000 iters at S=100 (final stage). Stopping at iter 70011.
Stuck 10000 iters at S=100 (final stage). Stopping at iter 70012.
Stuck 10000 iters at S=100 (final stage). Stopping at iter 70013.
Stuck 10000 iters at S=100 (final stage). Stopping at iter 70014.
Stuck 10000 iters at S=100 (final stage). Stopping at iter 70015.
Stuck 10000 iters at S=100 (final stage). Stopping at iter 70016.
Stuck 10000 iters at S=100 (final stage). Stopping at iter 70017.
Stuck 10000 iters at S=100 (final stage). Stopping at iter 70018.
Stuck 10000 iters at S=100 (final stage). Stopping at iter 70019.
Stuck 10000 iters at S=100 (final stage). Stopping at iter 70020.
Stuck 10000 iters at S=100 (final stage). Stopping at iter 70021.
Stuck 10000 iters at S=100 (final stage). Stopping at iter 70022.
Stuck 10000 iters at S=100 (final stage). Stopping at iter 70023.
Stuck 10000 iters at S=100 (final stage). Stopping at iter 70024.
Stuck 10000 iters at S=100 (final stage). Stopping at iter 70025.
Stuck 10000 iters at S=100 (final stage). Stopping at iter 70026.
Stuck 10000 iters at S=100 (final stage). Stopping at iter 70027.
Stuck 10000 iters at S=100 (final stage). Stopping at iter 70028.
Stuck 10000 iters at S=100 (final stage). Stopping at iter 70029.
Stuck 10000 iters at S=100 (final stage). Stopping at iter 70030.
Stuck 10000 iters at S=100 (final stage). Stopping at iter 70031.
Stuck 10000 iters at S=100 (final stage). Stopping at iter 70032.
Stuck 10000 iters at S=100 (final stage). Stopping at iter 70033.
Stuck 10000 iters at S=100 (final stage). Stopping at iter 70034.
Stuck 10000 iters at S=100 (final stage). Stopping at iter 70035.
Stuck 10000 iters at S=100 (final stage). Stopping at iter 70036.
Stuck 10000 iters at S=100 (final stage). Stopping at iter 70037.
Stuck 10000 iters at S=100 (final stage). Stopping at iter 70038.
Stuck 10000 iters at S=100 (final stage). Stopping at iter 70039.
Stuck 10000 iters at S=100 (final stage). Stopping at iter 70040.
Stuck 10000 iters at S=100 (final stage). Stopping at iter 70041.
Stuck 10000 iters at S=100 (final stage). Stopping at iter 70042.
Stuck 10000 iters at S=100 (final stage). Stopping at iter 70043.
Stuck 10000 iters at S=100 (final stage). Stopping at iter 70044.
Stuck 10000 iters at S=100 (final stage). Stopping at iter 70045.
Stuck 10000 iters at S=100 (final stage). Stopping at iter 70046.
Stuck 10000 iters at S=100 (final stage). Stopping at iter 70047.
Stuck 10000 iters at S=100 (final stage). Stopping at iter 70048.
Stuck 10000 iters at S=100 (final stage). Stopping at iter 70049.
Stuck 10000 iters at S=100 (final stage). Stopping at iter 70050.
Stuck 10000 iters at S=100 (final stage). Stopping at iter 70051.
Stuck 10000 iters at S=100 (final stage). Stopping at iter 70052.
Stuck 10000 iters at S=100 (final stage). Stopping at iter 70053.
Stuck 10000 iters at S=100 (final stage). Stopping at iter 70054.
Stuck 10000 iters at S=100 (final stage). Stopping at iter 70055.
Stuck 10000 iters at S=100 (final stage). Stopping at iter 70056.
Stuck 10000 iters at S=100 (final stage). Stopping at iter 70057.
Stuck 10000 iters at S=100 (final stage). Stopping at iter 70058.
Stuck 10000 iters at S=100 (final stage). Stopping at iter 70059.
Stuck 10000 iters at S=100 (final stage). Stopping at iter 70060.
Stuck 10000 iters at S=100 (final stage). Stopping at iter 70061.
Stuck 10000 iters at S=100 (final stage). Stopping at iter 70062.
Stuck 10000 iters at S=100 (final stage). Stopping at iter 70063.
Stuck 10000 iters at S=100 (final stage). Stopping at iter 70064.
Stuck 10000 iters at S=100 (final stage). Stopping at iter 70065.
Stuck 10000 iters at S=100 (final stage). Stopping at iter 70066.
Stuck 10000 iters at S=100 (final stage). Stopping at iter 70067.
Stuck 10000 iters at S=100 (final stage). Stopping at iter 70068.
Stuck 10000 iters at S=100 (final stage). Stopping at iter 70069.
Stuck 10000 iters at S=100 (final stage). Stopping at iter 70070.
Stuck 10000 iters at S=100 (final stage). Stopping at iter 70071.
Stuck 10000 iters at S=100 (final stage). Stopping at iter 70072.
Stuck 10000 iters at S=100 (final stage). Stopping at iter 70073.
Stuck 10000 iters at S=100 (final stage). Stopping at iter 70074.
Stuck 10000 iters at S=100 (final stage). Stopping at iter 70075.
Stuck 10000 iters at S=100 (final stage). Stopping at iter 70076.
Stuck 10000 iters at S=100 (final stage). Stopping at iter 70077.
Stuck 10000 iters at S=100 (final stage). Stopping at iter 70078.
Stuck 10000 iters at S=100 (final stage). Stopping at iter 70079.
Stuck 10000 iters at S=100 (final stage). Stopping at iter 70080.
Stuck 10000 iters at S=100 (final stage). Stopping at iter 70081.
Stuck 10000 iters at S=100 (final stage). Stopping at iter 70082.
Stuck 10000 iters at S=100 (final stage). Stopping at iter 70083.
Stuck 10000 iters at S=100 (final stage). Stopping at iter 70084.
Stuck 10000 iters at S=100 (final stage). Stopping at iter 70085.
Stuck 10000 iters at S=100 (final stage). Stopping at iter 70086.
Stuck 10000 iters at S=100 (final stage). Stopping at iter 70087.
Stuck 10000 iters at S=100 (final stage). Stopping at iter 70088.
Stuck 10000 iters at S=100 (final stage). Stopping at iter 70089.
Stuck 10000 iters at S=100 (final stage). Stopping at iter 70090.
Stuck 10000 iters at S=100 (final stage). Stopping at iter 70091.
Stuck 10000 iters at S=100 (final stage). Stopping at iter 70092.
Stuck 10000 iters at S=100 (final stage). Stopping at iter 70093.
Stuck 10000 iters at S=100 (final stage). Stopping at iter 70094.
Stuck 10000 iters at S=100 (final stage). Stopping at iter 70095.
Stuck 10000 iters at S=100 (final stage). Stopping at iter 70096.
Stuck 10000 iters at S=100 (final stage). Stopping at iter 70097.
Stuck 10000 iters at S=100 (final stage). Stopping at iter 70098.
Stuck 10000 iters at S=100 (final stage). Stopping at iter 70099.
Stuck 10000 iters at S=100 (final stage). Stopping at iter 70100.
Stuck 10000 iters at S=100 (final stage). Stopping at iter 70101.
Stuck 10000 iters at S=100 (final stage). Stopping at iter 70102.
Stuck 10000 iters at S=100 (final stage). Stopping at iter 70103.
Stuck 10000 iters at S=100 (final stage). Stopping at iter 70104.
Stuck 10000 iters at S=100 (final stage). Stopping at iter 70105.
Stuck 10000 iters at S=100 (final stage). Stopping at iter 70106.
Stuck 10000 iters at S=100 (final stage). Stopping at iter 70107.
Stuck 10000 iters at S=100 (final stage). Stopping at iter 70108.
Stuck 10000 iters at S=100 (final stage). Stopping at iter 70109.
Stuck 10000 iters at S=100 (final stage). Stopping at iter 70110.
Stuck 10000 iters at S=100 (final stage). Stopping at iter 70111.
Stuck 10000 iters at S=100 (final stage). Stopping at iter 70112.
Stuck 10000 iters at S=100 (final stage). Stopping at iter 70113.
Stuck 10000 iters at S=100 (final stage). Stopping at iter 70114.
Stuck 10000 iters at S=100 (final stage). Stopping at iter 70115.
Stuck 10000 iters at S=100 (final stage). Stopping at iter 70116.
Stuck 10000 iters at S=100 (final stage). Stopping at iter 70117.
Stuck 10000 iters at S=100 (final stage). Stopping at iter 70118.
Stuck 10000 iters at S=100 (final stage). Stopping at iter 70119.
Stuck 10000 iters at S=100 (final stage). Stopping at iter 70120.
Stuck 10000 iters at S=100 (final stage). Stopping at iter 70121.
Stuck 10000 iters at S=100 (final stage). Stopping at iter 70122.
Stuck 10000 iters at S=100 (final stage). Stopping at iter 70123.
Stuck 10000 iters at S=100 (final stage). Stopping at iter 70124.
Stuck 10000 iters at S=100 (final stage). Stopping at iter 70125.
Stuck 10000 iters at S=100 (final stage). Stopping at iter 70126.
Stuck 10000 iters at S=100 (final stage). Stopping at iter 70127.
Stuck 10000 iters at S=100 (final stage). Stopping at iter 70128.
Stuck 10000 iters at S=100 (final stage). Stopping at iter 70129.
Stuck 10000 iters at S=100 (final stage). Stopping at iter 70130.
Stuck 10000 iters at S=100 (final stage). Stopping at iter 70131.
Stuck 10000 iters at S=100 (final stage). Stopping at iter 70132.
Stuck 10000 iters at S=100 (final stage). Stopping at iter 70133.
Stuck 10000 iters at S=100 (final stage). Stopping at iter 70134.
Stuck 10000 iters at S=100 (final stage). Stopping at iter 70135.
Stuck 10000 iters at S=100 (final stage). Stopping at iter 70136.
Stuck 10000 iters at S=100 (final stage). Stopping at iter 70137.
Stuck 10000 iters at S=100 (final stage). Stopping at iter 70138.
Stuck 10000 iters at S=100 (final stage). Stopping at iter 70139.
Stuck 10000 iters at S=100 (final stage). Stopping at iter 70140.
Stuck 10000 iters at S=100 (final stage). Stopping at iter 70141.
Stuck 10000 iters at S=100 (final stage). Stopping at iter 70142.
Stuck 10000 iters at S=100 (final stage). Stopping at iter 70143.
Stuck 10000 iters at S=100 (final stage). Stopping at iter 70144.
Stuck 10000 iters at S=100 (final stage). Stopping at iter 70145.
Stuck 10000 iters at S=100 (final stage). Stopping at iter 70146.
Stuck 10000 iters at S=100 (final stage). Stopping at iter 70147.
Stuck 10000 iters at S=100 (final stage). Stopping at iter 70148.
Stuck 10000 iters at S=100 (final stage). Stopping at iter 70149.
Stuck 10000 iters at S=100 (final stage). Stopping at iter 70150.
Stuck 10000 iters at S=100 (final stage). Stopping at iter 70151.
Stuck 10000 iters at S=100 (final stage). Stopping at iter 70152.
Stuck 10000 iters at S=100 (final stage). Stopping at iter 70153.
Stuck 10000 iters at S=100 (final stage). Stopping at iter 70154.
Stuck 10000 iters at S=100 (final stage). Stopping at iter 70155.
Stuck 10000 iters at S=100 (final stage). Stopping at iter 70156.
Stuck 10000 iters at S=100 (final stage). Stopping at iter 70157.
Stuck 10000 iters at S=100 (final stage). Stopping at iter 70158.
Stuck 10000 iters at S=100 (final stage). Stopping at iter 70159.
Stuck 10000 iters at S=100 (final stage). Stopping at iter 70160.
Stuck 10000 iters at S=100 (final stage). Stopping at iter 70161.
Stuck 10000 iters at S=100 (final stage). Stopping at iter 70162.
Stuck 10000 iters at S=100 (final stage). Stopping at iter 70163.
Stuck 10000 iters at S=100 (final stage). Stopping at iter 70164.
Stuck 10000 iters at S=100 (final stage). Stopping at iter 70165.
Stuck 10000 iters at S=100 (final stage). Stopping at iter 70166.
Stuck 10000 iters at S=100 (final stage). Stopping at iter 70167.
Stuck 10000 iters at S=100 (final stage). Stopping at iter 70168.
Stuck 10000 iters at S=100 (final stage). Stopping at iter 70169.
Stuck 10000 iters at S=100 (final stage). Stopping at iter 70170.
Stuck 10000 iters at S=100 (final stage). Stopping at iter 70171.
Stuck 10000 iters at S=100 (final stage). Stopping at iter 70172.
Stuck 10000 iters at S=100 (final stage). Stopping at iter 70173.
Stuck 10000 iters at S=100 (final stage). Stopping at iter 70174.
Stuck 10000 iters at S=100 (final stage). Stopping at iter 70175.
Stuck 10000 iters at S=100 (final stage). Stopping at iter 70176.
Stuck 10000 iters at S=100 (final stage). Stopping at iter 70177.
Stuck 10000 iters at S=100 (final stage). Stopping at iter 70178.
Stuck 10000 iters at S=100 (final stage). Stopping at iter 70179.
Stuck 10000 iters at S=100 (final stage). Stopping at iter 70180.
Stuck 10000 iters at S=100 (final stage). Stopping at iter 70181.
Stuck 10000 iters at S=100 (final stage). Stopping at iter 70182.
Stuck 10000 iters at S=100 (final stage). Stopping at iter 70183.
Stuck 10000 iters at S=100 (final stage). Stopping at iter 70184.
Stuck 10000 iters at S=100 (final stage). Stopping at iter 70185.
Stuck 10000 iters at S=100 (final stage). Stopping at iter 70186.
Stuck 10000 iters at S=100 (final stage). Stopping at iter 70187.
Stuck 10000 iters at S=100 (final stage). Stopping at iter 70188.
Stuck 10000 iters at S=100 (final stage). Stopping at iter 70189.
Stuck 10000 iters at S=100 (final stage). Stopping at iter 70190.
Stuck 10000 iters at S=100 (final stage). Stopping at iter 70191.
Stuck 10000 iters at S=100 (final stage). Stopping at iter 70192.
Stuck 10000 iters at S=100 (final stage). Stopping at iter 70193.
Stuck 10000 iters at S=100 (final stage). Stopping at iter 70194.
Stuck 10000 iters at S=100 (final stage). Stopping at iter 70195.
Stuck 10000 iters at S=100 (final stage). Stopping at iter 70196.
Stuck 10000 iters at S=100 (final stage). Stopping at iter 70197.
Stuck 10000 iters at S=100 (final stage). Stopping at iter 70198.
Stuck 10000 iters at S=100 (final stage). Stopping at iter 70199.
Stuck 10000 iters at S=100 (final stage). Stopping at iter 70200.
Stuck 10000 iters at S=100 (final stage). Stopping at iter 70201.
Stuck 10000 iters at S=100 (final stage). Stopping at iter 70202.
Stuck 10000 iters at S=100 (final stage). Stopping at iter 70203.
Stuck 10000 iters at S=100 (final stage). Stopping at iter 70204.
Stuck 10000 iters at S=100 (final stage). Stopping at iter 70205.
Stuck 10000 iters at S=100 (final stage). Stopping at iter 70206.
Stuck 10000 iters at S=100 (final stage). Stopping at iter 70207.
Stuck 10000 iters at S=100 (final stage). Stopping at iter 70208.
Stuck 10000 iters at S=100 (final stage). Stopping at iter 70209.
Stuck 10000 iters at S=100 (final stage). Stopping at iter 70210.
Stuck 10000 iters at S=100 (final stage). Stopping at iter 70211.
Stuck 10000 iters at S=100 (final stage). Stopping at iter 70212.
Stuck 10000 iters at S=100 (final stage). Stopping at iter 70213.
Stuck 10000 iters at S=100 (final stage). Stopping at iter 70214.
Stuck 10000 iters at S=100 (final stage). Stopping at iter 70215.
Stuck 10000 iters at S=100 (final stage). Stopping at iter 70216.
Stuck 10000 iters at S=100 (final stage). Stopping at iter 70217.
Stuck 10000 iters at S=100 (final stage). Stopping at iter 70218.
Stuck 10000 iters at S=100 (final stage). Stopping at iter 70219.
Stuck 10000 iters at S=100 (final stage). Stopping at iter 70220.
Stuck 10000 iters at S=100 (final stage). Stopping at iter 70221.
Stuck 10000 iters at S=100 (final stage). Stopping at iter 70222.
Stuck 10000 iters at S=100 (final stage). Stopping at iter 70223.
Stuck 10000 iters at S=100 (final stage). Stopping at iter 70224.
Stuck 10000 iters at S=100 (final stage). Stopping at iter 70225.
Stuck 10000 iters at S=100 (final stage). Stopping at iter 70226.
Stuck 10000 iters at S=100 (final stage). Stopping at iter 70227.
Stuck 10000 iters at S=100 (final stage). Stopping at iter 70228.
Stuck 10000 iters at S=100 (final stage). Stopping at iter 70229.
Stuck 10000 iters at S=100 (final stage). Stopping at iter 70230.
Stuck 10000 iters at S=100 (final stage). Stopping at iter 70231.
Stuck 10000 iters at S=100 (final stage). Stopping at iter 70232.
Stuck 10000 iters at S=100 (final stage). Stopping at iter 70233.
Stuck 10000 iters at S=100 (final stage). Stopping at iter 70234.
Stuck 10000 iters at S=100 (final stage). Stopping at iter 70235.
Stuck 10000 iters at S=100 (final stage). Stopping at iter 70236.
Stuck 10000 iters at S=100 (final stage). Stopping at iter 70237.
Stuck 10000 iters at S=100 (final stage). Stopping at iter 70238.
Stuck 10000 iters at S=100 (final stage). Stopping at iter 70239.
Stuck 10000 iters at S=100 (final stage). Stopping at iter 70240.
Stuck 10000 iters at S=100 (final stage). Stopping at iter 70241.
Stuck 10000 iters at S=100 (final stage). Stopping at iter 70242.
Stuck 10000 iters at S=100 (final stage). Stopping at iter 70243.
Stuck 10000 iters at S=100 (final stage). Stopping at iter 70244.
Stuck 10000 iters at S=100 (final stage). Stopping at iter 70245.
Stuck 10000 iters at S=100 (final stage). Stopping at iter 70246.
Stuck 10000 iters at S=100 (final stage). Stopping at iter 70247.
Stuck 10000 iters at S=100 (final stage). Stopping at iter 70248.
Stuck 10000 iters at S=100 (final stage). Stopping at iter 70249.
Stuck 10000 iters at S=100 (final stage). Stopping at iter 70250.
Stuck 10000 iters at S=100 (final stage). Stopping at iter 70251.
Stuck 10000 iters at S=100 (final stage). Stopping at iter 70252.
Stuck 10000 iters at S=100 (final stage). Stopping at iter 70253.
Stuck 10000 iters at S=100 (final stage). Stopping at iter 70254.
Stuck 10000 iters at S=100 (final stage). Stopping at iter 70255.
Stuck 10000 iters at S=100 (final stage). Stopping at iter 70256.
Stuck 10000 iters at S=100 (final stage). Stopping at iter 70257.
Stuck 10000 iters at S=100 (final stage). Stopping at iter 70258.
Stuck 10000 iters at S=100 (final stage). Stopping at iter 70259.
Stuck 10000 iters at S=100 (final stage). Stopping at iter 70260.
Stuck 10000 iters at S=100 (final stage). Stopping at iter 70261.
Stuck 10000 iters at S=100 (final stage). Stopping at iter 70262.
Stuck 10000 iters at S=100 (final stage). Stopping at iter 70263.
Stuck 10000 iters at S=100 (final stage). Stopping at iter 70264.
Stuck 10000 iters at S=100 (final stage). Stopping at iter 70265.
Stuck 10000 iters at S=100 (final stage). Stopping at iter 70266.
Stuck 10000 iters at S=100 (final stage). Stopping at iter 70267.
Stuck 10000 iters at S=100 (final stage). Stopping at iter 70268.
Stuck 10000 iters at S=100 (final stage). Stopping at iter 70269.
Stuck 10000 iters at S=100 (final stage). Stopping at iter 70270.
Stuck 10000 iters at S=100 (final stage). Stopping at iter 70271.
Stuck 10000 iters at S=100 (final stage). Stopping at iter 70272.
Stuck 10000 iters at S=100 (final stage). Stopping at iter 70273.
Stuck 10000 iters at S=100 (final stage). Stopping at iter 70274.
Stuck 10000 iters at S=100 (final stage). Stopping at iter 70275.
Stuck 10000 iters at S=100 (final stage). Stopping at iter 70276.
Stuck 10000 iters at S=100 (final stage). Stopping at iter 70277.
Stuck 10000 iters at S=100 (final stage). Stopping at iter 70278.
Stuck 10000 iters at S=100 (final stage). Stopping at iter 70279.
Stuck 10000 iters at S=100 (final stage). Stopping at iter 70280.
Stuck 10000 iters at S=100 (final stage). Stopping at iter 70281.
Stuck 10000 iters at S=100 (final stage). Stopping at iter 70282.
Stuck 10000 iters at S=100 (final stage). Stopping at iter 70283.
Stuck 10000 iters at S=100 (final stage). Stopping at iter 70284.
Stuck 10000 iters at S=100 (final stage). Stopping at iter 70285.
Stuck 10000 iters at S=100 (final stage). Stopping at iter 70286.
Stuck 10000 iters at S=100 (final stage). Stopping at iter 70287.
Stuck 10000 iters at S=100 (final stage). Stopping at iter 70288.
Stuck 10000 iters at S=100 (final stage). Stopping at iter 70289.
Stuck 10000 iters at S=100 (final stage). Stopping at iter 70290.
Stuck 10000 iters at S=100 (final stage). Stopping at iter 70291.
Stuck 10000 iters at S=100 (final stage). Stopping at iter 70292.
Stuck 10000 iters at S=100 (final stage). Stopping at iter 70293.
Stuck 10000 iters at S=100 (final stage). Stopping at iter 70294.
Stuck 10000 iters at S=100 (final stage). Stopping at iter 70295.
Stuck 10000 iters at S=100 (final stage). Stopping at iter 70296.
Stuck 10000 iters at S=100 (final stage). Stopping at iter 70297.
Stuck 10000 iters at S=100 (final stage). Stopping at iter 70298.
Stuck 10000 iters at S=100 (final stage). Stopping at iter 70299.
Stuck 10000 iters at S=100 (final stage). Stopping at iter 70300.
Stuck 10000 iters at S=100 (final stage). Stopping at iter 70301.
Stuck 10000 iters at S=100 (final stage). Stopping at iter 70302.
Stuck 10000 iters at S=100 (final stage). Stopping at iter 70303.
Stuck 10000 iters at S=100 (final stage). Stopping at iter 70304.
Stuck 10000 iters at S=100 (final stage). Stopping at iter 70305.
Stuck 10000 iters at S=100 (final stage). Stopping at iter 70306.
Stuck 10000 iters at S=100 (final stage). Stopping at iter 70307.
Stuck 10000 iters at S=100 (final stage). Stopping at iter 70308.
Stuck 10000 iters at S=100 (final stage). Stopping at iter 70309.
Stuck 10000 iters at S=100 (final stage). Stopping at iter 70310.
Stuck 10000 iters at S=100 (final stage). Stopping at iter 70311.
Stuck 10000 iters at S=100 (final stage). Stopping at iter 70312.
Stuck 10000 iters at S=100 (final stage). Stopping at iter 70313.
Stuck 10000 iters at S=100 (final stage). Stopping at iter 70314.
Stuck 10000 iters at S=100 (final stage). Stopping at iter 70315.
Stuck 10000 iters at S=100 (final stage). Stopping at iter 70316.
Stuck 10000 iters at S=100 (final stage). Stopping at iter 70317.
Stuck 10000 iters at S=100 (final stage). Stopping at iter 70318.
Stuck 10000 iters at S=100 (final stage). Stopping at iter 70319.
Stuck 10000 iters at S=100 (final stage). Stopping at iter 70320.
Stuck 10000 iters at S=100 (final stage). Stopping at iter 70321.
Stuck 10000 iters at S=100 (final stage). Stopping at iter 70322.
Stuck 10000 iters at S=100 (final stage). Stopping at iter 70323.
Stuck 10000 iters at S=100 (final stage). Stopping at iter 70324.
Stuck 10000 iters at S=100 (final stage). Stopping at iter 70325.
Stuck 10000 iters at S=100 (final stage). Stopping at iter 70326.
Stuck 10000 iters at S=100 (final stage). Stopping at iter 70327.
Stuck 10000 iters at S=100 (final stage). Stopping at iter 70328.
Stuck 10000 iters at S=100 (final stage). Stopping at iter 70329.
Stuck 10000 iters at S=100 (final stage). Stopping at iter 70330.
Stuck 10000 iters at S=100 (final stage). Stopping at iter 70331.
Stuck 10000 iters at S=100 (final stage). Stopping at iter 70332.
Stuck 10000 iters at S=100 (final stage). Stopping at iter 70333.
Stuck 10000 iters at S=100 (final stage). Stopping at iter 70334.
Stuck 10000 iters at S=100 (final stage). Stopping at iter 70335.
Stuck 10000 iters at S=100 (final stage). Stopping at iter 70336.
Stuck 10000 iters at S=100 (final stage). Stopping at iter 70337.
Stuck 10000 iters at S=100 (final stage). Stopping at iter 70338.
Stuck 10000 iters at S=100 (final stage). Stopping at iter 70339.
Stuck 10000 iters at S=100 (final stage). Stopping at iter 70340.
Stuck 10000 iters at S=100 (final stage). Stopping at iter 70341.
Stuck 10000 iters at S=100 (final stage). Stopping at iter 70342.
Stuck 10000 iters at S=100 (final stage). Stopping at iter 70343.
Stuck 10000 iters at S=100 (final stage). Stopping at iter 70344.
Stuck 10000 iters at S=100 (final stage). Stopping at iter 70345.
Stuck 10000 iters at S=100 (final stage). Stopping at iter 70346.
Stuck 10000 iters at S=100 (final stage). Stopping at iter 70347.
Stuck 10000 iters at S=100 (final stage). Stopping at iter 70348.
Stuck 10000 iters at S=100 (final stage). Stopping at iter 70349.
Stuck 10000 iters at S=100 (final stage). Stopping at iter 70350.
Stuck 10000 iters at S=100 (final stage). Stopping at iter 70351.
Stuck 10000 iters at S=100 (final stage). Stopping at iter 70352.
Stuck 10000 iters at S=100 (final stage). Stopping at iter 70353.
Stuck 10000 iters at S=100 (final stage). Stopping at iter 70354.
Stuck 10000 iters at S=100 (final stage). Stopping at iter 70355.
Stuck 10000 iters at S=100 (final stage). Stopping at iter 70356.
Stuck 10000 iters at S=100 (final stage). Stopping at iter 70357.
Stuck 10000 iters at S=100 (final stage). Stopping at iter 70358.
Stuck 10000 iters at S=100 (final stage). Stopping at iter 70359.
Stuck 10000 iters at S=100 (final stage). Stopping at iter 70360.
Stuck 10000 iters at S=100 (final stage). Stopping at iter 70361.
Stuck 10000 iters at S=100 (final stage). Stopping at iter 70362.
Stuck 10000 iters at S=100 (final stage). Stopping at iter 70363.
Stuck 10000 iters at S=100 (final stage). Stopping at iter 70364.
Stuck 10000 iters at S=100 (final stage). Stopping at iter 70365.
Stuck 10000 iters at S=100 (final stage). Stopping at iter 70366.
Stuck 10000 iters at S=100 (final stage). Stopping at iter 70367.
Stuck 10000 iters at S=100 (final stage). Stopping at iter 70368.
Stuck 10000 iters at S=100 (final stage). Stopping at iter 70369.
Stuck 10000 iters at S=100 (final stage). Stopping at iter 70370.
Stuck 10000 iters at S=100 (final stage). Stopping at iter 70371.
Stuck 10000 iters at S=100 (final stage). Stopping at iter 70372.
Stuck 10000 iters at S=100 (final stage). Stopping at iter 70373.
Stuck 10000 iters at S=100 (final stage). Stopping at iter 70374.
Stuck 10000 iters at S=100 (final stage). Stopping at iter 70375.
Stuck 10000 iters at S=100 (final stage). Stopping at iter 70376.
Stuck 10000 iters at S=100 (final stage). Stopping at iter 70377.
Stuck 10000 iters at S=100 (final stage). Stopping at iter 70378.
Stuck 10000 iters at S=100 (final stage). Stopping at iter 70379.
Stuck 10000 iters at S=100 (final stage). Stopping at iter 70380.
Stuck 10000 iters at S=100 (final stage). Stopping at iter 70381.
Stuck 10000 iters at S=100 (final stage). Stopping at iter 70382.
Stuck 10000 iters at S=100 (final stage). Stopping at iter 70383.
Stuck 10000 iters at S=100 (final stage). Stopping at iter 70384.
Stuck 10000 iters at S=100 (final stage). Stopping at iter 70385.
Stuck 10000 iters at S=100 (final stage). Stopping at iter 70386.
Stuck 10000 iters at S=100 (final stage). Stopping at iter 70387.
Stuck 10000 iters at S=100 (final stage). Stopping at iter 70388.
Stuck 10000 iters at S=100 (final stage). Stopping at iter 70389.
Stuck 10000 iters at S=100 (final stage). Stopping at iter 70390.
Stuck 10000 iters at S=100 (final stage). Stopping at iter 70391.
Stuck 10000 iters at S=100 (final stage). Stopping at iter 70392.
Stuck 10000 iters at S=100 (final stage). Stopping at iter 70393.
Stuck 10000 iters at S=100 (final stage). Stopping at iter 70394.
Stuck 10000 iters at S=100 (final stage). Stopping at iter 70395.
Stuck 10000 iters at S=100 (final stage). Stopping at iter 70396.
Stuck 10000 iters at S=100 (final stage). Stopping at iter 70397.
Stuck 10000 iters at S=100 (final stage). Stopping at iter 70398.
Stuck 10000 iters at S=100 (final stage). Stopping at iter 70399.
Stuck 10000 iters at S=100 (final stage). Stopping at iter 70400.
Stuck 10000 iters at S=100 (final stage). Stopping at iter 70401.
Stuck 10000 iters at S=100 (final stage). Stopping at iter 70402.
Stuck 10000 iters at S=100 (final stage). Stopping at iter 70403.
Stuck 10000 iters at S=100 (final stage). Stopping at iter 70404.
Stuck 10000 iters at S=100 (final stage). Stopping at iter 70405.
Stuck 10000 iters at S=100 (final stage). Stopping at iter 70406.
Stuck 10000 iters at S=100 (final stage). Stopping at iter 70407.
Stuck 10000 iters at S=100 (final stage). Stopping at iter 70408.
Stuck 10000 iters at S=100 (final stage). Stopping at iter 70409.
Stuck 10000 iters at S=100 (final stage). Stopping at iter 70410.
Stuck 10000 iters at S=100 (final stage). Stopping at iter 70411.
Stuck 10000 iters at S=100 (final stage). Stopping at iter 70412.
Stuck 10000 iters at S=100 (final stage). Stopping at iter 70413.
Stuck 10000 iters at S=100 (final stage). Stopping at iter 70414.
Stuck 10000 iters at S=100 (final stage). Stopping at iter 70415.
Stuck 10000 iters at S=100 (final stage). Stopping at iter 70416.
Stuck 10000 iters at S=100 (final stage). Stopping at iter 70417.
Stuck 10000 iters at S=100 (final stage). Stopping at iter 70418.
Stuck 10000 iters at S=100 (final stage). Stopping at iter 70419.
Stuck 10000 iters at S=100 (final stage). Stopping at iter 70420.
Stuck 10000 iters at S=100 (final stage). Stopping at iter 70421.
Stuck 10000 iters at S=100 (final stage). Stopping at iter 70422.
Stuck 10000 iters at S=100 (final stage). Stopping at iter 70423.
Stuck 10000 iters at S=100 (final stage). Stopping at iter 70424.
Stuck 10000 iters at S=100 (final stage). Stopping at iter 70425.
Stuck 10000 iters at S=100 (final stage). Stopping at iter 70426.
Stuck 10000 iters at S=100 (final stage). Stopping at iter 70427.
Stuck 10000 iters at S=100 (final stage). Stopping at iter 70428.
Stuck 10000 iters at S=100 (final stage). Stopping at iter 70429.
Stuck 10000 iters at S=100 (final stage). Stopping at iter 70430.
Stuck 10000 iters at S=100 (final stage). Stopping at iter 70431.
Stuck 10000 iters at S=100 (final stage). Stopping at iter 70432.
Stuck 10000 iters at S=100 (final stage). Stopping at iter 70433.
Stuck 10000 iters at S=100 (final stage). Stopping at iter 70434.
Stuck 10000 iters at S=100 (final stage). Stopping at iter 70435.
Stuck 10000 iters at S=100 (final stage). Stopping at iter 70436.
Stuck 10000 iters at S=100 (final stage). Stopping at iter 70437.
Stuck 10000 iters at S=100 (final stage). Stopping at iter 70438.
Stuck 10000 iters at S=100 (final stage). Stopping at iter 70439.
Stuck 10000 iters at S=100 (final stage). Stopping at iter 70440.
Stuck 10000 iters at S=100 (final stage). Stopping at iter 70441.
Stuck 10000 iters at S=100 (final stage). Stopping at iter 70442.
Stuck 10000 iters at S=100 (final stage). Stopping at iter 70443.
Stuck 10000 iters at S=100 (final stage). Stopping at iter 70444.
Stuck 10000 iters at S=100 (final stage). Stopping at iter 70445.
Stuck 10000 iters at S=100 (final stage). Stopping at iter 70446.
Stuck 10000 iters at S=100 (final stage). Stopping at iter 70447.
Stuck 10000 iters at S=100 (final stage). Stopping at iter 70448.
Stuck 10000 iters at S=100 (final stage). Stopping at iter 70449.
Stuck 10000 iters at S=100 (final stage). Stopping at iter 70450.
Stuck 10000 iters at S=100 (final stage). Stopping at iter 70451.
Stuck 10000 iters at S=100 (final stage). Stopping at iter 70452.
Stuck 10000 iters at S=100 (final stage). Stopping at iter 70453.
Stuck 10000 iters at S=100 (final stage). Stopping at iter 70454.
Stuck 10000 iters at S=100 (final stage). Stopping at iter 70455.
Stuck 10000 iters at S=100 (final stage). Stopping at iter 70456.
Stuck 10000 iters at S=100 (final stage). Stopping at iter 70457.
Stuck 10000 iters at S=100 (final stage). Stopping at iter 70458.
Stuck 10000 iters at S=100 (final stage). Stopping at iter 70459.
Stuck 10000 iters at S=100 (final stage). Stopping at iter 70460.
Stuck 10000 iters at S=100 (final stage). Stopping at iter 70461.
Stuck 10000 iters at S=100 (final stage). Stopping at iter 70462.
Stuck 10000 iters at S=100 (final stage). Stopping at iter 70463.
Stuck 10000 iters at S=100 (final stage). Stopping at iter 70464.
Stuck 10000 iters at S=100 (final stage). Stopping at iter 70465.
Stuck 10000 iters at S=100 (final stage). Stopping at iter 70466.
Stuck 10000 iters at S=100 (final stage). Stopping at iter 70467.
Stuck 10000 iters at S=100 (final stage). Stopping at iter 70468.
Stuck 10000 iters at S=100 (final stage). Stopping at iter 70469.
Stuck 10000 iters at S=100 (final stage). Stopping at iter 70470.
Stuck 10000 iters at S=100 (final stage). Stopping at iter 70471.
Stuck 10000 iters at S=100 (final stage). Stopping at iter 70472.
Stuck 10000 iters at S=100 (final stage). Stopping at iter 70473.
Stuck 10000 iters at S=100 (final stage). Stopping at iter 70474.
Stuck 10000 iters at S=100 (final stage). Stopping at iter 70475.
Stuck 10000 iters at S=100 (final stage). Stopping at iter 70476.
Stuck 10000 iters at S=100 (final stage). Stopping at iter 70477.
Stuck 10000 iters at S=100 (final stage). Stopping at iter 70478.
Stuck 10000 iters at S=100 (final stage). Stopping at iter 70479.
Stuck 10000 iters at S=100 (final stage). Stopping at iter 70480.
Stuck 10000 iters at S=100 (final stage). Stopping at iter 70481.
Stuck 10000 iters at S=100 (final stage). Stopping at iter 70482.
Stuck 10000 iters at S=100 (final stage). Stopping at iter 70483.
Stuck 10000 iters at S=100 (final stage). Stopping at iter 70484.
Stuck 10000 iters at S=100 (final stage). Stopping at iter 70485.
Stuck 10000 iters at S=100 (final stage). Stopping at iter 70486.
Stuck 10000 iters at S=100 (final stage). Stopping at iter 70487.
Stuck 10000 iters at S=100 (final stage). Stopping at iter 70488.
Stuck 10000 iters at S=100 (final stage). Stopping at iter 70489.
Stuck 10000 iters at S=100 (final stage). Stopping at iter 70490.
Stuck 10000 iters at S=100 (final stage). Stopping at iter 70491.
Stuck 10000 iters at S=100 (final stage). Stopping at iter 70492.
Stuck 10000 iters at S=100 (final stage). Stopping at iter 70493.
Stuck 10000 iters at S=100 (final stage). Stopping at iter 70494.
Stuck 10000 iters at S=100 (final stage). Stopping at iter 70495.
Stuck 10000 iters at S=100 (final stage). Stopping at iter 70496.
Stuck 10000 iters at S=100 (final stage). Stopping at iter 70497.
Stuck 10000 iters at S=100 (final stage). Stopping at iter 70498.
Stuck 10000 iters at S=100 (final stage). Stopping at iter 70499.
Stuck 10000 iters at S=100 (final stage). Stopping at iter 70500.
Stuck 10000 iters at S=100 (final stage). Stopping at iter 70501.
Stuck 10000 iters at S=100 (final stage). Stopping at iter 70502.
Stuck 10000 iters at S=100 (final stage). Stopping at iter 70503.
Stuck 10000 iters at S=100 (final stage). Stopping at iter 70504.
Stuck 10000 iters at S=100 (final stage). Stopping at iter 70505.
Stuck 10000 iters at S=100 (final stage). Stopping at iter 70506.
Stuck 10000 iters at S=100 (final stage). Stopping at iter 70507.
Stuck 10000 iters at S=100 (final stage). Stopping at iter 70508.
Stuck 10000 iters at S=100 (final stage). Stopping at iter 70509.
Stuck 10000 iters at S=100 (final stage). Stopping at iter 70510.
Stuck 10000 iters at S=100 (final stage). Stopping at iter 70511.
Stuck 10000 iters at S=100 (final stage). Stopping at iter 70512.
Stuck 10000 iters at S=100 (final stage). Stopping at iter 70513.
Stuck 10000 iters at S=100 (final stage). Stopping at iter 70514.
Stuck 10000 iters at S=100 (final stage). Stopping at iter 70515.
Stuck 10000 iters at S=100 (final stage). Stopping at iter 70516.
Stuck 10000 iters at S=100 (final stage). Stopping at iter 70517.
Stuck 10000 iters at S=100 (final stage). Stopping at iter 70518.
Stuck 10000 iters at S=100 (final stage). Stopping at iter 70519.
Stuck 10000 iters at S=100 (final stage). Stopping at iter 70520.
Stuck 10000 iters at S=100 (final stage). Stopping at iter 70521.
Stuck 10000 iters at S=100 (final stage). Stopping at iter 70522.
Stuck 10000 iters at S=100 (final stage). Stopping at iter 70523.
Stuck 10000 iters at S=100 (final stage). Stopping at iter 70524.
Stuck 10000 iters at S=100 (final stage). Stopping at iter 70525.
Stuck 10000 iters at S=100 (final stage). Stopping at iter 70526.
Stuck 10000 iters at S=100 (final stage). Stopping at iter 70527.
Stuck 10000 iters at S=100 (final stage). Stopping at iter 70528.
Stuck 10000 iters at S=100 (final stage). Stopping at iter 70529.
Stuck 10000 iters at S=100 (final stage). Stopping at iter 70530.
Stuck 10000 iters at S=100 (final stage). Stopping at iter 70531.
Stuck 10000 iters at S=100 (final stage). Stopping at iter 70532.
Stuck 10000 iters at S=100 (final stage). Stopping at iter 70533.
Stuck 10000 iters at S=100 (final stage). Stopping at iter 70534.
Stuck 10000 iters at S=100 (final stage). Stopping at iter 70535.
Stuck 10000 iters at S=100 (final stage). Stopping at iter 70536.
Stuck 10000 iters at S=100 (final stage). Stopping at iter 70537.
Stuck 10000 iters at S=100 (final stage). Stopping at iter 70538.
Stuck 10000 iters at S=100 (final stage). Stopping at iter 70539.
Stuck 10000 iters at S=100 (final stage). Stopping at iter 70540.
Stuck 10000 iters at S=100 (final stage). Stopping at iter 70541.
Stuck 10000 iters at S=100 (final stage). Stopping at iter 70542.
Stuck 10000 iters at S=100 (final stage). Stopping at iter 70543.
Stuck 10000 iters at S=100 (final stage). Stopping at iter 70544.
Stuck 10000 iters at S=100 (final stage). Stopping at iter 70545.
Stuck 10000 iters at S=100 (final stage). Stopping at iter 70546.
Stuck 10000 iters at S=100 (final stage). Stopping at iter 70547.
Stuck 10000 iters at S=100 (final stage). Stopping at iter 70548.
Stuck 10000 iters at S=100 (final stage). Stopping at iter 70549.
Stuck 10000 iters at S=100 (final stage). Stopping at iter 70550.
Stuck 10000 iters at S=100 (final stage). Stopping at iter 70551.
Stuck 10000 iters at S=100 (final stage). Stopping at iter 70552.
Stuck 10000 iters at S=100 (final stage). Stopping at iter 70553.
Stuck 10000 iters at S=100 (final stage). Stopping at iter 70554.
Stuck 10000 iters at S=100 (final stage). Stopping at iter 70555.
Stuck 10000 iters at S=100 (final stage). Stopping at iter 70556.
Stuck 10000 iters at S=100 (final stage). Stopping at iter 70557.
Stuck 10000 iters at S=100 (final stage). Stopping at iter 70558.
Stuck 10000 iters at S=100 (final stage). Stopping at iter 70559.
Stuck 10000 iters at S=100 (final stage). Stopping at iter 70560.
Stuck 10000 iters at S=100 (final stage). Stopping at iter 70561.
Stuck 10000 iters at S=100 (final stage). Stopping at iter 70562.
Stuck 10000 iters at S=100 (final stage). Stopping at iter 70563.
Stuck 10000 iters at S=100 (final stage). Stopping at iter 70564.
Stuck 10000 iters at S=100 (final stage). Stopping at iter 70565.
Stuck 10000 iters at S=100 (final stage). Stopping at iter 70566.
Stuck 10000 iters at S=100 (final stage). Stopping at iter 70567.
Stuck 10000 iters at S=100 (final stage). Stopping at iter 70568.
Stuck 10000 iters at S=100 (final stage). Stopping at iter 70569.
Stuck 10000 iters at S=100 (final stage). Stopping at iter 70570.
Stuck 10000 iters at S=100 (final stage). Stopping at iter 70571.
Stuck 10000 iters at S=100 (final stage). Stopping at iter 70572.
Stuck 10000 iters at S=100 (final stage). Stopping at iter 70573.
Stuck 10000 iters at S=100 (final stage). Stopping at iter 70574.
Stuck 10000 iters at S=100 (final stage). Stopping at iter 70575.
Stuck 10000 iters at S=100 (final stage). Stopping at iter 70576.
Stuck 10000 iters at S=100 (final stage). Stopping at iter 70577.
Stuck 10000 iters at S=100 (final stage). Stopping at iter 70578.
Stuck 10000 iters at S=100 (final stage). Stopping at iter 70579.
Stuck 10000 iters at S=100 (final stage). Stopping at iter 70580.
Stuck 10000 iters at S=100 (final stage). Stopping at iter 70581.
Stuck 10000 iters at S=100 (final stage). Stopping at iter 70582.
Stuck 10000 iters at S=100 (final stage). Stopping at iter 70583.
Stuck 10000 iters at S=100 (final stage). Stopping at iter 70584.
Stuck 10000 iters at S=100 (final stage). Stopping at iter 70585.
Stuck 10000 iters at S=100 (final stage). Stopping at iter 70586.
Stuck 10000 iters at S=100 (final stage). Stopping at iter 70587.
Stuck 10000 iters at S=100 (final stage). Stopping at iter 70588.
Stuck 10000 iters at S=100 (final stage). Stopping at iter 70589.
Stuck 10000 iters at S=100 (final stage). Stopping at iter 70590.
Stuck 10000 iters at S=100 (final stage). Stopping at iter 70591.
Stuck 10000 iters at S=100 (final stage). Stopping at iter 70592.
Stuck 10000 iters at S=100 (final stage). Stopping at iter 70593.
Stuck 10000 iters at S=100 (final stage). Stopping at iter 70594.
Stuck 10000 iters at S=100 (final stage). Stopping at iter 70595.
Stuck 10000 iters at S=100 (final stage). Stopping at iter 70596.
Stuck 10000 iters at S=100 (final stage). Stopping at iter 70597.
Stuck 10000 iters at S=100 (final stage). Stopping at iter 70598.
Stuck 10000 iters at S=100 (final stage). Stopping at iter 70599.
Stuck 10000 iters at S=100 (final stage). Stopping at iter 70600.
Stuck 10000 iters at S=100 (final stage). Stopping at iter 70601.
Stuck 10000 iters at S=100 (final stage). Stopping at iter 70602.
Stuck 10000 iters at S=100 (final stage). Stopping at iter 70603.
Stuck 10000 iters at S=100 (final stage). Stopping at iter 70604.
Stuck 10000 iters at S=100 (final stage). Stopping at iter 70605.
Stuck 10000 iters at S=100 (final stage). Stopping at iter 70606.
Stuck 10000 iters at S=100 (final stage). Stopping at iter 70607.
Stuck 10000 iters at S=100 (final stage). Stopping at iter 70608.
Stuck 10000 iters at S=100 (final stage). Stopping at iter 70609.
Stuck 10000 iters at S=100 (final stage). Stopping at iter 70610.
Stuck 10000 iters at S=100 (final stage). Stopping at iter 70611.
Stuck 10000 iters at S=100 (final stage). Stopping at iter 70612.
Stuck 10000 iters at S=100 (final stage). Stopping at iter 70613.
Stuck 10000 iters at S=100 (final stage). Stopping at iter 70614.
Stuck 10000 iters at S=100 (final stage). Stopping at iter 70615.
Stuck 10000 iters at S=100 (final stage). Stopping at iter 70616.
Stuck 10000 iters at S=100 (final stage). Stopping at iter 70617.
Stuck 10000 iters at S=100 (final stage). Stopping at iter 70618.
Stuck 10000 iters at S=100 (final stage). Stopping at iter 70619.
Stuck 10000 iters at S=100 (final stage). Stopping at iter 70620.
Stuck 10000 iters at S=100 (final stage). Stopping at iter 70621.
Stuck 10000 iters at S=100 (final stage). Stopping at iter 70622.
Stuck 10000 iters at S=100 (final stage). Stopping at iter 70623.
Stuck 10000 iters at S=100 (final stage). Stopping at iter 70624.
Stuck 10000 iters at S=100 (final stage). Stopping at iter 70625.
Stuck 10000 iters at S=100 (final stage). Stopping at iter 70626.
Stuck 10000 iters at S=100 (final stage). Stopping at iter 70627.
Stuck 10000 iters at S=100 (final stage). Stopping at iter 70628.
Stuck 10000 iters at S=100 (final stage). Stopping at iter 70629.
Stuck 10000 iters at S=100 (final stage). Stopping at iter 70630.
Stuck 10000 iters at S=100 (final stage). Stopping at iter 70631.
Stuck 10000 iters at S=100 (final stage). Stopping at iter 70632.
Stuck 10000 iters at S=100 (final stage). Stopping at iter 70633.
Stuck 10000 iters at S=100 (final stage). Stopping at iter 70634.
Stuck 10000 iters at S=100 (final stage). Stopping at iter 70635.
Stuck 10000 iters at S=100 (final stage). Stopping at iter 70636.
Stuck 10000 iters at S=100 (final stage). Stopping at iter 70637.
Stuck 10000 iters at S=100 (final stage). Stopping at iter 70638.
Stuck 10000 iters at S=100 (final stage). Stopping at iter 70639.
Stuck 10000 iters at S=100 (final stage). Stopping at iter 70640.
Stuck 10000 iters at S=100 (final stage). Stopping at iter 70641.
Stuck 10000 iters at S=100 (final stage). Stopping at iter 70642.
Stuck 10000 iters at S=100 (final stage). Stopping at iter 70643.
Stuck 10000 iters at S=100 (final stage). Stopping at iter 70644.
Stuck 10000 iters at S=100 (final stage). Stopping at iter 70645.
Stuck 10000 iters at S=100 (final stage). Stopping at iter 70646.
Stuck 10000 iters at S=100 (final stage). Stopping at iter 70647.
Stuck 10000 iters at S=100 (final stage). Stopping at iter 70648.
Stuck 10000 iters at S=100 (final stage). Stopping at iter 70649.
Stuck 10000 iters at S=100 (final stage). Stopping at iter 70650.
Stuck 10000 iters at S=100 (final stage). Stopping at iter 70651.
Stuck 10000 iters at S=100 (final stage). Stopping at iter 70652.
Stuck 10000 iters at S=100 (final stage). Stopping at iter 70653.
Stuck 10000 iters at S=100 (final stage). Stopping at iter 70654.
Stuck 10000 iters at S=100 (final stage). Stopping at iter 70655.
Stuck 10000 iters at S=100 (final stage). Stopping at iter 70656.
Stuck 10000 iters at S=100 (final stage). Stopping at iter 70657.
Stuck 10000 iters at S=100 (final stage). Stopping at iter 70658.
Stuck 10000 iters at S=100 (final stage). Stopping at iter 70659.
Stuck 10000 iters at S=100 (final stage). Stopping at iter 70660.
Stuck 10000 iters at S=100 (final stage). Stopping at iter 70661.
Stuck 10000 iters at S=100 (final stage). Stopping at iter 70662.
Stuck 10000 iters at S=100 (final stage). Stopping at iter 70663.
Stuck 10000 iters at S=100 (final stage). Stopping at iter 70664.
Stuck 10000 iters at S=100 (final stage). Stopping at iter 70665.
Stuck 10000 iters at S=100 (final stage). Stopping at iter 70666.
Stuck 10000 iters at S=100 (final stage). Stopping at iter 70667.
Stuck 10000 iters at S=100 (final stage). Stopping at iter 70668.
Stuck 10000 iters at S=100 (final stage). Stopping at iter 70669.
Stuck 10000 iters at S=100 (final stage). Stopping at iter 70670.
Stuck 10000 iters at S=100 (final stage). Stopping at iter 70671.
Stuck 10000 iters at S=100 (final stage). Stopping at iter 70672.
Stuck 10000 iters at S=100 (final stage). Stopping at iter 70673.
Stuck 10000 iters at S=100 (final stage). Stopping at iter 70674.
Stuck 10000 iters at S=100 (final stage). Stopping at iter 70675.
Stuck 10000 iters at S=100 (final stage). Stopping at iter 70676.
Stuck 10000 iters at S=100 (final stage). Stopping at iter 70677.
Stuck 10000 iters at S=100 (final stage). Stopping at iter 70678.
Stuck 10000 iters at S=100 (final stage). Stopping at iter 70679.
Stuck 10000 iters at S=100 (final stage). Stopping at iter 70680.
Stuck 10000 iters at S=100 (final stage). Stopping at iter 70681.
Stuck 10000 iters at S=100 (final stage). Stopping at iter 70682.
Stuck 10000 iters at S=100 (final stage). Stopping at iter 70683.
Stuck 10000 iters at S=100 (final stage). Stopping at iter 70684.
Stuck 10000 iters at S=100 (final stage). Stopping at iter 70685.
Stuck 10000 iters at S=100 (final stage). Stopping at iter 70686.
Stuck 10000 iters at S=100 (final stage). Stopping at iter 70687.
Stuck 10000 iters at S=100 (final stage). Stopping at iter 70688.
Stuck 10000 iters at S=100 (final stage). Stopping at iter 70689.
Stuck 10000 iters at S=100 (final stage). Stopping at iter 70690.
Stuck 10000 iters at S=100 (final stage). Stopping at iter 70691.
Stuck 10000 iters at S=100 (final stage). Stopping at iter 70692.
Stuck 10000 iters at S=100 (final stage). Stopping at iter 70693.
Stuck 10000 iters at S=100 (final stage). Stopping at iter 70694.
Stuck 10000 iters at S=100 (final stage). Stopping at iter 70695.
Stuck 10000 iters at S=100 (final stage). Stopping at iter 70696.
Stuck 10000 iters at S=100 (final stage). Stopping at iter 70697.
Stuck 10000 iters at S=100 (final stage). Stopping at iter 70698.
Stuck 10000 iters at S=100 (final stage). Stopping at iter 70699.
Stuck 10000 iters at S=100 (final stage). Stopping at iter 70700.
Stuck 10000 iters at S=100 (final stage). Stopping at iter 70701.
Stuck 10000 iters at S=100 (final stage). Stopping at iter 70702.
Stuck 10000 iters at S=100 (final stage). Stopping at iter 70703.
Stuck 10000 iters at S=100 (final stage). Stopping at iter 70704.
Stuck 10000 iters at S=100 (final stage). Stopping at iter 70705.
Stuck 10000 iters at S=100 (final stage). Stopping at iter 70706.
Stuck 10000 iters at S=100 (final stage). Stopping at iter 70707.
Stuck 10000 iters at S=100 (final stage). Stopping at iter 70708.
Stuck 10000 iters at S=100 (final stage). Stopping at iter 70709.
Stuck 10000 iters at S=100 (final stage). Stopping at iter 70710.
Stuck 10000 iters at S=100 (final stage). Stopping at iter 70711.
Stuck 10000 iters at S=100 (final stage). Stopping at iter 70712.
Stuck 10000 iters at S=100 (final stage). Stopping at iter 70713.
Stuck 10000 iters at S=100 (final stage). Stopping at iter 70714.
Stuck 10000 iters at S=100 (final stage). Stopping at iter 70715.
Stuck 10000 iters at S=100 (final stage). Stopping at iter 70716.
Stuck 10000 iters at S=100 (final stage). Stopping at iter 70717.
Stuck 10000 iters at S=100 (final stage). Stopping at iter 70718.
Stuck 10000 iters at S=100 (final stage). Stopping at iter 70719.
Stuck 10000 iters at S=100 (final stage). Stopping at iter 70720.
Stuck 10000 iters at S=100 (final stage). Stopping at iter 70721.
Stuck 10000 iters at S=100 (final stage). Stopping at iter 70722.
Stuck 10000 iters at S=100 (final stage). Stopping at iter 70723.
Stuck 10000 iters at S=100 (final stage). Stopping at iter 70724.
Stuck 10000 iters at S=100 (final stage). Stopping at iter 70725.
Stuck 10000 iters at S=100 (final stage). Stopping at iter 70726.
Stuck 10000 iters at S=100 (final stage). Stopping at iter 70727.
Stuck 10000 iters at S=100 (final stage). Stopping at iter 70728.
Stuck 10000 iters at S=100 (final stage). Stopping at iter 70729.
Stuck 10000 iters at S=100 (final stage). Stopping at iter 70730.
Stuck 10000 iters at S=100 (final stage). Stopping at iter 70731.
Stuck 10000 iters at S=100 (final stage). Stopping at iter 70732.
Stuck 10000 iters at S=100 (final stage). Stopping at iter 70733.
Stuck 10000 iters at S=100 (final stage). Stopping at iter 70734.
Stuck 10000 iters at S=100 (final stage). Stopping at iter 70735.
Stuck 10000 iters at S=100 (final stage). Stopping at iter 70736.
Stuck 10000 iters at S=100 (final stage). Stopping at iter 70737.
Stuck 10000 iters at S=100 (final stage). Stopping at iter 70738.
Stuck 10000 iters at S=100 (final stage). Stopping at iter 70739.
Stuck 10000 iters at S=100 (final stage). Stopping at iter 70740.
Stuck 10000 iters at S=100 (final stage). Stopping at iter 70741.
Stuck 10000 iters at S=100 (final stage). Stopping at iter 70742.
Stuck 10000 iters at S=100 (final stage). Stopping at iter 70743.
Stuck 10000 iters at S=100 (final stage). Stopping at iter 70744.
Stuck 10000 iters at S=100 (final stage). Stopping at iter 70745.
Stuck 10000 iters at S=100 (final stage). Stopping at iter 70746.
Stuck 10000 iters at S=100 (final stage). Stopping at iter 70747.
Stuck 10000 iters at S=100 (final stage). Stopping at iter 70748.
Stuck 10000 iters at S=100 (final stage). Stopping at iter 70749.
Stuck 10000 iters at S=100 (final stage). Stopping at iter 70750.
Stuck 10000 iters at S=100 (final stage). Stopping at iter 70751.
Stuck 10000 iters at S=100 (final stage). Stopping at iter 70752.
Stuck 10000 iters at S=100 (final stage). Stopping at iter 70753.
Stuck 10000 iters at S=100 (final stage). Stopping at iter 70754.
Stuck 10000 iters at S=100 (final stage). Stopping at iter 70755.
Stuck 10000 iters at S=100 (final stage). Stopping at iter 70756.
Stuck 10000 iters at S=100 (final stage). Stopping at iter 70757.
Stuck 10000 iters at S=100 (final stage). Stopping at iter 70758.
Stuck 10000 iters at S=100 (final stage). Stopping at iter 70759.
Stuck 10000 iters at S=100 (final stage). Stopping at iter 70760.
Stuck 10000 iters at S=100 (final stage). Stopping at iter 70761.
Stuck 10000 iters at S=100 (final stage). Stopping at iter 70762.
Stuck 10000 iters at S=100 (final stage). Stopping at iter 70763.
Stuck 10000 iters at S=100 (final stage). Stopping at iter 70764.
Stuck 10000 iters at S=100 (final stage). Stopping at iter 70765.
Stuck 10000 iters at S=100 (final stage). Stopping at iter 70766.
Stuck 10000 iters at S=100 (final stage). Stopping at iter 70767.
Stuck 10000 iters at S=100 (final stage). Stopping at iter 70768.
Stuck 10000 iters at S=100 (final stage). Stopping at iter 70769.
Stuck 10000 iters at S=100 (final stage). Stopping at iter 70770.
Stuck 10000 iters at S=100 (final stage). Stopping at iter 70771.
Stuck 10000 iters at S=100 (final stage). Stopping at iter 70772.
Stuck 10000 iters at S=100 (final stage). Stopping at iter 70773.
Stuck 10000 iters at S=100 (final stage). Stopping at iter 70774.
Stuck 10000 iters at S=100 (final stage). Stopping at iter 70775.
Stuck 10000 iters at S=100 (final stage). Stopping at iter 70776.
Stuck 10000 iters at S=100 (final stage). Stopping at iter 70777.
Stuck 10000 iters at S=100 (final stage). Stopping at iter 70778.
Stuck 10000 iters at S=100 (final stage). Stopping at iter 70779.
Stuck 10000 iters at S=100 (final stage). Stopping at iter 70780.
Stuck 10000 iters at S=100 (final stage). Stopping at iter 70781.
Stuck 10000 iters at S=100 (final stage). Stopping at iter 70782.
Stuck 10000 iters at S=100 (final stage). Stopping at iter 70783.
Stuck 10000 iters at S=100 (final stage). Stopping at iter 70784.
Stuck 10000 iters at S=100 (final stage). Stopping at iter 70785.
Stuck 10000 iters at S=100 (final stage). Stopping at iter 70786.
Stuck 10000 iters at S=100 (final stage). Stopping at iter 70787.
Stuck 10000 iters at S=100 (final stage). Stopping at iter 70788.
Stuck 10000 iters at S=100 (final stage). Stopping at iter 70789.
Stuck 10000 iters at S=100 (final stage). Stopping at iter 70790.
Stuck 10000 iters at S=100 (final stage). Stopping at iter 70791.
Stuck 10000 iters at S=100 (final stage). Stopping at iter 70792.
Stuck 10000 iters at S=100 (final stage). Stopping at iter 70793.
Stuck 10000 iters at S=100 (final stage). Stopping at iter 70794.
Stuck 10000 iters at S=100 (final stage). Stopping at iter 70795.
Stuck 10000 iters at S=100 (final stage). Stopping at iter 70796.
Stuck 10000 iters at S=100 (final stage). Stopping at iter 70797.
Stuck 10000 iters at S=100 (final stage). Stopping at iter 70798.
Stuck 10000 iters at S=100 (final stage). Stopping at iter 70799.
Stuck 10000 iters at S=100 (final stage). Stopping at iter 70800.
Stuck 10000 iters at S=100 (final stage). Stopping at iter 70801.
Stuck 10000 iters at S=100 (final stage). Stopping at iter 70802.
Stuck 10000 iters at S=100 (final stage). Stopping at iter 70803.
Stuck 10000 iters at S=100 (final stage). Stopping at iter 70804.
Stuck 10000 iters at S=100 (final stage). Stopping at iter 70805.
Stuck 10000 iters at S=100 (final stage). Stopping at iter 70806.
Stuck 10000 iters at S=100 (final stage). Stopping at iter 70807.
Stuck 10000 iters at S=100 (final stage). Stopping at iter 70808.
Stuck 10000 iters at S=100 (final stage). Stopping at iter 70809.
Stuck 10000 iters at S=100 (final stage). Stopping at iter 70810.
Stuck 10000 iters at S=100 (final stage). Stopping at iter 70811.
Stuck 10000 iters at S=100 (final stage). Stopping at iter 70812.
Stuck 10000 iters at S=100 (final stage). Stopping at iter 70813.
Stuck 10000 iters at S=100 (final stage). Stopping at iter 70814.
Stuck 10000 iters at S=100 (final stage). Stopping at iter 70815.
Stuck 10000 iters at S=100 (final stage). Stopping at iter 70816.
Stuck 10000 iters at S=100 (final stage). Stopping at iter 70817.
Stuck 10000 iters at S=100 (final stage). Stopping at iter 70818.
Stuck 10000 iters at S=100 (final stage). Stopping at iter 70819.
Stuck 10000 iters at S=100 (final stage). Stopping at iter 70820.
Stuck 10000 iters at S=100 (final stage). Stopping at iter 70821.
Stuck 10000 iters at S=100 (final stage). Stopping at iter 70822.
Stuck 10000 iters at S=100 (final stage). Stopping at iter 70823.
Stuck 10000 iters at S=100 (final stage). Stopping at iter 70824.
Stuck 10000 iters at S=100 (final stage). Stopping at iter 70825.
Stuck 10000 iters at S=100 (final stage). Stopping at iter 70826.
Stuck 10000 iters at S=100 (final stage). Stopping at iter 70827.
Stuck 10000 iters at S=100 (final stage). Stopping at iter 70828.
Stuck 10000 iters at S=100 (final stage). Stopping at iter 70829.
Stuck 10000 iters at S=100 (final stage). Stopping at iter 70830.
Stuck 10000 iters at S=100 (final stage). Stopping at iter 70831.
Stuck 10000 iters at S=100 (final stage). Stopping at iter 70832.
Stuck 10000 iters at S=100 (final stage). Stopping at iter 70833.
Stuck 10000 iters at S=100 (final stage). Stopping at iter 70834.
Stuck 10000 iters at S=100 (final stage). Stopping at iter 70835.
Stuck 10000 iters at S=100 (final stage). Stopping at iter 70836.
Stuck 10000 iters at S=100 (final stage). Stopping at iter 70837.
Stuck 10000 iters at S=100 (final stage). Stopping at iter 70838.
Stuck 10000 iters at S=100 (final stage). Stopping at iter 70839.
Stuck 10000 iters at S=100 (final stage). Stopping at iter 70840.
Stuck 10000 iters at S=100 (final stage). Stopping at iter 70841.
Stuck 10000 iters at S=100 (final stage). Stopping at iter 70842.
Stuck 10000 iters at S=100 (final stage). Stopping at iter 70843.
Stuck 10000 iters at S=100 (final stage). Stopping at iter 70844.
Stuck 10000 iters at S=100 (final stage). Stopping at iter 70845.
Stuck 10000 iters at S=100 (final stage). Stopping at iter 70846.
Stuck 10000 iters at S=100 (final stage). Stopping at iter 70847.
Stuck 10000 iters at S=100 (final stage). Stopping at iter 70848.
Stuck 10000 iters at S=100 (final stage). Stopping at iter 70849.
Stuck 10000 iters at S=100 (final stage). Stopping at iter 70850.
Stuck 10000 iters at S=100 (final stage). Stopping at iter 70851.
Stuck 10000 iters at S=100 (final stage). Stopping at iter 70852.
Stuck 10000 iters at S=100 (final stage). Stopping at iter 70853.
Stuck 10000 iters at S=100 (final stage). Stopping at iter 70854.
Stuck 10000 iters at S=100 (final stage). Stopping at iter 70855.
Stuck 10000 iters at S=100 (final stage). Stopping at iter 70856.
Stuck 10000 iters at S=100 (final stage). Stopping at iter 70857.
Stuck 10000 iters at S=100 (final stage). Stopping at iter 70858.
Stuck 10000 iters at S=100 (final stage). Stopping at iter 70859.
Stuck 10000 iters at S=100 (final stage). Stopping at iter 70860.
Stuck 10000 iters at S=100 (final stage). Stopping at iter 70861.
Stuck 10000 iters at S=100 (final stage). Stopping at iter 70862.
Stuck 10000 iters at S=100 (final stage). Stopping at iter 70863.
Stuck 10000 iters at S=100 (final stage). Stopping at iter 70864.
Stuck 10000 iters at S=100 (final stage). Stopping at iter 70865.
Stuck 10000 iters at S=100 (final stage). Stopping at iter 70866.
Stuck 10000 iters at S=100 (final stage). Stopping at iter 70867.
Stuck 10000 iters at S=100 (final stage). Stopping at iter 70868.
Stuck 10000 iters at S=100 (final stage). Stopping at iter 70869.
Stuck 10000 iters at S=100 (final stage). Stopping at iter 70870.
Stuck 10000 iters at S=100 (final stage). Stopping at iter 70871.
Stuck 10000 iters at S=100 (final stage). Stopping at iter 70872.
Stuck 10000 iters at S=100 (final stage). Stopping at iter 70873.
Stuck 10000 iters at S=100 (final stage). Stopping at iter 70874.
Stuck 10000 iters at S=100 (final stage). Stopping at iter 70875.
Stuck 10000 iters at S=100 (final stage). Stopping at iter 70876.
Stuck 10000 iters at S=100 (final stage). Stopping at iter 70877.
Stuck 10000 iters at S=100 (final stage). Stopping at iter 70878.
Stuck 10000 iters at S=100 (final stage). Stopping at iter 70879.
Stuck 10000 iters at S=100 (final stage). Stopping at iter 70880.
Stuck 10000 iters at S=100 (final stage). Stopping at iter 70881.
Stuck 10000 iters at S=100 (final stage). Stopping at iter 70882.
Stuck 10000 iters at S=100 (final stage). Stopping at iter 70883.
Stuck 10000 iters at S=100 (final stage). Stopping at iter 70884.
Stuck 10000 iters at S=100 (final stage). Stopping at iter 70885.
Stuck 10000 iters at S=100 (final stage). Stopping at iter 70886.
Stuck 10000 iters at S=100 (final stage). Stopping at iter 70887.
Stuck 10000 iters at S=100 (final stage). Stopping at iter 70888.
Stuck 10000 iters at S=100 (final stage). Stopping at iter 70889.
Stuck 10000 iters at S=100 (final stage). Stopping at iter 70890.
Stuck 10000 iters at S=100 (final stage). Stopping at iter 70891.
Stuck 10000 iters at S=100 (final stage). Stopping at iter 70892.
Stuck 10000 iters at S=100 (final stage). Stopping at iter 70893.
Stuck 10000 iters at S=100 (final stage). Stopping at iter 70894.
Stuck 10000 iters at S=100 (final stage). Stopping at iter 70895.
Stuck 10000 iters at S=100 (final stage). Stopping at iter 70896.
Stuck 10000 iters at S=100 (final stage). Stopping at iter 70897.
Stuck 10000 iters at S=100 (final stage). Stopping at iter 70898.
Stuck 10000 iters at S=100 (final stage). Stopping at iter 70899.
Stuck 10000 iters at S=100 (final stage). Stopping at iter 70900.
Stuck 10000 iters at S=100 (final stage). Stopping at iter 70901.
Stuck 10000 iters at S=100 (final stage). Stopping at iter 70902.
Stuck 10000 iters at S=100 (final stage). Stopping at iter 70903.
Stuck 10000 iters at S=100 (final stage). Stopping at iter 70904.
Stuck 10000 iters at S=100 (final stage). Stopping at iter 70905.
Stuck 10000 iters at S=100 (final stage). Stopping at iter 70906.
Stuck 10000 iters at S=100 (final stage). Stopping at iter 70907.
Stuck 10000 iters at S=100 (final stage). Stopping at iter 70908.
Stuck 10000 iters at S=100 (final stage). Stopping at iter 70909.
Stuck 10000 iters at S=100 (final stage). Stopping at iter 70910.
Stuck 10000 iters at S=100 (final stage). Stopping at iter 70911.
Stuck 10000 iters at S=100 (final stage). Stopping at iter 70912.
Stuck 10000 iters at S=100 (final stage). Stopping at iter 70913.
Stuck 10000 iters at S=100 (final stage). Stopping at iter 70914.
Stuck 10000 iters at S=100 (final stage). Stopping at iter 70915.
Stuck 10000 iters at S=100 (final stage). Stopping at iter 70916.
Stuck 10000 iters at S=100 (final stage). Stopping at iter 70917.
Stuck 10000 iters at S=100 (final stage). Stopping at iter 70918.
Stuck 10000 iters at S=100 (final stage). Stopping at iter 70919.
Stuck 10000 iters at S=100 (final stage). Stopping at iter 70920.
Stuck 10000 iters at S=100 (final stage). Stopping at iter 70921.
Stuck 10000 iters at S=100 (final stage). Stopping at iter 70922.
Stuck 10000 iters at S=100 (final stage). Stopping at iter 70923.
Stuck 10000 iters at S=100 (final stage). Stopping at iter 70924.
Stuck 10000 iters at S=100 (final stage). Stopping at iter 70925.
Stuck 10000 iters at S=100 (final stage). Stopping at iter 70926.
Stuck 10000 iters at S=100 (final stage). Stopping at iter 70927.
Stuck 10000 iters at S=100 (final stage). Stopping at iter 70928.
Stuck 10000 iters at S=100 (final stage). Stopping at iter 70929.
Stuck 10000 iters at S=100 (final stage). Stopping at iter 70930.
Stuck 10000 iters at S=100 (final stage). Stopping at iter 70931.
Stuck 10000 iters at S=100 (final stage). Stopping at iter 70932.
Stuck 10000 iters at S=100 (final stage). Stopping at iter 70933.
Stuck 10000 iters at S=100 (final stage). Stopping at iter 70934.
Stuck 10000 iters at S=100 (final stage). Stopping at iter 70935.
Stuck 10000 iters at S=100 (final stage). Stopping at iter 70936.
Stuck 10000 iters at S=100 (final stage). Stopping at iter 70937.
Stuck 10000 iters at S=100 (final stage). Stopping at iter 70938.
Stuck 10000 iters at S=100 (final stage). Stopping at iter 70939.
Stuck 10000 iters at S=100 (final stage). Stopping at iter 70940.
Stuck 10000 iters at S=100 (final stage). Stopping at iter 70941.
Stuck 10000 iters at S=100 (final stage). Stopping at iter 70942.
Stuck 10000 iters at S=100 (final stage). Stopping at iter 70943.
Stuck 10000 iters at S=100 (final stage). Stopping at iter 70944.
Stuck 10000 iters at S=100 (final stage). Stopping at iter 70945.
Stuck 10000 iters at S=100 (final stage). Stopping at iter 70946.
Stuck 10000 iters at S=100 (final stage). Stopping at iter 70947.
Stuck 10000 iters at S=100 (final stage). Stopping at iter 70948.
Stuck 10000 iters at S=100 (final stage). Stopping at iter 70949.
Stuck 10000 iters at S=100 (final stage). Stopping at iter 70950.
Stuck 10000 iters at S=100 (final stage). Stopping at iter 70951.
Stuck 10000 iters at S=100 (final stage). Stopping at iter 70952.
Stuck 10000 iters at S=100 (final stage). Stopping at iter 70953.
Stuck 10000 iters at S=100 (final stage). Stopping at iter 70954.
Stuck 10000 iters at S=100 (final stage). Stopping at iter 70955.
Stuck 10000 iters at S=100 (final stage). Stopping at iter 70956.
Stuck 10000 iters at S=100 (final stage). Stopping at iter 70957.
Stuck 10000 iters at S=100 (final stage). Stopping at iter 70958.
Stuck 10000 iters at S=100 (final stage). Stopping at iter 70959.
Stuck 10000 iters at S=100 (final stage). Stopping at iter 70960.
Stuck 10000 iters at S=100 (final stage). Stopping at iter 70961.
Stuck 10000 iters at S=100 (final stage). Stopping at iter 70962.
Stuck 10000 iters at S=100 (final stage). Stopping at iter 70963.
Stuck 10000 iters at S=100 (final stage). Stopping at iter 70964.
Stuck 10000 iters at S=100 (final stage). Stopping at iter 70965.
Stuck 10000 iters at S=100 (final stage). Stopping at iter 70966.
Stuck 10000 iters at S=100 (final stage). Stopping at iter 70967.
Stuck 10000 iters at S=100 (final stage). Stopping at iter 70968.
Stuck 10000 iters at S=100 (final stage). Stopping at iter 70969.
Stuck 10000 iters at S=100 (final stage). Stopping at iter 70970.
Stuck 10000 iters at S=100 (final stage). Stopping at iter 70971.
Stuck 10000 iters at S=100 (final stage). Stopping at iter 70972.
Stuck 10000 iters at S=100 (final stage). Stopping at iter 70973.
Stuck 10000 iters at S=100 (final stage). Stopping at iter 70974.
Stuck 10000 iters at S=100 (final stage). Stopping at iter 70975.
Stuck 10000 iters at S=100 (final stage). Stopping at iter 70976.
Stuck 10000 iters at S=100 (final stage). Stopping at iter 70977.
Stuck 10000 iters at S=100 (final stage). Stopping at iter 70978.
Stuck 10000 iters at S=100 (final stage). Stopping at iter 70979.
Stuck 10000 iters at S=100 (final stage). Stopping at iter 70980.
Stuck 10000 iters at S=100 (final stage). Stopping at iter 70981.
Stuck 10000 iters at S=100 (final stage). Stopping at iter 70982.
Stuck 10000 iters at S=100 (final stage). Stopping at iter 70983.
Stuck 10000 iters at S=100 (final stage). Stopping at iter 70984.
Stuck 10000 iters at S=100 (final stage). Stopping at iter 70985.
Stuck 10000 iters at S=100 (final stage). Stopping at iter 70986.
Stuck 10000 iters at S=100 (final stage). Stopping at iter 70987.
Stuck 10000 iters at S=100 (final stage). Stopping at iter 70988.
Stuck 10000 iters at S=100 (final stage). Stopping at iter 70989.
Stuck 10000 iters at S=100 (final stage). Stopping at iter 70990.
Stuck 10000 iters at S=100 (final stage). Stopping at iter 70991.
Stuck 10000 iters at S=100 (final stage). Stopping at iter 70992.
Stuck 10000 iters at S=100 (final stage). Stopping at iter 70993.
Stuck 10000 iters at S=100 (final stage). Stopping at iter 70994.
Stuck 10000 iters at S=100 (final stage). Stopping at iter 70995.
Stuck 10000 iters at S=100 (final stage). Stopping at iter 70996.
Stuck 10000 iters at S=100 (final stage). Stopping at iter 70997.
Stuck 10000 iters at S=100 (final stage). Stopping at iter 70998.
Stuck 10000 iters at S=100 (final stage). Stopping at iter 70999.
Stuck 10000 iters at S=100 (final stage). Stopping at iter 71000.
Stuck 10000 iters at S=100 (final stage). Stopping at iter 71001.
Stuck 10000 iters at S=100 (final stage). Stopping at iter 71002.
Stuck 10000 iters at S=100 (final stage). Stopping at iter 71003.
Stuck 10000 iters at S=100 (final stage). Stopping at iter 71004.
Stuck 10000 iters at S=100 (final stage). Stopping at iter 71005.
Stuck 10000 iters at S=100 (final stage). Stopping at iter 71006.
Stuck 10000 iters at S=100 (final stage). Stopping at iter 71007.
Stuck 10000 iters at S=100 (final stage). Stopping at iter 71008.
Stuck 10000 iters at S=100 (final stage). Stopping at iter 71009.
Stuck 10000 iters at S=100 (final stage). Stopping at iter 71010.
Stuck 10000 iters at S=100 (final stage). Stopping at iter 71011.
Stuck 10000 iters at S=100 (final stage). Stopping at iter 71012.
Stuck 10000 iters at S=100 (final stage). Stopping at iter 71013.
Stuck 10000 iters at S=100 (final stage). Stopping at iter 71014.
Stuck 10000 iters at S=100 (final stage). Stopping at iter 71015.
Stuck 10000 iters at S=100 (final stage). Stopping at iter 71016.
Stuck 10000 iters at S=100 (final stage). Stopping at iter 71017.
Stuck 10000 iters at S=100 (final stage). Stopping at iter 71018.
Stuck 10000 iters at S=100 (final stage). Stopping at iter 71019.
Stuck 10000 iters at S=100 (final stage). Stopping at iter 71020.
Stuck 10000 iters at S=100 (final stage). Stopping at iter 71021.
Stuck 10000 iters at S=100 (final stage). Stopping at iter 71022.
Stuck 10000 iters at S=100 (final stage). Stopping at iter 71023.
Stuck 10000 iters at S=100 (final stage). Stopping at iter 71024.
Stuck 10000 iters at S=100 (final stage). Stopping at iter 71025.
Stuck 10000 iters at S=100 (final stage). Stopping at iter 71026.
Stuck 10000 iters at S=100 (final stage). Stopping at iter 71027.
Stuck 10000 iters at S=100 (final stage). Stopping at iter 71028.
Stuck 10000 iters at S=100 (final stage). Stopping at iter 71029.
Stuck 10000 iters at S=100 (final stage). Stopping at iter 71030.
Stuck 10000 iters at S=100 (final stage). Stopping at iter 71031.
Stuck 10000 iters at S=100 (final stage). Stopping at iter 71032.
Stuck 10000 iters at S=100 (final stage). Stopping at iter 71033.
Stuck 10000 iters at S=100 (final stage). Stopping at iter 71034.
Stuck 10000 iters at S=100 (final stage). Stopping at iter 71035.
Stuck 10000 iters at S=100 (final stage). Stopping at iter 71036.
Stuck 10000 iters at S=100 (final stage). Stopping at iter 71037.
Stuck 10000 iters at S=100 (final stage). Stopping at iter 71038.
Stuck 10000 iters at S=100 (final stage). Stopping at iter 71039.
Stuck 10000 iters at S=100 (final stage). Stopping at iter 71040.
Stuck 10000 iters at S=100 (final stage). Stopping at iter 71041.
Stuck 10000 iters at S=100 (final stage). Stopping at iter 71042.
Stuck 10000 iters at S=100 (final stage). Stopping at iter 71043.
Stuck 10000 iters at S=100 (final stage). Stopping at iter 71044.
Stuck 10000 iters at S=100 (final stage). Stopping at iter 71045.
Stuck 10000 iters at S=100 (final stage). Stopping at iter 71046.
Stuck 10000 iters at S=100 (final stage). Stopping at iter 71047.
Stuck 10000 iters at S=100 (final stage). Stopping at iter 71048.
Stuck 10000 iters at S=100 (final stage). Stopping at iter 71049.
Stuck 10000 iters at S=100 (final stage). Stopping at iter 71050.
Stuck 10000 iters at S=100 (final stage). Stopping at iter 71051.
Stuck 10000 iters at S=100 (final stage). Stopping at iter 71052.
Stuck 10000 iters at S=100 (final stage). Stopping at iter 71053.
Stuck 10000 iters at S=100 (final stage). Stopping at iter 71054.
Stuck 10000 iters at S=100 (final stage). Stopping at iter 71055.
Stuck 10000 iters at S=100 (final stage). Stopping at iter 71056.
Stuck 10000 iters at S=100 (final stage). Stopping at iter 71057.
Stuck 10000 iters at S=100 (final stage). Stopping at iter 71058.
Stuck 10000 iters at S=100 (final stage). Stopping at iter 71059.
Stuck 10000 iters at S=100 (final stage). Stopping at iter 71060.
Stuck 10000 iters at S=100 (final stage). Stopping at iter 71061.
Stuck 10000 iters at S=100 (final stage). Stopping at iter 71062.
Stuck 10000 iters at S=100 (final stage). Stopping at iter 71063.
Stuck 10000 iters at S=100 (final stage). Stopping at iter 71064.
Stuck 10000 iters at S=100 (final stage). Stopping at iter 71065.
Stuck 10000 iters at S=100 (final stage). Stopping at iter 71066.
Stuck 10000 iters at S=100 (final stage). Stopping at iter 71067.
Stuck 10000 iters at S=100 (final stage). Stopping at iter 71068.
Stuck 10000 iters at S=100 (final stage). Stopping at iter 71069.
Stuck 10000 iters at S=100 (final stage). Stopping at iter 71070.
Stuck 10000 iters at S=100 (final stage). Stopping at iter 71071.
Stuck 10000 iters at S=100 (final stage). Stopping at iter 71072.
Stuck 10000 iters at S=100 (final stage). Stopping at iter 71073.
Stuck 10000 iters at S=100 (final stage). Stopping at iter 71074.
Stuck 10000 iters at S=100 (final stage). Stopping at iter 71075.
Stuck 10000 iters at S=100 (final stage). Stopping at iter 71076.
Stuck 10000 iters at S=100 (final stage). Stopping at iter 71077.
Stuck 10000 iters at S=100 (final stage). Stopping at iter 71078.
Stuck 10000 iters at S=100 (final stage). Stopping at iter 71079.
Stuck 10000 iters at S=100 (final stage). Stopping at iter 71080.
Stuck 10000 iters at S=100 (final stage). Stopping at iter 71081.
Stuck 10000 iters at S=100 (final stage). Stopping at iter 71082.
Stuck 10000 iters at S=100 (final stage). Stopping at iter 71083.
Stuck 10000 iters at S=100 (final stage). Stopping at iter 71084.
Stuck 10000 iters at S=100 (final stage). Stopping at iter 71085.
Stuck 10000 iters at S=100 (final stage). Stopping at iter 71086.
Stuck 10000 iters at S=100 (final stage). Stopping at iter 71087.
Stuck 10000 iters at S=100 (final stage). Stopping at iter 71088.
Stuck 10000 iters at S=100 (final stage). Stopping at iter 71089.
Stuck 10000 iters at S=100 (final stage). Stopping at iter 71090.
Stuck 10000 iters at S=100 (final stage). Stopping at iter 71091.
Stuck 10000 iters at S=100 (final stage). Stopping at iter 71092.
Stuck 10000 iters at S=100 (final stage). Stopping at iter 71093.
Stuck 10000 iters at S=100 (final stage). Stopping at iter 71094.
Stuck 10000 iters at S=100 (final stage). Stopping at iter 71095.
Stuck 10000 iters at S=100 (final stage). Stopping at iter 71096.
Stuck 10000 iters at S=100 (final stage). Stopping at iter 71097.
Stuck 10000 iters at S=100 (final stage). Stopping at iter 71098.
Stuck 10000 iters at S=100 (final stage). Stopping at iter 71099.
Stuck 10000 iters at S=100 (final stage). Stopping at iter 71100.
Stuck 10000 iters at S=100 (final stage). Stopping at iter 71101.
Stuck 10000 iters at S=100 (final stage). Stopping at iter 71102.
Stuck 10000 iters at S=100 (final stage). Stopping at iter 71103.
Stuck 10000 iters at S=100 (final stage). Stopping at iter 71104.
Stuck 10000 iters at S=100 (final stage). Stopping at iter 71105.
Stuck 10000 iters at S=100 (final stage). Stopping at iter 71106.
Stuck 10000 iters at S=100 (final stage). Stopping at iter 71107.
Stuck 10000 iters at S=100 (final stage). Stopping at iter 71108.
Stuck 10000 iters at S=100 (final stage). Stopping at iter 71109.
Stuck 10000 iters at S=100 (final stage). Stopping at iter 71110.
Stuck 10000 iters at S=100 (final stage). Stopping at iter 71111.
Stuck 10000 iters at S=100 (final stage). Stopping at iter 71112.
Stuck 10000 iters at S=100 (final stage). Stopping at iter 71113.
Stuck 10000 iters at S=100 (final stage). Stopping at iter 71114.
Stuck 10000 iters at S=100 (final stage). Stopping at iter 71115.
Stuck 10000 iters at S=100 (final stage). Stopping at iter 71116.
Stuck 10000 iters at S=100 (final stage). Stopping at iter 71117.
Stuck 10000 iters at S=100 (final stage). Stopping at iter 71118.
Stuck 10000 iters at S=100 (final stage). Stopping at iter 71119.
Stuck 10000 iters at S=100 (final stage). Stopping at iter 71120.
Stuck 10000 iters at S=100 (final stage). Stopping at iter 71121.
Stuck 10000 iters at S=100 (final stage). Stopping at iter 71122.
Stuck 10000 iters at S=100 (final stage). Stopping at iter 71123.
Stuck 10000 iters at S=100 (final stage). Stopping at iter 71124.
Stuck 10000 iters at S=100 (final stage). Stopping at iter 71125.
Stuck 10000 iters at S=100 (final stage). Stopping at iter 71126.
Stuck 10000 iters at S=100 (final stage). Stopping at iter 71127.
Stuck 10000 iters at S=100 (final stage). Stopping at iter 71128.
Stuck 10000 iters at S=100 (final stage). Stopping at iter 71129.
Stuck 10000 iters at S=100 (final stage). Stopping at iter 71130.
Stuck 10000 iters at S=100 (final stage). Stopping at iter 71131.
Stuck 10000 iters at S=100 (final stage). Stopping at iter 71132.
Stuck 10000 iters at S=100 (final stage). Stopping at iter 71133.
Stuck 10000 iters at S=100 (final stage). Stopping at iter 71134.
Stuck 10000 iters at S=100 (final stage). Stopping at iter 71135.
Stuck 10000 iters at S=100 (final stage). Stopping at iter 71136.
Stuck 10000 iters at S=100 (final stage). Stopping at iter 71137.
Stuck 10000 iters at S=100 (final stage). Stopping at iter 71138.
Stuck 10000 iters at S=100 (final stage). Stopping at iter 71139.
Stuck 10000 iters at S=100 (final stage). Stopping at iter 71140.
Stuck 10000 iters at S=100 (final stage). Stopping at iter 71141.
Stuck 10000 iters at S=100 (final stage). Stopping at iter 71142.
Stuck 10000 iters at S=100 (final stage). Stopping at iter 71143.
Stuck 10000 iters at S=100 (final stage). Stopping at iter 71144.
Stuck 10000 iters at S=100 (final stage). Stopping at iter 71145.
Stuck 10000 iters at S=100 (final stage). Stopping at iter 71146.
Stuck 10000 iters at S=100 (final stage). Stopping at iter 71147.
Stuck 10000 iters at S=100 (final stage). Stopping at iter 71148.
Stuck 10000 iters at S=100 (final stage). Stopping at iter 71149.
Stuck 10000 iters at S=100 (final stage). Stopping at iter 71150.
Stuck 10000 iters at S=100 (final stage). Stopping at iter 71151.
Stuck 10000 iters at S=100 (final stage). Stopping at iter 71152.
Stuck 10000 iters at S=100 (final stage). Stopping at iter 71153.
Stuck 10000 iters at S=100 (final stage). Stopping at iter 71154.
Stuck 10000 iters at S=100 (final stage). Stopping at iter 71155.
Stuck 10000 iters at S=100 (final stage). Stopping at iter 71156.
Stuck 10000 iters at S=100 (final stage). Stopping at iter 71157.
Stuck 10000 iters at S=100 (final stage). Stopping at iter 71158.
Stuck 10000 iters at S=100 (final stage). Stopping at iter 71159.
Stuck 10000 iters at S=100 (final stage). Stopping at iter 71160.
Stuck 10000 iters at S=100 (final stage). Stopping at iter 71161.
Stuck 10000 iters at S=100 (final stage). Stopping at iter 71162.
Stuck 10000 iters at S=100 (final stage). Stopping at iter 71163.
Stuck 10000 iters at S=100 (final stage). Stopping at iter 71164.
Stuck 10000 iters at S=100 (final stage). Stopping at iter 71165.
Stuck 10000 iters at S=100 (final stage). Stopping at iter 71166.
Stuck 10000 iters at S=100 (final stage). Stopping at iter 71167.
Stuck 10000 iters at S=100 (final stage). Stopping at iter 71168.
Stuck 10000 iters at S=100 (final stage). Stopping at iter 71169.
Stuck 10000 iters at S=100 (final stage). Stopping at iter 71170.
Stuck 10000 iters at S=100 (final stage). Stopping at iter 71171.
Stuck 10000 iters at S=100 (final stage). Stopping at iter 71172.
Stuck 10000 iters at S=100 (final stage). Stopping at iter 71173.
Stuck 10000 iters at S=100 (final stage). Stopping at iter 71174.
Stuck 10000 iters at S=100 (final stage). Stopping at iter 71175.
Stuck 10000 iters at S=100 (final stage). Stopping at iter 71176.
Stuck 10000 iters at S=100 (final stage). Stopping at iter 71177.
Stuck 10000 iters at S=100 (final stage). Stopping at iter 71178.
Stuck 10000 iters at S=100 (final stage). Stopping at iter 71179.
Stuck 10000 iters at S=100 (final stage). Stopping at iter 71180.
Stuck 10000 iters at S=100 (final stage). Stopping at iter 71181.
Stuck 10000 iters at S=100 (final stage). Stopping at iter 71182.
Stuck 10000 iters at S=100 (final stage). Stopping at iter 71183.
Stuck 10000 iters at S=100 (final stage). Stopping at iter 71184.
Stuck 10000 iters at S=100 (final stage). Stopping at iter 71185.
Stuck 10000 iters at S=100 (final stage). Stopping at iter 71186.
Stuck 10000 iters at S=100 (final stage). Stopping at iter 71187.
Stuck 10000 iters at S=100 (final stage). Stopping at iter 71188.
Stuck 10000 iters at S=100 (final stage). Stopping at iter 71189.
Stuck 10000 iters at S=100 (final stage). Stopping at iter 71190.
Stuck 10000 iters at S=100 (final stage). Stopping at iter 71191.
Stuck 10000 iters at S=100 (final stage). Stopping at iter 71192.
Stuck 10000 iters at S=100 (final stage). Stopping at iter 71193.
Stuck 10000 iters at S=100 (final stage). Stopping at iter 71194.
Stuck 10000 iters at S=100 (final stage). Stopping at iter 71195.
Stuck 10000 iters at S=100 (final stage). Stopping at iter 71196.
Stuck 10000 iters at S=100 (final stage). Stopping at iter 71197.
Stuck 10000 iters at S=100 (final stage). Stopping at iter 71198.
Stuck 10000 iters at S=100 (final stage). Stopping at iter 71199.
Stuck 10000 iters at S=100 (final stage). Stopping at iter 71200.
Stuck 10000 iters at S=100 (final stage). Stopping at iter 71201.
Stuck 10000 iters at S=100 (final stage). Stopping at iter 71202.
Stuck 10000 iters at S=100 (final stage). Stopping at iter 71203.
Stuck 10000 iters at S=100 (final stage). Stopping at iter 71204.
Stuck 10000 iters at S=100 (final stage). Stopping at iter 71205.
Stuck 10000 iters at S=100 (final stage). Stopping at iter 71206.
Stuck 10000 iters at S=100 (final stage). Stopping at iter 71207.
Stuck 10000 iters at S=100 (final stage). Stopping at iter 71208.
Stuck 10000 iters at S=100 (final stage). Stopping at iter 71209.
Stuck 10000 iters at S=100 (final stage). Stopping at iter 71210.
Stuck 10000 iters at S=100 (final stage). Stopping at iter 71211.
Stuck 10000 iters at S=100 (final stage). Stopping at iter 71212.
Stuck 10000 iters at S=100 (final stage). Stopping at iter 71213.
Stuck 10000 iters at S=100 (final stage). Stopping at iter 71214.
Stuck 10000 iters at S=100 (final stage). Stopping at iter 71215.
Stuck 10000 iters at S=100 (final stage). Stopping at iter 71216.
Stuck 10000 iters at S=100 (final stage). Stopping at iter 71217.
Stuck 10000 iters at S=100 (final stage). Stopping at iter 71218.
Stuck 10000 iters at S=100 (final stage). Stopping at iter 71219.
Stuck 10000 iters at S=100 (final stage). Stopping at iter 71220.
Stuck 10000 iters at S=100 (final stage). Stopping at iter 71221.
Stuck 10000 iters at S=100 (final stage). Stopping at iter 71222.
Stuck 10000 iters at S=100 (final stage). Stopping at iter 71223.
Stuck 10000 iters at S=100 (final stage). Stopping at iter 71224.
Stuck 10000 iters at S=100 (final stage). Stopping at iter 71225.
Stuck 10000 iters at S=100 (final stage). Stopping at iter 71226.
Stuck 10000 iters at S=100 (final stage). Stopping at iter 71227.
Stuck 10000 iters at S=100 (final stage). Stopping at iter 71228.
Stuck 10000 iters at S=100 (final stage). Stopping at iter 71229.
Stuck 10000 iters at S=100 (final stage). Stopping at iter 71230.
Stuck 10000 iters at S=100 (final stage). Stopping at iter 71231.
Stuck 10000 iters at S=100 (final stage). Stopping at iter 71232.
Stuck 10000 iters at S=100 (final stage). Stopping at iter 71233.
Stuck 10000 iters at S=100 (final stage). Stopping at iter 71234.
Stuck 10000 iters at S=100 (final stage). Stopping at iter 71235.
Stuck 10000 iters at S=100 (final stage). Stopping at iter 71236.
Stuck 10000 iters at S=100 (final stage). Stopping at iter 71237.
Stuck 10000 iters at S=100 (final stage). Stopping at iter 71238.
Stuck 10000 iters at S=100 (final stage). Stopping at iter 71239.
Stuck 10000 iters at S=100 (final stage). Stopping at iter 71240.
Stuck 10000 iters at S=100 (final stage). Stopping at iter 71241.
Stuck 10000 iters at S=100 (final stage). Stopping at iter 71242.
Stuck 10000 iters at S=100 (final stage). Stopping at iter 71243.
Stuck 10000 iters at S=100 (final stage). Stopping at iter 71244.
Stuck 10000 iters at S=100 (final stage). Stopping at iter 71245.
Stuck 10000 iters at S=100 (final stage). Stopping at iter 71246.
Stuck 10000 iters at S=100 (final stage). Stopping at iter 71247.
Stuck 10000 iters at S=100 (final stage). Stopping at iter 71248.
Stuck 10000 iters at S=100 (final stage). Stopping at iter 71249.
Stuck 10000 iters at S=100 (final stage). Stopping at iter 71250.
Stuck 10000 iters at S=100 (final stage). Stopping at iter 71251.
Stuck 10000 iters at S=100 (final stage). Stopping at iter 71252.
Stuck 10000 iters at S=100 (final stage). Stopping at iter 71253.
Stuck 10000 iters at S=100 (final stage). Stopping at iter 71254.
Stuck 10000 iters at S=100 (final stage). Stopping at iter 71255.
Stuck 10000 iters at S=100 (final stage). Stopping at iter 71256.
Stuck 10000 iters at S=100 (final stage). Stopping at iter 71257.
Stuck 10000 iters at S=100 (final stage). Stopping at iter 71258.
Stuck 10000 iters at S=100 (final stage). Stopping at iter 71259.
Stuck 10000 iters at S=100 (final stage). Stopping at iter 71260.
Stuck 10000 iters at S=100 (final stage). Stopping at iter 71261.
Stuck 10000 iters at S=100 (final stage). Stopping at iter 71262.
Stuck 10000 iters at S=100 (final stage). Stopping at iter 71263.
Stuck 10000 iters at S=100 (final stage). Stopping at iter 71264.
Stuck 10000 iters at S=100 (final stage). Stopping at iter 71265.
Stuck 10000 iters at S=100 (final stage). Stopping at iter 71266.
Stuck 10000 iters at S=100 (final stage). Stopping at iter 71267.
Stuck 10000 iters at S=100 (final stage). Stopping at iter 71268.
Stuck 10000 iters at S=100 (final stage). Stopping at iter 71269.
Stuck 10000 iters at S=100 (final stage). Stopping at iter 71270.
Stuck 10000 iters at S=100 (final stage). Stopping at iter 71271.
Stuck 10000 iters at S=100 (final stage). Stopping at iter 71272.
Stuck 10000 iters at S=100 (final stage). Stopping at iter 71273.
Stuck 10000 iters at S=100 (final stage). Stopping at iter 71274.
Stuck 10000 iters at S=100 (final stage). Stopping at iter 71275.
Stuck 10000 iters at S=100 (final stage). Stopping at iter 71276.
Stuck 10000 iters at S=100 (final stage). Stopping at iter 71277.
Stuck 10000 iters at S=100 (final stage). Stopping at iter 71278.
Stuck 10000 iters at S=100 (final stage). Stopping at iter 71279.
Stuck 10000 iters at S=100 (final stage). Stopping at iter 71280.
Stuck 10000 iters at S=100 (final stage). Stopping at iter 71281.
Stuck 10000 iters at S=100 (final stage). Stopping at iter 71282.
Stuck 10000 iters at S=100 (final stage). Stopping at iter 71283.
Stuck 10000 iters at S=100 (final stage). Stopping at iter 71284.
Stuck 10000 iters at S=100 (final stage). Stopping at iter 71285.
Stuck 10000 iters at S=100 (final stage). Stopping at iter 71286.
Stuck 10000 iters at S=100 (final stage). Stopping at iter 71287.
Stuck 10000 iters at S=100 (final stage). Stopping at iter 71288.
Stuck 10000 iters at S=100 (final stage). Stopping at iter 71289.
Stuck 10000 iters at S=100 (final stage). Stopping at iter 71290.
Stuck 10000 iters at S=100 (final stage). Stopping at iter 71291.
Stuck 10000 iters at S=100 (final stage). Stopping at iter 71292.
Stuck 10000 iters at S=100 (final stage). Stopping at iter 71293.
Stuck 10000 iters at S=100 (final stage). Stopping at iter 71294.
Stuck 10000 iters at S=100 (final stage). Stopping at iter 71295.
Stuck 10000 iters at S=100 (final stage). Stopping at iter 71296.
Stuck 10000 iters at S=100 (final stage). Stopping at iter 71297.
Stuck 10000 iters at S=100 (final stage). Stopping at iter 71298.
Stuck 10000 iters at S=100 (final stage). Stopping at iter 71299.
Stuck 10000 iters at S=100 (final stage). Stopping at iter 71300.
Stuck 10000 iters at S=100 (final stage). Stopping at iter 71301.
Stuck 10000 iters at S=100 (final stage). Stopping at iter 71302.
Stuck 10000 iters at S=100 (final stage). Stopping at iter 71303.
Stuck 10000 iters at S=100 (final stage). Stopping at iter 71304.
Stuck 10000 iters at S=100 (final stage). Stopping at iter 71305.
Stuck 10000 iters at S=100 (final stage). Stopping at iter 71306.
Stuck 10000 iters at S=100 (final stage). Stopping at iter 71307.
Stuck 10000 iters at S=100 (final stage). Stopping at iter 71308.
Stuck 10000 iters at S=100 (final stage). Stopping at iter 71309.
Stuck 10000 iters at S=100 (final stage). Stopping at iter 71310.
Stuck 10000 iters at S=100 (final stage). Stopping at iter 71311.
Stuck 10000 iters at S=100 (final stage). Stopping at iter 71312.
Stuck 10000 iters at S=100 (final stage). Stopping at iter 71313.
Stuck 10000 iters at S=100 (final stage). Stopping at iter 71314.
Stuck 10000 iters at S=100 (final stage). Stopping at iter 71315.
Stuck 10000 iters at S=100 (final stage). Stopping at iter 71316.
Stuck 10000 iters at S=100 (final stage). Stopping at iter 71317.
Stuck 10000 iters at S=100 (final stage). Stopping at iter 71318.
Stuck 10000 iters at S=100 (final stage). Stopping at iter 71319.
Stuck 10000 iters at S=100 (final stage). Stopping at iter 71320.
Stuck 10000 iters at S=100 (final stage). Stopping at iter 71321.
Stuck 10000 iters at S=100 (final stage). Stopping at iter 71322.
Stuck 10000 iters at S=100 (final stage). Stopping at iter 71323.
Stuck 10000 iters at S=100 (final stage). Stopping at iter 71324.
Stuck 10000 iters at S=100 (final stage). Stopping at iter 71325.
Stuck 10000 iters at S=100 (final stage). Stopping at iter 71326.
Stuck 10000 iters at S=100 (final stage). Stopping at iter 71327.
Stuck 10000 iters at S=100 (final stage). Stopping at iter 71328.
Stuck 10000 iters at S=100 (final stage). Stopping at iter 71329.
Stuck 10000 iters at S=100 (final stage). Stopping at iter 71330.
Stuck 10000 iters at S=100 (final stage). Stopping at iter 71331.
Stuck 10000 iters at S=100 (final stage). Stopping at iter 71332.
Stuck 10000 iters at S=100 (final stage). Stopping at iter 71333.
Stuck 10000 iters at S=100 (final stage). Stopping at iter 71334.
Stuck 10000 iters at S=100 (final stage). Stopping at iter 71335.
Stuck 10000 iters at S=100 (final stage). Stopping at iter 71336.
Stuck 10000 iters at S=100 (final stage). Stopping at iter 71337.
Stuck 10000 iters at S=100 (final stage). Stopping at iter 71338.
Stuck 10000 iters at S=100 (final stage). Stopping at iter 71339.
Stuck 10000 iters at S=100 (final stage). Stopping at iter 71340.
Stuck 10000 iters at S=100 (final stage). Stopping at iter 71341.
Stuck 10000 iters at S=100 (final stage). Stopping at iter 71342.
Stuck 10000 iters at S=100 (final stage). Stopping at iter 71343.
Stuck 10000 iters at S=100 (final stage). Stopping at iter 71344.
Stuck 10000 iters at S=100 (final stage). Stopping at iter 71345.
Stuck 10000 iters at S=100 (final stage). Stopping at iter 71346.
Stuck 10000 iters at S=100 (final stage). Stopping at iter 71347.
Stuck 10000 iters at S=100 (final stage). Stopping at iter 71348.
Stuck 10000 iters at S=100 (final stage). Stopping at iter 71349.
Stuck 10000 iters at S=100 (final stage). Stopping at iter 71350.
Stuck 10000 iters at S=100 (final stage). Stopping at iter 71351.
Stuck 10000 iters at S=100 (final stage). Stopping at iter 71352.
Stuck 10000 iters at S=100 (final stage). Stopping at iter 71353.
Stuck 10000 iters at S=100 (final stage). Stopping at iter 71354.
Stuck 10000 iters at S=100 (final stage). Stopping at iter 71355.
Stuck 10000 iters at S=100 (final stage). Stopping at iter 71356.
Stuck 10000 iters at S=100 (final stage). Stopping at iter 71357.
Stuck 10000 iters at S=100 (final stage). Stopping at iter 71358.
Stuck 10000 iters at S=100 (final stage). Stopping at iter 71359.
Stuck 10000 iters at S=100 (final stage). Stopping at iter 71360.
Stuck 10000 iters at S=100 (final stage). Stopping at iter 71361.
Stuck 10000 iters at S=100 (final stage). Stopping at iter 71362.
Stuck 10000 iters at S=100 (final stage). Stopping at iter 71363.
Stuck 10000 iters at S=100 (final stage). Stopping at iter 71364.
Stuck 10000 iters at S=100 (final stage). Stopping at iter 71365.
Stuck 10000 iters at S=100 (final stage). Stopping at iter 71366.
Stuck 10000 iters at S=100 (final stage). Stopping at iter 71367.
Stuck 10000 iters at S=100 (final stage). Stopping at iter 71368.
Stuck 10000 iters at S=100 (final stage). Stopping at iter 71369.
Stuck 10000 iters at S=100 (final stage). Stopping at iter 71370.
Stuck 10000 iters at S=100 (final stage). Stopping at iter 71371.
Stuck 10000 iters at S=100 (final stage). Stopping at iter 71372.
Stuck 10000 iters at S=100 (final stage). Stopping at iter 71373.
Stuck 10000 iters at S=100 (final stage). Stopping at iter 71374.
Stuck 10000 iters at S=100 (final stage). Stopping at iter 71375.
Stuck 10000 iters at S=100 (final stage). Stopping at iter 71376.
Stuck 10000 iters at S=100 (final stage). Stopping at iter 71377.
Stuck 10000 iters at S=100 (final stage). Stopping at iter 71378.
Stuck 10000 iters at S=100 (final stage). Stopping at iter 71379.
Stuck 10000 iters at S=100 (final stage). Stopping at iter 71380.
Stuck 10000 iters at S=100 (final stage). Stopping at iter 71381.
Stuck 10000 iters at S=100 (final stage). Stopping at iter 71382.
Stuck 10000 iters at S=100 (final stage). Stopping at iter 71383.
Stuck 10000 iters at S=100 (final stage). Stopping at iter 71384.
Stuck 10000 iters at S=100 (final stage). Stopping at iter 71385.
Stuck 10000 iters at S=100 (final stage). Stopping at iter 71386.
Stuck 10000 iters at S=100 (final stage). Stopping at iter 71387.
Stuck 10000 iters at S=100 (final stage). Stopping at iter 71388.
Stuck 10000 iters at S=100 (final stage). Stopping at iter 71389.
Stuck 10000 iters at S=100 (final stage). Stopping at iter 71390.
Stuck 10000 iters at S=100 (final stage). Stopping at iter 71391.
Stuck 10000 iters at S=100 (final stage). Stopping at iter 71392.
Stuck 10000 iters at S=100 (final stage). Stopping at iter 71393.
Stuck 10000 iters at S=100 (final stage). Stopping at iter 71394.
Stuck 10000 iters at S=100 (final stage). Stopping at iter 71395.
Stuck 10000 iters at S=100 (final stage). Stopping at iter 71396.
Stuck 10000 iters at S=100 (final stage). Stopping at iter 71397.
Stuck 10000 iters at S=100 (final stage). Stopping at iter 71398.
Stuck 10000 iters at S=100 (final stage). Stopping at iter 71399.
Stuck 10000 iters at S=100 (final stage). Stopping at iter 71400.
Stuck 10000 iters at S=100 (final stage). Stopping at iter 71401.
Stuck 10000 iters at S=100 (final stage). Stopping at iter 71402.
Stuck 10000 iters at S=100 (final stage). Stopping at iter 71403.
Stuck 10000 iters at S=100 (final stage). Stopping at iter 71404.
Stuck 10000 iters at S=100 (final stage). Stopping at iter 71405.
Stuck 10000 iters at S=100 (final stage). Stopping at iter 71406.
Stuck 10000 iters at S=100 (final stage). Stopping at iter 71407.
Stuck 10000 iters at S=100 (final stage). Stopping at iter 71408.
Stuck 10000 iters at S=100 (final stage). Stopping at iter 71409.
Stuck 10000 iters at S=100 (final stage). Stopping at iter 71410.
Stuck 10000 iters at S=100 (final stage). Stopping at iter 71411.
Stuck 10000 iters at S=100 (final stage). Stopping at iter 71412.
Stuck 10000 iters at S=100 (final stage). Stopping at iter 71413.
Stuck 10000 iters at S=100 (final stage). Stopping at iter 71414.
Stuck 10000 iters at S=100 (final stage). Stopping at iter 71415.
Stuck 10000 iters at S=100 (final stage). Stopping at iter 71416.
Stuck 10000 iters at S=100 (final stage). Stopping at iter 71417.
Stuck 10000 iters at S=100 (final stage). Stopping at iter 71418.
Stuck 10000 iters at S=100 (final stage). Stopping at iter 71419.
Stuck 10000 iters at S=100 (final stage). Stopping at iter 71420.
Stuck 10000 iters at S=100 (final stage). Stopping at iter 71421.
Stuck 10000 iters at S=100 (final stage). Stopping at iter 71422.
Stuck 10000 iters at S=100 (final stage). Stopping at iter 71423.
Stuck 10000 iters at S=100 (final stage). Stopping at iter 71424.
Stuck 10000 iters at S=100 (final stage). Stopping at iter 71425.
Stuck 10000 iters at S=100 (final stage). Stopping at iter 71426.
Stuck 10000 iters at S=100 (final stage). Stopping at iter 71427.
Stuck 10000 iters at S=100 (final stage). Stopping at iter 71428.
Stuck 10000 iters at S=100 (final stage). Stopping at iter 71429.
Stuck 10000 iters at S=100 (final stage). Stopping at iter 71430.
Stuck 10000 iters at S=100 (final stage). Stopping at iter 71431.
Stuck 10000 iters at S=100 (final stage). Stopping at iter 71432.
Stuck 10000 iters at S=100 (final stage). Stopping at iter 71433.
Stuck 10000 iters at S=100 (final stage). Stopping at iter 71434.
Stuck 10000 iters at S=100 (final stage). Stopping at iter 71435.
Stuck 10000 iters at S=100 (final stage). Stopping at iter 71436.
Stuck 10000 iters at S=100 (final stage). Stopping at iter 71437.
Stuck 10000 iters at S=100 (final stage). Stopping at iter 71438.
Stuck 10000 iters at S=100 (final stage). Stopping at iter 71439.
Stuck 10000 iters at S=100 (final stage). Stopping at iter 71440.
Stuck 10000 iters at S=100 (final stage). Stopping at iter 71441.
Stuck 10000 iters at S=100 (final stage). Stopping at iter 71442.
Stuck 10000 iters at S=100 (final stage). Stopping at iter 71443.
Stuck 10000 iters at S=100 (final stage). Stopping at iter 71444.
Stuck 10000 iters at S=100 (final stage). Stopping at iter 71445.
Stuck 10000 iters at S=100 (final stage). Stopping at iter 71446.
Stuck 10000 iters at S=100 (final stage). Stopping at iter 71447.
Stuck 10000 iters at S=100 (final stage). Stopping at iter 71448.
Stuck 10000 iters at S=100 (final stage). Stopping at iter 71449.
Stuck 10000 iters at S=100 (final stage). Stopping at iter 71450.
Stuck 10000 iters at S=100 (final stage). Stopping at iter 71451.
Stuck 10000 iters at S=100 (final stage). Stopping at iter 71452.
Stuck 10000 iters at S=100 (final stage). Stopping at iter 71453.
Stuck 10000 iters at S=100 (final stage). Stopping at iter 71454.
Stuck 10000 iters at S=100 (final stage). Stopping at iter 71455.
Stuck 10000 iters at S=100 (final stage). Stopping at iter 71456.
Stuck 10000 iters at S=100 (final stage). Stopping at iter 71457.
Stuck 10000 iters at S=100 (final stage). Stopping at iter 71458.
Stuck 10000 iters at S=100 (final stage). Stopping at iter 71459.
Stuck 10000 iters at S=100 (final stage). Stopping at iter 71460.
Stuck 10000 iters at S=100 (final stage). Stopping at iter 71461.
Stuck 10000 iters at S=100 (final stage). Stopping at iter 71462.
Stuck 10000 iters at S=100 (final stage). Stopping at iter 71463.
Stuck 10000 iters at S=100 (final stage). Stopping at iter 71464.
Stuck 10000 iters at S=100 (final stage). Stopping at iter 71465.
Stuck 10000 iters at S=100 (final stage). Stopping at iter 71466.
Stuck 10000 iters at S=100 (final stage). Stopping at iter 71467.
Stuck 10000 iters at S=100 (final stage). Stopping at iter 71468.
Stuck 10000 iters at S=100 (final stage). Stopping at iter 71469.
Stuck 10000 iters at S=100 (final stage). Stopping at iter 71470.
Stuck 10000 iters at S=100 (final stage). Stopping at iter 71471.
Stuck 10000 iters at S=100 (final stage). Stopping at iter 71472.
Stuck 10000 iters at S=100 (final stage). Stopping at iter 71473.
Stuck 10000 iters at S=100 (final stage). Stopping at iter 71474.
Stuck 10000 iters at S=100 (final stage). Stopping at iter 71475.
Stuck 10000 iters at S=100 (final stage). Stopping at iter 71476.
Stuck 10000 iters at S=100 (final stage). Stopping at iter 71477.
Stuck 10000 iters at S=100 (final stage). Stopping at iter 71478.
Stuck 10000 iters at S=100 (final stage). Stopping at iter 71479.
Stuck 10000 iters at S=100 (final stage). Stopping at iter 71480.
Stuck 10000 iters at S=100 (final stage). Stopping at iter 71481.
Stuck 10000 iters at S=100 (final stage). Stopping at iter 71482.
Stuck 10000 iters at S=100 (final stage). Stopping at iter 71483.
Stuck 10000 iters at S=100 (final stage). Stopping at iter 71484.
Stuck 10000 iters at S=100 (final stage). Stopping at iter 71485.
Stuck 10000 iters at S=100 (final stage). Stopping at iter 71486.
Stuck 10000 iters at S=100 (final stage). Stopping at iter 71487.
Stuck 10000 iters at S=100 (final stage). Stopping at iter 71488.
Stuck 10000 iters at S=100 (final stage). Stopping at iter 71489.
Stuck 10000 iters at S=100 (final stage). Stopping at iter 71490.
Stuck 10000 iters at S=100 (final stage). Stopping at iter 71491.
Stuck 10000 iters at S=100 (final stage). Stopping at iter 71492.
Stuck 10000 iters at S=100 (final stage). Stopping at iter 71493.
Stuck 10000 iters at S=100 (final stage). Stopping at iter 71494.
Stuck 10000 iters at S=100 (final stage). Stopping at iter 71495.
Stuck 10000 iters at S=100 (final stage). Stopping at iter 71496.
Stuck 10000 iters at S=100 (final stage). Stopping at iter 71497.
Stuck 10000 iters at S=100 (final stage). Stopping at iter 71498.
Stuck 10000 iters at S=100 (final stage). Stopping at iter 71499.
Stuck 10000 iters at S=100 (final stage). Stopping at iter 71500.
Stuck 10000 iters at S=100 (final stage). Stopping at iter 71501.
Stuck 10000 iters at S=100 (final stage). Stopping at iter 71502.
Stuck 10000 iters at S=100 (final stage). Stopping at iter 71503.
Stuck 10000 iters at S=100 (final stage). Stopping at iter 71504.
Stuck 10000 iters at S=100 (final stage). Stopping at iter 71505.
Stuck 10000 iters at S=100 (final stage). Stopping at iter 71506.
Stuck 10000 iters at S=100 (final stage). Stopping at iter 71507.
Stuck 10000 iters at S=100 (final stage). Stopping at iter 71508.
Stuck 10000 iters at S=100 (final stage). Stopping at iter 71509.
Stuck 10000 iters at S=100 (final stage). Stopping at iter 71510.
Stuck 10000 iters at S=100 (final stage). Stopping at iter 71511.
Stuck 10000 iters at S=100 (final stage). Stopping at iter 71512.
Stuck 10000 iters at S=100 (final stage). Stopping at iter 71513.
Stuck 10000 iters at S=100 (final stage). Stopping at iter 71514.
Stuck 10000 iters at S=100 (final stage). Stopping at iter 71515.
Stuck 10000 iters at S=100 (final stage). Stopping at iter 71516.
Stuck 10000 iters at S=100 (final stage). Stopping at iter 71517.
Stuck 10000 iters at S=100 (final stage). Stopping at iter 71518.
Stuck 10000 iters at S=100 (final stage). Stopping at iter 71519.
Stuck 10000 iters at S=100 (final stage). Stopping at iter 71520.
Stuck 10000 iters at S=100 (final stage). Stopping at iter 71521.
Stuck 10000 iters at S=100 (final stage). Stopping at iter 71522.
Stuck 10000 iters at S=100 (final stage). Stopping at iter 71523.
Stuck 10000 iters at S=100 (final stage). Stopping at iter 71524.
Stuck 10000 iters at S=100 (final stage). Stopping at iter 71525.
Stuck 10000 iters at S=100 (final stage). Stopping at iter 71526.
Stuck 10000 iters at S=100 (final stage). Stopping at iter 71527.
Stuck 10000 iters at S=100 (final stage). Stopping at iter 71528.
Stuck 10000 iters at S=100 (final stage). Stopping at iter 71529.
Stuck 10000 iters at S=100 (final stage). Stopping at iter 71530.
Stuck 10000 iters at S=100 (final stage). Stopping at iter 71531.
Stuck 10000 iters at S=100 (final stage). Stopping at iter 71532.
Stuck 10000 iters at S=100 (final stage). Stopping at iter 71533.
Stuck 10000 iters at S=100 (final stage). Stopping at iter 71534.
Stuck 10000 iters at S=100 (final stage). Stopping at iter 71535.
Stuck 10000 iters at S=100 (final stage). Stopping at iter 71536.
Stuck 10000 iters at S=100 (final stage). Stopping at iter 71537.
Stuck 10000 iters at S=100 (final stage). Stopping at iter 71538.
Stuck 10000 iters at S=100 (final stage). Stopping at iter 71539.
Stuck 10000 iters at S=100 (final stage). Stopping at iter 71540.
Stuck 10000 iters at S=100 (final stage). Stopping at iter 71541.
Stuck 10000 iters at S=100 (final stage). Stopping at iter 71542.
Stuck 10000 iters at S=100 (final stage). Stopping at iter 71543.
Stuck 10000 iters at S=100 (final stage). Stopping at iter 71544.
Stuck 10000 iters at S=100 (final stage). Stopping at iter 71545.
Stuck 10000 iters at S=100 (final stage). Stopping at iter 71546.
Stuck 10000 iters at S=100 (final stage). Stopping at iter 71547.
Stuck 10000 iters at S=100 (final stage). Stopping at iter 71548.
Stuck 10000 iters at S=100 (final stage). Stopping at iter 71549.
Stuck 10000 iters at S=100 (final stage). Stopping at iter 71550.
Stuck 10000 iters at S=100 (final stage). Stopping at iter 71551.
Stuck 10000 iters at S=100 (final stage). Stopping at iter 71552.
Stuck 10000 iters at S=100 (final stage). Stopping at iter 71553.
Stuck 10000 iters at S=100 (final stage). Stopping at iter 71554.
Stuck 10000 iters at S=100 (final stage). Stopping at iter 71555.
Stuck 10000 iters at S=100 (final stage). Stopping at iter 71556.
Stuck 10000 iters at S=100 (final stage). Stopping at iter 71557.
Stuck 10000 iters at S=100 (final stage). Stopping at iter 71558.
Stuck 10000 iters at S=100 (final stage). Stopping at iter 71559.
Stuck 10000 iters at S=100 (final stage). Stopping at iter 71560.
Stuck 10000 iters at S=100 (final stage). Stopping at iter 71561.
Stuck 10000 iters at S=100 (final stage). Stopping at iter 71562.
Stuck 10000 iters at S=100 (final stage). Stopping at iter 71563.
Stuck 10000 iters at S=100 (final stage). Stopping at iter 71564.
Stuck 10000 iters at S=100 (final stage). Stopping at iter 71565.
Stuck 10000 iters at S=100 (final stage). Stopping at iter 71566.
Stuck 10000 iters at S=100 (final stage). Stopping at iter 71567.
Stuck 10000 iters at S=100 (final stage). Stopping at iter 71568.
Stuck 10000 iters at S=100 (final stage). Stopping at iter 71569.
Stuck 10000 iters at S=100 (final stage). Stopping at iter 71570.
Stuck 10000 iters at S=100 (final stage). Stopping at iter 71571.
Stuck 10000 iters at S=100 (final stage). Stopping at iter 71572.
Stuck 10000 iters at S=100 (final stage). Stopping at iter 71573.
Stuck 10000 iters at S=100 (final stage). Stopping at iter 71574.
Stuck 10000 iters at S=100 (final stage). Stopping at iter 71575.
Stuck 10000 iters at S=100 (final stage). Stopping at iter 71576.
Stuck 10000 iters at S=100 (final stage). Stopping at iter 71577.
Stuck 10000 iters at S=100 (final stage). Stopping at iter 71578.
Stuck 10000 iters at S=100 (final stage). Stopping at iter 71579.
Stuck 10000 iters at S=100 (final stage). Stopping at iter 71580.
Stuck 10000 iters at S=100 (final stage). Stopping at iter 71581.
Stuck 10000 iters at S=100 (final stage). Stopping at iter 71582.
Stuck 10000 iters at S=100 (final stage). Stopping at iter 71583.
Stuck 10000 iters at S=100 (final stage). Stopping at iter 71584.
Stuck 10000 iters at S=100 (final stage). Stopping at iter 71585.
Stuck 10000 iters at S=100 (final stage). Stopping at iter 71586.
Stuck 10000 iters at S=100 (final stage). Stopping at iter 71587.
Stuck 10000 iters at S=100 (final stage). Stopping at iter 71588.
Stuck 10000 iters at S=100 (final stage). Stopping at iter 71589.
Stuck 10000 iters at S=100 (final stage). Stopping at iter 71590.
Stuck 10000 iters at S=100 (final stage). Stopping at iter 71591.
Stuck 10000 iters at S=100 (final stage). Stopping at iter 71592.
Stuck 10000 iters at S=100 (final stage). Stopping at iter 71593.
Stuck 10000 iters at S=100 (final stage). Stopping at iter 71594.
Stuck 10000 iters at S=100 (final stage). Stopping at iter 71595.
Stuck 10000 iters at S=100 (final stage). Stopping at iter 71596.
Stuck 10000 iters at S=100 (final stage). Stopping at iter 71597.
Stuck 10000 iters at S=100 (final stage). Stopping at iter 71598.
Stuck 10000 iters at S=100 (final stage). Stopping at iter 71599.
Stuck 10000 iters at S=100 (final stage). Stopping at iter 71600.
Stuck 10000 iters at S=100 (final stage). Stopping at iter 71601.
Stuck 10000 iters at S=100 (final stage). Stopping at iter 71602.
Stuck 10000 iters at S=100 (final stage). Stopping at iter 71603.
Stuck 10000 iters at S=100 (final stage). Stopping at iter 71604.
Stuck 10000 iters at S=100 (final stage). Stopping at iter 71605.
Stuck 10000 iters at S=100 (final stage). Stopping at iter 71606.
Stuck 10000 iters at S=100 (final stage). Stopping at iter 71607.
Stuck 10000 iters at S=100 (final stage). Stopping at iter 71608.
Stuck 10000 iters at S=100 (final stage). Stopping at iter 71609.
Stuck 10000 iters at S=100 (final stage). Stopping at iter 71610.
Stuck 10000 iters at S=100 (final stage). Stopping at iter 71611.
Stuck 10000 iters at S=100 (final stage). Stopping at iter 71612.
Stuck 10000 iters at S=100 (final stage). Stopping at iter 71613.
Stuck 10000 iters at S=100 (final stage). Stopping at iter 71614.
Stuck 10000 iters at S=100 (final stage). Stopping at iter 71615.
Stuck 10000 iters at S=100 (final stage). Stopping at iter 71616.
Stuck 10000 iters at S=100 (final stage). Stopping at iter 71617.
Stuck 10000 iters at S=100 (final stage). Stopping at iter 71618.
Stuck 10000 iters at S=100 (final stage). Stopping at iter 71619.
Stuck 10000 iters at S=100 (final stage). Stopping at iter 71620.
Stuck 10000 iters at S=100 (final stage). Stopping at iter 71621.
Stuck 10000 iters at S=100 (final stage). Stopping at iter 71622.
Stuck 10000 iters at S=100 (final stage). Stopping at iter 71623.
Stuck 10000 iters at S=100 (final stage). Stopping at iter 71624.
Stuck 10000 iters at S=100 (final stage). Stopping at iter 71625.
Stuck 10000 iters at S=100 (final stage). Stopping at iter 71626.
Stuck 10000 iters at S=100 (final stage). Stopping at iter 71627.
Stuck 10000 iters at S=100 (final stage). Stopping at iter 71628.
Stuck 10000 iters at S=100 (final stage). Stopping at iter 71629.
Stuck 10000 iters at S=100 (final stage). Stopping at iter 71630.
Stuck 10000 iters at S=100 (final stage). Stopping at iter 71631.
Stuck 10000 iters at S=100 (final stage). Stopping at iter 71632.
Stuck 10000 iters at S=100 (final stage). Stopping at iter 71633.
Stuck 10000 iters at S=100 (final stage). Stopping at iter 71634.
Stuck 10000 iters at S=100 (final stage). Stopping at iter 71635.
Stuck 10000 iters at S=100 (final stage). Stopping at iter 71636.
Stuck 10000 iters at S=100 (final stage). Stopping at iter 71637.
Stuck 10000 iters at S=100 (final stage). Stopping at iter 71638.
Stuck 10000 iters at S=100 (final stage). Stopping at iter 71639.
Stuck 10000 iters at S=100 (final stage). Stopping at iter 71640.
Stuck 10000 iters at S=100 (final stage). Stopping at iter 71641.
Stuck 10000 iters at S=100 (final stage). Stopping at iter 71642.
Stuck 10000 iters at S=100 (final stage). Stopping at iter 71643.
Stuck 10000 iters at S=100 (final stage). Stopping at iter 71644.
Stuck 10000 iters at S=100 (final stage). Stopping at iter 71645.
Stuck 10000 iters at S=100 (final stage). Stopping at iter 71646.
Stuck 10000 iters at S=100 (final stage). Stopping at iter 71647.
Stuck 10000 iters at S=100 (final stage). Stopping at iter 71648.
Stuck 10000 iters at S=100 (final stage). Stopping at iter 71649.
Stuck 10000 iters at S=100 (final stage). Stopping at iter 71650.
Stuck 10000 iters at S=100 (final stage). Stopping at iter 71651.
Stuck 10000 iters at S=100 (final stage). Stopping at iter 71652.
Stuck 10000 iters at S=100 (final stage). Stopping at iter 71653.
Stuck 10000 iters at S=100 (final stage). Stopping at iter 71654.
Stuck 10000 iters at S=100 (final stage). Stopping at iter 71655.
Stuck 10000 iters at S=100 (final stage). Stopping at iter 71656.
Stuck 10000 iters at S=100 (final stage). Stopping at iter 71657.
Stuck 10000 iters at S=100 (final stage). Stopping at iter 71658.
Stuck 10000 iters at S=100 (final stage). Stopping at iter 71659.
Stuck 10000 iters at S=100 (final stage). Stopping at iter 71660.
Stuck 10000 iters at S=100 (final stage). Stopping at iter 71661.
Stuck 10000 iters at S=100 (final stage). Stopping at iter 71662.
Stuck 10000 iters at S=100 (final stage). Stopping at iter 71663.
Stuck 10000 iters at S=100 (final stage). Stopping at iter 71664.
Stuck 10000 iters at S=100 (final stage). Stopping at iter 71665.
Stuck 10000 iters at S=100 (final stage). Stopping at iter 71666.
Stuck 10000 iters at S=100 (final stage). Stopping at iter 71667.
Stuck 10000 iters at S=100 (final stage). Stopping at iter 71668.
Stuck 10000 iters at S=100 (final stage). Stopping at iter 71669.
Stuck 10000 iters at S=100 (final stage). Stopping at iter 71670.
Stuck 10000 iters at S=100 (final stage). Stopping at iter 71671.
Stuck 10000 iters at S=100 (final stage). Stopping at iter 71672.
Stuck 10000 iters at S=100 (final stage). Stopping at iter 71673.
Stuck 10000 iters at S=100 (final stage). Stopping at iter 71674.
Stuck 10000 iters at S=100 (final stage). Stopping at iter 71675.
Stuck 10000 iters at S=100 (final stage). Stopping at iter 71676.
Stuck 10000 iters at S=100 (final stage). Stopping at iter 71677.
Stuck 10000 iters at S=100 (final stage). Stopping at iter 71678.
Stuck 10000 iters at S=100 (final stage). Stopping at iter 71679.
Stuck 10000 iters at S=100 (final stage). Stopping at iter 71680.
Stuck 10000 iters at S=100 (final stage). Stopping at iter 71681.
Stuck 10000 iters at S=100 (final stage). Stopping at iter 71682.
Stuck 10000 iters at S=100 (final stage). Stopping at iter 71683.
Stuck 10000 iters at S=100 (final stage). Stopping at iter 71684.
Stuck 10000 iters at S=100 (final stage). Stopping at iter 71685.
Stuck 10000 iters at S=100 (final stage). Stopping at iter 71686.
Stuck 10000 iters at S=100 (final stage). Stopping at iter 71687.
Stuck 10000 iters at S=100 (final stage). Stopping at iter 71688.
Stuck 10000 iters at S=100 (final stage). Stopping at iter 71689.
Stuck 10000 iters at S=100 (final stage). Stopping at iter 71690.
Stuck 10000 iters at S=100 (final stage). Stopping at iter 71691.
Stuck 10000 iters at S=100 (final stage). Stopping at iter 71692.
Stuck 10000 iters at S=100 (final stage). Stopping at iter 71693.
Stuck 10000 iters at S=100 (final stage). Stopping at iter 71694.
Stuck 10000 iters at S=100 (final stage). Stopping at iter 71695.
Stuck 10000 iters at S=100 (final stage). Stopping at iter 71696.
Stuck 10000 iters at S=100 (final stage). Stopping at iter 71697.
Stuck 10000 iters at S=100 (final stage). Stopping at iter 71698.
Stuck 10000 iters at S=100 (final stage). Stopping at iter 71699.
Stuck 10000 iters at S=100 (final stage). Stopping at iter 71700.
Stuck 10000 iters at S=100 (final stage). Stopping at iter 71701.
Stuck 10000 iters at S=100 (final stage). Stopping at iter 71702.
Stuck 10000 iters at S=100 (final stage). Stopping at iter 71703.
Stuck 10000 iters at S=100 (final stage). Stopping at iter 71704.
Stuck 10000 iters at S=100 (final stage). Stopping at iter 71705.
Stuck 10000 iters at S=100 (final stage). Stopping at iter 71706.
Stuck 10000 iters at S=100 (final stage). Stopping at iter 71707.
Stuck 10000 iters at S=100 (final stage). Stopping at iter 71708.
Stuck 10000 iters at S=100 (final stage). Stopping at iter 71709.
Stuck 10000 iters at S=100 (final stage). Stopping at iter 71710.
Stuck 10000 iters at S=100 (final stage). Stopping at iter 71711.
Stuck 10000 iters at S=100 (final stage). Stopping at iter 71712.
Stuck 10000 iters at S=100 (final stage). Stopping at iter 71713.
Stuck 10000 iters at S=100 (final stage). Stopping at iter 71714.
Stuck 10000 iters at S=100 (final stage). Stopping at iter 71715.
Stuck 10000 iters at S=100 (final stage). Stopping at iter 71716.
Stuck 10000 iters at S=100 (final stage). Stopping at iter 71717.
Stuck 10000 iters at S=100 (final stage). Stopping at iter 71718.
Stuck 10000 iters at S=100 (final stage). Stopping at iter 71719.
Stuck 10000 iters at S=100 (final stage). Stopping at iter 71720.
Stuck 10000 iters at S=100 (final stage). Stopping at iter 71721.
Stuck 10000 iters at S=100 (final stage). Stopping at iter 71722.
Stuck 10000 iters at S=100 (final stage). Stopping at iter 71723.
Stuck 10000 iters at S=100 (final stage). Stopping at iter 71724.
Stuck 10000 iters at S=100 (final stage). Stopping at iter 71725.
Stuck 10000 iters at S=100 (final stage). Stopping at iter 71726.
Stuck 10000 iters at S=100 (final stage). Stopping at iter 71727.
Stuck 10000 iters at S=100 (final stage). Stopping at iter 71728.
Stuck 10000 iters at S=100 (final stage). Stopping at iter 71729.
Stuck 10000 iters at S=100 (final stage). Stopping at iter 71730.
Stuck 10000 iters at S=100 (final stage). Stopping at iter 71731.
Stuck 10000 iters at S=100 (final stage). Stopping at iter 71732.
Stuck 10000 iters at S=100 (final stage). Stopping at iter 71733.
Stuck 10000 iters at S=100 (final stage). Stopping at iter 71734.
Stuck 10000 iters at S=100 (final stage). Stopping at iter 71735.
Stuck 10000 iters at S=100 (final stage). Stopping at iter 71736.
Stuck 10000 iters at S=100 (final stage). Stopping at iter 71737.
Stuck 10000 iters at S=100 (final stage). Stopping at iter 71738.
Stuck 10000 iters at S=100 (final stage). Stopping at iter 71739.
Stuck 10000 iters at S=100 (final stage). Stopping at iter 71740.
Stuck 10000 iters at S=100 (final stage). Stopping at iter 71741.
Stuck 10000 iters at S=100 (final stage). Stopping at iter 71742.
Stuck 10000 iters at S=100 (final stage). Stopping at iter 71743.
Stuck 10000 iters at S=100 (final stage). Stopping at iter 71744.
Stuck 10000 iters at S=100 (final stage). Stopping at iter 71745.
Stuck 10000 iters at S=100 (final stage). Stopping at iter 71746.
Stuck 10000 iters at S=100 (final stage). Stopping at iter 71747.
Stuck 10000 iters at S=100 (final stage). Stopping at iter 71748.
Stuck 10000 iters at S=100 (final stage). Stopping at iter 71749.
Stuck 10000 iters at S=100 (final stage). Stopping at iter 71750.
Stuck 10000 iters at S=100 (final stage). Stopping at iter 71751.
Stuck 10000 iters at S=100 (final stage). Stopping at iter 71752.
Stuck 10000 iters at S=100 (final stage). Stopping at iter 71753.
Stuck 10000 iters at S=100 (final stage). Stopping at iter 71754.
Stuck 10000 iters at S=100 (final stage). Stopping at iter 71755.
Stuck 10000 iters at S=100 (final stage). Stopping at iter 71756.
Stuck 10000 iters at S=100 (final stage). Stopping at iter 71757.
Stuck 10000 iters at S=100 (final stage). Stopping at iter 71758.
Stuck 10000 iters at S=100 (final stage). Stopping at iter 71759.
Stuck 10000 iters at S=100 (final stage). Stopping at iter 71760.
Stuck 10000 iters at S=100 (final stage). Stopping at iter 71761.
Stuck 10000 iters at S=100 (final stage). Stopping at iter 71762.
Stuck 10000 iters at S=100 (final stage). Stopping at iter 71763.
Stuck 10000 iters at S=100 (final stage). Stopping at iter 71764.
Stuck 10000 iters at S=100 (final stage). Stopping at iter 71765.
Stuck 10000 iters at S=100 (final stage). Stopping at iter 71766.
Stuck 10000 iters at S=100 (final stage). Stopping at iter 71767.
Stuck 10000 iters at S=100 (final stage). Stopping at iter 71768.
Stuck 10000 iters at S=100 (final stage). Stopping at iter 71769.
Stuck 10000 iters at S=100 (final stage). Stopping at iter 71770.
Stuck 10000 iters at S=100 (final stage). Stopping at iter 71771.
Stuck 10000 iters at S=100 (final stage). Stopping at iter 71772.
Stuck 10000 iters at S=100 (final stage). Stopping at iter 71773.
Stuck 10000 iters at S=100 (final stage). Stopping at iter 71774.
Stuck 10000 iters at S=100 (final stage). Stopping at iter 71775.
Stuck 10000 iters at S=100 (final stage). Stopping at iter 71776.
Stuck 10000 iters at S=100 (final stage). Stopping at iter 71777.
Stuck 10000 iters at S=100 (final stage). Stopping at iter 71778.
Stuck 10000 iters at S=100 (final stage). Stopping at iter 71779.
Stuck 10000 iters at S=100 (final stage). Stopping at iter 71780.
Stuck 10000 iters at S=100 (final stage). Stopping at iter 71781.
Stuck 10000 iters at S=100 (final stage). Stopping at iter 71782.
Stuck 10000 iters at S=100 (final stage). Stopping at iter 71783.
Stuck 10000 iters at S=100 (final stage). Stopping at iter 71784.
Stuck 10000 iters at S=100 (final stage). Stopping at iter 71785.
Stuck 10000 iters at S=100 (final stage). Stopping at iter 71786.
Stuck 10000 iters at S=100 (final stage). Stopping at iter 71787.
Stuck 10000 iters at S=100 (final stage). Stopping at iter 71788.
Stuck 10000 iters at S=100 (final stage). Stopping at iter 71789.
Stuck 10000 iters at S=100 (final stage). Stopping at iter 71790.
Stuck 10000 iters at S=100 (final stage). Stopping at iter 71791.
Stuck 10000 iters at S=100 (final stage). Stopping at iter 71792.
Stuck 10000 iters at S=100 (final stage). Stopping at iter 71793.
Stuck 10000 iters at S=100 (final stage). Stopping at iter 71794.
Stuck 10000 iters at S=100 (final stage). Stopping at iter 71795.
Stuck 10000 iters at S=100 (final stage). Stopping at iter 71796.
Stuck 10000 iters at S=100 (final stage). Stopping at iter 71797.
Stuck 10000 iters at S=100 (final stage). Stopping at iter 71798.
Stuck 10000 iters at S=100 (final stage). Stopping at iter 71799.
Stuck 10000 iters at S=100 (final stage). Stopping at iter 71800.
Stuck 10000 iters at S=100 (final stage). Stopping at iter 71801.
Stuck 10000 iters at S=100 (final stage). Stopping at iter 71802.
Stuck 10000 iters at S=100 (final stage). Stopping at iter 71803.
Stuck 10000 iters at S=100 (final stage). Stopping at iter 71804.
Stuck 10000 iters at S=100 (final stage). Stopping at iter 71805.
Stuck 10000 iters at S=100 (final stage). Stopping at iter 71806.
Stuck 10000 iters at S=100 (final stage). Stopping at iter 71807.
Stuck 10000 iters at S=100 (final stage). Stopping at iter 71808.
Stuck 10000 iters at S=100 (final stage). Stopping at iter 71809.
Stuck 10000 iters at S=100 (final stage). Stopping at iter 71810.
Stuck 10000 iters at S=100 (final stage). Stopping at iter 71811.
Stuck 10000 iters at S=100 (final stage). Stopping at iter 71812.
Stuck 10000 iters at S=100 (final stage). Stopping at iter 71813.
Stuck 10000 iters at S=100 (final stage). Stopping at iter 71814.
Stuck 10000 iters at S=100 (final stage). Stopping at iter 71815.
Stuck 10000 iters at S=100 (final stage). Stopping at iter 71816.
Stuck 10000 iters at S=100 (final stage). Stopping at iter 71817.
Stuck 10000 iters at S=100 (final stage). Stopping at iter 71818.
Stuck 10000 iters at S=100 (final stage). Stopping at iter 71819.
Stuck 10000 iters at S=100 (final stage). Stopping at iter 71820.
Stuck 10000 iters at S=100 (final stage). Stopping at iter 71821.
Stuck 10000 iters at S=100 (final stage). Stopping at iter 71822.
Stuck 10000 iters at S=100 (final stage). Stopping at iter 71823.
Stuck 10000 iters at S=100 (final stage). Stopping at iter 71824.
Stuck 10000 iters at S=100 (final stage). Stopping at iter 71825.
Stuck 10000 iters at S=100 (final stage). Stopping at iter 71826.
Stuck 10000 iters at S=100 (final stage). Stopping at iter 71827.
Stuck 10000 iters at S=100 (final stage). Stopping at iter 71828.
Stuck 10000 iters at S=100 (final stage). Stopping at iter 71829.
Stuck 10000 iters at S=100 (final stage). Stopping at iter 71830.
Stuck 10000 iters at S=100 (final stage). Stopping at iter 71831.
Stuck 10000 iters at S=100 (final stage). Stopping at iter 71832.
Stuck 10000 iters at S=100 (final stage). Stopping at iter 71833.
Stuck 10000 iters at S=100 (final stage). Stopping at iter 71834.
Stuck 10000 iters at S=100 (final stage). Stopping at iter 71835.
Stuck 10000 iters at S=100 (final stage). Stopping at iter 71836.
Stuck 10000 iters at S=100 (final stage). Stopping at iter 71837.
Stuck 10000 iters at S=100 (final stage). Stopping at iter 71838.
Stuck 10000 iters at S=100 (final stage). Stopping at iter 71839.
Stuck 10000 iters at S=100 (final stage). Stopping at iter 71840.
Stuck 10000 iters at S=100 (final stage). Stopping at iter 71841.
Stuck 10000 iters at S=100 (final stage). Stopping at iter 71842.
Stuck 10000 iters at S=100 (final stage). Stopping at iter 71843.
Stuck 10000 iters at S=100 (final stage). Stopping at iter 71844.
Stuck 10000 iters at S=100 (final stage). Stopping at iter 71845.
Stuck 10000 iters at S=100 (final stage). Stopping at iter 71846.
Stuck 10000 iters at S=100 (final stage). Stopping at iter 71847.
Stuck 10000 iters at S=100 (final stage). Stopping at iter 71848.
Stuck 10000 iters at S=100 (final stage). Stopping at iter 71849.
Stuck 10000 iters at S=100 (final stage). Stopping at iter 71850.
Stuck 10000 iters at S=100 (final stage). Stopping at iter 71851.
Stuck 10000 iters at S=100 (final stage). Stopping at iter 71852.
Stuck 10000 iters at S=100 (final stage). Stopping at iter 71853.
Stuck 10000 iters at S=100 (final stage). Stopping at iter 71854.
Stuck 10000 iters at S=100 (final stage). Stopping at iter 71855.
Stuck 10000 iters at S=100 (final stage). Stopping at iter 71856.
Stuck 10000 iters at S=100 (final stage). Stopping at iter 71857.
Stuck 10000 iters at S=100 (final stage). Stopping at iter 71858.
Stuck 10000 iters at S=100 (final stage). Stopping at iter 71859.
Stuck 10000 iters at S=100 (final stage). Stopping at iter 71860.
Stuck 10000 iters at S=100 (final stage). Stopping at iter 71861.
Stuck 10000 iters at S=100 (final stage). Stopping at iter 71862.
Stuck 10000 iters at S=100 (final stage). Stopping at iter 71863.
Stuck 10000 iters at S=100 (final stage). Stopping at iter 71864.
Stuck 10000 iters at S=100 (final stage). Stopping at iter 71865.
Stuck 10000 iters at S=100 (final stage). Stopping at iter 71866.
Stuck 10000 iters at S=100 (final stage). Stopping at iter 71867.
Stuck 10000 iters at S=100 (final stage). Stopping at iter 71868.
Stuck 10000 iters at S=100 (final stage). Stopping at iter 71869.
Stuck 10000 iters at S=100 (final stage). Stopping at iter 71870.
Stuck 10000 iters at S=100 (final stage). Stopping at iter 71871.
Stuck 10000 iters at S=100 (final stage). Stopping at iter 71872.
Stuck 10000 iters at S=100 (final stage). Stopping at iter 71873.
Stuck 10000 iters at S=100 (final stage). Stopping at iter 71874.
Stuck 10000 iters at S=100 (final stage). Stopping at iter 71875.
Stuck 10000 iters at S=100 (final stage). Stopping at iter 71876.
Stuck 10000 iters at S=100 (final stage). Stopping at iter 71877.
Stuck 10000 iters at S=100 (final stage). Stopping at iter 71878.
Stuck 10000 iters at S=100 (final stage). Stopping at iter 71879.
Stuck 10000 iters at S=100 (final stage). Stopping at iter 71880.
Stuck 10000 iters at S=100 (final stage). Stopping at iter 71881.
Stuck 10000 iters at S=100 (final stage). Stopping at iter 71882.
Stuck 10000 iters at S=100 (final stage). Stopping at iter 71883.
Stuck 10000 iters at S=100 (final stage). Stopping at iter 71884.
Stuck 10000 iters at S=100 (final stage). Stopping at iter 71885.
Stuck 10000 iters at S=100 (final stage). Stopping at iter 71886.
Stuck 10000 iters at S=100 (final stage). Stopping at iter 71887.
Stuck 10000 iters at S=100 (final stage). Stopping at iter 71888.
Stuck 10000 iters at S=100 (final stage). Stopping at iter 71889.
Stuck 10000 iters at S=100 (final stage). Stopping at iter 71890.
Stuck 10000 iters at S=100 (final stage). Stopping at iter 71891.
Stuck 10000 iters at S=100 (final stage). Stopping at iter 71892.
Stuck 10000 iters at S=100 (final stage). Stopping at iter 71893.
Stuck 10000 iters at S=100 (final stage). Stopping at iter 71894.
Stuck 10000 iters at S=100 (final stage). Stopping at iter 71895.
Stuck 10000 iters at S=100 (final stage). Stopping at iter 71896.
Stuck 10000 iters at S=100 (final stage). Stopping at iter 71897.
Stuck 10000 iters at S=100 (final stage). Stopping at iter 71898.
Stuck 10000 iters at S=100 (final stage). Stopping at iter 71899.
Stuck 10000 iters at S=100 (final stage). Stopping at iter 71900.
Stuck 10000 iters at S=100 (final stage). Stopping at iter 71901.
Stuck 10000 iters at S=100 (final stage). Stopping at iter 71902.
Stuck 10000 iters at S=100 (final stage). Stopping at iter 71903.
Stuck 10000 iters at S=100 (final stage). Stopping at iter 71904.
Stuck 10000 iters at S=100 (final stage). Stopping at iter 71905.
Stuck 10000 iters at S=100 (final stage). Stopping at iter 71906.
Stuck 10000 iters at S=100 (final stage). Stopping at iter 71907.
Stuck 10000 iters at S=100 (final stage). Stopping at iter 71908.
Stuck 10000 iters at S=100 (final stage). Stopping at iter 71909.
Stuck 10000 iters at S=100 (final stage). Stopping at iter 71910.
Stuck 10000 iters at S=100 (final stage). Stopping at iter 71911.
Stuck 10000 iters at S=100 (final stage). Stopping at iter 71912.
Stuck 10000 iters at S=100 (final stage). Stopping at iter 71913.
Stuck 10000 iters at S=100 (final stage). Stopping at iter 71914.
Stuck 10000 iters at S=100 (final stage). Stopping at iter 71915.
Stuck 10000 iters at S=100 (final stage). Stopping at iter 71916.
Stuck 10000 iters at S=100 (final stage). Stopping at iter 71917.
Stuck 10000 iters at S=100 (final stage). Stopping at iter 71918.
Stuck 10000 iters at S=100 (final stage). Stopping at iter 71919.
Stuck 10000 iters at S=100 (final stage). Stopping at iter 71920.
Stuck 10000 iters at S=100 (final stage). Stopping at iter 71921.
Stuck 10000 iters at S=100 (final stage). Stopping at iter 71922.
Stuck 10000 iters at S=100 (final stage). Stopping at iter 71923.
Stuck 10000 iters at S=100 (final stage). Stopping at iter 71924.
Stuck 10000 iters at S=100 (final stage). Stopping at iter 71925.
Stuck 10000 iters at S=100 (final stage). Stopping at iter 71926.
Stuck 10000 iters at S=100 (final stage). Stopping at iter 71927.
Stuck 10000 iters at S=100 (final stage). Stopping at iter 71928.
Stuck 10000 iters at S=100 (final stage). Stopping at iter 71929.
Stuck 10000 iters at S=100 (final stage). Stopping at iter 71930.
Stuck 10000 iters at S=100 (final stage). Stopping at iter 71931.
Stuck 10000 iters at S=100 (final stage). Stopping at iter 71932.
Stuck 10000 iters at S=100 (final stage). Stopping at iter 71933.
Stuck 10000 iters at S=100 (final stage). Stopping at iter 71934.
Stuck 10000 iters at S=100 (final stage). Stopping at iter 71935.
Stuck 10000 iters at S=100 (final stage). Stopping at iter 71936.
Stuck 10000 iters at S=100 (final stage). Stopping at iter 71937.
Stuck 10000 iters at S=100 (final stage). Stopping at iter 71938.
Stuck 10000 iters at S=100 (final stage). Stopping at iter 71939.
Stuck 10000 iters at S=100 (final stage). Stopping at iter 71940.
Stuck 10000 iters at S=100 (final stage). Stopping at iter 71941.
Stuck 10000 iters at S=100 (final stage). Stopping at iter 71942.
Stuck 10000 iters at S=100 (final stage). Stopping at iter 71943.
Stuck 10000 iters at S=100 (final stage). Stopping at iter 71944.
Stuck 10000 iters at S=100 (final stage). Stopping at iter 71945.
Stuck 10000 iters at S=100 (final stage). Stopping at iter 71946.
Stuck 10000 iters at S=100 (final stage). Stopping at iter 71947.
Stuck 10000 iters at S=100 (final stage). Stopping at iter 71948.
Stuck 10000 iters at S=100 (final stage). Stopping at iter 71949.
Stuck 10000 iters at S=100 (final stage). Stopping at iter 71950.
Stuck 10000 iters at S=100 (final stage). Stopping at iter 71951.
Stuck 10000 iters at S=100 (final stage). Stopping at iter 71952.
Stuck 10000 iters at S=100 (final stage). Stopping at iter 71953.
Stuck 10000 iters at S=100 (final stage). Stopping at iter 71954.
Stuck 10000 iters at S=100 (final stage). Stopping at iter 71955.
Stuck 10000 iters at S=100 (final stage). Stopping at iter 71956.
Stuck 10000 iters at S=100 (final stage). Stopping at iter 71957.
Stuck 10000 iters at S=100 (final stage). Stopping at iter 71958.
Stuck 10000 iters at S=100 (final stage). Stopping at iter 71959.
Stuck 10000 iters at S=100 (final stage). Stopping at iter 71960.
Stuck 10000 iters at S=100 (final stage). Stopping at iter 71961.
Stuck 10000 iters at S=100 (final stage). Stopping at iter 71962.
Stuck 10000 iters at S=100 (final stage). Stopping at iter 71963.
Stuck 10000 iters at S=100 (final stage). Stopping at iter 71964.
Stuck 10000 iters at S=100 (final stage). Stopping at iter 71965.
Stuck 10000 iters at S=100 (final stage). Stopping at iter 71966.
Stuck 10000 iters at S=100 (final stage). Stopping at iter 71967.
Stuck 10000 iters at S=100 (final stage). Stopping at iter 71968.
Stuck 10000 iters at S=100 (final stage). Stopping at iter 71969.
Stuck 10000 iters at S=100 (final stage). Stopping at iter 71970.
Stuck 10000 iters at S=100 (final stage). Stopping at iter 71971.
Stuck 10000 iters at S=100 (final stage). Stopping at iter 71972.
Stuck 10000 iters at S=100 (final stage). Stopping at iter 71973.
Stuck 10000 iters at S=100 (final stage). Stopping at iter 71974.
Stuck 10000 iters at S=100 (final stage). Stopping at iter 71975.
Stuck 10000 iters at S=100 (final stage). Stopping at iter 71976.
Stuck 10000 iters at S=100 (final stage). Stopping at iter 71977.
Stuck 10000 iters at S=100 (final stage). Stopping at iter 71978.
Stuck 10000 iters at S=100 (final stage). Stopping at iter 71979.
Stuck 10000 iters at S=100 (final stage). Stopping at iter 71980.
Stuck 10000 iters at S=100 (final stage). Stopping at iter 71981.
Stuck 10000 iters at S=100 (final stage). Stopping at iter 71982.
Stuck 10000 iters at S=100 (final stage). Stopping at iter 71983.
Stuck 10000 iters at S=100 (final stage). Stopping at iter 71984.
Stuck 10000 iters at S=100 (final stage). Stopping at iter 71985.
Stuck 10000 iters at S=100 (final stage). Stopping at iter 71986.
Stuck 10000 iters at S=100 (final stage). Stopping at iter 71987.
Stuck 10000 iters at S=100 (final stage). Stopping at iter 71988.
Stuck 10000 iters at S=100 (final stage). Stopping at iter 71989.
Stuck 10000 iters at S=100 (final stage). Stopping at iter 71990.
Stuck 10000 iters at S=100 (final stage). Stopping at iter 71991.
Stuck 10000 iters at S=100 (final stage). Stopping at iter 71992.
Stuck 10000 iters at S=100 (final stage). Stopping at iter 71993.
Stuck 10000 iters at S=100 (final stage). Stopping at iter 71994.
Stuck 10000 iters at S=100 (final stage). Stopping at iter 71995.
Stuck 10000 iters at S=100 (final stage). Stopping at iter 71996.
Stuck 10000 iters at S=100 (final stage). Stopping at iter 71997.
Stuck 10000 iters at S=100 (final stage). Stopping at iter 71998.
Stuck 10000 iters at S=100 (final stage). Stopping at iter 71999.
Stuck 10000 iters at S=100 (final stage). Stopping at iter 72000.
Stuck 10000 iters at S=100 (final stage). Stopping at iter 72001.
Stuck 10000 iters at S=100 (final stage). Stopping at iter 72002.
Stuck 10000 iters at S=100 (final stage). Stopping at iter 72003.
Stuck 10000 iters at S=100 (final stage). Stopping at iter 72004.
Stuck 10000 iters at S=100 (final stage). Stopping at iter 72005.
Stuck 10000 iters at S=100 (final stage). Stopping at iter 72006.
Stuck 10000 iters at S=100 (final stage). Stopping at iter 72007.
Stuck 10000 iters at S=100 (final stage). Stopping at iter 72008.
Stuck 10000 iters at S=100 (final stage). Stopping at iter 72009.
Stuck 10000 iters at S=100 (final stage). Stopping at iter 72010.
Stuck 10000 iters at S=100 (final stage). Stopping at iter 72011.
Stuck 10000 iters at S=100 (final stage). Stopping at iter 72012.
Stuck 10000 iters at S=100 (final stage). Stopping at iter 72013.
Stuck 10000 iters at S=100 (final stage). Stopping at iter 72014.
Stuck 10000 iters at S=100 (final stage). Stopping at iter 72015.
Stuck 10000 iters at S=100 (final stage). Stopping at iter 72016.
Stuck 10000 iters at S=100 (final stage). Stopping at iter 72017.
Stuck 10000 iters at S=100 (final stage). Stopping at iter 72018.
Stuck 10000 iters at S=100 (final stage). Stopping at iter 72019.
Stuck 10000 iters at S=100 (final stage). Stopping at iter 72020.
Stuck 10000 iters at S=100 (final stage). Stopping at iter 72021.
Stuck 10000 iters at S=100 (final stage). Stopping at iter 72022.
Stuck 10000 iters at S=100 (final stage). Stopping at iter 72023.
Stuck 10000 iters at S=100 (final stage). Stopping at iter 72024.
Stuck 10000 iters at S=100 (final stage). Stopping at iter 72025.
Stuck 10000 iters at S=100 (final stage). Stopping at iter 72026.
Stuck 10000 iters at S=100 (final stage). Stopping at iter 72027.
Stuck 10000 iters at S=100 (final stage). Stopping at iter 72028.
Stuck 10000 iters at S=100 (final stage). Stopping at iter 72029.
Stuck 10000 iters at S=100 (final stage). Stopping at iter 72030.
Stuck 10000 iters at S=100 (final stage). Stopping at iter 72031.
Stuck 10000 iters at S=100 (final stage). Stopping at iter 72032.
Stuck 10000 iters at S=100 (final stage). Stopping at iter 72033.
Stuck 10000 iters at S=100 (final stage). Stopping at iter 72034.
Stuck 10000 iters at S=100 (final stage). Stopping at iter 72035.
Stuck 10000 iters at S=100 (final stage). Stopping at iter 72036.
Stuck 10000 iters at S=100 (final stage). Stopping at iter 72037.
Stuck 10000 iters at S=100 (final stage). Stopping at iter 72038.
Stuck 10000 iters at S=100 (final stage). Stopping at iter 72039.
Stuck 10000 iters at S=100 (final stage). Stopping at iter 72040.
Stuck 10000 iters at S=100 (final stage). Stopping at iter 72041.
Stuck 10000 iters at S=100 (final stage). Stopping at iter 72042.
Stuck 10000 iters at S=100 (final stage). Stopping at iter 72043.
Stuck 10000 iters at S=100 (final stage). Stopping at iter 72044.
Stuck 10000 iters at S=100 (final stage). Stopping at iter 72045.
Stuck 10000 iters at S=100 (final stage). Stopping at iter 72046.
Stuck 10000 iters at S=100 (final stage). Stopping at iter 72047.
Stuck 10000 iters at S=100 (final stage). Stopping at iter 72048.
Stuck 10000 iters at S=100 (final stage). Stopping at iter 72049.
Stuck 10000 iters at S=100 (final stage). Stopping at iter 72050.
Stuck 10000 iters at S=100 (final stage). Stopping at iter 72051.
Stuck 10000 iters at S=100 (final stage). Stopping at iter 72052.
Stuck 10000 iters at S=100 (final stage). Stopping at iter 72053.
Stuck 10000 iters at S=100 (final stage). Stopping at iter 72054.
Stuck 10000 iters at S=100 (final stage). Stopping at iter 72055.
Stuck 10000 iters at S=100 (final stage). Stopping at iter 72056.
Stuck 10000 iters at S=100 (final stage). Stopping at iter 72057.
Stuck 10000 iters at S=100 (final stage). Stopping at iter 72058.
Stuck 10000 iters at S=100 (final stage). Stopping at iter 72059.
Stuck 10000 iters at S=100 (final stage). Stopping at iter 72060.
Stuck 10000 iters at S=100 (final stage). Stopping at iter 72061.
Stuck 10000 iters at S=100 (final stage). Stopping at iter 72062.
Stuck 10000 iters at S=100 (final stage). Stopping at iter 72063.
Stuck 10000 iters at S=100 (final stage). Stopping at iter 72064.
Stuck 10000 iters at S=100 (final stage). Stopping at iter 72065.
Stuck 10000 iters at S=100 (final stage). Stopping at iter 72066.
Stuck 10000 iters at S=100 (final stage). Stopping at iter 72067.
Stuck 10000 iters at S=100 (final stage). Stopping at iter 72068.
Stuck 10000 iters at S=100 (final stage). Stopping at iter 72069.
Stuck 10000 iters at S=100 (final stage). Stopping at iter 72070.
Stuck 10000 iters at S=100 (final stage). Stopping at iter 72071.
Stuck 10000 iters at S=100 (final stage). Stopping at iter 72072.
Stuck 10000 iters at S=100 (final stage). Stopping at iter 72073.
Stuck 10000 iters at S=100 (final stage). Stopping at iter 72074.
Stuck 10000 iters at S=100 (final stage). Stopping at iter 72075.
Stuck 10000 iters at S=100 (final stage). Stopping at iter 72076.
Stuck 10000 iters at S=100 (final stage). Stopping at iter 72077.
Stuck 10000 iters at S=100 (final stage). Stopping at iter 72078.
Stuck 10000 iters at S=100 (final stage). Stopping at iter 72079.
Stuck 10000 iters at S=100 (final stage). Stopping at iter 72080.
Stuck 10000 iters at S=100 (final stage). Stopping at iter 72081.
Stuck 10000 iters at S=100 (final stage). Stopping at iter 72082.
Stuck 10000 iters at S=100 (final stage). Stopping at iter 72083.
Stuck 10000 iters at S=100 (final stage). Stopping at iter 72084.
Stuck 10000 iters at S=100 (final stage). Stopping at iter 72085.
Stuck 10000 iters at S=100 (final stage). Stopping at iter 72086.
Stuck 10000 iters at S=100 (final stage). Stopping at iter 72087.
Stuck 10000 iters at S=100 (final stage). Stopping at iter 72088.
Stuck 10000 iters at S=100 (final stage). Stopping at iter 72089.
Stuck 10000 iters at S=100 (final stage). Stopping at iter 72090.
Stuck 10000 iters at S=100 (final stage). Stopping at iter 72091.
Stuck 10000 iters at S=100 (final stage). Stopping at iter 72092.
Stuck 10000 iters at S=100 (final stage). Stopping at iter 72093.
Stuck 10000 iters at S=100 (final stage). Stopping at iter 72094.
Stuck 10000 iters at S=100 (final stage). Stopping at iter 72095.
Stuck 10000 iters at S=100 (final stage). Stopping at iter 72096.
Stuck 10000 iters at S=100 (final stage). Stopping at iter 72097.
Stuck 10000 iters at S=100 (final stage). Stopping at iter 72098.
Stuck 10000 iters at S=100 (final stage). Stopping at iter 72099.
Stuck 10000 iters at S=100 (final stage). Stopping at iter 72100.
Stuck 10000 iters at S=100 (final stage). Stopping at iter 72101.
Stuck 10000 iters at S=100 (final stage). Stopping at iter 72102.
Stuck 10000 iters at S=100 (final stage). Stopping at iter 72103.
Stuck 10000 iters at S=100 (final stage). Stopping at iter 72104.
Stuck 10000 iters at S=100 (final stage). Stopping at iter 72105.
Stuck 10000 iters at S=100 (final stage). Stopping at iter 72106.
Stuck 10000 iters at S=100 (final stage). Stopping at iter 72107.
Stuck 10000 iters at S=100 (final stage). Stopping at iter 72108.
Stuck 10000 iters at S=100 (final stage). Stopping at iter 72109.
Stuck 10000 iters at S=100 (final stage). Stopping at iter 72110.
Stuck 10000 iters at S=100 (final stage). Stopping at iter 72111.
Stuck 10000 iters at S=100 (final stage). Stopping at iter 72112.
Stuck 10000 iters at S=100 (final stage). Stopping at iter 72113.
Stuck 10000 iters at S=100 (final stage). Stopping at iter 72114.
Stuck 10000 iters at S=100 (final stage). Stopping at iter 72115.
Stuck 10000 iters at S=100 (final stage). Stopping at iter 72116.
Stuck 10000 iters at S=100 (final stage). Stopping at iter 72117.
Stuck 10000 iters at S=100 (final stage). Stopping at iter 72118.
Stuck 10000 iters at S=100 (final stage). Stopping at iter 72119.
Stuck 10000 iters at S=100 (final stage). Stopping at iter 72120.
Stuck 10000 iters at S=100 (final stage). Stopping at iter 72121.
Stuck 10000 iters at S=100 (final stage). Stopping at iter 72122.
Stuck 10000 iters at S=100 (final stage). Stopping at iter 72123.
Stuck 10000 iters at S=100 (final stage). Stopping at iter 72124.
Stuck 10000 iters at S=100 (final stage). Stopping at iter 72125.
Stuck 10000 iters at S=100 (final stage). Stopping at iter 72126.
Stuck 10000 iters at S=100 (final stage). Stopping at iter 72127.
Stuck 10000 iters at S=100 (final stage). Stopping at iter 72128.
Stuck 10000 iters at S=100 (final stage). Stopping at iter 72129.
Stuck 10000 iters at S=100 (final stage). Stopping at iter 72130.
Stuck 10000 iters at S=100 (final stage). Stopping at iter 72131.
Stuck 10000 iters at S=100 (final stage). Stopping at iter 72132.
Stuck 10000 iters at S=100 (final stage). Stopping at iter 72133.
Stuck 10000 iters at S=100 (final stage). Stopping at iter 72134.
Stuck 10000 iters at S=100 (final stage). Stopping at iter 72135.
Stuck 10000 iters at S=100 (final stage). Stopping at iter 72136.
Stuck 10000 iters at S=100 (final stage). Stopping at iter 72137.
Stuck 10000 iters at S=100 (final stage). Stopping at iter 72138.
Stuck 10000 iters at S=100 (final stage). Stopping at iter 72139.
Stuck 10000 iters at S=100 (final stage). Stopping at iter 72140.
Stuck 10000 iters at S=100 (final stage). Stopping at iter 72141.
Stuck 10000 iters at S=100 (final stage). Stopping at iter 72142.
Stuck 10000 iters at S=100 (final stage). Stopping at iter 72143.
Stuck 10000 iters at S=100 (final stage). Stopping at iter 72144.
Stuck 10000 iters at S=100 (final stage). Stopping at iter 72145.
Stuck 10000 iters at S=100 (final stage). Stopping at iter 72146.
Stuck 10000 iters at S=100 (final stage). Stopping at iter 72147.
Stuck 10000 iters at S=100 (final stage). Stopping at iter 72148.
Stuck 10000 iters at S=100 (final stage). Stopping at iter 72149.
Stuck 10000 iters at S=100 (final stage). Stopping at iter 72150.
Stuck 10000 iters at S=100 (final stage). Stopping at iter 72151.
Stuck 10000 iters at S=100 (final stage). Stopping at iter 72152.
Stuck 10000 iters at S=100 (final stage). Stopping at iter 72153.
Stuck 10000 iters at S=100 (final stage). Stopping at iter 72154.
Stuck 10000 iters at S=100 (final stage). Stopping at iter 72155.
Stuck 10000 iters at S=100 (final stage). Stopping at iter 72156.
Stuck 10000 iters at S=100 (final stage). Stopping at iter 72157.
Stuck 10000 iters at S=100 (final stage). Stopping at iter 72158.
Stuck 10000 iters at S=100 (final stage). Stopping at iter 72159.
Stuck 10000 iters at S=100 (final stage). Stopping at iter 72160.
Stuck 10000 iters at S=100 (final stage). Stopping at iter 72161.
Stuck 10000 iters at S=100 (final stage). Stopping at iter 72162.
Stuck 10000 iters at S=100 (final stage). Stopping at iter 72163.
Stuck 10000 iters at S=100 (final stage). Stopping at iter 72164.
Stuck 10000 iters at S=100 (final stage). Stopping at iter 72165.
Stuck 10000 iters at S=100 (final stage). Stopping at iter 72166.
Stuck 10000 iters at S=100 (final stage). Stopping at iter 72167.
Stuck 10000 iters at S=100 (final stage). Stopping at iter 72168.
Stuck 10000 iters at S=100 (final stage). Stopping at iter 72169.
Stuck 10000 iters at S=100 (final stage). Stopping at iter 72170.
Stuck 10000 iters at S=100 (final stage). Stopping at iter 72171.
Stuck 10000 iters at S=100 (final stage). Stopping at iter 72172.
Stuck 10000 iters at S=100 (final stage). Stopping at iter 72173.
Stuck 10000 iters at S=100 (final stage). Stopping at iter 72174.
Stuck 10000 iters at S=100 (final stage). Stopping at iter 72175.
Stuck 10000 iters at S=100 (final stage). Stopping at iter 72176.
Stuck 10000 iters at S=100 (final stage). Stopping at iter 72177.
Stuck 10000 iters at S=100 (final stage). Stopping at iter 72178.
Stuck 10000 iters at S=100 (final stage). Stopping at iter 72179.
Stuck 10000 iters at S=100 (final stage). Stopping at iter 72180.
Stuck 10000 iters at S=100 (final stage). Stopping at iter 72181.
Stuck 10000 iters at S=100 (final stage). Stopping at iter 72182.
Stuck 10000 iters at S=100 (final stage). Stopping at iter 72183.
Stuck 10000 iters at S=100 (final stage). Stopping at iter 72184.
Stuck 10000 iters at S=100 (final stage). Stopping at iter 72185.
Stuck 10000 iters at S=100 (final stage). Stopping at iter 72186.
Stuck 10000 iters at S=100 (final stage). Stopping at iter 72187.
Stuck 10000 iters at S=100 (final stage). Stopping at iter 72188.
Stuck 10000 iters at S=100 (final stage). Stopping at iter 72189.
Stuck 10000 iters at S=100 (final stage). Stopping at iter 72190.
Stuck 10000 iters at S=100 (final stage). Stopping at iter 72191.
Stuck 10000 iters at S=100 (final stage). Stopping at iter 72192.
Stuck 10000 iters at S=100 (final stage). Stopping at iter 72193.
Stuck 10000 iters at S=100 (final stage). Stopping at iter 72194.
Stuck 10000 iters at S=100 (final stage). Stopping at iter 72195.
Stuck 10000 iters at S=100 (final stage). Stopping at iter 72196.
Stuck 10000 iters at S=100 (final stage). Stopping at iter 72197.
Stuck 10000 iters at S=100 (final stage). Stopping at iter 72198.
Stuck 10000 iters at S=100 (final stage). Stopping at iter 72199.
Stuck 10000 iters at S=100 (final stage). Stopping at iter 72200.
Stuck 10000 iters at S=100 (final stage). Stopping at iter 72201.
Stuck 10000 iters at S=100 (final stage). Stopping at iter 72202.
Stuck 10000 iters at S=100 (final stage). Stopping at iter 72203.
Stuck 10000 iters at S=100 (final stage). Stopping at iter 72204.
Stuck 10000 iters at S=100 (final stage). Stopping at iter 72205.
Stuck 10000 iters at S=100 (final stage). Stopping at iter 72206.
Stuck 10000 iters at S=100 (final stage). Stopping at iter 72207.
Stuck 10000 iters at S=100 (final stage). Stopping at iter 72208.
Stuck 10000 iters at S=100 (final stage). Stopping at iter 72209.
Stuck 10000 iters at S=100 (final stage). Stopping at iter 72210.
Stuck 10000 iters at S=100 (final stage). Stopping at iter 72211.
Stuck 10000 iters at S=100 (final stage). Stopping at iter 72212.
Stuck 10000 iters at S=100 (final stage). Stopping at iter 72213.
Stuck 10000 iters at S=100 (final stage). Stopping at iter 72214.
Stuck 10000 iters at S=100 (final stage). Stopping at iter 72215.
Stuck 10000 iters at S=100 (final stage). Stopping at iter 72216.
Stuck 10000 iters at S=100 (final stage). Stopping at iter 72217.
Stuck 10000 iters at S=100 (final stage). Stopping at iter 72218.
Stuck 10000 iters at S=100 (final stage). Stopping at iter 72219.
Stuck 10000 iters at S=100 (final stage). Stopping at iter 72220.
Stuck 10000 iters at S=100 (final stage). Stopping at iter 72221.
Stuck 10000 iters at S=100 (final stage). Stopping at iter 72222.
Stuck 10000 iters at S=100 (final stage). Stopping at iter 72223.
Stuck 10000 iters at S=100 (final stage). Stopping at iter 72224.
Stuck 10000 iters at S=100 (final stage). Stopping at iter 72225.
Stuck 10000 iters at S=100 (final stage). Stopping at iter 72226.
Stuck 10000 iters at S=100 (final stage). Stopping at iter 72227.
Stuck 10000 iters at S=100 (final stage). Stopping at iter 72228.
Stuck 10000 iters at S=100 (final stage). Stopping at iter 72229.
Stuck 10000 iters at S=100 (final stage). Stopping at iter 72230.
Stuck 10000 iters at S=100 (final stage). Stopping at iter 72231.
Stuck 10000 iters at S=100 (final stage). Stopping at iter 72232.
Stuck 10000 iters at S=100 (final stage). Stopping at iter 72233.
Stuck 10000 iters at S=100 (final stage). Stopping at iter 72234.
Stuck 10000 iters at S=100 (final stage). Stopping at iter 72235.
Stuck 10000 iters at S=100 (final stage). Stopping at iter 72236.
Stuck 10000 iters at S=100 (final stage). Stopping at iter 72237.
Stuck 10000 iters at S=100 (final stage). Stopping at iter 72238.
Stuck 10000 iters at S=100 (final stage). Stopping at iter 72239.
Stuck 10000 iters at S=100 (final stage). Stopping at iter 72240.
Stuck 10000 iters at S=100 (final stage). Stopping at iter 72241.
Stuck 10000 iters at S=100 (final stage). Stopping at iter 72242.
Stuck 10000 iters at S=100 (final stage). Stopping at iter 72243.
Stuck 10000 iters at S=100 (final stage). Stopping at iter 72244.
Stuck 10000 iters at S=100 (final stage). Stopping at iter 72245.
Stuck 10000 iters at S=100 (final stage). Stopping at iter 72246.
Stuck 10000 iters at S=100 (final stage). Stopping at iter 72247.
Stuck 10000 iters at S=100 (final stage). Stopping at iter 72248.
Stuck 10000 iters at S=100 (final stage). Stopping at iter 72249.
Stuck 10000 iters at S=100 (final stage). Stopping at iter 72250.
Stuck 10000 iters at S=100 (final stage). Stopping at iter 72251.
Stuck 10000 iters at S=100 (final stage). Stopping at iter 72252.
Stuck 10000 iters at S=100 (final stage). Stopping at iter 72253.
Stuck 10000 iters at S=100 (final stage). Stopping at iter 72254.
Stuck 10000 iters at S=100 (final stage). Stopping at iter 72255.
Stuck 10000 iters at S=100 (final stage). Stopping at iter 72256.
Stuck 10000 iters at S=100 (final stage). Stopping at iter 72257.
Stuck 10000 iters at S=100 (final stage). Stopping at iter 72258.
Stuck 10000 iters at S=100 (final stage). Stopping at iter 72259.
Stuck 10000 iters at S=100 (final stage). Stopping at iter 72260.
Stuck 10000 iters at S=100 (final stage). Stopping at iter 72261.
Stuck 10000 iters at S=100 (final stage). Stopping at iter 72262.
Stuck 10000 iters at S=100 (final stage). Stopping at iter 72263.
Stuck 10000 iters at S=100 (final stage). Stopping at iter 72264.
Stuck 10000 iters at S=100 (final stage). Stopping at iter 72265.
Stuck 10000 iters at S=100 (final stage). Stopping at iter 72266.
Stuck 10000 iters at S=100 (final stage). Stopping at iter 72267.
Stuck 10000 iters at S=100 (final stage). Stopping at iter 72268.
Stuck 10000 iters at S=100 (final stage). Stopping at iter 72269.
Stuck 10000 iters at S=100 (final stage). Stopping at iter 72270.
Stuck 10000 iters at S=100 (final stage). Stopping at iter 72271.
Stuck 10000 iters at S=100 (final stage). Stopping at iter 72272.
Stuck 10000 iters at S=100 (final stage). Stopping at iter 72273.
Stuck 10000 iters at S=100 (final stage). Stopping at iter 72274.
Stuck 10000 iters at S=100 (final stage). Stopping at iter 72275.
Stuck 10000 iters at S=100 (final stage). Stopping at iter 72276.
Stuck 10000 iters at S=100 (final stage). Stopping at iter 72277.
Stuck 10000 iters at S=100 (final stage). Stopping at iter 72278.
Stuck 10000 iters at S=100 (final stage). Stopping at iter 72279.
Stuck 10000 iters at S=100 (final stage). Stopping at iter 72280.
Stuck 10000 iters at S=100 (final stage). Stopping at iter 72281.
Stuck 10000 iters at S=100 (final stage). Stopping at iter 72282.
Stuck 10000 iters at S=100 (final stage). Stopping at iter 72283.
Stuck 10000 iters at S=100 (final stage). Stopping at iter 72284.
Stuck 10000 iters at S=100 (final stage). Stopping at iter 72285.
Stuck 10000 iters at S=100 (final stage). Stopping at iter 72286.
Stuck 10000 iters at S=100 (final stage). Stopping at iter 72287.
Stuck 10000 iters at S=100 (final stage). Stopping at iter 72288.
Stuck 10000 iters at S=100 (final stage). Stopping at iter 72289.
Stuck 10000 iters at S=100 (final stage). Stopping at iter 72290.
Stuck 10000 iters at S=100 (final stage). Stopping at iter 72291.
Stuck 10000 iters at S=100 (final stage). Stopping at iter 72292.
Stuck 10000 iters at S=100 (final stage). Stopping at iter 72293.
Stuck 10000 iters at S=100 (final stage). Stopping at iter 72294.
Stuck 10000 iters at S=100 (final stage). Stopping at iter 72295.
Stuck 10000 iters at S=100 (final stage). Stopping at iter 72296.
Stuck 10000 iters at S=100 (final stage). Stopping at iter 72297.
Stuck 10000 iters at S=100 (final stage). Stopping at iter 72298.
Stuck 10000 iters at S=100 (final stage). Stopping at iter 72299.
Stuck 10000 iters at S=100 (final stage). Stopping at iter 72300.
Stuck 10000 iters at S=100 (final stage). Stopping at iter 72301.
Stuck 10000 iters at S=100 (final stage). Stopping at iter 72302.
Stuck 10000 iters at S=100 (final stage). Stopping at iter 72303.
Stuck 10000 iters at S=100 (final stage). Stopping at iter 72304.
Stuck 10000 iters at S=100 (final stage). Stopping at iter 72305.
Stuck 10000 iters at S=100 (final stage). Stopping at iter 72306.
Stuck 10000 iters at S=100 (final stage). Stopping at iter 72307.
Stuck 10000 iters at S=100 (final stage). Stopping at iter 72308.
Stuck 10000 iters at S=100 (final stage). Stopping at iter 72309.
Stuck 10000 iters at S=100 (final stage). Stopping at iter 72310.
Stuck 10000 iters at S=100 (final stage). Stopping at iter 72311.
Stuck 10000 iters at S=100 (final stage). Stopping at iter 72312.
Stuck 10000 iters at S=100 (final stage). Stopping at iter 72313.
Stuck 10000 iters at S=100 (final stage). Stopping at iter 72314.
Stuck 10000 iters at S=100 (final stage). Stopping at iter 72315.
Stuck 10000 iters at S=100 (final stage). Stopping at iter 72316.
Stuck 10000 iters at S=100 (final stage). Stopping at iter 72317.
Stuck 10000 iters at S=100 (final stage). Stopping at iter 72318.
Stuck 10000 iters at S=100 (final stage). Stopping at iter 72319.
Stuck 10000 iters at S=100 (final stage). Stopping at iter 72320.
Stuck 10000 iters at S=100 (final stage). Stopping at iter 72321.
Stuck 10000 iters at S=100 (final stage). Stopping at iter 72322.
Stuck 10000 iters at S=100 (final stage). Stopping at iter 72323.
Stuck 10000 iters at S=100 (final stage). Stopping at iter 72324.
Stuck 10000 iters at S=100 (final stage). Stopping at iter 72325.
Stuck 10000 iters at S=100 (final stage). Stopping at iter 72326.
Stuck 10000 iters at S=100 (final stage). Stopping at iter 72327.
Stuck 10000 iters at S=100 (final stage). Stopping at iter 72328.
Stuck 10000 iters at S=100 (final stage). Stopping at iter 72329.
Stuck 10000 iters at S=100 (final stage). Stopping at iter 72330.
Stuck 10000 iters at S=100 (final stage). Stopping at iter 72331.
Stuck 10000 iters at S=100 (final stage). Stopping at iter 72332.
Stuck 10000 iters at S=100 (final stage). Stopping at iter 72333.
Stuck 10000 iters at S=100 (final stage). Stopping at iter 72334.
Stuck 10000 iters at S=100 (final stage). Stopping at iter 72335.
Stuck 10000 iters at S=100 (final stage). Stopping at iter 72336.
Stuck 10000 iters at S=100 (final stage). Stopping at iter 72337.
Stuck 10000 iters at S=100 (final stage). Stopping at iter 72338.
Stuck 10000 iters at S=100 (final stage). Stopping at iter 72339.
Stuck 10000 iters at S=100 (final stage). Stopping at iter 72340.
Stuck 10000 iters at S=100 (final stage). Stopping at iter 72341.
Stuck 10000 iters at S=100 (final stage). Stopping at iter 72342.
Stuck 10000 iters at S=100 (final stage). Stopping at iter 72343.
Stuck 10000 iters at S=100 (final stage). Stopping at iter 72344.
Stuck 10000 iters at S=100 (final stage). Stopping at iter 72345.
Stuck 10000 iters at S=100 (final stage). Stopping at iter 72346.
Stuck 10000 iters at S=100 (final stage). Stopping at iter 72347.
Stuck 10000 iters at S=100 (final stage). Stopping at iter 72348.
Stuck 10000 iters at S=100 (final stage). Stopping at iter 72349.
Stuck 10000 iters at S=100 (final stage). Stopping at iter 72350.
Stuck 10000 iters at S=100 (final stage). Stopping at iter 72351.
Stuck 10000 iters at S=100 (final stage). Stopping at iter 72352.
Stuck 10000 iters at S=100 (final stage). Stopping at iter 72353.
Stuck 10000 iters at S=100 (final stage). Stopping at iter 72354.
Stuck 10000 iters at S=100 (final stage). Stopping at iter 72355.
Stuck 10000 iters at S=100 (final stage). Stopping at iter 72356.
Stuck 10000 iters at S=100 (final stage). Stopping at iter 72357.
Stuck 10000 iters at S=100 (final stage). Stopping at iter 72358.
Stuck 10000 iters at S=100 (final stage). Stopping at iter 72359.
Stuck 10000 iters at S=100 (final stage). Stopping at iter 72360.
Stuck 10000 iters at S=100 (final stage). Stopping at iter 72361.
Stuck 10000 iters at S=100 (final stage). Stopping at iter 72362.
Stuck 10000 iters at S=100 (final stage). Stopping at iter 72363.
Stuck 10000 iters at S=100 (final stage). Stopping at iter 72364.
Stuck 10000 iters at S=100 (final stage). Stopping at iter 72365.
Stuck 10000 iters at S=100 (final stage). Stopping at iter 72366.
Stuck 10000 iters at S=100 (final stage). Stopping at iter 72367.
Stuck 10000 iters at S=100 (final stage). Stopping at iter 72368.
Stuck 10000 iters at S=100 (final stage). Stopping at iter 72369.
Stuck 10000 iters at S=100 (final stage). Stopping at iter 72370.
Stuck 10000 iters at S=100 (final stage). Stopping at iter 72371.
Stuck 10000 iters at S=100 (final stage). Stopping at iter 72372.
Stuck 10000 iters at S=100 (final stage). Stopping at iter 72373.
Stuck 10000 iters at S=100 (final stage). Stopping at iter 72374.
Stuck 10000 iters at S=100 (final stage). Stopping at iter 72375.
Stuck 10000 iters at S=100 (final stage). Stopping at iter 72376.
Stuck 10000 iters at S=100 (final stage). Stopping at iter 72377.
Stuck 10000 iters at S=100 (final stage). Stopping at iter 72378.
Stuck 10000 iters at S=100 (final stage). Stopping at iter 72379.
Stuck 10000 iters at S=100 (final stage). Stopping at iter 72380.
Stuck 10000 iters at S=100 (final stage). Stopping at iter 72381.
Stuck 10000 iters at S=100 (final stage). Stopping at iter 72382.
Stuck 10000 iters at S=100 (final stage). Stopping at iter 72383.
Stuck 10000 iters at S=100 (final stage). Stopping at iter 72384.
Stuck 10000 iters at S=100 (final stage). Stopping at iter 72385.
Stuck 10000 iters at S=100 (final stage). Stopping at iter 72386.
Stuck 10000 iters at S=100 (final stage). Stopping at iter 72387.
Stuck 10000 iters at S=100 (final stage). Stopping at iter 72388.
Stuck 10000 iters at S=100 (final stage). Stopping at iter 72389.
Stuck 10000 iters at S=100 (final stage). Stopping at iter 72390.
Stuck 10000 iters at S=100 (final stage). Stopping at iter 72391.
Stuck 10000 iters at S=100 (final stage). Stopping at iter 72392.
Stuck 10000 iters at S=100 (final stage). Stopping at iter 72393.
Stuck 10000 iters at S=100 (final stage). Stopping at iter 72394.
Stuck 10000 iters at S=100 (final stage). Stopping at iter 72395.
Stuck 10000 iters at S=100 (final stage). Stopping at iter 72396.
Stuck 10000 iters at S=100 (final stage). Stopping at iter 72397.
Stuck 10000 iters at S=100 (final stage). Stopping at iter 72398.
Stuck 10000 iters at S=100 (final stage). Stopping at iter 72399.
Stuck 10000 iters at S=100 (final stage). Stopping at iter 72400.
Stuck 10000 iters at S=100 (final stage). Stopping at iter 72401.
Stuck 10000 iters at S=100 (final stage). Stopping at iter 72402.
Stuck 10000 iters at S=100 (final stage). Stopping at iter 72403.
Stuck 10000 iters at S=100 (final stage). Stopping at iter 72404.
Stuck 10000 iters at S=100 (final stage). Stopping at iter 72405.
Stuck 10000 iters at S=100 (final stage). Stopping at iter 72406.
Stuck 10000 iters at S=100 (final stage). Stopping at iter 72407.
Stuck 10000 iters at S=100 (final stage). Stopping at iter 72408.
Stuck 10000 iters at S=100 (final stage). Stopping at iter 72409.
Stuck 10000 iters at S=100 (final stage). Stopping at iter 72410.
Stuck 10000 iters at S=100 (final stage). Stopping at iter 72411.
Stuck 10000 iters at S=100 (final stage). Stopping at iter 72412.
Stuck 10000 iters at S=100 (final stage). Stopping at iter 72413.
Stuck 10000 iters at S=100 (final stage). Stopping at iter 72414.
Stuck 10000 iters at S=100 (final stage). Stopping at iter 72415.
Stuck 10000 iters at S=100 (final stage). Stopping at iter 72416.
Stuck 10000 iters at S=100 (final stage). Stopping at iter 72417.
Stuck 10000 iters at S=100 (final stage). Stopping at iter 72418.
Stuck 10000 iters at S=100 (final stage). Stopping at iter 72419.
Stuck 10000 iters at S=100 (final stage). Stopping at iter 72420.
Stuck 10000 iters at S=100 (final stage). Stopping at iter 72421.
Stuck 10000 iters at S=100 (final stage). Stopping at iter 72422.
Stuck 10000 iters at S=100 (final stage). Stopping at iter 72423.
Stuck 10000 iters at S=100 (final stage). Stopping at iter 72424.
Stuck 10000 iters at S=100 (final stage). Stopping at iter 72425.
Stuck 10000 iters at S=100 (final stage). Stopping at iter 72426.
Stuck 10000 iters at S=100 (final stage). Stopping at iter 72427.
Stuck 10000 iters at S=100 (final stage). Stopping at iter 72428.
Stuck 10000 iters at S=100 (final stage). Stopping at iter 72429.
Stuck 10000 iters at S=100 (final stage). Stopping at iter 72430.
Stuck 10000 iters at S=100 (final stage). Stopping at iter 72431.
Stuck 10000 iters at S=100 (final stage). Stopping at iter 72432.
Stuck 10000 iters at S=100 (final stage). Stopping at iter 72433.
Stuck 10000 iters at S=100 (final stage). Stopping at iter 72434.
Stuck 10000 iters at S=100 (final stage). Stopping at iter 72435.
Stuck 10000 iters at S=100 (final stage). Stopping at iter 72436.
Stuck 10000 iters at S=100 (final stage). Stopping at iter 72437.
Stuck 10000 iters at S=100 (final stage). Stopping at iter 72438.
Stuck 10000 iters at S=100 (final stage). Stopping at iter 72439.
Stuck 10000 iters at S=100 (final stage). Stopping at iter 72440.
Stuck 10000 iters at S=100 (final stage). Stopping at iter 72441.
Stuck 10000 iters at S=100 (final stage). Stopping at iter 72442.
Stuck 10000 iters at S=100 (final stage). Stopping at iter 72443.
Stuck 10000 iters at S=100 (final stage). Stopping at iter 72444.
Stuck 10000 iters at S=100 (final stage). Stopping at iter 72445.
Stuck 10000 iters at S=100 (final stage). Stopping at iter 72446.
Stuck 10000 iters at S=100 (final stage). Stopping at iter 72447.
Stuck 10000 iters at S=100 (final stage). Stopping at iter 72448.
Stuck 10000 iters at S=100 (final stage). Stopping at iter 72449.
Stuck 10000 iters at S=100 (final stage). Stopping at iter 72450.
Stuck 10000 iters at S=100 (final stage). Stopping at iter 72451.
Stuck 10000 iters at S=100 (final stage). Stopping at iter 72452.
Stuck 10000 iters at S=100 (final stage). Stopping at iter 72453.
Stuck 10000 iters at S=100 (final stage). Stopping at iter 72454.
Stuck 10000 iters at S=100 (final stage). Stopping at iter 72455.
Stuck 10000 iters at S=100 (final stage). Stopping at iter 72456.
Stuck 10000 iters at S=100 (final stage). Stopping at iter 72457.
Stuck 10000 iters at S=100 (final stage). Stopping at iter 72458.
Stuck 10000 iters at S=100 (final stage). Stopping at iter 72459.
Stuck 10000 iters at S=100 (final stage). Stopping at iter 72460.
Stuck 10000 iters at S=100 (final stage). Stopping at iter 72461.
Stuck 10000 iters at S=100 (final stage). Stopping at iter 72462.
Stuck 10000 iters at S=100 (final stage). Stopping at iter 72463.
Stuck 10000 iters at S=100 (final stage). Stopping at iter 72464.
Stuck 10000 iters at S=100 (final stage). Stopping at iter 72465.
Stuck 10000 iters at S=100 (final stage). Stopping at iter 72466.
Stuck 10000 iters at S=100 (final stage). Stopping at iter 72467.
Stuck 10000 iters at S=100 (final stage). Stopping at iter 72468.
Stuck 10000 iters at S=100 (final stage). Stopping at iter 72469.
Stuck 10000 iters at S=100 (final stage). Stopping at iter 72470.
Stuck 10000 iters at S=100 (final stage). Stopping at iter 72471.
Stuck 10000 iters at S=100 (final stage). Stopping at iter 72472.
Stuck 10000 iters at S=100 (final stage). Stopping at iter 72473.
Stuck 10000 iters at S=100 (final stage). Stopping at iter 72474.
Stuck 10000 iters at S=100 (final stage). Stopping at iter 72475.
Stuck 10000 iters at S=100 (final stage). Stopping at iter 72476.
Stuck 10000 iters at S=100 (final stage). Stopping at iter 72477.
Stuck 10000 iters at S=100 (final stage). Stopping at iter 72478.
Stuck 10000 iters at S=100 (final stage). Stopping at iter 72479.
Stuck 10000 iters at S=100 (final stage). Stopping at iter 72480.
Stuck 10000 iters at S=100 (final stage). Stopping at iter 72481.
Stuck 10000 iters at S=100 (final stage). Stopping at iter 72482.
Stuck 10000 iters at S=100 (final stage). Stopping at iter 72483.
Stuck 10000 iters at S=100 (final stage). Stopping at iter 72484.
Stuck 10000 iters at S=100 (final stage). Stopping at iter 72485.
Stuck 10000 iters at S=100 (final stage). Stopping at iter 72486.
Stuck 10000 iters at S=100 (final stage). Stopping at iter 72487.
Stuck 10000 iters at S=100 (final stage). Stopping at iter 72488.
Stuck 10000 iters at S=100 (final stage). Stopping at iter 72489.
Stuck 10000 iters at S=100 (final stage). Stopping at iter 72490.
Stuck 10000 iters at S=100 (final stage). Stopping at iter 72491.
Stuck 10000 iters at S=100 (final stage). Stopping at iter 72492.
Stuck 10000 iters at S=100 (final stage). Stopping at iter 72493.
Stuck 10000 iters at S=100 (final stage). Stopping at iter 72494.
Stuck 10000 iters at S=100 (final stage). Stopping at iter 72495.
Stuck 10000 iters at S=100 (final stage). Stopping at iter 72496.
Stuck 10000 iters at S=100 (final stage). Stopping at iter 72497.
Stuck 10000 iters at S=100 (final stage). Stopping at iter 72498.
Stuck 10000 iters at S=100 (final stage). Stopping at iter 72499.
Stuck 10000 iters at S=100 (final stage). Stopping at iter 72500.
Stuck 10000 iters at S=100 (final stage). Stopping at iter 72501.
Stuck 10000 iters at S=100 (final stage). Stopping at iter 72502.
Stuck 10000 iters at S=100 (final stage). Stopping at iter 72503.
Stuck 10000 iters at S=100 (final stage). Stopping at iter 72504.
Stuck 10000 iters at S=100 (final stage). Stopping at iter 72505.
Stuck 10000 iters at S=100 (final stage). Stopping at iter 72506.
Stuck 10000 iters at S=100 (final stage). Stopping at iter 72507.
Stuck 10000 iters at S=100 (final stage). Stopping at iter 72508.
Stuck 10000 iters at S=100 (final stage). Stopping at iter 72509.
Stuck 10000 iters at S=100 (final stage). Stopping at iter 72510.
Stuck 10000 iters at S=100 (final stage). Stopping at iter 72511.
Stuck 10000 iters at S=100 (final stage). Stopping at iter 72512.
Stuck 10000 iters at S=100 (final stage). Stopping at iter 72513.
Stuck 10000 iters at S=100 (final stage). Stopping at iter 72514.
Stuck 10000 iters at S=100 (final stage). Stopping at iter 72515.
Stuck 10000 iters at S=100 (final stage). Stopping at iter 72516.
Stuck 10000 iters at S=100 (final stage). Stopping at iter 72517.
Stuck 10000 iters at S=100 (final stage). Stopping at iter 72518.
Stuck 10000 iters at S=100 (final stage). Stopping at iter 72519.
Stuck 10000 iters at S=100 (final stage). Stopping at iter 72520.
Stuck 10000 iters at S=100 (final stage). Stopping at iter 72521.
Stuck 10000 iters at S=100 (final stage). Stopping at iter 72522.
Stuck 10000 iters at S=100 (final stage). Stopping at iter 72523.
Stuck 10000 iters at S=100 (final stage). Stopping at iter 72524.
Stuck 10000 iters at S=100 (final stage). Stopping at iter 72525.
Stuck 10000 iters at S=100 (final stage). Stopping at iter 72526.
Stuck 10000 iters at S=100 (final stage). Stopping at iter 72527.
Stuck 10000 iters at S=100 (final stage). Stopping at iter 72528.
Stuck 10000 iters at S=100 (final stage). Stopping at iter 72529.
Stuck 10000 iters at S=100 (final stage). Stopping at iter 72530.
Stuck 10000 iters at S=100 (final stage). Stopping at iter 72531.
Stuck 10000 iters at S=100 (final stage). Stopping at iter 72532.
Stuck 10000 iters at S=100 (final stage). Stopping at iter 72533.
Stuck 10000 iters at S=100 (final stage). Stopping at iter 72534.
Stuck 10000 iters at S=100 (final stage). Stopping at iter 72535.
Stuck 10000 iters at S=100 (final stage). Stopping at iter 72536.
Stuck 10000 iters at S=100 (final stage). Stopping at iter 72537.
Stuck 10000 iters at S=100 (final stage). Stopping at iter 72538.
Stuck 10000 iters at S=100 (final stage). Stopping at iter 72539.
Stuck 10000 iters at S=100 (final stage). Stopping at iter 72540.
Stuck 10000 iters at S=100 (final stage). Stopping at iter 72541.
Stuck 10000 iters at S=100 (final stage). Stopping at iter 72542.
Stuck 10000 iters at S=100 (final stage). Stopping at iter 72543.
Stuck 10000 iters at S=100 (final stage). Stopping at iter 72544.
Stuck 10000 iters at S=100 (final stage). Stopping at iter 72545.
Stuck 10000 iters at S=100 (final stage). Stopping at iter 72546.
Stuck 10000 iters at S=100 (final stage). Stopping at iter 72547.
Stuck 10000 iters at S=100 (final stage). Stopping at iter 72548.
Stuck 10000 iters at S=100 (final stage). Stopping at iter 72549.
Stuck 10000 iters at S=100 (final stage). Stopping at iter 72550.
Stuck 10000 iters at S=100 (final stage). Stopping at iter 72551.
Stuck 10000 iters at S=100 (final stage). Stopping at iter 72552.
Stuck 10000 iters at S=100 (final stage). Stopping at iter 72553.
Stuck 10000 iters at S=100 (final stage). Stopping at iter 72554.
Stuck 10000 iters at S=100 (final stage). Stopping at iter 72555.
Stuck 10000 iters at S=100 (final stage). Stopping at iter 72556.
Stuck 10000 iters at S=100 (final stage). Stopping at iter 72557.
Stuck 10000 iters at S=100 (final stage). Stopping at iter 72558.
Stuck 10000 iters at S=100 (final stage). Stopping at iter 72559.
Stuck 10000 iters at S=100 (final stage). Stopping at iter 72560.
Stuck 10000 iters at S=100 (final stage). Stopping at iter 72561.
Stuck 10000 iters at S=100 (final stage). Stopping at iter 72562.
Stuck 10000 iters at S=100 (final stage). Stopping at iter 72563.
Stuck 10000 iters at S=100 (final stage). Stopping at iter 72564.
Stuck 10000 iters at S=100 (final stage). Stopping at iter 72565.
Stuck 10000 iters at S=100 (final stage). Stopping at iter 72566.
Stuck 10000 iters at S=100 (final stage). Stopping at iter 72567.
Stuck 10000 iters at S=100 (final stage). Stopping at iter 72568.
Stuck 10000 iters at S=100 (final stage). Stopping at iter 72569.
Stuck 10000 iters at S=100 (final stage). Stopping at iter 72570.
Stuck 10000 iters at S=100 (final stage). Stopping at iter 72571.
Stuck 10000 iters at S=100 (final stage). Stopping at iter 72572.
Stuck 10000 iters at S=100 (final stage). Stopping at iter 72573.
Stuck 10000 iters at S=100 (final stage). Stopping at iter 72574.
Stuck 10000 iters at S=100 (final stage). Stopping at iter 72575.
Stuck 10000 iters at S=100 (final stage). Stopping at iter 72576.
Stuck 10000 iters at S=100 (final stage). Stopping at iter 72577.
Stuck 10000 iters at S=100 (final stage). Stopping at iter 72578.
Stuck 10000 iters at S=100 (final stage). Stopping at iter 72579.
Stuck 10000 iters at S=100 (final stage). Stopping at iter 72580.
Stuck 10000 iters at S=100 (final stage). Stopping at iter 72581.
Stuck 10000 iters at S=100 (final stage). Stopping at iter 72582.
Stuck 10000 iters at S=100 (final stage). Stopping at iter 72583.
Stuck 10000 iters at S=100 (final stage). Stopping at iter 72584.
Stuck 10000 iters at S=100 (final stage). Stopping at iter 72585.
Stuck 10000 iters at S=100 (final stage). Stopping at iter 72586.
Stuck 10000 iters at S=100 (final stage). Stopping at iter 72587.
Stuck 10000 iters at S=100 (final stage). Stopping at iter 72588.
Stuck 10000 iters at S=100 (final stage). Stopping at iter 72589.
Stuck 10000 iters at S=100 (final stage). Stopping at iter 72590.
Stuck 10000 iters at S=100 (final stage). Stopping at iter 72591.
Stuck 10000 iters at S=100 (final stage). Stopping at iter 72592.
Stuck 10000 iters at S=100 (final stage). Stopping at iter 72593.
Stuck 10000 iters at S=100 (final stage). Stopping at iter 72594.
Stuck 10000 iters at S=100 (final stage). Stopping at iter 72595.
Stuck 10000 iters at S=100 (final stage). Stopping at iter 72596.
Stuck 10000 iters at S=100 (final stage). Stopping at iter 72597.
Stuck 10000 iters at S=100 (final stage). Stopping at iter 72598.
Stuck 10000 iters at S=100 (final stage). Stopping at iter 72599.
Stuck 10000 iters at S=100 (final stage). Stopping at iter 72600.
Stuck 10000 iters at S=100 (final stage). Stopping at iter 72601.
Stuck 10000 iters at S=100 (final stage). Stopping at iter 72602.
Stuck 10000 iters at S=100 (final stage). Stopping at iter 72603.
Stuck 10000 iters at S=100 (final stage). Stopping at iter 72604.
Stuck 10000 iters at S=100 (final stage). Stopping at iter 72605.
Stuck 10000 iters at S=100 (final stage). Stopping at iter 72606.
Stuck 10000 iters at S=100 (final stage). Stopping at iter 72607.
Stuck 10000 iters at S=100 (final stage). Stopping at iter 72608.
Stuck 10000 iters at S=100 (final stage). Stopping at iter 72609.
Stuck 10000 iters at S=100 (final stage). Stopping at iter 72610.
Stuck 10000 iters at S=100 (final stage). Stopping at iter 72611.
Stuck 10000 iters at S=100 (final stage). Stopping at iter 72612.
Stuck 10000 iters at S=100 (final stage). Stopping at iter 72613.
Stuck 10000 iters at S=100 (final stage). Stopping at iter 72614.
Stuck 10000 iters at S=100 (final stage). Stopping at iter 72615.
Stuck 10000 iters at S=100 (final stage). Stopping at iter 72616.
Stuck 10000 iters at S=100 (final stage). Stopping at iter 72617.
Stuck 10000 iters at S=100 (final stage). Stopping at iter 72618.
Stuck 10000 iters at S=100 (final stage). Stopping at iter 72619.
Stuck 10000 iters at S=100 (final stage). Stopping at iter 72620.
Stuck 10000 iters at S=100 (final stage). Stopping at iter 72621.
Stuck 10000 iters at S=100 (final stage). Stopping at iter 72622.
Stuck 10000 iters at S=100 (final stage). Stopping at iter 72623.
Stuck 10000 iters at S=100 (final stage). Stopping at iter 72624.
Stuck 10000 iters at S=100 (final stage). Stopping at iter 72625.
Stuck 10000 iters at S=100 (final stage). Stopping at iter 72626.
Stuck 10000 iters at S=100 (final stage). Stopping at iter 72627.
Stuck 10000 iters at S=100 (final stage). Stopping at iter 72628.
Stuck 10000 iters at S=100 (final stage). Stopping at iter 72629.
Stuck 10000 iters at S=100 (final stage). Stopping at iter 72630.
Stuck 10000 iters at S=100 (final stage). Stopping at iter 72631.
Stuck 10000 iters at S=100 (final stage). Stopping at iter 72632.
Stuck 10000 iters at S=100 (final stage). Stopping at iter 72633.
Stuck 10000 iters at S=100 (final stage). Stopping at iter 72634.
Stuck 10000 iters at S=100 (final stage). Stopping at iter 72635.
Stuck 10000 iters at S=100 (final stage). Stopping at iter 72636.
Stuck 10000 iters at S=100 (final stage). Stopping at iter 72637.
Stuck 10000 iters at S=100 (final stage). Stopping at iter 72638.
Stuck 10000 iters at S=100 (final stage). Stopping at iter 72639.
Stuck 10000 iters at S=100 (final stage). Stopping at iter 72640.
Stuck 10000 iters at S=100 (final stage). Stopping at iter 72641.
Stuck 10000 iters at S=100 (final stage). Stopping at iter 72642.
Stuck 10000 iters at S=100 (final stage). Stopping at iter 72643.
Stuck 10000 iters at S=100 (final stage). Stopping at iter 72644.
Stuck 10000 iters at S=100 (final stage). Stopping at iter 72645.
Stuck 10000 iters at S=100 (final stage). Stopping at iter 72646.
Stuck 10000 iters at S=100 (final stage). Stopping at iter 72647.
Stuck 10000 iters at S=100 (final stage). Stopping at iter 72648.
Stuck 10000 iters at S=100 (final stage). Stopping at iter 72649.
Stuck 10000 iters at S=100 (final stage). Stopping at iter 72650.
Stuck 10000 iters at S=100 (final stage). Stopping at iter 72651.
Stuck 10000 iters at S=100 (final stage). Stopping at iter 72652.
Stuck 10000 iters at S=100 (final stage). Stopping at iter 72653.
Stuck 10000 iters at S=100 (final stage). Stopping at iter 72654.
Stuck 10000 iters at S=100 (final stage). Stopping at iter 72655.
Stuck 10000 iters at S=100 (final stage). Stopping at iter 72656.
Stuck 10000 iters at S=100 (final stage). Stopping at iter 72657.
Stuck 10000 iters at S=100 (final stage). Stopping at iter 72658.
Stuck 10000 iters at S=100 (final stage). Stopping at iter 72659.
Stuck 10000 iters at S=100 (final stage). Stopping at iter 72660.
Stuck 10000 iters at S=100 (final stage). Stopping at iter 72661.
Stuck 10000 iters at S=100 (final stage). Stopping at iter 72662.
Stuck 10000 iters at S=100 (final stage). Stopping at iter 72663.
Stuck 10000 iters at S=100 (final stage). Stopping at iter 72664.
Stuck 10000 iters at S=100 (final stage). Stopping at iter 72665.
Stuck 10000 iters at S=100 (final stage). Stopping at iter 72666.
Stuck 10000 iters at S=100 (final stage). Stopping at iter 72667.
Stuck 10000 iters at S=100 (final stage). Stopping at iter 72668.
Stuck 10000 iters at S=100 (final stage). Stopping at iter 72669.
Stuck 10000 iters at S=100 (final stage). Stopping at iter 72670.
Stuck 10000 iters at S=100 (final stage). Stopping at iter 72671.
Stuck 10000 iters at S=100 (final stage). Stopping at iter 72672.
Stuck 10000 iters at S=100 (final stage). Stopping at iter 72673.
Stuck 10000 iters at S=100 (final stage). Stopping at iter 72674.
Stuck 10000 iters at S=100 (final stage). Stopping at iter 72675.
Stuck 10000 iters at S=100 (final stage). Stopping at iter 72676.
Stuck 10000 iters at S=100 (final stage). Stopping at iter 72677.
Stuck 10000 iters at S=100 (final stage). Stopping at iter 72678.
Stuck 10000 iters at S=100 (final stage). Stopping at iter 72679.
Stuck 10000 iters at S=100 (final stage). Stopping at iter 72680.
Stuck 10000 iters at S=100 (final stage). Stopping at iter 72681.
Stuck 10000 iters at S=100 (final stage). Stopping at iter 72682.
Stuck 10000 iters at S=100 (final stage). Stopping at iter 72683.
Stuck 10000 iters at S=100 (final stage). Stopping at iter 72684.
Stuck 10000 iters at S=100 (final stage). Stopping at iter 72685.
Stuck 10000 iters at S=100 (final stage). Stopping at iter 72686.
Stuck 10000 iters at S=100 (final stage). Stopping at iter 72687.
Stuck 10000 iters at S=100 (final stage). Stopping at iter 72688.
Stuck 10000 iters at S=100 (final stage). Stopping at iter 72689.
Stuck 10000 iters at S=100 (final stage). Stopping at iter 72690.
Stuck 10000 iters at S=100 (final stage). Stopping at iter 72691.
Stuck 10000 iters at S=100 (final stage). Stopping at iter 72692.
Stuck 10000 iters at S=100 (final stage). Stopping at iter 72693.
Stuck 10000 iters at S=100 (final stage). Stopping at iter 72694.
Stuck 10000 iters at S=100 (final stage). Stopping at iter 72695.
Stuck 10000 iters at S=100 (final stage). Stopping at iter 72696.
Stuck 10000 iters at S=100 (final stage). Stopping at iter 72697.
Stuck 10000 iters at S=100 (final stage). Stopping at iter 72698.
Stuck 10000 iters at S=100 (final stage). Stopping at iter 72699.
Stuck 10000 iters at S=100 (final stage). Stopping at iter 72700.
Stuck 10000 iters at S=100 (final stage). Stopping at iter 72701.
Stuck 10000 iters at S=100 (final stage). Stopping at iter 72702.
Stuck 10000 iters at S=100 (final stage). Stopping at iter 72703.
Stuck 10000 iters at S=100 (final stage). Stopping at iter 72704.
Stuck 10000 iters at S=100 (final stage). Stopping at iter 72705.
Stuck 10000 iters at S=100 (final stage). Stopping at iter 72706.
Stuck 10000 iters at S=100 (final stage). Stopping at iter 72707.
Stuck 10000 iters at S=100 (final stage). Stopping at iter 72708.
Stuck 10000 iters at S=100 (final stage). Stopping at iter 72709.
Stuck 10000 iters at S=100 (final stage). Stopping at iter 72710.
Stuck 10000 iters at S=100 (final stage). Stopping at iter 72711.
Stuck 10000 iters at S=100 (final stage). Stopping at iter 72712.
Stuck 10000 iters at S=100 (final stage). Stopping at iter 72713.
Stuck 10000 iters at S=100 (final stage). Stopping at iter 72714.
Stuck 10000 iters at S=100 (final stage). Stopping at iter 72715.
Stuck 10000 iters at S=100 (final stage). Stopping at iter 72716.
Stuck 10000 iters at S=100 (final stage). Stopping at iter 72717.
Stuck 10000 iters at S=100 (final stage). Stopping at iter 72718.
Stuck 10000 iters at S=100 (final stage). Stopping at iter 72719.
Stuck 10000 iters at S=100 (final stage). Stopping at iter 72720.
Stuck 10000 iters at S=100 (final stage). Stopping at iter 72721.
Stuck 10000 iters at S=100 (final stage). Stopping at iter 72722.
Stuck 10000 iters at S=100 (final stage). Stopping at iter 72723.
Stuck 10000 iters at S=100 (final stage). Stopping at iter 72724.
Stuck 10000 iters at S=100 (final stage). Stopping at iter 72725.
Stuck 10000 iters at S=100 (final stage). Stopping at iter 72726.
Stuck 10000 iters at S=100 (final stage). Stopping at iter 72727.
Stuck 10000 iters at S=100 (final stage). Stopping at iter 72728.
Stuck 10000 iters at S=100 (final stage). Stopping at iter 72729.
Stuck 10000 iters at S=100 (final stage). Stopping at iter 72730.
Stuck 10000 iters at S=100 (final stage). Stopping at iter 72731.
Stuck 10000 iters at S=100 (final stage). Stopping at iter 72732.
Stuck 10000 iters at S=100 (final stage). Stopping at iter 72733.
Stuck 10000 iters at S=100 (final stage). Stopping at iter 72734.
Stuck 10000 iters at S=100 (final stage). Stopping at iter 72735.
Stuck 10000 iters at S=100 (final stage). Stopping at iter 72736.
Stuck 10000 iters at S=100 (final stage). Stopping at iter 72737.
Stuck 10000 iters at S=100 (final stage). Stopping at iter 72738.
Stuck 10000 iters at S=100 (final stage). Stopping at iter 72739.
Stuck 10000 iters at S=100 (final stage). Stopping at iter 72740.
Stuck 10000 iters at S=100 (final stage). Stopping at iter 72741.
Stuck 10000 iters at S=100 (final stage). Stopping at iter 72742.
Stuck 10000 iters at S=100 (final stage). Stopping at iter 72743.
Stuck 10000 iters at S=100 (final stage). Stopping at iter 72744.
Stuck 10000 iters at S=100 (final stage). Stopping at iter 72745.
Stuck 10000 iters at S=100 (final stage). Stopping at iter 72746.
Stuck 10000 iters at S=100 (final stage). Stopping at iter 72747.
Stuck 10000 iters at S=100 (final stage). Stopping at iter 72748.
Stuck 10000 iters at S=100 (final stage). Stopping at iter 72749.
Stuck 10000 iters at S=100 (final stage). Stopping at iter 72750.
Stuck 10000 iters at S=100 (final stage). Stopping at iter 72751.
Stuck 10000 iters at S=100 (final stage). Stopping at iter 72752.
Stuck 10000 iters at S=100 (final stage). Stopping at iter 72753.
Stuck 10000 iters at S=100 (final stage). Stopping at iter 72754.
Stuck 10000 iters at S=100 (final stage). Stopping at iter 72755.
Stuck 10000 iters at S=100 (final stage). Stopping at iter 72756.
Stuck 10000 iters at S=100 (final stage). Stopping at iter 72757.
Stuck 10000 iters at S=100 (final stage). Stopping at iter 72758.
Stuck 10000 iters at S=100 (final stage). Stopping at iter 72759.
Stuck 10000 iters at S=100 (final stage). Stopping at iter 72760.
Stuck 10000 iters at S=100 (final stage). Stopping at iter 72761.
Stuck 10000 iters at S=100 (final stage). Stopping at iter 72762.
Stuck 10000 iters at S=100 (final stage). Stopping at iter 72763.
Stuck 10000 iters at S=100 (final stage). Stopping at iter 72764.
Stuck 10000 iters at S=100 (final stage). Stopping at iter 72765.
Stuck 10000 iters at S=100 (final stage). Stopping at iter 72766.
Stuck 10000 iters at S=100 (final stage). Stopping at iter 72767.
Stuck 10000 iters at S=100 (final stage). Stopping at iter 72768.
Stuck 10000 iters at S=100 (final stage). Stopping at iter 72769.
Stuck 10000 iters at S=100 (final stage). Stopping at iter 72770.
Stuck 10000 iters at S=100 (final stage). Stopping at iter 72771.
Stuck 10000 iters at S=100 (final stage). Stopping at iter 72772.
Stuck 10000 iters at S=100 (final stage). Stopping at iter 72773.
Stuck 10000 iters at S=100 (final stage). Stopping at iter 72774.
Stuck 10000 iters at S=100 (final stage). Stopping at iter 72775.
Stuck 10000 iters at S=100 (final stage). Stopping at iter 72776.
Stuck 10000 iters at S=100 (final stage). Stopping at iter 72777.
Stuck 10000 iters at S=100 (final stage). Stopping at iter 72778.
Stuck 10000 iters at S=100 (final stage). Stopping at iter 72779.
Stuck 10000 iters at S=100 (final stage). Stopping at iter 72780.
Stuck 10000 iters at S=100 (final stage). Stopping at iter 72781.
Stuck 10000 iters at S=100 (final stage). Stopping at iter 72782.
Stuck 10000 iters at S=100 (final stage). Stopping at iter 72783.
Stuck 10000 iters at S=100 (final stage). Stopping at iter 72784.
Stuck 10000 iters at S=100 (final stage). Stopping at iter 72785.
Stuck 10000 iters at S=100 (final stage). Stopping at iter 72786.
Stuck 10000 iters at S=100 (final stage). Stopping at iter 72787.
Stuck 10000 iters at S=100 (final stage). Stopping at iter 72788.
Stuck 10000 iters at S=100 (final stage). Stopping at iter 72789.
Stuck 10000 iters at S=100 (final stage). Stopping at iter 72790.
Stuck 10000 iters at S=100 (final stage). Stopping at iter 72791.
Stuck 10000 iters at S=100 (final stage). Stopping at iter 72792.
Stuck 10000 iters at S=100 (final stage). Stopping at iter 72793.
Stuck 10000 iters at S=100 (final stage). Stopping at iter 72794.
Stuck 10000 iters at S=100 (final stage). Stopping at iter 72795.
Stuck 10000 iters at S=100 (final stage). Stopping at iter 72796.
Stuck 10000 iters at S=100 (final stage). Stopping at iter 72797.
Stuck 10000 iters at S=100 (final stage). Stopping at iter 72798.
Stuck 10000 iters at S=100 (final stage). Stopping at iter 72799.
Stuck 10000 iters at S=100 (final stage). Stopping at iter 72800.
Stuck 10000 iters at S=100 (final stage). Stopping at iter 72801.
Stuck 10000 iters at S=100 (final stage). Stopping at iter 72802.
Stuck 10000 iters at S=100 (final stage). Stopping at iter 72803.
Stuck 10000 iters at S=100 (final stage). Stopping at iter 72804.
Stuck 10000 iters at S=100 (final stage). Stopping at iter 72805.
Stuck 10000 iters at S=100 (final stage). Stopping at iter 72806.
Stuck 10000 iters at S=100 (final stage). Stopping at iter 72807.
Stuck 10000 iters at S=100 (final stage). Stopping at iter 72808.
Stuck 10000 iters at S=100 (final stage). Stopping at iter 72809.
Stuck 10000 iters at S=100 (final stage). Stopping at iter 72810.
Stuck 10000 iters at S=100 (final stage). Stopping at iter 72811.
Stuck 10000 iters at S=100 (final stage). Stopping at iter 72812.
Stuck 10000 iters at S=100 (final stage). Stopping at iter 72813.
Stuck 10000 iters at S=100 (final stage). Stopping at iter 72814.
Stuck 10000 iters at S=100 (final stage). Stopping at iter 72815.
Stuck 10000 iters at S=100 (final stage). Stopping at iter 72816.
Stuck 10000 iters at S=100 (final stage). Stopping at iter 72817.
Stuck 10000 iters at S=100 (final stage). Stopping at iter 72818.
Stuck 10000 iters at S=100 (final stage). Stopping at iter 72819.
Stuck 10000 iters at S=100 (final stage). Stopping at iter 72820.
Stuck 10000 iters at S=100 (final stage). Stopping at iter 72821.
Stuck 10000 iters at S=100 (final stage). Stopping at iter 72822.
Stuck 10000 iters at S=100 (final stage). Stopping at iter 72823.
Stuck 10000 iters at S=100 (final stage). Stopping at iter 72824.
Stuck 10000 iters at S=100 (final stage). Stopping at iter 72825.
Stuck 10000 iters at S=100 (final stage). Stopping at iter 72826.
Stuck 10000 iters at S=100 (final stage). Stopping at iter 72827.
Stuck 10000 iters at S=100 (final stage). Stopping at iter 72828.
Stuck 10000 iters at S=100 (final stage). Stopping at iter 72829.
Stuck 10000 iters at S=100 (final stage). Stopping at iter 72830.
Stuck 10000 iters at S=100 (final stage). Stopping at iter 72831.
Stuck 10000 iters at S=100 (final stage). Stopping at iter 72832.
Stuck 10000 iters at S=100 (final stage). Stopping at iter 72833.
Stuck 10000 iters at S=100 (final stage). Stopping at iter 72834.
Stuck 10000 iters at S=100 (final stage). Stopping at iter 72835.
Stuck 10000 iters at S=100 (final stage). Stopping at iter 72836.
Stuck 10000 iters at S=100 (final stage). Stopping at iter 72837.
Stuck 10000 iters at S=100 (final stage). Stopping at iter 72838.
Stuck 10000 iters at S=100 (final stage). Stopping at iter 72839.
Stuck 10000 iters at S=100 (final stage). Stopping at iter 72840.
Stuck 10000 iters at S=100 (final stage). Stopping at iter 72841.
Stuck 10000 iters at S=100 (final stage). Stopping at iter 72842.
Stuck 10000 iters at S=100 (final stage). Stopping at iter 72843.
Stuck 10000 iters at S=100 (final stage). Stopping at iter 72844.
Stuck 10000 iters at S=100 (final stage). Stopping at iter 72845.
Stuck 10000 iters at S=100 (final stage). Stopping at iter 72846.
Stuck 10000 iters at S=100 (final stage). Stopping at iter 72847.
Stuck 10000 iters at S=100 (final stage). Stopping at iter 72848.
Stuck 10000 iters at S=100 (final stage). Stopping at iter 72849.
Stuck 10000 iters at S=100 (final stage). Stopping at iter 72850.
Stuck 10000 iters at S=100 (final stage). Stopping at iter 72851.
Stuck 10000 iters at S=100 (final stage). Stopping at iter 72852.
Stuck 10000 iters at S=100 (final stage). Stopping at iter 72853.
Stuck 10000 iters at S=100 (final stage). Stopping at iter 72854.
Stuck 10000 iters at S=100 (final stage). Stopping at iter 72855.
Stuck 10000 iters at S=100 (final stage). Stopping at iter 72856.
Stuck 10000 iters at S=100 (final stage). Stopping at iter 72857.
Stuck 10000 iters at S=100 (final stage). Stopping at iter 72858.
Stuck 10000 iters at S=100 (final stage). Stopping at iter 72859.
Stuck 10000 iters at S=100 (final stage). Stopping at iter 72860.
Stuck 10000 iters at S=100 (final stage). Stopping at iter 72861.
Stuck 10000 iters at S=100 (final stage). Stopping at iter 72862.
Stuck 10000 iters at S=100 (final stage). Stopping at iter 72863.
Stuck 10000 iters at S=100 (final stage). Stopping at iter 72864.
Stuck 10000 iters at S=100 (final stage). Stopping at iter 72865.
Stuck 10000 iters at S=100 (final stage). Stopping at iter 72866.
Stuck 10000 iters at S=100 (final stage). Stopping at iter 72867.
Stuck 10000 iters at S=100 (final stage). Stopping at iter 72868.
Stuck 10000 iters at S=100 (final stage). Stopping at iter 72869.
Stuck 10000 iters at S=100 (final stage). Stopping at iter 72870.
Stuck 10000 iters at S=100 (final stage). Stopping at iter 72871.
Stuck 10000 iters at S=100 (final stage). Stopping at iter 72872.
Stuck 10000 iters at S=100 (final stage). Stopping at iter 72873.
Stuck 10000 iters at S=100 (final stage). Stopping at iter 72874.
Stuck 10000 iters at S=100 (final stage). Stopping at iter 72875.
Stuck 10000 iters at S=100 (final stage). Stopping at iter 72876.
Stuck 10000 iters at S=100 (final stage). Stopping at iter 72877.
Stuck 10000 iters at S=100 (final stage). Stopping at iter 72878.
Stuck 10000 iters at S=100 (final stage). Stopping at iter 72879.
Stuck 10000 iters at S=100 (final stage). Stopping at iter 72880.
Stuck 10000 iters at S=100 (final stage). Stopping at iter 72881.
Stuck 10000 iters at S=100 (final stage). Stopping at iter 72882.
Stuck 10000 iters at S=100 (final stage). Stopping at iter 72883.
Stuck 10000 iters at S=100 (final stage). Stopping at iter 72884.
Stuck 10000 iters at S=100 (final stage). Stopping at iter 72885.
Stuck 10000 iters at S=100 (final stage). Stopping at iter 72886.
Stuck 10000 iters at S=100 (final stage). Stopping at iter 72887.
Stuck 10000 iters at S=100 (final stage). Stopping at iter 72888.
Stuck 10000 iters at S=100 (final stage). Stopping at iter 72889.
Stuck 10000 iters at S=100 (final stage). Stopping at iter 72890.
Stuck 10000 iters at S=100 (final stage). Stopping at iter 72891.
Stuck 10000 iters at S=100 (final stage). Stopping at iter 72892.
Stuck 10000 iters at S=100 (final stage). Stopping at iter 72893.
Stuck 10000 iters at S=100 (final stage). Stopping at iter 72894.
Stuck 10000 iters at S=100 (final stage). Stopping at iter 72895.
Stuck 10000 iters at S=100 (final stage). Stopping at iter 72896.
Stuck 10000 iters at S=100 (final stage). Stopping at iter 72897.
Stuck 10000 iters at S=100 (final stage). Stopping at iter 72898.
Stuck 10000 iters at S=100 (final stage). Stopping at iter 72899.
Stuck 10000 iters at S=100 (final stage). Stopping at iter 72900.
Stuck 10000 iters at S=100 (final stage). Stopping at iter 72901.
Stuck 10000 iters at S=100 (final stage). Stopping at iter 72902.
Stuck 10000 iters at S=100 (final stage). Stopping at iter 72903.
Stuck 10000 iters at S=100 (final stage). Stopping at iter 72904.
Stuck 10000 iters at S=100 (final stage). Stopping at iter 72905.
Stuck 10000 iters at S=100 (final stage). Stopping at iter 72906.
Stuck 10000 iters at S=100 (final stage). Stopping at iter 72907.
Stuck 10000 iters at S=100 (final stage). Stopping at iter 72908.
Stuck 10000 iters at S=100 (final stage). Stopping at iter 72909.
Stuck 10000 iters at S=100 (final stage). Stopping at iter 72910.
Stuck 10000 iters at S=100 (final stage). Stopping at iter 72911.
Stuck 10000 iters at S=100 (final stage). Stopping at iter 72912.
Stuck 10000 iters at S=100 (final stage). Stopping at iter 72913.
Stuck 10000 iters at S=100 (final stage). Stopping at iter 72914.
Stuck 10000 iters at S=100 (final stage). Stopping at iter 72915.
Stuck 10000 iters at S=100 (final stage). Stopping at iter 72916.
Stuck 10000 iters at S=100 (final stage). Stopping at iter 72917.
Stuck 10000 iters at S=100 (final stage). Stopping at iter 72918.
Stuck 10000 iters at S=100 (final stage). Stopping at iter 72919.
Stuck 10000 iters at S=100 (final stage). Stopping at iter 72920.
Stuck 10000 iters at S=100 (final stage). Stopping at iter 72921.
Stuck 10000 iters at S=100 (final stage). Stopping at iter 72922.
Stuck 10000 iters at S=100 (final stage). Stopping at iter 72923.
Stuck 10000 iters at S=100 (final stage). Stopping at iter 72924.
Stuck 10000 iters at S=100 (final stage). Stopping at iter 72925.
Stuck 10000 iters at S=100 (final stage). Stopping at iter 72926.
Stuck 10000 iters at S=100 (final stage). Stopping at iter 72927.
Stuck 10000 iters at S=100 (final stage). Stopping at iter 72928.
Stuck 10000 iters at S=100 (final stage). Stopping at iter 72929.
Stuck 10000 iters at S=100 (final stage). Stopping at iter 72930.
Stuck 10000 iters at S=100 (final stage). Stopping at iter 72931.
Stuck 10000 iters at S=100 (final stage). Stopping at iter 72932.
Stuck 10000 iters at S=100 (final stage). Stopping at iter 72933.
Stuck 10000 iters at S=100 (final stage). Stopping at iter 72934.
Stuck 10000 iters at S=100 (final stage). Stopping at iter 72935.
Stuck 10000 iters at S=100 (final stage). Stopping at iter 72936.
Stuck 10000 iters at S=100 (final stage). Stopping at iter 72937.
Stuck 10000 iters at S=100 (final stage). Stopping at iter 72938.
Stuck 10000 iters at S=100 (final stage). Stopping at iter 72939.
Stuck 10000 iters at S=100 (final stage). Stopping at iter 72940.
Stuck 10000 iters at S=100 (final stage). Stopping at iter 72941.
Stuck 10000 iters at S=100 (final stage). Stopping at iter 72942.
Stuck 10000 iters at S=100 (final stage). Stopping at iter 72943.
Stuck 10000 iters at S=100 (final stage). Stopping at iter 72944.
Stuck 10000 iters at S=100 (final stage). Stopping at iter 72945.
Stuck 10000 iters at S=100 (final stage). Stopping at iter 72946.
Stuck 10000 iters at S=100 (final stage). Stopping at iter 72947.
Stuck 10000 iters at S=100 (final stage). Stopping at iter 72948.
Stuck 10000 iters at S=100 (final stage). Stopping at iter 72949.
Stuck 10000 iters at S=100 (final stage). Stopping at iter 72950.
Stuck 10000 iters at S=100 (final stage). Stopping at iter 72951.
Stuck 10000 iters at S=100 (final stage). Stopping at iter 72952.
Stuck 10000 iters at S=100 (final stage). Stopping at iter 72953.
Stuck 10000 iters at S=100 (final stage). Stopping at iter 72954.
Stuck 10000 iters at S=100 (final stage). Stopping at iter 72955.
Stuck 10000 iters at S=100 (final stage). Stopping at iter 72956.
Stuck 10000 iters at S=100 (final stage). Stopping at iter 72957.
Stuck 10000 iters at S=100 (final stage). Stopping at iter 72958.
Stuck 10000 iters at S=100 (final stage). Stopping at iter 72959.
Stuck 10000 iters at S=100 (final stage). Stopping at iter 72960.
Stuck 10000 iters at S=100 (final stage). Stopping at iter 72961.
Stuck 10000 iters at S=100 (final stage). Stopping at iter 72962.
Stuck 10000 iters at S=100 (final stage). Stopping at iter 72963.
Stuck 10000 iters at S=100 (final stage). Stopping at iter 72964.
Stuck 10000 iters at S=100 (final stage). Stopping at iter 72965.
Stuck 10000 iters at S=100 (final stage). Stopping at iter 72966.
Stuck 10000 iters at S=100 (final stage). Stopping at iter 72967.
Stuck 10000 iters at S=100 (final stage). Stopping at iter 72968.
Stuck 10000 iters at S=100 (final stage). Stopping at iter 72969.
Stuck 10000 iters at S=100 (final stage). Stopping at iter 72970.
Stuck 10000 iters at S=100 (final stage). Stopping at iter 72971.
Stuck 10000 iters at S=100 (final stage). Stopping at iter 72972.
Stuck 10000 iters at S=100 (final stage). Stopping at iter 72973.
Stuck 10000 iters at S=100 (final stage). Stopping at iter 72974.
Stuck 10000 iters at S=100 (final stage). Stopping at iter 72975.
Stuck 10000 iters at S=100 (final stage). Stopping at iter 72976.
Stuck 10000 iters at S=100 (final stage). Stopping at iter 72977.
Stuck 10000 iters at S=100 (final stage). Stopping at iter 72978.
Stuck 10000 iters at S=100 (final stage). Stopping at iter 72979.
Stuck 10000 iters at S=100 (final stage). Stopping at iter 72980.
Stuck 10000 iters at S=100 (final stage). Stopping at iter 72981.
Stuck 10000 iters at S=100 (final stage). Stopping at iter 72982.
Stuck 10000 iters at S=100 (final stage). Stopping at iter 72983.
Stuck 10000 iters at S=100 (final stage). Stopping at iter 72984.
Stuck 10000 iters at S=100 (final stage). Stopping at iter 72985.
Stuck 10000 iters at S=100 (final stage). Stopping at iter 72986.
Stuck 10000 iters at S=100 (final stage). Stopping at iter 72987.
Stuck 10000 iters at S=100 (final stage). Stopping at iter 72988.
Stuck 10000 iters at S=100 (final stage). Stopping at iter 72989.
Stuck 10000 iters at S=100 (final stage). Stopping at iter 72990.
Stuck 10000 iters at S=100 (final stage). Stopping at iter 72991.
Stuck 10000 iters at S=100 (final stage). Stopping at iter 72992.
Stuck 10000 iters at S=100 (final stage). Stopping at iter 72993.
Stuck 10000 iters at S=100 (final stage). Stopping at iter 72994.
Stuck 10000 iters at S=100 (final stage). Stopping at iter 72995.
Stuck 10000 iters at S=100 (final stage). Stopping at iter 72996.
Stuck 10000 iters at S=100 (final stage). Stopping at iter 72997.
Stuck 10000 iters at S=100 (final stage). Stopping at iter 72998.
Stuck 10000 iters at S=100 (final stage). Stopping at iter 72999.
Stuck 10000 iters at S=100 (final stage). Stopping at iter 73000.
Stuck 10000 iters at S=100 (final stage). Stopping at iter 73001.
Stuck 10000 iters at S=100 (final stage). Stopping at iter 73002.
Stuck 10000 iters at S=100 (final stage). Stopping at iter 73003.
Stuck 10000 iters at S=100 (final stage). Stopping at iter 73004.
Stuck 10000 iters at S=100 (final stage). Stopping at iter 73005.
Stuck 10000 iters at S=100 (final stage). Stopping at iter 73006.
Stuck 10000 iters at S=100 (final stage). Stopping at iter 73007.
Stuck 10000 iters at S=100 (final stage). Stopping at iter 73008.
Stuck 10000 iters at S=100 (final stage). Stopping at iter 73009.
Stuck 10000 iters at S=100 (final stage). Stopping at iter 73010.
Stuck 10000 iters at S=100 (final stage). Stopping at iter 73011.
Stuck 10000 iters at S=100 (final stage). Stopping at iter 73012.
Stuck 10000 iters at S=100 (final stage). Stopping at iter 73013.
Stuck 10000 iters at S=100 (final stage). Stopping at iter 73014.
Stuck 10000 iters at S=100 (final stage). Stopping at iter 73015.
Stuck 10000 iters at S=100 (final stage). Stopping at iter 73016.
Stuck 10000 iters at S=100 (final stage). Stopping at iter 73017.
Stuck 10000 iters at S=100 (final stage). Stopping at iter 73018.
Stuck 10000 iters at S=100 (final stage). Stopping at iter 73019.
Stuck 10000 iters at S=100 (final stage). Stopping at iter 73020.
Stuck 10000 iters at S=100 (final stage). Stopping at iter 73021.
Stuck 10000 iters at S=100 (final stage). Stopping at iter 73022.
Stuck 10000 iters at S=100 (final stage). Stopping at iter 73023.
Stuck 10000 iters at S=100 (final stage). Stopping at iter 73024.
Stuck 10000 iters at S=100 (final stage). Stopping at iter 73025.
Stuck 10000 iters at S=100 (final stage). Stopping at iter 73026.
Stuck 10000 iters at S=100 (final stage). Stopping at iter 73027.
Stuck 10000 iters at S=100 (final stage). Stopping at iter 73028.
Stuck 10000 iters at S=100 (final stage). Stopping at iter 73029.
Stuck 10000 iters at S=100 (final stage). Stopping at iter 73030.
Stuck 10000 iters at S=100 (final stage). Stopping at iter 73031.
Stuck 10000 iters at S=100 (final stage). Stopping at iter 73032.
Stuck 10000 iters at S=100 (final stage). Stopping at iter 73033.
Stuck 10000 iters at S=100 (final stage). Stopping at iter 73034.
Stuck 10000 iters at S=100 (final stage). Stopping at iter 73035.
Stuck 10000 iters at S=100 (final stage). Stopping at iter 73036.
Stuck 10000 iters at S=100 (final stage). Stopping at iter 73037.
Stuck 10000 iters at S=100 (final stage). Stopping at iter 73038.
Stuck 10000 iters at S=100 (final stage). Stopping at iter 73039.
Stuck 10000 iters at S=100 (final stage). Stopping at iter 73040.
Stuck 10000 iters at S=100 (final stage). Stopping at iter 73041.
Stuck 10000 iters at S=100 (final stage). Stopping at iter 73042.
Stuck 10000 iters at S=100 (final stage). Stopping at iter 73043.
Stuck 10000 iters at S=100 (final stage). Stopping at iter 73044.
Stuck 10000 iters at S=100 (final stage). Stopping at iter 73045.
Stuck 10000 iters at S=100 (final stage). Stopping at iter 73046.
Stuck 10000 iters at S=100 (final stage). Stopping at iter 73047.
Stuck 10000 iters at S=100 (final stage). Stopping at iter 73048.
Stuck 10000 iters at S=100 (final stage). Stopping at iter 73049.
Stuck 10000 iters at S=100 (final stage). Stopping at iter 73050.
Stuck 10000 iters at S=100 (final stage). Stopping at iter 73051.
Stuck 10000 iters at S=100 (final stage). Stopping at iter 73052.
Stuck 10000 iters at S=100 (final stage). Stopping at iter 73053.
Stuck 10000 iters at S=100 (final stage). Stopping at iter 73054.
Stuck 10000 iters at S=100 (final stage). Stopping at iter 73055.
Stuck 10000 iters at S=100 (final stage). Stopping at iter 73056.
Stuck 10000 iters at S=100 (final stage). Stopping at iter 73057.
Stuck 10000 iters at S=100 (final stage). Stopping at iter 73058.
Stuck 10000 iters at S=100 (final stage). Stopping at iter 73059.
Stuck 10000 iters at S=100 (final stage). Stopping at iter 73060.
Stuck 10000 iters at S=100 (final stage). Stopping at iter 73061.
Stuck 10000 iters at S=100 (final stage). Stopping at iter 73062.
Stuck 10000 iters at S=100 (final stage). Stopping at iter 73063.
Stuck 10000 iters at S=100 (final stage). Stopping at iter 73064.
Stuck 10000 iters at S=100 (final stage). Stopping at iter 73065.
Stuck 10000 iters at S=100 (final stage). Stopping at iter 73066.
Stuck 10000 iters at S=100 (final stage). Stopping at iter 73067.
Stuck 10000 iters at S=100 (final stage). Stopping at iter 73068.
Stuck 10000 iters at S=100 (final stage). Stopping at iter 73069.
Stuck 10000 iters at S=100 (final stage). Stopping at iter 73070.
Stuck 10000 iters at S=100 (final stage). Stopping at iter 73071.
Stuck 10000 iters at S=100 (final stage). Stopping at iter 73072.
Stuck 10000 iters at S=100 (final stage). Stopping at iter 73073.
Stuck 10000 iters at S=100 (final stage). Stopping at iter 73074.
Stuck 10000 iters at S=100 (final stage). Stopping at iter 73075.
Stuck 10000 iters at S=100 (final stage). Stopping at iter 73076.
Stuck 10000 iters at S=100 (final stage). Stopping at iter 73077.
Stuck 10000 iters at S=100 (final stage). Stopping at iter 73078.
Stuck 10000 iters at S=100 (final stage). Stopping at iter 73079.
Stuck 10000 iters at S=100 (final stage). Stopping at iter 73080.
Stuck 10000 iters at S=100 (final stage). Stopping at iter 73081.
Stuck 10000 iters at S=100 (final stage). Stopping at iter 73082.
Stuck 10000 iters at S=100 (final stage). Stopping at iter 73083.
Stuck 10000 iters at S=100 (final stage). Stopping at iter 73084.
Stuck 10000 iters at S=100 (final stage). Stopping at iter 73085.
Stuck 10000 iters at S=100 (final stage). Stopping at iter 73086.
Stuck 10000 iters at S=100 (final stage). Stopping at iter 73087.
Stuck 10000 iters at S=100 (final stage). Stopping at iter 73088.
Stuck 10000 iters at S=100 (final stage). Stopping at iter 73089.
Stuck 10000 iters at S=100 (final stage). Stopping at iter 73090.
Stuck 10000 iters at S=100 (final stage). Stopping at iter 73091.
Stuck 10000 iters at S=100 (final stage). Stopping at iter 73092.
Stuck 10000 iters at S=100 (final stage). Stopping at iter 73093.
Stuck 10000 iters at S=100 (final stage). Stopping at iter 73094.
Stuck 10000 iters at S=100 (final stage). Stopping at iter 73095.
Stuck 10000 iters at S=100 (final stage). Stopping at iter 73096.
Stuck 10000 iters at S=100 (final stage). Stopping at iter 73097.
Stuck 10000 iters at S=100 (final stage). Stopping at iter 73098.
Stuck 10000 iters at S=100 (final stage). Stopping at iter 73099.
Stuck 10000 iters at S=100 (final stage). Stopping at iter 73100.
Stuck 10000 iters at S=100 (final stage). Stopping at iter 73101.
Stuck 10000 iters at S=100 (final stage). Stopping at iter 73102.
Stuck 10000 iters at S=100 (final stage). Stopping at iter 73103.
Stuck 10000 iters at S=100 (final stage). Stopping at iter 73104.
Stuck 10000 iters at S=100 (final stage). Stopping at iter 73105.
Stuck 10000 iters at S=100 (final stage). Stopping at iter 73106.
Stuck 10000 iters at S=100 (final stage). Stopping at iter 73107.
Stuck 10000 iters at S=100 (final stage). Stopping at iter 73108.
Stuck 10000 iters at S=100 (final stage). Stopping at iter 73109.
Stuck 10000 iters at S=100 (final stage). Stopping at iter 73110.
Stuck 10000 iters at S=100 (final stage). Stopping at iter 73111.
Stuck 10000 iters at S=100 (final stage). Stopping at iter 73112.
Stuck 10000 iters at S=100 (final stage). Stopping at iter 73113.
Stuck 10000 iters at S=100 (final stage). Stopping at iter 73114.
Stuck 10000 iters at S=100 (final stage). Stopping at iter 73115.
Stuck 10000 iters at S=100 (final stage). Stopping at iter 73116.
Stuck 10000 iters at S=100 (final stage). Stopping at iter 73117.
Stuck 10000 iters at S=100 (final stage). Stopping at iter 73118.
Stuck 10000 iters at S=100 (final stage). Stopping at iter 73119.
Stuck 10000 iters at S=100 (final stage). Stopping at iter 73120.
Stuck 10000 iters at S=100 (final stage). Stopping at iter 73121.
Stuck 10000 iters at S=100 (final stage). Stopping at iter 73122.
Stuck 10000 iters at S=100 (final stage). Stopping at iter 73123.
Stuck 10000 iters at S=100 (final stage). Stopping at iter 73124.
Stuck 10000 iters at S=100 (final stage). Stopping at iter 73125.
Stuck 10000 iters at S=100 (final stage). Stopping at iter 73126.
Stuck 10000 iters at S=100 (final stage). Stopping at iter 73127.
Stuck 10000 iters at S=100 (final stage). Stopping at iter 73128.
Stuck 10000 iters at S=100 (final stage). Stopping at iter 73129.
Stuck 10000 iters at S=100 (final stage). Stopping at iter 73130.
Stuck 10000 iters at S=100 (final stage). Stopping at iter 73131.
Stuck 10000 iters at S=100 (final stage). Stopping at iter 73132.
Stuck 10000 iters at S=100 (final stage). Stopping at iter 73133.
Stuck 10000 iters at S=100 (final stage). Stopping at iter 73134.
Stuck 10000 iters at S=100 (final stage). Stopping at iter 73135.
Stuck 10000 iters at S=100 (final stage). Stopping at iter 73136.
Stuck 10000 iters at S=100 (final stage). Stopping at iter 73137.
Stuck 10000 iters at S=100 (final stage). Stopping at iter 73138.
Stuck 10000 iters at S=100 (final stage). Stopping at iter 73139.
Stuck 10000 iters at S=100 (final stage). Stopping at iter 73140.
Stuck 10000 iters at S=100 (final stage). Stopping at iter 73141.
Stuck 10000 iters at S=100 (final stage). Stopping at iter 73142.
Stuck 10000 iters at S=100 (final stage). Stopping at iter 73143.
Stuck 10000 iters at S=100 (final stage). Stopping at iter 73144.
Stuck 10000 iters at S=100 (final stage). Stopping at iter 73145.
Stuck 10000 iters at S=100 (final stage). Stopping at iter 73146.
Stuck 10000 iters at S=100 (final stage). Stopping at iter 73147.
Stuck 10000 iters at S=100 (final stage). Stopping at iter 73148.
Stuck 10000 iters at S=100 (final stage). Stopping at iter 73149.
Stuck 10000 iters at S=100 (final stage). Stopping at iter 73150.
Stuck 10000 iters at S=100 (final stage). Stopping at iter 73151.
Stuck 10000 iters at S=100 (final stage). Stopping at iter 73152.
Stuck 10000 iters at S=100 (final stage). Stopping at iter 73153.
Stuck 10000 iters at S=100 (final stage). Stopping at iter 73154.
Stuck 10000 iters at S=100 (final stage). Stopping at iter 73155.
Stuck 10000 iters at S=100 (final stage). Stopping at iter 73156.
Stuck 10000 iters at S=100 (final stage). Stopping at iter 73157.
Stuck 10000 iters at S=100 (final stage). Stopping at iter 73158.
Stuck 10000 iters at S=100 (final stage). Stopping at iter 73159.
Stuck 10000 iters at S=100 (final stage). Stopping at iter 73160.
Stuck 10000 iters at S=100 (final stage). Stopping at iter 73161.
Stuck 10000 iters at S=100 (final stage). Stopping at iter 73162.
Stuck 10000 iters at S=100 (final stage). Stopping at iter 73163.
Stuck 10000 iters at S=100 (final stage). Stopping at iter 73164.
Stuck 10000 iters at S=100 (final stage). Stopping at iter 73165.
Stuck 10000 iters at S=100 (final stage). Stopping at iter 73166.
Stuck 10000 iters at S=100 (final stage). Stopping at iter 73167.
Stuck 10000 iters at S=100 (final stage). Stopping at iter 73168.
Stuck 10000 iters at S=100 (final stage). Stopping at iter 73169.
Stuck 10000 iters at S=100 (final stage). Stopping at iter 73170.
Stuck 10000 iters at S=100 (final stage). Stopping at iter 73171.
Stuck 10000 iters at S=100 (final stage). Stopping at iter 73172.
Stuck 10000 iters at S=100 (final stage). Stopping at iter 73173.
Stuck 10000 iters at S=100 (final stage). Stopping at iter 73174.
Stuck 10000 iters at S=100 (final stage). Stopping at iter 73175.
Stuck 10000 iters at S=100 (final stage). Stopping at iter 73176.
Stuck 10000 iters at S=100 (final stage). Stopping at iter 73177.
Stuck 10000 iters at S=100 (final stage). Stopping at iter 73178.
Stuck 10000 iters at S=100 (final stage). Stopping at iter 73179.
Stuck 10000 iters at S=100 (final stage). Stopping at iter 73180.
Stuck 10000 iters at S=100 (final stage). Stopping at iter 73181.
Stuck 10000 iters at S=100 (final stage). Stopping at iter 73182.
Stuck 10000 iters at S=100 (final stage). Stopping at iter 73183.
Stuck 10000 iters at S=100 (final stage). Stopping at iter 73184.
Stuck 10000 iters at S=100 (final stage). Stopping at iter 73185.
Stuck 10000 iters at S=100 (final stage). Stopping at iter 73186.
Stuck 10000 iters at S=100 (final stage). Stopping at iter 73187.
Stuck 10000 iters at S=100 (final stage). Stopping at iter 73188.
Stuck 10000 iters at S=100 (final stage). Stopping at iter 73189.
Stuck 10000 iters at S=100 (final stage). Stopping at iter 73190.
Stuck 10000 iters at S=100 (final stage). Stopping at iter 73191.
Stuck 10000 iters at S=100 (final stage). Stopping at iter 73192.
Stuck 10000 iters at S=100 (final stage). Stopping at iter 73193.
Stuck 10000 iters at S=100 (final stage). Stopping at iter 73194.
Stuck 10000 iters at S=100 (final stage). Stopping at iter 73195.
Stuck 10000 iters at S=100 (final stage). Stopping at iter 73196.
Stuck 10000 iters at S=100 (final stage). Stopping at iter 73197.
Stuck 10000 iters at S=100 (final stage). Stopping at iter 73198.
Stuck 10000 iters at S=100 (final stage). Stopping at iter 73199.
Stuck 10000 iters at S=100 (final stage). Stopping at iter 73200.
Stuck 10000 iters at S=100 (final stage). Stopping at iter 73201.
Stuck 10000 iters at S=100 (final stage). Stopping at iter 73202.
Stuck 10000 iters at S=100 (final stage). Stopping at iter 73203.
Stuck 10000 iters at S=100 (final stage). Stopping at iter 73204.
Stuck 10000 iters at S=100 (final stage). Stopping at iter 73205.
Stuck 10000 iters at S=100 (final stage). Stopping at iter 73206.
Stuck 10000 iters at S=100 (final stage). Stopping at iter 73207.
Stuck 10000 iters at S=100 (final stage). Stopping at iter 73208.
Stuck 10000 iters at S=100 (final stage). Stopping at iter 73209.
Stuck 10000 iters at S=100 (final stage). Stopping at iter 73210.
Stuck 10000 iters at S=100 (final stage). Stopping at iter 73211.
Stuck 10000 iters at S=100 (final stage). Stopping at iter 73212.
Stuck 10000 iters at S=100 (final stage). Stopping at iter 73213.
Stuck 10000 iters at S=100 (final stage). Stopping at iter 73214.
Stuck 10000 iters at S=100 (final stage). Stopping at iter 73215.
Stuck 10000 iters at S=100 (final stage). Stopping at iter 73216.
Stuck 10000 iters at S=100 (final stage). Stopping at iter 73217.
Stuck 10000 iters at S=100 (final stage). Stopping at iter 73218.
Stuck 10000 iters at S=100 (final stage). Stopping at iter 73219.
Stuck 10000 iters at S=100 (final stage). Stopping at iter 73220.
Stuck 10000 iters at S=100 (final stage). Stopping at iter 73221.
Stuck 10000 iters at S=100 (final stage). Stopping at iter 73222.
Stuck 10000 iters at S=100 (final stage). Stopping at iter 73223.
Stuck 10000 iters at S=100 (final stage). Stopping at iter 73224.
Stuck 10000 iters at S=100 (final stage). Stopping at iter 73225.
Stuck 10000 iters at S=100 (final stage). Stopping at iter 73226.
Stuck 10000 iters at S=100 (final stage). Stopping at iter 73227.
Stuck 10000 iters at S=100 (final stage). Stopping at iter 73228.
Stuck 10000 iters at S=100 (final stage). Stopping at iter 73229.
Stuck 10000 iters at S=100 (final stage). Stopping at iter 73230.
Stuck 10000 iters at S=100 (final stage). Stopping at iter 73231.
Stuck 10000 iters at S=100 (final stage). Stopping at iter 73232.
Stuck 10000 iters at S=100 (final stage). Stopping at iter 73233.
Stuck 10000 iters at S=100 (final stage). Stopping at iter 73234.
Stuck 10000 iters at S=100 (final stage). Stopping at iter 73235.
Stuck 10000 iters at S=100 (final stage). Stopping at iter 73236.
Stuck 10000 iters at S=100 (final stage). Stopping at iter 73237.
Stuck 10000 iters at S=100 (final stage). Stopping at iter 73238.
Stuck 10000 iters at S=100 (final stage). Stopping at iter 73239.
Stuck 10000 iters at S=100 (final stage). Stopping at iter 73240.
Stuck 10000 iters at S=100 (final stage). Stopping at iter 73241.
Stuck 10000 iters at S=100 (final stage). Stopping at iter 73242.
Stuck 10000 iters at S=100 (final stage). Stopping at iter 73243.
Stuck 10000 iters at S=100 (final stage). Stopping at iter 73244.
Stuck 10000 iters at S=100 (final stage). Stopping at iter 73245.
Stuck 10000 iters at S=100 (final stage). Stopping at iter 73246.
Stuck 10000 iters at S=100 (final stage). Stopping at iter 73247.
Stuck 10000 iters at S=100 (final stage). Stopping at iter 73248.
Stuck 10000 iters at S=100 (final stage). Stopping at iter 73249.
Stuck 10000 iters at S=100 (final stage). Stopping at iter 73250.
Stuck 10000 iters at S=100 (final stage). Stopping at iter 73251.
Stuck 10000 iters at S=100 (final stage). Stopping at iter 73252.
Stuck 10000 iters at S=100 (final stage). Stopping at iter 73253.
Stuck 10000 iters at S=100 (final stage). Stopping at iter 73254.
Stuck 10000 iters at S=100 (final stage). Stopping at iter 73255.
Stuck 10000 iters at S=100 (final stage). Stopping at iter 73256.
Stuck 10000 iters at S=100 (final stage). Stopping at iter 73257.
Stuck 10000 iters at S=100 (final stage). Stopping at iter 73258.
Stuck 10000 iters at S=100 (final stage). Stopping at iter 73259.
Stuck 10000 iters at S=100 (final stage). Stopping at iter 73260.
Stuck 10000 iters at S=100 (final stage). Stopping at iter 73261.
Stuck 10000 iters at S=100 (final stage). Stopping at iter 73262.
Stuck 10000 iters at S=100 (final stage). Stopping at iter 73263.
Stuck 10000 iters at S=100 (final stage). Stopping at iter 73264.
Stuck 10000 iters at S=100 (final stage). Stopping at iter 73265.
Stuck 10000 iters at S=100 (final stage). Stopping at iter 73266.
Stuck 10000 iters at S=100 (final stage). Stopping at iter 73267.
Stuck 10000 iters at S=100 (final stage). Stopping at iter 73268.
Stuck 10000 iters at S=100 (final stage). Stopping at iter 73269.
Stuck 10000 iters at S=100 (final stage). Stopping at iter 73270.
Stuck 10000 iters at S=100 (final stage). Stopping at iter 73271.
Stuck 10000 iters at S=100 (final stage). Stopping at iter 73272.
Stuck 10000 iters at S=100 (final stage). Stopping at iter 73273.
Stuck 10000 iters at S=100 (final stage). Stopping at iter 73274.
Stuck 10000 iters at S=100 (final stage). Stopping at iter 73275.
Stuck 10000 iters at S=100 (final stage). Stopping at iter 73276.
Stuck 10000 iters at S=100 (final stage). Stopping at iter 73277.
Stuck 10000 iters at S=100 (final stage). Stopping at iter 73278.
Stuck 10000 iters at S=100 (final stage). Stopping at iter 73279.
Stuck 10000 iters at S=100 (final stage). Stopping at iter 73280.
Stuck 10000 iters at S=100 (final stage). Stopping at iter 73281.
Stuck 10000 iters at S=100 (final stage). Stopping at iter 73282.
Stuck 10000 iters at S=100 (final stage). Stopping at iter 73283.
Stuck 10000 iters at S=100 (final stage). Stopping at iter 73284.
Stuck 10000 iters at S=100 (final stage). Stopping at iter 73285.
Stuck 10000 iters at S=100 (final stage). Stopping at iter 73286.
Stuck 10000 iters at S=100 (final stage). Stopping at iter 73287.
Stuck 10000 iters at S=100 (final stage). Stopping at iter 73288.
Stuck 10000 iters at S=100 (final stage). Stopping at iter 73289.
Stuck 10000 iters at S=100 (final stage). Stopping at iter 73290.
Stuck 10000 iters at S=100 (final stage). Stopping at iter 73291.
Stuck 10000 iters at S=100 (final stage). Stopping at iter 73292.
Stuck 10000 iters at S=100 (final stage). Stopping at iter 73293.
Stuck 10000 iters at S=100 (final stage). Stopping at iter 73294.
Stuck 10000 iters at S=100 (final stage). Stopping at iter 73295.
Stuck 10000 iters at S=100 (final stage). Stopping at iter 73296.
Stuck 10000 iters at S=100 (final stage). Stopping at iter 73297.
Stuck 10000 iters at S=100 (final stage). Stopping at iter 73298.
Stuck 10000 iters at S=100 (final stage). Stopping at iter 73299.
Stuck 10000 iters at S=100 (final stage). Stopping at iter 73300.
Stuck 10000 iters at S=100 (final stage). Stopping at iter 73301.
Stuck 10000 iters at S=100 (final stage). Stopping at iter 73302.
Stuck 10000 iters at S=100 (final stage). Stopping at iter 73303.
Stuck 10000 iters at S=100 (final stage). Stopping at iter 73304.
Stuck 10000 iters at S=100 (final stage). Stopping at iter 73305.
Stuck 10000 iters at S=100 (final stage). Stopping at iter 73306.
Stuck 10000 iters at S=100 (final stage). Stopping at iter 73307.
Stuck 10000 iters at S=100 (final stage). Stopping at iter 73308.
Stuck 10000 iters at S=100 (final stage). Stopping at iter 73309.
Stuck 10000 iters at S=100 (final stage). Stopping at iter 73310.
Stuck 10000 iters at S=100 (final stage). Stopping at iter 73311.
Stuck 10000 iters at S=100 (final stage). Stopping at iter 73312.
Stuck 10000 iters at S=100 (final stage). Stopping at iter 73313.
Stuck 10000 iters at S=100 (final stage). Stopping at iter 73314.
Stuck 10000 iters at S=100 (final stage). Stopping at iter 73315.
Stuck 10000 iters at S=100 (final stage). Stopping at iter 73316.
Stuck 10000 iters at S=100 (final stage). Stopping at iter 73317.
Stuck 10000 iters at S=100 (final stage). Stopping at iter 73318.
Stuck 10000 iters at S=100 (final stage). Stopping at iter 73319.
Stuck 10000 iters at S=100 (final stage). Stopping at iter 73320.
Stuck 10000 iters at S=100 (final stage). Stopping at iter 73321.
Stuck 10000 iters at S=100 (final stage). Stopping at iter 73322.
Stuck 10000 iters at S=100 (final stage). Stopping at iter 73323.
Stuck 10000 iters at S=100 (final stage). Stopping at iter 73324.
Stuck 10000 iters at S=100 (final stage). Stopping at iter 73325.
Stuck 10000 iters at S=100 (final stage). Stopping at iter 73326.
Stuck 10000 iters at S=100 (final stage). Stopping at iter 73327.
Stuck 10000 iters at S=100 (final stage). Stopping at iter 73328.
Stuck 10000 iters at S=100 (final stage). Stopping at iter 73329.
Stuck 10000 iters at S=100 (final stage). Stopping at iter 73330.
Stuck 10000 iters at S=100 (final stage). Stopping at iter 73331.
Stuck 10000 iters at S=100 (final stage). Stopping at iter 73332.
Stuck 10000 iters at S=100 (final stage). Stopping at iter 73333.
Stuck 10000 iters at S=100 (final stage). Stopping at iter 73334.
Stuck 10000 iters at S=100 (final stage). Stopping at iter 73335.
Stuck 10000 iters at S=100 (final stage). Stopping at iter 73336.
Stuck 10000 iters at S=100 (final stage). Stopping at iter 73337.
Stuck 10000 iters at S=100 (final stage). Stopping at iter 73338.
Stuck 10000 iters at S=100 (final stage). Stopping at iter 73339.
Stuck 10000 iters at S=100 (final stage). Stopping at iter 73340.
Stuck 10000 iters at S=100 (final stage). Stopping at iter 73341.
Stuck 10000 iters at S=100 (final stage). Stopping at iter 73342.
Stuck 10000 iters at S=100 (final stage). Stopping at iter 73343.
Stuck 10000 iters at S=100 (final stage). Stopping at iter 73344.
Stuck 10000 iters at S=100 (final stage). Stopping at iter 73345.
Stuck 10000 iters at S=100 (final stage). Stopping at iter 73346.
Stuck 10000 iters at S=100 (final stage). Stopping at iter 73347.
Stuck 10000 iters at S=100 (final stage). Stopping at iter 73348.
Stuck 10000 iters at S=100 (final stage). Stopping at iter 73349.
Stuck 10000 iters at S=100 (final stage). Stopping at iter 73350.
Stuck 10000 iters at S=100 (final stage). Stopping at iter 73351.
Stuck 10000 iters at S=100 (final stage). Stopping at iter 73352.
Stuck 10000 iters at S=100 (final stage). Stopping at iter 73353.
Stuck 10000 iters at S=100 (final stage). Stopping at iter 73354.
Stuck 10000 iters at S=100 (final stage). Stopping at iter 73355.
Stuck 10000 iters at S=100 (final stage). Stopping at iter 73356.
Stuck 10000 iters at S=100 (final stage). Stopping at iter 73357.
Stuck 10000 iters at S=100 (final stage). Stopping at iter 73358.
Stuck 10000 iters at S=100 (final stage). Stopping at iter 73359.
Stuck 10000 iters at S=100 (final stage). Stopping at iter 73360.
Stuck 10000 iters at S=100 (final stage). Stopping at iter 73361.
Stuck 10000 iters at S=100 (final stage). Stopping at iter 73362.
Stuck 10000 iters at S=100 (final stage). Stopping at iter 73363.
Stuck 10000 iters at S=100 (final stage). Stopping at iter 73364.
Stuck 10000 iters at S=100 (final stage). Stopping at iter 73365.
Stuck 10000 iters at S=100 (final stage). Stopping at iter 73366.
Stuck 10000 iters at S=100 (final stage). Stopping at iter 73367.
Stuck 10000 iters at S=100 (final stage). Stopping at iter 73368.
Stuck 10000 iters at S=100 (final stage). Stopping at iter 73369.
Stuck 10000 iters at S=100 (final stage). Stopping at iter 73370.
Stuck 10000 iters at S=100 (final stage). Stopping at iter 73371.
Stuck 10000 iters at S=100 (final stage). Stopping at iter 73372.
Stuck 10000 iters at S=100 (final stage). Stopping at iter 73373.
Stuck 10000 iters at S=100 (final stage). Stopping at iter 73374.
Stuck 10000 iters at S=100 (final stage). Stopping at iter 73375.
Stuck 10000 iters at S=100 (final stage). Stopping at iter 73376.
Stuck 10000 iters at S=100 (final stage). Stopping at iter 73377.
Stuck 10000 iters at S=100 (final stage). Stopping at iter 73378.
Stuck 10000 iters at S=100 (final stage). Stopping at iter 73379.
Stuck 10000 iters at S=100 (final stage). Stopping at iter 73380.
Stuck 10000 iters at S=100 (final stage). Stopping at iter 73381.
Stuck 10000 iters at S=100 (final stage). Stopping at iter 73382.
Stuck 10000 iters at S=100 (final stage). Stopping at iter 73383.
Stuck 10000 iters at S=100 (final stage). Stopping at iter 73384.
Stuck 10000 iters at S=100 (final stage). Stopping at iter 73385.
Stuck 10000 iters at S=100 (final stage). Stopping at iter 73386.
Stuck 10000 iters at S=100 (final stage). Stopping at iter 73387.
Stuck 10000 iters at S=100 (final stage). Stopping at iter 73388.
Stuck 10000 iters at S=100 (final stage). Stopping at iter 73389.
Stuck 10000 iters at S=100 (final stage). Stopping at iter 73390.
Stuck 10000 iters at S=100 (final stage). Stopping at iter 73391.
Stuck 10000 iters at S=100 (final stage). Stopping at iter 73392.
Stuck 10000 iters at S=100 (final stage). Stopping at iter 73393.
Stuck 10000 iters at S=100 (final stage). Stopping at iter 73394.
Stuck 10000 iters at S=100 (final stage). Stopping at iter 73395.
Stuck 10000 iters at S=100 (final stage). Stopping at iter 73396.
Stuck 10000 iters at S=100 (final stage). Stopping at iter 73397.
Stuck 10000 iters at S=100 (final stage). Stopping at iter 73398.
Stuck 10000 iters at S=100 (final stage). Stopping at iter 73399.
Stuck 10000 iters at S=100 (final stage). Stopping at iter 73400.
Stuck 10000 iters at S=100 (final stage). Stopping at iter 73401.
Stuck 10000 iters at S=100 (final stage). Stopping at iter 73402.
Stuck 10000 iters at S=100 (final stage). Stopping at iter 73403.
Stuck 10000 iters at S=100 (final stage). Stopping at iter 73404.
Stuck 10000 iters at S=100 (final stage). Stopping at iter 73405.
Stuck 10000 iters at S=100 (final stage). Stopping at iter 73406.
Stuck 10000 iters at S=100 (final stage). Stopping at iter 73407.
Stuck 10000 iters at S=100 (final stage). Stopping at iter 73408.
Stuck 10000 iters at S=100 (final stage). Stopping at iter 73409.
Stuck 10000 iters at S=100 (final stage). Stopping at iter 73410.
Stuck 10000 iters at S=100 (final stage). Stopping at iter 73411.
Stuck 10000 iters at S=100 (final stage). Stopping at iter 73412.
Stuck 10000 iters at S=100 (final stage). Stopping at iter 73413.
Stuck 10000 iters at S=100 (final stage). Stopping at iter 73414.
Stuck 10000 iters at S=100 (final stage). Stopping at iter 73415.
Stuck 10000 iters at S=100 (final stage). Stopping at iter 73416.
Stuck 10000 iters at S=100 (final stage). Stopping at iter 73417.
Stuck 10000 iters at S=100 (final stage). Stopping at iter 73418.
Stuck 10000 iters at S=100 (final stage). Stopping at iter 73419.
Stuck 10000 iters at S=100 (final stage). Stopping at iter 73420.
Stuck 10000 iters at S=100 (final stage). Stopping at iter 73421.
Stuck 10000 iters at S=100 (final stage). Stopping at iter 73422.
Stuck 10000 iters at S=100 (final stage). Stopping at iter 73423.
Stuck 10000 iters at S=100 (final stage). Stopping at iter 73424.
Stuck 10000 iters at S=100 (final stage). Stopping at iter 73425.
Stuck 10000 iters at S=100 (final stage). Stopping at iter 73426.
Stuck 10000 iters at S=100 (final stage). Stopping at iter 73427.
Stuck 10000 iters at S=100 (final stage). Stopping at iter 73428.
Stuck 10000 iters at S=100 (final stage). Stopping at iter 73429.
Stuck 10000 iters at S=100 (final stage). Stopping at iter 73430.
Stuck 10000 iters at S=100 (final stage). Stopping at iter 73431.
Stuck 10000 iters at S=100 (final stage). Stopping at iter 73432.
Stuck 10000 iters at S=100 (final stage). Stopping at iter 73433.
Stuck 10000 iters at S=100 (final stage). Stopping at iter 73434.
Stuck 10000 iters at S=100 (final stage). Stopping at iter 73435.
Stuck 10000 iters at S=100 (final stage). Stopping at iter 73436.
Stuck 10000 iters at S=100 (final stage). Stopping at iter 73437.
Stuck 10000 iters at S=100 (final stage). Stopping at iter 73438.
Stuck 10000 iters at S=100 (final stage). Stopping at iter 73439.
Stuck 10000 iters at S=100 (final stage). Stopping at iter 73440.
Stuck 10000 iters at S=100 (final stage). Stopping at iter 73441.
Stuck 10000 iters at S=100 (final stage). Stopping at iter 73442.
Stuck 10000 iters at S=100 (final stage). Stopping at iter 73443.
Stuck 10000 iters at S=100 (final stage). Stopping at iter 73444.
Stuck 10000 iters at S=100 (final stage). Stopping at iter 73445.
Stuck 10000 iters at S=100 (final stage). Stopping at iter 73446.
Stuck 10000 iters at S=100 (final stage). Stopping at iter 73447.
Stuck 10000 iters at S=100 (final stage). Stopping at iter 73448.
Stuck 10000 iters at S=100 (final stage). Stopping at iter 73449.
Stuck 10000 iters at S=100 (final stage). Stopping at iter 73450.
Stuck 10000 iters at S=100 (final stage). Stopping at iter 73451.
Stuck 10000 iters at S=100 (final stage). Stopping at iter 73452.
Stuck 10000 iters at S=100 (final stage). Stopping at iter 73453.
Stuck 10000 iters at S=100 (final stage). Stopping at iter 73454.
Stuck 10000 iters at S=100 (final stage). Stopping at iter 73455.
Stuck 10000 iters at S=100 (final stage). Stopping at iter 73456.
Stuck 10000 iters at S=100 (final stage). Stopping at iter 73457.
Stuck 10000 iters at S=100 (final stage). Stopping at iter 73458.
Stuck 10000 iters at S=100 (final stage). Stopping at iter 73459.
Stuck 10000 iters at S=100 (final stage). Stopping at iter 73460.
Stuck 10000 iters at S=100 (final stage). Stopping at iter 73461.
Stuck 10000 iters at S=100 (final stage). Stopping at iter 73462.
Stuck 10000 iters at S=100 (final stage). Stopping at iter 73463.
Stuck 10000 iters at S=100 (final stage). Stopping at iter 73464.
Stuck 10000 iters at S=100 (final stage). Stopping at iter 73465.
Stuck 10000 iters at S=100 (final stage). Stopping at iter 73466.
Stuck 10000 iters at S=100 (final stage). Stopping at iter 73467.
Stuck 10000 iters at S=100 (final stage). Stopping at iter 73468.
Stuck 10000 iters at S=100 (final stage). Stopping at iter 73469.
Stuck 10000 iters at S=100 (final stage). Stopping at iter 73470.
Stuck 10000 iters at S=100 (final stage). Stopping at iter 73471.
Stuck 10000 iters at S=100 (final stage). Stopping at iter 73472.
Stuck 10000 iters at S=100 (final stage). Stopping at iter 73473.
Stuck 10000 iters at S=100 (final stage). Stopping at iter 73474.
Stuck 10000 iters at S=100 (final stage). Stopping at iter 73475.
Stuck 10000 iters at S=100 (final stage). Stopping at iter 73476.
Stuck 10000 iters at S=100 (final stage). Stopping at iter 73477.
Stuck 10000 iters at S=100 (final stage). Stopping at iter 73478.
Stuck 10000 iters at S=100 (final stage). Stopping at iter 73479.
Stuck 10000 iters at S=100 (final stage). Stopping at iter 73480.
Stuck 10000 iters at S=100 (final stage). Stopping at iter 73481.
Stuck 10000 iters at S=100 (final stage). Stopping at iter 73482.
Stuck 10000 iters at S=100 (final stage). Stopping at iter 73483.
Stuck 10000 iters at S=100 (final stage). Stopping at iter 73484.
Stuck 10000 iters at S=100 (final stage). Stopping at iter 73485.
Stuck 10000 iters at S=100 (final stage). Stopping at iter 73486.
Stuck 10000 iters at S=100 (final stage). Stopping at iter 73487.
Stuck 10000 iters at S=100 (final stage). Stopping at iter 73488.
Stuck 10000 iters at S=100 (final stage). Stopping at iter 73489.
Stuck 10000 iters at S=100 (final stage). Stopping at iter 73490.
Stuck 10000 iters at S=100 (final stage). Stopping at iter 73491.
Stuck 10000 iters at S=100 (final stage). Stopping at iter 73492.
Stuck 10000 iters at S=100 (final stage). Stopping at iter 73493.
Stuck 10000 iters at S=100 (final stage). Stopping at iter 73494.
Stuck 10000 iters at S=100 (final stage). Stopping at iter 73495.
Stuck 10000 iters at S=100 (final stage). Stopping at iter 73496.
Stuck 10000 iters at S=100 (final stage). Stopping at iter 73497.
Stuck 10000 iters at S=100 (final stage). Stopping at iter 73498.
Stuck 10000 iters at S=100 (final stage). Stopping at iter 73499.
Stuck 10000 iters at S=100 (final stage). Stopping at iter 73500.
Stuck 10000 iters at S=100 (final stage). Stopping at iter 73501.
Stuck 10000 iters at S=100 (final stage). Stopping at iter 73502.
Stuck 10000 iters at S=100 (final stage). Stopping at iter 73503.
Stuck 10000 iters at S=100 (final stage). Stopping at iter 73504.
Stuck 10000 iters at S=100 (final stage). Stopping at iter 73505.
Stuck 10000 iters at S=100 (final stage). Stopping at iter 73506.
Stuck 10000 iters at S=100 (final stage). Stopping at iter 73507.
Stuck 10000 iters at S=100 (final stage). Stopping at iter 73508.
Stuck 10000 iters at S=100 (final stage). Stopping at iter 73509.
Stuck 10000 iters at S=100 (final stage). Stopping at iter 73510.
Stuck 10000 iters at S=100 (final stage). Stopping at iter 73511.
Stuck 10000 iters at S=100 (final stage). Stopping at iter 73512.
Stuck 10000 iters at S=100 (final stage). Stopping at iter 73513.
Stuck 10000 iters at S=100 (final stage). Stopping at iter 73514.
Stuck 10000 iters at S=100 (final stage). Stopping at iter 73515.
Stuck 10000 iters at S=100 (final stage). Stopping at iter 73516.
Stuck 10000 iters at S=100 (final stage). Stopping at iter 73517.
Stuck 10000 iters at S=100 (final stage). Stopping at iter 73518.
Stuck 10000 iters at S=100 (final stage). Stopping at iter 73519.
Stuck 10000 iters at S=100 (final stage). Stopping at iter 73520.
Stuck 10000 iters at S=100 (final stage). Stopping at iter 73521.
Stuck 10000 iters at S=100 (final stage). Stopping at iter 73522.
Stuck 10000 iters at S=100 (final stage). Stopping at iter 73523.
Stuck 10000 iters at S=100 (final stage). Stopping at iter 73524.
Stuck 10000 iters at S=100 (final stage). Stopping at iter 73525.
Stuck 10000 iters at S=100 (final stage). Stopping at iter 73526.
Stuck 10000 iters at S=100 (final stage). Stopping at iter 73527.
Stuck 10000 iters at S=100 (final stage). Stopping at iter 73528.
Stuck 10000 iters at S=100 (final stage). Stopping at iter 73529.
Stuck 10000 iters at S=100 (final stage). Stopping at iter 73530.
Stuck 10000 iters at S=100 (final stage). Stopping at iter 73531.
Stuck 10000 iters at S=100 (final stage). Stopping at iter 73532.
Stuck 10000 iters at S=100 (final stage). Stopping at iter 73533.
Stuck 10000 iters at S=100 (final stage). Stopping at iter 73534.
Stuck 10000 iters at S=100 (final stage). Stopping at iter 73535.
Stuck 10000 iters at S=100 (final stage). Stopping at iter 73536.
Stuck 10000 iters at S=100 (final stage). Stopping at iter 73537.
Stuck 10000 iters at S=100 (final stage). Stopping at iter 73538.
Stuck 10000 iters at S=100 (final stage). Stopping at iter 73539.
Stuck 10000 iters at S=100 (final stage). Stopping at iter 73540.
Stuck 10000 iters at S=100 (final stage). Stopping at iter 73541.
Stuck 10000 iters at S=100 (final stage). Stopping at iter 73542.
Stuck 10000 iters at S=100 (final stage). Stopping at iter 73543.
Stuck 10000 iters at S=100 (final stage). Stopping at iter 73544.
Stuck 10000 iters at S=100 (final stage). Stopping at iter 73545.
Stuck 10000 iters at S=100 (final stage). Stopping at iter 73546.
Stuck 10000 iters at S=100 (final stage). Stopping at iter 73547.
Stuck 10000 iters at S=100 (final stage). Stopping at iter 73548.
Stuck 10000 iters at S=100 (final stage). Stopping at iter 73549.
Stuck 10000 iters at S=100 (final stage). Stopping at iter 73550.
Stuck 10000 iters at S=100 (final stage). Stopping at iter 73551.
Stuck 10000 iters at S=100 (final stage). Stopping at iter 73552.
Stuck 10000 iters at S=100 (final stage). Stopping at iter 73553.
Stuck 10000 iters at S=100 (final stage). Stopping at iter 73554.
Stuck 10000 iters at S=100 (final stage). Stopping at iter 73555.
Stuck 10000 iters at S=100 (final stage). Stopping at iter 73556.
Stuck 10000 iters at S=100 (final stage). Stopping at iter 73557.
Stuck 10000 iters at S=100 (final stage). Stopping at iter 73558.
Stuck 10000 iters at S=100 (final stage). Stopping at iter 73559.
Stuck 10000 iters at S=100 (final stage). Stopping at iter 73560.
Stuck 10000 iters at S=100 (final stage). Stopping at iter 73561.
Stuck 10000 iters at S=100 (final stage). Stopping at iter 73562.
Stuck 10000 iters at S=100 (final stage). Stopping at iter 73563.
Stuck 10000 iters at S=100 (final stage). Stopping at iter 73564.
Stuck 10000 iters at S=100 (final stage). Stopping at iter 73565.
Stuck 10000 iters at S=100 (final stage). Stopping at iter 73566.
Stuck 10000 iters at S=100 (final stage). Stopping at iter 73567.
Stuck 10000 iters at S=100 (final stage). Stopping at iter 73568.
Stuck 10000 iters at S=100 (final stage). Stopping at iter 73569.
Stuck 10000 iters at S=100 (final stage). Stopping at iter 73570.
Stuck 10000 iters at S=100 (final stage). Stopping at iter 73571.
Stuck 10000 iters at S=100 (final stage). Stopping at iter 73572.
Stuck 10000 iters at S=100 (final stage). Stopping at iter 73573.
Stuck 10000 iters at S=100 (final stage). Stopping at iter 73574.
Stuck 10000 iters at S=100 (final stage). Stopping at iter 73575.
Stuck 10000 iters at S=100 (final stage). Stopping at iter 73576.
Stuck 10000 iters at S=100 (final stage). Stopping at iter 73577.
Stuck 10000 iters at S=100 (final stage). Stopping at iter 73578.
Stuck 10000 iters at S=100 (final stage). Stopping at iter 73579.
Stuck 10000 iters at S=100 (final stage). Stopping at iter 73580.
Stuck 10000 iters at S=100 (final stage). Stopping at iter 73581.
Stuck 10000 iters at S=100 (final stage). Stopping at iter 73582.
Stuck 10000 iters at S=100 (final stage). Stopping at iter 73583.
Stuck 10000 iters at S=100 (final stage). Stopping at iter 73584.
Stuck 10000 iters at S=100 (final stage). Stopping at iter 73585.
Stuck 10000 iters at S=100 (final stage). Stopping at iter 73586.
Stuck 10000 iters at S=100 (final stage). Stopping at iter 73587.
Stuck 10000 iters at S=100 (final stage). Stopping at iter 73588.
Stuck 10000 iters at S=100 (final stage). Stopping at iter 73589.
Stuck 10000 iters at S=100 (final stage). Stopping at iter 73590.
Stuck 10000 iters at S=100 (final stage). Stopping at iter 73591.
Stuck 10000 iters at S=100 (final stage). Stopping at iter 73592.
Stuck 10000 iters at S=100 (final stage). Stopping at iter 73593.
Stuck 10000 iters at S=100 (final stage). Stopping at iter 73594.
Stuck 10000 iters at S=100 (final stage). Stopping at iter 73595.
Stuck 10000 iters at S=100 (final stage). Stopping at iter 73596.
Stuck 10000 iters at S=100 (final stage). Stopping at iter 73597.
Stuck 10000 iters at S=100 (final stage). Stopping at iter 73598.
Stuck 10000 iters at S=100 (final stage). Stopping at iter 73599.
Stuck 10000 iters at S=100 (final stage). Stopping at iter 73600.
Stuck 10000 iters at S=100 (final stage). Stopping at iter 73601.
Stuck 10000 iters at S=100 (final stage). Stopping at iter 73602.
Stuck 10000 iters at S=100 (final stage). Stopping at iter 73603.
Stuck 10000 iters at S=100 (final stage). Stopping at iter 73604.
Stuck 10000 iters at S=100 (final stage). Stopping at iter 73605.
Stuck 10000 iters at S=100 (final stage). Stopping at iter 73606.
Stuck 10000 iters at S=100 (final stage). Stopping at iter 73607.
Stuck 10000 iters at S=100 (final stage). Stopping at iter 73608.
Stuck 10000 iters at S=100 (final stage). Stopping at iter 73609.
Stuck 10000 iters at S=100 (final stage). Stopping at iter 73610.
Stuck 10000 iters at S=100 (final stage). Stopping at iter 73611.
Stuck 10000 iters at S=100 (final stage). Stopping at iter 73612.
Stuck 10000 iters at S=100 (final stage). Stopping at iter 73613.
Stuck 10000 iters at S=100 (final stage). Stopping at iter 73614.
Stuck 10000 iters at S=100 (final stage). Stopping at iter 73615.
Stuck 10000 iters at S=100 (final stage). Stopping at iter 73616.
Stuck 10000 iters at S=100 (final stage). Stopping at iter 73617.
Stuck 10000 iters at S=100 (final stage). Stopping at iter 73618.
Stuck 10000 iters at S=100 (final stage). Stopping at iter 73619.
Stuck 10000 iters at S=100 (final stage). Stopping at iter 73620.
Stuck 10000 iters at S=100 (final stage). Stopping at iter 73621.
Stuck 10000 iters at S=100 (final stage). Stopping at iter 73622.
Stuck 10000 iters at S=100 (final stage). Stopping at iter 73623.
Stuck 10000 iters at S=100 (final stage). Stopping at iter 73624.
Stuck 10000 iters at S=100 (final stage). Stopping at iter 73625.
Stuck 10000 iters at S=100 (final stage). Stopping at iter 73626.
Stuck 10000 iters at S=100 (final stage). Stopping at iter 73627.
Stuck 10000 iters at S=100 (final stage). Stopping at iter 73628.
Stuck 10000 iters at S=100 (final stage). Stopping at iter 73629.
Stuck 10000 iters at S=100 (final stage). Stopping at iter 73630.
Stuck 10000 iters at S=100 (final stage). Stopping at iter 73631.
Stuck 10000 iters at S=100 (final stage). Stopping at iter 73632.
Stuck 10000 iters at S=100 (final stage). Stopping at iter 73633.
Stuck 10000 iters at S=100 (final stage). Stopping at iter 73634.
Stuck 10000 iters at S=100 (final stage). Stopping at iter 73635.
Stuck 10000 iters at S=100 (final stage). Stopping at iter 73636.
Stuck 10000 iters at S=100 (final stage). Stopping at iter 73637.
Stuck 10000 iters at S=100 (final stage). Stopping at iter 73638.
Stuck 10000 iters at S=100 (final stage). Stopping at iter 73639.
Stuck 10000 iters at S=100 (final stage). Stopping at iter 73640.
Stuck 10000 iters at S=100 (final stage). Stopping at iter 73641.
Stuck 10000 iters at S=100 (final stage). Stopping at iter 73642.
Stuck 10000 iters at S=100 (final stage). Stopping at iter 73643.
Stuck 10000 iters at S=100 (final stage). Stopping at iter 73644.
Stuck 10000 iters at S=100 (final stage). Stopping at iter 73645.
Stuck 10000 iters at S=100 (final stage). Stopping at iter 73646.
Stuck 10000 iters at S=100 (final stage). Stopping at iter 73647.
Stuck 10000 iters at S=100 (final stage). Stopping at iter 73648.
Stuck 10000 iters at S=100 (final stage). Stopping at iter 73649.
Stuck 10000 iters at S=100 (final stage). Stopping at iter 73650.
Stuck 10000 iters at S=100 (final stage). Stopping at iter 73651.
Stuck 10000 iters at S=100 (final stage). Stopping at iter 73652.
Stuck 10000 iters at S=100 (final stage). Stopping at iter 73653.
Stuck 10000 iters at S=100 (final stage). Stopping at iter 73654.
Stuck 10000 iters at S=100 (final stage). Stopping at iter 73655.
Stuck 10000 iters at S=100 (final stage). Stopping at iter 73656.
Stuck 10000 iters at S=100 (final stage). Stopping at iter 73657.
Stuck 10000 iters at S=100 (final stage). Stopping at iter 73658.
Stuck 10000 iters at S=100 (final stage). Stopping at iter 73659.
Stuck 10000 iters at S=100 (final stage). Stopping at iter 73660.
Stuck 10000 iters at S=100 (final stage). Stopping at iter 73661.
Stuck 10000 iters at S=100 (final stage). Stopping at iter 73662.
Stuck 10000 iters at S=100 (final stage). Stopping at iter 73663.
Stuck 10000 iters at S=100 (final stage). Stopping at iter 73664.
Stuck 10000 iters at S=100 (final stage). Stopping at iter 73665.
Stuck 10000 iters at S=100 (final stage). Stopping at iter 73666.
Stuck 10000 iters at S=100 (final stage). Stopping at iter 73667.
Stuck 10000 iters at S=100 (final stage). Stopping at iter 73668.
Stuck 10000 iters at S=100 (final stage). Stopping at iter 73669.
Stuck 10000 iters at S=100 (final stage). Stopping at iter 73670.
Stuck 10000 iters at S=100 (final stage). Stopping at iter 73671.
Stuck 10000 iters at S=100 (final stage). Stopping at iter 73672.
Stuck 10000 iters at S=100 (final stage). Stopping at iter 73673.
Stuck 10000 iters at S=100 (final stage). Stopping at iter 73674.
Stuck 10000 iters at S=100 (final stage). Stopping at iter 73675.
Stuck 10000 iters at S=100 (final stage). Stopping at iter 73676.
Stuck 10000 iters at S=100 (final stage). Stopping at iter 73677.
Stuck 10000 iters at S=100 (final stage). Stopping at iter 73678.
Stuck 10000 iters at S=100 (final stage). Stopping at iter 73679.
Stuck 10000 iters at S=100 (final stage). Stopping at iter 73680.
Stuck 10000 iters at S=100 (final stage). Stopping at iter 73681.
Stuck 10000 iters at S=100 (final stage). Stopping at iter 73682.
Stuck 10000 iters at S=100 (final stage). Stopping at iter 73683.
Stuck 10000 iters at S=100 (final stage). Stopping at iter 73684.
Stuck 10000 iters at S=100 (final stage). Stopping at iter 73685.
Stuck 10000 iters at S=100 (final stage). Stopping at iter 73686.
Stuck 10000 iters at S=100 (final stage). Stopping at iter 73687.
Stuck 10000 iters at S=100 (final stage). Stopping at iter 73688.
Stuck 10000 iters at S=100 (final stage). Stopping at iter 73689.
Stuck 10000 iters at S=100 (final stage). Stopping at iter 73690.
Stuck 10000 iters at S=100 (final stage). Stopping at iter 73691.
Stuck 10000 iters at S=100 (final stage). Stopping at iter 73692.
Stuck 10000 iters at S=100 (final stage). Stopping at iter 73693.
Stuck 10000 iters at S=100 (final stage). Stopping at iter 73694.
Stuck 10000 iters at S=100 (final stage). Stopping at iter 73695.
Stuck 10000 iters at S=100 (final stage). Stopping at iter 73696.
Stuck 10000 iters at S=100 (final stage). Stopping at iter 73697.
Stuck 10000 iters at S=100 (final stage). Stopping at iter 73698.
Stuck 10000 iters at S=100 (final stage). Stopping at iter 73699.
Stuck 10000 iters at S=100 (final stage). Stopping at iter 73700.
Stuck 10000 iters at S=100 (final stage). Stopping at iter 73701.
Stuck 10000 iters at S=100 (final stage). Stopping at iter 73702.
Stuck 10000 iters at S=100 (final stage). Stopping at iter 73703.
Stuck 10000 iters at S=100 (final stage). Stopping at iter 73704.
Stuck 10000 iters at S=100 (final stage). Stopping at iter 73705.
Stuck 10000 iters at S=100 (final stage). Stopping at iter 73706.
Stuck 10000 iters at S=100 (final stage). Stopping at iter 73707.
Stuck 10000 iters at S=100 (final stage). Stopping at iter 73708.
Stuck 10000 iters at S=100 (final stage). Stopping at iter 73709.
Stuck 10000 iters at S=100 (final stage). Stopping at iter 73710.
Stuck 10000 iters at S=100 (final stage). Stopping at iter 73711.
Stuck 10000 iters at S=100 (final stage). Stopping at iter 73712.
Stuck 10000 iters at S=100 (final stage). Stopping at iter 73713.
Stuck 10000 iters at S=100 (final stage). Stopping at iter 73714.
Stuck 10000 iters at S=100 (final stage). Stopping at iter 73715.
Stuck 10000 iters at S=100 (final stage). Stopping at iter 73716.
Stuck 10000 iters at S=100 (final stage). Stopping at iter 73717.
Stuck 10000 iters at S=100 (final stage). Stopping at iter 73718.
Stuck 10000 iters at S=100 (final stage). Stopping at iter 73719.
Stuck 10000 iters at S=100 (final stage). Stopping at iter 73720.
Stuck 10000 iters at S=100 (final stage). Stopping at iter 73721.
Stuck 10000 iters at S=100 (final stage). Stopping at iter 73722.
Stuck 10000 iters at S=100 (final stage). Stopping at iter 73723.
Stuck 10000 iters at S=100 (final stage). Stopping at iter 73724.
Stuck 10000 iters at S=100 (final stage). Stopping at iter 73725.
Stuck 10000 iters at S=100 (final stage). Stopping at iter 73726.
Stuck 10000 iters at S=100 (final stage). Stopping at iter 73727.
Stuck 10000 iters at S=100 (final stage). Stopping at iter 73728.
Stuck 10000 iters at S=100 (final stage). Stopping at iter 73729.
Stuck 10000 iters at S=100 (final stage). Stopping at iter 73730.
Stuck 10000 iters at S=100 (final stage). Stopping at iter 73731.
Stuck 10000 iters at S=100 (final stage). Stopping at iter 73732.
Stuck 10000 iters at S=100 (final stage). Stopping at iter 73733.
Stuck 10000 iters at S=100 (final stage). Stopping at iter 73734.
Stuck 10000 iters at S=100 (final stage). Stopping at iter 73735.
Stuck 10000 iters at S=100 (final stage). Stopping at iter 73736.
Stuck 10000 iters at S=100 (final stage). Stopping at iter 73737.
Stuck 10000 iters at S=100 (final stage). Stopping at iter 73738.
Stuck 10000 iters at S=100 (final stage). Stopping at iter 73739.
Stuck 10000 iters at S=100 (final stage). Stopping at iter 73740.
Stuck 10000 iters at S=100 (final stage). Stopping at iter 73741.
Stuck 10000 iters at S=100 (final stage). Stopping at iter 73742.
Stuck 10000 iters at S=100 (final stage). Stopping at iter 73743.
Stuck 10000 iters at S=100 (final stage). Stopping at iter 73744.
Stuck 10000 iters at S=100 (final stage). Stopping at iter 73745.
Stuck 10000 iters at S=100 (final stage). Stopping at iter 73746.
Stuck 10000 iters at S=100 (final stage). Stopping at iter 73747.
Stuck 10000 iters at S=100 (final stage). Stopping at iter 73748.
Stuck 10000 iters at S=100 (final stage). Stopping at iter 73749.
Stuck 10000 iters at S=100 (final stage). Stopping at iter 73750.
Stuck 10000 iters at S=100 (final stage). Stopping at iter 73751.
Stuck 10000 iters at S=100 (final stage). Stopping at iter 73752.
Stuck 10000 iters at S=100 (final stage). Stopping at iter 73753.
Stuck 10000 iters at S=100 (final stage). Stopping at iter 73754.
Stuck 10000 iters at S=100 (final stage). Stopping at iter 73755.
Stuck 10000 iters at S=100 (final stage). Stopping at iter 73756.
Stuck 10000 iters at S=100 (final stage). Stopping at iter 73757.
Stuck 10000 iters at S=100 (final stage). Stopping at iter 73758.
Stuck 10000 iters at S=100 (final stage). Stopping at iter 73759.
Stuck 10000 iters at S=100 (final stage). Stopping at iter 73760.
Stuck 10000 iters at S=100 (final stage). Stopping at iter 73761.
Stuck 10000 iters at S=100 (final stage). Stopping at iter 73762.
Stuck 10000 iters at S=100 (final stage). Stopping at iter 73763.
Stuck 10000 iters at S=100 (final stage). Stopping at iter 73764.
Stuck 10000 iters at S=100 (final stage). Stopping at iter 73765.
Stuck 10000 iters at S=100 (final stage). Stopping at iter 73766.
Stuck 10000 iters at S=100 (final stage). Stopping at iter 73767.
Stuck 10000 iters at S=100 (final stage). Stopping at iter 73768.
Stuck 10000 iters at S=100 (final stage). Stopping at iter 73769.
Stuck 10000 iters at S=100 (final stage). Stopping at iter 73770.
Stuck 10000 iters at S=100 (final stage). Stopping at iter 73771.
Stuck 10000 iters at S=100 (final stage). Stopping at iter 73772.
Stuck 10000 iters at S=100 (final stage). Stopping at iter 73773.
Stuck 10000 iters at S=100 (final stage). Stopping at iter 73774.
Stuck 10000 iters at S=100 (final stage). Stopping at iter 73775.
Stuck 10000 iters at S=100 (final stage). Stopping at iter 73776.
Stuck 10000 iters at S=100 (final stage). Stopping at iter 73777.
Stuck 10000 iters at S=100 (final stage). Stopping at iter 73778.
Stuck 10000 iters at S=100 (final stage). Stopping at iter 73779.
Stuck 10000 iters at S=100 (final stage). Stopping at iter 73780.
Stuck 10000 iters at S=100 (final stage). Stopping at iter 73781.
Stuck 10000 iters at S=100 (final stage). Stopping at iter 73782.
Stuck 10000 iters at S=100 (final stage). Stopping at iter 73783.
Stuck 10000 iters at S=100 (final stage). Stopping at iter 73784.
Stuck 10000 iters at S=100 (final stage). Stopping at iter 73785.
Stuck 10000 iters at S=100 (final stage). Stopping at iter 73786.
Stuck 10000 iters at S=100 (final stage). Stopping at iter 73787.
Stuck 10000 iters at S=100 (final stage). Stopping at iter 73788.
Stuck 10000 iters at S=100 (final stage). Stopping at iter 73789.
Stuck 10000 iters at S=100 (final stage). Stopping at iter 73790.
Stuck 10000 iters at S=100 (final stage). Stopping at iter 73791.
Stuck 10000 iters at S=100 (final stage). Stopping at iter 73792.
Stuck 10000 iters at S=100 (final stage). Stopping at iter 73793.
Stuck 10000 iters at S=100 (final stage). Stopping at iter 73794.
Stuck 10000 iters at S=100 (final stage). Stopping at iter 73795.
Stuck 10000 iters at S=100 (final stage). Stopping at iter 73796.
Stuck 10000 iters at S=100 (final stage). Stopping at iter 73797.
Stuck 10000 iters at S=100 (final stage). Stopping at iter 73798.
Stuck 10000 iters at S=100 (final stage). Stopping at iter 73799.
Stuck 10000 iters at S=100 (final stage). Stopping at iter 73800.
Stuck 10000 iters at S=100 (final stage). Stopping at iter 73801.
Stuck 10000 iters at S=100 (final stage). Stopping at iter 73802.
Stuck 10000 iters at S=100 (final stage). Stopping at iter 73803.
Stuck 10000 iters at S=100 (final stage). Stopping at iter 73804.
Stuck 10000 iters at S=100 (final stage). Stopping at iter 73805.
Stuck 10000 iters at S=100 (final stage). Stopping at iter 73806.
Stuck 10000 iters at S=100 (final stage). Stopping at iter 73807.
Stuck 10000 iters at S=100 (final stage). Stopping at iter 73808.
Stuck 10000 iters at S=100 (final stage). Stopping at iter 73809.
Stuck 10000 iters at S=100 (final stage). Stopping at iter 73810.
Stuck 10000 iters at S=100 (final stage). Stopping at iter 73811.
Stuck 10000 iters at S=100 (final stage). Stopping at iter 73812.
Stuck 10000 iters at S=100 (final stage). Stopping at iter 73813.
Stuck 10000 iters at S=100 (final stage). Stopping at iter 73814.
Stuck 10000 iters at S=100 (final stage). Stopping at iter 73815.
Stuck 10000 iters at S=100 (final stage). Stopping at iter 73816.
Stuck 10000 iters at S=100 (final stage). Stopping at iter 73817.
Stuck 10000 iters at S=100 (final stage). Stopping at iter 73818.
Stuck 10000 iters at S=100 (final stage). Stopping at iter 73819.
Stuck 10000 iters at S=100 (final stage). Stopping at iter 73820.
Stuck 10000 iters at S=100 (final stage). Stopping at iter 73821.
Stuck 10000 iters at S=100 (final stage). Stopping at iter 73822.
Stuck 10000 iters at S=100 (final stage). Stopping at iter 73823.
Stuck 10000 iters at S=100 (final stage). Stopping at iter 73824.
Stuck 10000 iters at S=100 (final stage). Stopping at iter 73825.
Stuck 10000 iters at S=100 (final stage). Stopping at iter 73826.
Stuck 10000 iters at S=100 (final stage). Stopping at iter 73827.
Stuck 10000 iters at S=100 (final stage). Stopping at iter 73828.
Stuck 10000 iters at S=100 (final stage). Stopping at iter 73829.
Stuck 10000 iters at S=100 (final stage). Stopping at iter 73830.
Stuck 10000 iters at S=100 (final stage). Stopping at iter 73831.
Stuck 10000 iters at S=100 (final stage). Stopping at iter 73832.
Stuck 10000 iters at S=100 (final stage). Stopping at iter 73833.
Stuck 10000 iters at S=100 (final stage). Stopping at iter 73834.
Stuck 10000 iters at S=100 (final stage). Stopping at iter 73835.
Stuck 10000 iters at S=100 (final stage). Stopping at iter 73836.
Stuck 10000 iters at S=100 (final stage). Stopping at iter 73837.
Stuck 10000 iters at S=100 (final stage). Stopping at iter 73838.
Stuck 10000 iters at S=100 (final stage). Stopping at iter 73839.
Stuck 10000 iters at S=100 (final stage). Stopping at iter 73840.
Stuck 10000 iters at S=100 (final stage). Stopping at iter 73841.
Stuck 10000 iters at S=100 (final stage). Stopping at iter 73842.
Stuck 10000 iters at S=100 (final stage). Stopping at iter 73843.
Stuck 10000 iters at S=100 (final stage). Stopping at iter 73844.
Stuck 10000 iters at S=100 (final stage). Stopping at iter 73845.
Stuck 10000 iters at S=100 (final stage). Stopping at iter 73846.
Stuck 10000 iters at S=100 (final stage). Stopping at iter 73847.
Stuck 10000 iters at S=100 (final stage). Stopping at iter 73848.
Stuck 10000 iters at S=100 (final stage). Stopping at iter 73849.
Stuck 10000 iters at S=100 (final stage). Stopping at iter 73850.
Stuck 10000 iters at S=100 (final stage). Stopping at iter 73851.
Stuck 10000 iters at S=100 (final stage). Stopping at iter 73852.
Stuck 10000 iters at S=100 (final stage). Stopping at iter 73853.
Stuck 10000 iters at S=100 (final stage). Stopping at iter 73854.
Stuck 10000 iters at S=100 (final stage). Stopping at iter 73855.
Stuck 10000 iters at S=100 (final stage). Stopping at iter 73856.
Stuck 10000 iters at S=100 (final stage). Stopping at iter 73857.
Stuck 10000 iters at S=100 (final stage). Stopping at iter 73858.
Stuck 10000 iters at S=100 (final stage). Stopping at iter 73859.
Stuck 10000 iters at S=100 (final stage). Stopping at iter 73860.
Stuck 10000 iters at S=100 (final stage). Stopping at iter 73861.
Stuck 10000 iters at S=100 (final stage). Stopping at iter 73862.
Stuck 10000 iters at S=100 (final stage). Stopping at iter 73863.
Stuck 10000 iters at S=100 (final stage). Stopping at iter 73864.
Stuck 10000 iters at S=100 (final stage). Stopping at iter 73865.
Stuck 10000 iters at S=100 (final stage). Stopping at iter 73866.
Stuck 10000 iters at S=100 (final stage). Stopping at iter 73867.
Stuck 10000 iters at S=100 (final stage). Stopping at iter 73868.
Stuck 10000 iters at S=100 (final stage). Stopping at iter 73869.
Stuck 10000 iters at S=100 (final stage). Stopping at iter 73870.
Stuck 10000 iters at S=100 (final stage). Stopping at iter 73871.
Stuck 10000 iters at S=100 (final stage). Stopping at iter 73872.
Stuck 10000 iters at S=100 (final stage). Stopping at iter 73873.
Stuck 10000 iters at S=100 (final stage). Stopping at iter 73874.
Stuck 10000 iters at S=100 (final stage). Stopping at iter 73875.
Stuck 10000 iters at S=100 (final stage). Stopping at iter 73876.
Stuck 10000 iters at S=100 (final stage). Stopping at iter 73877.
Stuck 10000 iters at S=100 (final stage). Stopping at iter 73878.
Stuck 10000 iters at S=100 (final stage). Stopping at iter 73879.
Stuck 10000 iters at S=100 (final stage). Stopping at iter 73880.
Stuck 10000 iters at S=100 (final stage). Stopping at iter 73881.
Stuck 10000 iters at S=100 (final stage). Stopping at iter 73882.
Stuck 10000 iters at S=100 (final stage). Stopping at iter 73883.
Stuck 10000 iters at S=100 (final stage). Stopping at iter 73884.
Stuck 10000 iters at S=100 (final stage). Stopping at iter 73885.
Stuck 10000 iters at S=100 (final stage). Stopping at iter 73886.
Stuck 10000 iters at S=100 (final stage). Stopping at iter 73887.
Stuck 10000 iters at S=100 (final stage). Stopping at iter 73888.
Stuck 10000 iters at S=100 (final stage). Stopping at iter 73889.
Stuck 10000 iters at S=100 (final stage). Stopping at iter 73890.
Stuck 10000 iters at S=100 (final stage). Stopping at iter 73891.
Stuck 10000 iters at S=100 (final stage). Stopping at iter 73892.
Stuck 10000 iters at S=100 (final stage). Stopping at iter 73893.
Stuck 10000 iters at S=100 (final stage). Stopping at iter 73894.
Stuck 10000 iters at S=100 (final stage). Stopping at iter 73895.
Stuck 10000 iters at S=100 (final stage). Stopping at iter 73896.
Stuck 10000 iters at S=100 (final stage). Stopping at iter 73897.
Stuck 10000 iters at S=100 (final stage). Stopping at iter 73898.
Stuck 10000 iters at S=100 (final stage). Stopping at iter 73899.
Stuck 10000 iters at S=100 (final stage). Stopping at iter 73900.
Stuck 10000 iters at S=100 (final stage). Stopping at iter 73901.
Stuck 10000 iters at S=100 (final stage). Stopping at iter 73902.
Stuck 10000 iters at S=100 (final stage). Stopping at iter 73903.
Stuck 10000 iters at S=100 (final stage). Stopping at iter 73904.
Stuck 10000 iters at S=100 (final stage). Stopping at iter 73905.
Stuck 10000 iters at S=100 (final stage). Stopping at iter 73906.
Stuck 10000 iters at S=100 (final stage). Stopping at iter 73907.
Stuck 10000 iters at S=100 (final stage). Stopping at iter 73908.
Stuck 10000 iters at S=100 (final stage). Stopping at iter 73909.
Stuck 10000 iters at S=100 (final stage). Stopping at iter 73910.
Stuck 10000 iters at S=100 (final stage). Stopping at iter 73911.
Stuck 10000 iters at S=100 (final stage). Stopping at iter 73912.
Stuck 10000 iters at S=100 (final stage). Stopping at iter 73913.
Stuck 10000 iters at S=100 (final stage). Stopping at iter 73914.
Stuck 10000 iters at S=100 (final stage). Stopping at iter 73915.
Stuck 10000 iters at S=100 (final stage). Stopping at iter 73916.
Stuck 10000 iters at S=100 (final stage). Stopping at iter 73917.
Stuck 10000 iters at S=100 (final stage). Stopping at iter 73918.
Stuck 10000 iters at S=100 (final stage). Stopping at iter 73919.
Stuck 10000 iters at S=100 (final stage). Stopping at iter 73920.
Stuck 10000 iters at S=100 (final stage). Stopping at iter 73921.
Stuck 10000 iters at S=100 (final stage). Stopping at iter 73922.
Stuck 10000 iters at S=100 (final stage). Stopping at iter 73923.
Stuck 10000 iters at S=100 (final stage). Stopping at iter 73924.
Stuck 10000 iters at S=100 (final stage). Stopping at iter 73925.
Stuck 10000 iters at S=100 (final stage). Stopping at iter 73926.
Stuck 10000 iters at S=100 (final stage). Stopping at iter 73927.
Stuck 10000 iters at S=100 (final stage). Stopping at iter 73928.
Stuck 10000 iters at S=100 (final stage). Stopping at iter 73929.
Stuck 10000 iters at S=100 (final stage). Stopping at iter 73930.
Stuck 10000 iters at S=100 (final stage). Stopping at iter 73931.
Stuck 10000 iters at S=100 (final stage). Stopping at iter 73932.
Stuck 10000 iters at S=100 (final stage). Stopping at iter 73933.
Stuck 10000 iters at S=100 (final stage). Stopping at iter 73934.
Stuck 10000 iters at S=100 (final stage). Stopping at iter 73935.
Stuck 10000 iters at S=100 (final stage). Stopping at iter 73936.
Stuck 10000 iters at S=100 (final stage). Stopping at iter 73937.
Stuck 10000 iters at S=100 (final stage). Stopping at iter 73938.
Stuck 10000 iters at S=100 (final stage). Stopping at iter 73939.
Stuck 10000 iters at S=100 (final stage). Stopping at iter 73940.
Stuck 10000 iters at S=100 (final stage). Stopping at iter 73941.
Stuck 10000 iters at S=100 (final stage). Stopping at iter 73942.
Stuck 10000 iters at S=100 (final stage). Stopping at iter 73943.
Stuck 10000 iters at S=100 (final stage). Stopping at iter 73944.
Stuck 10000 iters at S=100 (final stage). Stopping at iter 73945.
Stuck 10000 iters at S=100 (final stage). Stopping at iter 73946.
Stuck 10000 iters at S=100 (final stage). Stopping at iter 73947.
Stuck 10000 iters at S=100 (final stage). Stopping at iter 73948.
Stuck 10000 iters at S=100 (final stage). Stopping at iter 73949.
Stuck 10000 iters at S=100 (final stage). Stopping at iter 73950.
Stuck 10000 iters at S=100 (final stage). Stopping at iter 73951.
Stuck 10000 iters at S=100 (final stage). Stopping at iter 73952.
Stuck 10000 iters at S=100 (final stage). Stopping at iter 73953.
Stuck 10000 iters at S=100 (final stage). Stopping at iter 73954.
Stuck 10000 iters at S=100 (final stage). Stopping at iter 73955.
Stuck 10000 iters at S=100 (final stage). Stopping at iter 73956.
Stuck 10000 iters at S=100 (final stage). Stopping at iter 73957.
Stuck 10000 iters at S=100 (final stage). Stopping at iter 73958.
Stuck 10000 iters at S=100 (final stage). Stopping at iter 73959.
Stuck 10000 iters at S=100 (final stage). Stopping at iter 73960.
Stuck 10000 iters at S=100 (final stage). Stopping at iter 73961.
Stuck 10000 iters at S=100 (final stage). Stopping at iter 73962.
Stuck 10000 iters at S=100 (final stage). Stopping at iter 73963.
Stuck 10000 iters at S=100 (final stage). Stopping at iter 73964.
Stuck 10000 iters at S=100 (final stage). Stopping at iter 73965.
Stuck 10000 iters at S=100 (final stage). Stopping at iter 73966.
Stuck 10000 iters at S=100 (final stage). Stopping at iter 73967.
Stuck 10000 iters at S=100 (final stage). Stopping at iter 73968.
Stuck 10000 iters at S=100 (final stage). Stopping at iter 73969.
Stuck 10000 iters at S=100 (final stage). Stopping at iter 73970.
Stuck 10000 iters at S=100 (final stage). Stopping at iter 73971.
Stuck 10000 iters at S=100 (final stage). Stopping at iter 73972.
Stuck 10000 iters at S=100 (final stage). Stopping at iter 73973.
Stuck 10000 iters at S=100 (final stage). Stopping at iter 73974.
Stuck 10000 iters at S=100 (final stage). Stopping at iter 73975.
Stuck 10000 iters at S=100 (final stage). Stopping at iter 73976.
Stuck 10000 iters at S=100 (final stage). Stopping at iter 73977.
Stuck 10000 iters at S=100 (final stage). Stopping at iter 73978.
Stuck 10000 iters at S=100 (final stage). Stopping at iter 73979.
Stuck 10000 iters at S=100 (final stage). Stopping at iter 73980.
Stuck 10000 iters at S=100 (final stage). Stopping at iter 73981.
Stuck 10000 iters at S=100 (final stage). Stopping at iter 73982.
Stuck 10000 iters at S=100 (final stage). Stopping at iter 73983.
Stuck 10000 iters at S=100 (final stage). Stopping at iter 73984.
Stuck 10000 iters at S=100 (final stage). Stopping at iter 73985.
Stuck 10000 iters at S=100 (final stage). Stopping at iter 73986.
Stuck 10000 iters at S=100 (final stage). Stopping at iter 73987.
Stuck 10000 iters at S=100 (final stage). Stopping at iter 73988.
Stuck 10000 iters at S=100 (final stage). Stopping at iter 73989.
Stuck 10000 iters at S=100 (final stage). Stopping at iter 73990.
Stuck 10000 iters at S=100 (final stage). Stopping at iter 73991.
Stuck 10000 iters at S=100 (final stage). Stopping at iter 73992.
Stuck 10000 iters at S=100 (final stage). Stopping at iter 73993.
Stuck 10000 iters at S=100 (final stage). Stopping at iter 73994.
Stuck 10000 iters at S=100 (final stage). Stopping at iter 73995.
Stuck 10000 iters at S=100 (final stage). Stopping at iter 73996.
Stuck 10000 iters at S=100 (final stage). Stopping at iter 73997.
Stuck 10000 iters at S=100 (final stage). Stopping at iter 73998.
Stuck 10000 iters at S=100 (final stage). Stopping at iter 73999.
Stuck 10000 iters at S=100 (final stage). Stopping at iter 74000.
Stuck 10000 iters at S=100 (final stage). Stopping at iter 74001.
Stuck 10000 iters at S=100 (final stage). Stopping at iter 74002.
Stuck 10000 iters at S=100 (final stage). Stopping at iter 74003.
Stuck 10000 iters at S=100 (final stage). Stopping at iter 74004.
Stuck 10000 iters at S=100 (final stage). Stopping at iter 74005.
Stuck 10000 iters at S=100 (final stage). Stopping at iter 74006.
Stuck 10000 iters at S=100 (final stage). Stopping at iter 74007.
Stuck 10000 iters at S=100 (final stage). Stopping at iter 74008.
Stuck 10000 iters at S=100 (final stage). Stopping at iter 74009.
Stuck 10000 iters at S=100 (final stage). Stopping at iter 74010.
Stuck 10000 iters at S=100 (final stage). Stopping at iter 74011.
Stuck 10000 iters at S=100 (final stage). Stopping at iter 74012.
Stuck 10000 iters at S=100 (final stage). Stopping at iter 74013.
Stuck 10000 iters at S=100 (final stage). Stopping at iter 74014.
Stuck 10000 iters at S=100 (final stage). Stopping at iter 74015.
Stuck 10000 iters at S=100 (final stage). Stopping at iter 74016.
Stuck 10000 iters at S=100 (final stage). Stopping at iter 74017.
Stuck 10000 iters at S=100 (final stage). Stopping at iter 74018.
Stuck 10000 iters at S=100 (final stage). Stopping at iter 74019.
Stuck 10000 iters at S=100 (final stage). Stopping at iter 74020.
Stuck 10000 iters at S=100 (final stage). Stopping at iter 74021.
Stuck 10000 iters at S=100 (final stage). Stopping at iter 74022.
Stuck 10000 iters at S=100 (final stage). Stopping at iter 74023.
Stuck 10000 iters at S=100 (final stage). Stopping at iter 74024.
Stuck 10000 iters at S=100 (final stage). Stopping at iter 74025.
Stuck 10000 iters at S=100 (final stage). Stopping at iter 74026.
Stuck 10000 iters at S=100 (final stage). Stopping at iter 74027.
Stuck 10000 iters at S=100 (final stage). Stopping at iter 74028.
Stuck 10000 iters at S=100 (final stage). Stopping at iter 74029.
Stuck 10000 iters at S=100 (final stage). Stopping at iter 74030.
Stuck 10000 iters at S=100 (final stage). Stopping at iter 74031.
Stuck 10000 iters at S=100 (final stage). Stopping at iter 74032.
Stuck 10000 iters at S=100 (final stage). Stopping at iter 74033.
Stuck 10000 iters at S=100 (final stage). Stopping at iter 74034.
Stuck 10000 iters at S=100 (final stage). Stopping at iter 74035.
Stuck 10000 iters at S=100 (final stage). Stopping at iter 74036.
Stuck 10000 iters at S=100 (final stage). Stopping at iter 74037.
Stuck 10000 iters at S=100 (final stage). Stopping at iter 74038.
Stuck 10000 iters at S=100 (final stage). Stopping at iter 74039.
Stuck 10000 iters at S=100 (final stage). Stopping at iter 74040.
Stuck 10000 iters at S=100 (final stage). Stopping at iter 74041.
Stuck 10000 iters at S=100 (final stage). Stopping at iter 74042.
Stuck 10000 iters at S=100 (final stage). Stopping at iter 74043.
Stuck 10000 iters at S=100 (final stage). Stopping at iter 74044.
Stuck 10000 iters at S=100 (final stage). Stopping at iter 74045.
Stuck 10000 iters at S=100 (final stage). Stopping at iter 74046.
Stuck 10000 iters at S=100 (final stage). Stopping at iter 74047.
Stuck 10000 iters at S=100 (final stage). Stopping at iter 74048.
Stuck 10000 iters at S=100 (final stage). Stopping at iter 74049.
Stuck 10000 iters at S=100 (final stage). Stopping at iter 74050.
Stuck 10000 iters at S=100 (final stage). Stopping at iter 74051.
Stuck 10000 iters at S=100 (final stage). Stopping at iter 74052.
Stuck 10000 iters at S=100 (final stage). Stopping at iter 74053.
Stuck 10000 iters at S=100 (final stage). Stopping at iter 74054.
Stuck 10000 iters at S=100 (final stage). Stopping at iter 74055.
Stuck 10000 iters at S=100 (final stage). Stopping at iter 74056.
Stuck 10000 iters at S=100 (final stage). Stopping at iter 74057.
Stuck 10000 iters at S=100 (final stage). Stopping at iter 74058.
Stuck 10000 iters at S=100 (final stage). Stopping at iter 74059.
Stuck 10000 iters at S=100 (final stage). Stopping at iter 74060.
Stuck 10000 iters at S=100 (final stage). Stopping at iter 74061.
Stuck 10000 iters at S=100 (final stage). Stopping at iter 74062.
Stuck 10000 iters at S=100 (final stage). Stopping at iter 74063.
Stuck 10000 iters at S=100 (final stage). Stopping at iter 74064.
Stuck 10000 iters at S=100 (final stage). Stopping at iter 74065.
Stuck 10000 iters at S=100 (final stage). Stopping at iter 74066.
Stuck 10000 iters at S=100 (final stage). Stopping at iter 74067.
Stuck 10000 iters at S=100 (final stage). Stopping at iter 74068.
Stuck 10000 iters at S=100 (final stage). Stopping at iter 74069.
Stuck 10000 iters at S=100 (final stage). Stopping at iter 74070.
Stuck 10000 iters at S=100 (final stage). Stopping at iter 74071.
Stuck 10000 iters at S=100 (final stage). Stopping at iter 74072.
Stuck 10000 iters at S=100 (final stage). Stopping at iter 74073.
Stuck 10000 iters at S=100 (final stage). Stopping at iter 74074.
Stuck 10000 iters at S=100 (final stage). Stopping at iter 74075.
Stuck 10000 iters at S=100 (final stage). Stopping at iter 74076.
Stuck 10000 iters at S=100 (final stage). Stopping at iter 74077.
Stuck 10000 iters at S=100 (final stage). Stopping at iter 74078.
Stuck 10000 iters at S=100 (final stage). Stopping at iter 74079.
Stuck 10000 iters at S=100 (final stage). Stopping at iter 74080.
Stuck 10000 iters at S=100 (final stage). Stopping at iter 74081.
Stuck 10000 iters at S=100 (final stage). Stopping at iter 74082.
Stuck 10000 iters at S=100 (final stage). Stopping at iter 74083.
Stuck 10000 iters at S=100 (final stage). Stopping at iter 74084.
Stuck 10000 iters at S=100 (final stage). Stopping at iter 74085.
Stuck 10000 iters at S=100 (final stage). Stopping at iter 74086.
Stuck 10000 iters at S=100 (final stage). Stopping at iter 74087.
Stuck 10000 iters at S=100 (final stage). Stopping at iter 74088.
Stuck 10000 iters at S=100 (final stage). Stopping at iter 74089.
Stuck 10000 iters at S=100 (final stage). Stopping at iter 74090.
Stuck 10000 iters at S=100 (final stage). Stopping at iter 74091.
Stuck 10000 iters at S=100 (final stage). Stopping at iter 74092.
Stuck 10000 iters at S=100 (final stage). Stopping at iter 74093.
Stuck 10000 iters at S=100 (final stage). Stopping at iter 74094.
Stuck 10000 iters at S=100 (final stage). Stopping at iter 74095.
Stuck 10000 iters at S=100 (final stage). Stopping at iter 74096.
Stuck 10000 iters at S=100 (final stage). Stopping at iter 74097.
Stuck 10000 iters at S=100 (final stage). Stopping at iter 74098.
Stuck 10000 iters at S=100 (final stage). Stopping at iter 74099.
Stuck 10000 iters at S=100 (final stage). Stopping at iter 74100.
Stuck 10000 iters at S=100 (final stage). Stopping at iter 74101.
Stuck 10000 iters at S=100 (final stage). Stopping at iter 74102.
Stuck 10000 iters at S=100 (final stage). Stopping at iter 74103.
Stuck 10000 iters at S=100 (final stage). Stopping at iter 74104.
Stuck 10000 iters at S=100 (final stage). Stopping at iter 74105.
Stuck 10000 iters at S=100 (final stage). Stopping at iter 74106.
Stuck 10000 iters at S=100 (final stage). Stopping at iter 74107.
Stuck 10000 iters at S=100 (final stage). Stopping at iter 74108.
Stuck 10000 iters at S=100 (final stage). Stopping at iter 74109.
Stuck 10000 iters at S=100 (final stage). Stopping at iter 74110.
Stuck 10000 iters at S=100 (final stage). Stopping at iter 74111.
Stuck 10000 iters at S=100 (final stage). Stopping at iter 74112.
Stuck 10000 iters at S=100 (final stage). Stopping at iter 74113.
Stuck 10000 iters at S=100 (final stage). Stopping at iter 74114.
Stuck 10000 iters at S=100 (final stage). Stopping at iter 74115.
Stuck 10000 iters at S=100 (final stage). Stopping at iter 74116.
Stuck 10000 iters at S=100 (final stage). Stopping at iter 74117.
Stuck 10000 iters at S=100 (final stage). Stopping at iter 74118.
Stuck 10000 iters at S=100 (final stage). Stopping at iter 74119.
Stuck 10000 iters at S=100 (final stage). Stopping at iter 74120.
Stuck 10000 iters at S=100 (final stage). Stopping at iter 74121.
Stuck 10000 iters at S=100 (final stage). Stopping at iter 74122.
Stuck 10000 iters at S=100 (final stage). Stopping at iter 74123.
Stuck 10000 iters at S=100 (final stage). Stopping at iter 74124.
Stuck 10000 iters at S=100 (final stage). Stopping at iter 74125.
Stuck 10000 iters at S=100 (final stage). Stopping at iter 74126.
Stuck 10000 iters at S=100 (final stage). Stopping at iter 74127.
Stuck 10000 iters at S=100 (final stage). Stopping at iter 74128.
Stuck 10000 iters at S=100 (final stage). Stopping at iter 74129.
Stuck 10000 iters at S=100 (final stage). Stopping at iter 74130.
Stuck 10000 iters at S=100 (final stage). Stopping at iter 74131.
Stuck 10000 iters at S=100 (final stage). Stopping at iter 74132.
Stuck 10000 iters at S=100 (final stage). Stopping at iter 74133.
Stuck 10000 iters at S=100 (final stage). Stopping at iter 74134.
Stuck 10000 iters at S=100 (final stage). Stopping at iter 74135.
Stuck 10000 iters at S=100 (final stage). Stopping at iter 74136.
Stuck 10000 iters at S=100 (final stage). Stopping at iter 74137.
Stuck 10000 iters at S=100 (final stage). Stopping at iter 74138.
Stuck 10000 iters at S=100 (final stage). Stopping at iter 74139.
Stuck 10000 iters at S=100 (final stage). Stopping at iter 74140.
Stuck 10000 iters at S=100 (final stage). Stopping at iter 74141.
Stuck 10000 iters at S=100 (final stage). Stopping at iter 74142.
Stuck 10000 iters at S=100 (final stage). Stopping at iter 74143.
Stuck 10000 iters at S=100 (final stage). Stopping at iter 74144.
Stuck 10000 iters at S=100 (final stage). Stopping at iter 74145.
Stuck 10000 iters at S=100 (final stage). Stopping at iter 74146.
Stuck 10000 iters at S=100 (final stage). Stopping at iter 74147.
Stuck 10000 iters at S=100 (final stage). Stopping at iter 74148.
Stuck 10000 iters at S=100 (final stage). Stopping at iter 74149.
Stuck 10000 iters at S=100 (final stage). Stopping at iter 74150.
Stuck 10000 iters at S=100 (final stage). Stopping at iter 74151.
Stuck 10000 iters at S=100 (final stage). Stopping at iter 74152.
Stuck 10000 iters at S=100 (final stage). Stopping at iter 74153.
Stuck 10000 iters at S=100 (final stage). Stopping at iter 74154.
Stuck 10000 iters at S=100 (final stage). Stopping at iter 74155.
Stuck 10000 iters at S=100 (final stage). Stopping at iter 74156.
Stuck 10000 iters at S=100 (final stage). Stopping at iter 74157.
Stuck 10000 iters at S=100 (final stage). Stopping at iter 74158.
Stuck 10000 iters at S=100 (final stage). Stopping at iter 74159.
Stuck 10000 iters at S=100 (final stage). Stopping at iter 74160.
Stuck 10000 iters at S=100 (final stage). Stopping at iter 74161.
Stuck 10000 iters at S=100 (final stage). Stopping at iter 74162.
Stuck 10000 iters at S=100 (final stage). Stopping at iter 74163.
Stuck 10000 iters at S=100 (final stage). Stopping at iter 74164.
Stuck 10000 iters at S=100 (final stage). Stopping at iter 74165.
Stuck 10000 iters at S=100 (final stage). Stopping at iter 74166.
Stuck 10000 iters at S=100 (final stage). Stopping at iter 74167.
Stuck 10000 iters at S=100 (final stage). Stopping at iter 74168.
Stuck 10000 iters at S=100 (final stage). Stopping at iter 74169.
Stuck 10000 iters at S=100 (final stage). Stopping at iter 74170.
Stuck 10000 iters at S=100 (final stage). Stopping at iter 74171.
Stuck 10000 iters at S=100 (final stage). Stopping at iter 74172.
Stuck 10000 iters at S=100 (final stage). Stopping at iter 74173.
Stuck 10000 iters at S=100 (final stage). Stopping at iter 74174.
Stuck 10000 iters at S=100 (final stage). Stopping at iter 74175.
Stuck 10000 iters at S=100 (final stage). Stopping at iter 74176.
Stuck 10000 iters at S=100 (final stage). Stopping at iter 74177.
Stuck 10000 iters at S=100 (final stage). Stopping at iter 74178.
Stuck 10000 iters at S=100 (final stage). Stopping at iter 74179.
Stuck 10000 iters at S=100 (final stage). Stopping at iter 74180.
Stuck 10000 iters at S=100 (final stage). Stopping at iter 74181.
Stuck 10000 iters at S=100 (final stage). Stopping at iter 74182.
Stuck 10000 iters at S=100 (final stage). Stopping at iter 74183.
Stuck 10000 iters at S=100 (final stage). Stopping at iter 74184.
Stuck 10000 iters at S=100 (final stage). Stopping at iter 74185.
Stuck 10000 iters at S=100 (final stage). Stopping at iter 74186.
Stuck 10000 iters at S=100 (final stage). Stopping at iter 74187.
Stuck 10000 iters at S=100 (final stage). Stopping at iter 74188.
Stuck 10000 iters at S=100 (final stage). Stopping at iter 74189.
Stuck 10000 iters at S=100 (final stage). Stopping at iter 74190.
Stuck 10000 iters at S=100 (final stage). Stopping at iter 74191.
Stuck 10000 iters at S=100 (final stage). Stopping at iter 74192.
Stuck 10000 iters at S=100 (final stage). Stopping at iter 74193.
Stuck 10000 iters at S=100 (final stage). Stopping at iter 74194.
Stuck 10000 iters at S=100 (final stage). Stopping at iter 74195.
Stuck 10000 iters at S=100 (final stage). Stopping at iter 74196.
Stuck 10000 iters at S=100 (final stage). Stopping at iter 74197.
Stuck 10000 iters at S=100 (final stage). Stopping at iter 74198.
Stuck 10000 iters at S=100 (final stage). Stopping at iter 74199.
Stuck 10000 iters at S=100 (final stage). Stopping at iter 74200.
Stuck 10000 iters at S=100 (final stage). Stopping at iter 74201.
Stuck 10000 iters at S=100 (final stage). Stopping at iter 74202.
Stuck 10000 iters at S=100 (final stage). Stopping at iter 74203.
Stuck 10000 iters at S=100 (final stage). Stopping at iter 74204.
Stuck 10000 iters at S=100 (final stage). Stopping at iter 74205.
Stuck 10000 iters at S=100 (final stage). Stopping at iter 74206.
Stuck 10000 iters at S=100 (final stage). Stopping at iter 74207.
Stuck 10000 iters at S=100 (final stage). Stopping at iter 74208.
Stuck 10000 iters at S=100 (final stage). Stopping at iter 74209.
Stuck 10000 iters at S=100 (final stage). Stopping at iter 74210.
Stuck 10000 iters at S=100 (final stage). Stopping at iter 74211.
Stuck 10000 iters at S=100 (final stage). Stopping at iter 74212.
Stuck 10000 iters at S=100 (final stage). Stopping at iter 74213.
Stuck 10000 iters at S=100 (final stage). Stopping at iter 74214.
Stuck 10000 iters at S=100 (final stage). Stopping at iter 74215.
Stuck 10000 iters at S=100 (final stage). Stopping at iter 74216.
Stuck 10000 iters at S=100 (final stage). Stopping at iter 74217.
Stuck 10000 iters at S=100 (final stage). Stopping at iter 74218.
Stuck 10000 iters at S=100 (final stage). Stopping at iter 74219.
Stuck 10000 iters at S=100 (final stage). Stopping at iter 74220.
Stuck 10000 iters at S=100 (final stage). Stopping at iter 74221.
Stuck 10000 iters at S=100 (final stage). Stopping at iter 74222.
Stuck 10000 iters at S=100 (final stage). Stopping at iter 74223.
Stuck 10000 iters at S=100 (final stage). Stopping at iter 74224.
Stuck 10000 iters at S=100 (final stage). Stopping at iter 74225.
Stuck 10000 iters at S=100 (final stage). Stopping at iter 74226.
Stuck 10000 iters at S=100 (final stage). Stopping at iter 74227.
Stuck 10000 iters at S=100 (final stage). Stopping at iter 74228.
Stuck 10000 iters at S=100 (final stage). Stopping at iter 74229.
Stuck 10000 iters at S=100 (final stage). Stopping at iter 74230.
Stuck 10000 iters at S=100 (final stage). Stopping at iter 74231.
Stuck 10000 iters at S=100 (final stage). Stopping at iter 74232.
Stuck 10000 iters at S=100 (final stage). Stopping at iter 74233.
Stuck 10000 iters at S=100 (final stage). Stopping at iter 74234.
Stuck 10000 iters at S=100 (final stage). Stopping at iter 74235.
Stuck 10000 iters at S=100 (final stage). Stopping at iter 74236.
Stuck 10000 iters at S=100 (final stage). Stopping at iter 74237.
Stuck 10000 iters at S=100 (final stage). Stopping at iter 74238.
Stuck 10000 iters at S=100 (final stage). Stopping at iter 74239.
Stuck 10000 iters at S=100 (final stage). Stopping at iter 74240.
Stuck 10000 iters at S=100 (final stage). Stopping at iter 74241.
Stuck 10000 iters at S=100 (final stage). Stopping at iter 74242.
Stuck 10000 iters at S=100 (final stage). Stopping at iter 74243.
Stuck 10000 iters at S=100 (final stage). Stopping at iter 74244.
Stuck 10000 iters at S=100 (final stage). Stopping at iter 74245.
Stuck 10000 iters at S=100 (final stage). Stopping at iter 74246.
Stuck 10000 iters at S=100 (final stage). Stopping at iter 74247.
Stuck 10000 iters at S=100 (final stage). Stopping at iter 74248.
Stuck 10000 iters at S=100 (final stage). Stopping at iter 74249.
Stuck 10000 iters at S=100 (final stage). Stopping at iter 74250.
Stuck 10000 iters at S=100 (final stage). Stopping at iter 74251.
Stuck 10000 iters at S=100 (final stage). Stopping at iter 74252.
Stuck 10000 iters at S=100 (final stage). Stopping at iter 74253.
Stuck 10000 iters at S=100 (final stage). Stopping at iter 74254.
Stuck 10000 iters at S=100 (final stage). Stopping at iter 74255.
Stuck 10000 iters at S=100 (final stage). Stopping at iter 74256.
Stuck 10000 iters at S=100 (final stage). Stopping at iter 74257.
Stuck 10000 iters at S=100 (final stage). Stopping at iter 74258.
Stuck 10000 iters at S=100 (final stage). Stopping at iter 74259.
Stuck 10000 iters at S=100 (final stage). Stopping at iter 74260.
Stuck 10000 iters at S=100 (final stage). Stopping at iter 74261.
Stuck 10000 iters at S=100 (final stage). Stopping at iter 74262.
Stuck 10000 iters at S=100 (final stage). Stopping at iter 74263.
Stuck 10000 iters at S=100 (final stage). Stopping at iter 74264.
Stuck 10000 iters at S=100 (final stage). Stopping at iter 74265.
Stuck 10000 iters at S=100 (final stage). Stopping at iter 74266.
Stuck 10000 iters at S=100 (final stage). Stopping at iter 74267.
Stuck 10000 iters at S=100 (final stage). Stopping at iter 74268.
Stuck 10000 iters at S=100 (final stage). Stopping at iter 74269.
Stuck 10000 iters at S=100 (final stage). Stopping at iter 74270.
Stuck 10000 iters at S=100 (final stage). Stopping at iter 74271.
Stuck 10000 iters at S=100 (final stage). Stopping at iter 74272.
Stuck 10000 iters at S=100 (final stage). Stopping at iter 74273.
Stuck 10000 iters at S=100 (final stage). Stopping at iter 74274.
Stuck 10000 iters at S=100 (final stage). Stopping at iter 74275.
Stuck 10000 iters at S=100 (final stage). Stopping at iter 74276.
Stuck 10000 iters at S=100 (final stage). Stopping at iter 74277.
Stuck 10000 iters at S=100 (final stage). Stopping at iter 74278.
Stuck 10000 iters at S=100 (final stage). Stopping at iter 74279.
Stuck 10000 iters at S=100 (final stage). Stopping at iter 74280.
Stuck 10000 iters at S=100 (final stage). Stopping at iter 74281.
Stuck 10000 iters at S=100 (final stage). Stopping at iter 74282.
Stuck 10000 iters at S=100 (final stage). Stopping at iter 74283.
Stuck 10000 iters at S=100 (final stage). Stopping at iter 74284.
Stuck 10000 iters at S=100 (final stage). Stopping at iter 74285.
Stuck 10000 iters at S=100 (final stage). Stopping at iter 74286.
Stuck 10000 iters at S=100 (final stage). Stopping at iter 74287.
Stuck 10000 iters at S=100 (final stage). Stopping at iter 74288.
Stuck 10000 iters at S=100 (final stage). Stopping at iter 74289.
Stuck 10000 iters at S=100 (final stage). Stopping at iter 74290.
Stuck 10000 iters at S=100 (final stage). Stopping at iter 74291.
Stuck 10000 iters at S=100 (final stage). Stopping at iter 74292.
Stuck 10000 iters at S=100 (final stage). Stopping at iter 74293.
Stuck 10000 iters at S=100 (final stage). Stopping at iter 74294.
Stuck 10000 iters at S=100 (final stage). Stopping at iter 74295.
Stuck 10000 iters at S=100 (final stage). Stopping at iter 74296.
Stuck 10000 iters at S=100 (final stage). Stopping at iter 74297.
Stuck 10000 iters at S=100 (final stage). Stopping at iter 74298.
Stuck 10000 iters at S=100 (final stage). Stopping at iter 74299.
Stuck 10000 iters at S=100 (final stage). Stopping at iter 74300.
Stuck 10000 iters at S=100 (final stage). Stopping at iter 74301.
Stuck 10000 iters at S=100 (final stage). Stopping at iter 74302.
Stuck 10000 iters at S=100 (final stage). Stopping at iter 74303.
Stuck 10000 iters at S=100 (final stage). Stopping at iter 74304.
Stuck 10000 iters at S=100 (final stage). Stopping at iter 74305.
Stuck 10000 iters at S=100 (final stage). Stopping at iter 74306.
Stuck 10000 iters at S=100 (final stage). Stopping at iter 74307.
Stuck 10000 iters at S=100 (final stage). Stopping at iter 74308.
Stuck 10000 iters at S=100 (final stage). Stopping at iter 74309.
Stuck 10000 iters at S=100 (final stage). Stopping at iter 74310.
Stuck 10000 iters at S=100 (final stage). Stopping at iter 74311.
Stuck 10000 iters at S=100 (final stage). Stopping at iter 74312.
Stuck 10000 iters at S=100 (final stage). Stopping at iter 74313.
Stuck 10000 iters at S=100 (final stage). Stopping at iter 74314.
Stuck 10000 iters at S=100 (final stage). Stopping at iter 74315.
Stuck 10000 iters at S=100 (final stage). Stopping at iter 74316.
Stuck 10000 iters at S=100 (final stage). Stopping at iter 74317.
Stuck 10000 iters at S=100 (final stage). Stopping at iter 74318.
Stuck 10000 iters at S=100 (final stage). Stopping at iter 74319.
Stuck 10000 iters at S=100 (final stage). Stopping at iter 74320.
Stuck 10000 iters at S=100 (final stage). Stopping at iter 74321.
Stuck 10000 iters at S=100 (final stage). Stopping at iter 74322.
Stuck 10000 iters at S=100 (final stage). Stopping at iter 74323.
Stuck 10000 iters at S=100 (final stage). Stopping at iter 74324.
Stuck 10000 iters at S=100 (final stage). Stopping at iter 74325.
Stuck 10000 iters at S=100 (final stage). Stopping at iter 74326.
Stuck 10000 iters at S=100 (final stage). Stopping at iter 74327.
Stuck 10000 iters at S=100 (final stage). Stopping at iter 74328.
Stuck 10000 iters at S=100 (final stage). Stopping at iter 74329.
Stuck 10000 iters at S=100 (final stage). Stopping at iter 74330.
Stuck 10000 iters at S=100 (final stage). Stopping at iter 74331.
Stuck 10000 iters at S=100 (final stage). Stopping at iter 74332.
Stuck 10000 iters at S=100 (final stage). Stopping at iter 74333.
Stuck 10000 iters at S=100 (final stage). Stopping at iter 74334.
Stuck 10000 iters at S=100 (final stage). Stopping at iter 74335.
Stuck 10000 iters at S=100 (final stage). Stopping at iter 74336.
Stuck 10000 iters at S=100 (final stage). Stopping at iter 74337.
Stuck 10000 iters at S=100 (final stage). Stopping at iter 74338.
Stuck 10000 iters at S=100 (final stage). Stopping at iter 74339.
Stuck 10000 iters at S=100 (final stage). Stopping at iter 74340.
Stuck 10000 iters at S=100 (final stage). Stopping at iter 74341.
Stuck 10000 iters at S=100 (final stage). Stopping at iter 74342.
Stuck 10000 iters at S=100 (final stage). Stopping at iter 74343.
Stuck 10000 iters at S=100 (final stage). Stopping at iter 74344.
Stuck 10000 iters at S=100 (final stage). Stopping at iter 74345.
Stuck 10000 iters at S=100 (final stage). Stopping at iter 74346.
Stuck 10000 iters at S=100 (final stage). Stopping at iter 74347.
Stuck 10000 iters at S=100 (final stage). Stopping at iter 74348.
Stuck 10000 iters at S=100 (final stage). Stopping at iter 74349.
Stuck 10000 iters at S=100 (final stage). Stopping at iter 74350.
Stuck 10000 iters at S=100 (final stage). Stopping at iter 74351.
Stuck 10000 iters at S=100 (final stage). Stopping at iter 74352.
Stuck 10000 iters at S=100 (final stage). Stopping at iter 74353.
Stuck 10000 iters at S=100 (final stage). Stopping at iter 74354.
Stuck 10000 iters at S=100 (final stage). Stopping at iter 74355.
Stuck 10000 iters at S=100 (final stage). Stopping at iter 74356.
Stuck 10000 iters at S=100 (final stage). Stopping at iter 74357.
Stuck 10000 iters at S=100 (final stage). Stopping at iter 74358.
Stuck 10000 iters at S=100 (final stage). Stopping at iter 74359.
Stuck 10000 iters at S=100 (final stage). Stopping at iter 74360.
Stuck 10000 iters at S=100 (final stage). Stopping at iter 74361.
Stuck 10000 iters at S=100 (final stage). Stopping at iter 74362.
Stuck 10000 iters at S=100 (final stage). Stopping at iter 74363.
Stuck 10000 iters at S=100 (final stage). Stopping at iter 74364.
Stuck 10000 iters at S=100 (final stage). Stopping at iter 74365.
Stuck 10000 iters at S=100 (final stage). Stopping at iter 74366.
Stuck 10000 iters at S=100 (final stage). Stopping at iter 74367.
Stuck 10000 iters at S=100 (final stage). Stopping at iter 74368.
Stuck 10000 iters at S=100 (final stage). Stopping at iter 74369.
Stuck 10000 iters at S=100 (final stage). Stopping at iter 74370.
Stuck 10000 iters at S=100 (final stage). Stopping at iter 74371.
Stuck 10000 iters at S=100 (final stage). Stopping at iter 74372.
Stuck 10000 iters at S=100 (final stage). Stopping at iter 74373.
Stuck 10000 iters at S=100 (final stage). Stopping at iter 74374.
Stuck 10000 iters at S=100 (final stage). Stopping at iter 74375.
Stuck 10000 iters at S=100 (final stage). Stopping at iter 74376.
Stuck 10000 iters at S=100 (final stage). Stopping at iter 74377.
Stuck 10000 iters at S=100 (final stage). Stopping at iter 74378.
Stuck 10000 iters at S=100 (final stage). Stopping at iter 74379.
Stuck 10000 iters at S=100 (final stage). Stopping at iter 74380.
Stuck 10000 iters at S=100 (final stage). Stopping at iter 74381.
Stuck 10000 iters at S=100 (final stage). Stopping at iter 74382.
Stuck 10000 iters at S=100 (final stage). Stopping at iter 74383.
Stuck 10000 iters at S=100 (final stage). Stopping at iter 74384.
Stuck 10000 iters at S=100 (final stage). Stopping at iter 74385.
Stuck 10000 iters at S=100 (final stage). Stopping at iter 74386.
Stuck 10000 iters at S=100 (final stage). Stopping at iter 74387.
Stuck 10000 iters at S=100 (final stage). Stopping at iter 74388.
Stuck 10000 iters at S=100 (final stage). Stopping at iter 74389.
Stuck 10000 iters at S=100 (final stage). Stopping at iter 74390.
Stuck 10000 iters at S=100 (final stage). Stopping at iter 74391.
Stuck 10000 iters at S=100 (final stage). Stopping at iter 74392.
Stuck 10000 iters at S=100 (final stage). Stopping at iter 74393.
Stuck 10000 iters at S=100 (final stage). Stopping at iter 74394.
Stuck 10000 iters at S=100 (final stage). Stopping at iter 74395.
Stuck 10000 iters at S=100 (final stage). Stopping at iter 74396.
Stuck 10000 iters at S=100 (final stage). Stopping at iter 74397.
Stuck 10000 iters at S=100 (final stage). Stopping at iter 74398.
Stuck 10000 iters at S=100 (final stage). Stopping at iter 74399.
Stuck 10000 iters at S=100 (final stage). Stopping at iter 74400.
Stuck 10000 iters at S=100 (final stage). Stopping at iter 74401.
Stuck 10000 iters at S=100 (final stage). Stopping at iter 74402.
Stuck 10000 iters at S=100 (final stage). Stopping at iter 74403.
Stuck 10000 iters at S=100 (final stage). Stopping at iter 74404.
Stuck 10000 iters at S=100 (final stage). Stopping at iter 74405.
Stuck 10000 iters at S=100 (final stage). Stopping at iter 74406.
Stuck 10000 iters at S=100 (final stage). Stopping at iter 74407.
Stuck 10000 iters at S=100 (final stage). Stopping at iter 74408.
Stuck 10000 iters at S=100 (final stage). Stopping at iter 74409.
Stuck 10000 iters at S=100 (final stage). Stopping at iter 74410.
Stuck 10000 iters at S=100 (final stage). Stopping at iter 74411.
Stuck 10000 iters at S=100 (final stage). Stopping at iter 74412.
Stuck 10000 iters at S=100 (final stage). Stopping at iter 74413.
Stuck 10000 iters at S=100 (final stage). Stopping at iter 74414.
Stuck 10000 iters at S=100 (final stage). Stopping at iter 74415.
Stuck 10000 iters at S=100 (final stage). Stopping at iter 74416.
Stuck 10000 iters at S=100 (final stage). Stopping at iter 74417.
Stuck 10000 iters at S=100 (final stage). Stopping at iter 74418.
Stuck 10000 iters at S=100 (final stage). Stopping at iter 74419.
Stuck 10000 iters at S=100 (final stage). Stopping at iter 74420.
Stuck 10000 iters at S=100 (final stage). Stopping at iter 74421.
Stuck 10000 iters at S=100 (final stage). Stopping at iter 74422.
Stuck 10000 iters at S=100 (final stage). Stopping at iter 74423.
Stuck 10000 iters at S=100 (final stage). Stopping at iter 74424.
Stuck 10000 iters at S=100 (final stage). Stopping at iter 74425.
Stuck 10000 iters at S=100 (final stage). Stopping at iter 74426.
Stuck 10000 iters at S=100 (final stage). Stopping at iter 74427.
Stuck 10000 iters at S=100 (final stage). Stopping at iter 74428.
Stuck 10000 iters at S=100 (final stage). Stopping at iter 74429.
Stuck 10000 iters at S=100 (final stage). Stopping at iter 74430.
Stuck 10000 iters at S=100 (final stage). Stopping at iter 74431.
Stuck 10000 iters at S=100 (final stage). Stopping at iter 74432.
Stuck 10000 iters at S=100 (final stage). Stopping at iter 74433.
Stuck 10000 iters at S=100 (final stage). Stopping at iter 74434.
Stuck 10000 iters at S=100 (final stage). Stopping at iter 74435.
Stuck 10000 iters at S=100 (final stage). Stopping at iter 74436.
Stuck 10000 iters at S=100 (final stage). Stopping at iter 74437.
Stuck 10000 iters at S=100 (final stage). Stopping at iter 74438.
Stuck 10000 iters at S=100 (final stage). Stopping at iter 74439.
Stuck 10000 iters at S=100 (final stage). Stopping at iter 74440.
Stuck 10000 iters at S=100 (final stage). Stopping at iter 74441.
Stuck 10000 iters at S=100 (final stage). Stopping at iter 74442.
Stuck 10000 iters at S=100 (final stage). Stopping at iter 74443.
Stuck 10000 iters at S=100 (final stage). Stopping at iter 74444.
Stuck 10000 iters at S=100 (final stage). Stopping at iter 74445.
Stuck 10000 iters at S=100 (final stage). Stopping at iter 74446.
Stuck 10000 iters at S=100 (final stage). Stopping at iter 74447.
Stuck 10000 iters at S=100 (final stage). Stopping at iter 74448.
Stuck 10000 iters at S=100 (final stage). Stopping at iter 74449.
Stuck 10000 iters at S=100 (final stage). Stopping at iter 74450.
Stuck 10000 iters at S=100 (final stage). Stopping at iter 74451.
Stuck 10000 iters at S=100 (final stage). Stopping at iter 74452.
Stuck 10000 iters at S=100 (final stage). Stopping at iter 74453.
Stuck 10000 iters at S=100 (final stage). Stopping at iter 74454.
Stuck 10000 iters at S=100 (final stage). Stopping at iter 74455.
Stuck 10000 iters at S=100 (final stage). Stopping at iter 74456.
Stuck 10000 iters at S=100 (final stage). Stopping at iter 74457.
Stuck 10000 iters at S=100 (final stage). Stopping at iter 74458.
Stuck 10000 iters at S=100 (final stage). Stopping at iter 74459.
Stuck 10000 iters at S=100 (final stage). Stopping at iter 74460.
Stuck 10000 iters at S=100 (final stage). Stopping at iter 74461.
Stuck 10000 iters at S=100 (final stage). Stopping at iter 74462.
Stuck 10000 iters at S=100 (final stage). Stopping at iter 74463.
Stuck 10000 iters at S=100 (final stage). Stopping at iter 74464.
Stuck 10000 iters at S=100 (final stage). Stopping at iter 74465.
Stuck 10000 iters at S=100 (final stage). Stopping at iter 74466.
Stuck 10000 iters at S=100 (final stage). Stopping at iter 74467.
Stuck 10000 iters at S=100 (final stage). Stopping at iter 74468.
Stuck 10000 iters at S=100 (final stage). Stopping at iter 74469.
Stuck 10000 iters at S=100 (final stage). Stopping at iter 74470.
Stuck 10000 iters at S=100 (final stage). Stopping at iter 74471.
Stuck 10000 iters at S=100 (final stage). Stopping at iter 74472.
Stuck 10000 iters at S=100 (final stage). Stopping at iter 74473.
Stuck 10000 iters at S=100 (final stage). Stopping at iter 74474.
Stuck 10000 iters at S=100 (final stage). Stopping at iter 74475.
Stuck 10000 iters at S=100 (final stage). Stopping at iter 74476.
Stuck 10000 iters at S=100 (final stage). Stopping at iter 74477.
Stuck 10000 iters at S=100 (final stage). Stopping at iter 74478.
Stuck 10000 iters at S=100 (final stage). Stopping at iter 74479.
Stuck 10000 iters at S=100 (final stage). Stopping at iter 74480.
Stuck 10000 iters at S=100 (final stage). Stopping at iter 74481.
Stuck 10000 iters at S=100 (final stage). Stopping at iter 74482.
Stuck 10000 iters at S=100 (final stage). Stopping at iter 74483.
Stuck 10000 iters at S=100 (final stage). Stopping at iter 74484.
Stuck 10000 iters at S=100 (final stage). Stopping at iter 74485.
Stuck 10000 iters at S=100 (final stage). Stopping at iter 74486.
Stuck 10000 iters at S=100 (final stage). Stopping at iter 74487.
Stuck 10000 iters at S=100 (final stage). Stopping at iter 74488.
Stuck 10000 iters at S=100 (final stage). Stopping at iter 74489.
Stuck 10000 iters at S=100 (final stage). Stopping at iter 74490.
Stuck 10000 iters at S=100 (final stage). Stopping at iter 74491.
Stuck 10000 iters at S=100 (final stage). Stopping at iter 74492.
Stuck 10000 iters at S=100 (final stage). Stopping at iter 74493.
Stuck 10000 iters at S=100 (final stage). Stopping at iter 74494.
Stuck 10000 iters at S=100 (final stage). Stopping at iter 74495.
Stuck 10000 iters at S=100 (final stage). Stopping at iter 74496.
Stuck 10000 iters at S=100 (final stage). Stopping at iter 74497.
Stuck 10000 iters at S=100 (final stage). Stopping at iter 74498.
Stuck 10000 iters at S=100 (final stage). Stopping at iter 74499.
Stuck 10000 iters at S=100 (final stage). Stopping at iter 74500.
Stuck 10000 iters at S=100 (final stage). Stopping at iter 74501.
Stuck 10000 iters at S=100 (final stage). Stopping at iter 74502.
Stuck 10000 iters at S=100 (final stage). Stopping at iter 74503.
Stuck 10000 iters at S=100 (final stage). Stopping at iter 74504.
Stuck 10000 iters at S=100 (final stage). Stopping at iter 74505.
Stuck 10000 iters at S=100 (final stage). Stopping at iter 74506.
Stuck 10000 iters at S=100 (final stage). Stopping at iter 74507.
Stuck 10000 iters at S=100 (final stage). Stopping at iter 74508.
Stuck 10000 iters at S=100 (final stage). Stopping at iter 74509.
Stuck 10000 iters at S=100 (final stage). Stopping at iter 74510.
Stuck 10000 iters at S=100 (final stage). Stopping at iter 74511.
Stuck 10000 iters at S=100 (final stage). Stopping at iter 74512.
Stuck 10000 iters at S=100 (final stage). Stopping at iter 74513.
Stuck 10000 iters at S=100 (final stage). Stopping at iter 74514.
Stuck 10000 iters at S=100 (final stage). Stopping at iter 74515.
Stuck 10000 iters at S=100 (final stage). Stopping at iter 74516.
Stuck 10000 iters at S=100 (final stage). Stopping at iter 74517.
Stuck 10000 iters at S=100 (final stage). Stopping at iter 74518.
Stuck 10000 iters at S=100 (final stage). Stopping at iter 74519.
Stuck 10000 iters at S=100 (final stage). Stopping at iter 74520.
Stuck 10000 iters at S=100 (final stage). Stopping at iter 74521.
Stuck 10000 iters at S=100 (final stage). Stopping at iter 74522.
Stuck 10000 iters at S=100 (final stage). Stopping at iter 74523.
Stuck 10000 iters at S=100 (final stage). Stopping at iter 74524.
Stuck 10000 iters at S=100 (final stage). Stopping at iter 74525.
Stuck 10000 iters at S=100 (final stage). Stopping at iter 74526.
Stuck 10000 iters at S=100 (final stage). Stopping at iter 74527.
Stuck 10000 iters at S=100 (final stage). Stopping at iter 74528.
Stuck 10000 iters at S=100 (final stage). Stopping at iter 74529.
Stuck 10000 iters at S=100 (final stage). Stopping at iter 74530.
Stuck 10000 iters at S=100 (final stage). Stopping at iter 74531.
Stuck 10000 iters at S=100 (final stage). Stopping at iter 74532.
Stuck 10000 iters at S=100 (final stage). Stopping at iter 74533.
Stuck 10000 iters at S=100 (final stage). Stopping at iter 74534.
Stuck 10000 iters at S=100 (final stage). Stopping at iter 74535.
Stuck 10000 iters at S=100 (final stage). Stopping at iter 74536.
Stuck 10000 iters at S=100 (final stage). Stopping at iter 74537.
Stuck 10000 iters at S=100 (final stage). Stopping at iter 74538.
Stuck 10000 iters at S=100 (final stage). Stopping at iter 74539.
Stuck 10000 iters at S=100 (final stage). Stopping at iter 74540.
Stuck 10000 iters at S=100 (final stage). Stopping at iter 74541.
Stuck 10000 iters at S=100 (final stage). Stopping at iter 74542.
Stuck 10000 iters at S=100 (final stage). Stopping at iter 74543.
Stuck 10000 iters at S=100 (final stage). Stopping at iter 74544.
Stuck 10000 iters at S=100 (final stage). Stopping at iter 74545.
Stuck 10000 iters at S=100 (final stage). Stopping at iter 74546.
Stuck 10000 iters at S=100 (final stage). Stopping at iter 74547.
Stuck 10000 iters at S=100 (final stage). Stopping at iter 74548.
Stuck 10000 iters at S=100 (final stage). Stopping at iter 74549.
Stuck 10000 iters at S=100 (final stage). Stopping at iter 74550.
Stuck 10000 iters at S=100 (final stage). Stopping at iter 74551.
Stuck 10000 iters at S=100 (final stage). Stopping at iter 74552.
Stuck 10000 iters at S=100 (final stage). Stopping at iter 74553.
Stuck 10000 iters at S=100 (final stage). Stopping at iter 74554.
Stuck 10000 iters at S=100 (final stage). Stopping at iter 74555.
Stuck 10000 iters at S=100 (final stage). Stopping at iter 74556.
Stuck 10000 iters at S=100 (final stage). Stopping at iter 74557.
Stuck 10000 iters at S=100 (final stage). Stopping at iter 74558.
Stuck 10000 iters at S=100 (final stage). Stopping at iter 74559.
Stuck 10000 iters at S=100 (final stage). Stopping at iter 74560.
Stuck 10000 iters at S=100 (final stage). Stopping at iter 74561.
Stuck 10000 iters at S=100 (final stage). Stopping at iter 74562.
Stuck 10000 iters at S=100 (final stage). Stopping at iter 74563.
Stuck 10000 iters at S=100 (final stage). Stopping at iter 74564.
Stuck 10000 iters at S=100 (final stage). Stopping at iter 74565.
Stuck 10000 iters at S=100 (final stage). Stopping at iter 74566.
Stuck 10000 iters at S=100 (final stage). Stopping at iter 74567.
Stuck 10000 iters at S=100 (final stage). Stopping at iter 74568.
Stuck 10000 iters at S=100 (final stage). Stopping at iter 74569.
Stuck 10000 iters at S=100 (final stage). Stopping at iter 74570.
Stuck 10000 iters at S=100 (final stage). Stopping at iter 74571.
Stuck 10000 iters at S=100 (final stage). Stopping at iter 74572.
Stuck 10000 iters at S=100 (final stage). Stopping at iter 74573.
Stuck 10000 iters at S=100 (final stage). Stopping at iter 74574.
Stuck 10000 iters at S=100 (final stage). Stopping at iter 74575.
Stuck 10000 iters at S=100 (final stage). Stopping at iter 74576.
Stuck 10000 iters at S=100 (final stage). Stopping at iter 74577.
Stuck 10000 iters at S=100 (final stage). Stopping at iter 74578.
Stuck 10000 iters at S=100 (final stage). Stopping at iter 74579.
Stuck 10000 iters at S=100 (final stage). Stopping at iter 74580.
Stuck 10000 iters at S=100 (final stage). Stopping at iter 74581.
Stuck 10000 iters at S=100 (final stage). Stopping at iter 74582.
Stuck 10000 iters at S=100 (final stage). Stopping at iter 74583.
Stuck 10000 iters at S=100 (final stage). Stopping at iter 74584.
Stuck 10000 iters at S=100 (final stage). Stopping at iter 74585.
Stuck 10000 iters at S=100 (final stage). Stopping at iter 74586.
Stuck 10000 iters at S=100 (final stage). Stopping at iter 74587.
Stuck 10000 iters at S=100 (final stage). Stopping at iter 74588.
Stuck 10000 iters at S=100 (final stage). Stopping at iter 74589.
Stuck 10000 iters at S=100 (final stage). Stopping at iter 74590.
Stuck 10000 iters at S=100 (final stage). Stopping at iter 74591.
Stuck 10000 iters at S=100 (final stage). Stopping at iter 74592.
Stuck 10000 iters at S=100 (final stage). Stopping at iter 74593.
Stuck 10000 iters at S=100 (final stage). Stopping at iter 74594.
Stuck 10000 iters at S=100 (final stage). Stopping at iter 74595.
Stuck 10000 iters at S=100 (final stage). Stopping at iter 74596.
Stuck 10000 iters at S=100 (final stage). Stopping at iter 74597.
Stuck 10000 iters at S=100 (final stage). Stopping at iter 74598.
Stuck 10000 iters at S=100 (final stage). Stopping at iter 74599.
Stuck 10000 iters at S=100 (final stage). Stopping at iter 74600.
Stuck 10000 iters at S=100 (final stage). Stopping at iter 74601.
Stuck 10000 iters at S=100 (final stage). Stopping at iter 74602.
Stuck 10000 iters at S=100 (final stage). Stopping at iter 74603.
Stuck 10000 iters at S=100 (final stage). Stopping at iter 74604.
Stuck 10000 iters at S=100 (final stage). Stopping at iter 74605.
Stuck 10000 iters at S=100 (final stage). Stopping at iter 74606.
Stuck 10000 iters at S=100 (final stage). Stopping at iter 74607.
Stuck 10000 iters at S=100 (final stage). Stopping at iter 74608.
Stuck 10000 iters at S=100 (final stage). Stopping at iter 74609.
Stuck 10000 iters at S=100 (final stage). Stopping at iter 74610.
Stuck 10000 iters at S=100 (final stage). Stopping at iter 74611.
Stuck 10000 iters at S=100 (final stage). Stopping at iter 74612.
Stuck 10000 iters at S=100 (final stage). Stopping at iter 74613.
Stuck 10000 iters at S=100 (final stage). Stopping at iter 74614.
Stuck 10000 iters at S=100 (final stage). Stopping at iter 74615.
Stuck 10000 iters at S=100 (final stage). Stopping at iter 74616.
Stuck 10000 iters at S=100 (final stage). Stopping at iter 74617.
Stuck 10000 iters at S=100 (final stage). Stopping at iter 74618.
Stuck 10000 iters at S=100 (final stage). Stopping at iter 74619.
S=100 improved -> 38.75503 at iter 74620
S=100 improved -> 38.76879 at iter 80900
S=100 improved -> 39.78303 at iter 84248
S=100 improved -> 40.32288 at iter 87750
Stuck 10000 iters at S=100 (final stage). Stopping at iter 97750.
Stuck 10000 iters at S=100 (final stage). Stopping at iter 97751.
Stuck 10000 iters at S=100 (final stage). Stopping at iter 97752.
Stuck 10000 iters at S=100 (final stage). Stopping at iter 97753.
Stuck 10000 iters at S=100 (final stage). Stopping at iter 97754.
Stuck 10000 iters at S=100 (final stage). Stopping at iter 97755.
Stuck 10000 iters at S=100 (final stage). Stopping at iter 97756.
Stuck 10000 iters at S=100 (final stage). Stopping at iter 97757.
Stuck 10000 iters at S=100 (final stage). Stopping at iter 97758.
Stuck 10000 iters at S=100 (final stage). Stopping at iter 97759.
Stuck 10000 iters at S=100 (final stage). Stopping at iter 97760.
Stuck 10000 iters at S=100 (final stage). Stopping at iter 97761.
Stuck 10000 iters at S=100 (final stage). Stopping at iter 97762.
Stuck 10000 iters at S=100 (final stage). Stopping at iter 97763.
Stuck 10000 iters at S=100 (final stage). Stopping at iter 97764.
Stuck 10000 iters at S=100 (final stage). Stopping at iter 97765.
Stuck 10000 iters at S=100 (final stage). Stopping at iter 97766.
Stuck 10000 iters at S=100 (final stage). Stopping at iter 97767.
Stuck 10000 iters at S=100 (final stage). Stopping at iter 97768.
Stuck 10000 iters at S=100 (final stage). Stopping at iter 97769.
Stuck 10000 iters at S=100 (final stage). Stopping at iter 97770.
Stuck 10000 iters at S=100 (final stage). Stopping at iter 97771.
Stuck 10000 iters at S=100 (final stage). Stopping at iter 97772.
Stuck 10000 iters at S=100 (final stage). Stopping at iter 97773.
Stuck 10000 iters at S=100 (final stage). Stopping at iter 97774.
Stuck 10000 iters at S=100 (final stage). Stopping at iter 97775.
Stuck 10000 iters at S=100 (final stage). Stopping at iter 97776.
Stuck 10000 iters at S=100 (final stage). Stopping at iter 97777.
Stuck 10000 iters at S=100 (final stage). Stopping at iter 97778.
Stuck 10000 iters at S=100 (final stage). Stopping at iter 97779.
Stuck 10000 iters at S=100 (final stage). Stopping at iter 97780.
Stuck 10000 iters at S=100 (final stage). Stopping at iter 97781.
Stuck 10000 iters at S=100 (final stage). Stopping at iter 97782.
Stuck 10000 iters at S=100 (final stage). Stopping at iter 97783.
Stuck 10000 iters at S=100 (final stage). Stopping at iter 97784.
Stuck 10000 iters at S=100 (final stage). Stopping at iter 97785.
Stuck 10000 iters at S=100 (final stage). Stopping at iter 97786.
Stuck 10000 iters at S=100 (final stage). Stopping at iter 97787.
Stuck 10000 iters at S=100 (final stage). Stopping at iter 97788.
Stuck 10000 iters at S=100 (final stage). Stopping at iter 97789.
Stuck 10000 iters at S=100 (final stage). Stopping at iter 97790.
Stuck 10000 iters at S=100 (final stage). Stopping at iter 97791.
Stuck 10000 iters at S=100 (final stage). Stopping at iter 97792.
Stuck 10000 iters at S=100 (final stage). Stopping at iter 97793.
Stuck 10000 iters at S=100 (final stage). Stopping at iter 97794.
Stuck 10000 iters at S=100 (final stage). Stopping at iter 97795.
Stuck 10000 iters at S=100 (final stage). Stopping at iter 97796.
Stuck 10000 iters at S=100 (final stage). Stopping at iter 97797.
Stuck 10000 iters at S=100 (final stage). Stopping at iter 97798.
Stuck 10000 iters at S=100 (final stage). Stopping at iter 97799.
Stuck 10000 iters at S=100 (final stage). Stopping at iter 97800.
Stuck 10000 iters at S=100 (final stage). Stopping at iter 97801.
Stuck 10000 iters at S=100 (final stage). Stopping at iter 97802.
Stuck 10000 iters at S=100 (final stage). Stopping at iter 97803.
Stuck 10000 iters at S=100 (final stage). Stopping at iter 97804.
Stuck 10000 iters at S=100 (final stage). Stopping at iter 97805.
Stuck 10000 iters at S=100 (final stage). Stopping at iter 97806.
Stuck 10000 iters at S=100 (final stage). Stopping at iter 97807.
Stuck 10000 iters at S=100 (final stage). Stopping at iter 97808.
Stuck 10000 iters at S=100 (final stage). Stopping at iter 97809.
Stuck 10000 iters at S=100 (final stage). Stopping at iter 97810.
Stuck 10000 iters at S=100 (final stage). Stopping at iter 97811.
Stuck 10000 iters at S=100 (final stage). Stopping at iter 97812.
Stuck 10000 iters at S=100 (final stage). Stopping at iter 97813.
Stuck 10000 iters at S=100 (final stage). Stopping at iter 97814.
Stuck 10000 iters at S=100 (final stage). Stopping at iter 97815.
Stuck 10000 iters at S=100 (final stage). Stopping at iter 97816.
Stuck 10000 iters at S=100 (final stage). Stopping at iter 97817.
Stuck 10000 iters at S=100 (final stage). Stopping at iter 97818.
Stuck 10000 iters at S=100 (final stage). Stopping at iter 97819.
Stuck 10000 iters at S=100 (final stage). Stopping at iter 97820.
Stuck 10000 iters at S=100 (final stage). Stopping at iter 97821.
Stuck 10000 iters at S=100 (final stage). Stopping at iter 97822.
Stuck 10000 iters at S=100 (final stage). Stopping at iter 97823.
Stuck 10000 iters at S=100 (final stage). Stopping at iter 97824.
Stuck 10000 iters at S=100 (final stage). Stopping at iter 97825.
Stuck 10000 iters at S=100 (final stage). Stopping at iter 97826.
Stuck 10000 iters at S=100 (final stage). Stopping at iter 97827.
Stuck 10000 iters at S=100 (final stage). Stopping at iter 97828.
Stuck 10000 iters at S=100 (final stage). Stopping at iter 97829.
Stuck 10000 iters at S=100 (final stage). Stopping at iter 97830.
Stuck 10000 iters at S=100 (final stage). Stopping at iter 97831.
Stuck 10000 iters at S=100 (final stage). Stopping at iter 97832.
Stuck 10000 iters at S=100 (final stage). Stopping at iter 97833.
Stuck 10000 iters at S=100 (final stage). Stopping at iter 97834.
Stuck 10000 iters at S=100 (final stage). Stopping at iter 97835.
Stuck 10000 iters at S=100 (final stage). Stopping at iter 97836.
Stuck 10000 iters at S=100 (final stage). Stopping at iter 97837.
Stuck 10000 iters at S=100 (final stage). Stopping at iter 97838.
Stuck 10000 iters at S=100 (final stage). Stopping at iter 97839.
Stuck 10000 iters at S=100 (final stage). Stopping at iter 97840.
Stuck 10000 iters at S=100 (final stage). Stopping at iter 97841.
Stuck 10000 iters at S=100 (final stage). Stopping at iter 97842.
Stuck 10000 iters at S=100 (final stage). Stopping at iter 97843.
Stuck 10000 iters at S=100 (final stage). Stopping at iter 97844.
Stuck 10000 iters at S=100 (final stage). Stopping at iter 97845.
Stuck 10000 iters at S=100 (final stage). Stopping at iter 97846.
Stuck 10000 iters at S=100 (final stage). Stopping at iter 97847.
Stuck 10000 iters at S=100 (final stage). Stopping at iter 97848.
Stuck 10000 iters at S=100 (final stage). Stopping at iter 97849.
Stuck 10000 iters at S=100 (final stage). Stopping at iter 97850.
Stuck 10000 iters at S=100 (final stage). Stopping at iter 97851.
Stuck 10000 iters at S=100 (final stage). Stopping at iter 97852.
Stuck 10000 iters at S=100 (final stage). Stopping at iter 97853.
Stuck 10000 iters at S=100 (final stage). Stopping at iter 97854.
Stuck 10000 iters at S=100 (final stage). Stopping at iter 97855.
Stuck 10000 iters at S=100 (final stage). Stopping at iter 97856.
Stuck 10000 iters at S=100 (final stage). Stopping at iter 97857.
Stuck 10000 iters at S=100 (final stage). Stopping at iter 97858.
Stuck 10000 iters at S=100 (final stage). Stopping at iter 97859.
Stuck 10000 iters at S=100 (final stage). Stopping at iter 97860.
Stuck 10000 iters at S=100 (final stage). Stopping at iter 97861.
Stuck 10000 iters at S=100 (final stage). Stopping at iter 97862.
Stuck 10000 iters at S=100 (final stage). Stopping at iter 97863.
Stuck 10000 iters at S=100 (final stage). Stopping at iter 97864.
Stuck 10000 iters at S=100 (final stage). Stopping at iter 97865.
Stuck 10000 iters at S=100 (final stage). Stopping at iter 97866.
Stuck 10000 iters at S=100 (final stage). Stopping at iter 97867.
Stuck 10000 iters at S=100 (final stage). Stopping at iter 97868.
Stuck 10000 iters at S=100 (final stage). Stopping at iter 97869.
Stuck 10000 iters at S=100 (final stage). Stopping at iter 97870.
Stuck 10000 iters at S=100 (final stage). Stopping at iter 97871.
Stuck 10000 iters at S=100 (final stage). Stopping at iter 97872.
Stuck 10000 iters at S=100 (final stage). Stopping at iter 97873.
Stuck 10000 iters at S=100 (final stage). Stopping at iter 97874.
Stuck 10000 iters at S=100 (final stage). Stopping at iter 97875.
Stuck 10000 iters at S=100 (final stage). Stopping at iter 97876.
Stuck 10000 iters at S=100 (final stage). Stopping at iter 97877.
Stuck 10000 iters at S=100 (final stage). Stopping at iter 97878.
Stuck 10000 iters at S=100 (final stage). Stopping at iter 97879.
Stuck 10000 iters at S=100 (final stage). Stopping at iter 97880.
Stuck 10000 iters at S=100 (final stage). Stopping at iter 97881.
Stuck 10000 iters at S=100 (final stage). Stopping at iter 97882.
Stuck 10000 iters at S=100 (final stage). Stopping at iter 97883.
Stuck 10000 iters at S=100 (final stage). Stopping at iter 97884.
Stuck 10000 iters at S=100 (final stage). Stopping at iter 97885.
Stuck 10000 iters at S=100 (final stage). Stopping at iter 97886.
Stuck 10000 iters at S=100 (final stage). Stopping at iter 97887.
Stuck 10000 iters at S=100 (final stage). Stopping at iter 97888.
Stuck 10000 iters at S=100 (final stage). Stopping at iter 97889.
Stuck 10000 iters at S=100 (final stage). Stopping at iter 97890.
Stuck 10000 iters at S=100 (final stage). Stopping at iter 97891.
Stuck 10000 iters at S=100 (final stage). Stopping at iter 97892.
Stuck 10000 iters at S=100 (final stage). Stopping at iter 97893.
Stuck 10000 iters at S=100 (final stage). Stopping at iter 97894.
Stuck 10000 iters at S=100 (final stage). Stopping at iter 97895.
Stuck 10000 iters at S=100 (final stage). Stopping at iter 97896.
Stuck 10000 iters at S=100 (final stage). Stopping at iter 97897.
Stuck 10000 iters at S=100 (final stage). Stopping at iter 97898.
Stuck 10000 iters at S=100 (final stage). Stopping at iter 97899.
Stuck 10000 iters at S=100 (final stage). Stopping at iter 97900.
Stuck 10000 iters at S=100 (final stage). Stopping at iter 97901.
Stuck 10000 iters at S=100 (final stage). Stopping at iter 97902.
Stuck 10000 iters at S=100 (final stage). Stopping at iter 97903.
Stuck 10000 iters at S=100 (final stage). Stopping at iter 97904.
Stuck 10000 iters at S=100 (final stage). Stopping at iter 97905.
Stuck 10000 iters at S=100 (final stage). Stopping at iter 97906.
Stuck 10000 iters at S=100 (final stage). Stopping at iter 97907.
Stuck 10000 iters at S=100 (final stage). Stopping at iter 97908.
Stuck 10000 iters at S=100 (final stage). Stopping at iter 97909.
Stuck 10000 iters at S=100 (final stage). Stopping at iter 97910.
Stuck 10000 iters at S=100 (final stage). Stopping at iter 97911.
Stuck 10000 iters at S=100 (final stage). Stopping at iter 97912.
Stuck 10000 iters at S=100 (final stage). Stopping at iter 97913.
Stuck 10000 iters at S=100 (final stage). Stopping at iter 97914.
Stuck 10000 iters at S=100 (final stage). Stopping at iter 97915.
Stuck 10000 iters at S=100 (final stage). Stopping at iter 97916.
Stuck 10000 iters at S=100 (final stage). Stopping at iter 97917.
Stuck 10000 iters at S=100 (final stage). Stopping at iter 97918.
Stuck 10000 iters at S=100 (final stage). Stopping at iter 97919.
Stuck 10000 iters at S=100 (final stage). Stopping at iter 97920.
Stuck 10000 iters at S=100 (final stage). Stopping at iter 97921.
Stuck 10000 iters at S=100 (final stage). Stopping at iter 97922.
Stuck 10000 iters at S=100 (final stage). Stopping at iter 97923.
Stuck 10000 iters at S=100 (final stage). Stopping at iter 97924.
Stuck 10000 iters at S=100 (final stage). Stopping at iter 97925.
Stuck 10000 iters at S=100 (final stage). Stopping at iter 97926.
Stuck 10000 iters at S=100 (final stage). Stopping at iter 97927.
Stuck 10000 iters at S=100 (final stage). Stopping at iter 97928.
Stuck 10000 iters at S=100 (final stage). Stopping at iter 97929.
Stuck 10000 iters at S=100 (final stage). Stopping at iter 97930.
Stuck 10000 iters at S=100 (final stage). Stopping at iter 97931.
Stuck 10000 iters at S=100 (final stage). Stopping at iter 97932.
Stuck 10000 iters at S=100 (final stage). Stopping at iter 97933.
Stuck 10000 iters at S=100 (final stage). Stopping at iter 97934.
Stuck 10000 iters at S=100 (final stage). Stopping at iter 97935.
Stuck 10000 iters at S=100 (final stage). Stopping at iter 97936.
Stuck 10000 iters at S=100 (final stage). Stopping at iter 97937.
Stuck 10000 iters at S=100 (final stage). Stopping at iter 97938.
Stuck 10000 iters at S=100 (final stage). Stopping at iter 97939.
Stuck 10000 iters at S=100 (final stage). Stopping at iter 97940.
Stuck 10000 iters at S=100 (final stage). Stopping at iter 97941.
Stuck 10000 iters at S=100 (final stage). Stopping at iter 97942.
Stuck 10000 iters at S=100 (final stage). Stopping at iter 97943.
Stuck 10000 iters at S=100 (final stage). Stopping at iter 97944.
Stuck 10000 iters at S=100 (final stage). Stopping at iter 97945.
Stuck 10000 iters at S=100 (final stage). Stopping at iter 97946.
Stuck 10000 iters at S=100 (final stage). Stopping at iter 97947.
Stuck 10000 iters at S=100 (final stage). Stopping at iter 97948.
Stuck 10000 iters at S=100 (final stage). Stopping at iter 97949.
Stuck 10000 iters at S=100 (final stage). Stopping at iter 97950.
Stuck 10000 iters at S=100 (final stage). Stopping at iter 97951.
Stuck 10000 iters at S=100 (final stage). Stopping at iter 97952.
Stuck 10000 iters at S=100 (final stage). Stopping at iter 97953.
Stuck 10000 iters at S=100 (final stage). Stopping at iter 97954.
Stuck 10000 iters at S=100 (final stage). Stopping at iter 97955.
Stuck 10000 iters at S=100 (final stage). Stopping at iter 97956.
Stuck 10000 iters at S=100 (final stage). Stopping at iter 97957.
Stuck 10000 iters at S=100 (final stage). Stopping at iter 97958.
Stuck 10000 iters at S=100 (final stage). Stopping at iter 97959.
Stuck 10000 iters at S=100 (final stage). Stopping at iter 97960.
Stuck 10000 iters at S=100 (final stage). Stopping at iter 97961.
Stuck 10000 iters at S=100 (final stage). Stopping at iter 97962.
Stuck 10000 iters at S=100 (final stage). Stopping at iter 97963.
Stuck 10000 iters at S=100 (final stage). Stopping at iter 97964.
Stuck 10000 iters at S=100 (final stage). Stopping at iter 97965.
Stuck 10000 iters at S=100 (final stage). Stopping at iter 97966.
Stuck 10000 iters at S=100 (final stage). Stopping at iter 97967.
Stuck 10000 iters at S=100 (final stage). Stopping at iter 97968.
Stuck 10000 iters at S=100 (final stage). Stopping at iter 97969.
Stuck 10000 iters at S=100 (final stage). Stopping at iter 97970.
Stuck 10000 iters at S=100 (final stage). Stopping at iter 97971.
Stuck 10000 iters at S=100 (final stage). Stopping at iter 97972.
Stuck 10000 iters at S=100 (final stage). Stopping at iter 97973.
Stuck 10000 iters at S=100 (final stage). Stopping at iter 97974.
Stuck 10000 iters at S=100 (final stage). Stopping at iter 97975.
Stuck 10000 iters at S=100 (final stage). Stopping at iter 97976.
Stuck 10000 iters at S=100 (final stage). Stopping at iter 97977.
Stuck 10000 iters at S=100 (final stage). Stopping at iter 97978.
Stuck 10000 iters at S=100 (final stage). Stopping at iter 97979.
Stuck 10000 iters at S=100 (final stage). Stopping at iter 97980.
Stuck 10000 iters at S=100 (final stage). Stopping at iter 97981.
Stuck 10000 iters at S=100 (final stage). Stopping at iter 97982.
Stuck 10000 iters at S=100 (final stage). Stopping at iter 97983.
Stuck 10000 iters at S=100 (final stage). Stopping at iter 97984.
Stuck 10000 iters at S=100 (final stage). Stopping at iter 97985.
Stuck 10000 iters at S=100 (final stage). Stopping at iter 97986.
Stuck 10000 iters at S=100 (final stage). Stopping at iter 97987.
Stuck 10000 iters at S=100 (final stage). Stopping at iter 97988.
Stuck 10000 iters at S=100 (final stage). Stopping at iter 97989.
Stuck 10000 iters at S=100 (final stage). Stopping at iter 97990.
Stuck 10000 iters at S=100 (final stage). Stopping at iter 97991.
Stuck 10000 iters at S=100 (final stage). Stopping at iter 97992.
Stuck 10000 iters at S=100 (final stage). Stopping at iter 97993.
Stuck 10000 iters at S=100 (final stage). Stopping at iter 97994.
Stuck 10000 iters at S=100 (final stage). Stopping at iter 97995.
Stuck 10000 iters at S=100 (final stage). Stopping at iter 97996.
Stuck 10000 iters at S=100 (final stage). Stopping at iter 97997.
Stuck 10000 iters at S=100 (final stage). Stopping at iter 97998.
Stuck 10000 iters at S=100 (final stage). Stopping at iter 97999.
Stuck 10000 iters at S=100 (final stage). Stopping at iter 98000.
Stuck 10000 iters at S=100 (final stage). Stopping at iter 98001.
Stuck 10000 iters at S=100 (final stage). Stopping at iter 98002.
Stuck 10000 iters at S=100 (final stage). Stopping at iter 98003.
Stuck 10000 iters at S=100 (final stage). Stopping at iter 98004.
Stuck 10000 iters at S=100 (final stage). Stopping at iter 98005.
Stuck 10000 iters at S=100 (final stage). Stopping at iter 98006.
Stuck 10000 iters at S=100 (final stage). Stopping at iter 98007.
Stuck 10000 iters at S=100 (final stage). Stopping at iter 98008.
Stuck 10000 iters at S=100 (final stage). Stopping at iter 98009.
Stuck 10000 iters at S=100 (final stage). Stopping at iter 98010.
Stuck 10000 iters at S=100 (final stage). Stopping at iter 98011.
Stuck 10000 iters at S=100 (final stage). Stopping at iter 98012.
Stuck 10000 iters at S=100 (final stage). Stopping at iter 98013.
Stuck 10000 iters at S=100 (final stage). Stopping at iter 98014.
Stuck 10000 iters at S=100 (final stage). Stopping at iter 98015.
Stuck 10000 iters at S=100 (final stage). Stopping at iter 98016.
Stuck 10000 iters at S=100 (final stage). Stopping at iter 98017.
Stuck 10000 iters at S=100 (final stage). Stopping at iter 98018.
Stuck 10000 iters at S=100 (final stage). Stopping at iter 98019.
Stuck 10000 iters at S=100 (final stage). Stopping at iter 98020.
Stuck 10000 iters at S=100 (final stage). Stopping at iter 98021.
Stuck 10000 iters at S=100 (final stage). Stopping at iter 98022.
Stuck 10000 iters at S=100 (final stage). Stopping at iter 98023.
Stuck 10000 iters at S=100 (final stage). Stopping at iter 98024.
Stuck 10000 iters at S=100 (final stage). Stopping at iter 98025.
Stuck 10000 iters at S=100 (final stage). Stopping at iter 98026.
Stuck 10000 iters at S=100 (final stage). Stopping at iter 98027.
Stuck 10000 iters at S=100 (final stage). Stopping at iter 98028.
Stuck 10000 iters at S=100 (final stage). Stopping at iter 98029.
Stuck 10000 iters at S=100 (final stage). Stopping at iter 98030.
Stuck 10000 iters at S=100 (final stage). Stopping at iter 98031.
Stuck 10000 iters at S=100 (final stage). Stopping at iter 98032.
Stuck 10000 iters at S=100 (final stage). Stopping at iter 98033.
Stuck 10000 iters at S=100 (final stage). Stopping at iter 98034.
Stuck 10000 iters at S=100 (final stage). Stopping at iter 98035.
Stuck 10000 iters at S=100 (final stage). Stopping at iter 98036.
Stuck 10000 iters at S=100 (final stage). Stopping at iter 98037.
Stuck 10000 iters at S=100 (final stage). Stopping at iter 98038.
Stuck 10000 iters at S=100 (final stage). Stopping at iter 98039.
Stuck 10000 iters at S=100 (final stage). Stopping at iter 98040.
Stuck 10000 iters at S=100 (final stage). Stopping at iter 98041.
Stuck 10000 iters at S=100 (final stage). Stopping at iter 98042.
Stuck 10000 iters at S=100 (final stage). Stopping at iter 98043.
Stuck 10000 iters at S=100 (final stage). Stopping at iter 98044.
Stuck 10000 iters at S=100 (final stage). Stopping at iter 98045.
Stuck 10000 iters at S=100 (final stage). Stopping at iter 98046.
Stuck 10000 iters at S=100 (final stage). Stopping at iter 98047.
Stuck 10000 iters at S=100 (final stage). Stopping at iter 98048.
Stuck 10000 iters at S=100 (final stage). Stopping at iter 98049.
Stuck 10000 iters at S=100 (final stage). Stopping at iter 98050.
Stuck 10000 iters at S=100 (final stage). Stopping at iter 98051.
Stuck 10000 iters at S=100 (final stage). Stopping at iter 98052.
Stuck 10000 iters at S=100 (final stage). Stopping at iter 98053.
Stuck 10000 iters at S=100 (final stage). Stopping at iter 98054.
Stuck 10000 iters at S=100 (final stage). Stopping at iter 98055.
Stuck 10000 iters at S=100 (final stage). Stopping at iter 98056.
Stuck 10000 iters at S=100 (final stage). Stopping at iter 98057.
Stuck 10000 iters at S=100 (final stage). Stopping at iter 98058.
Stuck 10000 iters at S=100 (final stage). Stopping at iter 98059.
Stuck 10000 iters at S=100 (final stage). Stopping at iter 98060.
Stuck 10000 iters at S=100 (final stage). Stopping at iter 98061.
Stuck 10000 iters at S=100 (final stage). Stopping at iter 98062.
Stuck 10000 iters at S=100 (final stage). Stopping at iter 98063.
Stuck 10000 iters at S=100 (final stage). Stopping at iter 98064.
Stuck 10000 iters at S=100 (final stage). Stopping at iter 98065.
Stuck 10000 iters at S=100 (final stage). Stopping at iter 98066.
Stuck 10000 iters at S=100 (final stage). Stopping at iter 98067.
Stuck 10000 iters at S=100 (final stage). Stopping at iter 98068.
Stuck 10000 iters at S=100 (final stage). Stopping at iter 98069.
Stuck 10000 iters at S=100 (final stage). Stopping at iter 98070.
Stuck 10000 iters at S=100 (final stage). Stopping at iter 98071.
Stuck 10000 iters at S=100 (final stage). Stopping at iter 98072.
Stuck 10000 iters at S=100 (final stage). Stopping at iter 98073.
Stuck 10000 iters at S=100 (final stage). Stopping at iter 98074.
Stuck 10000 iters at S=100 (final stage). Stopping at iter 98075.
Stuck 10000 iters at S=100 (final stage). Stopping at iter 98076.
Stuck 10000 iters at S=100 (final stage). Stopping at iter 98077.
Stuck 10000 iters at S=100 (final stage). Stopping at iter 98078.
Stuck 10000 iters at S=100 (final stage). Stopping at iter 98079.
Stuck 10000 iters at S=100 (final stage). Stopping at iter 98080.
Stuck 10000 iters at S=100 (final stage). Stopping at iter 98081.
Stuck 10000 iters at S=100 (final stage). Stopping at iter 98082.
Stuck 10000 iters at S=100 (final stage). Stopping at iter 98083.
Stuck 10000 iters at S=100 (final stage). Stopping at iter 98084.
Stuck 10000 iters at S=100 (final stage). Stopping at iter 98085.
Stuck 10000 iters at S=100 (final stage). Stopping at iter 98086.
Stuck 10000 iters at S=100 (final stage). Stopping at iter 98087.
Stuck 10000 iters at S=100 (final stage). Stopping at iter 98088.
Stuck 10000 iters at S=100 (final stage). Stopping at iter 98089.
Stuck 10000 iters at S=100 (final stage). Stopping at iter 98090.
Stuck 10000 iters at S=100 (final stage). Stopping at iter 98091.
Stuck 10000 iters at S=100 (final stage). Stopping at iter 98092.
Stuck 10000 iters at S=100 (final stage). Stopping at iter 98093.
Stuck 10000 iters at S=100 (final stage). Stopping at iter 98094.
Stuck 10000 iters at S=100 (final stage). Stopping at iter 98095.
Stuck 10000 iters at S=100 (final stage). Stopping at iter 98096.
Stuck 10000 iters at S=100 (final stage). Stopping at iter 98097.
Stuck 10000 iters at S=100 (final stage). Stopping at iter 98098.
Stuck 10000 iters at S=100 (final stage). Stopping at iter 98099.
Stuck 10000 iters at S=100 (final stage). Stopping at iter 98100.
Stuck 10000 iters at S=100 (final stage). Stopping at iter 98101.
Stuck 10000 iters at S=100 (final stage). Stopping at iter 98102.
Stuck 10000 iters at S=100 (final stage). Stopping at iter 98103.
Stuck 10000 iters at S=100 (final stage). Stopping at iter 98104.
Stuck 10000 iters at S=100 (final stage). Stopping at iter 98105.
Stuck 10000 iters at S=100 (final stage). Stopping at iter 98106.
Stuck 10000 iters at S=100 (final stage). Stopping at iter 98107.
Stuck 10000 iters at S=100 (final stage). Stopping at iter 98108.
Stuck 10000 iters at S=100 (final stage). Stopping at iter 98109.
Stuck 10000 iters at S=100 (final stage). Stopping at iter 98110.
Stuck 10000 iters at S=100 (final stage). Stopping at iter 98111.
Stuck 10000 iters at S=100 (final stage). Stopping at iter 98112.
Stuck 10000 iters at S=100 (final stage). Stopping at iter 98113.
Stuck 10000 iters at S=100 (final stage). Stopping at iter 98114.
Stuck 10000 iters at S=100 (final stage). Stopping at iter 98115.
Stuck 10000 iters at S=100 (final stage). Stopping at iter 98116.
Stuck 10000 iters at S=100 (final stage). Stopping at iter 98117.
Stuck 10000 iters at S=100 (final stage). Stopping at iter 98118.
Stuck 10000 iters at S=100 (final stage). Stopping at iter 98119.
Stuck 10000 iters at S=100 (final stage). Stopping at iter 98120.
Stuck 10000 iters at S=100 (final stage). Stopping at iter 98121.
Stuck 10000 iters at S=100 (final stage). Stopping at iter 98122.
Stuck 10000 iters at S=100 (final stage). Stopping at iter 98123.
Stuck 10000 iters at S=100 (final stage). Stopping at iter 98124.
Stuck 10000 iters at S=100 (final stage). Stopping at iter 98125.
Stuck 10000 iters at S=100 (final stage). Stopping at iter 98126.
Stuck 10000 iters at S=100 (final stage). Stopping at iter 98127.
Stuck 10000 iters at S=100 (final stage). Stopping at iter 98128.
Stuck 10000 iters at S=100 (final stage). Stopping at iter 98129.
Stuck 10000 iters at S=100 (final stage). Stopping at iter 98130.
Stuck 10000 iters at S=100 (final stage). Stopping at iter 98131.
Stuck 10000 iters at S=100 (final stage). Stopping at iter 98132.
Stuck 10000 iters at S=100 (final stage). Stopping at iter 98133.
Stuck 10000 iters at S=100 (final stage). Stopping at iter 98134.
Stuck 10000 iters at S=100 (final stage). Stopping at iter 98135.
Stuck 10000 iters at S=100 (final stage). Stopping at iter 98136.
Stuck 10000 iters at S=100 (final stage). Stopping at iter 98137.
Stuck 10000 iters at S=100 (final stage). Stopping at iter 98138.
Stuck 10000 iters at S=100 (final stage). Stopping at iter 98139.
Stuck 10000 iters at S=100 (final stage). Stopping at iter 98140.
Stuck 10000 iters at S=100 (final stage). Stopping at iter 98141.
Stuck 10000 iters at S=100 (final stage). Stopping at iter 98142.
Stuck 10000 iters at S=100 (final stage). Stopping at iter 98143.
Stuck 10000 iters at S=100 (final stage). Stopping at iter 98144.
Stuck 10000 iters at S=100 (final stage). Stopping at iter 98145.
Stuck 10000 iters at S=100 (final stage). Stopping at iter 98146.
Stuck 10000 iters at S=100 (final stage). Stopping at iter 98147.
Stuck 10000 iters at S=100 (final stage). Stopping at iter 98148.
Stuck 10000 iters at S=100 (final stage). Stopping at iter 98149.
Stuck 10000 iters at S=100 (final stage). Stopping at iter 98150.
Stuck 10000 iters at S=100 (final stage). Stopping at iter 98151.
Stuck 10000 iters at S=100 (final stage). Stopping at iter 98152.
Stuck 10000 iters at S=100 (final stage). Stopping at iter 98153.
Stuck 10000 iters at S=100 (final stage). Stopping at iter 98154.
Stuck 10000 iters at S=100 (final stage). Stopping at iter 98155.
Stuck 10000 iters at S=100 (final stage). Stopping at iter 98156.
Stuck 10000 iters at S=100 (final stage). Stopping at iter 98157.
Stuck 10000 iters at S=100 (final stage). Stopping at iter 98158.
Stuck 10000 iters at S=100 (final stage). Stopping at iter 98159.
Stuck 10000 iters at S=100 (final stage). Stopping at iter 98160.
Stuck 10000 iters at S=100 (final stage). Stopping at iter 98161.
Stuck 10000 iters at S=100 (final stage). Stopping at iter 98162.
Stuck 10000 iters at S=100 (final stage). Stopping at iter 98163.
Stuck 10000 iters at S=100 (final stage). Stopping at iter 98164.
Stuck 10000 iters at S=100 (final stage). Stopping at iter 98165.
Stuck 10000 iters at S=100 (final stage). Stopping at iter 98166.
Stuck 10000 iters at S=100 (final stage). Stopping at iter 98167.
Stuck 10000 iters at S=100 (final stage). Stopping at iter 98168.
Stuck 10000 iters at S=100 (final stage). Stopping at iter 98169.
Stuck 10000 iters at S=100 (final stage). Stopping at iter 98170.
Stuck 10000 iters at S=100 (final stage). Stopping at iter 98171.
Stuck 10000 iters at S=100 (final stage). Stopping at iter 98172.
Stuck 10000 iters at S=100 (final stage). Stopping at iter 98173.
Stuck 10000 iters at S=100 (final stage). Stopping at iter 98174.
Stuck 10000 iters at S=100 (final stage). Stopping at iter 98175.
Stuck 10000 iters at S=100 (final stage). Stopping at iter 98176.
Stuck 10000 iters at S=100 (final stage). Stopping at iter 98177.
Stuck 10000 iters at S=100 (final stage). Stopping at iter 98178.
Stuck 10000 iters at S=100 (final stage). Stopping at iter 98179.
Stuck 10000 iters at S=100 (final stage). Stopping at iter 98180.
Stuck 10000 iters at S=100 (final stage). Stopping at iter 98181.
Stuck 10000 iters at S=100 (final stage). Stopping at iter 98182.
Stuck 10000 iters at S=100 (final stage). Stopping at iter 98183.
Stuck 10000 iters at S=100 (final stage). Stopping at iter 98184.
Stuck 10000 iters at S=100 (final stage). Stopping at iter 98185.
Stuck 10000 iters at S=100 (final stage). Stopping at iter 98186.
Stuck 10000 iters at S=100 (final stage). Stopping at iter 98187.
Stuck 10000 iters at S=100 (final stage). Stopping at iter 98188.
Stuck 10000 iters at S=100 (final stage). Stopping at iter 98189.
Stuck 10000 iters at S=100 (final stage). Stopping at iter 98190.
Stuck 10000 iters at S=100 (final stage). Stopping at iter 98191.
Stuck 10000 iters at S=100 (final stage). Stopping at iter 98192.
Stuck 10000 iters at S=100 (final stage). Stopping at iter 98193.
Stuck 10000 iters at S=100 (final stage). Stopping at iter 98194.
Stuck 10000 iters at S=100 (final stage). Stopping at iter 98195.
Stuck 10000 iters at S=100 (final stage). Stopping at iter 98196.
Stuck 10000 iters at S=100 (final stage). Stopping at iter 98197.
Stuck 10000 iters at S=100 (final stage). Stopping at iter 98198.
Stuck 10000 iters at S=100 (final stage). Stopping at iter 98199.
Stuck 10000 iters at S=100 (final stage). Stopping at iter 98200.
Stuck 10000 iters at S=100 (final stage). Stopping at iter 98201.
Stuck 10000 iters at S=100 (final stage). Stopping at iter 98202.
Stuck 10000 iters at S=100 (final stage). Stopping at iter 98203.
Stuck 10000 iters at S=100 (final stage). Stopping at iter 98204.
Stuck 10000 iters at S=100 (final stage). Stopping at iter 98205.
Stuck 10000 iters at S=100 (final stage). Stopping at iter 98206.
Stuck 10000 iters at S=100 (final stage). Stopping at iter 98207.
Stuck 10000 iters at S=100 (final stage). Stopping at iter 98208.
Stuck 10000 iters at S=100 (final stage). Stopping at iter 98209.
Stuck 10000 iters at S=100 (final stage). Stopping at iter 98210.
Stuck 10000 iters at S=100 (final stage). Stopping at iter 98211.
Stuck 10000 iters at S=100 (final stage). Stopping at iter 98212.
Stuck 10000 iters at S=100 (final stage). Stopping at iter 98213.
Stuck 10000 iters at S=100 (final stage). Stopping at iter 98214.
Stuck 10000 iters at S=100 (final stage). Stopping at iter 98215.
Stuck 10000 iters at S=100 (final stage). Stopping at iter 98216.
Stuck 10000 iters at S=100 (final stage). Stopping at iter 98217.
Stuck 10000 iters at S=100 (final stage). Stopping at iter 98218.
Stuck 10000 iters at S=100 (final stage). Stopping at iter 98219.
Stuck 10000 iters at S=100 (final stage). Stopping at iter 98220.
Stuck 10000 iters at S=100 (final stage). Stopping at iter 98221.
Stuck 10000 iters at S=100 (final stage). Stopping at iter 98222.
Stuck 10000 iters at S=100 (final stage). Stopping at iter 98223.
Stuck 10000 iters at S=100 (final stage). Stopping at iter 98224.
Stuck 10000 iters at S=100 (final stage). Stopping at iter 98225.
Stuck 10000 iters at S=100 (final stage). Stopping at iter 98226.
Stuck 10000 iters at S=100 (final stage). Stopping at iter 98227.
Stuck 10000 iters at S=100 (final stage). Stopping at iter 98228.
Stuck 10000 iters at S=100 (final stage). Stopping at iter 98229.
Stuck 10000 iters at S=100 (final stage). Stopping at iter 98230.
Stuck 10000 iters at S=100 (final stage). Stopping at iter 98231.
Stuck 10000 iters at S=100 (final stage). Stopping at iter 98232.
Stuck 10000 iters at S=100 (final stage). Stopping at iter 98233.
Stuck 10000 iters at S=100 (final stage). Stopping at iter 98234.
Stuck 10000 iters at S=100 (final stage). Stopping at iter 98235.
Stuck 10000 iters at S=100 (final stage). Stopping at iter 98236.
Stuck 10000 iters at S=100 (final stage). Stopping at iter 98237.
Stuck 10000 iters at S=100 (final stage). Stopping at iter 98238.
Stuck 10000 iters at S=100 (final stage). Stopping at iter 98239.
Stuck 10000 iters at S=100 (final stage). Stopping at iter 98240.
Stuck 10000 iters at S=100 (final stage). Stopping at iter 98241.
Stuck 10000 iters at S=100 (final stage). Stopping at iter 98242.
Stuck 10000 iters at S=100 (final stage). Stopping at iter 98243.
Stuck 10000 iters at S=100 (final stage). Stopping at iter 98244.
Stuck 10000 iters at S=100 (final stage). Stopping at iter 98245.
Stuck 10000 iters at S=100 (final stage). Stopping at iter 98246.
Stuck 10000 iters at S=100 (final stage). Stopping at iter 98247.
Stuck 10000 iters at S=100 (final stage). Stopping at iter 98248.
Stuck 10000 iters at S=100 (final stage). Stopping at iter 98249.
Stuck 10000 iters at S=100 (final stage). Stopping at iter 98250.
Stuck 10000 iters at S=100 (final stage). Stopping at iter 98251.
Stuck 10000 iters at S=100 (final stage). Stopping at iter 98252.
Stuck 10000 iters at S=100 (final stage). Stopping at iter 98253.
Stuck 10000 iters at S=100 (final stage). Stopping at iter 98254.
Stuck 10000 iters at S=100 (final stage). Stopping at iter 98255.
Stuck 10000 iters at S=100 (final stage). Stopping at iter 98256.
Stuck 10000 iters at S=100 (final stage). Stopping at iter 98257.
Stuck 10000 iters at S=100 (final stage). Stopping at iter 98258.
Stuck 10000 iters at S=100 (final stage). Stopping at iter 98259.
Stuck 10000 iters at S=100 (final stage). Stopping at iter 98260.
Stuck 10000 iters at S=100 (final stage). Stopping at iter 98261.
Stuck 10000 iters at S=100 (final stage). Stopping at iter 98262.
Stuck 10000 iters at S=100 (final stage). Stopping at iter 98263.
Stuck 10000 iters at S=100 (final stage). Stopping at iter 98264.
Stuck 10000 iters at S=100 (final stage). Stopping at iter 98265.
Stuck 10000 iters at S=100 (final stage). Stopping at iter 98266.
Stuck 10000 iters at S=100 (final stage). Stopping at iter 98267.
Stuck 10000 iters at S=100 (final stage). Stopping at iter 98268.
Stuck 10000 iters at S=100 (final stage). Stopping at iter 98269.
Stuck 10000 iters at S=100 (final stage). Stopping at iter 98270.
Stuck 10000 iters at S=100 (final stage). Stopping at iter 98271.
Stuck 10000 iters at S=100 (final stage). Stopping at iter 98272.
Stuck 10000 iters at S=100 (final stage). Stopping at iter 98273.
Stuck 10000 iters at S=100 (final stage). Stopping at iter 98274.
Stuck 10000 iters at S=100 (final stage). Stopping at iter 98275.
Stuck 10000 iters at S=100 (final stage). Stopping at iter 98276.
Stuck 10000 iters at S=100 (final stage). Stopping at iter 98277.
Stuck 10000 iters at S=100 (final stage). Stopping at iter 98278.
Stuck 10000 iters at S=100 (final stage). Stopping at iter 98279.
Stuck 10000 iters at S=100 (final stage). Stopping at iter 98280.
Stuck 10000 iters at S=100 (final stage). Stopping at iter 98281.
Stuck 10000 iters at S=100 (final stage). Stopping at iter 98282.
Stuck 10000 iters at S=100 (final stage). Stopping at iter 98283.
Stuck 10000 iters at S=100 (final stage). Stopping at iter 98284.
Stuck 10000 iters at S=100 (final stage). Stopping at iter 98285.
Stuck 10000 iters at S=100 (final stage). Stopping at iter 98286.
Stuck 10000 iters at S=100 (final stage). Stopping at iter 98287.
Stuck 10000 iters at S=100 (final stage). Stopping at iter 98288.
Stuck 10000 iters at S=100 (final stage). Stopping at iter 98289.
Stuck 10000 iters at S=100 (final stage). Stopping at iter 98290.
Stuck 10000 iters at S=100 (final stage). Stopping at iter 98291.
Stuck 10000 iters at S=100 (final stage). Stopping at iter 98292.
Stuck 10000 iters at S=100 (final stage). Stopping at iter 98293.
Stuck 10000 iters at S=100 (final stage). Stopping at iter 98294.
Stuck 10000 iters at S=100 (final stage). Stopping at iter 98295.
Stuck 10000 iters at S=100 (final stage). Stopping at iter 98296.
Stuck 10000 iters at S=100 (final stage). Stopping at iter 98297.
Stuck 10000 iters at S=100 (final stage). Stopping at iter 98298.
Stuck 10000 iters at S=100 (final stage). Stopping at iter 98299.
Stuck 10000 iters at S=100 (final stage). Stopping at iter 98300.
Stuck 10000 iters at S=100 (final stage). Stopping at iter 98301.
Stuck 10000 iters at S=100 (final stage). Stopping at iter 98302.
Stuck 10000 iters at S=100 (final stage). Stopping at iter 98303.
Stuck 10000 iters at S=100 (final stage). Stopping at iter 98304.
Stuck 10000 iters at S=100 (final stage). Stopping at iter 98305.
Stuck 10000 iters at S=100 (final stage). Stopping at iter 98306.
Stuck 10000 iters at S=100 (final stage). Stopping at iter 98307.
Stuck 10000 iters at S=100 (final stage). Stopping at iter 98308.
Stuck 10000 iters at S=100 (final stage). Stopping at iter 98309.
Stuck 10000 iters at S=100 (final stage). Stopping at iter 98310.
Stuck 10000 iters at S=100 (final stage). Stopping at iter 98311.
Stuck 10000 iters at S=100 (final stage). Stopping at iter 98312.
Stuck 10000 iters at S=100 (final stage). Stopping at iter 98313.
Stuck 10000 iters at S=100 (final stage). Stopping at iter 98314.
Stuck 10000 iters at S=100 (final stage). Stopping at iter 98315.
Stuck 10000 iters at S=100 (final stage). Stopping at iter 98316.
Stuck 10000 iters at S=100 (final stage). Stopping at iter 98317.
Stuck 10000 iters at S=100 (final stage). Stopping at iter 98318.
Stuck 10000 iters at S=100 (final stage). Stopping at iter 98319.
Stuck 10000 iters at S=100 (final stage). Stopping at iter 98320.
Stuck 10000 iters at S=100 (final stage). Stopping at iter 98321.
Stuck 10000 iters at S=100 (final stage). Stopping at iter 98322.
Stuck 10000 iters at S=100 (final stage). Stopping at iter 98323.
Stuck 10000 iters at S=100 (final stage). Stopping at iter 98324.
Stuck 10000 iters at S=100 (final stage). Stopping at iter 98325.
Stuck 10000 iters at S=100 (final stage). Stopping at iter 98326.
Stuck 10000 iters at S=100 (final stage). Stopping at iter 98327.
Stuck 10000 iters at S=100 (final stage). Stopping at iter 98328.
Stuck 10000 iters at S=100 (final stage). Stopping at iter 98329.
Stuck 10000 iters at S=100 (final stage). Stopping at iter 98330.
Stuck 10000 iters at S=100 (final stage). Stopping at iter 98331.
Stuck 10000 iters at S=100 (final stage). Stopping at iter 98332.
Stuck 10000 iters at S=100 (final stage). Stopping at iter 98333.
Stuck 10000 iters at S=100 (final stage). Stopping at iter 98334.
Stuck 10000 iters at S=100 (final stage). Stopping at iter 98335.
Stuck 10000 iters at S=100 (final stage). Stopping at iter 98336.
Stuck 10000 iters at S=100 (final stage). Stopping at iter 98337.
Stuck 10000 iters at S=100 (final stage). Stopping at iter 98338.
Stuck 10000 iters at S=100 (final stage). Stopping at iter 98339.
Stuck 10000 iters at S=100 (final stage). Stopping at iter 98340.
Stuck 10000 iters at S=100 (final stage). Stopping at iter 98341.
Stuck 10000 iters at S=100 (final stage). Stopping at iter 98342.
Stuck 10000 iters at S=100 (final stage). Stopping at iter 98343.
Stuck 10000 iters at S=100 (final stage). Stopping at iter 98344.
Stuck 10000 iters at S=100 (final stage). Stopping at iter 98345.
Stuck 10000 iters at S=100 (final stage). Stopping at iter 98346.
Stuck 10000 iters at S=100 (final stage). Stopping at iter 98347.
Stuck 10000 iters at S=100 (final stage). Stopping at iter 98348.
Stuck 10000 iters at S=100 (final stage). Stopping at iter 98349.
Stuck 10000 iters at S=100 (final stage). Stopping at iter 98350.
Stuck 10000 iters at S=100 (final stage). Stopping at iter 98351.
Stuck 10000 iters at S=100 (final stage). Stopping at iter 98352.
Stuck 10000 iters at S=100 (final stage). Stopping at iter 98353.
Stuck 10000 iters at S=100 (final stage). Stopping at iter 98354.
Stuck 10000 iters at S=100 (final stage). Stopping at iter 98355.
Stuck 10000 iters at S=100 (final stage). Stopping at iter 98356.
Stuck 10000 iters at S=100 (final stage). Stopping at iter 98357.
Stuck 10000 iters at S=100 (final stage). Stopping at iter 98358.
Stuck 10000 iters at S=100 (final stage). Stopping at iter 98359.
Stuck 10000 iters at S=100 (final stage). Stopping at iter 98360.
Stuck 10000 iters at S=100 (final stage). Stopping at iter 98361.
Stuck 10000 iters at S=100 (final stage). Stopping at iter 98362.
Stuck 10000 iters at S=100 (final stage). Stopping at iter 98363.
Stuck 10000 iters at S=100 (final stage). Stopping at iter 98364.
Stuck 10000 iters at S=100 (final stage). Stopping at iter 98365.
Stuck 10000 iters at S=100 (final stage). Stopping at iter 98366.
Stuck 10000 iters at S=100 (final stage). Stopping at iter 98367.
Stuck 10000 iters at S=100 (final stage). Stopping at iter 98368.
Stuck 10000 iters at S=100 (final stage). Stopping at iter 98369.
Stuck 10000 iters at S=100 (final stage). Stopping at iter 98370.
Stuck 10000 iters at S=100 (final stage). Stopping at iter 98371.
Stuck 10000 iters at S=100 (final stage). Stopping at iter 98372.
Stuck 10000 iters at S=100 (final stage). Stopping at iter 98373.
Stuck 10000 iters at S=100 (final stage). Stopping at iter 98374.
Stuck 10000 iters at S=100 (final stage). Stopping at iter 98375.
Stuck 10000 iters at S=100 (final stage). Stopping at iter 98376.
Stuck 10000 iters at S=100 (final stage). Stopping at iter 98377.
Stuck 10000 iters at S=100 (final stage). Stopping at iter 98378.
Stuck 10000 iters at S=100 (final stage). Stopping at iter 98379.
Stuck 10000 iters at S=100 (final stage). Stopping at iter 98380.
Stuck 10000 iters at S=100 (final stage). Stopping at iter 98381.
Stuck 10000 iters at S=100 (final stage). Stopping at iter 98382.
Stuck 10000 iters at S=100 (final stage). Stopping at iter 98383.
Stuck 10000 iters at S=100 (final stage). Stopping at iter 98384.
Stuck 10000 iters at S=100 (final stage). Stopping at iter 98385.
Stuck 10000 iters at S=100 (final stage). Stopping at iter 98386.
Stuck 10000 iters at S=100 (final stage). Stopping at iter 98387.
Stuck 10000 iters at S=100 (final stage). Stopping at iter 98388.
Stuck 10000 iters at S=100 (final stage). Stopping at iter 98389.
Stuck 10000 iters at S=100 (final stage). Stopping at iter 98390.
Stuck 10000 iters at S=100 (final stage). Stopping at iter 98391.
Stuck 10000 iters at S=100 (final stage). Stopping at iter 98392.
Stuck 10000 iters at S=100 (final stage). Stopping at iter 98393.
Stuck 10000 iters at S=100 (final stage). Stopping at iter 98394.
Stuck 10000 iters at S=100 (final stage). Stopping at iter 98395.
Stuck 10000 iters at S=100 (final stage). Stopping at iter 98396.
Stuck 10000 iters at S=100 (final stage). Stopping at iter 98397.
Stuck 10000 iters at S=100 (final stage). Stopping at iter 98398.
Stuck 10000 iters at S=100 (final stage). Stopping at iter 98399.
Stuck 10000 iters at S=100 (final stage). Stopping at iter 98400.
Stuck 10000 iters at S=100 (final stage). Stopping at iter 98401.
Stuck 10000 iters at S=100 (final stage). Stopping at iter 98402.
Stuck 10000 iters at S=100 (final stage). Stopping at iter 98403.
Stuck 10000 iters at S=100 (final stage). Stopping at iter 98404.
Stuck 10000 iters at S=100 (final stage). Stopping at iter 98405.
Stuck 10000 iters at S=100 (final stage). Stopping at iter 98406.
Stuck 10000 iters at S=100 (final stage). Stopping at iter 98407.
Stuck 10000 iters at S=100 (final stage). Stopping at iter 98408.
Stuck 10000 iters at S=100 (final stage). Stopping at iter 98409.
Stuck 10000 iters at S=100 (final stage). Stopping at iter 98410.
Stuck 10000 iters at S=100 (final stage). Stopping at iter 98411.
Stuck 10000 iters at S=100 (final stage). Stopping at iter 98412.
Stuck 10000 iters at S=100 (final stage). Stopping at iter 98413.
Stuck 10000 iters at S=100 (final stage). Stopping at iter 98414.
Stuck 10000 iters at S=100 (final stage). Stopping at iter 98415.
Stuck 10000 iters at S=100 (final stage). Stopping at iter 98416.
Stuck 10000 iters at S=100 (final stage). Stopping at iter 98417.
Stuck 10000 iters at S=100 (final stage). Stopping at iter 98418.
Stuck 10000 iters at S=100 (final stage). Stopping at iter 98419.
Stuck 10000 iters at S=100 (final stage). Stopping at iter 98420.
Stuck 10000 iters at S=100 (final stage). Stopping at iter 98421.
Stuck 10000 iters at S=100 (final stage). Stopping at iter 98422.
Stuck 10000 iters at S=100 (final stage). Stopping at iter 98423.
Stuck 10000 iters at S=100 (final stage). Stopping at iter 98424.
Stuck 10000 iters at S=100 (final stage). Stopping at iter 98425.
Stuck 10000 iters at S=100 (final stage). Stopping at iter 98426.
Stuck 10000 iters at S=100 (final stage). Stopping at iter 98427.
Stuck 10000 iters at S=100 (final stage). Stopping at iter 98428.
Stuck 10000 iters at S=100 (final stage). Stopping at iter 98429.
Stuck 10000 iters at S=100 (final stage). Stopping at iter 98430.
Stuck 10000 iters at S=100 (final stage). Stopping at iter 98431.
Stuck 10000 iters at S=100 (final stage). Stopping at iter 98432.
Stuck 10000 iters at S=100 (final stage). Stopping at iter 98433.
Stuck 10000 iters at S=100 (final stage). Stopping at iter 98434.
Stuck 10000 iters at S=100 (final stage). Stopping at iter 98435.
Stuck 10000 iters at S=100 (final stage). Stopping at iter 98436.
Stuck 10000 iters at S=100 (final stage). Stopping at iter 98437.
Stuck 10000 iters at S=100 (final stage). Stopping at iter 98438.
Stuck 10000 iters at S=100 (final stage). Stopping at iter 98439.
Stuck 10000 iters at S=100 (final stage). Stopping at iter 98440.
Stuck 10000 iters at S=100 (final stage). Stopping at iter 98441.
Stuck 10000 iters at S=100 (final stage). Stopping at iter 98442.
Stuck 10000 iters at S=100 (final stage). Stopping at iter 98443.
Stuck 10000 iters at S=100 (final stage). Stopping at iter 98444.
Stuck 10000 iters at S=100 (final stage). Stopping at iter 98445.
Stuck 10000 iters at S=100 (final stage). Stopping at iter 98446.
Stuck 10000 iters at S=100 (final stage). Stopping at iter 98447.
Stuck 10000 iters at S=100 (final stage). Stopping at iter 98448.
Stuck 10000 iters at S=100 (final stage). Stopping at iter 98449.
Stuck 10000 iters at S=100 (final stage). Stopping at iter 98450.
Stuck 10000 iters at S=100 (final stage). Stopping at iter 98451.
Stuck 10000 iters at S=100 (final stage). Stopping at iter 98452.
Stuck 10000 iters at S=100 (final stage). Stopping at iter 98453.
Stuck 10000 iters at S=100 (final stage). Stopping at iter 98454.
Stuck 10000 iters at S=100 (final stage). Stopping at iter 98455.
Stuck 10000 iters at S=100 (final stage). Stopping at iter 98456.
Stuck 10000 iters at S=100 (final stage). Stopping at iter 98457.
Stuck 10000 iters at S=100 (final stage). Stopping at iter 98458.
Stuck 10000 iters at S=100 (final stage). Stopping at iter 98459.
Stuck 10000 iters at S=100 (final stage). Stopping at iter 98460.
Stuck 10000 iters at S=100 (final stage). Stopping at iter 98461.
Stuck 10000 iters at S=100 (final stage). Stopping at iter 98462.
Stuck 10000 iters at S=100 (final stage). Stopping at iter 98463.
Stuck 10000 iters at S=100 (final stage). Stopping at iter 98464.
Stuck 10000 iters at S=100 (final stage). Stopping at iter 98465.
Stuck 10000 iters at S=100 (final stage). Stopping at iter 98466.
Stuck 10000 iters at S=100 (final stage). Stopping at iter 98467.
Stuck 10000 iters at S=100 (final stage). Stopping at iter 98468.
Stuck 10000 iters at S=100 (final stage). Stopping at iter 98469.
Stuck 10000 iters at S=100 (final stage). Stopping at iter 98470.
Stuck 10000 iters at S=100 (final stage). Stopping at iter 98471.
Stuck 10000 iters at S=100 (final stage). Stopping at iter 98472.
Stuck 10000 iters at S=100 (final stage). Stopping at iter 98473.
Stuck 10000 iters at S=100 (final stage). Stopping at iter 98474.
Stuck 10000 iters at S=100 (final stage). Stopping at iter 98475.
Stuck 10000 iters at S=100 (final stage). Stopping at iter 98476.
Stuck 10000 iters at S=100 (final stage). Stopping at iter 98477.
Stuck 10000 iters at S=100 (final stage). Stopping at iter 98478.
Stuck 10000 iters at S=100 (final stage). Stopping at iter 98479.
Stuck 10000 iters at S=100 (final stage). Stopping at iter 98480.
Stuck 10000 iters at S=100 (final stage). Stopping at iter 98481.
Stuck 10000 iters at S=100 (final stage). Stopping at iter 98482.
Stuck 10000 iters at S=100 (final stage). Stopping at iter 98483.
Stuck 10000 iters at S=100 (final stage). Stopping at iter 98484.
Stuck 10000 iters at S=100 (final stage). Stopping at iter 98485.
Stuck 10000 iters at S=100 (final stage). Stopping at iter 98486.
Stuck 10000 iters at S=100 (final stage). Stopping at iter 98487.
Stuck 10000 iters at S=100 (final stage). Stopping at iter 98488.
Stuck 10000 iters at S=100 (final stage). Stopping at iter 98489.
Stuck 10000 iters at S=100 (final stage). Stopping at iter 98490.
Stuck 10000 iters at S=100 (final stage). Stopping at iter 98491.
Stuck 10000 iters at S=100 (final stage). Stopping at iter 98492.
Stuck 10000 iters at S=100 (final stage). Stopping at iter 98493.
Stuck 10000 iters at S=100 (final stage). Stopping at iter 98494.
Stuck 10000 iters at S=100 (final stage). Stopping at iter 98495.
Stuck 10000 iters at S=100 (final stage). Stopping at iter 98496.
Stuck 10000 iters at S=100 (final stage). Stopping at iter 98497.
Stuck 10000 iters at S=100 (final stage). Stopping at iter 98498.
Stuck 10000 iters at S=100 (final stage). Stopping at iter 98499.
Stuck 10000 iters at S=100 (final stage). Stopping at iter 98500.
Stuck 10000 iters at S=100 (final stage). Stopping at iter 98501.
Stuck 10000 iters at S=100 (final stage). Stopping at iter 98502.
Stuck 10000 iters at S=100 (final stage). Stopping at iter 98503.
Stuck 10000 iters at S=100 (final stage). Stopping at iter 98504.
Stuck 10000 iters at S=100 (final stage). Stopping at iter 98505.
Stuck 10000 iters at S=100 (final stage). Stopping at iter 98506.
Stuck 10000 iters at S=100 (final stage). Stopping at iter 98507.
Stuck 10000 iters at S=100 (final stage). Stopping at iter 98508.
Stuck 10000 iters at S=100 (final stage). Stopping at iter 98509.
Stuck 10000 iters at S=100 (final stage). Stopping at iter 98510.
Stuck 10000 iters at S=100 (final stage). Stopping at iter 98511.
Stuck 10000 iters at S=100 (final stage). Stopping at iter 98512.
Stuck 10000 iters at S=100 (final stage). Stopping at iter 98513.
Stuck 10000 iters at S=100 (final stage). Stopping at iter 98514.
Stuck 10000 iters at S=100 (final stage). Stopping at iter 98515.
Stuck 10000 iters at S=100 (final stage). Stopping at iter 98516.
Stuck 10000 iters at S=100 (final stage). Stopping at iter 98517.
Stuck 10000 iters at S=100 (final stage). Stopping at iter 98518.
Stuck 10000 iters at S=100 (final stage). Stopping at iter 98519.
Stuck 10000 iters at S=100 (final stage). Stopping at iter 98520.
Stuck 10000 iters at S=100 (final stage). Stopping at iter 98521.
Stuck 10000 iters at S=100 (final stage). Stopping at iter 98522.
Stuck 10000 iters at S=100 (final stage). Stopping at iter 98523.
Stuck 10000 iters at S=100 (final stage). Stopping at iter 98524.
Stuck 10000 iters at S=100 (final stage). Stopping at iter 98525.
Stuck 10000 iters at S=100 (final stage). Stopping at iter 98526.
Stuck 10000 iters at S=100 (final stage). Stopping at iter 98527.
Stuck 10000 iters at S=100 (final stage). Stopping at iter 98528.
Stuck 10000 iters at S=100 (final stage). Stopping at iter 98529.
Stuck 10000 iters at S=100 (final stage). Stopping at iter 98530.
Stuck 10000 iters at S=100 (final stage). Stopping at iter 98531.
Stuck 10000 iters at S=100 (final stage). Stopping at iter 98532.
Stuck 10000 iters at S=100 (final stage). Stopping at iter 98533.
Stuck 10000 iters at S=100 (final stage). Stopping at iter 98534.
Stuck 10000 iters at S=100 (final stage). Stopping at iter 98535.
Stuck 10000 iters at S=100 (final stage). Stopping at iter 98536.
Stuck 10000 iters at S=100 (final stage). Stopping at iter 98537.
Stuck 10000 iters at S=100 (final stage). Stopping at iter 98538.
Stuck 10000 iters at S=100 (final stage). Stopping at iter 98539.
Stuck 10000 iters at S=100 (final stage). Stopping at iter 98540.
Stuck 10000 iters at S=100 (final stage). Stopping at iter 98541.
Stuck 10000 iters at S=100 (final stage). Stopping at iter 98542.
Stuck 10000 iters at S=100 (final stage). Stopping at iter 98543.
Stuck 10000 iters at S=100 (final stage). Stopping at iter 98544.
Stuck 10000 iters at S=100 (final stage). Stopping at iter 98545.
Stuck 10000 iters at S=100 (final stage). Stopping at iter 98546.
Stuck 10000 iters at S=100 (final stage). Stopping at iter 98547.
Stuck 10000 iters at S=100 (final stage). Stopping at iter 98548.
Stuck 10000 iters at S=100 (final stage). Stopping at iter 98549.
Stuck 10000 iters at S=100 (final stage). Stopping at iter 98550.
Stuck 10000 iters at S=100 (final stage). Stopping at iter 98551.
Stuck 10000 iters at S=100 (final stage). Stopping at iter 98552.
Stuck 10000 iters at S=100 (final stage). Stopping at iter 98553.
Stuck 10000 iters at S=100 (final stage). Stopping at iter 98554.
Stuck 10000 iters at S=100 (final stage). Stopping at iter 98555.
Stuck 10000 iters at S=100 (final stage). Stopping at iter 98556.
Stuck 10000 iters at S=100 (final stage). Stopping at iter 98557.
Stuck 10000 iters at S=100 (final stage). Stopping at iter 98558.
Stuck 10000 iters at S=100 (final stage). Stopping at iter 98559.
Stuck 10000 iters at S=100 (final stage). Stopping at iter 98560.
Stuck 10000 iters at S=100 (final stage). Stopping at iter 98561.
Stuck 10000 iters at S=100 (final stage). Stopping at iter 98562.
Stuck 10000 iters at S=100 (final stage). Stopping at iter 98563.
Stuck 10000 iters at S=100 (final stage). Stopping at iter 98564.
Stuck 10000 iters at S=100 (final stage). Stopping at iter 98565.
Stuck 10000 iters at S=100 (final stage). Stopping at iter 98566.
Stuck 10000 iters at S=100 (final stage). Stopping at iter 98567.
Stuck 10000 iters at S=100 (final stage). Stopping at iter 98568.
Stuck 10000 iters at S=100 (final stage). Stopping at iter 98569.
Stuck 10000 iters at S=100 (final stage). Stopping at iter 98570.
Stuck 10000 iters at S=100 (final stage). Stopping at iter 98571.
Stuck 10000 iters at S=100 (final stage). Stopping at iter 98572.
Stuck 10000 iters at S=100 (final stage). Stopping at iter 98573.
Stuck 10000 iters at S=100 (final stage). Stopping at iter 98574.
Stuck 10000 iters at S=100 (final stage). Stopping at iter 98575.
Stuck 10000 iters at S=100 (final stage). Stopping at iter 98576.
Stuck 10000 iters at S=100 (final stage). Stopping at iter 98577.
Stuck 10000 iters at S=100 (final stage). Stopping at iter 98578.
Stuck 10000 iters at S=100 (final stage). Stopping at iter 98579.
Stuck 10000 iters at S=100 (final stage). Stopping at iter 98580.
Stuck 10000 iters at S=100 (final stage). Stopping at iter 98581.
Stuck 10000 iters at S=100 (final stage). Stopping at iter 98582.
Stuck 10000 iters at S=100 (final stage). Stopping at iter 98583.
Stuck 10000 iters at S=100 (final stage). Stopping at iter 98584.
Stuck 10000 iters at S=100 (final stage). Stopping at iter 98585.
Stuck 10000 iters at S=100 (final stage). Stopping at iter 98586.
Stuck 10000 iters at S=100 (final stage). Stopping at iter 98587.
Stuck 10000 iters at S=100 (final stage). Stopping at iter 98588.
Stuck 10000 iters at S=100 (final stage). Stopping at iter 98589.
Stuck 10000 iters at S=100 (final stage). Stopping at iter 98590.
Stuck 10000 iters at S=100 (final stage). Stopping at iter 98591.
Stuck 10000 iters at S=100 (final stage). Stopping at iter 98592.
Stuck 10000 iters at S=100 (final stage). Stopping at iter 98593.
Stuck 10000 iters at S=100 (final stage). Stopping at iter 98594.
Stuck 10000 iters at S=100 (final stage). Stopping at iter 98595.
Stuck 10000 iters at S=100 (final stage). Stopping at iter 98596.
Stuck 10000 iters at S=100 (final stage). Stopping at iter 98597.
Stuck 10000 iters at S=100 (final stage). Stopping at iter 98598.
Stuck 10000 iters at S=100 (final stage). Stopping at iter 98599.
Stuck 10000 iters at S=100 (final stage). Stopping at iter 98600.
Stuck 10000 iters at S=100 (final stage). Stopping at iter 98601.
Stuck 10000 iters at S=100 (final stage). Stopping at iter 98602.
Stuck 10000 iters at S=100 (final stage). Stopping at iter 98603.
Stuck 10000 iters at S=100 (final stage). Stopping at iter 98604.
Stuck 10000 iters at S=100 (final stage). Stopping at iter 98605.
Stuck 10000 iters at S=100 (final stage). Stopping at iter 98606.
Stuck 10000 iters at S=100 (final stage). Stopping at iter 98607.
Stuck 10000 iters at S=100 (final stage). Stopping at iter 98608.
Stuck 10000 iters at S=100 (final stage). Stopping at iter 98609.
Stuck 10000 iters at S=100 (final stage). Stopping at iter 98610.
Stuck 10000 iters at S=100 (final stage). Stopping at iter 98611.
Stuck 10000 iters at S=100 (final stage). Stopping at iter 98612.
Stuck 10000 iters at S=100 (final stage). Stopping at iter 98613.
Stuck 10000 iters at S=100 (final stage). Stopping at iter 98614.
Stuck 10000 iters at S=100 (final stage). Stopping at iter 98615.
Stuck 10000 iters at S=100 (final stage). Stopping at iter 98616.
Stuck 10000 iters at S=100 (final stage). Stopping at iter 98617.
Stuck 10000 iters at S=100 (final stage). Stopping at iter 98618.
Stuck 10000 iters at S=100 (final stage). Stopping at iter 98619.
Stuck 10000 iters at S=100 (final stage). Stopping at iter 98620.
Stuck 10000 iters at S=100 (final stage). Stopping at iter 98621.
Stuck 10000 iters at S=100 (final stage). Stopping at iter 98622.
Stuck 10000 iters at S=100 (final stage). Stopping at iter 98623.
Stuck 10000 iters at S=100 (final stage). Stopping at iter 98624.
Stuck 10000 iters at S=100 (final stage). Stopping at iter 98625.
Stuck 10000 iters at S=100 (final stage). Stopping at iter 98626.
Stuck 10000 iters at S=100 (final stage). Stopping at iter 98627.
Stuck 10000 iters at S=100 (final stage). Stopping at iter 98628.
Stuck 10000 iters at S=100 (final stage). Stopping at iter 98629.
Stuck 10000 iters at S=100 (final stage). Stopping at iter 98630.
Stuck 10000 iters at S=100 (final stage). Stopping at iter 98631.
Stuck 10000 iters at S=100 (final stage). Stopping at iter 98632.
Stuck 10000 iters at S=100 (final stage). Stopping at iter 98633.
Stuck 10000 iters at S=100 (final stage). Stopping at iter 98634.
Stuck 10000 iters at S=100 (final stage). Stopping at iter 98635.
Stuck 10000 iters at S=100 (final stage). Stopping at iter 98636.
Stuck 10000 iters at S=100 (final stage). Stopping at iter 98637.
Stuck 10000 iters at S=100 (final stage). Stopping at iter 98638.
Stuck 10000 iters at S=100 (final stage). Stopping at iter 98639.
Stuck 10000 iters at S=100 (final stage). Stopping at iter 98640.
Stuck 10000 iters at S=100 (final stage). Stopping at iter 98641.
Stuck 10000 iters at S=100 (final stage). Stopping at iter 98642.
Stuck 10000 iters at S=100 (final stage). Stopping at iter 98643.
Stuck 10000 iters at S=100 (final stage). Stopping at iter 98644.
Stuck 10000 iters at S=100 (final stage). Stopping at iter 98645.
Stuck 10000 iters at S=100 (final stage). Stopping at iter 98646.
Stuck 10000 iters at S=100 (final stage). Stopping at iter 98647.
Stuck 10000 iters at S=100 (final stage). Stopping at iter 98648.
Stuck 10000 iters at S=100 (final stage). Stopping at iter 98649.
Stuck 10000 iters at S=100 (final stage). Stopping at iter 98650.
Stuck 10000 iters at S=100 (final stage). Stopping at iter 98651.
Stuck 10000 iters at S=100 (final stage). Stopping at iter 98652.
Stuck 10000 iters at S=100 (final stage). Stopping at iter 98653.
Stuck 10000 iters at S=100 (final stage). Stopping at iter 98654.
Stuck 10000 iters at S=100 (final stage). Stopping at iter 98655.
Stuck 10000 iters at S=100 (final stage). Stopping at iter 98656.
Stuck 10000 iters at S=100 (final stage). Stopping at iter 98657.
Stuck 10000 iters at S=100 (final stage). Stopping at iter 98658.
Stuck 10000 iters at S=100 (final stage). Stopping at iter 98659.
Stuck 10000 iters at S=100 (final stage). Stopping at iter 98660.
Stuck 10000 iters at S=100 (final stage). Stopping at iter 98661.
Stuck 10000 iters at S=100 (final stage). Stopping at iter 98662.
Stuck 10000 iters at S=100 (final stage). Stopping at iter 98663.
Stuck 10000 iters at S=100 (final stage). Stopping at iter 98664.
Stuck 10000 iters at S=100 (final stage). Stopping at iter 98665.
Stuck 10000 iters at S=100 (final stage). Stopping at iter 98666.
Stuck 10000 iters at S=100 (final stage). Stopping at iter 98667.
Stuck 10000 iters at S=100 (final stage). Stopping at iter 98668.
Stuck 10000 iters at S=100 (final stage). Stopping at iter 98669.
Stuck 10000 iters at S=100 (final stage). Stopping at iter 98670.
Stuck 10000 iters at S=100 (final stage). Stopping at iter 98671.
Stuck 10000 iters at S=100 (final stage). Stopping at iter 98672.
Stuck 10000 iters at S=100 (final stage). Stopping at iter 98673.
Stuck 10000 iters at S=100 (final stage). Stopping at iter 98674.
Stuck 10000 iters at S=100 (final stage). Stopping at iter 98675.
Stuck 10000 iters at S=100 (final stage). Stopping at iter 98676.
Stuck 10000 iters at S=100 (final stage). Stopping at iter 98677.
Stuck 10000 iters at S=100 (final stage). Stopping at iter 98678.
Stuck 10000 iters at S=100 (final stage). Stopping at iter 98679.
Stuck 10000 iters at S=100 (final stage). Stopping at iter 98680.
Stuck 10000 iters at S=100 (final stage). Stopping at iter 98681.
Stuck 10000 iters at S=100 (final stage). Stopping at iter 98682.
Stuck 10000 iters at S=100 (final stage). Stopping at iter 98683.
Stuck 10000 iters at S=100 (final stage). Stopping at iter 98684.
Stuck 10000 iters at S=100 (final stage). Stopping at iter 98685.
Stuck 10000 iters at S=100 (final stage). Stopping at iter 98686.
Stuck 10000 iters at S=100 (final stage). Stopping at iter 98687.
Stuck 10000 iters at S=100 (final stage). Stopping at iter 98688.
Stuck 10000 iters at S=100 (final stage). Stopping at iter 98689.
Stuck 10000 iters at S=100 (final stage). Stopping at iter 98690.
Stuck 10000 iters at S=100 (final stage). Stopping at iter 98691.
Stuck 10000 iters at S=100 (final stage). Stopping at iter 98692.
Stuck 10000 iters at S=100 (final stage). Stopping at iter 98693.
Stuck 10000 iters at S=100 (final stage). Stopping at iter 98694.
Stuck 10000 iters at S=100 (final stage). Stopping at iter 98695.
Stuck 10000 iters at S=100 (final stage). Stopping at iter 98696.
Stuck 10000 iters at S=100 (final stage). Stopping at iter 98697.
Stuck 10000 iters at S=100 (final stage). Stopping at iter 98698.
Stuck 10000 iters at S=100 (final stage). Stopping at iter 98699.
Stuck 10000 iters at S=100 (final stage). Stopping at iter 98700.
Stuck 10000 iters at S=100 (final stage). Stopping at iter 98701.
Stuck 10000 iters at S=100 (final stage). Stopping at iter 98702.
Stuck 10000 iters at S=100 (final stage). Stopping at iter 98703.
Stuck 10000 iters at S=100 (final stage). Stopping at iter 98704.
Stuck 10000 iters at S=100 (final stage). Stopping at iter 98705.
Stuck 10000 iters at S=100 (final stage). Stopping at iter 98706.
Stuck 10000 iters at S=100 (final stage). Stopping at iter 98707.
Stuck 10000 iters at S=100 (final stage). Stopping at iter 98708.
Stuck 10000 iters at S=100 (final stage). Stopping at iter 98709.
Stuck 10000 iters at S=100 (final stage). Stopping at iter 98710.
Stuck 10000 iters at S=100 (final stage). Stopping at iter 98711.
Stuck 10000 iters at S=100 (final stage). Stopping at iter 98712.
Stuck 10000 iters at S=100 (final stage). Stopping at iter 98713.
Stuck 10000 iters at S=100 (final stage). Stopping at iter 98714.
Stuck 10000 iters at S=100 (final stage). Stopping at iter 98715.
Stuck 10000 iters at S=100 (final stage). Stopping at iter 98716.
Stuck 10000 iters at S=100 (final stage). Stopping at iter 98717.
Stuck 10000 iters at S=100 (final stage). Stopping at iter 98718.
Stuck 10000 iters at S=100 (final stage). Stopping at iter 98719.
Stuck 10000 iters at S=100 (final stage). Stopping at iter 98720.
Stuck 10000 iters at S=100 (final stage). Stopping at iter 98721.
Stuck 10000 iters at S=100 (final stage). Stopping at iter 98722.
Stuck 10000 iters at S=100 (final stage). Stopping at iter 98723.
Stuck 10000 iters at S=100 (final stage). Stopping at iter 98724.
Stuck 10000 iters at S=100 (final stage). Stopping at iter 98725.
Stuck 10000 iters at S=100 (final stage). Stopping at iter 98726.
Stuck 10000 iters at S=100 (final stage). Stopping at iter 98727.
Stuck 10000 iters at S=100 (final stage). Stopping at iter 98728.
Stuck 10000 iters at S=100 (final stage). Stopping at iter 98729.
Stuck 10000 iters at S=100 (final stage). Stopping at iter 98730.
Stuck 10000 iters at S=100 (final stage). Stopping at iter 98731.
Stuck 10000 iters at S=100 (final stage). Stopping at iter 98732.
Stuck 10000 iters at S=100 (final stage). Stopping at iter 98733.
Stuck 10000 iters at S=100 (final stage). Stopping at iter 98734.
Stuck 10000 iters at S=100 (final stage). Stopping at iter 98735.
Stuck 10000 iters at S=100 (final stage). Stopping at iter 98736.
Stuck 10000 iters at S=100 (final stage). Stopping at iter 98737.
Stuck 10000 iters at S=100 (final stage). Stopping at iter 98738.
Stuck 10000 iters at S=100 (final stage). Stopping at iter 98739.
Stuck 10000 iters at S=100 (final stage). Stopping at iter 98740.
Stuck 10000 iters at S=100 (final stage). Stopping at iter 98741.
Stuck 10000 iters at S=100 (final stage). Stopping at iter 98742.
Stuck 10000 iters at S=100 (final stage). Stopping at iter 98743.
Stuck 10000 iters at S=100 (final stage). Stopping at iter 98744.
Stuck 10000 iters at S=100 (final stage). Stopping at iter 98745.
Stuck 10000 iters at S=100 (final stage). Stopping at iter 98746.
Stuck 10000 iters at S=100 (final stage). Stopping at iter 98747.
Stuck 10000 iters at S=100 (final stage). Stopping at iter 98748.
Stuck 10000 iters at S=100 (final stage). Stopping at iter 98749.
Stuck 10000 iters at S=100 (final stage). Stopping at iter 98750.
Stuck 10000 iters at S=100 (final stage). Stopping at iter 98751.
Stuck 10000 iters at S=100 (final stage). Stopping at iter 98752.
Stuck 10000 iters at S=100 (final stage). Stopping at iter 98753.
Stuck 10000 iters at S=100 (final stage). Stopping at iter 98754.
Stuck 10000 iters at S=100 (final stage). Stopping at iter 98755.
Stuck 10000 iters at S=100 (final stage). Stopping at iter 98756.
Stuck 10000 iters at S=100 (final stage). Stopping at iter 98757.
Stuck 10000 iters at S=100 (final stage). Stopping at iter 98758.
Stuck 10000 iters at S=100 (final stage). Stopping at iter 98759.
Stuck 10000 iters at S=100 (final stage). Stopping at iter 98760.
Stuck 10000 iters at S=100 (final stage). Stopping at iter 98761.
Stuck 10000 iters at S=100 (final stage). Stopping at iter 98762.
Stuck 10000 iters at S=100 (final stage). Stopping at iter 98763.
Stuck 10000 iters at S=100 (final stage). Stopping at iter 98764.
Stuck 10000 iters at S=100 (final stage). Stopping at iter 98765.
Stuck 10000 iters at S=100 (final stage). Stopping at iter 98766.
Stuck 10000 iters at S=100 (final stage). Stopping at iter 98767.
Stuck 10000 iters at S=100 (final stage). Stopping at iter 98768.
Stuck 10000 iters at S=100 (final stage). Stopping at iter 98769.
Stuck 10000 iters at S=100 (final stage). Stopping at iter 98770.
Stuck 10000 iters at S=100 (final stage). Stopping at iter 98771.
Stuck 10000 iters at S=100 (final stage). Stopping at iter 98772.
Stuck 10000 iters at S=100 (final stage). Stopping at iter 98773.
Stuck 10000 iters at S=100 (final stage). Stopping at iter 98774.
Stuck 10000 iters at S=100 (final stage). Stopping at iter 98775.
Stuck 10000 iters at S=100 (final stage). Stopping at iter 98776.
Stuck 10000 iters at S=100 (final stage). Stopping at iter 98777.
Stuck 10000 iters at S=100 (final stage). Stopping at iter 98778.
Stuck 10000 iters at S=100 (final stage). Stopping at iter 98779.
Stuck 10000 iters at S=100 (final stage). Stopping at iter 98780.
Stuck 10000 iters at S=100 (final stage). Stopping at iter 98781.
Stuck 10000 iters at S=100 (final stage). Stopping at iter 98782.
Stuck 10000 iters at S=100 (final stage). Stopping at iter 98783.
Stuck 10000 iters at S=100 (final stage). Stopping at iter 98784.
Stuck 10000 iters at S=100 (final stage). Stopping at iter 98785.
Stuck 10000 iters at S=100 (final stage). Stopping at iter 98786.
Stuck 10000 iters at S=100 (final stage). Stopping at iter 98787.
Stuck 10000 iters at S=100 (final stage). Stopping at iter 98788.
Stuck 10000 iters at S=100 (final stage). Stopping at iter 98789.
Stuck 10000 iters at S=100 (final stage). Stopping at iter 98790.
Stuck 10000 iters at S=100 (final stage). Stopping at iter 98791.
Stuck 10000 iters at S=100 (final stage). Stopping at iter 98792.
Stuck 10000 iters at S=100 (final stage). Stopping at iter 98793.
Stuck 10000 iters at S=100 (final stage). Stopping at iter 98794.
Stuck 10000 iters at S=100 (final stage). Stopping at iter 98795.
Stuck 10000 iters at S=100 (final stage). Stopping at iter 98796.
Stuck 10000 iters at S=100 (final stage). Stopping at iter 98797.
Stuck 10000 iters at S=100 (final stage). Stopping at iter 98798.
Stuck 10000 iters at S=100 (final stage). Stopping at iter 98799.
Stuck 10000 iters at S=100 (final stage). Stopping at iter 98800.
Stuck 10000 iters at S=100 (final stage). Stopping at iter 98801.
Stuck 10000 iters at S=100 (final stage). Stopping at iter 98802.
Stuck 10000 iters at S=100 (final stage). Stopping at iter 98803.
Stuck 10000 iters at S=100 (final stage). Stopping at iter 98804.
Stuck 10000 iters at S=100 (final stage). Stopping at iter 98805.
Stuck 10000 iters at S=100 (final stage). Stopping at iter 98806.
Stuck 10000 iters at S=100 (final stage). Stopping at iter 98807.
Stuck 10000 iters at S=100 (final stage). Stopping at iter 98808.
Stuck 10000 iters at S=100 (final stage). Stopping at iter 98809.
Stuck 10000 iters at S=100 (final stage). Stopping at iter 98810.
Stuck 10000 iters at S=100 (final stage). Stopping at iter 98811.
Stuck 10000 iters at S=100 (final stage). Stopping at iter 98812.
Stuck 10000 iters at S=100 (final stage). Stopping at iter 98813.
Stuck 10000 iters at S=100 (final stage). Stopping at iter 98814.
Stuck 10000 iters at S=100 (final stage). Stopping at iter 98815.
Stuck 10000 iters at S=100 (final stage). Stopping at iter 98816.
Stuck 10000 iters at S=100 (final stage). Stopping at iter 98817.
Stuck 10000 iters at S=100 (final stage). Stopping at iter 98818.
Stuck 10000 iters at S=100 (final stage). Stopping at iter 98819.
Stuck 10000 iters at S=100 (final stage). Stopping at iter 98820.
Stuck 10000 iters at S=100 (final stage). Stopping at iter 98821.
Stuck 10000 iters at S=100 (final stage). Stopping at iter 98822.
Stuck 10000 iters at S=100 (final stage). Stopping at iter 98823.
Stuck 10000 iters at S=100 (final stage). Stopping at iter 98824.
Stuck 10000 iters at S=100 (final stage). Stopping at iter 98825.
Stuck 10000 iters at S=100 (final stage). Stopping at iter 98826.
Stuck 10000 iters at S=100 (final stage). Stopping at iter 98827.
Stuck 10000 iters at S=100 (final stage). Stopping at iter 98828.
Stuck 10000 iters at S=100 (final stage). Stopping at iter 98829.
Stuck 10000 iters at S=100 (final stage). Stopping at iter 98830.
Stuck 10000 iters at S=100 (final stage). Stopping at iter 98831.
Stuck 10000 iters at S=100 (final stage). Stopping at iter 98832.
Stuck 10000 iters at S=100 (final stage). Stopping at iter 98833.
Stuck 10000 iters at S=100 (final stage). Stopping at iter 98834.
Stuck 10000 iters at S=100 (final stage). Stopping at iter 98835.
Stuck 10000 iters at S=100 (final stage). Stopping at iter 98836.
Stuck 10000 iters at S=100 (final stage). Stopping at iter 98837.
Stuck 10000 iters at S=100 (final stage). Stopping at iter 98838.
Stuck 10000 iters at S=100 (final stage). Stopping at iter 98839.
Stuck 10000 iters at S=100 (final stage). Stopping at iter 98840.
Stuck 10000 iters at S=100 (final stage). Stopping at iter 98841.
Stuck 10000 iters at S=100 (final stage). Stopping at iter 98842.
Stuck 10000 iters at S=100 (final stage). Stopping at iter 98843.
Stuck 10000 iters at S=100 (final stage). Stopping at iter 98844.
Stuck 10000 iters at S=100 (final stage). Stopping at iter 98845.
Stuck 10000 iters at S=100 (final stage). Stopping at iter 98846.
Stuck 10000 iters at S=100 (final stage). Stopping at iter 98847.
Stuck 10000 iters at S=100 (final stage). Stopping at iter 98848.
Stuck 10000 iters at S=100 (final stage). Stopping at iter 98849.
Stuck 10000 iters at S=100 (final stage). Stopping at iter 98850.
Stuck 10000 iters at S=100 (final stage). Stopping at iter 98851.
Stuck 10000 iters at S=100 (final stage). Stopping at iter 98852.
Stuck 10000 iters at S=100 (final stage). Stopping at iter 98853.
Stuck 10000 iters at S=100 (final stage). Stopping at iter 98854.
Stuck 10000 iters at S=100 (final stage). Stopping at iter 98855.
Stuck 10000 iters at S=100 (final stage). Stopping at iter 98856.
Stuck 10000 iters at S=100 (final stage). Stopping at iter 98857.
Stuck 10000 iters at S=100 (final stage). Stopping at iter 98858.
Stuck 10000 iters at S=100 (final stage). Stopping at iter 98859.
Stuck 10000 iters at S=100 (final stage). Stopping at iter 98860.
Stuck 10000 iters at S=100 (final stage). Stopping at iter 98861.
Stuck 10000 iters at S=100 (final stage). Stopping at iter 98862.
Stuck 10000 iters at S=100 (final stage). Stopping at iter 98863.
Stuck 10000 iters at S=100 (final stage). Stopping at iter 98864.
Stuck 10000 iters at S=100 (final stage). Stopping at iter 98865.
Stuck 10000 iters at S=100 (final stage). Stopping at iter 98866.
Stuck 10000 iters at S=100 (final stage). Stopping at iter 98867.
Stuck 10000 iters at S=100 (final stage). Stopping at iter 98868.
Stuck 10000 iters at S=100 (final stage). Stopping at iter 98869.
Stuck 10000 iters at S=100 (final stage). Stopping at iter 98870.
Stuck 10000 iters at S=100 (final stage). Stopping at iter 98871.
Stuck 10000 iters at S=100 (final stage). Stopping at iter 98872.
Stuck 10000 iters at S=100 (final stage). Stopping at iter 98873.
Stuck 10000 iters at S=100 (final stage). Stopping at iter 98874.
Stuck 10000 iters at S=100 (final stage). Stopping at iter 98875.
Stuck 10000 iters at S=100 (final stage). Stopping at iter 98876.
Stuck 10000 iters at S=100 (final stage). Stopping at iter 98877.
Stuck 10000 iters at S=100 (final stage). Stopping at iter 98878.
Stuck 10000 iters at S=100 (final stage). Stopping at iter 98879.
Stuck 10000 iters at S=100 (final stage). Stopping at iter 98880.
Stuck 10000 iters at S=100 (final stage). Stopping at iter 98881.
Stuck 10000 iters at S=100 (final stage). Stopping at iter 98882.
Stuck 10000 iters at S=100 (final stage). Stopping at iter 98883.
Stuck 10000 iters at S=100 (final stage). Stopping at iter 98884.
Stuck 10000 iters at S=100 (final stage). Stopping at iter 98885.
Stuck 10000 iters at S=100 (final stage). Stopping at iter 98886.
Stuck 10000 iters at S=100 (final stage). Stopping at iter 98887.
Stuck 10000 iters at S=100 (final stage). Stopping at iter 98888.
Stuck 10000 iters at S=100 (final stage). Stopping at iter 98889.
Stuck 10000 iters at S=100 (final stage). Stopping at iter 98890.
Stuck 10000 iters at S=100 (final stage). Stopping at iter 98891.
Stuck 10000 iters at S=100 (final stage). Stopping at iter 98892.
Stuck 10000 iters at S=100 (final stage). Stopping at iter 98893.
Stuck 10000 iters at S=100 (final stage). Stopping at iter 98894.
Stuck 10000 iters at S=100 (final stage). Stopping at iter 98895.
Stuck 10000 iters at S=100 (final stage). Stopping at iter 98896.
Stuck 10000 iters at S=100 (final stage). Stopping at iter 98897.
Stuck 10000 iters at S=100 (final stage). Stopping at iter 98898.
Stuck 10000 iters at S=100 (final stage). Stopping at iter 98899.
Stuck 10000 iters at S=100 (final stage). Stopping at iter 98900.
Stuck 10000 iters at S=100 (final stage). Stopping at iter 98901.
Stuck 10000 iters at S=100 (final stage). Stopping at iter 98902.
Stuck 10000 iters at S=100 (final stage). Stopping at iter 98903.
Stuck 10000 iters at S=100 (final stage). Stopping at iter 98904.
Stuck 10000 iters at S=100 (final stage). Stopping at iter 98905.
Stuck 10000 iters at S=100 (final stage). Stopping at iter 98906.
Stuck 10000 iters at S=100 (final stage). Stopping at iter 98907.
Stuck 10000 iters at S=100 (final stage). Stopping at iter 98908.
Stuck 10000 iters at S=100 (final stage). Stopping at iter 98909.
Stuck 10000 iters at S=100 (final stage). Stopping at iter 98910.
Stuck 10000 iters at S=100 (final stage). Stopping at iter 98911.
Stuck 10000 iters at S=100 (final stage). Stopping at iter 98912.
Stuck 10000 iters at S=100 (final stage). Stopping at iter 98913.
Stuck 10000 iters at S=100 (final stage). Stopping at iter 98914.
Stuck 10000 iters at S=100 (final stage). Stopping at iter 98915.
Stuck 10000 iters at S=100 (final stage). Stopping at iter 98916.
Stuck 10000 iters at S=100 (final stage). Stopping at iter 98917.
Stuck 10000 iters at S=100 (final stage). Stopping at iter 98918.
Stuck 10000 iters at S=100 (final stage). Stopping at iter 98919.
Stuck 10000 iters at S=100 (final stage). Stopping at iter 98920.
Stuck 10000 iters at S=100 (final stage). Stopping at iter 98921.
Stuck 10000 iters at S=100 (final stage). Stopping at iter 98922.
Stuck 10000 iters at S=100 (final stage). Stopping at iter 98923.
Stuck 10000 iters at S=100 (final stage). Stopping at iter 98924.
Stuck 10000 iters at S=100 (final stage). Stopping at iter 98925.
Stuck 10000 iters at S=100 (final stage). Stopping at iter 98926.
Stuck 10000 iters at S=100 (final stage). Stopping at iter 98927.
Stuck 10000 iters at S=100 (final stage). Stopping at iter 98928.
Stuck 10000 iters at S=100 (final stage). Stopping at iter 98929.
Stuck 10000 iters at S=100 (final stage). Stopping at iter 98930.
Stuck 10000 iters at S=100 (final stage). Stopping at iter 98931.
Stuck 10000 iters at S=100 (final stage). Stopping at iter 98932.
Stuck 10000 iters at S=100 (final stage). Stopping at iter 98933.
Stuck 10000 iters at S=100 (final stage). Stopping at iter 98934.
Stuck 10000 iters at S=100 (final stage). Stopping at iter 98935.
Stuck 10000 iters at S=100 (final stage). Stopping at iter 98936.
Stuck 10000 iters at S=100 (final stage). Stopping at iter 98937.
Stuck 10000 iters at S=100 (final stage). Stopping at iter 98938.
Stuck 10000 iters at S=100 (final stage). Stopping at iter 98939.
Stuck 10000 iters at S=100 (final stage). Stopping at iter 98940.
Stuck 10000 iters at S=100 (final stage). Stopping at iter 98941.
Stuck 10000 iters at S=100 (final stage). Stopping at iter 98942.
Stuck 10000 iters at S=100 (final stage). Stopping at iter 98943.
Stuck 10000 iters at S=100 (final stage). Stopping at iter 98944.
Stuck 10000 iters at S=100 (final stage). Stopping at iter 98945.
Stuck 10000 iters at S=100 (final stage). Stopping at iter 98946.
Stuck 10000 iters at S=100 (final stage). Stopping at iter 98947.
Stuck 10000 iters at S=100 (final stage). Stopping at iter 98948.
Stuck 10000 iters at S=100 (final stage). Stopping at iter 98949.
Stuck 10000 iters at S=100 (final stage). Stopping at iter 98950.
Stuck 10000 iters at S=100 (final stage). Stopping at iter 98951.
Stuck 10000 iters at S=100 (final stage). Stopping at iter 98952.
Stuck 10000 iters at S=100 (final stage). Stopping at iter 98953.
Stuck 10000 iters at S=100 (final stage). Stopping at iter 98954.
Stuck 10000 iters at S=100 (final stage). Stopping at iter 98955.
Stuck 10000 iters at S=100 (final stage). Stopping at iter 98956.
Stuck 10000 iters at S=100 (final stage). Stopping at iter 98957.
Stuck 10000 iters at S=100 (final stage). Stopping at iter 98958.
Stuck 10000 iters at S=100 (final stage). Stopping at iter 98959.
Stuck 10000 iters at S=100 (final stage). Stopping at iter 98960.
Stuck 10000 iters at S=100 (final stage). Stopping at iter 98961.
Stuck 10000 iters at S=100 (final stage). Stopping at iter 98962.
Stuck 10000 iters at S=100 (final stage). Stopping at iter 98963.
Stuck 10000 iters at S=100 (final stage). Stopping at iter 98964.
Stuck 10000 iters at S=100 (final stage). Stopping at iter 98965.
Stuck 10000 iters at S=100 (final stage). Stopping at iter 98966.
Stuck 10000 iters at S=100 (final stage). Stopping at iter 98967.
Stuck 10000 iters at S=100 (final stage). Stopping at iter 98968.
Stuck 10000 iters at S=100 (final stage). Stopping at iter 98969.
Stuck 10000 iters at S=100 (final stage). Stopping at iter 98970.
Stuck 10000 iters at S=100 (final stage). Stopping at iter 98971.
Stuck 10000 iters at S=100 (final stage). Stopping at iter 98972.
Stuck 10000 iters at S=100 (final stage). Stopping at iter 98973.
Stuck 10000 iters at S=100 (final stage). Stopping at iter 98974.
Stuck 10000 iters at S=100 (final stage). Stopping at iter 98975.
Stuck 10000 iters at S=100 (final stage). Stopping at iter 98976.
Stuck 10000 iters at S=100 (final stage). Stopping at iter 98977.
Stuck 10000 iters at S=100 (final stage). Stopping at iter 98978.
Stuck 10000 iters at S=100 (final stage). Stopping at iter 98979.
Stuck 10000 iters at S=100 (final stage). Stopping at iter 98980.
Stuck 10000 iters at S=100 (final stage). Stopping at iter 98981.
Stuck 10000 iters at S=100 (final stage). Stopping at iter 98982.
Stuck 10000 iters at S=100 (final stage). Stopping at iter 98983.
Stuck 10000 iters at S=100 (final stage). Stopping at iter 98984.
Stuck 10000 iters at S=100 (final stage). Stopping at iter 98985.
Stuck 10000 iters at S=100 (final stage). Stopping at iter 98986.
Stuck 10000 iters at S=100 (final stage). Stopping at iter 98987.
Stuck 10000 iters at S=100 (final stage). Stopping at iter 98988.
Stuck 10000 iters at S=100 (final stage). Stopping at iter 98989.
Stuck 10000 iters at S=100 (final stage). Stopping at iter 98990.
Stuck 10000 iters at S=100 (final stage). Stopping at iter 98991.
Stuck 10000 iters at S=100 (final stage). Stopping at iter 98992.
Stuck 10000 iters at S=100 (final stage). Stopping at iter 98993.
Stuck 10000 iters at S=100 (final stage). Stopping at iter 98994.
Stuck 10000 iters at S=100 (final stage). Stopping at iter 98995.
Stuck 10000 iters at S=100 (final stage). Stopping at iter 98996.
Stuck 10000 iters at S=100 (final stage). Stopping at iter 98997.
Stuck 10000 iters at S=100 (final stage). Stopping at iter 98998.
Stuck 10000 iters at S=100 (final stage). Stopping at iter 98999.
Stuck 10000 iters at S=100 (final stage). Stopping at iter 99000.
Stuck 10000 iters at S=100 (final stage). Stopping at iter 99001.
Stuck 10000 iters at S=100 (final stage). Stopping at iter 99002.
Stuck 10000 iters at S=100 (final stage). Stopping at iter 99003.
Stuck 10000 iters at S=100 (final stage). Stopping at iter 99004.
Stuck 10000 iters at S=100 (final stage). Stopping at iter 99005.
Stuck 10000 iters at S=100 (final stage). Stopping at iter 99006.
Stuck 10000 iters at S=100 (final stage). Stopping at iter 99007.
Stuck 10000 iters at S=100 (final stage). Stopping at iter 99008.
Stuck 10000 iters at S=100 (final stage). Stopping at iter 99009.
Stuck 10000 iters at S=100 (final stage). Stopping at iter 99010.
Stuck 10000 iters at S=100 (final stage). Stopping at iter 99011.
Stuck 10000 iters at S=100 (final stage). Stopping at iter 99012.
Stuck 10000 iters at S=100 (final stage). Stopping at iter 99013.
Stuck 10000 iters at S=100 (final stage). Stopping at iter 99014.
Stuck 10000 iters at S=100 (final stage). Stopping at iter 99015.
Stuck 10000 iters at S=100 (final stage). Stopping at iter 99016.
Stuck 10000 iters at S=100 (final stage). Stopping at iter 99017.
Stuck 10000 iters at S=100 (final stage). Stopping at iter 99018.
Stuck 10000 iters at S=100 (final stage). Stopping at iter 99019.
Stuck 10000 iters at S=100 (final stage). Stopping at iter 99020.
Stuck 10000 iters at S=100 (final stage). Stopping at iter 99021.
Stuck 10000 iters at S=100 (final stage). Stopping at iter 99022.
Stuck 10000 iters at S=100 (final stage). Stopping at iter 99023.
Stuck 10000 iters at S=100 (final stage). Stopping at iter 99024.
Stuck 10000 iters at S=100 (final stage). Stopping at iter 99025.
Stuck 10000 iters at S=100 (final stage). Stopping at iter 99026.
Stuck 10000 iters at S=100 (final stage). Stopping at iter 99027.
Stuck 10000 iters at S=100 (final stage). Stopping at iter 99028.
Stuck 10000 iters at S=100 (final stage). Stopping at iter 99029.
Stuck 10000 iters at S=100 (final stage). Stopping at iter 99030.
Stuck 10000 iters at S=100 (final stage). Stopping at iter 99031.
Stuck 10000 iters at S=100 (final stage). Stopping at iter 99032.
Stuck 10000 iters at S=100 (final stage). Stopping at iter 99033.
Stuck 10000 iters at S=100 (final stage). Stopping at iter 99034.
Stuck 10000 iters at S=100 (final stage). Stopping at iter 99035.
Stuck 10000 iters at S=100 (final stage). Stopping at iter 99036.
Stuck 10000 iters at S=100 (final stage). Stopping at iter 99037.
Stuck 10000 iters at S=100 (final stage). Stopping at iter 99038.
Stuck 10000 iters at S=100 (final stage). Stopping at iter 99039.
Stuck 10000 iters at S=100 (final stage). Stopping at iter 99040.
Stuck 10000 iters at S=100 (final stage). Stopping at iter 99041.
Stuck 10000 iters at S=100 (final stage). Stopping at iter 99042.
Stuck 10000 iters at S=100 (final stage). Stopping at iter 99043.
Stuck 10000 iters at S=100 (final stage). Stopping at iter 99044.
Stuck 10000 iters at S=100 (final stage). Stopping at iter 99045.
Stuck 10000 iters at S=100 (final stage). Stopping at iter 99046.
Stuck 10000 iters at S=100 (final stage). Stopping at iter 99047.
Stuck 10000 iters at S=100 (final stage). Stopping at iter 99048.
Stuck 10000 iters at S=100 (final stage). Stopping at iter 99049.
Stuck 10000 iters at S=100 (final stage). Stopping at iter 99050.
Stuck 10000 iters at S=100 (final stage). Stopping at iter 99051.
Stuck 10000 iters at S=100 (final stage). Stopping at iter 99052.
Stuck 10000 iters at S=100 (final stage). Stopping at iter 99053.
Stuck 10000 iters at S=100 (final stage). Stopping at iter 99054.
Stuck 10000 iters at S=100 (final stage). Stopping at iter 99055.
Stuck 10000 iters at S=100 (final stage). Stopping at iter 99056.
Stuck 10000 iters at S=100 (final stage). Stopping at iter 99057.
Stuck 10000 iters at S=100 (final stage). Stopping at iter 99058.
Stuck 10000 iters at S=100 (final stage). Stopping at iter 99059.
Stuck 10000 iters at S=100 (final stage). Stopping at iter 99060.
Stuck 10000 iters at S=100 (final stage). Stopping at iter 99061.
Stuck 10000 iters at S=100 (final stage). Stopping at iter 99062.
Stuck 10000 iters at S=100 (final stage). Stopping at iter 99063.
Stuck 10000 iters at S=100 (final stage). Stopping at iter 99064.
Stuck 10000 iters at S=100 (final stage). Stopping at iter 99065.
Stuck 10000 iters at S=100 (final stage). Stopping at iter 99066.
Stuck 10000 iters at S=100 (final stage). Stopping at iter 99067.
Stuck 10000 iters at S=100 (final stage). Stopping at iter 99068.
Stuck 10000 iters at S=100 (final stage). Stopping at iter 99069.
Stuck 10000 iters at S=100 (final stage). Stopping at iter 99070.
Stuck 10000 iters at S=100 (final stage). Stopping at iter 99071.
Stuck 10000 iters at S=100 (final stage). Stopping at iter 99072.
Stuck 10000 iters at S=100 (final stage). Stopping at iter 99073.
Stuck 10000 iters at S=100 (final stage). Stopping at iter 99074.
Stuck 10000 iters at S=100 (final stage). Stopping at iter 99075.
Stuck 10000 iters at S=100 (final stage). Stopping at iter 99076.
Stuck 10000 iters at S=100 (final stage). Stopping at iter 99077.
Stuck 10000 iters at S=100 (final stage). Stopping at iter 99078.
Stuck 10000 iters at S=100 (final stage). Stopping at iter 99079.
Stuck 10000 iters at S=100 (final stage). Stopping at iter 99080.
Stuck 10000 iters at S=100 (final stage). Stopping at iter 99081.
Stuck 10000 iters at S=100 (final stage). Stopping at iter 99082.
Stuck 10000 iters at S=100 (final stage). Stopping at iter 99083.
Stuck 10000 iters at S=100 (final stage). Stopping at iter 99084.
Stuck 10000 iters at S=100 (final stage). Stopping at iter 99085.
Stuck 10000 iters at S=100 (final stage). Stopping at iter 99086.
Stuck 10000 iters at S=100 (final stage). Stopping at iter 99087.
Stuck 10000 iters at S=100 (final stage). Stopping at iter 99088.
Stuck 10000 iters at S=100 (final stage). Stopping at iter 99089.
Stuck 10000 iters at S=100 (final stage). Stopping at iter 99090.
Stuck 10000 iters at S=100 (final stage). Stopping at iter 99091.
Stuck 10000 iters at S=100 (final stage). Stopping at iter 99092.
Stuck 10000 iters at S=100 (final stage). Stopping at iter 99093.
Stuck 10000 iters at S=100 (final stage). Stopping at iter 99094.
Stuck 10000 iters at S=100 (final stage). Stopping at iter 99095.
Stuck 10000 iters at S=100 (final stage). Stopping at iter 99096.
Stuck 10000 iters at S=100 (final stage). Stopping at iter 99097.
Stuck 10000 iters at S=100 (final stage). Stopping at iter 99098.
Stuck 10000 iters at S=100 (final stage). Stopping at iter 99099.
Stuck 10000 iters at S=100 (final stage). Stopping at iter 99100.
Stuck 10000 iters at S=100 (final stage). Stopping at iter 99101.
Stuck 10000 iters at S=100 (final stage). Stopping at iter 99102.
Stuck 10000 iters at S=100 (final stage). Stopping at iter 99103.
Stuck 10000 iters at S=100 (final stage). Stopping at iter 99104.
Stuck 10000 iters at S=100 (final stage). Stopping at iter 99105.
Stuck 10000 iters at S=100 (final stage). Stopping at iter 99106.
Stuck 10000 iters at S=100 (final stage). Stopping at iter 99107.
Stuck 10000 iters at S=100 (final stage). Stopping at iter 99108.
Stuck 10000 iters at S=100 (final stage). Stopping at iter 99109.
Stuck 10000 iters at S=100 (final stage). Stopping at iter 99110.
Stuck 10000 iters at S=100 (final stage). Stopping at iter 99111.
Stuck 10000 iters at S=100 (final stage). Stopping at iter 99112.
Stuck 10000 iters at S=100 (final stage). Stopping at iter 99113.
Stuck 10000 iters at S=100 (final stage). Stopping at iter 99114.
Stuck 10000 iters at S=100 (final stage). Stopping at iter 99115.
Stuck 10000 iters at S=100 (final stage). Stopping at iter 99116.
Stuck 10000 iters at S=100 (final stage). Stopping at iter 99117.
Stuck 10000 iters at S=100 (final stage). Stopping at iter 99118.
Stuck 10000 iters at S=100 (final stage). Stopping at iter 99119.
Stuck 10000 iters at S=100 (final stage). Stopping at iter 99120.
Stuck 10000 iters at S=100 (final stage). Stopping at iter 99121.
Stuck 10000 iters at S=100 (final stage). Stopping at iter 99122.
Stuck 10000 iters at S=100 (final stage). Stopping at iter 99123.
Stuck 10000 iters at S=100 (final stage). Stopping at iter 99124.
Stuck 10000 iters at S=100 (final stage). Stopping at iter 99125.
Stuck 10000 iters at S=100 (final stage). Stopping at iter 99126.
Stuck 10000 iters at S=100 (final stage). Stopping at iter 99127.
Stuck 10000 iters at S=100 (final stage). Stopping at iter 99128.
Stuck 10000 iters at S=100 (final stage). Stopping at iter 99129.
Stuck 10000 iters at S=100 (final stage). Stopping at iter 99130.
Stuck 10000 iters at S=100 (final stage). Stopping at iter 99131.
Stuck 10000 iters at S=100 (final stage). Stopping at iter 99132.
Stuck 10000 iters at S=100 (final stage). Stopping at iter 99133.
Stuck 10000 iters at S=100 (final stage). Stopping at iter 99134.
Stuck 10000 iters at S=100 (final stage). Stopping at iter 99135.
Stuck 10000 iters at S=100 (final stage). Stopping at iter 99136.
Stuck 10000 iters at S=100 (final stage). Stopping at iter 99137.
Stuck 10000 iters at S=100 (final stage). Stopping at iter 99138.
Stuck 10000 iters at S=100 (final stage). Stopping at iter 99139.
Stuck 10000 iters at S=100 (final stage). Stopping at iter 99140.
Stuck 10000 iters at S=100 (final stage). Stopping at iter 99141.
Stuck 10000 iters at S=100 (final stage). Stopping at iter 99142.
Stuck 10000 iters at S=100 (final stage). Stopping at iter 99143.
Stuck 10000 iters at S=100 (final stage). Stopping at iter 99144.
Stuck 10000 iters at S=100 (final stage). Stopping at iter 99145.
Stuck 10000 iters at S=100 (final stage). Stopping at iter 99146.
Stuck 10000 iters at S=100 (final stage). Stopping at iter 99147.
Stuck 10000 iters at S=100 (final stage). Stopping at iter 99148.
Stuck 10000 iters at S=100 (final stage). Stopping at iter 99149.
Stuck 10000 iters at S=100 (final stage). Stopping at iter 99150.
Stuck 10000 iters at S=100 (final stage). Stopping at iter 99151.
Stuck 10000 iters at S=100 (final stage). Stopping at iter 99152.
Stuck 10000 iters at S=100 (final stage). Stopping at iter 99153.
Stuck 10000 iters at S=100 (final stage). Stopping at iter 99154.
Stuck 10000 iters at S=100 (final stage). Stopping at iter 99155.
Stuck 10000 iters at S=100 (final stage). Stopping at iter 99156.
Stuck 10000 iters at S=100 (final stage). Stopping at iter 99157.
Stuck 10000 iters at S=100 (final stage). Stopping at iter 99158.
Stuck 10000 iters at S=100 (final stage). Stopping at iter 99159.
Stuck 10000 iters at S=100 (final stage). Stopping at iter 99160.
Stuck 10000 iters at S=100 (final stage). Stopping at iter 99161.
Stuck 10000 iters at S=100 (final stage). Stopping at iter 99162.
Stuck 10000 iters at S=100 (final stage). Stopping at iter 99163.
Stuck 10000 iters at S=100 (final stage). Stopping at iter 99164.
Stuck 10000 iters at S=100 (final stage). Stopping at iter 99165.
Stuck 10000 iters at S=100 (final stage). Stopping at iter 99166.
Stuck 10000 iters at S=100 (final stage). Stopping at iter 99167.
Stuck 10000 iters at S=100 (final stage). Stopping at iter 99168.
Stuck 10000 iters at S=100 (final stage). Stopping at iter 99169.
Stuck 10000 iters at S=100 (final stage). Stopping at iter 99170.
Stuck 10000 iters at S=100 (final stage). Stopping at iter 99171.
Stuck 10000 iters at S=100 (final stage). Stopping at iter 99172.
Stuck 10000 iters at S=100 (final stage). Stopping at iter 99173.
Stuck 10000 iters at S=100 (final stage). Stopping at iter 99174.
Stuck 10000 iters at S=100 (final stage). Stopping at iter 99175.
Stuck 10000 iters at S=100 (final stage). Stopping at iter 99176.
Stuck 10000 iters at S=100 (final stage). Stopping at iter 99177.
Stuck 10000 iters at S=100 (final stage). Stopping at iter 99178.
Stuck 10000 iters at S=100 (final stage). Stopping at iter 99179.
Stuck 10000 iters at S=100 (final stage). Stopping at iter 99180.
Stuck 10000 iters at S=100 (final stage). Stopping at iter 99181.
Stuck 10000 iters at S=100 (final stage). Stopping at iter 99182.
Stuck 10000 iters at S=100 (final stage). Stopping at iter 99183.
Stuck 10000 iters at S=100 (final stage). Stopping at iter 99184.
Stuck 10000 iters at S=100 (final stage). Stopping at iter 99185.
Stuck 10000 iters at S=100 (final stage). Stopping at iter 99186.
Stuck 10000 iters at S=100 (final stage). Stopping at iter 99187.
Stuck 10000 iters at S=100 (final stage). Stopping at iter 99188.
Stuck 10000 iters at S=100 (final stage). Stopping at iter 99189.
Stuck 10000 iters at S=100 (final stage). Stopping at iter 99190.
Stuck 10000 iters at S=100 (final stage). Stopping at iter 99191.
Stuck 10000 iters at S=100 (final stage). Stopping at iter 99192.
Stuck 10000 iters at S=100 (final stage). Stopping at iter 99193.
Stuck 10000 iters at S=100 (final stage). Stopping at iter 99194.
Stuck 10000 iters at S=100 (final stage). Stopping at iter 99195.
Stuck 10000 iters at S=100 (final stage). Stopping at iter 99196.
Stuck 10000 iters at S=100 (final stage). Stopping at iter 99197.
Stuck 10000 iters at S=100 (final stage). Stopping at iter 99198.
Stuck 10000 iters at S=100 (final stage). Stopping at iter 99199.
Stuck 10000 iters at S=100 (final stage). Stopping at iter 99200.
Stuck 10000 iters at S=100 (final stage). Stopping at iter 99201.
Stuck 10000 iters at S=100 (final stage). Stopping at iter 99202.
Stuck 10000 iters at S=100 (final stage). Stopping at iter 99203.
Stuck 10000 iters at S=100 (final stage). Stopping at iter 99204.
Stuck 10000 iters at S=100 (final stage). Stopping at iter 99205.
Stuck 10000 iters at S=100 (final stage). Stopping at iter 99206.
Stuck 10000 iters at S=100 (final stage). Stopping at iter 99207.
Stuck 10000 iters at S=100 (final stage). Stopping at iter 99208.
Stuck 10000 iters at S=100 (final stage). Stopping at iter 99209.
Stuck 10000 iters at S=100 (final stage). Stopping at iter 99210.
Stuck 10000 iters at S=100 (final stage). Stopping at iter 99211.
Stuck 10000 iters at S=100 (final stage). Stopping at iter 99212.
Stuck 10000 iters at S=100 (final stage). Stopping at iter 99213.
Stuck 10000 iters at S=100 (final stage). Stopping at iter 99214.
Stuck 10000 iters at S=100 (final stage). Stopping at iter 99215.
Stuck 10000 iters at S=100 (final stage). Stopping at iter 99216.
Stuck 10000 iters at S=100 (final stage). Stopping at iter 99217.
Stuck 10000 iters at S=100 (final stage). Stopping at iter 99218.
Stuck 10000 iters at S=100 (final stage). Stopping at iter 99219.
Stuck 10000 iters at S=100 (final stage). Stopping at iter 99220.
Stuck 10000 iters at S=100 (final stage). Stopping at iter 99221.
Stuck 10000 iters at S=100 (final stage). Stopping at iter 99222.
Stuck 10000 iters at S=100 (final stage). Stopping at iter 99223.
Stuck 10000 iters at S=100 (final stage). Stopping at iter 99224.
Stuck 10000 iters at S=100 (final stage). Stopping at iter 99225.
Stuck 10000 iters at S=100 (final stage). Stopping at iter 99226.
Stuck 10000 iters at S=100 (final stage). Stopping at iter 99227.
Stuck 10000 iters at S=100 (final stage). Stopping at iter 99228.
Stuck 10000 iters at S=100 (final stage). Stopping at iter 99229.
Stuck 10000 iters at S=100 (final stage). Stopping at iter 99230.
Stuck 10000 iters at S=100 (final stage). Stopping at iter 99231.
Stuck 10000 iters at S=100 (final stage). Stopping at iter 99232.
Stuck 10000 iters at S=100 (final stage). Stopping at iter 99233.
Stuck 10000 iters at S=100 (final stage). Stopping at iter 99234.
Stuck 10000 iters at S=100 (final stage). Stopping at iter 99235.
Stuck 10000 iters at S=100 (final stage). Stopping at iter 99236.
Stuck 10000 iters at S=100 (final stage). Stopping at iter 99237.
Stuck 10000 iters at S=100 (final stage). Stopping at iter 99238.
Stuck 10000 iters at S=100 (final stage). Stopping at iter 99239.
Stuck 10000 iters at S=100 (final stage). Stopping at iter 99240.
Stuck 10000 iters at S=100 (final stage). Stopping at iter 99241.
Stuck 10000 iters at S=100 (final stage). Stopping at iter 99242.
Stuck 10000 iters at S=100 (final stage). Stopping at iter 99243.
Stuck 10000 iters at S=100 (final stage). Stopping at iter 99244.
Stuck 10000 iters at S=100 (final stage). Stopping at iter 99245.
Stuck 10000 iters at S=100 (final stage). Stopping at iter 99246.
Stuck 10000 iters at S=100 (final stage). Stopping at iter 99247.
Stuck 10000 iters at S=100 (final stage). Stopping at iter 99248.
Stuck 10000 iters at S=100 (final stage). Stopping at iter 99249.
Stuck 10000 iters at S=100 (final stage). Stopping at iter 99250.
Stuck 10000 iters at S=100 (final stage). Stopping at iter 99251.
Stuck 10000 iters at S=100 (final stage). Stopping at iter 99252.
Stuck 10000 iters at S=100 (final stage). Stopping at iter 99253.
Stuck 10000 iters at S=100 (final stage). Stopping at iter 99254.
Stuck 10000 iters at S=100 (final stage). Stopping at iter 99255.
Stuck 10000 iters at S=100 (final stage). Stopping at iter 99256.
Stuck 10000 iters at S=100 (final stage). Stopping at iter 99257.
Stuck 10000 iters at S=100 (final stage). Stopping at iter 99258.
Stuck 10000 iters at S=100 (final stage). Stopping at iter 99259.
Stuck 10000 iters at S=100 (final stage). Stopping at iter 99260.
Stuck 10000 iters at S=100 (final stage). Stopping at iter 99261.
Stuck 10000 iters at S=100 (final stage). Stopping at iter 99262.
Stuck 10000 iters at S=100 (final stage). Stopping at iter 99263.
Stuck 10000 iters at S=100 (final stage). Stopping at iter 99264.
Stuck 10000 iters at S=100 (final stage). Stopping at iter 99265.
Stuck 10000 iters at S=100 (final stage). Stopping at iter 99266.
Stuck 10000 iters at S=100 (final stage). Stopping at iter 99267.
Stuck 10000 iters at S=100 (final stage). Stopping at iter 99268.
Stuck 10000 iters at S=100 (final stage). Stopping at iter 99269.
Stuck 10000 iters at S=100 (final stage). Stopping at iter 99270.
Stuck 10000 iters at S=100 (final stage). Stopping at iter 99271.
Stuck 10000 iters at S=100 (final stage). Stopping at iter 99272.
Stuck 10000 iters at S=100 (final stage). Stopping at iter 99273.
Stuck 10000 iters at S=100 (final stage). Stopping at iter 99274.
Stuck 10000 iters at S=100 (final stage). Stopping at iter 99275.
Stuck 10000 iters at S=100 (final stage). Stopping at iter 99276.
Stuck 10000 iters at S=100 (final stage). Stopping at iter 99277.
Stuck 10000 iters at S=100 (final stage). Stopping at iter 99278.
Stuck 10000 iters at S=100 (final stage). Stopping at iter 99279.
Stuck 10000 iters at S=100 (final stage). Stopping at iter 99280.
Stuck 10000 iters at S=100 (final stage). Stopping at iter 99281.
Stuck 10000 iters at S=100 (final stage). Stopping at iter 99282.
Stuck 10000 iters at S=100 (final stage). Stopping at iter 99283.
Stuck 10000 iters at S=100 (final stage). Stopping at iter 99284.
Stuck 10000 iters at S=100 (final stage). Stopping at iter 99285.
Stuck 10000 iters at S=100 (final stage). Stopping at iter 99286.
Stuck 10000 iters at S=100 (final stage). Stopping at iter 99287.
Stuck 10000 iters at S=100 (final stage). Stopping at iter 99288.
Stuck 10000 iters at S=100 (final stage). Stopping at iter 99289.
Stuck 10000 iters at S=100 (final stage). Stopping at iter 99290.
Stuck 10000 iters at S=100 (final stage). Stopping at iter 99291.
Stuck 10000 iters at S=100 (final stage). Stopping at iter 99292.
Stuck 10000 iters at S=100 (final stage). Stopping at iter 99293.
Stuck 10000 iters at S=100 (final stage). Stopping at iter 99294.
Stuck 10000 iters at S=100 (final stage). Stopping at iter 99295.
Stuck 10000 iters at S=100 (final stage). Stopping at iter 99296.
Stuck 10000 iters at S=100 (final stage). Stopping at iter 99297.
Stuck 10000 iters at S=100 (final stage). Stopping at iter 99298.
Stuck 10000 iters at S=100 (final stage). Stopping at iter 99299.
Stuck 10000 iters at S=100 (final stage). Stopping at iter 99300.
Stuck 10000 iters at S=100 (final stage). Stopping at iter 99301.
Stuck 10000 iters at S=100 (final stage). Stopping at iter 99302.
Stuck 10000 iters at S=100 (final stage). Stopping at iter 99303.
Stuck 10000 iters at S=100 (final stage). Stopping at iter 99304.
Stuck 10000 iters at S=100 (final stage). Stopping at iter 99305.
Stuck 10000 iters at S=100 (final stage). Stopping at iter 99306.
Stuck 10000 iters at S=100 (final stage). Stopping at iter 99307.
Stuck 10000 iters at S=100 (final stage). Stopping at iter 99308.
Stuck 10000 iters at S=100 (final stage). Stopping at iter 99309.
Stuck 10000 iters at S=100 (final stage). Stopping at iter 99310.
Stuck 10000 iters at S=100 (final stage). Stopping at iter 99311.
Stuck 10000 iters at S=100 (final stage). Stopping at iter 99312.
Stuck 10000 iters at S=100 (final stage). Stopping at iter 99313.
Stuck 10000 iters at S=100 (final stage). Stopping at iter 99314.
Stuck 10000 iters at S=100 (final stage). Stopping at iter 99315.
Stuck 10000 iters at S=100 (final stage). Stopping at iter 99316.
Stuck 10000 iters at S=100 (final stage). Stopping at iter 99317.
Stuck 10000 iters at S=100 (final stage). Stopping at iter 99318.
Stuck 10000 iters at S=100 (final stage). Stopping at iter 99319.
Stuck 10000 iters at S=100 (final stage). Stopping at iter 99320.
Stuck 10000 iters at S=100 (final stage). Stopping at iter 99321.
Stuck 10000 iters at S=100 (final stage). Stopping at iter 99322.
Stuck 10000 iters at S=100 (final stage). Stopping at iter 99323.
Stuck 10000 iters at S=100 (final stage). Stopping at iter 99324.
Stuck 10000 iters at S=100 (final stage). Stopping at iter 99325.
Stuck 10000 iters at S=100 (final stage). Stopping at iter 99326.
Stuck 10000 iters at S=100 (final stage). Stopping at iter 99327.
Stuck 10000 iters at S=100 (final stage). Stopping at iter 99328.
Stuck 10000 iters at S=100 (final stage). Stopping at iter 99329.
Stuck 10000 iters at S=100 (final stage). Stopping at iter 99330.
Stuck 10000 iters at S=100 (final stage). Stopping at iter 99331.
Stuck 10000 iters at S=100 (final stage). Stopping at iter 99332.
Stuck 10000 iters at S=100 (final stage). Stopping at iter 99333.
Stuck 10000 iters at S=100 (final stage). Stopping at iter 99334.
Stuck 10000 iters at S=100 (final stage). Stopping at iter 99335.
Stuck 10000 iters at S=100 (final stage). Stopping at iter 99336.
Stuck 10000 iters at S=100 (final stage). Stopping at iter 99337.
Stuck 10000 iters at S=100 (final stage). Stopping at iter 99338.
Stuck 10000 iters at S=100 (final stage). Stopping at iter 99339.
Stuck 10000 iters at S=100 (final stage). Stopping at iter 99340.
Stuck 10000 iters at S=100 (final stage). Stopping at iter 99341.
Stuck 10000 iters at S=100 (final stage). Stopping at iter 99342.
Stuck 10000 iters at S=100 (final stage). Stopping at iter 99343.
Stuck 10000 iters at S=100 (final stage). Stopping at iter 99344.
Stuck 10000 iters at S=100 (final stage). Stopping at iter 99345.
Stuck 10000 iters at S=100 (final stage). Stopping at iter 99346.
Stuck 10000 iters at S=100 (final stage). Stopping at iter 99347.
Stuck 10000 iters at S=100 (final stage). Stopping at iter 99348.
Stuck 10000 iters at S=100 (final stage). Stopping at iter 99349.
Stuck 10000 iters at S=100 (final stage). Stopping at iter 99350.
Stuck 10000 iters at S=100 (final stage). Stopping at iter 99351.
Stuck 10000 iters at S=100 (final stage). Stopping at iter 99352.
Stuck 10000 iters at S=100 (final stage). Stopping at iter 99353.
Stuck 10000 iters at S=100 (final stage). Stopping at iter 99354.
Stuck 10000 iters at S=100 (final stage). Stopping at iter 99355.
Stuck 10000 iters at S=100 (final stage). Stopping at iter 99356.
Stuck 10000 iters at S=100 (final stage). Stopping at iter 99357.
Stuck 10000 iters at S=100 (final stage). Stopping at iter 99358.
Stuck 10000 iters at S=100 (final stage). Stopping at iter 99359.
Stuck 10000 iters at S=100 (final stage). Stopping at iter 99360.
Stuck 10000 iters at S=100 (final stage). Stopping at iter 99361.
Stuck 10000 iters at S=100 (final stage). Stopping at iter 99362.
Stuck 10000 iters at S=100 (final stage). Stopping at iter 99363.
Stuck 10000 iters at S=100 (final stage). Stopping at iter 99364.
Stuck 10000 iters at S=100 (final stage). Stopping at iter 99365.
Stuck 10000 iters at S=100 (final stage). Stopping at iter 99366.
Stuck 10000 iters at S=100 (final stage). Stopping at iter 99367.
Stuck 10000 iters at S=100 (final stage). Stopping at iter 99368.
Stuck 10000 iters at S=100 (final stage). Stopping at iter 99369.
Stuck 10000 iters at S=100 (final stage). Stopping at iter 99370.
Stuck 10000 iters at S=100 (final stage). Stopping at iter 99371.
Stuck 10000 iters at S=100 (final stage). Stopping at iter 99372.
Stuck 10000 iters at S=100 (final stage). Stopping at iter 99373.
Stuck 10000 iters at S=100 (final stage). Stopping at iter 99374.
Stuck 10000 iters at S=100 (final stage). Stopping at iter 99375.
Stuck 10000 iters at S=100 (final stage). Stopping at iter 99376.
Stuck 10000 iters at S=100 (final stage). Stopping at iter 99377.
Stuck 10000 iters at S=100 (final stage). Stopping at iter 99378.
Stuck 10000 iters at S=100 (final stage). Stopping at iter 99379.
Stuck 10000 iters at S=100 (final stage). Stopping at iter 99380.
Stuck 10000 iters at S=100 (final stage). Stopping at iter 99381.
Stuck 10000 iters at S=100 (final stage). Stopping at iter 99382.
Stuck 10000 iters at S=100 (final stage). Stopping at iter 99383.
Stuck 10000 iters at S=100 (final stage). Stopping at iter 99384.
Stuck 10000 iters at S=100 (final stage). Stopping at iter 99385.
Stuck 10000 iters at S=100 (final stage). Stopping at iter 99386.
Stuck 10000 iters at S=100 (final stage). Stopping at iter 99387.
Stuck 10000 iters at S=100 (final stage). Stopping at iter 99388.
Stuck 10000 iters at S=100 (final stage). Stopping at iter 99389.
Stuck 10000 iters at S=100 (final stage). Stopping at iter 99390.
Stuck 10000 iters at S=100 (final stage). Stopping at iter 99391.
Stuck 10000 iters at S=100 (final stage). Stopping at iter 99392.
Stuck 10000 iters at S=100 (final stage). Stopping at iter 99393.
Stuck 10000 iters at S=100 (final stage). Stopping at iter 99394.
Stuck 10000 iters at S=100 (final stage). Stopping at iter 99395.
Stuck 10000 iters at S=100 (final stage). Stopping at iter 99396.
Stuck 10000 iters at S=100 (final stage). Stopping at iter 99397.
Stuck 10000 iters at S=100 (final stage). Stopping at iter 99398.
Stuck 10000 iters at S=100 (final stage). Stopping at iter 99399.
Stuck 10000 iters at S=100 (final stage). Stopping at iter 99400.
Stuck 10000 iters at S=100 (final stage). Stopping at iter 99401.
Stuck 10000 iters at S=100 (final stage). Stopping at iter 99402.
Stuck 10000 iters at S=100 (final stage). Stopping at iter 99403.
Stuck 10000 iters at S=100 (final stage). Stopping at iter 99404.
Stuck 10000 iters at S=100 (final stage). Stopping at iter 99405.
Stuck 10000 iters at S=100 (final stage). Stopping at iter 99406.
Stuck 10000 iters at S=100 (final stage). Stopping at iter 99407.
Stuck 10000 iters at S=100 (final stage). Stopping at iter 99408.
Stuck 10000 iters at S=100 (final stage). Stopping at iter 99409.
Stuck 10000 iters at S=100 (final stage). Stopping at iter 99410.
Stuck 10000 iters at S=100 (final stage). Stopping at iter 99411.
Stuck 10000 iters at S=100 (final stage). Stopping at iter 99412.
Stuck 10000 iters at S=100 (final stage). Stopping at iter 99413.
Stuck 10000 iters at S=100 (final stage). Stopping at iter 99414.
Stuck 10000 iters at S=100 (final stage). Stopping at iter 99415.
Stuck 10000 iters at S=100 (final stage). Stopping at iter 99416.
Stuck 10000 iters at S=100 (final stage). Stopping at iter 99417.
Stuck 10000 iters at S=100 (final stage). Stopping at iter 99418.
Stuck 10000 iters at S=100 (final stage). Stopping at iter 99419.
Stuck 10000 iters at S=100 (final stage). Stopping at iter 99420.
Stuck 10000 iters at S=100 (final stage). Stopping at iter 99421.
Stuck 10000 iters at S=100 (final stage). Stopping at iter 99422.
Stuck 10000 iters at S=100 (final stage). Stopping at iter 99423.
Stuck 10000 iters at S=100 (final stage). Stopping at iter 99424.
Stuck 10000 iters at S=100 (final stage). Stopping at iter 99425.
Stuck 10000 iters at S=100 (final stage). Stopping at iter 99426.
Stuck 10000 iters at S=100 (final stage). Stopping at iter 99427.
Stuck 10000 iters at S=100 (final stage). Stopping at iter 99428.
Stuck 10000 iters at S=100 (final stage). Stopping at iter 99429.
Stuck 10000 iters at S=100 (final stage). Stopping at iter 99430.
Stuck 10000 iters at S=100 (final stage). Stopping at iter 99431.
Stuck 10000 iters at S=100 (final stage). Stopping at iter 99432.
Stuck 10000 iters at S=100 (final stage). Stopping at iter 99433.
Stuck 10000 iters at S=100 (final stage). Stopping at iter 99434.
Stuck 10000 iters at S=100 (final stage). Stopping at iter 99435.
Stuck 10000 iters at S=100 (final stage). Stopping at iter 99436.
Stuck 10000 iters at S=100 (final stage). Stopping at iter 99437.
Stuck 10000 iters at S=100 (final stage). Stopping at iter 99438.
Stuck 10000 iters at S=100 (final stage). Stopping at iter 99439.
Stuck 10000 iters at S=100 (final stage). Stopping at iter 99440.
Stuck 10000 iters at S=100 (final stage). Stopping at iter 99441.
Stuck 10000 iters at S=100 (final stage). Stopping at iter 99442.
Stuck 10000 iters at S=100 (final stage). Stopping at iter 99443.
Stuck 10000 iters at S=100 (final stage). Stopping at iter 99444.
Stuck 10000 iters at S=100 (final stage). Stopping at iter 99445.
Stuck 10000 iters at S=100 (final stage). Stopping at iter 99446.
Stuck 10000 iters at S=100 (final stage). Stopping at iter 99447.
Stuck 10000 iters at S=100 (final stage). Stopping at iter 99448.
Stuck 10000 iters at S=100 (final stage). Stopping at iter 99449.
Stuck 10000 iters at S=100 (final stage). Stopping at iter 99450.
Stuck 10000 iters at S=100 (final stage). Stopping at iter 99451.
Stuck 10000 iters at S=100 (final stage). Stopping at iter 99452.
Stuck 10000 iters at S=100 (final stage). Stopping at iter 99453.
Stuck 10000 iters at S=100 (final stage). Stopping at iter 99454.
Stuck 10000 iters at S=100 (final stage). Stopping at iter 99455.
Stuck 10000 iters at S=100 (final stage). Stopping at iter 99456.
Stuck 10000 iters at S=100 (final stage). Stopping at iter 99457.
Stuck 10000 iters at S=100 (final stage). Stopping at iter 99458.
Stuck 10000 iters at S=100 (final stage). Stopping at iter 99459.
Stuck 10000 iters at S=100 (final stage). Stopping at iter 99460.
Stuck 10000 iters at S=100 (final stage). Stopping at iter 99461.
Stuck 10000 iters at S=100 (final stage). Stopping at iter 99462.
Stuck 10000 iters at S=100 (final stage). Stopping at iter 99463.
Stuck 10000 iters at S=100 (final stage). Stopping at iter 99464.
Stuck 10000 iters at S=100 (final stage). Stopping at iter 99465.
Stuck 10000 iters at S=100 (final stage). Stopping at iter 99466.
Stuck 10000 iters at S=100 (final stage). Stopping at iter 99467.
Stuck 10000 iters at S=100 (final stage). Stopping at iter 99468.
Stuck 10000 iters at S=100 (final stage). Stopping at iter 99469.
Stuck 10000 iters at S=100 (final stage). Stopping at iter 99470.
Stuck 10000 iters at S=100 (final stage). Stopping at iter 99471.
Stuck 10000 iters at S=100 (final stage). Stopping at iter 99472.
Stuck 10000 iters at S=100 (final stage). Stopping at iter 99473.
Stuck 10000 iters at S=100 (final stage). Stopping at iter 99474.
Stuck 10000 iters at S=100 (final stage). Stopping at iter 99475.
Stuck 10000 iters at S=100 (final stage). Stopping at iter 99476.
Stuck 10000 iters at S=100 (final stage). Stopping at iter 99477.
Stuck 10000 iters at S=100 (final stage). Stopping at iter 99478.
Stuck 10000 iters at S=100 (final stage). Stopping at iter 99479.
Stuck 10000 iters at S=100 (final stage). Stopping at iter 99480.
Stuck 10000 iters at S=100 (final stage). Stopping at iter 99481.
Stuck 10000 iters at S=100 (final stage). Stopping at iter 99482.
Stuck 10000 iters at S=100 (final stage). Stopping at iter 99483.
Stuck 10000 iters at S=100 (final stage). Stopping at iter 99484.
Stuck 10000 iters at S=100 (final stage). Stopping at iter 99485.
Stuck 10000 iters at S=100 (final stage). Stopping at iter 99486.
Stuck 10000 iters at S=100 (final stage). Stopping at iter 99487.
Stuck 10000 iters at S=100 (final stage). Stopping at iter 99488.
Stuck 10000 iters at S=100 (final stage). Stopping at iter 99489.
Stuck 10000 iters at S=100 (final stage). Stopping at iter 99490.
Stuck 10000 iters at S=100 (final stage). Stopping at iter 99491.
Stuck 10000 iters at S=100 (final stage). Stopping at iter 99492.
Stuck 10000 iters at S=100 (final stage). Stopping at iter 99493.
Stuck 10000 iters at S=100 (final stage). Stopping at iter 99494.
Stuck 10000 iters at S=100 (final stage). Stopping at iter 99495.
Stuck 10000 iters at S=100 (final stage). Stopping at iter 99496.
Stuck 10000 iters at S=100 (final stage). Stopping at iter 99497.
Stuck 10000 iters at S=100 (final stage). Stopping at iter 99498.
Stuck 10000 iters at S=100 (final stage). Stopping at iter 99499.
Stuck 10000 iters at S=100 (final stage). Stopping at iter 99500.
Stuck 10000 iters at S=100 (final stage). Stopping at iter 99501.
Stuck 10000 iters at S=100 (final stage). Stopping at iter 99502.
Stuck 10000 iters at S=100 (final stage). Stopping at iter 99503.
Stuck 10000 iters at S=100 (final stage). Stopping at iter 99504.
Stuck 10000 iters at S=100 (final stage). Stopping at iter 99505.
Stuck 10000 iters at S=100 (final stage). Stopping at iter 99506.
Stuck 10000 iters at S=100 (final stage). Stopping at iter 99507.
Stuck 10000 iters at S=100 (final stage). Stopping at iter 99508.
Stuck 10000 iters at S=100 (final stage). Stopping at iter 99509.
Stuck 10000 iters at S=100 (final stage). Stopping at iter 99510.
Stuck 10000 iters at S=100 (final stage). Stopping at iter 99511.
Stuck 10000 iters at S=100 (final stage). Stopping at iter 99512.
Stuck 10000 iters at S=100 (final stage). Stopping at iter 99513.
Stuck 10000 iters at S=100 (final stage). Stopping at iter 99514.
Stuck 10000 iters at S=100 (final stage). Stopping at iter 99515.
Stuck 10000 iters at S=100 (final stage). Stopping at iter 99516.
Stuck 10000 iters at S=100 (final stage). Stopping at iter 99517.
Stuck 10000 iters at S=100 (final stage). Stopping at iter 99518.
Stuck 10000 iters at S=100 (final stage). Stopping at iter 99519.
Stuck 10000 iters at S=100 (final stage). Stopping at iter 99520.
Stuck 10000 iters at S=100 (final stage). Stopping at iter 99521.
Stuck 10000 iters at S=100 (final stage). Stopping at iter 99522.
Stuck 10000 iters at S=100 (final stage). Stopping at iter 99523.
Stuck 10000 iters at S=100 (final stage). Stopping at iter 99524.
Stuck 10000 iters at S=100 (final stage). Stopping at iter 99525.
Stuck 10000 iters at S=100 (final stage). Stopping at iter 99526.
Stuck 10000 iters at S=100 (final stage). Stopping at iter 99527.
Stuck 10000 iters at S=100 (final stage). Stopping at iter 99528.
Stuck 10000 iters at S=100 (final stage). Stopping at iter 99529.
Stuck 10000 iters at S=100 (final stage). Stopping at iter 99530.
Stuck 10000 iters at S=100 (final stage). Stopping at iter 99531.
Stuck 10000 iters at S=100 (final stage). Stopping at iter 99532.
Stuck 10000 iters at S=100 (final stage). Stopping at iter 99533.
Stuck 10000 iters at S=100 (final stage). Stopping at iter 99534.
Stuck 10000 iters at S=100 (final stage). Stopping at iter 99535.
Stuck 10000 iters at S=100 (final stage). Stopping at iter 99536.
Stuck 10000 iters at S=100 (final stage). Stopping at iter 99537.
Stuck 10000 iters at S=100 (final stage). Stopping at iter 99538.
Stuck 10000 iters at S=100 (final stage). Stopping at iter 99539.
Stuck 10000 iters at S=100 (final stage). Stopping at iter 99540.
Stuck 10000 iters at S=100 (final stage). Stopping at iter 99541.
Stuck 10000 iters at S=100 (final stage). Stopping at iter 99542.
Stuck 10000 iters at S=100 (final stage). Stopping at iter 99543.
Stuck 10000 iters at S=100 (final stage). Stopping at iter 99544.
Stuck 10000 iters at S=100 (final stage). Stopping at iter 99545.
Stuck 10000 iters at S=100 (final stage). Stopping at iter 99546.
Stuck 10000 iters at S=100 (final stage). Stopping at iter 99547.
Stuck 10000 iters at S=100 (final stage). Stopping at iter 99548.
Stuck 10000 iters at S=100 (final stage). Stopping at iter 99549.
Stuck 10000 iters at S=100 (final stage). Stopping at iter 99550.
Stuck 10000 iters at S=100 (final stage). Stopping at iter 99551.
Stuck 10000 iters at S=100 (final stage). Stopping at iter 99552.
Stuck 10000 iters at S=100 (final stage). Stopping at iter 99553.
Stuck 10000 iters at S=100 (final stage). Stopping at iter 99554.
Stuck 10000 iters at S=100 (final stage). Stopping at iter 99555.
Stuck 10000 iters at S=100 (final stage). Stopping at iter 99556.
Stuck 10000 iters at S=100 (final stage). Stopping at iter 99557.
Stuck 10000 iters at S=100 (final stage). Stopping at iter 99558.
Stuck 10000 iters at S=100 (final stage). Stopping at iter 99559.
Stuck 10000 iters at S=100 (final stage). Stopping at iter 99560.
Stuck 10000 iters at S=100 (final stage). Stopping at iter 99561.
Stuck 10000 iters at S=100 (final stage). Stopping at iter 99562.
Stuck 10000 iters at S=100 (final stage). Stopping at iter 99563.
Stuck 10000 iters at S=100 (final stage). Stopping at iter 99564.
Stuck 10000 iters at S=100 (final stage). Stopping at iter 99565.
Stuck 10000 iters at S=100 (final stage). Stopping at iter 99566.
Stuck 10000 iters at S=100 (final stage). Stopping at iter 99567.
Stuck 10000 iters at S=100 (final stage). Stopping at iter 99568.
Stuck 10000 iters at S=100 (final stage). Stopping at iter 99569.
Stuck 10000 iters at S=100 (final stage). Stopping at iter 99570.
Stuck 10000 iters at S=100 (final stage). Stopping at iter 99571.
Stuck 10000 iters at S=100 (final stage). Stopping at iter 99572.
Stuck 10000 iters at S=100 (final stage). Stopping at iter 99573.
Stuck 10000 iters at S=100 (final stage). Stopping at iter 99574.
Stuck 10000 iters at S=100 (final stage). Stopping at iter 99575.
Stuck 10000 iters at S=100 (final stage). Stopping at iter 99576.
Stuck 10000 iters at S=100 (final stage). Stopping at iter 99577.
Stuck 10000 iters at S=100 (final stage). Stopping at iter 99578.
Stuck 10000 iters at S=100 (final stage). Stopping at iter 99579.
Stuck 10000 iters at S=100 (final stage). Stopping at iter 99580.
Stuck 10000 iters at S=100 (final stage). Stopping at iter 99581.
Stuck 10000 iters at S=100 (final stage). Stopping at iter 99582.
Stuck 10000 iters at S=100 (final stage). Stopping at iter 99583.
Stuck 10000 iters at S=100 (final stage). Stopping at iter 99584.
Stuck 10000 iters at S=100 (final stage). Stopping at iter 99585.
Stuck 10000 iters at S=100 (final stage). Stopping at iter 99586.
Stuck 10000 iters at S=100 (final stage). Stopping at iter 99587.
Stuck 10000 iters at S=100 (final stage). Stopping at iter 99588.
Stuck 10000 iters at S=100 (final stage). Stopping at iter 99589.
Stuck 10000 iters at S=100 (final stage). Stopping at iter 99590.
Stuck 10000 iters at S=100 (final stage). Stopping at iter 99591.
Stuck 10000 iters at S=100 (final stage). Stopping at iter 99592.
Stuck 10000 iters at S=100 (final stage). Stopping at iter 99593.
Stuck 10000 iters at S=100 (final stage). Stopping at iter 99594.
Stuck 10000 iters at S=100 (final stage). Stopping at iter 99595.
Stuck 10000 iters at S=100 (final stage). Stopping at iter 99596.
Stuck 10000 iters at S=100 (final stage). Stopping at iter 99597.
Stuck 10000 iters at S=100 (final stage). Stopping at iter 99598.
Stuck 10000 iters at S=100 (final stage). Stopping at iter 99599.
Stuck 10000 iters at S=100 (final stage). Stopping at iter 99600.
Stuck 10000 iters at S=100 (final stage). Stopping at iter 99601.
Stuck 10000 iters at S=100 (final stage). Stopping at iter 99602.
Stuck 10000 iters at S=100 (final stage). Stopping at iter 99603.
Stuck 10000 iters at S=100 (final stage). Stopping at iter 99604.
Stuck 10000 iters at S=100 (final stage). Stopping at iter 99605.
Stuck 10000 iters at S=100 (final stage). Stopping at iter 99606.
Stuck 10000 iters at S=100 (final stage). Stopping at iter 99607.
Stuck 10000 iters at S=100 (final stage). Stopping at iter 99608.
Stuck 10000 iters at S=100 (final stage). Stopping at iter 99609.
Stuck 10000 iters at S=100 (final stage). Stopping at iter 99610.
Stuck 10000 iters at S=100 (final stage). Stopping at iter 99611.
Stuck 10000 iters at S=100 (final stage). Stopping at iter 99612.
Stuck 10000 iters at S=100 (final stage). Stopping at iter 99613.
Stuck 10000 iters at S=100 (final stage). Stopping at iter 99614.
Stuck 10000 iters at S=100 (final stage). Stopping at iter 99615.
Stuck 10000 iters at S=100 (final stage). Stopping at iter 99616.
Stuck 10000 iters at S=100 (final stage). Stopping at iter 99617.
Stuck 10000 iters at S=100 (final stage). Stopping at iter 99618.
Stuck 10000 iters at S=100 (final stage). Stopping at iter 99619.
Stuck 10000 iters at S=100 (final stage). Stopping at iter 99620.
Stuck 10000 iters at S=100 (final stage). Stopping at iter 99621.
Stuck 10000 iters at S=100 (final stage). Stopping at iter 99622.
Stuck 10000 iters at S=100 (final stage). Stopping at iter 99623.
Stuck 10000 iters at S=100 (final stage). Stopping at iter 99624.
Stuck 10000 iters at S=100 (final stage). Stopping at iter 99625.
Stuck 10000 iters at S=100 (final stage). Stopping at iter 99626.
Stuck 10000 iters at S=100 (final stage). Stopping at iter 99627.
Stuck 10000 iters at S=100 (final stage). Stopping at iter 99628.
Stuck 10000 iters at S=100 (final stage). Stopping at iter 99629.
Stuck 10000 iters at S=100 (final stage). Stopping at iter 99630.
Stuck 10000 iters at S=100 (final stage). Stopping at iter 99631.
Stuck 10000 iters at S=100 (final stage). Stopping at iter 99632.
Stuck 10000 iters at S=100 (final stage). Stopping at iter 99633.
Stuck 10000 iters at S=100 (final stage). Stopping at iter 99634.
Stuck 10000 iters at S=100 (final stage). Stopping at iter 99635.
Stuck 10000 iters at S=100 (final stage). Stopping at iter 99636.
Stuck 10000 iters at S=100 (final stage). Stopping at iter 99637.
Stuck 10000 iters at S=100 (final stage). Stopping at iter 99638.
Stuck 10000 iters at S=100 (final stage). Stopping at iter 99639.
Stuck 10000 iters at S=100 (final stage). Stopping at iter 99640.
Stuck 10000 iters at S=100 (final stage). Stopping at iter 99641.
Stuck 10000 iters at S=100 (final stage). Stopping at iter 99642.
Stuck 10000 iters at S=100 (final stage). Stopping at iter 99643.
Stuck 10000 iters at S=100 (final stage). Stopping at iter 99644.
Stuck 10000 iters at S=100 (final stage). Stopping at iter 99645.
Stuck 10000 iters at S=100 (final stage). Stopping at iter 99646.
Stuck 10000 iters at S=100 (final stage). Stopping at iter 99647.
Stuck 10000 iters at S=100 (final stage). Stopping at iter 99648.
Stuck 10000 iters at S=100 (final stage). Stopping at iter 99649.
Stuck 10000 iters at S=100 (final stage). Stopping at iter 99650.
Stuck 10000 iters at S=100 (final stage). Stopping at iter 99651.
Stuck 10000 iters at S=100 (final stage). Stopping at iter 99652.
Stuck 10000 iters at S=100 (final stage). Stopping at iter 99653.
Stuck 10000 iters at S=100 (final stage). Stopping at iter 99654.
Stuck 10000 iters at S=100 (final stage). Stopping at iter 99655.
Stuck 10000 iters at S=100 (final stage). Stopping at iter 99656.
Stuck 10000 iters at S=100 (final stage). Stopping at iter 99657.
Stuck 10000 iters at S=100 (final stage). Stopping at iter 99658.
Stuck 10000 iters at S=100 (final stage). Stopping at iter 99659.
Stuck 10000 iters at S=100 (final stage). Stopping at iter 99660.
Stuck 10000 iters at S=100 (final stage). Stopping at iter 99661.
Stuck 10000 iters at S=100 (final stage). Stopping at iter 99662.
Stuck 10000 iters at S=100 (final stage). Stopping at iter 99663.
Stuck 10000 iters at S=100 (final stage). Stopping at iter 99664.
Stuck 10000 iters at S=100 (final stage). Stopping at iter 99665.
Stuck 10000 iters at S=100 (final stage). Stopping at iter 99666.
Stuck 10000 iters at S=100 (final stage). Stopping at iter 99667.
Stuck 10000 iters at S=100 (final stage). Stopping at iter 99668.
Stuck 10000 iters at S=100 (final stage). Stopping at iter 99669.
Stuck 10000 iters at S=100 (final stage). Stopping at iter 99670.
Stuck 10000 iters at S=100 (final stage). Stopping at iter 99671.
Stuck 10000 iters at S=100 (final stage). Stopping at iter 99672.
Stuck 10000 iters at S=100 (final stage). Stopping at iter 99673.
Stuck 10000 iters at S=100 (final stage). Stopping at iter 99674.
Stuck 10000 iters at S=100 (final stage). Stopping at iter 99675.
Stuck 10000 iters at S=100 (final stage). Stopping at iter 99676.
Stuck 10000 iters at S=100 (final stage). Stopping at iter 99677.
Stuck 10000 iters at S=100 (final stage). Stopping at iter 99678.
Stuck 10000 iters at S=100 (final stage). Stopping at iter 99679.
Stuck 10000 iters at S=100 (final stage). Stopping at iter 99680.
Stuck 10000 iters at S=100 (final stage). Stopping at iter 99681.
Stuck 10000 iters at S=100 (final stage). Stopping at iter 99682.
Stuck 10000 iters at S=100 (final stage). Stopping at iter 99683.
Stuck 10000 iters at S=100 (final stage). Stopping at iter 99684.
Stuck 10000 iters at S=100 (final stage). Stopping at iter 99685.
Stuck 10000 iters at S=100 (final stage). Stopping at iter 99686.
Stuck 10000 iters at S=100 (final stage). Stopping at iter 99687.
Stuck 10000 iters at S=100 (final stage). Stopping at iter 99688.
Stuck 10000 iters at S=100 (final stage). Stopping at iter 99689.
Stuck 10000 iters at S=100 (final stage). Stopping at iter 99690.
Stuck 10000 iters at S=100 (final stage). Stopping at iter 99691.
Stuck 10000 iters at S=100 (final stage). Stopping at iter 99692.
Stuck 10000 iters at S=100 (final stage). Stopping at iter 99693.
Stuck 10000 iters at S=100 (final stage). Stopping at iter 99694.
Stuck 10000 iters at S=100 (final stage). Stopping at iter 99695.
Stuck 10000 iters at S=100 (final stage). Stopping at iter 99696.
Stuck 10000 iters at S=100 (final stage). Stopping at iter 99697.
Stuck 10000 iters at S=100 (final stage). Stopping at iter 99698.
Stuck 10000 iters at S=100 (final stage). Stopping at iter 99699.
Stuck 10000 iters at S=100 (final stage). Stopping at iter 99700.
Stuck 10000 iters at S=100 (final stage). Stopping at iter 99701.
Stuck 10000 iters at S=100 (final stage). Stopping at iter 99702.
Stuck 10000 iters at S=100 (final stage). Stopping at iter 99703.
Stuck 10000 iters at S=100 (final stage). Stopping at iter 99704.
Stuck 10000 iters at S=100 (final stage). Stopping at iter 99705.
Stuck 10000 iters at S=100 (final stage). Stopping at iter 99706.
Stuck 10000 iters at S=100 (final stage). Stopping at iter 99707.
Stuck 10000 iters at S=100 (final stage). Stopping at iter 99708.
Stuck 10000 iters at S=100 (final stage). Stopping at iter 99709.
Stuck 10000 iters at S=100 (final stage). Stopping at iter 99710.
Stuck 10000 iters at S=100 (final stage). Stopping at iter 99711.
Stuck 10000 iters at S=100 (final stage). Stopping at iter 99712.
Stuck 10000 iters at S=100 (final stage). Stopping at iter 99713.
Stuck 10000 iters at S=100 (final stage). Stopping at iter 99714.
Stuck 10000 iters at S=100 (final stage). Stopping at iter 99715.
Stuck 10000 iters at S=100 (final stage). Stopping at iter 99716.
Stuck 10000 iters at S=100 (final stage). Stopping at iter 99717.
Stuck 10000 iters at S=100 (final stage). Stopping at iter 99718.
Stuck 10000 iters at S=100 (final stage). Stopping at iter 99719.
Stuck 10000 iters at S=100 (final stage). Stopping at iter 99720.
Stuck 10000 iters at S=100 (final stage). Stopping at iter 99721.
Stuck 10000 iters at S=100 (final stage). Stopping at iter 99722.
Stuck 10000 iters at S=100 (final stage). Stopping at iter 99723.
Stuck 10000 iters at S=100 (final stage). Stopping at iter 99724.
Stuck 10000 iters at S=100 (final stage). Stopping at iter 99725.
Stuck 10000 iters at S=100 (final stage). Stopping at iter 99726.
Stuck 10000 iters at S=100 (final stage). Stopping at iter 99727.
Stuck 10000 iters at S=100 (final stage). Stopping at iter 99728.
Stuck 10000 iters at S=100 (final stage). Stopping at iter 99729.
Stuck 10000 iters at S=100 (final stage). Stopping at iter 99730.
Stuck 10000 iters at S=100 (final stage). Stopping at iter 99731.
Stuck 10000 iters at S=100 (final stage). Stopping at iter 99732.
Stuck 10000 iters at S=100 (final stage). Stopping at iter 99733.
Stuck 10000 iters at S=100 (final stage). Stopping at iter 99734.
Stuck 10000 iters at S=100 (final stage). Stopping at iter 99735.
Stuck 10000 iters at S=100 (final stage). Stopping at iter 99736.
Stuck 10000 iters at S=100 (final stage). Stopping at iter 99737.
Stuck 10000 iters at S=100 (final stage). Stopping at iter 99738.
Stuck 10000 iters at S=100 (final stage). Stopping at iter 99739.
Stuck 10000 iters at S=100 (final stage). Stopping at iter 99740.
Stuck 10000 iters at S=100 (final stage). Stopping at iter 99741.
Stuck 10000 iters at S=100 (final stage). Stopping at iter 99742.
Stuck 10000 iters at S=100 (final stage). Stopping at iter 99743.
Stuck 10000 iters at S=100 (final stage). Stopping at iter 99744.
Stuck 10000 iters at S=100 (final stage). Stopping at iter 99745.
Stuck 10000 iters at S=100 (final stage). Stopping at iter 99746.
Stuck 10000 iters at S=100 (final stage). Stopping at iter 99747.
Stuck 10000 iters at S=100 (final stage). Stopping at iter 99748.
Stuck 10000 iters at S=100 (final stage). Stopping at iter 99749.
Stuck 10000 iters at S=100 (final stage). Stopping at iter 99750.
Stuck 10000 iters at S=100 (final stage). Stopping at iter 99751.
Stuck 10000 iters at S=100 (final stage). Stopping at iter 99752.
Stuck 10000 iters at S=100 (final stage). Stopping at iter 99753.
Stuck 10000 iters at S=100 (final stage). Stopping at iter 99754.
Stuck 10000 iters at S=100 (final stage). Stopping at iter 99755.
Stuck 10000 iters at S=100 (final stage). Stopping at iter 99756.
Stuck 10000 iters at S=100 (final stage). Stopping at iter 99757.
Stuck 10000 iters at S=100 (final stage). Stopping at iter 99758.
Stuck 10000 iters at S=100 (final stage). Stopping at iter 99759.
Stuck 10000 iters at S=100 (final stage). Stopping at iter 99760.
Stuck 10000 iters at S=100 (final stage). Stopping at iter 99761.
Stuck 10000 iters at S=100 (final stage). Stopping at iter 99762.
Stuck 10000 iters at S=100 (final stage). Stopping at iter 99763.
Stuck 10000 iters at S=100 (final stage). Stopping at iter 99764.
Stuck 10000 iters at S=100 (final stage). Stopping at iter 99765.
Stuck 10000 iters at S=100 (final stage). Stopping at iter 99766.
Stuck 10000 iters at S=100 (final stage). Stopping at iter 99767.
Stuck 10000 iters at S=100 (final stage). Stopping at iter 99768.
Stuck 10000 iters at S=100 (final stage). Stopping at iter 99769.
Stuck 10000 iters at S=100 (final stage). Stopping at iter 99770.
Stuck 10000 iters at S=100 (final stage). Stopping at iter 99771.
Stuck 10000 iters at S=100 (final stage). Stopping at iter 99772.
Stuck 10000 iters at S=100 (final stage). Stopping at iter 99773.
Stuck 10000 iters at S=100 (final stage). Stopping at iter 99774.
Stuck 10000 iters at S=100 (final stage). Stopping at iter 99775.
Stuck 10000 iters at S=100 (final stage). Stopping at iter 99776.
Stuck 10000 iters at S=100 (final stage). Stopping at iter 99777.
Stuck 10000 iters at S=100 (final stage). Stopping at iter 99778.
Stuck 10000 iters at S=100 (final stage). Stopping at iter 99779.
Stuck 10000 iters at S=100 (final stage). Stopping at iter 99780.
Stuck 10000 iters at S=100 (final stage). Stopping at iter 99781.
Stuck 10000 iters at S=100 (final stage). Stopping at iter 99782.
Stuck 10000 iters at S=100 (final stage). Stopping at iter 99783.
Stuck 10000 iters at S=100 (final stage). Stopping at iter 99784.
Stuck 10000 iters at S=100 (final stage). Stopping at iter 99785.
Stuck 10000 iters at S=100 (final stage). Stopping at iter 99786.
Stuck 10000 iters at S=100 (final stage). Stopping at iter 99787.
Stuck 10000 iters at S=100 (final stage). Stopping at iter 99788.
Stuck 10000 iters at S=100 (final stage). Stopping at iter 99789.
Stuck 10000 iters at S=100 (final stage). Stopping at iter 99790.
Stuck 10000 iters at S=100 (final stage). Stopping at iter 99791.
Stuck 10000 iters at S=100 (final stage). Stopping at iter 99792.
Stuck 10000 iters at S=100 (final stage). Stopping at iter 99793.
Stuck 10000 iters at S=100 (final stage). Stopping at iter 99794.
Stuck 10000 iters at S=100 (final stage). Stopping at iter 99795.
Stuck 10000 iters at S=100 (final stage). Stopping at iter 99796.
Stuck 10000 iters at S=100 (final stage). Stopping at iter 99797.
Stuck 10000 iters at S=100 (final stage). Stopping at iter 99798.
Stuck 10000 iters at S=100 (final stage). Stopping at iter 99799.
Stuck 10000 iters at S=100 (final stage). Stopping at iter 99800.
Stuck 10000 iters at S=100 (final stage). Stopping at iter 99801.
Stuck 10000 iters at S=100 (final stage). Stopping at iter 99802.
Stuck 10000 iters at S=100 (final stage). Stopping at iter 99803.
Stuck 10000 iters at S=100 (final stage). Stopping at iter 99804.
Stuck 10000 iters at S=100 (final stage). Stopping at iter 99805.
Stuck 10000 iters at S=100 (final stage). Stopping at iter 99806.
Stuck 10000 iters at S=100 (final stage). Stopping at iter 99807.
Stuck 10000 iters at S=100 (final stage). Stopping at iter 99808.
Stuck 10000 iters at S=100 (final stage). Stopping at iter 99809.
Stuck 10000 iters at S=100 (final stage). Stopping at iter 99810.
Stuck 10000 iters at S=100 (final stage). Stopping at iter 99811.
Stuck 10000 iters at S=100 (final stage). Stopping at iter 99812.
Stuck 10000 iters at S=100 (final stage). Stopping at iter 99813.
Stuck 10000 iters at S=100 (final stage). Stopping at iter 99814.
Stuck 10000 iters at S=100 (final stage). Stopping at iter 99815.
Stuck 10000 iters at S=100 (final stage). Stopping at iter 99816.
Stuck 10000 iters at S=100 (final stage). Stopping at iter 99817.
Stuck 10000 iters at S=100 (final stage). Stopping at iter 99818.
Stuck 10000 iters at S=100 (final stage). Stopping at iter 99819.
Stuck 10000 iters at S=100 (final stage). Stopping at iter 99820.
Stuck 10000 iters at S=100 (final stage). Stopping at iter 99821.
Stuck 10000 iters at S=100 (final stage). Stopping at iter 99822.
Stuck 10000 iters at S=100 (final stage). Stopping at iter 99823.
Stuck 10000 iters at S=100 (final stage). Stopping at iter 99824.
Stuck 10000 iters at S=100 (final stage). Stopping at iter 99825.
Stuck 10000 iters at S=100 (final stage). Stopping at iter 99826.
Stuck 10000 iters at S=100 (final stage). Stopping at iter 99827.
Stuck 10000 iters at S=100 (final stage). Stopping at iter 99828.
Stuck 10000 iters at S=100 (final stage). Stopping at iter 99829.
Stuck 10000 iters at S=100 (final stage). Stopping at iter 99830.
Stuck 10000 iters at S=100 (final stage). Stopping at iter 99831.
Stuck 10000 iters at S=100 (final stage). Stopping at iter 99832.
Stuck 10000 iters at S=100 (final stage). Stopping at iter 99833.
Stuck 10000 iters at S=100 (final stage). Stopping at iter 99834.
Stuck 10000 iters at S=100 (final stage). Stopping at iter 99835.
Stuck 10000 iters at S=100 (final stage). Stopping at iter 99836.
Stuck 10000 iters at S=100 (final stage). Stopping at iter 99837.
Stuck 10000 iters at S=100 (final stage). Stopping at iter 99838.
Stuck 10000 iters at S=100 (final stage). Stopping at iter 99839.
Stuck 10000 iters at S=100 (final stage). Stopping at iter 99840.
Stuck 10000 iters at S=100 (final stage). Stopping at iter 99841.
Stuck 10000 iters at S=100 (final stage). Stopping at iter 99842.
Stuck 10000 iters at S=100 (final stage). Stopping at iter 99843.
Stuck 10000 iters at S=100 (final stage). Stopping at iter 99844.
Stuck 10000 iters at S=100 (final stage). Stopping at iter 99845.
Stuck 10000 iters at S=100 (final stage). Stopping at iter 99846.
Stuck 10000 iters at S=100 (final stage). Stopping at iter 99847.
Stuck 10000 iters at S=100 (final stage). Stopping at iter 99848.
Stuck 10000 iters at S=100 (final stage). Stopping at iter 99849.
Stuck 10000 iters at S=100 (final stage). Stopping at iter 99850.
Stuck 10000 iters at S=100 (final stage). Stopping at iter 99851.
Stuck 10000 iters at S=100 (final stage). Stopping at iter 99852.
Stuck 10000 iters at S=100 (final stage). Stopping at iter 99853.
Stuck 10000 iters at S=100 (final stage). Stopping at iter 99854.
Stuck 10000 iters at S=100 (final stage). Stopping at iter 99855.
Stuck 10000 iters at S=100 (final stage). Stopping at iter 99856.
Stuck 10000 iters at S=100 (final stage). Stopping at iter 99857.
Stuck 10000 iters at S=100 (final stage). Stopping at iter 99858.
Stuck 10000 iters at S=100 (final stage). Stopping at iter 99859.
Stuck 10000 iters at S=100 (final stage). Stopping at iter 99860.
Stuck 10000 iters at S=100 (final stage). Stopping at iter 99861.
Stuck 10000 iters at S=100 (final stage). Stopping at iter 99862.
Stuck 10000 iters at S=100 (final stage). Stopping at iter 99863.
Stuck 10000 iters at S=100 (final stage). Stopping at iter 99864.
Stuck 10000 iters at S=100 (final stage). Stopping at iter 99865.
Stuck 10000 iters at S=100 (final stage). Stopping at iter 99866.
Stuck 10000 iters at S=100 (final stage). Stopping at iter 99867.
Stuck 10000 iters at S=100 (final stage). Stopping at iter 99868.
Stuck 10000 iters at S=100 (final stage). Stopping at iter 99869.
Stuck 10000 iters at S=100 (final stage). Stopping at iter 99870.
Stuck 10000 iters at S=100 (final stage). Stopping at iter 99871.
Stuck 10000 iters at S=100 (final stage). Stopping at iter 99872.
Stuck 10000 iters at S=100 (final stage). Stopping at iter 99873.
Stuck 10000 iters at S=100 (final stage). Stopping at iter 99874.
Stuck 10000 iters at S=100 (final stage). Stopping at iter 99875.
Stuck 10000 iters at S=100 (final stage). Stopping at iter 99876.
Stuck 10000 iters at S=100 (final stage). Stopping at iter 99877.
Stuck 10000 iters at S=100 (final stage). Stopping at iter 99878.
Stuck 10000 iters at S=100 (final stage). Stopping at iter 99879.
Stuck 10000 iters at S=100 (final stage). Stopping at iter 99880.
Stuck 10000 iters at S=100 (final stage). Stopping at iter 99881.
Stuck 10000 iters at S=100 (final stage). Stopping at iter 99882.
Stuck 10000 iters at S=100 (final stage). Stopping at iter 99883.
Stuck 10000 iters at S=100 (final stage). Stopping at iter 99884.
Stuck 10000 iters at S=100 (final stage). Stopping at iter 99885.
Stuck 10000 iters at S=100 (final stage). Stopping at iter 99886.
Stuck 10000 iters at S=100 (final stage). Stopping at iter 99887.
Stuck 10000 iters at S=100 (final stage). Stopping at iter 99888.
Stuck 10000 iters at S=100 (final stage). Stopping at iter 99889.
Stuck 10000 iters at S=100 (final stage). Stopping at iter 99890.
Stuck 10000 iters at S=100 (final stage). Stopping at iter 99891.
Stuck 10000 iters at S=100 (final stage). Stopping at iter 99892.
Stuck 10000 iters at S=100 (final stage). Stopping at iter 99893.
Stuck 10000 iters at S=100 (final stage). Stopping at iter 99894.
Stuck 10000 iters at S=100 (final stage). Stopping at iter 99895.
Stuck 10000 iters at S=100 (final stage). Stopping at iter 99896.
Stuck 10000 iters at S=100 (final stage). Stopping at iter 99897.
Stuck 10000 iters at S=100 (final stage). Stopping at iter 99898.
Stuck 10000 iters at S=100 (final stage). Stopping at iter 99899.
Stuck 10000 iters at S=100 (final stage). Stopping at iter 99900.
Stuck 10000 iters at S=100 (final stage). Stopping at iter 99901.
Stuck 10000 iters at S=100 (final stage). Stopping at iter 99902.
Stuck 10000 iters at S=100 (final stage). Stopping at iter 99903.
Stuck 10000 iters at S=100 (final stage). Stopping at iter 99904.
Stuck 10000 iters at S=100 (final stage). Stopping at iter 99905.
Stuck 10000 iters at S=100 (final stage). Stopping at iter 99906.
Stuck 10000 iters at S=100 (final stage). Stopping at iter 99907.
Stuck 10000 iters at S=100 (final stage). Stopping at iter 99908.
Stuck 10000 iters at S=100 (final stage). Stopping at iter 99909.
Stuck 10000 iters at S=100 (final stage). Stopping at iter 99910.
Stuck 10000 iters at S=100 (final stage). Stopping at iter 99911.
Stuck 10000 iters at S=100 (final stage). Stopping at iter 99912.
Stuck 10000 iters at S=100 (final stage). Stopping at iter 99913.
Stuck 10000 iters at S=100 (final stage). Stopping at iter 99914.
Stuck 10000 iters at S=100 (final stage). Stopping at iter 99915.
Stuck 10000 iters at S=100 (final stage). Stopping at iter 99916.
Stuck 10000 iters at S=100 (final stage). Stopping at iter 99917.
Stuck 10000 iters at S=100 (final stage). Stopping at iter 99918.
Stuck 10000 iters at S=100 (final stage). Stopping at iter 99919.
Stuck 10000 iters at S=100 (final stage). Stopping at iter 99920.
Stuck 10000 iters at S=100 (final stage). Stopping at iter 99921.
Stuck 10000 iters at S=100 (final stage). Stopping at iter 99922.
Stuck 10000 iters at S=100 (final stage). Stopping at iter 99923.
Stuck 10000 iters at S=100 (final stage). Stopping at iter 99924.
Stuck 10000 iters at S=100 (final stage). Stopping at iter 99925.
Stuck 10000 iters at S=100 (final stage). Stopping at iter 99926.
Stuck 10000 iters at S=100 (final stage). Stopping at iter 99927.
Stuck 10000 iters at S=100 (final stage). Stopping at iter 99928.
Stuck 10000 iters at S=100 (final stage). Stopping at iter 99929.
Stuck 10000 iters at S=100 (final stage). Stopping at iter 99930.
Stuck 10000 iters at S=100 (final stage). Stopping at iter 99931.
Stuck 10000 iters at S=100 (final stage). Stopping at iter 99932.
Stuck 10000 iters at S=100 (final stage). Stopping at iter 99933.
Stuck 10000 iters at S=100 (final stage). Stopping at iter 99934.
Stuck 10000 iters at S=100 (final stage). Stopping at iter 99935.
Stuck 10000 iters at S=100 (final stage). Stopping at iter 99936.
Stuck 10000 iters at S=100 (final stage). Stopping at iter 99937.
Stuck 10000 iters at S=100 (final stage). Stopping at iter 99938.
Stuck 10000 iters at S=100 (final stage). Stopping at iter 99939.
Stuck 10000 iters at S=100 (final stage). Stopping at iter 99940.
Stuck 10000 iters at S=100 (final stage). Stopping at iter 99941.
Stuck 10000 iters at S=100 (final stage). Stopping at iter 99942.
Stuck 10000 iters at S=100 (final stage). Stopping at iter 99943.
Stuck 10000 iters at S=100 (final stage). Stopping at iter 99944.
Stuck 10000 iters at S=100 (final stage). Stopping at iter 99945.
Stuck 10000 iters at S=100 (final stage). Stopping at iter 99946.
Stuck 10000 iters at S=100 (final stage). Stopping at iter 99947.
Stuck 10000 iters at S=100 (final stage). Stopping at iter 99948.
Stuck 10000 iters at S=100 (final stage). Stopping at iter 99949.
Stuck 10000 iters at S=100 (final stage). Stopping at iter 99950.
Stuck 10000 iters at S=100 (final stage). Stopping at iter 99951.
Stuck 10000 iters at S=100 (final stage). Stopping at iter 99952.
Stuck 10000 iters at S=100 (final stage). Stopping at iter 99953.
Stuck 10000 iters at S=100 (final stage). Stopping at iter 99954.
Stuck 10000 iters at S=100 (final stage). Stopping at iter 99955.
Stuck 10000 iters at S=100 (final stage). Stopping at iter 99956.
Stuck 10000 iters at S=100 (final stage). Stopping at iter 99957.
Stuck 10000 iters at S=100 (final stage). Stopping at iter 99958.
Stuck 10000 iters at S=100 (final stage). Stopping at iter 99959.
Stuck 10000 iters at S=100 (final stage). Stopping at iter 99960.
Stuck 10000 iters at S=100 (final stage). Stopping at iter 99961.
Stuck 10000 iters at S=100 (final stage). Stopping at iter 99962.
Stuck 10000 iters at S=100 (final stage). Stopping at iter 99963.
Stuck 10000 iters at S=100 (final stage). Stopping at iter 99964.
Stuck 10000 iters at S=100 (final stage). Stopping at iter 99965.
Stuck 10000 iters at S=100 (final stage). Stopping at iter 99966.
Stuck 10000 iters at S=100 (final stage). Stopping at iter 99967.
Stuck 10000 iters at S=100 (final stage). Stopping at iter 99968.
Stuck 10000 iters at S=100 (final stage). Stopping at iter 99969.
Stuck 10000 iters at S=100 (final stage). Stopping at iter 99970.
Stuck 10000 iters at S=100 (final stage). Stopping at iter 99971.
Stuck 10000 iters at S=100 (final stage). Stopping at iter 99972.
Stuck 10000 iters at S=100 (final stage). Stopping at iter 99973.
Stuck 10000 iters at S=100 (final stage). Stopping at iter 99974.
Stuck 10000 iters at S=100 (final stage). Stopping at iter 99975.
Stuck 10000 iters at S=100 (final stage). Stopping at iter 99976.
Stuck 10000 iters at S=100 (final stage). Stopping at iter 99977.
Stuck 10000 iters at S=100 (final stage). Stopping at iter 99978.
Stuck 10000 iters at S=100 (final stage). Stopping at iter 99979.
Stuck 10000 iters at S=100 (final stage). Stopping at iter 99980.
Stuck 10000 iters at S=100 (final stage). Stopping at iter 99981.
Stuck 10000 iters at S=100 (final stage). Stopping at iter 99982.
Stuck 10000 iters at S=100 (final stage). Stopping at iter 99983.
Stuck 10000 iters at S=100 (final stage). Stopping at iter 99984.
Stuck 10000 iters at S=100 (final stage). Stopping at iter 99985.
Stuck 10000 iters at S=100 (final stage). Stopping at iter 99986.
Stuck 10000 iters at S=100 (final stage). Stopping at iter 99987.
Stuck 10000 iters at S=100 (final stage). Stopping at iter 99988.
Stuck 10000 iters at S=100 (final stage). Stopping at iter 99989.
Stuck 10000 iters at S=100 (final stage). Stopping at iter 99990.
Stuck 10000 iters at S=100 (final stage). Stopping at iter 99991.
Stuck 10000 iters at S=100 (final stage). Stopping at iter 99992.
Stuck 10000 iters at S=100 (final stage). Stopping at iter 99993.
Stuck 10000 iters at S=100 (final stage). Stopping at iter 99994.
Stuck 10000 iters at S=100 (final stage). Stopping at iter 99995.
Stuck 10000 iters at S=100 (final stage). Stopping at iter 99996.
Stuck 10000 iters at S=100 (final stage). Stopping at iter 99997.
Stuck 10000 iters at S=100 (final stage). Stopping at iter 99998.
Done running sampling.
Job completed at Thu May 28 04:38:29 PM +08 2026
~~~~~~~~~~~~~~~~~~~~~~~~~~~~~~~~~~~~~~~~~~~~~~~~~~~~~~~~~~~~~~~~~~~~~~~~~~~~~~~~~~~~~~~~~~
			Resource Usage on 2026-05-28 16:38:30.154328:
~~~~~~~~~~~~~~~~~~~~~~~~~~~~~~~~~~~~~~~~~~~~~~~~~~~~~~~~~~~~~~~~~~~~~~~~~~~~~~~~~~~~~~~~~~
	JobId: 497733.hopper-m-02
	Project: CFP03-CF-051
	Exit Status: 0
~~~~~~~~~~~~~~~~~~~~~~~~~~~~~~~~~~~~~~~~~~~~~~~~~~~~~~~~~~~~~~~~~~~~~~~~~~~~~~~~~~~~~~~~~~
	NCPUs: Requested(12), Used(12)
	CPU Time Used: 01:05:49
	Memory: Requested(225gb), Used(11844060kb)
	Vmem Used: 32283572kb
	Walltime: Requested(24:00:00), Used(00:49:30)
~~~~~~~~~~~~~~~~~~~~~~~~~~~~~~~~~~~~~~~~~~~~~~~~~~~~~~~~~~~~~~~~~~~~~~~~~~~~~~~~~~~~~~~~~~
	Execution Nodes Used: (hopper-27:ngpus=1:ncpus=12:mem=235929600kb)
~~~~~~~~~~~~~~~~~~~~~~~~~~~~~~~~~~~~~~~~~~~~~~~~~~~~~~~~~~~~~~~~~~~~~~~~~~~~~~~~~~~~~~~~~~
	No GPU-related information available for this job.
