Using dt=5s, T=0.25yr, TDI gen=1
Building ResponseWrapper...
Building GravWaveAnalysis...
Initializing LogLike...
LogLike initialized.
SNR (time-max): 2176.3006
Evaluating 100000 remaining samples in 10000 batches of 10  (checkpoint every 10 batches)
  [warn] sample 3 failed: 
  [10/100000]  elapsed=6s  rate=1.8/s  eta=55064s  finite=4
  [warn] sample 3 failed: 
  [20/100000]  elapsed=8s  rate=2.6/s  eta=38829s  finite=6
  [warn] sample 6 failed: 
  [30/100000]  elapsed=10s  rate=3.0/s  eta=33162s  finite=10
  [warn] sample 1 failed: This a (0.44876744999999996), p0 (13.594695) and e0 (0.8992695) combination is outside of our domain of validity.
  [40/100000]  elapsed=12s  rate=3.3/s  eta=30382s  finite=14
  [50/100000]  elapsed=14s  rate=3.5/s  eta=28958s  finite=17
  [60/100000]  elapsed=17s  rate=3.6/s  eta=28115s  finite=21
  [warn] sample 6 failed: This a (0.49364505000000003), p0 (13.973745000000001) and e0 (0.8930805) combination is outside of our domain of validity.
  [70/100000]  elapsed=19s  rate=3.7/s  eta=27295s  finite=26
  [80/100000]  elapsed=22s  rate=3.7/s  eta=26969s  finite=34
  [90/100000]  elapsed=24s  rate=3.7/s  eta=26657s  finite=39
  [warn] sample 9 failed: 
  [100/100000]  elapsed=26s  rate=3.8/s  eta=26138s  finite=40
  -> checkpoint saved: /scratch/e1498138/paper/ext/emri_g/lhs_f/ckpt_000100.pkl
  [110/100000]  elapsed=29s  rate=3.9/s  eta=25933s  finite=44
  [120/100000]  elapsed=31s  rate=3.9/s  eta=25717s  finite=47
  [warn] sample 2 failed: 
  [130/100000]  elapsed=33s  rate=3.9/s  eta=25455s  finite=50
  [140/100000]  elapsed=35s  rate=3.9/s  eta=25315s  finite=57
  [warn] sample 0 failed: 
  [150/100000]  elapsed=38s  rate=4.0/s  eta=25164s  finite=60
  [160/100000]  elapsed=40s  rate=4.0/s  eta=25038s  finite=61
  [170/100000]  elapsed=43s  rate=4.0/s  eta=25010s  finite=64
  [180/100000]  elapsed=45s  rate=4.0/s  eta=24908s  finite=67
  [190/100000]  elapsed=47s  rate=4.0/s  eta=24803s  finite=70
  [200/100000]  elapsed=50s  rate=4.0/s  eta=24737s  finite=72
  -> checkpoint saved: /scratch/e1498138/paper/ext/emri_g/lhs_f/ckpt_000200.pkl
  [warn] sample 0 failed: 
  [210/100000]  elapsed=52s  rate=4.1/s  eta=24607s  finite=73
  [220/100000]  elapsed=54s  rate=4.1/s  eta=24501s  finite=75
  [warn] sample 1 failed: 
  [warn] sample 9 failed: 
  [230/100000]  elapsed=56s  rate=4.1/s  eta=24324s  finite=76
  [240/100000]  elapsed=59s  rate=4.1/s  eta=24328s  finite=78
  [warn] sample 6 failed: This a (0.48790425000000004), p0 (14.557695) and e0 (0.8988615) combination is outside of our domain of validity.
  [250/100000]  elapsed=61s  rate=4.1/s  eta=24198s  finite=80
  [260/100000]  elapsed=63s  rate=4.1/s  eta=24140s  finite=83
  [warn] sample 3 failed: 
  [270/100000]  elapsed=65s  rate=4.1/s  eta=24070s  finite=85
  [280/100000]  elapsed=68s  rate=4.1/s  eta=24090s  finite=89
  [290/100000]  elapsed=70s  rate=4.1/s  eta=24041s  finite=91
  [warn] sample 9 failed: 
  [300/100000]  elapsed=72s  rate=4.2/s  eta=23966s  finite=94
  -> checkpoint saved: /scratch/e1498138/paper/ext/emri_g/lhs_f/ckpt_000300.pkl
  [310/100000]  elapsed=75s  rate=4.2/s  eta=23988s  finite=100
  [320/100000]  elapsed=77s  rate=4.2/s  eta=24012s  finite=105
  [330/100000]  elapsed=79s  rate=4.2/s  eta=23983s  finite=109
  [340/100000]  elapsed=82s  rate=4.2/s  eta=23955s  finite=115
  [350/100000]  elapsed=84s  rate=4.1/s  eta=24014s  finite=120
  [360/100000]  elapsed=87s  rate=4.2/s  eta=24003s  finite=125
  [warn] sample 4 failed: 
  [370/100000]  elapsed=89s  rate=4.2/s  eta=23971s  finite=129
  [380/100000]  elapsed=91s  rate=4.2/s  eta=23959s  finite=133
  [390/100000]  elapsed=94s  rate=4.2/s  eta=23937s  finite=137
  [400/100000]  elapsed=96s  rate=4.2/s  eta=23923s  finite=140
  -> checkpoint saved: /scratch/e1498138/paper/ext/emri_g/lhs_f/ckpt_000400.pkl
  [410/100000]  elapsed=99s  rate=4.2/s  eta=23972s  finite=143
  [420/100000]  elapsed=101s  rate=4.2/s  eta=23957s  finite=146
  [430/100000]  elapsed=104s  rate=4.2/s  eta=23976s  finite=153
  [warn] sample 6 failed: 
  [440/100000]  elapsed=106s  rate=4.2/s  eta=23928s  finite=154
  [warn] sample 4 failed: 
  [450/100000]  elapsed=108s  rate=4.2/s  eta=23884s  finite=156
  [warn] sample 4 failed: This a (0.49259625), p0 (13.675125) and e0 (0.8933655) combination is outside of our domain of validity.
  [460/100000]  elapsed=110s  rate=4.2/s  eta=23811s  finite=158
  [470/100000]  elapsed=112s  rate=4.2/s  eta=23809s  finite=161
  [480/100000]  elapsed=115s  rate=4.2/s  eta=23810s  finite=166
  [490/100000]  elapsed=117s  rate=4.2/s  eta=23785s  finite=168
  [500/100000]  elapsed=120s  rate=4.2/s  eta=23797s  finite=170
  -> checkpoint saved: /scratch/e1498138/paper/ext/emri_g/lhs_f/ckpt_000500.pkl
  [510/100000]  elapsed=122s  rate=4.2/s  eta=23809s  finite=177
  [520/100000]  elapsed=125s  rate=4.2/s  eta=23830s  finite=182
  [530/100000]  elapsed=127s  rate=4.2/s  eta=23806s  finite=184
  [540/100000]  elapsed=129s  rate=4.2/s  eta=23786s  finite=189
  [warn] sample 7 failed: 
  [550/100000]  elapsed=131s  rate=4.2/s  eta=23746s  finite=192
  [560/100000]  elapsed=134s  rate=4.2/s  eta=23751s  finite=198
  [570/100000]  elapsed=136s  rate=4.2/s  eta=23730s  finite=203
  [580/100000]  elapsed=139s  rate=4.2/s  eta=23753s  finite=207
  [590/100000]  elapsed=141s  rate=4.2/s  eta=23750s  finite=211
  [600/100000]  elapsed=143s  rate=4.2/s  eta=23730s  finite=213
  -> checkpoint saved: /scratch/e1498138/paper/ext/emri_g/lhs_f/ckpt_000600.pkl
  [610/100000]  elapsed=146s  rate=4.2/s  eta=23717s  finite=213
  [warn] sample 7 failed: 
  [620/100000]  elapsed=148s  rate=4.2/s  eta=23682s  finite=215
  [630/100000]  elapsed=150s  rate=4.2/s  eta=23687s  finite=219
  [640/100000]  elapsed=152s  rate=4.2/s  eta=23663s  finite=222
  [650/100000]  elapsed=155s  rate=4.2/s  eta=23637s  finite=224
  [660/100000]  elapsed=157s  rate=4.2/s  eta=23623s  finite=229
  [warn] sample 6 failed: This a (0.32013765), p0 (15.181125) and e0 (0.8985885) combination is outside of our domain of validity.
  [670/100000]  elapsed=159s  rate=4.2/s  eta=23576s  finite=233
  [680/100000]  elapsed=161s  rate=4.2/s  eta=23579s  finite=236
  [690/100000]  elapsed=164s  rate=4.2/s  eta=23564s  finite=239
  [700/100000]  elapsed=166s  rate=4.2/s  eta=23557s  finite=244
  -> checkpoint saved: /scratch/e1498138/paper/ext/emri_g/lhs_f/ckpt_000700.pkl
  [710/100000]  elapsed=168s  rate=4.2/s  eta=23559s  finite=247
  [720/100000]  elapsed=171s  rate=4.2/s  eta=23557s  finite=251
  [730/100000]  elapsed=173s  rate=4.2/s  eta=23557s  finite=256
  [740/100000]  elapsed=176s  rate=4.2/s  eta=23562s  finite=260
  [warn] sample 6 failed: 
  [750/100000]  elapsed=178s  rate=4.2/s  eta=23545s  finite=263
  [760/100000]  elapsed=180s  rate=4.2/s  eta=23546s  finite=266
  [770/100000]  elapsed=183s  rate=4.2/s  eta=23575s  finite=271
  [780/100000]  elapsed=185s  rate=4.2/s  eta=23563s  finite=274
  [790/100000]  elapsed=188s  rate=4.2/s  eta=23549s  finite=275
  [800/100000]  elapsed=190s  rate=4.2/s  eta=23538s  finite=275
  -> checkpoint saved: /scratch/e1498138/paper/ext/emri_g/lhs_f/ckpt_000800.pkl
  [810/100000]  elapsed=192s  rate=4.2/s  eta=23522s  finite=276
  [warn] sample 8 failed: This a (0.51190935), p0 (13.710405) and e0 (0.8991015) combination is outside of our domain of validity.
  [820/100000]  elapsed=194s  rate=4.2/s  eta=23481s  finite=279
  [830/100000]  elapsed=196s  rate=4.2/s  eta=23474s  finite=283
  [warn] sample 7 failed: 
  [840/100000]  elapsed=199s  rate=4.2/s  eta=23447s  finite=288
  [850/100000]  elapsed=201s  rate=4.2/s  eta=23444s  finite=290
  [860/100000]  elapsed=203s  rate=4.2/s  eta=23448s  finite=296
  [870/100000]  elapsed=206s  rate=4.2/s  eta=23472s  finite=302
  [880/100000]  elapsed=208s  rate=4.2/s  eta=23469s  finite=306
  [warn] sample 9 failed: 
  [890/100000]  elapsed=211s  rate=4.2/s  eta=23483s  finite=309
  [warn] sample 3 failed: 
  [900/100000]  elapsed=213s  rate=4.2/s  eta=23457s  finite=313
  -> checkpoint saved: /scratch/e1498138/paper/ext/emri_g/lhs_f/ckpt_000900.pkl
  [910/100000]  elapsed=215s  rate=4.2/s  eta=23455s  finite=316
  [warn] sample 4 failed: 
  [920/100000]  elapsed=218s  rate=4.2/s  eta=23437s  finite=319
  [930/100000]  elapsed=220s  rate=4.2/s  eta=23421s  finite=321
  [940/100000]  elapsed=222s  rate=4.2/s  eta=23442s  finite=326
  [950/100000]  elapsed=225s  rate=4.2/s  eta=23433s  finite=329
  [960/100000]  elapsed=227s  rate=4.2/s  eta=23430s  finite=334
  [970/100000]  elapsed=229s  rate=4.2/s  eta=23430s  finite=337
  [980/100000]  elapsed=232s  rate=4.2/s  eta=23435s  finite=343
  [warn] sample 4 failed: 
  [990/100000]  elapsed=234s  rate=4.2/s  eta=23414s  finite=347
  [1000/100000]  elapsed=236s  rate=4.2/s  eta=23408s  finite=350
  -> checkpoint saved: /scratch/e1498138/paper/ext/emri_g/lhs_f/ckpt_001000.pkl
  [1010/100000]  elapsed=239s  rate=4.2/s  eta=23414s  finite=353
  [1020/100000]  elapsed=241s  rate=4.2/s  eta=23414s  finite=358
  [warn] sample 8 failed: 
  [1030/100000]  elapsed=243s  rate=4.2/s  eta=23392s  finite=363
  [1040/100000]  elapsed=246s  rate=4.2/s  eta=23397s  finite=369
  [1050/100000]  elapsed=248s  rate=4.2/s  eta=23395s  finite=371
  [warn] sample 3 failed: 
  [warn] sample 7 failed: 
  [1060/100000]  elapsed=250s  rate=4.2/s  eta=23366s  finite=375
  [1070/100000]  elapsed=253s  rate=4.2/s  eta=23357s  finite=378
  [1080/100000]  elapsed=255s  rate=4.2/s  eta=23355s  finite=383
  [1090/100000]  elapsed=257s  rate=4.2/s  eta=23351s  finite=388
  [1100/100000]  elapsed=260s  rate=4.2/s  eta=23341s  finite=391
  -> checkpoint saved: /scratch/e1498138/paper/ext/emri_g/lhs_f/ckpt_001100.pkl
  [1110/100000]  elapsed=262s  rate=4.2/s  eta=23345s  finite=397
  [1120/100000]  elapsed=264s  rate=4.2/s  eta=23337s  finite=401
  [1130/100000]  elapsed=267s  rate=4.2/s  eta=23337s  finite=406
  [warn] sample 1 failed: 
  [1140/100000]  elapsed=269s  rate=4.2/s  eta=23323s  finite=408
  [1150/100000]  elapsed=271s  rate=4.2/s  eta=23318s  finite=411
  [1160/100000]  elapsed=274s  rate=4.2/s  eta=23329s  finite=415
  [warn] sample 9 failed: 
  [1170/100000]  elapsed=276s  rate=4.2/s  eta=23331s  finite=419
  [1180/100000]  elapsed=279s  rate=4.2/s  eta=23331s  finite=422
  [1190/100000]  elapsed=281s  rate=4.2/s  eta=23321s  finite=423
  [1200/100000]  elapsed=283s  rate=4.2/s  eta=23326s  finite=426
  -> checkpoint saved: /scratch/e1498138/paper/ext/emri_g/lhs_f/ckpt_001200.pkl
  [1210/100000]  elapsed=286s  rate=4.2/s  eta=23319s  finite=427
  [1220/100000]  elapsed=288s  rate=4.2/s  eta=23311s  finite=428
  [warn] sample 4 failed: 
  [1230/100000]  elapsed=290s  rate=4.2/s  eta=23298s  finite=433
  [1240/100000]  elapsed=292s  rate=4.2/s  eta=23295s  finite=434
  [1250/100000]  elapsed=295s  rate=4.2/s  eta=23288s  finite=436
  [1260/100000]  elapsed=297s  rate=4.2/s  eta=23277s  finite=436
  [1270/100000]  elapsed=299s  rate=4.2/s  eta=23282s  finite=440
  [1280/100000]  elapsed=302s  rate=4.2/s  eta=23272s  finite=441
  [1290/100000]  elapsed=304s  rate=4.2/s  eta=23269s  finite=443
  [1300/100000]  elapsed=306s  rate=4.2/s  eta=23264s  finite=448
  -> checkpoint saved: /scratch/e1498138/paper/ext/emri_g/lhs_f/ckpt_001300.pkl
  [1310/100000]  elapsed=309s  rate=4.2/s  eta=23262s  finite=449
  [1320/100000]  elapsed=311s  rate=4.2/s  eta=23258s  finite=452
  [1330/100000]  elapsed=314s  rate=4.2/s  eta=23260s  finite=457
  [warn] sample 1 failed: 
  [1340/100000]  elapsed=316s  rate=4.2/s  eta=23255s  finite=462
  [1350/100000]  elapsed=318s  rate=4.2/s  eta=23248s  finite=467
  [warn] sample 7 failed: 
  [1360/100000]  elapsed=320s  rate=4.2/s  eta=23229s  finite=471
  [1370/100000]  elapsed=323s  rate=4.2/s  eta=23220s  finite=473
  [1380/100000]  elapsed=325s  rate=4.2/s  eta=23215s  finite=478
  [1390/100000]  elapsed=327s  rate=4.2/s  eta=23209s  finite=482
  [warn] sample 1 failed: This a (0.30071415), p0 (14.080965) and e0 (0.8886075) combination is outside of our domain of validity.
  [1400/100000]  elapsed=329s  rate=4.3/s  eta=23188s  finite=482
  -> checkpoint saved: /scratch/e1498138/paper/ext/emri_g/lhs_f/ckpt_001400.pkl
  [1410/100000]  elapsed=332s  rate=4.3/s  eta=23180s  finite=485
  [1420/100000]  elapsed=334s  rate=4.3/s  eta=23190s  finite=488
  [warn] sample 9 failed: 
  [1430/100000]  elapsed=336s  rate=4.3/s  eta=23180s  finite=493
  [1440/100000]  elapsed=339s  rate=4.3/s  eta=23181s  finite=498
  [1450/100000]  elapsed=341s  rate=4.2/s  eta=23195s  finite=501
  [1460/100000]  elapsed=344s  rate=4.2/s  eta=23210s  finite=506
  [warn] sample 2 failed: This a (0.44399955), p0 (13.744245) and e0 (0.8953995000000001) combination is outside of our domain of validity.
  [1470/100000]  elapsed=346s  rate=4.2/s  eta=23194s  finite=510
  [warn] sample 2 failed: 
  [1480/100000]  elapsed=348s  rate=4.2/s  eta=23183s  finite=514
  [1490/100000]  elapsed=351s  rate=4.3/s  eta=23177s  finite=517
  [warn] sample 4 failed: 
  [1500/100000]  elapsed=353s  rate=4.3/s  eta=23163s  finite=521
  -> checkpoint saved: /scratch/e1498138/paper/ext/emri_g/lhs_f/ckpt_001500.pkl
  [1510/100000]  elapsed=355s  rate=4.3/s  eta=23153s  finite=521
  [1520/100000]  elapsed=357s  rate=4.3/s  eta=23152s  finite=526
  [1530/100000]  elapsed=360s  rate=4.3/s  eta=23146s  finite=529
  [warn] sample 8 failed: This a (0.43398075), p0 (14.209275) and e0 (0.8963235) combination is outside of our domain of validity.
  [1540/100000]  elapsed=362s  rate=4.3/s  eta=23123s  finite=533
  [1550/100000]  elapsed=364s  rate=4.3/s  eta=23113s  finite=536
  [1560/100000]  elapsed=366s  rate=4.3/s  eta=23105s  finite=539
  [1570/100000]  elapsed=369s  rate=4.3/s  eta=23105s  finite=540
  [1580/100000]  elapsed=371s  rate=4.3/s  eta=23097s  finite=541
  [1590/100000]  elapsed=373s  rate=4.3/s  eta=23106s  finite=544
  [warn] sample 4 failed: 
  [1600/100000]  elapsed=376s  rate=4.3/s  eta=23102s  finite=548
  -> checkpoint saved: /scratch/e1498138/paper/ext/emri_g/lhs_f/ckpt_001600.pkl
  [1610/100000]  elapsed=378s  rate=4.3/s  eta=23108s  finite=550
  [1620/100000]  elapsed=381s  rate=4.3/s  eta=23111s  finite=554
  [1630/100000]  elapsed=383s  rate=4.3/s  eta=23104s  finite=556
  [1640/100000]  elapsed=385s  rate=4.3/s  eta=23098s  finite=559
  [1650/100000]  elapsed=387s  rate=4.3/s  eta=23089s  finite=560
  [1660/100000]  elapsed=390s  rate=4.3/s  eta=23095s  finite=565
  [1670/100000]  elapsed=392s  rate=4.3/s  eta=23094s  finite=570
  [1680/100000]  elapsed=395s  rate=4.3/s  eta=23090s  finite=570
  [1690/100000]  elapsed=397s  rate=4.3/s  eta=23084s  finite=573
  [warn] sample 1 failed: 
  [warn] sample 5 failed: 
  [1700/100000]  elapsed=399s  rate=4.3/s  eta=23061s  finite=576
  -> checkpoint saved: /scratch/e1498138/paper/ext/emri_g/lhs_f/ckpt_001700.pkl
  [1710/100000]  elapsed=401s  rate=4.3/s  eta=23070s  finite=580
  [warn] sample 7 failed: This a (0.41610975), p0 (14.254335) and e0 (0.8987475) combination is outside of our domain of validity.
  [1720/100000]  elapsed=403s  rate=4.3/s  eta=23051s  finite=584
  [1730/100000]  elapsed=406s  rate=4.3/s  eta=23049s  finite=587
  [1740/100000]  elapsed=408s  rate=4.3/s  eta=23044s  finite=590
  [1750/100000]  elapsed=410s  rate=4.3/s  eta=23043s  finite=597
  [1760/100000]  elapsed=413s  rate=4.3/s  eta=23039s  finite=600
  [1770/100000]  elapsed=415s  rate=4.3/s  eta=23040s  finite=602
  [warn] sample 8 failed: 
  [1780/100000]  elapsed=417s  rate=4.3/s  eta=23029s  finite=604
  [1790/100000]  elapsed=420s  rate=4.3/s  eta=23033s  finite=605
  [1800/100000]  elapsed=422s  rate=4.3/s  eta=23030s  finite=608
  -> checkpoint saved: /scratch/e1498138/paper/ext/emri_g/lhs_f/ckpt_001800.pkl
  [1810/100000]  elapsed=425s  rate=4.3/s  eta=23035s  finite=614
  [1820/100000]  elapsed=427s  rate=4.3/s  eta=23033s  finite=617
  [warn] sample 5 failed: 
  [warn] sample 9 failed: 
  [1830/100000]  elapsed=429s  rate=4.3/s  eta=23019s  finite=618
  [1840/100000]  elapsed=431s  rate=4.3/s  eta=23016s  finite=622
  [1850/100000]  elapsed=434s  rate=4.3/s  eta=23016s  finite=625
  [1860/100000]  elapsed=436s  rate=4.3/s  eta=23011s  finite=628
  [1870/100000]  elapsed=438s  rate=4.3/s  eta=23006s  finite=633
  [1880/100000]  elapsed=441s  rate=4.3/s  eta=23025s  finite=638
  [1890/100000]  elapsed=443s  rate=4.3/s  eta=23021s  finite=642
  [1900/100000]  elapsed=446s  rate=4.3/s  eta=23022s  finite=645
  -> checkpoint saved: /scratch/e1498138/paper/ext/emri_g/lhs_f/ckpt_001900.pkl
  [warn] sample 4 failed: 
  [1910/100000]  elapsed=448s  rate=4.3/s  eta=23015s  finite=649
  [warn] sample 8 failed: 
  [1920/100000]  elapsed=450s  rate=4.3/s  eta=23007s  finite=651
  [warn] sample 7 failed: 
  [1930/100000]  elapsed=453s  rate=4.3/s  eta=22995s  finite=655
  [1940/100000]  elapsed=455s  rate=4.3/s  eta=22993s  finite=660
  [1950/100000]  elapsed=457s  rate=4.3/s  eta=22993s  finite=664
  [1960/100000]  elapsed=460s  rate=4.3/s  eta=22992s  finite=670
  [1970/100000]  elapsed=462s  rate=4.3/s  eta=22992s  finite=672
  [1980/100000]  elapsed=464s  rate=4.3/s  eta=22984s  finite=673
  [1990/100000]  elapsed=467s  rate=4.3/s  eta=22980s  finite=677
  [warn] sample 9 failed: 
  [2000/100000]  elapsed=469s  rate=4.3/s  eta=22969s  finite=682
  -> checkpoint saved: /scratch/e1498138/paper/ext/emri_g/lhs_f/ckpt_002000.pkl
  [warn] sample 2 failed: This a (0.33400665), p0 (13.971645) and e0 (0.8980515) combination is outside of our domain of validity.
  [2010/100000]  elapsed=471s  rate=4.3/s  eta=22966s  finite=688
  [2020/100000]  elapsed=474s  rate=4.3/s  eta=22967s  finite=694
  [warn] sample 6 failed: 
  [2030/100000]  elapsed=476s  rate=4.3/s  eta=22959s  finite=696
  [2040/100000]  elapsed=478s  rate=4.3/s  eta=22960s  finite=700
  [2050/100000]  elapsed=481s  rate=4.3/s  eta=22963s  finite=704
  [2060/100000]  elapsed=483s  rate=4.3/s  eta=22962s  finite=708
  [2070/100000]  elapsed=485s  rate=4.3/s  eta=22957s  finite=710
  [2080/100000]  elapsed=488s  rate=4.3/s  eta=22951s  finite=713
  [2090/100000]  elapsed=490s  rate=4.3/s  eta=22952s  finite=716
  [2100/100000]  elapsed=492s  rate=4.3/s  eta=22952s  finite=721
  -> checkpoint saved: /scratch/e1498138/paper/ext/emri_g/lhs_f/ckpt_002100.pkl
  [2110/100000]  elapsed=495s  rate=4.3/s  eta=22949s  finite=724
  [2120/100000]  elapsed=497s  rate=4.3/s  eta=22946s  finite=728
  [warn] sample 6 failed: 
  [2130/100000]  elapsed=499s  rate=4.3/s  eta=22938s  finite=732
  [warn] sample 5 failed: 
  [2140/100000]  elapsed=501s  rate=4.3/s  eta=22931s  finite=734
  [2150/100000]  elapsed=504s  rate=4.3/s  eta=22930s  finite=735
  [warn] sample 5 failed: 
  [2160/100000]  elapsed=506s  rate=4.3/s  eta=22919s  finite=738
  [2170/100000]  elapsed=508s  rate=4.3/s  eta=22919s  finite=740
  [2180/100000]  elapsed=511s  rate=4.3/s  eta=22926s  finite=745
  [2190/100000]  elapsed=513s  rate=4.3/s  eta=22920s  finite=747
  [2200/100000]  elapsed=516s  rate=4.3/s  eta=22918s  finite=750
  -> checkpoint saved: /scratch/e1498138/paper/ext/emri_g/lhs_f/ckpt_002200.pkl
  [warn] sample 4 failed: 
  [2210/100000]  elapsed=518s  rate=4.3/s  eta=22911s  finite=753
  [2220/100000]  elapsed=520s  rate=4.3/s  eta=22913s  finite=756
  [2230/100000]  elapsed=523s  rate=4.3/s  eta=22911s  finite=761
  [2240/100000]  elapsed=525s  rate=4.3/s  eta=22905s  finite=764
  [warn] sample 1 failed: 
  [2250/100000]  elapsed=527s  rate=4.3/s  eta=22898s  finite=766
  [2260/100000]  elapsed=529s  rate=4.3/s  eta=22893s  finite=770
  [warn] sample 4 failed: 
  [2270/100000]  elapsed=532s  rate=4.3/s  eta=22887s  finite=774
  [2280/100000]  elapsed=534s  rate=4.3/s  eta=22886s  finite=777
  [warn] sample 2 failed: 
  [2290/100000]  elapsed=536s  rate=4.3/s  eta=22877s  finite=779
  [2300/100000]  elapsed=539s  rate=4.3/s  eta=22878s  finite=782
  -> checkpoint saved: /scratch/e1498138/paper/ext/emri_g/lhs_f/ckpt_002300.pkl
  [2310/100000]  elapsed=541s  rate=4.3/s  eta=22876s  finite=785
  [2320/100000]  elapsed=543s  rate=4.3/s  eta=22871s  finite=788
  [warn] sample 8 failed: This a (0.42596985), p0 (13.989225) and e0 (0.8914005) combination is outside of our domain of validity.
  [2330/100000]  elapsed=545s  rate=4.3/s  eta=22860s  finite=789
  [warn] sample 2 failed: 
  [2340/100000]  elapsed=548s  rate=4.3/s  eta=22853s  finite=791
  [2350/100000]  elapsed=550s  rate=4.3/s  eta=22856s  finite=796
  [warn] sample 4 failed: 
  [2360/100000]  elapsed=552s  rate=4.3/s  eta=22847s  finite=799
  [2370/100000]  elapsed=554s  rate=4.3/s  eta=22842s  finite=801
  [warn] sample 9 failed: 
  [2380/100000]  elapsed=557s  rate=4.3/s  eta=22833s  finite=805
  [warn] sample 5 failed: 
  [warn] sample 7 failed: 
  [2390/100000]  elapsed=559s  rate=4.3/s  eta=22819s  finite=808
  [warn] sample 6 failed: 
  [2400/100000]  elapsed=561s  rate=4.3/s  eta=22816s  finite=812
  -> checkpoint saved: /scratch/e1498138/paper/ext/emri_g/lhs_f/ckpt_002400.pkl
  [2410/100000]  elapsed=563s  rate=4.3/s  eta=22813s  finite=815
  [2420/100000]  elapsed=566s  rate=4.3/s  eta=22818s  finite=819
  [2430/100000]  elapsed=568s  rate=4.3/s  eta=22816s  finite=823
  [2440/100000]  elapsed=570s  rate=4.3/s  eta=22810s  finite=826
  [2450/100000]  elapsed=573s  rate=4.3/s  eta=22806s  finite=827
  [2460/100000]  elapsed=575s  rate=4.3/s  eta=22799s  finite=829
  [2470/100000]  elapsed=577s  rate=4.3/s  eta=22795s  finite=831
  [2480/100000]  elapsed=580s  rate=4.3/s  eta=22791s  finite=834
  [2490/100000]  elapsed=582s  rate=4.3/s  eta=22792s  finite=838
  [warn] sample 1 failed: 
  [2500/100000]  elapsed=584s  rate=4.3/s  eta=22789s  finite=841
  -> checkpoint saved: /scratch/e1498138/paper/ext/emri_g/lhs_f/ckpt_002500.pkl
  [2510/100000]  elapsed=587s  rate=4.3/s  eta=22789s  finite=842
  [2520/100000]  elapsed=589s  rate=4.3/s  eta=22786s  finite=846
  [warn] sample 2 failed: 
  [warn] sample 4 failed: 
  [2530/100000]  elapsed=591s  rate=4.3/s  eta=22773s  finite=849
  [warn] sample 3 failed: 
  [2540/100000]  elapsed=593s  rate=4.3/s  eta=22769s  finite=854
  [2550/100000]  elapsed=596s  rate=4.3/s  eta=22763s  finite=855
  [2560/100000]  elapsed=598s  rate=4.3/s  eta=22757s  finite=857
  [warn] sample 1 failed: This a (0.35220195), p0 (14.212365) and e0 (0.8939505000000001) combination is outside of our domain of validity.
  [2570/100000]  elapsed=600s  rate=4.3/s  eta=22753s  finite=861
  [2580/100000]  elapsed=602s  rate=4.3/s  eta=22750s  finite=864
  [2590/100000]  elapsed=605s  rate=4.3/s  eta=22746s  finite=868
  [2600/100000]  elapsed=607s  rate=4.3/s  eta=22742s  finite=870
  -> checkpoint saved: /scratch/e1498138/paper/ext/emri_g/lhs_f/ckpt_002600.pkl
  [warn] sample 9 failed: 
  [2610/100000]  elapsed=609s  rate=4.3/s  eta=22737s  finite=875
  [2620/100000]  elapsed=612s  rate=4.3/s  eta=22732s  finite=879
  [2630/100000]  elapsed=614s  rate=4.3/s  eta=22729s  finite=881
  [2640/100000]  elapsed=616s  rate=4.3/s  eta=22731s  finite=885
  [2650/100000]  elapsed=619s  rate=4.3/s  eta=22728s  finite=889
  [2660/100000]  elapsed=621s  rate=4.3/s  eta=22729s  finite=897
  [2670/100000]  elapsed=623s  rate=4.3/s  eta=22723s  finite=899
  [2680/100000]  elapsed=626s  rate=4.3/s  eta=22720s  finite=900
  [warn] sample 6 failed: 
  [2690/100000]  elapsed=628s  rate=4.3/s  eta=22710s  finite=901
  [2700/100000]  elapsed=630s  rate=4.3/s  eta=22711s  finite=905
  -> checkpoint saved: /scratch/e1498138/paper/ext/emri_g/lhs_f/ckpt_002700.pkl
  [2710/100000]  elapsed=633s  rate=4.3/s  eta=22707s  finite=908
  [2720/100000]  elapsed=635s  rate=4.3/s  eta=22709s  finite=912
  [2730/100000]  elapsed=637s  rate=4.3/s  eta=22705s  finite=916
  [2740/100000]  elapsed=639s  rate=4.3/s  eta=22699s  finite=920
  [2750/100000]  elapsed=642s  rate=4.3/s  eta=22699s  finite=926
  [2760/100000]  elapsed=644s  rate=4.3/s  eta=22702s  finite=932
  [2770/100000]  elapsed=647s  rate=4.3/s  eta=22701s  finite=935
  [2780/100000]  elapsed=649s  rate=4.3/s  eta=22699s  finite=938
  [warn] sample 2 failed: This a (0.31352055), p0 (13.721415) and e0 (0.8999625) combination is outside of our domain of validity.
  [2790/100000]  elapsed=652s  rate=4.3/s  eta=22701s  finite=944
  [2800/100000]  elapsed=654s  rate=4.3/s  eta=22700s  finite=950
  -> checkpoint saved: /scratch/e1498138/paper/ext/emri_g/lhs_f/ckpt_002800.pkl
  [2810/100000]  elapsed=656s  rate=4.3/s  eta=22695s  finite=951
  [2820/100000]  elapsed=659s  rate=4.3/s  eta=22707s  finite=956
  [warn] sample 1 failed: 
  [2830/100000]  elapsed=661s  rate=4.3/s  eta=22700s  finite=958
  [2840/100000]  elapsed=663s  rate=4.3/s  eta=22698s  finite=961
  [2850/100000]  elapsed=666s  rate=4.3/s  eta=22703s  finite=966
  [2860/100000]  elapsed=668s  rate=4.3/s  eta=22701s  finite=970
  [warn] sample 1 failed: This a (0.52931805), p0 (13.691565) and e0 (0.8931315000000001) combination is outside of our domain of validity.
  [warn] sample 2 failed: 
  [2870/100000]  elapsed=670s  rate=4.3/s  eta=22688s  finite=973
  [2880/100000]  elapsed=673s  rate=4.3/s  eta=22684s  finite=973
  [2890/100000]  elapsed=675s  rate=4.3/s  eta=22686s  finite=978
  [2900/100000]  elapsed=678s  rate=4.3/s  eta=22691s  finite=981
  -> checkpoint saved: /scratch/e1498138/paper/ext/emri_g/lhs_f/ckpt_002900.pkl
  [warn] sample 4 failed: 
  [2910/100000]  elapsed=680s  rate=4.3/s  eta=22683s  finite=984
  [2920/100000]  elapsed=682s  rate=4.3/s  eta=22679s  finite=985
  [2930/100000]  elapsed=684s  rate=4.3/s  eta=22675s  finite=991
  [warn] sample 5 failed: This a (0.37197735), p0 (14.911755) and e0 (0.8982765) combination is outside of our domain of validity.
  [2940/100000]  elapsed=687s  rate=4.3/s  eta=22664s  finite=991
  [2950/100000]  elapsed=689s  rate=4.3/s  eta=22663s  finite=995
  [2960/100000]  elapsed=691s  rate=4.3/s  eta=22661s  finite=997
  [2970/100000]  elapsed=694s  rate=4.3/s  eta=22658s  finite=1000
  [2980/100000]  elapsed=696s  rate=4.3/s  eta=22653s  finite=1003
  [2990/100000]  elapsed=698s  rate=4.3/s  eta=22650s  finite=1007
  [3000/100000]  elapsed=700s  rate=4.3/s  eta=22647s  finite=1012
  -> checkpoint saved: /scratch/e1498138/paper/ext/emri_g/lhs_f/ckpt_003000.pkl
  [3010/100000]  elapsed=703s  rate=4.3/s  eta=22643s  finite=1013
  [3020/100000]  elapsed=705s  rate=4.3/s  eta=22639s  finite=1017
  [3030/100000]  elapsed=707s  rate=4.3/s  eta=22639s  finite=1023
  [3040/100000]  elapsed=710s  rate=4.3/s  eta=22639s  finite=1026
  [3050/100000]  elapsed=712s  rate=4.3/s  eta=22639s  finite=1029
  [3060/100000]  elapsed=715s  rate=4.3/s  eta=22637s  finite=1033
  [3070/100000]  elapsed=717s  rate=4.3/s  eta=22638s  finite=1037
  [3080/100000]  elapsed=719s  rate=4.3/s  eta=22636s  finite=1042
  [3090/100000]  elapsed=722s  rate=4.3/s  eta=22632s  finite=1046
  [3100/100000]  elapsed=724s  rate=4.3/s  eta=22630s  finite=1050
  -> checkpoint saved: /scratch/e1498138/paper/ext/emri_g/lhs_f/ckpt_003100.pkl
  [warn] sample 9 failed: 
  [3110/100000]  elapsed=726s  rate=4.3/s  eta=22622s  finite=1052
  [3120/100000]  elapsed=729s  rate=4.3/s  eta=22622s  finite=1052
  [3130/100000]  elapsed=731s  rate=4.3/s  eta=22619s  finite=1055
  [3140/100000]  elapsed=733s  rate=4.3/s  eta=22623s  finite=1059
  [3150/100000]  elapsed=736s  rate=4.3/s  eta=22619s  finite=1062
  [3160/100000]  elapsed=738s  rate=4.3/s  eta=22617s  finite=1063
  [3170/100000]  elapsed=740s  rate=4.3/s  eta=22618s  finite=1066
  [3180/100000]  elapsed=743s  rate=4.3/s  eta=22617s  finite=1071
  [warn] sample 1 failed: 
  [3190/100000]  elapsed=745s  rate=4.3/s  eta=22612s  finite=1074
  [3200/100000]  elapsed=747s  rate=4.3/s  eta=22607s  finite=1076
  -> checkpoint saved: /scratch/e1498138/paper/ext/emri_g/lhs_f/ckpt_003200.pkl
  [3210/100000]  elapsed=750s  rate=4.3/s  eta=22608s  finite=1077
  [warn] sample 3 failed: 
  [3220/100000]  elapsed=752s  rate=4.3/s  eta=22602s  finite=1079
  [3230/100000]  elapsed=754s  rate=4.3/s  eta=22598s  finite=1081
  [3240/100000]  elapsed=757s  rate=4.3/s  eta=22602s  finite=1084
  [3250/100000]  elapsed=759s  rate=4.3/s  eta=22605s  finite=1089
  [3260/100000]  elapsed=762s  rate=4.3/s  eta=22603s  finite=1092
  [3270/100000]  elapsed=764s  rate=4.3/s  eta=22602s  finite=1094
  [warn] sample 8 failed: 
  [3280/100000]  elapsed=766s  rate=4.3/s  eta=22593s  finite=1098
  [warn] sample 8 failed: 
  [3290/100000]  elapsed=768s  rate=4.3/s  eta=22585s  finite=1099
  [warn] sample 6 failed: 
  [3300/100000]  elapsed=771s  rate=4.3/s  eta=22579s  finite=1102
  -> checkpoint saved: /scratch/e1498138/paper/ext/emri_g/lhs_f/ckpt_003300.pkl
  [3310/100000]  elapsed=773s  rate=4.3/s  eta=22579s  finite=1106
  [3320/100000]  elapsed=775s  rate=4.3/s  eta=22578s  finite=1109
  [3330/100000]  elapsed=778s  rate=4.3/s  eta=22575s  finite=1110
  [3340/100000]  elapsed=780s  rate=4.3/s  eta=22574s  finite=1113
  [warn] sample 9 failed: 
  [3350/100000]  elapsed=782s  rate=4.3/s  eta=22566s  finite=1116
  [warn] sample 6 failed: This a (0.44050124999999996), p0 (14.014665) and e0 (0.8990595000000001) combination is outside of our domain of validity.
  [3360/100000]  elapsed=784s  rate=4.3/s  eta=22562s  finite=1117
  [3370/100000]  elapsed=787s  rate=4.3/s  eta=22558s  finite=1119
  [warn] sample 3 failed: 
  [3380/100000]  elapsed=789s  rate=4.3/s  eta=22551s  finite=1123
  [warn] sample 6 failed: 
  [3390/100000]  elapsed=791s  rate=4.3/s  eta=22543s  finite=1128
  [3400/100000]  elapsed=794s  rate=4.3/s  eta=22550s  finite=1135
  -> checkpoint saved: /scratch/e1498138/paper/ext/emri_g/lhs_f/ckpt_003400.pkl
  [3410/100000]  elapsed=796s  rate=4.3/s  eta=22546s  finite=1136
  [3420/100000]  elapsed=798s  rate=4.3/s  eta=22544s  finite=1140
  [warn] sample 2 failed: This a (0.39214605), p0 (14.186265) and e0 (0.8977455000000001) combination is outside of our domain of validity.
  [3430/100000]  elapsed=800s  rate=4.3/s  eta=22534s  finite=1144
  [3440/100000]  elapsed=803s  rate=4.3/s  eta=22538s  finite=1150
  [3450/100000]  elapsed=805s  rate=4.3/s  eta=22531s  finite=1152
  [3460/100000]  elapsed=807s  rate=4.3/s  eta=22529s  finite=1155
  [warn] sample 5 failed: 
  [3470/100000]  elapsed=810s  rate=4.3/s  eta=22527s  finite=1160
  [3480/100000]  elapsed=812s  rate=4.3/s  eta=22525s  finite=1161
  [3490/100000]  elapsed=814s  rate=4.3/s  eta=22522s  finite=1164
  [3500/100000]  elapsed=817s  rate=4.3/s  eta=22520s  finite=1167
  -> checkpoint saved: /scratch/e1498138/paper/ext/emri_g/lhs_f/ckpt_003500.pkl
  [warn] sample 2 failed: 
  [3510/100000]  elapsed=819s  rate=4.3/s  eta=22515s  finite=1169
  [3520/100000]  elapsed=822s  rate=4.3/s  eta=22518s  finite=1173
  [warn] sample 2 failed: 
  [3530/100000]  elapsed=824s  rate=4.3/s  eta=22512s  finite=1175
  [3540/100000]  elapsed=826s  rate=4.3/s  eta=22509s  finite=1179
  [3550/100000]  elapsed=828s  rate=4.3/s  eta=22508s  finite=1183
  [3560/100000]  elapsed=831s  rate=4.3/s  eta=22504s  finite=1183
  [3570/100000]  elapsed=833s  rate=4.3/s  eta=22500s  finite=1185
  [3580/100000]  elapsed=835s  rate=4.3/s  eta=22500s  finite=1189
  [warn] sample 4 failed: 
  [3590/100000]  elapsed=838s  rate=4.3/s  eta=22494s  finite=1193
  [warn] sample 7 failed: 
  [3600/100000]  elapsed=840s  rate=4.3/s  eta=22491s  finite=1195
  -> checkpoint saved: /scratch/e1498138/paper/ext/emri_g/lhs_f/ckpt_003600.pkl
  [3610/100000]  elapsed=842s  rate=4.3/s  eta=22487s  finite=1195
  [3620/100000]  elapsed=844s  rate=4.3/s  eta=22483s  finite=1200
  [3630/100000]  elapsed=847s  rate=4.3/s  eta=22481s  finite=1205
  [3640/100000]  elapsed=849s  rate=4.3/s  eta=22478s  finite=1209
  [3650/100000]  elapsed=851s  rate=4.3/s  eta=22476s  finite=1212
  [3660/100000]  elapsed=854s  rate=4.3/s  eta=22477s  finite=1215
  [3670/100000]  elapsed=856s  rate=4.3/s  eta=22474s  finite=1218
  [3680/100000]  elapsed=859s  rate=4.3/s  eta=22471s  finite=1222
  [warn] sample 6 failed: 
  [3690/100000]  elapsed=861s  rate=4.3/s  eta=22473s  finite=1227
  [3700/100000]  elapsed=863s  rate=4.3/s  eta=22470s  finite=1230
  -> checkpoint saved: /scratch/e1498138/paper/ext/emri_g/lhs_f/ckpt_003700.pkl
  [3710/100000]  elapsed=866s  rate=4.3/s  eta=22468s  finite=1232
  [3720/100000]  elapsed=868s  rate=4.3/s  eta=22469s  finite=1236
  [3730/100000]  elapsed=871s  rate=4.3/s  eta=22467s  finite=1240
  [3740/100000]  elapsed=873s  rate=4.3/s  eta=22463s  finite=1241
  [3750/100000]  elapsed=875s  rate=4.3/s  eta=22465s  finite=1245
  [3760/100000]  elapsed=877s  rate=4.3/s  eta=22460s  finite=1246
  [3770/100000]  elapsed=880s  rate=4.3/s  eta=22458s  finite=1248
  [3780/100000]  elapsed=882s  rate=4.3/s  eta=22455s  finite=1250
  [3790/100000]  elapsed=884s  rate=4.3/s  eta=22451s  finite=1251
  [3800/100000]  elapsed=887s  rate=4.3/s  eta=22449s  finite=1254
  -> checkpoint saved: /scratch/e1498138/paper/ext/emri_g/lhs_f/ckpt_003800.pkl
  [warn] sample 2 failed: 
  [3810/100000]  elapsed=889s  rate=4.3/s  eta=22442s  finite=1256
  [3820/100000]  elapsed=891s  rate=4.3/s  eta=22440s  finite=1260
  [warn] sample 9 failed: 
  [3830/100000]  elapsed=893s  rate=4.3/s  eta=22433s  finite=1264
  [3840/100000]  elapsed=896s  rate=4.3/s  eta=22430s  finite=1267
  [3850/100000]  elapsed=898s  rate=4.3/s  eta=22434s  finite=1273
  [warn] sample 8 failed: This a (0.42841245), p0 (14.084505) and e0 (0.8967825) combination is outside of our domain of validity.
  [3860/100000]  elapsed=900s  rate=4.3/s  eta=22426s  finite=1277
  [warn] sample 5 failed: 
  [warn] sample 7 failed: 
  [3870/100000]  elapsed=902s  rate=4.3/s  eta=22415s  finite=1279
  [3880/100000]  elapsed=905s  rate=4.3/s  eta=22412s  finite=1282
  [3890/100000]  elapsed=907s  rate=4.3/s  eta=22409s  finite=1285
  [3900/100000]  elapsed=909s  rate=4.3/s  eta=22405s  finite=1288
  -> checkpoint saved: /scratch/e1498138/paper/ext/emri_g/lhs_f/ckpt_003900.pkl
  [3910/100000]  elapsed=912s  rate=4.3/s  eta=22402s  finite=1291
  [3920/100000]  elapsed=914s  rate=4.3/s  eta=22400s  finite=1295
  [3930/100000]  elapsed=916s  rate=4.3/s  eta=22398s  finite=1298
  [3940/100000]  elapsed=919s  rate=4.3/s  eta=22399s  finite=1303
  [warn] sample 0 failed: 
  [3950/100000]  elapsed=921s  rate=4.3/s  eta=22394s  finite=1305
  [3960/100000]  elapsed=923s  rate=4.3/s  eta=22396s  finite=1310
  [warn] sample 5 failed: 
  [3970/100000]  elapsed=926s  rate=4.3/s  eta=22392s  finite=1316
  [warn] sample 8 failed: 
  [3980/100000]  elapsed=928s  rate=4.3/s  eta=22389s  finite=1319
  [3990/100000]  elapsed=930s  rate=4.3/s  eta=22389s  finite=1325
  [4000/100000]  elapsed=933s  rate=4.3/s  eta=22386s  finite=1326
  -> checkpoint saved: /scratch/e1498138/paper/ext/emri_g/lhs_f/ckpt_004000.pkl
  [warn] sample 9 failed: 
  [4010/100000]  elapsed=935s  rate=4.3/s  eta=22378s  finite=1329
  [4020/100000]  elapsed=937s  rate=4.3/s  eta=22373s  finite=1332
  [4030/100000]  elapsed=939s  rate=4.3/s  eta=22371s  finite=1336
  [4040/100000]  elapsed=942s  rate=4.3/s  eta=22367s  finite=1341
  [4050/100000]  elapsed=944s  rate=4.3/s  eta=22366s  finite=1348
  [4060/100000]  elapsed=946s  rate=4.3/s  eta=22361s  finite=1351
  [4070/100000]  elapsed=949s  rate=4.3/s  eta=22360s  finite=1356
  [4080/100000]  elapsed=951s  rate=4.3/s  eta=22359s  finite=1359
  [4090/100000]  elapsed=953s  rate=4.3/s  eta=22355s  finite=1361
  [4100/100000]  elapsed=956s  rate=4.3/s  eta=22355s  finite=1365
  -> checkpoint saved: /scratch/e1498138/paper/ext/emri_g/lhs_f/ckpt_004100.pkl
  [warn] sample 1 failed: 
  [4110/100000]  elapsed=958s  rate=4.3/s  eta=22348s  finite=1369
  [4120/100000]  elapsed=960s  rate=4.3/s  eta=22349s  finite=1374
  [4130/100000]  elapsed=963s  rate=4.3/s  eta=22346s  finite=1376
  [4140/100000]  elapsed=965s  rate=4.3/s  eta=22344s  finite=1378
  [4150/100000]  elapsed=967s  rate=4.3/s  eta=22340s  finite=1379
  [4160/100000]  elapsed=970s  rate=4.3/s  eta=22338s  finite=1383
  [warn] sample 2 failed: This a (0.43095855), p0 (13.690785) and e0 (0.8935845) combination is outside of our domain of validity.
  [4170/100000]  elapsed=972s  rate=4.3/s  eta=22332s  finite=1387
  [4180/100000]  elapsed=974s  rate=4.3/s  eta=22329s  finite=1389
  [4190/100000]  elapsed=977s  rate=4.3/s  eta=22331s  finite=1392
  [4200/100000]  elapsed=979s  rate=4.3/s  eta=22327s  finite=1394
  -> checkpoint saved: /scratch/e1498138/paper/ext/emri_g/lhs_f/ckpt_004200.pkl
  [4210/100000]  elapsed=981s  rate=4.3/s  eta=22326s  finite=1397
  [4220/100000]  elapsed=984s  rate=4.3/s  eta=22325s  finite=1401
  [4230/100000]  elapsed=986s  rate=4.3/s  eta=22322s  finite=1403
  [warn] sample 3 failed: 
  [4240/100000]  elapsed=988s  rate=4.3/s  eta=22317s  finite=1407
  [4250/100000]  elapsed=991s  rate=4.3/s  eta=22317s  finite=1411
  [4260/100000]  elapsed=993s  rate=4.3/s  eta=22317s  finite=1415
  [4270/100000]  elapsed=995s  rate=4.3/s  eta=22318s  finite=1416
  [4280/100000]  elapsed=998s  rate=4.3/s  eta=22315s  finite=1421
  [4290/100000]  elapsed=1000s  rate=4.3/s  eta=22311s  finite=1423
  [4300/100000]  elapsed=1003s  rate=4.3/s  eta=22316s  finite=1426
  -> checkpoint saved: /scratch/e1498138/paper/ext/emri_g/lhs_f/ckpt_004300.pkl
  [4310/100000]  elapsed=1005s  rate=4.3/s  eta=22317s  finite=1430
  [4320/100000]  elapsed=1008s  rate=4.3/s  eta=22316s  finite=1431
  [4330/100000]  elapsed=1010s  rate=4.3/s  eta=22311s  finite=1434
  [warn] sample 2 failed: 
  [4340/100000]  elapsed=1012s  rate=4.3/s  eta=22305s  finite=1439
  [warn] sample 1 failed: 
  [4350/100000]  elapsed=1014s  rate=4.3/s  eta=22299s  finite=1441
  [4360/100000]  elapsed=1016s  rate=4.3/s  eta=22294s  finite=1445
  [4370/100000]  elapsed=1019s  rate=4.3/s  eta=22292s  finite=1447
  [warn] sample 4 failed: 
  [4380/100000]  elapsed=1021s  rate=4.3/s  eta=22289s  finite=1451
  [4390/100000]  elapsed=1023s  rate=4.3/s  eta=22286s  finite=1452
  [4400/100000]  elapsed=1026s  rate=4.3/s  eta=22283s  finite=1455
  -> checkpoint saved: /scratch/e1498138/paper/ext/emri_g/lhs_f/ckpt_004400.pkl
  [4410/100000]  elapsed=1028s  rate=4.3/s  eta=22283s  finite=1461
  [warn] sample 9 failed: 
  [4420/100000]  elapsed=1030s  rate=4.3/s  eta=22279s  finite=1467
  [warn] sample 8 failed: 
  [4430/100000]  elapsed=1033s  rate=4.3/s  eta=22279s  finite=1471
  [4440/100000]  elapsed=1035s  rate=4.3/s  eta=22276s  finite=1473
  [4450/100000]  elapsed=1037s  rate=4.3/s  eta=22272s  finite=1474
  [4460/100000]  elapsed=1040s  rate=4.3/s  eta=22269s  finite=1476
  [4470/100000]  elapsed=1042s  rate=4.3/s  eta=22266s  finite=1478
  [4480/100000]  elapsed=1044s  rate=4.3/s  eta=22264s  finite=1482
  [4490/100000]  elapsed=1046s  rate=4.3/s  eta=22260s  finite=1483
  [4500/100000]  elapsed=1049s  rate=4.3/s  eta=22261s  finite=1489
  -> checkpoint saved: /scratch/e1498138/paper/ext/emri_g/lhs_f/ckpt_004500.pkl
  [4510/100000]  elapsed=1051s  rate=4.3/s  eta=22261s  finite=1494
  [4520/100000]  elapsed=1054s  rate=4.3/s  eta=22263s  finite=1498
  [warn] sample 2 failed: 
  [4530/100000]  elapsed=1056s  rate=4.3/s  eta=22257s  finite=1499
  [4540/100000]  elapsed=1058s  rate=4.3/s  eta=22253s  finite=1502
  [4550/100000]  elapsed=1061s  rate=4.3/s  eta=22255s  finite=1508
  [warn] sample 2 failed: 
  [4560/100000]  elapsed=1063s  rate=4.3/s  eta=22249s  finite=1510
  [warn] sample 5 failed: 
  [4570/100000]  elapsed=1065s  rate=4.3/s  eta=22243s  finite=1512
  [4580/100000]  elapsed=1067s  rate=4.3/s  eta=22239s  finite=1517
  [4590/100000]  elapsed=1070s  rate=4.3/s  eta=22238s  finite=1520
  [4600/100000]  elapsed=1072s  rate=4.3/s  eta=22234s  finite=1522
  -> checkpoint saved: /scratch/e1498138/paper/ext/emri_g/lhs_f/ckpt_004600.pkl
  [4610/100000]  elapsed=1075s  rate=4.3/s  eta=22234s  finite=1525
  [warn] sample 7 failed: 
  [4620/100000]  elapsed=1077s  rate=4.3/s  eta=22229s  finite=1528
  [warn] sample 5 failed: 
  [4630/100000]  elapsed=1079s  rate=4.3/s  eta=22224s  finite=1531
  [4640/100000]  elapsed=1081s  rate=4.3/s  eta=22222s  finite=1534
  [4650/100000]  elapsed=1083s  rate=4.3/s  eta=22217s  finite=1537
  [4660/100000]  elapsed=1086s  rate=4.3/s  eta=22214s  finite=1539
  [4670/100000]  elapsed=1088s  rate=4.3/s  eta=22211s  finite=1541
  [warn] sample 8 failed: This a (0.38555655), p0 (14.189325) and e0 (0.8909655000000001) combination is outside of our domain of validity.
  [4680/100000]  elapsed=1090s  rate=4.3/s  eta=22205s  finite=1543
  [4690/100000]  elapsed=1093s  rate=4.3/s  eta=22204s  finite=1549
  [4700/100000]  elapsed=1095s  rate=4.3/s  eta=22201s  finite=1552
  -> checkpoint saved: /scratch/e1498138/paper/ext/emri_g/lhs_f/ckpt_004700.pkl
  [4710/100000]  elapsed=1097s  rate=4.3/s  eta=22201s  finite=1552
  [4720/100000]  elapsed=1100s  rate=4.3/s  eta=22196s  finite=1555
  [4730/100000]  elapsed=1102s  rate=4.3/s  eta=22195s  finite=1560
  [4740/100000]  elapsed=1104s  rate=4.3/s  eta=22190s  finite=1561
  [4750/100000]  elapsed=1106s  rate=4.3/s  eta=22188s  finite=1563
  [4760/100000]  elapsed=1109s  rate=4.3/s  eta=22188s  finite=1566
  [warn] sample 8 failed: 
  [4770/100000]  elapsed=1111s  rate=4.3/s  eta=22182s  finite=1569
  [4780/100000]  elapsed=1113s  rate=4.3/s  eta=22178s  finite=1572
  [4790/100000]  elapsed=1116s  rate=4.3/s  eta=22175s  finite=1575
  [4800/100000]  elapsed=1118s  rate=4.3/s  eta=22173s  finite=1578
  -> checkpoint saved: /scratch/e1498138/paper/ext/emri_g/lhs_f/ckpt_004800.pkl
  [4810/100000]  elapsed=1120s  rate=4.3/s  eta=22168s  finite=1579
  [4820/100000]  elapsed=1123s  rate=4.3/s  eta=22166s  finite=1584
  [4830/100000]  elapsed=1125s  rate=4.3/s  eta=22164s  finite=1587
  [4840/100000]  elapsed=1127s  rate=4.3/s  eta=22162s  finite=1589
  [4850/100000]  elapsed=1130s  rate=4.3/s  eta=22161s  finite=1591
  [warn] sample 1 failed: 
  [4860/100000]  elapsed=1132s  rate=4.3/s  eta=22155s  finite=1592
  [4870/100000]  elapsed=1134s  rate=4.3/s  eta=22152s  finite=1597
  [4880/100000]  elapsed=1136s  rate=4.3/s  eta=22149s  finite=1598
  [warn] sample 7 failed: 
  [4890/100000]  elapsed=1139s  rate=4.3/s  eta=22144s  finite=1600
  [warn] sample 3 failed: 
  [4900/100000]  elapsed=1141s  rate=4.3/s  eta=22138s  finite=1603
  -> checkpoint saved: /scratch/e1498138/paper/ext/emri_g/lhs_f/ckpt_004900.pkl
  [4910/100000]  elapsed=1143s  rate=4.3/s  eta=22136s  finite=1605
  [4920/100000]  elapsed=1145s  rate=4.3/s  eta=22135s  finite=1610
  [4930/100000]  elapsed=1148s  rate=4.3/s  eta=22134s  finite=1613
  [4940/100000]  elapsed=1150s  rate=4.3/s  eta=22131s  finite=1616
  [4950/100000]  elapsed=1152s  rate=4.3/s  eta=22126s  finite=1618
  [warn] sample 3 failed: This a (0.38456985), p0 (14.435535) and e0 (0.8934135000000001) combination is outside of our domain of validity.
  [4960/100000]  elapsed=1154s  rate=4.3/s  eta=22120s  finite=1623
  [4970/100000]  elapsed=1157s  rate=4.3/s  eta=22119s  finite=1628
  [4980/100000]  elapsed=1159s  rate=4.3/s  eta=22118s  finite=1630
  [4990/100000]  elapsed=1161s  rate=4.3/s  eta=22114s  finite=1632
  [5000/100000]  elapsed=1164s  rate=4.3/s  eta=22114s  finite=1639
  -> checkpoint saved: /scratch/e1498138/paper/ext/emri_g/lhs_f/ckpt_005000.pkl
  [warn] sample 7 failed: 
  [5010/100000]  elapsed=1166s  rate=4.3/s  eta=22109s  finite=1642
  [5020/100000]  elapsed=1169s  rate=4.3/s  eta=22109s  finite=1646
  [5030/100000]  elapsed=1171s  rate=4.3/s  eta=22107s  finite=1649
  [5040/100000]  elapsed=1173s  rate=4.3/s  eta=22105s  finite=1652
  [5050/100000]  elapsed=1175s  rate=4.3/s  eta=22101s  finite=1657
  [5060/100000]  elapsed=1178s  rate=4.3/s  eta=22098s  finite=1660
  [5070/100000]  elapsed=1180s  rate=4.3/s  eta=22096s  finite=1663
  [5080/100000]  elapsed=1182s  rate=4.3/s  eta=22093s  finite=1667
  [5090/100000]  elapsed=1185s  rate=4.3/s  eta=22090s  finite=1671
  [5100/100000]  elapsed=1187s  rate=4.3/s  eta=22088s  finite=1676
  -> checkpoint saved: /scratch/e1498138/paper/ext/emri_g/lhs_f/ckpt_005100.pkl
  [5110/100000]  elapsed=1189s  rate=4.3/s  eta=22087s  finite=1679
  [5120/100000]  elapsed=1192s  rate=4.3/s  eta=22084s  finite=1684
  [5130/100000]  elapsed=1194s  rate=4.3/s  eta=22081s  finite=1685
  [5140/100000]  elapsed=1196s  rate=4.3/s  eta=22078s  finite=1688
  [5150/100000]  elapsed=1199s  rate=4.3/s  eta=22077s  finite=1690
  [5160/100000]  elapsed=1201s  rate=4.3/s  eta=22074s  finite=1692
  [5170/100000]  elapsed=1203s  rate=4.3/s  eta=22070s  finite=1699
  [warn] sample 8 failed: 
  [5180/100000]  elapsed=1205s  rate=4.3/s  eta=22065s  finite=1703
  [5190/100000]  elapsed=1208s  rate=4.3/s  eta=22061s  finite=1705
  [5200/100000]  elapsed=1210s  rate=4.3/s  eta=22057s  finite=1708
  -> checkpoint saved: /scratch/e1498138/paper/ext/emri_g/lhs_f/ckpt_005200.pkl
  [warn] sample 4 failed: 
  [5210/100000]  elapsed=1212s  rate=4.3/s  eta=22056s  finite=1713
  [warn] sample 3 failed: This a (0.43731345), p0 (14.112135) and e0 (0.8991255) combination is outside of our domain of validity.
  [5220/100000]  elapsed=1214s  rate=4.3/s  eta=22051s  finite=1717
  [5230/100000]  elapsed=1217s  rate=4.3/s  eta=22049s  finite=1721
  [5240/100000]  elapsed=1219s  rate=4.3/s  eta=22046s  finite=1724
  [5250/100000]  elapsed=1221s  rate=4.3/s  eta=22043s  finite=1732
  [5260/100000]  elapsed=1224s  rate=4.3/s  eta=22038s  finite=1734
  [5270/100000]  elapsed=1226s  rate=4.3/s  eta=22034s  finite=1738
  [5280/100000]  elapsed=1228s  rate=4.3/s  eta=22032s  finite=1741
  [5290/100000]  elapsed=1231s  rate=4.3/s  eta=22034s  finite=1746
  [5300/100000]  elapsed=1233s  rate=4.3/s  eta=22031s  finite=1751
  -> checkpoint saved: /scratch/e1498138/paper/ext/emri_g/lhs_f/ckpt_005300.pkl
  [5310/100000]  elapsed=1235s  rate=4.3/s  eta=22028s  finite=1752
  [warn] sample 9 failed: 
  [5320/100000]  elapsed=1237s  rate=4.3/s  eta=22022s  finite=1755
  [warn] sample 6 failed: 
  [5330/100000]  elapsed=1240s  rate=4.3/s  eta=22021s  finite=1757
  [5340/100000]  elapsed=1242s  rate=4.3/s  eta=22019s  finite=1760
  [warn] sample 9 failed: 
  [5350/100000]  elapsed=1244s  rate=4.3/s  eta=22013s  finite=1764
  [5360/100000]  elapsed=1247s  rate=4.3/s  eta=22010s  finite=1767
  [5370/100000]  elapsed=1249s  rate=4.3/s  eta=22007s  finite=1770
  [5380/100000]  elapsed=1251s  rate=4.3/s  eta=22004s  finite=1771
  [5390/100000]  elapsed=1254s  rate=4.3/s  eta=22003s  finite=1775
  [5400/100000]  elapsed=1256s  rate=4.3/s  eta=22000s  finite=1776
  -> checkpoint saved: /scratch/e1498138/paper/ext/emri_g/lhs_f/ckpt_005400.pkl
  [5410/100000]  elapsed=1258s  rate=4.3/s  eta=21998s  finite=1781
  [5420/100000]  elapsed=1261s  rate=4.3/s  eta=21997s  finite=1785
  [warn] sample 2 failed: 
  [5430/100000]  elapsed=1263s  rate=4.3/s  eta=21990s  finite=1787
  [5440/100000]  elapsed=1265s  rate=4.3/s  eta=21987s  finite=1788
  [5450/100000]  elapsed=1267s  rate=4.3/s  eta=21987s  finite=1793
  [5460/100000]  elapsed=1270s  rate=4.3/s  eta=21986s  finite=1795
  [warn] sample 3 failed: This a (0.30175605), p0 (13.852575) and e0 (0.8948925000000001) combination is outside of our domain of validity.
  [5470/100000]  elapsed=1272s  rate=4.3/s  eta=21980s  finite=1799
  [5480/100000]  elapsed=1274s  rate=4.3/s  eta=21979s  finite=1804
  [warn] sample 9 failed: 
  [5490/100000]  elapsed=1277s  rate=4.3/s  eta=21977s  finite=1808
  [5500/100000]  elapsed=1279s  rate=4.3/s  eta=21973s  finite=1810
  -> checkpoint saved: /scratch/e1498138/paper/ext/emri_g/lhs_f/ckpt_005500.pkl
  [5510/100000]  elapsed=1281s  rate=4.3/s  eta=21970s  finite=1812
  [5520/100000]  elapsed=1284s  rate=4.3/s  eta=21969s  finite=1816
  [5530/100000]  elapsed=1286s  rate=4.3/s  eta=21966s  finite=1821
  [5540/100000]  elapsed=1288s  rate=4.3/s  eta=21962s  finite=1823
  [5550/100000]  elapsed=1290s  rate=4.3/s  eta=21959s  finite=1824
  [5560/100000]  elapsed=1293s  rate=4.3/s  eta=21956s  finite=1826
  [5570/100000]  elapsed=1295s  rate=4.3/s  eta=21954s  finite=1831
  [5580/100000]  elapsed=1297s  rate=4.3/s  eta=21951s  finite=1837
  [5590/100000]  elapsed=1300s  rate=4.3/s  eta=21950s  finite=1840
  [5600/100000]  elapsed=1302s  rate=4.3/s  eta=21947s  finite=1841
  -> checkpoint saved: /scratch/e1498138/paper/ext/emri_g/lhs_f/ckpt_005600.pkl
  [5610/100000]  elapsed=1304s  rate=4.3/s  eta=21944s  finite=1845
  [5620/100000]  elapsed=1306s  rate=4.3/s  eta=21941s  finite=1849
  [5630/100000]  elapsed=1309s  rate=4.3/s  eta=21938s  finite=1855
  [warn] sample 3 failed: 
  [5640/100000]  elapsed=1311s  rate=4.3/s  eta=21935s  finite=1857
  [5650/100000]  elapsed=1313s  rate=4.3/s  eta=21931s  finite=1859
  [5660/100000]  elapsed=1316s  rate=4.3/s  eta=21929s  finite=1862
  [5670/100000]  elapsed=1318s  rate=4.3/s  eta=21927s  finite=1864
  [5680/100000]  elapsed=1321s  rate=4.3/s  eta=21928s  finite=1867
  [5690/100000]  elapsed=1323s  rate=4.3/s  eta=21927s  finite=1870
  [5700/100000]  elapsed=1325s  rate=4.3/s  eta=21923s  finite=1873
  -> checkpoint saved: /scratch/e1498138/paper/ext/emri_g/lhs_f/ckpt_005700.pkl
  [5710/100000]  elapsed=1327s  rate=4.3/s  eta=21920s  finite=1874
  [5720/100000]  elapsed=1330s  rate=4.3/s  eta=21917s  finite=1877
  [5730/100000]  elapsed=1332s  rate=4.3/s  eta=21913s  finite=1880
  [warn] sample 6 failed: This a (0.31470044999999996), p0 (13.713675) and e0 (0.8993625000000001) combination is outside of our domain of validity.
  [5740/100000]  elapsed=1334s  rate=4.3/s  eta=21906s  finite=1884
  [5750/100000]  elapsed=1336s  rate=4.3/s  eta=21903s  finite=1888
  [5760/100000]  elapsed=1339s  rate=4.3/s  eta=21903s  finite=1892
  [5770/100000]  elapsed=1341s  rate=4.3/s  eta=21902s  finite=1897
  [5780/100000]  elapsed=1343s  rate=4.3/s  eta=21899s  finite=1899
  [5790/100000]  elapsed=1346s  rate=4.3/s  eta=21896s  finite=1900
  [5800/100000]  elapsed=1348s  rate=4.3/s  eta=21894s  finite=1903
  -> checkpoint saved: /scratch/e1498138/paper/ext/emri_g/lhs_f/ckpt_005800.pkl
  [5810/100000]  elapsed=1351s  rate=4.3/s  eta=21895s  finite=1907
  [5820/100000]  elapsed=1353s  rate=4.3/s  eta=21892s  finite=1909
  [5830/100000]  elapsed=1355s  rate=4.3/s  eta=21887s  finite=1909
  [5840/100000]  elapsed=1357s  rate=4.3/s  eta=21884s  finite=1911
  [5850/100000]  elapsed=1360s  rate=4.3/s  eta=21882s  finite=1914
  [5860/100000]  elapsed=1362s  rate=4.3/s  eta=21882s  finite=1918
  [5870/100000]  elapsed=1364s  rate=4.3/s  eta=21879s  finite=1923
  [warn] sample 6 failed: 
  [5880/100000]  elapsed=1367s  rate=4.3/s  eta=21878s  finite=1927
  [warn] sample 2 failed: 
  [5890/100000]  elapsed=1369s  rate=4.3/s  eta=21874s  finite=1929
  [5900/100000]  elapsed=1371s  rate=4.3/s  eta=21873s  finite=1935
  -> checkpoint saved: /scratch/e1498138/paper/ext/emri_g/lhs_f/ckpt_005900.pkl
  [5910/100000]  elapsed=1374s  rate=4.3/s  eta=21869s  finite=1938
  [5920/100000]  elapsed=1376s  rate=4.3/s  eta=21868s  finite=1942
  [5930/100000]  elapsed=1378s  rate=4.3/s  eta=21864s  finite=1946
  [warn] sample 7 failed: 
  [5940/100000]  elapsed=1380s  rate=4.3/s  eta=21860s  finite=1948
  [5950/100000]  elapsed=1383s  rate=4.3/s  eta=21856s  finite=1949
  [5960/100000]  elapsed=1385s  rate=4.3/s  eta=21853s  finite=1950
  [warn] sample 1 failed: 
  [5970/100000]  elapsed=1387s  rate=4.3/s  eta=21849s  finite=1957
  [5980/100000]  elapsed=1389s  rate=4.3/s  eta=21846s  finite=1962
  [5990/100000]  elapsed=1392s  rate=4.3/s  eta=21845s  finite=1966
  [6000/100000]  elapsed=1394s  rate=4.3/s  eta=21843s  finite=1972
  -> checkpoint saved: /scratch/e1498138/paper/ext/emri_g/lhs_f/ckpt_006000.pkl
  [warn] sample 5 failed: 
  [6010/100000]  elapsed=1396s  rate=4.3/s  eta=21839s  finite=1976
  [6020/100000]  elapsed=1399s  rate=4.3/s  eta=21837s  finite=1978
  [6030/100000]  elapsed=1401s  rate=4.3/s  eta=21835s  finite=1983
  [6040/100000]  elapsed=1403s  rate=4.3/s  eta=21833s  finite=1986
  [warn] sample 0 failed: 
  [6050/100000]  elapsed=1406s  rate=4.3/s  eta=21829s  finite=1990
  [6060/100000]  elapsed=1408s  rate=4.3/s  eta=21828s  finite=1995
  [6070/100000]  elapsed=1411s  rate=4.3/s  eta=21827s  finite=2001
  [6080/100000]  elapsed=1413s  rate=4.3/s  eta=21824s  finite=2002
  [warn] sample 0 failed: 
  [6090/100000]  elapsed=1415s  rate=4.3/s  eta=21821s  finite=2008
  [6100/100000]  elapsed=1417s  rate=4.3/s  eta=21820s  finite=2015
  -> checkpoint saved: /scratch/e1498138/paper/ext/emri_g/lhs_f/ckpt_006100.pkl
  [6110/100000]  elapsed=1420s  rate=4.3/s  eta=21820s  finite=2020
  [6120/100000]  elapsed=1422s  rate=4.3/s  eta=21820s  finite=2024
  [6130/100000]  elapsed=1425s  rate=4.3/s  eta=21818s  finite=2030
  [6140/100000]  elapsed=1427s  rate=4.3/s  eta=21815s  finite=2032
  [6150/100000]  elapsed=1429s  rate=4.3/s  eta=21814s  finite=2036
  [6160/100000]  elapsed=1432s  rate=4.3/s  eta=21811s  finite=2042
  [6170/100000]  elapsed=1434s  rate=4.3/s  eta=21809s  finite=2048
  [6180/100000]  elapsed=1436s  rate=4.3/s  eta=21806s  finite=2051
  [6190/100000]  elapsed=1439s  rate=4.3/s  eta=21806s  finite=2055
  [6200/100000]  elapsed=1441s  rate=4.3/s  eta=21804s  finite=2059
  -> checkpoint saved: /scratch/e1498138/paper/ext/emri_g/lhs_f/ckpt_006200.pkl
  [6210/100000]  elapsed=1443s  rate=4.3/s  eta=21800s  finite=2063
  [6220/100000]  elapsed=1446s  rate=4.3/s  eta=21798s  finite=2069
  [6230/100000]  elapsed=1448s  rate=4.3/s  eta=21796s  finite=2073
  [6240/100000]  elapsed=1450s  rate=4.3/s  eta=21794s  finite=2077
  [6250/100000]  elapsed=1453s  rate=4.3/s  eta=21792s  finite=2080
  [6260/100000]  elapsed=1455s  rate=4.3/s  eta=21790s  finite=2084
  [6270/100000]  elapsed=1457s  rate=4.3/s  eta=21786s  finite=2087
  [6280/100000]  elapsed=1460s  rate=4.3/s  eta=21782s  finite=2090
  [warn] sample 4 failed: This a (0.54097905), p0 (14.070525) and e0 (0.8995935) combination is outside of our domain of validity.
  [6290/100000]  elapsed=1462s  rate=4.3/s  eta=21776s  finite=2095
  [6300/100000]  elapsed=1464s  rate=4.3/s  eta=21772s  finite=2097
  -> checkpoint saved: /scratch/e1498138/paper/ext/emri_g/lhs_f/ckpt_006300.pkl
  [6310/100000]  elapsed=1466s  rate=4.3/s  eta=21769s  finite=2099
  [6320/100000]  elapsed=1469s  rate=4.3/s  eta=21770s  finite=2104
  [6330/100000]  elapsed=1471s  rate=4.3/s  eta=21770s  finite=2108
  [6340/100000]  elapsed=1473s  rate=4.3/s  eta=21768s  finite=2113
  [6350/100000]  elapsed=1476s  rate=4.3/s  eta=21767s  finite=2118
  [6360/100000]  elapsed=1478s  rate=4.3/s  eta=21765s  finite=2123
  [warn] sample 2 failed: This a (0.47726445), p0 (13.990605) and e0 (0.8939355) combination is outside of our domain of validity.
  [6370/100000]  elapsed=1480s  rate=4.3/s  eta=21760s  finite=2125
  [6380/100000]  elapsed=1483s  rate=4.3/s  eta=21757s  finite=2126
  [6390/100000]  elapsed=1485s  rate=4.3/s  eta=21754s  finite=2129
  [warn] sample 6 failed: 
  [6400/100000]  elapsed=1487s  rate=4.3/s  eta=21750s  finite=2135
  -> checkpoint saved: /scratch/e1498138/paper/ext/emri_g/lhs_f/ckpt_006400.pkl
  [6410/100000]  elapsed=1490s  rate=4.3/s  eta=21750s  finite=2137
  [6420/100000]  elapsed=1492s  rate=4.3/s  eta=21748s  finite=2138
  [6430/100000]  elapsed=1494s  rate=4.3/s  eta=21744s  finite=2141
  [6440/100000]  elapsed=1496s  rate=4.3/s  eta=21740s  finite=2146
  [6450/100000]  elapsed=1499s  rate=4.3/s  eta=21740s  finite=2151
  [6460/100000]  elapsed=1501s  rate=4.3/s  eta=21738s  finite=2153
  [6470/100000]  elapsed=1504s  rate=4.3/s  eta=21736s  finite=2158
  [6480/100000]  elapsed=1506s  rate=4.3/s  eta=21734s  finite=2161
  [6490/100000]  elapsed=1508s  rate=4.3/s  eta=21732s  finite=2162
  [6500/100000]  elapsed=1511s  rate=4.3/s  eta=21729s  finite=2167
  -> checkpoint saved: /scratch/e1498138/paper/ext/emri_g/lhs_f/ckpt_006500.pkl
  [6510/100000]  elapsed=1513s  rate=4.3/s  eta=21730s  finite=2173
  [6520/100000]  elapsed=1515s  rate=4.3/s  eta=21727s  finite=2177
  [6530/100000]  elapsed=1518s  rate=4.3/s  eta=21725s  finite=2184
  [6540/100000]  elapsed=1520s  rate=4.3/s  eta=21721s  finite=2189
  [6550/100000]  elapsed=1522s  rate=4.3/s  eta=21718s  finite=2191
  [6560/100000]  elapsed=1525s  rate=4.3/s  eta=21717s  finite=2195
  [warn] sample 2 failed: 
  [6570/100000]  elapsed=1527s  rate=4.3/s  eta=21714s  finite=2198
  [6580/100000]  elapsed=1529s  rate=4.3/s  eta=21713s  finite=2202
  [warn] sample 1 failed: 
  [6590/100000]  elapsed=1532s  rate=4.3/s  eta=21712s  finite=2205
  [6600/100000]  elapsed=1534s  rate=4.3/s  eta=21712s  finite=2209
  -> checkpoint saved: /scratch/e1498138/paper/ext/emri_g/lhs_f/ckpt_006600.pkl
  [6610/100000]  elapsed=1537s  rate=4.3/s  eta=21712s  finite=2212
  [6620/100000]  elapsed=1539s  rate=4.3/s  eta=21710s  finite=2216
  [warn] sample 7 failed: 
  [6630/100000]  elapsed=1541s  rate=4.3/s  eta=21705s  finite=2220
  [6640/100000]  elapsed=1544s  rate=4.3/s  eta=21705s  finite=2224
  [6650/100000]  elapsed=1546s  rate=4.3/s  eta=21704s  finite=2227
  [6660/100000]  elapsed=1548s  rate=4.3/s  eta=21702s  finite=2232
  [warn] sample 4 failed: 
  [6670/100000]  elapsed=1551s  rate=4.3/s  eta=21698s  finite=2237
  [6680/100000]  elapsed=1553s  rate=4.3/s  eta=21697s  finite=2242
  [6690/100000]  elapsed=1555s  rate=4.3/s  eta=21693s  finite=2245
  [warn] sample 4 failed: 
  [6700/100000]  elapsed=1558s  rate=4.3/s  eta=21690s  finite=2247
  -> checkpoint saved: /scratch/e1498138/paper/ext/emri_g/lhs_f/ckpt_006700.pkl
  [warn] sample 3 failed: 
  [6710/100000]  elapsed=1560s  rate=4.3/s  eta=21687s  finite=2250
  [6720/100000]  elapsed=1562s  rate=4.3/s  eta=21685s  finite=2253
  [warn] sample 3 failed: 
  [6730/100000]  elapsed=1565s  rate=4.3/s  eta=21683s  finite=2255
  [6740/100000]  elapsed=1567s  rate=4.3/s  eta=21681s  finite=2259
  [6750/100000]  elapsed=1569s  rate=4.3/s  eta=21680s  finite=2262
  [warn] sample 7 failed: 
  [warn] sample 9 failed: 
  [6760/100000]  elapsed=1571s  rate=4.3/s  eta=21674s  finite=2264
  [6770/100000]  elapsed=1574s  rate=4.3/s  eta=21672s  finite=2267
  [6780/100000]  elapsed=1576s  rate=4.3/s  eta=21670s  finite=2270
  [6790/100000]  elapsed=1579s  rate=4.3/s  eta=21670s  finite=2274
  [6800/100000]  elapsed=1581s  rate=4.3/s  eta=21670s  finite=2280
  -> checkpoint saved: /scratch/e1498138/paper/ext/emri_g/lhs_f/ckpt_006800.pkl
  [6810/100000]  elapsed=1583s  rate=4.3/s  eta=21669s  finite=2284
  [6820/100000]  elapsed=1586s  rate=4.3/s  eta=21666s  finite=2288
  [warn] sample 2 failed: 
  [6830/100000]  elapsed=1588s  rate=4.3/s  eta=21663s  finite=2291
  [6840/100000]  elapsed=1591s  rate=4.3/s  eta=21663s  finite=2294
  [6850/100000]  elapsed=1593s  rate=4.3/s  eta=21659s  finite=2298
  [warn] sample 7 failed: 
  [6860/100000]  elapsed=1595s  rate=4.3/s  eta=21655s  finite=2301
  [6870/100000]  elapsed=1597s  rate=4.3/s  eta=21652s  finite=2304
  [6880/100000]  elapsed=1600s  rate=4.3/s  eta=21650s  finite=2309
  [6890/100000]  elapsed=1602s  rate=4.3/s  eta=21649s  finite=2313
  [6900/100000]  elapsed=1604s  rate=4.3/s  eta=21648s  finite=2318
  -> checkpoint saved: /scratch/e1498138/paper/ext/emri_g/lhs_f/ckpt_006900.pkl
  [6910/100000]  elapsed=1608s  rate=4.3/s  eta=21661s  finite=2319
  [warn] sample 5 failed: 
  [6920/100000]  elapsed=1610s  rate=4.3/s  eta=21660s  finite=2323
  [6930/100000]  elapsed=1613s  rate=4.3/s  eta=21657s  finite=2326
  [6940/100000]  elapsed=1615s  rate=4.3/s  eta=21655s  finite=2329
  [6950/100000]  elapsed=1617s  rate=4.3/s  eta=21652s  finite=2331
  [6960/100000]  elapsed=1620s  rate=4.3/s  eta=21652s  finite=2335
  [6970/100000]  elapsed=1622s  rate=4.3/s  eta=21650s  finite=2338
  [6980/100000]  elapsed=1624s  rate=4.3/s  eta=21647s  finite=2341
  [warn] sample 3 failed: This a (0.42396195), p0 (13.594905) and e0 (0.8914515000000001) combination is outside of our domain of validity.
  [6990/100000]  elapsed=1626s  rate=4.3/s  eta=21641s  finite=2343
  [7000/100000]  elapsed=1629s  rate=4.3/s  eta=21638s  finite=2348
  -> checkpoint saved: /scratch/e1498138/paper/ext/emri_g/lhs_f/ckpt_007000.pkl
  [7010/100000]  elapsed=1631s  rate=4.3/s  eta=21640s  finite=2351
  [7020/100000]  elapsed=1634s  rate=4.3/s  eta=21638s  finite=2354
  [7030/100000]  elapsed=1636s  rate=4.3/s  eta=21635s  finite=2356
  [7040/100000]  elapsed=1638s  rate=4.3/s  eta=21633s  finite=2362
  [7050/100000]  elapsed=1641s  rate=4.3/s  eta=21631s  finite=2363
  [7060/100000]  elapsed=1643s  rate=4.3/s  eta=21628s  finite=2365
  [7070/100000]  elapsed=1645s  rate=4.3/s  eta=21627s  finite=2369
  [7080/100000]  elapsed=1648s  rate=4.3/s  eta=21624s  finite=2373
  [7090/100000]  elapsed=1650s  rate=4.3/s  eta=21623s  finite=2375
  [7100/100000]  elapsed=1652s  rate=4.3/s  eta=21621s  finite=2378
  -> checkpoint saved: /scratch/e1498138/paper/ext/emri_g/lhs_f/ckpt_007100.pkl
  [7110/100000]  elapsed=1655s  rate=4.3/s  eta=21619s  finite=2381
  [7120/100000]  elapsed=1657s  rate=4.3/s  eta=21616s  finite=2384
  [warn] sample 7 failed: This a (0.31224405), p0 (14.600715000000001) and e0 (0.8967165) combination is outside of our domain of validity.
  [7130/100000]  elapsed=1659s  rate=4.3/s  eta=21612s  finite=2386
  [7140/100000]  elapsed=1662s  rate=4.3/s  eta=21610s  finite=2388
  [warn] sample 3 failed: 
  [7150/100000]  elapsed=1664s  rate=4.3/s  eta=21606s  finite=2393
  [warn] sample 4 failed: This a (0.34414965), p0 (14.082255) and e0 (0.8932815000000001) combination is outside of our domain of validity.
  [7160/100000]  elapsed=1666s  rate=4.3/s  eta=21602s  finite=2397
  [7170/100000]  elapsed=1668s  rate=4.3/s  eta=21600s  finite=2401
  [7180/100000]  elapsed=1671s  rate=4.3/s  eta=21602s  finite=2404
  [7190/100000]  elapsed=1673s  rate=4.3/s  eta=21601s  finite=2407
  [7200/100000]  elapsed=1676s  rate=4.3/s  eta=21598s  finite=2410
  -> checkpoint saved: /scratch/e1498138/paper/ext/emri_g/lhs_f/ckpt_007200.pkl
  [7210/100000]  elapsed=1678s  rate=4.3/s  eta=21597s  finite=2413
  [7220/100000]  elapsed=1681s  rate=4.3/s  eta=21596s  finite=2418
  [warn] sample 5 failed: 
  [7230/100000]  elapsed=1683s  rate=4.3/s  eta=21591s  finite=2419
  [7240/100000]  elapsed=1685s  rate=4.3/s  eta=21589s  finite=2424
  [7250/100000]  elapsed=1687s  rate=4.3/s  eta=21587s  finite=2429
  [7260/100000]  elapsed=1690s  rate=4.3/s  eta=21586s  finite=2433
  [7270/100000]  elapsed=1692s  rate=4.3/s  eta=21584s  finite=2435
  [7280/100000]  elapsed=1694s  rate=4.3/s  eta=21581s  finite=2438
  [7290/100000]  elapsed=1697s  rate=4.3/s  eta=21577s  finite=2441
  [7300/100000]  elapsed=1699s  rate=4.3/s  eta=21575s  finite=2443
  -> checkpoint saved: /scratch/e1498138/paper/ext/emri_g/lhs_f/ckpt_007300.pkl
  [7310/100000]  elapsed=1701s  rate=4.3/s  eta=21574s  finite=2446
  [warn] sample 3 failed: 
  [7320/100000]  elapsed=1704s  rate=4.3/s  eta=21569s  finite=2452
  [7330/100000]  elapsed=1706s  rate=4.3/s  eta=21567s  finite=2455
  [warn] sample 0 failed: 
  [warn] sample 5 failed: 
  [7340/100000]  elapsed=1708s  rate=4.3/s  eta=21561s  finite=2457
  [7350/100000]  elapsed=1710s  rate=4.3/s  eta=21558s  finite=2460
  [7360/100000]  elapsed=1713s  rate=4.3/s  eta=21556s  finite=2463
  [7370/100000]  elapsed=1715s  rate=4.3/s  eta=21552s  finite=2467
  [warn] sample 0 failed: 
  [warn] sample 4 failed: This a (0.35688015), p0 (14.941575) and e0 (0.8984685000000001) combination is outside of our domain of validity.
  [7380/100000]  elapsed=1717s  rate=4.3/s  eta=21545s  finite=2471
  [7390/100000]  elapsed=1719s  rate=4.3/s  eta=21542s  finite=2476
  [7400/100000]  elapsed=1721s  rate=4.3/s  eta=21541s  finite=2479
  -> checkpoint saved: /scratch/e1498138/paper/ext/emri_g/lhs_f/ckpt_007400.pkl
  [7410/100000]  elapsed=1724s  rate=4.3/s  eta=21539s  finite=2480
  [7420/100000]  elapsed=1726s  rate=4.3/s  eta=21535s  finite=2483
  [7430/100000]  elapsed=1728s  rate=4.3/s  eta=21533s  finite=2485
  [7440/100000]  elapsed=1731s  rate=4.3/s  eta=21531s  finite=2492
  [7450/100000]  elapsed=1733s  rate=4.3/s  eta=21528s  finite=2496
  [7460/100000]  elapsed=1735s  rate=4.3/s  eta=21524s  finite=2496
  [7470/100000]  elapsed=1737s  rate=4.3/s  eta=21522s  finite=2499
  [7480/100000]  elapsed=1740s  rate=4.3/s  eta=21523s  finite=2501
  [7490/100000]  elapsed=1743s  rate=4.3/s  eta=21523s  finite=2505
  [7500/100000]  elapsed=1745s  rate=4.3/s  eta=21521s  finite=2509
  -> checkpoint saved: /scratch/e1498138/paper/ext/emri_g/lhs_f/ckpt_007500.pkl
  [7510/100000]  elapsed=1747s  rate=4.3/s  eta=21519s  finite=2513
  [7520/100000]  elapsed=1750s  rate=4.3/s  eta=21519s  finite=2517
  [7530/100000]  elapsed=1752s  rate=4.3/s  eta=21516s  finite=2523
  [warn] sample 9 failed: 
  [7540/100000]  elapsed=1754s  rate=4.3/s  eta=21512s  finite=2525
  [7550/100000]  elapsed=1757s  rate=4.3/s  eta=21511s  finite=2530
  [7560/100000]  elapsed=1759s  rate=4.3/s  eta=21508s  finite=2533
  [7570/100000]  elapsed=1761s  rate=4.3/s  eta=21507s  finite=2536
  [warn] sample 9 failed: This a (0.30474375), p0 (13.758045) and e0 (0.8898285000000001) combination is outside of our domain of validity.
  [7580/100000]  elapsed=1763s  rate=4.3/s  eta=21501s  finite=2538
  [7590/100000]  elapsed=1766s  rate=4.3/s  eta=21499s  finite=2543
  [7600/100000]  elapsed=1768s  rate=4.3/s  eta=21497s  finite=2548
  -> checkpoint saved: /scratch/e1498138/paper/ext/emri_g/lhs_f/ckpt_007600.pkl
  [7610/100000]  elapsed=1771s  rate=4.3/s  eta=21495s  finite=2550
  [7620/100000]  elapsed=1773s  rate=4.3/s  eta=21494s  finite=2554
  [7630/100000]  elapsed=1775s  rate=4.3/s  eta=21492s  finite=2557
  [7640/100000]  elapsed=1778s  rate=4.3/s  eta=21490s  finite=2563
  [warn] sample 1 failed: 
  [7650/100000]  elapsed=1780s  rate=4.3/s  eta=21486s  finite=2567
  [warn] sample 9 failed: 
  [7660/100000]  elapsed=1782s  rate=4.3/s  eta=21481s  finite=2569
  [warn] sample 6 failed: This a (0.36467025), p0 (13.932375) and e0 (0.8935875) combination is outside of our domain of validity.
  [7670/100000]  elapsed=1784s  rate=4.3/s  eta=21477s  finite=2573
  [warn] sample 1 failed: 
  [warn] sample 7 failed: This a (0.49405215), p0 (13.753935) and e0 (0.8939115) combination is outside of our domain of validity.
  [7680/100000]  elapsed=1786s  rate=4.3/s  eta=21470s  finite=2576
  [7690/100000]  elapsed=1788s  rate=4.3/s  eta=21468s  finite=2578
  [7700/100000]  elapsed=1791s  rate=4.3/s  eta=21466s  finite=2581
  -> checkpoint saved: /scratch/e1498138/paper/ext/emri_g/lhs_f/ckpt_007700.pkl
  [7710/100000]  elapsed=1793s  rate=4.3/s  eta=21465s  finite=2583
  [7720/100000]  elapsed=1796s  rate=4.3/s  eta=21464s  finite=2589
  [7730/100000]  elapsed=1798s  rate=4.3/s  eta=21461s  finite=2590
  [warn] sample 7 failed: 
  [7740/100000]  elapsed=1800s  rate=4.3/s  eta=21457s  finite=2590
  [7750/100000]  elapsed=1802s  rate=4.3/s  eta=21456s  finite=2593
  [warn] sample 2 failed: 
  [7760/100000]  elapsed=1805s  rate=4.3/s  eta=21452s  finite=2596
  [7770/100000]  elapsed=1807s  rate=4.3/s  eta=21448s  finite=2597
  [7780/100000]  elapsed=1809s  rate=4.3/s  eta=21444s  finite=2597
  [warn] sample 6 failed: 
  [7790/100000]  elapsed=1811s  rate=4.3/s  eta=21440s  finite=2598
  [7800/100000]  elapsed=1814s  rate=4.3/s  eta=21437s  finite=2602
  -> checkpoint saved: /scratch/e1498138/paper/ext/emri_g/lhs_f/ckpt_007800.pkl
  [7810/100000]  elapsed=1816s  rate=4.3/s  eta=21434s  finite=2606
  [7820/100000]  elapsed=1818s  rate=4.3/s  eta=21434s  finite=2611
  [7830/100000]  elapsed=1821s  rate=4.3/s  eta=21432s  finite=2616
  [7840/100000]  elapsed=1823s  rate=4.3/s  eta=21431s  finite=2617
  [7850/100000]  elapsed=1826s  rate=4.3/s  eta=21431s  finite=2621
  [7860/100000]  elapsed=1828s  rate=4.3/s  eta=21431s  finite=2625
  [7870/100000]  elapsed=1831s  rate=4.3/s  eta=21430s  finite=2627
  [warn] sample 6 failed: This a (0.33293025), p0 (14.795115) and e0 (0.8964435000000001) combination is outside of our domain of validity.
  [warn] sample 9 failed: 
  [7880/100000]  elapsed=1833s  rate=4.3/s  eta=21424s  finite=2630
  [7890/100000]  elapsed=1835s  rate=4.3/s  eta=21423s  finite=2632
  [warn] sample 2 failed: 
  [warn] sample 8 failed: 
  [7900/100000]  elapsed=1837s  rate=4.3/s  eta=21417s  finite=2634
  -> checkpoint saved: /scratch/e1498138/paper/ext/emri_g/lhs_f/ckpt_007900.pkl
  [warn] sample 4 failed: 
  [7910/100000]  elapsed=1839s  rate=4.3/s  eta=21413s  finite=2638
  [7920/100000]  elapsed=1842s  rate=4.3/s  eta=21412s  finite=2643
  [warn] sample 8 failed: 
  [7930/100000]  elapsed=1844s  rate=4.3/s  eta=21409s  finite=2646
  [7940/100000]  elapsed=1846s  rate=4.3/s  eta=21407s  finite=2649
  [7950/100000]  elapsed=1849s  rate=4.3/s  eta=21404s  finite=2651
  [warn] sample 5 failed: 
  [7960/100000]  elapsed=1851s  rate=4.3/s  eta=21400s  finite=2654
  [7970/100000]  elapsed=1853s  rate=4.3/s  eta=21399s  finite=2658
  [warn] sample 3 failed: 
  [7980/100000]  elapsed=1856s  rate=4.3/s  eta=21397s  finite=2664
  [7990/100000]  elapsed=1858s  rate=4.3/s  eta=21394s  finite=2666
  [8000/100000]  elapsed=1860s  rate=4.3/s  eta=21394s  finite=2673
  -> checkpoint saved: /scratch/e1498138/paper/ext/emri_g/lhs_f/ckpt_008000.pkl
  [8010/100000]  elapsed=1863s  rate=4.3/s  eta=21393s  finite=2679
  [8020/100000]  elapsed=1865s  rate=4.3/s  eta=21393s  finite=2683
  [warn] sample 8 failed: This a (0.68859765), p0 (13.534635) and e0 (0.8992755000000001) combination is outside of our domain of validity.
  [8030/100000]  elapsed=1867s  rate=4.3/s  eta=21387s  finite=2686
  [8040/100000]  elapsed=1870s  rate=4.3/s  eta=21384s  finite=2689
  [8050/100000]  elapsed=1872s  rate=4.3/s  eta=21383s  finite=2693
  [8060/100000]  elapsed=1874s  rate=4.3/s  eta=21381s  finite=2695
  [8070/100000]  elapsed=1877s  rate=4.3/s  eta=21380s  finite=2702
  [8080/100000]  elapsed=1879s  rate=4.3/s  eta=21377s  finite=2705
  [8090/100000]  elapsed=1882s  rate=4.3/s  eta=21376s  finite=2707
  [8100/100000]  elapsed=1884s  rate=4.3/s  eta=21377s  finite=2711
  -> checkpoint saved: /scratch/e1498138/paper/ext/emri_g/lhs_f/ckpt_008100.pkl
  [8110/100000]  elapsed=1886s  rate=4.3/s  eta=21374s  finite=2714
  [8120/100000]  elapsed=1889s  rate=4.3/s  eta=21372s  finite=2715
  [8130/100000]  elapsed=1891s  rate=4.3/s  eta=21369s  finite=2715
  [8140/100000]  elapsed=1893s  rate=4.3/s  eta=21367s  finite=2718
  [8150/100000]  elapsed=1896s  rate=4.3/s  eta=21366s  finite=2724
  [warn] sample 6 failed: 
  [8160/100000]  elapsed=1898s  rate=4.3/s  eta=21363s  finite=2728
  [8170/100000]  elapsed=1900s  rate=4.3/s  eta=21361s  finite=2731
  [8180/100000]  elapsed=1903s  rate=4.3/s  eta=21359s  finite=2733
  [warn] sample 1 failed: 
  [8190/100000]  elapsed=1905s  rate=4.3/s  eta=21354s  finite=2733
  [warn] sample 0 failed: 
  [8200/100000]  elapsed=1907s  rate=4.3/s  eta=21351s  finite=2737
  -> checkpoint saved: /scratch/e1498138/paper/ext/emri_g/lhs_f/ckpt_008200.pkl
  [8210/100000]  elapsed=1910s  rate=4.3/s  eta=21349s  finite=2739
  [8220/100000]  elapsed=1912s  rate=4.3/s  eta=21347s  finite=2743
  [8230/100000]  elapsed=1914s  rate=4.3/s  eta=21345s  finite=2747
  [warn] sample 8 failed: 
  [8240/100000]  elapsed=1916s  rate=4.3/s  eta=21341s  finite=2752
  [warn] sample 2 failed: 
  [8250/100000]  elapsed=1919s  rate=4.3/s  eta=21336s  finite=2753
  [8260/100000]  elapsed=1921s  rate=4.3/s  eta=21334s  finite=2754
  [warn] sample 7 failed: 
  [8270/100000]  elapsed=1923s  rate=4.3/s  eta=21331s  finite=2757
  [8280/100000]  elapsed=1925s  rate=4.3/s  eta=21329s  finite=2760
  [8290/100000]  elapsed=1928s  rate=4.3/s  eta=21326s  finite=2763
  [warn] sample 4 failed: 
  [8300/100000]  elapsed=1930s  rate=4.3/s  eta=21321s  finite=2769
  -> checkpoint saved: /scratch/e1498138/paper/ext/emri_g/lhs_f/ckpt_008300.pkl
  [warn] sample 3 failed: 
  [8310/100000]  elapsed=1932s  rate=4.3/s  eta=21318s  finite=2771
  [8320/100000]  elapsed=1934s  rate=4.3/s  eta=21316s  finite=2775
  [8330/100000]  elapsed=1937s  rate=4.3/s  eta=21313s  finite=2777
  [8340/100000]  elapsed=1939s  rate=4.3/s  eta=21310s  finite=2780
  [warn] sample 8 failed: 
  [8350/100000]  elapsed=1941s  rate=4.3/s  eta=21306s  finite=2784
  [8360/100000]  elapsed=1944s  rate=4.3/s  eta=21304s  finite=2791
  [8370/100000]  elapsed=1946s  rate=4.3/s  eta=21301s  finite=2792
  [8380/100000]  elapsed=1948s  rate=4.3/s  eta=21299s  finite=2794
  [8390/100000]  elapsed=1950s  rate=4.3/s  eta=21297s  finite=2797
  [8400/100000]  elapsed=1953s  rate=4.3/s  eta=21296s  finite=2802
  -> checkpoint saved: /scratch/e1498138/paper/ext/emri_g/lhs_f/ckpt_008400.pkl
  [8410/100000]  elapsed=1955s  rate=4.3/s  eta=21294s  finite=2806
  [8420/100000]  elapsed=1958s  rate=4.3/s  eta=21291s  finite=2806
  [8430/100000]  elapsed=1960s  rate=4.3/s  eta=21290s  finite=2810
  [8440/100000]  elapsed=1963s  rate=4.3/s  eta=21291s  finite=2813
  [8450/100000]  elapsed=1965s  rate=4.3/s  eta=21289s  finite=2819
  [8460/100000]  elapsed=1967s  rate=4.3/s  eta=21288s  finite=2821
  [warn] sample 3 failed: 
  [8470/100000]  elapsed=1970s  rate=4.3/s  eta=21285s  finite=2826
  [8480/100000]  elapsed=1972s  rate=4.3/s  eta=21285s  finite=2835
  [8490/100000]  elapsed=1975s  rate=4.3/s  eta=21285s  finite=2839
  [8500/100000]  elapsed=1977s  rate=4.3/s  eta=21282s  finite=2843
  -> checkpoint saved: /scratch/e1498138/paper/ext/emri_g/lhs_f/ckpt_008500.pkl
  [8510/100000]  elapsed=1979s  rate=4.3/s  eta=21281s  finite=2845
  [8520/100000]  elapsed=1982s  rate=4.3/s  eta=21279s  finite=2847
  [8530/100000]  elapsed=1984s  rate=4.3/s  eta=21277s  finite=2851
  [8540/100000]  elapsed=1987s  rate=4.3/s  eta=21275s  finite=2855
  [warn] sample 0 failed: 
  [warn] sample 1 failed: 
  [8550/100000]  elapsed=1988s  rate=4.3/s  eta=21269s  finite=2860
  [warn] sample 6 failed: 
  [8560/100000]  elapsed=1991s  rate=4.3/s  eta=21265s  finite=2863
  [8570/100000]  elapsed=1993s  rate=4.3/s  eta=21263s  finite=2866
  [8580/100000]  elapsed=1995s  rate=4.3/s  eta=21261s  finite=2869
  [8590/100000]  elapsed=1998s  rate=4.3/s  eta=21260s  finite=2874
  [8600/100000]  elapsed=2000s  rate=4.3/s  eta=21257s  finite=2877
  -> checkpoint saved: /scratch/e1498138/paper/ext/emri_g/lhs_f/ckpt_008600.pkl
  [8610/100000]  elapsed=2003s  rate=4.3/s  eta=21256s  finite=2880
  [8620/100000]  elapsed=2005s  rate=4.3/s  eta=21254s  finite=2884
  [8630/100000]  elapsed=2007s  rate=4.3/s  eta=21253s  finite=2888
  [8640/100000]  elapsed=2010s  rate=4.3/s  eta=21252s  finite=2891
  [warn] sample 3 failed: 
  [8650/100000]  elapsed=2012s  rate=4.3/s  eta=21250s  finite=2895
  [8660/100000]  elapsed=2015s  rate=4.3/s  eta=21248s  finite=2898
  [8670/100000]  elapsed=2017s  rate=4.3/s  eta=21245s  finite=2901
  [8680/100000]  elapsed=2019s  rate=4.3/s  eta=21242s  finite=2903
  [8690/100000]  elapsed=2021s  rate=4.3/s  eta=21240s  finite=2908
  [8700/100000]  elapsed=2024s  rate=4.3/s  eta=21237s  finite=2911
  -> checkpoint saved: /scratch/e1498138/paper/ext/emri_g/lhs_f/ckpt_008700.pkl
  [8710/100000]  elapsed=2026s  rate=4.3/s  eta=21235s  finite=2913
  [warn] sample 3 failed: 
  [8720/100000]  elapsed=2028s  rate=4.3/s  eta=21231s  finite=2916
  [8730/100000]  elapsed=2031s  rate=4.3/s  eta=21229s  finite=2920
  [8740/100000]  elapsed=2033s  rate=4.3/s  eta=21228s  finite=2926
  [8750/100000]  elapsed=2035s  rate=4.3/s  eta=21226s  finite=2929
  [8760/100000]  elapsed=2038s  rate=4.3/s  eta=21223s  finite=2931
  [warn] sample 1 failed: 
  [8770/100000]  elapsed=2040s  rate=4.3/s  eta=21219s  finite=2932
  [8780/100000]  elapsed=2042s  rate=4.3/s  eta=21216s  finite=2934
  [8790/100000]  elapsed=2044s  rate=4.3/s  eta=21214s  finite=2937
  [8800/100000]  elapsed=2047s  rate=4.3/s  eta=21213s  finite=2939
  -> checkpoint saved: /scratch/e1498138/paper/ext/emri_g/lhs_f/ckpt_008800.pkl
  [8810/100000]  elapsed=2049s  rate=4.3/s  eta=21211s  finite=2943
  [8820/100000]  elapsed=2052s  rate=4.3/s  eta=21210s  finite=2949
  [8830/100000]  elapsed=2054s  rate=4.3/s  eta=21207s  finite=2951
  [8840/100000]  elapsed=2057s  rate=4.3/s  eta=21207s  finite=2953
  [warn] sample 0 failed: 
  [8850/100000]  elapsed=2059s  rate=4.3/s  eta=21205s  finite=2957
  [warn] sample 5 failed: This a (0.33442065), p0 (13.555575) and e0 (0.8873955) combination is outside of our domain of validity.
  [8860/100000]  elapsed=2061s  rate=4.3/s  eta=21200s  finite=2961
  [8870/100000]  elapsed=2063s  rate=4.3/s  eta=21199s  finite=2966
  [8880/100000]  elapsed=2066s  rate=4.3/s  eta=21196s  finite=2969
  [8890/100000]  elapsed=2068s  rate=4.3/s  eta=21193s  finite=2970
  [8900/100000]  elapsed=2070s  rate=4.3/s  eta=21191s  finite=2971
  -> checkpoint saved: /scratch/e1498138/paper/ext/emri_g/lhs_f/ckpt_008900.pkl
  [warn] sample 2 failed: 
  [8910/100000]  elapsed=2072s  rate=4.3/s  eta=21188s  finite=2974
  [warn] sample 7 failed: 
  [8920/100000]  elapsed=2075s  rate=4.3/s  eta=21184s  finite=2976
  [8930/100000]  elapsed=2077s  rate=4.3/s  eta=21185s  finite=2982
  [8940/100000]  elapsed=2080s  rate=4.3/s  eta=21181s  finite=2985
  [8950/100000]  elapsed=2082s  rate=4.3/s  eta=21179s  finite=2989
  [8960/100000]  elapsed=2084s  rate=4.3/s  eta=21178s  finite=2991
  [warn] sample 6 failed: This a (0.37029375), p0 (14.119305) and e0 (0.8969445) combination is outside of our domain of validity.
  [8970/100000]  elapsed=2087s  rate=4.3/s  eta=21174s  finite=2995
  [8980/100000]  elapsed=2089s  rate=4.3/s  eta=21173s  finite=2999
  [8990/100000]  elapsed=2091s  rate=4.3/s  eta=21172s  finite=3005
  [9000/100000]  elapsed=2094s  rate=4.3/s  eta=21170s  finite=3009
  -> checkpoint saved: /scratch/e1498138/paper/ext/emri_g/lhs_f/ckpt_009000.pkl
  [9010/100000]  elapsed=2096s  rate=4.3/s  eta=21168s  finite=3013
  [9020/100000]  elapsed=2098s  rate=4.3/s  eta=21166s  finite=3015
  [9030/100000]  elapsed=2101s  rate=4.3/s  eta=21164s  finite=3017
  [9040/100000]  elapsed=2103s  rate=4.3/s  eta=21161s  finite=3018
  [9050/100000]  elapsed=2106s  rate=4.3/s  eta=21160s  finite=3023
  [9060/100000]  elapsed=2108s  rate=4.3/s  eta=21158s  finite=3025
  [9070/100000]  elapsed=2110s  rate=4.3/s  eta=21156s  finite=3028
  [9080/100000]  elapsed=2113s  rate=4.3/s  eta=21154s  finite=3030
  [9090/100000]  elapsed=2115s  rate=4.3/s  eta=21152s  finite=3033
  [9100/100000]  elapsed=2117s  rate=4.3/s  eta=21150s  finite=3035
  -> checkpoint saved: /scratch/e1498138/paper/ext/emri_g/lhs_f/ckpt_009100.pkl
  [9110/100000]  elapsed=2120s  rate=4.3/s  eta=21149s  finite=3039
  [warn] sample 1 failed: 
  [9120/100000]  elapsed=2122s  rate=4.3/s  eta=21146s  finite=3045
  [9130/100000]  elapsed=2125s  rate=4.3/s  eta=21153s  finite=3048
  [9140/100000]  elapsed=2128s  rate=4.3/s  eta=21151s  finite=3053
  [9150/100000]  elapsed=2130s  rate=4.3/s  eta=21150s  finite=3057
  [9160/100000]  elapsed=2132s  rate=4.3/s  eta=21148s  finite=3060
  [warn] sample 9 failed: 
  [9170/100000]  elapsed=2135s  rate=4.3/s  eta=21144s  finite=3064
  [9180/100000]  elapsed=2137s  rate=4.3/s  eta=21141s  finite=3066
  [9190/100000]  elapsed=2139s  rate=4.3/s  eta=21138s  finite=3068
  [warn] sample 3 failed: 
  [9200/100000]  elapsed=2141s  rate=4.3/s  eta=21135s  finite=3071
  -> checkpoint saved: /scratch/e1498138/paper/ext/emri_g/lhs_f/ckpt_009200.pkl
  [9210/100000]  elapsed=2144s  rate=4.3/s  eta=21132s  finite=3072
  [warn] sample 9 failed: 
  [9220/100000]  elapsed=2146s  rate=4.3/s  eta=21128s  finite=3075
  [9230/100000]  elapsed=2148s  rate=4.3/s  eta=21125s  finite=3077
  [9240/100000]  elapsed=2151s  rate=4.3/s  eta=21123s  finite=3081
  [9250/100000]  elapsed=2153s  rate=4.3/s  eta=21121s  finite=3084
  [9260/100000]  elapsed=2155s  rate=4.3/s  eta=21119s  finite=3086
  [9270/100000]  elapsed=2158s  rate=4.3/s  eta=21117s  finite=3091
  [9280/100000]  elapsed=2160s  rate=4.3/s  eta=21117s  finite=3098
  [9290/100000]  elapsed=2163s  rate=4.3/s  eta=21116s  finite=3103
  [9300/100000]  elapsed=2165s  rate=4.3/s  eta=21115s  finite=3108
  -> checkpoint saved: /scratch/e1498138/paper/ext/emri_g/lhs_f/ckpt_009300.pkl
  [9310/100000]  elapsed=2167s  rate=4.3/s  eta=21113s  finite=3113
  [9320/100000]  elapsed=2170s  rate=4.3/s  eta=21110s  finite=3115
  [9330/100000]  elapsed=2172s  rate=4.3/s  eta=21107s  finite=3117
  [warn] sample 2 failed: 
  [9340/100000]  elapsed=2174s  rate=4.3/s  eta=21103s  finite=3118
  [warn] sample 6 failed: 
  [9350/100000]  elapsed=2176s  rate=4.3/s  eta=21101s  finite=3121
  [9360/100000]  elapsed=2179s  rate=4.3/s  eta=21099s  finite=3124
  [9370/100000]  elapsed=2181s  rate=4.3/s  eta=21097s  finite=3127
  [warn] sample 6 failed: 
  [9380/100000]  elapsed=2183s  rate=4.3/s  eta=21093s  finite=3131
  [warn] sample 4 failed: 
  [9390/100000]  elapsed=2186s  rate=4.3/s  eta=21091s  finite=3132
  [9400/100000]  elapsed=2188s  rate=4.3/s  eta=21091s  finite=3138
  -> checkpoint saved: /scratch/e1498138/paper/ext/emri_g/lhs_f/ckpt_009400.pkl
  [warn] sample 0 failed: This a (0.32765174999999996), p0 (13.711125) and e0 (0.8902755) combination is outside of our domain of validity.
  [9410/100000]  elapsed=2190s  rate=4.3/s  eta=21087s  finite=3141
  [9420/100000]  elapsed=2193s  rate=4.3/s  eta=21086s  finite=3143
  [warn] sample 8 failed: 
  [9430/100000]  elapsed=2195s  rate=4.3/s  eta=21082s  finite=3145
  [9440/100000]  elapsed=2197s  rate=4.3/s  eta=21080s  finite=3149
  [9450/100000]  elapsed=2200s  rate=4.3/s  eta=21077s  finite=3151
  [9460/100000]  elapsed=2202s  rate=4.3/s  eta=21076s  finite=3155
  [9470/100000]  elapsed=2204s  rate=4.3/s  eta=21073s  finite=3156
  [9480/100000]  elapsed=2207s  rate=4.3/s  eta=21073s  finite=3159
  [9490/100000]  elapsed=2209s  rate=4.3/s  eta=21070s  finite=3161
  [9500/100000]  elapsed=2212s  rate=4.3/s  eta=21068s  finite=3164
  -> checkpoint saved: /scratch/e1498138/paper/ext/emri_g/lhs_f/ckpt_009500.pkl
  [warn] sample 6 failed: 
  [9510/100000]  elapsed=2214s  rate=4.3/s  eta=21065s  finite=3168
  [9520/100000]  elapsed=2216s  rate=4.3/s  eta=21063s  finite=3172
  [9530/100000]  elapsed=2219s  rate=4.3/s  eta=21062s  finite=3176
  [9540/100000]  elapsed=2221s  rate=4.3/s  eta=21059s  finite=3178
  [warn] sample 0 failed: 
  [9550/100000]  elapsed=2223s  rate=4.3/s  eta=21055s  finite=3182
  [9560/100000]  elapsed=2225s  rate=4.3/s  eta=21053s  finite=3184
  [9570/100000]  elapsed=2228s  rate=4.3/s  eta=21052s  finite=3187
  [9580/100000]  elapsed=2230s  rate=4.3/s  eta=21050s  finite=3191
  [warn] sample 6 failed: 
  [9590/100000]  elapsed=2232s  rate=4.3/s  eta=21046s  finite=3194
  [9600/100000]  elapsed=2235s  rate=4.3/s  eta=21043s  finite=3197
  -> checkpoint saved: /scratch/e1498138/paper/ext/emri_g/lhs_f/ckpt_009600.pkl
  [warn] sample 9 failed: 
  [9610/100000]  elapsed=2237s  rate=4.3/s  eta=21040s  finite=3199
  [9620/100000]  elapsed=2239s  rate=4.3/s  eta=21039s  finite=3203
  [9630/100000]  elapsed=2242s  rate=4.3/s  eta=21039s  finite=3209
  [9640/100000]  elapsed=2244s  rate=4.3/s  eta=21038s  finite=3213
  [9650/100000]  elapsed=2247s  rate=4.3/s  eta=21036s  finite=3214
  [9660/100000]  elapsed=2249s  rate=4.3/s  eta=21036s  finite=3220
  [warn] sample 8 failed: 
  [9670/100000]  elapsed=2252s  rate=4.3/s  eta=21033s  finite=3223
  [9680/100000]  elapsed=2254s  rate=4.3/s  eta=21030s  finite=3227
  [9690/100000]  elapsed=2256s  rate=4.3/s  eta=21029s  finite=3229
  [warn] sample 2 failed: 
  [9700/100000]  elapsed=2258s  rate=4.3/s  eta=21025s  finite=3230
  -> checkpoint saved: /scratch/e1498138/paper/ext/emri_g/lhs_f/ckpt_009700.pkl
  [9710/100000]  elapsed=2261s  rate=4.3/s  eta=21022s  finite=3230
  [9720/100000]  elapsed=2263s  rate=4.3/s  eta=21021s  finite=3236
  [9730/100000]  elapsed=2266s  rate=4.3/s  eta=21019s  finite=3237
  [9740/100000]  elapsed=2268s  rate=4.3/s  eta=21017s  finite=3239
  [9750/100000]  elapsed=2270s  rate=4.3/s  eta=21015s  finite=3242
  [9760/100000]  elapsed=2273s  rate=4.3/s  eta=21012s  finite=3244
  [9770/100000]  elapsed=2275s  rate=4.3/s  eta=21009s  finite=3246
  [9780/100000]  elapsed=2277s  rate=4.3/s  eta=21006s  finite=3251
  [9790/100000]  elapsed=2280s  rate=4.3/s  eta=21006s  finite=3256
  [9800/100000]  elapsed=2282s  rate=4.3/s  eta=21003s  finite=3256
  -> checkpoint saved: /scratch/e1498138/paper/ext/emri_g/lhs_f/ckpt_009800.pkl
  [9810/100000]  elapsed=2284s  rate=4.3/s  eta=21002s  finite=3260
  [9820/100000]  elapsed=2287s  rate=4.3/s  eta=21000s  finite=3262
  [9830/100000]  elapsed=2289s  rate=4.3/s  eta=21001s  finite=3268
  [warn] sample 4 failed: 
  [9840/100000]  elapsed=2292s  rate=4.3/s  eta=20998s  finite=3273
  [9850/100000]  elapsed=2294s  rate=4.3/s  eta=20997s  finite=3278
  [9860/100000]  elapsed=2297s  rate=4.3/s  eta=20996s  finite=3282
  [9870/100000]  elapsed=2299s  rate=4.3/s  eta=20994s  finite=3285
  [warn] sample 1 failed: 
  [9880/100000]  elapsed=2301s  rate=4.3/s  eta=20991s  finite=3289
  [9890/100000]  elapsed=2304s  rate=4.3/s  eta=20989s  finite=3293
  [9900/100000]  elapsed=2306s  rate=4.3/s  eta=20986s  finite=3296
  -> checkpoint saved: /scratch/e1498138/paper/ext/emri_g/lhs_f/ckpt_009900.pkl
  [9910/100000]  elapsed=2308s  rate=4.3/s  eta=20985s  finite=3302
  [9920/100000]  elapsed=2311s  rate=4.3/s  eta=20983s  finite=3306
  [warn] sample 5 failed: 
  [9930/100000]  elapsed=2313s  rate=4.3/s  eta=20979s  finite=3309
  [9940/100000]  elapsed=2315s  rate=4.3/s  eta=20975s  finite=3311
  [warn] sample 9 failed: 
  [9950/100000]  elapsed=2317s  rate=4.3/s  eta=20972s  finite=3312
  [9960/100000]  elapsed=2320s  rate=4.3/s  eta=20969s  finite=3317
  [9970/100000]  elapsed=2322s  rate=4.3/s  eta=20968s  finite=3319
  [9980/100000]  elapsed=2324s  rate=4.3/s  eta=20965s  finite=3321
  [9990/100000]  elapsed=2327s  rate=4.3/s  eta=20962s  finite=3323
  [warn] sample 5 failed: 
  [10000/100000]  elapsed=2329s  rate=4.3/s  eta=20959s  finite=3327
  -> checkpoint saved: /scratch/e1498138/paper/ext/emri_g/lhs_f/ckpt_010000.pkl
  [10010/100000]  elapsed=2331s  rate=4.3/s  eta=20956s  finite=3334
  [10020/100000]  elapsed=2333s  rate=4.3/s  eta=20954s  finite=3336
  [10030/100000]  elapsed=2336s  rate=4.3/s  eta=20953s  finite=3339
  [10040/100000]  elapsed=2338s  rate=4.3/s  eta=20950s  finite=3343
  [10050/100000]  elapsed=2341s  rate=4.3/s  eta=20948s  finite=3347
  [10060/100000]  elapsed=2343s  rate=4.3/s  eta=20946s  finite=3352
  [warn] sample 8 failed: 
  [10070/100000]  elapsed=2345s  rate=4.3/s  eta=20943s  finite=3355
  [10080/100000]  elapsed=2347s  rate=4.3/s  eta=20940s  finite=3358
  [warn] sample 7 failed: 
  [10090/100000]  elapsed=2350s  rate=4.3/s  eta=20937s  finite=3361
  [10100/100000]  elapsed=2352s  rate=4.3/s  eta=20936s  finite=3366
  -> checkpoint saved: /scratch/e1498138/paper/ext/emri_g/lhs_f/ckpt_010100.pkl
  [warn] sample 4 failed: 
  [10110/100000]  elapsed=2354s  rate=4.3/s  eta=20933s  finite=3368
  [warn] sample 4 failed: This a (0.31675665), p0 (14.087385) and e0 (0.8938365) combination is outside of our domain of validity.
  [10120/100000]  elapsed=2356s  rate=4.3/s  eta=20929s  finite=3369
  [warn] sample 9 failed: 
  [10130/100000]  elapsed=2359s  rate=4.3/s  eta=20926s  finite=3377
  [10140/100000]  elapsed=2361s  rate=4.3/s  eta=20923s  finite=3378
  [warn] sample 4 failed: 
  [10150/100000]  elapsed=2363s  rate=4.3/s  eta=20920s  finite=3384
  [10160/100000]  elapsed=2366s  rate=4.3/s  eta=20919s  finite=3390
  [10170/100000]  elapsed=2368s  rate=4.3/s  eta=20917s  finite=3394
  [10180/100000]  elapsed=2370s  rate=4.3/s  eta=20915s  finite=3397
  [10190/100000]  elapsed=2373s  rate=4.3/s  eta=20912s  finite=3397
  [10200/100000]  elapsed=2375s  rate=4.3/s  eta=20909s  finite=3400
  -> checkpoint saved: /scratch/e1498138/paper/ext/emri_g/lhs_f/ckpt_010200.pkl
  [10210/100000]  elapsed=2377s  rate=4.3/s  eta=20907s  finite=3406
  [10220/100000]  elapsed=2380s  rate=4.3/s  eta=20904s  finite=3409
  [warn] sample 8 failed: 
  [10230/100000]  elapsed=2382s  rate=4.3/s  eta=20900s  finite=3414
  [10240/100000]  elapsed=2384s  rate=4.3/s  eta=20898s  finite=3415
  [warn] sample 5 failed: 
  [10250/100000]  elapsed=2386s  rate=4.3/s  eta=20895s  finite=3419
  [10260/100000]  elapsed=2389s  rate=4.3/s  eta=20892s  finite=3421
  [warn] sample 0 failed: 
  [10270/100000]  elapsed=2391s  rate=4.3/s  eta=20890s  finite=3423
  [10280/100000]  elapsed=2393s  rate=4.3/s  eta=20887s  finite=3425
  [10290/100000]  elapsed=2396s  rate=4.3/s  eta=20886s  finite=3428
  [10300/100000]  elapsed=2398s  rate=4.3/s  eta=20886s  finite=3433
  -> checkpoint saved: /scratch/e1498138/paper/ext/emri_g/lhs_f/ckpt_010300.pkl
  [10310/100000]  elapsed=2401s  rate=4.3/s  eta=20884s  finite=3439
  [10320/100000]  elapsed=2403s  rate=4.3/s  eta=20881s  finite=3442
  [10330/100000]  elapsed=2405s  rate=4.3/s  eta=20880s  finite=3445
  [10340/100000]  elapsed=2408s  rate=4.3/s  eta=20878s  finite=3446
  [warn] sample 4 failed: 
  [10350/100000]  elapsed=2410s  rate=4.3/s  eta=20875s  finite=3448
  [10360/100000]  elapsed=2412s  rate=4.3/s  eta=20873s  finite=3451
  [10370/100000]  elapsed=2415s  rate=4.3/s  eta=20871s  finite=3454
  [warn] sample 8 failed: 
  [10380/100000]  elapsed=2417s  rate=4.3/s  eta=20868s  finite=3459
  [10390/100000]  elapsed=2419s  rate=4.3/s  eta=20865s  finite=3460
  [10400/100000]  elapsed=2422s  rate=4.3/s  eta=20863s  finite=3465
  -> checkpoint saved: /scratch/e1498138/paper/ext/emri_g/lhs_f/ckpt_010400.pkl
  [10410/100000]  elapsed=2424s  rate=4.3/s  eta=20860s  finite=3469
  [warn] sample 1 failed: 
  [10420/100000]  elapsed=2426s  rate=4.3/s  eta=20858s  finite=3475
  [10430/100000]  elapsed=2429s  rate=4.3/s  eta=20856s  finite=3478
  [warn] sample 0 failed: 
  [10440/100000]  elapsed=2431s  rate=4.3/s  eta=20852s  finite=3479
  [10450/100000]  elapsed=2433s  rate=4.3/s  eta=20852s  finite=3484
  [10460/100000]  elapsed=2436s  rate=4.3/s  eta=20849s  finite=3486
  [10470/100000]  elapsed=2438s  rate=4.3/s  eta=20848s  finite=3491
  [10480/100000]  elapsed=2440s  rate=4.3/s  eta=20847s  finite=3495
  [10490/100000]  elapsed=2443s  rate=4.3/s  eta=20845s  finite=3499
  [10500/100000]  elapsed=2445s  rate=4.3/s  eta=20842s  finite=3501
  -> checkpoint saved: /scratch/e1498138/paper/ext/emri_g/lhs_f/ckpt_010500.pkl
  [10510/100000]  elapsed=2448s  rate=4.3/s  eta=20842s  finite=3508
  [10520/100000]  elapsed=2450s  rate=4.3/s  eta=20839s  finite=3511
  [10530/100000]  elapsed=2453s  rate=4.3/s  eta=20838s  finite=3515
  [warn] sample 4 failed: 
  [10540/100000]  elapsed=2455s  rate=4.3/s  eta=20834s  finite=3518
  [10550/100000]  elapsed=2457s  rate=4.3/s  eta=20832s  finite=3523
  [10560/100000]  elapsed=2460s  rate=4.3/s  eta=20832s  finite=3527
  [10570/100000]  elapsed=2462s  rate=4.3/s  eta=20828s  finite=3530
  [warn] sample 2 failed: 
  [10580/100000]  elapsed=2464s  rate=4.3/s  eta=20826s  finite=3534
  [warn] sample 5 failed: 
  [10590/100000]  elapsed=2466s  rate=4.3/s  eta=20822s  finite=3537
  [10600/100000]  elapsed=2468s  rate=4.3/s  eta=20819s  finite=3541
  -> checkpoint saved: /scratch/e1498138/paper/ext/emri_g/lhs_f/ckpt_010600.pkl
  [10610/100000]  elapsed=2471s  rate=4.3/s  eta=20817s  finite=3549
  [10620/100000]  elapsed=2473s  rate=4.3/s  eta=20815s  finite=3553
  [10630/100000]  elapsed=2476s  rate=4.3/s  eta=20818s  finite=3558
  [10640/100000]  elapsed=2479s  rate=4.3/s  eta=20819s  finite=3561
  [10650/100000]  elapsed=2481s  rate=4.3/s  eta=20816s  finite=3565
  [10660/100000]  elapsed=2483s  rate=4.3/s  eta=20814s  finite=3566
  [10670/100000]  elapsed=2486s  rate=4.3/s  eta=20813s  finite=3572
  [10680/100000]  elapsed=2488s  rate=4.3/s  eta=20811s  finite=3574
  [10690/100000]  elapsed=2491s  rate=4.3/s  eta=20809s  finite=3576
  [10700/100000]  elapsed=2493s  rate=4.3/s  eta=20807s  finite=3579
  -> checkpoint saved: /scratch/e1498138/paper/ext/emri_g/lhs_f/ckpt_010700.pkl
  [warn] sample 1 failed: This a (0.33909885), p0 (14.887635) and e0 (0.8987145000000001) combination is outside of our domain of validity.
  [10710/100000]  elapsed=2495s  rate=4.3/s  eta=20803s  finite=3583
  [10720/100000]  elapsed=2498s  rate=4.3/s  eta=20800s  finite=3585
  [10730/100000]  elapsed=2500s  rate=4.3/s  eta=20798s  finite=3587
  [10740/100000]  elapsed=2502s  rate=4.3/s  eta=20796s  finite=3594
  [10750/100000]  elapsed=2505s  rate=4.3/s  eta=20794s  finite=3597
  [10760/100000]  elapsed=2507s  rate=4.3/s  eta=20791s  finite=3600
  [10770/100000]  elapsed=2509s  rate=4.3/s  eta=20789s  finite=3601
  [10780/100000]  elapsed=2512s  rate=4.3/s  eta=20787s  finite=3604
  [10790/100000]  elapsed=2514s  rate=4.3/s  eta=20784s  finite=3608
  [10800/100000]  elapsed=2516s  rate=4.3/s  eta=20781s  finite=3611
  -> checkpoint saved: /scratch/e1498138/paper/ext/emri_g/lhs_f/ckpt_010800.pkl
  [10810/100000]  elapsed=2518s  rate=4.3/s  eta=20779s  finite=3614
  [warn] sample 6 failed: 
  [10820/100000]  elapsed=2521s  rate=4.3/s  eta=20776s  finite=3617
  [warn] sample 8 failed: 
  [10830/100000]  elapsed=2523s  rate=4.3/s  eta=20774s  finite=3620
  [10840/100000]  elapsed=2525s  rate=4.3/s  eta=20771s  finite=3624
  [10850/100000]  elapsed=2528s  rate=4.3/s  eta=20768s  finite=3626
  [10860/100000]  elapsed=2530s  rate=4.3/s  eta=20765s  finite=3629
  [warn] sample 2 failed: 
  [10870/100000]  elapsed=2532s  rate=4.3/s  eta=20761s  finite=3631
  [warn] sample 4 failed: 
  [10880/100000]  elapsed=2534s  rate=4.3/s  eta=20757s  finite=3633
  [10890/100000]  elapsed=2537s  rate=4.3/s  eta=20756s  finite=3635
  [10900/100000]  elapsed=2539s  rate=4.3/s  eta=20753s  finite=3640
  -> checkpoint saved: /scratch/e1498138/paper/ext/emri_g/lhs_f/ckpt_010900.pkl
  [10910/100000]  elapsed=2541s  rate=4.3/s  eta=20752s  finite=3645
  [10920/100000]  elapsed=2544s  rate=4.3/s  eta=20751s  finite=3649
  [10930/100000]  elapsed=2546s  rate=4.3/s  eta=20748s  finite=3652
  [10940/100000]  elapsed=2549s  rate=4.3/s  eta=20747s  finite=3655
  [warn] sample 2 failed: 
  [10950/100000]  elapsed=2551s  rate=4.3/s  eta=20744s  finite=3658
  [10960/100000]  elapsed=2553s  rate=4.3/s  eta=20742s  finite=3662
  [10970/100000]  elapsed=2555s  rate=4.3/s  eta=20739s  finite=3668
  [10980/100000]  elapsed=2558s  rate=4.3/s  eta=20736s  finite=3670
  [10990/100000]  elapsed=2560s  rate=4.3/s  eta=20736s  finite=3673
  [11000/100000]  elapsed=2563s  rate=4.3/s  eta=20734s  finite=3677
  -> checkpoint saved: /scratch/e1498138/paper/ext/emri_g/lhs_f/ckpt_011000.pkl
  [11010/100000]  elapsed=2565s  rate=4.3/s  eta=20732s  finite=3680
  [11020/100000]  elapsed=2567s  rate=4.3/s  eta=20729s  finite=3684
  [11030/100000]  elapsed=2570s  rate=4.3/s  eta=20727s  finite=3687
  [11040/100000]  elapsed=2572s  rate=4.3/s  eta=20725s  finite=3693
  [11050/100000]  elapsed=2574s  rate=4.3/s  eta=20723s  finite=3695
  [11060/100000]  elapsed=2577s  rate=4.3/s  eta=20720s  finite=3700
  [warn] sample 6 failed: 
  [11070/100000]  elapsed=2579s  rate=4.3/s  eta=20719s  finite=3706
  [11080/100000]  elapsed=2582s  rate=4.3/s  eta=20719s  finite=3709
  [11090/100000]  elapsed=2584s  rate=4.3/s  eta=20717s  finite=3712
  [11100/100000]  elapsed=2586s  rate=4.3/s  eta=20714s  finite=3716
  -> checkpoint saved: /scratch/e1498138/paper/ext/emri_g/lhs_f/ckpt_011100.pkl
  [11110/100000]  elapsed=2589s  rate=4.3/s  eta=20712s  finite=3719
  [11120/100000]  elapsed=2591s  rate=4.3/s  eta=20709s  finite=3722
  [11130/100000]  elapsed=2593s  rate=4.3/s  eta=20707s  finite=3726
  [11140/100000]  elapsed=2596s  rate=4.3/s  eta=20705s  finite=3730
  [11150/100000]  elapsed=2598s  rate=4.3/s  eta=20703s  finite=3732
  [11160/100000]  elapsed=2600s  rate=4.3/s  eta=20700s  finite=3736
  [11170/100000]  elapsed=2603s  rate=4.3/s  eta=20698s  finite=3739
  [11180/100000]  elapsed=2605s  rate=4.3/s  eta=20696s  finite=3742
  [11190/100000]  elapsed=2607s  rate=4.3/s  eta=20693s  finite=3747
  [11200/100000]  elapsed=2610s  rate=4.3/s  eta=20691s  finite=3749
  -> checkpoint saved: /scratch/e1498138/paper/ext/emri_g/lhs_f/ckpt_011200.pkl
  [warn] sample 3 failed: 
  [11210/100000]  elapsed=2612s  rate=4.3/s  eta=20689s  finite=3751
  [11220/100000]  elapsed=2614s  rate=4.3/s  eta=20687s  finite=3756
  [11230/100000]  elapsed=2617s  rate=4.3/s  eta=20684s  finite=3760
  [11240/100000]  elapsed=2619s  rate=4.3/s  eta=20682s  finite=3761
  [11250/100000]  elapsed=2621s  rate=4.3/s  eta=20680s  finite=3769
  [11260/100000]  elapsed=2624s  rate=4.3/s  eta=20678s  finite=3773
  [warn] sample 0 failed: 
  [11270/100000]  elapsed=2626s  rate=4.3/s  eta=20674s  finite=3774
  [11280/100000]  elapsed=2628s  rate=4.3/s  eta=20672s  finite=3778
  [11290/100000]  elapsed=2631s  rate=4.3/s  eta=20669s  finite=3781
  [11300/100000]  elapsed=2633s  rate=4.3/s  eta=20667s  finite=3785
  -> checkpoint saved: /scratch/e1498138/paper/ext/emri_g/lhs_f/ckpt_011300.pkl
  [11310/100000]  elapsed=2635s  rate=4.3/s  eta=20664s  finite=3785
  [11320/100000]  elapsed=2637s  rate=4.3/s  eta=20661s  finite=3788
  [11330/100000]  elapsed=2640s  rate=4.3/s  eta=20659s  finite=3790
  [11340/100000]  elapsed=2642s  rate=4.3/s  eta=20656s  finite=3792
  [warn] sample 4 failed: 
  [11350/100000]  elapsed=2644s  rate=4.3/s  eta=20652s  finite=3794
  [11360/100000]  elapsed=2647s  rate=4.3/s  eta=20651s  finite=3796
  [11370/100000]  elapsed=2649s  rate=4.3/s  eta=20648s  finite=3800
  [11380/100000]  elapsed=2651s  rate=4.3/s  eta=20645s  finite=3806
  [11390/100000]  elapsed=2653s  rate=4.3/s  eta=20643s  finite=3812
  [warn] sample 9 failed: 
  [11400/100000]  elapsed=2656s  rate=4.3/s  eta=20640s  finite=3814
  -> checkpoint saved: /scratch/e1498138/paper/ext/emri_g/lhs_f/ckpt_011400.pkl
  [11410/100000]  elapsed=2658s  rate=4.3/s  eta=20638s  finite=3816
  [11420/100000]  elapsed=2660s  rate=4.3/s  eta=20635s  finite=3821
  [11430/100000]  elapsed=2663s  rate=4.3/s  eta=20632s  finite=3826
  [warn] sample 0 failed: 
  [11440/100000]  elapsed=2665s  rate=4.3/s  eta=20629s  finite=3830
  [11450/100000]  elapsed=2667s  rate=4.3/s  eta=20627s  finite=3832
  [warn] sample 1 failed: 
  [11460/100000]  elapsed=2669s  rate=4.3/s  eta=20623s  finite=3837
  [11470/100000]  elapsed=2672s  rate=4.3/s  eta=20623s  finite=3844
  [warn] sample 0 failed: 
  [11480/100000]  elapsed=2674s  rate=4.3/s  eta=20620s  finite=3850
  [warn] sample 9 failed: 
  [11490/100000]  elapsed=2676s  rate=4.3/s  eta=20616s  finite=3852
  [11500/100000]  elapsed=2679s  rate=4.3/s  eta=20613s  finite=3853
  -> checkpoint saved: /scratch/e1498138/paper/ext/emri_g/lhs_f/ckpt_011500.pkl
  [11510/100000]  elapsed=2681s  rate=4.3/s  eta=20610s  finite=3854
  [11520/100000]  elapsed=2683s  rate=4.3/s  eta=20608s  finite=3859
  [11530/100000]  elapsed=2686s  rate=4.3/s  eta=20608s  finite=3865
  [11540/100000]  elapsed=2688s  rate=4.3/s  eta=20606s  finite=3871
  [11550/100000]  elapsed=2690s  rate=4.3/s  eta=20603s  finite=3874
  [11560/100000]  elapsed=2693s  rate=4.3/s  eta=20600s  finite=3879
  [11570/100000]  elapsed=2695s  rate=4.3/s  eta=20598s  finite=3881
  [warn] sample 3 failed: 
  [warn] sample 8 failed: 
  [11580/100000]  elapsed=2697s  rate=4.3/s  eta=20593s  finite=3881
  [warn] sample 2 failed: 
  [11590/100000]  elapsed=2699s  rate=4.3/s  eta=20592s  finite=3884
  [11600/100000]  elapsed=2702s  rate=4.3/s  eta=20590s  finite=3886
  -> checkpoint saved: /scratch/e1498138/paper/ext/emri_g/lhs_f/ckpt_011600.pkl
  [11610/100000]  elapsed=2704s  rate=4.3/s  eta=20587s  finite=3888
  [11620/100000]  elapsed=2706s  rate=4.3/s  eta=20585s  finite=3890
  [11630/100000]  elapsed=2709s  rate=4.3/s  eta=20582s  finite=3894
  [11640/100000]  elapsed=2711s  rate=4.3/s  eta=20580s  finite=3900
  [11650/100000]  elapsed=2713s  rate=4.3/s  eta=20577s  finite=3903
  [11660/100000]  elapsed=2716s  rate=4.3/s  eta=20575s  finite=3908
  [warn] sample 1 failed: 
  [11670/100000]  elapsed=2718s  rate=4.3/s  eta=20571s  finite=3910
  [11680/100000]  elapsed=2720s  rate=4.3/s  eta=20569s  finite=3915
  [warn] sample 9 failed: 
  [11690/100000]  elapsed=2722s  rate=4.3/s  eta=20566s  finite=3918
  [warn] sample 2 failed: 
  [11700/100000]  elapsed=2725s  rate=4.3/s  eta=20562s  finite=3920
  -> checkpoint saved: /scratch/e1498138/paper/ext/emri_g/lhs_f/ckpt_011700.pkl
  [11710/100000]  elapsed=2727s  rate=4.3/s  eta=20559s  finite=3924
  [11720/100000]  elapsed=2729s  rate=4.3/s  eta=20557s  finite=3926
  [11730/100000]  elapsed=2731s  rate=4.3/s  eta=20554s  finite=3930
  [11740/100000]  elapsed=2734s  rate=4.3/s  eta=20552s  finite=3934
  [warn] sample 2 failed: 
  [11750/100000]  elapsed=2736s  rate=4.3/s  eta=20549s  finite=3937
  [warn] sample 1 failed: This a (0.39394695), p0 (13.666755) and e0 (0.8875575) combination is outside of our domain of validity.
  [11760/100000]  elapsed=2738s  rate=4.3/s  eta=20548s  finite=3943
  [11770/100000]  elapsed=2741s  rate=4.3/s  eta=20545s  finite=3947
  [11780/100000]  elapsed=2743s  rate=4.3/s  eta=20543s  finite=3949
  [11790/100000]  elapsed=2746s  rate=4.3/s  eta=20542s  finite=3951
  [11800/100000]  elapsed=2748s  rate=4.3/s  eta=20539s  finite=3953
  -> checkpoint saved: /scratch/e1498138/paper/ext/emri_g/lhs_f/ckpt_011800.pkl
  [11810/100000]  elapsed=2750s  rate=4.3/s  eta=20536s  finite=3957
  [11820/100000]  elapsed=2752s  rate=4.3/s  eta=20533s  finite=3963
  [warn] sample 6 failed: 
  [11830/100000]  elapsed=2755s  rate=4.3/s  eta=20530s  finite=3965
  [11840/100000]  elapsed=2757s  rate=4.3/s  eta=20528s  finite=3968
  [11850/100000]  elapsed=2759s  rate=4.3/s  eta=20527s  finite=3974
  [11860/100000]  elapsed=2762s  rate=4.3/s  eta=20525s  finite=3977
  [11870/100000]  elapsed=2764s  rate=4.3/s  eta=20522s  finite=3978
  [warn] sample 6 failed: 
  [11880/100000]  elapsed=2766s  rate=4.3/s  eta=20518s  finite=3982
  [11890/100000]  elapsed=2768s  rate=4.3/s  eta=20515s  finite=3985
  [warn] sample 1 failed: 
  [11900/100000]  elapsed=2771s  rate=4.3/s  eta=20512s  finite=3988
  -> checkpoint saved: /scratch/e1498138/paper/ext/emri_g/lhs_f/ckpt_011900.pkl
  [11910/100000]  elapsed=2773s  rate=4.3/s  eta=20510s  finite=3992
  [11920/100000]  elapsed=2775s  rate=4.3/s  eta=20508s  finite=3995
  [11930/100000]  elapsed=2778s  rate=4.3/s  eta=20505s  finite=3998
  [11940/100000]  elapsed=2780s  rate=4.3/s  eta=20502s  finite=4001
  [11950/100000]  elapsed=2782s  rate=4.3/s  eta=20500s  finite=4007
  [warn] sample 9 failed: 
  [11960/100000]  elapsed=2784s  rate=4.3/s  eta=20497s  finite=4008
  [11970/100000]  elapsed=2787s  rate=4.3/s  eta=20494s  finite=4009
  [11980/100000]  elapsed=2789s  rate=4.3/s  eta=20493s  finite=4014
  [11990/100000]  elapsed=2792s  rate=4.3/s  eta=20491s  finite=4017
  [12000/100000]  elapsed=2794s  rate=4.3/s  eta=20490s  finite=4022
  -> checkpoint saved: /scratch/e1498138/paper/ext/emri_g/lhs_f/ckpt_012000.pkl
  [12010/100000]  elapsed=2796s  rate=4.3/s  eta=20487s  finite=4025
  [12020/100000]  elapsed=2799s  rate=4.3/s  eta=20484s  finite=4028
  [12030/100000]  elapsed=2801s  rate=4.3/s  eta=20483s  finite=4033
  [12040/100000]  elapsed=2804s  rate=4.3/s  eta=20482s  finite=4038
  [warn] sample 7 failed: 
  [12050/100000]  elapsed=2806s  rate=4.3/s  eta=20480s  finite=4040
  [12060/100000]  elapsed=2808s  rate=4.3/s  eta=20477s  finite=4043
  [12070/100000]  elapsed=2811s  rate=4.3/s  eta=20475s  finite=4046
  [12080/100000]  elapsed=2813s  rate=4.3/s  eta=20472s  finite=4049
  [12090/100000]  elapsed=2815s  rate=4.3/s  eta=20469s  finite=4050
  [12100/100000]  elapsed=2817s  rate=4.3/s  eta=20467s  finite=4055
  -> checkpoint saved: /scratch/e1498138/paper/ext/emri_g/lhs_f/ckpt_012100.pkl
  [warn] sample 2 failed: 
  [12110/100000]  elapsed=2820s  rate=4.3/s  eta=20464s  finite=4059
  [12120/100000]  elapsed=2822s  rate=4.3/s  eta=20462s  finite=4064
  [12130/100000]  elapsed=2824s  rate=4.3/s  eta=20459s  finite=4065
  [12140/100000]  elapsed=2827s  rate=4.3/s  eta=20457s  finite=4070
  [warn] sample 6 failed: This a (0.34443255), p0 (13.603575) and e0 (0.8988435) combination is outside of our domain of validity.
  [12150/100000]  elapsed=2829s  rate=4.3/s  eta=20453s  finite=4073
  [12160/100000]  elapsed=2831s  rate=4.3/s  eta=20451s  finite=4076
  [12170/100000]  elapsed=2834s  rate=4.3/s  eta=20450s  finite=4080
  [warn] sample 7 failed: 
  [warn] sample 8 failed: 
  [12180/100000]  elapsed=2836s  rate=4.3/s  eta=20445s  finite=4081
  [warn] sample 3 failed: 
  [12190/100000]  elapsed=2838s  rate=4.3/s  eta=20442s  finite=4085
  [12200/100000]  elapsed=2840s  rate=4.3/s  eta=20439s  finite=4087
  -> checkpoint saved: /scratch/e1498138/paper/ext/emri_g/lhs_f/ckpt_012200.pkl
  [12210/100000]  elapsed=2842s  rate=4.3/s  eta=20437s  finite=4092
  [warn] sample 7 failed: 
  [12220/100000]  elapsed=2845s  rate=4.3/s  eta=20435s  finite=4095
  [12230/100000]  elapsed=2847s  rate=4.3/s  eta=20432s  finite=4098
  [12240/100000]  elapsed=2849s  rate=4.3/s  eta=20431s  finite=4102
  [12250/100000]  elapsed=2852s  rate=4.3/s  eta=20428s  finite=4106
  [12260/100000]  elapsed=2854s  rate=4.3/s  eta=20425s  finite=4109
  [warn] sample 1 failed: 
  [warn] sample 5 failed: 
  [12270/100000]  elapsed=2856s  rate=4.3/s  eta=20421s  finite=4112
  [12280/100000]  elapsed=2858s  rate=4.3/s  eta=20419s  finite=4115
  [12290/100000]  elapsed=2861s  rate=4.3/s  eta=20416s  finite=4121
  [warn] sample 3 failed: 
  [12300/100000]  elapsed=2863s  rate=4.3/s  eta=20413s  finite=4123
  -> checkpoint saved: /scratch/e1498138/paper/ext/emri_g/lhs_f/ckpt_012300.pkl
  [warn] sample 1 failed: This a (0.43999754999999996), p0 (13.994265) and e0 (0.8986185) combination is outside of our domain of validity.
  [12310/100000]  elapsed=2865s  rate=4.3/s  eta=20410s  finite=4127
  [12320/100000]  elapsed=2867s  rate=4.3/s  eta=20408s  finite=4131
  [warn] sample 6 failed: 
  [12330/100000]  elapsed=2870s  rate=4.3/s  eta=20404s  finite=4135
  [12340/100000]  elapsed=2872s  rate=4.3/s  eta=20403s  finite=4139
  [12350/100000]  elapsed=2874s  rate=4.3/s  eta=20401s  finite=4139
  [12360/100000]  elapsed=2877s  rate=4.3/s  eta=20398s  finite=4140
  [12370/100000]  elapsed=2880s  rate=4.3/s  eta=20399s  finite=4142
  [12380/100000]  elapsed=2882s  rate=4.3/s  eta=20397s  finite=4147
  [12390/100000]  elapsed=2884s  rate=4.3/s  eta=20394s  finite=4151
  [12400/100000]  elapsed=2886s  rate=4.3/s  eta=20391s  finite=4153
  -> checkpoint saved: /scratch/e1498138/paper/ext/emri_g/lhs_f/ckpt_012400.pkl
  [12410/100000]  elapsed=2889s  rate=4.3/s  eta=20389s  finite=4157
  [12420/100000]  elapsed=2891s  rate=4.3/s  eta=20387s  finite=4161
  [12430/100000]  elapsed=2893s  rate=4.3/s  eta=20384s  finite=4164
  [12440/100000]  elapsed=2896s  rate=4.3/s  eta=20381s  finite=4166
  [12450/100000]  elapsed=2898s  rate=4.3/s  eta=20378s  finite=4167
  [12460/100000]  elapsed=2900s  rate=4.3/s  eta=20375s  finite=4171
  [12470/100000]  elapsed=2903s  rate=4.3/s  eta=20374s  finite=4175
  [12480/100000]  elapsed=2905s  rate=4.3/s  eta=20371s  finite=4177
  [12490/100000]  elapsed=2907s  rate=4.3/s  eta=20369s  finite=4180
  [12500/100000]  elapsed=2910s  rate=4.3/s  eta=20368s  finite=4183
  -> checkpoint saved: /scratch/e1498138/paper/ext/emri_g/lhs_f/ckpt_012500.pkl
  [12510/100000]  elapsed=2912s  rate=4.3/s  eta=20365s  finite=4186
  [warn] sample 3 failed: This a (0.31270634999999997), p0 (13.782585) and e0 (0.8908335000000001) combination is outside of our domain of validity.
  [12520/100000]  elapsed=2914s  rate=4.3/s  eta=20360s  finite=4190
  [12530/100000]  elapsed=2916s  rate=4.3/s  eta=20359s  finite=4194
  [warn] sample 2 failed: 
  [12540/100000]  elapsed=2919s  rate=4.3/s  eta=20356s  finite=4198
  [12550/100000]  elapsed=2921s  rate=4.3/s  eta=20354s  finite=4201
  [12560/100000]  elapsed=2923s  rate=4.3/s  eta=20351s  finite=4206
  [12570/100000]  elapsed=2926s  rate=4.3/s  eta=20349s  finite=4209
  [warn] sample 1 failed: 
  [12580/100000]  elapsed=2928s  rate=4.3/s  eta=20346s  finite=4212
  [warn] sample 4 failed: 
  [12590/100000]  elapsed=2930s  rate=4.3/s  eta=20343s  finite=4214
  [12600/100000]  elapsed=2932s  rate=4.3/s  eta=20341s  finite=4218
  -> checkpoint saved: /scratch/e1498138/paper/ext/emri_g/lhs_f/ckpt_012600.pkl
  [12610/100000]  elapsed=2935s  rate=4.3/s  eta=20339s  finite=4221
  [12620/100000]  elapsed=2937s  rate=4.3/s  eta=20337s  finite=4226
  [12630/100000]  elapsed=2940s  rate=4.3/s  eta=20335s  finite=4231
  [12640/100000]  elapsed=2942s  rate=4.3/s  eta=20332s  finite=4233
  [12650/100000]  elapsed=2944s  rate=4.3/s  eta=20330s  finite=4238
  [12660/100000]  elapsed=2947s  rate=4.3/s  eta=20328s  finite=4242
  [warn] sample 6 failed: 
  [12670/100000]  elapsed=2949s  rate=4.3/s  eta=20325s  finite=4245
  [12680/100000]  elapsed=2951s  rate=4.3/s  eta=20322s  finite=4246
  [12690/100000]  elapsed=2953s  rate=4.3/s  eta=20320s  finite=4248
  [12700/100000]  elapsed=2956s  rate=4.3/s  eta=20318s  finite=4252
  -> checkpoint saved: /scratch/e1498138/paper/ext/emri_g/lhs_f/ckpt_012700.pkl
  [12710/100000]  elapsed=2958s  rate=4.3/s  eta=20316s  finite=4254
  [12720/100000]  elapsed=2961s  rate=4.3/s  eta=20314s  finite=4260
  [12730/100000]  elapsed=2963s  rate=4.3/s  eta=20311s  finite=4263
  [12740/100000]  elapsed=2965s  rate=4.3/s  eta=20308s  finite=4264
  [12750/100000]  elapsed=2967s  rate=4.3/s  eta=20305s  finite=4265
  [warn] sample 8 failed: 
  [12760/100000]  elapsed=2969s  rate=4.3/s  eta=20302s  finite=4266
  [12770/100000]  elapsed=2972s  rate=4.3/s  eta=20299s  finite=4268
  [12780/100000]  elapsed=2974s  rate=4.3/s  eta=20297s  finite=4273
  [12790/100000]  elapsed=2976s  rate=4.3/s  eta=20295s  finite=4277
  [12800/100000]  elapsed=2979s  rate=4.3/s  eta=20292s  finite=4281
  -> checkpoint saved: /scratch/e1498138/paper/ext/emri_g/lhs_f/ckpt_012800.pkl
  [12810/100000]  elapsed=2981s  rate=4.3/s  eta=20289s  finite=4284
  [warn] sample 9 failed: 
  [12820/100000]  elapsed=2983s  rate=4.3/s  eta=20285s  finite=4289
  [warn] sample 6 failed: 
  [12830/100000]  elapsed=2985s  rate=4.3/s  eta=20282s  finite=4290
  [12840/100000]  elapsed=2987s  rate=4.3/s  eta=20279s  finite=4292
  [12850/100000]  elapsed=2990s  rate=4.3/s  eta=20277s  finite=4296
  [12860/100000]  elapsed=2992s  rate=4.3/s  eta=20275s  finite=4300
  [warn] sample 1 failed: 
  [12870/100000]  elapsed=2995s  rate=4.3/s  eta=20273s  finite=4303
  [12880/100000]  elapsed=2997s  rate=4.3/s  eta=20271s  finite=4306
  [12890/100000]  elapsed=2999s  rate=4.3/s  eta=20269s  finite=4312
  [warn] sample 8 failed: 
  [12900/100000]  elapsed=3002s  rate=4.3/s  eta=20266s  finite=4316
  -> checkpoint saved: /scratch/e1498138/paper/ext/emri_g/lhs_f/ckpt_012900.pkl
  [12910/100000]  elapsed=3004s  rate=4.3/s  eta=20263s  finite=4320
  [warn] sample 9 failed: 
  [12920/100000]  elapsed=3006s  rate=4.3/s  eta=20260s  finite=4323
  [12930/100000]  elapsed=3008s  rate=4.3/s  eta=20258s  finite=4326
  [warn] sample 3 failed: 
  [12940/100000]  elapsed=3011s  rate=4.3/s  eta=20255s  finite=4329
  [12950/100000]  elapsed=3013s  rate=4.3/s  eta=20253s  finite=4332
  [12960/100000]  elapsed=3015s  rate=4.3/s  eta=20250s  finite=4336
  [12970/100000]  elapsed=3018s  rate=4.3/s  eta=20249s  finite=4342
  [12980/100000]  elapsed=3020s  rate=4.3/s  eta=20247s  finite=4348
  [12990/100000]  elapsed=3022s  rate=4.3/s  eta=20244s  finite=4350
  [13000/100000]  elapsed=3025s  rate=4.3/s  eta=20242s  finite=4352
  -> checkpoint saved: /scratch/e1498138/paper/ext/emri_g/lhs_f/ckpt_013000.pkl
  [13010/100000]  elapsed=3027s  rate=4.3/s  eta=20239s  finite=4356
  [13020/100000]  elapsed=3029s  rate=4.3/s  eta=20238s  finite=4363
  [13030/100000]  elapsed=3032s  rate=4.3/s  eta=20236s  finite=4367
  [13040/100000]  elapsed=3034s  rate=4.3/s  eta=20235s  finite=4371
  [13050/100000]  elapsed=3037s  rate=4.3/s  eta=20233s  finite=4374
  [13060/100000]  elapsed=3039s  rate=4.3/s  eta=20231s  finite=4378
  [13070/100000]  elapsed=3041s  rate=4.3/s  eta=20228s  finite=4381
  [13080/100000]  elapsed=3044s  rate=4.3/s  eta=20226s  finite=4384
  [13090/100000]  elapsed=3046s  rate=4.3/s  eta=20223s  finite=4385
  [13100/100000]  elapsed=3048s  rate=4.3/s  eta=20221s  finite=4386
  -> checkpoint saved: /scratch/e1498138/paper/ext/emri_g/lhs_f/ckpt_013100.pkl
  [13110/100000]  elapsed=3051s  rate=4.3/s  eta=20220s  finite=4390
  [13120/100000]  elapsed=3053s  rate=4.3/s  eta=20218s  finite=4393
  [13130/100000]  elapsed=3056s  rate=4.3/s  eta=20216s  finite=4397
  [13140/100000]  elapsed=3058s  rate=4.3/s  eta=20214s  finite=4401
  [13150/100000]  elapsed=3060s  rate=4.3/s  eta=20213s  finite=4406
  [warn] sample 8 failed: 
  [warn] sample 9 failed: 
  [13160/100000]  elapsed=3063s  rate=4.3/s  eta=20210s  finite=4408
  [13170/100000]  elapsed=3065s  rate=4.3/s  eta=20207s  finite=4409
  [13180/100000]  elapsed=3067s  rate=4.3/s  eta=20205s  finite=4411
  [13190/100000]  elapsed=3069s  rate=4.3/s  eta=20202s  finite=4414
  [13200/100000]  elapsed=3072s  rate=4.3/s  eta=20200s  finite=4417
  -> checkpoint saved: /scratch/e1498138/paper/ext/emri_g/lhs_f/ckpt_013200.pkl
  [warn] sample 2 failed: 
  [13210/100000]  elapsed=3074s  rate=4.3/s  eta=20196s  finite=4419
  [warn] sample 7 failed: 
  [13220/100000]  elapsed=3076s  rate=4.3/s  eta=20193s  finite=4421
  [13230/100000]  elapsed=3078s  rate=4.3/s  eta=20190s  finite=4424
  [13240/100000]  elapsed=3081s  rate=4.3/s  eta=20188s  finite=4426
  [13250/100000]  elapsed=3083s  rate=4.3/s  eta=20185s  finite=4429
  [13260/100000]  elapsed=3085s  rate=4.3/s  eta=20182s  finite=4432
  [13270/100000]  elapsed=3088s  rate=4.3/s  eta=20182s  finite=4438
  [warn] sample 9 failed: 
  [13280/100000]  elapsed=3090s  rate=4.3/s  eta=20179s  finite=4440
  [13290/100000]  elapsed=3092s  rate=4.3/s  eta=20176s  finite=4442
  [13300/100000]  elapsed=3095s  rate=4.3/s  eta=20173s  finite=4446
  -> checkpoint saved: /scratch/e1498138/paper/ext/emri_g/lhs_f/ckpt_013300.pkl
  [13310/100000]  elapsed=3097s  rate=4.3/s  eta=20171s  finite=4449
  [13320/100000]  elapsed=3099s  rate=4.3/s  eta=20169s  finite=4452
  [13330/100000]  elapsed=3102s  rate=4.3/s  eta=20167s  finite=4455
  [warn] sample 8 failed: 
  [13340/100000]  elapsed=3104s  rate=4.3/s  eta=20164s  finite=4460
  [13350/100000]  elapsed=3106s  rate=4.3/s  eta=20161s  finite=4461
  [13360/100000]  elapsed=3108s  rate=4.3/s  eta=20158s  finite=4464
  [warn] sample 6 failed: 
  [13370/100000]  elapsed=3111s  rate=4.3/s  eta=20155s  finite=4470
  [13380/100000]  elapsed=3113s  rate=4.3/s  eta=20153s  finite=4472
  [13390/100000]  elapsed=3115s  rate=4.3/s  eta=20150s  finite=4473
  [13400/100000]  elapsed=3118s  rate=4.3/s  eta=20148s  finite=4477
  -> checkpoint saved: /scratch/e1498138/paper/ext/emri_g/lhs_f/ckpt_013400.pkl
  [13410/100000]  elapsed=3120s  rate=4.3/s  eta=20147s  finite=4482
  [warn] sample 4 failed: 
  [13420/100000]  elapsed=3122s  rate=4.3/s  eta=20145s  finite=4486
  [13430/100000]  elapsed=3125s  rate=4.3/s  eta=20142s  finite=4491
  [warn] sample 6 failed: This a (0.54584355), p0 (13.812435) and e0 (0.8958165) combination is outside of our domain of validity.
  [13440/100000]  elapsed=3127s  rate=4.3/s  eta=20139s  finite=4494
  [13450/100000]  elapsed=3129s  rate=4.3/s  eta=20137s  finite=4499
  [13460/100000]  elapsed=3132s  rate=4.3/s  eta=20136s  finite=4504
  [warn] sample 8 failed: 
  [13470/100000]  elapsed=3134s  rate=4.3/s  eta=20132s  finite=4506
  [13480/100000]  elapsed=3136s  rate=4.3/s  eta=20130s  finite=4510
  [warn] sample 1 failed: This a (0.40800225), p0 (13.713045) and e0 (0.8982645) combination is outside of our domain of validity.
  [13490/100000]  elapsed=3138s  rate=4.3/s  eta=20127s  finite=4515
  [13500/100000]  elapsed=3141s  rate=4.3/s  eta=20126s  finite=4520
  -> checkpoint saved: /scratch/e1498138/paper/ext/emri_g/lhs_f/ckpt_013500.pkl
  [13510/100000]  elapsed=3143s  rate=4.3/s  eta=20123s  finite=4524
  [warn] sample 5 failed: 
  [warn] sample 9 failed: 
  [13520/100000]  elapsed=3145s  rate=4.3/s  eta=20119s  finite=4527
  [13530/100000]  elapsed=3148s  rate=4.3/s  eta=20117s  finite=4530
  [warn] sample 1 failed: 
  [warn] sample 4 failed: 
  [13540/100000]  elapsed=3150s  rate=4.3/s  eta=20115s  finite=4532
  [13550/100000]  elapsed=3152s  rate=4.3/s  eta=20112s  finite=4533
  [13560/100000]  elapsed=3155s  rate=4.3/s  eta=20110s  finite=4537
  [13570/100000]  elapsed=3157s  rate=4.3/s  eta=20108s  finite=4542
  [13580/100000]  elapsed=3159s  rate=4.3/s  eta=20106s  finite=4544
  [13590/100000]  elapsed=3162s  rate=4.3/s  eta=20104s  finite=4548
  [13600/100000]  elapsed=3164s  rate=4.3/s  eta=20102s  finite=4552
  -> checkpoint saved: /scratch/e1498138/paper/ext/emri_g/lhs_f/ckpt_013600.pkl
  [13610/100000]  elapsed=3167s  rate=4.3/s  eta=20101s  finite=4556
  [13620/100000]  elapsed=3169s  rate=4.3/s  eta=20099s  finite=4562
  [13630/100000]  elapsed=3172s  rate=4.3/s  eta=20097s  finite=4565
  [warn] sample 8 failed: 
  [13640/100000]  elapsed=3174s  rate=4.3/s  eta=20094s  finite=4568
  [13650/100000]  elapsed=3176s  rate=4.3/s  eta=20091s  finite=4569
  [13660/100000]  elapsed=3178s  rate=4.3/s  eta=20089s  finite=4574
  [13670/100000]  elapsed=3181s  rate=4.3/s  eta=20088s  finite=4577
  [13680/100000]  elapsed=3183s  rate=4.3/s  eta=20086s  finite=4583
  [13690/100000]  elapsed=3186s  rate=4.3/s  eta=20084s  finite=4587
  [13700/100000]  elapsed=3188s  rate=4.3/s  eta=20083s  finite=4590
  -> checkpoint saved: /scratch/e1498138/paper/ext/emri_g/lhs_f/ckpt_013700.pkl
  [13710/100000]  elapsed=3191s  rate=4.3/s  eta=20081s  finite=4591
  [13720/100000]  elapsed=3193s  rate=4.3/s  eta=20079s  finite=4595
  [13730/100000]  elapsed=3195s  rate=4.3/s  eta=20077s  finite=4596
  [13740/100000]  elapsed=3197s  rate=4.3/s  eta=20073s  finite=4599
  [13750/100000]  elapsed=3200s  rate=4.3/s  eta=20070s  finite=4601
  [13760/100000]  elapsed=3202s  rate=4.3/s  eta=20068s  finite=4603
  [13770/100000]  elapsed=3204s  rate=4.3/s  eta=20066s  finite=4606
  [warn] sample 5 failed: 
  [13780/100000]  elapsed=3207s  rate=4.3/s  eta=20064s  finite=4610
  [13790/100000]  elapsed=3209s  rate=4.3/s  eta=20061s  finite=4613
  [13800/100000]  elapsed=3211s  rate=4.3/s  eta=20059s  finite=4616
  -> checkpoint saved: /scratch/e1498138/paper/ext/emri_g/lhs_f/ckpt_013800.pkl
  [13810/100000]  elapsed=3214s  rate=4.3/s  eta=20056s  finite=4621
  [warn] sample 3 failed: This a (0.33062565), p0 (13.845735) and e0 (0.8875395) combination is outside of our domain of validity.
  [13820/100000]  elapsed=3216s  rate=4.3/s  eta=20052s  finite=4622
  [13830/100000]  elapsed=3220s  rate=4.3/s  eta=20061s  finite=4626
  [13840/100000]  elapsed=3222s  rate=4.3/s  eta=20059s  finite=4628
  [13850/100000]  elapsed=3224s  rate=4.3/s  eta=20056s  finite=4634
  [13860/100000]  elapsed=3227s  rate=4.3/s  eta=20053s  finite=4635
  [13870/100000]  elapsed=3229s  rate=4.3/s  eta=20050s  finite=4639
  [13880/100000]  elapsed=3231s  rate=4.3/s  eta=20048s  finite=4642
  [13890/100000]  elapsed=3233s  rate=4.3/s  eta=20045s  finite=4648
  [13900/100000]  elapsed=3236s  rate=4.3/s  eta=20043s  finite=4650
  -> checkpoint saved: /scratch/e1498138/paper/ext/emri_g/lhs_f/ckpt_013900.pkl
  [warn] sample 5 failed: 
  [13910/100000]  elapsed=3238s  rate=4.3/s  eta=20040s  finite=4655
  [13920/100000]  elapsed=3240s  rate=4.3/s  eta=20038s  finite=4660
  [13930/100000]  elapsed=3243s  rate=4.3/s  eta=20036s  finite=4664
  [13940/100000]  elapsed=3245s  rate=4.3/s  eta=20034s  finite=4668
  [13950/100000]  elapsed=3247s  rate=4.3/s  eta=20031s  finite=4671
  [13960/100000]  elapsed=3250s  rate=4.3/s  eta=20028s  finite=4675
  [13970/100000]  elapsed=3252s  rate=4.3/s  eta=20026s  finite=4677
  [13980/100000]  elapsed=3254s  rate=4.3/s  eta=20024s  finite=4682
  [13990/100000]  elapsed=3257s  rate=4.3/s  eta=20022s  finite=4685
  [14000/100000]  elapsed=3259s  rate=4.3/s  eta=20021s  finite=4689
  -> checkpoint saved: /scratch/e1498138/paper/ext/emri_g/lhs_f/ckpt_014000.pkl
  [14010/100000]  elapsed=3262s  rate=4.3/s  eta=20019s  finite=4691
  [14020/100000]  elapsed=3264s  rate=4.3/s  eta=20016s  finite=4693
  [14030/100000]  elapsed=3266s  rate=4.3/s  eta=20013s  finite=4694
  [warn] sample 6 failed: 
  [14040/100000]  elapsed=3268s  rate=4.3/s  eta=20010s  finite=4697
  [14050/100000]  elapsed=3271s  rate=4.3/s  eta=20008s  finite=4700
  [14060/100000]  elapsed=3273s  rate=4.3/s  eta=20006s  finite=4703
  [14070/100000]  elapsed=3275s  rate=4.3/s  eta=20003s  finite=4707
  [14080/100000]  elapsed=3278s  rate=4.3/s  eta=20001s  finite=4709
  [14090/100000]  elapsed=3280s  rate=4.3/s  eta=19998s  finite=4712
  [warn] sample 0 failed: 
  [warn] sample 1 failed: This a (0.5399302500000001), p0 (14.071125) and e0 (0.8975715) combination is outside of our domain of validity.
  [14100/100000]  elapsed=3282s  rate=4.3/s  eta=19994s  finite=4715
  -> checkpoint saved: /scratch/e1498138/paper/ext/emri_g/lhs_f/ckpt_014100.pkl
  [warn] sample 9 failed: 
  [14110/100000]  elapsed=3284s  rate=4.3/s  eta=19991s  finite=4718
  [14120/100000]  elapsed=3286s  rate=4.3/s  eta=19988s  finite=4721
  [14130/100000]  elapsed=3289s  rate=4.3/s  eta=19986s  finite=4721
  [warn] sample 7 failed: This a (0.38179605), p0 (13.741965) and e0 (0.8876385) combination is outside of our domain of validity.
  [14140/100000]  elapsed=3291s  rate=4.3/s  eta=19982s  finite=4726
  [14150/100000]  elapsed=3293s  rate=4.3/s  eta=19979s  finite=4730
  [14160/100000]  elapsed=3295s  rate=4.3/s  eta=19977s  finite=4732
  [14170/100000]  elapsed=3298s  rate=4.3/s  eta=19974s  finite=4737
  [14180/100000]  elapsed=3300s  rate=4.3/s  eta=19972s  finite=4739
  [14190/100000]  elapsed=3302s  rate=4.3/s  eta=19969s  finite=4744
  [14200/100000]  elapsed=3305s  rate=4.3/s  eta=19967s  finite=4749
  -> checkpoint saved: /scratch/e1498138/paper/ext/emri_g/lhs_f/ckpt_014200.pkl
  [14210/100000]  elapsed=3307s  rate=4.3/s  eta=19965s  finite=4753
  [14220/100000]  elapsed=3309s  rate=4.3/s  eta=19964s  finite=4758
  [14230/100000]  elapsed=3312s  rate=4.3/s  eta=19961s  finite=4761
  [14240/100000]  elapsed=3314s  rate=4.3/s  eta=19959s  finite=4764
  [warn] sample 1 failed: 
  [14250/100000]  elapsed=3316s  rate=4.3/s  eta=19956s  finite=4767
  [14260/100000]  elapsed=3319s  rate=4.3/s  eta=19953s  finite=4771
  [14270/100000]  elapsed=3321s  rate=4.3/s  eta=19950s  finite=4776
  [warn] sample 0 failed: 
  [14280/100000]  elapsed=3323s  rate=4.3/s  eta=19947s  finite=4781
  [14290/100000]  elapsed=3325s  rate=4.3/s  eta=19945s  finite=4784
  [14300/100000]  elapsed=3328s  rate=4.3/s  eta=19944s  finite=4790
  -> checkpoint saved: /scratch/e1498138/paper/ext/emri_g/lhs_f/ckpt_014300.pkl
  [14310/100000]  elapsed=3330s  rate=4.3/s  eta=19942s  finite=4793
  [14320/100000]  elapsed=3333s  rate=4.3/s  eta=19940s  finite=4797
  [14330/100000]  elapsed=3335s  rate=4.3/s  eta=19937s  finite=4800
  [14340/100000]  elapsed=3337s  rate=4.3/s  eta=19934s  finite=4805
  [14350/100000]  elapsed=3339s  rate=4.3/s  eta=19932s  finite=4812
  [14360/100000]  elapsed=3342s  rate=4.3/s  eta=19930s  finite=4813
  [14370/100000]  elapsed=3344s  rate=4.3/s  eta=19927s  finite=4814
  [warn] sample 0 failed: 
  [14380/100000]  elapsed=3346s  rate=4.3/s  eta=19924s  finite=4817
  [14390/100000]  elapsed=3349s  rate=4.3/s  eta=19922s  finite=4822
  [warn] sample 7 failed: 
  [14400/100000]  elapsed=3351s  rate=4.3/s  eta=19919s  finite=4826
  -> checkpoint saved: /scratch/e1498138/paper/ext/emri_g/lhs_f/ckpt_014400.pkl
  [14410/100000]  elapsed=3353s  rate=4.3/s  eta=19916s  finite=4828
  [warn] sample 9 failed: 
  [14420/100000]  elapsed=3355s  rate=4.3/s  eta=19913s  finite=4833
  [warn] sample 2 failed: 
  [14430/100000]  elapsed=3358s  rate=4.3/s  eta=19911s  finite=4838
  [warn] sample 6 failed: This a (0.40085385), p0 (13.610925) and e0 (0.8987745) combination is outside of our domain of validity.
  [14440/100000]  elapsed=3360s  rate=4.3/s  eta=19908s  finite=4843
  [14450/100000]  elapsed=3362s  rate=4.3/s  eta=19906s  finite=4847
  [14460/100000]  elapsed=3365s  rate=4.3/s  eta=19903s  finite=4853
  [14470/100000]  elapsed=3367s  rate=4.3/s  eta=19901s  finite=4858
  [14480/100000]  elapsed=3369s  rate=4.3/s  eta=19900s  finite=4861
  [14490/100000]  elapsed=3372s  rate=4.3/s  eta=19897s  finite=4863
  [14500/100000]  elapsed=3374s  rate=4.3/s  eta=19894s  finite=4863
  -> checkpoint saved: /scratch/e1498138/paper/ext/emri_g/lhs_f/ckpt_014500.pkl
  [14510/100000]  elapsed=3376s  rate=4.3/s  eta=19891s  finite=4865
  [14520/100000]  elapsed=3378s  rate=4.3/s  eta=19889s  finite=4868
  [14530/100000]  elapsed=3381s  rate=4.3/s  eta=19886s  finite=4872
  [warn] sample 2 failed: 
  [warn] sample 8 failed: 
  [14540/100000]  elapsed=3383s  rate=4.3/s  eta=19882s  finite=4873
  [14550/100000]  elapsed=3385s  rate=4.3/s  eta=19879s  finite=4876
  [warn] sample 7 failed: This a (0.30494385), p0 (13.770855) and e0 (0.8931705000000001) combination is outside of our domain of validity.
  [14560/100000]  elapsed=3387s  rate=4.3/s  eta=19876s  finite=4878
  [warn] sample 5 failed: 
  [14570/100000]  elapsed=3389s  rate=4.3/s  eta=19873s  finite=4882
  [warn] sample 0 failed: 
  [14580/100000]  elapsed=3391s  rate=4.3/s  eta=19869s  finite=4886
  [14590/100000]  elapsed=3394s  rate=4.3/s  eta=19868s  finite=4891
  [14600/100000]  elapsed=3396s  rate=4.3/s  eta=19865s  finite=4897
  -> checkpoint saved: /scratch/e1498138/paper/ext/emri_g/lhs_f/ckpt_014600.pkl
  [14610/100000]  elapsed=3398s  rate=4.3/s  eta=19863s  finite=4899
  [14620/100000]  elapsed=3401s  rate=4.3/s  eta=19860s  finite=4901
  [warn] sample 2 failed: 
  [14630/100000]  elapsed=3403s  rate=4.3/s  eta=19857s  finite=4902
  [14640/100000]  elapsed=3405s  rate=4.3/s  eta=19854s  finite=4907
  [14650/100000]  elapsed=3408s  rate=4.3/s  eta=19852s  finite=4911
  [14660/100000]  elapsed=3410s  rate=4.3/s  eta=19850s  finite=4914
  [14670/100000]  elapsed=3412s  rate=4.3/s  eta=19847s  finite=4917
  [14680/100000]  elapsed=3414s  rate=4.3/s  eta=19844s  finite=4918
  [14690/100000]  elapsed=3417s  rate=4.3/s  eta=19841s  finite=4920
  [14700/100000]  elapsed=3419s  rate=4.3/s  eta=19838s  finite=4922
  -> checkpoint saved: /scratch/e1498138/paper/ext/emri_g/lhs_f/ckpt_014700.pkl
  [warn] sample 9 failed: 
  [14710/100000]  elapsed=3421s  rate=4.3/s  eta=19835s  finite=4925
  [warn] sample 7 failed: 
  [14720/100000]  elapsed=3423s  rate=4.3/s  eta=19832s  finite=4929
  [14730/100000]  elapsed=3425s  rate=4.3/s  eta=19830s  finite=4932
  [14740/100000]  elapsed=3428s  rate=4.3/s  eta=19827s  finite=4936
  [14750/100000]  elapsed=3430s  rate=4.3/s  eta=19825s  finite=4943
  [14760/100000]  elapsed=3433s  rate=4.3/s  eta=19823s  finite=4950
  [14770/100000]  elapsed=3435s  rate=4.3/s  eta=19821s  finite=4952
  [warn] sample 2 failed: 
  [14780/100000]  elapsed=3437s  rate=4.3/s  eta=19818s  finite=4955
  [warn] sample 9 failed: 
  [14790/100000]  elapsed=3439s  rate=4.3/s  eta=19814s  finite=4959
  [14800/100000]  elapsed=3441s  rate=4.3/s  eta=19811s  finite=4959
  -> checkpoint saved: /scratch/e1498138/paper/ext/emri_g/lhs_f/ckpt_014800.pkl
  [14810/100000]  elapsed=3444s  rate=4.3/s  eta=19809s  finite=4964
  [14820/100000]  elapsed=3446s  rate=4.3/s  eta=19806s  finite=4966
  [14830/100000]  elapsed=3448s  rate=4.3/s  eta=19804s  finite=4972
  [14840/100000]  elapsed=3451s  rate=4.3/s  eta=19801s  finite=4975
  [14850/100000]  elapsed=3453s  rate=4.3/s  eta=19798s  finite=4979
  [warn] sample 4 failed: 
  [14860/100000]  elapsed=3455s  rate=4.3/s  eta=19795s  finite=4984
  [14870/100000]  elapsed=3457s  rate=4.3/s  eta=19792s  finite=4986
  [14880/100000]  elapsed=3459s  rate=4.3/s  eta=19790s  finite=4989
  [14890/100000]  elapsed=3462s  rate=4.3/s  eta=19787s  finite=4991
  [14900/100000]  elapsed=3464s  rate=4.3/s  eta=19785s  finite=4993
  -> checkpoint saved: /scratch/e1498138/paper/ext/emri_g/lhs_f/ckpt_014900.pkl
  [14910/100000]  elapsed=3466s  rate=4.3/s  eta=19782s  finite=4996
  [14920/100000]  elapsed=3469s  rate=4.3/s  eta=19779s  finite=4997
  [14930/100000]  elapsed=3471s  rate=4.3/s  eta=19776s  finite=4999
  [14940/100000]  elapsed=3473s  rate=4.3/s  eta=19774s  finite=5002
  [14950/100000]  elapsed=3475s  rate=4.3/s  eta=19772s  finite=5006
  [14960/100000]  elapsed=3478s  rate=4.3/s  eta=19769s  finite=5009
  [14970/100000]  elapsed=3480s  rate=4.3/s  eta=19768s  finite=5012
  [warn] sample 9 failed: 
  [14980/100000]  elapsed=3482s  rate=4.3/s  eta=19764s  finite=5014
  [14990/100000]  elapsed=3485s  rate=4.3/s  eta=19762s  finite=5017
  [15000/100000]  elapsed=3487s  rate=4.3/s  eta=19759s  finite=5018
  -> checkpoint saved: /scratch/e1498138/paper/ext/emri_g/lhs_f/ckpt_015000.pkl
  [15010/100000]  elapsed=3489s  rate=4.3/s  eta=19756s  finite=5020
  [warn] sample 6 failed: 
  [15020/100000]  elapsed=3491s  rate=4.3/s  eta=19753s  finite=5023
  [15030/100000]  elapsed=3494s  rate=4.3/s  eta=19750s  finite=5026
  [warn] sample 4 failed: This a (0.34814475), p0 (13.934295) and e0 (0.8960445) combination is outside of our domain of validity.
  [15040/100000]  elapsed=3496s  rate=4.3/s  eta=19747s  finite=5031
  [15050/100000]  elapsed=3498s  rate=4.3/s  eta=19744s  finite=5033
  [15060/100000]  elapsed=3500s  rate=4.3/s  eta=19741s  finite=5035
  [warn] sample 4 failed: This a (0.44849835), p0 (13.654005) and e0 (0.8974035) combination is outside of our domain of validity.
  [15070/100000]  elapsed=3502s  rate=4.3/s  eta=19738s  finite=5039
  [15080/100000]  elapsed=3505s  rate=4.3/s  eta=19737s  finite=5045
  [15090/100000]  elapsed=3507s  rate=4.3/s  eta=19735s  finite=5050
  [15100/100000]  elapsed=3510s  rate=4.3/s  eta=19733s  finite=5053
  -> checkpoint saved: /scratch/e1498138/paper/ext/emri_g/lhs_f/ckpt_015100.pkl
  [warn] sample 5 failed: This a (0.38060235), p0 (14.657775) and e0 (0.8974455000000001) combination is outside of our domain of validity.
  [15110/100000]  elapsed=3512s  rate=4.3/s  eta=19729s  finite=5054
  [warn] sample 9 failed: This a (0.31324455), p0 (13.981125) and e0 (0.8965245000000001) combination is outside of our domain of validity.
  [15120/100000]  elapsed=3514s  rate=4.3/s  eta=19726s  finite=5058
  [warn] sample 4 failed: 
  [15130/100000]  elapsed=3516s  rate=4.3/s  eta=19723s  finite=5060
  [15140/100000]  elapsed=3518s  rate=4.3/s  eta=19720s  finite=5062
  [15150/100000]  elapsed=3521s  rate=4.3/s  eta=19718s  finite=5064
  [15160/100000]  elapsed=3523s  rate=4.3/s  eta=19715s  finite=5067
  [15170/100000]  elapsed=3525s  rate=4.3/s  eta=19713s  finite=5071
  [15180/100000]  elapsed=3528s  rate=4.3/s  eta=19710s  finite=5073
  [15190/100000]  elapsed=3530s  rate=4.3/s  eta=19710s  finite=5077
  [15200/100000]  elapsed=3532s  rate=4.3/s  eta=19707s  finite=5080
  -> checkpoint saved: /scratch/e1498138/paper/ext/emri_g/lhs_f/ckpt_015200.pkl
  [15210/100000]  elapsed=3535s  rate=4.3/s  eta=19705s  finite=5083
  [warn] sample 2 failed: 
  [warn] sample 3 failed: This a (0.39174584999999995), p0 (14.068095) and e0 (0.8943015000000001) combination is outside of our domain of validity.
  [15220/100000]  elapsed=3537s  rate=4.3/s  eta=19700s  finite=5084
  [warn] sample 1 failed: 
  [15230/100000]  elapsed=3539s  rate=4.3/s  eta=19698s  finite=5090
  [warn] sample 8 failed: 
  [15240/100000]  elapsed=3541s  rate=4.3/s  eta=19694s  finite=5092
  [15250/100000]  elapsed=3543s  rate=4.3/s  eta=19691s  finite=5097
  [15260/100000]  elapsed=3546s  rate=4.3/s  eta=19689s  finite=5101
  [warn] sample 6 failed: 
  [15270/100000]  elapsed=3548s  rate=4.3/s  eta=19687s  finite=5105
  [15280/100000]  elapsed=3550s  rate=4.3/s  eta=19685s  finite=5111
  [15290/100000]  elapsed=3553s  rate=4.3/s  eta=19683s  finite=5115
  [warn] sample 2 failed: 
  [warn] sample 8 failed: 
  [15300/100000]  elapsed=3555s  rate=4.3/s  eta=19679s  finite=5117
  -> checkpoint saved: /scratch/e1498138/paper/ext/emri_g/lhs_f/ckpt_015300.pkl
  [warn] sample 1 failed: 
  [15310/100000]  elapsed=3557s  rate=4.3/s  eta=19676s  finite=5120
  [15320/100000]  elapsed=3559s  rate=4.3/s  eta=19673s  finite=5126
  [15330/100000]  elapsed=3562s  rate=4.3/s  eta=19672s  finite=5132
  [15340/100000]  elapsed=3564s  rate=4.3/s  eta=19669s  finite=5136
  [15350/100000]  elapsed=3566s  rate=4.3/s  eta=19666s  finite=5137
  [15360/100000]  elapsed=3569s  rate=4.3/s  eta=19664s  finite=5138
  [15370/100000]  elapsed=3571s  rate=4.3/s  eta=19661s  finite=5141
  [15380/100000]  elapsed=3573s  rate=4.3/s  eta=19659s  finite=5144
  [15390/100000]  elapsed=3575s  rate=4.3/s  eta=19657s  finite=5149
  [15400/100000]  elapsed=3578s  rate=4.3/s  eta=19655s  finite=5152
  -> checkpoint saved: /scratch/e1498138/paper/ext/emri_g/lhs_f/ckpt_015400.pkl
  [warn] sample 0 failed: 
  [15410/100000]  elapsed=3580s  rate=4.3/s  eta=19652s  finite=5156
  [15420/100000]  elapsed=3582s  rate=4.3/s  eta=19650s  finite=5161
  [warn] sample 8 failed: This a (0.38676404999999997), p0 (14.001765) and e0 (0.8914785000000001) combination is outside of our domain of validity.
  [15430/100000]  elapsed=3585s  rate=4.3/s  eta=19647s  finite=5165
  [15440/100000]  elapsed=3587s  rate=4.3/s  eta=19644s  finite=5170
  [15450/100000]  elapsed=3589s  rate=4.3/s  eta=19642s  finite=5172
  [warn] sample 5 failed: 
  [15460/100000]  elapsed=3591s  rate=4.3/s  eta=19639s  finite=5175
  [warn] sample 3 failed: This a (0.47511855), p0 (14.008455) and e0 (0.8978565000000001) combination is outside of our domain of validity.
  [15470/100000]  elapsed=3594s  rate=4.3/s  eta=19636s  finite=5177
  [15480/100000]  elapsed=3596s  rate=4.3/s  eta=19633s  finite=5181
  [15490/100000]  elapsed=3598s  rate=4.3/s  eta=19631s  finite=5185
  [15500/100000]  elapsed=3601s  rate=4.3/s  eta=19629s  finite=5191
  -> checkpoint saved: /scratch/e1498138/paper/ext/emri_g/lhs_f/ckpt_015500.pkl
  [15510/100000]  elapsed=3603s  rate=4.3/s  eta=19627s  finite=5198
  [15520/100000]  elapsed=3605s  rate=4.3/s  eta=19625s  finite=5201
  [15530/100000]  elapsed=3608s  rate=4.3/s  eta=19624s  finite=5205
  [warn] sample 7 failed: 
  [15540/100000]  elapsed=3610s  rate=4.3/s  eta=19620s  finite=5207
  [warn] sample 8 failed: 
  [15550/100000]  elapsed=3612s  rate=4.3/s  eta=19616s  finite=5208
  [15560/100000]  elapsed=3614s  rate=4.3/s  eta=19614s  finite=5213
  [15570/100000]  elapsed=3617s  rate=4.3/s  eta=19611s  finite=5218
  [warn] sample 4 failed: 
  [warn] sample 9 failed: 
  [15580/100000]  elapsed=3619s  rate=4.3/s  eta=19608s  finite=5222
  [warn] sample 5 failed: This a (0.34474305), p0 (13.874415) and e0 (0.8895975) combination is outside of our domain of validity.
  [warn] sample 7 failed: 
  [15590/100000]  elapsed=3621s  rate=4.3/s  eta=19604s  finite=5228
  [15600/100000]  elapsed=3623s  rate=4.3/s  eta=19601s  finite=5232
  -> checkpoint saved: /scratch/e1498138/paper/ext/emri_g/lhs_f/ckpt_015600.pkl
  [15610/100000]  elapsed=3625s  rate=4.3/s  eta=19599s  finite=5234
  [warn] sample 2 failed: 
  [15620/100000]  elapsed=3627s  rate=4.3/s  eta=19595s  finite=5235
  [warn] sample 4 failed: This a (0.31527315), p0 (13.531995) and e0 (0.8925765000000001) combination is outside of our domain of validity.
  [warn] sample 9 failed: 
  [15630/100000]  elapsed=3629s  rate=4.3/s  eta=19591s  finite=5239
  [warn] sample 6 failed: 
  [15640/100000]  elapsed=3631s  rate=4.3/s  eta=19587s  finite=5243
  [warn] sample 8 failed: 
  [15650/100000]  elapsed=3634s  rate=4.3/s  eta=19584s  finite=5245
  [15660/100000]  elapsed=3636s  rate=4.3/s  eta=19582s  finite=5250
  [15670/100000]  elapsed=3638s  rate=4.3/s  eta=19580s  finite=5253
  [warn] sample 1 failed: This a (0.33895395), p0 (14.096205) and e0 (0.8946285) combination is outside of our domain of validity.
  [15680/100000]  elapsed=3640s  rate=4.3/s  eta=19576s  finite=5256
  [15690/100000]  elapsed=3643s  rate=4.3/s  eta=19573s  finite=5258
  [15700/100000]  elapsed=3645s  rate=4.3/s  eta=19571s  finite=5262
  -> checkpoint saved: /scratch/e1498138/paper/ext/emri_g/lhs_f/ckpt_015700.pkl
  [15710/100000]  elapsed=3647s  rate=4.3/s  eta=19569s  finite=5266
  [15720/100000]  elapsed=3650s  rate=4.3/s  eta=19567s  finite=5270
  [warn] sample 1 failed: 
  [15730/100000]  elapsed=3652s  rate=4.3/s  eta=19563s  finite=5273
  [15740/100000]  elapsed=3654s  rate=4.3/s  eta=19560s  finite=5274
  [15750/100000]  elapsed=3656s  rate=4.3/s  eta=19558s  finite=5276
  [15760/100000]  elapsed=3658s  rate=4.3/s  eta=19555s  finite=5279
  [15770/100000]  elapsed=3661s  rate=4.3/s  eta=19553s  finite=5283
  [15780/100000]  elapsed=3663s  rate=4.3/s  eta=19550s  finite=5286
  [warn] sample 8 failed: 
  [15790/100000]  elapsed=3665s  rate=4.3/s  eta=19547s  finite=5288
  [15800/100000]  elapsed=3668s  rate=4.3/s  eta=19545s  finite=5290
  -> checkpoint saved: /scratch/e1498138/paper/ext/emri_g/lhs_f/ckpt_015800.pkl
  [warn] sample 5 failed: 
  [15810/100000]  elapsed=3670s  rate=4.3/s  eta=19541s  finite=5294
  [warn] sample 9 failed: 
  [15820/100000]  elapsed=3672s  rate=4.3/s  eta=19538s  finite=5298
  [15830/100000]  elapsed=3674s  rate=4.3/s  eta=19536s  finite=5301
  [warn] sample 5 failed: 
  [15840/100000]  elapsed=3676s  rate=4.3/s  eta=19533s  finite=5303
  [warn] sample 2 failed: 
  [15850/100000]  elapsed=3678s  rate=4.3/s  eta=19529s  finite=5304
  [15860/100000]  elapsed=3681s  rate=4.3/s  eta=19527s  finite=5307
  [warn] sample 0 failed: 
  [15870/100000]  elapsed=3683s  rate=4.3/s  eta=19524s  finite=5313
  [15880/100000]  elapsed=3685s  rate=4.3/s  eta=19522s  finite=5317
  [warn] sample 0 failed: 
  [15890/100000]  elapsed=3688s  rate=4.3/s  eta=19519s  finite=5322
  [15900/100000]  elapsed=3690s  rate=4.3/s  eta=19517s  finite=5326
  -> checkpoint saved: /scratch/e1498138/paper/ext/emri_g/lhs_f/ckpt_015900.pkl
  [15910/100000]  elapsed=3692s  rate=4.3/s  eta=19514s  finite=5329
  [warn] sample 8 failed: 
  [15920/100000]  elapsed=3694s  rate=4.3/s  eta=19511s  finite=5333
  [15930/100000]  elapsed=3697s  rate=4.3/s  eta=19509s  finite=5336
  [15940/100000]  elapsed=3699s  rate=4.3/s  eta=19506s  finite=5340
  [warn] sample 5 failed: 
  [15950/100000]  elapsed=3701s  rate=4.3/s  eta=19503s  finite=5345
  [15960/100000]  elapsed=3703s  rate=4.3/s  eta=19500s  finite=5346
  [15970/100000]  elapsed=3706s  rate=4.3/s  eta=19498s  finite=5349
  [15980/100000]  elapsed=3708s  rate=4.3/s  eta=19497s  finite=5354
  [15990/100000]  elapsed=3711s  rate=4.3/s  eta=19495s  finite=5356
  [16000/100000]  elapsed=3713s  rate=4.3/s  eta=19492s  finite=5360
  -> checkpoint saved: /scratch/e1498138/paper/ext/emri_g/lhs_f/ckpt_016000.pkl
  [16010/100000]  elapsed=3715s  rate=4.3/s  eta=19489s  finite=5363
  [16020/100000]  elapsed=3717s  rate=4.3/s  eta=19487s  finite=5364
  [warn] sample 0 failed: 
  [warn] sample 4 failed: 
  [16030/100000]  elapsed=3719s  rate=4.3/s  eta=19483s  finite=5369
  [16040/100000]  elapsed=3722s  rate=4.3/s  eta=19480s  finite=5372
  [16050/100000]  elapsed=3724s  rate=4.3/s  eta=19478s  finite=5376
  [16060/100000]  elapsed=3726s  rate=4.3/s  eta=19476s  finite=5380
  [16070/100000]  elapsed=3728s  rate=4.3/s  eta=19473s  finite=5381
  [16080/100000]  elapsed=3731s  rate=4.3/s  eta=19471s  finite=5385
  [warn] sample 3 failed: 
  [16090/100000]  elapsed=3733s  rate=4.3/s  eta=19469s  finite=5388
  [16100/100000]  elapsed=3736s  rate=4.3/s  eta=19466s  finite=5393
  -> checkpoint saved: /scratch/e1498138/paper/ext/emri_g/lhs_f/ckpt_016100.pkl
  [16110/100000]  elapsed=3738s  rate=4.3/s  eta=19464s  finite=5395
  [16120/100000]  elapsed=3740s  rate=4.3/s  eta=19462s  finite=5400
  [16130/100000]  elapsed=3743s  rate=4.3/s  eta=19460s  finite=5402
  [warn] sample 5 failed: 
  [16140/100000]  elapsed=3745s  rate=4.3/s  eta=19457s  finite=5404
  [16150/100000]  elapsed=3747s  rate=4.3/s  eta=19454s  finite=5406
  [16160/100000]  elapsed=3749s  rate=4.3/s  eta=19452s  finite=5408
  [warn] sample 5 failed: This a (0.45726135), p0 (14.480745) and e0 (0.8993055000000001) combination is outside of our domain of validity.
  [16170/100000]  elapsed=3751s  rate=4.3/s  eta=19448s  finite=5412
  [warn] sample 3 failed: 
  [16180/100000]  elapsed=3754s  rate=4.3/s  eta=19446s  finite=5415
  [warn] sample 6 failed: 
  [16190/100000]  elapsed=3756s  rate=4.3/s  eta=19444s  finite=5421
  [16200/100000]  elapsed=3758s  rate=4.3/s  eta=19442s  finite=5424
  -> checkpoint saved: /scratch/e1498138/paper/ext/emri_g/lhs_f/ckpt_016200.pkl
  [16210/100000]  elapsed=3761s  rate=4.3/s  eta=19439s  finite=5427
  [warn] sample 4 failed: 
  [16220/100000]  elapsed=3763s  rate=4.3/s  eta=19436s  finite=5432
  [16230/100000]  elapsed=3765s  rate=4.3/s  eta=19433s  finite=5435
  [16240/100000]  elapsed=3768s  rate=4.3/s  eta=19432s  finite=5440
  [16250/100000]  elapsed=3770s  rate=4.3/s  eta=19429s  finite=5441
  [16260/100000]  elapsed=3772s  rate=4.3/s  eta=19428s  finite=5445
  [warn] sample 4 failed: This a (0.34239705), p0 (14.256765) and e0 (0.8988795) combination is outside of our domain of validity.
  [16270/100000]  elapsed=3775s  rate=4.3/s  eta=19425s  finite=5447
  [16280/100000]  elapsed=3777s  rate=4.3/s  eta=19422s  finite=5450
  [16290/100000]  elapsed=3779s  rate=4.3/s  eta=19420s  finite=5453
  [16300/100000]  elapsed=3781s  rate=4.3/s  eta=19418s  finite=5457
  -> checkpoint saved: /scratch/e1498138/paper/ext/emri_g/lhs_f/ckpt_016300.pkl
  [16310/100000]  elapsed=3784s  rate=4.3/s  eta=19416s  finite=5461
  [16320/100000]  elapsed=3786s  rate=4.3/s  eta=19413s  finite=5464
  [warn] sample 5 failed: 
  [16330/100000]  elapsed=3788s  rate=4.3/s  eta=19410s  finite=5468
  [warn] sample 5 failed: 
  [16340/100000]  elapsed=3791s  rate=4.3/s  eta=19408s  finite=5472
  [16350/100000]  elapsed=3793s  rate=4.3/s  eta=19406s  finite=5477
  [16360/100000]  elapsed=3795s  rate=4.3/s  eta=19403s  finite=5479
  [16370/100000]  elapsed=3798s  rate=4.3/s  eta=19401s  finite=5481
  [16380/100000]  elapsed=3800s  rate=4.3/s  eta=19400s  finite=5485
  [16390/100000]  elapsed=3802s  rate=4.3/s  eta=19397s  finite=5490
  [16400/100000]  elapsed=3805s  rate=4.3/s  eta=19395s  finite=5492
  -> checkpoint saved: /scratch/e1498138/paper/ext/emri_g/lhs_f/ckpt_016400.pkl
  [16410/100000]  elapsed=3807s  rate=4.3/s  eta=19393s  finite=5494
  [16420/100000]  elapsed=3810s  rate=4.3/s  eta=19391s  finite=5499
  [16430/100000]  elapsed=3812s  rate=4.3/s  eta=19388s  finite=5503
  [16440/100000]  elapsed=3814s  rate=4.3/s  eta=19386s  finite=5507
  [16450/100000]  elapsed=3816s  rate=4.3/s  eta=19383s  finite=5510
  [16460/100000]  elapsed=3819s  rate=4.3/s  eta=19381s  finite=5513
  [16470/100000]  elapsed=3821s  rate=4.3/s  eta=19379s  finite=5515
  [warn] sample 7 failed: This a (0.49318965000000003), p0 (13.737585) and e0 (0.8996895) combination is outside of our domain of validity.
  [16480/100000]  elapsed=3823s  rate=4.3/s  eta=19375s  finite=5515
  [16490/100000]  elapsed=3825s  rate=4.3/s  eta=19372s  finite=5516
  [16500/100000]  elapsed=3828s  rate=4.3/s  eta=19370s  finite=5522
  -> checkpoint saved: /scratch/e1498138/paper/ext/emri_g/lhs_f/ckpt_016500.pkl
  [16510/100000]  elapsed=3830s  rate=4.3/s  eta=19367s  finite=5526
  [16520/100000]  elapsed=3832s  rate=4.3/s  eta=19366s  finite=5533
  [16530/100000]  elapsed=3835s  rate=4.3/s  eta=19364s  finite=5538
  [16540/100000]  elapsed=3837s  rate=4.3/s  eta=19362s  finite=5542
  [16550/100000]  elapsed=3839s  rate=4.3/s  eta=19360s  finite=5545
  [16560/100000]  elapsed=3842s  rate=4.3/s  eta=19357s  finite=5548
  [16570/100000]  elapsed=3844s  rate=4.3/s  eta=19355s  finite=5552
  [16580/100000]  elapsed=3847s  rate=4.3/s  eta=19353s  finite=5556
  [16590/100000]  elapsed=3849s  rate=4.3/s  eta=19351s  finite=5561
  [warn] sample 5 failed: 
  [16600/100000]  elapsed=3851s  rate=4.3/s  eta=19347s  finite=5565
  -> checkpoint saved: /scratch/e1498138/paper/ext/emri_g/lhs_f/ckpt_016600.pkl
  [warn] sample 9 failed: This a (0.37283295), p0 (13.712325) and e0 (0.8904645) combination is outside of our domain of validity.
  [16610/100000]  elapsed=3853s  rate=4.3/s  eta=19343s  finite=5568
  [warn] sample 8 failed: 
  [16620/100000]  elapsed=3855s  rate=4.3/s  eta=19340s  finite=5571
  [16630/100000]  elapsed=3857s  rate=4.3/s  eta=19338s  finite=5577
  [16640/100000]  elapsed=3860s  rate=4.3/s  eta=19335s  finite=5579
  [16650/100000]  elapsed=3862s  rate=4.3/s  eta=19334s  finite=5584
  [warn] sample 0 failed: 
  [16660/100000]  elapsed=3864s  rate=4.3/s  eta=19331s  finite=5586
  [16670/100000]  elapsed=3867s  rate=4.3/s  eta=19328s  finite=5587
  [warn] sample 1 failed: 
  [16680/100000]  elapsed=3869s  rate=4.3/s  eta=19326s  finite=5591
  [16690/100000]  elapsed=3871s  rate=4.3/s  eta=19323s  finite=5593
  [16700/100000]  elapsed=3874s  rate=4.3/s  eta=19321s  finite=5599
  -> checkpoint saved: /scratch/e1498138/paper/ext/emri_g/lhs_f/ckpt_016700.pkl
  [16710/100000]  elapsed=3876s  rate=4.3/s  eta=19320s  finite=5602
  [warn] sample 3 failed: 
  [16720/100000]  elapsed=3878s  rate=4.3/s  eta=19317s  finite=5607
  [16730/100000]  elapsed=3881s  rate=4.3/s  eta=19315s  finite=5611
  [warn] sample 5 failed: 
  [16740/100000]  elapsed=3883s  rate=4.3/s  eta=19313s  finite=5616
  [16750/100000]  elapsed=3885s  rate=4.3/s  eta=19310s  finite=5619
  [warn] sample 2 failed: 
  [16760/100000]  elapsed=3888s  rate=4.3/s  eta=19308s  finite=5622
  [16770/100000]  elapsed=3890s  rate=4.3/s  eta=19305s  finite=5625
  [16780/100000]  elapsed=3892s  rate=4.3/s  eta=19302s  finite=5628
  [16790/100000]  elapsed=3895s  rate=4.3/s  eta=19301s  finite=5632
  [16800/100000]  elapsed=3897s  rate=4.3/s  eta=19299s  finite=5636
  -> checkpoint saved: /scratch/e1498138/paper/ext/emri_g/lhs_f/ckpt_016800.pkl
  [16810/100000]  elapsed=3899s  rate=4.3/s  eta=19297s  finite=5640
  [16820/100000]  elapsed=3902s  rate=4.3/s  eta=19295s  finite=5643
  [16830/100000]  elapsed=3904s  rate=4.3/s  eta=19292s  finite=5647
  [16840/100000]  elapsed=3906s  rate=4.3/s  eta=19290s  finite=5653
  [warn] sample 1 failed: 
  [warn] sample 2 failed: This a (0.37997444999999996), p0 (14.100645) and e0 (0.8954385) combination is outside of our domain of validity.
  [16850/100000]  elapsed=3908s  rate=4.3/s  eta=19286s  finite=5657
  [16860/100000]  elapsed=3911s  rate=4.3/s  eta=19285s  finite=5662
  [16870/100000]  elapsed=3913s  rate=4.3/s  eta=19283s  finite=5669
  [16880/100000]  elapsed=3915s  rate=4.3/s  eta=19280s  finite=5672
  [16890/100000]  elapsed=3918s  rate=4.3/s  eta=19277s  finite=5676
  [16900/100000]  elapsed=3920s  rate=4.3/s  eta=19274s  finite=5680
  -> checkpoint saved: /scratch/e1498138/paper/ext/emri_g/lhs_f/ckpt_016900.pkl
  [warn] sample 3 failed: 
  [warn] sample 5 failed: 
  [16910/100000]  elapsed=3922s  rate=4.3/s  eta=19270s  finite=5684
  [16920/100000]  elapsed=3924s  rate=4.3/s  eta=19268s  finite=5688
  [16930/100000]  elapsed=3926s  rate=4.3/s  eta=19266s  finite=5691
  [16940/100000]  elapsed=3929s  rate=4.3/s  eta=19264s  finite=5695
  [16950/100000]  elapsed=3932s  rate=4.3/s  eta=19263s  finite=5698
  [16960/100000]  elapsed=3934s  rate=4.3/s  eta=19261s  finite=5702
  [16970/100000]  elapsed=3936s  rate=4.3/s  eta=19259s  finite=5706
  [16980/100000]  elapsed=3939s  rate=4.3/s  eta=19257s  finite=5709
  [16990/100000]  elapsed=3941s  rate=4.3/s  eta=19254s  finite=5710
  [17000/100000]  elapsed=3943s  rate=4.3/s  eta=19252s  finite=5713
  -> checkpoint saved: /scratch/e1498138/paper/ext/emri_g/lhs_f/ckpt_017000.pkl
  [17010/100000]  elapsed=3946s  rate=4.3/s  eta=19251s  finite=5718
  [17020/100000]  elapsed=3948s  rate=4.3/s  eta=19249s  finite=5723
  [17030/100000]  elapsed=3950s  rate=4.3/s  eta=19247s  finite=5726
  [17040/100000]  elapsed=3953s  rate=4.3/s  eta=19245s  finite=5731
  [warn] sample 2 failed: This a (0.33041865), p0 (14.303445) and e0 (0.8956605) combination is outside of our domain of validity.
  [17050/100000]  elapsed=3955s  rate=4.3/s  eta=19241s  finite=5735
  [17060/100000]  elapsed=3957s  rate=4.3/s  eta=19239s  finite=5740
  [warn] sample 1 failed: This a (0.42523845), p0 (13.776885) and e0 (0.8936775) combination is outside of our domain of validity.
  [17070/100000]  elapsed=3959s  rate=4.3/s  eta=19236s  finite=5742
  [warn] sample 5 failed: 
  [17080/100000]  elapsed=3962s  rate=4.3/s  eta=19233s  finite=5747
  [17090/100000]  elapsed=3964s  rate=4.3/s  eta=19230s  finite=5748
  [17100/100000]  elapsed=3966s  rate=4.3/s  eta=19228s  finite=5752
  -> checkpoint saved: /scratch/e1498138/paper/ext/emri_g/lhs_f/ckpt_017100.pkl
  [17110/100000]  elapsed=3968s  rate=4.3/s  eta=19225s  finite=5754
  [17120/100000]  elapsed=3971s  rate=4.3/s  eta=19223s  finite=5757
  [17130/100000]  elapsed=3973s  rate=4.3/s  eta=19220s  finite=5758
  [17140/100000]  elapsed=3975s  rate=4.3/s  eta=19217s  finite=5760
  [17150/100000]  elapsed=3977s  rate=4.3/s  eta=19214s  finite=5763
  [warn] sample 0 failed: 
  [17160/100000]  elapsed=3980s  rate=4.3/s  eta=19212s  finite=5766
  [17170/100000]  elapsed=3982s  rate=4.3/s  eta=19209s  finite=5770
  [17180/100000]  elapsed=3984s  rate=4.3/s  eta=19207s  finite=5772
  [17190/100000]  elapsed=3986s  rate=4.3/s  eta=19204s  finite=5775
  [17200/100000]  elapsed=3989s  rate=4.3/s  eta=19202s  finite=5778
  -> checkpoint saved: /scratch/e1498138/paper/ext/emri_g/lhs_f/ckpt_017200.pkl
  [17210/100000]  elapsed=3991s  rate=4.3/s  eta=19200s  finite=5781
  [warn] sample 8 failed: This a (0.36894825), p0 (13.825125) and e0 (0.8927055) combination is outside of our domain of validity.
  [17220/100000]  elapsed=3993s  rate=4.3/s  eta=19197s  finite=5785
  [17230/100000]  elapsed=3996s  rate=4.3/s  eta=19195s  finite=5789
  [warn] sample 0 failed: 
  [warn] sample 2 failed: 
  [17240/100000]  elapsed=3998s  rate=4.3/s  eta=19191s  finite=5793
  [17250/100000]  elapsed=4000s  rate=4.3/s  eta=19189s  finite=5794
  [warn] sample 7 failed: 
  [17260/100000]  elapsed=4002s  rate=4.3/s  eta=19186s  finite=5798
  [17270/100000]  elapsed=4005s  rate=4.3/s  eta=19184s  finite=5804
  [warn] sample 1 failed: 
  [17280/100000]  elapsed=4007s  rate=4.3/s  eta=19181s  finite=5807
  [17290/100000]  elapsed=4009s  rate=4.3/s  eta=19179s  finite=5810
  [17300/100000]  elapsed=4012s  rate=4.3/s  eta=19177s  finite=5813
  -> checkpoint saved: /scratch/e1498138/paper/ext/emri_g/lhs_f/ckpt_017300.pkl
  [17310/100000]  elapsed=4014s  rate=4.3/s  eta=19174s  finite=5820
  [17320/100000]  elapsed=4016s  rate=4.3/s  eta=19171s  finite=5826
  [17330/100000]  elapsed=4018s  rate=4.3/s  eta=19168s  finite=5829
  [17340/100000]  elapsed=4021s  rate=4.3/s  eta=19166s  finite=5832
  [17350/100000]  elapsed=4023s  rate=4.3/s  eta=19164s  finite=5835
  [17360/100000]  elapsed=4025s  rate=4.3/s  eta=19161s  finite=5838
  [17370/100000]  elapsed=4027s  rate=4.3/s  eta=19159s  finite=5842
  [warn] sample 0 failed: 
  [warn] sample 5 failed: 
  [17380/100000]  elapsed=4030s  rate=4.3/s  eta=19155s  finite=5843
  [17390/100000]  elapsed=4032s  rate=4.3/s  eta=19153s  finite=5848
  [warn] sample 3 failed: This a (0.50716215), p0 (13.747605) and e0 (0.8935155) combination is outside of our domain of validity.
  [17400/100000]  elapsed=4034s  rate=4.3/s  eta=19150s  finite=5852
  -> checkpoint saved: /scratch/e1498138/paper/ext/emri_g/lhs_f/ckpt_017400.pkl
  [17410/100000]  elapsed=4036s  rate=4.3/s  eta=19147s  finite=5856
  [17420/100000]  elapsed=4039s  rate=4.3/s  eta=19145s  finite=5858
  [warn] sample 8 failed: 
  [17430/100000]  elapsed=4041s  rate=4.3/s  eta=19141s  finite=5859
  [17440/100000]  elapsed=4043s  rate=4.3/s  eta=19139s  finite=5861
  [17450/100000]  elapsed=4045s  rate=4.3/s  eta=19136s  finite=5863
  [warn] sample 7 failed: 
  [17460/100000]  elapsed=4047s  rate=4.3/s  eta=19132s  finite=5865
  [17470/100000]  elapsed=4049s  rate=4.3/s  eta=19130s  finite=5868
  [17480/100000]  elapsed=4052s  rate=4.3/s  eta=19128s  finite=5875
  [warn] sample 4 failed: This a (0.43650615), p0 (13.864365) and e0 (0.8909535000000001) combination is outside of our domain of validity.
  [17490/100000]  elapsed=4054s  rate=4.3/s  eta=19125s  finite=5879
  [17500/100000]  elapsed=4056s  rate=4.3/s  eta=19122s  finite=5879
  -> checkpoint saved: /scratch/e1498138/paper/ext/emri_g/lhs_f/ckpt_017500.pkl
  [17510/100000]  elapsed=4059s  rate=4.3/s  eta=19121s  finite=5882
  [17520/100000]  elapsed=4061s  rate=4.3/s  eta=19118s  finite=5886
  [warn] sample 7 failed: 
  [17530/100000]  elapsed=4063s  rate=4.3/s  eta=19115s  finite=5889
  [17540/100000]  elapsed=4065s  rate=4.3/s  eta=19113s  finite=5892
  [17550/100000]  elapsed=4068s  rate=4.3/s  eta=19111s  finite=5895
  [warn] sample 8 failed: 
  [17560/100000]  elapsed=4070s  rate=4.3/s  eta=19108s  finite=5895
  [warn] sample 2 failed: 
  [17570/100000]  elapsed=4072s  rate=4.3/s  eta=19104s  finite=5899
  [warn] sample 1 failed: This a (0.34214865), p0 (14.285145) and e0 (0.8967585) combination is outside of our domain of validity.
  [17580/100000]  elapsed=4074s  rate=4.3/s  eta=19101s  finite=5903
  [warn] sample 8 failed: This a (0.33586965), p0 (13.646625) and e0 (0.8938395) combination is outside of our domain of validity.
  [17590/100000]  elapsed=4076s  rate=4.3/s  eta=19097s  finite=5904
  [17600/100000]  elapsed=4079s  rate=4.3/s  eta=19095s  finite=5908
  -> checkpoint saved: /scratch/e1498138/paper/ext/emri_g/lhs_f/ckpt_017600.pkl
  [17610/100000]  elapsed=4081s  rate=4.3/s  eta=19093s  finite=5913
  [17620/100000]  elapsed=4083s  rate=4.3/s  eta=19092s  finite=5917
  [17630/100000]  elapsed=4086s  rate=4.3/s  eta=19089s  finite=5919
  [17640/100000]  elapsed=4088s  rate=4.3/s  eta=19086s  finite=5923
  [17650/100000]  elapsed=4090s  rate=4.3/s  eta=19084s  finite=5927
  [warn] sample 1 failed: 
  [warn] sample 9 failed: This a (0.50073135), p0 (13.745535) and e0 (0.8910645) combination is outside of our domain of validity.
  [17660/100000]  elapsed=4092s  rate=4.3/s  eta=19080s  finite=5930
  [17670/100000]  elapsed=4095s  rate=4.3/s  eta=19078s  finite=5934
  [17680/100000]  elapsed=4097s  rate=4.3/s  eta=19076s  finite=5937
  [warn] sample 3 failed: 
  [17690/100000]  elapsed=4099s  rate=4.3/s  eta=19073s  finite=5940
  [17700/100000]  elapsed=4101s  rate=4.3/s  eta=19070s  finite=5945
  -> checkpoint saved: /scratch/e1498138/paper/ext/emri_g/lhs_f/ckpt_017700.pkl
  [17710/100000]  elapsed=4104s  rate=4.3/s  eta=19068s  finite=5947
  [17720/100000]  elapsed=4106s  rate=4.3/s  eta=19066s  finite=5952
  [17730/100000]  elapsed=4109s  rate=4.3/s  eta=19065s  finite=5953
  [17740/100000]  elapsed=4111s  rate=4.3/s  eta=19062s  finite=5957
  [warn] sample 0 failed: 
  [17750/100000]  elapsed=4113s  rate=4.3/s  eta=19059s  finite=5959
  [17760/100000]  elapsed=4115s  rate=4.3/s  eta=19057s  finite=5966
  [17770/100000]  elapsed=4118s  rate=4.3/s  eta=19054s  finite=5968
  [17780/100000]  elapsed=4120s  rate=4.3/s  eta=19052s  finite=5975
  [warn] sample 5 failed: 
  [17790/100000]  elapsed=4122s  rate=4.3/s  eta=19049s  finite=5978
  [17800/100000]  elapsed=4125s  rate=4.3/s  eta=19047s  finite=5982
  -> checkpoint saved: /scratch/e1498138/paper/ext/emri_g/lhs_f/ckpt_017800.pkl
  [17810/100000]  elapsed=4127s  rate=4.3/s  eta=19044s  finite=5983
  [17820/100000]  elapsed=4129s  rate=4.3/s  eta=19042s  finite=5987
  [17830/100000]  elapsed=4131s  rate=4.3/s  eta=19040s  finite=5988
  [17840/100000]  elapsed=4134s  rate=4.3/s  eta=19037s  finite=5990
  [17850/100000]  elapsed=4136s  rate=4.3/s  eta=19035s  finite=5995
  [17860/100000]  elapsed=4138s  rate=4.3/s  eta=19033s  finite=5997
  [17870/100000]  elapsed=4141s  rate=4.3/s  eta=19031s  finite=5998
  [17880/100000]  elapsed=4143s  rate=4.3/s  eta=19028s  finite=6003
  [17890/100000]  elapsed=4145s  rate=4.3/s  eta=19026s  finite=6004
  [17900/100000]  elapsed=4148s  rate=4.3/s  eta=19024s  finite=6009
  -> checkpoint saved: /scratch/e1498138/paper/ext/emri_g/lhs_f/ckpt_017900.pkl
  [17910/100000]  elapsed=4150s  rate=4.3/s  eta=19022s  finite=6011
  [17920/100000]  elapsed=4152s  rate=4.3/s  eta=19019s  finite=6015
  [17930/100000]  elapsed=4155s  rate=4.3/s  eta=19017s  finite=6021
  [17940/100000]  elapsed=4157s  rate=4.3/s  eta=19015s  finite=6024
  [17950/100000]  elapsed=4159s  rate=4.3/s  eta=19013s  finite=6028
  [17960/100000]  elapsed=4162s  rate=4.3/s  eta=19011s  finite=6030
  [17970/100000]  elapsed=4164s  rate=4.3/s  eta=19008s  finite=6032
  [17980/100000]  elapsed=4166s  rate=4.3/s  eta=19006s  finite=6039
  [17990/100000]  elapsed=4169s  rate=4.3/s  eta=19003s  finite=6040
  [18000/100000]  elapsed=4171s  rate=4.3/s  eta=19002s  finite=6043
  -> checkpoint saved: /scratch/e1498138/paper/ext/emri_g/lhs_f/ckpt_018000.pkl
  [18010/100000]  elapsed=4173s  rate=4.3/s  eta=19000s  finite=6047
  [18020/100000]  elapsed=4176s  rate=4.3/s  eta=18997s  finite=6049
  [18030/100000]  elapsed=4178s  rate=4.3/s  eta=18994s  finite=6052
  [18040/100000]  elapsed=4180s  rate=4.3/s  eta=18992s  finite=6054
  [18050/100000]  elapsed=4183s  rate=4.3/s  eta=18990s  finite=6056
  [18060/100000]  elapsed=4185s  rate=4.3/s  eta=18988s  finite=6062
  [18070/100000]  elapsed=4187s  rate=4.3/s  eta=18986s  finite=6068
  [18080/100000]  elapsed=4190s  rate=4.3/s  eta=18983s  finite=6070
  [18090/100000]  elapsed=4192s  rate=4.3/s  eta=18980s  finite=6073
  [18100/100000]  elapsed=4194s  rate=4.3/s  eta=18979s  finite=6078
  -> checkpoint saved: /scratch/e1498138/paper/ext/emri_g/lhs_f/ckpt_018100.pkl
  [18110/100000]  elapsed=4197s  rate=4.3/s  eta=18977s  finite=6079
  [18120/100000]  elapsed=4199s  rate=4.3/s  eta=18975s  finite=6082
  [18130/100000]  elapsed=4202s  rate=4.3/s  eta=18973s  finite=6088
  [18140/100000]  elapsed=4204s  rate=4.3/s  eta=18971s  finite=6091
  [18150/100000]  elapsed=4206s  rate=4.3/s  eta=18968s  finite=6092
  [warn] sample 3 failed: 
  [18160/100000]  elapsed=4208s  rate=4.3/s  eta=18965s  finite=6093
  [warn] sample 6 failed: 
  [18170/100000]  elapsed=4210s  rate=4.3/s  eta=18962s  finite=6094
  [18180/100000]  elapsed=4213s  rate=4.3/s  eta=18959s  finite=6097
  [warn] sample 7 failed: 
  [18190/100000]  elapsed=4215s  rate=4.3/s  eta=18956s  finite=6101
  [warn] sample 6 failed: 
  [18200/100000]  elapsed=4217s  rate=4.3/s  eta=18954s  finite=6105
  -> checkpoint saved: /scratch/e1498138/paper/ext/emri_g/lhs_f/ckpt_018200.pkl
  [18210/100000]  elapsed=4220s  rate=4.3/s  eta=18952s  finite=6110
  [18220/100000]  elapsed=4222s  rate=4.3/s  eta=18950s  finite=6116
  [18230/100000]  elapsed=4224s  rate=4.3/s  eta=18947s  finite=6120
  [18240/100000]  elapsed=4227s  rate=4.3/s  eta=18945s  finite=6122
  [warn] sample 5 failed: 
  [18250/100000]  elapsed=4229s  rate=4.3/s  eta=18943s  finite=6126
  [warn] sample 5 failed: 
  [18260/100000]  elapsed=4231s  rate=4.3/s  eta=18940s  finite=6128
  [18270/100000]  elapsed=4233s  rate=4.3/s  eta=18938s  finite=6133
  [warn] sample 1 failed: 
  [18280/100000]  elapsed=4236s  rate=4.3/s  eta=18935s  finite=6136
  [18290/100000]  elapsed=4238s  rate=4.3/s  eta=18933s  finite=6139
  [18300/100000]  elapsed=4240s  rate=4.3/s  eta=18931s  finite=6145
  -> checkpoint saved: /scratch/e1498138/paper/ext/emri_g/lhs_f/ckpt_018300.pkl
  [18310/100000]  elapsed=4243s  rate=4.3/s  eta=18929s  finite=6148
  [18320/100000]  elapsed=4245s  rate=4.3/s  eta=18927s  finite=6150
  [warn] sample 4 failed: 
  [18330/100000]  elapsed=4247s  rate=4.3/s  eta=18924s  finite=6154
  [18340/100000]  elapsed=4249s  rate=4.3/s  eta=18921s  finite=6156
  [warn] sample 8 failed: This a (0.34370805), p0 (14.869815) and e0 (0.8975265000000001) combination is outside of our domain of validity.
  [warn] sample 9 failed: 
  [18350/100000]  elapsed=4251s  rate=4.3/s  eta=18917s  finite=6161
  [18360/100000]  elapsed=4254s  rate=4.3/s  eta=18915s  finite=6164
  [18370/100000]  elapsed=4256s  rate=4.3/s  eta=18912s  finite=6169
  [18380/100000]  elapsed=4258s  rate=4.3/s  eta=18910s  finite=6173
  [18390/100000]  elapsed=4261s  rate=4.3/s  eta=18908s  finite=6177
  [18400/100000]  elapsed=4263s  rate=4.3/s  eta=18907s  finite=6182
  -> checkpoint saved: /scratch/e1498138/paper/ext/emri_g/lhs_f/ckpt_018400.pkl
  [18410/100000]  elapsed=4266s  rate=4.3/s  eta=18905s  finite=6188
  [warn] sample 4 failed: This a (0.44448944999999995), p0 (14.305935) and e0 (0.8995275) combination is outside of our domain of validity.
  [18420/100000]  elapsed=4268s  rate=4.3/s  eta=18902s  finite=6192
  [18430/100000]  elapsed=4270s  rate=4.3/s  eta=18900s  finite=6196
  [18440/100000]  elapsed=4273s  rate=4.3/s  eta=18898s  finite=6198
  [18450/100000]  elapsed=4275s  rate=4.3/s  eta=18895s  finite=6202
  [18460/100000]  elapsed=4277s  rate=4.3/s  eta=18893s  finite=6207
  [18470/100000]  elapsed=4280s  rate=4.3/s  eta=18891s  finite=6211
  [18480/100000]  elapsed=4282s  rate=4.3/s  eta=18888s  finite=6215
  [18490/100000]  elapsed=4284s  rate=4.3/s  eta=18885s  finite=6219
  [18500/100000]  elapsed=4286s  rate=4.3/s  eta=18883s  finite=6222
  -> checkpoint saved: /scratch/e1498138/paper/ext/emri_g/lhs_f/ckpt_018500.pkl
  [18510/100000]  elapsed=4289s  rate=4.3/s  eta=18881s  finite=6227
  [18520/100000]  elapsed=4291s  rate=4.3/s  eta=18879s  finite=6231
  [18530/100000]  elapsed=4293s  rate=4.3/s  eta=18876s  finite=6236
  [18540/100000]  elapsed=4296s  rate=4.3/s  eta=18874s  finite=6240
  [18550/100000]  elapsed=4298s  rate=4.3/s  eta=18872s  finite=6245
  [warn] sample 2 failed: 
  [18560/100000]  elapsed=4300s  rate=4.3/s  eta=18869s  finite=6249
  [warn] sample 1 failed: 
  [18570/100000]  elapsed=4302s  rate=4.3/s  eta=18866s  finite=6252
  [warn] sample 1 failed: 
  [18580/100000]  elapsed=4304s  rate=4.3/s  eta=18863s  finite=6254
  [18590/100000]  elapsed=4307s  rate=4.3/s  eta=18861s  finite=6257
  [18600/100000]  elapsed=4309s  rate=4.3/s  eta=18858s  finite=6262
  -> checkpoint saved: /scratch/e1498138/paper/ext/emri_g/lhs_f/ckpt_018600.pkl
  [18610/100000]  elapsed=4312s  rate=4.3/s  eta=18857s  finite=6267
  [18620/100000]  elapsed=4314s  rate=4.3/s  eta=18854s  finite=6270
  [18630/100000]  elapsed=4316s  rate=4.3/s  eta=18853s  finite=6277
  [18640/100000]  elapsed=4319s  rate=4.3/s  eta=18851s  finite=6283
  [18650/100000]  elapsed=4321s  rate=4.3/s  eta=18849s  finite=6285
  [warn] sample 4 failed: 
  [18660/100000]  elapsed=4323s  rate=4.3/s  eta=18845s  finite=6286
  [18670/100000]  elapsed=4325s  rate=4.3/s  eta=18843s  finite=6290
  [18680/100000]  elapsed=4328s  rate=4.3/s  eta=18841s  finite=6292
  [18690/100000]  elapsed=4330s  rate=4.3/s  eta=18838s  finite=6295
  [18700/100000]  elapsed=4332s  rate=4.3/s  eta=18835s  finite=6300
  -> checkpoint saved: /scratch/e1498138/paper/ext/emri_g/lhs_f/ckpt_018700.pkl
  [warn] sample 7 failed: 
  [18710/100000]  elapsed=4335s  rate=4.3/s  eta=18833s  finite=6303
  [18720/100000]  elapsed=4337s  rate=4.3/s  eta=18831s  finite=6306
  [18730/100000]  elapsed=4339s  rate=4.3/s  eta=18828s  finite=6307
  [warn] sample 6 failed: 
  [18740/100000]  elapsed=4341s  rate=4.3/s  eta=18825s  finite=6309
  [18750/100000]  elapsed=4344s  rate=4.3/s  eta=18824s  finite=6315
  [18760/100000]  elapsed=4346s  rate=4.3/s  eta=18821s  finite=6316
  [18770/100000]  elapsed=4349s  rate=4.3/s  eta=18819s  finite=6318
  [18780/100000]  elapsed=4351s  rate=4.3/s  eta=18817s  finite=6322
  [18790/100000]  elapsed=4353s  rate=4.3/s  eta=18815s  finite=6328
  [18800/100000]  elapsed=4356s  rate=4.3/s  eta=18813s  finite=6333
  -> checkpoint saved: /scratch/e1498138/paper/ext/emri_g/lhs_f/ckpt_018800.pkl
  [18810/100000]  elapsed=4358s  rate=4.3/s  eta=18810s  finite=6336
  [18820/100000]  elapsed=4360s  rate=4.3/s  eta=18808s  finite=6339
  [18830/100000]  elapsed=4362s  rate=4.3/s  eta=18805s  finite=6340
  [warn] sample 1 failed: 
  [18840/100000]  elapsed=4365s  rate=4.3/s  eta=18803s  finite=6342
  [18850/100000]  elapsed=4367s  rate=4.3/s  eta=18801s  finite=6343
  [18860/100000]  elapsed=4369s  rate=4.3/s  eta=18798s  finite=6346
  [warn] sample 1 failed: 
  [18870/100000]  elapsed=4372s  rate=4.3/s  eta=18795s  finite=6349
  [18880/100000]  elapsed=4374s  rate=4.3/s  eta=18793s  finite=6352
  [18890/100000]  elapsed=4376s  rate=4.3/s  eta=18790s  finite=6355
  [warn] sample 0 failed: 
  [warn] sample 2 failed: This a (0.48137684999999997), p0 (13.960275) and e0 (0.8987025000000001) combination is outside of our domain of validity.
  [warn] sample 8 failed: 
  [18900/100000]  elapsed=4378s  rate=4.3/s  eta=18786s  finite=6356
  -> checkpoint saved: /scratch/e1498138/paper/ext/emri_g/lhs_f/ckpt_018900.pkl
  [18910/100000]  elapsed=4380s  rate=4.3/s  eta=18783s  finite=6358
  [18920/100000]  elapsed=4382s  rate=4.3/s  eta=18781s  finite=6364
  [18930/100000]  elapsed=4385s  rate=4.3/s  eta=18778s  finite=6367
  [18940/100000]  elapsed=4387s  rate=4.3/s  eta=18776s  finite=6368
  [18950/100000]  elapsed=4389s  rate=4.3/s  eta=18773s  finite=6372
  [18960/100000]  elapsed=4392s  rate=4.3/s  eta=18770s  finite=6375
  [18970/100000]  elapsed=4394s  rate=4.3/s  eta=18768s  finite=6378
  [18980/100000]  elapsed=4396s  rate=4.3/s  eta=18765s  finite=6383
  [warn] sample 1 failed: 
  [18990/100000]  elapsed=4398s  rate=4.3/s  eta=18763s  finite=6385
  [19000/100000]  elapsed=4401s  rate=4.3/s  eta=18760s  finite=6388
  -> checkpoint saved: /scratch/e1498138/paper/ext/emri_g/lhs_f/ckpt_019000.pkl
  [19010/100000]  elapsed=4403s  rate=4.3/s  eta=18758s  finite=6390
  [19020/100000]  elapsed=4405s  rate=4.3/s  eta=18756s  finite=6390
  [19030/100000]  elapsed=4407s  rate=4.3/s  eta=18753s  finite=6394
  [19040/100000]  elapsed=4410s  rate=4.3/s  eta=18751s  finite=6397
  [19050/100000]  elapsed=4412s  rate=4.3/s  eta=18749s  finite=6401
  [19060/100000]  elapsed=4415s  rate=4.3/s  eta=18747s  finite=6405
  [19070/100000]  elapsed=4417s  rate=4.3/s  eta=18744s  finite=6409
  [warn] sample 0 failed: This a (0.39759015), p0 (13.953855) and e0 (0.8955105000000001) combination is outside of our domain of validity.
  [warn] sample 3 failed: 
  [19080/100000]  elapsed=4419s  rate=4.3/s  eta=18740s  finite=6411
  [19090/100000]  elapsed=4421s  rate=4.3/s  eta=18738s  finite=6418
  [warn] sample 8 failed: 
  [19100/100000]  elapsed=4423s  rate=4.3/s  eta=18736s  finite=6423
  -> checkpoint saved: /scratch/e1498138/paper/ext/emri_g/lhs_f/ckpt_019100.pkl
  [19110/100000]  elapsed=4426s  rate=4.3/s  eta=18734s  finite=6427
  [warn] sample 3 failed: 
  [19120/100000]  elapsed=4428s  rate=4.3/s  eta=18731s  finite=6431
  [19130/100000]  elapsed=4430s  rate=4.3/s  eta=18729s  finite=6433
  [19140/100000]  elapsed=4433s  rate=4.3/s  eta=18727s  finite=6438
  [warn] sample 8 failed: This a (0.35464455), p0 (13.914555) and e0 (0.8969175) combination is outside of our domain of validity.
  [19150/100000]  elapsed=4435s  rate=4.3/s  eta=18723s  finite=6440
  [19160/100000]  elapsed=4437s  rate=4.3/s  eta=18721s  finite=6447
  [warn] sample 0 failed: 
  [19170/100000]  elapsed=4440s  rate=4.3/s  eta=18719s  finite=6451
  [warn] sample 4 failed: 
  [19180/100000]  elapsed=4442s  rate=4.3/s  eta=18716s  finite=6456
  [19190/100000]  elapsed=4444s  rate=4.3/s  eta=18714s  finite=6459
  [19200/100000]  elapsed=4446s  rate=4.3/s  eta=18712s  finite=6463
  -> checkpoint saved: /scratch/e1498138/paper/ext/emri_g/lhs_f/ckpt_019200.pkl
  [19210/100000]  elapsed=4449s  rate=4.3/s  eta=18709s  finite=6464
  [warn] sample 8 failed: 
  [19220/100000]  elapsed=4451s  rate=4.3/s  eta=18707s  finite=6469
  [19230/100000]  elapsed=4453s  rate=4.3/s  eta=18704s  finite=6469
  [19240/100000]  elapsed=4455s  rate=4.3/s  eta=18701s  finite=6474
  [19250/100000]  elapsed=4458s  rate=4.3/s  eta=18699s  finite=6479
  [19260/100000]  elapsed=4460s  rate=4.3/s  eta=18697s  finite=6483
  [19270/100000]  elapsed=4462s  rate=4.3/s  eta=18695s  finite=6487
  [19280/100000]  elapsed=4465s  rate=4.3/s  eta=18693s  finite=6488
  [19290/100000]  elapsed=4467s  rate=4.3/s  eta=18690s  finite=6490
  [19300/100000]  elapsed=4470s  rate=4.3/s  eta=18689s  finite=6495
  -> checkpoint saved: /scratch/e1498138/paper/ext/emri_g/lhs_f/ckpt_019300.pkl
  [19310/100000]  elapsed=4472s  rate=4.3/s  eta=18688s  finite=6497
  [warn] sample 1 failed: 
  [19320/100000]  elapsed=4474s  rate=4.3/s  eta=18685s  finite=6500
  [19330/100000]  elapsed=4477s  rate=4.3/s  eta=18682s  finite=6504
  [19340/100000]  elapsed=4479s  rate=4.3/s  eta=18681s  finite=6509
  [warn] sample 0 failed: This a (0.32387055), p0 (15.151575000000001) and e0 (0.8994345) combination is outside of our domain of validity.
  [19350/100000]  elapsed=4481s  rate=4.3/s  eta=18678s  finite=6511
  [19360/100000]  elapsed=4484s  rate=4.3/s  eta=18675s  finite=6513
  [19370/100000]  elapsed=4486s  rate=4.3/s  eta=18673s  finite=6515
  [19380/100000]  elapsed=4488s  rate=4.3/s  eta=18671s  finite=6519
  [19390/100000]  elapsed=4491s  rate=4.3/s  eta=18669s  finite=6521
  [19400/100000]  elapsed=4493s  rate=4.3/s  eta=18666s  finite=6525
  -> checkpoint saved: /scratch/e1498138/paper/ext/emri_g/lhs_f/ckpt_019400.pkl
  [19410/100000]  elapsed=4495s  rate=4.3/s  eta=18663s  finite=6527
  [19420/100000]  elapsed=4497s  rate=4.3/s  eta=18661s  finite=6529
  [19430/100000]  elapsed=4500s  rate=4.3/s  eta=18659s  finite=6534
  [warn] sample 7 failed: 
  [19440/100000]  elapsed=4502s  rate=4.3/s  eta=18657s  finite=6539
  [19450/100000]  elapsed=4504s  rate=4.3/s  eta=18654s  finite=6543
  [19460/100000]  elapsed=4507s  rate=4.3/s  eta=18652s  finite=6548
  [19470/100000]  elapsed=4509s  rate=4.3/s  eta=18649s  finite=6551
  [19480/100000]  elapsed=4511s  rate=4.3/s  eta=18646s  finite=6553
  [19490/100000]  elapsed=4513s  rate=4.3/s  eta=18643s  finite=6557
  [warn] sample 0 failed: 
  [19500/100000]  elapsed=4515s  rate=4.3/s  eta=18640s  finite=6559
  -> checkpoint saved: /scratch/e1498138/paper/ext/emri_g/lhs_f/ckpt_019500.pkl
  [19510/100000]  elapsed=4518s  rate=4.3/s  eta=18638s  finite=6564
  [19520/100000]  elapsed=4520s  rate=4.3/s  eta=18636s  finite=6567
  [warn] sample 2 failed: This a (0.58773345), p0 (13.673715) and e0 (0.8949555) combination is outside of our domain of validity.
  [19530/100000]  elapsed=4522s  rate=4.3/s  eta=18632s  finite=6569
  [19540/100000]  elapsed=4524s  rate=4.3/s  eta=18630s  finite=6571
  [19550/100000]  elapsed=4527s  rate=4.3/s  eta=18627s  finite=6574
  [warn] sample 5 failed: This a (0.31137465), p0 (13.667985) and e0 (0.8980965000000001) combination is outside of our domain of validity.
  [19560/100000]  elapsed=4529s  rate=4.3/s  eta=18624s  finite=6578
  [19570/100000]  elapsed=4531s  rate=4.3/s  eta=18622s  finite=6580
  [19580/100000]  elapsed=4533s  rate=4.3/s  eta=18619s  finite=6583
  [19590/100000]  elapsed=4536s  rate=4.3/s  eta=18617s  finite=6586
  [warn] sample 7 failed: 
  [19600/100000]  elapsed=4538s  rate=4.3/s  eta=18614s  finite=6591
  -> checkpoint saved: /scratch/e1498138/paper/ext/emri_g/lhs_f/ckpt_019600.pkl
  [19610/100000]  elapsed=4540s  rate=4.3/s  eta=18613s  finite=6596
  [19620/100000]  elapsed=4543s  rate=4.3/s  eta=18612s  finite=6603
  [warn] sample 8 failed: This a (0.40005345), p0 (14.153235) and e0 (0.8929905) combination is outside of our domain of validity.
  [19630/100000]  elapsed=4545s  rate=4.3/s  eta=18608s  finite=6606
  [19640/100000]  elapsed=4547s  rate=4.3/s  eta=18606s  finite=6611
  [19650/100000]  elapsed=4550s  rate=4.3/s  eta=18604s  finite=6614
  [19660/100000]  elapsed=4552s  rate=4.3/s  eta=18602s  finite=6619
  [19670/100000]  elapsed=4554s  rate=4.3/s  eta=18599s  finite=6621
  [19680/100000]  elapsed=4557s  rate=4.3/s  eta=18597s  finite=6626
  [19690/100000]  elapsed=4559s  rate=4.3/s  eta=18595s  finite=6629
  [warn] sample 1 failed: 
  [warn] sample 3 failed: This a (0.40068824999999997), p0 (14.170725000000001) and e0 (0.8930235) combination is outside of our domain of validity.
  [19700/100000]  elapsed=4561s  rate=4.3/s  eta=18591s  finite=6632
  -> checkpoint saved: /scratch/e1498138/paper/ext/emri_g/lhs_f/ckpt_019700.pkl
  [19710/100000]  elapsed=4563s  rate=4.3/s  eta=18590s  finite=6636
  [19720/100000]  elapsed=4566s  rate=4.3/s  eta=18587s  finite=6638
  [19730/100000]  elapsed=4568s  rate=4.3/s  eta=18585s  finite=6642
  [warn] sample 8 failed: This a (0.5629072500000001), p0 (14.030175) and e0 (0.8980995) combination is outside of our domain of validity.
  [19740/100000]  elapsed=4570s  rate=4.3/s  eta=18582s  finite=6645
  [19750/100000]  elapsed=4573s  rate=4.3/s  eta=18579s  finite=6649
  [19760/100000]  elapsed=4575s  rate=4.3/s  eta=18577s  finite=6655
  [19770/100000]  elapsed=4577s  rate=4.3/s  eta=18575s  finite=6659
  [warn] sample 2 failed: 
  [19780/100000]  elapsed=4579s  rate=4.3/s  eta=18572s  finite=6663
  [19790/100000]  elapsed=4582s  rate=4.3/s  eta=18569s  finite=6669
  [19800/100000]  elapsed=4584s  rate=4.3/s  eta=18567s  finite=6674
  -> checkpoint saved: /scratch/e1498138/paper/ext/emri_g/lhs_f/ckpt_019800.pkl
  [19810/100000]  elapsed=4586s  rate=4.3/s  eta=18565s  finite=6677
  [19820/100000]  elapsed=4589s  rate=4.3/s  eta=18563s  finite=6682
  [19830/100000]  elapsed=4591s  rate=4.3/s  eta=18561s  finite=6685
  [warn] sample 9 failed: 
  [19840/100000]  elapsed=4593s  rate=4.3/s  eta=18558s  finite=6689
  [19850/100000]  elapsed=4595s  rate=4.3/s  eta=18555s  finite=6690
  [warn] sample 5 failed: 
  [19860/100000]  elapsed=4598s  rate=4.3/s  eta=18552s  finite=6693
  [19870/100000]  elapsed=4600s  rate=4.3/s  eta=18550s  finite=6699
  [19880/100000]  elapsed=4602s  rate=4.3/s  eta=18548s  finite=6704
  [19890/100000]  elapsed=4605s  rate=4.3/s  eta=18546s  finite=6706
  [19900/100000]  elapsed=4607s  rate=4.3/s  eta=18543s  finite=6708
  -> checkpoint saved: /scratch/e1498138/paper/ext/emri_g/lhs_f/ckpt_019900.pkl
  [19910/100000]  elapsed=4609s  rate=4.3/s  eta=18541s  finite=6713
  [19920/100000]  elapsed=4612s  rate=4.3/s  eta=18539s  finite=6717
  [19930/100000]  elapsed=4614s  rate=4.3/s  eta=18537s  finite=6719
  [19940/100000]  elapsed=4616s  rate=4.3/s  eta=18535s  finite=6724
  [warn] sample 0 failed: 
  [19950/100000]  elapsed=4619s  rate=4.3/s  eta=18533s  finite=6730
  [warn] sample 7 failed: This a (0.33987164999999997), p0 (14.066715) and e0 (0.8955645000000001) combination is outside of our domain of validity.
  [19960/100000]  elapsed=4621s  rate=4.3/s  eta=18530s  finite=6734
  [warn] sample 5 failed: This a (0.39954975), p0 (13.771755) and e0 (0.8914455000000001) combination is outside of our domain of validity.
  [19970/100000]  elapsed=4623s  rate=4.3/s  eta=18527s  finite=6739
  [19980/100000]  elapsed=4625s  rate=4.3/s  eta=18525s  finite=6744
  [19990/100000]  elapsed=4628s  rate=4.3/s  eta=18522s  finite=6746
  [20000/100000]  elapsed=4630s  rate=4.3/s  eta=18520s  finite=6752
  -> checkpoint saved: /scratch/e1498138/paper/ext/emri_g/lhs_f/ckpt_020000.pkl
  [20010/100000]  elapsed=4632s  rate=4.3/s  eta=18517s  finite=6755
  [20020/100000]  elapsed=4635s  rate=4.3/s  eta=18515s  finite=6760
  [warn] sample 5 failed: This a (0.46641765), p0 (13.773945) and e0 (0.8905755) combination is outside of our domain of validity.
  [20030/100000]  elapsed=4637s  rate=4.3/s  eta=18513s  finite=6764
  [20040/100000]  elapsed=4639s  rate=4.3/s  eta=18510s  finite=6767
  [20050/100000]  elapsed=4641s  rate=4.3/s  eta=18508s  finite=6773
  [20060/100000]  elapsed=4644s  rate=4.3/s  eta=18506s  finite=6776
  [20070/100000]  elapsed=4646s  rate=4.3/s  eta=18503s  finite=6777
  [warn] sample 0 failed: 
  [20080/100000]  elapsed=4648s  rate=4.3/s  eta=18500s  finite=6780
  [20090/100000]  elapsed=4651s  rate=4.3/s  eta=18498s  finite=6782
  [20100/100000]  elapsed=4653s  rate=4.3/s  eta=18495s  finite=6783
  -> checkpoint saved: /scratch/e1498138/paper/ext/emri_g/lhs_f/ckpt_020100.pkl
  [20110/100000]  elapsed=4655s  rate=4.3/s  eta=18493s  finite=6783
  [20120/100000]  elapsed=4657s  rate=4.3/s  eta=18490s  finite=6786
  [warn] sample 3 failed: 
  [20130/100000]  elapsed=4660s  rate=4.3/s  eta=18488s  finite=6788
  [warn] sample 0 failed: 
  [20140/100000]  elapsed=4662s  rate=4.3/s  eta=18484s  finite=6789
  [20150/100000]  elapsed=4664s  rate=4.3/s  eta=18482s  finite=6793
  [20160/100000]  elapsed=4666s  rate=4.3/s  eta=18480s  finite=6797
  [20170/100000]  elapsed=4669s  rate=4.3/s  eta=18478s  finite=6799
  [20180/100000]  elapsed=4671s  rate=4.3/s  eta=18475s  finite=6803
  [warn] sample 7 failed: 
  [20190/100000]  elapsed=4673s  rate=4.3/s  eta=18472s  finite=6805
  [20200/100000]  elapsed=4675s  rate=4.3/s  eta=18470s  finite=6809
  -> checkpoint saved: /scratch/e1498138/paper/ext/emri_g/lhs_f/ckpt_020200.pkl
  [warn] sample 7 failed: 
  [20210/100000]  elapsed=4678s  rate=4.3/s  eta=18468s  finite=6814
  [20220/100000]  elapsed=4680s  rate=4.3/s  eta=18466s  finite=6817
  [20230/100000]  elapsed=4683s  rate=4.3/s  eta=18464s  finite=6818
  [warn] sample 7 failed: 
  [20240/100000]  elapsed=4685s  rate=4.3/s  eta=18461s  finite=6820
  [20250/100000]  elapsed=4687s  rate=4.3/s  eta=18459s  finite=6825
  [20260/100000]  elapsed=4690s  rate=4.3/s  eta=18458s  finite=6830
  [warn] sample 7 failed: 
  [20270/100000]  elapsed=4692s  rate=4.3/s  eta=18455s  finite=6832
  [20280/100000]  elapsed=4694s  rate=4.3/s  eta=18452s  finite=6837
  [20290/100000]  elapsed=4696s  rate=4.3/s  eta=18450s  finite=6840
  [20300/100000]  elapsed=4699s  rate=4.3/s  eta=18447s  finite=6843
  -> checkpoint saved: /scratch/e1498138/paper/ext/emri_g/lhs_f/ckpt_020300.pkl
  [20310/100000]  elapsed=4701s  rate=4.3/s  eta=18445s  finite=6847
  [20320/100000]  elapsed=4703s  rate=4.3/s  eta=18442s  finite=6850
  [20330/100000]  elapsed=4705s  rate=4.3/s  eta=18440s  finite=6854
  [20340/100000]  elapsed=4708s  rate=4.3/s  eta=18437s  finite=6859
  [20350/100000]  elapsed=4710s  rate=4.3/s  eta=18435s  finite=6859
  [20360/100000]  elapsed=4712s  rate=4.3/s  eta=18432s  finite=6862
  [20370/100000]  elapsed=4715s  rate=4.3/s  eta=18430s  finite=6864
  [20380/100000]  elapsed=4717s  rate=4.3/s  eta=18428s  finite=6867
  [20390/100000]  elapsed=4719s  rate=4.3/s  eta=18425s  finite=6869
  [warn] sample 6 failed: 
  [warn] sample 9 failed: 
  [20400/100000]  elapsed=4721s  rate=4.3/s  eta=18422s  finite=6873
  -> checkpoint saved: /scratch/e1498138/paper/ext/emri_g/lhs_f/ckpt_020400.pkl
  [warn] sample 8 failed: 
  [20410/100000]  elapsed=4723s  rate=4.3/s  eta=18419s  finite=6876
  [20420/100000]  elapsed=4726s  rate=4.3/s  eta=18417s  finite=6879
  [20430/100000]  elapsed=4728s  rate=4.3/s  eta=18414s  finite=6884
  [20440/100000]  elapsed=4730s  rate=4.3/s  eta=18412s  finite=6888
  [20450/100000]  elapsed=4732s  rate=4.3/s  eta=18409s  finite=6890
  [20460/100000]  elapsed=4735s  rate=4.3/s  eta=18407s  finite=6894
  [20470/100000]  elapsed=4737s  rate=4.3/s  eta=18405s  finite=6898
  [20480/100000]  elapsed=4739s  rate=4.3/s  eta=18402s  finite=6900
  [20490/100000]  elapsed=4742s  rate=4.3/s  eta=18400s  finite=6902
  [20500/100000]  elapsed=4744s  rate=4.3/s  eta=18397s  finite=6906
  -> checkpoint saved: /scratch/e1498138/paper/ext/emri_g/lhs_f/ckpt_020500.pkl
  [20510/100000]  elapsed=4746s  rate=4.3/s  eta=18395s  finite=6909
  [20520/100000]  elapsed=4749s  rate=4.3/s  eta=18393s  finite=6912
  [warn] sample 8 failed: 
  [20530/100000]  elapsed=4751s  rate=4.3/s  eta=18390s  finite=6915
  [20540/100000]  elapsed=4753s  rate=4.3/s  eta=18387s  finite=6918
  [20550/100000]  elapsed=4755s  rate=4.3/s  eta=18385s  finite=6921
  [20560/100000]  elapsed=4758s  rate=4.3/s  eta=18383s  finite=6926
  [20570/100000]  elapsed=4760s  rate=4.3/s  eta=18381s  finite=6929
  [20580/100000]  elapsed=4762s  rate=4.3/s  eta=18378s  finite=6931
  [20590/100000]  elapsed=4765s  rate=4.3/s  eta=18376s  finite=6934
  [warn] sample 4 failed: 
  [20600/100000]  elapsed=4767s  rate=4.3/s  eta=18373s  finite=6938
  -> checkpoint saved: /scratch/e1498138/paper/ext/emri_g/lhs_f/ckpt_020600.pkl
  [20610/100000]  elapsed=4769s  rate=4.3/s  eta=18371s  finite=6940
  [20620/100000]  elapsed=4771s  rate=4.3/s  eta=18368s  finite=6942
  [20630/100000]  elapsed=4774s  rate=4.3/s  eta=18366s  finite=6944
  [warn] sample 1 failed: 
  [20640/100000]  elapsed=4776s  rate=4.3/s  eta=18362s  finite=6946
  [20650/100000]  elapsed=4778s  rate=4.3/s  eta=18360s  finite=6949
  [warn] sample 6 failed: 
  [20660/100000]  elapsed=4780s  rate=4.3/s  eta=18357s  finite=6953
  [20670/100000]  elapsed=4783s  rate=4.3/s  eta=18355s  finite=6960
  [20680/100000]  elapsed=4785s  rate=4.3/s  eta=18353s  finite=6964
  [20690/100000]  elapsed=4787s  rate=4.3/s  eta=18351s  finite=6969
  [warn] sample 5 failed: 
  [20700/100000]  elapsed=4789s  rate=4.3/s  eta=18348s  finite=6974
  -> checkpoint saved: /scratch/e1498138/paper/ext/emri_g/lhs_f/ckpt_020700.pkl
  [20710/100000]  elapsed=4792s  rate=4.3/s  eta=18346s  finite=6978
  [20720/100000]  elapsed=4794s  rate=4.3/s  eta=18343s  finite=6983
  [warn] sample 6 failed: 
  [20730/100000]  elapsed=4796s  rate=4.3/s  eta=18341s  finite=6986
  [20740/100000]  elapsed=4799s  rate=4.3/s  eta=18338s  finite=6991
  [warn] sample 8 failed: 
  [20750/100000]  elapsed=4801s  rate=4.3/s  eta=18336s  finite=6994
  [20760/100000]  elapsed=4803s  rate=4.3/s  eta=18333s  finite=6998
  [20770/100000]  elapsed=4805s  rate=4.3/s  eta=18331s  finite=7001
  [20780/100000]  elapsed=4808s  rate=4.3/s  eta=18328s  finite=7003
  [20790/100000]  elapsed=4810s  rate=4.3/s  eta=18326s  finite=7005
  [20800/100000]  elapsed=4812s  rate=4.3/s  eta=18324s  finite=7007
  -> checkpoint saved: /scratch/e1498138/paper/ext/emri_g/lhs_f/ckpt_020800.pkl
  [20810/100000]  elapsed=4815s  rate=4.3/s  eta=18322s  finite=7012
  [20820/100000]  elapsed=4817s  rate=4.3/s  eta=18319s  finite=7012
  [20830/100000]  elapsed=4819s  rate=4.3/s  eta=18317s  finite=7018
  [warn] sample 8 failed: This a (0.49232715000000005), p0 (13.571205) and e0 (0.8945325000000001) combination is outside of our domain of validity.
  [20840/100000]  elapsed=4821s  rate=4.3/s  eta=18314s  finite=7019
  [20850/100000]  elapsed=4824s  rate=4.3/s  eta=18311s  finite=7022
  [20860/100000]  elapsed=4826s  rate=4.3/s  eta=18309s  finite=7028
  [20870/100000]  elapsed=4828s  rate=4.3/s  eta=18307s  finite=7033
  [warn] sample 6 failed: 
  [warn] sample 8 failed: 
  [20880/100000]  elapsed=4830s  rate=4.3/s  eta=18303s  finite=7037
  [20890/100000]  elapsed=4833s  rate=4.3/s  eta=18301s  finite=7039
  [warn] sample 5 failed: 
  [20900/100000]  elapsed=4835s  rate=4.3/s  eta=18298s  finite=7040
  -> checkpoint saved: /scratch/e1498138/paper/ext/emri_g/lhs_f/ckpt_020900.pkl
  [warn] sample 7 failed: 
  [20910/100000]  elapsed=4837s  rate=4.3/s  eta=18295s  finite=7045
  [20920/100000]  elapsed=4839s  rate=4.3/s  eta=18293s  finite=7050
  [20930/100000]  elapsed=4842s  rate=4.3/s  eta=18291s  finite=7053
  [warn] sample 7 failed: 
  [20940/100000]  elapsed=4844s  rate=4.3/s  eta=18288s  finite=7058
  [20950/100000]  elapsed=4846s  rate=4.3/s  eta=18286s  finite=7062
  [20960/100000]  elapsed=4849s  rate=4.3/s  eta=18284s  finite=7065
  [20970/100000]  elapsed=4851s  rate=4.3/s  eta=18282s  finite=7070
  [20980/100000]  elapsed=4853s  rate=4.3/s  eta=18279s  finite=7073
  [20990/100000]  elapsed=4856s  rate=4.3/s  eta=18277s  finite=7078
  [warn] sample 5 failed: 
  [21000/100000]  elapsed=4858s  rate=4.3/s  eta=18274s  finite=7079
  -> checkpoint saved: /scratch/e1498138/paper/ext/emri_g/lhs_f/ckpt_021000.pkl
  [warn] sample 5 failed: 
  [21010/100000]  elapsed=4860s  rate=4.3/s  eta=18271s  finite=7080
  [21020/100000]  elapsed=4862s  rate=4.3/s  eta=18269s  finite=7084
  [21030/100000]  elapsed=4864s  rate=4.3/s  eta=18266s  finite=7090
  [21040/100000]  elapsed=4867s  rate=4.3/s  eta=18265s  finite=7095
  [21050/100000]  elapsed=4869s  rate=4.3/s  eta=18263s  finite=7102
  [21060/100000]  elapsed=4872s  rate=4.3/s  eta=18261s  finite=7107
  [21070/100000]  elapsed=4874s  rate=4.3/s  eta=18259s  finite=7110
  [warn] sample 3 failed: 
  [21080/100000]  elapsed=4876s  rate=4.3/s  eta=18256s  finite=7114
  [21090/100000]  elapsed=4879s  rate=4.3/s  eta=18253s  finite=7115
  [warn] sample 5 failed: 
  [21100/100000]  elapsed=4881s  rate=4.3/s  eta=18251s  finite=7119
  -> checkpoint saved: /scratch/e1498138/paper/ext/emri_g/lhs_f/ckpt_021100.pkl
  [21110/100000]  elapsed=4883s  rate=4.3/s  eta=18248s  finite=7123
  [21120/100000]  elapsed=4886s  rate=4.3/s  eta=18247s  finite=7129
  [21130/100000]  elapsed=4888s  rate=4.3/s  eta=18244s  finite=7132
  [21140/100000]  elapsed=4890s  rate=4.3/s  eta=18243s  finite=7136
  [21150/100000]  elapsed=4893s  rate=4.3/s  eta=18241s  finite=7140
  [21160/100000]  elapsed=4895s  rate=4.3/s  eta=18239s  finite=7146
  [21170/100000]  elapsed=4897s  rate=4.3/s  eta=18237s  finite=7151
  [21180/100000]  elapsed=4900s  rate=4.3/s  eta=18235s  finite=7154
  [21190/100000]  elapsed=4902s  rate=4.3/s  eta=18232s  finite=7155
  [21200/100000]  elapsed=4904s  rate=4.3/s  eta=18230s  finite=7157
  -> checkpoint saved: /scratch/e1498138/paper/ext/emri_g/lhs_f/ckpt_021200.pkl
  [warn] sample 7 failed: 
  [21210/100000]  elapsed=4906s  rate=4.3/s  eta=18226s  finite=7158
  [21220/100000]  elapsed=4909s  rate=4.3/s  eta=18224s  finite=7160
  [21230/100000]  elapsed=4911s  rate=4.3/s  eta=18221s  finite=7164
  [warn] sample 8 failed: 
  [21240/100000]  elapsed=4913s  rate=4.3/s  eta=18219s  finite=7167
  [21250/100000]  elapsed=4916s  rate=4.3/s  eta=18216s  finite=7169
  [21260/100000]  elapsed=4918s  rate=4.3/s  eta=18214s  finite=7169
  [21270/100000]  elapsed=4920s  rate=4.3/s  eta=18212s  finite=7174
  [21280/100000]  elapsed=4922s  rate=4.3/s  eta=18209s  finite=7180
  [warn] sample 5 failed: 
  [21290/100000]  elapsed=4925s  rate=4.3/s  eta=18206s  finite=7181
  [21300/100000]  elapsed=4927s  rate=4.3/s  eta=18204s  finite=7182
  -> checkpoint saved: /scratch/e1498138/paper/ext/emri_g/lhs_f/ckpt_021300.pkl
  [21310/100000]  elapsed=4929s  rate=4.3/s  eta=18202s  finite=7186
  [21320/100000]  elapsed=4932s  rate=4.3/s  eta=18199s  finite=7190
  [21330/100000]  elapsed=4934s  rate=4.3/s  eta=18197s  finite=7196
  [warn] sample 5 failed: This a (0.31403115), p0 (14.231235) and e0 (0.8986875000000001) combination is outside of our domain of validity.
  [21340/100000]  elapsed=4936s  rate=4.3/s  eta=18195s  finite=7200
  [21350/100000]  elapsed=4938s  rate=4.3/s  eta=18192s  finite=7203
  [21360/100000]  elapsed=4941s  rate=4.3/s  eta=18190s  finite=7209
  [21370/100000]  elapsed=4943s  rate=4.3/s  eta=18188s  finite=7212
  [21380/100000]  elapsed=4945s  rate=4.3/s  eta=18186s  finite=7215
  [21390/100000]  elapsed=4948s  rate=4.3/s  eta=18184s  finite=7218
  [21400/100000]  elapsed=4950s  rate=4.3/s  eta=18181s  finite=7222
  -> checkpoint saved: /scratch/e1498138/paper/ext/emri_g/lhs_f/ckpt_021400.pkl
  [warn] sample 2 failed: 
  [21410/100000]  elapsed=4952s  rate=4.3/s  eta=18179s  finite=7224
  [21420/100000]  elapsed=4955s  rate=4.3/s  eta=18176s  finite=7227
  [21430/100000]  elapsed=4957s  rate=4.3/s  eta=18174s  finite=7229
  [21440/100000]  elapsed=4959s  rate=4.3/s  eta=18171s  finite=7231
  [warn] sample 9 failed: 
  [21450/100000]  elapsed=4961s  rate=4.3/s  eta=18169s  finite=7235
  [21460/100000]  elapsed=4964s  rate=4.3/s  eta=18166s  finite=7238
  [21470/100000]  elapsed=4966s  rate=4.3/s  eta=18165s  finite=7240
  [21480/100000]  elapsed=4968s  rate=4.3/s  eta=18162s  finite=7243
  [21490/100000]  elapsed=4971s  rate=4.3/s  eta=18159s  finite=7244
  [21500/100000]  elapsed=4973s  rate=4.3/s  eta=18158s  finite=7248
  -> checkpoint saved: /scratch/e1498138/paper/ext/emri_g/lhs_f/ckpt_021500.pkl
  [warn] sample 0 failed: 
  [21510/100000]  elapsed=4975s  rate=4.3/s  eta=18155s  finite=7249
  [21520/100000]  elapsed=4978s  rate=4.3/s  eta=18153s  finite=7253
  [21530/100000]  elapsed=4980s  rate=4.3/s  eta=18150s  finite=7254
  [21540/100000]  elapsed=4982s  rate=4.3/s  eta=18148s  finite=7256
  [21550/100000]  elapsed=4985s  rate=4.3/s  eta=18146s  finite=7261
  [warn] sample 3 failed: 
  [21560/100000]  elapsed=4987s  rate=4.3/s  eta=18143s  finite=7263
  [21570/100000]  elapsed=4989s  rate=4.3/s  eta=18141s  finite=7269
  [warn] sample 5 failed: 
  [21580/100000]  elapsed=4991s  rate=4.3/s  eta=18138s  finite=7271
  [warn] sample 0 failed: 
  [21590/100000]  elapsed=4993s  rate=4.3/s  eta=18135s  finite=7274
  [21600/100000]  elapsed=4996s  rate=4.3/s  eta=18133s  finite=7277
  -> checkpoint saved: /scratch/e1498138/paper/ext/emri_g/lhs_f/ckpt_021600.pkl
  [warn] sample 4 failed: This a (0.53127765), p0 (14.409855) and e0 (0.8999295) combination is outside of our domain of validity.
  [warn] sample 7 failed: 
  [21610/100000]  elapsed=4998s  rate=4.3/s  eta=18129s  finite=7280
  [21620/100000]  elapsed=5000s  rate=4.3/s  eta=18127s  finite=7282
  [21630/100000]  elapsed=5002s  rate=4.3/s  eta=18124s  finite=7286
  [21640/100000]  elapsed=5005s  rate=4.3/s  eta=18122s  finite=7288
  [warn] sample 9 failed: 
  [21650/100000]  elapsed=5007s  rate=4.3/s  eta=18120s  finite=7294
  [warn] sample 4 failed: 
  [21660/100000]  elapsed=5009s  rate=4.3/s  eta=18118s  finite=7296
  [21670/100000]  elapsed=5012s  rate=4.3/s  eta=18116s  finite=7297
  [21680/100000]  elapsed=5014s  rate=4.3/s  eta=18113s  finite=7301
  [21690/100000]  elapsed=5016s  rate=4.3/s  eta=18111s  finite=7308
  [warn] sample 9 failed: This a (0.30633765), p0 (13.798905) and e0 (0.8851095) combination is outside of our domain of validity.
  [21700/100000]  elapsed=5019s  rate=4.3/s  eta=18109s  finite=7311
  -> checkpoint saved: /scratch/e1498138/paper/ext/emri_g/lhs_f/ckpt_021700.pkl
  [warn] sample 1 failed: 
  [21710/100000]  elapsed=5021s  rate=4.3/s  eta=18106s  finite=7316
  [21720/100000]  elapsed=5023s  rate=4.3/s  eta=18104s  finite=7319
  [warn] sample 4 failed: 
  [21730/100000]  elapsed=5025s  rate=4.3/s  eta=18101s  finite=7321
  [21740/100000]  elapsed=5028s  rate=4.3/s  eta=18099s  finite=7325
  [21750/100000]  elapsed=5030s  rate=4.3/s  eta=18097s  finite=7330
  [warn] sample 1 failed: This a (0.33197804999999997), p0 (14.721225) and e0 (0.8999565) combination is outside of our domain of validity.
  [21760/100000]  elapsed=5032s  rate=4.3/s  eta=18094s  finite=7332
  [warn] sample 6 failed: 
  [21770/100000]  elapsed=5034s  rate=4.3/s  eta=18091s  finite=7337
  [21780/100000]  elapsed=5037s  rate=4.3/s  eta=18089s  finite=7342
  [21790/100000]  elapsed=5039s  rate=4.3/s  eta=18086s  finite=7348
  [warn] sample 4 failed: 
  [21800/100000]  elapsed=5041s  rate=4.3/s  eta=18083s  finite=7350
  -> checkpoint saved: /scratch/e1498138/paper/ext/emri_g/lhs_f/ckpt_021800.pkl
  [21810/100000]  elapsed=5044s  rate=4.3/s  eta=18081s  finite=7355
  [21820/100000]  elapsed=5046s  rate=4.3/s  eta=18079s  finite=7358
  [21830/100000]  elapsed=5048s  rate=4.3/s  eta=18077s  finite=7364
  [21840/100000]  elapsed=5051s  rate=4.3/s  eta=18075s  finite=7367
  [21850/100000]  elapsed=5053s  rate=4.3/s  eta=18073s  finite=7373
  [21860/100000]  elapsed=5055s  rate=4.3/s  eta=18070s  finite=7378
  [21870/100000]  elapsed=5057s  rate=4.3/s  eta=18068s  finite=7381
  [warn] sample 9 failed: 
  [21880/100000]  elapsed=5060s  rate=4.3/s  eta=18065s  finite=7383
  [21890/100000]  elapsed=5062s  rate=4.3/s  eta=18062s  finite=7384
  [21900/100000]  elapsed=5064s  rate=4.3/s  eta=18059s  finite=7388
  -> checkpoint saved: /scratch/e1498138/paper/ext/emri_g/lhs_f/ckpt_021900.pkl
  [21910/100000]  elapsed=5066s  rate=4.3/s  eta=18058s  finite=7392
  [21920/100000]  elapsed=5069s  rate=4.3/s  eta=18056s  finite=7395
  [21930/100000]  elapsed=5071s  rate=4.3/s  eta=18054s  finite=7398
  [21940/100000]  elapsed=5074s  rate=4.3/s  eta=18052s  finite=7403
  [21950/100000]  elapsed=5076s  rate=4.3/s  eta=18050s  finite=7407
  [21960/100000]  elapsed=5078s  rate=4.3/s  eta=18047s  finite=7411
  [21970/100000]  elapsed=5081s  rate=4.3/s  eta=18045s  finite=7413
  [21980/100000]  elapsed=5083s  rate=4.3/s  eta=18043s  finite=7417
  [warn] sample 3 failed: 
  [21990/100000]  elapsed=5085s  rate=4.3/s  eta=18040s  finite=7418
  [22000/100000]  elapsed=5087s  rate=4.3/s  eta=18037s  finite=7422
  -> checkpoint saved: /scratch/e1498138/paper/ext/emri_g/lhs_f/ckpt_022000.pkl
  [warn] sample 8 failed: This a (0.43385655), p0 (13.950735) and e0 (0.8981655000000001) combination is outside of our domain of validity.
  [22010/100000]  elapsed=5090s  rate=4.3/s  eta=18034s  finite=7426
  [22020/100000]  elapsed=5092s  rate=4.3/s  eta=18032s  finite=7431
  [22030/100000]  elapsed=5094s  rate=4.3/s  eta=18030s  finite=7434
  [22040/100000]  elapsed=5097s  rate=4.3/s  eta=18028s  finite=7436
  [22050/100000]  elapsed=5099s  rate=4.3/s  eta=18026s  finite=7439
  [22060/100000]  elapsed=5101s  rate=4.3/s  eta=18024s  finite=7442
  [warn] sample 9 failed: 
  [22070/100000]  elapsed=5104s  rate=4.3/s  eta=18021s  finite=7444
  [warn] sample 5 failed: 
  [22080/100000]  elapsed=5106s  rate=4.3/s  eta=18018s  finite=7447
  [22090/100000]  elapsed=5108s  rate=4.3/s  eta=18016s  finite=7451
  [22100/100000]  elapsed=5110s  rate=4.3/s  eta=18014s  finite=7455
  -> checkpoint saved: /scratch/e1498138/paper/ext/emri_g/lhs_f/ckpt_022100.pkl
  [22110/100000]  elapsed=5113s  rate=4.3/s  eta=18011s  finite=7456
  [22120/100000]  elapsed=5115s  rate=4.3/s  eta=18010s  finite=7462
  [22130/100000]  elapsed=5118s  rate=4.3/s  eta=18008s  finite=7464
  [22140/100000]  elapsed=5120s  rate=4.3/s  eta=18005s  finite=7468
  [22150/100000]  elapsed=5122s  rate=4.3/s  eta=18003s  finite=7473
  [22160/100000]  elapsed=5124s  rate=4.3/s  eta=18000s  finite=7478
  [22170/100000]  elapsed=5127s  rate=4.3/s  eta=17999s  finite=7483
  [22180/100000]  elapsed=5129s  rate=4.3/s  eta=17997s  finite=7486
  [22190/100000]  elapsed=5132s  rate=4.3/s  eta=17994s  finite=7492
  [22200/100000]  elapsed=5134s  rate=4.3/s  eta=17993s  finite=7496
  -> checkpoint saved: /scratch/e1498138/paper/ext/emri_g/lhs_f/ckpt_022200.pkl
  [22210/100000]  elapsed=5137s  rate=4.3/s  eta=17991s  finite=7498
  [22220/100000]  elapsed=5139s  rate=4.3/s  eta=17988s  finite=7500
  [22230/100000]  elapsed=5141s  rate=4.3/s  eta=17986s  finite=7504
  [22240/100000]  elapsed=5144s  rate=4.3/s  eta=17984s  finite=7505
  [22250/100000]  elapsed=5146s  rate=4.3/s  eta=17982s  finite=7513
  [22260/100000]  elapsed=5148s  rate=4.3/s  eta=17980s  finite=7517
  [22270/100000]  elapsed=5151s  rate=4.3/s  eta=17978s  finite=7519
  [22280/100000]  elapsed=5153s  rate=4.3/s  eta=17975s  finite=7523
  [22290/100000]  elapsed=5155s  rate=4.3/s  eta=17973s  finite=7524
  [22300/100000]  elapsed=5158s  rate=4.3/s  eta=17971s  finite=7527
  -> checkpoint saved: /scratch/e1498138/paper/ext/emri_g/lhs_f/ckpt_022300.pkl
  [22310/100000]  elapsed=5160s  rate=4.3/s  eta=17969s  finite=7528
  [22320/100000]  elapsed=5163s  rate=4.3/s  eta=17967s  finite=7534
  [22330/100000]  elapsed=5165s  rate=4.3/s  eta=17965s  finite=7538
  [22340/100000]  elapsed=5167s  rate=4.3/s  eta=17963s  finite=7540
  [22350/100000]  elapsed=5169s  rate=4.3/s  eta=17960s  finite=7543
  [warn] sample 5 failed: 
  [22360/100000]  elapsed=5172s  rate=4.3/s  eta=17957s  finite=7548
  [22370/100000]  elapsed=5174s  rate=4.3/s  eta=17955s  finite=7552
  [22380/100000]  elapsed=5176s  rate=4.3/s  eta=17953s  finite=7556
  [22390/100000]  elapsed=5179s  rate=4.3/s  eta=17951s  finite=7561
  [22400/100000]  elapsed=5181s  rate=4.3/s  eta=17949s  finite=7565
  -> checkpoint saved: /scratch/e1498138/paper/ext/emri_g/lhs_f/ckpt_022400.pkl
  [warn] sample 1 failed: This a (0.30962895), p0 (15.197355) and e0 (0.8975085) combination is outside of our domain of validity.
  [22410/100000]  elapsed=5183s  rate=4.3/s  eta=17946s  finite=7570
  [22420/100000]  elapsed=5185s  rate=4.3/s  eta=17943s  finite=7571
  [22430/100000]  elapsed=5188s  rate=4.3/s  eta=17940s  finite=7575
  [22440/100000]  elapsed=5190s  rate=4.3/s  eta=17939s  finite=7577
  [22450/100000]  elapsed=5192s  rate=4.3/s  eta=17937s  finite=7582
  [22460/100000]  elapsed=5195s  rate=4.3/s  eta=17935s  finite=7586
  [22470/100000]  elapsed=5197s  rate=4.3/s  eta=17933s  finite=7591
  [22480/100000]  elapsed=5200s  rate=4.3/s  eta=17931s  finite=7594
  [warn] sample 3 failed: 
  [warn] sample 7 failed: This a (0.41566815), p0 (14.428605) and e0 (0.8995515000000001) combination is outside of our domain of validity.
  [22490/100000]  elapsed=5202s  rate=4.3/s  eta=17927s  finite=7597
  [22500/100000]  elapsed=5204s  rate=4.3/s  eta=17925s  finite=7600
  -> checkpoint saved: /scratch/e1498138/paper/ext/emri_g/lhs_f/ckpt_022500.pkl
  [22510/100000]  elapsed=5206s  rate=4.3/s  eta=17923s  finite=7604
  [22520/100000]  elapsed=5209s  rate=4.3/s  eta=17921s  finite=7607
  [22530/100000]  elapsed=5211s  rate=4.3/s  eta=17920s  finite=7614
  [warn] sample 5 failed: 
  [22540/100000]  elapsed=5214s  rate=4.3/s  eta=17918s  finite=7619
  [22550/100000]  elapsed=5216s  rate=4.3/s  eta=17915s  finite=7621
  [22560/100000]  elapsed=5218s  rate=4.3/s  eta=17913s  finite=7623
  [22570/100000]  elapsed=5221s  rate=4.3/s  eta=17911s  finite=7626
  [22580/100000]  elapsed=5223s  rate=4.3/s  eta=17908s  finite=7627
  [22590/100000]  elapsed=5225s  rate=4.3/s  eta=17906s  finite=7631
  [22600/100000]  elapsed=5228s  rate=4.3/s  eta=17904s  finite=7636
  -> checkpoint saved: /scratch/e1498138/paper/ext/emri_g/lhs_f/ckpt_022600.pkl
  [22610/100000]  elapsed=5230s  rate=4.3/s  eta=17901s  finite=7638
  [22620/100000]  elapsed=5232s  rate=4.3/s  eta=17899s  finite=7638
  [warn] sample 4 failed: 
  [22630/100000]  elapsed=5234s  rate=4.3/s  eta=17896s  finite=7643
  [22640/100000]  elapsed=5237s  rate=4.3/s  eta=17894s  finite=7649
  [22650/100000]  elapsed=5239s  rate=4.3/s  eta=17892s  finite=7655
  [22660/100000]  elapsed=5241s  rate=4.3/s  eta=17889s  finite=7656
  [22670/100000]  elapsed=5244s  rate=4.3/s  eta=17887s  finite=7658
  [22680/100000]  elapsed=5246s  rate=4.3/s  eta=17885s  finite=7662
  [22690/100000]  elapsed=5249s  rate=4.3/s  eta=17884s  finite=7667
  [22700/100000]  elapsed=5251s  rate=4.3/s  eta=17881s  finite=7671
  -> checkpoint saved: /scratch/e1498138/paper/ext/emri_g/lhs_f/ckpt_022700.pkl
  [22710/100000]  elapsed=5253s  rate=4.3/s  eta=17879s  finite=7673
  [warn] sample 8 failed: 
  [22720/100000]  elapsed=5256s  rate=4.3/s  eta=17876s  finite=7675
  [22730/100000]  elapsed=5258s  rate=4.3/s  eta=17874s  finite=7681
  [22740/100000]  elapsed=5260s  rate=4.3/s  eta=17872s  finite=7683
  [22750/100000]  elapsed=5262s  rate=4.3/s  eta=17869s  finite=7684
  [22760/100000]  elapsed=5265s  rate=4.3/s  eta=17866s  finite=7686
  [22770/100000]  elapsed=5267s  rate=4.3/s  eta=17864s  finite=7687
  [22780/100000]  elapsed=5269s  rate=4.3/s  eta=17862s  finite=7690
  [22790/100000]  elapsed=5271s  rate=4.3/s  eta=17859s  finite=7694
  [warn] sample 0 failed: 
  [22800/100000]  elapsed=5274s  rate=4.3/s  eta=17857s  finite=7697
  -> checkpoint saved: /scratch/e1498138/paper/ext/emri_g/lhs_f/ckpt_022800.pkl
  [22810/100000]  elapsed=5276s  rate=4.3/s  eta=17855s  finite=7700
  [22820/100000]  elapsed=5279s  rate=4.3/s  eta=17854s  finite=7704
  [22830/100000]  elapsed=5281s  rate=4.3/s  eta=17852s  finite=7707
  [22840/100000]  elapsed=5284s  rate=4.3/s  eta=17849s  finite=7708
  [22850/100000]  elapsed=5286s  rate=4.3/s  eta=17847s  finite=7713
  [warn] sample 8 failed: 
  [22860/100000]  elapsed=5288s  rate=4.3/s  eta=17845s  finite=7714
  [warn] sample 7 failed: 
  [22870/100000]  elapsed=5290s  rate=4.3/s  eta=17842s  finite=7716
  [warn] sample 2 failed: 
  [22880/100000]  elapsed=5293s  rate=4.3/s  eta=17839s  finite=7717
  [22890/100000]  elapsed=5295s  rate=4.3/s  eta=17837s  finite=7721
  [22900/100000]  elapsed=5297s  rate=4.3/s  eta=17835s  finite=7726
  -> checkpoint saved: /scratch/e1498138/paper/ext/emri_g/lhs_f/ckpt_022900.pkl
  [22910/100000]  elapsed=5300s  rate=4.3/s  eta=17833s  finite=7731
  [22920/100000]  elapsed=5302s  rate=4.3/s  eta=17830s  finite=7734
  [warn] sample 2 failed: 
  [22930/100000]  elapsed=5304s  rate=4.3/s  eta=17828s  finite=7737
  [22940/100000]  elapsed=5306s  rate=4.3/s  eta=17825s  finite=7739
  [22950/100000]  elapsed=5309s  rate=4.3/s  eta=17823s  finite=7743
  [22960/100000]  elapsed=5311s  rate=4.3/s  eta=17821s  finite=7749
  [22970/100000]  elapsed=5314s  rate=4.3/s  eta=17819s  finite=7751
  [warn] sample 7 failed: 
  [22980/100000]  elapsed=5316s  rate=4.3/s  eta=17817s  finite=7754
  [warn] sample 0 failed: 
  [22990/100000]  elapsed=5318s  rate=4.3/s  eta=17814s  finite=7756
  [23000/100000]  elapsed=5320s  rate=4.3/s  eta=17812s  finite=7758
  -> checkpoint saved: /scratch/e1498138/paper/ext/emri_g/lhs_f/ckpt_023000.pkl
  [23010/100000]  elapsed=5323s  rate=4.3/s  eta=17809s  finite=7759
  [23020/100000]  elapsed=5325s  rate=4.3/s  eta=17807s  finite=7759
  [23030/100000]  elapsed=5327s  rate=4.3/s  eta=17805s  finite=7761
  [warn] sample 9 failed: 
  [23040/100000]  elapsed=5330s  rate=4.3/s  eta=17802s  finite=7766
  [23050/100000]  elapsed=5332s  rate=4.3/s  eta=17800s  finite=7770
  [warn] sample 4 failed: 
  [23060/100000]  elapsed=5334s  rate=4.3/s  eta=17797s  finite=7775
  [23070/100000]  elapsed=5336s  rate=4.3/s  eta=17795s  finite=7779
  [23080/100000]  elapsed=5339s  rate=4.3/s  eta=17793s  finite=7783
  [23090/100000]  elapsed=5341s  rate=4.3/s  eta=17791s  finite=7787
  [23100/100000]  elapsed=5344s  rate=4.3/s  eta=17789s  finite=7792
  -> checkpoint saved: /scratch/e1498138/paper/ext/emri_g/lhs_f/ckpt_023100.pkl
  [warn] sample 4 failed: This a (0.32634075), p0 (14.406675) and e0 (0.8948145000000001) combination is outside of our domain of validity.
  [23110/100000]  elapsed=5346s  rate=4.3/s  eta=17786s  finite=7796
  [23120/100000]  elapsed=5348s  rate=4.3/s  eta=17784s  finite=7800
  [23130/100000]  elapsed=5351s  rate=4.3/s  eta=17782s  finite=7806
  [23140/100000]  elapsed=5353s  rate=4.3/s  eta=17780s  finite=7806
  [23150/100000]  elapsed=5355s  rate=4.3/s  eta=17778s  finite=7807
  [warn] sample 3 failed: 
  [warn] sample 5 failed: This a (0.48711764999999996), p0 (13.920285) and e0 (0.8993715) combination is outside of our domain of validity.
  [23160/100000]  elapsed=5357s  rate=4.3/s  eta=17774s  finite=7812
  [23170/100000]  elapsed=5360s  rate=4.3/s  eta=17772s  finite=7814
  [23180/100000]  elapsed=5362s  rate=4.3/s  eta=17770s  finite=7816
  [23190/100000]  elapsed=5364s  rate=4.3/s  eta=17767s  finite=7820
  [23200/100000]  elapsed=5367s  rate=4.3/s  eta=17765s  finite=7823
  -> checkpoint saved: /scratch/e1498138/paper/ext/emri_g/lhs_f/ckpt_023200.pkl
  [23210/100000]  elapsed=5369s  rate=4.3/s  eta=17764s  finite=7826
  [23220/100000]  elapsed=5371s  rate=4.3/s  eta=17761s  finite=7830
  [23230/100000]  elapsed=5374s  rate=4.3/s  eta=17759s  finite=7832
  [23240/100000]  elapsed=5376s  rate=4.3/s  eta=17757s  finite=7834
  [23250/100000]  elapsed=5379s  rate=4.3/s  eta=17755s  finite=7837
  [23260/100000]  elapsed=5381s  rate=4.3/s  eta=17753s  finite=7840
  [warn] sample 4 failed: 
  [23270/100000]  elapsed=5383s  rate=4.3/s  eta=17750s  finite=7843
  [warn] sample 7 failed: 
  [23280/100000]  elapsed=5385s  rate=4.3/s  eta=17747s  finite=7846
  [23290/100000]  elapsed=5387s  rate=4.3/s  eta=17745s  finite=7848
  [23300/100000]  elapsed=5390s  rate=4.3/s  eta=17742s  finite=7852
  -> checkpoint saved: /scratch/e1498138/paper/ext/emri_g/lhs_f/ckpt_023300.pkl
  [23310/100000]  elapsed=5392s  rate=4.3/s  eta=17740s  finite=7854
  [warn] sample 9 failed: 
  [23320/100000]  elapsed=5394s  rate=4.3/s  eta=17737s  finite=7860
  [23330/100000]  elapsed=5396s  rate=4.3/s  eta=17735s  finite=7862
  [23340/100000]  elapsed=5399s  rate=4.3/s  eta=17732s  finite=7867
  [23350/100000]  elapsed=5401s  rate=4.3/s  eta=17731s  finite=7870
  [23360/100000]  elapsed=5404s  rate=4.3/s  eta=17729s  finite=7873
  [warn] sample 4 failed: 
  [23370/100000]  elapsed=5406s  rate=4.3/s  eta=17726s  finite=7875
  [warn] sample 2 failed: 
  [23380/100000]  elapsed=5408s  rate=4.3/s  eta=17723s  finite=7878
  [23390/100000]  elapsed=5410s  rate=4.3/s  eta=17721s  finite=7880
  [warn] sample 4 failed: 
  [23400/100000]  elapsed=5413s  rate=4.3/s  eta=17718s  finite=7880
  -> checkpoint saved: /scratch/e1498138/paper/ext/emri_g/lhs_f/ckpt_023400.pkl
  [23410/100000]  elapsed=5415s  rate=4.3/s  eta=17716s  finite=7885
  [23420/100000]  elapsed=5417s  rate=4.3/s  eta=17714s  finite=7886
  [23430/100000]  elapsed=5420s  rate=4.3/s  eta=17711s  finite=7890
  [warn] sample 1 failed: 
  [warn] sample 8 failed: This a (0.56703345), p0 (13.759005) and e0 (0.8977785) combination is outside of our domain of validity.
  [23440/100000]  elapsed=5422s  rate=4.3/s  eta=17708s  finite=7892
  [warn] sample 1 failed: This a (0.37267425), p0 (14.000145) and e0 (0.8908545000000001) combination is outside of our domain of validity.
  [23450/100000]  elapsed=5424s  rate=4.3/s  eta=17705s  finite=7895
  [23460/100000]  elapsed=5426s  rate=4.3/s  eta=17702s  finite=7898
  [23470/100000]  elapsed=5428s  rate=4.3/s  eta=17700s  finite=7901
  [23480/100000]  elapsed=5431s  rate=4.3/s  eta=17698s  finite=7905
  [23490/100000]  elapsed=5433s  rate=4.3/s  eta=17696s  finite=7907
  [warn] sample 0 failed: 
  [warn] sample 1 failed: 
  [warn] sample 2 failed: 
  [23500/100000]  elapsed=5435s  rate=4.3/s  eta=17692s  finite=7908
  -> checkpoint saved: /scratch/e1498138/paper/ext/emri_g/lhs_f/ckpt_023500.pkl
  [23510/100000]  elapsed=5437s  rate=4.3/s  eta=17690s  finite=7912
  [warn] sample 8 failed: 
  [23520/100000]  elapsed=5439s  rate=4.3/s  eta=17687s  finite=7915
  [23530/100000]  elapsed=5442s  rate=4.3/s  eta=17685s  finite=7917
  [warn] sample 7 failed: 
  [23540/100000]  elapsed=5444s  rate=4.3/s  eta=17682s  finite=7918
  [23550/100000]  elapsed=5446s  rate=4.3/s  eta=17680s  finite=7924
  [23560/100000]  elapsed=5448s  rate=4.3/s  eta=17677s  finite=7928
  [23570/100000]  elapsed=5451s  rate=4.3/s  eta=17675s  finite=7930
  [warn] sample 7 failed: 
  [23580/100000]  elapsed=5453s  rate=4.3/s  eta=17672s  finite=7933
  [23590/100000]  elapsed=5455s  rate=4.3/s  eta=17669s  finite=7937
  [23600/100000]  elapsed=5457s  rate=4.3/s  eta=17667s  finite=7940
  -> checkpoint saved: /scratch/e1498138/paper/ext/emri_g/lhs_f/ckpt_023600.pkl
  [23610/100000]  elapsed=5460s  rate=4.3/s  eta=17665s  finite=7944
  [23620/100000]  elapsed=5462s  rate=4.3/s  eta=17664s  finite=7948
  [warn] sample 5 failed: 
  [23630/100000]  elapsed=5465s  rate=4.3/s  eta=17661s  finite=7950
  [23640/100000]  elapsed=5467s  rate=4.3/s  eta=17659s  finite=7954
  [warn] sample 6 failed: 
  [23650/100000]  elapsed=5469s  rate=4.3/s  eta=17656s  finite=7957
  [23660/100000]  elapsed=5471s  rate=4.3/s  eta=17654s  finite=7962
  [23670/100000]  elapsed=5474s  rate=4.3/s  eta=17651s  finite=7966
  [23680/100000]  elapsed=5476s  rate=4.3/s  eta=17649s  finite=7969
  [23690/100000]  elapsed=5478s  rate=4.3/s  eta=17647s  finite=7972
  [warn] sample 1 failed: 
  [23700/100000]  elapsed=5481s  rate=4.3/s  eta=17644s  finite=7976
  -> checkpoint saved: /scratch/e1498138/paper/ext/emri_g/lhs_f/ckpt_023700.pkl
  [23710/100000]  elapsed=5483s  rate=4.3/s  eta=17642s  finite=7981
  [23720/100000]  elapsed=5485s  rate=4.3/s  eta=17640s  finite=7984
  [warn] sample 9 failed: 
  [23730/100000]  elapsed=5487s  rate=4.3/s  eta=17637s  finite=7988
  [warn] sample 2 failed: This a (0.44280584999999995), p0 (13.846665) and e0 (0.8954865000000001) combination is outside of our domain of validity.
  [23740/100000]  elapsed=5490s  rate=4.3/s  eta=17634s  finite=7993
  [23750/100000]  elapsed=5492s  rate=4.3/s  eta=17632s  finite=7997
  [23760/100000]  elapsed=5494s  rate=4.3/s  eta=17629s  finite=7999
  [23770/100000]  elapsed=5496s  rate=4.3/s  eta=17627s  finite=8004
  [23780/100000]  elapsed=5499s  rate=4.3/s  eta=17625s  finite=8007
  [23790/100000]  elapsed=5501s  rate=4.3/s  eta=17622s  finite=8009
  [23800/100000]  elapsed=5503s  rate=4.3/s  eta=17620s  finite=8012
  -> checkpoint saved: /scratch/e1498138/paper/ext/emri_g/lhs_f/ckpt_023800.pkl
  [23810/100000]  elapsed=5506s  rate=4.3/s  eta=17618s  finite=8016
  [23820/100000]  elapsed=5508s  rate=4.3/s  eta=17616s  finite=8020
  [warn] sample 8 failed: This a (0.32827965), p0 (13.607535) and e0 (0.8868285) combination is outside of our domain of validity.
  [23830/100000]  elapsed=5510s  rate=4.3/s  eta=17613s  finite=8025
  [23840/100000]  elapsed=5513s  rate=4.3/s  eta=17611s  finite=8030
  [23850/100000]  elapsed=5515s  rate=4.3/s  eta=17609s  finite=8031
  [23860/100000]  elapsed=5517s  rate=4.3/s  eta=17606s  finite=8034
  [23870/100000]  elapsed=5520s  rate=4.3/s  eta=17604s  finite=8037
  [23880/100000]  elapsed=5522s  rate=4.3/s  eta=17602s  finite=8041
  [warn] sample 1 failed: 
  [23890/100000]  elapsed=5524s  rate=4.3/s  eta=17599s  finite=8045
  [23900/100000]  elapsed=5527s  rate=4.3/s  eta=17597s  finite=8049
  -> checkpoint saved: /scratch/e1498138/paper/ext/emri_g/lhs_f/ckpt_023900.pkl
  [23910/100000]  elapsed=5529s  rate=4.3/s  eta=17595s  finite=8051
  [23920/100000]  elapsed=5531s  rate=4.3/s  eta=17592s  finite=8055
  [warn] sample 2 failed: 
  [23930/100000]  elapsed=5533s  rate=4.3/s  eta=17590s  finite=8061
  [warn] sample 3 failed: 
  [23940/100000]  elapsed=5536s  rate=4.3/s  eta=17587s  finite=8062
  [23950/100000]  elapsed=5538s  rate=4.3/s  eta=17585s  finite=8063
  [warn] sample 4 failed: 
  [warn] sample 7 failed: 
  [23960/100000]  elapsed=5540s  rate=4.3/s  eta=17582s  finite=8067
  [23970/100000]  elapsed=5542s  rate=4.3/s  eta=17579s  finite=8069
  [23980/100000]  elapsed=5544s  rate=4.3/s  eta=17577s  finite=8073
  [23990/100000]  elapsed=5547s  rate=4.3/s  eta=17575s  finite=8078
  [24000/100000]  elapsed=5549s  rate=4.3/s  eta=17572s  finite=8083
  -> checkpoint saved: /scratch/e1498138/paper/ext/emri_g/lhs_f/ckpt_024000.pkl
  [24010/100000]  elapsed=5552s  rate=4.3/s  eta=17571s  finite=8086
  [24020/100000]  elapsed=5554s  rate=4.3/s  eta=17568s  finite=8089
  [24030/100000]  elapsed=5556s  rate=4.3/s  eta=17566s  finite=8094
  [24040/100000]  elapsed=5559s  rate=4.3/s  eta=17564s  finite=8097
  [warn] sample 4 failed: 
  [24050/100000]  elapsed=5561s  rate=4.3/s  eta=17561s  finite=8098
  [warn] sample 5 failed: 
  [24060/100000]  elapsed=5563s  rate=4.3/s  eta=17559s  finite=8103
  [24070/100000]  elapsed=5565s  rate=4.3/s  eta=17556s  finite=8105
  [24080/100000]  elapsed=5568s  rate=4.3/s  eta=17554s  finite=8108
  [24090/100000]  elapsed=5570s  rate=4.3/s  eta=17552s  finite=8115
  [warn] sample 9 failed: This a (0.45785475), p0 (14.392215) and e0 (0.8984805) combination is outside of our domain of validity.
  [24100/100000]  elapsed=5572s  rate=4.3/s  eta=17549s  finite=8117
  -> checkpoint saved: /scratch/e1498138/paper/ext/emri_g/lhs_f/ckpt_024100.pkl
  [warn] sample 0 failed: 
  [24110/100000]  elapsed=5574s  rate=4.3/s  eta=17546s  finite=8120
  [24120/100000]  elapsed=5577s  rate=4.3/s  eta=17544s  finite=8124
  [24130/100000]  elapsed=5579s  rate=4.3/s  eta=17541s  finite=8128
  [24140/100000]  elapsed=5581s  rate=4.3/s  eta=17539s  finite=8132
  [24150/100000]  elapsed=5584s  rate=4.3/s  eta=17537s  finite=8136
  [warn] sample 1 failed: 
  [24160/100000]  elapsed=5586s  rate=4.3/s  eta=17534s  finite=8143
  [warn] sample 1 failed: 
  [24170/100000]  elapsed=5588s  rate=4.3/s  eta=17531s  finite=8147
  [24180/100000]  elapsed=5590s  rate=4.3/s  eta=17529s  finite=8152
  [24190/100000]  elapsed=5593s  rate=4.3/s  eta=17527s  finite=8155
  [24200/100000]  elapsed=5595s  rate=4.3/s  eta=17526s  finite=8157
  -> checkpoint saved: /scratch/e1498138/paper/ext/emri_g/lhs_f/ckpt_024200.pkl
  [24210/100000]  elapsed=5598s  rate=4.3/s  eta=17524s  finite=8161
  [warn] sample 3 failed: 
  [24220/100000]  elapsed=5600s  rate=4.3/s  eta=17521s  finite=8163
  [24230/100000]  elapsed=5602s  rate=4.3/s  eta=17518s  finite=8168
  [warn] sample 4 failed: 
  [24240/100000]  elapsed=5604s  rate=4.3/s  eta=17516s  finite=8170
  [24250/100000]  elapsed=5607s  rate=4.3/s  eta=17513s  finite=8174
  [warn] sample 9 failed: 
  [24260/100000]  elapsed=5609s  rate=4.3/s  eta=17511s  finite=8178
  [24270/100000]  elapsed=5611s  rate=4.3/s  eta=17509s  finite=8183
  [24280/100000]  elapsed=5614s  rate=4.3/s  eta=17507s  finite=8185
  [warn] sample 0 failed: 
  [24290/100000]  elapsed=5616s  rate=4.3/s  eta=17504s  finite=8188
  [warn] sample 3 failed: 
  [24300/100000]  elapsed=5618s  rate=4.3/s  eta=17502s  finite=8192
  -> checkpoint saved: /scratch/e1498138/paper/ext/emri_g/lhs_f/ckpt_024300.pkl
  [24310/100000]  elapsed=5621s  rate=4.3/s  eta=17500s  finite=8196
  [24320/100000]  elapsed=5623s  rate=4.3/s  eta=17497s  finite=8200
  [warn] sample 0 failed: 
  [warn] sample 3 failed: 
  [24330/100000]  elapsed=5625s  rate=4.3/s  eta=17494s  finite=8203
  [24340/100000]  elapsed=5627s  rate=4.3/s  eta=17492s  finite=8205
  [24350/100000]  elapsed=5630s  rate=4.3/s  eta=17490s  finite=8210
  [24360/100000]  elapsed=5632s  rate=4.3/s  eta=17488s  finite=8212
  [24370/100000]  elapsed=5634s  rate=4.3/s  eta=17485s  finite=8216
  [warn] sample 8 failed: 
  [24380/100000]  elapsed=5636s  rate=4.3/s  eta=17483s  finite=8219
  [24390/100000]  elapsed=5639s  rate=4.3/s  eta=17481s  finite=8224
  [24400/100000]  elapsed=5641s  rate=4.3/s  eta=17478s  finite=8227
  -> checkpoint saved: /scratch/e1498138/paper/ext/emri_g/lhs_f/ckpt_024400.pkl
  [24410/100000]  elapsed=5644s  rate=4.3/s  eta=17477s  finite=8233
  [24420/100000]  elapsed=5646s  rate=4.3/s  eta=17474s  finite=8239
  [warn] sample 2 failed: 
  [24430/100000]  elapsed=5648s  rate=4.3/s  eta=17471s  finite=8241
  [24440/100000]  elapsed=5650s  rate=4.3/s  eta=17469s  finite=8244
  [24450/100000]  elapsed=5653s  rate=4.3/s  eta=17467s  finite=8246
  [24460/100000]  elapsed=5655s  rate=4.3/s  eta=17464s  finite=8248
  [24470/100000]  elapsed=5657s  rate=4.3/s  eta=17462s  finite=8251
  [24480/100000]  elapsed=5660s  rate=4.3/s  eta=17460s  finite=8256
  [24490/100000]  elapsed=5662s  rate=4.3/s  eta=17457s  finite=8258
  [24500/100000]  elapsed=5664s  rate=4.3/s  eta=17455s  finite=8261
  -> checkpoint saved: /scratch/e1498138/paper/ext/emri_g/lhs_f/ckpt_024500.pkl
  [warn] sample 0 failed: 
  [warn] sample 7 failed: 
  [warn] sample 8 failed: 
  [24510/100000]  elapsed=5666s  rate=4.3/s  eta=17451s  finite=8264
  [24520/100000]  elapsed=5668s  rate=4.3/s  eta=17449s  finite=8269
  [warn] sample 9 failed: 
  [24530/100000]  elapsed=5671s  rate=4.3/s  eta=17447s  finite=8273
  [24540/100000]  elapsed=5673s  rate=4.3/s  eta=17445s  finite=8274
  [24550/100000]  elapsed=5675s  rate=4.3/s  eta=17442s  finite=8277
  [24560/100000]  elapsed=5678s  rate=4.3/s  eta=17441s  finite=8282
  [24570/100000]  elapsed=5680s  rate=4.3/s  eta=17438s  finite=8285
  [24580/100000]  elapsed=5683s  rate=4.3/s  eta=17436s  finite=8288
  [24590/100000]  elapsed=5685s  rate=4.3/s  eta=17434s  finite=8293
  [24600/100000]  elapsed=5687s  rate=4.3/s  eta=17432s  finite=8295
  -> checkpoint saved: /scratch/e1498138/paper/ext/emri_g/lhs_f/ckpt_024600.pkl
  [warn] sample 3 failed: This a (0.42958545), p0 (14.161305) and e0 (0.8990895000000001) combination is outside of our domain of validity.
  [24610/100000]  elapsed=5689s  rate=4.3/s  eta=17429s  finite=8299
  [warn] sample 0 failed: 
  [24620/100000]  elapsed=5692s  rate=4.3/s  eta=17426s  finite=8305
  [warn] sample 1 failed: 
  [24630/100000]  elapsed=5694s  rate=4.3/s  eta=17424s  finite=8307
  [24640/100000]  elapsed=5696s  rate=4.3/s  eta=17421s  finite=8310
  [24650/100000]  elapsed=5699s  rate=4.3/s  eta=17419s  finite=8315
  [24660/100000]  elapsed=5701s  rate=4.3/s  eta=17417s  finite=8319
  [warn] sample 3 failed: 
  [warn] sample 4 failed: 
  [24670/100000]  elapsed=5703s  rate=4.3/s  eta=17414s  finite=8323
  [24680/100000]  elapsed=5705s  rate=4.3/s  eta=17412s  finite=8329
  [24690/100000]  elapsed=5708s  rate=4.3/s  eta=17410s  finite=8333
  [24700/100000]  elapsed=5710s  rate=4.3/s  eta=17408s  finite=8336
  -> checkpoint saved: /scratch/e1498138/paper/ext/emri_g/lhs_f/ckpt_024700.pkl
  [warn] sample 7 failed: 
  [24710/100000]  elapsed=5712s  rate=4.3/s  eta=17406s  finite=8341
  [24720/100000]  elapsed=5715s  rate=4.3/s  eta=17403s  finite=8345
  [24730/100000]  elapsed=5717s  rate=4.3/s  eta=17401s  finite=8348
  [24740/100000]  elapsed=5719s  rate=4.3/s  eta=17399s  finite=8352
  [24750/100000]  elapsed=5722s  rate=4.3/s  eta=17397s  finite=8356
  [24760/100000]  elapsed=5724s  rate=4.3/s  eta=17394s  finite=8359
  [24770/100000]  elapsed=5726s  rate=4.3/s  eta=17392s  finite=8365
  [24780/100000]  elapsed=5729s  rate=4.3/s  eta=17390s  finite=8368
  [24790/100000]  elapsed=5731s  rate=4.3/s  eta=17388s  finite=8373
  [24800/100000]  elapsed=5734s  rate=4.3/s  eta=17386s  finite=8378
  -> checkpoint saved: /scratch/e1498138/paper/ext/emri_g/lhs_f/ckpt_024800.pkl
  [24810/100000]  elapsed=5736s  rate=4.3/s  eta=17383s  finite=8381
  [24820/100000]  elapsed=5738s  rate=4.3/s  eta=17381s  finite=8386
  [24830/100000]  elapsed=5740s  rate=4.3/s  eta=17379s  finite=8389
  [warn] sample 0 failed: 
  [24840/100000]  elapsed=5743s  rate=4.3/s  eta=17377s  finite=8392
  [24850/100000]  elapsed=5745s  rate=4.3/s  eta=17374s  finite=8397
  [24860/100000]  elapsed=5748s  rate=4.3/s  eta=17372s  finite=8399
  [24870/100000]  elapsed=5750s  rate=4.3/s  eta=17370s  finite=8403
  [warn] sample 8 failed: 
  [24880/100000]  elapsed=5752s  rate=4.3/s  eta=17367s  finite=8404
  [24890/100000]  elapsed=5754s  rate=4.3/s  eta=17365s  finite=8406
  [24900/100000]  elapsed=5757s  rate=4.3/s  eta=17362s  finite=8409
  -> checkpoint saved: /scratch/e1498138/paper/ext/emri_g/lhs_f/ckpt_024900.pkl
  [24910/100000]  elapsed=5759s  rate=4.3/s  eta=17360s  finite=8413
  [24920/100000]  elapsed=5761s  rate=4.3/s  eta=17358s  finite=8417
  [warn] sample 4 failed: 
  [24930/100000]  elapsed=5764s  rate=4.3/s  eta=17355s  finite=8420
  [24940/100000]  elapsed=5766s  rate=4.3/s  eta=17353s  finite=8422
  [24950/100000]  elapsed=5768s  rate=4.3/s  eta=17351s  finite=8428
  [24960/100000]  elapsed=5771s  rate=4.3/s  eta=17349s  finite=8430
  [24970/100000]  elapsed=5773s  rate=4.3/s  eta=17347s  finite=8432
  [24980/100000]  elapsed=5775s  rate=4.3/s  eta=17345s  finite=8437
  [24990/100000]  elapsed=5778s  rate=4.3/s  eta=17343s  finite=8443
  [warn] sample 3 failed: This a (0.39895634999999996), p0 (14.218365) and e0 (0.8939775000000001) combination is outside of our domain of validity.
  [25000/100000]  elapsed=5780s  rate=4.3/s  eta=17340s  finite=8446
  -> checkpoint saved: /scratch/e1498138/paper/ext/emri_g/lhs_f/ckpt_025000.pkl
  [25010/100000]  elapsed=5782s  rate=4.3/s  eta=17337s  finite=8446
  [25020/100000]  elapsed=5784s  rate=4.3/s  eta=17335s  finite=8450
  [25030/100000]  elapsed=5787s  rate=4.3/s  eta=17333s  finite=8453
  [25040/100000]  elapsed=5789s  rate=4.3/s  eta=17330s  finite=8455
  [25050/100000]  elapsed=5791s  rate=4.3/s  eta=17328s  finite=8460
  [25060/100000]  elapsed=5794s  rate=4.3/s  eta=17325s  finite=8462
  [25070/100000]  elapsed=5796s  rate=4.3/s  eta=17323s  finite=8466
  [25080/100000]  elapsed=5798s  rate=4.3/s  eta=17321s  finite=8471
  [25090/100000]  elapsed=5801s  rate=4.3/s  eta=17319s  finite=8474
  [25100/100000]  elapsed=5803s  rate=4.3/s  eta=17316s  finite=8479
  -> checkpoint saved: /scratch/e1498138/paper/ext/emri_g/lhs_f/ckpt_025100.pkl
  [25110/100000]  elapsed=5805s  rate=4.3/s  eta=17314s  finite=8484
  [25120/100000]  elapsed=5808s  rate=4.3/s  eta=17312s  finite=8487
  [warn] sample 2 failed: This a (0.42887474999999997), p0 (14.553945) and e0 (0.8986005) combination is outside of our domain of validity.
  [25130/100000]  elapsed=5810s  rate=4.3/s  eta=17309s  finite=8490
  [25140/100000]  elapsed=5812s  rate=4.3/s  eta=17307s  finite=8490
  [25150/100000]  elapsed=5814s  rate=4.3/s  eta=17304s  finite=8494
  [25160/100000]  elapsed=5817s  rate=4.3/s  eta=17302s  finite=8497
  [warn] sample 4 failed: 
  [25170/100000]  elapsed=5819s  rate=4.3/s  eta=17300s  finite=8499
  [25180/100000]  elapsed=5821s  rate=4.3/s  eta=17297s  finite=8503
  [25190/100000]  elapsed=5824s  rate=4.3/s  eta=17295s  finite=8509
  [25200/100000]  elapsed=5826s  rate=4.3/s  eta=17293s  finite=8514
  -> checkpoint saved: /scratch/e1498138/paper/ext/emri_g/lhs_f/ckpt_025200.pkl
  [25210/100000]  elapsed=5828s  rate=4.3/s  eta=17290s  finite=8514
  [25220/100000]  elapsed=5830s  rate=4.3/s  eta=17288s  finite=8518
  [25230/100000]  elapsed=5833s  rate=4.3/s  eta=17286s  finite=8522
  [25240/100000]  elapsed=5835s  rate=4.3/s  eta=17283s  finite=8525
  [25250/100000]  elapsed=5837s  rate=4.3/s  eta=17281s  finite=8527
  [25260/100000]  elapsed=5840s  rate=4.3/s  eta=17279s  finite=8529
  [25270/100000]  elapsed=5842s  rate=4.3/s  eta=17277s  finite=8533
  [25280/100000]  elapsed=5845s  rate=4.3/s  eta=17275s  finite=8535
  [25290/100000]  elapsed=5847s  rate=4.3/s  eta=17272s  finite=8539
  [25300/100000]  elapsed=5849s  rate=4.3/s  eta=17271s  finite=8543
  -> checkpoint saved: /scratch/e1498138/paper/ext/emri_g/lhs_f/ckpt_025300.pkl
  [25310/100000]  elapsed=5852s  rate=4.3/s  eta=17268s  finite=8546
  [25320/100000]  elapsed=5854s  rate=4.3/s  eta=17266s  finite=8549
  [warn] sample 6 failed: 
  [25330/100000]  elapsed=5856s  rate=4.3/s  eta=17263s  finite=8551
  [25340/100000]  elapsed=5859s  rate=4.3/s  eta=17261s  finite=8556
  [25350/100000]  elapsed=5861s  rate=4.3/s  eta=17259s  finite=8558
  [25360/100000]  elapsed=5863s  rate=4.3/s  eta=17257s  finite=8560
  [25370/100000]  elapsed=5865s  rate=4.3/s  eta=17254s  finite=8564
  [25380/100000]  elapsed=5868s  rate=4.3/s  eta=17252s  finite=8567
  [25390/100000]  elapsed=5870s  rate=4.3/s  eta=17249s  finite=8571
  [warn] sample 2 failed: 
  [25400/100000]  elapsed=5872s  rate=4.3/s  eta=17246s  finite=8575
  -> checkpoint saved: /scratch/e1498138/paper/ext/emri_g/lhs_f/ckpt_025400.pkl
  [25410/100000]  elapsed=5874s  rate=4.3/s  eta=17244s  finite=8580
  [25420/100000]  elapsed=5877s  rate=4.3/s  eta=17242s  finite=8584
  [25430/100000]  elapsed=5879s  rate=4.3/s  eta=17240s  finite=8590
  [25440/100000]  elapsed=5881s  rate=4.3/s  eta=17237s  finite=8593
  [25450/100000]  elapsed=5884s  rate=4.3/s  eta=17235s  finite=8593
  [25460/100000]  elapsed=5887s  rate=4.3/s  eta=17235s  finite=8594
  [25470/100000]  elapsed=5889s  rate=4.3/s  eta=17233s  finite=8596
  [25480/100000]  elapsed=5892s  rate=4.3/s  eta=17231s  finite=8599
  [25490/100000]  elapsed=5894s  rate=4.3/s  eta=17228s  finite=8601
  [25500/100000]  elapsed=5896s  rate=4.3/s  eta=17226s  finite=8606
  -> checkpoint saved: /scratch/e1498138/paper/ext/emri_g/lhs_f/ckpt_025500.pkl
  [25510/100000]  elapsed=5899s  rate=4.3/s  eta=17224s  finite=8609
  [25520/100000]  elapsed=5901s  rate=4.3/s  eta=17222s  finite=8611
  [25530/100000]  elapsed=5903s  rate=4.3/s  eta=17220s  finite=8615
  [25540/100000]  elapsed=5906s  rate=4.3/s  eta=17217s  finite=8617
  [25550/100000]  elapsed=5908s  rate=4.3/s  eta=17215s  finite=8618
  [25560/100000]  elapsed=5910s  rate=4.3/s  eta=17212s  finite=8623
  [25570/100000]  elapsed=5912s  rate=4.3/s  eta=17210s  finite=8625
  [warn] sample 0 failed: 
  [25580/100000]  elapsed=5915s  rate=4.3/s  eta=17207s  finite=8629
  [warn] sample 2 failed: 
  [25590/100000]  elapsed=5917s  rate=4.3/s  eta=17205s  finite=8632
  [25600/100000]  elapsed=5919s  rate=4.3/s  eta=17202s  finite=8635
  -> checkpoint saved: /scratch/e1498138/paper/ext/emri_g/lhs_f/ckpt_025600.pkl
  [25610/100000]  elapsed=5921s  rate=4.3/s  eta=17200s  finite=8637
  [25620/100000]  elapsed=5924s  rate=4.3/s  eta=17197s  finite=8640
  [25630/100000]  elapsed=5926s  rate=4.3/s  eta=17195s  finite=8645
  [25640/100000]  elapsed=5928s  rate=4.3/s  eta=17193s  finite=8651
  [25650/100000]  elapsed=5931s  rate=4.3/s  eta=17191s  finite=8652
  [warn] sample 2 failed: 
  [warn] sample 8 failed: 
  [25660/100000]  elapsed=5933s  rate=4.3/s  eta=17188s  finite=8655
  [25670/100000]  elapsed=5935s  rate=4.3/s  eta=17185s  finite=8659
  [warn] sample 8 failed: 
  [25680/100000]  elapsed=5937s  rate=4.3/s  eta=17183s  finite=8662
  [25690/100000]  elapsed=5940s  rate=4.3/s  eta=17181s  finite=8666
  [warn] sample 6 failed: 
  [25700/100000]  elapsed=5942s  rate=4.3/s  eta=17178s  finite=8670
  -> checkpoint saved: /scratch/e1498138/paper/ext/emri_g/lhs_f/ckpt_025700.pkl
  [25710/100000]  elapsed=5944s  rate=4.3/s  eta=17175s  finite=8672
  [warn] sample 5 failed: 
  [warn] sample 9 failed: 
  [25720/100000]  elapsed=5946s  rate=4.3/s  eta=17173s  finite=8678
  [warn] sample 1 failed: 
  [warn] sample 8 failed: 
  [25730/100000]  elapsed=5948s  rate=4.3/s  eta=17170s  finite=8681
  [25740/100000]  elapsed=5951s  rate=4.3/s  eta=17168s  finite=8683
  [25750/100000]  elapsed=5953s  rate=4.3/s  eta=17166s  finite=8687
  [25760/100000]  elapsed=5955s  rate=4.3/s  eta=17163s  finite=8689
  [25770/100000]  elapsed=5958s  rate=4.3/s  eta=17161s  finite=8691
  [25780/100000]  elapsed=5960s  rate=4.3/s  eta=17159s  finite=8693
  [25790/100000]  elapsed=5962s  rate=4.3/s  eta=17156s  finite=8695
  [warn] sample 3 failed: This a (0.47193765), p0 (14.197485) and e0 (0.8981715) combination is outside of our domain of validity.
  [warn] sample 6 failed: 
  [25800/100000]  elapsed=5964s  rate=4.3/s  eta=17153s  finite=8698
  -> checkpoint saved: /scratch/e1498138/paper/ext/emri_g/lhs_f/ckpt_025800.pkl
  [25810/100000]  elapsed=5966s  rate=4.3/s  eta=17150s  finite=8700
  [25820/100000]  elapsed=5969s  rate=4.3/s  eta=17148s  finite=8703
  [25830/100000]  elapsed=5971s  rate=4.3/s  eta=17146s  finite=8707
  [warn] sample 5 failed: This a (0.34407375), p0 (13.510515) and e0 (0.8960325) combination is outside of our domain of validity.
  [25840/100000]  elapsed=5973s  rate=4.3/s  eta=17143s  finite=8707
  [25850/100000]  elapsed=5975s  rate=4.3/s  eta=17140s  finite=8711
  [warn] sample 5 failed: 
  [25860/100000]  elapsed=5977s  rate=4.3/s  eta=17137s  finite=8716
  [25870/100000]  elapsed=5980s  rate=4.3/s  eta=17135s  finite=8718
  [25880/100000]  elapsed=5982s  rate=4.3/s  eta=17132s  finite=8724
  [25890/100000]  elapsed=5984s  rate=4.3/s  eta=17130s  finite=8730
  [25900/100000]  elapsed=5987s  rate=4.3/s  eta=17128s  finite=8731
  -> checkpoint saved: /scratch/e1498138/paper/ext/emri_g/lhs_f/ckpt_025900.pkl
  [25910/100000]  elapsed=5989s  rate=4.3/s  eta=17125s  finite=8734
  [25920/100000]  elapsed=5991s  rate=4.3/s  eta=17123s  finite=8738
  [25930/100000]  elapsed=5994s  rate=4.3/s  eta=17121s  finite=8740
  [25940/100000]  elapsed=5996s  rate=4.3/s  eta=17120s  finite=8744
  [25950/100000]  elapsed=5999s  rate=4.3/s  eta=17117s  finite=8748
  [warn] sample 8 failed: 
  [25960/100000]  elapsed=6001s  rate=4.3/s  eta=17115s  finite=8751
  [25970/100000]  elapsed=6003s  rate=4.3/s  eta=17112s  finite=8755
  [25980/100000]  elapsed=6005s  rate=4.3/s  eta=17110s  finite=8758
  [25990/100000]  elapsed=6008s  rate=4.3/s  eta=17107s  finite=8760
  [26000/100000]  elapsed=6010s  rate=4.3/s  eta=17105s  finite=8763
  -> checkpoint saved: /scratch/e1498138/paper/ext/emri_g/lhs_f/ckpt_026000.pkl
  [26010/100000]  elapsed=6012s  rate=4.3/s  eta=17102s  finite=8763
  [26020/100000]  elapsed=6014s  rate=4.3/s  eta=17100s  finite=8767
  [26030/100000]  elapsed=6017s  rate=4.3/s  eta=17098s  finite=8772
  [26040/100000]  elapsed=6019s  rate=4.3/s  eta=17096s  finite=8775
  [26050/100000]  elapsed=6022s  rate=4.3/s  eta=17094s  finite=8777
  [26060/100000]  elapsed=6024s  rate=4.3/s  eta=17091s  finite=8782
  [warn] sample 6 failed: 
  [warn] sample 8 failed: 
  [26070/100000]  elapsed=6026s  rate=4.3/s  eta=17089s  finite=8785
  [26080/100000]  elapsed=6028s  rate=4.3/s  eta=17086s  finite=8789
  [26090/100000]  elapsed=6031s  rate=4.3/s  eta=17084s  finite=8792
  [warn] sample 5 failed: 
  [26100/100000]  elapsed=6033s  rate=4.3/s  eta=17082s  finite=8795
  -> checkpoint saved: /scratch/e1498138/paper/ext/emri_g/lhs_f/ckpt_026100.pkl
  [warn] sample 0 failed: 
  [26110/100000]  elapsed=6035s  rate=4.3/s  eta=17079s  finite=8798
  [warn] sample 7 failed: 
  [26120/100000]  elapsed=6037s  rate=4.3/s  eta=17076s  finite=8802
  [26130/100000]  elapsed=6040s  rate=4.3/s  eta=17074s  finite=8807
  [warn] sample 4 failed: 
  [26140/100000]  elapsed=6042s  rate=4.3/s  eta=17072s  finite=8809
  [26150/100000]  elapsed=6044s  rate=4.3/s  eta=17069s  finite=8810
  [26160/100000]  elapsed=6046s  rate=4.3/s  eta=17067s  finite=8815
  [26170/100000]  elapsed=6049s  rate=4.3/s  eta=17065s  finite=8818
  [26180/100000]  elapsed=6051s  rate=4.3/s  eta=17063s  finite=8821
  [26190/100000]  elapsed=6053s  rate=4.3/s  eta=17060s  finite=8825
  [warn] sample 4 failed: 
  [26200/100000]  elapsed=6056s  rate=4.3/s  eta=17057s  finite=8828
  -> checkpoint saved: /scratch/e1498138/paper/ext/emri_g/lhs_f/ckpt_026200.pkl
  [26210/100000]  elapsed=6058s  rate=4.3/s  eta=17055s  finite=8831
  [26220/100000]  elapsed=6060s  rate=4.3/s  eta=17053s  finite=8833
  [26230/100000]  elapsed=6063s  rate=4.3/s  eta=17051s  finite=8835
  [26240/100000]  elapsed=6065s  rate=4.3/s  eta=17048s  finite=8838
  [warn] sample 6 failed: 
  [26250/100000]  elapsed=6067s  rate=4.3/s  eta=17046s  finite=8843
  [26260/100000]  elapsed=6070s  rate=4.3/s  eta=17044s  finite=8848
  [26270/100000]  elapsed=6072s  rate=4.3/s  eta=17041s  finite=8850
  [26280/100000]  elapsed=6074s  rate=4.3/s  eta=17039s  finite=8855
  [26290/100000]  elapsed=6077s  rate=4.3/s  eta=17037s  finite=8859
  [26300/100000]  elapsed=6079s  rate=4.3/s  eta=17035s  finite=8865
  -> checkpoint saved: /scratch/e1498138/paper/ext/emri_g/lhs_f/ckpt_026300.pkl
  [26310/100000]  elapsed=6081s  rate=4.3/s  eta=17033s  finite=8869
  [26320/100000]  elapsed=6084s  rate=4.3/s  eta=17030s  finite=8872
  [26330/100000]  elapsed=6086s  rate=4.3/s  eta=17028s  finite=8872
  [26340/100000]  elapsed=6088s  rate=4.3/s  eta=17025s  finite=8877
  [26350/100000]  elapsed=6090s  rate=4.3/s  eta=17023s  finite=8881
  [26360/100000]  elapsed=6093s  rate=4.3/s  eta=17021s  finite=8883
  [26370/100000]  elapsed=6095s  rate=4.3/s  eta=17018s  finite=8885
  [warn] sample 0 failed: 
  [26380/100000]  elapsed=6097s  rate=4.3/s  eta=17015s  finite=8887
  [26390/100000]  elapsed=6099s  rate=4.3/s  eta=17013s  finite=8893
  [warn] sample 3 failed: 
  [26400/100000]  elapsed=6101s  rate=4.3/s  eta=17010s  finite=8894
  -> checkpoint saved: /scratch/e1498138/paper/ext/emri_g/lhs_f/ckpt_026400.pkl
  [warn] sample 5 failed: This a (0.39911505), p0 (13.774485) and e0 (0.8953905000000001) combination is outside of our domain of validity.
  [26410/100000]  elapsed=6103s  rate=4.3/s  eta=17007s  finite=8898
  [26420/100000]  elapsed=6106s  rate=4.3/s  eta=17005s  finite=8903
  [26430/100000]  elapsed=6108s  rate=4.3/s  eta=17002s  finite=8909
  [26440/100000]  elapsed=6110s  rate=4.3/s  eta=17000s  finite=8914
  [warn] sample 4 failed: 
  [warn] sample 9 failed: 
  [26450/100000]  elapsed=6112s  rate=4.3/s  eta=16997s  finite=8917
  [26460/100000]  elapsed=6115s  rate=4.3/s  eta=16995s  finite=8921
  [26470/100000]  elapsed=6117s  rate=4.3/s  eta=16993s  finite=8924
  [warn] sample 9 failed: 
  [26480/100000]  elapsed=6119s  rate=4.3/s  eta=16990s  finite=8925
  [26490/100000]  elapsed=6122s  rate=4.3/s  eta=16988s  finite=8930
  [26500/100000]  elapsed=6124s  rate=4.3/s  eta=16985s  finite=8932
  -> checkpoint saved: /scratch/e1498138/paper/ext/emri_g/lhs_f/ckpt_026500.pkl
  [26510/100000]  elapsed=6126s  rate=4.3/s  eta=16983s  finite=8936
  [26520/100000]  elapsed=6129s  rate=4.3/s  eta=16981s  finite=8939
  [26530/100000]  elapsed=6131s  rate=4.3/s  eta=16978s  finite=8946
  [26540/100000]  elapsed=6133s  rate=4.3/s  eta=16976s  finite=8949
  [warn] sample 7 failed: This a (0.50596845), p0 (13.563975) and e0 (0.8984295) combination is outside of our domain of validity.
  [26550/100000]  elapsed=6135s  rate=4.3/s  eta=16972s  finite=8950
  [26560/100000]  elapsed=6137s  rate=4.3/s  eta=16970s  finite=8956
  [26570/100000]  elapsed=6140s  rate=4.3/s  eta=16968s  finite=8958
  [warn] sample 3 failed: 
  [26580/100000]  elapsed=6142s  rate=4.3/s  eta=16965s  finite=8964
  [26590/100000]  elapsed=6144s  rate=4.3/s  eta=16963s  finite=8967
  [warn] sample 2 failed: 
  [26600/100000]  elapsed=6146s  rate=4.3/s  eta=16960s  finite=8971
  -> checkpoint saved: /scratch/e1498138/paper/ext/emri_g/lhs_f/ckpt_026600.pkl
  [26610/100000]  elapsed=6149s  rate=4.3/s  eta=16958s  finite=8973
  [26620/100000]  elapsed=6151s  rate=4.3/s  eta=16956s  finite=8978
  [26630/100000]  elapsed=6153s  rate=4.3/s  eta=16953s  finite=8982
  [26640/100000]  elapsed=6156s  rate=4.3/s  eta=16951s  finite=8987
  [warn] sample 4 failed: 
  [26650/100000]  elapsed=6158s  rate=4.3/s  eta=16948s  finite=8990
  [26660/100000]  elapsed=6160s  rate=4.3/s  eta=16946s  finite=8994
  [26670/100000]  elapsed=6163s  rate=4.3/s  eta=16945s  finite=8999
  [26680/100000]  elapsed=6165s  rate=4.3/s  eta=16942s  finite=9002
  [warn] sample 6 failed: 
  [warn] sample 7 failed: 
  [26690/100000]  elapsed=6167s  rate=4.3/s  eta=16939s  finite=9005
  [26700/100000]  elapsed=6169s  rate=4.3/s  eta=16937s  finite=9010
  -> checkpoint saved: /scratch/e1498138/paper/ext/emri_g/lhs_f/ckpt_026700.pkl
  [warn] sample 9 failed: 
  [26710/100000]  elapsed=6172s  rate=4.3/s  eta=16935s  finite=9015
  [26720/100000]  elapsed=6174s  rate=4.3/s  eta=16932s  finite=9019
  [26730/100000]  elapsed=6176s  rate=4.3/s  eta=16930s  finite=9023
  [26740/100000]  elapsed=6179s  rate=4.3/s  eta=16928s  finite=9028
  [warn] sample 2 failed: This a (0.53278185), p0 (13.623975) and e0 (0.8934435000000001) combination is outside of our domain of validity.
  [26750/100000]  elapsed=6181s  rate=4.3/s  eta=16925s  finite=9032
  [26760/100000]  elapsed=6183s  rate=4.3/s  eta=16923s  finite=9036
  [warn] sample 4 failed: 
  [26770/100000]  elapsed=6185s  rate=4.3/s  eta=16920s  finite=9037
  [26780/100000]  elapsed=6188s  rate=4.3/s  eta=16918s  finite=9040
  [26790/100000]  elapsed=6190s  rate=4.3/s  eta=16916s  finite=9043
  [warn] sample 1 failed: 
  [26800/100000]  elapsed=6192s  rate=4.3/s  eta=16913s  finite=9047
  -> checkpoint saved: /scratch/e1498138/paper/ext/emri_g/lhs_f/ckpt_026800.pkl
  [warn] sample 0 failed: 
  [warn] sample 6 failed: 
  [26810/100000]  elapsed=6194s  rate=4.3/s  eta=16911s  finite=9049
  [26820/100000]  elapsed=6197s  rate=4.3/s  eta=16908s  finite=9051
  [warn] sample 8 failed: 
  [26830/100000]  elapsed=6199s  rate=4.3/s  eta=16905s  finite=9054
  [26840/100000]  elapsed=6201s  rate=4.3/s  eta=16903s  finite=9055
  [26850/100000]  elapsed=6203s  rate=4.3/s  eta=16901s  finite=9057
  [26860/100000]  elapsed=6206s  rate=4.3/s  eta=16898s  finite=9057
  [26870/100000]  elapsed=6208s  rate=4.3/s  eta=16895s  finite=9061
  [26880/100000]  elapsed=6210s  rate=4.3/s  eta=16893s  finite=9066
  [26890/100000]  elapsed=6213s  rate=4.3/s  eta=16891s  finite=9070
  [26900/100000]  elapsed=6215s  rate=4.3/s  eta=16888s  finite=9071
  -> checkpoint saved: /scratch/e1498138/paper/ext/emri_g/lhs_f/ckpt_026900.pkl
  [26910/100000]  elapsed=6217s  rate=4.3/s  eta=16886s  finite=9072
  [26920/100000]  elapsed=6219s  rate=4.3/s  eta=16883s  finite=9075
  [warn] sample 9 failed: 
  [26930/100000]  elapsed=6221s  rate=4.3/s  eta=16880s  finite=9076
  [26940/100000]  elapsed=6224s  rate=4.3/s  eta=16878s  finite=9079
  [warn] sample 3 failed: 
  [26950/100000]  elapsed=6226s  rate=4.3/s  eta=16876s  finite=9082
  [warn] sample 7 failed: 
  [26960/100000]  elapsed=6228s  rate=4.3/s  eta=16873s  finite=9084
  [warn] sample 3 failed: 
  [26970/100000]  elapsed=6230s  rate=4.3/s  eta=16870s  finite=9088
  [26980/100000]  elapsed=6233s  rate=4.3/s  eta=16868s  finite=9095
  [26990/100000]  elapsed=6235s  rate=4.3/s  eta=16866s  finite=9097
  [27000/100000]  elapsed=6237s  rate=4.3/s  eta=16863s  finite=9099
  -> checkpoint saved: /scratch/e1498138/paper/ext/emri_g/lhs_f/ckpt_027000.pkl
  [27010/100000]  elapsed=6240s  rate=4.3/s  eta=16862s  finite=9105
  [warn] sample 3 failed: This a (0.41188695), p0 (13.555665) and e0 (0.8932725) combination is outside of our domain of validity.
  [27020/100000]  elapsed=6242s  rate=4.3/s  eta=16859s  finite=9105
  [27030/100000]  elapsed=6244s  rate=4.3/s  eta=16856s  finite=9107
  [27040/100000]  elapsed=6246s  rate=4.3/s  eta=16854s  finite=9109
  [27050/100000]  elapsed=6249s  rate=4.3/s  eta=16851s  finite=9110
  [warn] sample 0 failed: 
  [27060/100000]  elapsed=6251s  rate=4.3/s  eta=16849s  finite=9114
  [27070/100000]  elapsed=6253s  rate=4.3/s  eta=16846s  finite=9118
  [27080/100000]  elapsed=6255s  rate=4.3/s  eta=16844s  finite=9121
  [warn] sample 2 failed: 
  [warn] sample 6 failed: 
  [27090/100000]  elapsed=6257s  rate=4.3/s  eta=16841s  finite=9123
  [27100/100000]  elapsed=6260s  rate=4.3/s  eta=16838s  finite=9126
  -> checkpoint saved: /scratch/e1498138/paper/ext/emri_g/lhs_f/ckpt_027100.pkl
  [27110/100000]  elapsed=6262s  rate=4.3/s  eta=16836s  finite=9128
  [27120/100000]  elapsed=6264s  rate=4.3/s  eta=16834s  finite=9130
  [27130/100000]  elapsed=6266s  rate=4.3/s  eta=16831s  finite=9130
  [27140/100000]  elapsed=6269s  rate=4.3/s  eta=16829s  finite=9134
  [27150/100000]  elapsed=6271s  rate=4.3/s  eta=16827s  finite=9138
  [27160/100000]  elapsed=6273s  rate=4.3/s  eta=16824s  finite=9140
  [27170/100000]  elapsed=6276s  rate=4.3/s  eta=16822s  finite=9144
  [warn] sample 5 failed: 
  [27180/100000]  elapsed=6278s  rate=4.3/s  eta=16819s  finite=9147
  [27190/100000]  elapsed=6280s  rate=4.3/s  eta=16817s  finite=9149
  [27200/100000]  elapsed=6282s  rate=4.3/s  eta=16814s  finite=9151
  -> checkpoint saved: /scratch/e1498138/paper/ext/emri_g/lhs_f/ckpt_027200.pkl
  [27210/100000]  elapsed=6285s  rate=4.3/s  eta=16812s  finite=9155
  [27220/100000]  elapsed=6287s  rate=4.3/s  eta=16810s  finite=9157
  [27230/100000]  elapsed=6290s  rate=4.3/s  eta=16809s  finite=9161
  [warn] sample 0 failed: 
  [27240/100000]  elapsed=6292s  rate=4.3/s  eta=16806s  finite=9163
  [warn] sample 3 failed: 
  [warn] sample 9 failed: This a (0.49881315), p0 (13.620195) and e0 (0.8912325000000001) combination is outside of our domain of validity.
  [27250/100000]  elapsed=6294s  rate=4.3/s  eta=16802s  finite=9164
  [warn] sample 8 failed: This a (0.54785145), p0 (13.827795) and e0 (0.8970855) combination is outside of our domain of validity.
  [27260/100000]  elapsed=6296s  rate=4.3/s  eta=16799s  finite=9166
  [27270/100000]  elapsed=6298s  rate=4.3/s  eta=16797s  finite=9168
  [27280/100000]  elapsed=6300s  rate=4.3/s  eta=16795s  finite=9170
  [warn] sample 4 failed: 
  [27290/100000]  elapsed=6303s  rate=4.3/s  eta=16792s  finite=9173
  [27300/100000]  elapsed=6305s  rate=4.3/s  eta=16790s  finite=9177
  -> checkpoint saved: /scratch/e1498138/paper/ext/emri_g/lhs_f/ckpt_027300.pkl
  [27310/100000]  elapsed=6307s  rate=4.3/s  eta=16788s  finite=9180
  [27320/100000]  elapsed=6310s  rate=4.3/s  eta=16786s  finite=9185
  [27330/100000]  elapsed=6312s  rate=4.3/s  eta=16784s  finite=9187
  [warn] sample 6 failed: 
  [27340/100000]  elapsed=6314s  rate=4.3/s  eta=16781s  finite=9190
  [27350/100000]  elapsed=6317s  rate=4.3/s  eta=16779s  finite=9195
  [27360/100000]  elapsed=6319s  rate=4.3/s  eta=16777s  finite=9199
  [27370/100000]  elapsed=6321s  rate=4.3/s  eta=16774s  finite=9201
  [27380/100000]  elapsed=6324s  rate=4.3/s  eta=16772s  finite=9204
  [27390/100000]  elapsed=6326s  rate=4.3/s  eta=16770s  finite=9208
  [27400/100000]  elapsed=6328s  rate=4.3/s  eta=16767s  finite=9213
  -> checkpoint saved: /scratch/e1498138/paper/ext/emri_g/lhs_f/ckpt_027400.pkl
  [warn] sample 7 failed: 
  [27410/100000]  elapsed=6330s  rate=4.3/s  eta=16765s  finite=9217
  [27420/100000]  elapsed=6333s  rate=4.3/s  eta=16762s  finite=9220
  [27430/100000]  elapsed=6335s  rate=4.3/s  eta=16760s  finite=9225
  [27440/100000]  elapsed=6337s  rate=4.3/s  eta=16758s  finite=9228
  [27450/100000]  elapsed=6339s  rate=4.3/s  eta=16755s  finite=9234
  [27460/100000]  elapsed=6342s  rate=4.3/s  eta=16753s  finite=9239
  [27470/100000]  elapsed=6344s  rate=4.3/s  eta=16751s  finite=9241
  [warn] sample 6 failed: 
  [27480/100000]  elapsed=6346s  rate=4.3/s  eta=16748s  finite=9244
  [27490/100000]  elapsed=6349s  rate=4.3/s  eta=16746s  finite=9246
  [27500/100000]  elapsed=6351s  rate=4.3/s  eta=16743s  finite=9247
  -> checkpoint saved: /scratch/e1498138/paper/ext/emri_g/lhs_f/ckpt_027500.pkl
  [27510/100000]  elapsed=6353s  rate=4.3/s  eta=16740s  finite=9250
  [27520/100000]  elapsed=6355s  rate=4.3/s  eta=16738s  finite=9254
  [27530/100000]  elapsed=6357s  rate=4.3/s  eta=16735s  finite=9255
  [27540/100000]  elapsed=6360s  rate=4.3/s  eta=16733s  finite=9256
  [27550/100000]  elapsed=6362s  rate=4.3/s  eta=16731s  finite=9261
  [27560/100000]  elapsed=6365s  rate=4.3/s  eta=16729s  finite=9265
  [warn] sample 4 failed: 
  [27570/100000]  elapsed=6367s  rate=4.3/s  eta=16727s  finite=9269
  [warn] sample 4 failed: 
  [27580/100000]  elapsed=6369s  rate=4.3/s  eta=16724s  finite=9276
  [27590/100000]  elapsed=6371s  rate=4.3/s  eta=16722s  finite=9277
  [27600/100000]  elapsed=6374s  rate=4.3/s  eta=16719s  finite=9278
  -> checkpoint saved: /scratch/e1498138/paper/ext/emri_g/lhs_f/ckpt_027600.pkl
  [27610/100000]  elapsed=6376s  rate=4.3/s  eta=16717s  finite=9282
  [27620/100000]  elapsed=6378s  rate=4.3/s  eta=16714s  finite=9288
  [27630/100000]  elapsed=6380s  rate=4.3/s  eta=16712s  finite=9289
  [27640/100000]  elapsed=6383s  rate=4.3/s  eta=16710s  finite=9291
  [warn] sample 6 failed: 
  [27650/100000]  elapsed=6385s  rate=4.3/s  eta=16707s  finite=9294
  [27660/100000]  elapsed=6387s  rate=4.3/s  eta=16705s  finite=9298
  [27670/100000]  elapsed=6390s  rate=4.3/s  eta=16703s  finite=9299
  [warn] sample 3 failed: 
  [27680/100000]  elapsed=6392s  rate=4.3/s  eta=16700s  finite=9302
  [warn] sample 4 failed: 
  [27690/100000]  elapsed=6394s  rate=4.3/s  eta=16697s  finite=9305
  [27700/100000]  elapsed=6396s  rate=4.3/s  eta=16695s  finite=9310
  -> checkpoint saved: /scratch/e1498138/paper/ext/emri_g/lhs_f/ckpt_027700.pkl
  [27710/100000]  elapsed=6399s  rate=4.3/s  eta=16693s  finite=9313
  [27720/100000]  elapsed=6401s  rate=4.3/s  eta=16690s  finite=9317
  [warn] sample 5 failed: 
  [warn] sample 9 failed: 
  [27730/100000]  elapsed=6403s  rate=4.3/s  eta=16687s  finite=9320
  [27740/100000]  elapsed=6405s  rate=4.3/s  eta=16685s  finite=9325
  [warn] sample 7 failed: 
  [27750/100000]  elapsed=6408s  rate=4.3/s  eta=16683s  finite=9329
  [27760/100000]  elapsed=6410s  rate=4.3/s  eta=16680s  finite=9330
  [27770/100000]  elapsed=6412s  rate=4.3/s  eta=16678s  finite=9333
  [27780/100000]  elapsed=6415s  rate=4.3/s  eta=16676s  finite=9336
  [27790/100000]  elapsed=6417s  rate=4.3/s  eta=16674s  finite=9341
  [27800/100000]  elapsed=6419s  rate=4.3/s  eta=16672s  finite=9343
  -> checkpoint saved: /scratch/e1498138/paper/ext/emri_g/lhs_f/ckpt_027800.pkl
  [27810/100000]  elapsed=6422s  rate=4.3/s  eta=16669s  finite=9346
  [warn] sample 3 failed: 
  [27820/100000]  elapsed=6424s  rate=4.3/s  eta=16667s  finite=9348
  [warn] sample 3 failed: This a (0.36681615), p0 (13.861905) and e0 (0.8939805000000001) combination is outside of our domain of validity.
  [27830/100000]  elapsed=6426s  rate=4.3/s  eta=16664s  finite=9351
  [27840/100000]  elapsed=6428s  rate=4.3/s  eta=16662s  finite=9356
  [warn] sample 8 failed: 
  [27850/100000]  elapsed=6430s  rate=4.3/s  eta=16659s  finite=9359
  [27860/100000]  elapsed=6433s  rate=4.3/s  eta=16656s  finite=9364
  [27870/100000]  elapsed=6435s  rate=4.3/s  eta=16655s  finite=9369
  [27880/100000]  elapsed=6437s  rate=4.3/s  eta=16652s  finite=9370
  [27890/100000]  elapsed=6440s  rate=4.3/s  eta=16650s  finite=9371
  [27900/100000]  elapsed=6442s  rate=4.3/s  eta=16647s  finite=9376
  -> checkpoint saved: /scratch/e1498138/paper/ext/emri_g/lhs_f/ckpt_027900.pkl
  [27910/100000]  elapsed=6444s  rate=4.3/s  eta=16645s  finite=9381
  [27920/100000]  elapsed=6447s  rate=4.3/s  eta=16643s  finite=9384
  [warn] sample 8 failed: 
  [27930/100000]  elapsed=6449s  rate=4.3/s  eta=16641s  finite=9387
  [27940/100000]  elapsed=6451s  rate=4.3/s  eta=16638s  finite=9388
  [27950/100000]  elapsed=6454s  rate=4.3/s  eta=16636s  finite=9391
  [27960/100000]  elapsed=6456s  rate=4.3/s  eta=16634s  finite=9395
  [27970/100000]  elapsed=6458s  rate=4.3/s  eta=16632s  finite=9400
  [27980/100000]  elapsed=6461s  rate=4.3/s  eta=16629s  finite=9404
  [warn] sample 7 failed: This a (0.44878125), p0 (13.517115) and e0 (0.8937915000000001) combination is outside of our domain of validity.
  [27990/100000]  elapsed=6463s  rate=4.3/s  eta=16626s  finite=9406
  [warn] sample 5 failed: This a (0.43496745000000003), p0 (13.527825) and e0 (0.8996415000000001) combination is outside of our domain of validity.
  [28000/100000]  elapsed=6465s  rate=4.3/s  eta=16623s  finite=9409
  -> checkpoint saved: /scratch/e1498138/paper/ext/emri_g/lhs_f/ckpt_028000.pkl
  [28010/100000]  elapsed=6467s  rate=4.3/s  eta=16621s  finite=9412
  [warn] sample 5 failed: 
  [28020/100000]  elapsed=6469s  rate=4.3/s  eta=16618s  finite=9414
  [28030/100000]  elapsed=6471s  rate=4.3/s  eta=16616s  finite=9418
  [28040/100000]  elapsed=6474s  rate=4.3/s  eta=16613s  finite=9424
  [warn] sample 5 failed: 
  [28050/100000]  elapsed=6476s  rate=4.3/s  eta=16611s  finite=9427
  [28060/100000]  elapsed=6478s  rate=4.3/s  eta=16608s  finite=9431
  [28070/100000]  elapsed=6480s  rate=4.3/s  eta=16606s  finite=9438
  [warn] sample 9 failed: This a (0.54718905), p0 (14.073765) and e0 (0.8997945) combination is outside of our domain of validity.
  [28080/100000]  elapsed=6483s  rate=4.3/s  eta=16604s  finite=9443
  [warn] sample 4 failed: 
  [28090/100000]  elapsed=6485s  rate=4.3/s  eta=16601s  finite=9446
  [28100/100000]  elapsed=6487s  rate=4.3/s  eta=16599s  finite=9450
  -> checkpoint saved: /scratch/e1498138/paper/ext/emri_g/lhs_f/ckpt_028100.pkl
  [28110/100000]  elapsed=6489s  rate=4.3/s  eta=16596s  finite=9451
  [warn] sample 2 failed: 
  [28120/100000]  elapsed=6492s  rate=4.3/s  eta=16594s  finite=9454
  [28130/100000]  elapsed=6494s  rate=4.3/s  eta=16592s  finite=9456
  [28140/100000]  elapsed=6496s  rate=4.3/s  eta=16589s  finite=9462
  [28150/100000]  elapsed=6499s  rate=4.3/s  eta=16587s  finite=9464
  [28160/100000]  elapsed=6501s  rate=4.3/s  eta=16584s  finite=9468
  [28170/100000]  elapsed=6503s  rate=4.3/s  eta=16582s  finite=9470
  [28180/100000]  elapsed=6505s  rate=4.3/s  eta=16580s  finite=9474
  [28190/100000]  elapsed=6508s  rate=4.3/s  eta=16577s  finite=9477
  [28200/100000]  elapsed=6510s  rate=4.3/s  eta=16575s  finite=9482
  -> checkpoint saved: /scratch/e1498138/paper/ext/emri_g/lhs_f/ckpt_028200.pkl
  [warn] sample 3 failed: 
  [28210/100000]  elapsed=6512s  rate=4.3/s  eta=16573s  finite=9486
  [28220/100000]  elapsed=6515s  rate=4.3/s  eta=16570s  finite=9488
  [28230/100000]  elapsed=6517s  rate=4.3/s  eta=16568s  finite=9492
  [28240/100000]  elapsed=6519s  rate=4.3/s  eta=16566s  finite=9494
  [warn] sample 1 failed: 
  [28250/100000]  elapsed=6521s  rate=4.3/s  eta=16563s  finite=9497
  [28260/100000]  elapsed=6523s  rate=4.3/s  eta=16560s  finite=9499
  [28270/100000]  elapsed=6526s  rate=4.3/s  eta=16558s  finite=9502
  [28280/100000]  elapsed=6528s  rate=4.3/s  eta=16556s  finite=9505
  [28290/100000]  elapsed=6530s  rate=4.3/s  eta=16553s  finite=9510
  [28300/100000]  elapsed=6533s  rate=4.3/s  eta=16551s  finite=9514
  -> checkpoint saved: /scratch/e1498138/paper/ext/emri_g/lhs_f/ckpt_028300.pkl
  [warn] sample 3 failed: 
  [28310/100000]  elapsed=6535s  rate=4.3/s  eta=16549s  finite=9517
  [warn] sample 8 failed: 
  [28320/100000]  elapsed=6537s  rate=4.3/s  eta=16546s  finite=9520
  [28330/100000]  elapsed=6540s  rate=4.3/s  eta=16544s  finite=9523
  [28340/100000]  elapsed=6542s  rate=4.3/s  eta=16542s  finite=9527
  [28350/100000]  elapsed=6544s  rate=4.3/s  eta=16539s  finite=9528
  [warn] sample 2 failed: 
  [28360/100000]  elapsed=6546s  rate=4.3/s  eta=16536s  finite=9531
  [28370/100000]  elapsed=6549s  rate=4.3/s  eta=16535s  finite=9534
  [28380/100000]  elapsed=6551s  rate=4.3/s  eta=16532s  finite=9537
  [28390/100000]  elapsed=6554s  rate=4.3/s  eta=16531s  finite=9545
  [28400/100000]  elapsed=6556s  rate=4.3/s  eta=16528s  finite=9546
  -> checkpoint saved: /scratch/e1498138/paper/ext/emri_g/lhs_f/ckpt_028400.pkl
  [28410/100000]  elapsed=6558s  rate=4.3/s  eta=16526s  finite=9550
  [warn] sample 5 failed: This a (0.58258605), p0 (13.955655) and e0 (0.8978595) combination is outside of our domain of validity.
  [warn] sample 8 failed: This a (0.42661845), p0 (13.565055) and e0 (0.8863125000000001) combination is outside of our domain of validity.
  [28420/100000]  elapsed=6560s  rate=4.3/s  eta=16523s  finite=9553
  [warn] sample 2 failed: 
  [28430/100000]  elapsed=6562s  rate=4.3/s  eta=16520s  finite=9555
  [warn] sample 6 failed: 
  [28440/100000]  elapsed=6564s  rate=4.3/s  eta=16517s  finite=9556
  [28450/100000]  elapsed=6567s  rate=4.3/s  eta=16515s  finite=9559
  [warn] sample 7 failed: 
  [28460/100000]  elapsed=6569s  rate=4.3/s  eta=16513s  finite=9561
  [28470/100000]  elapsed=6571s  rate=4.3/s  eta=16510s  finite=9562
  [28480/100000]  elapsed=6574s  rate=4.3/s  eta=16508s  finite=9567
  [28490/100000]  elapsed=6576s  rate=4.3/s  eta=16506s  finite=9569
  [28500/100000]  elapsed=6578s  rate=4.3/s  eta=16504s  finite=9572
  -> checkpoint saved: /scratch/e1498138/paper/ext/emri_g/lhs_f/ckpt_028500.pkl
  [28510/100000]  elapsed=6581s  rate=4.3/s  eta=16501s  finite=9575
  [28520/100000]  elapsed=6583s  rate=4.3/s  eta=16499s  finite=9579
  [28530/100000]  elapsed=6585s  rate=4.3/s  eta=16497s  finite=9583
  [28540/100000]  elapsed=6588s  rate=4.3/s  eta=16494s  finite=9585
  [28550/100000]  elapsed=6590s  rate=4.3/s  eta=16492s  finite=9586
  [28560/100000]  elapsed=6592s  rate=4.3/s  eta=16489s  finite=9589
  [28570/100000]  elapsed=6594s  rate=4.3/s  eta=16487s  finite=9593
  [28580/100000]  elapsed=6597s  rate=4.3/s  eta=16485s  finite=9597
  [28590/100000]  elapsed=6599s  rate=4.3/s  eta=16483s  finite=9600
  [28600/100000]  elapsed=6601s  rate=4.3/s  eta=16481s  finite=9603
  -> checkpoint saved: /scratch/e1498138/paper/ext/emri_g/lhs_f/ckpt_028600.pkl
  [warn] sample 9 failed: 
  [28610/100000]  elapsed=6604s  rate=4.3/s  eta=16478s  finite=9607
  [28620/100000]  elapsed=6606s  rate=4.3/s  eta=16476s  finite=9612
  [28630/100000]  elapsed=6608s  rate=4.3/s  eta=16474s  finite=9616
  [28640/100000]  elapsed=6611s  rate=4.3/s  eta=16471s  finite=9620
  [28650/100000]  elapsed=6613s  rate=4.3/s  eta=16469s  finite=9625
  [28660/100000]  elapsed=6615s  rate=4.3/s  eta=16467s  finite=9629
  [28670/100000]  elapsed=6618s  rate=4.3/s  eta=16465s  finite=9634
  [28680/100000]  elapsed=6620s  rate=4.3/s  eta=16463s  finite=9637
  [28690/100000]  elapsed=6622s  rate=4.3/s  eta=16460s  finite=9639
  [28700/100000]  elapsed=6624s  rate=4.3/s  eta=16457s  finite=9639
  -> checkpoint saved: /scratch/e1498138/paper/ext/emri_g/lhs_f/ckpt_028700.pkl
  [28710/100000]  elapsed=6627s  rate=4.3/s  eta=16455s  finite=9643
  [28720/100000]  elapsed=6629s  rate=4.3/s  eta=16453s  finite=9646
  [28730/100000]  elapsed=6632s  rate=4.3/s  eta=16451s  finite=9648
  [warn] sample 6 failed: 
  [28740/100000]  elapsed=6634s  rate=4.3/s  eta=16448s  finite=9652
  [28750/100000]  elapsed=6636s  rate=4.3/s  eta=16446s  finite=9656
  [warn] sample 1 failed: 
  [28760/100000]  elapsed=6638s  rate=4.3/s  eta=16443s  finite=9658
  [28770/100000]  elapsed=6641s  rate=4.3/s  eta=16441s  finite=9663
  [warn] sample 9 failed: 
  [28780/100000]  elapsed=6643s  rate=4.3/s  eta=16438s  finite=9666
  [warn] sample 1 failed: 
  [28790/100000]  elapsed=6645s  rate=4.3/s  eta=16436s  finite=9669
  [28800/100000]  elapsed=6647s  rate=4.3/s  eta=16433s  finite=9673
  -> checkpoint saved: /scratch/e1498138/paper/ext/emri_g/lhs_f/ckpt_028800.pkl
  [28810/100000]  elapsed=6650s  rate=4.3/s  eta=16431s  finite=9676
  [28820/100000]  elapsed=6652s  rate=4.3/s  eta=16429s  finite=9680
  [warn] sample 1 failed: This a (0.38216865), p0 (13.820055) and e0 (0.8999025) combination is outside of our domain of validity.
  [28830/100000]  elapsed=6654s  rate=4.3/s  eta=16426s  finite=9684
  [28840/100000]  elapsed=6656s  rate=4.3/s  eta=16424s  finite=9689
  [28850/100000]  elapsed=6659s  rate=4.3/s  eta=16422s  finite=9693
  [warn] sample 1 failed: 
  [28860/100000]  elapsed=6661s  rate=4.3/s  eta=16419s  finite=9696
  [28870/100000]  elapsed=6663s  rate=4.3/s  eta=16416s  finite=9698
  [28880/100000]  elapsed=6665s  rate=4.3/s  eta=16414s  finite=9702
  [28890/100000]  elapsed=6667s  rate=4.3/s  eta=16411s  finite=9704
  [warn] sample 4 failed: 
  [28900/100000]  elapsed=6670s  rate=4.3/s  eta=16409s  finite=9707
  -> checkpoint saved: /scratch/e1498138/paper/ext/emri_g/lhs_f/ckpt_028900.pkl
  [28910/100000]  elapsed=6672s  rate=4.3/s  eta=16406s  finite=9710
  [warn] sample 0 failed: 
  [28920/100000]  elapsed=6674s  rate=4.3/s  eta=16403s  finite=9713
  [28930/100000]  elapsed=6676s  rate=4.3/s  eta=16401s  finite=9718
  [28940/100000]  elapsed=6679s  rate=4.3/s  eta=16399s  finite=9723
  [28950/100000]  elapsed=6681s  rate=4.3/s  eta=16397s  finite=9726
  [28960/100000]  elapsed=6683s  rate=4.3/s  eta=16394s  finite=9728
  [28970/100000]  elapsed=6686s  rate=4.3/s  eta=16392s  finite=9731
  [warn] sample 7 failed: This a (0.41828325), p0 (14.305605) and e0 (0.8941395000000001) combination is outside of our domain of validity.
  [28980/100000]  elapsed=6688s  rate=4.3/s  eta=16389s  finite=9737
  [28990/100000]  elapsed=6690s  rate=4.3/s  eta=16387s  finite=9740
  [29000/100000]  elapsed=6692s  rate=4.3/s  eta=16385s  finite=9742
  -> checkpoint saved: /scratch/e1498138/paper/ext/emri_g/lhs_f/ckpt_029000.pkl
  [29010/100000]  elapsed=6695s  rate=4.3/s  eta=16383s  finite=9747
  [warn] sample 5 failed: 
  [29020/100000]  elapsed=6697s  rate=4.3/s  eta=16380s  finite=9751
  [29030/100000]  elapsed=6699s  rate=4.3/s  eta=16378s  finite=9756
  [warn] sample 5 failed: 
  [29040/100000]  elapsed=6701s  rate=4.3/s  eta=16375s  finite=9757
  [warn] sample 5 failed: This a (0.40685685), p0 (13.556025) and e0 (0.8967315) combination is outside of our domain of validity.
  [29050/100000]  elapsed=6704s  rate=4.3/s  eta=16372s  finite=9760
  [29060/100000]  elapsed=6706s  rate=4.3/s  eta=16370s  finite=9761
  [warn] sample 5 failed: 
  [29070/100000]  elapsed=6708s  rate=4.3/s  eta=16367s  finite=9762
  [29080/100000]  elapsed=6710s  rate=4.3/s  eta=16365s  finite=9766
  [29090/100000]  elapsed=6713s  rate=4.3/s  eta=16363s  finite=9771
  [29100/100000]  elapsed=6715s  rate=4.3/s  eta=16361s  finite=9773
  -> checkpoint saved: /scratch/e1498138/paper/ext/emri_g/lhs_f/ckpt_029100.pkl
  [29110/100000]  elapsed=6717s  rate=4.3/s  eta=16358s  finite=9777
  [warn] sample 8 failed: 
  [29120/100000]  elapsed=6720s  rate=4.3/s  eta=16356s  finite=9780
  [29130/100000]  elapsed=6722s  rate=4.3/s  eta=16354s  finite=9784
  [29140/100000]  elapsed=6724s  rate=4.3/s  eta=16351s  finite=9786
  [29150/100000]  elapsed=6726s  rate=4.3/s  eta=16349s  finite=9789
  [29160/100000]  elapsed=6729s  rate=4.3/s  eta=16347s  finite=9793
  [29170/100000]  elapsed=6731s  rate=4.3/s  eta=16345s  finite=9796
  [29180/100000]  elapsed=6734s  rate=4.3/s  eta=16343s  finite=9798
  [29190/100000]  elapsed=6736s  rate=4.3/s  eta=16341s  finite=9802
  [warn] sample 0 failed: 
  [29200/100000]  elapsed=6738s  rate=4.3/s  eta=16338s  finite=9804
  -> checkpoint saved: /scratch/e1498138/paper/ext/emri_g/lhs_f/ckpt_029200.pkl
  [29210/100000]  elapsed=6741s  rate=4.3/s  eta=16336s  finite=9807
  [29220/100000]  elapsed=6743s  rate=4.3/s  eta=16334s  finite=9809
  [29230/100000]  elapsed=6745s  rate=4.3/s  eta=16331s  finite=9813
  [29240/100000]  elapsed=6748s  rate=4.3/s  eta=16329s  finite=9818
  [29250/100000]  elapsed=6750s  rate=4.3/s  eta=16327s  finite=9819
  [29260/100000]  elapsed=6752s  rate=4.3/s  eta=16325s  finite=9825
  [29270/100000]  elapsed=6755s  rate=4.3/s  eta=16323s  finite=9826
  [29280/100000]  elapsed=6757s  rate=4.3/s  eta=16320s  finite=9831
  [29290/100000]  elapsed=6759s  rate=4.3/s  eta=16318s  finite=9833
  [29300/100000]  elapsed=6762s  rate=4.3/s  eta=16315s  finite=9836
  -> checkpoint saved: /scratch/e1498138/paper/ext/emri_g/lhs_f/ckpt_029300.pkl
  [29310/100000]  elapsed=6764s  rate=4.3/s  eta=16314s  finite=9842
  [warn] sample 5 failed: This a (0.37108035), p0 (14.706645) and e0 (0.8973795) combination is outside of our domain of validity.
  [29320/100000]  elapsed=6766s  rate=4.3/s  eta=16311s  finite=9844
  [warn] sample 6 failed: 
  [29330/100000]  elapsed=6768s  rate=4.3/s  eta=16308s  finite=9846
  [29340/100000]  elapsed=6770s  rate=4.3/s  eta=16305s  finite=9847
  [29350/100000]  elapsed=6773s  rate=4.3/s  eta=16303s  finite=9851
  [29360/100000]  elapsed=6775s  rate=4.3/s  eta=16301s  finite=9856
  [29370/100000]  elapsed=6778s  rate=4.3/s  eta=16299s  finite=9860
  [29380/100000]  elapsed=6780s  rate=4.3/s  eta=16297s  finite=9862
  [29390/100000]  elapsed=6782s  rate=4.3/s  eta=16295s  finite=9866
  [warn] sample 4 failed: 
  [29400/100000]  elapsed=6785s  rate=4.3/s  eta=16292s  finite=9869
  -> checkpoint saved: /scratch/e1498138/paper/ext/emri_g/lhs_f/ckpt_029400.pkl
  [29410/100000]  elapsed=6787s  rate=4.3/s  eta=16290s  finite=9873
  [warn] sample 2 failed: 
  [29420/100000]  elapsed=6789s  rate=4.3/s  eta=16287s  finite=9876
  [29430/100000]  elapsed=6791s  rate=4.3/s  eta=16285s  finite=9880
  [29440/100000]  elapsed=6794s  rate=4.3/s  eta=16283s  finite=9886
  [warn] sample 1 failed: This a (0.42384465), p0 (13.876335000000001) and e0 (0.8998605000000001) combination is outside of our domain of validity.
  [29450/100000]  elapsed=6796s  rate=4.3/s  eta=16281s  finite=9887
  [29460/100000]  elapsed=6798s  rate=4.3/s  eta=16278s  finite=9892
  [warn] sample 0 failed: This a (0.37940175), p0 (13.720755) and e0 (0.8995965) combination is outside of our domain of validity.
  [29470/100000]  elapsed=6801s  rate=4.3/s  eta=16276s  finite=9897
  [29480/100000]  elapsed=6803s  rate=4.3/s  eta=16273s  finite=9902
  [29490/100000]  elapsed=6805s  rate=4.3/s  eta=16271s  finite=9906
  [29500/100000]  elapsed=6807s  rate=4.3/s  eta=16269s  finite=9909
  -> checkpoint saved: /scratch/e1498138/paper/ext/emri_g/lhs_f/ckpt_029500.pkl
  [warn] sample 9 failed: This a (0.6701677500000001), p0 (13.598535) and e0 (0.8981745000000001) combination is outside of our domain of validity.
  [29510/100000]  elapsed=6810s  rate=4.3/s  eta=16266s  finite=9913
  [29520/100000]  elapsed=6812s  rate=4.3/s  eta=16264s  finite=9916
  [warn] sample 8 failed: 
  [29530/100000]  elapsed=6814s  rate=4.3/s  eta=16261s  finite=9917
  [29540/100000]  elapsed=6816s  rate=4.3/s  eta=16259s  finite=9918
  [warn] sample 1 failed: 
  [29550/100000]  elapsed=6819s  rate=4.3/s  eta=16256s  finite=9922
  [29560/100000]  elapsed=6821s  rate=4.3/s  eta=16254s  finite=9925
  [29570/100000]  elapsed=6823s  rate=4.3/s  eta=16251s  finite=9929
  [29580/100000]  elapsed=6826s  rate=4.3/s  eta=16249s  finite=9932
  [29590/100000]  elapsed=6828s  rate=4.3/s  eta=16247s  finite=9932
  [29600/100000]  elapsed=6830s  rate=4.3/s  eta=16245s  finite=9938
  -> checkpoint saved: /scratch/e1498138/paper/ext/emri_g/lhs_f/ckpt_029600.pkl
  [warn] sample 3 failed: 
  [29610/100000]  elapsed=6832s  rate=4.3/s  eta=16242s  finite=9940
  [29620/100000]  elapsed=6835s  rate=4.3/s  eta=16240s  finite=9943
  [29630/100000]  elapsed=6837s  rate=4.3/s  eta=16237s  finite=9946
  [29640/100000]  elapsed=6839s  rate=4.3/s  eta=16235s  finite=9948
  [warn] sample 9 failed: 
  [29650/100000]  elapsed=6841s  rate=4.3/s  eta=16232s  finite=9951
  [29660/100000]  elapsed=6844s  rate=4.3/s  eta=16230s  finite=9952
  [29670/100000]  elapsed=6846s  rate=4.3/s  eta=16227s  finite=9957
  [29680/100000]  elapsed=6848s  rate=4.3/s  eta=16225s  finite=9963
  [warn] sample 6 failed: This a (0.35888115), p0 (14.408295) and e0 (0.8970225000000001) combination is outside of our domain of validity.
  [warn] sample 7 failed: 
  [29690/100000]  elapsed=6850s  rate=4.3/s  eta=16222s  finite=9965
  [29700/100000]  elapsed=6852s  rate=4.3/s  eta=16219s  finite=9968
  -> checkpoint saved: /scratch/e1498138/paper/ext/emri_g/lhs_f/ckpt_029700.pkl
  [29710/100000]  elapsed=6855s  rate=4.3/s  eta=16217s  finite=9971
  [29720/100000]  elapsed=6857s  rate=4.3/s  eta=16215s  finite=9975
  [29730/100000]  elapsed=6859s  rate=4.3/s  eta=16212s  finite=9978
  [29740/100000]  elapsed=6862s  rate=4.3/s  eta=16211s  finite=9980
  [29750/100000]  elapsed=6864s  rate=4.3/s  eta=16209s  finite=9986
  [29760/100000]  elapsed=6866s  rate=4.3/s  eta=16206s  finite=9988
  [29770/100000]  elapsed=6869s  rate=4.3/s  eta=16204s  finite=9990
  [29780/100000]  elapsed=6871s  rate=4.3/s  eta=16202s  finite=9994
  [warn] sample 3 failed: 
  [29790/100000]  elapsed=6873s  rate=4.3/s  eta=16199s  finite=10000
  [29800/100000]  elapsed=6875s  rate=4.3/s  eta=16197s  finite=10000
  -> checkpoint saved: /scratch/e1498138/paper/ext/emri_g/lhs_f/ckpt_029800.pkl
  [29810/100000]  elapsed=6878s  rate=4.3/s  eta=16194s  finite=10003
  [29820/100000]  elapsed=6880s  rate=4.3/s  eta=16192s  finite=10007
  [29830/100000]  elapsed=6882s  rate=4.3/s  eta=16189s  finite=10008
  [29840/100000]  elapsed=6884s  rate=4.3/s  eta=16187s  finite=10010
  [29850/100000]  elapsed=6887s  rate=4.3/s  eta=16184s  finite=10013
  [warn] sample 0 failed: 
  [warn] sample 2 failed: 
  [warn] sample 4 failed: 
  [29860/100000]  elapsed=6889s  rate=4.3/s  eta=16181s  finite=10014
  [warn] sample 5 failed: 
  [29870/100000]  elapsed=6891s  rate=4.3/s  eta=16178s  finite=10017
  [29880/100000]  elapsed=6893s  rate=4.3/s  eta=16176s  finite=10021
  [29890/100000]  elapsed=6895s  rate=4.3/s  eta=16173s  finite=10021
  [29900/100000]  elapsed=6897s  rate=4.3/s  eta=16171s  finite=10023
  -> checkpoint saved: /scratch/e1498138/paper/ext/emri_g/lhs_f/ckpt_029900.pkl
  [29910/100000]  elapsed=6900s  rate=4.3/s  eta=16169s  finite=10027
  [warn] sample 9 failed: 
  [29920/100000]  elapsed=6902s  rate=4.3/s  eta=16166s  finite=10029
  [29930/100000]  elapsed=6904s  rate=4.3/s  eta=16164s  finite=10032
  [warn] sample 0 failed: 
  [29940/100000]  elapsed=6906s  rate=4.3/s  eta=16161s  finite=10037
  [29950/100000]  elapsed=6909s  rate=4.3/s  eta=16159s  finite=10041
  [29960/100000]  elapsed=6911s  rate=4.3/s  eta=16157s  finite=10046
  [29970/100000]  elapsed=6913s  rate=4.3/s  eta=16155s  finite=10049
  [warn] sample 5 failed: 
  [29980/100000]  elapsed=6916s  rate=4.3/s  eta=16152s  finite=10051
  [warn] sample 9 failed: 
  [29990/100000]  elapsed=6918s  rate=4.3/s  eta=16150s  finite=10052
  [warn] sample 3 failed: This a (0.50999805), p0 (13.560375) and e0 (0.8941245) combination is outside of our domain of validity.
  [30000/100000]  elapsed=6920s  rate=4.3/s  eta=16147s  finite=10057
  -> checkpoint saved: /scratch/e1498138/paper/ext/emri_g/lhs_f/ckpt_030000.pkl
  [30010/100000]  elapsed=6922s  rate=4.3/s  eta=16144s  finite=10061
  [30020/100000]  elapsed=6925s  rate=4.3/s  eta=16142s  finite=10063
  [30030/100000]  elapsed=6927s  rate=4.3/s  eta=16140s  finite=10066
  [30040/100000]  elapsed=6929s  rate=4.3/s  eta=16137s  finite=10069
  [30050/100000]  elapsed=6932s  rate=4.3/s  eta=16135s  finite=10074
  [warn] sample 3 failed: 
  [30060/100000]  elapsed=6934s  rate=4.3/s  eta=16133s  finite=10076
  [30070/100000]  elapsed=6936s  rate=4.3/s  eta=16131s  finite=10079
  [30080/100000]  elapsed=6938s  rate=4.3/s  eta=16128s  finite=10084
  [30090/100000]  elapsed=6941s  rate=4.3/s  eta=16126s  finite=10085
  [warn] sample 8 failed: 
  [30100/100000]  elapsed=6943s  rate=4.3/s  eta=16124s  finite=10087
  -> checkpoint saved: /scratch/e1498138/paper/ext/emri_g/lhs_f/ckpt_030100.pkl
  [warn] sample 6 failed: 
  [30110/100000]  elapsed=6945s  rate=4.3/s  eta=16121s  finite=10089
  [30120/100000]  elapsed=6948s  rate=4.3/s  eta=16119s  finite=10094
  [warn] sample 6 failed: This a (0.44203994999999996), p0 (13.567965) and e0 (0.8992785000000001) combination is outside of our domain of validity.
  [30130/100000]  elapsed=6950s  rate=4.3/s  eta=16116s  finite=10096
  [30140/100000]  elapsed=6952s  rate=4.3/s  eta=16114s  finite=10100
  [30150/100000]  elapsed=6954s  rate=4.3/s  eta=16112s  finite=10104
  [30160/100000]  elapsed=6957s  rate=4.3/s  eta=16109s  finite=10107
  [30170/100000]  elapsed=6959s  rate=4.3/s  eta=16107s  finite=10111
  [30180/100000]  elapsed=6962s  rate=4.3/s  eta=16105s  finite=10115
  [warn] sample 9 failed: 
  [30190/100000]  elapsed=6964s  rate=4.3/s  eta=16102s  finite=10118
  [30200/100000]  elapsed=6966s  rate=4.3/s  eta=16100s  finite=10121
  -> checkpoint saved: /scratch/e1498138/paper/ext/emri_g/lhs_f/ckpt_030200.pkl
  [30210/100000]  elapsed=6968s  rate=4.3/s  eta=16098s  finite=10123
  [30220/100000]  elapsed=6970s  rate=4.3/s  eta=16095s  finite=10126
  [30230/100000]  elapsed=6973s  rate=4.3/s  eta=16093s  finite=10128
  [30240/100000]  elapsed=6975s  rate=4.3/s  eta=16090s  finite=10132
  [warn] sample 0 failed: 
  [warn] sample 6 failed: 
  [30250/100000]  elapsed=6977s  rate=4.3/s  eta=16087s  finite=10135
  [30260/100000]  elapsed=6979s  rate=4.3/s  eta=16085s  finite=10140
  [30270/100000]  elapsed=6982s  rate=4.3/s  eta=16083s  finite=10143
  [30280/100000]  elapsed=6984s  rate=4.3/s  eta=16080s  finite=10144
  [30290/100000]  elapsed=6986s  rate=4.3/s  eta=16078s  finite=10145
  [30300/100000]  elapsed=6988s  rate=4.3/s  eta=16075s  finite=10149
  -> checkpoint saved: /scratch/e1498138/paper/ext/emri_g/lhs_f/ckpt_030300.pkl
  [30310/100000]  elapsed=6991s  rate=4.3/s  eta=16073s  finite=10150
  [warn] sample 8 failed: 
  [30320/100000]  elapsed=6993s  rate=4.3/s  eta=16070s  finite=10153
  [30330/100000]  elapsed=6995s  rate=4.3/s  eta=16068s  finite=10155
  [warn] sample 3 failed: 
  [30340/100000]  elapsed=6997s  rate=4.3/s  eta=16065s  finite=10161
  [30350/100000]  elapsed=6999s  rate=4.3/s  eta=16063s  finite=10163
  [30360/100000]  elapsed=7002s  rate=4.3/s  eta=16061s  finite=10168
  [30370/100000]  elapsed=7004s  rate=4.3/s  eta=16058s  finite=10170
  [30380/100000]  elapsed=7006s  rate=4.3/s  eta=16056s  finite=10175
  [30390/100000]  elapsed=7009s  rate=4.3/s  eta=16054s  finite=10180
  [warn] sample 4 failed: This a (0.36960375), p0 (13.968345) and e0 (0.8956965000000001) combination is outside of our domain of validity.
  [30400/100000]  elapsed=7011s  rate=4.3/s  eta=16052s  finite=10183
  -> checkpoint saved: /scratch/e1498138/paper/ext/emri_g/lhs_f/ckpt_030400.pkl
  [30410/100000]  elapsed=7013s  rate=4.3/s  eta=16049s  finite=10186
  [30420/100000]  elapsed=7016s  rate=4.3/s  eta=16047s  finite=10189
  [30430/100000]  elapsed=7018s  rate=4.3/s  eta=16045s  finite=10192
  [30440/100000]  elapsed=7020s  rate=4.3/s  eta=16042s  finite=10197
  [warn] sample 1 failed: 
  [30450/100000]  elapsed=7022s  rate=4.3/s  eta=16040s  finite=10200
  [30460/100000]  elapsed=7025s  rate=4.3/s  eta=16037s  finite=10202
  [30470/100000]  elapsed=7027s  rate=4.3/s  eta=16035s  finite=10205
  [30480/100000]  elapsed=7029s  rate=4.3/s  eta=16033s  finite=10206
  [30490/100000]  elapsed=7032s  rate=4.3/s  eta=16030s  finite=10211
  [30500/100000]  elapsed=7034s  rate=4.3/s  eta=16028s  finite=10214
  -> checkpoint saved: /scratch/e1498138/paper/ext/emri_g/lhs_f/ckpt_030500.pkl
  [warn] sample 2 failed: 
  [30510/100000]  elapsed=7036s  rate=4.3/s  eta=16025s  finite=10216
  [30520/100000]  elapsed=7038s  rate=4.3/s  eta=16023s  finite=10219
  [30530/100000]  elapsed=7041s  rate=4.3/s  eta=16021s  finite=10222
  [30540/100000]  elapsed=7043s  rate=4.3/s  eta=16018s  finite=10225
  [30550/100000]  elapsed=7045s  rate=4.3/s  eta=16017s  finite=10228
  [30560/100000]  elapsed=7048s  rate=4.3/s  eta=16014s  finite=10234
  [30570/100000]  elapsed=7050s  rate=4.3/s  eta=16012s  finite=10236
  [30580/100000]  elapsed=7053s  rate=4.3/s  eta=16010s  finite=10239
  [30590/100000]  elapsed=7055s  rate=4.3/s  eta=16008s  finite=10241
  [30600/100000]  elapsed=7057s  rate=4.3/s  eta=16005s  finite=10244
  -> checkpoint saved: /scratch/e1498138/paper/ext/emri_g/lhs_f/ckpt_030600.pkl
  [30610/100000]  elapsed=7059s  rate=4.3/s  eta=16003s  finite=10246
  [30620/100000]  elapsed=7062s  rate=4.3/s  eta=16000s  finite=10249
  [30630/100000]  elapsed=7064s  rate=4.3/s  eta=15998s  finite=10252
  [30640/100000]  elapsed=7066s  rate=4.3/s  eta=15996s  finite=10257
  [30650/100000]  elapsed=7069s  rate=4.3/s  eta=15994s  finite=10261
  [30660/100000]  elapsed=7071s  rate=4.3/s  eta=15992s  finite=10269
  [warn] sample 9 failed: 
  [30670/100000]  elapsed=7073s  rate=4.3/s  eta=15989s  finite=10271
  [30680/100000]  elapsed=7076s  rate=4.3/s  eta=15987s  finite=10277
  [30690/100000]  elapsed=7078s  rate=4.3/s  eta=15985s  finite=10279
  [warn] sample 4 failed: 
  [30700/100000]  elapsed=7080s  rate=4.3/s  eta=15982s  finite=10281
  -> checkpoint saved: /scratch/e1498138/paper/ext/emri_g/lhs_f/ckpt_030700.pkl
  [30710/100000]  elapsed=7083s  rate=4.3/s  eta=15980s  finite=10285
  [30720/100000]  elapsed=7085s  rate=4.3/s  eta=15978s  finite=10287
  [30730/100000]  elapsed=7087s  rate=4.3/s  eta=15976s  finite=10290
  [30740/100000]  elapsed=7090s  rate=4.3/s  eta=15974s  finite=10293
  [30750/100000]  elapsed=7092s  rate=4.3/s  eta=15971s  finite=10296
  [30760/100000]  elapsed=7094s  rate=4.3/s  eta=15969s  finite=10302
  [30770/100000]  elapsed=7097s  rate=4.3/s  eta=15967s  finite=10307
  [30780/100000]  elapsed=7099s  rate=4.3/s  eta=15965s  finite=10313
  [30790/100000]  elapsed=7101s  rate=4.3/s  eta=15962s  finite=10315
  [30800/100000]  elapsed=7103s  rate=4.3/s  eta=15960s  finite=10317
  -> checkpoint saved: /scratch/e1498138/paper/ext/emri_g/lhs_f/ckpt_030800.pkl
  [30810/100000]  elapsed=7106s  rate=4.3/s  eta=15957s  finite=10321
  [30820/100000]  elapsed=7108s  rate=4.3/s  eta=15955s  finite=10324
  [30830/100000]  elapsed=7110s  rate=4.3/s  eta=15953s  finite=10327
  [warn] sample 8 failed: 
  [30840/100000]  elapsed=7112s  rate=4.3/s  eta=15950s  finite=10328
  [30850/100000]  elapsed=7115s  rate=4.3/s  eta=15947s  finite=10331
  [warn] sample 1 failed: 
  [30860/100000]  elapsed=7117s  rate=4.3/s  eta=15945s  finite=10335
  [warn] sample 7 failed: 
  [30870/100000]  elapsed=7119s  rate=4.3/s  eta=15943s  finite=10338
  [30880/100000]  elapsed=7122s  rate=4.3/s  eta=15941s  finite=10343
  [30890/100000]  elapsed=7124s  rate=4.3/s  eta=15938s  finite=10346
  [30900/100000]  elapsed=7126s  rate=4.3/s  eta=15936s  finite=10349
  -> checkpoint saved: /scratch/e1498138/paper/ext/emri_g/lhs_f/ckpt_030900.pkl
  [30910/100000]  elapsed=7129s  rate=4.3/s  eta=15934s  finite=10353
  [30920/100000]  elapsed=7131s  rate=4.3/s  eta=15931s  finite=10356
  [warn] sample 1 failed: This a (0.48411614999999997), p0 (13.757385) and e0 (0.8936535000000001) combination is outside of our domain of validity.
  [30930/100000]  elapsed=7133s  rate=4.3/s  eta=15928s  finite=10360
  [30940/100000]  elapsed=7135s  rate=4.3/s  eta=15926s  finite=10364
  [30950/100000]  elapsed=7137s  rate=4.3/s  eta=15924s  finite=10366
  [warn] sample 3 failed: 
  [30960/100000]  elapsed=7140s  rate=4.3/s  eta=15921s  finite=10370
  [30970/100000]  elapsed=7142s  rate=4.3/s  eta=15919s  finite=10371
  [30980/100000]  elapsed=7144s  rate=4.3/s  eta=15917s  finite=10377
  [30990/100000]  elapsed=7147s  rate=4.3/s  eta=15915s  finite=10381
  [31000/100000]  elapsed=7149s  rate=4.3/s  eta=15912s  finite=10385
  -> checkpoint saved: /scratch/e1498138/paper/ext/emri_g/lhs_f/ckpt_031000.pkl
  [warn] sample 4 failed: This a (0.48192884999999996), p0 (13.500795) and e0 (0.8943195) combination is outside of our domain of validity.
  [31010/100000]  elapsed=7151s  rate=4.3/s  eta=15909s  finite=10385
  [31020/100000]  elapsed=7153s  rate=4.3/s  eta=15907s  finite=10387
  [31030/100000]  elapsed=7156s  rate=4.3/s  eta=15905s  finite=10390
  [31040/100000]  elapsed=7158s  rate=4.3/s  eta=15903s  finite=10394
  [31050/100000]  elapsed=7161s  rate=4.3/s  eta=15901s  finite=10398
  [31060/100000]  elapsed=7163s  rate=4.3/s  eta=15898s  finite=10400
  [31070/100000]  elapsed=7165s  rate=4.3/s  eta=15896s  finite=10401
  [31080/100000]  elapsed=7167s  rate=4.3/s  eta=15894s  finite=10405
  [warn] sample 0 failed: 
  [31090/100000]  elapsed=7170s  rate=4.3/s  eta=15892s  finite=10410
  [31100/100000]  elapsed=7172s  rate=4.3/s  eta=15889s  finite=10413
  -> checkpoint saved: /scratch/e1498138/paper/ext/emri_g/lhs_f/ckpt_031100.pkl
  [31110/100000]  elapsed=7174s  rate=4.3/s  eta=15887s  finite=10416
  [31120/100000]  elapsed=7177s  rate=4.3/s  eta=15884s  finite=10421
  [31130/100000]  elapsed=7179s  rate=4.3/s  eta=15882s  finite=10426
  [31140/100000]  elapsed=7181s  rate=4.3/s  eta=15880s  finite=10428
  [warn] sample 4 failed: 
  [31150/100000]  elapsed=7183s  rate=4.3/s  eta=15877s  finite=10430
  [31160/100000]  elapsed=7186s  rate=4.3/s  eta=15875s  finite=10437
  [31170/100000]  elapsed=7188s  rate=4.3/s  eta=15873s  finite=10439
  [31180/100000]  elapsed=7191s  rate=4.3/s  eta=15871s  finite=10442
  [warn] sample 8 failed: 
  [31190/100000]  elapsed=7193s  rate=4.3/s  eta=15868s  finite=10447
  [31200/100000]  elapsed=7195s  rate=4.3/s  eta=15866s  finite=10448
  -> checkpoint saved: /scratch/e1498138/paper/ext/emri_g/lhs_f/ckpt_031200.pkl
  [warn] sample 5 failed: This a (0.51129525), p0 (14.014305) and e0 (0.8977635) combination is outside of our domain of validity.
  [31210/100000]  elapsed=7197s  rate=4.3/s  eta=15863s  finite=10451
  [31220/100000]  elapsed=7200s  rate=4.3/s  eta=15861s  finite=10456
  [31230/100000]  elapsed=7202s  rate=4.3/s  eta=15859s  finite=10461
  [warn] sample 6 failed: 
  [31240/100000]  elapsed=7204s  rate=4.3/s  eta=15856s  finite=10463
  [31250/100000]  elapsed=7206s  rate=4.3/s  eta=15854s  finite=10465
  [31260/100000]  elapsed=7209s  rate=4.3/s  eta=15852s  finite=10468
  [warn] sample 9 failed: 
  [31270/100000]  elapsed=7211s  rate=4.3/s  eta=15849s  finite=10473
  [warn] sample 0 failed: 
  [31280/100000]  elapsed=7213s  rate=4.3/s  eta=15846s  finite=10476
  [31290/100000]  elapsed=7215s  rate=4.3/s  eta=15844s  finite=10481
  [31300/100000]  elapsed=7218s  rate=4.3/s  eta=15842s  finite=10487
  -> checkpoint saved: /scratch/e1498138/paper/ext/emri_g/lhs_f/ckpt_031300.pkl
  [31310/100000]  elapsed=7220s  rate=4.3/s  eta=15840s  finite=10490
  [warn] sample 5 failed: This a (0.36598125), p0 (14.286165) and e0 (0.8989425) combination is outside of our domain of validity.
  [31320/100000]  elapsed=7222s  rate=4.3/s  eta=15837s  finite=10494
  [31330/100000]  elapsed=7224s  rate=4.3/s  eta=15835s  finite=10498
  [warn] sample 3 failed: 
  [31340/100000]  elapsed=7227s  rate=4.3/s  eta=15832s  finite=10500
  [warn] sample 1 failed: 
  [warn] sample 8 failed: 
  [31350/100000]  elapsed=7229s  rate=4.3/s  eta=15829s  finite=10504
  [warn] sample 9 failed: This a (0.37243275), p0 (14.184525) and e0 (0.8942835) combination is outside of our domain of validity.
  [31360/100000]  elapsed=7231s  rate=4.3/s  eta=15826s  finite=10504
  [31370/100000]  elapsed=7233s  rate=4.3/s  eta=15824s  finite=10505
  [31380/100000]  elapsed=7235s  rate=4.3/s  eta=15822s  finite=10508
  [31390/100000]  elapsed=7238s  rate=4.3/s  eta=15819s  finite=10511
  [warn] sample 5 failed: This a (0.40028805), p0 (13.533615) and e0 (0.8911065) combination is outside of our domain of validity.
  [31400/100000]  elapsed=7240s  rate=4.3/s  eta=15817s  finite=10513
  -> checkpoint saved: /scratch/e1498138/paper/ext/emri_g/lhs_f/ckpt_031400.pkl
  [31410/100000]  elapsed=7242s  rate=4.3/s  eta=15815s  finite=10516
  [31420/100000]  elapsed=7244s  rate=4.3/s  eta=15812s  finite=10516
  [31430/100000]  elapsed=7247s  rate=4.3/s  eta=15810s  finite=10518
  [31440/100000]  elapsed=7249s  rate=4.3/s  eta=15808s  finite=10518
  [warn] sample 2 failed: 
  [warn] sample 9 failed: 
  [31450/100000]  elapsed=7251s  rate=4.3/s  eta=15805s  finite=10522
  [31460/100000]  elapsed=7253s  rate=4.3/s  eta=15802s  finite=10526
  [warn] sample 8 failed: This a (0.44708385), p0 (13.833375) and e0 (0.8975745) combination is outside of our domain of validity.
  [31470/100000]  elapsed=7255s  rate=4.3/s  eta=15800s  finite=10529
  [31480/100000]  elapsed=7258s  rate=4.3/s  eta=15797s  finite=10536
  [31490/100000]  elapsed=7260s  rate=4.3/s  eta=15795s  finite=10541
  [warn] sample 5 failed: 
  [31500/100000]  elapsed=7262s  rate=4.3/s  eta=15793s  finite=10543
  -> checkpoint saved: /scratch/e1498138/paper/ext/emri_g/lhs_f/ckpt_031500.pkl
  [warn] sample 3 failed: This a (0.43058595), p0 (13.592385) and e0 (0.8942685) combination is outside of our domain of validity.
  [31510/100000]  elapsed=7264s  rate=4.3/s  eta=15790s  finite=10547
  [31520/100000]  elapsed=7267s  rate=4.3/s  eta=15787s  finite=10549
  [31530/100000]  elapsed=7269s  rate=4.3/s  eta=15785s  finite=10551
  [31540/100000]  elapsed=7271s  rate=4.3/s  eta=15783s  finite=10553
  [31550/100000]  elapsed=7274s  rate=4.3/s  eta=15781s  finite=10559
  [31560/100000]  elapsed=7276s  rate=4.3/s  eta=15779s  finite=10564
  [31570/100000]  elapsed=7279s  rate=4.3/s  eta=15777s  finite=10569
  [31580/100000]  elapsed=7281s  rate=4.3/s  eta=15774s  finite=10572
  [31590/100000]  elapsed=7283s  rate=4.3/s  eta=15772s  finite=10575
  [31600/100000]  elapsed=7285s  rate=4.3/s  eta=15770s  finite=10579
  -> checkpoint saved: /scratch/e1498138/paper/ext/emri_g/lhs_f/ckpt_031600.pkl
  [31610/100000]  elapsed=7288s  rate=4.3/s  eta=15768s  finite=10585
  [31620/100000]  elapsed=7290s  rate=4.3/s  eta=15765s  finite=10586
  [31630/100000]  elapsed=7292s  rate=4.3/s  eta=15763s  finite=10589
  [warn] sample 8 failed: 
  [31640/100000]  elapsed=7295s  rate=4.3/s  eta=15760s  finite=10593
  [31650/100000]  elapsed=7297s  rate=4.3/s  eta=15758s  finite=10596
  [31660/100000]  elapsed=7299s  rate=4.3/s  eta=15756s  finite=10599
  [31670/100000]  elapsed=7302s  rate=4.3/s  eta=15754s  finite=10601
  [warn] sample 3 failed: 
  [31680/100000]  elapsed=7304s  rate=4.3/s  eta=15751s  finite=10605
  [31690/100000]  elapsed=7306s  rate=4.3/s  eta=15749s  finite=10609
  [31700/100000]  elapsed=7308s  rate=4.3/s  eta=15747s  finite=10611
  -> checkpoint saved: /scratch/e1498138/paper/ext/emri_g/lhs_f/ckpt_031700.pkl
  [31710/100000]  elapsed=7311s  rate=4.3/s  eta=15744s  finite=10612
  [31720/100000]  elapsed=7314s  rate=4.3/s  eta=15743s  finite=10619
  [warn] sample 8 failed: 
  [31730/100000]  elapsed=7316s  rate=4.3/s  eta=15740s  finite=10621
  [31740/100000]  elapsed=7318s  rate=4.3/s  eta=15738s  finite=10627
  [warn] sample 3 failed: This a (0.31316865), p0 (13.521495) and e0 (0.8943165) combination is outside of our domain of validity.
  [31750/100000]  elapsed=7320s  rate=4.3/s  eta=15736s  finite=10630
  [warn] sample 7 failed: 
  [31760/100000]  elapsed=7322s  rate=4.3/s  eta=15733s  finite=10634
  [31770/100000]  elapsed=7325s  rate=4.3/s  eta=15731s  finite=10638
  [31780/100000]  elapsed=7327s  rate=4.3/s  eta=15728s  finite=10641
  [31790/100000]  elapsed=7329s  rate=4.3/s  eta=15726s  finite=10643
  [31800/100000]  elapsed=7331s  rate=4.3/s  eta=15724s  finite=10644
  -> checkpoint saved: /scratch/e1498138/paper/ext/emri_g/lhs_f/ckpt_031800.pkl
  [warn] sample 0 failed: 
  [warn] sample 5 failed: 
  [31810/100000]  elapsed=7333s  rate=4.3/s  eta=15721s  finite=10645
  [31820/100000]  elapsed=7336s  rate=4.3/s  eta=15718s  finite=10649
  [31830/100000]  elapsed=7338s  rate=4.3/s  eta=15716s  finite=10651
  [31840/100000]  elapsed=7340s  rate=4.3/s  eta=15713s  finite=10651
  [31850/100000]  elapsed=7343s  rate=4.3/s  eta=15711s  finite=10656
  [31860/100000]  elapsed=7345s  rate=4.3/s  eta=15709s  finite=10658
  [31870/100000]  elapsed=7347s  rate=4.3/s  eta=15706s  finite=10660
  [warn] sample 6 failed: This a (0.36321435), p0 (13.550415) and e0 (0.8934105000000001) combination is outside of our domain of validity.
  [31880/100000]  elapsed=7349s  rate=4.3/s  eta=15703s  finite=10665
  [warn] sample 9 failed: 
  [31890/100000]  elapsed=7351s  rate=4.3/s  eta=15701s  finite=10666
  [31900/100000]  elapsed=7354s  rate=4.3/s  eta=15698s  finite=10669
  -> checkpoint saved: /scratch/e1498138/paper/ext/emri_g/lhs_f/ckpt_031900.pkl
  [warn] sample 9 failed: 
  [31910/100000]  elapsed=7356s  rate=4.3/s  eta=15696s  finite=10673
  [31920/100000]  elapsed=7358s  rate=4.3/s  eta=15694s  finite=10674
  [31930/100000]  elapsed=7360s  rate=4.3/s  eta=15691s  finite=10678
  [31940/100000]  elapsed=7363s  rate=4.3/s  eta=15689s  finite=10681
  [31950/100000]  elapsed=7365s  rate=4.3/s  eta=15687s  finite=10687
  [31960/100000]  elapsed=7367s  rate=4.3/s  eta=15685s  finite=10690
  [31970/100000]  elapsed=7370s  rate=4.3/s  eta=15682s  finite=10691
  [31980/100000]  elapsed=7372s  rate=4.3/s  eta=15680s  finite=10693
  [warn] sample 7 failed: This a (0.33431715), p0 (14.811855) and e0 (0.8970945) combination is outside of our domain of validity.
  [31990/100000]  elapsed=7374s  rate=4.3/s  eta=15677s  finite=10695
  [32000/100000]  elapsed=7376s  rate=4.3/s  eta=15675s  finite=10700
  -> checkpoint saved: /scratch/e1498138/paper/ext/emri_g/lhs_f/ckpt_032000.pkl
  [warn] sample 8 failed: 
  [32010/100000]  elapsed=7378s  rate=4.3/s  eta=15672s  finite=10703
  [warn] sample 0 failed: 
  [32020/100000]  elapsed=7381s  rate=4.3/s  eta=15670s  finite=10706
  [32030/100000]  elapsed=7383s  rate=4.3/s  eta=15667s  finite=10710
  [warn] sample 7 failed: This a (0.39310515), p0 (13.926405) and e0 (0.8961585000000001) combination is outside of our domain of validity.
  [warn] sample 8 failed: 
  [32040/100000]  elapsed=7385s  rate=4.3/s  eta=15664s  finite=10711
  [32050/100000]  elapsed=7387s  rate=4.3/s  eta=15662s  finite=10717
  [warn] sample 0 failed: 
  [32060/100000]  elapsed=7389s  rate=4.3/s  eta=15659s  finite=10717
  [32070/100000]  elapsed=7392s  rate=4.3/s  eta=15657s  finite=10722
  [32080/100000]  elapsed=7394s  rate=4.3/s  eta=15655s  finite=10725
  [32090/100000]  elapsed=7396s  rate=4.3/s  eta=15652s  finite=10728
  [warn] sample 3 failed: 
  [32100/100000]  elapsed=7398s  rate=4.3/s  eta=15649s  finite=10730
  -> checkpoint saved: /scratch/e1498138/paper/ext/emri_g/lhs_f/ckpt_032100.pkl
  [32110/100000]  elapsed=7401s  rate=4.3/s  eta=15648s  finite=10734
  [32120/100000]  elapsed=7403s  rate=4.3/s  eta=15645s  finite=10738
  [32130/100000]  elapsed=7405s  rate=4.3/s  eta=15643s  finite=10739
  [32140/100000]  elapsed=7408s  rate=4.3/s  eta=15641s  finite=10742
  [32150/100000]  elapsed=7410s  rate=4.3/s  eta=15638s  finite=10743
  [32160/100000]  elapsed=7413s  rate=4.3/s  eta=15637s  finite=10747
  [32170/100000]  elapsed=7415s  rate=4.3/s  eta=15634s  finite=10751
  [32180/100000]  elapsed=7417s  rate=4.3/s  eta=15632s  finite=10754
  [32190/100000]  elapsed=7420s  rate=4.3/s  eta=15630s  finite=10759
  [32200/100000]  elapsed=7422s  rate=4.3/s  eta=15627s  finite=10763
  -> checkpoint saved: /scratch/e1498138/paper/ext/emri_g/lhs_f/ckpt_032200.pkl
  [32210/100000]  elapsed=7424s  rate=4.3/s  eta=15625s  finite=10769
  [32220/100000]  elapsed=7427s  rate=4.3/s  eta=15623s  finite=10770
  [32230/100000]  elapsed=7429s  rate=4.3/s  eta=15621s  finite=10774
  [32240/100000]  elapsed=7431s  rate=4.3/s  eta=15618s  finite=10779
  [warn] sample 7 failed: 
  [32250/100000]  elapsed=7433s  rate=4.3/s  eta=15616s  finite=10782
  [32260/100000]  elapsed=7436s  rate=4.3/s  eta=15613s  finite=10784
  [32270/100000]  elapsed=7438s  rate=4.3/s  eta=15611s  finite=10787
  [32280/100000]  elapsed=7440s  rate=4.3/s  eta=15609s  finite=10791
  [32290/100000]  elapsed=7442s  rate=4.3/s  eta=15606s  finite=10791
  [32300/100000]  elapsed=7445s  rate=4.3/s  eta=15604s  finite=10795
  -> checkpoint saved: /scratch/e1498138/paper/ext/emri_g/lhs_f/ckpt_032300.pkl
  [32310/100000]  elapsed=7447s  rate=4.3/s  eta=15602s  finite=10797
  [warn] sample 9 failed: 
  [32320/100000]  elapsed=7449s  rate=4.3/s  eta=15599s  finite=10802
  [32330/100000]  elapsed=7452s  rate=4.3/s  eta=15597s  finite=10806
  [32340/100000]  elapsed=7454s  rate=4.3/s  eta=15595s  finite=10807
  [warn] sample 1 failed: 
  [32350/100000]  elapsed=7456s  rate=4.3/s  eta=15592s  finite=10812
  [32360/100000]  elapsed=7458s  rate=4.3/s  eta=15590s  finite=10816
  [32370/100000]  elapsed=7461s  rate=4.3/s  eta=15587s  finite=10822
  [warn] sample 8 failed: This a (0.37531695), p0 (14.584305) and e0 (0.8992605) combination is outside of our domain of validity.
  [32380/100000]  elapsed=7463s  rate=4.3/s  eta=15584s  finite=10824
  [warn] sample 5 failed: 
  [32390/100000]  elapsed=7465s  rate=4.3/s  eta=15582s  finite=10828
  [32400/100000]  elapsed=7467s  rate=4.3/s  eta=15580s  finite=10835
  -> checkpoint saved: /scratch/e1498138/paper/ext/emri_g/lhs_f/ckpt_032400.pkl
  [warn] sample 9 failed: 
  [32410/100000]  elapsed=7469s  rate=4.3/s  eta=15577s  finite=10837
  [32420/100000]  elapsed=7472s  rate=4.3/s  eta=15575s  finite=10842
  [32430/100000]  elapsed=7474s  rate=4.3/s  eta=15573s  finite=10844
  [32440/100000]  elapsed=7476s  rate=4.3/s  eta=15570s  finite=10846
  [warn] sample 3 failed: 
  [32450/100000]  elapsed=7478s  rate=4.3/s  eta=15567s  finite=10850
  [warn] sample 4 failed: 
  [32460/100000]  elapsed=7480s  rate=4.3/s  eta=15565s  finite=10853
  [32470/100000]  elapsed=7483s  rate=4.3/s  eta=15563s  finite=10856
  [32480/100000]  elapsed=7485s  rate=4.3/s  eta=15560s  finite=10860
  [warn] sample 1 failed: 
  [32490/100000]  elapsed=7488s  rate=4.3/s  eta=15558s  finite=10864
  [warn] sample 7 failed: 
  [32500/100000]  elapsed=7490s  rate=4.3/s  eta=15556s  finite=10867
  -> checkpoint saved: /scratch/e1498138/paper/ext/emri_g/lhs_f/ckpt_032500.pkl
  [32510/100000]  elapsed=7492s  rate=4.3/s  eta=15553s  finite=10868
  [32520/100000]  elapsed=7494s  rate=4.3/s  eta=15551s  finite=10872
  [32530/100000]  elapsed=7497s  rate=4.3/s  eta=15549s  finite=10877
  [warn] sample 9 failed: 
  [32540/100000]  elapsed=7499s  rate=4.3/s  eta=15547s  finite=10879
  [32550/100000]  elapsed=7501s  rate=4.3/s  eta=15544s  finite=10883
  [32560/100000]  elapsed=7504s  rate=4.3/s  eta=15542s  finite=10889
  [32570/100000]  elapsed=7506s  rate=4.3/s  eta=15540s  finite=10892
  [32580/100000]  elapsed=7508s  rate=4.3/s  eta=15537s  finite=10896
  [32590/100000]  elapsed=7511s  rate=4.3/s  eta=15535s  finite=10900
  [32600/100000]  elapsed=7513s  rate=4.3/s  eta=15533s  finite=10902
  -> checkpoint saved: /scratch/e1498138/paper/ext/emri_g/lhs_f/ckpt_032600.pkl
  [32610/100000]  elapsed=7515s  rate=4.3/s  eta=15530s  finite=10903
  [32620/100000]  elapsed=7517s  rate=4.3/s  eta=15528s  finite=10906
  [warn] sample 0 failed: 
  [32630/100000]  elapsed=7520s  rate=4.3/s  eta=15525s  finite=10908
  [32640/100000]  elapsed=7522s  rate=4.3/s  eta=15523s  finite=10911
  [warn] sample 0 failed: 
  [32650/100000]  elapsed=7524s  rate=4.3/s  eta=15520s  finite=10914
  [warn] sample 7 failed: This a (0.42881954999999994), p0 (14.493435) and e0 (0.8959245) combination is outside of our domain of validity.
  [32660/100000]  elapsed=7526s  rate=4.3/s  eta=15517s  finite=10919
  [warn] sample 1 failed: This a (0.42140895), p0 (14.533845) and e0 (0.8978325) combination is outside of our domain of validity.
  [32670/100000]  elapsed=7528s  rate=4.3/s  eta=15515s  finite=10922
  [32680/100000]  elapsed=7531s  rate=4.3/s  eta=15513s  finite=10929
  [32690/100000]  elapsed=7533s  rate=4.3/s  eta=15511s  finite=10931
  [32700/100000]  elapsed=7535s  rate=4.3/s  eta=15508s  finite=10936
  -> checkpoint saved: /scratch/e1498138/paper/ext/emri_g/lhs_f/ckpt_032700.pkl
  [32710/100000]  elapsed=7538s  rate=4.3/s  eta=15506s  finite=10937
  [32720/100000]  elapsed=7540s  rate=4.3/s  eta=15504s  finite=10939
  [32730/100000]  elapsed=7542s  rate=4.3/s  eta=15502s  finite=10943
  [32740/100000]  elapsed=7545s  rate=4.3/s  eta=15499s  finite=10944
  [32750/100000]  elapsed=7547s  rate=4.3/s  eta=15497s  finite=10947
  [32760/100000]  elapsed=7549s  rate=4.3/s  eta=15495s  finite=10952
  [warn] sample 4 failed: 
  [32770/100000]  elapsed=7551s  rate=4.3/s  eta=15492s  finite=10956
  [32780/100000]  elapsed=7554s  rate=4.3/s  eta=15490s  finite=10960
  [warn] sample 3 failed: 
  [32790/100000]  elapsed=7556s  rate=4.3/s  eta=15487s  finite=10965
  [32800/100000]  elapsed=7558s  rate=4.3/s  eta=15485s  finite=10968
  -> checkpoint saved: /scratch/e1498138/paper/ext/emri_g/lhs_f/ckpt_032800.pkl
  [32810/100000]  elapsed=7561s  rate=4.3/s  eta=15483s  finite=10974
  [32820/100000]  elapsed=7563s  rate=4.3/s  eta=15481s  finite=10979
  [32830/100000]  elapsed=7565s  rate=4.3/s  eta=15478s  finite=10982
  [warn] sample 9 failed: 
  [32840/100000]  elapsed=7567s  rate=4.3/s  eta=15476s  finite=10984
  [32850/100000]  elapsed=7570s  rate=4.3/s  eta=15474s  finite=10990
  [32860/100000]  elapsed=7572s  rate=4.3/s  eta=15471s  finite=10993
  [32870/100000]  elapsed=7574s  rate=4.3/s  eta=15469s  finite=10996
  [32880/100000]  elapsed=7577s  rate=4.3/s  eta=15466s  finite=10998
  [32890/100000]  elapsed=7579s  rate=4.3/s  eta=15464s  finite=11001
  [32900/100000]  elapsed=7581s  rate=4.3/s  eta=15462s  finite=11005
  -> checkpoint saved: /scratch/e1498138/paper/ext/emri_g/lhs_f/ckpt_032900.pkl
  [32910/100000]  elapsed=7584s  rate=4.3/s  eta=15460s  finite=11009
  [warn] sample 2 failed: 
  [32920/100000]  elapsed=7586s  rate=4.3/s  eta=15457s  finite=11013
  [32930/100000]  elapsed=7588s  rate=4.3/s  eta=15455s  finite=11020
  [32940/100000]  elapsed=7590s  rate=4.3/s  eta=15452s  finite=11022
  [32950/100000]  elapsed=7593s  rate=4.3/s  eta=15450s  finite=11024
  [warn] sample 0 failed: 
  [32960/100000]  elapsed=7595s  rate=4.3/s  eta=15448s  finite=11026
  [32970/100000]  elapsed=7597s  rate=4.3/s  eta=15445s  finite=11030
  [warn] sample 8 failed: 
  [32980/100000]  elapsed=7599s  rate=4.3/s  eta=15443s  finite=11032
  [32990/100000]  elapsed=7602s  rate=4.3/s  eta=15441s  finite=11035
  [33000/100000]  elapsed=7604s  rate=4.3/s  eta=15439s  finite=11039
  -> checkpoint saved: /scratch/e1498138/paper/ext/emri_g/lhs_f/ckpt_033000.pkl
  [33010/100000]  elapsed=7606s  rate=4.3/s  eta=15436s  finite=11041
  [33020/100000]  elapsed=7609s  rate=4.3/s  eta=15434s  finite=11047
  [33030/100000]  elapsed=7611s  rate=4.3/s  eta=15432s  finite=11051
  [33040/100000]  elapsed=7614s  rate=4.3/s  eta=15430s  finite=11057
  [33050/100000]  elapsed=7616s  rate=4.3/s  eta=15428s  finite=11058
  [33060/100000]  elapsed=7618s  rate=4.3/s  eta=15425s  finite=11061
  [33070/100000]  elapsed=7621s  rate=4.3/s  eta=15423s  finite=11064
  [warn] sample 3 failed: 
  [33080/100000]  elapsed=7623s  rate=4.3/s  eta=15421s  finite=11068
  [33090/100000]  elapsed=7625s  rate=4.3/s  eta=15418s  finite=11073
  [33100/100000]  elapsed=7627s  rate=4.3/s  eta=15416s  finite=11079
  -> checkpoint saved: /scratch/e1498138/paper/ext/emri_g/lhs_f/ckpt_033100.pkl
  [33110/100000]  elapsed=7629s  rate=4.3/s  eta=15413s  finite=11079
  [33120/100000]  elapsed=7632s  rate=4.3/s  eta=15411s  finite=11084
  [33130/100000]  elapsed=7634s  rate=4.3/s  eta=15409s  finite=11086
  [33140/100000]  elapsed=7636s  rate=4.3/s  eta=15406s  finite=11090
  [33150/100000]  elapsed=7639s  rate=4.3/s  eta=15404s  finite=11092
  [warn] sample 0 failed: 
  [33160/100000]  elapsed=7641s  rate=4.3/s  eta=15401s  finite=11094
  [33170/100000]  elapsed=7643s  rate=4.3/s  eta=15398s  finite=11097
  [33180/100000]  elapsed=7645s  rate=4.3/s  eta=15396s  finite=11098
  [33190/100000]  elapsed=7647s  rate=4.3/s  eta=15394s  finite=11103
  [warn] sample 6 failed: 
  [33200/100000]  elapsed=7650s  rate=4.3/s  eta=15391s  finite=11104
  -> checkpoint saved: /scratch/e1498138/paper/ext/emri_g/lhs_f/ckpt_033200.pkl
  [33210/100000]  elapsed=7652s  rate=4.3/s  eta=15389s  finite=11107
  [33220/100000]  elapsed=7654s  rate=4.3/s  eta=15387s  finite=11112
  [33230/100000]  elapsed=7656s  rate=4.3/s  eta=15384s  finite=11114
  [33240/100000]  elapsed=7659s  rate=4.3/s  eta=15382s  finite=11117
  [33250/100000]  elapsed=7661s  rate=4.3/s  eta=15380s  finite=11119
  [33260/100000]  elapsed=7663s  rate=4.3/s  eta=15378s  finite=11124
  [33270/100000]  elapsed=7666s  rate=4.3/s  eta=15376s  finite=11129
  [33280/100000]  elapsed=7668s  rate=4.3/s  eta=15373s  finite=11132
  [33290/100000]  elapsed=7671s  rate=4.3/s  eta=15371s  finite=11137
  [33300/100000]  elapsed=7673s  rate=4.3/s  eta=15369s  finite=11142
  -> checkpoint saved: /scratch/e1498138/paper/ext/emri_g/lhs_f/ckpt_033300.pkl
  [33310/100000]  elapsed=7675s  rate=4.3/s  eta=15367s  finite=11143
  [33320/100000]  elapsed=7678s  rate=4.3/s  eta=15364s  finite=11144
  [33330/100000]  elapsed=7680s  rate=4.3/s  eta=15362s  finite=11147
  [33340/100000]  elapsed=7682s  rate=4.3/s  eta=15360s  finite=11155
  [33350/100000]  elapsed=7685s  rate=4.3/s  eta=15358s  finite=11157
  [33360/100000]  elapsed=7687s  rate=4.3/s  eta=15356s  finite=11162
  [33370/100000]  elapsed=7689s  rate=4.3/s  eta=15354s  finite=11166
  [33380/100000]  elapsed=7692s  rate=4.3/s  eta=15351s  finite=11168
  [33390/100000]  elapsed=7694s  rate=4.3/s  eta=15349s  finite=11172
  [33400/100000]  elapsed=7696s  rate=4.3/s  eta=15346s  finite=11174
  -> checkpoint saved: /scratch/e1498138/paper/ext/emri_g/lhs_f/ckpt_033400.pkl
  [33410/100000]  elapsed=7698s  rate=4.3/s  eta=15344s  finite=11176
  [33420/100000]  elapsed=7701s  rate=4.3/s  eta=15342s  finite=11181
  [33430/100000]  elapsed=7703s  rate=4.3/s  eta=15339s  finite=11185
  [33440/100000]  elapsed=7705s  rate=4.3/s  eta=15337s  finite=11189
  [33450/100000]  elapsed=7708s  rate=4.3/s  eta=15335s  finite=11191
  [33460/100000]  elapsed=7710s  rate=4.3/s  eta=15332s  finite=11194
  [33470/100000]  elapsed=7712s  rate=4.3/s  eta=15330s  finite=11199
  [33480/100000]  elapsed=7715s  rate=4.3/s  eta=15328s  finite=11203
  [warn] sample 9 failed: 
  [33490/100000]  elapsed=7717s  rate=4.3/s  eta=15325s  finite=11208
  [33500/100000]  elapsed=7719s  rate=4.3/s  eta=15323s  finite=11211
  -> checkpoint saved: /scratch/e1498138/paper/ext/emri_g/lhs_f/ckpt_033500.pkl
  [33510/100000]  elapsed=7722s  rate=4.3/s  eta=15321s  finite=11211
  [33520/100000]  elapsed=7724s  rate=4.3/s  eta=15319s  finite=11212
  [33530/100000]  elapsed=7726s  rate=4.3/s  eta=15316s  finite=11215
  [warn] sample 2 failed: 
  [warn] sample 4 failed: 
  [33540/100000]  elapsed=7728s  rate=4.3/s  eta=15313s  finite=11218
  [warn] sample 8 failed: This a (0.49019504999999997), p0 (13.557795) and e0 (0.8959335) combination is outside of our domain of validity.
  [33550/100000]  elapsed=7730s  rate=4.3/s  eta=15311s  finite=11221
  [33560/100000]  elapsed=7733s  rate=4.3/s  eta=15308s  finite=11224
  [33570/100000]  elapsed=7735s  rate=4.3/s  eta=15306s  finite=11226
  [33580/100000]  elapsed=7737s  rate=4.3/s  eta=15304s  finite=11230
  [33590/100000]  elapsed=7740s  rate=4.3/s  eta=15302s  finite=11232
  [33600/100000]  elapsed=7742s  rate=4.3/s  eta=15299s  finite=11235
  -> checkpoint saved: /scratch/e1498138/paper/ext/emri_g/lhs_f/ckpt_033600.pkl
  [33610/100000]  elapsed=7744s  rate=4.3/s  eta=15297s  finite=11239
  [warn] sample 3 failed: This a (0.35901225), p0 (14.780925) and e0 (0.8964945) combination is outside of our domain of validity.
  [33620/100000]  elapsed=7746s  rate=4.3/s  eta=15294s  finite=11243
  [33630/100000]  elapsed=7748s  rate=4.3/s  eta=15292s  finite=11244
  [33640/100000]  elapsed=7751s  rate=4.3/s  eta=15290s  finite=11251
  [33650/100000]  elapsed=7753s  rate=4.3/s  eta=15287s  finite=11258
  [33660/100000]  elapsed=7755s  rate=4.3/s  eta=15285s  finite=11262
  [33670/100000]  elapsed=7758s  rate=4.3/s  eta=15283s  finite=11265
  [33680/100000]  elapsed=7760s  rate=4.3/s  eta=15281s  finite=11269
  [warn] sample 2 failed: This a (0.36461505), p0 (13.767825) and e0 (0.8935305) combination is outside of our domain of validity.
  [33690/100000]  elapsed=7762s  rate=4.3/s  eta=15278s  finite=11275
  [warn] sample 0 failed: 
  [33700/100000]  elapsed=7764s  rate=4.3/s  eta=15275s  finite=11277
  -> checkpoint saved: /scratch/e1498138/paper/ext/emri_g/lhs_f/ckpt_033700.pkl
  [33710/100000]  elapsed=7767s  rate=4.3/s  eta=15273s  finite=11281
  [33720/100000]  elapsed=7769s  rate=4.3/s  eta=15271s  finite=11284
  [warn] sample 9 failed: 
  [33730/100000]  elapsed=7771s  rate=4.3/s  eta=15268s  finite=11287
  [33740/100000]  elapsed=7773s  rate=4.3/s  eta=15266s  finite=11292
  [warn] sample 1 failed: 
  [33750/100000]  elapsed=7776s  rate=4.3/s  eta=15263s  finite=11294
  [33760/100000]  elapsed=7778s  rate=4.3/s  eta=15261s  finite=11300
  [warn] sample 2 failed: This a (0.5187886500000001), p0 (13.828155) and e0 (0.8972175) combination is outside of our domain of validity.
  [33770/100000]  elapsed=7780s  rate=4.3/s  eta=15258s  finite=11303
  [warn] sample 0 failed: This a (0.5872366499999999), p0 (13.674675) and e0 (0.8976165) combination is outside of our domain of validity.
  [warn] sample 4 failed: 
  [33780/100000]  elapsed=7782s  rate=4.3/s  eta=15255s  finite=11308
  [33790/100000]  elapsed=7784s  rate=4.3/s  eta=15253s  finite=11311
  [33800/100000]  elapsed=7787s  rate=4.3/s  eta=15251s  finite=11317
  -> checkpoint saved: /scratch/e1498138/paper/ext/emri_g/lhs_f/ckpt_033800.pkl
  [warn] sample 3 failed: 
  [33810/100000]  elapsed=7789s  rate=4.3/s  eta=15248s  finite=11322
  [33820/100000]  elapsed=7791s  rate=4.3/s  eta=15245s  finite=11325
  [33830/100000]  elapsed=7793s  rate=4.3/s  eta=15243s  finite=11328
  [warn] sample 2 failed: 
  [33840/100000]  elapsed=7795s  rate=4.3/s  eta=15240s  finite=11331
  [33850/100000]  elapsed=7797s  rate=4.3/s  eta=15238s  finite=11334
  [warn] sample 9 failed: 
  [33860/100000]  elapsed=7800s  rate=4.3/s  eta=15235s  finite=11336
  [warn] sample 5 failed: 
  [33870/100000]  elapsed=7802s  rate=4.3/s  eta=15233s  finite=11338
  [33880/100000]  elapsed=7804s  rate=4.3/s  eta=15230s  finite=11338
  [33890/100000]  elapsed=7806s  rate=4.3/s  eta=15228s  finite=11342
  [33900/100000]  elapsed=7809s  rate=4.3/s  eta=15226s  finite=11345
  -> checkpoint saved: /scratch/e1498138/paper/ext/emri_g/lhs_f/ckpt_033900.pkl
  [warn] sample 5 failed: 
  [33910/100000]  elapsed=7811s  rate=4.3/s  eta=15223s  finite=11348
  [33920/100000]  elapsed=7813s  rate=4.3/s  eta=15221s  finite=11349
  [33930/100000]  elapsed=7815s  rate=4.3/s  eta=15218s  finite=11357
  [33940/100000]  elapsed=7817s  rate=4.3/s  eta=15216s  finite=11360
  [warn] sample 0 failed: 
  [33950/100000]  elapsed=7820s  rate=4.3/s  eta=15213s  finite=11365
  [33960/100000]  elapsed=7822s  rate=4.3/s  eta=15211s  finite=11369
  [33970/100000]  elapsed=7824s  rate=4.3/s  eta=15209s  finite=11371
  [33980/100000]  elapsed=7827s  rate=4.3/s  eta=15206s  finite=11375
  [33990/100000]  elapsed=7829s  rate=4.3/s  eta=15204s  finite=11375
  [34000/100000]  elapsed=7831s  rate=4.3/s  eta=15201s  finite=11379
  -> checkpoint saved: /scratch/e1498138/paper/ext/emri_g/lhs_f/ckpt_034000.pkl
  [warn] sample 6 failed: 
  [34010/100000]  elapsed=7833s  rate=4.3/s  eta=15199s  finite=11381
  [34020/100000]  elapsed=7836s  rate=4.3/s  eta=15197s  finite=11383
  [34030/100000]  elapsed=7838s  rate=4.3/s  eta=15195s  finite=11387
  [warn] sample 7 failed: 
  [34040/100000]  elapsed=7840s  rate=4.3/s  eta=15192s  finite=11390
  [34050/100000]  elapsed=7842s  rate=4.3/s  eta=15189s  finite=11393
  [34060/100000]  elapsed=7845s  rate=4.3/s  eta=15187s  finite=11397
  [34070/100000]  elapsed=7847s  rate=4.3/s  eta=15185s  finite=11401
  [34080/100000]  elapsed=7849s  rate=4.3/s  eta=15183s  finite=11403
  [34090/100000]  elapsed=7852s  rate=4.3/s  eta=15180s  finite=11407
  [34100/100000]  elapsed=7854s  rate=4.3/s  eta=15178s  finite=11412
  -> checkpoint saved: /scratch/e1498138/paper/ext/emri_g/lhs_f/ckpt_034100.pkl
  [warn] sample 0 failed: This a (0.41521965), p0 (13.541085) and e0 (0.8893995000000001) combination is outside of our domain of validity.
  [warn] sample 8 failed: 
  [34110/100000]  elapsed=7856s  rate=4.3/s  eta=15175s  finite=11416
  [34120/100000]  elapsed=7858s  rate=4.3/s  eta=15173s  finite=11418
  [34130/100000]  elapsed=7860s  rate=4.3/s  eta=15170s  finite=11420
  [34140/100000]  elapsed=7863s  rate=4.3/s  eta=15168s  finite=11424
  [warn] sample 8 failed: 
  [34150/100000]  elapsed=7865s  rate=4.3/s  eta=15166s  finite=11427
  [34160/100000]  elapsed=7868s  rate=4.3/s  eta=15164s  finite=11432
  [warn] sample 1 failed: 
  [34170/100000]  elapsed=7870s  rate=4.3/s  eta=15161s  finite=11433
  [34180/100000]  elapsed=7872s  rate=4.3/s  eta=15159s  finite=11436
  [34190/100000]  elapsed=7874s  rate=4.3/s  eta=15157s  finite=11439
  [34200/100000]  elapsed=7877s  rate=4.3/s  eta=15154s  finite=11443
  -> checkpoint saved: /scratch/e1498138/paper/ext/emri_g/lhs_f/ckpt_034200.pkl
  [34210/100000]  elapsed=7879s  rate=4.3/s  eta=15152s  finite=11446
  [34220/100000]  elapsed=7881s  rate=4.3/s  eta=15150s  finite=11449
  [34230/100000]  elapsed=7884s  rate=4.3/s  eta=15148s  finite=11451
  [34240/100000]  elapsed=7886s  rate=4.3/s  eta=15145s  finite=11454
  [34250/100000]  elapsed=7888s  rate=4.3/s  eta=15143s  finite=11457
  [34260/100000]  elapsed=7890s  rate=4.3/s  eta=15140s  finite=11460
  [warn] sample 8 failed: This a (0.52595775), p0 (13.824105) and e0 (0.8945355) combination is outside of our domain of validity.
  [34270/100000]  elapsed=7893s  rate=4.3/s  eta=15138s  finite=11465
  [34280/100000]  elapsed=7895s  rate=4.3/s  eta=15136s  finite=11471
  [warn] sample 2 failed: 
  [34290/100000]  elapsed=7897s  rate=4.3/s  eta=15133s  finite=11471
  [34300/100000]  elapsed=7899s  rate=4.3/s  eta=15131s  finite=11473
  -> checkpoint saved: /scratch/e1498138/paper/ext/emri_g/lhs_f/ckpt_034300.pkl
  [34310/100000]  elapsed=7902s  rate=4.3/s  eta=15128s  finite=11475
  [warn] sample 1 failed: 
  [34320/100000]  elapsed=7904s  rate=4.3/s  eta=15126s  finite=11478
  [34330/100000]  elapsed=7906s  rate=4.3/s  eta=15123s  finite=11482
  [34340/100000]  elapsed=7908s  rate=4.3/s  eta=15121s  finite=11485
  [34350/100000]  elapsed=7911s  rate=4.3/s  eta=15119s  finite=11488
  [34360/100000]  elapsed=7913s  rate=4.3/s  eta=15116s  finite=11492
  [34370/100000]  elapsed=7915s  rate=4.3/s  eta=15114s  finite=11495
  [34380/100000]  elapsed=7918s  rate=4.3/s  eta=15112s  finite=11499
  [warn] sample 1 failed: 
  [34390/100000]  elapsed=7920s  rate=4.3/s  eta=15110s  finite=11501
  [34400/100000]  elapsed=7922s  rate=4.3/s  eta=15107s  finite=11507
  -> checkpoint saved: /scratch/e1498138/paper/ext/emri_g/lhs_f/ckpt_034400.pkl
  [warn] sample 1 failed: 
  [34410/100000]  elapsed=7924s  rate=4.3/s  eta=15105s  finite=11510
  [34420/100000]  elapsed=7927s  rate=4.3/s  eta=15103s  finite=11516
  [34430/100000]  elapsed=7929s  rate=4.3/s  eta=15100s  finite=11519
  [34440/100000]  elapsed=7931s  rate=4.3/s  eta=15098s  finite=11520
  [34450/100000]  elapsed=7933s  rate=4.3/s  eta=15095s  finite=11525
  [34460/100000]  elapsed=7936s  rate=4.3/s  eta=15093s  finite=11528
  [34470/100000]  elapsed=7938s  rate=4.3/s  eta=15091s  finite=11531
  [34480/100000]  elapsed=7940s  rate=4.3/s  eta=15089s  finite=11536
  [34490/100000]  elapsed=7943s  rate=4.3/s  eta=15086s  finite=11539
  [warn] sample 5 failed: 
  [34500/100000]  elapsed=7945s  rate=4.3/s  eta=15083s  finite=11540
  -> checkpoint saved: /scratch/e1498138/paper/ext/emri_g/lhs_f/ckpt_034500.pkl
  [34510/100000]  elapsed=7947s  rate=4.3/s  eta=15081s  finite=11541
  [34520/100000]  elapsed=7949s  rate=4.3/s  eta=15079s  finite=11544
  [34530/100000]  elapsed=7952s  rate=4.3/s  eta=15077s  finite=11547
  [34540/100000]  elapsed=7954s  rate=4.3/s  eta=15074s  finite=11551
  [34550/100000]  elapsed=7956s  rate=4.3/s  eta=15072s  finite=11554
  [34560/100000]  elapsed=7959s  rate=4.3/s  eta=15070s  finite=11558
  [34570/100000]  elapsed=7961s  rate=4.3/s  eta=15067s  finite=11560
  [warn] sample 4 failed: 
  [warn] sample 9 failed: 
  [34580/100000]  elapsed=7963s  rate=4.3/s  eta=15064s  finite=11562
  [warn] sample 1 failed: 
  [34590/100000]  elapsed=7965s  rate=4.3/s  eta=15061s  finite=11564
  [34600/100000]  elapsed=7967s  rate=4.3/s  eta=15059s  finite=11567
  -> checkpoint saved: /scratch/e1498138/paper/ext/emri_g/lhs_f/ckpt_034600.pkl
  [34610/100000]  elapsed=7969s  rate=4.3/s  eta=15057s  finite=11570
  [34620/100000]  elapsed=7972s  rate=4.3/s  eta=15055s  finite=11575
  [34630/100000]  elapsed=7974s  rate=4.3/s  eta=15052s  finite=11578
  [34640/100000]  elapsed=7977s  rate=4.3/s  eta=15050s  finite=11581
  [34650/100000]  elapsed=7979s  rate=4.3/s  eta=15048s  finite=11582
  [34660/100000]  elapsed=7981s  rate=4.3/s  eta=15046s  finite=11587
  [34670/100000]  elapsed=7983s  rate=4.3/s  eta=15043s  finite=11589
  [34680/100000]  elapsed=7986s  rate=4.3/s  eta=15041s  finite=11591
  [warn] sample 8 failed: This a (0.38994494999999996), p0 (13.511895) and e0 (0.8916855) combination is outside of our domain of validity.
  [34690/100000]  elapsed=7988s  rate=4.3/s  eta=15039s  finite=11593
  [34700/100000]  elapsed=7992s  rate=4.3/s  eta=15040s  finite=11599
  -> checkpoint saved: /scratch/e1498138/paper/ext/emri_g/lhs_f/ckpt_034700.pkl
  [warn] sample 7 failed: 
  [34710/100000]  elapsed=7994s  rate=4.3/s  eta=15037s  finite=11600
  [warn] sample 6 failed: 
  [34720/100000]  elapsed=7996s  rate=4.3/s  eta=15035s  finite=11603
  [34730/100000]  elapsed=7999s  rate=4.3/s  eta=15033s  finite=11608
  [warn] sample 2 failed: 
  [34740/100000]  elapsed=8001s  rate=4.3/s  eta=15030s  finite=11612
  [34750/100000]  elapsed=8003s  rate=4.3/s  eta=15028s  finite=11615
  [warn] sample 5 failed: 
  [warn] sample 6 failed: 
  [34760/100000]  elapsed=8005s  rate=4.3/s  eta=15025s  finite=11620
  [warn] sample 8 failed: 
  [34770/100000]  elapsed=8008s  rate=4.3/s  eta=15023s  finite=11625
  [34780/100000]  elapsed=8010s  rate=4.3/s  eta=15021s  finite=11628
  [34790/100000]  elapsed=8012s  rate=4.3/s  eta=15018s  finite=11634
  [34800/100000]  elapsed=8015s  rate=4.3/s  eta=15016s  finite=11637
  -> checkpoint saved: /scratch/e1498138/paper/ext/emri_g/lhs_f/ckpt_034800.pkl
  [34810/100000]  elapsed=8017s  rate=4.3/s  eta=15014s  finite=11642
  [34820/100000]  elapsed=8019s  rate=4.3/s  eta=15011s  finite=11643
  [34830/100000]  elapsed=8022s  rate=4.3/s  eta=15009s  finite=11646
  [34840/100000]  elapsed=8024s  rate=4.3/s  eta=15007s  finite=11651
  [34850/100000]  elapsed=8026s  rate=4.3/s  eta=15005s  finite=11655
  [34860/100000]  elapsed=8029s  rate=4.3/s  eta=15002s  finite=11659
  [34870/100000]  elapsed=8031s  rate=4.3/s  eta=15000s  finite=11661
  [34880/100000]  elapsed=8033s  rate=4.3/s  eta=14998s  finite=11667
  [34890/100000]  elapsed=8036s  rate=4.3/s  eta=14996s  finite=11672
  [34900/100000]  elapsed=8038s  rate=4.3/s  eta=14994s  finite=11676
  -> checkpoint saved: /scratch/e1498138/paper/ext/emri_g/lhs_f/ckpt_034900.pkl
  [34910/100000]  elapsed=8041s  rate=4.3/s  eta=14992s  finite=11683
  [34920/100000]  elapsed=8043s  rate=4.3/s  eta=14989s  finite=11685
  [34930/100000]  elapsed=8045s  rate=4.3/s  eta=14987s  finite=11688
  [warn] sample 1 failed: 
  [34940/100000]  elapsed=8047s  rate=4.3/s  eta=14984s  finite=11691
  [34950/100000]  elapsed=8049s  rate=4.3/s  eta=14982s  finite=11694
  [34960/100000]  elapsed=8052s  rate=4.3/s  eta=14979s  finite=11698
  [34970/100000]  elapsed=8054s  rate=4.3/s  eta=14977s  finite=11700
  [34980/100000]  elapsed=8056s  rate=4.3/s  eta=14975s  finite=11704
  [34990/100000]  elapsed=8059s  rate=4.3/s  eta=14972s  finite=11710
  [35000/100000]  elapsed=8061s  rate=4.3/s  eta=14970s  finite=11713
  -> checkpoint saved: /scratch/e1498138/paper/ext/emri_g/lhs_f/ckpt_035000.pkl
  [35010/100000]  elapsed=8063s  rate=4.3/s  eta=14968s  finite=11715
  [warn] sample 6 failed: 
  [35020/100000]  elapsed=8065s  rate=4.3/s  eta=14966s  finite=11718
  [35030/100000]  elapsed=8068s  rate=4.3/s  eta=14963s  finite=11721
  [warn] sample 1 failed: 
  [35040/100000]  elapsed=8070s  rate=4.3/s  eta=14961s  finite=11724
  [35050/100000]  elapsed=8072s  rate=4.3/s  eta=14959s  finite=11726
  [35060/100000]  elapsed=8075s  rate=4.3/s  eta=14957s  finite=11731
  [35070/100000]  elapsed=8077s  rate=4.3/s  eta=14954s  finite=11736
  [35080/100000]  elapsed=8080s  rate=4.3/s  eta=14952s  finite=11742
  [35090/100000]  elapsed=8082s  rate=4.3/s  eta=14950s  finite=11745
  [35100/100000]  elapsed=8084s  rate=4.3/s  eta=14948s  finite=11749
  -> checkpoint saved: /scratch/e1498138/paper/ext/emri_g/lhs_f/ckpt_035100.pkl
  [35110/100000]  elapsed=8087s  rate=4.3/s  eta=14946s  finite=11757
  [35120/100000]  elapsed=8089s  rate=4.3/s  eta=14944s  finite=11759
  [warn] sample 0 failed: 
  [warn] sample 6 failed: 
  [35130/100000]  elapsed=8091s  rate=4.3/s  eta=14941s  finite=11762
  [35140/100000]  elapsed=8093s  rate=4.3/s  eta=14938s  finite=11764
  [35150/100000]  elapsed=8096s  rate=4.3/s  eta=14936s  finite=11768
  [warn] sample 6 failed: 
  [35160/100000]  elapsed=8098s  rate=4.3/s  eta=14934s  finite=11771
  [35170/100000]  elapsed=8100s  rate=4.3/s  eta=14932s  finite=11774
  [35180/100000]  elapsed=8103s  rate=4.3/s  eta=14929s  finite=11777
  [35190/100000]  elapsed=8105s  rate=4.3/s  eta=14927s  finite=11781
  [35200/100000]  elapsed=8107s  rate=4.3/s  eta=14925s  finite=11787
  -> checkpoint saved: /scratch/e1498138/paper/ext/emri_g/lhs_f/ckpt_035200.pkl
  [35210/100000]  elapsed=8110s  rate=4.3/s  eta=14922s  finite=11791
  [35220/100000]  elapsed=8112s  rate=4.3/s  eta=14920s  finite=11795
  [35230/100000]  elapsed=8114s  rate=4.3/s  eta=14918s  finite=11800
  [35240/100000]  elapsed=8117s  rate=4.3/s  eta=14916s  finite=11802
  [35250/100000]  elapsed=8119s  rate=4.3/s  eta=14914s  finite=11807
  [35260/100000]  elapsed=8122s  rate=4.3/s  eta=14912s  finite=11813
  [warn] sample 4 failed: 
  [35270/100000]  elapsed=8124s  rate=4.3/s  eta=14909s  finite=11816
  [35280/100000]  elapsed=8126s  rate=4.3/s  eta=14907s  finite=11819
  [warn] sample 7 failed: 
  [35290/100000]  elapsed=8128s  rate=4.3/s  eta=14904s  finite=11820
  [warn] sample 3 failed: 
  [35300/100000]  elapsed=8130s  rate=4.3/s  eta=14902s  finite=11824
  -> checkpoint saved: /scratch/e1498138/paper/ext/emri_g/lhs_f/ckpt_035300.pkl
  [warn] sample 5 failed: 
  [35310/100000]  elapsed=8133s  rate=4.3/s  eta=14899s  finite=11827
  [35320/100000]  elapsed=8135s  rate=4.3/s  eta=14897s  finite=11832
  [35330/100000]  elapsed=8137s  rate=4.3/s  eta=14895s  finite=11835
  [35340/100000]  elapsed=8139s  rate=4.3/s  eta=14892s  finite=11838
  [35350/100000]  elapsed=8142s  rate=4.3/s  eta=14890s  finite=11840
  [35360/100000]  elapsed=8144s  rate=4.3/s  eta=14888s  finite=11845
  [35370/100000]  elapsed=8146s  rate=4.3/s  eta=14886s  finite=11849
  [35380/100000]  elapsed=8149s  rate=4.3/s  eta=14884s  finite=11854
  [35390/100000]  elapsed=8151s  rate=4.3/s  eta=14881s  finite=11856
  [warn] sample 2 failed: 
  [35400/100000]  elapsed=8153s  rate=4.3/s  eta=14879s  finite=11860
  -> checkpoint saved: /scratch/e1498138/paper/ext/emri_g/lhs_f/ckpt_035400.pkl
  [35410/100000]  elapsed=8156s  rate=4.3/s  eta=14876s  finite=11862
  [35420/100000]  elapsed=8158s  rate=4.3/s  eta=14874s  finite=11864
  [35430/100000]  elapsed=8160s  rate=4.3/s  eta=14872s  finite=11867
  [35440/100000]  elapsed=8162s  rate=4.3/s  eta=14869s  finite=11871
  [warn] sample 5 failed: 
  [35450/100000]  elapsed=8165s  rate=4.3/s  eta=14867s  finite=11872
  [warn] sample 0 failed: 
  [35460/100000]  elapsed=8167s  rate=4.3/s  eta=14864s  finite=11878
  [35470/100000]  elapsed=8169s  rate=4.3/s  eta=14862s  finite=11880
  [warn] sample 8 failed: This a (0.37569644999999996), p0 (14.168295) and e0 (0.8946855) combination is outside of our domain of validity.
  [35480/100000]  elapsed=8171s  rate=4.3/s  eta=14859s  finite=11885
  [warn] sample 3 failed: 
  [35490/100000]  elapsed=8173s  rate=4.3/s  eta=14857s  finite=11890
  [35500/100000]  elapsed=8176s  rate=4.3/s  eta=14854s  finite=11892
  -> checkpoint saved: /scratch/e1498138/paper/ext/emri_g/lhs_f/ckpt_035500.pkl
  [35510/100000]  elapsed=8178s  rate=4.3/s  eta=14852s  finite=11893
  [35520/100000]  elapsed=8180s  rate=4.3/s  eta=14849s  finite=11894
  [35530/100000]  elapsed=8183s  rate=4.3/s  eta=14847s  finite=11897
  [35540/100000]  elapsed=8185s  rate=4.3/s  eta=14845s  finite=11902
  [35550/100000]  elapsed=8187s  rate=4.3/s  eta=14843s  finite=11905
  [35560/100000]  elapsed=8190s  rate=4.3/s  eta=14841s  finite=11909
  [35570/100000]  elapsed=8192s  rate=4.3/s  eta=14839s  finite=11912
  [35580/100000]  elapsed=8194s  rate=4.3/s  eta=14837s  finite=11918
  [35590/100000]  elapsed=8197s  rate=4.3/s  eta=14834s  finite=11922
  [35600/100000]  elapsed=8199s  rate=4.3/s  eta=14832s  finite=11925
  -> checkpoint saved: /scratch/e1498138/paper/ext/emri_g/lhs_f/ckpt_035600.pkl
  [35610/100000]  elapsed=8201s  rate=4.3/s  eta=14830s  finite=11928
  [35620/100000]  elapsed=8204s  rate=4.3/s  eta=14827s  finite=11929
  [35630/100000]  elapsed=8206s  rate=4.3/s  eta=14825s  finite=11934
  [35640/100000]  elapsed=8208s  rate=4.3/s  eta=14823s  finite=11938
  [35650/100000]  elapsed=8210s  rate=4.3/s  eta=14820s  finite=11940
  [35660/100000]  elapsed=8213s  rate=4.3/s  eta=14818s  finite=11943
  [warn] sample 0 failed: 
  [35670/100000]  elapsed=8215s  rate=4.3/s  eta=14815s  finite=11945
  [35680/100000]  elapsed=8217s  rate=4.3/s  eta=14813s  finite=11947
  [35690/100000]  elapsed=8219s  rate=4.3/s  eta=14811s  finite=11947
  [35700/100000]  elapsed=8222s  rate=4.3/s  eta=14809s  finite=11950
  -> checkpoint saved: /scratch/e1498138/paper/ext/emri_g/lhs_f/ckpt_035700.pkl
  [35710/100000]  elapsed=8224s  rate=4.3/s  eta=14806s  finite=11950
  [35720/100000]  elapsed=8226s  rate=4.3/s  eta=14804s  finite=11955
  [35730/100000]  elapsed=8229s  rate=4.3/s  eta=14802s  finite=11960
  [35740/100000]  elapsed=8231s  rate=4.3/s  eta=14799s  finite=11967
  [35750/100000]  elapsed=8233s  rate=4.3/s  eta=14797s  finite=11970
  [warn] sample 4 failed: 
  [35760/100000]  elapsed=8235s  rate=4.3/s  eta=14794s  finite=11974
  [35770/100000]  elapsed=8238s  rate=4.3/s  eta=14792s  finite=11981
  [warn] sample 9 failed: This a (0.40151625), p0 (14.728605) and e0 (0.8998005) combination is outside of our domain of validity.
  [35780/100000]  elapsed=8240s  rate=4.3/s  eta=14789s  finite=11981
  [35790/100000]  elapsed=8242s  rate=4.3/s  eta=14787s  finite=11983
  [35800/100000]  elapsed=8244s  rate=4.3/s  eta=14784s  finite=11985
  -> checkpoint saved: /scratch/e1498138/paper/ext/emri_g/lhs_f/ckpt_035800.pkl
  [35810/100000]  elapsed=8246s  rate=4.3/s  eta=14782s  finite=11989
  [35820/100000]  elapsed=8249s  rate=4.3/s  eta=14780s  finite=11992
  [35830/100000]  elapsed=8251s  rate=4.3/s  eta=14778s  finite=11998
  [warn] sample 1 failed: This a (0.48417825000000003), p0 (14.156355) and e0 (0.8987775) combination is outside of our domain of validity.
  [warn] sample 4 failed: 
  [35840/100000]  elapsed=8253s  rate=4.3/s  eta=14775s  finite=12002
  [35850/100000]  elapsed=8256s  rate=4.3/s  eta=14772s  finite=12005
  [35860/100000]  elapsed=8258s  rate=4.3/s  eta=14770s  finite=12007
  [35870/100000]  elapsed=8260s  rate=4.3/s  eta=14768s  finite=12011
  [35880/100000]  elapsed=8262s  rate=4.3/s  eta=14765s  finite=12014
  [35890/100000]  elapsed=8265s  rate=4.3/s  eta=14763s  finite=12019
  [35900/100000]  elapsed=8267s  rate=4.3/s  eta=14761s  finite=12022
  -> checkpoint saved: /scratch/e1498138/paper/ext/emri_g/lhs_f/ckpt_035900.pkl
  [35910/100000]  elapsed=8269s  rate=4.3/s  eta=14758s  finite=12026
  [warn] sample 9 failed: 
  [35920/100000]  elapsed=8271s  rate=4.3/s  eta=14756s  finite=12028
  [35930/100000]  elapsed=8274s  rate=4.3/s  eta=14754s  finite=12035
  [35940/100000]  elapsed=8276s  rate=4.3/s  eta=14751s  finite=12037
  [35950/100000]  elapsed=8278s  rate=4.3/s  eta=14749s  finite=12041
  [warn] sample 2 failed: 
  [35960/100000]  elapsed=8280s  rate=4.3/s  eta=14746s  finite=12043
  [35970/100000]  elapsed=8283s  rate=4.3/s  eta=14744s  finite=12046
  [35980/100000]  elapsed=8285s  rate=4.3/s  eta=14742s  finite=12051
  [35990/100000]  elapsed=8287s  rate=4.3/s  eta=14739s  finite=12056
  [36000/100000]  elapsed=8289s  rate=4.3/s  eta=14737s  finite=12057
  -> checkpoint saved: /scratch/e1498138/paper/ext/emri_g/lhs_f/ckpt_036000.pkl
  [36010/100000]  elapsed=8292s  rate=4.3/s  eta=14734s  finite=12061
  [36020/100000]  elapsed=8294s  rate=4.3/s  eta=14732s  finite=12064
  [warn] sample 7 failed: 
  [36030/100000]  elapsed=8296s  rate=4.3/s  eta=14730s  finite=12067
  [36040/100000]  elapsed=8299s  rate=4.3/s  eta=14727s  finite=12071
  [36050/100000]  elapsed=8301s  rate=4.3/s  eta=14725s  finite=12076
  [36060/100000]  elapsed=8303s  rate=4.3/s  eta=14723s  finite=12078
  [36070/100000]  elapsed=8306s  rate=4.3/s  eta=14721s  finite=12082
  [36080/100000]  elapsed=8308s  rate=4.3/s  eta=14718s  finite=12085
  [36090/100000]  elapsed=8310s  rate=4.3/s  eta=14716s  finite=12088
  [warn] sample 9 failed: This a (0.41814525), p0 (13.906695) and e0 (0.8899425000000001) combination is outside of our domain of validity.
  [36100/100000]  elapsed=8312s  rate=4.3/s  eta=14713s  finite=12091
  -> checkpoint saved: /scratch/e1498138/paper/ext/emri_g/lhs_f/ckpt_036100.pkl
  [warn] sample 5 failed: 
  [36110/100000]  elapsed=8314s  rate=4.3/s  eta=14711s  finite=12093
  [36120/100000]  elapsed=8317s  rate=4.3/s  eta=14708s  finite=12096
  [warn] sample 0 failed: 
  [36130/100000]  elapsed=8319s  rate=4.3/s  eta=14706s  finite=12099
  [36140/100000]  elapsed=8321s  rate=4.3/s  eta=14704s  finite=12100
  [36150/100000]  elapsed=8324s  rate=4.3/s  eta=14702s  finite=12105
  [36160/100000]  elapsed=8326s  rate=4.3/s  eta=14699s  finite=12108
  [36170/100000]  elapsed=8328s  rate=4.3/s  eta=14697s  finite=12114
  [36180/100000]  elapsed=8331s  rate=4.3/s  eta=14695s  finite=12117
  [warn] sample 3 failed: 
  [warn] sample 7 failed: 
  [36190/100000]  elapsed=8332s  rate=4.3/s  eta=14692s  finite=12120
  [warn] sample 3 failed: 
  [36200/100000]  elapsed=8335s  rate=4.3/s  eta=14689s  finite=12124
  -> checkpoint saved: /scratch/e1498138/paper/ext/emri_g/lhs_f/ckpt_036200.pkl
  [36210/100000]  elapsed=8337s  rate=4.3/s  eta=14687s  finite=12130
  [36220/100000]  elapsed=8339s  rate=4.3/s  eta=14685s  finite=12133
  [36230/100000]  elapsed=8342s  rate=4.3/s  eta=14682s  finite=12136
  [warn] sample 8 failed: 
  [36240/100000]  elapsed=8344s  rate=4.3/s  eta=14680s  finite=12138
  [36250/100000]  elapsed=8346s  rate=4.3/s  eta=14678s  finite=12142
  [warn] sample 0 failed: This a (0.39852164999999995), p0 (13.632405) and e0 (0.8863635000000001) combination is outside of our domain of validity.
  [warn] sample 1 failed: 
  [36260/100000]  elapsed=8348s  rate=4.3/s  eta=14675s  finite=12142
  [36270/100000]  elapsed=8350s  rate=4.3/s  eta=14672s  finite=12143
  [36280/100000]  elapsed=8353s  rate=4.3/s  eta=14670s  finite=12146
  [36290/100000]  elapsed=8355s  rate=4.3/s  eta=14668s  finite=12149
  [warn] sample 5 failed: 
  [36300/100000]  elapsed=8357s  rate=4.3/s  eta=14665s  finite=12153
  -> checkpoint saved: /scratch/e1498138/paper/ext/emri_g/lhs_f/ckpt_036300.pkl
  [36310/100000]  elapsed=8360s  rate=4.3/s  eta=14663s  finite=12158
  [warn] sample 9 failed: 
  [36320/100000]  elapsed=8362s  rate=4.3/s  eta=14661s  finite=12162
  [warn] sample 4 failed: 
  [36330/100000]  elapsed=8364s  rate=4.3/s  eta=14658s  finite=12165
  [36340/100000]  elapsed=8366s  rate=4.3/s  eta=14655s  finite=12167
  [36350/100000]  elapsed=8368s  rate=4.3/s  eta=14653s  finite=12171
  [36360/100000]  elapsed=8371s  rate=4.3/s  eta=14651s  finite=12173
  [36370/100000]  elapsed=8373s  rate=4.3/s  eta=14649s  finite=12173
  [warn] sample 7 failed: This a (0.40715355), p0 (14.082015) and e0 (0.8926305000000001) combination is outside of our domain of validity.
  [36380/100000]  elapsed=8375s  rate=4.3/s  eta=14646s  finite=12174
  [36390/100000]  elapsed=8377s  rate=4.3/s  eta=14644s  finite=12175
  [36400/100000]  elapsed=8380s  rate=4.3/s  eta=14642s  finite=12182
  -> checkpoint saved: /scratch/e1498138/paper/ext/emri_g/lhs_f/ckpt_036400.pkl
  [36410/100000]  elapsed=8382s  rate=4.3/s  eta=14640s  finite=12184
  [36420/100000]  elapsed=8385s  rate=4.3/s  eta=14638s  finite=12186
  [36430/100000]  elapsed=8387s  rate=4.3/s  eta=14635s  finite=12192
  [36440/100000]  elapsed=8389s  rate=4.3/s  eta=14633s  finite=12198
  [warn] sample 7 failed: 
  [36450/100000]  elapsed=8391s  rate=4.3/s  eta=14630s  finite=12201
  [36460/100000]  elapsed=8394s  rate=4.3/s  eta=14628s  finite=12203
  [36470/100000]  elapsed=8396s  rate=4.3/s  eta=14626s  finite=12208
  [warn] sample 0 failed: This a (0.32252505), p0 (13.752765) and e0 (0.8858175) combination is outside of our domain of validity.
  [warn] sample 5 failed: 
  [36480/100000]  elapsed=8398s  rate=4.3/s  eta=14623s  finite=12210
  [36490/100000]  elapsed=8401s  rate=4.3/s  eta=14621s  finite=12213
  [warn] sample 5 failed: 
  [36500/100000]  elapsed=8403s  rate=4.3/s  eta=14619s  finite=12214
  -> checkpoint saved: /scratch/e1498138/paper/ext/emri_g/lhs_f/ckpt_036500.pkl
  [36510/100000]  elapsed=8405s  rate=4.3/s  eta=14616s  finite=12217
  [36520/100000]  elapsed=8407s  rate=4.3/s  eta=14614s  finite=12220
  [36530/100000]  elapsed=8410s  rate=4.3/s  eta=14612s  finite=12225
  [36540/100000]  elapsed=8412s  rate=4.3/s  eta=14609s  finite=12225
  [36550/100000]  elapsed=8414s  rate=4.3/s  eta=14607s  finite=12228
  [36560/100000]  elapsed=8417s  rate=4.3/s  eta=14605s  finite=12232
  [36570/100000]  elapsed=8419s  rate=4.3/s  eta=14602s  finite=12238
  [36580/100000]  elapsed=8421s  rate=4.3/s  eta=14600s  finite=12241
  [36590/100000]  elapsed=8424s  rate=4.3/s  eta=14598s  finite=12244
  [36600/100000]  elapsed=8426s  rate=4.3/s  eta=14596s  finite=12248
  -> checkpoint saved: /scratch/e1498138/paper/ext/emri_g/lhs_f/ckpt_036600.pkl
  [36610/100000]  elapsed=8428s  rate=4.3/s  eta=14593s  finite=12250
  [warn] sample 7 failed: This a (0.38595675), p0 (14.023155) and e0 (0.8988915) combination is outside of our domain of validity.
  [36620/100000]  elapsed=8430s  rate=4.3/s  eta=14591s  finite=12251
  [warn] sample 5 failed: 
  [36630/100000]  elapsed=8433s  rate=4.3/s  eta=14588s  finite=12254
  [36640/100000]  elapsed=8435s  rate=4.3/s  eta=14586s  finite=12257
  [36650/100000]  elapsed=8437s  rate=4.3/s  eta=14584s  finite=12263
  [36660/100000]  elapsed=8440s  rate=4.3/s  eta=14582s  finite=12267
  [warn] sample 5 failed: 
  [36670/100000]  elapsed=8442s  rate=4.3/s  eta=14579s  finite=12268
  [warn] sample 2 failed: 
  [36680/100000]  elapsed=8444s  rate=4.3/s  eta=14577s  finite=12269
  [36690/100000]  elapsed=8446s  rate=4.3/s  eta=14574s  finite=12274
  [36700/100000]  elapsed=8449s  rate=4.3/s  eta=14572s  finite=12277
  -> checkpoint saved: /scratch/e1498138/paper/ext/emri_g/lhs_f/ckpt_036700.pkl
  [warn] sample 8 failed: 
  [36710/100000]  elapsed=8451s  rate=4.3/s  eta=14570s  finite=12281
  [36720/100000]  elapsed=8453s  rate=4.3/s  eta=14568s  finite=12282
  [36730/100000]  elapsed=8456s  rate=4.3/s  eta=14565s  finite=12283
  [36740/100000]  elapsed=8458s  rate=4.3/s  eta=14563s  finite=12288
  [36750/100000]  elapsed=8460s  rate=4.3/s  eta=14561s  finite=12294
  [36760/100000]  elapsed=8463s  rate=4.3/s  eta=14559s  finite=12299
  [36770/100000]  elapsed=8465s  rate=4.3/s  eta=14556s  finite=12303
  [warn] sample 1 failed: 
  [36780/100000]  elapsed=8467s  rate=4.3/s  eta=14554s  finite=12307
  [36790/100000]  elapsed=8470s  rate=4.3/s  eta=14552s  finite=12309
  [warn] sample 2 failed: 
  [36800/100000]  elapsed=8472s  rate=4.3/s  eta=14549s  finite=12311
  -> checkpoint saved: /scratch/e1498138/paper/ext/emri_g/lhs_f/ckpt_036800.pkl
  [warn] sample 3 failed: 
  [36810/100000]  elapsed=8474s  rate=4.3/s  eta=14547s  finite=12313
  [warn] sample 2 failed: 
  [36820/100000]  elapsed=8476s  rate=4.3/s  eta=14544s  finite=12318
  [warn] sample 7 failed: 
  [36830/100000]  elapsed=8478s  rate=4.3/s  eta=14541s  finite=12322
  [36840/100000]  elapsed=8480s  rate=4.3/s  eta=14539s  finite=12323
  [36850/100000]  elapsed=8483s  rate=4.3/s  eta=14537s  finite=12328
  [36860/100000]  elapsed=8485s  rate=4.3/s  eta=14534s  finite=12330
  [36870/100000]  elapsed=8487s  rate=4.3/s  eta=14532s  finite=12332
  [36880/100000]  elapsed=8490s  rate=4.3/s  eta=14530s  finite=12337
  [36890/100000]  elapsed=8492s  rate=4.3/s  eta=14528s  finite=12342
  [36900/100000]  elapsed=8494s  rate=4.3/s  eta=14525s  finite=12348
  -> checkpoint saved: /scratch/e1498138/paper/ext/emri_g/lhs_f/ckpt_036900.pkl
  [36910/100000]  elapsed=8497s  rate=4.3/s  eta=14523s  finite=12351
  [36920/100000]  elapsed=8499s  rate=4.3/s  eta=14521s  finite=12355
  [36930/100000]  elapsed=8501s  rate=4.3/s  eta=14518s  finite=12357
  [warn] sample 2 failed: 
  [36940/100000]  elapsed=8503s  rate=4.3/s  eta=14516s  finite=12359
  [36950/100000]  elapsed=8506s  rate=4.3/s  eta=14514s  finite=12365
  [36960/100000]  elapsed=8508s  rate=4.3/s  eta=14511s  finite=12371
  [36970/100000]  elapsed=8510s  rate=4.3/s  eta=14509s  finite=12372
  [warn] sample 0 failed: 
  [36980/100000]  elapsed=8512s  rate=4.3/s  eta=14506s  finite=12376
  [36990/100000]  elapsed=8515s  rate=4.3/s  eta=14504s  finite=12379
  [warn] sample 0 failed: 
  [37000/100000]  elapsed=8517s  rate=4.3/s  eta=14501s  finite=12380
  -> checkpoint saved: /scratch/e1498138/paper/ext/emri_g/lhs_f/ckpt_037000.pkl
  [warn] sample 5 failed: 
  [37010/100000]  elapsed=8519s  rate=4.3/s  eta=14499s  finite=12380
  [37020/100000]  elapsed=8521s  rate=4.3/s  eta=14497s  finite=12384
  [warn] sample 3 failed: 
  [37030/100000]  elapsed=8523s  rate=4.3/s  eta=14494s  finite=12390
  [37040/100000]  elapsed=8526s  rate=4.3/s  eta=14492s  finite=12391
  [37050/100000]  elapsed=8528s  rate=4.3/s  eta=14489s  finite=12397
  [37060/100000]  elapsed=8530s  rate=4.3/s  eta=14487s  finite=12400
  [37070/100000]  elapsed=8533s  rate=4.3/s  eta=14485s  finite=12402
  [warn] sample 0 failed: This a (0.39894255), p0 (14.167425) and e0 (0.8933085000000001) combination is outside of our domain of validity.
  [warn] sample 1 failed: This a (0.31563195), p0 (13.742385) and e0 (0.8947245) combination is outside of our domain of validity.
  [37080/100000]  elapsed=8535s  rate=4.3/s  eta=14482s  finite=12405
  [37090/100000]  elapsed=8537s  rate=4.3/s  eta=14480s  finite=12408
  [37100/100000]  elapsed=8539s  rate=4.3/s  eta=14477s  finite=12413
  -> checkpoint saved: /scratch/e1498138/paper/ext/emri_g/lhs_f/ckpt_037100.pkl
  [warn] sample 3 failed: 
  [37110/100000]  elapsed=8541s  rate=4.3/s  eta=14475s  finite=12416
  [37120/100000]  elapsed=8544s  rate=4.3/s  eta=14473s  finite=12418
  [37130/100000]  elapsed=8546s  rate=4.3/s  eta=14471s  finite=12421
  [37140/100000]  elapsed=8549s  rate=4.3/s  eta=14469s  finite=12423
  [37150/100000]  elapsed=8551s  rate=4.3/s  eta=14466s  finite=12428
  [37160/100000]  elapsed=8553s  rate=4.3/s  eta=14464s  finite=12432
  [37170/100000]  elapsed=8556s  rate=4.3/s  eta=14462s  finite=12438
  [37180/100000]  elapsed=8558s  rate=4.3/s  eta=14460s  finite=12443
  [warn] sample 6 failed: 
  [37190/100000]  elapsed=8560s  rate=4.3/s  eta=14457s  finite=12450
  [37200/100000]  elapsed=8563s  rate=4.3/s  eta=14455s  finite=12451
  -> checkpoint saved: /scratch/e1498138/paper/ext/emri_g/lhs_f/ckpt_037200.pkl
  [37210/100000]  elapsed=8565s  rate=4.3/s  eta=14453s  finite=12453
  [warn] sample 6 failed: 
  [37220/100000]  elapsed=8567s  rate=4.3/s  eta=14450s  finite=12455
  [37230/100000]  elapsed=8569s  rate=4.3/s  eta=14448s  finite=12457
  [warn] sample 4 failed: 
  [37240/100000]  elapsed=8571s  rate=4.3/s  eta=14445s  finite=12457
  [warn] sample 3 failed: This a (0.5993047499999999), p0 (13.614465) and e0 (0.8963865000000001) combination is outside of our domain of validity.
  [37250/100000]  elapsed=8573s  rate=4.3/s  eta=14443s  finite=12459
  [warn] sample 9 failed: 
  [37260/100000]  elapsed=8576s  rate=4.3/s  eta=14440s  finite=12464
  [37270/100000]  elapsed=8578s  rate=4.3/s  eta=14438s  finite=12467
  [37280/100000]  elapsed=8581s  rate=4.3/s  eta=14436s  finite=12468
  [37290/100000]  elapsed=8583s  rate=4.3/s  eta=14434s  finite=12473
  [37300/100000]  elapsed=8586s  rate=4.3/s  eta=14432s  finite=12475
  -> checkpoint saved: /scratch/e1498138/paper/ext/emri_g/lhs_f/ckpt_037300.pkl
  [warn] sample 8 failed: This a (0.30777285), p0 (14.105325) and e0 (0.8966835) combination is outside of our domain of validity.
  [37310/100000]  elapsed=8588s  rate=4.3/s  eta=14429s  finite=12479
  [37320/100000]  elapsed=8590s  rate=4.3/s  eta=14427s  finite=12485
  [37330/100000]  elapsed=8592s  rate=4.3/s  eta=14425s  finite=12487
  [37340/100000]  elapsed=8595s  rate=4.3/s  eta=14423s  finite=12492
  [37350/100000]  elapsed=8597s  rate=4.3/s  eta=14420s  finite=12497
  [37360/100000]  elapsed=8599s  rate=4.3/s  eta=14418s  finite=12499
  [37370/100000]  elapsed=8602s  rate=4.3/s  eta=14416s  finite=12505
  [37380/100000]  elapsed=8604s  rate=4.3/s  eta=14414s  finite=12508
  [37390/100000]  elapsed=8606s  rate=4.3/s  eta=14411s  finite=12510
  [37400/100000]  elapsed=8609s  rate=4.3/s  eta=14409s  finite=12514
  -> checkpoint saved: /scratch/e1498138/paper/ext/emri_g/lhs_f/ckpt_037400.pkl
  [37410/100000]  elapsed=8611s  rate=4.3/s  eta=14407s  finite=12517
  [37420/100000]  elapsed=8613s  rate=4.3/s  eta=14405s  finite=12520
  [37430/100000]  elapsed=8616s  rate=4.3/s  eta=14402s  finite=12522
  [37440/100000]  elapsed=8618s  rate=4.3/s  eta=14400s  finite=12526
  [37450/100000]  elapsed=8620s  rate=4.3/s  eta=14397s  finite=12530
  [37460/100000]  elapsed=8622s  rate=4.3/s  eta=14395s  finite=12535
  [37470/100000]  elapsed=8625s  rate=4.3/s  eta=14393s  finite=12538
  [37480/100000]  elapsed=8627s  rate=4.3/s  eta=14391s  finite=12542
  [warn] sample 7 failed: 
  [37490/100000]  elapsed=8629s  rate=4.3/s  eta=14388s  finite=12545
  [37500/100000]  elapsed=8631s  rate=4.3/s  eta=14386s  finite=12550
  -> checkpoint saved: /scratch/e1498138/paper/ext/emri_g/lhs_f/ckpt_037500.pkl
  [37510/100000]  elapsed=8634s  rate=4.3/s  eta=14384s  finite=12552
  [37520/100000]  elapsed=8636s  rate=4.3/s  eta=14381s  finite=12556
  [37530/100000]  elapsed=8639s  rate=4.3/s  eta=14379s  finite=12559
  [37540/100000]  elapsed=8641s  rate=4.3/s  eta=14377s  finite=12561
  [37550/100000]  elapsed=8643s  rate=4.3/s  eta=14375s  finite=12567
  [warn] sample 3 failed: 
  [37560/100000]  elapsed=8645s  rate=4.3/s  eta=14372s  finite=12571
  [37570/100000]  elapsed=8647s  rate=4.3/s  eta=14369s  finite=12572
  [37580/100000]  elapsed=8650s  rate=4.3/s  eta=14367s  finite=12578
  [37590/100000]  elapsed=8652s  rate=4.3/s  eta=14365s  finite=12582
  [37600/100000]  elapsed=8654s  rate=4.3/s  eta=14363s  finite=12585
  -> checkpoint saved: /scratch/e1498138/paper/ext/emri_g/lhs_f/ckpt_037600.pkl
  [warn] sample 2 failed: 
  [37610/100000]  elapsed=8657s  rate=4.3/s  eta=14360s  finite=12587
  [37620/100000]  elapsed=8659s  rate=4.3/s  eta=14358s  finite=12589
  [37630/100000]  elapsed=8661s  rate=4.3/s  eta=14356s  finite=12591
  [37640/100000]  elapsed=8664s  rate=4.3/s  eta=14354s  finite=12597
  [37650/100000]  elapsed=8666s  rate=4.3/s  eta=14351s  finite=12599
  [37660/100000]  elapsed=8668s  rate=4.3/s  eta=14349s  finite=12603
  [warn] sample 0 failed: 
  [37670/100000]  elapsed=8670s  rate=4.3/s  eta=14346s  finite=12607
  [37680/100000]  elapsed=8673s  rate=4.3/s  eta=14344s  finite=12609
  [37690/100000]  elapsed=8675s  rate=4.3/s  eta=14342s  finite=12612
  [37700/100000]  elapsed=8677s  rate=4.3/s  eta=14339s  finite=12615
  -> checkpoint saved: /scratch/e1498138/paper/ext/emri_g/lhs_f/ckpt_037700.pkl
  [37710/100000]  elapsed=8680s  rate=4.3/s  eta=14337s  finite=12619
  [warn] sample 8 failed: 
  [37720/100000]  elapsed=8682s  rate=4.3/s  eta=14335s  finite=12622
  [37730/100000]  elapsed=8684s  rate=4.3/s  eta=14332s  finite=12625
  [warn] sample 3 failed: 
  [37740/100000]  elapsed=8686s  rate=4.3/s  eta=14330s  finite=12627
  [37750/100000]  elapsed=8688s  rate=4.3/s  eta=14327s  finite=12630
  [warn] sample 5 failed: 
  [warn] sample 8 failed: 
  [37760/100000]  elapsed=8690s  rate=4.3/s  eta=14325s  finite=12636
  [37770/100000]  elapsed=8693s  rate=4.3/s  eta=14322s  finite=12638
  [37780/100000]  elapsed=8695s  rate=4.3/s  eta=14320s  finite=12640
  [37790/100000]  elapsed=8697s  rate=4.3/s  eta=14317s  finite=12643
  [37800/100000]  elapsed=8700s  rate=4.3/s  eta=14315s  finite=12647
  -> checkpoint saved: /scratch/e1498138/paper/ext/emri_g/lhs_f/ckpt_037800.pkl
  [37810/100000]  elapsed=8702s  rate=4.3/s  eta=14313s  finite=12652
  [warn] sample 4 failed: This a (0.39796965), p0 (13.941435) and e0 (0.8926695) combination is outside of our domain of validity.
  [37820/100000]  elapsed=8704s  rate=4.3/s  eta=14310s  finite=12656
  [warn] sample 7 failed: 
  [37830/100000]  elapsed=8706s  rate=4.3/s  eta=14307s  finite=12658
  [37840/100000]  elapsed=8708s  rate=4.3/s  eta=14305s  finite=12660
  [37850/100000]  elapsed=8711s  rate=4.3/s  eta=14303s  finite=12665
  [37860/100000]  elapsed=8713s  rate=4.3/s  eta=14301s  finite=12670
  [37870/100000]  elapsed=8715s  rate=4.3/s  eta=14298s  finite=12674
  [37880/100000]  elapsed=8717s  rate=4.3/s  eta=14296s  finite=12678
  [37890/100000]  elapsed=8720s  rate=4.3/s  eta=14294s  finite=12683
  [warn] sample 4 failed: 
  [37900/100000]  elapsed=8722s  rate=4.3/s  eta=14291s  finite=12684
  -> checkpoint saved: /scratch/e1498138/paper/ext/emri_g/lhs_f/ckpt_037900.pkl
  [37910/100000]  elapsed=8724s  rate=4.3/s  eta=14289s  finite=12688
  [37920/100000]  elapsed=8727s  rate=4.3/s  eta=14287s  finite=12691
  [37930/100000]  elapsed=8729s  rate=4.3/s  eta=14285s  finite=12695
  [37940/100000]  elapsed=8732s  rate=4.3/s  eta=14282s  finite=12697
  [37950/100000]  elapsed=8734s  rate=4.3/s  eta=14280s  finite=12700
  [warn] sample 5 failed: This a (0.39694845), p0 (14.576715) and e0 (0.8970525) combination is outside of our domain of validity.
  [37960/100000]  elapsed=8736s  rate=4.3/s  eta=14277s  finite=12701
  [37970/100000]  elapsed=8738s  rate=4.3/s  eta=14275s  finite=12703
  [warn] sample 1 failed: 
  [37980/100000]  elapsed=8740s  rate=4.3/s  eta=14272s  finite=12707
  [37990/100000]  elapsed=8742s  rate=4.3/s  eta=14270s  finite=12709
  [38000/100000]  elapsed=8745s  rate=4.3/s  eta=14268s  finite=12713
  -> checkpoint saved: /scratch/e1498138/paper/ext/emri_g/lhs_f/ckpt_038000.pkl
  [38010/100000]  elapsed=8747s  rate=4.3/s  eta=14265s  finite=12718
  [warn] sample 4 failed: 
  [38020/100000]  elapsed=8749s  rate=4.3/s  eta=14263s  finite=12721
  [38030/100000]  elapsed=8751s  rate=4.3/s  eta=14260s  finite=12722
  [warn] sample 8 failed: This a (0.40830584999999997), p0 (13.589895) and e0 (0.8866095) combination is outside of our domain of validity.
  [38040/100000]  elapsed=8754s  rate=4.3/s  eta=14258s  finite=12728
  [38050/100000]  elapsed=8756s  rate=4.3/s  eta=14256s  finite=12734
  [38060/100000]  elapsed=8758s  rate=4.3/s  eta=14253s  finite=12737
  [38070/100000]  elapsed=8760s  rate=4.3/s  eta=14251s  finite=12741
  [38080/100000]  elapsed=8763s  rate=4.3/s  eta=14249s  finite=12742
  [38090/100000]  elapsed=8766s  rate=4.3/s  eta=14248s  finite=12745
  [38100/100000]  elapsed=8768s  rate=4.3/s  eta=14246s  finite=12751
  -> checkpoint saved: /scratch/e1498138/paper/ext/emri_g/lhs_f/ckpt_038100.pkl
  [38110/100000]  elapsed=8771s  rate=4.3/s  eta=14244s  finite=12756
  [38120/100000]  elapsed=8773s  rate=4.3/s  eta=14241s  finite=12757
  [38130/100000]  elapsed=8776s  rate=4.3/s  eta=14239s  finite=12761
  [38140/100000]  elapsed=8778s  rate=4.3/s  eta=14237s  finite=12765
  [38150/100000]  elapsed=8780s  rate=4.3/s  eta=14235s  finite=12768
  [warn] sample 3 failed: This a (0.47451135), p0 (13.567455) and e0 (0.8954265) combination is outside of our domain of validity.
  [38160/100000]  elapsed=8782s  rate=4.3/s  eta=14232s  finite=12772
  [38170/100000]  elapsed=8785s  rate=4.3/s  eta=14230s  finite=12775
  [warn] sample 1 failed: 
  [warn] sample 5 failed: This a (0.38196165), p0 (14.234475) and e0 (0.8952345) combination is outside of our domain of validity.
  [38180/100000]  elapsed=8787s  rate=4.3/s  eta=14227s  finite=12781
  [38190/100000]  elapsed=8789s  rate=4.3/s  eta=14225s  finite=12786
  [38200/100000]  elapsed=8792s  rate=4.3/s  eta=14223s  finite=12790
  -> checkpoint saved: /scratch/e1498138/paper/ext/emri_g/lhs_f/ckpt_038200.pkl
  [38210/100000]  elapsed=8794s  rate=4.3/s  eta=14221s  finite=12795
  [38220/100000]  elapsed=8796s  rate=4.3/s  eta=14219s  finite=12798
  [38230/100000]  elapsed=8799s  rate=4.3/s  eta=14216s  finite=12799
  [warn] sample 4 failed: 
  [38240/100000]  elapsed=8801s  rate=4.3/s  eta=14214s  finite=12802
  [38250/100000]  elapsed=8803s  rate=4.3/s  eta=14211s  finite=12807
  [warn] sample 7 failed: 
  [38260/100000]  elapsed=8805s  rate=4.3/s  eta=14209s  finite=12810
  [warn] sample 5 failed: 
  [38270/100000]  elapsed=8807s  rate=4.3/s  eta=14206s  finite=12813
  [warn] sample 5 failed: 
  [38280/100000]  elapsed=8809s  rate=4.3/s  eta=14204s  finite=12817
  [38290/100000]  elapsed=8812s  rate=4.3/s  eta=14202s  finite=12821
  [warn] sample 2 failed: This a (0.36524294999999996), p0 (14.147535) and e0 (0.8937135) combination is outside of our domain of validity.
  [38300/100000]  elapsed=8814s  rate=4.3/s  eta=14199s  finite=12824
  -> checkpoint saved: /scratch/e1498138/paper/ext/emri_g/lhs_f/ckpt_038300.pkl
  [38310/100000]  elapsed=8816s  rate=4.3/s  eta=14197s  finite=12824
  [38320/100000]  elapsed=8819s  rate=4.3/s  eta=14195s  finite=12827
  [38330/100000]  elapsed=8821s  rate=4.3/s  eta=14192s  finite=12830
  [38340/100000]  elapsed=8823s  rate=4.3/s  eta=14190s  finite=12833
  [38350/100000]  elapsed=8826s  rate=4.3/s  eta=14188s  finite=12834
  [warn] sample 1 failed: 
  [38360/100000]  elapsed=8828s  rate=4.3/s  eta=14185s  finite=12839
  [38370/100000]  elapsed=8830s  rate=4.3/s  eta=14183s  finite=12843
  [38380/100000]  elapsed=8833s  rate=4.3/s  eta=14181s  finite=12846
  [38390/100000]  elapsed=8835s  rate=4.3/s  eta=14179s  finite=12850
  [38400/100000]  elapsed=8837s  rate=4.3/s  eta=14176s  finite=12854
  -> checkpoint saved: /scratch/e1498138/paper/ext/emri_g/lhs_f/ckpt_038400.pkl
  [warn] sample 4 failed: 
  [38410/100000]  elapsed=8839s  rate=4.3/s  eta=14174s  finite=12859
  [38420/100000]  elapsed=8842s  rate=4.3/s  eta=14172s  finite=12862
  [38430/100000]  elapsed=8844s  rate=4.3/s  eta=14170s  finite=12865
  [38440/100000]  elapsed=8847s  rate=4.3/s  eta=14167s  finite=12867
  [38450/100000]  elapsed=8849s  rate=4.3/s  eta=14165s  finite=12869
  [warn] sample 3 failed: 
  [38460/100000]  elapsed=8851s  rate=4.3/s  eta=14162s  finite=12873
  [38470/100000]  elapsed=8853s  rate=4.3/s  eta=14160s  finite=12875
  [38480/100000]  elapsed=8856s  rate=4.3/s  eta=14158s  finite=12878
  [warn] sample 1 failed: 
  [38490/100000]  elapsed=8858s  rate=4.3/s  eta=14155s  finite=12878
  [38500/100000]  elapsed=8860s  rate=4.3/s  eta=14153s  finite=12882
  -> checkpoint saved: /scratch/e1498138/paper/ext/emri_g/lhs_f/ckpt_038500.pkl
  [38510/100000]  elapsed=8862s  rate=4.3/s  eta=14150s  finite=12886
  [warn] sample 2 failed: 
  [38520/100000]  elapsed=8864s  rate=4.3/s  eta=14148s  finite=12888
  [38530/100000]  elapsed=8867s  rate=4.3/s  eta=14146s  finite=12891
  [38540/100000]  elapsed=8869s  rate=4.3/s  eta=14143s  finite=12895
  [38550/100000]  elapsed=8871s  rate=4.3/s  eta=14141s  finite=12898
  [38560/100000]  elapsed=8874s  rate=4.3/s  eta=14139s  finite=12901
  [warn] sample 6 failed: 
  [38570/100000]  elapsed=8876s  rate=4.3/s  eta=14136s  finite=12902
  [38580/100000]  elapsed=8878s  rate=4.3/s  eta=14134s  finite=12907
  [warn] sample 2 failed: 
  [warn] sample 3 failed: 
  [38590/100000]  elapsed=8880s  rate=4.3/s  eta=14131s  finite=12911
  [38600/100000]  elapsed=8882s  rate=4.3/s  eta=14129s  finite=12914
  -> checkpoint saved: /scratch/e1498138/paper/ext/emri_g/lhs_f/ckpt_038600.pkl
  [38610/100000]  elapsed=8885s  rate=4.3/s  eta=14127s  finite=12918
  [38620/100000]  elapsed=8887s  rate=4.3/s  eta=14124s  finite=12920
  [warn] sample 0 failed: 
  [38630/100000]  elapsed=8889s  rate=4.3/s  eta=14122s  finite=12923
  [38640/100000]  elapsed=8891s  rate=4.3/s  eta=14120s  finite=12930
  [warn] sample 0 failed: This a (0.32307015), p0 (14.370225) and e0 (0.8904165) combination is outside of our domain of validity.
  [38650/100000]  elapsed=8893s  rate=4.3/s  eta=14117s  finite=12932
  [38660/100000]  elapsed=8896s  rate=4.3/s  eta=14115s  finite=12935
  [38670/100000]  elapsed=8898s  rate=4.3/s  eta=14113s  finite=12940
  [38680/100000]  elapsed=8901s  rate=4.3/s  eta=14111s  finite=12944
  [38690/100000]  elapsed=8903s  rate=4.3/s  eta=14108s  finite=12950
  [38700/100000]  elapsed=8905s  rate=4.3/s  eta=14106s  finite=12956
  -> checkpoint saved: /scratch/e1498138/paper/ext/emri_g/lhs_f/ckpt_038700.pkl
  [38710/100000]  elapsed=8908s  rate=4.3/s  eta=14104s  finite=12959
  [38720/100000]  elapsed=8910s  rate=4.3/s  eta=14101s  finite=12963
  [38730/100000]  elapsed=8912s  rate=4.3/s  eta=14099s  finite=12967
  [38740/100000]  elapsed=8914s  rate=4.3/s  eta=14097s  finite=12971
  [38750/100000]  elapsed=8917s  rate=4.3/s  eta=14095s  finite=12975
  [38760/100000]  elapsed=8919s  rate=4.3/s  eta=14093s  finite=12978
  [38770/100000]  elapsed=8922s  rate=4.3/s  eta=14090s  finite=12981
  [warn] sample 2 failed: 
  [38780/100000]  elapsed=8924s  rate=4.3/s  eta=14088s  finite=12982
  [warn] sample 4 failed: 
  [38790/100000]  elapsed=8926s  rate=4.3/s  eta=14085s  finite=12983
  [warn] sample 5 failed: 
  [38800/100000]  elapsed=8928s  rate=4.3/s  eta=14082s  finite=12985
  -> checkpoint saved: /scratch/e1498138/paper/ext/emri_g/lhs_f/ckpt_038800.pkl
  [38810/100000]  elapsed=8930s  rate=4.3/s  eta=14080s  finite=12987
  [38820/100000]  elapsed=8933s  rate=4.3/s  eta=14078s  finite=12990
  [38830/100000]  elapsed=8935s  rate=4.3/s  eta=14076s  finite=12997
  [warn] sample 2 failed: 
  [38840/100000]  elapsed=8937s  rate=4.3/s  eta=14073s  finite=12999
  [38850/100000]  elapsed=8940s  rate=4.3/s  eta=14071s  finite=13002
  [38860/100000]  elapsed=8942s  rate=4.3/s  eta=14069s  finite=13005
  [38870/100000]  elapsed=8944s  rate=4.3/s  eta=14066s  finite=13011
  [38880/100000]  elapsed=8947s  rate=4.3/s  eta=14064s  finite=13015
  [38890/100000]  elapsed=8949s  rate=4.3/s  eta=14062s  finite=13016
  [38900/100000]  elapsed=8951s  rate=4.3/s  eta=14059s  finite=13019
  -> checkpoint saved: /scratch/e1498138/paper/ext/emri_g/lhs_f/ckpt_038900.pkl
  [38910/100000]  elapsed=8954s  rate=4.3/s  eta=14057s  finite=13026
  [38920/100000]  elapsed=8956s  rate=4.3/s  eta=14055s  finite=13030
  [38930/100000]  elapsed=8958s  rate=4.3/s  eta=14053s  finite=13035
  [38940/100000]  elapsed=8961s  rate=4.3/s  eta=14051s  finite=13039
  [38950/100000]  elapsed=8963s  rate=4.3/s  eta=14049s  finite=13043
  [38960/100000]  elapsed=8966s  rate=4.3/s  eta=14047s  finite=13048
  [38970/100000]  elapsed=8968s  rate=4.3/s  eta=14044s  finite=13055
  [38980/100000]  elapsed=8970s  rate=4.3/s  eta=14042s  finite=13057
  [38990/100000]  elapsed=8973s  rate=4.3/s  eta=14040s  finite=13060
  [warn] sample 3 failed: This a (0.37849095), p0 (13.848645) and e0 (0.8933955) combination is outside of our domain of validity.
  [39000/100000]  elapsed=8975s  rate=4.3/s  eta=14037s  finite=13062
  -> checkpoint saved: /scratch/e1498138/paper/ext/emri_g/lhs_f/ckpt_039000.pkl
  [warn] sample 6 failed: 
  [39010/100000]  elapsed=8977s  rate=4.3/s  eta=14035s  finite=13064
  [warn] sample 2 failed: 
  [39020/100000]  elapsed=8979s  rate=4.3/s  eta=14032s  finite=13066
  [warn] sample 3 failed: 
  [39030/100000]  elapsed=8981s  rate=4.3/s  eta=14030s  finite=13066
  [39040/100000]  elapsed=8983s  rate=4.3/s  eta=14027s  finite=13070
  [warn] sample 9 failed: This a (0.40534575), p0 (14.236005) and e0 (0.8981475000000001) combination is outside of our domain of validity.
  [39050/100000]  elapsed=8985s  rate=4.3/s  eta=14025s  finite=13070
  [39060/100000]  elapsed=8988s  rate=4.3/s  eta=14022s  finite=13074
  [39070/100000]  elapsed=8990s  rate=4.3/s  eta=14020s  finite=13075
  [39080/100000]  elapsed=8992s  rate=4.3/s  eta=14018s  finite=13082
  [39090/100000]  elapsed=8995s  rate=4.3/s  eta=14016s  finite=13084
  [39100/100000]  elapsed=8997s  rate=4.3/s  eta=14013s  finite=13086
  -> checkpoint saved: /scratch/e1498138/paper/ext/emri_g/lhs_f/ckpt_039100.pkl
  [39110/100000]  elapsed=9000s  rate=4.3/s  eta=14011s  finite=13090
  [39120/100000]  elapsed=9002s  rate=4.3/s  eta=14009s  finite=13099
  [39130/100000]  elapsed=9004s  rate=4.3/s  eta=14007s  finite=13103
  [39140/100000]  elapsed=9007s  rate=4.3/s  eta=14005s  finite=13105
  [39150/100000]  elapsed=9009s  rate=4.3/s  eta=14003s  finite=13111
  [39160/100000]  elapsed=9012s  rate=4.3/s  eta=14001s  finite=13115
  [39170/100000]  elapsed=9014s  rate=4.3/s  eta=13998s  finite=13117
  [39180/100000]  elapsed=9016s  rate=4.3/s  eta=13996s  finite=13121
  [warn] sample 0 failed: This a (0.30662744999999997), p0 (14.362215) and e0 (0.8963595) combination is outside of our domain of validity.
  [39190/100000]  elapsed=9018s  rate=4.3/s  eta=13993s  finite=13124
  [39200/100000]  elapsed=9021s  rate=4.3/s  eta=13991s  finite=13124
  -> checkpoint saved: /scratch/e1498138/paper/ext/emri_g/lhs_f/ckpt_039200.pkl
  [warn] sample 3 failed: 
  [39210/100000]  elapsed=9023s  rate=4.3/s  eta=13989s  finite=13128
  [39220/100000]  elapsed=9025s  rate=4.3/s  eta=13986s  finite=13132
  [39230/100000]  elapsed=9027s  rate=4.3/s  eta=13984s  finite=13137
  [39240/100000]  elapsed=9030s  rate=4.3/s  eta=13982s  finite=13139
  [warn] sample 7 failed: 
  [39250/100000]  elapsed=9032s  rate=4.3/s  eta=13980s  finite=13142
  [39260/100000]  elapsed=9034s  rate=4.3/s  eta=13977s  finite=13145
  [warn] sample 6 failed: 
  [39270/100000]  elapsed=9037s  rate=4.3/s  eta=13975s  finite=13150
  [39280/100000]  elapsed=9039s  rate=4.3/s  eta=13973s  finite=13156
  [39290/100000]  elapsed=9042s  rate=4.3/s  eta=13971s  finite=13159
  [39300/100000]  elapsed=9044s  rate=4.3/s  eta=13969s  finite=13166
  -> checkpoint saved: /scratch/e1498138/paper/ext/emri_g/lhs_f/ckpt_039300.pkl
  [39310/100000]  elapsed=9046s  rate=4.3/s  eta=13966s  finite=13168
  [39320/100000]  elapsed=9049s  rate=4.3/s  eta=13964s  finite=13170
  [warn] sample 5 failed: 
  [39330/100000]  elapsed=9051s  rate=4.3/s  eta=13962s  finite=13173
  [39340/100000]  elapsed=9053s  rate=4.3/s  eta=13959s  finite=13176
  [39350/100000]  elapsed=9055s  rate=4.3/s  eta=13957s  finite=13180
  [39360/100000]  elapsed=9058s  rate=4.3/s  eta=13955s  finite=13185
  [39370/100000]  elapsed=9060s  rate=4.3/s  eta=13953s  finite=13189
  [39380/100000]  elapsed=9062s  rate=4.3/s  eta=13950s  finite=13191
  [39390/100000]  elapsed=9065s  rate=4.3/s  eta=13948s  finite=13195
  [39400/100000]  elapsed=9067s  rate=4.3/s  eta=13946s  finite=13196
  -> checkpoint saved: /scratch/e1498138/paper/ext/emri_g/lhs_f/ckpt_039400.pkl
  [39410/100000]  elapsed=9069s  rate=4.3/s  eta=13944s  finite=13198
  [39420/100000]  elapsed=9072s  rate=4.3/s  eta=13941s  finite=13200
  [39430/100000]  elapsed=9074s  rate=4.3/s  eta=13939s  finite=13205
  [39440/100000]  elapsed=9076s  rate=4.3/s  eta=13937s  finite=13208
  [39450/100000]  elapsed=9079s  rate=4.3/s  eta=13935s  finite=13212
  [39460/100000]  elapsed=9081s  rate=4.3/s  eta=13932s  finite=13214
  [39470/100000]  elapsed=9083s  rate=4.3/s  eta=13930s  finite=13218
  [39480/100000]  elapsed=9086s  rate=4.3/s  eta=13928s  finite=13219
  [39490/100000]  elapsed=9088s  rate=4.3/s  eta=13925s  finite=13222
  [warn] sample 7 failed: 
  [39500/100000]  elapsed=9090s  rate=4.3/s  eta=13923s  finite=13224
  -> checkpoint saved: /scratch/e1498138/paper/ext/emri_g/lhs_f/ckpt_039500.pkl
  [39510/100000]  elapsed=9093s  rate=4.3/s  eta=13921s  finite=13230
  [39520/100000]  elapsed=9095s  rate=4.3/s  eta=13918s  finite=13231
  [39530/100000]  elapsed=9097s  rate=4.3/s  eta=13916s  finite=13234
  [39540/100000]  elapsed=9100s  rate=4.3/s  eta=13914s  finite=13241
  [39550/100000]  elapsed=9102s  rate=4.3/s  eta=13912s  finite=13242
  [39560/100000]  elapsed=9104s  rate=4.3/s  eta=13909s  finite=13243
  [39570/100000]  elapsed=9106s  rate=4.3/s  eta=13907s  finite=13248
  [39580/100000]  elapsed=9109s  rate=4.3/s  eta=13905s  finite=13252
  [39590/100000]  elapsed=9111s  rate=4.3/s  eta=13903s  finite=13258
  [warn] sample 7 failed: 
  [39600/100000]  elapsed=9113s  rate=4.3/s  eta=13900s  finite=13260
  -> checkpoint saved: /scratch/e1498138/paper/ext/emri_g/lhs_f/ckpt_039600.pkl
  [39610/100000]  elapsed=9116s  rate=4.3/s  eta=13898s  finite=13267
  [39620/100000]  elapsed=9118s  rate=4.3/s  eta=13895s  finite=13270
  [39630/100000]  elapsed=9120s  rate=4.3/s  eta=13893s  finite=13273
  [39640/100000]  elapsed=9123s  rate=4.3/s  eta=13891s  finite=13279
  [39650/100000]  elapsed=9125s  rate=4.3/s  eta=13889s  finite=13281
  [39660/100000]  elapsed=9127s  rate=4.3/s  eta=13886s  finite=13283
  [39670/100000]  elapsed=9129s  rate=4.3/s  eta=13884s  finite=13286
  [39680/100000]  elapsed=9132s  rate=4.3/s  eta=13882s  finite=13288
  [39690/100000]  elapsed=9134s  rate=4.3/s  eta=13880s  finite=13293
  [39700/100000]  elapsed=9136s  rate=4.3/s  eta=13877s  finite=13296
  -> checkpoint saved: /scratch/e1498138/paper/ext/emri_g/lhs_f/ckpt_039700.pkl
  [39710/100000]  elapsed=9139s  rate=4.3/s  eta=13875s  finite=13299
  [39720/100000]  elapsed=9141s  rate=4.3/s  eta=13873s  finite=13302
  [39730/100000]  elapsed=9143s  rate=4.3/s  eta=13870s  finite=13304
  [39740/100000]  elapsed=9146s  rate=4.3/s  eta=13868s  finite=13307
  [warn] sample 0 failed: 
  [39750/100000]  elapsed=9148s  rate=4.3/s  eta=13866s  finite=13307
  [warn] sample 0 failed: 
  [39760/100000]  elapsed=9150s  rate=4.3/s  eta=13863s  finite=13310
  [39770/100000]  elapsed=9152s  rate=4.3/s  eta=13861s  finite=13311
  [39780/100000]  elapsed=9155s  rate=4.3/s  eta=13859s  finite=13315
  [warn] sample 9 failed: 
  [39790/100000]  elapsed=9157s  rate=4.3/s  eta=13856s  finite=13320
  [39800/100000]  elapsed=9159s  rate=4.3/s  eta=13854s  finite=13323
  -> checkpoint saved: /scratch/e1498138/paper/ext/emri_g/lhs_f/ckpt_039800.pkl
  [39810/100000]  elapsed=9162s  rate=4.3/s  eta=13852s  finite=13325
  [39820/100000]  elapsed=9164s  rate=4.3/s  eta=13849s  finite=13328
  [39830/100000]  elapsed=9166s  rate=4.3/s  eta=13847s  finite=13332
  [warn] sample 2 failed: 
  [39840/100000]  elapsed=9169s  rate=4.3/s  eta=13845s  finite=13336
  [39850/100000]  elapsed=9171s  rate=4.3/s  eta=13843s  finite=13339
  [39860/100000]  elapsed=9173s  rate=4.3/s  eta=13840s  finite=13343
  [39870/100000]  elapsed=9176s  rate=4.3/s  eta=13838s  finite=13347
  [39880/100000]  elapsed=9178s  rate=4.3/s  eta=13836s  finite=13352
  [39890/100000]  elapsed=9180s  rate=4.3/s  eta=13834s  finite=13355
  [39900/100000]  elapsed=9183s  rate=4.3/s  eta=13832s  finite=13358
  -> checkpoint saved: /scratch/e1498138/paper/ext/emri_g/lhs_f/ckpt_039900.pkl
  [39910/100000]  elapsed=9185s  rate=4.3/s  eta=13830s  finite=13360
  [warn] sample 1 failed: 
  [39920/100000]  elapsed=9187s  rate=4.3/s  eta=13827s  finite=13365
  [39930/100000]  elapsed=9190s  rate=4.3/s  eta=13825s  finite=13368
  [39940/100000]  elapsed=9192s  rate=4.3/s  eta=13822s  finite=13369
  [39950/100000]  elapsed=9194s  rate=4.3/s  eta=13820s  finite=13373
  [39960/100000]  elapsed=9197s  rate=4.3/s  eta=13818s  finite=13377
  [warn] sample 4 failed: 
  [39970/100000]  elapsed=9199s  rate=4.3/s  eta=13815s  finite=13380
  [39980/100000]  elapsed=9201s  rate=4.3/s  eta=13813s  finite=13385
  [39990/100000]  elapsed=9204s  rate=4.3/s  eta=13811s  finite=13389
  [40000/100000]  elapsed=9206s  rate=4.3/s  eta=13809s  finite=13391
  -> checkpoint saved: /scratch/e1498138/paper/ext/emri_g/lhs_f/ckpt_040000.pkl
  [warn] sample 9 failed: 
  [40010/100000]  elapsed=9208s  rate=4.3/s  eta=13806s  finite=13395
  [40020/100000]  elapsed=9211s  rate=4.3/s  eta=13805s  finite=13396
  [40030/100000]  elapsed=9213s  rate=4.3/s  eta=13802s  finite=13399
  [40040/100000]  elapsed=9215s  rate=4.3/s  eta=13800s  finite=13402
  [warn] sample 8 failed: This a (0.38026424999999997), p0 (13.593555) and e0 (0.8995305) combination is outside of our domain of validity.
  [40050/100000]  elapsed=9217s  rate=4.3/s  eta=13797s  finite=13403
  [40060/100000]  elapsed=9220s  rate=4.3/s  eta=13795s  finite=13406
  [warn] sample 0 failed: 
  [40070/100000]  elapsed=9222s  rate=4.3/s  eta=13793s  finite=13408
  [40080/100000]  elapsed=9224s  rate=4.3/s  eta=13790s  finite=13412
  [40090/100000]  elapsed=9226s  rate=4.3/s  eta=13788s  finite=13414
  [40100/100000]  elapsed=9229s  rate=4.3/s  eta=13785s  finite=13416
  -> checkpoint saved: /scratch/e1498138/paper/ext/emri_g/lhs_f/ckpt_040100.pkl
  [40110/100000]  elapsed=9231s  rate=4.3/s  eta=13783s  finite=13423
  [40120/100000]  elapsed=9233s  rate=4.3/s  eta=13781s  finite=13427
  [warn] sample 3 failed: This a (0.56289345), p0 (13.978005) and e0 (0.8992545000000001) combination is outside of our domain of validity.
  [40130/100000]  elapsed=9235s  rate=4.3/s  eta=13778s  finite=13431
  [40140/100000]  elapsed=9238s  rate=4.3/s  eta=13776s  finite=13436
  [40150/100000]  elapsed=9240s  rate=4.3/s  eta=13774s  finite=13440
  [warn] sample 3 failed: 
  [40160/100000]  elapsed=9242s  rate=4.3/s  eta=13771s  finite=13443
  [40170/100000]  elapsed=9245s  rate=4.3/s  eta=13769s  finite=13445
  [warn] sample 4 failed: 
  [40180/100000]  elapsed=9247s  rate=4.3/s  eta=13767s  finite=13447
  [40190/100000]  elapsed=9249s  rate=4.3/s  eta=13765s  finite=13451
  [40200/100000]  elapsed=9252s  rate=4.3/s  eta=13762s  finite=13456
  -> checkpoint saved: /scratch/e1498138/paper/ext/emri_g/lhs_f/ckpt_040200.pkl
  [40210/100000]  elapsed=9254s  rate=4.3/s  eta=13760s  finite=13461
  [40220/100000]  elapsed=9256s  rate=4.3/s  eta=13758s  finite=13466
  [40230/100000]  elapsed=9259s  rate=4.3/s  eta=13756s  finite=13469
  [40240/100000]  elapsed=9261s  rate=4.3/s  eta=13753s  finite=13473
  [40250/100000]  elapsed=9263s  rate=4.3/s  eta=13751s  finite=13475
  [40260/100000]  elapsed=9265s  rate=4.3/s  eta=13749s  finite=13477
  [40270/100000]  elapsed=9268s  rate=4.3/s  eta=13746s  finite=13479
  [40280/100000]  elapsed=9270s  rate=4.3/s  eta=13744s  finite=13482
  [40290/100000]  elapsed=9272s  rate=4.3/s  eta=13742s  finite=13486
  [40300/100000]  elapsed=9275s  rate=4.3/s  eta=13739s  finite=13487
  -> checkpoint saved: /scratch/e1498138/paper/ext/emri_g/lhs_f/ckpt_040300.pkl
  [40310/100000]  elapsed=9277s  rate=4.3/s  eta=13737s  finite=13489
  [40320/100000]  elapsed=9279s  rate=4.3/s  eta=13735s  finite=13491
  [40330/100000]  elapsed=9281s  rate=4.3/s  eta=13732s  finite=13494
  [warn] sample 3 failed: 
  [40340/100000]  elapsed=9284s  rate=4.3/s  eta=13730s  finite=13498
  [40350/100000]  elapsed=9286s  rate=4.3/s  eta=13727s  finite=13502
  [40360/100000]  elapsed=9288s  rate=4.3/s  eta=13726s  finite=13505
  [warn] sample 2 failed: This a (0.30731745), p0 (13.805385) and e0 (0.8878815) combination is outside of our domain of validity.
  [40370/100000]  elapsed=9291s  rate=4.3/s  eta=13723s  finite=13507
  [40380/100000]  elapsed=9293s  rate=4.3/s  eta=13721s  finite=13511
  [40390/100000]  elapsed=9295s  rate=4.3/s  eta=13718s  finite=13515
  [40400/100000]  elapsed=9298s  rate=4.3/s  eta=13716s  finite=13519
  -> checkpoint saved: /scratch/e1498138/paper/ext/emri_g/lhs_f/ckpt_040400.pkl
  [40410/100000]  elapsed=9300s  rate=4.3/s  eta=13714s  finite=13523
  [40420/100000]  elapsed=9302s  rate=4.3/s  eta=13712s  finite=13527
  [40430/100000]  elapsed=9305s  rate=4.3/s  eta=13710s  finite=13529
  [40440/100000]  elapsed=9307s  rate=4.3/s  eta=13707s  finite=13531
  [40450/100000]  elapsed=9309s  rate=4.3/s  eta=13705s  finite=13533
  [40460/100000]  elapsed=9311s  rate=4.3/s  eta=13703s  finite=13537
  [warn] sample 5 failed: 
  [40470/100000]  elapsed=9314s  rate=4.3/s  eta=13700s  finite=13540
  [warn] sample 1 failed: 
  [warn] sample 5 failed: 
  [warn] sample 7 failed: This a (0.48586185), p0 (13.774935) and e0 (0.8900895) combination is outside of our domain of validity.
  [40480/100000]  elapsed=9315s  rate=4.3/s  eta=13697s  finite=13542
  [40490/100000]  elapsed=9318s  rate=4.3/s  eta=13695s  finite=13544
  [40500/100000]  elapsed=9320s  rate=4.3/s  eta=13692s  finite=13546
  -> checkpoint saved: /scratch/e1498138/paper/ext/emri_g/lhs_f/ckpt_040500.pkl
  [40510/100000]  elapsed=9322s  rate=4.3/s  eta=13690s  finite=13549
  [40520/100000]  elapsed=9325s  rate=4.3/s  eta=13688s  finite=13553
  [40530/100000]  elapsed=9327s  rate=4.3/s  eta=13686s  finite=13557
  [40540/100000]  elapsed=9330s  rate=4.3/s  eta=13684s  finite=13561
  [40550/100000]  elapsed=9332s  rate=4.3/s  eta=13681s  finite=13568
  [40560/100000]  elapsed=9334s  rate=4.3/s  eta=13679s  finite=13570
  [40570/100000]  elapsed=9337s  rate=4.3/s  eta=13677s  finite=13574
  [40580/100000]  elapsed=9339s  rate=4.3/s  eta=13675s  finite=13579
  [40590/100000]  elapsed=9341s  rate=4.3/s  eta=13672s  finite=13582
  [40600/100000]  elapsed=9343s  rate=4.3/s  eta=13670s  finite=13584
  -> checkpoint saved: /scratch/e1498138/paper/ext/emri_g/lhs_f/ckpt_040600.pkl
  [40610/100000]  elapsed=9346s  rate=4.3/s  eta=13668s  finite=13587
  [warn] sample 2 failed: 
  [warn] sample 8 failed: 
  [40620/100000]  elapsed=9348s  rate=4.3/s  eta=13665s  finite=13590
  [warn] sample 7 failed: 
  [40630/100000]  elapsed=9350s  rate=4.3/s  eta=13663s  finite=13591
  [warn] sample 6 failed: 
  [40640/100000]  elapsed=9352s  rate=4.3/s  eta=13660s  finite=13595
  [warn] sample 4 failed: 
  [40650/100000]  elapsed=9354s  rate=4.3/s  eta=13658s  finite=13599
  [warn] sample 0 failed: 
  [40660/100000]  elapsed=9357s  rate=4.3/s  eta=13655s  finite=13602
  [40670/100000]  elapsed=9359s  rate=4.3/s  eta=13653s  finite=13605
  [40680/100000]  elapsed=9361s  rate=4.3/s  eta=13651s  finite=13610
  [40690/100000]  elapsed=9364s  rate=4.3/s  eta=13649s  finite=13612
  [40700/100000]  elapsed=9366s  rate=4.3/s  eta=13646s  finite=13616
  -> checkpoint saved: /scratch/e1498138/paper/ext/emri_g/lhs_f/ckpt_040700.pkl
  [warn] sample 8 failed: This a (0.43036515), p0 (13.530975) and e0 (0.8965095000000001) combination is outside of our domain of validity.
  [40710/100000]  elapsed=9368s  rate=4.3/s  eta=13644s  finite=13621
  [40720/100000]  elapsed=9370s  rate=4.3/s  eta=13641s  finite=13625
  [40730/100000]  elapsed=9373s  rate=4.3/s  eta=13639s  finite=13628
  [40740/100000]  elapsed=9375s  rate=4.3/s  eta=13637s  finite=13631
  [warn] sample 8 failed: 
  [40750/100000]  elapsed=9377s  rate=4.3/s  eta=13634s  finite=13633
  [40760/100000]  elapsed=9379s  rate=4.3/s  eta=13632s  finite=13635
  [40770/100000]  elapsed=9382s  rate=4.3/s  eta=13630s  finite=13640
  [40780/100000]  elapsed=9384s  rate=4.3/s  eta=13627s  finite=13643
  [40790/100000]  elapsed=9386s  rate=4.3/s  eta=13625s  finite=13648
  [40800/100000]  elapsed=9389s  rate=4.3/s  eta=13623s  finite=13651
  -> checkpoint saved: /scratch/e1498138/paper/ext/emri_g/lhs_f/ckpt_040800.pkl
  [40810/100000]  elapsed=9391s  rate=4.3/s  eta=13620s  finite=13653
  [40820/100000]  elapsed=9393s  rate=4.3/s  eta=13618s  finite=13655
  [warn] sample 7 failed: 
  [40830/100000]  elapsed=9395s  rate=4.3/s  eta=13615s  finite=13656
  [warn] sample 0 failed: This a (0.53675625), p0 (13.525155) and e0 (0.8963325) combination is outside of our domain of validity.
  [40840/100000]  elapsed=9397s  rate=4.3/s  eta=13613s  finite=13658
  [40850/100000]  elapsed=9400s  rate=4.3/s  eta=13610s  finite=13661
  [40860/100000]  elapsed=9402s  rate=4.3/s  eta=13608s  finite=13664
  [40870/100000]  elapsed=9404s  rate=4.3/s  eta=13606s  finite=13669
  [40880/100000]  elapsed=9407s  rate=4.3/s  eta=13604s  finite=13671
  [40890/100000]  elapsed=9409s  rate=4.3/s  eta=13601s  finite=13674
  [40900/100000]  elapsed=9411s  rate=4.3/s  eta=13599s  finite=13678
  -> checkpoint saved: /scratch/e1498138/paper/ext/emri_g/lhs_f/ckpt_040900.pkl
  [40910/100000]  elapsed=9414s  rate=4.3/s  eta=13597s  finite=13683
  [warn] sample 5 failed: 
  [40920/100000]  elapsed=9416s  rate=4.3/s  eta=13595s  finite=13685
  [40930/100000]  elapsed=9418s  rate=4.3/s  eta=13592s  finite=13687
  [40940/100000]  elapsed=9421s  rate=4.3/s  eta=13591s  finite=13693
  [warn] sample 3 failed: 
  [40950/100000]  elapsed=9423s  rate=4.3/s  eta=13588s  finite=13696
  [40960/100000]  elapsed=9426s  rate=4.3/s  eta=13586s  finite=13701
  [40970/100000]  elapsed=9428s  rate=4.3/s  eta=13584s  finite=13703
  [40980/100000]  elapsed=9430s  rate=4.3/s  eta=13581s  finite=13704
  [warn] sample 4 failed: 
  [40990/100000]  elapsed=9432s  rate=4.3/s  eta=13579s  finite=13707
  [41000/100000]  elapsed=9435s  rate=4.3/s  eta=13577s  finite=13712
  -> checkpoint saved: /scratch/e1498138/paper/ext/emri_g/lhs_f/ckpt_041000.pkl
  [warn] sample 5 failed: 
  [41010/100000]  elapsed=9437s  rate=4.3/s  eta=13574s  finite=13716
  [41020/100000]  elapsed=9439s  rate=4.3/s  eta=13572s  finite=13721
  [41030/100000]  elapsed=9442s  rate=4.3/s  eta=13570s  finite=13726
  [41040/100000]  elapsed=9444s  rate=4.3/s  eta=13567s  finite=13729
  [41050/100000]  elapsed=9446s  rate=4.3/s  eta=13565s  finite=13731
  [41060/100000]  elapsed=9449s  rate=4.3/s  eta=13563s  finite=13736
  [41070/100000]  elapsed=9451s  rate=4.3/s  eta=13561s  finite=13739
  [41080/100000]  elapsed=9453s  rate=4.3/s  eta=13559s  finite=13745
  [41090/100000]  elapsed=9456s  rate=4.3/s  eta=13557s  finite=13748
  [41100/100000]  elapsed=9458s  rate=4.3/s  eta=13554s  finite=13752
  -> checkpoint saved: /scratch/e1498138/paper/ext/emri_g/lhs_f/ckpt_041100.pkl
  [warn] sample 3 failed: 
  [41110/100000]  elapsed=9460s  rate=4.3/s  eta=13552s  finite=13757
  [41120/100000]  elapsed=9463s  rate=4.3/s  eta=13550s  finite=13762
  [41130/100000]  elapsed=9465s  rate=4.3/s  eta=13547s  finite=13765
  [warn] sample 1 failed: 
  [warn] sample 9 failed: 
  [41140/100000]  elapsed=9467s  rate=4.3/s  eta=13545s  finite=13768
  [41150/100000]  elapsed=9469s  rate=4.3/s  eta=13542s  finite=13769
  [41160/100000]  elapsed=9472s  rate=4.3/s  eta=13540s  finite=13773
  [warn] sample 8 failed: 
  [41170/100000]  elapsed=9474s  rate=4.3/s  eta=13538s  finite=13778
  [41180/100000]  elapsed=9476s  rate=4.3/s  eta=13535s  finite=13783
  [41190/100000]  elapsed=9478s  rate=4.3/s  eta=13533s  finite=13787
  [41200/100000]  elapsed=9481s  rate=4.3/s  eta=13531s  finite=13791
  -> checkpoint saved: /scratch/e1498138/paper/ext/emri_g/lhs_f/ckpt_041200.pkl
  [41210/100000]  elapsed=9483s  rate=4.3/s  eta=13529s  finite=13796
  [warn] sample 3 failed: 
  [41220/100000]  elapsed=9486s  rate=4.3/s  eta=13526s  finite=13799
  [41230/100000]  elapsed=9488s  rate=4.3/s  eta=13524s  finite=13800
  [41240/100000]  elapsed=9490s  rate=4.3/s  eta=13522s  finite=13803
  [41250/100000]  elapsed=9493s  rate=4.3/s  eta=13520s  finite=13807
  [warn] sample 8 failed: 
  [41260/100000]  elapsed=9495s  rate=4.3/s  eta=13517s  finite=13811
  [41270/100000]  elapsed=9497s  rate=4.3/s  eta=13515s  finite=13813
  [warn] sample 0 failed: This a (0.32330475), p0 (13.776255) and e0 (0.8973555) combination is outside of our domain of validity.
  [41280/100000]  elapsed=9499s  rate=4.3/s  eta=13512s  finite=13817
  [41290/100000]  elapsed=9502s  rate=4.3/s  eta=13510s  finite=13822
  [41300/100000]  elapsed=9504s  rate=4.3/s  eta=13508s  finite=13825
  -> checkpoint saved: /scratch/e1498138/paper/ext/emri_g/lhs_f/ckpt_041300.pkl
  [41310/100000]  elapsed=9506s  rate=4.3/s  eta=13506s  finite=13829
  [41320/100000]  elapsed=9509s  rate=4.3/s  eta=13504s  finite=13833
  [41330/100000]  elapsed=9511s  rate=4.3/s  eta=13502s  finite=13837
  [41340/100000]  elapsed=9514s  rate=4.3/s  eta=13500s  finite=13841
  [warn] sample 3 failed: 
  [41350/100000]  elapsed=9516s  rate=4.3/s  eta=13497s  finite=13846
  [warn] sample 9 failed: 
  [41360/100000]  elapsed=9518s  rate=4.3/s  eta=13494s  finite=13850
  [warn] sample 5 failed: 
  [warn] sample 8 failed: 
  [41370/100000]  elapsed=9520s  rate=4.3/s  eta=13492s  finite=13856
  [41380/100000]  elapsed=9522s  rate=4.3/s  eta=13490s  finite=13859
  [41390/100000]  elapsed=9525s  rate=4.3/s  eta=13487s  finite=13864
  [41400/100000]  elapsed=9527s  rate=4.3/s  eta=13485s  finite=13867
  -> checkpoint saved: /scratch/e1498138/paper/ext/emri_g/lhs_f/ckpt_041400.pkl
  [warn] sample 8 failed: 
  [41410/100000]  elapsed=9529s  rate=4.3/s  eta=13483s  finite=13871
  [41420/100000]  elapsed=9531s  rate=4.3/s  eta=13480s  finite=13874
  [41430/100000]  elapsed=9534s  rate=4.3/s  eta=13478s  finite=13878
  [warn] sample 3 failed: 
  [41440/100000]  elapsed=9536s  rate=4.3/s  eta=13475s  finite=13880
  [41450/100000]  elapsed=9538s  rate=4.3/s  eta=13473s  finite=13884
  [41460/100000]  elapsed=9541s  rate=4.3/s  eta=13471s  finite=13887
  [41470/100000]  elapsed=9543s  rate=4.3/s  eta=13469s  finite=13888
  [41480/100000]  elapsed=9545s  rate=4.3/s  eta=13466s  finite=13890
  [41490/100000]  elapsed=9547s  rate=4.3/s  eta=13464s  finite=13892
  [warn] sample 1 failed: 
  [41500/100000]  elapsed=9549s  rate=4.3/s  eta=13461s  finite=13895
  -> checkpoint saved: /scratch/e1498138/paper/ext/emri_g/lhs_f/ckpt_041500.pkl
  [41510/100000]  elapsed=9552s  rate=4.3/s  eta=13459s  finite=13898
  [41520/100000]  elapsed=9554s  rate=4.3/s  eta=13457s  finite=13901
  [41530/100000]  elapsed=9556s  rate=4.3/s  eta=13454s  finite=13907
  [warn] sample 3 failed: This a (0.53432745), p0 (13.732395) and e0 (0.8997975) combination is outside of our domain of validity.
  [41540/100000]  elapsed=9558s  rate=4.3/s  eta=13452s  finite=13910
  [41550/100000]  elapsed=9561s  rate=4.3/s  eta=13449s  finite=13912
  [41560/100000]  elapsed=9563s  rate=4.3/s  eta=13447s  finite=13916
  [warn] sample 1 failed: 
  [41570/100000]  elapsed=9565s  rate=4.3/s  eta=13445s  finite=13921
  [41580/100000]  elapsed=9568s  rate=4.3/s  eta=13443s  finite=13924
  [41590/100000]  elapsed=9570s  rate=4.3/s  eta=13440s  finite=13927
  [41600/100000]  elapsed=9572s  rate=4.3/s  eta=13438s  finite=13932
  -> checkpoint saved: /scratch/e1498138/paper/ext/emri_g/lhs_f/ckpt_041600.pkl
  [41610/100000]  elapsed=9575s  rate=4.3/s  eta=13436s  finite=13933
  [warn] sample 7 failed: This a (0.59499915), p0 (13.932405) and e0 (0.8974545) combination is outside of our domain of validity.
  [41620/100000]  elapsed=9577s  rate=4.3/s  eta=13433s  finite=13938
  [41630/100000]  elapsed=9579s  rate=4.3/s  eta=13431s  finite=13940
  [warn] sample 3 failed: 
  [41640/100000]  elapsed=9581s  rate=4.3/s  eta=13428s  finite=13943
  [warn] sample 7 failed: 
  [41650/100000]  elapsed=9583s  rate=4.3/s  eta=13426s  finite=13947
  [warn] sample 8 failed: 
  [41660/100000]  elapsed=9585s  rate=4.3/s  eta=13423s  finite=13953
  [warn] sample 8 failed: 
  [41670/100000]  elapsed=9588s  rate=4.3/s  eta=13421s  finite=13957
  [41680/100000]  elapsed=9590s  rate=4.3/s  eta=13418s  finite=13957
  [warn] sample 0 failed: This a (0.32819685), p0 (13.936665) and e0 (0.8882355) combination is outside of our domain of validity.
  [41690/100000]  elapsed=9592s  rate=4.3/s  eta=13416s  finite=13962
  [warn] sample 6 failed: 
  [41700/100000]  elapsed=9594s  rate=4.3/s  eta=13413s  finite=13965
  -> checkpoint saved: /scratch/e1498138/paper/ext/emri_g/lhs_f/ckpt_041700.pkl
  [41710/100000]  elapsed=9596s  rate=4.3/s  eta=13411s  finite=13970
  [41720/100000]  elapsed=9599s  rate=4.3/s  eta=13409s  finite=13973
  [41730/100000]  elapsed=9601s  rate=4.3/s  eta=13407s  finite=13975
  [warn] sample 9 failed: 
  [41740/100000]  elapsed=9603s  rate=4.3/s  eta=13404s  finite=13977
  [41750/100000]  elapsed=9605s  rate=4.3/s  eta=13402s  finite=13979
  [41760/100000]  elapsed=9608s  rate=4.3/s  eta=13399s  finite=13980
  [41770/100000]  elapsed=9610s  rate=4.3/s  eta=13397s  finite=13982
  [warn] sample 0 failed: 
  [41780/100000]  elapsed=9612s  rate=4.3/s  eta=13394s  finite=13985
  [warn] sample 9 failed: 
  [41790/100000]  elapsed=9614s  rate=4.3/s  eta=13392s  finite=13986
  [41800/100000]  elapsed=9617s  rate=4.3/s  eta=13390s  finite=13991
  -> checkpoint saved: /scratch/e1498138/paper/ext/emri_g/lhs_f/ckpt_041800.pkl
  [warn] sample 0 failed: 
  [41810/100000]  elapsed=9619s  rate=4.3/s  eta=13387s  finite=13992
  [41820/100000]  elapsed=9621s  rate=4.3/s  eta=13385s  finite=13995
  [41830/100000]  elapsed=9623s  rate=4.3/s  eta=13383s  finite=14000
  [41840/100000]  elapsed=9626s  rate=4.3/s  eta=13380s  finite=14002
  [41850/100000]  elapsed=9628s  rate=4.3/s  eta=13378s  finite=14005
  [41860/100000]  elapsed=9630s  rate=4.3/s  eta=13376s  finite=14005
  [41870/100000]  elapsed=9633s  rate=4.3/s  eta=13373s  finite=14011
  [41880/100000]  elapsed=9635s  rate=4.3/s  eta=13371s  finite=14015
  [41890/100000]  elapsed=9637s  rate=4.3/s  eta=13369s  finite=14019
  [41900/100000]  elapsed=9640s  rate=4.3/s  eta=13367s  finite=14024
  -> checkpoint saved: /scratch/e1498138/paper/ext/emri_g/lhs_f/ckpt_041900.pkl
  [warn] sample 3 failed: This a (0.34497075), p0 (14.777625) and e0 (0.8993805) combination is outside of our domain of validity.
  [41910/100000]  elapsed=9642s  rate=4.3/s  eta=13364s  finite=14029
  [41920/100000]  elapsed=9644s  rate=4.3/s  eta=13362s  finite=14034
  [41930/100000]  elapsed=9647s  rate=4.3/s  eta=13360s  finite=14037
  [41940/100000]  elapsed=9649s  rate=4.3/s  eta=13357s  finite=14039
  [41950/100000]  elapsed=9651s  rate=4.3/s  eta=13355s  finite=14044
  [warn] sample 3 failed: This a (0.42876435), p0 (13.598324999999999) and e0 (0.8970645) combination is outside of our domain of validity.
  [41960/100000]  elapsed=9653s  rate=4.3/s  eta=13352s  finite=14047
  [41970/100000]  elapsed=9655s  rate=4.3/s  eta=13350s  finite=14051
  [41980/100000]  elapsed=9658s  rate=4.3/s  eta=13348s  finite=14056
  [41990/100000]  elapsed=9660s  rate=4.3/s  eta=13346s  finite=14060
  [warn] sample 9 failed: This a (0.52919385), p0 (13.601925) and e0 (0.8953785000000001) combination is outside of our domain of validity.
  [42000/100000]  elapsed=9662s  rate=4.3/s  eta=13343s  finite=14065
  -> checkpoint saved: /scratch/e1498138/paper/ext/emri_g/lhs_f/ckpt_042000.pkl
  [42010/100000]  elapsed=9665s  rate=4.3/s  eta=13341s  finite=14067
  [42020/100000]  elapsed=9667s  rate=4.3/s  eta=13339s  finite=14073
  [42030/100000]  elapsed=9669s  rate=4.3/s  eta=13337s  finite=14075
  [42040/100000]  elapsed=9672s  rate=4.3/s  eta=13334s  finite=14079
  [42050/100000]  elapsed=9674s  rate=4.3/s  eta=13332s  finite=14083
  [42060/100000]  elapsed=9676s  rate=4.3/s  eta=13330s  finite=14086
  [warn] sample 3 failed: 
  [42070/100000]  elapsed=9678s  rate=4.3/s  eta=13327s  finite=14091
  [warn] sample 6 failed: This a (0.56248635), p0 (13.889835) and e0 (0.8981355000000001) combination is outside of our domain of validity.
  [42080/100000]  elapsed=9681s  rate=4.3/s  eta=13325s  finite=14095
  [warn] sample 1 failed: This a (0.32890755), p0 (14.139885) and e0 (0.8907195000000001) combination is outside of our domain of validity.
  [42090/100000]  elapsed=9683s  rate=4.3/s  eta=13322s  finite=14097
  [42100/100000]  elapsed=9685s  rate=4.3/s  eta=13319s  finite=14099
  -> checkpoint saved: /scratch/e1498138/paper/ext/emri_g/lhs_f/ckpt_042100.pkl
  [42110/100000]  elapsed=9687s  rate=4.3/s  eta=13317s  finite=14103
  [42120/100000]  elapsed=9689s  rate=4.3/s  eta=13315s  finite=14105
  [warn] sample 8 failed: 
  [42130/100000]  elapsed=9692s  rate=4.3/s  eta=13312s  finite=14109
  [42140/100000]  elapsed=9694s  rate=4.3/s  eta=13310s  finite=14112
  [42150/100000]  elapsed=9696s  rate=4.3/s  eta=13308s  finite=14116
  [42160/100000]  elapsed=9698s  rate=4.3/s  eta=13305s  finite=14119
  [warn] sample 9 failed: 
  [42170/100000]  elapsed=9701s  rate=4.3/s  eta=13303s  finite=14122
  [42180/100000]  elapsed=9703s  rate=4.3/s  eta=13301s  finite=14126
  [warn] sample 7 failed: 
  [42190/100000]  elapsed=9705s  rate=4.3/s  eta=13298s  finite=14128
  [42200/100000]  elapsed=9708s  rate=4.3/s  eta=13296s  finite=14130
  -> checkpoint saved: /scratch/e1498138/paper/ext/emri_g/lhs_f/ckpt_042200.pkl
  [42210/100000]  elapsed=9710s  rate=4.3/s  eta=13294s  finite=14133
  [42220/100000]  elapsed=9712s  rate=4.3/s  eta=13292s  finite=14139
  [42230/100000]  elapsed=9715s  rate=4.3/s  eta=13290s  finite=14143
  [42240/100000]  elapsed=9717s  rate=4.3/s  eta=13287s  finite=14146
  [42250/100000]  elapsed=9719s  rate=4.3/s  eta=13285s  finite=14148
  [42260/100000]  elapsed=9722s  rate=4.3/s  eta=13283s  finite=14154
  [42270/100000]  elapsed=9724s  rate=4.3/s  eta=13280s  finite=14155
  [warn] sample 9 failed: 
  [42280/100000]  elapsed=9726s  rate=4.3/s  eta=13278s  finite=14157
  [42290/100000]  elapsed=9728s  rate=4.3/s  eta=13276s  finite=14160
  [42300/100000]  elapsed=9731s  rate=4.3/s  eta=13273s  finite=14163
  -> checkpoint saved: /scratch/e1498138/paper/ext/emri_g/lhs_f/ckpt_042300.pkl
  [warn] sample 4 failed: 
  [42310/100000]  elapsed=9733s  rate=4.3/s  eta=13271s  finite=14167
  [42320/100000]  elapsed=9735s  rate=4.3/s  eta=13268s  finite=14169
  [warn] sample 5 failed: 
  [42330/100000]  elapsed=9737s  rate=4.3/s  eta=13266s  finite=14172
  [42340/100000]  elapsed=9740s  rate=4.3/s  eta=13264s  finite=14177
  [warn] sample 8 failed: 
  [42350/100000]  elapsed=9742s  rate=4.3/s  eta=13261s  finite=14180
  [42360/100000]  elapsed=9744s  rate=4.3/s  eta=13259s  finite=14183
  [42370/100000]  elapsed=9746s  rate=4.3/s  eta=13257s  finite=14185
  [42380/100000]  elapsed=9749s  rate=4.3/s  eta=13254s  finite=14188
  [42390/100000]  elapsed=9751s  rate=4.3/s  eta=13252s  finite=14192
  [42400/100000]  elapsed=9754s  rate=4.3/s  eta=13250s  finite=14196
  -> checkpoint saved: /scratch/e1498138/paper/ext/emri_g/lhs_f/ckpt_042400.pkl
  [42410/100000]  elapsed=9756s  rate=4.3/s  eta=13248s  finite=14199
  [42420/100000]  elapsed=9758s  rate=4.3/s  eta=13246s  finite=14202
  [42430/100000]  elapsed=9761s  rate=4.3/s  eta=13243s  finite=14204
  [42440/100000]  elapsed=9763s  rate=4.3/s  eta=13241s  finite=14209
  [42450/100000]  elapsed=9765s  rate=4.3/s  eta=13239s  finite=14216
  [warn] sample 2 failed: 
  [42460/100000]  elapsed=9767s  rate=4.3/s  eta=13236s  finite=14221
  [42470/100000]  elapsed=9770s  rate=4.3/s  eta=13234s  finite=14224
  [warn] sample 7 failed: 
  [42480/100000]  elapsed=9772s  rate=4.3/s  eta=13231s  finite=14227
  [42490/100000]  elapsed=9774s  rate=4.3/s  eta=13229s  finite=14230
  [42500/100000]  elapsed=9776s  rate=4.3/s  eta=13227s  finite=14230
  -> checkpoint saved: /scratch/e1498138/paper/ext/emri_g/lhs_f/ckpt_042500.pkl
  [42510/100000]  elapsed=9779s  rate=4.3/s  eta=13224s  finite=14231
  [warn] sample 7 failed: 
  [42520/100000]  elapsed=9781s  rate=4.3/s  eta=13222s  finite=14235
  [42530/100000]  elapsed=9783s  rate=4.3/s  eta=13220s  finite=14238
  [42540/100000]  elapsed=9786s  rate=4.3/s  eta=13218s  finite=14245
  [42550/100000]  elapsed=9788s  rate=4.3/s  eta=13215s  finite=14249
  [warn] sample 8 failed: 
  [42560/100000]  elapsed=9790s  rate=4.3/s  eta=13213s  finite=14250
  [42570/100000]  elapsed=9792s  rate=4.3/s  eta=13211s  finite=14253
  [42580/100000]  elapsed=9795s  rate=4.3/s  eta=13208s  finite=14257
  [42590/100000]  elapsed=9797s  rate=4.3/s  eta=13206s  finite=14260
  [42600/100000]  elapsed=9799s  rate=4.3/s  eta=13204s  finite=14265
  -> checkpoint saved: /scratch/e1498138/paper/ext/emri_g/lhs_f/ckpt_042600.pkl
  [42610/100000]  elapsed=9802s  rate=4.3/s  eta=13202s  finite=14266
  [42620/100000]  elapsed=9804s  rate=4.3/s  eta=13199s  finite=14271
  [42630/100000]  elapsed=9806s  rate=4.3/s  eta=13197s  finite=14275
  [42640/100000]  elapsed=9809s  rate=4.3/s  eta=13195s  finite=14278
  [42650/100000]  elapsed=9811s  rate=4.3/s  eta=13192s  finite=14278
  [42660/100000]  elapsed=9813s  rate=4.3/s  eta=13190s  finite=14284
  [42670/100000]  elapsed=9816s  rate=4.3/s  eta=13188s  finite=14287
  [42680/100000]  elapsed=9818s  rate=4.3/s  eta=13186s  finite=14292
  [warn] sample 0 failed: 
  [warn] sample 2 failed: This a (0.38476305), p0 (14.001885) and e0 (0.8951055000000001) combination is outside of our domain of validity.
  [42690/100000]  elapsed=9820s  rate=4.3/s  eta=13183s  finite=14295
  [42700/100000]  elapsed=9822s  rate=4.3/s  eta=13181s  finite=14297
  -> checkpoint saved: /scratch/e1498138/paper/ext/emri_g/lhs_f/ckpt_042700.pkl
  [42710/100000]  elapsed=9824s  rate=4.3/s  eta=13178s  finite=14298
  [42720/100000]  elapsed=9827s  rate=4.3/s  eta=13176s  finite=14300
  [42730/100000]  elapsed=9829s  rate=4.3/s  eta=13174s  finite=14301
  [42740/100000]  elapsed=9831s  rate=4.3/s  eta=13171s  finite=14305
  [warn] sample 1 failed: This a (0.45056145), p0 (13.617135) and e0 (0.8967405) combination is outside of our domain of validity.
  [42750/100000]  elapsed=9833s  rate=4.3/s  eta=13169s  finite=14308
  [warn] sample 2 failed: 
  [42760/100000]  elapsed=9835s  rate=4.3/s  eta=13166s  finite=14311
  [42770/100000]  elapsed=9838s  rate=4.3/s  eta=13164s  finite=14315
  [42780/100000]  elapsed=9840s  rate=4.3/s  eta=13162s  finite=14318
  [warn] sample 8 failed: 
  [42790/100000]  elapsed=9842s  rate=4.3/s  eta=13159s  finite=14322
  [42800/100000]  elapsed=9844s  rate=4.3/s  eta=13157s  finite=14326
  -> checkpoint saved: /scratch/e1498138/paper/ext/emri_g/lhs_f/ckpt_042800.pkl
  [42810/100000]  elapsed=9847s  rate=4.3/s  eta=13154s  finite=14331
  [42820/100000]  elapsed=9849s  rate=4.3/s  eta=13152s  finite=14335
  [42830/100000]  elapsed=9851s  rate=4.3/s  eta=13150s  finite=14337
  [42840/100000]  elapsed=9854s  rate=4.3/s  eta=13147s  finite=14339
  [42850/100000]  elapsed=9856s  rate=4.3/s  eta=13145s  finite=14343
  [42860/100000]  elapsed=9858s  rate=4.3/s  eta=13143s  finite=14348
  [warn] sample 5 failed: This a (0.53225055), p0 (13.775955) and e0 (0.8923335) combination is outside of our domain of validity.
  [42870/100000]  elapsed=9860s  rate=4.3/s  eta=13140s  finite=14349
  [42880/100000]  elapsed=9862s  rate=4.3/s  eta=13138s  finite=14354
  [42890/100000]  elapsed=9865s  rate=4.3/s  eta=13135s  finite=14356
  [42900/100000]  elapsed=9867s  rate=4.3/s  eta=13133s  finite=14358
  -> checkpoint saved: /scratch/e1498138/paper/ext/emri_g/lhs_f/ckpt_042900.pkl
  [42910/100000]  elapsed=9869s  rate=4.3/s  eta=13131s  finite=14358
  [42920/100000]  elapsed=9872s  rate=4.3/s  eta=13129s  finite=14363
  [42930/100000]  elapsed=9874s  rate=4.3/s  eta=13127s  finite=14367
  [42940/100000]  elapsed=9877s  rate=4.3/s  eta=13124s  finite=14373
  [42950/100000]  elapsed=9879s  rate=4.3/s  eta=13122s  finite=14380
  [42960/100000]  elapsed=9881s  rate=4.3/s  eta=13120s  finite=14384
  [42970/100000]  elapsed=9884s  rate=4.3/s  eta=13118s  finite=14388
  [warn] sample 1 failed: 
  [42980/100000]  elapsed=9886s  rate=4.3/s  eta=13116s  finite=14392
  [warn] sample 8 failed: 
  [42990/100000]  elapsed=9888s  rate=4.3/s  eta=13113s  finite=14395
  [43000/100000]  elapsed=9891s  rate=4.3/s  eta=13111s  finite=14398
  -> checkpoint saved: /scratch/e1498138/paper/ext/emri_g/lhs_f/ckpt_043000.pkl
  [43010/100000]  elapsed=9893s  rate=4.3/s  eta=13109s  finite=14401
  [warn] sample 5 failed: 
  [43020/100000]  elapsed=9895s  rate=4.3/s  eta=13106s  finite=14405
  [warn] sample 0 failed: 
  [43030/100000]  elapsed=9897s  rate=4.3/s  eta=13104s  finite=14406
  [warn] sample 7 failed: 
  [43040/100000]  elapsed=9899s  rate=4.3/s  eta=13101s  finite=14408
  [43050/100000]  elapsed=9902s  rate=4.3/s  eta=13099s  finite=14410
  [43060/100000]  elapsed=9904s  rate=4.3/s  eta=13096s  finite=14413
  [43070/100000]  elapsed=9906s  rate=4.3/s  eta=13094s  finite=14416
  [43080/100000]  elapsed=9908s  rate=4.3/s  eta=13092s  finite=14420
  [warn] sample 9 failed: 
  [43090/100000]  elapsed=9911s  rate=4.3/s  eta=13089s  finite=14421
  [43100/100000]  elapsed=9913s  rate=4.3/s  eta=13087s  finite=14424
  -> checkpoint saved: /scratch/e1498138/paper/ext/emri_g/lhs_f/ckpt_043100.pkl
  [43110/100000]  elapsed=9915s  rate=4.3/s  eta=13085s  finite=14428
  [warn] sample 9 failed: 
  [43120/100000]  elapsed=9917s  rate=4.3/s  eta=13082s  finite=14432
  [43130/100000]  elapsed=9920s  rate=4.3/s  eta=13080s  finite=14434
  [warn] sample 8 failed: 
  [43140/100000]  elapsed=9922s  rate=4.3/s  eta=13077s  finite=14439
  [warn] sample 9 failed: 
  [43150/100000]  elapsed=9924s  rate=4.3/s  eta=13075s  finite=14441
  [43160/100000]  elapsed=9926s  rate=4.3/s  eta=13073s  finite=14445
  [43170/100000]  elapsed=9929s  rate=4.3/s  eta=13070s  finite=14448
  [43180/100000]  elapsed=9931s  rate=4.3/s  eta=13068s  finite=14451
  [warn] sample 6 failed: 
  [warn] sample 9 failed: 
  [43190/100000]  elapsed=9933s  rate=4.3/s  eta=13065s  finite=14452
  [warn] sample 0 failed: 
  [warn] sample 3 failed: 
  [43200/100000]  elapsed=9935s  rate=4.3/s  eta=13063s  finite=14454
  -> checkpoint saved: /scratch/e1498138/paper/ext/emri_g/lhs_f/ckpt_043200.pkl
  [43210/100000]  elapsed=9937s  rate=4.3/s  eta=13060s  finite=14457
  [43220/100000]  elapsed=9940s  rate=4.3/s  eta=13058s  finite=14460
  [warn] sample 9 failed: 
  [43230/100000]  elapsed=9942s  rate=4.3/s  eta=13056s  finite=14462
  [43240/100000]  elapsed=9944s  rate=4.3/s  eta=13053s  finite=14466
  [43250/100000]  elapsed=9947s  rate=4.3/s  eta=13051s  finite=14471
  [43260/100000]  elapsed=9949s  rate=4.3/s  eta=13049s  finite=14476
  [43270/100000]  elapsed=9951s  rate=4.3/s  eta=13047s  finite=14479
  [43280/100000]  elapsed=9953s  rate=4.3/s  eta=13044s  finite=14485
  [43290/100000]  elapsed=9956s  rate=4.3/s  eta=13042s  finite=14490
  [43300/100000]  elapsed=9958s  rate=4.3/s  eta=13040s  finite=14495
  -> checkpoint saved: /scratch/e1498138/paper/ext/emri_g/lhs_f/ckpt_043300.pkl
  [warn] sample 5 failed: 
  [43310/100000]  elapsed=9960s  rate=4.3/s  eta=13037s  finite=14497
  [warn] sample 1 failed: 
  [43320/100000]  elapsed=9962s  rate=4.3/s  eta=13035s  finite=14499
  [43330/100000]  elapsed=9965s  rate=4.3/s  eta=13032s  finite=14503
  [43340/100000]  elapsed=9967s  rate=4.3/s  eta=13030s  finite=14507
  [43350/100000]  elapsed=9969s  rate=4.3/s  eta=13028s  finite=14511
  [43360/100000]  elapsed=9971s  rate=4.3/s  eta=13025s  finite=14511
  [43370/100000]  elapsed=9974s  rate=4.3/s  eta=13023s  finite=14514
  [43380/100000]  elapsed=9976s  rate=4.3/s  eta=13021s  finite=14517
  [43390/100000]  elapsed=9978s  rate=4.3/s  eta=13019s  finite=14520
  [43400/100000]  elapsed=9981s  rate=4.3/s  eta=13016s  finite=14523
  -> checkpoint saved: /scratch/e1498138/paper/ext/emri_g/lhs_f/ckpt_043400.pkl
  [warn] sample 4 failed: 
  [43410/100000]  elapsed=9983s  rate=4.3/s  eta=13014s  finite=14525
  [warn] sample 6 failed: 
  [43420/100000]  elapsed=9985s  rate=4.3/s  eta=13011s  finite=14529
  [43430/100000]  elapsed=9987s  rate=4.3/s  eta=13009s  finite=14534
  [43440/100000]  elapsed=9990s  rate=4.3/s  eta=13007s  finite=14536
  [43450/100000]  elapsed=9992s  rate=4.3/s  eta=13004s  finite=14536
  [43460/100000]  elapsed=9994s  rate=4.3/s  eta=13002s  finite=14539
  [43470/100000]  elapsed=9997s  rate=4.3/s  eta=13000s  finite=14543
  [43480/100000]  elapsed=9999s  rate=4.3/s  eta=12998s  finite=14546
  [43490/100000]  elapsed=10001s  rate=4.3/s  eta=12995s  finite=14551
  [43500/100000]  elapsed=10003s  rate=4.3/s  eta=12993s  finite=14553
  -> checkpoint saved: /scratch/e1498138/paper/ext/emri_g/lhs_f/ckpt_043500.pkl
  [43510/100000]  elapsed=10006s  rate=4.3/s  eta=12991s  finite=14557
  [43520/100000]  elapsed=10008s  rate=4.3/s  eta=12988s  finite=14559
  [43530/100000]  elapsed=10010s  rate=4.3/s  eta=12986s  finite=14564
  [warn] sample 8 failed: 
  [43540/100000]  elapsed=10012s  rate=4.3/s  eta=12984s  finite=14565
  [warn] sample 9 failed: 
  [43550/100000]  elapsed=10015s  rate=4.3/s  eta=12981s  finite=14567
  [warn] sample 2 failed: 
  [43560/100000]  elapsed=10017s  rate=4.3/s  eta=12978s  finite=14568
  [warn] sample 4 failed: This a (0.31444515), p0 (14.214795) and e0 (0.8929215) combination is outside of our domain of validity.
  [43570/100000]  elapsed=10019s  rate=4.3/s  eta=12976s  finite=14575
  [43580/100000]  elapsed=10021s  rate=4.3/s  eta=12974s  finite=14577
  [43590/100000]  elapsed=10023s  rate=4.3/s  eta=12971s  finite=14581
  [warn] sample 1 failed: This a (0.54045465), p0 (13.675695) and e0 (0.8975565000000001) combination is outside of our domain of validity.
  [43600/100000]  elapsed=10026s  rate=4.3/s  eta=12969s  finite=14586
  -> checkpoint saved: /scratch/e1498138/paper/ext/emri_g/lhs_f/ckpt_043600.pkl
  [warn] sample 5 failed: This a (0.38212725000000003), p0 (14.100764999999999) and e0 (0.8953635) combination is outside of our domain of validity.
  [43610/100000]  elapsed=10028s  rate=4.3/s  eta=12966s  finite=14588
  [43620/100000]  elapsed=10030s  rate=4.3/s  eta=12964s  finite=14592
  [43630/100000]  elapsed=10032s  rate=4.3/s  eta=12962s  finite=14594
  [43640/100000]  elapsed=10034s  rate=4.3/s  eta=12959s  finite=14598
  [43650/100000]  elapsed=10037s  rate=4.3/s  eta=12957s  finite=14600
  [43660/100000]  elapsed=10039s  rate=4.3/s  eta=12954s  finite=14603
  [43670/100000]  elapsed=10041s  rate=4.3/s  eta=12952s  finite=14608
  [43680/100000]  elapsed=10044s  rate=4.3/s  eta=12950s  finite=14610
  [43690/100000]  elapsed=10046s  rate=4.3/s  eta=12948s  finite=14614
  [43700/100000]  elapsed=10048s  rate=4.3/s  eta=12945s  finite=14617
  -> checkpoint saved: /scratch/e1498138/paper/ext/emri_g/lhs_f/ckpt_043700.pkl
  [warn] sample 0 failed: 
  [43710/100000]  elapsed=10050s  rate=4.3/s  eta=12943s  finite=14617
  [43720/100000]  elapsed=10053s  rate=4.3/s  eta=12941s  finite=14622
  [43730/100000]  elapsed=10055s  rate=4.3/s  eta=12938s  finite=14626
  [43740/100000]  elapsed=10057s  rate=4.3/s  eta=12936s  finite=14630
  [warn] sample 6 failed: 
  [43750/100000]  elapsed=10059s  rate=4.3/s  eta=12933s  finite=14632
  [warn] sample 7 failed: 
  [43760/100000]  elapsed=10061s  rate=4.3/s  eta=12931s  finite=14635
  [43770/100000]  elapsed=10064s  rate=4.3/s  eta=12928s  finite=14638
  [warn] sample 4 failed: 
  [43780/100000]  elapsed=10066s  rate=4.3/s  eta=12926s  finite=14643
  [warn] sample 5 failed: 
  [43790/100000]  elapsed=10068s  rate=4.3/s  eta=12924s  finite=14646
  [43800/100000]  elapsed=10070s  rate=4.3/s  eta=12921s  finite=14648
  -> checkpoint saved: /scratch/e1498138/paper/ext/emri_g/lhs_f/ckpt_043800.pkl
  [43810/100000]  elapsed=10073s  rate=4.3/s  eta=12919s  finite=14652
  [43820/100000]  elapsed=10075s  rate=4.3/s  eta=12917s  finite=14655
  [warn] sample 6 failed: 
  [43830/100000]  elapsed=10077s  rate=4.3/s  eta=12914s  finite=14658
  [43840/100000]  elapsed=10080s  rate=4.3/s  eta=12913s  finite=14663
  [43850/100000]  elapsed=10082s  rate=4.3/s  eta=12910s  finite=14666
  [43860/100000]  elapsed=10085s  rate=4.3/s  eta=12908s  finite=14667
  [43870/100000]  elapsed=10087s  rate=4.3/s  eta=12906s  finite=14671
  [43880/100000]  elapsed=10089s  rate=4.3/s  eta=12903s  finite=14673
  [43890/100000]  elapsed=10091s  rate=4.3/s  eta=12901s  finite=14675
  [warn] sample 0 failed: 
  [warn] sample 5 failed: 
  [43900/100000]  elapsed=10093s  rate=4.3/s  eta=12898s  finite=14676
  -> checkpoint saved: /scratch/e1498138/paper/ext/emri_g/lhs_f/ckpt_043900.pkl
  [43910/100000]  elapsed=10096s  rate=4.3/s  eta=12896s  finite=14680
  [43920/100000]  elapsed=10098s  rate=4.3/s  eta=12894s  finite=14682
  [43930/100000]  elapsed=10100s  rate=4.3/s  eta=12891s  finite=14683
  [43940/100000]  elapsed=10103s  rate=4.3/s  eta=12889s  finite=14685
  [43950/100000]  elapsed=10105s  rate=4.3/s  eta=12887s  finite=14689
  [warn] sample 2 failed: 
  [43960/100000]  elapsed=10107s  rate=4.3/s  eta=12884s  finite=14691
  [43970/100000]  elapsed=10110s  rate=4.3/s  eta=12882s  finite=14695
  [43980/100000]  elapsed=10112s  rate=4.3/s  eta=12880s  finite=14700
  [43990/100000]  elapsed=10114s  rate=4.3/s  eta=12878s  finite=14703
  [44000/100000]  elapsed=10117s  rate=4.3/s  eta=12876s  finite=14706
  -> checkpoint saved: /scratch/e1498138/paper/ext/emri_g/lhs_f/ckpt_044000.pkl
  [44010/100000]  elapsed=10119s  rate=4.3/s  eta=12874s  finite=14709
  [44020/100000]  elapsed=10121s  rate=4.3/s  eta=12871s  finite=14713
  [44030/100000]  elapsed=10124s  rate=4.3/s  eta=12869s  finite=14713
  [warn] sample 7 failed: 
  [44040/100000]  elapsed=10126s  rate=4.3/s  eta=12866s  finite=14717
  [44050/100000]  elapsed=10128s  rate=4.3/s  eta=12864s  finite=14719
  [44060/100000]  elapsed=10130s  rate=4.3/s  eta=12862s  finite=14721
  [44070/100000]  elapsed=10133s  rate=4.3/s  eta=12859s  finite=14722
  [44080/100000]  elapsed=10135s  rate=4.3/s  eta=12857s  finite=14726
  [44090/100000]  elapsed=10137s  rate=4.3/s  eta=12855s  finite=14731
  [44100/100000]  elapsed=10140s  rate=4.3/s  eta=12853s  finite=14734
  -> checkpoint saved: /scratch/e1498138/paper/ext/emri_g/lhs_f/ckpt_044100.pkl
  [44110/100000]  elapsed=10142s  rate=4.3/s  eta=12851s  finite=14738
  [44120/100000]  elapsed=10145s  rate=4.3/s  eta=12849s  finite=14742
  [44130/100000]  elapsed=10147s  rate=4.3/s  eta=12846s  finite=14749
  [44140/100000]  elapsed=10149s  rate=4.3/s  eta=12844s  finite=14753
  [warn] sample 7 failed: 
  [44150/100000]  elapsed=10151s  rate=4.3/s  eta=12841s  finite=14753
  [44160/100000]  elapsed=10154s  rate=4.3/s  eta=12839s  finite=14756
  [44170/100000]  elapsed=10156s  rate=4.3/s  eta=12837s  finite=14760
  [warn] sample 2 failed: 
  [warn] sample 9 failed: 
  [44180/100000]  elapsed=10158s  rate=4.3/s  eta=12834s  finite=14766
  [44190/100000]  elapsed=10160s  rate=4.3/s  eta=12832s  finite=14769
  [44200/100000]  elapsed=10163s  rate=4.3/s  eta=12830s  finite=14776
  -> checkpoint saved: /scratch/e1498138/paper/ext/emri_g/lhs_f/ckpt_044200.pkl
  [44210/100000]  elapsed=10165s  rate=4.3/s  eta=12827s  finite=14778
  [44220/100000]  elapsed=10167s  rate=4.3/s  eta=12825s  finite=14784
  [44230/100000]  elapsed=10169s  rate=4.3/s  eta=12823s  finite=14787
  [44240/100000]  elapsed=10172s  rate=4.3/s  eta=12820s  finite=14790
  [44250/100000]  elapsed=10174s  rate=4.3/s  eta=12818s  finite=14794
  [warn] sample 1 failed: 
  [44260/100000]  elapsed=10176s  rate=4.3/s  eta=12816s  finite=14794
  [44270/100000]  elapsed=10178s  rate=4.3/s  eta=12813s  finite=14797
  [44280/100000]  elapsed=10181s  rate=4.3/s  eta=12811s  finite=14799
  [44290/100000]  elapsed=10183s  rate=4.3/s  eta=12808s  finite=14803
  [44300/100000]  elapsed=10185s  rate=4.3/s  eta=12806s  finite=14807
  -> checkpoint saved: /scratch/e1498138/paper/ext/emri_g/lhs_f/ckpt_044300.pkl
  [44310/100000]  elapsed=10187s  rate=4.3/s  eta=12804s  finite=14811
  [warn] sample 3 failed: 
  [44320/100000]  elapsed=10190s  rate=4.3/s  eta=12801s  finite=14813
  [44330/100000]  elapsed=10192s  rate=4.3/s  eta=12799s  finite=14818
  [44340/100000]  elapsed=10194s  rate=4.3/s  eta=12797s  finite=14821
  [44350/100000]  elapsed=10196s  rate=4.3/s  eta=12794s  finite=14824
  [44360/100000]  elapsed=10199s  rate=4.3/s  eta=12792s  finite=14829
  [44370/100000]  elapsed=10201s  rate=4.3/s  eta=12790s  finite=14835
  [44380/100000]  elapsed=10204s  rate=4.3/s  eta=12788s  finite=14839
  [warn] sample 0 failed: This a (0.6347983500000001), p0 (13.562895) and e0 (0.8969505) combination is outside of our domain of validity.
  [44390/100000]  elapsed=10206s  rate=4.3/s  eta=12785s  finite=14840
  [warn] sample 4 failed: 
  [warn] sample 5 failed: 
  [44400/100000]  elapsed=10208s  rate=4.3/s  eta=12783s  finite=14844
  -> checkpoint saved: /scratch/e1498138/paper/ext/emri_g/lhs_f/ckpt_044400.pkl
  [44410/100000]  elapsed=10210s  rate=4.3/s  eta=12781s  finite=14845
  [44420/100000]  elapsed=10213s  rate=4.3/s  eta=12779s  finite=14850
  [warn] sample 1 failed: This a (0.40000515), p0 (13.693935) and e0 (0.8928495000000001) combination is outside of our domain of validity.
  [44430/100000]  elapsed=10215s  rate=4.3/s  eta=12776s  finite=14852
  [44440/100000]  elapsed=10217s  rate=4.3/s  eta=12774s  finite=14855
  [warn] sample 0 failed: 
  [44450/100000]  elapsed=10219s  rate=4.3/s  eta=12771s  finite=14858
  [44460/100000]  elapsed=10222s  rate=4.3/s  eta=12769s  finite=14860
  [44470/100000]  elapsed=10224s  rate=4.3/s  eta=12767s  finite=14862
  [44480/100000]  elapsed=10226s  rate=4.3/s  eta=12765s  finite=14866
  [44490/100000]  elapsed=10229s  rate=4.3/s  eta=12762s  finite=14871
  [44500/100000]  elapsed=10231s  rate=4.3/s  eta=12760s  finite=14873
  -> checkpoint saved: /scratch/e1498138/paper/ext/emri_g/lhs_f/ckpt_044500.pkl
  [44510/100000]  elapsed=10233s  rate=4.3/s  eta=12758s  finite=14874
  [44520/100000]  elapsed=10236s  rate=4.3/s  eta=12756s  finite=14880
  [warn] sample 0 failed: This a (0.36235185), p0 (13.552785) and e0 (0.8872335) combination is outside of our domain of validity.
  [44530/100000]  elapsed=10238s  rate=4.3/s  eta=12753s  finite=14883
  [warn] sample 4 failed: 
  [44540/100000]  elapsed=10240s  rate=4.3/s  eta=12751s  finite=14886
  [44550/100000]  elapsed=10242s  rate=4.3/s  eta=12748s  finite=14887
  [warn] sample 5 failed: 
  [44560/100000]  elapsed=10245s  rate=4.3/s  eta=12746s  finite=14890
  [44570/100000]  elapsed=10247s  rate=4.3/s  eta=12744s  finite=14893
  [44580/100000]  elapsed=10249s  rate=4.3/s  eta=12741s  finite=14898
  [44590/100000]  elapsed=10251s  rate=4.3/s  eta=12739s  finite=14902
  [44600/100000]  elapsed=10254s  rate=4.3/s  eta=12737s  finite=14905
  -> checkpoint saved: /scratch/e1498138/paper/ext/emri_g/lhs_f/ckpt_044600.pkl
  [44610/100000]  elapsed=10256s  rate=4.3/s  eta=12734s  finite=14908
  [44620/100000]  elapsed=10258s  rate=4.3/s  eta=12732s  finite=14913
  [44630/100000]  elapsed=10261s  rate=4.3/s  eta=12730s  finite=14918
  [44640/100000]  elapsed=10263s  rate=4.3/s  eta=12728s  finite=14923
  [44650/100000]  elapsed=10265s  rate=4.3/s  eta=12725s  finite=14928
  [44660/100000]  elapsed=10268s  rate=4.3/s  eta=12723s  finite=14928
  [44670/100000]  elapsed=10270s  rate=4.3/s  eta=12721s  finite=14932
  [44680/100000]  elapsed=10272s  rate=4.3/s  eta=12719s  finite=14937
  [44690/100000]  elapsed=10275s  rate=4.3/s  eta=12716s  finite=14938
  [44700/100000]  elapsed=10277s  rate=4.3/s  eta=12714s  finite=14945
  -> checkpoint saved: /scratch/e1498138/paper/ext/emri_g/lhs_f/ckpt_044700.pkl
  [44710/100000]  elapsed=10279s  rate=4.3/s  eta=12712s  finite=14947
  [44720/100000]  elapsed=10282s  rate=4.3/s  eta=12710s  finite=14948
  [44730/100000]  elapsed=10284s  rate=4.3/s  eta=12707s  finite=14950
  [44740/100000]  elapsed=10286s  rate=4.3/s  eta=12705s  finite=14951
  [44750/100000]  elapsed=10289s  rate=4.3/s  eta=12703s  finite=14956
  [warn] sample 2 failed: 
  [44760/100000]  elapsed=10291s  rate=4.3/s  eta=12700s  finite=14957
  [44770/100000]  elapsed=10293s  rate=4.3/s  eta=12698s  finite=14960
  [44780/100000]  elapsed=10295s  rate=4.3/s  eta=12696s  finite=14964
  [44790/100000]  elapsed=10298s  rate=4.3/s  eta=12694s  finite=14966
  [44800/100000]  elapsed=10300s  rate=4.3/s  eta=12691s  finite=14970
  -> checkpoint saved: /scratch/e1498138/paper/ext/emri_g/lhs_f/ckpt_044800.pkl
  [44810/100000]  elapsed=10302s  rate=4.3/s  eta=12689s  finite=14972
  [44820/100000]  elapsed=10305s  rate=4.3/s  eta=12687s  finite=14977
  [44830/100000]  elapsed=10307s  rate=4.3/s  eta=12684s  finite=14978
  [44840/100000]  elapsed=10309s  rate=4.3/s  eta=12682s  finite=14981
  [44850/100000]  elapsed=10312s  rate=4.3/s  eta=12680s  finite=14985
  [44860/100000]  elapsed=10314s  rate=4.3/s  eta=12678s  finite=14992
  [44870/100000]  elapsed=10316s  rate=4.3/s  eta=12675s  finite=14995
  [44880/100000]  elapsed=10319s  rate=4.3/s  eta=12673s  finite=14999
  [warn] sample 0 failed: 
  [44890/100000]  elapsed=10321s  rate=4.3/s  eta=12671s  finite=15002
  [44900/100000]  elapsed=10323s  rate=4.3/s  eta=12668s  finite=15005
  -> checkpoint saved: /scratch/e1498138/paper/ext/emri_g/lhs_f/ckpt_044900.pkl
  [44910/100000]  elapsed=10325s  rate=4.3/s  eta=12666s  finite=15008
  [44920/100000]  elapsed=10328s  rate=4.3/s  eta=12664s  finite=15012
  [44930/100000]  elapsed=10330s  rate=4.3/s  eta=12661s  finite=15015
  [44940/100000]  elapsed=10332s  rate=4.3/s  eta=12659s  finite=15019
  [44950/100000]  elapsed=10335s  rate=4.3/s  eta=12657s  finite=15022
  [44960/100000]  elapsed=10337s  rate=4.3/s  eta=12654s  finite=15027
  [44970/100000]  elapsed=10339s  rate=4.3/s  eta=12652s  finite=15030
  [44980/100000]  elapsed=10341s  rate=4.3/s  eta=12650s  finite=15035
  [44990/100000]  elapsed=10344s  rate=4.3/s  eta=12648s  finite=15040
  [45000/100000]  elapsed=10346s  rate=4.3/s  eta=12645s  finite=15042
  -> checkpoint saved: /scratch/e1498138/paper/ext/emri_g/lhs_f/ckpt_045000.pkl
  [45010/100000]  elapsed=10349s  rate=4.3/s  eta=12643s  finite=15046
  [45020/100000]  elapsed=10351s  rate=4.3/s  eta=12641s  finite=15050
  [warn] sample 6 failed: 
  [45030/100000]  elapsed=10353s  rate=4.3/s  eta=12639s  finite=15054
  [warn] sample 1 failed: 
  [45040/100000]  elapsed=10355s  rate=4.3/s  eta=12636s  finite=15060
  [45050/100000]  elapsed=10358s  rate=4.3/s  eta=12634s  finite=15064
  [45060/100000]  elapsed=10360s  rate=4.3/s  eta=12631s  finite=15069
  [45070/100000]  elapsed=10362s  rate=4.3/s  eta=12629s  finite=15071
  [45080/100000]  elapsed=10364s  rate=4.3/s  eta=12627s  finite=15077
  [45090/100000]  elapsed=10367s  rate=4.3/s  eta=12624s  finite=15079
  [45100/100000]  elapsed=10369s  rate=4.3/s  eta=12622s  finite=15084
  -> checkpoint saved: /scratch/e1498138/paper/ext/emri_g/lhs_f/ckpt_045100.pkl
  [45110/100000]  elapsed=10371s  rate=4.3/s  eta=12620s  finite=15087
  [45120/100000]  elapsed=10374s  rate=4.3/s  eta=12617s  finite=15092
  [45130/100000]  elapsed=10376s  rate=4.3/s  eta=12615s  finite=15100
  [45140/100000]  elapsed=10378s  rate=4.3/s  eta=12613s  finite=15104
  [45150/100000]  elapsed=10380s  rate=4.3/s  eta=12611s  finite=15105
  [45160/100000]  elapsed=10383s  rate=4.3/s  eta=12608s  finite=15109
  [warn] sample 1 failed: 
  [45170/100000]  elapsed=10385s  rate=4.3/s  eta=12606s  finite=15113
  [45180/100000]  elapsed=10387s  rate=4.3/s  eta=12603s  finite=15118
  [45190/100000]  elapsed=10389s  rate=4.3/s  eta=12601s  finite=15122
  [45200/100000]  elapsed=10392s  rate=4.3/s  eta=12599s  finite=15124
  -> checkpoint saved: /scratch/e1498138/paper/ext/emri_g/lhs_f/ckpt_045200.pkl
  [45210/100000]  elapsed=10394s  rate=4.3/s  eta=12597s  finite=15128
  [45220/100000]  elapsed=10396s  rate=4.3/s  eta=12594s  finite=15131
  [45230/100000]  elapsed=10399s  rate=4.3/s  eta=12592s  finite=15133
  [45240/100000]  elapsed=10401s  rate=4.3/s  eta=12589s  finite=15136
  [45250/100000]  elapsed=10403s  rate=4.3/s  eta=12587s  finite=15141
  [warn] sample 0 failed: This a (0.31289954999999997), p0 (13.710315) and e0 (0.8842725) combination is outside of our domain of validity.
  [45260/100000]  elapsed=10405s  rate=4.3/s  eta=12584s  finite=15143
  [45270/100000]  elapsed=10407s  rate=4.3/s  eta=12582s  finite=15146
  [45280/100000]  elapsed=10410s  rate=4.3/s  eta=12580s  finite=15151
  [45290/100000]  elapsed=10412s  rate=4.3/s  eta=12578s  finite=15153
  [45300/100000]  elapsed=10414s  rate=4.3/s  eta=12575s  finite=15155
  -> checkpoint saved: /scratch/e1498138/paper/ext/emri_g/lhs_f/ckpt_045300.pkl
  [45310/100000]  elapsed=10417s  rate=4.3/s  eta=12573s  finite=15156
  [45320/100000]  elapsed=10419s  rate=4.3/s  eta=12571s  finite=15160
  [45330/100000]  elapsed=10421s  rate=4.3/s  eta=12568s  finite=15161
  [45340/100000]  elapsed=10423s  rate=4.3/s  eta=12566s  finite=15161
  [45350/100000]  elapsed=10425s  rate=4.3/s  eta=12563s  finite=15165
  [45360/100000]  elapsed=10428s  rate=4.3/s  eta=12561s  finite=15167
  [45370/100000]  elapsed=10430s  rate=4.3/s  eta=12559s  finite=15172
  [45380/100000]  elapsed=10432s  rate=4.3/s  eta=12557s  finite=15179
  [45390/100000]  elapsed=10435s  rate=4.3/s  eta=12554s  finite=15181
  [45400/100000]  elapsed=10437s  rate=4.3/s  eta=12552s  finite=15184
  -> checkpoint saved: /scratch/e1498138/paper/ext/emri_g/lhs_f/ckpt_045400.pkl
  [45410/100000]  elapsed=10439s  rate=4.3/s  eta=12550s  finite=15186
  [45420/100000]  elapsed=10442s  rate=4.3/s  eta=12547s  finite=15189
  [45430/100000]  elapsed=10444s  rate=4.3/s  eta=12545s  finite=15191
  [45440/100000]  elapsed=10446s  rate=4.3/s  eta=12543s  finite=15196
  [45450/100000]  elapsed=10448s  rate=4.3/s  eta=12540s  finite=15198
  [warn] sample 3 failed: 
  [45460/100000]  elapsed=10450s  rate=4.4/s  eta=12538s  finite=15198
  [45470/100000]  elapsed=10453s  rate=4.4/s  eta=12536s  finite=15202
  [45480/100000]  elapsed=10455s  rate=4.4/s  eta=12533s  finite=15204
  [45490/100000]  elapsed=10457s  rate=4.4/s  eta=12531s  finite=15210
  [45500/100000]  elapsed=10460s  rate=4.4/s  eta=12529s  finite=15212
  -> checkpoint saved: /scratch/e1498138/paper/ext/emri_g/lhs_f/ckpt_045500.pkl
  [warn] sample 9 failed: 
  [45510/100000]  elapsed=10462s  rate=4.4/s  eta=12526s  finite=15215
  [45520/100000]  elapsed=10464s  rate=4.4/s  eta=12524s  finite=15217
  [45530/100000]  elapsed=10466s  rate=4.4/s  eta=12521s  finite=15221
  [45540/100000]  elapsed=10469s  rate=4.4/s  eta=12519s  finite=15227
  [warn] sample 0 failed: 
  [45550/100000]  elapsed=10471s  rate=4.4/s  eta=12517s  finite=15230
  [45560/100000]  elapsed=10473s  rate=4.4/s  eta=12515s  finite=15233
  [45570/100000]  elapsed=10475s  rate=4.4/s  eta=12512s  finite=15237
  [45580/100000]  elapsed=10478s  rate=4.4/s  eta=12510s  finite=15241
  [45590/100000]  elapsed=10480s  rate=4.4/s  eta=12508s  finite=15245
  [45600/100000]  elapsed=10483s  rate=4.4/s  eta=12505s  finite=15248
  -> checkpoint saved: /scratch/e1498138/paper/ext/emri_g/lhs_f/ckpt_045600.pkl
  [45610/100000]  elapsed=10485s  rate=4.4/s  eta=12503s  finite=15251
  [warn] sample 2 failed: 
  [warn] sample 9 failed: 
  [45620/100000]  elapsed=10487s  rate=4.4/s  eta=12500s  finite=15255
  [45630/100000]  elapsed=10489s  rate=4.4/s  eta=12498s  finite=15257
  [warn] sample 8 failed: 
  [45640/100000]  elapsed=10491s  rate=4.4/s  eta=12496s  finite=15260
  [warn] sample 2 failed: 
  [warn] sample 8 failed: 
  [45650/100000]  elapsed=10493s  rate=4.4/s  eta=12493s  finite=15263
  [45660/100000]  elapsed=10495s  rate=4.4/s  eta=12490s  finite=15265
  [45670/100000]  elapsed=10498s  rate=4.4/s  eta=12488s  finite=15270
  [45680/100000]  elapsed=10500s  rate=4.4/s  eta=12486s  finite=15274
  [45690/100000]  elapsed=10503s  rate=4.4/s  eta=12484s  finite=15279
  [45700/100000]  elapsed=10505s  rate=4.4/s  eta=12482s  finite=15281
  -> checkpoint saved: /scratch/e1498138/paper/ext/emri_g/lhs_f/ckpt_045700.pkl
  [warn] sample 1 failed: 
  [45710/100000]  elapsed=10507s  rate=4.4/s  eta=12479s  finite=15281
  [45720/100000]  elapsed=10509s  rate=4.4/s  eta=12477s  finite=15282
  [45730/100000]  elapsed=10512s  rate=4.4/s  eta=12475s  finite=15288
  [45740/100000]  elapsed=10514s  rate=4.4/s  eta=12473s  finite=15291
  [45750/100000]  elapsed=10516s  rate=4.4/s  eta=12470s  finite=15293
  [45760/100000]  elapsed=10519s  rate=4.4/s  eta=12468s  finite=15296
  [45770/100000]  elapsed=10521s  rate=4.4/s  eta=12466s  finite=15302
  [45780/100000]  elapsed=10523s  rate=4.4/s  eta=12463s  finite=15309
  [warn] sample 8 failed: This a (0.45982815), p0 (13.623915) and e0 (0.8994555000000001) combination is outside of our domain of validity.
  [45790/100000]  elapsed=10525s  rate=4.4/s  eta=12461s  finite=15310
  [45800/100000]  elapsed=10528s  rate=4.4/s  eta=12458s  finite=15313
  -> checkpoint saved: /scratch/e1498138/paper/ext/emri_g/lhs_f/ckpt_045800.pkl
  [warn] sample 8 failed: 
  [45810/100000]  elapsed=10530s  rate=4.4/s  eta=12456s  finite=15317
  [45820/100000]  elapsed=10532s  rate=4.4/s  eta=12454s  finite=15321
  [45830/100000]  elapsed=10534s  rate=4.4/s  eta=12451s  finite=15324
  [warn] sample 7 failed: 
  [45840/100000]  elapsed=10536s  rate=4.4/s  eta=12449s  finite=15326
  [45850/100000]  elapsed=10539s  rate=4.4/s  eta=12447s  finite=15328
  [45860/100000]  elapsed=10542s  rate=4.4/s  eta=12445s  finite=15331
  [45870/100000]  elapsed=10544s  rate=4.4/s  eta=12443s  finite=15333
  [warn] sample 2 failed: 
  [45880/100000]  elapsed=10546s  rate=4.4/s  eta=12440s  finite=15337
  [45890/100000]  elapsed=10549s  rate=4.4/s  eta=12438s  finite=15341
  [45900/100000]  elapsed=10551s  rate=4.4/s  eta=12436s  finite=15347
  -> checkpoint saved: /scratch/e1498138/paper/ext/emri_g/lhs_f/ckpt_045900.pkl
  [warn] sample 9 failed: 
  [45910/100000]  elapsed=10553s  rate=4.4/s  eta=12434s  finite=15351
  [warn] sample 6 failed: 
  [45920/100000]  elapsed=10556s  rate=4.4/s  eta=12431s  finite=15355
  [warn] sample 4 failed: 
  [45930/100000]  elapsed=10558s  rate=4.4/s  eta=12429s  finite=15358
  [45940/100000]  elapsed=10560s  rate=4.4/s  eta=12427s  finite=15361
  [45950/100000]  elapsed=10563s  rate=4.4/s  eta=12425s  finite=15365
  [45960/100000]  elapsed=10565s  rate=4.4/s  eta=12423s  finite=15369
  [45970/100000]  elapsed=10567s  rate=4.4/s  eta=12420s  finite=15369
  [45980/100000]  elapsed=10570s  rate=4.4/s  eta=12418s  finite=15374
  [warn] sample 4 failed: This a (0.37718684999999996), p0 (14.841765) and e0 (0.8966235) combination is outside of our domain of validity.
  [45990/100000]  elapsed=10572s  rate=4.4/s  eta=12415s  finite=15378
  [46000/100000]  elapsed=10574s  rate=4.4/s  eta=12413s  finite=15380
  -> checkpoint saved: /scratch/e1498138/paper/ext/emri_g/lhs_f/ckpt_046000.pkl
  [46010/100000]  elapsed=10576s  rate=4.4/s  eta=12411s  finite=15386
  [warn] sample 6 failed: 
  [46020/100000]  elapsed=10579s  rate=4.4/s  eta=12408s  finite=15389
  [46030/100000]  elapsed=10581s  rate=4.4/s  eta=12406s  finite=15391
  [46040/100000]  elapsed=10583s  rate=4.4/s  eta=12404s  finite=15396
  [46050/100000]  elapsed=10585s  rate=4.4/s  eta=12401s  finite=15399
  [warn] sample 0 failed: 
  [46060/100000]  elapsed=10588s  rate=4.4/s  eta=12399s  finite=15403
  [warn] sample 8 failed: 
  [46070/100000]  elapsed=10590s  rate=4.4/s  eta=12396s  finite=15405
  [46080/100000]  elapsed=10592s  rate=4.4/s  eta=12394s  finite=15407
  [46090/100000]  elapsed=10594s  rate=4.4/s  eta=12392s  finite=15409
  [46100/100000]  elapsed=10596s  rate=4.4/s  eta=12389s  finite=15413
  -> checkpoint saved: /scratch/e1498138/paper/ext/emri_g/lhs_f/ckpt_046100.pkl
  [46110/100000]  elapsed=10599s  rate=4.4/s  eta=12387s  finite=15418
  [46120/100000]  elapsed=10601s  rate=4.4/s  eta=12385s  finite=15420
  [46130/100000]  elapsed=10603s  rate=4.4/s  eta=12382s  finite=15425
  [46140/100000]  elapsed=10606s  rate=4.4/s  eta=12380s  finite=15428
  [46150/100000]  elapsed=10608s  rate=4.4/s  eta=12378s  finite=15431
  [46160/100000]  elapsed=10610s  rate=4.4/s  eta=12375s  finite=15436
  [46170/100000]  elapsed=10613s  rate=4.4/s  eta=12373s  finite=15442
  [46180/100000]  elapsed=10615s  rate=4.4/s  eta=12371s  finite=15447
  [46190/100000]  elapsed=10617s  rate=4.4/s  eta=12369s  finite=15449
  [warn] sample 0 failed: 
  [warn] sample 6 failed: This a (0.35158785), p0 (13.707585) and e0 (0.8919585000000001) combination is outside of our domain of validity.
  [46200/100000]  elapsed=10619s  rate=4.4/s  eta=12366s  finite=15450
  -> checkpoint saved: /scratch/e1498138/paper/ext/emri_g/lhs_f/ckpt_046200.pkl
  [46210/100000]  elapsed=10621s  rate=4.4/s  eta=12364s  finite=15455
  [46220/100000]  elapsed=10624s  rate=4.4/s  eta=12361s  finite=15458
  [46230/100000]  elapsed=10626s  rate=4.4/s  eta=12359s  finite=15463
  [46240/100000]  elapsed=10628s  rate=4.4/s  eta=12357s  finite=15468
  [46250/100000]  elapsed=10630s  rate=4.4/s  eta=12354s  finite=15469
  [warn] sample 6 failed: This a (0.32794845), p0 (13.907055) and e0 (0.8984055) combination is outside of our domain of validity.
  [46260/100000]  elapsed=10632s  rate=4.4/s  eta=12352s  finite=15472
  [warn] sample 5 failed: 
  [46270/100000]  elapsed=10635s  rate=4.4/s  eta=12349s  finite=15475
  [46280/100000]  elapsed=10637s  rate=4.4/s  eta=12347s  finite=15478
  [46290/100000]  elapsed=10639s  rate=4.4/s  eta=12345s  finite=15483
  [46300/100000]  elapsed=10642s  rate=4.4/s  eta=12342s  finite=15486
  -> checkpoint saved: /scratch/e1498138/paper/ext/emri_g/lhs_f/ckpt_046300.pkl
  [46310/100000]  elapsed=10644s  rate=4.4/s  eta=12340s  finite=15490
  [46320/100000]  elapsed=10646s  rate=4.4/s  eta=12338s  finite=15497
  [46330/100000]  elapsed=10649s  rate=4.4/s  eta=12336s  finite=15499
  [46340/100000]  elapsed=10651s  rate=4.4/s  eta=12334s  finite=15502
  [46350/100000]  elapsed=10654s  rate=4.4/s  eta=12332s  finite=15505
  [46360/100000]  elapsed=10656s  rate=4.4/s  eta=12329s  finite=15509
  [46370/100000]  elapsed=10658s  rate=4.4/s  eta=12327s  finite=15513
  [46380/100000]  elapsed=10660s  rate=4.4/s  eta=12325s  finite=15515
  [warn] sample 5 failed: 
  [46390/100000]  elapsed=10663s  rate=4.4/s  eta=12322s  finite=15518
  [46400/100000]  elapsed=10665s  rate=4.4/s  eta=12320s  finite=15523
  -> checkpoint saved: /scratch/e1498138/paper/ext/emri_g/lhs_f/ckpt_046400.pkl
  [warn] sample 7 failed: 
  [46410/100000]  elapsed=10667s  rate=4.4/s  eta=12317s  finite=15527
  [46420/100000]  elapsed=10669s  rate=4.4/s  eta=12315s  finite=15532
  [46430/100000]  elapsed=10672s  rate=4.4/s  eta=12313s  finite=15534
  [46440/100000]  elapsed=10674s  rate=4.4/s  eta=12310s  finite=15538
  [warn] sample 3 failed: 
  [46450/100000]  elapsed=10676s  rate=4.4/s  eta=12308s  finite=15540
  [46460/100000]  elapsed=10678s  rate=4.4/s  eta=12306s  finite=15543
  [warn] sample 2 failed: 
  [warn] sample 5 failed: 
  [46470/100000]  elapsed=10681s  rate=4.4/s  eta=12303s  finite=15547
  [46480/100000]  elapsed=10683s  rate=4.4/s  eta=12301s  finite=15552
  [46490/100000]  elapsed=10685s  rate=4.4/s  eta=12299s  finite=15554
  [warn] sample 1 failed: This a (0.36878955), p0 (14.457675) and e0 (0.8998965000000001) combination is outside of our domain of validity.
  [warn] sample 8 failed: 
  [46500/100000]  elapsed=10687s  rate=4.4/s  eta=12296s  finite=15556
  -> checkpoint saved: /scratch/e1498138/paper/ext/emri_g/lhs_f/ckpt_046500.pkl
  [warn] sample 9 failed: 
  [46510/100000]  elapsed=10689s  rate=4.4/s  eta=12294s  finite=15560
  [46520/100000]  elapsed=10692s  rate=4.4/s  eta=12291s  finite=15565
  [46530/100000]  elapsed=10694s  rate=4.4/s  eta=12289s  finite=15568
  [46540/100000]  elapsed=10696s  rate=4.4/s  eta=12287s  finite=15569
  [46550/100000]  elapsed=10699s  rate=4.4/s  eta=12284s  finite=15573
  [46560/100000]  elapsed=10701s  rate=4.4/s  eta=12282s  finite=15579
  [46570/100000]  elapsed=10703s  rate=4.4/s  eta=12280s  finite=15580
  [46580/100000]  elapsed=10706s  rate=4.4/s  eta=12278s  finite=15586
  [46590/100000]  elapsed=10708s  rate=4.4/s  eta=12275s  finite=15592
  [46600/100000]  elapsed=10710s  rate=4.4/s  eta=12273s  finite=15597
  -> checkpoint saved: /scratch/e1498138/paper/ext/emri_g/lhs_f/ckpt_046600.pkl
  [46610/100000]  elapsed=10713s  rate=4.4/s  eta=12271s  finite=15599
  [46620/100000]  elapsed=10715s  rate=4.4/s  eta=12268s  finite=15602
  [46630/100000]  elapsed=10717s  rate=4.4/s  eta=12266s  finite=15606
  [46640/100000]  elapsed=10719s  rate=4.4/s  eta=12264s  finite=15609
  [warn] sample 1 failed: 
  [46650/100000]  elapsed=10721s  rate=4.4/s  eta=12261s  finite=15613
  [46660/100000]  elapsed=10724s  rate=4.4/s  eta=12259s  finite=15619
  [46670/100000]  elapsed=10726s  rate=4.4/s  eta=12257s  finite=15624
  [46680/100000]  elapsed=10728s  rate=4.4/s  eta=12255s  finite=15629
  [46690/100000]  elapsed=10731s  rate=4.4/s  eta=12252s  finite=15633
  [46700/100000]  elapsed=10733s  rate=4.4/s  eta=12250s  finite=15641
  -> checkpoint saved: /scratch/e1498138/paper/ext/emri_g/lhs_f/ckpt_046700.pkl
  [46710/100000]  elapsed=10736s  rate=4.4/s  eta=12248s  finite=15644
  [46720/100000]  elapsed=10738s  rate=4.4/s  eta=12246s  finite=15647
  [46730/100000]  elapsed=10741s  rate=4.4/s  eta=12244s  finite=15650
  [warn] sample 3 failed: 
  [46740/100000]  elapsed=10743s  rate=4.4/s  eta=12241s  finite=15651
  [warn] sample 5 failed: 
  [46750/100000]  elapsed=10745s  rate=4.4/s  eta=12239s  finite=15654
  [46760/100000]  elapsed=10747s  rate=4.4/s  eta=12236s  finite=15657
  [46770/100000]  elapsed=10749s  rate=4.4/s  eta=12234s  finite=15660
  [46780/100000]  elapsed=10752s  rate=4.4/s  eta=12232s  finite=15663
  [46790/100000]  elapsed=10754s  rate=4.4/s  eta=12229s  finite=15668
  [46800/100000]  elapsed=10756s  rate=4.4/s  eta=12227s  finite=15671
  -> checkpoint saved: /scratch/e1498138/paper/ext/emri_g/lhs_f/ckpt_046800.pkl
  [warn] sample 6 failed: 
  [46810/100000]  elapsed=10759s  rate=4.4/s  eta=12225s  finite=15673
  [46820/100000]  elapsed=10761s  rate=4.4/s  eta=12223s  finite=15679
  [46830/100000]  elapsed=10763s  rate=4.4/s  eta=12221s  finite=15683
  [warn] sample 8 failed: 
  [46840/100000]  elapsed=10766s  rate=4.4/s  eta=12218s  finite=15684
  [46850/100000]  elapsed=10768s  rate=4.4/s  eta=12216s  finite=15688
  [46860/100000]  elapsed=10770s  rate=4.4/s  eta=12214s  finite=15690
  [46870/100000]  elapsed=10772s  rate=4.4/s  eta=12211s  finite=15693
  [46880/100000]  elapsed=10775s  rate=4.4/s  eta=12209s  finite=15699
  [46890/100000]  elapsed=10777s  rate=4.4/s  eta=12207s  finite=15706
  [46900/100000]  elapsed=10779s  rate=4.4/s  eta=12204s  finite=15709
  -> checkpoint saved: /scratch/e1498138/paper/ext/emri_g/lhs_f/ckpt_046900.pkl
  [46910/100000]  elapsed=10782s  rate=4.4/s  eta=12202s  finite=15710
  [46920/100000]  elapsed=10784s  rate=4.4/s  eta=12200s  finite=15717
  [46930/100000]  elapsed=10787s  rate=4.4/s  eta=12198s  finite=15721
  [46940/100000]  elapsed=10789s  rate=4.4/s  eta=12195s  finite=15724
  [46950/100000]  elapsed=10791s  rate=4.4/s  eta=12193s  finite=15728
  [warn] sample 8 failed: 
  [46960/100000]  elapsed=10793s  rate=4.4/s  eta=12191s  finite=15730
  [warn] sample 3 failed: This a (0.41389485), p0 (13.796145) and e0 (0.8965485000000001) combination is outside of our domain of validity.
  [46970/100000]  elapsed=10795s  rate=4.4/s  eta=12188s  finite=15733
  [46980/100000]  elapsed=10798s  rate=4.4/s  eta=12186s  finite=15736
  [46990/100000]  elapsed=10800s  rate=4.4/s  eta=12184s  finite=15740
  [47000/100000]  elapsed=10802s  rate=4.4/s  eta=12181s  finite=15743
  -> checkpoint saved: /scratch/e1498138/paper/ext/emri_g/lhs_f/ckpt_047000.pkl
  [47010/100000]  elapsed=10805s  rate=4.4/s  eta=12179s  finite=15746
  [47020/100000]  elapsed=10807s  rate=4.4/s  eta=12177s  finite=15750
  [47030/100000]  elapsed=10809s  rate=4.4/s  eta=12175s  finite=15753
  [47040/100000]  elapsed=10812s  rate=4.4/s  eta=12172s  finite=15759
  [47050/100000]  elapsed=10814s  rate=4.4/s  eta=12170s  finite=15763
  [47060/100000]  elapsed=10816s  rate=4.4/s  eta=12168s  finite=15770
  [47070/100000]  elapsed=10819s  rate=4.4/s  eta=12166s  finite=15773
  [warn] sample 0 failed: 
  [47080/100000]  elapsed=10821s  rate=4.4/s  eta=12163s  finite=15775
  [47090/100000]  elapsed=10823s  rate=4.4/s  eta=12161s  finite=15776
  [47100/100000]  elapsed=10825s  rate=4.4/s  eta=12159s  finite=15779
  -> checkpoint saved: /scratch/e1498138/paper/ext/emri_g/lhs_f/ckpt_047100.pkl
  [47110/100000]  elapsed=10828s  rate=4.4/s  eta=12156s  finite=15783
  [47120/100000]  elapsed=10830s  rate=4.4/s  eta=12154s  finite=15787
  [47130/100000]  elapsed=10832s  rate=4.4/s  eta=12152s  finite=15790
  [47140/100000]  elapsed=10835s  rate=4.4/s  eta=12149s  finite=15793
  [47150/100000]  elapsed=10837s  rate=4.4/s  eta=12147s  finite=15796
  [47160/100000]  elapsed=10839s  rate=4.4/s  eta=12145s  finite=15801
  [47170/100000]  elapsed=10842s  rate=4.4/s  eta=12142s  finite=15802
  [47180/100000]  elapsed=10844s  rate=4.4/s  eta=12140s  finite=15805
  [warn] sample 7 failed: 
  [47190/100000]  elapsed=10846s  rate=4.4/s  eta=12138s  finite=15811
  [warn] sample 9 failed: 
  [47200/100000]  elapsed=10848s  rate=4.4/s  eta=12135s  finite=15814
  -> checkpoint saved: /scratch/e1498138/paper/ext/emri_g/lhs_f/ckpt_047200.pkl
  [warn] sample 8 failed: 
  [47210/100000]  elapsed=10850s  rate=4.4/s  eta=12133s  finite=15818
  [47220/100000]  elapsed=10853s  rate=4.4/s  eta=12130s  finite=15821
  [47230/100000]  elapsed=10855s  rate=4.4/s  eta=12128s  finite=15826
  [47240/100000]  elapsed=10857s  rate=4.4/s  eta=12126s  finite=15828
  [warn] sample 1 failed: This a (0.52918005), p0 (14.404665) and e0 (0.8994285) combination is outside of our domain of validity.
  [47250/100000]  elapsed=10859s  rate=4.4/s  eta=12123s  finite=15829
  [47260/100000]  elapsed=10861s  rate=4.4/s  eta=12121s  finite=15835
  [47270/100000]  elapsed=10864s  rate=4.4/s  eta=12119s  finite=15840
  [47280/100000]  elapsed=10866s  rate=4.4/s  eta=12116s  finite=15846
  [47290/100000]  elapsed=10868s  rate=4.4/s  eta=12114s  finite=15850
  [warn] sample 6 failed: 
  [47300/100000]  elapsed=10870s  rate=4.4/s  eta=12111s  finite=15851
  -> checkpoint saved: /scratch/e1498138/paper/ext/emri_g/lhs_f/ckpt_047300.pkl
  [47310/100000]  elapsed=10873s  rate=4.4/s  eta=12109s  finite=15854
  [47320/100000]  elapsed=10875s  rate=4.4/s  eta=12107s  finite=15857
  [47330/100000]  elapsed=10877s  rate=4.4/s  eta=12104s  finite=15859
  [47340/100000]  elapsed=10879s  rate=4.4/s  eta=12102s  finite=15862
  [47350/100000]  elapsed=10882s  rate=4.4/s  eta=12100s  finite=15865
  [47360/100000]  elapsed=10884s  rate=4.4/s  eta=12097s  finite=15869
  [47370/100000]  elapsed=10886s  rate=4.4/s  eta=12095s  finite=15873
  [47380/100000]  elapsed=10889s  rate=4.4/s  eta=12093s  finite=15874
  [47390/100000]  elapsed=10891s  rate=4.4/s  eta=12091s  finite=15876
  [47400/100000]  elapsed=10893s  rate=4.4/s  eta=12088s  finite=15880
  -> checkpoint saved: /scratch/e1498138/paper/ext/emri_g/lhs_f/ckpt_047400.pkl
  [47410/100000]  elapsed=10896s  rate=4.4/s  eta=12086s  finite=15884
  [47420/100000]  elapsed=10898s  rate=4.4/s  eta=12084s  finite=15886
  [warn] sample 3 failed: 
  [warn] sample 5 failed: 
  [47430/100000]  elapsed=10900s  rate=4.4/s  eta=12081s  finite=15887
  [warn] sample 5 failed: 
  [warn] sample 6 failed: 
  [47440/100000]  elapsed=10902s  rate=4.4/s  eta=12079s  finite=15892
  [warn] sample 1 failed: 
  [47450/100000]  elapsed=10904s  rate=4.4/s  eta=12076s  finite=15898
  [47460/100000]  elapsed=10907s  rate=4.4/s  eta=12074s  finite=15902
  [47470/100000]  elapsed=10909s  rate=4.4/s  eta=12072s  finite=15904
  [47480/100000]  elapsed=10911s  rate=4.4/s  eta=12070s  finite=15910
  [47490/100000]  elapsed=10914s  rate=4.4/s  eta=12067s  finite=15914
  [47500/100000]  elapsed=10916s  rate=4.4/s  eta=12065s  finite=15917
  -> checkpoint saved: /scratch/e1498138/paper/ext/emri_g/lhs_f/ckpt_047500.pkl
  [47510/100000]  elapsed=10919s  rate=4.4/s  eta=12063s  finite=15920
  [47520/100000]  elapsed=10921s  rate=4.4/s  eta=12061s  finite=15925
  [47530/100000]  elapsed=10923s  rate=4.4/s  eta=12059s  finite=15929
  [warn] sample 0 failed: This a (0.41895945), p0 (14.368185) and e0 (0.8936235000000001) combination is outside of our domain of validity.
  [47540/100000]  elapsed=10926s  rate=4.4/s  eta=12056s  finite=15932
  [warn] sample 4 failed: This a (0.41177654999999996), p0 (14.048025) and e0 (0.8958735) combination is outside of our domain of validity.
  [47550/100000]  elapsed=10928s  rate=4.4/s  eta=12054s  finite=15935
  [47560/100000]  elapsed=10930s  rate=4.4/s  eta=12051s  finite=15939
  [47570/100000]  elapsed=10932s  rate=4.4/s  eta=12049s  finite=15942
  [warn] sample 8 failed: 
  [47580/100000]  elapsed=10934s  rate=4.4/s  eta=12047s  finite=15947
  [warn] sample 0 failed: 
  [47590/100000]  elapsed=10937s  rate=4.4/s  eta=12044s  finite=15949
  [47600/100000]  elapsed=10939s  rate=4.4/s  eta=12042s  finite=15951
  -> checkpoint saved: /scratch/e1498138/paper/ext/emri_g/lhs_f/ckpt_047600.pkl
  [warn] sample 9 failed: 
  [47610/100000]  elapsed=10941s  rate=4.4/s  eta=12039s  finite=15954
  [warn] sample 4 failed: 
  [47620/100000]  elapsed=10943s  rate=4.4/s  eta=12037s  finite=15956
  [47630/100000]  elapsed=10945s  rate=4.4/s  eta=12035s  finite=15960
  [47640/100000]  elapsed=10948s  rate=4.4/s  eta=12033s  finite=15963
  [47650/100000]  elapsed=10950s  rate=4.4/s  eta=12030s  finite=15968
  [47660/100000]  elapsed=10952s  rate=4.4/s  eta=12028s  finite=15971
  [47670/100000]  elapsed=10955s  rate=4.4/s  eta=12026s  finite=15975
  [47680/100000]  elapsed=10957s  rate=4.4/s  eta=12023s  finite=15976
  [47690/100000]  elapsed=10959s  rate=4.4/s  eta=12021s  finite=15979
  [47700/100000]  elapsed=10962s  rate=4.4/s  eta=12019s  finite=15980
  -> checkpoint saved: /scratch/e1498138/paper/ext/emri_g/lhs_f/ckpt_047700.pkl
  [warn] sample 3 failed: 
  [47710/100000]  elapsed=10964s  rate=4.4/s  eta=12016s  finite=15985
  [47720/100000]  elapsed=10966s  rate=4.4/s  eta=12014s  finite=15988
  [warn] sample 2 failed: 
  [47730/100000]  elapsed=10968s  rate=4.4/s  eta=12012s  finite=15992
  [47740/100000]  elapsed=10970s  rate=4.4/s  eta=12009s  finite=15998
  [47750/100000]  elapsed=10973s  rate=4.4/s  eta=12007s  finite=16000
  [warn] sample 0 failed: 
  [47760/100000]  elapsed=10975s  rate=4.4/s  eta=12004s  finite=16003
  [47770/100000]  elapsed=10977s  rate=4.4/s  eta=12002s  finite=16009
  [47780/100000]  elapsed=10980s  rate=4.4/s  eta=12000s  finite=16014
  [47790/100000]  elapsed=10982s  rate=4.4/s  eta=11998s  finite=16018
  [47800/100000]  elapsed=10985s  rate=4.4/s  eta=11996s  finite=16023
  -> checkpoint saved: /scratch/e1498138/paper/ext/emri_g/lhs_f/ckpt_047800.pkl
  [47810/100000]  elapsed=10987s  rate=4.4/s  eta=11994s  finite=16025
  [47820/100000]  elapsed=10989s  rate=4.4/s  eta=11991s  finite=16029
  [47830/100000]  elapsed=10992s  rate=4.4/s  eta=11989s  finite=16032
  [47840/100000]  elapsed=10994s  rate=4.4/s  eta=11987s  finite=16034
  [warn] sample 9 failed: This a (0.5607613499999999), p0 (13.554075) and e0 (0.8927865) combination is outside of our domain of validity.
  [47850/100000]  elapsed=10996s  rate=4.4/s  eta=11984s  finite=16039
  [47860/100000]  elapsed=10998s  rate=4.4/s  eta=11982s  finite=16041
  [warn] sample 7 failed: 
  [47870/100000]  elapsed=11000s  rate=4.4/s  eta=11979s  finite=16044
  [47880/100000]  elapsed=11002s  rate=4.4/s  eta=11977s  finite=16048
  [47890/100000]  elapsed=11005s  rate=4.4/s  eta=11974s  finite=16052
  [warn] sample 8 failed: 
  [47900/100000]  elapsed=11007s  rate=4.4/s  eta=11972s  finite=16056
  -> checkpoint saved: /scratch/e1498138/paper/ext/emri_g/lhs_f/ckpt_047900.pkl
  [47910/100000]  elapsed=11009s  rate=4.4/s  eta=11970s  finite=16059
  [warn] sample 6 failed: This a (0.38201684999999996), p0 (14.781225) and e0 (0.8996505000000001) combination is outside of our domain of validity.
  [47920/100000]  elapsed=11011s  rate=4.4/s  eta=11967s  finite=16063
  [47930/100000]  elapsed=11014s  rate=4.4/s  eta=11965s  finite=16066
  [47940/100000]  elapsed=11016s  rate=4.4/s  eta=11963s  finite=16072
  [47950/100000]  elapsed=11018s  rate=4.4/s  eta=11960s  finite=16076
  [47960/100000]  elapsed=11020s  rate=4.4/s  eta=11958s  finite=16079
  [47970/100000]  elapsed=11023s  rate=4.4/s  eta=11955s  finite=16079
  [47980/100000]  elapsed=11025s  rate=4.4/s  eta=11953s  finite=16083
  [47990/100000]  elapsed=11027s  rate=4.4/s  eta=11951s  finite=16087
  [48000/100000]  elapsed=11030s  rate=4.4/s  eta=11949s  finite=16094
  -> checkpoint saved: /scratch/e1498138/paper/ext/emri_g/lhs_f/ckpt_048000.pkl
  [48010/100000]  elapsed=11032s  rate=4.4/s  eta=11946s  finite=16099
  [warn] sample 3 failed: 
  [48020/100000]  elapsed=11034s  rate=4.4/s  eta=11944s  finite=16104
  [warn] sample 4 failed: This a (0.38257575), p0 (14.110635) and e0 (0.8970585000000001) combination is outside of our domain of validity.
  [48030/100000]  elapsed=11036s  rate=4.4/s  eta=11941s  finite=16106
  [48040/100000]  elapsed=11038s  rate=4.4/s  eta=11939s  finite=16110
  [48050/100000]  elapsed=11041s  rate=4.4/s  eta=11937s  finite=16114
  [48060/100000]  elapsed=11043s  rate=4.4/s  eta=11934s  finite=16117
  [48070/100000]  elapsed=11045s  rate=4.4/s  eta=11932s  finite=16123
  [48080/100000]  elapsed=11047s  rate=4.4/s  eta=11930s  finite=16126
  [warn] sample 4 failed: 
  [48090/100000]  elapsed=11050s  rate=4.4/s  eta=11927s  finite=16129
  [48100/100000]  elapsed=11052s  rate=4.4/s  eta=11925s  finite=16135
  -> checkpoint saved: /scratch/e1498138/paper/ext/emri_g/lhs_f/ckpt_048100.pkl
  [48110/100000]  elapsed=11054s  rate=4.4/s  eta=11923s  finite=16139
  [warn] sample 3 failed: 
  [48120/100000]  elapsed=11056s  rate=4.4/s  eta=11920s  finite=16141
  [48130/100000]  elapsed=11059s  rate=4.4/s  eta=11918s  finite=16145
  [48140/100000]  elapsed=11061s  rate=4.4/s  eta=11916s  finite=16150
  [48150/100000]  elapsed=11063s  rate=4.4/s  eta=11914s  finite=16154
  [48160/100000]  elapsed=11066s  rate=4.4/s  eta=11911s  finite=16157
  [48170/100000]  elapsed=11068s  rate=4.4/s  eta=11909s  finite=16162
  [48180/100000]  elapsed=11071s  rate=4.4/s  eta=11907s  finite=16166
  [warn] sample 3 failed: 
  [48190/100000]  elapsed=11073s  rate=4.4/s  eta=11904s  finite=16170
  [48200/100000]  elapsed=11075s  rate=4.4/s  eta=11902s  finite=16171
  -> checkpoint saved: /scratch/e1498138/paper/ext/emri_g/lhs_f/ckpt_048200.pkl
  [48210/100000]  elapsed=11077s  rate=4.4/s  eta=11900s  finite=16173
  [48220/100000]  elapsed=11080s  rate=4.4/s  eta=11898s  finite=16178
  [48230/100000]  elapsed=11082s  rate=4.4/s  eta=11895s  finite=16182
  [warn] sample 3 failed: 
  [48240/100000]  elapsed=11084s  rate=4.4/s  eta=11893s  finite=16187
  [48250/100000]  elapsed=11086s  rate=4.4/s  eta=11891s  finite=16190
  [48260/100000]  elapsed=11089s  rate=4.4/s  eta=11888s  finite=16193
  [48270/100000]  elapsed=11091s  rate=4.4/s  eta=11886s  finite=16195
  [warn] sample 5 failed: 
  [48280/100000]  elapsed=11093s  rate=4.4/s  eta=11884s  finite=16198
  [48290/100000]  elapsed=11096s  rate=4.4/s  eta=11881s  finite=16202
  [48300/100000]  elapsed=11098s  rate=4.4/s  eta=11879s  finite=16206
  -> checkpoint saved: /scratch/e1498138/paper/ext/emri_g/lhs_f/ckpt_048300.pkl
  [warn] sample 4 failed: This a (0.66280545), p0 (13.523835) and e0 (0.8969475) combination is outside of our domain of validity.
  [48310/100000]  elapsed=11100s  rate=4.4/s  eta=11877s  finite=16211
  [warn] sample 2 failed: 
  [48320/100000]  elapsed=11102s  rate=4.4/s  eta=11874s  finite=16213
  [warn] sample 3 failed: 
  [48330/100000]  elapsed=11105s  rate=4.4/s  eta=11872s  finite=16216
  [48340/100000]  elapsed=11107s  rate=4.4/s  eta=11870s  finite=16219
  [warn] sample 9 failed: 
  [48350/100000]  elapsed=11109s  rate=4.4/s  eta=11867s  finite=16223
  [48360/100000]  elapsed=11111s  rate=4.4/s  eta=11865s  finite=16227
  [48370/100000]  elapsed=11114s  rate=4.4/s  eta=11863s  finite=16231
  [48380/100000]  elapsed=11116s  rate=4.4/s  eta=11860s  finite=16235
  [48390/100000]  elapsed=11118s  rate=4.4/s  eta=11858s  finite=16237
  [48400/100000]  elapsed=11121s  rate=4.4/s  eta=11856s  finite=16240
  -> checkpoint saved: /scratch/e1498138/paper/ext/emri_g/lhs_f/ckpt_048400.pkl
  [48410/100000]  elapsed=11123s  rate=4.4/s  eta=11853s  finite=16243
  [48420/100000]  elapsed=11125s  rate=4.4/s  eta=11851s  finite=16245
  [48430/100000]  elapsed=11127s  rate=4.4/s  eta=11849s  finite=16249
  [48440/100000]  elapsed=11130s  rate=4.4/s  eta=11847s  finite=16251
  [warn] sample 0 failed: 
  [48450/100000]  elapsed=11132s  rate=4.4/s  eta=11844s  finite=16252
  [48460/100000]  elapsed=11134s  rate=4.4/s  eta=11842s  finite=16255
  [48470/100000]  elapsed=11136s  rate=4.4/s  eta=11840s  finite=16260
  [warn] sample 5 failed: This a (0.38888235), p0 (14.124975) and e0 (0.8945445000000001) combination is outside of our domain of validity.
  [48480/100000]  elapsed=11139s  rate=4.4/s  eta=11837s  finite=16263
  [48490/100000]  elapsed=11141s  rate=4.4/s  eta=11835s  finite=16265
  [48500/100000]  elapsed=11143s  rate=4.4/s  eta=11833s  finite=16266
  -> checkpoint saved: /scratch/e1498138/paper/ext/emri_g/lhs_f/ckpt_048500.pkl
  [48510/100000]  elapsed=11146s  rate=4.4/s  eta=11830s  finite=16268
  [48520/100000]  elapsed=11148s  rate=4.4/s  eta=11828s  finite=16271
  [48530/100000]  elapsed=11150s  rate=4.4/s  eta=11826s  finite=16274
  [48540/100000]  elapsed=11153s  rate=4.4/s  eta=11823s  finite=16278
  [48550/100000]  elapsed=11155s  rate=4.4/s  eta=11821s  finite=16283
  [48560/100000]  elapsed=11157s  rate=4.4/s  eta=11819s  finite=16287
  [48570/100000]  elapsed=11160s  rate=4.4/s  eta=11817s  finite=16291
  [48580/100000]  elapsed=11162s  rate=4.4/s  eta=11814s  finite=16293
  [48590/100000]  elapsed=11164s  rate=4.4/s  eta=11812s  finite=16296
  [48600/100000]  elapsed=11166s  rate=4.4/s  eta=11810s  finite=16300
  -> checkpoint saved: /scratch/e1498138/paper/ext/emri_g/lhs_f/ckpt_048600.pkl
  [48610/100000]  elapsed=11169s  rate=4.4/s  eta=11807s  finite=16301
  [48620/100000]  elapsed=11171s  rate=4.4/s  eta=11805s  finite=16304
  [48630/100000]  elapsed=11173s  rate=4.4/s  eta=11803s  finite=16309
  [48640/100000]  elapsed=11176s  rate=4.4/s  eta=11801s  finite=16313
  [48650/100000]  elapsed=11178s  rate=4.4/s  eta=11799s  finite=16318
  [48660/100000]  elapsed=11180s  rate=4.4/s  eta=11796s  finite=16320
  [48670/100000]  elapsed=11183s  rate=4.4/s  eta=11794s  finite=16324
  [48680/100000]  elapsed=11185s  rate=4.4/s  eta=11792s  finite=16327
  [48690/100000]  elapsed=11187s  rate=4.4/s  eta=11789s  finite=16330
  [48700/100000]  elapsed=11190s  rate=4.4/s  eta=11787s  finite=16333
  -> checkpoint saved: /scratch/e1498138/paper/ext/emri_g/lhs_f/ckpt_048700.pkl
  [48710/100000]  elapsed=11192s  rate=4.4/s  eta=11785s  finite=16336
  [48720/100000]  elapsed=11194s  rate=4.4/s  eta=11782s  finite=16340
  [48730/100000]  elapsed=11196s  rate=4.4/s  eta=11780s  finite=16343
  [48740/100000]  elapsed=11199s  rate=4.4/s  eta=11778s  finite=16349
  [48750/100000]  elapsed=11201s  rate=4.4/s  eta=11776s  finite=16353
  [48760/100000]  elapsed=11203s  rate=4.4/s  eta=11773s  finite=16359
  [warn] sample 3 failed: 
  [48770/100000]  elapsed=11206s  rate=4.4/s  eta=11771s  finite=16362
  [48780/100000]  elapsed=11208s  rate=4.4/s  eta=11769s  finite=16365
  [48790/100000]  elapsed=11210s  rate=4.4/s  eta=11766s  finite=16368
  [48800/100000]  elapsed=11213s  rate=4.4/s  eta=11764s  finite=16371
  -> checkpoint saved: /scratch/e1498138/paper/ext/emri_g/lhs_f/ckpt_048800.pkl
  [48810/100000]  elapsed=11215s  rate=4.4/s  eta=11762s  finite=16375
  [48820/100000]  elapsed=11217s  rate=4.4/s  eta=11759s  finite=16377
  [warn] sample 6 failed: 
  [48830/100000]  elapsed=11219s  rate=4.4/s  eta=11757s  finite=16378
  [48840/100000]  elapsed=11222s  rate=4.4/s  eta=11755s  finite=16383
  [warn] sample 4 failed: 
  [48850/100000]  elapsed=11224s  rate=4.4/s  eta=11752s  finite=16387
  [48860/100000]  elapsed=11226s  rate=4.4/s  eta=11750s  finite=16390
  [48870/100000]  elapsed=11229s  rate=4.4/s  eta=11748s  finite=16394
  [48880/100000]  elapsed=11231s  rate=4.4/s  eta=11745s  finite=16397
  [48890/100000]  elapsed=11233s  rate=4.4/s  eta=11743s  finite=16402
  [48900/100000]  elapsed=11235s  rate=4.4/s  eta=11741s  finite=16407
  -> checkpoint saved: /scratch/e1498138/paper/ext/emri_g/lhs_f/ckpt_048900.pkl
  [48910/100000]  elapsed=11238s  rate=4.4/s  eta=11739s  finite=16410
  [48920/100000]  elapsed=11240s  rate=4.4/s  eta=11736s  finite=16413
  [warn] sample 0 failed: This a (0.47209635), p0 (13.713015) and e0 (0.8939685) combination is outside of our domain of validity.
  [48930/100000]  elapsed=11242s  rate=4.4/s  eta=11734s  finite=16417
  [warn] sample 4 failed: 
  [48940/100000]  elapsed=11244s  rate=4.4/s  eta=11731s  finite=16421
  [48950/100000]  elapsed=11247s  rate=4.4/s  eta=11729s  finite=16426
  [48960/100000]  elapsed=11249s  rate=4.4/s  eta=11727s  finite=16428
  [48970/100000]  elapsed=11251s  rate=4.4/s  eta=11725s  finite=16433
  [48980/100000]  elapsed=11254s  rate=4.4/s  eta=11723s  finite=16436
  [48990/100000]  elapsed=11256s  rate=4.4/s  eta=11720s  finite=16438
  [49000/100000]  elapsed=11258s  rate=4.4/s  eta=11718s  finite=16443
  -> checkpoint saved: /scratch/e1498138/paper/ext/emri_g/lhs_f/ckpt_049000.pkl
  [49010/100000]  elapsed=11261s  rate=4.4/s  eta=11716s  finite=16449
  [warn] sample 7 failed: 
  [49020/100000]  elapsed=11263s  rate=4.4/s  eta=11713s  finite=16452
  [49030/100000]  elapsed=11265s  rate=4.4/s  eta=11711s  finite=16455
  [49040/100000]  elapsed=11267s  rate=4.4/s  eta=11709s  finite=16458
  [49050/100000]  elapsed=11270s  rate=4.4/s  eta=11706s  finite=16459
  [49060/100000]  elapsed=11272s  rate=4.4/s  eta=11704s  finite=16462
  [49070/100000]  elapsed=11274s  rate=4.4/s  eta=11702s  finite=16465
  [49080/100000]  elapsed=11276s  rate=4.4/s  eta=11699s  finite=16468
  [warn] sample 7 failed: 
  [49090/100000]  elapsed=11279s  rate=4.4/s  eta=11697s  finite=16470
  [warn] sample 7 failed: 
  [49100/100000]  elapsed=11281s  rate=4.4/s  eta=11695s  finite=16473
  -> checkpoint saved: /scratch/e1498138/paper/ext/emri_g/lhs_f/ckpt_049100.pkl
  [49110/100000]  elapsed=11283s  rate=4.4/s  eta=11692s  finite=16479
  [49120/100000]  elapsed=11286s  rate=4.4/s  eta=11690s  finite=16482
  [49130/100000]  elapsed=11288s  rate=4.4/s  eta=11688s  finite=16486
  [49140/100000]  elapsed=11291s  rate=4.4/s  eta=11686s  finite=16493
  [49150/100000]  elapsed=11293s  rate=4.4/s  eta=11683s  finite=16496
  [49160/100000]  elapsed=11295s  rate=4.4/s  eta=11681s  finite=16502
  [warn] sample 2 failed: This a (0.49727445), p0 (14.038755) and e0 (0.8953005) combination is outside of our domain of validity.
  [49170/100000]  elapsed=11297s  rate=4.4/s  eta=11679s  finite=16502
  [49180/100000]  elapsed=11299s  rate=4.4/s  eta=11676s  finite=16505
  [warn] sample 3 failed: 
  [49190/100000]  elapsed=11302s  rate=4.4/s  eta=11674s  finite=16508
  [49200/100000]  elapsed=11304s  rate=4.4/s  eta=11672s  finite=16512
  -> checkpoint saved: /scratch/e1498138/paper/ext/emri_g/lhs_f/ckpt_049200.pkl
  [49210/100000]  elapsed=11306s  rate=4.4/s  eta=11669s  finite=16518
  [49220/100000]  elapsed=11309s  rate=4.4/s  eta=11667s  finite=16522
  [49230/100000]  elapsed=11311s  rate=4.4/s  eta=11665s  finite=16527
  [49240/100000]  elapsed=11313s  rate=4.4/s  eta=11663s  finite=16532
  [49250/100000]  elapsed=11316s  rate=4.4/s  eta=11660s  finite=16536
  [warn] sample 2 failed: 
  [49260/100000]  elapsed=11318s  rate=4.4/s  eta=11658s  finite=16537
  [49270/100000]  elapsed=11320s  rate=4.4/s  eta=11655s  finite=16540
  [49280/100000]  elapsed=11322s  rate=4.4/s  eta=11653s  finite=16545
  [49290/100000]  elapsed=11325s  rate=4.4/s  eta=11651s  finite=16550
  [warn] sample 7 failed: 
  [49300/100000]  elapsed=11327s  rate=4.4/s  eta=11648s  finite=16555
  -> checkpoint saved: /scratch/e1498138/paper/ext/emri_g/lhs_f/ckpt_049300.pkl
  [49310/100000]  elapsed=11329s  rate=4.4/s  eta=11646s  finite=16563
  [49320/100000]  elapsed=11332s  rate=4.4/s  eta=11644s  finite=16566
  [warn] sample 1 failed: This a (0.30007934999999997), p0 (13.852455) and e0 (0.8862795000000001) combination is outside of our domain of validity.
  [49330/100000]  elapsed=11334s  rate=4.4/s  eta=11642s  finite=16571
  [49340/100000]  elapsed=11336s  rate=4.4/s  eta=11639s  finite=16575
  [49350/100000]  elapsed=11338s  rate=4.4/s  eta=11637s  finite=16578
  [49360/100000]  elapsed=11341s  rate=4.4/s  eta=11635s  finite=16579
  [49370/100000]  elapsed=11343s  rate=4.4/s  eta=11632s  finite=16582
  [49380/100000]  elapsed=11345s  rate=4.4/s  eta=11630s  finite=16584
  [49390/100000]  elapsed=11347s  rate=4.4/s  eta=11628s  finite=16588
  [warn] sample 2 failed: 
  [warn] sample 9 failed: 
  [49400/100000]  elapsed=11350s  rate=4.4/s  eta=11625s  finite=16589
  -> checkpoint saved: /scratch/e1498138/paper/ext/emri_g/lhs_f/ckpt_049400.pkl
  [49410/100000]  elapsed=11352s  rate=4.4/s  eta=11623s  finite=16590
  [warn] sample 2 failed: 
  [warn] sample 7 failed: 
  [49420/100000]  elapsed=11354s  rate=4.4/s  eta=11620s  finite=16591
  [warn] sample 5 failed: This a (0.34177605), p0 (13.629375) and e0 (0.8930355000000001) combination is outside of our domain of validity.
  [49430/100000]  elapsed=11356s  rate=4.4/s  eta=11618s  finite=16595
  [49440/100000]  elapsed=11359s  rate=4.4/s  eta=11616s  finite=16598
  [warn] sample 4 failed: 
  [49450/100000]  elapsed=11361s  rate=4.4/s  eta=11613s  finite=16598
  [49460/100000]  elapsed=11363s  rate=4.4/s  eta=11611s  finite=16600
  [warn] sample 4 failed: 
  [49470/100000]  elapsed=11365s  rate=4.4/s  eta=11608s  finite=16601
  [49480/100000]  elapsed=11367s  rate=4.4/s  eta=11606s  finite=16603
  [49490/100000]  elapsed=11370s  rate=4.4/s  eta=11604s  finite=16604
  [warn] sample 0 failed: 
  [49500/100000]  elapsed=11372s  rate=4.4/s  eta=11602s  finite=16605
  -> checkpoint saved: /scratch/e1498138/paper/ext/emri_g/lhs_f/ckpt_049500.pkl
  [49510/100000]  elapsed=11374s  rate=4.4/s  eta=11600s  finite=16607
  [49520/100000]  elapsed=11377s  rate=4.4/s  eta=11597s  finite=16608
  [warn] sample 8 failed: 
  [49530/100000]  elapsed=11379s  rate=4.4/s  eta=11595s  finite=16610
  [49540/100000]  elapsed=11381s  rate=4.4/s  eta=11593s  finite=16613
  [49550/100000]  elapsed=11384s  rate=4.4/s  eta=11590s  finite=16617
  [49560/100000]  elapsed=11386s  rate=4.4/s  eta=11588s  finite=16621
  [49570/100000]  elapsed=11388s  rate=4.4/s  eta=11586s  finite=16624
  [warn] sample 9 failed: 
  [49580/100000]  elapsed=11390s  rate=4.4/s  eta=11583s  finite=16628
  [49590/100000]  elapsed=11393s  rate=4.4/s  eta=11581s  finite=16633
  [49600/100000]  elapsed=11395s  rate=4.4/s  eta=11579s  finite=16635
  -> checkpoint saved: /scratch/e1498138/paper/ext/emri_g/lhs_f/ckpt_049600.pkl
  [49610/100000]  elapsed=11397s  rate=4.4/s  eta=11576s  finite=16637
  [49620/100000]  elapsed=11399s  rate=4.4/s  eta=11574s  finite=16641
  [warn] sample 3 failed: 
  [warn] sample 7 failed: 
  [49630/100000]  elapsed=11402s  rate=4.4/s  eta=11572s  finite=16645
  [49640/100000]  elapsed=11404s  rate=4.4/s  eta=11569s  finite=16647
  [49650/100000]  elapsed=11406s  rate=4.4/s  eta=11567s  finite=16648
  [49660/100000]  elapsed=11409s  rate=4.4/s  eta=11565s  finite=16652
  [49670/100000]  elapsed=11411s  rate=4.4/s  eta=11562s  finite=16655
  [49680/100000]  elapsed=11413s  rate=4.4/s  eta=11560s  finite=16657
  [warn] sample 5 failed: 
  [49690/100000]  elapsed=11415s  rate=4.4/s  eta=11558s  finite=16661
  [49700/100000]  elapsed=11418s  rate=4.4/s  eta=11556s  finite=16664
  -> checkpoint saved: /scratch/e1498138/paper/ext/emri_g/lhs_f/ckpt_049700.pkl
  [warn] sample 5 failed: 
  [49710/100000]  elapsed=11420s  rate=4.4/s  eta=11553s  finite=16667
  [warn] sample 5 failed: 
  [49720/100000]  elapsed=11422s  rate=4.4/s  eta=11551s  finite=16670
  [49730/100000]  elapsed=11424s  rate=4.4/s  eta=11548s  finite=16673
  [49740/100000]  elapsed=11427s  rate=4.4/s  eta=11546s  finite=16677
  [49750/100000]  elapsed=11429s  rate=4.4/s  eta=11544s  finite=16679
  [49760/100000]  elapsed=11431s  rate=4.4/s  eta=11542s  finite=16684
  [49770/100000]  elapsed=11434s  rate=4.4/s  eta=11539s  finite=16688
  [warn] sample 6 failed: This a (0.48780765), p0 (14.055435) and e0 (0.8990415) combination is outside of our domain of validity.
  [49780/100000]  elapsed=11436s  rate=4.4/s  eta=11537s  finite=16694
  [49790/100000]  elapsed=11438s  rate=4.4/s  eta=11535s  finite=16696
  [warn] sample 4 failed: 
  [49800/100000]  elapsed=11440s  rate=4.4/s  eta=11532s  finite=16697
  -> checkpoint saved: /scratch/e1498138/paper/ext/emri_g/lhs_f/ckpt_049800.pkl
  [warn] sample 2 failed: 
  [49810/100000]  elapsed=11442s  rate=4.4/s  eta=11530s  finite=16702
  [49820/100000]  elapsed=11445s  rate=4.4/s  eta=11527s  finite=16704
  [warn] sample 1 failed: 
  [49830/100000]  elapsed=11447s  rate=4.4/s  eta=11525s  finite=16707
  [warn] sample 2 failed: This a (0.36721634999999997), p0 (13.656945) and e0 (0.8861685000000001) combination is outside of our domain of validity.
  [49840/100000]  elapsed=11449s  rate=4.4/s  eta=11522s  finite=16708
  [49850/100000]  elapsed=11451s  rate=4.4/s  eta=11520s  finite=16711
  [49860/100000]  elapsed=11453s  rate=4.4/s  eta=11518s  finite=16714
  [49870/100000]  elapsed=11456s  rate=4.4/s  eta=11515s  finite=16719
  [49880/100000]  elapsed=11458s  rate=4.4/s  eta=11513s  finite=16727
  [49890/100000]  elapsed=11460s  rate=4.4/s  eta=11511s  finite=16729
  [49900/100000]  elapsed=11463s  rate=4.4/s  eta=11509s  finite=16734
  -> checkpoint saved: /scratch/e1498138/paper/ext/emri_g/lhs_f/ckpt_049900.pkl
  [49910/100000]  elapsed=11465s  rate=4.4/s  eta=11506s  finite=16737
  [49920/100000]  elapsed=11467s  rate=4.4/s  eta=11504s  finite=16741
  [warn] sample 4 failed: This a (0.33279915), p0 (13.609695) and e0 (0.8886915) combination is outside of our domain of validity.
  [49930/100000]  elapsed=11469s  rate=4.4/s  eta=11502s  finite=16745
  [49940/100000]  elapsed=11472s  rate=4.4/s  eta=11499s  finite=16748
  [49950/100000]  elapsed=11474s  rate=4.4/s  eta=11497s  finite=16753
  [49960/100000]  elapsed=11477s  rate=4.4/s  eta=11495s  finite=16758
  [49970/100000]  elapsed=11479s  rate=4.4/s  eta=11493s  finite=16761
  [warn] sample 2 failed: This a (0.30214935), p0 (13.619475) and e0 (0.8972565) combination is outside of our domain of validity.
  [49980/100000]  elapsed=11481s  rate=4.4/s  eta=11490s  finite=16764
  [49990/100000]  elapsed=11483s  rate=4.4/s  eta=11488s  finite=16768
  [50000/100000]  elapsed=11486s  rate=4.4/s  eta=11486s  finite=16769
  -> checkpoint saved: /scratch/e1498138/paper/ext/emri_g/lhs_f/ckpt_050000.pkl
  [50010/100000]  elapsed=11488s  rate=4.4/s  eta=11483s  finite=16773
  [50020/100000]  elapsed=11490s  rate=4.4/s  eta=11481s  finite=16776
  [50030/100000]  elapsed=11493s  rate=4.4/s  eta=11479s  finite=16780
  [50040/100000]  elapsed=11495s  rate=4.4/s  eta=11476s  finite=16784
  [50050/100000]  elapsed=11497s  rate=4.4/s  eta=11474s  finite=16789
  [50060/100000]  elapsed=11500s  rate=4.4/s  eta=11472s  finite=16793
  [warn] sample 4 failed: This a (0.51224745), p0 (13.532205) and e0 (0.8967915000000001) combination is outside of our domain of validity.
  [50070/100000]  elapsed=11502s  rate=4.4/s  eta=11470s  finite=16798
  [50080/100000]  elapsed=11505s  rate=4.4/s  eta=11468s  finite=16801
  [50090/100000]  elapsed=11507s  rate=4.4/s  eta=11466s  finite=16804
  [50100/100000]  elapsed=11509s  rate=4.4/s  eta=11463s  finite=16807
  -> checkpoint saved: /scratch/e1498138/paper/ext/emri_g/lhs_f/ckpt_050100.pkl
  [50110/100000]  elapsed=11511s  rate=4.4/s  eta=11461s  finite=16811
  [50120/100000]  elapsed=11514s  rate=4.4/s  eta=11459s  finite=16812
  [50130/100000]  elapsed=11516s  rate=4.4/s  eta=11456s  finite=16815
  [warn] sample 5 failed: This a (0.33842265), p0 (14.092545) and e0 (0.8940855000000001) combination is outside of our domain of validity.
  [50140/100000]  elapsed=11518s  rate=4.4/s  eta=11454s  finite=16816
  [warn] sample 2 failed: 
  [50150/100000]  elapsed=11520s  rate=4.4/s  eta=11451s  finite=16821
  [warn] sample 0 failed: This a (0.44748405), p0 (13.767735) and e0 (0.8898885000000001) combination is outside of our domain of validity.
  [warn] sample 1 failed: 
  [50160/100000]  elapsed=11522s  rate=4.4/s  eta=11449s  finite=16826
  [50170/100000]  elapsed=11525s  rate=4.4/s  eta=11447s  finite=16830
  [50180/100000]  elapsed=11527s  rate=4.4/s  eta=11444s  finite=16834
  [50190/100000]  elapsed=11529s  rate=4.4/s  eta=11442s  finite=16834
  [50200/100000]  elapsed=11532s  rate=4.4/s  eta=11440s  finite=16839
  -> checkpoint saved: /scratch/e1498138/paper/ext/emri_g/lhs_f/ckpt_050200.pkl
  [50210/100000]  elapsed=11534s  rate=4.4/s  eta=11437s  finite=16843
  [warn] sample 6 failed: 
  [50220/100000]  elapsed=11536s  rate=4.4/s  eta=11435s  finite=16848
  [50230/100000]  elapsed=11538s  rate=4.4/s  eta=11432s  finite=16851
  [warn] sample 3 failed: 
  [50240/100000]  elapsed=11540s  rate=4.4/s  eta=11430s  finite=16853
  [50250/100000]  elapsed=11543s  rate=4.4/s  eta=11428s  finite=16857
  [50260/100000]  elapsed=11545s  rate=4.4/s  eta=11425s  finite=16860
  [50270/100000]  elapsed=11547s  rate=4.4/s  eta=11423s  finite=16864
  [50280/100000]  elapsed=11550s  rate=4.4/s  eta=11421s  finite=16867
  [50290/100000]  elapsed=11552s  rate=4.4/s  eta=11419s  finite=16869
  [50300/100000]  elapsed=11554s  rate=4.4/s  eta=11416s  finite=16873
  -> checkpoint saved: /scratch/e1498138/paper/ext/emri_g/lhs_f/ckpt_050300.pkl
  [50310/100000]  elapsed=11556s  rate=4.4/s  eta=11414s  finite=16875
  [50320/100000]  elapsed=11559s  rate=4.4/s  eta=11412s  finite=16877
  [50330/100000]  elapsed=11561s  rate=4.4/s  eta=11409s  finite=16881
  [warn] sample 1 failed: 
  [50340/100000]  elapsed=11563s  rate=4.4/s  eta=11407s  finite=16885
  [50350/100000]  elapsed=11565s  rate=4.4/s  eta=11405s  finite=16887
  [warn] sample 5 failed: 
  [warn] sample 7 failed: 
  [50360/100000]  elapsed=11567s  rate=4.4/s  eta=11402s  finite=16890
  [50370/100000]  elapsed=11570s  rate=4.4/s  eta=11400s  finite=16894
  [warn] sample 4 failed: 
  [50380/100000]  elapsed=11572s  rate=4.4/s  eta=11397s  finite=16898
  [50390/100000]  elapsed=11574s  rate=4.4/s  eta=11395s  finite=16901
  [50400/100000]  elapsed=11576s  rate=4.4/s  eta=11393s  finite=16905
  -> checkpoint saved: /scratch/e1498138/paper/ext/emri_g/lhs_f/ckpt_050400.pkl
  [50410/100000]  elapsed=11579s  rate=4.4/s  eta=11391s  finite=16909
  [50420/100000]  elapsed=11581s  rate=4.4/s  eta=11388s  finite=16911
  [50430/100000]  elapsed=11583s  rate=4.4/s  eta=11386s  finite=16913
  [warn] sample 1 failed: 
  [50440/100000]  elapsed=11586s  rate=4.4/s  eta=11383s  finite=16915
  [50450/100000]  elapsed=11588s  rate=4.4/s  eta=11381s  finite=16916
  [warn] sample 3 failed: 
  [50460/100000]  elapsed=11590s  rate=4.4/s  eta=11379s  finite=16917
  [50470/100000]  elapsed=11592s  rate=4.4/s  eta=11376s  finite=16921
  [warn] sample 3 failed: This a (0.32574735), p0 (13.859625) and e0 (0.8927895000000001) combination is outside of our domain of validity.
  [warn] sample 5 failed: 
  [50480/100000]  elapsed=11594s  rate=4.4/s  eta=11374s  finite=16925
  [50490/100000]  elapsed=11597s  rate=4.4/s  eta=11372s  finite=16928
  [50500/100000]  elapsed=11599s  rate=4.4/s  eta=11369s  finite=16929
  -> checkpoint saved: /scratch/e1498138/paper/ext/emri_g/lhs_f/ckpt_050500.pkl
  [50510/100000]  elapsed=11601s  rate=4.4/s  eta=11367s  finite=16932
  [50520/100000]  elapsed=11604s  rate=4.4/s  eta=11365s  finite=16935
  [50530/100000]  elapsed=11606s  rate=4.4/s  eta=11362s  finite=16940
  [50540/100000]  elapsed=11608s  rate=4.4/s  eta=11360s  finite=16947
  [warn] sample 2 failed: 
  [50550/100000]  elapsed=11610s  rate=4.4/s  eta=11358s  finite=16951
  [warn] sample 0 failed: 
  [50560/100000]  elapsed=11612s  rate=4.4/s  eta=11355s  finite=16954
  [50570/100000]  elapsed=11615s  rate=4.4/s  eta=11353s  finite=16957
  [warn] sample 7 failed: 
  [50580/100000]  elapsed=11617s  rate=4.4/s  eta=11351s  finite=16963
  [50590/100000]  elapsed=11619s  rate=4.4/s  eta=11348s  finite=16965
  [warn] sample 4 failed: This a (0.39267735), p0 (14.227245) and e0 (0.8932215000000001) combination is outside of our domain of validity.
  [50600/100000]  elapsed=11621s  rate=4.4/s  eta=11346s  finite=16966
  -> checkpoint saved: /scratch/e1498138/paper/ext/emri_g/lhs_f/ckpt_050600.pkl
  [50610/100000]  elapsed=11624s  rate=4.4/s  eta=11344s  finite=16967
  [50620/100000]  elapsed=11626s  rate=4.4/s  eta=11341s  finite=16970
  [50630/100000]  elapsed=11628s  rate=4.4/s  eta=11339s  finite=16972
  [50640/100000]  elapsed=11631s  rate=4.4/s  eta=11337s  finite=16977
  [50650/100000]  elapsed=11633s  rate=4.4/s  eta=11334s  finite=16979
  [50660/100000]  elapsed=11635s  rate=4.4/s  eta=11332s  finite=16983
  [50670/100000]  elapsed=11638s  rate=4.4/s  eta=11330s  finite=16987
  [warn] sample 4 failed: 
  [50680/100000]  elapsed=11640s  rate=4.4/s  eta=11328s  finite=16993
  [50690/100000]  elapsed=11642s  rate=4.4/s  eta=11325s  finite=16994
  [50700/100000]  elapsed=11644s  rate=4.4/s  eta=11323s  finite=16998
  -> checkpoint saved: /scratch/e1498138/paper/ext/emri_g/lhs_f/ckpt_050700.pkl
  [50710/100000]  elapsed=11647s  rate=4.4/s  eta=11321s  finite=17002
  [50720/100000]  elapsed=11649s  rate=4.4/s  eta=11318s  finite=17006
  [50730/100000]  elapsed=11651s  rate=4.4/s  eta=11316s  finite=17009
  [50740/100000]  elapsed=11654s  rate=4.4/s  eta=11314s  finite=17012
  [50750/100000]  elapsed=11656s  rate=4.4/s  eta=11312s  finite=17015
  [warn] sample 9 failed: 
  [50760/100000]  elapsed=11658s  rate=4.4/s  eta=11309s  finite=17022
  [warn] sample 3 failed: 
  [50770/100000]  elapsed=11660s  rate=4.4/s  eta=11307s  finite=17025
  [50780/100000]  elapsed=11663s  rate=4.4/s  eta=11304s  finite=17026
  [50790/100000]  elapsed=11665s  rate=4.4/s  eta=11302s  finite=17028
  [warn] sample 3 failed: 
  [50800/100000]  elapsed=11667s  rate=4.4/s  eta=11299s  finite=17031
  -> checkpoint saved: /scratch/e1498138/paper/ext/emri_g/lhs_f/ckpt_050800.pkl
  [50810/100000]  elapsed=11669s  rate=4.4/s  eta=11297s  finite=17034
  [50820/100000]  elapsed=11672s  rate=4.4/s  eta=11295s  finite=17036
  [50830/100000]  elapsed=11674s  rate=4.4/s  eta=11293s  finite=17040
  [warn] sample 4 failed: 
  [50840/100000]  elapsed=11676s  rate=4.4/s  eta=11290s  finite=17040
  [50850/100000]  elapsed=11678s  rate=4.4/s  eta=11288s  finite=17043
  [50860/100000]  elapsed=11681s  rate=4.4/s  eta=11286s  finite=17046
  [50870/100000]  elapsed=11683s  rate=4.4/s  eta=11283s  finite=17052
  [warn] sample 8 failed: 
  [50880/100000]  elapsed=11685s  rate=4.4/s  eta=11281s  finite=17056
  [50890/100000]  elapsed=11687s  rate=4.4/s  eta=11279s  finite=17061
  [50900/100000]  elapsed=11690s  rate=4.4/s  eta=11276s  finite=17064
  -> checkpoint saved: /scratch/e1498138/paper/ext/emri_g/lhs_f/ckpt_050900.pkl
  [50910/100000]  elapsed=11692s  rate=4.4/s  eta=11274s  finite=17067
  [warn] sample 1 failed: 
  [50920/100000]  elapsed=11694s  rate=4.4/s  eta=11272s  finite=17070
  [50930/100000]  elapsed=11697s  rate=4.4/s  eta=11269s  finite=17076
  [50940/100000]  elapsed=11699s  rate=4.4/s  eta=11268s  finite=17079
  [50950/100000]  elapsed=11702s  rate=4.4/s  eta=11265s  finite=17083
  [warn] sample 9 failed: This a (0.37046625), p0 (13.708065) and e0 (0.8884965) combination is outside of our domain of validity.
  [50960/100000]  elapsed=11704s  rate=4.4/s  eta=11263s  finite=17085
  [warn] sample 2 failed: This a (0.35883285), p0 (14.040585) and e0 (0.8931255) combination is outside of our domain of validity.
  [warn] sample 6 failed: 
  [50970/100000]  elapsed=11706s  rate=4.4/s  eta=11260s  finite=17087
  [50980/100000]  elapsed=11708s  rate=4.4/s  eta=11258s  finite=17089
  [50990/100000]  elapsed=11710s  rate=4.4/s  eta=11255s  finite=17095
  [51000/100000]  elapsed=11712s  rate=4.4/s  eta=11253s  finite=17099
  -> checkpoint saved: /scratch/e1498138/paper/ext/emri_g/lhs_f/ckpt_051000.pkl
  [warn] sample 7 failed: This a (0.38613615), p0 (14.074935) and e0 (0.8993565000000001) combination is outside of our domain of validity.
  [51010/100000]  elapsed=11715s  rate=4.4/s  eta=11251s  finite=17102
  [51020/100000]  elapsed=11717s  rate=4.4/s  eta=11248s  finite=17107
  [51030/100000]  elapsed=11719s  rate=4.4/s  eta=11246s  finite=17109
  [51040/100000]  elapsed=11722s  rate=4.4/s  eta=11244s  finite=17111
  [warn] sample 0 failed: 
  [warn] sample 8 failed: 
  [51050/100000]  elapsed=11724s  rate=4.4/s  eta=11241s  finite=17112
  [warn] sample 4 failed: This a (0.44520015), p0 (13.508295) and e0 (0.8939715) combination is outside of our domain of validity.
  [51060/100000]  elapsed=11726s  rate=4.4/s  eta=11239s  finite=17114
  [warn] sample 8 failed: 
  [51070/100000]  elapsed=11728s  rate=4.4/s  eta=11236s  finite=17117
  [51080/100000]  elapsed=11730s  rate=4.4/s  eta=11234s  finite=17118
  [51090/100000]  elapsed=11732s  rate=4.4/s  eta=11232s  finite=17121
  [51100/100000]  elapsed=11735s  rate=4.4/s  eta=11229s  finite=17125
  -> checkpoint saved: /scratch/e1498138/paper/ext/emri_g/lhs_f/ckpt_051100.pkl
  [51110/100000]  elapsed=11737s  rate=4.4/s  eta=11227s  finite=17129
  [51120/100000]  elapsed=11739s  rate=4.4/s  eta=11225s  finite=17130
  [51130/100000]  elapsed=11742s  rate=4.4/s  eta=11223s  finite=17133
  [51140/100000]  elapsed=11744s  rate=4.4/s  eta=11220s  finite=17137
  [warn] sample 3 failed: 
  [51150/100000]  elapsed=11746s  rate=4.4/s  eta=11218s  finite=17141
  [warn] sample 2 failed: 
  [51160/100000]  elapsed=11748s  rate=4.4/s  eta=11215s  finite=17143
  [51170/100000]  elapsed=11751s  rate=4.4/s  eta=11213s  finite=17146
  [warn] sample 9 failed: 
  [51180/100000]  elapsed=11753s  rate=4.4/s  eta=11211s  finite=17149
  [51190/100000]  elapsed=11755s  rate=4.4/s  eta=11209s  finite=17153
  [51200/100000]  elapsed=11758s  rate=4.4/s  eta=11206s  finite=17156
  -> checkpoint saved: /scratch/e1498138/paper/ext/emri_g/lhs_f/ckpt_051200.pkl
  [warn] sample 8 failed: 
  [51210/100000]  elapsed=11760s  rate=4.4/s  eta=11204s  finite=17156
  [51220/100000]  elapsed=11762s  rate=4.4/s  eta=11202s  finite=17159
  [51230/100000]  elapsed=11764s  rate=4.4/s  eta=11199s  finite=17162
  [51240/100000]  elapsed=11767s  rate=4.4/s  eta=11197s  finite=17167
  [51250/100000]  elapsed=11769s  rate=4.4/s  eta=11195s  finite=17169
  [51260/100000]  elapsed=11771s  rate=4.4/s  eta=11193s  finite=17171
  [51270/100000]  elapsed=11774s  rate=4.4/s  eta=11190s  finite=17174
  [51280/100000]  elapsed=11776s  rate=4.4/s  eta=11188s  finite=17178
  [warn] sample 4 failed: 
  [51290/100000]  elapsed=11778s  rate=4.4/s  eta=11186s  finite=17182
  [51300/100000]  elapsed=11781s  rate=4.4/s  eta=11184s  finite=17184
  -> checkpoint saved: /scratch/e1498138/paper/ext/emri_g/lhs_f/ckpt_051300.pkl
  [51310/100000]  elapsed=11783s  rate=4.4/s  eta=11181s  finite=17187
  [51320/100000]  elapsed=11785s  rate=4.4/s  eta=11179s  finite=17189
  [51330/100000]  elapsed=11788s  rate=4.4/s  eta=11177s  finite=17191
  [51340/100000]  elapsed=11790s  rate=4.4/s  eta=11175s  finite=17193
  [warn] sample 5 failed: This a (0.44784975), p0 (14.032634999999999) and e0 (0.8935815) combination is outside of our domain of validity.
  [51350/100000]  elapsed=11792s  rate=4.4/s  eta=11172s  finite=17195
  [51360/100000]  elapsed=11794s  rate=4.4/s  eta=11170s  finite=17199
  [51370/100000]  elapsed=11798s  rate=4.4/s  eta=11168s  finite=17203
  [51380/100000]  elapsed=11800s  rate=4.4/s  eta=11166s  finite=17206
  [51390/100000]  elapsed=11802s  rate=4.4/s  eta=11164s  finite=17210
  [warn] sample 9 failed: 
  [51400/100000]  elapsed=11805s  rate=4.4/s  eta=11162s  finite=17215
  -> checkpoint saved: /scratch/e1498138/paper/ext/emri_g/lhs_f/ckpt_051400.pkl
  [51410/100000]  elapsed=11807s  rate=4.4/s  eta=11159s  finite=17217
  [51420/100000]  elapsed=11809s  rate=4.4/s  eta=11157s  finite=17222
  [51430/100000]  elapsed=11812s  rate=4.4/s  eta=11155s  finite=17226
  [51440/100000]  elapsed=11814s  rate=4.4/s  eta=11153s  finite=17227
  [51450/100000]  elapsed=11816s  rate=4.4/s  eta=11150s  finite=17231
  [51460/100000]  elapsed=11819s  rate=4.4/s  eta=11148s  finite=17235
  [51470/100000]  elapsed=11821s  rate=4.4/s  eta=11146s  finite=17237
  [51480/100000]  elapsed=11824s  rate=4.4/s  eta=11144s  finite=17242
  [51490/100000]  elapsed=11826s  rate=4.4/s  eta=11142s  finite=17244
  [51500/100000]  elapsed=11828s  rate=4.4/s  eta=11139s  finite=17248
  -> checkpoint saved: /scratch/e1498138/paper/ext/emri_g/lhs_f/ckpt_051500.pkl
  [51510/100000]  elapsed=11831s  rate=4.4/s  eta=11137s  finite=17248
  [51520/100000]  elapsed=11833s  rate=4.4/s  eta=11135s  finite=17251
  [51530/100000]  elapsed=11835s  rate=4.4/s  eta=11132s  finite=17251
  [51540/100000]  elapsed=11838s  rate=4.4/s  eta=11130s  finite=17255
  [51550/100000]  elapsed=11840s  rate=4.4/s  eta=11128s  finite=17257
  [51560/100000]  elapsed=11842s  rate=4.4/s  eta=11126s  finite=17258
  [51570/100000]  elapsed=11845s  rate=4.4/s  eta=11123s  finite=17261
  [51580/100000]  elapsed=11847s  rate=4.4/s  eta=11121s  finite=17263
  [warn] sample 0 failed: 
  [51590/100000]  elapsed=11849s  rate=4.4/s  eta=11119s  finite=17268
  [51600/100000]  elapsed=11851s  rate=4.4/s  eta=11117s  finite=17273
  -> checkpoint saved: /scratch/e1498138/paper/ext/emri_g/lhs_f/ckpt_051600.pkl
  [51610/100000]  elapsed=11854s  rate=4.4/s  eta=11114s  finite=17276
  [51620/100000]  elapsed=11856s  rate=4.4/s  eta=11112s  finite=17280
  [warn] sample 1 failed: This a (0.44200545), p0 (14.724435) and e0 (0.8989095) combination is outside of our domain of validity.
  [warn] sample 4 failed: This a (0.46000065), p0 (13.726215) and e0 (0.8986845000000001) combination is outside of our domain of validity.
  [51630/100000]  elapsed=11858s  rate=4.4/s  eta=11109s  finite=17283
  [51640/100000]  elapsed=11860s  rate=4.4/s  eta=11107s  finite=17287
  [51650/100000]  elapsed=11863s  rate=4.4/s  eta=11105s  finite=17289
  [51660/100000]  elapsed=11865s  rate=4.4/s  eta=11103s  finite=17291
  [51670/100000]  elapsed=11867s  rate=4.4/s  eta=11100s  finite=17294
  [51680/100000]  elapsed=11869s  rate=4.4/s  eta=11098s  finite=17297
  [51690/100000]  elapsed=11872s  rate=4.4/s  eta=11095s  finite=17299
  [51700/100000]  elapsed=11874s  rate=4.4/s  eta=11093s  finite=17301
  -> checkpoint saved: /scratch/e1498138/paper/ext/emri_g/lhs_f/ckpt_051700.pkl
  [51710/100000]  elapsed=11876s  rate=4.4/s  eta=11091s  finite=17303
  [warn] sample 9 failed: 
  [51720/100000]  elapsed=11878s  rate=4.4/s  eta=11088s  finite=17305
  [51730/100000]  elapsed=11881s  rate=4.4/s  eta=11086s  finite=17307
  [51740/100000]  elapsed=11883s  rate=4.4/s  eta=11084s  finite=17309
  [51750/100000]  elapsed=11885s  rate=4.4/s  eta=11081s  finite=17314
  [warn] sample 7 failed: 
  [51760/100000]  elapsed=11887s  rate=4.4/s  eta=11079s  finite=17315
  [51770/100000]  elapsed=11890s  rate=4.4/s  eta=11077s  finite=17321
  [51780/100000]  elapsed=11892s  rate=4.4/s  eta=11075s  finite=17323
  [51790/100000]  elapsed=11894s  rate=4.4/s  eta=11072s  finite=17326
  [51800/100000]  elapsed=11897s  rate=4.4/s  eta=11070s  finite=17330
  -> checkpoint saved: /scratch/e1498138/paper/ext/emri_g/lhs_f/ckpt_051800.pkl
  [51810/100000]  elapsed=11899s  rate=4.4/s  eta=11068s  finite=17334
  [51820/100000]  elapsed=11902s  rate=4.4/s  eta=11066s  finite=17337
  [51830/100000]  elapsed=11904s  rate=4.4/s  eta=11063s  finite=17343
  [51840/100000]  elapsed=11906s  rate=4.4/s  eta=11061s  finite=17345
  [51850/100000]  elapsed=11909s  rate=4.4/s  eta=11059s  finite=17348
  [51860/100000]  elapsed=11911s  rate=4.4/s  eta=11056s  finite=17352
  [51870/100000]  elapsed=11913s  rate=4.4/s  eta=11054s  finite=17356
  [51880/100000]  elapsed=11915s  rate=4.4/s  eta=11052s  finite=17361
  [51890/100000]  elapsed=11918s  rate=4.4/s  eta=11050s  finite=17364
  [warn] sample 5 failed: 
  [51900/100000]  elapsed=11920s  rate=4.4/s  eta=11047s  finite=17367
  -> checkpoint saved: /scratch/e1498138/paper/ext/emri_g/lhs_f/ckpt_051900.pkl
  [warn] sample 0 failed: This a (0.31203705), p0 (13.539315) and e0 (0.8842155) combination is outside of our domain of validity.
  [51910/100000]  elapsed=11922s  rate=4.4/s  eta=11045s  finite=17372
  [warn] sample 5 failed: 
  [51920/100000]  elapsed=11924s  rate=4.4/s  eta=11042s  finite=17373
  [51930/100000]  elapsed=11927s  rate=4.4/s  eta=11040s  finite=17377
  [warn] sample 0 failed: 
  [51940/100000]  elapsed=11929s  rate=4.4/s  eta=11038s  finite=17382
  [51950/100000]  elapsed=11931s  rate=4.4/s  eta=11035s  finite=17385
  [51960/100000]  elapsed=11933s  rate=4.4/s  eta=11033s  finite=17391
  [warn] sample 7 failed: This a (0.53222985), p0 (13.657575) and e0 (0.8969685000000001) combination is outside of our domain of validity.
  [51970/100000]  elapsed=11935s  rate=4.4/s  eta=11031s  finite=17392
  [warn] sample 3 failed: 
  [51980/100000]  elapsed=11938s  rate=4.4/s  eta=11028s  finite=17397
  [51990/100000]  elapsed=11940s  rate=4.4/s  eta=11026s  finite=17399
  [warn] sample 3 failed: This a (0.30205275), p0 (13.987305) and e0 (0.8950125) combination is outside of our domain of validity.
  [52000/100000]  elapsed=11942s  rate=4.4/s  eta=11024s  finite=17402
  -> checkpoint saved: /scratch/e1498138/paper/ext/emri_g/lhs_f/ckpt_052000.pkl
  [52010/100000]  elapsed=11945s  rate=4.4/s  eta=11022s  finite=17405
  [52020/100000]  elapsed=11948s  rate=4.4/s  eta=11020s  finite=17408
  [warn] sample 1 failed: 
  [warn] sample 7 failed: 
  [52030/100000]  elapsed=11950s  rate=4.4/s  eta=11017s  finite=17413
  [52040/100000]  elapsed=11952s  rate=4.4/s  eta=11015s  finite=17416
  [52050/100000]  elapsed=11955s  rate=4.4/s  eta=11013s  finite=17421
  [52060/100000]  elapsed=11957s  rate=4.4/s  eta=11011s  finite=17425
  [52070/100000]  elapsed=11959s  rate=4.4/s  eta=11008s  finite=17428
  [52080/100000]  elapsed=11961s  rate=4.4/s  eta=11006s  finite=17430
  [52090/100000]  elapsed=11964s  rate=4.4/s  eta=11004s  finite=17435
  [52100/100000]  elapsed=11966s  rate=4.4/s  eta=11001s  finite=17439
  -> checkpoint saved: /scratch/e1498138/paper/ext/emri_g/lhs_f/ckpt_052100.pkl
  [52110/100000]  elapsed=11968s  rate=4.4/s  eta=10999s  finite=17441
  [52120/100000]  elapsed=11971s  rate=4.4/s  eta=10997s  finite=17446
  [warn] sample 2 failed: 
  [52130/100000]  elapsed=11974s  rate=4.4/s  eta=10995s  finite=17447
  [52140/100000]  elapsed=11976s  rate=4.4/s  eta=10993s  finite=17452
  [52150/100000]  elapsed=11978s  rate=4.4/s  eta=10991s  finite=17454
  [52160/100000]  elapsed=11981s  rate=4.4/s  eta=10988s  finite=17457
  [52170/100000]  elapsed=11983s  rate=4.4/s  eta=10986s  finite=17460
  [52180/100000]  elapsed=11985s  rate=4.4/s  eta=10984s  finite=17463
  [52190/100000]  elapsed=11988s  rate=4.4/s  eta=10982s  finite=17467
  [52200/100000]  elapsed=11990s  rate=4.4/s  eta=10979s  finite=17471
  -> checkpoint saved: /scratch/e1498138/paper/ext/emri_g/lhs_f/ckpt_052200.pkl
  [52210/100000]  elapsed=11992s  rate=4.4/s  eta=10977s  finite=17474
  [52220/100000]  elapsed=11995s  rate=4.4/s  eta=10975s  finite=17476
  [52230/100000]  elapsed=11997s  rate=4.4/s  eta=10973s  finite=17480
  [warn] sample 5 failed: 
  [52240/100000]  elapsed=11999s  rate=4.4/s  eta=10970s  finite=17484
  [52250/100000]  elapsed=12002s  rate=4.4/s  eta=10968s  finite=17486
  [52260/100000]  elapsed=12004s  rate=4.4/s  eta=10966s  finite=17487
  [52270/100000]  elapsed=12006s  rate=4.4/s  eta=10964s  finite=17491
  [52280/100000]  elapsed=12009s  rate=4.4/s  eta=10961s  finite=17495
  [52290/100000]  elapsed=12011s  rate=4.4/s  eta=10959s  finite=17498
  [52300/100000]  elapsed=12014s  rate=4.4/s  eta=10957s  finite=17503
  -> checkpoint saved: /scratch/e1498138/paper/ext/emri_g/lhs_f/ckpt_052300.pkl
  [52310/100000]  elapsed=12016s  rate=4.4/s  eta=10955s  finite=17507
  [52320/100000]  elapsed=12018s  rate=4.4/s  eta=10952s  finite=17509
  [52330/100000]  elapsed=12021s  rate=4.4/s  eta=10950s  finite=17512
  [warn] sample 6 failed: 
  [warn] sample 8 failed: 
  [52340/100000]  elapsed=12023s  rate=4.4/s  eta=10948s  finite=17515
  [52350/100000]  elapsed=12025s  rate=4.4/s  eta=10945s  finite=17517
  [52360/100000]  elapsed=12027s  rate=4.4/s  eta=10943s  finite=17522
  [52370/100000]  elapsed=12030s  rate=4.4/s  eta=10941s  finite=17524
  [warn] sample 9 failed: 
  [52380/100000]  elapsed=12032s  rate=4.4/s  eta=10938s  finite=17529
  [52390/100000]  elapsed=12034s  rate=4.4/s  eta=10936s  finite=17532
  [52400/100000]  elapsed=12036s  rate=4.4/s  eta=10934s  finite=17535
  -> checkpoint saved: /scratch/e1498138/paper/ext/emri_g/lhs_f/ckpt_052400.pkl
  [52410/100000]  elapsed=12039s  rate=4.4/s  eta=10931s  finite=17536
  [52420/100000]  elapsed=12041s  rate=4.4/s  eta=10929s  finite=17540
  [warn] sample 5 failed: 
  [52430/100000]  elapsed=12043s  rate=4.4/s  eta=10927s  finite=17541
  [52440/100000]  elapsed=12045s  rate=4.4/s  eta=10925s  finite=17545
  [52450/100000]  elapsed=12048s  rate=4.4/s  eta=10922s  finite=17549
  [52460/100000]  elapsed=12050s  rate=4.4/s  eta=10920s  finite=17554
  [52470/100000]  elapsed=12052s  rate=4.4/s  eta=10918s  finite=17556
  [warn] sample 6 failed: 
  [52480/100000]  elapsed=12055s  rate=4.4/s  eta=10915s  finite=17559
  [warn] sample 0 failed: 
  [52490/100000]  elapsed=12057s  rate=4.4/s  eta=10913s  finite=17563
  [warn] sample 4 failed: 
  [52500/100000]  elapsed=12059s  rate=4.4/s  eta=10910s  finite=17567
  -> checkpoint saved: /scratch/e1498138/paper/ext/emri_g/lhs_f/ckpt_052500.pkl
  [52510/100000]  elapsed=12061s  rate=4.4/s  eta=10908s  finite=17570
  [52520/100000]  elapsed=12064s  rate=4.4/s  eta=10906s  finite=17573
  [52530/100000]  elapsed=12066s  rate=4.4/s  eta=10904s  finite=17577
  [warn] sample 2 failed: This a (0.32876265), p0 (13.863705) and e0 (0.8883015000000001) combination is outside of our domain of validity.
  [52540/100000]  elapsed=12068s  rate=4.4/s  eta=10901s  finite=17579
  [52550/100000]  elapsed=12070s  rate=4.4/s  eta=10899s  finite=17582
  [52560/100000]  elapsed=12073s  rate=4.4/s  eta=10897s  finite=17587
  [warn] sample 1 failed: 
  [52570/100000]  elapsed=12075s  rate=4.4/s  eta=10894s  finite=17590
  [52580/100000]  elapsed=12077s  rate=4.4/s  eta=10892s  finite=17595
  [52590/100000]  elapsed=12080s  rate=4.4/s  eta=10890s  finite=17598
  [warn] sample 1 failed: 
  [52600/100000]  elapsed=12082s  rate=4.4/s  eta=10887s  finite=17602
  -> checkpoint saved: /scratch/e1498138/paper/ext/emri_g/lhs_f/ckpt_052600.pkl
  [52610/100000]  elapsed=12084s  rate=4.4/s  eta=10885s  finite=17605
  [52620/100000]  elapsed=12087s  rate=4.4/s  eta=10883s  finite=17613
  [52630/100000]  elapsed=12089s  rate=4.4/s  eta=10881s  finite=17616
  [52640/100000]  elapsed=12091s  rate=4.4/s  eta=10878s  finite=17621
  [52650/100000]  elapsed=12094s  rate=4.4/s  eta=10876s  finite=17625
  [52660/100000]  elapsed=12096s  rate=4.4/s  eta=10874s  finite=17628
  [52670/100000]  elapsed=12098s  rate=4.4/s  eta=10872s  finite=17631
  [52680/100000]  elapsed=12101s  rate=4.4/s  eta=10869s  finite=17637
  [52690/100000]  elapsed=12103s  rate=4.4/s  eta=10867s  finite=17641
  [52700/100000]  elapsed=12105s  rate=4.4/s  eta=10865s  finite=17646
  -> checkpoint saved: /scratch/e1498138/paper/ext/emri_g/lhs_f/ckpt_052700.pkl
  [52710/100000]  elapsed=12108s  rate=4.4/s  eta=10863s  finite=17650
  [52720/100000]  elapsed=12110s  rate=4.4/s  eta=10861s  finite=17652
  [52730/100000]  elapsed=12113s  rate=4.4/s  eta=10858s  finite=17658
  [52740/100000]  elapsed=12115s  rate=4.4/s  eta=10856s  finite=17661
  [52750/100000]  elapsed=12117s  rate=4.4/s  eta=10854s  finite=17664
  [52760/100000]  elapsed=12120s  rate=4.4/s  eta=10852s  finite=17670
  [warn] sample 0 failed: This a (0.45516375), p0 (14.285685) and e0 (0.8949165) combination is outside of our domain of validity.
  [warn] sample 6 failed: This a (0.47429745), p0 (14.293665) and e0 (0.8993535) combination is outside of our domain of validity.
  [52770/100000]  elapsed=12122s  rate=4.4/s  eta=10849s  finite=17677
  [52780/100000]  elapsed=12124s  rate=4.4/s  eta=10847s  finite=17679
  [52790/100000]  elapsed=12127s  rate=4.4/s  eta=10845s  finite=17682
  [52800/100000]  elapsed=12129s  rate=4.4/s  eta=10843s  finite=17686
  -> checkpoint saved: /scratch/e1498138/paper/ext/emri_g/lhs_f/ckpt_052800.pkl
  [52810/100000]  elapsed=12131s  rate=4.4/s  eta=10840s  finite=17690
  [52820/100000]  elapsed=12134s  rate=4.4/s  eta=10838s  finite=17692
  [52830/100000]  elapsed=12136s  rate=4.4/s  eta=10836s  finite=17694
  [warn] sample 5 failed: 
  [52840/100000]  elapsed=12138s  rate=4.4/s  eta=10834s  finite=17698
  [warn] sample 2 failed: 
  [52850/100000]  elapsed=12141s  rate=4.4/s  eta=10831s  finite=17702
  [52860/100000]  elapsed=12143s  rate=4.4/s  eta=10829s  finite=17705
  [52870/100000]  elapsed=12145s  rate=4.4/s  eta=10827s  finite=17709
  [52880/100000]  elapsed=12148s  rate=4.4/s  eta=10824s  finite=17710
  [52890/100000]  elapsed=12150s  rate=4.4/s  eta=10822s  finite=17711
  [52900/100000]  elapsed=12153s  rate=4.4/s  eta=10820s  finite=17716
  -> checkpoint saved: /scratch/e1498138/paper/ext/emri_g/lhs_f/ckpt_052900.pkl
  [52910/100000]  elapsed=12155s  rate=4.4/s  eta=10818s  finite=17718
  [52920/100000]  elapsed=12157s  rate=4.4/s  eta=10816s  finite=17719
  [warn] sample 1 failed: 
  [52930/100000]  elapsed=12159s  rate=4.4/s  eta=10813s  finite=17721
  [warn] sample 4 failed: 
  [52940/100000]  elapsed=12161s  rate=4.4/s  eta=10811s  finite=17723
  [52950/100000]  elapsed=12164s  rate=4.4/s  eta=10808s  finite=17725
  [52960/100000]  elapsed=12166s  rate=4.4/s  eta=10806s  finite=17731
  [52970/100000]  elapsed=12169s  rate=4.4/s  eta=10804s  finite=17735
  [52980/100000]  elapsed=12171s  rate=4.4/s  eta=10802s  finite=17735
  [52990/100000]  elapsed=12173s  rate=4.4/s  eta=10799s  finite=17739
  [53000/100000]  elapsed=12175s  rate=4.4/s  eta=10797s  finite=17743
  -> checkpoint saved: /scratch/e1498138/paper/ext/emri_g/lhs_f/ckpt_053000.pkl
  [53010/100000]  elapsed=12178s  rate=4.4/s  eta=10795s  finite=17748
  [warn] sample 6 failed: 
  [53020/100000]  elapsed=12180s  rate=4.4/s  eta=10793s  finite=17750
  [53030/100000]  elapsed=12182s  rate=4.4/s  eta=10790s  finite=17754
  [53040/100000]  elapsed=12185s  rate=4.4/s  eta=10788s  finite=17759
  [53050/100000]  elapsed=12187s  rate=4.4/s  eta=10786s  finite=17762
  [warn] sample 0 failed: This a (0.34655775), p0 (15.012195) and e0 (0.8985285000000001) combination is outside of our domain of validity.
  [53060/100000]  elapsed=12189s  rate=4.4/s  eta=10783s  finite=17766
  [warn] sample 3 failed: This a (0.31912335), p0 (14.527545) and e0 (0.8969745) combination is outside of our domain of validity.
  [53070/100000]  elapsed=12191s  rate=4.4/s  eta=10781s  finite=17769
  [53080/100000]  elapsed=12194s  rate=4.4/s  eta=10779s  finite=17772
  [53090/100000]  elapsed=12196s  rate=4.4/s  eta=10776s  finite=17775
  [warn] sample 8 failed: 
  [53100/100000]  elapsed=12198s  rate=4.4/s  eta=10774s  finite=17778
  -> checkpoint saved: /scratch/e1498138/paper/ext/emri_g/lhs_f/ckpt_053100.pkl
  [53110/100000]  elapsed=12201s  rate=4.4/s  eta=10772s  finite=17781
  [53120/100000]  elapsed=12203s  rate=4.4/s  eta=10769s  finite=17784
  [53130/100000]  elapsed=12205s  rate=4.4/s  eta=10767s  finite=17786
  [warn] sample 2 failed: 
  [53140/100000]  elapsed=12208s  rate=4.4/s  eta=10765s  finite=17789
  [53150/100000]  elapsed=12210s  rate=4.4/s  eta=10763s  finite=17793
  [warn] sample 6 failed: 
  [53160/100000]  elapsed=12212s  rate=4.4/s  eta=10760s  finite=17796
  [53170/100000]  elapsed=12214s  rate=4.4/s  eta=10758s  finite=17797
  [53180/100000]  elapsed=12217s  rate=4.4/s  eta=10756s  finite=17802
  [warn] sample 8 failed: 
  [53190/100000]  elapsed=12219s  rate=4.4/s  eta=10753s  finite=17805
  [53200/100000]  elapsed=12221s  rate=4.4/s  eta=10751s  finite=17807
  -> checkpoint saved: /scratch/e1498138/paper/ext/emri_g/lhs_f/ckpt_053200.pkl
  [53210/100000]  elapsed=12223s  rate=4.4/s  eta=10749s  finite=17811
  [53220/100000]  elapsed=12226s  rate=4.4/s  eta=10746s  finite=17812
  [53230/100000]  elapsed=12228s  rate=4.4/s  eta=10744s  finite=17814
  [53240/100000]  elapsed=12230s  rate=4.4/s  eta=10742s  finite=17816
  [warn] sample 7 failed: 
  [53250/100000]  elapsed=12232s  rate=4.4/s  eta=10739s  finite=17820
  [53260/100000]  elapsed=12235s  rate=4.4/s  eta=10737s  finite=17824
  [warn] sample 6 failed: 
  [53270/100000]  elapsed=12237s  rate=4.4/s  eta=10735s  finite=17827
  [53280/100000]  elapsed=12239s  rate=4.4/s  eta=10732s  finite=17831
  [53290/100000]  elapsed=12242s  rate=4.4/s  eta=10730s  finite=17832
  [53300/100000]  elapsed=12244s  rate=4.4/s  eta=10728s  finite=17836
  -> checkpoint saved: /scratch/e1498138/paper/ext/emri_g/lhs_f/ckpt_053300.pkl
  [53310/100000]  elapsed=12246s  rate=4.4/s  eta=10726s  finite=17838
  [53320/100000]  elapsed=12249s  rate=4.4/s  eta=10723s  finite=17843
  [53330/100000]  elapsed=12251s  rate=4.4/s  eta=10721s  finite=17846
  [53340/100000]  elapsed=12253s  rate=4.4/s  eta=10719s  finite=17847
  [warn] sample 8 failed: 
  [53350/100000]  elapsed=12255s  rate=4.4/s  eta=10716s  finite=17849
  [53360/100000]  elapsed=12257s  rate=4.4/s  eta=10714s  finite=17850
  [53370/100000]  elapsed=12260s  rate=4.4/s  eta=10711s  finite=17855
  [53380/100000]  elapsed=12262s  rate=4.4/s  eta=10709s  finite=17857
  [53390/100000]  elapsed=12264s  rate=4.4/s  eta=10707s  finite=17859
  [warn] sample 3 failed: 
  [53400/100000]  elapsed=12266s  rate=4.4/s  eta=10704s  finite=17860
  -> checkpoint saved: /scratch/e1498138/paper/ext/emri_g/lhs_f/ckpt_053400.pkl
  [53410/100000]  elapsed=12269s  rate=4.4/s  eta=10702s  finite=17863
  [53420/100000]  elapsed=12271s  rate=4.4/s  eta=10700s  finite=17866
  [53430/100000]  elapsed=12273s  rate=4.4/s  eta=10698s  finite=17871
  [53440/100000]  elapsed=12276s  rate=4.4/s  eta=10695s  finite=17874
  [warn] sample 8 failed: This a (0.49759875), p0 (13.866525) and e0 (0.8948385000000001) combination is outside of our domain of validity.
  [53450/100000]  elapsed=12278s  rate=4.4/s  eta=10693s  finite=17878
  [53460/100000]  elapsed=12280s  rate=4.4/s  eta=10691s  finite=17880
  [warn] sample 6 failed: 
  [warn] sample 8 failed: 
  [53470/100000]  elapsed=12282s  rate=4.4/s  eta=10688s  finite=17882
  [warn] sample 1 failed: 
  [warn] sample 3 failed: 
  [53480/100000]  elapsed=12284s  rate=4.4/s  eta=10685s  finite=17883
  [53490/100000]  elapsed=12286s  rate=4.4/s  eta=10683s  finite=17884
  [53500/100000]  elapsed=12289s  rate=4.4/s  eta=10681s  finite=17887
  -> checkpoint saved: /scratch/e1498138/paper/ext/emri_g/lhs_f/ckpt_053500.pkl
  [53510/100000]  elapsed=12291s  rate=4.4/s  eta=10679s  finite=17891
  [53520/100000]  elapsed=12294s  rate=4.4/s  eta=10676s  finite=17894
  [53530/100000]  elapsed=12296s  rate=4.4/s  eta=10674s  finite=17896
  [53540/100000]  elapsed=12298s  rate=4.4/s  eta=10672s  finite=17902
  [warn] sample 1 failed: This a (0.51904395), p0 (14.173515) and e0 (0.8971155000000001) combination is outside of our domain of validity.
  [53550/100000]  elapsed=12300s  rate=4.4/s  eta=10669s  finite=17904
  [53560/100000]  elapsed=12303s  rate=4.4/s  eta=10667s  finite=17908
  [53570/100000]  elapsed=12305s  rate=4.4/s  eta=10665s  finite=17914
  [53580/100000]  elapsed=12307s  rate=4.4/s  eta=10663s  finite=17916
  [53590/100000]  elapsed=12310s  rate=4.4/s  eta=10660s  finite=17919
  [53600/100000]  elapsed=12312s  rate=4.4/s  eta=10658s  finite=17925
  -> checkpoint saved: /scratch/e1498138/paper/ext/emri_g/lhs_f/ckpt_053600.pkl
  [warn] sample 4 failed: 
  [53610/100000]  elapsed=12314s  rate=4.4/s  eta=10656s  finite=17929
  [warn] sample 4 failed: 
  [53620/100000]  elapsed=12317s  rate=4.4/s  eta=10654s  finite=17932
  [53630/100000]  elapsed=12319s  rate=4.4/s  eta=10651s  finite=17936
  [53640/100000]  elapsed=12321s  rate=4.4/s  eta=10649s  finite=17938
  [53650/100000]  elapsed=12323s  rate=4.4/s  eta=10647s  finite=17943
  [53660/100000]  elapsed=12326s  rate=4.4/s  eta=10644s  finite=17946
  [53670/100000]  elapsed=12328s  rate=4.4/s  eta=10642s  finite=17950
  [53680/100000]  elapsed=12331s  rate=4.4/s  eta=10640s  finite=17954
  [53690/100000]  elapsed=12333s  rate=4.4/s  eta=10638s  finite=17956
  [warn] sample 7 failed: 
  [53700/100000]  elapsed=12335s  rate=4.4/s  eta=10635s  finite=17958
  -> checkpoint saved: /scratch/e1498138/paper/ext/emri_g/lhs_f/ckpt_053700.pkl
  [53710/100000]  elapsed=12337s  rate=4.4/s  eta=10633s  finite=17964
  [warn] sample 5 failed: This a (0.30820755), p0 (14.094495) and e0 (0.8905845) combination is outside of our domain of validity.
  [53720/100000]  elapsed=12339s  rate=4.4/s  eta=10630s  finite=17968
  [53730/100000]  elapsed=12342s  rate=4.4/s  eta=10628s  finite=17971
  [53740/100000]  elapsed=12344s  rate=4.4/s  eta=10626s  finite=17976
  [53750/100000]  elapsed=12347s  rate=4.4/s  eta=10624s  finite=17980
  [53760/100000]  elapsed=12349s  rate=4.4/s  eta=10622s  finite=17982
  [53770/100000]  elapsed=12352s  rate=4.4/s  eta=10619s  finite=17987
  [53780/100000]  elapsed=12354s  rate=4.4/s  eta=10617s  finite=17989
  [53790/100000]  elapsed=12356s  rate=4.4/s  eta=10615s  finite=17992
  [53800/100000]  elapsed=12358s  rate=4.4/s  eta=10613s  finite=17996
  -> checkpoint saved: /scratch/e1498138/paper/ext/emri_g/lhs_f/ckpt_053800.pkl
  [53810/100000]  elapsed=12361s  rate=4.4/s  eta=10610s  finite=18001
  [53820/100000]  elapsed=12363s  rate=4.4/s  eta=10608s  finite=18004
  [53830/100000]  elapsed=12365s  rate=4.4/s  eta=10606s  finite=18008
  [warn] sample 0 failed: This a (0.39232544999999996), p0 (14.092665) and e0 (0.8992065) combination is outside of our domain of validity.
  [53840/100000]  elapsed=12367s  rate=4.4/s  eta=10603s  finite=18012
  [53850/100000]  elapsed=12370s  rate=4.4/s  eta=10601s  finite=18015
  [53860/100000]  elapsed=12372s  rate=4.4/s  eta=10599s  finite=18020
  [53870/100000]  elapsed=12374s  rate=4.4/s  eta=10596s  finite=18023
  [53880/100000]  elapsed=12377s  rate=4.4/s  eta=10594s  finite=18028
  [53890/100000]  elapsed=12379s  rate=4.4/s  eta=10592s  finite=18030
  [53900/100000]  elapsed=12381s  rate=4.4/s  eta=10589s  finite=18030
  -> checkpoint saved: /scratch/e1498138/paper/ext/emri_g/lhs_f/ckpt_053900.pkl
  [53910/100000]  elapsed=12383s  rate=4.4/s  eta=10587s  finite=18034
  [53920/100000]  elapsed=12386s  rate=4.4/s  eta=10585s  finite=18039
  [53930/100000]  elapsed=12388s  rate=4.4/s  eta=10583s  finite=18044
  [53940/100000]  elapsed=12390s  rate=4.4/s  eta=10580s  finite=18047
  [53950/100000]  elapsed=12393s  rate=4.4/s  eta=10578s  finite=18051
  [53960/100000]  elapsed=12395s  rate=4.4/s  eta=10576s  finite=18055
  [warn] sample 6 failed: 
  [53970/100000]  elapsed=12397s  rate=4.4/s  eta=10573s  finite=18061
  [53980/100000]  elapsed=12400s  rate=4.4/s  eta=10571s  finite=18066
  [warn] sample 4 failed: 
  [53990/100000]  elapsed=12402s  rate=4.4/s  eta=10569s  finite=18068
  [54000/100000]  elapsed=12404s  rate=4.4/s  eta=10566s  finite=18071
  -> checkpoint saved: /scratch/e1498138/paper/ext/emri_g/lhs_f/ckpt_054000.pkl
  [54010/100000]  elapsed=12406s  rate=4.4/s  eta=10564s  finite=18075
  [54020/100000]  elapsed=12409s  rate=4.4/s  eta=10562s  finite=18077
  [54030/100000]  elapsed=12411s  rate=4.4/s  eta=10559s  finite=18080
  [54040/100000]  elapsed=12413s  rate=4.4/s  eta=10557s  finite=18084
  [54050/100000]  elapsed=12415s  rate=4.4/s  eta=10555s  finite=18087
  [54060/100000]  elapsed=12418s  rate=4.4/s  eta=10553s  finite=18090
  [54070/100000]  elapsed=12420s  rate=4.4/s  eta=10550s  finite=18097
  [warn] sample 6 failed: 
  [54080/100000]  elapsed=12422s  rate=4.4/s  eta=10548s  finite=18101
  [54090/100000]  elapsed=12425s  rate=4.4/s  eta=10546s  finite=18104
  [54100/100000]  elapsed=12427s  rate=4.4/s  eta=10543s  finite=18108
  -> checkpoint saved: /scratch/e1498138/paper/ext/emri_g/lhs_f/ckpt_054100.pkl
  [54110/100000]  elapsed=12429s  rate=4.4/s  eta=10541s  finite=18111
  [warn] sample 0 failed: 
  [54120/100000]  elapsed=12431s  rate=4.4/s  eta=10539s  finite=18114
  [54130/100000]  elapsed=12434s  rate=4.4/s  eta=10536s  finite=18118
  [54140/100000]  elapsed=12436s  rate=4.4/s  eta=10534s  finite=18123
  [54150/100000]  elapsed=12438s  rate=4.4/s  eta=10532s  finite=18128
  [54160/100000]  elapsed=12441s  rate=4.4/s  eta=10530s  finite=18133
  [54170/100000]  elapsed=12443s  rate=4.4/s  eta=10527s  finite=18134
  [54180/100000]  elapsed=12445s  rate=4.4/s  eta=10525s  finite=18137
  [54190/100000]  elapsed=12448s  rate=4.4/s  eta=10523s  finite=18140
  [warn] sample 5 failed: 
  [54200/100000]  elapsed=12450s  rate=4.4/s  eta=10521s  finite=18142
  -> checkpoint saved: /scratch/e1498138/paper/ext/emri_g/lhs_f/ckpt_054200.pkl
  [54210/100000]  elapsed=12453s  rate=4.4/s  eta=10518s  finite=18147
  [54220/100000]  elapsed=12455s  rate=4.4/s  eta=10516s  finite=18150
  [54230/100000]  elapsed=12457s  rate=4.4/s  eta=10514s  finite=18156
  [54240/100000]  elapsed=12459s  rate=4.4/s  eta=10512s  finite=18159
  [54250/100000]  elapsed=12462s  rate=4.4/s  eta=10509s  finite=18164
  [54260/100000]  elapsed=12464s  rate=4.4/s  eta=10507s  finite=18168
  [54270/100000]  elapsed=12466s  rate=4.4/s  eta=10505s  finite=18172
  [54280/100000]  elapsed=12469s  rate=4.4/s  eta=10502s  finite=18176
  [54290/100000]  elapsed=12471s  rate=4.4/s  eta=10500s  finite=18182
  [54300/100000]  elapsed=12474s  rate=4.4/s  eta=10498s  finite=18186
  -> checkpoint saved: /scratch/e1498138/paper/ext/emri_g/lhs_f/ckpt_054300.pkl
  [54310/100000]  elapsed=12476s  rate=4.4/s  eta=10496s  finite=18188
  [warn] sample 6 failed: 
  [54320/100000]  elapsed=12478s  rate=4.4/s  eta=10493s  finite=18190
  [54330/100000]  elapsed=12481s  rate=4.4/s  eta=10491s  finite=18194
  [54340/100000]  elapsed=12483s  rate=4.4/s  eta=10489s  finite=18195
  [54350/100000]  elapsed=12485s  rate=4.4/s  eta=10487s  finite=18197
  [54360/100000]  elapsed=12488s  rate=4.4/s  eta=10484s  finite=18202
  [54370/100000]  elapsed=12490s  rate=4.4/s  eta=10482s  finite=18206
  [warn] sample 4 failed: 
  [54380/100000]  elapsed=12492s  rate=4.4/s  eta=10480s  finite=18209
  [warn] sample 5 failed: 
  [54390/100000]  elapsed=12494s  rate=4.4/s  eta=10477s  finite=18213
  [54400/100000]  elapsed=12497s  rate=4.4/s  eta=10475s  finite=18216
  -> checkpoint saved: /scratch/e1498138/paper/ext/emri_g/lhs_f/ckpt_054400.pkl
  [warn] sample 2 failed: This a (0.48241875), p0 (13.614075) and e0 (0.8982405) combination is outside of our domain of validity.
  [54410/100000]  elapsed=12499s  rate=4.4/s  eta=10473s  finite=18220
  [54420/100000]  elapsed=12501s  rate=4.4/s  eta=10471s  finite=18223
  [54430/100000]  elapsed=12504s  rate=4.4/s  eta=10468s  finite=18226
  [54440/100000]  elapsed=12506s  rate=4.4/s  eta=10466s  finite=18228
  [54450/100000]  elapsed=12508s  rate=4.4/s  eta=10464s  finite=18232
  [54460/100000]  elapsed=12511s  rate=4.4/s  eta=10462s  finite=18235
  [54470/100000]  elapsed=12513s  rate=4.4/s  eta=10459s  finite=18239
  [54480/100000]  elapsed=12515s  rate=4.4/s  eta=10457s  finite=18242
  [54490/100000]  elapsed=12518s  rate=4.4/s  eta=10455s  finite=18242
  [54500/100000]  elapsed=12520s  rate=4.4/s  eta=10453s  finite=18244
  -> checkpoint saved: /scratch/e1498138/paper/ext/emri_g/lhs_f/ckpt_054500.pkl
  [54510/100000]  elapsed=12523s  rate=4.4/s  eta=10450s  finite=18248
  [54520/100000]  elapsed=12525s  rate=4.4/s  eta=10448s  finite=18252
  [54530/100000]  elapsed=12527s  rate=4.4/s  eta=10446s  finite=18254
  [54540/100000]  elapsed=12530s  rate=4.4/s  eta=10444s  finite=18259
  [warn] sample 1 failed: 
  [54550/100000]  elapsed=12532s  rate=4.4/s  eta=10441s  finite=18262
  [54560/100000]  elapsed=12535s  rate=4.4/s  eta=10439s  finite=18264
  [54570/100000]  elapsed=12537s  rate=4.4/s  eta=10437s  finite=18269
  [warn] sample 5 failed: 
  [54580/100000]  elapsed=12539s  rate=4.4/s  eta=10435s  finite=18272
  [54590/100000]  elapsed=12542s  rate=4.4/s  eta=10433s  finite=18276
  [54600/100000]  elapsed=12544s  rate=4.4/s  eta=10430s  finite=18278
  -> checkpoint saved: /scratch/e1498138/paper/ext/emri_g/lhs_f/ckpt_054600.pkl
  [warn] sample 2 failed: 
  [54610/100000]  elapsed=12546s  rate=4.4/s  eta=10428s  finite=18279
  [warn] sample 3 failed: This a (0.36370425), p0 (14.700825) and e0 (0.8980395000000001) combination is outside of our domain of validity.
  [warn] sample 7 failed: 
  [54620/100000]  elapsed=12548s  rate=4.4/s  eta=10426s  finite=18283
  [54630/100000]  elapsed=12551s  rate=4.4/s  eta=10423s  finite=18286
  [warn] sample 6 failed: 
  [54640/100000]  elapsed=12553s  rate=4.4/s  eta=10421s  finite=18290
  [54650/100000]  elapsed=12555s  rate=4.4/s  eta=10419s  finite=18293
  [54660/100000]  elapsed=12558s  rate=4.4/s  eta=10417s  finite=18297
  [54670/100000]  elapsed=12560s  rate=4.4/s  eta=10414s  finite=18300
  [warn] sample 3 failed: 
  [54680/100000]  elapsed=12562s  rate=4.4/s  eta=10412s  finite=18301
  [54690/100000]  elapsed=12565s  rate=4.4/s  eta=10410s  finite=18307
  [54700/100000]  elapsed=12567s  rate=4.4/s  eta=10407s  finite=18311
  -> checkpoint saved: /scratch/e1498138/paper/ext/emri_g/lhs_f/ckpt_054700.pkl
  [54710/100000]  elapsed=12570s  rate=4.4/s  eta=10405s  finite=18314
  [54720/100000]  elapsed=12572s  rate=4.4/s  eta=10403s  finite=18316
  [54730/100000]  elapsed=12575s  rate=4.4/s  eta=10401s  finite=18320
  [54740/100000]  elapsed=12577s  rate=4.4/s  eta=10399s  finite=18323
  [54750/100000]  elapsed=12579s  rate=4.4/s  eta=10396s  finite=18327
  [54760/100000]  elapsed=12581s  rate=4.4/s  eta=10394s  finite=18330
  [54770/100000]  elapsed=12584s  rate=4.4/s  eta=10392s  finite=18333
  [54780/100000]  elapsed=12586s  rate=4.4/s  eta=10390s  finite=18338
  [54790/100000]  elapsed=12589s  rate=4.4/s  eta=10388s  finite=18340
  [54800/100000]  elapsed=12591s  rate=4.4/s  eta=10385s  finite=18344
  -> checkpoint saved: /scratch/e1498138/paper/ext/emri_g/lhs_f/ckpt_054800.pkl
  [warn] sample 3 failed: This a (0.38672955), p0 (14.253405) and e0 (0.8977155000000001) combination is outside of our domain of validity.
  [54810/100000]  elapsed=12593s  rate=4.4/s  eta=10383s  finite=18346
  [54820/100000]  elapsed=12595s  rate=4.4/s  eta=10381s  finite=18347
  [54830/100000]  elapsed=12598s  rate=4.4/s  eta=10378s  finite=18351
  [54840/100000]  elapsed=12600s  rate=4.4/s  eta=10376s  finite=18354
  [warn] sample 3 failed: 
  [54850/100000]  elapsed=12603s  rate=4.4/s  eta=10374s  finite=18356
  [54860/100000]  elapsed=12605s  rate=4.4/s  eta=10372s  finite=18358
  [54870/100000]  elapsed=12607s  rate=4.4/s  eta=10369s  finite=18361
  [54880/100000]  elapsed=12610s  rate=4.4/s  eta=10367s  finite=18367
  [54890/100000]  elapsed=12612s  rate=4.4/s  eta=10365s  finite=18369
  [54900/100000]  elapsed=12614s  rate=4.4/s  eta=10363s  finite=18371
  -> checkpoint saved: /scratch/e1498138/paper/ext/emri_g/lhs_f/ckpt_054900.pkl
  [54910/100000]  elapsed=12617s  rate=4.4/s  eta=10361s  finite=18374
  [warn] sample 3 failed: 
  [54920/100000]  elapsed=12619s  rate=4.4/s  eta=10358s  finite=18377
  [54930/100000]  elapsed=12622s  rate=4.4/s  eta=10356s  finite=18380
  [54940/100000]  elapsed=12624s  rate=4.4/s  eta=10354s  finite=18383
  [warn] sample 1 failed: 
  [54950/100000]  elapsed=12627s  rate=4.4/s  eta=10352s  finite=18390
  [54960/100000]  elapsed=12629s  rate=4.4/s  eta=10350s  finite=18393
  [54970/100000]  elapsed=12631s  rate=4.4/s  eta=10347s  finite=18396
  [54980/100000]  elapsed=12634s  rate=4.4/s  eta=10345s  finite=18398
  [54990/100000]  elapsed=12636s  rate=4.4/s  eta=10343s  finite=18400
  [55000/100000]  elapsed=12638s  rate=4.4/s  eta=10341s  finite=18405
  -> checkpoint saved: /scratch/e1498138/paper/ext/emri_g/lhs_f/ckpt_055000.pkl
  [55010/100000]  elapsed=12641s  rate=4.4/s  eta=10338s  finite=18408
  [55020/100000]  elapsed=12643s  rate=4.4/s  eta=10336s  finite=18412
  [55030/100000]  elapsed=12645s  rate=4.4/s  eta=10334s  finite=18415
  [55040/100000]  elapsed=12648s  rate=4.4/s  eta=10332s  finite=18419
  [55050/100000]  elapsed=12650s  rate=4.4/s  eta=10329s  finite=18421
  [55060/100000]  elapsed=12652s  rate=4.4/s  eta=10327s  finite=18424
  [55070/100000]  elapsed=12655s  rate=4.4/s  eta=10325s  finite=18426
  [55080/100000]  elapsed=12657s  rate=4.4/s  eta=10323s  finite=18431
  [warn] sample 3 failed: 
  [55090/100000]  elapsed=12660s  rate=4.4/s  eta=10320s  finite=18434
  [warn] sample 1 failed: 
  [55100/100000]  elapsed=12662s  rate=4.4/s  eta=10318s  finite=18437
  -> checkpoint saved: /scratch/e1498138/paper/ext/emri_g/lhs_f/ckpt_055100.pkl
  [warn] sample 7 failed: 
  [55110/100000]  elapsed=12664s  rate=4.4/s  eta=10316s  finite=18441
  [55120/100000]  elapsed=12666s  rate=4.4/s  eta=10313s  finite=18443
  [55130/100000]  elapsed=12669s  rate=4.4/s  eta=10311s  finite=18449
  [55140/100000]  elapsed=12671s  rate=4.4/s  eta=10309s  finite=18452
  [55150/100000]  elapsed=12673s  rate=4.4/s  eta=10306s  finite=18455
  [55160/100000]  elapsed=12676s  rate=4.4/s  eta=10304s  finite=18459
  [55170/100000]  elapsed=12678s  rate=4.4/s  eta=10302s  finite=18463
  [55180/100000]  elapsed=12680s  rate=4.4/s  eta=10300s  finite=18466
  [warn] sample 4 failed: 
  [warn] sample 8 failed: 
  [55190/100000]  elapsed=12682s  rate=4.4/s  eta=10297s  finite=18466
  [55200/100000]  elapsed=12685s  rate=4.4/s  eta=10295s  finite=18471
  -> checkpoint saved: /scratch/e1498138/paper/ext/emri_g/lhs_f/ckpt_055200.pkl
  [55210/100000]  elapsed=12687s  rate=4.4/s  eta=10293s  finite=18473
  [55220/100000]  elapsed=12689s  rate=4.4/s  eta=10290s  finite=18477
  [55230/100000]  elapsed=12692s  rate=4.4/s  eta=10288s  finite=18483
  [55240/100000]  elapsed=12694s  rate=4.4/s  eta=10286s  finite=18486
  [55250/100000]  elapsed=12697s  rate=4.4/s  eta=10284s  finite=18490
  [55260/100000]  elapsed=12699s  rate=4.4/s  eta=10281s  finite=18495
  [warn] sample 4 failed: This a (0.45305925), p0 (14.623785) and e0 (0.8979945) combination is outside of our domain of validity.
  [warn] sample 8 failed: 
  [55270/100000]  elapsed=12701s  rate=4.4/s  eta=10279s  finite=18500
  [55280/100000]  elapsed=12703s  rate=4.4/s  eta=10276s  finite=18502
  [55290/100000]  elapsed=12705s  rate=4.4/s  eta=10274s  finite=18504
  [warn] sample 9 failed: 
  [55300/100000]  elapsed=12708s  rate=4.4/s  eta=10272s  finite=18508
  -> checkpoint saved: /scratch/e1498138/paper/ext/emri_g/lhs_f/ckpt_055300.pkl
  [warn] sample 1 failed: This a (0.33396525), p0 (14.527935) and e0 (0.8950035000000001) combination is outside of our domain of validity.
  [55310/100000]  elapsed=12710s  rate=4.4/s  eta=10269s  finite=18509
  [55320/100000]  elapsed=12712s  rate=4.4/s  eta=10267s  finite=18514
  [55330/100000]  elapsed=12714s  rate=4.4/s  eta=10265s  finite=18518
  [55340/100000]  elapsed=12716s  rate=4.4/s  eta=10262s  finite=18521
  [55350/100000]  elapsed=12719s  rate=4.4/s  eta=10260s  finite=18522
  [warn] sample 4 failed: 
  [warn] sample 8 failed: 
  [55360/100000]  elapsed=12721s  rate=4.4/s  eta=10257s  finite=18525
  [55370/100000]  elapsed=12723s  rate=4.4/s  eta=10255s  finite=18529
  [55380/100000]  elapsed=12725s  rate=4.4/s  eta=10253s  finite=18532
  [55390/100000]  elapsed=12728s  rate=4.4/s  eta=10251s  finite=18533
  [55400/100000]  elapsed=12730s  rate=4.4/s  eta=10248s  finite=18536
  -> checkpoint saved: /scratch/e1498138/paper/ext/emri_g/lhs_f/ckpt_055400.pkl
  [55410/100000]  elapsed=12732s  rate=4.4/s  eta=10246s  finite=18538
  [55420/100000]  elapsed=12735s  rate=4.4/s  eta=10244s  finite=18539
  [55430/100000]  elapsed=12737s  rate=4.4/s  eta=10242s  finite=18542
  [warn] sample 0 failed: This a (0.36157905), p0 (14.120595) and e0 (0.8913705000000001) combination is outside of our domain of validity.
  [55440/100000]  elapsed=12739s  rate=4.4/s  eta=10239s  finite=18548
  [55450/100000]  elapsed=12741s  rate=4.4/s  eta=10237s  finite=18553
  [55460/100000]  elapsed=12744s  rate=4.4/s  eta=10234s  finite=18555
  [55470/100000]  elapsed=12746s  rate=4.4/s  eta=10232s  finite=18559
  [55480/100000]  elapsed=12748s  rate=4.4/s  eta=10230s  finite=18560
  [55490/100000]  elapsed=12751s  rate=4.4/s  eta=10228s  finite=18563
  [55500/100000]  elapsed=12753s  rate=4.4/s  eta=10225s  finite=18567
  -> checkpoint saved: /scratch/e1498138/paper/ext/emri_g/lhs_f/ckpt_055500.pkl
  [55510/100000]  elapsed=12755s  rate=4.4/s  eta=10223s  finite=18572
  [55520/100000]  elapsed=12757s  rate=4.4/s  eta=10221s  finite=18576
  [55530/100000]  elapsed=12760s  rate=4.4/s  eta=10218s  finite=18578
  [warn] sample 5 failed: This a (0.31173344999999997), p0 (14.603625000000001) and e0 (0.8954475000000001) combination is outside of our domain of validity.
  [55540/100000]  elapsed=12762s  rate=4.4/s  eta=10216s  finite=18581
  [warn] sample 7 failed: This a (0.46265025), p0 (13.805295) and e0 (0.8940495) combination is outside of our domain of validity.
  [55550/100000]  elapsed=12764s  rate=4.4/s  eta=10213s  finite=18582
  [55560/100000]  elapsed=12766s  rate=4.4/s  eta=10211s  finite=18587
  [55570/100000]  elapsed=12769s  rate=4.4/s  eta=10209s  finite=18592
  [warn] sample 4 failed: 
  [55580/100000]  elapsed=12771s  rate=4.4/s  eta=10207s  finite=18594
  [55590/100000]  elapsed=12773s  rate=4.4/s  eta=10204s  finite=18597
  [55600/100000]  elapsed=12775s  rate=4.4/s  eta=10202s  finite=18599
  -> checkpoint saved: /scratch/e1498138/paper/ext/emri_g/lhs_f/ckpt_055600.pkl
  [55610/100000]  elapsed=12778s  rate=4.4/s  eta=10200s  finite=18602
  [55620/100000]  elapsed=12780s  rate=4.4/s  eta=10198s  finite=18609
  [warn] sample 1 failed: 
  [warn] sample 4 failed: 
  [55630/100000]  elapsed=12782s  rate=4.4/s  eta=10195s  finite=18613
  [55640/100000]  elapsed=12785s  rate=4.4/s  eta=10193s  finite=18615
  [55650/100000]  elapsed=12787s  rate=4.4/s  eta=10191s  finite=18619
  [55660/100000]  elapsed=12789s  rate=4.4/s  eta=10188s  finite=18625
  [warn] sample 9 failed: This a (0.37264664999999997), p0 (14.290425) and e0 (0.8997855000000001) combination is outside of our domain of validity.
  [55670/100000]  elapsed=12792s  rate=4.4/s  eta=10186s  finite=18627
  [55680/100000]  elapsed=12794s  rate=4.4/s  eta=10184s  finite=18630
  [55690/100000]  elapsed=12796s  rate=4.4/s  eta=10181s  finite=18636
  [55700/100000]  elapsed=12799s  rate=4.4/s  eta=10179s  finite=18640
  -> checkpoint saved: /scratch/e1498138/paper/ext/emri_g/lhs_f/ckpt_055700.pkl
  [55710/100000]  elapsed=12801s  rate=4.4/s  eta=10177s  finite=18646
  [warn] sample 7 failed: This a (0.42171945), p0 (13.720035) and e0 (0.8974125000000001) combination is outside of our domain of validity.
  [55720/100000]  elapsed=12803s  rate=4.4/s  eta=10174s  finite=18650
  [55730/100000]  elapsed=12805s  rate=4.4/s  eta=10172s  finite=18656
  [55740/100000]  elapsed=12808s  rate=4.4/s  eta=10170s  finite=18659
  [warn] sample 6 failed: 
  [55750/100000]  elapsed=12810s  rate=4.4/s  eta=10168s  finite=18662
  [55760/100000]  elapsed=12813s  rate=4.4/s  eta=10165s  finite=18667
  [55770/100000]  elapsed=12815s  rate=4.4/s  eta=10163s  finite=18669
  [55780/100000]  elapsed=12817s  rate=4.4/s  eta=10161s  finite=18672
  [55790/100000]  elapsed=12819s  rate=4.4/s  eta=10159s  finite=18673
  [55800/100000]  elapsed=12822s  rate=4.4/s  eta=10156s  finite=18676
  -> checkpoint saved: /scratch/e1498138/paper/ext/emri_g/lhs_f/ckpt_055800.pkl
  [warn] sample 0 failed: 
  [55810/100000]  elapsed=12824s  rate=4.4/s  eta=10154s  finite=18680
  [55820/100000]  elapsed=12826s  rate=4.4/s  eta=10152s  finite=18683
  [55830/100000]  elapsed=12829s  rate=4.4/s  eta=10149s  finite=18686
  [55840/100000]  elapsed=12831s  rate=4.4/s  eta=10147s  finite=18689
  [55850/100000]  elapsed=12833s  rate=4.4/s  eta=10145s  finite=18694
  [55860/100000]  elapsed=12836s  rate=4.4/s  eta=10143s  finite=18696
  [55870/100000]  elapsed=12838s  rate=4.4/s  eta=10140s  finite=18699
  [55880/100000]  elapsed=12840s  rate=4.4/s  eta=10138s  finite=18703
  [55890/100000]  elapsed=12842s  rate=4.4/s  eta=10136s  finite=18707
  [warn] sample 5 failed: 
  [55900/100000]  elapsed=12845s  rate=4.4/s  eta=10133s  finite=18709
  -> checkpoint saved: /scratch/e1498138/paper/ext/emri_g/lhs_f/ckpt_055900.pkl
  [55910/100000]  elapsed=12847s  rate=4.4/s  eta=10131s  finite=18710
  [55920/100000]  elapsed=12849s  rate=4.4/s  eta=10129s  finite=18713
  [55930/100000]  elapsed=12851s  rate=4.4/s  eta=10126s  finite=18715
  [55940/100000]  elapsed=12854s  rate=4.4/s  eta=10124s  finite=18718
  [55950/100000]  elapsed=12856s  rate=4.4/s  eta=10122s  finite=18721
  [warn] sample 9 failed: 
  [55960/100000]  elapsed=12858s  rate=4.4/s  eta=10119s  finite=18723
  [55970/100000]  elapsed=12861s  rate=4.4/s  eta=10117s  finite=18728
  [55980/100000]  elapsed=12863s  rate=4.4/s  eta=10115s  finite=18731
  [55990/100000]  elapsed=12866s  rate=4.4/s  eta=10113s  finite=18737
  [warn] sample 5 failed: 
  [56000/100000]  elapsed=12868s  rate=4.4/s  eta=10111s  finite=18742
  -> checkpoint saved: /scratch/e1498138/paper/ext/emri_g/lhs_f/ckpt_056000.pkl
  [warn] sample 3 failed: 
  [56010/100000]  elapsed=12870s  rate=4.4/s  eta=10108s  finite=18745
  [56020/100000]  elapsed=12873s  rate=4.4/s  eta=10106s  finite=18748
  [warn] sample 5 failed: This a (0.34122405), p0 (14.346885) and e0 (0.8940075000000001) combination is outside of our domain of validity.
  [56030/100000]  elapsed=12875s  rate=4.4/s  eta=10104s  finite=18751
  [56040/100000]  elapsed=12877s  rate=4.4/s  eta=10101s  finite=18756
  [56050/100000]  elapsed=12880s  rate=4.4/s  eta=10099s  finite=18760
  [56060/100000]  elapsed=12882s  rate=4.4/s  eta=10097s  finite=18764
  [56070/100000]  elapsed=12884s  rate=4.4/s  eta=10095s  finite=18767
  [56080/100000]  elapsed=12887s  rate=4.4/s  eta=10092s  finite=18771
  [56090/100000]  elapsed=12889s  rate=4.4/s  eta=10090s  finite=18775
  [56100/100000]  elapsed=12891s  rate=4.4/s  eta=10088s  finite=18778
  -> checkpoint saved: /scratch/e1498138/paper/ext/emri_g/lhs_f/ckpt_056100.pkl
  [56110/100000]  elapsed=12894s  rate=4.4/s  eta=10086s  finite=18781
  [56120/100000]  elapsed=12896s  rate=4.4/s  eta=10083s  finite=18787
  [56130/100000]  elapsed=12898s  rate=4.4/s  eta=10081s  finite=18790
  [56140/100000]  elapsed=12901s  rate=4.4/s  eta=10079s  finite=18792
  [warn] sample 8 failed: This a (0.33332354999999997), p0 (14.491725) and e0 (0.8952435000000001) combination is outside of our domain of validity.
  [56150/100000]  elapsed=12903s  rate=4.4/s  eta=10077s  finite=18795
  [56160/100000]  elapsed=12906s  rate=4.4/s  eta=10075s  finite=18799
  [56170/100000]  elapsed=12908s  rate=4.4/s  eta=10072s  finite=18805
  [56180/100000]  elapsed=12910s  rate=4.4/s  eta=10070s  finite=18807
  [warn] sample 4 failed: 
  [56190/100000]  elapsed=12913s  rate=4.4/s  eta=10068s  finite=18812
  [warn] sample 2 failed: 
  [56200/100000]  elapsed=12915s  rate=4.4/s  eta=10065s  finite=18814
  -> checkpoint saved: /scratch/e1498138/paper/ext/emri_g/lhs_f/ckpt_056200.pkl
  [56210/100000]  elapsed=12918s  rate=4.4/s  eta=10063s  finite=18820
  [warn] sample 1 failed: 
  [56220/100000]  elapsed=12920s  rate=4.4/s  eta=10061s  finite=18823
  [warn] sample 9 failed: 
  [56230/100000]  elapsed=12922s  rate=4.4/s  eta=10059s  finite=18826
  [56240/100000]  elapsed=12924s  rate=4.4/s  eta=10056s  finite=18831
  [56250/100000]  elapsed=12927s  rate=4.4/s  eta=10054s  finite=18838
  [56260/100000]  elapsed=12929s  rate=4.4/s  eta=10052s  finite=18842
  [56270/100000]  elapsed=12932s  rate=4.4/s  eta=10050s  finite=18845
  [56280/100000]  elapsed=12934s  rate=4.4/s  eta=10048s  finite=18848
  [56290/100000]  elapsed=12937s  rate=4.4/s  eta=10045s  finite=18850
  [56300/100000]  elapsed=12939s  rate=4.4/s  eta=10043s  finite=18854
  -> checkpoint saved: /scratch/e1498138/paper/ext/emri_g/lhs_f/ckpt_056300.pkl
  [56310/100000]  elapsed=12941s  rate=4.4/s  eta=10041s  finite=18857
  [warn] sample 8 failed: 
  [56320/100000]  elapsed=12944s  rate=4.4/s  eta=10039s  finite=18861
  [56330/100000]  elapsed=12946s  rate=4.4/s  eta=10036s  finite=18863
  [56340/100000]  elapsed=12948s  rate=4.4/s  eta=10034s  finite=18868
  [56350/100000]  elapsed=12951s  rate=4.4/s  eta=10032s  finite=18871
  [56360/100000]  elapsed=12953s  rate=4.4/s  eta=10030s  finite=18877
  [56370/100000]  elapsed=12956s  rate=4.4/s  eta=10028s  finite=18880
  [warn] sample 5 failed: This a (0.33452414999999996), p0 (13.998165) and e0 (0.8924445000000001) combination is outside of our domain of validity.
  [56380/100000]  elapsed=12958s  rate=4.4/s  eta=10025s  finite=18882
  [56390/100000]  elapsed=12960s  rate=4.4/s  eta=10023s  finite=18884
  [56400/100000]  elapsed=12963s  rate=4.4/s  eta=10021s  finite=18887
  -> checkpoint saved: /scratch/e1498138/paper/ext/emri_g/lhs_f/ckpt_056400.pkl
  [warn] sample 3 failed: 
  [56410/100000]  elapsed=12965s  rate=4.4/s  eta=10019s  finite=18891
  [56420/100000]  elapsed=12967s  rate=4.4/s  eta=10016s  finite=18894
  [warn] sample 6 failed: 
  [56430/100000]  elapsed=12970s  rate=4.4/s  eta=10014s  finite=18898
  [56440/100000]  elapsed=12972s  rate=4.4/s  eta=10012s  finite=18903
  [warn] sample 0 failed: This a (0.34837935), p0 (14.004555) and e0 (0.8886765000000001) combination is outside of our domain of validity.
  [56450/100000]  elapsed=12974s  rate=4.4/s  eta=10009s  finite=18906
  [56460/100000]  elapsed=12977s  rate=4.4/s  eta=10007s  finite=18910
  [56470/100000]  elapsed=12979s  rate=4.4/s  eta=10005s  finite=18914
  [56480/100000]  elapsed=12981s  rate=4.4/s  eta=10003s  finite=18918
  [warn] sample 8 failed: 
  [56490/100000]  elapsed=12983s  rate=4.4/s  eta=10000s  finite=18920
  [56500/100000]  elapsed=12986s  rate=4.4/s  eta=9998s  finite=18923
  -> checkpoint saved: /scratch/e1498138/paper/ext/emri_g/lhs_f/ckpt_056500.pkl
  [56510/100000]  elapsed=12988s  rate=4.4/s  eta=9996s  finite=18926
  [56520/100000]  elapsed=12991s  rate=4.4/s  eta=9994s  finite=18930
  [warn] sample 5 failed: 
  [56530/100000]  elapsed=12993s  rate=4.4/s  eta=9991s  finite=18934
  [56540/100000]  elapsed=12995s  rate=4.4/s  eta=9989s  finite=18936
  [56550/100000]  elapsed=12998s  rate=4.4/s  eta=9987s  finite=18938
  [56560/100000]  elapsed=13000s  rate=4.4/s  eta=9985s  finite=18945
  [56570/100000]  elapsed=13003s  rate=4.4/s  eta=9982s  finite=18948
  [56580/100000]  elapsed=13005s  rate=4.4/s  eta=9981s  finite=18952
  [56590/100000]  elapsed=13008s  rate=4.4/s  eta=9978s  finite=18955
  [warn] sample 1 failed: This a (0.35336805), p0 (13.594575) and e0 (0.8899965000000001) combination is outside of our domain of validity.
  [56600/100000]  elapsed=13010s  rate=4.4/s  eta=9976s  finite=18957
  -> checkpoint saved: /scratch/e1498138/paper/ext/emri_g/lhs_f/ckpt_056600.pkl
  [56610/100000]  elapsed=13012s  rate=4.4/s  eta=9973s  finite=18959
  [56620/100000]  elapsed=13015s  rate=4.4/s  eta=9971s  finite=18964
  [warn] sample 4 failed: 
  [56630/100000]  elapsed=13017s  rate=4.4/s  eta=9969s  finite=18967
  [56640/100000]  elapsed=13019s  rate=4.4/s  eta=9967s  finite=18971
  [56650/100000]  elapsed=13022s  rate=4.4/s  eta=9964s  finite=18974
  [56660/100000]  elapsed=13024s  rate=4.4/s  eta=9962s  finite=18977
  [56670/100000]  elapsed=13026s  rate=4.4/s  eta=9960s  finite=18980
  [56680/100000]  elapsed=13028s  rate=4.4/s  eta=9958s  finite=18983
  [56690/100000]  elapsed=13031s  rate=4.4/s  eta=9955s  finite=18986
  [warn] sample 2 failed: 
  [56700/100000]  elapsed=13033s  rate=4.4/s  eta=9953s  finite=18989
  -> checkpoint saved: /scratch/e1498138/paper/ext/emri_g/lhs_f/ckpt_056700.pkl
  [56710/100000]  elapsed=13035s  rate=4.4/s  eta=9951s  finite=18992
  [56720/100000]  elapsed=13038s  rate=4.4/s  eta=9948s  finite=18997
  [56730/100000]  elapsed=13040s  rate=4.4/s  eta=9946s  finite=18999
  [56740/100000]  elapsed=13042s  rate=4.4/s  eta=9944s  finite=19002
  [56750/100000]  elapsed=13045s  rate=4.4/s  eta=9942s  finite=19008
  [56760/100000]  elapsed=13047s  rate=4.4/s  eta=9940s  finite=19010
  [warn] sample 2 failed: 
  [56770/100000]  elapsed=13050s  rate=4.4/s  eta=9937s  finite=19013
  [56780/100000]  elapsed=13052s  rate=4.4/s  eta=9935s  finite=19016
  [56790/100000]  elapsed=13054s  rate=4.4/s  eta=9933s  finite=19017
  [warn] sample 5 failed: 
  [56800/100000]  elapsed=13057s  rate=4.4/s  eta=9930s  finite=19020
  -> checkpoint saved: /scratch/e1498138/paper/ext/emri_g/lhs_f/ckpt_056800.pkl
  [56810/100000]  elapsed=13059s  rate=4.4/s  eta=9928s  finite=19022
  [56820/100000]  elapsed=13061s  rate=4.4/s  eta=9926s  finite=19024
  [warn] sample 1 failed: 
  [56830/100000]  elapsed=13063s  rate=4.4/s  eta=9923s  finite=19026
  [56840/100000]  elapsed=13066s  rate=4.4/s  eta=9921s  finite=19026
  [56850/100000]  elapsed=13068s  rate=4.4/s  eta=9919s  finite=19032
  [56860/100000]  elapsed=13070s  rate=4.4/s  eta=9917s  finite=19034
  [warn] sample 3 failed: 
  [56870/100000]  elapsed=13073s  rate=4.4/s  eta=9914s  finite=19038
  [56880/100000]  elapsed=13075s  rate=4.4/s  eta=9912s  finite=19042
  [56890/100000]  elapsed=13077s  rate=4.4/s  eta=9910s  finite=19043
  [56900/100000]  elapsed=13079s  rate=4.4/s  eta=9907s  finite=19045
  -> checkpoint saved: /scratch/e1498138/paper/ext/emri_g/lhs_f/ckpt_056900.pkl
  [56910/100000]  elapsed=13082s  rate=4.4/s  eta=9905s  finite=19048
  [56920/100000]  elapsed=13084s  rate=4.4/s  eta=9903s  finite=19050
  [warn] sample 8 failed: 
  [56930/100000]  elapsed=13086s  rate=4.4/s  eta=9900s  finite=19054
  [warn] sample 9 failed: 
  [56940/100000]  elapsed=13089s  rate=4.4/s  eta=9898s  finite=19056
  [56950/100000]  elapsed=13091s  rate=4.4/s  eta=9896s  finite=19059
  [56960/100000]  elapsed=13094s  rate=4.4/s  eta=9894s  finite=19064
  [56970/100000]  elapsed=13096s  rate=4.4/s  eta=9891s  finite=19068
  [56980/100000]  elapsed=13098s  rate=4.4/s  eta=9889s  finite=19073
  [56990/100000]  elapsed=13100s  rate=4.4/s  eta=9887s  finite=19074
  [warn] sample 9 failed: 
  [57000/100000]  elapsed=13103s  rate=4.4/s  eta=9884s  finite=19076
  -> checkpoint saved: /scratch/e1498138/paper/ext/emri_g/lhs_f/ckpt_057000.pkl
  [warn] sample 4 failed: 
  [57010/100000]  elapsed=13105s  rate=4.4/s  eta=9882s  finite=19080
  [warn] sample 3 failed: 
  [warn] sample 7 failed: 
  [57020/100000]  elapsed=13107s  rate=4.4/s  eta=9880s  finite=19081
  [57030/100000]  elapsed=13109s  rate=4.4/s  eta=9877s  finite=19087
  [57040/100000]  elapsed=13112s  rate=4.4/s  eta=9875s  finite=19089
  [57050/100000]  elapsed=13114s  rate=4.4/s  eta=9873s  finite=19091
  [57060/100000]  elapsed=13116s  rate=4.4/s  eta=9871s  finite=19095
  [57070/100000]  elapsed=13119s  rate=4.4/s  eta=9868s  finite=19099
  [warn] sample 9 failed: 
  [57080/100000]  elapsed=13121s  rate=4.4/s  eta=9866s  finite=19104
  [57090/100000]  elapsed=13123s  rate=4.4/s  eta=9864s  finite=19108
  [57100/100000]  elapsed=13126s  rate=4.4/s  eta=9862s  finite=19113
  -> checkpoint saved: /scratch/e1498138/paper/ext/emri_g/lhs_f/ckpt_057100.pkl
  [57110/100000]  elapsed=13128s  rate=4.4/s  eta=9859s  finite=19118
  [57120/100000]  elapsed=13130s  rate=4.4/s  eta=9857s  finite=19120
  [57130/100000]  elapsed=13133s  rate=4.4/s  eta=9855s  finite=19124
  [57140/100000]  elapsed=13135s  rate=4.4/s  eta=9853s  finite=19128
  [57150/100000]  elapsed=13138s  rate=4.4/s  eta=9850s  finite=19132
  [warn] sample 3 failed: 
  [57160/100000]  elapsed=13140s  rate=4.4/s  eta=9848s  finite=19137
  [57170/100000]  elapsed=13142s  rate=4.4/s  eta=9846s  finite=19139
  [57180/100000]  elapsed=13144s  rate=4.4/s  eta=9843s  finite=19141
  [57190/100000]  elapsed=13147s  rate=4.4/s  eta=9841s  finite=19144
  [57200/100000]  elapsed=13149s  rate=4.4/s  eta=9839s  finite=19148
  -> checkpoint saved: /scratch/e1498138/paper/ext/emri_g/lhs_f/ckpt_057200.pkl
  [57210/100000]  elapsed=13151s  rate=4.4/s  eta=9837s  finite=19153
  [warn] sample 7 failed: 
  [57220/100000]  elapsed=13154s  rate=4.4/s  eta=9834s  finite=19156
  [57230/100000]  elapsed=13156s  rate=4.4/s  eta=9832s  finite=19161
  [57240/100000]  elapsed=13158s  rate=4.4/s  eta=9830s  finite=19167
  [57250/100000]  elapsed=13160s  rate=4.4/s  eta=9827s  finite=19171
  [57260/100000]  elapsed=13163s  rate=4.4/s  eta=9825s  finite=19173
  [57270/100000]  elapsed=13165s  rate=4.4/s  eta=9823s  finite=19178
  [57280/100000]  elapsed=13167s  rate=4.4/s  eta=9820s  finite=19180
  [57290/100000]  elapsed=13170s  rate=4.4/s  eta=9818s  finite=19185
  [57300/100000]  elapsed=13172s  rate=4.4/s  eta=9816s  finite=19187
  -> checkpoint saved: /scratch/e1498138/paper/ext/emri_g/lhs_f/ckpt_057300.pkl
  [57310/100000]  elapsed=13175s  rate=4.4/s  eta=9814s  finite=19189
  [57320/100000]  elapsed=13177s  rate=4.4/s  eta=9811s  finite=19191
  [57330/100000]  elapsed=13179s  rate=4.4/s  eta=9809s  finite=19196
  [57340/100000]  elapsed=13182s  rate=4.4/s  eta=9807s  finite=19198
  [warn] sample 9 failed: 
  [57350/100000]  elapsed=13184s  rate=4.4/s  eta=9804s  finite=19199
  [57360/100000]  elapsed=13186s  rate=4.4/s  eta=9802s  finite=19205
  [57370/100000]  elapsed=13188s  rate=4.4/s  eta=9800s  finite=19209
  [57380/100000]  elapsed=13191s  rate=4.4/s  eta=9798s  finite=19212
  [57390/100000]  elapsed=13193s  rate=4.4/s  eta=9795s  finite=19214
  [57400/100000]  elapsed=13195s  rate=4.4/s  eta=9793s  finite=19216
  -> checkpoint saved: /scratch/e1498138/paper/ext/emri_g/lhs_f/ckpt_057400.pkl
  [57410/100000]  elapsed=13197s  rate=4.4/s  eta=9791s  finite=19218
  [57420/100000]  elapsed=13200s  rate=4.4/s  eta=9788s  finite=19222
  [57430/100000]  elapsed=13202s  rate=4.3/s  eta=9786s  finite=19225
  [warn] sample 8 failed: 
  [57440/100000]  elapsed=13204s  rate=4.4/s  eta=9784s  finite=19228
  [57450/100000]  elapsed=13207s  rate=4.4/s  eta=9782s  finite=19231
  [57460/100000]  elapsed=13209s  rate=4.3/s  eta=9779s  finite=19233
  [57470/100000]  elapsed=13212s  rate=4.3/s  eta=9777s  finite=19236
  [57480/100000]  elapsed=13214s  rate=4.3/s  eta=9775s  finite=19240
  [warn] sample 2 failed: 
  [57490/100000]  elapsed=13216s  rate=4.4/s  eta=9772s  finite=19244
  [warn] sample 2 failed: 
  [57500/100000]  elapsed=13218s  rate=4.4/s  eta=9770s  finite=19246
  -> checkpoint saved: /scratch/e1498138/paper/ext/emri_g/lhs_f/ckpt_057500.pkl
  [warn] sample 6 failed: This a (0.60993765), p0 (13.933275) and e0 (0.8996445) combination is outside of our domain of validity.
  [57510/100000]  elapsed=13220s  rate=4.4/s  eta=9768s  finite=19249
  [57520/100000]  elapsed=13223s  rate=4.4/s  eta=9765s  finite=19251
  [57530/100000]  elapsed=13225s  rate=4.4/s  eta=9763s  finite=19256
  [57540/100000]  elapsed=13228s  rate=4.3/s  eta=9761s  finite=19258
  [57550/100000]  elapsed=13230s  rate=4.3/s  eta=9759s  finite=19262
  [57560/100000]  elapsed=13232s  rate=4.3/s  eta=9756s  finite=19266
  [57570/100000]  elapsed=13235s  rate=4.3/s  eta=9754s  finite=19272
  [57580/100000]  elapsed=13237s  rate=4.3/s  eta=9752s  finite=19274
  [57590/100000]  elapsed=13239s  rate=4.3/s  eta=9749s  finite=19280
  [warn] sample 3 failed: This a (0.39383654999999995), p0 (13.513485) and e0 (0.8995395) combination is outside of our domain of validity.
  [57600/100000]  elapsed=13241s  rate=4.4/s  eta=9747s  finite=19284
  -> checkpoint saved: /scratch/e1498138/paper/ext/emri_g/lhs_f/ckpt_057600.pkl
  [57610/100000]  elapsed=13244s  rate=4.3/s  eta=9745s  finite=19289
  [warn] sample 3 failed: 
  [57620/100000]  elapsed=13246s  rate=4.3/s  eta=9743s  finite=19293
  [57630/100000]  elapsed=13248s  rate=4.3/s  eta=9740s  finite=19297
  [57640/100000]  elapsed=13251s  rate=4.3/s  eta=9738s  finite=19300
  [57650/100000]  elapsed=13253s  rate=4.3/s  eta=9736s  finite=19306
  [warn] sample 8 failed: 
  [57660/100000]  elapsed=13255s  rate=4.3/s  eta=9733s  finite=19309
  [57670/100000]  elapsed=13258s  rate=4.3/s  eta=9731s  finite=19313
  [warn] sample 2 failed: This a (0.31400354999999996), p0 (14.827035) and e0 (0.8958765000000001) combination is outside of our domain of validity.
  [57680/100000]  elapsed=13260s  rate=4.3/s  eta=9729s  finite=19318
  [57690/100000]  elapsed=13262s  rate=4.3/s  eta=9726s  finite=19321
  [57700/100000]  elapsed=13264s  rate=4.4/s  eta=9724s  finite=19324
  -> checkpoint saved: /scratch/e1498138/paper/ext/emri_g/lhs_f/ckpt_057700.pkl
  [57710/100000]  elapsed=13267s  rate=4.4/s  eta=9722s  finite=19328
  [warn] sample 9 failed: 
  [57720/100000]  elapsed=13269s  rate=4.4/s  eta=9719s  finite=19331
  [57730/100000]  elapsed=13271s  rate=4.4/s  eta=9717s  finite=19334
  [57740/100000]  elapsed=13273s  rate=4.4/s  eta=9715s  finite=19339
  [warn] sample 5 failed: 
  [warn] sample 8 failed: This a (0.41862825), p0 (13.740045) and e0 (0.8876055) combination is outside of our domain of validity.
  [57750/100000]  elapsed=13275s  rate=4.4/s  eta=9712s  finite=19341
  [57760/100000]  elapsed=13278s  rate=4.4/s  eta=9710s  finite=19345
  [57770/100000]  elapsed=13280s  rate=4.4/s  eta=9708s  finite=19351
  [57780/100000]  elapsed=13283s  rate=4.4/s  eta=9706s  finite=19354
  [57790/100000]  elapsed=13285s  rate=4.4/s  eta=9703s  finite=19358
  [57800/100000]  elapsed=13287s  rate=4.3/s  eta=9701s  finite=19361
  -> checkpoint saved: /scratch/e1498138/paper/ext/emri_g/lhs_f/ckpt_057800.pkl
  [57810/100000]  elapsed=13290s  rate=4.3/s  eta=9699s  finite=19365
  [57820/100000]  elapsed=13292s  rate=4.3/s  eta=9697s  finite=19367
  [57830/100000]  elapsed=13295s  rate=4.3/s  eta=9695s  finite=19370
  [57840/100000]  elapsed=13297s  rate=4.3/s  eta=9692s  finite=19373
  [57850/100000]  elapsed=13299s  rate=4.3/s  eta=9690s  finite=19377
  [warn] sample 0 failed: 
  [warn] sample 7 failed: This a (0.30595125), p0 (13.640445) and e0 (0.8921085) combination is outside of our domain of validity.
  [57860/100000]  elapsed=13301s  rate=4.3/s  eta=9688s  finite=19380
  [57870/100000]  elapsed=13304s  rate=4.3/s  eta=9685s  finite=19384
  [57880/100000]  elapsed=13306s  rate=4.3/s  eta=9683s  finite=19388
  [warn] sample 2 failed: This a (0.35054595), p0 (13.994595) and e0 (0.8944845000000001) combination is outside of our domain of validity.
  [warn] sample 5 failed: This a (0.36674715), p0 (14.263935) and e0 (0.8921115000000001) combination is outside of our domain of validity.
  [57890/100000]  elapsed=13308s  rate=4.4/s  eta=9680s  finite=19392
  [57900/100000]  elapsed=13310s  rate=4.3/s  eta=9678s  finite=19396
  -> checkpoint saved: /scratch/e1498138/paper/ext/emri_g/lhs_f/ckpt_057900.pkl
  [warn] sample 7 failed: 
  [57910/100000]  elapsed=13313s  rate=4.4/s  eta=9676s  finite=19400
  [57920/100000]  elapsed=13315s  rate=4.3/s  eta=9674s  finite=19403
  [warn] sample 7 failed: 
  [57930/100000]  elapsed=13317s  rate=4.4/s  eta=9671s  finite=19406
  [warn] sample 7 failed: This a (0.36815475), p0 (13.791465) and e0 (0.8954565000000001) combination is outside of our domain of validity.
  [57940/100000]  elapsed=13319s  rate=4.4/s  eta=9669s  finite=19409
  [57950/100000]  elapsed=13322s  rate=4.4/s  eta=9667s  finite=19411
  [57960/100000]  elapsed=13324s  rate=4.4/s  eta=9664s  finite=19414
  [57970/100000]  elapsed=13326s  rate=4.4/s  eta=9662s  finite=19416
  [57980/100000]  elapsed=13329s  rate=4.4/s  eta=9660s  finite=19420
  [57990/100000]  elapsed=13331s  rate=4.4/s  eta=9657s  finite=19423
  [warn] sample 0 failed: This a (0.31083645), p0 (13.726275) and e0 (0.8865705) combination is outside of our domain of validity.
  [58000/100000]  elapsed=13333s  rate=4.4/s  eta=9655s  finite=19423
  -> checkpoint saved: /scratch/e1498138/paper/ext/emri_g/lhs_f/ckpt_058000.pkl
  [warn] sample 7 failed: This a (0.52464675), p0 (14.061914999999999) and e0 (0.8994615) combination is outside of our domain of validity.
  [58010/100000]  elapsed=13335s  rate=4.4/s  eta=9652s  finite=19426
  [58020/100000]  elapsed=13338s  rate=4.4/s  eta=9650s  finite=19429
  [58030/100000]  elapsed=13340s  rate=4.4/s  eta=9648s  finite=19431
  [58040/100000]  elapsed=13342s  rate=4.4/s  eta=9646s  finite=19433
  [58050/100000]  elapsed=13345s  rate=4.3/s  eta=9644s  finite=19438
  [58060/100000]  elapsed=13347s  rate=4.3/s  eta=9641s  finite=19443
  [warn] sample 1 failed: This a (0.43447064999999996), p0 (13.955985) and e0 (0.8934945000000001) combination is outside of our domain of validity.
  [58070/100000]  elapsed=13349s  rate=4.3/s  eta=9639s  finite=19447
  [58080/100000]  elapsed=13352s  rate=4.3/s  eta=9637s  finite=19449
  [58090/100000]  elapsed=13354s  rate=4.3/s  eta=9635s  finite=19456
  [58100/100000]  elapsed=13357s  rate=4.3/s  eta=9632s  finite=19460
  -> checkpoint saved: /scratch/e1498138/paper/ext/emri_g/lhs_f/ckpt_058100.pkl
  [58110/100000]  elapsed=13359s  rate=4.3/s  eta=9630s  finite=19462
  [58120/100000]  elapsed=13361s  rate=4.3/s  eta=9628s  finite=19466
  [58130/100000]  elapsed=13364s  rate=4.3/s  eta=9626s  finite=19471
  [58140/100000]  elapsed=13366s  rate=4.3/s  eta=9623s  finite=19474
  [58150/100000]  elapsed=13369s  rate=4.3/s  eta=9621s  finite=19478
  [warn] sample 6 failed: This a (0.52703415), p0 (14.143545) and e0 (0.8990505000000001) combination is outside of our domain of validity.
  [58160/100000]  elapsed=13371s  rate=4.3/s  eta=9619s  finite=19480
  [58170/100000]  elapsed=13373s  rate=4.3/s  eta=9617s  finite=19484
  [58180/100000]  elapsed=13376s  rate=4.3/s  eta=9614s  finite=19488
  [58190/100000]  elapsed=13378s  rate=4.3/s  eta=9612s  finite=19488
  [58200/100000]  elapsed=13380s  rate=4.3/s  eta=9610s  finite=19491
  -> checkpoint saved: /scratch/e1498138/paper/ext/emri_g/lhs_f/ckpt_058200.pkl
  [58210/100000]  elapsed=13383s  rate=4.3/s  eta=9608s  finite=19496
  [58220/100000]  elapsed=13385s  rate=4.3/s  eta=9605s  finite=19502
  [58230/100000]  elapsed=13388s  rate=4.3/s  eta=9603s  finite=19507
  [warn] sample 6 failed: 
  [58240/100000]  elapsed=13390s  rate=4.3/s  eta=9601s  finite=19512
  [58250/100000]  elapsed=13392s  rate=4.3/s  eta=9599s  finite=19517
  [warn] sample 5 failed: 
  [warn] sample 8 failed: This a (0.38332095), p0 (14.064225) and e0 (0.8956185000000001) combination is outside of our domain of validity.
  [58260/100000]  elapsed=13394s  rate=4.3/s  eta=9596s  finite=19521
  [58270/100000]  elapsed=13397s  rate=4.3/s  eta=9594s  finite=19524
  [58280/100000]  elapsed=13399s  rate=4.3/s  eta=9592s  finite=19528
  [58290/100000]  elapsed=13401s  rate=4.3/s  eta=9589s  finite=19529
  [warn] sample 0 failed: 
  [58300/100000]  elapsed=13404s  rate=4.3/s  eta=9587s  finite=19532
  -> checkpoint saved: /scratch/e1498138/paper/ext/emri_g/lhs_f/ckpt_058300.pkl
  [58310/100000]  elapsed=13406s  rate=4.3/s  eta=9585s  finite=19534
  [58320/100000]  elapsed=13408s  rate=4.3/s  eta=9583s  finite=19538
  [58330/100000]  elapsed=13411s  rate=4.3/s  eta=9580s  finite=19538
  [58340/100000]  elapsed=13413s  rate=4.3/s  eta=9578s  finite=19542
  [58350/100000]  elapsed=13415s  rate=4.3/s  eta=9576s  finite=19543
  [warn] sample 6 failed: 
  [58360/100000]  elapsed=13418s  rate=4.3/s  eta=9573s  finite=19547
  [58370/100000]  elapsed=13420s  rate=4.3/s  eta=9571s  finite=19549
  [58380/100000]  elapsed=13422s  rate=4.3/s  eta=9569s  finite=19551
  [58390/100000]  elapsed=13425s  rate=4.3/s  eta=9567s  finite=19555
  [58400/100000]  elapsed=13427s  rate=4.3/s  eta=9564s  finite=19558
  -> checkpoint saved: /scratch/e1498138/paper/ext/emri_g/lhs_f/ckpt_058400.pkl
  [warn] sample 9 failed: 
  [58410/100000]  elapsed=13429s  rate=4.3/s  eta=9562s  finite=19560
  [58420/100000]  elapsed=13431s  rate=4.3/s  eta=9560s  finite=19564
  [58430/100000]  elapsed=13434s  rate=4.3/s  eta=9557s  finite=19567
  [58440/100000]  elapsed=13436s  rate=4.3/s  eta=9555s  finite=19573
  [58450/100000]  elapsed=13438s  rate=4.3/s  eta=9553s  finite=19578
  [58460/100000]  elapsed=13441s  rate=4.3/s  eta=9550s  finite=19579
  [58470/100000]  elapsed=13443s  rate=4.3/s  eta=9548s  finite=19581
  [warn] sample 0 failed: 
  [warn] sample 7 failed: This a (0.44202615), p0 (13.644645) and e0 (0.8982075) combination is outside of our domain of validity.
  [58480/100000]  elapsed=13445s  rate=4.3/s  eta=9546s  finite=19585
  [warn] sample 5 failed: 
  [58490/100000]  elapsed=13447s  rate=4.3/s  eta=9543s  finite=19589
  [58500/100000]  elapsed=13449s  rate=4.3/s  eta=9541s  finite=19593
  -> checkpoint saved: /scratch/e1498138/paper/ext/emri_g/lhs_f/ckpt_058500.pkl
  [58510/100000]  elapsed=13452s  rate=4.3/s  eta=9539s  finite=19600
  [58520/100000]  elapsed=13454s  rate=4.3/s  eta=9536s  finite=19603
  [58530/100000]  elapsed=13456s  rate=4.3/s  eta=9534s  finite=19606
  [58540/100000]  elapsed=13458s  rate=4.3/s  eta=9532s  finite=19607
  [warn] sample 8 failed: 
  [58550/100000]  elapsed=13461s  rate=4.3/s  eta=9529s  finite=19609
  [58560/100000]  elapsed=13463s  rate=4.3/s  eta=9527s  finite=19615
  [58570/100000]  elapsed=13465s  rate=4.3/s  eta=9525s  finite=19618
  [58580/100000]  elapsed=13467s  rate=4.3/s  eta=9522s  finite=19622
  [warn] sample 0 failed: 
  [58590/100000]  elapsed=13470s  rate=4.3/s  eta=9520s  finite=19625
  [warn] sample 4 failed: 
  [58600/100000]  elapsed=13472s  rate=4.3/s  eta=9518s  finite=19631
  -> checkpoint saved: /scratch/e1498138/paper/ext/emri_g/lhs_f/ckpt_058600.pkl
  [58610/100000]  elapsed=13474s  rate=4.3/s  eta=9515s  finite=19634
  [58620/100000]  elapsed=13476s  rate=4.3/s  eta=9513s  finite=19635
  [warn] sample 5 failed: 
  [58630/100000]  elapsed=13479s  rate=4.3/s  eta=9511s  finite=19639
  [58640/100000]  elapsed=13481s  rate=4.3/s  eta=9508s  finite=19641
  [58650/100000]  elapsed=13483s  rate=4.3/s  eta=9506s  finite=19646
  [58660/100000]  elapsed=13486s  rate=4.3/s  eta=9504s  finite=19652
  [warn] sample 5 failed: 
  [58670/100000]  elapsed=13488s  rate=4.3/s  eta=9501s  finite=19654
  [58680/100000]  elapsed=13490s  rate=4.3/s  eta=9499s  finite=19656
  [58690/100000]  elapsed=13492s  rate=4.3/s  eta=9497s  finite=19661
  [warn] sample 6 failed: 
  [58700/100000]  elapsed=13495s  rate=4.3/s  eta=9494s  finite=19665
  -> checkpoint saved: /scratch/e1498138/paper/ext/emri_g/lhs_f/ckpt_058700.pkl
  [58710/100000]  elapsed=13497s  rate=4.3/s  eta=9492s  finite=19669
  [58720/100000]  elapsed=13499s  rate=4.3/s  eta=9490s  finite=19675
  [58730/100000]  elapsed=13502s  rate=4.3/s  eta=9488s  finite=19679
  [58740/100000]  elapsed=13504s  rate=4.3/s  eta=9485s  finite=19685
  [58750/100000]  elapsed=13506s  rate=4.3/s  eta=9483s  finite=19689
  [58760/100000]  elapsed=13509s  rate=4.3/s  eta=9481s  finite=19690
  [58770/100000]  elapsed=13511s  rate=4.3/s  eta=9479s  finite=19695
  [warn] sample 3 failed: This a (0.47110275), p0 (14.087925) and e0 (0.8975805) combination is outside of our domain of validity.
  [58780/100000]  elapsed=13513s  rate=4.3/s  eta=9476s  finite=19698
  [warn] sample 1 failed: 
  [warn] sample 9 failed: 
  [58790/100000]  elapsed=13515s  rate=4.3/s  eta=9474s  finite=19702
  [58800/100000]  elapsed=13518s  rate=4.3/s  eta=9471s  finite=19706
  -> checkpoint saved: /scratch/e1498138/paper/ext/emri_g/lhs_f/ckpt_058800.pkl
  [58810/100000]  elapsed=13520s  rate=4.3/s  eta=9469s  finite=19707
  [58820/100000]  elapsed=13522s  rate=4.3/s  eta=9467s  finite=19710
  [58830/100000]  elapsed=13524s  rate=4.3/s  eta=9465s  finite=19711
  [58840/100000]  elapsed=13527s  rate=4.3/s  eta=9462s  finite=19714
  [58850/100000]  elapsed=13529s  rate=4.3/s  eta=9460s  finite=19718
  [58860/100000]  elapsed=13531s  rate=4.3/s  eta=9458s  finite=19723
  [58870/100000]  elapsed=13534s  rate=4.3/s  eta=9455s  finite=19727
  [58880/100000]  elapsed=13536s  rate=4.3/s  eta=9453s  finite=19731
  [58890/100000]  elapsed=13538s  rate=4.3/s  eta=9451s  finite=19734
  [58900/100000]  elapsed=13540s  rate=4.3/s  eta=9448s  finite=19738
  -> checkpoint saved: /scratch/e1498138/paper/ext/emri_g/lhs_f/ckpt_058900.pkl
  [warn] sample 1 failed: 
  [58910/100000]  elapsed=13543s  rate=4.3/s  eta=9446s  finite=19739
  [warn] sample 8 failed: This a (0.40549065), p0 (13.757745) and e0 (0.8884275) combination is outside of our domain of validity.
  [58920/100000]  elapsed=13545s  rate=4.4/s  eta=9443s  finite=19739
  [58930/100000]  elapsed=13547s  rate=4.4/s  eta=9441s  finite=19743
  [58940/100000]  elapsed=13549s  rate=4.4/s  eta=9439s  finite=19746
  [58950/100000]  elapsed=13551s  rate=4.4/s  eta=9437s  finite=19751
  [58960/100000]  elapsed=13554s  rate=4.4/s  eta=9434s  finite=19752
  [58970/100000]  elapsed=13556s  rate=4.4/s  eta=9432s  finite=19757
  [58980/100000]  elapsed=13558s  rate=4.4/s  eta=9430s  finite=19760
  [58990/100000]  elapsed=13561s  rate=4.4/s  eta=9428s  finite=19766
  [59000/100000]  elapsed=13563s  rate=4.4/s  eta=9425s  finite=19768
  -> checkpoint saved: /scratch/e1498138/paper/ext/emri_g/lhs_f/ckpt_059000.pkl
  [59010/100000]  elapsed=13565s  rate=4.4/s  eta=9423s  finite=19773
  [59020/100000]  elapsed=13568s  rate=4.4/s  eta=9421s  finite=19778
  [59030/100000]  elapsed=13570s  rate=4.4/s  eta=9418s  finite=19780
  [warn] sample 5 failed: 
  [59040/100000]  elapsed=13572s  rate=4.4/s  eta=9416s  finite=19780
  [59050/100000]  elapsed=13574s  rate=4.4/s  eta=9414s  finite=19783
  [59060/100000]  elapsed=13577s  rate=4.4/s  eta=9411s  finite=19785
  [59070/100000]  elapsed=13579s  rate=4.3/s  eta=9409s  finite=19790
  [59080/100000]  elapsed=13582s  rate=4.3/s  eta=9407s  finite=19793
  [59090/100000]  elapsed=13584s  rate=4.3/s  eta=9405s  finite=19796
  [59100/100000]  elapsed=13586s  rate=4.3/s  eta=9402s  finite=19799
  -> checkpoint saved: /scratch/e1498138/paper/ext/emri_g/lhs_f/ckpt_059100.pkl
  [59110/100000]  elapsed=13589s  rate=4.3/s  eta=9400s  finite=19801
  [59120/100000]  elapsed=13591s  rate=4.3/s  eta=9398s  finite=19806
  [59130/100000]  elapsed=13593s  rate=4.3/s  eta=9395s  finite=19809
  [59140/100000]  elapsed=13595s  rate=4.3/s  eta=9393s  finite=19811
  [warn] sample 4 failed: This a (0.33369614999999997), p0 (15.045705) and e0 (0.8980755) combination is outside of our domain of validity.
  [59150/100000]  elapsed=13598s  rate=4.4/s  eta=9391s  finite=19812
  [59160/100000]  elapsed=13600s  rate=4.4/s  eta=9388s  finite=19814
  [59170/100000]  elapsed=13602s  rate=4.4/s  eta=9386s  finite=19814
  [59180/100000]  elapsed=13604s  rate=4.4/s  eta=9384s  finite=19817
  [59190/100000]  elapsed=13607s  rate=4.4/s  eta=9382s  finite=19819
  [59200/100000]  elapsed=13609s  rate=4.4/s  eta=9379s  finite=19820
  -> checkpoint saved: /scratch/e1498138/paper/ext/emri_g/lhs_f/ckpt_059200.pkl
  [59210/100000]  elapsed=13611s  rate=4.4/s  eta=9377s  finite=19825
  [59220/100000]  elapsed=13614s  rate=4.4/s  eta=9375s  finite=19830
  [59230/100000]  elapsed=13616s  rate=4.4/s  eta=9372s  finite=19835
  [59240/100000]  elapsed=13619s  rate=4.3/s  eta=9370s  finite=19841
  [59250/100000]  elapsed=13621s  rate=4.3/s  eta=9368s  finite=19845
  [59260/100000]  elapsed=13623s  rate=4.3/s  eta=9366s  finite=19850
  [warn] sample 0 failed: 
  [59270/100000]  elapsed=13625s  rate=4.4/s  eta=9363s  finite=19851
  [warn] sample 5 failed: 
  [59280/100000]  elapsed=13627s  rate=4.4/s  eta=9361s  finite=19854
  [warn] sample 7 failed: 
  [59290/100000]  elapsed=13630s  rate=4.4/s  eta=9358s  finite=19859
  [59300/100000]  elapsed=13632s  rate=4.4/s  eta=9356s  finite=19859
  -> checkpoint saved: /scratch/e1498138/paper/ext/emri_g/lhs_f/ckpt_059300.pkl
  [59310/100000]  elapsed=13634s  rate=4.4/s  eta=9354s  finite=19864
  [warn] sample 4 failed: This a (0.50753475), p0 (14.350365) and e0 (0.8994495) combination is outside of our domain of validity.
  [warn] sample 5 failed: 
  [59320/100000]  elapsed=13636s  rate=4.4/s  eta=9351s  finite=19866
  [warn] sample 7 failed: This a (0.34828965), p0 (13.790955) and e0 (0.8884515000000001) combination is outside of our domain of validity.
  [59330/100000]  elapsed=13638s  rate=4.4/s  eta=9349s  finite=19870
  [59340/100000]  elapsed=13641s  rate=4.4/s  eta=9347s  finite=19871
  [59350/100000]  elapsed=13643s  rate=4.4/s  eta=9344s  finite=19872
  [warn] sample 0 failed: 
  [warn] sample 6 failed: 
  [warn] sample 7 failed: 
  [59360/100000]  elapsed=13645s  rate=4.4/s  eta=9342s  finite=19873
  [59370/100000]  elapsed=13647s  rate=4.4/s  eta=9339s  finite=19878
  [59380/100000]  elapsed=13649s  rate=4.4/s  eta=9337s  finite=19881
  [59390/100000]  elapsed=13652s  rate=4.4/s  eta=9335s  finite=19885
  [59400/100000]  elapsed=13654s  rate=4.4/s  eta=9332s  finite=19886
  -> checkpoint saved: /scratch/e1498138/paper/ext/emri_g/lhs_f/ckpt_059400.pkl
  [59410/100000]  elapsed=13656s  rate=4.4/s  eta=9330s  finite=19889
  [59420/100000]  elapsed=13659s  rate=4.4/s  eta=9328s  finite=19892
  [59430/100000]  elapsed=13661s  rate=4.4/s  eta=9326s  finite=19896
  [59440/100000]  elapsed=13663s  rate=4.4/s  eta=9323s  finite=19901
  [warn] sample 3 failed: 
  [59450/100000]  elapsed=13665s  rate=4.4/s  eta=9321s  finite=19904
  [59460/100000]  elapsed=13668s  rate=4.4/s  eta=9319s  finite=19907
  [59470/100000]  elapsed=13670s  rate=4.4/s  eta=9316s  finite=19909
  [warn] sample 7 failed: 
  [59480/100000]  elapsed=13672s  rate=4.4/s  eta=9314s  finite=19911
  [warn] sample 1 failed: 
  [warn] sample 5 failed: 
  [59490/100000]  elapsed=13674s  rate=4.4/s  eta=9311s  finite=19916
  [59500/100000]  elapsed=13676s  rate=4.4/s  eta=9309s  finite=19919
  -> checkpoint saved: /scratch/e1498138/paper/ext/emri_g/lhs_f/ckpt_059500.pkl
  [59510/100000]  elapsed=13679s  rate=4.4/s  eta=9307s  finite=19921
  [warn] sample 7 failed: 
  [59520/100000]  elapsed=13681s  rate=4.4/s  eta=9304s  finite=19922
  [59530/100000]  elapsed=13683s  rate=4.4/s  eta=9302s  finite=19928
  [59540/100000]  elapsed=13686s  rate=4.4/s  eta=9300s  finite=19931
  [59550/100000]  elapsed=13688s  rate=4.4/s  eta=9298s  finite=19933
  [warn] sample 2 failed: 
  [59560/100000]  elapsed=13690s  rate=4.4/s  eta=9295s  finite=19935
  [59570/100000]  elapsed=13693s  rate=4.4/s  eta=9293s  finite=19939
  [warn] sample 8 failed: 
  [59580/100000]  elapsed=13695s  rate=4.4/s  eta=9291s  finite=19941
  [59590/100000]  elapsed=13697s  rate=4.4/s  eta=9288s  finite=19944
  [59600/100000]  elapsed=13699s  rate=4.4/s  eta=9286s  finite=19948
  -> checkpoint saved: /scratch/e1498138/paper/ext/emri_g/lhs_f/ckpt_059600.pkl
  [59610/100000]  elapsed=13702s  rate=4.4/s  eta=9284s  finite=19952
  [59620/100000]  elapsed=13704s  rate=4.4/s  eta=9282s  finite=19956
  [59630/100000]  elapsed=13706s  rate=4.4/s  eta=9279s  finite=19960
  [59640/100000]  elapsed=13709s  rate=4.4/s  eta=9277s  finite=19966
  [59650/100000]  elapsed=13711s  rate=4.4/s  eta=9275s  finite=19972
  [warn] sample 0 failed: 
  [59660/100000]  elapsed=13714s  rate=4.4/s  eta=9273s  finite=19977
  [59670/100000]  elapsed=13716s  rate=4.4/s  eta=9270s  finite=19978
  [59680/100000]  elapsed=13718s  rate=4.4/s  eta=9268s  finite=19983
  [warn] sample 7 failed: 
  [59690/100000]  elapsed=13721s  rate=4.4/s  eta=9266s  finite=19985
  [59700/100000]  elapsed=13723s  rate=4.4/s  eta=9264s  finite=19989
  -> checkpoint saved: /scratch/e1498138/paper/ext/emri_g/lhs_f/ckpt_059700.pkl
  [warn] sample 0 failed: 
  [59710/100000]  elapsed=13725s  rate=4.4/s  eta=9261s  finite=19991
  [59720/100000]  elapsed=13728s  rate=4.4/s  eta=9259s  finite=19998
  [59730/100000]  elapsed=13730s  rate=4.4/s  eta=9257s  finite=20000
  [59740/100000]  elapsed=13732s  rate=4.4/s  eta=9255s  finite=20002
  [59750/100000]  elapsed=13735s  rate=4.4/s  eta=9252s  finite=20006
  [59760/100000]  elapsed=13737s  rate=4.4/s  eta=9250s  finite=20007
  [warn] sample 2 failed: 
  [59770/100000]  elapsed=13739s  rate=4.4/s  eta=9248s  finite=20009
  [59780/100000]  elapsed=13742s  rate=4.4/s  eta=9245s  finite=20014
  [59790/100000]  elapsed=13744s  rate=4.4/s  eta=9243s  finite=20019
  [59800/100000]  elapsed=13747s  rate=4.4/s  eta=9241s  finite=20020
  -> checkpoint saved: /scratch/e1498138/paper/ext/emri_g/lhs_f/ckpt_059800.pkl
  [59810/100000]  elapsed=13749s  rate=4.4/s  eta=9239s  finite=20024
  [59820/100000]  elapsed=13751s  rate=4.4/s  eta=9236s  finite=20027
  [59830/100000]  elapsed=13754s  rate=4.4/s  eta=9234s  finite=20030
  [59840/100000]  elapsed=13756s  rate=4.4/s  eta=9232s  finite=20032
  [59850/100000]  elapsed=13758s  rate=4.4/s  eta=9230s  finite=20036
  [warn] sample 5 failed: 
  [59860/100000]  elapsed=13761s  rate=4.4/s  eta=9227s  finite=20040
  [59870/100000]  elapsed=13763s  rate=4.4/s  eta=9225s  finite=20044
  [59880/100000]  elapsed=13765s  rate=4.4/s  eta=9223s  finite=20049
  [59890/100000]  elapsed=13768s  rate=4.4/s  eta=9221s  finite=20052
  [59900/100000]  elapsed=13770s  rate=4.4/s  eta=9218s  finite=20054
  -> checkpoint saved: /scratch/e1498138/paper/ext/emri_g/lhs_f/ckpt_059900.pkl
  [59910/100000]  elapsed=13772s  rate=4.4/s  eta=9216s  finite=20056
  [59920/100000]  elapsed=13775s  rate=4.4/s  eta=9214s  finite=20058
  [warn] sample 0 failed: 
  [59930/100000]  elapsed=13777s  rate=4.4/s  eta=9211s  finite=20059
  [59940/100000]  elapsed=13779s  rate=4.4/s  eta=9209s  finite=20061
  [warn] sample 9 failed: This a (0.32625795), p0 (14.459565) and e0 (0.8941335) combination is outside of our domain of validity.
  [59950/100000]  elapsed=13781s  rate=4.4/s  eta=9207s  finite=20064
  [59960/100000]  elapsed=13784s  rate=4.4/s  eta=9204s  finite=20068
  [59970/100000]  elapsed=13786s  rate=4.4/s  eta=9202s  finite=20070
  [59980/100000]  elapsed=13788s  rate=4.4/s  eta=9200s  finite=20072
  [59990/100000]  elapsed=13791s  rate=4.4/s  eta=9198s  finite=20075
  [60000/100000]  elapsed=13793s  rate=4.4/s  eta=9195s  finite=20077
  -> checkpoint saved: /scratch/e1498138/paper/ext/emri_g/lhs_f/ckpt_060000.pkl
  [60010/100000]  elapsed=13795s  rate=4.4/s  eta=9193s  finite=20081
  [60020/100000]  elapsed=13798s  rate=4.3/s  eta=9191s  finite=20088
  [warn] sample 8 failed: This a (0.35189145), p0 (14.781765) and e0 (0.8997075000000001) combination is outside of our domain of validity.
  [60030/100000]  elapsed=13800s  rate=4.4/s  eta=9188s  finite=20092
  [60040/100000]  elapsed=13802s  rate=4.4/s  eta=9186s  finite=20096
  [60050/100000]  elapsed=13805s  rate=4.3/s  eta=9184s  finite=20099
  [60060/100000]  elapsed=13807s  rate=4.3/s  eta=9182s  finite=20103
  [60070/100000]  elapsed=13810s  rate=4.3/s  eta=9180s  finite=20105
  [60080/100000]  elapsed=13812s  rate=4.3/s  eta=9177s  finite=20105
  [60090/100000]  elapsed=13814s  rate=4.3/s  eta=9175s  finite=20108
  [warn] sample 1 failed: 
  [60100/100000]  elapsed=13816s  rate=4.3/s  eta=9173s  finite=20111
  -> checkpoint saved: /scratch/e1498138/paper/ext/emri_g/lhs_f/ckpt_060100.pkl
  [warn] sample 9 failed: 
  [60110/100000]  elapsed=13819s  rate=4.3/s  eta=9170s  finite=20115
  [60120/100000]  elapsed=13821s  rate=4.3/s  eta=9168s  finite=20119
  [60130/100000]  elapsed=13823s  rate=4.3/s  eta=9166s  finite=20121
  [warn] sample 2 failed: 
  [60140/100000]  elapsed=13826s  rate=4.3/s  eta=9163s  finite=20124
  [60150/100000]  elapsed=13828s  rate=4.3/s  eta=9161s  finite=20129
  [warn] sample 7 failed: 
  [60160/100000]  elapsed=13830s  rate=4.3/s  eta=9159s  finite=20133
  [60170/100000]  elapsed=13832s  rate=4.3/s  eta=9157s  finite=20135
  [60180/100000]  elapsed=13835s  rate=4.3/s  eta=9154s  finite=20141
  [60190/100000]  elapsed=13837s  rate=4.3/s  eta=9152s  finite=20143
  [warn] sample 7 failed: 
  [60200/100000]  elapsed=13839s  rate=4.3/s  eta=9150s  finite=20148
  -> checkpoint saved: /scratch/e1498138/paper/ext/emri_g/lhs_f/ckpt_060200.pkl
  [60210/100000]  elapsed=13842s  rate=4.3/s  eta=9147s  finite=20151
  [60220/100000]  elapsed=13844s  rate=4.3/s  eta=9145s  finite=20154
  [60230/100000]  elapsed=13846s  rate=4.3/s  eta=9143s  finite=20157
  [60240/100000]  elapsed=13849s  rate=4.3/s  eta=9140s  finite=20162
  [60250/100000]  elapsed=13851s  rate=4.3/s  eta=9138s  finite=20167
  [warn] sample 3 failed: 
  [60260/100000]  elapsed=13853s  rate=4.3/s  eta=9136s  finite=20169
  [60270/100000]  elapsed=13855s  rate=4.3/s  eta=9133s  finite=20171
  [warn] sample 9 failed: This a (0.31212675), p0 (15.058965) and e0 (0.8983815) combination is outside of our domain of validity.
  [60280/100000]  elapsed=13858s  rate=4.3/s  eta=9131s  finite=20175
  [60290/100000]  elapsed=13860s  rate=4.3/s  eta=9129s  finite=20177
  [60300/100000]  elapsed=13862s  rate=4.3/s  eta=9127s  finite=20182
  -> checkpoint saved: /scratch/e1498138/paper/ext/emri_g/lhs_f/ckpt_060300.pkl
  [60310/100000]  elapsed=13865s  rate=4.3/s  eta=9124s  finite=20188
  [60320/100000]  elapsed=13867s  rate=4.3/s  eta=9122s  finite=20191
  [warn] sample 8 failed: This a (0.43278705), p0 (14.326635) and e0 (0.8938425000000001) combination is outside of our domain of validity.
  [60330/100000]  elapsed=13869s  rate=4.3/s  eta=9120s  finite=20192
  [60340/100000]  elapsed=13872s  rate=4.3/s  eta=9117s  finite=20197
  [60350/100000]  elapsed=13874s  rate=4.3/s  eta=9115s  finite=20202
  [60360/100000]  elapsed=13876s  rate=4.3/s  eta=9113s  finite=20207
  [60370/100000]  elapsed=13879s  rate=4.3/s  eta=9111s  finite=20211
  [warn] sample 4 failed: This a (0.58800255), p0 (13.710975) and e0 (0.8992095) combination is outside of our domain of validity.
  [60380/100000]  elapsed=13881s  rate=4.3/s  eta=9108s  finite=20215
  [warn] sample 3 failed: 
  [60390/100000]  elapsed=13883s  rate=4.3/s  eta=9106s  finite=20219
  [60400/100000]  elapsed=13885s  rate=4.3/s  eta=9104s  finite=20223
  -> checkpoint saved: /scratch/e1498138/paper/ext/emri_g/lhs_f/ckpt_060400.pkl
  [warn] sample 4 failed: 
  [60410/100000]  elapsed=13887s  rate=4.3/s  eta=9101s  finite=20226
  [60420/100000]  elapsed=13890s  rate=4.3/s  eta=9099s  finite=20227
  [60430/100000]  elapsed=13892s  rate=4.4/s  eta=9097s  finite=20232
  [60440/100000]  elapsed=13894s  rate=4.4/s  eta=9094s  finite=20235
  [60450/100000]  elapsed=13897s  rate=4.4/s  eta=9092s  finite=20239
  [60460/100000]  elapsed=13899s  rate=4.4/s  eta=9090s  finite=20241
  [60470/100000]  elapsed=13901s  rate=4.4/s  eta=9087s  finite=20245
  [60480/100000]  elapsed=13903s  rate=4.4/s  eta=9085s  finite=20247
  [60490/100000]  elapsed=13906s  rate=4.4/s  eta=9083s  finite=20251
  [60500/100000]  elapsed=13908s  rate=4.4/s  eta=9080s  finite=20252
  -> checkpoint saved: /scratch/e1498138/paper/ext/emri_g/lhs_f/ckpt_060500.pkl
  [60510/100000]  elapsed=13910s  rate=4.3/s  eta=9078s  finite=20256
  [60520/100000]  elapsed=13913s  rate=4.4/s  eta=9076s  finite=20258
  [60530/100000]  elapsed=13915s  rate=4.4/s  eta=9074s  finite=20260
  [60540/100000]  elapsed=13917s  rate=4.4/s  eta=9071s  finite=20262
  [60550/100000]  elapsed=13920s  rate=4.3/s  eta=9069s  finite=20266
  [warn] sample 5 failed: 
  [60560/100000]  elapsed=13922s  rate=4.4/s  eta=9067s  finite=20270
  [60570/100000]  elapsed=13924s  rate=4.4/s  eta=9064s  finite=20272
  [60580/100000]  elapsed=13926s  rate=4.3/s  eta=9062s  finite=20277
  [60590/100000]  elapsed=13929s  rate=4.3/s  eta=9060s  finite=20279
  [warn] sample 2 failed: 
  [60600/100000]  elapsed=13931s  rate=4.4/s  eta=9057s  finite=20280
  -> checkpoint saved: /scratch/e1498138/paper/ext/emri_g/lhs_f/ckpt_060600.pkl
  [60610/100000]  elapsed=13933s  rate=4.4/s  eta=9055s  finite=20284
  [60620/100000]  elapsed=13935s  rate=4.4/s  eta=9053s  finite=20287
  [warn] sample 1 failed: 
  [warn] sample 3 failed: 
  [60630/100000]  elapsed=13937s  rate=4.4/s  eta=9050s  finite=20288
  [60640/100000]  elapsed=13940s  rate=4.4/s  eta=9048s  finite=20291
  [60650/100000]  elapsed=13942s  rate=4.4/s  eta=9046s  finite=20293
  [warn] sample 6 failed: 
  [60660/100000]  elapsed=13944s  rate=4.4/s  eta=9043s  finite=20296
  [warn] sample 4 failed: 
  [60670/100000]  elapsed=13947s  rate=4.4/s  eta=9041s  finite=20298
  [60680/100000]  elapsed=13949s  rate=4.4/s  eta=9039s  finite=20304
  [60690/100000]  elapsed=13951s  rate=4.4/s  eta=9036s  finite=20306
  [warn] sample 2 failed: This a (0.51931995), p0 (13.964745) and e0 (0.8959155000000001) combination is outside of our domain of validity.
  [60700/100000]  elapsed=13953s  rate=4.4/s  eta=9034s  finite=20309
  -> checkpoint saved: /scratch/e1498138/paper/ext/emri_g/lhs_f/ckpt_060700.pkl
  [60710/100000]  elapsed=13956s  rate=4.4/s  eta=9032s  finite=20314
  [warn] sample 6 failed: 
  [60720/100000]  elapsed=13958s  rate=4.4/s  eta=9029s  finite=20319
  [60730/100000]  elapsed=13960s  rate=4.4/s  eta=9027s  finite=20323
  [60740/100000]  elapsed=13963s  rate=4.4/s  eta=9025s  finite=20326
  [60750/100000]  elapsed=13965s  rate=4.4/s  eta=9023s  finite=20330
  [warn] sample 9 failed: 
  [60760/100000]  elapsed=13967s  rate=4.4/s  eta=9020s  finite=20331
  [60770/100000]  elapsed=13970s  rate=4.4/s  eta=9018s  finite=20336
  [60780/100000]  elapsed=13972s  rate=4.4/s  eta=9016s  finite=20340
  [60790/100000]  elapsed=13974s  rate=4.4/s  eta=9014s  finite=20343
  [60800/100000]  elapsed=13977s  rate=4.4/s  eta=9011s  finite=20347
  -> checkpoint saved: /scratch/e1498138/paper/ext/emri_g/lhs_f/ckpt_060800.pkl
  [warn] sample 0 failed: 
  [60810/100000]  elapsed=13979s  rate=4.4/s  eta=9009s  finite=20348
  [60820/100000]  elapsed=13981s  rate=4.4/s  eta=9007s  finite=20353
  [60830/100000]  elapsed=13984s  rate=4.4/s  eta=9004s  finite=20356
  [warn] sample 2 failed: 
  [60840/100000]  elapsed=13986s  rate=4.4/s  eta=9002s  finite=20361
  [warn] sample 9 failed: 
  [60850/100000]  elapsed=13988s  rate=4.4/s  eta=9000s  finite=20363
  [warn] sample 3 failed: 
  [60860/100000]  elapsed=13990s  rate=4.4/s  eta=8997s  finite=20366
  [60870/100000]  elapsed=13992s  rate=4.4/s  eta=8995s  finite=20372
  [60880/100000]  elapsed=13995s  rate=4.4/s  eta=8993s  finite=20374
  [60890/100000]  elapsed=13997s  rate=4.4/s  eta=8990s  finite=20379
  [60900/100000]  elapsed=13999s  rate=4.4/s  eta=8988s  finite=20380
  -> checkpoint saved: /scratch/e1498138/paper/ext/emri_g/lhs_f/ckpt_060900.pkl
  [60910/100000]  elapsed=14002s  rate=4.4/s  eta=8986s  finite=20384
  [warn] sample 3 failed: 
  [warn] sample 5 failed: 
  [60920/100000]  elapsed=14004s  rate=4.4/s  eta=8984s  finite=20389
  [60930/100000]  elapsed=14006s  rate=4.4/s  eta=8981s  finite=20391
  [60940/100000]  elapsed=14009s  rate=4.4/s  eta=8979s  finite=20396
  [60950/100000]  elapsed=14011s  rate=4.4/s  eta=8977s  finite=20401
  [60960/100000]  elapsed=14014s  rate=4.4/s  eta=8975s  finite=20405
  [60970/100000]  elapsed=14016s  rate=4.4/s  eta=8972s  finite=20408
  [60980/100000]  elapsed=14018s  rate=4.4/s  eta=8970s  finite=20412
  [60990/100000]  elapsed=14021s  rate=4.4/s  eta=8968s  finite=20415
  [61000/100000]  elapsed=14023s  rate=4.3/s  eta=8966s  finite=20418
  -> checkpoint saved: /scratch/e1498138/paper/ext/emri_g/lhs_f/ckpt_061000.pkl
  [61010/100000]  elapsed=14025s  rate=4.3/s  eta=8963s  finite=20421
  [61020/100000]  elapsed=14028s  rate=4.3/s  eta=8961s  finite=20422
  [61030/100000]  elapsed=14030s  rate=4.3/s  eta=8959s  finite=20424
  [61040/100000]  elapsed=14032s  rate=4.3/s  eta=8956s  finite=20428
  [warn] sample 4 failed: 
  [61050/100000]  elapsed=14035s  rate=4.3/s  eta=8954s  finite=20433
  [61060/100000]  elapsed=14037s  rate=4.3/s  eta=8952s  finite=20435
  [61070/100000]  elapsed=14039s  rate=4.3/s  eta=8950s  finite=20440
  [61080/100000]  elapsed=14042s  rate=4.3/s  eta=8947s  finite=20443
  [61090/100000]  elapsed=14044s  rate=4.3/s  eta=8945s  finite=20446
  [61100/100000]  elapsed=14046s  rate=4.3/s  eta=8943s  finite=20446
  -> checkpoint saved: /scratch/e1498138/paper/ext/emri_g/lhs_f/ckpt_061100.pkl
  [61110/100000]  elapsed=14048s  rate=4.3/s  eta=8940s  finite=20448
  [61120/100000]  elapsed=14051s  rate=4.3/s  eta=8938s  finite=20452
  [warn] sample 0 failed: 
  [61130/100000]  elapsed=14053s  rate=4.3/s  eta=8936s  finite=20456
  [61140/100000]  elapsed=14055s  rate=4.3/s  eta=8933s  finite=20460
  [61150/100000]  elapsed=14058s  rate=4.3/s  eta=8931s  finite=20463
  [61160/100000]  elapsed=14060s  rate=4.3/s  eta=8929s  finite=20466
  [61170/100000]  elapsed=14062s  rate=4.3/s  eta=8927s  finite=20470
  [warn] sample 1 failed: This a (0.43694774999999997), p0 (13.915455) and e0 (0.8970375) combination is outside of our domain of validity.
  [61180/100000]  elapsed=14064s  rate=4.4/s  eta=8924s  finite=20473
  [warn] sample 5 failed: 
  [61190/100000]  elapsed=14066s  rate=4.4/s  eta=8922s  finite=20477
  [61200/100000]  elapsed=14069s  rate=4.4/s  eta=8920s  finite=20482
  -> checkpoint saved: /scratch/e1498138/paper/ext/emri_g/lhs_f/ckpt_061200.pkl
  [61210/100000]  elapsed=14071s  rate=4.4/s  eta=8917s  finite=20484
  [61220/100000]  elapsed=14073s  rate=4.4/s  eta=8915s  finite=20487
  [61230/100000]  elapsed=14076s  rate=4.4/s  eta=8913s  finite=20491
  [61240/100000]  elapsed=14078s  rate=4.4/s  eta=8910s  finite=20496
  [61250/100000]  elapsed=14081s  rate=4.3/s  eta=8908s  finite=20499
  [61260/100000]  elapsed=14083s  rate=4.3/s  eta=8906s  finite=20503
  [61270/100000]  elapsed=14085s  rate=4.3/s  eta=8904s  finite=20505
  [61280/100000]  elapsed=14088s  rate=4.3/s  eta=8901s  finite=20508
  [61290/100000]  elapsed=14090s  rate=4.3/s  eta=8899s  finite=20510
  [61300/100000]  elapsed=14092s  rate=4.3/s  eta=8897s  finite=20515
  -> checkpoint saved: /scratch/e1498138/paper/ext/emri_g/lhs_f/ckpt_061300.pkl
  [61310/100000]  elapsed=14095s  rate=4.3/s  eta=8895s  finite=20518
  [61320/100000]  elapsed=14097s  rate=4.3/s  eta=8892s  finite=20520
  [61330/100000]  elapsed=14100s  rate=4.3/s  eta=8890s  finite=20524
  [61340/100000]  elapsed=14102s  rate=4.3/s  eta=8888s  finite=20526
  [61350/100000]  elapsed=14104s  rate=4.3/s  eta=8886s  finite=20528
  [61360/100000]  elapsed=14107s  rate=4.3/s  eta=8883s  finite=20531
  [warn] sample 3 failed: This a (0.31756395), p0 (13.981515) and e0 (0.8886105) combination is outside of our domain of validity.
  [61370/100000]  elapsed=14109s  rate=4.3/s  eta=8881s  finite=20535
  [61380/100000]  elapsed=14111s  rate=4.3/s  eta=8879s  finite=20537
  [61390/100000]  elapsed=14113s  rate=4.3/s  eta=8876s  finite=20542
  [61400/100000]  elapsed=14116s  rate=4.3/s  eta=8874s  finite=20544
  -> checkpoint saved: /scratch/e1498138/paper/ext/emri_g/lhs_f/ckpt_061400.pkl
  [61410/100000]  elapsed=14118s  rate=4.3/s  eta=8872s  finite=20549
  [61420/100000]  elapsed=14121s  rate=4.3/s  eta=8870s  finite=20553
  [61430/100000]  elapsed=14123s  rate=4.3/s  eta=8867s  finite=20556
  [61440/100000]  elapsed=14125s  rate=4.3/s  eta=8865s  finite=20557
  [61450/100000]  elapsed=14127s  rate=4.3/s  eta=8863s  finite=20559
  [61460/100000]  elapsed=14130s  rate=4.3/s  eta=8860s  finite=20564
  [61470/100000]  elapsed=14132s  rate=4.3/s  eta=8858s  finite=20566
  [61480/100000]  elapsed=14134s  rate=4.3/s  eta=8856s  finite=20570
  [61490/100000]  elapsed=14137s  rate=4.3/s  eta=8854s  finite=20575
  [61500/100000]  elapsed=14139s  rate=4.3/s  eta=8851s  finite=20578
  -> checkpoint saved: /scratch/e1498138/paper/ext/emri_g/lhs_f/ckpt_061500.pkl
  [61510/100000]  elapsed=14141s  rate=4.3/s  eta=8849s  finite=20583
  [61520/100000]  elapsed=14144s  rate=4.3/s  eta=8847s  finite=20587
  [61530/100000]  elapsed=14146s  rate=4.3/s  eta=8844s  finite=20589
  [61540/100000]  elapsed=14148s  rate=4.3/s  eta=8842s  finite=20591
  [61550/100000]  elapsed=14151s  rate=4.3/s  eta=8840s  finite=20594
  [61560/100000]  elapsed=14153s  rate=4.3/s  eta=8838s  finite=20597
  [61570/100000]  elapsed=14155s  rate=4.3/s  eta=8835s  finite=20601
  [warn] sample 0 failed: 
  [61580/100000]  elapsed=14158s  rate=4.3/s  eta=8833s  finite=20604
  [61590/100000]  elapsed=14160s  rate=4.3/s  eta=8831s  finite=20608
  [warn] sample 4 failed: 
  [warn] sample 5 failed: 
  [61600/100000]  elapsed=14162s  rate=4.3/s  eta=8828s  finite=20611
  -> checkpoint saved: /scratch/e1498138/paper/ext/emri_g/lhs_f/ckpt_061600.pkl
  [61610/100000]  elapsed=14164s  rate=4.3/s  eta=8826s  finite=20613
  [61620/100000]  elapsed=14167s  rate=4.3/s  eta=8824s  finite=20615
  [61630/100000]  elapsed=14169s  rate=4.3/s  eta=8821s  finite=20621
  [61640/100000]  elapsed=14171s  rate=4.3/s  eta=8819s  finite=20623
  [warn] sample 7 failed: 
  [61650/100000]  elapsed=14173s  rate=4.3/s  eta=8817s  finite=20626
  [61660/100000]  elapsed=14176s  rate=4.3/s  eta=8815s  finite=20630
  [61670/100000]  elapsed=14178s  rate=4.3/s  eta=8812s  finite=20636
  [61680/100000]  elapsed=14181s  rate=4.3/s  eta=8810s  finite=20640
  [61690/100000]  elapsed=14183s  rate=4.3/s  eta=8808s  finite=20646
  [warn] sample 3 failed: 
  [61700/100000]  elapsed=14185s  rate=4.3/s  eta=8805s  finite=20651
  -> checkpoint saved: /scratch/e1498138/paper/ext/emri_g/lhs_f/ckpt_061700.pkl
  [warn] sample 7 failed: 
  [61710/100000]  elapsed=14187s  rate=4.3/s  eta=8803s  finite=20653
  [61720/100000]  elapsed=14190s  rate=4.3/s  eta=8801s  finite=20657
  [61730/100000]  elapsed=14192s  rate=4.3/s  eta=8799s  finite=20658
  [61740/100000]  elapsed=14195s  rate=4.3/s  eta=8796s  finite=20662
  [61750/100000]  elapsed=14197s  rate=4.3/s  eta=8794s  finite=20663
  [61760/100000]  elapsed=14199s  rate=4.3/s  eta=8792s  finite=20667
  [61770/100000]  elapsed=14202s  rate=4.3/s  eta=8789s  finite=20668
  [61780/100000]  elapsed=14204s  rate=4.3/s  eta=8787s  finite=20669
  [61790/100000]  elapsed=14206s  rate=4.3/s  eta=8785s  finite=20670
  [warn] sample 9 failed: This a (0.32039985), p0 (14.460825) and e0 (0.8913165000000001) combination is outside of our domain of validity.
  [61800/100000]  elapsed=14208s  rate=4.3/s  eta=8783s  finite=20673
  -> checkpoint saved: /scratch/e1498138/paper/ext/emri_g/lhs_f/ckpt_061800.pkl
  [61810/100000]  elapsed=14211s  rate=4.3/s  eta=8780s  finite=20679
  [61820/100000]  elapsed=14213s  rate=4.3/s  eta=8778s  finite=20680
  [warn] sample 5 failed: 
  [61830/100000]  elapsed=14215s  rate=4.3/s  eta=8776s  finite=20685
  [61840/100000]  elapsed=14218s  rate=4.3/s  eta=8773s  finite=20689
  [warn] sample 4 failed: 
  [61850/100000]  elapsed=14220s  rate=4.3/s  eta=8771s  finite=20691
  [61860/100000]  elapsed=14222s  rate=4.3/s  eta=8769s  finite=20697
  [61870/100000]  elapsed=14225s  rate=4.3/s  eta=8767s  finite=20697
  [61880/100000]  elapsed=14227s  rate=4.3/s  eta=8764s  finite=20702
  [61890/100000]  elapsed=14229s  rate=4.3/s  eta=8762s  finite=20704
  [61900/100000]  elapsed=14232s  rate=4.3/s  eta=8760s  finite=20708
  -> checkpoint saved: /scratch/e1498138/paper/ext/emri_g/lhs_f/ckpt_061900.pkl
  [61910/100000]  elapsed=14234s  rate=4.3/s  eta=8758s  finite=20710
  [warn] sample 3 failed: 
  [61920/100000]  elapsed=14237s  rate=4.3/s  eta=8755s  finite=20713
  [warn] sample 1 failed: This a (0.37630365), p0 (14.503305000000001) and e0 (0.8949765000000001) combination is outside of our domain of validity.
  [warn] sample 6 failed: This a (0.30695865), p0 (13.557525) and e0 (0.8909985) combination is outside of our domain of validity.
  [61930/100000]  elapsed=14238s  rate=4.3/s  eta=8753s  finite=20716
  [warn] sample 1 failed: This a (0.36557415), p0 (14.635035) and e0 (0.8982855000000001) combination is outside of our domain of validity.
  [61940/100000]  elapsed=14240s  rate=4.3/s  eta=8750s  finite=20720
  [61950/100000]  elapsed=14243s  rate=4.3/s  eta=8748s  finite=20725
  [warn] sample 5 failed: 
  [61960/100000]  elapsed=14245s  rate=4.3/s  eta=8746s  finite=20728
  [warn] sample 0 failed: 
  [61970/100000]  elapsed=14248s  rate=4.3/s  eta=8743s  finite=20730
  [61980/100000]  elapsed=14250s  rate=4.3/s  eta=8741s  finite=20733
  [61990/100000]  elapsed=14252s  rate=4.3/s  eta=8739s  finite=20735
  [warn] sample 8 failed: 
  [62000/100000]  elapsed=14254s  rate=4.3/s  eta=8736s  finite=20737
  -> checkpoint saved: /scratch/e1498138/paper/ext/emri_g/lhs_f/ckpt_062000.pkl
  [62010/100000]  elapsed=14257s  rate=4.3/s  eta=8734s  finite=20741
  [62020/100000]  elapsed=14259s  rate=4.3/s  eta=8732s  finite=20746
  [62030/100000]  elapsed=14261s  rate=4.3/s  eta=8730s  finite=20748
  [62040/100000]  elapsed=14264s  rate=4.3/s  eta=8727s  finite=20751
  [62050/100000]  elapsed=14266s  rate=4.3/s  eta=8725s  finite=20755
  [62060/100000]  elapsed=14268s  rate=4.3/s  eta=8723s  finite=20760
  [62070/100000]  elapsed=14271s  rate=4.3/s  eta=8721s  finite=20761
  [warn] sample 6 failed: 
  [62080/100000]  elapsed=14273s  rate=4.3/s  eta=8718s  finite=20763
  [62090/100000]  elapsed=14275s  rate=4.3/s  eta=8716s  finite=20768
  [62100/100000]  elapsed=14278s  rate=4.3/s  eta=8714s  finite=20772
  -> checkpoint saved: /scratch/e1498138/paper/ext/emri_g/lhs_f/ckpt_062100.pkl
  [62110/100000]  elapsed=14280s  rate=4.3/s  eta=8712s  finite=20777
  [62120/100000]  elapsed=14282s  rate=4.3/s  eta=8709s  finite=20781
  [62130/100000]  elapsed=14285s  rate=4.3/s  eta=8707s  finite=20784
  [62140/100000]  elapsed=14287s  rate=4.3/s  eta=8705s  finite=20785
  [62150/100000]  elapsed=14289s  rate=4.3/s  eta=8702s  finite=20791
  [62160/100000]  elapsed=14291s  rate=4.3/s  eta=8700s  finite=20795
  [62170/100000]  elapsed=14294s  rate=4.3/s  eta=8698s  finite=20798
  [62180/100000]  elapsed=14296s  rate=4.3/s  eta=8695s  finite=20800
  [62190/100000]  elapsed=14298s  rate=4.3/s  eta=8693s  finite=20802
  [62200/100000]  elapsed=14301s  rate=4.3/s  eta=8691s  finite=20807
  -> checkpoint saved: /scratch/e1498138/paper/ext/emri_g/lhs_f/ckpt_062200.pkl
  [62210/100000]  elapsed=14303s  rate=4.3/s  eta=8688s  finite=20809
  [warn] sample 6 failed: 
  [warn] sample 9 failed: 
  [62220/100000]  elapsed=14305s  rate=4.3/s  eta=8686s  finite=20812
  [62230/100000]  elapsed=14307s  rate=4.3/s  eta=8684s  finite=20815
  [62240/100000]  elapsed=14310s  rate=4.3/s  eta=8681s  finite=20818
  [62250/100000]  elapsed=14312s  rate=4.3/s  eta=8679s  finite=20823
  [62260/100000]  elapsed=14315s  rate=4.3/s  eta=8677s  finite=20827
  [warn] sample 6 failed: This a (0.37867035), p0 (14.175285) and e0 (0.8985465) combination is outside of our domain of validity.
  [62270/100000]  elapsed=14317s  rate=4.3/s  eta=8675s  finite=20830
  [62280/100000]  elapsed=14319s  rate=4.3/s  eta=8672s  finite=20832
  [62290/100000]  elapsed=14321s  rate=4.3/s  eta=8670s  finite=20839
  [62300/100000]  elapsed=14324s  rate=4.3/s  eta=8668s  finite=20842
  -> checkpoint saved: /scratch/e1498138/paper/ext/emri_g/lhs_f/ckpt_062300.pkl
  [62310/100000]  elapsed=14326s  rate=4.3/s  eta=8665s  finite=20842
  [62320/100000]  elapsed=14328s  rate=4.3/s  eta=8663s  finite=20844
  [62330/100000]  elapsed=14331s  rate=4.3/s  eta=8661s  finite=20847
  [62340/100000]  elapsed=14333s  rate=4.3/s  eta=8659s  finite=20848
  [62350/100000]  elapsed=14335s  rate=4.3/s  eta=8656s  finite=20854
  [62360/100000]  elapsed=14337s  rate=4.3/s  eta=8654s  finite=20855
  [62370/100000]  elapsed=14340s  rate=4.3/s  eta=8652s  finite=20858
  [62380/100000]  elapsed=14342s  rate=4.3/s  eta=8649s  finite=20861
  [62390/100000]  elapsed=14345s  rate=4.3/s  eta=8647s  finite=20867
  [warn] sample 7 failed: 
  [62400/100000]  elapsed=14347s  rate=4.3/s  eta=8645s  finite=20871
  -> checkpoint saved: /scratch/e1498138/paper/ext/emri_g/lhs_f/ckpt_062400.pkl
  [62410/100000]  elapsed=14349s  rate=4.3/s  eta=8642s  finite=20874
  [62420/100000]  elapsed=14351s  rate=4.3/s  eta=8640s  finite=20876
  [62430/100000]  elapsed=14353s  rate=4.3/s  eta=8638s  finite=20877
  [warn] sample 5 failed: 
  [62440/100000]  elapsed=14356s  rate=4.3/s  eta=8635s  finite=20879
  [62450/100000]  elapsed=14358s  rate=4.3/s  eta=8633s  finite=20883
  [62460/100000]  elapsed=14360s  rate=4.3/s  eta=8631s  finite=20887
  [warn] sample 4 failed: This a (0.42190574999999997), p0 (14.155875) and e0 (0.8973735) combination is outside of our domain of validity.
  [62470/100000]  elapsed=14362s  rate=4.3/s  eta=8628s  finite=20889
  [warn] sample 3 failed: 
  [62480/100000]  elapsed=14365s  rate=4.3/s  eta=8626s  finite=20892
  [62490/100000]  elapsed=14367s  rate=4.3/s  eta=8624s  finite=20893
  [62500/100000]  elapsed=14369s  rate=4.3/s  eta=8622s  finite=20894
  -> checkpoint saved: /scratch/e1498138/paper/ext/emri_g/lhs_f/ckpt_062500.pkl
  [62510/100000]  elapsed=14371s  rate=4.3/s  eta=8619s  finite=20895
  [warn] sample 0 failed: 
  [62520/100000]  elapsed=14374s  rate=4.3/s  eta=8617s  finite=20898
  [62530/100000]  elapsed=14376s  rate=4.3/s  eta=8614s  finite=20902
  [62540/100000]  elapsed=14378s  rate=4.3/s  eta=8612s  finite=20909
  [62550/100000]  elapsed=14381s  rate=4.3/s  eta=8610s  finite=20912
  [warn] sample 9 failed: This a (0.35477565), p0 (13.649685) and e0 (0.8888955000000001) combination is outside of our domain of validity.
  [62560/100000]  elapsed=14383s  rate=4.3/s  eta=8607s  finite=20917
  [62570/100000]  elapsed=14385s  rate=4.3/s  eta=8605s  finite=20921
  [62580/100000]  elapsed=14387s  rate=4.3/s  eta=8603s  finite=20925
  [62590/100000]  elapsed=14390s  rate=4.3/s  eta=8601s  finite=20927
  [62600/100000]  elapsed=14392s  rate=4.3/s  eta=8598s  finite=20931
  -> checkpoint saved: /scratch/e1498138/paper/ext/emri_g/lhs_f/ckpt_062600.pkl
  [62610/100000]  elapsed=14394s  rate=4.3/s  eta=8596s  finite=20935
  [62620/100000]  elapsed=14397s  rate=4.3/s  eta=8594s  finite=20937
  [warn] sample 9 failed: This a (0.40023285), p0 (14.444145) and e0 (0.8995995000000001) combination is outside of our domain of validity.
  [62630/100000]  elapsed=14399s  rate=4.3/s  eta=8591s  finite=20941
  [warn] sample 6 failed: This a (0.30397785), p0 (14.401425) and e0 (0.8952675000000001) combination is outside of our domain of validity.
  [62640/100000]  elapsed=14401s  rate=4.3/s  eta=8589s  finite=20945
  [62650/100000]  elapsed=14403s  rate=4.3/s  eta=8587s  finite=20949
  [62660/100000]  elapsed=14406s  rate=4.3/s  eta=8585s  finite=20952
  [62670/100000]  elapsed=14408s  rate=4.3/s  eta=8582s  finite=20956
  [62680/100000]  elapsed=14410s  rate=4.3/s  eta=8580s  finite=20961
  [62690/100000]  elapsed=14413s  rate=4.3/s  eta=8578s  finite=20965
  [62700/100000]  elapsed=14416s  rate=4.3/s  eta=8576s  finite=20970
  -> checkpoint saved: /scratch/e1498138/paper/ext/emri_g/lhs_f/ckpt_062700.pkl
  [warn] sample 9 failed: 
  [62710/100000]  elapsed=14418s  rate=4.3/s  eta=8573s  finite=20974
  [62720/100000]  elapsed=14420s  rate=4.3/s  eta=8571s  finite=20976
  [62730/100000]  elapsed=14423s  rate=4.3/s  eta=8569s  finite=20980
  [62740/100000]  elapsed=14425s  rate=4.3/s  eta=8567s  finite=20985
  [62750/100000]  elapsed=14428s  rate=4.3/s  eta=8565s  finite=20992
  [62760/100000]  elapsed=14430s  rate=4.3/s  eta=8563s  finite=20994
  [62770/100000]  elapsed=14433s  rate=4.3/s  eta=8561s  finite=20996
  [62780/100000]  elapsed=14435s  rate=4.3/s  eta=8558s  finite=21003
  [62790/100000]  elapsed=14438s  rate=4.3/s  eta=8556s  finite=21008
  [62800/100000]  elapsed=14440s  rate=4.3/s  eta=8554s  finite=21011
  -> checkpoint saved: /scratch/e1498138/paper/ext/emri_g/lhs_f/ckpt_062800.pkl
  [62810/100000]  elapsed=14443s  rate=4.3/s  eta=8551s  finite=21013
  [62820/100000]  elapsed=14445s  rate=4.3/s  eta=8549s  finite=21019
  [62830/100000]  elapsed=14447s  rate=4.3/s  eta=8547s  finite=21021
  [62840/100000]  elapsed=14450s  rate=4.3/s  eta=8545s  finite=21023
  [warn] sample 2 failed: 
  [62850/100000]  elapsed=14452s  rate=4.3/s  eta=8542s  finite=21024
  [warn] sample 9 failed: 
  [62860/100000]  elapsed=14454s  rate=4.3/s  eta=8540s  finite=21026
  [warn] sample 7 failed: 
  [62870/100000]  elapsed=14456s  rate=4.3/s  eta=8538s  finite=21032
  [warn] sample 6 failed: This a (0.57437505), p0 (14.180295000000001) and e0 (0.8988675) combination is outside of our domain of validity.
  [62880/100000]  elapsed=14458s  rate=4.3/s  eta=8535s  finite=21036
  [62890/100000]  elapsed=14461s  rate=4.3/s  eta=8533s  finite=21039
  [warn] sample 4 failed: This a (0.38200305), p0 (13.721085) and e0 (0.8959395000000001) combination is outside of our domain of validity.
  [warn] sample 9 failed: 
  [62900/100000]  elapsed=14463s  rate=4.3/s  eta=8531s  finite=21041
  -> checkpoint saved: /scratch/e1498138/paper/ext/emri_g/lhs_f/ckpt_062900.pkl
  [62910/100000]  elapsed=14465s  rate=4.3/s  eta=8528s  finite=21043
  [62920/100000]  elapsed=14467s  rate=4.3/s  eta=8526s  finite=21047
  [62930/100000]  elapsed=14470s  rate=4.3/s  eta=8524s  finite=21048
  [62940/100000]  elapsed=14472s  rate=4.3/s  eta=8521s  finite=21052
  [62950/100000]  elapsed=14474s  rate=4.3/s  eta=8519s  finite=21054
  [62960/100000]  elapsed=14477s  rate=4.3/s  eta=8517s  finite=21058
  [62970/100000]  elapsed=14479s  rate=4.3/s  eta=8514s  finite=21061
  [warn] sample 8 failed: 
  [62980/100000]  elapsed=14481s  rate=4.3/s  eta=8512s  finite=21065
  [62990/100000]  elapsed=14483s  rate=4.3/s  eta=8510s  finite=21068
  [63000/100000]  elapsed=14486s  rate=4.3/s  eta=8508s  finite=21071
  -> checkpoint saved: /scratch/e1498138/paper/ext/emri_g/lhs_f/ckpt_063000.pkl
  [63010/100000]  elapsed=14488s  rate=4.3/s  eta=8505s  finite=21073
  [63020/100000]  elapsed=14491s  rate=4.3/s  eta=8503s  finite=21077
  [warn] sample 1 failed: This a (0.35783925), p0 (14.090025) and e0 (0.8956425000000001) combination is outside of our domain of validity.
  [63030/100000]  elapsed=14493s  rate=4.3/s  eta=8501s  finite=21083
  [63040/100000]  elapsed=14495s  rate=4.3/s  eta=8498s  finite=21086
  [63050/100000]  elapsed=14497s  rate=4.3/s  eta=8496s  finite=21088
  [warn] sample 7 failed: 
  [63060/100000]  elapsed=14500s  rate=4.3/s  eta=8494s  finite=21092
  [63070/100000]  elapsed=14502s  rate=4.3/s  eta=8491s  finite=21092
  [63080/100000]  elapsed=14504s  rate=4.3/s  eta=8489s  finite=21097
  [63090/100000]  elapsed=14507s  rate=4.3/s  eta=8487s  finite=21099
  [warn] sample 3 failed: 
  [63100/100000]  elapsed=14509s  rate=4.3/s  eta=8485s  finite=21101
  -> checkpoint saved: /scratch/e1498138/paper/ext/emri_g/lhs_f/ckpt_063100.pkl
  [warn] sample 6 failed: 
  [63110/100000]  elapsed=14511s  rate=4.3/s  eta=8482s  finite=21105
  [63120/100000]  elapsed=14513s  rate=4.3/s  eta=8480s  finite=21108
  [63130/100000]  elapsed=14516s  rate=4.3/s  eta=8478s  finite=21109
  [63140/100000]  elapsed=14518s  rate=4.3/s  eta=8475s  finite=21112
  [warn] sample 5 failed: 
  [63150/100000]  elapsed=14520s  rate=4.3/s  eta=8473s  finite=21116
  [63160/100000]  elapsed=14523s  rate=4.3/s  eta=8471s  finite=21120
  [63170/100000]  elapsed=14525s  rate=4.3/s  eta=8469s  finite=21124
  [63180/100000]  elapsed=14527s  rate=4.3/s  eta=8466s  finite=21126
  [warn] sample 1 failed: 
  [63190/100000]  elapsed=14529s  rate=4.3/s  eta=8464s  finite=21129
  [warn] sample 7 failed: 
  [63200/100000]  elapsed=14532s  rate=4.3/s  eta=8461s  finite=21132
  -> checkpoint saved: /scratch/e1498138/paper/ext/emri_g/lhs_f/ckpt_063200.pkl
  [63210/100000]  elapsed=14534s  rate=4.3/s  eta=8459s  finite=21135
  [63220/100000]  elapsed=14536s  rate=4.3/s  eta=8457s  finite=21136
  [warn] sample 8 failed: 
  [63230/100000]  elapsed=14539s  rate=4.3/s  eta=8455s  finite=21140
  [63240/100000]  elapsed=14541s  rate=4.3/s  eta=8452s  finite=21144
  [63250/100000]  elapsed=14543s  rate=4.3/s  eta=8450s  finite=21149
  [63260/100000]  elapsed=14546s  rate=4.3/s  eta=8448s  finite=21150
  [warn] sample 8 failed: 
  [63270/100000]  elapsed=14548s  rate=4.3/s  eta=8445s  finite=21154
  [63280/100000]  elapsed=14550s  rate=4.3/s  eta=8443s  finite=21156
  [63290/100000]  elapsed=14553s  rate=4.3/s  eta=8441s  finite=21160
  [63300/100000]  elapsed=14555s  rate=4.3/s  eta=8439s  finite=21164
  -> checkpoint saved: /scratch/e1498138/paper/ext/emri_g/lhs_f/ckpt_063300.pkl
  [63310/100000]  elapsed=14557s  rate=4.3/s  eta=8436s  finite=21168
  [63320/100000]  elapsed=14560s  rate=4.3/s  eta=8434s  finite=21169
  [63330/100000]  elapsed=14562s  rate=4.3/s  eta=8432s  finite=21175
  [63340/100000]  elapsed=14564s  rate=4.3/s  eta=8430s  finite=21178
  [63350/100000]  elapsed=14567s  rate=4.3/s  eta=8427s  finite=21181
  [63360/100000]  elapsed=14569s  rate=4.3/s  eta=8425s  finite=21184
  [63370/100000]  elapsed=14571s  rate=4.3/s  eta=8423s  finite=21187
  [63380/100000]  elapsed=14574s  rate=4.3/s  eta=8420s  finite=21191
  [warn] sample 2 failed: 
  [63390/100000]  elapsed=14576s  rate=4.3/s  eta=8418s  finite=21196
  [63400/100000]  elapsed=14578s  rate=4.3/s  eta=8416s  finite=21201
  -> checkpoint saved: /scratch/e1498138/paper/ext/emri_g/lhs_f/ckpt_063400.pkl
  [63410/100000]  elapsed=14581s  rate=4.3/s  eta=8414s  finite=21205
  [63420/100000]  elapsed=14583s  rate=4.3/s  eta=8411s  finite=21207
  [63430/100000]  elapsed=14586s  rate=4.3/s  eta=8409s  finite=21214
  [63440/100000]  elapsed=14588s  rate=4.3/s  eta=8407s  finite=21219
  [63450/100000]  elapsed=14590s  rate=4.3/s  eta=8405s  finite=21223
  [63460/100000]  elapsed=14593s  rate=4.3/s  eta=8402s  finite=21225
  [63470/100000]  elapsed=14595s  rate=4.3/s  eta=8400s  finite=21228
  [63480/100000]  elapsed=14597s  rate=4.3/s  eta=8398s  finite=21229
  [warn] sample 9 failed: 
  [63490/100000]  elapsed=14600s  rate=4.3/s  eta=8396s  finite=21232
  [63500/100000]  elapsed=14602s  rate=4.3/s  eta=8393s  finite=21237
  -> checkpoint saved: /scratch/e1498138/paper/ext/emri_g/lhs_f/ckpt_063500.pkl
  [warn] sample 7 failed: 
  [warn] sample 9 failed: 
  [63510/100000]  elapsed=14604s  rate=4.3/s  eta=8391s  finite=21240
  [63520/100000]  elapsed=14606s  rate=4.3/s  eta=8389s  finite=21242
  [63530/100000]  elapsed=14609s  rate=4.3/s  eta=8386s  finite=21244
  [63540/100000]  elapsed=14611s  rate=4.3/s  eta=8384s  finite=21245
  [warn] sample 0 failed: 
  [warn] sample 4 failed: 
  [63550/100000]  elapsed=14613s  rate=4.3/s  eta=8382s  finite=21247
  [63560/100000]  elapsed=14615s  rate=4.3/s  eta=8379s  finite=21249
  [63570/100000]  elapsed=14618s  rate=4.3/s  eta=8377s  finite=21252
  [63580/100000]  elapsed=14620s  rate=4.3/s  eta=8375s  finite=21254
  [warn] sample 8 failed: This a (0.33949215), p0 (13.811265) and e0 (0.8958105000000001) combination is outside of our domain of validity.
  [warn] sample 9 failed: 
  [63590/100000]  elapsed=14622s  rate=4.3/s  eta=8372s  finite=21258
  [63600/100000]  elapsed=14624s  rate=4.3/s  eta=8370s  finite=21259
  -> checkpoint saved: /scratch/e1498138/paper/ext/emri_g/lhs_f/ckpt_063600.pkl
  [warn] sample 3 failed: 
  [63610/100000]  elapsed=14626s  rate=4.3/s  eta=8367s  finite=21264
  [63620/100000]  elapsed=14629s  rate=4.3/s  eta=8365s  finite=21267
  [63630/100000]  elapsed=14631s  rate=4.3/s  eta=8363s  finite=21269
  [63640/100000]  elapsed=14634s  rate=4.3/s  eta=8361s  finite=21274
  [warn] sample 8 failed: 
  [63650/100000]  elapsed=14636s  rate=4.3/s  eta=8358s  finite=21277
  [63660/100000]  elapsed=14638s  rate=4.3/s  eta=8356s  finite=21282
  [63670/100000]  elapsed=14641s  rate=4.3/s  eta=8354s  finite=21286
  [63680/100000]  elapsed=14643s  rate=4.3/s  eta=8352s  finite=21291
  [63690/100000]  elapsed=14645s  rate=4.3/s  eta=8349s  finite=21294
  [warn] sample 4 failed: 
  [63700/100000]  elapsed=14647s  rate=4.3/s  eta=8347s  finite=21297
  -> checkpoint saved: /scratch/e1498138/paper/ext/emri_g/lhs_f/ckpt_063700.pkl
  [63710/100000]  elapsed=14650s  rate=4.3/s  eta=8345s  finite=21303
  [warn] sample 6 failed: 
  [63720/100000]  elapsed=14652s  rate=4.3/s  eta=8342s  finite=21304
  [63730/100000]  elapsed=14654s  rate=4.3/s  eta=8340s  finite=21308
  [warn] sample 0 failed: This a (0.33806385), p0 (13.712835) and e0 (0.8994135000000001) combination is outside of our domain of validity.
  [warn] sample 1 failed: 
  [63740/100000]  elapsed=14656s  rate=4.3/s  eta=8338s  finite=21313
  [63750/100000]  elapsed=14659s  rate=4.3/s  eta=8335s  finite=21316
  [63760/100000]  elapsed=14661s  rate=4.3/s  eta=8333s  finite=21317
  [63770/100000]  elapsed=14663s  rate=4.3/s  eta=8331s  finite=21319
  [63780/100000]  elapsed=14665s  rate=4.3/s  eta=8328s  finite=21323
  [63790/100000]  elapsed=14668s  rate=4.3/s  eta=8326s  finite=21325
  [63800/100000]  elapsed=14670s  rate=4.3/s  eta=8324s  finite=21328
  -> checkpoint saved: /scratch/e1498138/paper/ext/emri_g/lhs_f/ckpt_063800.pkl
  [63810/100000]  elapsed=14672s  rate=4.3/s  eta=8322s  finite=21331
  [63820/100000]  elapsed=14675s  rate=4.3/s  eta=8319s  finite=21333
  [warn] sample 3 failed: 
  [63830/100000]  elapsed=14677s  rate=4.3/s  eta=8317s  finite=21338
  [63840/100000]  elapsed=14679s  rate=4.3/s  eta=8314s  finite=21341
  [warn] sample 6 failed: 
  [63850/100000]  elapsed=14681s  rate=4.3/s  eta=8312s  finite=21342
  [63860/100000]  elapsed=14684s  rate=4.3/s  eta=8310s  finite=21346
  [63870/100000]  elapsed=14686s  rate=4.3/s  eta=8307s  finite=21349
  [63880/100000]  elapsed=14688s  rate=4.3/s  eta=8305s  finite=21351
  [63890/100000]  elapsed=14690s  rate=4.3/s  eta=8303s  finite=21353
  [63900/100000]  elapsed=14693s  rate=4.3/s  eta=8301s  finite=21356
  -> checkpoint saved: /scratch/e1498138/paper/ext/emri_g/lhs_f/ckpt_063900.pkl
  [63910/100000]  elapsed=14695s  rate=4.3/s  eta=8298s  finite=21361
  [63920/100000]  elapsed=14697s  rate=4.3/s  eta=8296s  finite=21366
  [63930/100000]  elapsed=14700s  rate=4.3/s  eta=8294s  finite=21370
  [63940/100000]  elapsed=14702s  rate=4.3/s  eta=8291s  finite=21376
  [63950/100000]  elapsed=14704s  rate=4.3/s  eta=8289s  finite=21377
  [63960/100000]  elapsed=14707s  rate=4.3/s  eta=8287s  finite=21382
  [63970/100000]  elapsed=14709s  rate=4.3/s  eta=8284s  finite=21386
  [63980/100000]  elapsed=14711s  rate=4.3/s  eta=8282s  finite=21390
  [63990/100000]  elapsed=14713s  rate=4.3/s  eta=8280s  finite=21391
  [64000/100000]  elapsed=14716s  rate=4.3/s  eta=8278s  finite=21394
  -> checkpoint saved: /scratch/e1498138/paper/ext/emri_g/lhs_f/ckpt_064000.pkl
  [64010/100000]  elapsed=14718s  rate=4.3/s  eta=8275s  finite=21397
  [64020/100000]  elapsed=14720s  rate=4.3/s  eta=8273s  finite=21399
  [64030/100000]  elapsed=14722s  rate=4.3/s  eta=8271s  finite=21401
  [64040/100000]  elapsed=14725s  rate=4.3/s  eta=8268s  finite=21404
  [64050/100000]  elapsed=14727s  rate=4.3/s  eta=8266s  finite=21405
  [64060/100000]  elapsed=14729s  rate=4.3/s  eta=8264s  finite=21410
  [64070/100000]  elapsed=14731s  rate=4.3/s  eta=8261s  finite=21412
  [64080/100000]  elapsed=14734s  rate=4.3/s  eta=8259s  finite=21415
  [64090/100000]  elapsed=14736s  rate=4.3/s  eta=8257s  finite=21417
  [warn] sample 4 failed: This a (0.54661635), p0 (14.078745) and e0 (0.8989665) combination is outside of our domain of validity.
  [warn] sample 6 failed: 
  [64100/100000]  elapsed=14738s  rate=4.3/s  eta=8254s  finite=21419
  -> checkpoint saved: /scratch/e1498138/paper/ext/emri_g/lhs_f/ckpt_064100.pkl
  [64110/100000]  elapsed=14740s  rate=4.3/s  eta=8252s  finite=21423
  [64120/100000]  elapsed=14743s  rate=4.3/s  eta=8250s  finite=21428
  [64130/100000]  elapsed=14745s  rate=4.3/s  eta=8247s  finite=21432
  [64140/100000]  elapsed=14747s  rate=4.3/s  eta=8245s  finite=21437
  [64150/100000]  elapsed=14750s  rate=4.3/s  eta=8243s  finite=21444
  [64160/100000]  elapsed=14752s  rate=4.3/s  eta=8240s  finite=21446
  [warn] sample 7 failed: This a (0.32526435), p0 (13.644195) and e0 (0.8910135) combination is outside of our domain of validity.
  [64170/100000]  elapsed=14754s  rate=4.3/s  eta=8238s  finite=21449
  [64180/100000]  elapsed=14756s  rate=4.3/s  eta=8236s  finite=21452
  [64190/100000]  elapsed=14758s  rate=4.3/s  eta=8233s  finite=21457
  [64200/100000]  elapsed=14761s  rate=4.3/s  eta=8231s  finite=21462
  -> checkpoint saved: /scratch/e1498138/paper/ext/emri_g/lhs_f/ckpt_064200.pkl
  [64210/100000]  elapsed=14763s  rate=4.3/s  eta=8229s  finite=21468
  [64220/100000]  elapsed=14765s  rate=4.3/s  eta=8227s  finite=21471
  [64230/100000]  elapsed=14768s  rate=4.3/s  eta=8224s  finite=21473
  [64240/100000]  elapsed=14770s  rate=4.3/s  eta=8222s  finite=21476
  [warn] sample 4 failed: 
  [64250/100000]  elapsed=14772s  rate=4.3/s  eta=8220s  finite=21479
  [warn] sample 6 failed: This a (0.32584395), p0 (13.901115) and e0 (0.8975595000000001) combination is outside of our domain of validity.
  [64260/100000]  elapsed=14774s  rate=4.3/s  eta=8217s  finite=21481
  [64270/100000]  elapsed=14776s  rate=4.3/s  eta=8215s  finite=21482
  [warn] sample 3 failed: 
  [64280/100000]  elapsed=14779s  rate=4.3/s  eta=8212s  finite=21485
  [64290/100000]  elapsed=14781s  rate=4.3/s  eta=8210s  finite=21489
  [64300/100000]  elapsed=14783s  rate=4.3/s  eta=8208s  finite=21494
  -> checkpoint saved: /scratch/e1498138/paper/ext/emri_g/lhs_f/ckpt_064300.pkl
  [64310/100000]  elapsed=14785s  rate=4.3/s  eta=8205s  finite=21498
  [warn] sample 8 failed: 
  [64320/100000]  elapsed=14788s  rate=4.3/s  eta=8203s  finite=21502
  [64330/100000]  elapsed=14790s  rate=4.3/s  eta=8201s  finite=21505
  [warn] sample 2 failed: 
  [64340/100000]  elapsed=14792s  rate=4.3/s  eta=8198s  finite=21508
  [64350/100000]  elapsed=14794s  rate=4.3/s  eta=8196s  finite=21509
  [64360/100000]  elapsed=14797s  rate=4.3/s  eta=8194s  finite=21514
  [64370/100000]  elapsed=14799s  rate=4.3/s  eta=8191s  finite=21517
  [64380/100000]  elapsed=14801s  rate=4.3/s  eta=8189s  finite=21520
  [64390/100000]  elapsed=14803s  rate=4.3/s  eta=8187s  finite=21522
  [warn] sample 0 failed: This a (0.60392085), p0 (13.766925) and e0 (0.8987355000000001) combination is outside of our domain of validity.
  [64400/100000]  elapsed=14805s  rate=4.3/s  eta=8184s  finite=21524
  -> checkpoint saved: /scratch/e1498138/paper/ext/emri_g/lhs_f/ckpt_064400.pkl
  [64410/100000]  elapsed=14808s  rate=4.3/s  eta=8182s  finite=21530
  [warn] sample 4 failed: This a (0.43691325000000003), p0 (14.083365) and e0 (0.8968395) combination is outside of our domain of validity.
  [64420/100000]  elapsed=14810s  rate=4.3/s  eta=8180s  finite=21532
  [warn] sample 5 failed: This a (0.41933204999999996), p0 (13.920885) and e0 (0.8911155000000001) combination is outside of our domain of validity.
  [64430/100000]  elapsed=14812s  rate=4.3/s  eta=8177s  finite=21535
  [64440/100000]  elapsed=14814s  rate=4.3/s  eta=8175s  finite=21541
  [64450/100000]  elapsed=14817s  rate=4.3/s  eta=8173s  finite=21544
  [warn] sample 0 failed: 
  [64460/100000]  elapsed=14819s  rate=4.3/s  eta=8170s  finite=21546
  [64470/100000]  elapsed=14821s  rate=4.3/s  eta=8168s  finite=21548
  [64480/100000]  elapsed=14823s  rate=4.3/s  eta=8166s  finite=21551
  [64490/100000]  elapsed=14826s  rate=4.3/s  eta=8163s  finite=21554
  [64500/100000]  elapsed=14828s  rate=4.3/s  eta=8161s  finite=21560
  -> checkpoint saved: /scratch/e1498138/paper/ext/emri_g/lhs_f/ckpt_064500.pkl
  [64510/100000]  elapsed=14830s  rate=4.3/s  eta=8159s  finite=21565
  [64520/100000]  elapsed=14833s  rate=4.3/s  eta=8157s  finite=21568
  [64530/100000]  elapsed=14835s  rate=4.3/s  eta=8154s  finite=21572
  [64540/100000]  elapsed=14837s  rate=4.3/s  eta=8152s  finite=21574
  [64550/100000]  elapsed=14840s  rate=4.3/s  eta=8150s  finite=21578
  [64560/100000]  elapsed=14842s  rate=4.3/s  eta=8147s  finite=21580
  [64570/100000]  elapsed=14844s  rate=4.3/s  eta=8145s  finite=21583
  [warn] sample 0 failed: 
  [64580/100000]  elapsed=14846s  rate=4.3/s  eta=8143s  finite=21584
  [64590/100000]  elapsed=14848s  rate=4.3/s  eta=8140s  finite=21585
  [64600/100000]  elapsed=14851s  rate=4.3/s  eta=8138s  finite=21589
  -> checkpoint saved: /scratch/e1498138/paper/ext/emri_g/lhs_f/ckpt_064600.pkl
  [64610/100000]  elapsed=14853s  rate=4.3/s  eta=8136s  finite=21590
  [64620/100000]  elapsed=14855s  rate=4.3/s  eta=8133s  finite=21594
  [64630/100000]  elapsed=14858s  rate=4.3/s  eta=8131s  finite=21594
  [64640/100000]  elapsed=14860s  rate=4.3/s  eta=8129s  finite=21597
  [64650/100000]  elapsed=14862s  rate=4.3/s  eta=8127s  finite=21602
  [64660/100000]  elapsed=14865s  rate=4.3/s  eta=8124s  finite=21606
  [64670/100000]  elapsed=14867s  rate=4.3/s  eta=8122s  finite=21611
  [64680/100000]  elapsed=14869s  rate=4.3/s  eta=8120s  finite=21613
  [warn] sample 7 failed: 
  [64690/100000]  elapsed=14871s  rate=4.3/s  eta=8117s  finite=21613
  [64700/100000]  elapsed=14874s  rate=4.3/s  eta=8115s  finite=21616
  -> checkpoint saved: /scratch/e1498138/paper/ext/emri_g/lhs_f/ckpt_064700.pkl
  [64710/100000]  elapsed=14876s  rate=4.3/s  eta=8113s  finite=21619
  [64720/100000]  elapsed=14879s  rate=4.3/s  eta=8111s  finite=21621
  [64730/100000]  elapsed=14881s  rate=4.3/s  eta=8108s  finite=21624
  [64740/100000]  elapsed=14883s  rate=4.3/s  eta=8106s  finite=21628
  [64750/100000]  elapsed=14886s  rate=4.3/s  eta=8104s  finite=21632
  [64760/100000]  elapsed=14888s  rate=4.3/s  eta=8101s  finite=21635
  [64770/100000]  elapsed=14890s  rate=4.3/s  eta=8099s  finite=21639
  [64780/100000]  elapsed=14893s  rate=4.3/s  eta=8097s  finite=21641
  [64790/100000]  elapsed=14895s  rate=4.3/s  eta=8095s  finite=21647
  [64800/100000]  elapsed=14897s  rate=4.3/s  eta=8092s  finite=21651
  -> checkpoint saved: /scratch/e1498138/paper/ext/emri_g/lhs_f/ckpt_064800.pkl
  [warn] sample 7 failed: This a (0.56132025), p0 (13.559475) and e0 (0.8964045) combination is outside of our domain of validity.
  [warn] sample 8 failed: 
  [64810/100000]  elapsed=14899s  rate=4.3/s  eta=8090s  finite=21654
  [64820/100000]  elapsed=14902s  rate=4.3/s  eta=8088s  finite=21659
  [64830/100000]  elapsed=14904s  rate=4.3/s  eta=8086s  finite=21663
  [64840/100000]  elapsed=14907s  rate=4.3/s  eta=8083s  finite=21668
  [64850/100000]  elapsed=14909s  rate=4.3/s  eta=8081s  finite=21670
  [64860/100000]  elapsed=14911s  rate=4.3/s  eta=8079s  finite=21671
  [64870/100000]  elapsed=14914s  rate=4.3/s  eta=8077s  finite=21675
  [64880/100000]  elapsed=14916s  rate=4.3/s  eta=8074s  finite=21680
  [warn] sample 5 failed: 
  [warn] sample 7 failed: 
  [64890/100000]  elapsed=14918s  rate=4.3/s  eta=8072s  finite=21683
  [64900/100000]  elapsed=14921s  rate=4.3/s  eta=8070s  finite=21687
  -> checkpoint saved: /scratch/e1498138/paper/ext/emri_g/lhs_f/ckpt_064900.pkl
  [64910/100000]  elapsed=14923s  rate=4.3/s  eta=8067s  finite=21692
  [64920/100000]  elapsed=14926s  rate=4.3/s  eta=8065s  finite=21699
  [64930/100000]  elapsed=14928s  rate=4.3/s  eta=8063s  finite=21703
  [64940/100000]  elapsed=14931s  rate=4.3/s  eta=8061s  finite=21707
  [64950/100000]  elapsed=14933s  rate=4.3/s  eta=8059s  finite=21713
  [64960/100000]  elapsed=14935s  rate=4.3/s  eta=8056s  finite=21714
  [64970/100000]  elapsed=14938s  rate=4.3/s  eta=8054s  finite=21717
  [64980/100000]  elapsed=14940s  rate=4.3/s  eta=8052s  finite=21720
  [64990/100000]  elapsed=14943s  rate=4.3/s  eta=8050s  finite=21723
  [65000/100000]  elapsed=14945s  rate=4.3/s  eta=8047s  finite=21726
  -> checkpoint saved: /scratch/e1498138/paper/ext/emri_g/lhs_f/ckpt_065000.pkl
  [65010/100000]  elapsed=14947s  rate=4.3/s  eta=8045s  finite=21727
  [65020/100000]  elapsed=14950s  rate=4.3/s  eta=8043s  finite=21730
  [65030/100000]  elapsed=14952s  rate=4.3/s  eta=8040s  finite=21734
  [65040/100000]  elapsed=14954s  rate=4.3/s  eta=8038s  finite=21737
  [65050/100000]  elapsed=14957s  rate=4.3/s  eta=8036s  finite=21741
  [65060/100000]  elapsed=14959s  rate=4.3/s  eta=8034s  finite=21743
  [65070/100000]  elapsed=14961s  rate=4.3/s  eta=8031s  finite=21747
  [65080/100000]  elapsed=14964s  rate=4.3/s  eta=8029s  finite=21752
  [65090/100000]  elapsed=14966s  rate=4.3/s  eta=8027s  finite=21755
  [warn] sample 3 failed: 
  [65100/100000]  elapsed=14969s  rate=4.3/s  eta=8025s  finite=21756
  -> checkpoint saved: /scratch/e1498138/paper/ext/emri_g/lhs_f/ckpt_065100.pkl
  [65110/100000]  elapsed=14971s  rate=4.3/s  eta=8022s  finite=21760
  [65120/100000]  elapsed=14973s  rate=4.3/s  eta=8020s  finite=21765
  [65130/100000]  elapsed=14976s  rate=4.3/s  eta=8018s  finite=21770
  [65140/100000]  elapsed=14978s  rate=4.3/s  eta=8016s  finite=21774
  [65150/100000]  elapsed=14981s  rate=4.3/s  eta=8013s  finite=21776
  [65160/100000]  elapsed=14983s  rate=4.3/s  eta=8011s  finite=21778
  [65170/100000]  elapsed=14986s  rate=4.3/s  eta=8009s  finite=21783
  [65180/100000]  elapsed=14988s  rate=4.3/s  eta=8007s  finite=21785
  [65190/100000]  elapsed=14990s  rate=4.3/s  eta=8004s  finite=21786
  [65200/100000]  elapsed=14993s  rate=4.3/s  eta=8002s  finite=21787
  -> checkpoint saved: /scratch/e1498138/paper/ext/emri_g/lhs_f/ckpt_065200.pkl
  [65210/100000]  elapsed=14995s  rate=4.3/s  eta=8000s  finite=21791
  [65220/100000]  elapsed=14997s  rate=4.3/s  eta=7998s  finite=21793
  [65230/100000]  elapsed=15000s  rate=4.3/s  eta=7996s  finite=21797
  [warn] sample 0 failed: 
  [65240/100000]  elapsed=15002s  rate=4.3/s  eta=7993s  finite=21802
  [65250/100000]  elapsed=15005s  rate=4.3/s  eta=7991s  finite=21804
  [65260/100000]  elapsed=15007s  rate=4.3/s  eta=7989s  finite=21807
  [65270/100000]  elapsed=15010s  rate=4.3/s  eta=7987s  finite=21812
  [65280/100000]  elapsed=15012s  rate=4.3/s  eta=7984s  finite=21813
  [65290/100000]  elapsed=15014s  rate=4.3/s  eta=7982s  finite=21818
  [65300/100000]  elapsed=15017s  rate=4.3/s  eta=7980s  finite=21822
  -> checkpoint saved: /scratch/e1498138/paper/ext/emri_g/lhs_f/ckpt_065300.pkl
  [65310/100000]  elapsed=15019s  rate=4.3/s  eta=7977s  finite=21825
  [65320/100000]  elapsed=15021s  rate=4.3/s  eta=7975s  finite=21827
  [65330/100000]  elapsed=15024s  rate=4.3/s  eta=7973s  finite=21830
  [65340/100000]  elapsed=15026s  rate=4.3/s  eta=7971s  finite=21832
  [65350/100000]  elapsed=15028s  rate=4.3/s  eta=7968s  finite=21839
  [65360/100000]  elapsed=15031s  rate=4.3/s  eta=7966s  finite=21840
  [65370/100000]  elapsed=15033s  rate=4.3/s  eta=7964s  finite=21843
  [65380/100000]  elapsed=15036s  rate=4.3/s  eta=7962s  finite=21849
  [65390/100000]  elapsed=15038s  rate=4.3/s  eta=7959s  finite=21851
  [65400/100000]  elapsed=15040s  rate=4.3/s  eta=7957s  finite=21855
  -> checkpoint saved: /scratch/e1498138/paper/ext/emri_g/lhs_f/ckpt_065400.pkl
  [65410/100000]  elapsed=15043s  rate=4.3/s  eta=7955s  finite=21858
  [warn] sample 9 failed: 
  [65420/100000]  elapsed=15045s  rate=4.3/s  eta=7953s  finite=21863
  [65430/100000]  elapsed=15047s  rate=4.3/s  eta=7950s  finite=21865
  [warn] sample 2 failed: 
  [65440/100000]  elapsed=15049s  rate=4.3/s  eta=7948s  finite=21866
  [65450/100000]  elapsed=15052s  rate=4.3/s  eta=7946s  finite=21868
  [65460/100000]  elapsed=15054s  rate=4.3/s  eta=7943s  finite=21870
  [65470/100000]  elapsed=15056s  rate=4.3/s  eta=7941s  finite=21874
  [65480/100000]  elapsed=15059s  rate=4.3/s  eta=7939s  finite=21877
  [65490/100000]  elapsed=15061s  rate=4.3/s  eta=7936s  finite=21880
  [65500/100000]  elapsed=15064s  rate=4.3/s  eta=7934s  finite=21886
  -> checkpoint saved: /scratch/e1498138/paper/ext/emri_g/lhs_f/ckpt_065500.pkl
  [65510/100000]  elapsed=15066s  rate=4.3/s  eta=7932s  finite=21888
  [65520/100000]  elapsed=15068s  rate=4.3/s  eta=7930s  finite=21893
  [65530/100000]  elapsed=15071s  rate=4.3/s  eta=7927s  finite=21899
  [warn] sample 6 failed: This a (0.45964185), p0 (14.476845) and e0 (0.8993985) combination is outside of our domain of validity.
  [65540/100000]  elapsed=15073s  rate=4.3/s  eta=7925s  finite=21903
  [warn] sample 5 failed: 
  [65550/100000]  elapsed=15075s  rate=4.3/s  eta=7923s  finite=21907
  [65560/100000]  elapsed=15077s  rate=4.3/s  eta=7920s  finite=21911
  [65570/100000]  elapsed=15080s  rate=4.3/s  eta=7918s  finite=21913
  [65580/100000]  elapsed=15082s  rate=4.3/s  eta=7916s  finite=21916
  [65590/100000]  elapsed=15084s  rate=4.3/s  eta=7914s  finite=21917
  [65600/100000]  elapsed=15087s  rate=4.3/s  eta=7911s  finite=21921
  -> checkpoint saved: /scratch/e1498138/paper/ext/emri_g/lhs_f/ckpt_065600.pkl
  [warn] sample 4 failed: 
  [65610/100000]  elapsed=15089s  rate=4.3/s  eta=7909s  finite=21924
  [warn] sample 8 failed: 
  [65620/100000]  elapsed=15091s  rate=4.3/s  eta=7907s  finite=21928
  [65630/100000]  elapsed=15094s  rate=4.3/s  eta=7904s  finite=21933
  [warn] sample 9 failed: This a (0.43999065), p0 (14.011755) and e0 (0.8948655000000001) combination is outside of our domain of validity.
  [65640/100000]  elapsed=15096s  rate=4.3/s  eta=7902s  finite=21939
  [65650/100000]  elapsed=15098s  rate=4.3/s  eta=7900s  finite=21941
  [65660/100000]  elapsed=15101s  rate=4.3/s  eta=7898s  finite=21943
  [65670/100000]  elapsed=15103s  rate=4.3/s  eta=7895s  finite=21947
  [65680/100000]  elapsed=15105s  rate=4.3/s  eta=7893s  finite=21952
  [warn] sample 7 failed: 
  [65690/100000]  elapsed=15107s  rate=4.3/s  eta=7891s  finite=21956
  [65700/100000]  elapsed=15110s  rate=4.3/s  eta=7888s  finite=21961
  -> checkpoint saved: /scratch/e1498138/paper/ext/emri_g/lhs_f/ckpt_065700.pkl
  [65710/100000]  elapsed=15112s  rate=4.3/s  eta=7886s  finite=21963
  [65720/100000]  elapsed=15115s  rate=4.3/s  eta=7884s  finite=21968
  [65730/100000]  elapsed=15117s  rate=4.3/s  eta=7882s  finite=21970
  [65740/100000]  elapsed=15119s  rate=4.3/s  eta=7879s  finite=21976
  [65750/100000]  elapsed=15122s  rate=4.3/s  eta=7877s  finite=21979
  [65760/100000]  elapsed=15124s  rate=4.3/s  eta=7875s  finite=21982
  [warn] sample 3 failed: 
  [65770/100000]  elapsed=15126s  rate=4.3/s  eta=7873s  finite=21985
  [65780/100000]  elapsed=15129s  rate=4.3/s  eta=7870s  finite=21986
  [warn] sample 0 failed: 
  [65790/100000]  elapsed=15131s  rate=4.3/s  eta=7868s  finite=21989
  [warn] sample 9 failed: 
  [65800/100000]  elapsed=15133s  rate=4.3/s  eta=7865s  finite=21993
  -> checkpoint saved: /scratch/e1498138/paper/ext/emri_g/lhs_f/ckpt_065800.pkl
  [65810/100000]  elapsed=15135s  rate=4.3/s  eta=7863s  finite=21996
  [65820/100000]  elapsed=15138s  rate=4.3/s  eta=7861s  finite=22001
  [65830/100000]  elapsed=15140s  rate=4.3/s  eta=7859s  finite=22004
  [65840/100000]  elapsed=15142s  rate=4.3/s  eta=7856s  finite=22008
  [65850/100000]  elapsed=15144s  rate=4.3/s  eta=7854s  finite=22011
  [65860/100000]  elapsed=15147s  rate=4.3/s  eta=7852s  finite=22014
  [65870/100000]  elapsed=15149s  rate=4.3/s  eta=7849s  finite=22017
  [warn] sample 8 failed: 
  [65880/100000]  elapsed=15151s  rate=4.3/s  eta=7847s  finite=22022
  [65890/100000]  elapsed=15154s  rate=4.3/s  eta=7845s  finite=22025
  [65900/100000]  elapsed=15156s  rate=4.3/s  eta=7842s  finite=22031
  -> checkpoint saved: /scratch/e1498138/paper/ext/emri_g/lhs_f/ckpt_065900.pkl
  [65910/100000]  elapsed=15158s  rate=4.3/s  eta=7840s  finite=22036
  [65920/100000]  elapsed=15161s  rate=4.3/s  eta=7838s  finite=22040
  [65930/100000]  elapsed=15163s  rate=4.3/s  eta=7836s  finite=22047
  [65940/100000]  elapsed=15165s  rate=4.3/s  eta=7833s  finite=22051
  [65950/100000]  elapsed=15168s  rate=4.3/s  eta=7831s  finite=22056
  [warn] sample 6 failed: 
  [65960/100000]  elapsed=15170s  rate=4.3/s  eta=7829s  finite=22060
  [65970/100000]  elapsed=15172s  rate=4.3/s  eta=7826s  finite=22063
  [65980/100000]  elapsed=15174s  rate=4.3/s  eta=7824s  finite=22064
  [warn] sample 2 failed: 
  [65990/100000]  elapsed=15176s  rate=4.3/s  eta=7822s  finite=22064
  [warn] sample 0 failed: This a (0.53314065), p0 (13.674915) and e0 (0.8956335000000001) combination is outside of our domain of validity.
  [66000/100000]  elapsed=15179s  rate=4.3/s  eta=7819s  finite=22066
  -> checkpoint saved: /scratch/e1498138/paper/ext/emri_g/lhs_f/ckpt_066000.pkl
  [66010/100000]  elapsed=15181s  rate=4.3/s  eta=7817s  finite=22070
  [66020/100000]  elapsed=15183s  rate=4.3/s  eta=7815s  finite=22074
  [66030/100000]  elapsed=15186s  rate=4.3/s  eta=7812s  finite=22079
  [66040/100000]  elapsed=15188s  rate=4.3/s  eta=7810s  finite=22083
  [66050/100000]  elapsed=15190s  rate=4.3/s  eta=7808s  finite=22088
  [66060/100000]  elapsed=15193s  rate=4.3/s  eta=7806s  finite=22090
  [66070/100000]  elapsed=15195s  rate=4.3/s  eta=7803s  finite=22097
  [66080/100000]  elapsed=15197s  rate=4.3/s  eta=7801s  finite=22100
  [66090/100000]  elapsed=15200s  rate=4.3/s  eta=7799s  finite=22102
  [warn] sample 6 failed: 
  [66100/100000]  elapsed=15202s  rate=4.3/s  eta=7796s  finite=22106
  -> checkpoint saved: /scratch/e1498138/paper/ext/emri_g/lhs_f/ckpt_066100.pkl
  [66110/100000]  elapsed=15204s  rate=4.3/s  eta=7794s  finite=22108
  [66120/100000]  elapsed=15206s  rate=4.3/s  eta=7792s  finite=22112
  [66130/100000]  elapsed=15209s  rate=4.3/s  eta=7790s  finite=22115
  [66140/100000]  elapsed=15211s  rate=4.3/s  eta=7787s  finite=22120
  [66150/100000]  elapsed=15214s  rate=4.3/s  eta=7785s  finite=22123
  [warn] sample 6 failed: 
  [66160/100000]  elapsed=15216s  rate=4.3/s  eta=7783s  finite=22123
  [66170/100000]  elapsed=15218s  rate=4.3/s  eta=7780s  finite=22128
  [warn] sample 3 failed: 
  [66180/100000]  elapsed=15220s  rate=4.3/s  eta=7778s  finite=22131
  [warn] sample 8 failed: This a (0.43536074999999996), p0 (13.602915) and e0 (0.8909925000000001) combination is outside of our domain of validity.
  [66190/100000]  elapsed=15222s  rate=4.3/s  eta=7776s  finite=22134
  [66200/100000]  elapsed=15225s  rate=4.3/s  eta=7773s  finite=22136
  -> checkpoint saved: /scratch/e1498138/paper/ext/emri_g/lhs_f/ckpt_066200.pkl
  [66210/100000]  elapsed=15227s  rate=4.3/s  eta=7771s  finite=22141
  [warn] sample 6 failed: 
  [66220/100000]  elapsed=15229s  rate=4.3/s  eta=7769s  finite=22145
  [66230/100000]  elapsed=15232s  rate=4.3/s  eta=7766s  finite=22147
  [66240/100000]  elapsed=15234s  rate=4.3/s  eta=7764s  finite=22150
  [66250/100000]  elapsed=15236s  rate=4.3/s  eta=7762s  finite=22152
  [66260/100000]  elapsed=15239s  rate=4.3/s  eta=7760s  finite=22159
  [warn] sample 9 failed: 
  [66270/100000]  elapsed=15241s  rate=4.3/s  eta=7757s  finite=22161
  [66280/100000]  elapsed=15243s  rate=4.3/s  eta=7755s  finite=22166
  [66290/100000]  elapsed=15245s  rate=4.3/s  eta=7753s  finite=22170
  [66300/100000]  elapsed=15248s  rate=4.3/s  eta=7750s  finite=22176
  -> checkpoint saved: /scratch/e1498138/paper/ext/emri_g/lhs_f/ckpt_066300.pkl
  [warn] sample 3 failed: 
  [66310/100000]  elapsed=15250s  rate=4.3/s  eta=7748s  finite=22180
  [66320/100000]  elapsed=15252s  rate=4.3/s  eta=7746s  finite=22183
  [66330/100000]  elapsed=15255s  rate=4.3/s  eta=7743s  finite=22187
  [66340/100000]  elapsed=15257s  rate=4.3/s  eta=7741s  finite=22189
  [66350/100000]  elapsed=15259s  rate=4.3/s  eta=7739s  finite=22190
  [66360/100000]  elapsed=15261s  rate=4.3/s  eta=7736s  finite=22193
  [66370/100000]  elapsed=15264s  rate=4.3/s  eta=7734s  finite=22196
  [warn] sample 2 failed: 
  [66380/100000]  elapsed=15266s  rate=4.3/s  eta=7732s  finite=22200
  [66390/100000]  elapsed=15268s  rate=4.3/s  eta=7730s  finite=22203
  [warn] sample 4 failed: This a (0.32685135), p0 (14.424705) and e0 (0.8953575) combination is outside of our domain of validity.
  [66400/100000]  elapsed=15271s  rate=4.3/s  eta=7727s  finite=22207
  -> checkpoint saved: /scratch/e1498138/paper/ext/emri_g/lhs_f/ckpt_066400.pkl
  [66410/100000]  elapsed=15273s  rate=4.3/s  eta=7725s  finite=22211
  [66420/100000]  elapsed=15275s  rate=4.3/s  eta=7723s  finite=22216
  [66430/100000]  elapsed=15278s  rate=4.3/s  eta=7721s  finite=22221
  [warn] sample 7 failed: 
  [66440/100000]  elapsed=15280s  rate=4.3/s  eta=7718s  finite=22223
  [66450/100000]  elapsed=15282s  rate=4.3/s  eta=7716s  finite=22223
  [warn] sample 5 failed: 
  [66460/100000]  elapsed=15284s  rate=4.3/s  eta=7713s  finite=22226
  [66470/100000]  elapsed=15287s  rate=4.3/s  eta=7711s  finite=22230
  [warn] sample 6 failed: This a (0.40738125), p0 (14.386545) and e0 (0.8976945000000001) combination is outside of our domain of validity.
  [66480/100000]  elapsed=15289s  rate=4.3/s  eta=7709s  finite=22232
  [66490/100000]  elapsed=15291s  rate=4.3/s  eta=7706s  finite=22236
  [66500/100000]  elapsed=15294s  rate=4.3/s  eta=7704s  finite=22241
  -> checkpoint saved: /scratch/e1498138/paper/ext/emri_g/lhs_f/ckpt_066500.pkl
  [66510/100000]  elapsed=15296s  rate=4.3/s  eta=7702s  finite=22245
  [warn] sample 5 failed: 
  [66520/100000]  elapsed=15298s  rate=4.3/s  eta=7700s  finite=22247
  [66530/100000]  elapsed=15300s  rate=4.3/s  eta=7697s  finite=22249
  [66540/100000]  elapsed=15303s  rate=4.3/s  eta=7695s  finite=22252
  [warn] sample 2 failed: 
  [66550/100000]  elapsed=15305s  rate=4.3/s  eta=7693s  finite=22254
  [66560/100000]  elapsed=15307s  rate=4.3/s  eta=7690s  finite=22259
  [warn] sample 2 failed: 
  [66570/100000]  elapsed=15309s  rate=4.3/s  eta=7688s  finite=22262
  [66580/100000]  elapsed=15312s  rate=4.3/s  eta=7686s  finite=22266
  [66590/100000]  elapsed=15314s  rate=4.3/s  eta=7683s  finite=22268
  [66600/100000]  elapsed=15316s  rate=4.3/s  eta=7681s  finite=22272
  -> checkpoint saved: /scratch/e1498138/paper/ext/emri_g/lhs_f/ckpt_066600.pkl
  [66610/100000]  elapsed=15319s  rate=4.3/s  eta=7679s  finite=22278
  [66620/100000]  elapsed=15321s  rate=4.3/s  eta=7677s  finite=22279
  [warn] sample 2 failed: 
  [66630/100000]  elapsed=15323s  rate=4.3/s  eta=7674s  finite=22280
  [66640/100000]  elapsed=15326s  rate=4.3/s  eta=7672s  finite=22283
  [66650/100000]  elapsed=15328s  rate=4.3/s  eta=7670s  finite=22284
  [66660/100000]  elapsed=15331s  rate=4.3/s  eta=7668s  finite=22290
  [66670/100000]  elapsed=15333s  rate=4.3/s  eta=7665s  finite=22295
  [66680/100000]  elapsed=15336s  rate=4.3/s  eta=7663s  finite=22298
  [66690/100000]  elapsed=15338s  rate=4.3/s  eta=7661s  finite=22303
  [warn] sample 5 failed: 
  [66700/100000]  elapsed=15340s  rate=4.3/s  eta=7659s  finite=22305
  -> checkpoint saved: /scratch/e1498138/paper/ext/emri_g/lhs_f/ckpt_066700.pkl
  [warn] sample 1 failed: 
  [66710/100000]  elapsed=15342s  rate=4.3/s  eta=7656s  finite=22306
  [warn] sample 1 failed: 
  [warn] sample 9 failed: 
  [66720/100000]  elapsed=15345s  rate=4.3/s  eta=7654s  finite=22307
  [66730/100000]  elapsed=15347s  rate=4.3/s  eta=7652s  finite=22309
  [warn] sample 7 failed: 
  [66740/100000]  elapsed=15349s  rate=4.3/s  eta=7649s  finite=22310
  [66750/100000]  elapsed=15352s  rate=4.3/s  eta=7647s  finite=22311
  [66760/100000]  elapsed=15354s  rate=4.3/s  eta=7645s  finite=22317
  [66770/100000]  elapsed=15356s  rate=4.3/s  eta=7642s  finite=22322
  [warn] sample 0 failed: 
  [66780/100000]  elapsed=15358s  rate=4.3/s  eta=7640s  finite=22325
  [warn] sample 5 failed: 
  [66790/100000]  elapsed=15361s  rate=4.3/s  eta=7638s  finite=22329
  [66800/100000]  elapsed=15363s  rate=4.3/s  eta=7635s  finite=22332
  -> checkpoint saved: /scratch/e1498138/paper/ext/emri_g/lhs_f/ckpt_066800.pkl
  [warn] sample 4 failed: 
  [66810/100000]  elapsed=15365s  rate=4.3/s  eta=7633s  finite=22336
  [warn] sample 3 failed: 
  [66820/100000]  elapsed=15368s  rate=4.3/s  eta=7631s  finite=22337
  [66830/100000]  elapsed=15370s  rate=4.3/s  eta=7629s  finite=22340
  [66840/100000]  elapsed=15372s  rate=4.3/s  eta=7626s  finite=22341
  [66850/100000]  elapsed=15374s  rate=4.3/s  eta=7624s  finite=22344
  [66860/100000]  elapsed=15377s  rate=4.3/s  eta=7622s  finite=22351
  [66870/100000]  elapsed=15379s  rate=4.3/s  eta=7619s  finite=22353
  [66880/100000]  elapsed=15382s  rate=4.3/s  eta=7617s  finite=22358
  [66890/100000]  elapsed=15384s  rate=4.3/s  eta=7615s  finite=22362
  [66900/100000]  elapsed=15386s  rate=4.3/s  eta=7613s  finite=22367
  -> checkpoint saved: /scratch/e1498138/paper/ext/emri_g/lhs_f/ckpt_066900.pkl
  [66910/100000]  elapsed=15389s  rate=4.3/s  eta=7610s  finite=22371
  [66920/100000]  elapsed=15391s  rate=4.3/s  eta=7608s  finite=22373
  [66930/100000]  elapsed=15394s  rate=4.3/s  eta=7606s  finite=22375
  [66940/100000]  elapsed=15396s  rate=4.3/s  eta=7604s  finite=22378
  [66950/100000]  elapsed=15398s  rate=4.3/s  eta=7601s  finite=22380
  [warn] sample 7 failed: 
  [66960/100000]  elapsed=15401s  rate=4.3/s  eta=7599s  finite=22383
  [66970/100000]  elapsed=15403s  rate=4.3/s  eta=7597s  finite=22386
  [66980/100000]  elapsed=15405s  rate=4.3/s  eta=7594s  finite=22389
  [warn] sample 6 failed: This a (0.41553704999999996), p0 (13.917315) and e0 (0.8913345) combination is outside of our domain of validity.
  [66990/100000]  elapsed=15407s  rate=4.3/s  eta=7592s  finite=22393
  [67000/100000]  elapsed=15410s  rate=4.3/s  eta=7590s  finite=22397
  -> checkpoint saved: /scratch/e1498138/paper/ext/emri_g/lhs_f/ckpt_067000.pkl
  [67010/100000]  elapsed=15412s  rate=4.3/s  eta=7588s  finite=22399
  [67020/100000]  elapsed=15414s  rate=4.3/s  eta=7585s  finite=22401
  [67030/100000]  elapsed=15417s  rate=4.3/s  eta=7583s  finite=22402
  [warn] sample 3 failed: 
  [67040/100000]  elapsed=15419s  rate=4.3/s  eta=7581s  finite=22404
  [warn] sample 6 failed: This a (0.42236114999999996), p0 (14.690385) and e0 (0.8991135000000001) combination is outside of our domain of validity.
  [67050/100000]  elapsed=15421s  rate=4.3/s  eta=7578s  finite=22408
  [warn] sample 4 failed: 
  [67060/100000]  elapsed=15424s  rate=4.3/s  eta=7576s  finite=22412
  [warn] sample 6 failed: 
  [67070/100000]  elapsed=15426s  rate=4.3/s  eta=7574s  finite=22415
  [67080/100000]  elapsed=15428s  rate=4.3/s  eta=7571s  finite=22418
  [67090/100000]  elapsed=15431s  rate=4.3/s  eta=7569s  finite=22420
  [67100/100000]  elapsed=15433s  rate=4.3/s  eta=7567s  finite=22420
  -> checkpoint saved: /scratch/e1498138/paper/ext/emri_g/lhs_f/ckpt_067100.pkl
  [warn] sample 1 failed: 
  [67110/100000]  elapsed=15435s  rate=4.3/s  eta=7565s  finite=22422
  [67120/100000]  elapsed=15437s  rate=4.3/s  eta=7562s  finite=22423
  [67130/100000]  elapsed=15440s  rate=4.3/s  eta=7560s  finite=22425
  [67140/100000]  elapsed=15442s  rate=4.3/s  eta=7558s  finite=22426
  [67150/100000]  elapsed=15445s  rate=4.3/s  eta=7556s  finite=22430
  [warn] sample 4 failed: This a (0.40026735), p0 (14.089365) and e0 (0.8928465000000001) combination is outside of our domain of validity.
  [67160/100000]  elapsed=15447s  rate=4.3/s  eta=7553s  finite=22436
  [67170/100000]  elapsed=15449s  rate=4.3/s  eta=7551s  finite=22437
  [67180/100000]  elapsed=15452s  rate=4.3/s  eta=7549s  finite=22441
  [67190/100000]  elapsed=15454s  rate=4.3/s  eta=7546s  finite=22442
  [67200/100000]  elapsed=15456s  rate=4.3/s  eta=7544s  finite=22445
  -> checkpoint saved: /scratch/e1498138/paper/ext/emri_g/lhs_f/ckpt_067200.pkl
  [67210/100000]  elapsed=15458s  rate=4.3/s  eta=7542s  finite=22448
  [67220/100000]  elapsed=15461s  rate=4.3/s  eta=7539s  finite=22452
  [warn] sample 4 failed: This a (0.42456225), p0 (13.667685) and e0 (0.8974995) combination is outside of our domain of validity.
  [67230/100000]  elapsed=15463s  rate=4.3/s  eta=7537s  finite=22455
  [warn] sample 4 failed: 
  [67240/100000]  elapsed=15465s  rate=4.3/s  eta=7535s  finite=22459
  [warn] sample 9 failed: 
  [67250/100000]  elapsed=15467s  rate=4.3/s  eta=7532s  finite=22461
  [67260/100000]  elapsed=15469s  rate=4.3/s  eta=7530s  finite=22462
  [67270/100000]  elapsed=15472s  rate=4.3/s  eta=7528s  finite=22464
  [67280/100000]  elapsed=15474s  rate=4.3/s  eta=7525s  finite=22469
  [67290/100000]  elapsed=15476s  rate=4.3/s  eta=7523s  finite=22472
  [warn] sample 4 failed: 
  [67300/100000]  elapsed=15478s  rate=4.3/s  eta=7521s  finite=22474
  -> checkpoint saved: /scratch/e1498138/paper/ext/emri_g/lhs_f/ckpt_067300.pkl
  [67310/100000]  elapsed=15481s  rate=4.3/s  eta=7518s  finite=22479
  [67320/100000]  elapsed=15483s  rate=4.3/s  eta=7516s  finite=22483
  [67330/100000]  elapsed=15486s  rate=4.3/s  eta=7514s  finite=22490
  [67340/100000]  elapsed=15488s  rate=4.3/s  eta=7512s  finite=22494
  [warn] sample 3 failed: 
  [67350/100000]  elapsed=15490s  rate=4.3/s  eta=7509s  finite=22498
  [67360/100000]  elapsed=15492s  rate=4.3/s  eta=7507s  finite=22501
  [67370/100000]  elapsed=15495s  rate=4.3/s  eta=7505s  finite=22505
  [67380/100000]  elapsed=15497s  rate=4.3/s  eta=7502s  finite=22512
  [67390/100000]  elapsed=15499s  rate=4.3/s  eta=7500s  finite=22515
  [67400/100000]  elapsed=15502s  rate=4.3/s  eta=7498s  finite=22519
  -> checkpoint saved: /scratch/e1498138/paper/ext/emri_g/lhs_f/ckpt_067400.pkl
  [warn] sample 7 failed: This a (0.32747234999999997), p0 (13.702005) and e0 (0.8870265) combination is outside of our domain of validity.
  [67410/100000]  elapsed=15504s  rate=4.3/s  eta=7495s  finite=22524
  [67420/100000]  elapsed=15506s  rate=4.3/s  eta=7493s  finite=22526
  [warn] sample 6 failed: 
  [67430/100000]  elapsed=15508s  rate=4.3/s  eta=7491s  finite=22530
  [67440/100000]  elapsed=15510s  rate=4.3/s  eta=7488s  finite=22533
  [67450/100000]  elapsed=15513s  rate=4.3/s  eta=7486s  finite=22539
  [67460/100000]  elapsed=15515s  rate=4.3/s  eta=7484s  finite=22544
  [67470/100000]  elapsed=15517s  rate=4.3/s  eta=7482s  finite=22551
  [67480/100000]  elapsed=15520s  rate=4.3/s  eta=7479s  finite=22555
  [67490/100000]  elapsed=15522s  rate=4.3/s  eta=7477s  finite=22557
  [67500/100000]  elapsed=15524s  rate=4.3/s  eta=7475s  finite=22558
  -> checkpoint saved: /scratch/e1498138/paper/ext/emri_g/lhs_f/ckpt_067500.pkl
  [67510/100000]  elapsed=15527s  rate=4.3/s  eta=7472s  finite=22561
  [67520/100000]  elapsed=15529s  rate=4.3/s  eta=7470s  finite=22562
  [67530/100000]  elapsed=15531s  rate=4.3/s  eta=7468s  finite=22566
  [67540/100000]  elapsed=15533s  rate=4.3/s  eta=7465s  finite=22567
  [67550/100000]  elapsed=15536s  rate=4.3/s  eta=7463s  finite=22572
  [warn] sample 6 failed: This a (0.35267804999999997), p0 (13.827855) and e0 (0.8956125) combination is outside of our domain of validity.
  [67560/100000]  elapsed=15538s  rate=4.3/s  eta=7461s  finite=22575
  [67570/100000]  elapsed=15540s  rate=4.3/s  eta=7458s  finite=22581
  [warn] sample 3 failed: This a (0.33619394999999996), p0 (14.659605) and e0 (0.8953755000000001) combination is outside of our domain of validity.
  [67580/100000]  elapsed=15542s  rate=4.3/s  eta=7456s  finite=22582
  [67590/100000]  elapsed=15544s  rate=4.3/s  eta=7454s  finite=22586
  [67600/100000]  elapsed=15547s  rate=4.3/s  eta=7451s  finite=22590
  -> checkpoint saved: /scratch/e1498138/paper/ext/emri_g/lhs_f/ckpt_067600.pkl
  [warn] sample 1 failed: This a (0.35044935), p0 (13.534995) and e0 (0.8962695) combination is outside of our domain of validity.
  [warn] sample 3 failed: 
  [67610/100000]  elapsed=15549s  rate=4.3/s  eta=7449s  finite=22593
  [warn] sample 8 failed: 
  [67620/100000]  elapsed=15551s  rate=4.3/s  eta=7446s  finite=22597
  [67630/100000]  elapsed=15553s  rate=4.3/s  eta=7444s  finite=22602
  [67640/100000]  elapsed=15555s  rate=4.3/s  eta=7442s  finite=22605
  [67650/100000]  elapsed=15558s  rate=4.3/s  eta=7440s  finite=22608
  [67660/100000]  elapsed=15560s  rate=4.3/s  eta=7437s  finite=22609
  [67670/100000]  elapsed=15562s  rate=4.3/s  eta=7435s  finite=22613
  [67680/100000]  elapsed=15564s  rate=4.3/s  eta=7433s  finite=22617
  [67690/100000]  elapsed=15567s  rate=4.3/s  eta=7430s  finite=22619
  [67700/100000]  elapsed=15569s  rate=4.3/s  eta=7428s  finite=22625
  -> checkpoint saved: /scratch/e1498138/paper/ext/emri_g/lhs_f/ckpt_067700.pkl
  [67710/100000]  elapsed=15571s  rate=4.3/s  eta=7426s  finite=22629
  [67720/100000]  elapsed=15574s  rate=4.3/s  eta=7423s  finite=22633
  [67730/100000]  elapsed=15576s  rate=4.3/s  eta=7421s  finite=22634
  [67740/100000]  elapsed=15578s  rate=4.3/s  eta=7419s  finite=22635
  [67750/100000]  elapsed=15581s  rate=4.3/s  eta=7417s  finite=22637
  [67760/100000]  elapsed=15583s  rate=4.3/s  eta=7414s  finite=22640
  [67770/100000]  elapsed=15585s  rate=4.3/s  eta=7412s  finite=22643
  [67780/100000]  elapsed=15587s  rate=4.3/s  eta=7410s  finite=22645
  [67790/100000]  elapsed=15590s  rate=4.3/s  eta=7407s  finite=22647
  [67800/100000]  elapsed=15592s  rate=4.3/s  eta=7405s  finite=22651
  -> checkpoint saved: /scratch/e1498138/paper/ext/emri_g/lhs_f/ckpt_067800.pkl
  [67810/100000]  elapsed=15594s  rate=4.3/s  eta=7403s  finite=22654
  [67820/100000]  elapsed=15597s  rate=4.3/s  eta=7401s  finite=22655
  [67830/100000]  elapsed=15599s  rate=4.3/s  eta=7398s  finite=22658
  [67840/100000]  elapsed=15601s  rate=4.3/s  eta=7396s  finite=22659
  [67850/100000]  elapsed=15604s  rate=4.3/s  eta=7394s  finite=22659
  [67860/100000]  elapsed=15606s  rate=4.3/s  eta=7391s  finite=22663
  [67870/100000]  elapsed=15608s  rate=4.3/s  eta=7389s  finite=22668
  [67880/100000]  elapsed=15610s  rate=4.3/s  eta=7387s  finite=22670
  [warn] sample 2 failed: 
  [67890/100000]  elapsed=15613s  rate=4.3/s  eta=7384s  finite=22673
  [warn] sample 1 failed: 
  [67900/100000]  elapsed=15615s  rate=4.3/s  eta=7382s  finite=22678
  -> checkpoint saved: /scratch/e1498138/paper/ext/emri_g/lhs_f/ckpt_067900.pkl
  [67910/100000]  elapsed=15617s  rate=4.3/s  eta=7380s  finite=22683
  [67920/100000]  elapsed=15620s  rate=4.3/s  eta=7377s  finite=22686
  [warn] sample 1 failed: This a (0.33071534999999996), p0 (14.146455) and e0 (0.8903175000000001) combination is outside of our domain of validity.
  [warn] sample 7 failed: 
  [67930/100000]  elapsed=15622s  rate=4.3/s  eta=7375s  finite=22690
  [67940/100000]  elapsed=15624s  rate=4.3/s  eta=7373s  finite=22692
  [67950/100000]  elapsed=15626s  rate=4.3/s  eta=7370s  finite=22694
  [67960/100000]  elapsed=15628s  rate=4.3/s  eta=7368s  finite=22698
  [67970/100000]  elapsed=15631s  rate=4.3/s  eta=7366s  finite=22703
  [67980/100000]  elapsed=15633s  rate=4.3/s  eta=7364s  finite=22708
  [67990/100000]  elapsed=15636s  rate=4.3/s  eta=7361s  finite=22714
  [68000/100000]  elapsed=15638s  rate=4.3/s  eta=7359s  finite=22719
  -> checkpoint saved: /scratch/e1498138/paper/ext/emri_g/lhs_f/ckpt_068000.pkl
  [68010/100000]  elapsed=15640s  rate=4.3/s  eta=7357s  finite=22723
  [68020/100000]  elapsed=15643s  rate=4.3/s  eta=7354s  finite=22726
  [68030/100000]  elapsed=15645s  rate=4.3/s  eta=7352s  finite=22728
  [warn] sample 5 failed: This a (0.32748615), p0 (14.922375) and e0 (0.8967705) combination is outside of our domain of validity.
  [68040/100000]  elapsed=15647s  rate=4.3/s  eta=7350s  finite=22731
  [68050/100000]  elapsed=15649s  rate=4.3/s  eta=7347s  finite=22734
  [68060/100000]  elapsed=15652s  rate=4.3/s  eta=7345s  finite=22738
  [68070/100000]  elapsed=15654s  rate=4.3/s  eta=7343s  finite=22740
  [warn] sample 0 failed: 
  [68080/100000]  elapsed=15656s  rate=4.3/s  eta=7341s  finite=22743
  [68090/100000]  elapsed=15659s  rate=4.3/s  eta=7338s  finite=22748
  [warn] sample 2 failed: 
  [68100/100000]  elapsed=15661s  rate=4.3/s  eta=7336s  finite=22752
  -> checkpoint saved: /scratch/e1498138/paper/ext/emri_g/lhs_f/ckpt_068100.pkl
  [68110/100000]  elapsed=15663s  rate=4.3/s  eta=7334s  finite=22754
  [68120/100000]  elapsed=15665s  rate=4.3/s  eta=7331s  finite=22759
  [68130/100000]  elapsed=15668s  rate=4.3/s  eta=7329s  finite=22761
  [68140/100000]  elapsed=15670s  rate=4.3/s  eta=7327s  finite=22763
  [68150/100000]  elapsed=15672s  rate=4.3/s  eta=7325s  finite=22768
  [warn] sample 0 failed: This a (0.33738075), p0 (14.792175) and e0 (0.8990655000000001) combination is outside of our domain of validity.
  [68160/100000]  elapsed=15674s  rate=4.3/s  eta=7322s  finite=22773
  [68170/100000]  elapsed=15677s  rate=4.3/s  eta=7320s  finite=22775
  [warn] sample 9 failed: 
  [68180/100000]  elapsed=15679s  rate=4.3/s  eta=7317s  finite=22778
  [68190/100000]  elapsed=15681s  rate=4.3/s  eta=7315s  finite=22781
  [68200/100000]  elapsed=15684s  rate=4.3/s  eta=7313s  finite=22784
  -> checkpoint saved: /scratch/e1498138/paper/ext/emri_g/lhs_f/ckpt_068200.pkl
  [68210/100000]  elapsed=15686s  rate=4.3/s  eta=7311s  finite=22786
  [68220/100000]  elapsed=15689s  rate=4.3/s  eta=7308s  finite=22790
  [68230/100000]  elapsed=15691s  rate=4.3/s  eta=7306s  finite=22791
  [68240/100000]  elapsed=15693s  rate=4.3/s  eta=7304s  finite=22794
  [68250/100000]  elapsed=15696s  rate=4.3/s  eta=7302s  finite=22797
  [68260/100000]  elapsed=15698s  rate=4.3/s  eta=7299s  finite=22801
  [68270/100000]  elapsed=15700s  rate=4.3/s  eta=7297s  finite=22805
  [warn] sample 4 failed: 
  [68280/100000]  elapsed=15702s  rate=4.3/s  eta=7295s  finite=22806
  [68290/100000]  elapsed=15705s  rate=4.3/s  eta=7292s  finite=22810
  [68300/100000]  elapsed=15707s  rate=4.3/s  eta=7290s  finite=22812
  -> checkpoint saved: /scratch/e1498138/paper/ext/emri_g/lhs_f/ckpt_068300.pkl
  [warn] sample 8 failed: This a (0.45108585), p0 (14.420265) and e0 (0.8989815000000001) combination is outside of our domain of validity.
  [68310/100000]  elapsed=15709s  rate=4.3/s  eta=7288s  finite=22815
  [68320/100000]  elapsed=15711s  rate=4.3/s  eta=7285s  finite=22817
  [68330/100000]  elapsed=15714s  rate=4.3/s  eta=7283s  finite=22820
  [68340/100000]  elapsed=15716s  rate=4.3/s  eta=7281s  finite=22821
  [68350/100000]  elapsed=15718s  rate=4.3/s  eta=7279s  finite=22826
  [68360/100000]  elapsed=15721s  rate=4.3/s  eta=7276s  finite=22832
  [warn] sample 1 failed: 
  [warn] sample 4 failed: 
  [68370/100000]  elapsed=15723s  rate=4.3/s  eta=7274s  finite=22833
  [68380/100000]  elapsed=15725s  rate=4.3/s  eta=7272s  finite=22837
  [68390/100000]  elapsed=15728s  rate=4.3/s  eta=7269s  finite=22841
  [68400/100000]  elapsed=15730s  rate=4.3/s  eta=7267s  finite=22843
  -> checkpoint saved: /scratch/e1498138/paper/ext/emri_g/lhs_f/ckpt_068400.pkl
  [68410/100000]  elapsed=15732s  rate=4.3/s  eta=7265s  finite=22846
  [warn] sample 8 failed: This a (0.38235494999999997), p0 (14.384355) and e0 (0.8944515000000001) combination is outside of our domain of validity.
  [68420/100000]  elapsed=15735s  rate=4.3/s  eta=7262s  finite=22848
  [68430/100000]  elapsed=15737s  rate=4.3/s  eta=7260s  finite=22851
  [68440/100000]  elapsed=15739s  rate=4.3/s  eta=7258s  finite=22852
  [68450/100000]  elapsed=15741s  rate=4.3/s  eta=7256s  finite=22856
  [warn] sample 2 failed: 
  [68460/100000]  elapsed=15744s  rate=4.3/s  eta=7253s  finite=22858
  [68470/100000]  elapsed=15746s  rate=4.3/s  eta=7251s  finite=22859
  [68480/100000]  elapsed=15749s  rate=4.3/s  eta=7249s  finite=22862
  [68490/100000]  elapsed=15751s  rate=4.3/s  eta=7247s  finite=22867
  [warn] sample 1 failed: 
  [68500/100000]  elapsed=15753s  rate=4.3/s  eta=7244s  finite=22870
  -> checkpoint saved: /scratch/e1498138/paper/ext/emri_g/lhs_f/ckpt_068500.pkl
  [warn] sample 9 failed: 
  [68510/100000]  elapsed=15755s  rate=4.3/s  eta=7242s  finite=22873
  [68520/100000]  elapsed=15758s  rate=4.3/s  eta=7240s  finite=22878
  [warn] sample 8 failed: 
  [68530/100000]  elapsed=15760s  rate=4.3/s  eta=7237s  finite=22881
  [68540/100000]  elapsed=15763s  rate=4.3/s  eta=7235s  finite=22882
  [68550/100000]  elapsed=15765s  rate=4.3/s  eta=7233s  finite=22888
  [warn] sample 0 failed: This a (0.45310754999999997), p0 (13.996695) and e0 (0.8945595000000001) combination is outside of our domain of validity.
  [68560/100000]  elapsed=15767s  rate=4.3/s  eta=7230s  finite=22892
  [68570/100000]  elapsed=15769s  rate=4.3/s  eta=7228s  finite=22893
  [warn] sample 1 failed: This a (0.49046415), p0 (13.636485) and e0 (0.8962275) combination is outside of our domain of validity.
  [68580/100000]  elapsed=15772s  rate=4.3/s  eta=7226s  finite=22894
  [68590/100000]  elapsed=15774s  rate=4.3/s  eta=7223s  finite=22897
  [68600/100000]  elapsed=15776s  rate=4.3/s  eta=7221s  finite=22900
  -> checkpoint saved: /scratch/e1498138/paper/ext/emri_g/lhs_f/ckpt_068600.pkl
  [68610/100000]  elapsed=15779s  rate=4.3/s  eta=7219s  finite=22904
  [68620/100000]  elapsed=15781s  rate=4.3/s  eta=7217s  finite=22908
  [68630/100000]  elapsed=15784s  rate=4.3/s  eta=7215s  finite=22912
  [68640/100000]  elapsed=15786s  rate=4.3/s  eta=7212s  finite=22918
  [warn] sample 3 failed: 
  [68650/100000]  elapsed=15788s  rate=4.3/s  eta=7210s  finite=22921
  [68660/100000]  elapsed=15791s  rate=4.3/s  eta=7208s  finite=22927
  [68670/100000]  elapsed=15793s  rate=4.3/s  eta=7205s  finite=22932
  [68680/100000]  elapsed=15796s  rate=4.3/s  eta=7203s  finite=22936
  [68690/100000]  elapsed=15798s  rate=4.3/s  eta=7201s  finite=22940
  [warn] sample 1 failed: 
  [68700/100000]  elapsed=15800s  rate=4.3/s  eta=7199s  finite=22940
  -> checkpoint saved: /scratch/e1498138/paper/ext/emri_g/lhs_f/ckpt_068700.pkl
  [68710/100000]  elapsed=15803s  rate=4.3/s  eta=7196s  finite=22944
  [68720/100000]  elapsed=15805s  rate=4.3/s  eta=7194s  finite=22949
  [68730/100000]  elapsed=15808s  rate=4.3/s  eta=7192s  finite=22950
  [warn] sample 3 failed: 
  [68740/100000]  elapsed=15810s  rate=4.3/s  eta=7190s  finite=22953
  [68750/100000]  elapsed=15812s  rate=4.3/s  eta=7187s  finite=22958
  [68760/100000]  elapsed=15815s  rate=4.3/s  eta=7185s  finite=22962
  [warn] sample 6 failed: 
  [68770/100000]  elapsed=15817s  rate=4.3/s  eta=7183s  finite=22964
  [68780/100000]  elapsed=15819s  rate=4.3/s  eta=7180s  finite=22968
  [68790/100000]  elapsed=15821s  rate=4.3/s  eta=7178s  finite=22971
  [68800/100000]  elapsed=15824s  rate=4.3/s  eta=7176s  finite=22973
  -> checkpoint saved: /scratch/e1498138/paper/ext/emri_g/lhs_f/ckpt_068800.pkl
  [68810/100000]  elapsed=15826s  rate=4.3/s  eta=7174s  finite=22978
  [warn] sample 0 failed: 
  [68820/100000]  elapsed=15828s  rate=4.3/s  eta=7171s  finite=22980
  [68830/100000]  elapsed=15831s  rate=4.3/s  eta=7169s  finite=22984
  [68840/100000]  elapsed=15833s  rate=4.3/s  eta=7167s  finite=22987
  [warn] sample 5 failed: 
  [68850/100000]  elapsed=15835s  rate=4.3/s  eta=7164s  finite=22993
  [68860/100000]  elapsed=15838s  rate=4.3/s  eta=7162s  finite=22997
  [68870/100000]  elapsed=15841s  rate=4.3/s  eta=7160s  finite=22998
  [68880/100000]  elapsed=15843s  rate=4.3/s  eta=7158s  finite=23000
  [68890/100000]  elapsed=15845s  rate=4.3/s  eta=7155s  finite=23003
  [warn] sample 5 failed: 
  [68900/100000]  elapsed=15847s  rate=4.3/s  eta=7153s  finite=23006
  -> checkpoint saved: /scratch/e1498138/paper/ext/emri_g/lhs_f/ckpt_068900.pkl
  [68910/100000]  elapsed=15849s  rate=4.3/s  eta=7151s  finite=23009
  [warn] sample 6 failed: 
  [68920/100000]  elapsed=15852s  rate=4.3/s  eta=7148s  finite=23012
  [warn] sample 6 failed: 
  [warn] sample 9 failed: This a (0.31157475), p0 (14.364765) and e0 (0.8967675) combination is outside of our domain of validity.
  [68930/100000]  elapsed=15854s  rate=4.3/s  eta=7146s  finite=23018
  [68940/100000]  elapsed=15856s  rate=4.3/s  eta=7144s  finite=23022
  [68950/100000]  elapsed=15858s  rate=4.3/s  eta=7141s  finite=23025
  [68960/100000]  elapsed=15861s  rate=4.3/s  eta=7139s  finite=23028
  [warn] sample 6 failed: 
  [68970/100000]  elapsed=15863s  rate=4.3/s  eta=7137s  finite=23030
  [warn] sample 2 failed: 
  [68980/100000]  elapsed=15865s  rate=4.3/s  eta=7134s  finite=23033
  [68990/100000]  elapsed=15867s  rate=4.3/s  eta=7132s  finite=23039
  [69000/100000]  elapsed=15870s  rate=4.3/s  eta=7130s  finite=23040
  -> checkpoint saved: /scratch/e1498138/paper/ext/emri_g/lhs_f/ckpt_069000.pkl
  [69010/100000]  elapsed=15872s  rate=4.3/s  eta=7128s  finite=23045
  [69020/100000]  elapsed=15874s  rate=4.3/s  eta=7125s  finite=23048
  [warn] sample 5 failed: 
  [warn] sample 9 failed: This a (0.31653585), p0 (14.137845) and e0 (0.8890875) combination is outside of our domain of validity.
  [69030/100000]  elapsed=15876s  rate=4.3/s  eta=7123s  finite=23049
  [warn] sample 6 failed: 
  [69040/100000]  elapsed=15878s  rate=4.3/s  eta=7120s  finite=23050
  [warn] sample 1 failed: 
  [69050/100000]  elapsed=15880s  rate=4.3/s  eta=7118s  finite=23053
  [69060/100000]  elapsed=15883s  rate=4.3/s  eta=7116s  finite=23055
  [69070/100000]  elapsed=15885s  rate=4.3/s  eta=7114s  finite=23059
  [warn] sample 3 failed: 
  [69080/100000]  elapsed=15888s  rate=4.3/s  eta=7111s  finite=23063
  [69090/100000]  elapsed=15890s  rate=4.3/s  eta=7109s  finite=23068
  [69100/100000]  elapsed=15892s  rate=4.3/s  eta=7107s  finite=23070
  -> checkpoint saved: /scratch/e1498138/paper/ext/emri_g/lhs_f/ckpt_069100.pkl
  [69110/100000]  elapsed=15895s  rate=4.3/s  eta=7104s  finite=23072
  [69120/100000]  elapsed=15897s  rate=4.3/s  eta=7102s  finite=23073
  [69130/100000]  elapsed=15899s  rate=4.3/s  eta=7100s  finite=23074
  [69140/100000]  elapsed=15902s  rate=4.3/s  eta=7098s  finite=23078
  [69150/100000]  elapsed=15904s  rate=4.3/s  eta=7095s  finite=23080
  [warn] sample 9 failed: This a (0.39478875), p0 (14.730855) and e0 (0.8980665000000001) combination is outside of our domain of validity.
  [69160/100000]  elapsed=15906s  rate=4.3/s  eta=7093s  finite=23083
  [69170/100000]  elapsed=15908s  rate=4.3/s  eta=7091s  finite=23087
  [69180/100000]  elapsed=15911s  rate=4.3/s  eta=7088s  finite=23091
  [69190/100000]  elapsed=15913s  rate=4.3/s  eta=7086s  finite=23092
  [warn] sample 3 failed: 
  [69200/100000]  elapsed=15915s  rate=4.3/s  eta=7084s  finite=23097
  -> checkpoint saved: /scratch/e1498138/paper/ext/emri_g/lhs_f/ckpt_069200.pkl
  [69210/100000]  elapsed=15917s  rate=4.3/s  eta=7081s  finite=23100
  [69220/100000]  elapsed=15920s  rate=4.3/s  eta=7079s  finite=23103
  [69230/100000]  elapsed=15922s  rate=4.3/s  eta=7077s  finite=23107
  [warn] sample 1 failed: This a (0.34111365), p0 (13.990305) and e0 (0.8924565) combination is outside of our domain of validity.
  [69240/100000]  elapsed=15924s  rate=4.3/s  eta=7074s  finite=23109
  [69250/100000]  elapsed=15926s  rate=4.3/s  eta=7072s  finite=23112
  [warn] sample 8 failed: 
  [69260/100000]  elapsed=15928s  rate=4.3/s  eta=7070s  finite=23113
  [69270/100000]  elapsed=15931s  rate=4.3/s  eta=7067s  finite=23115
  [warn] sample 9 failed: This a (0.40587704999999996), p0 (13.632105) and e0 (0.8943105) combination is outside of our domain of validity.
  [69280/100000]  elapsed=15933s  rate=4.3/s  eta=7065s  finite=23120
  [69290/100000]  elapsed=15935s  rate=4.3/s  eta=7063s  finite=23121
  [69300/100000]  elapsed=15938s  rate=4.3/s  eta=7060s  finite=23123
  -> checkpoint saved: /scratch/e1498138/paper/ext/emri_g/lhs_f/ckpt_069300.pkl
  [69310/100000]  elapsed=15940s  rate=4.3/s  eta=7058s  finite=23129
  [69320/100000]  elapsed=15942s  rate=4.3/s  eta=7056s  finite=23130
  [warn] sample 1 failed: 
  [69330/100000]  elapsed=15945s  rate=4.3/s  eta=7054s  finite=23134
  [69340/100000]  elapsed=15947s  rate=4.3/s  eta=7051s  finite=23135
  [69350/100000]  elapsed=15949s  rate=4.3/s  eta=7049s  finite=23141
  [69360/100000]  elapsed=15952s  rate=4.3/s  eta=7047s  finite=23143
  [69370/100000]  elapsed=15954s  rate=4.3/s  eta=7044s  finite=23146
  [69380/100000]  elapsed=15956s  rate=4.3/s  eta=7042s  finite=23150
  [69390/100000]  elapsed=15959s  rate=4.3/s  eta=7040s  finite=23152
  [69400/100000]  elapsed=15961s  rate=4.3/s  eta=7038s  finite=23152
  -> checkpoint saved: /scratch/e1498138/paper/ext/emri_g/lhs_f/ckpt_069400.pkl
  [69410/100000]  elapsed=15963s  rate=4.3/s  eta=7035s  finite=23156
  [69420/100000]  elapsed=15965s  rate=4.3/s  eta=7033s  finite=23158
  [69430/100000]  elapsed=15968s  rate=4.3/s  eta=7031s  finite=23163
  [69440/100000]  elapsed=15970s  rate=4.3/s  eta=7028s  finite=23166
  [69450/100000]  elapsed=15972s  rate=4.3/s  eta=7026s  finite=23170
  [69460/100000]  elapsed=15975s  rate=4.3/s  eta=7024s  finite=23174
  [69470/100000]  elapsed=15977s  rate=4.3/s  eta=7022s  finite=23177
  [69480/100000]  elapsed=15980s  rate=4.3/s  eta=7019s  finite=23180
  [warn] sample 0 failed: 
  [69490/100000]  elapsed=15982s  rate=4.3/s  eta=7017s  finite=23181
  [69500/100000]  elapsed=15984s  rate=4.3/s  eta=7015s  finite=23185
  -> checkpoint saved: /scratch/e1498138/paper/ext/emri_g/lhs_f/ckpt_069500.pkl
  [warn] sample 4 failed: 
  [69510/100000]  elapsed=15986s  rate=4.3/s  eta=7012s  finite=23188
  [69520/100000]  elapsed=15989s  rate=4.3/s  eta=7010s  finite=23191
  [69530/100000]  elapsed=15991s  rate=4.3/s  eta=7008s  finite=23193
  [69540/100000]  elapsed=15993s  rate=4.3/s  eta=7005s  finite=23196
  [69550/100000]  elapsed=15996s  rate=4.3/s  eta=7003s  finite=23200
  [69560/100000]  elapsed=15998s  rate=4.3/s  eta=7001s  finite=23201
  [warn] sample 8 failed: 
  [69570/100000]  elapsed=16000s  rate=4.3/s  eta=6999s  finite=23204
  [69580/100000]  elapsed=16003s  rate=4.3/s  eta=6996s  finite=23207
  [warn] sample 8 failed: This a (0.38079555), p0 (13.727415) and e0 (0.8902425) combination is outside of our domain of validity.
  [69590/100000]  elapsed=16005s  rate=4.3/s  eta=6994s  finite=23208
  [69600/100000]  elapsed=16007s  rate=4.3/s  eta=6991s  finite=23210
  -> checkpoint saved: /scratch/e1498138/paper/ext/emri_g/lhs_f/ckpt_069600.pkl
  [69610/100000]  elapsed=16009s  rate=4.3/s  eta=6989s  finite=23214
  [69620/100000]  elapsed=16012s  rate=4.3/s  eta=6987s  finite=23220
  [69630/100000]  elapsed=16014s  rate=4.3/s  eta=6985s  finite=23223
  [warn] sample 6 failed: 
  [warn] sample 8 failed: This a (0.5472304499999999), p0 (13.747395000000001) and e0 (0.8984655) combination is outside of our domain of validity.
  [69640/100000]  elapsed=16016s  rate=4.3/s  eta=6982s  finite=23225
  [69650/100000]  elapsed=16018s  rate=4.3/s  eta=6980s  finite=23230
  [69660/100000]  elapsed=16021s  rate=4.3/s  eta=6978s  finite=23233
  [warn] sample 2 failed: 
  [69670/100000]  elapsed=16023s  rate=4.3/s  eta=6975s  finite=23235
  [warn] sample 9 failed: 
  [69680/100000]  elapsed=16025s  rate=4.3/s  eta=6973s  finite=23239
  [69690/100000]  elapsed=16028s  rate=4.3/s  eta=6971s  finite=23243
  [69700/100000]  elapsed=16030s  rate=4.3/s  eta=6968s  finite=23244
  -> checkpoint saved: /scratch/e1498138/paper/ext/emri_g/lhs_f/ckpt_069700.pkl
  [69710/100000]  elapsed=16032s  rate=4.3/s  eta=6966s  finite=23245
  [warn] sample 4 failed: 
  [69720/100000]  elapsed=16034s  rate=4.3/s  eta=6964s  finite=23247
  [69730/100000]  elapsed=16037s  rate=4.3/s  eta=6962s  finite=23249
  [69740/100000]  elapsed=16039s  rate=4.3/s  eta=6959s  finite=23252
  [69750/100000]  elapsed=16041s  rate=4.3/s  eta=6957s  finite=23256
  [69760/100000]  elapsed=16044s  rate=4.3/s  eta=6955s  finite=23261
  [69770/100000]  elapsed=16046s  rate=4.3/s  eta=6952s  finite=23263
  [69780/100000]  elapsed=16048s  rate=4.3/s  eta=6950s  finite=23267
  [69790/100000]  elapsed=16051s  rate=4.3/s  eta=6948s  finite=23271
  [warn] sample 6 failed: 
  [69800/100000]  elapsed=16053s  rate=4.3/s  eta=6946s  finite=23275
  -> checkpoint saved: /scratch/e1498138/paper/ext/emri_g/lhs_f/ckpt_069800.pkl
  [69810/100000]  elapsed=16055s  rate=4.3/s  eta=6943s  finite=23279
  [69820/100000]  elapsed=16058s  rate=4.3/s  eta=6941s  finite=23282
  [69830/100000]  elapsed=16060s  rate=4.3/s  eta=6939s  finite=23285
  [69840/100000]  elapsed=16062s  rate=4.3/s  eta=6936s  finite=23286
  [69850/100000]  elapsed=16065s  rate=4.3/s  eta=6934s  finite=23289
  [69860/100000]  elapsed=16067s  rate=4.3/s  eta=6932s  finite=23293
  [69870/100000]  elapsed=16069s  rate=4.3/s  eta=6930s  finite=23294
  [warn] sample 7 failed: 
  [69880/100000]  elapsed=16072s  rate=4.3/s  eta=6927s  finite=23299
  [69890/100000]  elapsed=16074s  rate=4.3/s  eta=6925s  finite=23301
  [69900/100000]  elapsed=16076s  rate=4.3/s  eta=6923s  finite=23303
  -> checkpoint saved: /scratch/e1498138/paper/ext/emri_g/lhs_f/ckpt_069900.pkl
  [69910/100000]  elapsed=16078s  rate=4.3/s  eta=6920s  finite=23307
  [69920/100000]  elapsed=16081s  rate=4.3/s  eta=6918s  finite=23311
  [69930/100000]  elapsed=16083s  rate=4.3/s  eta=6916s  finite=23313
  [warn] sample 3 failed: This a (0.34074794999999997), p0 (13.562385) and e0 (0.8994795) combination is outside of our domain of validity.
  [69940/100000]  elapsed=16085s  rate=4.3/s  eta=6913s  finite=23317
  [warn] sample 4 failed: 
  [69950/100000]  elapsed=16088s  rate=4.3/s  eta=6911s  finite=23321
  [69960/100000]  elapsed=16090s  rate=4.3/s  eta=6909s  finite=23328
  [69970/100000]  elapsed=16092s  rate=4.3/s  eta=6907s  finite=23332
  [69980/100000]  elapsed=16095s  rate=4.3/s  eta=6904s  finite=23335
  [69990/100000]  elapsed=16097s  rate=4.3/s  eta=6902s  finite=23336
  [70000/100000]  elapsed=16099s  rate=4.3/s  eta=6900s  finite=23339
  -> checkpoint saved: /scratch/e1498138/paper/ext/emri_g/lhs_f/ckpt_070000.pkl
  [70010/100000]  elapsed=16101s  rate=4.3/s  eta=6897s  finite=23345
  [70020/100000]  elapsed=16104s  rate=4.3/s  eta=6895s  finite=23350
  [70030/100000]  elapsed=16106s  rate=4.3/s  eta=6893s  finite=23351
  [warn] sample 2 failed: 
  [70040/100000]  elapsed=16108s  rate=4.3/s  eta=6890s  finite=23353
  [70050/100000]  elapsed=16111s  rate=4.3/s  eta=6888s  finite=23356
  [70060/100000]  elapsed=16113s  rate=4.3/s  eta=6886s  finite=23360
  [warn] sample 1 failed: 
  [warn] sample 2 failed: 
  [warn] sample 6 failed: This a (0.31866105), p0 (13.647795) and e0 (0.8837745) combination is outside of our domain of validity.
  [70070/100000]  elapsed=16115s  rate=4.3/s  eta=6883s  finite=23363
  [70080/100000]  elapsed=16118s  rate=4.3/s  eta=6881s  finite=23368
  [70090/100000]  elapsed=16120s  rate=4.3/s  eta=6879s  finite=23372
  [70100/100000]  elapsed=16122s  rate=4.3/s  eta=6877s  finite=23375
  -> checkpoint saved: /scratch/e1498138/paper/ext/emri_g/lhs_f/ckpt_070100.pkl
  [70110/100000]  elapsed=16125s  rate=4.3/s  eta=6874s  finite=23383
  [70120/100000]  elapsed=16127s  rate=4.3/s  eta=6872s  finite=23385
  [70130/100000]  elapsed=16129s  rate=4.3/s  eta=6870s  finite=23388
  [warn] sample 3 failed: This a (0.41297715), p0 (14.143245) and e0 (0.8982285000000001) combination is outside of our domain of validity.
  [70140/100000]  elapsed=16131s  rate=4.3/s  eta=6867s  finite=23388
  [70150/100000]  elapsed=16134s  rate=4.3/s  eta=6865s  finite=23394
  [70160/100000]  elapsed=16136s  rate=4.3/s  eta=6863s  finite=23399
  [warn] sample 0 failed: 
  [70170/100000]  elapsed=16138s  rate=4.3/s  eta=6861s  finite=23400
  [warn] sample 8 failed: This a (0.48664845), p0 (14.161815) and e0 (0.8990025) combination is outside of our domain of validity.
  [70180/100000]  elapsed=16141s  rate=4.3/s  eta=6858s  finite=23403
  [warn] sample 9 failed: 
  [70190/100000]  elapsed=16143s  rate=4.3/s  eta=6856s  finite=23408
  [warn] sample 1 failed: 
  [70200/100000]  elapsed=16145s  rate=4.3/s  eta=6854s  finite=23412
  -> checkpoint saved: /scratch/e1498138/paper/ext/emri_g/lhs_f/ckpt_070200.pkl
  [70210/100000]  elapsed=16147s  rate=4.3/s  eta=6851s  finite=23415
  [70220/100000]  elapsed=16150s  rate=4.3/s  eta=6849s  finite=23418
  [70230/100000]  elapsed=16152s  rate=4.3/s  eta=6847s  finite=23422
  [70240/100000]  elapsed=16155s  rate=4.3/s  eta=6845s  finite=23424
  [70250/100000]  elapsed=16157s  rate=4.3/s  eta=6842s  finite=23426
  [70260/100000]  elapsed=16159s  rate=4.3/s  eta=6840s  finite=23429
  [70270/100000]  elapsed=16162s  rate=4.3/s  eta=6838s  finite=23431
  [70280/100000]  elapsed=16164s  rate=4.3/s  eta=6835s  finite=23435
  [70290/100000]  elapsed=16166s  rate=4.3/s  eta=6833s  finite=23436
  [70300/100000]  elapsed=16169s  rate=4.3/s  eta=6831s  finite=23438
  -> checkpoint saved: /scratch/e1498138/paper/ext/emri_g/lhs_f/ckpt_070300.pkl
  [70310/100000]  elapsed=16171s  rate=4.3/s  eta=6829s  finite=23440
  [70320/100000]  elapsed=16173s  rate=4.3/s  eta=6826s  finite=23445
  [70330/100000]  elapsed=16176s  rate=4.3/s  eta=6824s  finite=23448
  [70340/100000]  elapsed=16178s  rate=4.3/s  eta=6822s  finite=23451
  [warn] sample 5 failed: 
  [70350/100000]  elapsed=16180s  rate=4.3/s  eta=6819s  finite=23452
  [70360/100000]  elapsed=16183s  rate=4.3/s  eta=6817s  finite=23455
  [warn] sample 3 failed: 
  [70370/100000]  elapsed=16185s  rate=4.3/s  eta=6815s  finite=23457
  [70380/100000]  elapsed=16187s  rate=4.3/s  eta=6813s  finite=23460
  [70390/100000]  elapsed=16190s  rate=4.3/s  eta=6810s  finite=23461
  [warn] sample 8 failed: 
  [70400/100000]  elapsed=16192s  rate=4.3/s  eta=6808s  finite=23463
  -> checkpoint saved: /scratch/e1498138/paper/ext/emri_g/lhs_f/ckpt_070400.pkl
  [70410/100000]  elapsed=16194s  rate=4.3/s  eta=6806s  finite=23464
  [70420/100000]  elapsed=16197s  rate=4.3/s  eta=6804s  finite=23469
  [warn] sample 3 failed: 
  [70430/100000]  elapsed=16199s  rate=4.3/s  eta=6801s  finite=23469
  [70440/100000]  elapsed=16202s  rate=4.3/s  eta=6799s  finite=23472
  [warn] sample 3 failed: This a (0.33533835), p0 (14.050245) and e0 (0.8942925) combination is outside of our domain of validity.
  [70450/100000]  elapsed=16204s  rate=4.3/s  eta=6797s  finite=23475
  [70460/100000]  elapsed=16206s  rate=4.3/s  eta=6794s  finite=23480
  [70470/100000]  elapsed=16208s  rate=4.3/s  eta=6792s  finite=23480
  [70480/100000]  elapsed=16211s  rate=4.3/s  eta=6790s  finite=23483
  [70490/100000]  elapsed=16213s  rate=4.3/s  eta=6787s  finite=23483
  [70500/100000]  elapsed=16215s  rate=4.3/s  eta=6785s  finite=23489
  -> checkpoint saved: /scratch/e1498138/paper/ext/emri_g/lhs_f/ckpt_070500.pkl
  [warn] sample 1 failed: 
  [70510/100000]  elapsed=16218s  rate=4.3/s  eta=6783s  finite=23492
  [70520/100000]  elapsed=16220s  rate=4.3/s  eta=6781s  finite=23495
  [70530/100000]  elapsed=16222s  rate=4.3/s  eta=6778s  finite=23498
  [warn] sample 6 failed: 
  [70540/100000]  elapsed=16225s  rate=4.3/s  eta=6776s  finite=23502
  [70550/100000]  elapsed=16227s  rate=4.3/s  eta=6774s  finite=23505
  [70560/100000]  elapsed=16229s  rate=4.3/s  eta=6771s  finite=23507
  [70570/100000]  elapsed=16232s  rate=4.3/s  eta=6769s  finite=23511
  [70580/100000]  elapsed=16234s  rate=4.3/s  eta=6767s  finite=23515
  [70590/100000]  elapsed=16237s  rate=4.3/s  eta=6765s  finite=23519
  [70600/100000]  elapsed=16239s  rate=4.3/s  eta=6762s  finite=23523
  -> checkpoint saved: /scratch/e1498138/paper/ext/emri_g/lhs_f/ckpt_070600.pkl
  [70610/100000]  elapsed=16241s  rate=4.3/s  eta=6760s  finite=23529
  [warn] sample 9 failed: 
  [70620/100000]  elapsed=16243s  rate=4.3/s  eta=6758s  finite=23531
  [70630/100000]  elapsed=16246s  rate=4.3/s  eta=6756s  finite=23532
  [warn] sample 4 failed: 
  [warn] sample 8 failed: 
  [70640/100000]  elapsed=16248s  rate=4.3/s  eta=6753s  finite=23537
  [70650/100000]  elapsed=16251s  rate=4.3/s  eta=6751s  finite=23540
  [70660/100000]  elapsed=16253s  rate=4.3/s  eta=6749s  finite=23544
  [70670/100000]  elapsed=16255s  rate=4.3/s  eta=6746s  finite=23548
  [warn] sample 9 failed: 
  [70680/100000]  elapsed=16257s  rate=4.3/s  eta=6744s  finite=23552
  [warn] sample 5 failed: 
  [70690/100000]  elapsed=16259s  rate=4.3/s  eta=6742s  finite=23554
  [70700/100000]  elapsed=16262s  rate=4.3/s  eta=6739s  finite=23556
  -> checkpoint saved: /scratch/e1498138/paper/ext/emri_g/lhs_f/ckpt_070700.pkl
  [70710/100000]  elapsed=16264s  rate=4.3/s  eta=6737s  finite=23558
  [70720/100000]  elapsed=16267s  rate=4.3/s  eta=6735s  finite=23560
  [70730/100000]  elapsed=16269s  rate=4.3/s  eta=6733s  finite=23565
  [70740/100000]  elapsed=16272s  rate=4.3/s  eta=6730s  finite=23571
  [70750/100000]  elapsed=16274s  rate=4.3/s  eta=6728s  finite=23574
  [70760/100000]  elapsed=16276s  rate=4.3/s  eta=6726s  finite=23577
  [70770/100000]  elapsed=16278s  rate=4.3/s  eta=6723s  finite=23580
  [70780/100000]  elapsed=16281s  rate=4.3/s  eta=6721s  finite=23587
  [warn] sample 8 failed: 
  [70790/100000]  elapsed=16283s  rate=4.3/s  eta=6719s  finite=23591
  [warn] sample 1 failed: 
  [70800/100000]  elapsed=16285s  rate=4.3/s  eta=6716s  finite=23594
  -> checkpoint saved: /scratch/e1498138/paper/ext/emri_g/lhs_f/ckpt_070800.pkl
  [70810/100000]  elapsed=16287s  rate=4.3/s  eta=6714s  finite=23596
  [70820/100000]  elapsed=16290s  rate=4.3/s  eta=6712s  finite=23601
  [70830/100000]  elapsed=16292s  rate=4.3/s  eta=6710s  finite=23605
  [70840/100000]  elapsed=16294s  rate=4.3/s  eta=6707s  finite=23606
  [70850/100000]  elapsed=16297s  rate=4.3/s  eta=6705s  finite=23609
  [70860/100000]  elapsed=16299s  rate=4.3/s  eta=6703s  finite=23612
  [70870/100000]  elapsed=16301s  rate=4.3/s  eta=6700s  finite=23615
  [warn] sample 2 failed: 
  [70880/100000]  elapsed=16304s  rate=4.3/s  eta=6698s  finite=23617
  [70890/100000]  elapsed=16306s  rate=4.3/s  eta=6696s  finite=23618
  [70900/100000]  elapsed=16308s  rate=4.3/s  eta=6693s  finite=23623
  -> checkpoint saved: /scratch/e1498138/paper/ext/emri_g/lhs_f/ckpt_070900.pkl
  [70910/100000]  elapsed=16310s  rate=4.3/s  eta=6691s  finite=23628
  [70920/100000]  elapsed=16313s  rate=4.3/s  eta=6689s  finite=23630
  [warn] sample 0 failed: 
  [70930/100000]  elapsed=16315s  rate=4.3/s  eta=6687s  finite=23634
  [70940/100000]  elapsed=16317s  rate=4.3/s  eta=6684s  finite=23638
  [70950/100000]  elapsed=16320s  rate=4.3/s  eta=6682s  finite=23643
  [warn] sample 1 failed: 
  [70960/100000]  elapsed=16322s  rate=4.3/s  eta=6680s  finite=23647
  [70970/100000]  elapsed=16324s  rate=4.3/s  eta=6677s  finite=23653
  [warn] sample 9 failed: 
  [70980/100000]  elapsed=16326s  rate=4.3/s  eta=6675s  finite=23657
  [70990/100000]  elapsed=16329s  rate=4.3/s  eta=6673s  finite=23661
  [71000/100000]  elapsed=16331s  rate=4.3/s  eta=6670s  finite=23665
  -> checkpoint saved: /scratch/e1498138/paper/ext/emri_g/lhs_f/ckpt_071000.pkl
  [71010/100000]  elapsed=16333s  rate=4.3/s  eta=6668s  finite=23666
  [71020/100000]  elapsed=16336s  rate=4.3/s  eta=6666s  finite=23667
  [71030/100000]  elapsed=16338s  rate=4.3/s  eta=6664s  finite=23669
  [71040/100000]  elapsed=16341s  rate=4.3/s  eta=6661s  finite=23673
  [71050/100000]  elapsed=16343s  rate=4.3/s  eta=6659s  finite=23675
  [71060/100000]  elapsed=16345s  rate=4.3/s  eta=6657s  finite=23676
  [71070/100000]  elapsed=16348s  rate=4.3/s  eta=6654s  finite=23682
  [71080/100000]  elapsed=16350s  rate=4.3/s  eta=6652s  finite=23685
  [71090/100000]  elapsed=16352s  rate=4.3/s  eta=6650s  finite=23689
  [warn] sample 8 failed: 
  [71100/100000]  elapsed=16354s  rate=4.3/s  eta=6648s  finite=23693
  -> checkpoint saved: /scratch/e1498138/paper/ext/emri_g/lhs_f/ckpt_071100.pkl
  [71110/100000]  elapsed=16357s  rate=4.3/s  eta=6645s  finite=23698
  [71120/100000]  elapsed=16359s  rate=4.3/s  eta=6643s  finite=23700
  [warn] sample 9 failed: 
  [71130/100000]  elapsed=16361s  rate=4.3/s  eta=6641s  finite=23704
  [71140/100000]  elapsed=16364s  rate=4.3/s  eta=6638s  finite=23708
  [71150/100000]  elapsed=16366s  rate=4.3/s  eta=6636s  finite=23709
  [71160/100000]  elapsed=16368s  rate=4.3/s  eta=6634s  finite=23714
  [warn] sample 8 failed: 
  [71170/100000]  elapsed=16370s  rate=4.3/s  eta=6631s  finite=23715
  [71180/100000]  elapsed=16373s  rate=4.3/s  eta=6629s  finite=23719
  [71190/100000]  elapsed=16375s  rate=4.3/s  eta=6627s  finite=23722
  [71200/100000]  elapsed=16377s  rate=4.3/s  eta=6625s  finite=23725
  -> checkpoint saved: /scratch/e1498138/paper/ext/emri_g/lhs_f/ckpt_071200.pkl
  [warn] sample 0 failed: 
  [warn] sample 2 failed: This a (0.30757965), p0 (14.014485) and e0 (0.8953035) combination is outside of our domain of validity.
  [71210/100000]  elapsed=16379s  rate=4.3/s  eta=6622s  finite=23727
  [warn] sample 2 failed: 
  [71220/100000]  elapsed=16381s  rate=4.3/s  eta=6620s  finite=23728
  [71230/100000]  elapsed=16384s  rate=4.3/s  eta=6617s  finite=23731
  [71240/100000]  elapsed=16386s  rate=4.3/s  eta=6615s  finite=23733
  [71250/100000]  elapsed=16388s  rate=4.3/s  eta=6613s  finite=23736
  [71260/100000]  elapsed=16391s  rate=4.3/s  eta=6611s  finite=23740
  [71270/100000]  elapsed=16393s  rate=4.3/s  eta=6608s  finite=23743
  [71280/100000]  elapsed=16395s  rate=4.3/s  eta=6606s  finite=23745
  [71290/100000]  elapsed=16398s  rate=4.3/s  eta=6604s  finite=23749
  [71300/100000]  elapsed=16400s  rate=4.3/s  eta=6601s  finite=23751
  -> checkpoint saved: /scratch/e1498138/paper/ext/emri_g/lhs_f/ckpt_071300.pkl
  [71310/100000]  elapsed=16402s  rate=4.3/s  eta=6599s  finite=23755
  [71320/100000]  elapsed=16405s  rate=4.3/s  eta=6597s  finite=23757
  [71330/100000]  elapsed=16407s  rate=4.3/s  eta=6594s  finite=23761
  [71340/100000]  elapsed=16409s  rate=4.3/s  eta=6592s  finite=23766
  [71350/100000]  elapsed=16412s  rate=4.3/s  eta=6590s  finite=23772
  [71360/100000]  elapsed=16414s  rate=4.3/s  eta=6588s  finite=23777
  [71370/100000]  elapsed=16417s  rate=4.3/s  eta=6586s  finite=23780
  [warn] sample 6 failed: 
  [71380/100000]  elapsed=16419s  rate=4.3/s  eta=6583s  finite=23782
  [71390/100000]  elapsed=16421s  rate=4.3/s  eta=6581s  finite=23783
  [71400/100000]  elapsed=16423s  rate=4.3/s  eta=6579s  finite=23788
  -> checkpoint saved: /scratch/e1498138/paper/ext/emri_g/lhs_f/ckpt_071400.pkl
  [warn] sample 0 failed: 
  [71410/100000]  elapsed=16426s  rate=4.3/s  eta=6576s  finite=23789
  [71420/100000]  elapsed=16428s  rate=4.3/s  eta=6574s  finite=23795
  [71430/100000]  elapsed=16430s  rate=4.3/s  eta=6572s  finite=23799
  [71440/100000]  elapsed=16433s  rate=4.3/s  eta=6569s  finite=23800
  [warn] sample 8 failed: 
  [71450/100000]  elapsed=16435s  rate=4.3/s  eta=6567s  finite=23803
  [71460/100000]  elapsed=16437s  rate=4.3/s  eta=6565s  finite=23808
  [71470/100000]  elapsed=16440s  rate=4.3/s  eta=6563s  finite=23810
  [warn] sample 6 failed: 
  [71480/100000]  elapsed=16442s  rate=4.3/s  eta=6560s  finite=23813
  [71490/100000]  elapsed=16444s  rate=4.3/s  eta=6558s  finite=23818
  [71500/100000]  elapsed=16447s  rate=4.3/s  eta=6556s  finite=23821
  -> checkpoint saved: /scratch/e1498138/paper/ext/emri_g/lhs_f/ckpt_071500.pkl
  [71510/100000]  elapsed=16449s  rate=4.3/s  eta=6553s  finite=23823
  [warn] sample 4 failed: 
  [71520/100000]  elapsed=16451s  rate=4.3/s  eta=6551s  finite=23825
  [71530/100000]  elapsed=16454s  rate=4.3/s  eta=6549s  finite=23829
  [warn] sample 4 failed: This a (0.31346535), p0 (14.235015) and e0 (0.8993175) combination is outside of our domain of validity.
  [71540/100000]  elapsed=16456s  rate=4.3/s  eta=6546s  finite=23831
  [71550/100000]  elapsed=16458s  rate=4.3/s  eta=6544s  finite=23832
  [71560/100000]  elapsed=16460s  rate=4.3/s  eta=6542s  finite=23838
  [71570/100000]  elapsed=16463s  rate=4.3/s  eta=6540s  finite=23840
  [71580/100000]  elapsed=16465s  rate=4.3/s  eta=6537s  finite=23840
  [71590/100000]  elapsed=16467s  rate=4.3/s  eta=6535s  finite=23844
  [71600/100000]  elapsed=16470s  rate=4.3/s  eta=6533s  finite=23847
  -> checkpoint saved: /scratch/e1498138/paper/ext/emri_g/lhs_f/ckpt_071600.pkl
  [71610/100000]  elapsed=16472s  rate=4.3/s  eta=6530s  finite=23852
  [71620/100000]  elapsed=16474s  rate=4.3/s  eta=6528s  finite=23856
  [71630/100000]  elapsed=16477s  rate=4.3/s  eta=6526s  finite=23860
  [71640/100000]  elapsed=16479s  rate=4.3/s  eta=6524s  finite=23863
  [71650/100000]  elapsed=16481s  rate=4.3/s  eta=6521s  finite=23865
  [warn] sample 8 failed: This a (0.47222745), p0 (14.003985) and e0 (0.8997615000000001) combination is outside of our domain of validity.
  [71660/100000]  elapsed=16484s  rate=4.3/s  eta=6519s  finite=23867
  [71670/100000]  elapsed=16486s  rate=4.3/s  eta=6517s  finite=23868
  [71680/100000]  elapsed=16488s  rate=4.3/s  eta=6514s  finite=23873
  [warn] sample 0 failed: 
  [71690/100000]  elapsed=16490s  rate=4.3/s  eta=6512s  finite=23878
  [warn] sample 5 failed: 
  [71700/100000]  elapsed=16493s  rate=4.3/s  eta=6510s  finite=23883
  -> checkpoint saved: /scratch/e1498138/paper/ext/emri_g/lhs_f/ckpt_071700.pkl
  [71710/100000]  elapsed=16495s  rate=4.3/s  eta=6507s  finite=23885
  [71720/100000]  elapsed=16498s  rate=4.3/s  eta=6505s  finite=23885
  [71730/100000]  elapsed=16500s  rate=4.3/s  eta=6503s  finite=23885
  [71740/100000]  elapsed=16503s  rate=4.3/s  eta=6501s  finite=23889
  [warn] sample 8 failed: 
  [71750/100000]  elapsed=16505s  rate=4.3/s  eta=6498s  finite=23895
  [71760/100000]  elapsed=16507s  rate=4.3/s  eta=6496s  finite=23900
  [71770/100000]  elapsed=16510s  rate=4.3/s  eta=6494s  finite=23904
  [71780/100000]  elapsed=16512s  rate=4.3/s  eta=6492s  finite=23905
  [71790/100000]  elapsed=16514s  rate=4.3/s  eta=6489s  finite=23909
  [71800/100000]  elapsed=16516s  rate=4.3/s  eta=6487s  finite=23911
  -> checkpoint saved: /scratch/e1498138/paper/ext/emri_g/lhs_f/ckpt_071800.pkl
  [71810/100000]  elapsed=16519s  rate=4.3/s  eta=6485s  finite=23918
  [warn] sample 7 failed: 
  [71820/100000]  elapsed=16521s  rate=4.3/s  eta=6482s  finite=23920
  [warn] sample 0 failed: 
  [71830/100000]  elapsed=16523s  rate=4.3/s  eta=6480s  finite=23921
  [71840/100000]  elapsed=16525s  rate=4.3/s  eta=6478s  finite=23925
  [71850/100000]  elapsed=16528s  rate=4.3/s  eta=6475s  finite=23927
  [warn] sample 4 failed: 
  [71860/100000]  elapsed=16530s  rate=4.3/s  eta=6473s  finite=23930
  [71870/100000]  elapsed=16532s  rate=4.3/s  eta=6471s  finite=23931
  [warn] sample 7 failed: 
  [71880/100000]  elapsed=16535s  rate=4.3/s  eta=6468s  finite=23933
  [warn] sample 6 failed: This a (0.36556725), p0 (13.890045) and e0 (0.8981385000000001) combination is outside of our domain of validity.
  [71890/100000]  elapsed=16537s  rate=4.3/s  eta=6466s  finite=23935
  [warn] sample 9 failed: 
  [71900/100000]  elapsed=16539s  rate=4.3/s  eta=6464s  finite=23941
  -> checkpoint saved: /scratch/e1498138/paper/ext/emri_g/lhs_f/ckpt_071900.pkl
  [warn] sample 2 failed: 
  [71910/100000]  elapsed=16541s  rate=4.3/s  eta=6461s  finite=23945
  [warn] sample 2 failed: 
  [71920/100000]  elapsed=16543s  rate=4.3/s  eta=6459s  finite=23948
  [warn] sample 2 failed: 
  [warn] sample 9 failed: 
  [71930/100000]  elapsed=16545s  rate=4.3/s  eta=6457s  finite=23950
  [71940/100000]  elapsed=16548s  rate=4.3/s  eta=6454s  finite=23954
  [warn] sample 6 failed: 
  [71950/100000]  elapsed=16550s  rate=4.3/s  eta=6452s  finite=23959
  [71960/100000]  elapsed=16552s  rate=4.3/s  eta=6450s  finite=23961
  [warn] sample 2 failed: 
  [71970/100000]  elapsed=16555s  rate=4.3/s  eta=6448s  finite=23965
  [71980/100000]  elapsed=16557s  rate=4.3/s  eta=6445s  finite=23968
  [71990/100000]  elapsed=16559s  rate=4.3/s  eta=6443s  finite=23972
  [72000/100000]  elapsed=16562s  rate=4.3/s  eta=6441s  finite=23974
  -> checkpoint saved: /scratch/e1498138/paper/ext/emri_g/lhs_f/ckpt_072000.pkl
  [72010/100000]  elapsed=16564s  rate=4.3/s  eta=6439s  finite=23979
  [72020/100000]  elapsed=16567s  rate=4.3/s  eta=6436s  finite=23983
  [72030/100000]  elapsed=16569s  rate=4.3/s  eta=6434s  finite=23984
  [warn] sample 9 failed: 
  [72040/100000]  elapsed=16571s  rate=4.3/s  eta=6432s  finite=23988
  [72050/100000]  elapsed=16574s  rate=4.3/s  eta=6429s  finite=23990
  [warn] sample 6 failed: This a (0.40193714999999997), p0 (14.533605) and e0 (0.8959215) combination is outside of our domain of validity.
  [72060/100000]  elapsed=16576s  rate=4.3/s  eta=6427s  finite=23993
  [72070/100000]  elapsed=16578s  rate=4.3/s  eta=6425s  finite=23994
  [warn] sample 4 failed: This a (0.53979915), p0 (13.767225) and e0 (0.8955585) combination is outside of our domain of validity.
  [72080/100000]  elapsed=16580s  rate=4.3/s  eta=6422s  finite=23995
  [72090/100000]  elapsed=16582s  rate=4.3/s  eta=6420s  finite=23997
  [72100/100000]  elapsed=16585s  rate=4.3/s  eta=6418s  finite=24000
  -> checkpoint saved: /scratch/e1498138/paper/ext/emri_g/lhs_f/ckpt_072100.pkl
  [warn] sample 4 failed: 
  [72110/100000]  elapsed=16587s  rate=4.3/s  eta=6415s  finite=24003
  [warn] sample 3 failed: 
  [72120/100000]  elapsed=16589s  rate=4.3/s  eta=6413s  finite=24006
  [72130/100000]  elapsed=16592s  rate=4.3/s  eta=6411s  finite=24009
  [72140/100000]  elapsed=16594s  rate=4.3/s  eta=6408s  finite=24012
  [72150/100000]  elapsed=16596s  rate=4.3/s  eta=6406s  finite=24014
  [warn] sample 8 failed: This a (0.64701825), p0 (13.657545) and e0 (0.8968905) combination is outside of our domain of validity.
  [72160/100000]  elapsed=16599s  rate=4.3/s  eta=6404s  finite=24018
  [warn] sample 3 failed: This a (0.31930274999999997), p0 (13.604145) and e0 (0.8881965) combination is outside of our domain of validity.
  [72170/100000]  elapsed=16601s  rate=4.3/s  eta=6402s  finite=24023
  [72180/100000]  elapsed=16603s  rate=4.3/s  eta=6399s  finite=24028
  [72190/100000]  elapsed=16606s  rate=4.3/s  eta=6397s  finite=24031
  [72200/100000]  elapsed=16608s  rate=4.3/s  eta=6395s  finite=24035
  -> checkpoint saved: /scratch/e1498138/paper/ext/emri_g/lhs_f/ckpt_072200.pkl
  [72210/100000]  elapsed=16611s  rate=4.3/s  eta=6393s  finite=24038
  [72220/100000]  elapsed=16613s  rate=4.3/s  eta=6390s  finite=24043
  [warn] sample 6 failed: 
  [72230/100000]  elapsed=16615s  rate=4.3/s  eta=6388s  finite=24049
  [72240/100000]  elapsed=16618s  rate=4.3/s  eta=6386s  finite=24053
  [warn] sample 7 failed: 
  [72250/100000]  elapsed=16620s  rate=4.3/s  eta=6383s  finite=24056
  [warn] sample 0 failed: 
  [72260/100000]  elapsed=16622s  rate=4.3/s  eta=6381s  finite=24058
  [72270/100000]  elapsed=16625s  rate=4.3/s  eta=6379s  finite=24063
  [72280/100000]  elapsed=16627s  rate=4.3/s  eta=6377s  finite=24066
  [72290/100000]  elapsed=16629s  rate=4.3/s  eta=6374s  finite=24068
  [72300/100000]  elapsed=16632s  rate=4.3/s  eta=6372s  finite=24069
  -> checkpoint saved: /scratch/e1498138/paper/ext/emri_g/lhs_f/ckpt_072300.pkl
  [72310/100000]  elapsed=16634s  rate=4.3/s  eta=6370s  finite=24074
  [72320/100000]  elapsed=16636s  rate=4.3/s  eta=6367s  finite=24077
  [72330/100000]  elapsed=16639s  rate=4.3/s  eta=6365s  finite=24080
  [72340/100000]  elapsed=16641s  rate=4.3/s  eta=6363s  finite=24084
  [72350/100000]  elapsed=16643s  rate=4.3/s  eta=6361s  finite=24088
  [72360/100000]  elapsed=16646s  rate=4.3/s  eta=6358s  finite=24092
  [72370/100000]  elapsed=16648s  rate=4.3/s  eta=6356s  finite=24096
  [72380/100000]  elapsed=16650s  rate=4.3/s  eta=6354s  finite=24100
  [warn] sample 5 failed: This a (0.30154905), p0 (13.932855) and e0 (0.8976615) combination is outside of our domain of validity.
  [72390/100000]  elapsed=16653s  rate=4.3/s  eta=6351s  finite=24105
  [72400/100000]  elapsed=16655s  rate=4.3/s  eta=6349s  finite=24109
  -> checkpoint saved: /scratch/e1498138/paper/ext/emri_g/lhs_f/ckpt_072400.pkl
  [warn] sample 4 failed: This a (0.47632605), p0 (13.758495) and e0 (0.8910525) combination is outside of our domain of validity.
  [72410/100000]  elapsed=16657s  rate=4.3/s  eta=6347s  finite=24111
  [72420/100000]  elapsed=16659s  rate=4.3/s  eta=6344s  finite=24112
  [72430/100000]  elapsed=16662s  rate=4.3/s  eta=6342s  finite=24115
  [72440/100000]  elapsed=16664s  rate=4.3/s  eta=6340s  finite=24120
  [72450/100000]  elapsed=16666s  rate=4.3/s  eta=6338s  finite=24124
  [72460/100000]  elapsed=16669s  rate=4.3/s  eta=6335s  finite=24129
  [72470/100000]  elapsed=16671s  rate=4.3/s  eta=6333s  finite=24132
  [72480/100000]  elapsed=16673s  rate=4.3/s  eta=6331s  finite=24136
  [72490/100000]  elapsed=16676s  rate=4.3/s  eta=6328s  finite=24138
  [72500/100000]  elapsed=16678s  rate=4.3/s  eta=6326s  finite=24147
  -> checkpoint saved: /scratch/e1498138/paper/ext/emri_g/lhs_f/ckpt_072500.pkl
  [warn] sample 9 failed: 
  [72510/100000]  elapsed=16680s  rate=4.3/s  eta=6324s  finite=24149
  [72520/100000]  elapsed=16683s  rate=4.3/s  eta=6322s  finite=24153
  [72530/100000]  elapsed=16685s  rate=4.3/s  eta=6319s  finite=24155
  [72540/100000]  elapsed=16687s  rate=4.3/s  eta=6317s  finite=24160
  [warn] sample 8 failed: 
  [72550/100000]  elapsed=16689s  rate=4.3/s  eta=6315s  finite=24162
  [72560/100000]  elapsed=16692s  rate=4.3/s  eta=6312s  finite=24165
  [warn] sample 5 failed: This a (0.54084795), p0 (13.893045) and e0 (0.8952165000000001) combination is outside of our domain of validity.
  [72570/100000]  elapsed=16694s  rate=4.3/s  eta=6310s  finite=24169
  [72580/100000]  elapsed=16696s  rate=4.3/s  eta=6308s  finite=24172
  [72590/100000]  elapsed=16699s  rate=4.3/s  eta=6305s  finite=24175
  [72600/100000]  elapsed=16701s  rate=4.3/s  eta=6303s  finite=24178
  -> checkpoint saved: /scratch/e1498138/paper/ext/emri_g/lhs_f/ckpt_072600.pkl
  [72610/100000]  elapsed=16704s  rate=4.3/s  eta=6301s  finite=24182
  [72620/100000]  elapsed=16706s  rate=4.3/s  eta=6299s  finite=24186
  [72630/100000]  elapsed=16708s  rate=4.3/s  eta=6296s  finite=24191
  [72640/100000]  elapsed=16711s  rate=4.3/s  eta=6294s  finite=24192
  [72650/100000]  elapsed=16713s  rate=4.3/s  eta=6292s  finite=24197
  [72660/100000]  elapsed=16715s  rate=4.3/s  eta=6290s  finite=24199
  [72670/100000]  elapsed=16718s  rate=4.3/s  eta=6287s  finite=24203
  [72680/100000]  elapsed=16720s  rate=4.3/s  eta=6285s  finite=24206
  [warn] sample 1 failed: 
  [72690/100000]  elapsed=16722s  rate=4.3/s  eta=6283s  finite=24208
  [72700/100000]  elapsed=16724s  rate=4.3/s  eta=6280s  finite=24209
  -> checkpoint saved: /scratch/e1498138/paper/ext/emri_g/lhs_f/ckpt_072700.pkl
  [72710/100000]  elapsed=16727s  rate=4.3/s  eta=6278s  finite=24212
  [72720/100000]  elapsed=16730s  rate=4.3/s  eta=6276s  finite=24214
  [72730/100000]  elapsed=16732s  rate=4.3/s  eta=6274s  finite=24217
  [72740/100000]  elapsed=16734s  rate=4.3/s  eta=6271s  finite=24221
  [72750/100000]  elapsed=16737s  rate=4.3/s  eta=6269s  finite=24224
  [72760/100000]  elapsed=16739s  rate=4.3/s  eta=6267s  finite=24225
  [warn] sample 8 failed: This a (0.41439855000000003), p0 (14.885775) and e0 (0.8989515000000001) combination is outside of our domain of validity.
  [72770/100000]  elapsed=16741s  rate=4.3/s  eta=6264s  finite=24227
  [warn] sample 1 failed: 
  [72780/100000]  elapsed=16743s  rate=4.3/s  eta=6262s  finite=24229
  [72790/100000]  elapsed=16746s  rate=4.3/s  eta=6260s  finite=24233
  [72800/100000]  elapsed=16748s  rate=4.3/s  eta=6257s  finite=24237
  -> checkpoint saved: /scratch/e1498138/paper/ext/emri_g/lhs_f/ckpt_072800.pkl
  [72810/100000]  elapsed=16750s  rate=4.3/s  eta=6255s  finite=24241
  [72820/100000]  elapsed=16753s  rate=4.3/s  eta=6253s  finite=24246
  [72830/100000]  elapsed=16755s  rate=4.3/s  eta=6251s  finite=24251
  [72840/100000]  elapsed=16757s  rate=4.3/s  eta=6248s  finite=24254
  [72850/100000]  elapsed=16760s  rate=4.3/s  eta=6246s  finite=24257
  [warn] sample 3 failed: 
  [72860/100000]  elapsed=16762s  rate=4.3/s  eta=6244s  finite=24258
  [72870/100000]  elapsed=16764s  rate=4.3/s  eta=6241s  finite=24259
  [72880/100000]  elapsed=16766s  rate=4.3/s  eta=6239s  finite=24260
  [72890/100000]  elapsed=16769s  rate=4.3/s  eta=6237s  finite=24264
  [72900/100000]  elapsed=16771s  rate=4.3/s  eta=6234s  finite=24266
  -> checkpoint saved: /scratch/e1498138/paper/ext/emri_g/lhs_f/ckpt_072900.pkl
  [72910/100000]  elapsed=16773s  rate=4.3/s  eta=6232s  finite=24267
  [72920/100000]  elapsed=16776s  rate=4.3/s  eta=6230s  finite=24270
  [72930/100000]  elapsed=16778s  rate=4.3/s  eta=6228s  finite=24271
  [72940/100000]  elapsed=16780s  rate=4.3/s  eta=6225s  finite=24273
  [72950/100000]  elapsed=16783s  rate=4.3/s  eta=6223s  finite=24277
  [72960/100000]  elapsed=16785s  rate=4.3/s  eta=6221s  finite=24280
  [warn] sample 7 failed: This a (0.58973445), p0 (13.535715) and e0 (0.8935605000000001) combination is outside of our domain of validity.
  [72970/100000]  elapsed=16787s  rate=4.3/s  eta=6218s  finite=24283
  [warn] sample 6 failed: This a (0.56730255), p0 (13.672365) and e0 (0.8972865000000001) combination is outside of our domain of validity.
  [72980/100000]  elapsed=16789s  rate=4.3/s  eta=6216s  finite=24286
  [72990/100000]  elapsed=16792s  rate=4.3/s  eta=6214s  finite=24290
  [73000/100000]  elapsed=16794s  rate=4.3/s  eta=6211s  finite=24294
  -> checkpoint saved: /scratch/e1498138/paper/ext/emri_g/lhs_f/ckpt_073000.pkl
  [73010/100000]  elapsed=16796s  rate=4.3/s  eta=6209s  finite=24297
  [warn] sample 1 failed: 
  [73020/100000]  elapsed=16798s  rate=4.3/s  eta=6207s  finite=24299
  [73030/100000]  elapsed=16801s  rate=4.3/s  eta=6205s  finite=24301
  [73040/100000]  elapsed=16803s  rate=4.3/s  eta=6202s  finite=24306
  [warn] sample 5 failed: 
  [73050/100000]  elapsed=16805s  rate=4.3/s  eta=6200s  finite=24308
  [73060/100000]  elapsed=16808s  rate=4.3/s  eta=6198s  finite=24314
  [73070/100000]  elapsed=16810s  rate=4.3/s  eta=6195s  finite=24317
  [73080/100000]  elapsed=16813s  rate=4.3/s  eta=6193s  finite=24324
  [73090/100000]  elapsed=16815s  rate=4.3/s  eta=6191s  finite=24328
  [73100/100000]  elapsed=16817s  rate=4.3/s  eta=6189s  finite=24328
  -> checkpoint saved: /scratch/e1498138/paper/ext/emri_g/lhs_f/ckpt_073100.pkl
  [73110/100000]  elapsed=16820s  rate=4.3/s  eta=6186s  finite=24333
  [73120/100000]  elapsed=16822s  rate=4.3/s  eta=6184s  finite=24337
  [73130/100000]  elapsed=16824s  rate=4.3/s  eta=6182s  finite=24342
  [73140/100000]  elapsed=16827s  rate=4.3/s  eta=6179s  finite=24345
  [73150/100000]  elapsed=16829s  rate=4.3/s  eta=6177s  finite=24348
  [73160/100000]  elapsed=16831s  rate=4.3/s  eta=6175s  finite=24350
  [73170/100000]  elapsed=16834s  rate=4.3/s  eta=6173s  finite=24355
  [73180/100000]  elapsed=16836s  rate=4.3/s  eta=6170s  finite=24359
  [73190/100000]  elapsed=16838s  rate=4.3/s  eta=6168s  finite=24366
  [73200/100000]  elapsed=16841s  rate=4.3/s  eta=6166s  finite=24370
  -> checkpoint saved: /scratch/e1498138/paper/ext/emri_g/lhs_f/ckpt_073200.pkl
  [73210/100000]  elapsed=16843s  rate=4.3/s  eta=6164s  finite=24374
  [73220/100000]  elapsed=16846s  rate=4.3/s  eta=6161s  finite=24377
  [warn] sample 4 failed: 
  [73230/100000]  elapsed=16848s  rate=4.3/s  eta=6159s  finite=24381
  [73240/100000]  elapsed=16850s  rate=4.3/s  eta=6157s  finite=24384
  [73250/100000]  elapsed=16852s  rate=4.3/s  eta=6154s  finite=24388
  [73260/100000]  elapsed=16855s  rate=4.3/s  eta=6152s  finite=24394
  [73270/100000]  elapsed=16857s  rate=4.3/s  eta=6150s  finite=24397
  [73280/100000]  elapsed=16860s  rate=4.3/s  eta=6147s  finite=24402
  [73290/100000]  elapsed=16862s  rate=4.3/s  eta=6145s  finite=24404
  [73300/100000]  elapsed=16864s  rate=4.3/s  eta=6143s  finite=24409
  -> checkpoint saved: /scratch/e1498138/paper/ext/emri_g/lhs_f/ckpt_073300.pkl
  [73310/100000]  elapsed=16867s  rate=4.3/s  eta=6141s  finite=24410
  [73320/100000]  elapsed=16869s  rate=4.3/s  eta=6138s  finite=24412
  [73330/100000]  elapsed=16871s  rate=4.3/s  eta=6136s  finite=24414
  [73340/100000]  elapsed=16873s  rate=4.3/s  eta=6134s  finite=24416
  [73350/100000]  elapsed=16876s  rate=4.3/s  eta=6131s  finite=24420
  [73360/100000]  elapsed=16878s  rate=4.3/s  eta=6129s  finite=24424
  [73370/100000]  elapsed=16880s  rate=4.3/s  eta=6127s  finite=24428
  [73380/100000]  elapsed=16883s  rate=4.3/s  eta=6125s  finite=24434
  [73390/100000]  elapsed=16885s  rate=4.3/s  eta=6122s  finite=24436
  [73400/100000]  elapsed=16887s  rate=4.3/s  eta=6120s  finite=24438
  -> checkpoint saved: /scratch/e1498138/paper/ext/emri_g/lhs_f/ckpt_073400.pkl
  [73410/100000]  elapsed=16890s  rate=4.3/s  eta=6118s  finite=24442
  [73420/100000]  elapsed=16892s  rate=4.3/s  eta=6115s  finite=24447
  [73430/100000]  elapsed=16895s  rate=4.3/s  eta=6113s  finite=24449
  [73440/100000]  elapsed=16897s  rate=4.3/s  eta=6111s  finite=24452
  [73450/100000]  elapsed=16899s  rate=4.3/s  eta=6109s  finite=24456
  [warn] sample 0 failed: 
  [warn] sample 1 failed: 
  [73460/100000]  elapsed=16902s  rate=4.3/s  eta=6106s  finite=24461
  [73470/100000]  elapsed=16904s  rate=4.3/s  eta=6104s  finite=24466
  [73480/100000]  elapsed=16906s  rate=4.3/s  eta=6102s  finite=24469
  [73490/100000]  elapsed=16909s  rate=4.3/s  eta=6099s  finite=24474
  [73500/100000]  elapsed=16911s  rate=4.3/s  eta=6097s  finite=24477
  -> checkpoint saved: /scratch/e1498138/paper/ext/emri_g/lhs_f/ckpt_073500.pkl
  [73510/100000]  elapsed=16913s  rate=4.3/s  eta=6095s  finite=24479
  [73520/100000]  elapsed=16916s  rate=4.3/s  eta=6093s  finite=24484
  [73530/100000]  elapsed=16918s  rate=4.3/s  eta=6090s  finite=24487
  [73540/100000]  elapsed=16920s  rate=4.3/s  eta=6088s  finite=24490
  [73550/100000]  elapsed=16923s  rate=4.3/s  eta=6086s  finite=24492
  [warn] sample 5 failed: 
  [73560/100000]  elapsed=16925s  rate=4.3/s  eta=6083s  finite=24495
  [73570/100000]  elapsed=16927s  rate=4.3/s  eta=6081s  finite=24498
  [warn] sample 5 failed: 
  [73580/100000]  elapsed=16929s  rate=4.3/s  eta=6079s  finite=24500
  [73590/100000]  elapsed=16931s  rate=4.3/s  eta=6076s  finite=24502
  [73600/100000]  elapsed=16934s  rate=4.3/s  eta=6074s  finite=24506
  -> checkpoint saved: /scratch/e1498138/paper/ext/emri_g/lhs_f/ckpt_073600.pkl
  [73610/100000]  elapsed=16936s  rate=4.3/s  eta=6072s  finite=24512
  [73620/100000]  elapsed=16939s  rate=4.3/s  eta=6070s  finite=24518
  [73630/100000]  elapsed=16941s  rate=4.3/s  eta=6067s  finite=24523
  [73640/100000]  elapsed=16943s  rate=4.3/s  eta=6065s  finite=24528
  [73650/100000]  elapsed=16946s  rate=4.3/s  eta=6063s  finite=24532
  [73660/100000]  elapsed=16948s  rate=4.3/s  eta=6060s  finite=24532
  [73670/100000]  elapsed=16950s  rate=4.3/s  eta=6058s  finite=24535
  [73680/100000]  elapsed=16952s  rate=4.3/s  eta=6056s  finite=24540
  [73690/100000]  elapsed=16955s  rate=4.3/s  eta=6053s  finite=24543
  [warn] sample 3 failed: This a (0.32814165), p0 (13.612485) and e0 (0.8932755000000001) combination is outside of our domain of validity.
  [73700/100000]  elapsed=16957s  rate=4.3/s  eta=6051s  finite=24545
  -> checkpoint saved: /scratch/e1498138/paper/ext/emri_g/lhs_f/ckpt_073700.pkl
  [warn] sample 9 failed: 
  [73710/100000]  elapsed=16959s  rate=4.3/s  eta=6049s  finite=24549
  [73720/100000]  elapsed=16962s  rate=4.3/s  eta=6047s  finite=24552
  [warn] sample 3 failed: 
  [73730/100000]  elapsed=16964s  rate=4.3/s  eta=6044s  finite=24556
  [73740/100000]  elapsed=16966s  rate=4.3/s  eta=6042s  finite=24556
  [73750/100000]  elapsed=16968s  rate=4.3/s  eta=6040s  finite=24562
  [73760/100000]  elapsed=16971s  rate=4.3/s  eta=6037s  finite=24566
  [73770/100000]  elapsed=16973s  rate=4.3/s  eta=6035s  finite=24567
  [73780/100000]  elapsed=16976s  rate=4.3/s  eta=6033s  finite=24571
  [warn] sample 6 failed: 
  [73790/100000]  elapsed=16978s  rate=4.3/s  eta=6030s  finite=24576
  [73800/100000]  elapsed=16980s  rate=4.3/s  eta=6028s  finite=24581
  -> checkpoint saved: /scratch/e1498138/paper/ext/emri_g/lhs_f/ckpt_073800.pkl
  [73810/100000]  elapsed=16983s  rate=4.3/s  eta=6026s  finite=24585
  [73820/100000]  elapsed=16985s  rate=4.3/s  eta=6024s  finite=24589
  [73830/100000]  elapsed=16988s  rate=4.3/s  eta=6021s  finite=24592
  [73840/100000]  elapsed=16990s  rate=4.3/s  eta=6019s  finite=24597
  [warn] sample 7 failed: 
  [73850/100000]  elapsed=16992s  rate=4.3/s  eta=6017s  finite=24601
  [73860/100000]  elapsed=16995s  rate=4.3/s  eta=6015s  finite=24605
  [73870/100000]  elapsed=16997s  rate=4.3/s  eta=6012s  finite=24608
  [73880/100000]  elapsed=16999s  rate=4.3/s  eta=6010s  finite=24609
  [warn] sample 4 failed: 
  [73890/100000]  elapsed=17002s  rate=4.3/s  eta=6008s  finite=24610
  [73900/100000]  elapsed=17004s  rate=4.3/s  eta=6005s  finite=24611
  -> checkpoint saved: /scratch/e1498138/paper/ext/emri_g/lhs_f/ckpt_073900.pkl
  [warn] sample 9 failed: 
  [73910/100000]  elapsed=17006s  rate=4.3/s  eta=6003s  finite=24616
  [73920/100000]  elapsed=17008s  rate=4.3/s  eta=6001s  finite=24620
  [73930/100000]  elapsed=17011s  rate=4.3/s  eta=5999s  finite=24624
  [73940/100000]  elapsed=17013s  rate=4.3/s  eta=5996s  finite=24628
  [73950/100000]  elapsed=17016s  rate=4.3/s  eta=5994s  finite=24633
  [warn] sample 1 failed: This a (0.33461385), p0 (14.081715) and e0 (0.8990385000000001) combination is outside of our domain of validity.
  [73960/100000]  elapsed=17018s  rate=4.3/s  eta=5992s  finite=24635
  [73970/100000]  elapsed=17020s  rate=4.3/s  eta=5989s  finite=24637
  [73980/100000]  elapsed=17022s  rate=4.3/s  eta=5987s  finite=24639
  [73990/100000]  elapsed=17025s  rate=4.3/s  eta=5985s  finite=24641
  [74000/100000]  elapsed=17027s  rate=4.3/s  eta=5983s  finite=24644
  -> checkpoint saved: /scratch/e1498138/paper/ext/emri_g/lhs_f/ckpt_074000.pkl
  [warn] sample 2 failed: 
  [warn] sample 9 failed: 
  [74010/100000]  elapsed=17029s  rate=4.3/s  eta=5980s  finite=24649
  [74020/100000]  elapsed=17032s  rate=4.3/s  eta=5978s  finite=24653
  [74030/100000]  elapsed=17034s  rate=4.3/s  eta=5976s  finite=24656
  [warn] sample 9 failed: 
  [74040/100000]  elapsed=17036s  rate=4.3/s  eta=5973s  finite=24659
  [74050/100000]  elapsed=17039s  rate=4.3/s  eta=5971s  finite=24666
  [74060/100000]  elapsed=17041s  rate=4.3/s  eta=5969s  finite=24668
  [74070/100000]  elapsed=17044s  rate=4.3/s  eta=5967s  finite=24671
  [warn] sample 1 failed: This a (0.35708714999999996), p0 (13.957515) and e0 (0.8935275) combination is outside of our domain of validity.
  [74080/100000]  elapsed=17046s  rate=4.3/s  eta=5964s  finite=24675
  [74090/100000]  elapsed=17048s  rate=4.3/s  eta=5962s  finite=24678
  [74100/100000]  elapsed=17051s  rate=4.3/s  eta=5960s  finite=24681
  -> checkpoint saved: /scratch/e1498138/paper/ext/emri_g/lhs_f/ckpt_074100.pkl
  [74110/100000]  elapsed=17053s  rate=4.3/s  eta=5957s  finite=24687
  [warn] sample 3 failed: 
  [74120/100000]  elapsed=17055s  rate=4.3/s  eta=5955s  finite=24691
  [74130/100000]  elapsed=17058s  rate=4.3/s  eta=5953s  finite=24698
  [74140/100000]  elapsed=17060s  rate=4.3/s  eta=5950s  finite=24701
  [74150/100000]  elapsed=17062s  rate=4.3/s  eta=5948s  finite=24705
  [74160/100000]  elapsed=17065s  rate=4.3/s  eta=5946s  finite=24709
  [74170/100000]  elapsed=17067s  rate=4.3/s  eta=5944s  finite=24712
  [74180/100000]  elapsed=17069s  rate=4.3/s  eta=5941s  finite=24716
  [74190/100000]  elapsed=17072s  rate=4.3/s  eta=5939s  finite=24720
  [74200/100000]  elapsed=17074s  rate=4.3/s  eta=5937s  finite=24721
  -> checkpoint saved: /scratch/e1498138/paper/ext/emri_g/lhs_f/ckpt_074200.pkl
  [warn] sample 6 failed: 
  [74210/100000]  elapsed=17076s  rate=4.3/s  eta=5934s  finite=24724
  [74220/100000]  elapsed=17078s  rate=4.3/s  eta=5932s  finite=24727
  [74230/100000]  elapsed=17081s  rate=4.3/s  eta=5930s  finite=24730
  [74240/100000]  elapsed=17083s  rate=4.3/s  eta=5927s  finite=24733
  [74250/100000]  elapsed=17085s  rate=4.3/s  eta=5925s  finite=24738
  [74260/100000]  elapsed=17087s  rate=4.3/s  eta=5923s  finite=24741
  [warn] sample 5 failed: This a (0.59401935), p0 (13.504485) and e0 (0.8921235000000001) combination is outside of our domain of validity.
  [74270/100000]  elapsed=17089s  rate=4.3/s  eta=5920s  finite=24745
  [74280/100000]  elapsed=17092s  rate=4.3/s  eta=5918s  finite=24747
  [74290/100000]  elapsed=17094s  rate=4.3/s  eta=5916s  finite=24749
  [74300/100000]  elapsed=17096s  rate=4.3/s  eta=5914s  finite=24755
  -> checkpoint saved: /scratch/e1498138/paper/ext/emri_g/lhs_f/ckpt_074300.pkl
  [74310/100000]  elapsed=17099s  rate=4.3/s  eta=5911s  finite=24759
  [warn] sample 8 failed: 
  [74320/100000]  elapsed=17101s  rate=4.3/s  eta=5909s  finite=24762
  [74330/100000]  elapsed=17103s  rate=4.3/s  eta=5907s  finite=24769
  [74340/100000]  elapsed=17106s  rate=4.3/s  eta=5904s  finite=24772
  [74350/100000]  elapsed=17108s  rate=4.3/s  eta=5902s  finite=24774
  [74360/100000]  elapsed=17110s  rate=4.3/s  eta=5900s  finite=24776
  [74370/100000]  elapsed=17113s  rate=4.3/s  eta=5897s  finite=24779
  [74380/100000]  elapsed=17115s  rate=4.3/s  eta=5895s  finite=24784
  [74390/100000]  elapsed=17117s  rate=4.3/s  eta=5893s  finite=24785
  [warn] sample 4 failed: 
  [74400/100000]  elapsed=17119s  rate=4.3/s  eta=5890s  finite=24790
  -> checkpoint saved: /scratch/e1498138/paper/ext/emri_g/lhs_f/ckpt_074400.pkl
  [warn] sample 5 failed: 
  [74410/100000]  elapsed=17121s  rate=4.3/s  eta=5888s  finite=24796
  [74420/100000]  elapsed=17124s  rate=4.3/s  eta=5886s  finite=24800
  [warn] sample 6 failed: This a (0.37502025), p0 (14.136885) and e0 (0.8994075000000001) combination is outside of our domain of validity.
  [74430/100000]  elapsed=17126s  rate=4.3/s  eta=5883s  finite=24806
  [74440/100000]  elapsed=17128s  rate=4.3/s  eta=5881s  finite=24809
  [74450/100000]  elapsed=17130s  rate=4.3/s  eta=5879s  finite=24812
  [74460/100000]  elapsed=17133s  rate=4.3/s  eta=5877s  finite=24814
  [74470/100000]  elapsed=17135s  rate=4.3/s  eta=5874s  finite=24815
  [74480/100000]  elapsed=17137s  rate=4.3/s  eta=5872s  finite=24818
  [74490/100000]  elapsed=17140s  rate=4.3/s  eta=5870s  finite=24823
  [74500/100000]  elapsed=17142s  rate=4.3/s  eta=5867s  finite=24825
  -> checkpoint saved: /scratch/e1498138/paper/ext/emri_g/lhs_f/ckpt_074500.pkl
  [74510/100000]  elapsed=17144s  rate=4.3/s  eta=5865s  finite=24828
  [74520/100000]  elapsed=17146s  rate=4.3/s  eta=5863s  finite=24832
  [74530/100000]  elapsed=17149s  rate=4.3/s  eta=5860s  finite=24837
  [warn] sample 9 failed: 
  [74540/100000]  elapsed=17151s  rate=4.3/s  eta=5858s  finite=24839
  [74550/100000]  elapsed=17153s  rate=4.3/s  eta=5856s  finite=24842
  [warn] sample 1 failed: 
  [74560/100000]  elapsed=17155s  rate=4.3/s  eta=5853s  finite=24847
  [74570/100000]  elapsed=17158s  rate=4.3/s  eta=5851s  finite=24850
  [74580/100000]  elapsed=17160s  rate=4.3/s  eta=5849s  finite=24853
  [74590/100000]  elapsed=17162s  rate=4.3/s  eta=5847s  finite=24858
  [74600/100000]  elapsed=17165s  rate=4.3/s  eta=5844s  finite=24862
  -> checkpoint saved: /scratch/e1498138/paper/ext/emri_g/lhs_f/ckpt_074600.pkl
  [74610/100000]  elapsed=17167s  rate=4.3/s  eta=5842s  finite=24863
  [warn] sample 3 failed: 
  [74620/100000]  elapsed=17169s  rate=4.3/s  eta=5840s  finite=24865
  [74630/100000]  elapsed=17172s  rate=4.3/s  eta=5837s  finite=24869
  [74640/100000]  elapsed=17174s  rate=4.3/s  eta=5835s  finite=24871
  [74650/100000]  elapsed=17176s  rate=4.3/s  eta=5833s  finite=24873
  [74660/100000]  elapsed=17178s  rate=4.3/s  eta=5830s  finite=24875
  [warn] sample 4 failed: This a (0.57879105), p0 (13.822965) and e0 (0.8974935) combination is outside of our domain of validity.
  [74670/100000]  elapsed=17180s  rate=4.3/s  eta=5828s  finite=24878
  [74680/100000]  elapsed=17183s  rate=4.3/s  eta=5826s  finite=24883
  [74690/100000]  elapsed=17185s  rate=4.3/s  eta=5823s  finite=24886
  [74700/100000]  elapsed=17187s  rate=4.3/s  eta=5821s  finite=24891
  -> checkpoint saved: /scratch/e1498138/paper/ext/emri_g/lhs_f/ckpt_074700.pkl
  [warn] sample 8 failed: 
  [74710/100000]  elapsed=17189s  rate=4.3/s  eta=5819s  finite=24895
  [74720/100000]  elapsed=17191s  rate=4.3/s  eta=5816s  finite=24898
  [74730/100000]  elapsed=17194s  rate=4.3/s  eta=5814s  finite=24902
  [74740/100000]  elapsed=17196s  rate=4.3/s  eta=5812s  finite=24904
  [warn] sample 4 failed: 
  [74750/100000]  elapsed=17198s  rate=4.3/s  eta=5809s  finite=24907
  [74760/100000]  elapsed=17200s  rate=4.3/s  eta=5807s  finite=24908
  [warn] sample 7 failed: 
  [74770/100000]  elapsed=17202s  rate=4.3/s  eta=5805s  finite=24915
  [74780/100000]  elapsed=17205s  rate=4.3/s  eta=5802s  finite=24919
  [74790/100000]  elapsed=17207s  rate=4.3/s  eta=5800s  finite=24920
  [74800/100000]  elapsed=17210s  rate=4.3/s  eta=5798s  finite=24922
  -> checkpoint saved: /scratch/e1498138/paper/ext/emri_g/lhs_f/ckpt_074800.pkl
  [74810/100000]  elapsed=17212s  rate=4.3/s  eta=5796s  finite=24925
  [warn] sample 9 failed: 
  [74820/100000]  elapsed=17214s  rate=4.3/s  eta=5793s  finite=24926
  [warn] sample 2 failed: 
  [74830/100000]  elapsed=17216s  rate=4.3/s  eta=5791s  finite=24929
  [74840/100000]  elapsed=17219s  rate=4.3/s  eta=5789s  finite=24932
  [warn] sample 0 failed: 
  [74850/100000]  elapsed=17221s  rate=4.3/s  eta=5786s  finite=24936
  [74860/100000]  elapsed=17223s  rate=4.3/s  eta=5784s  finite=24940
  [74870/100000]  elapsed=17226s  rate=4.3/s  eta=5782s  finite=24941
  [warn] sample 2 failed: 
  [74880/100000]  elapsed=17228s  rate=4.3/s  eta=5779s  finite=24942
  [74890/100000]  elapsed=17230s  rate=4.3/s  eta=5777s  finite=24946
  [74900/100000]  elapsed=17232s  rate=4.3/s  eta=5775s  finite=24951
  -> checkpoint saved: /scratch/e1498138/paper/ext/emri_g/lhs_f/ckpt_074900.pkl
  [warn] sample 2 failed: 
  [warn] sample 4 failed: 
  [74910/100000]  elapsed=17234s  rate=4.3/s  eta=5772s  finite=24954
  [warn] sample 6 failed: This a (0.40232355), p0 (14.465775) and e0 (0.8998545) combination is outside of our domain of validity.
  [74920/100000]  elapsed=17236s  rate=4.3/s  eta=5770s  finite=24957
  [74930/100000]  elapsed=17239s  rate=4.3/s  eta=5768s  finite=24960
  [warn] sample 2 failed: 
  [74940/100000]  elapsed=17241s  rate=4.3/s  eta=5765s  finite=24963
  [warn] sample 3 failed: 
  [74950/100000]  elapsed=17243s  rate=4.3/s  eta=5763s  finite=24965
  [74960/100000]  elapsed=17245s  rate=4.3/s  eta=5761s  finite=24968
  [74970/100000]  elapsed=17248s  rate=4.3/s  eta=5759s  finite=24971
  [74980/100000]  elapsed=17250s  rate=4.3/s  eta=5756s  finite=24975
  [74990/100000]  elapsed=17253s  rate=4.3/s  eta=5754s  finite=24978
  [75000/100000]  elapsed=17255s  rate=4.3/s  eta=5752s  finite=24981
  -> checkpoint saved: /scratch/e1498138/paper/ext/emri_g/lhs_f/ckpt_075000.pkl
  [75010/100000]  elapsed=17257s  rate=4.3/s  eta=5749s  finite=24984
  [75020/100000]  elapsed=17259s  rate=4.3/s  eta=5747s  finite=24988
  [75030/100000]  elapsed=17262s  rate=4.3/s  eta=5745s  finite=24992
  [75040/100000]  elapsed=17264s  rate=4.3/s  eta=5742s  finite=24995
  [75050/100000]  elapsed=17266s  rate=4.3/s  eta=5740s  finite=24999
  [75060/100000]  elapsed=17269s  rate=4.3/s  eta=5738s  finite=25003
  [75070/100000]  elapsed=17271s  rate=4.3/s  eta=5736s  finite=25006
  [75080/100000]  elapsed=17273s  rate=4.3/s  eta=5733s  finite=25009
  [75090/100000]  elapsed=17275s  rate=4.3/s  eta=5731s  finite=25012
  [75100/100000]  elapsed=17278s  rate=4.3/s  eta=5729s  finite=25018
  -> checkpoint saved: /scratch/e1498138/paper/ext/emri_g/lhs_f/ckpt_075100.pkl
  [warn] sample 2 failed: 
  [75110/100000]  elapsed=17280s  rate=4.3/s  eta=5726s  finite=25022
  [75120/100000]  elapsed=17282s  rate=4.3/s  eta=5724s  finite=25023
  [75130/100000]  elapsed=17285s  rate=4.3/s  eta=5722s  finite=25028
  [75140/100000]  elapsed=17287s  rate=4.3/s  eta=5719s  finite=25033
  [75150/100000]  elapsed=17289s  rate=4.3/s  eta=5717s  finite=25034
  [75160/100000]  elapsed=17291s  rate=4.3/s  eta=5715s  finite=25036
  [75170/100000]  elapsed=17294s  rate=4.3/s  eta=5712s  finite=25041
  [warn] sample 4 failed: 
  [75180/100000]  elapsed=17296s  rate=4.3/s  eta=5710s  finite=25042
  [75190/100000]  elapsed=17298s  rate=4.3/s  eta=5708s  finite=25047
  [75200/100000]  elapsed=17301s  rate=4.3/s  eta=5706s  finite=25050
  -> checkpoint saved: /scratch/e1498138/paper/ext/emri_g/lhs_f/ckpt_075200.pkl
  [75210/100000]  elapsed=17303s  rate=4.3/s  eta=5703s  finite=25054
  [75220/100000]  elapsed=17306s  rate=4.3/s  eta=5701s  finite=25057
  [75230/100000]  elapsed=17308s  rate=4.3/s  eta=5699s  finite=25061
  [75240/100000]  elapsed=17311s  rate=4.3/s  eta=5697s  finite=25064
  [75250/100000]  elapsed=17313s  rate=4.3/s  eta=5694s  finite=25070
  [75260/100000]  elapsed=17315s  rate=4.3/s  eta=5692s  finite=25073
  [warn] sample 6 failed: 
  [75270/100000]  elapsed=17318s  rate=4.3/s  eta=5690s  finite=25075
  [75280/100000]  elapsed=17320s  rate=4.3/s  eta=5687s  finite=25077
  [75290/100000]  elapsed=17322s  rate=4.3/s  eta=5685s  finite=25084
  [75300/100000]  elapsed=17325s  rate=4.3/s  eta=5683s  finite=25088
  -> checkpoint saved: /scratch/e1498138/paper/ext/emri_g/lhs_f/ckpt_075300.pkl
  [75310/100000]  elapsed=17327s  rate=4.3/s  eta=5681s  finite=25089
  [75320/100000]  elapsed=17329s  rate=4.3/s  eta=5678s  finite=25093
  [75330/100000]  elapsed=17332s  rate=4.3/s  eta=5676s  finite=25098
  [75340/100000]  elapsed=17334s  rate=4.3/s  eta=5674s  finite=25102
  [75350/100000]  elapsed=17336s  rate=4.3/s  eta=5671s  finite=25105
  [75360/100000]  elapsed=17339s  rate=4.3/s  eta=5669s  finite=25107
  [75370/100000]  elapsed=17341s  rate=4.3/s  eta=5667s  finite=25111
  [75380/100000]  elapsed=17343s  rate=4.3/s  eta=5665s  finite=25114
  [75390/100000]  elapsed=17346s  rate=4.3/s  eta=5662s  finite=25119
  [75400/100000]  elapsed=17348s  rate=4.3/s  eta=5660s  finite=25122
  -> checkpoint saved: /scratch/e1498138/paper/ext/emri_g/lhs_f/ckpt_075400.pkl
  [75410/100000]  elapsed=17350s  rate=4.3/s  eta=5658s  finite=25128
  [75420/100000]  elapsed=17353s  rate=4.3/s  eta=5655s  finite=25129
  [75430/100000]  elapsed=17355s  rate=4.3/s  eta=5653s  finite=25132
  [75440/100000]  elapsed=17358s  rate=4.3/s  eta=5651s  finite=25134
  [75450/100000]  elapsed=17360s  rate=4.3/s  eta=5649s  finite=25139
  [warn] sample 8 failed: 
  [75460/100000]  elapsed=17362s  rate=4.3/s  eta=5646s  finite=25141
  [75470/100000]  elapsed=17365s  rate=4.3/s  eta=5644s  finite=25144
  [warn] sample 1 failed: This a (0.42679785), p0 (13.815405) and e0 (0.8947425) combination is outside of our domain of validity.
  [75480/100000]  elapsed=17367s  rate=4.3/s  eta=5642s  finite=25144
  [75490/100000]  elapsed=17369s  rate=4.3/s  eta=5639s  finite=25147
  [75500/100000]  elapsed=17371s  rate=4.3/s  eta=5637s  finite=25151
  -> checkpoint saved: /scratch/e1498138/paper/ext/emri_g/lhs_f/ckpt_075500.pkl
  [warn] sample 4 failed: This a (0.31946835), p0 (13.963155) and e0 (0.8865675) combination is outside of our domain of validity.
  [warn] sample 9 failed: 
  [75510/100000]  elapsed=17373s  rate=4.3/s  eta=5635s  finite=25153
  [warn] sample 0 failed: This a (0.54390465), p0 (13.962585) and e0 (0.8952105) combination is outside of our domain of validity.
  [75520/100000]  elapsed=17375s  rate=4.3/s  eta=5632s  finite=25156
  [75530/100000]  elapsed=17378s  rate=4.3/s  eta=5630s  finite=25162
  [75540/100000]  elapsed=17380s  rate=4.3/s  eta=5628s  finite=25167
  [75550/100000]  elapsed=17382s  rate=4.3/s  eta=5625s  finite=25170
  [75560/100000]  elapsed=17385s  rate=4.3/s  eta=5623s  finite=25174
  [75570/100000]  elapsed=17387s  rate=4.3/s  eta=5621s  finite=25178
  [75580/100000]  elapsed=17389s  rate=4.3/s  eta=5619s  finite=25181
  [75590/100000]  elapsed=17392s  rate=4.3/s  eta=5616s  finite=25183
  [75600/100000]  elapsed=17394s  rate=4.3/s  eta=5614s  finite=25187
  -> checkpoint saved: /scratch/e1498138/paper/ext/emri_g/lhs_f/ckpt_075600.pkl
  [75610/100000]  elapsed=17397s  rate=4.3/s  eta=5612s  finite=25193
  [75620/100000]  elapsed=17399s  rate=4.3/s  eta=5609s  finite=25195
  [75630/100000]  elapsed=17401s  rate=4.3/s  eta=5607s  finite=25200
  [75640/100000]  elapsed=17404s  rate=4.3/s  eta=5605s  finite=25204
  [75650/100000]  elapsed=17406s  rate=4.3/s  eta=5603s  finite=25208
  [75660/100000]  elapsed=17409s  rate=4.3/s  eta=5600s  finite=25212
  [75670/100000]  elapsed=17411s  rate=4.3/s  eta=5598s  finite=25215
  [75680/100000]  elapsed=17414s  rate=4.3/s  eta=5596s  finite=25221
  [75690/100000]  elapsed=17416s  rate=4.3/s  eta=5594s  finite=25224
  [75700/100000]  elapsed=17418s  rate=4.3/s  eta=5591s  finite=25229
  -> checkpoint saved: /scratch/e1498138/paper/ext/emri_g/lhs_f/ckpt_075700.pkl
  [warn] sample 4 failed: 
  [warn] sample 8 failed: 
  [75710/100000]  elapsed=17420s  rate=4.3/s  eta=5589s  finite=25232
  [warn] sample 6 failed: 
  [warn] sample 9 failed: This a (0.35554155), p0 (14.345295) and e0 (0.8954325000000001) combination is outside of our domain of validity.
  [75720/100000]  elapsed=17422s  rate=4.3/s  eta=5587s  finite=25233
  [75730/100000]  elapsed=17425s  rate=4.3/s  eta=5584s  finite=25236
  [75740/100000]  elapsed=17427s  rate=4.3/s  eta=5582s  finite=25239
  [75750/100000]  elapsed=17429s  rate=4.3/s  eta=5580s  finite=25243
  [75760/100000]  elapsed=17432s  rate=4.3/s  eta=5577s  finite=25244
  [warn] sample 0 failed: This a (0.32545755), p0 (14.718705) and e0 (0.8975355) combination is outside of our domain of validity.
  [75770/100000]  elapsed=17434s  rate=4.3/s  eta=5575s  finite=25247
  [warn] sample 4 failed: 
  [75780/100000]  elapsed=17436s  rate=4.3/s  eta=5573s  finite=25249
  [75790/100000]  elapsed=17438s  rate=4.3/s  eta=5570s  finite=25252
  [75800/100000]  elapsed=17441s  rate=4.3/s  eta=5568s  finite=25254
  -> checkpoint saved: /scratch/e1498138/paper/ext/emri_g/lhs_f/ckpt_075800.pkl
  [75810/100000]  elapsed=17443s  rate=4.3/s  eta=5566s  finite=25257
  [75820/100000]  elapsed=17445s  rate=4.3/s  eta=5564s  finite=25262
  [75830/100000]  elapsed=17448s  rate=4.3/s  eta=5561s  finite=25270
  [75840/100000]  elapsed=17450s  rate=4.3/s  eta=5559s  finite=25273
  [75850/100000]  elapsed=17452s  rate=4.3/s  eta=5557s  finite=25275
  [warn] sample 0 failed: This a (0.33471045), p0 (13.889565) and e0 (0.8892255) combination is outside of our domain of validity.
  [75860/100000]  elapsed=17454s  rate=4.3/s  eta=5554s  finite=25280
  [75870/100000]  elapsed=17457s  rate=4.3/s  eta=5552s  finite=25287
  [75880/100000]  elapsed=17459s  rate=4.3/s  eta=5550s  finite=25294
  [75890/100000]  elapsed=17462s  rate=4.3/s  eta=5547s  finite=25298
  [75900/100000]  elapsed=17464s  rate=4.3/s  eta=5545s  finite=25303
  -> checkpoint saved: /scratch/e1498138/paper/ext/emri_g/lhs_f/ckpt_075900.pkl
  [75910/100000]  elapsed=17466s  rate=4.3/s  eta=5543s  finite=25307
  [75920/100000]  elapsed=17468s  rate=4.3/s  eta=5541s  finite=25310
  [75930/100000]  elapsed=17471s  rate=4.3/s  eta=5538s  finite=25317
  [75940/100000]  elapsed=17473s  rate=4.3/s  eta=5536s  finite=25318
  [75950/100000]  elapsed=17475s  rate=4.3/s  eta=5534s  finite=25320
  [75960/100000]  elapsed=17478s  rate=4.3/s  eta=5531s  finite=25323
  [warn] sample 4 failed: This a (0.34849665), p0 (14.654655) and e0 (0.8979225000000001) combination is outside of our domain of validity.
  [75970/100000]  elapsed=17480s  rate=4.3/s  eta=5529s  finite=25326
  [warn] sample 0 failed: 
  [75980/100000]  elapsed=17482s  rate=4.3/s  eta=5527s  finite=25329
  [75990/100000]  elapsed=17484s  rate=4.3/s  eta=5524s  finite=25330
  [76000/100000]  elapsed=17487s  rate=4.3/s  eta=5522s  finite=25334
  -> checkpoint saved: /scratch/e1498138/paper/ext/emri_g/lhs_f/ckpt_076000.pkl
  [76010/100000]  elapsed=17489s  rate=4.3/s  eta=5520s  finite=25340
  [warn] sample 0 failed: 
  [warn] sample 4 failed: 
  [76020/100000]  elapsed=17491s  rate=4.3/s  eta=5518s  finite=25343
  [76030/100000]  elapsed=17494s  rate=4.3/s  eta=5515s  finite=25347
  [76040/100000]  elapsed=17496s  rate=4.3/s  eta=5513s  finite=25350
  [76050/100000]  elapsed=17498s  rate=4.3/s  eta=5511s  finite=25353
  [76060/100000]  elapsed=17500s  rate=4.3/s  eta=5508s  finite=25357
  [76070/100000]  elapsed=17503s  rate=4.3/s  eta=5506s  finite=25359
  [76080/100000]  elapsed=17505s  rate=4.3/s  eta=5504s  finite=25361
  [76090/100000]  elapsed=17507s  rate=4.3/s  eta=5501s  finite=25362
  [76100/100000]  elapsed=17509s  rate=4.3/s  eta=5499s  finite=25367
  -> checkpoint saved: /scratch/e1498138/paper/ext/emri_g/lhs_f/ckpt_076100.pkl
  [76110/100000]  elapsed=17512s  rate=4.3/s  eta=5497s  finite=25370
  [76120/100000]  elapsed=17514s  rate=4.3/s  eta=5494s  finite=25376
  [76130/100000]  elapsed=17516s  rate=4.3/s  eta=5492s  finite=25377
  [76140/100000]  elapsed=17519s  rate=4.3/s  eta=5490s  finite=25382
  [76150/100000]  elapsed=17521s  rate=4.3/s  eta=5488s  finite=25384
  [76160/100000]  elapsed=17523s  rate=4.3/s  eta=5485s  finite=25387
  [76170/100000]  elapsed=17526s  rate=4.3/s  eta=5483s  finite=25392
  [76180/100000]  elapsed=17528s  rate=4.3/s  eta=5481s  finite=25393
  [76190/100000]  elapsed=17530s  rate=4.3/s  eta=5478s  finite=25396
  [76200/100000]  elapsed=17532s  rate=4.3/s  eta=5476s  finite=25401
  -> checkpoint saved: /scratch/e1498138/paper/ext/emri_g/lhs_f/ckpt_076200.pkl
  [76210/100000]  elapsed=17535s  rate=4.3/s  eta=5474s  finite=25406
  [76220/100000]  elapsed=17537s  rate=4.3/s  eta=5471s  finite=25409
  [76230/100000]  elapsed=17539s  rate=4.3/s  eta=5469s  finite=25413
  [76240/100000]  elapsed=17542s  rate=4.3/s  eta=5467s  finite=25418
  [76250/100000]  elapsed=17544s  rate=4.3/s  eta=5465s  finite=25423
  [76260/100000]  elapsed=17546s  rate=4.3/s  eta=5462s  finite=25428
  [76270/100000]  elapsed=17549s  rate=4.3/s  eta=5460s  finite=25431
  [76280/100000]  elapsed=17551s  rate=4.3/s  eta=5458s  finite=25435
  [76290/100000]  elapsed=17554s  rate=4.3/s  eta=5455s  finite=25439
  [76300/100000]  elapsed=17556s  rate=4.3/s  eta=5453s  finite=25442
  -> checkpoint saved: /scratch/e1498138/paper/ext/emri_g/lhs_f/ckpt_076300.pkl
  [76310/100000]  elapsed=17559s  rate=4.3/s  eta=5451s  finite=25445
  [76320/100000]  elapsed=17561s  rate=4.3/s  eta=5449s  finite=25449
  [76330/100000]  elapsed=17563s  rate=4.3/s  eta=5446s  finite=25451
  [warn] sample 3 failed: 
  [76340/100000]  elapsed=17566s  rate=4.3/s  eta=5444s  finite=25455
  [warn] sample 9 failed: 
  [76350/100000]  elapsed=17568s  rate=4.3/s  eta=5442s  finite=25455
  [76360/100000]  elapsed=17570s  rate=4.3/s  eta=5439s  finite=25457
  [76370/100000]  elapsed=17572s  rate=4.3/s  eta=5437s  finite=25460
  [76380/100000]  elapsed=17575s  rate=4.3/s  eta=5435s  finite=25465
  [76390/100000]  elapsed=17577s  rate=4.3/s  eta=5433s  finite=25469
  [76400/100000]  elapsed=17579s  rate=4.3/s  eta=5430s  finite=25471
  -> checkpoint saved: /scratch/e1498138/paper/ext/emri_g/lhs_f/ckpt_076400.pkl
  [warn] sample 6 failed: This a (0.31252005), p0 (13.517835) and e0 (0.8958855000000001) combination is outside of our domain of validity.
  [76410/100000]  elapsed=17582s  rate=4.3/s  eta=5428s  finite=25473
  [76420/100000]  elapsed=17584s  rate=4.3/s  eta=5426s  finite=25475
  [warn] sample 0 failed: This a (0.34782735), p0 (13.933095) and e0 (0.8873625) combination is outside of our domain of validity.
  [76430/100000]  elapsed=17586s  rate=4.3/s  eta=5423s  finite=25476
  [76440/100000]  elapsed=17588s  rate=4.3/s  eta=5421s  finite=25481
  [76450/100000]  elapsed=17590s  rate=4.3/s  eta=5419s  finite=25485
  [warn] sample 1 failed: 
  [warn] sample 5 failed: 
  [76460/100000]  elapsed=17592s  rate=4.3/s  eta=5416s  finite=25486
  [76470/100000]  elapsed=17594s  rate=4.3/s  eta=5414s  finite=25492
  [76480/100000]  elapsed=17597s  rate=4.3/s  eta=5412s  finite=25494
  [76490/100000]  elapsed=17599s  rate=4.3/s  eta=5409s  finite=25499
  [76500/100000]  elapsed=17601s  rate=4.3/s  eta=5407s  finite=25502
  -> checkpoint saved: /scratch/e1498138/paper/ext/emri_g/lhs_f/ckpt_076500.pkl
  [76510/100000]  elapsed=17604s  rate=4.3/s  eta=5405s  finite=25508
  [76520/100000]  elapsed=17606s  rate=4.3/s  eta=5402s  finite=25508
  [76530/100000]  elapsed=17608s  rate=4.3/s  eta=5400s  finite=25509
  [76540/100000]  elapsed=17611s  rate=4.3/s  eta=5398s  finite=25512
  [warn] sample 1 failed: 
  [76550/100000]  elapsed=17613s  rate=4.3/s  eta=5395s  finite=25515
  [76560/100000]  elapsed=17615s  rate=4.3/s  eta=5393s  finite=25518
  [76570/100000]  elapsed=17618s  rate=4.3/s  eta=5391s  finite=25521
  [76580/100000]  elapsed=17620s  rate=4.3/s  eta=5389s  finite=25526
  [warn] sample 8 failed: This a (0.36130995), p0 (13.608285) and e0 (0.8961375) combination is outside of our domain of validity.
  [76590/100000]  elapsed=17622s  rate=4.3/s  eta=5386s  finite=25529
  [warn] sample 6 failed: This a (0.37228095), p0 (13.725795) and e0 (0.8950425000000001) combination is outside of our domain of validity.
  [76600/100000]  elapsed=17624s  rate=4.3/s  eta=5384s  finite=25532
  -> checkpoint saved: /scratch/e1498138/paper/ext/emri_g/lhs_f/ckpt_076600.pkl
  [warn] sample 5 failed: 
  [76610/100000]  elapsed=17626s  rate=4.3/s  eta=5381s  finite=25535
  [warn] sample 3 failed: 
  [76620/100000]  elapsed=17628s  rate=4.3/s  eta=5379s  finite=25538
  [warn] sample 7 failed: 
  [76630/100000]  elapsed=17630s  rate=4.3/s  eta=5377s  finite=25540
  [76640/100000]  elapsed=17633s  rate=4.3/s  eta=5374s  finite=25546
  [76650/100000]  elapsed=17635s  rate=4.3/s  eta=5372s  finite=25547
  [76660/100000]  elapsed=17637s  rate=4.3/s  eta=5370s  finite=25549
  [warn] sample 8 failed: 
  [76670/100000]  elapsed=17640s  rate=4.3/s  eta=5368s  finite=25550
  [76680/100000]  elapsed=17642s  rate=4.3/s  eta=5365s  finite=25553
  [76690/100000]  elapsed=17644s  rate=4.3/s  eta=5363s  finite=25556
  [76700/100000]  elapsed=17646s  rate=4.3/s  eta=5361s  finite=25556
  -> checkpoint saved: /scratch/e1498138/paper/ext/emri_g/lhs_f/ckpt_076700.pkl
  [warn] sample 8 failed: 
  [76710/100000]  elapsed=17648s  rate=4.3/s  eta=5358s  finite=25557
  [76720/100000]  elapsed=17651s  rate=4.3/s  eta=5356s  finite=25562
  [76730/100000]  elapsed=17653s  rate=4.3/s  eta=5354s  finite=25565
  [warn] sample 6 failed: 
  [76740/100000]  elapsed=17655s  rate=4.3/s  eta=5351s  finite=25565
  [76750/100000]  elapsed=17657s  rate=4.3/s  eta=5349s  finite=25567
  [76760/100000]  elapsed=17660s  rate=4.3/s  eta=5347s  finite=25572
  [76770/100000]  elapsed=17662s  rate=4.3/s  eta=5344s  finite=25576
  [76780/100000]  elapsed=17665s  rate=4.3/s  eta=5342s  finite=25579
  [76790/100000]  elapsed=17667s  rate=4.3/s  eta=5340s  finite=25582
  [76800/100000]  elapsed=17669s  rate=4.3/s  eta=5338s  finite=25586
  -> checkpoint saved: /scratch/e1498138/paper/ext/emri_g/lhs_f/ckpt_076800.pkl
  [76810/100000]  elapsed=17672s  rate=4.3/s  eta=5335s  finite=25588
  [76820/100000]  elapsed=17674s  rate=4.3/s  eta=5333s  finite=25594
  [76830/100000]  elapsed=17676s  rate=4.3/s  eta=5331s  finite=25602
  [76840/100000]  elapsed=17679s  rate=4.3/s  eta=5328s  finite=25602
  [76850/100000]  elapsed=17681s  rate=4.3/s  eta=5326s  finite=25605
  [warn] sample 7 failed: This a (0.37288815), p0 (14.702895) and e0 (0.8997735) combination is outside of our domain of validity.
  [76860/100000]  elapsed=17683s  rate=4.3/s  eta=5324s  finite=25606
  [warn] sample 9 failed: 
  [76870/100000]  elapsed=17685s  rate=4.3/s  eta=5321s  finite=25607
  [76880/100000]  elapsed=17687s  rate=4.3/s  eta=5319s  finite=25608
  [76890/100000]  elapsed=17690s  rate=4.3/s  eta=5317s  finite=25610
  [76900/100000]  elapsed=17692s  rate=4.3/s  eta=5314s  finite=25613
  -> checkpoint saved: /scratch/e1498138/paper/ext/emri_g/lhs_f/ckpt_076900.pkl
  [76910/100000]  elapsed=17694s  rate=4.3/s  eta=5312s  finite=25617
  [76920/100000]  elapsed=17696s  rate=4.3/s  eta=5310s  finite=25619
  [76930/100000]  elapsed=17699s  rate=4.3/s  eta=5308s  finite=25623
  [76940/100000]  elapsed=17701s  rate=4.3/s  eta=5305s  finite=25626
  [76950/100000]  elapsed=17703s  rate=4.3/s  eta=5303s  finite=25630
  [warn] sample 0 failed: 
  [76960/100000]  elapsed=17706s  rate=4.3/s  eta=5301s  finite=25635
  [76970/100000]  elapsed=17708s  rate=4.3/s  eta=5298s  finite=25639
  [warn] sample 4 failed: This a (0.39618255), p0 (14.393115) and e0 (0.8972385) combination is outside of our domain of validity.
  [76980/100000]  elapsed=17710s  rate=4.3/s  eta=5296s  finite=25642
  [76990/100000]  elapsed=17712s  rate=4.3/s  eta=5294s  finite=25645
  [warn] sample 5 failed: 
  [77000/100000]  elapsed=17714s  rate=4.3/s  eta=5291s  finite=25645
  -> checkpoint saved: /scratch/e1498138/paper/ext/emri_g/lhs_f/ckpt_077000.pkl
  [warn] sample 1 failed: 
  [warn] sample 9 failed: 
  [77010/100000]  elapsed=17716s  rate=4.3/s  eta=5289s  finite=25647
  [77020/100000]  elapsed=17719s  rate=4.3/s  eta=5287s  finite=25650
  [warn] sample 2 failed: This a (0.6201979499999999), p0 (13.544745) and e0 (0.8986215000000001) combination is outside of our domain of validity.
  [77030/100000]  elapsed=17721s  rate=4.3/s  eta=5284s  finite=25652
  [77040/100000]  elapsed=17723s  rate=4.3/s  eta=5282s  finite=25655
  [77050/100000]  elapsed=17726s  rate=4.3/s  eta=5280s  finite=25657
  [77060/100000]  elapsed=17728s  rate=4.3/s  eta=5277s  finite=25662
  [77070/100000]  elapsed=17730s  rate=4.3/s  eta=5275s  finite=25665
  [77080/100000]  elapsed=17733s  rate=4.3/s  eta=5273s  finite=25668
  [77090/100000]  elapsed=17735s  rate=4.3/s  eta=5271s  finite=25671
  [77100/100000]  elapsed=17737s  rate=4.3/s  eta=5268s  finite=25675
  -> checkpoint saved: /scratch/e1498138/paper/ext/emri_g/lhs_f/ckpt_077100.pkl
  [77110/100000]  elapsed=17740s  rate=4.3/s  eta=5266s  finite=25676
  [77120/100000]  elapsed=17742s  rate=4.3/s  eta=5264s  finite=25680
  [77130/100000]  elapsed=17744s  rate=4.3/s  eta=5261s  finite=25683
  [77140/100000]  elapsed=17746s  rate=4.3/s  eta=5259s  finite=25683
  [77150/100000]  elapsed=17749s  rate=4.3/s  eta=5257s  finite=25685
  [warn] sample 6 failed: 
  [77160/100000]  elapsed=17751s  rate=4.3/s  eta=5254s  finite=25688
  [warn] sample 3 failed: 
  [77170/100000]  elapsed=17753s  rate=4.3/s  eta=5252s  finite=25692
  [warn] sample 6 failed: 
  [77180/100000]  elapsed=17755s  rate=4.3/s  eta=5250s  finite=25696
  [77190/100000]  elapsed=17758s  rate=4.3/s  eta=5247s  finite=25698
  [warn] sample 3 failed: 
  [77200/100000]  elapsed=17760s  rate=4.3/s  eta=5245s  finite=25702
  -> checkpoint saved: /scratch/e1498138/paper/ext/emri_g/lhs_f/ckpt_077200.pkl
  [warn] sample 0 failed: This a (0.41481255), p0 (13.857345) and e0 (0.8995005) combination is outside of our domain of validity.
  [77210/100000]  elapsed=17762s  rate=4.3/s  eta=5243s  finite=25707
  [warn] sample 7 failed: 
  [77220/100000]  elapsed=17764s  rate=4.3/s  eta=5241s  finite=25710
  [77230/100000]  elapsed=17767s  rate=4.3/s  eta=5238s  finite=25715
  [77240/100000]  elapsed=17769s  rate=4.3/s  eta=5236s  finite=25718
  [77250/100000]  elapsed=17771s  rate=4.3/s  eta=5234s  finite=25721
  [warn] sample 5 failed: This a (0.50696895), p0 (13.569585) and e0 (0.8905155) combination is outside of our domain of validity.
  [77260/100000]  elapsed=17774s  rate=4.3/s  eta=5231s  finite=25724
  [77270/100000]  elapsed=17776s  rate=4.3/s  eta=5229s  finite=25728
  [77280/100000]  elapsed=17778s  rate=4.3/s  eta=5227s  finite=25730
  [warn] sample 0 failed: 
  [77290/100000]  elapsed=17781s  rate=4.3/s  eta=5224s  finite=25733
  [77300/100000]  elapsed=17783s  rate=4.3/s  eta=5222s  finite=25736
  -> checkpoint saved: /scratch/e1498138/paper/ext/emri_g/lhs_f/ckpt_077300.pkl
  [77310/100000]  elapsed=17785s  rate=4.3/s  eta=5220s  finite=25740
  [warn] sample 8 failed: 
  [77320/100000]  elapsed=17788s  rate=4.3/s  eta=5218s  finite=25744
  [77330/100000]  elapsed=17790s  rate=4.3/s  eta=5215s  finite=25747
  [77340/100000]  elapsed=17792s  rate=4.3/s  eta=5213s  finite=25752
  [77350/100000]  elapsed=17795s  rate=4.3/s  eta=5211s  finite=25756
  [77360/100000]  elapsed=17797s  rate=4.3/s  eta=5208s  finite=25758
  [77370/100000]  elapsed=17799s  rate=4.3/s  eta=5206s  finite=25761
  [77380/100000]  elapsed=17802s  rate=4.3/s  eta=5204s  finite=25765
  [77390/100000]  elapsed=17804s  rate=4.3/s  eta=5202s  finite=25770
  [77400/100000]  elapsed=17807s  rate=4.3/s  eta=5199s  finite=25772
  -> checkpoint saved: /scratch/e1498138/paper/ext/emri_g/lhs_f/ckpt_077400.pkl
  [77410/100000]  elapsed=17809s  rate=4.3/s  eta=5197s  finite=25776
  [77420/100000]  elapsed=17811s  rate=4.3/s  eta=5195s  finite=25780
  [77430/100000]  elapsed=17814s  rate=4.3/s  eta=5193s  finite=25783
  [77440/100000]  elapsed=17816s  rate=4.3/s  eta=5190s  finite=25785
  [77450/100000]  elapsed=17819s  rate=4.3/s  eta=5188s  finite=25789
  [77460/100000]  elapsed=17821s  rate=4.3/s  eta=5186s  finite=25793
  [77470/100000]  elapsed=17823s  rate=4.3/s  eta=5183s  finite=25798
  [77480/100000]  elapsed=17826s  rate=4.3/s  eta=5181s  finite=25800
  [77490/100000]  elapsed=17828s  rate=4.3/s  eta=5179s  finite=25804
  [warn] sample 0 failed: 
  [77500/100000]  elapsed=17830s  rate=4.3/s  eta=5177s  finite=25806
  -> checkpoint saved: /scratch/e1498138/paper/ext/emri_g/lhs_f/ckpt_077500.pkl
  [77510/100000]  elapsed=17833s  rate=4.3/s  eta=5174s  finite=25809
  [77520/100000]  elapsed=17835s  rate=4.3/s  eta=5172s  finite=25812
  [77530/100000]  elapsed=17837s  rate=4.3/s  eta=5170s  finite=25814
  [77540/100000]  elapsed=17840s  rate=4.3/s  eta=5167s  finite=25818
  [77550/100000]  elapsed=17842s  rate=4.3/s  eta=5165s  finite=25823
  [77560/100000]  elapsed=17844s  rate=4.3/s  eta=5163s  finite=25823
  [warn] sample 7 failed: 
  [warn] sample 9 failed: This a (0.36475305), p0 (14.002095) and e0 (0.8968545000000001) combination is outside of our domain of validity.
  [77570/100000]  elapsed=17846s  rate=4.3/s  eta=5160s  finite=25826
  [warn] sample 0 failed: 
  [77580/100000]  elapsed=17848s  rate=4.3/s  eta=5158s  finite=25828
  [77590/100000]  elapsed=17851s  rate=4.3/s  eta=5156s  finite=25831
  [77600/100000]  elapsed=17853s  rate=4.3/s  eta=5153s  finite=25834
  -> checkpoint saved: /scratch/e1498138/paper/ext/emri_g/lhs_f/ckpt_077600.pkl
  [warn] sample 0 failed: 
  [77610/100000]  elapsed=17855s  rate=4.3/s  eta=5151s  finite=25838
  [77620/100000]  elapsed=17858s  rate=4.3/s  eta=5149s  finite=25842
  [77630/100000]  elapsed=17860s  rate=4.3/s  eta=5147s  finite=25846
  [77640/100000]  elapsed=17862s  rate=4.3/s  eta=5144s  finite=25849
  [77650/100000]  elapsed=17864s  rate=4.3/s  eta=5142s  finite=25851
  [77660/100000]  elapsed=17867s  rate=4.3/s  eta=5140s  finite=25853
  [77670/100000]  elapsed=17869s  rate=4.3/s  eta=5137s  finite=25856
  [warn] sample 0 failed: 
  [77680/100000]  elapsed=17871s  rate=4.3/s  eta=5135s  finite=25858
  [77690/100000]  elapsed=17874s  rate=4.3/s  eta=5133s  finite=25861
  [warn] sample 9 failed: 
  [77700/100000]  elapsed=17876s  rate=4.3/s  eta=5130s  finite=25864
  -> checkpoint saved: /scratch/e1498138/paper/ext/emri_g/lhs_f/ckpt_077700.pkl
  [77710/100000]  elapsed=17878s  rate=4.3/s  eta=5128s  finite=25869
  [77720/100000]  elapsed=17880s  rate=4.3/s  eta=5126s  finite=25871
  [77730/100000]  elapsed=17883s  rate=4.3/s  eta=5123s  finite=25873
  [77740/100000]  elapsed=17885s  rate=4.3/s  eta=5121s  finite=25878
  [warn] sample 3 failed: 
  [77750/100000]  elapsed=17887s  rate=4.3/s  eta=5119s  finite=25883
  [77760/100000]  elapsed=17890s  rate=4.3/s  eta=5117s  finite=25887
  [77770/100000]  elapsed=17892s  rate=4.3/s  eta=5114s  finite=25888
  [77780/100000]  elapsed=17894s  rate=4.3/s  eta=5112s  finite=25893
  [77790/100000]  elapsed=17896s  rate=4.3/s  eta=5110s  finite=25893
  [warn] sample 1 failed: This a (0.34546065), p0 (13.541265) and e0 (0.8969985) combination is outside of our domain of validity.
  [warn] sample 8 failed: 
  [77800/100000]  elapsed=17898s  rate=4.3/s  eta=5107s  finite=25896
  -> checkpoint saved: /scratch/e1498138/paper/ext/emri_g/lhs_f/ckpt_077800.pkl
  [77810/100000]  elapsed=17901s  rate=4.3/s  eta=5105s  finite=25899
  [77820/100000]  elapsed=17903s  rate=4.3/s  eta=5103s  finite=25902
  [77830/100000]  elapsed=17905s  rate=4.3/s  eta=5100s  finite=25902
  [77840/100000]  elapsed=17907s  rate=4.3/s  eta=5098s  finite=25907
  [warn] sample 1 failed: 
  [77850/100000]  elapsed=17910s  rate=4.3/s  eta=5096s  finite=25911
  [77860/100000]  elapsed=17912s  rate=4.3/s  eta=5093s  finite=25911
  [77870/100000]  elapsed=17914s  rate=4.3/s  eta=5091s  finite=25915
  [77880/100000]  elapsed=17916s  rate=4.3/s  eta=5089s  finite=25918
  [77890/100000]  elapsed=17919s  rate=4.3/s  eta=5086s  finite=25923
  [77900/100000]  elapsed=17921s  rate=4.3/s  eta=5084s  finite=25926
  -> checkpoint saved: /scratch/e1498138/paper/ext/emri_g/lhs_f/ckpt_077900.pkl
  [77910/100000]  elapsed=17923s  rate=4.3/s  eta=5082s  finite=25929
  [77920/100000]  elapsed=17926s  rate=4.3/s  eta=5080s  finite=25932
  [77930/100000]  elapsed=17928s  rate=4.3/s  eta=5077s  finite=25936
  [warn] sample 9 failed: 
  [77940/100000]  elapsed=17930s  rate=4.3/s  eta=5075s  finite=25937
  [warn] sample 6 failed: 
  [77950/100000]  elapsed=17933s  rate=4.3/s  eta=5073s  finite=25940
  [77960/100000]  elapsed=17935s  rate=4.3/s  eta=5070s  finite=25948
  [77970/100000]  elapsed=17937s  rate=4.3/s  eta=5068s  finite=25954
  [warn] sample 8 failed: This a (0.52689615), p0 (13.797135) and e0 (0.8971305) combination is outside of our domain of validity.
  [77980/100000]  elapsed=17939s  rate=4.3/s  eta=5066s  finite=25957
  [77990/100000]  elapsed=17942s  rate=4.3/s  eta=5063s  finite=25961
  [78000/100000]  elapsed=17944s  rate=4.3/s  eta=5061s  finite=25968
  -> checkpoint saved: /scratch/e1498138/paper/ext/emri_g/lhs_f/ckpt_078000.pkl
  [78010/100000]  elapsed=17946s  rate=4.3/s  eta=5059s  finite=25970
  [78020/100000]  elapsed=17949s  rate=4.3/s  eta=5057s  finite=25975
  [78030/100000]  elapsed=17951s  rate=4.3/s  eta=5054s  finite=25978
  [78040/100000]  elapsed=17953s  rate=4.3/s  eta=5052s  finite=25985
  [78050/100000]  elapsed=17956s  rate=4.3/s  eta=5050s  finite=25986
  [warn] sample 4 failed: 
  [78060/100000]  elapsed=17958s  rate=4.3/s  eta=5047s  finite=25989
  [78070/100000]  elapsed=17960s  rate=4.3/s  eta=5045s  finite=25991
  [78080/100000]  elapsed=17962s  rate=4.3/s  eta=5043s  finite=25994
  [78090/100000]  elapsed=17965s  rate=4.3/s  eta=5040s  finite=26001
  [78100/100000]  elapsed=17967s  rate=4.3/s  eta=5038s  finite=26003
  -> checkpoint saved: /scratch/e1498138/paper/ext/emri_g/lhs_f/ckpt_078100.pkl
  [warn] sample 3 failed: 
  [78110/100000]  elapsed=17969s  rate=4.3/s  eta=5036s  finite=26006
  [warn] sample 1 failed: 
  [warn] sample 7 failed: 
  [78120/100000]  elapsed=17971s  rate=4.3/s  eta=5033s  finite=26011
  [78130/100000]  elapsed=17974s  rate=4.3/s  eta=5031s  finite=26018
  [warn] sample 4 failed: 
  [78140/100000]  elapsed=17976s  rate=4.3/s  eta=5029s  finite=26020
  [78150/100000]  elapsed=17978s  rate=4.3/s  eta=5027s  finite=26023
  [warn] sample 8 failed: This a (0.43572645), p0 (13.550985) and e0 (0.8997465) combination is outside of our domain of validity.
  [78160/100000]  elapsed=17980s  rate=4.3/s  eta=5024s  finite=26027
  [78170/100000]  elapsed=17983s  rate=4.3/s  eta=5022s  finite=26029
  [78180/100000]  elapsed=17985s  rate=4.3/s  eta=5020s  finite=26034
  [78190/100000]  elapsed=17988s  rate=4.3/s  eta=5017s  finite=26042
  [78200/100000]  elapsed=17990s  rate=4.3/s  eta=5015s  finite=26047
  -> checkpoint saved: /scratch/e1498138/paper/ext/emri_g/lhs_f/ckpt_078200.pkl
  [78210/100000]  elapsed=17992s  rate=4.3/s  eta=5013s  finite=26049
  [78220/100000]  elapsed=17995s  rate=4.3/s  eta=5011s  finite=26051
  [78230/100000]  elapsed=17997s  rate=4.3/s  eta=5008s  finite=26054
  [78240/100000]  elapsed=17999s  rate=4.3/s  eta=5006s  finite=26059
  [warn] sample 5 failed: 
  [78250/100000]  elapsed=18002s  rate=4.3/s  eta=5004s  finite=26061
  [78260/100000]  elapsed=18004s  rate=4.3/s  eta=5001s  finite=26066
  [78270/100000]  elapsed=18006s  rate=4.3/s  eta=4999s  finite=26070
  [warn] sample 2 failed: 
  [warn] sample 5 failed: 
  [78280/100000]  elapsed=18008s  rate=4.3/s  eta=4997s  finite=26073
  [78290/100000]  elapsed=18011s  rate=4.3/s  eta=4994s  finite=26076
  [78300/100000]  elapsed=18013s  rate=4.3/s  eta=4992s  finite=26081
  -> checkpoint saved: /scratch/e1498138/paper/ext/emri_g/lhs_f/ckpt_078300.pkl
  [78310/100000]  elapsed=18015s  rate=4.3/s  eta=4990s  finite=26085
  [78320/100000]  elapsed=18017s  rate=4.3/s  eta=4987s  finite=26090
  [78330/100000]  elapsed=18020s  rate=4.3/s  eta=4985s  finite=26093
  [78340/100000]  elapsed=18022s  rate=4.3/s  eta=4983s  finite=26096
  [78350/100000]  elapsed=18024s  rate=4.3/s  eta=4981s  finite=26099
  [warn] sample 0 failed: 
  [78360/100000]  elapsed=18026s  rate=4.3/s  eta=4978s  finite=26102
  [78370/100000]  elapsed=18029s  rate=4.3/s  eta=4976s  finite=26110
  [78380/100000]  elapsed=18031s  rate=4.3/s  eta=4974s  finite=26114
  [78390/100000]  elapsed=18033s  rate=4.3/s  eta=4971s  finite=26115
  [78400/100000]  elapsed=18035s  rate=4.3/s  eta=4969s  finite=26117
  -> checkpoint saved: /scratch/e1498138/paper/ext/emri_g/lhs_f/ckpt_078400.pkl
  [78410/100000]  elapsed=18038s  rate=4.3/s  eta=4967s  finite=26119
  [78420/100000]  elapsed=18040s  rate=4.3/s  eta=4964s  finite=26125
  [78430/100000]  elapsed=18042s  rate=4.3/s  eta=4962s  finite=26130
  [78440/100000]  elapsed=18045s  rate=4.3/s  eta=4960s  finite=26135
  [78450/100000]  elapsed=18047s  rate=4.3/s  eta=4957s  finite=26138
  [78460/100000]  elapsed=18049s  rate=4.3/s  eta=4955s  finite=26142
  [78470/100000]  elapsed=18052s  rate=4.3/s  eta=4953s  finite=26146
  [78480/100000]  elapsed=18054s  rate=4.3/s  eta=4951s  finite=26150
  [warn] sample 4 failed: 
  [78490/100000]  elapsed=18056s  rate=4.3/s  eta=4948s  finite=26153
  [78500/100000]  elapsed=18059s  rate=4.3/s  eta=4946s  finite=26158
  -> checkpoint saved: /scratch/e1498138/paper/ext/emri_g/lhs_f/ckpt_078500.pkl
  [78510/100000]  elapsed=18061s  rate=4.3/s  eta=4944s  finite=26162
  [warn] sample 5 failed: 
  [78520/100000]  elapsed=18063s  rate=4.3/s  eta=4941s  finite=26163
  [78530/100000]  elapsed=18066s  rate=4.3/s  eta=4939s  finite=26170
  [78540/100000]  elapsed=18068s  rate=4.3/s  eta=4937s  finite=26171
  [78550/100000]  elapsed=18070s  rate=4.3/s  eta=4935s  finite=26173
  [warn] sample 5 failed: 
  [78560/100000]  elapsed=18072s  rate=4.3/s  eta=4932s  finite=26175
  [78570/100000]  elapsed=18075s  rate=4.3/s  eta=4930s  finite=26180
  [78580/100000]  elapsed=18077s  rate=4.3/s  eta=4928s  finite=26185
  [78590/100000]  elapsed=18080s  rate=4.3/s  eta=4925s  finite=26186
  [78600/100000]  elapsed=18082s  rate=4.3/s  eta=4923s  finite=26188
  -> checkpoint saved: /scratch/e1498138/paper/ext/emri_g/lhs_f/ckpt_078600.pkl
  [warn] sample 1 failed: 
  [78610/100000]  elapsed=18084s  rate=4.3/s  eta=4921s  finite=26189
  [78620/100000]  elapsed=18086s  rate=4.3/s  eta=4918s  finite=26193
  [warn] sample 5 failed: 
  [78630/100000]  elapsed=18089s  rate=4.3/s  eta=4916s  finite=26196
  [78640/100000]  elapsed=18091s  rate=4.3/s  eta=4914s  finite=26197
  [78650/100000]  elapsed=18093s  rate=4.3/s  eta=4912s  finite=26201
  [78660/100000]  elapsed=18096s  rate=4.3/s  eta=4909s  finite=26201
  [warn] sample 5 failed: 
  [78670/100000]  elapsed=18098s  rate=4.3/s  eta=4907s  finite=26205
  [warn] sample 9 failed: 
  [78680/100000]  elapsed=18100s  rate=4.3/s  eta=4905s  finite=26210
  [78690/100000]  elapsed=18102s  rate=4.3/s  eta=4902s  finite=26213
  [78700/100000]  elapsed=18104s  rate=4.3/s  eta=4900s  finite=26218
  -> checkpoint saved: /scratch/e1498138/paper/ext/emri_g/lhs_f/ckpt_078700.pkl
  [warn] sample 2 failed: 
  [78710/100000]  elapsed=18107s  rate=4.3/s  eta=4898s  finite=26219
  [78720/100000]  elapsed=18109s  rate=4.3/s  eta=4895s  finite=26223
  [78730/100000]  elapsed=18111s  rate=4.3/s  eta=4893s  finite=26224
  [78740/100000]  elapsed=18113s  rate=4.3/s  eta=4891s  finite=26227
  [78750/100000]  elapsed=18116s  rate=4.3/s  eta=4888s  finite=26231
  [78760/100000]  elapsed=18118s  rate=4.3/s  eta=4886s  finite=26234
  [warn] sample 3 failed: This a (0.41064495), p0 (13.891785) and e0 (0.8923005) combination is outside of our domain of validity.
  [78770/100000]  elapsed=18120s  rate=4.3/s  eta=4884s  finite=26235
  [78780/100000]  elapsed=18123s  rate=4.3/s  eta=4881s  finite=26236
  [78790/100000]  elapsed=18125s  rate=4.3/s  eta=4879s  finite=26238
  [78800/100000]  elapsed=18127s  rate=4.3/s  eta=4877s  finite=26243
  -> checkpoint saved: /scratch/e1498138/paper/ext/emri_g/lhs_f/ckpt_078800.pkl
  [warn] sample 6 failed: 
  [78810/100000]  elapsed=18130s  rate=4.3/s  eta=4875s  finite=26246
  [78820/100000]  elapsed=18132s  rate=4.3/s  eta=4872s  finite=26250
  [78830/100000]  elapsed=18134s  rate=4.3/s  eta=4870s  finite=26251
  [78840/100000]  elapsed=18137s  rate=4.3/s  eta=4868s  finite=26253
  [78850/100000]  elapsed=18139s  rate=4.3/s  eta=4865s  finite=26255
  [warn] sample 8 failed: 
  [78860/100000]  elapsed=18141s  rate=4.3/s  eta=4863s  finite=26257
  [78870/100000]  elapsed=18143s  rate=4.3/s  eta=4861s  finite=26259
  [78880/100000]  elapsed=18146s  rate=4.3/s  eta=4858s  finite=26261
  [78890/100000]  elapsed=18148s  rate=4.3/s  eta=4856s  finite=26263
  [78900/100000]  elapsed=18150s  rate=4.3/s  eta=4854s  finite=26265
  -> checkpoint saved: /scratch/e1498138/paper/ext/emri_g/lhs_f/ckpt_078900.pkl
  [warn] sample 4 failed: 
  [warn] sample 5 failed: This a (0.40624965), p0 (13.833435) and e0 (0.8960565) combination is outside of our domain of validity.
  [78910/100000]  elapsed=18152s  rate=4.3/s  eta=4852s  finite=26267
  [78920/100000]  elapsed=18155s  rate=4.3/s  eta=4849s  finite=26274
  [78930/100000]  elapsed=18157s  rate=4.3/s  eta=4847s  finite=26279
  [78940/100000]  elapsed=18159s  rate=4.3/s  eta=4845s  finite=26281
  [78950/100000]  elapsed=18162s  rate=4.3/s  eta=4842s  finite=26285
  [warn] sample 4 failed: This a (0.37800795), p0 (13.800405) and e0 (0.8868855) combination is outside of our domain of validity.
  [78960/100000]  elapsed=18164s  rate=4.3/s  eta=4840s  finite=26288
  [warn] sample 2 failed: This a (0.34796535), p0 (13.839345) and e0 (0.8871795) combination is outside of our domain of validity.
  [78970/100000]  elapsed=18166s  rate=4.3/s  eta=4838s  finite=26291
  [78980/100000]  elapsed=18169s  rate=4.3/s  eta=4835s  finite=26295
  [warn] sample 6 failed: 
  [78990/100000]  elapsed=18171s  rate=4.3/s  eta=4833s  finite=26299
  [79000/100000]  elapsed=18173s  rate=4.3/s  eta=4831s  finite=26299
  -> checkpoint saved: /scratch/e1498138/paper/ext/emri_g/lhs_f/ckpt_079000.pkl
  [79010/100000]  elapsed=18175s  rate=4.3/s  eta=4829s  finite=26302
  [79020/100000]  elapsed=18178s  rate=4.3/s  eta=4826s  finite=26305
  [79030/100000]  elapsed=18180s  rate=4.3/s  eta=4824s  finite=26309
  [79040/100000]  elapsed=18183s  rate=4.3/s  eta=4822s  finite=26312
  [79050/100000]  elapsed=18185s  rate=4.3/s  eta=4819s  finite=26314
  [79060/100000]  elapsed=18187s  rate=4.3/s  eta=4817s  finite=26315
  [79070/100000]  elapsed=18189s  rate=4.3/s  eta=4815s  finite=26317
  [79080/100000]  elapsed=18192s  rate=4.3/s  eta=4812s  finite=26322
  [79090/100000]  elapsed=18194s  rate=4.3/s  eta=4810s  finite=26325
  [79100/100000]  elapsed=18196s  rate=4.3/s  eta=4808s  finite=26327
  -> checkpoint saved: /scratch/e1498138/paper/ext/emri_g/lhs_f/ckpt_079100.pkl
  [79110/100000]  elapsed=18199s  rate=4.3/s  eta=4806s  finite=26332
  [79120/100000]  elapsed=18201s  rate=4.3/s  eta=4803s  finite=26335
  [79130/100000]  elapsed=18203s  rate=4.3/s  eta=4801s  finite=26339
  [79140/100000]  elapsed=18206s  rate=4.3/s  eta=4799s  finite=26341
  [79150/100000]  elapsed=18208s  rate=4.3/s  eta=4796s  finite=26344
  [79160/100000]  elapsed=18211s  rate=4.3/s  eta=4794s  finite=26349
  [warn] sample 7 failed: 
  [79170/100000]  elapsed=18213s  rate=4.3/s  eta=4792s  finite=26353
  [79180/100000]  elapsed=18215s  rate=4.3/s  eta=4790s  finite=26355
  [warn] sample 9 failed: 
  [79190/100000]  elapsed=18218s  rate=4.3/s  eta=4787s  finite=26359
  [warn] sample 8 failed: 
  [79200/100000]  elapsed=18220s  rate=4.3/s  eta=4785s  finite=26362
  -> checkpoint saved: /scratch/e1498138/paper/ext/emri_g/lhs_f/ckpt_079200.pkl
  [79210/100000]  elapsed=18222s  rate=4.3/s  eta=4783s  finite=26365
  [79220/100000]  elapsed=18224s  rate=4.3/s  eta=4780s  finite=26366
  [warn] sample 4 failed: 
  [79230/100000]  elapsed=18227s  rate=4.3/s  eta=4778s  finite=26368
  [79240/100000]  elapsed=18229s  rate=4.3/s  eta=4776s  finite=26371
  [79250/100000]  elapsed=18231s  rate=4.3/s  eta=4773s  finite=26375
  [79260/100000]  elapsed=18234s  rate=4.3/s  eta=4771s  finite=26380
  [79270/100000]  elapsed=18236s  rate=4.3/s  eta=4769s  finite=26382
  [79280/100000]  elapsed=18238s  rate=4.3/s  eta=4767s  finite=26387
  [warn] sample 0 failed: 
  [79290/100000]  elapsed=18241s  rate=4.3/s  eta=4764s  finite=26388
  [79300/100000]  elapsed=18243s  rate=4.3/s  eta=4762s  finite=26392
  -> checkpoint saved: /scratch/e1498138/paper/ext/emri_g/lhs_f/ckpt_079300.pkl
  [79310/100000]  elapsed=18245s  rate=4.3/s  eta=4760s  finite=26394
  [79320/100000]  elapsed=18248s  rate=4.3/s  eta=4757s  finite=26397
  [79330/100000]  elapsed=18250s  rate=4.3/s  eta=4755s  finite=26403
  [79340/100000]  elapsed=18252s  rate=4.3/s  eta=4753s  finite=26406
  [79350/100000]  elapsed=18255s  rate=4.3/s  eta=4751s  finite=26412
  [79360/100000]  elapsed=18257s  rate=4.3/s  eta=4748s  finite=26416
  [79370/100000]  elapsed=18259s  rate=4.3/s  eta=4746s  finite=26418
  [warn] sample 4 failed: 
  [79380/100000]  elapsed=18262s  rate=4.3/s  eta=4744s  finite=26422
  [79390/100000]  elapsed=18264s  rate=4.3/s  eta=4741s  finite=26429
  [79400/100000]  elapsed=18266s  rate=4.3/s  eta=4739s  finite=26432
  -> checkpoint saved: /scratch/e1498138/paper/ext/emri_g/lhs_f/ckpt_079400.pkl
  [79410/100000]  elapsed=18269s  rate=4.3/s  eta=4737s  finite=26435
  [79420/100000]  elapsed=18272s  rate=4.3/s  eta=4735s  finite=26438
  [warn] sample 3 failed: 
  [79430/100000]  elapsed=18274s  rate=4.3/s  eta=4732s  finite=26442
  [79440/100000]  elapsed=18276s  rate=4.3/s  eta=4730s  finite=26447
  [79450/100000]  elapsed=18278s  rate=4.3/s  eta=4728s  finite=26454
  [79460/100000]  elapsed=18281s  rate=4.3/s  eta=4726s  finite=26457
  [79470/100000]  elapsed=18283s  rate=4.3/s  eta=4723s  finite=26460
  [79480/100000]  elapsed=18285s  rate=4.3/s  eta=4721s  finite=26462
  [79490/100000]  elapsed=18288s  rate=4.3/s  eta=4719s  finite=26464
  [79500/100000]  elapsed=18290s  rate=4.3/s  eta=4716s  finite=26467
  -> checkpoint saved: /scratch/e1498138/paper/ext/emri_g/lhs_f/ckpt_079500.pkl
  [79510/100000]  elapsed=18293s  rate=4.3/s  eta=4714s  finite=26469
  [79520/100000]  elapsed=18295s  rate=4.3/s  eta=4712s  finite=26472
  [79530/100000]  elapsed=18297s  rate=4.3/s  eta=4709s  finite=26474
  [79540/100000]  elapsed=18299s  rate=4.3/s  eta=4707s  finite=26476
  [79550/100000]  elapsed=18302s  rate=4.3/s  eta=4705s  finite=26480
  [warn] sample 5 failed: 
  [79560/100000]  elapsed=18304s  rate=4.3/s  eta=4703s  finite=26484
  [79570/100000]  elapsed=18306s  rate=4.3/s  eta=4700s  finite=26487
  [79580/100000]  elapsed=18308s  rate=4.3/s  eta=4698s  finite=26489
  [79590/100000]  elapsed=18311s  rate=4.3/s  eta=4696s  finite=26493
  [79600/100000]  elapsed=18313s  rate=4.3/s  eta=4693s  finite=26496
  -> checkpoint saved: /scratch/e1498138/paper/ext/emri_g/lhs_f/ckpt_079600.pkl
  [warn] sample 1 failed: This a (0.60768825), p0 (13.712505) and e0 (0.8996325000000001) combination is outside of our domain of validity.
  [79610/100000]  elapsed=18315s  rate=4.3/s  eta=4691s  finite=26501
  [79620/100000]  elapsed=18318s  rate=4.3/s  eta=4689s  finite=26507
  [79630/100000]  elapsed=18320s  rate=4.3/s  eta=4686s  finite=26508
  [79640/100000]  elapsed=18322s  rate=4.3/s  eta=4684s  finite=26512
  [79650/100000]  elapsed=18325s  rate=4.3/s  eta=4682s  finite=26515
  [79660/100000]  elapsed=18327s  rate=4.3/s  eta=4679s  finite=26518
  [79670/100000]  elapsed=18329s  rate=4.3/s  eta=4677s  finite=26520
  [79680/100000]  elapsed=18332s  rate=4.3/s  eta=4675s  finite=26526
  [79690/100000]  elapsed=18334s  rate=4.3/s  eta=4673s  finite=26532
  [79700/100000]  elapsed=18336s  rate=4.3/s  eta=4670s  finite=26534
  -> checkpoint saved: /scratch/e1498138/paper/ext/emri_g/lhs_f/ckpt_079700.pkl
  [79710/100000]  elapsed=18339s  rate=4.3/s  eta=4668s  finite=26542
  [79720/100000]  elapsed=18341s  rate=4.3/s  eta=4666s  finite=26545
  [79730/100000]  elapsed=18343s  rate=4.3/s  eta=4663s  finite=26548
  [79740/100000]  elapsed=18345s  rate=4.3/s  eta=4661s  finite=26550
  [79750/100000]  elapsed=18348s  rate=4.3/s  eta=4659s  finite=26550
  [79760/100000]  elapsed=18350s  rate=4.3/s  eta=4656s  finite=26551
  [warn] sample 9 failed: 
  [79770/100000]  elapsed=18352s  rate=4.3/s  eta=4654s  finite=26554
  [79780/100000]  elapsed=18354s  rate=4.3/s  eta=4652s  finite=26555
  [79790/100000]  elapsed=18356s  rate=4.3/s  eta=4649s  finite=26559
  [79800/100000]  elapsed=18359s  rate=4.3/s  eta=4647s  finite=26563
  -> checkpoint saved: /scratch/e1498138/paper/ext/emri_g/lhs_f/ckpt_079800.pkl
  [warn] sample 3 failed: 
  [79810/100000]  elapsed=18361s  rate=4.3/s  eta=4645s  finite=26568
  [79820/100000]  elapsed=18363s  rate=4.3/s  eta=4643s  finite=26572
  [warn] sample 5 failed: This a (0.43821735), p0 (13.918485) and e0 (0.8966475) combination is outside of our domain of validity.
  [79830/100000]  elapsed=18365s  rate=4.3/s  eta=4640s  finite=26575
  [79840/100000]  elapsed=18367s  rate=4.3/s  eta=4638s  finite=26577
  [79850/100000]  elapsed=18370s  rate=4.3/s  eta=4636s  finite=26580
  [warn] sample 9 failed: 
  [79860/100000]  elapsed=18372s  rate=4.3/s  eta=4633s  finite=26581
  [79870/100000]  elapsed=18374s  rate=4.3/s  eta=4631s  finite=26586
  [79880/100000]  elapsed=18376s  rate=4.3/s  eta=4629s  finite=26589
  [79890/100000]  elapsed=18379s  rate=4.3/s  eta=4626s  finite=26590
  [79900/100000]  elapsed=18381s  rate=4.3/s  eta=4624s  finite=26595
  -> checkpoint saved: /scratch/e1498138/paper/ext/emri_g/lhs_f/ckpt_079900.pkl
  [79910/100000]  elapsed=18383s  rate=4.3/s  eta=4622s  finite=26600
  [79920/100000]  elapsed=18386s  rate=4.3/s  eta=4619s  finite=26604
  [79930/100000]  elapsed=18388s  rate=4.3/s  eta=4617s  finite=26605
  [79940/100000]  elapsed=18390s  rate=4.3/s  eta=4615s  finite=26611
  [79950/100000]  elapsed=18393s  rate=4.3/s  eta=4613s  finite=26612
  [79960/100000]  elapsed=18395s  rate=4.3/s  eta=4610s  finite=26615
  [79970/100000]  elapsed=18397s  rate=4.3/s  eta=4608s  finite=26619
  [warn] sample 6 failed: 
  [79980/100000]  elapsed=18399s  rate=4.3/s  eta=4606s  finite=26621
  [warn] sample 5 failed: 
  [79990/100000]  elapsed=18401s  rate=4.3/s  eta=4603s  finite=26624
  [80000/100000]  elapsed=18404s  rate=4.3/s  eta=4601s  finite=26629
  -> checkpoint saved: /scratch/e1498138/paper/ext/emri_g/lhs_f/ckpt_080000.pkl
  [80010/100000]  elapsed=18406s  rate=4.3/s  eta=4599s  finite=26631
  [80020/100000]  elapsed=18409s  rate=4.3/s  eta=4596s  finite=26637
  [80030/100000]  elapsed=18411s  rate=4.3/s  eta=4594s  finite=26638
  [80040/100000]  elapsed=18413s  rate=4.3/s  eta=4592s  finite=26640
  [80050/100000]  elapsed=18415s  rate=4.3/s  eta=4589s  finite=26641
  [80060/100000]  elapsed=18418s  rate=4.3/s  eta=4587s  finite=26644
  [80070/100000]  elapsed=18420s  rate=4.3/s  eta=4585s  finite=26645
  [80080/100000]  elapsed=18422s  rate=4.3/s  eta=4583s  finite=26646
  [80090/100000]  elapsed=18425s  rate=4.3/s  eta=4580s  finite=26649
  [80100/100000]  elapsed=18427s  rate=4.3/s  eta=4578s  finite=26650
  -> checkpoint saved: /scratch/e1498138/paper/ext/emri_g/lhs_f/ckpt_080100.pkl
  [80110/100000]  elapsed=18429s  rate=4.3/s  eta=4576s  finite=26654
  [80120/100000]  elapsed=18431s  rate=4.3/s  eta=4573s  finite=26659
  [80130/100000]  elapsed=18434s  rate=4.3/s  eta=4571s  finite=26661
  [80140/100000]  elapsed=18436s  rate=4.3/s  eta=4569s  finite=26664
  [80150/100000]  elapsed=18438s  rate=4.3/s  eta=4566s  finite=26668
  [80160/100000]  elapsed=18440s  rate=4.3/s  eta=4564s  finite=26669
  [80170/100000]  elapsed=18443s  rate=4.3/s  eta=4562s  finite=26674
  [80180/100000]  elapsed=18445s  rate=4.3/s  eta=4559s  finite=26677
  [80190/100000]  elapsed=18447s  rate=4.3/s  eta=4557s  finite=26681
  [warn] sample 2 failed: 
  [80200/100000]  elapsed=18449s  rate=4.3/s  eta=4555s  finite=26682
  -> checkpoint saved: /scratch/e1498138/paper/ext/emri_g/lhs_f/ckpt_080200.pkl
  [80210/100000]  elapsed=18452s  rate=4.3/s  eta=4553s  finite=26685
  [warn] sample 1 failed: This a (0.64091175), p0 (13.677825) and e0 (0.8966595) combination is outside of our domain of validity.
  [80220/100000]  elapsed=18454s  rate=4.3/s  eta=4550s  finite=26687
  [warn] sample 0 failed: 
  [80230/100000]  elapsed=18456s  rate=4.3/s  eta=4548s  finite=26690
  [80240/100000]  elapsed=18458s  rate=4.3/s  eta=4546s  finite=26694
  [warn] sample 2 failed: 
  [warn] sample 7 failed: 
  [80250/100000]  elapsed=18460s  rate=4.3/s  eta=4543s  finite=26696
  [80260/100000]  elapsed=18463s  rate=4.3/s  eta=4541s  finite=26698
  [80270/100000]  elapsed=18465s  rate=4.3/s  eta=4539s  finite=26699
  [80280/100000]  elapsed=18467s  rate=4.3/s  eta=4536s  finite=26702
  [80290/100000]  elapsed=18469s  rate=4.3/s  eta=4534s  finite=26705
  [80300/100000]  elapsed=18472s  rate=4.3/s  eta=4532s  finite=26709
  -> checkpoint saved: /scratch/e1498138/paper/ext/emri_g/lhs_f/ckpt_080300.pkl
  [80310/100000]  elapsed=18474s  rate=4.3/s  eta=4529s  finite=26714
  [80320/100000]  elapsed=18477s  rate=4.3/s  eta=4527s  finite=26719
  [warn] sample 2 failed: 
  [80330/100000]  elapsed=18479s  rate=4.3/s  eta=4525s  finite=26723
  [80340/100000]  elapsed=18481s  rate=4.3/s  eta=4523s  finite=26727
  [80350/100000]  elapsed=18484s  rate=4.3/s  eta=4520s  finite=26730
  [80360/100000]  elapsed=18486s  rate=4.3/s  eta=4518s  finite=26734
  [warn] sample 8 failed: 
  [80370/100000]  elapsed=18488s  rate=4.3/s  eta=4516s  finite=26739
  [80380/100000]  elapsed=18491s  rate=4.3/s  eta=4513s  finite=26742
  [80390/100000]  elapsed=18493s  rate=4.3/s  eta=4511s  finite=26748
  [80400/100000]  elapsed=18495s  rate=4.3/s  eta=4509s  finite=26751
  -> checkpoint saved: /scratch/e1498138/paper/ext/emri_g/lhs_f/ckpt_080400.pkl
  [80410/100000]  elapsed=18498s  rate=4.3/s  eta=4506s  finite=26754
  [80420/100000]  elapsed=18500s  rate=4.3/s  eta=4504s  finite=26760
  [80430/100000]  elapsed=18502s  rate=4.3/s  eta=4502s  finite=26764
  [warn] sample 6 failed: 
  [80440/100000]  elapsed=18504s  rate=4.3/s  eta=4500s  finite=26765
  [80450/100000]  elapsed=18507s  rate=4.3/s  eta=4497s  finite=26767
  [warn] sample 5 failed: 
  [80460/100000]  elapsed=18509s  rate=4.3/s  eta=4495s  finite=26770
  [80470/100000]  elapsed=18511s  rate=4.3/s  eta=4493s  finite=26773
  [80480/100000]  elapsed=18514s  rate=4.3/s  eta=4490s  finite=26776
  [80490/100000]  elapsed=18516s  rate=4.3/s  eta=4488s  finite=26781
  [80500/100000]  elapsed=18518s  rate=4.3/s  eta=4486s  finite=26784
  -> checkpoint saved: /scratch/e1498138/paper/ext/emri_g/lhs_f/ckpt_080500.pkl
  [warn] sample 7 failed: 
  [80510/100000]  elapsed=18521s  rate=4.3/s  eta=4483s  finite=26788
  [80520/100000]  elapsed=18523s  rate=4.3/s  eta=4481s  finite=26790
  [80530/100000]  elapsed=18525s  rate=4.3/s  eta=4479s  finite=26793
  [80540/100000]  elapsed=18528s  rate=4.3/s  eta=4477s  finite=26796
  [80550/100000]  elapsed=18530s  rate=4.3/s  eta=4474s  finite=26800
  [80560/100000]  elapsed=18532s  rate=4.3/s  eta=4472s  finite=26803
  [80570/100000]  elapsed=18535s  rate=4.3/s  eta=4470s  finite=26806
  [80580/100000]  elapsed=18537s  rate=4.3/s  eta=4467s  finite=26810
  [80590/100000]  elapsed=18539s  rate=4.3/s  eta=4465s  finite=26816
  [80600/100000]  elapsed=18542s  rate=4.3/s  eta=4463s  finite=26821
  -> checkpoint saved: /scratch/e1498138/paper/ext/emri_g/lhs_f/ckpt_080600.pkl
  [warn] sample 8 failed: This a (0.37023855), p0 (13.930635) and e0 (0.8941725) combination is outside of our domain of validity.
  [80610/100000]  elapsed=18544s  rate=4.3/s  eta=4461s  finite=26826
  [warn] sample 9 failed: 
  [80620/100000]  elapsed=18546s  rate=4.3/s  eta=4458s  finite=26828
  [80630/100000]  elapsed=18548s  rate=4.3/s  eta=4456s  finite=26832
  [warn] sample 6 failed: 
  [80640/100000]  elapsed=18550s  rate=4.3/s  eta=4454s  finite=26837
  [80650/100000]  elapsed=18553s  rate=4.3/s  eta=4451s  finite=26840
  [80660/100000]  elapsed=18555s  rate=4.3/s  eta=4449s  finite=26840
  [warn] sample 7 failed: 
  [80670/100000]  elapsed=18557s  rate=4.3/s  eta=4447s  finite=26843
  [80680/100000]  elapsed=18560s  rate=4.3/s  eta=4444s  finite=26845
  [80690/100000]  elapsed=18562s  rate=4.3/s  eta=4442s  finite=26849
  [80700/100000]  elapsed=18564s  rate=4.3/s  eta=4440s  finite=26852
  -> checkpoint saved: /scratch/e1498138/paper/ext/emri_g/lhs_f/ckpt_080700.pkl
  [warn] sample 1 failed: 
  [warn] sample 7 failed: 
  [80710/100000]  elapsed=18566s  rate=4.3/s  eta=4437s  finite=26855
  [warn] sample 6 failed: This a (0.32732055), p0 (13.852905) and e0 (0.8941035) combination is outside of our domain of validity.
  [80720/100000]  elapsed=18568s  rate=4.3/s  eta=4435s  finite=26856
  [80730/100000]  elapsed=18571s  rate=4.3/s  eta=4433s  finite=26859
  [80740/100000]  elapsed=18573s  rate=4.3/s  eta=4431s  finite=26861
  [80750/100000]  elapsed=18576s  rate=4.3/s  eta=4428s  finite=26865
  [80760/100000]  elapsed=18578s  rate=4.3/s  eta=4426s  finite=26867
  [80770/100000]  elapsed=18580s  rate=4.3/s  eta=4424s  finite=26873
  [80780/100000]  elapsed=18583s  rate=4.3/s  eta=4421s  finite=26876
  [80790/100000]  elapsed=18585s  rate=4.3/s  eta=4419s  finite=26878
  [80800/100000]  elapsed=18587s  rate=4.3/s  eta=4417s  finite=26881
  -> checkpoint saved: /scratch/e1498138/paper/ext/emri_g/lhs_f/ckpt_080800.pkl
  [80810/100000]  elapsed=18590s  rate=4.3/s  eta=4415s  finite=26886
  [80820/100000]  elapsed=18592s  rate=4.3/s  eta=4412s  finite=26888
  [80830/100000]  elapsed=18594s  rate=4.3/s  eta=4410s  finite=26892
  [80840/100000]  elapsed=18597s  rate=4.3/s  eta=4408s  finite=26895
  [80850/100000]  elapsed=18599s  rate=4.3/s  eta=4405s  finite=26896
  [warn] sample 5 failed: 
  [80860/100000]  elapsed=18601s  rate=4.3/s  eta=4403s  finite=26898
  [warn] sample 5 failed: 
  [80870/100000]  elapsed=18604s  rate=4.3/s  eta=4401s  finite=26902
  [80880/100000]  elapsed=18606s  rate=4.3/s  eta=4398s  finite=26904
  [80890/100000]  elapsed=18608s  rate=4.3/s  eta=4396s  finite=26909
  [80900/100000]  elapsed=18611s  rate=4.3/s  eta=4394s  finite=26913
  -> checkpoint saved: /scratch/e1498138/paper/ext/emri_g/lhs_f/ckpt_080900.pkl
  [80910/100000]  elapsed=18613s  rate=4.3/s  eta=4392s  finite=26916
  [80920/100000]  elapsed=18615s  rate=4.3/s  eta=4389s  finite=26920
  [80930/100000]  elapsed=18618s  rate=4.3/s  eta=4387s  finite=26921
  [80940/100000]  elapsed=18620s  rate=4.3/s  eta=4385s  finite=26925
  [80950/100000]  elapsed=18623s  rate=4.3/s  eta=4382s  finite=26930
  [warn] sample 0 failed: This a (0.48244635), p0 (13.507665) and e0 (0.8962995) combination is outside of our domain of validity.
  [80960/100000]  elapsed=18625s  rate=4.3/s  eta=4380s  finite=26933
  [80970/100000]  elapsed=18627s  rate=4.3/s  eta=4378s  finite=26936
  [80980/100000]  elapsed=18630s  rate=4.3/s  eta=4376s  finite=26941
  [80990/100000]  elapsed=18632s  rate=4.3/s  eta=4373s  finite=26947
  [81000/100000]  elapsed=18634s  rate=4.3/s  eta=4371s  finite=26951
  -> checkpoint saved: /scratch/e1498138/paper/ext/emri_g/lhs_f/ckpt_081000.pkl
  [81010/100000]  elapsed=18637s  rate=4.3/s  eta=4369s  finite=26951
  [81020/100000]  elapsed=18639s  rate=4.3/s  eta=4366s  finite=26954
  [warn] sample 0 failed: 
  [81030/100000]  elapsed=18641s  rate=4.3/s  eta=4364s  finite=26959
  [81040/100000]  elapsed=18644s  rate=4.3/s  eta=4362s  finite=26962
  [81050/100000]  elapsed=18646s  rate=4.3/s  eta=4360s  finite=26966
  [81060/100000]  elapsed=18648s  rate=4.3/s  eta=4357s  finite=26970
  [81070/100000]  elapsed=18651s  rate=4.3/s  eta=4355s  finite=26974
  [81080/100000]  elapsed=18653s  rate=4.3/s  eta=4353s  finite=26977
  [81090/100000]  elapsed=18655s  rate=4.3/s  eta=4350s  finite=26983
  [81100/100000]  elapsed=18658s  rate=4.3/s  eta=4348s  finite=26988
  -> checkpoint saved: /scratch/e1498138/paper/ext/emri_g/lhs_f/ckpt_081100.pkl
  [81110/100000]  elapsed=18660s  rate=4.3/s  eta=4346s  finite=26992
  [81120/100000]  elapsed=18662s  rate=4.3/s  eta=4344s  finite=26995
  [warn] sample 2 failed: 
  [81130/100000]  elapsed=18665s  rate=4.3/s  eta=4341s  finite=26997
  [81140/100000]  elapsed=18667s  rate=4.3/s  eta=4339s  finite=27002
  [81150/100000]  elapsed=18670s  rate=4.3/s  eta=4337s  finite=27004
  [81160/100000]  elapsed=18672s  rate=4.3/s  eta=4334s  finite=27008
  [81170/100000]  elapsed=18674s  rate=4.3/s  eta=4332s  finite=27013
  [81180/100000]  elapsed=18676s  rate=4.3/s  eta=4330s  finite=27018
  [81190/100000]  elapsed=18679s  rate=4.3/s  eta=4327s  finite=27025
  [81200/100000]  elapsed=18681s  rate=4.3/s  eta=4325s  finite=27031
  -> checkpoint saved: /scratch/e1498138/paper/ext/emri_g/lhs_f/ckpt_081200.pkl
  [81210/100000]  elapsed=18684s  rate=4.3/s  eta=4323s  finite=27034
  [81220/100000]  elapsed=18686s  rate=4.3/s  eta=4321s  finite=27038
  [81230/100000]  elapsed=18688s  rate=4.3/s  eta=4318s  finite=27042
  [warn] sample 0 failed: 
  [81240/100000]  elapsed=18690s  rate=4.3/s  eta=4316s  finite=27045
  [warn] sample 7 failed: 
  [81250/100000]  elapsed=18693s  rate=4.3/s  eta=4314s  finite=27051
  [81260/100000]  elapsed=18695s  rate=4.3/s  eta=4311s  finite=27054
  [81270/100000]  elapsed=18697s  rate=4.3/s  eta=4309s  finite=27060
  [warn] sample 0 failed: 
  [81280/100000]  elapsed=18699s  rate=4.3/s  eta=4307s  finite=27062
  [warn] sample 6 failed: 
  [81290/100000]  elapsed=18701s  rate=4.3/s  eta=4304s  finite=27062
  [81300/100000]  elapsed=18704s  rate=4.3/s  eta=4302s  finite=27066
  -> checkpoint saved: /scratch/e1498138/paper/ext/emri_g/lhs_f/ckpt_081300.pkl
  [warn] sample 2 failed: 
  [81310/100000]  elapsed=18706s  rate=4.3/s  eta=4300s  finite=27069
  [81320/100000]  elapsed=18708s  rate=4.3/s  eta=4297s  finite=27072
  [warn] sample 8 failed: This a (0.57149775), p0 (13.990725) and e0 (0.8991285) combination is outside of our domain of validity.
  [81330/100000]  elapsed=18710s  rate=4.3/s  eta=4295s  finite=27076
  [81340/100000]  elapsed=18712s  rate=4.3/s  eta=4293s  finite=27079
  [81350/100000]  elapsed=18715s  rate=4.3/s  eta=4291s  finite=27083
  [warn] sample 3 failed: 
  [81360/100000]  elapsed=18717s  rate=4.3/s  eta=4288s  finite=27086
  [81370/100000]  elapsed=18719s  rate=4.3/s  eta=4286s  finite=27088
  [81380/100000]  elapsed=18722s  rate=4.3/s  eta=4284s  finite=27093
  [81390/100000]  elapsed=18724s  rate=4.3/s  eta=4281s  finite=27095
  [81400/100000]  elapsed=18726s  rate=4.3/s  eta=4279s  finite=27098
  -> checkpoint saved: /scratch/e1498138/paper/ext/emri_g/lhs_f/ckpt_081400.pkl
  [81410/100000]  elapsed=18729s  rate=4.3/s  eta=4277s  finite=27101
  [81420/100000]  elapsed=18731s  rate=4.3/s  eta=4274s  finite=27103
  [81430/100000]  elapsed=18733s  rate=4.3/s  eta=4272s  finite=27108
  [81440/100000]  elapsed=18736s  rate=4.3/s  eta=4270s  finite=27111
  [81450/100000]  elapsed=18738s  rate=4.3/s  eta=4267s  finite=27117
  [81460/100000]  elapsed=18740s  rate=4.3/s  eta=4265s  finite=27121
  [81470/100000]  elapsed=18743s  rate=4.3/s  eta=4263s  finite=27124
  [warn] sample 9 failed: 
  [81480/100000]  elapsed=18745s  rate=4.3/s  eta=4261s  finite=27126
  [81490/100000]  elapsed=18747s  rate=4.3/s  eta=4258s  finite=27129
  [81500/100000]  elapsed=18750s  rate=4.3/s  eta=4256s  finite=27133
  -> checkpoint saved: /scratch/e1498138/paper/ext/emri_g/lhs_f/ckpt_081500.pkl
  [81510/100000]  elapsed=18752s  rate=4.3/s  eta=4254s  finite=27136
  [warn] sample 7 failed: This a (0.30764864999999997), p0 (14.142045) and e0 (0.8958465) combination is outside of our domain of validity.
  [81520/100000]  elapsed=18754s  rate=4.3/s  eta=4251s  finite=27138
  [warn] sample 3 failed: 
  [81530/100000]  elapsed=18756s  rate=4.3/s  eta=4249s  finite=27140
  [81540/100000]  elapsed=18759s  rate=4.3/s  eta=4247s  finite=27142
  [81550/100000]  elapsed=18761s  rate=4.3/s  eta=4244s  finite=27144
  [warn] sample 5 failed: 
  [81560/100000]  elapsed=18763s  rate=4.3/s  eta=4242s  finite=27148
  [81570/100000]  elapsed=18765s  rate=4.3/s  eta=4240s  finite=27149
  [warn] sample 6 failed: 
  [81580/100000]  elapsed=18768s  rate=4.3/s  eta=4238s  finite=27152
  [81590/100000]  elapsed=18770s  rate=4.3/s  eta=4235s  finite=27154
  [81600/100000]  elapsed=18772s  rate=4.3/s  eta=4233s  finite=27157
  -> checkpoint saved: /scratch/e1498138/paper/ext/emri_g/lhs_f/ckpt_081600.pkl
  [81610/100000]  elapsed=18774s  rate=4.3/s  eta=4231s  finite=27157
  [81620/100000]  elapsed=18777s  rate=4.3/s  eta=4228s  finite=27161
  [81630/100000]  elapsed=18779s  rate=4.3/s  eta=4226s  finite=27163
  [81640/100000]  elapsed=18782s  rate=4.3/s  eta=4224s  finite=27165
  [81650/100000]  elapsed=18784s  rate=4.3/s  eta=4221s  finite=27167
  [81660/100000]  elapsed=18786s  rate=4.3/s  eta=4219s  finite=27170
  [81670/100000]  elapsed=18789s  rate=4.3/s  eta=4217s  finite=27175
  [81680/100000]  elapsed=18791s  rate=4.3/s  eta=4215s  finite=27178
  [warn] sample 4 failed: This a (0.45284535), p0 (13.759695) and e0 (0.8902335000000001) combination is outside of our domain of validity.
  [81690/100000]  elapsed=18793s  rate=4.3/s  eta=4212s  finite=27183
  [81700/100000]  elapsed=18795s  rate=4.3/s  eta=4210s  finite=27188
  -> checkpoint saved: /scratch/e1498138/paper/ext/emri_g/lhs_f/ckpt_081700.pkl
  [81710/100000]  elapsed=18798s  rate=4.3/s  eta=4208s  finite=27190
  [warn] sample 9 failed: This a (0.33298545), p0 (15.017505) and e0 (0.8997225000000001) combination is outside of our domain of validity.
  [81720/100000]  elapsed=18800s  rate=4.3/s  eta=4205s  finite=27194
  [81730/100000]  elapsed=18803s  rate=4.3/s  eta=4203s  finite=27200
  [warn] sample 7 failed: 
  [81740/100000]  elapsed=18805s  rate=4.3/s  eta=4201s  finite=27204
  [81750/100000]  elapsed=18807s  rate=4.3/s  eta=4198s  finite=27208
  [81760/100000]  elapsed=18809s  rate=4.3/s  eta=4196s  finite=27213
  [warn] sample 4 failed: This a (0.42930945), p0 (13.980345) and e0 (0.8915565000000001) combination is outside of our domain of validity.
  [81770/100000]  elapsed=18812s  rate=4.3/s  eta=4194s  finite=27219
  [81780/100000]  elapsed=18814s  rate=4.3/s  eta=4192s  finite=27223
  [81790/100000]  elapsed=18816s  rate=4.3/s  eta=4189s  finite=27227
  [81800/100000]  elapsed=18819s  rate=4.3/s  eta=4187s  finite=27231
  -> checkpoint saved: /scratch/e1498138/paper/ext/emri_g/lhs_f/ckpt_081800.pkl
  [81810/100000]  elapsed=18821s  rate=4.3/s  eta=4185s  finite=27233
  [81820/100000]  elapsed=18823s  rate=4.3/s  eta=4182s  finite=27238
  [81830/100000]  elapsed=18826s  rate=4.3/s  eta=4180s  finite=27242
  [warn] sample 4 failed: 
  [warn] sample 7 failed: 
  [81840/100000]  elapsed=18828s  rate=4.3/s  eta=4178s  finite=27245
  [81850/100000]  elapsed=18830s  rate=4.3/s  eta=4175s  finite=27246
  [warn] sample 3 failed: 
  [81860/100000]  elapsed=18832s  rate=4.3/s  eta=4173s  finite=27248
  [warn] sample 0 failed: 
  [81870/100000]  elapsed=18834s  rate=4.3/s  eta=4171s  finite=27250
  [warn] sample 9 failed: This a (0.40580115), p0 (14.658315) and e0 (0.8989245) combination is outside of our domain of validity.
  [81880/100000]  elapsed=18836s  rate=4.3/s  eta=4168s  finite=27252
  [81890/100000]  elapsed=18839s  rate=4.3/s  eta=4166s  finite=27256
  [81900/100000]  elapsed=18841s  rate=4.3/s  eta=4164s  finite=27260
  -> checkpoint saved: /scratch/e1498138/paper/ext/emri_g/lhs_f/ckpt_081900.pkl
  [81910/100000]  elapsed=18843s  rate=4.3/s  eta=4162s  finite=27264
  [warn] sample 2 failed: 
  [81920/100000]  elapsed=18845s  rate=4.3/s  eta=4159s  finite=27265
  [81930/100000]  elapsed=18848s  rate=4.3/s  eta=4157s  finite=27272
  [81940/100000]  elapsed=18850s  rate=4.3/s  eta=4155s  finite=27276
  [81950/100000]  elapsed=18852s  rate=4.3/s  eta=4152s  finite=27279
  [warn] sample 8 failed: 
  [81960/100000]  elapsed=18855s  rate=4.3/s  eta=4150s  finite=27284
  [81970/100000]  elapsed=18857s  rate=4.3/s  eta=4148s  finite=27289
  [81980/100000]  elapsed=18859s  rate=4.3/s  eta=4145s  finite=27293
  [warn] sample 8 failed: 
  [81990/100000]  elapsed=18861s  rate=4.3/s  eta=4143s  finite=27295
  [warn] sample 6 failed: 
  [82000/100000]  elapsed=18864s  rate=4.3/s  eta=4141s  finite=27297
  -> checkpoint saved: /scratch/e1498138/paper/ext/emri_g/lhs_f/ckpt_082000.pkl
  [82010/100000]  elapsed=18866s  rate=4.3/s  eta=4138s  finite=27299
  [82020/100000]  elapsed=18868s  rate=4.3/s  eta=4136s  finite=27303
  [82030/100000]  elapsed=18871s  rate=4.3/s  eta=4134s  finite=27308
  [82040/100000]  elapsed=18873s  rate=4.3/s  eta=4132s  finite=27313
  [82050/100000]  elapsed=18875s  rate=4.3/s  eta=4129s  finite=27316
  [warn] sample 3 failed: 
  [82060/100000]  elapsed=18877s  rate=4.3/s  eta=4127s  finite=27318
  [82070/100000]  elapsed=18880s  rate=4.3/s  eta=4125s  finite=27319
  [82080/100000]  elapsed=18882s  rate=4.3/s  eta=4122s  finite=27323
  [warn] sample 0 failed: 
  [82090/100000]  elapsed=18884s  rate=4.3/s  eta=4120s  finite=27328
  [82100/100000]  elapsed=18886s  rate=4.3/s  eta=4118s  finite=27332
  -> checkpoint saved: /scratch/e1498138/paper/ext/emri_g/lhs_f/ckpt_082100.pkl
  [82110/100000]  elapsed=18889s  rate=4.3/s  eta=4115s  finite=27334
  [82120/100000]  elapsed=18891s  rate=4.3/s  eta=4113s  finite=27338
  [warn] sample 8 failed: 
  [82130/100000]  elapsed=18893s  rate=4.3/s  eta=4111s  finite=27341
  [82140/100000]  elapsed=18896s  rate=4.3/s  eta=4109s  finite=27346
  [82150/100000]  elapsed=18898s  rate=4.3/s  eta=4106s  finite=27349
  [82160/100000]  elapsed=18900s  rate=4.3/s  eta=4104s  finite=27352
  [82170/100000]  elapsed=18903s  rate=4.3/s  eta=4102s  finite=27357
  [82180/100000]  elapsed=18905s  rate=4.3/s  eta=4099s  finite=27361
  [82190/100000]  elapsed=18907s  rate=4.3/s  eta=4097s  finite=27363
  [warn] sample 8 failed: 
  [82200/100000]  elapsed=18909s  rate=4.3/s  eta=4095s  finite=27365
  -> checkpoint saved: /scratch/e1498138/paper/ext/emri_g/lhs_f/ckpt_082200.pkl
  [82210/100000]  elapsed=18912s  rate=4.3/s  eta=4092s  finite=27371
  [82220/100000]  elapsed=18914s  rate=4.3/s  eta=4090s  finite=27373
  [warn] sample 6 failed: 
  [82230/100000]  elapsed=18916s  rate=4.3/s  eta=4088s  finite=27378
  [82240/100000]  elapsed=18919s  rate=4.3/s  eta=4086s  finite=27383
  [warn] sample 0 failed: This a (0.62248875), p0 (13.871355) and e0 (0.8997525000000001) combination is outside of our domain of validity.
  [82250/100000]  elapsed=18921s  rate=4.3/s  eta=4083s  finite=27384
  [82260/100000]  elapsed=18923s  rate=4.3/s  eta=4081s  finite=27386
  [82270/100000]  elapsed=18925s  rate=4.3/s  eta=4079s  finite=27390
  [82280/100000]  elapsed=18928s  rate=4.3/s  eta=4076s  finite=27395
  [warn] sample 4 failed: 
  [82290/100000]  elapsed=18930s  rate=4.3/s  eta=4074s  finite=27397
  [82300/100000]  elapsed=18932s  rate=4.3/s  eta=4072s  finite=27403
  -> checkpoint saved: /scratch/e1498138/paper/ext/emri_g/lhs_f/ckpt_082300.pkl
  [warn] sample 7 failed: 
  [82310/100000]  elapsed=18935s  rate=4.3/s  eta=4069s  finite=27411
  [82320/100000]  elapsed=18937s  rate=4.3/s  eta=4067s  finite=27413
  [warn] sample 0 failed: 
  [82330/100000]  elapsed=18940s  rate=4.3/s  eta=4065s  finite=27417
  [82340/100000]  elapsed=18942s  rate=4.3/s  eta=4063s  finite=27420
  [82350/100000]  elapsed=18945s  rate=4.3/s  eta=4060s  finite=27423
  [82360/100000]  elapsed=18947s  rate=4.3/s  eta=4058s  finite=27424
  [warn] sample 6 failed: 
  [82370/100000]  elapsed=18949s  rate=4.3/s  eta=4056s  finite=27426
  [82380/100000]  elapsed=18951s  rate=4.3/s  eta=4053s  finite=27426
  [warn] sample 9 failed: 
  [82390/100000]  elapsed=18954s  rate=4.3/s  eta=4051s  finite=27429
  [82400/100000]  elapsed=18956s  rate=4.3/s  eta=4049s  finite=27435
  -> checkpoint saved: /scratch/e1498138/paper/ext/emri_g/lhs_f/ckpt_082400.pkl
  [warn] sample 6 failed: 
  [82410/100000]  elapsed=18958s  rate=4.3/s  eta=4047s  finite=27440
  [82420/100000]  elapsed=18961s  rate=4.3/s  eta=4044s  finite=27443
  [82430/100000]  elapsed=18963s  rate=4.3/s  eta=4042s  finite=27446
  [82440/100000]  elapsed=18965s  rate=4.3/s  eta=4040s  finite=27450
  [82450/100000]  elapsed=18968s  rate=4.3/s  eta=4037s  finite=27454
  [warn] sample 9 failed: 
  [82460/100000]  elapsed=18970s  rate=4.3/s  eta=4035s  finite=27460
  [82470/100000]  elapsed=18972s  rate=4.3/s  eta=4033s  finite=27462
  [warn] sample 5 failed: 
  [82480/100000]  elapsed=18975s  rate=4.3/s  eta=4031s  finite=27466
  [82490/100000]  elapsed=18977s  rate=4.3/s  eta=4028s  finite=27471
  [82500/100000]  elapsed=18979s  rate=4.3/s  eta=4026s  finite=27477
  -> checkpoint saved: /scratch/e1498138/paper/ext/emri_g/lhs_f/ckpt_082500.pkl
  [82510/100000]  elapsed=18982s  rate=4.3/s  eta=4024s  finite=27480
  [82520/100000]  elapsed=18984s  rate=4.3/s  eta=4021s  finite=27483
  [warn] sample 2 failed: 
  [82530/100000]  elapsed=18986s  rate=4.3/s  eta=4019s  finite=27485
  [82540/100000]  elapsed=18989s  rate=4.3/s  eta=4017s  finite=27489
  [82550/100000]  elapsed=18991s  rate=4.3/s  eta=4015s  finite=27492
  [82560/100000]  elapsed=18994s  rate=4.3/s  eta=4012s  finite=27497
  [82570/100000]  elapsed=18996s  rate=4.3/s  eta=4010s  finite=27504
  [82580/100000]  elapsed=18999s  rate=4.3/s  eta=4008s  finite=27510
  [82590/100000]  elapsed=19001s  rate=4.3/s  eta=4005s  finite=27511
  [82600/100000]  elapsed=19004s  rate=4.3/s  eta=4003s  finite=27513
  -> checkpoint saved: /scratch/e1498138/paper/ext/emri_g/lhs_f/ckpt_082600.pkl
  [warn] sample 1 failed: 
  [82610/100000]  elapsed=19006s  rate=4.3/s  eta=4001s  finite=27517
  [82620/100000]  elapsed=19008s  rate=4.3/s  eta=3999s  finite=27522
  [82630/100000]  elapsed=19011s  rate=4.3/s  eta=3996s  finite=27524
  [82640/100000]  elapsed=19013s  rate=4.3/s  eta=3994s  finite=27526
  [82650/100000]  elapsed=19016s  rate=4.3/s  eta=3992s  finite=27529
  [warn] sample 6 failed: 
  [82660/100000]  elapsed=19018s  rate=4.3/s  eta=3989s  finite=27532
  [82670/100000]  elapsed=19020s  rate=4.3/s  eta=3987s  finite=27533
  [warn] sample 1 failed: This a (0.31526624999999997), p0 (13.949955) and e0 (0.8954025000000001) combination is outside of our domain of validity.
  [82680/100000]  elapsed=19022s  rate=4.3/s  eta=3985s  finite=27537
  [82690/100000]  elapsed=19025s  rate=4.3/s  eta=3983s  finite=27542
  [warn] sample 0 failed: 
  [82700/100000]  elapsed=19027s  rate=4.3/s  eta=3980s  finite=27547
  -> checkpoint saved: /scratch/e1498138/paper/ext/emri_g/lhs_f/ckpt_082700.pkl
  [warn] sample 0 failed: 
  [82710/100000]  elapsed=19029s  rate=4.3/s  eta=3978s  finite=27549
  [82720/100000]  elapsed=19032s  rate=4.3/s  eta=3976s  finite=27553
  [82730/100000]  elapsed=19034s  rate=4.3/s  eta=3973s  finite=27556
  [82740/100000]  elapsed=19036s  rate=4.3/s  eta=3971s  finite=27561
  [82750/100000]  elapsed=19038s  rate=4.3/s  eta=3969s  finite=27565
  [82760/100000]  elapsed=19041s  rate=4.3/s  eta=3966s  finite=27567
  [82770/100000]  elapsed=19043s  rate=4.3/s  eta=3964s  finite=27569
  [warn] sample 0 failed: 
  [82780/100000]  elapsed=19045s  rate=4.3/s  eta=3962s  finite=27572
  [82790/100000]  elapsed=19048s  rate=4.3/s  eta=3960s  finite=27576
  [warn] sample 8 failed: 
  [82800/100000]  elapsed=19050s  rate=4.3/s  eta=3957s  finite=27577
  -> checkpoint saved: /scratch/e1498138/paper/ext/emri_g/lhs_f/ckpt_082800.pkl
  [82810/100000]  elapsed=19052s  rate=4.3/s  eta=3955s  finite=27582
  [warn] sample 7 failed: 
  [82820/100000]  elapsed=19054s  rate=4.3/s  eta=3953s  finite=27584
  [82830/100000]  elapsed=19057s  rate=4.3/s  eta=3950s  finite=27585
  [warn] sample 2 failed: 
  [warn] sample 5 failed: 
  [82840/100000]  elapsed=19059s  rate=4.3/s  eta=3948s  finite=27587
  [82850/100000]  elapsed=19061s  rate=4.3/s  eta=3946s  finite=27590
  [82860/100000]  elapsed=19063s  rate=4.3/s  eta=3943s  finite=27595
  [82870/100000]  elapsed=19066s  rate=4.3/s  eta=3941s  finite=27600
  [82880/100000]  elapsed=19068s  rate=4.3/s  eta=3939s  finite=27603
  [82890/100000]  elapsed=19070s  rate=4.3/s  eta=3936s  finite=27605
  [warn] sample 2 failed: 
  [82900/100000]  elapsed=19073s  rate=4.3/s  eta=3934s  finite=27609
  -> checkpoint saved: /scratch/e1498138/paper/ext/emri_g/lhs_f/ckpt_082900.pkl
  [82910/100000]  elapsed=19075s  rate=4.3/s  eta=3932s  finite=27613
  [82920/100000]  elapsed=19077s  rate=4.3/s  eta=3930s  finite=27615
  [warn] sample 5 failed: 
  [82930/100000]  elapsed=19080s  rate=4.3/s  eta=3927s  finite=27617
  [82940/100000]  elapsed=19082s  rate=4.3/s  eta=3925s  finite=27622
  [82950/100000]  elapsed=19084s  rate=4.3/s  eta=3923s  finite=27623
  [82960/100000]  elapsed=19087s  rate=4.3/s  eta=3920s  finite=27625
  [82970/100000]  elapsed=19089s  rate=4.3/s  eta=3918s  finite=27628
  [warn] sample 6 failed: 
  [82980/100000]  elapsed=19091s  rate=4.3/s  eta=3916s  finite=27629
  [82990/100000]  elapsed=19094s  rate=4.3/s  eta=3914s  finite=27633
  [83000/100000]  elapsed=19096s  rate=4.3/s  eta=3911s  finite=27636
  -> checkpoint saved: /scratch/e1498138/paper/ext/emri_g/lhs_f/ckpt_083000.pkl
  [83010/100000]  elapsed=19098s  rate=4.3/s  eta=3909s  finite=27638
  [83020/100000]  elapsed=19100s  rate=4.3/s  eta=3907s  finite=27641
  [83030/100000]  elapsed=19103s  rate=4.3/s  eta=3904s  finite=27646
  [83040/100000]  elapsed=19105s  rate=4.3/s  eta=3902s  finite=27648
  [83050/100000]  elapsed=19107s  rate=4.3/s  eta=3900s  finite=27650
  [warn] sample 7 failed: 
  [83060/100000]  elapsed=19109s  rate=4.3/s  eta=3897s  finite=27654
  [warn] sample 1 failed: 
  [warn] sample 4 failed: 
  [warn] sample 8 failed: This a (0.36220694999999997), p0 (14.413035) and e0 (0.8991495) combination is outside of our domain of validity.
  [83070/100000]  elapsed=19111s  rate=4.3/s  eta=3895s  finite=27656
  [warn] sample 4 failed: 
  [83080/100000]  elapsed=19113s  rate=4.3/s  eta=3893s  finite=27658
  [83090/100000]  elapsed=19116s  rate=4.3/s  eta=3890s  finite=27661
  [83100/100000]  elapsed=19118s  rate=4.3/s  eta=3888s  finite=27662
  -> checkpoint saved: /scratch/e1498138/paper/ext/emri_g/lhs_f/ckpt_083100.pkl
  [83110/100000]  elapsed=19120s  rate=4.3/s  eta=3886s  finite=27664
  [warn] sample 0 failed: This a (0.39498195), p0 (14.048175) and e0 (0.8923515) combination is outside of our domain of validity.
  [83120/100000]  elapsed=19122s  rate=4.3/s  eta=3883s  finite=27666
  [83130/100000]  elapsed=19125s  rate=4.3/s  eta=3881s  finite=27673
  [83140/100000]  elapsed=19127s  rate=4.3/s  eta=3879s  finite=27678
  [83150/100000]  elapsed=19129s  rate=4.3/s  eta=3876s  finite=27681
  [83160/100000]  elapsed=19131s  rate=4.3/s  eta=3874s  finite=27686
  [83170/100000]  elapsed=19134s  rate=4.3/s  eta=3872s  finite=27689
  [83180/100000]  elapsed=19136s  rate=4.3/s  eta=3870s  finite=27693
  [83190/100000]  elapsed=19138s  rate=4.3/s  eta=3867s  finite=27696
  [warn] sample 0 failed: 
  [warn] sample 3 failed: 
  [83200/100000]  elapsed=19140s  rate=4.3/s  eta=3865s  finite=27698
  -> checkpoint saved: /scratch/e1498138/paper/ext/emri_g/lhs_f/ckpt_083200.pkl
  [83210/100000]  elapsed=19143s  rate=4.3/s  eta=3863s  finite=27703
  [83220/100000]  elapsed=19145s  rate=4.3/s  eta=3860s  finite=27705
  [83230/100000]  elapsed=19147s  rate=4.3/s  eta=3858s  finite=27708
  [83240/100000]  elapsed=19149s  rate=4.3/s  eta=3856s  finite=27711
  [83250/100000]  elapsed=19152s  rate=4.3/s  eta=3853s  finite=27712
  [83260/100000]  elapsed=19154s  rate=4.3/s  eta=3851s  finite=27716
  [83270/100000]  elapsed=19156s  rate=4.3/s  eta=3849s  finite=27719
  [warn] sample 2 failed: 
  [83280/100000]  elapsed=19158s  rate=4.3/s  eta=3846s  finite=27721
  [83290/100000]  elapsed=19161s  rate=4.3/s  eta=3844s  finite=27724
  [83300/100000]  elapsed=19163s  rate=4.3/s  eta=3842s  finite=27729
  -> checkpoint saved: /scratch/e1498138/paper/ext/emri_g/lhs_f/ckpt_083300.pkl
  [83310/100000]  elapsed=19165s  rate=4.3/s  eta=3839s  finite=27733
  [warn] sample 5 failed: 
  [83320/100000]  elapsed=19167s  rate=4.3/s  eta=3837s  finite=27738
  [83330/100000]  elapsed=19170s  rate=4.3/s  eta=3835s  finite=27741
  [83340/100000]  elapsed=19172s  rate=4.3/s  eta=3833s  finite=27744
  [83350/100000]  elapsed=19174s  rate=4.3/s  eta=3830s  finite=27747
  [83360/100000]  elapsed=19177s  rate=4.3/s  eta=3828s  finite=27750
  [83370/100000]  elapsed=19179s  rate=4.3/s  eta=3826s  finite=27754
  [83380/100000]  elapsed=19181s  rate=4.3/s  eta=3823s  finite=27760
  [warn] sample 0 failed: 
  [83390/100000]  elapsed=19184s  rate=4.3/s  eta=3821s  finite=27763
  [warn] sample 2 failed: 
  [83400/100000]  elapsed=19186s  rate=4.3/s  eta=3819s  finite=27765
  -> checkpoint saved: /scratch/e1498138/paper/ext/emri_g/lhs_f/ckpt_083400.pkl
  [83410/100000]  elapsed=19188s  rate=4.3/s  eta=3816s  finite=27768
  [83420/100000]  elapsed=19191s  rate=4.3/s  eta=3814s  finite=27769
  [83430/100000]  elapsed=19193s  rate=4.3/s  eta=3812s  finite=27774
  [83440/100000]  elapsed=19195s  rate=4.3/s  eta=3810s  finite=27776
  [83450/100000]  elapsed=19198s  rate=4.3/s  eta=3807s  finite=27783
  [warn] sample 8 failed: 
  [83460/100000]  elapsed=19200s  rate=4.3/s  eta=3805s  finite=27785
  [83470/100000]  elapsed=19202s  rate=4.3/s  eta=3803s  finite=27786
  [83480/100000]  elapsed=19204s  rate=4.3/s  eta=3800s  finite=27789
  [83490/100000]  elapsed=19206s  rate=4.3/s  eta=3798s  finite=27793
  [83500/100000]  elapsed=19209s  rate=4.3/s  eta=3796s  finite=27797
  -> checkpoint saved: /scratch/e1498138/paper/ext/emri_g/lhs_f/ckpt_083500.pkl
  [83510/100000]  elapsed=19211s  rate=4.3/s  eta=3793s  finite=27800
  [warn] sample 9 failed: This a (0.47998304999999997), p0 (13.584285) and e0 (0.8995335) combination is outside of our domain of validity.
  [83520/100000]  elapsed=19213s  rate=4.3/s  eta=3791s  finite=27803
  [83530/100000]  elapsed=19216s  rate=4.3/s  eta=3789s  finite=27807
  [83540/100000]  elapsed=19218s  rate=4.3/s  eta=3787s  finite=27811
  [83550/100000]  elapsed=19220s  rate=4.3/s  eta=3784s  finite=27813
  [83560/100000]  elapsed=19223s  rate=4.3/s  eta=3782s  finite=27819
  [warn] sample 2 failed: 
  [83570/100000]  elapsed=19225s  rate=4.3/s  eta=3780s  finite=27824
  [83580/100000]  elapsed=19227s  rate=4.3/s  eta=3777s  finite=27828
  [83590/100000]  elapsed=19230s  rate=4.3/s  eta=3775s  finite=27832
  [83600/100000]  elapsed=19232s  rate=4.3/s  eta=3773s  finite=27835
  -> checkpoint saved: /scratch/e1498138/paper/ext/emri_g/lhs_f/ckpt_083600.pkl
  [83610/100000]  elapsed=19234s  rate=4.3/s  eta=3770s  finite=27839
  [83620/100000]  elapsed=19237s  rate=4.3/s  eta=3768s  finite=27843
  [83630/100000]  elapsed=19239s  rate=4.3/s  eta=3766s  finite=27845
  [83640/100000]  elapsed=19241s  rate=4.3/s  eta=3764s  finite=27850
  [83650/100000]  elapsed=19243s  rate=4.3/s  eta=3761s  finite=27850
  [83660/100000]  elapsed=19246s  rate=4.3/s  eta=3759s  finite=27851
  [83670/100000]  elapsed=19248s  rate=4.3/s  eta=3757s  finite=27853
  [83680/100000]  elapsed=19250s  rate=4.3/s  eta=3754s  finite=27857
  [83690/100000]  elapsed=19253s  rate=4.3/s  eta=3752s  finite=27860
  [83700/100000]  elapsed=19255s  rate=4.3/s  eta=3750s  finite=27864
  -> checkpoint saved: /scratch/e1498138/paper/ext/emri_g/lhs_f/ckpt_083700.pkl
  [warn] sample 4 failed: 
  [83710/100000]  elapsed=19257s  rate=4.3/s  eta=3747s  finite=27866
  [83720/100000]  elapsed=19260s  rate=4.3/s  eta=3745s  finite=27873
  [83730/100000]  elapsed=19262s  rate=4.3/s  eta=3743s  finite=27876
  [83740/100000]  elapsed=19264s  rate=4.3/s  eta=3741s  finite=27881
  [83750/100000]  elapsed=19266s  rate=4.3/s  eta=3738s  finite=27885
  [warn] sample 1 failed: 
  [83760/100000]  elapsed=19269s  rate=4.3/s  eta=3736s  finite=27890
  [warn] sample 0 failed: 
  [83770/100000]  elapsed=19271s  rate=4.3/s  eta=3734s  finite=27894
  [83780/100000]  elapsed=19273s  rate=4.3/s  eta=3731s  finite=27898
  [83790/100000]  elapsed=19276s  rate=4.3/s  eta=3729s  finite=27902
  [83800/100000]  elapsed=19278s  rate=4.3/s  eta=3727s  finite=27906
  -> checkpoint saved: /scratch/e1498138/paper/ext/emri_g/lhs_f/ckpt_083800.pkl
  [warn] sample 9 failed: 
  [83810/100000]  elapsed=19280s  rate=4.3/s  eta=3724s  finite=27908
  [warn] sample 7 failed: 
  [83820/100000]  elapsed=19282s  rate=4.3/s  eta=3722s  finite=27910
  [83830/100000]  elapsed=19284s  rate=4.3/s  eta=3720s  finite=27916
  [83840/100000]  elapsed=19287s  rate=4.3/s  eta=3717s  finite=27921
  [warn] sample 5 failed: 
  [83850/100000]  elapsed=19289s  rate=4.3/s  eta=3715s  finite=27924
  [83860/100000]  elapsed=19291s  rate=4.3/s  eta=3713s  finite=27929
  [83870/100000]  elapsed=19294s  rate=4.3/s  eta=3711s  finite=27931
  [83880/100000]  elapsed=19296s  rate=4.3/s  eta=3708s  finite=27935
  [83890/100000]  elapsed=19298s  rate=4.3/s  eta=3706s  finite=27939
  [warn] sample 8 failed: 
  [83900/100000]  elapsed=19300s  rate=4.3/s  eta=3704s  finite=27945
  -> checkpoint saved: /scratch/e1498138/paper/ext/emri_g/lhs_f/ckpt_083900.pkl
  [83910/100000]  elapsed=19303s  rate=4.3/s  eta=3701s  finite=27952
  [warn] sample 8 failed: 
  [83920/100000]  elapsed=19305s  rate=4.3/s  eta=3699s  finite=27955
  [83930/100000]  elapsed=19308s  rate=4.3/s  eta=3697s  finite=27960
  [warn] sample 7 failed: 
  [83940/100000]  elapsed=19310s  rate=4.3/s  eta=3694s  finite=27962
  [83950/100000]  elapsed=19312s  rate=4.3/s  eta=3692s  finite=27962
  [83960/100000]  elapsed=19314s  rate=4.3/s  eta=3690s  finite=27968
  [warn] sample 2 failed: 
  [83970/100000]  elapsed=19316s  rate=4.3/s  eta=3688s  finite=27973
  [83980/100000]  elapsed=19319s  rate=4.3/s  eta=3685s  finite=27976
  [83990/100000]  elapsed=19321s  rate=4.3/s  eta=3683s  finite=27980
  [84000/100000]  elapsed=19324s  rate=4.3/s  eta=3681s  finite=27983
  -> checkpoint saved: /scratch/e1498138/paper/ext/emri_g/lhs_f/ckpt_084000.pkl
  [warn] sample 8 failed: This a (0.59346735), p0 (13.848105) and e0 (0.8989755) combination is outside of our domain of validity.
  [84010/100000]  elapsed=19326s  rate=4.3/s  eta=3678s  finite=27986
  [84020/100000]  elapsed=19328s  rate=4.3/s  eta=3676s  finite=27989
  [84030/100000]  elapsed=19331s  rate=4.3/s  eta=3674s  finite=27995
  [84040/100000]  elapsed=19333s  rate=4.3/s  eta=3671s  finite=27997
  [84050/100000]  elapsed=19335s  rate=4.3/s  eta=3669s  finite=28002
  [84060/100000]  elapsed=19337s  rate=4.3/s  eta=3667s  finite=28006
  [84070/100000]  elapsed=19340s  rate=4.3/s  eta=3665s  finite=28012
  [warn] sample 1 failed: 
  [84080/100000]  elapsed=19342s  rate=4.3/s  eta=3662s  finite=28014
  [84090/100000]  elapsed=19345s  rate=4.3/s  eta=3660s  finite=28019
  [84100/100000]  elapsed=19347s  rate=4.3/s  eta=3658s  finite=28022
  -> checkpoint saved: /scratch/e1498138/paper/ext/emri_g/lhs_f/ckpt_084100.pkl
  [84110/100000]  elapsed=19349s  rate=4.3/s  eta=3655s  finite=28025
  [84120/100000]  elapsed=19352s  rate=4.3/s  eta=3653s  finite=28029
  [84130/100000]  elapsed=19354s  rate=4.3/s  eta=3651s  finite=28032
  [84140/100000]  elapsed=19357s  rate=4.3/s  eta=3649s  finite=28035
  [84150/100000]  elapsed=19359s  rate=4.3/s  eta=3646s  finite=28037
  [84160/100000]  elapsed=19361s  rate=4.3/s  eta=3644s  finite=28039
  [warn] sample 5 failed: 
  [84170/100000]  elapsed=19364s  rate=4.3/s  eta=3642s  finite=28043
  [warn] sample 1 failed: This a (0.64781175), p0 (13.500315) and e0 (0.8961255000000001) combination is outside of our domain of validity.
  [84180/100000]  elapsed=19366s  rate=4.3/s  eta=3639s  finite=28048
  [84190/100000]  elapsed=19368s  rate=4.3/s  eta=3637s  finite=28054
  [warn] sample 3 failed: This a (0.41868345), p0 (14.023095) and e0 (0.8920275) combination is outside of our domain of validity.
  [84200/100000]  elapsed=19371s  rate=4.3/s  eta=3635s  finite=28057
  -> checkpoint saved: /scratch/e1498138/paper/ext/emri_g/lhs_f/ckpt_084200.pkl
  [84210/100000]  elapsed=19373s  rate=4.3/s  eta=3633s  finite=28062
  [84220/100000]  elapsed=19375s  rate=4.3/s  eta=3630s  finite=28066
  [84230/100000]  elapsed=19378s  rate=4.3/s  eta=3628s  finite=28068
  [warn] sample 9 failed: 
  [84240/100000]  elapsed=19380s  rate=4.3/s  eta=3626s  finite=28071
  [84250/100000]  elapsed=19382s  rate=4.3/s  eta=3623s  finite=28076
  [84260/100000]  elapsed=19384s  rate=4.3/s  eta=3621s  finite=28078
  [warn] sample 6 failed: 
  [84270/100000]  elapsed=19387s  rate=4.3/s  eta=3619s  finite=28086
  [84280/100000]  elapsed=19389s  rate=4.3/s  eta=3616s  finite=28089
  [warn] sample 8 failed: 
  [84290/100000]  elapsed=19391s  rate=4.3/s  eta=3614s  finite=28093
  [84300/100000]  elapsed=19394s  rate=4.3/s  eta=3612s  finite=28098
  -> checkpoint saved: /scratch/e1498138/paper/ext/emri_g/lhs_f/ckpt_084300.pkl
  [84310/100000]  elapsed=19396s  rate=4.3/s  eta=3610s  finite=28101
  [84320/100000]  elapsed=19398s  rate=4.3/s  eta=3607s  finite=28103
  [84330/100000]  elapsed=19401s  rate=4.3/s  eta=3605s  finite=28103
  [84340/100000]  elapsed=19403s  rate=4.3/s  eta=3603s  finite=28105
  [warn] sample 9 failed: 
  [84350/100000]  elapsed=19405s  rate=4.3/s  eta=3600s  finite=28107
  [84360/100000]  elapsed=19408s  rate=4.3/s  eta=3598s  finite=28111
  [84370/100000]  elapsed=19410s  rate=4.3/s  eta=3596s  finite=28116
  [warn] sample 7 failed: 
  [84380/100000]  elapsed=19412s  rate=4.3/s  eta=3593s  finite=28119
  [84390/100000]  elapsed=19415s  rate=4.3/s  eta=3591s  finite=28122
  [84400/100000]  elapsed=19417s  rate=4.3/s  eta=3589s  finite=28123
  -> checkpoint saved: /scratch/e1498138/paper/ext/emri_g/lhs_f/ckpt_084400.pkl
  [84410/100000]  elapsed=19419s  rate=4.3/s  eta=3587s  finite=28126
  [warn] sample 8 failed: 
  [84420/100000]  elapsed=19421s  rate=4.3/s  eta=3584s  finite=28129
  [84430/100000]  elapsed=19424s  rate=4.3/s  eta=3582s  finite=28132
  [84440/100000]  elapsed=19426s  rate=4.3/s  eta=3580s  finite=28136
  [84450/100000]  elapsed=19429s  rate=4.3/s  eta=3577s  finite=28140
  [84460/100000]  elapsed=19431s  rate=4.3/s  eta=3575s  finite=28140
  [84470/100000]  elapsed=19433s  rate=4.3/s  eta=3573s  finite=28142
  [84480/100000]  elapsed=19436s  rate=4.3/s  eta=3571s  finite=28145
  [84490/100000]  elapsed=19438s  rate=4.3/s  eta=3568s  finite=28148
  [84500/100000]  elapsed=19440s  rate=4.3/s  eta=3566s  finite=28153
  -> checkpoint saved: /scratch/e1498138/paper/ext/emri_g/lhs_f/ckpt_084500.pkl
  [warn] sample 3 failed: 
  [84510/100000]  elapsed=19443s  rate=4.3/s  eta=3564s  finite=28155
  [84520/100000]  elapsed=19445s  rate=4.3/s  eta=3561s  finite=28161
  [84530/100000]  elapsed=19448s  rate=4.3/s  eta=3559s  finite=28166
  [84540/100000]  elapsed=19450s  rate=4.3/s  eta=3557s  finite=28168
  [84550/100000]  elapsed=19452s  rate=4.3/s  eta=3555s  finite=28171
  [84560/100000]  elapsed=19455s  rate=4.3/s  eta=3552s  finite=28175
  [84570/100000]  elapsed=19457s  rate=4.3/s  eta=3550s  finite=28180
  [84580/100000]  elapsed=19460s  rate=4.3/s  eta=3548s  finite=28184
  [warn] sample 3 failed: 
  [84590/100000]  elapsed=19462s  rate=4.3/s  eta=3545s  finite=28189
  [84600/100000]  elapsed=19464s  rate=4.3/s  eta=3543s  finite=28192
  -> checkpoint saved: /scratch/e1498138/paper/ext/emri_g/lhs_f/ckpt_084600.pkl
  [84610/100000]  elapsed=19466s  rate=4.3/s  eta=3541s  finite=28196
  [warn] sample 0 failed: This a (0.39756945), p0 (13.764945) and e0 (0.8966085) combination is outside of our domain of validity.
  [warn] sample 4 failed: This a (0.65420115), p0 (13.821645) and e0 (0.8998935000000001) combination is outside of our domain of validity.
  [84620/100000]  elapsed=19468s  rate=4.3/s  eta=3538s  finite=28199
  [84630/100000]  elapsed=19471s  rate=4.3/s  eta=3536s  finite=28200
  [84640/100000]  elapsed=19473s  rate=4.3/s  eta=3534s  finite=28203
  [84650/100000]  elapsed=19475s  rate=4.3/s  eta=3532s  finite=28210
  [84660/100000]  elapsed=19478s  rate=4.3/s  eta=3529s  finite=28211
  [84670/100000]  elapsed=19480s  rate=4.3/s  eta=3527s  finite=28214
  [84680/100000]  elapsed=19482s  rate=4.3/s  eta=3525s  finite=28216
  [84690/100000]  elapsed=19485s  rate=4.3/s  eta=3522s  finite=28218
  [84700/100000]  elapsed=19487s  rate=4.3/s  eta=3520s  finite=28220
  -> checkpoint saved: /scratch/e1498138/paper/ext/emri_g/lhs_f/ckpt_084700.pkl
  [84710/100000]  elapsed=19489s  rate=4.3/s  eta=3518s  finite=28224
  [84720/100000]  elapsed=19492s  rate=4.3/s  eta=3515s  finite=28228
  [84730/100000]  elapsed=19494s  rate=4.3/s  eta=3513s  finite=28230
  [warn] sample 0 failed: 
  [84740/100000]  elapsed=19496s  rate=4.3/s  eta=3511s  finite=28236
  [warn] sample 9 failed: 
  [84750/100000]  elapsed=19498s  rate=4.3/s  eta=3509s  finite=28238
  [84760/100000]  elapsed=19500s  rate=4.3/s  eta=3506s  finite=28240
  [84770/100000]  elapsed=19503s  rate=4.3/s  eta=3504s  finite=28244
  [84780/100000]  elapsed=19505s  rate=4.3/s  eta=3502s  finite=28250
  [84790/100000]  elapsed=19507s  rate=4.3/s  eta=3499s  finite=28254
  [84800/100000]  elapsed=19510s  rate=4.3/s  eta=3497s  finite=28260
  -> checkpoint saved: /scratch/e1498138/paper/ext/emri_g/lhs_f/ckpt_084800.pkl
  [84810/100000]  elapsed=19512s  rate=4.3/s  eta=3495s  finite=28263
  [warn] sample 3 failed: 
  [84820/100000]  elapsed=19514s  rate=4.3/s  eta=3492s  finite=28264
  [84830/100000]  elapsed=19517s  rate=4.3/s  eta=3490s  finite=28266
  [84840/100000]  elapsed=19519s  rate=4.3/s  eta=3488s  finite=28270
  [84850/100000]  elapsed=19521s  rate=4.3/s  eta=3486s  finite=28274
  [84860/100000]  elapsed=19524s  rate=4.3/s  eta=3483s  finite=28277
  [84870/100000]  elapsed=19526s  rate=4.3/s  eta=3481s  finite=28280
  [84880/100000]  elapsed=19528s  rate=4.3/s  eta=3479s  finite=28283
  [84890/100000]  elapsed=19531s  rate=4.3/s  eta=3476s  finite=28286
  [84900/100000]  elapsed=19533s  rate=4.3/s  eta=3474s  finite=28288
  -> checkpoint saved: /scratch/e1498138/paper/ext/emri_g/lhs_f/ckpt_084900.pkl
  [84910/100000]  elapsed=19535s  rate=4.3/s  eta=3472s  finite=28288
  [84920/100000]  elapsed=19538s  rate=4.3/s  eta=3470s  finite=28292
  [warn] sample 6 failed: 
  [84930/100000]  elapsed=19540s  rate=4.3/s  eta=3467s  finite=28294
  [warn] sample 8 failed: 
  [84940/100000]  elapsed=19542s  rate=4.3/s  eta=3465s  finite=28301
  [84950/100000]  elapsed=19545s  rate=4.3/s  eta=3463s  finite=28306
  [84960/100000]  elapsed=19547s  rate=4.3/s  eta=3460s  finite=28308
  [warn] sample 8 failed: This a (0.36558104999999996), p0 (13.750215) and e0 (0.8889465000000001) combination is outside of our domain of validity.
  [84970/100000]  elapsed=19549s  rate=4.3/s  eta=3458s  finite=28311
  [warn] sample 0 failed: 
  [84980/100000]  elapsed=19552s  rate=4.3/s  eta=3456s  finite=28317
  [84990/100000]  elapsed=19554s  rate=4.3/s  eta=3453s  finite=28320
  [warn] sample 3 failed: This a (0.30946334999999997), p0 (14.009385) and e0 (0.8888475) combination is outside of our domain of validity.
  [85000/100000]  elapsed=19556s  rate=4.3/s  eta=3451s  finite=28325
  -> checkpoint saved: /scratch/e1498138/paper/ext/emri_g/lhs_f/ckpt_085000.pkl
  [85010/100000]  elapsed=19559s  rate=4.3/s  eta=3449s  finite=28329
  [85020/100000]  elapsed=19561s  rate=4.3/s  eta=3446s  finite=28330
  [85030/100000]  elapsed=19563s  rate=4.3/s  eta=3444s  finite=28332
  [warn] sample 5 failed: This a (0.44346825), p0 (13.856055) and e0 (0.8935335) combination is outside of our domain of validity.
  [85040/100000]  elapsed=19565s  rate=4.3/s  eta=3442s  finite=28337
  [85050/100000]  elapsed=19567s  rate=4.3/s  eta=3440s  finite=28339
  [85060/100000]  elapsed=19570s  rate=4.3/s  eta=3437s  finite=28343
  [warn] sample 7 failed: 
  [85070/100000]  elapsed=19572s  rate=4.3/s  eta=3435s  finite=28348
  [warn] sample 0 failed: 
  [85080/100000]  elapsed=19574s  rate=4.3/s  eta=3433s  finite=28350
  [85090/100000]  elapsed=19576s  rate=4.3/s  eta=3430s  finite=28354
  [85100/100000]  elapsed=19579s  rate=4.3/s  eta=3428s  finite=28358
  -> checkpoint saved: /scratch/e1498138/paper/ext/emri_g/lhs_f/ckpt_085100.pkl
  [warn] sample 8 failed: 
  [85110/100000]  elapsed=19581s  rate=4.3/s  eta=3426s  finite=28362
  [85120/100000]  elapsed=19583s  rate=4.3/s  eta=3423s  finite=28366
  [85130/100000]  elapsed=19586s  rate=4.3/s  eta=3421s  finite=28367
  [warn] sample 1 failed: This a (0.49447995), p0 (13.890675) and e0 (0.8944725) combination is outside of our domain of validity.
  [85140/100000]  elapsed=19588s  rate=4.3/s  eta=3419s  finite=28372
  [warn] sample 8 failed: 
  [85150/100000]  elapsed=19590s  rate=4.3/s  eta=3416s  finite=28374
  [85160/100000]  elapsed=19592s  rate=4.3/s  eta=3414s  finite=28379
  [85170/100000]  elapsed=19595s  rate=4.3/s  eta=3412s  finite=28382
  [85180/100000]  elapsed=19597s  rate=4.3/s  eta=3410s  finite=28387
  [85190/100000]  elapsed=19599s  rate=4.3/s  eta=3407s  finite=28390
  [85200/100000]  elapsed=19602s  rate=4.3/s  eta=3405s  finite=28391
  -> checkpoint saved: /scratch/e1498138/paper/ext/emri_g/lhs_f/ckpt_085200.pkl
  [85210/100000]  elapsed=19604s  rate=4.3/s  eta=3403s  finite=28393
  [85220/100000]  elapsed=19606s  rate=4.3/s  eta=3400s  finite=28398
  [85230/100000]  elapsed=19609s  rate=4.3/s  eta=3398s  finite=28400
  [85240/100000]  elapsed=19611s  rate=4.3/s  eta=3396s  finite=28405
  [85250/100000]  elapsed=19613s  rate=4.3/s  eta=3393s  finite=28408
  [85260/100000]  elapsed=19615s  rate=4.3/s  eta=3391s  finite=28409
  [85270/100000]  elapsed=19618s  rate=4.3/s  eta=3389s  finite=28414
  [85280/100000]  elapsed=19620s  rate=4.3/s  eta=3387s  finite=28418
  [warn] sample 8 failed: 
  [85290/100000]  elapsed=19622s  rate=4.3/s  eta=3384s  finite=28421
  [85300/100000]  elapsed=19624s  rate=4.3/s  eta=3382s  finite=28424
  -> checkpoint saved: /scratch/e1498138/paper/ext/emri_g/lhs_f/ckpt_085300.pkl
  [85310/100000]  elapsed=19627s  rate=4.3/s  eta=3380s  finite=28430
  [85320/100000]  elapsed=19629s  rate=4.3/s  eta=3377s  finite=28433
  [85330/100000]  elapsed=19631s  rate=4.3/s  eta=3375s  finite=28437
  [85340/100000]  elapsed=19634s  rate=4.3/s  eta=3373s  finite=28440
  [85350/100000]  elapsed=19636s  rate=4.3/s  eta=3370s  finite=28443
  [85360/100000]  elapsed=19638s  rate=4.3/s  eta=3368s  finite=28445
  [85370/100000]  elapsed=19641s  rate=4.3/s  eta=3366s  finite=28450
  [warn] sample 5 failed: This a (0.30362595), p0 (13.867095) and e0 (0.8940585000000001) combination is outside of our domain of validity.
  [85380/100000]  elapsed=19643s  rate=4.3/s  eta=3364s  finite=28457
  [85390/100000]  elapsed=19645s  rate=4.3/s  eta=3361s  finite=28462
  [85400/100000]  elapsed=19648s  rate=4.3/s  eta=3359s  finite=28465
  -> checkpoint saved: /scratch/e1498138/paper/ext/emri_g/lhs_f/ckpt_085400.pkl
  [85410/100000]  elapsed=19650s  rate=4.3/s  eta=3357s  finite=28469
  [85420/100000]  elapsed=19652s  rate=4.3/s  eta=3354s  finite=28472
  [85430/100000]  elapsed=19655s  rate=4.3/s  eta=3352s  finite=28474
  [85440/100000]  elapsed=19657s  rate=4.3/s  eta=3350s  finite=28480
  [warn] sample 4 failed: 
  [85450/100000]  elapsed=19659s  rate=4.3/s  eta=3348s  finite=28484
  [85460/100000]  elapsed=19662s  rate=4.3/s  eta=3345s  finite=28490
  [85470/100000]  elapsed=19664s  rate=4.3/s  eta=3343s  finite=28492
  [warn] sample 0 failed: 
  [warn] sample 1 failed: 
  [85480/100000]  elapsed=19666s  rate=4.3/s  eta=3341s  finite=28494
  [85490/100000]  elapsed=19668s  rate=4.3/s  eta=3338s  finite=28496
  [85500/100000]  elapsed=19671s  rate=4.3/s  eta=3336s  finite=28500
  -> checkpoint saved: /scratch/e1498138/paper/ext/emri_g/lhs_f/ckpt_085500.pkl
  [85510/100000]  elapsed=19673s  rate=4.3/s  eta=3334s  finite=28502
  [85520/100000]  elapsed=19676s  rate=4.3/s  eta=3331s  finite=28505
  [85530/100000]  elapsed=19678s  rate=4.3/s  eta=3329s  finite=28509
  [85540/100000]  elapsed=19680s  rate=4.3/s  eta=3327s  finite=28514
  [85550/100000]  elapsed=19683s  rate=4.3/s  eta=3325s  finite=28519
  [warn] sample 9 failed: 
  [85560/100000]  elapsed=19685s  rate=4.3/s  eta=3322s  finite=28522
  [85570/100000]  elapsed=19687s  rate=4.3/s  eta=3320s  finite=28526
  [warn] sample 2 failed: 
  [85580/100000]  elapsed=19689s  rate=4.3/s  eta=3318s  finite=28532
  [warn] sample 1 failed: This a (0.30074175), p0 (14.107785) and e0 (0.8946555) combination is outside of our domain of validity.
  [85590/100000]  elapsed=19691s  rate=4.3/s  eta=3315s  finite=28532
  [85600/100000]  elapsed=19694s  rate=4.3/s  eta=3313s  finite=28536
  -> checkpoint saved: /scratch/e1498138/paper/ext/emri_g/lhs_f/ckpt_085600.pkl
  [warn] sample 3 failed: 
  [85610/100000]  elapsed=19696s  rate=4.3/s  eta=3311s  finite=28540
  [85620/100000]  elapsed=19699s  rate=4.3/s  eta=3308s  finite=28546
  [85630/100000]  elapsed=19701s  rate=4.3/s  eta=3306s  finite=28551
  [85640/100000]  elapsed=19703s  rate=4.3/s  eta=3304s  finite=28555
  [85650/100000]  elapsed=19706s  rate=4.3/s  eta=3302s  finite=28562
  [85660/100000]  elapsed=19708s  rate=4.3/s  eta=3299s  finite=28564
  [85670/100000]  elapsed=19710s  rate=4.3/s  eta=3297s  finite=28569
  [warn] sample 9 failed: 
  [85680/100000]  elapsed=19713s  rate=4.3/s  eta=3295s  finite=28573
  [85690/100000]  elapsed=19715s  rate=4.3/s  eta=3292s  finite=28575
  [85700/100000]  elapsed=19717s  rate=4.3/s  eta=3290s  finite=28577
  -> checkpoint saved: /scratch/e1498138/paper/ext/emri_g/lhs_f/ckpt_085700.pkl
  [85710/100000]  elapsed=19720s  rate=4.3/s  eta=3288s  finite=28579
  [85720/100000]  elapsed=19722s  rate=4.3/s  eta=3285s  finite=28582
  [85730/100000]  elapsed=19724s  rate=4.3/s  eta=3283s  finite=28586
  [85740/100000]  elapsed=19727s  rate=4.3/s  eta=3281s  finite=28589
  [85750/100000]  elapsed=19729s  rate=4.3/s  eta=3279s  finite=28594
  [85760/100000]  elapsed=19731s  rate=4.3/s  eta=3276s  finite=28599
  [85770/100000]  elapsed=19734s  rate=4.3/s  eta=3274s  finite=28602
  [warn] sample 1 failed: This a (0.40226144999999996), p0 (14.334735) and e0 (0.8963835) combination is outside of our domain of validity.
  [85780/100000]  elapsed=19736s  rate=4.3/s  eta=3272s  finite=28607
  [85790/100000]  elapsed=19738s  rate=4.3/s  eta=3269s  finite=28608
  [85800/100000]  elapsed=19740s  rate=4.3/s  eta=3267s  finite=28610
  -> checkpoint saved: /scratch/e1498138/paper/ext/emri_g/lhs_f/ckpt_085800.pkl
  [85810/100000]  elapsed=19743s  rate=4.3/s  eta=3265s  finite=28615
  [85820/100000]  elapsed=19745s  rate=4.3/s  eta=3262s  finite=28619
  [85830/100000]  elapsed=19748s  rate=4.3/s  eta=3260s  finite=28623
  [85840/100000]  elapsed=19750s  rate=4.3/s  eta=3258s  finite=28626
  [85850/100000]  elapsed=19752s  rate=4.3/s  eta=3256s  finite=28627
  [85860/100000]  elapsed=19754s  rate=4.3/s  eta=3253s  finite=28633
  [85870/100000]  elapsed=19757s  rate=4.3/s  eta=3251s  finite=28636
  [85880/100000]  elapsed=19759s  rate=4.3/s  eta=3249s  finite=28638
  [85890/100000]  elapsed=19761s  rate=4.3/s  eta=3246s  finite=28639
  [85900/100000]  elapsed=19764s  rate=4.3/s  eta=3244s  finite=28644
  -> checkpoint saved: /scratch/e1498138/paper/ext/emri_g/lhs_f/ckpt_085900.pkl
  [warn] sample 8 failed: 
  [85910/100000]  elapsed=19766s  rate=4.3/s  eta=3242s  finite=28647
  [85920/100000]  elapsed=19768s  rate=4.3/s  eta=3240s  finite=28650
  [85930/100000]  elapsed=19771s  rate=4.3/s  eta=3237s  finite=28652
  [85940/100000]  elapsed=19773s  rate=4.3/s  eta=3235s  finite=28657
  [warn] sample 1 failed: 
  [warn] sample 5 failed: 
  [85950/100000]  elapsed=19775s  rate=4.3/s  eta=3233s  finite=28660
  [85960/100000]  elapsed=19778s  rate=4.3/s  eta=3230s  finite=28662
  [85970/100000]  elapsed=19780s  rate=4.3/s  eta=3228s  finite=28665
  [85980/100000]  elapsed=19782s  rate=4.3/s  eta=3226s  finite=28670
  [85990/100000]  elapsed=19785s  rate=4.3/s  eta=3223s  finite=28675
  [86000/100000]  elapsed=19787s  rate=4.3/s  eta=3221s  finite=28677
  -> checkpoint saved: /scratch/e1498138/paper/ext/emri_g/lhs_f/ckpt_086000.pkl
  [86010/100000]  elapsed=19790s  rate=4.3/s  eta=3219s  finite=28680
  [86020/100000]  elapsed=19792s  rate=4.3/s  eta=3217s  finite=28682
  [warn] sample 1 failed: This a (0.38632245), p0 (14.593245) and e0 (0.8977665) combination is outside of our domain of validity.
  [86030/100000]  elapsed=19794s  rate=4.3/s  eta=3214s  finite=28685
  [86040/100000]  elapsed=19797s  rate=4.3/s  eta=3212s  finite=28689
  [86050/100000]  elapsed=19799s  rate=4.3/s  eta=3210s  finite=28692
  [86060/100000]  elapsed=19801s  rate=4.3/s  eta=3207s  finite=28694
  [86070/100000]  elapsed=19804s  rate=4.3/s  eta=3205s  finite=28696
  [86080/100000]  elapsed=19806s  rate=4.3/s  eta=3203s  finite=28700
  [86090/100000]  elapsed=19809s  rate=4.3/s  eta=3201s  finite=28703
  [warn] sample 2 failed: 
  [warn] sample 9 failed: 
  [86100/100000]  elapsed=19811s  rate=4.3/s  eta=3198s  finite=28707
  -> checkpoint saved: /scratch/e1498138/paper/ext/emri_g/lhs_f/ckpt_086100.pkl
  [warn] sample 7 failed: 
  [86110/100000]  elapsed=19813s  rate=4.3/s  eta=3196s  finite=28712
  [86120/100000]  elapsed=19815s  rate=4.3/s  eta=3194s  finite=28719
  [warn] sample 1 failed: 
  [warn] sample 8 failed: 
  [86130/100000]  elapsed=19818s  rate=4.3/s  eta=3191s  finite=28724
  [86140/100000]  elapsed=19820s  rate=4.3/s  eta=3189s  finite=28728
  [86150/100000]  elapsed=19822s  rate=4.3/s  eta=3187s  finite=28729
  [86160/100000]  elapsed=19825s  rate=4.3/s  eta=3184s  finite=28733
  [86170/100000]  elapsed=19827s  rate=4.3/s  eta=3182s  finite=28736
  [86180/100000]  elapsed=19829s  rate=4.3/s  eta=3180s  finite=28738
  [86190/100000]  elapsed=19832s  rate=4.3/s  eta=3178s  finite=28741
  [86200/100000]  elapsed=19834s  rate=4.3/s  eta=3175s  finite=28743
  -> checkpoint saved: /scratch/e1498138/paper/ext/emri_g/lhs_f/ckpt_086200.pkl
  [warn] sample 0 failed: 
  [86210/100000]  elapsed=19836s  rate=4.3/s  eta=3173s  finite=28747
  [86220/100000]  elapsed=19839s  rate=4.3/s  eta=3171s  finite=28750
  [86230/100000]  elapsed=19841s  rate=4.3/s  eta=3168s  finite=28753
  [86240/100000]  elapsed=19843s  rate=4.3/s  eta=3166s  finite=28754
  [warn] sample 3 failed: This a (0.35358195), p0 (14.699745) and e0 (0.8958495) combination is outside of our domain of validity.
  [86250/100000]  elapsed=19845s  rate=4.3/s  eta=3164s  finite=28755
  [86260/100000]  elapsed=19848s  rate=4.3/s  eta=3161s  finite=28757
  [86270/100000]  elapsed=19850s  rate=4.3/s  eta=3159s  finite=28760
  [86280/100000]  elapsed=19853s  rate=4.3/s  eta=3157s  finite=28763
  [86290/100000]  elapsed=19855s  rate=4.3/s  eta=3155s  finite=28764
  [warn] sample 2 failed: 
  [86300/100000]  elapsed=19857s  rate=4.3/s  eta=3152s  finite=28768
  -> checkpoint saved: /scratch/e1498138/paper/ext/emri_g/lhs_f/ckpt_086300.pkl
  [86310/100000]  elapsed=19859s  rate=4.3/s  eta=3150s  finite=28770
  [86320/100000]  elapsed=19862s  rate=4.3/s  eta=3148s  finite=28771
  [86330/100000]  elapsed=19864s  rate=4.3/s  eta=3145s  finite=28773
  [86340/100000]  elapsed=19867s  rate=4.3/s  eta=3143s  finite=28780
  [warn] sample 3 failed: 
  [86350/100000]  elapsed=19869s  rate=4.3/s  eta=3141s  finite=28782
  [86360/100000]  elapsed=19871s  rate=4.3/s  eta=3139s  finite=28783
  [86370/100000]  elapsed=19873s  rate=4.3/s  eta=3136s  finite=28786
  [86380/100000]  elapsed=19876s  rate=4.3/s  eta=3134s  finite=28790
  [86390/100000]  elapsed=19878s  rate=4.3/s  eta=3132s  finite=28794
  [86400/100000]  elapsed=19880s  rate=4.3/s  eta=3129s  finite=28797
  -> checkpoint saved: /scratch/e1498138/paper/ext/emri_g/lhs_f/ckpt_086400.pkl
  [86410/100000]  elapsed=19883s  rate=4.3/s  eta=3127s  finite=28799
  [86420/100000]  elapsed=19885s  rate=4.3/s  eta=3125s  finite=28803
  [86430/100000]  elapsed=19887s  rate=4.3/s  eta=3122s  finite=28808
  [86440/100000]  elapsed=19890s  rate=4.3/s  eta=3120s  finite=28813
  [86450/100000]  elapsed=19892s  rate=4.3/s  eta=3118s  finite=28816
  [86460/100000]  elapsed=19894s  rate=4.3/s  eta=3116s  finite=28819
  [86470/100000]  elapsed=19896s  rate=4.3/s  eta=3113s  finite=28824
  [warn] sample 7 failed: 
  [86480/100000]  elapsed=19899s  rate=4.3/s  eta=3111s  finite=28825
  [warn] sample 5 failed: 
  [warn] sample 8 failed: This a (0.39980505), p0 (14.441535) and e0 (0.8956035) combination is outside of our domain of validity.
  [86490/100000]  elapsed=19901s  rate=4.3/s  eta=3109s  finite=28830
  [86500/100000]  elapsed=19903s  rate=4.3/s  eta=3106s  finite=28832
  -> checkpoint saved: /scratch/e1498138/paper/ext/emri_g/lhs_f/ckpt_086500.pkl
  [86510/100000]  elapsed=19905s  rate=4.3/s  eta=3104s  finite=28837
  [86520/100000]  elapsed=19908s  rate=4.3/s  eta=3102s  finite=28841
  [warn] sample 2 failed: 
  [86530/100000]  elapsed=19910s  rate=4.3/s  eta=3099s  finite=28845
  [86540/100000]  elapsed=19912s  rate=4.3/s  eta=3097s  finite=28849
  [86550/100000]  elapsed=19914s  rate=4.3/s  eta=3095s  finite=28854
  [86560/100000]  elapsed=19917s  rate=4.3/s  eta=3092s  finite=28854
  [86570/100000]  elapsed=19919s  rate=4.3/s  eta=3090s  finite=28857
  [86580/100000]  elapsed=19921s  rate=4.3/s  eta=3088s  finite=28863
  [warn] sample 0 failed: 
  [86590/100000]  elapsed=19924s  rate=4.3/s  eta=3086s  finite=28867
  [86600/100000]  elapsed=19926s  rate=4.3/s  eta=3083s  finite=28870
  -> checkpoint saved: /scratch/e1498138/paper/ext/emri_g/lhs_f/ckpt_086600.pkl
  [86610/100000]  elapsed=19928s  rate=4.3/s  eta=3081s  finite=28872
  [warn] sample 4 failed: 
  [86620/100000]  elapsed=19930s  rate=4.3/s  eta=3079s  finite=28873
  [86630/100000]  elapsed=19932s  rate=4.3/s  eta=3076s  finite=28876
  [86640/100000]  elapsed=19935s  rate=4.3/s  eta=3074s  finite=28880
  [86650/100000]  elapsed=19937s  rate=4.3/s  eta=3072s  finite=28883
  [86660/100000]  elapsed=19939s  rate=4.3/s  eta=3069s  finite=28886
  [86670/100000]  elapsed=19942s  rate=4.3/s  eta=3067s  finite=28890
  [86680/100000]  elapsed=19944s  rate=4.3/s  eta=3065s  finite=28895
  [warn] sample 0 failed: 
  [86690/100000]  elapsed=19946s  rate=4.3/s  eta=3062s  finite=28899
  [86700/100000]  elapsed=19948s  rate=4.3/s  eta=3060s  finite=28901
  -> checkpoint saved: /scratch/e1498138/paper/ext/emri_g/lhs_f/ckpt_086700.pkl
  [86710/100000]  elapsed=19951s  rate=4.3/s  eta=3058s  finite=28904
  [86720/100000]  elapsed=19953s  rate=4.3/s  eta=3056s  finite=28907
  [warn] sample 7 failed: 
  [86730/100000]  elapsed=19955s  rate=4.3/s  eta=3053s  finite=28912
  [86740/100000]  elapsed=19958s  rate=4.3/s  eta=3051s  finite=28914
  [86750/100000]  elapsed=19960s  rate=4.3/s  eta=3049s  finite=28915
  [86760/100000]  elapsed=19962s  rate=4.3/s  eta=3046s  finite=28917
  [warn] sample 8 failed: 
  [86770/100000]  elapsed=19964s  rate=4.3/s  eta=3044s  finite=28922
  [86780/100000]  elapsed=19966s  rate=4.3/s  eta=3042s  finite=28925
  [86790/100000]  elapsed=19969s  rate=4.3/s  eta=3039s  finite=28928
  [86800/100000]  elapsed=19971s  rate=4.3/s  eta=3037s  finite=28934
  -> checkpoint saved: /scratch/e1498138/paper/ext/emri_g/lhs_f/ckpt_086800.pkl
  [86810/100000]  elapsed=19974s  rate=4.3/s  eta=3035s  finite=28938
  [86820/100000]  elapsed=19976s  rate=4.3/s  eta=3033s  finite=28943
  [warn] sample 4 failed: 
  [86830/100000]  elapsed=19978s  rate=4.3/s  eta=3030s  finite=28947
  [86840/100000]  elapsed=19981s  rate=4.3/s  eta=3028s  finite=28952
  [86850/100000]  elapsed=19983s  rate=4.3/s  eta=3026s  finite=28955
  [86860/100000]  elapsed=19985s  rate=4.3/s  eta=3023s  finite=28957
  [86870/100000]  elapsed=19988s  rate=4.3/s  eta=3021s  finite=28961
  [86880/100000]  elapsed=19990s  rate=4.3/s  eta=3019s  finite=28964
  [86890/100000]  elapsed=19992s  rate=4.3/s  eta=3016s  finite=28968
  [86900/100000]  elapsed=19994s  rate=4.3/s  eta=3014s  finite=28970
  -> checkpoint saved: /scratch/e1498138/paper/ext/emri_g/lhs_f/ckpt_086900.pkl
  [warn] sample 8 failed: 
  [86910/100000]  elapsed=19997s  rate=4.3/s  eta=3012s  finite=28974
  [86920/100000]  elapsed=19999s  rate=4.3/s  eta=3010s  finite=28980
  [86930/100000]  elapsed=20002s  rate=4.3/s  eta=3007s  finite=28986
  [86940/100000]  elapsed=20004s  rate=4.3/s  eta=3005s  finite=28989
  [86950/100000]  elapsed=20006s  rate=4.3/s  eta=3003s  finite=28994
  [86960/100000]  elapsed=20008s  rate=4.3/s  eta=3000s  finite=28996
  [86970/100000]  elapsed=20011s  rate=4.3/s  eta=2998s  finite=29001
  [86980/100000]  elapsed=20013s  rate=4.3/s  eta=2996s  finite=29008
  [86990/100000]  elapsed=20016s  rate=4.3/s  eta=2993s  finite=29012
  [warn] sample 1 failed: 
  [87000/100000]  elapsed=20018s  rate=4.3/s  eta=2991s  finite=29013
  -> checkpoint saved: /scratch/e1498138/paper/ext/emri_g/lhs_f/ckpt_087000.pkl
  [87010/100000]  elapsed=20020s  rate=4.3/s  eta=2989s  finite=29018
  [87020/100000]  elapsed=20023s  rate=4.3/s  eta=2987s  finite=29021
  [87030/100000]  elapsed=20025s  rate=4.3/s  eta=2984s  finite=29022
  [87040/100000]  elapsed=20027s  rate=4.3/s  eta=2982s  finite=29026
  [87050/100000]  elapsed=20029s  rate=4.3/s  eta=2980s  finite=29032
  [87060/100000]  elapsed=20032s  rate=4.3/s  eta=2977s  finite=29034
  [warn] sample 7 failed: 
  [87070/100000]  elapsed=20034s  rate=4.3/s  eta=2975s  finite=29037
  [warn] sample 0 failed: 
  [87080/100000]  elapsed=20036s  rate=4.3/s  eta=2973s  finite=29039
  [warn] sample 7 failed: This a (0.30392955), p0 (13.670115) and e0 (0.8925165) combination is outside of our domain of validity.
  [87090/100000]  elapsed=20038s  rate=4.3/s  eta=2970s  finite=29042
  [87100/100000]  elapsed=20040s  rate=4.3/s  eta=2968s  finite=29046
  -> checkpoint saved: /scratch/e1498138/paper/ext/emri_g/lhs_f/ckpt_087100.pkl
  [87110/100000]  elapsed=20043s  rate=4.3/s  eta=2966s  finite=29049
  [warn] sample 0 failed: 
  [warn] sample 8 failed: 
  [87120/100000]  elapsed=20045s  rate=4.3/s  eta=2963s  finite=29052
  [87130/100000]  elapsed=20047s  rate=4.3/s  eta=2961s  finite=29056
  [87140/100000]  elapsed=20050s  rate=4.3/s  eta=2959s  finite=29060
  [87150/100000]  elapsed=20052s  rate=4.3/s  eta=2957s  finite=29064
  [87160/100000]  elapsed=20054s  rate=4.3/s  eta=2954s  finite=29069
  [87170/100000]  elapsed=20057s  rate=4.3/s  eta=2952s  finite=29073
  [warn] sample 3 failed: This a (0.31328595), p0 (13.521645) and e0 (0.8966865) combination is outside of our domain of validity.
  [87180/100000]  elapsed=20059s  rate=4.3/s  eta=2950s  finite=29074
  [warn] sample 3 failed: 
  [87190/100000]  elapsed=20061s  rate=4.3/s  eta=2947s  finite=29077
  [warn] sample 0 failed: 
  [87200/100000]  elapsed=20063s  rate=4.3/s  eta=2945s  finite=29080
  -> checkpoint saved: /scratch/e1498138/paper/ext/emri_g/lhs_f/ckpt_087200.pkl
  [warn] sample 1 failed: 
  [87210/100000]  elapsed=20066s  rate=4.3/s  eta=2943s  finite=29083
  [87220/100000]  elapsed=20068s  rate=4.3/s  eta=2940s  finite=29088
  [warn] sample 2 failed: 
  [87230/100000]  elapsed=20070s  rate=4.3/s  eta=2938s  finite=29091
  [87240/100000]  elapsed=20072s  rate=4.3/s  eta=2936s  finite=29094
  [87250/100000]  elapsed=20075s  rate=4.3/s  eta=2934s  finite=29098
  [87260/100000]  elapsed=20077s  rate=4.3/s  eta=2931s  finite=29104
  [87270/100000]  elapsed=20079s  rate=4.3/s  eta=2929s  finite=29108
  [warn] sample 0 failed: This a (0.66308145), p0 (13.580085) and e0 (0.8969145000000001) combination is outside of our domain of validity.
  [87280/100000]  elapsed=20081s  rate=4.3/s  eta=2927s  finite=29114
  [87290/100000]  elapsed=20084s  rate=4.3/s  eta=2924s  finite=29118
  [87300/100000]  elapsed=20086s  rate=4.3/s  eta=2922s  finite=29122
  -> checkpoint saved: /scratch/e1498138/paper/ext/emri_g/lhs_f/ckpt_087300.pkl
  [87310/100000]  elapsed=20089s  rate=4.3/s  eta=2920s  finite=29124
  [87320/100000]  elapsed=20091s  rate=4.3/s  eta=2917s  finite=29128
  [warn] sample 4 failed: 
  [87330/100000]  elapsed=20093s  rate=4.3/s  eta=2915s  finite=29132
  [87340/100000]  elapsed=20095s  rate=4.3/s  eta=2913s  finite=29136
  [87350/100000]  elapsed=20098s  rate=4.3/s  eta=2911s  finite=29141
  [87360/100000]  elapsed=20100s  rate=4.3/s  eta=2908s  finite=29145
  [warn] sample 4 failed: 
  [87370/100000]  elapsed=20102s  rate=4.3/s  eta=2906s  finite=29148
  [87380/100000]  elapsed=20105s  rate=4.3/s  eta=2904s  finite=29150
  [87390/100000]  elapsed=20107s  rate=4.3/s  eta=2901s  finite=29157
  [warn] sample 3 failed: This a (0.34541235), p0 (14.117715) and e0 (0.8893485000000001) combination is outside of our domain of validity.
  [87400/100000]  elapsed=20109s  rate=4.3/s  eta=2899s  finite=29162
  -> checkpoint saved: /scratch/e1498138/paper/ext/emri_g/lhs_f/ckpt_087400.pkl
  [87410/100000]  elapsed=20112s  rate=4.3/s  eta=2897s  finite=29164
  [87420/100000]  elapsed=20114s  rate=4.3/s  eta=2894s  finite=29166
  [87430/100000]  elapsed=20116s  rate=4.3/s  eta=2892s  finite=29168
  [87440/100000]  elapsed=20119s  rate=4.3/s  eta=2890s  finite=29172
  [87450/100000]  elapsed=20121s  rate=4.3/s  eta=2888s  finite=29175
  [87460/100000]  elapsed=20123s  rate=4.3/s  eta=2885s  finite=29178
  [87470/100000]  elapsed=20126s  rate=4.3/s  eta=2883s  finite=29179
  [warn] sample 6 failed: 
  [87480/100000]  elapsed=20128s  rate=4.3/s  eta=2881s  finite=29181
  [87490/100000]  elapsed=20130s  rate=4.3/s  eta=2878s  finite=29187
  [warn] sample 8 failed: This a (0.67605345), p0 (13.598685) and e0 (0.8981295) combination is outside of our domain of validity.
  [87500/100000]  elapsed=20132s  rate=4.3/s  eta=2876s  finite=29188
  -> checkpoint saved: /scratch/e1498138/paper/ext/emri_g/lhs_f/ckpt_087500.pkl
  [87510/100000]  elapsed=20135s  rate=4.3/s  eta=2874s  finite=29190
  [warn] sample 9 failed: This a (0.40515945), p0 (14.562405) and e0 (0.8975415) combination is outside of our domain of validity.
  [87520/100000]  elapsed=20137s  rate=4.3/s  eta=2871s  finite=29191
  [87530/100000]  elapsed=20139s  rate=4.3/s  eta=2869s  finite=29193
  [warn] sample 7 failed: 
  [87540/100000]  elapsed=20141s  rate=4.3/s  eta=2867s  finite=29196
  [87550/100000]  elapsed=20144s  rate=4.3/s  eta=2865s  finite=29198
  [87560/100000]  elapsed=20146s  rate=4.3/s  eta=2862s  finite=29199
  [87570/100000]  elapsed=20148s  rate=4.3/s  eta=2860s  finite=29204
  [warn] sample 4 failed: 
  [87580/100000]  elapsed=20151s  rate=4.3/s  eta=2858s  finite=29209
  [87590/100000]  elapsed=20153s  rate=4.3/s  eta=2855s  finite=29213
  [warn] sample 7 failed: 
  [87600/100000]  elapsed=20155s  rate=4.3/s  eta=2853s  finite=29213
  -> checkpoint saved: /scratch/e1498138/paper/ext/emri_g/lhs_f/ckpt_087600.pkl
  [87610/100000]  elapsed=20158s  rate=4.3/s  eta=2851s  finite=29216
  [87620/100000]  elapsed=20160s  rate=4.3/s  eta=2848s  finite=29219
  [87630/100000]  elapsed=20162s  rate=4.3/s  eta=2846s  finite=29221
  [87640/100000]  elapsed=20165s  rate=4.3/s  eta=2844s  finite=29224
  [87650/100000]  elapsed=20167s  rate=4.3/s  eta=2842s  finite=29226
  [87660/100000]  elapsed=20169s  rate=4.3/s  eta=2839s  finite=29232
  [87670/100000]  elapsed=20172s  rate=4.3/s  eta=2837s  finite=29235
  [87680/100000]  elapsed=20174s  rate=4.3/s  eta=2835s  finite=29237
  [87690/100000]  elapsed=20176s  rate=4.3/s  eta=2832s  finite=29240
  [87700/100000]  elapsed=20179s  rate=4.3/s  eta=2830s  finite=29244
  -> checkpoint saved: /scratch/e1498138/paper/ext/emri_g/lhs_f/ckpt_087700.pkl
  [87710/100000]  elapsed=20181s  rate=4.3/s  eta=2828s  finite=29246
  [warn] sample 1 failed: 
  [87720/100000]  elapsed=20183s  rate=4.3/s  eta=2825s  finite=29248
  [87730/100000]  elapsed=20185s  rate=4.3/s  eta=2823s  finite=29250
  [87740/100000]  elapsed=20188s  rate=4.3/s  eta=2821s  finite=29254
  [87750/100000]  elapsed=20190s  rate=4.3/s  eta=2819s  finite=29256
  [87760/100000]  elapsed=20193s  rate=4.3/s  eta=2816s  finite=29257
  [87770/100000]  elapsed=20195s  rate=4.3/s  eta=2814s  finite=29259
  [87780/100000]  elapsed=20197s  rate=4.3/s  eta=2812s  finite=29267
  [87790/100000]  elapsed=20200s  rate=4.3/s  eta=2809s  finite=29269
  [87800/100000]  elapsed=20202s  rate=4.3/s  eta=2807s  finite=29271
  -> checkpoint saved: /scratch/e1498138/paper/ext/emri_g/lhs_f/ckpt_087800.pkl
  [warn] sample 6 failed: 
  [87810/100000]  elapsed=20204s  rate=4.3/s  eta=2805s  finite=29275
  [87820/100000]  elapsed=20207s  rate=4.3/s  eta=2803s  finite=29276
  [warn] sample 7 failed: 
  [87830/100000]  elapsed=20209s  rate=4.3/s  eta=2800s  finite=29280
  [87840/100000]  elapsed=20211s  rate=4.3/s  eta=2798s  finite=29282
  [87850/100000]  elapsed=20214s  rate=4.3/s  eta=2796s  finite=29283
  [87860/100000]  elapsed=20216s  rate=4.3/s  eta=2793s  finite=29287
  [warn] sample 2 failed: This a (0.32281485), p0 (13.798185) and e0 (0.8941665000000001) combination is outside of our domain of validity.
  [87870/100000]  elapsed=20218s  rate=4.3/s  eta=2791s  finite=29293
  [87880/100000]  elapsed=20221s  rate=4.3/s  eta=2789s  finite=29297
  [87890/100000]  elapsed=20223s  rate=4.3/s  eta=2786s  finite=29299
  [warn] sample 0 failed: 
  [87900/100000]  elapsed=20226s  rate=4.3/s  eta=2784s  finite=29303
  -> checkpoint saved: /scratch/e1498138/paper/ext/emri_g/lhs_f/ckpt_087900.pkl
  [warn] sample 8 failed: 
  [87910/100000]  elapsed=20228s  rate=4.3/s  eta=2782s  finite=29304
  [87920/100000]  elapsed=20230s  rate=4.3/s  eta=2780s  finite=29308
  [87930/100000]  elapsed=20233s  rate=4.3/s  eta=2777s  finite=29310
  [87940/100000]  elapsed=20235s  rate=4.3/s  eta=2775s  finite=29313
  [87950/100000]  elapsed=20238s  rate=4.3/s  eta=2773s  finite=29315
  [87960/100000]  elapsed=20240s  rate=4.3/s  eta=2770s  finite=29320
  [87970/100000]  elapsed=20242s  rate=4.3/s  eta=2768s  finite=29324
  [87980/100000]  elapsed=20245s  rate=4.3/s  eta=2766s  finite=29330
  [warn] sample 2 failed: 
  [87990/100000]  elapsed=20247s  rate=4.3/s  eta=2764s  finite=29333
  [88000/100000]  elapsed=20249s  rate=4.3/s  eta=2761s  finite=29337
  -> checkpoint saved: /scratch/e1498138/paper/ext/emri_g/lhs_f/ckpt_088000.pkl
  [88010/100000]  elapsed=20252s  rate=4.3/s  eta=2759s  finite=29341
  [88020/100000]  elapsed=20254s  rate=4.3/s  eta=2757s  finite=29345
  [88030/100000]  elapsed=20256s  rate=4.3/s  eta=2754s  finite=29348
  [88040/100000]  elapsed=20259s  rate=4.3/s  eta=2752s  finite=29349
  [warn] sample 2 failed: 
  [warn] sample 3 failed: 
  [warn] sample 8 failed: This a (0.58825785), p0 (13.616055) and e0 (0.8951775000000001) combination is outside of our domain of validity.
  [88050/100000]  elapsed=20260s  rate=4.3/s  eta=2750s  finite=29351
  [88060/100000]  elapsed=20263s  rate=4.3/s  eta=2747s  finite=29353
  [88070/100000]  elapsed=20265s  rate=4.3/s  eta=2745s  finite=29354
  [88080/100000]  elapsed=20268s  rate=4.3/s  eta=2743s  finite=29359
  [88090/100000]  elapsed=20270s  rate=4.3/s  eta=2741s  finite=29359
  [88100/100000]  elapsed=20272s  rate=4.3/s  eta=2738s  finite=29363
  -> checkpoint saved: /scratch/e1498138/paper/ext/emri_g/lhs_f/ckpt_088100.pkl
  [88110/100000]  elapsed=20275s  rate=4.3/s  eta=2736s  finite=29366
  [88120/100000]  elapsed=20277s  rate=4.3/s  eta=2734s  finite=29369
  [warn] sample 6 failed: This a (0.50655495), p0 (13.869225) and e0 (0.8929005000000001) combination is outside of our domain of validity.
  [88130/100000]  elapsed=20279s  rate=4.3/s  eta=2731s  finite=29370
  [88140/100000]  elapsed=20282s  rate=4.3/s  eta=2729s  finite=29375
  [88150/100000]  elapsed=20284s  rate=4.3/s  eta=2727s  finite=29379
  [88160/100000]  elapsed=20286s  rate=4.3/s  eta=2724s  finite=29384
  [88170/100000]  elapsed=20289s  rate=4.3/s  eta=2722s  finite=29388
  [88180/100000]  elapsed=20291s  rate=4.3/s  eta=2720s  finite=29390
  [88190/100000]  elapsed=20293s  rate=4.3/s  eta=2718s  finite=29393
  [88200/100000]  elapsed=20296s  rate=4.3/s  eta=2715s  finite=29396
  -> checkpoint saved: /scratch/e1498138/paper/ext/emri_g/lhs_f/ckpt_088200.pkl
  [warn] sample 8 failed: This a (0.38342444999999997), p0 (14.263605) and e0 (0.8994915) combination is outside of our domain of validity.
  [88210/100000]  elapsed=20298s  rate=4.3/s  eta=2713s  finite=29400
  [88220/100000]  elapsed=20300s  rate=4.3/s  eta=2711s  finite=29406
  [warn] sample 4 failed: 
  [88230/100000]  elapsed=20302s  rate=4.3/s  eta=2708s  finite=29412
  [88240/100000]  elapsed=20305s  rate=4.3/s  eta=2706s  finite=29416
  [88250/100000]  elapsed=20307s  rate=4.3/s  eta=2704s  finite=29420
  [88260/100000]  elapsed=20309s  rate=4.3/s  eta=2701s  finite=29424
  [88270/100000]  elapsed=20312s  rate=4.3/s  eta=2699s  finite=29429
  [88280/100000]  elapsed=20314s  rate=4.3/s  eta=2697s  finite=29435
  [88290/100000]  elapsed=20316s  rate=4.3/s  eta=2695s  finite=29438
  [88300/100000]  elapsed=20318s  rate=4.3/s  eta=2692s  finite=29441
  -> checkpoint saved: /scratch/e1498138/paper/ext/emri_g/lhs_f/ckpt_088300.pkl
  [warn] sample 0 failed: 
  [warn] sample 8 failed: 
  [88310/100000]  elapsed=20320s  rate=4.3/s  eta=2690s  finite=29443
  [88320/100000]  elapsed=20323s  rate=4.3/s  eta=2688s  finite=29445
  [88330/100000]  elapsed=20325s  rate=4.3/s  eta=2685s  finite=29449
  [88340/100000]  elapsed=20327s  rate=4.3/s  eta=2683s  finite=29452
  [88350/100000]  elapsed=20330s  rate=4.3/s  eta=2681s  finite=29455
  [88360/100000]  elapsed=20332s  rate=4.3/s  eta=2678s  finite=29456
  [88370/100000]  elapsed=20334s  rate=4.3/s  eta=2676s  finite=29460
  [88380/100000]  elapsed=20336s  rate=4.3/s  eta=2674s  finite=29463
  [warn] sample 6 failed: 
  [warn] sample 9 failed: 
  [88390/100000]  elapsed=20338s  rate=4.3/s  eta=2671s  finite=29468
  [88400/100000]  elapsed=20341s  rate=4.3/s  eta=2669s  finite=29472
  -> checkpoint saved: /scratch/e1498138/paper/ext/emri_g/lhs_f/ckpt_088400.pkl
  [88410/100000]  elapsed=20343s  rate=4.3/s  eta=2667s  finite=29475
  [warn] sample 0 failed: 
  [88420/100000]  elapsed=20346s  rate=4.3/s  eta=2665s  finite=29477
  [88430/100000]  elapsed=20348s  rate=4.3/s  eta=2662s  finite=29482
  [88440/100000]  elapsed=20350s  rate=4.3/s  eta=2660s  finite=29485
  [88450/100000]  elapsed=20352s  rate=4.3/s  eta=2658s  finite=29487
  [88460/100000]  elapsed=20355s  rate=4.3/s  eta=2655s  finite=29490
  [88470/100000]  elapsed=20357s  rate=4.3/s  eta=2653s  finite=29491
  [88480/100000]  elapsed=20359s  rate=4.3/s  eta=2651s  finite=29494
  [88490/100000]  elapsed=20361s  rate=4.3/s  eta=2648s  finite=29496
  [88500/100000]  elapsed=20364s  rate=4.3/s  eta=2646s  finite=29499
  -> checkpoint saved: /scratch/e1498138/paper/ext/emri_g/lhs_f/ckpt_088500.pkl
  [warn] sample 0 failed: 
  [88510/100000]  elapsed=20366s  rate=4.3/s  eta=2644s  finite=29501
  [88520/100000]  elapsed=20368s  rate=4.3/s  eta=2642s  finite=29503
  [88530/100000]  elapsed=20371s  rate=4.3/s  eta=2639s  finite=29506
  [88540/100000]  elapsed=20373s  rate=4.3/s  eta=2637s  finite=29509
  [warn] sample 5 failed: 
  [warn] sample 7 failed: This a (0.40785735), p0 (14.619465) and e0 (0.8988855) combination is outside of our domain of validity.
  [88550/100000]  elapsed=20375s  rate=4.3/s  eta=2635s  finite=29512
  [88560/100000]  elapsed=20377s  rate=4.3/s  eta=2632s  finite=29514
  [88570/100000]  elapsed=20380s  rate=4.3/s  eta=2630s  finite=29518
  [88580/100000]  elapsed=20382s  rate=4.3/s  eta=2628s  finite=29519
  [88590/100000]  elapsed=20384s  rate=4.3/s  eta=2625s  finite=29523
  [warn] sample 6 failed: This a (0.43921095), p0 (14.380245) and e0 (0.8980935000000001) combination is outside of our domain of validity.
  [88600/100000]  elapsed=20387s  rate=4.3/s  eta=2623s  finite=29529
  -> checkpoint saved: /scratch/e1498138/paper/ext/emri_g/lhs_f/ckpt_088600.pkl
  [88610/100000]  elapsed=20389s  rate=4.3/s  eta=2621s  finite=29532
  [88620/100000]  elapsed=20391s  rate=4.3/s  eta=2619s  finite=29536
  [88630/100000]  elapsed=20394s  rate=4.3/s  eta=2616s  finite=29540
  [88640/100000]  elapsed=20396s  rate=4.3/s  eta=2614s  finite=29544
  [88650/100000]  elapsed=20398s  rate=4.3/s  eta=2612s  finite=29547
  [warn] sample 4 failed: This a (0.5610925499999999), p0 (13.912605) and e0 (0.8957475) combination is outside of our domain of validity.
  [88660/100000]  elapsed=20401s  rate=4.3/s  eta=2609s  finite=29551
  [88670/100000]  elapsed=20403s  rate=4.3/s  eta=2607s  finite=29553
  [88680/100000]  elapsed=20405s  rate=4.3/s  eta=2605s  finite=29557
  [88690/100000]  elapsed=20408s  rate=4.3/s  eta=2602s  finite=29561
  [88700/100000]  elapsed=20410s  rate=4.3/s  eta=2600s  finite=29567
  -> checkpoint saved: /scratch/e1498138/paper/ext/emri_g/lhs_f/ckpt_088700.pkl
  [88710/100000]  elapsed=20413s  rate=4.3/s  eta=2598s  finite=29572
  [88720/100000]  elapsed=20415s  rate=4.3/s  eta=2596s  finite=29576
  [88730/100000]  elapsed=20417s  rate=4.3/s  eta=2593s  finite=29580
  [88740/100000]  elapsed=20420s  rate=4.3/s  eta=2591s  finite=29585
  [warn] sample 2 failed: 
  [88750/100000]  elapsed=20422s  rate=4.3/s  eta=2589s  finite=29586
  [88760/100000]  elapsed=20424s  rate=4.3/s  eta=2586s  finite=29592
  [88770/100000]  elapsed=20427s  rate=4.3/s  eta=2584s  finite=29596
  [88780/100000]  elapsed=20429s  rate=4.3/s  eta=2582s  finite=29598
  [88790/100000]  elapsed=20431s  rate=4.3/s  eta=2579s  finite=29601
  [warn] sample 9 failed: 
  [88800/100000]  elapsed=20433s  rate=4.3/s  eta=2577s  finite=29606
  -> checkpoint saved: /scratch/e1498138/paper/ext/emri_g/lhs_f/ckpt_088800.pkl
  [88810/100000]  elapsed=20436s  rate=4.3/s  eta=2575s  finite=29611
  [88820/100000]  elapsed=20438s  rate=4.3/s  eta=2573s  finite=29619
  [88830/100000]  elapsed=20440s  rate=4.3/s  eta=2570s  finite=29624
  [88840/100000]  elapsed=20443s  rate=4.3/s  eta=2568s  finite=29627
  [88850/100000]  elapsed=20445s  rate=4.3/s  eta=2566s  finite=29631
  [88860/100000]  elapsed=20447s  rate=4.3/s  eta=2563s  finite=29635
  [warn] sample 8 failed: 
  [88870/100000]  elapsed=20450s  rate=4.3/s  eta=2561s  finite=29640
  [88880/100000]  elapsed=20452s  rate=4.3/s  eta=2559s  finite=29643
  [88890/100000]  elapsed=20454s  rate=4.3/s  eta=2556s  finite=29646
  [warn] sample 0 failed: 
  [88900/100000]  elapsed=20456s  rate=4.3/s  eta=2554s  finite=29648
  -> checkpoint saved: /scratch/e1498138/paper/ext/emri_g/lhs_f/ckpt_088900.pkl
  [88910/100000]  elapsed=20459s  rate=4.3/s  eta=2552s  finite=29652
  [88920/100000]  elapsed=20461s  rate=4.3/s  eta=2550s  finite=29655
  [88930/100000]  elapsed=20463s  rate=4.3/s  eta=2547s  finite=29657
  [88940/100000]  elapsed=20466s  rate=4.3/s  eta=2545s  finite=29663
  [88950/100000]  elapsed=20468s  rate=4.3/s  eta=2543s  finite=29664
  [88960/100000]  elapsed=20470s  rate=4.3/s  eta=2540s  finite=29668
  [88970/100000]  elapsed=20473s  rate=4.3/s  eta=2538s  finite=29671
  [88980/100000]  elapsed=20475s  rate=4.3/s  eta=2536s  finite=29679
  [88990/100000]  elapsed=20478s  rate=4.3/s  eta=2534s  finite=29684
  [89000/100000]  elapsed=20480s  rate=4.3/s  eta=2531s  finite=29687
  -> checkpoint saved: /scratch/e1498138/paper/ext/emri_g/lhs_f/ckpt_089000.pkl
  [89010/100000]  elapsed=20482s  rate=4.3/s  eta=2529s  finite=29693
  [89020/100000]  elapsed=20485s  rate=4.3/s  eta=2527s  finite=29695
  [89030/100000]  elapsed=20487s  rate=4.3/s  eta=2524s  finite=29697
  [89040/100000]  elapsed=20489s  rate=4.3/s  eta=2522s  finite=29702
  [warn] sample 5 failed: This a (0.32735505), p0 (14.025045) and e0 (0.8973885) combination is outside of our domain of validity.
  [89050/100000]  elapsed=20491s  rate=4.3/s  eta=2520s  finite=29705
  [89060/100000]  elapsed=20494s  rate=4.3/s  eta=2517s  finite=29708
  [89070/100000]  elapsed=20496s  rate=4.3/s  eta=2515s  finite=29711
  [89080/100000]  elapsed=20498s  rate=4.3/s  eta=2513s  finite=29714
  [89090/100000]  elapsed=20500s  rate=4.3/s  eta=2510s  finite=29717
  [89100/100000]  elapsed=20503s  rate=4.3/s  eta=2508s  finite=29721
  -> checkpoint saved: /scratch/e1498138/paper/ext/emri_g/lhs_f/ckpt_089100.pkl
  [warn] sample 5 failed: This a (0.33373065), p0 (13.644915) and e0 (0.8894325000000001) combination is outside of our domain of validity.
  [89110/100000]  elapsed=20505s  rate=4.3/s  eta=2506s  finite=29723
  [warn] sample 1 failed: 
  [warn] sample 6 failed: 
  [89120/100000]  elapsed=20507s  rate=4.3/s  eta=2504s  finite=29724
  [89130/100000]  elapsed=20509s  rate=4.3/s  eta=2501s  finite=29728
  [89140/100000]  elapsed=20512s  rate=4.3/s  eta=2499s  finite=29732
  [89150/100000]  elapsed=20514s  rate=4.3/s  eta=2497s  finite=29735
  [89160/100000]  elapsed=20516s  rate=4.3/s  eta=2494s  finite=29738
  [89170/100000]  elapsed=20519s  rate=4.3/s  eta=2492s  finite=29742
  [89180/100000]  elapsed=20521s  rate=4.3/s  eta=2490s  finite=29746
  [89190/100000]  elapsed=20523s  rate=4.3/s  eta=2487s  finite=29750
  [89200/100000]  elapsed=20526s  rate=4.3/s  eta=2485s  finite=29754
  -> checkpoint saved: /scratch/e1498138/paper/ext/emri_g/lhs_f/ckpt_089200.pkl
  [89210/100000]  elapsed=20528s  rate=4.3/s  eta=2483s  finite=29757
  [89220/100000]  elapsed=20530s  rate=4.3/s  eta=2481s  finite=29762
  [89230/100000]  elapsed=20533s  rate=4.3/s  eta=2478s  finite=29764
  [89240/100000]  elapsed=20535s  rate=4.3/s  eta=2476s  finite=29767
  [89250/100000]  elapsed=20537s  rate=4.3/s  eta=2474s  finite=29770
  [89260/100000]  elapsed=20540s  rate=4.3/s  eta=2471s  finite=29775
  [89270/100000]  elapsed=20542s  rate=4.3/s  eta=2469s  finite=29778
  [89280/100000]  elapsed=20544s  rate=4.3/s  eta=2467s  finite=29782
  [89290/100000]  elapsed=20547s  rate=4.3/s  eta=2464s  finite=29783
  [89300/100000]  elapsed=20549s  rate=4.3/s  eta=2462s  finite=29785
  -> checkpoint saved: /scratch/e1498138/paper/ext/emri_g/lhs_f/ckpt_089300.pkl
  [89310/100000]  elapsed=20552s  rate=4.3/s  eta=2460s  finite=29787
  [warn] sample 3 failed: 
  [89320/100000]  elapsed=20554s  rate=4.3/s  eta=2458s  finite=29791
  [89330/100000]  elapsed=20556s  rate=4.3/s  eta=2455s  finite=29796
  [89340/100000]  elapsed=20558s  rate=4.3/s  eta=2453s  finite=29797
  [warn] sample 9 failed: 
  [89350/100000]  elapsed=20561s  rate=4.3/s  eta=2451s  finite=29799
  [89360/100000]  elapsed=20563s  rate=4.3/s  eta=2448s  finite=29802
  [89370/100000]  elapsed=20565s  rate=4.3/s  eta=2446s  finite=29808
  [89380/100000]  elapsed=20568s  rate=4.3/s  eta=2444s  finite=29809
  [89390/100000]  elapsed=20570s  rate=4.3/s  eta=2442s  finite=29811
  [89400/100000]  elapsed=20572s  rate=4.3/s  eta=2439s  finite=29814
  -> checkpoint saved: /scratch/e1498138/paper/ext/emri_g/lhs_f/ckpt_089400.pkl
  [89410/100000]  elapsed=20575s  rate=4.3/s  eta=2437s  finite=29817
  [89420/100000]  elapsed=20577s  rate=4.3/s  eta=2435s  finite=29821
  [89430/100000]  elapsed=20580s  rate=4.3/s  eta=2432s  finite=29824
  [89440/100000]  elapsed=20582s  rate=4.3/s  eta=2430s  finite=29828
  [89450/100000]  elapsed=20584s  rate=4.3/s  eta=2428s  finite=29830
  [89460/100000]  elapsed=20587s  rate=4.3/s  eta=2425s  finite=29833
  [89470/100000]  elapsed=20589s  rate=4.3/s  eta=2423s  finite=29837
  [89480/100000]  elapsed=20592s  rate=4.3/s  eta=2421s  finite=29840
  [warn] sample 6 failed: 
  [89490/100000]  elapsed=20594s  rate=4.3/s  eta=2419s  finite=29845
  [89500/100000]  elapsed=20596s  rate=4.3/s  eta=2416s  finite=29848
  -> checkpoint saved: /scratch/e1498138/paper/ext/emri_g/lhs_f/ckpt_089500.pkl
  [89510/100000]  elapsed=20599s  rate=4.3/s  eta=2414s  finite=29853
  [89520/100000]  elapsed=20601s  rate=4.3/s  eta=2412s  finite=29858
  [warn] sample 0 failed: 
  [89530/100000]  elapsed=20603s  rate=4.3/s  eta=2409s  finite=29862
  [89540/100000]  elapsed=20606s  rate=4.3/s  eta=2407s  finite=29866
  [89550/100000]  elapsed=20608s  rate=4.3/s  eta=2405s  finite=29870
  [89560/100000]  elapsed=20610s  rate=4.3/s  eta=2403s  finite=29875
  [89570/100000]  elapsed=20613s  rate=4.3/s  eta=2400s  finite=29876
  [warn] sample 2 failed: This a (0.41044484999999997), p0 (13.834185) and e0 (0.8906175000000001) combination is outside of our domain of validity.
  [89580/100000]  elapsed=20615s  rate=4.3/s  eta=2398s  finite=29878
  [warn] sample 7 failed: 
  [89590/100000]  elapsed=20617s  rate=4.3/s  eta=2396s  finite=29883
  [89600/100000]  elapsed=20619s  rate=4.3/s  eta=2393s  finite=29886
  -> checkpoint saved: /scratch/e1498138/paper/ext/emri_g/lhs_f/ckpt_089600.pkl
  [89610/100000]  elapsed=20622s  rate=4.3/s  eta=2391s  finite=29889
  [89620/100000]  elapsed=20624s  rate=4.3/s  eta=2389s  finite=29893
  [89630/100000]  elapsed=20626s  rate=4.3/s  eta=2386s  finite=29896
  [warn] sample 4 failed: 
  [89640/100000]  elapsed=20629s  rate=4.3/s  eta=2384s  finite=29897
  [89650/100000]  elapsed=20631s  rate=4.3/s  eta=2382s  finite=29901
  [89660/100000]  elapsed=20633s  rate=4.3/s  eta=2380s  finite=29905
  [89670/100000]  elapsed=20636s  rate=4.3/s  eta=2377s  finite=29909
  [89680/100000]  elapsed=20638s  rate=4.3/s  eta=2375s  finite=29911
  [89690/100000]  elapsed=20640s  rate=4.3/s  eta=2373s  finite=29914
  [89700/100000]  elapsed=20643s  rate=4.3/s  eta=2370s  finite=29918
  -> checkpoint saved: /scratch/e1498138/paper/ext/emri_g/lhs_f/ckpt_089700.pkl
  [warn] sample 3 failed: 
  [89710/100000]  elapsed=20645s  rate=4.3/s  eta=2368s  finite=29919
  [89720/100000]  elapsed=20647s  rate=4.3/s  eta=2366s  finite=29920
  [89730/100000]  elapsed=20649s  rate=4.3/s  eta=2363s  finite=29922
  [warn] sample 3 failed: 
  [89740/100000]  elapsed=20651s  rate=4.3/s  eta=2361s  finite=29928
  [89750/100000]  elapsed=20654s  rate=4.3/s  eta=2359s  finite=29932
  [89760/100000]  elapsed=20656s  rate=4.3/s  eta=2356s  finite=29936
  [89770/100000]  elapsed=20658s  rate=4.3/s  eta=2354s  finite=29941
  [warn] sample 6 failed: 
  [89780/100000]  elapsed=20661s  rate=4.3/s  eta=2352s  finite=29943
  [89790/100000]  elapsed=20663s  rate=4.3/s  eta=2350s  finite=29945
  [89800/100000]  elapsed=20665s  rate=4.3/s  eta=2347s  finite=29946
  -> checkpoint saved: /scratch/e1498138/paper/ext/emri_g/lhs_f/ckpt_089800.pkl
  [89810/100000]  elapsed=20668s  rate=4.3/s  eta=2345s  finite=29948
  [89820/100000]  elapsed=20670s  rate=4.3/s  eta=2343s  finite=29949
  [warn] sample 8 failed: This a (0.38340375), p0 (14.507385) and e0 (0.8945115) combination is outside of our domain of validity.
  [89830/100000]  elapsed=20672s  rate=4.3/s  eta=2340s  finite=29953
  [89840/100000]  elapsed=20675s  rate=4.3/s  eta=2338s  finite=29955
  [89850/100000]  elapsed=20677s  rate=4.3/s  eta=2336s  finite=29955
  [89860/100000]  elapsed=20679s  rate=4.3/s  eta=2333s  finite=29957
  [89870/100000]  elapsed=20682s  rate=4.3/s  eta=2331s  finite=29961
  [89880/100000]  elapsed=20684s  rate=4.3/s  eta=2329s  finite=29962
  [89890/100000]  elapsed=20686s  rate=4.3/s  eta=2327s  finite=29964
  [89900/100000]  elapsed=20689s  rate=4.3/s  eta=2324s  finite=29968
  -> checkpoint saved: /scratch/e1498138/paper/ext/emri_g/lhs_f/ckpt_089900.pkl
  [89910/100000]  elapsed=20691s  rate=4.3/s  eta=2322s  finite=29972
  [89920/100000]  elapsed=20693s  rate=4.3/s  eta=2320s  finite=29975
  [89930/100000]  elapsed=20696s  rate=4.3/s  eta=2317s  finite=29979
  [89940/100000]  elapsed=20698s  rate=4.3/s  eta=2315s  finite=29980
  [89950/100000]  elapsed=20700s  rate=4.3/s  eta=2313s  finite=29987
  [89960/100000]  elapsed=20703s  rate=4.3/s  eta=2311s  finite=29991
  [warn] sample 2 failed: This a (0.5293042499999999), p0 (14.029605) and e0 (0.8988975000000001) combination is outside of our domain of validity.
  [89970/100000]  elapsed=20705s  rate=4.3/s  eta=2308s  finite=29994
  [warn] sample 0 failed: 
  [89980/100000]  elapsed=20707s  rate=4.3/s  eta=2306s  finite=30000
  [89990/100000]  elapsed=20709s  rate=4.3/s  eta=2304s  finite=30002
  [90000/100000]  elapsed=20711s  rate=4.3/s  eta=2301s  finite=30005
  -> checkpoint saved: /scratch/e1498138/paper/ext/emri_g/lhs_f/ckpt_090000.pkl
  [warn] sample 5 failed: This a (0.39871484999999995), p0 (14.283495) and e0 (0.8949255) combination is outside of our domain of validity.
  [90010/100000]  elapsed=20713s  rate=4.3/s  eta=2299s  finite=30007
  [90020/100000]  elapsed=20716s  rate=4.3/s  eta=2297s  finite=30008
  [warn] sample 1 failed: This a (0.53049105), p0 (13.565145) and e0 (0.8919375) combination is outside of our domain of validity.
  [90030/100000]  elapsed=20718s  rate=4.3/s  eta=2294s  finite=30011
  [90040/100000]  elapsed=20720s  rate=4.3/s  eta=2292s  finite=30017
  [90050/100000]  elapsed=20722s  rate=4.3/s  eta=2290s  finite=30018
  [90060/100000]  elapsed=20724s  rate=4.3/s  eta=2287s  finite=30019
  [90070/100000]  elapsed=20726s  rate=4.3/s  eta=2285s  finite=30023
  [90080/100000]  elapsed=20729s  rate=4.3/s  eta=2283s  finite=30028
  [90090/100000]  elapsed=20731s  rate=4.3/s  eta=2280s  finite=30034
  [90100/100000]  elapsed=20733s  rate=4.3/s  eta=2278s  finite=30035
  -> checkpoint saved: /scratch/e1498138/paper/ext/emri_g/lhs_f/ckpt_090100.pkl
  [90110/100000]  elapsed=20736s  rate=4.3/s  eta=2276s  finite=30037
  [90120/100000]  elapsed=20738s  rate=4.3/s  eta=2274s  finite=30039
  [90130/100000]  elapsed=20740s  rate=4.3/s  eta=2271s  finite=30042
  [90140/100000]  elapsed=20743s  rate=4.3/s  eta=2269s  finite=30043
  [90150/100000]  elapsed=20745s  rate=4.3/s  eta=2267s  finite=30046
  [90160/100000]  elapsed=20747s  rate=4.3/s  eta=2264s  finite=30047
  [warn] sample 5 failed: 
  [90170/100000]  elapsed=20749s  rate=4.3/s  eta=2262s  finite=30055
  [warn] sample 6 failed: 
  [90180/100000]  elapsed=20751s  rate=4.3/s  eta=2260s  finite=30057
  [warn] sample 3 failed: 
  [90190/100000]  elapsed=20753s  rate=4.3/s  eta=2257s  finite=30058
  [90200/100000]  elapsed=20756s  rate=4.3/s  eta=2255s  finite=30063
  -> checkpoint saved: /scratch/e1498138/paper/ext/emri_g/lhs_f/ckpt_090200.pkl
  [90210/100000]  elapsed=20758s  rate=4.3/s  eta=2253s  finite=30065
  [warn] sample 3 failed: 
  [90220/100000]  elapsed=20760s  rate=4.3/s  eta=2250s  finite=30069
  [90230/100000]  elapsed=20763s  rate=4.3/s  eta=2248s  finite=30070
  [90240/100000]  elapsed=20765s  rate=4.3/s  eta=2246s  finite=30072
  [90250/100000]  elapsed=20767s  rate=4.3/s  eta=2244s  finite=30075
  [90260/100000]  elapsed=20770s  rate=4.3/s  eta=2241s  finite=30082
  [90270/100000]  elapsed=20772s  rate=4.3/s  eta=2239s  finite=30084
  [90280/100000]  elapsed=20774s  rate=4.3/s  eta=2237s  finite=30086
  [90290/100000]  elapsed=20777s  rate=4.3/s  eta=2234s  finite=30090
  [90300/100000]  elapsed=20779s  rate=4.3/s  eta=2232s  finite=30092
  -> checkpoint saved: /scratch/e1498138/paper/ext/emri_g/lhs_f/ckpt_090300.pkl
  [90310/100000]  elapsed=20781s  rate=4.3/s  eta=2230s  finite=30096
  [warn] sample 8 failed: 
  [90320/100000]  elapsed=20784s  rate=4.3/s  eta=2227s  finite=30099
  [90330/100000]  elapsed=20786s  rate=4.3/s  eta=2225s  finite=30104
  [90340/100000]  elapsed=20788s  rate=4.3/s  eta=2223s  finite=30108
  [90350/100000]  elapsed=20790s  rate=4.3/s  eta=2221s  finite=30110
  [90360/100000]  elapsed=20793s  rate=4.3/s  eta=2218s  finite=30114
  [90370/100000]  elapsed=20795s  rate=4.3/s  eta=2216s  finite=30119
  [90380/100000]  elapsed=20797s  rate=4.3/s  eta=2214s  finite=30125
  [warn] sample 5 failed: 
  [90390/100000]  elapsed=20799s  rate=4.3/s  eta=2211s  finite=30129
  [90400/100000]  elapsed=20802s  rate=4.3/s  eta=2209s  finite=30134
  -> checkpoint saved: /scratch/e1498138/paper/ext/emri_g/lhs_f/ckpt_090400.pkl
  [90410/100000]  elapsed=20804s  rate=4.3/s  eta=2207s  finite=30138
  [warn] sample 2 failed: This a (0.6294646500000001), p0 (13.834905) and e0 (0.8983725) combination is outside of our domain of validity.
  [90420/100000]  elapsed=20806s  rate=4.3/s  eta=2204s  finite=30140
  [90430/100000]  elapsed=20809s  rate=4.3/s  eta=2202s  finite=30146
  [90440/100000]  elapsed=20811s  rate=4.3/s  eta=2200s  finite=30148
  [90450/100000]  elapsed=20813s  rate=4.3/s  eta=2198s  finite=30152
  [90460/100000]  elapsed=20816s  rate=4.3/s  eta=2195s  finite=30154
  [90470/100000]  elapsed=20818s  rate=4.3/s  eta=2193s  finite=30157
  [warn] sample 1 failed: This a (0.41944935), p0 (13.720815) and e0 (0.8946525000000001) combination is outside of our domain of validity.
  [90480/100000]  elapsed=20820s  rate=4.3/s  eta=2191s  finite=30160
  [90490/100000]  elapsed=20822s  rate=4.3/s  eta=2188s  finite=30164
  [90500/100000]  elapsed=20825s  rate=4.3/s  eta=2186s  finite=30168
  -> checkpoint saved: /scratch/e1498138/paper/ext/emri_g/lhs_f/ckpt_090500.pkl
  [90510/100000]  elapsed=20827s  rate=4.3/s  eta=2184s  finite=30171
  [90520/100000]  elapsed=20829s  rate=4.3/s  eta=2181s  finite=30173
  [90530/100000]  elapsed=20831s  rate=4.3/s  eta=2179s  finite=30177
  [90540/100000]  elapsed=20834s  rate=4.3/s  eta=2177s  finite=30182
  [90550/100000]  elapsed=20836s  rate=4.3/s  eta=2175s  finite=30186
  [warn] sample 6 failed: This a (0.37363335), p0 (14.605395) and e0 (0.8951085000000001) combination is outside of our domain of validity.
  [90560/100000]  elapsed=20838s  rate=4.3/s  eta=2172s  finite=30190
  [90570/100000]  elapsed=20840s  rate=4.3/s  eta=2170s  finite=30194
  [90580/100000]  elapsed=20843s  rate=4.3/s  eta=2168s  finite=30194
  [warn] sample 9 failed: 
  [90590/100000]  elapsed=20845s  rate=4.3/s  eta=2165s  finite=30196
  [90600/100000]  elapsed=20847s  rate=4.3/s  eta=2163s  finite=30203
  -> checkpoint saved: /scratch/e1498138/paper/ext/emri_g/lhs_f/ckpt_090600.pkl
  [90610/100000]  elapsed=20850s  rate=4.3/s  eta=2161s  finite=30207
  [90620/100000]  elapsed=20852s  rate=4.3/s  eta=2158s  finite=30212
  [warn] sample 9 failed: 
  [90630/100000]  elapsed=20854s  rate=4.3/s  eta=2156s  finite=30214
  [90640/100000]  elapsed=20856s  rate=4.3/s  eta=2154s  finite=30218
  [90650/100000]  elapsed=20859s  rate=4.3/s  eta=2151s  finite=30222
  [warn] sample 6 failed: This a (0.32473995), p0 (14.448255) and e0 (0.8966325) combination is outside of our domain of validity.
  [90660/100000]  elapsed=20861s  rate=4.3/s  eta=2149s  finite=30224
  [90670/100000]  elapsed=20863s  rate=4.3/s  eta=2147s  finite=30228
  [90680/100000]  elapsed=20865s  rate=4.3/s  eta=2145s  finite=30232
  [90690/100000]  elapsed=20868s  rate=4.3/s  eta=2142s  finite=30235
  [warn] sample 9 failed: 
  [90700/100000]  elapsed=20870s  rate=4.3/s  eta=2140s  finite=30239
  -> checkpoint saved: /scratch/e1498138/paper/ext/emri_g/lhs_f/ckpt_090700.pkl
  [90710/100000]  elapsed=20872s  rate=4.3/s  eta=2138s  finite=30243
  [warn] sample 1 failed: This a (0.38757825), p0 (14.755155) and e0 (0.8982195000000001) combination is outside of our domain of validity.
  [90720/100000]  elapsed=20874s  rate=4.3/s  eta=2135s  finite=30244
  [90730/100000]  elapsed=20877s  rate=4.3/s  eta=2133s  finite=30246
  [warn] sample 7 failed: 
  [90740/100000]  elapsed=20879s  rate=4.3/s  eta=2131s  finite=30252
  [warn] sample 4 failed: 
  [90750/100000]  elapsed=20881s  rate=4.3/s  eta=2128s  finite=30252
  [90760/100000]  elapsed=20883s  rate=4.3/s  eta=2126s  finite=30256
  [90770/100000]  elapsed=20886s  rate=4.3/s  eta=2124s  finite=30261
  [90780/100000]  elapsed=20888s  rate=4.3/s  eta=2121s  finite=30264
  [90790/100000]  elapsed=20890s  rate=4.3/s  eta=2119s  finite=30268
  [90800/100000]  elapsed=20893s  rate=4.3/s  eta=2117s  finite=30274
  -> checkpoint saved: /scratch/e1498138/paper/ext/emri_g/lhs_f/ckpt_090800.pkl
  [warn] sample 9 failed: This a (0.32923185), p0 (14.673825) and e0 (0.8955555000000001) combination is outside of our domain of validity.
  [90810/100000]  elapsed=20895s  rate=4.3/s  eta=2115s  finite=30277
  [90820/100000]  elapsed=20897s  rate=4.3/s  eta=2112s  finite=30280
  [90830/100000]  elapsed=20900s  rate=4.3/s  eta=2110s  finite=30284
  [90840/100000]  elapsed=20902s  rate=4.3/s  eta=2108s  finite=30288
  [90850/100000]  elapsed=20904s  rate=4.3/s  eta=2105s  finite=30294
  [90860/100000]  elapsed=20906s  rate=4.3/s  eta=2103s  finite=30298
  [warn] sample 9 failed: 
  [90870/100000]  elapsed=20908s  rate=4.3/s  eta=2101s  finite=30301
  [90880/100000]  elapsed=20911s  rate=4.3/s  eta=2098s  finite=30306
  [90890/100000]  elapsed=20913s  rate=4.3/s  eta=2096s  finite=30312
  [90900/100000]  elapsed=20915s  rate=4.3/s  eta=2094s  finite=30317
  -> checkpoint saved: /scratch/e1498138/paper/ext/emri_g/lhs_f/ckpt_090900.pkl
  [90910/100000]  elapsed=20918s  rate=4.3/s  eta=2092s  finite=30322
  [warn] sample 5 failed: This a (0.59984295), p0 (13.681485) and e0 (0.8983995) combination is outside of our domain of validity.
  [90920/100000]  elapsed=20920s  rate=4.3/s  eta=2089s  finite=30326
  [90930/100000]  elapsed=20922s  rate=4.3/s  eta=2087s  finite=30329
  [90940/100000]  elapsed=20925s  rate=4.3/s  eta=2085s  finite=30332
  [90950/100000]  elapsed=20927s  rate=4.3/s  eta=2082s  finite=30333
  [warn] sample 0 failed: 
  [90960/100000]  elapsed=20929s  rate=4.3/s  eta=2080s  finite=30337
  [90970/100000]  elapsed=20931s  rate=4.3/s  eta=2078s  finite=30340
  [90980/100000]  elapsed=20934s  rate=4.3/s  eta=2075s  finite=30344
  [90990/100000]  elapsed=20936s  rate=4.3/s  eta=2073s  finite=30348
  [91000/100000]  elapsed=20938s  rate=4.3/s  eta=2071s  finite=30352
  -> checkpoint saved: /scratch/e1498138/paper/ext/emri_g/lhs_f/ckpt_091000.pkl
  [91010/100000]  elapsed=20941s  rate=4.3/s  eta=2069s  finite=30355
  [warn] sample 2 failed: This a (0.30407445), p0 (13.886925) and e0 (0.8935215000000001) combination is outside of our domain of validity.
  [warn] sample 3 failed: 
  [91020/100000]  elapsed=20943s  rate=4.3/s  eta=2066s  finite=30358
  [91030/100000]  elapsed=20945s  rate=4.3/s  eta=2064s  finite=30363
  [warn] sample 3 failed: 
  [91040/100000]  elapsed=20948s  rate=4.3/s  eta=2062s  finite=30365
  [91050/100000]  elapsed=20950s  rate=4.3/s  eta=2059s  finite=30369
  [91060/100000]  elapsed=20952s  rate=4.3/s  eta=2057s  finite=30373
  [warn] sample 1 failed: 
  [warn] sample 8 failed: 
  [91070/100000]  elapsed=20954s  rate=4.3/s  eta=2055s  finite=30375
  [warn] sample 8 failed: 
  [91080/100000]  elapsed=20957s  rate=4.3/s  eta=2052s  finite=30378
  [91090/100000]  elapsed=20959s  rate=4.3/s  eta=2050s  finite=30383
  [91100/100000]  elapsed=20961s  rate=4.3/s  eta=2048s  finite=30387
  -> checkpoint saved: /scratch/e1498138/paper/ext/emri_g/lhs_f/ckpt_091100.pkl
  [91110/100000]  elapsed=20964s  rate=4.3/s  eta=2046s  finite=30388
  [91120/100000]  elapsed=20966s  rate=4.3/s  eta=2043s  finite=30391
  [91130/100000]  elapsed=20968s  rate=4.3/s  eta=2041s  finite=30393
  [warn] sample 2 failed: 
  [91140/100000]  elapsed=20971s  rate=4.3/s  eta=2039s  finite=30397
  [91150/100000]  elapsed=20973s  rate=4.3/s  eta=2036s  finite=30400
  [91160/100000]  elapsed=20976s  rate=4.3/s  eta=2034s  finite=30406
  [91170/100000]  elapsed=20978s  rate=4.3/s  eta=2032s  finite=30409
  [91180/100000]  elapsed=20980s  rate=4.3/s  eta=2029s  finite=30410
  [91190/100000]  elapsed=20982s  rate=4.3/s  eta=2027s  finite=30413
  [91200/100000]  elapsed=20985s  rate=4.3/s  eta=2025s  finite=30414
  -> checkpoint saved: /scratch/e1498138/paper/ext/emri_g/lhs_f/ckpt_091200.pkl
  [91210/100000]  elapsed=20987s  rate=4.3/s  eta=2023s  finite=30419
  [91220/100000]  elapsed=20989s  rate=4.3/s  eta=2020s  finite=30421
  [91230/100000]  elapsed=20992s  rate=4.3/s  eta=2018s  finite=30423
  [91240/100000]  elapsed=20994s  rate=4.3/s  eta=2016s  finite=30426
  [91250/100000]  elapsed=20996s  rate=4.3/s  eta=2013s  finite=30430
  [91260/100000]  elapsed=20999s  rate=4.3/s  eta=2011s  finite=30433
  [91270/100000]  elapsed=21001s  rate=4.3/s  eta=2009s  finite=30438
  [91280/100000]  elapsed=21004s  rate=4.3/s  eta=2006s  finite=30442
  [warn] sample 3 failed: 
  [91290/100000]  elapsed=21006s  rate=4.3/s  eta=2004s  finite=30445
  [91300/100000]  elapsed=21008s  rate=4.3/s  eta=2002s  finite=30449
  -> checkpoint saved: /scratch/e1498138/paper/ext/emri_g/lhs_f/ckpt_091300.pkl
  [91310/100000]  elapsed=21010s  rate=4.3/s  eta=2000s  finite=30453
  [91320/100000]  elapsed=21013s  rate=4.3/s  eta=1997s  finite=30458
  [91330/100000]  elapsed=21015s  rate=4.3/s  eta=1995s  finite=30460
  [warn] sample 8 failed: 
  [91340/100000]  elapsed=21017s  rate=4.3/s  eta=1993s  finite=30464
  [warn] sample 4 failed: 
  [91350/100000]  elapsed=21019s  rate=4.3/s  eta=1990s  finite=30466
  [91360/100000]  elapsed=21022s  rate=4.3/s  eta=1988s  finite=30469
  [91370/100000]  elapsed=21024s  rate=4.3/s  eta=1986s  finite=30473
  [91380/100000]  elapsed=21027s  rate=4.3/s  eta=1983s  finite=30475
  [91390/100000]  elapsed=21029s  rate=4.3/s  eta=1981s  finite=30478
  [91400/100000]  elapsed=21031s  rate=4.3/s  eta=1979s  finite=30479
  -> checkpoint saved: /scratch/e1498138/paper/ext/emri_g/lhs_f/ckpt_091400.pkl
  [91410/100000]  elapsed=21034s  rate=4.3/s  eta=1977s  finite=30484
  [91420/100000]  elapsed=21036s  rate=4.3/s  eta=1974s  finite=30487
  [91430/100000]  elapsed=21038s  rate=4.3/s  eta=1972s  finite=30491
  [91440/100000]  elapsed=21041s  rate=4.3/s  eta=1970s  finite=30494
  [warn] sample 1 failed: This a (0.35536904999999996), p0 (15.016515) and e0 (0.8978385) combination is outside of our domain of validity.
  [91450/100000]  elapsed=21043s  rate=4.3/s  eta=1967s  finite=30498
  [warn] sample 1 failed: 
  [91460/100000]  elapsed=21045s  rate=4.3/s  eta=1965s  finite=30502
  [91470/100000]  elapsed=21048s  rate=4.3/s  eta=1963s  finite=30506
  [91480/100000]  elapsed=21050s  rate=4.3/s  eta=1960s  finite=30513
  [91490/100000]  elapsed=21052s  rate=4.3/s  eta=1958s  finite=30517
  [91500/100000]  elapsed=21055s  rate=4.3/s  eta=1956s  finite=30521
  -> checkpoint saved: /scratch/e1498138/paper/ext/emri_g/lhs_f/ckpt_091500.pkl
  [91510/100000]  elapsed=21057s  rate=4.3/s  eta=1954s  finite=30524
  [91520/100000]  elapsed=21060s  rate=4.3/s  eta=1951s  finite=30526
  [warn] sample 6 failed: 
  [91530/100000]  elapsed=21062s  rate=4.3/s  eta=1949s  finite=30529
  [91540/100000]  elapsed=21064s  rate=4.3/s  eta=1947s  finite=30532
  [91550/100000]  elapsed=21067s  rate=4.3/s  eta=1944s  finite=30538
  [warn] sample 8 failed: 
  [91560/100000]  elapsed=21069s  rate=4.3/s  eta=1942s  finite=30542
  [91570/100000]  elapsed=21071s  rate=4.3/s  eta=1940s  finite=30544
  [warn] sample 1 failed: 
  [91580/100000]  elapsed=21073s  rate=4.3/s  eta=1938s  finite=30547
  [91590/100000]  elapsed=21076s  rate=4.3/s  eta=1935s  finite=30552
  [91600/100000]  elapsed=21078s  rate=4.3/s  eta=1933s  finite=30555
  -> checkpoint saved: /scratch/e1498138/paper/ext/emri_g/lhs_f/ckpt_091600.pkl
  [91610/100000]  elapsed=21081s  rate=4.3/s  eta=1931s  finite=30559
  [91620/100000]  elapsed=21083s  rate=4.3/s  eta=1928s  finite=30564
  [91630/100000]  elapsed=21085s  rate=4.3/s  eta=1926s  finite=30568
  [91640/100000]  elapsed=21088s  rate=4.3/s  eta=1924s  finite=30571
  [91650/100000]  elapsed=21090s  rate=4.3/s  eta=1921s  finite=30572
  [91660/100000]  elapsed=21092s  rate=4.3/s  eta=1919s  finite=30574
  [warn] sample 9 failed: This a (0.46311945), p0 (13.973205) and e0 (0.8924505) combination is outside of our domain of validity.
  [91670/100000]  elapsed=21094s  rate=4.3/s  eta=1917s  finite=30576
  [91680/100000]  elapsed=21097s  rate=4.3/s  eta=1915s  finite=30580
  [91690/100000]  elapsed=21099s  rate=4.3/s  eta=1912s  finite=30585
  [91700/100000]  elapsed=21101s  rate=4.3/s  eta=1910s  finite=30590
  -> checkpoint saved: /scratch/e1498138/paper/ext/emri_g/lhs_f/ckpt_091700.pkl
  [91710/100000]  elapsed=21104s  rate=4.3/s  eta=1908s  finite=30595
  [91720/100000]  elapsed=21106s  rate=4.3/s  eta=1905s  finite=30598
  [91730/100000]  elapsed=21108s  rate=4.3/s  eta=1903s  finite=30601
  [warn] sample 7 failed: This a (0.43803795), p0 (14.328615) and e0 (0.8955345000000001) combination is outside of our domain of validity.
  [91740/100000]  elapsed=21110s  rate=4.3/s  eta=1901s  finite=30604
  [91750/100000]  elapsed=21113s  rate=4.3/s  eta=1898s  finite=30607
  [91760/100000]  elapsed=21115s  rate=4.3/s  eta=1896s  finite=30611
  [91770/100000]  elapsed=21117s  rate=4.3/s  eta=1894s  finite=30613
  [91780/100000]  elapsed=21120s  rate=4.3/s  eta=1892s  finite=30616
  [91790/100000]  elapsed=21122s  rate=4.3/s  eta=1889s  finite=30622
  [91800/100000]  elapsed=21124s  rate=4.3/s  eta=1887s  finite=30627
  -> checkpoint saved: /scratch/e1498138/paper/ext/emri_g/lhs_f/ckpt_091800.pkl
  [91810/100000]  elapsed=21126s  rate=4.3/s  eta=1885s  finite=30631
  [91820/100000]  elapsed=21129s  rate=4.3/s  eta=1882s  finite=30634
  [91830/100000]  elapsed=21131s  rate=4.3/s  eta=1880s  finite=30639
  [warn] sample 0 failed: 
  [91840/100000]  elapsed=21133s  rate=4.3/s  eta=1878s  finite=30642
  [warn] sample 2 failed: 
  [91850/100000]  elapsed=21136s  rate=4.3/s  eta=1875s  finite=30647
  [91860/100000]  elapsed=21138s  rate=4.3/s  eta=1873s  finite=30651
  [91870/100000]  elapsed=21140s  rate=4.3/s  eta=1871s  finite=30652
  [91880/100000]  elapsed=21142s  rate=4.3/s  eta=1868s  finite=30655
  [91890/100000]  elapsed=21145s  rate=4.3/s  eta=1866s  finite=30657
  [91900/100000]  elapsed=21147s  rate=4.3/s  eta=1864s  finite=30661
  -> checkpoint saved: /scratch/e1498138/paper/ext/emri_g/lhs_f/ckpt_091900.pkl
  [91910/100000]  elapsed=21149s  rate=4.3/s  eta=1862s  finite=30665
  [warn] sample 8 failed: 
  [91920/100000]  elapsed=21151s  rate=4.3/s  eta=1859s  finite=30668
  [warn] sample 1 failed: 
  [91930/100000]  elapsed=21153s  rate=4.3/s  eta=1857s  finite=30672
  [91940/100000]  elapsed=21156s  rate=4.3/s  eta=1855s  finite=30677
  [91950/100000]  elapsed=21158s  rate=4.3/s  eta=1852s  finite=30678
  [warn] sample 3 failed: 
  [91960/100000]  elapsed=21160s  rate=4.3/s  eta=1850s  finite=30681
  [warn] sample 7 failed: 
  [91970/100000]  elapsed=21162s  rate=4.3/s  eta=1848s  finite=30684
  [91980/100000]  elapsed=21165s  rate=4.3/s  eta=1845s  finite=30685
  [91990/100000]  elapsed=21167s  rate=4.3/s  eta=1843s  finite=30688
  [92000/100000]  elapsed=21169s  rate=4.3/s  eta=1841s  finite=30693
  -> checkpoint saved: /scratch/e1498138/paper/ext/emri_g/lhs_f/ckpt_092000.pkl
  [92010/100000]  elapsed=21172s  rate=4.3/s  eta=1839s  finite=30698
  [92020/100000]  elapsed=21174s  rate=4.3/s  eta=1836s  finite=30701
  [92030/100000]  elapsed=21176s  rate=4.3/s  eta=1834s  finite=30702
  [92040/100000]  elapsed=21178s  rate=4.3/s  eta=1832s  finite=30707
  [warn] sample 3 failed: 
  [92050/100000]  elapsed=21181s  rate=4.3/s  eta=1829s  finite=30709
  [92060/100000]  elapsed=21183s  rate=4.3/s  eta=1827s  finite=30716
  [92070/100000]  elapsed=21185s  rate=4.3/s  eta=1825s  finite=30720
  [warn] sample 5 failed: 
  [92080/100000]  elapsed=21188s  rate=4.3/s  eta=1822s  finite=30724
  [92090/100000]  elapsed=21190s  rate=4.3/s  eta=1820s  finite=30726
  [warn] sample 4 failed: 
  [92100/100000]  elapsed=21192s  rate=4.3/s  eta=1818s  finite=30730
  -> checkpoint saved: /scratch/e1498138/paper/ext/emri_g/lhs_f/ckpt_092100.pkl
  [92110/100000]  elapsed=21195s  rate=4.3/s  eta=1815s  finite=30733
  [92120/100000]  elapsed=21197s  rate=4.3/s  eta=1813s  finite=30737
  [92130/100000]  elapsed=21199s  rate=4.3/s  eta=1811s  finite=30740
  [92140/100000]  elapsed=21201s  rate=4.3/s  eta=1809s  finite=30741
  [92150/100000]  elapsed=21204s  rate=4.3/s  eta=1806s  finite=30746
  [92160/100000]  elapsed=21206s  rate=4.3/s  eta=1804s  finite=30749
  [92170/100000]  elapsed=21208s  rate=4.3/s  eta=1802s  finite=30750
  [92180/100000]  elapsed=21211s  rate=4.3/s  eta=1799s  finite=30755
  [warn] sample 7 failed: 
  [92190/100000]  elapsed=21213s  rate=4.3/s  eta=1797s  finite=30758
  [92200/100000]  elapsed=21215s  rate=4.3/s  eta=1795s  finite=30761
  -> checkpoint saved: /scratch/e1498138/paper/ext/emri_g/lhs_f/ckpt_092200.pkl
  [warn] sample 6 failed: 
  [92210/100000]  elapsed=21217s  rate=4.3/s  eta=1792s  finite=30764
  [92220/100000]  elapsed=21220s  rate=4.3/s  eta=1790s  finite=30768
  [warn] sample 3 failed: 
  [92230/100000]  elapsed=21222s  rate=4.3/s  eta=1788s  finite=30774
  [warn] sample 8 failed: This a (0.59489565), p0 (14.155395) and e0 (0.8996805000000001) combination is outside of our domain of validity.
  [92240/100000]  elapsed=21224s  rate=4.3/s  eta=1786s  finite=30776
  [warn] sample 1 failed: 
  [92250/100000]  elapsed=21226s  rate=4.3/s  eta=1783s  finite=30776
  [92260/100000]  elapsed=21229s  rate=4.3/s  eta=1781s  finite=30779
  [92270/100000]  elapsed=21231s  rate=4.3/s  eta=1779s  finite=30784
  [92280/100000]  elapsed=21233s  rate=4.3/s  eta=1776s  finite=30788
  [92290/100000]  elapsed=21236s  rate=4.3/s  eta=1774s  finite=30790
  [92300/100000]  elapsed=21238s  rate=4.3/s  eta=1772s  finite=30793
  -> checkpoint saved: /scratch/e1498138/paper/ext/emri_g/lhs_f/ckpt_092300.pkl
  [warn] sample 0 failed: 
  [92310/100000]  elapsed=21240s  rate=4.3/s  eta=1769s  finite=30794
  [92320/100000]  elapsed=21242s  rate=4.3/s  eta=1767s  finite=30800
  [92330/100000]  elapsed=21245s  rate=4.3/s  eta=1765s  finite=30804
  [92340/100000]  elapsed=21247s  rate=4.3/s  eta=1763s  finite=30808
  [92350/100000]  elapsed=21250s  rate=4.3/s  eta=1760s  finite=30813
  [92360/100000]  elapsed=21252s  rate=4.3/s  eta=1758s  finite=30814
  [92370/100000]  elapsed=21254s  rate=4.3/s  eta=1756s  finite=30817
  [92380/100000]  elapsed=21257s  rate=4.3/s  eta=1753s  finite=30820
  [92390/100000]  elapsed=21259s  rate=4.3/s  eta=1751s  finite=30822
  [92400/100000]  elapsed=21261s  rate=4.3/s  eta=1749s  finite=30826
  -> checkpoint saved: /scratch/e1498138/paper/ext/emri_g/lhs_f/ckpt_092400.pkl
  [92410/100000]  elapsed=21263s  rate=4.3/s  eta=1746s  finite=30828
  [92420/100000]  elapsed=21266s  rate=4.3/s  eta=1744s  finite=30832
  [92430/100000]  elapsed=21268s  rate=4.3/s  eta=1742s  finite=30835
  [92440/100000]  elapsed=21270s  rate=4.3/s  eta=1740s  finite=30837
  [92450/100000]  elapsed=21273s  rate=4.3/s  eta=1737s  finite=30838
  [92460/100000]  elapsed=21275s  rate=4.3/s  eta=1735s  finite=30845
  [warn] sample 9 failed: 
  [92470/100000]  elapsed=21277s  rate=4.3/s  eta=1733s  finite=30847
  [92480/100000]  elapsed=21279s  rate=4.3/s  eta=1730s  finite=30849
  [92490/100000]  elapsed=21282s  rate=4.3/s  eta=1728s  finite=30853
  [warn] sample 8 failed: 
  [92500/100000]  elapsed=21284s  rate=4.3/s  eta=1726s  finite=30858
  -> checkpoint saved: /scratch/e1498138/paper/ext/emri_g/lhs_f/ckpt_092500.pkl
  [92510/100000]  elapsed=21286s  rate=4.3/s  eta=1723s  finite=30862
  [92520/100000]  elapsed=21288s  rate=4.3/s  eta=1721s  finite=30865
  [92530/100000]  elapsed=21291s  rate=4.3/s  eta=1719s  finite=30870
  [92540/100000]  elapsed=21293s  rate=4.3/s  eta=1716s  finite=30872
  [92550/100000]  elapsed=21295s  rate=4.3/s  eta=1714s  finite=30877
  [92560/100000]  elapsed=21298s  rate=4.3/s  eta=1712s  finite=30879
  [92570/100000]  elapsed=21300s  rate=4.3/s  eta=1710s  finite=30880
  [92580/100000]  elapsed=21302s  rate=4.3/s  eta=1707s  finite=30884
  [92590/100000]  elapsed=21305s  rate=4.3/s  eta=1705s  finite=30886
  [92600/100000]  elapsed=21307s  rate=4.3/s  eta=1703s  finite=30888
  -> checkpoint saved: /scratch/e1498138/paper/ext/emri_g/lhs_f/ckpt_092600.pkl
  [92610/100000]  elapsed=21310s  rate=4.3/s  eta=1700s  finite=30890
  [warn] sample 4 failed: 
  [92620/100000]  elapsed=21312s  rate=4.3/s  eta=1698s  finite=30894
  [92630/100000]  elapsed=21314s  rate=4.3/s  eta=1696s  finite=30898
  [92640/100000]  elapsed=21317s  rate=4.3/s  eta=1694s  finite=30900
  [92650/100000]  elapsed=21319s  rate=4.3/s  eta=1691s  finite=30902
  [92660/100000]  elapsed=21321s  rate=4.3/s  eta=1689s  finite=30905
  [92670/100000]  elapsed=21323s  rate=4.3/s  eta=1687s  finite=30908
  [92680/100000]  elapsed=21326s  rate=4.3/s  eta=1684s  finite=30913
  [92690/100000]  elapsed=21328s  rate=4.3/s  eta=1682s  finite=30917
  [92700/100000]  elapsed=21330s  rate=4.3/s  eta=1680s  finite=30917
  -> checkpoint saved: /scratch/e1498138/paper/ext/emri_g/lhs_f/ckpt_092700.pkl
  [warn] sample 2 failed: 
  [92710/100000]  elapsed=21333s  rate=4.3/s  eta=1677s  finite=30919
  [92720/100000]  elapsed=21335s  rate=4.3/s  eta=1675s  finite=30921
  [warn] sample 3 failed: 
  [92730/100000]  elapsed=21337s  rate=4.3/s  eta=1673s  finite=30924
  [warn] sample 3 failed: 
  [92740/100000]  elapsed=21339s  rate=4.3/s  eta=1671s  finite=30925
  [92750/100000]  elapsed=21342s  rate=4.3/s  eta=1668s  finite=30927
  [warn] sample 3 failed: 
  [92760/100000]  elapsed=21344s  rate=4.3/s  eta=1666s  finite=30931
  [92770/100000]  elapsed=21346s  rate=4.3/s  eta=1664s  finite=30936
  [92780/100000]  elapsed=21349s  rate=4.3/s  eta=1661s  finite=30941
  [92790/100000]  elapsed=21351s  rate=4.3/s  eta=1659s  finite=30945
  [92800/100000]  elapsed=21354s  rate=4.3/s  eta=1657s  finite=30948
  -> checkpoint saved: /scratch/e1498138/paper/ext/emri_g/lhs_f/ckpt_092800.pkl
  [warn] sample 7 failed: 
  [92810/100000]  elapsed=21356s  rate=4.3/s  eta=1654s  finite=30951
  [92820/100000]  elapsed=21358s  rate=4.3/s  eta=1652s  finite=30957
  [92830/100000]  elapsed=21361s  rate=4.3/s  eta=1650s  finite=30961
  [92840/100000]  elapsed=21363s  rate=4.3/s  eta=1648s  finite=30963
  [92850/100000]  elapsed=21365s  rate=4.3/s  eta=1645s  finite=30968
  [92860/100000]  elapsed=21368s  rate=4.3/s  eta=1643s  finite=30973
  [92870/100000]  elapsed=21370s  rate=4.3/s  eta=1641s  finite=30979
  [warn] sample 6 failed: 
  [92880/100000]  elapsed=21372s  rate=4.3/s  eta=1638s  finite=30982
  [92890/100000]  elapsed=21375s  rate=4.3/s  eta=1636s  finite=30985
  [92900/100000]  elapsed=21377s  rate=4.3/s  eta=1634s  finite=30988
  -> checkpoint saved: /scratch/e1498138/paper/ext/emri_g/lhs_f/ckpt_092900.pkl
  [warn] sample 1 failed: 
  [92910/100000]  elapsed=21379s  rate=4.3/s  eta=1631s  finite=30990
  [92920/100000]  elapsed=21382s  rate=4.3/s  eta=1629s  finite=30991
  [92930/100000]  elapsed=21384s  rate=4.3/s  eta=1627s  finite=30995
  [92940/100000]  elapsed=21386s  rate=4.3/s  eta=1625s  finite=30999
  [92950/100000]  elapsed=21389s  rate=4.3/s  eta=1622s  finite=31003
  [92960/100000]  elapsed=21391s  rate=4.3/s  eta=1620s  finite=31009
  [92970/100000]  elapsed=21394s  rate=4.3/s  eta=1618s  finite=31016
  [92980/100000]  elapsed=21396s  rate=4.3/s  eta=1615s  finite=31019
  [92990/100000]  elapsed=21399s  rate=4.3/s  eta=1613s  finite=31023
  [warn] sample 3 failed: 
  [93000/100000]  elapsed=21401s  rate=4.3/s  eta=1611s  finite=31026
  -> checkpoint saved: /scratch/e1498138/paper/ext/emri_g/lhs_f/ckpt_093000.pkl
  [93010/100000]  elapsed=21404s  rate=4.3/s  eta=1609s  finite=31030
  [93020/100000]  elapsed=21406s  rate=4.3/s  eta=1606s  finite=31032
  [warn] sample 4 failed: 
  [93030/100000]  elapsed=21408s  rate=4.3/s  eta=1604s  finite=31036
  [93040/100000]  elapsed=21411s  rate=4.3/s  eta=1602s  finite=31041
  [warn] sample 6 failed: 
  [93050/100000]  elapsed=21413s  rate=4.3/s  eta=1599s  finite=31045
  [warn] sample 7 failed: 
  [93060/100000]  elapsed=21415s  rate=4.3/s  eta=1597s  finite=31046
  [warn] sample 0 failed: 
  [93070/100000]  elapsed=21417s  rate=4.3/s  eta=1595s  finite=31049
  [93080/100000]  elapsed=21420s  rate=4.3/s  eta=1592s  finite=31056
  [93090/100000]  elapsed=21422s  rate=4.3/s  eta=1590s  finite=31062
  [warn] sample 3 failed: This a (0.38355554999999997), p0 (14.895315) and e0 (0.8998065000000001) combination is outside of our domain of validity.
  [93100/100000]  elapsed=21424s  rate=4.3/s  eta=1588s  finite=31067
  -> checkpoint saved: /scratch/e1498138/paper/ext/emri_g/lhs_f/ckpt_093100.pkl
  [93110/100000]  elapsed=21427s  rate=4.3/s  eta=1586s  finite=31070
  [93120/100000]  elapsed=21429s  rate=4.3/s  eta=1583s  finite=31072
  [93130/100000]  elapsed=21431s  rate=4.3/s  eta=1581s  finite=31075
  [93140/100000]  elapsed=21433s  rate=4.3/s  eta=1579s  finite=31079
  [93150/100000]  elapsed=21436s  rate=4.3/s  eta=1576s  finite=31082
  [93160/100000]  elapsed=21438s  rate=4.3/s  eta=1574s  finite=31086
  [warn] sample 6 failed: 
  [warn] sample 8 failed: 
  [93170/100000]  elapsed=21440s  rate=4.3/s  eta=1572s  finite=31087
  [warn] sample 9 failed: 
  [93180/100000]  elapsed=21443s  rate=4.3/s  eta=1569s  finite=31090
  [93190/100000]  elapsed=21445s  rate=4.3/s  eta=1567s  finite=31093
  [93200/100000]  elapsed=21447s  rate=4.3/s  eta=1565s  finite=31099
  -> checkpoint saved: /scratch/e1498138/paper/ext/emri_g/lhs_f/ckpt_093200.pkl
  [93210/100000]  elapsed=21450s  rate=4.3/s  eta=1563s  finite=31104
  [93220/100000]  elapsed=21452s  rate=4.3/s  eta=1560s  finite=31108
  [93230/100000]  elapsed=21455s  rate=4.3/s  eta=1558s  finite=31112
  [93240/100000]  elapsed=21457s  rate=4.3/s  eta=1556s  finite=31116
  [93250/100000]  elapsed=21459s  rate=4.3/s  eta=1553s  finite=31119
  [93260/100000]  elapsed=21461s  rate=4.3/s  eta=1551s  finite=31122
  [93270/100000]  elapsed=21464s  rate=4.3/s  eta=1549s  finite=31126
  [93280/100000]  elapsed=21466s  rate=4.3/s  eta=1546s  finite=31130
  [93290/100000]  elapsed=21468s  rate=4.3/s  eta=1544s  finite=31134
  [warn] sample 1 failed: 
  [93300/100000]  elapsed=21471s  rate=4.3/s  eta=1542s  finite=31138
  -> checkpoint saved: /scratch/e1498138/paper/ext/emri_g/lhs_f/ckpt_093300.pkl
  [93310/100000]  elapsed=21473s  rate=4.3/s  eta=1540s  finite=31141
  [93320/100000]  elapsed=21475s  rate=4.3/s  eta=1537s  finite=31143
  [93330/100000]  elapsed=21478s  rate=4.3/s  eta=1535s  finite=31146
  [93340/100000]  elapsed=21480s  rate=4.3/s  eta=1533s  finite=31151
  [warn] sample 6 failed: 
  [93350/100000]  elapsed=21482s  rate=4.3/s  eta=1530s  finite=31153
  [93360/100000]  elapsed=21485s  rate=4.3/s  eta=1528s  finite=31157
  [93370/100000]  elapsed=21487s  rate=4.3/s  eta=1526s  finite=31164
  [93380/100000]  elapsed=21489s  rate=4.3/s  eta=1523s  finite=31167
  [93390/100000]  elapsed=21492s  rate=4.3/s  eta=1521s  finite=31171
  [warn] sample 3 failed: 
  [93400/100000]  elapsed=21494s  rate=4.3/s  eta=1519s  finite=31174
  -> checkpoint saved: /scratch/e1498138/paper/ext/emri_g/lhs_f/ckpt_093400.pkl
  [93410/100000]  elapsed=21496s  rate=4.3/s  eta=1517s  finite=31178
  [93420/100000]  elapsed=21499s  rate=4.3/s  eta=1514s  finite=31182
  [93430/100000]  elapsed=21501s  rate=4.3/s  eta=1512s  finite=31185
  [warn] sample 9 failed: 
  [93440/100000]  elapsed=21503s  rate=4.3/s  eta=1510s  finite=31188
  [93450/100000]  elapsed=21505s  rate=4.3/s  eta=1507s  finite=31192
  [93460/100000]  elapsed=21508s  rate=4.3/s  eta=1505s  finite=31192
  [93470/100000]  elapsed=21510s  rate=4.3/s  eta=1503s  finite=31197
  [93480/100000]  elapsed=21513s  rate=4.3/s  eta=1500s  finite=31200
  [93490/100000]  elapsed=21515s  rate=4.3/s  eta=1498s  finite=31204
  [warn] sample 9 failed: 
  [93500/100000]  elapsed=21517s  rate=4.3/s  eta=1496s  finite=31207
  -> checkpoint saved: /scratch/e1498138/paper/ext/emri_g/lhs_f/ckpt_093500.pkl
  [warn] sample 1 failed: 
  [93510/100000]  elapsed=21519s  rate=4.3/s  eta=1494s  finite=31212
  [warn] sample 7 failed: 
  [93520/100000]  elapsed=21521s  rate=4.3/s  eta=1491s  finite=31217
  [93530/100000]  elapsed=21524s  rate=4.3/s  eta=1489s  finite=31222
  [93540/100000]  elapsed=21526s  rate=4.3/s  eta=1487s  finite=31224
  [warn] sample 1 failed: 
  [93550/100000]  elapsed=21528s  rate=4.3/s  eta=1484s  finite=31228
  [93560/100000]  elapsed=21531s  rate=4.3/s  eta=1482s  finite=31228
  [93570/100000]  elapsed=21533s  rate=4.3/s  eta=1480s  finite=31231
  [93580/100000]  elapsed=21535s  rate=4.3/s  eta=1477s  finite=31235
  [warn] sample 6 failed: 
  [93590/100000]  elapsed=21538s  rate=4.3/s  eta=1475s  finite=31240
  [93600/100000]  elapsed=21540s  rate=4.3/s  eta=1473s  finite=31243
  -> checkpoint saved: /scratch/e1498138/paper/ext/emri_g/lhs_f/ckpt_093600.pkl
  [93610/100000]  elapsed=21542s  rate=4.3/s  eta=1471s  finite=31246
  [93620/100000]  elapsed=21545s  rate=4.3/s  eta=1468s  finite=31252
  [93630/100000]  elapsed=21547s  rate=4.3/s  eta=1466s  finite=31254
  [warn] sample 2 failed: 
  [93640/100000]  elapsed=21549s  rate=4.3/s  eta=1464s  finite=31259
  [93650/100000]  elapsed=21552s  rate=4.3/s  eta=1461s  finite=31261
  [warn] sample 6 failed: 
  [93660/100000]  elapsed=21554s  rate=4.3/s  eta=1459s  finite=31265
  [93670/100000]  elapsed=21556s  rate=4.3/s  eta=1457s  finite=31269
  [93680/100000]  elapsed=21558s  rate=4.3/s  eta=1454s  finite=31274
  [93690/100000]  elapsed=21561s  rate=4.3/s  eta=1452s  finite=31276
  [93700/100000]  elapsed=21563s  rate=4.3/s  eta=1450s  finite=31280
  -> checkpoint saved: /scratch/e1498138/paper/ext/emri_g/lhs_f/ckpt_093700.pkl
  [93710/100000]  elapsed=21565s  rate=4.3/s  eta=1447s  finite=31283
  [93720/100000]  elapsed=21568s  rate=4.3/s  eta=1445s  finite=31287
  [93730/100000]  elapsed=21570s  rate=4.3/s  eta=1443s  finite=31289
  [93740/100000]  elapsed=21572s  rate=4.3/s  eta=1441s  finite=31293
  [93750/100000]  elapsed=21575s  rate=4.3/s  eta=1438s  finite=31297
  [93760/100000]  elapsed=21577s  rate=4.3/s  eta=1436s  finite=31303
  [93770/100000]  elapsed=21579s  rate=4.3/s  eta=1434s  finite=31306
  [warn] sample 8 failed: This a (0.6459004500000001), p0 (13.563495) and e0 (0.8978655) combination is outside of our domain of validity.
  [93780/100000]  elapsed=21581s  rate=4.3/s  eta=1431s  finite=31309
  [93790/100000]  elapsed=21583s  rate=4.3/s  eta=1429s  finite=31310
  [93800/100000]  elapsed=21586s  rate=4.3/s  eta=1427s  finite=31312
  -> checkpoint saved: /scratch/e1498138/paper/ext/emri_g/lhs_f/ckpt_093800.pkl
  [93810/100000]  elapsed=21588s  rate=4.3/s  eta=1424s  finite=31313
  [warn] sample 1 failed: 
  [93820/100000]  elapsed=21590s  rate=4.3/s  eta=1422s  finite=31314
  [warn] sample 2 failed: 
  [93830/100000]  elapsed=21592s  rate=4.3/s  eta=1420s  finite=31315
  [93840/100000]  elapsed=21595s  rate=4.3/s  eta=1418s  finite=31321
  [93850/100000]  elapsed=21597s  rate=4.3/s  eta=1415s  finite=31324
  [93860/100000]  elapsed=21599s  rate=4.3/s  eta=1413s  finite=31327
  [93870/100000]  elapsed=21602s  rate=4.3/s  eta=1411s  finite=31332
  [93880/100000]  elapsed=21604s  rate=4.3/s  eta=1408s  finite=31334
  [93890/100000]  elapsed=21606s  rate=4.3/s  eta=1406s  finite=31339
  [93900/100000]  elapsed=21608s  rate=4.3/s  eta=1404s  finite=31343
  -> checkpoint saved: /scratch/e1498138/paper/ext/emri_g/lhs_f/ckpt_093900.pkl
  [warn] sample 2 failed: 
  [93910/100000]  elapsed=21611s  rate=4.3/s  eta=1401s  finite=31343
  [warn] sample 8 failed: 
  [93920/100000]  elapsed=21613s  rate=4.3/s  eta=1399s  finite=31346
  [93930/100000]  elapsed=21615s  rate=4.3/s  eta=1397s  finite=31348
  [93940/100000]  elapsed=21618s  rate=4.3/s  eta=1395s  finite=31352
  [93950/100000]  elapsed=21620s  rate=4.3/s  eta=1392s  finite=31356
  [93960/100000]  elapsed=21622s  rate=4.3/s  eta=1390s  finite=31358
  [93970/100000]  elapsed=21624s  rate=4.3/s  eta=1388s  finite=31361
  [93980/100000]  elapsed=21627s  rate=4.3/s  eta=1385s  finite=31361
  [93990/100000]  elapsed=21629s  rate=4.3/s  eta=1383s  finite=31367
  [warn] sample 1 failed: 
  [94000/100000]  elapsed=21632s  rate=4.3/s  eta=1381s  finite=31370
  -> checkpoint saved: /scratch/e1498138/paper/ext/emri_g/lhs_f/ckpt_094000.pkl
  [94010/100000]  elapsed=21634s  rate=4.3/s  eta=1378s  finite=31372
  [94020/100000]  elapsed=21636s  rate=4.3/s  eta=1376s  finite=31376
  [warn] sample 4 failed: This a (0.40543545000000003), p0 (13.731945) and e0 (0.8896515) combination is outside of our domain of validity.
  [94030/100000]  elapsed=21639s  rate=4.3/s  eta=1374s  finite=31380
  [warn] sample 9 failed: 
  [94040/100000]  elapsed=21641s  rate=4.3/s  eta=1372s  finite=31384
  [94050/100000]  elapsed=21643s  rate=4.3/s  eta=1369s  finite=31385
  [94060/100000]  elapsed=21645s  rate=4.3/s  eta=1367s  finite=31388
  [warn] sample 8 failed: 
  [94070/100000]  elapsed=21647s  rate=4.3/s  eta=1365s  finite=31389
  [94080/100000]  elapsed=21650s  rate=4.3/s  eta=1362s  finite=31392
  [94090/100000]  elapsed=21652s  rate=4.3/s  eta=1360s  finite=31395
  [94100/100000]  elapsed=21654s  rate=4.3/s  eta=1358s  finite=31396
  -> checkpoint saved: /scratch/e1498138/paper/ext/emri_g/lhs_f/ckpt_094100.pkl
  [94110/100000]  elapsed=21656s  rate=4.3/s  eta=1355s  finite=31399
  [94120/100000]  elapsed=21659s  rate=4.3/s  eta=1353s  finite=31402
  [94130/100000]  elapsed=21661s  rate=4.3/s  eta=1351s  finite=31408
  [94140/100000]  elapsed=21664s  rate=4.3/s  eta=1349s  finite=31412
  [94150/100000]  elapsed=21666s  rate=4.3/s  eta=1346s  finite=31419
  [warn] sample 2 failed: 
  [94160/100000]  elapsed=21668s  rate=4.3/s  eta=1344s  finite=31422
  [warn] sample 8 failed: 
  [94170/100000]  elapsed=21670s  rate=4.3/s  eta=1342s  finite=31427
  [94180/100000]  elapsed=21672s  rate=4.3/s  eta=1339s  finite=31432
  [94190/100000]  elapsed=21675s  rate=4.3/s  eta=1337s  finite=31434
  [warn] sample 1 failed: This a (0.52515045), p0 (14.328855) and e0 (0.8993865000000001) combination is outside of our domain of validity.
  [94200/100000]  elapsed=21677s  rate=4.3/s  eta=1335s  finite=31436
  -> checkpoint saved: /scratch/e1498138/paper/ext/emri_g/lhs_f/ckpt_094200.pkl
  [94210/100000]  elapsed=21679s  rate=4.3/s  eta=1332s  finite=31437
  [94220/100000]  elapsed=21681s  rate=4.3/s  eta=1330s  finite=31440
  [94230/100000]  elapsed=21684s  rate=4.3/s  eta=1328s  finite=31445
  [warn] sample 0 failed: 
  [94240/100000]  elapsed=21686s  rate=4.3/s  eta=1325s  finite=31447
  [94250/100000]  elapsed=21688s  rate=4.3/s  eta=1323s  finite=31453
  [warn] sample 4 failed: This a (0.36731985), p0 (13.585995) and e0 (0.8846445000000001) combination is outside of our domain of validity.
  [94260/100000]  elapsed=21690s  rate=4.3/s  eta=1321s  finite=31457
  [warn] sample 4 failed: 
  [warn] sample 9 failed: 
  [94270/100000]  elapsed=21692s  rate=4.3/s  eta=1319s  finite=31460
  [94280/100000]  elapsed=21695s  rate=4.3/s  eta=1316s  finite=31462
  [warn] sample 6 failed: 
  [94290/100000]  elapsed=21697s  rate=4.3/s  eta=1314s  finite=31465
  [94300/100000]  elapsed=21699s  rate=4.3/s  eta=1312s  finite=31469
  -> checkpoint saved: /scratch/e1498138/paper/ext/emri_g/lhs_f/ckpt_094300.pkl
  [94310/100000]  elapsed=21701s  rate=4.3/s  eta=1309s  finite=31471
  [94320/100000]  elapsed=21704s  rate=4.3/s  eta=1307s  finite=31475
  [warn] sample 2 failed: 
  [94330/100000]  elapsed=21706s  rate=4.3/s  eta=1305s  finite=31479
  [94340/100000]  elapsed=21708s  rate=4.3/s  eta=1302s  finite=31484
  [94350/100000]  elapsed=21711s  rate=4.3/s  eta=1300s  finite=31486
  [94360/100000]  elapsed=21713s  rate=4.3/s  eta=1298s  finite=31490
  [94370/100000]  elapsed=21715s  rate=4.3/s  eta=1296s  finite=31495
  [94380/100000]  elapsed=21718s  rate=4.3/s  eta=1293s  finite=31501
  [warn] sample 3 failed: 
  [94390/100000]  elapsed=21720s  rate=4.3/s  eta=1291s  finite=31506
  [94400/100000]  elapsed=21722s  rate=4.3/s  eta=1289s  finite=31508
  -> checkpoint saved: /scratch/e1498138/paper/ext/emri_g/lhs_f/ckpt_094400.pkl
  [94410/100000]  elapsed=21725s  rate=4.3/s  eta=1286s  finite=31514
  [94420/100000]  elapsed=21727s  rate=4.3/s  eta=1284s  finite=31517
  [warn] sample 9 failed: 
  [94430/100000]  elapsed=21729s  rate=4.3/s  eta=1282s  finite=31519
  [94440/100000]  elapsed=21732s  rate=4.3/s  eta=1279s  finite=31523
  [94450/100000]  elapsed=21734s  rate=4.3/s  eta=1277s  finite=31526
  [94460/100000]  elapsed=21736s  rate=4.3/s  eta=1275s  finite=31529
  [94470/100000]  elapsed=21739s  rate=4.3/s  eta=1273s  finite=31534
  [94480/100000]  elapsed=21741s  rate=4.3/s  eta=1270s  finite=31538
  [94490/100000]  elapsed=21743s  rate=4.3/s  eta=1268s  finite=31540
  [warn] sample 1 failed: 
  [94500/100000]  elapsed=21746s  rate=4.3/s  eta=1266s  finite=31542
  -> checkpoint saved: /scratch/e1498138/paper/ext/emri_g/lhs_f/ckpt_094500.pkl
  [warn] sample 7 failed: This a (0.33958875), p0 (14.108745) and e0 (0.8923095000000001) combination is outside of our domain of validity.
  [94510/100000]  elapsed=21748s  rate=4.3/s  eta=1263s  finite=31546
  [94520/100000]  elapsed=21750s  rate=4.3/s  eta=1261s  finite=31548
  [warn] sample 0 failed: This a (0.40327575), p0 (14.423595) and e0 (0.8948715) combination is outside of our domain of validity.
  [94530/100000]  elapsed=21752s  rate=4.3/s  eta=1259s  finite=31553
  [94540/100000]  elapsed=21754s  rate=4.3/s  eta=1256s  finite=31555
  [94550/100000]  elapsed=21757s  rate=4.3/s  eta=1254s  finite=31559
  [94560/100000]  elapsed=21759s  rate=4.3/s  eta=1252s  finite=31562
  [warn] sample 7 failed: 
  [94570/100000]  elapsed=21761s  rate=4.3/s  eta=1249s  finite=31566
  [warn] sample 3 failed: This a (0.36907935), p0 (13.519065) and e0 (0.8957925) combination is outside of our domain of validity.
  [94580/100000]  elapsed=21763s  rate=4.3/s  eta=1247s  finite=31571
  [94590/100000]  elapsed=21765s  rate=4.3/s  eta=1245s  finite=31574
  [warn] sample 6 failed: 
  [94600/100000]  elapsed=21768s  rate=4.3/s  eta=1243s  finite=31579
  -> checkpoint saved: /scratch/e1498138/paper/ext/emri_g/lhs_f/ckpt_094600.pkl
  [94610/100000]  elapsed=21770s  rate=4.3/s  eta=1240s  finite=31580
  [94620/100000]  elapsed=21772s  rate=4.3/s  eta=1238s  finite=31583
  [94630/100000]  elapsed=21775s  rate=4.3/s  eta=1236s  finite=31586
  [94640/100000]  elapsed=21777s  rate=4.3/s  eta=1233s  finite=31591
  [warn] sample 4 failed: 
  [94650/100000]  elapsed=21780s  rate=4.3/s  eta=1231s  finite=31594
  [94660/100000]  elapsed=21782s  rate=4.3/s  eta=1229s  finite=31597
  [94670/100000]  elapsed=21784s  rate=4.3/s  eta=1226s  finite=31602
  [94680/100000]  elapsed=21787s  rate=4.3/s  eta=1224s  finite=31608
  [94690/100000]  elapsed=21789s  rate=4.3/s  eta=1222s  finite=31609
  [94700/100000]  elapsed=21791s  rate=4.3/s  eta=1220s  finite=31612
  -> checkpoint saved: /scratch/e1498138/paper/ext/emri_g/lhs_f/ckpt_094700.pkl
  [warn] sample 7 failed: 
  [94710/100000]  elapsed=21794s  rate=4.3/s  eta=1217s  finite=31615
  [94720/100000]  elapsed=21796s  rate=4.3/s  eta=1215s  finite=31621
  [94730/100000]  elapsed=21798s  rate=4.3/s  eta=1213s  finite=31624
  [warn] sample 2 failed: This a (0.32865915), p0 (14.548305) and e0 (0.8938305) combination is outside of our domain of validity.
  [94740/100000]  elapsed=21801s  rate=4.3/s  eta=1210s  finite=31627
  [warn] sample 5 failed: This a (0.37413015), p0 (14.250495) and e0 (0.8947845000000001) combination is outside of our domain of validity.
  [warn] sample 8 failed: 
  [94750/100000]  elapsed=21803s  rate=4.3/s  eta=1208s  finite=31631
  [94760/100000]  elapsed=21805s  rate=4.3/s  eta=1206s  finite=31632
  [94770/100000]  elapsed=21808s  rate=4.3/s  eta=1203s  finite=31634
  [94780/100000]  elapsed=21810s  rate=4.3/s  eta=1201s  finite=31639
  [94790/100000]  elapsed=21812s  rate=4.3/s  eta=1199s  finite=31643
  [94800/100000]  elapsed=21815s  rate=4.3/s  eta=1197s  finite=31645
  -> checkpoint saved: /scratch/e1498138/paper/ext/emri_g/lhs_f/ckpt_094800.pkl
  [warn] sample 9 failed: 
  [94810/100000]  elapsed=21817s  rate=4.3/s  eta=1194s  finite=31647
  [94820/100000]  elapsed=21819s  rate=4.3/s  eta=1192s  finite=31651
  [94830/100000]  elapsed=21822s  rate=4.3/s  eta=1190s  finite=31653
  [warn] sample 4 failed: 
  [94840/100000]  elapsed=21824s  rate=4.3/s  eta=1187s  finite=31653
  [warn] sample 8 failed: This a (0.41042415), p0 (13.878225) and e0 (0.8991585) combination is outside of our domain of validity.
  [94850/100000]  elapsed=21826s  rate=4.3/s  eta=1185s  finite=31659
  [94860/100000]  elapsed=21828s  rate=4.3/s  eta=1183s  finite=31661
  [94870/100000]  elapsed=21831s  rate=4.3/s  eta=1180s  finite=31664
  [94880/100000]  elapsed=21833s  rate=4.3/s  eta=1178s  finite=31668
  [94890/100000]  elapsed=21836s  rate=4.3/s  eta=1176s  finite=31671
  [94900/100000]  elapsed=21838s  rate=4.3/s  eta=1174s  finite=31678
  -> checkpoint saved: /scratch/e1498138/paper/ext/emri_g/lhs_f/ckpt_094900.pkl
  [94910/100000]  elapsed=21841s  rate=4.3/s  eta=1171s  finite=31683
  [94920/100000]  elapsed=21843s  rate=4.3/s  eta=1169s  finite=31686
  [warn] sample 4 failed: 
  [94930/100000]  elapsed=21845s  rate=4.3/s  eta=1167s  finite=31690
  [94940/100000]  elapsed=21847s  rate=4.3/s  eta=1164s  finite=31692
  [94950/100000]  elapsed=21850s  rate=4.3/s  eta=1162s  finite=31695
  [94960/100000]  elapsed=21852s  rate=4.3/s  eta=1160s  finite=31698
  [warn] sample 0 failed: 
  [warn] sample 8 failed: This a (0.30433665), p0 (15.184725) and e0 (0.8985735000000001) combination is outside of our domain of validity.
  [94970/100000]  elapsed=21854s  rate=4.3/s  eta=1157s  finite=31702
  [94980/100000]  elapsed=21857s  rate=4.3/s  eta=1155s  finite=31707
  [94990/100000]  elapsed=21859s  rate=4.3/s  eta=1153s  finite=31711
  [95000/100000]  elapsed=21861s  rate=4.3/s  eta=1151s  finite=31718
  -> checkpoint saved: /scratch/e1498138/paper/ext/emri_g/lhs_f/ckpt_095000.pkl
  [95010/100000]  elapsed=21864s  rate=4.3/s  eta=1148s  finite=31723
  [95020/100000]  elapsed=21866s  rate=4.3/s  eta=1146s  finite=31726
  [warn] sample 0 failed: This a (0.40718115), p0 (13.516485) and e0 (0.8918085) combination is outside of our domain of validity.
  [95030/100000]  elapsed=21868s  rate=4.3/s  eta=1144s  finite=31729
  [warn] sample 4 failed: 
  [95040/100000]  elapsed=21871s  rate=4.3/s  eta=1141s  finite=31732
  [warn] sample 0 failed: This a (0.38035395), p0 (13.693365) and e0 (0.8857215) combination is outside of our domain of validity.
  [warn] sample 9 failed: 
  [95050/100000]  elapsed=21873s  rate=4.3/s  eta=1139s  finite=31734
  [warn] sample 1 failed: This a (0.33460005), p0 (13.540425) and e0 (0.8971725) combination is outside of our domain of validity.
  [95060/100000]  elapsed=21875s  rate=4.3/s  eta=1137s  finite=31737
  [95070/100000]  elapsed=21877s  rate=4.3/s  eta=1134s  finite=31741
  [95080/100000]  elapsed=21879s  rate=4.3/s  eta=1132s  finite=31746
  [95090/100000]  elapsed=21882s  rate=4.3/s  eta=1130s  finite=31752
  [95100/100000]  elapsed=21884s  rate=4.3/s  eta=1128s  finite=31754
  -> checkpoint saved: /scratch/e1498138/paper/ext/emri_g/lhs_f/ckpt_095100.pkl
  [warn] sample 7 failed: 
  [warn] sample 8 failed: This a (0.32554725), p0 (14.412615) and e0 (0.8927025000000001) combination is outside of our domain of validity.
  [95110/100000]  elapsed=21886s  rate=4.3/s  eta=1125s  finite=31757
  [95120/100000]  elapsed=21888s  rate=4.3/s  eta=1123s  finite=31761
  [warn] sample 6 failed: 
  [95130/100000]  elapsed=21891s  rate=4.3/s  eta=1121s  finite=31764
  [warn] sample 9 failed: 
  [95140/100000]  elapsed=21893s  rate=4.3/s  eta=1118s  finite=31767
  [95150/100000]  elapsed=21895s  rate=4.3/s  eta=1116s  finite=31770
  [95160/100000]  elapsed=21897s  rate=4.3/s  eta=1114s  finite=31772
  [95170/100000]  elapsed=21900s  rate=4.3/s  eta=1111s  finite=31778
  [95180/100000]  elapsed=21902s  rate=4.3/s  eta=1109s  finite=31779
  [95190/100000]  elapsed=21904s  rate=4.3/s  eta=1107s  finite=31782
  [warn] sample 8 failed: 
  [95200/100000]  elapsed=21906s  rate=4.3/s  eta=1105s  finite=31784
  -> checkpoint saved: /scratch/e1498138/paper/ext/emri_g/lhs_f/ckpt_095200.pkl
  [warn] sample 9 failed: This a (0.31033964999999997), p0 (14.512245) and e0 (0.8983185) combination is outside of our domain of validity.
  [95210/100000]  elapsed=21909s  rate=4.3/s  eta=1102s  finite=31789
  [95220/100000]  elapsed=21911s  rate=4.3/s  eta=1100s  finite=31791
  [95230/100000]  elapsed=21913s  rate=4.3/s  eta=1098s  finite=31794
  [warn] sample 1 failed: This a (0.56605365), p0 (13.819035) and e0 (0.8950215) combination is outside of our domain of validity.
  [95240/100000]  elapsed=21915s  rate=4.3/s  eta=1095s  finite=31796
  [95250/100000]  elapsed=21917s  rate=4.3/s  eta=1093s  finite=31801
  [95260/100000]  elapsed=21919s  rate=4.3/s  eta=1091s  finite=31804
  [warn] sample 1 failed: This a (0.44716665), p0 (14.625975) and e0 (0.8989335) combination is outside of our domain of validity.
  [warn] sample 9 failed: This a (0.31453485), p0 (13.599015) and e0 (0.8923875000000001) combination is outside of our domain of validity.
  [95270/100000]  elapsed=21921s  rate=4.3/s  eta=1088s  finite=31807
  [95280/100000]  elapsed=21924s  rate=4.3/s  eta=1086s  finite=31810
  [95290/100000]  elapsed=21926s  rate=4.3/s  eta=1084s  finite=31812
  [95300/100000]  elapsed=21928s  rate=4.3/s  eta=1081s  finite=31814
  -> checkpoint saved: /scratch/e1498138/paper/ext/emri_g/lhs_f/ckpt_095300.pkl
  [95310/100000]  elapsed=21931s  rate=4.3/s  eta=1079s  finite=31816
  [95320/100000]  elapsed=21933s  rate=4.3/s  eta=1077s  finite=31818
  [95330/100000]  elapsed=21935s  rate=4.3/s  eta=1075s  finite=31822
  [warn] sample 2 failed: 
  [95340/100000]  elapsed=21937s  rate=4.3/s  eta=1072s  finite=31823
  [warn] sample 4 failed: 
  [95350/100000]  elapsed=21940s  rate=4.3/s  eta=1070s  finite=31830
  [95360/100000]  elapsed=21942s  rate=4.3/s  eta=1068s  finite=31834
  [95370/100000]  elapsed=21944s  rate=4.3/s  eta=1065s  finite=31839
  [95380/100000]  elapsed=21947s  rate=4.3/s  eta=1063s  finite=31843
  [95390/100000]  elapsed=21949s  rate=4.3/s  eta=1061s  finite=31847
  [95400/100000]  elapsed=21951s  rate=4.3/s  eta=1058s  finite=31851
  -> checkpoint saved: /scratch/e1498138/paper/ext/emri_g/lhs_f/ckpt_095400.pkl
  [95410/100000]  elapsed=21953s  rate=4.3/s  eta=1056s  finite=31855
  [95420/100000]  elapsed=21956s  rate=4.3/s  eta=1054s  finite=31859
  [95430/100000]  elapsed=21958s  rate=4.3/s  eta=1052s  finite=31860
  [95440/100000]  elapsed=21960s  rate=4.3/s  eta=1049s  finite=31862
  [95450/100000]  elapsed=21963s  rate=4.3/s  eta=1047s  finite=31864
  [95460/100000]  elapsed=21965s  rate=4.3/s  eta=1045s  finite=31866
  [warn] sample 4 failed: 
  [95470/100000]  elapsed=21967s  rate=4.3/s  eta=1042s  finite=31870
  [95480/100000]  elapsed=21969s  rate=4.3/s  eta=1040s  finite=31872
  [95490/100000]  elapsed=21972s  rate=4.3/s  eta=1038s  finite=31875
  [95500/100000]  elapsed=21974s  rate=4.3/s  eta=1035s  finite=31880
  -> checkpoint saved: /scratch/e1498138/paper/ext/emri_g/lhs_f/ckpt_095500.pkl
  [95510/100000]  elapsed=21976s  rate=4.3/s  eta=1033s  finite=31882
  [warn] sample 8 failed: This a (0.54542265), p0 (14.368095) and e0 (0.8992305) combination is outside of our domain of validity.
  [95520/100000]  elapsed=21978s  rate=4.3/s  eta=1031s  finite=31885
  [95530/100000]  elapsed=21980s  rate=4.3/s  eta=1028s  finite=31888
  [95540/100000]  elapsed=21982s  rate=4.3/s  eta=1026s  finite=31889
  [warn] sample 4 failed: 
  [95550/100000]  elapsed=21985s  rate=4.3/s  eta=1024s  finite=31890
  [95560/100000]  elapsed=21987s  rate=4.3/s  eta=1022s  finite=31894
  [95570/100000]  elapsed=21989s  rate=4.3/s  eta=1019s  finite=31897
  [95580/100000]  elapsed=21992s  rate=4.3/s  eta=1017s  finite=31902
  [95590/100000]  elapsed=21994s  rate=4.3/s  eta=1015s  finite=31906
  [95600/100000]  elapsed=21996s  rate=4.3/s  eta=1012s  finite=31909
  -> checkpoint saved: /scratch/e1498138/paper/ext/emri_g/lhs_f/ckpt_095600.pkl
  [95610/100000]  elapsed=21999s  rate=4.3/s  eta=1010s  finite=31914
  [95620/100000]  elapsed=22001s  rate=4.3/s  eta=1008s  finite=31917
  [95630/100000]  elapsed=22003s  rate=4.3/s  eta=1005s  finite=31921
  [95640/100000]  elapsed=22005s  rate=4.3/s  eta=1003s  finite=31923
  [95650/100000]  elapsed=22008s  rate=4.3/s  eta=1001s  finite=31927
  [95660/100000]  elapsed=22010s  rate=4.3/s  eta=999s  finite=31930
  [95670/100000]  elapsed=22013s  rate=4.3/s  eta=996s  finite=31933
  [95680/100000]  elapsed=22015s  rate=4.3/s  eta=994s  finite=31935
  [95690/100000]  elapsed=22017s  rate=4.3/s  eta=992s  finite=31940
  [warn] sample 3 failed: 
  [95700/100000]  elapsed=22019s  rate=4.3/s  eta=989s  finite=31945
  -> checkpoint saved: /scratch/e1498138/paper/ext/emri_g/lhs_f/ckpt_095700.pkl
  [95710/100000]  elapsed=22022s  rate=4.3/s  eta=987s  finite=31948
  [95720/100000]  elapsed=22024s  rate=4.3/s  eta=985s  finite=31951
  [95730/100000]  elapsed=22026s  rate=4.3/s  eta=982s  finite=31954
  [warn] sample 4 failed: 
  [95740/100000]  elapsed=22028s  rate=4.3/s  eta=980s  finite=31959
  [95750/100000]  elapsed=22031s  rate=4.3/s  eta=978s  finite=31962
  [95760/100000]  elapsed=22033s  rate=4.3/s  eta=976s  finite=31967
  [warn] sample 3 failed: 
  [95770/100000]  elapsed=22035s  rate=4.3/s  eta=973s  finite=31969
  [95780/100000]  elapsed=22038s  rate=4.3/s  eta=971s  finite=31972
  [95790/100000]  elapsed=22040s  rate=4.3/s  eta=969s  finite=31976
  [95800/100000]  elapsed=22042s  rate=4.3/s  eta=966s  finite=31980
  -> checkpoint saved: /scratch/e1498138/paper/ext/emri_g/lhs_f/ckpt_095800.pkl
  [95810/100000]  elapsed=22045s  rate=4.3/s  eta=964s  finite=31982
  [95820/100000]  elapsed=22047s  rate=4.3/s  eta=962s  finite=31983
  [95830/100000]  elapsed=22049s  rate=4.3/s  eta=959s  finite=31984
  [95840/100000]  elapsed=22051s  rate=4.3/s  eta=957s  finite=31988
  [95850/100000]  elapsed=22054s  rate=4.3/s  eta=955s  finite=31993
  [95860/100000]  elapsed=22056s  rate=4.3/s  eta=953s  finite=31995
  [95870/100000]  elapsed=22058s  rate=4.3/s  eta=950s  finite=31996
  [warn] sample 5 failed: 
  [95880/100000]  elapsed=22060s  rate=4.3/s  eta=948s  finite=32000
  [95890/100000]  elapsed=22063s  rate=4.3/s  eta=946s  finite=32003
  [warn] sample 0 failed: 
  [95900/100000]  elapsed=22065s  rate=4.3/s  eta=943s  finite=32009
  -> checkpoint saved: /scratch/e1498138/paper/ext/emri_g/lhs_f/ckpt_095900.pkl
  [95910/100000]  elapsed=22067s  rate=4.3/s  eta=941s  finite=32013
  [warn] sample 5 failed: 
  [95920/100000]  elapsed=22069s  rate=4.3/s  eta=939s  finite=32016
  [95930/100000]  elapsed=22072s  rate=4.3/s  eta=936s  finite=32019
  [95940/100000]  elapsed=22074s  rate=4.3/s  eta=934s  finite=32024
  [95950/100000]  elapsed=22076s  rate=4.3/s  eta=932s  finite=32026
  [95960/100000]  elapsed=22079s  rate=4.3/s  eta=930s  finite=32028
  [95970/100000]  elapsed=22081s  rate=4.3/s  eta=927s  finite=32031
  [95980/100000]  elapsed=22084s  rate=4.3/s  eta=925s  finite=32036
  [95990/100000]  elapsed=22086s  rate=4.3/s  eta=923s  finite=32040
  [96000/100000]  elapsed=22088s  rate=4.3/s  eta=920s  finite=32042
  -> checkpoint saved: /scratch/e1498138/paper/ext/emri_g/lhs_f/ckpt_096000.pkl
  [warn] sample 8 failed: 
  [96010/100000]  elapsed=22090s  rate=4.3/s  eta=918s  finite=32043
  [warn] sample 5 failed: 
  [96020/100000]  elapsed=22093s  rate=4.3/s  eta=916s  finite=32045
  [96030/100000]  elapsed=22095s  rate=4.3/s  eta=913s  finite=32049
  [96040/100000]  elapsed=22097s  rate=4.3/s  eta=911s  finite=32053
  [96050/100000]  elapsed=22100s  rate=4.3/s  eta=909s  finite=32056
  [96060/100000]  elapsed=22102s  rate=4.3/s  eta=907s  finite=32061
  [96070/100000]  elapsed=22104s  rate=4.3/s  eta=904s  finite=32063
  [96080/100000]  elapsed=22107s  rate=4.3/s  eta=902s  finite=32067
  [96090/100000]  elapsed=22109s  rate=4.3/s  eta=900s  finite=32069
  [warn] sample 1 failed: 
  [96100/100000]  elapsed=22111s  rate=4.3/s  eta=897s  finite=32069
  -> checkpoint saved: /scratch/e1498138/paper/ext/emri_g/lhs_f/ckpt_096100.pkl
  [96110/100000]  elapsed=22114s  rate=4.3/s  eta=895s  finite=32073
  [warn] sample 9 failed: 
  [96120/100000]  elapsed=22116s  rate=4.3/s  eta=893s  finite=32078
  [96130/100000]  elapsed=22118s  rate=4.3/s  eta=890s  finite=32081
  [96140/100000]  elapsed=22121s  rate=4.3/s  eta=888s  finite=32085
  [96150/100000]  elapsed=22123s  rate=4.3/s  eta=886s  finite=32086
  [96160/100000]  elapsed=22125s  rate=4.3/s  eta=884s  finite=32088
  [96170/100000]  elapsed=22127s  rate=4.3/s  eta=881s  finite=32091
  [96180/100000]  elapsed=22130s  rate=4.3/s  eta=879s  finite=32094
  [96190/100000]  elapsed=22132s  rate=4.3/s  eta=877s  finite=32098
  [96200/100000]  elapsed=22135s  rate=4.3/s  eta=874s  finite=32102
  -> checkpoint saved: /scratch/e1498138/paper/ext/emri_g/lhs_f/ckpt_096200.pkl
  [96210/100000]  elapsed=22137s  rate=4.3/s  eta=872s  finite=32109
  [96220/100000]  elapsed=22139s  rate=4.3/s  eta=870s  finite=32113
  [96230/100000]  elapsed=22142s  rate=4.3/s  eta=867s  finite=32118
  [96240/100000]  elapsed=22144s  rate=4.3/s  eta=865s  finite=32122
  [96250/100000]  elapsed=22146s  rate=4.3/s  eta=863s  finite=32127
  [warn] sample 4 failed: 
  [96260/100000]  elapsed=22149s  rate=4.3/s  eta=861s  finite=32132
  [96270/100000]  elapsed=22151s  rate=4.3/s  eta=858s  finite=32134
  [96280/100000]  elapsed=22153s  rate=4.3/s  eta=856s  finite=32138
  [96290/100000]  elapsed=22155s  rate=4.3/s  eta=854s  finite=32140
  [96300/100000]  elapsed=22158s  rate=4.3/s  eta=851s  finite=32144
  -> checkpoint saved: /scratch/e1498138/paper/ext/emri_g/lhs_f/ckpt_096300.pkl
  [96310/100000]  elapsed=22160s  rate=4.3/s  eta=849s  finite=32149
  [96320/100000]  elapsed=22163s  rate=4.3/s  eta=847s  finite=32153
  [96330/100000]  elapsed=22165s  rate=4.3/s  eta=844s  finite=32157
  [warn] sample 5 failed: 
  [96340/100000]  elapsed=22167s  rate=4.3/s  eta=842s  finite=32160
  [96350/100000]  elapsed=22169s  rate=4.3/s  eta=840s  finite=32162
  [96360/100000]  elapsed=22172s  rate=4.3/s  eta=838s  finite=32167
  [96370/100000]  elapsed=22174s  rate=4.3/s  eta=835s  finite=32171
  [warn] sample 4 failed: 
  [96380/100000]  elapsed=22176s  rate=4.3/s  eta=833s  finite=32175
  [96390/100000]  elapsed=22179s  rate=4.3/s  eta=831s  finite=32178
  [96400/100000]  elapsed=22181s  rate=4.3/s  eta=828s  finite=32179
  -> checkpoint saved: /scratch/e1498138/paper/ext/emri_g/lhs_f/ckpt_096400.pkl
  [96410/100000]  elapsed=22183s  rate=4.3/s  eta=826s  finite=32180
  [96420/100000]  elapsed=22185s  rate=4.3/s  eta=824s  finite=32182
  [96430/100000]  elapsed=22188s  rate=4.3/s  eta=821s  finite=32186
  [96440/100000]  elapsed=22191s  rate=4.3/s  eta=819s  finite=32192
  [warn] sample 7 failed: 
  [96450/100000]  elapsed=22193s  rate=4.3/s  eta=817s  finite=32196
  [96460/100000]  elapsed=22195s  rate=4.3/s  eta=815s  finite=32202
  [96470/100000]  elapsed=22197s  rate=4.3/s  eta=812s  finite=32204
  [96480/100000]  elapsed=22200s  rate=4.3/s  eta=810s  finite=32206
  [96490/100000]  elapsed=22202s  rate=4.3/s  eta=808s  finite=32209
  [96500/100000]  elapsed=22205s  rate=4.3/s  eta=805s  finite=32215
  -> checkpoint saved: /scratch/e1498138/paper/ext/emri_g/lhs_f/ckpt_096500.pkl
  [96510/100000]  elapsed=22207s  rate=4.3/s  eta=803s  finite=32219
  [96520/100000]  elapsed=22209s  rate=4.3/s  eta=801s  finite=32223
  [96530/100000]  elapsed=22212s  rate=4.3/s  eta=798s  finite=32226
  [96540/100000]  elapsed=22214s  rate=4.3/s  eta=796s  finite=32229
  [warn] sample 8 failed: 
  [warn] sample 9 failed: 
  [96550/100000]  elapsed=22216s  rate=4.3/s  eta=794s  finite=32233
  [96560/100000]  elapsed=22219s  rate=4.3/s  eta=792s  finite=32236
  [96570/100000]  elapsed=22221s  rate=4.3/s  eta=789s  finite=32238
  [warn] sample 7 failed: 
  [96580/100000]  elapsed=22223s  rate=4.3/s  eta=787s  finite=32242
  [96590/100000]  elapsed=22226s  rate=4.3/s  eta=785s  finite=32245
  [96600/100000]  elapsed=22228s  rate=4.3/s  eta=782s  finite=32246
  -> checkpoint saved: /scratch/e1498138/paper/ext/emri_g/lhs_f/ckpt_096600.pkl
  [96610/100000]  elapsed=22230s  rate=4.3/s  eta=780s  finite=32249
  [96620/100000]  elapsed=22233s  rate=4.3/s  eta=778s  finite=32254
  [warn] sample 8 failed: 
  [warn] sample 9 failed: 
  [96630/100000]  elapsed=22235s  rate=4.3/s  eta=775s  finite=32258
  [96640/100000]  elapsed=22237s  rate=4.3/s  eta=773s  finite=32260
  [warn] sample 4 failed: 
  [96650/100000]  elapsed=22239s  rate=4.3/s  eta=771s  finite=32264
  [96660/100000]  elapsed=22242s  rate=4.3/s  eta=769s  finite=32269
  [96670/100000]  elapsed=22244s  rate=4.3/s  eta=766s  finite=32271
  [warn] sample 2 failed: 
  [96680/100000]  elapsed=22247s  rate=4.3/s  eta=764s  finite=32275
  [96690/100000]  elapsed=22249s  rate=4.3/s  eta=762s  finite=32276
  [96700/100000]  elapsed=22251s  rate=4.3/s  eta=759s  finite=32280
  -> checkpoint saved: /scratch/e1498138/paper/ext/emri_g/lhs_f/ckpt_096700.pkl
  [96710/100000]  elapsed=22254s  rate=4.3/s  eta=757s  finite=32282
  [warn] sample 1 failed: 
  [96720/100000]  elapsed=22256s  rate=4.3/s  eta=755s  finite=32284
  [96730/100000]  elapsed=22258s  rate=4.3/s  eta=752s  finite=32287
  [warn] sample 9 failed: 
  [96740/100000]  elapsed=22260s  rate=4.3/s  eta=750s  finite=32289
  [96750/100000]  elapsed=22263s  rate=4.3/s  eta=748s  finite=32291
  [warn] sample 6 failed: 
  [96760/100000]  elapsed=22265s  rate=4.3/s  eta=746s  finite=32294
  [warn] sample 3 failed: 
  [96770/100000]  elapsed=22267s  rate=4.3/s  eta=743s  finite=32295
  [96780/100000]  elapsed=22269s  rate=4.3/s  eta=741s  finite=32297
  [warn] sample 0 failed: 
  [96790/100000]  elapsed=22271s  rate=4.3/s  eta=739s  finite=32301
  [96800/100000]  elapsed=22274s  rate=4.3/s  eta=736s  finite=32305
  -> checkpoint saved: /scratch/e1498138/paper/ext/emri_g/lhs_f/ckpt_096800.pkl
  [96810/100000]  elapsed=22276s  rate=4.3/s  eta=734s  finite=32308
  [96820/100000]  elapsed=22278s  rate=4.3/s  eta=732s  finite=32311
  [96830/100000]  elapsed=22281s  rate=4.3/s  eta=729s  finite=32316
  [warn] sample 6 failed: 
  [96840/100000]  elapsed=22283s  rate=4.3/s  eta=727s  finite=32322
  [96850/100000]  elapsed=22285s  rate=4.3/s  eta=725s  finite=32327
  [warn] sample 7 failed: 
  [96860/100000]  elapsed=22288s  rate=4.3/s  eta=723s  finite=32332
  [96870/100000]  elapsed=22290s  rate=4.3/s  eta=720s  finite=32333
  [warn] sample 5 failed: 
  [warn] sample 9 failed: 
  [96880/100000]  elapsed=22292s  rate=4.3/s  eta=718s  finite=32337
  [96890/100000]  elapsed=22294s  rate=4.3/s  eta=716s  finite=32341
  [96900/100000]  elapsed=22297s  rate=4.3/s  eta=713s  finite=32346
  -> checkpoint saved: /scratch/e1498138/paper/ext/emri_g/lhs_f/ckpt_096900.pkl
  [96910/100000]  elapsed=22299s  rate=4.3/s  eta=711s  finite=32349
  [warn] sample 4 failed: 
  [96920/100000]  elapsed=22301s  rate=4.3/s  eta=709s  finite=32350
  [96930/100000]  elapsed=22303s  rate=4.3/s  eta=706s  finite=32353
  [96940/100000]  elapsed=22306s  rate=4.3/s  eta=704s  finite=32357
  [96950/100000]  elapsed=22308s  rate=4.3/s  eta=702s  finite=32362
  [96960/100000]  elapsed=22311s  rate=4.3/s  eta=700s  finite=32365
  [warn] sample 0 failed: 
  [96970/100000]  elapsed=22313s  rate=4.3/s  eta=697s  finite=32367
  [96980/100000]  elapsed=22315s  rate=4.3/s  eta=695s  finite=32369
  [96990/100000]  elapsed=22318s  rate=4.3/s  eta=693s  finite=32372
  [97000/100000]  elapsed=22320s  rate=4.3/s  eta=690s  finite=32377
  -> checkpoint saved: /scratch/e1498138/paper/ext/emri_g/lhs_f/ckpt_097000.pkl
  [97010/100000]  elapsed=22322s  rate=4.3/s  eta=688s  finite=32380
  [warn] sample 6 failed: 
  [97020/100000]  elapsed=22324s  rate=4.3/s  eta=686s  finite=32384
  [97030/100000]  elapsed=22327s  rate=4.3/s  eta=683s  finite=32385
  [97040/100000]  elapsed=22329s  rate=4.3/s  eta=681s  finite=32390
  [warn] sample 7 failed: 
  [97050/100000]  elapsed=22331s  rate=4.3/s  eta=679s  finite=32394
  [warn] sample 9 failed: 
  [97060/100000]  elapsed=22333s  rate=4.3/s  eta=676s  finite=32397
  [97070/100000]  elapsed=22336s  rate=4.3/s  eta=674s  finite=32399
  [97080/100000]  elapsed=22338s  rate=4.3/s  eta=672s  finite=32401
  [97090/100000]  elapsed=22340s  rate=4.3/s  eta=670s  finite=32403
  [97100/100000]  elapsed=22342s  rate=4.3/s  eta=667s  finite=32406
  -> checkpoint saved: /scratch/e1498138/paper/ext/emri_g/lhs_f/ckpt_097100.pkl
  [97110/100000]  elapsed=22345s  rate=4.3/s  eta=665s  finite=32410
  [warn] sample 6 failed: 
  [97120/100000]  elapsed=22347s  rate=4.3/s  eta=663s  finite=32417
  [97130/100000]  elapsed=22349s  rate=4.3/s  eta=660s  finite=32422
  [97140/100000]  elapsed=22352s  rate=4.3/s  eta=658s  finite=32427
  [97150/100000]  elapsed=22354s  rate=4.3/s  eta=656s  finite=32429
  [warn] sample 7 failed: 
  [97160/100000]  elapsed=22356s  rate=4.3/s  eta=653s  finite=32433
  [warn] sample 0 failed: 
  [97170/100000]  elapsed=22358s  rate=4.3/s  eta=651s  finite=32435
  [97180/100000]  elapsed=22361s  rate=4.3/s  eta=649s  finite=32439
  [97190/100000]  elapsed=22363s  rate=4.3/s  eta=647s  finite=32444
  [97200/100000]  elapsed=22365s  rate=4.3/s  eta=644s  finite=32446
  -> checkpoint saved: /scratch/e1498138/paper/ext/emri_g/lhs_f/ckpt_097200.pkl
  [97210/100000]  elapsed=22368s  rate=4.3/s  eta=642s  finite=32448
  [97220/100000]  elapsed=22370s  rate=4.3/s  eta=640s  finite=32453
  [97230/100000]  elapsed=22372s  rate=4.3/s  eta=637s  finite=32454
  [warn] sample 5 failed: 
  [97240/100000]  elapsed=22375s  rate=4.3/s  eta=635s  finite=32457
  [97250/100000]  elapsed=22377s  rate=4.3/s  eta=633s  finite=32463
  [97260/100000]  elapsed=22379s  rate=4.3/s  eta=630s  finite=32467
  [97270/100000]  elapsed=22381s  rate=4.3/s  eta=628s  finite=32468
  [97280/100000]  elapsed=22384s  rate=4.3/s  eta=626s  finite=32472
  [97290/100000]  elapsed=22386s  rate=4.3/s  eta=624s  finite=32475
  [97300/100000]  elapsed=22388s  rate=4.3/s  eta=621s  finite=32477
  -> checkpoint saved: /scratch/e1498138/paper/ext/emri_g/lhs_f/ckpt_097300.pkl
  [97310/100000]  elapsed=22391s  rate=4.3/s  eta=619s  finite=32480
  [warn] sample 5 failed: This a (0.31181625), p0 (13.983315) and e0 (0.8976675000000001) combination is outside of our domain of validity.
  [97320/100000]  elapsed=22393s  rate=4.3/s  eta=617s  finite=32483
  [97330/100000]  elapsed=22395s  rate=4.3/s  eta=614s  finite=32484
  [97340/100000]  elapsed=22397s  rate=4.3/s  eta=612s  finite=32488
  [97350/100000]  elapsed=22399s  rate=4.3/s  eta=610s  finite=32490
  [97360/100000]  elapsed=22402s  rate=4.3/s  eta=607s  finite=32495
  [97370/100000]  elapsed=22404s  rate=4.3/s  eta=605s  finite=32499
  [warn] sample 5 failed: 
  [97380/100000]  elapsed=22406s  rate=4.3/s  eta=603s  finite=32502
  [warn] sample 6 failed: 
  [97390/100000]  elapsed=22408s  rate=4.3/s  eta=601s  finite=32506
  [97400/100000]  elapsed=22411s  rate=4.3/s  eta=598s  finite=32510
  -> checkpoint saved: /scratch/e1498138/paper/ext/emri_g/lhs_f/ckpt_097400.pkl
  [97410/100000]  elapsed=22413s  rate=4.3/s  eta=596s  finite=32516
  [97420/100000]  elapsed=22415s  rate=4.3/s  eta=594s  finite=32522
  [97430/100000]  elapsed=22418s  rate=4.3/s  eta=591s  finite=32524
  [97440/100000]  elapsed=22420s  rate=4.3/s  eta=589s  finite=32527
  [97450/100000]  elapsed=22422s  rate=4.3/s  eta=587s  finite=32530
  [97460/100000]  elapsed=22424s  rate=4.3/s  eta=584s  finite=32532
  [97470/100000]  elapsed=22427s  rate=4.3/s  eta=582s  finite=32537
  [97480/100000]  elapsed=22429s  rate=4.3/s  eta=580s  finite=32540
  [97490/100000]  elapsed=22431s  rate=4.3/s  eta=578s  finite=32546
  [97500/100000]  elapsed=22434s  rate=4.3/s  eta=575s  finite=32547
  -> checkpoint saved: /scratch/e1498138/paper/ext/emri_g/lhs_f/ckpt_097500.pkl
  [97510/100000]  elapsed=22436s  rate=4.3/s  eta=573s  finite=32549
  [warn] sample 6 failed: This a (0.52846935), p0 (13.964475) and e0 (0.8944665) combination is outside of our domain of validity.
  [97520/100000]  elapsed=22438s  rate=4.3/s  eta=571s  finite=32554
  [warn] sample 5 failed: 
  [97530/100000]  elapsed=22440s  rate=4.3/s  eta=568s  finite=32557
  [97540/100000]  elapsed=22443s  rate=4.3/s  eta=566s  finite=32562
  [97550/100000]  elapsed=22445s  rate=4.3/s  eta=564s  finite=32563
  [97560/100000]  elapsed=22447s  rate=4.3/s  eta=561s  finite=32564
  [warn] sample 5 failed: 
  [97570/100000]  elapsed=22449s  rate=4.3/s  eta=559s  finite=32564
  [97580/100000]  elapsed=22451s  rate=4.3/s  eta=557s  finite=32567
  [97590/100000]  elapsed=22454s  rate=4.3/s  eta=554s  finite=32570
  [warn] sample 9 failed: This a (0.31322384999999997), p0 (14.180925) and e0 (0.8907165) combination is outside of our domain of validity.
  [97600/100000]  elapsed=22456s  rate=4.3/s  eta=552s  finite=32575
  -> checkpoint saved: /scratch/e1498138/paper/ext/emri_g/lhs_f/ckpt_097600.pkl
  [97610/100000]  elapsed=22458s  rate=4.3/s  eta=550s  finite=32577
  [97620/100000]  elapsed=22460s  rate=4.3/s  eta=548s  finite=32579
  [97630/100000]  elapsed=22463s  rate=4.3/s  eta=545s  finite=32585
  [97640/100000]  elapsed=22465s  rate=4.3/s  eta=543s  finite=32588
  [warn] sample 2 failed: 
  [97650/100000]  elapsed=22467s  rate=4.3/s  eta=541s  finite=32590
  [97660/100000]  elapsed=22469s  rate=4.3/s  eta=538s  finite=32593
  [warn] sample 4 failed: 
  [97670/100000]  elapsed=22471s  rate=4.3/s  eta=536s  finite=32598
  [97680/100000]  elapsed=22474s  rate=4.3/s  eta=534s  finite=32603
  [97690/100000]  elapsed=22476s  rate=4.3/s  eta=531s  finite=32606
  [97700/100000]  elapsed=22478s  rate=4.3/s  eta=529s  finite=32610
  -> checkpoint saved: /scratch/e1498138/paper/ext/emri_g/lhs_f/ckpt_097700.pkl
  [97710/100000]  elapsed=22481s  rate=4.3/s  eta=527s  finite=32616
  [97720/100000]  elapsed=22483s  rate=4.3/s  eta=525s  finite=32621
  [warn] sample 0 failed: 
  [97730/100000]  elapsed=22485s  rate=4.3/s  eta=522s  finite=32628
  [97740/100000]  elapsed=22488s  rate=4.3/s  eta=520s  finite=32634
  [warn] sample 7 failed: 
  [97750/100000]  elapsed=22490s  rate=4.3/s  eta=518s  finite=32635
  [warn] sample 3 failed: This a (0.39149745), p0 (13.959375) and e0 (0.8915295000000001) combination is outside of our domain of validity.
  [97760/100000]  elapsed=22492s  rate=4.3/s  eta=515s  finite=32640
  [97770/100000]  elapsed=22494s  rate=4.3/s  eta=513s  finite=32643
  [97780/100000]  elapsed=22496s  rate=4.3/s  eta=511s  finite=32645
  [97790/100000]  elapsed=22499s  rate=4.3/s  eta=508s  finite=32648
  [97800/100000]  elapsed=22501s  rate=4.3/s  eta=506s  finite=32650
  -> checkpoint saved: /scratch/e1498138/paper/ext/emri_g/lhs_f/ckpt_097800.pkl
  [97810/100000]  elapsed=22504s  rate=4.3/s  eta=504s  finite=32653
  [97820/100000]  elapsed=22506s  rate=4.3/s  eta=502s  finite=32657
  [97830/100000]  elapsed=22508s  rate=4.3/s  eta=499s  finite=32660
  [warn] sample 3 failed: 
  [97840/100000]  elapsed=22510s  rate=4.3/s  eta=497s  finite=32663
  [97850/100000]  elapsed=22513s  rate=4.3/s  eta=495s  finite=32666
  [97860/100000]  elapsed=22515s  rate=4.3/s  eta=492s  finite=32668
  [97870/100000]  elapsed=22517s  rate=4.3/s  eta=490s  finite=32673
  [97880/100000]  elapsed=22520s  rate=4.3/s  eta=488s  finite=32676
  [97890/100000]  elapsed=22522s  rate=4.3/s  eta=485s  finite=32680
  [warn] sample 8 failed: This a (0.30987735), p0 (14.068725) and e0 (0.8948595) combination is outside of our domain of validity.
  [97900/100000]  elapsed=22524s  rate=4.3/s  eta=483s  finite=32682
  -> checkpoint saved: /scratch/e1498138/paper/ext/emri_g/lhs_f/ckpt_097900.pkl
  [97910/100000]  elapsed=22526s  rate=4.3/s  eta=481s  finite=32685
  [97920/100000]  elapsed=22528s  rate=4.3/s  eta=479s  finite=32690
  [warn] sample 4 failed: 
  [97930/100000]  elapsed=22531s  rate=4.3/s  eta=476s  finite=32693
  [97940/100000]  elapsed=22533s  rate=4.3/s  eta=474s  finite=32697
  [97950/100000]  elapsed=22535s  rate=4.3/s  eta=472s  finite=32700
  [warn] sample 3 failed: 
  [97960/100000]  elapsed=22537s  rate=4.3/s  eta=469s  finite=32703
  [97970/100000]  elapsed=22540s  rate=4.3/s  eta=467s  finite=32706
  [97980/100000]  elapsed=22542s  rate=4.3/s  eta=465s  finite=32708
  [97990/100000]  elapsed=22544s  rate=4.3/s  eta=462s  finite=32711
  [98000/100000]  elapsed=22547s  rate=4.3/s  eta=460s  finite=32714
  -> checkpoint saved: /scratch/e1498138/paper/ext/emri_g/lhs_f/ckpt_098000.pkl
  [98010/100000]  elapsed=22549s  rate=4.3/s  eta=458s  finite=32717
  [warn] sample 3 failed: 
  [98020/100000]  elapsed=22551s  rate=4.3/s  eta=456s  finite=32719
  [98030/100000]  elapsed=22553s  rate=4.3/s  eta=453s  finite=32727
  [98040/100000]  elapsed=22556s  rate=4.3/s  eta=451s  finite=32732
  [warn] sample 7 failed: 
  [98050/100000]  elapsed=22558s  rate=4.3/s  eta=449s  finite=32734
  [98060/100000]  elapsed=22560s  rate=4.3/s  eta=446s  finite=32738
  [98070/100000]  elapsed=22562s  rate=4.3/s  eta=444s  finite=32740
  [98080/100000]  elapsed=22565s  rate=4.3/s  eta=442s  finite=32746
  [98090/100000]  elapsed=22567s  rate=4.3/s  eta=439s  finite=32749
  [98100/100000]  elapsed=22569s  rate=4.3/s  eta=437s  finite=32752
  -> checkpoint saved: /scratch/e1498138/paper/ext/emri_g/lhs_f/ckpt_098100.pkl
  [98110/100000]  elapsed=22572s  rate=4.3/s  eta=435s  finite=32761
  [98120/100000]  elapsed=22575s  rate=4.3/s  eta=433s  finite=32764
  [warn] sample 9 failed: 
  [98130/100000]  elapsed=22577s  rate=4.3/s  eta=430s  finite=32767
  [98140/100000]  elapsed=22579s  rate=4.3/s  eta=428s  finite=32771
  [98150/100000]  elapsed=22581s  rate=4.3/s  eta=426s  finite=32773
  [warn] sample 9 failed: 
  [98160/100000]  elapsed=22584s  rate=4.3/s  eta=423s  finite=32774
  [98170/100000]  elapsed=22586s  rate=4.3/s  eta=421s  finite=32777
  [warn] sample 0 failed: This a (0.47180655), p0 (13.998705) and e0 (0.8937855000000001) combination is outside of our domain of validity.
  [warn] sample 2 failed: 
  [warn] sample 6 failed: 
  [98180/100000]  elapsed=22588s  rate=4.3/s  eta=419s  finite=32780
  [98190/100000]  elapsed=22590s  rate=4.3/s  eta=416s  finite=32784
  [98200/100000]  elapsed=22593s  rate=4.3/s  eta=414s  finite=32790
  -> checkpoint saved: /scratch/e1498138/paper/ext/emri_g/lhs_f/ckpt_098200.pkl
  [98210/100000]  elapsed=22595s  rate=4.3/s  eta=412s  finite=32794
  [98220/100000]  elapsed=22597s  rate=4.3/s  eta=410s  finite=32796
  [98230/100000]  elapsed=22600s  rate=4.3/s  eta=407s  finite=32799
  [98240/100000]  elapsed=22602s  rate=4.3/s  eta=405s  finite=32800
  [98250/100000]  elapsed=22605s  rate=4.3/s  eta=403s  finite=32807
  [98260/100000]  elapsed=22607s  rate=4.3/s  eta=400s  finite=32812
  [warn] sample 2 failed: 
  [98270/100000]  elapsed=22609s  rate=4.3/s  eta=398s  finite=32815
  [98280/100000]  elapsed=22612s  rate=4.3/s  eta=396s  finite=32819
  [98290/100000]  elapsed=22614s  rate=4.3/s  eta=393s  finite=32824
  [98300/100000]  elapsed=22616s  rate=4.3/s  eta=391s  finite=32826
  -> checkpoint saved: /scratch/e1498138/paper/ext/emri_g/lhs_f/ckpt_098300.pkl
  [98310/100000]  elapsed=22619s  rate=4.3/s  eta=389s  finite=32830
  [98320/100000]  elapsed=22621s  rate=4.3/s  eta=387s  finite=32837
  [warn] sample 6 failed: This a (0.44361315), p0 (13.511745) and e0 (0.8994165000000001) combination is outside of our domain of validity.
  [98330/100000]  elapsed=22623s  rate=4.3/s  eta=384s  finite=32841
  [98340/100000]  elapsed=22626s  rate=4.3/s  eta=382s  finite=32842
  [98350/100000]  elapsed=22628s  rate=4.3/s  eta=380s  finite=32847
  [98360/100000]  elapsed=22630s  rate=4.3/s  eta=377s  finite=32853
  [warn] sample 9 failed: 
  [98370/100000]  elapsed=22633s  rate=4.3/s  eta=375s  finite=32856
  [98380/100000]  elapsed=22635s  rate=4.3/s  eta=373s  finite=32861
  [warn] sample 0 failed: 
  [warn] sample 2 failed: 
  [warn] sample 8 failed: 
  [98390/100000]  elapsed=22637s  rate=4.3/s  eta=370s  finite=32864
  [98400/100000]  elapsed=22639s  rate=4.3/s  eta=368s  finite=32870
  -> checkpoint saved: /scratch/e1498138/paper/ext/emri_g/lhs_f/ckpt_098400.pkl
  [98410/100000]  elapsed=22642s  rate=4.3/s  eta=366s  finite=32871
  [98420/100000]  elapsed=22644s  rate=4.3/s  eta=364s  finite=32874
  [98430/100000]  elapsed=22646s  rate=4.3/s  eta=361s  finite=32876
  [warn] sample 4 failed: This a (0.35094615), p0 (13.586955) and e0 (0.8875635000000001) combination is outside of our domain of validity.
  [warn] sample 8 failed: 
  [98440/100000]  elapsed=22648s  rate=4.3/s  eta=359s  finite=32876
  [98450/100000]  elapsed=22651s  rate=4.3/s  eta=357s  finite=32880
  [98460/100000]  elapsed=22653s  rate=4.3/s  eta=354s  finite=32885
  [98470/100000]  elapsed=22655s  rate=4.3/s  eta=352s  finite=32886
  [98480/100000]  elapsed=22657s  rate=4.3/s  eta=350s  finite=32888
  [98490/100000]  elapsed=22660s  rate=4.3/s  eta=347s  finite=32890
  [98500/100000]  elapsed=22662s  rate=4.3/s  eta=345s  finite=32896
  -> checkpoint saved: /scratch/e1498138/paper/ext/emri_g/lhs_f/ckpt_098500.pkl
  [98510/100000]  elapsed=22665s  rate=4.3/s  eta=343s  finite=32899
  [98520/100000]  elapsed=22667s  rate=4.3/s  eta=341s  finite=32902
  [98530/100000]  elapsed=22669s  rate=4.3/s  eta=338s  finite=32905
  [98540/100000]  elapsed=22671s  rate=4.3/s  eta=336s  finite=32907
  [98550/100000]  elapsed=22674s  rate=4.3/s  eta=334s  finite=32910
  [98560/100000]  elapsed=22676s  rate=4.3/s  eta=331s  finite=32912
  [98570/100000]  elapsed=22678s  rate=4.3/s  eta=329s  finite=32913
  [warn] sample 4 failed: 
  [98580/100000]  elapsed=22681s  rate=4.3/s  eta=327s  finite=32916
  [98590/100000]  elapsed=22683s  rate=4.3/s  eta=324s  finite=32919
  [98600/100000]  elapsed=22685s  rate=4.3/s  eta=322s  finite=32921
  -> checkpoint saved: /scratch/e1498138/paper/ext/emri_g/lhs_f/ckpt_098600.pkl
  [98610/100000]  elapsed=22688s  rate=4.3/s  eta=320s  finite=32925
  [warn] sample 0 failed: 
  [98620/100000]  elapsed=22690s  rate=4.3/s  eta=318s  finite=32931
  [98630/100000]  elapsed=22692s  rate=4.3/s  eta=315s  finite=32933
  [warn] sample 4 failed: 
  [98640/100000]  elapsed=22694s  rate=4.3/s  eta=313s  finite=32938
  [98650/100000]  elapsed=22697s  rate=4.3/s  eta=311s  finite=32942
  [98660/100000]  elapsed=22699s  rate=4.3/s  eta=308s  finite=32944
  [warn] sample 1 failed: 
  [98670/100000]  elapsed=22701s  rate=4.3/s  eta=306s  finite=32945
  [98680/100000]  elapsed=22704s  rate=4.3/s  eta=304s  finite=32951
  [warn] sample 9 failed: 
  [98690/100000]  elapsed=22706s  rate=4.3/s  eta=301s  finite=32955
  [warn] sample 4 failed: 
  [98700/100000]  elapsed=22708s  rate=4.3/s  eta=299s  finite=32959
  -> checkpoint saved: /scratch/e1498138/paper/ext/emri_g/lhs_f/ckpt_098700.pkl
  [warn] sample 4 failed: 
  [98710/100000]  elapsed=22710s  rate=4.3/s  eta=297s  finite=32961
  [warn] sample 1 failed: 
  [98720/100000]  elapsed=22712s  rate=4.3/s  eta=294s  finite=32965
  [98730/100000]  elapsed=22714s  rate=4.3/s  eta=292s  finite=32967
  [warn] sample 6 failed: 
  [warn] sample 8 failed: 
  [98740/100000]  elapsed=22716s  rate=4.3/s  eta=290s  finite=32970
  [warn] sample 0 failed: 
  [98750/100000]  elapsed=22719s  rate=4.3/s  eta=288s  finite=32975
  [warn] sample 1 failed: 
  [warn] sample 7 failed: 
  [98760/100000]  elapsed=22721s  rate=4.3/s  eta=285s  finite=32978
  [warn] sample 8 failed: 
  [98770/100000]  elapsed=22723s  rate=4.3/s  eta=283s  finite=32981
  [98780/100000]  elapsed=22725s  rate=4.3/s  eta=281s  finite=32984
  [98790/100000]  elapsed=22727s  rate=4.3/s  eta=278s  finite=32987
  [98800/100000]  elapsed=22730s  rate=4.3/s  eta=276s  finite=32989
  -> checkpoint saved: /scratch/e1498138/paper/ext/emri_g/lhs_f/ckpt_098800.pkl
  [98810/100000]  elapsed=22732s  rate=4.3/s  eta=274s  finite=32993
  [warn] sample 0 failed: 
  [98820/100000]  elapsed=22734s  rate=4.3/s  eta=271s  finite=32997
  [98830/100000]  elapsed=22737s  rate=4.3/s  eta=269s  finite=33000
  [98840/100000]  elapsed=22739s  rate=4.3/s  eta=267s  finite=33005
  [98850/100000]  elapsed=22741s  rate=4.3/s  eta=265s  finite=33008
  [98860/100000]  elapsed=22744s  rate=4.3/s  eta=262s  finite=33012
  [98870/100000]  elapsed=22746s  rate=4.3/s  eta=260s  finite=33012
  [98880/100000]  elapsed=22748s  rate=4.3/s  eta=258s  finite=33016
  [98890/100000]  elapsed=22750s  rate=4.3/s  eta=255s  finite=33020
  [98900/100000]  elapsed=22752s  rate=4.3/s  eta=253s  finite=33022
  -> checkpoint saved: /scratch/e1498138/paper/ext/emri_g/lhs_f/ckpt_098900.pkl
  [98910/100000]  elapsed=22755s  rate=4.3/s  eta=251s  finite=33026
  [98920/100000]  elapsed=22757s  rate=4.3/s  eta=248s  finite=33032
  [98930/100000]  elapsed=22760s  rate=4.3/s  eta=246s  finite=33038
  [98940/100000]  elapsed=22762s  rate=4.3/s  eta=244s  finite=33042
  [98950/100000]  elapsed=22764s  rate=4.3/s  eta=242s  finite=33045
  [98960/100000]  elapsed=22766s  rate=4.3/s  eta=239s  finite=33047
  [98970/100000]  elapsed=22769s  rate=4.3/s  eta=237s  finite=33049
  [98980/100000]  elapsed=22771s  rate=4.3/s  eta=235s  finite=33050
  [98990/100000]  elapsed=22773s  rate=4.3/s  eta=232s  finite=33054
  [warn] sample 4 failed: This a (0.37798725), p0 (13.595445) and e0 (0.8966925000000001) combination is outside of our domain of validity.
  [99000/100000]  elapsed=22775s  rate=4.3/s  eta=230s  finite=33056
  -> checkpoint saved: /scratch/e1498138/paper/ext/emri_g/lhs_f/ckpt_099000.pkl
  [99010/100000]  elapsed=22778s  rate=4.3/s  eta=228s  finite=33059
  [99020/100000]  elapsed=22780s  rate=4.3/s  eta=225s  finite=33061
  [warn] sample 0 failed: 
  [warn] sample 1 failed: 
  [99030/100000]  elapsed=22782s  rate=4.3/s  eta=223s  finite=33067
  [99040/100000]  elapsed=22784s  rate=4.3/s  eta=221s  finite=33069
  [99050/100000]  elapsed=22787s  rate=4.3/s  eta=219s  finite=33075
  [99060/100000]  elapsed=22789s  rate=4.3/s  eta=216s  finite=33078
  [warn] sample 9 failed: 
  [99070/100000]  elapsed=22791s  rate=4.3/s  eta=214s  finite=33081
  [99080/100000]  elapsed=22793s  rate=4.3/s  eta=212s  finite=33086
  [99090/100000]  elapsed=22796s  rate=4.3/s  eta=209s  finite=33087
  [99100/100000]  elapsed=22798s  rate=4.3/s  eta=207s  finite=33091
  -> checkpoint saved: /scratch/e1498138/paper/ext/emri_g/lhs_f/ckpt_099100.pkl
  [warn] sample 3 failed: 
  [99110/100000]  elapsed=22800s  rate=4.3/s  eta=205s  finite=33093
  [99120/100000]  elapsed=22803s  rate=4.3/s  eta=202s  finite=33097
  [99130/100000]  elapsed=22805s  rate=4.3/s  eta=200s  finite=33099
  [99140/100000]  elapsed=22807s  rate=4.3/s  eta=198s  finite=33104
  [99150/100000]  elapsed=22809s  rate=4.3/s  eta=196s  finite=33105
  [99160/100000]  elapsed=22812s  rate=4.3/s  eta=193s  finite=33107
  [99170/100000]  elapsed=22814s  rate=4.3/s  eta=191s  finite=33110
  [warn] sample 7 failed: 
  [99180/100000]  elapsed=22816s  rate=4.3/s  eta=189s  finite=33110
  [warn] sample 7 failed: This a (0.40308944999999996), p0 (14.313855) and e0 (0.8973435000000001) combination is outside of our domain of validity.
  [99190/100000]  elapsed=22818s  rate=4.3/s  eta=186s  finite=33111
  [99200/100000]  elapsed=22820s  rate=4.3/s  eta=184s  finite=33112
  -> checkpoint saved: /scratch/e1498138/paper/ext/emri_g/lhs_f/ckpt_099200.pkl
  [99210/100000]  elapsed=22823s  rate=4.3/s  eta=182s  finite=33115
  [warn] sample 6 failed: 
  [99220/100000]  elapsed=22825s  rate=4.3/s  eta=179s  finite=33118
  [99230/100000]  elapsed=22827s  rate=4.3/s  eta=177s  finite=33121
  [99240/100000]  elapsed=22830s  rate=4.3/s  eta=175s  finite=33124
  [99250/100000]  elapsed=22832s  rate=4.3/s  eta=173s  finite=33127
  [warn] sample 9 failed: 
  [99260/100000]  elapsed=22834s  rate=4.3/s  eta=170s  finite=33134
  [99270/100000]  elapsed=22836s  rate=4.3/s  eta=168s  finite=33137
  [99280/100000]  elapsed=22839s  rate=4.3/s  eta=166s  finite=33139
  [warn] sample 7 failed: 
  [99290/100000]  elapsed=22841s  rate=4.3/s  eta=163s  finite=33142
  [99300/100000]  elapsed=22843s  rate=4.3/s  eta=161s  finite=33145
  -> checkpoint saved: /scratch/e1498138/paper/ext/emri_g/lhs_f/ckpt_099300.pkl
  [99310/100000]  elapsed=22846s  rate=4.3/s  eta=159s  finite=33147
  [warn] sample 8 failed: This a (0.46472715), p0 (14.033475) and e0 (0.8939415000000001) combination is outside of our domain of validity.
  [99320/100000]  elapsed=22848s  rate=4.3/s  eta=156s  finite=33151
  [99330/100000]  elapsed=22850s  rate=4.3/s  eta=154s  finite=33152
  [99340/100000]  elapsed=22852s  rate=4.3/s  eta=152s  finite=33155
  [99350/100000]  elapsed=22855s  rate=4.3/s  eta=150s  finite=33159
  [99360/100000]  elapsed=22857s  rate=4.3/s  eta=147s  finite=33162
  [99370/100000]  elapsed=22859s  rate=4.3/s  eta=145s  finite=33167
  [99380/100000]  elapsed=22862s  rate=4.3/s  eta=143s  finite=33170
  [99390/100000]  elapsed=22864s  rate=4.3/s  eta=140s  finite=33174
  [99400/100000]  elapsed=22866s  rate=4.3/s  eta=138s  finite=33180
  -> checkpoint saved: /scratch/e1498138/paper/ext/emri_g/lhs_f/ckpt_099400.pkl
  [99410/100000]  elapsed=22869s  rate=4.3/s  eta=136s  finite=33183
  [99420/100000]  elapsed=22871s  rate=4.3/s  eta=133s  finite=33187
  [99430/100000]  elapsed=22873s  rate=4.3/s  eta=131s  finite=33189
  [warn] sample 3 failed: This a (0.43611285), p0 (13.967535) and e0 (0.8914335) combination is outside of our domain of validity.
  [99440/100000]  elapsed=22875s  rate=4.3/s  eta=129s  finite=33190
  [warn] sample 7 failed: 
  [99450/100000]  elapsed=22877s  rate=4.3/s  eta=127s  finite=33194
  [99460/100000]  elapsed=22880s  rate=4.3/s  eta=124s  finite=33198
  [99470/100000]  elapsed=22882s  rate=4.3/s  eta=122s  finite=33202
  [99480/100000]  elapsed=22885s  rate=4.3/s  eta=120s  finite=33207
  [99490/100000]  elapsed=22887s  rate=4.3/s  eta=117s  finite=33210
  [warn] sample 8 failed: 
  [99500/100000]  elapsed=22889s  rate=4.3/s  eta=115s  finite=33213
  -> checkpoint saved: /scratch/e1498138/paper/ext/emri_g/lhs_f/ckpt_099500.pkl
  [99510/100000]  elapsed=22891s  rate=4.3/s  eta=113s  finite=33216
  [99520/100000]  elapsed=22894s  rate=4.3/s  eta=110s  finite=33222
  [warn] sample 4 failed: This a (0.54587805), p0 (13.642725) and e0 (0.8928435) combination is outside of our domain of validity.
  [99530/100000]  elapsed=22896s  rate=4.3/s  eta=108s  finite=33226
  [warn] sample 0 failed: This a (0.37646925), p0 (13.660305) and e0 (0.8951025) combination is outside of our domain of validity.
  [99540/100000]  elapsed=22898s  rate=4.3/s  eta=106s  finite=33228
  [99550/100000]  elapsed=22900s  rate=4.3/s  eta=104s  finite=33233
  [99560/100000]  elapsed=22903s  rate=4.3/s  eta=101s  finite=33238
  [99570/100000]  elapsed=22905s  rate=4.3/s  eta=99s  finite=33243
  [99580/100000]  elapsed=22907s  rate=4.3/s  eta=97s  finite=33247
  [99590/100000]  elapsed=22910s  rate=4.3/s  eta=94s  finite=33248
  [warn] sample 9 failed: 
  [99600/100000]  elapsed=22912s  rate=4.3/s  eta=92s  finite=33250
  -> checkpoint saved: /scratch/e1498138/paper/ext/emri_g/lhs_f/ckpt_099600.pkl
  [99610/100000]  elapsed=22914s  rate=4.3/s  eta=90s  finite=33255
  [99620/100000]  elapsed=22916s  rate=4.3/s  eta=87s  finite=33258
  [99630/100000]  elapsed=22919s  rate=4.3/s  eta=85s  finite=33261
  [99640/100000]  elapsed=22921s  rate=4.3/s  eta=83s  finite=33265
  [99650/100000]  elapsed=22923s  rate=4.3/s  eta=81s  finite=33268
  [99660/100000]  elapsed=22926s  rate=4.3/s  eta=78s  finite=33273
  [99670/100000]  elapsed=22928s  rate=4.3/s  eta=76s  finite=33280
  [warn] sample 0 failed: 
  [warn] sample 8 failed: 
  [99680/100000]  elapsed=22930s  rate=4.3/s  eta=74s  finite=33281
  [99690/100000]  elapsed=22933s  rate=4.3/s  eta=71s  finite=33284
  [99700/100000]  elapsed=22935s  rate=4.3/s  eta=69s  finite=33287
  -> checkpoint saved: /scratch/e1498138/paper/ext/emri_g/lhs_f/ckpt_099700.pkl
  [warn] sample 7 failed: 
  [99710/100000]  elapsed=22937s  rate=4.3/s  eta=67s  finite=33290
  [99720/100000]  elapsed=22939s  rate=4.3/s  eta=64s  finite=33295
  [warn] sample 6 failed: 
  [99730/100000]  elapsed=22941s  rate=4.3/s  eta=62s  finite=33298
  [99740/100000]  elapsed=22944s  rate=4.3/s  eta=60s  finite=33303
  [99750/100000]  elapsed=22946s  rate=4.3/s  eta=58s  finite=33309
  [99760/100000]  elapsed=22949s  rate=4.3/s  eta=55s  finite=33315
  [99770/100000]  elapsed=22951s  rate=4.3/s  eta=53s  finite=33318
  [99780/100000]  elapsed=22953s  rate=4.3/s  eta=51s  finite=33321
  [99790/100000]  elapsed=22956s  rate=4.3/s  eta=48s  finite=33325
  [99800/100000]  elapsed=22958s  rate=4.3/s  eta=46s  finite=33331
  -> checkpoint saved: /scratch/e1498138/paper/ext/emri_g/lhs_f/ckpt_099800.pkl
  [99810/100000]  elapsed=22960s  rate=4.3/s  eta=44s  finite=33332
  [99820/100000]  elapsed=22963s  rate=4.3/s  eta=41s  finite=33337
  [99830/100000]  elapsed=22965s  rate=4.3/s  eta=39s  finite=33341
  [99840/100000]  elapsed=22968s  rate=4.3/s  eta=37s  finite=33346
  [warn] sample 4 failed: 
  [99850/100000]  elapsed=22970s  rate=4.3/s  eta=35s  finite=33352
  [99860/100000]  elapsed=22972s  rate=4.3/s  eta=32s  finite=33354
  [99870/100000]  elapsed=22974s  rate=4.3/s  eta=30s  finite=33359
  [99880/100000]  elapsed=22977s  rate=4.3/s  eta=28s  finite=33363
  [99890/100000]  elapsed=22979s  rate=4.3/s  eta=25s  finite=33364
  [99900/100000]  elapsed=22981s  rate=4.3/s  eta=23s  finite=33369
  -> checkpoint saved: /scratch/e1498138/paper/ext/emri_g/lhs_f/ckpt_099900.pkl
  [99910/100000]  elapsed=22984s  rate=4.3/s  eta=21s  finite=33371
  [99920/100000]  elapsed=22986s  rate=4.3/s  eta=18s  finite=33376
  [99930/100000]  elapsed=22989s  rate=4.3/s  eta=16s  finite=33380
  [99940/100000]  elapsed=22991s  rate=4.3/s  eta=14s  finite=33383
  [99950/100000]  elapsed=22993s  rate=4.3/s  eta=12s  finite=33388
  [99960/100000]  elapsed=22996s  rate=4.3/s  eta=9s  finite=33390
  [99970/100000]  elapsed=22998s  rate=4.3/s  eta=7s  finite=33395
  [99980/100000]  elapsed=23000s  rate=4.3/s  eta=5s  finite=33399
  [99990/100000]  elapsed=23003s  rate=4.3/s  eta=2s  finite=33401
  [100000/100000]  elapsed=23005s  rate=4.3/s  eta=0s  finite=33406
  -> checkpoint saved: /scratch/e1498138/paper/ext/emri_g/lhs_f/ckpt_100000.pkl

Done!  Final output: /scratch/e1498138/paper/ext/emri_g/lhs_f/final.pkl
Total finite evaluations: 33406 / 100000
Job completed at Sat Aug  1 03:13:27 AM +08 2026
~~~~~~~~~~~~~~~~~~~~~~~~~~~~~~~~~~~~~~~~~~~~~~~~~~~~~~~~~~~~~~~~~~~~~~~~~~~~~~~~~~~~~~~~~~
			Resource Usage on 2026-08-01 03:13:35.348554:
~~~~~~~~~~~~~~~~~~~~~~~~~~~~~~~~~~~~~~~~~~~~~~~~~~~~~~~~~~~~~~~~~~~~~~~~~~~~~~~~~~~~~~~~~~
	JobId: 550489.hopper-m-02
	Project: CFP03-CF-051
	Exit Status: 0
~~~~~~~~~~~~~~~~~~~~~~~~~~~~~~~~~~~~~~~~~~~~~~~~~~~~~~~~~~~~~~~~~~~~~~~~~~~~~~~~~~~~~~~~~~
	NCPUs: Requested(12), Used(12)
	CPU Time Used: 05:44:10
	Memory: Requested(225gb), Used(11230676kb)
	Vmem Used: 28032628kb
	Walltime: Requested(24:00:00), Used(07:00:41)
~~~~~~~~~~~~~~~~~~~~~~~~~~~~~~~~~~~~~~~~~~~~~~~~~~~~~~~~~~~~~~~~~~~~~~~~~~~~~~~~~~~~~~~~~~
	Execution Nodes Used: (hopper-16:ngpus=1:ncpus=12:mem=235929600kb)
~~~~~~~~~~~~~~~~~~~~~~~~~~~~~~~~~~~~~~~~~~~~~~~~~~~~~~~~~~~~~~~~~~~~~~~~~~~~~~~~~~~~~~~~~~
	No GPU-related information available for this job.
dt=5s  T=1.0yr  TDI gen=1
SNR (rhostat): 4354.0710
LHS box bounds:
  logm1: [5.82507, 5.82762]
  logm2: [1.99252, 1.99310]
  a: [0.49334, 0.50078]
  p0: [15.70599, 15.75367]
  e0: [0.74388, 0.74418]
  cosqS: [0.79926, 0.86149]
  phiS: [3.48384, 3.66905]
Generating 100000 LHS points in 7D box...
Evaluating coherent f-statistic on 100000 points...
  [500/100000]  elapsed=260s  rate=1.9/s  ETA=51809s
  [1000/100000]  elapsed=519s  rate=1.9/s  ETA=51405s
  [1500/100000]  elapsed=778s  rate=1.9/s  ETA=51108s
  [2000/100000]  elapsed=1037s  rate=1.9/s  ETA=50802s
  [2500/100000]  elapsed=1295s  rate=1.9/s  ETA=50497s
  [3000/100000]  elapsed=1554s  rate=1.9/s  ETA=50238s
  [3500/100000]  elapsed=1812s  rate=1.9/s  ETA=49959s
  [4000/100000]  elapsed=2070s  rate=1.9/s  ETA=49676s
  [4500/100000]  elapsed=2326s  rate=1.9/s  ETA=49370s
  [5000/100000]  elapsed=2583s  rate=1.9/s  ETA=49074s
  [5500/100000]  elapsed=2840s  rate=1.9/s  ETA=48803s
  [6000/100000]  elapsed=3098s  rate=1.9/s  ETA=48535s
  [6500/100000]  elapsed=3354s  rate=1.9/s  ETA=48249s
  [7000/100000]  elapsed=3611s  rate=1.9/s  ETA=47969s
  [7500/100000]  elapsed=3867s  rate=1.9/s  ETA=47694s
  [8000/100000]  elapsed=4124s  rate=1.9/s  ETA=47425s
  [8500/100000]  elapsed=4380s  rate=1.9/s  ETA=47148s
  [9000/100000]  elapsed=4636s  rate=1.9/s  ETA=46877s
  [9500/100000]  elapsed=4893s  rate=1.9/s  ETA=46609s
  [10000/100000]  elapsed=5149s  rate=1.9/s  ETA=46339s
  [10500/100000]  elapsed=5405s  rate=1.9/s  ETA=46070s
  [11000/100000]  elapsed=5661s  rate=1.9/s  ETA=45806s
  [11500/100000]  elapsed=5918s  rate=1.9/s  ETA=45541s
  [12000/100000]  elapsed=6174s  rate=1.9/s  ETA=45278s
  [12500/100000]  elapsed=6430s  rate=1.9/s  ETA=45013s
  [13000/100000]  elapsed=6687s  rate=1.9/s  ETA=44749s
  [13500/100000]  elapsed=6943s  rate=1.9/s  ETA=44488s
  [14000/100000]  elapsed=7200s  rate=1.9/s  ETA=44228s
  [14500/100000]  elapsed=7457s  rate=1.9/s  ETA=43969s
  [15000/100000]  elapsed=7714s  rate=1.9/s  ETA=43712s
  [15500/100000]  elapsed=7971s  rate=1.9/s  ETA=43454s
  [16000/100000]  elapsed=8228s  rate=1.9/s  ETA=43195s
  [16500/100000]  elapsed=8485s  rate=1.9/s  ETA=42937s
  [17000/100000]  elapsed=8742s  rate=1.9/s  ETA=42680s
  [17500/100000]  elapsed=8999s  rate=1.9/s  ETA=42423s
  [18000/100000]  elapsed=9256s  rate=1.9/s  ETA=42166s
  [18500/100000]  elapsed=9513s  rate=1.9/s  ETA=41907s
  [19000/100000]  elapsed=9769s  rate=1.9/s  ETA=41647s
  [19500/100000]  elapsed=10026s  rate=1.9/s  ETA=41388s
  [20000/100000]  elapsed=10283s  rate=1.9/s  ETA=41131s
  [20500/100000]  elapsed=10540s  rate=1.9/s  ETA=40874s
  [21000/100000]  elapsed=10797s  rate=1.9/s  ETA=40617s
  [21500/100000]  elapsed=11054s  rate=1.9/s  ETA=40359s
  [22000/100000]  elapsed=11310s  rate=1.9/s  ETA=40099s
  [22500/100000]  elapsed=11567s  rate=1.9/s  ETA=39842s
  [23000/100000]  elapsed=11824s  rate=1.9/s  ETA=39585s
  [23500/100000]  elapsed=12081s  rate=1.9/s  ETA=39327s
  [24000/100000]  elapsed=12338s  rate=1.9/s  ETA=39069s
  [24500/100000]  elapsed=12594s  rate=1.9/s  ETA=38810s
  [25000/100000]  elapsed=12850s  rate=1.9/s  ETA=38551s
  [25500/100000]  elapsed=13107s  rate=1.9/s  ETA=38293s
  [26000/100000]  elapsed=13364s  rate=1.9/s  ETA=38036s
  [26500/100000]  elapsed=13620s  rate=1.9/s  ETA=37777s
  [27000/100000]  elapsed=13877s  rate=1.9/s  ETA=37518s
  [27500/100000]  elapsed=14133s  rate=1.9/s  ETA=37260s
  [28000/100000]  elapsed=14389s  rate=1.9/s  ETA=37000s
  [28500/100000]  elapsed=14646s  rate=1.9/s  ETA=36743s
  [29000/100000]  elapsed=14903s  rate=1.9/s  ETA=36487s
  [29500/100000]  elapsed=15160s  rate=1.9/s  ETA=36229s
  [30000/100000]  elapsed=15416s  rate=1.9/s  ETA=35971s
  [30500/100000]  elapsed=15674s  rate=1.9/s  ETA=35716s
  [31000/100000]  elapsed=15929s  rate=1.9/s  ETA=35455s
  [31500/100000]  elapsed=16184s  rate=1.9/s  ETA=35193s
  [32000/100000]  elapsed=16439s  rate=1.9/s  ETA=34932s
  [32500/100000]  elapsed=16693s  rate=1.9/s  ETA=34671s
  [33000/100000]  elapsed=16948s  rate=1.9/s  ETA=34410s
  [33500/100000]  elapsed=17202s  rate=1.9/s  ETA=34148s
  [34000/100000]  elapsed=17459s  rate=1.9/s  ETA=33890s
  [34500/100000]  elapsed=17714s  rate=1.9/s  ETA=33631s
  [35000/100000]  elapsed=17970s  rate=1.9/s  ETA=33373s
  [35500/100000]  elapsed=18225s  rate=1.9/s  ETA=33114s
  [36000/100000]  elapsed=18481s  rate=1.9/s  ETA=32855s
  [36500/100000]  elapsed=18736s  rate=1.9/s  ETA=32596s
  [37000/100000]  elapsed=18996s  rate=1.9/s  ETA=32344s
  [37500/100000]  elapsed=19258s  rate=1.9/s  ETA=32096s
  [38000/100000]  elapsed=19520s  rate=1.9/s  ETA=31848s
  [38500/100000]  elapsed=19781s  rate=1.9/s  ETA=31599s
  [39000/100000]  elapsed=20043s  rate=1.9/s  ETA=31350s
  [39500/100000]  elapsed=20304s  rate=1.9/s  ETA=31098s
  [40000/100000]  elapsed=20563s  rate=1.9/s  ETA=30845s
  [40500/100000]  elapsed=20824s  rate=1.9/s  ETA=30594s
  [41000/100000]  elapsed=21085s  rate=1.9/s  ETA=30342s
  [41500/100000]  elapsed=21346s  rate=1.9/s  ETA=30090s
  [42000/100000]  elapsed=21606s  rate=1.9/s  ETA=29837s
  [42500/100000]  elapsed=21866s  rate=1.9/s  ETA=29584s
  [43000/100000]  elapsed=22125s  rate=1.9/s  ETA=29329s
  [43500/100000]  elapsed=22374s  rate=1.9/s  ETA=29061s
  [44000/100000]  elapsed=22623s  rate=1.9/s  ETA=28793s
  [44500/100000]  elapsed=22872s  rate=1.9/s  ETA=28526s
  [45000/100000]  elapsed=23121s  rate=1.9/s  ETA=28259s
  [45500/100000]  elapsed=23370s  rate=1.9/s  ETA=27992s
  [46000/100000]  elapsed=23619s  rate=1.9/s  ETA=27726s
  [46500/100000]  elapsed=23870s  rate=1.9/s  ETA=27464s
  [47000/100000]  elapsed=24119s  rate=1.9/s  ETA=27198s
  [47500/100000]  elapsed=24368s  rate=1.9/s  ETA=26933s
  [48000/100000]  elapsed=24617s  rate=1.9/s  ETA=26669s
  [48500/100000]  elapsed=24867s  rate=2.0/s  ETA=26405s
  [49000/100000]  elapsed=25118s  rate=2.0/s  ETA=26144s
  [49500/100000]  elapsed=25368s  rate=2.0/s  ETA=25881s
  [50000/100000]  elapsed=25619s  rate=2.0/s  ETA=25619s
  [50500/100000]  elapsed=25869s  rate=2.0/s  ETA=25357s
  [51000/100000]  elapsed=26122s  rate=2.0/s  ETA=25097s
  [51500/100000]  elapsed=26375s  rate=2.0/s  ETA=24838s
  [52000/100000]  elapsed=26628s  rate=2.0/s  ETA=24579s
  [52500/100000]  elapsed=26881s  rate=2.0/s  ETA=24321s
  [53000/100000]  elapsed=27134s  rate=2.0/s  ETA=24062s
  [53500/100000]  elapsed=27387s  rate=2.0/s  ETA=23804s
  [54000/100000]  elapsed=27641s  rate=2.0/s  ETA=23546s
  [54500/100000]  elapsed=27894s  rate=2.0/s  ETA=23287s
  [55000/100000]  elapsed=28143s  rate=2.0/s  ETA=23026s
  [55500/100000]  elapsed=28392s  rate=2.0/s  ETA=22765s
  [56000/100000]  elapsed=28641s  rate=2.0/s  ETA=22504s
  [56500/100000]  elapsed=28890s  rate=2.0/s  ETA=22242s
  [57000/100000]  elapsed=29138s  rate=2.0/s  ETA=21981s
  [57500/100000]  elapsed=29387s  rate=2.0/s  ETA=21721s
  [58000/100000]  elapsed=29635s  rate=2.0/s  ETA=21460s
  [58500/100000]  elapsed=29883s  rate=2.0/s  ETA=21199s
  [59000/100000]  elapsed=30132s  rate=2.0/s  ETA=20939s
  [59500/100000]  elapsed=30380s  rate=2.0/s  ETA=20679s
  [60000/100000]  elapsed=30629s  rate=2.0/s  ETA=20420s
  [60500/100000]  elapsed=30879s  rate=2.0/s  ETA=20160s
  [61000/100000]  elapsed=31127s  rate=2.0/s  ETA=19901s
  [61500/100000]  elapsed=31375s  rate=2.0/s  ETA=19641s
  [62000/100000]  elapsed=31624s  rate=2.0/s  ETA=19382s
  [62500/100000]  elapsed=31873s  rate=2.0/s  ETA=19124s
  [63000/100000]  elapsed=32122s  rate=2.0/s  ETA=18866s
  [63500/100000]  elapsed=32371s  rate=2.0/s  ETA=18607s
  [64000/100000]  elapsed=32619s  rate=2.0/s  ETA=18348s
  [64500/100000]  elapsed=32868s  rate=2.0/s  ETA=18090s
  [65000/100000]  elapsed=33118s  rate=2.0/s  ETA=17833s
  [65500/100000]  elapsed=33367s  rate=2.0/s  ETA=17575s
  [66000/100000]  elapsed=33616s  rate=2.0/s  ETA=17317s
  [66500/100000]  elapsed=33865s  rate=2.0/s  ETA=17060s
  [67000/100000]  elapsed=34112s  rate=2.0/s  ETA=16802s
  [67500/100000]  elapsed=34361s  rate=2.0/s  ETA=16544s
  [68000/100000]  elapsed=34611s  rate=2.0/s  ETA=16288s
  [68500/100000]  elapsed=34860s  rate=2.0/s  ETA=16031s
  [69000/100000]  elapsed=35111s  rate=2.0/s  ETA=15774s
  [69500/100000]  elapsed=35362s  rate=2.0/s  ETA=15519s
  [70000/100000]  elapsed=35614s  rate=2.0/s  ETA=15263s
  [70500/100000]  elapsed=35864s  rate=2.0/s  ETA=15007s
  [71000/100000]  elapsed=36114s  rate=2.0/s  ETA=14751s
  [71500/100000]  elapsed=36363s  rate=2.0/s  ETA=14494s
  [72000/100000]  elapsed=36613s  rate=2.0/s  ETA=14238s
  [72500/100000]  elapsed=36862s  rate=2.0/s  ETA=13982s
  [73000/100000]  elapsed=37112s  rate=2.0/s  ETA=13726s
  [73500/100000]  elapsed=37362s  rate=2.0/s  ETA=13470s
  [74000/100000]  elapsed=37610s  rate=2.0/s  ETA=13214s
  [74500/100000]  elapsed=37860s  rate=2.0/s  ETA=12959s
  [75000/100000]  elapsed=38110s  rate=2.0/s  ETA=12703s
  [75500/100000]  elapsed=38362s  rate=2.0/s  ETA=12449s
  [76000/100000]  elapsed=38611s  rate=2.0/s  ETA=12193s
  [76500/100000]  elapsed=38861s  rate=2.0/s  ETA=11938s
  [77000/100000]  elapsed=39110s  rate=2.0/s  ETA=11682s
  [77500/100000]  elapsed=39359s  rate=2.0/s  ETA=11427s
  [78000/100000]  elapsed=39609s  rate=2.0/s  ETA=11172s
  [78500/100000]  elapsed=39858s  rate=2.0/s  ETA=10917s
  [79000/100000]  elapsed=40107s  rate=2.0/s  ETA=10661s
  [79500/100000]  elapsed=40355s  rate=2.0/s  ETA=10406s
  [80000/100000]  elapsed=40604s  rate=2.0/s  ETA=10151s
  [80500/100000]  elapsed=40858s  rate=2.0/s  ETA=9897s
  [81000/100000]  elapsed=41117s  rate=2.0/s  ETA=9645s
  [81500/100000]  elapsed=41377s  rate=2.0/s  ETA=9392s
  [82000/100000]  elapsed=41637s  rate=2.0/s  ETA=9140s
  [82500/100000]  elapsed=41897s  rate=2.0/s  ETA=8887s
  [83000/100000]  elapsed=42157s  rate=2.0/s  ETA=8635s
  [83500/100000]  elapsed=42416s  rate=2.0/s  ETA=8382s
  [84000/100000]  elapsed=42676s  rate=2.0/s  ETA=8129s
  [84500/100000]  elapsed=42936s  rate=2.0/s  ETA=7876s
  [85000/100000]  elapsed=43196s  rate=2.0/s  ETA=7623s
  [85500/100000]  elapsed=43457s  rate=2.0/s  ETA=7370s
  [86000/100000]  elapsed=43718s  rate=2.0/s  ETA=7117s
  [86500/100000]  elapsed=43979s  rate=2.0/s  ETA=6864s
  [87000/100000]  elapsed=44238s  rate=2.0/s  ETA=6610s
  [87500/100000]  elapsed=44499s  rate=2.0/s  ETA=6357s
  [88000/100000]  elapsed=44759s  rate=2.0/s  ETA=6103s
  [88500/100000]  elapsed=45019s  rate=2.0/s  ETA=5850s
  [89000/100000]  elapsed=45279s  rate=2.0/s  ETA=5596s
  [89500/100000]  elapsed=45540s  rate=2.0/s  ETA=5343s
  [90000/100000]  elapsed=45799s  rate=2.0/s  ETA=5089s
  [90500/100000]  elapsed=46059s  rate=2.0/s  ETA=4835s
  [91000/100000]  elapsed=46319s  rate=2.0/s  ETA=4581s
  [91500/100000]  elapsed=46578s  rate=2.0/s  ETA=4327s
  [92000/100000]  elapsed=46838s  rate=2.0/s  ETA=4073s
  [92500/100000]  elapsed=47097s  rate=2.0/s  ETA=3819s
  [93000/100000]  elapsed=47356s  rate=2.0/s  ETA=3564s
  [93500/100000]  elapsed=47605s  rate=2.0/s  ETA=3309s
  [94000/100000]  elapsed=47855s  rate=2.0/s  ETA=3055s
  [94500/100000]  elapsed=48104s  rate=2.0/s  ETA=2800s
  [95000/100000]  elapsed=48353s  rate=2.0/s  ETA=2545s
  [95500/100000]  elapsed=48601s  rate=2.0/s  ETA=2290s
  [96000/100000]  elapsed=48850s  rate=2.0/s  ETA=2035s
  [96500/100000]  elapsed=49099s  rate=2.0/s  ETA=1781s
  [97000/100000]  elapsed=49348s  rate=2.0/s  ETA=1526s
  [97500/100000]  elapsed=49597s  rate=2.0/s  ETA=1272s
  [98000/100000]  elapsed=49846s  rate=2.0/s  ETA=1017s
  [98500/100000]  elapsed=50095s  rate=2.0/s  ETA=763s
  [99000/100000]  elapsed=50347s  rate=2.0/s  ETA=509s
  [99500/100000]  elapsed=50596s  rate=2.0/s  ETA=254s
Done. 100000 evals in 50845s (2.0/s)
Finite log_densities: 100000 / 100000
Max log_density: 32.485189
Mean log_density (finite): 0.017147
Saved to /scratch/e1498138/paper/ext/emri_g/f_lhs/lhs_f_box.pkl
Job completed at Wed Aug 12 12:09:02 AM +08 2026
~~~~~~~~~~~~~~~~~~~~~~~~~~~~~~~~~~~~~~~~~~~~~~~~~~~~~~~~~~~~~~~~~~~~~~~~~~~~~~~~~~~~~~~~~~
			Resource Usage on 2026-08-12 00:09:03.726765:
~~~~~~~~~~~~~~~~~~~~~~~~~~~~~~~~~~~~~~~~~~~~~~~~~~~~~~~~~~~~~~~~~~~~~~~~~~~~~~~~~~~~~~~~~~
	JobId: 559166.hopper-m-02
	Project: CFP03-CF-051
	Exit Status: 0
~~~~~~~~~~~~~~~~~~~~~~~~~~~~~~~~~~~~~~~~~~~~~~~~~~~~~~~~~~~~~~~~~~~~~~~~~~~~~~~~~~~~~~~~~~
	NCPUs: Requested(12), Used(12)
	CPU Time Used: 13:27:22
	Memory: Requested(225gb), Used(11193608kb)
	Vmem Used: 30982912kb
	Walltime: Requested(24:00:00), Used(14:08:23)
~~~~~~~~~~~~~~~~~~~~~~~~~~~~~~~~~~~~~~~~~~~~~~~~~~~~~~~~~~~~~~~~~~~~~~~~~~~~~~~~~~~~~~~~~~
	Execution Nodes Used: (hopper-15:ngpus=1:ncpus=12:mem=235929600kb)
~~~~~~~~~~~~~~~~~~~~~~~~~~~~~~~~~~~~~~~~~~~~~~~~~~~~~~~~~~~~~~~~~~~~~~~~~~~~~~~~~~~~~~~~~~
	No GPU-related information available for this job.
