l,m,n,power,fraction_pct
2,-2,-1,7.6261523e+43,21.583990
2,-2,1,6.6240823e+43,18.747872
2,-2,-2,4.0546632e+43,11.475749
2,-2,0,3.3570566e+43,9.501341
2,-2,-4,2.7516993e+43,7.788023
2,-2,-5,2.3904107e+43,6.765483
2,-2,-6,1.8676541e+43,5.285946
2,-2,-7,1.408093e+43,3.985269
2,-2,-3,1.1149313e+43,3.155545
2,-2,-8,1.0409896e+43,2.946271
2,-2,-9,7.5845977e+42,2.146638
2,-2,-10,5.455546e+42,1.544061
2,-2,-11,3.8760539e+42,1.097024
2,-2,-12,2.720319e+42,0.769921
2,-2,-13,1.8858674e+42,0.533749
2,-2,-14,1.2914363e+42,0.365510
2,-2,-15,8.7374643e+41,0.247293
2,-2,2,8.6359528e+41,0.244420
3,-3,-2,5.8528786e+41,0.165652
2,-2,-16,5.8428327e+41,0.165367
3,-3,-3,5.0780163e+41,0.143721
2,-2,-17,3.8642431e+41,0.109368
3,-3,-1,3.0966674e+41,0.087644
3,-3,-6,2.9746365e+41,0.084190
3,-3,-5,2.9033424e+41,0.082172
3,-3,-7,2.6001452e+41,0.073591
2,-2,-18,2.5297671e+41,0.071599
3,-3,-8,2.2062611e+41,0.062443
3,-3,1,1.8722334e+41,0.052989
3,-3,-9,1.8495141e+41,0.052346
2,-1,0,1.778961e+41,0.050349
2,-2,-19,1.6410416e+41,0.046446
3,-3,0,1.545743e+41,0.043749
3,-3,-10,1.5366018e+41,0.043490
3,-3,-11,1.2644421e+41,0.035787
2,-2,-20,1.0560357e+41,0.029889
3,-3,-12,1.0289519e+41,0.029122
3,-2,-1,9.1682916e+40,0.025949
3,-3,-13,8.2675671e+40,0.023399
3,-3,2,7.1250296e+40,0.020166
2,-2,-21,6.7495546e+40,0.019103
3,-3,-14,6.5511144e+40,0.018541
3,-3,-4,6.4906172e+40,0.018370
3,-2,-2,6.0463259e+40,0.017113
2,-2,3,5.9921346e+40,0.016959
3,-3,-15,5.115103e+40,0.014477
2,-1,-1,4.8140742e+40,0.013625
2,-2,-22,4.2896349e+40,0.012141
3,-3,-16,3.9339191e+40,0.011134
3,-2,-4,3.2699445e+40,0.009255
3,-2,0,3.1095944e+40,0.008801
2,-1,-2,3.0789038e+40,0.008714
3,-3,-17,2.9801196e+40,0.008435
2,-1,-3,2.85968e+40,0.008094
3,-2,-5,2.7632727e+40,0.007821
2,-2,-23,2.7139238e+40,0.007681
3,-3,-18,2.2245657e+40,0.006296
3,-2,-6,2.1855613e+40,0.006186
2,-1,-4,1.9417018e+40,0.005496
2,-2,-24,1.7109897e+40,0.004843
3,-2,-7,1.706255e+40,0.004829
3,-3,-19,1.6374397e+40,0.004634
3,-2,-8,1.3240584e+40,0.003747
3,-2,-3,1.2996931e+40,0.003678
2,-1,-5,1.2746258e+40,0.003608
3,-3,-20,1.1896265e+40,0.003367
2,-2,-25,1.0758651e+40,0.003045
3,-2,-9,1.0209149e+40,0.002889
3,-2,1,8.7989733e+39,0.002490
3,-3,-21,8.5403678e+39,0.002417
2,-1,-6,8.3097198e+39,0.002352
3,-2,-10,7.8075085e+39,0.002210
3,-1,0,7.0210114e+39,0.001987
4,-4,-4,6.9767989e+39,0.001975
2,-2,-26,6.7524532e+39,0.001911
2,-2,4,6.4664828e+39,0.001830
4,-4,-3,6.3832059e+39,0.001807
3,-3,-22,6.0660167e+39,0.001717
3,-2,-11,5.911328e+39,0.001673
2,0,1,5.7552043e+39,0.001629
2,0,-1,5.7552043e+39,0.001629
2,-1,-7,5.3995576e+39,0.001528
3,-2,-12,4.4244116e+39,0.001252
3,-3,-23,4.2682097e+39,0.001208
2,-2,-27,4.2328815e+39,0.001198
4,-4,-7,4.1648181e+39,0.001179
4,-4,-8,3.7464535e+39,0.001060
2,-1,-8,3.4943409e+39,0.000989
3,-2,-13,3.269965e+39,0.000925
4,-3,-2,3.2373117e+39,0.000916
4,-4,-2,3.2353091e+39,0.000916
4,-4,-9,3.1946067e+39,0.000904
4,-4,-5,3.1910741e+39,0.000903
4,-3,-3,3.0650975e+39,0.000868
3,-3,-24,2.978823e+39,0.000843
4,-4,-6,2.9488519e+39,0.000835
4,-4,-10,2.6843692e+39,0.000760
2,-2,-28,2.6515906e+39,0.000750
3,-2,-14,2.3847342e+39,0.000675
4,-4,-11,2.2543034e+39,0.000638
2,-1,-9,2.2485378e+39,0.000636
3,-3,-25,2.0644796e+39,0.000584
2,-2,5,1.988524e+39,0.000563
4,-4,-12,1.9021742e+39,0.000538
3,-2,-15,1.7155629e+39,0.000486
2,-2,-29,1.6605421e+39,0.000470
4,-4,-13,1.6135341e+39,0.000457
4,-3,-5,1.5195835e+39,0.000430
4,-3,-6,1.4994365e+39,0.000424
2,-1,-10,1.4362983e+39,0.000407
3,-3,-26,1.4223607e+39,0.000403
3,-1,-3,1.3951065e+39,0.000395
4,-3,-1,1.3940901e+39,0.000395
4,-4,-14,1.3730356e+39,0.000389
4,-4,-1,1.32919e+39,0.000376
2,0,2,1.3178095e+39,0.000373
2,0,-2,1.3178095e+39,0.000373
4,-3,-7,1.2593142e+39,0.000356
3,-1,-4,1.2568941e+39,0.000356
3,-2,-16,1.2174869e+39,0.000345
4,-4,-15,1.1682613e+39,0.000331
2,-2,-30,1.0399217e+39,0.000294
4,-3,-8,1.0362158e+39,0.000293
4,-4,-16,9.904529e+38,0.000280
3,-3,-27,9.751205e+38,0.000276
3,-1,-5,9.6433655e+38,0.000273
4,-4,0,9.4146548e+38,0.000266
2,-1,-11,9.0942991e+38,0.000257
4,-2,0,8.7017933e+38,0.000246
3,-2,-17,8.5267192e+38,0.000241
4,-3,-9,8.5168249e+38,0.000241
3,-1,-2,8.4828427e+38,0.000240
4,-4,-17,8.3404943e+38,0.000236
2,-1,1,8.2468276e+38,0.000233
2,-2,6,7.4416513e+38,0.000211
4,-3,-10,7.0202235e+38,0.000199
4,-4,-18,6.9584812e+38,0.000197
3,-1,-6,6.8687736e+38,0.000194
3,-3,-28,6.6576454e+38,0.000188
2,-2,-31,6.5141108e+38,0.000184
4,-2,-1,6.1270329e+38,0.000173
3,-2,-18,5.8973484e+38,0.000167
4,-3,-4,5.8739256e+38,0.000166
4,-3,-11,5.7972462e+38,0.000164
4,-4,-19,5.7414079e+38,0.000162
2,-1,-12,5.7012099e+38,0.000161
4,-3,-12,4.7828747e+38,0.000135
3,-1,-7,4.6801931e+38,0.000132
4,-4,-20,4.6798318e+38,0.000132
4,-4,2,4.634739e+38,0.000131
3,-3,-29,4.530134e+38,0.000128
2,-2,-32,4.0820337e+38,0.000116
3,-2,-19,4.0316872e+38,0.000114
4,-3,-13,3.9300492e+38,0.000111
4,-4,1,3.8334356e+38,0.000108
2,-1,2,3.7713616e+38,0.000107
4,-4,-21,3.7666207e+38,0.000107
2,0,3,3.5954136e+38,0.000102
2,0,-3,3.5954136e+38,0.000102
2,-1,-13,3.5356537e+38,0.000100
3,-3,3,3.4465764e+38,0.000098
4,-3,-14,3.2070531e+38,0.000091
3,-1,-8,3.0897647e+38,0.000087
3,-3,-30,3.0739506e+38,0.000087
2,-2,7,3.013647e+38,0.000085
4,-4,-22,2.9937161e+38,0.000085
3,-2,-20,2.7273412e+38,0.000077
4,-3,-15,2.5929513e+38,0.000073
2,-2,-33,2.5591708e+38,0.000072
2,-1,3,2.5089728e+38,0.000071
4,-4,-23,2.3507348e+38,0.000067
4,-3,1,2.2276927e+38,0.000063
2,-1,-14,2.1679835e+38,0.000061
3,-3,-31,2.0811493e+38,0.000059
4,-3,-16,2.0734975e+38,0.000059
3,-1,-9,1.988192e+38,0.000056
3,-1,-1,1.9527201e+38,0.000055
3,-2,-21,1.8277586e+38,0.000052
4,-4,-24,1.824922e+38,0.000052
4,-3,0,1.8035541e+38,0.000051
4,-3,-17,1.6380784e+38,0.000046
2,-2,-34,1.6052121e+38,0.000045
2,1,0,1.4933071e+38,0.000042
2,-1,4,1.4848052e+38,0.000042
3,-3,-32,1.4064274e+38,0.000040
4,-4,-25,1.4018928e+38,0.000040
2,-1,-15,1.3141703e+38,0.000037
4,-3,-18,1.2777053e+38,0.000036
2,-2,8,1.2729926e+38,0.000036
3,-1,-10,1.2505585e+38,0.000035
3,-2,-22,1.2148878e+38,0.000034
4,-2,1,1.2119387e+38,0.000034
4,-4,-26,1.0666654e+38,0.000030
5,-5,-5,1.0463192e+38,0.000030
2,0,4,1.0435995e+38,0.000030
2,0,-4,1.0435995e+38,0.000030
2,-2,-35,1.007311e+38,0.000029
4,-3,-19,9.8389073e+37,0.000028
4,-2,-2,9.5996887e+37,0.000027
3,-3,-33,9.4905858e+37,0.000027
2,1,-1,8.7820786e+37,0.000025
2,-1,5,8.6998968e+37,0.000025
5,-4,-4,8.4227561e+37,0.000024
5,-5,-6,8.0496452e+37,0.000023
4,-4,-27,8.0463797e+37,0.000023
3,-2,-23,8.0183605e+37,0.000023
5,-5,-4,8.0012025e+37,0.000023
2,-1,-16,7.8762559e+37,0.000022
3,-1,-11,7.6988481e+37,0.000022
5,-3,-2,7.580181e+37,0.000021
4,-3,-20,7.4819474e+37,0.000021
5,-4,-3,7.1869598e+37,0.000020
3,-1,2,7.0138084e+37,0.000020
5,-5,-8,6.4926063e+37,0.000018
3,-3,-34,6.3966785e+37,0.000018
5,-3,-1,6.3338232e+37,0.000018
2,-2,-36,6.3235641e+37,0.000018
5,-5,-9,6.2579662e+37,0.000018
4,-4,-28,6.0232611e+37,0.000017
4,-4,3,5.8273022e+37,0.000016
4,-3,-21,5.6221272e+37,0.000016
2,-2,9,5.5125571e+37,0.000016
5,-5,-10,5.3843367e+37,0.000015
3,-2,-24,5.2604977e+37,0.000015
2,-1,6,5.1171018e+37,0.000014
2,2,1,4.9530079e+37,0.000014
2,-1,-17,4.669171e+37,0.000013
3,-1,-12,4.6412538e+37,0.000013
2,1,-2,4.6299546e+37,0.000013
4,-4,-29,4.4781072e+37,0.000013
5,-4,-5,4.4779633e+37,0.000013
5,-4,-7,4.4621705e+37,0.000013
5,-5,-11,4.45348e+37,0.000013
3,-3,-35,4.3072465e+37,0.000012
4,-3,-22,4.1779687e+37,0.000012
5,-3,-3,4.0790965e+37,0.000012
2,-2,-37,3.9708309e+37,0.000011
5,-4,-8,3.8895569e+37,0.000011
5,-5,-3,3.8558491e+37,0.000011
2,2,-1,3.6487836e+37,0.000010
5,-5,-12,3.626187e+37,0.000010
3,-2,-25,3.4337949e+37,0.000010
4,-4,-30,3.309245e+37,0.000009
5,-4,-9,3.2096816e+37,0.000009
5,-4,-2,3.1901764e+37,0.000009
2,2,-2,3.1402332e+37,0.000009
4,-3,-23,3.0734303e+37,0.000009
5,-4,-6,3.0637677e+37,0.000009
2,0,5,3.0372628e+37,0.000009
2,0,-5,3.0372628e+37,0.000009
2,-1,7,3.022554e+37,0.000009
5,-5,-13,2.9480254e+37,0.000008
3,-3,-36,2.8980291e+37,0.000008
3,-1,-13,2.7401122e+37,0.000008
2,-1,-18,2.7395374e+37,0.000008
2,1,-3,2.6774915e+37,0.000008
5,-4,-10,2.6114049e+37,0.000007
3,1,0,2.5799764e+37,0.000007
2,-2,-38,2.4938143e+37,0.000007
2,2,-3,2.4466928e+37,0.000007
4,-4,-31,2.4324315e+37,0.000007
2,-2,10,2.4225699e+37,0.000007
5,-5,-14,2.4119739e+37,0.000007
2,2,0,2.3655061e+37,0.000007
4,-3,-24,2.2403326e+37,0.000006
3,-2,-26,2.231989e+37,0.000006
5,-4,-11,2.1284067e+37,0.000006
5,-5,-7,2.11256e+37,0.000006
5,-5,-15,1.9940274e+37,0.000006
3,-3,-37,1.9485696e+37,0.000006
2,2,-4,1.855769e+37,0.000005
5,-3,1,1.8087135e+37,0.000005
2,-1,8,1.7892534e+37,0.000005
4,-4,-32,1.7795156e+37,0.000005
5,-4,-12,1.7494544e+37,0.000005
3,-2,2,1.7426029e+37,0.000005
3,-1,4,1.6858236e+37,0.000005
5,-5,-16,1.6683238e+37,0.000005
4,-3,2,1.6517291e+37,0.000005
2,1,-4,1.6324397e+37,0.000005
5,-5,-2,1.6215725e+37,0.000005
4,-3,-25,1.6198195e+37,0.000005
2,-1,-19,1.5920225e+37,0.000005
3,-1,-14,1.5840957e+37,0.000004
2,-2,-39,1.5661896e+37,0.000004
4,-2,-4,1.4997237e+37,0.000004
5,-4,-13,1.4526281e+37,0.000004
3,-2,-27,1.4457469e+37,0.000004
5,-5,-17,1.4122061e+37,0.000004
3,-1,5,1.4105765e+37,0.000004
2,2,-5,1.3861303e+37,0.000004
4,-2,-3,1.3506816e+37,0.000004
4,-2,-9,1.3403495e+37,0.000004
3,-3,-38,1.3093967e+37,0.000004
4,-2,-10,1.3051e+37,0.000004
4,-4,-33,1.2964439e+37,0.000004
5,-3,-5,1.289266e+37,0.000004
4,-2,-8,1.278621e+37,0.000004
5,-4,-14,1.2172186e+37,0.000003
5,-5,-18,1.2073853e+37,0.000003
4,-2,-11,1.1929598e+37,0.000003
4,-3,-26,1.1627835e+37,0.000003
4,-2,-7,1.1321058e+37,0.000003
5,-3,0,1.1232452e+37,0.000003
3,-1,3,1.108048e+37,0.000003
5,-3,-6,1.074334e+37,0.000003
2,-2,11,1.0732733e+37,0.000003
2,-1,9,1.0590885e+37,0.000003
5,-5,-19,1.0397934e+37,0.000003
4,-2,-12,1.0338993e+37,0.000003
4,-2,-5,1.0277461e+37,0.000003
5,-4,-15,1.0267707e+37,0.000003
2,1,-5,1.021481e+37,0.000003
2,2,-6,1.021152e+37,0.000003
3,-1,6,1.0078522e+37,0.000003
2,-2,-40,9.8345194e+36,0.000003
4,-2,-6,9.8282864e+36,0.000003
4,-4,-34,9.4104335e+36,0.000003
3,-2,-28,9.3376465e+36,0.000003
2,-1,-20,9.1703977e+36,0.000003
5,-5,-20,8.9905264e+36,0.000003
3,-1,-15,8.966036e+36,0.000003
3,-3,-39,8.7938966e+36,0.000002
5,-4,-16,8.6918188e+36,0.000002
2,0,6,8.6242448e+36,0.000002
2,0,-6,8.6242448e+36,0.000002
4,-2,-13,8.5618517e+36,0.000002
4,-3,-27,8.2945086e+36,0.000002
5,-5,-1,8.1962706e+36,0.000002
5,-5,-21,7.778593e+36,0.000002
5,-3,-7,7.6084162e+36,0.000002
2,2,-7,7.4188952e+36,0.000002
5,-4,-1,7.4085457e+36,0.000002
5,-4,-17,7.3598678e+36,0.000002
4,-2,-14,6.8148021e+36,0.000002
4,-4,-35,6.8086029e+36,0.000002
3,-1,7,6.7483222e+36,0.000002
5,-5,-22,6.7136279e+36,0.000002
2,1,-6,6.4661381e+36,0.000002
2,-1,10,6.2562761e+36,0.000002
5,-4,-18,6.2151107e+36,0.000002
2,-2,-41,6.1734028e+36,0.000002
3,-2,-29,6.016491e+36,0.000002
3,1,-3,5.9095993e+36,0.000002
3,-3,-40,5.902556e+36,0.000002
4,-3,-28,5.8841862e+36,0.000002
5,-5,-23,5.7656249e+36,0.000002
3,1,-2,5.7164911e+36,0.000002
2,2,-8,5.3145425e+36,0.000002
2,-1,-21,5.2397338e+36,0.000001
4,-2,-15,5.2375063e+36,0.000001
5,-4,-19,5.2209387e+36,0.000001
5,-3,-8,5.1542346e+36,0.000001
3,-1,-16,4.9674397e+36,0.000001
5,-5,-24,4.9174492e+36,0.000001
4,-4,-36,4.9120826e+36,0.000001
2,-2,12,4.771357e+36,0.000001
3,1,-4,4.7578837e+36,0.000001
3,-1,8,4.3636686e+36,0.000001
5,-4,-20,4.3543226e+36,0.000001
5,-5,0,4.354097e+36,0.000001
5,-5,-25,4.1599335e+36,0.000001
4,-3,-29,4.154245e+36,0.000001
2,1,-7,4.1065043e+36,0.000001
3,-1,1,4.1005674e+36,0.000001
3,-3,-41,3.9593419e+36,0.000001
4,-2,-16,3.9012024e+36,0.000001
2,-2,-42,3.8735021e+36,0.000001
3,-2,-30,3.8688572e+36,0.000001
2,2,-9,3.7537898e+36,0.000001
6,-4,-3,3.7130718e+36,0.000001
5,-3,-4,3.685458e+36,0.000001
2,-1,11,3.6828942e+36,0.000001
5,-4,-21,3.6005948e+36,0.000001
4,-4,-37,3.5349264e+36,0.000001
5,-5,-26,3.4880051e+36,0.000001
3,1,-5,3.468299e+36,0.000001
5,-3,-9,3.375464e+36,0.000001
6,-4,-4,3.1090864e+36,0.000001
2,-1,-22,2.9715461e+36,0.000001
5,-4,-22,2.9495644e+36,0.000001
4,-3,-30,2.9206304e+36,0.000001
5,-5,-27,2.897984e+36,0.000001
5,-4,0,2.8507773e+36,0.000001
4,-2,-17,2.8252455e+36,0.000001
3,-1,9,2.7580402e+36,0.000001
3,-1,-17,2.6930663e+36,0.000001
3,-3,-42,2.6539171e+36,0.000001
2,2,-10,2.6149052e+36,0.000001
2,1,-8,2.6029909e+36,0.000001
3,0,1,2.5701643e+36,0.000001
3,0,-1,2.5701643e+36,0.000001
4,-1,-3,2.5690669e+36,0.000001
2,0,7,2.5536797e+36,0.000001
2,0,-7,2.5536797e+36,0.000001
4,-4,-38,2.5382431e+36,0.000001
4,-1,0,2.4875039e+36,0.000001
3,-2,-31,2.4836458e+36,0.000001
6,-4,-2,2.44934e+36,0.000001
2,-2,-43,2.4291664e+36,0.000001
3,1,-6,2.3936595e+36,0.000001
5,-4,-23,2.3928926e+36,0.000001
5,-5,-28,2.3859862e+36,0.000001
4,-1,-4,2.3839392e+36,0.000001
5,-5,1,2.2655408e+36,0.000001
2,-1,12,2.1584083e+36,0.000001
5,-3,-10,2.1286563e+36,0.000001
2,-2,13,2.1213306e+36,0.000001
4,-3,-31,2.045852e+36,0.000001
3,-3,5,2.0172703e+36,0.000001
4,-2,-18,1.9949342e+36,0.000001
4,-1,-5,1.9859129e+36,0.000001
5,-5,-29,1.9472112e+36,0.000001
6,-5,-5,1.9266009e+36,0.000001
5,-4,-24,1.9225674e+36,0.000001
4,-4,-39,1.8190317e+36,0.000001
2,2,-11,1.7973577e+36,0.000001
3,-3,-43,1.7773484e+36,0.000001
3,-1,10,1.7133369e+36,0.000000
3,1,-1,1.6873427e+36,0.000000
4,-1,-2,1.684108e+36,0.000000
2,-1,-23,1.6734448e+36,0.000000
6,-6,-6,1.6511902e+36,0.000000
2,1,-9,1.6412748e+36,0.000000
6,-6,-7,1.6153831e+36,0.000000
3,-2,-32,1.5920715e+36,0.000000
3,1,-7,1.5917485e+36,0.000000
5,-5,-30,1.5758328e+36,0.000000
4,-1,-6,1.5723281e+36,0.000000
6,-5,-6,1.5709566e+36,0.000000
5,-4,-25,1.530241e+36,0.000000
2,-2,-44,1.5226048e+36,0.000000
4,-3,-32,1.428526e+36,0.000000
3,-1,-18,1.4280059e+36,0.000000
6,-5,-4,1.3944447e+36,0.000000
4,-2,-19,1.3770262e+36,0.000000
5,-5,2,1.3686767e+36,0.000000
5,-4,1,1.3341939e+36,0.000000
4,-4,-40,1.3013798e+36,0.000000
5,-3,-11,1.2832191e+36,0.000000
5,-5,-31,1.26523e+36,0.000000
2,-1,13,1.2587344e+36,0.000000
2,2,-12,1.2198815e+36,0.000000
5,-4,-26,1.2071482e+36,0.000000
4,-1,-7,1.2021391e+36,0.000000
3,-3,-44,1.1890516e+36,0.000000
3,2,-1,1.1370018e+36,0.000000
6,-6,-10,1.1254419e+36,0.000000
6,-4,-7,1.1060905e+36,0.000000
6,-6,-5,1.0913418e+36,0.000000
6,-5,-8,1.0901238e+36,0.000000
2,0,8,1.0807855e+36,0.000000
2,0,-8,1.0807855e+36,0.000000
3,0,2,1.0613722e+36,0.000000
3,0,-2,1.0613722e+36,0.000000
3,-1,11,1.049105e+36,0.000000
6,-5,-9,1.030023e+36,0.000000
3,1,-8,1.0281352e+36,0.000000
2,1,-10,1.0271192e+36,0.000000
3,-2,-33,1.0192183e+36,0.000000
5,-5,-32,1.0083571e+36,0.000000
6,-4,-5,9.9587908e+35,0.000000
4,-3,-33,9.9470404e+35,0.000000
6,-6,-11,9.9260831e+35,0.000000
3,-3,6,9.7277278e+35,0.000000
6,-6,-9,9.6997136e+35,0.000000
2,-2,-45,9.5400319e+35,0.000000
5,-4,-27,9.4434252e+35,0.000000
2,-2,14,9.4080551e+35,0.000000
2,-1,-24,9.3608694e+35,0.000000
4,-2,-20,9.3140386e+35,0.000000
4,-4,-41,9.296388e+35,0.000000
6,-4,-6,9.2713545e+35,0.000000
3,2,-2,9.262078e+35,0.000000
6,-4,-8,8.9811252e+35,0.000000
4,-1,-8,8.9240479e+35,0.000000
6,-5,-10,8.5888041e+35,0.000000
6,-6,-12,8.190957e+35,0.000000
2,2,-13,8.1829032e+35,0.000000
2,0,9,8.1025725e+35,0.000000
2,0,-9,8.1025725e+35,0.000000
5,-5,-33,7.9812098e+35,0.000000
3,-3,-45,7.9446957e+35,0.000000
5,-5,3,7.6199406e+35,0.000000
2,0,10,7.5820977e+35,0.000000
2,0,-10,7.5820977e+35,0.000000
3,2,0,7.404425e+35,0.000000
3,-1,-19,7.3997232e+35,0.000000
6,-4,-1,7.3805469e+35,0.000000
5,-3,2,7.3451947e+35,0.000000
5,-4,-28,7.3304597e+35,0.000000
5,-3,-12,7.3290144e+35,0.000000
2,-1,14,7.3039282e+35,0.000000
3,2,-3,7.0838531e+35,0.000000
2,1,1,7.0678757e+35,0.000000
6,-4,-9,7.0574679e+35,0.000000
4,-3,-34,6.9094328e+35,0.000000
2,0,11,6.8958475e+35,0.000000
2,0,-11,6.8958475e+35,0.000000
6,-5,-11,6.8805676e+35,0.000000
4,-4,-42,6.6320565e+35,0.000000
6,-6,-13,6.5374107e+35,0.000000
3,-2,-34,6.5168689e+35,0.000000
4,0,3,6.5043422e+35,0.000000
4,0,-3,6.5043422e+35,0.000000
3,1,-9,6.4765667e+35,0.000000
4,-1,-9,6.4452089e+35,0.000000
2,1,-11,6.370251e+35,0.000000
4,-1,-1,6.3576952e+35,0.000000
3,-1,12,6.3427754e+35,0.000000
5,-5,-34,6.276968e+35,0.000000
4,0,2,6.2676311e+35,0.000000
4,0,-2,6.2676311e+35,0.000000
4,-2,-21,6.1869114e+35,0.000000
6,-5,-3,6.1615393e+35,0.000000
2,-2,-46,5.9769433e+35,0.000000
2,0,12,5.825295e+35,0.000000
2,0,-12,5.825295e+35,0.000000
5,-4,-29,5.6497825e+35,0.000000
6,-4,-10,5.5327646e+35,0.000000
3,2,-4,5.4644565e+35,0.000000
6,-6,-8,5.4583748e+35,0.000000
6,-5,-12,5.4419801e+35,0.000000
2,2,-14,5.4309709e+35,0.000000
3,-3,-46,5.3002097e+35,0.000000
2,-1,-25,5.2014024e+35,0.000000
6,-6,-14,5.1604049e+35,0.000000
5,-4,2,5.1441838e+35,0.000000
6,-6,-4,5.127182e+35,0.000000
5,-5,-35,4.9075499e+35,0.000000
4,-3,-35,4.7891997e+35,0.000000
4,-4,-43,4.7257528e+35,0.000000
2,2,2,4.6989902e+35,0.000000
2,0,13,4.6044801e+35,0.000000
2,0,-13,4.6044801e+35,0.000000
4,-1,-10,4.5316938e+35,0.000000
4,0,4,4.5308381e+35,0.000000
4,0,-4,4.5308381e+35,0.000000
3,-3,7,4.3818772e+35,0.000000
3,0,3,4.3568209e+35,0.000000
3,0,-3,4.3568209e+35,0.000000
6,-4,-11,4.3444423e+35,0.000000
5,-4,-30,4.326016e+35,0.000000
6,-5,-13,4.315789e+35,0.000000
3,2,-5,4.2585686e+35,0.000000
2,-1,15,4.2180804e+35,0.000000
3,-2,-35,4.1618305e+35,0.000000
2,-2,15,4.1535175e+35,0.000000
6,-6,-15,4.0808658e+35,0.000000
4,-2,-22,4.0440777e+35,0.000000
3,1,-10,3.9874358e+35,0.000000
5,-3,-13,3.9262763e+35,0.000000
2,1,-12,3.9121717e+35,0.000000
6,-5,-7,3.8537014e+35,0.000000
5,-5,-36,3.8159942e+35,0.000000
3,-1,13,3.791229e+35,0.000000
2,-2,-47,3.7464199e+35,0.000000
3,-1,-20,3.7418995e+35,0.000000
3,2,1,3.6450527e+35,0.000000
2,2,-15,3.5706653e+35,0.000000
3,-3,-47,3.5296126e+35,0.000000
6,-5,-14,3.4576202e+35,0.000000
2,0,14,3.4509887e+35,0.000000
2,0,-14,3.4509887e+35,0.000000
6,-4,-12,3.4074159e+35,0.000000
4,-4,-44,3.363837e+35,0.000000
3,2,-6,3.3299825e+35,0.000000
4,-3,-36,3.3133343e+35,0.000000
5,-4,-31,3.292624e+35,0.000000
6,-6,-16,3.253332e+35,0.000000
5,-2,0,3.1231478e+35,0.000000
4,-1,-11,3.1019566e+35,0.000000
4,2,0,2.9778448e+35,0.000000
5,-5,-37,2.9523022e+35,0.000000
2,-1,-26,2.8703775e+35,0.000000
6,-4,0,2.8633931e+35,0.000000
6,-5,-15,2.8069792e+35,0.000000
4,0,5,2.7928963e+35,0.000000
4,0,-5,2.7928963e+35,0.000000
6,-4,-13,2.6573646e+35,0.000000
3,-2,-36,2.6544968e+35,0.000000
6,-6,-17,2.6218287e+35,0.000000
4,-2,-23,2.6058521e+35,0.000000
3,2,-7,2.5957375e+35,0.000000
3,3,1,2.5659412e+35,0.000000
5,-4,-32,2.4923985e+35,0.000000
2,0,15,2.4799859e+35,0.000000
2,0,-15,2.4799859e+35,0.000000
2,-1,16,2.4256824e+35,0.000000
3,1,-11,2.4023117e+35,0.000000
4,-4,-45,2.3920985e+35,0.000000
2,1,-13,2.3782049e+35,0.000000
2,-2,-48,2.3515014e+35,0.000000
3,-3,-48,2.3455861e+35,0.000000
2,2,-16,2.3284398e+35,0.000000
6,-5,-16,2.3108115e+35,0.000000
4,-3,-37,2.2884483e+35,0.000000
5,-5,-38,2.273495e+35,0.000000
6,-4,1,2.2626546e+35,0.000000
6,-6,-3,2.2507685e+35,0.000000
3,-1,14,2.242941e+35,0.000000
3,-2,3,2.1748806e+35,0.000000
6,-6,-18,2.1382766e+35,0.000000
5,-2,-1,2.1212935e+35,0.000000
4,-1,-12,2.0664073e+35,0.000000
6,-4,-14,2.0514403e+35,0.000000
3,-3,8,2.0202178e+35,0.000000
3,2,-8,2.0073361e+35,0.000000
5,-3,-14,1.9558732e+35,0.000000
6,-5,-2,1.9393849e+35,0.000000
6,-5,-17,1.9279045e+35,0.000000
5,-4,-33,1.8772372e+35,0.000000
3,-1,-21,1.842386e+35,0.000000
3,0,4,1.8276792e+35,0.000000
3,0,-4,1.8276792e+35,0.000000
2,-2,16,1.8220068e+35,0.000000
6,-6,-19,1.7655604e+35,0.000000
5,-5,-39,1.7432762e+35,0.000000
2,0,16,1.7234834e+35,0.000000
2,0,-16,1.7234834e+35,0.000000
4,-4,-46,1.6995269e+35,0.000000
4,2,-1,1.6953971e+35,0.000000
3,-2,-37,1.6907686e+35,0.000000
2,1,3,1.6810713e+35,0.000000
4,-2,-24,1.6578293e+35,0.000000
6,-5,-18,1.6276016e+35,0.000000
4,0,6,1.6160848e+35,0.000000
4,0,-6,1.6160848e+35,0.000000
3,-2,4,1.5868294e+35,0.000000
4,-3,-38,1.5782124e+35,0.000000
2,-1,-27,1.5724041e+35,0.000000
6,-4,-15,1.561614e+35,0.000000
3,-3,-49,1.5550323e+35,0.000000
3,2,-9,1.5350022e+35,0.000000
4,-2,4,1.5318746e+35,0.000000
2,2,-17,1.50787e+35,0.000000
4,-4,4,1.4959631e+35,0.000000
2,-2,-49,1.4798865e+35,0.000000
6,-6,-20,1.4759939e+35,0.000000
2,1,-14,1.4310993e+35,0.000000
3,1,-12,1.4173894e+35,0.000000
2,1,2,1.4132879e+35,0.000000
5,-4,-34,1.4074543e+35,0.000000
3,-3,4,1.4004932e+35,0.000000
7,-5,-5,1.3996764e+35,0.000000
2,-1,17,1.3899845e+35,0.000000
6,-5,-19,1.3874956e+35,0.000000
4,-1,-13,1.3389507e+35,0.000000
5,-5,-40,1.3314548e+35,0.000000
3,-1,15,1.3148785e+35,0.000000
6,-3,-2,1.3121554e+35,0.000000
7,-5,-4,1.3001035e+35,0.000000
6,-6,-21,1.2490251e+35,0.000000
4,-4,-47,1.2063994e+35,0.000000
3,-2,5,1.1964622e+35,0.000000
6,-5,-20,1.1913805e+35,0.000000
6,-3,-1,1.1721871e+35,0.000000
6,-4,-16,1.168593e+35,0.000000
2,0,17,1.1659051e+35,0.000000
2,0,-17,1.1659051e+35,0.000000
2,1,4,1.1595873e+35,0.000000
3,2,-10,1.1584268e+35,0.000000
4,-2,5,1.1583744e+35,0.000000
5,-1,-1,1.135787e+35,0.000000
3,3,0,1.0891876e+35,0.000000
4,-3,-39,1.0869183e+35,0.000000
3,-2,-38,1.0752648e+35,0.000000
6,-6,-22,1.06926e+35,0.000000
3,3,-2,1.066472e+35,0.000000
4,0,1,1.0622825e+35,0.000000
4,0,-1,1.0622825e+35,0.000000
5,-4,-35,1.0508327e+35,0.000000
4,-2,-25,1.0427077e+35,0.000000
3,-3,-50,1.0282017e+35,0.000000
6,-5,-21,1.0276664e+35,0.000000
3,3,-1,1.0227768e+35,0.000000
5,-5,-41,1.0132467e+35,0.000000
6,-6,-2,1.0033129e+35,0.000000
3,3,-3,1.0025455e+35,0.000000
2,2,-18,9.7086746e+34,0.000000
3,-3,9,9.6107025e+34,0.000000
3,1,2,9.3747012e+34,0.000000
2,-2,-50,9.3549452e+34,0.000000
6,-6,-23,9.2500473e+34,0.000000
3,3,-4,9.1222319e+34,0.000000
5,-3,-15,9.1052799e+34,0.000000
4,0,7,8.9310092e+34,0.000000
4,0,-7,8.9310092e+34,0.000000
6,-5,-22,8.881927e+34,0.000000
7,-5,-6,8.8325413e+34,0.000000
3,-1,-22,8.801748e+34,0.000000
3,2,-11,8.619106e+34,0.000000
6,-4,-17,8.5768214e+34,0.000000
4,-4,-48,8.5557999e+34,0.000000
2,-1,-28,8.5437312e+34,0.000000
2,1,-15,8.5277501e+34,0.000000
4,-1,-14,8.4329968e+34,0.000000
3,3,-5,8.2585694e+34,0.000000
3,1,-13,8.1944565e+34,0.000000
3,0,5,8.174647e+34,0.000000
3,0,-5,8.174647e+34,0.000000
3,3,2,8.1218191e+34,0.000000
6,-6,-24,8.0728426e+34,0.000000
3,-2,6,8.0291938e+34,0.000000
2,-1,18,7.9428102e+34,0.000000
2,-2,17,7.9266231e+34,0.000000
5,-4,-36,7.8157916e+34,0.000000
2,0,18,7.7170087e+34,0.000000
2,0,-18,7.7170087e+34,0.000000
5,-5,-42,7.6853819e+34,0.000000
6,-5,-23,7.6733358e+34,0.000000
3,-1,16,7.6469044e+34,0.000000
6,-4,2,7.6198124e+34,0.000000
4,-3,-40,7.4761448e+34,0.000000
3,3,-6,7.4623544e+34,0.000000
7,-5,-3,7.4328621e+34,0.000000
2,1,5,7.2731008e+34,0.000000
4,-2,6,7.1381724e+34,0.000000
6,-6,-25,7.0922234e+34,0.000000
3,-2,-39,6.8261412e+34,0.000000
3,-3,-51,6.7793656e+34,0.000000
3,3,-7,6.6944609e+34,0.000000
6,-5,-24,6.6130566e+34,0.000000
4,-2,-26,6.4906632e+34,0.000000
4,2,-2,6.4462602e+34,0.000000
3,2,-12,6.3208037e+34,0.000000
3,1,4,6.2567532e+34,0.000000
6,-6,-26,6.256449e+34,0.000000
2,2,-19,6.2219638e+34,0.000000
6,-4,-18,6.1639459e+34,0.000000
6,-3,-3,6.1431971e+34,0.000000
4,-4,-49,6.0619254e+34,0.000000
2,-2,-51,5.9537063e+34,0.000000
3,3,-8,5.9247315e+34,0.000000
7,-5,-8,5.8307309e+34,0.000000
5,-5,-43,5.8117064e+34,0.000000
5,-4,-37,5.7928951e+34,0.000000
6,-5,-25,5.6762021e+34,0.000000
4,-2,2,5.6622645e+34,0.000000
4,2,1,5.5424791e+34,0.000000
6,-5,-1,5.5358081e+34,0.000000
6,-6,-27,5.527881e+34,0.000000
3,1,5,5.385321e+34,0.000000
4,-1,-15,5.1583119e+34,0.000000
3,3,-9,5.1486395e+34,0.000000
4,-3,-41,5.1360989e+34,0.000000
7,-5,-9,5.1298825e+34,0.000000
2,1,-16,5.0349377e+34,0.000000
2,0,19,5.0182556e+34,0.000000
2,0,-19,5.0182556e+34,0.000000
3,-2,7,4.9991438e+34,0.000000
6,-6,-28,4.8803935e+34,0.000000
6,-5,-26,4.8464977e+34,0.000000
4,0,8,4.7329675e+34,0.000000
4,0,-8,4.7329675e+34,0.000000
3,-3,10,4.700075e+34,0.000000
6,-6,-1,4.6625053e+34,0.000000
3,1,-14,4.6443432e+34,0.000000
2,-1,-29,4.5991162e+34,0.000000
3,2,-13,4.5700416e+34,0.000000
5,-1,-2,4.5404542e+34,0.000000
2,-1,19,4.5296274e+34,0.000000
3,-3,-52,4.4571438e+34,0.000000
3,0,6,4.456753e+34,0.000000
3,0,-6,4.456753e+34,0.000000
2,1,6,4.4551129e+34,0.000000
3,-1,17,4.4169465e+34,0.000000
5,-1,-7,4.3961526e+34,0.000000
5,-5,-44,4.3827901e+34,0.000000
3,3,-10,4.3817393e+34,0.000000
6,-4,-19,4.3332575e+34,0.000000
3,-2,-40,4.3245234e+34,0.000000
6,-6,-29,4.2968586e+34,0.000000
4,-4,-50,4.2903738e+34,0.000000
5,-4,-38,4.2799005e+34,0.000000
5,-1,-8,4.2321984e+34,0.000000
5,-3,-16,4.2247855e+34,0.000000
3,1,3,4.2228345e+34,0.000000
5,-5,4,4.1683786e+34,0.000000
4,-2,7,4.1530625e+34,0.000000
5,-1,-6,4.1309923e+34,0.000000
7,-5,-10,4.1227885e+34,0.000000
7,-6,-7,4.1139055e+34,0.000000
6,-5,-27,4.1129645e+34,0.000000
3,-1,-23,4.0586659e+34,0.000000
7,-6,-6,4.0444841e+34,0.000000
4,-2,-27,4.0021171e+34,0.000000
2,2,-20,3.9727536e+34,0.000000
3,1,6,3.9461432e+34,0.000000
2,-2,-52,3.8254152e+34,0.000000
5,-1,-9,3.7761717e+34,0.000000
6,-6,-30,3.7667495e+34,0.000000
5,-2,-7,3.670488e+34,0.000000
3,3,-11,3.6486465e+34,0.000000
5,-2,-8,3.5829984e+34,0.000000
5,-2,-6,3.570657e+34,0.000000
4,-3,-42,3.5242919e+34,0.000000
6,-5,-28,3.4675328e+34,0.000000
2,-2,18,3.412885e+34,0.000000
5,-1,-5,3.4062496e+34,0.000000
5,-2,-9,3.381739e+34,0.000000
3,0,7,3.2982139e+34,0.000000
3,0,-7,3.2982139e+34,0.000000
5,-5,-45,3.2970249e+34,0.000000
6,-6,-31,3.2840062e+34,0.000000
3,2,-14,3.259872e+34,0.000000
7,-5,-11,3.2522793e+34,0.000000
2,0,20,3.2168429e+34,0.000000
2,0,-20,3.2168429e+34,0.000000
5,-1,-10,3.1729678e+34,0.000000
5,-4,-39,3.1528936e+34,0.000000
5,-2,-5,3.1363195e+34,0.000000
5,-2,-10,3.1047675e+34,0.000000
7,-7,-8,3.101605e+34,0.000000
4,-1,-16,3.0612463e+34,0.000000
4,-4,-51,3.032822e+34,0.000000
3,0,8,3.0156333e+34,0.000000
3,0,-8,3.0156333e+34,0.000000
6,-4,-20,2.9782554e+34,0.000000
3,3,-12,2.9735085e+34,0.000000
3,-2,8,2.9595141e+34,0.000000
2,1,-17,2.9475103e+34,0.000000
3,-3,-53,2.9226492e+34,0.000000
3,0,9,2.9117638e+34,0.000000
3,0,-9,2.9117638e+34,0.000000
4,1,-3,2.9111259e+34,0.000000
6,-5,-29,2.9034682e+34,0.000000
4,1,0,2.8855724e+34,0.000000
6,-6,-32,2.8452894e+34,0.000000
4,1,-2,2.7886148e+34,0.000000
5,-2,-11,2.7774058e+34,0.000000
3,0,10,2.7449016e+34,0.000000
3,0,-10,2.7449016e+34,0.000000
3,-2,-41,2.733107e+34,0.000000
6,-6,0,2.7314731e+34,0.000000
7,-5,-2,2.72791e+34,0.000000
2,1,7,2.7121946e+34,0.000000
3,1,7,2.7018424e+34,0.000000
7,-7,-7,2.6713801e+34,0.000000
6,-5,0,2.6353276e+34,0.000000
3,1,-15,2.5814568e+34,0.000000
2,-1,20,2.5798374e+34,0.000000
7,-5,-12,2.5675342e+34,0.000000
7,-6,-5,2.5584403e+34,0.000000
7,-6,-10,2.5566705e+34,0.000000
4,1,-4,2.5448628e+34,0.000000
5,-1,-11,2.5372586e+34,0.000000
3,-1,18,2.536791e+34,0.000000
2,2,-21,2.5294393e+34,0.000000
5,-1,-3,2.5293118e+34,0.000000
5,-1,-4,2.5204397e+34,0.000000
2,-2,-53,2.489172e+34,0.000000
5,-5,-46,2.4747391e+34,0.000000
5,-3,-21,2.4729735e+34,0.000000
3,0,11,2.4721071e+34,0.000000
3,0,-11,2.4721071e+34,0.000000
6,-6,-33,2.4486691e+34,0.000000
2,-1,-30,2.4486401e+34,0.000000
4,-2,-28,2.4458871e+34,0.000000
5,-2,-12,2.4215179e+34,0.000000
4,-3,-43,2.4153634e+34,0.000000
6,-5,-30,2.4144542e+34,0.000000
5,-3,-17,2.4010179e+34,0.000000
4,0,9,2.4009051e+34,0.000000
4,0,-9,2.4009051e+34,0.000000
5,-3,-20,2.3973698e+34,0.000000
7,-5,-7,2.3911035e+34,0.000000
5,-3,-22,2.3814982e+34,0.000000
3,3,-13,2.3741708e+34,0.000000
4,-2,8,2.3533577e+34,0.000000
4,2,-3,2.3526624e+34,0.000000
3,-3,11,2.3506908e+34,0.000000
4,-3,3,2.3416721e+34,0.000000
5,-4,-40,2.3165224e+34,0.000000
3,2,-15,2.2962884e+34,0.000000
7,-6,-11,2.1936322e+34,0.000000
5,-3,-19,2.1876768e+34,0.000000
7,-6,-9,2.1659768e+34,0.000000
5,-3,-23,2.1595126e+34,0.000000
4,-4,-52,2.1407986e+34,0.000000
3,0,12,2.1246709e+34,0.000000
3,0,-12,2.1246709e+34,0.000000
5,-2,-4,2.1236989e+34,0.000000
7,-7,-11,2.1069555e+34,0.000000
6,-6,-34,2.0927298e+34,0.000000
7,-7,-9,2.0880706e+34,0.000000
4,1,-5,2.0753486e+34,0.000000
5,-2,-13,2.0576655e+34,0.000000
7,-5,-13,2.045448e+34,0.000000
2,0,21,2.0383291e+34,0.000000
2,0,-21,2.0383291e+34,0.000000
5,-3,-18,2.0317682e+34,0.000000
6,-3,0,2.0285547e+34,0.000000
6,-4,-21,2.0009439e+34,0.000000
6,-5,-31,1.994156e+34,0.000000
7,-7,-12,1.9532859e+34,0.000000
5,-1,-12,1.9446216e+34,0.000000
3,-3,-54,1.9125996e+34,0.000000
5,-3,-24,1.8630957e+34,0.000000
3,3,-14,1.8599759e+34,0.000000
5,-5,-47,1.8538676e+34,0.000000
5,-2,-2,1.8538328e+34,0.000000
3,-1,-24,1.7925444e+34,0.000000
3,1,8,1.7846996e+34,0.000000
6,-6,-35,1.7760272e+34,0.000000
4,-1,-17,1.7602702e+34,0.000000
3,1,1,1.7585374e+34,0.000000
7,-6,-12,1.7508303e+34,0.000000
3,0,13,1.7503517e+34,0.000000
3,0,-13,1.7503517e+34,0.000000
5,-1,0,1.7420481e+34,0.000000
3,-2,-42,1.7225217e+34,0.000000
2,1,-18,1.712158e+34,0.000000
5,-2,-14,1.7043523e+34,0.000000
5,-4,-41,1.6979367e+34,0.000000
5,-4,3,1.6949441e+34,0.000000
3,-2,9,1.6870443e+34,0.000000
4,-3,-44,1.6532347e+34,0.000000
2,1,8,1.6480366e+34,0.000000
7,-5,-14,1.6480113e+34,0.000000
7,-6,-8,1.6471765e+34,0.000000
2,-2,-54,1.6452411e+34,0.000000
6,-5,-32,1.6360992e+34,0.000000
7,-7,-13,1.6245289e+34,0.000000
4,1,-6,1.6226146e+34,0.000000
2,2,-22,1.6071037e+34,0.000000
3,2,-16,1.599122e+34,0.000000
7,-7,-6,1.5726731e+34,0.000000
5,-3,-25,1.5429843e+34,0.000000
4,-4,-53,1.5085772e+34,0.000000
6,-6,-36,1.4968125e+34,0.000000
4,-2,-29,1.4821844e+34,0.000000
2,-1,21,1.4684106e+34,0.000000
2,-2,19,1.45066e+34,0.000000
3,-1,19,1.4502099e+34,0.000000
7,-4,-3,1.4477599e+34,0.000000
5,-1,-13,1.4356824e+34,0.000000
3,3,-15,1.4321846e+34,0.000000
3,1,-16,1.4074908e+34,0.000000
3,0,14,1.3895601e+34,0.000000
3,0,-14,1.3895601e+34,0.000000
5,-5,-48,1.3863465e+34,0.000000
5,-2,-15,1.3766131e+34,0.000000
7,-6,-13,1.3510339e+34,0.000000
7,-5,-15,1.3412318e+34,0.000000
6,-5,-33,1.3337282e+34,0.000000
6,-4,-22,1.3142472e+34,0.000000
4,-2,9,1.3111802e+34,0.000000
2,-1,-31,1.2865226e+34,0.000000
2,0,22,1.2795817e+34,0.000000
2,0,-22,1.2795817e+34,0.000000
7,-7,-14,1.2763121e+34,0.000000
6,-6,-37,1.2529441e+34,0.000000
3,-3,-55,1.2506966e+34,0.000000
5,-4,-42,1.2418341e+34,0.000000
5,-3,-26,1.2354889e+34,0.000000
4,1,-7,1.2268392e+34,0.000000
3,-3,12,1.1969143e+34,0.000000
4,0,10,1.1594044e+34,0.000000
4,0,-10,1.1594044e+34,0.000000
6,-3,-5,1.1533966e+34,0.000000
3,1,9,1.1523209e+34,0.000000
7,-4,-4,1.1388518e+34,0.000000
7,-6,-4,1.1328843e+34,0.000000
4,-3,-45,1.1299934e+34,0.000000
5,-2,1,1.1277453e+34,0.000000
4,1,-1,1.1223757e+34,0.000000
7,-7,-10,1.117348e+34,0.000000
6,-6,1,1.1099449e+34,0.000000
2,-2,-55,1.1072972e+34,0.000000
3,2,-17,1.1022526e+34,0.000000
7,-5,-16,1.0992566e+34,0.000000
3,3,-16,1.0858264e+34,0.000000
5,-2,-16,1.0849869e+34,0.000000
3,-2,-43,1.0821479e+34,0.000000
6,-5,-34,1.080547e+34,0.000000
3,0,15,1.068328e+34,0.000000
3,0,-15,1.068328e+34,0.000000
4,-4,-54,1.0609209e+34,0.000000
6,-6,-38,1.0419153e+34,0.000000
5,-5,-49,1.0351546e+34,0.000000
7,-6,-14,1.0349213e+34,0.000000
4,-1,5,1.0264272e+34,0.000000
5,-1,-14,1.0248507e+34,0.000000
2,2,-23,1.019573e+34,0.000000
5,1,-1,1.015109e+34,0.000000
6,-3,1,1.0110183e+34,0.000000
2,1,9,9.9984178e+33,0.000000
7,-4,-2,9.9913758e+33,0.000000
4,-1,6,9.940749e+33,0.000000
2,1,-19,9.8758178e+33,0.000000
4,-1,-18,9.7897705e+33,0.000000
7,-7,-15,9.7837093e+33,0.000000
5,-3,-27,9.618791e+33,0.000000
3,-2,10,9.3204711e+33,0.000000
6,-5,1,9.0840069e+33,0.000000
5,-4,-43,9.0647374e+33,0.000000
7,-5,-17,9.0381005e+33,0.000000
4,1,-8,8.9988732e+33,0.000000
4,-2,-30,8.9075877e+33,0.000000
7,-5,-1,8.8827909e+33,0.000000
6,-5,-35,8.7027692e+33,0.000000
4,-1,7,8.6506259e+33,0.000000
6,-6,-39,8.6094443e+33,0.000000
4,-1,4,8.5505019e+33,0.000000
6,-3,-6,8.5171839e+33,0.000000
6,-4,-23,8.4407939e+33,0.000000
2,-1,22,8.3573654e+33,0.000000
5,-2,-17,8.3522724e+33,0.000000
4,2,-4,8.2986916e+33,0.000000
3,-1,20,8.259845e+33,0.000000
3,3,-17,8.1198881e+33,0.000000
3,0,16,7.9894035e+33,0.000000
3,0,-16,7.9894035e+33,0.000000
7,-6,-15,7.9836417e+33,0.000000
2,0,23,7.9729004e+33,0.000000
2,0,-23,7.9729004e+33,0.000000
6,-6,2,7.9461831e+33,0.000000
5,-5,-50,7.7191488e+33,0.000000
4,-3,-46,7.7113736e+33,0.000000
3,2,-18,7.5290548e+33,0.000000
3,1,-17,7.5278557e+33,0.000000
3,-1,-25,7.499039e+33,0.000000
7,-7,-16,7.4827843e+33,0.000000
4,-4,-55,7.4431733e+33,0.000000
7,-5,-18,7.4254169e+33,0.000000
7,-7,-5,7.3570145e+33,0.000000
3,1,10,7.315309e+33,0.000000
5,-3,-28,7.3139502e+33,0.000000
4,-2,10,7.2065556e+33,0.000000
5,-1,-15,7.0946037e+33,0.000000
6,-6,-40,7.0709003e+33,0.000000
4,-1,8,7.046451e+33,0.000000
6,-5,-36,6.9699638e+33,0.000000
2,2,3,6.8296332e+33,0.000000
3,-2,-44,6.7740743e+33,0.000000
2,-1,-32,6.6499684e+33,0.000000
5,-4,-44,6.6051397e+33,0.000000
2,2,-24,6.4620272e+33,0.000000
4,1,-9,6.4120134e+33,0.000000
5,-2,-18,6.2872339e+33,0.000000
7,-6,-16,6.2414929e+33,0.000000
3,-3,13,6.1827304e+33,0.000000
7,-5,-19,6.0737749e+33,0.000000
2,-2,20,6.0686497e+33,0.000000
2,1,10,6.05066e+33,0.000000
3,3,-18,5.9990634e+33,0.000000
6,-3,-7,5.9990062e+33,0.000000
6,-5,2,5.9694121e+33,0.000000
3,0,17,5.834164e+33,0.000000
3,0,-17,5.834164e+33,0.000000
7,-7,-17,5.7757412e+33,0.000000
6,-6,-41,5.77366e+33,0.000000
5,-5,-51,5.7497361e+33,0.000000
2,1,-20,5.6600433e+33,0.000000
6,-5,-37,5.5524484e+33,0.000000
4,-1,9,5.4767446e+33,0.000000
5,-3,-29,5.4511769e+33,0.000000
4,-2,-31,5.308558e+33,0.000000
6,-4,-24,5.3020267e+33,0.000000
4,0,11,5.284904e+33,0.000000
4,0,-11,5.284904e+33,0.000000
4,-1,-19,5.2530275e+33,0.000000
4,-3,-47,5.2529488e+33,0.000000
3,2,-19,5.1021458e+33,0.000000
3,-2,11,5.0072366e+33,0.000000
7,-6,-17,4.9558619e+33,0.000000
2,0,24,4.9382812e+33,0.000000
2,0,-24,4.9382812e+33,0.000000
7,-5,-20,4.931492e+33,0.000000
8,-6,-6,4.9135661e+33,0.000000
7,-5,0,4.8179253e+33,0.000000
5,-4,-45,4.8053181e+33,0.000000
5,-1,-16,4.774615e+33,0.000000
2,-1,23,4.7583199e+33,0.000000
3,-1,21,4.6909722e+33,0.000000
6,-6,-42,4.6884235e+33,0.000000
5,-2,-19,4.6341807e+33,0.000000
3,1,11,4.5786566e+33,0.000000
7,-7,-18,4.5203418e+33,0.000000
6,-3,-4,4.4507091e+33,0.000000
4,1,-10,4.4409525e+33,0.000000
6,-5,-38,4.4008803e+33,0.000000
5,-1,3,4.4008803e+33,0.000000
3,3,-19,4.38548e+33,0.000000
6,-3,-8,4.3651668e+33,0.000000
6,-6,3,4.3220141e+33,0.000000
7,-6,-3,4.280975e+33,0.000000
5,-5,-52,4.2787389e+33,0.000000
4,3,1,4.2479834e+33,0.000000
4,3,-2,4.2363151e+33,0.000000
3,-2,-45,4.2238501e+33,0.000000
8,-6,-7,4.1905621e+33,0.000000
3,0,18,4.174134e+33,0.000000
3,0,-18,4.174134e+33,0.000000
4,-1,10,4.1040838e+33,0.000000
2,2,-25,4.0933117e+33,0.000000
4,3,-3,4.0497453e+33,0.000000
7,-6,-18,3.997725e+33,0.000000
5,-3,-30,3.9938743e+33,0.000000
7,-5,-21,3.9653257e+33,0.000000
3,1,-18,3.9481601e+33,0.000000
4,-2,11,3.9120869e+33,0.000000
8,-6,-5,3.7877623e+33,0.000000
6,-6,-43,3.7872531e+33,0.000000
4,-1,3,3.7641301e+33,0.000000
2,1,11,3.647838e+33,0.000000
4,3,-4,3.642611e+33,0.000000
7,-4,-5,3.6092e+33,0.000000
7,-7,-19,3.5915604e+33,0.000000
4,-3,-48,3.5708073e+33,0.000000
5,-4,-46,3.4909668e+33,0.000000
6,-5,-39,3.4714681e+33,0.000000
4,3,-1,3.4434042e+33,0.000000
5,1,-2,3.4370735e+33,0.000000
3,2,-20,3.433798e+33,0.000000
7,-7,-4,3.3704057e+33,0.000000
2,-1,-33,3.367532e+33,0.000000
5,-2,-20,3.3494676e+33,0.000000
7,-6,-19,3.2743254e+33,0.000000
6,-4,-25,3.2574677e+33,0.000000
6,-3,-9,3.2390354e+33,0.000000
3,-3,14,3.231605e+33,0.000000
4,3,-5,3.2305768e+33,0.000000
2,1,-21,3.2248238e+33,0.000000
5,-5,-53,3.1815452e+33,0.000000
3,3,-20,3.1764456e+33,0.000000
7,-5,-22,3.1526715e+33,0.000000
4,-2,-32,3.136181e+33,0.000000
5,-1,-17,3.1306302e+33,0.000000
4,2,-5,3.1131413e+33,0.000000
2,0,25,3.0442255e+33,0.000000
2,0,-25,3.0442255e+33,0.000000
6,-6,-44,3.0441487e+33,0.000000
5,-2,-3,3.0307103e+33,0.000000
7,-4,-1,3.0034048e+33,0.000000
4,1,-11,2.9906872e+33,0.000000
4,-1,11,2.983955e+33,0.000000
3,0,19,2.9347396e+33,0.000000
3,0,-19,2.9347396e+33,0.000000
3,-1,-26,2.9279551e+33,0.000000
7,-7,-20,2.8959454e+33,0.000000
5,-3,-31,2.8833242e+33,0.000000
4,3,-6,2.8611924e+33,0.000000
3,1,12,2.8292709e+33,0.000000
7,-4,-7,2.8185897e+33,0.000000
6,-5,-40,2.7259648e+33,0.000000
7,-6,-20,2.7203463e+33,0.000000
2,-1,24,2.7111308e+33,0.000000
4,-1,-20,2.7106006e+33,0.000000
4,2,-9,2.6717753e+33,0.000000
4,2,-10,2.6672673e+33,0.000000
3,-1,22,2.6582632e+33,0.000000
2,2,4,2.6582563e+33,0.000000
3,-2,-46,2.6228868e+33,0.000000
3,-2,12,2.6199338e+33,0.000000
7,-4,-6,2.6076005e+33,0.000000
2,2,-26,2.5922645e+33,0.000000
4,-2,3,2.5630713e+33,0.000000
4,3,-7,2.5360129e+33,0.000000
5,-4,-47,2.5328741e+33,0.000000
2,-2,21,2.4893947e+33,0.000000
7,-5,-23,2.4762327e+33,0.000000
4,2,-11,2.4532752e+33,0.000000
6,-3,-10,2.4376087e+33,0.000000
6,-6,-45,2.4354131e+33,0.000000
4,2,-8,2.4246016e+33,0.000000
4,-3,-49,2.4214353e+33,0.000000
5,-2,-21,2.3774741e+33,0.000000
7,-7,-21,2.3673054e+33,0.000000
5,-5,-54,2.3641119e+33,0.000000
3,2,-21,2.2972996e+33,0.000000
7,-6,-21,2.2898076e+33,0.000000
3,3,-21,2.2823351e+33,0.000000
4,0,12,2.2505464e+33,0.000000
4,0,-12,2.2505464e+33,0.000000
4,3,-8,2.2446863e+33,0.000000
8,-6,-10,2.2381806e+33,0.000000
2,1,12,2.1883439e+33,0.000000
6,-5,-41,2.1314394e+33,0.000000
5,-1,4,2.1292127e+33,0.000000
8,-6,-9,2.1173988e+33,0.000000
4,-1,12,2.1139892e+33,0.000000
4,2,-12,2.1133899e+33,0.000000
7,-4,-8,2.0986315e+33,0.000000
4,-2,12,2.098508e+33,0.000000
5,-3,-32,2.05512e+33,0.000000
3,0,20,2.0329263e+33,0.000000
3,0,-20,2.0329263e+33,0.000000
3,1,-19,2.028853e+33,0.000000
4,2,-7,2.021294e+33,0.000000
3,2,2,2.0187868e+33,0.000000
5,-1,-18,2.0037542e+33,0.000000
8,-6,-4,1.9874304e+33,0.000000
4,3,-9,1.9767073e+33,0.000000
7,-7,-22,1.9593968e+33,0.000000
4,1,-12,1.9586329e+33,0.000000
6,-4,-26,1.9571023e+33,0.000000
7,-6,-22,1.9501077e+33,0.000000
4,-1,2,1.949394e+33,0.000000
7,-5,1,1.9470691e+33,0.000000
6,-6,-46,1.9398344e+33,0.000000
7,-5,-24,1.9207927e+33,0.000000
4,2,-6,1.8815574e+33,0.000000
6,-3,-11,1.8778452e+33,0.000000
2,0,26,1.8695733e+33,0.000000
2,0,-26,1.8695733e+33,0.000000
8,-6,-11,1.8536024e+33,0.000000
5,-4,-48,1.8355914e+33,0.000000
4,-2,-33,1.835477e+33,0.000000
2,1,-22,1.8272036e+33,0.000000
5,3,1,1.7662384e+33,0.000000
5,-5,-55,1.7556775e+33,0.000000
3,1,13,1.7272941e+33,0.000000
4,2,-13,1.7267562e+33,0.000000
4,3,-10,1.725331e+33,0.000000
3,-3,15,1.7059444e+33,0.000000
7,-6,-23,1.6778973e+33,0.000000
2,-1,-34,1.6609828e+33,0.000000
6,-5,-42,1.6598973e+33,0.000000
5,-2,-22,1.6596948e+33,0.000000
2,2,-27,1.6416972e+33,0.000000
7,-7,-23,1.6399413e+33,0.000000
4,-3,-50,1.6373832e+33,0.000000
6,-2,0,1.6288382e+33,0.000000
3,3,-22,1.6285069e+33,0.000000
3,-2,-47,1.6222007e+33,0.000000
2,-1,25,1.5462061e+33,0.000000
7,-4,-9,1.5436665e+33,0.000000
6,-6,-47,1.5387248e+33,0.000000
3,2,-22,1.5291329e+33,0.000000
7,-7,-3,1.5088693e+33,0.000000
6,-3,-12,1.5080578e+33,0.000000
3,-1,23,1.5038678e+33,0.000000
4,3,-11,1.4880486e+33,0.000000
7,-5,-25,1.4716492e+33,0.000000
4,-1,13,1.4639812e+33,0.000000
6,-4,3,1.4622221e+33,0.000000
8,-6,-12,1.4598303e+33,0.000000
7,-5,2,1.4564285e+33,0.000000
7,-6,-24,1.4562576e+33,0.000000
5,-3,-33,1.4485489e+33,0.000000
7,-6,-2,1.3970282e+33,0.000000
3,0,21,1.3906295e+33,0.000000
3,0,-21,1.3906295e+33,0.000000
7,-7,-24,1.3863918e+33,0.000000
4,2,-14,1.3508003e+33,0.000000
4,3,0,1.3455158e+33,0.000000
4,-1,-21,1.3397125e+33,0.000000
5,3,-1,1.3387094e+33,0.000000
3,-2,13,1.335777e+33,0.000000
5,-4,-49,1.3288342e+33,0.000000
2,1,13,1.3050775e+33,0.000000
6,-5,-43,1.2878131e+33,0.000000
6,-3,-13,1.2833228e+33,0.000000
7,-6,-25,1.2727869e+33,0.000000
4,3,-12,1.2655359e+33,0.000000
5,-1,-19,1.2540476e+33,0.000000
4,1,-13,1.2475404e+33,0.000000
5,2,0,1.2320967e+33,0.000000
5,3,-2,1.2298317e+33,0.000000
6,-6,-48,1.2158495e+33,0.000000
7,-7,-25,1.1829413e+33,0.000000
8,-6,-8,1.1696599e+33,0.000000
6,-3,-14,1.1602587e+33,0.000000
3,3,-23,1.1549709e+33,0.000000
7,-4,-10,1.1536281e+33,0.000000
6,-4,-27,1.1492069e+33,0.000000
2,0,27,1.1447341e+33,0.000000
2,0,-27,1.1447341e+33,0.000000
2,2,5,1.1433549e+33,0.000000
5,-2,-23,1.1410684e+33,0.000000
8,-6,-13,1.1276712e+33,0.000000
7,-6,-26,1.1183195e+33,0.000000
7,-5,-26,1.1141937e+33,0.000000
4,-2,13,1.1126044e+33,0.000000
4,-3,-51,1.1035866e+33,0.000000
6,-3,-15,1.0987875e+33,0.000000
5,1,-7,1.0955818e+33,0.000000
4,4,2,1.0898352e+33,0.000000
5,1,-8,1.0694329e+33,0.000000
7,-3,0,1.068834e+33,0.000000
6,-3,-16,1.0653602e+33,0.000000
4,-2,-34,1.0631019e+33,0.000000
4,3,-13,1.0601296e+33,0.000000
7,-3,-1,1.0542908e+33,0.000000
3,-1,-27,1.0527411e+33,0.000000
3,1,14,1.0424521e+33,0.000000
2,2,-28,1.0399176e+33,0.000000
6,-3,-17,1.0352926e+33,0.000000
2,1,-23,1.029775e+33,0.000000
3,1,-20,1.0199364e+33,0.000000
4,2,-15,1.0190302e+33,0.000000
7,-7,-26,1.0183463e+33,0.000000
3,2,-23,1.0133836e+33,0.000000
5,-3,-34,1.0110549e+33,0.000000
6,-6,4,1.0060968e+33,0.000000
3,-2,-48,9.9987351e+32,0.000000
2,-2,22,9.9711827e+32,0.000000
5,1,-6,9.9702657e+32,0.000000
6,-5,-44,9.9562124e+32,0.000000
4,-1,14,9.9364115e+32,0.000000
6,-3,-18,9.9344901e+32,0.000000
7,-6,-27,9.860698e+32,0.000000
8,-7,-8,9.6563358e+32,0.000000
5,-4,-50,9.6099598e+32,0.000000
6,-6,-49,9.5728039e+32,0.000000
5,1,-9,9.5674554e+32,0.000000
3,0,22,9.4122853e+32,0.000000
3,0,-22,9.4122853e+32,0.000000
5,3,-3,9.3923838e+32,0.000000
6,-3,-19,9.3335065e+32,0.000000
5,1,-3,9.251617e+32,0.000000
3,-3,16,9.0833045e+32,0.000000
8,-5,-5,8.9146649e+32,0.000000
4,0,13,8.8950811e+32,0.000000
4,0,-13,8.8950811e+32,0.000000
7,-7,-27,8.8435616e+32,0.000000
2,-1,26,8.828223e+32,0.000000
7,-4,-11,8.7580932e+32,0.000000
4,3,-14,8.7444293e+32,0.000000
7,-6,-28,8.7104492e+32,0.000000
8,-6,-14,8.7019762e+32,0.000000
6,-3,-20,8.5519448e+32,0.000000
8,-5,-4,8.5355211e+32,0.000000
6,-5,3,8.5348328e+32,0.000000
3,-1,24,8.4970918e+32,0.000000
7,-5,-27,8.3413835e+32,0.000000
8,-6,-3,8.2583029e+32,0.000000
6,-2,-2,8.2311518e+32,0.000000
3,3,-24,8.1483454e+32,0.000000
8,-7,-7,8.0440485e+32,0.000000
5,1,-10,8.004008e+32,0.000000
2,-1,-35,7.9135466e+32,0.000000
5,1,-5,7.7740441e+32,0.000000
7,-7,-28,7.7464875e+32,0.000000
5,-2,-24,7.7358866e+32,0.000000
2,1,14,7.732769e+32,0.000000
4,1,-14,7.727872e+32,0.000000
7,-6,-29,7.6961957e+32,0.000000
5,-1,-20,7.6854635e+32,0.000000
6,-5,-45,7.6720318e+32,0.000000
5,-1,5,7.6360931e+32,0.000000
6,-3,-21,7.6341019e+32,0.000000
6,-6,-50,7.5120242e+32,0.000000
4,2,-16,7.4554824e+32,0.000000
4,-3,-52,7.4102985e+32,0.000000
4,3,-15,7.1041402e+32,0.000000
5,-3,-35,6.9961765e+32,0.000000
2,0,28,6.9922554e+32,0.000000
2,0,-28,6.9922554e+32,0.000000
5,-4,-51,6.9428124e+32,0.000000
5,3,-4,6.9344548e+32,0.000000
8,-7,-9,6.9337937e+32,0.000000
7,-7,-29,6.8417475e+32,0.000000
6,-2,-4,6.8092249e+32,0.000000
7,-6,-30,6.7920776e+32,0.000000
8,-6,-15,6.7742413e+32,0.000000
7,-4,-12,6.7085127e+32,0.000000
3,2,-24,6.6907584e+32,0.000000
6,-3,-22,6.6433474e+32,0.000000
3,-2,14,6.6346387e+32,0.000000
4,4,0,6.6339135e+32,0.000000
4,-1,15,6.6249736e+32,0.000000
2,2,-29,6.5895459e+32,0.000000
6,-4,-28,6.588428e+32,0.000000
5,1,-11,6.3436386e+32,0.000000
4,-1,-22,6.3200435e+32,0.000000
3,0,23,6.3140468e+32,0.000000
3,0,-23,6.3140468e+32,0.000000
7,-7,-2,6.311815e+32,0.000000
3,1,15,6.2229793e+32,0.000000
7,-5,-28,6.1798183e+32,0.000000
3,-2,-49,6.1507638e+32,0.000000
7,-7,-30,6.0879779e+32,0.000000
4,-2,-35,6.0846573e+32,0.000000
8,-7,-11,6.0274903e+32,0.000000
7,-6,-31,5.979983e+32,0.000000
4,4,1,5.9250194e+32,0.000000
6,-5,-46,5.8939443e+32,0.000000
6,-6,-51,5.8769451e+32,0.000000
8,-8,-9,5.8713369e+32,0.000000
4,-2,14,5.8315024e+32,0.000000
2,1,-24,5.772581e+32,0.000000
5,1,-4,5.7637404e+32,0.000000
3,3,-25,5.7224676e+32,0.000000
4,3,-16,5.6884477e+32,0.000000
5,3,0,5.671574e+32,0.000000
6,-3,-23,5.6439845e+32,0.000000
6,-2,-5,5.6329264e+32,0.000000
4,4,-1,5.6125428e+32,0.000000
4,4,-2,5.5405147e+32,0.000000
8,-7,-12,5.4994138e+32,0.000000
8,-5,-6,5.4985474e+32,0.000000
7,-7,-31,5.4511524e+32,0.000000
5,1,0,5.4116293e+32,0.000000
8,-6,-16,5.3437869e+32,0.000000
4,4,-3,5.3144985e+32,0.000000
4,2,-17,5.3141357e+32,0.000000
8,-8,-10,5.3001856e+32,0.000000
7,-6,-32,5.2473918e+32,0.000000
5,2,-1,5.2269669e+32,0.000000
7,-3,-6,5.1863499e+32,0.000000
5,-2,-25,5.1772751e+32,0.000000
7,-4,-13,5.1417394e+32,0.000000
8,-5,-3,5.0650433e+32,0.000000
5,3,-5,5.0542018e+32,0.000000
2,-1,27,5.0466493e+32,0.000000
3,3,3,5.0153612e+32,0.000000
5,-4,-52,5.0107274e+32,0.000000
3,1,-21,5.0036662e+32,0.000000
7,-3,-7,4.9646716e+32,0.000000
4,-3,-53,4.9548735e+32,0.000000
2,2,6,4.9345677e+32,0.000000
7,-7,-32,4.9036861e+32,0.000000
4,4,-4,4.8948546e+32,0.000000
3,-3,17,4.8735577e+32,0.000000
4,-1,1,4.8206774e+32,0.000000
5,1,-12,4.805373e+32,0.000000
5,-3,-36,4.8040737e+32,0.000000
3,-1,25,4.7961847e+32,0.000000
4,3,2,4.7130123e+32,0.000000
6,-3,-24,4.6898092e+32,0.000000
4,1,-15,4.6545244e+32,0.000000
5,-1,-21,4.6176005e+32,0.000000
7,-4,1,4.6101923e+32,0.000000
7,-6,-33,4.5856456e+32,0.000000
6,-6,-52,4.5850304e+32,0.000000
8,-7,-6,4.5831606e+32,0.000000
2,1,15,4.5509889e+32,0.000000
7,-5,-29,4.5345569e+32,0.000000
6,-5,-47,4.5152835e+32,0.000000
4,3,-17,4.4934338e+32,0.000000
7,-3,-8,4.4836637e+32,0.000000
8,-7,-13,4.4430117e+32,0.000000
7,-7,-33,4.4238395e+32,0.000000
3,2,-25,4.403323e+32,0.000000
7,-3,-5,4.3999321e+32,0.000000
4,4,-5,4.3863959e+32,0.000000
8,-8,-8,4.3681077e+32,0.000000
4,-1,16,4.3481968e+32,0.000000
8,-6,-17,4.2780341e+32,0.000000
2,0,29,4.2625379e+32,0.000000
2,0,-29,4.2625379e+32,0.000000
3,0,24,4.2041253e+32,0.000000
3,0,-24,4.2041253e+32,0.000000
7,-6,-1,4.1969636e+32,0.000000
2,2,-30,4.1773399e+32,0.000000
5,0,3,4.0967234e+32,0.000000
5,0,-3,4.0967234e+32,0.000000
4,-4,6,4.0450946e+32,0.000000
6,-2,-6,4.037957e+32,0.000000
8,-8,-13,4.0178138e+32,0.000000
3,3,-26,4.0028606e+32,0.000000
7,-7,-34,3.9951212e+32,0.000000
7,-6,-34,3.988603e+32,0.000000
7,-3,-9,3.9190732e+32,0.000000
7,-4,-14,3.9115491e+32,0.000000
2,-2,23,3.8848727e+32,0.000000
4,4,-6,3.8770443e+32,0.000000
8,-8,-12,3.8269176e+32,0.000000
6,-3,-25,3.8189462e+32,0.000000
3,-2,-50,3.7867138e+32,0.000000
4,2,-18,3.7040019e+32,0.000000
6,-4,-29,3.6817091e+32,0.000000
3,1,16,3.6770722e+32,0.000000
5,3,-6,3.6178435e+32,0.000000
5,-4,-53,3.6123086e+32,0.000000
7,-7,-35,3.605589e+32,0.000000
2,-1,-36,3.5974165e+32,0.000000
7,-4,0,3.5809378e+32,0.000000
3,-1,-28,3.570868e+32,0.000000
6,-6,-53,3.5681965e+32,0.000000
5,0,4,3.5351601e+32,0.000000
5,0,-4,3.5351601e+32,0.000000
6,-2,-1,3.529264e+32,0.000000
4,3,-18,3.5052394e+32,0.000000
5,1,-13,3.5013269e+32,0.000000
8,-6,-18,3.47508e+32,0.000000
7,-6,-35,3.4516398e+32,0.000000
6,-5,-48,3.4502538e+32,0.000000
4,-2,-36,3.4343074e+32,0.000000
4,4,-7,3.4292722e+32,0.000000
8,-8,-14,3.4259987e+32,0.000000
5,-2,-26,3.4236606e+32,0.000000
5,-3,3,3.3807087e+32,0.000000
8,-7,-14,3.3767691e+32,0.000000
7,-7,-1,3.3497204e+32,0.000000
4,0,14,3.3423106e+32,0.000000
4,0,-14,3.3423106e+32,0.000000
7,-3,-10,3.329483e+32,0.000000
7,-5,-30,3.2982178e+32,0.000000
4,-3,-54,3.2977213e+32,0.000000
5,-3,-37,3.2761824e+32,0.000000
7,-7,-36,3.2470652e+32,0.000000
2,1,-25,3.2179495e+32,0.000000
3,-2,15,3.2073656e+32,0.000000
5,0,2,3.1298109e+32,0.000000
5,0,-2,3.1298109e+32,0.000000
8,-7,-10,3.1003752e+32,0.000000
4,4,-8,3.0721962e+32,0.000000
8,-6,-2,3.0587974e+32,0.000000
6,-3,-26,3.0533767e+32,0.000000
4,-2,15,3.0220104e+32,0.000000
8,-5,-8,2.9745432e+32,0.000000
7,-6,-36,2.9709449e+32,0.000000
7,-4,-15,2.9321062e+32,0.000000
7,-3,-3,2.920181e+32,0.000000
7,-7,-37,2.9143234e+32,0.000000
3,2,-26,2.8899065e+32,0.000000
2,-1,28,2.8884367e+32,0.000000
8,-6,-19,2.8605346e+32,0.000000
4,-1,-23,2.8501044e+32,0.000000
6,-2,-3,2.8158592e+32,0.000000
4,-1,17,2.8147754e+32,0.000000
4,4,-9,2.8042233e+32,0.000000
7,-6,0,2.7935233e+32,0.000000
3,3,-27,2.7903145e+32,0.000000
3,0,25,2.7818103e+32,0.000000
3,0,-25,2.7818103e+32,0.000000
6,-6,-54,2.7707176e+32,0.000000
7,-3,-11,2.7449845e+32,0.000000
4,1,-16,2.7244508e+32,0.000000
5,-1,-22,2.7221343e+32,0.000000
3,-1,26,2.7048941e+32,0.000000
4,3,-19,2.7032023e+32,0.000000
8,-8,-15,2.6839688e+32,0.000000
6,-2,-7,2.6802444e+32,0.000000
2,1,16,2.6606911e+32,0.000000
5,0,5,2.6595247e+32,0.000000
5,0,-5,2.6595247e+32,0.000000
2,2,-31,2.6494154e+32,0.000000
3,-3,18,2.6331536e+32,0.000000
6,-5,-49,2.6303128e+32,0.000000
7,-7,-38,2.6043143e+32,0.000000
4,4,-10,2.6037496e+32,0.000000
5,-4,-54,2.6009459e+32,0.000000
2,0,30,2.5941137e+32,0.000000
2,0,-30,2.5941137e+32,0.000000
7,-6,-37,2.5430582e+32,0.000000
4,2,-19,2.5323342e+32,0.000000
5,3,-7,2.5210195e+32,0.000000
8,-7,-15,2.5069625e+32,0.000000
8,-5,-9,2.4702935e+32,0.000000
5,1,-14,2.4657717e+32,0.000000
4,4,-11,2.4417462e+32,0.000000
5,-1,6,2.402511e+32,0.000000
6,-3,-27,2.4012713e+32,0.000000
3,1,-22,2.3865129e+32,0.000000
8,-6,-20,2.3811706e+32,0.000000
7,-5,-31,2.3799258e+32,0.000000
8,-8,-7,2.3678798e+32,0.000000
3,-2,-51,2.3442368e+32,0.000000
7,-7,-39,2.3154777e+32,0.000000
4,4,-12,2.2917825e+32,0.000000
7,-3,1,2.2764006e+32,0.000000
5,-2,-27,2.2387706e+32,0.000000
5,-3,-38,2.2203183e+32,0.000000
7,-3,-12,2.1898429e+32,0.000000
4,-3,-55,2.1840271e+32,0.000000
4,-4,7,2.1750665e+32,0.000000
2,2,7,2.1736292e+32,0.000000
7,-6,-38,2.1645952e+32,0.000000
3,1,17,2.1524951e+32,0.000000
7,-4,-16,2.1519691e+32,0.000000
6,-6,-55,2.147309e+32,0.000000
4,4,-13,2.1356265e+32,0.000000
8,-7,-5,2.0670834e+32,0.000000
4,3,-20,2.0630845e+32,0.000000
7,-3,-2,2.0582153e+32,0.000000
7,-7,-40,2.0471721e+32,0.000000
8,-8,-16,2.008465e+32,0.000000
6,-5,-50,2.0010448e+32,0.000000
6,-4,-30,2.0006095e+32,0.000000
8,-6,-21,1.9992362e+32,0.000000
4,4,-14,1.9646473e+32,0.000000
3,3,-28,1.9392033e+32,0.000000
4,-2,-37,1.9061883e+32,0.000000
3,2,-27,1.8921122e+32,0.000000
8,-5,-2,1.8896526e+32,0.000000
8,-5,-10,1.8826333e+32,0.000000
7,-7,0,1.8735297e+32,0.000000
5,-4,-55,1.8700702e+32,0.000000
8,-7,-16,1.864208e+32,0.000000
6,-3,-28,1.8605093e+32,0.000000
5,0,6,1.847156e+32,0.000000
5,0,-6,1.847156e+32,0.000000
7,-6,-39,1.8321109e+32,0.000000
3,0,26,1.831077e+32,0.000000
3,0,-26,1.831077e+32,0.000000
7,-5,3,1.8258218e+32,0.000000
4,-1,18,1.8003549e+32,0.000000
7,-7,-41,1.7992296e+32,0.000000
2,1,-26,1.7831269e+32,0.000000
4,4,-15,1.7783585e+32,0.000000
7,-5,-32,1.7050051e+32,0.000000
4,2,-20,1.7024777e+32,0.000000
5,3,-8,1.6969158e+32,0.000000
8,-6,-22,1.6881381e+32,0.000000
7,-3,-13,1.6854227e+32,0.000000
5,1,-15,1.6848468e+32,0.000000
2,2,-32,1.6811536e+32,0.000000
6,-2,-8,1.6707836e+32,0.000000
2,-1,29,1.655139e+32,0.000000
8,-8,-11,1.6051793e+32,0.000000
4,4,-16,1.5816543e+32,0.000000
2,0,31,1.5763891e+32,0.000000
2,0,-31,1.5763891e+32,0.000000
5,-1,-23,1.5751997e+32,0.000000
7,-7,-42,1.5716341e+32,0.000000
4,3,-21,1.5597798e+32,0.000000
4,-2,16,1.5485239e+32,0.000000
4,1,-17,1.5482905e+32,0.000000
2,1,17,1.5458947e+32,0.000000
7,-6,-40,1.5420572e+32,0.000000
7,-4,-17,1.5378182e+32,0.000000
9,-7,-8,1.5323083e+32,0.000000
2,-1,-37,1.53094e+32,0.000000
3,-1,27,1.5242275e+32,0.000000
6,-5,-51,1.5195013e+32,0.000000
8,-4,-2,1.5166149e+32,0.000000
3,-2,16,1.5069125e+32,0.000000
5,-3,-39,1.4961097e+32,0.000000
8,-8,-17,1.4851351e+32,0.000000
9,-7,-7,1.4807342e+32,0.000000
2,-2,24,1.4714157e+32,0.000000
3,-2,-52,1.4700267e+32,0.000000
5,-2,-28,1.4484875e+32,0.000000
3,-3,19,1.4319009e+32,0.000000
8,-6,-23,1.4293371e+32,0.000000
6,-3,-29,1.4222765e+32,0.000000
8,-5,-11,1.419406e+32,0.000000
3,-1,-29,1.4090502e+32,0.000000
6,-3,2,1.4085564e+32,0.000000
8,-7,-17,1.4052474e+32,0.000000
4,4,-17,1.3819535e+32,0.000000
4,0,15,1.376251e+32,0.000000
4,0,-15,1.376251e+32,0.000000
7,-7,-43,1.364306e+32,0.000000
4,1,5,1.3540775e+32,0.000000
3,3,-29,1.3441468e+32,0.000000
8,-5,-7,1.3205296e+32,0.000000
4,1,6,1.3194823e+32,0.000000
5,2,-2,1.3013112e+32,0.000000
7,-6,-41,1.2908019e+32,0.000000
4,-1,-24,1.2553313e+32,0.000000
3,1,18,1.2495354e+32,0.000000
7,-3,-14,1.2479768e+32,0.000000
3,2,-28,1.2362397e+32,0.000000
7,-5,-33,1.2136305e+32,0.000000
8,-6,-24,1.2101191e+32,0.000000
5,0,7,1.2029898e+32,0.000000
5,0,-7,1.2029898e+32,0.000000
3,0,27,1.1999997e+32,0.000000
3,0,-27,1.1999997e+32,0.000000
4,-4,8,1.1899006e+32,0.000000
4,4,-18,1.1869432e+32,0.000000
7,-7,-44,1.1769777e+32,0.000000
4,3,-22,1.1692675e+32,0.000000
4,4,3,1.1676383e+32,0.000000
4,1,7,1.1587949e+32,0.000000
6,-5,-52,1.1519677e+32,0.000000
8,-4,-1,1.1417089e+32,0.000000
4,-1,19,1.1395931e+32,0.000000
5,1,3,1.1355106e+32,0.000000
4,1,4,1.1283586e+32,0.000000
4,2,-21,1.1278747e+32,0.000000
8,-8,-6,1.1231416e+32,0.000000
5,1,-16,1.1205571e+32,0.000000
8,-8,-18,1.1065807e+32,0.000000
3,1,-23,1.1005009e+32,0.000000
5,-1,10,1.0975234e+32,0.000000
5,3,-9,1.0962835e+32,0.000000
3,-1,-32,1.0903294e+32,0.000000
3,-1,-33,1.0857964e+32,0.000000
5,-1,11,1.081477e+32,0.000000
4,-3,6,1.0804923e+32,0.000000
8,-7,-18,1.0785974e+32,0.000000
8,-5,-12,1.0785635e+32,0.000000
7,-6,-42,1.0746803e+32,0.000000
6,-3,-30,1.0741327e+32,0.000000
6,2,0,1.0696921e+32,0.000000
2,2,-33,1.0672291e+32,0.000000
7,-4,-18,1.0648321e+32,0.000000
6,-4,-31,1.0536378e+32,0.000000
4,2,2,1.0502311e+32,0.000000
8,-6,-1,1.0377048e+32,0.000000
4,-2,-38,1.0365043e+32,0.000000
8,-6,-25,1.0219389e+32,0.000000
3,-1,-31,1.0139801e+32,0.000000
7,-7,-45,1.0091359e+32,0.000000
4,4,-19,1.0031484e+32,0.000000
5,-3,-40,1.0026626e+32,0.000000
3,-1,-34,1.0019478e+32,0.000000
5,3,2,1.0007478e+32,0.000000
6,-2,-9,9.9058882e+31,0.000000
5,2,1,9.8945751e+31,0.000000
5,-1,9,9.8751767e+31,0.000000
9,-7,-6,9.8684059e+31,0.000000
2,1,-27,9.8148233e+31,0.000000
2,2,8,9.781972e+31,0.000000
3,-1,-30,9.7235372e+31,0.000000
5,-1,12,9.6827163e+31,0.000000
2,0,32,9.5661186e+31,0.000000
2,0,-32,9.5661186e+31,0.000000
4,1,8,9.5487398e+31,0.000000
2,-1,30,9.4946968e+31,0.000000
5,-1,7,9.4867548e+31,0.000000
3,-2,-53,9.4326089e+31,0.000000
4,-3,7,9.4027132e+31,0.000000
3,3,-30,9.29536e+31,0.000000
5,-2,-29,9.2766172e+31,0.000000
5,-1,-24,8.9471128e+31,0.000000
2,1,18,8.9319144e+31,0.000000
9,-7,-9,8.9137858e+31,0.000000
7,-6,-43,8.9006142e+31,0.000000
8,-7,-4,8.8770708e+31,0.000000
7,-3,-15,8.8654437e+31,0.000000
6,-5,-53,8.7211136e+31,0.000000
3,-1,-35,8.7061933e+31,0.000000
4,3,-23,8.698182e+31,0.000000
7,-7,-46,8.6001547e+31,0.000000
8,-6,-26,8.5914286e+31,0.000000
7,-5,-34,8.589102e+31,0.000000
3,-1,28,8.5815902e+31,0.000000
4,1,-18,8.5290031e+31,0.000000
8,-7,-19,8.4363841e+31,0.000000
8,-8,-19,8.3802297e+31,0.000000
4,4,-20,8.3526225e+31,0.000000
4,0,16,8.3216674e+31,0.000000
4,0,-16,8.3216674e+31,0.000000
8,-5,-13,8.3180583e+31,0.000000
9,-7,-11,8.249975e+31,0.000000
5,-1,8,8.2055037e+31,0.000000
5,-3,5,8.1122645e+31,0.000000
5,-1,13,8.0623523e+31,0.000000
3,2,-29,8.0622862e+31,0.000000
6,-3,-31,8.0232004e+31,0.000000
4,-2,17,7.8452541e+31,0.000000
3,0,28,7.8352708e+31,0.000000
3,0,-28,7.8352708e+31,0.000000
3,-3,20,7.8339719e+31,0.000000
8,-4,-3,7.7431307e+31,0.000000
4,-3,5,7.7412068e+31,0.000000
7,-7,1,7.6232057e+31,0.000000
4,1,9,7.5235179e+31,0.000000
4,0,17,7.469357e+31,0.000000
4,0,-17,7.469357e+31,0.000000
4,0,18,7.4428561e+31,0.000000
4,0,-18,7.4428561e+31,0.000000
4,2,-22,7.3757643e+31,0.000000
5,0,8,7.3726619e+31,0.000000
5,0,-8,7.3726619e+31,0.000000
7,-6,-44,7.3341528e+31,0.000000
6,-1,-7,7.3081965e+31,0.000000
7,-7,-47,7.286244e+31,0.000000
5,1,-17,7.273235e+31,0.000000
5,-5,5,7.2523551e+31,0.000000
3,-1,-36,7.2242406e+31,0.000000
9,-7,-12,7.2147263e+31,0.000000
3,1,19,7.2008723e+31,0.000000
8,-6,-27,7.179759e+31,0.000000
4,-1,20,7.1488894e+31,0.000000
7,-4,-19,7.1153028e+31,0.000000
6,-1,-6,7.1035875e+31,0.000000
4,0,19,7.1030582e+31,0.000000
4,0,-19,7.1030582e+31,0.000000
6,-1,-8,7.0735594e+31,0.000000
4,-3,8,6.9947888e+31,0.000000
7,-6,2,6.9391868e+31,0.000000
3,-2,17,6.8682124e+31,0.000000
4,4,-21,6.8603411e+31,0.000000
2,2,-34,6.7775513e+31,0.000000
5,3,-10,6.7583947e+31,0.000000
8,-6,0,6.7268747e+31,0.000000
5,2,-9,6.7202911e+31,0.000000
8,-7,-20,6.7191125e+31,0.000000
5,2,-8,6.7167612e+31,0.000000
5,-3,-41,6.6842858e+31,0.000000
6,-5,-54,6.5946158e+31,0.000000
6,-1,-9,6.5260911e+31,0.000000
8,-5,-14,6.5191047e+31,0.000000
8,-8,-20,6.4667728e+31,0.000000
4,3,-24,6.4258442e+31,0.000000
5,2,-10,6.4223863e+31,0.000000
3,3,-31,6.415122e+31,0.000000
5,2,-7,6.3784884e+31,0.000000
4,-4,9,6.367784e+31,0.000000
5,-1,14,6.3480611e+31,0.000000
4,0,20,6.332678e+31,0.000000
4,0,-20,6.332678e+31,0.000000
6,-1,-5,6.2989532e+31,0.000000
7,-6,1,6.2989138e+31,0.000000
3,-2,-54,6.2681333e+31,0.000000
7,-7,-48,6.137889e+31,0.000000
7,-5,-35,6.0477573e+31,0.000000
7,-3,-16,6.0245486e+31,0.000000
7,-6,-45,6.0137243e+31,0.000000
6,-1,-1,5.9740972e+31,0.000000
5,1,4,5.9647932e+31,0.000000
8,-6,-28,5.9583583e+31,0.000000
6,-3,-32,5.9331957e+31,0.000000
2,-1,-38,5.9133196e+31,0.000000
5,2,-11,5.8871065e+31,0.000000
5,-2,-30,5.882268e+31,0.000000
4,-1,-25,5.8333678e+31,0.000000
2,0,33,5.797205e+31,0.000000
2,0,-33,5.797205e+31,0.000000
3,-1,-37,5.7837059e+31,0.000000
6,-1,-10,5.7750557e+31,0.000000
6,-2,-10,5.7706609e+31,0.000000
9,-7,-13,5.7434608e+31,0.000000
4,1,10,5.725048e+31,0.000000
5,2,-6,5.7160899e+31,0.000000
6,2,-3,5.6443855e+31,0.000000
4,4,-22,5.5649502e+31,0.000000
4,-2,-39,5.4935018e+31,0.000000
2,-2,25,5.4803265e+31,0.000000
2,-1,31,5.4519519e+31,0.000000
8,-7,-21,5.4421465e+31,0.000000
7,-7,2,5.4005855e+31,0.000000
8,-8,-5,5.384354e+31,0.000000
7,-3,-4,5.3693376e+31,0.000000
2,1,-28,5.3611294e+31,0.000000
6,-4,-32,5.3551916e+31,0.000000
4,0,21,5.3142162e+31,0.000000
4,0,-21,5.3142162e+31,0.000000
3,2,-30,5.2492464e+31,0.000000
5,2,-12,5.1949297e+31,0.000000
8,-5,-15,5.1832265e+31,0.000000
4,1,3,5.1734827e+31,0.000000
7,-7,-49,5.1420633e+31,0.000000
6,2,-2,5.1402044e+31,0.000000
2,1,19,5.1361737e+31,0.000000
3,0,29,5.1000101e+31,0.000000
3,0,-29,5.1000101e+31,0.000000
7,-4,2,5.0954893e+31,0.000000
8,-8,-21,5.0832877e+31,0.000000
9,-7,-10,5.0001825e+31,0.000000
5,-1,-25,4.9854962e+31,0.000000
6,-5,-55,4.9817384e+31,0.000000
9,-7,-5,4.9705417e+31,0.000000
6,-1,-11,4.9183852e+31,0.000000
7,-6,-46,4.907719e+31,0.000000
8,-6,-29,4.9075171e+31,0.000000
6,0,2,4.8803537e+31,0.000000
6,0,-2,4.8803537e+31,0.000000
3,1,-24,4.8670837e+31,0.000000
4,-3,9,4.8501456e+31,0.000000
3,-1,29,4.8265741e+31,0.000000
5,2,-5,4.8177624e+31,0.000000
5,-1,15,4.7823067e+31,0.000000
4,2,-23,4.7679411e+31,0.000000
4,3,-25,4.7174524e+31,0.000000
5,2,-3,4.7139117e+31,0.000000
6,-1,-4,4.709348e+31,0.000000
6,2,-4,4.7040357e+31,0.000000
6,0,6,4.6556435e+31,0.000000
6,0,-6,4.6556435e+31,0.000000
5,1,-18,4.6174764e+31,0.000000
9,-6,-6,4.6058951e+31,0.000000
7,-4,-20,4.5753486e+31,0.000000
4,1,-19,4.5430996e+31,0.000000
3,-1,-38,4.5002574e+31,0.000000
2,2,9,4.4787832e+31,0.000000
8,-7,-22,4.4763507e+31,0.000000
4,4,-23,4.4633815e+31,0.000000
4,-1,21,4.4500379e+31,0.000000
5,-3,-42,4.4324473e+31,0.000000
5,2,-13,4.4276734e+31,0.000000
3,3,-32,4.4194492e+31,0.000000
6,0,7,4.3998982e+31,0.000000
6,0,-7,4.3998982e+31,0.000000
9,-7,-14,4.3755733e+31,0.000000
3,-2,-55,4.3621628e+31,0.000000
6,-3,-33,4.3477586e+31,0.000000
3,-3,21,4.3105914e+31,0.000000
2,2,-35,4.3053892e+31,0.000000
7,-7,-50,4.2849917e+31,0.000000
5,0,9,4.2491236e+31,0.000000
5,0,-9,4.2491236e+31,0.000000
4,0,22,4.2473168e+31,0.000000
4,0,-22,4.2473168e+31,0.000000
7,-5,-36,4.2393135e+31,0.000000
4,1,11,4.2320057e+31,0.000000
8,-5,-16,4.1668007e+31,0.000000
3,1,20,4.1240384e+31,0.000000
6,0,5,4.0814707e+31,0.000000
6,0,-5,4.0814707e+31,0.000000
8,-5,-1,4.0737225e+31,0.000000
8,-8,-22,4.0652026e+31,0.000000
6,-1,-12,4.0401425e+31,0.000000
5,2,-4,4.0187079e+31,0.000000
8,-6,-30,4.0105392e+31,0.000000
7,-6,-47,3.9869552e+31,0.000000
5,3,-11,3.9512343e+31,0.000000
4,-2,18,3.9283739e+31,0.000000
4,2,4,3.9039602e+31,0.000000
7,-3,-17,3.90389e+31,0.000000
9,-6,-7,3.8608254e+31,0.000000
8,-7,-23,3.7338041e+31,0.000000
7,-7,3,3.7144738e+31,0.000000
6,0,8,3.709268e+31,0.000000
6,0,-8,3.709268e+31,0.000000
5,-2,-31,3.6933188e+31,0.000000
4,2,5,3.6614051e+31,0.000000
5,2,-14,3.656346e+31,0.000000
9,-6,-5,3.6152889e+31,0.000000
6,-2,-11,3.5611591e+31,0.000000
7,-7,-51,3.5526478e+31,0.000000
4,4,-24,3.5432967e+31,0.000000
8,-7,-3,3.5085261e+31,0.000000
2,0,34,3.5083375e+31,0.000000
2,0,-34,3.5083375e+31,0.000000
6,2,-5,3.4949268e+31,0.000000
5,-1,16,3.4767039e+31,0.000000
4,3,-26,3.4436376e+31,0.000000
3,-1,-39,3.4207012e+31,0.000000
3,2,-31,3.4125633e+31,0.000000
8,-5,-17,3.3727051e+31,0.000000
4,-4,10,3.351906e+31,0.000000
4,-1,-26,3.3363105e+31,0.000000
3,0,30,3.3107624e+31,0.000000
3,0,-30,3.3107624e+31,0.000000
8,-8,-23,3.3032866e+31,0.000000
9,-7,-15,3.2818191e+31,0.000000
4,0,23,3.2661543e+31,0.000000
4,0,-23,3.2661543e+31,0.000000
8,-6,-31,3.2519333e+31,0.000000
4,-3,10,3.2387176e+31,0.000000
7,-6,-48,3.2248882e+31,0.000000
6,-1,-13,3.206105e+31,0.000000
6,-3,-34,3.1595013e+31,0.000000
8,-7,-24,3.1536898e+31,0.000000
2,-1,32,3.1332005e+31,0.000000
4,2,-24,3.0501832e+31,0.000000
4,1,12,3.0501098e+31,0.000000
3,3,-33,3.0398011e+31,0.000000
3,-2,18,3.0325118e+31,0.000000
7,-5,-37,2.9601014e+31,0.000000
2,1,20,2.9420544e+31,0.000000
5,2,-15,2.9340914e+31,0.000000
7,-7,-52,2.9311814e+31,0.000000
5,-3,-43,2.9228147e+31,0.000000
2,1,-29,2.9021938e+31,0.000000
6,0,9,2.8847128e+31,0.000000
6,0,-9,2.8847128e+31,0.000000
5,1,-19,2.8724506e+31,0.000000
6,-6,5,2.861903e+31,0.000000
7,-4,-21,2.8312657e+31,0.000000
4,-2,-40,2.8189234e+31,0.000000
4,4,-25,2.7867803e+31,0.000000
4,-1,22,2.7515929e+31,0.000000
8,-5,-18,2.7365124e+31,0.000000
2,2,-36,2.7354259e+31,0.000000
8,-8,-24,2.7242889e+31,0.000000
5,-1,-26,2.7220213e+31,0.000000
3,-1,30,2.7112125e+31,0.000000
8,-7,-25,2.6934032e+31,0.000000
5,-1,2,2.6286455e+31,0.000000
8,-6,-32,2.6166425e+31,0.000000
6,-4,-33,2.6134122e+31,0.000000
8,-4,1,2.6112028e+31,0.000000
7,-6,-49,2.5976983e+31,0.000000
6,-2,-12,2.5883906e+31,0.000000
4,-1,-27,2.5721499e+31,0.000000
8,-8,-4,2.5596429e+31,0.000000
5,-4,4,2.5521697e+31,0.000000
3,-1,-40,2.5491722e+31,0.000000
4,2,6,2.5068247e+31,0.000000
4,3,-27,2.500856e+31,0.000000
8,-4,-8,2.4972125e+31,0.000000
5,-3,6,2.4835907e+31,0.000000
8,-4,-9,2.4704584e+31,0.000000
9,-7,-16,2.4678355e+31,0.000000
6,-1,-14,2.4611935e+31,0.000000
5,-1,17,2.4549522e+31,0.000000
6,0,4,2.4370814e+31,0.000000
6,0,-4,2.4370814e+31,0.000000
4,0,24,2.4359045e+31,0.000000
4,0,-24,2.4359045e+31,0.000000
6,-1,-3,2.4329826e+31,0.000000
7,-7,-53,2.4072605e+31,0.000000
7,-3,-18,2.4040446e+31,0.000000
6,2,-6,2.3986715e+31,0.000000
4,-1,-28,2.3895093e+31,0.000000
3,-3,22,2.3847738e+31,0.000000
6,-2,-15,2.3583978e+31,0.000000
3,1,21,2.3497097e+31,0.000000
6,-2,-16,2.3471424e+31,0.000000
4,1,-20,2.3319413e+31,0.000000
8,-7,-26,2.3228346e+31,0.000000
8,-4,-10,2.318567e+31,0.000000
4,-1,-29,2.3128627e+31,0.000000
6,-2,-14,2.3025016e+31,0.000000
5,0,10,2.3016531e+31,0.000000
5,0,-10,2.3016531e+31,0.000000
6,-2,-13,2.299185e+31,0.000000
5,-2,-32,2.2959593e+31,0.000000
5,1,5,2.2948221e+31,0.000000
5,2,-16,2.2943018e+31,0.000000
6,-3,-35,2.2785127e+31,0.000000
8,-8,-25,2.277666e+31,0.000000
9,-7,-4,2.2695062e+31,0.000000
8,-4,-7,2.2353367e+31,0.000000
6,-2,-17,2.2319697e+31,0.000000
8,-5,-19,2.2161094e+31,0.000000
3,2,-32,2.2153925e+31,0.000000
6,-2,1,2.1951758e+31,0.000000
4,-1,-30,2.1849755e+31,0.000000
5,3,-12,2.1741016e+31,0.000000
4,4,-26,2.1732984e+31,0.000000
4,1,13,2.148767e+31,0.000000
3,0,31,2.1442553e+31,0.000000
3,0,-31,2.1442553e+31,0.000000
9,-8,-9,2.1307553e+31,0.000000
8,-4,-11,2.1303328e+31,0.000000
2,0,35,2.120116e+31,0.000000
2,0,-35,2.120116e+31,0.000000
4,-3,11,2.1133443e+31,0.000000
8,-6,1,2.1082114e+31,0.000000
6,0,10,2.1056893e+31,0.000000
6,0,-10,2.1056893e+31,0.000000
8,-4,-4,2.1021355e+31,0.000000
2,-2,26,2.0994096e+31,0.000000
8,-6,-33,2.0899027e+31,0.000000
3,3,-34,2.0879031e+31,0.000000
7,-6,-50,2.0842771e+31,0.000000
2,2,10,2.0755646e+31,0.000000
5,4,-3,2.0736708e+31,0.000000
7,-5,-38,2.060013e+31,0.000000
3,1,-25,2.0408572e+31,0.000000
8,-6,2,2.0296584e+31,0.000000
6,-2,-18,2.0244858e+31,0.000000
8,-7,-27,2.0205208e+31,0.000000
9,-8,-10,1.9894814e+31,0.000000
5,4,-4,1.9892132e+31,0.000000
4,-1,-31,1.9834273e+31,0.000000
2,-1,-39,1.9695784e+31,0.000000
5,4,-2,1.9689163e+31,0.000000
7,-7,-54,1.9683274e+31,0.000000
9,-6,-4,1.9651613e+31,0.000000
8,-4,-12,1.945468e+31,0.000000
4,-2,19,1.9428032e+31,0.000000
7,-6,3,1.9358819e+31,0.000000
4,2,-25,1.9327845e+31,0.000000
8,-8,-26,1.9275559e+31,0.000000
5,-3,-44,1.9155548e+31,0.000000
9,-7,-17,1.8773254e+31,0.000000
3,-1,-41,1.8670741e+31,0.000000
5,4,-5,1.8542263e+31,0.000000
6,-1,-15,1.8298763e+31,0.000000
4,3,-28,1.8076952e+31,0.000000
2,-1,33,1.8018893e+31,0.000000
8,-5,-20,1.7842633e+31,0.000000
8,-4,-13,1.7741698e+31,0.000000
4,0,25,1.7726785e+31,0.000000
4,0,-25,1.7726785e+31,0.000000
8,-7,-28,1.7709649e+31,0.000000
6,-2,-19,1.7576115e+31,0.000000
5,1,-20,1.7534256e+31,0.000000
5,2,-17,1.7525984e+31,0.000000
4,-4,11,1.7469448e+31,0.000000
2,2,-37,1.7379997e+31,0.000000
4,-1,-32,1.7323214e+31,0.000000
9,-6,-10,1.7319757e+31,0.000000
5,4,-6,1.7081401e+31,0.000000
7,-4,-22,1.6974626e+31,0.000000
5,-1,18,1.6922229e+31,0.000000
4,-1,23,1.6915355e+31,0.000000
9,-6,-9,1.6855329e+31,0.000000
4,4,-27,1.6818562e+31,0.000000
2,1,21,1.6802191e+31,0.000000
7,-6,-51,1.666133e+31,0.000000
8,-6,-34,1.6574195e+31,0.000000
8,-8,-27,1.6481994e+31,0.000000
6,-3,-36,1.6316842e+31,0.000000
6,-5,4,1.6165436e+31,0.000000
8,-4,-14,1.613008e+31,0.000000
7,-7,-55,1.6027726e+31,0.000000
5,4,1,1.5924024e+31,0.000000
5,4,-7,1.5666811e+31,0.000000
8,-7,-29,1.5627588e+31,0.000000
4,2,7,1.5612985e+31,0.000000
8,-4,0,1.5569909e+31,0.000000
2,1,-30,1.5542551e+31,0.000000
9,-8,-8,1.5402026e+31,0.000000
6,2,-7,1.5295096e+31,0.000000
3,-1,31,1.5205892e+31,0.000000
4,1,14,1.4825857e+31,0.000000
6,-2,-20,1.4675981e+31,0.000000
4,-1,-33,1.4636431e+31,0.000000
6,0,11,1.4564658e+31,0.000000
6,0,-11,1.4564658e+31,0.000000
8,-4,-15,1.4550367e+31,0.000000
5,-1,-27,1.4533433e+31,0.000000
9,-7,-18,1.4500393e+31,0.000000
5,4,-8,1.4379114e+31,0.000000
3,2,-33,1.436243e+31,0.000000
3,3,-35,1.4322669e+31,0.000000
6,2,-1,1.4299802e+31,0.000000
7,-5,-39,1.4296036e+31,0.000000
5,4,-1,1.4260591e+31,0.000000
8,-5,-21,1.4233921e+31,0.000000
8,-8,-28,1.421216e+31,0.000000
5,-2,-33,1.4127323e+31,0.000000
8,-5,0,1.4105704e+31,0.000000
7,-3,-19,1.4025638e+31,0.000000
4,-2,-41,1.3886149e+31,0.000000
8,-7,-30,1.3872985e+31,0.000000
3,0,32,1.3858886e+31,0.000000
3,0,-32,1.3858886e+31,0.000000
9,-6,-11,1.3746306e+31,0.000000
9,-8,-13,1.3591531e+31,0.000000
4,-3,12,1.357553e+31,0.000000
3,-1,-42,1.3462016e+31,0.000000
3,1,22,1.3331341e+31,0.000000
7,-6,-52,1.327239e+31,0.000000
3,-3,23,1.326146e+31,0.000000
5,4,-9,1.3248944e+31,0.000000
6,-1,-16,1.3191496e+31,0.000000
5,2,-18,1.3109131e+31,0.000000
8,-6,-35,1.3056505e+31,0.000000
4,3,-29,1.3010957e+31,0.000000
3,-2,19,1.2987728e+31,0.000000
8,-4,-16,1.2950967e+31,0.000000
4,4,-28,1.292434e+31,0.000000
9,-8,-12,1.2834779e+31,0.000000
2,0,36,1.2792855e+31,0.000000
2,0,-36,1.2792855e+31,0.000000
4,0,26,1.264661e+31,0.000000
4,0,-26,1.264661e+31,0.000000
9,-5,-3,1.256826e+31,0.000000
5,-3,-45,1.246684e+31,0.000000
8,-7,-31,1.2379329e+31,0.000000
8,-8,-29,1.2337288e+31,0.000000
5,4,0,1.2269535e+31,0.000000
5,4,-10,1.2268765e+31,0.000000
6,-4,-34,1.2190819e+31,0.000000
4,2,-26,1.2139587e+31,0.000000
6,-1,-2,1.2130628e+31,0.000000
4,-1,-34,1.2030397e+31,0.000000
5,4,2,1.1966928e+31,0.000000
8,-4,-6,1.1941012e+31,0.000000
6,-2,-21,1.1843113e+31,0.000000
5,0,11,1.1805305e+31,0.000000
5,0,-11,1.1805305e+31,0.000000
6,4,1,1.1777581e+31,0.000000
9,-9,-11,1.177338e+31,0.000000
4,1,1,1.1634048e+31,0.000000
6,-3,-37,1.1609605e+31,0.000000
6,3,-1,1.1554284e+31,0.000000
9,-6,-8,1.1530191e+31,0.000000
9,-5,-4,1.1518266e+31,0.000000
4,1,-21,1.1484544e+31,0.000000
5,-1,19,1.1433093e+31,0.000000
5,4,-11,1.1405915e+31,0.000000
9,-7,-19,1.1383644e+31,0.000000
9,-8,-14,1.1327945e+31,0.000000
8,-4,-17,1.1317749e+31,0.000000
7,-7,4,1.1238332e+31,0.000000
4,-4,5,1.1228316e+31,0.000000
8,-5,-22,1.1219129e+31,0.000000
5,3,-13,1.1145898e+31,0.000000
5,0,1,1.1101513e+31,0.000000
5,0,-1,1.1101513e+31,0.000000
8,-7,-32,1.1094202e+31,0.000000
2,2,-38,1.1041265e+31,0.000000
9,-9,-10,1.0953407e+31,0.000000
8,-8,-3,1.0949543e+31,0.000000
8,-8,-30,1.0768793e+31,0.000000
5,4,-12,1.061704e+31,0.000000
7,-6,-53,1.0538403e+31,0.000000
5,1,-21,1.0513643e+31,0.000000
9,-6,-12,1.040607e+31,0.000000
2,-1,34,1.036846e+31,0.000000
4,-1,24,1.0345751e+31,0.000000
8,-7,-2,1.0239642e+31,0.000000
8,-6,-36,1.0220732e+31,0.000000
7,-4,-23,1.0079844e+31,0.000000
4,1,15,1.003562e+31,0.000000
8,-7,-33,9.9758559e+30,0.000000
7,-5,-40,9.8983053e+30,0.000000
4,4,-29,9.8683503e+30,0.000000
5,4,-13,9.8609414e+30,0.000000
3,3,-36,9.8136922e+30,0.000000
4,1,2,9.7843681e+30,0.000000
9,-7,-3,9.7753952e+30,0.000000
2,2,11,9.6867506e+30,0.000000
8,-4,-18,9.6729595e+30,0.000000
4,-1,-35,9.6665856e+30,0.000000
5,2,-19,9.6211013e+30,0.000000
6,0,12,9.5969604e+30,0.000000
6,0,-12,9.5969604e+30,0.000000
2,1,22,9.575301e+30,0.000000
3,-1,-43,9.5647545e+30,0.000000
4,-2,20,9.4785186e+30,0.000000
8,-8,-31,9.4459818e+30,0.000000
4,2,8,9.3431103e+30,0.000000
4,3,-30,9.3283363e+30,0.000000
3,2,-34,9.2985148e+30,0.000000
6,-2,-22,9.2771036e+30,0.000000
6,-1,-17,9.2304325e+30,0.000000
2,-2,27,9.1843524e+30,0.000000
5,4,-14,9.1072834e+30,0.000000
9,-7,-20,9.0811097e+30,0.000000
4,-4,12,9.0544453e+30,0.000000
6,2,-8,9.0386941e+30,0.000000
8,-7,-34,8.9910248e+30,0.000000
3,0,33,8.940451e+30,0.000000
3,0,-33,8.940451e+30,0.000000
4,0,27,8.8768973e+30,0.000000
4,0,-27,8.8768973e+30,0.000000
8,-5,-23,8.7172234e+30,0.000000
6,3,-2,8.6216486e+30,0.000000
4,-3,13,8.6209727e+30,0.000000
9,-8,-15,8.6120084e+30,0.000000
5,-2,-34,8.5995973e+30,0.000000
3,-1,32,8.511947e+30,0.000000
9,-6,-3,8.415258e+30,0.000000
9,-9,-14,8.4123042e+30,0.000000
8,-5,1,8.3794199e+30,0.000000
7,-6,-54,8.3424004e+30,0.000000
5,4,-15,8.3402335e+30,0.000000
8,-8,-32,8.3262642e+30,0.000000
2,1,-31,8.2152564e+30,0.000000
6,-3,-38,8.2113965e+30,0.000000
9,-8,-7,8.1679167e+30,0.000000
5,1,6,8.1636174e+30,0.000000
8,-7,-35,8.1134409e+30,0.000000
8,-4,-19,8.0633513e+30,0.000000
6,1,-1,8.0512177e+30,0.000000
5,-3,-46,8.0475473e+30,0.000000
3,1,-26,7.9906011e+30,0.000000
8,-6,-37,7.9537749e+30,0.000000
9,-6,-13,7.7636487e+30,0.000000
6,4,-2,7.7505455e+30,0.000000
7,-3,-20,7.7473044e+30,0.000000
2,0,37,7.7074916e+30,0.000000
2,0,-37,7.7074916e+30,0.000000
9,-5,-2,7.6485367e+30,0.000000
4,-1,-36,7.6232657e+30,0.000000
6,0,3,7.6084536e+30,0.000000
6,0,-3,7.6084536e+30,0.000000
5,-3,7,7.6052735e+30,0.000000
5,-1,20,7.5959346e+30,0.000000
5,-1,-28,7.5654362e+30,0.000000
4,2,-27,7.5614484e+30,0.000000
5,4,-16,7.5578076e+30,0.000000
3,1,23,7.5381121e+30,0.000000
9,-9,-15,7.5223357e+30,0.000000
4,4,-30,7.490959e+30,0.000000
3,-3,24,7.410578e+30,0.000000
6,4,-3,7.3920298e+30,0.000000
8,-8,-33,7.3779705e+30,0.000000
9,-7,-21,7.3550157e+30,0.000000
8,-7,-36,7.3227079e+30,0.000000
9,-9,-9,7.1891923e+30,0.000000
4,-3,4,7.1670092e+30,0.000000
6,-2,-23,7.081545e+30,0.000000
6,3,1,7.0809641e+30,0.000000
2,2,-39,7.0122987e+30,0.000000
5,2,-20,6.941098e+30,0.000000
7,-5,-41,6.8408285e+30,0.000000
5,4,-17,6.7685153e+30,0.000000
3,3,-37,6.7168956e+30,0.000000
3,-1,-44,6.6998858e+30,0.000000
4,1,16,6.6751268e+30,0.000000
8,-5,-24,6.6652483e+30,0.000000
4,3,-31,6.6643378e+30,0.000000
9,-8,-11,6.6074719e+30,0.000000
8,-7,-37,6.6033511e+30,0.000000
7,-6,-55,6.5857568e+30,0.000000
8,-8,-34,6.5755851e+30,0.000000
8,-4,-20,6.544718e+30,0.000000
6,4,-4,6.5216719e+30,0.000000
9,-9,-12,6.515011e+30,0.000000
4,-2,-42,6.5069308e+30,0.000000
9,-5,-5,6.4209768e+30,0.000000
6,4,-1,6.3204206e+30,0.000000
4,-1,25,6.2989116e+30,0.000000
6,-1,-18,6.275109e+30,0.000000
9,-8,-16,6.244375e+30,0.000000
7,-4,-24,6.2320976e+30,0.000000
5,1,-22,6.196095e+30,0.000000
8,-6,-38,6.155686e+30,0.000000
4,0,28,6.147722e+30,0.000000
4,0,-28,6.147722e+30,0.000000
9,-7,-22,6.0412077e+30,0.000000
6,0,13,6.0408951e+30,0.000000
6,0,-13,6.0408951e+30,0.000000
3,2,-35,6.0115788e+30,0.000000
7,-1,-3,5.9904867e+30,0.000000
5,4,-18,5.986998e+30,0.000000
9,-9,-16,5.9774427e+30,0.000000
2,-1,35,5.9689851e+30,0.000000
5,0,12,5.9441237e+30,0.000000
5,0,-12,5.9441237e+30,0.000000
8,-7,-38,5.9439544e+30,0.000000
4,-1,-37,5.9193405e+30,0.000000
8,-8,-35,5.8969754e+30,0.000000
8,-6,3,5.8588502e+30,0.000000
9,-9,-13,5.856889e+30,0.000000
6,4,2,5.8286894e+30,0.000000
9,-6,-14,5.8152997e+30,0.000000
6,-3,-39,5.7761067e+30,0.000000
3,0,34,5.7572183e+30,0.000000
3,0,-34,5.7572183e+30,0.000000
6,4,0,5.6957927e+30,0.000000
6,4,-5,5.66114e+30,0.000000
4,4,-31,5.6559266e+30,0.000000
5,-2,6,5.5724388e+30,0.000000
6,3,-3,5.5124953e+30,0.000000
4,2,9,5.4705505e+30,0.000000
6,3,0,5.4573882e+30,0.000000
3,-2,20,5.4512884e+30,0.000000
2,1,23,5.4492808e+30,0.000000
6,-4,-35,5.4433824e+30,0.000000
4,-3,14,5.4266408e+30,0.000000
4,1,-22,5.4044621e+30,0.000000
8,-7,-39,5.3363583e+30,0.000000
2,-1,-40,5.3326918e+30,0.000000
8,-8,-36,5.3220657e+30,0.000000
6,-2,-24,5.2852425e+30,0.000000
5,-2,5,5.2820073e+30,0.000000
5,3,-14,5.2569755e+30,0.000000
5,4,-19,5.2299306e+30,0.000000
5,5,2,5.2063357e+30,0.000000
5,-2,-35,5.1745686e+30,0.000000
8,-4,-21,5.1678099e+30,0.000000
2,-2,28,5.1525173e+30,0.000000
5,-3,-47,5.1441016e+30,0.000000
9,-7,-23,5.0259769e+30,0.000000
8,-5,-25,5.0082364e+30,0.000000
7,-1,-4,4.9775747e+30,0.000000
5,-1,21,4.9758732e+30,0.000000
6,2,-9,4.93812e+30,0.000000
5,2,-21,4.9302955e+30,0.000000
6,4,-6,4.9225395e+30,0.000000
10,-8,-9,4.8639136e+30,0.000000
5,-2,7,4.8535526e+30,0.000000
8,-8,-37,4.83243e+30,0.000000
8,-7,-40,4.7749188e+30,0.000000
3,-1,33,4.7537919e+30,0.000000
4,3,-32,4.7456981e+30,0.000000
8,-6,-39,4.739854e+30,0.000000
7,-5,-42,4.7211322e+30,0.000000
4,-4,13,4.6801456e+30,0.000000
4,2,-28,4.672249e+30,0.000000
2,0,38,4.6368111e+30,0.000000
2,0,-38,4.6368111e+30,0.000000
3,-1,-45,4.627498e+30,0.000000
3,3,-38,4.5925233e+30,0.000000
8,-8,-2,4.5710518e+30,0.000000
4,-2,21,4.5536763e+30,0.000000
4,-1,-38,4.5371622e+30,0.000000
2,2,12,4.5322081e+30,0.000000
5,4,-20,4.512888e+30,0.000000
5,1,10,4.508657e+30,0.000000
8,-7,-1,4.4939607e+30,0.000000
9,-8,-17,4.4864175e+30,0.000000
2,2,-40,4.4514593e+30,0.000000
9,-9,-17,4.4168829e+30,0.000000
9,-6,-15,4.4130395e+30,0.000000
8,-8,-38,4.4113679e+30,0.000000
5,1,11,4.3744747e+30,0.000000
4,1,17,4.3697479e+30,0.000000
7,-4,-25,4.3304279e+30,0.000000
6,4,-7,4.2992095e+30,0.000000
2,1,-32,4.2722661e+30,0.000000
8,-7,-41,4.2558429e+30,0.000000
3,1,24,4.2508894e+30,0.000000
4,4,-32,4.2495237e+30,0.000000
9,-7,-24,4.2297512e+30,0.000000
5,1,9,4.211973e+30,0.000000
4,0,29,4.2101091e+30,0.000000
4,0,-29,4.2101091e+30,0.000000
3,-3,25,4.1602047e+30,0.000000
6,-1,-19,4.1479627e+30,0.000000
6,1,-7,4.1470526e+30,0.000000
6,1,-8,4.124498e+30,0.000000
7,-3,-21,4.0856249e+30,0.000000
2,-1,-45,4.0738349e+30,0.000000
8,-8,-39,4.044156e+30,0.000000
6,-3,-40,4.0425201e+30,0.000000
2,-1,-46,4.0382818e+30,0.000000
10,-8,-8,4.0104552e+30,0.000000
5,1,7,4.0069113e+30,0.000000
10,-8,-10,3.9878002e+30,0.000000
8,-4,-22,3.968682e+30,0.000000
5,1,12,3.9066105e+30,0.000000
3,2,-36,3.8807245e+30,0.000000
6,-2,-25,3.8678178e+30,0.000000
6,1,-9,3.8647044e+30,0.000000
6,1,-6,3.8614552e+30,0.000000
5,4,-21,3.8483899e+30,0.000000
5,-1,-29,3.8229972e+30,0.000000
4,-1,26,3.8191459e+30,0.000000
9,-8,-6,3.8084769e+30,0.000000
5,-2,8,3.8035739e+30,0.000000
8,-7,-42,3.776615e+30,0.000000
5,-2,2,3.762218e+30,0.000000
6,4,-8,3.7543312e+30,0.000000
8,-8,-40,3.7182807e+30,0.000000
9,-9,-8,3.711015e+30,0.000000
3,0,35,3.7008404e+30,0.000000
3,0,-35,3.7008404e+30,0.000000
2,-1,-47,3.6986294e+30,0.000000
8,-5,-26,3.6941727e+30,0.000000
5,1,8,3.6923063e+30,0.000000
2,-1,-44,3.67036e+30,0.000000
2,-2,29,3.6446414e+30,0.000000
6,0,14,3.6361754e+30,0.000000
6,0,-14,3.6361754e+30,0.000000
8,-6,-40,3.6325309e+30,0.000000
9,-7,-25,3.5959567e+30,0.000000
5,1,-23,3.5897523e+30,0.000000
8,-4,-5,3.5806451e+30,0.000000
6,3,-4,3.5720342e+30,0.000000
7,-4,-26,3.5632412e+30,0.000000
7,-4,-29,3.472838e+30,0.000000
7,-4,-30,3.465926e+30,0.000000
5,2,-22,3.4526195e+30,0.000000
6,1,-10,3.4435687e+30,0.000000
4,-1,-39,3.4400727e+30,0.000000
2,-1,36,3.437639e+30,0.000000
8,-8,-41,3.4235554e+30,0.000000
7,-4,-28,3.4102135e+30,0.000000
9,-6,-16,3.4049368e+30,0.000000
4,-3,15,3.392386e+30,0.000000
7,-4,-27,3.3737606e+30,0.000000
4,3,-33,3.3694036e+30,0.000000
7,-4,-31,3.3590181e+30,0.000000
8,-7,-43,3.3355222e+30,0.000000
7,-1,-5,3.3146658e+30,0.000000
8,-5,2,3.2776867e+30,0.000000
9,-7,-2,3.2742675e+30,0.000000
5,1,13,3.2672537e+30,0.000000
9,-8,-18,3.2612979e+30,0.000000
7,-5,-43,3.2549266e+30,0.000000
6,4,-9,3.254403e+30,0.000000
5,0,13,3.2532653e+30,0.000000
5,0,-13,3.2532653e+30,0.000000
5,-3,-48,3.2491761e+30,0.000000
5,4,-22,3.2450143e+30,0.000000
5,-1,22,3.2208936e+30,0.000000
6,1,-5,3.2127826e+30,0.000000
2,-1,-48,3.193259e+30,0.000000
4,4,-33,3.1785284e+30,0.000000
9,-9,-18,3.1725575e+30,0.000000
7,-4,-32,3.1582095e+30,0.000000
4,2,10,3.1547825e+30,0.000000
8,-8,-42,3.1520904e+30,0.000000
3,-1,-46,3.1511448e+30,0.000000
3,3,-39,3.1367899e+30,0.000000
5,5,-3,3.1245448e+30,0.000000
8,-7,0,3.1180296e+30,0.000000
8,-8,-1,3.1091688e+30,0.000000
2,1,24,3.0988962e+30,0.000000
9,-7,-26,3.0836273e+30,0.000000
5,-2,4,3.078229e+30,0.000000
5,-2,-36,3.0743574e+30,0.000000
5,5,0,3.0680575e+30,0.000000
5,5,3,3.0578973e+30,0.000000
5,5,-2,3.0523647e+30,0.000000
5,5,-4,3.0260185e+30,0.000000
8,-4,-23,2.9645714e+30,0.000000
6,1,-11,2.9345545e+30,0.000000
8,-7,-44,2.9312815e+30,0.000000
8,-8,-43,2.8981286e+30,0.000000
4,-2,-43,2.8921764e+30,0.000000
7,-4,-33,2.8866208e+30,0.000000
5,5,-5,2.8840812e+30,0.000000
3,1,-27,2.8798388e+30,0.000000
2,-2,30,2.8693335e+30,0.000000
4,2,-29,2.8643656e+30,0.000000
4,0,30,2.8559738e+30,0.000000
4,0,-30,2.8559738e+30,0.000000
5,5,-1,2.829174e+30,0.000000
2,2,-41,2.8240877e+30,0.000000
5,5,1,2.8210758e+30,0.000000
4,1,18,2.8198554e+30,0.000000
6,-3,-41,2.8159669e+30,0.000000
9,-6,-2,2.7945041e+30,0.000000
2,-1,-43,2.7924316e+30,0.000000
2,0,39,2.7859453e+30,0.000000
2,0,-39,2.7859453e+30,0.000000
7,-1,-2,2.7842702e+30,0.000000
6,-2,-26,2.7822043e+30,0.000000
6,4,-10,2.7809259e+30,0.000000
5,-2,9,2.7798821e+30,0.000000
8,-6,-41,2.7718943e+30,0.000000
5,5,-6,2.7297608e+30,0.000000
5,4,-23,2.7073185e+30,0.000000
4,3,3,2.7040492e+30,0.000000
9,-6,-17,2.6730318e+30,0.000000
8,-5,-27,2.6724607e+30,0.000000
6,-1,-20,2.6674451e+30,0.000000
9,-7,-27,2.6626551e+30,0.000000
8,-8,-44,2.6577794e+30,0.000000
3,-1,34,2.64764e+30,0.000000
2,-1,-49,2.6305673e+30,0.000000
5,1,14,2.5929045e+30,0.000000
10,-8,-12,2.5924742e+30,0.000000
4,-1,-40,2.5842749e+30,0.000000
7,-4,-34,2.5722258e+30,0.000000
8,-7,-45,2.562765e+30,0.000000
10,-8,-13,2.5595981e+30,0.000000
5,5,-7,2.5568806e+30,0.000000
6,2,-10,2.5199081e+30,0.000000
3,2,-37,2.5010647e+30,0.000000
3,2,5,2.4882706e+30,0.000000
3,2,4,2.4699586e+30,0.000000
6,2,1,2.4447775e+30,0.000000
4,1,-23,2.4314401e+30,0.000000
8,-8,-45,2.4286927e+30,0.000000
9,-8,-19,2.4193255e+30,0.000000
4,-4,14,2.4169871e+30,0.000000
6,-1,0,2.4156674e+30,0.000000
5,-3,8,2.409695e+30,0.000000
6,1,-12,2.4014244e+30,0.000000
10,-8,-7,2.398551e+30,0.000000
3,1,25,2.391993e+30,0.000000
6,3,-5,2.3893381e+30,0.000000
5,2,-23,2.3864527e+30,0.000000
4,3,-34,2.385742e+30,0.000000
6,-4,-36,2.385343e+30,0.000000
3,0,36,2.3746855e+30,0.000000
3,0,-36,2.3746855e+30,0.000000
4,4,-34,2.3676924e+30,0.000000
5,5,-8,2.3603299e+30,0.000000
3,-3,26,2.3456624e+30,0.000000
6,4,-11,2.3303977e+30,0.000000
3,-2,21,2.3187054e+30,0.000000
9,-7,-28,2.3107764e+30,0.000000
4,-1,27,2.3066354e+30,0.000000
2,-2,31,2.2933533e+30,0.000000
9,-9,-19,2.2838834e+30,0.000000
5,3,-15,2.2586647e+30,0.000000
9,-5,-1,2.253566e+30,0.000000
5,0,14,2.2456377e+30,0.000000
5,0,-14,2.2456377e+30,0.000000
7,-5,-44,2.2425363e+30,0.000000
7,-4,-35,2.2410669e+30,0.000000
5,4,-24,2.2362793e+30,0.000000
8,-7,-46,2.2288117e+30,0.000000
6,1,-4,2.2122322e+30,0.000000
8,-8,-46,2.2097116e+30,0.000000
2,1,-33,2.1766503e+30,0.000000
8,-4,-24,2.1546938e+30,0.000000
4,-2,22,2.1485776e+30,0.000000
5,5,-9,2.1457548e+30,0.000000
3,3,-40,2.1402315e+30,0.000000
9,-6,-18,2.1334328e+30,0.000000
7,-3,-22,2.1303119e+30,0.000000
7,-5,4,2.1179906e+30,0.000000
2,2,13,2.1172705e+30,0.000000
3,-1,-47,2.1153437e+30,0.000000
4,-3,16,2.1091761e+30,0.000000
8,-6,-42,2.1068365e+30,0.000000
6,0,15,2.0920943e+30,0.000000
6,0,-15,2.0920943e+30,0.000000
10,-8,-14,2.0911466e+30,0.000000
2,-1,-50,2.0832893e+30,0.000000
5,-1,23,2.0638476e+30,0.000000
5,1,-24,2.043967e+30,0.000000
5,-3,-49,2.0224854e+30,0.000000
9,-7,-29,2.0116024e+30,0.000000
8,-8,-47,2.0005366e+30,0.000000
5,0,17,1.9985267e+30,0.000000
5,0,-17,1.9985267e+30,0.000000
5,0,15,1.9976978e+30,0.000000
5,0,-15,1.9976978e+30,0.000000
7,-1,-6,1.996853e+30,0.000000
5,0,16,1.9963882e+30,0.000000
5,0,-16,1.9963882e+30,0.000000
2,-1,37,1.9805952e+30,0.000000
3,2,3,1.9723389e+30,0.000000
5,1,15,1.971413e+30,0.000000
6,-2,-27,1.9712018e+30,0.000000
6,-3,-42,1.9529824e+30,0.000000
5,-2,10,1.9292007e+30,0.000000
8,-7,-47,1.9281139e+30,0.000000
5,5,-10,1.9275356e+30,0.000000
4,-1,-41,1.9260465e+30,0.000000
4,0,31,1.921724e+30,0.000000
4,0,-31,1.921724e+30,0.000000
5,0,18,1.9195691e+30,0.000000
5,0,-18,1.9195691e+30,0.000000
6,1,-2,1.9162009e+30,0.000000
7,-4,-36,1.9141096e+30,0.000000
6,4,-12,1.9090046e+30,0.000000
10,-7,-8,1.9008458e+30,0.000000
8,-5,-28,1.8944058e+30,0.000000
6,1,-13,1.8930107e+30,0.000000
3,2,6,1.8801385e+30,0.000000
5,-1,-30,1.8638998e+30,0.000000
10,-7,-7,1.8532667e+30,0.000000
8,-4,2,1.8403179e+30,0.000000
9,-8,-20,1.8356271e+30,0.000000
5,4,-25,1.8299978e+30,0.000000
9,-8,-5,1.807835e+30,0.000000
9,-9,-7,1.8057127e+30,0.000000
8,-8,-48,1.8014236e+30,0.000000
5,-2,-37,1.8006636e+30,0.000000
2,-2,32,1.7967722e+30,0.000000
4,1,19,1.7966177e+30,0.000000
4,2,11,1.7957727e+30,0.000000
2,2,-42,1.7903339e+30,0.000000
2,1,25,1.7619144e+30,0.000000
4,4,-35,1.7570675e+30,0.000000
5,0,19,1.7555868e+30,0.000000
5,0,-19,1.7555868e+30,0.000000
9,-7,-30,1.7532321e+30,0.000000
4,2,-30,1.7421801e+30,0.000000
2,-1,-42,1.7317013e+30,0.000000
9,-6,-19,1.7281932e+30,0.000000
5,5,-11,1.7225495e+30,0.000000
4,3,-35,1.6850318e+30,0.000000
2,0,40,1.6724744e+30,0.000000
2,0,-40,1.6724744e+30,0.000000
9,-9,-20,1.6724182e+30,0.000000
6,-1,-21,1.6691033e+30,0.000000
8,-7,-48,1.6591634e+30,0.000000
5,2,-24,1.6296641e+30,0.000000
6,3,-6,1.629421e+30,0.000000
8,-8,-49,1.6129293e+30,0.000000
3,2,-38,1.6089453e+30,0.000000
7,-4,-37,1.6063542e+30,0.000000
2,-1,-41,1.5989532e+30,0.000000
8,-6,-43,1.5956309e+30,0.000000
2,-1,-51,1.5935625e+30,0.000000
10,-8,-15,1.5888017e+30,0.000000
7,-5,-45,1.5444039e+30,0.000000
5,5,-12,1.5442419e+30,0.000000
5,0,20,1.5346255e+30,0.000000
5,0,-20,1.5346255e+30,0.000000
9,-7,-31,1.5271846e+30,0.000000
6,4,-13,1.5263842e+30,0.000000
8,-4,-25,1.5242401e+30,0.000000
3,0,37,1.5208533e+30,0.000000
3,0,-37,1.5208533e+30,0.000000
9,-5,-6,1.5015208e+30,0.000000
5,4,-26,1.4844836e+30,0.000000
3,-1,35,1.4699259e+30,0.000000
7,-3,2,1.4672666e+30,0.000000
3,3,-41,1.4586533e+30,0.000000
5,1,16,1.4463393e+30,0.000000
6,1,-14,1.4412291e+30,0.000000
8,-8,-50,1.4357111e+30,0.000000
4,-1,-42,1.4256021e+30,0.000000
9,-8,-21,1.4234329e+30,0.000000
8,-7,-49,1.4202418e+30,0.000000
9,-6,-20,1.4176058e+30,0.000000
3,-1,-48,1.4001284e+30,0.000000
5,5,-13,1.3993483e+30,0.000000
8,-8,0,1.3920292e+30,0.000000
4,-1,28,1.3879104e+30,0.000000
6,-2,-28,1.3780059e+30,0.000000
2,-2,33,1.3708042e+30,0.000000
7,-6,4,1.3655899e+30,0.000000
7,3,0,1.3613062e+30,0.000000
9,-7,-1,1.359782e+30,0.000000
6,-3,-43,1.3488869e+30,0.000000
3,1,26,1.3436083e+30,0.000000
3,-3,27,1.3279851e+30,0.000000
9,-7,-32,1.3275294e+30,0.000000
7,-4,-38,1.3272054e+30,0.000000
8,-5,-29,1.3145125e+30,0.000000
5,-1,24,1.3110005e+30,0.000000
4,-3,17,1.3057709e+30,0.000000
4,4,-36,1.2994346e+30,0.000000
5,0,21,1.2902522e+30,0.000000
5,0,-21,1.2902522e+30,0.000000
5,5,-14,1.2875839e+30,0.000000
5,-2,11,1.2842897e+30,0.000000
4,0,32,1.2840037e+30,0.000000
4,0,-32,1.2840037e+30,0.000000
6,2,-11,1.2748577e+30,0.000000
8,-8,-51,1.27038e+30,0.000000
4,-2,-44,1.2595955e+30,0.000000
3,2,7,1.2579283e+30,0.000000
10,-7,-6,1.2536154e+30,0.000000
9,-9,-21,1.2525558e+30,0.000000
4,-4,15,1.2486983e+30,0.000000
5,-3,-50,1.2365241e+30,0.000000
7,-7,5,1.2217684e+30,0.000000
8,-7,-50,1.2094434e+30,0.000000
8,-6,-44,1.2045895e+30,0.000000
5,5,-15,1.2033859e+30,0.000000
7,-3,-23,1.20291e+30,0.000000
10,-8,-6,1.2001663e+30,0.000000
6,1,-3,1.1990676e+30,0.000000
5,4,-27,1.1943956e+30,0.000000
6,4,-14,1.1908707e+30,0.000000
4,3,-36,1.1873886e+30,0.000000
2,-1,-52,1.1808729e+30,0.000000
9,-6,-21,1.1744676e+30,0.000000
7,-1,-7,1.1739796e+30,0.000000
10,-8,-16,1.164033e+30,0.000000
9,-7,-33,1.1501709e+30,0.000000
10,-8,-11,1.1501537e+30,0.000000
6,0,16,1.1484717e+30,0.000000
6,0,-16,1.1484717e+30,0.000000
7,1,-3,1.1449346e+30,0.000000
5,1,-25,1.1428795e+30,0.000000
2,-1,38,1.1416885e+30,0.000000
5,5,-16,1.1384624e+30,0.000000
2,2,-43,1.1340689e+30,0.000000
4,1,20,1.1318895e+30,0.000000
10,-7,-9,1.1274097e+30,0.000000
9,-8,-22,1.1259602e+30,0.000000
6,-4,-37,1.1225516e+30,0.000000
8,-8,-52,1.1174028e+30,0.000000
6,3,-7,1.1121703e+30,0.000000
5,2,-25,1.100324e+30,0.000000
5,5,-17,1.0841612e+30,0.000000
7,-4,-39,1.081431e+30,0.000000
2,1,-34,1.0800996e+30,0.000000
3,-2,22,1.0782502e+30,0.000000
4,1,-24,1.0667801e+30,0.000000
7,-5,-46,1.0633989e+30,0.000000
6,1,-15,1.0621727e+30,0.000000
4,2,-31,1.0510219e+30,0.000000
5,0,22,1.0497721e+30,0.000000
5,0,-22,1.0497721e+30,0.000000
8,-4,-26,1.0496481e+30,0.000000
4,-1,-43,1.0487555e+30,0.000000
9,-7,0,1.0422925e+30,0.000000
5,-2,-38,1.037451e+30,0.000000
5,5,-18,1.0331322e+30,0.000000
3,2,-39,1.0328945e+30,0.000000
5,1,17,1.0296472e+30,0.000000
8,-7,-51,1.024716e+30,0.000000
2,-2,34,1.022141e+30,0.000000
6,-1,-22,1.0159728e+30,0.000000
4,2,12,1.0092766e+30,0.000000
2,0,41,1.00396e+30,0.000000
2,0,-41,1.00396e+30,0.000000
2,1,26,1.0019582e+30,0.000000
9,-5,-8,9.9298413e+29,0.000000
3,3,-42,9.929295e+29,0.000000
9,-7,-34,9.9227259e+29,0.000000
4,-2,23,9.9194118e+29,0.000000
3,3,5,9.8958708e+29,0.000000
2,2,14,9.8408405e+29,0.000000
5,5,-19,9.8016959e+29,0.000000
9,-6,-22,9.8008265e+29,0.000000
3,1,-28,9.7710677e+29,0.000000
8,-8,-53,9.7704532e+29,0.000000
3,0,38,9.7202556e+29,0.000000
3,0,-38,9.7202556e+29,0.000000
9,-9,-22,9.6001184e+29,0.000000
4,4,-37,9.579686e+29,0.000000
5,4,-28,9.5367547e+29,0.000000
6,-2,-29,9.5189638e+29,0.000000
7,1,-4,9.4009509e+29,0.000000
6,-3,-44,9.2797999e+29,0.000000
10,-6,-5,9.265764e+29,0.000000
6,-4,4,9.2407795e+29,0.000000
5,5,-20,9.2237066e+29,0.000000
5,-3,9,9.2172314e+29,0.000000
3,-1,-49,9.1477589e+29,0.000000
9,-5,-9,9.0962238e+29,0.000000
9,-9,-6,9.0884158e+29,0.000000
5,3,-16,9.0853991e+29,0.000000
6,4,-15,9.0698646e+29,0.000000
8,-6,-45,9.0678718e+29,0.000000
9,-8,-23,9.0666529e+29,0.000000
10,-7,-11,8.988387e+29,0.000000
8,-5,-30,8.9178733e+29,0.000000
7,-4,-40,8.7029531e+29,0.000000
5,-1,-31,8.6946851e+29,0.000000
7,-1,-1,8.6647566e+29,0.000000
8,-7,-52,8.6391293e+29,0.000000
5,5,-21,8.5884462e+29,0.000000
4,0,33,8.5257824e+29,0.000000
4,0,-33,8.5257824e+29,0.000000
9,-7,-35,8.5181374e+29,0.000000
2,-1,-53,8.4958822e+29,0.000000
8,-8,-54,8.4935059e+29,0.000000
10,-8,-17,8.4702801e+29,0.000000
9,-8,-4,8.457878e+29,0.000000
7,-3,-24,8.374771e+29,0.000000
4,3,-37,8.3493565e+29,0.000000
9,-5,-10,8.3436175e+29,0.000000
4,-1,29,8.3198657e+29,0.000000
5,0,23,8.3091087e+29,0.000000
5,0,-23,8.3091087e+29,0.000000
8,-8,1,8.2870066e+29,0.000000
7,-1,-13,8.2864988e+29,0.000000
5,-1,25,8.265314e+29,0.000000
5,-2,12,8.2531266e+29,0.000000
7,3,-1,8.2518764e+29,0.000000
9,-6,-23,8.215436e+29,0.000000
7,-1,-12,8.1341098e+29,0.000000
3,-1,36,8.1314807e+29,0.000000
4,-3,18,8.0573691e+29,0.000000
8,-7,2,8.056607e+29,0.000000
7,-1,-14,7.9326205e+29,0.000000
5,5,-22,7.9020165e+29,0.000000
3,2,8,7.8782449e+29,0.000000
10,-6,-6,7.8593698e+29,0.000000
7,-1,-8,7.6921528e+29,0.000000
4,-1,-44,7.6725947e+29,0.000000
10,-7,-12,7.6157856e+29,0.000000
6,1,-16,7.5927833e+29,0.000000
9,-5,-11,7.5792493e+29,0.000000
5,4,-29,7.5604621e+29,0.000000
6,2,-12,7.5573181e+29,0.000000
3,-3,28,7.5472281e+29,0.000000
7,-3,-27,7.5396759e+29,0.000000
3,1,27,7.5357491e+29,0.000000
7,-1,-11,7.5241715e+29,0.000000
9,-9,-23,7.5152019e+29,0.000000
2,-2,35,7.5018966e+29,0.000000
6,3,-8,7.4690146e+29,0.000000
7,-3,-28,7.453333e+29,0.000000
8,-3,-3,7.4302937e+29,0.000000
9,-8,-24,7.419054e+29,0.000000
7,-3,-26,7.4040249e+29,0.000000
7,-3,-25,7.3967668e+29,0.000000
5,-3,-51,7.3964202e+29,0.000000
6,2,-16,7.3843469e+29,0.000000
10,-6,-4,7.3709227e+29,0.000000
5,2,-26,7.3499873e+29,0.000000
8,-8,-55,7.34141e+29,0.000000
7,-5,-47,7.3215758e+29,0.000000
9,-5,-7,7.3074457e+29,0.000000
8,-3,0,7.2771926e+29,0.000000
9,-7,-36,7.2726494e+29,0.000000
8,-7,-53,7.248465e+29,0.000000
6,2,-17,7.2253864e+29,0.000000
5,5,-23,7.1799535e+29,0.000000
2,2,-44,7.1779592e+29,0.000000
7,-1,-15,7.1714021e+29,0.000000
5,1,18,7.1448836e+29,0.000000
6,2,-15,7.0884736e+29,0.000000
7,-3,-29,7.0702521e+29,0.000000
4,1,21,7.0614146e+29,0.000000
9,-5,0,7.0433328e+29,0.000000
4,4,-38,7.0420203e+29,0.000000
8,-4,-27,7.0360383e+29,0.000000
8,-3,-6,6.9854806e+29,0.000000
7,-4,-41,6.9263633e+29,0.000000
3,3,6,6.9102637e+29,0.000000
9,-6,-24,6.8991033e+29,0.000000
8,-3,-5,6.8200977e+29,0.000000
8,-6,-46,6.8089943e+29,0.000000
7,1,-2,6.7811892e+29,0.000000
7,-1,-10,6.7560356e+29,0.000000
3,3,-43,6.7499848e+29,0.000000
6,4,-16,6.7490581e+29,0.000000
6,-4,-38,6.7204791e+29,0.000000
9,-5,-12,6.7123617e+29,0.000000
6,2,-18,6.6689866e+29,0.000000
9,-5,1,6.632449e+29,0.000000
3,2,-40,6.6151726e+29,0.000000
2,-1,39,6.5857627e+29,0.000000
10,-7,-5,6.5417625e+29,0.000000
6,-2,-30,6.5055843e+29,0.000000
6,2,-14,6.5038112e+29,0.000000
7,-1,-9,6.4716216e+29,0.000000
4,-4,16,6.4594712e+29,0.000000
7,-3,-30,6.4434158e+29,0.000000
5,5,-24,6.442263e+29,0.000000
5,0,24,6.4262008e+29,0.000000
5,0,-24,6.4262008e+29,0.000000
6,-3,-45,6.3595781e+29,0.000000
4,2,-32,6.2860056e+29,0.000000
5,1,-26,6.2665656e+29,0.000000
6,2,-13,6.2286205e+29,0.000000
4,-2,-45,6.227531e+29,0.000000
10,-8,-18,6.2229697e+29,0.000000
3,0,39,6.1985592e+29,0.000000
3,0,-39,6.1985592e+29,0.000000
4,-2,-50,6.1791229e+29,0.000000
9,-7,-37,6.1736563e+29,0.000000
7,-1,-16,6.161903e+29,0.000000
9,-8,-25,6.1606403e+29,0.000000
4,-2,-51,6.156435e+29,0.000000
7,1,-5,6.1472095e+29,0.000000
5,4,3,6.121516e+29,0.000000
8,-7,1,6.0918828e+29,0.000000
3,-2,23,6.0568172e+29,0.000000
8,-7,-54,6.0533976e+29,0.000000
2,0,42,6.0337922e+29,0.000000
2,0,-42,6.0337922e+29,0.000000
6,-1,-23,6.0109241e+29,0.000000
8,-3,-7,5.9972209e+29,0.000000
6,0,17,5.9953485e+29,0.000000
6,0,-17,5.9953485e+29,0.000000
9,-9,-24,5.9913378e+29,0.000000
5,4,-30,5.9537676e+29,0.000000
2,-1,-54,5.9496564e+29,0.000000
10,-8,-5,5.9256058e+29,0.000000
3,-1,-50,5.9182122e+29,0.000000
8,-5,-31,5.9063015e+29,0.000000
4,-2,-49,5.8864686e+29,0.000000
4,-2,-52,5.8723827e+29,0.000000
5,-2,-39,5.8623763e+29,0.000000
4,3,-38,5.8593943e+29,0.000000
6,2,-19,5.856135e+29,0.000000
10,-7,-13,5.8542044e+29,0.000000
7,3,1,5.8331697e+29,0.000000
9,-5,-13,5.7978156e+29,0.000000
9,-6,-25,5.7899191e+29,0.000000
4,4,4,5.7156708e+29,0.000000
5,5,-25,5.7095799e+29,0.000000
2,1,27,5.7007233e+29,0.000000
7,-3,-31,5.6677078e+29,0.000000
4,0,34,5.629326e+29,0.000000
4,0,-34,5.629326e+29,0.000000
4,2,13,5.5979764e+29,0.000000
4,-1,-45,5.5842642e+29,0.000000
9,-6,-1,5.5096097e+29,0.000000
10,-7,-10,5.493791e+29,0.000000
6,-4,-39,5.4936402e+29,0.000000
5,-3,10,5.4893988e+29,0.000000
2,-2,36,5.4644868e+29,0.000000
7,-4,-42,5.4577632e+29,0.000000
4,-2,-53,5.4045765e+29,0.000000
6,-4,-40,5.3238325e+29,0.000000
6,-4,-41,5.3041076e+29,0.000000
4,-2,-48,5.3031285e+29,0.000000
6,1,-17,5.2733729e+29,0.000000
9,-7,-38,5.2098334e+29,0.000000
9,-8,-26,5.185086e+29,0.000000
2,1,-35,5.1767836e+29,0.000000
5,-1,26,5.1766579e+29,0.000000
4,4,-39,5.1629901e+29,0.000000
6,-4,-42,5.1422564e+29,0.000000
5,-2,13,5.1411806e+29,0.000000
8,-6,-47,5.1017611e+29,0.000000
7,-1,-17,5.062658e+29,0.000000
7,-5,-48,5.0409458e+29,0.000000
8,-7,-55,5.0327147e+29,0.000000
8,-3,-1,5.0022527e+29,0.000000
5,5,-26,5.0005606e+29,0.000000
8,-3,-8,4.9935357e+29,0.000000
4,-1,30,4.9681129e+29,0.000000
4,-3,19,4.9595982e+29,0.000000
10,-9,-11,4.9467411e+29,0.000000
6,2,-20,4.932199e+29,0.000000
4,1,-25,4.9245165e+29,0.000000
9,-5,-14,4.9194574e+29,0.000000
6,4,-17,4.9117565e+29,0.000000
6,3,-9,4.8771678e+29,0.000000
5,0,25,4.8736527e+29,0.000000
5,0,-25,4.8736527e+29,0.000000
5,2,-27,4.8595782e+29,0.000000
9,-9,-25,4.8511557e+29,0.000000
7,1,-1,4.8510045e+29,0.000000
5,1,19,4.8509629e+29,0.000000
9,-6,-26,4.8451244e+29,0.000000
7,-3,-32,4.8359125e+29,0.000000
4,-2,-54,4.8282434e+29,0.000000
6,-4,-43,4.8040928e+29,0.000000
7,-4,3,4.7868369e+29,0.000000
3,2,9,4.7257934e+29,0.000000
9,-9,-5,4.6776619e+29,0.000000
5,4,-31,4.6592689e+29,0.000000
5,-3,11,4.6565351e+29,0.000000
10,-8,-19,4.6489425e+29,0.000000
4,-2,-47,4.6401499e+29,0.000000
8,-8,3,4.6386849e+29,0.000000
8,-4,-28,4.589237e+29,0.000000
3,3,-44,4.5817593e+29,0.000000
2,2,-45,4.5402579e+29,0.000000
2,2,15,4.5364762e+29,0.000000
3,3,4,4.5221886e+29,0.000000
4,-2,-46,4.4967847e+29,0.000000
10,-9,-10,4.4822983e+29,0.000000
3,-1,37,4.4805004e+29,0.000000
4,-2,24,4.4574413e+29,0.000000
9,-8,-27,4.4177287e+29,0.000000
6,-2,-31,4.40345e+29,0.000000
5,3,-21,4.403069e+29,0.000000
5,3,-22,4.3745603e+29,0.000000
9,-7,-39,4.3703386e+29,0.000000
4,1,22,4.3679915e+29,0.000000
6,-4,-44,4.3427688e+29,0.000000
6,-3,-46,4.3414748e+29,0.000000
5,5,-27,4.3303898e+29,0.000000
10,-6,-7,4.3227434e+29,0.000000
10,-7,-14,4.3131072e+29,0.000000
5,-3,-52,4.3105077e+29,0.000000
3,-3,29,4.3047053e+29,0.000000
8,-7,3,4.2830846e+29,0.000000
7,-4,-43,4.2623072e+29,0.000000
5,-3,12,4.2596423e+29,0.000000
9,-6,0,4.2562753e+29,0.000000
3,2,-41,4.2252167e+29,0.000000
3,1,28,4.2205808e+29,0.000000
3,-2,24,4.2184809e+29,0.000000
4,-2,-55,4.2056552e+29,0.000000
5,3,-17,4.1553886e+29,0.000000
9,-5,-15,4.1410149e+29,0.000000
10,-6,-3,4.1290455e+29,0.000000
8,-3,-9,4.1263561e+29,0.000000
4,3,-39,4.1043512e+29,0.000000
5,3,-20,4.0843911e+29,0.000000
2,-1,-55,4.0749085e+29,0.000000
5,3,-23,4.0646124e+29,0.000000
4,-1,-46,4.0441888e+29,0.000000
9,-6,-27,4.0351732e+29,0.000000
7,-3,-33,4.0204168e+29,0.000000
6,2,-21,4.0113646e+29,0.000000
7,-1,-18,3.9985749e+29,0.000000
2,-2,37,3.9854353e+29,0.000000
9,-9,-26,3.982194e+29,0.000000
3,0,40,3.9429865e+29,0.000000
3,0,-40,3.9429865e+29,0.000000
5,-1,1,3.8998462e+29,0.000000
3,1,-29,3.8471619e+29,0.000000
5,-1,-32,3.8396493e+29,0.000000
6,-4,-45,3.8246903e+29,0.000000
3,-1,-51,3.8182996e+29,0.000000
8,-6,-48,3.8155843e+29,0.000000
8,-5,-32,3.8119039e+29,0.000000
9,-8,-28,3.8049504e+29,0.000000
2,-1,40,3.8029583e+29,0.000000
8,-8,2,3.7852724e+29,0.000000
4,4,-40,3.7762702e+29,0.000000
5,-3,13,3.7391947e+29,0.000000
4,2,-33,3.7243533e+29,0.000000
5,5,-28,3.7101695e+29,0.000000
4,0,35,3.6975577e+29,0.000000
4,0,-35,3.6975577e+29,0.000000
3,3,7,3.659685e+29,0.000000
9,-7,-40,3.6444456e+29,0.000000
2,0,43,3.6375263e+29,0.000000
2,0,-43,3.6375263e+29,0.000000
5,0,26,3.6352438e+29,0.000000
5,0,-26,3.6352438e+29,0.000000
5,4,-32,3.6249325e+29,0.000000
8,-6,4,3.5919383e+29,0.000000
5,3,-24,3.5818258e+29,0.000000
6,1,-18,3.5633496e+29,0.000000
10,-8,-20,3.5394082e+29,0.000000
7,1,-6,3.5300558e+29,0.000000
5,3,-19,3.5081997e+29,0.000000
6,4,-18,3.4997051e+29,0.000000
9,-5,-16,3.4967324e+29,0.000000
7,-5,-49,3.47066e+29,0.000000
6,-1,-24,3.4518316e+29,0.000000
8,-3,-10,3.3904761e+29,0.000000
5,1,-27,3.3621264e+29,0.000000
3,-2,25,3.3571753e+29,0.000000
4,-4,17,3.3478529e+29,0.000000
9,-6,-28,3.3393782e+29,0.000000
9,-9,-27,3.3115167e+29,0.000000
9,-8,-29,3.3078637e+29,0.000000
6,-4,-46,3.3027961e+29,0.000000
7,-4,-44,3.3022214e+29,0.000000
10,-9,-14,3.2755052e+29,0.000000
7,-3,-34,3.2691109e+29,0.000000
2,1,28,3.2457188e+29,0.000000
5,-2,-40,3.235908e+29,0.000000
5,1,20,3.2327911e+29,0.000000
5,-1,27,3.2231804e+29,0.000000
5,2,-28,3.1812623e+29,0.000000
9,-7,2,3.1755068e+29,0.000000
6,2,-22,3.1676592e+29,0.000000
5,5,-29,3.1469353e+29,0.000000
10,-7,-15,3.1397098e+29,0.000000
5,3,-18,3.1333683e+29,0.000000
10,-7,-4,3.1185446e+29,0.000000
9,-8,-3,3.1172233e+29,0.000000
5,-2,14,3.1136171e+29,0.000000
6,-1,3,3.1106855e+29,0.000000
3,3,-45,3.104692e+29,0.000000
5,-3,14,3.0933751e+29,0.000000
6,3,-10,3.0890476e+29,0.000000
3,1,-33,3.0647601e+29,0.000000
4,2,14,3.0617428e+29,0.000000
3,1,-32,3.0527699e+29,0.000000
7,-1,-19,3.0498881e+29,0.000000
4,-3,20,3.0473407e+29,0.000000
5,3,-25,3.0261597e+29,0.000000
9,-7,-41,3.0214542e+29,0.000000
9,-5,-17,2.9942721e+29,0.000000
10,-9,-12,2.9701582e+29,0.000000
6,0,18,2.9617486e+29,0.000000
6,0,-18,2.9617486e+29,0.000000
5,1,2,2.9584808e+29,0.000000
6,-2,-32,2.9545113e+29,0.000000
4,-1,31,2.9544642e+29,0.000000
6,-3,-47,2.9518799e+29,0.000000
2,-2,38,2.9362368e+29,0.000000
10,-8,-4,2.9200146e+29,0.000000
4,-1,-47,2.9144202e+29,0.000000
8,-4,-29,2.91048e+29,0.000000
9,-8,-30,2.8982945e+29,0.000000
10,-9,-15,2.8888977e+29,0.000000
10,-9,-9,2.8753987e+29,0.000000
2,2,-46,2.8709058e+29,0.000000
4,3,-40,2.8699094e+29,0.000000
8,-6,-49,2.8493461e+29,0.000000
3,1,-34,2.84837e+29,0.000000
5,3,3,2.8131778e+29,0.000000
3,1,-31,2.8115154e+29,0.000000
6,-4,-47,2.8110994e+29,0.000000
5,4,-33,2.8047946e+29,0.000000
4,1,-26,2.8011732e+29,0.000000
9,-9,-28,2.7894233e+29,0.000000
3,-2,26,2.784507e+29,0.000000
8,-3,-11,2.7564961e+29,0.000000
4,4,-41,2.7559611e+29,0.000000
10,-8,-21,2.7461091e+29,0.000000
3,2,10,2.7431824e+29,0.000000
9,-6,-29,2.7427252e+29,0.000000
3,2,-42,2.6903909e+29,0.000000
4,1,23,2.6820691e+29,0.000000
5,0,27,2.6732628e+29,0.000000
5,0,-27,2.6732628e+29,0.000000
3,1,-30,2.6668829e+29,0.000000
5,5,-30,2.6440707e+29,0.000000
9,-5,-18,2.621204e+29,0.000000
7,-3,-35,2.6081064e+29,0.000000
7,3,-2,2.5744078e+29,0.000000
9,-8,-31,2.5559671e+29,0.000000
7,-4,-45,2.5402685e+29,0.000000
3,0,41,2.5013432e+29,0.000000
3,0,-41,2.5013432e+29,0.000000
10,-10,-12,2.4926096e+29,0.000000
3,1,-35,2.4914263e+29,0.000000
9,-7,-42,2.4907623e+29,0.000000
3,-1,-52,2.4907436e+29,0.000000
5,3,-26,2.4710444e+29,0.000000
3,-3,30,2.4635384e+29,0.000000
3,-1,38,2.4584374e+29,0.000000
7,3,-7,2.4564444e+29,0.000000
6,4,-19,2.4436373e+29,0.000000
5,-3,-53,2.4398452e+29,0.000000
6,2,-23,2.4393798e+29,0.000000
5,-3,15,2.4280081e+29,0.000000
4,0,36,2.4166949e+29,0.000000
4,0,-36,2.4166949e+29,0.000000
7,3,-8,2.4098183e+29,0.000000
6,3,2,2.4089534e+29,0.000000
8,-5,-33,2.3924394e+29,0.000000
7,-5,-50,2.389287e+29,0.000000
9,-9,-29,2.3798528e+29,0.000000
6,-4,-48,2.367413e+29,0.000000
2,1,-36,2.3671557e+29,0.000000
7,3,-6,2.3664913e+29,0.000000
3,1,29,2.3605288e+29,0.000000
9,-5,-19,2.3523301e+29,0.000000
6,1,-19,2.3450606e+29,0.000000
6,-1,4,2.3054461e+29,0.000000
10,-7,-16,2.3008447e+29,0.000000
3,-2,27,2.2934703e+29,0.000000
9,-8,-32,2.2663754e+29,0.000000
7,-1,-20,2.2553678e+29,0.000000
9,-7,1,2.254998e+29,0.000000
7,3,-9,2.2406158e+29,0.000000
10,-9,-16,2.2382801e+29,0.000000
9,-6,-30,2.2336232e+29,0.000000
9,-9,-4,2.232016e+29,0.000000
2,0,44,2.2056181e+29,0.000000
2,0,-44,2.2056181e+29,0.000000
2,-2,39,2.2029937e+29,0.000000
10,-9,-13,2.202252e+29,0.000000
8,-3,-12,2.2022226e+29,0.000000
5,5,-31,2.2019282e+29,0.000000
2,-1,41,2.1994665e+29,0.000000
4,2,-34,2.1835313e+29,0.000000
10,-8,-22,2.169271e+29,0.000000
4,1,-27,2.1670314e+29,0.000000
5,4,-34,2.159106e+29,0.000000
9,-5,-20,2.1566352e+29,0.000000
7,3,-5,2.1398207e+29,0.000000
8,-6,-50,2.1252297e+29,0.000000
5,1,21,2.1204814e+29,0.000000
9,-5,2,2.1184877e+29,0.000000
3,3,-46,2.0997104e+29,0.000000
4,-1,-48,2.0896478e+29,0.000000
5,2,2,2.0826844e+29,0.000000
3,1,-36,2.0803071e+29,0.000000
9,-4,-2,2.0776241e+29,0.000000
8,-3,-2,2.0737567e+29,0.000000
2,2,16,2.0683769e+29,0.000000
5,2,-29,2.0624109e+29,0.000000
9,-4,-1,2.0594686e+29,0.000000
10,-10,-13,2.0589011e+29,0.000000
9,-9,-30,2.0552849e+29,0.000000
7,-3,-36,2.0469332e+29,0.000000
9,-7,-43,2.0420151e+29,0.000000
4,1,-28,2.0337042e+29,0.000000
9,-8,-33,2.0191214e+29,0.000000
10,-10,-11,2.0086366e+29,0.000000
4,4,-42,2.0073e+29,0.000000
9,-5,-21,2.0033226e+29,0.000000
4,3,-41,2.0033167e+29,0.000000
6,-3,-48,1.9983542e+29,0.000000
5,-1,28,1.9961619e+29,0.000000
4,1,-29,1.9901887e+29,0.000000
6,-4,-49,1.9781753e+29,0.000000
7,3,-10,1.9774787e+29,0.000000
6,-2,-33,1.9663953e+29,0.000000
5,3,-27,1.9619536e+29,0.000000
5,0,28,1.9419867e+29,0.000000
5,0,-28,1.9419867e+29,0.000000
7,-4,-46,1.9418809e+29,0.000000
4,-2,25,1.9352666e+29,0.000000
6,3,-11,1.9263835e+29,0.000000
6,-1,-25,1.9202243e+29,0.000000
4,1,-30,1.8988146e+29,0.000000
7,1,-7,1.8780203e+29,0.000000
3,3,8,1.8706155e+29,0.000000
4,-3,21,1.8700703e+29,0.000000
9,-5,-22,1.8665218e+29,0.000000
6,1,0,1.8592041e+29,0.000000
2,1,29,1.8494381e+29,0.000000
3,-2,28,1.8451134e+29,0.000000
6,2,-24,1.8384063e+29,0.000000
5,-2,15,1.8370519e+29,0.000000
5,-3,16,1.8262463e+29,0.000000
5,5,-32,1.8185247e+29,0.000000
2,2,-47,1.8157902e+29,0.000000
7,3,-4,1.8066429e+29,0.000000
9,-8,-34,1.8066331e+29,0.000000
9,-6,-31,1.8024164e+29,0.000000
9,-9,-31,1.7942763e+29,0.000000
8,-4,-30,1.7929374e+29,0.000000
5,1,-28,1.7594512e+29,0.000000
4,-1,32,1.7490873e+29,0.000000
10,-8,-23,1.7424318e+29,0.000000
4,-4,18,1.7392088e+29,0.000000
4,1,-31,1.7388898e+29,0.000000
5,-2,-41,1.7351815e+29,0.000000
9,-5,-23,1.7281898e+29,0.000000
6,4,3,1.7258025e+29,0.000000
8,-8,4,1.7198951e+29,0.000000
8,-3,-13,1.7172047e+29,0.000000
10,-10,-15,1.7160064e+29,0.000000
10,-7,-17,1.7121304e+29,0.000000
3,2,-43,1.7071349e+29,0.000000
2,-2,40,1.6937363e+29,0.000000
8,-5,3,1.691622e+29,0.000000
10,-6,-2,1.6914137e+29,0.000000
6,-1,11,1.6891931e+29,0.000000
10,-10,-16,1.6889491e+29,0.000000
3,-1,-53,1.6808115e+29,0.000000
3,1,-37,1.6754956e+29,0.000000
6,4,-20,1.6733816e+29,0.000000
4,2,3,1.6663635e+29,0.000000
9,-7,-44,1.6652738e+29,0.000000
7,3,-11,1.6590253e+29,0.000000
5,4,-35,1.6541041e+29,0.000000
4,2,15,1.649892e+29,0.000000
7,-5,-51,1.6444491e+29,0.000000
6,-4,-50,1.6428876e+29,0.000000
6,-1,12,1.640826e+29,0.000000
4,1,24,1.6363585e+29,0.000000
9,-8,-35,1.6232128e+29,0.000000
7,-1,-21,1.6223885e+29,0.000000
6,-1,10,1.6129526e+29,0.000000
10,-9,-17,1.6054847e+29,0.000000
5,5,4,1.6003718e+29,0.000000
5,-1,-33,1.5898377e+29,0.000000
7,-3,-37,1.5839034e+29,0.000000
8,-6,-51,1.583685e+29,0.000000
3,0,42,1.5820944e+29,0.000000
3,0,-42,1.5820944e+29,0.000000
7,3,-3,1.5808626e+29,0.000000
9,-9,-32,1.5802775e+29,0.000000
9,-5,-24,1.5789336e+29,0.000000
4,0,37,1.5719088e+29,0.000000
4,0,-37,1.5719088e+29,0.000000
3,2,11,1.5478095e+29,0.000000
4,1,-32,1.5309472e+29,0.000000
8,-3,-4,1.5281839e+29,0.000000
5,3,-28,1.521627e+29,0.000000
9,-7,3,1.5151291e+29,0.000000
6,1,-20,1.5039621e+29,0.000000
6,-1,13,1.4986478e+29,0.000000
10,-6,-9,1.4937706e+29,0.000000
4,-1,-49,1.4903002e+29,0.000000
5,5,-33,1.4902145e+29,0.000000
7,-4,-47,1.4763007e+29,0.000000
6,5,-3,1.4693215e+29,0.000000
10,-9,-8,1.4666309e+29,0.000000
9,-8,-36,1.4643691e+29,0.000000
4,4,-43,1.459323e+29,0.000000
8,-5,-34,1.4572276e+29,0.000000
3,-2,29,1.4459266e+29,0.000000
9,-6,-32,1.4404904e+29,0.000000
6,5,-4,1.4342226e+29,0.000000
6,-2,8,1.429722e+29,0.000000
10,-8,-24,1.4209691e+29,0.000000
9,-5,-25,1.4169717e+29,0.000000
3,3,-47,1.416908e+29,0.000000
3,-3,31,1.4143095e+29,0.000000
6,-1,9,1.405607e+29,0.000000
9,-9,-33,1.400914e+29,0.000000
4,3,-42,1.3960449e+29,0.000000
5,0,29,1.3959406e+29,0.000000
5,0,-29,1.3959406e+29,0.000000
10,-10,-17,1.3851222e+29,0.000000
6,0,19,1.3769372e+29,0.000000
6,0,-19,1.3769372e+29,0.000000
7,2,-2,1.3747825e+29,0.000000
5,1,22,1.3721943e+29,0.000000
6,2,-25,1.359752e+29,0.000000
7,2,0,1.3590325e+29,0.000000
6,-4,-51,1.3574138e+29,0.000000
10,-7,-3,1.3548245e+29,0.000000
9,-7,-45,1.3511699e+29,0.000000
2,0,45,1.3498985e+29,0.000000
2,0,-45,1.3498985e+29,0.000000
6,-3,-49,1.346261e+29,0.000000
6,5,-5,1.3454583e+29,0.000000
5,-3,-54,1.3439075e+29,0.000000
3,-1,39,1.3431748e+29,0.000000
2,-2,41,1.3387839e+29,0.000000
5,-3,17,1.327828e+29,0.000000
9,-8,-37,1.3263805e+29,0.000000
7,3,-12,1.3251989e+29,0.000000
5,2,-30,1.3242036e+29,0.000000
3,1,30,1.3182276e+29,0.000000
3,1,-38,1.311241e+29,0.000000
6,-2,7,1.307149e+29,0.000000
4,1,-33,1.3031613e+29,0.000000
6,-1,14,1.3006694e+29,0.000000
8,-3,-14,1.2993076e+29,0.000000
6,-2,-34,1.2989476e+29,0.000000
10,-7,-18,1.297796e+29,0.000000
6,-2,9,1.2968369e+29,0.000000
2,-1,42,1.2749866e+29,0.000000
4,2,-35,1.2648262e+29,0.000000
6,5,-2,1.2626113e+29,0.000000
5,4,-36,1.2615493e+29,0.000000
6,5,-6,1.2560016e+29,0.000000
9,-9,-34,1.2473435e+29,0.000000
9,-5,-26,1.2459352e+29,0.000000
7,2,-3,1.2443719e+29,0.000000
6,3,-12,1.2382805e+29,0.000000
5,-1,29,1.2301048e+29,0.000000
6,-1,5,1.2154051e+29,0.000000
10,-6,-10,1.2129397e+29,0.000000
5,5,-34,1.2122889e+29,0.000000
7,-3,-38,1.2106625e+29,0.000000
3,-1,-54,1.2094282e+29,0.000000
9,-8,-38,1.2060357e+29,0.000000
10,-10,-10,1.1934962e+29,0.000000
10,-8,-3,1.1921951e+29,0.000000
8,-6,-52,1.1793703e+29,0.000000
10,-8,-25,1.1745709e+29,0.000000
6,5,-7,1.1711542e+29,0.000000
9,-6,2,1.1704393e+29,0.000000
5,3,-29,1.1568685e+29,0.000000
2,2,-48,1.1497763e+29,0.000000
4,-3,22,1.1467047e+29,0.000000
9,-6,-33,1.1398086e+29,0.000000
7,-1,-22,1.1384663e+29,0.000000
7,-5,-52,1.131342e+29,0.000000
6,-2,4,1.1306561e+29,0.000000
6,4,-21,1.1245123e+29,0.000000
10,-9,-18,1.120705e+29,0.000000
7,-4,-48,1.1170222e+29,0.000000
6,-4,-52,1.1161289e+29,0.000000
7,1,-13,1.1141496e+29,0.000000
9,-9,-35,1.1135731e+29,0.000000
6,-1,8,1.1076625e+29,0.000000
3,-2,30,1.1059157e+29,0.000000
9,-8,-39,1.1004985e+29,0.000000
9,-6,1,1.0933297e+29,0.000000
9,-7,-46,1.0910265e+29,0.000000
6,5,-8,1.0899067e+29,0.000000
2,-2,42,1.0877935e+29,0.000000
6,-1,15,1.0814505e+29,0.000000
7,1,-14,1.0796026e+29,0.000000
3,2,-44,1.079043e+29,0.000000
4,1,-34,1.0786773e+29,0.000000
6,0,1,1.0729306e+29,0.000000
6,0,-1,1.0729306e+29,0.000000
9,-5,-27,1.0723244e+29,0.000000
8,-4,-31,1.0717663e+29,0.000000
9,-4,-8,1.0703762e+29,0.000000
7,1,-12,1.0678943e+29,0.000000
4,4,-44,1.0591321e+29,0.000000
5,-2,16,1.0573825e+29,0.000000
4,-1,-50,1.0567489e+29,0.000000
2,1,30,1.05471e+29,0.000000
7,4,-2,1.0544321e+29,0.000000
6,-2,10,1.0544086e+29,0.000000
9,-4,-7,1.0534923e+29,0.000000
7,1,-8,1.0510286e+29,0.000000
6,5,2,1.038871e+29,0.000000
6,-3,3,1.0346099e+29,0.000000
6,-1,-26,1.0324848e+29,0.000000
4,-1,33,1.0302931e+29,0.000000
10,-10,-18,1.0266813e+29,0.000000
4,0,38,1.0174866e+29,0.000000
4,0,-38,1.0174866e+29,0.000000
2,1,-37,1.0131886e+29,0.000000
6,5,-9,1.0117828e+29,0.000000
7,3,-13,1.0093791e+29,0.000000
9,-8,-40,1.0072513e+29,0.000000
10,-7,-19,1.0026027e+29,0.000000
3,1,-39,1.0022718e+29,0.000000
3,0,43,9.9752769e+28,0.000000
3,0,-43,9.9752769e+28,0.000000
9,-9,-36,9.9575421e+28,0.000000
5,0,30,9.942678e+28,0.000000
5,0,-30,9.942678e+28,0.000000
4,1,25,9.9278234e+28,0.000000
6,2,-26,9.8933025e+28,0.000000
10,-8,-26,9.8246788e+28,0.000000
9,-4,-9,9.8127309e+28,0.000000
7,1,-15,9.8078675e+28,0.000000
5,5,-35,9.7947329e+28,0.000000
7,4,1,9.779274e+28,0.000000
4,3,-43,9.7120524e+28,0.000000
3,3,9,9.6655551e+28,0.000000
7,-1,6,9.6293384e+28,0.000000
5,4,-37,9.5813804e+28,0.000000
3,3,-48,9.5377531e+28,0.000000
3,-1,-55,9.5264931e+28,0.000000
7,1,-11,9.4973329e+28,0.000000
8,-3,-15,9.4973067e+28,0.000000
6,1,-21,9.4007254e+28,0.000000
5,-3,18,9.3971937e+28,0.000000
6,5,-10,9.3737212e+28,0.000000
2,2,17,9.3038814e+28,0.000000
9,-8,-41,9.2408172e+28,0.000000
7,2,-4,9.2013864e+28,0.000000
7,-3,-39,9.1557889e+28,0.000000
6,-4,-53,9.1316447e+28,0.000000
4,-4,19,9.0587682e+28,0.000000
2,-2,43,9.0571007e+28,0.000000
9,-5,-28,9.0329865e+28,0.000000
6,-3,-50,9.0184412e+28,0.000000
7,4,-3,8.987688e+28,0.000000
5,-2,-42,8.9724139e+28,0.000000
5,1,-29,8.9407191e+28,0.000000
9,-6,-34,8.9273209e+28,0.000000
7,-1,5,8.9194665e+28,0.000000
9,-9,-37,8.9151853e+28,0.000000
6,3,-13,8.8779664e+28,0.000000
8,-6,-53,8.7791964e+28,0.000000
5,1,23,8.7777916e+28,0.000000
9,-7,-47,8.769391e+28,0.000000
10,-6,-11,8.7683334e+28,0.000000
4,2,16,8.7528666e+28,0.000000
4,1,-35,8.7254482e+28,0.000000
6,5,-11,8.6798748e+28,0.000000
6,-1,16,8.6701397e+28,0.000000
5,3,-30,8.6464532e+28,0.000000
9,-4,-10,8.6292421e+28,0.000000
8,-2,-1,8.6137925e+28,0.000000
8,-5,-35,8.604315e+28,0.000000
9,-9,-3,8.6039911e+28,0.000000
6,-2,-35,8.5197773e+28,0.000000
3,2,12,8.5020189e+28,0.000000
9,-8,-42,8.4908607e+28,0.000000
5,-3,4,8.4766849e+28,0.000000
7,1,-16,8.4346163e+28,0.000000
5,2,-31,8.4199234e+28,0.000000
7,-4,-49,8.417759e+28,0.000000
7,5,2,8.3964208e+28,0.000000
7,4,-1,8.3829123e+28,0.000000
2,0,46,8.3749958e+28,0.000000
2,0,-46,8.3749958e+28,0.000000
6,3,-18,8.3607057e+28,0.000000
9,-8,-2,8.3488316e+28,0.000000
6,-1,7,8.3122113e+28,0.000000
10,-8,-27,8.3034449e+28,0.000000
3,-2,31,8.2817048e+28,0.000000
6,3,-19,8.246154e+28,0.000000
6,3,-17,8.1757391e+28,0.000000
7,1,-10,8.145027e+28,0.000000
3,-3,32,8.1435909e+28,0.000000
6,5,0,8.1289296e+28,0.000000
6,5,-12,8.0504943e+28,0.000000
4,-2,26,8.0341584e+28,0.000000
6,-2,6,8.001472e+28,0.000000
9,-9,-38,7.9940973e+28,0.000000
6,-2,11,7.9674786e+28,0.000000
10,-7,-20,7.8889262e+28,0.000000
10,-10,-14,7.8750392e+28,0.000000
10,-9,-19,7.8688823e+28,0.000000
5,5,-36,7.8631742e+28,0.000000
6,3,-20,7.8424754e+28,0.000000
7,-1,7,7.8423921e+28,0.000000
7,1,-9,7.8281061e+28,0.000000
7,-1,-23,7.8114568e+28,0.000000
9,-8,-43,7.8067383e+28,0.000000
6,3,-16,7.7801127e+28,0.000000
7,-5,-53,7.7788346e+28,0.000000
6,-1,6,7.7699498e+28,0.000000
6,5,-1,7.7058018e+28,0.000000
2,-2,44,7.6892229e+28,0.000000
4,4,-45,7.6746025e+28,0.000000
6,3,-14,7.5474991e+28,0.000000
5,-1,30,7.5442485e+28,0.000000
3,1,-40,7.509626e+28,0.000000
6,5,-13,7.4949109e+28,0.000000
9,-4,-11,7.473963e+28,0.000000
9,-5,-29,7.4512819e+28,0.000000
4,-1,-51,7.4460753e+28,0.000000
6,-4,-54,7.4303748e+28,0.000000
6,3,-15,7.4184049e+28,0.000000
6,4,-22,7.4183488e+28,0.000000
2,-1,43,7.4150426e+28,0.000000
3,1,31,7.3489977e+28,0.000000
7,3,-14,7.3398176e+28,0.000000
5,-3,-55,7.335379e+28,0.000000
3,-1,40,7.308401e+28,0.000000
2,2,-49,7.2985207e+28,0.000000
5,4,-38,7.2486726e+28,0.000000
10,-10,-19,7.2253443e+28,0.000000
4,2,-36,7.2235745e+28,0.000000
6,3,-21,7.212356e+28,0.000000
9,-8,-1,7.2103247e+28,0.000000
9,-9,-39,7.1844421e+28,0.000000
9,-8,-44,7.1756303e+28,0.000000
7,4,-4,7.150882e+28,0.000000
10,-9,-7,7.1400135e+28,0.000000
6,2,-27,7.0943791e+28,0.000000
10,-8,-28,7.0825265e+28,0.000000
4,-3,23,7.0283768e+28,0.000000
5,0,31,7.0251723e+28,0.000000
5,0,-31,7.0251723e+28,0.000000
9,-7,-48,7.0181617e+28,0.000000
6,5,-14,7.0141207e+28,0.000000
4,1,-36,6.9252555e+28,0.000000
7,1,-17,6.9231581e+28,0.000000
9,-6,-35,6.9200504e+28,0.000000
7,-3,-40,6.8606919e+28,0.000000
10,-6,-8,6.8277247e+28,0.000000
7,5,-3,6.8057027e+28,0.000000
3,2,-45,6.7918512e+28,0.000000
4,3,-44,6.7446494e+28,0.000000
6,-1,17,6.7376142e+28,0.000000
8,-3,-16,6.6895252e+28,0.000000
7,5,-2,6.6198289e+28,0.000000
2,-2,45,6.6193988e+28,0.000000
6,5,-15,6.6004915e+28,0.000000
9,-8,-45,6.5876398e+28,0.000000
4,0,39,6.5535826e+28,0.000000
4,0,-39,6.5535826e+28,0.000000
8,-6,-54,6.5339131e+28,0.000000
5,-3,19,6.508251e+28,0.000000
9,-9,-40,6.478073e+28,0.000000
10,-6,-12,6.4732429e+28,0.000000
7,2,-5,6.4686758e+28,0.000000
9,-4,-12,6.4576652e+28,0.000000
6,3,-22,6.4369269e+28,0.000000
3,3,-49,6.4025851e+28,0.000000
9,-4,-3,6.3837055e+28,0.000000
5,3,-31,6.3672831e+28,0.000000
7,-4,-50,6.3223618e+28,0.000000
10,-7,-21,6.3143583e+28,0.000000
5,5,-37,6.2748156e+28,0.000000
3,0,44,6.2694193e+28,0.000000
3,0,-44,6.2694193e+28,0.000000
6,5,-16,6.2399406e+28,0.000000
8,-3,1,6.2360207e+28,0.000000
5,-1,-34,6.2330976e+28,0.000000
8,-4,-32,6.2149102e+28,0.000000
7,5,-4,6.1902902e+28,0.000000
10,-8,-29,6.0916823e+28,0.000000
3,-2,32,6.0909085e+28,0.000000
10,-10,-9,6.0414357e+28,0.000000
9,-8,-46,6.0355152e+28,0.000000
4,-1,34,6.0343515e+28,0.000000
9,-5,-30,6.0237748e+28,0.000000
2,1,31,6.0198087e+28,0.000000
6,0,20,6.0152919e+28,0.000000
6,0,-20,6.0152919e+28,0.000000
6,-4,-55,6.0089917e+28,0.000000
6,-3,-51,6.0008248e+28,0.000000
4,1,26,5.993337e+28,0.000000
8,-7,4,5.9534983e+28,0.000000
5,-2,17,5.9419255e+28,0.000000
6,5,-17,5.9152862e+28,0.000000
9,-9,-41,5.8667228e+28,0.000000
2,-2,46,5.7488206e+28,0.000000
6,5,1,5.7387408e+28,0.000000
6,1,-22,5.7246491e+28,0.000000
7,4,-5,5.7115182e+28,0.000000
6,-2,12,5.7061033e+28,0.000000
9,-4,-6,5.6900578e+28,0.000000
10,-9,-20,5.6405741e+28,0.000000
6,5,-18,5.6095633e+28,0.000000
6,3,-23,5.5945815e+28,0.000000
9,-4,-13,5.5944113e+28,0.000000
9,-7,-49,5.5938512e+28,0.000000
5,1,24,5.5599302e+28,0.000000
4,4,-46,5.5526818e+28,0.000000
6,-2,-36,5.5500576e+28,0.000000
3,1,-41,5.5291363e+28,0.000000
9,-8,-47,5.5142853e+28,0.000000
7,5,-5,5.4765799e+28,0.000000
5,4,-39,5.4640438e+28,0.000000
7,1,-18,5.4601172e+28,0.000000
7,-1,8,5.4370415e+28,0.000000
4,1,-37,5.4105252e+28,0.000000
7,5,0,5.3693988e+28,0.000000
6,-1,-27,5.3584238e+28,0.000000
7,-5,-54,5.3447751e+28,0.000000
9,-9,-42,5.3411832e+28,0.000000
6,5,-19,5.3085323e+28,0.000000
9,-6,-36,5.3081777e+28,0.000000
5,2,-32,5.3007906e+28,0.000000
2,0,47,5.2918039e+28,0.000000
2,0,-47,5.2918039e+28,0.000000
10,-8,-30,5.2800238e+28,0.000000
7,-1,-24,5.2507805e+28,0.000000
7,2,-1,5.2414254e+28,0.000000
4,-1,-52,5.2101474e+28,0.000000
10,-7,-22,5.1329595e+28,0.000000
7,-3,-41,5.1001971e+28,0.000000
7,3,-15,5.0983949e+28,0.000000
6,-1,18,5.0972475e+28,0.000000
3,3,10,5.0917996e+28,0.000000
10,-10,-20,5.0425158e+28,0.000000
6,2,-28,5.0218624e+28,0.000000
9,-8,-48,5.0208444e+28,0.000000
2,-2,47,5.015743e+28,0.000000
6,5,-20,5.0020922e+28,0.000000
5,5,-38,4.9793333e+28,0.000000
10,-6,-13,4.9517476e+28,0.000000
7,5,-1,4.9509502e+28,0.000000
8,-5,-36,4.9356196e+28,0.000000
5,0,32,4.9288693e+28,0.000000
5,0,-32,4.9288693e+28,0.000000
9,-9,-43,4.8911938e+28,0.000000
8,-6,-55,4.8627357e+28,0.000000
9,-4,-14,4.8607544e+28,0.000000
9,-4,-5,4.8562921e+28,0.000000
7,5,-6,4.8154644e+28,0.000000
6,4,-23,4.8048885e+28,0.000000
8,-2,-6,4.7867922e+28,0.000000
9,-5,-31,4.7767532e+28,0.000000
6,3,-24,4.7499704e+28,0.000000
7,-4,-51,4.7358333e+28,0.000000
4,-4,20,4.7312479e+28,0.000000
3,-3,33,4.7023135e+28,0.000000
6,5,-21,4.6846696e+28,0.000000
4,3,-45,4.6751853e+28,0.000000
2,2,-50,4.6528139e+28,0.000000
6,-6,6,4.6426203e+28,0.000000
8,-2,-7,4.6414172e+28,0.000000
7,4,-6,4.6304513e+28,0.000000
5,3,-32,4.6284746e+28,0.000000
10,-8,-31,4.6094764e+28,0.000000
5,-1,31,4.6051747e+28,0.000000
4,2,17,4.5682278e+28,0.000000
9,-8,-49,4.5535227e+28,0.000000
3,2,13,4.5457795e+28,0.000000
8,-3,-17,4.544115e+28,0.000000
9,-9,-44,4.5057701e+28,0.000000
7,5,1,4.5032331e+28,0.000000
9,-9,-2,4.4659444e+28,0.000000
7,2,-6,4.4607197e+28,0.000000
8,-2,-5,4.4470195e+28,0.000000
9,-7,-50,4.441689e+28,0.000000
5,-2,-43,4.4320934e+28,0.000000
5,-3,20,4.4295342e+28,0.000000
3,-2,33,4.4112777e+28,0.000000
5,1,-30,4.3841964e+28,0.000000
2,-2,48,4.3823884e+28,0.000000
6,5,-22,4.3548408e+28,0.000000
2,-1,44,4.3324625e+28,0.000000
4,-3,24,4.3071039e+28,0.000000
3,3,-50,4.2851613e+28,0.000000
3,2,-46,4.256391e+28,0.000000
10,-6,-1,4.2551695e+28,0.000000
10,-7,-23,4.2301719e+28,0.000000
7,5,-7,4.2275898e+28,0.000000
9,-4,-15,4.2241659e+28,0.000000
8,-2,-8,4.215637e+28,0.000000
4,0,40,4.1995274e+28,0.000000
4,0,-40,4.1995274e+28,0.000000
9,-9,-45,4.173744e+28,0.000000
4,1,-38,4.171791e+28,0.000000
7,1,-19,4.1601814e+28,0.000000
10,-9,-21,4.1483179e+28,0.000000
6,-5,5,4.130229e+28,0.000000
2,2,18,4.1187164e+28,0.000000
9,-8,-50,4.1116748e+28,0.000000
5,4,-40,4.1049602e+28,0.000000
3,1,32,4.0888463e+28,0.000000
4,2,-37,4.0559375e+28,0.000000
10,-8,-32,4.0506471e+28,0.000000
9,-6,-37,4.0289148e+28,0.000000
9,-4,-4,4.0252715e+28,0.000000
6,5,-23,4.0144977e+28,0.000000
4,4,-47,4.0115289e+28,0.000000
3,1,-42,4.0069458e+28,0.000000
3,-1,41,3.9623648e+28,0.000000
6,-3,-52,3.9604316e+28,0.000000
6,3,-25,3.9501161e+28,0.000000
2,1,-38,3.9355312e+28,0.000000
5,5,-39,3.9306962e+28,0.000000
3,0,45,3.9283822e+28,0.000000
3,0,-45,3.9283822e+28,0.000000
6,-2,13,3.9195769e+28,0.000000
10,-6,-14,3.899043e+28,0.000000
9,-9,-46,3.8843475e+28,0.000000
7,0,7,3.8555461e+28,0.000000
7,0,-7,3.8555461e+28,0.000000
2,-2,49,3.8259329e+28,0.000000
7,4,-7,3.8105775e+28,0.000000
7,-1,4,3.8003151e+28,0.000000
10,-7,-2,3.7685322e+28,0.000000
6,-1,19,3.7678927e+28,0.000000
7,-3,-42,3.7656575e+28,0.000000
7,0,6,3.7580476e+28,0.000000
7,0,-6,3.7580476e+28,0.000000
7,5,-8,3.7220891e+28,0.000000
9,-5,-32,3.7188764e+28,0.000000
9,-8,-51,3.6953104e+28,0.000000
10,-9,-6,3.6894186e+28,0.000000
7,-5,-55,3.6697474e+28,0.000000
6,5,-24,3.6678288e+28,0.000000
9,-4,-16,3.6559585e+28,0.000000
9,-9,-1,3.6418593e+28,0.000000
9,-9,-47,3.6277249e+28,0.000000
8,-2,-9,3.6251873e+28,0.000000
4,-1,-53,3.6175152e+28,0.000000
4,1,27,3.6018195e+28,0.000000
6,-2,-37,3.5912568e+28,0.000000
7,0,8,3.585192e+28,0.000000
7,0,-8,3.585192e+28,0.000000
10,-8,-33,3.5803175e+28,0.000000
10,-10,-21,3.5709246e+28,0.000000
7,-4,-52,3.5401e+28,0.000000
10,-7,-24,3.5278475e+28,0.000000
9,-7,-51,3.5144181e+28,0.000000
6,2,-29,3.513694e+28,0.000000
4,-1,35,3.5111743e+28,0.000000
8,-4,-33,3.5035391e+28,0.000000
5,1,25,3.4919625e+28,0.000000
10,-8,-2,3.4863273e+28,0.000000
7,-1,-25,3.4630313e+28,0.000000
10,-5,-3,3.4418756e+28,0.000000
2,1,32,3.4384562e+28,0.000000
5,0,33,3.4365663e+28,0.000000
5,0,-33,3.4365663e+28,0.000000
2,0,48,3.4199111e+28,0.000000
2,0,-48,3.4199111e+28,0.000000
9,-9,-48,3.3953118e+28,0.000000
6,1,-23,3.3928388e+28,0.000000
7,3,-16,3.3822745e+28,0.000000
7,-1,9,3.3433186e+28,0.000000
2,-2,50,3.332453e+28,0.000000
5,3,-33,3.3262716e+28,0.000000
6,5,-25,3.3203149e+28,0.000000
9,-8,-52,3.3047811e+28,0.000000
7,5,-9,3.3029226e+28,0.000000
5,2,-33,3.3028087e+28,0.000000
5,-2,18,3.2603146e+28,0.000000
4,3,-46,3.2341606e+28,0.000000
6,3,-26,3.2248794e+28,0.000000
8,-2,-4,3.2211825e+28,0.000000
4,1,-39,3.1811611e+28,0.000000
9,-9,-49,3.1800583e+28,0.000000
10,-8,-34,3.1799495e+28,0.000000
7,4,-8,3.171801e+28,0.000000
3,-2,34,3.1528804e+28,0.000000
4,-2,27,3.144086e+28,0.000000
7,0,5,3.1402191e+28,0.000000
7,0,-5,3.1402191e+28,0.000000
9,-4,-17,3.1362102e+28,0.000000
10,-9,-22,3.1310832e+28,0.000000
10,-6,-15,3.1264718e+28,0.000000
7,0,9,3.0946501e+28,0.000000
7,0,-9,3.0946501e+28,0.000000
5,5,-40,3.0878007e+28,0.000000
9,-4,0,3.0817257e+28,0.000000
9,-8,0,3.0770286e+28,0.000000
7,1,-20,3.0756628e+28,0.000000
5,4,-41,3.07434e+28,0.000000
6,4,-24,3.055195e+28,0.000000
10,-10,-8,3.037501e+28,0.000000
7,2,-7,3.0276099e+28,0.000000
9,-6,-38,3.0255078e+28,0.000000
8,-3,-18,2.9988146e+28,0.000000
5,-4,5,2.9937295e+28,0.000000
2,2,-51,2.9858566e+28,0.000000
6,5,-26,2.9778636e+28,0.000000
9,-9,-50,2.9765028e+28,0.000000
5,-3,21,2.9723976e+28,0.000000
10,-7,-25,2.9721324e+28,0.000000
7,5,-10,2.9645183e+28,0.000000
8,-2,-10,2.9569603e+28,0.000000
9,-8,-53,2.940532e+28,0.000000
4,4,-48,2.893876e+28,0.000000
2,-2,51,2.8933097e+28,0.000000
3,1,-43,2.8610047e+28,0.000000
3,3,-51,2.8590005e+28,0.000000
9,-5,-33,2.8448967e+28,0.000000
10,-8,-35,2.8347667e+28,0.000000
5,-1,32,2.7977107e+28,0.000000
6,6,3,2.7875219e+28,0.000000
8,-5,-37,2.7809921e+28,0.000000
9,-9,-51,2.7807185e+28,0.000000
9,-7,-52,2.771706e+28,0.000000
7,-3,-43,2.7641606e+28,0.000000
7,4,0,2.7590702e+28,0.000000
8,-8,5,2.7406316e+28,0.000000
3,3,11,2.7318562e+28,0.000000
6,-1,20,2.7297968e+28,0.000000
3,-3,34,2.7226267e+28,0.000000
10,-6,0,2.6983725e+28,0.000000
7,5,-11,2.6921227e+28,0.000000
6,-1,-28,2.6910506e+28,0.000000
4,0,41,2.6767232e+28,0.000000
4,0,-41,2.6767232e+28,0.000000
5,1,1,2.6655131e+28,0.000000
3,2,-47,2.6561379e+28,0.000000
9,-4,-18,2.6543428e+28,0.000000
7,4,-9,2.6540713e+28,0.000000
6,5,-27,2.6461374e+28,0.000000
7,-4,-53,2.6422916e+28,0.000000
5,-5,6,2.639744e+28,0.000000
4,-3,25,2.639539e+28,0.000000
10,-8,-1,2.6225404e+28,0.000000
6,5,3,2.6219085e+28,0.000000
9,-8,-54,2.6029179e+28,0.000000
6,-2,14,2.6028765e+28,0.000000
9,-9,-52,2.590166e+28,0.000000
6,3,-27,2.5896524e+28,0.000000
10,-10,-22,2.5895444e+28,0.000000
6,-3,-53,2.5876899e+28,0.000000
5,-1,-35,2.563826e+28,0.000000
10,-5,-2,2.5517673e+28,0.000000
2,-1,45,2.5481839e+28,0.000000
10,-8,-36,2.5331297e+28,0.000000
10,-6,-16,2.5272389e+28,0.000000
10,-7,-26,2.5253903e+28,0.000000
6,0,21,2.5222336e+28,0.000000
6,0,-21,2.5222336e+28,0.000000
7,0,10,2.5084148e+28,0.000000
7,0,-10,2.5084148e+28,0.000000
2,-2,52,2.5026272e+28,0.000000
4,-1,-54,2.4903664e+28,0.000000
4,-4,21,2.4778831e+28,0.000000
7,5,-12,2.4659448e+28,0.000000
10,-5,-4,2.4627343e+28,0.000000
9,-4,1,2.4555103e+28,0.000000
3,0,46,2.4553993e+28,0.000000
3,0,-46,2.4553993e+28,0.000000
5,2,6,2.4401004e+28,0.000000
6,2,-30,2.4327059e+28,0.000000
10,-9,-23,2.4209971e+28,0.000000
5,5,-41,2.4146682e+28,0.000000
9,-9,-53,2.4034835e+28,0.000000
4,1,-40,2.4029769e+28,0.000000
5,0,34,2.3827568e+28,0.000000
5,0,-34,2.3827568e+28,0.000000
5,3,-34,2.3663259e+28,0.000000
3,2,14,2.3631434e+28,0.000000
7,4,2,2.3549189e+28,0.000000
4,2,18,2.3439963e+28,0.000000
6,5,-28,2.3300914e+28,0.000000
6,-2,-38,2.3080526e+28,0.000000
5,4,-42,2.2958701e+28,0.000000
9,-8,-55,2.2920791e+28,0.000000
8,2,-1,2.2905402e+28,0.000000
8,-2,-11,2.2854722e+28,0.000000
3,1,33,2.2696566e+28,0.000000
2,0,49,2.2671354e+28,0.000000
2,0,-49,2.2671354e+28,0.000000
7,5,-13,2.2662841e+28,0.000000
10,-8,-37,2.2660464e+28,0.000000
6,1,3,2.2617176e+28,0.000000
9,-3,-2,2.2483554e+28,0.000000
9,-6,-39,2.2476864e+28,0.000000
6,6,-4,2.2448371e+28,0.000000
7,-1,-26,2.2435417e+28,0.000000
5,2,7,2.2354219e+28,0.000000
4,3,-47,2.232319e+28,0.000000
4,2,-38,2.230457e+28,0.000000
3,-2,35,2.2276911e+28,0.000000
9,-9,-54,2.2202484e+28,0.000000
7,4,-10,2.2159817e+28,0.000000
7,1,-21,2.2142144e+28,0.000000
9,-4,-19,2.2074587e+28,0.000000
6,6,-3,2.2038379e+28,0.000000
9,-7,-53,2.1794755e+28,0.000000
5,1,26,2.1770861e+28,0.000000
10,-7,-27,2.1608416e+28,0.000000
2,-2,53,2.1560561e+28,0.000000
4,1,28,2.1554778e+28,0.000000
5,2,5,2.1517251e+28,0.000000
6,6,-5,2.1461412e+28,0.000000
7,-7,6,2.1433258e+28,0.000000
3,-1,42,2.1427429e+28,0.000000
7,3,-17,2.1403749e+28,0.000000
9,-5,-34,2.1400279e+28,0.000000
4,4,-49,2.0844774e+28,0.000000
7,5,-14,2.0774841e+28,0.000000
5,-2,-44,2.0716383e+28,0.000000
5,1,-31,2.0570445e+28,0.000000
6,3,-28,2.0488413e+28,0.000000
9,-7,4,2.0429684e+28,0.000000
10,-6,-17,2.0416064e+28,0.000000
9,-9,-55,2.0407325e+28,0.000000
7,2,-8,2.037169e+28,0.000000
5,2,-34,2.0355352e+28,0.000000
6,5,-29,2.033699e+28,0.000000
4,-1,36,2.0275924e+28,0.000000
10,-8,-38,2.02674e+28,0.000000
7,-3,-44,2.0190125e+28,0.000000
6,6,-6,2.0160657e+28,0.000000
3,1,-44,2.013677e+28,0.000000
7,-6,5,2.0112589e+28,0.000000
6,6,2,1.9865605e+28,0.000000
10,-9,-5,1.9849767e+28,0.000000
5,-3,22,1.9716746e+28,0.000000
7,-4,-54,1.9701766e+28,0.000000
2,1,33,1.9653521e+28,0.000000
7,1,6,1.9620258e+28,0.000000
8,-3,-19,1.9611073e+28,0.000000
6,1,-24,1.9538719e+28,0.000000
6,-1,21,1.9433902e+28,0.000000
8,-4,-34,1.9367148e+28,0.000000
2,2,-52,1.934253e+28,0.000000
10,-10,-23,1.9279615e+28,0.000000
6,6,0,1.9246968e+28,0.000000
7,0,4,1.9239409e+28,0.000000
7,0,-4,1.9239409e+28,0.000000
7,0,11,1.9206605e+28,0.000000
7,0,-11,1.9206605e+28,0.000000
10,-9,-24,1.9123214e+28,0.000000
6,4,-25,1.9063232e+28,0.000000
3,3,-52,1.9014959e+28,0.000000
6,6,-2,1.8905831e+28,0.000000
6,6,-7,1.8901607e+28,0.000000
7,5,-15,1.8898116e+28,0.000000
5,5,-42,1.8803352e+28,0.000000
10,-7,-28,1.8590682e+28,0.000000
2,-2,54,1.8499262e+28,0.000000
7,-1,10,1.8480052e+28,0.000000
7,1,5,1.8400608e+28,0.000000
7,4,-11,1.832409e+28,0.000000
5,-4,8,1.8293929e+28,0.000000
5,2,8,1.8291807e+28,0.000000
10,-8,-39,1.8102442e+28,0.000000
4,1,-41,1.8004793e+28,0.000000
9,-4,-20,1.7977442e+28,0.000000
2,2,19,1.7898898e+28,0.000000
6,6,-8,1.7792304e+28,0.000000
6,1,11,1.7701562e+28,0.000000
6,5,-30,1.759837e+28,0.000000
5,-2,19,1.7457441e+28,0.000000
6,1,10,1.7266208e+28,0.000000
5,4,-43,1.7099932e+28,0.000000
9,-7,-54,1.709199e+28,0.000000
9,-6,3,1.7041314e+28,0.000000
6,1,12,1.7029782e+28,0.000000
6,1,4,1.7023208e+28,0.000000
7,5,-16,1.6994089e+28,0.000000
4,-1,-55,1.6985944e+28,0.000000
4,0,42,1.6967523e+28,0.000000
4,0,-42,1.6967523e+28,0.000000
5,-1,33,1.6911933e+28,0.000000
8,4,1,1.6860276e+28,0.000000
6,6,-9,1.6840114e+28,0.000000
6,-2,15,1.6804485e+28,0.000000
6,6,-1,1.6705363e+28,0.000000
8,-2,-12,1.6704242e+28,0.000000
6,-3,-54,1.6698578e+28,0.000000
5,3,-35,1.6682534e+28,0.000000
6,2,-31,1.6681748e+28,0.000000
6,-4,9,1.6595017e+28,0.000000
9,-6,-40,1.6517962e+28,0.000000
3,2,-48,1.651544e+28,0.000000
5,-4,9,1.6494022e+28,0.000000
5,-1,-40,1.6455798e+28,0.000000
5,0,35,1.6438026e+28,0.000000
5,0,-35,1.6438026e+28,0.000000
10,-6,-18,1.6366256e+28,0.000000
5,-1,-39,1.62356e+28,0.000000
4,-3,26,1.6178615e+28,0.000000
10,-8,-40,1.6130258e+28,0.000000
6,6,1,1.6112789e+28,0.000000
10,-10,-7,1.6110021e+28,0.000000
5,-4,7,1.6080417e+28,0.000000
10,-7,-29,1.6057727e+28,0.000000
7,1,7,1.6019674e+28,0.000000
6,3,-29,1.5992817e+28,0.000000
6,6,-10,1.5989875e+28,0.000000
8,-5,-38,1.5878823e+28,0.000000
9,-5,-35,1.5839777e+28,0.000000
2,-2,55,1.5808627e+28,0.000000
3,-3,35,1.580658e+28,0.000000
5,-1,-41,1.5736164e+28,0.000000
7,-1,3,1.5665674e+28,0.000000
6,1,9,1.5642149e+28,0.000000
6,-4,8,1.563188e+28,0.000000
3,-2,36,1.5580498e+28,0.000000
7,1,-22,1.5566646e+28,0.000000
6,1,13,1.5518075e+28,0.000000
2,0,50,1.5425969e+28,0.000000
2,0,-50,1.5425969e+28,0.000000
10,-9,-25,1.5384942e+28,0.000000
4,3,-48,1.5369758e+28,0.000000
3,0,47,1.5326691e+28,0.000000
3,0,-47,1.5326691e+28,0.000000
6,6,-11,1.5164359e+28,0.000000
2,-1,46,1.513316e+28,0.000000
6,5,-31,1.5102898e+28,0.000000
7,5,-17,1.5070061e+28,0.000000
5,-1,-38,1.5044346e+28,0.000000
6,-2,5,1.5018537e+28,0.000000
7,5,3,1.5016184e+28,0.000000
4,4,-50,1.4990849e+28,0.000000
7,4,-12,1.490927e+28,0.000000
3,3,12,1.4874994e+28,0.000000
5,-1,-36,1.480666e+28,0.000000
10,-10,-24,1.473244e+28,0.000000
6,-2,-39,1.4729067e+28,0.000000
7,-3,-45,1.4686004e+28,0.000000
7,-4,-55,1.4681234e+28,0.000000
5,5,-43,1.4585417e+28,0.000000
10,-8,0,1.444581e+28,0.000000
5,-1,-42,1.4360172e+28,0.000000
10,-8,-41,1.4326395e+28,0.000000
6,6,-12,1.4302573e+28,0.000000
9,-4,-21,1.4297253e+28,0.000000
7,-1,-27,1.4289246e+28,0.000000
9,-8,1,1.4274436e+28,0.000000
7,2,-9,1.4003955e+28,0.000000
3,1,-45,1.3972858e+28,0.000000
7,0,12,1.3932528e+28,0.000000
7,0,-12,1.3932528e+28,0.000000
5,2,9,1.3931521e+28,0.000000
6,-4,10,1.3930373e+28,0.000000
10,-7,-30,1.3903393e+28,0.000000
5,-1,-37,1.3651356e+28,0.000000
6,-1,22,1.3625124e+28,0.000000
6,1,14,1.3495272e+28,0.000000
5,1,27,1.3485783e+28,0.000000
4,1,-42,1.3395282e+28,0.000000
6,6,-13,1.3380641e+28,0.000000
9,-7,-55,1.3371984e+28,0.000000
6,-1,-29,1.3271728e+28,0.000000
9,-9,1,1.3234057e+28,0.000000
8,-3,-20,1.3216875e+28,0.000000
2,1,-39,1.3180529e+28,0.000000
7,5,-18,1.3161561e+28,0.000000
6,1,8,1.3090693e+28,0.000000
5,-4,10,1.301697e+28,0.000000
4,-4,22,1.3012228e+28,0.000000
5,-3,23,1.2955079e+28,0.000000
10,-6,-19,1.2945595e+28,0.000000
7,3,-18,1.2891067e+28,0.000000
6,5,-32,1.2858383e+28,0.000000
4,1,29,1.2846829e+28,0.000000
5,4,-44,1.2705354e+28,0.000000
2,2,-53,1.2687946e+28,0.000000
10,-8,-42,1.2674268e+28,0.000000
9,-3,0,1.2670907e+28,0.000000
6,2,8,1.2664707e+28,0.000000
5,-1,-43,1.2630927e+28,0.000000
3,3,-53,1.2610219e+28,0.000000
10,-9,-26,1.2573497e+28,0.000000
3,1,34,1.2564335e+28,0.000000
6,6,-14,1.2412605e+28,0.000000
5,2,-35,1.2398174e+28,0.000000
6,3,-30,1.2331541e+28,0.000000
10,-7,-31,1.2048794e+28,0.000000
9,-6,-41,1.2006392e+28,0.000000
4,2,-39,1.1952218e+28,0.000000
10,-6,1,1.1947521e+28,0.000000
3,2,15,1.1923989e+28,0.000000
7,-2,-2,1.1906169e+28,0.000000
7,4,-13,1.1874827e+28,0.000000
4,2,19,1.1815581e+28,0.000000
8,4,-1,1.1750218e+28,0.000000
6,2,9,1.1695233e+28,0.000000
5,3,-36,1.1665942e+28,0.000000
6,4,-26,1.1663748e+28,0.000000
4,-1,37,1.1606236e+28,0.000000
6,2,7,1.1585372e+28,0.000000
3,-1,43,1.1577689e+28,0.000000
9,-5,-36,1.15423e+28,0.000000
10,-10,-25,1.1532352e+28,0.000000
8,-2,-13,1.1514592e+28,0.000000
10,-7,0,1.1473609e+28,0.000000
6,6,-15,1.143782e+28,0.000000
4,-2,28,1.1403944e+28,0.000000
6,2,-32,1.1338418e+28,0.000000
7,5,-19,1.1315608e+28,0.000000
9,-3,-3,1.1294242e+28,0.000000
5,0,36,1.1288169e+28,0.000000
5,0,-36,1.1288169e+28,0.000000
5,5,-44,1.1273005e+28,0.000000
6,1,15,1.1268904e+28,0.000000
2,1,34,1.1240255e+28,0.000000
7,1,8,1.1209041e+28,0.000000
6,0,22,1.1198473e+28,0.000000
6,0,-22,1.1198473e+28,0.000000
8,-2,0,1.1193031e+28,0.000000
10,-8,-43,1.1162623e+28,0.000000
9,-4,-22,1.1078773e+28,0.000000
6,1,-25,1.09091e+28,0.000000
5,2,4,1.0908496e+28,0.000000
6,5,-33,1.0863987e+28,0.000000
8,2,-7,1.0810763e+28,0.000000
3,-2,37,1.0797491e+28,0.000000
5,-1,-44,1.0789789e+28,0.000000
4,4,-51,1.0762424e+28,0.000000
2,0,51,1.0750083e+28,0.000000
2,0,-51,1.0750083e+28,0.000000
8,-4,-35,1.0741691e+28,0.000000
7,1,-23,1.0711618e+28,0.000000
4,0,43,1.0696498e+28,0.000000
4,0,-43,1.0696498e+28,0.000000
7,-3,-46,1.0644876e+28,0.000000
9,-9,0,1.0636282e+28,0.000000
6,1,5,1.0631081e+28,0.000000
6,-3,-55,1.0610478e+28,0.000000
6,-2,16,1.059206e+28,0.000000
4,3,-49,1.0552452e+28,0.000000
6,6,-16,1.0504024e+28,0.000000
7,2,-10,1.044186e+28,0.000000
10,-7,-32,1.0435607e+28,0.000000
10,-9,-27,1.0418388e+28,0.000000
6,-4,11,1.0417116e+28,0.000000
8,2,-8,1.0385296e+28,0.000000
6,1,7,1.03813e+28,0.000000
7,2,-16,1.035365e+28,0.000000
7,2,-15,1.0332292e+28,0.000000
3,2,-49,1.0247195e+28,0.000000
8,-2,-2,1.0218382e+28,0.000000
8,2,-6,1.0209656e+28,0.000000
5,-1,34,1.0168818e+28,0.000000
5,2,10,1.0074802e+28,0.000000
10,-6,-20,1.0060744e+28,0.000000
7,2,-17,9.9594652e+27,0.000000
7,2,-14,9.9227606e+27,0.000000
4,-3,27,9.9187983e+27,0.000000
4,1,-43,9.9034249e+27,0.000000
8,-5,-39,9.7888966e+27,0.000000
10,-8,-44,9.7835274e+27,0.000000
10,-7,-1,9.7723334e+27,0.000000
6,2,10,9.7655288e+27,0.000000
10,-6,2,9.7576915e+27,0.000000
8,-3,-21,9.6965969e+27,0.000000
6,6,-17,9.6529194e+27,0.000000
8,4,-2,9.6099005e+27,0.000000
7,0,13,9.5844764e+27,0.000000
7,0,-13,9.5844764e+27,0.000000
7,5,-20,9.5779864e+27,0.000000
3,0,48,9.5736006e+27,0.000000
3,0,-48,9.5736006e+27,0.000000
10,-5,-5,9.5658114e+27,0.000000
3,1,-46,9.5579798e+27,0.000000
9,-8,3,9.529628e+27,0.000000
5,-4,11,9.4455568e+27,0.000000
6,-1,23,9.4248447e+27,0.000000
5,4,-45,9.4191514e+27,0.000000
6,3,-31,9.4024645e+27,0.000000
10,-9,-4,9.3629641e+27,0.000000
6,-2,-40,9.3284418e+27,0.000000
7,2,-13,9.2941815e+27,0.000000
8,2,-2,9.2789719e+27,0.000000
7,4,-14,9.2224013e+27,0.000000
10,-10,-26,9.2186545e+27,0.000000
7,2,-18,9.2143739e+27,0.000000
8,2,-9,9.2055067e+27,0.000000
7,-1,11,9.2038645e+27,0.000000
3,-3,36,9.202341e+27,0.000000
5,-2,-45,9.1770832e+27,0.000000
5,1,-32,9.1363488e+27,0.000000
2,-1,47,9.1195437e+27,0.000000
6,5,-34,9.1118773e+27,0.000000
5,-2,20,9.1097252e+27,0.000000
6,1,16,9.0805275e+27,0.000000
10,-7,-33,9.0210416e+27,0.000000
10,-10,-6,9.0164477e+27,0.000000
5,-1,-45,9.0008684e+27,0.000000
7,2,-11,8.9519268e+27,0.000000
7,-1,-28,8.9514822e+27,0.000000
6,6,-18,8.9115158e+27,0.000000
6,1,6,8.9113002e+27,0.000000
7,2,-12,8.7938585e+27,0.000000
8,-4,3,8.7847621e+27,0.000000
7,3,2,8.7749618e+27,0.000000
5,-4,6,8.7731539e+27,0.000000
10,-9,-28,8.7420025e+27,0.000000
5,5,-45,8.6841085e+27,0.000000
9,-6,-42,8.6308612e+27,0.000000
10,-5,-1,8.5707358e+27,0.000000
10,-8,-45,8.5308409e+27,0.000000
7,1,4,8.4718604e+27,0.000000
2,2,-54,8.4530286e+27,0.000000
5,-3,24,8.4456374e+27,0.000000
8,2,-5,8.4374175e+27,0.000000
9,-4,-23,8.3492111e+27,0.000000
3,3,-54,8.3443153e+27,0.000000
5,1,28,8.3055562e+27,0.000000
6,6,-19,8.2894198e+27,0.000000
9,-5,-37,8.2842114e+27,0.000000
7,2,-19,8.2274519e+27,0.000000
3,3,13,8.188277e+27,0.000000
5,3,-37,8.0980744e+27,0.000000
8,-3,-22,8.0531108e+27,0.000000
7,0,2,8.0506353e+27,0.000000
7,0,-2,8.0506353e+27,0.000000
7,5,-21,7.9853874e+27,0.000000
6,6,-20,7.7805953e+27,0.000000
10,-7,-34,7.7738841e+27,0.000000
9,-5,3,7.7388855e+27,0.000000
5,0,37,7.7187103e+27,0.000000
5,0,-37,7.7187103e+27,0.000000
4,4,-52,7.7120307e+27,0.000000
7,-3,-47,7.6927001e+27,0.000000
10,-6,-21,7.6623208e+27,0.000000
6,2,-33,7.643543e+27,0.000000
2,0,52,7.6374097e+27,0.000000
2,0,-52,7.6374097e+27,0.000000
7,-2,0,7.6327305e+27,0.000000
4,1,30,7.6256288e+27,0.000000
6,2,11,7.6147912e+27,0.000000
2,2,20,7.6145478e+27,0.000000
8,2,-10,7.5915715e+27,0.000000
6,5,-35,7.5889201e+27,0.000000
6,2,6,7.5161808e+27,0.000000
10,-10,-27,7.4964703e+27,0.000000
8,-3,-23,7.4812768e+27,0.000000
8,-2,-14,7.4652317e+27,0.000000
5,2,-36,7.4543572e+27,0.000000
9,-8,2,7.4412827e+27,0.000000
10,-9,-29,7.4233795e+27,0.000000
8,-3,-25,7.4221293e+27,0.000000
3,-2,38,7.4200302e+27,0.000000
10,-8,-46,7.3991404e+27,0.000000
8,-3,-24,7.3965348e+27,0.000000
6,6,-21,7.3676169e+27,0.000000
7,3,-19,7.3669178e+27,0.000000
5,-1,-46,7.3615704e+27,0.000000
8,-3,-26,7.351391e+27,0.000000
6,-4,7,7.3290226e+27,0.000000
4,1,-44,7.2801459e+27,0.000000
6,-4,12,7.2782539e+27,0.000000
7,1,-24,7.2273712e+27,0.000000
4,3,-50,7.2219017e+27,0.000000
7,2,-20,7.1157603e+27,0.000000
8,-3,-27,7.1008957e+27,0.000000
6,3,-32,7.0957352e+27,0.000000
6,1,17,7.0910892e+27,0.000000
8,-5,-40,7.0464667e+27,0.000000
6,6,-22,7.0266943e+27,0.000000
5,2,11,6.9912565e+27,0.000000
7,1,9,6.9901511e+27,0.000000
6,4,-27,6.9900779e+27,0.000000
5,4,-46,6.9686593e+27,0.000000
7,4,-15,6.9634874e+27,0.000000
3,1,35,6.9336856e+27,0.000000
6,6,4,6.8832665e+27,0.000000
4,-4,23,6.8505262e+27,0.000000
9,-3,-8,6.7679589e+27,0.000000
6,6,-23,6.7322869e+27,0.000000
6,-1,-30,6.717551e+27,0.000000
4,0,44,6.7083858e+27,0.000000
4,0,-44,6.7083858e+27,0.000000
10,-7,-35,6.6713315e+27,0.000000
5,5,-46,6.6695836e+27,0.000000
8,-3,-28,6.6658459e+27,0.000000
9,-3,-7,6.6555111e+27,0.000000
9,-3,-9,6.6428169e+27,0.000000
7,-1,0,6.6005688e+27,0.000000
4,-1,38,6.576415e+27,0.000000
7,5,-22,6.5618928e+27,0.000000
6,-2,17,6.5392216e+27,0.000000
6,0,23,6.5184973e+27,0.000000
6,0,-23,6.5184973e+27,0.000000
5,-4,12,6.4762772e+27,0.000000
6,6,-24,6.4606822e+27,0.000000
3,1,-47,6.4444175e+27,0.000000
9,-3,-10,6.44263e+27,0.000000
6,-1,24,6.4421965e+27,0.000000
2,1,35,6.4319119e+27,0.000000
9,-9,3,6.3978543e+27,0.000000
10,-8,-47,6.3830207e+27,0.000000
10,-9,-30,6.3763438e+27,0.000000
3,2,-50,6.362414e+27,0.000000
5,-5,7,6.3126299e+27,0.000000
6,5,-36,6.2782893e+27,0.000000
3,-1,44,6.2685391e+27,0.000000
8,-4,-36,6.2659554e+27,0.000000
7,0,14,6.2499843e+27,0.000000
7,0,-14,6.2499843e+27,0.000000
9,-3,-11,6.2283368e+27,0.000000
7,-2,-1,6.210352e+27,0.000000
4,2,-40,6.1991998e+27,0.000000
6,6,-25,6.1923357e+27,0.000000
10,-10,-28,6.1781857e+27,0.000000
9,-6,-43,6.1352822e+27,0.000000
9,-4,-24,6.1096939e+27,0.000000
8,4,-3,6.1026541e+27,0.000000
8,-3,-29,6.0838666e+27,0.000000
4,-3,28,6.0826614e+27,0.000000
5,-1,35,6.0788813e+27,0.000000
8,-5,-41,6.0665486e+27,0.000000
9,-3,-6,6.0660274e+27,0.000000
8,-5,-44,6.0336667e+27,0.000000
3,0,49,6.0038807e+27,0.000000
3,0,-49,6.0038807e+27,0.000000
9,-3,-12,5.9905776e+27,0.000000
7,2,-21,5.98161e+27,0.000000
8,-5,-43,5.9711928e+27,0.000000
8,-5,-45,5.9601635e+27,0.000000
5,-1,-47,5.9195419e+27,0.000000
6,6,-26,5.913048e+27,0.000000
6,1,-26,5.8907123e+27,0.000000
8,-5,-42,5.8894247e+27,0.000000
9,-5,-38,5.8586992e+27,0.000000
6,-2,-41,5.8585783e+27,0.000000
8,2,-11,5.8488017e+27,0.000000
4,2,20,5.8454609e+27,0.000000
3,2,16,5.8280734e+27,0.000000
8,2,-4,5.7360406e+27,0.000000
2,2,-55,5.733594e+27,0.000000
8,-5,-46,5.7256016e+27,0.000000
10,-6,-22,5.7199811e+27,0.000000
7,-2,-4,5.7152335e+27,0.000000
10,-7,-36,5.6964737e+27,0.000000
9,-3,-13,5.6921037e+27,0.000000
6,2,12,5.6416023e+27,0.000000
2,-1,48,5.6213227e+27,0.000000
6,6,-27,5.6141938e+27,0.000000
5,3,-38,5.5836653e+27,0.000000
7,-3,-48,5.5447764e+27,0.000000
10,-9,-31,5.5368444e+27,0.000000
3,3,-55,5.5166707e+27,0.000000
7,-1,-29,5.5164131e+27,0.000000
4,4,-53,5.5143949e+27,0.000000
2,0,53,5.4967217e+27,0.000000
2,0,-53,5.4967217e+27,0.000000
10,-8,-48,5.4766991e+27,0.000000
5,-3,25,5.4699755e+27,0.000000
6,0,24,5.4470124e+27,0.000000
6,0,-24,5.4470124e+27,0.000000
8,-3,-30,5.4090987e+27,0.000000
6,0,25,5.397484e+27,0.000000
6,0,-25,5.397484e+27,0.000000
6,1,18,5.3863112e+27,0.000000
3,-3,37,5.3736839e+27,0.000000
6,2,4,5.3721769e+27,0.000000
6,0,26,5.369339e+27,0.000000
6,0,-26,5.369339e+27,0.000000
4,3,4,5.3550162e+27,0.000000
8,-5,-47,5.351446e+27,0.000000
4,1,-45,5.3233229e+27,0.000000
7,5,-23,5.3186632e+27,0.000000
6,3,-33,5.3044109e+27,0.000000
9,-3,-14,5.3003718e+27,0.000000
6,6,-28,5.2922714e+27,0.000000
5,0,38,5.2566971e+27,0.000000
5,0,-38,5.2566971e+27,0.000000
10,-8,1,5.2119653e+27,0.000000
6,5,-37,5.1608965e+27,0.000000
5,4,-47,5.1460058e+27,0.000000
10,-10,-29,5.1457135e+27,0.000000
6,2,-34,5.1131063e+27,0.000000
5,5,-47,5.1083337e+27,0.000000
7,4,-16,5.0996436e+27,0.000000
6,0,27,5.0907589e+27,0.000000
6,0,-27,5.0907589e+27,0.000000
10,-5,-10,5.0883984e+27,0.000000
5,1,29,5.0882449e+27,0.000000
3,-2,39,5.0591205e+27,0.000000
10,-4,-4,5.027397e+27,0.000000
6,6,-29,4.9480314e+27,0.000000
10,-10,-5,4.9293981e+27,0.000000
4,3,-51,4.92468e+27,0.000000
7,0,3,4.9021385e+27,0.000000
7,0,-3,4.9021385e+27,0.000000
7,2,-22,4.9019625e+27,0.000000
8,-5,-48,4.8780787e+27,0.000000
5,-2,3,4.8691602e+27,0.000000
6,-4,13,4.8647157e+27,0.000000
10,-5,-9,4.8611797e+27,0.000000
10,-9,-32,4.8558909e+27,0.000000
10,-7,-37,4.8363448e+27,0.000000
10,-5,-11,4.8235061e+27,0.000000
9,-3,-15,4.8047677e+27,0.000000
7,1,-25,4.7881579e+27,0.000000
10,-4,-3,4.7474572e+27,0.000000
9,-3,-1,4.7121356e+27,0.000000
8,-3,-31,4.6958808e+27,0.000000
5,-1,-48,4.6890041e+27,0.000000
5,2,12,4.6828192e+27,0.000000
10,-8,-49,4.6738518e+27,0.000000
5,-2,21,4.6225104e+27,0.000000
6,6,-30,4.5854067e+27,0.000000
6,0,28,4.5793405e+27,0.000000
6,0,-28,4.5793405e+27,0.000000
8,-2,-15,4.5462362e+27,0.000000
3,3,14,4.5409175e+27,0.000000
9,-3,-5,4.5322448e+27,0.000000
4,1,31,4.5072724e+27,0.000000
5,2,-37,4.4171151e+27,0.000000
7,-2,-5,4.3644415e+27,0.000000
6,-1,25,4.3569393e+27,0.000000
8,-5,-49,4.3489732e+27,0.000000
9,-4,-25,4.3346782e+27,0.000000
10,-5,-12,4.3287053e+27,0.000000
10,-10,-30,4.3248236e+27,0.000000
8,2,0,4.3242797e+27,0.000000
9,-6,-44,4.3124056e+27,0.000000
8,3,0,4.310327e+27,0.000000
10,-9,-33,4.2956383e+27,0.000000
3,1,-48,4.2837853e+27,0.000000
5,-4,13,4.2653123e+27,0.000000
10,-8,3,4.2578642e+27,0.000000
7,5,-24,4.2555981e+27,0.000000
9,-3,-16,4.2199942e+27,0.000000
8,2,-12,4.2169293e+27,0.000000
6,5,-38,4.2165972e+27,0.000000
6,6,-31,4.2104128e+27,0.000000
10,-6,-23,4.2053792e+27,0.000000
10,-8,2,4.1921206e+27,0.000000
4,0,45,4.1895119e+27,0.000000
4,0,-45,4.1895119e+27,0.000000
7,-1,12,4.1634053e+27,0.000000
8,4,0,4.1492173e+27,0.000000
8,-4,-37,4.1083903e+27,0.000000
6,4,-28,4.0968479e+27,0.000000
5,-2,-46,4.0874803e+27,0.000000
9,-5,-39,4.0842314e+27,0.000000
10,-7,-38,4.0804733e+27,0.000000
6,2,13,4.0116025e+27,0.000000
6,1,19,3.992693e+27,0.000000
8,-3,-32,3.9899968e+27,0.000000
7,-3,-49,3.9870618e+27,0.000000
7,3,-20,3.98596e+27,0.000000
2,0,54,3.9791327e+27,0.000000
2,0,-54,3.9791327e+27,0.000000
3,2,-51,3.9721036e+27,0.000000
10,-8,-50,3.9676081e+27,0.000000
6,-2,18,3.964223e+27,0.000000
8,4,-4,3.9505049e+27,0.000000
7,1,10,3.9398787e+27,0.000000
6,0,29,3.9357192e+27,0.000000
6,0,-29,3.9357192e+27,0.000000
4,4,-54,3.9333995e+27,0.000000
6,3,-34,3.9307502e+27,0.000000
7,2,-23,3.9265457e+27,0.000000
5,5,-48,3.9028469e+27,0.000000
8,2,-3,3.8855286e+27,0.000000
8,-2,-3,3.8736483e+27,0.000000
4,1,-46,3.8726022e+27,0.000000
7,0,15,3.8573078e+27,0.000000
7,0,-15,3.8573078e+27,0.000000
10,-5,-8,3.8317139e+27,0.000000
6,6,-32,3.8301405e+27,0.000000
10,-9,-34,3.8270667e+27,0.000000
9,-9,4,3.8259839e+27,0.000000
5,3,-39,3.8259689e+27,0.000000
4,-2,29,3.8176108e+27,0.000000
6,-1,-31,3.8156491e+27,0.000000
3,1,36,3.8129846e+27,0.000000
5,1,-33,3.8038186e+27,0.000000
8,-5,-50,3.8025625e+27,0.000000
3,0,50,3.7988711e+27,0.000000
3,0,-50,3.7988711e+27,0.000000
5,4,-48,3.7934616e+27,0.000000
10,-5,-13,3.7799019e+27,0.000000
4,-3,29,3.7311128e+27,0.000000
4,-1,39,3.6832613e+27,0.000000
2,1,36,3.6822814e+27,0.000000
10,-10,-31,3.6675472e+27,0.000000
5,-1,-49,3.6635665e+27,0.000000
6,-2,-42,3.6442859e+27,0.000000
5,4,4,3.6232628e+27,0.000000
4,-4,24,3.6149607e+27,0.000000
7,4,-17,3.6144187e+27,0.000000
5,-1,36,3.610741e+27,0.000000
2,-1,49,3.5884357e+27,0.000000
2,1,-40,3.5883507e+27,0.000000
9,-3,-17,3.5801731e+27,0.000000
5,0,39,3.5660264e+27,0.000000
5,0,-39,3.5660264e+27,0.000000
5,-3,26,3.5233139e+27,0.000000
5,-2,-53,3.4988814e+27,0.000000
5,-2,-54,3.4554287e+27,0.000000
6,6,-33,3.451909e+27,0.000000
10,-9,-35,3.4283741e+27,0.000000
6,5,-39,3.4251554e+27,0.000000
3,-2,40,3.4239355e+27,0.000000
10,-7,-39,3.4198617e+27,0.000000
3,-1,45,3.4180791e+27,0.000000
5,-2,-52,3.4075428e+27,0.000000
6,2,-35,3.3953386e+27,0.000000
8,-6,5,3.3905461e+27,0.000000
7,5,-25,3.3639349e+27,0.000000
10,-8,-51,3.3506528e+27,0.000000
4,3,-52,3.3445421e+27,0.000000
7,-1,-30,3.3436383e+27,0.000000
8,-3,-33,3.325253e+27,0.000000
7,-2,-6,3.3131811e+27,0.000000
5,-2,-55,3.3076417e+27,0.000000
8,-5,-51,3.2688795e+27,0.000000
10,-5,-14,3.2627609e+27,0.000000
6,0,30,3.2583272e+27,0.000000
6,0,-30,3.2583272e+27,0.000000
8,0,3,3.2316056e+27,0.000000
8,0,-3,3.2316056e+27,0.000000
10,-7,2,3.1747613e+27,0.000000
5,-2,-51,3.1613243e+27,0.000000
2,2,21,3.1610505e+27,0.000000
8,-4,-38,3.1569315e+27,0.000000
6,-4,14,3.1525239e+27,0.000000
3,-3,38,3.1489247e+27,0.000000
10,-10,-32,3.1406731e+27,0.000000
7,1,-26,3.1178773e+27,0.000000
5,1,30,3.1017877e+27,0.000000
4,2,-41,3.0857838e+27,0.000000
10,-9,-36,3.0836436e+27,0.000000
6,6,-34,3.082616e+27,0.000000
7,2,-24,3.0810926e+27,0.000000
10,-6,-24,3.0810046e+27,0.000000
6,1,-27,3.0711622e+27,0.000000
5,2,13,3.0376883e+27,0.000000
9,-6,-45,2.9971142e+27,0.000000
9,-4,-26,2.9771219e+27,0.000000
5,5,-49,2.9751925e+27,0.000000
7,-5,5,2.9301365e+27,0.000000
9,-3,-18,2.9286648e+27,0.000000
6,-1,26,2.9186483e+27,0.000000
6,1,20,2.8966767e+27,0.000000
6,3,-35,2.8893173e+27,0.000000
2,0,55,2.8764016e+27,0.000000
2,0,-55,2.8764016e+27,0.000000
6,-4,6,2.8683914e+27,0.000000
7,-3,-50,2.8602632e+27,0.000000
10,-7,-40,2.8463171e+27,0.000000
8,2,-13,2.8450098e+27,0.000000
4,2,21,2.8342299e+27,0.000000
5,-1,-50,2.8254632e+27,0.000000
8,0,4,2.8179275e+27,0.000000
8,0,-4,2.8179275e+27,0.000000
10,-8,-52,2.8153827e+27,0.000000
2,1,-45,2.8108719e+27,0.000000
3,1,-49,2.8105599e+27,0.000000
10,-5,-15,2.810137e+27,0.000000
9,-5,-40,2.8077442e+27,0.000000
4,1,-47,2.8029599e+27,0.000000
2,1,-46,2.7987521e+27,0.000000
4,4,-55,2.7978522e+27,0.000000
5,4,-49,2.7918631e+27,0.000000
10,-9,-37,2.7816232e+27,0.000000
10,-9,-3,2.7795643e+27,0.000000
5,-2,-50,2.7698711e+27,0.000000
8,-4,-39,2.7695141e+27,0.000000
8,-5,-52,2.7689759e+27,0.000000
6,5,-40,2.7669753e+27,0.000000
6,2,14,2.7552594e+27,0.000000
3,2,17,2.7540498e+27,0.000000
8,4,-5,2.7404037e+27,0.000000
6,6,-35,2.7282867e+27,0.000000
5,-4,14,2.7272073e+27,0.000000
8,-7,5,2.7234052e+27,0.000000
8,-3,-34,2.7233475e+27,0.000000
7,-2,-3,2.7225049e+27,0.000000
10,-10,-33,2.7188858e+27,0.000000
6,-1,-32,2.6656614e+27,0.000000
4,1,32,2.6520074e+27,0.000000
9,-9,2,2.6309953e+27,0.000000
7,5,-26,2.629046e+27,0.000000
6,0,31,2.6167535e+27,0.000000
6,0,-31,2.6167535e+27,0.000000
8,-2,-16,2.6141356e+27,0.000000
4,0,46,2.6107215e+27,0.000000
4,0,-46,2.6107215e+27,0.000000
5,3,-40,2.6060939e+27,0.000000
8,-4,-40,2.5991881e+27,0.000000
7,-2,-7,2.5875334e+27,0.000000
2,1,-47,2.5744823e+27,0.000000
5,2,-38,2.5739243e+27,0.000000
5,3,5,2.5423077e+27,0.000000
3,3,15,2.5295394e+27,0.000000
2,1,-44,2.5210151e+27,0.000000
10,-9,-38,2.5145897e+27,0.000000
3,2,-52,2.5118975e+27,0.000000
8,-4,-41,2.4760028e+27,0.000000
7,4,-18,2.473762e+27,0.000000
10,-4,-1,2.4583028e+27,0.000000
3,0,51,2.4415652e+27,0.000000
3,0,-51,2.4415652e+27,0.000000
7,1,3,2.4375357e+27,0.000000
10,-5,-16,2.4292368e+27,0.000000
2,-1,50,2.4130107e+27,0.000000
5,0,40,2.4097535e+27,0.000000
5,0,-40,2.4097535e+27,0.000000
8,0,11,2.3988124e+27,0.000000
8,0,-11,2.3988124e+27,0.000000
6,6,-36,2.393806e+27,0.000000
10,-10,-34,2.3812023e+27,0.000000
9,-8,4,2.3734664e+27,0.000000
7,2,-25,2.3728329e+27,0.000000
6,-2,19,2.3644043e+27,0.000000
10,-8,-53,2.3540864e+27,0.000000
10,-7,-41,2.3520579e+27,0.000000
6,4,-29,2.3432662e+27,0.000000
8,-4,-42,2.3303719e+27,0.000000
8,0,10,2.3158045e+27,0.000000
8,0,-10,2.3158045e+27,0.000000
8,-5,-53,2.3158001e+27,0.000000
5,-2,-49,2.3093214e+27,0.000000
9,-3,-19,2.3077422e+27,0.000000
3,-2,41,2.301118e+27,0.000000
10,-6,-25,2.2956898e+27,0.000000
4,-3,30,2.2891228e+27,0.000000
10,-9,-39,2.2773311e+27,0.000000
5,-2,22,2.2738967e+27,0.000000
5,-2,-47,2.2737317e+27,0.000000
8,0,12,2.2708476e+27,0.000000
8,0,-12,2.2708476e+27,0.000000
6,-1,-33,2.2676856e+27,0.000000
5,5,-50,2.2635164e+27,0.000000
4,3,-53,2.2611652e+27,0.000000
5,-3,27,2.258881e+27,0.000000
7,0,16,2.2481449e+27,0.000000
7,0,-16,2.2481449e+27,0.000000
6,-2,-43,2.2416363e+27,0.000000
6,2,-36,2.2386802e+27,0.000000
2,1,-48,2.2320955e+27,0.000000
8,4,2,2.2297512e+27,0.000000
6,5,-41,2.2236201e+27,0.000000
8,-3,-35,2.1955149e+27,0.000000
10,-10,-4,2.1614629e+27,0.000000
5,-1,-51,2.1517206e+27,0.000000
8,-4,-43,2.1451923e+27,0.000000
6,-1,-34,2.130992e+27,0.000000
5,-1,37,2.1295036e+27,0.000000
10,-5,-17,2.1154174e+27,0.000000
10,-10,-35,2.1094925e+27,0.000000
2,1,37,2.1091972e+27,0.000000
6,3,-36,2.1079161e+27,0.000000
3,1,37,2.0887906e+27,0.000000
6,6,-37,2.0828062e+27,0.000000
7,-3,7,2.0823747e+27,0.000000
7,-3,8,2.0819494e+27,0.000000
10,-4,-7,2.081631e+27,0.000000
7,-2,-8,2.0763067e+27,0.000000
10,-9,-40,2.0662859e+27,0.000000
6,1,21,2.062135e+27,0.000000
9,-6,-46,2.059837e+27,0.000000
5,4,-50,2.0515395e+27,0.000000
7,3,-21,2.0511118e+27,0.000000
6,0,32,2.0500335e+27,0.000000
6,0,-32,2.0500335e+27,0.000000
7,2,1,2.0481211e+27,0.000000
7,-3,-51,2.0468257e+27,0.000000
6,-1,-35,2.0395787e+27,0.000000
4,-1,40,2.0361075e+27,0.000000
7,5,-27,2.0329822e+27,0.000000
7,1,11,2.0189895e+27,0.000000
4,1,-48,2.0182387e+27,0.000000
8,4,-6,2.0059402e+27,0.000000
6,-4,15,1.9973902e+27,0.000000
8,0,13,1.9971165e+27,0.000000
8,0,-13,1.9971165e+27,0.000000
7,1,-27,1.9968396e+27,0.000000
8,0,9,1.9966239e+27,0.000000
8,0,-9,1.9966239e+27,0.000000
7,-1,-31,1.9922405e+27,0.000000
5,-2,-48,1.9895231e+27,0.000000
6,-2,2,1.9812948e+27,0.000000
9,-4,-27,1.9764928e+27,0.000000
10,-4,0,1.9731533e+27,0.000000
6,2,5,1.9630478e+27,0.000000
10,-8,-54,1.9591201e+27,0.000000
6,2,2,1.9442292e+27,0.000000
6,-1,27,1.9382801e+27,0.000000
10,-7,-42,1.9295222e+27,0.000000
8,-4,-44,1.9275186e+27,0.000000
6,-1,-36,1.9167224e+27,0.000000
8,-5,-54,1.9157066e+27,0.000000
5,2,14,1.9119853e+27,0.000000
4,-4,25,1.9115168e+27,0.000000
2,1,-43,1.9092358e+27,0.000000
9,-5,-41,1.9044583e+27,0.000000
3,-1,46,1.8941809e+27,0.000000
10,-10,-36,1.8881147e+27,0.000000
5,1,31,1.8817695e+27,0.000000
10,-9,-41,1.8788648e+27,0.000000
10,-4,-8,1.8643534e+27,0.000000
10,-5,-18,1.858868e+27,0.000000
3,-3,39,1.8531204e+27,0.000000
2,1,-49,1.8463133e+27,0.000000
6,2,15,1.8356933e+27,0.000000
3,1,-50,1.8258386e+27,0.000000
7,-1,13,1.8243479e+27,0.000000
8,-1,-3,1.8235383e+27,0.000000
10,-4,-6,1.8094592e+27,0.000000
6,6,-38,1.7976744e+27,0.000000
7,2,-26,1.7963179e+27,0.000000
8,2,-14,1.7934755e+27,0.000000
10,-6,-26,1.7865772e+27,0.000000
6,5,-42,1.7781476e+27,0.000000
5,3,-41,1.7649546e+27,0.000000
10,-5,1,1.7572965e+27,0.000000
9,-3,-20,1.7508176e+27,0.000000
6,-1,-37,1.7499826e+27,0.000000
8,-3,-36,1.7448707e+27,0.000000
2,-1,51,1.7414283e+27,0.000000
7,-2,-9,1.725281e+27,0.000000
5,5,-51,1.7190317e+27,0.000000
10,-9,-42,1.7129601e+27,0.000000
5,-4,15,1.7051818e+27,0.000000
10,-10,-37,1.7039898e+27,0.000000
8,-4,-45,1.6927125e+27,0.000000
8,0,14,1.6505697e+27,0.000000
8,0,-14,1.6505697e+27,0.000000
10,-5,-19,1.6481225e+27,0.000000
7,-3,9,1.6446348e+27,0.000000
10,-4,-9,1.6411031e+27,0.000000
7,4,-19,1.6310971e+27,0.000000
4,0,47,1.6294299e+27,0.000000
4,0,-47,1.6294299e+27,0.000000
8,-8,6,1.6275892e+27,0.000000
3,2,-53,1.6254508e+27,0.000000
10,-8,-55,1.623066e+27,0.000000
5,0,41,1.6219826e+27,0.000000
5,0,-41,1.6219826e+27,0.000000
5,-1,-52,1.6180397e+27,0.000000
3,0,52,1.6071268e+27,0.000000
3,0,-52,1.6071268e+27,0.000000
8,-5,4,1.5993225e+27,0.000000
10,-5,-6,1.5881473e+27,0.000000
6,0,33,1.5736113e+27,0.000000
6,0,-33,1.5736113e+27,0.000000
10,-7,-43,1.5713143e+27,0.000000
8,-5,-55,1.5701044e+27,0.000000
10,-9,-43,1.5666283e+27,0.000000
8,3,-1,1.5601022e+27,0.000000
7,5,-28,1.5565389e+27,0.000000
4,1,33,1.5525789e+27,0.000000
6,-1,-38,1.5518701e+27,0.000000
6,1,-28,1.549363e+27,0.000000
10,-10,-38,1.5467149e+27,0.000000
6,6,-39,1.5396479e+27,0.000000
3,-2,42,1.5365022e+27,0.000000
6,3,-37,1.5271592e+27,0.000000
4,3,-54,1.5212263e+27,0.000000
8,4,-7,1.5165295e+27,0.000000
5,4,-51,1.5052576e+27,0.000000
7,-2,-10,1.5047639e+27,0.000000
5,1,-34,1.498783e+27,0.000000
8,0,8,1.4985946e+27,0.000000
8,0,-8,1.4985946e+27,0.000000
10,-6,-27,1.4855106e+27,0.000000
10,-5,-20,1.4719875e+27,0.000000
5,2,-39,1.470598e+27,0.000000
2,1,-50,1.4680191e+27,0.000000
6,2,-37,1.4657138e+27,0.000000
4,2,-42,1.4607588e+27,0.000000
7,-3,-52,1.4605787e+27,0.000000
8,-4,-46,1.4564205e+27,0.000000
8,-2,-17,1.455764e+27,0.000000
4,1,-49,1.4452805e+27,0.000000
6,1,22,1.4438054e+27,0.000000
5,-3,28,1.4424216e+27,0.000000
10,-9,-44,1.4379175e+27,0.000000
6,-3,5,1.4348259e+27,0.000000
10,-4,-10,1.4290884e+27,0.000000
8,0,5,1.4160394e+27,0.000000
8,0,-5,1.4160394e+27,0.000000
6,5,-43,1.4152952e+27,0.000000
3,3,16,1.4122022e+27,0.000000
10,-10,-39,1.4085275e+27,0.000000
4,-3,31,1.4045779e+27,0.000000
9,-6,-47,1.4003863e+27,0.000000
6,-2,20,1.3894718e+27,0.000000
7,-2,-11,1.3867372e+27,0.000000
7,6,-4,1.3866154e+27,0.000000
8,-3,-37,1.3688188e+27,0.000000
2,-1,52,1.3665493e+27,0.000000
6,-2,-44,1.3605311e+27,0.000000
7,6,-3,1.3444818e+27,0.000000
4,2,22,1.3439633e+27,0.000000
6,-1,-39,1.3407652e+27,0.000000
7,-2,-12,1.3388168e+27,0.000000
7,2,-27,1.3385288e+27,0.000000
7,-2,-13,1.3270204e+27,0.000000
10,-6,-28,1.3267116e+27,0.000000
10,-9,-45,1.3248055e+27,0.000000
7,-2,-14,1.3210755e+27,0.000000
10,-5,-21,1.3205391e+27,0.000000
6,6,-40,1.3089643e+27,0.000000
6,4,-30,1.3042992e+27,0.000000
5,5,-52,1.303479e+27,0.000000
10,-9,-1,1.3025474e+27,0.000000
7,-2,-15,1.2987422e+27,0.000000
4,-2,30,1.2972589e+27,0.000000
8,0,15,1.2925783e+27,0.000000
8,0,-15,1.2925783e+27,0.000000
8,-1,-4,1.2921847e+27,0.000000
10,-10,-40,1.2840793e+27,0.000000
9,-3,-21,1.2784861e+27,0.000000
7,6,-5,1.2776962e+27,0.000000
6,-1,28,1.2770063e+27,0.000000
2,2,22,1.2760969e+27,0.000000
9,-5,-42,1.275478e+27,0.000000
10,-7,-44,1.2702366e+27,0.000000
9,-4,-28,1.2670692e+27,0.000000
7,1,-28,1.258286e+27,0.000000
3,2,18,1.2571936e+27,0.000000
8,5,-2,1.2559004e+27,0.000000
10,-6,-29,1.2531641e+27,0.000000
8,5,-3,1.2489395e+27,0.000000
7,-2,-16,1.2477476e+27,0.000000
5,-1,38,1.2460705e+27,0.000000
6,-4,16,1.2442322e+27,0.000000
7,1,0,1.2424643e+27,0.000000
7,0,17,1.2356991e+27,0.000000
7,0,-17,1.2356991e+27,0.000000
8,3,-6,1.2316751e+27,0.000000
8,-4,-47,1.2311142e+27,0.000000
10,-9,-46,1.2252144e+27,0.000000
10,-4,-11,1.2236113e+27,0.000000
8,3,-5,1.2214392e+27,0.000000
10,-6,-30,1.2203592e+27,0.000000
10,-4,-2,1.2130252e+27,0.000000
2,1,38,1.2088911e+27,0.000000
10,-6,3,1.2031668e+27,0.000000
5,-1,-53,1.2010648e+27,0.000000
10,-5,-7,1.1979429e+27,0.000000
10,-6,-31,1.1972563e+27,0.000000
6,2,16,1.1901263e+27,0.000000
5,3,-42,1.1883822e+27,0.000000
6,0,34,1.1876094e+27,0.000000
6,0,-34,1.1876094e+27,0.000000
10,-5,-22,1.1856219e+27,0.000000
3,1,-51,1.1828578e+27,0.000000
8,4,-8,1.1822928e+27,0.000000
7,5,-29,1.1807798e+27,0.000000
2,1,-42,1.1786147e+27,0.000000
8,3,-7,1.176604e+27,0.000000
10,-10,-41,1.1700529e+27,0.000000
5,2,15,1.1689155e+27,0.000000
2,-1,53,1.1659516e+27,0.000000
7,-1,-32,1.1657667e+27,0.000000
7,6,-6,1.1653358e+27,0.000000
7,-2,-17,1.1653073e+27,0.000000
10,-6,-32,1.1651438e+27,0.000000
8,-1,-13,1.1573394e+27,0.000000
8,-1,-12,1.1474632e+27,0.000000
7,-3,10,1.1408792e+27,0.000000
3,1,38,1.139598e+27,0.000000
10,-9,-47,1.1370678e+27,0.000000
5,1,32,1.1361369e+27,0.000000
6,-1,-40,1.1327902e+27,0.000000
2,1,-51,1.1272707e+27,0.000000
6,5,-44,1.1215462e+27,0.000000
8,-1,-14,1.119803e+27,0.000000
10,-6,-33,1.1152387e+27,0.000000
7,-3,6,1.1129368e+27,0.000000
4,-1,41,1.1098015e+27,0.000000
10,-9,-2,1.1054587e+27,0.000000
6,6,-41,1.1050395e+27,0.000000
5,4,-52,1.1027724e+27,0.000000
10,-7,1,1.1004088e+27,0.000000
6,3,-38,1.0992678e+27,0.000000
3,-3,40,1.0966103e+27,0.000000
8,-1,-11,1.0930587e+27,0.000000
3,0,53,1.0927217e+27,0.000000
3,0,-53,1.0927217e+27,0.000000
3,2,-54,1.089271e+27,0.000000
8,3,-8,1.0873409e+27,0.000000
5,0,42,1.0872514e+27,0.000000
5,0,-42,1.0872514e+27,0.000000
5,3,6,1.085865e+27,0.000000
8,-1,-2,1.0858367e+27,0.000000
3,-1,47,1.0848886e+27,0.000000
8,3,-4,1.0846905e+27,0.000000
2,1,-41,1.0824729e+27,0.000000
6,-3,6,1.0810198e+27,0.000000
5,-2,23,1.0804818e+27,0.000000
7,6,-7,1.073233e+27,0.000000
5,-5,9,1.0710379e+27,0.000000
2,-1,54,1.0665329e+27,0.000000
10,-10,-42,1.0646923e+27,0.000000
8,-3,-38,1.0611671e+27,0.000000
10,-5,-23,1.0611163e+27,0.000000
10,-9,-48,1.0583665e+27,0.000000
7,-2,-18,1.0559288e+27,0.000000
10,-7,3,1.0557135e+27,0.000000
8,2,-15,1.0545627e+27,0.000000
5,-4,16,1.0479464e+27,0.000000
10,-6,-34,1.0458888e+27,0.000000
8,-1,-15,1.0399309e+27,0.000000
7,-3,-53,1.0386985e+27,0.000000
8,5,-4,1.0364382e+27,0.000000
7,4,-20,1.0338767e+27,0.000000
7,3,-22,1.0333136e+27,0.000000
4,1,-50,1.0289065e+27,0.000000
10,-4,-12,1.0282266e+27,0.000000
8,-4,-48,1.0251396e+27,0.000000
4,0,48,1.0249555e+27,0.000000
4,0,-48,1.0249555e+27,0.000000
2,-1,55,1.0241823e+27,0.000000
3,-2,43,1.0200729e+27,0.000000
10,-7,-45,1.0193638e+27,0.000000
4,3,-55,1.0181553e+27,0.000000
4,-4,26,1.0125533e+27,0.000000
8,-1,-10,1.0056533e+27,0.000000
8,0,7,1.0042735e+27,0.000000
8,0,-7,1.0042735e+27,0.000000
8,3,1,9.9691755e+26,0.000000
7,6,-8,9.9667576e+26,0.000000
6,1,23,9.9618895e+26,0.000000
10,-9,-49,9.8726302e+26,0.000000
5,5,-53,9.8701145e+26,0.000000
7,-1,18,9.8601908e+26,0.000000
7,2,-28,9.82837e+26,0.000000
8,3,-9,9.7705822e+26,0.000000
7,-1,14,9.7638321e+26,0.000000
10,-8,4,9.7167093e+26,0.000000
8,4,-9,9.7081839e+26,0.000000
7,-1,17,9.7006074e+26,0.000000
10,-10,-43,9.6731715e+26,0.000000
8,0,16,9.6495312e+26,0.000000
8,0,-16,9.6495312e+26,0.000000
6,-4,5,9.6106789e+26,0.000000
4,3,6,9.6055251e+26,0.000000
10,-6,-35,9.5990525e+26,0.000000
7,1,12,9.5753344e+26,0.000000
4,3,7,9.5522148e+26,0.000000
6,2,-38,9.5283828e+26,0.000000
10,-5,-24,9.4303856e+26,0.000000
9,-6,-48,9.4240895e+26,0.000000
6,-1,-41,9.3925278e+26,0.000000
6,3,3,9.3795316e+26,0.000000
7,6,-9,9.308398e+26,0.000000
7,-1,19,9.2994827e+26,0.000000
7,-2,-19,9.2844087e+26,0.000000
8,-1,-16,9.2840358e+26,0.000000
6,6,-42,9.2665436e+26,0.000000
10,-9,-50,9.2212212e+26,0.000000
7,-4,4,9.2145566e+26,0.000000
5,-3,29,9.1784478e+26,0.000000
8,-1,-5,9.1423213e+26,0.000000
7,6,-2,9.1154866e+26,0.000000
8,-1,-9,9.039305e+26,0.000000
4,1,34,9.0380179e+26,0.000000
9,-3,-22,8.9823148e+26,0.000000
7,5,-30,8.8805216e+26,0.000000
7,-1,16,8.8796112e+26,0.000000
6,5,-45,8.8510795e+26,0.000000
6,0,35,8.8362495e+26,0.000000
6,0,-35,8.8362495e+26,0.000000
10,-4,-5,8.8321098e+26,0.000000
5,-1,-54,8.7958035e+26,0.000000
4,4,5,8.7867217e+26,0.000000
10,-10,-44,8.7787987e+26,0.000000
9,-4,2,8.7773953e+26,0.000000
7,6,-10,8.7266301e+26,0.000000
8,4,-14,8.7235357e+26,0.000000
10,-6,-36,8.6237828e+26,0.000000
4,-3,32,8.6181498e+26,0.000000
10,-9,-51,8.6156165e+26,0.000000
8,4,-10,8.6136701e+26,0.000000
8,4,-13,8.608488e+26,0.000000
8,4,-15,8.5851388e+26,0.000000
8,3,-10,8.5227683e+26,0.000000
10,-4,-13,8.5124225e+26,0.000000
8,5,-5,8.4906931e+26,0.000000
10,-5,0,8.4560722e+26,0.000000
9,-5,-43,8.4440825e+26,0.000000
8,-2,-18,8.4411633e+26,0.000000
8,-4,-49,8.4302031e+26,0.000000
8,0,6,8.4119273e+26,0.000000
8,0,-6,8.4119273e+26,0.000000
2,1,-52,8.3848266e+26,0.000000
8,4,-12,8.3793085e+26,0.000000
6,-1,29,8.3512772e+26,0.000000
10,-5,-25,8.2942369e+26,0.000000
8,4,-11,8.2771318e+26,0.000000
6,5,4,8.247474e+26,0.000000
7,-1,20,8.2360676e+26,0.000000
5,2,-40,8.2050476e+26,0.000000
7,6,-11,8.1989052e+26,0.000000
7,-1,15,8.1697922e+26,0.000000
8,4,-16,8.1531666e+26,0.000000
8,-3,-39,8.1381465e+26,0.000000
6,-2,-45,8.1248126e+26,0.000000
10,-7,-46,8.1213205e+26,0.000000
8,-1,-8,8.1091057e+26,0.000000
5,4,-53,8.0664519e+26,0.000000
6,-2,21,8.0534263e+26,0.000000
10,-9,-52,8.0447163e+26,0.000000
9,-9,5,8.0417095e+26,0.000000
8,1,-3,7.9953587e+26,0.000000
8,-1,-17,7.9845375e+26,0.000000
10,-10,-45,7.9660174e+26,0.000000
5,3,-43,7.9532533e+26,0.000000
7,-2,-20,7.9310327e+26,0.000000
3,3,17,7.8885321e+26,0.000000
9,-7,5,7.8741178e+26,0.000000
6,3,-39,7.8651779e+26,0.000000
9,-4,-29,7.8482595e+26,0.000000
7,1,-29,7.8016427e+26,0.000000
3,1,-52,7.748326e+26,0.000000
4,3,8,7.7270382e+26,0.000000
3,0,54,7.7263622e+26,0.000000
3,0,-54,7.7263622e+26,0.000000
6,6,-43,7.7213301e+26,0.000000
7,6,-12,7.7081531e+26,0.000000
8,6,-3,7.6779756e+26,0.000000
6,1,-29,7.6721959e+26,0.000000
6,-1,-42,7.6664765e+26,0.000000
8,-1,-6,7.6618848e+26,0.000000
6,-4,17,7.6503653e+26,0.000000
3,2,-55,7.6434948e+26,0.000000
10,-10,-3,7.6275985e+26,0.000000
10,-6,-37,7.5906643e+26,0.000000
8,-1,-7,7.5295064e+26,0.000000
6,2,17,7.5269144e+26,0.000000
8,3,-3,7.5194868e+26,0.000000
10,-9,-53,7.500131e+26,0.000000
5,5,-54,7.4645621e+26,0.000000
8,4,-17,7.4620612e+26,0.000000
5,-5,10,7.4151345e+26,0.000000
7,-3,-54,7.3557584e+26,0.000000
5,-5,8,7.3174703e+26,0.000000
8,6,-4,7.3111672e+26,0.000000
4,1,-51,7.2779078e+26,0.000000
5,0,43,7.2561117e+26,0.000000
5,0,-43,7.2561117e+26,0.000000
7,-3,11,7.244916e+26,0.000000
7,6,-13,7.24359e+26,0.000000
10,-10,-46,7.2370558e+26,0.000000
5,-1,39,7.2287341e+26,0.000000
10,-5,-26,7.1997683e+26,0.000000
8,3,-11,7.1895329e+26,0.000000
7,2,-29,7.1178011e+26,0.000000
8,5,-6,7.083825e+26,0.000000
6,4,-31,7.039293e+26,0.000000
10,-4,-14,7.0108282e+26,0.000000
5,5,5,7.0069088e+26,0.000000
10,-9,-54,6.9760032e+26,0.000000
6,5,-46,6.9582767e+26,0.000000
5,2,16,6.9448112e+26,0.000000
2,1,39,6.9345907e+26,0.000000
7,-1,21,6.9331808e+26,0.000000
8,0,17,6.8984814e+26,0.000000
8,0,-17,6.8984814e+26,0.000000
10,-10,-2,6.8758484e+26,0.000000
7,6,0,6.8721078e+26,0.000000
8,-4,-50,6.8624741e+26,0.000000
5,1,33,6.8255041e+26,0.000000
8,5,-1,6.8198897e+26,0.000000
7,6,-14,6.8010551e+26,0.000000
6,1,24,6.7852463e+26,0.000000
3,-2,44,6.7415983e+26,0.000000
7,-1,-33,6.6896719e+26,0.000000
8,-1,-18,6.6304517e+26,0.000000
7,5,-31,6.6257492e+26,0.000000
3,-1,48,6.6094663e+26,0.000000
7,-2,-21,6.5938289e+26,0.000000
10,-10,-47,6.5924542e+26,0.000000
8,4,-18,6.5886922e+26,0.000000
4,0,49,6.5597481e+26,0.000000
4,0,-49,6.5597481e+26,0.000000
4,2,-43,6.5578698e+26,0.000000
10,-6,-38,6.5534833e+26,0.000000
3,-3,41,6.5379126e+26,0.000000
4,-2,31,6.5364847e+26,0.000000
8,5,1,6.5327192e+26,0.000000
6,0,36,6.4956052e+26,0.000000
6,0,-36,6.4956052e+26,0.000000
10,-9,-55,6.4687076e+26,0.000000
8,6,-5,6.4514352e+26,0.000000
4,-2,34,6.4466289e+26,0.000000
7,0,18,6.4342781e+26,0.000000
7,0,-18,6.4342781e+26,0.000000
10,-7,-47,6.4242112e+26,0.000000
6,6,-44,6.3950354e+26,0.000000
7,6,-15,6.38175e+26,0.000000
5,-4,17,6.3540877e+26,0.000000
4,-2,33,6.351133e+26,0.000000
5,-1,-55,6.3501585e+26,0.000000
7,6,2,6.316328e+26,0.000000
6,-3,7,6.3153665e+26,0.000000
7,4,-21,6.2954677e+26,0.000000
9,-6,-49,6.2854637e+26,0.000000
4,2,23,6.2131122e+26,0.000000
8,6,2,6.2072925e+26,0.000000
5,1,-35,6.1919793e+26,0.000000
3,1,39,6.1916021e+26,0.000000
8,-3,-40,6.179881e+26,0.000000
8,5,2,6.1781358e+26,0.000000
6,-1,-43,6.1763211e+26,0.000000
10,-5,-27,6.1555442e+26,0.000000
6,2,-39,6.1486437e+26,0.000000
6,4,4,6.1081128e+26,0.000000
8,6,-2,6.10579e+26,0.000000
9,-3,-23,6.0678589e+26,0.000000
2,1,-53,6.0547023e+26,0.000000
9,-6,4,6.0374928e+26,0.000000
10,-10,-48,6.0302202e+26,0.000000
4,-2,35,6.017647e+26,0.000000
9,-3,-4,6.0051967e+26,0.000000
8,5,-7,6.004364e+26,0.000000
7,6,-16,5.9898441e+26,0.000000
4,-1,42,5.9651233e+26,0.000000
10,-4,1,5.9594712e+26,0.000000
4,-2,32,5.9122413e+26,0.000000
5,4,-54,5.8905303e+26,0.000000
8,3,-12,5.8427576e+26,0.000000
8,1,-4,5.8399005e+26,0.000000
8,1,-2,5.8332328e+26,0.000000
10,-4,-15,5.829937e+26,0.000000
5,-3,30,5.8221183e+26,0.000000
8,2,-16,5.7947604e+26,0.000000
8,-2,-19,5.7735643e+26,0.000000
4,3,9,5.7306824e+26,0.000000
3,0,55,5.6964519e+26,0.000000
3,0,-55,5.6964519e+26,0.000000
8,6,-6,5.6917067e+26,0.000000
5,5,-55,5.6390017e+26,0.000000
7,6,-17,5.6299042e+26,0.000000
8,4,-19,5.6233437e+26,0.000000
7,-1,22,5.6022481e+26,0.000000
6,3,-40,5.5960266e+26,0.000000
7,3,-23,5.5816962e+26,0.000000
3,2,19,5.5592088e+26,0.000000
10,-6,-39,5.5564721e+26,0.000000
10,-10,-49,5.5456663e+26,0.000000
8,-4,-51,5.5418813e+26,0.000000
9,-5,-44,5.5355938e+26,0.000000
6,5,-47,5.4506781e+26,0.000000
6,-1,30,5.4234469e+26,0.000000
4,-4,27,5.3713676e+26,0.000000
7,-2,-22,5.3463216e+26,0.000000
8,-1,-19,5.3287392e+26,0.000000
7,6,-18,5.3049262e+26,0.000000
8,-2,-23,5.2973362e+26,0.000000
5,3,-44,5.2877751e+26,0.000000
4,-3,33,5.2869679e+26,0.000000
7,4,3,5.2738334e+26,0.000000
6,6,-45,5.2663545e+26,0.000000
3,1,-53,5.2512765e+26,0.000000
4,-2,36,5.2389432e+26,0.000000
4,1,35,5.2273159e+26,0.000000
8,-2,-22,5.2248551e+26,0.000000
7,-3,-55,5.1818291e+26,0.000000
10,-5,-28,5.1759933e+26,0.000000
8,5,-8,5.15226e+26,0.000000
8,-2,-24,5.1361746e+26,0.000000
10,-10,-50,5.1317301e+26,0.000000
4,1,-52,5.1115887e+26,0.000000
7,2,-30,5.0880831e+26,0.000000
8,6,-7,5.0774491e+26,0.000000
10,-7,-48,5.0461875e+26,0.000000
8,-2,-21,5.0185141e+26,0.000000
8,6,0,5.0184889e+26,0.000000
7,6,-19,5.0153116e+26,0.000000
2,2,23,4.9951671e+26,0.000000
8,-2,-20,4.9893799e+26,0.000000
4,3,5,4.9812394e+26,0.000000
10,-4,-16,4.9757244e+26,0.000000
8,5,0,4.9723357e+26,0.000000
5,-2,24,4.9452349e+26,0.000000
6,-1,-44,4.9219803e+26,0.000000
7,5,-32,4.9069875e+26,0.000000
5,0,44,4.8195358e+26,0.000000
5,0,-44,4.8195358e+26,0.000000
7,6,-1,4.8103447e+26,0.000000
10,-10,-51,4.7795858e+26,0.000000
7,6,-20,4.75874e+26,0.000000
7,1,-30,4.7582609e+26,0.000000
8,-2,-25,4.7582559e+26,0.000000
6,-2,-46,4.7567432e+26,0.000000
8,0,18,4.7387511e+26,0.000000
8,0,-18,4.7387511e+26,0.000000
6,0,37,4.7256703e+26,0.000000
6,0,-37,4.7256703e+26,0.000000
9,-4,-30,4.7217976e+26,0.000000
6,-4,18,4.6563831e+26,0.000000
6,2,18,4.6534609e+26,0.000000
8,-3,-41,4.6507846e+26,0.000000
8,4,-20,4.6491219e+26,0.000000
10,-6,-40,4.6319713e+26,0.000000
6,-2,22,4.6065455e+26,0.000000
6,1,25,4.5689986e+26,0.000000
8,6,-8,4.561915e+26,0.000000
7,1,13,4.5607963e+26,0.000000
8,3,-13,4.559895e+26,0.000000
9,-3,1,4.539236e+26,0.000000
7,6,-21,4.5306693e+26,0.000000
10,-10,-52,4.4793822e+26,0.000000
8,5,-9,4.4699671e+26,0.000000
3,-1,49,4.4570752e+26,0.000000
8,-4,-52,4.4487939e+26,0.000000
6,-3,12,4.4478124e+26,0.000000
5,2,-41,4.4460541e+26,0.000000
3,-2,45,4.4443065e+26,0.000000
7,-3,3,4.4317913e+26,0.000000
10,-4,-17,4.4098329e+26,0.000000
3,3,18,4.4043367e+26,0.000000
7,-1,23,4.3782674e+26,0.000000
10,-10,-1,4.3739093e+26,0.000000
5,3,7,4.3650685e+26,0.000000
6,-3,13,4.3516753e+26,0.000000
4,0,50,4.3257785e+26,0.000000
4,0,-50,4.3257785e+26,0.000000
7,6,-22,4.325148e+26,0.000000
4,-2,37,4.3219883e+26,0.000000
6,6,-46,4.3135144e+26,0.000000
5,3,4,4.3126724e+26,0.000000
5,4,-55,4.2936703e+26,0.000000
7,-3,12,4.292912e+26,0.000000
10,-5,-29,4.2764008e+26,0.000000
6,-3,11,4.2617147e+26,0.000000
6,5,-48,4.2555867e+26,0.000000
2,1,-54,4.255429e+26,0.000000
7,-2,-23,4.2361526e+26,0.000000
8,-2,-26,4.2304232e+26,0.000000
10,-10,-53,4.2209823e+26,0.000000
5,-5,11,4.2097205e+26,0.000000
9,-6,-50,4.1632486e+26,0.000000
7,6,3,4.1626158e+26,0.000000
5,-1,40,4.155346e+26,0.000000
8,-1,-20,4.1539083e+26,0.000000
7,6,-23,4.1356753e+26,0.000000
6,-3,8,4.1310496e+26,0.000000
8,6,-9,4.1092876e+26,0.000000
5,1,-40,4.097635e+26,0.000000
10,-9,1,4.0795718e+26,0.000000
5,1,34,4.0789581e+26,0.000000
4,3,10,4.0676209e+26,0.000000
10,-4,-18,4.0627374e+26,0.000000
8,3,-2,4.048551e+26,0.000000
5,1,-39,4.0199331e+26,0.000000
6,-3,14,4.010693e+26,0.000000
5,2,17,4.0102722e+26,0.000000
10,-10,-54,3.9946142e+26,0.000000
2,1,40,3.9826392e+26,0.000000
6,3,-41,3.9607672e+26,0.000000
7,6,-24,3.9559455e+26,0.000000
5,1,-41,3.9395076e+26,0.000000
3,-3,42,3.9386501e+26,0.000000
9,-3,-24,3.9370195e+26,0.000000
10,-7,-49,3.9366222e+26,0.000000
6,2,-40,3.9364358e+26,0.000000
8,5,-10,3.9196029e+26,0.000000
9,3,0,3.908068e+26,0.000000
8,1,-13,3.9067315e+26,0.000000
6,1,-30,3.8958868e+26,0.000000
6,-1,-45,3.8870327e+26,0.000000
6,-3,10,3.883084e+26,0.000000
10,-4,-19,3.8514348e+26,0.000000
8,1,-14,3.8454931e+26,0.000000
8,1,-5,3.8174537e+26,0.000000
5,-4,18,3.8117691e+26,0.000000
10,-6,-41,3.8005374e+26,0.000000
3,1,-54,3.7952194e+26,0.000000
10,-10,-55,3.7913863e+26,0.000000
7,3,-28,3.7848906e+26,0.000000
7,6,-25,3.7804014e+26,0.000000
7,3,-24,3.7749311e+26,0.000000
8,1,-12,3.7703269e+26,0.000000
7,-1,-34,3.7571843e+26,0.000000
8,4,-21,3.7306574e+26,0.000000
8,6,3,3.7197658e+26,0.000000
7,3,-27,3.7033993e+26,0.000000
5,1,-38,3.702173e+26,0.000000
8,6,-10,3.700789e+26,0.000000
7,4,-22,3.6992537e+26,0.000000
7,3,-29,3.6966407e+26,0.000000
10,-4,-20,3.696613e+26,0.000000
5,-3,31,3.6825331e+26,0.000000
8,6,-1,3.6687029e+26,0.000000
6,4,-32,3.6666921e+26,0.000000
8,-2,-27,3.6286807e+26,0.000000
6,-3,9,3.6284493e+26,0.000000
5,1,-42,3.6135316e+26,0.000000
7,5,-33,3.6093311e+26,0.000000
8,1,-15,3.607919e+26,0.000000
7,6,-26,3.6045841e+26,0.000000
9,-5,-45,3.6029944e+26,0.000000
5,1,-36,3.5943586e+26,0.000000
7,2,-31,3.5923798e+26,0.000000
3,-1,55,3.5623875e+26,0.000000
4,1,-53,3.5620291e+26,0.000000
8,-4,-53,3.5566602e+26,0.000000
10,-4,-21,3.5358275e+26,0.000000
6,6,-47,3.5151377e+26,0.000000
6,-3,15,3.512485e+26,0.000000
7,3,-26,3.502268e+26,0.000000
6,-1,31,3.4985028e+26,0.000000
5,3,-45,3.4896426e+26,0.000000
8,-3,-42,3.4715254e+26,0.000000
8,5,-11,3.471432e+26,0.000000
10,-5,-30,3.4693003e+26,0.000000
7,3,-30,3.4585404e+26,0.000000
8,1,-11,3.4531616e+26,0.000000
3,-1,50,3.4420595e+26,0.000000
7,6,-27,3.4253023e+26,0.000000
4,-2,38,3.4200096e+26,0.000000
8,3,-14,3.4091102e+26,0.000000
6,0,38,3.4071305e+26,0.000000
6,0,-38,3.4071305e+26,0.000000
7,3,-25,3.375223e+26,0.000000
3,1,40,3.3506232e+26,0.000000
5,1,-37,3.3366508e+26,0.000000
10,-4,-22,3.3304926e+26,0.000000
8,6,-11,3.3300254e+26,0.000000
7,-1,24,3.3288673e+26,0.000000
3,-1,54,3.3282187e+26,0.000000
6,5,-49,3.3124146e+26,0.000000
7,-2,-24,3.2865296e+26,0.000000
7,0,19,3.2542941e+26,0.000000
7,0,-19,3.2542941e+26,0.000000
4,-3,34,3.242236e+26,0.000000
7,6,-28,3.2406576e+26,0.000000
8,1,-16,3.2394553e+26,0.000000
7,6,1,3.2025025e+26,0.000000
5,1,-43,3.1941499e+26,0.000000
5,0,45,3.1844263e+26,0.000000
5,0,-45,3.1844263e+26,0.000000
4,-1,43,3.1706509e+26,0.000000
8,-1,-21,3.1471794e+26,0.000000
8,0,19,3.1352964e+26,0.000000
8,0,-19,3.1352964e+26,0.000000
3,-1,53,3.1204394e+26,0.000000
7,3,-31,3.1168691e+26,0.000000
8,5,-12,3.0995899e+26,0.000000
8,6,1,3.0741795e+26,0.000000
10,-6,-42,3.0723184e+26,0.000000
10,-4,-23,3.0663878e+26,0.000000
10,-7,-50,3.0505598e+26,0.000000
7,6,-29,3.0499623e+26,0.000000
3,-1,51,3.0497134e+26,0.000000
6,-1,-46,3.0466031e+26,0.000000
6,1,26,3.0454257e+26,0.000000
8,2,-17,3.0313911e+26,0.000000
8,1,-10,3.0181747e+26,0.000000
8,-2,-28,3.0177322e+26,0.000000
3,1,-55,3.0024748e+26,0.000000
4,1,36,3.0007864e+26,0.000000
8,6,-12,2.9977231e+26,0.000000
3,-1,52,2.9961527e+26,0.000000
4,0,51,2.9804337e+26,0.000000
4,0,-51,2.9804337e+26,0.000000
7,5,4,2.972911e+26,0.000000
6,-3,16,2.9476108e+26,0.000000
3,-2,46,2.9320594e+26,0.000000
2,1,-55,2.9250437e+26,0.000000
8,4,-22,2.9104628e+26,0.000000
4,2,-44,2.8847221e+26,0.000000
10,-5,2,2.8660505e+26,0.000000
7,6,-30,2.8535835e+26,0.000000
7,1,-31,2.8529412e+26,0.000000
4,-4,28,2.8526227e+26,0.000000
6,6,-48,2.8508731e+26,0.000000
8,-4,-54,2.8365452e+26,0.000000
6,2,19,2.8174428e+26,0.000000
4,3,11,2.8134133e+26,0.000000
6,-4,19,2.8114099e+26,0.000000
9,-4,-31,2.8056133e+26,0.000000
8,1,-17,2.7946269e+26,0.000000
6,3,-42,2.7896439e+26,0.000000
4,2,24,2.7873003e+26,0.000000
8,5,-13,2.781486e+26,0.000000
10,-5,-31,2.7624283e+26,0.000000
10,-4,-24,2.7489277e+26,0.000000
9,-6,-51,2.7474732e+26,0.000000
5,1,-44,2.7416363e+26,0.000000
7,3,-32,2.7208183e+26,0.000000
6,-2,-47,2.7181301e+26,0.000000
6,-1,2,2.7161637e+26,0.000000
7,1,14,2.7072821e+26,0.000000
8,6,-13,2.7067368e+26,0.000000
8,1,-6,2.6682395e+26,0.000000
7,6,-31,2.6527416e+26,0.000000
7,1,17,2.6463297e+26,0.000000
7,1,18,2.645339e+26,0.000000
7,5,-34,2.6382275e+26,0.000000
4,-2,39,2.6191876e+26,0.000000
6,-2,23,2.6008338e+26,0.000000
8,-3,-43,2.5721888e+26,0.000000
8,1,-9,2.5720569e+26,0.000000
6,5,-50,2.5711176e+26,0.000000
7,2,-32,2.5064312e+26,0.000000
7,-2,-25,2.5011248e+26,0.000000
8,5,-14,2.4986498e+26,0.000000
6,2,-41,2.4982563e+26,0.000000
8,0,2,2.4939702e+26,0.000000
8,0,-2,2.4939702e+26,0.000000
7,1,16,2.4868956e+26,0.000000
7,-1,25,2.4735006e+26,0.000000
7,1,19,2.469977e+26,0.000000
4,1,-54,2.4608719e+26,0.000000
8,6,-14,2.4583786e+26,0.000000
3,3,19,2.4564767e+26,0.000000
9,-3,-25,2.4498361e+26,0.000000
7,6,-32,2.4492859e+26,0.000000
10,-6,-43,2.4492071e+26,0.000000
8,-2,-29,2.4434506e+26,0.000000
8,3,-15,2.4371457e+26,0.000000
6,0,39,2.4368736e+26,0.000000
6,0,-39,2.4368736e+26,0.000000
5,1,35,2.4236869e+26,0.000000
8,-3,2,2.4115214e+26,0.000000
3,2,20,2.4112263e+26,0.000000
3,-3,43,2.4077481e+26,0.000000
10,-4,-25,2.3959413e+26,0.000000
7,-3,13,2.3948631e+26,0.000000
6,-3,17,2.3871172e+26,0.000000
6,-1,-47,2.3727844e+26,0.000000
5,-1,41,2.366848e+26,0.000000
10,-7,-51,2.348677e+26,0.000000
7,1,15,2.3445895e+26,0.000000
10,-9,0,2.3378375e+26,0.000000
9,-5,-46,2.3375752e+26,0.000000
8,1,-18,2.3248922e+26,0.000000
5,-3,32,2.3229306e+26,0.000000
5,2,-42,2.3226259e+26,0.000000
8,-1,-22,2.3216202e+26,0.000000
7,3,-33,2.3116498e+26,0.000000
6,6,-49,2.3018204e+26,0.000000
5,1,-45,2.2977008e+26,0.000000
2,1,41,2.2911961e+26,0.000000
5,3,-46,2.2832465e+26,0.000000
5,-4,19,2.2671041e+26,0.000000
5,-5,12,2.2603862e+26,0.000000
8,-4,-55,2.2601151e+26,0.000000
8,1,-8,2.2537946e+26,0.000000
9,3,-3,2.253462e+26,0.000000
8,6,-15,2.2506625e+26,0.000000
5,2,18,2.2502465e+26,0.000000
7,6,-33,2.2454679e+26,0.000000
6,-1,32,2.2419993e+26,0.000000
8,5,-15,2.2375899e+26,0.000000
8,1,-7,2.2236441e+26,0.000000
9,3,-2,2.2216318e+26,0.000000
6,1,-31,2.219368e+26,0.000000
8,4,-23,2.2103747e+26,0.000000
5,-2,25,2.1853072e+26,0.000000
10,-10,1,2.1748457e+26,0.000000
7,1,20,2.1730799e+26,0.000000
6,6,5,2.1703235e+26,0.000000
4,0,52,2.1693364e+26,0.000000
4,0,-52,2.1693364e+26,0.000000
10,-5,-32,2.1581018e+26,0.000000
9,-8,5,2.1458506e+26,0.000000
7,4,-23,2.1378038e+26,0.000000
7,7,-4,2.1232852e+26,0.000000
5,0,46,2.0919385e+26,0.000000
5,0,-46,2.0919385e+26,0.000000
7,7,-5,2.0791514e+26,0.000000
8,6,-16,2.0782899e+26,0.000000
7,-1,-35,2.0599467e+26,0.000000
7,6,-34,2.0437267e+26,0.000000
10,-4,-26,2.0301594e+26,0.000000
6,1,27,2.0113897e+26,0.000000
8,0,20,2.0009827e+26,0.000000
8,0,-20,2.0009827e+26,0.000000
6,5,-51,1.9906998e+26,0.000000
8,5,-16,1.9899744e+26,0.000000
4,-3,35,1.9871939e+26,0.000000
5,3,8,1.9679259e+26,0.000000
6,3,-43,1.9557134e+26,0.000000
4,-2,40,1.9546437e+26,0.000000
7,7,-6,1.953348e+26,0.000000
3,-2,47,1.9455985e+26,0.000000
8,6,-17,1.9337283e+26,0.000000
8,-2,-30,1.9330767e+26,0.000000
10,-6,-44,1.9270067e+26,0.000000
7,3,-34,1.9191732e+26,0.000000
7,5,-35,1.9173799e+26,0.000000
4,3,12,1.911701e+26,0.000000
2,2,24,1.8973595e+26,0.000000
10,-9,3,1.8949743e+26,0.000000
8,-3,-44,1.8932303e+26,0.000000
5,1,-46,1.8876926e+26,0.000000
6,-3,18,1.8765703e+26,0.000000
8,1,-19,1.8711974e+26,0.000000
7,-2,-26,1.8701042e+26,0.000000
7,7,-3,1.8579071e+26,0.000000
6,6,-50,1.8507855e+26,0.000000
7,6,-35,1.8465003e+26,0.000000
6,-1,-48,1.8380536e+26,0.000000
6,4,-33,1.8334673e+26,0.000000
7,7,-7,1.8309168e+26,0.000000
7,1,21,1.8198987e+26,0.000000
9,-6,-52,1.8152628e+26,0.000000
8,6,-18,1.8086722e+26,0.000000
3,1,41,1.8069435e+26,0.000000
7,-1,26,1.8026291e+26,0.000000
10,-7,-52,1.7970649e+26,0.000000
8,5,-17,1.7520381e+26,0.000000
6,0,40,1.7303608e+26,0.000000
6,0,-40,1.7303608e+26,0.000000
7,2,-33,1.7288503e+26,0.000000
7,0,20,1.727401e+26,0.000000
7,0,-20,1.727401e+26,0.000000
7,7,-8,1.7184924e+26,0.000000
9,-4,-32,1.7121098e+26,0.000000
4,1,37,1.7077543e+26,0.000000
8,6,-19,1.6953643e+26,0.000000
9,3,-4,1.6935704e+26,0.000000
8,-1,-1,1.6866469e+26,0.000000
6,-4,20,1.6865752e+26,0.000000
4,1,-55,1.6842847e+26,0.000000
4,-1,44,1.68072e+26,0.000000
7,1,-32,1.6798912e+26,0.000000
4,0,53,1.6737912e+26,0.000000
4,0,-53,1.6737912e+26,0.000000
10,-4,-27,1.673483e+26,0.000000
6,2,20,1.67316e+26,0.000000
8,-1,-23,1.6699791e+26,0.000000
8,3,-16,1.6643944e+26,0.000000
7,6,-36,1.656069e+26,0.000000
10,-5,-33,1.6536052e+26,0.000000
8,4,-24,1.635665e+26,0.000000
7,7,3,1.6284102e+26,0.000000
8,2,-18,1.6180033e+26,0.000000
7,7,-9,1.6121252e+26,0.000000
9,-2,-5,1.5971822e+26,0.000000
9,-2,-1,1.5916872e+26,0.000000
9,5,1,1.5886135e+26,0.000000
8,6,-20,1.587502e+26,0.000000
6,2,-42,1.5698975e+26,0.000000
7,3,-35,1.562055e+26,0.000000
6,1,-32,1.5573942e+26,0.000000
8,1,-1,1.539862e+26,0.000000
6,5,-52,1.5378324e+26,0.000000
5,1,-47,1.524556e+26,0.000000
8,5,-18,1.5234652e+26,0.000000
9,-5,-47,1.5201843e+26,0.000000
9,-2,-6,1.5187344e+26,0.000000
4,-4,29,1.5162173e+26,0.000000
7,7,-10,1.5119511e+26,0.000000
6,-2,-48,1.5084164e+26,0.000000
3,-3,44,1.5024311e+26,0.000000
4,2,-51,1.4994294e+26,0.000000
8,-2,-31,1.498579e+26,0.000000
10,-6,-45,1.4975385e+26,0.000000
4,4,6,1.4963525e+26,0.000000
4,2,-50,1.4933142e+26,0.000000
6,6,-51,1.4823982e+26,0.000000
8,6,-21,1.4806741e+26,0.000000
5,3,-47,1.4787301e+26,0.000000
7,6,-37,1.4744377e+26,0.000000
7,1,22,1.4636011e+26,0.000000
5,-3,33,1.4614233e+26,0.000000
8,1,-20,1.4611396e+26,0.000000
9,-3,-26,1.4597328e+26,0.000000
6,-2,24,1.44908e+26,0.000000
4,4,7,1.4439027e+26,0.000000
4,2,-52,1.4411349e+26,0.000000
4,2,-45,1.4409222e+26,0.000000
6,-3,19,1.4388535e+26,0.000000
5,1,36,1.4310991e+26,0.000000
4,-2,41,1.4294472e+26,0.000000
6,-1,33,1.4273739e+26,0.000000
7,7,-11,1.4204293e+26,0.000000
6,-1,-49,1.4171786e+26,0.000000
4,2,-49,1.4113401e+26,0.000000
9,5,-2,1.3981975e+26,0.000000
7,5,-36,1.386267e+26,0.000000
8,-3,-45,1.3853001e+26,0.000000
7,-2,-27,1.375765e+26,0.000000
8,6,-22,1.3723959e+26,0.000000
3,3,20,1.3684723e+26,0.000000
10,-7,-53,1.3668763e+26,0.000000
5,0,47,1.3655623e+26,0.000000
5,0,-47,1.3655623e+26,0.000000
6,3,-44,1.3650089e+26,0.000000
4,0,54,1.360878e+26,0.000000
4,0,-54,1.360878e+26,0.000000
9,-2,-4,1.3557068e+26,0.000000
9,-2,-7,1.3473789e+26,0.000000
10,-4,-28,1.3432864e+26,0.000000
7,7,-12,1.3393775e+26,0.000000
5,-4,20,1.338978e+26,0.000000
5,-1,42,1.3372788e+26,0.000000
4,2,-53,1.3361779e+26,0.000000
6,1,-33,1.3339176e+26,0.000000
10,-10,0,1.3256706e+26,0.000000
2,1,42,1.3213194e+26,0.000000
7,7,0,1.3201582e+26,0.000000
6,1,28,1.3174431e+26,0.000000
3,-2,48,1.3079705e+26,0.000000
8,5,-19,1.306089e+26,0.000000
7,6,-38,1.3032557e+26,0.000000
7,7,-2,1.3004798e+26,0.000000
7,-1,27,1.2921098e+26,0.000000
6,-5,6,1.2840625e+26,0.000000
4,3,13,1.2809795e+26,0.000000
7,4,-24,1.2784097e+26,0.000000
7,7,-13,1.2686228e+26,0.000000
6,1,-34,1.2633605e+26,0.000000
7,-3,14,1.2619343e+26,0.000000
8,6,-23,1.261867e+26,0.000000
4,2,-48,1.2612045e+26,0.000000
7,7,-1,1.253448e+26,0.000000
7,3,-36,1.2498103e+26,0.000000
10,-5,-34,1.2422012e+26,0.000000
8,0,21,1.2325823e+26,0.000000
8,0,-21,1.2325823e+26,0.000000
5,2,19,1.226202e+26,0.000000
6,0,41,1.2204497e+26,0.000000
6,0,-41,1.2204497e+26,0.000000
6,1,-35,1.2184995e+26,0.000000
4,-3,36,1.2170235e+26,0.000000
5,1,-48,1.2127618e+26,0.000000
9,-6,-53,1.2088145e+26,0.000000
9,1,-7,1.2079205e+26,0.000000
5,-5,13,1.2075264e+26,0.000000
7,7,-14,1.2061606e+26,0.000000
4,2,25,1.2052222e+26,0.000000
4,2,-54,1.2023254e+26,0.000000
9,3,-5,1.1954332e+26,0.000000
9,1,-6,1.1930575e+26,0.000000
6,5,-53,1.1856097e+26,0.000000
6,6,-52,1.1831266e+26,0.000000
8,4,-25,1.1799792e+26,0.000000
7,2,-34,1.1793189e+26,0.000000
8,-1,-24,1.1727013e+26,0.000000
7,7,2,1.1610684e+26,0.000000
9,-2,-8,1.1601446e+26,0.000000
5,2,-43,1.1588906e+26,0.000000
6,1,-36,1.1533835e+26,0.000000
4,0,55,1.1513595e+26,0.000000
4,0,-55,1.1513595e+26,0.000000
10,-6,-46,1.1503615e+26,0.000000
8,6,-24,1.1495813e+26,0.000000
7,7,-15,1.1490991e+26,0.000000
9,-4,-33,1.1472777e+26,0.000000
7,6,-39,1.1437742e+26,0.000000
7,-6,6,1.1417714e+26,0.000000
8,-2,-32,1.14119e+26,0.000000
7,1,23,1.1383463e+26,0.000000
5,3,9,1.1238641e+26,0.000000
9,5,-3,1.1180831e+26,0.000000
8,1,-21,1.1095395e+26,0.000000
7,0,21,1.1080284e+26,0.000000
7,0,-21,1.1080284e+26,0.000000
8,5,-20,1.102692e+26,0.000000
7,-1,-36,1.0990265e+26,0.000000
7,7,-16,1.0946823e+26,0.000000
4,2,-47,1.0943281e+26,0.000000
6,-1,-50,1.0881054e+26,0.000000
8,3,-17,1.0869499e+26,0.000000
6,-3,20,1.0802431e+26,0.000000
9,5,-1,1.0774505e+26,0.000000
9,1,-8,1.0658911e+26,0.000000
9,5,2,1.0646338e+26,0.000000
3,2,21,1.0622686e+26,0.000000
6,1,-37,1.0601571e+26,0.000000
4,2,-55,1.0546658e+26,0.000000
10,-4,-29,1.0510674e+26,0.000000
4,2,-46,1.0509809e+26,0.000000
7,7,4,1.0487973e+26,0.000000
7,7,-17,1.0409663e+26,0.000000
8,6,-25,1.0368916e+26,0.000000
10,-7,-54,1.0338837e+26,0.000000
4,-2,42,1.0298846e+26,0.000000
8,2,-19,1.0269092e+26,0.000000
7,7,1,1.0223883e+26,0.000000
8,2,-23,1.0223494e+26,0.000000
8,2,-24,1.0160825e+26,0.000000
4,4,8,1.0127721e+26,0.000000
8,-3,-46,1.008415e+26,0.000000
6,-4,21,1.0065016e+26,0.000000
9,-5,-48,9.9827846e+25,0.000000
7,5,-37,9.976007e+25,0.000000
7,-2,-28,9.9701679e+25,0.000000
7,6,-40,9.9683508e+25,0.000000
7,7,-18,9.8704913e+25,0.000000
9,-1,-6,9.8607771e+25,0.000000
7,3,-37,9.8523709e+25,0.000000
9,-2,-9,9.7748509e+25,0.000000
8,2,-22,9.7745098e+25,0.000000
6,2,21,9.7587949e+25,0.000000
6,2,-43,9.7522577e+25,0.000000
3,1,42,9.7207537e+25,0.000000
7,1,-33,9.6999321e+25,0.000000
3,-3,45,9.6426964e+25,0.000000
4,1,38,9.6218552e+25,0.000000
8,2,-25,9.6085593e+25,0.000000
10,-10,4,9.5612318e+25,0.000000
9,-1,-7,9.5529876e+25,0.000000
9,1,-5,9.5228065e+25,0.000000
5,-2,26,9.5177195e+25,0.000000
5,1,-49,9.5144924e+25,0.000000
6,3,-45,9.4861209e+25,0.000000
6,1,-38,9.4610339e+25,0.000000
5,3,-48,9.4596315e+25,0.000000
6,6,-53,9.4121552e+25,0.000000
7,0,24,9.3939914e+25,0.000000
7,0,-24,9.3939914e+25,0.000000
7,0,25,9.3747289e+25,0.000000
7,0,-25,9.3747289e+25,0.000000
7,7,-19,9.3295552e+25,0.000000
7,0,22,9.2742101e+25,0.000000
7,0,-22,9.2742101e+25,0.000000
8,6,-26,9.2560242e+25,0.000000
5,-3,34,9.1704361e+25,0.000000
7,0,23,9.1685021e+25,0.000000
7,0,-23,9.1685021e+25,0.000000
8,5,-21,9.1607466e+25,0.000000
10,-5,-35,9.1437653e+25,0.000000
9,1,-2,9.1423923e+25,0.000000
7,-1,28,9.1304626e+25,0.000000
6,5,-54,9.1245179e+25,0.000000
10,-7,4,9.105196e+25,0.000000
4,-1,45,9.0517357e+25,0.000000
8,2,-21,9.0439243e+25,0.000000
6,-1,34,9.0266294e+25,0.000000
3,-2,49,8.9936171e+25,0.000000
10,-9,4,8.9924914e+25,0.000000
9,-4,-34,8.9891664e+25,0.000000
7,0,26,8.9644705e+25,0.000000
7,0,-26,8.9644705e+25,0.000000
5,0,48,8.8530098e+25,0.000000
5,0,-48,8.8530098e+25,0.000000
7,7,-20,8.7934841e+25,0.000000
6,4,-34,8.7582838e+25,0.000000
10,-6,-47,8.7412288e+25,0.000000
8,2,-20,8.7275169e+25,0.000000
8,2,-26,8.6982103e+25,0.000000
7,4,-25,8.6663646e+25,0.000000
7,6,-41,8.6288602e+25,0.000000
7,1,24,8.610975e+25,0.000000
9,-4,-38,8.5654259e+25,0.000000
6,1,29,8.5634045e+25,0.000000
8,-2,-33,8.5539431e+25,0.000000
6,0,42,8.5531525e+25,0.000000
6,0,-42,8.5531525e+25,0.000000
9,-1,-5,8.5462909e+25,0.000000
7,-3,5,8.5110754e+25,0.000000
9,3,-6,8.498899e+25,0.000000
6,-6,7,8.4898298e+25,0.000000
9,-4,-39,8.4859304e+25,0.000000
4,3,14,8.4793786e+25,0.000000
9,1,-9,8.43478e+25,0.000000
9,-4,-37,8.433844e+25,0.000000
5,1,37,8.3912252e+25,0.000000
7,4,-31,8.3393577e+25,0.000000
9,-3,-27,8.327526e+25,0.000000
6,-1,-51,8.3218744e+25,0.000000
8,4,-26,8.2996923e+25,0.000000
7,4,-30,8.2943152e+25,0.000000
7,7,-21,8.2721038e+25,0.000000
9,-1,-8,8.2556825e+25,0.000000
6,1,-39,8.2231216e+25,0.000000
9,-4,-36,8.2183144e+25,0.000000
7,0,27,8.2174474e+25,0.000000
7,0,-27,8.2174474e+25,0.000000
9,-4,-35,8.2168253e+25,0.000000
8,1,-22,8.2093481e+25,0.000000
9,-6,-54,8.1818227e+25,0.000000
5,3,10,8.1805344e+25,0.000000
8,6,-27,8.1763159e+25,0.000000
9,-4,-40,8.1714648e+25,0.000000
7,4,-32,8.1079238e+25,0.000000
6,-2,-49,8.0950622e+25,0.000000
9,5,-4,8.0803417e+25,0.000000
4,-4,30,8.063793e+25,0.000000
10,-8,5,8.0577193e+25,0.000000
8,-1,-25,8.0459658e+25,0.000000
9,-2,-10,8.0344407e+25,0.000000
10,-4,-30,8.0242718e+25,0.000000
7,4,-29,7.9764675e+25,0.000000
6,-3,21,7.9665032e+25,0.000000
6,-2,25,7.9617016e+25,0.000000
7,2,-35,7.957689e+25,0.000000
5,-4,21,7.8621914e+25,0.000000
10,-10,3,7.8255502e+25,0.000000
9,-9,6,7.8024128e+25,0.000000
10,-7,-55,7.7798638e+25,0.000000
7,7,-22,7.7757669e+25,0.000000
7,3,-38,7.6669495e+25,0.000000
9,-4,-41,7.6538627e+25,0.000000
2,1,43,7.6460262e+25,0.000000
7,4,-33,7.644796e+25,0.000000
3,3,21,7.6160311e+25,0.000000
8,2,-27,7.5856539e+25,0.000000
5,-1,43,7.5192346e+25,0.000000
8,5,-22,7.4844543e+25,0.000000
7,4,-28,7.480963e+25,0.000000
6,6,-54,7.4657448e+25,0.000000
4,-3,37,7.446012e+25,0.000000
7,6,-42,7.4201584e+25,0.000000
5,1,-50,7.3672681e+25,0.000000
4,-2,43,7.3513329e+25,0.000000
8,0,22,7.3255671e+25,0.000000
8,0,-22,7.3255671e+25,0.000000
7,7,-23,7.313472e+25,0.000000
8,-3,-47,7.307979e+25,0.000000
7,0,28,7.2567122e+25,0.000000
7,0,-28,7.2567122e+25,0.000000
7,4,-26,7.1788558e+25,0.000000
7,5,-38,7.1492736e+25,0.000000
9,5,0,7.1491598e+25,0.000000
8,6,-28,7.1476002e+25,0.000000
7,-2,-29,7.1251542e+25,0.000000
2,2,25,7.0863424e+25,0.000000
7,4,-27,7.0550689e+25,0.000000
7,4,-34,7.0145379e+25,0.000000
6,5,-55,7.0115489e+25,0.000000
9,-4,-42,6.9891782e+25,0.000000
6,1,-40,6.9873078e+25,0.000000
7,7,-24,6.8917239e+25,0.000000
8,3,-18,6.8304476e+25,0.000000
5,3,11,6.7769238e+25,0.000000
9,-5,-49,6.6774063e+25,0.000000
10,-5,-36,6.5908981e+25,0.000000
10,-6,-48,6.5754301e+25,0.000000
6,3,-46,6.5639667e+25,0.000000
9,4,-1,6.5559496e+25,0.000000
5,-5,14,6.5492407e+25,0.000000
7,7,-25,6.5139758e+25,0.000000
9,-1,-9,6.4990681e+25,0.000000
5,2,20,6.4815795e+25,0.000000
3,-3,46,6.4215538e+25,0.000000
8,2,-28,6.4081783e+25,0.000000
9,-2,-11,6.4037639e+25,0.000000
8,5,3,6.4037438e+25,0.000000
3,-2,50,6.3935068e+25,0.000000
7,-1,29,6.3717896e+25,0.000000
7,1,25,6.3635247e+25,0.000000
6,-1,-52,6.340371e+25,0.000000
7,6,-43,6.3400255e+25,0.000000
8,-2,-34,6.3221121e+25,0.000000
4,4,9,6.306927e+25,0.000000
9,3,-7,6.2874089e+25,0.000000
7,4,-35,6.2838054e+25,0.000000
7,-3,15,6.2776194e+25,0.000000
9,-4,-43,6.2382709e+25,0.000000
7,0,29,6.2073049e+25,0.000000
7,0,-29,6.2073049e+25,0.000000
8,6,-29,6.1846837e+25,0.000000
7,7,-26,6.1805068e+25,0.000000
7,-7,7,6.0665348e+25,0.000000
9,1,-10,6.0518659e+25,0.000000
8,5,-23,6.0110972e+25,0.000000
9,3,-1,5.9987165e+25,0.000000
10,-4,-31,5.9819229e+25,0.000000
6,-4,22,5.9806421e+25,0.000000
6,2,-44,5.9758681e+25,0.000000
9,5,-5,5.9756512e+25,0.000000
5,3,-49,5.9613511e+25,0.000000
6,0,43,5.9566433e+25,0.000000
6,0,-43,5.9566433e+25,0.000000
8,1,-23,5.927128e+25,0.000000
6,6,-55,5.9063438e+25,0.000000
7,3,-39,5.8994223e+25,0.000000
7,7,-27,5.8886265e+25,0.000000
6,1,-41,5.8251934e+25,0.000000
6,-3,22,5.7862454e+25,0.000000
5,3,12,5.7724344e+25,0.000000
5,-3,35,5.7388889e+25,0.000000
5,0,49,5.6981773e+25,0.000000
5,0,-49,5.6981773e+25,0.000000
8,4,-27,5.6903635e+25,0.000000
7,-1,-37,5.6869836e+25,0.000000
9,-6,-55,5.6805827e+25,0.000000
6,-1,35,5.6684418e+25,0.000000
9,4,1,5.6459358e+25,0.000000
7,7,-28,5.6331379e+25,0.000000
5,1,-51,5.6323277e+25,0.000000
6,2,22,5.5960451e+25,0.000000
9,3,-13,5.589409e+25,0.000000
9,3,-14,5.5793508e+25,0.000000
4,3,15,5.5494644e+25,0.000000
6,1,30,5.5266305e+25,0.000000
7,4,-36,5.5115878e+25,0.000000
7,1,-34,5.4812664e+25,0.000000
5,2,-44,5.4712855e+25,0.000000
9,-4,-44,5.4560384e+25,0.000000
7,7,-29,5.40699e+25,0.000000
8,-1,-26,5.3962371e+25,0.000000
7,6,-44,5.3836891e+25,0.000000
4,1,39,5.3591523e+25,0.000000
9,3,-12,5.3465085e+25,0.000000
7,2,-36,5.3125349e+25,0.000000
8,6,-30,5.2985143e+25,0.000000
9,3,-15,5.2972196e+25,0.000000
8,-3,-48,5.2761057e+25,0.000000
8,2,-29,5.2675581e+25,0.000000
4,-2,44,5.2347589e+25,0.000000
3,1,43,5.2256817e+25,0.000000
7,7,-30,5.2020488e+25,0.000000
7,0,30,5.1681417e+25,0.000000
7,0,-30,5.1681417e+25,0.000000
9,-1,-4,5.1651715e+25,0.000000
7,6,4,5.1460215e+25,0.000000
4,-1,46,5.1170771e+25,0.000000
7,5,-39,5.1048315e+25,0.000000
6,-3,4,5.103901e+25,0.000000
3,2,22,5.1022841e+25,0.000000
9,3,-8,5.0403738e+25,0.000000
7,-2,-30,5.0257644e+25,0.000000
7,7,-31,5.009901e+25,0.000000
4,2,26,4.9741619e+25,0.000000
9,1,-4,4.9717831e+25,0.000000
9,3,-11,4.9559301e+25,0.000000
9,-2,-12,4.9247854e+25,0.000000
10,-6,-49,4.9005737e+25,0.000000
5,1,38,4.882256e+25,0.000000
5,3,13,4.8259691e+25,0.000000
7,7,-32,4.8226045e+25,0.000000
6,-1,-53,4.8118482e+25,0.000000
9,3,-16,4.7881769e+25,0.000000
5,2,3,4.7804858e+25,0.000000
6,1,-42,4.7796222e+25,0.000000
7,4,-37,4.7448432e+25,0.000000
3,-2,51,4.7447584e+25,0.000000
8,5,-24,4.7439421e+25,0.000000
10,-10,2,4.7169967e+25,0.000000
9,-1,-10,4.6960637e+25,0.000000
9,-4,-45,4.686436e+25,0.000000
10,-5,-37,4.6483621e+25,0.000000
7,7,-33,4.6333123e+25,0.000000
9,5,-6,4.6144824e+25,0.000000
8,-2,-35,4.6141364e+25,0.000000
7,1,26,4.610809e+25,0.000000
9,3,-10,4.6090683e+25,0.000000
5,-4,22,4.5935982e+25,0.000000
9,-5,-50,4.5894049e+25,0.000000
9,-3,-28,4.5726261e+25,0.000000
9,3,-9,4.553288e+25,0.000000
4,-3,38,4.5500846e+25,0.000000
7,6,-45,4.5444012e+25,0.000000
6,3,-47,4.5217982e+25,0.000000
8,6,-31,4.4959453e+25,0.000000
7,3,-40,4.4950256e+25,0.000000
8,-7,6,4.4885356e+25,0.000000
3,-3,47,4.4758452e+25,0.000000
2,1,44,4.445708e+25,0.000000
7,7,-34,4.4367179e+25,0.000000
7,-1,30,4.398185e+25,0.000000
5,-2,27,4.3704378e+25,0.000000
10,-4,-32,4.3567776e+25,0.000000
6,-2,26,4.3084135e+25,0.000000
10,-9,2,4.3068337e+25,0.000000
4,-4,31,4.290577e+25,0.000000
5,1,-52,4.2513563e+25,0.000000
5,-1,44,4.236724e+25,0.000000
3,3,22,4.2360251e+25,0.000000
7,7,-35,4.2292988e+25,0.000000
8,2,-30,4.2287658e+25,0.000000
8,3,-19,4.2091158e+25,0.000000
6,-2,-50,4.2061877e+25,0.000000
7,0,31,4.2053554e+25,0.000000
7,0,-31,4.2053554e+25,0.000000
9,-5,4,4.1964981e+25,0.000000
8,0,23,4.1951443e+25,0.000000
8,0,-23,4.1951443e+25,0.000000
7,-2,1,4.1864817e+25,0.000000
8,1,-24,4.1805488e+25,0.000000
6,-3,23,4.1481493e+25,0.000000
9,3,-17,4.131421e+25,0.000000
6,0,44,4.1220343e+25,0.000000
6,0,-44,4.1220343e+25,0.000000
9,-1,-2,4.0269886e+25,0.000000
7,4,-38,4.0175475e+25,0.000000
7,7,-36,4.0093633e+25,0.000000
6,4,-35,4.0006683e+25,0.000000
9,-4,-46,3.9611945e+25,0.000000
9,1,-11,3.9554803e+25,0.000000
5,3,14,3.903663e+25,0.000000
6,1,-43,3.8699798e+25,0.000000
7,6,-46,3.8139983e+25,0.000000
8,4,-28,3.8003151e+25,0.000000
8,-3,-49,3.7972135e+25,0.000000
8,6,-32,3.7799477e+25,0.000000
7,7,-37,3.7769281e+25,0.000000
4,-2,45,3.7498698e+25,0.000000
4,4,10,3.7352588e+25,0.000000
9,4,-2,3.7081005e+25,0.000000
9,5,-7,3.7080054e+25,0.000000
3,-2,52,3.6957358e+25,0.000000
5,3,-50,3.6886009e+25,0.000000
8,5,-25,3.6773147e+25,0.000000
9,-2,-13,3.6490333e+25,0.000000
5,0,50,3.6414622e+25,0.000000
5,0,-50,3.6414622e+25,0.000000
6,-1,-54,3.6366295e+25,0.000000
5,-5,15,3.6337149e+25,0.000000
7,5,-40,3.6335195e+25,0.000000
10,-6,-50,3.6219333e+25,0.000000
6,2,-45,3.601925e+25,0.000000
4,3,16,3.5926665e+25,0.000000
5,-3,36,3.5816502e+25,0.000000
6,1,31,3.5426543e+25,0.000000
6,-4,23,3.5406752e+25,0.000000
8,-1,-27,3.5381713e+25,0.000000
7,7,-38,3.5334664e+25,0.000000
6,-1,36,3.5329131e+25,0.000000
7,2,-37,3.5093092e+25,0.000000
7,-2,-31,3.5014258e+25,0.000000
6,-1,1,3.4336848e+25,0.000000
8,6,4,3.4198395e+25,0.000000
9,3,-18,3.4127784e+25,0.000000
7,3,-41,3.3958413e+25,0.000000
7,0,32,3.355527e+25,0.000000
7,0,-32,3.355527e+25,0.000000
7,4,-39,3.3517064e+25,0.000000
8,-2,-36,3.3297467e+25,0.000000
8,2,-31,3.3253596e+25,0.000000
5,2,21,3.3176032e+25,0.000000
9,-4,-47,3.3006114e+25,0.000000
3,-3,48,3.285345e+25,0.000000
7,1,27,3.2850015e+25,0.000000
7,7,-39,3.2815768e+25,0.000000
9,-5,-51,3.262771e+25,0.000000
10,-5,-38,3.2047569e+25,0.000000
7,6,-47,3.1834142e+25,0.000000
5,1,-53,3.167329e+25,0.000000
4,-1,47,3.164697e+25,0.000000
6,2,23,3.157103e+25,0.000000
8,6,-33,3.1501124e+25,0.000000
10,-6,4,3.1474207e+25,0.000000
9,-1,-11,3.1292689e+25,0.000000
10,-10,5,3.1059673e+25,0.000000
10,-4,-33,3.10129e+25,0.000000
6,3,-48,3.1002203e+25,0.000000
6,1,-44,3.0989746e+25,0.000000
9,5,-8,3.0658089e+25,0.000000
5,3,15,3.0491952e+25,0.000000
7,7,-40,3.0246174e+25,0.000000
7,1,-35,3.0232744e+25,0.000000
3,-2,53,3.0181421e+25,0.000000
9,3,1,3.0077703e+25,0.000000
7,-1,31,3.0062213e+25,0.000000
4,1,40,2.946568e+25,0.000000
6,-3,24,2.9405131e+25,0.000000
7,-3,16,2.9394627e+25,0.000000
3,2,23,2.9078059e+25,0.000000
8,1,-25,2.8826579e+25,0.000000
7,-1,-38,2.8486328e+25,0.000000
6,0,45,2.8336796e+25,0.000000
6,0,-45,2.8336796e+25,0.000000
5,1,39,2.8166339e+25,0.000000
3,1,44,2.8153315e+25,0.000000
8,5,-26,2.7983603e+25,0.000000
4,-3,39,2.7765065e+25,0.000000
7,7,-41,2.7663459e+25,0.000000
7,4,-40,2.7593236e+25,0.000000
6,-1,-55,2.7358499e+25,0.000000
4,-2,46,2.7304612e+25,0.000000
8,4,3,2.7294462e+25,0.000000
2,2,26,2.7262423e+25,0.000000
8,-3,-50,2.7258355e+25,0.000000
9,-4,-48,2.7153935e+25,0.000000
9,3,-19,2.7059837e+25,0.000000
5,-4,23,2.6721464e+25,0.000000
8,3,-20,2.658569e+25,0.000000
10,-6,-51,2.6574302e+25,0.000000
9,4,0,2.6558185e+25,0.000000
7,6,-48,2.6431288e+25,0.000000
7,0,33,2.6327284e+25,0.000000
7,0,-33,2.6327284e+25,0.000000
9,-2,-14,2.6179824e+25,0.000000
8,6,-34,2.603304e+25,0.000000
2,1,45,2.6024777e+25,0.000000
7,5,-41,2.5793086e+25,0.000000
8,2,-32,2.567775e+25,0.000000
3,-2,54,2.5659684e+25,0.000000
9,5,-9,2.5643813e+25,0.000000
7,3,-42,2.5465516e+25,0.000000
3,-3,49,2.5438653e+25,0.000000
7,7,-42,2.5105959e+25,0.000000
8,4,-29,2.46973e+25,0.000000
9,-3,-29,2.4683813e+25,0.000000
6,1,-45,2.4587818e+25,0.000000
5,2,-45,2.4485302e+25,0.000000
8,-8,7,2.4287418e+25,0.000000
5,-1,45,2.4232236e+25,0.000000
7,-2,-32,2.4109316e+25,0.000000
5,-2,28,2.4098949e+25,0.000000
9,-5,-52,2.4052578e+25,0.000000
8,-2,-37,2.3786062e+25,0.000000
9,1,-12,2.3726518e+25,0.000000
3,3,23,2.35582e+25,0.000000
9,2,-1,2.3473593e+25,0.000000
5,1,-54,2.3277898e+25,0.000000
5,0,51,2.3125972e+25,0.000000
5,0,-51,2.3125972e+25,0.000000
8,0,24,2.3095944e+25,0.000000
8,0,-24,2.3095944e+25,0.000000
7,1,28,2.3067766e+25,0.000000
5,3,16,2.304794e+25,0.000000
4,3,17,2.3017282e+25,0.000000
7,2,-38,2.293826e+25,0.000000
6,-2,27,2.2918679e+25,0.000000
4,-4,32,2.2841541e+25,0.000000
8,-1,-28,2.2674939e+25,0.000000
7,7,-43,2.2610096e+25,0.000000
6,1,32,2.2560049e+25,0.000000
3,-2,55,2.2475755e+25,0.000000
7,4,-41,2.2446711e+25,0.000000
5,3,-51,2.2321676e+25,0.000000
5,-3,37,2.2286748e+25,0.000000
9,-4,-49,2.2088403e+25,0.000000
4,-1,48,2.2005146e+25,0.000000
6,-1,37,2.1838242e+25,0.000000
7,6,-49,2.1835424e+25,0.000000
6,-2,-51,2.1605113e+25,0.000000
4,4,11,2.1596916e+25,0.000000
10,-5,-39,2.1579414e+25,0.000000
10,-4,-34,2.1578295e+25,0.000000
8,6,-35,2.1343604e+25,0.000000
9,5,-10,2.1309982e+25,0.000000
6,2,-46,2.127855e+25,0.000000
9,6,-3,2.1209431e+25,0.000000
6,3,-49,2.1144166e+25,0.000000
6,-4,24,2.0895103e+25,0.000000
8,5,-27,2.0891724e+25,0.000000
3,-3,50,2.0703881e+25,0.000000
5,-5,16,2.065683e+25,0.000000
6,-3,25,2.0642316e+25,0.000000
9,3,-20,2.0635801e+25,0.000000
4,-2,47,2.0435224e+25,0.000000
7,-1,32,2.0367842e+25,0.000000
7,0,34,2.0357585e+25,0.000000
7,0,-34,2.0357585e+25,0.000000
7,7,-44,2.0208359e+25,0.000000
8,-2,1,2.0141419e+25,0.000000
3,2,24,2.0031068e+25,0.000000
9,2,-6,1.9728767e+25,0.000000
9,1,-3,1.960637e+25,0.000000
8,-3,-51,1.9526442e+25,0.000000
9,2,-7,1.9512589e+25,0.000000
8,2,-33,1.9509765e+25,0.000000
9,-1,-12,1.9449236e+25,0.000000
8,1,-26,1.9439432e+25,0.000000
10,-6,-52,1.9380119e+25,0.000000
6,1,-46,1.9358469e+25,0.000000
6,0,46,1.934365e+25,0.000000
6,0,-46,1.934365e+25,0.000000
4,2,27,1.933142e+25,0.000000
7,3,3,1.9224148e+25,0.000000
7,3,-43,1.8975404e+25,0.000000
9,6,-4,1.8543967e+25,0.000000
8,3,-21,1.8540887e+25,0.000000
9,-2,-15,1.8483991e+25,0.000000
9,-5,-53,1.8338896e+25,0.000000
7,5,-42,1.8268372e+25,0.000000
8,7,-4,1.8162923e+25,0.000000
9,2,-8,1.812765e+25,0.000000
7,4,-42,1.8064733e+25,0.000000
9,2,-5,1.8038998e+25,0.000000
7,6,-50,1.7952733e+25,0.000000
7,7,-45,1.7927954e+25,0.000000
6,4,-36,1.790537e+25,0.000000
9,-4,-50,1.7789601e+25,0.000000
3,-3,51,1.757639e+25,0.000000
6,2,24,1.752844e+25,0.000000
5,-2,29,1.740998e+25,0.000000
8,6,-36,1.7367628e+25,0.000000
9,5,-11,1.7336981e+25,0.000000
9,-2,-3,1.7035262e+25,0.000000
4,-1,49,1.7035232e+25,0.000000
4,-3,40,1.6915845e+25,0.000000
5,3,17,1.6911514e+25,0.000000
5,1,-55,1.6863532e+25,0.000000
9,4,-3,1.6849297e+25,0.000000
8,-2,-38,1.6836509e+25,0.000000
8,2,1,1.68112e+25,0.000000
8,7,-5,1.6731307e+25,0.000000
7,-2,-33,1.6414748e+25,0.000000
5,2,22,1.6403708e+25,0.000000
8,3,-26,1.6327287e+25,0.000000
8,3,-27,1.632244e+25,0.000000
7,1,-36,1.622459e+25,0.000000
9,6,-2,1.6186137e+25,0.000000
5,1,40,1.6103663e+25,0.000000
9,2,-9,1.6006407e+25,0.000000
7,1,29,1.5995319e+25,0.000000
4,1,41,1.5976021e+25,0.000000
4,-2,48,1.5879186e+25,0.000000
8,3,-25,1.583886e+25,0.000000
8,3,-28,1.5792166e+25,0.000000
7,7,-46,1.5790088e+25,0.000000
9,-1,-3,1.5640664e+25,0.000000
8,4,-30,1.5597586e+25,0.000000
3,2,25,1.5561507e+25,0.000000
7,0,35,1.5543487e+25,0.000000
7,0,-35,1.5543487e+25,0.000000
5,-4,24,1.5481993e+25,0.000000
3,-3,52,1.5417968e+25,0.000000
2,1,46,1.5385269e+25,0.000000
8,5,-28,1.5289025e+25,0.000000
3,1,45,1.5277066e+25,0.000000
8,3,-22,1.5230757e+25,0.000000
5,-2,30,1.5206188e+25,0.000000
9,3,-21,1.5155179e+25,0.000000
6,1,-47,1.5142627e+25,0.000000
8,3,-24,1.5079333e+25,0.000000
8,7,-3,1.5036591e+25,0.000000
7,2,-39,1.483535e+25,0.000000
8,3,-29,1.4811922e+25,0.000000
9,6,-5,1.475323e+25,0.000000
7,6,-51,1.469382e+25,0.000000
10,-4,-35,1.4675737e+25,0.000000
5,0,52,1.4630452e+25,0.000000
5,0,-52,1.4630452e+25,0.000000
8,2,-34,1.4610949e+25,0.000000
4,3,18,1.4601578e+25,0.000000
8,3,-23,1.4565833e+25,0.000000
7,2,10,1.4509227e+25,0.000000
8,7,-6,1.4497809e+25,0.000000
7,2,9,1.4472498e+25,0.000000
7,4,-43,1.439802e+25,0.000000
6,-3,26,1.4368253e+25,0.000000
9,-5,-54,1.436799e+25,0.000000
5,-1,46,1.4352033e+25,0.000000
6,3,-50,1.4334302e+25,0.000000
6,1,33,1.4273072e+25,0.000000
10,-9,5,1.4244787e+25,0.000000
9,-2,-2,1.4235402e+25,0.000000
9,-4,-51,1.4203149e+25,0.000000
8,-1,-29,1.4195645e+25,0.000000
10,-5,-40,1.4183446e+25,0.000000
4,-1,50,1.4122854e+25,0.000000
5,-2,31,1.408531e+25,0.000000
10,-6,-53,1.4069039e+25,0.000000
7,3,-44,1.4062352e+25,0.000000
8,6,-37,1.4032274e+25,0.000000
8,-1,6,1.402215e+25,0.000000
8,-3,-52,1.3963125e+25,0.000000
7,-1,-39,1.3874595e+25,0.000000
9,-3,-30,1.3857488e+25,0.000000
3,-3,53,1.3847517e+25,0.000000
5,-3,38,1.3826977e+25,0.000000
7,7,-47,1.380977e+25,0.000000
7,-1,33,1.368797e+25,0.000000
9,5,-12,1.3687673e+25,0.000000
7,7,5,1.3627622e+25,0.000000
8,-1,7,1.355346e+25,0.000000
8,-6,6,1.3509326e+25,0.000000
8,3,-30,1.3505496e+25,0.000000
9,2,-4,1.3452998e+25,0.000000
9,2,-10,1.3450992e+25,0.000000
9,1,-13,1.3450318e+25,0.000000
7,2,11,1.339346e+25,0.000000
6,-1,38,1.3374825e+25,0.000000
9,-2,-16,1.327725e+25,0.000000
5,3,-52,1.3156314e+25,0.000000
3,3,24,1.310726e+25,0.000000
6,0,47,1.310563e+25,0.000000
6,0,-47,1.310563e+25,0.000000
7,-3,17,1.2924735e+25,0.000000
7,5,-43,1.2914936e+25,0.000000
5,-2,32,1.2907006e+25,0.000000
4,-2,49,1.288701e+25,0.000000
7,2,8,1.2858471e+25,0.000000
8,3,2,1.2839692e+25,0.000000
8,1,-27,1.282061e+25,0.000000
8,7,-7,1.2763236e+25,0.000000
3,-3,54,1.2637007e+25,0.000000
3,2,26,1.2590467e+25,0.000000
5,4,5,1.245108e+25,0.000000
4,4,12,1.2324214e+25,0.000000
6,-4,25,1.2295305e+25,0.000000
6,2,-47,1.2266025e+25,0.000000
8,0,25,1.2189242e+25,0.000000
8,0,-25,1.2189242e+25,0.000000
4,-4,33,1.2170582e+25,0.000000
5,3,18,1.2085265e+25,0.000000
4,-1,51,1.2039143e+25,0.000000
5,-5,17,1.2015586e+25,0.000000
8,3,-31,1.2006209e+25,0.000000
7,7,-48,1.1996047e+25,0.000000
7,6,-52,1.1975288e+25,0.000000
2,2,27,1.1974425e+25,0.000000
9,6,-6,1.195534e+25,0.000000
6,-2,28,1.1951513e+25,0.000000
8,-2,-39,1.1819404e+25,0.000000
6,-2,-52,1.1792942e+25,0.000000
6,1,-48,1.1779528e+25,0.000000
7,0,36,1.1737237e+25,0.000000
7,0,-36,1.1737237e+25,0.000000
9,-1,-13,1.1699755e+25,0.000000
3,-3,55,1.1649297e+25,0.000000
7,2,12,1.1598878e+25,0.000000
10,-4,2,1.1526653e+25,0.000000
8,7,-8,1.1509748e+25,0.000000
9,-5,-55,1.1472529e+25,0.000000
5,-2,33,1.1455034e+25,0.000000
7,4,-44,1.1376011e+25,0.000000
9,7,-4,1.1335373e+25,0.000000
8,6,-38,1.1261951e+25,0.000000
9,-4,-52,1.1255038e+25,0.000000
8,-1,8,1.1057755e+25,0.000000
7,-2,-34,1.1055042e+25,0.000000
5,2,-46,1.1022526e+25,0.000000
7,1,30,1.0969683e+25,0.000000
8,5,-29,1.0956146e+25,0.000000
4,-2,50,1.092042e+25,0.000000
8,-1,5,1.0872776e+25,0.000000
8,2,-35,1.0801336e+25,0.000000
9,2,-11,1.0735277e+25,0.000000
9,3,-22,1.0724468e+25,0.000000
8,7,-9,1.0547017e+25,0.000000
9,7,-3,1.0468506e+25,0.000000
9,5,-13,1.0466776e+25,0.000000
8,3,-32,1.0434262e+25,0.000000
7,3,-45,1.0372886e+25,0.000000
7,7,-49,1.0352537e+25,0.000000
4,-3,41,1.0288736e+25,0.000000
4,-1,52,1.0265456e+25,0.000000
9,-2,-17,1.0185228e+25,0.000000
10,-6,-54,1.0184583e+25,0.000000
3,2,27,1.0146914e+25,0.000000
10,-2,-11,1.0106277e+25,0.000000
9,6,-7,1.0011162e+25,0.000000
9,4,-4,9.9992803e+24,0.000000
8,-3,-53,9.9689313e+24,0.000000
10,-2,-12,9.9676053e+24,0.000000
5,2,-53,9.9519636e+24,0.000000
6,-3,27,9.9270489e+24,0.000000
9,7,-5,9.9169726e+24,0.000000
5,2,-54,9.8985876e+24,0.000000
10,-2,-10,9.8543039e+24,0.000000
5,-2,34,9.8265356e+24,0.000000
8,7,-10,9.7601638e+24,0.000000
10,-4,-36,9.7554719e+24,0.000000
7,6,-53,9.7207266e+24,0.000000
8,-4,4,9.7121685e+24,0.000000
6,3,-51,9.6491879e+24,0.000000
5,2,-52,9.6224819e+24,0.000000
4,-2,51,9.6058351e+24,0.000000
6,2,25,9.5752932e+24,0.000000
8,4,-31,9.5601944e+24,0.000000
5,2,-55,9.5417134e+24,0.000000
7,2,13,9.5323046e+24,0.000000
7,2,7,9.5247941e+24,0.000000
7,2,-40,9.4923716e+24,0.000000
10,-2,-13,9.4089029e+24,0.000000
9,-2,0,9.3673749e+24,0.000000
9,-7,6,9.3198515e+24,0.000000
10,-2,-9,9.2945626e+24,0.000000
5,0,53,9.2666293e+24,0.000000
5,0,-53,9.2666293e+24,0.000000
2,1,47,9.2308126e+24,0.000000
4,3,19,9.1782825e+24,0.000000
7,-1,34,9.1300604e+24,0.000000
5,1,41,9.1241763e+24,0.000000
6,1,-49,9.1193533e+24,0.000000
7,5,-44,9.1166624e+24,0.000000
10,-5,-41,9.1032686e+24,0.000000
8,7,-11,9.0931161e+24,0.000000
5,-1,47,9.0228417e+24,0.000000
8,6,-39,8.9821116e+24,0.000000
6,1,34,8.9704317e+24,0.000000
5,-4,25,8.9358152e+24,0.000000
9,-3,-31,8.9300682e+24,0.000000
7,4,-45,8.9183871e+24,0.000000
8,3,-33,8.8858899e+24,0.000000
7,7,-50,8.8781674e+24,0.000000
9,-4,-53,8.8628221e+24,0.000000
5,2,-51,8.8626815e+24,0.000000
6,1,2,8.8103168e+24,0.000000
6,0,48,8.8070903e+24,0.000000
6,0,-48,8.8070903e+24,0.000000
7,0,37,8.7774403e+24,0.000000
7,0,-37,8.7774403e+24,0.000000
9,6,2,8.7760531e+24,0.000000
4,-2,52,8.6875154e+24,0.000000
9,6,0,8.6839866e+24,0.000000
9,-2,-18,8.6836766e+24,0.000000
8,-1,-30,8.6749068e+24,0.000000
4,-1,53,8.6257922e+24,0.000000
6,4,-37,8.5906004e+24,0.000000
9,6,-8,8.5813026e+24,0.000000
5,-3,39,8.5512435e+24,0.000000
9,-2,-22,8.5477074e+24,0.000000
4,1,42,8.5427766e+24,0.000000
10,-2,-8,8.5183026e+24,0.000000
8,7,-12,8.5166006e+24,0.000000
9,-8,6,8.476374e+24,0.000000
10,-2,-14,8.4737759e+24,0.000000
9,4,-9,8.4633431e+24,0.000000
9,-2,-21,8.4607826e+24,0.000000
9,4,-8,8.4585598e+24,0.000000
7,1,-37,8.4436181e+24,0.000000
5,3,19,8.4374358e+24,0.000000
3,1,46,8.4261816e+24,0.000000
9,4,-10,8.4250387e+24,0.000000
9,-2,-23,8.403633e+24,0.000000
9,4,-11,8.374639e+24,0.000000
9,4,-7,8.3649716e+24,0.000000
9,7,-6,8.3607849e+24,0.000000
9,4,-5,8.3481774e+24,0.000000
9,4,-12,8.3034443e+24,0.000000
8,1,-28,8.266594e+24,0.000000
9,-2,-20,8.2658004e+24,0.000000
8,-2,-40,8.2352336e+24,0.000000
9,4,-6,8.2146993e+24,0.000000
9,-2,-19,8.2115065e+24,0.000000
5,-2,35,8.1771208e+24,0.000000
9,4,-13,8.172982e+24,0.000000
7,-5,6,8.170462e+24,0.000000
9,2,-12,8.1183234e+24,0.000000
6,-1,39,8.1054366e+24,0.000000
8,7,-13,8.011622e+24,0.000000
3,2,28,8.0106383e+24,0.000000
9,-2,-24,8.0023165e+24,0.000000
4,-2,53,7.9997051e+24,0.000000
8,-1,9,7.9509915e+24,0.000000
9,4,-14,7.9375581e+24,0.000000
10,-2,-2,7.9283389e+24,0.000000
9,1,-14,7.9151471e+24,0.000000
8,2,-36,7.8923482e+24,0.000000
6,-2,-53,7.867269e+24,0.000000
8,1,6,7.8628461e+24,0.000000
7,6,-54,7.8612273e+24,0.000000
5,2,23,7.8131981e+24,0.000000
9,5,-14,7.8011634e+24,0.000000
10,-3,-2,7.7380617e+24,0.000000
5,2,-50,7.7097756e+24,0.000000
8,5,-30,7.6776136e+24,0.000000
7,3,-46,7.6209721e+24,0.000000
10,-2,-7,7.5940387e+24,0.000000
7,7,-51,7.5680029e+24,0.000000
9,4,-15,7.5645528e+24,0.000000
8,7,-14,7.562823e+24,0.000000
9,-6,5,7.5441912e+24,0.000000
5,3,-53,7.5290806e+24,0.000000
7,2,14,7.4903968e+24,0.000000
8,1,7,7.4806922e+24,0.000000
9,-1,-14,7.4802436e+24,0.000000
9,6,-9,7.4680559e+24,0.000000
6,-2,-55,7.4555872e+24,0.000000
7,1,31,7.4494675e+24,0.000000
4,-2,54,7.4364063e+24,0.000000
8,3,-34,7.4303146e+24,0.000000
9,-2,-25,7.379556e+24,0.000000
7,-2,-35,7.3670007e+24,0.000000
10,-6,-55,7.3666082e+24,0.000000
10,-2,-1,7.3371169e+24,0.000000
9,3,-23,7.3106212e+24,0.000000
3,3,25,7.299481e+24,0.000000
10,-5,3,7.2803846e+24,0.000000
10,-2,-15,7.2681284e+24,0.000000
9,1,-19,7.25782e+24,0.000000
6,-4,26,7.215471e+24,0.000000
9,1,-20,7.2139131e+24,0.000000
9,7,-7,7.1868404e+24,0.000000
8,7,-15,7.1568076e+24,0.000000
9,5,3,7.139309e+24,0.000000
8,-5,5,7.1393077e+24,0.000000
5,-5,18,7.1320854e+24,0.000000
8,6,-40,7.1219931e+24,0.000000
9,-3,-32,7.1065813e+24,0.000000
8,-3,-54,7.1055246e+24,0.000000
4,-1,54,7.0931335e+24,0.000000
9,4,-16,7.0453717e+24,0.000000
6,1,-50,7.0295379e+24,0.000000
6,-2,-54,6.9758732e+24,0.000000
4,4,13,6.9725772e+24,0.000000
4,2,28,6.9631179e+24,0.000000
10,-2,-4,6.9563758e+24,0.000000
9,-4,-54,6.9434563e+24,0.000000
7,4,-46,6.943229e+24,0.000000
4,-2,55,6.9353539e+24,0.000000
8,7,-2,6.901195e+24,0.000000
9,-1,-19,6.8782048e+24,0.000000
6,1,1,6.8728376e+24,0.000000
9,1,-18,6.8683079e+24,0.000000
6,2,-48,6.8653051e+24,0.000000
6,-3,28,6.8137373e+24,0.000000
9,-3,-35,6.7855919e+24,0.000000
8,7,-16,6.7825803e+24,0.000000
9,1,-21,6.7771424e+24,0.000000
9,-1,-20,6.7459084e+24,0.000000
9,-3,-34,6.7416426e+24,0.000000
7,-1,-40,6.7329533e+24,0.000000
2,2,28,6.6936456e+24,0.000000
9,-3,-33,6.6924378e+24,0.000000
10,-2,-6,6.6423887e+24,0.000000
9,-3,-36,6.6407605e+24,0.000000
9,-1,-18,6.6356105e+24,0.000000
5,-2,36,6.630974e+24,0.000000
9,-2,-26,6.6020521e+24,0.000000
9,6,-10,6.5665848e+24,0.000000
7,0,38,6.5081203e+24,0.000000
7,0,-38,6.5081203e+24,0.000000
8,7,0,6.5057902e+24,0.000000
4,-4,34,6.4972129e+24,0.000000
6,3,-52,6.4404419e+24,0.000000
8,7,-17,6.432326e+24,0.000000
7,5,-45,6.4277969e+24,0.000000
7,7,-52,6.4141058e+24,0.000000
9,4,-17,6.3963914e+24,0.000000
5,2,-49,6.383714e+24,0.000000
8,1,5,6.3835123e+24,0.000000
9,2,-3,6.3668561e+24,0.000000
10,-4,-37,6.339043e+24,0.000000
7,6,-55,6.3355062e+24,0.000000
9,7,-8,6.3176457e+24,0.000000
9,-3,-37,6.2775411e+24,0.000000
9,-1,-21,6.2755854e+24,0.000000
4,-3,42,6.2475329e+24,0.000000
5,2,-47,6.1948588e+24,0.000000
3,2,29,6.1726568e+24,0.000000
9,1,-17,6.167385e+24,0.000000
8,0,26,6.1540787e+24,0.000000
8,0,-26,6.1540787e+24,0.000000
5,-1,48,6.1417047e+24,0.000000
10,-2,-5,6.1297369e+24,0.000000
9,-1,-17,6.1188883e+24,0.000000
8,1,8,6.1179733e+24,0.000000
8,3,-35,6.1114262e+24,0.000000
8,7,-18,6.1016131e+24,0.000000
6,-2,29,6.0850867e+24,0.000000
9,1,-22,6.0625657e+24,0.000000
7,-1,35,6.0461706e+24,0.000000
7,2,-41,6.0074184e+24,0.000000
6,-2,3,5.9778923e+24,0.000000
8,-2,6,5.9724231e+24,0.000000
10,-2,-16,5.9308981e+24,0.000000
5,0,54,5.9292679e+24,0.000000
5,0,-54,5.9292679e+24,0.000000
6,0,49,5.8672591e+24,0.000000
6,0,-49,5.8672591e+24,0.000000
9,7,-2,5.8483565e+24,0.000000
9,6,-11,5.8180167e+24,0.000000
9,2,-13,5.8142174e+24,0.000000
9,-1,-15,5.809568e+24,0.000000
8,7,-19,5.7888303e+24,0.000000
9,7,0,5.7807473e+24,0.000000
5,3,20,5.7718104e+24,0.000000
9,5,-15,5.7652127e+24,0.000000
9,1,-15,5.7491891e+24,0.000000
9,-2,-27,5.7438568e+24,0.000000
9,-3,-38,5.7387968e+24,0.000000
4,3,20,5.7215685e+24,0.000000
10,-5,-42,5.7214135e+24,0.000000
8,2,-37,5.7063834e+24,0.000000
8,-2,-41,5.6990689e+24,0.000000
4,-1,55,5.6922313e+24,0.000000
8,4,-32,5.6833835e+24,0.000000
2,1,48,5.6659155e+24,0.000000
7,2,15,5.6573543e+24,0.000000
9,4,-18,5.6528979e+24,0.000000
9,-1,-16,5.6456082e+24,0.000000
9,7,-9,5.6428224e+24,0.000000
8,6,-41,5.6164223e+24,0.000000
6,1,35,5.5989181e+24,0.000000
7,3,-47,5.5799521e+24,0.000000
9,-1,-22,5.5695208e+24,0.000000
9,1,-16,5.544615e+24,0.000000
8,7,-20,5.4941345e+24,0.000000
8,-2,5,5.4802559e+24,0.000000
5,2,-48,5.46331e+24,0.000000
9,6,-1,5.4409021e+24,0.000000
9,2,-2,5.4243004e+24,0.000000
9,-4,-55,5.4184486e+24,0.000000
7,7,-53,5.4063583e+24,0.000000
6,1,-51,5.3968856e+24,0.000000
7,-3,18,5.3850884e+24,0.000000
7,4,-47,5.3723899e+24,0.000000
10,4,0,5.3505849e+24,0.000000
5,-3,40,5.2726028e+24,0.000000
6,5,5,5.2639296e+24,0.000000
5,-2,37,5.2618072e+24,0.000000
8,5,-31,5.2524975e+24,0.000000
6,4,-38,5.245314e+24,0.000000
8,7,-21,5.2183306e+24,0.000000
8,1,-29,5.2078404e+24,0.000000
9,1,-23,5.2003037e+24,0.000000
9,6,-12,5.1876343e+24,0.000000
8,-1,-31,5.1701709e+24,0.000000
8,-1,10,5.155544e+24,0.000000
6,2,26,5.1425403e+24,0.000000
5,-4,26,5.1379086e+24,0.000000
5,1,42,5.1286365e+24,0.000000
9,7,-10,5.0976783e+24,0.000000
9,-3,-39,5.0911571e+24,0.000000
8,-3,-55,5.0545916e+24,0.000000
7,2,6,5.0167154e+24,0.000000
7,1,32,5.0147327e+24,0.000000
8,7,-1,4.9656967e+24,0.000000
8,7,-22,4.9620142e+24,0.000000
8,3,-36,4.9518414e+24,0.000000
9,7,3,4.9232891e+24,0.000000
9,4,2,4.8866214e+24,0.000000
9,-2,-28,4.8716699e+24,0.000000
9,4,-19,4.8599902e+24,0.000000
7,-2,-36,4.8586451e+24,0.000000
6,-1,40,4.8523896e+24,0.000000
3,1,47,4.8040708e+24,0.000000
9,7,2,4.800557e+24,0.000000
9,3,-24,4.7955435e+24,0.000000
7,0,39,4.7891288e+24,0.000000
7,0,-39,4.7891288e+24,0.000000
9,-1,-23,4.7438565e+24,0.000000
8,7,-23,4.7251166e+24,0.000000
2,2,29,4.6712086e+24,0.000000
9,6,-13,4.6538339e+24,0.000000
6,-3,29,4.6496917e+24,0.000000
3,2,30,4.6484598e+24,0.000000
9,7,-11,4.6436019e+24,0.000000
10,-2,-17,4.6007458e+24,0.000000
10,-3,-8,4.5634073e+24,0.000000
5,-1,49,4.5420607e+24,0.000000
7,7,-54,4.5332105e+24,0.000000
7,5,-46,4.5276698e+24,0.000000
4,1,43,4.5177371e+24,0.000000
8,7,3,4.5141274e+24,0.000000
8,7,-24,4.5068156e+24,0.000000
10,-3,-7,4.5050945e+24,0.000000
10,-10,6,4.4877489e+24,0.000000
8,1,9,4.4796379e+24,0.000000
6,4,-41,4.435811e+24,0.000000
7,0,1,4.4249564e+24,0.000000
7,0,-1,4.4249564e+24,0.000000
8,6,-42,4.4068453e+24,0.000000
9,-3,-40,4.3997976e+24,0.000000
6,4,-42,4.3936116e+24,0.000000
6,4,-39,4.3859022e+24,0.000000
10,-3,-9,4.3585773e+24,0.000000
9,5,-16,4.3537646e+24,0.000000
6,4,-40,4.3522491e+24,0.000000
8,7,2,4.3308228e+24,0.000000
9,-4,3,4.3190063e+24,0.000000
5,-5,19,4.3062037e+24,0.000000
8,7,-25,4.305681e+24,0.000000
9,1,-24,4.3021495e+24,0.000000
6,3,-53,4.2544556e+24,0.000000
9,7,-12,4.2539792e+24,0.000000
7,1,-38,4.2530709e+24,0.000000
7,-5,9,4.230281e+24,0.000000
6,-4,27,4.2229115e+24,0.000000
9,6,-14,4.201515e+24,0.000000
5,3,-54,4.1922422e+24,0.000000
6,4,-43,4.1889522e+24,0.000000
7,4,-48,4.1346839e+24,0.000000
6,1,-52,4.1272019e+24,0.000000
7,2,16,4.1229934e+24,0.000000
8,7,-26,4.1199049e+24,0.000000
5,-2,38,4.0997856e+24,0.000000
9,6,1,4.0935803e+24,0.000000
8,2,-38,4.0866637e+24,0.000000
7,3,-48,4.073211e+24,0.000000
3,3,26,4.070817e+24,0.000000
9,4,-20,4.063713e+24,0.000000
10,-3,-10,4.0563011e+24,0.000000
9,-2,-29,4.0373619e+24,0.000000
10,-4,-38,4.0290615e+24,0.000000
8,-1,4,3.9817315e+24,0.000000
7,-1,36,3.9761837e+24,0.000000
9,2,-14,3.9602206e+24,0.000000
8,3,-37,3.9578226e+24,0.000000
8,7,-27,3.9475068e+24,0.000000
8,-2,-42,3.9191899e+24,0.000000
4,4,14,3.9175943e+24,0.000000
10,-3,-6,3.9118109e+24,0.000000
9,7,-13,3.9097596e+24,0.000000
9,7,-1,3.9049002e+24,0.000000
9,-1,-24,3.8983787e+24,0.000000
5,0,55,3.8875218e+24,0.000000
5,0,-55,3.8875218e+24,0.000000
5,3,21,3.8791479e+24,0.000000
6,0,50,3.8731817e+24,0.000000
6,0,-50,3.8731817e+24,0.000000
6,4,-44,3.8609841e+24,0.000000
9,6,-15,3.8181335e+24,0.000000
10,4,1,3.8097352e+24,0.000000
4,-3,43,3.7878522e+24,0.000000
8,7,-28,3.7864645e+24,0.000000
7,7,-55,3.7823301e+24,0.000000
7,2,-42,3.759097e+24,0.000000
10,-3,-11,3.7355654e+24,0.000000
9,-3,-41,3.7173598e+24,0.000000
6,2,-49,3.7153043e+24,0.000000
8,7,-29,3.6347679e+24,0.000000
2,2,30,3.614181e+24,0.000000
2,1,49,3.6022199e+24,0.000000
9,7,-14,3.5983892e+24,0.000000
5,-1,50,3.5913771e+24,0.000000
5,2,24,3.578725e+24,0.000000
7,3,8,3.5558224e+24,0.000000
7,-5,10,3.5527627e+24,0.000000
10,-5,-43,3.5493624e+24,0.000000
4,3,21,3.5406959e+24,0.000000
8,5,-32,3.501181e+24,0.000000
7,0,40,3.5005314e+24,0.000000
7,0,-40,3.5005314e+24,0.000000
7,-1,-41,3.4942833e+24,0.000000
9,6,-16,3.4917892e+24,0.000000
8,7,-30,3.4904277e+24,0.000000
9,5,-17,3.4902947e+24,0.000000
4,-4,35,3.4810547e+24,0.000000
6,1,36,3.4688001e+24,0.000000
6,4,-45,3.4645489e+24,0.000000
10,4,-1,3.4561744e+24,0.000000
9,1,-25,3.4489824e+24,0.000000
8,6,-43,3.4417426e+24,0.000000
3,2,31,3.430514e+24,0.000000
10,-3,-12,3.4235911e+24,0.000000
7,-4,11,3.4090976e+24,0.000000
7,3,7,3.4065004e+24,0.000000
7,-5,8,3.3919332e+24,0.000000
10,-2,-18,3.38974e+24,0.000000
8,7,-31,3.3514746e+24,0.000000
7,1,33,3.3486603e+24,0.000000
9,-9,7,3.3484496e+24,0.000000
7,-4,10,3.330049e+24,0.000000
9,7,-15,3.3129443e+24,0.000000
9,4,-21,3.3043248e+24,0.000000
10,-2,-3,3.2963162e+24,0.000000
8,4,-33,3.2829928e+24,0.000000
9,-2,-30,3.2760792e+24,0.000000
5,-3,41,3.2410854e+24,0.000000
8,-2,7,3.2194872e+24,0.000000
8,7,-32,3.2159781e+24,0.000000
9,6,-17,3.2107734e+24,0.000000
8,1,-30,3.2027548e+24,0.000000
9,1,-1,3.2017142e+24,0.000000
7,5,-47,3.1867397e+24,0.000000
7,-2,-37,3.1716711e+24,0.000000
7,4,-49,3.1674631e+24,0.000000
6,-3,30,3.1564245e+24,0.000000
5,-2,39,3.1451139e+24,0.000000
6,1,-53,3.1435991e+24,0.000000
8,3,-38,3.1240735e+24,0.000000
10,-3,-13,3.1212554e+24,0.000000
7,-4,12,3.1134224e+24,0.000000
8,-1,11,3.1104849e+24,0.000000
9,-1,-25,3.1047169e+24,0.000000
8,7,-33,3.0820972e+24,0.000000
9,-3,-42,3.0799611e+24,0.000000
9,5,-18,3.0531561e+24,0.000000
9,7,-16,3.050692e+24,0.000000
6,4,-46,3.0463954e+24,0.000000
9,5,-22,3.0452197e+24,0.000000
9,5,-23,3.0417985e+24,0.000000
9,3,-25,3.0218711e+24,0.000000
8,1,10,3.0152773e+24,0.000000
6,-2,30,3.0078948e+24,0.000000
8,-1,-32,3.0038651e+24,0.000000
9,5,-21,2.989872e+24,0.000000
8,0,27,2.982756e+24,0.000000
8,0,-27,2.982756e+24,0.000000
7,3,-49,2.9650861e+24,0.000000
9,6,-18,2.9639444e+24,0.000000
9,5,-24,2.9618607e+24,0.000000
5,-1,51,2.9599804e+24,0.000000
7,3,9,2.9496519e+24,0.000000
8,7,-34,2.9481601e+24,0.000000
10,-7,5,2.9457125e+24,0.000000
5,-4,27,2.9425393e+24,0.000000
9,5,-20,2.9188524e+24,0.000000
3,1,48,2.913888e+24,0.000000
7,2,17,2.9082589e+24,0.000000
9,5,-19,2.9053513e+24,0.000000
8,2,-39,2.9015308e+24,0.000000
5,1,43,2.8691388e+24,0.000000
6,-1,41,2.8635713e+24,0.000000
7,4,4,2.858604e+24,0.000000
2,2,31,2.8398469e+24,0.000000
10,-3,-14,2.8197618e+24,0.000000
8,7,-35,2.8127583e+24,0.000000
9,7,-17,2.8113332e+24,0.000000
9,5,-25,2.8063498e+24,0.000000
6,3,-54,2.7748601e+24,0.000000
8,8,-5,2.7737752e+24,0.000000
9,6,-19,2.7413777e+24,0.000000
7,-4,9,2.7121006e+24,0.000000
6,2,27,2.7111786e+24,0.000000
10,-3,-3,2.71023e+24,0.000000
10,-8,6,2.695932e+24,0.000000
9,1,-26,2.6894933e+24,0.000000
8,-2,-43,2.6794876e+24,0.000000
8,6,-44,2.6765917e+24,0.000000
8,7,-36,2.674837e+24,0.000000
8,8,-4,2.6659623e+24,0.000000
9,6,3,2.6655328e+24,0.000000
8,1,4,2.6519927e+24,0.000000
6,4,-47,2.6388253e+24,0.000000
5,-5,20,2.6362935e+24,0.000000
7,-4,13,2.6287858e+24,0.000000
9,4,-22,2.6123576e+24,0.000000
9,-2,-31,2.6074869e+24,0.000000
8,-2,13,2.6059728e+24,0.000000
9,2,-15,2.6048422e+24,0.000000
9,1,10,2.6022004e+24,0.000000
7,-1,37,2.5967946e+24,0.000000
9,7,-18,2.5953993e+24,0.000000
9,5,-26,2.5880819e+24,0.000000
9,1,9,2.5859411e+24,0.000000
7,-5,11,2.5698684e+24,0.000000
5,3,22,2.56779e+24,0.000000
7,0,41,2.5432553e+24,0.000000
7,0,-41,2.5432553e+24,0.000000
8,-2,14,2.5383611e+24,0.000000
9,2,0,2.5364914e+24,0.000000
9,6,-20,2.53492e+24,0.000000
6,0,51,2.5337741e+24,0.000000
6,0,-51,2.5337741e+24,0.000000
8,7,-37,2.5337642e+24,0.000000
8,8,-6,2.5212519e+24,0.000000
8,2,6,2.5135485e+24,0.000000
10,-3,-15,2.5108595e+24,0.000000
10,-4,-39,2.5100552e+24,0.000000
9,-3,-43,2.5095515e+24,0.000000
8,7,1,2.4998686e+24,0.000000
3,2,32,2.488032e+24,0.000000
9,7,1,2.485082e+24,0.000000
5,-1,52,2.4837779e+24,0.000000
8,2,5,2.465839e+24,0.000000
6,-4,28,2.4648338e+24,0.000000
10,2,-3,2.4479409e+24,0.000000
8,3,-39,2.4379175e+24,0.000000
7,4,-50,2.4170676e+24,0.000000
2,1,50,2.4127421e+24,0.000000
10,6,-3,2.4103859e+24,0.000000
9,-1,-26,2.4050271e+24,0.000000
9,7,-19,2.4031154e+24,0.000000
8,-2,12,2.3908061e+24,0.000000
8,7,-38,2.3893659e+24,0.000000
6,1,-54,2.384217e+24,0.000000
4,1,44,2.3827495e+24,0.000000
5,-2,40,2.3805336e+24,0.000000
10,6,-2,2.3777663e+24,0.000000
10,-2,-19,2.3692628e+24,0.000000
9,6,-21,2.3384808e+24,0.000000
9,1,11,2.3269717e+24,0.000000
9,5,-27,2.325803e+24,0.000000
7,2,-43,2.3246294e+24,0.000000
4,2,29,2.3192293e+24,0.000000
10,-3,-5,2.3189358e+24,0.000000
5,3,-55,2.3133795e+24,0.000000
4,-3,44,2.2938385e+24,0.000000
8,-2,15,2.2748481e+24,0.000000
3,3,27,2.2743016e+24,0.000000
9,0,11,2.272164e+24,0.000000
9,0,-11,2.272164e+24,0.000000
8,5,-33,2.2688117e+24,0.000000
9,0,12,2.2620161e+24,0.000000
9,0,-12,2.2620161e+24,0.000000
6,4,-48,2.2607142e+24,0.000000
8,8,-7,2.2527608e+24,0.000000
7,-3,19,2.2486346e+24,0.000000
8,7,-39,2.2419236e+24,0.000000
7,5,-48,2.2413933e+24,0.000000
9,7,-20,2.2338095e+24,0.000000
7,1,34,2.2196184e+24,0.000000
10,-5,-44,2.2121186e+24,0.000000
7,-1,-42,2.1922936e+24,0.000000
10,-3,-16,2.1919039e+24,0.000000
2,2,32,2.1899887e+24,0.000000
4,4,15,2.1867213e+24,0.000000
9,1,8,2.1804846e+24,0.000000
4,3,22,2.1773928e+24,0.000000
7,3,10,2.1560607e+24,0.000000
7,3,-50,2.1525962e+24,0.000000
10,-3,0,2.1525817e+24,0.000000
9,6,-22,2.1480421e+24,0.000000
6,-3,31,2.1326672e+24,0.000000
6,1,37,2.1317143e+24,0.000000
6,-6,10,2.1300105e+24,0.000000
10,-3,-1,2.1272564e+24,0.000000
9,0,10,2.1256277e+24,0.000000
9,0,-10,2.1256277e+24,0.000000
9,0,13,2.1161742e+24,0.000000
9,0,-13,2.1161742e+24,0.000000
7,-4,14,2.0961036e+24,0.000000
10,4,-5,2.0926931e+24,0.000000
8,7,-40,2.0921334e+24,0.000000
5,-1,53,2.0868192e+24,0.000000
9,7,-21,2.0857727e+24,0.000000
7,1,-39,2.0828377e+24,0.000000
8,6,-45,2.0735168e+24,0.000000
10,6,2,2.0519108e+24,0.000000
8,8,-8,2.049411e+24,0.000000
7,-2,-38,2.0494074e+24,0.000000
9,1,-27,2.0463001e+24,0.000000
8,2,-40,2.0439078e+24,0.000000
9,5,-28,2.0396536e+24,0.000000
9,-2,-32,2.0387996e+24,0.000000
10,4,-6,2.02763e+24,0.000000
9,-3,-44,2.0155034e+24,0.000000
9,4,-23,2.0072502e+24,0.000000
10,2,-4,1.998391e+24,0.000000
7,2,18,1.9905561e+24,0.000000
5,-3,42,1.987355e+24,0.000000
10,4,-4,1.9740293e+24,0.000000
9,6,-23,1.9614506e+24,0.000000
3,1,49,1.9565853e+24,0.000000
9,7,-22,1.956415e+24,0.000000
6,2,-50,1.9466544e+24,0.000000
8,1,11,1.9417732e+24,0.000000
8,7,-41,1.9410347e+24,0.000000
8,1,-31,1.9209743e+24,0.000000
6,4,-49,1.9208964e+24,0.000000
8,-2,16,1.9121929e+24,0.000000
8,8,-9,1.8968313e+24,0.000000
9,1,12,1.8944653e+24,0.000000
8,-1,12,1.88943e+24,0.000000
10,4,-7,1.8845229e+24,0.000000
8,3,-40,1.882637e+24,0.000000
4,-4,36,1.8784841e+24,0.000000
8,-2,11,1.876099e+24,0.000000
9,0,14,1.8721147e+24,0.000000
9,0,-14,1.8721147e+24,0.000000
10,-3,-17,1.8669681e+24,0.000000
8,4,-34,1.8579861e+24,0.000000
9,7,-23,1.8425626e+24,0.000000
7,4,-51,1.8385419e+24,0.000000
7,0,42,1.8376956e+24,0.000000
7,0,-42,1.8376956e+24,0.000000
8,8,-3,1.829434e+24,0.000000
9,0,9,1.82682e+24,0.000000
9,0,-9,1.82682e+24,0.000000
9,3,-26,1.8255884e+24,0.000000
8,-2,-44,1.821613e+24,0.000000
9,-1,-27,1.8176444e+24,0.000000
8,2,13,1.8170255e+24,0.000000
10,6,-4,1.8057972e+24,0.000000
7,2,2,1.8043046e+24,0.000000
6,1,-55,1.7998216e+24,0.000000
7,3,6,1.7988859e+24,0.000000
8,7,-42,1.7899188e+24,0.000000
7,-1,-46,1.7855144e+24,0.000000
6,3,-55,1.7815709e+24,0.000000
5,-2,41,1.7806114e+24,0.000000
6,4,5,1.7794503e+24,0.000000
7,-1,-43,1.7784725e+24,0.000000
9,6,-24,1.7780795e+24,0.000000
3,2,33,1.7778441e+24,0.000000
8,8,-10,1.7737348e+24,0.000000
7,-1,-47,1.7669164e+24,0.000000
8,2,14,1.7620403e+24,0.000000
6,-6,11,1.7577748e+24,0.000000
7,-1,-45,1.7572917e+24,0.000000
8,-1,18,1.7481203e+24,0.000000
9,5,-29,1.7481006e+24,0.000000
9,7,-24,1.7407914e+24,0.000000
5,-1,54,1.7379584e+24,0.000000
2,1,51,1.7344819e+24,0.000000
6,-6,9,1.7239946e+24,0.000000
7,-1,-44,1.7185795e+24,0.000000
9,2,-16,1.718557e+24,0.000000
7,-5,12,1.7102137e+24,0.000000
8,-1,17,1.7070405e+24,0.000000
8,2,12,1.7066463e+24,0.000000
10,4,-8,1.7051578e+24,0.000000
8,-1,-33,1.7029664e+24,0.000000
7,-1,-48,1.6982417e+24,0.000000
8,-1,19,1.6925035e+24,0.000000
7,-1,38,1.6838344e+24,0.000000
5,-4,28,1.6780659e+24,0.000000
5,3,23,1.6778812e+24,0.000000
8,8,-11,1.6671894e+24,0.000000
6,-1,42,1.6615408e+24,0.000000
9,7,-25,1.6477318e+24,0.000000
2,2,33,1.6462976e+24,0.000000
6,0,52,1.6444566e+24,0.000000
6,0,-52,1.6444566e+24,0.000000
8,7,-43,1.6402262e+24,0.000000
5,-5,21,1.6318097e+24,0.000000
10,2,-1,1.6276153e+24,0.000000
6,4,-50,1.6216616e+24,0.000000
5,1,44,1.6085454e+24,0.000000
8,6,-46,1.6007399e+24,0.000000
7,-4,15,1.6001763e+24,0.000000
9,-3,-45,1.5991256e+24,0.000000
9,6,-25,1.5984375e+24,0.000000
7,-1,-49,1.5897046e+24,0.000000
8,2,15,1.5871596e+24,0.000000
5,2,25,1.582408e+24,0.000000
7,-4,8,1.5775606e+24,0.000000
7,5,-49,1.5754233e+24,0.000000
5,5,6,1.5743785e+24,0.000000
9,0,15,1.5734137e+24,0.000000
9,0,-15,1.5734137e+24,0.000000
8,-1,16,1.5720997e+24,0.000000
8,8,-12,1.5708005e+24,0.000000
10,-2,-20,1.5684901e+24,0.000000
9,-2,-33,1.5681482e+24,0.000000
9,7,-26,1.5603152e+24,0.000000
8,-1,20,1.5600306e+24,0.000000
7,3,-51,1.5583324e+24,0.000000
10,4,-3,1.5554709e+24,0.000000
10,-3,-18,1.5453976e+24,0.000000
10,-4,-40,1.5400477e+24,0.000000
8,-2,17,1.5277269e+24,0.000000
3,1,55,1.527056e+24,0.000000
9,1,-28,1.5226896e+24,0.000000
10,2,-12,1.5168781e+24,0.000000
3,1,50,1.5046988e+24,0.000000
10,4,-9,1.4980535e+24,0.000000
9,4,-24,1.4979228e+24,0.000000
8,7,-44,1.4934454e+24,0.000000
10,2,-13,1.4925864e+24,0.000000
8,8,-13,1.4821111e+24,0.000000
9,7,-27,1.4759521e+24,0.000000
9,5,-30,1.4662142e+24,0.000000
7,1,35,1.4608658e+24,0.000000
7,-1,-50,1.4545945e+24,0.000000
7,3,11,1.4464708e+24,0.000000
8,3,-41,1.4399597e+24,0.000000
10,2,-11,1.439843e+24,0.000000
6,-3,32,1.4347394e+24,0.000000
6,-4,29,1.4343921e+24,0.000000
3,1,54,1.4319291e+24,0.000000
6,-2,31,1.4313614e+24,0.000000
10,-5,-45,1.430381e+24,0.000000
8,2,-41,1.4295065e+24,0.000000
5,-1,55,1.426588e+24,0.000000
8,5,-34,1.4261387e+24,0.000000
9,6,-26,1.4237825e+24,0.000000
9,1,13,1.4228595e+24,0.000000
8,2,11,1.4220093e+24,0.000000
7,2,-44,1.4198547e+24,0.000000
8,0,28,1.4188697e+24,0.000000
8,0,-28,1.4188697e+24,0.000000
9,1,7,1.4160731e+24,0.000000
8,2,7,1.41381e+24,0.000000
9,0,8,1.4108628e+24,0.000000
9,0,-8,1.4108628e+24,0.000000
8,8,-14,1.4006485e+24,0.000000
6,2,28,1.399731e+24,0.000000
7,4,-52,1.3949141e+24,0.000000
10,6,0,1.3937581e+24,0.000000
9,7,-28,1.3926415e+24,0.000000
4,-3,45,1.3882356e+24,0.000000
8,-1,15,1.3872914e+24,0.000000
9,-1,10,1.3835205e+24,0.000000
6,3,4,1.3789947e+24,0.000000
8,-1,21,1.3787339e+24,0.000000
7,-4,5,1.3776122e+24,0.000000
10,2,-14,1.3759236e+24,0.000000
9,-1,9,1.3622791e+24,0.000000
6,4,-51,1.3615461e+24,0.000000
2,1,52,1.3558148e+24,0.000000
8,7,-45,1.3510203e+24,0.000000
8,-1,13,1.3480768e+24,0.000000
3,1,53,1.3476618e+24,0.000000
8,2,16,1.3464537e+24,0.000000
9,-1,-28,1.3434366e+24,0.000000
8,8,-1,1.3381823e+24,0.000000
4,3,23,1.3320338e+24,0.000000
3,1,51,1.3276938e+24,0.000000
10,2,-5,1.3264895e+24,0.000000
8,8,-15,1.3264571e+24,0.000000
7,2,19,1.3248574e+24,0.000000
7,0,43,1.3212184e+24,0.000000
7,0,-43,1.3212184e+24,0.000000
5,-2,42,1.3177593e+24,0.000000
8,7,4,1.3121652e+24,0.000000
7,-2,-39,1.3107398e+24,0.000000
9,7,-29,1.3090162e+24,0.000000
7,-1,-51,1.3053101e+24,0.000000
3,1,52,1.2990988e+24,0.000000
8,1,12,1.2984962e+24,0.000000
6,1,38,1.2981576e+24,0.000000
7,5,5,1.2979503e+24,0.000000
10,6,-5,1.2955594e+24,0.000000
9,7,4,1.2912317e+24,0.000000
10,2,-10,1.2781187e+24,0.000000
4,1,45,1.2767907e+24,0.000000
3,3,28,1.2732744e+24,0.000000
10,4,-10,1.2671717e+24,0.000000
8,-2,8,1.2657492e+24,0.000000
9,0,16,1.260652e+24,0.000000
9,0,-16,1.260652e+24,0.000000
8,8,-16,1.2592389e+24,0.000000
9,6,-27,1.2557734e+24,0.000000
9,-3,-46,1.2557509e+24,0.000000
8,-1,14,1.2557043e+24,0.000000
3,2,34,1.2542368e+24,0.000000
10,4,-2,1.2491271e+24,0.000000
10,-3,-19,1.239139e+24,0.000000
9,-1,11,1.236406e+24,0.000000
6,-6,12,1.2341261e+24,0.000000
8,6,-47,1.2319272e+24,0.000000
10,5,-2,1.2319044e+24,0.000000
8,-2,-45,1.231508e+24,0.000000
8,1,18,1.228958e+24,0.000000
9,7,-30,1.2243314e+24,0.000000
8,1,17,1.2196951e+24,0.000000
9,2,-17,1.2190912e+24,0.000000
5,-3,43,1.2165809e+24,0.000000
8,7,-46,1.214273e+24,0.000000
4,4,16,1.2123749e+24,0.000000
2,2,34,1.2105006e+24,0.000000
8,-2,10,1.206927e+24,0.000000
9,5,-31,1.2049741e+24,0.000000
8,8,-17,1.1981403e+24,0.000000
10,2,-15,1.1929589e+24,0.000000
9,-2,-34,1.187855e+24,0.000000
7,6,5,1.1837132e+24,0.000000
8,8,3,1.1813998e+24,0.000000
7,-4,16,1.1806176e+24,0.000000
8,1,19,1.1768824e+24,0.000000
8,-1,22,1.1756522e+24,0.000000
8,-2,18,1.1711606e+24,0.000000
8,5,4,1.1602017e+24,0.000000
2,1,53,1.1522739e+24,0.000000
7,-1,-52,1.1518609e+24,0.000000
8,1,16,1.1507171e+24,0.000000
7,-1,2,1.1434362e+24,0.000000
8,8,-18,1.1419903e+24,0.000000
9,7,-31,1.138406e+24,0.000000
10,6,1,1.1380195e+24,0.000000
6,4,-52,1.1372609e+24,0.000000
9,2,-23,1.1336204e+24,0.000000
10,2,-2,1.1250989e+24,0.000000
7,3,-52,1.1245688e+24,0.000000
10,6,-1,1.1241862e+24,0.000000
8,1,-32,1.1231214e+24,0.000000
9,2,-22,1.1200277e+24,0.000000
9,-1,8,1.117694e+24,0.000000
9,1,-29,1.1104433e+24,0.000000
7,-3,20,1.1104365e+24,0.000000
7,5,-50,1.1065284e+24,0.000000
9,2,-24,1.1056803e+24,0.000000
7,2,5,1.1045632e+24,0.000000
9,6,-28,1.0961787e+24,0.000000
10,5,1,1.09528e+24,0.000000
8,3,-42,1.0917788e+24,0.000000
8,8,-19,1.0896753e+24,0.000000
8,2,17,1.0866353e+24,0.000000
9,4,-25,1.0845375e+24,0.000000
5,3,24,1.0844554e+24,0.000000
8,7,-47,1.0843444e+24,0.000000
7,-1,39,1.083886e+24,0.000000
7,-5,13,1.0762225e+24,0.000000
8,1,20,1.076125e+24,0.000000
10,2,-9,1.0759999e+24,0.000000
9,2,-21,1.0696382e+24,0.000000
6,0,53,1.062024e+24,0.000000
6,0,-53,1.062024e+24,0.000000
9,3,-27,1.0564812e+24,0.000000
7,4,-53,1.056255e+24,0.000000
8,4,-35,1.0537441e+24,0.000000
9,7,-32,1.0515308e+24,0.000000
2,1,54,1.0499143e+24,0.000000
10,-9,6,1.0493897e+24,0.000000
10,5,-1,1.0492071e+24,0.000000
8,1,15,1.0481355e+24,0.000000
9,2,-25,1.0408433e+24,0.000000
8,8,-20,1.0404034e+24,0.000000
8,8,-2,1.0345742e+24,0.000000
8,2,10,1.0294075e+24,0.000000
4,-4,37,1.0267028e+24,0.000000
10,4,-11,1.0245673e+24,0.000000
5,-5,22,1.018668e+24,0.000000
7,1,-40,1.0162176e+24,0.000000
8,1,13,1.0145664e+24,0.000000
6,2,-51,1.0085575e+24,0.000000
2,1,55,1.0043623e+24,0.000000
10,-5,-46,1.0025373e+24,0.000000
9,2,-20,1.0021225e+24,0.000000
7,-1,-53,1.0016255e+24,0.000000
9,2,-18,1.0004837e+24,0.000000
9,-1,12,1.0001875e+24,0.000000
8,8,-21,9.9375742e+23,0.000000
8,2,-42,9.9317017e+23,0.000000
9,1,14,9.9266559e+23,0.000000
8,8,4,9.8477776e+23,0.000000
10,-2,-21,9.8187367e+23,0.000000
8,8,0,9.8087521e+23,0.000000
9,-3,-47,9.7776306e+23,0.000000
8,8,1,9.7677245e+23,0.000000
10,2,-16,9.7630509e+23,0.000000
9,-1,-29,9.7310071e+23,0.000000
8,-1,23,9.7224733e+23,0.000000
9,5,-32,9.7132984e+23,0.000000
8,1,14,9.7119723e+23,0.000000
5,-2,43,9.656909e+23,0.000000
9,0,17,9.6543565e+23,0.000000
9,0,-17,9.6543565e+23,0.000000
10,6,-6,9.6468168e+23,0.000000
9,7,-33,9.6435373e+23,0.000000
8,7,-48,9.6215618e+23,0.000000
6,-3,33,9.6136641e+23,0.000000
10,-3,-20,9.5987692e+23,0.000000
9,2,-19,9.5760623e+23,0.000000
7,1,36,9.5495088e+23,0.000000
5,-4,29,9.5247067e+23,0.000000
8,8,-22,9.4957633e+23,0.000000
9,2,-26,9.4849218e+23,0.000000
9,6,-29,9.4665003e+23,0.000000
9,0,7,9.4649149e+23,0.000000
9,0,-7,9.4649149e+23,0.000000
8,-1,-34,9.4643382e+23,0.000000
8,6,-48,9.4549658e+23,0.000000
7,0,44,9.4543332e+23,0.000000
7,0,-44,9.4543332e+23,0.000000
6,-1,43,9.4502951e+23,0.000000
8,1,21,9.4488398e+23,0.000000
6,4,-53,9.4488376e+23,0.000000
10,-4,-41,9.3978679e+23,0.000000
10,2,-6,9.3829729e+23,0.000000
6,6,6,9.2881122e+23,0.000000
5,1,45,9.1544553e+23,0.000000
8,8,-23,9.0777241e+23,0.000000
7,3,12,9.0698792e+23,0.000000
10,2,-8,8.9930015e+23,0.000000
9,-2,-35,8.8702447e+23,0.000000
9,7,-34,8.777592e+23,0.000000
2,2,35,8.7657978e+23,0.000000
3,2,35,8.7506182e+23,0.000000
8,5,-35,8.6846615e+23,0.000000
8,8,-24,8.681863e+23,0.000000
8,-2,19,8.6756333e+23,0.000000
7,-1,-54,8.596165e+23,0.000000
7,2,20,8.5902757e+23,0.000000
7,2,-45,8.5603029e+23,0.000000
8,7,-49,8.4839025e+23,0.000000
7,-4,17,8.4756372e+23,0.000000
8,2,18,8.4058103e+23,0.000000
4,-3,46,8.4037284e+23,0.000000
9,2,-27,8.3937391e+23,0.000000
6,-4,30,8.321794e+23,0.000000
8,8,-25,8.3053469e+23,0.000000
7,-2,-40,8.2964468e+23,0.000000
8,-2,-46,8.2771495e+23,0.000000
10,2,-7,8.2531099e+23,0.000000
8,3,-43,8.2123639e+23,0.000000
4,3,24,8.1144334e+23,0.000000
9,6,-30,8.0856e+23,0.000000
7,3,-53,8.0853541e+23,0.000000
8,1,22,8.0095325e+23,0.000000
7,4,-54,7.9866531e+23,0.000000
6,-6,13,7.9640429e+23,0.000000
9,1,-30,7.9479239e+23,0.000000
8,8,-26,7.9445079e+23,0.000000
9,7,-35,7.9275005e+23,0.000000
10,4,-12,7.8981703e+23,0.000000
10,-5,-47,7.8791474e+23,0.000000
4,2,30,7.8747037e+23,0.000000
8,-2,9,7.8471018e+23,0.000000
8,-1,24,7.831073e+23,0.000000
6,1,39,7.8236399e+23,0.000000
6,4,-54,7.8051186e+23,0.000000
7,-3,21,7.7923785e+23,0.000000
7,5,-51,7.7654818e+23,0.000000
10,5,-3,7.7289134e+23,0.000000
9,1,4,7.6915319e+23,0.000000
9,5,-33,7.6869739e+23,0.000000
9,4,-26,7.607944e+23,0.000000
8,8,-27,7.5957987e+23,0.000000
10,2,-17,7.5622232e+23,0.000000
9,-3,-48,7.5612967e+23,0.000000
10,6,-7,7.4673429e+23,0.000000
8,2,8,7.4584287e+23,0.000000
5,-3,44,7.4451051e+23,0.000000
9,-1,13,7.4391799e+23,0.000000
8,7,-50,7.4348605e+23,0.000000
7,-1,-55,7.2887911e+23,0.000000
8,8,-28,7.2568035e+23,0.000000
8,6,-49,7.2393673e+23,0.000000
9,2,-28,7.2348137e+23,0.000000
4,1,46,7.1812222e+23,0.000000
10,-3,-21,7.1672415e+23,0.000000
3,3,29,7.1449951e+23,0.000000
7,-3,22,7.1338581e+23,0.000000
9,7,-36,7.1034341e+23,0.000000
8,0,29,7.1020665e+23,0.000000
8,0,-29,7.1020665e+23,0.000000
9,0,18,7.079924e+23,0.000000
9,0,-18,7.079924e+23,0.000000
8,2,9,7.0750192e+23,0.000000
6,2,29,7.0503951e+23,0.000000
8,8,2,7.0206105e+23,0.000000
5,-2,44,7.0117195e+23,0.000000
9,-3,2,7.0078611e+23,0.000000
7,-3,23,6.9551073e+23,0.000000
9,-1,-1,6.952873e+23,0.000000
5,3,25,6.9451197e+23,0.000000
9,0,3,6.9276487e+23,0.000000
9,0,-3,6.9276487e+23,0.000000
8,8,-29,6.9269019e+23,0.000000
10,-5,-48,6.9209166e+23,0.000000
7,-1,40,6.9204444e+23,0.000000
9,-1,-30,6.9179314e+23,0.000000
5,2,26,6.9074553e+23,0.000000
6,0,54,6.8688126e+23,0.000000
6,0,-54,6.8688126e+23,0.000000
8,2,-43,6.857704e+23,0.000000
9,6,-31,6.8290168e+23,0.000000
9,-1,7,6.7922799e+23,0.000000
7,0,45,6.734712e+23,0.000000
7,0,-45,6.734712e+23,0.000000
4,4,17,6.6744852e+23,0.000000
8,8,-30,6.6073874e+23,0.000000
8,1,23,6.5855169e+23,0.000000
7,-3,24,6.5718316e+23,0.000000
10,-5,-49,6.5459634e+23,0.000000
9,-2,-36,6.5356966e+23,0.000000
7,-5,14,6.4966504e+23,0.000000
8,7,-51,6.4765121e+23,0.000000
6,-2,32,6.4760341e+23,0.000000
9,1,15,6.4504695e+23,0.000000
6,-3,34,6.4174231e+23,0.000000
8,1,-33,6.4065803e+23,0.000000
6,4,-55,6.4056454e+23,0.000000
5,-5,23,6.4005773e+23,0.000000
10,-5,-50,6.3901874e+23,0.000000
9,7,-37,6.3148592e+23,0.000000
2,2,36,6.3025877e+23,0.000000
8,8,-31,6.3010531e+23,0.000000
8,4,-36,6.2778925e+23,0.000000
8,2,19,6.2698529e+23,0.000000
7,-6,7,6.2617639e+23,0.000000
10,-5,-51,6.2534358e+23,0.000000
8,-2,20,6.2433396e+23,0.000000
7,1,37,6.2001306e+23,0.000000
8,-1,25,6.1647727e+23,0.000000
8,3,-44,6.1332317e+23,0.000000
8,-4,7,6.1184503e+23,0.000000
9,2,-29,6.0892196e+23,0.000000
3,2,36,6.045545e+23,0.000000
10,-5,-52,6.0421125e+23,0.000000
7,4,-55,6.0328639e+23,0.000000
8,8,-32,6.0114118e+23,0.000000
10,-3,-4,5.9831592e+23,0.000000
9,5,-34,5.9768649e+23,0.000000
7,-4,18,5.9502583e+23,0.000000
10,6,-8,5.9458431e+23,0.000000
7,-3,25,5.9006363e+23,0.000000
9,3,-28,5.8818709e+23,0.000000
10,4,-13,5.8336308e+23,0.000000
9,-3,-49,5.816231e+23,0.000000
10,-2,-22,5.8114279e+23,0.000000
10,-4,-42,5.806903e+23,0.000000
7,3,-54,5.7870658e+23,0.000000
8,8,-33,5.7417851e+23,0.000000
9,1,6,5.7416484e+23,0.000000
4,-4,38,5.7387522e+23,0.000000
10,-5,-53,5.7277379e+23,0.000000
9,6,-32,5.7024269e+23,0.000000
6,4,9,5.6915006e+23,0.000000
8,7,-52,5.6088278e+23,0.000000
9,1,-31,5.5912735e+23,0.000000
9,7,-38,5.5699164e+23,0.000000
6,2,-52,5.5565531e+23,0.000000
10,2,-18,5.5529404e+23,0.000000
8,6,-50,5.531668e+23,0.000000
8,-2,-47,5.5278743e+23,0.000000
8,8,-34,5.4944853e+23,0.000000
7,5,-52,5.4444672e+23,0.000000
7,2,21,5.4341771e+23,0.000000
9,0,6,5.4242255e+23,0.000000
9,0,-6,5.4242255e+23,0.000000
5,1,46,5.3949591e+23,0.000000
7,-2,9,5.3805599e+23,0.000000
5,-4,30,5.3774596e+23,0.000000
7,3,13,5.3572672e+23,0.000000
7,-2,10,5.3514973e+23,0.000000
10,-5,-54,5.3182062e+23,0.000000
7,1,-41,5.3027763e+23,0.000000
8,6,5,5.2998977e+23,0.000000
8,1,24,5.273178e+23,0.000000
8,8,-35,5.2702485e+23,0.000000
10,3,0,5.2551083e+23,0.000000
6,-1,44,5.2518401e+23,0.000000
8,-1,-35,5.2221844e+23,0.000000
9,0,4,5.2166529e+23,0.000000
9,0,-4,5.2166529e+23,0.000000
7,-2,-41,5.1957358e+23,0.000000
6,4,10,5.1660967e+23,0.000000
9,4,-27,5.1626124e+23,0.000000
10,-3,-22,5.1487384e+23,0.000000
8,5,-36,5.1338421e+23,0.000000
9,-1,14,5.1307062e+23,0.000000
4,-3,47,5.094636e+23,0.000000
7,2,-46,5.0923734e+23,0.000000
8,8,-36,5.0679985e+23,0.000000
7,-3,26,5.0520321e+23,0.000000
5,-2,45,5.0459313e+23,0.000000
9,2,-30,5.0154844e+23,0.000000
9,0,19,4.9772228e+23,0.000000
9,0,-19,4.9772228e+23,0.000000
6,4,8,4.9490222e+23,0.000000
4,3,25,4.9267573e+23,0.000000
10,6,3,4.9152539e+23,0.000000
6,-6,14,4.8955897e+23,0.000000
7,2,4,4.8876209e+23,0.000000
8,8,-37,4.8849343e+23,0.000000
9,7,-39,4.8750258e+23,0.000000
7,-2,11,4.858691e+23,0.000000
10,6,-9,4.8467268e+23,0.000000
10,-5,-55,4.83869e+23,0.000000
9,-1,-31,4.8341069e+23,0.000000
8,7,-53,4.8299526e+23,0.000000
6,-4,31,4.8099212e+23,0.000000
7,0,46,4.7759091e+23,0.000000
7,0,-46,4.7759091e+23,0.000000
8,-1,26,4.7567394e+23,0.000000
9,-2,-37,4.7552239e+23,0.000000
7,-2,8,4.7509072e+23,0.000000
8,-7,7,4.7364782e+23,0.000000
8,8,-38,4.7168812e+23,0.000000
9,6,-33,4.7072474e+23,0.000000
8,2,-44,4.7070003e+23,0.000000
10,3,-2,4.6915115e+23,0.000000
9,-1,4,4.6864141e+23,0.000000
6,1,40,4.6585122e+23,0.000000
9,5,-35,4.5687297e+23,0.000000
5,-3,45,4.5664354e+23,0.000000
8,8,-39,4.5588065e+23,0.000000
8,3,-45,4.5512345e+23,0.000000
2,2,37,4.5387616e+23,0.000000
8,2,20,4.5310797e+23,0.000000
6,0,55,4.5006308e+23,0.000000
6,0,-55,4.5006308e+23,0.000000
8,-1,3,4.4747805e+23,0.000000
9,-3,-50,4.4569071e+23,0.000000
4,1,47,4.4189254e+23,0.000000
5,3,26,4.4139053e+23,0.000000
8,8,-40,4.4053997e+23,0.000000
10,5,-4,4.3882561e+23,0.000000
8,-2,21,4.3828974e+23,0.000000
7,-1,41,4.3811101e+23,0.000000
8,-4,8,4.3704157e+23,0.000000
6,-3,35,4.2683437e+23,0.000000
8,0,30,4.2580366e+23,0.000000
8,0,-30,4.2580366e+23,0.000000
8,8,-41,4.2516232e+23,0.000000
9,7,-40,4.2347041e+23,0.000000
8,6,-51,4.219569e+23,0.000000
8,4,-37,4.2029446e+23,0.000000
10,4,-14,4.1995133e+23,0.000000
10,7,-4,4.1715522e+23,0.000000
6,4,11,4.1707112e+23,0.000000
7,-3,27,4.1554668e+23,0.000000
3,2,37,4.1399935e+23,0.000000
8,7,-54,4.1365255e+23,0.000000
8,1,25,4.1259173e+23,0.000000
7,3,-55,4.119205e+23,0.000000
7,-2,12,4.1166307e+23,0.000000
7,-4,19,4.1006757e+23,0.000000
8,8,-42,4.0931677e+23,0.000000
8,-1,0,4.0549556e+23,0.000000
9,2,-31,4.0503013e+23,0.000000
10,6,-10,4.0434285e+23,0.000000
5,-5,24,4.0410441e+23,0.000000
10,7,-3,4.0373596e+23,0.000000
3,3,30,4.0193385e+23,0.000000
10,5,2,4.004235e+23,0.000000
7,1,38,3.9974043e+23,0.000000
4,2,31,3.9507141e+23,0.000000
8,8,-43,3.9267713e+23,0.000000
9,1,16,3.9030421e+23,0.000000
7,-4,7,3.8850909e+23,0.000000
9,1,-32,3.8692228e+23,0.000000
10,2,-19,3.8672066e+23,0.000000
9,6,-34,3.8409833e+23,0.000000
7,5,-53,3.8129835e+23,0.000000
7,-5,15,3.7938963e+23,0.000000
8,8,-44,3.7503912e+23,0.000000
6,2,-53,3.743068e+23,0.000000
10,-4,-43,3.7335916e+23,0.000000
4,2,33,3.6980797e+23,0.000000
4,2,34,3.6943253e+23,0.000000
8,-2,-48,3.6649362e+23,0.000000
9,7,-41,3.6515555e+23,0.000000
7,-7,8,3.6493391e+23,0.000000
4,4,18,3.6479412e+23,0.000000
8,-1,27,3.6058984e+23,0.000000
6,2,-55,3.6034227e+23,0.000000
5,-2,46,3.599772e+23,0.000000
8,1,-34,3.5818106e+23,0.000000
6,3,11,3.5732298e+23,0.000000
8,8,-45,3.5632334e+23,0.000000
6,3,10,3.5533672e+23,0.000000
10,-3,-23,3.5532581e+23,0.000000
9,0,5,3.5525942e+23,0.000000
9,0,-5,3.5525942e+23,0.000000
8,7,-55,3.5240104e+23,0.000000
4,2,32,3.5089564e+23,0.000000
10,3,-3,3.490131e+23,0.000000
6,3,12,3.4559286e+23,0.000000
10,6,-11,3.4517082e+23,0.000000
6,2,30,3.4459711e+23,0.000000
9,5,-36,3.435185e+23,0.000000
10,-10,7,3.4214745e+23,0.000000
6,-6,8,3.4190321e+23,0.000000
9,-2,-38,3.4189562e+23,0.000000
6,3,9,3.4100263e+23,0.000000
7,-2,7,3.4077857e+23,0.000000
9,-3,-51,3.4064792e+23,0.000000
4,2,35,3.4006641e+23,0.000000
9,4,-28,3.3843323e+23,0.000000
5,1,47,3.3749316e+23,0.000000
7,0,47,3.3712701e+23,0.000000
7,0,-47,3.3712701e+23,0.000000
8,8,-46,3.3656664e+23,0.000000
8,3,-46,3.3582493e+23,0.000000
7,2,22,3.3576723e+23,0.000000
9,0,20,3.3553275e+23,0.000000
9,0,-20,3.3553275e+23,0.000000
6,2,-54,3.3477299e+23,0.000000
7,1,-42,3.3451273e+23,0.000000
4,-4,39,3.3254538e+23,0.000000
9,-1,-32,3.3231385e+23,0.000000
8,0,31,3.3175487e+23,0.000000
8,0,-31,3.3175487e+23,0.000000
7,-3,28,3.3089809e+23,0.000000
2,2,38,3.302667e+23,0.000000
8,4,-38,3.3015336e+23,0.000000
7,-2,13,3.3005792e+23,0.000000
10,7,-5,3.2961817e+23,0.000000
9,-1,15,3.2938569e+23,0.000000
10,-2,-23,3.2726281e+23,0.000000
6,-5,7,3.2212832e+23,0.000000
7,-2,-42,3.218249e+23,0.000000
8,6,-52,3.2141693e+23,0.000000
6,3,13,3.2139702e+23,0.000000
9,3,-29,3.2133613e+23,0.000000
9,2,-32,3.2119826e+23,0.000000
8,2,-45,3.2118516e+23,0.000000
6,3,8,3.1881865e+23,0.000000
5,2,27,3.1854512e+23,0.000000
8,2,21,3.1852656e+23,0.000000
8,8,5,3.1687888e+23,0.000000
8,1,26,3.163553e+23,0.000000
8,8,-47,3.1590485e+23,0.000000
6,4,12,3.1414528e+23,0.000000
9,7,-42,3.1263986e+23,0.000000
4,-3,48,3.0978444e+23,0.000000
9,6,-35,3.0978179e+23,0.000000
8,0,32,3.0934353e+23,0.000000
8,0,-32,3.0934353e+23,0.000000
4,1,48,3.0579041e+23,0.000000
10,4,-15,3.0532221e+23,0.000000
8,0,33,3.0373132e+23,0.000000
8,0,-33,3.0373132e+23,0.000000
5,-4,31,3.0174823e+23,0.000000
8,-2,22,3.0110851e+23,0.000000
9,8,-5,3.0068185e+23,0.000000
10,6,-12,3.0048064e+23,0.000000
7,2,-47,2.9903801e+23,0.000000
7,3,14,2.9877496e+23,0.000000
9,8,-4,2.9861074e+23,0.000000
4,3,26,2.9838044e+23,0.000000
7,7,6,2.9799427e+23,0.000000
8,5,-37,2.9783354e+23,0.000000
6,3,7,2.9782326e+23,0.000000
8,4,-39,2.9647965e+23,0.000000
8,8,-48,2.9455019e+23,0.000000
8,-1,-36,2.9415439e+23,0.000000
8,0,34,2.9386373e+23,0.000000
8,0,-34,2.9386373e+23,0.000000
6,3,6,2.9372529e+23,0.000000
4,2,36,2.9227453e+23,0.000000
6,-6,15,2.9224649e+23,0.000000
6,3,14,2.8779999e+23,0.000000
8,4,-40,2.8488448e+23,0.000000
6,-1,45,2.844607e+23,0.000000
6,-3,36,2.8288463e+23,0.000000
5,-3,46,2.8144554e+23,0.000000
3,2,38,2.8122434e+23,0.000000
6,3,5,2.802717e+23,0.000000
5,3,27,2.7874166e+23,0.000000
7,-4,20,2.7823595e+23,0.000000
10,-6,5,2.7782204e+23,0.000000
8,4,-41,2.7767766e+23,0.000000
7,1,-46,2.7760224e+23,0.000000
6,2,3,2.7712524e+23,0.000000
6,-4,32,2.7695959e+23,0.000000
7,1,-47,2.7587273e+23,0.000000
7,-1,42,2.7462133e+23,0.000000
8,0,35,2.7446548e+23,0.000000
8,0,-35,2.7446548e+23,0.000000
6,1,41,2.7347926e+23,0.000000
10,5,-5,2.7338895e+23,0.000000
6,-2,33,2.7318931e+23,0.000000
7,1,-43,2.7277825e+23,0.000000
8,8,-49,2.7276656e+23,0.000000
7,1,-45,2.7203424e+23,0.000000
8,-1,28,2.6908389e+23,0.000000
8,4,-42,2.6715118e+23,0.000000
7,5,-54,2.6672329e+23,0.000000
7,1,-48,2.662473e+23,0.000000
9,7,-43,2.6584857e+23,0.000000
7,1,-44,2.648508e+23,0.000000
10,6,-13,2.6478738e+23,0.000000
9,1,-33,2.6366685e+23,0.000000
9,-3,-52,2.5999544e+23,0.000000
10,-4,-44,2.5770012e+23,0.000000
7,-3,29,2.5649618e+23,0.000000
5,-5,25,2.5605884e+23,0.000000
7,1,39,2.5588572e+23,0.000000
6,-5,10,2.5542334e+23,0.000000
10,2,-20,2.5525453e+23,0.000000
5,-2,47,2.5460367e+23,0.000000
9,5,-37,2.5417352e+23,0.000000
7,-2,14,2.5280691e+23,0.000000
9,1,5,2.5116277e+23,0.000000
8,4,-43,2.5113816e+23,0.000000
8,8,-50,2.5084521e+23,0.000000
9,2,-33,2.5046736e+23,0.000000
7,1,-49,2.5023999e+23,0.000000
9,8,-6,2.4978106e+23,0.000000
10,7,-6,2.4969711e+23,0.000000
6,3,15,2.4868076e+23,0.000000
8,0,36,2.47191e+23,0.000000
8,0,-36,2.47191e+23,0.000000
9,6,-36,2.4693413e+23,0.000000
8,3,-47,2.4658044e+23,0.000000
2,2,39,2.4480046e+23,0.000000
8,6,-53,2.4455621e+23,0.000000
9,-2,-39,2.4308239e+23,0.000000
8,-2,-49,2.4088393e+23,0.000000
8,1,27,2.3826775e+23,0.000000
4,2,37,2.3819837e+23,0.000000
7,0,48,2.3681841e+23,0.000000
7,0,-48,2.3681841e+23,0.000000
10,4,-16,2.3648724e+23,0.000000
4,1,49,2.3568732e+23,0.000000
9,-1,6,2.3559366e+23,0.000000
10,-3,-24,2.3546925e+23,0.000000
10,6,-14,2.3391731e+23,0.000000
10,5,0,2.3149218e+23,0.000000
8,4,-44,2.3022829e+23,0.000000
7,1,-50,2.2987877e+23,0.000000
8,8,-51,2.2908273e+23,0.000000
5,1,48,2.2861892e+23,0.000000
3,3,31,2.2668687e+23,0.000000
10,3,-13,2.2595541e+23,0.000000
6,4,13,2.2585127e+23,0.000000
6,-5,11,2.2512961e+23,0.000000
9,-1,-33,2.2498217e+23,0.000000
9,7,-44,2.2457753e+23,0.000000
10,3,-12,2.2450476e+23,0.000000
10,8,-4,2.2280745e+23,0.000000
6,4,7,2.2124002e+23,0.000000
10,3,-14,2.2043957e+23,0.000000
10,4,-22,2.19785e+23,0.000000
9,1,17,2.194224e+23,0.000000
10,4,-21,2.1939206e+23,0.000000
8,2,22,2.1853622e+23,0.000000
8,2,-46,2.1782411e+23,0.000000
10,3,-4,2.1735676e+23,0.000000
10,3,-11,2.1730871e+23,0.000000
9,0,21,2.168006e+23,0.000000
9,0,-21,2.168006e+23,0.000000
8,0,37,2.1547563e+23,0.000000
8,0,-37,2.1547563e+23,0.000000
7,-5,16,2.154649e+23,0.000000
9,4,-29,2.143591e+23,0.000000
10,4,-23,2.1269505e+23,0.000000
10,4,-20,2.1260589e+23,0.000000
6,-5,9,2.1188073e+23,0.000000
6,3,16,2.0785468e+23,0.000000
8,8,-52,2.0776269e+23,0.000000
10,3,-15,2.0775146e+23,0.000000
10,8,-5,2.0739188e+23,0.000000
7,1,-51,2.0708347e+23,0.000000
8,-4,14,2.0626493e+23,0.000000
10,3,-10,2.0611436e+23,0.000000
8,4,-45,2.0610418e+23,0.000000
10,6,-15,2.0515473e+23,0.000000
10,4,-17,2.043457e+23,0.000000
4,-4,40,2.0338612e+23,0.000000
10,4,-19,2.0298248e+23,0.000000
8,-2,23,2.0295916e+23,0.000000
7,2,23,2.0278172e+23,0.000000
9,8,-7,2.0269978e+23,0.000000
8,1,3,2.0167366e+23,0.000000
8,-4,15,1.9969184e+23,0.000000
8,-8,8,1.9904287e+23,0.000000
8,1,-35,1.9877169e+23,0.000000
10,4,-24,1.9875974e+23,0.000000
9,-3,-53,1.9834385e+23,0.000000
8,1,0,1.9804849e+23,0.000000
8,-1,29,1.9798492e+23,0.000000
4,4,19,1.9793962e+23,0.000000
10,7,-7,1.9711427e+23,0.000000
10,4,-18,1.9705769e+23,0.000000
7,-2,-43,1.9705641e+23,0.000000
9,-1,16,1.9691336e+23,0.000000
10,-4,-45,1.9476417e+23,0.000000
4,1,50,1.9460878e+23,0.000000
7,-3,30,1.9458853e+23,0.000000
9,6,-37,1.9453252e+23,0.000000
10,3,-9,1.9250207e+23,0.000000
10,5,-6,1.9249867e+23,0.000000
10,7,-2,1.9242474e+23,0.000000
9,2,-34,1.9227614e+23,0.000000
3,2,39,1.8959909e+23,0.000000
4,-3,49,1.8930074e+23,0.000000
10,3,-16,1.8878584e+23,0.000000
9,7,-45,1.8852264e+23,0.000000
8,-4,13,1.8811843e+23,0.000000
8,8,-53,1.8714139e+23,0.000000
6,-3,37,1.8681642e+23,0.000000
7,5,-55,1.8636306e+23,0.000000
7,-4,21,1.8629903e+23,0.000000
4,2,38,1.8629684e+23,0.000000
7,-2,15,1.8626226e+23,0.000000
2,2,40,1.8599099e+23,0.000000
8,6,-54,1.8591079e+23,0.000000
9,5,-38,1.8514166e+23,0.000000
7,1,-52,1.8343274e+23,0.000000
8,0,38,1.8271834e+23,0.000000
8,0,-38,1.8271834e+23,0.000000
9,3,-30,1.8206474e+23,0.000000
10,0,6,1.8178152e+23,0.000000
10,0,-6,1.8178152e+23,0.000000
9,-8,7,1.8121558e+23,0.000000
8,-3,9,1.8085875e+23,0.000000
8,4,-46,1.8063044e+23,0.000000
4,3,27,1.8037537e+23,0.000000
8,3,-48,1.8029072e+23,0.000000
10,-2,-24,1.8002485e+23,0.000000
9,8,-3,1.7971311e+23,0.000000
10,4,-25,1.7961383e+23,0.000000
5,-2,48,1.7855006e+23,0.000000
10,3,-8,1.7754695e+23,0.000000
8,-1,-37,1.7735496e+23,0.000000
8,-4,16,1.7733303e+23,0.000000
10,6,-16,1.7716899e+23,0.000000
9,1,-34,1.7699557e+23,0.000000
8,1,28,1.7663257e+23,0.000000
5,2,28,1.7574803e+23,0.000000
5,-3,47,1.7524028e+23,0.000000
5,3,28,1.7509613e+23,0.000000
8,5,-38,1.7493081e+23,0.000000
7,2,-48,1.7380109e+23,0.000000
6,-5,12,1.7341354e+23,0.000000
6,-6,16,1.7135149e+23,0.000000
10,3,-1,1.710363e+23,0.000000
9,-2,-40,1.7102008e+23,0.000000
9,8,-8,1.7086314e+23,0.000000
7,-1,43,1.7037607e+23,0.000000
6,3,17,1.6848161e+23,0.000000
5,1,49,1.6830123e+23,0.000000
5,-4,32,1.6811916e+23,0.000000
8,8,-54,1.6743815e+23,0.000000
10,0,7,1.672109e+23,0.000000
10,0,-7,1.672109e+23,0.000000
10,4,2,1.6649595e+23,0.000000
8,-3,8,1.6636189e+23,0.000000
8,-3,3,1.6623936e+23,0.000000
10,8,-6,1.662063e+23,0.000000
7,0,49,1.6547634e+23,0.000000
7,0,-49,1.6547634e+23,0.000000
10,3,-17,1.6527892e+23,0.000000
4,1,51,1.6527263e+23,0.000000
9,6,4,1.6416514e+23,0.000000
8,-3,10,1.6366101e+23,0.000000
7,-2,6,1.6336246e+23,0.000000
10,7,-8,1.6286772e+23,0.000000
10,3,-7,1.6270056e+23,0.000000
5,-5,26,1.6266206e+23,0.000000
7,1,40,1.6249829e+23,0.000000
9,3,2,1.621076e+23,0.000000
6,2,31,1.6209317e+23,0.000000
10,3,-5,1.6163898e+23,0.000000
10,-4,-46,1.6027329e+23,0.000000
7,1,-53,1.6009783e+23,0.000000
7,-3,4,1.5992487e+23,0.000000
8,-4,9,1.5968335e+23,0.000000
10,2,-21,1.5944853e+23,0.000000
6,-4,33,1.587137e+23,0.000000
6,1,42,1.578761e+23,0.000000
9,7,-46,1.5730863e+23,0.000000
10,4,-26,1.5727146e+23,0.000000
7,3,15,1.5720194e+23,0.000000
6,4,14,1.5686656e+23,0.000000
8,-2,-50,1.5665669e+23,0.000000
10,7,0,1.5574421e+23,0.000000
10,8,-3,1.5569394e+23,0.000000
8,4,-47,1.5541141e+23,0.000000
10,3,-6,1.5280767e+23,0.000000
9,6,-38,1.5144718e+23,0.000000
8,0,39,1.514319e+23,0.000000
8,0,-39,1.514319e+23,0.000000
9,-3,-54,1.5136151e+23,0.000000
10,5,-7,1.5029846e+23,0.000000
6,-1,46,1.5029506e+23,0.000000
10,-3,-25,1.5017829e+23,0.000000
9,-1,-34,1.500656e+23,0.000000
9,8,-9,1.4977006e+23,0.000000
10,6,-17,1.4972579e+23,0.000000
8,8,-55,1.4882948e+23,0.000000
8,-4,17,1.4788172e+23,0.000000
8,2,-47,1.4674886e+23,0.000000
8,2,23,1.4674156e+23,0.000000
9,2,-35,1.4545443e+23,0.000000
2,2,41,1.4532676e+23,0.000000
7,-3,31,1.4489172e+23,0.000000
8,-1,30,1.4383191e+23,0.000000
8,-4,12,1.4220909e+23,0.000000
9,-1,5,1.4220324e+23,0.000000
8,6,-55,1.4123317e+23,0.000000
4,2,39,1.4107217e+23,0.000000
4,1,52,1.4041758e+23,0.000000
9,-5,5,1.4009828e+23,0.000000
10,-4,-47,1.3990167e+23,0.000000
10,3,-18,1.3937754e+23,0.000000
10,7,-9,1.3884452e+23,0.000000
10,0,5,1.3862773e+23,0.000000
10,0,-5,1.3862773e+23,0.000000
7,1,-54,1.3789556e+23,0.000000
8,-2,4,1.3661266e+23,0.000000
9,8,-10,1.3473381e+23,0.000000
8,-2,24,1.3447681e+23,0.000000
9,0,22,1.3410185e+23,0.000000
9,0,-22,1.3410185e+23,0.000000
10,4,-27,1.3369863e+23,0.000000
4,-4,41,1.3366156e+23,0.000000
9,5,-39,1.3281115e+23,0.000000
6,3,18,1.3278255e+23,0.000000
10,8,-7,1.3275799e+23,0.000000
7,-2,16,1.3269481e+23,0.000000
5,1,50,1.3250826e+23,0.000000
9,4,-30,1.3179681e+23,0.000000
8,4,-48,1.3162773e+23,0.000000
8,3,-49,1.3135491e+23,0.000000
9,7,-47,1.3051565e+23,0.000000
8,-3,11,1.3034091e+23,0.000000
8,1,29,1.2909681e+23,0.000000
3,3,32,1.2818714e+23,0.000000
3,2,40,1.2692285e+23,0.000000
10,5,-8,1.265879e+23,0.000000
10,0,8,1.2605347e+23,0.000000
10,0,-8,1.2605347e+23,0.000000
10,-4,-48,1.2569005e+23,0.000000
5,2,29,1.2554447e+23,0.000000
6,-5,13,1.2544521e+23,0.000000
10,-2,0,1.2525656e+23,0.000000
5,-2,49,1.2418286e+23,0.000000
7,-4,22,1.2332182e+23,0.000000
10,6,-18,1.23292e+23,0.000000
9,8,-11,1.2315957e+23,0.000000
8,0,40,1.23111e+23,0.000000
8,0,-40,1.23111e+23,0.000000
6,-3,38,1.2292549e+23,0.000000
10,7,-10,1.2081617e+23,0.000000
8,-1,-38,1.2062922e+23,0.000000
7,2,24,1.1973281e+23,0.000000
7,-5,17,1.1939256e+23,0.000000
7,-2,-44,1.1920373e+23,0.000000
9,-2,-41,1.1914266e+23,0.000000
9,3,-31,1.1837104e+23,0.000000
8,-4,18,1.1759158e+23,0.000000
4,1,53,1.1757925e+23,0.000000
7,1,-55,1.1733567e+23,0.000000
9,1,-35,1.1713618e+23,0.000000
2,2,42,1.167712e+23,0.000000
9,6,-39,1.1650809e+23,0.000000
4,-3,50,1.1650568e+23,0.000000
9,-3,-55,1.1559067e+23,0.000000
7,0,50,1.1494562e+23,0.000000
7,0,-50,1.1494562e+23,0.000000
9,1,18,1.1446794e+23,0.000000
9,8,-12,1.1374188e+23,0.000000
10,-4,-49,1.1363114e+23,0.000000
10,3,-19,1.1320772e+23,0.000000
8,1,-36,1.1258134e+23,0.000000
10,5,-9,1.1173467e+23,0.000000
8,-3,7,1.1168363e+23,0.000000
8,5,-39,1.1086094e+23,0.000000
5,-3,48,1.1072981e+23,0.000000
10,4,-28,1.1054236e+23,0.000000
10,8,-8,1.1043834e+23,0.000000
8,4,-49,1.1002704e+23,0.000000
5,3,29,1.0950278e+23,0.000000
9,-1,17,1.0938881e+23,0.000000
4,3,28,1.0889743e+23,0.000000
5,1,51,1.0877866e+23,0.000000
9,2,-36,1.0852822e+23,0.000000
9,7,-48,1.077022e+23,0.000000
5,2,30,1.0754875e+23,0.000000
10,7,2,1.0700718e+23,0.000000
5,4,9,1.0673793e+23,0.000000
4,4,20,1.0665606e+23,0.000000
10,7,-11,1.0664994e+23,0.000000
7,-3,32,1.0630424e+23,0.000000
6,4,15,1.0598646e+23,0.000000
9,8,-13,1.0579841e+23,0.000000
7,-1,44,1.0443258e+23,0.000000
6,-2,34,1.0416885e+23,0.000000
4,2,40,1.0413308e+23,0.000000
10,-2,-25,1.0395445e+23,0.000000
5,-5,27,1.0352533e+23,0.000000
8,-1,31,1.0328621e+23,0.000000
5,4,8,1.0276258e+23,0.000000
7,1,41,1.0233386e+23,0.000000
10,-4,-50,1.0202279e+23,0.000000
6,3,19,1.0201049e+23,0.000000
8,4,4,1.01456e+23,0.000000
10,5,-10,1.0080628e+23,0.000000
7,2,-49,1.0075037e+23,0.000000
8,-2,-51,1.0054166e+23,0.000000
6,-6,17,9.9373866e+22,0.000000
9,8,-14,9.8951578e+22,0.000000
9,-1,-35,9.8696549e+22,0.000000
10,6,-19,9.8648203e+22,0.000000
8,0,41,9.8546292e+22,0.000000
8,0,-41,9.8546292e+22,0.000000
8,2,-48,9.8122021e+22,0.000000
8,7,5,9.7682557e+22,0.000000
9,3,-36,9.76663e+22,0.000000
5,2,31,9.7660833e+22,0.000000
9,3,-35,9.7659952e+22,0.000000
8,2,24,9.6651619e+22,0.000000
4,1,54,9.636062e+22,0.000000
2,2,43,9.6186737e+22,0.000000
9,3,-32,9.5577673e+22,0.000000
8,3,-50,9.5419643e+22,0.000000
4,-4,42,9.5419152e+22,0.000000
10,8,-9,9.5192837e+22,0.000000
10,7,-12,9.5149169e+22,0.000000
9,3,-34,9.4822113e+22,0.000000
8,-1,-39,9.4276437e+22,0.000000
9,3,-37,9.4220152e+22,0.000000
10,2,-22,9.4199903e+22,0.000000
5,4,10,9.4080653e+22,0.000000
8,-3,12,9.3914907e+22,0.000000
9,5,-40,9.3863893e+22,0.000000
8,1,30,9.3160238e+22,0.000000
10,-3,-26,9.3025498e+22,0.000000
9,8,-15,9.297603e+22,0.000000
5,-4,33,9.2890641e+22,0.000000
9,3,-33,9.1937218e+22,0.000000
7,-2,17,9.177483e+22,0.000000
10,5,-11,9.1409724e+22,0.000000
8,4,-50,9.0985763e+22,0.000000
5,1,52,9.0936416e+22,0.000000
6,-4,34,9.0489239e+22,0.000000
10,-4,-51,9.0402238e+22,0.000000
8,-4,19,9.0100978e+22,0.000000
6,1,43,8.9351306e+22,0.000000
10,4,-29,8.9022348e+22,0.000000
9,6,-40,8.8560561e+22,0.000000
10,3,-20,8.8551832e+22,0.000000
9,7,-49,8.8424192e+22,0.000000
6,-5,14,8.8152314e+22,0.000000
5,2,32,8.790626e+22,0.000000
9,3,-38,8.7803718e+22,0.000000
8,-2,25,8.772502e+22,0.000000
9,8,-16,8.7716254e+22,0.000000
9,8,-1,8.6579446e+22,0.000000
5,-2,50,8.5708783e+22,0.000000
10,7,-13,8.5568176e+22,0.000000
3,2,41,8.4399465e+22,0.000000
10,8,-10,8.3940684e+22,0.000000
9,-7,7,8.3718236e+22,0.000000
10,0,9,8.3494218e+22,0.000000
10,0,-9,8.3494218e+22,0.000000
8,-4,11,8.3310828e+22,0.000000
9,8,-17,8.3043253e+22,0.000000
10,5,-12,8.2691315e+22,0.000000
9,-2,-42,8.224804e+22,0.000000
10,1,-6,8.2214535e+22,0.000000
8,5,-40,8.2032636e+22,0.000000
8,-1,-40,8.1873229e+22,0.000000
9,5,4,8.1495514e+22,0.000000
2,2,44,8.0822917e+22,0.000000
7,-4,23,8.0820599e+22,0.000000
6,-3,39,8.0580401e+22,0.000000
9,2,-37,7.9930116e+22,0.000000
9,4,-31,7.9928308e+22,0.000000
10,1,-7,7.9767515e+22,0.000000
9,3,-39,7.9328493e+22,0.000000
7,0,51,7.9313718e+22,0.000000
7,0,-51,7.9313718e+22,0.000000
9,0,23,7.9288741e+22,0.000000
9,0,-23,7.9288741e+22,0.000000
8,5,-45,7.9047168e+22,0.000000
10,-4,-52,7.8896253e+22,0.000000
9,8,-18,7.8838755e+22,0.000000
6,-1,47,7.832736e+22,0.000000
8,5,-44,7.811262e+22,0.000000
7,3,16,7.7899758e+22,0.000000
8,0,42,7.7817222e+22,0.000000
8,0,-42,7.7817222e+22,0.000000
8,5,-46,7.7720833e+22,0.000000
10,7,-14,7.7417097e+22,0.000000
7,1,2,7.7398752e+22,0.000000
4,1,55,7.7074647e+22,0.000000
7,-3,33,7.6940355e+22,0.000000
5,2,33,7.6780609e+22,0.000000
6,3,20,7.6589644e+22,0.000000
10,6,-20,7.6582265e+22,0.000000
9,1,-36,7.6431196e+22,0.000000
5,1,53,7.6129372e+22,0.000000
10,0,16,7.5848472e+22,0.000000
10,0,-16,7.5848472e+22,0.000000
8,5,-43,7.538361e+22,0.000000
4,2,41,7.5347434e+22,0.000000
5,4,11,7.5254705e+22,0.000000
10,8,-11,7.5103321e+22,0.000000
9,8,-19,7.4997146e+22,0.000000
8,-1,-41,7.4910286e+22,0.000000
10,5,-13,7.4673719e+22,0.000000
8,4,-51,7.4598973e+22,0.000000
10,0,17,7.4580375e+22,0.000000
10,0,-17,7.4580375e+22,0.000000
8,5,-47,7.428559e+22,0.000000
9,7,5,7.4037711e+22,0.000000
4,-4,43,7.3882147e+22,0.000000
8,-1,32,7.3390209e+22,0.000000
3,3,33,7.2683155e+22,0.000000
8,5,-41,7.2605139e+22,0.000000
6,2,32,7.2481669e+22,0.000000
8,5,-42,7.242729e+22,0.000000
4,-3,51,7.2402775e+22,0.000000
9,7,-50,7.2249693e+22,0.000000
10,8,-1,7.2111728e+22,0.000000
10,1,-5,7.2051301e+22,0.000000
10,0,15,7.1694969e+22,0.000000
10,0,-15,7.1694969e+22,0.000000
5,4,7,7.1685013e+22,0.000000
5,-3,49,7.151786e+22,0.000000
9,8,-20,7.1434346e+22,0.000000
7,-2,-45,7.1192177e+22,0.000000
10,-2,-26,7.1133706e+22,0.000000
10,1,-8,7.0516804e+22,0.000000
10,7,-15,7.0372024e+22,0.000000
6,4,16,6.9955334e+22,0.000000
10,4,-30,6.9907877e+22,0.000000
9,3,-40,6.9759302e+22,0.000000
8,-1,-42,6.9389409e+22,0.000000
6,-5,8,6.9308748e+22,0.000000
8,5,-48,6.9191082e+22,0.000000
8,3,-51,6.9145911e+22,0.000000
7,2,25,6.9097197e+22,0.000000
9,-9,8,6.8985196e+22,0.000000
2,2,45,6.8894157e+22,0.000000
10,0,18,6.8800747e+22,0.000000
10,0,-18,6.8800747e+22,0.000000
8,1,-37,6.8245576e+22,0.000000
5,3,30,6.8224023e+22,0.000000
10,7,-1,6.8220701e+22,0.000000
9,8,-21,6.8094613e+22,0.000000
10,8,-12,6.7898587e+22,0.000000
10,-4,-53,6.7813819e+22,0.000000
10,5,-14,6.7736657e+22,0.000000
10,-2,-30,6.7417094e+22,0.000000
8,-4,20,6.7021188e+22,0.000000
8,-6,7,6.6813499e+22,0.000000
10,-2,-31,6.6750637e+22,0.000000
10,3,-21,6.6674967e+22,0.000000
9,6,-41,6.6507899e+22,0.000000
8,1,31,6.6454038e+22,0.000000
7,3,5,6.6290306e+22,0.000000
5,-5,28,6.5966393e+22,0.000000
4,3,29,6.5686139e+22,0.000000
10,-2,-29,6.5441548e+22,0.000000
9,5,-41,6.5392335e+22,0.000000
10,7,3,6.5361834e+22,0.000000
8,2,-49,6.5026499e+22,0.000000
9,8,-22,6.495044e+22,0.000000
5,2,34,6.4910188e+22,0.000000
7,-5,18,6.4666147e+22,0.000000
10,7,-16,6.4221426e+22,0.000000
9,-1,-36,6.4009529e+22,0.000000
7,1,42,6.3819949e+22,0.000000
8,-1,-43,6.3740252e+22,0.000000
10,8,0,6.3734086e+22,0.000000
8,-2,-52,6.3470009e+22,0.000000
10,-2,-32,6.3364824e+22,0.000000
7,-1,45,6.3235146e+22,0.000000
5,1,54,6.3183654e+22,0.000000
8,5,-49,6.2983044e+22,0.000000
10,0,14,6.2575729e+22,0.000000
10,0,-14,6.2575729e+22,0.000000
8,2,25,6.2565107e+22,0.000000
10,5,-15,6.2244967e+22,0.000000
10,-2,-28,6.2206548e+22,0.000000
8,-3,13,6.2119084e+22,0.000000
9,8,-23,6.1995424e+22,0.000000
10,8,-13,6.1895322e+22,0.000000
7,-2,18,6.1815712e+22,0.000000
10,8,3,6.1810566e+22,0.000000
10,-2,-27,6.1564778e+22,0.000000
6,-5,15,6.1200807e+22,0.000000
4,-4,44,6.1187353e+22,0.000000
9,4,3,6.1149737e+22,0.000000
8,0,43,6.0805443e+22,0.000000
8,0,-43,6.0805443e+22,0.000000
8,4,-52,6.0767376e+22,0.000000
8,-4,10,6.0163842e+22,0.000000
10,0,19,6.0058037e+22,0.000000
10,0,-19,6.0058037e+22,0.000000
9,3,-41,5.9928699e+22,0.000000
7,2,-50,5.9306269e+22,0.000000
2,2,46,5.9269265e+22,0.000000
9,8,-24,5.9233215e+22,0.000000
10,7,-17,5.8826124e+22,0.000000
5,-2,51,5.8776005e+22,0.000000
9,7,-51,5.8769857e+22,0.000000
10,5,-16,5.8345309e+22,0.000000
10,1,-9,5.8166102e+22,0.000000
9,2,-38,5.8150182e+22,0.000000
10,-2,-33,5.7907127e+22,0.000000
10,6,-21,5.769174e+22,0.000000
8,-1,-44,5.7598101e+22,0.000000
10,-4,-54,5.7479231e+22,0.000000
10,-3,-27,5.7348735e+22,0.000000
10,-5,4,5.7287608e+22,0.000000
6,-6,18,5.7261694e+22,0.000000
9,-6,6,5.7229299e+22,0.000000
4,4,21,5.7097867e+22,0.000000
10,8,-14,5.681374e+22,0.000000
9,8,-25,5.6666682e+22,0.000000
9,8,0,5.6623494e+22,0.000000
5,4,12,5.6469801e+22,0.000000
8,-2,26,5.6398722e+22,0.000000
9,-1,18,5.6349425e+22,0.000000
6,3,21,5.633726e+22,0.000000
9,-2,-43,5.6305915e+22,0.000000
8,5,-50,5.6186288e+22,0.000000
9,1,19,5.5963761e+22,0.000000
10,5,-17,5.5914709e+22,0.000000
3,2,42,5.5775987e+22,0.000000
7,-3,34,5.5091853e+22,0.000000
10,5,-18,5.4612367e+22,0.000000
10,8,-2,5.4566539e+22,0.000000
7,0,52,5.431251e+22,0.000000
7,0,-52,5.431251e+22,0.000000
9,8,-26,5.4290537e+22,0.000000
10,7,-18,5.4087901e+22,0.000000
10,5,-19,5.3978827e+22,0.000000
9,8,-2,5.3730587e+22,0.000000
4,2,42,5.3726159e+22,0.000000
10,4,-31,5.3578454e+22,0.000000
10,0,10,5.3550303e+22,0.000000
10,0,-10,5.3550303e+22,0.000000
10,5,-20,5.3538304e+22,0.000000
5,2,35,5.328393e+22,0.000000
4,-4,45,5.3216948e+22,0.000000
10,2,-23,5.2888896e+22,0.000000
10,5,-21,5.2878427e+22,0.000000
6,-3,40,5.2614585e+22,0.000000
7,-4,24,5.2499473e+22,0.000000
10,8,-15,5.2445007e+22,0.000000
9,8,-27,5.2088829e+22,0.000000
10,5,-22,5.1698276e+22,0.000000
5,1,55,5.1690206e+22,0.000000
8,-1,33,5.1638759e+22,0.000000
9,8,3,5.155877e+22,0.000000
6,-4,35,5.1279306e+22,0.000000
2,2,47,5.1243022e+22,0.000000
10,-2,-34,5.1151622e+22,0.000000
8,-1,-45,5.1111196e+22,0.000000
10,0,13,5.095613e+22,0.000000
10,0,-13,5.095613e+22,0.000000
5,-4,34,5.0823866e+22,0.000000
9,9,-5,5.0724483e+22,0.000000
9,3,-42,5.0451973e+22,0.000000
9,8,-28,5.0036882e+22,0.000000
8,3,-52,5.0002601e+22,0.000000
10,0,20,4.9963047e+22,0.000000
10,0,-20,4.9963047e+22,0.000000
10,7,-19,4.9927239e+22,0.000000
10,5,-23,4.982622e+22,0.000000
9,4,-32,4.9710862e+22,0.000000
6,1,44,4.9416605e+22,0.000000
9,6,-42,4.9341502e+22,0.000000
8,4,-53,4.9273348e+22,0.000000
8,5,-51,4.9245131e+22,0.000000
9,1,-37,4.9194611e+22,0.000000
10,-7,6,4.8924591e+22,0.000000
8,-4,21,4.8666396e+22,0.000000
10,-8,7,4.863956e+22,0.000000
10,8,-16,4.8624109e+22,0.000000
10,3,-22,4.8287158e+22,0.000000
10,-4,-55,4.8141238e+22,0.000000
5,4,6,4.8122584e+22,0.000000
9,8,-29,4.8105994e+22,0.000000
4,-4,46,4.7750816e+22,0.000000
9,7,-52,4.7606216e+22,0.000000
5,-3,50,4.7415261e+22,0.000000
10,5,-24,4.721451e+22,0.000000
8,0,44,4.7049889e+22,0.000000
8,0,-44,4.7049889e+22,0.000000
8,1,32,4.690828e+22,0.000000
9,9,-6,4.669538e+22,0.000000
8,1,-38,4.6674242e+22,0.000000
10,7,-20,4.6270451e+22,0.000000
9,8,-30,4.6268873e+22,0.000000
4,-3,52,4.5559215e+22,0.000000
10,1,-10,4.5257942e+22,0.000000
6,4,17,4.5234603e+22,0.000000
10,8,-17,4.5223768e+22,0.000000
9,5,-42,4.4941438e+22,0.000000
9,0,24,4.4797677e+22,0.000000
9,0,-24,4.4797677e+22,0.000000
8,-1,-46,4.4586285e+22,0.000000
10,0,3,4.4510594e+22,0.000000
10,0,-3,4.4510594e+22,0.000000
9,8,-31,4.4504045e+22,0.000000
2,2,48,4.4382027e+22,0.000000
10,5,-25,4.3918595e+22,0.000000
10,-2,-35,4.3891848e+22,0.000000
4,-4,47,4.363361e+22,0.000000
10,1,-4,4.3546241e+22,0.000000
10,7,-21,4.3044784e+22,0.000000
9,8,-32,4.279822e+22,0.000000
5,2,36,4.2655605e+22,0.000000
8,2,-50,4.263039e+22,0.000000
10,-9,7,4.2599994e+22,0.000000
8,5,-52,4.2500895e+22,0.000000
5,3,31,4.2368411e+22,0.000000
6,-5,16,4.2332105e+22,0.000000
10,6,-22,4.228937e+22,0.000000
10,8,-18,4.21527e+22,0.000000
5,-5,29,4.2066767e+22,0.000000
7,-2,-46,4.1958722e+22,0.000000
9,2,-39,4.1817666e+22,0.000000
6,-1,48,4.1755213e+22,0.000000
9,3,-43,4.1743109e+22,0.000000
10,0,12,4.1505045e+22,0.000000
10,0,-12,4.1505045e+22,0.000000
10,-3,1,4.1500155e+22,0.000000
9,8,1,4.1377938e+22,0.000000
3,3,34,4.1325597e+22,0.000000
9,8,-33,4.1146373e+22,0.000000
9,-1,-37,4.0957054e+22,0.000000
6,3,22,4.0696251e+22,0.000000
7,-2,19,4.0647705e+22,0.000000
9,9,-4,4.0572883e+22,0.000000
5,4,13,4.0473253e+22,0.000000
10,0,11,4.0414534e+22,0.000000
10,0,-11,4.0414534e+22,0.000000
4,-4,48,4.0253891e+22,0.000000
10,7,-22,4.0178704e+22,0.000000
5,-2,52,4.0146069e+22,0.000000
10,4,-32,4.0098015e+22,0.000000
10,0,4,4.0089566e+22,0.000000
10,0,-4,4.0089566e+22,0.000000
10,5,-26,4.0068825e+22,0.000000
8,2,26,3.9857231e+22,0.000000
8,4,-54,3.9839163e+22,0.000000
10,0,21,3.9837196e+22,0.000000
10,0,-21,3.9837196e+22,0.000000
4,3,30,3.9598431e+22,0.000000
9,8,-34,3.9549932e+22,0.000000
7,1,43,3.9398729e+22,0.000000
10,8,-19,3.9351113e+22,0.000000
8,-2,-53,3.925045e+22,0.000000
10,8,2,3.913182e+22,0.000000
7,-3,35,3.9035122e+22,0.000000
9,9,-7,3.893943e+22,0.000000
7,2,26,3.893916e+22,0.000000
10,8,1,3.8445144e+22,0.000000
2,2,49,3.8420785e+22,0.000000
9,7,-53,3.8415052e+22,0.000000
8,-1,-47,3.8314995e+22,0.000000
9,-2,-44,3.8257623e+22,0.000000
8,2,4,3.8108895e+22,0.000000
9,8,-35,3.801384e+22,0.000000
8,-3,14,3.8013597e+22,0.000000
10,2,0,3.7981331e+22,0.000000
4,2,43,3.7963084e+22,0.000000
7,-1,46,3.7794306e+22,0.000000
10,7,-23,3.7604495e+22,0.000000
4,-4,49,3.727883e+22,0.000000
10,-3,-28,3.7016027e+22,0.000000
7,0,53,3.6870883e+22,0.000000
7,0,-53,3.6870883e+22,0.000000
10,8,-20,3.67827e+22,0.000000
10,-2,-36,3.6705185e+22,0.000000
8,1,-39,3.6688119e+22,0.000000
7,2,-51,3.6688071e+22,0.000000
3,2,43,3.6658651e+22,0.000000
9,8,-36,3.6543344e+22,0.000000
7,3,17,3.6427723e+22,0.000000
8,5,-53,3.6191683e+22,0.000000
9,6,-43,3.6159227e+22,0.000000
8,0,45,3.6133557e+22,0.000000
8,0,-45,3.6133557e+22,0.000000
8,3,-53,3.6091012e+22,0.000000
8,-1,34,3.6006059e+22,0.000000
10,5,-27,3.5840161e+22,0.000000
8,-2,27,3.5768011e+22,0.000000
10,7,-24,3.5260974e+22,0.000000
8,-3,6,3.525018e+22,0.000000
9,8,-37,3.5141231e+22,0.000000
8,-4,22,3.4638805e+22,0.000000
4,-4,50,3.4546937e+22,0.000000
10,8,-21,3.4425435e+22,0.000000
8,3,3,3.4350906e+22,0.000000
6,-2,35,3.4284077e+22,0.000000
7,-5,19,3.4259175e+22,0.000000
6,-3,41,3.4210206e+22,0.000000
9,3,-44,3.4022659e+22,0.000000
9,4,-33,3.3953072e+22,0.000000
7,-4,25,3.3830807e+22,0.000000
9,8,-38,3.3805993e+22,0.000000
10,1,-11,3.3742279e+22,0.000000
10,3,-23,3.3604436e+22,0.000000
5,2,37,3.3434267e+22,0.000000
2,2,50,3.3193327e+22,0.000000
10,7,-25,3.3095224e+22,0.000000
6,-6,19,3.288156e+22,0.000000
8,1,33,3.2791547e+22,0.000000
9,9,-8,3.2740913e+22,0.000000
9,8,-39,3.253111e+22,0.000000
8,-1,-48,3.2512821e+22,0.000000
7,-2,4,3.2472457e+22,0.000000
5,-3,51,3.2432973e+22,0.000000
10,8,-22,3.2263807e+22,0.000000
8,4,-55,3.2168613e+22,0.000000
8,1,-40,3.204765e+22,0.000000
4,-4,51,3.1976273e+22,0.000000
7,-4,6,3.1784935e+22,0.000000
10,5,-28,3.1424344e+22,0.000000
6,4,6,3.1330321e+22,0.000000
9,8,-40,3.1305385e+22,0.000000
9,1,-38,3.1230928e+22,0.000000
10,7,-26,3.1063136e+22,0.000000
9,7,-54,3.0889283e+22,0.000000
10,0,22,3.0581526e+22,0.000000
10,0,-22,3.0581526e+22,0.000000
10,1,-2,3.0562956e+22,0.000000
9,5,-43,3.0504416e+22,0.000000
8,5,-54,3.0464213e+22,0.000000
10,6,-23,3.039007e+22,0.000000
4,4,22,3.0389497e+22,0.000000
10,8,-23,3.0283965e+22,0.000000
6,2,33,3.0219642e+22,0.000000
9,8,-41,3.0114119e+22,0.000000
10,-2,-37,3.002651e+22,0.000000
9,2,-40,2.9746464e+22,0.000000
4,-4,52,2.9523758e+22,0.000000
8,1,-41,2.9489328e+22,0.000000
9,4,-39,2.9378233e+22,0.000000
10,4,-33,2.9313926e+22,0.000000
6,-5,17,2.9284875e+22,0.000000
10,7,-27,2.9129092e+22,0.000000
4,-3,53,2.9127838e+22,0.000000
9,4,-40,2.8969715e+22,0.000000
9,8,-42,2.8940788e+22,0.000000
6,3,23,2.8934622e+22,0.000000
9,4,-38,2.8920321e+22,0.000000
10,2,-24,2.8906751e+22,0.000000
6,-4,36,2.8863589e+22,0.000000
10,7,1,2.8715883e+22,0.000000
6,4,18,2.8715646e+22,0.000000
10,3,1,2.8603856e+22,0.000000
2,2,51,2.8592744e+22,0.000000
9,9,-9,2.8558156e+22,0.000000
10,8,-24,2.8471782e+22,0.000000
9,8,2,2.8077699e+22,0.000000
5,4,14,2.7997903e+22,0.000000
9,-3,11,2.7923005e+22,0.000000
9,8,-43,2.7768885e+22,0.000000
9,4,-41,2.7756339e+22,0.000000
9,4,-37,2.7732059e+22,0.000000
9,-3,12,2.7640167e+22,0.000000
8,2,-51,2.7574994e+22,0.000000
8,0,46,2.7547388e+22,0.000000
8,0,-46,2.7547388e+22,0.000000
10,8,4,2.7512721e+22,0.000000
5,-4,35,2.7487397e+22,0.000000
8,1,-42,2.7464775e+22,0.000000
7,-3,36,2.7432321e+22,0.000000
5,-2,53,2.7429857e+22,0.000000
10,-4,3,2.7415989e+22,0.000000
9,3,-45,2.7379058e+22,0.000000
8,-1,-49,2.7306014e+22,0.000000
10,7,-28,2.7265245e+22,0.000000
9,4,-34,2.7205125e+22,0.000000
4,-4,53,2.7180942e+22,0.000000
9,-1,19,2.7115363e+22,0.000000
9,1,20,2.7051435e+22,0.000000
10,5,-29,2.7006873e+22,0.000000
10,-3,-29,2.6870798e+22,0.000000
5,-5,30,2.6833933e+22,0.000000
10,8,-25,2.6812896e+22,0.000000
4,2,44,2.6765367e+22,0.000000
6,1,45,2.6640053e+22,0.000000
9,8,-44,2.6583653e+22,0.000000
9,4,-36,2.6280553e+22,0.000000
5,3,32,2.6236092e+22,0.000000
9,6,-44,2.6173892e+22,0.000000
7,-2,20,2.6141371e+22,0.000000
8,3,-54,2.5999961e+22,0.000000
7,-2,5,2.5909966e+22,0.000000
9,4,-42,2.5901243e+22,0.000000
9,-1,-38,2.5852848e+22,0.000000
9,-2,-45,2.5823674e+22,0.000000
5,2,38,2.5744931e+22,0.000000
9,9,-10,2.5673742e+22,0.000000
9,4,-35,2.5539219e+22,0.000000
6,5,6,2.5474965e+22,0.000000
10,7,-29,2.5450792e+22,0.000000
8,5,-55,2.539088e+22,0.000000
9,8,-45,2.5373472e+22,0.000000
8,1,-43,2.5359477e+22,0.000000
7,-5,7,2.532081e+22,0.000000
10,8,-26,2.5293509e+22,0.000000
8,8,6,2.5086073e+22,0.000000
7,2,-52,2.5046705e+22,0.000000
8,2,27,2.5019859e+22,0.000000
10,1,-12,2.4977498e+22,0.000000
4,-4,54,2.4935324e+22,0.000000
8,-1,35,2.4891471e+22,0.000000
7,0,54,2.4785875e+22,0.000000
7,0,-54,2.4785875e+22,0.000000
9,7,-55,2.4758509e+22,0.000000
6,-1,49,2.4633302e+22,0.000000
2,2,52,2.4543701e+22,0.000000
10,1,-19,2.4513097e+22,0.000000
10,1,-20,2.4419323e+22,0.000000
7,-2,-47,2.4412682e+22,0.000000
9,-3,13,2.4320735e+22,0.000000
9,0,25,2.4314352e+22,0.000000
9,0,-25,2.4314352e+22,0.000000
8,-4,23,2.4246248e+22,0.000000
9,8,-46,2.4130798e+22,0.000000
10,-2,-38,2.40824e+22,0.000000
7,1,44,2.4033789e+22,0.000000
3,2,44,2.3990871e+22,0.000000
10,8,-27,2.3901008e+22,0.000000
10,-3,-34,2.3895557e+22,0.000000
4,3,31,2.3862605e+22,0.000000
10,7,-30,2.367138e+22,0.000000
9,-3,10,2.3668403e+22,0.000000
8,-2,-54,2.3660478e+22,0.000000
9,4,-43,2.3604183e+22,0.000000
10,-3,-33,2.358405e+22,0.000000
3,3,35,2.3563812e+22,0.000000
10,1,-18,2.3542894e+22,0.000000
9,9,-11,2.3534155e+22,0.000000
10,-3,-35,2.3514029e+22,0.000000
10,1,-21,2.331474e+22,0.000000
9,8,4,2.3211427e+22,0.000000
8,1,-44,2.3028807e+22,0.000000
10,-3,-30,2.2897359e+22,0.000000
5,-3,52,2.2869224e+22,0.000000
9,8,-47,2.2852596e+22,0.000000
10,-3,-32,2.2811812e+22,0.000000
4,-4,55,2.2800842e+22,0.000000
10,5,-30,2.2750322e+22,0.000000
8,-1,-50,2.2745367e+22,0.000000
8,1,34,2.2719015e+22,0.000000
10,0,23,2.2680023e+22,0.000000
10,0,-23,2.2680023e+22,0.000000
10,8,-28,2.2623982e+22,0.000000
10,3,-24,2.246246e+22,0.000000
10,-3,-36,2.2443103e+22,0.000000
8,-2,28,2.238081e+22,0.000000
7,-1,47,2.2347037e+22,0.000000
10,-3,-31,2.2191117e+22,0.000000
6,-3,42,2.214574e+22,0.000000
10,7,-31,2.1918644e+22,0.000000
9,9,-12,2.1839771e+22,0.000000
9,3,-46,2.1795123e+22,0.000000
10,6,-24,2.1751709e+22,0.000000
10,1,-17,2.1699931e+22,0.000000
7,-4,26,2.1642217e+22,0.000000
8,-3,15,2.1633844e+22,0.000000
9,8,-48,2.1540312e+22,0.000000
10,8,-29,2.1451652e+22,0.000000
10,1,-22,2.1405841e+22,0.000000
7,2,27,2.13942e+22,0.000000
10,6,4,2.1391545e+22,0.000000
9,4,-44,2.1061061e+22,0.000000
2,2,53,2.0988885e+22,0.000000
9,2,-41,2.094472e+22,0.000000
10,4,-34,2.0934833e+22,0.000000
8,0,47,2.0878733e+22,0.000000
8,0,-47,2.0878733e+22,0.000000
10,-3,-37,2.0810076e+22,0.000000
8,1,-45,2.0531485e+22,0.000000
8,-5,6,2.0520288e+22,0.000000
9,5,-44,2.0485729e+22,0.000000
9,9,-13,2.0427564e+22,0.000000
10,8,-30,2.0373035e+22,0.000000
10,5,3,2.0372387e+22,0.000000
6,3,24,2.0289829e+22,0.000000
6,-5,18,2.0289662e+22,0.000000
7,3,4,2.0246777e+22,0.000000
9,8,-49,2.0199449e+22,0.000000
10,7,-32,2.0189764e+22,0.000000
9,-3,14,1.9630956e+22,0.000000
7,2,-53,1.9618419e+22,0.000000
10,1,-13,1.9578767e+22,0.000000
9,1,-39,1.9559356e+22,0.000000
5,2,39,1.9526797e+22,0.000000
10,1,-16,1.9485082e+22,0.000000
10,8,-31,1.9376211e+22,0.000000
9,0,2,1.9331245e+22,0.000000
9,0,-2,1.9331245e+22,0.000000
9,9,-14,1.9201714e+22,0.000000
7,-3,37,1.9115394e+22,0.000000
4,-3,54,1.9010417e+22,0.000000
10,-2,-39,1.8990031e+22,0.000000
4,2,45,1.8986197e+22,0.000000
10,1,-23,1.896652e+22,0.000000
5,-2,54,1.887965e+22,0.000000
6,-6,20,1.8853827e+22,0.000000
9,8,-50,1.8838862e+22,0.000000
8,-1,-51,1.8825853e+22,0.000000
5,4,15,1.8813305e+22,0.000000
10,-3,-38,1.8793688e+22,0.000000
10,5,-31,1.8783957e+22,0.000000
9,6,-45,1.8713887e+22,0.000000
8,3,-55,1.8688944e+22,0.000000
9,9,-3,1.8494588e+22,0.000000
9,9,-1,1.8490054e+22,0.000000
10,7,-33,1.8486899e+22,0.000000
10,8,-32,1.8447981e+22,0.000000
9,4,-45,1.8441435e+22,0.000000
9,9,-15,1.8107327e+22,0.000000
8,1,-46,1.7991233e+22,0.000000
6,4,19,1.7928038e+22,0.000000
2,2,54,1.7879938e+22,0.000000
7,-5,20,1.7747097e+22,0.000000
10,1,-15,1.7710384e+22,0.000000
8,0,1,1.7690998e+22,0.000000
8,0,-1,1.7690998e+22,0.000000
6,-1,50,1.7656956e+22,0.000000
10,8,-33,1.7574022e+22,0.000000
7,2,-54,1.7549822e+22,0.000000
8,2,-52,1.7540972e+22,0.000000
9,8,-51,1.746988e+22,0.000000
10,1,-14,1.74001e+22,0.000000
9,-2,-46,1.7333494e+22,0.000000
9,3,-47,1.719457e+22,0.000000
7,2,-55,1.7159407e+22,0.000000
5,-5,31,1.7120052e+22,0.000000
9,9,-16,1.7118107e+22,0.000000
8,-1,36,1.7069273e+22,0.000000
10,7,-34,1.6816422e+22,0.000000
10,8,-34,1.6739516e+22,0.000000
8,-4,24,1.6729946e+22,0.000000
5,-3,53,1.6581872e+22,0.000000
10,-3,-39,1.6573889e+22,0.000000
10,2,-25,1.6515019e+22,0.000000
7,0,55,1.6481548e+22,0.000000
7,0,-55,1.6481548e+22,0.000000
7,-2,21,1.6463888e+22,0.000000
7,3,18,1.637863e+22,0.000000
10,0,24,1.6294164e+22,0.000000
10,0,-24,1.6294164e+22,0.000000
10,1,-24,1.6271008e+22,0.000000
9,9,-17,1.6224798e+22,0.000000
5,3,33,1.6203372e+22,0.000000
6,-4,37,1.6121862e+22,0.000000
9,8,-52,1.6105361e+22,0.000000
9,-1,-39,1.6101435e+22,0.000000
4,4,23,1.6092761e+22,0.000000
6,-1,54,1.5984812e+22,0.000000
10,6,-25,1.5945365e+22,0.000000
10,8,-35,1.5930077e+22,0.000000
9,4,-46,1.5878776e+22,0.000000
6,-1,53,1.5790142e+22,0.000000
6,-1,55,1.5755183e+22,0.000000
8,0,48,1.5728559e+22,0.000000
8,0,-48,1.5728559e+22,0.000000
3,2,45,1.5664528e+22,0.000000
8,1,35,1.5608217e+22,0.000000
6,-1,51,1.5545728e+22,0.000000
8,1,-47,1.5527675e+22,0.000000
8,-1,-52,1.5505856e+22,0.000000
8,2,28,1.5483316e+22,0.000000
9,9,-18,1.5423292e+22,0.000000
6,-1,52,1.5416691e+22,0.000000
10,5,-32,1.5199327e+22,0.000000
10,7,-35,1.5187932e+22,0.000000
2,2,55,1.5173304e+22,0.000000
10,8,-36,1.5132782e+22,0.000000
9,1,21,1.5082796e+22,0.000000
10,-10,8,1.5067464e+22,0.000000
9,-3,9,1.4868853e+22,0.000000
9,-3,15,1.48143e+22,0.000000
9,8,-53,1.4758771e+22,0.000000
10,-2,-40,1.4748294e+22,0.000000
9,9,-19,1.4705725e+22,0.000000
5,-4,36,1.4664025e+22,0.000000
5,2,40,1.4618614e+22,0.000000
9,2,-42,1.4608114e+22,0.000000
10,4,-35,1.4604922e+22,0.000000
7,1,45,1.4484841e+22,0.000000
10,3,-25,1.4447087e+22,0.000000
4,3,32,1.4376091e+22,0.000000
10,8,-37,1.433709e+22,0.000000
10,-3,-40,1.4308057e+22,0.000000
6,-3,43,1.4269395e+22,0.000000
6,-5,19,1.4079852e+22,0.000000
6,3,25,1.4058712e+22,0.000000
7,-2,-48,1.4057798e+22,0.000000
9,9,-20,1.4057227e+22,0.000000
6,1,46,1.4009893e+22,0.000000
8,-2,-55,1.3828428e+22,0.000000
8,-2,29,1.3824483e+22,0.000000
7,-4,27,1.3750318e+22,0.000000
4,2,46,1.3691555e+22,0.000000
9,5,-45,1.3649151e+22,0.000000
10,7,-36,1.3613111e+22,0.000000
10,1,-25,1.3553595e+22,0.000000
10,-1,-6,1.3546394e+22,0.000000
10,8,-38,1.3535521e+22,0.000000
3,3,36,1.347691e+22,0.000000
9,4,-47,1.3468805e+22,0.000000
9,3,-48,1.3466382e+22,0.000000
9,9,-21,1.3458212e+22,0.000000
9,8,-54,1.3443354e+22,0.000000
8,1,-48,1.3231231e+22,0.000000
5,-2,55,1.3228776e+22,0.000000
7,-3,38,1.3224497e+22,0.000000
9,6,-46,1.3217999e+22,0.000000
10,-1,-5,1.3160383e+22,0.000000
7,-1,48,1.3139459e+22,0.000000
9,0,26,1.2960777e+22,0.000000
9,0,-26,1.2960777e+22,0.000000
9,9,1,1.290858e+22,0.000000
9,9,-22,1.2889755e+22,0.000000
9,-1,20,1.2802651e+22,0.000000
4,-3,55,1.2754924e+22,0.000000
8,-1,-53,1.272454e+22,0.000000
10,8,-39,1.2723986e+22,0.000000
9,1,25,1.2665624e+22,0.000000
9,9,-2,1.2504133e+22,0.000000
10,6,-26,1.2434347e+22,0.000000
10,-1,-7,1.2384967e+22,0.000000
9,9,-23,1.2338864e+22,0.000000
9,1,26,1.2332972e+22,0.000000
5,4,16,1.2330662e+22,0.000000
9,1,24,1.2302584e+22,0.000000
5,-3,54,1.2299095e+22,0.000000
9,8,-55,1.2171445e+22,0.000000
10,-3,-41,1.2117455e+22,0.000000
10,7,-37,1.2104512e+22,0.000000
9,1,-40,1.2084432e+22,0.000000
10,5,-33,1.205052e+22,0.000000
10,8,-40,1.1901785e+22,0.000000
9,9,-24,1.1801269e+22,0.000000
8,0,49,1.1782488e+22,0.000000
8,0,-49,1.1782488e+22,0.000000
8,-4,5,1.1684764e+22,0.000000
8,-1,37,1.1613869e+22,0.000000
9,1,22,1.1605935e+22,0.000000
9,-2,-47,1.1582051e+22,0.000000
9,1,23,1.1565762e+22,0.000000
8,-3,16,1.155111e+22,0.000000
10,2,-31,1.1512226e+22,0.000000
10,6,-33,1.1445645e+22,0.000000
7,2,28,1.1434007e+22,0.000000
10,2,-30,1.1416076e+22,0.000000
8,-4,25,1.1404512e+22,0.000000
6,2,34,1.1390603e+22,0.000000
9,1,27,1.1390239e+22,0.000000
10,6,-32,1.1363893e+22,0.000000
10,0,25,1.1359687e+22,0.000000
10,0,-25,1.1359687e+22,0.000000
10,-2,-41,1.130167e+22,0.000000
9,9,-25,1.1280897e+22,0.000000
9,4,-48,1.1272744e+22,0.000000
10,6,-34,1.1248149e+22,0.000000
10,2,-26,1.1220192e+22,0.000000
8,1,-49,1.115702e+22,0.000000
10,2,-32,1.1112058e+22,0.000000
10,8,-41,1.1071285e+22,0.000000
10,6,-31,1.1038235e+22,0.000000
6,4,20,1.1026111e+22,0.000000
10,1,-26,1.0988354e+22,0.000000
8,2,-53,1.0928703e+22,0.000000
5,-5,32,1.0916925e+22,0.000000
7,-1,1,1.0891514e+22,0.000000
10,2,-29,1.0857418e+22,0.000000
5,2,41,1.0819296e+22,0.000000
6,-6,21,1.080868e+22,0.000000
9,9,-26,1.0786699e+22,0.000000
10,6,-35,1.0783688e+22,0.000000
10,7,-38,1.0674399e+22,0.000000
10,-1,-8,1.0663174e+22,0.000000
10,6,-27,1.0648344e+22,0.000000
8,1,36,1.0638326e+22,0.000000
9,-3,16,1.0580299e+22,0.000000
10,6,-30,1.0570236e+22,0.000000
9,3,-49,1.0485807e+22,0.000000
9,9,3,1.0465525e+22,0.000000
8,-1,-54,1.0413271e+22,0.000000
9,9,-27,1.0328341e+22,0.000000
10,2,-33,1.0313238e+22,0.000000
3,2,46,1.0237429e+22,0.000000
10,8,-42,1.0237372e+22,0.000000
9,9,4,1.0211458e+22,0.000000
7,-2,22,1.0162152e+22,0.000000
4,2,47,1.0149376e+22,0.000000
10,6,-29,1.0144876e+22,0.000000
9,2,-43,1.0100275e+22,0.000000
10,6,-36,1.0094899e+22,0.000000
10,2,-28,1.0093761e+22,0.000000
10,-3,-42,1.0086847e+22,0.000000
9,1,28,1.0046343e+22,0.000000
10,6,-28,1.0043531e+22,0.000000
5,3,34,9.9825255e+21,0.000000
10,4,-36,9.9518136e+21,0.000000
9,9,-28,9.9123207e+21,0.000000
9,-1,-40,9.8945033e+21,0.000000
10,7,4,9.832982e+21,0.000000
10,2,-27,9.7906889e+21,0.000000
6,-5,20,9.7808614e+21,0.000000
6,-2,36,9.6444668e+21,0.000000
6,3,26,9.6412576e+21,0.000000
10,1,-3,9.546667e+21,0.000000
9,9,-29,9.5396265e+21,0.000000
9,-2,1,9.510829e+21,0.000000
8,2,29,9.4533968e+21,0.000000
10,-1,-4,9.4437884e+21,0.000000
10,8,-43,9.406762e+21,0.000000
9,-4,4,9.398603e+21,0.000000
10,5,-34,9.3579975e+21,0.000000
10,7,-39,9.3337364e+21,0.000000
8,1,-50,9.3297404e+21,0.000000
6,-2,41,9.3241574e+21,0.000000
9,4,-49,9.322958e+21,0.000000
5,-3,55,9.2519396e+21,0.000000
10,2,-34,9.2435863e+21,0.000000
10,6,-37,9.2400397e+21,0.000000
9,6,-47,9.2263251e+21,0.000000
9,9,-30,9.2053427e+21,0.000000
6,-3,44,9.1509815e+21,0.000000
6,-2,42,9.1451362e+21,0.000000
7,-3,39,9.086127e+21,0.000000
9,5,-46,9.0593483e+21,0.000000
10,3,-26,9.014332e+21,0.000000
7,4,5,8.9912554e+21,0.000000
7,-5,21,8.9784095e+21,0.000000
6,-4,38,8.9255293e+21,0.000000
9,9,-31,8.8999452e+21,0.000000
10,-1,-9,8.8041636e+21,0.000000
8,0,50,8.7761461e+21,0.000000
8,0,-50,8.7761461e+21,0.000000
7,6,6,8.7027693e+21,0.000000
10,1,-27,8.6877853e+21,0.000000
7,-4,28,8.6801498e+21,0.000000
4,3,33,8.6588524e+21,0.000000
6,-2,40,8.637498e+21,0.000000
7,1,46,8.617862e+21,0.000000
9,9,-32,8.6116394e+21,0.000000
10,8,-44,8.5872605e+21,0.000000
10,-2,-42,8.5611153e+21,0.000000
9,1,29,8.5346827e+21,0.000000
8,-1,-55,8.5034664e+21,0.000000
4,4,24,8.4856572e+21,0.000000
9,2,1,8.4314063e+21,0.000000
8,-2,30,8.4228732e+21,0.000000
6,-2,43,8.3731826e+21,0.000000
9,9,-33,8.3289615e+21,0.000000
10,6,-38,8.2816089e+21,0.000000
10,-3,-43,8.2667537e+21,0.000000
8,5,5,8.1987087e+21,0.000000
9,3,-50,8.1305926e+21,0.000000
10,7,-40,8.0914113e+21,0.000000
7,-2,-49,8.0730797e+21,0.000000
9,9,-34,8.0429779e+21,0.000000
10,2,-35,8.0419944e+21,0.000000
5,2,42,7.9252871e+21,0.000000
5,4,17,7.9057911e+21,0.000000
8,-1,38,7.8421713e+21,0.000000
4,2,48,7.812653e+21,0.000000
10,8,-45,7.7870529e+21,0.000000
7,-1,49,7.7817295e+21,0.000000
8,1,-51,7.7511346e+21,0.000000
9,9,-35,7.7486579e+21,0.000000
3,3,37,7.7336827e+21,0.000000
9,-2,-48,7.7122955e+21,0.000000
5,-4,37,7.6970512e+21,0.000000
10,0,26,7.6967843e+21,0.000000
10,0,-26,7.6967843e+21,0.000000
5,5,7,7.694837e+21,0.000000
8,-4,26,7.6897311e+21,0.000000
9,4,-50,7.6293905e+21,0.000000
7,3,19,7.5733519e+21,0.000000
9,9,0,7.4947174e+21,0.000000
9,9,-36,7.4452804e+21,0.000000
9,1,-41,7.3626066e+21,0.000000
6,-2,44,7.2895999e+21,0.000000
10,6,-39,7.278424e+21,0.000000
6,1,47,7.267252e+21,0.000000
9,0,27,7.2098465e+21,0.000000
9,0,-27,7.2098465e+21,0.000000
9,-3,17,7.2096384e+21,0.000000
8,1,37,7.1955038e+21,0.000000
9,9,-37,7.1359688e+21,0.000000
10,5,-35,7.1144569e+21,0.000000
10,-1,-10,7.0290794e+21,0.000000
9,1,30,7.0195692e+21,0.000000
10,8,-46,7.0140785e+21,0.000000
5,-5,33,6.9582084e+21,0.000000
10,7,-41,6.9537241e+21,0.000000
6,-2,39,6.9524722e+21,0.000000
9,-1,21,6.9342383e+21,0.000000
9,2,-44,6.9289212e+21,0.000000
10,9,-5,6.8524068e+21,0.000000
9,9,-38,6.8266046e+21,0.000000
10,2,-36,6.8145357e+21,0.000000
6,-5,21,6.7965265e+21,0.000000
3,2,47,6.7302463e+21,0.000000
10,1,-28,6.7088952e+21,0.000000
6,4,21,6.6906172e+21,0.000000
10,-3,-44,6.6804916e+21,0.000000
8,2,-54,6.6356422e+21,0.000000
10,4,-37,6.6240737e+21,0.000000
6,3,27,6.5534867e+21,0.000000
9,9,-39,6.5244336e+21,0.000000
8,0,51,6.4984307e+21,0.000000
8,0,-51,6.4984307e+21,0.000000
10,-2,-43,6.4188326e+21,0.000000
8,1,-52,6.4075906e+21,0.000000
9,6,-48,6.3689243e+21,0.000000
9,3,-51,6.2857946e+21,0.000000
4,2,49,6.2825816e+21,0.000000
10,6,-40,6.2806822e+21,0.000000
10,8,-47,6.2755298e+21,0.000000
9,1,3,6.2525009e+21,0.000000
9,9,-40,6.2366628e+21,0.000000
6,-6,22,6.2010321e+21,0.000000
7,-3,40,6.1939728e+21,0.000000
9,4,-51,6.1857894e+21,0.000000
7,-2,23,6.1490643e+21,0.000000
5,3,35,6.1347378e+21,0.000000
8,2,2,6.1102607e+21,0.000000
6,-2,45,6.0994978e+21,0.000000
9,5,-47,6.0246433e+21,0.000000
9,-1,-41,5.9968454e+21,0.000000
9,-1,25,5.9820766e+21,0.000000
9,9,-41,5.9692807e+21,0.000000
8,-3,17,5.9461697e+21,0.000000
10,9,-6,5.9417662e+21,0.000000
7,2,29,5.9264718e+21,0.000000
10,7,-42,5.9241492e+21,0.000000
9,-1,26,5.8901182e+21,0.000000
6,-3,45,5.8411231e+21,0.000000
9,-2,14,5.8113672e+21,0.000000
9,-2,15,5.7536797e+21,0.000000
5,2,43,5.7505461e+21,0.000000
9,-1,24,5.7324004e+21,0.000000
9,9,-42,5.7262432e+21,0.000000
9,-3,6,5.7154695e+21,0.000000
8,2,30,5.6910064e+21,0.000000
10,2,-37,5.6455224e+21,0.000000
9,1,31,5.6266164e+21,0.000000
10,3,-27,5.5870165e+21,0.000000
7,5,6,5.5862275e+21,0.000000
10,8,-48,5.5774905e+21,0.000000
7,-2,2,5.5246925e+21,0.000000
9,9,-43,5.509075e+21,0.000000
10,-1,-11,5.5068462e+21,0.000000
9,-1,27,5.4919899e+21,0.000000
7,1,1,5.4680207e+21,0.000000
7,-4,29,5.4445884e+21,0.000000
9,-2,13,5.4283942e+21,0.000000
10,9,-4,5.4216184e+21,0.000000
9,-2,16,5.3475422e+21,0.000000
10,-3,-45,5.330519e+21,0.000000
10,6,-41,5.3276738e+21,0.000000
9,9,-44,5.3168653e+21,0.000000
9,-1,23,5.305297e+21,0.000000
10,5,-36,5.2917566e+21,0.000000
4,2,50,5.2770168e+21,0.000000
8,1,-53,5.2769954e+21,0.000000
9,-1,22,5.2694967e+21,0.000000
8,-1,39,5.2549038e+21,0.000000
4,3,34,5.2138644e+21,0.000000
9,9,-45,5.1465792e+21,0.000000
8,-4,27,5.1379624e+21,0.000000
9,-2,-49,5.1231156e+21,0.000000
7,1,47,5.0728047e+21,0.000000
10,0,27,5.0693325e+21,0.000000
10,0,-27,5.0693325e+21,0.000000
10,1,-29,5.0665493e+21,0.000000
8,-2,31,5.0633447e+21,0.000000
10,7,-43,5.0033435e+21,0.000000
9,9,-46,4.9935837e+21,0.000000
9,4,-52,4.9751705e+21,0.000000
5,4,18,4.9694054e+21,0.000000
9,-1,3,4.9551609e+21,0.000000
6,-2,46,4.9428534e+21,0.000000
10,8,-49,4.924714e+21,0.000000
9,-3,8,4.9054727e+21,0.000000
6,-4,39,4.8957228e+21,0.000000
9,-1,28,4.8857106e+21,0.000000
9,9,-47,4.8522818e+21,0.000000
9,3,-52,4.8510805e+21,0.000000
9,9,2,4.8468236e+21,0.000000
8,1,38,4.830801e+21,0.000000
8,0,52,4.7804996e+21,0.000000
8,0,-52,4.7804996e+21,0.000000
10,-2,-44,4.7716773e+21,0.000000
7,-1,50,4.7576846e+21,0.000000
6,-2,38,4.730292e+21,0.000000
9,2,-45,4.7206608e+21,0.000000
6,-5,22,4.7205595e+21,0.000000
9,9,-48,4.7167557e+21,0.000000
9,-2,17,4.7166516e+21,0.000000
9,-3,18,4.7126947e+21,0.000000
7,-2,-50,4.7073128e+21,0.000000
9,0,28,4.6582995e+21,0.000000
9,0,-28,4.6582995e+21,0.000000
4,2,51,4.6028057e+21,0.000000
9,-2,12,4.5916064e+21,0.000000
10,2,-38,4.583232e+21,0.000000
9,9,-49,4.5813469e+21,0.000000
9,9,5,4.5749807e+21,0.000000
10,9,-7,4.4865367e+21,0.000000
3,2,48,4.4830285e+21,0.000000
4,4,25,4.4588352e+21,0.000000
3,3,38,4.4551149e+21,0.000000
10,6,-42,4.4472352e+21,0.000000
9,9,-50,4.4411204e+21,0.000000
5,-5,34,4.4311844e+21,0.000000
7,-5,22,4.4258477e+21,0.000000
9,1,-42,4.4254761e+21,0.000000
6,3,28,4.4207589e+21,0.000000
9,1,32,4.4055834e+21,0.000000
10,-1,-12,4.3672544e+21,0.000000
9,6,-49,4.3535104e+21,0.000000
8,1,-54,4.3335055e+21,0.000000
10,-1,-19,4.3242598e+21,0.000000
10,8,-50,4.3205271e+21,0.000000
10,4,-38,4.3095979e+21,0.000000
9,9,-51,4.292189e+21,0.000000
10,-1,-20,4.2461934e+21,0.000000
10,-1,-18,4.2337097e+21,0.000000
10,-3,-46,4.2050147e+21,0.000000
7,-3,41,4.2013931e+21,0.000000
10,7,-44,4.1893559e+21,0.000000
9,-1,29,4.1838033e+21,0.000000
7,3,20,4.1556706e+21,0.000000
5,2,44,4.135456e+21,0.000000
9,9,-52,4.1318926e+21,0.000000
4,2,52,4.1295364e+21,0.000000
9,5,-48,4.0448716e+21,0.000000
6,4,22,4.0117464e+21,0.000000
10,-1,-21,4.0090554e+21,0.000000
10,-1,-17,4.0027726e+21,0.000000
9,-2,18,3.9805403e+21,0.000000
9,4,-53,3.9742826e+21,0.000000
5,-4,38,3.9634849e+21,0.000000
9,9,-53,3.9588453e+21,0.000000
10,8,5,3.9575601e+21,0.000000
8,2,-55,3.906502e+21,0.000000
6,-2,47,3.8987616e+21,0.000000
6,-2,37,3.8772765e+21,0.000000
6,1,48,3.8554049e+21,0.000000
10,5,-37,3.8477518e+21,0.000000
4,2,53,3.7736729e+21,0.000000
9,9,-54,3.772871e+21,0.000000
10,8,-51,3.7668431e+21,0.000000
9,0,29,3.7645969e+21,0.000000
9,0,-29,3.7645969e+21,0.000000
5,3,36,3.7609479e+21,0.000000
10,1,-30,3.7452474e+21,0.000000
9,3,-53,3.7409036e+21,0.000000
6,-3,46,3.7127149e+21,0.000000
9,0,32,3.7126949e+21,0.000000
9,0,-32,3.7126949e+21,0.000000
6,2,35,3.7075468e+21,0.000000
10,-1,-16,3.7051709e+21,0.000000
9,8,5,3.6994938e+21,0.000000
10,-1,-13,3.6724696e+21,0.000000
9,0,31,3.6696024e+21,0.000000
9,0,-31,3.6696024e+21,0.000000
10,6,-43,3.6566545e+21,0.000000
10,2,-39,3.6565164e+21,0.000000
10,-1,-22,3.6469902e+21,0.000000
7,-2,24,3.6467781e+21,0.000000
9,0,33,3.640843e+21,0.000000
9,0,-33,3.640843e+21,0.000000
10,3,-28,3.6222352e+21,0.000000
8,-7,8,3.6118162e+21,0.000000
9,0,30,3.6048055e+21,0.000000
9,0,-30,3.6048055e+21,0.000000
9,-1,-42,3.5861835e+21,0.000000
9,9,-55,3.574857e+21,0.000000
6,-6,23,3.5620332e+21,0.000000
8,1,-55,3.5507662e+21,0.000000
10,-2,-45,3.519998e+21,0.000000
8,-1,40,3.4940287e+21,0.000000
8,0,53,3.490943e+21,0.000000
8,0,-53,3.490943e+21,0.000000
4,2,54,3.4824384e+21,0.000000
10,7,-45,3.4779823e+21,0.000000
9,-1,30,3.4672479e+21,0.000000
10,-1,-15,3.4572253e+21,0.000000
9,0,34,3.4442977e+21,0.000000
9,0,-34,3.4442977e+21,0.000000
9,-2,11,3.4128209e+21,0.000000
8,-4,28,3.4021491e+21,0.000000
10,-1,-14,3.4007277e+21,0.000000
9,-2,-50,3.3982227e+21,0.000000
10,9,-8,3.3974201e+21,0.000000
7,-4,30,3.3939911e+21,0.000000
9,1,33,3.3879257e+21,0.000000
8,2,31,3.3796258e+21,0.000000
10,-3,-47,3.2835065e+21,0.000000
6,-5,23,3.2750749e+21,0.000000
10,8,-52,3.2642546e+21,0.000000
10,0,28,3.2481026e+21,0.000000
10,0,-28,3.2481026e+21,0.000000
9,-2,19,3.234611e+21,0.000000
4,2,55,3.2251007e+21,0.000000
8,1,39,3.2189892e+21,0.000000
10,-1,-23,3.2052361e+21,0.000000
9,2,-46,3.1973463e+21,0.000000
8,-3,18,3.1858853e+21,0.000000
9,4,-54,3.1570078e+21,0.000000
9,0,35,3.1490065e+21,0.000000
9,0,-35,3.1490065e+21,0.000000
4,3,35,3.1383323e+21,0.000000
7,-1,51,3.1122657e+21,0.000000
5,4,19,3.0681593e+21,0.000000
3,2,49,3.0544338e+21,0.000000
7,3,21,3.019527e+21,0.000000
6,-2,48,3.0036085e+21,0.000000
10,-1,-2,3.0004761e+21,0.000000
8,-2,32,2.9966551e+21,0.000000
9,2,14,2.9906884e+21,0.000000
6,6,7,2.9716338e+21,0.000000
7,2,30,2.9699559e+21,0.000000
7,1,48,2.969473e+21,0.000000
9,-3,19,2.9650471e+21,0.000000
10,6,-44,2.9641409e+21,0.000000
6,3,29,2.9625796e+21,0.000000
8,6,6,2.9546762e+21,0.000000
9,6,-50,2.9531689e+21,0.000000
5,2,45,2.9484743e+21,0.000000
9,2,15,2.941235e+21,0.000000
9,3,-54,2.8849629e+21,0.000000
7,-2,-51,2.8849611e+21,0.000000
10,2,-40,2.8718499e+21,0.000000
10,7,-46,2.8632089e+21,0.000000
9,2,13,2.8444808e+21,0.000000
7,-3,42,2.8260345e+21,0.000000
5,-5,35,2.8173363e+21,0.000000
10,8,-53,2.8121862e+21,0.000000
9,-1,31,2.7995203e+21,0.000000
9,0,36,2.7939794e+21,0.000000
9,0,-36,2.7939794e+21,0.000000
9,6,5,2.771972e+21,0.000000
9,5,-49,2.7662651e+21,0.000000
10,4,-39,2.7461969e+21,0.000000
10,5,-38,2.7325459e+21,0.000000
9,2,16,2.7323301e+21,0.000000
10,-1,-24,2.7290424e+21,0.000000
10,9,-9,2.7233671e+21,0.000000
10,1,-31,2.7119166e+21,0.000000
10,3,-35,2.682959e+21,0.000000
7,3,22,2.671431e+21,0.000000
10,3,-34,2.665623e+21,0.000000
6,-4,40,2.6554896e+21,0.000000
10,3,-29,2.6519739e+21,0.000000
9,-8,8,2.6357924e+21,0.000000
9,1,-43,2.623541e+21,0.000000
10,3,-36,2.6153698e+21,0.000000
10,-2,-46,2.5826038e+21,0.000000
3,3,39,2.5784519e+21,0.000000
10,3,-33,2.567426e+21,0.000000
9,1,34,2.5590426e+21,0.000000
9,-2,20,2.5434424e+21,0.000000
10,-3,-48,2.5409327e+21,0.000000
8,0,54,2.5292412e+21,0.000000
8,0,-54,2.5292412e+21,0.000000
9,2,12,2.4974127e+21,0.000000
9,4,-55,2.4968311e+21,0.000000
10,-1,-3,2.4901055e+21,0.000000
7,3,23,2.4856673e+21,0.000000
10,3,-37,2.4738297e+21,0.000000
10,3,-32,2.4185093e+21,0.000000
9,2,17,2.4156722e+21,0.000000
9,0,37,2.4149798e+21,0.000000
9,0,-37,2.4149798e+21,0.000000
10,8,-54,2.4090793e+21,0.000000
6,4,23,2.3804187e+21,0.000000
10,6,-45,2.3707737e+21,0.000000
5,5,9,2.3565967e+21,0.000000
6,-3,47,2.3524129e+21,0.000000
10,7,-47,2.3376915e+21,0.000000
4,4,26,2.336341e+21,0.000000
8,-1,41,2.3043352e+21,0.000000
10,9,-10,2.3042603e+21,0.000000
10,3,-30,2.3009418e+21,0.000000
5,3,37,2.2996262e+21,0.000000
10,3,-31,2.2882369e+21,0.000000
10,3,-38,2.2767972e+21,0.000000
6,-5,24,2.2684978e+21,0.000000
6,-2,49,2.2675099e+21,0.000000
6,1,49,2.2631145e+21,0.000000
7,3,24,2.2591871e+21,0.000000
10,-1,-25,2.2568219e+21,0.000000
7,-1,52,2.2543364e+21,0.000000
9,-2,-51,2.2524704e+21,0.000000
8,-4,29,2.2374231e+21,0.000000
9,3,-55,2.2259131e+21,0.000000
10,2,-41,2.2246325e+21,0.000000
9,-1,32,2.2074744e+21,0.000000
9,2,-47,2.1552855e+21,0.000000
3,2,50,2.1517709e+21,0.000000
9,-2,10,2.1478376e+21,0.000000
8,1,40,2.1287581e+21,0.000000
7,-5,23,2.1196652e+21,0.000000
7,-2,25,2.1181501e+21,0.000000
9,-1,-43,2.1153767e+21,0.000000
7,-4,31,2.1020264e+21,0.000000
5,2,46,2.0845428e+21,0.000000
8,-8,9,2.0547104e+21,0.000000
10,8,-55,2.0525953e+21,0.000000
6,-6,24,2.0495554e+21,0.000000
9,2,18,2.0447119e+21,0.000000
10,3,-39,2.044478e+21,0.000000
9,0,38,2.0414502e+21,0.000000
9,0,-38,2.0414502e+21,0.000000
8,-3,19,2.0402289e+21,0.000000
10,-2,9,2.0358399e+21,0.000000
10,9,-11,2.0219026e+21,0.000000
10,0,29,2.0218639e+21,0.000000
10,0,-29,2.0218639e+21,0.000000
7,-7,9,2.0008811e+21,0.000000
5,-4,39,1.9954951e+21,0.000000
9,6,-51,1.9947732e+21,0.000000
9,2,11,1.9882275e+21,0.000000
7,-6,8,1.977464e+21,0.000000
8,2,32,1.9757756e+21,0.000000
6,3,30,1.9741008e+21,0.000000
7,3,25,1.9663632e+21,0.000000
7,-2,-52,1.9527636e+21,0.000000
10,-3,-49,1.9509616e+21,0.000000
10,9,-3,1.9454746e+21,0.000000
9,5,-50,1.9442576e+21,0.000000
9,-2,21,1.9428804e+21,0.000000
10,1,-32,1.9242709e+21,0.000000
9,1,35,1.9085765e+21,0.000000
10,5,-39,1.8936244e+21,0.000000
10,7,-48,1.8932274e+21,0.000000
7,-3,43,1.8930143e+21,0.000000
4,3,36,1.8880731e+21,0.000000
10,-2,-47,1.8849987e+21,0.000000
8,7,6,1.8835827e+21,0.000000
10,-2,8,1.8775113e+21,0.000000
10,6,-46,1.8723937e+21,0.000000
5,4,20,1.8638417e+21,0.000000
7,-1,53,1.8291839e+21,0.000000
10,-1,-26,1.8166756e+21,0.000000
10,9,-12,1.815395e+21,0.000000
8,0,55,1.8149448e+21,0.000000
8,0,-55,1.8149448e+21,0.000000
10,-6,6,1.8055517e+21,0.000000
9,-3,20,1.7988166e+21,0.000000
10,3,-40,1.7957855e+21,0.000000
5,-5,36,1.7895116e+21,0.000000
5,5,10,1.7550016e+21,0.000000
7,1,49,1.7508272e+21,0.000000
8,-2,33,1.7459252e+21,0.000000
10,4,-40,1.7222614e+21,0.000000
10,-2,10,1.7095949e+21,0.000000
9,-1,33,1.7091767e+21,0.000000
5,5,8,1.7067802e+21,0.000000
10,2,-42,1.7028161e+21,0.000000
8,-3,20,1.6926759e+21,0.000000
9,0,39,1.69253e+21,0.000000
9,0,-39,1.69253e+21,0.000000
8,-3,22,1.6917324e+21,0.000000
10,9,-1,1.686322e+21,0.000000
8,-3,23,1.6810684e+21,0.000000
6,-2,50,1.6809802e+21,0.000000
9,3,12,1.6783489e+21,0.000000
9,3,11,1.6665421e+21,0.000000
9,2,19,1.6651227e+21,0.000000
8,-3,21,1.660066e+21,0.000000
10,9,-13,1.6548814e+21,0.000000
7,3,26,1.6398956e+21,0.000000
8,3,9,1.6290676e+21,0.000000
7,-1,54,1.6259231e+21,0.000000
6,1,50,1.6143262e+21,0.000000
8,-3,24,1.6008917e+21,0.000000
3,2,51,1.5827312e+21,0.000000
6,-5,25,1.5682128e+21,0.000000
10,3,-41,1.5463213e+21,0.000000
9,1,-44,1.5365985e+21,0.000000
8,3,10,1.5264674e+21,0.000000
10,9,-14,1.5245732e+21,0.000000
7,-1,55,1.5211928e+21,0.000000
10,7,-49,1.5211879e+21,0.000000
9,3,13,1.5191051e+21,0.000000
7,-2,-53,1.5186634e+21,0.000000
8,-1,42,1.5065119e+21,0.000000
3,3,40,1.5012539e+21,0.000000
9,-2,-52,1.492766e+21,0.000000
6,-3,48,1.4886966e+21,0.000000
10,-3,-50,1.4880782e+21,0.000000
10,1,10,1.4836963e+21,0.000000
8,3,8,1.4666008e+21,0.000000
5,2,47,1.4614909e+21,0.000000
10,6,-47,1.46135e+21,0.000000
8,-3,25,1.4609619e+21,0.000000
8,-4,30,1.4590905e+21,0.000000
9,2,-48,1.4475485e+21,0.000000
9,-2,22,1.446256e+21,0.000000
10,1,11,1.4462035e+21,0.000000
6,1,54,1.4400284e+21,0.000000
7,2,31,1.4367053e+21,0.000000
6,-4,41,1.4285729e+21,0.000000
6,1,53,1.427256e+21,0.000000
10,-1,-27,1.4261987e+21,0.000000
9,-2,6,1.4235211e+21,0.000000
9,3,10,1.41994e+21,0.000000
10,9,-15,1.4152987e+21,0.000000
6,1,51,1.4152643e+21,0.000000
6,1,55,1.4146854e+21,0.000000
9,5,-51,1.4136988e+21,0.000000
9,2,10,1.4038625e+21,0.000000
9,1,36,1.4035192e+21,0.000000
5,3,38,1.4024895e+21,0.000000
8,-4,6,1.400104e+21,0.000000
6,4,24,1.3996891e+21,0.000000
6,1,52,1.3983156e+21,0.000000
8,1,41,1.39657e+21,0.000000
9,0,40,1.3803376e+21,0.000000
9,0,-40,1.3803376e+21,0.000000
10,-2,-48,1.3712171e+21,0.000000
10,1,9,1.3678933e+21,0.000000
7,7,7,1.359423e+21,0.000000
7,-2,-54,1.3506186e+21,0.000000
9,6,-52,1.3485206e+21,0.000000
10,1,-33,1.3385157e+21,0.000000
10,9,-16,1.3214573e+21,0.000000
7,3,27,1.3174091e+21,0.000000
7,-2,-55,1.3134111e+21,0.000000
9,2,20,1.3100139e+21,0.000000
6,3,31,1.3089322e+21,0.000000
10,3,-42,1.3079111e+21,0.000000
9,-1,34,1.2995784e+21,0.000000
7,-4,32,1.2933738e+21,0.000000
10,2,-43,1.2895828e+21,0.000000
10,1,12,1.2893752e+21,0.000000
8,-3,26,1.2839973e+21,0.000000
10,5,-40,1.2798055e+21,0.000000
8,3,11,1.2700688e+21,0.000000
9,3,14,1.2676252e+21,0.000000
7,-3,44,1.2545207e+21,0.000000
10,9,-17,1.239611e+21,0.000000
9,-1,-44,1.2328749e+21,0.000000
6,-2,51,1.2286362e+21,0.000000
10,0,30,1.223678e+21,0.000000
10,0,-30,1.223678e+21,0.000000
3,2,52,1.2222569e+21,0.000000
4,4,27,1.2214745e+21,0.000000
10,7,-50,1.2128905e+21,0.000000
7,-2,26,1.2033167e+21,0.000000
10,10,-6,1.1959935e+21,0.000000
10,-2,11,1.1893429e+21,0.000000
6,-6,25,1.1813402e+21,0.000000
10,9,-18,1.167628e+21,0.000000
9,-9,9,1.1589163e+21,0.000000
10,4,3,1.1553157e+21,0.000000
9,-2,9,1.1547904e+21,0.000000
10,10,-5,1.1451511e+21,0.000000
8,2,33,1.1371322e+21,0.000000
4,3,37,1.1351359e+21,0.000000
5,-5,37,1.1335716e+21,0.000000
10,-3,-51,1.1289449e+21,0.000000
10,6,-48,1.1279938e+21,0.000000
5,4,21,1.1158487e+21,0.000000
9,0,41,1.109615e+21,0.000000
9,0,-41,1.109615e+21,0.000000
10,-2,7,1.1092075e+21,0.000000
10,9,-19,1.104051e+21,0.000000
10,-9,8,1.1003237e+21,0.000000
10,1,8,1.0941161e+21,0.000000
10,-1,-28,1.0936118e+21,0.000000
8,-3,27,1.0925577e+21,0.000000
10,3,-43,1.0885007e+21,0.000000
5,5,11,1.0858418e+21,0.000000
6,-5,26,1.0816708e+21,0.000000
10,4,-41,1.0736378e+21,0.000000
9,5,-52,1.0657471e+21,0.000000
7,1,50,1.0655957e+21,0.000000
10,1,13,1.0612532e+21,0.000000
9,-3,21,1.0526233e+21,0.000000
9,-2,23,1.0517246e+21,0.000000
10,9,-20,1.0476487e+21,0.000000
6,2,36,1.0326243e+21,0.000000
7,3,28,1.0260966e+21,0.000000
9,7,6,1.0245098e+21,0.000000
9,1,37,1.0223903e+21,0.000000
9,-2,7,1.0166225e+21,0.000000
5,2,48,1.0162376e+21,0.000000
9,2,21,9.9921788e+20,0.000000
8,-2,34,9.972674e+20,0.000000
10,9,-21,9.9718213e+20,0.000000
10,-2,-49,9.9512559e+20,0.000000
9,3,15,9.9008806e+20,0.000000
3,2,53,9.9004238e+20,0.000000
9,-2,-53,9.8954518e+20,0.000000
8,3,7,9.8757243e+20,0.000000
7,-5,24,9.8254765e+20,0.000000
5,-4,40,9.7886354e+20,0.000000
9,-1,35,9.7548121e+20,0.000000
8,-1,43,9.7547962e+20,0.000000
9,-3,7,9.7467209e+20,0.000000
10,10,-7,9.7395542e+20,0.000000
9,2,-49,9.6972148e+20,0.000000
10,2,-44,9.6797118e+20,0.000000
8,3,12,9.6246126e+20,0.000000
9,-2,5,9.6161323e+20,0.000000
10,7,-51,9.599003e+20,0.000000
10,9,-22,9.5137876e+20,0.000000
8,-4,31,9.4706012e+20,0.000000
6,-3,49,9.4433973e+20,0.000000
9,3,9,9.4389467e+20,0.000000
6,2,41,9.4288322e+20,0.000000
9,6,-53,9.1880603e+20,0.000000
6,2,42,9.1544168e+20,0.000000
10,1,-34,9.1275542e+20,0.000000
10,9,-23,9.0905072e+20,0.000000
8,1,42,9.0840056e+20,0.000000
8,-3,28,9.0469653e+20,0.000000
10,3,-44,8.9273601e+20,0.000000
9,1,-45,8.9194246e+20,0.000000
6,-2,52,8.8814996e+20,0.000000
6,2,40,8.8268685e+20,0.000000
9,0,42,8.8117765e+20,0.000000
9,0,-42,8.8117765e+20,0.000000
3,3,41,8.8101289e+20,0.000000
10,9,1,8.7864257e+20,0.000000
10,9,-24,8.6925862e+20,0.000000
9,2,9,8.6823151e+20,0.000000
6,3,32,8.6409051e+20,0.000000
10,6,-49,8.618388e+20,0.000000
10,-3,-52,8.5299192e+20,0.000000
5,3,39,8.5297738e+20,0.000000
10,2,9,8.5103996e+20,0.000000
8,-2,2,8.4684817e+20,0.000000
10,5,-41,8.439484e+20,0.000000
9,9,6,8.3722391e+20,0.000000
3,2,54,8.3526754e+20,0.000000
10,9,-25,8.3143075e+20,0.000000
9,5,-53,8.3055463e+20,0.000000
7,-3,45,8.3015434e+20,0.000000
6,2,43,8.2996927e+20,0.000000
10,-1,-29,8.2013139e+20,0.000000
6,4,25,8.1655312e+20,0.000000
10,2,8,8.107554e+20,0.000000
10,1,14,8.1020042e+20,0.000000
10,9,-26,7.9538446e+20,0.000000
7,-4,33,7.9001677e+20,0.000000
10,9,-2,7.8845292e+20,0.000000
7,3,29,7.7864725e+20,0.000000
10,9,-27,7.6124534e+20,0.000000
9,-2,8,7.595814e+20,0.000000
6,-4,42,7.5724179e+20,0.000000
10,7,-52,7.5425646e+20,0.000000
9,-2,24,7.4860134e+20,0.000000
6,-5,27,7.4436986e+20,0.000000
9,2,22,7.4116263e+20,0.000000
10,10,-8,7.3890773e+20,0.000000
9,1,38,7.3641823e+20,0.000000
8,-3,29,7.3183957e+20,0.000000
9,3,16,7.3076946e+20,0.000000
10,9,-28,7.292974e+20,0.000000
3,2,55,7.2635339e+20,0.000000
10,3,-45,7.2254789e+20,0.000000
9,-1,36,7.2181708e+20,0.000000
10,2,-45,7.2074662e+20,0.000000
10,-2,-50,7.202222e+20,0.000000
6,2,39,7.1839507e+20,0.000000
10,0,31,7.1798499e+20,0.000000
10,0,-31,7.1798499e+20,0.000000
5,-5,38,7.1719811e+20,0.000000
6,2,44,7.1570644e+20,0.000000
10,2,10,7.1305797e+20,0.000000
9,-1,-45,7.1214022e+20,0.000000
10,-2,12,7.0443528e+20,0.000000
10,1,7,7.0264299e+20,0.000000
5,2,49,7.0097066e+20,0.000000
10,9,-29,6.998159e+20,0.000000
7,1,51,6.9384023e+20,0.000000
9,0,43,6.9236553e+20,0.000000
9,0,-43,6.9236553e+20,0.000000
8,-3,5,6.9188766e+20,0.000000
6,-6,26,6.8228456e+20,0.000000
4,3,38,6.8188111e+20,0.000000
10,4,-42,6.7744221e+20,0.000000
7,2,32,6.7456086e+20,0.000000
8,3,13,6.7335455e+20,0.000000
10,9,-30,6.7293085e+20,0.000000
7,-2,27,6.6728709e+20,0.000000
9,5,-54,6.645282e+20,0.000000
9,-2,-54,6.6070529e+20,0.000000
5,4,22,6.5939119e+20,0.000000
10,6,-50,6.5241957e+20,0.000000
9,2,-50,6.4860543e+20,0.000000
10,9,-31,6.4855255e+20,0.000000
10,-8,8,6.4807657e+20,0.000000
10,10,-4,6.4761098e+20,0.000000
10,-3,-53,6.4268888e+20,0.000000
8,2,34,6.4169372e+20,0.000000
6,-2,53,6.3933323e+20,0.000000
4,4,28,6.3749888e+20,0.000000
9,6,-54,6.3649427e+20,0.000000
5,5,12,6.3123324e+20,0.000000
10,9,-32,6.2636742e+20,0.000000
8,-1,44,6.2476046e+20,0.000000
9,1,0,6.137628e+20,0.000000
10,9,3,6.1191415e+20,0.000000
10,1,-35,6.1034303e+20,0.000000
8,-4,32,6.0902844e+20,0.000000
10,9,-33,6.0589306e+20,0.000000
6,-3,50,6.0359617e+20,0.000000
10,-1,-30,6.0205588e+20,0.000000
9,-3,22,5.9362115e+20,0.000000
6,2,45,5.9334655e+20,0.000000
7,4,11,5.9006192e+20,0.000000
10,7,-53,5.8862957e+20,0.000000
10,9,-34,5.865689e+20,0.000000
8,1,43,5.8530101e+20,0.000000
9,-7,8,5.8218307e+20,0.000000
8,-3,30,5.8048934e+20,0.000000
7,3,30,5.7860944e+20,0.000000
10,3,-46,5.7785554e+20,0.000000
10,10,-9,5.7739311e+20,0.000000
10,1,15,5.7501496e+20,0.000000
7,4,12,5.7098651e+20,0.000000
6,3,33,5.6820225e+20,0.000000
10,9,-35,5.6785555e+20,0.000000
9,-5,13,5.6476299e+20,0.000000
8,-2,35,5.5796205e+20,0.000000
9,-5,12,5.5640835e+20,0.000000
10,9,-36,5.4931929e+20,0.000000
7,4,10,5.4513602e+20,0.000000
10,5,-42,5.4459323e+20,0.000000
7,-3,46,5.4327456e+20,0.000000
9,5,-55,5.4127108e+20,0.000000
9,0,44,5.3911238e+20,0.000000
9,0,-44,5.3911238e+20,0.000000
9,2,23,5.3600117e+20,0.000000
10,2,-46,5.3358938e+20,0.000000
10,9,-37,5.3068667e+20,0.000000
9,-1,37,5.2898124e+20,0.000000
10,2,7,5.2683747e+20,0.000000
9,1,39,5.262934e+20,0.000000
3,3,42,5.2267282e+20,0.000000
9,-2,25,5.2236401e+20,0.000000
10,1,-1,5.2163481e+20,0.000000
10,-2,-51,5.2083645e+20,0.000000
5,3,40,5.1742391e+20,0.000000
9,1,-46,5.1711076e+20,0.000000
9,3,17,5.1288566e+20,0.000000
10,9,-38,5.1186317e+20,0.000000
6,-5,28,5.1099412e+20,0.000000
7,4,13,5.1097362e+20,0.000000
9,2,8,5.0961954e+20,0.000000
10,2,11,5.0620043e+20,0.000000
9,-5,14,5.0343453e+20,0.000000
10,-7,7,5.0049997e+20,0.000000
7,1,52,5.0029344e+20,0.000000
6,2,38,4.9476315e+20,0.000000
10,9,-39,4.9291857e+20,0.000000
10,6,-51,4.8987339e+20,0.000000
10,-3,-54,4.8351912e+20,0.000000
5,2,50,4.7990343e+20,0.000000
7,-4,34,4.7897625e+20,0.000000
10,10,-10,4.7790951e+20,0.000000
6,2,46,4.7653444e+20,0.000000
10,9,-40,4.7404727e+20,0.000000
6,4,26,4.7314371e+20,0.000000
5,-4,41,4.6649437e+20,0.000000
9,2,6,4.6436009e+20,0.000000
6,-2,54,4.6254988e+20,0.000000
10,3,-47,4.5722118e+20,0.000000
10,7,-54,4.5641574e+20,0.000000
10,9,-41,4.5551466e+20,0.000000
8,-3,31,4.5256735e+20,0.000000
9,6,-55,4.525448e+20,0.000000
10,-10,9,4.5249512e+20,0.000000
5,-5,39,4.5194369e+20,0.000000
9,5,5,4.4619467e+20,0.000000
10,4,-43,4.4474545e+20,0.000000
9,-5,11,4.4247787e+20,0.000000
8,-5,11,4.4220877e+20,0.000000
7,-5,25,4.3997525e+20,0.000000
8,3,14,4.3848633e+20,0.000000
10,9,-42,4.3760073e+20,0.000000
10,7,5,4.3664671e+20,0.000000
9,-2,-55,4.3634556e+20,0.000000
9,2,-51,4.334852e+20,0.000000
10,-1,-31,4.3296656e+20,0.000000
7,4,14,4.3115859e+20,0.000000
8,8,7,4.2500166e+20,0.000000
7,3,31,4.2218962e+20,0.000000
7,4,9,4.2166571e+20,0.000000
10,9,-43,4.2055022e+20,0.000000
9,0,45,4.1651774e+20,0.000000
9,0,-45,4.1651774e+20,0.000000
10,9,4,4.1586102e+20,0.000000
10,10,-11,4.1435834e+20,0.000000
9,-5,15,4.1115971e+20,0.000000
6,2,37,4.1102744e+20,0.000000
9,-1,-46,4.1084308e+20,0.000000
10,0,32,4.0961766e+20,0.000000
10,0,-32,4.0961766e+20,0.000000
8,-5,12,4.0953639e+20,0.000000
4,3,39,4.091898e+20,0.000000
8,-5,10,4.064998e+20,0.000000
10,9,-44,4.0453552e+20,0.000000
7,1,53,4.0420212e+20,0.000000
9,-1,0,4.0291641e+20,0.000000
9,2,7,4.0108685e+20,0.000000
10,1,-36,4.0020402e+20,0.000000
6,-4,43,3.9976014e+20,0.000000
8,-1,45,3.9514405e+20,0.000000
6,-6,27,3.9473293e+20,0.000000
10,2,-47,3.9286113e+20,0.000000
6,-3,51,3.9188467e+20,0.000000
8,-4,33,3.9067035e+20,0.000000
10,9,-45,3.8963533e+20,0.000000
10,9,0,3.8959572e+20,0.000000
9,3,8,3.8739763e+20,0.000000
5,4,23,3.8517653e+20,0.000000
9,-1,38,3.8324827e+20,0.000000
10,1,16,3.8014245e+20,0.000000
9,2,24,3.7874419e+20,0.000000
10,-2,-52,3.7632442e+20,0.000000
10,9,-46,3.7582922e+20,0.000000
8,1,44,3.730757e+20,0.000000
9,1,40,3.7290834e+20,0.000000
6,2,47,3.7261504e+20,0.000000
6,3,34,3.7229529e+20,0.000000
10,10,-12,3.7006438e+20,0.000000
9,2,5,3.6957637e+20,0.000000
10,6,-52,3.6531083e+20,0.000000
10,-2,13,3.6496998e+20,0.000000
10,-3,-55,3.6368e+20,0.000000
10,9,-47,3.6300583e+20,0.000000
5,5,13,3.6077254e+20,0.000000
7,-2,28,3.6025546e+20,0.000000
10,3,-48,3.5835228e+20,0.000000
7,1,54,3.5788998e+20,0.000000
9,-2,26,3.576991e+20,0.000000
7,-3,47,3.5596318e+20,0.000000
8,2,35,3.5475344e+20,0.000000
10,7,-55,3.5177833e+20,0.000000
10,9,-48,3.5098119e+20,0.000000
6,-5,29,3.499837e+20,0.000000
8,-3,32,3.47761e+20,0.000000
7,4,15,3.4716254e+20,0.000000
10,5,-43,3.4669696e+20,0.000000
9,3,18,3.4371994e+20,0.000000
6,-2,55,3.4133352e+20,0.000000
9,-5,6,3.4068257e+20,0.000000
8,-5,13,3.399388e+20,0.000000
10,9,-49,3.3952326e+20,0.000000
7,-6,12,3.3850512e+20,0.000000
10,10,-13,3.3674386e+20,0.000000
8,3,6,3.3512663e+20,0.000000
7,1,55,3.3365492e+20,0.000000
4,4,29,3.322666e+20,0.000000
10,9,-50,3.2837838e+20,0.000000
5,2,51,3.2650578e+20,0.000000
9,-3,23,3.2182685e+20,0.000000
9,0,46,3.1968212e+20,0.000000
9,0,-46,3.1968212e+20,0.000000
10,9,-51,3.1729673e+20,0.000000
7,-6,13,3.1641371e+20,0.000000
7,2,33,3.1564335e+20,0.000000
9,-5,16,3.1522982e+20,0.000000
3,3,43,3.1479593e+20,0.000000
10,2,12,3.1466254e+20,0.000000
10,4,-44,3.134679e+20,0.000000
5,3,41,3.130407e+20,0.000000
10,10,-14,3.1037645e+20,0.000000
10,9,-52,3.0605392e+20,0.000000
10,-1,-32,3.0514984e+20,0.000000
9,1,-47,3.0463887e+20,0.000000
7,-6,11,3.0390019e+20,0.000000
7,3,32,3.0365495e+20,0.000000
8,-2,36,3.0347169e+20,0.000000
10,1,6,2.9794314e+20,0.000000
10,9,-53,2.944674e+20,0.000000
9,2,-52,2.8965327e+20,0.000000
10,10,-15,2.8876239e+20,0.000000
10,2,-48,2.8819957e+20,0.000000
7,-4,35,2.8782748e+20,0.000000
10,10,-2,2.8472246e+20,0.000000
6,2,48,2.8464529e+20,0.000000
9,4,4,2.8451353e+20,0.000000
8,-5,9,2.8428325e+20,0.000000
5,-5,40,2.8425793e+20,0.000000
10,9,-54,2.8240694e+20,0.000000
10,3,-49,2.7854553e+20,0.000000
9,-1,39,2.7544463e+20,0.000000
6,4,27,2.7252402e+20,0.000000
10,-2,-53,2.7144307e+20,0.000000
10,6,-53,2.7097489e+20,0.000000
10,10,-16,2.7047346e+20,0.000000
10,5,4,2.7020098e+20,0.000000
10,9,-55,2.6979933e+20,0.000000
7,4,16,2.6884018e+20,0.000000
8,3,15,2.678522e+20,0.000000
9,3,3,2.6625911e+20,0.000000
7,-6,14,2.6506506e+20,0.000000
8,-3,33,2.6372314e+20,0.000000
9,1,41,2.6234289e+20,0.000000
9,2,25,2.6197216e+20,0.000000
6,-3,52,2.609294e+20,0.000000
8,-5,14,2.6017379e+20,0.000000
10,1,-37,2.5753843e+20,0.000000
8,4,5,2.5691408e+20,0.000000
10,6,5,2.5504581e+20,0.000000
10,10,-17,2.5448998e+20,0.000000
10,10,-1,2.5377403e+20,0.000000
9,-6,7,2.5165977e+20,0.000000
9,-3,3,2.4994086e+20,0.000000
8,-4,34,2.4783077e+20,0.000000
8,-1,46,2.4625629e+20,0.000000
4,3,40,2.4526435e+20,0.000000
9,0,47,2.4399984e+20,0.000000
9,0,-47,2.4399984e+20,0.000000
10,-5,5,2.4380659e+20,0.000000
6,3,35,2.4312063e+20,0.000000
10,4,-45,2.4190389e+20,0.000000
9,-1,-47,2.4083722e+20,0.000000
9,-2,27,2.405995e+20,0.000000
10,10,-18,2.401397e+20,0.000000
6,-5,30,2.3911988e+20,0.000000
10,-2,20,2.36687e+20,0.000000
10,1,17,2.3555886e+20,0.000000
7,4,8,2.350269e+20,0.000000
8,1,45,2.348685e+20,0.000000
10,-2,19,2.3459619e+20,0.000000
7,-3,48,2.3176852e+20,0.000000
9,-5,17,2.3036119e+20,0.000000
10,0,2,2.3025752e+20,0.000000
10,0,-2,2.3025752e+20,0.000000
9,-5,10,2.2974331e+20,0.000000
6,-6,28,2.2884088e+20,0.000000
10,10,-19,2.2706683e+20,0.000000
10,0,33,2.2685945e+20,0.000000
10,0,-33,2.2685945e+20,0.000000
10,-2,21,2.230168e+20,0.000000
5,4,24,2.2270662e+20,0.000000
10,5,-44,2.2169785e+20,0.000000
5,2,52,2.212825e+20,0.000000
9,3,19,2.2055009e+20,0.000000
5,-4,42,2.1605735e+20,0.000000
7,3,33,2.1553583e+20,0.000000
10,10,-20,2.1516902e+20,0.000000
10,3,-50,2.1498898e+20,0.000000
10,-2,18,2.1382002e+20,0.000000
6,2,49,2.1312783e+20,0.000000
10,2,-49,2.108702e+20,0.000000
10,-1,-33,2.1086094e+20,0.000000
6,-4,44,2.0874701e+20,0.000000
5,5,14,2.0659314e+20,0.000000
7,-6,15,2.0640899e+20,0.000000
9,3,6,2.062224e+20,0.000000
10,10,-21,2.0447793e+20,0.000000
10,4,-46,2.0314143e+20,0.000000
7,4,17,2.0132895e+20,0.000000
10,6,-54,2.0029649e+20,0.000000
7,-6,10,1.997181e+20,0.000000
10,-2,22,1.9885872e+20,0.000000
8,4,7,1.9806639e+20,0.000000
8,-3,34,1.9782966e+20,0.000000
10,-2,-54,1.9729429e+20,0.000000
9,-1,40,1.9623656e+20,0.000000
10,10,-22,1.9502189e+20,0.000000
10,-2,6,1.9362205e+20,0.000000
3,3,44,1.9361361e+20,0.000000
9,2,-53,1.9359249e+20,0.000000
10,-2,5,1.9310038e+20,0.000000
9,8,6,1.9157499e+20,0.000000
7,-5,26,1.9078267e+20,0.000000
8,2,36,1.9069371e+20,0.000000
5,3,42,1.8899237e+20,0.000000
7,-2,29,1.8872728e+20,0.000000
9,1,-48,1.8749488e+20,0.000000
8,-5,15,1.8681312e+20,0.000000
10,10,-23,1.8672541e+20,0.000000
9,0,48,1.8533245e+20,0.000000
9,0,-48,1.8533245e+20,0.000000
10,-2,14,1.8488873e+20,0.000000
8,-6,8,1.8410715e+20,0.000000
9,1,42,1.833617e+20,0.000000
10,10,1,1.8229973e+20,0.000000
10,10,-3,1.8186922e+20,0.000000
10,4,-47,1.8077299e+20,0.000000
10,2,13,1.8026338e+20,0.000000
6,-3,53,1.8012161e+20,0.000000
10,10,-24,1.7937762e+20,0.000000
8,4,14,1.7846326e+20,0.000000
5,-5,41,1.7795168e+20,0.000000
9,2,26,1.7760887e+20,0.000000
10,-2,17,1.7735275e+20,0.000000
4,4,30,1.7300665e+20,0.000000
10,10,-25,1.726697e+20,0.000000
8,4,15,1.7225053e+20,0.000000
7,-4,36,1.7136516e+20,0.000000
10,-2,23,1.6945941e+20,0.000000
8,4,13,1.6821036e+20,0.000000
8,-6,9,1.674745e+20,0.000000
9,-3,24,1.6722031e+20,0.000000
8,-6,14,1.6655608e+20,0.000000
10,10,-26,1.6627514e+20,0.000000
10,4,-48,1.6538898e+20,0.000000
10,3,-51,1.6497961e+20,0.000000
6,-5,31,1.6302114e+20,0.000000
10,1,-38,1.6278975e+20,0.000000
10,8,6,1.6264061e+20,0.000000
10,3,2,1.6247633e+20,0.000000
9,-5,18,1.6209147e+20,0.000000
8,-2,37,1.5995637e+20,0.000000
10,10,-27,1.5993576e+20,0.000000
8,-6,13,1.5980616e+20,0.000000
9,-2,28,1.5901244e+20,0.000000
7,2,34,1.5852427e+20,0.000000
6,3,36,1.5825515e+20,0.000000
8,-4,35,1.5716614e+20,0.000000
6,2,50,1.5673941e+20,0.000000
6,4,28,1.5615063e+20,0.000000
8,3,16,1.5575416e+20,0.000000
8,4,16,1.5463736e+20,0.000000
10,9,2,1.5415708e+20,0.000000
10,2,-50,1.5383521e+20,0.000000
10,10,-28,1.5352169e+20,0.000000
7,-6,16,1.5275929e+20,0.000000
10,4,-49,1.5211041e+20,0.000000
7,-3,49,1.5169954e+20,0.000000
7,3,34,1.5141435e+20,0.000000
8,-1,47,1.5081117e+20,0.000000
8,-6,15,1.5043573e+20,0.000000
5,2,53,1.5002509e+20,0.000000
10,6,-55,1.4784639e+20,0.000000
8,4,8,1.4774336e+20,0.000000
9,-1,-48,1.4749875e+20,0.000000
10,5,-45,1.4711135e+20,0.000000
10,10,-29,1.4704848e+20,0.000000
8,-3,35,1.4687013e+20,0.000000
4,3,41,1.4682384e+20,0.000000
7,4,18,1.4640607e+20,0.000000
8,1,46,1.4571466e+20,0.000000
10,2,19,1.4427393e+20,0.000000
10,-1,-34,1.4286233e+20,0.000000
10,2,20,1.4264891e+20,0.000000
10,10,-30,1.4065191e+20,0.000000
9,0,49,1.4022403e+20,0.000000
9,0,-49,1.4022403e+20,0.000000
10,-2,-55,1.4021451e+20,0.000000
10,1,18,1.3982509e+20,0.000000
8,4,12,1.3965452e+20,0.000000
10,-1,10,1.3951145e+20,0.000000
10,-2,24,1.3910717e+20,0.000000
10,-2,16,1.3882136e+20,0.000000
10,4,-50,1.3881438e+20,0.000000
9,-1,41,1.3878472e+20,0.000000
10,-1,11,1.3740873e+20,0.000000
10,10,4,1.3594171e+20,0.000000
9,3,20,1.3571415e+20,0.000000
10,2,18,1.3567017e+20,0.000000
10,10,-31,1.3453371e+20,0.000000
6,-6,29,1.3285819e+20,0.000000
10,2,21,1.3246095e+20,0.000000
8,4,17,1.3106088e+20,0.000000
6,-3,54,1.300434e+20,0.000000
10,2,6,1.2951164e+20,0.000000
9,2,-54,1.2948784e+20,0.000000
10,10,-32,1.2889746e+20,0.000000
5,4,25,1.2760496e+20,0.000000
8,-5,16,1.2726392e+20,0.000000
9,1,43,1.2694938e+20,0.000000
10,-2,15,1.2668805e+20,0.000000
10,3,-52,1.2603943e+20,0.000000
9,1,-49,1.2599237e+20,0.000000
10,-1,9,1.256441e+20,0.000000
10,4,-51,1.2493244e+20,0.000000
8,-6,16,1.2447497e+20,0.000000
10,10,-33,1.2389267e+20,0.000000
10,0,34,1.2360671e+20,0.000000
10,0,-34,1.2360671e+20,0.000000
10,-1,12,1.2273522e+20,0.000000
3,3,45,1.2252749e+20,0.000000
10,10,-34,1.1957956e+20,0.000000
5,5,15,1.1949107e+20,0.000000
10,2,17,1.1823934e+20,0.000000
9,2,27,1.1816917e+20,0.000000
8,-6,12,1.1762645e+20,0.000000
10,2,22,1.1668778e+20,0.000000
10,10,-35,1.1591903e+20,0.000000
5,3,43,1.1395343e+20,0.000000
6,2,51,1.1366556e+20,0.000000
10,10,-36,1.127858e+20,0.000000
9,-4,16,1.1222045e+20,0.000000
10,2,-51,1.1211803e+20,0.000000
5,-5,42,1.1131092e+20,0.000000
6,-5,32,1.1087971e+20,0.000000
6,-4,45,1.1072929e+20,0.000000
10,4,-52,1.1065883e+20,0.000000
9,-5,19,1.1059197e+20,0.000000
10,-2,25,1.1057847e+20,0.000000
9,-4,15,1.1022414e+20,0.000000
10,10,-37,1.0999778e+20,0.000000
10,2,14,1.0971993e+20,0.000000
7,-6,17,1.0898923e+20,0.000000
8,-3,36,1.0812434e+20,0.000000
10,10,-38,1.073527e+20,0.000000
9,-4,17,1.0672083e+20,0.000000
8,4,18,1.0595725e+20,0.000000
8,-5,8,1.0584378e+20,0.000000
10,5,-46,1.0584099e+20,0.000000
9,0,50,1.057034e+20,0.000000
9,0,-50,1.057034e+20,0.000000
7,3,35,1.0530196e+20,0.000000
7,2,3,1.0483936e+20,0.000000
10,10,-39,1.0466368e+20,0.000000
7,4,19,1.0372768e+20,0.000000
9,-2,29,1.0330229e+20,0.000000
6,3,37,1.0268805e+20,0.000000
5,2,54,1.0246153e+20,0.000000
10,10,-40,1.0178714e+20,0.000000
10,1,-39,1.0139283e+20,0.000000
7,-4,37,1.0087282e+20,0.000000
10,-1,13,1.0062449e+20,0.000000
10,9,5,1.0050561e+20,0.000000
7,-3,50,9.986434e+19,0.000000
8,2,37,9.936235e+19,0.000000
9,-4,14,9.9022958e+19,0.000000
8,4,11,9.8905646e+19,0.000000
9,-1,-49,9.8653263e+19,0.000000
10,10,-41,9.8639548e+19,0.000000
6,-3,55,9.8520783e+19,0.000000
10,2,16,9.8480137e+19,0.000000
10,2,23,9.8319207e+19,0.000000
8,-4,36,9.8231473e+19,0.000000
5,-4,43,9.8219262e+19,0.000000
10,1,4,9.7931794e+19,0.000000
9,-1,42,9.7499211e+19,0.000000
8,-6,17,9.7176377e+19,0.000000
7,2,35,9.6489918e+19,0.000000
10,4,-53,9.6476647e+19,0.000000
9,-4,18,9.6178415e+19,0.000000
10,-1,8,9.6136991e+19,0.000000
10,3,-53,9.5988083e+19,0.000000
9,1,-50,9.5639992e+19,0.000000
7,-2,30,9.5611244e+19,0.000000
10,10,-42,9.5202238e+19,0.000000
10,-1,-35,9.49291e+19,0.000000
10,10,0,9.341165e+19,0.000000
10,10,-43,9.1515555e+19,0.000000
6,5,7,9.1130284e+19,0.000000
8,-1,48,9.0441691e+19,0.000000
10,10,3,9.0362534e+19,0.000000
4,4,31,9.0023306e+19,0.000000
10,2,15,8.9352906e+19,0.000000
8,3,17,8.9289188e+19,0.000000
6,4,29,8.9034773e+19,0.000000
8,1,47,8.8849195e+19,0.000000
4,3,42,8.7783703e+19,0.000000
10,10,-44,8.7665368e+19,0.000000
9,1,44,8.753981e+19,0.000000
9,2,-55,8.6774436e+19,0.000000
10,-2,26,8.5581132e+19,0.000000
10,5,-47,8.5351825e+19,0.000000
10,1,19,8.4478727e+19,0.000000
10,10,-45,8.3765286e+19,0.000000
9,-4,19,8.2993822e+19,0.000000
9,-3,25,8.2918846e+19,0.000000
10,4,-54,8.2895469e+19,0.000000
7,-7,10,8.2869078e+19,0.000000
8,-5,17,8.2869021e+19,0.000000
8,4,19,8.2335175e+19,0.000000
7,-5,27,8.2020576e+19,0.000000
9,1,-51,8.1949428e+19,0.000000
10,2,-52,8.1620877e+19,0.000000
6,2,52,8.1539609e+19,0.000000
8,-2,38,8.0632473e+19,0.000000
3,3,46,8.0484693e+19,0.000000
9,3,21,8.0125223e+19,0.000000
10,10,-46,7.9937939e+19,0.000000
10,2,24,7.9803775e+19,0.000000
9,0,51,7.9416852e+19,0.000000
9,0,-51,7.9416852e+19,0.000000
8,-3,37,7.892427e+19,0.000000
9,-4,13,7.8803639e+19,0.000000
6,-6,30,7.7288996e+19,0.000000
9,2,28,7.7198359e+19,0.000000
9,1,-52,7.6983717e+19,0.000000
10,5,-48,7.6815864e+19,0.000000
9,1,-55,7.6307589e+19,0.000000
10,10,-47,7.6298068e+19,0.000000
9,1,-54,7.6224439e+19,0.000000
10,-1,14,7.6214344e+19,0.000000
9,1,-53,7.5935761e+19,0.000000
7,-6,18,7.5687119e+19,0.000000
7,2,36,7.5373663e+19,0.000000
6,-5,33,7.5265447e+19,0.000000
9,-1,-50,7.4577314e+19,0.000000
10,5,-49,7.4302747e+19,0.000000
8,4,9,7.4176264e+19,0.000000
10,5,-50,7.4061727e+19,0.000000
10,5,-51,7.3915789e+19,0.000000
7,5,9,7.3675379e+19,0.000000
9,-5,20,7.3532823e+19,0.000000
10,3,-54,7.2971269e+19,0.000000
10,10,-48,7.2939275e+19,0.000000
8,-6,18,7.2830208e+19,0.000000
10,5,-52,7.277255e+19,0.000000
7,3,36,7.2667738e+19,0.000000
5,4,26,7.2522634e+19,0.000000
7,4,20,7.1804341e+19,0.000000
9,3,7,7.1772975e+19,0.000000
5,2,55,7.1231029e+19,0.000000
7,5,10,7.1081369e+19,0.000000
10,4,-55,7.0340982e+19,0.000000
10,5,-53,7.0245462e+19,0.000000
5,5,16,7.0012203e+19,0.000000
10,10,-49,6.9925419e+19,0.000000
7,2,37,6.9258409e+19,0.000000
5,-5,43,6.9230381e+19,0.000000
10,10,5,6.9126316e+19,0.000000
9,-4,20,6.9098767e+19,0.000000
5,3,44,6.8709845e+19,0.000000
7,-6,9,6.8021249e+19,0.000000
9,-1,43,6.7837805e+19,0.000000
10,0,35,6.7367968e+19,0.000000
10,0,-35,6.7367968e+19,0.000000
10,10,-50,6.7286798e+19,0.000000
7,-3,51,6.6921006e+19,0.000000
10,10,2,6.6908525e+19,0.000000
7,2,38,6.6767364e+19,0.000000
6,3,38,6.6418145e+19,0.000000
10,5,-54,6.6372832e+19,0.000000
9,-2,30,6.594186e+19,0.000000
10,2,5,6.5910088e+19,0.000000
8,4,10,6.5697961e+19,0.000000
10,10,-51,6.5020638e+19,0.000000
9,-1,-51,6.4860788e+19,0.000000
10,-2,27,6.4621463e+19,0.000000
7,2,39,6.3684893e+19,0.000000
10,-3,2,6.3382544e+19,0.000000
10,10,-52,6.3095001e+19,0.000000
10,2,25,6.2705365e+19,0.000000
10,1,-40,6.2523761e+19,0.000000
10,-1,-36,6.1864981e+19,0.000000
8,4,20,6.185518e+19,0.000000
8,-4,37,6.1615801e+19,0.000000
10,10,-53,6.1455037e+19,0.000000
10,5,-55,6.1417948e+19,0.000000
10,1,25,6.0525526e+19,0.000000
10,10,-54,6.003046e+19,0.000000
6,-4,46,5.9775616e+19,0.000000
9,1,45,5.9759871e+19,0.000000
9,-1,-52,5.9622526e+19,0.000000
9,0,52,5.9488991e+19,0.000000
9,0,-52,5.9488991e+19,0.000000
10,2,-53,5.9311585e+19,0.000000
10,1,24,5.9210008e+19,0.000000
10,1,26,5.9128426e+19,0.000000
10,1,5,5.9123795e+19,0.000000
7,2,40,5.9005678e+19,0.000000
10,10,-55,5.8743277e+19,0.000000
7,-4,38,5.8669995e+19,0.000000
9,-1,-54,5.8661385e+19,0.000000
9,-1,-53,5.8613952e+19,0.000000
9,-1,-55,5.8457718e+19,0.000000
7,4,7,5.8320062e+19,0.000000
6,2,53,5.8251212e+19,0.000000
10,1,20,5.8245756e+19,0.000000
7,5,11,5.7684282e+19,0.000000
8,-3,38,5.7224567e+19,0.000000
10,-1,7,5.6892429e+19,0.000000
7,6,7,5.6063534e+19,0.000000
9,-4,21,5.5831711e+19,0.000000
10,1,23,5.5581037e+19,0.000000
10,3,-55,5.544502e+19,0.000000
10,1,27,5.5400878e+19,0.000000
3,3,47,5.5347743e+19,0.000000
8,3,18,5.4202366e+19,0.000000
10,-1,15,5.3504809e+19,0.000000
8,1,48,5.3057409e+19,0.000000
7,2,41,5.3005482e+19,0.000000
8,-6,19,5.2977288e+19,0.000000
8,-1,49,5.2930282e+19,0.000000
9,-4,12,5.2833681e+19,0.000000
4,3,43,5.2425283e+19,0.000000
10,-4,11,5.2223242e+19,0.000000
8,-5,18,5.1833181e+19,0.000000
10,-4,10,5.158441e+19,0.000000
7,-6,19,5.1501375e+19,0.000000
10,1,22,5.1337664e+19,0.000000
6,-5,34,5.0971252e+19,0.000000
6,4,30,5.0541608e+19,0.000000
10,1,21,5.0160782e+19,0.000000
10,1,28,5.0014342e+19,0.000000
7,3,37,4.9746536e+19,0.000000
9,2,29,4.9551211e+19,0.000000
8,2,38,4.952706e+19,0.000000
7,-7,11,4.9307999e+19,0.000000
7,4,21,4.8689232e+19,0.000000
7,5,8,4.8384646e+19,0.000000
10,2,26,4.7949913e+19,0.000000
10,-2,28,4.7843664e+19,0.000000
9,-5,21,4.7815163e+19,0.000000
8,-6,11,4.7688168e+19,0.000000
9,-1,44,4.7003152e+19,0.000000
4,4,32,4.6834885e+19,0.000000
7,-2,31,4.6751576e+19,0.000000
7,-3,52,4.6674366e+19,0.000000
9,-5,8,4.6515523e+19,0.000000
7,2,42,4.6307833e+19,0.000000
8,-3,4,4.5885587e+19,0.000000
9,3,22,4.5369173e+19,0.000000
5,-4,44,4.5331791e+19,0.000000
8,4,21,4.5141985e+19,0.000000
6,-6,31,4.4999555e+19,0.000000
9,9,7,4.4933025e+19,0.000000
9,0,53,4.4418765e+19,0.000000
9,0,-53,4.4418765e+19,0.000000
9,-4,22,4.3977313e+19,0.000000
10,1,29,4.373107e+19,0.000000
10,2,-54,4.297817e+19,0.000000
5,-5,44,4.2977267e+19,0.000000
6,3,39,4.281597e+19,0.000000
7,5,12,4.2619939e+19,0.000000
10,-4,4,4.2434516e+19,0.000000
10,-4,12,4.2160158e+19,0.000000
6,2,54,4.1998644e+19,0.000000
5,5,17,4.1568384e+19,0.000000
5,3,45,4.1534884e+19,0.000000
9,-2,31,4.1360924e+19,0.000000
8,-3,39,4.120022e+19,0.000000
5,4,27,4.0913184e+19,0.000000
9,1,46,4.0570705e+19,0.000000
3,3,48,4.0090895e+19,0.000000
10,-1,-37,3.9575131e+19,0.000000
7,2,43,3.9501846e+19,0.000000
9,-3,26,3.9267905e+19,0.000000
8,5,6,3.9067582e+19,0.000000
10,0,36,3.8557554e+19,0.000000
10,0,-36,3.8557554e+19,0.000000
10,1,-41,3.8557302e+19,0.000000
8,-2,39,3.8486037e+19,0.000000
8,3,19,3.8178575e+19,0.000000
10,-2,1,3.8026871e+19,0.000000
8,-4,38,3.7851022e+19,0.000000
8,-6,20,3.7674442e+19,0.000000
7,-5,28,3.7401857e+19,0.000000
10,1,30,3.7172913e+19,0.000000
10,2,27,3.5759262e+19,0.000000
7,-7,12,3.5096602e+19,0.000000
10,-1,16,3.4891585e+19,0.000000
10,-2,29,3.4696675e+19,0.000000
7,-6,20,3.4501892e+19,0.000000
10,-4,9,3.4468992e+19,0.000000
6,-5,35,3.4453688e+19,0.000000
6,-4,47,3.4429746e+19,0.000000
9,-4,23,3.3890647e+19,0.000000
7,3,38,3.3827225e+19,0.000000
7,-4,39,3.3623297e+19,0.000000
7,-3,53,3.3581354e+19,0.000000
9,0,54,3.3049174e+19,0.000000
9,0,-54,3.3049174e+19,0.000000
7,2,44,3.3027004e+19,0.000000
7,4,22,3.2415732e+19,0.000000
9,-1,45,3.2236303e+19,0.000000
8,3,20,3.2140129e+19,0.000000
8,4,22,3.2129823e+19,0.000000
10,-1,-1,3.2070082e+19,0.000000
9,-5,9,3.1602842e+19,0.000000
4,3,44,3.1283593e+19,0.000000
9,2,30,3.1242877e+19,0.000000
8,-5,19,3.1241459e+19,0.000000
10,2,1,3.122735e+19,0.000000
10,2,-55,3.1079509e+19,0.000000
8,1,49,3.0923306e+19,0.000000
10,1,31,3.084708e+19,0.000000
3,3,49,3.063926e+19,0.000000
6,2,55,3.0624681e+19,0.000000
9,-5,22,3.048969e+19,0.000000
8,3,21,3.0259354e+19,0.000000
8,-1,50,3.0124295e+19,0.000000
7,5,13,2.9591348e+19,0.000000
8,-3,40,2.9496109e+19,0.000000
8,3,22,2.9324432e+19,0.000000
10,-4,13,2.8930831e+19,0.000000
6,4,31,2.8556509e+19,0.000000
8,3,23,2.7916361e+19,0.000000
9,-4,11,2.7876137e+19,0.000000
6,3,40,2.7504864e+19,0.000000
9,1,47,2.7199346e+19,0.000000
7,2,45,2.7144537e+19,0.000000
5,-5,45,2.6614789e+19,0.000000
8,3,4,2.6470537e+19,0.000000
8,-6,21,2.6326986e+19,0.000000
7,-7,13,2.6268737e+19,0.000000
6,-6,32,2.6259614e+19,0.000000
10,2,28,2.6140028e+19,0.000000
8,3,24,2.5676273e+19,0.000000
7,-3,54,2.563144e+19,0.000000
9,-4,24,2.5624001e+19,0.000000
9,-2,32,2.5456352e+19,0.000000
5,3,46,2.5236144e+19,0.000000
9,-8,9,2.5230562e+19,0.000000
9,6,6,2.5048179e+19,0.000000
10,1,32,2.5044245e+19,0.000000
5,5,18,2.49807e+19,0.000000
10,-1,-38,2.4871564e+19,0.000000
10,-2,30,2.4808662e+19,0.000000
8,-5,7,2.4673677e+19,0.000000
10,0,37,2.4654567e+19,0.000000
10,0,-37,2.4654567e+19,0.000000
3,3,50,2.461761e+19,0.000000
9,3,23,2.4593887e+19,0.000000
9,0,55,2.4491808e+19,0.000000
9,0,-55,2.4491808e+19,0.000000
4,4,33,2.4377382e+19,0.000000
10,1,-42,2.413757e+19,0.000000
8,-4,39,2.3381668e+19,0.000000
8,2,39,2.338091e+19,0.000000
6,-5,36,2.3234173e+19,0.000000
5,-4,45,2.2988404e+19,0.000000
5,4,28,2.2921087e+19,0.000000
7,3,39,2.2855048e+19,0.000000
7,-6,21,2.2834816e+19,0.000000
8,3,25,2.2757115e+19,0.000000
8,4,23,2.2381354e+19,0.000000
7,-2,32,2.217708e+19,0.000000
7,2,46,2.1986897e+19,0.000000
9,-1,46,2.1983662e+19,0.000000
6,-4,48,2.1800241e+19,0.000000
8,-6,10,2.1504474e+19,0.000000
10,-1,17,2.124737e+19,0.000000
7,4,23,2.1234563e+19,0.000000
8,-3,41,2.0980229e+19,0.000000
3,3,51,2.0637102e+19,0.000000
10,-1,6,2.0540445e+19,0.000000
7,-5,29,2.0509628e+19,0.000000
7,-3,55,2.0422496e+19,0.000000
10,1,33,1.9960108e+19,0.000000
7,5,14,1.9600605e+19,0.000000
8,3,26,1.9489951e+19,0.000000
9,2,31,1.9353998e+19,0.000000
7,-7,14,1.9340787e+19,0.000000
10,-9,9,1.9196805e+19,0.000000
9,-4,8,1.9183769e+19,0.000000
9,-5,23,1.9094968e+19,0.000000
9,-4,25,1.9054251e+19,0.000000
7,-4,40,1.8958381e+19,0.000000
10,2,29,1.8713157e+19,0.000000
4,3,45,1.8662785e+19,0.000000
10,0,38,1.8312915e+19,0.000000
10,0,-38,1.8312915e+19,0.000000
9,1,48,1.8219164e+19,0.000000
8,-5,20,1.8180957e+19,0.000000
8,-6,22,1.8141621e+19,0.000000
9,-3,27,1.7972518e+19,0.000000
10,10,6,1.7929816e+19,0.000000
3,3,52,1.7881758e+19,0.000000
6,3,41,1.7602799e+19,0.000000
7,2,47,1.7581796e+19,0.000000
8,1,50,1.7528238e+19,0.000000
8,6,7,1.7400811e+19,0.000000
10,-2,31,1.7393239e+19,0.000000
10,-4,14,1.7334782e+19,0.000000
7,5,7,1.7072165e+19,0.000000
8,7,7,1.7055483e+19,0.000000
8,-2,40,1.7020911e+19,0.000000
8,-1,51,1.6674707e+19,0.000000
6,-4,51,1.6478838e+19,0.000000
5,-5,46,1.6475891e+19,0.000000
8,3,27,1.6192669e+19,0.000000
8,-7,9,1.6161497e+19,0.000000
6,4,32,1.606465e+19,0.000000
3,3,53,1.5869958e+19,0.000000
6,-4,49,1.5863007e+19,0.000000
10,1,-43,1.5671997e+19,0.000000
10,0,39,1.5666142e+19,0.000000
10,0,-39,1.5666142e+19,0.000000
6,-5,37,1.5636493e+19,0.000000
10,1,34,1.5633297e+19,0.000000
5,3,47,1.5493227e+19,0.000000
10,-1,-39,1.5404748e+19,0.000000
9,-9,10,1.5397251e+19,0.000000
9,-2,33,1.537082e+19,0.000000
7,3,40,1.5328373e+19,0.000000
6,-6,33,1.5318665e+19,0.000000
8,4,24,1.5301524e+19,0.000000
5,5,19,1.5166146e+19,0.000000
9,-4,7,1.5081465e+19,0.000000
6,6,8,1.4975308e+19,0.000000
7,-6,22,1.4969377e+19,0.000000
8,-3,42,1.4844879e+19,0.000000
9,-1,47,1.4802576e+19,0.000000
7,-5,30,1.4649792e+19,0.000000
8,-8,10,1.4639267e+19,0.000000
6,-4,55,1.4431983e+19,0.000000
3,3,54,1.4316381e+19,0.000000
10,0,40,1.4264206e+19,0.000000
10,0,-40,1.4264206e+19,0.000000
5,-4,46,1.4218465e+19,0.000000
8,-4,40,1.4134443e+19,0.000000
9,-4,26,1.3958689e+19,0.000000
7,2,48,1.3899137e+19,0.000000
6,-4,54,1.3737297e+19,0.000000
7,4,24,1.3713311e+19,0.000000
7,-7,15,1.3684363e+19,0.000000
10,0,41,1.3421833e+19,0.000000
10,0,-41,1.3421833e+19,0.000000
6,-4,50,1.339134e+19,0.000000
10,2,30,1.3207034e+19,0.000000
8,3,28,1.3107531e+19,0.000000
3,3,55,1.3050834e+19,0.000000
6,-4,53,1.2975164e+19,0.000000
5,4,29,1.2755004e+19,0.000000
9,3,24,1.2736419e+19,0.000000
4,4,34,1.2710787e+19,0.000000
6,-4,52,1.2544025e+19,0.000000
7,5,15,1.2483554e+19,0.000000
9,-4,10,1.2479805e+19,0.000000
10,0,42,1.2448075e+19,0.000000
10,0,-42,1.2448075e+19,0.000000
7,-5,31,1.2431759e+19,0.000000
8,-6,23,1.2362887e+19,0.000000
10,-1,18,1.2319572e+19,0.000000
10,-2,32,1.2089706e+19,0.000000
10,1,35,1.2069328e+19,0.000000
9,1,49,1.1928022e+19,0.000000
5,-4,55,1.1782785e+19,0.000000
9,-5,24,1.1764895e+19,0.000000
9,2,32,1.1764253e+19,0.000000
9,-4,9,1.173557e+19,0.000000
7,4,6,1.1640322e+19,0.000000
10,0,43,1.1341315e+19,0.000000
10,0,-43,1.1341315e+19,0.000000
7,-5,32,1.1301605e+19,0.000000
6,3,42,1.1221009e+19,0.000000
4,3,46,1.1140034e+19,0.000000
5,-4,54,1.1132638e+19,0.000000
5,-4,47,1.1080012e+19,0.000000
7,2,49,1.0872245e+19,0.000000
10,1,-44,1.0795241e+19,0.000000
5,-4,53,1.0573609e+19,0.000000
6,-5,38,1.0497405e+19,0.000000
7,-4,41,1.0489402e+19,0.000000
7,-2,33,1.0475564e+19,0.000000
8,-3,43,1.0443189e+19,0.000000
8,3,29,1.0373195e+19,0.000000
10,-10,10,1.0314955e+19,0.000000
8,4,25,1.0296098e+19,0.000000
5,-5,47,1.0278208e+19,0.000000
7,3,41,1.0234081e+19,0.000000
8,-5,21,1.0230265e+19,0.000000
8,2,40,1.022979e+19,0.000000
10,9,6,1.0227738e+19,0.000000
10,0,44,1.0158603e+19,0.000000
10,0,-44,1.0158603e+19,0.000000
5,-4,52,1.0146871e+19,0.000000
9,-4,27,1.0093775e+19,0.000000
5,-4,48,1.0059903e+19,0.000000
7,-5,33,1.0012189e+19,0.000000
9,-1,48,9.9573034e+18,0.000000
5,-4,51,9.8868327e+18,0.000000
5,-4,49,9.7689002e+18,0.000000
10,-1,4,9.7472588e+18,0.000000
5,-4,50,9.7445197e+18,0.000000
7,-6,23,9.7383939e+18,0.000000
8,1,51,9.66322e+18,0.000000
5,3,48,9.6544691e+18,0.000000
10,-1,-40,9.4477956e+18,0.000000
5,5,20,9.2814954e+18,0.000000
7,-7,16,9.2804471e+18,0.000000
10,1,36,9.1843779e+18,0.000000
10,-4,15,9.1776624e+18,0.000000
10,2,31,9.1394609e+18,0.000000
9,-2,34,9.0814248e+18,0.000000
8,-1,52,9.0726951e+18,0.000000
6,4,33,8.9914926e+18,0.000000
6,-6,34,8.9645832e+18,0.000000
9,-4,5,8.9157207e+18,0.000000
10,0,45,8.8975706e+18,0.000000
10,0,-45,8.8975706e+18,0.000000
7,4,25,8.7456105e+18,0.000000
7,-5,34,8.7447297e+18,0.000000
9,-3,5,8.6854296e+18,0.000000
8,-4,41,8.5492789e+18,0.000000
9,-3,28,8.4437056e+18,0.000000
10,-4,8,8.4245963e+18,0.000000
7,2,50,8.4198625e+18,0.000000
8,-6,24,8.3451962e+18,0.000000
10,-2,33,8.2244614e+18,0.000000
8,3,30,8.0541071e+18,0.000000
10,1,-45,8.0034137e+18,0.000000
9,1,50,7.761969e+18,0.000000
10,0,46,7.7240449e+18,0.000000
10,0,-46,7.7240449e+18,0.000000
7,5,16,7.6769758e+18,0.000000
9,7,7,7.6403012e+18,0.000000
10,7,6,7.6284639e+18,0.000000
8,-3,44,7.306477e+18,0.000000
7,-5,35,7.2694981e+18,0.000000
10,-1,19,7.2170629e+18,0.000000
9,-4,28,7.2092254e+18,0.000000
9,-2,4,7.1822875e+18,0.000000
9,-5,25,7.1290465e+18,0.000000
6,3,43,7.1227945e+18,0.000000
5,4,30,7.0496552e+18,0.000000
6,-5,39,7.0320536e+18,0.000000
9,2,33,7.0160609e+18,0.000000
10,-6,7,6.9419911e+18,0.000000
10,1,37,6.9102917e+18,0.000000
8,-2,41,6.8489462e+18,0.000000
8,4,26,6.8311429e+18,0.000000
7,3,42,6.7789417e+18,0.000000
4,3,47,6.661293e+18,0.000000
4,4,35,6.6519994e+18,0.000000
9,-1,49,6.5457793e+18,0.000000
10,0,47,6.5305058e+18,0.000000
10,0,-47,6.5305058e+18,0.000000
7,2,51,6.458482e+18,0.000000
5,-5,48,6.4148307e+18,0.000000
10,1,-46,6.373954e+18,0.000000
7,7,8,6.3058539e+18,0.000000
7,-6,24,6.2964604e+18,0.000000
9,3,25,6.2819215e+18,0.000000
10,2,32,6.2710632e+18,0.000000
5,3,49,6.1505777e+18,0.000000
8,3,31,6.1495193e+18,0.000000
7,-7,17,6.05975e+18,0.000000
7,-5,36,5.9495138e+18,0.000000
8,-4,51,5.8030584e+18,0.000000
10,-1,-41,5.7953646e+18,0.000000
10,-8,9,5.7262374e+18,0.000000
5,5,21,5.7135245e+18,0.000000
7,-4,42,5.6906147e+18,0.000000
8,-6,25,5.5921445e+18,0.000000
10,-2,34,5.5819576e+18,0.000000
8,-5,22,5.5759866e+18,0.000000
10,0,48,5.5732986e+18,0.000000
10,0,-48,5.5732986e+18,0.000000
7,4,26,5.5163154e+18,0.000000
10,1,-47,5.3627096e+18,0.000000
7,-2,34,5.3082872e+18,0.000000
10,-1,25,5.2712265e+18,0.000000
9,-2,35,5.2475103e+18,0.000000
6,-6,35,5.2401398e+18,0.000000
8,1,52,5.236274e+18,0.000000
10,-1,26,5.2054164e+18,0.000000
10,1,38,5.1349615e+18,0.000000
8,-4,42,5.1027523e+18,0.000000
9,-4,29,5.0965837e+18,0.000000
10,-1,24,5.0910065e+18,0.000000
8,-3,45,5.0830659e+18,0.000000
8,-1,53,5.04513e+18,0.000000
6,4,34,5.0066993e+18,0.000000
9,1,51,4.9822955e+18,0.000000
10,-1,27,4.9237549e+18,0.000000
7,2,52,4.9070152e+18,0.000000
8,-1,2,4.8719718e+18,0.000000
10,-1,20,4.8317006e+18,0.000000
10,-1,23,4.7051932e+18,0.000000
6,-5,40,4.6981922e+18,0.000000
7,-5,37,4.6705453e+18,0.000000
10,1,-48,4.6619105e+18,0.000000
9,-3,29,4.658186e+18,0.000000
8,3,32,4.6299134e+18,0.000000
10,0,49,4.6057119e+18,0.000000
10,0,-49,4.6057119e+18,0.000000
7,5,17,4.5683446e+18,0.000000
6,3,44,4.5018892e+18,0.000000
10,-1,28,4.4836901e+18,0.000000
8,4,27,4.479831e+18,0.000000
7,3,43,4.4736379e+18,0.000000
10,-4,16,4.3792313e+18,0.000000
9,-1,50,4.2765818e+18,0.000000
10,-1,22,4.2709411e+18,0.000000
9,-5,26,4.2566075e+18,0.000000
10,2,33,4.2118964e+18,0.000000
10,-1,21,4.124139e+18,0.000000
10,1,-49,4.1154436e+18,0.000000
9,2,34,4.0949632e+18,0.000000
5,-5,49,4.0849875e+18,0.000000
8,2,41,4.0728199e+18,0.000000
10,-1,5,4.0623172e+18,0.000000
7,-6,25,4.0502604e+18,0.000000
5,3,50,4.0231623e+18,0.000000
4,3,48,3.9962657e+18,0.000000
10,-1,29,3.952338e+18,0.000000
10,4,4,3.9502996e+18,0.000000
5,4,31,3.8686195e+18,0.000000
7,-7,18,3.8324646e+18,0.000000
10,0,50,3.8313028e+18,0.000000
10,0,-50,3.8313028e+18,0.000000
10,1,39,3.7850171e+18,0.000000
8,-6,26,3.7203235e+18,0.000000
7,2,53,3.6919025e+18,0.000000
10,-2,35,3.6881191e+18,0.000000
7,-5,38,3.6453122e+18,0.000000
10,1,-50,3.6442248e+18,0.000000
10,-1,-42,3.6089674e+18,0.000000
9,-4,30,3.56462e+18,0.000000
5,5,22,3.5309363e+18,0.000000
9,8,7,3.5168154e+18,0.000000
8,-3,46,3.5131582e+18,0.000000
4,4,36,3.50706e+18,0.000000
7,4,27,3.445384e+18,0.000000
8,3,33,3.4417107e+18,0.000000
9,-3,30,3.421991e+18,0.000000
10,-1,30,3.3856692e+18,0.000000
7,-2,35,3.264325e+18,0.000000
10,1,-51,3.2168173e+18,0.000000
10,0,51,3.2115334e+18,0.000000
10,0,-51,3.2115334e+18,0.000000
6,5,10,3.189776e+18,0.000000
9,-3,31,3.1823376e+18,0.000000
8,-1,54,3.133903e+18,0.000000
9,-3,32,3.1325328e+18,0.000000
9,1,52,3.1310117e+18,0.000000
6,-5,41,3.1302515e+18,0.000000
9,-3,33,3.1007803e+18,0.000000
6,-6,36,3.0712916e+18,0.000000
7,-4,43,3.0293036e+18,0.000000
6,5,11,2.9968296e+18,0.000000
8,-4,43,2.9892371e+18,0.000000
10,-7,8,2.9823808e+18,0.000000
9,2,2,2.9670735e+18,0.000000
9,3,26,2.9583421e+18,0.000000
8,-5,23,2.9566291e+18,0.000000
9,-2,36,2.9546483e+18,0.000000
6,6,11,2.9504734e+18,0.000000
6,6,10,2.9236101e+18,0.000000
7,3,44,2.9220809e+18,0.000000
8,4,28,2.9057608e+18,0.000000
8,1,53,2.8988039e+18,0.000000
9,-3,34,2.8859165e+18,0.000000
8,3,5,2.8763812e+18,0.000000
6,3,45,2.8331757e+18,0.000000
10,-1,31,2.8304436e+18,0.000000
10,1,-52,2.8230158e+18,0.000000
10,2,34,2.8229722e+18,0.000000
6,4,35,2.7712964e+18,0.000000
9,-1,51,2.7607149e+18,0.000000
7,2,54,2.7589582e+18,0.000000
10,1,40,2.7581904e+18,0.000000
7,-5,39,2.7419687e+18,0.000000
5,3,51,2.7160697e+18,0.000000
9,-3,35,2.6500211e+18,0.000000
7,5,18,2.6329539e+18,0.000000
5,-5,50,2.6257892e+18,0.000000
7,-6,26,2.594496e+18,0.000000
10,0,52,2.5832693e+18,0.000000
10,0,-52,2.5832693e+18,0.000000
7,-2,36,2.583104e+18,0.000000
8,-2,42,2.550991e+18,0.000000
8,3,34,2.5319718e+18,0.000000
9,-5,27,2.4955618e+18,0.000000
6,5,9,2.4906605e+18,0.000000
9,-4,31,2.4721777e+18,0.000000
8,-6,27,2.4638852e+18,0.000000
10,1,-53,2.4633957e+18,0.000000
10,-2,36,2.450983e+18,0.000000
8,-1,55,2.4400418e+18,0.000000
6,5,12,2.4398872e+18,0.000000
10,-3,13,2.4337732e+18,0.000000
8,-3,47,2.4133637e+18,0.000000
4,3,49,2.4099441e+18,0.000000
7,-2,37,2.4068697e+18,0.000000
6,6,12,2.4051345e+18,0.000000
7,-7,19,2.3607558e+18,0.000000
7,-2,38,2.3513851e+18,0.000000
10,-3,12,2.3495777e+18,0.000000
9,2,35,2.3380074e+18,0.000000
9,-7,9,2.3341354e+18,0.000000
10,-1,-43,2.3309417e+18,0.000000
10,-1,32,2.3145135e+18,0.000000
8,8,8,2.2975694e+18,0.000000
10,8,7,2.2878993e+18,0.000000
10,-3,14,2.2842328e+18,0.000000
9,-3,36,2.2767179e+18,0.000000
7,-2,39,2.2706681e+18,0.000000
5,5,23,2.1873601e+18,0.000000
8,-2,49,2.1544321e+18,0.000000
8,-2,48,2.1415688e+18,0.000000
10,1,-54,2.1386922e+18,0.000000
7,4,28,2.1332039e+18,0.000000
7,-2,40,2.1282165e+18,0.000000
10,0,53,2.1185356e+18,0.000000
10,0,-53,2.1185356e+18,0.000000
5,4,32,2.1065442e+18,0.000000
6,-5,42,2.0801052e+18,0.000000
10,-4,17,2.0698889e+18,0.000000
10,10,7,2.0686076e+18,0.000000
8,-2,50,2.0625317e+18,0.000000
7,-5,40,2.0533158e+18,0.000000
7,2,55,2.0275031e+18,0.000000
8,-2,47,2.0063457e+18,0.000000
10,1,41,1.9977577e+18,0.000000
10,-3,11,1.9911622e+18,0.000000
10,-3,15,1.981144e+18,0.000000
9,-3,37,1.9617173e+18,0.000000
9,1,53,1.9578038e+18,0.000000
10,6,6,1.9353449e+18,0.000000
7,-2,41,1.9327437e+18,0.000000
8,-2,51,1.9260264e+18,0.000000
7,3,45,1.906571e+18,0.000000
5,3,52,1.8911336e+18,0.000000
10,-4,7,1.8793538e+18,0.000000
4,4,37,1.8733986e+18,0.000000
8,4,29,1.8692433e+18,0.000000
10,1,-55,1.8585285e+18,0.000000
10,-1,33,1.8574861e+18,0.000000
6,5,13,1.8450483e+18,0.000000
8,3,35,1.8444066e+18,0.000000
10,2,35,1.8423434e+18,0.000000
9,5,6,1.8151147e+18,0.000000
10,5,5,1.8036045e+18,0.000000
6,-6,37,1.799339e+18,0.000000
8,1,54,1.7923486e+18,0.000000
8,-4,44,1.7876569e+18,0.000000
6,3,46,1.7761156e+18,0.000000
6,6,13,1.7605412e+18,0.000000
10,-4,22,1.7593265e+18,0.000000
5,-5,51,1.7560864e+18,0.000000
9,-1,52,1.7388787e+18,0.000000
10,0,54,1.7373449e+18,0.000000
10,0,-54,1.7373449e+18,0.000000
10,-4,23,1.7319769e+18,0.000000
6,6,9,1.7195432e+18,0.000000
8,-2,46,1.7122208e+18,0.000000
7,-2,42,1.7061669e+18,0.000000
9,-4,32,1.6975542e+18,0.000000
8,-2,52,1.6788472e+18,0.000000
10,-4,21,1.6601787e+18,0.000000
7,-6,27,1.6558195e+18,0.000000
8,-3,48,1.646146e+18,0.000000
9,-2,37,1.6210432e+18,0.000000
8,-6,28,1.6209046e+18,0.000000
9,2,4,1.6134458e+18,0.000000
10,-3,16,1.6084756e+18,0.000000
10,-4,24,1.6060824e+18,0.000000
9,-3,38,1.5980091e+18,0.000000
10,-1,-44,1.5971774e+18,0.000000
7,-4,44,1.5900949e+18,0.000000
10,-2,37,1.5735308e+18,0.000000
8,-5,24,1.5414345e+18,0.000000
6,4,36,1.5239987e+18,0.000000
7,-5,41,1.5108174e+18,0.000000
8,2,42,1.5007312e+18,0.000000
7,-2,43,1.4699947e+18,0.000000
7,5,19,1.469953e+18,0.000000
10,-1,34,1.4646353e+18,0.000000
4,3,50,1.4640976e+18,0.000000
8,-2,53,1.4565437e+18,0.000000
10,-4,20,1.4509315e+18,0.000000
9,-5,28,1.4434008e+18,0.000000
8,2,54,1.4379682e+18,0.000000
10,0,55,1.4355442e+18,0.000000
10,0,-55,1.4355442e+18,0.000000
10,1,42,1.4318031e+18,0.000000
7,-7,20,1.4228173e+18,0.000000
10,-4,25,1.4168545e+18,0.000000
10,-3,10,1.4008803e+18,0.000000
6,-5,43,1.3775269e+18,0.000000
8,1,55,1.3766498e+18,0.000000
5,5,24,1.3566301e+18,0.000000
5,3,53,1.3548008e+18,0.000000
9,3,27,1.3495324e+18,0.000000
6,5,14,1.3405606e+18,0.000000
8,-2,45,1.3376979e+18,0.000000
8,3,36,1.332981e+18,0.000000
7,4,29,1.3101086e+18,0.000000
9,-3,39,1.3094486e+18,0.000000
9,2,36,1.3010886e+18,0.000000
10,3,13,1.2888354e+18,0.000000
10,-4,18,1.2778169e+18,0.000000
8,-2,54,1.2409941e+18,0.000000
7,-2,44,1.2409092e+18,0.000000
10,-4,19,1.2359717e+18,0.000000
10,3,12,1.2349831e+18,0.000000
10,-3,17,1.2331343e+18,0.000000
7,3,46,1.2307051e+18,0.000000
10,3,14,1.2303455e+18,0.000000
6,6,14,1.2107166e+18,0.000000
10,2,36,1.2097394e+18,0.000000
10,-4,26,1.2036138e+18,0.000000
5,-5,52,1.2021579e+18,0.000000
9,1,54,1.2016066e+18,0.000000
8,2,48,1.1923256e+18,0.000000
8,4,30,1.1911487e+18,0.000000
8,2,49,1.1895919e+18,0.000000
10,-1,-45,1.1779764e+18,0.000000
9,-4,33,1.1583041e+18,0.000000
8,-2,43,1.1402016e+18,0.000000
10,-1,35,1.1381147e+18,0.000000
5,4,33,1.137154e+18,0.000000
8,2,50,1.129632e+18,0.000000
8,2,47,1.1264531e+18,0.000000
8,-3,49,1.1155335e+18,0.000000
6,3,47,1.110269e+18,0.000000
9,-1,53,1.0967541e+18,0.000000
10,3,15,1.090508e+18,0.000000
7,-5,42,1.0789663e+18,0.000000
8,-6,29,1.0648069e+18,0.000000
6,-6,38,1.0575471e+18,0.000000
10,3,11,1.0563534e+18,0.000000
7,-6,28,1.053606e+18,0.000000
9,-3,40,1.0322145e+18,0.000000
8,-2,55,1.0300144e+18,0.000000
7,-2,45,1.0293972e+18,0.000000
8,2,51,1.0279729e+18,0.000000
10,-2,38,1.0242034e+18,0.000000
4,4,38,1.0238883e+18,0.000000
10,1,43,1.0220771e+18,0.000000
8,-2,44,1.0055573e+18,0.000000
8,-4,45,9.9765188e+17,0.000000
5,3,54,9.9347129e+17,0.000000
10,-4,27,9.8683302e+17,0.000000
8,1,2,9.7990822e+17,0.000000
8,2,46,9.6950572e+17,0.000000
6,5,8,9.6604751e+17,0.000000
8,3,37,9.5568142e+17,0.000000
6,5,15,9.528782e+17,0.000000
10,-1,-46,9.3345272e+17,0.000000
6,-5,44,9.0977548e+17,0.000000
10,3,16,9.0603359e+17,0.000000
8,2,52,9.0517965e+17,0.000000
4,3,51,8.9838088e+17,0.000000
10,-3,18,8.9789896e+17,0.000000
10,-1,36,8.715394e+17,0.000000
5,-5,53,8.7016736e+17,0.000000
9,-2,38,8.6516673e+17,0.000000
7,-7,21,8.4206927e+17,0.000000
5,5,25,8.4178469e+17,0.000000
7,-2,46,8.413239e+17,0.000000
7,-4,45,8.4026785e+17,0.000000
6,4,37,8.3193789e+17,0.000000
10,-4,51,8.1875847e+17,0.000000
9,-3,41,8.1667968e+17,0.000000
9,-5,29,8.1407005e+17,0.000000
8,-5,25,8.0995541e+17,0.000000
6,6,15,7.9987125e+17,0.000000
7,4,30,7.9866327e+17,0.000000
7,3,47,7.9563431e+17,0.000000
7,5,20,7.9455969e+17,0.000000
10,-4,28,7.913369e+17,0.000000
7,-5,43,7.8843236e+17,0.000000
9,-4,34,7.8177772e+17,0.000000
10,-1,-47,7.8165378e+17,0.000000
8,2,53,7.7994012e+17,0.000000
10,3,10,7.7265633e+17,0.000000
10,2,37,7.6758683e+17,0.000000
8,2,45,7.6393851e+17,0.000000
8,4,31,7.550071e+17,0.000000
9,1,55,7.5490738e+17,0.000000
8,-3,50,7.4964221e+17,0.000000
5,3,55,7.3929208e+17,0.000000
10,-3,9,7.3092123e+17,0.000000
10,1,44,7.2259908e+17,0.000000
10,3,17,7.1005636e+17,0.000000
9,2,37,7.0570704e+17,0.000000
8,-6,30,6.9349033e+17,0.000000
6,3,48,6.9336684e+17,0.000000
8,1,1,6.8815469e+17,0.000000
8,3,38,6.8094949e+17,0.000000
7,-2,47,6.786397e+17,0.000000
10,-1,-48,6.7651413e+17,0.000000
9,-1,54,6.7283303e+17,0.000000
6,5,16,6.6922132e+17,0.000000
7,-6,29,6.6834055e+17,0.000000
8,2,43,6.6332121e+17,0.000000
10,-1,37,6.5974939e+17,0.000000
9,9,8,6.5819201e+17,0.000000
5,-5,54,6.4181617e+17,0.000000
10,-2,39,6.3623212e+17,0.000000
9,3,28,6.3468269e+17,0.000000
8,-4,46,6.2779523e+17,0.000000
9,-3,42,6.2647824e+17,0.000000
10,-3,19,6.232349e+17,0.000000
6,-6,39,6.2253274e+17,0.000000
10,2,54,6.1725983e+17,0.000000
10,-4,29,6.1538618e+17,0.000000
5,4,34,6.078043e+17,0.000000
9,4,5,5.9979465e+17,0.000000
6,-5,45,5.9874227e+17,0.000000
10,-1,-49,5.9475293e+17,0.000000
4,4,39,5.8044636e+17,0.000000
8,2,44,5.7922719e+17,0.000000
9,-2,2,5.6116033e+17,0.000000
4,3,52,5.5833299e+17,0.000000
7,-5,44,5.4795121e+17,0.000000
8,2,55,5.4341711e+17,0.000000
7,-2,48,5.4103514e+17,0.000000
9,-6,8,5.3774289e+17,0.000000
10,3,18,5.2707493e+17,0.000000
9,-4,35,5.2549417e+17,0.000000
10,-1,-50,5.2461439e+17,0.000000
5,5,26,5.2224899e+17,0.000000
6,6,16,5.137708e+17,0.000000
7,3,48,5.1127232e+17,0.000000
10,1,45,5.0899077e+17,0.000000
8,-3,51,5.0111545e+17,0.000000
8,-1,1,4.9508632e+17,0.000000
5,-5,55,4.9496541e+17,0.000000
10,2,38,4.9396111e+17,0.000000
10,-1,38,4.9314922e+17,0.000000
7,-7,22,4.9062602e+17,0.000000
9,-1,55,4.8801626e+17,0.000000
7,4,31,4.8333902e+17,0.000000
8,3,39,4.8204589e+17,0.000000
9,-3,43,4.7816983e+17,0.000000
10,-5,6,4.7562039e+17,0.000000
10,-4,30,4.7472278e+17,0.000000
8,4,32,4.7397012e+17,0.000000
6,5,17,4.6687315e+17,0.000000
10,-1,-51,4.6418117e+17,0.000000
7,-4,46,4.6311516e+17,0.000000
9,-5,30,4.5444794e+17,0.000000
8,-6,31,4.5342573e+17,0.000000
9,-2,39,4.5263946e+17,0.000000
6,4,38,4.5032688e+17,0.000000
8,-5,26,4.4903989e+17,0.000000
10,3,9,4.4407014e+17,0.000000
6,3,49,4.3411357e+17,0.000000
7,-2,49,4.2668763e+17,0.000000
7,-6,30,4.230496e+17,0.000000
10,9,7,4.1778696e+17,0.000000
7,5,21,4.1544366e+17,0.000000
10,-3,20,4.1317217e+17,0.000000
10,-2,40,4.0479838e+17,0.000000
10,-1,-52,4.0347384e+17,0.000000
7,-5,45,4.0002048e+17,0.000000
8,4,6,3.9880875e+17,0.000000
6,-5,46,3.9317464e+17,0.000000
9,2,38,3.7245652e+17,0.000000
10,3,19,3.7155822e+17,0.000000
6,-6,40,3.6747368e+17,0.000000
10,-1,39,3.6557952e+17,0.000000
9,-3,44,3.6534256e+17,0.000000
10,1,46,3.5531912e+17,0.000000
10,-4,31,3.5411637e+17,0.000000
9,0,1,3.5318291e+17,0.000000
9,0,-1,3.5318291e+17,0.000000
8,-4,47,3.530917e+17,0.000000
4,3,53,3.5268781e+17,0.000000
10,-1,-53,3.5084739e+17,0.000000
9,3,29,3.5045451e+17,0.000000
9,-4,36,3.4893479e+17,0.000000
4,4,40,3.4748517e+17,0.000000
9,4,16,3.4118366e+17,0.000000
8,3,40,3.3949626e+17,0.000000
9,4,15,3.3743934e+17,0.000000
7,-2,50,3.3307574e+17,0.000000
8,-3,52,3.3288341e+17,0.000000
9,-5,7,3.3134285e+17,0.000000
7,3,49,3.3032712e+17,0.000000
9,4,17,3.2487146e+17,0.000000
6,5,18,3.2437091e+17,0.000000
5,5,27,3.2390273e+17,0.000000
6,6,17,3.2301222e+17,0.000000
5,4,35,3.2115385e+17,0.000000
9,4,14,3.10226e+17,0.000000
10,-1,-54,3.0365252e+17,0.000000
10,2,39,3.0345828e+17,0.000000
8,4,33,2.9677382e+17,0.000000
9,4,18,2.9405508e+17,0.000000
8,-6,32,2.9204728e+17,0.000000
7,4,32,2.904675e+17,0.000000
7,-5,53,2.8998312e+17,0.000000
7,-4,47,2.8518021e+17,0.000000
10,4,11,2.8385896e+17,0.000000
7,-7,23,2.8203197e+17,0.000000
8,-5,27,2.789947e+17,0.000000
10,4,10,2.7521468e+17,0.000000
6,3,50,2.7389374e+17,0.000000
7,6,8,2.7386635e+17,0.000000
10,3,3,2.6888917e+17,0.000000
9,-3,45,2.6809427e+17,0.000000
10,1,3,2.6802173e+17,0.000000
10,-1,40,2.6787247e+17,0.000000
7,-5,46,2.6777389e+17,0.000000
7,-6,31,2.6696046e+17,0.000000
10,-4,32,2.6672493e+17,0.000000
7,-2,3,2.6520175e+17,0.000000
10,-1,-55,2.620664e+17,0.000000
10,-3,21,2.6174881e+17,0.000000
9,4,13,2.6013609e+17,0.000000
6,-5,47,2.5752869e+17,0.000000
7,-2,51,2.5746685e+17,0.000000
9,4,19,2.5480959e+17,0.000000
9,3,30,2.5419904e+17,0.000000
10,3,20,2.4912093e+17,0.000000
10,1,47,2.468549e+17,0.000000
9,-5,31,2.4310734e+17,0.000000
6,4,39,2.4161439e+17,0.000000
10,-2,41,2.4090649e+17,0.000000
10,4,12,2.3833799e+17,0.000000
8,3,41,2.3767452e+17,0.000000
9,-2,40,2.3633554e+17,0.000000
9,-4,37,2.3111704e+17,0.000000
9,3,31,2.3038036e+17,0.000000
4,3,54,2.2752105e+17,0.000000
8,-4,48,2.2685217e+17,0.000000
6,5,19,2.2464479e+17,0.000000
4,4,41,2.2362764e+17,0.000000
10,-9,10,2.2316205e+17,0.000000
9,3,32,2.2052307e+17,0.000000
8,-3,53,2.1945802e+17,0.000000
6,-6,41,2.1875604e+17,0.000000
7,-4,51,2.179998e+17,0.000000
7,3,50,2.1466642e+17,0.000000
9,3,33,2.1273112e+17,0.000000
10,-3,8,2.1268443e+17,0.000000
9,4,20,2.1257795e+17,0.000000
7,5,22,2.0978835e+17,0.000000
7,-4,48,2.0456964e+17,0.000000
9,-3,46,2.0380946e+17,0.000000
10,-2,4,2.0322064e+17,0.000000
8,-5,28,2.01214e+17,0.000000
5,5,28,2.0077858e+17,0.000000
6,6,18,1.9957239e+17,0.000000
7,-2,52,1.9708591e+17,0.000000
7,-5,47,1.9681317e+17,0.000000
10,-1,41,1.9505428e+17,0.000000
9,3,34,1.9345134e+17,0.000000
9,4,12,1.9338809e+17,0.000000
9,2,39,1.92739e+17,0.000000
10,-4,33,1.9129764e+17,0.000000
10,2,40,1.9100821e+17,0.000000
8,-6,33,1.9083309e+17,0.000000
10,4,9,1.8815152e+17,0.000000
8,4,34,1.8377936e+17,0.000000
6,3,51,1.7553657e+17,0.000000
8,2,3,1.7403993e+17,0.000000
9,-5,53,1.7396978e+17,0.000000
9,3,35,1.7389219e+17,0.000000
7,4,33,1.7325302e+17,0.000000
9,5,13,1.7301223e+17,0.000000
10,-10,11,1.7285795e+17,0.000000
10,4,13,1.726001e+17,0.000000
9,4,21,1.7154572e+17,0.000000
10,1,48,1.7015477e+17,0.000000
7,-4,49,1.6941423e+17,0.000000
6,-5,48,1.6853703e+17,0.000000
7,-6,32,1.6819741e+17,0.000000
5,4,36,1.6742159e+17,0.000000
8,3,42,1.6560252e+17,0.000000
10,3,8,1.642747e+17,0.000000
9,5,14,1.6402377e+17,0.000000
8,-5,29,1.638763e+17,0.000000
9,3,5,1.6242482e+17,0.000000
9,5,12,1.6114403e+17,0.000000
7,-7,24,1.6008095e+17,0.000000
10,3,21,1.5895123e+17,0.000000
10,-3,22,1.5838444e+17,0.000000
9,6,7,1.5823406e+17,0.000000
4,4,42,1.5639295e+17,0.000000
6,5,20,1.5507991e+17,0.000000
7,-4,50,1.5206335e+17,0.000000
4,3,55,1.5096137e+17,0.000000
9,-4,38,1.5081541e+17,0.000000
7,-2,53,1.4936313e+17,0.000000
9,-8,10,1.4900566e+17,0.000000
10,-2,42,1.4786348e+17,0.000000
9,-3,47,1.4651146e+17,0.000000
9,3,36,1.4644876e+17,0.000000
8,-3,54,1.4519325e+17,0.000000
8,-4,49,1.4464628e+17,0.000000
8,-5,30,1.4289827e+17,0.000000
10,-4,34,1.426707e+17,0.000000
9,5,15,1.4251462e+17,0.000000
7,3,51,1.4196523e+17,0.000000
10,-5,15,1.4161585e+17,0.000000
10,-5,14,1.4119148e+17,0.000000
8,7,8,1.4064231e+17,0.000000
10,-1,42,1.4051636e+17,0.000000
9,-9,11,1.3911226e+17,0.000000
9,3,4,1.3898078e+17,0.000000
9,-7,14,1.3551042e+17,0.000000
9,4,22,1.344442e+17,0.000000
7,-5,48,1.3086509e+17,0.000000
10,-5,16,1.3055287e+17,0.000000
9,-5,32,1.301718e+17,0.000000
6,-6,42,1.300685e+17,0.000000
9,-2,41,1.2954957e+17,0.000000
9,-7,13,1.2837765e+17,0.000000
6,4,40,1.2825147e+17,0.000000
7,-4,52,1.280727e+17,0.000000
8,-5,31,1.2633758e+17,0.000000
10,-5,13,1.2564589e+17,0.000000
5,5,29,1.2439413e+17,0.000000
9,3,37,1.238339e+17,0.000000
9,5,11,1.2308225e+17,0.000000
9,-7,15,1.2262116e+17,0.000000
9,4,11,1.2231926e+17,0.000000
6,6,19,1.2147981e+17,0.000000
8,-6,34,1.2112911e+17,0.000000
4,4,43,1.1866411e+17,0.000000
10,1,49,1.1640757e+17,0.000000
9,5,16,1.1589536e+17,0.000000
6,3,52,1.1537485e+17,0.000000
8,-4,50,1.1526877e+17,0.000000
7,-4,53,1.1487603e+17,0.000000
8,3,43,1.1477594e+17,0.000000
8,4,35,1.1379996e+17,0.000000
10,-5,17,1.1272736e+17,0.000000
10,2,41,1.1248967e+17,0.000000
7,-2,54,1.1204581e+17,0.000000
8,-5,32,1.1129456e+17,0.000000
10,4,14,1.1089047e+17,0.000000
6,-5,49,1.1036488e+17,0.000000
9,-3,48,1.0784245e+17,0.000000
6,5,21,1.0666856e+17,0.000000
7,-6,33,1.0561713e+17,0.000000
9,4,23,1.0269608e+17,0.000000
7,4,34,1.0257328e+17,0.000000
7,5,23,1.0214094e+17,0.000000
7,-5,49,1.0195364e+17,0.000000
10,-1,43,1.0080528e+17,0.000000
9,-7,16,1.0072247e+17,0.000000
7,-4,54,1.0032368e+17,0.000000
9,2,40,9.9548795e+16,0.000000
9,3,38,9.9076415e+16,0.000000
9,-4,39,9.8222589e+16,0.000000
10,-4,35,9.8211474e+16,0.000000
7,3,52,9.7239339e+16,0.000000
8,-3,55,9.6692625e+16,0.000000
10,3,22,9.6517856e+16,0.000000
4,4,44,9.6335691e+16,0.000000
8,-5,33,9.5767209e+16,0.000000
10,-5,12,9.4999727e+16,0.000000
10,-6,12,9.4255055e+16,0.000000
8,5,7,9.3160184e+16,0.000000
10,-5,18,9.2346387e+16,0.000000
9,-7,12,9.1480998e+16,0.000000
10,-3,23,9.1471935e+16,0.000000
7,-7,25,8.9857156e+16,0.000000
9,5,17,8.9357242e+16,0.000000
5,4,37,8.5901523e+16,0.000000
7,-4,55,8.5460362e+16,0.000000
10,7,7,8.5294039e+16,0.000000
8,-4,52,8.409814e+16,0.000000
10,-2,43,8.3992642e+16,0.000000
7,-2,55,8.3176298e+16,0.000000
10,10,8,8.270732e+16,0.000000
4,4,45,8.2168191e+16,0.000000
10,-6,13,8.1675199e+16,0.000000
8,-5,34,8.127526e+16,0.000000
9,-2,42,8.1215372e+16,0.000000
10,-6,11,8.041709e+16,0.000000
6,-6,43,8.0268689e+16,0.000000
9,3,39,7.9799762e+16,0.000000
8,-6,35,7.9413658e+16,0.000000
8,3,44,7.9150839e+16,0.000000
10,1,50,7.9020311e+16,0.000000
6,3,53,7.8629348e+16,0.000000
8,-4,53,7.8005925e+16,0.000000
9,-7,17,7.7433294e+16,0.000000
5,5,30,7.702328e+16,0.000000
9,4,24,7.6689478e+16,0.000000
9,-3,49,7.6374294e+16,0.000000
7,-5,50,7.5946404e+16,0.000000
8,6,8,7.5297045e+16,0.000000
9,-6,16,7.4495307e+16,0.000000
10,-4,36,7.3516136e+16,0.000000
6,5,22,7.3065276e+16,0.000000
6,6,20,7.2978982e+16,0.000000
9,-6,15,7.271154e+16,0.000000
6,-5,50,7.253192e+16,0.000000
10,-5,19,7.2427096e+16,0.000000
4,4,46,7.2339937e+16,0.000000
10,-1,44,7.1611278e+16,0.000000
9,-6,17,7.0499417e+16,0.000000
7,3,53,7.0347965e+16,0.000000
8,4,36,6.9471842e+16,0.000000
10,2,42,6.834708e+16,0.000000
6,4,41,6.7550513e+16,0.000000
8,-5,35,6.7020889e+16,0.000000
7,-6,34,6.6238575e+16,0.000000
9,5,18,6.587718e+16,0.000000
4,4,47,6.4893516e+16,0.000000
10,4,15,6.4675921e+16,0.000000
9,5,10,6.4475392e+16,0.000000
8,-8,11,6.4371251e+16,0.000000
9,-5,33,6.3846133e+16,0.000000
9,-6,14,6.3368928e+16,0.000000
9,4,10,6.3347157e+16,0.000000
9,-6,18,6.2930525e+16,0.000000
9,-4,40,6.2892546e+16,0.000000
9,3,40,6.187076e+16,0.000000
9,-2,43,6.1617753e+16,0.000000
7,4,35,6.0200803e+16,0.000000
9,-3,50,5.9915444e+16,0.000000
8,-4,54,5.9474115e+16,0.000000
10,-6,14,5.9353958e+16,0.000000
7,-5,51,5.9203971e+16,0.000000
4,4,48,5.880533e+16,0.000000
8,-2,3,5.8710147e+16,0.000000
9,7,8,5.8413601e+16,0.000000
9,-7,18,5.6746377e+16,0.000000
9,4,25,5.6147659e+16,0.000000
6,3,54,5.6057555e+16,0.000000
10,3,23,5.57882e+16,0.000000
9,-2,44,5.570957e+16,0.000000
10,-5,11,5.5567994e+16,0.000000
8,-5,36,5.4816201e+16,0.000000
10,-5,20,5.4744788e+16,0.000000
10,4,8,5.4741099e+16,0.000000
10,1,0,5.4588962e+16,0.000000
9,-2,46,5.4506321e+16,0.000000
9,-2,45,5.4500278e+16,0.000000
8,3,45,5.4299805e+16,0.000000
9,2,41,5.3977451e+16,0.000000
9,-2,47,5.3752211e+16,0.000000
9,-6,19,5.3720123e+16,0.000000
4,4,49,5.3523885e+16,0.000000
10,1,51,5.3189614e+16,0.000000
7,3,54,5.2324244e+16,0.000000
9,-2,48,5.1895743e+16,0.000000
10,-4,54,5.1368676e+16,0.000000
10,-1,45,5.0676954e+16,0.000000
10,-3,24,5.0507494e+16,0.000000
10,-3,6,5.0178935e+16,0.000000
6,5,23,4.9820966e+16,0.000000
7,-7,26,4.9817109e+16,0.000000
8,-6,36,4.9566059e+16,0.000000
6,-6,44,4.9282903e+16,0.000000
10,-2,44,4.9073349e+16,0.000000
9,-2,49,4.9019507e+16,0.000000
4,4,50,4.8776649e+16,0.000000
10,-4,37,4.8250215e+16,0.000000
9,3,41,4.8176338e+16,0.000000
6,-5,51,4.8042287e+16,0.000000
7,5,24,4.7845563e+16,0.000000
5,5,31,4.7673739e+16,0.000000
9,5,19,4.671514e+16,0.000000
9,-3,4,4.6668921e+16,0.000000
8,-4,55,4.6547509e+16,0.000000
9,-6,13,4.6431858e+16,0.000000
9,-2,50,4.5259427e+16,0.000000
10,2,4,4.4499451e+16,0.000000
4,4,51,4.4420249e+16,0.000000
9,-6,20,4.4272894e+16,0.000000
7,-5,52,4.4229999e+16,0.000000
8,-5,37,4.3643728e+16,0.000000
6,6,21,4.3330127e+16,0.000000
5,4,38,4.325549e+16,0.000000
8,4,37,4.2582216e+16,0.000000
6,3,55,4.1960016e+16,0.000000
9,-3,52,4.179887e+16,0.000000
9,-2,51,4.1690027e+16,0.000000
7,-6,35,4.1364295e+16,0.000000
7,3,55,4.1333047e+16,0.000000
9,-3,51,4.0920562e+16,0.000000
9,8,8,4.0533513e+16,0.000000
9,4,26,4.0391221e+16,0.000000
4,4,52,4.0373806e+16,0.000000
9,-4,41,4.036046e+16,0.000000
8,-7,10,4.0326989e+16,0.000000
9,-7,19,4.0115635e+16,0.000000
7,7,9,4.0076755e+16,0.000000
10,-5,21,4.0072023e+16,0.000000
10,2,43,3.8443093e+16,0.000000
10,-6,15,3.8077317e+16,0.000000
8,3,46,3.7023906e+16,0.000000
9,-2,52,3.6920402e+16,0.000000
4,4,53,3.6608353e+16,0.000000
10,-4,38,3.6550475e+16,0.000000
9,3,42,3.6390673e+16,0.000000
10,4,16,3.5905784e+16,0.000000
10,-1,3,3.5571058e+16,0.000000
10,-1,46,3.5536231e+16,0.000000
9,-6,21,3.5467991e+16,0.000000
10,1,52,3.51916e+16,0.000000
6,4,42,3.5071144e+16,0.000000
7,4,36,3.5016379e+16,0.000000
8,-5,38,3.4659723e+16,0.000000
8,5,12,3.4180725e+16,0.000000
6,5,24,3.3809499e+16,0.000000
8,5,11,3.3606507e+16,0.000000
9,2,42,3.3470865e+16,0.000000
4,4,54,3.3092003e+16,0.000000
10,-3,3,3.3029764e+16,0.000000
10,-6,10,3.2909912e+16,0.000000
8,-6,37,3.2737052e+16,0.000000
9,-5,34,3.2470215e+16,0.000000
9,-2,53,3.236168e+16,0.000000
6,-5,52,3.2172058e+16,0.000000
6,-6,45,3.2164153e+16,0.000000
9,5,20,3.2006491e+16,0.000000
9,-7,11,3.131391e+16,0.000000
8,5,13,3.103234e+16,0.000000
10,-4,5,3.0951662e+16,0.000000
10,-8,10,3.0868416e+16,0.000000
10,3,24,3.0796287e+16,0.000000
7,-5,54,3.0604301e+16,0.000000
9,4,9,3.0585154e+16,0.000000
10,-2,51,2.9928507e+16,0.000000
4,4,55,2.9829389e+16,0.000000
7,-5,55,2.9630801e+16,0.000000
5,5,32,2.9484808e+16,0.000000
9,4,27,2.8620382e+16,0.000000
10,-5,22,2.8509034e+16,0.000000
9,-2,54,2.8169327e+16,0.000000
8,5,10,2.7957616e+16,0.000000
9,-6,22,2.7758971e+16,0.000000
9,-7,20,2.7579123e+16,0.000000
9,3,43,2.7364862e+16,0.000000
7,-7,27,2.7345298e+16,0.000000
10,-3,25,2.692613e+16,0.000000
8,-5,39,2.6842575e+16,0.000000
10,-2,45,2.6430159e+16,0.000000
8,5,14,2.587552e+16,0.000000
7,-6,36,2.5822541e+16,0.000000
8,4,38,2.5572998e+16,0.000000
6,6,22,2.5459931e+16,0.000000
9,-3,53,2.5439458e+16,0.000000
9,-6,12,2.5315279e+16,0.000000
9,-4,42,2.5135439e+16,0.000000
9,2,43,2.512772e+16,0.000000
8,3,47,2.5101339e+16,0.000000
10,-1,47,2.4796254e+16,0.000000
9,-2,55,2.4146263e+16,0.000000
9,4,8,2.4055292e+16,0.000000
10,8,8,2.312189e+16,0.000000
10,1,53,2.3014457e+16,0.000000
6,5,25,2.2835375e+16,0.000000
10,-4,39,2.2820829e+16,0.000000
10,3,7,2.2750666e+16,0.000000
9,2,44,2.2497463e+16,0.000000
10,2,44,2.2246083e+16,0.000000
10,-6,16,2.2096907e+16,0.000000
6,-5,53,2.2032108e+16,0.000000
9,2,45,2.1810161e+16,0.000000
9,2,46,2.1624811e+16,0.000000
7,5,25,2.1571625e+16,0.000000
10,4,17,2.138949e+16,0.000000
9,-6,23,2.1308001e+16,0.000000
5,4,39,2.1305289e+16,0.000000
6,-6,46,2.1292967e+16,0.000000
9,5,21,2.1260188e+16,0.000000
9,2,47,2.1147831e+16,0.000000
10,-3,7,2.0935992e+16,0.000000
8,-5,40,2.0765604e+16,0.000000
9,3,44,2.0609194e+16,0.000000
9,2,48,2.025158e+16,0.000000
10,-5,10,2.0179409e+16,0.000000
7,4,37,2.0145055e+16,0.000000
8,5,15,2.0144909e+16,0.000000
9,4,28,1.999758e+16,0.000000
8,-6,38,1.9889554e+16,0.000000
10,-5,23,1.9763524e+16,0.000000
9,4,7,1.9138388e+16,0.000000
9,2,49,1.8976237e+16,0.000000
9,-7,21,1.8543836e+16,0.000000
10,4,22,1.8529358e+16,0.000000
10,4,21,1.8422324e+16,0.000000
5,5,33,1.8226845e+16,0.000000
6,4,43,1.8140894e+16,0.000000
10,-4,40,1.7669302e+16,0.000000
10,4,23,1.7549407e+16,0.000000
8,5,9,1.7487099e+16,0.000000
10,-4,53,1.7461409e+16,0.000000
10,3,6,1.7446483e+16,0.000000
9,2,50,1.7377757e+16,0.000000
10,4,20,1.7313494e+16,0.000000
10,-1,48,1.7164183e+16,0.000000
8,3,48,1.690442e+16,0.000000
10,3,25,1.6433845e+16,0.000000
10,4,18,1.6244742e+16,0.000000
9,-6,24,1.6086803e+16,0.000000
7,-6,37,1.6031636e+16,0.000000
10,4,19,1.5965743e+16,0.000000
10,4,24,1.5769086e+16,0.000000
9,-4,43,1.5762846e+16,0.000000
8,-5,41,1.574669e+16,0.000000
9,2,51,1.56947e+16,0.000000
8,8,9,1.5557406e+16,0.000000
6,-6,47,1.5466971e+16,0.000000
8,4,39,1.5452097e+16,0.000000
6,-5,54,1.5439991e+16,0.000000
6,5,26,1.5352304e+16,0.000000
9,-3,54,1.5191667e+16,0.000000
9,3,45,1.4913903e+16,0.000000
10,1,54,1.4841741e+16,0.000000
6,6,23,1.482301e+16,0.000000
8,5,16,1.4791117e+16,0.000000
7,-7,28,1.4784902e+16,0.000000
9,2,54,1.473759e+16,0.000000
10,-3,26,1.4350877e+16,0.000000
10,-2,46,1.4170874e+16,0.000000
9,2,52,1.3928218e+16,0.000000
9,-5,50,1.389914e+16,0.000000
9,4,29,1.3814074e+16,0.000000
9,5,22,1.3732535e+16,0.000000
9,-5,35,1.3607724e+16,0.000000
10,4,25,1.3526608e+16,0.000000
10,-5,24,1.3378084e+16,0.000000
8,-6,39,1.3376061e+16,0.000000
10,-6,8,1.2615094e+16,0.000000
9,-7,22,1.2247136e+16,0.000000
9,5,9,1.2158304e+16,0.000000
9,2,53,1.2145541e+16,0.000000
8,-5,42,1.1997901e+16,0.000000
9,-6,25,1.1976501e+16,0.000000
10,2,45,1.1869544e+16,0.000000
6,-6,48,1.1800576e+16,0.000000
10,-1,49,1.1790728e+16,0.000000
10,-6,17,1.1782543e+16,0.000000
7,4,38,1.1456498e+16,0.000000
8,3,49,1.1314414e+16,0.000000
5,5,34,1.1259736e+16,0.000000
10,4,26,1.118927e+16,0.000000
9,3,46,1.1185379e+16,0.000000
6,-5,55,1.1151731e+16,0.000000
10,6,7,1.0788142e+16,0.000000
8,-8,14,1.0537715e+16,0.000000
10,-4,41,1.0307737e+16,0.000000
8,5,17,1.030714e+16,0.000000
6,5,27,1.0277887e+16,0.000000
5,4,40,1.0228626e+16,0.000000
9,-4,6,1.0130015e+16,0.000000
7,-6,38,9.9509529e+15,0.000000
6,-6,49,9.9483857e+15,0.000000
10,-4,52,9.8976481e+15,0.000000
10,-7,9,9.6232214e+15,0.000000
8,-8,15,9.5936225e+15,0.000000
10,1,55,9.5567147e+15,0.000000
9,-4,44,9.5279848e+15,0.000000
9,4,30,9.4330941e+15,0.000000
7,5,26,9.4124243e+15,0.000000
6,4,44,9.2841405e+15,0.000000
8,4,40,9.1415438e+15,0.000000
9,-3,55,9.0554938e+15,0.000000
9,2,55,8.9668305e+15,0.000000
10,4,27,8.937843e+15,0.000000
8,-5,43,8.9329477e+15,0.000000
10,-5,25,8.8491216e+15,0.000000
9,-6,26,8.8050343e+15,0.000000
10,3,26,8.7989566e+15,0.000000
9,5,23,8.6440534e+15,0.000000
8,-8,13,8.634237e+15,0.000000
6,6,24,8.5630576e+15,0.000000
6,-6,50,8.4165559e+15,0.000000
10,-4,42,8.280842e+15,0.000000
10,-3,27,8.2792416e+15,0.000000
10,9,8,8.1264965e+15,0.000000
10,-1,50,8.0358692e+15,0.000000
9,-7,23,7.9667563e+15,0.000000
9,3,47,7.9331179e+15,0.000000
7,-7,29,7.9219008e+15,0.000000
8,-6,40,7.9076759e+15,0.000000
9,-6,11,7.5921609e+15,0.000000
8,-8,16,7.5168654e+15,0.000000
6,-6,51,7.5139844e+15,0.000000
8,3,50,7.5112793e+15,0.000000
9,-4,51,7.2844537e+15,0.000000
9,-1,2,7.1063764e+15,0.000000
10,4,28,6.9833653e+15,0.000000
5,5,35,6.9468261e+15,0.000000
10,-2,47,6.8805591e+15,0.000000
6,-6,52,6.8611443e+15,0.000000
6,5,28,6.8535756e+15,0.000000
8,5,18,6.8446788e+15,0.000000
8,-5,44,6.6648417e+15,0.000000
9,-7,10,6.6425175e+15,0.000000
10,-1,0,6.6141509e+15,0.000000
6,-6,53,6.453077e+15,0.000000
10,4,5,6.434753e+15,0.000000
7,4,39,6.4228827e+15,0.000000
9,-6,27,6.4077229e+15,0.000000
10,5,6,6.3883417e+15,0.000000
9,4,31,6.3841303e+15,0.000000
9,-5,36,6.366353e+15,0.000000
6,-6,55,6.3364715e+15,0.000000
10,2,46,6.3049407e+15,0.000000
6,-6,54,6.1609189e+15,0.000000
7,-6,39,6.1337991e+15,0.000000
10,4,7,6.0632901e+15,0.000000
8,6,14,5.9588087e+15,0.000000
10,-6,18,5.913121e+15,0.000000
9,-4,45,5.8219512e+15,0.000000
9,5,8,5.7962776e+15,0.000000
10,-3,28,5.7659482e+15,0.000000
9,3,48,5.765605e+15,0.000000
8,5,8,5.7481182e+15,0.000000
10,-5,26,5.7295522e+15,0.000000
8,6,13,5.6038585e+15,0.000000
8,6,15,5.5886287e+15,0.000000
10,-1,51,5.428548e+15,0.000000
8,4,41,5.4142433e+15,0.000000
9,-5,55,5.4038197e+15,0.000000
8,-8,17,5.3979546e+15,0.000000
9,5,24,5.3155052e+15,0.000000
10,4,29,5.2909497e+15,0.000000
8,-6,41,5.2890605e+15,0.000000
8,-7,14,5.2348844e+15,0.000000
9,-5,52,5.1723584e+15,0.000000
9,-7,24,5.1192012e+15,0.000000
10,3,27,5.1109672e+15,0.000000
8,-7,15,5.0815865e+15,0.000000
10,-3,29,5.0001297e+15,0.000000
10,-3,31,4.9784457e+15,0.000000
8,3,51,4.9615405e+15,0.000000
10,-3,32,4.9320688e+15,0.000000
6,6,25,4.9140685e+15,0.000000
10,-3,30,4.9010293e+15,0.000000
8,-5,45,4.8942222e+15,0.000000
8,-7,13,4.860619e+15,0.000000
10,2,2,4.8501452e+15,0.000000
8,6,16,4.8277076e+15,0.000000
6,4,45,4.8274756e+15,0.000000
10,-4,43,4.8256782e+15,0.000000
5,4,41,4.7727151e+15,0.000000
10,-3,33,4.7569795e+15,0.000000
9,9,9,4.7551729e+15,0.000000
9,-6,28,4.614055e+15,0.000000
6,5,29,4.5547343e+15,0.000000
8,-7,16,4.5171397e+15,0.000000
10,-3,34,4.3953614e+15,0.000000
10,-6,52,4.3460637e+15,0.000000
8,5,19,4.3436694e+15,0.000000
5,5,36,4.2837063e+15,0.000000
9,4,32,4.2772639e+15,0.000000
8,6,12,4.2537089e+15,0.000000
9,-5,51,4.1988928e+15,0.000000
7,-7,30,4.1496603e+15,0.000000
7,5,27,4.0811398e+15,0.000000
10,-6,55,4.061712e+15,0.000000
9,3,49,4.0334601e+15,0.000000
8,-7,12,4.028566e+15,0.000000
10,-2,54,3.9891058e+15,0.000000
10,4,30,3.976908e+15,0.000000
10,-3,35,3.9673406e+15,0.000000
8,6,17,3.933045e+15,0.000000
9,-6,9,3.8798655e+15,0.000000
9,1,2,3.8666415e+15,0.000000
7,-6,40,3.7844069e+15,0.000000
10,-4,44,3.7653702e+15,0.000000
10,-2,53,3.7444417e+15,0.000000
8,-7,17,3.7353207e+15,0.000000
8,-8,18,3.6728845e+15,0.000000
10,-5,27,3.6241847e+15,0.000000
10,-1,52,3.6087755e+15,0.000000
8,-5,46,3.5900555e+15,0.000000
10,3,28,3.5542647e+15,0.000000
7,4,40,3.5445849e+15,0.000000
9,5,7,3.5189761e+15,0.000000
10,-2,48,3.5189229e+15,0.000000
10,-2,55,3.4802688e+15,0.000000
10,-3,36,3.4465714e+15,0.000000
9,-4,46,3.4082596e+15,0.000000
8,-8,12,3.379298e+15,0.000000
9,-6,29,3.3014548e+15,0.000000
8,3,52,3.2519705e+15,0.000000
9,-7,25,3.2509036e+15,0.000000
9,5,25,3.1951276e+15,0.000000
8,4,42,3.1659315e+15,0.000000
8,-6,42,3.1471363e+15,0.000000
8,6,18,3.0643243e+15,0.000000
9,3,50,3.0406029e+15,0.000000
10,2,47,3.0320605e+15,0.000000
8,-7,11,3.0316012e+15,0.000000
10,3,29,3.0273865e+15,0.000000
6,5,30,3.0174031e+15,0.000000
10,-6,19,2.981139e+15,0.000000
10,-3,37,2.9644308e+15,0.000000
8,-7,18,2.9121982e+15,0.000000
9,-5,49,2.9006094e+15,0.000000
10,4,31,2.8898483e+15,0.000000
10,3,30,2.8858771e+15,0.000000
10,3,31,2.8478976e+15,0.000000
9,4,33,2.8475891e+15,0.000000
8,-6,52,2.8267874e+15,0.000000
6,6,26,2.8055088e+15,0.000000
10,3,32,2.7466796e+15,0.000000
8,-6,55,2.6645336e+15,0.000000
7,6,13,2.6593638e+15,0.000000
8,5,20,2.6398129e+15,0.000000
5,5,37,2.6357618e+15,0.000000
8,-5,47,2.6206918e+15,0.000000
10,3,33,2.5849247e+15,0.000000
6,4,46,2.5548594e+15,0.000000
7,6,12,2.5345011e+15,0.000000
7,6,14,2.4681687e+15,0.000000
10,-3,38,2.4595959e+15,0.000000
8,-8,19,2.4145136e+15,0.000000
10,-1,53,2.3960494e+15,0.000000
10,-4,45,2.3501684e+15,0.000000
9,-6,30,2.3361736e+15,0.000000
10,3,34,2.3349984e+15,0.000000
7,-6,41,2.3195525e+15,0.000000
8,6,19,2.3035829e+15,0.000000
10,-6,49,2.2621714e+15,0.000000
10,-5,28,2.2480107e+15,0.000000
10,-4,55,2.1917942e+15,0.000000
5,4,42,2.1648447e+15,0.000000
8,-7,19,2.163864e+15,0.000000
7,-7,31,2.1623619e+15,0.000000
8,3,53,2.1237885e+15,0.000000
10,4,32,2.1218218e+15,0.000000
10,-10,12,2.1200769e+15,0.000000
8,6,11,2.1147425e+15,0.000000
7,6,15,2.1075207e+15,0.000000
10,-2,50,2.0929489e+15,0.000000
10,3,35,2.0634365e+15,0.000000
9,-7,26,2.0476805e+15,0.000000
10,-3,39,2.0402398e+15,0.000000
10,-2,49,2.025383e+15,0.000000
9,3,51,2.0210551e+15,0.000000
9,-4,47,2.0184704e+15,0.000000
10,-5,9,2.0013948e+15,0.000000
9,-5,37,1.9999682e+15,0.000000
8,-6,43,1.9996326e+15,0.000000
6,5,31,1.993859e+15,0.000000
7,6,11,1.9833475e+15,0.000000
7,4,41,1.9204653e+15,0.000000
8,-5,48,1.8923205e+15,0.000000
9,5,26,1.882752e+15,0.000000
7,5,28,1.8778784e+15,0.000000
9,4,34,1.8755281e+15,0.000000
8,4,43,1.8178174e+15,0.000000
8,6,9,1.7576753e+15,0.000000
10,3,36,1.7570426e+15,0.000000
10,-6,20,1.7424291e+15,0.000000
10,-9,11,1.6984141e+15,0.000000
7,6,16,1.6937773e+15,0.000000
8,6,20,1.6808579e+15,0.000000
9,-6,31,1.6504109e+15,0.000000
10,-1,55,1.6480199e+15,0.000000
10,-3,40,1.6266704e+15,0.000000
5,5,38,1.6208144e+15,0.000000
10,-2,52,1.6083678e+15,0.000000
6,6,27,1.5948611e+15,0.000000
10,-4,46,1.5944753e+15,0.000000
8,-8,20,1.5522433e+15,0.000000
8,-7,20,1.5453159e+15,0.000000
10,-1,54,1.5401758e+15,0.000000
8,5,21,1.5397946e+15,0.000000
10,2,48,1.5345093e+15,0.000000
10,4,33,1.4833637e+15,0.000000
10,3,37,1.4827432e+15,0.000000
9,3,52,1.4438164e+15,0.000000
6,4,47,1.4430075e+15,0.000000
7,-6,42,1.421528e+15,0.000000
8,3,54,1.38922e+15,0.000000
10,2,55,1.3843656e+15,0.000000
10,-5,29,1.3558001e+15,0.000000
8,-5,49,1.3550368e+15,0.000000
10,-6,21,1.3482862e+15,0.000000
10,-3,41,1.3231334e+15,0.000000
10,-6,23,1.3214338e+15,0.000000
10,-6,24,1.3207816e+15,0.000000
6,5,32,1.3142687e+15,0.000000
7,6,17,1.2993567e+15,0.000000
10,-6,22,1.2951825e+15,0.000000
9,-7,27,1.2744311e+15,0.000000
8,-6,44,1.2688661e+15,0.000000
10,-6,25,1.2568281e+15,0.000000
9,4,35,1.2306527e+15,0.000000
9,-6,10,1.2287903e+15,0.000000
10,3,38,1.2080195e+15,0.000000
10,10,9,1.1964857e+15,0.000000
8,6,21,1.1957535e+15,0.000000
9,-6,32,1.1504682e+15,0.000000
10,-6,26,1.1486029e+15,0.000000
9,-4,48,1.131915e+15,0.000000
10,-4,50,1.1190104e+15,0.000000
8,-6,49,1.1090825e+15,0.000000
9,5,27,1.0847058e+15,0.000000
7,6,10,1.0835065e+15,0.000000
7,-7,32,1.0820093e+15,0.000000
10,4,34,1.0790319e+15,0.000000
9,3,53,1.0722129e+15,0.000000
8,-7,21,1.0676392e+15,0.000000
8,4,44,1.0659927e+15,0.000000
10,-4,48,1.051582e+15,0.000000
10,-3,42,1.0283989e+15,0.000000
7,5,29,1.0239704e+15,0.000000
7,4,42,1.0207194e+15,0.000000
8,-5,50,1.0206444e+15,0.000000
10,-6,27,9.9856244e+14,0.000000
5,5,39,9.9333214e+14,0.000000
10,-6,51,9.8827567e+14,0.000000
9,-5,54,9.8682159e+14,0.000000
10,3,39,9.8470962e+14,0.000000
8,-8,21,9.8381508e+14,0.000000
7,6,9,9.8152939e+14,0.000000
5,4,43,9.638605e+14,0.000000
7,6,18,9.6019566e+14,0.000000
8,3,55,9.2537093e+14,0.000000
6,6,28,9.0409279e+14,0.000000
6,4,48,8.9643974e+14,0.000000
10,-4,47,8.8317518e+14,0.000000
7,-6,43,8.6559373e+14,0.000000
8,5,22,8.6482586e+14,0.000000
6,5,33,8.6468503e+14,0.000000
8,7,9,8.5504628e+14,0.000000
10,-6,28,8.5270374e+14,0.000000
8,6,22,8.3211523e+14,0.000000
9,-5,38,8.3052746e+14,0.000000
9,-9,12,8.2675336e+14,0.000000
10,-3,43,8.2121471e+14,0.000000
10,-5,8,8.2031099e+14,0.000000
10,-6,9,8.1489868e+14,0.000000
10,-2,2,8.1478437e+14,0.000000
9,-6,33,8.0410976e+14,0.000000
10,-5,30,8.0252768e+14,0.000000
9,4,36,7.9801269e+14,0.000000
9,-7,28,7.9122708e+14,0.000000
10,2,49,7.8907684e+14,0.000000
10,-4,49,7.8005716e+14,0.000000
10,3,40,7.7202783e+14,0.000000
8,-6,45,7.428506e+14,0.000000
10,4,35,7.2460418e+14,0.000000
8,-7,22,7.1710978e+14,0.000000
7,5,30,7.0727403e+14,0.000000
10,0,1,6.9847804e+14,0.000000
10,0,-1,6.9847804e+14,0.000000
7,6,19,6.8782712e+14,0.000000
10,-6,29,6.8780643e+14,0.000000
8,-5,51,6.8080585e+14,0.000000
9,-5,43,6.6608147e+14,0.000000
9,-4,49,6.6531487e+14,0.000000
10,7,8,6.5922326e+14,0.000000
9,3,54,6.529461e+14,0.000000
10,2,53,6.503619e+14,0.000000
9,-5,46,6.4845745e+14,0.000000
9,-7,54,6.4648541e+14,0.000000
6,4,49,6.4071474e+14,0.000000
9,-5,44,6.2305079e+14,0.000000
10,-3,44,6.205662e+14,0.000000
10,3,41,6.1790371e+14,0.000000
8,-8,22,6.1756747e+14,0.000000
9,5,28,6.1448955e+14,0.000000
5,5,40,6.0803714e+14,0.000000
8,-5,53,6.0297019e+14,0.000000
8,4,45,5.835318e+14,0.000000
10,2,50,5.82387e+14,0.000000
9,-5,45,5.7352282e+14,0.000000
8,6,10,5.7258043e+14,0.000000
7,5,31,5.7180832e+14,0.000000
8,6,23,5.6820223e+14,0.000000
6,5,34,5.6773347e+14,0.000000
10,-6,30,5.6761401e+14,0.000000
9,6,8,5.6372365e+14,0.000000
9,-5,41,5.6302954e+14,0.000000
8,-6,46,5.565364e+14,0.000000
9,-6,34,5.5305519e+14,0.000000
7,-7,33,5.4675611e+14,0.000000
7,4,43,5.3252578e+14,0.000000
6,4,50,5.3141547e+14,0.000000
6,4,55,5.3114686e+14,0.000000
8,-6,50,5.3039465e+14,0.000000
10,4,36,5.2960516e+14,0.000000
7,-6,44,5.2628478e+14,0.000000
9,-8,11,5.1731126e+14,0.000000
9,4,37,5.164332e+14,0.000000
10,2,51,5.1606955e+14,0.000000
10,2,52,5.1460626e+14,0.000000
9,-5,42,5.1139936e+14,0.000000
6,6,29,5.1127603e+14,0.000000
6,4,54,5.0826982e+14,0.000000
9,-5,48,5.077784e+14,0.000000
10,-6,54,4.9748084e+14,0.000000
7,5,32,4.9579781e+14,0.000000
6,4,53,4.9083362e+14,0.000000
10,-3,45,4.8912801e+14,0.000000
6,4,51,4.8658261e+14,0.000000
8,-5,52,4.8351517e+14,0.000000
9,-7,29,4.8209694e+14,0.000000
6,4,52,4.8088217e+14,0.000000
7,6,20,4.7982323e+14,0.000000
10,3,42,4.7284405e+14,0.000000
8,5,23,4.7068214e+14,0.000000
8,-7,23,4.700944e+14,0.000000
10,-5,31,4.600471e+14,0.000000
9,3,55,4.403966e+14,0.000000
5,4,44,4.356018e+14,0.000000
10,-6,31,4.2569808e+14,0.000000
7,5,33,4.21303e+14,0.000000
9,-7,51,4.1081876e+14,0.000000
9,8,9,4.0535142e+14,0.000000
9,-5,47,4.0442411e+14,0.000000
9,-4,50,4.0042988e+14,0.000000
8,-8,23,3.8560234e+14,0.000000
9,-6,35,3.8456479e+14,0.000000
8,6,24,3.8153349e+14,0.000000
9,-4,54,3.7241312e+14,0.000000
6,5,35,3.7222152e+14,0.000000
10,3,43,3.7195571e+14,0.000000
5,5,41,3.7069674e+14,0.000000
9,-5,39,3.6908325e+14,0.000000
10,-3,46,3.6581966e+14,0.000000
8,4,46,3.60202e+14,0.000000
7,5,34,3.5452476e+14,0.000000
10,-6,32,3.52474e+14,0.000000
10,4,37,3.3943426e+14,0.000000
9,5,29,3.3852183e+14,0.000000
9,4,6,3.3721479e+14,0.000000
10,-5,7,3.2976626e+14,0.000000
9,4,38,3.2943176e+14,0.000000
7,6,21,3.2712822e+14,0.000000
9,7,9,3.2140724e+14,0.000000
7,-6,45,3.2044259e+14,0.000000
8,-7,24,3.0153143e+14,0.000000
8,-6,51,3.0004059e+14,0.000000
9,-7,30,2.9749324e+14,0.000000
6,6,30,2.8886887e+14,0.000000
7,5,35,2.8483019e+14,0.000000
10,-3,47,2.8344579e+14,0.000000
10,3,44,2.770346e+14,0.000000
7,4,44,2.7400257e+14,0.000000
9,-6,36,2.5961277e+14,0.000000
9,-4,52,2.5958329e+14,0.000000
9,1,1,2.5909298e+14,0.000000
10,-5,32,2.5764391e+14,0.000000
8,-6,54,2.5370405e+14,0.000000
8,6,25,2.5266894e+14,0.000000
7,7,10,2.5250944e+14,0.000000
8,5,24,2.51438e+14,0.000000
10,4,38,2.5135946e+14,0.000000
7,-7,34,2.5041166e+14,0.000000
8,-6,47,2.454828e+14,0.000000
6,5,36,2.4359894e+14,0.000000
10,-6,33,2.4180999e+14,0.000000
8,-8,24,2.3990014e+14,0.000000
8,-5,54,2.3677552e+14,0.000000
9,-7,53,2.3302604e+14,0.000000
5,5,42,2.2596569e+14,0.000000
7,5,36,2.2577717e+14,0.000000
9,-5,40,2.2463967e+14,0.000000
10,-6,50,2.2083806e+14,0.000000
7,6,22,2.1861992e+14,0.000000
8,-6,48,2.1805231e+14,0.000000
5,4,45,2.1628646e+14,0.000000
10,8,9,2.1584983e+14,0.000000
10,3,45,2.1531836e+14,0.000000
9,-7,55,2.1353636e+14,0.000000
10,-3,48,2.1086079e+14,0.000000
10,-6,34,2.0991621e+14,0.000000
9,4,39,2.098567e+14,0.000000
8,4,47,1.987126e+14,0.000000
7,-6,46,1.94218e+14,0.000000
8,-7,25,1.8967707e+14,0.000000
9,5,30,1.8426829e+14,0.000000
9,-6,37,1.79876e+14,0.000000
9,-4,55,1.7670873e+14,0.000000
9,-7,31,1.7559842e+14,0.000000
9,-4,53,1.7516538e+14,0.000000
8,-5,55,1.7339218e+14,0.000000
7,5,37,1.7192282e+14,0.000000
10,-6,53,1.6999538e+14,0.000000
8,6,26,1.6518292e+14,0.000000
6,6,31,1.629924e+14,0.000000
10,-3,49,1.5999607e+14,0.000000
6,5,37,1.5919928e+14,0.000000
10,3,46,1.5887484e+14,0.000000
10,4,39,1.5344594e+14,0.000000
8,-8,25,1.4912433e+14,0.000000
7,6,23,1.4358825e+14,0.000000
10,5,15,1.4195591e+14,0.000000
7,4,45,1.4192286e+14,0.000000
10,-5,33,1.3817793e+14,0.000000
5,5,43,1.3704632e+14,0.000000
10,5,16,1.3688315e+14,0.000000
10,5,14,1.3534923e+14,0.000000
8,5,25,1.3523349e+14,0.000000
9,4,40,1.3150699e+14,0.000000
5,4,46,1.3112084e+14,0.000000
7,5,38,1.3032077e+14,0.000000
10,-6,35,1.2636749e+14,0.000000
8,4,48,1.2524251e+14,0.000000
10,-6,36,1.2340385e+14,0.000000
10,5,17,1.2329371e+14,0.000000
7,-7,35,1.2234203e+14,0.000000
10,3,47,1.2144729e+14,0.000000
10,-3,50,1.2095376e+14,0.000000
10,-4,6,1.2025653e+14,0.000000
8,8,10,1.1972862e+14,0.000000
9,-6,38,1.1972748e+14,0.000000
7,-6,47,1.1884796e+14,0.000000
8,-7,26,1.1708943e+14,0.000000
10,4,40,1.1628264e+14,0.000000
10,9,9,1.159574e+14,0.000000
10,5,13,1.1571135e+14,0.000000
9,-7,32,1.0934497e+14,0.000000
8,6,27,1.0699301e+14,0.000000
10,5,18,1.0485027e+14,0.000000
6,5,38,1.0385603e+14,0.000000
8,-6,53,1.0234369e+14,0.000000
5,4,47,1.0036166e+14,0.000000
10,-8,11,9.6280705e+13,0.000000
9,5,31,9.5961234e+13,0.000000
7,5,39,9.5298057e+13,0.000000
5,4,55,9.3869273e+13,0.000000
7,6,24,9.290624e+13,0.000000
10,3,4,9.2639209e+13,0.000000
8,-8,26,9.2533085e+13,0.000000
6,6,32,9.2040283e+13,0.000000
5,4,54,9.0015835e+13,0.000000
5,4,48,8.9624097e+13,0.000000
10,3,48,8.9212934e+13,0.000000
10,-3,51,8.7193028e+13,0.000000
10,-5,51,8.7127857e+13,0.000000
5,4,53,8.6831312e+13,0.000000
5,4,49,8.5626169e+13,0.000000
7,-7,54,8.5413839e+13,0.000000
10,5,12,8.5000529e+13,0.000000
10,5,19,8.4828125e+13,0.000000
5,4,52,8.4668608e+13,0.000000
5,4,50,8.4023281e+13,0.000000
5,4,51,8.3709032e+13,0.000000
5,5,44,8.3011233e+13,0.000000
9,-6,39,8.2723719e+13,0.000000
9,4,41,8.2643e+13,0.000000
8,4,49,7.7860222e+13,0.000000
7,4,46,7.6646792e+13,0.000000
8,5,26,7.6335757e+13,0.000000
10,-6,38,7.4939942e+13,0.000000
10,-5,34,7.383188e+13,0.000000
7,-6,48,7.2263865e+13,0.000000
8,-7,27,7.1058809e+13,0.000000
7,7,11,6.9689184e+13,0.000000
7,5,40,6.9442848e+13,0.000000
8,6,28,6.8572862e+13,0.000000
6,5,39,6.7653483e+13,0.000000
10,3,49,6.6873251e+13,0.000000
10,4,41,6.6412865e+13,0.000000
10,5,20,6.5666365e+13,0.000000
10,-3,52,6.4895534e+13,0.000000
10,-5,50,6.4884241e+13,0.000000
7,7,12,6.4248154e+13,0.000000
9,-7,33,6.0972608e+13,0.000000
10,-5,55,6.0742248e+13,0.000000
8,4,50,6.0558132e+13,0.000000
10,-6,37,6.0296944e+13,0.000000
7,6,25,5.9343259e+13,0.000000
9,-1,1,5.899325e+13,0.000000
8,-8,27,5.7576722e+13,0.000000
7,7,13,5.7507526e+13,0.000000
9,-6,40,5.4150621e+13,0.000000
10,4,42,5.2274323e+13,0.000000
6,6,33,5.1906157e+13,0.000000
10,-3,53,5.166177e+13,0.000000
9,4,42,5.0429549e+13,0.000000
5,5,45,5.0187016e+13,0.000000
9,5,32,4.9993083e+13,0.000000
7,5,41,4.9761081e+13,0.000000
10,5,11,4.9501207e+13,0.000000
7,-7,36,4.9137032e+13,0.000000
10,3,50,4.8874634e+13,0.000000
10,5,21,4.8856579e+13,0.000000
7,7,14,4.8652054e+13,0.000000
8,5,27,4.7502048e+13,0.000000
10,-5,53,4.7005165e+13,0.000000
7,4,47,4.6247264e+13,0.000000
7,-7,53,4.5817846e+13,0.000000
7,-6,49,4.5003452e+13,0.000000
9,9,10,4.4885149e+13,0.000000
10,-6,40,4.4786287e+13,0.000000
6,5,40,4.3986054e+13,0.000000
8,6,29,4.3754924e+13,0.000000
10,-8,54,4.2954735e+13,0.000000
8,-7,28,4.2296561e+13,0.000000
8,4,51,4.1610672e+13,0.000000
9,-7,34,3.9927981e+13,0.000000
7,7,15,3.8856766e+13,0.000000
9,2,3,3.8328584e+13,0.000000
7,6,26,3.7496225e+13,0.000000
9,-6,41,3.7358021e+13,0.000000
10,3,53,3.7139171e+13,0.000000
10,-5,35,3.6322501e+13,0.000000
10,-3,54,3.5738855e+13,0.000000
8,-8,28,3.5693542e+13,0.000000
10,3,51,3.5434295e+13,0.000000
10,5,22,3.5067602e+13,0.000000
7,5,42,3.4636504e+13,0.000000
8,4,52,3.4325309e+13,0.000000
10,-7,16,3.3856329e+13,0.000000
8,5,28,3.3472351e+13,0.000000
10,-7,17,3.2881778e+13,0.000000
10,6,8,3.2877379e+13,0.000000
7,4,48,3.254041e+13,0.000000
10,-7,15,3.1540847e+13,0.000000
9,4,43,3.1005167e+13,0.000000
5,5,46,3.0345616e+13,0.000000
10,-6,42,2.9898737e+13,0.000000
10,4,43,2.9867824e+13,0.000000
10,-7,18,2.9651061e+13,0.000000
7,7,16,2.9426335e+13,0.000000
6,6,34,2.9350656e+13,0.000000
7,-6,50,2.878773e+13,0.000000
6,5,41,2.8540402e+13,0.000000
8,4,53,2.8285317e+13,0.000000
8,6,30,2.7614323e+13,0.000000
10,-8,52,2.7435843e+13,0.000000
7,-7,55,2.6895732e+13,0.000000
7,4,49,2.6479748e+13,0.000000
7,-7,51,2.6268055e+13,0.000000
9,-6,52,2.6201768e+13,0.000000
8,5,29,2.613284e+13,0.000000
10,3,52,2.6061433e+13,0.000000
10,-7,14,2.5496987e+13,0.000000
10,-7,19,2.5253722e+13,0.000000
8,-7,29,2.4790363e+13,0.000000
7,5,43,2.4685842e+13,0.000000
10,-3,55,2.4547982e+13,0.000000
8,4,54,2.4385851e+13,0.000000
10,5,23,2.4354139e+13,0.000000
8,4,55,2.4265955e+13,0.000000
9,5,33,2.3835045e+13,0.000000
9,-6,42,2.3515748e+13,0.000000
7,6,27,2.3473614e+13,0.000000
7,4,50,2.3394549e+13,0.000000
10,4,44,2.2854473e+13,0.000000
7,-7,37,2.2522702e+13,0.000000
8,-8,29,2.2324822e+13,0.000000
9,-7,49,2.1987526e+13,0.000000
8,5,30,2.170607e+13,0.000000
7,7,17,2.1251434e+13,0.000000
7,4,51,2.1230893e+13,0.000000
10,-3,5,2.1083594e+13,0.000000
10,-7,20,2.0558106e+13,0.000000
10,-6,44,2.0344338e+13,0.000000
9,-7,35,1.973607e+13,0.000000
10,-10,13,1.957152e+13,0.000000
10,-5,36,1.9184867e+13,0.000000
7,4,52,1.9132564e+13,0.000000
10,5,10,1.9045245e+13,0.000000
5,5,47,1.8498322e+13,0.000000
6,5,42,1.8483337e+13,0.000000
9,4,44,1.8384003e+13,0.000000
8,5,31,1.8308482e+13,0.000000
7,-6,51,1.799222e+13,0.000000
8,6,31,1.7469357e+13,0.000000
9,-6,43,1.6961632e+13,0.000000
7,4,53,1.6887037e+13,0.000000
7,5,44,1.6744553e+13,0.000000
10,-7,13,1.658711e+13,0.000000
6,6,35,1.6574423e+13,0.000000
10,5,24,1.641047e+13,0.000000
10,-7,21,1.613357e+13,0.000000
10,-7,51,1.6019172e+13,0.000000
10,-6,48,1.5597456e+13,0.000000
8,5,32,1.5446466e+13,0.000000
10,-7,10,1.5442025e+13,0.000000
7,-6,52,1.4853991e+13,0.000000
7,7,18,1.4715549e+13,0.000000
9,-7,36,1.4711537e+13,0.000000
7,6,28,1.4585614e+13,0.000000
7,4,54,1.4573742e+13,0.000000
10,-6,46,1.4191925e+13,0.000000
8,-7,30,1.4149537e+13,0.000000
10,4,45,1.4001701e+13,0.000000
10,3,54,1.3891114e+13,0.000000
8,-8,30,1.37961e+13,0.000000
9,-6,55,1.3713813e+13,0.000000
10,6,12,1.3711245e+13,0.000000
10,-6,47,1.361326e+13,0.000000
10,6,13,1.2842915e+13,0.000000
8,5,33,1.2775983e+13,0.000000
10,10,10,1.2467143e+13,0.000000
10,-7,22,1.2284493e+13,0.000000
7,4,55,1.2265911e+13,0.000000
10,-6,41,1.206737e+13,0.000000
7,5,45,1.1938035e+13,0.000000
6,5,43,1.193768e+13,0.000000
9,5,34,1.1787184e+13,0.000000
5,5,48,1.1285703e+13,0.000000
9,4,45,1.1024672e+13,0.000000
10,6,11,1.0982887e+13,0.000000
8,6,32,1.0873236e+13,0.000000
10,5,25,1.0745489e+13,0.000000
10,-5,37,1.0618676e+13,0.000000
10,-7,54,1.0552473e+13,0.000000
8,5,34,1.0452749e+13,0.000000
10,6,14,1.0192865e+13,0.000000
9,-6,44,1.0161451e+13,0.000000
10,-8,51,1.0081239e+13,0.000000
7,7,19,9.8153603e+12,0.000000
10,-6,43,9.7356221e+12,0.000000
10,3,55,9.5691288e+12,0.000000
6,6,36,9.385909e+12,0.000000
10,4,46,9.3173637e+12,0.000000
10,5,7,9.1579424e+12,0.000000
10,-7,23,9.1178605e+12,0.000000
7,6,29,9.0029803e+12,0.000000
9,6,16,8.7807123e+12,0.000000
8,-8,31,8.7323395e+12,0.000000
9,6,17,8.5159537e+12,0.000000
9,6,15,8.3817339e+12,0.000000
8,5,35,8.3287081e+12,0.000000
10,-9,12,8.27984e+12,0.000000
8,-7,31,7.9861015e+12,0.000000
7,5,46,7.8081576e+12,0.000000
7,-6,53,7.8053857e+12,0.000000
9,6,18,7.7807927e+12,0.000000
7,-6,54,7.7174436e+12,0.000000
6,5,44,7.6944556e+12,0.000000
7,-6,55,7.5473745e+12,0.000000
10,-7,12,7.3825523e+12,0.000000
9,-6,45,7.3218258e+12,0.000000
10,-6,45,7.218742e+12,0.000000
10,6,15,7.215552e+12,0.000000
9,6,14,7.2012077e+12,0.000000
5,5,49,7.0275744e+12,0.000000
8,6,33,6.8629789e+12,0.000000
10,5,26,6.8550402e+12,0.000000
7,-7,38,6.8177969e+12,0.000000
9,6,19,6.7745608e+12,0.000000
10,-7,24,6.6230605e+12,0.000000
8,5,36,6.5940483e+12,0.000000
9,4,46,6.3370963e+12,0.000000
7,7,20,6.3298957e+12,0.000000
10,-6,39,6.2441312e+12,0.000000
10,-5,39,6.1130313e+12,0.000000
10,-5,38,5.8387017e+12,0.000000
10,4,48,5.8385248e+12,0.000000
10,-5,41,5.6844394e+12,0.000000
9,6,20,5.6658312e+12,0.000000
9,-7,37,5.6429537e+12,0.000000
7,5,47,5.6092228e+12,0.000000
9,-7,38,5.5812585e+12,0.000000
10,-5,45,5.5308301e+12,0.000000
7,6,30,5.5304492e+12,0.000000
10,-5,43,5.3672908e+12,0.000000
8,-8,32,5.3293648e+12,0.000000
6,6,37,5.3144713e+12,0.000000
9,6,13,5.302714e+12,0.000000
8,5,37,5.0895657e+12,0.000000
10,4,47,4.9917747e+12,0.000000
6,5,45,4.9452843e+12,0.000000
9,5,35,4.8010554e+12,0.000000
10,-7,25,4.7195945e+12,0.000000
10,6,16,4.6874061e+12,0.000000
9,6,21,4.5786275e+12,0.000000
5,5,50,4.418583e+12,0.000000
10,6,10,4.3934416e+12,0.000000
10,-8,13,4.3781135e+12,0.000000
8,-7,32,4.3367347e+12,0.000000
10,5,27,4.2558033e+12,0.000000
9,-6,46,4.2147395e+12,0.000000
8,6,34,4.2056975e+12,0.000000
10,-5,40,4.1309568e+12,0.000000
10,-3,4,3.9897881e+12,0.000000
7,7,21,3.9591547e+12,0.000000
8,5,38,3.9234336e+12,0.000000
10,-5,47,3.9212039e+12,0.000000
9,4,47,3.6854862e+12,0.000000
9,-9,13,3.6560963e+12,0.000000
7,5,48,3.6431601e+12,0.000000
9,6,22,3.5915191e+12,0.000000
10,3,5,3.5362642e+12,0.000000
10,-8,12,3.4858032e+12,0.000000
8,-8,33,3.4669586e+12,0.000000
10,-8,14,3.4322406e+12,0.000000
7,6,31,3.3802195e+12,0.000000
10,-5,44,3.3421051e+12,0.000000
10,-7,26,3.3096327e+12,0.000000
9,7,14,3.2388912e+12,0.000000
9,7,15,3.2353726e+12,0.000000
10,-5,42,3.2349879e+12,0.000000
6,5,46,3.1732797e+12,0.000000
8,7,10,3.1100441e+12,0.000000
9,-6,47,3.0895488e+12,0.000000
10,-8,55,3.0697324e+12,0.000000
10,7,9,3.0566112e+12,0.000000
9,6,12,3.0461551e+12,0.000000
6,6,38,3.0202876e+12,0.000000
8,5,39,2.9527194e+12,0.000000
9,7,16,2.9126675e+12,0.000000
10,-5,49,2.9039897e+12,0.000000
9,-6,54,2.9011821e+12,0.000000
9,8,10,2.8941155e+12,0.000000
5,5,51,2.8918892e+12,0.000000
10,-5,48,2.8834115e+12,0.000000
9,-8,16,2.8662014e+12,0.000000
10,6,17,2.8661107e+12,0.000000
9,-2,3,2.8089156e+12,0.000000
9,7,13,2.7600887e+12,0.000000
10,-5,54,2.7561851e+12,0.000000
9,-8,17,2.7456084e+12,0.000000
9,6,23,2.7453024e+12,0.000000
10,-5,46,2.738286e+12,0.000000
7,5,49,2.7226909e+12,0.000000
10,4,6,2.6810169e+12,0.000000
10,5,9,2.6647765e+12,0.000000
8,6,35,2.6628924e+12,0.000000
10,-5,52,2.6606872e+12,0.000000
10,4,49,2.636411e+12,0.000000
7,-7,39,2.6279288e+12,0.000000
9,-8,15,2.6073961e+12,0.000000
10,5,28,2.5832048e+12,0.000000
10,-8,53,2.5370393e+12,0.000000
9,-6,49,2.5098642e+12,0.000000
9,7,17,2.4345147e+12,0.000000
7,7,22,2.4075079e+12,0.000000
9,-8,18,2.400491e+12,0.000000
8,-8,54,2.3967651e+12,0.000000
8,-7,33,2.3074407e+12,0.000000
10,-7,27,2.2831351e+12,0.000000
10,-8,15,2.2581866e+12,0.000000
9,-6,51,2.2489854e+12,0.000000
8,5,40,2.2220619e+12,0.000000
9,5,36,2.1848658e+12,0.000000
7,-7,52,2.1286915e+12,0.000000
7,6,32,2.0600375e+12,0.000000
9,6,24,2.0512631e+12,0.000000
8,-8,34,2.0384054e+12,0.000000
6,5,47,2.0321667e+12,0.000000
9,4,48,2.0303759e+12,0.000000
9,-8,19,1.9699765e+12,0.000000
10,4,50,1.9565382e+12,0.000000
5,5,52,1.9392097e+12,0.000000
9,7,18,1.9222521e+12,0.000000
9,-8,14,1.9002816e+12,0.000000
9,-7,50,1.8777786e+12,0.000000
7,5,50,1.8606858e+12,0.000000
9,-6,48,1.8504241e+12,0.000000
9,7,12,1.7558904e+12,0.000000
9,-7,40,1.7288306e+12,0.000000
6,6,39,1.7201878e+12,0.000000
10,6,18,1.7141513e+12,0.000000
8,5,41,1.6406633e+12,0.000000
8,6,36,1.6050344e+12,0.000000
10,-7,28,1.5588387e+12,0.000000
9,-8,20,1.5453066e+12,0.000000
10,5,29,1.5209625e+12,0.000000
9,6,25,1.5030031e+12,0.000000
9,7,19,1.4495125e+12,0.000000
7,5,51,1.4366289e+12,0.000000
7,-7,49,1.4280496e+12,0.000000
7,7,23,1.4267777e+12,0.000000
10,8,10,1.4146074e+12,0.000000
8,-8,35,1.4083533e+12,0.000000
9,-7,39,1.3894068e+12,0.000000
10,-8,16,1.389108e+12,0.000000
5,5,53,1.368731e+12,0.000000
10,-7,11,1.3630874e+12,0.000000
10,9,10,1.3252456e+12,0.000000
6,5,48,1.3008974e+12,0.000000
9,-9,16,1.2746808e+12,0.000000
9,-9,15,1.2554232e+12,0.000000
7,6,33,1.2502067e+12,0.000000
9,-6,53,1.2321944e+12,0.000000
8,5,42,1.218271e+12,0.000000
9,-8,21,1.1858925e+12,0.000000
8,-7,34,1.1694321e+12,0.000000
9,4,49,1.1685323e+12,0.000000
9,-8,12,1.154895e+12,0.000000
9,-9,17,1.1469268e+12,0.000000
7,-7,48,1.1325568e+12,0.000000
7,-7,47,1.1173124e+12,0.000000
9,6,11,1.1053658e+12,0.000000
9,-7,42,1.0970773e+12,0.000000
7,5,52,1.0950664e+12,0.000000
9,6,26,1.0822185e+12,0.000000
7,-7,50,1.0821323e+12,0.000000
10,6,19,1.0706239e+12,0.000000
9,7,20,1.0516041e+12,0.000000
10,-7,29,1.0432288e+12,0.000000
9,7,10,1.0374439e+12,0.000000
9,6,9,1.0309127e+12,0.000000
9,-9,14,1.0287937e+12,0.000000
8,6,37,1.0245262e+12,0.000000
9,-7,48,1.0184671e+12,0.000000
9,-7,47,1.0175123e+12,0.000000
5,5,54,9.9584005e+11,0.000000
6,6,40,9.831049e+11,0.000000
9,-7,44,9.8278698e+11,0.000000
7,-7,45,9.6089783e+11,0.000000
9,-9,18,9.5362162e+11,0.000000
9,-8,13,9.2701355e+11,0.000000
10,-8,50,9.2375449e+11,0.000000
8,5,43,8.8472037e+11,0.000000
9,-6,50,8.8350495e+11,0.000000
10,5,30,8.7754586e+11,0.000000
10,4,51,8.7073774e+11,0.000000
9,-8,22,8.6887835e+11,0.000000
7,5,53,8.6855198e+11,0.000000
7,-7,46,8.5767989e+11,0.000000
10,-8,17,8.4283874e+11,0.000000
6,5,49,8.3360214e+11,0.000000
7,7,24,8.2523497e+11,0.000000
9,6,27,7.6816923e+11,0.000000
8,-8,36,7.6747678e+11,0.000000
7,6,34,7.5749148e+11,0.000000
10,6,20,7.5552021e+11,0.000000
5,5,55,7.5445342e+11,0.000000
7,5,54,7.4924327e+11,0.000000
9,-9,19,7.4829453e+11,0.000000
9,-7,52,7.4714639e+11,0.000000
10,4,54,7.4048365e+11,0.000000
9,7,21,7.3786622e+11,0.000000
10,-7,49,7.3645431e+11,0.000000
10,-7,30,7.0113086e+11,0.000000
9,4,50,6.8660401e+11,0.000000
7,5,55,6.8400947e+11,0.000000
9,-7,46,6.7999815e+11,0.000000
9,-9,50,6.685352e+11,0.000000
9,5,37,6.6817745e+11,0.000000
7,-7,44,6.5651148e+11,0.000000
8,8,11,6.5530584e+11,0.000000
7,-7,43,6.4933771e+11,0.000000
8,5,44,6.4434209e+11,0.000000
9,-8,23,6.3033312e+11,0.000000
10,6,21,6.2061403e+11,0.000000
8,6,38,6.0168967e+11,0.000000
8,-8,37,5.9056495e+11,0.000000
8,-7,35,5.8058186e+11,0.000000
6,6,41,5.6705763e+11,0.000000
10,6,22,5.6502175e+11,0.000000
10,-10,55,5.5694204e+11,0.000000
9,7,11,5.4141493e+11,0.000000
9,-9,20,5.405872e+11,0.000000
9,6,28,5.377108e+11,0.000000
6,5,50,5.3589531e+11,0.000000
10,6,23,5.3033584e+11,0.000000
10,-8,18,5.2410925e+11,0.000000
9,7,22,5.0284587e+11,0.000000
10,6,24,4.9187133e+11,0.000000
10,5,31,4.8981368e+11,0.000000
7,7,25,4.6701541e+11,0.000000
8,5,45,4.622378e+11,0.000000
7,6,35,4.5694728e+11,0.000000
8,-8,53,4.5280328e+11,0.000000
10,-7,31,4.5278633e+11,0.000000
9,-8,24,4.5100605e+11,0.000000
10,6,25,4.403274e+11,0.000000
8,-8,51,4.3544292e+11,0.000000
9,4,51,4.2966094e+11,0.000000
9,9,11,3.9939984e+11,0.000000
9,-7,43,3.9765948e+11,0.000000
8,6,39,3.9155092e+11,0.000000
7,-7,42,3.8786431e+11,0.000000
10,6,26,3.8216844e+11,0.000000
9,-9,21,3.8117747e+11,0.000000
9,6,29,3.7304748e+11,0.000000
7,-7,40,3.6740816e+11,0.000000
6,5,51,3.4752128e+11,0.000000
10,-8,19,3.4488277e+11,0.000000
9,7,23,3.3384053e+11,0.000000
8,5,46,3.3145994e+11,0.000000
6,6,42,3.2694286e+11,0.000000
10,5,8,3.2381024e+11,0.000000
9,-8,25,3.1925887e+11,0.000000
9,4,52,3.1767625e+11,0.000000
10,6,27,3.1747016e+11,0.000000
8,-8,52,3.0799098e+11,0.000000
10,-7,32,3.0080473e+11,0.000000
9,4,55,2.9781602e+11,0.000000
8,-7,53,2.9625416e+11,0.000000
8,-8,38,2.8537674e+11,0.000000
7,6,36,2.7560691e+11,0.000000
7,-7,41,2.7424865e+11,0.000000
9,5,38,2.6988137e+11,0.000000
10,5,32,2.6693353e+11,0.000000
9,-9,22,2.6181585e+11,0.000000
10,-8,49,2.606133e+11,0.000000
10,6,28,2.5981644e+11,0.000000
7,7,26,2.5853707e+11,0.000000
9,4,53,2.5561243e+11,0.000000
9,6,30,2.5544136e+11,0.000000
8,-8,39,2.5391531e+11,0.000000
8,-7,36,2.520557e+11,0.000000
10,-8,20,2.4505794e+11,0.000000
9,4,54,2.4226691e+11,0.000000
10,4,53,2.3793496e+11,0.000000
8,5,47,2.3670131e+11,0.000000
10,4,55,2.3170269e+11,0.000000
6,5,52,2.2800093e+11,0.000000
8,6,40,2.2406585e+11,0.000000
9,-8,26,2.2382595e+11,0.000000
9,7,24,2.1668602e+11,0.000000
10,6,29,2.0124809e+11,0.000000
6,6,43,1.9580797e+11,0.000000
9,-7,41,1.9399969e+11,0.000000
10,-8,21,1.9185345e+11,0.000000
9,5,43,1.8992456e+11,0.000000
10,-7,33,1.8909105e+11,0.000000
8,-8,55,1.8738164e+11,0.000000
9,-9,23,1.7608905e+11,0.000000
9,6,31,1.7440788e+11,0.000000
9,5,44,1.732817e+11,0.000000
9,5,46,1.7181992e+11,0.000000
9,5,41,1.6837413e+11,0.000000
10,-7,55,1.6795398e+11,0.000000
8,5,48,1.6725681e+11,0.000000
7,6,37,1.6537434e+11,0.000000
10,6,30,1.5965822e+11,0.000000
9,6,10,1.5853221e+11,0.000000
9,-8,27,1.5595022e+11,0.000000
9,5,45,1.5573895e+11,0.000000
6,5,53,1.5292217e+11,0.000000
10,-8,22,1.5262126e+11,0.000000
10,10,11,1.4906706e+11,0.000000
9,5,42,1.4901847e+11,0.000000
10,-10,14,1.464254e+11,0.000000
8,6,41,1.452135e+11,0.000000
7,7,27,1.4054282e+11,0.000000
10,5,33,1.3932509e+11,0.000000
9,7,25,1.3767963e+11,0.000000
10,-8,23,1.2732169e+11,0.000000
10,-7,52,1.2522434e+11,0.000000
9,-9,54,1.2367214e+11,0.000000
10,-7,34,1.2339563e+11,0.000000
10,4,52,1.2251542e+11,0.000000
8,-7,55,1.1762531e+11,0.000000
9,6,32,1.1738094e+11,0.000000
8,-8,41,1.1707584e+11,0.000000
8,5,49,1.170641e+11,0.000000
6,6,44,1.1676184e+11,0.000000
9,5,39,1.1634245e+11,0.000000
9,-9,24,1.158634e+11,0.000000
10,6,31,1.151229e+11,0.000000
8,-7,37,1.1458752e+11,0.000000
8,-7,54,1.084995e+11,0.000000
9,-8,28,1.0778362e+11,0.000000
10,-8,24,1.0774411e+11,0.000000
6,5,54,1.0500188e+11,0.000000
9,5,47,1.0467702e+11,0.000000
7,6,38,9.9260481e+10,0.000000
10,6,9,9.6264728e+10,0.000000
8,-8,40,9.5108713e+10,0.000000
9,5,48,9.4922029e+10,0.000000
10,6,32,9.180193e+10,0.000000
10,-8,25,9.042034e+10,0.000000
10,-8,48,8.8425518e+10,0.000000
9,7,26,8.60456e+10,0.000000
8,6,42,8.3769576e+10,0.000000
8,5,50,8.1304484e+10,0.000000
9,6,33,7.9191868e+10,0.000000
10,-8,26,7.584418e+10,0.000000
9,-9,25,7.5232731e+10,0.000000
7,7,28,7.4718985e+10,0.000000
9,-8,29,7.4461949e+10,0.000000
6,5,55,7.4292975e+10,0.000000
6,6,45,7.4062836e+10,0.000000
10,5,34,7.2449805e+10,0.000000
10,-7,35,7.2403591e+10,0.000000
9,-9,51,7.2389647e+10,0.000000
9,5,40,6.902675e+10,0.000000
9,5,49,6.8579617e+10,0.000000
8,-7,51,6.2965083e+10,0.000000
9,-7,45,6.2184009e+10,0.000000
10,-8,27,6.1451873e+10,0.000000
10,6,33,6.0575412e+10,0.000000
7,6,39,5.9199194e+10,0.000000
9,5,50,5.637122e+10,0.000000
8,5,51,5.623393e+10,0.000000
9,7,27,5.2743482e+10,0.000000
9,6,34,5.2558865e+10,0.000000
10,-8,47,5.1852807e+10,0.000000
8,6,43,5.1643154e+10,0.000000
10,-8,28,5.1027274e+10,0.000000
10,-7,36,5.1019761e+10,0.000000
9,-8,30,5.0744813e+10,0.000000
10,6,34,5.0716881e+10,0.000000
9,-9,26,4.8220978e+10,0.000000
8,-8,43,4.7994531e+10,0.000000
6,6,46,4.7677877e+10,0.000000
8,7,15,4.6344708e+10,0.000000
8,7,16,4.5081688e+10,0.000000
9,5,52,4.4929323e+10,0.000000
8,7,14,4.3333874e+10,0.000000
8,-7,38,4.1655203e+10,0.000000
9,-8,54,4.1172593e+10,0.000000
8,8,15,4.0994946e+10,0.000000
8,7,17,4.0603063e+10,0.000000
8,8,14,3.9896149e+10,0.000000
7,7,29,3.9145264e+10,0.000000
10,-8,29,3.8752779e+10,0.000000
8,5,52,3.844623e+10,0.000000
8,-7,49,3.6781098e+10,0.000000
10,-9,50,3.6444403e+10,0.000000
8,7,13,3.5774402e+10,0.000000
8,8,16,3.5716164e+10,0.000000
7,6,40,3.5363261e+10,0.000000
9,6,35,3.5277512e+10,0.000000
9,-8,31,3.5053048e+10,0.000000
10,5,35,3.4730983e+10,0.000000
9,5,55,3.450734e+10,0.000000
8,7,18,3.4265916e+10,0.000000
6,6,47,3.3698994e+10,0.000000
10,-8,30,3.3405899e+10,0.000000
8,-8,42,3.2400485e+10,0.000000
9,7,28,3.2060339e+10,0.000000
8,6,44,3.1823524e+10,0.000000
9,-9,27,3.0495121e+10,0.000000
10,6,35,2.9393346e+10,0.000000
10,2,3,2.8753615e+10,0.000000
8,8,13,2.8357778e+10,0.000000
8,8,17,2.8171e+10,0.000000
8,-8,44,2.7757968e+10,0.000000
10,6,36,2.7731455e+10,0.000000
8,7,19,2.7334665e+10,0.000000
9,5,51,2.7298174e+10,0.000000
8,5,53,2.6871036e+10,0.000000
10,-8,46,2.574913e+10,0.000000
10,-7,37,2.5549235e+10,0.000000
10,1,2,2.5158062e+10,0.000000
6,6,48,2.5016242e+10,0.000000
8,7,12,2.4769641e+10,0.000000
10,-9,13,2.4696062e+10,0.000000
10,-8,44,2.3653584e+10,0.000000
9,-8,32,2.3505753e+10,0.000000
8,-8,45,2.32386e+10,0.000000
9,6,36,2.2993972e+10,0.000000
9,5,54,2.2516008e+10,0.000000
8,-8,50,2.2437963e+10,0.000000
10,-8,31,2.2223747e+10,0.000000
10,-7,53,2.2140342e+10,0.000000
10,-8,32,2.1881231e+10,0.000000
8,-8,49,2.1108333e+10,0.000000
7,6,41,2.1000364e+10,0.000000
8,8,18,2.0811738e+10,0.000000
8,7,20,2.075152e+10,0.000000
10,-7,38,2.0201566e+10,0.000000
8,-7,50,2.0112409e+10,0.000000
7,7,30,1.9952597e+10,0.000000
6,6,49,1.9857203e+10,0.000000
9,5,53,1.9830053e+10,0.000000
10,-7,50,1.9827954e+10,0.000000
8,7,11,1.9369351e+10,0.000000
9,-9,28,1.9287565e+10,0.000000
9,7,29,1.9024131e+10,0.000000
9,-8,51,1.8642029e+10,0.000000
8,5,54,1.8374132e+10,0.000000
9,-9,53,1.812617e+10,0.000000
8,6,45,1.8097499e+10,0.000000
10,1,1,1.8086485e+10,0.000000
10,5,36,1.7868905e+10,0.000000
8,-8,48,1.7607417e+10,0.000000
6,6,50,1.6786109e+10,0.000000
10,-8,45,1.6350257e+10,0.000000
9,-8,33,1.6315464e+10,0.000000
10,6,38,1.5714889e+10,0.000000
10,-8,34,1.5552003e+10,0.000000
9,6,37,1.5392244e+10,0.000000
8,7,21,1.5074511e+10,0.000000
8,-7,44,1.5067936e+10,0.000000
8,-7,39,1.4963788e+10,0.000000
10,-8,40,1.4729837e+10,0.000000
8,8,19,1.4683392e+10,0.000000
6,6,51,1.4573962e+10,0.000000
8,5,55,1.4409862e+10,0.000000
10,-8,42,1.36525e+10,0.000000
8,6,46,1.3182889e+10,0.000000
6,6,52,1.3115534e+10,0.000000
10,6,37,1.3055185e+10,0.000000
9,8,11,1.304863e+10,0.000000
8,-8,46,1.2633869e+10,0.000000
8,-7,45,1.2556584e+10,0.000000
8,-7,52,1.2548414e+10,0.000000
8,-7,46,1.2482181e+10,0.000000
7,6,42,1.2478294e+10,0.000000
10,-8,36,1.2187607e+10,0.000000
6,6,53,1.1982383e+10,0.000000
9,-9,29,1.1893522e+10,0.000000
8,-7,42,1.1800819e+10,0.000000
8,-7,40,1.1413949e+10,0.000000
10,-8,38,1.1411134e+10,0.000000
9,7,30,1.1393744e+10,0.000000
8,8,12,1.1253869e+10,0.000000
6,6,54,1.1102912e+10,0.000000
10,-8,33,1.1006059e+10,0.000000
8,-7,43,1.087338e+10,0.000000
9,-8,34,1.0742809e+10,0.000000
10,9,11,1.0658523e+10,0.000000
8,7,22,1.0524741e+10,0.000000
8,-7,47,1.0365827e+10,0.000000
6,6,55,1.0339138e+10,0.000000
7,7,31,1.0083671e+10,0.000000
8,-7,48,1.0047062e+10,0.000000
8,8,20,1.0011645e+10,0.000000
9,6,38,9.9031331e+09,0.000000
8,-8,47,9.7944941e+09,0.000000
10,5,37,9.6540457e+09,0.000000
10,6,40,8.7811327e+09,0.000000
10,-9,51,8.256486e+09,0.000000
9,-9,49,7.8049203e+09,0.000000
8,-7,41,7.6259698e+09,0.000000
10,7,10,7.6231495e+09,0.000000
10,-7,39,7.5748897e+09,0.000000
9,-8,35,7.5608168e+09,0.000000
10,-1,2,7.5428251e+09,0.000000
9,-9,30,7.537233e+09,0.000000
7,6,43,7.3721215e+09,0.000000
9,-9,55,7.2691754e+09,0.000000
8,7,23,7.0902098e+09,0.000000
8,8,21,6.6479229e+09,0.000000
9,6,39,6.619932e+09,0.000000
10,-7,47,6.5979448e+09,0.000000
9,7,31,6.5015269e+09,0.000000
10,-8,43,5.9495175e+09,0.000000
10,8,11,5.74308e+09,0.000000
8,6,47,5.6208501e+09,0.000000
10,6,42,5.4618944e+09,0.000000
10,5,39,5.2130141e+09,0.000000
10,5,38,5.1578429e+09,0.000000
10,-10,16,5.1057098e+09,0.000000
7,7,32,4.8693094e+09,0.000000
9,-8,36,4.8129963e+09,0.000000
8,7,24,4.6227339e+09,0.000000
10,5,41,4.5997588e+09,0.000000
8,6,48,4.5773327e+09,0.000000
9,-9,31,4.464538e+09,0.000000
7,6,44,4.3517544e+09,0.000000
8,8,22,4.3210764e+09,0.000000
10,-8,35,4.2916541e+09,0.000000
9,6,40,4.1950037e+09,0.000000
10,5,43,4.1262518e+09,0.000000
10,5,45,4.049765e+09,0.000000
9,7,32,3.9108552e+09,0.000000
10,-10,51,3.5738971e+09,0.000000
9,-8,37,3.5562515e+09,0.000000
10,6,44,3.518033e+09,0.000000
10,5,40,3.4390556e+09,0.000000
10,-7,48,3.3838533e+09,0.000000
10,-7,44,3.3493589e+09,0.000000
10,-7,42,3.3112091e+09,0.000000
10,-7,41,2.9750557e+09,0.000000
9,-9,32,2.9384144e+09,0.000000
8,7,25,2.9259995e+09,0.000000
9,6,41,2.8042867e+09,0.000000
8,8,23,2.7604772e+09,0.000000
10,5,47,2.7333217e+09,0.000000
10,7,17,2.6721641e+09,0.000000
7,6,45,2.5740997e+09,0.000000
10,7,18,2.5734231e+09,0.000000
10,7,16,2.5565807e+09,0.000000
10,5,42,2.5441519e+09,0.000000
9,9,12,2.5176489e+09,0.000000
10,5,44,2.5008319e+09,0.000000
10,-2,3,2.4260683e+09,0.000000
7,7,33,2.3805107e+09,0.000000
10,7,19,2.3200611e+09,0.000000
10,6,46,2.3098688e+09,0.000000
10,6,41,2.2782062e+09,0.000000
10,7,15,2.1994992e+09,0.000000
9,-8,38,2.1019735e+09,0.000000
9,7,33,2.0991693e+09,0.000000
10,-7,46,2.0577508e+09,0.000000
10,6,48,2.0434347e+09,0.000000
10,7,20,1.9797313e+09,0.000000
9,-9,52,1.9784092e+09,0.000000
10,5,46,1.9528397e+09,0.000000
8,6,50,1.9129237e+09,0.000000
9,-8,55,1.8718936e+09,0.000000
8,7,26,1.8010414e+09,0.000000
10,5,49,1.7491644e+09,0.000000
8,8,24,1.7373782e+09,0.000000
10,6,47,1.7248351e+09,0.000000
9,6,42,1.7116121e+09,0.000000
10,6,43,1.6936502e+09,0.000000
10,6,49,1.6644519e+09,0.000000
9,-8,39,1.657997e+09,0.000000
8,6,49,1.6556478e+09,0.000000
10,7,14,1.6345837e+09,0.000000
10,7,21,1.6118214e+09,0.000000
10,-9,19,1.6061506e+09,0.000000
9,-9,33,1.5679275e+09,0.000000
7,6,46,1.5162746e+09,0.000000
10,10,12,1.4707235e+09,0.000000
10,5,48,1.431524e+09,0.000000
10,6,50,1.3942362e+09,0.000000
9,7,34,1.3254351e+09,0.000000
10,7,22,1.2599654e+09,0.000000
10,6,39,1.2524059e+09,0.000000
10,-8,37,1.2190489e+09,0.000000
10,-10,53,1.2150194e+09,0.000000
9,-9,34,1.1986555e+09,0.000000
9,6,43,1.1982137e+09,0.000000
10,6,45,1.1880401e+09,0.000000
10,-8,39,1.1649736e+09,0.000000
10,-7,40,1.1280042e+09,0.000000
10,-9,54,1.0998099e+09,0.000000
10,5,51,1.0968253e+09,0.000000
9,-8,53,1.0895863e+09,0.000000
10,5,50,1.0884404e+09,0.000000
8,7,27,1.0812831e+09,0.000000
8,8,25,1.0811201e+09,0.000000
7,7,34,1.050425e+09,0.000000
8,6,52,1.0317554e+09,0.000000
10,-7,43,1.028758e+09,0.000000
10,-9,18,1.0059785e+09,0.000000
10,-10,15,9.9582669e+08,0.000000
10,7,13,9.750221e+08,0.000000
10,7,23,9.5028795e+08,0.000000
7,6,47,9.0230547e+08,0.000000
9,-8,40,8.9674151e+08,0.000000
10,5,55,8.9234082e+08,0.000000
9,-8,41,8.6042469e+08,0.000000
10,-9,55,8.5411395e+08,0.000000
10,-8,41,8.047899e+08,0.000000
10,-1,1,7.3586754e+08,0.000000
9,6,44,6.9721822e+08,0.000000
10,7,24,6.9466464e+08,0.000000
10,6,51,6.9313217e+08,0.000000
8,8,26,6.6520212e+08,0.000000
10,5,52,6.5763006e+08,0.000000
8,6,51,6.5091718e+08,0.000000
8,7,28,6.3245259e+08,0.000000
9,7,35,6.2923765e+08,0.000000
10,5,53,6.2135818e+08,0.000000
10,-10,17,5.3908047e+08,0.000000
7,6,48,5.3291573e+08,0.000000
9,-9,36,5.2883919e+08,0.000000
10,-9,20,5.0006766e+08,0.000000
7,7,35,4.9473207e+08,0.000000
10,7,25,4.93753e+08,0.000000
9,-9,35,4.9005415e+08,0.000000
9,6,45,4.8826934e+08,0.000000
10,-10,54,4.6209589e+08,0.000000
9,7,36,4.5223214e+08,0.000000
9,-8,42,4.4681378e+08,0.000000
9,-8,47,4.3050938e+08,0.000000
8,8,27,4.0703456e+08,0.000000
10,7,12,3.9827379e+08,0.000000
9,-8,52,3.9137804e+08,0.000000
9,-8,43,3.8630563e+08,0.000000
10,-9,49,3.7329254e+08,0.000000
8,6,54,3.6733254e+08,0.000000
8,7,29,3.6226639e+08,0.000000
10,-9,17,3.4524191e+08,0.000000
10,7,26,3.4265124e+08,0.000000
7,6,49,3.2237488e+08,0.000000
9,-8,50,2.995834e+08,0.000000
10,-9,21,2.9613996e+08,0.000000
9,-9,48,2.9544763e+08,0.000000
9,-9,38,2.918348e+08,0.000000
10,5,54,2.7894082e+08,0.000000
9,6,46,2.7342407e+08,0.000000
8,6,53,2.7180691e+08,0.000000
9,-9,47,2.4714473e+08,0.000000
10,-9,16,2.4708946e+08,0.000000
8,8,28,2.463659e+08,0.000000
10,7,27,2.3231772e+08,0.000000
10,-9,23,2.3066752e+08,0.000000
9,-8,45,2.3027871e+08,0.000000
10,-9,22,2.3009826e+08,0.000000
9,-9,46,2.2912286e+08,0.000000
10,-9,53,2.1867479e+08,0.000000
9,-9,40,2.1396818e+08,0.000000
8,7,30,2.0117656e+08,0.000000
10,-7,45,1.9539579e+08,0.000000
9,6,47,1.9441038e+08,0.000000
7,6,50,1.9433568e+08,0.000000
7,7,36,1.9117425e+08,0.000000
8,6,55,1.889357e+08,0.000000
9,7,37,1.6637031e+08,0.000000
9,-8,49,1.6350411e+08,0.000000
10,-9,15,1.6116123e+08,0.000000
9,7,38,1.5888363e+08,0.000000
10,7,28,1.5502911e+08,0.000000
9,-9,44,1.5281453e+08,0.000000
8,8,29,1.4958643e+08,0.000000
9,-9,45,1.4178155e+08,0.000000
10,-9,24,1.4039795e+08,0.000000
9,-8,44,1.3860272e+08,0.000000
10,-10,18,1.2914843e+08,0.000000
10,-9,52,1.2427261e+08,0.000000
7,6,51,1.2195222e+08,0.000000
9,-9,37,1.1734131e+08,0.000000
10,-9,25,1.1369289e+08,0.000000
10,-9,14,1.1288009e+08,0.000000
8,7,31,1.101013e+08,0.000000
9,6,48,1.0846325e+08,0.000000
10,7,29,1.0090772e+08,0.000000
10,6,55,91416301,0.000000
8,8,30,89294133,0.000000
7,7,37,84472995,0.000000
9,6,49,80283593,0.000000
10,7,11,77631743,0.000000
10,-9,26,76879527,0.000000
10,6,53,76650650,0.000000
7,6,52,76455975,0.000000
10,-10,49,75833278,0.000000
10,8,13,69683765,0.000000
10,6,52,67739603,0.000000
10,7,30,65747384,0.000000
10,8,14,64246906,0.000000
10,8,12,59388755,0.000000
8,7,32,57762082,0.000000
10,9,12,56448071,0.000000
10,-9,27,55170562,0.000000
8,8,31,54418501,0.000000
10,-10,50,53213361,0.000000
10,8,15,52878650,0.000000
7,6,53,50368617,0.000000
10,6,54,47632149,0.000000
9,7,40,45581197,0.000000
9,6,50,43365669,0.000000
10,8,16,42745933,0.000000
10,7,31,41018828,0.000000
9,8,17,40937907,0.000000
10,-10,52,40062161,0.000000
9,8,16,39387096,0.000000
10,-9,28,39132473,0.000000
9,8,18,38406948,0.000000
9,7,39,37852526,0.000000
9,8,12,35705146,0.000000
7,6,54,34964452,0.000000
10,8,17,34432547,0.000000
9,8,19,33457846,0.000000
9,8,15,32623987,0.000000
8,8,32,31869104,0.000000
9,6,51,30103312,0.000000
8,7,33,29701689,0.000000
9,8,20,27549320,0.000000
10,8,18,27545039,0.000000
10,-9,29,27109171,0.000000
10,-10,19,26959296,0.000000
9,7,42,26728890,0.000000
10,7,32,26300845,0.000000
9,-8,48,26176245,0.000000
7,6,55,25301570,0.000000
7,7,38,24594474,0.000000
10,-10,21,23232574,0.000000
9,7,44,22412868,0.000000
10,8,19,21859055,0.000000
10,-10,48,21824653,0.000000
9,8,21,21698007,0.000000
9,-8,46,21374571,0.000000
9,8,14,21350751,0.000000
8,8,33,19877807,0.000000
10,-10,20,19870184,0.000000
10,-9,30,18964896,0.000000
9,6,52,18510361,0.000000
10,8,20,17254165,0.000000
9,8,22,16486133,0.000000
9,-9,43,16342795,0.000000
10,7,33,15915401,0.000000
9,-9,41,15323845,0.000000
8,7,34,14520421,0.000000
9,-9,39,14423843,0.000000
9,7,46,14395655,0.000000
9,7,47,14173866,0.000000
10,8,21,13596976,0.000000
9,7,48,12769564,0.000000
10,-9,31,12578590,0.000000
10,-10,47,12472185,0.000000
9,8,23,12161466,0.000000
9,6,53,11692912,0.000000
9,9,13,11687048,0.000000
8,8,34,11174383,0.000000
10,8,22,10724668,0.000000
9,7,50,10433273,0.000000
10,10,13,10350684,0.000000
10,7,34,10002084,0.000000
9,-9,42,9838770.8,0.000000
9,7,49,9532162.6,0.000000
9,6,54,9415844,0.000000
9,8,13,9219776.5,0.000000
7,7,39,9142329.8,0.000000
10,-9,32,8923700,0.000000
10,-10,22,8885213,0.000000
9,7,43,8877608.1,0.000000
9,8,24,8750131.5,0.000000
9,6,55,8482204.8,0.000000
10,8,23,8459212.9,0.000000
8,8,35,7391398.4,0.000000
8,7,35,6944838.3,0.000000
10,8,24,6676375.3,0.000000
10,-10,23,6519764.6,0.000000
9,8,25,6167219.2,0.000000
9,7,51,6118142.4,0.000000
9,9,17,5946899.6,0.000000
9,9,16,5838332.8,0.000000
10,7,35,5641616.5,0.000000
10,-10,46,5627357.5,0.000000
10,-9,33,5482855.7,0.000000
9,9,18,5473912.8,0.000000
10,8,25,5219867.9,0.000000
9,9,15,4974927,0.000000
9,7,41,4851731.6,0.000000
9,9,19,4658553.5,0.000000
9,8,26,4268999.2,0.000000
9,7,52,4168742.5,0.000000
10,-9,34,4128887.8,0.000000
10,8,26,4089712.7,0.000000
8,8,36,3845667.1,0.000000
10,7,36,3827089.7,0.000000
10,-10,24,3817922.8,0.000000
9,9,20,3723516.3,0.000000
10,-10,45,3676458.4,0.000000
7,7,51,3638049.7,0.000000
9,9,14,3403027.3,0.000000
7,7,49,3369600.4,0.000000
10,8,27,3112433.8,0.000000
7,7,53,2980465.2,0.000000
7,7,47,2930033.6,0.000000
9,8,27,2914504.2,0.000000
8,7,36,2905708,0.000000
7,7,55,2887088.6,0.000000
8,8,37,2834372.4,0.000000
9,9,21,2830306.3,0.000000
10,-10,44,2820361.7,0.000000
7,7,45,2698425.3,0.000000
7,7,54,2666397.7,0.000000
7,7,52,2659542.3,0.000000
7,7,48,2571818,0.000000
10,-10,25,2495875.6,0.000000
10,8,28,2431690.6,0.000000
7,7,50,2429081.8,0.000000
10,-9,35,2334784.8,0.000000
7,7,46,2320509.9,0.000000
9,9,22,2062591.1,0.000000
9,8,28,1961089.7,0.000000
7,7,43,1941408.5,0.000000
10,-9,36,1906644.3,0.000000
7,7,44,1897428.3,0.000000
10,7,37,1841471.4,0.000000
10,8,29,1747346.3,0.000000
10,-10,26,1648170.1,0.000000
9,9,23,1448979,0.000000
10,8,30,1424580.5,0.000000
10,7,38,1403315.7,0.000000
10,-9,48,1345001.7,0.000000
9,7,45,1328678.9,0.000000
9,8,29,1312183.3,0.000000
8,8,38,1308000.4,0.000000
8,7,37,1271127.5,0.000000
7,7,40,1226462.8,0.000000
7,7,42,1201155.4,0.000000
9,7,55,1177331.4,0.000000
8,8,39,1115759.8,0.000000
10,-9,38,1108232.6,0.000000
10,-10,27,1033667.9,0.000000
9,9,24,986390.4,0.000000
10,-9,46,981858.93,0.000000
10,8,31,899797.49,0.000000
7,7,41,885064.9,0.000000
10,8,50,871833.19,0.000000
9,8,30,862257.3,0.000000
10,-9,37,852075.74,0.000000
10,8,32,841214.64,0.000000
10,8,51,761933.57,0.000000
10,8,48,758855.81,0.000000
10,8,52,710643.67,0.000000
10,-10,28,693010.78,0.000000
10,-9,47,692722.1,0.000000
10,-9,40,676282.88,0.000000
9,7,54,667827.49,0.000000
9,9,25,652398.83,0.000000
10,8,47,619109.76,0.000000
9,8,31,572665.89,0.000000
10,8,34,542178.17,0.000000
10,8,46,511421.53,0.000000
10,7,39,504555.87,0.000000
10,8,44,492817.25,0.000000
10,-10,29,490482.08,0.000000
8,8,41,469576.47,0.000000
8,7,38,444116.74,0.000000
9,9,26,422111.61,0.000000
10,8,53,412466.05,0.000000
10,8,54,406600.39,0.000000
10,8,33,401102.02,0.000000
8,8,40,399283.28,0.000000
10,8,36,384969.46,0.000000
10,8,40,383281.89,0.000000
10,8,49,373623.25,0.000000
9,8,32,368149.27,0.000000
10,-9,45,351411.16,0.000000
9,7,53,334796.72,0.000000
10,-10,42,329424.68,0.000000
10,8,45,329294.25,0.000000
10,8,38,327171.75,0.000000
10,-10,30,324803.79,0.000000
10,8,42,319747.99,0.000000
9,9,27,266179.2,0.000000
10,-10,41,260692.3,0.000000
9,8,33,244796.34,0.000000
10,-9,39,243154.06,0.000000
10,-9,42,197977.2,0.000000
10,7,42,188536.96,0.000000
10,9,13,185258.36,0.000000
10,7,44,184714.14,0.000000
10,7,41,182696.48,0.000000
10,-10,40,182325.01,0.000000
10,-10,43,182071.55,0.000000
10,-10,32,179399.7,0.000000
8,8,43,178435.17,0.000000
9,9,28,166328.31,0.000000
10,-10,34,162442.97,0.000000
10,-10,31,160441.99,0.000000
9,8,34,154043.18,0.000000
8,7,39,153881.04,0.000000
10,8,55,143404.72,0.000000
10,-9,44,141852.77,0.000000
10,8,35,141123.6,0.000000
10,8,43,134164.29,0.000000
8,7,44,129684.04,0.000000
10,-10,39,127659.8,0.000000
8,8,42,123957.69,0.000000
10,7,47,110028,0.000000
10,-9,41,109997.8,0.000000
8,7,42,108521.2,0.000000
8,7,45,104528.4,0.000000
9,8,35,103728.2,0.000000
10,7,46,103701.01,0.000000
10,-10,38,103493.98,0.000000
8,7,40,103229.61,0.000000
8,7,46,100698.3,0.000000
9,9,29,100422.74,0.000000
8,8,44,98301.694,0.000000
8,7,43,96633.826,0.000000
10,7,48,85391.391,0.000000
8,8,45,79844.585,0.000000
8,7,47,77494.89,0.000000
8,7,41,72614.624,0.000000
10,7,40,70275.026,0.000000
8,7,48,67368.061,0.000000
10,7,51,63641.153,0.000000
9,8,36,63060.653,0.000000
9,9,30,61947.337,0.000000
10,-10,37,55162.363,0.000000
10,7,50,54808.641,0.000000
10,7,43,51467.426,0.000000
10,10,14,49323.517,0.000000
8,7,50,45662.093,0.000000
10,-10,33,45012.167,0.000000
9,8,37,44570.83,0.000000
10,7,52,41443.57,0.000000
8,8,46,41387.76,0.000000
8,8,48,40962.326,0.000000
10,-10,36,40572.164,0.000000
8,8,50,39319.128,0.000000
8,7,49,37182.94,0.000000
9,9,31,35441.954,0.000000
10,8,37,35346.518,0.000000
8,7,51,33470.672,0.000000
10,-9,43,31939.054,0.000000
10,8,39,28381.058,0.000000
8,8,47,25881.069,0.000000
9,8,38,25187.051,0.000000
10,-10,35,22537.977,0.000000
9,9,32,22500.098,0.000000
8,7,52,21859.339,0.000000
10,7,53,19155.976,0.000000
9,8,39,19021.233,0.000000
8,7,53,17002.171,0.000000
8,8,52,15106.171,0.000000
10,8,41,14563.382,0.000000
10,7,55,14085.843,0.000000
8,7,55,12621.091,0.000000
8,7,54,11766.17,0.000000
10,7,54,11622.457,0.000000
9,9,33,11478.272,0.000000
8,8,51,10227.327,0.000000
8,8,54,10054.605,0.000000
9,8,40,9841.2379,0.000000
9,8,41,9038.0313,0.000000
10,7,45,8889.7232,0.000000
9,9,34,8438.405,0.000000
10,7,49,7930.6518,0.000000
8,8,49,7755.02,0.000000
10,9,19,6294.5997,0.000000
10,9,18,6022.9475,0.000000
10,9,20,5584.901,0.000000
10,9,21,5032.9344,0.000000
9,8,42,4491.6524,0.000000
10,9,22,4460.4439,0.000000
10,9,17,4378.4873,0.000000
9,8,43,3748.9584,0.000000
10,9,23,3703.5604,0.000000
9,9,36,3393.9238,0.000000
9,9,35,3273.5633,0.000000
10,9,24,2894.8648,0.000000
10,9,16,2831.7775,0.000000
10,9,25,2186.5802,0.000000
8,8,53,2141.0446,0.000000
9,8,45,1974.1518,0.000000
9,9,38,1697.6201,0.000000
10,9,15,1646.2331,0.000000
10,9,26,1606.1207,0.000000
9,8,44,1267.7226,0.000000
8,8,55,1258.6801,0.000000
9,9,49,1154.3746,0.000000
10,9,27,1145.7303,0.000000
9,9,40,1123.3624,0.000000
9,9,51,1092.2853,0.000000
9,9,52,1086.923,0.000000
9,9,53,1041.8599,0.000000
9,9,48,1029.635,0.000000
9,8,47,1025.9905,0.000000
9,9,55,1007.3896,0.000000
10,9,14,978.30984,0.000000
9,9,46,915.00489,0.000000
9,9,47,905.61291,0.000000
10,9,28,800.98599,0.000000
9,9,54,723.98668,0.000000
9,9,37,708.7119,0.000000
9,9,44,637.7243,0.000000
9,9,45,568.60225,0.000000
10,9,29,542.41356,0.000000
10,10,21,504.35322,0.000000
10,10,20,468.20456,0.000000
10,9,30,368.74164,0.000000
9,8,51,359.6841,0.000000
10,10,19,284.12881,0.000000
9,8,49,276.8343,0.000000
10,10,22,251.17829,0.000000
10,10,18,247.30111,0.000000
10,9,31,236.02198,0.000000
10,10,17,221.5094,0.000000
10,9,32,161.27213,0.000000
9,8,46,145.81647,0.000000
10,10,15,144.37032,0.000000
9,8,53,133.38198,0.000000
10,10,16,124.07314,0.000000
9,8,48,102.48445,0.000000
10,9,33,94.771502,0.000000
10,10,23,94.003197,0.000000
10,10,55,73.13463,0.000000
9,9,39,72.712501,0.000000
9,8,54,71.936294,0.000000
9,9,43,70.774046,0.000000
10,10,53,70.657199,0.000000
10,9,34,68.4715,0.000000
10,10,50,66.849548,0.000000
10,10,51,63.644218,0.000000
9,9,41,61.776709,0.000000
9,8,52,60.063838,0.000000
10,10,24,59.967093,0.000000
10,10,25,56.262439,0.000000
9,8,50,53.69178,0.000000
10,10,54,51.05328,0.000000
10,10,49,50.225128,0.000000
10,10,48,41.033085,0.000000
10,9,35,36.834112,0.000000
10,10,47,35.634002,0.000000
10,10,26,33.920911,0.000000
9,9,50,30.429188,0.000000
9,9,42,29.241136,0.000000
10,9,36,28.834428,0.000000
10,10,46,24.469215,0.000000
10,9,55,18.63013,0.000000
10,10,27,17.365383,0.000000
10,9,54,17.307731,0.000000
10,10,45,16.888337,0.000000
10,9,38,15.155285,0.000000
10,10,44,14.255427,0.000000
10,9,37,12.203026,0.000000
10,9,52,12.119952,0.000000
10,10,28,9.7783182,0.000000
10,10,52,9.2135094,0.000000
10,9,46,8.8416379,0.000000
9,8,55,8.7647295,0.000000
10,9,40,8.2405037,0.000000
10,9,53,7.4541807,0.000000
10,9,49,7.3865075,0.000000
10,9,48,7.0688852,0.000000
10,10,29,5.4014765,0.000000
10,9,51,4.6861869,0.000000
10,10,30,3.8674696,0.000000
10,9,39,3.0372642,0.000000
10,9,45,2.7320015,0.000000
10,10,32,1.8863478,0.000000
10,9,47,1.8716947,0.000000
10,10,31,1.8215828,0.000000
10,10,34,1.5246577,0.000000
10,9,42,1.4897058,0.000000
10,10,42,1.2661521,0.000000
10,10,41,1.2640619,0.000000
10,9,50,1.1853274,0.000000
10,9,41,1.1056253,0.000000
10,10,40,1.0083543,0.000000
10,10,39,0.76932009,0.000000
10,10,38,0.71539353,0.000000
10,9,44,0.69863985,0.000000
10,10,43,0.5310845,0.000000
10,10,33,0.45683696,0.000000
10,10,37,0.41034125,0.000000
10,10,36,0.33011259,0.000000
10,9,43,0.23468273,0.000000
10,10,35,0.19930093,0.000000
2,0,0,0,0.000000
3,0,0,0,0.000000
4,0,0,0,0.000000
5,0,0,0,0.000000
6,0,0,0,0.000000
7,0,0,0,0.000000
8,0,0,0,0.000000
9,0,0,0,0.000000
10,0,0,0,0.000000
