l,m,n,power,fraction_pct
2,-2,-1,7.6157703e+43,21.596256
2,-2,1,6.6076369e+43,18.737464
2,-2,-2,4.0394823e+43,11.454875
2,-2,0,3.3642737e+43,9.540167
2,-2,-4,2.7419698e+43,7.775482
2,-2,-5,2.3817454e+43,6.753983
2,-2,-6,1.8605124e+43,5.275908
2,-2,-7,1.4023402e+43,3.976656
2,-2,-3,1.1115778e+43,3.152133
2,-2,-8,1.0364219e+43,2.939011
2,-2,-9,7.5488062e+42,2.140636
2,-2,-10,5.4278752e+42,1.539198
2,-2,-11,3.8549578e+42,1.093161
2,-2,-12,2.7044651e+42,0.766913
2,-2,-13,1.874126e+42,0.531451
2,-2,-14,1.2828668e+42,0.363786
2,-2,-15,8.6758117e+41,0.246022
2,-2,2,8.5979191e+41,0.243814
3,-3,-2,6.1442474e+41,0.174234
2,-2,-16,5.7990886e+41,0.164446
3,-3,-3,5.3195695e+41,0.150849
2,-2,-17,3.8336106e+41,0.108711
3,-3,-1,3.2594856e+41,0.092430
3,-3,-6,3.1159633e+41,0.088360
3,-3,-5,3.0414013e+41,0.086246
3,-3,-7,2.7239342e+41,0.077243
2,-2,-18,2.5085762e+41,0.071136
3,-3,-8,2.3114129e+41,0.065545
3,-3,1,1.9684793e+41,0.055821
3,-3,-9,1.9376288e+41,0.054946
2,-1,0,1.8632452e+41,0.052837
2,-2,-19,1.6265437e+41,0.046124
3,-3,0,1.6214825e+41,0.045981
3,-3,-10,1.6096607e+41,0.045646
3,-3,-11,1.3243472e+41,0.037555
3,-3,-12,1.0774619e+41,0.030554
2,-2,-20,1.0462145e+41,0.029668
3,-2,-1,8.9933909e+40,0.025503
3,-3,-13,8.6549997e+40,0.024543
3,-3,2,7.4685601e+40,0.021179
3,-3,-14,6.8559788e+40,0.019442
3,-3,-4,6.7581311e+40,0.019164
2,-2,-21,6.6835953e+40,0.018953
2,-2,3,5.9692181e+40,0.016927
3,-2,-2,5.9156063e+40,0.016775
3,-3,-15,5.3513012e+40,0.015175
2,-1,-1,5.0237986e+40,0.014246
2,-2,-22,4.2456647e+40,0.012040
3,-3,-16,4.1140497e+40,0.011666
2,-1,-2,3.217607e+40,0.009124
3,-2,-4,3.2000287e+40,0.009074
3,-3,-17,3.1153525e+40,0.008834
3,-2,0,3.062893e+40,0.008686
2,-1,-3,2.9886387e+40,0.008475
3,-2,-5,2.7043331e+40,0.007669
2,-2,-23,2.6847961e+40,0.007613
3,-3,-18,2.3245553e+40,0.006592
3,-2,-6,2.1389287e+40,0.006065
2,-1,-4,2.0290654e+40,0.005754
3,-3,-19,1.7103064e+40,0.004850
2,-2,-24,1.6917956e+40,0.004797
3,-2,-7,1.6697124e+40,0.004735
2,-1,-5,1.3316086e+40,0.003776
3,-2,-8,1.2955085e+40,0.003674
3,-2,-3,1.2720102e+40,0.003607
3,-3,-20,1.2420148e+40,0.003522
2,-2,-25,1.063272e+40,0.003015
3,-2,-9,9.9869621e+39,0.002832
3,-3,-21,8.9123952e+39,0.002527
2,-1,-6,8.6779652e+39,0.002461
3,-2,1,8.6218474e+39,0.002445
4,-4,-4,7.6834277e+39,0.002179
3,-2,-10,7.6356579e+39,0.002165
3,-1,0,7.3122563e+39,0.002074
4,-4,-3,7.0452641e+39,0.001998
2,-2,-26,6.6701281e+39,0.001891
2,-2,4,6.4324656e+39,0.001824
2,0,1,6.3581886e+39,0.001803
2,0,-1,6.3581886e+39,0.001803
3,-3,-22,6.3272904e+39,0.001794
3,-2,-11,5.7795238e+39,0.001639
2,-1,-7,5.63637e+39,0.001598
4,-4,-7,4.5837991e+39,0.001300
3,-3,-23,4.4499092e+39,0.001262
3,-2,-12,4.3243537e+39,0.001226
2,-2,-27,4.179223e+39,0.001185
4,-4,-8,4.1237575e+39,0.001169
2,-1,-8,3.6458253e+39,0.001034
4,-4,-2,3.5797352e+39,0.001015
4,-4,-9,3.5171312e+39,0.000997
4,-4,-5,3.5012425e+39,0.000993
4,-3,-2,3.3643743e+39,0.000954
4,-4,-6,3.2490845e+39,0.000921
3,-2,-13,3.1948859e+39,0.000906
4,-3,-3,3.1777807e+39,0.000901
3,-3,-24,3.104106e+39,0.000880
4,-4,-10,2.956187e+39,0.000838
2,-2,-28,2.6167035e+39,0.000742
4,-4,-11,2.4832143e+39,0.000704
2,-1,-9,2.3447872e+39,0.000665
3,-2,-14,2.3291009e+39,0.000660
3,-3,-25,2.1502269e+39,0.000610
4,-4,-12,2.0957561e+39,0.000594
2,-2,5,1.9759125e+39,0.000560
4,-4,-13,1.7779659e+39,0.000504
3,-2,-15,1.6748727e+39,0.000475
2,-2,-29,1.6379075e+39,0.000464
4,-3,-5,1.5754456e+39,0.000447
4,-3,-6,1.5542986e+39,0.000441
4,-4,-14,1.513015e+39,0.000429
2,-1,-10,1.4969459e+39,0.000424
3,-3,-26,1.480679e+39,0.000420
4,-4,-1,1.4690415e+39,0.000417
2,0,2,1.4539111e+39,0.000412
2,0,-2,1.4539111e+39,0.000412
4,-3,-1,1.4539084e+39,0.000412
3,-1,-3,1.4534285e+39,0.000412
3,-1,-4,1.3085449e+39,0.000371
4,-3,-7,1.3056085e+39,0.000370
4,-4,-15,1.2872962e+39,0.000365
3,-2,-16,1.1881134e+39,0.000337
4,-4,-16,1.0912218e+39,0.000309
4,-3,-8,1.0744986e+39,0.000305
4,-4,0,1.0393865e+39,0.000295
2,-2,-30,1.0252637e+39,0.000291
3,-3,-27,1.0145718e+39,0.000288
3,-1,-5,1.0033381e+39,0.000285
2,-1,-11,9.4727369e+38,0.000269
4,-4,-17,9.1871348e+38,0.000261
3,-1,-2,8.8471499e+38,0.000251
4,-3,-9,8.8326675e+38,0.000250
2,-1,1,8.592303e+38,0.000244
3,-2,-17,8.3173764e+38,0.000236
4,-2,0,8.2393018e+38,0.000234
4,-4,-18,7.6627643e+38,0.000217
2,-2,6,7.3874021e+38,0.000209
4,-3,-10,7.2810676e+38,0.000206
3,-1,-6,7.1421263e+38,0.000203
3,-3,-28,6.9233224e+38,0.000196
2,-2,-31,6.419347e+38,0.000182
4,-4,-19,6.320492e+38,0.000179
4,-3,-4,6.0538364e+38,0.000172
4,-3,-11,6.0126285e+38,0.000171
2,-1,-12,5.9347862e+38,0.000168
4,-2,-1,5.7787687e+38,0.000164
3,-2,-18,5.7499596e+38,0.000163
4,-4,-20,5.1500024e+38,0.000146
4,-4,2,5.1168345e+38,0.000145
4,-3,-12,4.9602012e+38,0.000141
3,-1,-7,4.8633486e+38,0.000138
3,-3,-29,4.7083708e+38,0.000134
4,-4,1,4.2411645e+38,0.000120
4,-4,-21,4.1434364e+38,0.000117
4,-3,-13,4.0751871e+38,0.000116
2,-2,-32,4.0208686e+38,0.000114
2,0,3,3.9613314e+38,0.000112
2,0,-3,3.9613314e+38,0.000112
2,-1,2,3.9500754e+38,0.000112
3,-2,-19,3.9290873e+38,0.000111
2,-1,-13,3.6781254e+38,0.000104
3,-3,3,3.6054939e+38,0.000102
4,-3,-14,3.3248332e+38,0.000094
4,-4,-22,3.2918551e+38,0.000093
3,-1,-8,3.2085657e+38,0.000091
3,-3,-30,3.1931467e+38,0.000091
2,-2,7,2.9889735e+38,0.000085
4,-3,-15,2.6875133e+38,0.000076
3,-2,-20,2.6566522e+38,0.000075
2,-1,3,2.6267868e+38,0.000074
4,-4,-23,2.5837282e+38,0.000073
2,-2,-33,2.5197566e+38,0.000071
4,-3,1,2.3179216e+38,0.000066
2,-1,-14,2.2538144e+38,0.000064
3,-3,-31,2.1606512e+38,0.000061
4,-3,-16,2.1484934e+38,0.000061
3,-1,-9,2.063224e+38,0.000059
3,-1,-1,2.0451907e+38,0.000058
4,-4,-24,2.0049052e+38,0.000057
4,-3,0,1.8818613e+38,0.000053
3,-2,-21,1.7795014e+38,0.000050
2,1,0,1.733201e+38,0.000049
4,-3,-17,1.6967743e+38,0.000048
2,-2,-34,1.5798579e+38,0.000045
2,-1,4,1.5539484e+38,0.000044
4,-4,-25,1.5394476e+38,0.000044
3,-3,-32,1.4593377e+38,0.000041
2,-1,-15,1.3652282e+38,0.000039
4,-3,-18,1.3230189e+38,0.000038
3,-1,-10,1.2968251e+38,0.000037
2,-2,8,1.261447e+38,0.000036
5,-5,-5,1.2114345e+38,0.000034
3,-2,-22,1.1822084e+38,0.000034
4,-4,-26,1.1707757e+38,0.000033
2,0,4,1.1479585e+38,0.000033
2,0,-4,1.1479585e+38,0.000033
4,-2,1,1.1437142e+38,0.000032
4,-3,-19,1.0183975e+38,0.000029
2,1,-1,1.0181738e+38,0.000029
2,-2,-35,9.9103224e+37,0.000028
3,-3,-33,9.8420764e+37,0.000028
5,-5,-6,9.2982081e+37,0.000026
5,-5,-4,9.2860699e+37,0.000026
5,-4,-4,9.2020799e+37,0.000026
2,-1,5,9.1015648e+37,0.000026
4,-2,-2,9.0134405e+37,0.000026
4,-4,-27,8.827476e+37,0.000025
2,-1,-16,8.1761761e+37,0.000023
3,-1,-11,7.9776903e+37,0.000023
5,-4,-3,7.8712034e+37,0.000022
3,-2,-23,7.7985938e+37,0.000022
4,-3,-20,7.7412464e+37,0.000022
5,-3,-2,7.7190683e+37,0.000022
5,-5,-8,7.5096381e+37,0.000021
3,-1,2,7.3017014e+37,0.000021
5,-5,-9,7.2369089e+37,0.000021
3,-3,-34,6.6298306e+37,0.000019
4,-4,-28,6.604706e+37,0.000019
5,-3,-1,6.4715476e+37,0.000018
4,-4,3,6.4190895e+37,0.000018
5,-5,-10,6.2278549e+37,0.000018
2,-2,-36,6.219268e+37,0.000018
2,2,1,6.0642692e+37,0.000017
4,-3,-21,5.8145292e+37,0.000016
2,-2,9,5.4576713e+37,0.000015
2,1,-2,5.3669342e+37,0.000015
2,-1,6,5.3512493e+37,0.000015
5,-5,-11,5.1528161e+37,0.000015
3,-2,-24,5.1135812e+37,0.000015
4,-4,-29,4.907918e+37,0.000014
5,-4,-5,4.8757475e+37,0.000014
5,-4,-7,4.8714931e+37,0.000014
2,-1,-17,4.8431918e+37,0.000014
3,-1,-12,4.8055497e+37,0.000014
5,-5,-3,4.4845476e+37,0.000013
2,2,-1,4.4783743e+37,0.000013
3,-3,-35,4.4617135e+37,0.000013
4,-3,-22,4.3190622e+37,0.000012
5,-4,-8,4.246836e+37,0.000012
5,-5,-12,4.1971099e+37,0.000012
5,-3,-3,4.1432417e+37,0.000012
2,-2,-37,3.9041723e+37,0.000011
2,2,-2,3.8507241e+37,0.000011
4,-4,-30,3.6249984e+37,0.000010
5,-4,-9,3.5055007e+37,0.000010
5,-4,-2,3.5045682e+37,0.000010
5,-5,-13,3.4133717e+37,0.000010
5,-4,-6,3.3491154e+37,0.000009
3,-2,-25,3.336072e+37,0.000009
2,0,5,3.3345852e+37,0.000009
2,0,-5,3.3345852e+37,0.000009
4,-3,-23,3.1757872e+37,0.000009
2,-1,7,3.1595763e+37,0.000009
2,1,-3,3.1030363e+37,0.000009
3,-3,-36,3.0002653e+37,0.000009
2,2,-3,2.9988273e+37,0.000009
3,1,0,2.9923342e+37,0.000008
2,2,0,2.9110467e+37,0.000008
5,-4,-10,2.8530199e+37,0.000008
2,-1,-18,2.8393205e+37,0.000008
3,-1,-13,2.8347306e+37,0.000008
5,-5,-14,2.7936254e+37,0.000008
4,-4,-31,2.6631185e+37,0.000008
2,-2,-38,2.4513307e+37,0.000007
5,-5,-7,2.4425764e+37,0.000007
2,-2,10,2.3962595e+37,0.000007
5,-4,-11,2.3260513e+37,0.000007
4,-3,-24,2.3138652e+37,0.000007
5,-5,-15,2.310241e+37,0.000007
2,2,-4,2.2736733e+37,0.000006
3,-2,-26,2.1672621e+37,0.000006
3,-3,-37,2.0161829e+37,0.000006
4,-4,-32,1.9472303e+37,0.000006
5,-5,-16,1.9333883e+37,0.000005
5,-4,-12,1.9124092e+37,0.000005
2,1,-4,1.8913108e+37,0.000005
5,-5,-2,1.8855223e+37,0.000005
2,-1,8,1.8695851e+37,0.000005
5,-3,1,1.8458368e+37,0.000005
3,-1,4,1.7573972e+37,0.000005
4,-3,2,1.7129761e+37,0.000005
3,-2,2,1.6980385e+37,0.000005
2,2,-5,1.6976463e+37,0.000005
4,-3,-25,1.6721827e+37,0.000005
2,-1,-19,1.6485974e+37,0.000005
3,-1,-14,1.6373307e+37,0.000005
5,-5,-17,1.6369071e+37,0.000005
5,-4,-13,1.5882533e+37,0.000005
2,-2,-39,1.5392017e+37,0.000004
3,-1,5,1.4696455e+37,0.000004
4,-4,-33,1.4178468e+37,0.000004
4,-2,-4,1.410224e+37,0.000004
3,-2,-27,1.403027e+37,0.000004
5,-5,-18,1.3996723e+37,0.000004
3,-3,-38,1.3540849e+37,0.000004
5,-4,-14,1.3310394e+37,0.000004
5,-3,-5,1.3097473e+37,0.000004
4,-2,-3,1.2678271e+37,0.000004
4,-2,-9,1.2672614e+37,0.000004
2,2,-6,1.2501733e+37,0.000004
4,-2,-10,1.2330715e+37,0.000003
4,-2,-8,1.2096359e+37,0.000003
5,-5,-19,1.2054357e+37,0.000003
4,-3,-26,1.1997802e+37,0.000003
2,1,-5,1.1830179e+37,0.000003
3,-1,3,1.1557634e+37,0.000003
5,-3,0,1.15394e+37,0.000003
4,-2,-11,1.126312e+37,0.000003
5,-4,-15,1.1228466e+37,0.000003
2,-1,9,1.1061645e+37,0.000003
5,-3,-6,1.0913802e+37,0.000003
4,-2,-7,1.0713091e+37,0.000003
2,-2,11,1.0606174e+37,0.000003
3,-1,6,1.0495096e+37,0.000003
5,-5,-20,1.0422186e+37,0.000003
4,-4,-34,1.0285833e+37,0.000003
4,-2,-12,9.7543774e+36,0.000003
4,-2,-5,9.6903232e+36,0.000003
2,-2,-40,9.6637269e+36,0.000003
5,-5,-1,9.5218508e+36,0.000003
5,-4,-16,9.5049387e+36,0.000003
2,-1,-20,9.4877613e+36,0.000003
2,0,6,9.450894e+36,0.000003
2,0,-6,9.450894e+36,0.000003
4,-2,-6,9.292682e+36,0.000003
3,-1,-15,9.2584593e+36,0.000003
3,-3,-39,9.0891182e+36,0.000003
2,2,-7,9.0792737e+36,0.000003
3,-2,-28,9.0565396e+36,0.000003
5,-5,-21,9.0159915e+36,0.000003
4,-3,-27,8.5540823e+36,0.000002
5,-4,-1,8.1558821e+36,0.000002
4,-2,-13,8.0719488e+36,0.000002
5,-4,-17,8.0476416e+36,0.000002
5,-5,-22,7.7799152e+36,0.000002
5,-3,-7,7.727527e+36,0.000002
2,1,-6,7.4854382e+36,0.000002
4,-4,-35,7.4376571e+36,0.000002
3,-1,7,7.023649e+36,0.000002
3,1,-3,6.8590158e+36,0.000002
5,-4,-18,6.7948254e+36,0.000002
5,-5,-23,6.6794592e+36,0.000002
3,1,-2,6.6428349e+36,0.000002
2,-1,10,6.5315045e+36,0.000002
2,2,-8,6.5013675e+36,0.000002
4,-2,-14,6.4202679e+36,0.000002
3,-3,-40,6.0975195e+36,0.000002
2,-2,-41,6.0657929e+36,0.000002
4,-3,-28,6.0651746e+36,0.000002
3,-2,-29,5.8319889e+36,0.000002
5,-4,-19,5.7066762e+36,0.000002
5,-5,-24,5.6949536e+36,0.000002
3,1,-4,5.5179749e+36,0.000002
2,-1,-21,5.4159643e+36,0.000002
4,-4,-36,5.3627315e+36,0.000002
5,-3,-8,5.2324345e+36,0.000001
3,-1,-16,5.1241366e+36,0.000001
5,-5,0,5.0557348e+36,0.000001
4,-2,-15,4.9307356e+36,0.000001
5,-5,-25,4.8158782e+36,0.000001
5,-4,-20,4.7581566e+36,0.000001
2,1,-7,4.751565e+36,0.000001
2,-2,12,4.7104764e+36,0.000001
2,2,-9,4.5901929e+36,0.000001
3,-1,8,4.5393732e+36,0.000001
4,-3,-29,4.2797394e+36,0.000001
3,-1,1,4.2416158e+36,0.000001
3,-3,-41,4.0880642e+36,0.000001
5,-5,-26,4.0363868e+36,0.000001
3,1,-5,4.019654e+36,0.000001
6,-4,-3,4.0034779e+36,0.000001
5,-4,-21,3.9333082e+36,0.000001
4,-4,-37,3.8568873e+36,0.000001
2,-1,11,3.843196e+36,0.000001
2,-2,-42,3.8060477e+36,0.000001
3,-2,-30,3.74803e+36,0.000001
5,-3,-4,3.7219117e+36,0.000001
4,-2,-16,3.6700252e+36,0.000001
5,-3,-9,3.4242364e+36,0.000001
5,-5,-27,3.352195e+36,0.000001
6,-4,-4,3.3445336e+36,0.000001
5,-4,-22,3.2210151e+36,0.000001
2,2,-10,3.1962053e+36,0.000001
5,-4,0,3.1218592e+36,0.000001
2,-1,-22,3.0684537e+36,0.000001
2,1,-8,3.0103233e+36,0.000001
4,-3,-30,3.0072137e+36,0.000001
3,-1,9,2.8676085e+36,0.000001
3,0,1,2.8335578e+36,0.000001
3,0,-1,2.8335578e+36,0.000001
2,0,7,2.8001894e+36,0.000001
2,0,-7,2.8001894e+36,0.000001
3,-1,-17,2.7748875e+36,0.000001
3,1,-6,2.772367e+36,0.000001
4,-4,-38,2.7677062e+36,0.000001
5,-5,-28,2.7587498e+36,0.000001
3,-3,-42,2.7388918e+36,0.000001
4,-2,-17,2.6558556e+36,0.000001
6,-4,-2,2.6490853e+36,0.000001
4,-1,-3,2.6479868e+36,0.000001
5,-5,1,2.6328253e+36,0.000001
5,-4,-23,2.612147e+36,0.000001
4,-1,0,2.5636238e+36,0.000001
4,-1,-4,2.4558965e+36,0.000001
3,-2,-31,2.4046752e+36,0.000001
2,-2,-43,2.3871339e+36,0.000001
2,-1,12,2.2513304e+36,0.000001
5,-5,-29,2.25042e+36,0.000001
6,-5,-5,2.2155134e+36,0.000001
2,2,-11,2.1959725e+36,0.000001
5,-3,-10,2.1573934e+36,0.000001
3,-3,5,2.1130649e+36,0.000001
4,-3,-31,2.1053219e+36,0.000001
5,-4,-24,2.0979068e+36,0.000001
2,-2,13,2.0921137e+36,0.000001
4,-1,-5,2.0449757e+36,0.000001
6,-6,-6,2.0101694e+36,0.000001
4,-4,-39,1.9822184e+36,0.000001
3,1,-1,1.9688201e+36,0.000001
6,-6,-7,1.962329e+36,0.000001
2,1,-9,1.8970714e+36,0.000001
4,-2,-18,1.873903e+36,0.000001
3,1,-7,1.8423713e+36,0.000001
3,-3,-43,1.83344e+36,0.000001
5,-5,-30,1.8203831e+36,0.000001
6,-5,-6,1.8022539e+36,0.000001
3,-1,10,1.7804686e+36,0.000001
4,-1,-2,1.7379016e+36,0.000000
2,-1,-23,1.7262235e+36,0.000000
5,-4,-25,1.6691182e+36,0.000000
4,-1,-6,1.6183659e+36,0.000000
6,-5,-4,1.6076419e+36,0.000000
5,-5,2,1.5907839e+36,0.000000
3,-2,-32,1.5405526e+36,0.000000
2,-2,-44,1.496593e+36,0.000000
2,2,-12,1.4897724e+36,0.000000
3,-1,-18,1.469573e+36,0.000000
4,-3,-32,1.4692078e+36,0.000000
5,-4,1,1.4668134e+36,0.000000
5,-5,-31,1.4609011e+36,0.000000
4,-4,-40,1.4172105e+36,0.000000
3,2,-1,1.3947486e+36,0.000000
6,-6,-10,1.3674104e+36,0.000000
6,-6,-5,1.331892e+36,0.000000
5,-4,-26,1.316146e+36,0.000000
2,-1,13,1.3123169e+36,0.000000
5,-3,-11,1.2990226e+36,0.000000
4,-2,-19,1.2924743e+36,0.000000
6,-5,-8,1.2522279e+36,0.000000
4,-1,-7,1.2367267e+36,0.000000
3,-3,-44,1.226078e+36,0.000000
6,-6,-11,1.2061722e+36,0.000000
2,0,8,1.1939992e+36,0.000000
2,0,-8,1.1939992e+36,0.000000
6,-4,-7,1.1896032e+36,0.000000
3,1,-8,1.1892146e+36,0.000000
2,1,-10,1.1865116e+36,0.000000
6,-5,-9,1.1828573e+36,0.000000
6,-6,-9,1.1799538e+36,0.000000
3,0,2,1.1681812e+36,0.000000
3,0,-2,1.1681812e+36,0.000000
5,-5,-32,1.1637535e+36,0.000000
3,2,-2,1.1351768e+36,0.000000
3,-1,11,1.0896311e+36,0.000000
6,-4,-5,1.0665883e+36,0.000000
5,-4,-27,1.029162e+36,0.000000
4,-3,-33,1.0224311e+36,0.000000
3,-3,6,1.0187439e+36,0.000000
4,-4,-41,1.0117163e+36,0.000000
2,2,-13,9.9888636e+35,0.000000
6,-4,-6,9.9779391e+35,0.000000
6,-6,-12,9.9569327e+35,0.000000
6,-5,-10,9.8658509e+35,0.000000
3,-2,-33,9.8566792e+35,0.000000
6,-4,-8,9.6611394e+35,0.000000
2,-1,-24,9.6455372e+35,0.000000
2,-2,-45,9.3803344e+35,0.000000
2,-2,14,9.2684208e+35,0.000000
5,-5,-33,9.2067671e+35,0.000000
4,-1,-8,9.1757758e+35,0.000000
3,2,0,9.1123846e+35,0.000000
2,0,9,9.0117934e+35,0.000000
2,0,-9,9.0117934e+35,0.000000
5,-5,3,8.8352514e+35,0.000000
4,-2,-20,8.7351101e+35,0.000000
3,2,-3,8.6790203e+35,0.000000
2,0,10,8.4394846e+35,0.000000
2,0,-10,8.4394846e+35,0.000000
3,-3,-45,8.1891346e+35,0.000000
2,1,1,8.123688e+35,0.000000
6,-4,-1,8.0110887e+35,0.000000
5,-4,-28,7.9852953e+35,0.000000
6,-6,-13,7.9504992e+35,0.000000
6,-5,-11,7.9068898e+35,0.000000
2,0,11,7.6663678e+35,0.000000
2,0,-11,7.6663678e+35,0.000000
2,-1,14,7.6112685e+35,0.000000
3,-1,-19,7.6046989e+35,0.000000
6,-4,-9,7.5933063e+35,0.000000
3,1,-9,7.4860359e+35,0.000000
5,-3,2,7.4771409e+35,0.000000
5,-3,-12,7.4086525e+35,0.000000
2,1,-11,7.3543414e+35,0.000000
5,-5,-34,7.2372967e+35,0.000000
4,-4,-42,7.2127819e+35,0.000000
6,-5,-3,7.121532e+35,0.000000
4,0,3,7.1041022e+35,0.000000
4,0,-3,7.1041022e+35,0.000000
4,-3,-34,7.097775e+35,0.000000
4,0,2,6.8526215e+35,0.000000
4,0,-2,6.8526215e+35,0.000000
3,2,-4,6.6933374e+35,0.000000
2,2,-14,6.6265772e+35,0.000000
4,-1,-9,6.6230094e+35,0.000000
6,-6,-8,6.5866815e+35,0.000000
4,-1,-1,6.5856308e+35,0.000000
3,-1,12,6.5842336e+35,0.000000
2,0,12,6.4669992e+35,0.000000
2,0,-12,6.4669992e+35,0.000000
3,-2,-34,6.2987719e+35,0.000000
6,-6,-14,6.2785687e+35,0.000000
6,-6,-4,6.2676505e+35,0.000000
6,-5,-12,6.256436e+35,0.000000
5,-4,-29,6.1516583e+35,0.000000
6,-4,-10,5.9534964e+35,0.000000
2,-2,-46,5.8797939e+35,0.000000
4,-2,-21,5.7975295e+35,0.000000
2,2,2,5.7245173e+35,0.000000
5,-5,-35,5.6555519e+35,0.000000
5,-4,2,5.6282041e+35,0.000000
3,-3,-46,5.4616149e+35,0.000000
2,-1,-25,5.3533922e+35,0.000000
3,2,-5,5.2150675e+35,0.000000
4,-4,-43,5.1360868e+35,0.000000
2,0,13,5.1051317e+35,0.000000
2,0,-13,5.1051317e+35,0.000000
6,-6,-15,4.9669649e+35,0.000000
6,-5,-13,4.9636661e+35,0.000000
4,0,4,4.9443653e+35,0.000000
4,0,-4,4.9443653e+35,0.000000
4,-3,-35,4.9167409e+35,0.000000
3,0,3,4.7893135e+35,0.000000
3,0,-3,4.7893135e+35,0.000000
5,-4,-30,4.7080864e+35,0.000000
6,-4,-11,4.6747768e+35,0.000000
4,-1,-10,4.6536241e+35,0.000000
3,1,-10,4.6055883e+35,0.000000
3,-3,7,4.5880406e+35,0.000000
2,1,-12,4.5136587e+35,0.000000
3,2,1,4.4581942e+35,0.000000
6,-5,-7,4.4147919e+35,0.000000
5,-5,-36,4.3953859e+35,0.000000
2,-1,15,4.3934806e+35,0.000000
2,2,-15,4.3547274e+35,0.000000
2,-2,15,4.0871503e+35,0.000000
3,2,-6,4.0769064e+35,0.000000
3,-2,-35,4.0203223e+35,0.000000
6,-5,-14,3.9780511e+35,0.000000
5,-3,-13,3.962101e+35,0.000000
6,-6,-16,3.9609879e+35,0.000000
3,-1,13,3.9333945e+35,0.000000
3,-1,-20,3.8396651e+35,0.000000
2,0,14,3.8219122e+35,0.000000
2,0,-14,3.8219122e+35,0.000000
4,-2,-22,3.7862924e+35,0.000000
2,-2,-47,3.6879405e+35,0.000000
6,-4,-12,3.6660268e+35,0.000000
4,-4,-44,3.6534305e+35,0.000000
4,2,0,3.6368991e+35,0.000000
3,-3,-47,3.6362264e+35,0.000000
5,-4,-31,3.5817003e+35,0.000000
4,-3,-36,3.399457e+35,0.000000
5,-5,-37,3.3987859e+35,0.000000
3,3,1,3.3106891e+35,0.000000
6,-5,-15,3.2304444e+35,0.000000
6,-6,-17,3.192988e+35,0.000000
4,-1,-11,3.1831152e+35,0.000000
3,2,-7,3.1770886e+35,0.000000
6,-4,0,3.0913153e+35,0.000000
4,0,5,3.0451235e+35,0.000000
4,0,-5,3.0451235e+35,0.000000
2,-1,-26,2.9506436e+35,0.000000
6,-4,-13,2.8583501e+35,0.000000
2,2,-16,2.8384026e+35,0.000000
3,1,-11,2.7726178e+35,0.000000
5,-2,0,2.7535823e+35,0.000000
6,-6,-3,2.7518003e+35,0.000000
2,0,15,2.743806e+35,0.000000
2,0,-15,2.743806e+35,0.000000
2,1,-13,2.742022e+35,0.000000
5,-4,-32,2.7098802e+35,0.000000
6,-5,-16,2.6600978e+35,0.000000
5,-5,-38,2.6159214e+35,0.000000
6,-6,-18,2.6047352e+35,0.000000
4,-4,-45,2.5962621e+35,0.000000
3,-2,-36,2.5628708e+35,0.000000
2,-1,16,2.5253348e+35,0.000000
3,2,-8,2.4561496e+35,0.000000
6,-4,1,2.4515828e+35,0.000000
4,-2,-23,2.4375622e+35,0.000000
3,-3,-48,2.4160464e+35,0.000000
4,-3,-37,2.3464504e+35,0.000000
3,-1,14,2.3257505e+35,0.000000
2,-2,-48,2.316721e+35,0.000000
6,-5,-2,2.2452749e+35,0.000000
6,-5,-17,2.2197675e+35,0.000000
6,-4,-14,2.2058336e+35,0.000000
6,-6,-19,2.1512103e+35,0.000000
3,-2,3,2.1306694e+35,0.000000
4,-1,-12,2.1187982e+35,0.000000
3,-3,8,2.1148271e+35,0.000000
4,2,-1,2.064467e+35,0.000000
5,-4,-33,2.040007e+35,0.000000
3,0,4,2.0071503e+35,0.000000
3,0,-4,2.0071503e+35,0.000000
5,-5,-39,2.0047396e+35,0.000000
5,-3,-14,1.9698776e+35,0.000000
2,1,3,1.9498658e+35,0.000000
2,0,16,1.9051132e+35,0.000000
2,0,-16,1.9051132e+35,0.000000
3,-1,-21,1.8872439e+35,0.000000
3,2,-9,1.8775743e+35,0.000000
6,-5,-18,1.8742826e+35,0.000000
5,-2,-1,1.8593205e+35,0.000000
4,-4,-46,1.8433233e+35,0.000000
2,2,-17,1.8372462e+35,0.000000
6,-6,-20,1.7987889e+35,0.000000
2,-2,16,1.7906739e+35,0.000000
4,0,6,1.7603616e+35,0.000000
4,0,-6,1.7603616e+35,0.000000
6,-4,-15,1.6784127e+35,0.000000
2,1,-14,1.6488807e+35,0.000000
4,-4,4,1.6436745e+35,0.000000
2,1,2,1.6397421e+35,0.000000
3,1,-12,1.6345618e+35,0.000000
3,-2,-37,1.631578e+35,0.000000
4,-3,-38,1.6171808e+35,0.000000
2,-1,-27,1.6142762e+35,0.000000
3,-3,-49,1.6016379e+35,0.000000
6,-5,-19,1.597925e+35,0.000000
7,-5,-5,1.5882761e+35,0.000000
3,-2,4,1.5524307e+35,0.000000
4,-2,-24,1.5493222e+35,0.000000
5,-5,-40,1.5302842e+35,0.000000
5,-4,-34,1.5286943e+35,0.000000
6,-6,-21,1.5224865e+35,0.000000
7,-5,-4,1.4788369e+35,0.000000
3,-3,4,1.4633106e+35,0.000000
2,-2,-49,1.4594807e+35,0.000000
2,-1,17,1.4463872e+35,0.000000
4,-2,4,1.4462684e+35,0.000000
3,2,-10,1.4164419e+35,0.000000
3,3,0,1.4030402e+35,0.000000
3,3,-2,1.376848e+35,0.000000
6,-5,-20,1.3720922e+35,0.000000
4,-1,-13,1.371711e+35,0.000000
3,-1,15,1.3626519e+35,0.000000
2,1,4,1.3445866e+35,0.000000
3,3,-1,1.3207003e+35,0.000000
4,-4,-47,1.3075871e+35,0.000000
6,-3,-2,1.3047078e+35,0.000000
6,-6,-22,1.3035767e+35,0.000000
3,3,-3,1.2939884e+35,0.000000
2,0,17,1.2877105e+35,0.000000
2,0,-17,1.2877105e+35,0.000000
6,-4,-16,1.2553536e+35,0.000000
6,-6,-2,1.2269308e+35,0.000000
6,-5,-21,1.1834831e+35,0.000000
2,2,-18,1.1823754e+35,0.000000
3,3,-4,1.177226e+35,0.000000
6,-3,-1,1.1703122e+35,0.000000
3,-2,5,1.1691568e+35,0.000000
5,-5,-41,1.1638765e+35,0.000000
4,0,1,1.1601068e+35,0.000000
4,0,-1,1.1601068e+35,0.000000
5,-1,-1,1.1485162e+35,0.000000
5,-4,-35,1.1407417e+35,0.000000
6,-6,-23,1.1278315e+35,0.000000
4,-3,-39,1.11304e+35,0.000000
4,-2,5,1.0928201e+35,0.000000
3,1,2,1.0866338e+35,0.000000
3,3,-5,1.0656236e+35,0.000000
3,-3,-50,1.0590679e+35,0.000000
3,2,-11,1.0534756e+35,0.000000
3,3,2,1.0439546e+35,0.000000
3,-2,-38,1.0371284e+35,0.000000
6,-5,-22,1.0227374e+35,0.000000
3,-3,9,1.0058469e+35,0.000000
7,-5,-6,9.9967985e+34,0.000000
6,-6,-24,9.8433394e+34,0.000000
2,1,-15,9.8183436e+34,0.000000
4,-2,-25,9.7351873e+34,0.000000
4,0,7,9.7181031e+34,0.000000
4,0,-7,9.7181031e+34,0.000000
3,3,-6,9.6271584e+34,0.000000
3,1,-13,9.4419829e+34,0.000000
4,-4,-48,9.2672311e+34,0.000000
2,-2,-50,9.237019e+34,0.000000
6,-4,-17,9.2082487e+34,0.000000
5,-3,-15,9.1557769e+34,0.000000
3,-1,-22,8.9980772e+34,0.000000
3,0,5,8.9783366e+34,0.000000
3,0,-5,8.9783366e+34,0.000000
6,-5,-23,8.8340641e+34,0.000000
5,-5,-42,8.8225653e+34,0.000000
2,-1,-28,8.7590834e+34,0.000000
6,-6,-25,8.6472621e+34,0.000000
3,3,-7,8.6344304e+34,0.000000
4,-1,-14,8.6311021e+34,0.000000
2,0,18,8.5166679e+34,0.000000
2,0,-18,8.5166679e+34,0.000000
5,-4,-36,8.4798323e+34,0.000000
7,-5,-3,8.4781607e+34,0.000000
2,1,5,8.4304659e+34,0.000000
2,-1,18,8.2610919e+34,0.000000
6,-4,2,8.2221781e+34,0.000000
3,-1,16,7.9201884e+34,0.000000
4,2,-2,7.8380006e+34,0.000000
3,-2,6,7.8378409e+34,0.000000
2,-2,17,7.779861e+34,0.000000
3,2,-12,7.7225022e+34,0.000000
4,-3,-40,7.6508819e+34,0.000000
3,3,-8,7.6393275e+34,0.000000
6,-6,-26,7.6272591e+34,0.000000
6,-5,-24,7.6115651e+34,0.000000
2,2,-19,7.5737793e+34,0.000000
3,1,4,7.260932e+34,0.000000
3,-3,-51,6.984177e+34,0.000000
4,2,1,6.7403626e+34,0.000000
6,-6,-27,6.7376842e+34,0.000000
4,-2,6,6.7293247e+34,0.000000
5,-5,-43,6.6674846e+34,0.000000
3,3,-9,6.6362755e+34,0.000000
6,-4,-18,6.6134735e+34,0.000000
7,-5,-8,6.6115838e+34,0.000000
3,-2,-39,6.5811783e+34,0.000000
4,-4,-49,6.5616869e+34,0.000000
6,-5,-25,6.5313803e+34,0.000000
6,-5,-1,6.4067412e+34,0.000000
5,-4,-37,6.2814983e+34,0.000000
3,1,5,6.2468379e+34,0.000000
6,-3,-3,6.0863688e+34,0.000000
4,-2,-26,6.053877e+34,0.000000
6,-6,-28,5.9468932e+34,0.000000
2,-2,-51,5.8866491e+34,0.000000
7,-5,-9,5.8165538e+34,0.000000
2,1,-16,5.7925268e+34,0.000000
6,-6,-1,5.692836e+34,0.000000
3,3,-10,5.6455537e+34,0.000000
3,2,-13,5.5811266e+34,0.000000
6,-5,-26,5.5748671e+34,0.000000
2,0,19,5.5342423e+34,0.000000
2,0,-19,5.5342423e+34,0.000000
3,1,-14,5.3465564e+34,0.000000
4,-2,2,5.3061958e+34,0.000000
4,-1,-15,5.273911e+34,0.000000
4,-3,-41,5.2527611e+34,0.000000
6,-6,-29,5.2341643e+34,0.000000
2,1,6,5.1620918e+34,0.000000
4,0,8,5.1439689e+34,0.000000
4,0,-8,5.1439689e+34,0.000000
5,-5,-44,5.0249161e+34,0.000000
7,-6,-7,4.9664558e+34,0.000000
3,-3,10,4.9177876e+34,0.000000
3,0,6,4.9063548e+34,0.000000
3,0,-6,4.9063548e+34,0.000000
3,1,3,4.9016843e+34,0.000000
7,-6,-6,4.8938428e+34,0.000000
3,-2,7,4.8751511e+34,0.000000
2,2,-20,4.8335306e+34,0.000000
5,-5,4,4.8242519e+34,0.000000
6,-5,-27,4.7294259e+34,0.000000
2,-1,19,4.708844e+34,0.000000
2,-1,-29,4.7080074e+34,0.000000
3,3,-11,4.6990205e+34,0.000000
7,-5,-10,4.6760046e+34,0.000000
6,-4,-19,4.6459903e+34,0.000000
4,-4,-50,4.6411257e+34,0.000000
5,-4,-38,4.6381729e+34,0.000000
3,-3,-52,4.5934282e+34,0.000000
6,-6,-30,4.5867721e+34,0.000000
5,-1,-2,4.5797623e+34,0.000000
3,1,6,4.5752614e+34,0.000000
3,-1,17,4.572138e+34,0.000000
5,-1,-7,4.4496717e+34,0.000000
5,-1,-8,4.2809161e+34,0.000000
5,-3,-16,4.2526132e+34,0.000000
5,-1,-6,4.1838709e+34,0.000000
3,-2,-40,4.1677353e+34,0.000000
3,-1,-23,4.1395334e+34,0.000000
6,-6,-31,3.997389e+34,0.000000
6,-5,-28,3.9857632e+34,0.000000
3,2,-14,3.9793456e+34,0.000000
7,-7,-8,3.9615144e+34,0.000000
4,-2,7,3.9123768e+34,0.000000
3,3,-12,3.8278193e+34,0.000000
5,-1,-9,3.8170882e+34,0.000000
2,-2,-52,3.7878911e+34,0.000000
5,-5,-45,3.777555e+34,0.000000
4,-2,-27,3.7288889e+34,0.000000
7,-5,-11,3.6900568e+34,0.000000
3,0,7,3.6428802e+34,0.000000
3,0,-7,3.6428802e+34,0.000000
4,-3,-42,3.6020427e+34,0.000000
2,0,20,3.5451558e+34,0.000000
2,0,-20,3.5451558e+34,0.000000
6,-6,-32,3.461964e+34,0.000000
5,-1,-5,3.4513828e+34,0.000000
7,-7,-7,3.4200444e+34,0.000000
5,-4,-39,3.4147617e+34,0.000000
2,1,-17,3.388322e+34,0.000000
4,1,-3,3.3687656e+34,0.000000
2,-2,18,3.3447773e+34,0.000000
4,1,0,3.3366822e+34,0.000000
3,0,8,3.336497e+34,0.000000
3,0,-8,3.336497e+34,0.000000
6,-5,-29,3.3360935e+34,0.000000
6,-6,0,3.33454e+34,0.000000
4,-4,-51,3.2787503e+34,0.000000
5,-2,-7,3.2313049e+34,0.000000
4,1,-2,3.2302084e+34,0.000000
3,0,9,3.2221741e+34,0.000000
3,0,-9,3.2221741e+34,0.000000
5,-1,-10,3.2051704e+34,0.000000
6,-4,-20,3.1907362e+34,0.000000
5,-2,-8,3.1534983e+34,0.000000
5,-2,-6,3.1444984e+34,0.000000
2,1,7,3.1413418e+34,0.000000
3,1,7,3.1310659e+34,0.000000
4,-1,-16,3.1261448e+34,0.000000
7,-5,-2,3.1189241e+34,0.000000
7,-6,-5,3.103575e+34,0.000000
7,-6,-10,3.0866941e+34,0.000000
2,2,-21,3.0759766e+34,0.000000
3,3,-13,3.0548844e+34,0.000000
6,-5,0,3.0361682e+34,0.000000
3,0,10,3.0360376e+34,0.000000
3,0,-10,3.0360376e+34,0.000000
3,-3,-53,3.0137055e+34,0.000000
6,-6,-33,2.9781341e+34,0.000000
5,-2,-9,2.9756009e+34,0.000000
3,1,-15,2.9688846e+34,0.000000
4,1,-4,2.943178e+34,0.000000
7,-5,-12,2.9142131e+34,0.000000
3,-2,8,2.8832272e+34,0.000000
4,2,-3,2.8568382e+34,0.000000
5,-5,-46,2.8334721e+34,0.000000
3,2,-15,2.8018251e+34,0.000000
6,-5,-30,2.7730955e+34,0.000000
5,-2,-5,2.7638695e+34,0.000000
3,0,11,2.7323839e+34,0.000000
3,0,-11,2.7323839e+34,0.000000
5,-2,-10,2.7310666e+34,0.000000
7,-5,-7,2.7105646e+34,0.000000
7,-7,-11,2.6900517e+34,0.000000
2,-1,20,2.6806089e+34,0.000000
7,-7,-9,2.6574507e+34,0.000000
7,-6,-11,2.64875e+34,0.000000
3,-2,-41,2.6331723e+34,0.000000
3,-1,18,2.6243786e+34,0.000000
7,-6,-9,2.618881e+34,0.000000
4,0,9,2.6058217e+34,0.000000
4,0,-9,2.6058217e+34,0.000000
5,-1,-11,2.5612351e+34,0.000000
5,-1,-3,2.5538893e+34,0.000000
5,-1,-4,2.552576e+34,0.000000
6,-6,-34,2.5441436e+34,0.000000
5,-3,-21,2.5302715e+34,0.000000
5,-4,-40,2.5073636e+34,0.000000
2,-1,-30,2.5025542e+34,0.000000
7,-7,-12,2.4933765e+34,0.000000
2,-2,-53,2.4684499e+34,0.000000
4,-3,-43,2.4670974e+34,0.000000
3,-3,11,2.4588741e+34,0.000000
5,-3,-20,2.456881e+34,0.000000
5,-2,-11,2.4422314e+34,0.000000
5,-3,-17,2.4345833e+34,0.000000
5,-3,-22,2.4326382e+34,0.000000
4,-3,3,2.4073384e+34,0.000000
4,1,-5,2.3989547e+34,0.000000
3,3,-14,2.392139e+34,0.000000
3,0,12,2.3466083e+34,0.000000
3,0,-12,2.3466083e+34,0.000000
7,-5,-13,2.3223655e+34,0.000000
4,-4,-52,2.3130376e+34,0.000000
6,-5,-31,2.2894193e+34,0.000000
4,-2,-28,2.2764235e+34,0.000000
2,0,21,2.244879e+34,0.000000
2,0,-21,2.244879e+34,0.000000
5,-3,-19,2.2436548e+34,0.000000
4,-2,8,2.2153643e+34,0.000000
5,-3,-23,2.2025132e+34,0.000000
6,-6,-35,2.1581908e+34,0.000000
6,-4,-21,2.1419001e+34,0.000000
5,-2,-12,2.1284137e+34,0.000000
5,-5,-47,2.1210934e+34,0.000000
7,-6,-12,2.1150072e+34,0.000000
5,-3,-18,2.0780524e+34,0.000000
7,-7,-13,2.0743911e+34,0.000000
3,1,8,2.0671991e+34,0.000000
6,-3,0,2.039739e+34,0.000000
7,-7,-6,2.0181605e+34,0.000000
3,1,1,2.0155282e+34,0.000000
7,-6,-8,1.9766306e+34,0.000000
3,-3,-54,1.9737914e+34,0.000000
2,1,-18,1.9665863e+34,0.000000
5,-1,-12,1.9616063e+34,0.000000
2,2,-22,1.9533819e+34,0.000000
3,2,-16,1.9502679e+34,0.000000
3,0,13,1.931759e+34,0.000000
3,0,-13,1.931759e+34,0.000000
2,1,8,1.9080193e+34,0.000000
5,-3,-24,1.8975429e+34,0.000000
6,-5,-32,1.8775544e+34,0.000000
4,1,-6,1.8746647e+34,0.000000
5,-2,-4,1.8743377e+34,0.000000
7,-5,-14,1.8715671e+34,0.000000
5,-4,3,1.8485924e+34,0.000000
3,3,-15,1.8410741e+34,0.000000
5,-4,-41,1.8366395e+34,0.000000
3,-1,-24,1.8232063e+34,0.000000
6,-6,-36,1.8180988e+34,0.000000
5,-2,-13,1.8077707e+34,0.000000
4,-1,-17,1.7951784e+34,0.000000
5,-1,0,1.7595971e+34,0.000000
4,-3,-44,1.6876073e+34,0.000000
3,-2,-42,1.6591345e+34,0.000000
3,-2,9,1.6418641e+34,0.000000
2,-2,-54,1.633853e+34,0.000000
7,-6,-13,1.6329402e+34,0.000000
7,-7,-14,1.6306198e+34,0.000000
4,-4,-53,1.629051e+34,0.000000
3,1,-16,1.6170354e+34,0.000000
5,-2,-2,1.6087404e+34,0.000000
5,-5,-48,1.5850223e+34,0.000000
5,-3,-25,1.5694846e+34,0.000000
7,-4,-3,1.5368668e+34,0.000000
3,0,14,1.532477e+34,0.000000
3,0,-14,1.532477e+34,0.000000
6,-5,-33,1.529902e+34,0.000000
2,-1,21,1.5250346e+34,0.000000
7,-5,-15,1.5233915e+34,0.000000
6,-6,-37,1.5212127e+34,0.000000
3,-1,19,1.4993919e+34,0.000000
5,-2,-14,1.4966161e+34,0.000000
5,-1,-13,1.4471658e+34,0.000000
7,-7,-10,1.4298679e+34,0.000000
2,-2,19,1.4193998e+34,0.000000
4,1,-7,1.4166377e+34,0.000000
2,0,22,1.4083529e+34,0.000000
2,0,-22,1.4083529e+34,0.000000
6,-4,-22,1.4055415e+34,0.000000
3,3,-16,1.3951585e+34,0.000000
4,-2,-29,1.3779307e+34,0.000000
7,-6,-4,1.3769114e+34,0.000000
6,-6,1,1.3569847e+34,0.000000
3,2,-17,1.3436522e+34,0.000000
5,-4,-42,1.3423926e+34,0.000000
3,1,9,1.3340492e+34,0.000000
2,-1,-31,1.3125059e+34,0.000000
4,1,-1,1.3045794e+34,0.000000
3,-3,-55,1.2921509e+34,0.000000
6,-6,-38,1.2644363e+34,0.000000
4,0,10,1.2563318e+34,0.000000
4,0,-10,1.2563318e+34,0.000000
5,-3,-26,1.2551782e+34,0.000000
3,-3,12,1.2516056e+34,0.000000
7,-6,-14,1.2515105e+34,0.000000
7,-7,-15,1.2506802e+34,0.000000
7,-5,-16,1.2486056e+34,0.000000
6,-5,-34,1.2389395e+34,0.000000
2,2,-23,1.2386398e+34,0.000000
4,-2,9,1.2333831e+34,0.000000
5,-2,-15,1.2081756e+34,0.000000
7,-4,-4,1.2056184e+34,0.000000
5,-5,-49,1.1826131e+34,0.000000
3,0,15,1.1773912e+34,0.000000
3,0,-15,1.1773912e+34,0.000000
5,1,-1,1.1655409e+34,0.000000
2,1,9,1.1570819e+34,0.000000
4,-3,-45,1.1528012e+34,0.000000
4,-4,-54,1.1450594e+34,0.000000
6,-3,-5,1.1433426e+34,0.000000
2,1,-19,1.1333542e+34,0.000000
2,-2,-55,1.1009538e+34,0.000000
7,-4,-2,1.0641772e+34,0.000000
4,-1,5,1.0588197e+34,0.000000
6,-5,1,1.0531152e+34,0.000000
6,-6,-39,1.0443444e+34,0.000000
3,3,-17,1.0428029e+34,0.000000
3,-2,-43,1.042171e+34,0.000000
4,1,-8,1.038492e+34,0.000000
5,-1,-14,1.032269e+34,0.000000
7,-5,-17,1.0265447e+34,0.000000
4,-1,6,1.0250489e+34,0.000000
7,-5,-1,1.0153803e+34,0.000000
6,-3,1,1.0082305e+34,0.000000
4,2,-4,1.0063876e+34,0.000000
6,-5,-35,9.9740302e+33,0.000000
4,-1,-18,9.968581e+33,0.000000
5,-2,1,9.8972736e+33,0.000000
5,-4,-43,9.7921239e+33,0.000000
5,-3,-27,9.7606452e+33,0.000000
6,-6,2,9.7079945e+33,0.000000
7,-6,-15,9.6586963e+33,0.000000
7,-7,-16,9.5702474e+33,0.000000
5,-2,-16,9.5169141e+33,0.000000
7,-7,-5,9.4519702e+33,0.000000
3,2,-18,9.1734892e+33,0.000000
3,-2,10,9.0610379e+33,0.000000
6,-4,-23,9.018093e+33,0.000000
4,-1,7,8.9165109e+33,0.000000
4,-1,4,8.8236187e+33,0.000000
5,-5,-50,8.8119678e+33,0.000000
3,0,16,8.7991172e+33,0.000000
3,0,-16,8.7991172e+33,0.000000
2,0,23,8.7699189e+33,0.000000
2,0,-23,8.7699189e+33,0.000000
2,-1,22,8.6755193e+33,0.000000
3,1,-17,8.638762e+33,0.000000
6,-6,-40,8.5732345e+33,0.000000
3,-1,20,8.5348765e+33,0.000000
3,1,10,8.4646451e+33,0.000000
6,-3,-6,8.4524143e+33,0.000000
7,-5,-18,8.4324658e+33,0.000000
2,2,3,8.3460258e+33,0.000000
4,-2,-30,8.2713225e+33,0.000000
4,-4,-55,8.0297435e+33,0.000000
6,-5,-36,7.9844827e+33,0.000000
4,-3,-46,7.8625447e+33,0.000000
2,2,-24,7.8465423e+33,0.000000
3,3,-18,7.7005717e+33,0.000000
3,-1,-25,7.602107e+33,0.000000
7,-6,-16,7.5537664e+33,0.000000
5,-3,-28,7.4133254e+33,0.000000
4,1,-9,7.3948974e+33,0.000000
7,-7,-17,7.3899832e+33,0.000000
5,-2,-17,7.3217904e+33,0.000000
4,-1,8,7.2598866e+33,0.000000
5,-1,-15,7.140357e+33,0.000000
5,-4,-44,7.1302038e+33,0.000000
2,1,10,6.9992015e+33,0.000000
6,-6,-41,6.9971176e+33,0.000000
7,-5,-19,6.8958628e+33,0.000000
6,-5,2,6.8749221e+33,0.000000
4,-2,10,6.7737983e+33,0.000000
2,-1,-32,6.7707535e+33,0.000000
5,-5,-51,6.5585904e+33,0.000000
3,-2,-44,6.5236208e+33,0.000000
2,1,-20,6.4896054e+33,0.000000
3,-3,13,6.4630423e+33,0.000000
3,0,17,6.4212429e+33,0.000000
3,0,-17,6.4212429e+33,0.000000
6,-5,-37,6.3576949e+33,0.000000
3,2,-19,6.2134202e+33,0.000000
7,-6,-17,5.9996414e+33,0.000000
6,-3,-7,5.9588989e+33,0.000000
2,-2,20,5.9270711e+33,0.000000
8,-6,-6,5.8738066e+33,0.000000
7,-7,-18,5.7855391e+33,0.000000
4,0,11,5.7157019e+33,0.000000
4,0,-11,5.7157019e+33,0.000000
6,-6,-42,5.6792194e+33,0.000000
6,-4,-24,5.658415e+33,0.000000
4,-1,9,5.6400699e+33,0.000000
3,3,-19,5.6265526e+33,0.000000
7,-5,-20,5.5972272e+33,0.000000
5,-3,-29,5.5189802e+33,0.000000
5,-2,-18,5.5080914e+33,0.000000
7,-5,0,5.4875008e+33,0.000000
4,3,1,5.4742694e+33,0.000000
4,3,-2,5.4658558e+33,0.000000
2,0,24,5.4287734e+33,0.000000
2,0,-24,5.4287734e+33,0.000000
4,-3,-47,5.3530529e+33,0.000000
4,-1,-19,5.3394593e+33,0.000000
3,1,11,5.2952709e+33,0.000000
6,-6,3,5.2674587e+33,0.000000
4,3,-3,5.222057e+33,0.000000
7,-6,-3,5.2088171e+33,0.000000
5,-4,-45,5.1836242e+33,0.000000
4,1,-10,5.1181582e+33,0.000000
6,-5,-38,5.0367324e+33,0.000000
8,-6,-7,4.9985553e+33,0.000000
2,2,-25,4.9678346e+33,0.000000
2,-1,23,4.9371656e+33,0.000000
4,-2,-31,4.9233663e+33,0.000000
5,-5,-52,4.8767649e+33,0.000000
3,-2,11,4.8622382e+33,0.000000
3,-1,21,4.8442744e+33,0.000000
7,-6,-18,4.8409456e+33,0.000000
5,-1,-16,4.8014725e+33,0.000000
4,3,-4,4.6956935e+33,0.000000
7,-7,-19,4.5979124e+33,0.000000
3,0,18,4.5912187e+33,0.000000
3,0,-18,4.5912187e+33,0.000000
6,-6,-43,4.585377e+33,0.000000
8,-6,-5,4.5393151e+33,0.000000
3,1,-18,4.525163e+33,0.000000
7,-5,-21,4.4989594e+33,0.000000
5,-1,3,4.4503092e+33,0.000000
4,3,-1,4.4501243e+33,0.000000
6,-3,-4,4.364923e+33,0.000000
6,-3,-8,4.3385333e+33,0.000000
7,-7,-4,4.3311916e+33,0.000000
4,-1,10,4.224469e+33,0.000000
2,1,11,4.2178447e+33,0.000000
3,2,-20,4.1795731e+33,0.000000
4,3,-5,4.1637531e+33,0.000000
3,3,-20,4.0733408e+33,0.000000
3,-2,-45,4.068149e+33,0.000000
5,-2,-19,4.0572448e+33,0.000000
5,-3,-30,4.0389585e+33,0.000000
6,-5,-39,3.9711047e+33,0.000000
7,-6,-19,3.9658431e+33,0.000000
5,1,-2,3.9367871e+33,0.000000
4,-1,3,3.8856887e+33,0.000000
7,-4,-5,3.8017628e+33,0.000000
4,2,-5,3.7770073e+33,0.000000
5,-4,-46,3.7630719e+33,0.000000
7,-7,-20,3.7080791e+33,0.000000
2,1,-21,3.6939573e+33,0.000000
4,3,-6,3.6871199e+33,0.000000
6,-6,-44,3.683831e+33,0.000000
4,-2,11,3.6742598e+33,0.000000
4,-3,-48,3.6370498e+33,0.000000
5,-5,-53,3.623292e+33,0.000000
7,-5,-22,3.5754386e+33,0.000000
6,-4,-25,3.4721915e+33,0.000000
4,1,-11,3.4441616e+33,0.000000
2,-1,-33,3.4208877e+33,0.000000
3,-3,14,3.376889e+33,0.000000
2,0,25,3.3447273e+33,0.000000
2,0,-25,3.3447273e+33,0.000000
7,-6,-20,3.2955073e+33,0.000000
3,1,12,3.2703555e+33,0.000000
4,3,-7,3.2675901e+33,0.000000
4,2,-9,3.2631552e+33,0.000000
4,2,-10,3.254311e+33,0.000000
2,2,4,3.2465148e+33,0.000000
3,0,19,3.2259394e+33,0.000000
3,0,-19,3.2259394e+33,0.000000
6,-3,-9,3.2207417e+33,0.000000
7,-4,-1,3.2136645e+33,0.000000
5,-1,-17,3.1455341e+33,0.000000
2,2,-26,3.1445243e+33,0.000000
6,-5,-40,3.1167449e+33,0.000000
4,-1,11,3.0699691e+33,0.000000
7,-7,-21,3.0316418e+33,0.000000
4,2,-11,2.9903416e+33,0.000000
7,-4,-7,2.9829915e+33,0.000000
4,2,-8,2.9641448e+33,0.000000
3,-1,-26,2.9568466e+33,0.000000
6,-6,-45,2.9456618e+33,0.000000
5,-2,-20,2.9304757e+33,0.000000
3,3,-21,2.9253037e+33,0.000000
5,-3,-31,2.9125244e+33,0.000000
4,-2,-32,2.904947e+33,0.000000
4,3,-8,2.8917259e+33,0.000000
2,-1,24,2.8117579e+33,0.000000
7,-5,-23,2.8069985e+33,0.000000
3,2,-21,2.7947939e+33,0.000000
7,-6,-21,2.7744041e+33,0.000000
7,-4,-6,2.7617093e+33,0.000000
4,-1,-20,2.7494811e+33,0.000000
3,-1,22,2.7434994e+33,0.000000
5,-4,-47,2.7282919e+33,0.000000
5,-5,-54,2.6901713e+33,0.000000
8,-6,-10,2.6712267e+33,0.000000
5,-2,-3,2.6644169e+33,0.000000
4,2,-12,2.5737339e+33,0.000000
4,3,-9,2.5459644e+33,0.000000
3,-2,12,2.5408934e+33,0.000000
8,-6,-9,2.5296017e+33,0.000000
2,1,12,2.5291615e+33,0.000000
3,-2,-46,2.5269491e+33,0.000000
7,-7,-22,2.5095863e+33,0.000000
4,2,-7,2.4715587e+33,0.000000
4,-3,-49,2.4652531e+33,0.000000
3,2,2,2.4403383e+33,0.000000
6,-5,-41,2.4357355e+33,0.000000
4,0,12,2.4284528e+33,0.000000
4,0,-12,2.4284528e+33,0.000000
2,-2,21,2.4263205e+33,0.000000
6,-3,-10,2.4252374e+33,0.000000
4,-2,3,2.4189224e+33,0.000000
8,-6,-4,2.3872514e+33,0.000000
7,-6,-22,2.3631338e+33,0.000000
6,-6,-46,2.3450049e+33,0.000000
3,1,-19,2.3221605e+33,0.000000
4,2,-6,2.2938115e+33,0.000000
5,3,1,2.2614862e+33,0.000000
4,1,-12,2.2537863e+33,0.000000
3,0,20,2.2332435e+33,0.000000
3,0,-20,2.2332435e+33,0.000000
7,-5,1,2.2289537e+33,0.000000
7,-4,-8,2.2217789e+33,0.000000
4,3,-10,2.2216302e+33,0.000000
8,-6,-11,2.2126777e+33,0.000000
7,-5,-24,2.176292e+33,0.000000
4,-1,12,2.1738156e+33,0.000000
5,-1,4,2.149715e+33,0.000000
4,2,-13,2.1010893e+33,0.000000
7,-7,-23,2.1006889e+33,0.000000
2,1,-22,2.0909335e+33,0.000000
3,3,-22,2.0862263e+33,0.000000
6,-4,-26,2.0832793e+33,0.000000
5,-2,-21,2.0785898e+33,0.000000
5,-3,-32,2.0735081e+33,0.000000
2,0,26,2.053036e+33,0.000000
2,0,-26,2.053036e+33,0.000000
7,-6,-23,2.0334667e+33,0.000000
5,-1,-18,2.0114675e+33,0.000000
4,-1,2,2.0103469e+33,0.000000
5,-5,-55,1.9961935e+33,0.000000
3,1,13,1.9955069e+33,0.000000
2,2,-27,1.9904594e+33,0.000000
5,-4,-48,1.9757406e+33,0.000000
4,-2,12,1.9693113e+33,0.000000
7,-7,-3,1.9405493e+33,0.000000
4,3,-11,1.9155226e+33,0.000000
6,-5,-42,1.8958635e+33,0.000000
6,-3,-11,1.8700005e+33,0.000000
3,2,-22,1.8592939e+33,0.000000
6,-6,-47,1.85909e+33,0.000000
3,-3,15,1.7819516e+33,0.000000
7,-7,-24,1.7761313e+33,0.000000
7,-6,-24,1.7649439e+33,0.000000
8,-6,-12,1.7433446e+33,0.000000
4,3,0,1.739644e+33,0.000000
5,3,-1,1.7184466e+33,0.000000
7,-6,-2,1.7030872e+33,0.000000
4,-2,-33,1.6979223e+33,0.000000
2,-1,-34,1.6827821e+33,0.000000
7,-5,-25,1.6665365e+33,0.000000
4,-3,-50,1.6663671e+33,0.000000
7,-5,2,1.6587786e+33,0.000000
4,2,-14,1.6422794e+33,0.000000
7,-4,-9,1.6348269e+33,0.000000
4,3,-12,1.628542e+33,0.000000
2,-1,25,1.6028953e+33,0.000000
5,3,-2,1.5759095e+33,0.000000
6,-4,3,1.5735471e+33,0.000000
3,-2,-47,1.5636843e+33,0.000000
3,-1,23,1.5511694e+33,0.000000
7,-6,-25,1.5425709e+33,0.000000
3,0,21,1.5267063e+33,0.000000
3,0,-21,1.5267063e+33,0.000000
7,-7,-25,1.515693e+33,0.000000
2,1,13,1.5076485e+33,0.000000
4,-1,13,1.5046185e+33,0.000000
6,-3,-12,1.5036852e+33,0.000000
5,2,0,1.5001261e+33,0.000000
3,3,-23,1.4788392e+33,0.000000
4,4,2,1.4754182e+33,0.000000
6,-5,-43,1.4700743e+33,0.000000
6,-6,-48,1.4681496e+33,0.000000
5,-3,-33,1.4597656e+33,0.000000
5,-2,-22,1.4499644e+33,0.000000
4,1,-13,1.4342656e+33,0.000000
5,-4,-49,1.4292202e+33,0.000000
2,2,5,1.3949438e+33,0.000000
8,-6,-8,1.3859344e+33,0.000000
4,3,-13,1.3637159e+33,0.000000
4,-1,-21,1.3556528e+33,0.000000
7,-6,-26,1.3552702e+33,0.000000
8,-6,-13,1.3473288e+33,0.000000
7,-7,-26,1.3049787e+33,0.000000
3,-2,13,1.2937149e+33,0.000000
6,-3,-13,1.2814708e+33,0.000000
7,-5,-26,1.2610564e+33,0.000000
2,2,-28,1.260219e+33,0.000000
5,1,-7,1.2590034e+33,0.000000
5,-1,-19,1.2576644e+33,0.000000
2,0,27,1.2564419e+33,0.000000
2,0,-27,1.2564419e+33,0.000000
4,2,-15,1.2379205e+33,0.000000
3,2,-23,1.2315248e+33,0.000000
5,1,-8,1.2279693e+33,0.000000
8,-7,-8,1.2262742e+33,0.000000
6,-6,4,1.224669e+33,0.000000
7,-4,-10,1.2220711e+33,0.000000
6,-4,-27,1.2214351e+33,0.000000
3,1,14,1.203665e+33,0.000000
5,3,-3,1.2026054e+33,0.000000
7,-6,-27,1.1948458e+33,0.000000
2,1,-23,1.1771762e+33,0.000000
3,1,-20,1.165592e+33,0.000000
6,-3,-14,1.1600375e+33,0.000000
6,-6,-49,1.1552355e+33,0.000000
5,1,-6,1.1466911e+33,0.000000
6,-5,-44,1.1358799e+33,0.000000
7,-7,-27,1.1334186e+33,0.000000
6,-2,0,1.1255292e+33,0.000000
4,3,-14,1.1244126e+33,0.000000
4,-3,-51,1.1227681e+33,0.000000
6,-3,-15,1.0994067e+33,0.000000
5,1,-9,1.0977304e+33,0.000000
6,-3,-16,1.0661818e+33,0.000000
3,-1,-27,1.0594007e+33,0.000000
5,1,-3,1.0588819e+33,0.000000
7,-6,-28,1.0552713e+33,0.000000
4,-2,13,1.0432058e+33,0.000000
3,3,-24,1.0427856e+33,0.000000
8,-6,-14,1.0401869e+33,0.000000
6,-3,-17,1.0358654e+33,0.000000
5,-4,-50,1.0328178e+33,0.000000
3,0,22,1.03269e+33,0.000000
3,0,-22,1.03269e+33,0.000000
7,-3,0,1.0316685e+33,0.000000
8,-7,-7,1.0240298e+33,0.000000
4,-1,14,1.0206675e+33,0.000000
5,-3,-34,1.0176382e+33,0.000000
7,-3,-1,1.0106505e+33,0.000000
8,-5,-5,9.9910589e+32,0.000000
5,-2,-23,9.9609546e+32,0.000000
6,-3,-18,9.9351391e+32,0.000000
8,-6,-3,9.9340938e+32,0.000000
7,-7,-28,9.929118e+32,0.000000
4,-2,-34,9.8209806e+32,0.000000
6,-5,3,9.7962254e+32,0.000000
2,-2,22,9.6959822e+32,0.000000
3,-2,-48,9.6458538e+32,0.000000
8,-5,-4,9.5912416e+32,0.000000
4,0,13,9.5752101e+32,0.000000
4,0,-13,9.5752101e+32,0.000000
3,-3,16,9.4841673e+32,0.000000
7,-5,-27,9.4355106e+32,0.000000
6,-3,-19,9.3281739e+32,0.000000
7,-6,-29,9.3217417e+32,0.000000
7,-4,-11,9.2787836e+32,0.000000
5,1,-10,9.1765486e+32,0.000000
2,-1,26,9.148078e+32,0.000000
4,3,-15,9.1311654e+32,0.000000
6,-6,-50,9.0597921e+32,0.000000
4,2,-16,9.0497019e+32,0.000000
4,4,0,8.993628e+32,0.000000
5,1,-5,8.9464844e+32,0.000000
2,1,14,8.9289155e+32,0.000000
4,1,-14,8.8759069e+32,0.000000
5,3,-4,8.8740199e+32,0.000000
8,-7,-9,8.7760166e+32,0.000000
7,-7,-29,8.7699133e+32,0.000000
3,-1,24,8.7592219e+32,0.000000
6,-5,-45,8.7476422e+32,0.000000
6,-3,-20,8.5409995e+32,0.000000
7,-6,-30,8.2243655e+32,0.000000
3,2,-24,8.1265652e+32,0.000000
7,-7,-2,8.1182071e+32,0.000000
8,-6,-15,8.1009451e+32,0.000000
4,4,1,8.0621768e+32,0.000000
2,-1,-35,7.9912415e+32,0.000000
2,2,-29,7.9816464e+32,0.000000
8,-8,-9,7.8854949e+32,0.000000
7,-7,-30,7.8036389e+32,0.000000
5,-1,-20,7.6997312e+32,0.000000
5,-1,5,7.6942166e+32,0.000000
2,0,28,7.6710358e+32,0.000000
2,0,-28,7.6710358e+32,0.000000
8,-7,-11,7.6508567e+32,0.000000
6,-3,-21,7.6187036e+32,0.000000
4,4,-1,7.6127487e+32,0.000000
4,-3,-52,7.5373937e+32,0.000000
4,4,-2,7.5158655e+32,0.000000
5,-4,-51,7.4561149e+32,0.000000
3,3,-25,7.3195108e+32,0.000000
5,3,0,7.3145562e+32,0.000000
4,3,-16,7.3083937e+32,0.000000
5,1,-11,7.2674978e+32,0.000000
7,-6,-31,7.2387494e+32,0.000000
4,4,-3,7.208485e+32,0.000000
3,1,15,7.1813578e+32,0.000000
7,-4,-12,7.1070312e+32,0.000000
8,-8,-10,7.1008206e+32,0.000000
6,-6,-51,7.0832263e+32,0.000000
5,-3,-35,7.0329041e+32,0.000000
6,-4,-28,6.9904455e+32,0.000000
7,-7,-31,6.9867991e+32,0.000000
7,-5,-28,6.9863e+32,0.000000
8,-7,-12,6.9784929e+32,0.000000
3,0,23,6.9233179e+32,0.000000
3,0,-23,6.9233179e+32,0.000000
4,-1,15,6.8013594e+32,0.000000
5,-2,-24,6.7474864e+32,0.000000
6,-5,-46,6.7161286e+32,0.000000
4,4,-4,6.6385944e+32,0.000000
6,-3,-22,6.625006e+32,0.000000
5,1,-4,6.624028e+32,0.000000
2,1,-24,6.5916098e+32,0.000000
5,3,-5,6.4643648e+32,0.000000
4,2,-17,6.4453077e+32,0.000000
3,-2,14,6.416091e+32,0.000000
3,3,3,6.4059232e+32,0.000000
8,-6,-16,6.3926812e+32,0.000000
4,-1,-22,6.378045e+32,0.000000
7,-6,-32,6.3497897e+32,0.000000
5,2,-1,6.3373983e+32,0.000000
7,-7,-32,6.2841723e+32,0.000000
5,1,0,6.201771e+32,0.000000
8,-5,-6,6.1452757e+32,0.000000
4,3,2,6.041442e+32,0.000000
2,2,6,6.014729e+32,0.000000
4,4,-5,5.948518e+32,0.000000
3,-2,-49,5.940565e+32,0.000000
8,-8,-8,5.8813674e+32,0.000000
8,-7,-6,5.8481908e+32,0.000000
4,3,-17,5.7705141e+32,0.000000
3,1,-21,5.7082798e+32,0.000000
8,-5,-3,5.7073934e+32,0.000000
6,-2,-2,5.6880245e+32,0.000000
7,-7,-33,5.6680315e+32,0.000000
8,-7,-13,5.639989e+32,0.000000
6,-3,-23,5.6242211e+32,0.000000
4,-2,-35,5.6131239e+32,0.000000
7,-6,-33,5.5470227e+32,0.000000
6,-6,-52,5.5223979e+32,0.000000
5,1,-12,5.5010559e+32,0.000000
4,-2,14,5.4628028e+32,0.000000
7,-4,-13,5.4460181e+32,0.000000
8,-8,-13,5.3879845e+32,0.000000
5,-4,-52,5.3771994e+32,0.000000
3,2,-25,5.345283e+32,0.000000
4,1,-15,5.340244e+32,0.000000
4,4,-6,5.2577592e+32,0.000000
2,1,15,5.2525072e+32,0.000000
2,-1,27,5.2274364e+32,0.000000
6,-5,-47,5.1418558e+32,0.000000
8,-8,-12,5.1380123e+32,0.000000
7,-5,-29,5.1232011e+32,0.000000
8,-6,-17,5.1193398e+32,0.000000
7,-7,-34,5.1173642e+32,0.000000
3,3,-26,5.1172849e+32,0.000000
7,-6,-1,5.1013353e+32,0.000000
3,-3,17,5.0864955e+32,0.000000
2,2,-30,5.0574431e+32,0.000000
4,-3,-53,5.0392704e+32,0.000000
7,-3,-6,4.9824029e+32,0.000000
3,-1,25,4.9413014e+32,0.000000
7,-4,1,4.9167927e+32,0.000000
4,-1,1,4.8928951e+32,0.000000
5,-3,-36,4.8230897e+32,0.000000
7,-6,-34,4.8230038e+32,0.000000
7,-3,-7,4.7679381e+32,0.000000
6,-2,-4,4.6944318e+32,0.000000
2,0,29,4.6743514e+32,0.000000
2,0,-29,4.6743514e+32,0.000000
6,-3,-24,4.6699405e+32,0.000000
4,4,-7,4.6510288e+32,0.000000
5,3,-6,4.6244432e+32,0.000000
5,-1,-21,4.6210966e+32,0.000000
7,-7,-35,4.6169681e+32,0.000000
3,0,24,4.6069579e+32,0.000000
3,0,-24,4.6069579e+32,0.000000
8,-8,-14,4.5950852e+32,0.000000
5,-2,-25,4.5118691e+32,0.000000
4,3,-18,4.4994288e+32,0.000000
4,2,-18,4.4888138e+32,0.000000
4,-1,16,4.4613958e+32,0.000000
4,-4,6,4.4514601e+32,0.000000
5,0,3,4.4402096e+32,0.000000
5,0,-3,4.4402096e+32,0.000000
7,-3,-8,4.3049193e+32,0.000000
6,-6,-53,4.2946477e+32,0.000000
7,-7,-1,4.292928e+32,0.000000
8,-7,-14,4.2890745e+32,0.000000
3,1,16,4.2409706e+32,0.000000
7,-3,-5,4.2298087e+32,0.000000
7,-6,-35,4.1721042e+32,0.000000
4,4,-8,4.1675548e+32,0.000000
8,-6,-18,4.1595396e+32,0.000000
7,-7,-36,4.1564397e+32,0.000000
7,-4,-14,4.1414473e+32,0.000000
5,1,-13,4.005149e+32,0.000000
8,-7,-10,3.9408304e+32,0.000000
6,-5,-48,3.9264219e+32,0.000000
6,-4,-29,3.8986763e+32,0.000000
6,-2,-5,3.8816002e+32,0.000000
5,-4,-53,3.8736794e+32,0.000000
5,0,4,3.8284093e+32,0.000000
5,0,-4,3.8284093e+32,0.000000
7,-4,0,3.8269911e+32,0.000000
4,4,-9,3.8048427e+32,0.000000
6,-3,-25,3.79998e+32,0.000000
2,-2,23,3.7680188e+32,0.000000
7,-3,-9,3.7616968e+32,0.000000
7,-7,-37,3.7291323e+32,0.000000
7,-5,-30,3.7240165e+32,0.000000
8,-6,-2,3.6854152e+32,0.000000
2,1,-25,3.6702621e+32,0.000000
3,-2,-50,3.6630645e+32,0.000000
2,-1,-36,3.6175954e+32,0.000000
8,-8,-15,3.6016976e+32,0.000000
3,-1,-28,3.5992027e+32,0.000000
4,0,14,3.5943035e+32,0.000000
4,0,-14,3.5943035e+32,0.000000
7,-6,-36,3.5896656e+32,0.000000
3,3,-27,3.5652493e+32,0.000000
4,4,-10,3.5333314e+32,0.000000
3,2,-26,3.5061365e+32,0.000000
4,3,-19,3.4683114e+32,0.000000
8,-6,-19,3.4245984e+32,0.000000
5,-3,3,3.4037373e+32,0.000000
5,0,2,3.3960746e+32,0.000000
5,0,-2,3.3960746e+32,0.000000
7,-6,0,3.3850411e+32,0.000000
4,-3,-54,3.3539646e+32,0.000000
6,-6,-54,3.3323562e+32,0.000000
7,-7,-38,3.3311653e+32,0.000000
8,-5,-8,3.3309398e+32,0.000000
4,4,-11,3.3135335e+32,0.000000
5,-3,-37,3.2848286e+32,0.000000
5,3,-7,3.2201756e+32,0.000000
2,2,-31,3.2061289e+32,0.000000
8,-8,-7,3.1946748e+32,0.000000
7,-3,-10,3.1944666e+32,0.000000
8,-7,-15,3.1862907e+32,0.000000
4,-2,-36,3.1635196e+32,0.000000
4,1,-16,3.1220722e+32,0.000000
4,4,-12,3.109629e+32,0.000000
7,-4,-15,3.1027551e+32,0.000000
3,-2,15,3.096563e+32,0.000000
7,-6,-37,3.0714472e+32,0.000000
2,1,16,3.0693771e+32,0.000000
4,2,-19,3.0663751e+32,0.000000
3,0,25,3.0464831e+32,0.000000
3,0,-25,3.0464831e+32,0.000000
6,-3,-26,3.035992e+32,0.000000
6,-5,-49,2.9912541e+32,0.000000
2,-1,28,2.9908161e+32,0.000000
5,-2,-26,2.9809035e+32,0.000000
7,-7,-39,2.9605465e+32,0.000000
4,4,-13,2.897016e+32,0.000000
4,-1,17,2.8863465e+32,0.000000
5,0,5,2.8777769e+32,0.000000
5,0,-5,2.8777769e+32,0.000000
4,-1,-23,2.8689616e+32,0.000000
8,-6,-20,2.8510311e+32,0.000000
2,0,30,2.8436656e+32,0.000000
2,0,-30,2.8436656e+32,0.000000
4,-2,15,2.8282275e+32,0.000000
7,-3,-3,2.8210564e+32,0.000000
5,1,-14,2.8183677e+32,0.000000
5,-4,-54,2.7871544e+32,0.000000
3,-1,26,2.7851732e+32,0.000000
6,-2,-6,2.780692e+32,0.000000
8,-5,-9,2.76609e+32,0.000000
3,-3,18,2.7470084e+32,0.000000
5,-1,-22,2.7209773e+32,0.000000
3,1,-22,2.7171348e+32,0.000000
8,-8,-16,2.696982e+32,0.000000
7,-5,-31,2.685418e+32,0.000000
4,4,-14,2.6641547e+32,0.000000
2,2,7,2.6470241e+32,0.000000
4,3,-20,2.6457761e+32,0.000000
8,-7,-5,2.6410404e+32,0.000000
7,-3,-11,2.6322545e+32,0.000000
7,-7,-40,2.6164454e+32,0.000000
7,-6,-38,2.613298e+32,0.000000
6,-6,-55,2.5806023e+32,0.000000
3,1,17,2.4811708e+32,0.000000
3,3,-28,2.4764233e+32,0.000000
6,-2,-1,2.4565256e+32,0.000000
5,-1,6,2.4163715e+32,0.000000
4,4,-15,2.4105424e+32,0.000000
7,-7,0,2.4088349e+32,0.000000
8,-6,-21,2.3938023e+32,0.000000
4,-4,7,2.3913935e+32,0.000000
6,-3,-27,2.3858503e+32,0.000000
8,-7,-16,2.3706774e+32,0.000000
7,-7,-41,2.2986279e+32,0.000000
3,2,-27,2.2942646e+32,0.000000
7,-4,-16,2.2756299e+32,0.000000
6,-5,-50,2.2740062e+32,0.000000
3,-2,-51,2.2722986e+32,0.000000
5,-3,-38,2.2231949e+32,0.000000
4,-3,-55,2.2217131e+32,0.000000
7,-6,-39,2.2109949e+32,0.000000
7,-3,1,2.1873081e+32,0.000000
5,3,-8,2.1657447e+32,0.000000
4,4,-16,2.1429351e+32,0.000000
8,-8,-11,2.139797e+32,0.000000
8,-5,-2,2.1356187e+32,0.000000
6,-4,-30,2.1137094e+32,0.000000
8,-5,-10,2.1088386e+32,0.000000
7,-3,-12,2.0985156e+32,0.000000
7,-5,3,2.0738153e+32,0.000000
4,2,-20,2.0597859e+32,0.000000
2,2,-32,2.0335039e+32,0.000000
2,1,-26,2.0312694e+32,0.000000
8,-6,-22,2.0211913e+32,0.000000
7,-7,-42,2.0070472e+32,0.000000
3,0,26,2.0040625e+32,0.000000
3,0,-26,2.0040625e+32,0.000000
5,-4,-55,2.0025719e+32,0.000000
4,3,-21,1.9993686e+32,0.000000
5,0,6,1.996924e+32,0.000000
5,0,-6,1.996924e+32,0.000000
8,-8,-17,1.9954799e+32,0.000000
7,-3,-2,1.97374e+32,0.000000
5,-2,-27,1.9473552e+32,0.000000
6,-2,-3,1.9442786e+32,0.000000
9,-7,-8,1.9242408e+32,0.000000
5,1,-15,1.9242124e+32,0.000000
7,-5,-32,1.922563e+32,0.000000
4,4,-17,1.8714644e+32,0.000000
9,-7,-7,1.863751e+32,0.000000
7,-6,-40,1.8601944e+32,0.000000
6,-3,-28,1.8471963e+32,0.000000
4,-1,18,1.8450124e+32,0.000000
6,-2,-7,1.8441875e+32,0.000000
8,-7,-17,1.7878307e+32,0.000000
2,1,17,1.782497e+32,0.000000
4,1,-17,1.7718493e+32,0.000000
4,-2,-37,1.753191e+32,0.000000
7,-7,-43,1.7415723e+32,0.000000
2,0,31,1.7274777e+32,0.000000
2,0,-31,1.7274777e+32,0.000000
6,-5,-51,1.7254957e+32,0.000000
3,3,-29,1.7155773e+32,0.000000
2,-1,29,1.7132341e+32,0.000000
8,-6,-23,1.7110913e+32,0.000000
7,-4,-17,1.6248179e+32,0.000000
7,-3,-13,1.6138573e+32,0.000000
4,4,-18,1.6065797e+32,0.000000
8,-5,-11,1.5906737e+32,0.000000
4,4,3,1.5753134e+32,0.000000
5,2,-2,1.5749048e+32,0.000000
8,-4,-2,1.5742033e+32,0.000000
5,-1,-23,1.5725168e+32,0.000000
3,-1,27,1.5686154e+32,0.000000
4,1,5,1.5665433e+32,0.000000
7,-6,-41,1.5564571e+32,0.000000
2,-1,-37,1.5308351e+32,0.000000
4,1,6,1.5260345e+32,0.000000
8,-8,-6,1.516403e+32,0.000000
7,-7,-44,1.5018304e+32,0.000000
3,2,-28,1.4981254e+32,0.000000
4,3,-22,1.4980764e+32,0.000000
5,-3,-39,1.496009e+32,0.000000
3,-3,19,1.4931487e+32,0.000000
4,0,15,1.4878849e+32,0.000000
4,0,-15,1.4878849e+32,0.000000
8,-8,-18,1.4876036e+32,0.000000
8,-5,-7,1.476641e+32,0.000000
3,-2,16,1.4521765e+32,0.000000
3,-1,-29,1.4491114e+32,0.000000
8,-6,-24,1.4483479e+32,0.000000
4,-2,16,1.4477502e+32,0.000000
3,1,18,1.4394988e+32,0.000000
3,-2,-52,1.4284263e+32,0.000000
2,-2,24,1.423589e+32,0.000000
6,-3,-29,1.4110427e+32,0.000000
5,3,-9,1.3978356e+32,0.000000
6,-3,2,1.3973198e+32,0.000000
8,-7,-18,1.3727384e+32,0.000000
7,-5,-33,1.3675328e+32,0.000000
4,2,-21,1.3634165e+32,0.000000
4,4,-19,1.3571203e+32,0.000000
4,1,7,1.3397118e+32,0.000000
3,0,27,1.3125636e+32,0.000000
3,0,-27,1.3125636e+32,0.000000
4,-4,8,1.3072865e+32,0.000000
6,-5,-52,1.3071354e+32,0.000000
4,1,4,1.3057581e+32,0.000000
5,1,3,1.3024994e+32,0.000000
5,0,7,1.2991727e+32,0.000000
5,0,-7,1.2991727e+32,0.000000
7,-6,-42,1.2953106e+32,0.000000
2,2,-33,1.290359e+32,0.000000
6,2,0,1.2898207e+32,0.000000
7,-7,-45,1.2871355e+32,0.000000
5,1,-16,1.2786768e+32,0.000000
5,3,2,1.2755082e+32,0.000000
4,-1,-24,1.2626408e+32,0.000000
4,2,2,1.2590157e+32,0.000000
5,-2,-28,1.2586433e+32,0.000000
3,1,-23,1.250033e+32,0.000000
8,-6,-1,1.2486734e+32,0.000000
9,-7,-6,1.2451491e+32,0.000000
8,-6,-25,1.2227788e+32,0.000000
8,-5,-12,1.209235e+32,0.000000
5,2,1,1.1973334e+32,0.000000
7,-3,-14,1.1938916e+32,0.000000
8,-4,-1,1.191382e+32,0.000000
2,2,8,1.1901666e+32,0.000000
3,3,-30,1.1857394e+32,0.000000
4,-1,19,1.1671342e+32,0.000000
3,-1,-32,1.1499111e+32,0.000000
6,-2,-8,1.1485591e+32,0.000000
3,-1,-33,1.1384415e+32,0.000000
8,-7,-4,1.1348488e+32,0.000000
4,4,-20,1.1294197e+32,0.000000
8,-8,-19,1.1270302e+32,0.000000
7,-4,-18,1.1239697e+32,0.000000
4,-3,6,1.1216463e+32,0.000000
2,1,-27,1.1166117e+32,0.000000
9,-7,-9,1.1149607e+32,0.000000
5,-1,10,1.1138984e+32,0.000000
4,3,-23,1.1138737e+32,0.000000
6,-4,-31,1.1102823e+32,0.000000
4,1,8,1.1035194e+32,0.000000
7,-7,-46,1.0964814e+32,0.000000
5,-1,11,1.0964292e+32,0.000000
3,-1,-31,1.075435e+32,0.000000
8,-7,-19,1.0740068e+32,0.000000
7,-6,-43,1.0723301e+32,0.000000
6,-3,-30,1.064836e+32,0.000000
2,0,32,1.0480236e+32,0.000000
2,0,-32,1.0480236e+32,0.000000
3,-1,-34,1.0455814e+32,0.000000
9,-7,-11,1.0359032e+32,0.000000
2,1,18,1.0294028e+32,0.000000
8,-6,-26,1.0276462e+32,0.000000
3,-1,-30,1.0273948e+32,0.000000
5,-1,9,1.0031314e+32,0.000000
5,-3,-40,1.0012157e+32,0.000000
6,-5,-53,9.8880312e+31,0.000000
2,-1,30,9.8250561e+31,0.000000
5,-1,12,9.806666e+31,0.000000
7,-7,1,9.7667898e+31,0.000000
3,2,-29,9.7645089e+31,0.000000
4,-3,7,9.7588601e+31,0.000000
4,1,-18,9.7453659e+31,0.000000
7,-5,-34,9.6713071e+31,0.000000
5,-1,7,9.5689959e+31,0.000000
4,-2,-38,9.5176189e+31,0.000000
8,-5,-13,9.3293593e+31,0.000000
7,-7,-47,9.2857488e+31,0.000000
4,4,-21,9.2716517e+31,0.000000
3,-2,-53,9.1907357e+31,0.000000
4,0,16,9.108645e+31,0.000000
4,0,-16,9.108645e+31,0.000000
9,-7,-12,9.0581561e+31,0.000000
3,-1,-35,9.0515184e+31,0.000000
5,-1,-24,8.9194347e+31,0.000000
4,2,-22,8.908217e+31,0.000000
7,-6,-44,8.8321912e+31,0.000000
3,-1,28,8.8269285e+31,0.000000
8,-8,-20,8.6996568e+31,0.000000
4,1,9,8.6910343e+31,0.000000
5,3,-10,8.6078507e+31,0.000000
8,-6,-27,8.584704e+31,0.000000
3,0,28,8.565043e+31,0.000000
3,0,-28,8.565043e+31,0.000000
8,-7,-20,8.5558021e+31,0.000000
7,-3,-15,8.4723188e+31,0.000000
7,-6,2,8.4136192e+31,0.000000
5,-5,5,8.3518899e+31,0.000000
5,-1,8,8.3271825e+31,0.000000
5,1,-17,8.2922482e+31,0.000000
3,1,19,8.2907452e+31,0.000000
5,-3,5,8.2635364e+31,0.000000
4,0,17,8.2307277e+31,0.000000
4,0,-17,8.2307277e+31,0.000000
4,3,-24,8.2247324e+31,0.000000
4,0,18,8.2020092e+31,0.000000
4,0,-18,8.2020092e+31,0.000000
2,2,-34,8.1912724e+31,0.000000
5,2,-8,8.1787546e+31,0.000000
3,3,-31,8.1787143e+31,0.000000
5,2,-9,8.1786135e+31,0.000000
3,-3,20,8.165345e+31,0.000000
5,-1,13,8.157992e+31,0.000000
8,-6,0,8.0627721e+31,0.000000
5,-2,-29,8.0519525e+31,0.000000
4,-3,5,8.0379865e+31,0.000000
8,-4,-3,8.0006348e+31,0.000000
5,0,8,7.9525553e+31,0.000000
5,0,-8,7.9525553e+31,0.000000
6,-3,-31,7.9475474e+31,0.000000
7,-7,-48,7.8189322e+31,0.000000
4,0,19,7.8129113e+31,0.000000
4,0,-19,7.8129113e+31,0.000000
5,2,-10,7.811648e+31,0.000000
5,2,-7,7.7708592e+31,0.000000
7,-6,1,7.6995955e+31,0.000000
4,4,-22,7.5171216e+31,0.000000
7,-4,-19,7.5021816e+31,0.000000
3,-1,-36,7.4882281e+31,0.000000
6,-5,-54,7.4709543e+31,0.000000
4,-2,17,7.3267257e+31,0.000000
4,-1,20,7.3169973e+31,0.000000
8,-5,-14,7.3138878e+31,0.000000
8,-8,-5,7.2709168e+31,0.000000
4,-3,8,7.2582102e+31,0.000000
7,-6,-45,7.2388136e+31,0.000000
6,-1,-7,7.2207583e+31,0.000000
9,-7,-13,7.2137238e+31,0.000000
5,2,-11,7.1563937e+31,0.000000
8,-6,-28,7.1213995e+31,0.000000
6,-1,-6,7.0211791e+31,0.000000
4,-4,9,6.9914498e+31,0.000000
6,-1,-8,6.9862067e+31,0.000000
5,2,-6,6.9670913e+31,0.000000
7,-7,2,6.956138e+31,0.000000
4,0,20,6.9513038e+31,0.000000
4,0,-20,6.9513038e+31,0.000000
8,-7,-21,6.9310629e+31,0.000000
8,-8,-21,6.8400986e+31,0.000000
5,1,4,6.8316025e+31,0.000000
6,2,-3,6.8076646e+31,0.000000
7,-5,-35,6.8046793e+31,0.000000
6,-2,-9,6.8045552e+31,0.000000
5,-3,-41,6.6654032e+31,0.000000
4,1,10,6.6105182e+31,0.000000
3,-2,17,6.6054078e+31,0.000000
7,-7,-49,6.5475253e+31,0.000000
6,-1,-9,6.4426757e+31,0.000000
5,-1,14,6.4178251e+31,0.000000
3,2,-30,6.3538157e+31,0.000000
2,0,33,6.3499633e+31,0.000000
2,0,-33,6.3499633e+31,0.000000
5,2,-12,6.3111822e+31,0.000000
9,-7,-10,6.2908612e+31,0.000000
9,-7,-5,6.2823538e+31,0.000000
6,-1,-5,6.2284699e+31,0.000000
6,2,-2,6.210099e+31,0.000000
3,-2,-54,6.123641e+31,0.000000
2,1,-28,6.0907684e+31,0.000000
4,3,-25,6.035034e+31,0.000000
4,4,-23,6.0260578e+31,0.000000
4,1,3,5.9879431e+31,0.000000
3,-1,-37,5.9801686e+31,0.000000
2,1,19,5.9165959e+31,0.000000
7,-6,-46,5.9047773e+31,0.000000
6,-1,-1,5.9014824e+31,0.000000
4,-1,-25,5.895949e+31,0.000000
5,2,-5,5.8735923e+31,0.000000
6,-3,-32,5.872527e+31,0.000000
2,-1,-38,5.8643422e+31,0.000000
8,-6,-29,5.8629097e+31,0.000000
4,0,21,5.8225642e+31,0.000000
4,0,-21,5.8225642e+31,0.000000
8,-5,-15,5.8163463e+31,0.000000
4,2,-23,5.7533165e+31,0.000000
7,-3,-16,5.7504732e+31,0.000000
5,2,-3,5.7190146e+31,0.000000
8,-7,-22,5.7019367e+31,0.000000
6,-1,-10,5.6984206e+31,0.000000
6,2,-4,5.6676877e+31,0.000000
2,-1,31,5.6402224e+31,0.000000
6,-5,-55,5.6390834e+31,0.000000
3,3,-32,5.6312318e+31,0.000000
6,-4,-32,5.6259425e+31,0.000000
3,0,29,5.571672e+31,0.000000
3,0,-29,5.571672e+31,0.000000
3,1,-24,5.513053e+31,0.000000
9,-7,-14,5.4987807e+31,0.000000
8,-8,-22,5.4711571e+31,0.000000
7,-7,-50,5.4537636e+31,0.000000
9,-6,-6,5.448785e+31,0.000000
2,2,9,5.444366e+31,0.000000
7,-4,2,5.4040646e+31,0.000000
5,2,-13,5.3757482e+31,0.000000
2,-2,25,5.2945848e+31,0.000000
5,1,-18,5.2595415e+31,0.000000
6,0,2,5.2144297e+31,0.000000
6,0,-2,5.2144297e+31,0.000000
2,2,-35,5.2015047e+31,0.000000
4,1,-19,5.1816887e+31,0.000000
7,-3,-4,5.1398015e+31,0.000000
5,-2,-30,5.0997466e+31,0.000000
4,-2,-39,5.0356093e+31,0.000000
4,-3,9,5.0316326e+31,0.000000
5,3,-11,5.0259227e+31,0.000000
6,0,6,4.9754467e+31,0.000000
6,0,-6,4.9754467e+31,0.000000
5,-1,-25,4.9624846e+31,0.000000
3,-1,29,4.9621383e+31,0.000000
5,2,-4,4.8951142e+31,0.000000
4,1,11,4.8842631e+31,0.000000
6,-1,-11,4.8504437e+31,0.000000
5,-1,15,4.8309094e+31,0.000000
7,-4,-20,4.8184437e+31,0.000000
7,-6,-47,4.7946715e+31,0.000000
8,-6,-30,4.7891516e+31,0.000000
4,4,-24,4.7814067e+31,0.000000
7,-5,-36,4.7662265e+31,0.000000
8,-7,-23,4.7567473e+31,0.000000
4,2,4,4.7525004e+31,0.000000
7,-7,3,4.7493233e+31,0.000000
3,1,20,4.7454245e+31,0.000000
6,0,7,4.6984921e+31,0.000000
6,0,-7,4.6984921e+31,0.000000
8,-5,-16,4.6762373e+31,0.000000
6,-1,-4,4.6595671e+31,0.000000
4,0,22,4.6460306e+31,0.000000
4,0,-22,4.6460306e+31,0.000000
3,-1,-38,4.643376e+31,0.000000
8,-5,-1,4.6237491e+31,0.000000
5,0,9,4.5770734e+31,0.000000
5,0,-9,4.5770734e+31,0.000000
9,-6,-7,4.5565821e+31,0.000000
4,-1,21,4.5517156e+31,0.000000
7,-7,-51,4.5195927e+31,0.000000
8,-7,-3,4.493865e+31,0.000000
3,-3,21,4.4908535e+31,0.000000
4,2,5,4.4543417e+31,0.000000
8,-8,-23,4.4463552e+31,0.000000
5,2,-14,4.4364662e+31,0.000000
5,-3,-42,4.4138066e+31,0.000000
4,3,-26,4.40318e+31,0.000000
6,0,5,4.365388e+31,0.000000
6,0,-5,4.365388e+31,0.000000
6,-3,-33,4.2997294e+31,0.000000
9,-6,-5,4.2878772e+31,0.000000
3,-2,-55,4.2705294e+31,0.000000
6,2,-5,4.2070208e+31,0.000000
3,2,-31,4.1282271e+31,0.000000
9,-7,-15,4.1266671e+31,0.000000
8,-7,-24,4.0182023e+31,0.000000
6,-1,-12,3.98192e+31,0.000000
6,-2,-10,3.9640407e+31,0.000000
6,0,8,3.9578766e+31,0.000000
6,0,-8,3.9578766e+31,0.000000
8,-6,-31,3.8814622e+31,0.000000
7,-6,-48,3.8763116e+31,0.000000
3,3,-33,3.8710978e+31,0.000000
2,0,34,3.8424401e+31,0.000000
2,0,-34,3.8424401e+31,0.000000
8,-5,-17,3.7850064e+31,0.000000
4,4,-25,3.7586282e+31,0.000000
7,-7,-52,3.7272104e+31,0.000000
7,-3,-17,3.7211498e+31,0.000000
4,-4,10,3.6779646e+31,0.000000
4,2,-24,3.6770806e+31,0.000000
8,-8,-24,3.6673886e+31,0.000000
4,-2,18,3.6644406e+31,0.000000
3,0,30,3.6148081e+31,0.000000
3,0,-30,3.6148081e+31,0.000000
4,0,23,3.5675923e+31,0.000000
4,0,-23,3.5675923e+31,0.000000
5,2,-15,3.5578251e+31,0.000000
3,-1,-39,3.5231575e+31,0.000000
4,1,12,3.5184883e+31,0.000000
5,-1,16,3.5092698e+31,0.000000
6,-6,5,3.476525e+31,0.000000
8,-8,-4,3.4592144e+31,0.000000
8,-7,-25,3.4321286e+31,0.000000
4,-1,-26,3.4163192e+31,0.000000
2,1,20,3.3874644e+31,0.000000
4,-3,10,3.3590309e+31,0.000000
7,-5,-37,3.3253852e+31,0.000000
2,2,-36,3.3036513e+31,0.000000
2,1,-29,3.2922491e+31,0.000000
5,1,-19,3.2686745e+31,0.000000
2,-1,32,3.2407356e+31,0.000000
5,-2,-31,3.1979994e+31,0.000000
4,3,-27,3.1960266e+31,0.000000
6,-1,-13,3.1578212e+31,0.000000
6,-3,-34,3.1219105e+31,0.000000
8,-6,-32,3.1216955e+31,0.000000
7,-6,-49,3.1208378e+31,0.000000
9,-7,-16,3.1047451e+31,0.000000
6,0,9,3.07552e+31,0.000000
6,0,-9,3.07552e+31,0.000000
8,-5,-18,3.070647e+31,0.000000
8,-8,-25,3.066389e+31,0.000000
7,-7,-53,3.0595009e+31,0.000000
4,2,6,3.047602e+31,0.000000
7,-4,-21,2.9783616e+31,0.000000
8,-7,-26,2.9602232e+31,0.000000
4,4,-26,2.9297027e+31,0.000000
3,-2,18,2.9103442e+31,0.000000
5,-3,-43,2.9065103e+31,0.000000
6,2,-6,2.884536e+31,0.000000
9,-7,-4,2.870681e+31,0.000000
9,-8,-9,2.8462702e+31,0.000000
4,-1,22,2.812592e+31,0.000000
5,4,-3,2.8107579e+31,0.000000
3,-1,30,2.7861028e+31,0.000000
5,2,-16,2.780206e+31,0.000000
5,3,-12,2.7610921e+31,0.000000
6,-4,-33,2.7360406e+31,0.000000
5,-4,4,2.7334284e+31,0.000000
8,-4,1,2.7220853e+31,0.000000
5,-1,-26,2.7048876e+31,0.000000
3,1,21,2.7021507e+31,0.000000
5,4,-4,2.6958316e+31,0.000000
3,2,-32,2.6784264e+31,0.000000
5,4,-2,2.670444e+31,0.000000
4,-1,-27,2.6676825e+31,0.000000
3,3,-34,2.6573717e+31,0.000000
5,-1,2,2.65734e+31,0.000000
4,0,24,2.657235e+31,0.000000
4,0,-24,2.657235e+31,0.000000
4,1,-20,2.6541452e+31,0.000000
9,-8,-10,2.6508968e+31,0.000000
5,1,5,2.6234559e+31,0.000000
3,-1,-40,2.6214579e+31,0.000000
6,0,4,2.6090964e+31,0.000000
6,0,-4,2.6090964e+31,0.000000
8,-4,-8,2.6002754e+31,0.000000
8,-8,-26,2.5951852e+31,0.000000
4,-2,-40,2.5791327e+31,0.000000
8,-7,-27,2.5751725e+31,0.000000
8,-4,-9,2.5713949e+31,0.000000
8,-6,1,2.547138e+31,0.000000
5,-3,6,2.5245653e+31,0.000000
2,2,10,2.5207047e+31,0.000000
5,4,-5,2.5126472e+31,0.000000
7,-6,-50,2.5026922e+31,0.000000
7,-7,-54,2.5003585e+31,0.000000
8,-6,-33,2.4920672e+31,0.000000
4,-1,-28,2.4905557e+31,0.000000
8,-5,-19,2.4861031e+31,0.000000
3,-3,22,2.4833435e+31,0.000000
4,1,13,2.4774777e+31,0.000000
5,-1,17,2.476041e+31,0.000000
5,0,10,2.4756858e+31,0.000000
5,0,-10,2.4756858e+31,0.000000
6,-2,-11,2.4505389e+31,0.000000
8,-6,2,2.4350582e+31,0.000000
6,-1,-14,2.4224037e+31,0.000000
8,-4,-10,2.4130556e+31,0.000000
4,-1,-29,2.4100384e+31,0.000000
6,-1,-3,2.409397e+31,0.000000
9,-7,-17,2.3628656e+31,0.000000
3,0,31,2.339815e+31,0.000000
3,0,-31,2.339815e+31,0.000000
9,-6,-4,2.3358923e+31,0.000000
7,-6,3,2.3318037e+31,0.000000
8,-4,-7,2.3295001e+31,0.000000
4,2,-25,2.3277457e+31,0.000000
2,0,35,2.3219894e+31,0.000000
2,0,-35,2.3219894e+31,0.000000
5,4,-6,2.3145014e+31,0.000000
7,-5,-38,2.312346e+31,0.000000
4,3,-28,2.3089534e+31,0.000000
3,1,-25,2.3040311e+31,0.000000
7,-3,-18,2.2878892e+31,0.000000
4,-1,-30,2.2721079e+31,0.000000
4,4,-27,2.2660486e+31,0.000000
8,-7,-28,2.2572499e+31,0.000000
6,-3,-35,2.2493912e+31,0.000000
6,0,10,2.2429981e+31,0.000000
6,0,-10,2.2429981e+31,0.000000
8,-8,-27,2.2191679e+31,0.000000
8,-4,-11,2.2172836e+31,0.000000
4,-3,11,2.1912146e+31,0.000000
8,-4,-4,2.1700691e+31,0.000000
5,4,1,2.1648181e+31,0.000000
5,4,-7,2.1227168e+31,0.000000
5,2,-17,2.1223562e+31,0.000000
2,2,-37,2.0984024e+31,0.000000
9,-8,-8,2.062653e+31,0.000000
4,-1,-31,2.0575682e+31,0.000000
9,-6,-10,2.0452395e+31,0.000000
7,-7,-55,2.034906e+31,0.000000
2,-2,26,2.0329212e+31,0.000000
8,-4,-12,2.0250716e+31,0.000000
8,-5,-20,2.0009526e+31,0.000000
7,-6,-51,1.9994995e+31,0.000000
5,1,-20,1.9932235e+31,0.000000
9,-6,-9,1.9926804e+31,0.000000
8,-7,-29,1.9919327e+31,0.000000
5,-2,-32,1.9853909e+31,0.000000
8,-6,-34,1.9753721e+31,0.000000
5,4,-8,1.9482055e+31,0.000000
5,4,-1,1.9369304e+31,0.000000
2,1,21,1.9336738e+31,0.000000
4,0,25,1.931417e+31,0.000000
4,0,-25,1.931417e+31,0.000000
2,-1,-39,1.9283915e+31,0.000000
3,-1,-41,1.9174421e+31,0.000000
4,-4,11,1.9157571e+31,0.000000
8,-8,-28,1.9136343e+31,0.000000
5,-3,-44,1.9022638e+31,0.000000
4,2,7,1.8967601e+31,0.000000
2,-1,33,1.8634511e+31,0.000000
8,-4,-13,1.8468346e+31,0.000000
6,-5,4,1.8451851e+31,0.000000
6,2,-7,1.8372098e+31,0.000000
9,-7,-18,1.8257362e+31,0.000000
3,3,-35,1.8218766e+31,0.000000
9,-8,-13,1.8124408e+31,0.000000
4,-2,19,1.8099805e+31,0.000000
6,-1,-15,1.7996561e+31,0.000000
5,4,-9,1.7950815e+31,0.000000
4,-1,-32,1.7929171e+31,0.000000
6,-2,-12,1.7874196e+31,0.000000
7,-4,-22,1.7843728e+31,0.000000
8,-7,-30,1.7682698e+31,0.000000
2,1,-30,1.7602861e+31,0.000000
4,4,-28,1.7404556e+31,0.000000
6,2,-1,1.7357713e+31,0.000000
3,2,-33,1.735424e+31,0.000000
4,-1,23,1.727863e+31,0.000000
9,-8,-12,1.7139668e+31,0.000000
4,1,14,1.7084892e+31,0.000000
5,-1,18,1.7054653e+31,0.000000
8,-4,-14,1.6789318e+31,0.000000
5,4,-10,1.6622775e+31,0.000000
8,-8,-29,1.6612699e+31,0.000000
4,3,-29,1.6609738e+31,0.000000
5,4,0,1.6604251e+31,0.000000
9,-9,-11,1.6588523e+31,0.000000
8,-4,0,1.6366877e+31,0.000000
6,-2,-15,1.6355439e+31,0.000000
6,-2,-16,1.6264649e+31,0.000000
9,-6,-11,1.6236563e+31,0.000000
5,4,2,1.6164229e+31,0.000000
6,-3,-36,1.6093311e+31,0.000000
7,-5,-39,1.6033873e+31,0.000000
6,-2,-14,1.5970323e+31,0.000000
8,-5,-21,1.5955514e+31,0.000000
6,-2,-13,1.5927219e+31,0.000000
7,-6,-52,1.5918776e+31,0.000000
6,4,1,1.589912e+31,0.000000
5,2,-18,1.5863993e+31,0.000000
8,-5,0,1.5846455e+31,0.000000
8,-7,-31,1.5777997e+31,0.000000
3,-1,31,1.5619528e+31,0.000000
8,-6,-35,1.5553259e+31,0.000000
6,0,11,1.5499714e+31,0.000000
6,0,-11,1.5499714e+31,0.000000
9,-9,-10,1.5471031e+31,0.000000
5,4,-11,1.5453279e+31,0.000000
6,-2,-17,1.5451364e+31,0.000000
3,1,22,1.532189e+31,0.000000
8,-4,-15,1.5141569e+31,0.000000
6,-2,1,1.5123777e+31,0.000000
4,-1,-33,1.5116156e+31,0.000000
3,0,32,1.5114295e+31,0.000000
3,0,-32,1.5114295e+31,0.000000
9,-8,-14,1.5108167e+31,0.000000
8,-8,-3,1.4824421e+31,0.000000
6,3,-1,1.4769692e+31,0.000000
4,2,-26,1.4605447e+31,0.000000
8,-8,-30,1.4501554e+31,0.000000
5,-1,-27,1.4414824e+31,0.000000
5,4,-12,1.4383351e+31,0.000000
7,-7,4,1.4344545e+31,0.000000
9,-7,-19,1.433752e+31,0.000000
8,-7,-32,1.4138579e+31,0.000000
5,3,-13,1.4128016e+31,0.000000
4,-3,12,1.4071244e+31,0.000000
2,0,36,1.4012362e+31,0.000000
2,0,-36,1.4012362e+31,0.000000
6,-2,-18,1.4000773e+31,0.000000
9,-5,-3,1.38807e+31,0.000000
3,-1,-42,1.3809177e+31,0.000000
3,-3,23,1.3803127e+31,0.000000
4,0,26,1.3763563e+31,0.000000
4,0,-26,1.3763563e+31,0.000000
9,-6,-8,1.3515768e+31,0.000000
8,-4,-16,1.3472179e+31,0.000000
5,4,-13,1.3357152e+31,0.000000
2,2,-38,1.332747e+31,0.000000
7,-3,-19,1.3324173e+31,0.000000
4,4,-29,1.3282224e+31,0.000000
4,1,1,1.3189967e+31,0.000000
8,-7,-2,1.3155479e+31,0.000000
4,1,-21,1.3039406e+31,0.000000
6,-1,-16,1.2962922e+31,0.000000
8,-8,-31,1.2721162e+31,0.000000
6,-4,-34,1.2715871e+31,0.000000
8,-7,-33,1.27114e+31,0.000000
5,0,11,1.2682621e+31,0.000000
5,0,-11,1.2682621e+31,0.000000
4,-2,-41,1.2679579e+31,0.000000
9,-5,-4,1.2675197e+31,0.000000
7,-6,-53,1.2632017e+31,0.000000
8,-5,-22,1.2569447e+31,0.000000
3,3,-36,1.2476179e+31,0.000000
8,-4,-6,1.246021e+31,0.000000
3,-2,19,1.2440937e+31,0.000000
4,-1,-34,1.2400512e+31,0.000000
9,-7,-3,1.2384718e+31,0.000000
5,-3,-45,1.2363571e+31,0.000000
5,4,-14,1.2333739e+31,0.000000
9,-6,-12,1.2297331e+31,0.000000
5,-2,-33,1.2198913e+31,0.000000
8,-6,-36,1.2168846e+31,0.000000
6,-2,-19,1.2143051e+31,0.000000
5,0,1,1.2034821e+31,0.000000
5,0,-1,1.2034821e+31,0.000000
6,-1,-2,1.1950195e+31,0.000000
5,1,-21,1.1938253e+31,0.000000
4,3,-30,1.1901903e+31,0.000000
9,-9,-14,1.18539e+31,0.000000
8,-4,-17,1.1767403e+31,0.000000
2,2,11,1.1753059e+31,0.000000
4,-4,5,1.1716153e+31,0.000000
5,2,-19,1.1634785e+31,0.000000
4,1,15,1.1558488e+31,0.000000
5,-1,19,1.1513886e+31,0.000000
9,-8,-15,1.1492334e+31,0.000000
8,-7,-34,1.1454226e+31,0.000000
9,-7,-20,1.1440568e+31,0.000000
6,-3,-37,1.1439462e+31,0.000000
4,2,8,1.1342376e+31,0.000000
4,1,2,1.1318805e+31,0.000000
5,4,-15,1.129193e+31,0.000000
3,2,-34,1.1229077e+31,0.000000
8,-8,-32,1.1214106e+31,0.000000
7,-5,-40,1.1092202e+31,0.000000
2,1,22,1.1014519e+31,0.000000
6,3,-2,1.0999969e+31,0.000000
9,-8,-7,1.0960216e+31,0.000000
6,2,-8,1.0842603e+31,0.000000
2,-1,34,1.0721716e+31,0.000000
7,-4,-23,1.0600555e+31,0.000000
9,-9,-15,1.0597755e+31,0.000000
4,-1,24,1.0560654e+31,0.000000
6,4,-2,1.0450409e+31,0.000000
8,-7,-35,1.0333723e+31,0.000000
5,4,-16,1.0229338e+31,0.000000
6,0,12,1.0202543e+31,0.000000
6,0,-12,1.0202543e+31,0.000000
9,-9,-9,1.0179835e+31,0.000000
6,-2,-20,1.0129632e+31,0.000000
4,4,-30,1.0077023e+31,0.000000
8,-4,-18,1.0051263e+31,0.000000
9,-6,-3,1.0019918e+31,0.000000
7,-6,-54,9.9934155e+30,0.000000
6,4,-3,9.9601216e+30,0.000000
4,-1,-35,9.9461043e+30,0.000000
8,-8,-33,9.9376591e+30,0.000000
4,-4,12,9.9236758e+30,0.000000
3,-1,-43,9.8017365e+30,0.000000
8,-5,-23,9.7604852e+30,0.000000
3,0,33,9.7450082e+30,0.000000
3,0,-33,9.7450082e+30,0.000000
4,0,27,9.6506186e+30,0.000000
4,0,-27,9.6506186e+30,0.000000
8,-5,1,9.4901905e+30,0.000000
8,-6,-37,9.464728e+30,0.000000
8,-7,-36,9.3240218e+30,0.000000
5,1,6,9.3217978e+30,0.000000
2,1,-31,9.2876624e+30,0.000000
9,-7,-21,9.2681552e+30,0.000000
6,1,-1,9.1846875e+30,0.000000
9,-6,-13,9.1798688e+30,0.000000
5,4,-17,9.1577519e+30,0.000000
9,-9,-12,9.1251117e+30,0.000000
4,2,-27,9.0877829e+30,0.000000
6,-1,-17,9.0623924e+30,0.000000
6,3,1,9.0308937e+30,0.000000
3,1,-26,8.9860709e+30,0.000000
2,-2,27,8.9790026e+30,0.000000
4,-3,13,8.9326657e+30,0.000000
8,-8,-34,8.8574001e+30,0.000000
4,-2,20,8.8183137e+30,0.000000
6,4,-4,8.7848554e+30,0.000000
9,-8,-11,8.7510003e+30,0.000000
3,-1,32,8.7403659e+30,0.000000
3,1,23,8.6585579e+30,0.000000
6,4,-1,8.5348238e+30,0.000000
3,3,-37,8.5344234e+30,0.000000
4,3,-31,8.4981178e+30,0.000000
9,-5,-2,8.4799294e+30,0.000000
2,2,-39,8.4625722e+30,0.000000
2,0,37,8.4441569e+30,0.000000
2,0,-37,8.4441569e+30,0.000000
9,-9,-16,8.4245419e+30,0.000000
8,-7,-37,8.4054957e+30,0.000000
5,2,-20,8.3877956e+30,0.000000
8,-4,-19,8.3730061e+30,0.000000
9,-8,-16,8.3387905e+30,0.000000
9,-9,-13,8.2763413e+30,0.000000
6,-2,-21,8.1666968e+30,0.000000
6,0,3,8.1340942e+30,0.000000
6,0,-3,8.1340942e+30,0.000000
5,4,-18,8.0971953e+30,0.000000
6,-3,-38,8.0828844e+30,0.000000
5,-3,-46,7.9701712e+30,0.000000
8,-8,-35,7.9434938e+30,0.000000
7,-6,-55,7.8838916e+30,0.000000
4,-1,-36,7.8306015e+30,0.000000
6,4,2,7.8259595e+30,0.000000
5,-3,7,7.7102749e+30,0.000000
3,-3,24,7.7096502e+30,0.000000
4,1,16,7.6837487e+30,0.000000
6,4,0,7.662772e+30,0.000000
7,-5,-41,7.6594237e+30,0.000000
5,-1,20,7.6438635e+30,0.000000
6,4,-5,7.6243275e+30,0.000000
9,-7,-22,7.6141392e+30,0.000000
4,4,-31,7.6043747e+30,0.000000
8,-7,-38,7.5636632e+30,0.000000
5,-1,-28,7.4878538e+30,0.000000
8,-5,-24,7.457839e+30,0.000000
5,5,2,7.4307593e+30,0.000000
5,-2,-34,7.4143718e+30,0.000000
7,-3,-20,7.3460298e+30,0.000000
8,-6,-38,7.3210386e+30,0.000000
3,2,-35,7.2556782e+30,0.000000
8,-8,-36,7.1689108e+30,0.000000
5,4,-19,7.0703564e+30,0.000000
9,-5,-5,7.0427358e+30,0.000000
6,3,-3,7.0281837e+30,0.000000
5,1,-22,7.0273059e+30,0.000000
6,3,0,7.0213341e+30,0.000000
4,-3,4,7.009608e+30,0.000000
8,-6,3,6.9981202e+30,0.000000
9,-6,-14,6.8797669e+30,0.000000
3,-1,-44,6.8602721e+30,0.000000
8,-4,-20,6.7909566e+30,0.000000
8,-7,-39,6.7881654e+30,0.000000
4,0,28,6.6767727e+30,0.000000
4,0,-28,6.6767727e+30,0.000000
5,3,-14,6.6477733e+30,0.000000
4,2,9,6.636241e+30,0.000000
6,4,-6,6.6286092e+30,0.000000
7,-4,-24,6.5720792e+30,0.000000
8,-8,-37,6.5088734e+30,0.000000
10,-8,-9,6.4281805e+30,0.000000
4,-1,25,6.4252603e+30,0.000000
6,0,13,6.4147558e+30,0.000000
6,0,-13,6.4147558e+30,0.000000
6,-2,-22,6.3913974e+30,0.000000
5,0,12,6.3865819e+30,0.000000
5,0,-12,6.3865819e+30,0.000000
9,-7,-23,6.3356327e+30,0.000000
3,0,34,6.2720506e+30,0.000000
3,0,-34,6.2720506e+30,0.000000
2,1,23,6.2654445e+30,0.000000
9,-9,-17,6.2292882e+30,0.000000
8,-8,-2,6.1743141e+30,0.000000
2,-1,35,6.1721788e+30,0.000000
6,-1,-18,6.1548917e+30,0.000000
4,1,-22,6.1192862e+30,0.000000
5,4,-20,6.0983522e+30,0.000000
8,-7,-40,6.0718246e+30,0.000000
4,-1,-37,6.0707857e+30,0.000000
4,3,-32,6.0480336e+30,0.000000
9,-8,-17,5.9951893e+30,0.000000
5,2,-21,5.9534453e+30,0.000000
8,-8,-38,5.9409514e+30,0.000000
4,-2,-42,5.9297923e+30,0.000000
6,2,-9,5.9150599e+30,0.000000
3,3,-38,5.8319932e+30,0.000000
6,4,-7,5.788256e+30,0.000000
8,-7,-1,5.711738e+30,0.000000
4,4,-32,5.7103243e+30,0.000000
7,-1,-3,5.6858958e+30,0.000000
6,-3,-39,5.6797302e+30,0.000000
6,-4,-35,5.6608648e+30,0.000000
8,-6,-39,5.633989e+30,0.000000
4,-3,14,5.6207472e+30,0.000000
4,2,-28,5.609232e+30,0.000000
8,-5,-25,5.5995377e+30,0.000000
2,2,12,5.4935699e+30,0.000000
8,-8,-39,5.4453896e+30,0.000000
8,-7,-41,5.4098018e+30,0.000000
2,2,-40,5.3713619e+30,0.000000
8,-4,-21,5.3578832e+30,0.000000
9,-7,-24,5.3325957e+30,0.000000
10,-8,-8,5.3133142e+30,0.000000
7,-5,-42,5.2815708e+30,0.000000
9,-9,-8,5.2630521e+30,0.000000
10,-8,-10,5.2568164e+30,0.000000
9,-6,-15,5.2232637e+30,0.000000
3,-2,20,5.2174196e+30,0.000000
5,4,-21,5.1980976e+30,0.000000
5,1,10,5.1880231e+30,0.000000
2,-1,-40,5.1344825e+30,0.000000
4,-4,13,5.1264976e+30,0.000000
9,-8,-6,5.1140877e+30,0.000000
2,-2,28,5.1090383e+30,0.000000
5,-3,-47,5.0878342e+30,0.000000
2,0,38,5.0819092e+30,0.000000
2,0,-38,5.0819092e+30,0.000000
6,4,-8,5.0534619e+30,0.000000
5,1,11,5.0292331e+30,0.000000
4,1,17,5.0271207e+30,0.000000
8,-8,-40,5.0054132e+30,0.000000
5,-1,21,5.0034999e+30,0.000000
5,-2,6,4.8967346e+30,0.000000
3,-1,33,4.87991e+30,0.000000
3,1,24,4.8798898e+30,0.000000
6,-2,-23,4.8743792e+30,0.000000
5,1,9,4.8495995e+30,0.000000
2,1,-32,4.820324e+30,0.000000
8,-7,-42,4.7988697e+30,0.000000
3,-1,-45,4.735236e+30,0.000000
6,1,-7,4.7323385e+30,0.000000
7,-1,-4,4.7191899e+30,0.000000
6,1,-8,4.7040998e+30,0.000000
3,2,-36,4.6813357e+30,0.000000
4,-1,-38,4.6463162e+30,0.000000
5,-2,5,4.6448653e+30,0.000000
8,-8,-41,4.6073769e+30,0.000000
7,-4,-25,4.5916254e+30,0.000000
5,1,7,4.5899413e+30,0.000000
4,0,29,4.5679553e+30,0.000000
4,0,-29,4.5679553e+30,0.000000
6,3,-4,4.552194e+30,0.000000
9,-7,-25,4.5338815e+30,0.000000
5,1,12,4.487406e+30,0.000000
9,-9,-18,4.477534e+30,0.000000
5,5,-3,4.4566535e+30,0.000000
5,-2,-35,4.4540721e+30,0.000000
6,1,-6,4.4088094e+30,0.000000
6,1,-9,4.4053571e+30,0.000000
5,4,-22,4.3811262e+30,0.000000
6,4,-9,4.3791191e+30,0.000000
5,5,0,4.3746382e+30,0.000000
9,-8,-18,4.3604624e+30,0.000000
5,5,-2,4.3560957e+30,0.000000
5,5,3,4.34487e+30,0.000000
3,-3,25,4.3260792e+30,0.000000
5,5,-4,4.3154437e+30,0.000000
8,-6,-40,4.3152697e+30,0.000000
4,3,-33,4.2915113e+30,0.000000
2,-1,-45,4.2784265e+30,0.000000
4,4,-33,4.2687703e+30,0.000000
5,-2,7,4.2619815e+30,0.000000
5,1,8,4.2479258e+30,0.000000
8,-8,-42,4.2407196e+30,0.000000
8,-7,-43,4.2368128e+30,0.000000
4,-2,21,4.2300522e+30,0.000000
2,-1,-46,4.2204025e+30,0.000000
8,-8,-1,4.1821132e+30,0.000000
5,2,-22,4.1658918e+30,0.000000
9,-7,-2,4.161153e+30,0.000000
8,-5,-26,4.1268686e+30,0.000000
5,5,-5,4.1129179e+30,0.000000
8,-4,-22,4.1110468e+30,0.000000
5,1,-23,4.066088e+30,0.000000
6,-1,-19,4.0641778e+30,0.000000
5,5,-1,4.037667e+30,0.000000
9,-6,-16,4.0316888e+30,0.000000
3,0,35,4.0298117e+30,0.000000
3,0,-35,4.0298117e+30,0.000000
5,5,1,4.025699e+30,0.000000
8,-7,0,3.9866268e+30,0.000000
3,3,-39,3.9812214e+30,0.000000
6,-3,-40,3.9707254e+30,0.000000
6,1,-10,3.9229959e+30,0.000000
8,-8,-43,3.8977391e+30,0.000000
4,-1,26,3.893001e+30,0.000000
5,5,-6,3.8925775e+30,0.000000
9,-7,-26,3.8879704e+30,0.000000
2,-1,-44,3.881903e+30,0.000000
7,-3,-21,3.8681673e+30,0.000000
6,0,14,3.8562722e+30,0.000000
6,0,-14,3.8562722e+30,0.000000
2,-1,-47,3.8519073e+30,0.000000
4,2,10,3.8241046e+30,0.000000
7,-4,-26,3.8007644e+30,0.000000
5,-1,-29,3.7747357e+30,0.000000
8,-4,-5,3.7546578e+30,0.000000
5,1,13,3.7498561e+30,0.000000
6,4,-10,3.7404578e+30,0.000000
8,-7,-44,3.721957e+30,0.000000
7,-4,-29,3.7205048e+30,0.000000
7,-4,-30,3.7092947e+30,0.000000
8,-5,2,3.6777633e+30,0.000000
6,1,-5,3.6704151e+30,0.000000
7,-4,-28,3.654908e+30,0.000000
5,4,-23,3.6535049e+30,0.000000
2,-2,29,3.6492705e+30,0.000000
5,5,-7,3.6455124e+30,0.000000
7,-5,-43,3.6382287e+30,0.000000
6,-2,-24,3.634674e+30,0.000000
7,-4,-27,3.6119075e+30,0.000000
7,-4,-31,3.5905423e+30,0.000000
8,-8,-44,3.573233e+30,0.000000
2,1,24,3.5614309e+30,0.000000
2,-1,36,3.5548055e+30,0.000000
4,-1,-39,3.5178289e+30,0.000000
4,-3,15,3.5123394e+30,0.000000
5,0,13,3.5073133e+30,0.000000
5,0,-13,3.5073133e+30,0.000000
4,2,-29,3.4348858e+30,0.000000
10,-8,-12,3.4256808e+30,0.000000
4,3,3,3.4204733e+30,0.000000
2,2,-41,3.407465e+30,0.000000
10,-8,-13,3.3788322e+30,0.000000
7,-4,-32,3.3717953e+30,0.000000
5,5,-8,3.3645854e+30,0.000000
9,-7,-27,3.3570066e+30,0.000000
6,1,-11,3.3410154e+30,0.000000
9,-6,-2,3.3387939e+30,0.000000
5,-2,8,3.3375584e+30,0.000000
2,-1,-48,3.3170067e+30,0.000000
8,-6,-41,3.2909032e+30,0.000000
8,-8,-45,3.2640591e+30,0.000000
8,-7,-45,3.252822e+30,0.000000
4,1,18,3.2421389e+30,0.000000
5,-2,2,3.2392186e+30,0.000000
5,-1,22,3.2363274e+30,0.000000
9,-8,-19,3.2361203e+30,0.000000
3,1,-27,3.2268882e+30,0.000000
9,-9,-19,3.2252925e+30,0.000000
3,-1,-46,3.2230828e+30,0.000000
5,-3,-48,3.2093269e+30,0.000000
10,-8,-7,3.1847871e+30,0.000000
4,4,-34,3.1779944e+30,0.000000
9,-6,-17,3.166131e+30,0.000000
7,-1,-5,3.1395465e+30,0.000000
6,4,-11,3.1329292e+30,0.000000
4,0,30,3.0958113e+30,0.000000
4,0,-30,3.0958113e+30,0.000000
7,-4,-33,3.0782579e+30,0.000000
8,-4,-23,3.0680179e+30,0.000000
5,5,-9,3.0580742e+30,0.000000
2,0,39,3.0550542e+30,0.000000
2,0,-39,3.0550542e+30,0.000000
6,3,-5,3.043733e+30,0.000000
3,2,5,3.0374725e+30,0.000000
4,3,-34,3.0368182e+30,0.000000
3,2,4,3.0182252e+30,0.000000
5,4,-24,3.0164464e+30,0.000000
3,2,-37,3.0155088e+30,0.000000
6,2,-10,3.0149227e+30,0.000000
8,-5,-27,2.9827193e+30,0.000000
2,-1,-43,2.9821721e+30,0.000000
5,1,14,2.9735219e+30,0.000000
8,-8,-46,2.9686693e+30,0.000000
6,2,1,2.9340666e+30,0.000000
9,-7,-28,2.9130078e+30,0.000000
2,-2,30,2.8827203e+30,0.000000
5,2,-23,2.8771484e+30,0.000000
5,3,-15,2.8486608e+30,0.000000
8,-7,-46,2.8278852e+30,0.000000
6,-3,-41,2.762822e+30,0.000000
10,-8,-14,2.7610858e+30,0.000000
5,5,-10,2.7466648e+30,0.000000
4,1,-23,2.745722e+30,0.000000
3,1,25,2.7443638e+30,0.000000
7,-4,-34,2.7399768e+30,0.000000
6,1,-12,2.7322135e+30,0.000000
2,-1,-49,2.7272422e+30,0.000000
3,-1,34,2.7172669e+30,0.000000
3,3,-40,2.7149629e+30,0.000000
5,-2,4,2.7089796e+30,0.000000
8,-8,-47,2.6866594e+30,0.000000
6,-2,-25,2.657504e+30,0.000000
7,-1,-2,2.6492201e+30,0.000000
4,-4,14,2.6459771e+30,0.000000
5,-2,-36,2.6416302e+30,0.000000
4,-1,-40,2.6390918e+30,0.000000
4,-2,-43,2.6322783e+30,0.000000
6,-1,-20,2.610506e+30,0.000000
3,0,36,2.5846071e+30,0.000000
3,0,-36,2.5846071e+30,0.000000
6,4,-12,2.5649802e+30,0.000000
2,2,13,2.5637411e+30,0.000000
9,-9,-7,2.5618643e+30,0.000000
9,-7,-29,2.5353859e+30,0.000000
6,1,-4,2.5291556e+30,0.000000
9,-6,-18,2.527689e+30,0.000000
9,-5,-1,2.5115634e+30,0.000000
7,-5,-44,2.5045297e+30,0.000000
8,-6,-42,2.4997741e+30,0.000000
6,-4,-36,2.4822901e+30,0.000000
5,4,-25,2.4672759e+30,0.000000
9,-8,-20,2.4561801e+30,0.000000
5,5,-11,2.4544865e+30,0.000000
2,1,-33,2.4502781e+30,0.000000
8,-7,-47,2.4454392e+30,0.000000
3,-3,26,2.4380576e+30,0.000000
5,-3,8,2.4377447e+30,0.000000
5,-2,9,2.4374625e+30,0.000000
5,0,14,2.4366306e+30,0.000000
5,0,-14,2.4366306e+30,0.000000
9,-8,-5,2.427831e+30,0.000000
8,-8,-48,2.4183644e+30,0.000000
7,-5,4,2.3936632e+30,0.000000
7,-4,-35,2.3847348e+30,0.000000
6,-1,0,2.3810083e+30,0.000000
10,-7,-8,2.3648365e+30,0.000000
9,-9,-20,2.362946e+30,0.000000
4,4,-35,2.3570139e+30,0.000000
4,-1,27,2.349568e+30,0.000000
3,2,3,2.3399932e+30,0.000000
5,1,-24,2.3119513e+30,0.000000
10,-7,-7,2.3112312e+30,0.000000
2,-2,31,2.3043517e+30,0.000000
3,2,6,2.292849e+30,0.000000
5,1,15,2.2590576e+30,0.000000
8,-4,-24,2.2276009e+30,0.000000
3,-2,21,2.2239236e+30,0.000000
6,0,15,2.215495e+30,0.000000
6,0,-15,2.215495e+30,0.000000
9,-7,-30,2.209197e+30,0.000000
5,5,-12,2.2006524e+30,0.000000
4,-3,16,2.1828474e+30,0.000000
5,0,17,2.1803522e+30,0.000000
5,0,-17,2.1803522e+30,0.000000
6,1,-2,2.1793271e+30,0.000000
5,0,16,2.1793007e+30,0.000000
5,0,-16,2.1793007e+30,0.000000
5,0,15,2.1779529e+30,0.000000
5,0,-15,2.1779529e+30,0.000000
4,2,11,2.1750518e+30,0.000000
8,-8,-49,2.1645185e+30,0.000000
3,-1,-47,2.1631975e+30,0.000000
2,2,-42,2.1602028e+30,0.000000
2,-1,-50,2.1567941e+30,0.000000
6,1,-13,2.1522357e+30,0.000000
4,3,-35,2.1435653e+30,0.000000
8,-5,-28,2.1121613e+30,0.000000
8,-7,-48,2.1035245e+30,0.000000
10,-8,-15,2.0989948e+30,0.000000
5,0,18,2.091745e+30,0.000000
5,0,-18,2.091745e+30,0.000000
4,2,-30,2.0867235e+30,0.000000
4,0,31,2.0812186e+30,0.000000
4,0,-31,2.0812186e+30,0.000000
6,3,-6,2.074724e+30,0.000000
5,-1,23,2.0721604e+30,0.000000
4,1,19,2.0644052e+30,0.000000
6,4,-13,2.0496249e+30,0.000000
2,-1,37,2.0483284e+30,0.000000
9,-6,-19,2.0479912e+30,0.000000
7,-4,-36,2.034789e+30,0.000000
2,1,25,2.0240152e+30,0.000000
7,-3,-22,2.017397e+30,0.000000
5,4,-26,2.0004999e+30,0.000000
5,-3,-49,1.9949619e+30,0.000000
5,5,-13,1.9946275e+30,0.000000
4,-2,22,1.9924902e+30,0.000000
4,-1,-41,1.9643331e+30,0.000000
5,2,-24,1.9630983e+30,0.000000
3,2,-38,1.938965e+30,0.000000
8,-8,-50,1.9259873e+30,0.000000
9,-7,-31,1.9237939e+30,0.000000
6,-3,-42,1.9138815e+30,0.000000
8,-4,2,1.9110577e+30,0.000000
5,0,19,1.9106192e+30,0.000000
5,0,-19,1.9106192e+30,0.000000
6,-2,-26,1.9098511e+30,0.000000
9,-8,-21,1.9051295e+30,0.000000
8,-6,-43,1.8920171e+30,0.000000
7,-1,-6,1.8897311e+30,0.000000
8,-8,0,1.8890839e+30,0.000000
2,-1,-42,1.8542235e+30,0.000000
3,3,-41,1.8494238e+30,0.000000
5,5,-14,1.8358449e+30,0.000000
2,0,40,1.8353941e+30,0.000000
2,0,-40,1.8353941e+30,0.000000
5,-1,-30,1.8353441e+30,0.000000
2,-2,32,1.803798e+30,0.000000
8,-7,-49,1.7999186e+30,0.000000
9,-9,-21,1.770401e+30,0.000000
4,4,-36,1.7420812e+30,0.000000
7,3,0,1.7308216e+30,0.000000
7,-5,-45,1.7234383e+30,0.000000
5,5,-15,1.7162394e+30,0.000000
9,-7,-1,1.7140508e+30,0.000000
7,-4,-37,1.7059859e+30,0.000000
8,-8,-51,1.7035721e+30,0.000000
5,-2,10,1.6902423e+30,0.000000
9,-6,-20,1.6801596e+30,0.000000
9,-7,-32,1.6717302e+30,0.000000
5,0,20,1.6681073e+30,0.000000
5,0,-20,1.6681073e+30,0.000000
5,1,16,1.6561246e+30,0.000000
3,0,37,1.6546255e+30,0.000000
3,0,-37,1.6546255e+30,0.000000
2,-1,-51,1.6481951e+30,0.000000
7,-6,4,1.6374698e+30,0.000000
6,1,-14,1.63735e+30,0.000000
9,-5,-6,1.6350615e+30,0.000000
6,-1,-21,1.6313474e+30,0.000000
5,5,-16,1.6239081e+30,0.000000
5,4,-27,1.6088132e+30,0.000000
6,4,-14,1.5980483e+30,0.000000
10,-8,-6,1.5953331e+30,0.000000
2,-1,-41,1.5929667e+30,0.000000
8,-4,-25,1.5740567e+30,0.000000
10,-7,-6,1.5671672e+30,0.000000
7,-7,5,1.5585123e+30,0.000000
5,5,-17,1.5464922e+30,0.000000
5,-2,-37,1.5442868e+30,0.000000
3,1,26,1.5406788e+30,0.000000
10,-8,-16,1.5388807e+30,0.000000
3,2,7,1.5325421e+30,0.000000
8,-7,-50,1.5321647e+30,0.000000
6,2,-11,1.5260969e+30,0.000000
10,-8,-11,1.5106726e+30,0.000000
4,3,-36,1.5095601e+30,0.000000
3,-1,35,1.5083647e+30,0.000000
9,-8,-22,1.5072926e+30,0.000000
8,-8,-52,1.4978789e+30,0.000000
5,5,-18,1.4735365e+30,0.000000
8,-5,-29,1.463924e+30,0.000000
4,-1,-42,1.4521189e+30,0.000000
9,-7,-33,1.4478593e+30,0.000000
3,-1,-48,1.4319586e+30,0.000000
8,-6,-44,1.4273984e+30,0.000000
6,3,-7,1.4152944e+30,0.000000
4,-1,28,1.4127342e+30,0.000000
7,-4,-38,1.4081947e+30,0.000000
7,-3,2,1.4040654e+30,0.000000
5,0,21,1.4008833e+30,0.000000
5,0,-21,1.4008833e+30,0.000000
5,5,-19,1.3976724e+30,0.000000
10,-7,-9,1.3971804e+30,0.000000
9,-6,-21,1.3920678e+30,0.000000
4,0,32,1.3893576e+30,0.000000
4,0,-32,1.3893576e+30,0.000000
3,-3,27,1.3796617e+30,0.000000
2,-2,33,1.3748241e+30,0.000000
6,1,-3,1.370199e+30,0.000000
2,2,-43,1.3685128e+30,0.000000
4,-4,15,1.366213e+30,0.000000
9,-9,-22,1.3572998e+30,0.000000
6,-2,-27,1.3518759e+30,0.000000
4,-3,17,1.3507935e+30,0.000000
5,2,-25,1.3242844e+30,0.000000
6,-3,-43,1.3202886e+30,0.000000
9,-7,0,1.3176e+30,0.000000
5,-1,24,1.3152743e+30,0.000000
5,5,-20,1.3148264e+30,0.000000
8,-8,-53,1.3092448e+30,0.000000
4,1,20,1.2997825e+30,0.000000
8,-7,-51,1.2976252e+30,0.000000
5,1,-25,1.290743e+30,0.000000
7,1,-3,1.2895638e+30,0.000000
9,-9,-6,1.2893965e+30,0.000000
5,4,-28,1.2839565e+30,0.000000
4,4,-37,1.2835119e+30,0.000000
3,3,5,1.2721652e+30,0.000000
3,3,-42,1.2583321e+30,0.000000
4,2,-31,1.2573405e+30,0.000000
9,-7,-34,1.248611e+30,0.000000
3,2,-39,1.2442156e+30,0.000000
5,5,-21,1.223791e+30,0.000000
4,2,12,1.2214419e+30,0.000000
2,-1,-52,1.2207324e+30,0.000000
5,-3,-50,1.2179911e+30,0.000000
6,4,-15,1.216256e+30,0.000000
6,0,16,1.2141606e+30,0.000000
6,0,-16,1.2141606e+30,0.000000
9,-8,-23,1.2139234e+30,0.000000
2,1,-34,1.2126218e+30,0.000000
6,1,-15,1.205742e+30,0.000000
4,1,-24,1.2034582e+30,0.000000
2,2,14,1.1903086e+30,0.000000
7,-5,-46,1.1857524e+30,0.000000
2,-1,38,1.1809471e+30,0.000000
6,-4,-37,1.1804387e+30,0.000000
5,1,17,1.1781191e+30,0.000000
9,-6,-22,1.1616337e+30,0.000000
2,1,26,1.1505312e+30,0.000000
4,-2,-44,1.1485062e+30,0.000000
7,-4,-39,1.1463516e+30,0.000000
5,3,-16,1.1443858e+30,0.000000
7,-3,-23,1.1441846e+30,0.000000
5,0,22,1.1385756e+30,0.000000
5,0,-22,1.1385756e+30,0.000000
8,-8,-54,1.1377076e+30,0.000000
9,-8,-4,1.1372017e+30,0.000000
5,5,-22,1.1254877e+30,0.000000
5,-2,11,1.1242854e+30,0.000000
10,-8,-17,1.1205081e+30,0.000000
10,-7,-11,1.1180961e+30,0.000000
7,-1,-7,1.1108299e+30,0.000000
8,-8,1,1.1098356e+30,0.000000
2,0,41,1.1028182e+30,0.000000
2,0,-41,1.1028182e+30,0.000000
3,1,-28,1.0963628e+30,0.000000
9,-5,-8,1.0941569e+30,0.000000
8,-7,-52,1.0935464e+30,0.000000
8,-4,-26,1.0826202e+30,0.000000
10,-6,-5,1.0798568e+30,0.000000
8,-6,-45,1.0737807e+30,0.000000
9,-7,-35,1.0714351e+30,0.000000
4,-1,-43,1.0669801e+30,0.000000
9,-9,-23,1.0627525e+30,0.000000
4,3,-37,1.0608054e+30,0.000000
7,1,-4,1.0574679e+30,0.000000
3,0,38,1.0571536e+30,0.000000
3,0,-38,1.0571536e+30,0.000000
7,3,-1,1.0437178e+30,0.000000
3,-2,22,1.0419723e+30,0.000000
8,-7,2,1.0319018e+30,0.000000
2,-2,34,1.0243419e+30,0.000000
5,5,-23,1.0221679e+30,0.000000
5,4,-29,1.0173911e+30,0.000000
9,-5,-9,1.0046124e+30,0.000000
9,-8,-24,9.9346071e+29,0.000000
8,-5,-30,9.9185901e+29,0.000000
6,-1,-22,9.9153828e+29,0.000000
8,-8,-55,9.8301078e+29,0.000000
9,-6,-23,9.7361333e+29,0.000000
6,-4,4,9.7256144e+29,0.000000
3,2,8,9.5884654e+29,0.000000
6,3,-8,9.4979948e+29,0.000000
10,-7,-12,9.4721585e+29,0.000000
6,-2,-28,9.4415335e+29,0.000000
4,4,-38,9.429201e+29,0.000000
3,-1,-49,9.3607098e+29,0.000000
5,-3,9,9.3436324e+29,0.000000
9,-5,-10,9.2245176e+29,0.000000
4,0,33,9.2176124e+29,0.000000
4,0,-33,9.2176124e+29,0.000000
7,-4,-40,9.2167911e+29,0.000000
4,-2,23,9.1810961e+29,0.000000
8,-7,-53,9.1712715e+29,0.000000
5,5,-24,9.1670482e+29,0.000000
9,-7,-36,9.1439484e+29,0.000000
10,-6,-6,9.1331429e+29,0.000000
6,2,-12,9.0861336e+29,0.000000
6,-3,-44,9.0718555e+29,0.000000
6,4,-16,9.04382e+29,0.000000
5,0,23,9.0030227e+29,0.000000
5,0,-23,9.0030227e+29,0.000000
6,2,-16,8.9388647e+29,0.000000
3,3,6,8.8831029e+29,0.000000
5,-2,-38,8.8792994e+29,0.000000
5,2,-26,8.8377953e+29,0.000000
2,-1,-53,8.7828064e+29,0.000000
6,2,-17,8.735223e+29,0.000000
2,2,-44,8.6637767e+29,0.000000
3,1,27,8.6363776e+29,0.000000
10,-6,-4,8.6149265e+29,0.000000
6,1,-16,8.6116708e+29,0.000000
6,2,-15,8.5904573e+29,0.000000
3,3,-43,8.5503907e+29,0.000000
5,-1,-31,8.5349387e+29,0.000000
9,-9,-24,8.473927e+29,0.000000
4,-1,29,8.4626444e+29,0.000000
9,-5,-11,8.381967e+29,0.000000
3,-1,36,8.3437191e+29,0.000000
4,-3,18,8.3314323e+29,0.000000
5,-1,25,8.2858845e+29,0.000000
9,-8,-25,8.250446e+29,0.000000
10,-8,-18,8.2365909e+29,0.000000
5,4,3,8.2217717e+29,0.000000
7,-1,-1,8.2156233e+29,0.000000
10,-7,-5,8.1906391e+29,0.000000
9,-6,-24,8.1745068e+29,0.000000
5,1,18,8.1691358e+29,0.000000
7,-5,-47,8.1580273e+29,0.000000
5,5,-25,8.1204826e+29,0.000000
4,1,21,8.1036159e+29,0.000000
8,-6,-46,8.0572679e+29,0.000000
6,2,-18,8.0526276e+29,0.000000
7,-3,-24,8.0340105e+29,0.000000
9,-5,-7,8.0275048e+29,0.000000
5,4,-30,8.0078979e+29,0.000000
3,2,-40,7.9655175e+29,0.000000
6,2,-14,7.8839453e+29,0.000000
7,-1,-13,7.8834136e+29,0.000000
10,-8,-5,7.8785339e+29,0.000000
3,-3,28,7.8373753e+29,0.000000
4,-1,-44,7.7969698e+29,0.000000
9,-5,0,7.7947428e+29,0.000000
9,-7,-37,7.75889e+29,0.000000
8,-7,1,7.7494931e+29,0.000000
7,-1,-12,7.7447458e+29,0.000000
8,-7,-54,7.6558401e+29,0.000000
7,1,-2,7.6547096e+29,0.000000
4,4,4,7.649773e+29,0.000000
7,-1,-14,7.5399893e+29,0.000000
6,2,-13,7.5321512e+29,0.000000
2,-2,35,7.5140084e+29,0.000000
4,2,-32,7.5104528e+29,0.000000
4,3,-38,7.4397384e+29,0.000000
9,-5,-12,7.4234666e+29,0.000000
7,3,1,7.3771888e+29,0.000000
9,-5,1,7.3743712e+29,0.000000
7,-4,-41,7.3283838e+29,0.000000
7,-3,-27,7.3013135e+29,0.000000
7,-1,-8,7.290342e+29,0.000000
10,-7,-13,7.2843943e+29,0.000000
5,-3,-51,7.2750362e+29,0.000000
8,-4,-27,7.2471042e+29,0.000000
5,-2,12,7.2185938e+29,0.000000
6,-4,-38,7.2159e+29,0.000000
7,-3,-28,7.2088391e+29,0.000000
7,-3,-26,7.1712751e+29,0.000000
7,-1,-11,7.1677819e+29,0.000000
7,-3,-25,7.1457654e+29,0.000000
5,5,-26,7.108555e+29,0.000000
5,1,-26,7.06536e+29,0.000000
4,-4,16,7.0632633e+29,0.000000
6,2,-19,7.0630263e+29,0.000000
5,0,24,6.9562707e+29,0.000000
5,0,-24,6.9562707e+29,0.000000
9,-8,-26,6.9446506e+29,0.000000
10,-9,-11,6.9334828e+29,0.000000
4,4,-39,6.9087967e+29,0.000000
7,1,-5,6.9062352e+29,0.000000
9,-9,-25,6.8621716e+29,0.000000
9,-6,-25,6.8583714e+29,0.000000
10,-7,-10,6.8447238e+29,0.000000
7,-3,-29,6.8280771e+29,0.000000
2,-1,39,6.8139149e+29,0.000000
7,-1,-15,6.8102526e+29,0.000000
8,-3,-3,6.7895447e+29,0.000000
4,2,13,6.7689615e+29,0.000000
3,0,39,6.7395052e+29,0.000000
3,0,-39,6.7395052e+29,0.000000
8,-3,0,6.6523512e+29,0.000000
9,-9,-5,6.6390254e+29,0.000000
2,0,42,6.6358451e+29,0.000000
2,0,-42,6.6358451e+29,0.000000
9,-6,-1,6.5995831e+29,0.000000
6,4,-17,6.5768215e+29,0.000000
8,-5,-31,6.5593254e+29,0.000000
9,-7,-38,6.5447639e+29,0.000000
2,1,27,6.5434788e+29,0.000000
6,-2,-29,6.5156159e+29,0.000000
7,-1,-10,6.4342059e+29,0.000000
9,-5,-13,6.4119498e+29,0.000000
8,-7,-55,6.3620784e+29,0.000000
8,-3,-6,6.3492872e+29,0.000000
6,0,17,6.3256782e+29,0.000000
6,0,-17,6.3256782e+29,0.000000
10,-9,-10,6.2983538e+29,0.000000
5,4,-31,6.2636586e+29,0.000000
8,-8,3,6.2349098e+29,0.000000
7,-3,-30,6.2133584e+29,0.000000
6,-3,-45,6.209265e+29,0.000000
8,-3,-5,6.2031681e+29,0.000000
6,3,-9,6.197223e+29,0.000000
10,-8,-19,6.1558964e+29,0.000000
2,-1,-54,6.1549532e+29,0.000000
5,5,-27,6.1528195e+29,0.000000
7,-1,-9,6.1517818e+29,0.000000
4,0,34,6.0812647e+29,0.000000
4,0,-34,6.0812647e+29,0.000000
3,-1,-50,6.0627875e+29,0.000000
8,-6,-47,6.0326779e+29,0.000000
6,-4,-39,5.9893335e+29,0.000000
6,1,-17,5.9755092e+29,0.000000
6,2,-20,5.9423116e+29,0.000000
3,-2,23,5.9218817e+29,0.000000
9,-8,-27,5.9174003e+29,0.000000
6,-1,-23,5.8566258e+29,0.000000
7,-1,-16,5.8463002e+29,0.000000
5,2,-27,5.8375426e+29,0.000000
6,-4,-40,5.8191133e+29,0.000000
3,3,-44,5.8014754e+29,0.000000
2,1,-35,5.7929676e+29,0.000000
6,-4,-41,5.7763586e+29,0.000000
7,-4,-42,5.76899e+29,0.000000
4,-2,-50,5.7555188e+29,0.000000
3,2,9,5.7456969e+29,0.000000
9,-6,-26,5.7372476e+29,0.000000
4,-2,-45,5.7334233e+29,0.000000
4,-2,-51,5.7225201e+29,0.000000
4,-1,-45,5.6685917e+29,0.000000
5,3,-21,5.6607415e+29,0.000000
9,-9,-26,5.6336049e+29,0.000000
5,3,-22,5.6131521e+29,0.000000
7,-5,-48,5.6130695e+29,0.000000
5,-3,10,5.6045684e+29,0.000000
3,3,4,5.5977773e+29,0.000000
4,1,-25,5.5812471e+29,0.000000
6,-4,-42,5.571198e+29,0.000000
5,1,19,5.5422934e+29,0.000000
4,-2,-49,5.497042e+29,0.000000
9,-7,-39,5.4877663e+29,0.000000
2,2,-45,5.4819949e+29,0.000000
2,2,15,5.4808368e+29,0.000000
2,-2,36,5.4713178e+29,0.000000
7,1,-1,5.4603085e+29,0.000000
7,-3,-31,5.4575082e+29,0.000000
8,-3,-7,5.4499171e+29,0.000000
4,-2,-52,5.4494934e+29,0.000000
9,-5,-14,5.4409586e+29,0.000000
8,-7,3,5.4158979e+29,0.000000
10,-7,-14,5.3702711e+29,0.000000
5,0,25,5.2708513e+29,0.000000
5,0,-25,5.2708513e+29,0.000000
5,5,-28,5.2689695e+29,0.000000
5,3,-17,5.2662143e+29,0.000000
5,3,-20,5.26161e+29,0.000000
4,3,-39,5.2079844e+29,0.000000
5,3,-23,5.2064898e+29,0.000000
5,-1,26,5.1855381e+29,0.000000
6,-4,-43,5.1784223e+29,0.000000
8,-8,2,5.157648e+29,0.000000
4,-3,19,5.1259136e+29,0.000000
9,-8,-28,5.0969909e+29,0.000000
3,2,-41,5.0860696e+29,0.000000
4,4,-40,5.0498968e+29,0.000000
4,-1,30,5.0498065e+29,0.000000
9,-6,0,5.0348952e+29,0.000000
7,-4,3,5.0273208e+29,0.000000
4,1,22,5.0093679e+29,0.000000
4,-2,-53,5.0086963e+29,0.000000
10,-6,-7,5.0077063e+29,0.000000
5,-2,-39,5.0064878e+29,0.000000
4,-2,-48,4.9664788e+29,0.000000
5,4,-32,4.8706839e+29,0.000000
10,-6,-3,4.8378706e+29,0.000000
3,1,28,4.834521e+29,0.000000
6,2,-21,4.8280013e+29,0.000000
7,-1,-17,4.7990357e+29,0.000000
9,-6,-27,4.7762367e+29,0.000000
5,-3,11,4.7756426e+29,0.000000
8,-4,-28,4.7195925e+29,0.000000
3,3,7,4.7037697e+29,0.000000
10,-8,-20,4.6883221e+29,0.000000
9,-9,-27,4.6852557e+29,0.000000
6,4,-18,4.6823768e+29,0.000000
6,-4,-44,4.6596675e+29,0.000000
7,-3,-32,4.6502385e+29,0.000000
3,-1,37,4.5977276e+29,0.000000
10,-9,-14,4.5910395e+29,0.000000
9,-5,-15,4.5811243e+29,0.000000
5,3,-24,4.5810996e+29,0.000000
9,-7,-40,4.5742494e+29,0.000000
8,-3,-8,4.5374481e+29,0.000000
8,-3,-1,4.5276762e+29,0.000000
5,3,-19,4.5235081e+29,0.000000
8,-6,-48,4.5084491e+29,0.000000
7,-4,-43,4.5009202e+29,0.000000
5,-2,13,4.4925399e+29,0.000000
4,-2,-54,4.4696486e+29,0.000000
3,-3,29,4.4682108e+29,0.000000
5,5,-29,4.4668861e+29,0.000000
6,-2,-30,4.4484992e+29,0.000000
4,2,-33,4.4439879e+29,0.000000
9,-8,-29,4.4314071e+29,0.000000
3,1,-29,4.4043729e+29,0.000000
5,-3,12,4.3719367e+29,0.000000
4,-2,-47,4.3523865e+29,0.000000
3,0,40,4.2862156e+29,0.000000
3,0,-40,4.2862156e+29,0.000000
8,-6,4,4.2761002e+29,0.000000
5,-3,-52,4.233553e+29,0.000000
6,-3,-46,4.2334735e+29,0.000000
8,-5,-32,4.2261227e+29,0.000000
2,-1,-55,4.2225917e+29,0.000000
9,-8,-3,4.2096608e+29,0.000000
4,-2,-46,4.1971281e+29,0.000000
3,-2,24,4.1624836e+29,0.000000
10,-9,-12,4.1407481e+29,0.000000
4,-2,24,4.1165174e+29,0.000000
4,-1,-46,4.1010167e+29,0.000000
6,-4,-45,4.0871786e+29,0.000000
10,-9,-9,4.0504114e+29,0.000000
10,-9,-15,4.0479754e+29,0.000000
6,1,-18,4.0337873e+29,0.000000
5,3,-18,4.0214693e+29,0.000000
9,-7,2,4.0214473e+29,0.000000
2,0,43,4.0061905e+29,0.000000
2,0,-43,4.0061905e+29,0.000000
4,0,35,3.9913959e+29,0.000000
4,0,-35,3.9913959e+29,0.000000
2,-2,37,3.9891678e+29,0.000000
7,1,-6,3.9609512e+29,0.000000
9,-6,-28,3.9508734e+29,0.000000
9,-9,-28,3.9469119e+29,0.000000
2,-1,40,3.9359019e+29,0.000000
3,3,-45,3.9297761e+29,0.000000
5,0,26,3.9280317e+29,0.000000
5,0,-26,3.9280317e+29,0.000000
6,3,-10,3.922478e+29,0.000000
3,-1,-51,3.9191188e+29,0.000000
10,-7,-15,3.9118397e+29,0.000000
10,-7,-4,3.90746e+29,0.000000
4,-2,-55,3.8896518e+29,0.000000
10,-8,-4,3.886235e+29,0.000000
9,-8,-30,3.882956e+29,0.000000
9,-5,-16,3.8701251e+29,0.000000
5,-1,1,3.8652238e+29,0.000000
5,3,-25,3.8650865e+29,0.000000
7,-5,-49,3.8622368e+29,0.000000
7,-3,-33,3.8610474e+29,0.000000
5,-3,13,3.8352459e+29,0.000000
5,2,-28,3.8175079e+29,0.000000
6,2,-22,3.8088321e+29,0.000000
9,-7,-41,3.7906134e+29,0.000000
7,-1,-18,3.7869469e+29,0.000000
5,1,-27,3.7835611e+29,0.000000
5,4,-33,3.7667452e+29,0.000000
5,-1,-32,3.7564305e+29,0.000000
5,5,-30,3.7512451e+29,0.000000
8,-3,-9,3.749133e+29,0.000000
2,1,28,3.724188e+29,0.000000
4,2,14,3.6988718e+29,0.000000
10,-10,-12,3.6932347e+29,0.000000
5,1,20,3.690786e+29,0.000000
4,4,-41,3.6830375e+29,0.000000
4,-4,17,3.6586474e+29,0.000000
4,3,-40,3.6392575e+29,0.000000
10,-8,-21,3.6385243e+29,0.000000
3,1,-32,3.5856363e+29,0.000000
3,1,-33,3.5785823e+29,0.000000
5,3,3,3.5287876e+29,0.000000
6,-4,-46,3.5170528e+29,0.000000
7,-4,-44,3.4835415e+29,0.000000
2,2,-46,3.4680981e+29,0.000000
9,-8,-31,3.4245059e+29,0.000000
5,1,2,3.3925447e+29,0.000000
9,-9,-29,3.3676119e+29,0.000000
8,-6,-49,3.3641775e+29,0.000000
6,-1,-24,3.3568444e+29,0.000000
3,2,10,3.3315745e+29,0.000000
3,-2,25,3.3235952e+29,0.000000
3,1,-31,3.3211334e+29,0.000000
9,-5,-17,3.3160843e+29,0.000000
3,1,-34,3.3102127e+29,0.000000
6,4,-19,3.2667124e+29,0.000000
7,3,-2,3.2530038e+29,0.000000
9,-6,-29,3.2433651e+29,0.000000
3,2,-42,3.2377458e+29,0.000000
5,-1,27,3.2262162e+29,0.000000
4,1,-26,3.2168257e+29,0.000000
9,-9,-4,3.1747586e+29,0.000000
5,-3,14,3.1695904e+29,0.000000
5,3,-26,3.1520492e+29,0.000000
4,-3,20,3.1480311e+29,0.000000
3,1,-30,3.1382283e+29,0.000000
10,-9,-16,3.1375941e+29,0.000000
7,-3,-34,3.1355996e+29,0.000000
9,-7,-42,3.1234016e+29,0.000000
5,5,-31,3.1224154e+29,0.000000
6,0,18,3.1175784e+29,0.000000
6,0,-18,3.1175784e+29,0.000000
7,3,-7,3.1170028e+29,0.000000
10,-9,-13,3.0947815e+29,0.000000
8,-3,-10,3.0799789e+29,0.000000
6,-1,3,3.0741766e+29,0.000000
4,1,23,3.0738247e+29,0.000000
7,3,-8,3.0559111e+29,0.000000
6,3,2,3.0495128e+29,0.000000
10,-10,-13,3.040604e+29,0.000000
9,-8,-32,3.0366406e+29,0.000000
6,-2,-31,3.0079288e+29,0.000000
7,3,-6,3.0045821e+29,0.000000
4,-1,31,3.000963e+29,0.000000
8,-4,-29,2.9878743e+29,0.000000
6,-4,-47,2.9844474e+29,0.000000
10,-10,-11,2.9839383e+29,0.000000
4,-1,-47,2.9524988e+29,0.000000
2,-2,38,2.9377504e+29,0.000000
6,2,-23,2.9303682e+29,0.000000
9,-9,-30,2.9084618e+29,0.000000
9,-5,-18,2.9048916e+29,0.000000
5,4,-34,2.8980721e+29,0.000000
5,0,27,2.8860645e+29,0.000000
5,0,-27,2.8860645e+29,0.000000
7,-1,-19,2.8858414e+29,0.000000
3,1,-35,2.8846004e+29,0.000000
10,-8,-22,2.8748844e+29,0.000000
6,-3,-47,2.8747658e+29,0.000000
10,-7,-16,2.8683356e+29,0.000000
9,-7,1,2.8552277e+29,0.000000
7,3,-9,2.8393515e+29,0.000000
5,-2,-40,2.7569699e+29,0.000000
3,-2,26,2.7552401e+29,0.000000
3,0,41,2.7187862e+29,0.000000
3,0,-41,2.7187862e+29,0.000000
7,3,-5,2.7182132e+29,0.000000
5,-2,14,2.7180605e+29,0.000000
9,-8,-33,2.7054385e+29,0.000000
3,1,29,2.7025849e+29,0.000000
4,4,-42,2.6807414e+29,0.000000
7,-4,-45,2.6769319e+29,0.000000
7,-5,-50,2.6574811e+29,0.000000
3,3,-46,2.6569033e+29,0.000000
6,1,-19,2.651787e+29,0.000000
8,-5,-33,2.6471525e+29,0.000000
9,-6,-30,2.6399404e+29,0.000000
2,1,-36,2.6378694e+29,0.000000
9,-5,-19,2.6084006e+29,0.000000
4,0,36,2.606909e+29,0.000000
4,0,-36,2.606909e+29,0.000000
4,2,-34,2.601905e+29,0.000000
5,5,-32,2.5774552e+29,0.000000
3,-1,-52,2.5639789e+29,0.000000
9,-7,-43,2.5594873e+29,0.000000
3,-3,30,2.5559954e+29,0.000000
10,-10,-15,2.5423972e+29,0.000000
9,-9,-31,2.5391613e+29,0.000000
4,3,-41,2.538717e+29,0.000000
3,-1,38,2.523227e+29,0.000000
4,1,-27,2.5216218e+29,0.000000
8,-6,-50,2.5072607e+29,0.000000
6,-4,-48,2.5070577e+29,0.000000
7,3,-10,2.5039567e+29,0.000000
8,-3,-11,2.5032835e+29,0.000000
10,-10,-16,2.4996208e+29,0.000000
5,3,-27,2.4996206e+29,0.000000
7,-3,-35,2.4985338e+29,0.000000
2,2,16,2.4958795e+29,0.000000
5,-3,15,2.4851699e+29,0.000000
5,2,-29,2.4721605e+29,0.000000
5,2,2,2.4669457e+29,0.000000
6,3,-11,2.4457863e+29,0.000000
2,0,44,2.4331306e+29,0.000000
2,0,-44,2.4331306e+29,0.000000
9,-8,-34,2.4207596e+29,0.000000
5,1,21,2.4190983e+29,0.000000
3,3,8,2.4038326e+29,0.000000
3,1,-36,2.401363e+29,0.000000
5,-3,-53,2.3930504e+29,0.000000
9,-5,-20,2.3921714e+29,0.000000
4,1,-28,2.3786118e+29,0.000000
9,-5,2,2.3401937e+29,0.000000
4,1,-29,2.327087e+29,0.000000
10,-8,-23,2.3096453e+29,0.000000
6,4,3,2.3045036e+29,0.000000
7,3,-4,2.2955921e+29,0.000000
8,-8,4,2.2953241e+29,0.000000
2,-1,41,2.2771309e+29,0.000000
6,-1,4,2.2744501e+29,0.000000
5,5,4,2.2655899e+29,0.000000
3,-2,27,2.2648196e+29,0.000000
10,-9,-17,2.2521764e+29,0.000000
9,-9,-32,2.23633e+29,0.000000
6,4,-20,2.2350613e+29,0.000000
9,-5,-21,2.2221529e+29,0.000000
5,4,-35,2.2190259e+29,0.000000
4,1,-30,2.2156054e+29,0.000000
6,2,-24,2.206376e+29,0.000000
2,-2,39,2.2026153e+29,0.000000
2,2,-47,2.1949387e+29,0.000000
9,-8,-35,2.1749734e+29,0.000000
10,-7,-17,2.1354525e+29,0.000000
7,-1,-20,2.1320765e+29,0.000000
9,-6,-31,2.1291005e+29,0.000000
2,1,29,2.1213706e+29,0.000000
4,-1,-48,2.1150277e+29,0.000000
6,1,0,2.1147044e+29,0.000000
5,5,-33,2.1110753e+29,0.000000
7,1,-7,2.1055019e+29,0.000000
7,3,-11,2.0989375e+29,0.000000
9,-4,-2,2.0962772e+29,0.000000
5,0,28,2.0947801e+29,0.000000
5,0,-28,2.0947801e+29,0.000000
6,5,-3,2.0921676e+29,0.000000
9,-4,-1,2.0920481e+29,0.000000
6,-4,-49,2.0905465e+29,0.000000
9,-7,-44,2.0862866e+29,0.000000
9,-5,-22,2.069862e+29,0.000000
10,-9,-8,2.0690369e+29,0.000000
3,2,-43,2.0541422e+29,0.000000
10,-10,-17,2.0503091e+29,0.000000
7,-4,-46,2.0441198e+29,0.000000
6,5,-4,2.041563e+29,0.000000
4,1,-31,2.0240641e+29,0.000000
6,-2,-32,2.0160091e+29,0.000000
7,3,-3,2.0057321e+29,0.000000
4,2,3,2.0012147e+29,0.000000
8,-3,-12,1.9990069e+29,0.000000
5,-1,28,1.996503e+29,0.000000
4,2,15,1.9913325e+29,0.000000
10,-6,-2,1.9884731e+29,0.000000
9,-9,-33,1.9824886e+29,0.000000
5,1,-28,1.9758077e+29,0.000000
9,-8,-36,1.9620656e+29,0.000000
7,-3,-36,1.9585659e+29,0.000000
4,4,-43,1.9476028e+29,0.000000
6,-3,-48,1.9436593e+29,0.000000
5,3,-28,1.9363464e+29,0.000000
4,-3,21,1.9309225e+29,0.000000
3,1,-37,1.9292724e+29,0.000000
9,-5,-23,1.9155402e+29,0.000000
6,5,-5,1.9153175e+29,0.000000
8,-3,-2,1.910401e+29,0.000000
4,-4,18,1.8995464e+29,0.000000
9,-7,3,1.899475e+29,0.000000
8,-5,3,1.8845458e+29,0.000000
10,-8,-24,1.8838441e+29,0.000000
3,2,11,1.877633e+29,0.000000
4,1,24,1.874089e+29,0.000000
5,-3,16,1.8673147e+29,0.000000
8,-6,-51,1.8668772e+29,0.000000
6,-1,-25,1.8633195e+29,0.000000
8,-4,-30,1.8368885e+29,0.000000
7,-5,-51,1.8282707e+29,0.000000
3,-2,28,1.8177794e+29,0.000000
6,5,-2,1.8009158e+29,0.000000
3,3,-47,1.7924776e+29,0.000000
6,5,-6,1.7880459e+29,0.000000
4,-2,25,1.7825951e+29,0.000000
4,1,-32,1.7778599e+29,0.000000
10,-10,-10,1.7770739e+29,0.000000
9,-8,-37,1.7770555e+29,0.000000
4,-1,32,1.7754152e+29,0.000000
4,3,-42,1.7680169e+29,0.000000
9,-9,-34,1.7651468e+29,0.000000
9,-5,-24,1.7490094e+29,0.000000
3,-1,-53,1.7369136e+29,0.000000
10,-6,-9,1.7349053e+29,0.000000
6,-4,-50,1.733392e+29,0.000000
3,0,42,1.7196391e+29,0.000000
3,0,-42,1.7196391e+29,0.000000
5,5,-34,1.7164927e+29,0.000000
10,-7,-3,1.701265e+29,0.000000
9,-6,-32,1.7005721e+29,0.000000
6,1,-20,1.698656e+29,0.000000
4,0,37,1.6945372e+29,0.000000
4,0,-37,1.6945372e+29,0.000000
9,-7,-45,1.6919506e+29,0.000000
2,-2,40,1.6916346e+29,0.000000
5,4,-36,1.6914604e+29,0.000000
7,3,-12,1.6750466e+29,0.000000
6,-1,11,1.672187e+29,0.000000
6,5,-7,1.6672448e+29,0.000000
7,2,-2,1.6501265e+29,0.000000
6,2,-25,1.6304009e+29,0.000000
7,2,0,1.6284037e+29,0.000000
6,-1,12,1.6231774e+29,0.000000
10,-7,-18,1.6193271e+29,0.000000
9,-8,-38,1.6156478e+29,0.000000
8,-5,-34,1.6086739e+29,0.000000
5,-2,15,1.6019332e+29,0.000000
6,-1,10,1.5977827e+29,0.000000
10,-8,-3,1.5927753e+29,0.000000
5,2,-30,1.5854274e+29,0.000000
9,-9,-35,1.5758366e+29,0.000000
6,3,-12,1.5739627e+29,0.000000
10,-9,-18,1.5733177e+29,0.000000
9,-5,-25,1.5684817e+29,0.000000
5,1,22,1.5642642e+29,0.000000
8,-3,-13,1.5577978e+29,0.000000
10,-8,-25,1.5574044e+29,0.000000
7,-4,-47,1.5522686e+29,0.000000
6,5,-8,1.5515205e+29,0.000000
5,-1,-33,1.5508349e+29,0.000000
7,-1,-21,1.5322358e+29,0.000000
10,-10,-18,1.5206425e+29,0.000000
7,-3,-37,1.5136933e+29,0.000000
4,1,-33,1.5100961e+29,0.000000
3,1,30,1.5085677e+29,0.000000
4,-1,-49,1.5071332e+29,0.000000
3,1,-38,1.5066826e+29,0.000000
4,2,-35,1.5050482e+29,0.000000
5,0,29,1.5044913e+29,0.000000
5,0,-29,1.5044913e+29,0.000000
6,4,-21,1.5005713e+29,0.000000
2,0,45,1.4917876e+29,0.000000
2,0,-45,1.4917876e+29,0.000000
7,2,-3,1.4909278e+29,0.000000
6,-1,13,1.4814956e+29,0.000000
6,5,2,1.4782459e+29,0.000000
5,-2,-41,1.4746395e+29,0.000000
9,-8,-39,1.4740515e+29,0.000000
5,3,-29,1.4704707e+29,0.000000
3,-3,31,1.4667603e+29,0.000000
6,0,19,1.4454179e+29,0.000000
6,0,-19,1.4454179e+29,0.000000
6,5,-9,1.4402297e+29,0.000000
6,-4,-51,1.430431e+29,0.000000
3,-2,29,1.4212562e+29,0.000000
7,4,-2,1.4155189e+29,0.000000
4,4,-44,1.4125482e+29,0.000000
9,-9,-36,1.4091158e+29,0.000000
10,-6,-10,1.4088192e+29,0.000000
6,-1,9,1.3931558e+29,0.000000
2,2,-48,1.3910117e+29,0.000000
8,-6,-52,1.3891377e+29,0.000000
9,-6,2,1.3862894e+29,0.000000
5,5,-35,1.386138e+29,0.000000
8,-3,-4,1.3830346e+29,0.000000
3,-1,39,1.3790158e+29,0.000000
9,-5,-26,1.3781031e+29,0.000000
9,-7,-46,1.3655159e+29,0.000000
5,-3,17,1.3563631e+29,0.000000
9,-8,-40,1.3489036e+29,0.000000
9,-6,-33,1.3447664e+29,0.000000
6,-2,-33,1.3402773e+29,0.000000
2,-2,41,1.3351407e+29,0.000000
6,5,-10,1.3342419e+29,0.000000
2,-1,42,1.3204633e+29,0.000000
5,-3,-54,1.3170873e+29,0.000000
9,-6,1,1.3168357e+29,0.000000
7,4,1,1.3144999e+29,0.000000
6,-3,-49,1.3077452e+29,0.000000
10,-8,-26,1.3028531e+29,0.000000
3,2,-44,1.2983377e+29,0.000000
6,-1,14,1.2848922e+29,0.000000
5,4,-37,1.2839172e+29,0.000000
7,3,-13,1.2745733e+29,0.000000
9,-9,-37,1.2616303e+29,0.000000
7,1,-13,1.2576939e+29,0.000000
7,-5,-52,1.2574269e+29,0.000000
3,-1,-54,1.2550127e+29,0.000000
10,-7,-19,1.251423e+29,0.000000
4,1,-34,1.2475216e+29,0.000000
3,3,9,1.2417995e+29,0.000000
9,-8,-41,1.2372505e+29,0.000000
6,5,-11,1.2354481e+29,0.000000
5,-1,29,1.229374e+29,0.000000
4,3,-43,1.2292057e+29,0.000000
9,-9,-3,1.2271197e+29,0.000000
7,1,-14,1.2174216e+29,0.000000
2,1,30,1.2094337e+29,0.000000
7,1,-12,1.2067009e+29,0.000000
3,3,-48,1.2063911e+29,0.000000
7,4,-3,1.2055837e+29,0.000000
6,-1,5,1.1973518e+29,0.000000
7,5,2,1.187399e+29,0.000000
6,2,-26,1.1851419e+29,0.000000
9,-5,-27,1.1851353e+29,0.000000
4,-3,22,1.1834339e+29,0.000000
7,1,-8,1.1797167e+29,0.000000
8,-3,-14,1.1778218e+29,0.000000
6,-4,-52,1.1751286e+29,0.000000
8,-2,-1,1.1745104e+29,0.000000
7,-4,-48,1.1731247e+29,0.000000
10,-10,-14,1.1648617e+29,0.000000
6,5,0,1.1557488e+29,0.000000
7,-3,-38,1.1555871e+29,0.000000
3,1,-39,1.1495952e+29,0.000000
6,5,-12,1.145878e+29,0.000000
6,0,1,1.1455685e+29,0.000000
6,0,-1,1.1455685e+29,0.000000
9,-8,-42,1.1365521e+29,0.000000
4,1,25,1.1362237e+29,0.000000
6,3,-13,1.1317419e+29,0.000000
9,-9,-38,1.1313123e+29,0.000000
7,4,-1,1.1291106e+29,0.000000
9,-8,-2,1.1262277e+29,0.000000
2,1,-37,1.1226824e+29,0.000000
2,2,17,1.1211935e+29,0.000000
5,5,-36,1.1122083e+29,0.000000
10,-9,-19,1.1053994e+29,0.000000
7,1,-15,1.104867e+29,0.000000
7,2,-4,1.1013583e+29,0.000000
10,-8,-27,1.1012459e+29,0.000000
6,5,-1,1.1011435e+29,0.000000
6,-1,8,1.0979759e+29,0.000000
5,3,-30,1.0977651e+29,0.000000
9,-7,-47,1.097004e+29,0.000000
4,0,38,1.0962315e+29,0.000000
4,0,-38,1.0962315e+29,0.000000
8,-4,-31,1.095486e+29,0.000000
9,-4,-8,1.0854599e+29,0.000000
3,-2,30,1.0847769e+29,0.000000
3,0,43,1.0844103e+29,0.000000
3,0,-43,1.0844103e+29,0.000000
2,-2,42,1.0828497e+29,0.000000
7,-1,-22,1.07414e+29,0.000000
7,1,-11,1.0739499e+29,0.000000
6,3,-18,1.0712072e+29,0.000000
10,-10,-19,1.0709759e+29,0.000000
5,0,30,1.0706757e+29,0.000000
5,0,-30,1.0706757e+29,0.000000
9,-4,-7,1.0692029e+29,0.000000
4,-1,-50,1.0678642e+29,0.000000
6,-1,15,1.0675959e+29,0.000000
6,5,-13,1.0668511e+29,0.000000
6,1,-21,1.0603707e+29,0.000000
6,3,-19,1.0555428e+29,0.000000
4,2,16,1.0553602e+29,0.000000
9,-6,-34,1.0525726e+29,0.000000
6,3,-17,1.0483563e+29,0.000000
4,-1,33,1.0451223e+29,0.000000
9,-8,-43,1.0446867e+29,0.000000
8,-6,-53,1.0332241e+29,0.000000
3,2,12,1.0300955e+29,0.000000
4,4,-45,1.0228507e+29,0.000000
10,-6,-11,1.0193657e+29,0.000000
9,-9,-39,1.0167612e+29,0.000000
10,-9,-7,1.0074949e+29,0.000000
4,1,-35,1.0073084e+29,0.000000
5,2,-31,1.0068293e+29,0.000000
6,3,-20,1.0029207e+29,0.000000
5,1,-29,1.0016068e+29,0.000000
5,1,23,9.9989081e+28,0.000000
6,-1,-26,9.9940676e+28,0.000000
6,5,-14,9.9848812e+28,0.000000
6,3,-16,9.9802544e+28,0.000000
9,-5,-28,9.9751771e+28,0.000000
6,-3,3,9.9736533e+28,0.000000
9,-4,-9,9.9477963e+28,0.000000
3,-1,-55,9.9179327e+28,0.000000
6,4,-22,9.8894268e+28,0.000000
4,-4,19,9.8880288e+28,0.000000
6,-2,8,9.8758999e+28,0.000000
10,-7,-20,9.8495893e+28,0.000000
5,4,-38,9.7075927e+28,0.000000
6,3,-14,9.6549908e+28,0.000000
7,5,-3,9.6319867e+28,0.000000
6,-4,-53,9.6086728e+28,0.000000
9,-8,-1,9.6034707e+28,0.000000
9,-8,-44,9.5994456e+28,0.000000
7,4,-4,9.5905135e+28,0.000000
5,-3,18,9.5902633e+28,0.000000
6,3,-15,9.5108035e+28,0.000000
7,1,-16,9.4923562e+28,0.000000
8,-5,-35,9.4739423e+28,0.000000
7,-2,-2,9.403067e+28,0.000000
6,5,-15,9.3967675e+28,0.000000
10,-8,-28,9.3941258e+28,0.000000
7,5,-2,9.3809875e+28,0.000000
2,0,46,9.2719238e+28,0.000000
2,0,-46,9.2719238e+28,0.000000
7,3,-14,9.2580745e+28,0.000000
6,3,-21,9.2149306e+28,0.000000
5,-2,16,9.2096194e+28,0.000000
7,1,-10,9.2063513e+28,0.000000
9,-9,-40,9.1681596e+28,0.000000
7,-1,6,9.1356865e+28,0.000000
6,-2,7,9.0361915e+28,0.000000
10,-10,-9,9.0052264e+28,0.000000
2,-2,43,8.9975327e+28,0.000000
6,-2,9,8.9515839e+28,0.000000
6,5,-16,8.8838926e+28,0.000000
5,5,-37,8.8707252e+28,0.000000
6,-2,-34,8.8433565e+28,0.000000
2,2,-49,8.8387968e+28,0.000000
7,-4,-49,8.8298201e+28,0.000000
7,1,-9,8.8217096e+28,0.000000
9,-8,-45,8.8100583e+28,0.000000
9,-7,-48,8.7746984e+28,0.000000
7,5,-4,8.7589589e+28,0.000000
6,-3,-50,8.749347e+28,0.000000
9,-4,-10,8.7474091e+28,0.000000
7,-3,-39,8.7284719e+28,0.000000
7,-5,-53,8.6443312e+28,0.000000
8,-3,-15,8.6020875e+28,0.000000
3,1,-40,8.6001159e+28,0.000000
4,2,-36,8.582892e+28,0.000000
6,-1,16,8.5531725e+28,0.000000
4,3,-44,8.5311126e+28,0.000000
6,2,-27,8.4904838e+28,0.000000
7,-1,5,8.4712966e+28,0.000000
3,-3,32,8.4420406e+28,0.000000
6,5,-17,8.4216481e+28,0.000000
3,1,31,8.4067004e+28,0.000000
9,-9,-41,8.3030001e+28,0.000000
6,-1,7,8.2288263e+28,0.000000
9,-5,-29,8.2216864e+28,0.000000
6,5,1,8.2175707e+28,0.000000
6,3,-22,8.2169689e+28,0.000000
3,2,-45,8.1730968e+28,0.000000
9,-6,-35,8.1534299e+28,0.000000
3,-2,31,8.1081731e+28,0.000000
3,3,-49,8.0978262e+28,0.000000
10,-8,-29,8.0805071e+28,0.000000
5,3,-31,8.0746031e+28,0.000000
5,-3,4,8.0696715e+28,0.000000
9,-8,-46,8.0690305e+28,0.000000
6,5,-18,7.9858353e+28,0.000000
4,1,-36,7.9814792e+28,0.000000
10,-9,-20,7.9278211e+28,0.000000
10,-7,-21,7.8856189e+28,0.000000
10,-6,-8,7.8575898e+28,0.000000
6,-4,-54,7.8157546e+28,0.000000
6,-2,4,7.807578e+28,0.000000
7,1,-17,7.7838975e+28,0.000000
7,5,-5,7.7489368e+28,0.000000
7,2,-5,7.7370931e+28,0.000000
8,-6,-54,7.6834489e+28,0.000000
2,-1,43,7.681852e+28,0.000000
6,-1,6,7.6655973e+28,0.000000
7,4,-5,7.6593063e+28,0.000000
2,-2,44,7.6225894e+28,0.000000
5,-2,-42,7.6050905e+28,0.000000
7,5,0,7.5940026e+28,0.000000
9,-4,-11,7.5766862e+28,0.000000
9,-9,-42,7.5590628e+28,0.000000
5,0,31,7.5586386e+28,0.000000
5,0,-31,7.5586386e+28,0.000000
6,5,-19,7.5562289e+28,0.000000
5,-1,30,7.5340743e+28,0.000000
10,-6,-12,7.5330308e+28,0.000000
4,-1,-51,7.519206e+28,0.000000
3,-1,40,7.5069075e+28,0.000000
10,-10,-20,7.4794649e+28,0.000000
8,-7,4,7.4716664e+28,0.000000
7,-1,7,7.4319065e+28,0.000000
4,4,-46,7.3954197e+28,0.000000
4,-2,26,7.3773794e+28,0.000000
9,-8,-47,7.3697247e+28,0.000000
7,-1,-23,7.3624667e+28,0.000000
5,4,-39,7.3131386e+28,0.000000
6,-2,10,7.2730968e+28,0.000000
4,-3,23,7.2498746e+28,0.000000
5,-3,-55,7.1958013e+28,0.000000
6,3,-23,7.1356663e+28,0.000000
6,5,-20,7.1185639e+28,0.000000
4,0,39,7.0572897e+28,0.000000
4,0,-39,7.0572897e+28,0.000000
5,5,-38,7.035485e+28,0.000000
7,5,-1,7.0281312e+28,0.000000
10,-8,-30,7.0041935e+28,0.000000
9,-7,-49,6.9900732e+28,0.000000
9,-9,-43,6.921815e+28,0.000000
2,1,31,6.9011655e+28,0.000000
4,1,26,6.8544545e+28,0.000000
3,0,44,6.8176251e+28,0.000000
3,0,-44,6.8176251e+28,0.000000
7,5,-6,6.8132207e+28,0.000000
9,-8,-48,6.7079846e+28,0.000000
6,5,-21,6.6650571e+28,0.000000
6,-1,17,6.6421291e+28,0.000000
9,-5,-30,6.6409693e+28,0.000000
5,-3,19,6.6361115e+28,0.000000
7,-4,-50,6.623568e+28,0.000000
2,-2,45,6.548651e+28,0.000000
9,-4,-12,6.547001e+28,0.000000
3,3,10,6.5401725e+28,0.000000
7,-3,-40,6.5322583e+28,0.000000
8,-2,-6,6.5149662e+28,0.000000
6,1,-22,6.4476888e+28,0.000000
7,3,-15,6.4231137e+28,0.000000
10,-7,-22,6.4115565e+28,0.000000
7,5,1,6.4104249e+28,0.000000
9,-4,-3,6.4041332e+28,0.000000
6,4,-23,6.3986255e+28,0.000000
9,-9,-44,6.3757244e+28,0.000000
8,-4,-32,6.335772e+28,0.000000
5,2,-32,6.330052e+28,0.000000
5,1,24,6.3285892e+28,0.000000
7,2,-1,6.3259653e+28,0.000000
3,1,-41,6.3235372e+28,0.000000
6,-4,-55,6.3195547e+28,0.000000
8,-2,-7,6.3142235e+28,0.000000
9,-9,-2,6.3063528e+28,0.000000
6,0,20,6.2966806e+28,0.000000
6,0,-20,6.2966806e+28,0.000000
9,-6,-36,6.2496923e+28,0.000000
4,1,-37,6.2259226e+28,0.000000
7,4,-6,6.2088842e+28,0.000000
6,5,-22,6.1938401e+28,0.000000
7,1,-18,6.1331632e+28,0.000000
4,-1,34,6.1174479e+28,0.000000
10,-8,-31,6.1147487e+28,0.000000
5,-1,-34,6.0832347e+28,0.000000
9,-8,-49,6.0815631e+28,0.000000
8,-2,-5,6.0560266e+28,0.000000
8,-3,-16,6.0536884e+28,0.000000
6,3,-24,6.0534738e+28,0.000000
7,-2,0,6.0300029e+28,0.000000
6,2,-28,6.004319e+28,0.000000
7,5,-7,5.9812069e+28,0.000000
3,-2,32,5.9532915e+28,0.000000
7,-5,-54,5.9394192e+28,0.000000
4,3,-45,5.9099863e+28,0.000000
9,-9,-45,5.9050197e+28,0.000000
2,0,47,5.8681403e+28,0.000000
2,0,-47,5.8681403e+28,0.000000
5,3,-32,5.8626405e+28,0.000000
10,-9,-21,5.8328048e+28,0.000000
6,-3,-51,5.814468e+28,0.000000
6,-2,-35,5.7934947e+28,0.000000
9,-4,-6,5.7929676e+28,0.000000
10,-6,-13,5.7674133e+28,0.000000
8,-2,-8,5.7320922e+28,0.000000
8,-6,-55,5.7135645e+28,0.000000
6,5,-23,5.7077486e+28,0.000000
2,-2,46,5.6766001e+28,0.000000
9,-4,-13,5.6721985e+28,0.000000
8,-3,1,5.6675836e+28,0.000000
2,2,-50,5.6414878e+28,0.000000
5,5,-39,5.5507418e+28,0.000000
6,-6,6,5.5507366e+28,0.000000
9,-7,-50,5.5471773e+28,0.000000
6,-2,6,5.5365972e+28,0.000000
4,2,17,5.5021238e+28,0.000000
3,2,13,5.5002412e+28,0.000000
9,-9,-46,5.4945097e+28,0.000000
6,-2,11,5.4919429e+28,0.000000
5,4,-40,5.4906957e+28,0.000000
9,-8,-50,5.4895737e+28,0.000000
3,3,-50,5.4200206e+28,0.000000
8,-5,-36,5.4198127e+28,0.000000
10,-8,-32,5.3732452e+28,0.000000
4,4,-47,5.3391936e+28,0.000000
7,2,-6,5.3320945e+28,0.000000
10,-10,-21,5.2997007e+28,0.000000
5,0,32,5.298654e+28,0.000000
5,0,-32,5.298654e+28,0.000000
10,-7,-23,5.2847579e+28,0.000000
7,5,-8,5.2660323e+28,0.000000
9,-5,-31,5.2616028e+28,0.000000
4,-1,-52,5.2581459e+28,0.000000
6,5,-24,5.2128571e+28,0.000000
10,-9,-6,5.2040752e+28,0.000000
6,-1,-27,5.1727068e+28,0.000000
5,-2,17,5.168594e+28,0.000000
4,-4,20,5.1612786e+28,0.000000
9,-9,-1,5.1581773e+28,0.000000
7,-1,8,5.1458514e+28,0.000000
9,-9,-47,5.1303018e+28,0.000000
3,2,-46,5.123522e+28,0.000000
7,4,-7,5.108922e+28,0.000000
6,3,-25,5.0301417e+28,0.000000
10,-6,-1,5.0250385e+28,0.000000
6,-1,18,5.0215158e+28,0.000000
2,2,18,4.9561839e+28,0.000000
7,-4,-51,4.9551093e+28,0.000000
9,-4,-5,4.9453212e+28,0.000000
2,-2,47,4.9442513e+28,0.000000
7,-1,-24,4.9435868e+28,0.000000
7,-2,-1,4.9418389e+28,0.000000
9,-8,-51,4.9319983e+28,0.000000
9,-4,-14,4.9283512e+28,0.000000
8,-2,-9,4.9261728e+28,0.000000
5,1,-30,4.8980654e+28,0.000000
3,-3,33,4.8726125e+28,0.000000
7,-3,-41,4.8498039e+28,0.000000
4,2,-37,4.8117599e+28,0.000000
9,-9,-48,4.8003322e+28,0.000000
4,1,-38,4.7933508e+28,0.000000
10,-7,-2,4.7644325e+28,0.000000
10,-8,-33,4.7489451e+28,0.000000
9,-6,-37,4.7398264e+28,0.000000
6,5,-25,4.7170438e+28,0.000000
3,1,32,4.675666e+28,0.000000
7,5,-9,4.6732711e+28,0.000000
7,1,-19,4.6685805e+28,0.000000
10,-8,-2,4.6641385e+28,0.000000
5,-1,31,4.5955623e+28,0.000000
3,1,-42,4.5773387e+28,0.000000
6,-5,5,4.5582612e+28,0.000000
10,-6,-14,4.5441912e+28,0.000000
10,-10,-8,4.5280591e+28,0.000000
4,0,40,4.5205203e+28,0.000000
4,0,-40,4.5205203e+28,0.000000
5,-3,20,4.5127353e+28,0.000000
7,-2,-4,4.5017266e+28,0.000000
9,-9,-49,4.4946771e+28,0.000000
2,-1,44,4.4892201e+28,0.000000
4,-3,24,4.4406075e+28,0.000000
9,-8,-52,4.4092713e+28,0.000000
10,-7,-24,4.4078732e+28,0.000000
10,-9,-22,4.4038685e+28,0.000000
8,-2,-4,4.3915019e+28,0.000000
9,-7,-51,4.3865263e+28,0.000000
5,5,-40,4.3579555e+28,0.000000
2,1,-38,4.3250076e+28,0.000000
2,-2,48,4.3133526e+28,0.000000
3,-2,33,4.3051655e+28,0.000000
9,-4,-15,4.2824777e+28,0.000000
3,0,45,4.2741091e+28,0.000000
3,0,-45,4.2741091e+28,0.000000
7,3,-16,4.255371e+28,0.000000
7,4,-8,4.2518499e+28,0.000000
6,5,-26,4.2287575e+28,0.000000
10,-8,-34,4.2173189e+28,0.000000
5,3,-33,4.2081521e+28,0.000000
9,-9,-50,4.2056535e+28,0.000000
6,2,-29,4.1969474e+28,0.000000
7,5,-10,4.1948612e+28,0.000000
6,6,3,4.1720348e+28,0.000000
9,-8,0,4.171557e+28,0.000000
9,-4,-4,4.1183562e+28,0.000000
4,1,27,4.1164051e+28,0.000000
5,4,-41,4.1095208e+28,0.000000
8,-3,-17,4.10903e+28,0.000000
6,3,-26,4.1034297e+28,0.000000
9,-5,-32,4.0926609e+28,0.000000
4,3,-46,4.0860323e+28,0.000000
7,-5,-55,4.0787862e+28,0.000000
3,-1,41,4.0724526e+28,0.000000
6,4,-24,4.0639029e+28,0.000000
7,0,7,4.0564459e+28,0.000000
7,0,-7,4.0564459e+28,0.000000
8,-2,-10,4.0150559e+28,0.000000
5,1,25,3.9716886e+28,0.000000
7,0,6,3.9562849e+28,0.000000
7,0,-6,3.9562849e+28,0.000000
2,1,32,3.9410764e+28,0.000000
5,2,-33,3.9384768e+28,0.000000
6,-2,12,3.930375e+28,0.000000
9,-9,-51,3.9277409e+28,0.000000
9,-8,-53,3.9219493e+28,0.000000
4,4,-48,3.8490642e+28,0.000000
10,-10,-22,3.8449572e+28,0.000000
6,-3,-52,3.8326548e+28,0.000000
6,1,-23,3.8149827e+28,0.000000
7,5,-11,3.8097179e+28,0.000000
2,0,48,3.797206e+28,0.000000
2,0,-48,3.797206e+28,0.000000
7,0,8,3.7695285e+28,0.000000
7,0,-8,3.7695285e+28,0.000000
6,-2,-36,3.7694924e+28,0.000000
2,-2,49,3.7606133e+28,0.000000
10,-8,-35,3.7588246e+28,0.000000
6,5,-27,3.7560672e+28,0.000000
5,-2,-43,3.7470876e+28,0.000000
10,-5,-3,3.7261678e+28,0.000000
7,4,0,3.7150742e+28,0.000000
10,-7,-25,3.7137957e+28,0.000000
6,5,3,3.7120835e+28,0.000000
6,-1,19,3.7093025e+28,0.000000
9,-4,-16,3.7055944e+28,0.000000
7,-4,-52,3.6991935e+28,0.000000
5,0,33,3.6912559e+28,0.000000
5,0,-33,3.6912559e+28,0.000000
9,-9,-52,3.6573719e+28,0.000000
8,-8,5,3.6504246e+28,0.000000
4,1,-39,3.6499309e+28,0.000000
4,-1,-53,3.6490062e+28,0.000000
10,-6,-15,3.6451926e+28,0.000000
2,2,-51,3.6252296e+28,0.000000
7,2,-7,3.6171591e+28,0.000000
3,3,-51,3.6168369e+28,0.000000
7,-1,4,3.6138646e+28,0.000000
7,-3,-42,3.5760904e+28,0.000000
8,-4,-33,3.5616706e+28,0.000000
4,-1,35,3.5575111e+28,0.000000
7,4,-9,3.5570396e+28,0.000000
9,-6,-38,3.55639e+28,0.000000
3,3,11,3.5079843e+28,0.000000
7,5,-12,3.4896888e+28,0.000000
9,-8,-54,3.470467e+28,0.000000
10,-8,-1,3.460469e+28,0.000000
9,-7,-52,3.4573827e+28,0.000000
7,1,-20,3.4482347e+28,0.000000
7,-2,-5,3.4387508e+28,0.000000
10,-9,-23,3.4059291e+28,0.000000
5,5,-41,3.4059291e+28,0.000000
9,-9,-53,3.3926357e+28,0.000000
6,6,-4,3.364093e+28,0.000000
10,-8,-36,3.3580759e+28,0.000000
7,0,5,3.3079371e+28,0.000000
7,0,-5,3.3079371e+28,0.000000
6,5,-28,3.306009e+28,0.000000
6,6,-3,3.3050191e+28,0.000000
6,3,-27,3.2926207e+28,0.000000
2,-2,50,3.2716933e+28,0.000000
3,1,-43,3.2650472e+28,0.000000
7,-1,-25,3.2566686e+28,0.000000
7,0,9,3.2513893e+28,0.000000
7,0,-9,3.2513893e+28,0.000000
6,6,-5,3.2157521e+28,0.000000
7,5,-13,3.2068502e+28,0.000000
3,2,-47,3.1989344e+28,0.000000
9,-4,-17,3.1776634e+28,0.000000
9,-4,0,3.16545e+28,0.000000
7,-1,9,3.1595153e+28,0.000000
10,-7,-26,3.1556199e+28,0.000000
10,-6,0,3.1472613e+28,0.000000
7,4,2,3.1453989e+28,0.000000
9,-9,-54,3.1329405e+28,0.000000
9,-5,-33,3.1278882e+28,0.000000
8,-2,-11,3.1004351e+28,0.000000
3,-2,34,3.0729426e+28,0.000000
5,4,-42,3.0668995e+28,0.000000
9,-8,-55,3.0549734e+28,0.000000
8,-5,-37,3.0473195e+28,0.000000
5,-4,5,3.0453482e+28,0.000000
5,-3,21,3.0257551e+28,0.000000
6,6,-6,3.0208979e+28,0.000000
10,-8,-37,3.0031899e+28,0.000000
5,3,-34,2.9900243e+28,0.000000
6,6,2,2.9856348e+28,0.000000
5,1,1,2.9833574e+28,0.000000
7,4,-10,2.9689623e+28,0.000000
5,2,6,2.9599016e+28,0.000000
10,-6,-16,2.946955e+28,0.000000
7,5,-14,2.9390977e+28,0.000000
6,2,-30,2.9028044e+28,0.000000
6,6,0,2.8853186e+28,0.000000
6,5,-29,2.8842043e+28,0.000000
4,0,41,2.8805336e+28,0.000000
4,0,-41,2.8805336e+28,0.000000
9,-9,-55,2.8786692e+28,0.000000
4,-2,27,2.87644e+28,0.000000
10,-10,-23,2.8636715e+28,0.000000
3,2,14,2.8551472e+28,0.000000
5,-5,6,2.8513017e+28,0.000000
6,6,-2,2.8389507e+28,0.000000
2,-2,51,2.8376003e+28,0.000000
6,6,-7,2.8324196e+28,0.000000
5,-2,18,2.8319082e+28,0.000000
3,-3,34,2.8200536e+28,0.000000
4,2,18,2.8199188e+28,0.000000
4,3,-47,2.8187933e+28,0.000000
10,-9,-5,2.8008003e+28,0.000000
5,-1,32,2.7898674e+28,0.000000
10,-5,-2,2.7744707e+28,0.000000
4,4,-49,2.7706879e+28,0.000000
7,-4,-53,2.7574149e+28,0.000000
4,1,-40,2.7533224e+28,0.000000
7,-7,6,2.7201996e+28,0.000000
4,-3,25,2.7199838e+28,0.000000
8,2,-1,2.7197821e+28,0.000000
9,-7,-53,2.7169034e+28,0.000000
8,-3,-18,2.7106103e+28,0.000000
5,2,7,2.7097567e+28,0.000000
4,-4,21,2.7014836e+28,0.000000
10,-7,-27,2.6999709e+28,0.000000
6,-2,13,2.6978309e+28,0.000000
10,-9,-24,2.6907825e+28,0.000000
7,3,-17,2.6887995e+28,0.000000
9,-4,-18,2.6881366e+28,0.000000
6,-1,20,2.6854324e+28,0.000000
10,-8,-38,2.6852126e+28,0.000000
3,0,46,2.6735426e+28,0.000000
3,0,-46,2.6735426e+28,0.000000
7,5,-15,2.6727698e+28,0.000000
6,6,-8,2.6664373e+28,0.000000
10,-5,-4,2.6533591e+28,0.000000
5,5,-42,2.6506356e+28,0.000000
4,2,-38,2.6417976e+28,0.000000
2,-1,45,2.6403628e+28,0.000000
9,-6,-39,2.6397023e+28,0.000000
6,0,21,2.6366922e+28,0.000000
6,0,-21,2.6366922e+28,0.000000
7,0,10,2.6332993e+28,0.000000
7,0,-10,2.6332993e+28,0.000000
7,-3,-43,2.6215057e+28,0.000000
5,2,5,2.6118651e+28,0.000000
7,-2,-6,2.6115925e+28,0.000000
6,3,-28,2.6030112e+28,0.000000
3,1,33,2.5946229e+28,0.000000
6,-1,-28,2.5910398e+28,0.000000
6,1,3,2.578537e+28,0.000000
5,0,34,2.5571729e+28,0.000000
5,0,-34,2.5571729e+28,0.000000
9,-7,4,2.5481503e+28,0.000000
5,-1,-35,2.5337076e+28,0.000000
6,4,-25,2.5325343e+28,0.000000
6,6,-9,2.5239383e+28,0.000000
2,0,49,2.5190461e+28,0.000000
2,0,-49,2.5190461e+28,0.000000
4,-1,-54,2.5110872e+28,0.000000
6,6,-1,2.5047352e+28,0.000000
6,-3,-53,2.5010787e+28,0.000000
6,5,-30,2.4947028e+28,0.000000
9,-4,1,2.4914835e+28,0.000000
7,1,-21,2.4800143e+28,0.000000
5,1,26,2.4742733e+28,0.000000
4,1,28,2.4616745e+28,0.000000
7,4,-11,2.4540007e+28,0.000000
2,-2,52,2.4521729e+28,0.000000
6,-2,-37,2.4360845e+28,0.000000
7,2,-8,2.4333658e+28,0.000000
5,2,-34,2.4235809e+28,0.000000
6,6,1,2.4178323e+28,0.000000
3,3,-52,2.4063818e+28,0.000000
7,5,-16,2.4025382e+28,0.000000
10,-10,-7,2.400821e+28,0.000000
10,-8,-39,2.3975808e+28,0.000000
6,6,-10,2.3965394e+28,0.000000
10,-6,-17,2.3804871e+28,0.000000
7,-6,5,2.3780891e+28,0.000000
2,2,-52,2.351883e+28,0.000000
9,-5,-34,2.3505625e+28,0.000000
10,-7,-28,2.3226513e+28,0.000000
3,1,-44,2.2961765e+28,0.000000
5,1,-31,2.2910033e+28,0.000000
5,4,-43,2.2827159e+28,0.000000
6,6,-11,2.2726257e+28,0.000000
8,-2,-12,2.263628e+28,0.000000
2,1,33,2.2523018e+28,0.000000
8,4,1,2.2464826e+28,0.000000
9,-4,-19,2.2342314e+28,0.000000
5,2,8,2.215745e+28,0.000000
7,1,6,2.20674e+28,0.000000
3,-1,42,2.2038696e+28,0.000000
6,1,-24,2.1927867e+28,0.000000
10,-10,-24,2.1888752e+28,0.000000
3,-2,35,2.1686486e+28,0.000000
10,-9,-25,2.1650707e+28,0.000000
2,2,19,2.1503781e+28,0.000000
7,-2,-3,2.1485426e+28,0.000000
6,6,-12,2.1431088e+28,0.000000
6,5,-31,2.139995e+28,0.000000
10,-8,-40,2.1356223e+28,0.000000
7,5,-17,2.1295523e+28,0.000000
9,-7,-54,2.1292423e+28,0.000000
7,5,3,2.1139154e+28,0.000000
2,-2,53,2.1108435e+28,0.000000
7,-1,-26,2.1072554e+28,0.000000
5,3,-35,2.1053084e+28,0.000000
7,1,5,2.071627e+28,0.000000
4,1,-41,2.0602885e+28,0.000000
5,5,-43,2.0547627e+28,0.000000
7,-4,-54,2.0533218e+28,0.000000
4,-1,36,2.0533193e+28,0.000000
7,-2,-7,2.0406057e+28,0.000000
6,3,-29,2.0302911e+28,0.000000
7,0,4,2.0282974e+28,0.000000
7,0,-4,2.0282974e+28,0.000000
6,1,11,2.0210116e+28,0.000000
7,0,11,2.0144171e+28,0.000000
7,0,-11,2.0144171e+28,0.000000
10,-7,-29,2.0058485e+28,0.000000
5,-3,22,2.0054764e+28,0.000000
6,6,-13,2.0045226e+28,0.000000
9,-6,3,2.0000166e+28,0.000000
5,-4,8,1.9972005e+28,0.000000
7,4,-12,1.9955919e+28,0.000000
4,4,-50,1.9913133e+28,0.000000
3,2,-48,1.9906554e+28,0.000000
6,2,-31,1.9884508e+28,0.000000
6,1,10,1.972297e+28,0.000000
8,-4,-34,1.96392e+28,0.000000
6,1,12,1.9432058e+28,0.000000
4,3,-48,1.9398057e+28,0.000000
9,-6,-40,1.9379843e+28,0.000000
6,1,4,1.9376097e+28,0.000000
10,-8,0,1.9343698e+28,0.000000
7,-3,-44,1.9122196e+28,0.000000
6,-1,21,1.9104187e+28,0.000000
3,3,12,1.9095355e+28,0.000000
10,-6,-18,1.9078022e+28,0.000000
10,-8,-41,1.8960993e+28,0.000000
9,-8,1,1.8848408e+28,0.000000
9,-9,1,1.8622954e+28,0.000000
6,6,-14,1.8590923e+28,0.000000
7,5,-18,1.8589212e+28,0.000000
9,-3,-2,1.8442204e+28,0.000000
4,0,42,1.8257219e+28,0.000000
4,0,-42,1.8257219e+28,0.000000
6,5,-32,1.8211426e+28,0.000000
9,-4,-20,1.8182719e+28,0.000000
2,-2,54,1.8097819e+28,0.000000
7,1,7,1.7998103e+28,0.000000
5,-4,9,1.799503e+28,0.000000
6,-2,14,1.7901942e+28,0.000000
6,-4,9,1.7892615e+28,0.000000
6,1,9,1.787409e+28,0.000000
8,-3,-19,1.7734636e+28,0.000000
6,1,13,1.7696429e+28,0.000000
10,-9,-26,1.769619e+28,0.000000
5,0,35,1.7626312e+28,0.000000
5,0,-35,1.7626312e+28,0.000000
5,-4,7,1.7568703e+28,0.000000
5,-2,-44,1.7483646e+28,0.000000
7,-1,10,1.7432871e+28,0.000000
7,1,-22,1.7417768e+28,0.000000
8,-5,-38,1.7401705e+28,0.000000
9,-5,-35,1.7379618e+28,0.000000
10,-7,-30,1.7363394e+28,0.000000
2,0,50,1.7140571e+28,0.000000
2,0,-50,1.7140571e+28,0.000000
10,-10,-25,1.7137739e+28,0.000000
6,6,-15,1.7128041e+28,0.000000
4,-1,-55,1.7123399e+28,0.000000
5,4,-44,1.6948925e+28,0.000000
6,-4,8,1.686407e+28,0.000000
5,2,9,1.6863278e+28,0.000000
5,-1,33,1.6852918e+28,0.000000
10,-8,-42,1.67681e+28,0.000000
7,2,-9,1.6737311e+28,0.000000
3,0,47,1.670603e+28,0.000000
3,0,-47,1.670603e+28,0.000000
4,-3,26,1.6663321e+28,0.000000
9,-7,-55,1.6646637e+28,0.000000
5,-1,-40,1.6643071e+28,0.000000
5,-1,-39,1.6516211e+28,0.000000
7,-2,-8,1.6384715e+28,0.000000
3,-3,35,1.6365298e+28,0.000000
7,3,-18,1.6165982e+28,0.000000
6,-3,-54,1.6119312e+28,0.000000
7,5,-19,1.5973401e+28,0.000000
3,3,-53,1.5967466e+28,0.000000
3,1,-45,1.5922896e+28,0.000000
7,4,-13,1.5883854e+28,0.000000
5,5,-44,1.5870906e+28,0.000000
5,-1,-41,1.5840872e+28,0.000000
6,6,-16,1.5728468e+28,0.000000
8,4,-1,1.5681275e+28,0.000000
2,-1,46,1.5675551e+28,0.000000
6,3,-30,1.5642712e+28,0.000000
6,-2,-38,1.5636563e+28,0.000000
8,-2,-13,1.5584298e+28,0.000000
6,4,-26,1.5473718e+28,0.000000
2,-2,55,1.545505e+28,0.000000
2,2,-53,1.5450448e+28,0.000000
5,-1,-38,1.5404873e+28,0.000000
6,1,14,1.5380109e+28,0.000000
6,5,-33,1.5379805e+28,0.000000
5,1,27,1.5314897e+28,0.000000
4,1,-42,1.530901e+28,0.000000
7,-4,-55,1.5280994e+28,0.000000
6,2,8,1.5257228e+28,0.000000
8,-2,0,1.522174e+28,0.000000
9,-9,0,1.5208726e+28,0.000000
3,-2,36,1.515184e+28,0.000000
5,-2,19,1.5139126e+28,0.000000
10,-6,-19,1.5084934e+28,0.000000
10,-7,-31,1.5042989e+28,0.000000
5,-1,-36,1.5022423e+28,0.000000
6,-4,10,1.5011427e+28,0.000000
6,1,8,1.4958357e+28,0.000000
7,-1,3,1.4872538e+28,0.000000
10,-8,-43,1.4762544e+28,0.000000
5,2,-35,1.4737458e+28,0.000000
5,3,-36,1.4703269e+28,0.000000
10,-9,-27,1.4664455e+28,0.000000
4,1,29,1.4661371e+28,0.000000
7,0,12,1.4597341e+28,0.000000
7,0,-12,1.4597341e+28,0.000000
6,6,-17,1.4454532e+28,0.000000
9,-4,-21,1.4448953e+28,0.000000
5,-1,-42,1.4401448e+28,0.000000
3,2,15,1.4383504e+28,0.000000
3,1,34,1.4360043e+28,0.000000
10,-7,0,1.4344806e+28,0.000000
2,1,-39,1.4300461e+28,0.000000
4,4,-51,1.4287503e+28,0.000000
4,2,19,1.4196789e+28,0.000000
5,-4,10,1.4192705e+28,0.000000
4,-4,22,1.417791e+28,0.000000
10,-6,1,1.4131996e+28,0.000000
4,2,-39,1.4131849e+28,0.000000
6,2,9,1.4080417e+28,0.000000
9,-6,-41,1.4071538e+28,0.000000
5,-1,-37,1.4024977e+28,0.000000
6,2,7,1.3965703e+28,0.000000
7,-3,-45,1.3890179e+28,0.000000
8,-2,-2,1.3851586e+28,0.000000
10,-10,-26,1.3701386e+28,0.000000
7,-2,-9,1.3626563e+28,0.000000
7,5,-20,1.3512943e+28,0.000000
6,2,-32,1.3500704e+28,0.000000
10,-10,-6,1.3434892e+28,0.000000
7,-1,-27,1.3403551e+28,0.000000
6,-1,22,1.3384038e+28,0.000000
6,6,-18,1.3346174e+28,0.000000
4,3,-49,1.3312213e+28,0.000000
10,-9,-4,1.3256007e+28,0.000000
5,2,4,1.3250196e+28,0.000000
5,-3,23,1.3166999e+28,0.000000
10,-7,-32,1.3024623e+28,0.000000
10,-8,-44,1.2933688e+28,0.000000
6,5,-34,1.2893533e+28,0.000000
2,1,34,1.2880206e+28,0.000000
6,1,15,1.2834645e+28,0.000000
8,2,-7,1.2824815e+28,0.000000
8,4,-2,1.2787861e+28,0.000000
6,-1,-29,1.2760705e+28,0.000000
9,-8,3,1.2686046e+28,0.000000
9,-5,-36,1.2649899e+28,0.000000
5,-1,-43,1.2628354e+28,0.000000
7,1,8,1.2577662e+28,0.000000
5,4,-45,1.2556201e+28,0.000000
7,2,-10,1.2502426e+28,0.000000
7,2,-16,1.2442637e+28,0.000000
7,2,-15,1.2426942e+28,0.000000
6,6,-19,1.2417102e+28,0.000000
3,2,-49,1.2365566e+28,0.000000
7,4,-14,1.232644e+28,0.000000
8,2,-8,1.2310036e+28,0.000000
10,-9,-28,1.2305956e+28,0.000000
5,5,-45,1.2217919e+28,0.000000
6,1,-25,1.2216257e+28,0.000000
10,-7,-1,1.219553e+28,0.000000
5,2,10,1.2185559e+28,0.000000
8,2,-6,1.2121389e+28,0.000000
5,0,36,1.2093952e+28,0.000000
5,0,-36,1.2093952e+28,0.000000
6,1,5,1.2090856e+28,0.000000
8,-3,-20,1.1975669e+28,0.000000
7,1,-23,1.1972851e+28,0.000000
7,2,-17,1.1958568e+28,0.000000
7,2,-14,1.1941685e+28,0.000000
2,0,51,1.1937166e+28,0.000000
2,0,-51,1.1937166e+28,0.000000
6,3,-31,1.1917668e+28,0.000000
3,-1,43,1.1917352e+28,0.000000
7,-2,-10,1.1897681e+28,0.000000
6,1,7,1.1852149e+28,0.000000
6,0,22,1.1762554e+28,0.000000
6,0,-22,1.1762554e+28,0.000000
6,2,10,1.1749619e+28,0.000000
4,-1,37,1.1748607e+28,0.000000
10,-6,-20,1.1718343e+28,0.000000
6,6,-20,1.16576e+28,0.000000
6,-2,15,1.1548642e+28,0.000000
4,0,43,1.1510281e+28,0.000000
4,0,-43,1.1510281e+28,0.000000
10,-6,2,1.1398016e+28,0.000000
4,1,-43,1.1304693e+28,0.000000
10,-8,-45,1.1273253e+28,0.000000
7,5,-21,1.1259558e+28,0.000000
10,-7,-33,1.1254974e+28,0.000000
6,-4,11,1.121951e+28,0.000000
7,2,-13,1.1186866e+28,0.000000
9,-4,-22,1.1186314e+28,0.000000
10,-10,-27,1.1142795e+28,0.000000
7,2,-18,1.1054251e+28,0.000000
6,6,-21,1.1041036e+28,0.000000
7,3,2,1.1018618e+28,0.000000
8,2,-2,1.0977771e+28,0.000000
7,-2,-11,1.0976029e+28,0.000000
8,2,-9,1.0901956e+28,0.000000
3,1,-46,1.0887059e+28,0.000000
8,-4,-35,1.0881749e+28,0.000000
8,-5,-39,1.0781268e+28,0.000000
5,-1,-44,1.076002e+28,0.000000
7,2,-11,1.074568e+28,0.000000
6,5,-35,1.0733579e+28,0.000000
7,-2,-12,1.060475e+28,0.000000
7,2,-12,1.0576638e+28,0.000000
3,3,-54,1.0574446e+28,0.000000
6,6,-22,1.0531443e+28,0.000000
7,-2,-13,1.0514745e+28,0.000000
3,3,13,1.0508107e+28,0.000000
3,-2,37,1.0491035e+28,0.000000
7,-2,-14,1.0466923e+28,0.000000
10,-9,-29,1.0450655e+28,0.000000
3,0,48,1.0449732e+28,0.000000
3,0,-48,1.0449732e+28,0.000000
9,-3,0,1.0395563e+28,0.000000
6,-2,5,1.0392103e+28,0.000000
4,-2,28,1.0392032e+28,0.000000
6,1,16,1.0335536e+28,0.000000
2,2,-54,1.0307945e+28,0.000000
5,-4,11,1.0292472e+28,0.000000
7,-2,-15,1.0286316e+28,0.000000
6,6,4,1.0264167e+28,0.000000
10,-5,-5,1.0262473e+28,0.000000
4,4,-52,1.023199e+28,0.000000
6,-3,-55,1.0229152e+28,0.000000
4,-3,27,1.0210884e+28,0.000000
5,3,-37,1.0193041e+28,0.000000
6,1,6,1.0151897e+28,0.000000
5,1,-32,1.014109e+28,0.000000
9,-8,2,1.0140227e+28,0.000000
5,-1,34,1.0126768e+28,0.000000
9,-6,-42,1.0103513e+28,0.000000
6,6,-23,1.0090442e+28,0.000000
8,-2,-14,1.0089637e+28,0.000000
7,-3,-46,1.0054218e+28,0.000000
7,0,13,1.0029857e+28,0.000000
7,0,-13,1.0029857e+28,0.000000
8,2,-5,1.0025864e+28,0.000000
6,-2,-39,9.9657876e+27,0.000000
7,-2,-16,9.8771187e+27,0.000000
7,2,-19,9.861742e+27,0.000000
10,-8,-46,9.7738987e+27,0.000000
10,-7,-34,9.6951097e+27,0.000000
6,6,-24,9.6825686e+27,0.000000
5,-4,6,9.590629e+27,0.000000
7,1,4,9.5480035e+27,0.000000
3,-3,36,9.5234691e+27,0.000000
2,-1,47,9.4391764e+27,0.000000
5,1,28,9.424819e+27,0.000000
10,-5,-1,9.3810151e+27,0.000000
5,5,-46,9.3771612e+27,0.000000
7,4,-15,9.2990366e+27,0.000000
5,4,-46,9.2828397e+27,0.000000
6,6,-25,9.2787264e+27,0.000000
6,4,-27,9.2590663e+27,0.000000
6,-1,23,9.2510622e+27,0.000000
7,5,-22,9.2469724e+27,0.000000
9,-3,-3,9.2209737e+27,0.000000
7,3,-19,9.220069e+27,0.000000
7,-2,-17,9.218593e+27,0.000000
10,-10,-28,9.1838907e+27,0.000000
6,2,11,9.1558887e+27,0.000000
2,2,20,9.131756e+27,0.000000
4,3,-50,9.107099e+27,0.000000
6,2,-33,9.0910573e+27,0.000000
9,-9,3,9.0771767e+27,0.000000
9,-5,-37,9.0679007e+27,0.000000
6,2,6,9.0660653e+27,0.000000
8,-4,3,9.0413841e+27,0.000000
6,3,-32,8.9865554e+27,0.000000
8,2,-10,8.9817891e+27,0.000000
10,-9,-30,8.9773621e+27,0.000000
5,-1,-45,8.9566195e+27,0.000000
10,-6,-21,8.9213006e+27,0.000000
6,5,-36,8.8757252e+27,0.000000
6,6,-26,8.8578968e+27,0.000000
5,2,-36,8.845222e+27,0.000000
8,-3,-21,8.8172826e+27,0.000000
4,1,30,8.6965806e+27,0.000000
7,-1,11,8.6642185e+27,0.000000
5,-3,24,8.5773161e+27,0.000000
7,2,-20,8.5219833e+27,0.000000
9,-5,3,8.5013706e+27,0.000000
7,0,2,8.4764495e+27,0.000000
7,0,-2,8.4764495e+27,0.000000
2,0,52,8.4702957e+27,0.000000
2,0,-52,8.4702957e+27,0.000000
5,2,11,8.4491305e+27,0.000000
10,-8,-47,8.4283119e+27,0.000000
9,-4,-23,8.4218938e+27,0.000000
6,6,-27,8.4074328e+27,0.000000
7,-1,-28,8.3847269e+27,0.000000
7,-2,-18,8.3474569e+27,0.000000
10,-7,-35,8.3165505e+27,0.000000
4,1,-44,8.3007018e+27,0.000000
5,0,37,8.2627637e+27,0.000000
5,0,-37,8.2627637e+27,0.000000
8,4,-3,8.1143214e+27,0.000000
7,1,-24,8.0694795e+27,0.000000
6,1,17,8.065847e+27,0.000000
3,1,35,7.9235225e+27,0.000000
6,6,-28,7.9223468e+27,0.000000
6,-4,7,7.9129146e+27,0.000000
5,-2,20,7.8856418e+27,0.000000
8,-5,-40,7.8407371e+27,0.000000
6,-4,12,7.8346506e+27,0.000000
7,1,9,7.8322284e+27,0.000000
10,-9,-31,7.7959803e+27,0.000000
5,-2,-45,7.7556765e+27,0.000000
3,2,-50,7.6897796e+27,0.000000
10,-10,-29,7.649564e+27,0.000000
7,5,-23,7.4905646e+27,0.000000
4,-4,23,7.4597252e+27,0.000000
6,6,-29,7.4039809e+27,0.000000
2,1,35,7.3701263e+27,0.000000
10,-10,-5,7.3563258e+27,0.000000
8,-3,-22,7.3518943e+27,0.000000
3,1,-47,7.3390577e+27,0.000000
7,-2,-19,7.3342469e+27,0.000000
4,2,-40,7.315991e+27,0.000000
4,4,-53,7.3122191e+27,0.000000
5,-1,-46,7.3117976e+27,0.000000
6,5,-37,7.2925999e+27,0.000000
5,-5,7,7.2917302e+27,0.000000
6,-2,16,7.273303e+27,0.000000
7,-3,-47,7.2559217e+27,0.000000
10,-8,-48,7.2286861e+27,0.000000
4,0,44,7.2209352e+27,0.000000
4,0,-44,7.2209352e+27,0.000000
3,-2,38,7.2040273e+27,0.000000
5,5,-47,7.1770056e+27,0.000000
9,-6,-43,7.1727978e+27,0.000000
7,2,-21,7.1577055e+27,0.000000
10,-7,-36,7.0981321e+27,0.000000
5,-4,12,7.0527176e+27,0.000000
5,3,-38,7.0187234e+27,0.000000
3,2,16,7.0179434e+27,0.000000
4,2,20,7.0138914e+27,0.000000
2,2,-55,7.0000914e+27,0.000000
3,3,-55,6.9988769e+27,0.000000
6,0,23,6.9415923e+27,0.000000
6,0,-23,6.9415923e+27,0.000000
8,2,-11,6.9122781e+27,0.000000
6,6,-30,6.8583907e+27,0.000000
8,-5,-44,6.8533995e+27,0.000000
5,4,-47,6.8498654e+27,0.000000
8,-3,-23,6.8485099e+27,0.000000
10,-9,-32,6.8375969e+27,0.000000
10,-8,1,6.8323519e+27,0.000000
8,-5,-41,6.8232845e+27,0.000000
8,2,-4,6.8211581e+27,0.000000
7,4,-16,6.8033046e+27,0.000000
8,-3,-25,6.8002871e+27,0.000000
8,-5,-43,6.7798541e+27,0.000000
6,2,12,6.7787717e+27,0.000000
8,-3,-24,6.7779105e+27,0.000000
8,-5,-45,6.7651455e+27,0.000000
8,-3,-26,6.7303889e+27,0.000000
6,3,-33,6.7122595e+27,0.000000
8,-5,-42,6.6688607e+27,0.000000
10,-6,-22,6.6583434e+27,0.000000
4,-1,38,6.6550861e+27,0.000000
6,1,-26,6.5801209e+27,0.000000
3,0,49,6.5648159e+27,0.000000
3,0,-49,6.5648159e+27,0.000000
4,3,4,6.5336858e+27,0.000000
7,0,14,6.5314959e+27,0.000000
7,0,-14,6.5314959e+27,0.000000
8,-3,-27,6.4946054e+27,0.000000
8,-5,-46,6.4914442e+27,0.000000
6,-1,-30,6.4739722e+27,0.000000
6,2,4,6.4713247e+27,0.000000
3,-1,44,6.4572942e+27,0.000000
10,-10,-30,6.429661e+27,0.000000
9,-5,-38,6.4042308e+27,0.000000
8,-4,-36,6.3645254e+27,0.000000
6,-1,24,6.3184974e+27,0.000000
6,-2,-40,6.3034645e+27,0.000000
6,6,-31,6.2946965e+27,0.000000
7,-2,-20,6.2604444e+27,0.000000
4,-3,28,6.2587203e+27,0.000000
7,-1,0,6.2514803e+27,0.000000
4,3,-51,6.2082578e+27,0.000000
10,-8,-49,6.1665103e+27,0.000000
9,-4,-24,6.1561083e+27,0.000000
8,-2,-15,6.1354008e+27,0.000000
6,1,18,6.1226377e+27,0.000000
8,-3,-28,6.0902623e+27,0.000000
2,0,53,6.0860725e+27,0.000000
2,0,-53,6.0860725e+27,0.000000
6,2,-34,6.0744253e+27,0.000000
4,1,-45,6.0629367e+27,0.000000
8,-5,-47,6.0593239e+27,0.000000
5,-1,35,6.0501343e+27,0.000000
10,-9,-33,6.048982e+27,0.000000
10,-7,-37,6.0235871e+27,0.000000
7,5,-24,5.9897866e+27,0.000000
6,5,-38,5.9553888e+27,0.000000
5,-1,-47,5.8700667e+27,0.000000
6,0,24,5.8668495e+27,0.000000
6,0,-24,5.8668495e+27,0.000000
7,2,-22,5.8609114e+27,0.000000
6,0,25,5.8294121e+27,0.000000
6,0,-25,5.8294121e+27,0.000000
3,3,14,5.8254198e+27,0.000000
2,-1,48,5.8106413e+27,0.000000
6,0,26,5.7911388e+27,0.000000
6,0,-26,5.7911388e+27,0.000000
5,1,29,5.7695363e+27,0.000000
6,6,-32,5.7235758e+27,0.000000
5,2,12,5.6544602e+27,0.000000
10,-8,2,5.6357559e+27,0.000000
5,0,38,5.6225604e+27,0.000000
5,0,-38,5.6225604e+27,0.000000
10,-8,3,5.6150789e+27,0.000000
8,4,0,5.5761816e+27,0.000000
3,-3,37,5.5586443e+27,0.000000
8,-3,-29,5.5527052e+27,0.000000
5,-3,25,5.5511656e+27,0.000000
9,-3,-8,5.5484807e+27,0.000000
10,-5,-10,5.5412293e+27,0.000000
8,-5,-48,5.5159156e+27,0.000000
5,5,-48,5.4793349e+27,0.000000
6,0,27,5.4778241e+27,0.000000
6,0,-27,5.4778241e+27,0.000000
9,-3,-7,5.4564566e+27,0.000000
10,-10,-31,5.4529309e+27,0.000000
8,3,0,5.4476038e+27,0.000000
9,-3,-9,5.4463692e+27,0.000000
6,4,-28,5.4172513e+27,0.000000
10,-9,-34,5.3893261e+27,0.000000
9,-9,4,5.3511395e+27,0.000000
7,1,-25,5.3398502e+27,0.000000
10,-5,-9,5.2986808e+27,0.000000
8,-2,-3,5.2921685e+27,0.000000
9,-3,-10,5.2829973e+27,0.000000
8,4,-4,5.2520263e+27,0.000000
10,-5,-11,5.2502726e+27,0.000000
6,-4,13,5.2337433e+27,0.000000
10,-8,-50,5.232566e+27,0.000000
5,2,-37,5.231354e+27,0.000000
7,-3,-48,5.2228957e+27,0.000000
4,4,-54,5.213111e+27,0.000000
7,-2,-21,5.2009447e+27,0.000000
7,0,3,5.173454e+27,0.000000
7,0,-3,5.173454e+27,0.000000
7,-1,-29,5.1592134e+27,0.000000
6,6,-33,5.1560046e+27,0.000000
4,1,31,5.1367203e+27,0.000000
8,2,0,5.1190399e+27,0.000000
9,-3,-11,5.1077351e+27,0.000000
10,-7,-38,5.0797464e+27,0.000000
5,4,-48,5.0457283e+27,0.000000
9,-6,-44,5.0343994e+27,0.000000
7,3,-20,4.9776741e+27,0.000000
8,2,-12,4.9775111e+27,0.000000
9,-3,-6,4.9733132e+27,0.000000
6,3,-34,4.9697025e+27,0.000000
8,-3,-30,4.9318236e+27,0.000000
6,0,28,4.9159026e+27,0.000000
6,0,-28,4.9159026e+27,0.000000
9,-3,-12,4.9124917e+27,0.000000
8,-5,-49,4.911032e+27,0.000000
3,-2,39,4.9089091e+27,0.000000
10,-4,-4,4.9064365e+27,0.000000
10,-6,-23,4.8958588e+27,0.000000
3,1,-48,4.879012e+27,0.000000
6,5,-39,4.8351991e+27,0.000000
10,-9,-35,4.8279744e+27,0.000000
6,2,13,4.8168437e+27,0.000000
7,4,-17,4.8165471e+27,0.000000
3,2,-51,4.810532e+27,0.000000
5,3,-39,4.8027267e+27,0.000000
5,4,4,4.7907972e+27,0.000000
7,5,-25,4.7318837e+27,0.000000
10,-5,-12,4.7107321e+27,0.000000
7,2,-23,4.6907866e+27,0.000000
10,-10,-32,4.669995e+27,0.000000
9,-3,-13,4.6666278e+27,0.000000
10,-4,-3,4.6555728e+27,0.000000
5,-1,-48,4.6432703e+27,0.000000
5,-4,13,4.642156e+27,0.000000
8,2,-3,4.610362e+27,0.000000
6,6,-34,4.6022927e+27,0.000000
6,1,19,4.53542e+27,0.000000
4,0,45,4.5123198e+27,0.000000
4,0,-45,4.5123198e+27,0.000000
6,-2,17,4.4864987e+27,0.000000
9,-5,-39,4.4578657e+27,0.000000
10,-8,-51,4.4170622e+27,0.000000
7,1,10,4.4069901e+27,0.000000
4,1,-46,4.4060952e+27,0.000000
2,0,54,4.3973916e+27,0.000000
2,0,-54,4.3973916e+27,0.000000
9,-4,-25,4.362279e+27,0.000000
3,1,36,4.3571108e+27,0.000000
9,-3,-14,4.3436588e+27,0.000000
10,-9,-36,4.3425499e+27,0.000000
8,-5,-50,4.2882978e+27,0.000000
8,-3,-31,4.2773246e+27,0.000000
6,-1,25,4.2698716e+27,0.000000
5,-2,3,4.2688709e+27,0.000000
10,-7,-39,4.255274e+27,0.000000
2,1,36,4.2195836e+27,0.000000
6,0,29,4.2158453e+27,0.000000
6,0,-29,4.2158453e+27,0.000000
4,3,-52,4.215318e+27,0.000000
7,-2,-22,4.2137062e+27,0.000000
5,1,-33,4.209662e+27,0.000000
8,-4,-37,4.2053984e+27,0.000000
10,-5,-8,4.1817991e+27,0.000000
5,5,-49,4.1738336e+27,0.000000
3,0,50,4.1624847e+27,0.000000
3,0,-50,4.1624847e+27,0.000000
10,-5,-13,4.1132141e+27,0.000000
6,6,-35,4.0714186e+27,0.000000
10,-10,-33,4.0431939e+27,0.000000
6,2,-35,4.0289281e+27,0.000000
7,0,15,4.0247249e+27,0.000000
7,0,-15,4.0247249e+27,0.000000
5,-2,21,3.9931504e+27,0.000000
8,-6,5,3.9798643e+27,0.000000
10,-7,2,3.9768514e+27,0.000000
10,-9,-3,3.9666219e+27,0.000000
6,-2,-41,3.9535829e+27,0.000000
9,-3,-15,3.9352601e+27,0.000000
4,-4,24,3.9340517e+27,0.000000
10,-9,-37,3.9172327e+27,0.000000
7,-1,12,3.9114712e+27,0.000000
6,5,-40,3.9040914e+27,0.000000
9,-3,-1,3.9008348e+27,0.000000
4,-3,29,3.8372757e+27,0.000000
2,1,-40,3.8286548e+27,0.000000
5,0,39,3.8111246e+27,0.000000
5,0,-39,3.8111246e+27,0.000000
2,2,21,3.7832567e+27,0.000000
9,-9,2,3.7734399e+27,0.000000
7,-3,-49,3.7506486e+27,0.000000
4,-1,39,3.7267992e+27,0.000000
9,-3,-5,3.7134852e+27,0.000000
5,4,-49,3.7107045e+27,0.000000
6,-1,-31,3.7103002e+27,0.000000
10,-8,-52,3.7098441e+27,0.000000
4,4,-55,3.7063981e+27,0.000000
2,-1,49,3.7021633e+27,0.000000
7,5,-26,3.6958739e+27,0.000000
8,-5,-51,3.6815695e+27,0.000000
7,2,-24,3.6777072e+27,0.000000
5,2,13,3.6646221e+27,0.000000
6,3,-35,3.6497203e+27,0.000000
8,4,-5,3.6433343e+27,0.000000
4,2,-41,3.6344201e+27,0.000000
8,-3,-32,3.6308858e+27,0.000000
5,-1,-49,3.6233192e+27,0.000000
5,-1,36,3.5917699e+27,0.000000
10,-6,-24,3.5893173e+27,0.000000
5,-3,26,3.5730346e+27,0.000000
6,6,-36,3.5706381e+27,0.000000
10,-5,-14,3.5505148e+27,0.000000
10,-10,-34,3.5413144e+27,0.000000
10,-9,-38,3.5411619e+27,0.000000
10,-7,-40,3.5398401e+27,0.000000
8,-2,-16,3.5234238e+27,0.000000
3,-1,45,3.5229543e+27,0.000000
5,1,30,3.5144529e+27,0.000000
9,-6,-45,3.4932925e+27,0.000000
5,-2,-46,3.4920173e+27,0.000000
6,0,30,3.4834151e+27,0.000000
6,0,-30,3.4834151e+27,0.000000
7,1,-26,3.4728249e+27,0.000000
4,-2,29,3.4727823e+27,0.000000
9,-3,-16,3.453899e+27,0.000000
6,1,-27,3.4212181e+27,0.000000
4,2,21,3.3956211e+27,0.000000
6,-4,14,3.3897776e+27,0.000000
8,-7,5,3.3835453e+27,0.000000
8,2,-13,3.3534171e+27,0.000000
7,-2,-23,3.3361084e+27,0.000000
8,0,3,3.3258843e+27,0.000000
8,0,-3,3.3258843e+27,0.000000
3,-2,40,3.320838e+27,0.000000
3,2,17,3.3101484e+27,0.000000
6,2,14,3.3059165e+27,0.000000
7,4,-18,3.2924283e+27,0.000000
6,1,20,3.288136e+27,0.000000
2,1,-45,3.2712476e+27,0.000000
5,3,-40,3.2669147e+27,0.000000
8,-4,-38,3.2649231e+27,0.000000
3,-3,38,3.2556827e+27,0.000000
5,3,5,3.249958e+27,0.000000
3,3,15,3.2439041e+27,0.000000
10,-10,-4,3.2418706e+27,0.000000
2,1,-46,3.2412638e+27,0.000000
10,-9,-39,3.2070042e+27,0.000000
3,1,-49,3.2027934e+27,0.000000
4,1,-47,3.1859956e+27,0.000000
7,-5,5,3.181856e+27,0.000000
5,5,-50,3.172996e+27,0.000000
2,0,55,3.1723642e+27,0.000000
2,0,-55,3.1723642e+27,0.000000
10,-10,-35,3.1374014e+27,0.000000
6,5,-41,3.1358093e+27,0.000000
7,-1,-30,3.1219164e+27,0.000000
9,-8,4,3.1215766e+27,0.000000
8,-5,-52,3.1144177e+27,0.000000
6,6,-37,3.1053231e+27,0.000000
10,-8,-53,3.1006301e+27,0.000000
6,4,-29,3.0923646e+27,0.000000
6,-4,6,3.0916933e+27,0.000000
9,-5,-40,3.0595448e+27,0.000000
10,-5,-15,3.0582029e+27,0.000000
3,2,-52,3.0495816e+27,0.000000
5,2,-38,3.0421883e+27,0.000000
5,-2,-53,3.0374808e+27,0.000000
8,-3,-33,3.0231394e+27,0.000000
4,1,32,3.0203267e+27,0.000000
9,-4,-26,2.9920097e+27,0.000000
5,-2,-54,2.9914259e+27,0.000000
2,1,-47,2.9711063e+27,0.000000
5,-2,-52,2.9691616e+27,0.000000
5,-4,14,2.9663465e+27,0.000000
8,4,2,2.9555975e+27,0.000000
2,1,-44,2.9546176e+27,0.000000
9,-3,-17,2.9278811e+27,0.000000
10,-7,-41,2.9236351e+27,0.000000
10,-9,-40,2.9097441e+27,0.000000
8,0,4,2.8949226e+27,0.000000
8,0,-4,2.8949226e+27,0.000000
8,-4,-39,2.8878077e+27,0.000000
6,-1,26,2.8579783e+27,0.000000
5,-2,-55,2.8574088e+27,0.000000
7,5,-27,2.8561513e+27,0.000000
4,3,-53,2.8495469e+27,0.000000
7,2,-25,2.8299026e+27,0.000000
4,0,46,2.8146227e+27,0.000000
4,0,-46,2.8146227e+27,0.000000
10,-10,-36,2.8082157e+27,0.000000
6,0,31,2.7925305e+27,0.000000
6,0,-31,2.7925305e+27,0.000000
5,-1,-50,2.7913155e+27,0.000000
5,-2,-51,2.7683909e+27,0.000000
7,1,3,2.7435764e+27,0.000000
5,4,-50,2.7246806e+27,0.000000
8,-4,-40,2.722005e+27,0.000000
6,-2,18,2.7173949e+27,0.000000
7,-3,-50,2.6872164e+27,0.000000
3,0,51,2.6814954e+27,0.000000
3,0,-51,2.6814954e+27,0.000000
6,6,-38,2.6789801e+27,0.000000
10,-6,-25,2.6782565e+27,0.000000
8,4,-6,2.6669766e+27,0.000000
6,3,-36,2.6601841e+27,0.000000
6,2,-36,2.653205e+27,0.000000
10,-9,-41,2.6457318e+27,0.000000
10,-5,-16,2.644014e+27,0.000000
6,-1,-32,2.6261105e+27,0.000000
8,-5,-53,2.6012058e+27,0.000000
8,-4,-41,2.596748e+27,0.000000
7,-2,-24,2.58618e+27,0.000000
10,-8,-54,2.5792433e+27,0.000000
5,0,40,2.5733446e+27,0.000000
5,0,-40,2.5733446e+27,0.000000
2,1,-48,2.5693227e+27,0.000000
7,3,-21,2.5561841e+27,0.000000
10,-10,-37,2.5343398e+27,0.000000
6,5,-42,2.5062489e+27,0.000000
2,-1,50,2.4835946e+27,0.000000
8,-3,-34,2.4736277e+27,0.000000
8,0,11,2.4682004e+27,0.000000
8,0,-11,2.4682004e+27,0.000000
6,-2,-42,2.4560385e+27,0.000000
8,-4,-42,2.4436014e+27,0.000000
5,-2,-50,2.441663e+27,0.000000
7,2,1,2.4353352e+27,0.000000
2,1,37,2.4172315e+27,0.000000
10,-9,-42,2.4119949e+27,0.000000
5,5,-51,2.4078458e+27,0.000000
10,-7,-42,2.3971344e+27,0.000000
9,-6,-46,2.3965659e+27,0.000000
10,-4,-1,2.3944171e+27,0.000000
9,-3,-18,2.3929377e+27,0.000000
3,1,37,2.3870162e+27,0.000000
8,0,10,2.3848706e+27,0.000000
8,0,-10,2.3848706e+27,0.000000
6,2,5,2.3673053e+27,0.000000
4,-3,30,2.3531702e+27,0.000000
7,0,16,2.3415135e+27,0.000000
7,0,-16,2.3415135e+27,0.000000
6,1,21,2.3391495e+27,0.000000
8,0,12,2.3344674e+27,0.000000
8,0,-12,2.3344674e+27,0.000000
5,2,14,2.3043227e+27,0.000000
10,-5,-17,2.3028081e+27,0.000000
10,-10,-38,2.3003394e+27,0.000000
6,6,-39,2.2933972e+27,0.000000
4,1,-48,2.2919551e+27,0.000000
5,-3,27,2.2891501e+27,0.000000
6,2,2,2.2750559e+27,0.000000
2,1,-43,2.2594127e+27,0.000000
6,-1,-33,2.2553501e+27,0.000000
7,1,11,2.2541288e+27,0.000000
8,-4,-43,2.2472515e+27,0.000000
3,-2,41,2.2312768e+27,0.000000
7,1,-27,2.2212249e+27,0.000000
5,3,-41,2.2094246e+27,0.000000
10,-9,-43,2.2057927e+27,0.000000
6,2,15,2.2009051e+27,0.000000
7,5,-28,2.1854042e+27,0.000000
6,0,32,2.1841308e+27,0.000000
6,0,-32,2.1841308e+27,0.000000
7,4,-19,2.1679028e+27,0.000000
8,-8,6,2.1613593e+27,0.000000
8,-5,-54,2.1488465e+27,0.000000
6,-4,15,2.1464875e+27,0.000000
7,2,-26,2.1404789e+27,0.000000
10,-8,-55,2.1358199e+27,0.000000
5,1,31,2.1305482e+27,0.000000
6,-1,-34,2.1267724e+27,0.000000
5,-1,-51,2.1235767e+27,0.000000
2,1,-49,2.1211611e+27,0.000000
5,-1,37,2.1173846e+27,0.000000
8,2,-14,2.1105815e+27,0.000000
10,-10,-39,2.0947045e+27,0.000000
10,-6,-26,2.0887319e+27,0.000000
3,1,-50,2.0829888e+27,0.000000
4,-4,25,2.0789851e+27,0.000000
7,6,-4,2.0719582e+27,0.000000
9,-5,-41,2.0714641e+27,0.000000
4,-1,40,2.0603499e+27,0.000000
8,0,9,2.0578828e+27,0.000000
8,0,-9,2.0578828e+27,0.000000
8,0,13,2.05122e+27,0.000000
8,0,-13,2.05122e+27,0.000000
5,-2,-49,2.0510468e+27,0.000000
6,-1,-35,2.0351103e+27,0.000000
10,-4,-7,2.0292063e+27,0.000000
10,-9,-44,2.024375e+27,0.000000
10,-5,-18,2.0238357e+27,0.000000
8,4,-7,2.0165145e+27,0.000000
8,-4,-44,2.0165125e+27,0.000000
7,6,-3,2.0115453e+27,0.000000
7,-3,7,2.0010723e+27,0.000000
7,-3,8,1.9986082e+27,0.000000
5,4,-51,1.9976583e+27,0.000000
6,5,-43,1.9937145e+27,0.000000
8,-3,-35,1.9923498e+27,0.000000
5,-2,-47,1.9909237e+27,0.000000
9,-4,-27,1.983381e+27,0.000000
3,2,-53,1.9787581e+27,0.000000
7,-2,-25,1.9665297e+27,0.000000
8,-2,-17,1.9616514e+27,0.000000
5,-2,22,1.9597275e+27,0.000000
8,3,-1,1.9574704e+27,0.000000
3,-1,46,1.9525531e+27,0.000000
10,-7,-43,1.9510335e+27,0.000000
6,6,-40,1.9488715e+27,0.000000
10,-4,0,1.9399752e+27,0.000000
6,3,-37,1.9253965e+27,0.000000
7,-3,-51,1.9206222e+27,0.000000
4,3,-54,1.9171108e+27,0.000000
10,-5,1,1.9162654e+27,0.000000
3,-3,39,1.9148776e+27,0.000000
10,-10,-40,1.9095086e+27,0.000000
7,6,-5,1.9094111e+27,0.000000
6,-1,-36,1.9092117e+27,0.000000
6,-1,27,1.8963894e+27,0.000000
9,-3,-19,1.8837517e+27,0.000000
10,-9,-45,1.8648959e+27,0.000000
7,-1,-31,1.8567519e+27,0.000000
5,-4,15,1.8535532e+27,0.000000
10,-9,-1,1.8300523e+27,0.000000
5,5,-52,1.824324e+27,0.000000
10,-4,-8,1.8185941e+27,0.000000
3,3,16,1.8103327e+27,0.000000
10,-5,-19,1.794566e+27,0.000000
2,-1,51,1.7880881e+27,0.000000
8,5,-2,1.7724199e+27,0.000000
5,-2,-48,1.7711446e+27,0.000000
3,0,52,1.7692075e+27,0.000000
3,0,-52,1.7692075e+27,0.000000
8,-4,-45,1.7681708e+27,0.000000
4,1,33,1.7670598e+27,0.000000
10,-4,-6,1.7629755e+27,0.000000
4,0,47,1.7591907e+27,0.000000
4,0,-47,1.7591907e+27,0.000000
8,5,-3,1.759046e+27,0.000000
8,-5,-55,1.7586912e+27,0.000000
8,-5,4,1.747672e+27,0.000000
7,6,-6,1.7420354e+27,0.000000
10,-6,-27,1.7408494e+27,0.000000
10,-10,-41,1.7398361e+27,0.000000
6,-1,-37,1.7392714e+27,0.000000
6,2,-37,1.7349535e+27,0.000000
5,2,-39,1.7343307e+27,0.000000
5,0,41,1.7307742e+27,0.000000
5,0,-41,1.7307742e+27,0.000000
10,-9,-46,1.7244329e+27,0.000000
6,1,-28,1.7214111e+27,0.000000
6,4,-30,1.7173485e+27,0.000000
4,2,-42,1.717071e+27,0.000000
7,-1,13,1.714271e+27,0.000000
10,-5,-6,1.7098489e+27,0.000000
8,0,14,1.6937171e+27,0.000000
8,0,-14,1.6937171e+27,0.000000
2,1,-50,1.6841665e+27,0.000000
6,0,33,1.6739485e+27,0.000000
6,0,-33,1.6739485e+27,0.000000
5,1,-34,1.6594393e+27,0.000000
7,5,-29,1.6567598e+27,0.000000
6,6,-41,1.6444781e+27,0.000000
4,1,-49,1.6399119e+27,0.000000
6,1,22,1.6365637e+27,0.000000
8,-1,-3,1.6291412e+27,0.000000
9,-6,-47,1.6260884e+27,0.000000
6,-2,19,1.6192376e+27,0.000000
4,2,22,1.6074554e+27,0.000000
7,6,-7,1.6046647e+27,0.000000
10,-5,-20,1.6027931e+27,0.000000
10,-4,-9,1.6015037e+27,0.000000
10,-9,-47,1.6000688e+27,0.000000
5,-1,-52,1.5954034e+27,0.000000
7,2,-27,1.5935556e+27,0.000000
10,-10,-42,1.5830838e+27,0.000000
8,-3,-36,1.5819272e+27,0.000000
6,5,-44,1.5790072e+27,0.000000
7,-3,9,1.5771069e+27,0.000000
10,-7,-44,1.5762881e+27,0.000000
8,4,-8,1.5727268e+27,0.000000
10,-6,-28,1.5577254e+27,0.000000
8,3,-6,1.553653e+27,0.000000
10,-9,-2,1.5465892e+27,0.000000
8,0,8,1.5455239e+27,0.000000
8,0,-8,1.5455239e+27,0.000000
8,3,-5,1.5418161e+27,0.000000
6,-1,-38,1.538845e+27,0.000000
2,2,22,1.5238266e+27,0.000000
8,-4,-46,1.5188893e+27,0.000000
6,-2,-43,1.5087176e+27,0.000000
3,2,18,1.5082373e+27,0.000000
7,6,-8,1.4903598e+27,0.000000
3,-2,42,1.4898142e+27,0.000000
10,-9,-48,1.4889964e+27,0.000000
5,3,-42,1.4855917e+27,0.000000
8,3,-7,1.4834191e+27,0.000000
10,-6,-29,1.4728922e+27,0.000000
7,-2,-26,1.4691423e+27,0.000000
5,4,-52,1.4624265e+27,0.000000
5,-3,28,1.4607519e+27,0.000000
8,5,-4,1.4596544e+27,0.000000
8,0,5,1.4526778e+27,0.000000
8,0,-5,1.4526778e+27,0.000000
4,-3,31,1.44324e+27,0.000000
10,-10,-43,1.4382405e+27,0.000000
10,-5,-21,1.437723e+27,0.000000
10,-6,-30,1.434604e+27,0.000000
6,-3,5,1.4312438e+27,0.000000
9,-3,-20,1.4276175e+27,0.000000
6,2,16,1.4257765e+27,0.000000
5,2,15,1.4072764e+27,0.000000
10,-6,-31,1.4068914e+27,0.000000
2,-1,52,1.4006046e+27,0.000000
2,1,-42,1.3984392e+27,0.000000
7,1,-28,1.397689e+27,0.000000
10,-7,1,1.3968669e+27,0.000000
10,-6,3,1.3959124e+27,0.000000
7,1,0,1.3954496e+27,0.000000
10,-4,-10,1.3948721e+27,0.000000
7,6,-9,1.3920059e+27,0.000000
10,-9,-49,1.388623e+27,0.000000
2,1,38,1.385694e+27,0.000000
5,3,6,1.3853401e+27,0.000000
9,-5,-42,1.3845357e+27,0.000000
6,3,-38,1.3845209e+27,0.000000
5,5,-53,1.3802856e+27,0.000000
6,6,-42,1.3783498e+27,0.000000
7,4,-20,1.3720703e+27,0.000000
8,3,-4,1.370719e+27,0.000000
8,3,-8,1.3702367e+27,0.000000
7,6,-2,1.3693856e+27,0.000000
7,-3,-52,1.3689086e+27,0.000000
10,-6,-32,1.3681813e+27,0.000000
3,1,-51,1.3520563e+27,0.000000
6,-4,16,1.3363311e+27,0.000000
6,-2,2,1.333123e+27,0.000000
3,2,-54,1.3295358e+27,0.000000
6,-1,-39,1.3265528e+27,0.000000
8,0,15,1.3250927e+27,0.000000
8,0,-15,1.3250927e+27,0.000000
10,-6,-33,1.3084593e+27,0.000000
10,-10,-44,1.3052296e+27,0.000000
7,6,-10,1.3050553e+27,0.000000
10,-7,3,1.3042398e+27,0.000000
3,1,38,1.3025452e+27,0.000000
10,-5,-7,1.2988804e+27,0.000000
10,-9,-50,1.296655e+27,0.000000
8,4,-9,1.2925707e+27,0.000000
2,1,-51,1.2919994e+27,0.000000
10,-5,-22,1.2905142e+27,0.000000
7,3,-22,1.2869986e+27,0.000000
5,1,32,1.2854179e+27,0.000000
7,0,17,1.2844905e+27,0.000000
7,0,-17,1.2844905e+27,0.000000
4,3,-55,1.2833749e+27,0.000000
8,-4,-47,1.2817705e+27,0.000000
9,-4,-28,1.2693919e+27,0.000000
10,-8,4,1.2684539e+27,0.000000
10,-7,-45,1.2642072e+27,0.000000
6,0,34,1.2614778e+27,0.000000
6,0,-34,1.2614778e+27,0.000000
8,3,1,1.2519471e+27,0.000000
6,-1,28,1.2483244e+27,0.000000
6,5,-45,1.245389e+27,0.000000
7,5,-30,1.2452078e+27,0.000000
5,-5,9,1.2434234e+27,0.000000
8,-3,-37,1.2398112e+27,0.000000
8,2,-15,1.2388005e+27,0.000000
5,-1,38,1.2385814e+27,0.000000
4,3,6,1.2347773e+27,0.000000
8,3,-9,1.2306392e+27,0.000000
4,3,7,1.2277265e+27,0.000000
7,6,-11,1.2261424e+27,0.000000
10,-6,-34,1.225986e+27,0.000000
10,-9,-51,1.2111545e+27,0.000000
3,0,53,1.205384e+27,0.000000
3,0,-53,1.205384e+27,0.000000
8,5,-5,1.1961197e+27,0.000000
10,-4,-2,1.1951378e+27,0.000000
2,1,-41,1.1951067e+27,0.000000
10,-4,-11,1.1943515e+27,0.000000
2,-1,53,1.1939789e+27,0.000000
4,-2,30,1.1932982e+27,0.000000
10,-10,-45,1.1843706e+27,0.000000
5,-1,-53,1.1832464e+27,0.000000
7,2,-28,1.1690091e+27,0.000000
4,1,-50,1.1665694e+27,0.000000
8,4,-14,1.1641793e+27,0.000000
6,3,3,1.1617809e+27,0.000000
6,5,4,1.1596975e+27,0.000000
5,0,42,1.1593339e+27,0.000000
5,0,-42,1.1593339e+27,0.000000
10,-5,-23,1.1545594e+27,0.000000
8,-1,-4,1.1533324e+27,0.000000
7,6,-12,1.152721e+27,0.000000
8,4,-13,1.1493526e+27,0.000000
8,4,-10,1.1482583e+27,0.000000
6,6,-43,1.1479441e+27,0.000000
8,4,-15,1.1449137e+27,0.000000
10,-10,-3,1.142034e+27,0.000000
8,6,-3,1.1416322e+27,0.000000
4,4,5,1.1407678e+27,0.000000
8,-2,-18,1.1402473e+27,0.000000
5,-4,16,1.1384111e+27,0.000000
3,-3,40,1.1324358e+27,0.000000
10,-9,-52,1.1305657e+27,0.000000
6,1,23,1.1283424e+27,0.000000
6,2,-38,1.1264373e+27,0.000000
10,-6,-35,1.1241782e+27,0.000000
4,-1,41,1.123473e+27,0.000000
8,4,-12,1.1188098e+27,0.000000
6,-1,-40,1.118395e+27,0.000000
3,-1,47,1.1177139e+27,0.000000
9,-9,5,1.1155456e+27,0.000000
4,0,48,1.108701e+27,0.000000
4,0,-48,1.108701e+27,0.000000
8,4,-11,1.1045839e+27,0.000000
4,-4,26,1.1005922e+27,0.000000
7,-3,10,1.0927773e+27,0.000000
2,-1,54,1.0922497e+27,0.000000
9,-6,-48,1.0919152e+27,0.000000
8,4,-16,1.0864161e+27,0.000000
8,6,-4,1.0860613e+27,0.000000
7,-1,-32,1.0843295e+27,0.000000
7,6,-13,1.0831924e+27,0.000000
7,-2,-27,1.0798455e+27,0.000000
10,-10,-46,1.0759839e+27,0.000000
6,-3,6,1.0759002e+27,0.000000
8,3,-10,1.0728373e+27,0.000000
7,-3,6,1.0706172e+27,0.000000
5,4,-53,1.0689411e+27,0.000000
7,1,12,1.0674879e+27,0.000000
8,-4,-48,1.0654831e+27,0.000000
10,-9,-53,1.0537128e+27,0.000000
2,-1,55,1.0495814e+27,0.000000
5,5,-54,1.0430313e+27,0.000000
9,-3,-21,1.0412508e+27,0.000000
8,-1,-13,1.0363906e+27,0.000000
8,0,7,1.0352312e+27,0.000000
8,0,-7,1.0352312e+27,0.000000
8,-1,-12,1.0280844e+27,0.000000
4,1,34,1.0280272e+27,0.000000
7,6,0,1.0267544e+27,0.000000
10,-5,-24,1.025583e+27,0.000000
7,6,-14,1.0169543e+27,0.000000
10,-10,-2,1.0147398e+27,0.000000
3,3,17,1.010847e+27,0.000000
10,-6,-36,1.0090632e+27,0.000000
10,-7,-46,1.0065626e+27,0.000000
10,-4,-12,1.0036228e+27,0.000000
8,-1,-14,1.0021579e+27,0.000000
8,5,-6,9.9809413e+26,0.000000
8,4,-17,9.9345126e+26,0.000000
4,3,8,9.9296496e+26,0.000000
5,3,-43,9.9286095e+26,0.000000
6,3,-39,9.8957076e+26,0.000000
3,-2,43,9.8928456e+26,0.000000
8,0,16,9.882267e+26,0.000000
8,0,-16,9.882267e+26,0.000000
5,5,5,9.8187065e+26,0.000000
10,-10,-47,9.8013952e+26,0.000000
10,-9,-54,9.7977497e+26,0.000000
8,-1,-11,9.797153e+26,0.000000
6,5,-46,9.7845862e+26,0.000000
9,-7,5,9.7366456e+26,0.000000
8,-1,-2,9.7310399e+26,0.000000
7,-3,-53,9.724178e+26,0.000000
8,5,-1,9.6800605e+26,0.000000
5,2,-40,9.6537273e+26,0.000000
2,1,-52,9.6051985e+26,0.000000
8,-3,-38,9.6021513e+26,0.000000
8,6,-5,9.584872e+26,0.000000
6,-4,5,9.5782923e+26,0.000000
7,6,-15,9.5420574e+26,0.000000
8,3,-3,9.5201843e+26,0.000000
6,-2,20,9.5063023e+26,0.000000
6,6,-44,9.5028343e+26,0.000000
7,6,2,9.4665654e+26,0.000000
7,-1,18,9.4102416e+26,0.000000
6,0,35,9.3726454e+26,0.000000
6,0,-35,9.3726454e+26,0.000000
3,2,-55,9.3487952e+26,0.000000
7,-4,4,9.3238112e+26,0.000000
8,-1,-15,9.3004189e+26,0.000000
5,-3,29,9.2889533e+26,0.000000
5,-2,23,9.287878e+26,0.000000
7,5,-31,9.2841923e+26,0.000000
7,-1,17,9.2727294e+26,0.000000
8,5,1,9.2689221e+26,0.000000
6,-1,-41,9.254297e+26,0.000000
8,6,2,9.2465888e+26,0.000000
6,4,-31,9.2441567e+26,0.000000
10,-5,0,9.2368077e+26,0.000000
7,-1,14,9.2365009e+26,0.000000
9,-5,-43,9.1459519e+26,0.000000
6,-2,-44,9.1446406e+26,0.000000
8,6,-2,9.1095104e+26,0.000000
10,-9,-55,9.0824397e+26,0.000000
8,3,-11,9.0437454e+26,0.000000
8,-1,-10,9.0153177e+26,0.000000
10,-5,-25,9.0150141e+26,0.000000
6,2,17,9.0098222e+26,0.000000
10,-10,-48,8.965323e+26,0.000000
7,6,-16,8.9558335e+26,0.000000
8,1,-3,8.8995148e+26,0.000000
3,1,-52,8.8825604e+26,0.000000
10,-6,-37,8.874061e+26,0.000000
7,-1,19,8.8610007e+26,0.000000
4,-3,32,8.8516922e+26,0.000000
9,-4,2,8.8379617e+26,0.000000
8,4,-18,8.7637779e+26,0.000000
8,-4,-49,8.7464673e+26,0.000000
8,5,2,8.6897426e+26,0.000000
5,-1,-54,8.6583169e+26,0.000000
7,1,-29,8.6526429e+26,0.000000
8,0,6,8.6431873e+26,0.000000
8,0,-6,8.6431873e+26,0.000000
5,-5,10,8.6149657e+26,0.000000
10,-4,-5,8.5454125e+26,0.000000
3,0,54,8.5347111e+26,0.000000
3,0,-54,8.5347111e+26,0.000000
6,1,-29,8.5116854e+26,0.000000
7,-1,16,8.4951462e+26,0.000000
5,-5,8,8.4843983e+26,0.000000
8,5,-7,8.4605491e+26,0.000000
8,6,-6,8.4583151e+26,0.000000
7,2,-29,8.4578674e+26,0.000000
7,6,-17,8.4177413e+26,0.000000
5,2,16,8.351262e+26,0.000000
7,4,-21,8.3419063e+26,0.000000
10,-4,-13,8.3093941e+26,0.000000
8,-1,-16,8.2969323e+26,0.000000
4,1,-51,8.2459644e+26,0.000000
10,-10,-49,8.2445908e+26,0.000000
6,-4,17,8.2117651e+26,0.000000
8,-1,-5,8.1620923e+26,0.000000
6,-1,29,8.1564337e+26,0.000000
8,-1,-9,8.1024195e+26,0.000000
6,4,4,8.0066041e+26,0.000000
10,-7,-47,7.9569027e+26,0.000000
2,1,39,7.9507645e+26,0.000000
7,6,-18,7.932211e+26,0.000000
5,5,-55,7.8730083e+26,0.000000
9,-4,-29,7.8492898e+26,0.000000
8,-2,-19,7.845005e+26,0.000000
7,-1,20,7.8363507e+26,0.000000
6,6,-45,7.8215998e+26,0.000000
10,-5,-26,7.8203539e+26,0.000000
7,-2,-28,7.8184864e+26,0.000000
5,4,-54,7.800386e+26,0.000000
7,-1,15,7.7960549e+26,0.000000
5,0,43,7.7318993e+26,0.000000
5,0,-43,7.7318993e+26,0.000000
5,1,33,7.7170275e+26,0.000000
4,2,-43,7.6986934e+26,0.000000
6,1,24,7.6794587e+26,0.000000
6,5,-47,7.6597212e+26,0.000000
10,-6,-38,7.6549701e+26,0.000000
10,-10,-50,7.6286635e+26,0.000000
8,6,-7,7.5465204e+26,0.000000
6,-1,-42,7.5389124e+26,0.000000
7,6,-19,7.4997267e+26,0.000000
8,4,-19,7.4727916e+26,0.000000
8,6,0,7.4534469e+26,0.000000
4,2,23,7.4170428e+26,0.000000
4,3,9,7.362762e+26,0.000000
8,-3,-39,7.3564943e+26,0.000000
8,3,-12,7.3435711e+26,0.000000
9,-3,-22,7.3060005e+26,0.000000
9,-6,-49,7.2654432e+26,0.000000
8,-1,-8,7.2648497e+26,0.000000
8,5,-8,7.2600748e+26,0.000000
6,2,-39,7.2595118e+26,0.000000
8,-2,-23,7.2502808e+26,0.000000
7,6,-1,7.213059e+26,0.000000
5,-1,39,7.1841046e+26,0.000000
8,-2,-22,7.1586641e+26,0.000000
8,-1,-17,7.1301143e+26,0.000000
7,6,-20,7.1166706e+26,0.000000
4,0,49,7.1125571e+26,0.000000
4,0,-49,7.1125571e+26,0.000000
8,-4,-50,7.1069881e+26,0.000000
10,-10,-51,7.1044111e+26,0.000000
3,1,39,7.0791941e+26,0.000000
8,0,17,7.0572714e+26,0.000000
8,0,-17,7.0572714e+26,0.000000
6,3,-40,7.033031e+26,0.000000
8,-2,-24,7.0202311e+26,0.000000
9,-6,4,6.9957696e+26,0.000000
8,5,0,6.9901406e+26,0.000000
7,3,-23,6.9787176e+26,0.000000
7,4,3,6.9772877e+26,0.000000
5,1,-35,6.941855e+26,0.000000
2,1,-53,6.936065e+26,0.000000
7,-3,11,6.9307225e+26,0.000000
5,-4,17,6.8981658e+26,0.000000
6,0,36,6.8805738e+26,0.000000
6,0,-36,6.8805738e+26,0.000000
7,-3,-54,6.8790697e+26,0.000000
8,-2,-21,6.8760885e+26,0.000000
7,5,-32,6.8710354e+26,0.000000
8,-1,-6,6.8483732e+26,0.000000
10,-4,-14,6.845804e+26,0.000000
8,-2,-20,6.8190072e+26,0.000000
3,-1,48,6.8003367e+26,0.000000
8,2,-16,6.7948637e+26,0.000000
8,6,-8,6.7805243e+26,0.000000
7,6,-21,6.7761068e+26,0.000000
3,-3,41,6.7465229e+26,0.000000
8,-1,-7,6.738986e+26,0.000000
10,-5,-27,6.6814145e+26,0.000000
7,0,18,6.6761744e+26,0.000000
7,0,-18,6.6761744e+26,0.000000
3,2,19,6.6592516e+26,0.000000
10,-10,-52,6.6572028e+26,0.000000
5,3,-44,6.5920688e+26,0.000000
7,-1,21,6.5880304e+26,0.000000
10,-10,-1,6.5614086e+26,0.000000
3,-2,44,6.5413699e+26,0.000000
8,1,-2,6.50868e+26,0.000000
8,-2,-25,6.4947906e+26,0.000000
8,1,-4,6.4916709e+26,0.000000
10,-6,-39,6.4848882e+26,0.000000
7,6,-22,6.4690209e+26,0.000000
6,6,-46,6.4030191e+26,0.000000
4,3,5,6.3999371e+26,0.000000
8,5,-9,6.2988079e+26,0.000000
3,0,55,6.2952915e+26,0.000000
3,0,-55,6.2952915e+26,0.000000
6,-3,7,6.2725875e+26,0.000000
10,-10,-53,6.2720003e+26,0.000000
5,-1,-55,6.2461128e+26,0.000000
10,-7,-48,6.2456929e+26,0.000000
4,-2,31,6.2110462e+26,0.000000
7,-1,-33,6.2088659e+26,0.000000
7,6,3,6.2028173e+26,0.000000
7,6,-23,6.1856214e+26,0.000000
8,4,-20,6.1723087e+26,0.000000
4,-2,34,6.1614259e+26,0.000000
4,-2,33,6.1084228e+26,0.000000
8,6,-9,6.1075464e+26,0.000000
6,-1,-43,6.0621497e+26,0.000000
4,-1,42,6.0438927e+26,0.000000
3,1,-53,6.0432278e+26,0.000000
7,2,-30,6.0398496e+26,0.000000
9,-5,-44,5.9816221e+26,0.000000
6,5,-48,5.9763055e+26,0.000000
2,2,23,5.9502634e+26,0.000000
4,1,35,5.9424394e+26,0.000000
10,-10,-54,5.9343208e+26,0.000000
7,6,-24,5.9164572e+26,0.000000
8,-1,-18,5.91617e+26,0.000000
5,-3,30,5.8884754e+26,0.000000
4,-4,27,5.8348038e+26,0.000000
10,-4,1,5.8222342e+26,0.000000
4,1,-52,5.7880043e+26,0.000000
8,-2,-26,5.7667531e+26,0.000000
8,-4,-51,5.7286487e+26,0.000000
8,3,-13,5.7257472e+26,0.000000
4,-2,35,5.7219918e+26,0.000000
4,-2,32,5.7066637e+26,0.000000
10,-4,-15,5.6964281e+26,0.000000
5,4,-55,5.6818597e+26,0.000000
10,-9,1,5.6791188e+26,0.000000
7,6,-25,5.6532395e+26,0.000000
3,3,18,5.6414533e+26,0.000000
10,-10,-55,5.6309958e+26,0.000000
10,-5,-28,5.6139736e+26,0.000000
7,-2,-29,5.5821029e+26,0.000000
8,-3,-40,5.5804424e+26,0.000000
6,2,18,5.5654206e+26,0.000000
5,3,7,5.5580906e+26,0.000000
8,5,-10,5.5234434e+26,0.000000
8,6,3,5.5125031e+26,0.000000
6,-2,21,5.5041721e+26,0.000000
8,6,-10,5.499986e+26,0.000000
8,6,-1,5.4740326e+26,0.000000
6,-2,-45,5.4535701e+26,0.000000
4,-3,33,5.4281514e+26,0.000000
10,-6,-40,5.4013303e+26,0.000000
7,6,-26,5.3893557e+26,0.000000
7,-1,22,5.3169262e+26,0.000000
6,-1,30,5.2920681e+26,0.000000
7,1,-30,5.2684794e+26,0.000000
4,3,10,5.2248898e+26,0.000000
5,2,-41,5.2178786e+26,0.000000
6,6,-47,5.2150172e+26,0.000000
5,3,4,5.1965799e+26,0.000000
6,1,25,5.1670443e+26,0.000000
5,0,44,5.1323354e+26,0.000000
5,0,-44,5.1323354e+26,0.000000
7,6,-27,5.12011e+26,0.000000
8,3,-2,5.1135396e+26,0.000000
7,1,13,5.090344e+26,0.000000
7,5,-33,5.0503763e+26,0.000000
6,0,37,4.9991759e+26,0.000000
6,0,-37,4.9991759e+26,0.000000
6,-4,18,4.9950457e+26,0.000000
6,3,-41,4.9722068e+26,0.000000
4,-2,36,4.9624931e+26,0.000000
8,6,-11,4.9485814e+26,0.000000
8,4,-21,4.9481277e+26,0.000000
9,-3,-4,4.9457189e+26,0.000000
8,-2,-27,4.9403165e+26,0.000000
9,-3,-23,4.9282083e+26,0.000000
7,4,-22,4.8953732e+26,0.000000
5,-5,11,4.8949479e+26,0.000000
8,5,-11,4.8920253e+26,0.000000
2,1,-54,4.8783477e+26,0.000000
9,3,0,4.8777713e+26,0.000000
10,-7,-49,4.8687171e+26,0.000000
10,-4,-16,4.8663753e+26,0.000000
7,6,-28,4.8427494e+26,0.000000
8,0,18,4.8422176e+26,0.000000
8,0,-18,4.8422176e+26,0.000000
7,-3,-55,4.8411379e+26,0.000000
7,3,-28,4.8237477e+26,0.000000
6,-1,-44,4.8222421e+26,0.000000
7,6,1,4.8195042e+26,0.000000
5,2,17,4.8162641e+26,0.000000
6,4,-32,4.8005232e+26,0.000000
9,-6,-50,4.8004467e+26,0.000000
7,3,-24,4.7640006e+26,0.000000
8,-1,-19,4.7506977e+26,0.000000
7,3,-27,4.7262261e+26,0.000000
9,-4,-30,4.7154627e+26,0.000000
7,3,-29,4.7037407e+26,0.000000
4,0,50,4.7026121e+26,0.000000
4,0,-50,4.7026121e+26,0.000000
5,1,-40,4.7019922e+26,0.000000
6,5,-49,4.6485551e+26,0.000000
6,2,-40,4.6415663e+26,0.000000
5,1,-39,4.6397655e+26,0.000000
10,-5,-29,4.6346016e+26,0.000000
5,1,34,4.6087539e+26,0.000000
8,6,1,4.598298e+26,0.000000
8,-4,-52,4.5899699e+26,0.000000
3,-1,49,4.5773987e+26,0.000000
2,1,40,4.5676326e+26,0.000000
7,6,-29,4.5563303e+26,0.000000
5,1,-41,4.4994147e+26,0.000000
7,3,-26,4.4704394e+26,0.000000
6,-3,12,4.4595993e+26,0.000000
8,6,-12,4.4545686e+26,0.000000
10,-6,-41,4.4279896e+26,0.000000
7,3,-30,4.3938332e+26,0.000000
3,1,-54,4.3857872e+26,0.000000
8,5,-12,4.3680133e+26,0.000000
6,-3,13,4.3610812e+26,0.000000
8,1,-13,4.3574935e+26,0.000000
5,3,-45,4.3445097e+26,0.000000
6,1,-30,4.3318824e+26,0.000000
10,-4,-17,4.3173398e+26,0.000000
3,-2,45,4.3158808e+26,0.000000
5,1,-38,4.301101e+26,0.000000
7,3,-25,4.2951475e+26,0.000000
8,1,-14,4.2859869e+26,0.000000
8,3,-14,4.2761487e+26,0.000000
6,-3,11,4.2730105e+26,0.000000
7,6,-30,4.2614775e+26,0.000000
7,2,-31,4.2597659e+26,0.000000
8,1,-5,4.2409049e+26,0.000000
5,-2,24,4.2395476e+26,0.000000
6,6,-48,4.2270953e+26,0.000000
8,1,-12,4.2081975e+26,0.000000
8,-3,-41,4.1950553e+26,0.000000
7,5,4,4.1557128e+26,0.000000
7,-1,23,4.1505819e+26,0.000000
5,1,-36,4.1373458e+26,0.000000
5,-4,18,4.1354407e+26,0.000000
5,-1,40,4.1298943e+26,0.000000
5,1,-42,4.1116121e+26,0.000000
6,-3,8,4.1069266e+26,0.000000
8,-2,-28,4.1036339e+26,0.000000
7,-3,12,4.1009742e+26,0.000000
7,-3,3,4.0977793e+26,0.000000
4,-2,37,4.0823267e+26,0.000000
3,-3,42,4.0608599e+26,0.000000
4,1,-53,4.0313641e+26,0.000000
8,6,-13,4.0222357e+26,0.000000
8,1,-15,4.0180406e+26,0.000000
6,-3,14,4.0166431e+26,0.000000
10,-4,-18,3.9807439e+26,0.000000
7,6,-31,3.9600774e+26,0.000000
7,3,-31,3.9538786e+26,0.000000
7,-2,-30,3.9333839e+26,0.000000
8,5,-13,3.9195026e+26,0.000000
5,1,-37,3.8893628e+26,0.000000
6,-3,10,3.8888961e+26,0.000000
9,-5,-45,3.883872e+26,0.000000
8,4,-22,3.8564075e+26,0.000000
8,1,-11,3.8562785e+26,0.000000
3,1,40,3.8327319e+26,0.000000
6,-1,-45,3.8015984e+26,0.000000
10,-4,-19,3.7751808e+26,0.000000
10,-7,-50,3.7698316e+26,0.000000
10,-5,-30,3.7567802e+26,0.000000
5,-3,31,3.7222545e+26,0.000000
9,-3,1,3.7115659e+26,0.000000
8,-1,-20,3.7000554e+26,0.000000
7,5,-34,3.6888432e+26,0.000000
8,-4,-53,3.6624425e+26,0.000000
3,-1,55,3.659475e+26,0.000000
7,6,-32,3.6549407e+26,0.000000
8,6,-14,3.6534735e+26,0.000000
5,1,-43,3.6232681e+26,0.000000
10,-4,-20,3.6232149e+26,0.000000
6,-3,9,3.6222306e+26,0.000000
4,3,11,3.612938e+26,0.000000
6,5,-50,3.6056546e+26,0.000000
8,1,-16,3.6047679e+26,0.000000
6,0,38,3.599748e+26,0.000000
6,0,-38,3.599748e+26,0.000000
10,-6,-42,3.5763919e+26,0.000000
8,2,-17,3.5506921e+26,0.000000
3,-1,50,3.5296036e+26,0.000000
8,5,-14,3.5204502e+26,0.000000
6,-3,15,3.5150808e+26,0.000000
6,3,-42,3.4979165e+26,0.000000
3,1,-55,3.4810173e+26,0.000000
7,-1,-34,3.4789151e+26,0.000000
10,-4,-21,3.4641783e+26,0.000000
7,3,-32,3.4466582e+26,0.000000
6,1,26,3.4412418e+26,0.000000
3,-1,54,3.4171475e+26,0.000000
6,6,-49,3.4109579e+26,0.000000
6,-1,31,3.4105536e+26,0.000000
4,1,36,3.4096e+26,0.000000
4,2,-44,3.3927856e+26,0.000000
5,0,45,3.3892082e+26,0.000000
5,0,-45,3.3892082e+26,0.000000
7,0,19,3.3747266e+26,0.000000
7,0,-19,3.3747266e+26,0.000000
8,1,-10,3.3714029e+26,0.000000
10,-9,0,3.3706986e+26,0.000000
6,2,19,3.3665072e+26,0.000000
2,1,-55,3.3588585e+26,0.000000
7,6,-33,3.3494617e+26,0.000000
8,6,-15,3.3452077e+26,0.000000
7,7,-4,3.3424422e+26,0.000000
4,-3,34,3.3276615e+26,0.000000
4,2,24,3.3200857e+26,0.000000
8,-2,-29,3.318863e+26,0.000000
7,-2,1,3.2888458e+26,0.000000
7,7,-5,3.2715016e+26,0.000000
10,-4,-22,3.2608639e+26,0.000000
4,0,51,3.2480112e+26,0.000000
4,0,-51,3.2480112e+26,0.000000
10,-10,1,3.241028e+26,0.000000
4,-2,38,3.2236007e+26,0.000000
6,6,5,3.2224928e+26,0.000000
4,-1,43,3.2174745e+26,0.000000
3,-1,53,3.2015542e+26,0.000000
8,0,19,3.1997103e+26,0.000000
8,0,-19,3.1997103e+26,0.000000
9,-3,-24,3.1922423e+26,0.000000
6,-2,-46,3.1884539e+26,0.000000
9,-6,-51,3.1601991e+26,0.000000
7,1,-31,3.1531104e+26,0.000000
7,-1,24,3.1523542e+26,0.000000
8,5,-15,3.1518891e+26,0.000000
3,3,19,3.1451311e+26,0.000000
6,-2,22,3.1449214e+26,0.000000
8,-3,-42,3.1277525e+26,0.000000
3,-1,51,3.1255948e+26,0.000000
8,1,-17,3.1071907e+26,0.000000
5,1,-44,3.1020124e+26,0.000000
4,-4,28,3.0968094e+26,0.000000
10,-5,2,3.095322e+26,0.000000
8,6,-16,3.0894255e+26,0.000000
7,7,-6,3.0741938e+26,0.000000
3,-1,52,3.071791e+26,0.000000
8,3,-15,3.0533552e+26,0.000000
7,6,-34,3.0473e+26,0.000000
7,1,14,3.0415372e+26,0.000000
6,-4,19,3.0140209e+26,0.000000
10,-4,-23,2.9998861e+26,0.000000
7,1,17,2.9979554e+26,0.000000
7,1,18,2.9926169e+26,0.000000
10,-5,-31,2.9887204e+26,0.000000
6,-1,-46,2.9746026e+26,0.000000
7,2,-32,2.968669e+26,0.000000
8,1,-6,2.9656447e+26,0.000000
6,-3,16,2.9475443e+26,0.000000
6,2,-41,2.9418891e+26,0.000000
7,7,-3,2.9311439e+26,0.000000
8,4,-23,2.9257234e+26,0.000000
7,3,-33,2.9244663e+26,0.000000
8,-4,-54,2.915246e+26,0.000000
10,-7,-51,2.8999647e+26,0.000000
3,2,20,2.8875297e+26,0.000000
7,7,-7,2.8820464e+26,0.000000
8,6,-17,2.8748191e+26,0.000000
8,1,-9,2.872306e+26,0.000000
3,-2,46,2.85074e+26,0.000000
10,-6,-43,2.8484445e+26,0.000000
5,3,-46,2.8387628e+26,0.000000
7,4,-23,2.8281919e+26,0.000000
7,1,16,2.8193004e+26,0.000000
9,3,-3,2.8112947e+26,0.000000
8,5,-16,2.8021656e+26,0.000000
8,-1,-21,2.8007315e+26,0.000000
9,-4,-31,2.8003348e+26,0.000000
7,1,19,2.7901522e+26,0.000000
6,5,-51,2.7896257e+26,0.000000
9,-8,5,2.7894439e+26,0.000000
4,1,-54,2.7840561e+26,0.000000
9,3,-2,2.7783257e+26,0.000000
7,6,-35,2.7520991e+26,0.000000
6,6,-50,2.7408862e+26,0.000000
7,-2,-31,2.7374339e+26,0.000000
5,1,35,2.7368575e+26,0.000000
5,2,-42,2.7186553e+26,0.000000
7,7,-8,2.7052274e+26,0.000000
5,2,18,2.6986745e+26,0.000000
8,6,-18,2.6889807e+26,0.000000
10,-4,-24,2.6869543e+26,0.000000
6,-1,2,2.6840474e+26,0.000000
7,5,-35,2.678909e+26,0.000000
10,-9,3,2.6664423e+26,0.000000
7,1,15,2.6525263e+26,0.000000
5,-5,12,2.6305108e+26,0.000000
2,1,41,2.6286359e+26,0.000000
8,-2,-30,2.6226581e+26,0.000000
5,1,-45,2.5940994e+26,0.000000
8,1,-18,2.5827144e+26,0.000000
6,0,39,2.5714715e+26,0.000000
6,0,-39,2.5714715e+26,0.000000
7,7,3,2.565311e+26,0.000000
8,0,2,2.5635612e+26,0.000000
8,0,-2,2.5635612e+26,0.000000
7,7,-9,2.5377702e+26,0.000000
8,6,-19,2.5203686e+26,0.000000
8,1,-8,2.5140611e+26,0.000000
9,-5,-46,2.5139142e+26,0.000000
5,3,8,2.5054383e+26,0.000000
6,1,-31,2.4898392e+26,0.000000
3,-3,43,2.4800414e+26,0.000000
8,1,-7,2.4756781e+26,0.000000
7,6,-36,2.4672564e+26,0.000000
8,5,-17,2.4660783e+26,0.000000
4,-2,39,2.465032e+26,0.000000
5,-4,19,2.4579663e+26,0.000000
4,3,12,2.4542871e+26,0.000000
7,1,20,2.4514174e+26,0.000000
6,3,-43,2.4493001e+26,0.000000
7,3,-34,2.4248647e+26,0.000000
6,4,-33,2.3920868e+26,0.000000
6,-3,17,2.3852511e+26,0.000000
7,7,-10,2.3800868e+26,0.000000
4,0,52,2.3682369e+26,0.000000
4,0,-52,2.3682369e+26,0.000000
8,6,-20,2.359647e+26,0.000000
5,-1,41,2.3531514e+26,0.000000
5,-3,32,2.3466513e+26,0.000000
7,-1,25,2.3399019e+26,0.000000
10,-4,-25,2.3397714e+26,0.000000
10,-5,-32,2.3327241e+26,0.000000
8,-4,-55,2.3183606e+26,0.000000
8,-3,-43,2.3146824e+26,0.000000
6,-1,-47,2.3129341e+26,0.000000
7,-3,13,2.2841362e+26,0.000000
6,1,27,2.2709048e+26,0.000000
2,2,24,2.25487e+26,0.000000
10,-6,-44,2.2389782e+26,0.000000
7,7,-11,2.2361233e+26,0.000000
9,5,1,2.233124e+26,0.000000
5,0,46,2.2254111e+26,0.000000
5,0,-46,2.2254111e+26,0.000000
10,-7,-52,2.2168323e+26,0.000000
8,6,-21,2.200319e+26,0.000000
7,6,-37,2.195749e+26,0.000000
6,6,-51,2.1939072e+26,0.000000
6,-1,32,2.1835405e+26,0.000000
8,-3,2,2.1678795e+26,0.000000
8,4,-24,2.1626319e+26,0.000000
6,5,-52,2.1533598e+26,0.000000
8,5,-18,2.1432786e+26,0.000000
5,1,-46,2.127249e+26,0.000000
9,3,-4,2.1103197e+26,0.000000
7,7,-12,2.1087178e+26,0.000000
7,7,0,2.0843223e+26,0.000000
9,-6,-52,2.0833522e+26,0.000000
8,3,-16,2.0825606e+26,0.000000
8,1,-19,2.0768816e+26,0.000000
3,1,41,2.0681897e+26,0.000000
8,-1,-22,2.0640314e+26,0.000000
7,7,-2,2.0559039e+26,0.000000
7,1,21,2.0504152e+26,0.000000
7,2,-33,2.0451871e+26,0.000000
8,0,20,2.0392459e+26,0.000000
8,0,-20,2.0392459e+26,0.000000
4,-3,35,2.0389347e+26,0.000000
8,6,-22,2.0387619e+26,0.000000
8,-2,-31,2.0308663e+26,0.000000
4,4,6,2.0190191e+26,0.000000
7,7,-13,1.9975234e+26,0.000000
6,2,20,1.9972951e+26,0.000000
9,-3,-25,1.9825942e+26,0.000000
10,-4,-26,1.9806831e+26,0.000000
7,7,-1,1.9715047e+26,0.000000
7,3,-35,1.9712096e+26,0.000000
9,5,-2,1.956758e+26,0.000000
10,-10,0,1.9521144e+26,0.000000
4,4,7,1.948882e+26,0.000000
7,6,-38,1.9400178e+26,0.000000
4,1,37,1.9396046e+26,0.000000
7,5,-36,1.9353495e+26,0.000000
4,1,-55,1.9050501e+26,0.000000
7,-1,-35,1.9025266e+26,0.000000
7,7,-14,1.8993061e+26,0.000000
8,2,-18,1.8982851e+26,0.000000
3,-2,47,1.8946107e+26,0.000000
7,-2,-32,1.8827315e+26,0.000000
8,6,-23,1.8738547e+26,0.000000
6,-3,18,1.8736958e+26,0.000000
5,-2,25,1.869466e+26,0.000000
9,-2,-5,1.8646228e+26,0.000000
9,-2,-1,1.8625247e+26,0.000000
7,1,-32,1.8529525e+26,0.000000
6,2,-42,1.8462235e+26,0.000000
4,-2,40,1.8377076e+26,0.000000
7,7,2,1.8366988e+26,0.000000
8,5,-19,1.836421e+26,0.000000
5,3,-47,1.8360504e+26,0.000000
4,0,53,1.8284699e+26,0.000000
4,0,-53,1.8284699e+26,0.000000
6,0,40,1.8237672e+26,0.000000
6,0,-40,1.8237672e+26,0.000000
6,-2,-47,1.8194593e+26,0.000000
7,7,-15,1.8094672e+26,0.000000
6,-4,20,1.8069849e+26,0.000000
4,2,-51,1.797796e+26,0.000000
7,0,20,1.797059e+26,0.000000
7,0,-20,1.797059e+26,0.000000
4,2,-50,1.7941621e+26,0.000000
6,-1,-48,1.7888895e+26,0.000000
10,-5,-33,1.7856312e+26,0.000000
6,-2,23,1.7735369e+26,0.000000
9,-2,-6,1.7720636e+26,0.000000
6,1,-32,1.7703358e+26,0.000000
3,3,20,1.7513502e+26,0.000000
6,6,-52,1.74981e+26,0.000000
10,-6,-45,1.7382218e+26,0.000000
4,2,-52,1.7250665e+26,0.000000
7,7,-16,1.7236653e+26,0.000000
5,1,-47,1.7152668e+26,0.000000
8,1,-1,1.7134986e+26,0.000000
9,-4,-32,1.711859e+26,0.000000
4,2,-45,1.711161e+26,0.000000
4,-1,44,1.7096941e+26,0.000000
6,3,-44,1.7074026e+26,0.000000
8,6,-24,1.7063887e+26,0.000000
7,-1,26,1.7035276e+26,0.000000
7,6,-39,1.7019057e+26,0.000000
8,-3,-44,1.7015456e+26,0.000000
4,2,-49,1.700022e+26,0.000000
7,4,-24,1.6949757e+26,0.000000
10,-7,-53,1.6844879e+26,0.000000
6,5,-53,1.6588488e+26,0.000000
7,1,22,1.647057e+26,0.000000
7,7,4,1.6464022e+26,0.000000
4,-4,29,1.6449532e+26,0.000000
4,3,13,1.644048e+26,0.000000
7,7,-17,1.6388762e+26,0.000000
9,-5,-47,1.6316173e+26,0.000000
10,-4,-27,1.6311073e+26,0.000000
8,1,-20,1.6202755e+26,0.000000
5,1,36,1.6151638e+26,0.000000
7,7,1,1.6089434e+26,0.000000
4,2,-53,1.5973111e+26,0.000000
9,-2,-4,1.584646e+26,0.000000
7,3,-36,1.5752553e+26,0.000000
9,-2,-7,1.5716265e+26,0.000000
9,5,-3,1.5624948e+26,0.000000
8,4,-25,1.5582943e+26,0.000000
7,7,-18,1.5537358e+26,0.000000
8,5,-20,1.5494659e+26,0.000000
3,-3,44,1.5458992e+26,0.000000
8,-2,-32,1.5447763e+26,0.000000
8,6,-25,1.5384161e+26,0.000000
6,1,-33,1.5309385e+26,0.000000
4,2,-48,1.5235107e+26,0.000000
2,1,42,1.5164431e+26,0.000000
9,5,-1,1.5153246e+26,0.000000
8,-1,-1,1.5062592e+26,0.000000
9,3,-5,1.4887226e+26,0.000000
9,5,2,1.4863392e+26,0.000000
6,1,28,1.4861389e+26,0.000000
4,0,54,1.4859514e+26,0.000000
4,0,-54,1.4859514e+26,0.000000
8,-1,-23,1.4831427e+26,0.000000
7,6,-40,1.4826429e+26,0.000000
5,-3,33,1.4755687e+26,0.000000
7,7,-19,1.4683407e+26,0.000000
5,2,19,1.4682274e+26,0.000000
6,1,-34,1.4550559e+26,0.000000
5,0,47,1.452159e+26,0.000000
5,0,-47,1.452159e+26,0.000000
5,-4,20,1.4507137e+26,0.000000
4,2,-54,1.4357242e+26,0.000000
6,-3,19,1.4355851e+26,0.000000
5,3,9,1.4348079e+26,0.000000
4,2,25,1.4318965e+26,0.000000
10,-10,4,1.4068122e+26,0.000000
5,-5,13,1.4063267e+26,0.000000
6,1,-35,1.4030875e+26,0.000000
7,2,-34,1.3932849e+26,0.000000
7,5,-37,1.3916279e+26,0.000000
6,6,-53,1.391049e+26,0.000000
6,-1,33,1.3887946e+26,0.000000
9,-6,-53,1.3851426e+26,0.000000
7,7,-20,1.383779e+26,0.000000
6,-1,-49,1.3772115e+26,0.000000
8,6,-26,1.3726431e+26,0.000000
4,4,8,1.3659911e+26,0.000000
5,1,-48,1.3625494e+26,0.000000
8,3,-17,1.3582984e+26,0.000000
6,-5,6,1.3553653e+26,0.000000
5,2,-43,1.3530419e+26,0.000000
9,-2,-8,1.3528617e+26,0.000000
4,-2,41,1.3431291e+26,0.000000
10,-5,-34,1.3399377e+26,0.000000
10,-6,-46,1.3338062e+26,0.000000
5,-1,42,1.3305239e+26,0.000000
6,1,-36,1.3257935e+26,0.000000
4,2,-47,1.3239831e+26,0.000000
9,1,-7,1.3203994e+26,0.000000
10,-4,-28,1.3079535e+26,0.000000
9,1,-6,1.3053976e+26,0.000000
7,7,-21,1.3016217e+26,0.000000
7,-6,6,1.2944898e+26,0.000000
8,5,-21,1.2863679e+26,0.000000
6,0,41,1.2848582e+26,0.000000
6,0,-41,1.2848582e+26,0.000000
7,6,-41,1.2828718e+26,0.000000
7,-2,-33,1.2802924e+26,0.000000
7,1,23,1.2796165e+26,0.000000
3,-2,48,1.2760945e+26,0.000000
6,5,-54,1.2756265e+26,0.000000
3,2,21,1.2754961e+26,0.000000
10,-7,-54,1.2727622e+26,0.000000
4,2,-46,1.2652852e+26,0.000000
4,2,-55,1.2582273e+26,0.000000
4,0,55,1.2555284e+26,0.000000
4,0,-55,1.2555284e+26,0.000000
8,0,21,1.254192e+26,0.000000
8,0,-21,1.254192e+26,0.000000
4,-3,36,1.248399e+26,0.000000
8,-3,-45,1.2433994e+26,0.000000
10,-9,4,1.2430307e+26,0.000000
7,3,-37,1.2402785e+26,0.000000
8,1,-21,1.2292151e+26,0.000000
7,7,-22,1.2235011e+26,0.000000
7,-1,27,1.2198445e+26,0.000000
8,2,-23,1.218615e+26,0.000000
6,1,-37,1.2159262e+26,0.000000
8,2,-19,1.2125648e+26,0.000000
8,6,-27,1.2119292e+26,0.000000
8,2,-24,1.2093427e+26,0.000000
7,-3,14,1.2013643e+26,0.000000
6,3,-45,1.1850672e+26,0.000000
10,-10,3,1.1809242e+26,0.000000
9,-3,-26,1.1787455e+26,0.000000
5,3,-48,1.1729715e+26,0.000000
8,2,-22,1.1665172e+26,0.000000
9,1,-8,1.1639621e+26,0.000000
6,2,21,1.1637419e+26,0.000000
7,0,21,1.1624092e+26,0.000000
7,0,-21,1.1624092e+26,0.000000
8,-2,-33,1.1565691e+26,0.000000
7,4,-25,1.155715e+26,0.000000
9,-4,-33,1.153166e+26,0.000000
7,7,-23,1.1508187e+26,0.000000
6,2,-43,1.145349e+26,0.000000
8,2,-25,1.1419326e+26,0.000000
9,-2,-9,1.1394807e+26,0.000000
6,4,-34,1.1384388e+26,0.000000
9,5,-4,1.1293342e+26,0.000000
7,4,-31,1.1233643e+26,0.000000
7,4,-30,1.1187411e+26,0.000000
3,1,42,1.1134226e+26,0.000000
10,-7,4,1.1108167e+26,0.000000
7,6,-42,1.1027004e+26,0.000000
6,6,-54,1.1025727e+26,0.000000
8,4,-26,1.0946609e+26,0.000000
4,1,38,1.0924875e+26,0.000000
7,4,-32,1.090793e+26,0.000000
4,3,14,1.0879084e+26,0.000000
7,7,-24,1.0845719e+26,0.000000
6,1,-38,1.0826269e+26,0.000000
8,2,-21,1.0793457e+26,0.000000
6,-4,21,1.0776698e+26,0.000000
7,4,-29,1.0770757e+26,0.000000
6,-3,20,1.0770002e+26,0.000000
9,-9,6,1.0752245e+26,0.000000
9,-5,-48,1.0701182e+26,0.000000
5,1,-49,1.0676322e+26,0.000000
7,1,-33,1.0676007e+26,0.000000
8,6,-28,1.0589178e+26,0.000000
9,3,-6,1.0582274e+26,0.000000
6,-1,-50,1.0559177e+26,0.000000
8,5,-22,1.0502219e+26,0.000000
5,3,10,1.0481684e+26,0.000000
9,1,-5,1.0430383e+26,0.000000
10,-8,5,1.0415499e+26,0.000000
8,-1,-24,1.0403314e+26,0.000000
8,2,-20,1.0382125e+26,0.000000
8,2,-26,1.0323141e+26,0.000000
7,4,-33,1.027243e+26,0.000000
7,7,-25,1.0252729e+26,0.000000
10,-4,-29,1.0223479e+26,0.000000
10,-6,-47,1.0123429e+26,0.000000
7,-1,-36,1.012324e+26,0.000000
7,4,-28,1.0106224e+26,0.000000
6,-2,-48,1.0083633e+26,0.000000
9,1,-2,1.0003244e+26,0.000000
9,5,0,9.9968422e+25,0.000000
7,0,24,9.9744958e+25,0.000000
7,0,-24,9.9744958e+25,0.000000
7,5,-38,9.9649242e+25,0.000000
7,0,25,9.9416927e+25,0.000000
7,0,-25,9.9416927e+25,0.000000
3,-3,45,9.9109744e+25,0.000000
6,-2,24,9.8691435e+25,0.000000
10,-5,-35,9.8515721e+25,0.000000
7,0,22,9.8112308e+25,0.000000
7,0,-22,9.8112308e+25,0.000000
6,5,-55,9.7941857e+25,0.000000
3,3,21,9.7425524e+25,0.000000
7,0,23,9.7341376e+25,0.000000
7,0,-23,9.7341376e+25,0.000000
7,7,-26,9.7293525e+25,0.000000
4,-2,42,9.6751738e+25,0.000000
7,1,24,9.6693537e+25,0.000000
6,1,29,9.6513504e+25,0.000000
7,4,-26,9.6418949e+25,0.000000
7,3,-38,9.6398292e+25,0.000000
10,-7,-55,9.5664219e+25,0.000000
7,4,-27,9.5183934e+25,0.000000
7,0,26,9.4916097e+25,0.000000
7,0,-26,9.4916097e+25,0.000000
6,-6,7,9.472428e+25,0.000000
5,1,37,9.4663332e+25,0.000000
7,6,-43,9.4177507e+25,0.000000
7,4,-34,9.4148619e+25,0.000000
5,0,48,9.4122982e+25,0.000000
5,0,-48,9.4122982e+25,0.000000
6,1,-39,9.3887463e+25,0.000000
7,2,-35,9.3883326e+25,0.000000
9,-6,-54,9.3706528e+25,0.000000
9,-2,-10,9.3617766e+25,0.000000
7,7,-27,9.2711011e+25,0.000000
5,-3,34,9.2547932e+25,0.000000
4,-1,45,9.2393193e+25,0.000000
9,1,-9,9.2002393e+25,0.000000
8,6,-29,9.1579735e+25,0.000000
9,-4,-34,9.1039997e+25,0.000000
8,1,-22,9.0857398e+25,0.000000
8,-3,-46,9.0387619e+25,0.000000
6,0,42,8.9946751e+25,0.000000
6,0,-42,8.9946751e+25,0.000000
8,2,-27,8.9910881e+25,0.000000
8,5,3,8.9492934e+25,0.000000
7,7,-28,8.8696186e+25,0.000000
3,-2,49,8.7922085e+25,0.000000
2,1,43,8.7778002e+25,0.000000
6,-1,34,8.7739014e+25,0.000000
9,-4,-38,8.7595776e+25,0.000000
4,-4,30,8.7426508e+25,0.000000
6,6,-55,8.7160665e+25,0.000000
5,3,11,8.7022412e+25,0.000000
7,0,27,8.686912e+25,0.000000
7,0,-27,8.686912e+25,0.000000
9,4,-1,8.6852789e+25,0.000000
9,-4,-39,8.6696853e+25,0.000000
9,-4,-37,8.6290796e+25,0.000000
7,-2,-34,8.611321e+25,0.000000
7,-1,28,8.6111857e+25,0.000000
8,-2,-34,8.5379342e+25,0.000000
8,3,-18,8.526671e+25,0.000000
7,7,-29,8.5137147e+25,0.000000
5,-4,21,8.5123713e+25,0.000000
4,4,9,8.5010477e+25,0.000000
8,5,-23,8.4283375e+25,0.000000
7,4,-35,8.4250805e+25,0.000000
2,2,25,8.4117906e+25,0.000000
9,-4,-36,8.4021226e+25,0.000000
9,-4,-35,8.3741217e+25,0.000000
9,5,-5,8.354359e+25,0.000000
9,-4,-40,8.3386608e+25,0.000000
5,1,-50,8.2577067e+25,0.000000
7,7,-30,8.1905749e+25,0.000000
6,3,-46,8.1896978e+25,0.000000
7,-3,5,8.1789793e+25,0.000000
5,-2,26,8.144675e+25,0.000000
6,-1,-51,8.0648674e+25,0.000000
7,6,-44,7.9936385e+25,0.000000
6,1,-40,7.9607452e+25,0.000000
6,-3,21,7.9368281e+25,0.000000
7,7,-31,7.8870114e+25,0.000000
8,6,-30,7.8417712e+25,0.000000
9,3,-7,7.831589e+25,0.000000
9,-4,-41,7.8010822e+25,0.000000
10,-4,-30,7.7963866e+25,0.000000
9,-1,-6,7.7953972e+25,0.000000
5,2,20,7.7470401e+25,0.000000
7,0,28,7.6598564e+25,0.000000
7,0,-28,7.6598564e+25,0.000000
4,-3,37,7.6365352e+25,0.000000
5,-5,14,7.6323558e+25,0.000000
7,6,4,7.6317275e+25,0.000000
10,-6,-48,7.6056447e+25,0.000000
7,7,-32,7.5906273e+25,0.000000
8,2,-28,7.5861367e+25,0.000000
9,-1,-7,7.5462364e+25,0.000000
9,3,-1,7.5427059e+25,0.000000
8,4,-27,7.4945048e+25,0.000000
5,-1,43,7.490799e+25,0.000000
9,4,1,7.4732719e+25,0.000000
9,-2,-11,7.4574454e+25,0.000000
8,0,22,7.4408021e+25,0.000000
8,0,-22,7.4408021e+25,0.000000
5,3,12,7.4177467e+25,0.000000
7,3,-39,7.4082822e+25,0.000000
7,4,-36,7.3822227e+25,0.000000
5,3,-49,7.381878e+25,0.000000
7,-7,7,7.3689781e+25,0.000000
7,7,-33,7.2907783e+25,0.000000
9,-5,-49,7.1575323e+25,0.000000
7,1,25,7.1383133e+25,0.000000
8,-1,-25,7.1290738e+25,0.000000
4,3,15,7.1174605e+25,0.000000
9,-4,-42,7.1151859e+25,0.000000
7,5,-39,7.1093865e+25,0.000000
10,-5,-36,7.0918052e+25,0.000000
6,2,-44,7.0088812e+25,0.000000
9,3,-13,6.987504e+25,0.000000
7,7,-34,6.9792559e+25,0.000000
9,3,-14,6.9690557e+25,0.000000
4,-2,43,6.9076103e+25,0.000000
10,-10,2,6.8449617e+25,0.000000
9,-1,-5,6.7617785e+25,0.000000
7,6,-45,6.7444305e+25,0.000000
9,-3,-27,6.7083493e+25,0.000000
9,3,-12,6.6880408e+25,0.000000
6,2,22,6.6660741e+25,0.000000
7,7,-35,6.6506561e+25,0.000000
8,6,-31,6.6505548e+25,0.000000
8,5,-24,6.6462175e+25,0.000000
6,1,-41,6.6232159e+25,0.000000
9,3,-15,6.6103744e+25,0.000000
3,-3,46,6.5938649e+25,0.000000
9,1,-10,6.5923203e+25,0.000000
8,1,-23,6.5529335e+25,0.000000
7,0,29,6.5430336e+25,0.000000
7,0,-29,6.5430336e+25,0.000000
8,-3,-47,6.5410646e+25,0.000000
9,-1,-8,6.5158077e+25,0.000000
9,-6,-55,6.5128153e+25,0.000000
9,5,-6,6.4527758e+25,0.000000
6,-4,22,6.3993841e+25,0.000000
5,2,-44,6.3767649e+25,0.000000
7,4,-37,6.3490337e+25,0.000000
9,-4,-43,6.3434306e+25,0.000000
5,1,-51,6.3067256e+25,0.000000
7,7,-36,6.302441e+25,0.000000
10,-9,2,6.2892698e+25,0.000000
9,3,-8,6.2852516e+25,0.000000
3,-2,50,6.2619276e+25,0.000000
7,2,-36,6.258247e+25,0.000000
6,0,43,6.2575891e+25,0.000000
6,0,-43,6.2575891e+25,0.000000
8,2,-29,6.2284844e+25,0.000000
8,-2,-35,6.2237262e+25,0.000000
6,1,30,6.2230826e+25,0.000000
5,3,13,6.200899e+25,0.000000
9,3,-11,6.2007553e+25,0.000000
3,2,22,6.1721568e+25,0.000000
6,-1,-52,6.1368081e+25,0.000000
4,1,39,6.0840531e+25,0.000000
5,0,49,6.0579128e+25,0.000000
5,0,-49,6.0579128e+25,0.000000
7,1,-34,6.0185795e+25,0.000000
7,-1,29,6.0033848e+25,0.000000
3,1,43,5.9902535e+25,0.000000
9,3,-16,5.9691339e+25,0.000000
7,-3,15,5.9633461e+25,0.000000
7,7,-37,5.9347388e+25,0.000000
4,2,26,5.8915854e+25,0.000000
10,-4,-31,5.8051864e+25,0.000000
5,-3,35,5.7892515e+25,0.000000
9,3,-10,5.7639614e+25,0.000000
6,-3,22,5.7605388e+25,0.000000
9,-2,-12,5.7313516e+25,0.000000
7,-2,-35,5.7305198e+25,0.000000
9,3,-9,5.6869023e+25,0.000000
10,-6,-49,5.6607083e+25,0.000000
7,6,-46,5.6578064e+25,0.000000
7,3,-40,5.6375721e+25,0.000000
6,3,-47,5.6345141e+25,0.000000
8,6,-32,5.5885364e+25,0.000000
7,7,-38,5.5499442e+25,0.000000
9,-4,-44,5.5417836e+25,0.000000
5,1,38,5.5060205e+25,0.000000
6,-1,35,5.5041629e+25,0.000000
9,1,-4,5.4530691e+25,0.000000
7,0,30,5.4405466e+25,0.000000
7,0,-30,5.4405466e+25,0.000000
8,-7,6,5.4356663e+25,0.000000
6,1,-42,5.4238019e+25,0.000000
3,3,22,5.4163506e+25,0.000000
6,-2,25,5.4151817e+25,0.000000
6,-2,-49,5.4055536e+25,0.000000
7,4,-38,5.3707204e+25,0.000000
5,2,3,5.3549452e+25,0.000000
8,3,-19,5.2530011e+25,0.000000
4,-1,46,5.2440182e+25,0.000000
7,-1,-37,5.2245427e+25,0.000000
9,5,-7,5.1858737e+25,0.000000
6,4,-35,5.1843737e+25,0.000000
7,1,26,5.1669745e+25,0.000000
7,7,-39,5.152196e+25,0.000000
8,5,-25,5.1474302e+25,0.000000
9,3,-17,5.1450154e+25,0.000000
9,-1,-9,5.1241932e+25,0.000000
2,1,44,5.1047522e+25,0.000000
7,5,-40,5.0560499e+25,0.000000
8,6,4,5.0447187e+25,0.000000
4,4,10,5.0316515e+25,0.000000
5,3,14,5.013385e+25,0.000000
8,4,-28,4.9972966e+25,0.000000
8,2,-30,4.9944258e+25,0.000000
10,-5,-37,4.9942947e+25,0.000000
5,-4,22,4.9699715e+25,0.000000
9,-5,-50,4.9268244e+25,0.000000
4,-2,44,4.9216956e+25,0.000000
9,4,-2,4.8947293e+25,0.000000
8,-1,-26,4.7749193e+25,0.000000
5,1,-52,4.7560129e+25,0.000000
9,-4,-45,4.7548302e+25,0.000000
7,7,-40,4.7468035e+25,0.000000
7,6,-47,4.7201273e+25,0.000000
8,-3,-48,4.7155116e+25,0.000000
6,-3,4,4.6782988e+25,0.000000
4,-3,38,4.6659664e+25,0.000000
8,6,-33,4.6549192e+25,0.000000
3,-2,51,4.6531408e+25,0.000000
6,-1,-53,4.6518587e+25,0.000000
4,-4,31,4.6485205e+25,0.000000
8,1,-24,4.6166989e+25,0.000000
4,3,16,4.6060318e+25,0.000000
3,-3,47,4.5928435e+25,0.000000
5,3,-50,4.5611738e+25,0.000000
9,-5,4,4.5144245e+25,0.000000
10,-10,5,4.5061195e+25,0.000000
8,-2,-36,4.485616e+25,0.000000
7,4,-39,4.476395e+25,0.000000
7,0,31,4.4215165e+25,0.000000
7,0,-31,4.4215165e+25,0.000000
6,1,-43,4.3833155e+25,0.000000
7,7,-41,4.3396827e+25,0.000000
6,0,44,4.3260186e+25,0.000000
6,0,-44,4.3260186e+25,0.000000
9,1,-11,4.3023318e+25,0.000000
9,5,-8,4.2877226e+25,0.000000
7,3,-41,4.2535188e+25,0.000000
8,0,23,4.2524768e+25,0.000000
8,0,-23,4.2524768e+25,0.000000
9,3,-18,4.2454625e+25,0.000000
9,-2,-13,4.2439422e+25,0.000000
5,-5,15,4.2366884e+25,0.000000
5,-1,44,4.2289232e+25,0.000000
10,-4,-32,4.222657e+25,0.000000
6,2,-45,4.2188256e+25,0.000000
10,-6,-50,4.1776016e+25,0.000000
7,-1,30,4.1397336e+25,0.000000
7,2,-37,4.1273948e+25,0.000000
6,-3,23,4.1267577e+25,0.000000
9,-1,-4,4.0914635e+25,0.000000
9,-4,-46,4.0145908e+25,0.000000
6,1,31,3.9853572e+25,0.000000
5,2,21,3.9573191e+25,0.000000
7,7,-42,3.936852e+25,0.000000
8,2,-31,3.9229586e+25,0.000000
7,6,-48,3.9171028e+25,0.000000
8,5,-26,3.9134655e+25,0.000000
5,3,15,3.9134336e+25,0.000000
5,0,50,3.872158e+25,0.000000
5,0,-50,3.872158e+25,0.000000
6,3,-48,3.8581704e+25,0.000000
8,6,-34,3.8448791e+25,0.000000
6,-4,23,3.7861033e+25,0.000000
7,-2,-36,3.7737122e+25,0.000000
5,-2,27,3.7649132e+25,0.000000
6,2,23,3.7564316e+25,0.000000
9,3,1,3.7374509e+25,0.000000
9,-1,-10,3.6982777e+25,0.000000
7,4,-40,3.6817688e+25,0.000000
7,1,27,3.6775624e+25,0.000000
9,-3,-28,3.6749866e+25,0.000000
3,-2,52,3.6258942e+25,0.000000
5,-3,36,3.6118315e+25,0.000000
10,-6,4,3.6079762e+25,0.000000
7,5,-41,3.5860548e+25,0.000000
9,5,-9,3.5857169e+25,0.000000
8,4,3,3.5818309e+25,0.000000
9,4,0,3.5576754e+25,0.000000
3,2,23,3.5550336e+25,0.000000
7,7,-43,3.5440153e+25,0.000000
5,1,-53,3.5402698e+25,0.000000
4,-2,45,3.5287686e+25,0.000000
7,0,32,3.5237906e+25,0.000000
7,0,-32,3.5237906e+25,0.000000
9,-5,-51,3.5137647e+25,0.000000
6,-1,-54,3.5118374e+25,0.000000
6,1,-44,3.5036794e+25,0.000000
10,-5,-38,3.4375255e+25,0.000000
6,-1,36,3.427015e+25,0.000000
8,-3,-49,3.3886969e+25,0.000000
3,-3,48,3.3704206e+25,0.000000
9,3,-19,3.3624176e+25,0.000000
4,1,40,3.345418e+25,0.000000
9,-4,-47,3.3414071e+25,0.000000
8,3,-20,3.3229296e+25,0.000000
7,1,-35,3.311181e+25,0.000000
6,-1,1,3.2917192e+25,0.000000
4,-1,47,3.2538698e+25,0.000000
2,2,26,3.2446719e+25,0.000000
8,4,-29,3.2418003e+25,0.000000
7,6,-49,3.2343463e+25,0.000000
3,1,44,3.229671e+25,0.000000
8,-2,-37,3.2001021e+25,0.000000
7,3,-42,3.1855421e+25,0.000000
9,-1,-2,3.1848216e+25,0.000000
8,1,-25,3.1794905e+25,0.000000
5,1,39,3.1759701e+25,0.000000
7,7,-44,3.1662485e+25,0.000000
8,-8,7,3.1633445e+25,0.000000
8,6,-35,3.1506095e+25,0.000000
9,6,-3,3.13658e+25,0.000000
8,-1,-27,3.1261709e+25,0.000000
10,-6,-51,3.0602698e+25,0.000000
9,-2,-14,3.043525e+25,0.000000
8,2,-32,3.0257541e+25,0.000000
3,3,23,3.0108747e+25,0.000000
10,-4,-33,3.0016165e+25,0.000000
7,4,-41,2.9922265e+25,0.000000
2,1,45,2.988254e+25,0.000000
9,5,-10,2.9784361e+25,0.000000
6,0,45,2.9711622e+25,0.000000
6,0,-45,2.9711622e+25,0.000000
3,-2,53,2.9594714e+25,0.000000
5,3,16,2.9558844e+25,0.000000
4,3,17,2.9497901e+25,0.000000
6,-2,26,2.9261651e+25,0.000000
6,-3,24,2.923254e+25,0.000000
8,5,-27,2.9187615e+25,0.000000
4,4,11,2.9075443e+25,0.000000
5,-4,23,2.8890228e+25,0.000000
5,2,-45,2.8577867e+25,0.000000
8,7,-4,2.8480739e+25,0.000000
4,-3,39,2.847127e+25,0.000000
7,-1,31,2.8267082e+25,0.000000
7,7,-45,2.8077918e+25,0.000000
6,-2,-50,2.8077599e+25,0.000000
7,-3,16,2.7852203e+25,0.000000
6,1,-45,2.7750141e+25,0.000000
7,0,33,2.7615319e+25,0.000000
7,0,-33,2.7615319e+25,0.000000
9,2,-1,2.7605834e+25,0.000000
5,3,-51,2.7562227e+25,0.000000
9,-4,-48,2.7458667e+25,0.000000
9,6,-4,2.7392734e+25,0.000000
8,-2,1,2.727606e+25,0.000000
7,2,-38,2.6932153e+25,0.000000
7,6,-50,2.6578161e+25,0.000000
6,-1,-55,2.6392502e+25,0.000000
6,3,-49,2.6280003e+25,0.000000
8,7,-5,2.6220859e+25,0.000000
7,-1,-38,2.6114274e+25,0.000000
3,-3,49,2.610426e+25,0.000000
9,-5,-52,2.6019973e+25,0.000000
5,1,-54,2.5997789e+25,0.000000
7,1,28,2.5798675e+25,0.000000
9,1,-12,2.5769714e+25,0.000000
4,-2,46,2.5722379e+25,0.000000
8,6,-36,2.5623178e+25,0.000000
9,3,-20,2.561123e+25,0.000000
7,5,-42,2.5377127e+25,0.000000
6,1,32,2.535492e+25,0.000000
3,-2,54,2.5126628e+25,0.000000
6,2,-46,2.4888679e+25,0.000000
4,-4,32,2.4728476e+25,0.000000
7,7,-46,2.4719389e+25,0.000000
3,2,24,2.4689832e+25,0.000000
9,-1,-11,2.4612885e+25,0.000000
5,0,51,2.4604469e+25,0.000000
5,0,-51,2.4604469e+25,0.000000
7,-2,-37,2.4594951e+25,0.000000
8,-3,-50,2.4289299e+25,0.000000
5,-1,45,2.4252444e+25,0.000000
9,5,-11,2.4216073e+25,0.000000
5,-5,16,2.4091706e+25,0.000000
9,6,-2,2.405951e+25,0.000000
7,4,-42,2.4057697e+25,0.000000
7,3,-43,2.3705074e+25,0.000000
8,7,-3,2.3666673e+25,0.000000
7,3,3,2.3534654e+25,0.000000
8,0,24,2.3356533e+25,0.000000
8,0,-24,2.3356533e+25,0.000000
8,3,-21,2.3267071e+25,0.000000
6,4,-36,2.3215731e+25,0.000000
9,2,-6,2.3182256e+25,0.000000
10,-5,-39,2.3102829e+25,0.000000
8,2,-33,2.2962703e+25,0.000000
9,2,-7,2.2913113e+25,0.000000
4,2,27,2.2814305e+25,0.000000
8,7,-6,2.2735354e+25,0.000000
4,-1,48,2.2648524e+25,0.000000
8,-2,-38,2.262048e+25,0.000000
5,-3,37,2.2468511e+25,0.000000
6,-4,24,2.2328809e+25,0.000000
9,-4,-49,2.2310509e+25,0.000000
10,-6,-52,2.2279926e+25,0.000000
9,4,-3,2.2245669e+25,0.000000
3,-2,55,2.1967738e+25,0.000000
6,1,-46,2.1811282e+25,0.000000
9,6,-5,2.180423e+25,0.000000
7,6,-51,2.1741468e+25,0.000000
5,3,17,2.1672479e+25,0.000000
7,7,-47,2.1610097e+25,0.000000
9,-2,-15,2.1492149e+25,0.000000
9,1,-3,2.1440297e+25,0.000000
8,1,-26,2.1412358e+25,0.000000
8,5,-28,2.1336906e+25,0.000000
7,0,34,2.1329138e+25,0.000000
7,0,-34,2.1329138e+25,0.000000
7,7,5,2.1320391e+25,0.000000
9,2,-8,2.1273478e+25,0.000000
3,-3,50,2.1260405e+25,0.000000
9,2,-5,2.1214604e+25,0.000000
6,-1,37,2.1161807e+25,0.000000
5,-2,28,2.1069741e+25,0.000000
10,-4,-34,2.085234e+25,0.000000
6,2,24,2.0830199e+25,0.000000
8,6,-37,2.0691028e+25,0.000000
8,3,-26,2.0675736e+25,0.000000
8,3,-27,2.0646761e+25,0.000000
6,-3,25,2.0506466e+25,0.000000
8,4,-30,2.0431653e+25,0.000000
6,0,46,2.0264878e+25,0.000000
6,0,-46,2.0264878e+25,0.000000
8,3,-25,2.0074799e+25,0.000000
8,7,-7,2.0028559e+25,0.000000
8,-1,-28,2.0001624e+25,0.000000
9,-2,-3,1.996961e+25,0.000000
8,3,-28,1.9953155e+25,0.000000
9,-5,-53,1.9942839e+25,0.000000
9,-3,-29,1.9814062e+25,0.000000
8,2,1,1.9765265e+25,0.000000
5,2,22,1.9522188e+25,0.000000
10,-9,5,1.9409859e+25,0.000000
4,-2,47,1.9270698e+25,0.000000
3,2,25,1.9238957e+25,0.000000
8,3,-22,1.9212027e+25,0.000000
7,4,-43,1.91556e+25,0.000000
7,-1,32,1.9132206e+25,0.000000
8,3,-24,1.9115895e+25,0.000000
9,5,-12,1.9104349e+25,0.000000
5,1,-55,1.8819527e+25,0.000000
9,3,-21,1.8785224e+25,0.000000
9,2,-9,1.8771245e+25,0.000000
7,7,-48,1.8763886e+25,0.000000
4,3,18,1.870491e+25,0.000000
8,3,-29,1.8693794e+25,0.000000
8,3,-23,1.8440526e+25,0.000000
5,1,40,1.8159013e+25,0.000000
4,1,41,1.8145952e+25,0.000000
8,7,-8,1.8068679e+25,0.000000
3,-3,51,1.806659e+25,0.000000
9,-4,-50,1.7947017e+25,0.000000
7,5,-43,1.7925294e+25,0.000000
7,1,29,1.787109e+25,0.000000
6,3,-50,1.7793514e+25,0.000000
7,1,-36,1.7722062e+25,0.000000
7,6,-52,1.7708806e+25,0.000000
9,6,-6,1.7680823e+25,0.000000
9,7,-4,1.7666971e+25,0.000000
2,1,46,1.7660211e+25,0.000000
7,3,-44,1.7543615e+25,0.000000
3,1,45,1.753515e+25,0.000000
4,-1,49,1.750656e+25,0.000000
7,2,-39,1.7386728e+25,0.000000
8,-3,-51,1.7373595e+25,0.000000
7,2,10,1.7363793e+25,0.000000
4,-3,40,1.7347238e+25,0.000000
7,2,9,1.7329212e+25,0.000000
8,2,-34,1.7176407e+25,0.000000
6,1,-47,1.7033475e+25,0.000000
8,3,-30,1.7026828e+25,0.000000
3,3,24,1.674418e+25,0.000000
5,-4,24,1.6726455e+25,0.000000
9,-2,-2,1.6664748e+25,0.000000
8,6,-38,1.6596799e+25,0.000000
4,4,12,1.6582273e+25,0.000000
8,7,-9,1.6560824e+25,0.000000
9,7,-3,1.63668e+25,0.000000
7,0,35,1.6266826e+25,0.000000
7,0,-35,1.6266826e+25,0.000000
5,3,-52,1.6221286e+25,0.000000
7,7,-49,1.61861e+25,0.000000
10,-6,-53,1.6144856e+25,0.000000
6,1,33,1.6025614e+25,0.000000
7,2,11,1.6019193e+25,0.000000
8,3,2,1.5944652e+25,0.000000
5,4,5,1.5932254e+25,0.000000
3,-3,52,1.5865341e+25,0.000000
7,-2,-38,1.5865106e+25,0.000000
8,-2,-39,1.5857411e+25,0.000000
9,2,-4,1.5841816e+25,0.000000
9,2,-10,1.5761874e+25,0.000000
9,-5,-54,1.5706742e+25,0.000000
5,0,52,1.5581395e+25,0.000000
5,0,-52,1.5581395e+25,0.000000
3,2,26,1.5559176e+25,0.000000
6,-2,27,1.5541379e+25,0.000000
5,3,18,1.5475689e+25,0.000000
9,-2,-16,1.5457151e+25,0.000000
9,7,-5,1.5451564e+25,0.000000
5,-2,29,1.5439793e+25,0.000000
7,2,8,1.5404301e+25,0.000000
8,7,-10,1.5327235e+25,0.000000
9,-1,-12,1.528138e+25,0.000000
8,5,-29,1.527172e+25,0.000000
10,-5,-40,1.5151905e+25,0.000000
8,3,-31,1.5121208e+25,0.000000
7,4,-44,1.511961e+25,0.000000
8,-6,6,1.5092628e+25,0.000000
4,-2,48,1.4984721e+25,0.000000
9,6,-7,1.4811494e+25,0.000000
9,1,-13,1.4598858e+25,0.000000
9,5,-13,1.459794e+25,0.000000
4,-1,50,1.4469813e+25,0.000000
6,-2,-51,1.444722e+25,0.000000
5,-1,46,1.4409872e+25,0.000000
2,2,27,1.4388964e+25,0.000000
7,6,-53,1.436613e+25,0.000000
6,2,-47,1.4327343e+25,0.000000
9,-4,-51,1.4311009e+25,0.000000
8,7,-11,1.4281008e+25,0.000000
3,-3,53,1.4264696e+25,0.000000
6,-3,26,1.4263462e+25,0.000000
10,-4,-35,1.4157333e+25,0.000000
8,1,-27,1.4100859e+25,0.000000
5,-5,17,1.4015003e+25,0.000000
5,-3,38,1.3937508e+25,0.000000
7,7,-50,1.3874744e+25,0.000000
7,2,12,1.3864177e+25,0.000000
6,0,47,1.3719238e+25,0.000000
6,0,-47,1.3719238e+25,0.000000
5,-2,30,1.3560966e+25,0.000000
8,7,-12,1.3376606e+25,0.000000
9,3,-22,1.3274808e+25,0.000000
9,4,-4,1.3233669e+25,0.000000
6,1,-48,1.3229706e+25,0.000000
8,6,-39,1.3229401e+25,0.000000
4,-4,33,1.3165025e+25,0.000000
6,-4,25,1.3130263e+25,0.000000
8,3,-32,1.3128524e+25,0.000000
9,7,-6,1.3035215e+25,0.000000
3,-3,54,1.3030403e+25,0.000000
5,2,-46,1.3005384e+25,0.000000
9,6,2,1.299462e+25,0.000000
6,-1,38,1.2947133e+25,0.000000
7,3,-45,1.2923073e+25,0.000000
7,-1,33,1.2844472e+25,0.000000
9,6,0,1.2805093e+25,0.000000
7,-1,-39,1.271365e+25,0.000000
9,6,-8,1.2698686e+25,0.000000
8,2,-35,1.2682328e+25,0.000000
7,5,-44,1.2642922e+25,0.000000
9,-5,-55,1.2600983e+25,0.000000
8,7,-13,1.2584306e+25,0.000000
9,2,-11,1.2567944e+25,0.000000
5,-2,31,1.2554145e+25,0.000000
8,-1,6,1.2533846e+25,0.000000
3,2,27,1.2516062e+25,0.000000
8,-1,-29,1.2498907e+25,0.000000
8,4,-31,1.2493725e+25,0.000000
8,-3,-52,1.240547e+25,0.000000
9,-1,-3,1.2385981e+25,0.000000
4,-1,51,1.2293602e+25,0.000000
8,0,25,1.2293452e+25,0.000000
8,0,-25,1.2293452e+25,0.000000
7,0,36,1.2269548e+25,0.000000
7,0,-36,1.2269548e+25,0.000000
7,1,30,1.2243839e+25,0.000000
7,-3,17,1.2212314e+25,0.000000
4,-2,49,1.2162522e+25,0.000000
8,-1,7,1.2101767e+25,0.000000
3,-3,55,1.2021989e+25,0.000000
6,3,-51,1.1962753e+25,0.000000
5,2,-53,1.193076e+25,0.000000
9,-2,-17,1.188702e+25,0.000000
8,7,-14,1.1879965e+25,0.000000
7,4,-45,1.1840755e+25,0.000000
5,2,-54,1.183386e+25,0.000000
7,7,-51,1.1821802e+25,0.000000
4,3,19,1.1752453e+25,0.000000
10,-6,-54,1.1665098e+25,0.000000
7,6,-54,1.1610661e+25,0.000000
5,2,-52,1.1578514e+25,0.000000
5,-2,32,1.1471991e+25,0.000000
7,2,7,1.141584e+25,0.000000
7,2,13,1.1386465e+25,0.000000
5,2,-55,1.1383068e+25,0.000000
6,2,25,1.1363857e+25,0.000000
9,-4,-52,1.1325774e+25,0.000000
6,4,-37,1.1254113e+25,0.000000
8,7,-15,1.1242501e+25,0.000000
9,4,-9,1.1231688e+25,0.000000
9,4,-8,1.1226048e+25,0.000000
9,7,-7,1.1211279e+25,0.000000
10,-4,2,1.1198971e+25,0.000000
9,-7,6,1.1189037e+25,0.000000
9,4,-10,1.1180576e+25,0.000000
8,3,-33,1.1169661e+25,0.000000
9,-3,-30,1.1147594e+25,0.000000
9,4,-11,1.1113364e+25,0.000000
7,2,-40,1.1103526e+25,0.000000
9,4,-7,1.1102581e+25,0.000000
9,4,-5,1.1070595e+25,0.000000
9,6,-9,1.1052508e+25,0.000000
8,-2,-40,1.1032606e+25,0.000000
9,4,-12,1.1017774e+25,0.000000
8,7,-2,1.0942253e+25,0.000000
9,-2,0,1.0925242e+25,0.000000
10,-2,-11,1.0909999e+25,0.000000
9,4,-6,1.0901871e+25,0.000000
9,5,-14,1.0874439e+25,0.000000
9,4,-13,1.0842238e+25,0.000000
9,-8,6,1.0820674e+25,0.000000
5,3,19,1.0796247e+25,0.000000
10,-2,-12,1.0754947e+25,0.000000
5,2,-51,1.0717522e+25,0.000000
8,5,-30,1.0687438e+25,0.000000
8,7,-16,1.0654647e+25,0.000000
10,-2,-10,1.0641392e+25,0.000000
2,1,47,1.0587623e+25,0.000000
4,-3,41,1.0553006e+25,0.000000
9,4,-14,1.0526063e+25,0.000000
8,6,-40,1.0483539e+25,0.000000
4,-1,52,1.0450105e+25,0.000000
4,-2,50,1.0301001e+25,0.000000
5,1,41,1.0292221e+25,0.000000
8,7,0,1.0250212e+25,0.000000
6,1,-49,1.0226734e+25,0.000000
9,-2,-18,1.0165189e+25,0.000000
5,-2,33,1.0149128e+25,0.000000
10,-2,-13,1.0145435e+25,0.000000
7,-2,-39,1.012841e+25,0.000000
8,7,-17,1.0104199e+25,0.000000
6,1,34,1.0061851e+25,0.000000
6,1,2,1.0044316e+25,0.000000
10,-2,-9,1.0038402e+25,0.000000
9,-2,-22,1.0031385e+25,0.000000
9,4,-15,1.0026364e+25,0.000000
7,7,-52,1.0014579e+25,0.000000
9,-2,-21,9.9358083e+24,0.000000
9,5,3,9.9078014e+24,0.000000
5,0,53,9.8846985e+24,0.000000
5,0,-53,9.8846985e+24,0.000000
8,-1,8,9.8613062e+24,0.000000
3,2,28,9.85878e+24,0.000000
9,7,-8,9.8586493e+24,0.000000
9,-2,-23,9.8533784e+24,0.000000
6,-3,27,9.847577e+24,0.000000
8,-1,5,9.7286944e+24,0.000000
9,6,-10,9.7188872e+24,0.000000
4,1,42,9.7115858e+24,0.000000
9,-2,-20,9.7075129e+24,0.000000
10,-5,-41,9.7013171e+24,0.000000
3,1,46,9.6729023e+24,0.000000
5,-4,25,9.6470599e+24,0.000000
9,-2,-19,9.6343951e+24,0.000000
8,7,-18,9.5843112e+24,0.000000
8,-4,4,9.566579e+24,0.000000
9,2,-12,9.4942796e+24,0.000000
7,3,-46,9.481558e+24,0.000000
10,-4,-36,9.3923431e+24,0.000000
5,2,-50,9.3849946e+24,0.000000
4,4,13,9.3762974e+24,0.000000
9,-2,-24,9.3734925e+24,0.000000
7,6,-55,9.351052e+24,0.000000
9,4,-16,9.3324159e+24,0.000000
8,3,-34,9.3311999e+24,0.000000
3,3,25,9.320633e+24,0.000000
5,2,23,9.275242e+24,0.000000
5,3,-53,9.2705835e+24,0.000000
8,2,-36,9.2550179e+24,0.000000
6,0,48,9.2132678e+24,0.000000
6,0,-48,9.2132678e+24,0.000000
7,4,-46,9.2083198e+24,0.000000
9,7,-2,9.2046509e+24,0.000000
10,-2,-8,9.2000273e+24,0.000000
7,1,-37,9.1986092e+24,0.000000
9,-1,-13,9.1921479e+24,0.000000
7,0,37,9.1651129e+24,0.000000
7,0,-37,9.1651129e+24,0.000000
10,-2,-14,9.1298239e+24,0.000000
8,7,-19,9.0925861e+24,0.000000
5,-1,47,9.0869791e+24,0.000000
8,1,-28,9.0770856e+24,0.000000
4,-2,51,9.0510784e+24,0.000000
9,7,0,9.0422523e+24,0.000000
9,3,-23,9.0352304e+24,0.000000
7,2,14,8.9410972e+24,0.000000
7,5,-45,8.9067964e+24,0.000000
9,-4,-53,8.906399e+24,0.000000
8,-3,-53,8.8443399e+24,0.000000
9,7,-9,8.8073703e+24,0.000000
4,-1,53,8.7576192e+24,0.000000
8,1,6,8.7446107e+24,0.000000
5,-2,34,8.6801357e+24,0.000000
9,-2,-25,8.6352845e+24,0.000000
8,7,-20,8.6293836e+24,0.000000
5,-3,39,8.6191545e+24,0.000000
9,6,-11,8.6111873e+24,0.000000
9,1,-14,8.6077226e+24,0.000000
10,-2,-2,8.5810588e+24,0.000000
7,-1,34,8.5587004e+24,0.000000
9,-6,5,8.5085373e+24,0.000000
7,-5,6,8.4749039e+24,0.000000
9,4,-17,8.4666864e+24,0.000000
7,7,-53,8.4369987e+24,0.000000
10,-6,-55,8.4211138e+24,0.000000
5,-5,18,8.318143e+24,0.000000
8,1,7,8.3113765e+24,0.000000
7,1,31,8.3063625e+24,0.000000
8,6,-41,8.2623505e+24,0.000000
10,-2,-7,8.2007638e+24,0.000000
8,7,-21,8.1960408e+24,0.000000
4,2,28,8.1864602e+24,0.000000
4,-2,52,8.1739002e+24,0.000000
2,2,28,8.1537819e+24,0.000000
9,6,-1,8.1381187e+24,0.000000
8,-2,6,8.123199e+24,0.000000
6,-2,28,8.0904643e+24,0.000000
9,5,-15,8.0363043e+24,0.000000
6,2,-48,8.0084106e+24,0.000000
6,3,-52,7.9747073e+24,0.000000
9,1,-19,7.9700775e+24,0.000000
9,7,-10,7.9576129e+24,0.000000
6,-2,-52,7.9341973e+24,0.000000
10,-2,-1,7.9125966e+24,0.000000
9,1,-20,7.9112826e+24,0.000000
6,1,-50,7.8719561e+24,0.000000
6,-1,39,7.8381346e+24,0.000000
5,2,-49,7.8292505e+24,0.000000
10,-2,-15,7.8236235e+24,0.000000
8,7,-22,7.7935159e+24,0.000000
8,7,-1,7.7660507e+24,0.000000
10,-5,3,7.7583658e+24,0.000000
9,-2,-26,7.7177605e+24,0.000000
6,-4,26,7.7004043e+24,0.000000
9,6,-12,7.6783048e+24,0.000000
9,7,3,7.6724539e+24,0.000000
8,3,-35,7.6677112e+24,0.000000
8,-2,-41,7.6234853e+24,0.000000
8,-1,-30,7.6221656e+24,0.000000
3,2,29,7.5799251e+24,0.000000
6,1,1,7.5736081e+24,0.000000
9,1,-18,7.5516176e+24,0.000000
9,7,2,7.5372652e+24,0.000000
4,-2,53,7.5147021e+24,0.000000
8,-5,5,7.5109289e+24,0.000000
9,2,-3,7.5106881e+24,0.000000
5,2,-47,7.4908327e+24,0.000000
10,-2,-4,7.489705e+24,0.000000
9,4,-18,7.4765998e+24,0.000000
8,-2,5,7.466419e+24,0.000000
9,1,-21,7.4226554e+24,0.000000
8,7,-23,7.4216772e+24,0.000000
8,4,-32,7.4076227e+24,0.000000
5,3,20,7.3798118e+24,0.000000
4,3,20,7.3229619e+24,0.000000
8,5,-31,7.3005145e+24,0.000000
6,5,5,7.2594118e+24,0.000000
9,7,-11,7.2494673e+24,0.000000
9,-3,-31,7.2381904e+24,0.000000
5,-2,35,7.2036184e+24,0.000000
4,-1,54,7.1852799e+24,0.000000
10,-2,-6,7.1702479e+24,0.000000
7,4,-47,7.1169607e+24,0.000000
8,1,5,7.1059665e+24,0.000000
8,-1,9,7.0809229e+24,0.000000
8,7,-24,7.0791746e+24,0.000000
8,7,3,7.0714413e+24,0.000000
7,7,-54,7.0707745e+24,0.000000
10,4,0,7.0564868e+24,0.000000
4,-4,34,7.0215368e+24,0.000000
6,4,-38,7.0171029e+24,0.000000
7,2,-41,7.0130101e+24,0.000000
4,-2,54,6.9743539e+24,0.000000
9,-4,-54,6.9676869e+24,0.000000
7,3,-47,6.9327493e+24,0.000000
9,6,-13,6.888417e+24,0.000000
8,7,2,6.8484913e+24,0.000000
9,2,-13,6.7920919e+24,0.000000
8,1,8,6.789858e+24,0.000000
7,0,38,6.7878184e+24,0.000000
7,0,-38,6.7878184e+24,0.000000
9,1,-17,6.7850725e+24,0.000000
8,7,-25,6.7636828e+24,0.000000
6,-3,28,6.754332e+24,0.000000
7,2,15,6.7480033e+24,0.000000
5,2,-48,6.7159421e+24,0.000000
9,-2,-27,6.7079496e+24,0.000000
8,2,-37,6.6828447e+24,0.000000
9,7,-12,6.6414949e+24,0.000000
9,1,-22,6.6318332e+24,0.000000
10,-2,-5,6.6094492e+24,0.000000
4,-2,55,6.4946637e+24,0.000000
2,1,48,6.4901249e+24,0.000000
8,6,-42,6.4789018e+24,0.000000
8,7,-26,6.472278e+24,0.000000
10,-10,6,6.4294344e+24,0.000000
9,4,-19,6.4223609e+24,0.000000
9,4,2,6.4212466e+24,0.000000
4,-3,42,6.4099803e+24,0.000000
7,-2,-40,6.3985794e+24,0.000000
10,-2,-16,6.3775595e+24,0.000000
9,2,-2,6.3531171e+24,0.000000
5,0,54,6.3393598e+24,0.000000
5,0,-54,6.3393598e+24,0.000000
8,-3,-54,6.2954983e+24,0.000000
9,1,-15,6.2862705e+24,0.000000
6,1,35,6.273783e+24,0.000000
7,5,-46,6.2689784e+24,0.000000
9,6,-14,6.2192192e+24,0.000000
8,3,-36,6.2069759e+24,0.000000
8,7,-27,6.2017728e+24,0.000000
5,-1,48,6.1975382e+24,0.000000
7,-1,-40,6.1933296e+24,0.000000
8,0,26,6.1881701e+24,0.000000
8,0,-26,6.1881701e+24,0.000000
9,6,1,6.1451506e+24,0.000000
6,0,49,6.134536e+24,0.000000
6,0,-49,6.134536e+24,0.000000
9,7,-13,6.1040437e+24,0.000000
6,2,26,6.0943699e+24,0.000000
9,1,-16,6.0915894e+24,0.000000
10,-4,-37,6.0895022e+24,0.000000
9,7,-1,6.0865822e+24,0.000000
10,-5,-42,6.0816298e+24,0.000000
9,5,-16,6.0738932e+24,0.000000
6,1,-51,6.0355381e+24,0.000000
6,4,-41,6.0197939e+24,0.000000
7,2,6,6.0152049e+24,0.000000
6,4,-39,5.9585484e+24,0.000000
8,7,-28,5.94893e+24,0.000000
6,4,-42,5.9317037e+24,0.000000
6,4,-40,5.928156e+24,0.000000
9,3,-24,5.916584e+24,0.000000
7,7,-55,5.8964244e+24,0.000000
9,-1,-14,5.8910441e+24,0.000000
5,-2,36,5.8274666e+24,0.000000
9,-3,-32,5.8176691e+24,0.000000
5,1,42,5.7894674e+24,0.000000
4,-1,55,5.7550222e+24,0.000000
2,2,29,5.7433193e+24,0.000000
8,7,-29,5.7105528e+24,0.000000
8,1,-29,5.7078601e+24,0.000000
3,2,30,5.6965479e+24,0.000000
9,-2,-28,5.6838725e+24,0.000000
9,1,-23,5.681908e+24,0.000000
7,-1,35,5.6620225e+24,0.000000
9,6,-15,5.6521053e+24,0.000000
6,4,-43,5.6267043e+24,0.000000
9,7,-14,5.6176464e+24,0.000000
9,-3,-35,5.6055204e+24,0.000000
7,1,32,5.5859132e+24,0.000000
9,-3,-34,5.5693034e+24,0.000000
5,-4,26,5.5427999e+24,0.000000
9,-3,-33,5.5152499e+24,0.000000
3,1,47,5.5118687e+24,0.000000
8,7,-30,5.4834999e+24,0.000000
9,-3,-36,5.4801283e+24,0.000000
7,4,-48,5.4709101e+24,0.000000
9,-1,-19,5.459905e+24,0.000000
9,-4,-55,5.429323e+24,0.000000
9,4,-20,5.365167e+24,0.000000
9,-1,-20,5.3483053e+24,0.000000
6,-2,-53,5.3479179e+24,0.000000
5,-3,40,5.315007e+24,0.000000
9,-1,-18,5.2730964e+24,0.000000
4,4,14,5.2651665e+24,0.000000
8,7,-31,5.2646833e+24,0.000000
6,3,-53,5.2614075e+24,0.000000
8,-2,-42,5.2345208e+24,0.000000
3,3,26,5.1956196e+24,0.000000
9,-3,-37,5.1730636e+24,0.000000
9,7,-15,5.1716521e+24,0.000000
9,6,-16,5.1693726e+24,0.000000
6,4,-44,5.1623832e+24,0.000000
5,3,-54,5.1578688e+24,0.000000
4,1,43,5.143768e+24,0.000000
6,-2,-55,5.1159196e+24,0.000000
7,-3,18,5.0768153e+24,0.000000
8,6,-43,5.056772e+24,0.000000
7,3,-48,5.053882e+24,0.000000
8,7,-32,5.0510951e+24,0.000000
5,-5,19,5.0209891e+24,0.000000
10,4,1,4.9907977e+24,0.000000
7,0,39,4.9892215e+24,0.000000
7,0,-39,4.9892215e+24,0.000000
9,-1,-21,4.9693426e+24,0.000000
8,1,9,4.9657291e+24,0.000000
8,3,-37,4.956248e+24,0.000000
5,3,21,4.9561404e+24,0.000000
10,-2,-17,4.9414872e+24,0.000000
7,2,16,4.9139375e+24,0.000000
9,5,-17,4.8777518e+24,0.000000
9,-1,-17,4.8649936e+24,0.000000
8,5,-32,4.8578761e+24,0.000000
8,7,-33,4.8398825e+24,0.000000
7,-5,9,4.804324e+24,0.000000
8,2,-38,4.7794401e+24,0.000000
6,-2,-54,4.778909e+24,0.000000
9,7,-16,4.7619382e+24,0.000000
9,6,-17,4.7535918e+24,0.000000
10,-3,-2,4.7345856e+24,0.000000
9,-3,-38,4.7219555e+24,0.000000
9,-2,-29,4.7059523e+24,0.000000
9,1,-24,4.6952081e+24,0.000000
6,-1,40,4.6875517e+24,0.000000
7,0,1,4.6560503e+24,0.000000
7,0,-1,4.6560503e+24,0.000000
8,7,-34,4.6284682e+24,0.000000
7,1,-38,4.6234833e+24,0.000000
9,2,-14,4.6215806e+24,0.000000
5,-2,37,4.6142524e+24,0.000000
6,4,-45,4.6136019e+24,0.000000
6,1,-52,4.6097806e+24,0.000000
6,-3,29,4.6058428e+24,0.000000
9,-1,-15,4.5969593e+24,0.000000
8,-1,10,4.5848691e+24,0.000000
5,-1,49,4.5845702e+24,0.000000
8,8,-5,4.5777792e+24,0.000000
9,-9,7,4.5515671e+24,0.000000
8,-1,-31,4.532154e+24,0.000000
4,3,21,4.5295921e+24,0.000000
10,4,-1,4.5237093e+24,0.000000
6,-4,27,4.5037655e+24,0.000000
7,3,8,4.4943064e+24,0.000000
9,-1,-16,4.4838762e+24,0.000000
8,-3,-55,4.472758e+24,0.000000
2,2,30,4.4581623e+24,0.000000
8,7,-35,4.4146933e+24,0.000000
8,8,-4,4.4091157e+24,0.000000
7,5,-47,4.4091112e+24,0.000000
9,-1,-22,4.4050345e+24,0.000000
9,6,-18,4.388196e+24,0.000000
9,7,-17,4.3881328e+24,0.000000
7,2,-42,4.3793407e+24,0.000000
8,-2,7,4.3688982e+24,0.000000
9,4,-21,4.3583154e+24,0.000000
6,2,-49,4.3291982e+24,0.000000
7,3,7,4.3097366e+24,0.000000
9,5,-18,4.2758959e+24,0.000000
9,5,-22,4.2730415e+24,0.000000
8,4,-33,4.2668585e+24,0.000000
9,5,-23,4.2649686e+24,0.000000
9,-4,3,4.2589242e+24,0.000000
7,-2,9,4.2507824e+24,0.000000
5,2,24,4.2375911e+24,0.000000
7,-2,10,4.2251392e+24,0.000000
9,5,-21,4.197507e+24,0.000000
8,7,-36,4.1969546e+24,0.000000
3,2,31,4.1962127e+24,0.000000
7,4,-49,4.186024e+24,0.000000
9,-3,-39,4.1827133e+24,0.000000
5,0,55,4.1689399e+24,0.000000
5,0,-55,4.1689399e+24,0.000000
8,8,-6,4.1613729e+24,0.000000
9,5,-24,4.1492299e+24,0.000000
6,-2,3,4.1231867e+24,0.000000
2,1,49,4.1182987e+24,0.000000
6,-2,29,4.1113061e+24,0.000000
9,5,-20,4.097832e+24,0.000000
9,5,-19,4.0756909e+24,0.000000
9,6,-19,4.0584607e+24,0.000000
9,7,-18,4.0510966e+24,0.000000
6,0,50,4.0480831e+24,0.000000
6,0,-50,4.0480831e+24,0.000000
6,4,-46,4.0425177e+24,0.000000
7,-5,10,4.0302129e+24,0.000000
7,-2,-41,3.9991645e+24,0.000000
8,7,-37,3.9743092e+24,0.000000
8,6,-44,3.9299743e+24,0.000000
9,5,-25,3.9277646e+24,0.000000
9,6,3,3.9207178e+24,0.000000
8,7,1,3.9201854e+24,0.000000
8,3,-38,3.9083262e+24,0.000000
9,7,1,3.8897022e+24,0.000000
4,-3,43,3.8881146e+24,0.000000
6,1,36,3.8829382e+24,0.000000
10,-4,-38,3.8607647e+24,0.000000
7,-5,8,3.8567663e+24,0.000000
7,-2,11,3.8335337e+24,0.000000
9,-2,-30,3.8149311e+24,0.000000
10,-5,-43,3.7639134e+24,0.000000
9,1,-25,3.7598649e+24,0.000000
4,-4,35,3.757925e+24,0.000000
7,-2,8,3.7556717e+24,0.000000
9,6,-20,3.7523278e+24,0.000000
9,7,-19,3.7511544e+24,0.000000
9,-1,-23,3.7477199e+24,0.000000
8,7,-38,3.7465273e+24,0.000000
7,1,33,3.7262781e+24,0.000000
7,3,9,3.7242596e+24,0.000000
9,3,-25,3.7209351e+24,0.000000
8,8,-7,3.7208768e+24,0.000000
7,-1,36,3.719776e+24,0.000000
7,4,4,3.6923798e+24,0.000000
7,3,-49,3.6741028e+24,0.000000
7,0,40,3.6425781e+24,0.000000
7,0,-40,3.6425781e+24,0.000000
10,-2,-18,3.6360623e+24,0.000000
7,-4,11,3.6242672e+24,0.000000
5,-1,50,3.6202709e+24,0.000000
9,5,-26,3.6189347e+24,0.000000
9,-3,-40,3.6093039e+24,0.000000
5,-2,38,3.5882797e+24,0.000000
8,-2,-43,3.5731684e+24,0.000000
8,-1,4,3.5668663e+24,0.000000
10,-2,-3,3.5570585e+24,0.000000
8,-2,13,3.5547649e+24,0.000000
7,-4,10,3.5420806e+24,0.000000
10,6,-3,3.5353747e+24,0.000000
10,-7,5,3.5248761e+24,0.000000
8,7,-39,3.5140852e+24,0.000000
6,1,-53,3.5070217e+24,0.000000
2,2,31,3.5034762e+24,0.000000
8,1,-30,3.5029525e+24,0.000000
10,6,-2,3.5023724e+24,0.000000
9,1,-1,3.4974976e+24,0.000000
6,4,-47,3.4911616e+24,0.000000
9,7,-20,3.4871902e+24,0.000000
7,2,17,3.463235e+24,0.000000
9,6,-21,3.4608299e+24,0.000000
8,-2,14,3.4589312e+24,0.000000
9,4,-22,3.4420477e+24,0.000000
6,3,-54,3.4273002e+24,0.000000
10,-8,6,3.4197823e+24,0.000000
8,2,-39,3.3886104e+24,0.000000
8,8,-8,3.3869542e+24,0.000000
8,1,10,3.3389498e+24,0.000000
3,1,48,3.3387131e+24,0.000000
7,-4,12,3.3081727e+24,0.000000
5,3,22,3.2782655e+24,0.000000
8,7,-40,3.2781013e+24,0.000000
5,-3,41,3.2679864e+24,0.000000
8,-2,12,3.2650041e+24,0.000000
9,7,-21,3.2564524e+24,0.000000
7,-1,-41,3.2521273e+24,0.000000
9,5,-27,3.2492152e+24,0.000000
7,-2,12,3.2458175e+24,0.000000
5,1,43,3.2429628e+24,0.000000
6,2,27,3.2079726e+24,0.000000
7,4,-50,3.1903334e+24,0.000000
9,6,-22,3.178091e+24,0.000000
5,-4,27,3.1720986e+24,0.000000
8,5,-33,3.141648e+24,0.000000
8,8,-9,3.1358502e+24,0.000000
6,-3,30,3.1244147e+24,0.000000
7,5,-48,3.0990604e+24,0.000000
8,-2,15,3.096852e+24,0.000000
9,-1,-24,3.0763432e+24,0.000000
5,-5,20,3.0725949e+24,0.000000
9,7,-22,3.0548167e+24,0.000000
8,3,-39,3.0468247e+24,0.000000
9,-3,-41,3.0449667e+24,0.000000
8,6,-45,3.0424162e+24,0.000000
8,8,-3,3.0419704e+24,0.000000
8,7,-41,3.0402236e+24,0.000000
3,2,32,3.0383145e+24,0.000000
9,2,-15,3.0382525e+24,0.000000
9,-2,-31,3.033413e+24,0.000000
10,6,2,3.0158566e+24,0.000000
8,0,27,2.9908964e+24,0.000000
8,0,-27,2.9908964e+24,0.000000
6,4,-48,2.9834e+24,0.000000
5,-1,51,2.9772238e+24,0.000000
8,2,6,2.9746967e+24,0.000000
9,2,0,2.9720179e+24,0.000000
8,1,4,2.9551224e+24,0.000000
4,4,15,2.9372506e+24,0.000000
8,8,-10,2.9328576e+24,0.000000
9,1,-26,2.9286209e+24,0.000000
8,2,5,2.9227414e+24,0.000000
7,-5,11,2.9119138e+24,0.000000
3,3,27,2.9014018e+24,0.000000
9,6,-23,2.9010045e+24,0.000000
7,-4,9,2.8862988e+24,0.000000
9,7,-23,2.8772654e+24,0.000000
5,3,-55,2.8489946e+24,0.000000
9,5,-28,2.8468796e+24,0.000000
9,1,10,2.8421842e+24,0.000000
10,2,-3,2.834062e+24,0.000000
9,1,9,2.8270103e+24,0.000000
8,7,-42,2.8024857e+24,0.000000
10,-3,-8,2.7927081e+24,0.000000
7,-4,13,2.7917025e+24,0.000000
4,3,22,2.7842052e+24,0.000000
8,-1,11,2.7636169e+24,0.000000
6,-1,41,2.7635034e+24,0.000000
10,-3,-7,2.7580976e+24,0.000000
8,8,-11,2.7568916e+24,0.000000
2,1,50,2.7518784e+24,0.000000
10,4,-5,2.7498247e+24,0.000000
5,-2,39,2.7479016e+24,0.000000
4,2,29,2.7227488e+24,0.000000
4,1,44,2.7195387e+24,0.000000
7,3,10,2.7191802e+24,0.000000
9,7,-24,2.7184152e+24,0.000000
7,2,-43,2.7026468e+24,0.000000
2,2,32,2.699461e+24,0.000000
7,-2,7,2.6956048e+24,0.000000
10,-3,-9,2.6669105e+24,0.000000
7,3,-50,2.6639105e+24,0.000000
10,4,-6,2.662688e+24,0.000000
6,1,-54,2.6569166e+24,0.000000
6,0,51,2.6478564e+24,0.000000
6,0,-51,2.6478564e+24,0.000000
10,6,-4,2.6468065e+24,0.000000
7,0,41,2.6433897e+24,0.000000
7,0,-41,2.6433897e+24,0.000000
9,4,-23,2.6418141e+24,0.000000
9,6,-24,2.6287196e+24,0.000000
6,-4,28,2.6270732e+24,0.000000
8,-1,-32,2.6264132e+24,0.000000
8,-2,16,2.6007507e+24,0.000000
7,-2,13,2.6005242e+24,0.000000
8,8,-12,2.5975512e+24,0.000000
10,4,-4,2.596406e+24,0.000000
6,-6,10,2.5884215e+24,0.000000
9,7,-25,2.5729942e+24,0.000000
8,7,-43,2.5671483e+24,0.000000
8,-2,11,2.5652223e+24,0.000000
9,1,11,2.5390589e+24,0.000000
10,-2,-19,2.5377161e+24,0.000000
6,4,-49,2.5297615e+24,0.000000
9,-3,-42,2.5191361e+24,0.000000
5,-1,52,2.4920137e+24,0.000000
10,-3,-10,2.4818069e+24,0.000000
10,4,-7,2.4736274e+24,0.000000
7,-2,-42,2.472012e+24,0.000000
7,1,34,2.467402e+24,0.000000
8,8,-13,2.4508921e+24,0.000000
9,-1,-25,2.4473327e+24,0.000000
9,5,-29,2.4377465e+24,0.000000
9,7,-26,2.4362233e+24,0.000000
7,-1,37,2.4268999e+24,0.000000
8,-2,-44,2.4253343e+24,0.000000
7,4,-51,2.4236212e+24,0.000000
8,4,-34,2.4086143e+24,0.000000
10,-4,-39,2.3986374e+24,0.000000
10,-3,-6,2.3968699e+24,0.000000
9,1,8,2.3858229e+24,0.000000
6,1,37,2.3837602e+24,0.000000
8,2,-40,2.3835308e+24,0.000000
9,-2,-32,2.3694708e+24,0.000000
7,2,18,2.3682586e+24,0.000000
9,6,-25,2.3620537e+24,0.000000
4,-3,44,2.3560179e+24,0.000000
8,3,-40,2.3503733e+24,0.000000
8,6,-46,2.3470701e+24,0.000000
10,-5,-44,2.3427201e+24,0.000000
8,7,-44,2.3365403e+24,0.000000
8,8,-14,2.316208e+24,0.000000
10,2,-4,2.3095343e+24,0.000000
9,7,-27,2.3040889e+24,0.000000
10,-3,-11,2.285513e+24,0.000000
7,3,6,2.2778423e+24,0.000000
9,0,11,2.2750603e+24,0.000000
9,0,-11,2.2750603e+24,0.000000
6,2,-50,2.26756e+24,0.000000
9,0,12,2.2633203e+24,0.000000
9,0,-12,2.2633203e+24,0.000000
7,1,-39,2.2632302e+24,0.000000
6,4,5,2.2507187e+24,0.000000
9,3,-26,2.2428517e+24,0.000000
3,1,49,2.2377248e+24,0.000000
10,4,-8,2.2371524e+24,0.000000
9,1,-27,2.2257035e+24,0.000000
7,-4,14,2.2247641e+24,0.000000
8,8,-1,2.2069539e+24,0.000000
6,3,-55,2.1976244e+24,0.000000
8,8,-15,2.1936012e+24,0.000000
7,5,-49,2.1769448e+24,0.000000
9,7,-28,2.1735067e+24,0.000000
3,2,33,2.167829e+24,0.000000
8,2,13,2.1558379e+24,0.000000
8,1,11,2.1495665e+24,0.000000
5,3,23,2.1405578e+24,0.000000
5,5,6,2.1355891e+24,0.000000
6,-6,11,2.1348996e+24,0.000000
6,4,-50,2.1322403e+24,0.000000
9,0,10,2.1296823e+24,0.000000
9,0,-10,2.1296823e+24,0.000000
7,-3,19,2.1226168e+24,0.000000
9,0,13,2.1157775e+24,0.000000
9,0,-13,2.1157775e+24,0.000000
8,7,-45,2.1129156e+24,0.000000
6,-3,31,2.1095331e+24,0.000000
9,6,-26,2.102915e+24,0.000000
6,-6,9,2.0963364e+24,0.000000
8,1,-31,2.0961218e+24,0.000000
10,-3,-12,2.0945324e+24,0.000000
8,2,14,2.0888293e+24,0.000000
5,-1,53,2.0886729e+24,0.000000
8,8,-16,2.0825678e+24,0.000000
7,2,2,2.080356e+24,0.000000
7,-1,-42,2.0770944e+24,0.000000
5,-2,40,2.0765822e+24,0.000000
8,-2,17,2.0759746e+24,0.000000
9,1,12,2.0648829e+24,0.000000
9,-3,-43,2.0495509e+24,0.000000
10,4,-3,2.0483996e+24,0.000000
8,7,4,2.0464845e+24,0.000000
9,5,-30,2.0428099e+24,0.000000
9,7,-29,2.0423861e+24,0.000000
10,6,0,2.0409908e+24,0.000000
6,-2,30,2.0277918e+24,0.000000
2,2,33,2.0273708e+24,0.000000
8,2,12,2.0265984e+24,0.000000
4,-4,36,2.0253892e+24,0.000000
9,2,-16,2.0059377e+24,0.000000
5,-3,42,2.0047912e+24,0.000000
9,7,4,2.0041975e+24,0.000000
6,1,-55,2.003617e+24,0.000000
7,-2,14,1.9903668e+24,0.000000
8,8,-17,1.9816631e+24,0.000000
2,1,51,1.9735544e+24,0.000000
8,5,-34,1.9702155e+24,0.000000
9,4,-24,1.9691015e+24,0.000000
10,4,-9,1.964288e+24,0.000000
8,8,3,1.9575339e+24,0.000000
7,-5,12,1.9356332e+24,0.000000
7,3,-51,1.9261123e+24,0.000000
9,7,-30,1.9096065e+24,0.000000
10,-3,-13,1.9093106e+24,0.000000
7,0,42,1.9078327e+24,0.000000
7,0,-42,1.9078327e+24,0.000000
5,-5,21,1.9008201e+24,0.000000
10,6,-5,1.9002701e+24,0.000000
8,7,-46,1.898333e+24,0.000000
9,-1,-26,1.8936889e+24,0.000000
8,8,-18,1.8889128e+24,0.000000
10,2,-1,1.8826436e+24,0.000000
8,2,15,1.8799465e+24,0.000000
9,0,14,1.870208e+24,0.000000
9,0,-14,1.870208e+24,0.000000
5,2,25,1.8701855e+24,0.000000
9,6,-27,1.853786e+24,0.000000
7,4,-52,1.8364244e+24,0.000000
9,0,9,1.8313429e+24,0.000000
9,0,-9,1.8313429e+24,0.000000
7,3,11,1.8219925e+24,0.000000
5,1,44,1.8216662e+24,0.000000
9,-2,-33,1.8206099e+24,0.000000
5,-4,28,1.807655e+24,0.000000
8,6,-47,1.8049921e+24,0.000000
8,8,-19,1.8024486e+24,0.000000
8,3,-41,1.7957363e+24,0.000000
6,4,-51,1.788058e+24,0.000000
9,7,-31,1.7749227e+24,0.000000
7,5,5,1.7737083e+24,0.000000
10,2,-12,1.7570509e+24,0.000000
3,1,55,1.7468591e+24,0.000000
7,6,5,1.7394691e+24,0.000000
5,-1,54,1.7356672e+24,0.000000
10,2,-13,1.72727e+24,0.000000
10,-3,-14,1.7244435e+24,0.000000
8,8,-20,1.7209503e+24,0.000000
6,0,52,1.7187784e+24,0.000000
6,0,-52,1.7187784e+24,0.000000
3,1,50,1.7182731e+24,0.000000
8,8,-2,1.7181872e+24,0.000000
8,-2,8,1.7144436e+24,0.000000
10,5,-2,1.7104396e+24,0.000000
7,-1,-43,1.7058016e+24,0.000000
4,3,23,1.7024327e+24,0.000000
7,-1,-46,1.6985162e+24,0.000000
7,-4,15,1.6974195e+24,0.000000
8,7,-47,1.6945651e+24,0.000000
10,6,1,1.69117e+24,0.000000
8,2,11,1.6898952e+24,0.000000
7,-1,-45,1.6808242e+24,0.000000
8,-1,12,1.6804275e+24,0.000000
7,-4,8,1.6798123e+24,0.000000
9,5,-31,1.6773029e+24,0.000000
10,-2,-20,1.6772348e+24,0.000000
7,-1,-47,1.6723397e+24,0.000000
8,2,7,1.6699907e+24,0.000000
10,2,-11,1.6691997e+24,0.000000
10,6,-1,1.6682966e+24,0.000000
8,2,-41,1.6645337e+24,0.000000
10,4,-10,1.6603168e+24,0.000000
9,1,-28,1.6542469e+24,0.000000
6,2,28,1.653372e+24,0.000000
8,-2,10,1.6512716e+24,0.000000
7,-1,-44,1.650769e+24,0.000000
10,-3,-3,1.6497798e+24,0.000000
7,2,-44,1.6475163e+24,0.000000
8,8,-21,1.6437337e+24,0.000000
9,-3,-44,1.6435803e+24,0.000000
10,4,-2,1.6400604e+24,0.000000
9,7,-32,1.6388178e+24,0.000000
3,1,54,1.6371902e+24,0.000000
8,-2,-45,1.6370742e+24,0.000000
6,3,4,1.6355074e+24,0.000000
8,8,0,1.634591e+24,0.000000
4,4,16,1.6275673e+24,0.000000
8,8,4,1.6250841e+24,0.000000
3,3,28,1.6236343e+24,0.000000
7,1,35,1.6222932e+24,0.000000
9,6,-28,1.6172933e+24,0.000000
8,8,1,1.609474e+24,0.000000
6,-1,42,1.6019162e+24,0.000000
8,5,4,1.6007395e+24,0.000000
7,-1,-48,1.6004692e+24,0.000000
8,2,16,1.5935201e+24,0.000000
10,2,-14,1.5906158e+24,0.000000
8,-2,18,1.5900316e+24,0.000000
7,2,19,1.5747076e+24,0.000000
7,-1,38,1.5721122e+24,0.000000
8,8,-22,1.5705501e+24,0.000000
9,0,15,1.5703931e+24,0.000000
9,0,-15,1.5703931e+24,0.000000
8,-1,18,1.5695845e+24,0.000000
5,-2,41,1.5510178e+24,0.000000
9,1,7,1.5507335e+24,0.000000
9,1,13,1.5489691e+24,0.000000
2,1,52,1.5398724e+24,0.000000
3,1,53,1.5397586e+24,0.000000
10,-3,-15,1.534925e+24,0.000000
8,-1,17,1.534404e+24,0.000000
10,2,-5,1.5318978e+24,0.000000
10,5,1,1.5290803e+24,0.000000
7,5,-50,1.528226e+24,0.000000
6,-4,29,1.5278321e+24,0.000000
3,2,34,1.5273378e+24,0.000000
8,-1,19,1.5179406e+24,0.000000
10,-5,-45,1.5165274e+24,0.000000
3,1,51,1.5153143e+24,0.000000
7,-2,-43,1.5105371e+24,0.000000
8,7,-48,1.5030387e+24,0.000000
9,7,-33,1.5023245e+24,0.000000
8,8,-23,1.5012777e+24,0.000000
6,-6,12,1.4981812e+24,0.000000
7,-1,-49,1.492899e+24,0.000000
6,4,-52,1.4922253e+24,0.000000
2,2,34,1.4895748e+24,0.000000
8,-1,-33,1.4849733e+24,0.000000
3,1,52,1.4831948e+24,0.000000
10,2,-10,1.4826195e+24,0.000000
10,-4,-40,1.4675816e+24,0.000000
10,5,-1,1.4671742e+24,0.000000
7,-2,15,1.465297e+24,0.000000
4,1,45,1.4622526e+24,0.000000
6,1,38,1.4501459e+24,0.000000
8,1,12,1.4397771e+24,0.000000
8,8,-24,1.4356764e+24,0.000000
9,-1,-27,1.4295771e+24,0.000000
4,-3,45,1.4270084e+24,0.000000
9,2,-17,1.4268279e+24,0.000000
9,4,-25,1.4238168e+24,0.000000
10,-3,-5,1.4236422e+24,0.000000
5,-1,55,1.4219084e+24,0.000000
8,0,28,1.4212989e+24,0.000000
8,0,-28,1.4212989e+24,0.000000
6,-3,32,1.4181706e+24,0.000000
10,6,-6,1.4159256e+24,0.000000
9,0,8,1.4150582e+24,0.000000
9,0,-8,1.4150582e+24,0.000000
8,-1,16,1.4143577e+24,0.000000
10,-9,6,1.4060106e+24,0.000000
8,-1,20,1.3976224e+24,0.000000
9,6,-29,1.3958752e+24,0.000000
7,4,-53,1.3887494e+24,0.000000
7,3,-52,1.3883411e+24,0.000000
8,6,-48,1.3842873e+24,0.000000
5,3,24,1.3824914e+24,0.000000
9,-2,-34,1.3776137e+24,0.000000
10,2,-15,1.3775728e+24,0.000000
8,8,-25,1.3732977e+24,0.000000
8,1,18,1.3730328e+24,0.000000
7,0,43,1.3700537e+24,0.000000
7,0,-43,1.3700537e+24,0.000000
9,7,-34,1.3668354e+24,0.000000
8,4,-35,1.3645538e+24,0.000000
8,1,17,1.3640093e+24,0.000000
7,-1,-50,1.3620627e+24,0.000000
6,6,6,1.3605958e+24,0.000000
8,3,-42,1.3599619e+24,0.000000
9,5,-32,1.3508091e+24,0.000000
10,4,-11,1.341264e+24,0.000000
10,-3,-16,1.3392213e+24,0.000000
9,2,-23,1.3358758e+24,0.000000
7,-4,5,1.3357706e+24,0.000000
8,7,-49,1.3248049e+24,0.000000
7,2,5,1.3245959e+24,0.000000
9,2,-22,1.3212285e+24,0.000000
10,-3,0,1.3183479e+24,0.000000
10,-3,-1,1.3147854e+24,0.000000
8,8,-26,1.3135489e+24,0.000000
8,1,19,1.3135082e+24,0.000000
2,1,53,1.3075641e+24,0.000000
10,2,-2,1.3075436e+24,0.000000
9,-3,-45,1.3020355e+24,0.000000
9,2,-24,1.3015188e+24,0.000000
9,3,-27,1.294717e+24,0.000000
7,-2,6,1.2931104e+24,0.000000
8,1,16,1.2878049e+24,0.000000
8,2,17,1.2849647e+24,0.000000
9,2,-21,1.2627741e+24,0.000000
9,0,16,1.2569984e+24,0.000000
9,0,-16,1.2569984e+24,0.000000
8,8,-27,1.25585e+24,0.000000
7,-4,16,1.2516223e+24,0.000000
10,2,-9,1.2483987e+24,0.000000
8,-1,15,1.2481109e+24,0.000000
6,4,-53,1.2390969e+24,0.000000
8,-1,21,1.233933e+24,0.000000
9,7,-35,1.2339203e+24,0.000000
5,-3,43,1.2281078e+24,0.000000
9,2,-25,1.2238652e+24,0.000000
8,2,10,1.2236388e+24,0.000000
8,1,-32,1.2223689e+24,0.000000
7,-1,-51,1.2193656e+24,0.000000
7,-5,13,1.2166644e+24,0.000000
9,1,-29,1.2049198e+24,0.000000
8,-1,13,1.2041538e+24,0.000000
8,1,20,1.1998443e+24,0.000000
8,8,-28,1.1998012e+24,0.000000
8,5,-35,1.1966546e+24,0.000000
9,6,-30,1.1915453e+24,0.000000
2,1,54,1.1914867e+24,0.000000
5,-5,22,1.1858168e+24,0.000000
9,2,-20,1.1831721e+24,0.000000
6,2,-51,1.1768966e+24,0.000000
8,-2,19,1.1767992e+24,0.000000
9,2,-18,1.1757747e+24,0.000000
8,1,15,1.17299e+24,0.000000
8,8,2,1.1715978e+24,0.000000
8,7,-50,1.1605346e+24,0.000000
8,2,-42,1.1546775e+24,0.000000
5,-2,42,1.1463422e+24,0.000000
8,8,-29,1.1452935e+24,0.000000
7,3,12,1.1408746e+24,0.000000
2,1,55,1.1405483e+24,0.000000
10,-3,-17,1.1399209e+24,0.000000
8,1,13,1.1293083e+24,0.000000
9,2,-19,1.129088e+24,0.000000
8,-1,14,1.1272422e+24,0.000000
10,2,-16,1.1260523e+24,0.000000
9,2,-26,1.1140986e+24,0.000000
6,0,53,1.1107625e+24,0.000000
6,0,-53,1.1107625e+24,0.000000
7,1,-40,1.1084815e+24,0.000000
4,-4,37,1.1054289e+24,0.000000
9,7,-36,1.1051645e+24,0.000000
8,-2,-46,1.0985797e+24,0.000000
10,6,-7,1.0964546e+24,0.000000
9,-1,10,1.0931486e+24,0.000000
8,8,-30,1.0925299e+24,0.000000
7,-1,2,1.0854254e+24,0.000000
8,1,14,1.0850901e+24,0.000000
10,2,-6,1.0842751e+24,0.000000
9,1,14,1.0791579e+24,0.000000
2,2,35,1.0781099e+24,0.000000
9,-1,9,1.0774417e+24,0.000000
7,-1,-52,1.0739282e+24,0.000000
7,5,-51,1.0720415e+24,0.000000
10,5,-3,1.0710508e+24,0.000000
8,-2,9,1.069092e+24,0.000000
10,-5,-46,1.0680607e+24,0.000000
9,5,-33,1.0679751e+24,0.000000
3,2,35,1.0643474e+24,0.000000
7,1,36,1.059399e+24,0.000000
8,6,-49,1.0590939e+24,0.000000
7,-3,20,1.0584935e+24,0.000000
9,-1,-28,1.0553837e+24,0.000000
8,1,21,1.0524872e+24,0.000000
8,-1,22,1.0511476e+24,0.000000
7,4,-54,1.0486973e+24,0.000000
10,-2,-21,1.0480016e+24,0.000000
7,-2,16,1.0430196e+24,0.000000
10,2,-8,1.042772e+24,0.000000
8,8,-31,1.0419583e+24,0.000000
5,1,45,1.0395149e+24,0.000000
4,3,24,1.0365747e+24,0.000000
10,4,-12,1.0329926e+24,0.000000
9,-2,-35,1.0275671e+24,0.000000
5,-4,29,1.0252801e+24,0.000000
6,4,-54,1.0232027e+24,0.000000
8,3,-43,1.0217302e+24,0.000000
9,-3,-46,1.0208379e+24,0.000000
7,2,20,1.0199526e+24,0.000000
7,-1,39,1.0110003e+24,0.000000
8,7,-51,1.0105368e+24,0.000000
9,6,-31,1.0057485e+24,0.000000
9,4,-26,9.9735779e+23,0.000000
7,3,-53,9.9706536e+23,0.000000
8,8,-32,9.9414492e+23,0.000000
8,2,18,9.9317283e+23,0.000000
7,2,-45,9.9157635e+23,0.000000
9,2,-27,9.8492092e+23,0.000000
9,7,-37,9.8203849e+23,0.000000
7,0,44,9.7924929e+23,0.000000
7,0,-44,9.7924929e+23,0.000000
9,-1,11,9.7588581e+23,0.000000
6,-6,13,9.6637318e+23,0.000000
6,-2,31,9.6249162e+23,0.000000
9,0,17,9.6160739e+23,0.000000
9,0,-17,9.6160739e+23,0.000000
10,2,-7,9.5544524e+23,0.000000
9,0,7,9.4964031e+23,0.000000
9,0,-7,9.4964031e+23,0.000000
8,8,-33,9.4962513e+23,0.000000
6,-3,33,9.4960025e+23,0.000000
10,-3,-18,9.4282329e+23,0.000000
4,2,30,9.3511822e+23,0.000000
7,-1,-53,9.3235379e+23,0.000000
7,-2,-44,9.1196775e+23,0.000000
3,3,29,9.1070444e+23,0.000000
6,-1,43,9.1029268e+23,0.000000
8,8,-34,9.0876964e+23,0.000000
7,-4,17,8.9798955e+23,0.000000
4,4,17,8.9551591e+23,0.000000
10,-4,-41,8.9342098e+23,0.000000
8,1,22,8.913224e+23,0.000000
6,-4,30,8.8584803e+23,0.000000
9,-1,8,8.8487937e+23,0.000000
5,3,25,8.8474905e+23,0.000000
8,2,8,8.8098076e+23,0.000000
8,7,-52,8.7479143e+23,0.000000
10,6,-8,8.7324412e+23,0.000000
6,1,39,8.7306032e+23,0.000000
8,8,-35,8.7169192e+23,0.000000
10,2,-17,8.710949e+23,0.000000
8,-1,23,8.6845955e+23,0.000000
9,7,-38,8.6580205e+23,0.000000
4,-3,46,8.6469888e+23,0.000000
9,1,-30,8.6131326e+23,0.000000
9,2,-28,8.4808671e+23,0.000000
8,-2,20,8.4610612e+23,0.000000
10,-5,-47,8.4603322e+23,0.000000
9,1,4,8.4126871e+23,0.000000
6,4,-55,8.396129e+23,0.000000
8,2,9,8.3934937e+23,0.000000
9,6,-32,8.3929593e+23,0.000000
5,-2,43,8.390758e+23,0.000000
8,8,-36,8.3820955e+23,0.000000
6,2,29,8.3119861e+23,0.000000
9,5,-34,8.2953947e+23,0.000000
4,1,46,8.2572883e+23,0.000000
8,-1,-34,8.2325847e+23,0.000000
5,2,26,8.169033e+23,0.000000
8,4,-36,8.1504841e+23,0.000000
8,6,-50,8.0863001e+23,0.000000
8,8,-37,8.0785886e+23,0.000000
7,-1,-54,7.9909464e+23,0.000000
8,2,-43,7.9604293e+23,0.000000
9,-3,-47,7.9356722e+23,0.000000
7,4,-55,7.9112645e+23,0.000000
9,-1,12,7.8854583e+23,0.000000
8,8,-38,7.7995255e+23,0.000000
2,2,36,7.7488808e+23,0.000000
8,6,5,7.7416133e+23,0.000000
6,4,9,7.6424747e+23,0.000000
9,-1,-29,7.6353068e+23,0.000000
10,4,-13,7.623682e+23,0.000000
8,3,-44,7.6209404e+23,0.000000
9,7,-39,7.574445e+23,0.000000
9,-2,-36,7.5622172e+23,0.000000
10,-3,-19,7.5528533e+23,0.000000
8,8,-39,7.5366447e+23,0.000000
8,7,-53,7.5299435e+23,0.000000
7,-3,21,7.5290304e+23,0.000000
5,-3,44,7.5229233e+23,0.000000
7,5,-52,7.5139363e+23,0.000000
10,-5,-48,7.4916428e+23,0.000000
5,-5,23,7.4453077e+23,0.000000
8,2,19,7.4017457e+23,0.000000
3,2,36,7.345667e+23,0.000000
7,-5,14,7.3356298e+23,0.000000
8,-2,-47,7.3255676e+23,0.000000
8,1,23,7.3217834e+23,0.000000
8,8,-40,7.2812451e+23,0.000000
7,-2,17,7.2073981e+23,0.000000
6,0,54,7.193648e+23,0.000000
6,0,-54,7.193648e+23,0.000000
9,3,-28,7.1905297e+23,0.000000
10,6,3,7.1835892e+23,0.000000
8,0,29,7.1458413e+23,0.000000
8,0,-29,7.1458413e+23,0.000000
9,2,-29,7.1309578e+23,0.000000
7,3,-54,7.1289025e+23,0.000000
10,-5,-49,7.1281744e+23,0.000000
10,6,-9,7.1196278e+23,0.000000
8,5,-36,7.0546423e+23,0.000000
9,0,18,7.0435464e+23,0.000000
9,0,-18,7.0435464e+23,0.000000
8,8,-41,7.0250892e+23,0.000000
9,1,15,7.0013796e+23,0.000000
8,-1,24,6.9886215e+23,0.000000
10,-5,-50,6.9827665e+23,0.000000
7,0,45,6.9676466e+23,0.000000
7,0,-45,6.9676466e+23,0.000000
8,1,-33,6.9539025e+23,0.000000
9,0,3,6.9392914e+23,0.000000
9,0,-3,6.9392914e+23,0.000000
7,-3,22,6.9352031e+23,0.000000
6,4,10,6.9335956e+23,0.000000
9,6,-33,6.9236767e+23,0.000000
7,1,37,6.8713737e+23,0.000000
7,-6,7,6.8447074e+23,0.000000
10,-5,-51,6.8444367e+23,0.000000
7,-1,-55,6.7680701e+23,0.000000
7,-3,23,6.7619202e+23,0.000000
8,8,-42,6.7611465e+23,0.000000
9,4,-27,6.7571391e+23,0.000000
7,3,13,6.728264e+23,0.000000
6,4,8,6.6486659e+23,0.000000
10,-5,-52,6.6163385e+23,0.000000
9,7,-40,6.5765722e+23,0.000000
6,2,-52,6.5239505e+23,0.000000
10,3,0,6.5010285e+23,0.000000
8,8,-43,6.4841146e+23,0.000000
10,7,-4,6.462067e+23,0.000000
7,-1,40,6.4490271e+23,0.000000
8,7,-54,6.44607e+23,0.000000
7,2,21,6.4448034e+23,0.000000
10,2,-18,6.3874882e+23,0.000000
7,-3,24,6.3770972e+23,0.000000
8,-4,7,6.3680476e+23,0.000000
6,-3,34,6.3345282e+23,0.000000
9,5,-35,6.3341759e+23,0.000000
7,-4,18,6.3003062e+23,0.000000
9,1,6,6.2911492e+23,0.000000
4,3,25,6.2905681e+23,0.000000
10,7,-3,6.2782336e+23,0.000000
10,-5,-53,6.2710402e+23,0.000000
8,8,-44,6.1906959e+23,0.000000
10,-2,-22,6.1904871e+23,0.000000
4,-4,38,6.1693531e+23,0.000000
8,6,-51,6.1633261e+23,0.000000
5,1,46,6.1457121e+23,0.000000
9,-3,-48,6.1266273e+23,0.000000
5,-2,44,6.085911e+23,0.000000
10,5,-4,6.0857409e+23,0.000000
9,1,-31,6.0511079e+23,0.000000
10,6,-10,5.941002e+23,0.000000
6,-6,14,5.9378791e+23,0.000000
8,-2,21,5.9342754e+23,0.000000
7,2,-46,5.8912512e+23,0.000000
8,8,-45,5.8796436e+23,0.000000
9,2,-30,5.867781e+23,0.000000
9,-1,13,5.8576942e+23,0.000000
8,1,24,5.8574053e+23,0.000000
7,2,4,5.8572423e+23,0.000000
7,1,-41,5.852443e+23,0.000000
10,-3,-20,5.8446416e+23,0.000000
10,-5,-54,5.8195825e+23,0.000000
10,3,-2,5.8121557e+23,0.000000
5,-4,30,5.7843685e+23,0.000000
7,-3,25,5.7129648e+23,0.000000
9,-3,2,5.6744509e+23,0.000000
9,7,-41,5.6683326e+23,0.000000
8,3,-45,5.6477396e+23,0.000000
9,6,-34,5.6456655e+23,0.000000
5,3,26,5.618987e+23,0.000000
6,4,11,5.5948967e+23,0.000000
2,2,37,5.5786278e+23,0.000000
8,8,-46,5.5516167e+23,0.000000
10,5,2,5.5447695e+23,0.000000
8,-7,7,5.5300711e+23,0.000000
10,-4,-42,5.5142188e+23,0.000000
8,4,-37,5.4988653e+23,0.000000
8,-1,25,5.4965423e+23,0.000000
9,-2,-37,5.49513e+23,0.000000
8,7,-55,5.4890859e+23,0.000000
10,4,-14,5.4863817e+23,0.000000
9,-1,-1,5.4847711e+23,0.000000
8,2,-44,5.4552594e+23,0.000000
9,0,6,5.4406649e+23,0.000000
9,0,-6,5.4406649e+23,0.000000
7,-2,-45,5.4371333e+23,0.000000
9,-1,-30,5.4211659e+23,0.000000
9,-1,7,5.3832126e+23,0.000000
8,2,20,5.344424e+23,0.000000
10,-5,-55,5.2909725e+23,0.000000
7,5,-53,5.2614507e+23,0.000000
4,-3,47,5.2482681e+23,0.000000
8,8,5,5.2160123e+23,0.000000
9,0,4,5.2148951e+23,0.000000
9,0,-4,5.2148951e+23,0.000000
8,8,-47,5.2088931e+23,0.000000
6,1,40,5.1932233e+23,0.000000
3,3,30,5.1208553e+23,0.000000
6,-4,31,5.1170547e+23,0.000000
10,7,-5,5.1044592e+23,0.000000
4,1,47,5.0978269e+23,0.000000
10,6,-11,5.072833e+23,0.000000
7,3,-55,5.0692167e+23,0.000000
6,-1,44,5.0549329e+23,0.000000
3,2,37,5.0258303e+23,0.000000
9,0,19,4.9451701e+23,0.000000
9,0,-19,4.9451701e+23,0.000000
9,8,-5,4.9385533e+23,0.000000
7,0,46,4.9355528e+23,0.000000
7,0,-46,4.9355528e+23,0.000000
9,8,-4,4.9182948e+23,0.000000
4,4,18,4.8916526e+23,0.000000
7,-3,26,4.8810314e+23,0.000000
8,8,-48,4.8549979e+23,0.000000
9,7,-42,4.8508786e+23,0.000000
7,-2,18,4.8500458e+23,0.000000
8,-2,-48,4.8494789e+23,0.000000
4,2,31,4.8431327e+23,0.000000
10,-10,7,4.826524e+23,0.000000
9,5,-36,4.7570985e+23,0.000000
9,2,-31,4.7339047e+23,0.000000
6,0,55,4.7239609e+23,0.000000
6,0,-55,4.7239609e+23,0.000000
9,-3,-49,4.7046855e+23,0.000000
5,-5,24,4.6968675e+23,0.000000
8,6,-52,4.6909833e+23,0.000000
7,7,6,4.6367303e+23,0.000000
5,-3,45,4.619972e+23,0.000000
4,2,33,4.5871628e+23,0.000000
8,1,25,4.5789085e+23,0.000000
6,3,11,4.5717483e+23,0.000000
4,2,34,4.5541314e+23,0.000000
9,6,-35,4.55007e+23,0.000000
6,3,10,4.5427752e+23,0.000000
8,-4,8,4.5386425e+23,0.000000
8,-1,-35,4.5363852e+23,0.000000
8,8,-49,4.4942957e+23,0.000000
10,2,-19,4.4414948e+23,0.000000
6,2,-53,4.4402907e+23,0.000000
7,1,38,4.4257918e+23,0.000000
6,3,12,4.4230256e+23,0.000000
9,4,-28,4.4219464e+23,0.000000
10,6,-12,4.4168233e+23,0.000000
5,-2,45,4.3755599e+23,0.000000
4,2,32,4.3677628e+23,0.000000
8,4,-38,4.3645744e+23,0.000000
10,-3,-21,4.3590899e+23,0.000000
6,3,9,4.3536129e+23,0.000000
6,-2,32,4.3412701e+23,0.000000
7,-4,19,4.3391032e+23,0.000000
8,0,30,4.3375118e+23,0.000000
8,0,-30,4.3375118e+23,0.000000
6,2,-55,4.3147788e+23,0.000000
10,3,-3,4.3129077e+23,0.000000
7,-5,15,4.2784653e+23,0.000000
8,-1,26,4.2372622e+23,0.000000
9,1,16,4.2285437e+23,0.000000
6,4,12,4.2120646e+23,0.000000
6,-3,35,4.2103932e+23,0.000000
7,-7,8,4.2033653e+23,0.000000
9,1,-32,4.181432e+23,0.000000
4,2,35,4.1708084e+23,0.000000
8,3,-46,4.1616051e+23,0.000000
7,-4,7,4.1397179e+23,0.000000
8,8,-50,4.1315909e+23,0.000000
9,7,-43,4.1229313e+23,0.000000
6,3,13,4.1132291e+23,0.000000
9,8,-6,4.1032485e+23,0.000000
8,5,-37,4.08382e+23,0.000000
7,-1,41,4.0790842e+23,0.000000
8,-2,22,4.0730185e+23,0.000000
6,3,8,4.0631337e+23,0.000000
2,2,38,4.0576798e+23,0.000000
6,2,30,4.0537208e+23,0.000000
9,-1,14,4.0342771e+23,0.000000
7,-3,27,4.0071148e+23,0.000000
8,-1,3,4.0034913e+23,0.000000
6,2,-54,4.002113e+23,0.000000
10,4,-15,3.9914192e+23,0.000000
7,2,22,3.9771496e+23,0.000000
8,4,-39,3.9519684e+23,0.000000
9,-2,-38,3.9456042e+23,0.000000
9,3,-29,3.9227025e+23,0.000000
10,6,-13,3.8922336e+23,0.000000
8,1,-34,3.8782286e+23,0.000000
10,7,-6,3.8711702e+23,0.000000
5,1,47,3.8563885e+23,0.000000
8,4,-40,3.8140678e+23,0.000000
4,3,26,3.8078982e+23,0.000000
10,5,-5,3.7966102e+23,0.000000
5,2,27,3.7932959e+23,0.000000
6,3,7,3.7901558e+23,0.000000
9,-1,-31,3.7831276e+23,0.000000
8,8,-51,3.771767e+23,0.000000
7,1,-42,3.758315e+23,0.000000
8,2,21,3.7536689e+23,0.000000
9,2,-32,3.7503184e+23,0.000000
7,3,14,3.7456994e+23,0.000000
6,3,6,3.7396009e+23,0.000000
8,4,-41,3.7229668e+23,0.000000
8,2,-45,3.7165677e+23,0.000000
9,-1,4,3.7079497e+23,0.000000
6,-6,8,3.6864765e+23,0.000000
10,-3,-4,3.684672e+23,0.000000
6,3,14,3.6823119e+23,0.000000
7,5,-54,3.6804425e+23,0.000000
10,8,-4,3.6457354e+23,0.000000
9,6,-36,3.624237e+23,0.000000
8,-1,0,3.6121598e+23,0.000000
9,-3,-50,3.5989333e+23,0.000000
8,4,-42,3.5812022e+23,0.000000
6,3,5,3.5750328e+23,0.000000
4,2,36,3.5709967e+23,0.000000
4,-4,39,3.5696072e+23,0.000000
8,6,-53,3.5663038e+23,0.000000
9,0,5,3.5546262e+23,0.000000
9,0,-5,3.5546262e+23,0.000000
10,-4,-43,3.5503395e+23,0.000000
5,3,27,3.5459928e+23,0.000000
6,-6,15,3.5431956e+23,0.000000
4,1,48,3.531359e+23,0.000000
9,5,-37,3.5154292e+23,0.000000
8,1,26,3.5077194e+23,0.000000
9,7,-44,3.4812097e+23,0.000000
7,0,47,3.4801356e+23,0.000000
7,0,-47,3.4801356e+23,0.000000
10,-2,-23,3.4798425e+23,0.000000
7,2,-47,3.4579694e+23,0.000000
10,6,-14,3.4377804e+23,0.000000
8,0,31,3.4245954e+23,0.000000
8,0,-31,3.4245954e+23,0.000000
8,8,-52,3.4194844e+23,0.000000
3,2,38,3.411426e+23,0.000000
10,8,-5,3.385728e+23,0.000000
8,4,-43,3.3632718e+23,0.000000
6,-5,7,3.359107e+23,0.000000
9,8,-7,3.3340871e+23,0.000000
9,0,20,3.3288175e+23,0.000000
9,0,-20,3.3288175e+23,0.000000
5,-4,31,3.243523e+23,0.000000
10,5,0,3.2341697e+23,0.000000
8,0,32,3.2135578e+23,0.000000
8,0,-32,3.2135578e+23,0.000000
8,-1,27,3.209154e+23,0.000000
7,-2,-46,3.2004027e+23,0.000000
4,-3,48,3.1955335e+23,0.000000
7,-2,19,3.1860093e+23,0.000000
7,-3,28,3.1853716e+23,0.000000
8,-2,-49,3.1827319e+23,0.000000
6,3,15,3.1805175e+23,0.000000
8,0,33,3.1573407e+23,0.000000
8,0,-33,3.1573407e+23,0.000000
7,1,-46,3.1315098e+23,0.000000
10,-3,-22,3.1274882e+23,0.000000
5,-2,46,3.1189935e+23,0.000000
7,1,-43,3.1024896e+23,0.000000
10,4,-16,3.0974795e+23,0.000000
7,1,-47,3.096301e+23,0.000000
6,2,3,3.0897265e+23,0.000000
7,1,-45,3.0854902e+23,0.000000
10,-6,5,3.0848773e+23,0.000000
8,4,-44,3.0790959e+23,0.000000
8,8,-53,3.0789494e+23,0.000000
10,7,-7,3.0592901e+23,0.000000
8,3,-47,3.0513197e+23,0.000000
8,0,34,3.0495044e+23,0.000000
8,0,-34,3.0495044e+23,0.000000
6,1,41,3.0456217e+23,0.000000
6,4,13,3.0266724e+23,0.000000
10,7,-2,3.023542e+23,0.000000
7,1,-44,3.0167372e+23,0.000000
10,6,-15,3.0137888e+23,0.000000
2,2,39,3.005607e+23,0.000000
9,8,-3,2.9841223e+23,0.000000
7,1,-48,2.9754984e+23,0.000000
5,-5,25,2.9736449e+23,0.000000
6,4,7,2.9734955e+23,0.000000
6,-5,10,2.9488607e+23,0.000000
6,-4,32,2.9448044e+23,0.000000
7,-4,20,2.9421729e+23,0.000000
10,2,-20,2.9264906e+23,0.000000
9,2,-33,2.9214297e+23,0.000000
9,7,-45,2.9208892e+23,0.000000
4,2,37,2.9020728e+23,0.000000
10,4,-22,2.8894841e+23,0.000000
10,4,-21,2.8870416e+23,0.000000
3,3,31,2.8868875e+23,0.000000
9,6,-37,2.8528677e+23,0.000000
5,-3,46,2.8518073e+23,0.000000
9,1,-33,2.8450862e+23,0.000000
8,0,35,2.8412505e+23,0.000000
8,0,-35,2.8412505e+23,0.000000
7,1,39,2.8303671e+23,0.000000
9,8,-8,2.8136034e+23,0.000000
9,-2,-39,2.8012078e+23,0.000000
10,4,-20,2.7996756e+23,0.000000
10,3,-13,2.7985304e+23,0.000000
9,4,-29,2.7957595e+23,0.000000
10,4,-23,2.7933741e+23,0.000000
6,-3,36,2.7886386e+23,0.000000
7,1,-49,2.7867493e+23,0.000000
10,3,-12,2.7818805e+23,0.000000
8,8,-54,2.7537537e+23,0.000000
8,4,-45,2.7522613e+23,0.000000
9,-3,-51,2.7459899e+23,0.000000
8,-2,23,2.7426838e+23,0.000000
9,1,5,2.7426314e+23,0.000000
6,-1,45,2.736669e+23,0.000000
10,3,-14,2.7285326e+23,0.000000
4,1,49,2.7176241e+23,0.000000
10,8,-6,2.7145839e+23,0.000000
8,6,-54,2.7088629e+23,0.000000
10,3,-11,2.6935778e+23,0.000000
10,3,-4,2.6847465e+23,0.000000
10,4,-17,2.6834692e+23,0.000000
10,5,-6,2.6762651e+23,0.000000
10,4,-19,2.6733124e+23,0.000000
6,3,16,2.6570578e+23,0.000000
4,4,19,2.6527196e+23,0.000000
8,1,27,2.6394884e+23,0.000000
5,1,48,2.6174866e+23,0.000000
10,4,-24,2.6075895e+23,0.000000
10,6,-16,2.6010342e+23,0.000000
6,-5,11,2.6006588e+23,0.000000
9,-1,-32,2.5969376e+23,0.000000
10,4,-18,2.5930717e+23,0.000000
9,-1,15,2.5857618e+23,0.000000
8,2,22,2.5729467e+23,0.000000
7,5,-55,2.5720565e+23,0.000000
10,3,-15,2.56958e+23,0.000000
7,-2,4,2.5668701e+23,0.000000
10,8,-3,2.5660009e+23,0.000000
8,-1,-36,2.5587641e+23,0.000000
9,5,-38,2.5571642e+23,0.000000
10,3,-10,2.5552803e+23,0.000000
7,-1,42,2.5547435e+23,0.000000
7,1,-50,2.5525937e+23,0.000000
8,0,36,2.5524472e+23,0.000000
8,0,-36,2.5524472e+23,0.000000
10,7,-8,2.5294476e+23,0.000000
8,2,-46,2.5165876e+23,0.000000
9,8,-9,2.4679659e+23,0.000000
7,-3,29,2.4652455e+23,0.000000
10,-4,-44,2.4621293e+23,0.000000
8,-8,8,2.4516759e+23,0.000000
8,8,-55,2.446782e+23,0.000000
6,-5,9,2.4448629e+23,0.000000
7,0,48,2.4420442e+23,0.000000
7,0,-48,2.4420442e+23,0.000000
9,7,-46,2.4360524e+23,0.000000
7,-5,16,2.4266179e+23,0.000000
10,7,0,2.4211021e+23,0.000000
8,4,-46,2.4082014e+23,0.000000
8,5,-38,2.398812e+23,0.000000
7,2,23,2.3986528e+23,0.000000
9,6,4,2.3955256e+23,0.000000
8,-1,28,2.3925495e+23,0.000000
10,3,-9,2.3866786e+23,0.000000
9,1,17,2.3720922e+23,0.000000
10,4,-25,2.3539132e+23,0.000000
10,3,-16,2.3330308e+23,0.000000
4,3,27,2.3008055e+23,0.000000
3,2,39,2.2985828e+23,0.000000
7,1,-51,2.294121e+23,0.000000
2,2,40,2.2811392e+23,0.000000
4,2,38,2.264991e+23,0.000000
9,-8,7,2.2484099e+23,0.000000
8,1,3,2.2453172e+23,0.000000
9,2,-34,2.2402739e+23,0.000000
4,1,50,2.2371686e+23,0.000000
8,3,-48,2.2277491e+23,0.000000
9,3,-30,2.2268172e+23,0.000000
5,3,28,2.2259761e+23,0.000000
9,8,-10,2.2210601e+23,0.000000
8,0,37,2.2195189e+23,0.000000
8,0,-37,2.2195189e+23,0.000000
9,6,-38,2.2191233e+23,0.000000
5,-2,47,2.2045084e+23,0.000000
10,3,-8,2.2011687e+23,0.000000
10,6,-17,2.1963971e+23,0.000000
8,1,0,2.1960483e+23,0.000000
4,-4,40,2.1806523e+23,0.000000
10,8,-7,2.1710861e+23,0.000000
10,4,2,2.1673261e+23,0.000000
10,7,-9,2.1571571e+23,0.000000
10,-3,-23,2.1553906e+23,0.000000
8,-4,14,2.152915e+23,0.000000
6,3,17,2.152551e+23,0.000000
8,1,-35,2.1492652e+23,0.000000
9,0,21,2.147285e+23,0.000000
9,0,-21,2.147285e+23,0.000000
10,3,-1,2.135506e+23,0.000000
5,2,28,2.1232858e+23,0.000000
6,4,14,2.1011009e+23,0.000000
9,-3,-52,2.0922664e+23,0.000000
10,5,-7,2.0913268e+23,0.000000
8,-4,15,2.0822025e+23,0.000000
6,-6,16,2.0766108e+23,0.000000
8,4,-47,2.0685156e+23,0.000000
8,-2,-50,2.0668941e+23,0.000000
10,4,-26,2.058935e+23,0.000000
8,6,-55,2.0561858e+23,0.000000
7,-2,5,2.0520022e+23,0.000000
7,-2,20,2.0467796e+23,0.000000
10,3,-17,2.0406211e+23,0.000000
9,8,-11,2.0307348e+23,0.000000
7,1,-52,2.0280608e+23,0.000000
9,7,-47,2.0201011e+23,0.000000
10,3,-7,2.0166045e+23,0.000000
7,2,-48,2.0117014e+23,0.000000
6,-5,12,2.0044259e+23,0.000000
10,3,-5,1.9990086e+23,0.000000
9,3,2,1.9910312e+23,0.000000
7,-4,21,1.968645e+23,0.000000
9,-2,-40,1.9677374e+23,0.000000
7,3,15,1.9668332e+23,0.000000
8,-4,13,1.9657602e+23,0.000000
4,-3,49,1.9555437e+23,0.000000
8,1,28,1.9548988e+23,0.000000
5,1,49,1.927417e+23,0.000000
10,-2,-24,1.9132072e+23,0.000000
9,1,-34,1.9067269e+23,0.000000
6,2,31,1.9019432e+23,0.000000
4,1,51,1.8935441e+23,0.000000
10,3,-6,1.892564e+23,0.000000
5,-5,26,1.88737e+23,0.000000
8,0,38,1.8777533e+23,0.000000
8,0,-38,1.8777533e+23,0.000000
10,7,-10,1.8774951e+23,0.000000
9,8,-12,1.8757332e+23,0.000000
10,-4,-45,1.8744912e+23,0.000000
9,-1,6,1.8686499e+23,0.000000
7,-3,30,1.8675503e+23,0.000000
7,-2,-47,1.8612145e+23,0.000000
8,-2,4,1.8597939e+23,0.000000
8,-4,16,1.847373e+23,0.000000
6,-3,37,1.8404769e+23,0.000000
9,5,-39,1.8316268e+23,0.000000
10,2,-21,1.8244901e+23,0.000000
6,-2,33,1.8243043e+23,0.000000
8,-2,24,1.8153947e+23,0.000000
10,8,-8,1.8079178e+23,0.000000
10,6,-18,1.806978e+23,0.000000
5,-4,32,1.805886e+23,0.000000
7,1,40,1.7957185e+23,0.000000
2,2,41,1.7797717e+23,0.000000
5,-3,47,1.7788301e+23,0.000000
7,1,-53,1.7672196e+23,0.000000
10,5,-8,1.7624415e+23,0.000000
8,-1,29,1.7587076e+23,0.000000
6,1,42,1.7564869e+23,0.000000
9,-1,-33,1.7554993e+23,0.000000
8,4,-48,1.748948e+23,0.000000
10,4,-27,1.7484825e+23,0.000000
10,0,6,1.7453237e+23,0.000000
10,0,-6,1.7453237e+23,0.000000
9,8,-13,1.7449234e+23,0.000000
8,2,23,1.7260058e+23,0.000000
10,3,-18,1.7190788e+23,0.000000
9,4,-30,1.7161933e+23,0.000000
4,2,39,1.7125589e+23,0.000000
9,6,-39,1.7056096e+23,0.000000
7,0,49,1.7046064e+23,0.000000
7,0,-49,1.7046064e+23,0.000000
6,3,18,1.6954489e+23,0.000000
8,2,-47,1.6928301e+23,0.000000
9,2,-35,1.6928211e+23,0.000000
6,-4,33,1.6866453e+23,0.000000
10,7,2,1.6711139e+23,0.000000
9,7,-48,1.6661136e+23,0.000000
10,7,-11,1.6576136e+23,0.000000
8,-4,9,1.6527225e+23,0.000000
8,-3,9,1.6447972e+23,0.000000
9,8,-14,1.6321388e+23,0.000000
3,3,32,1.6317969e+23,0.000000
8,3,-49,1.6206576e+23,0.000000
4,1,52,1.6038021e+23,0.000000
10,0,7,1.6034798e+23,0.000000
10,0,-7,1.6034798e+23,0.000000
9,-3,-53,1.5934935e+23,0.000000
7,-1,43,1.5838285e+23,0.000000
10,8,-9,1.5592568e+23,0.000000
10,5,-9,1.5561406e+23,0.000000
10,-4,-46,1.5544556e+23,0.000000
8,0,39,1.5528275e+23,0.000000
8,0,-39,1.5528275e+23,0.000000
8,-1,-37,1.5519755e+23,0.000000
5,-2,48,1.5451969e+23,0.000000
9,-1,16,1.5428904e+23,0.000000
8,-4,17,1.5392468e+23,0.000000
3,2,40,1.5380707e+23,0.000000
5,2,29,1.5375091e+23,0.000000
9,8,-15,1.5336934e+23,0.000000
8,5,-39,1.527768e+23,0.000000
7,1,-54,1.5201078e+23,0.000000
5,1,50,1.5155278e+23,0.000000
8,7,5,1.5150728e+23,0.000000
8,-3,8,1.5146045e+23,0.000000
8,-4,12,1.4878503e+23,0.000000
8,-3,10,1.4866327e+23,0.000000
10,7,-12,1.4790256e+23,0.000000
8,4,-49,1.4593595e+23,0.000000
9,3,-31,1.4587404e+23,0.000000
6,-5,13,1.4507525e+23,0.000000
9,8,-16,1.4470338e+23,0.000000
6,-1,46,1.4461391e+23,0.000000
10,6,-19,1.4443695e+23,0.000000
10,4,-28,1.4441049e+23,0.000000
9,-5,5,1.442678e+23,0.000000
5,4,9,1.4385033e+23,0.000000
8,-3,3,1.4369244e+23,0.000000
4,-4,41,1.4324216e+23,0.000000
4,4,20,1.4285437e+23,0.000000
2,2,42,1.4274489e+23,0.000000
8,1,29,1.4274452e+23,0.000000
10,-3,-24,1.4262976e+23,0.000000
6,4,15,1.4188463e+23,0.000000
9,8,-1,1.4169614e+23,0.000000
7,2,24,1.4141488e+23,0.000000
10,5,-10,1.4040468e+23,0.000000
7,-3,4,1.4009989e+23,0.000000
10,3,-19,1.3947673e+23,0.000000
5,3,29,1.3911888e+23,0.000000
7,-3,31,1.3886906e+23,0.000000
4,3,28,1.3883882e+23,0.000000
5,4,8,1.3858475e+23,0.000000
10,8,-10,1.3753911e+23,0.000000
9,8,-17,1.370033e+23,0.000000
9,-2,-41,1.3685785e+23,0.000000
9,7,-49,1.3671395e+23,0.000000
10,-4,-47,1.3652939e+23,0.000000
10,-2,0,1.3479982e+23,0.000000
7,-5,17,1.3427147e+23,0.000000
4,1,53,1.3393735e+23,0.000000
10,0,5,1.3326503e+23,0.000000
10,0,-5,1.3326503e+23,0.000000
10,7,-13,1.3301913e+23,0.000000
9,0,22,1.3256666e+23,0.000000
9,0,-22,1.3256666e+23,0.000000
8,-2,-51,1.3246563e+23,0.000000
5,2,30,1.3242078e+23,0.000000
7,-4,22,1.3022374e+23,0.000000
6,3,19,1.3017267e+23,0.000000
9,8,-18,1.3007364e+23,0.000000
8,4,4,1.2953231e+23,0.000000
9,6,-40,1.2951932e+23,0.000000
9,5,-40,1.292354e+23,0.000000
7,1,-55,1.2920215e+23,0.000000
7,-2,21,1.2875653e+23,0.000000
8,-1,30,1.2764258e+23,0.000000
10,5,-11,1.2730624e+23,0.000000
5,4,10,1.2671322e+23,0.000000
4,2,40,1.2628348e+23,0.000000
9,2,-36,1.2615595e+23,0.000000
8,0,40,1.2597814e+23,0.000000
8,0,-40,1.2597814e+23,0.000000
9,1,-35,1.2596766e+23,0.000000
5,1,51,1.2413768e+23,0.000000
9,8,-19,1.2373995e+23,0.000000
9,1,18,1.2345294e+23,0.000000
10,-4,-48,1.2316027e+23,0.000000
10,8,-11,1.2308338e+23,0.000000
9,3,-35,1.2274326e+23,0.000000
9,3,-36,1.2261998e+23,0.000000
8,-4,18,1.2229689e+23,0.000000
8,1,-36,1.218965e+23,0.000000
9,-3,-54,1.2141149e+23,0.000000
6,-3,38,1.2103365e+23,0.000000
10,0,8,1.2072309e+23,0.000000
10,0,-8,1.2072309e+23,0.000000
4,-3,50,1.2053393e+23,0.000000
8,4,-50,1.2046166e+23,0.000000
6,-6,17,1.2038191e+23,0.000000
10,7,-14,1.2035273e+23,0.000000
5,2,31,1.2018169e+23,0.000000
5,-5,27,1.2001509e+23,0.000000
9,3,-34,1.1917821e+23,0.000000
9,3,-32,1.1899745e+23,0.000000
8,-2,25,1.1830048e+23,0.000000
7,0,50,1.1828979e+23,0.000000
7,0,-50,1.1828979e+23,0.000000
8,-3,11,1.1824132e+23,0.000000
9,3,-37,1.1812342e+23,0.000000
9,8,-20,1.1786366e+23,0.000000
8,3,-50,1.1755204e+23,0.000000
2,2,43,1.1734143e+23,0.000000
10,8,-1,1.173311e+23,0.000000
7,2,-49,1.1699216e+23,0.000000
9,-1,-34,1.1690164e+23,0.000000
10,4,-29,1.1616963e+23,0.000000
9,3,-33,1.1526145e+23,0.000000
10,5,-12,1.1514932e+23,0.000000
9,7,5,1.1427837e+23,0.000000
8,5,-40,1.1421277e+23,0.000000
8,2,24,1.1356937e+23,0.000000
8,2,-48,1.1301891e+23,0.000000
7,1,41,1.129867e+23,0.000000
5,-3,48,1.1260932e+23,0.000000
9,8,-21,1.1235336e+23,0.000000
8,5,-45,1.1226291e+23,0.000000
9,-1,5,1.1223572e+23,0.000000
10,6,-20,1.1201556e+23,0.000000
9,7,-50,1.1164283e+23,0.000000
10,-4,-49,1.1159822e+23,0.000000
9,5,4,1.1150871e+23,0.000000
10,8,-12,1.1129221e+23,0.000000
8,5,-44,1.1101426e+23,0.000000
10,-2,-25,1.1080038e+23,0.000000
8,5,-46,1.1025249e+23,0.000000
9,3,-38,1.0991076e+23,0.000000
4,1,54,1.0951838e+23,0.000000
10,7,-15,1.0940238e+23,0.000000
10,3,-20,1.0897034e+23,0.000000
5,2,32,1.0788507e+23,0.000000
10,2,-22,1.0755804e+23,0.000000
5,-2,49,1.0743444e+23,0.000000
7,-2,-48,1.0727594e+23,0.000000
9,8,-22,1.0716445e+23,0.000000
8,5,-43,1.0709594e+23,0.000000
8,-1,-38,1.0664453e+23,0.000000
10,7,-1,1.0578066e+23,0.000000
10,8,0,1.0549344e+23,0.000000
8,5,-47,1.0524201e+23,0.000000
9,4,-31,1.0400556e+23,0.000000
10,5,-13,1.0397965e+23,0.000000
5,1,52,1.0351631e+23,0.000000
8,1,30,1.029094e+23,0.000000
8,5,-42,1.0261797e+23,0.000000
4,-4,42,1.0230473e+23,0.000000
9,8,-23,1.0228723e+23,0.000000
3,2,41,1.0225133e+23,0.000000
8,5,-41,1.0217974e+23,0.000000
6,-5,14,1.0199152e+23,0.000000
8,-3,7,1.0178405e+23,0.000000
7,-3,32,1.0175802e+23,0.000000
10,8,-13,1.0146493e+23,0.000000
5,4,11,1.0129644e+23,0.000000
10,8,3,1.0126959e+23,0.000000
10,7,3,1.0104053e+23,0.000000
8,0,41,1.0064156e+23,0.000000
8,0,-41,1.0064156e+23,0.000000
10,-4,-50,1.0029456e+23,0.000000
10,7,-16,9.9841357e+22,0.000000
5,-4,33,9.9713998e+22,0.000000
6,1,43,9.9319929e+22,0.000000
9,3,-39,9.9149709e+22,0.000000
8,4,-51,9.8582675e+22,0.000000
2,2,44,9.8390608e+22,0.000000
8,5,-48,9.789307e+22,0.000000
9,8,-24,9.7728427e+22,0.000000
6,3,20,9.7671537e+22,0.000000
7,3,16,9.7246335e+22,0.000000
9,6,-41,9.7162683e+22,0.000000
7,-1,44,9.7018871e+22,0.000000
5,4,7,9.6743154e+22,0.000000
9,-7,7,9.6435541e+22,0.000000
6,-4,34,9.6117133e+22,0.000000
9,8,0,9.4554314e+22,0.000000
10,5,-14,9.4332408e+22,0.000000
9,-2,-42,9.4311684e+22,0.000000
5,2,33,9.3936382e+22,0.000000
8,-4,19,9.3632026e+22,0.000000
6,4,16,9.3598434e+22,0.000000
9,8,-25,9.3493242e+22,0.000000
10,8,-14,9.3144915e+22,0.000000
9,2,-37,9.2794859e+22,0.000000
9,-3,-55,9.2580741e+22,0.000000
3,3,33,9.2485868e+22,0.000000
8,-1,31,9.1569212e+22,0.000000
10,7,-17,9.1454819e+22,0.000000
4,2,41,9.1320385e+22,0.000000
10,4,-30,9.1121916e+22,0.000000
10,-3,-25,9.0843444e+22,0.000000
9,7,-51,9.0759709e+22,0.000000
10,8,-2,9.0617059e+22,0.000000
9,-9,8,9.051936e+22,0.000000
9,5,-41,8.9870011e+22,0.000000
9,8,-2,8.9650355e+22,0.000000
9,8,-26,8.9573166e+22,0.000000
8,5,-49,8.8990712e+22,0.000000
10,-4,-51,8.888234e+22,0.000000
10,1,-6,8.8282291e+22,0.000000
9,9,-5,8.7804412e+22,0.000000
4,1,55,8.7429179e+22,0.000000
8,-4,11,8.7164927e+22,0.000000
7,1,2,8.7105036e+22,0.000000
9,3,-40,8.7058172e+22,0.000000
10,5,-15,8.6714055e+22,0.000000
5,3,30,8.6621464e+22,0.000000
5,1,53,8.6450494e+22,0.000000
10,8,-15,8.5990176e+22,0.000000
9,8,-27,8.5941866e+22,0.000000
10,1,-7,8.5586173e+22,0.000000
9,-1,17,8.5519527e+22,0.000000
7,-4,23,8.5281943e+22,0.000000
8,-3,12,8.5071086e+22,0.000000
8,3,-51,8.5057013e+22,0.000000
9,8,3,8.4968456e+22,0.000000
6,2,32,8.4786339e+22,0.000000
10,6,-21,8.4303691e+22,0.000000
8,-1,-39,8.423383e+22,0.000000
10,7,-18,8.4090882e+22,0.000000
7,3,5,8.3885664e+22,0.000000
4,3,29,8.3707109e+22,0.000000
2,2,45,8.3697159e+22,0.000000
8,-2,-52,8.3505622e+22,0.000000
9,8,-28,8.2558442e+22,0.000000
9,1,-36,8.2038699e+22,0.000000
10,3,-21,8.19439e+22,0.000000
7,0,51,8.1547848e+22,0.000000
7,0,-51,8.1547848e+22,0.000000
7,2,25,8.1472907e+22,0.000000
10,5,-16,8.1321394e+22,0.000000
9,9,-6,8.0715869e+22,0.000000
8,4,-52,8.0151714e+22,0.000000
6,-5,8,7.9881597e+22,0.000000
10,0,9,7.9873681e+22,0.000000
10,0,-9,7.9873681e+22,0.000000
10,8,-16,7.9730204e+22,0.000000
9,8,-29,7.9375246e+22,0.000000
7,-2,22,7.9372984e+22,0.000000
8,0,42,7.931827e+22,0.000000
8,0,-42,7.931827e+22,0.000000
4,-4,43,7.9313331e+22,0.000000
6,-3,39,7.9298058e+22,0.000000
8,5,-50,7.9282314e+22,0.000000
5,2,34,7.9177467e+22,0.000000
9,4,3,7.9146945e+22,0.000000
9,0,23,7.8211278e+22,0.000000
9,0,-23,7.8211278e+22,0.000000
10,5,-17,7.7973331e+22,0.000000
10,7,-19,7.7625992e+22,0.000000
10,-4,-52,7.7534099e+22,0.000000
10,1,-5,7.7444921e+22,0.000000
9,-1,-35,7.6750962e+22,0.000000
4,4,21,7.6432123e+22,0.000000
5,-5,28,7.6405934e+22,0.000000
10,-2,-26,7.6392455e+22,0.000000
9,8,-30,7.6346891e+22,0.000000
10,5,-18,7.6186266e+22,0.000000
8,-2,26,7.5971125e+22,0.000000
5,4,12,7.5966184e+22,0.000000
10,1,-8,7.5602542e+22,0.000000
6,-1,47,7.5473615e+22,0.000000
10,5,-19,7.5314382e+22,0.000000
4,-3,51,7.5012061e+22,0.000000
8,2,-49,7.4789296e+22,0.000000
10,5,-20,7.4692963e+22,0.000000
9,3,-41,7.4678705e+22,0.000000
8,1,-37,7.4333111e+22,0.000000
10,8,-17,7.4156611e+22,0.000000
5,-2,50,7.414226e+22,0.000000
10,5,-21,7.3749153e+22,0.000000
8,-1,-40,7.367303e+22,0.000000
7,-3,33,7.3559914e+22,0.000000
9,7,-52,7.3474312e+22,0.000000
8,2,25,7.3439342e+22,0.000000
9,8,-31,7.3437573e+22,0.000000
8,1,31,7.3335442e+22,0.000000
10,-2,-30,7.3234744e+22,0.000000
10,0,16,7.2994373e+22,0.000000
10,0,-16,7.2994373e+22,0.000000
5,-3,49,7.2867311e+22,0.000000
7,-5,18,7.2613085e+22,0.000000
10,-2,-31,7.2408574e+22,0.000000
10,5,-22,7.2067862e+22,0.000000
9,6,-42,7.1998821e+22,0.000000
10,7,-20,7.1945101e+22,0.000000
8,-6,7,7.1901687e+22,0.000000
2,2,46,7.1867009e+22,0.000000
6,3,21,7.1797694e+22,0.000000
10,0,17,7.1693344e+22,0.000000
10,0,-17,7.1693344e+22,0.000000
5,1,54,7.1590985e+22,0.000000
10,-2,-29,7.1155265e+22,0.000000
6,-5,15,7.0831424e+22,0.000000
9,9,-4,7.062591e+22,0.000000
9,8,-32,7.0624996e+22,0.000000
7,1,42,7.0404292e+22,0.000000
10,4,-31,6.9752779e+22,0.000000
8,-4,20,6.9593452e+22,0.000000
10,5,-23,6.9415379e+22,0.000000
8,5,-51,6.9396489e+22,0.000000
6,-6,18,6.9338534e+22,0.000000
7,2,-50,6.9315806e+22,0.000000
6,-2,34,6.9221348e+22,0.000000
10,8,-18,6.9120441e+22,0.000000
10,0,15,6.9073654e+22,0.000000
10,0,-15,6.9073654e+22,0.000000
10,-2,-32,6.86311e+22,0.000000
9,8,-33,6.7900529e+22,0.000000
8,-1,-41,6.7614693e+22,0.000000
10,-2,-28,6.7599642e+22,0.000000
3,2,42,6.7571129e+22,0.000000
9,8,1,6.7516394e+22,0.000000
9,2,-38,6.7418102e+22,0.000000
9,9,-7,6.7366758e+22,0.000000
10,7,-21,6.6934287e+22,0.000000
10,-2,-27,6.6641617e+22,0.000000
10,-4,-53,6.6587514e+22,0.000000
10,0,18,6.6064049e+22,0.000000
10,0,-18,6.6064049e+22,0.000000
4,-4,44,6.5794575e+22,0.000000
10,5,-24,6.5730714e+22,0.000000
9,8,-34,6.526623e+22,0.000000
4,2,42,6.5103761e+22,0.000000
10,8,2,6.5036132e+22,0.000000
8,-1,32,6.4997927e+22,0.000000
8,4,-53,6.4865972e+22,0.000000
5,2,35,6.4821088e+22,0.000000
9,4,-32,6.4788202e+22,0.000000
10,8,-19,6.4524665e+22,0.000000
9,-2,-43,6.4445101e+22,0.000000
9,3,-42,6.2776456e+22,0.000000
9,8,-35,6.2730027e+22,0.000000
8,-1,-42,6.2651846e+22,0.000000
10,-2,-33,6.2627227e+22,0.000000
10,8,1,6.2487778e+22,0.000000
10,7,-22,6.248146e+22,0.000000
9,-6,6,6.2422959e+22,0.000000
8,-4,10,6.2415956e+22,0.000000
10,1,-9,6.2311615e+22,0.000000
2,2,47,6.2027728e+22,0.000000
8,0,43,6.1865501e+22,0.000000
8,0,-43,6.1865501e+22,0.000000
7,-2,-49,6.1803125e+22,0.000000
10,6,-22,6.1747876e+22,0.000000
5,4,6,6.1664007e+22,0.000000
9,5,-42,6.163948e+22,0.000000
8,3,-52,6.1418701e+22,0.000000
10,5,-25,6.1095928e+22,0.000000
6,4,17,6.048886e+22,0.000000
10,0,14,6.0345369e+22,0.000000
10,0,-14,6.0345369e+22,0.000000
10,8,-20,6.0310816e+22,0.000000
9,8,-36,6.0300429e+22,0.000000
10,2,-23,6.026687e+22,0.000000
9,1,19,6.0236632e+22,0.000000
8,5,-52,5.9813445e+22,0.000000
10,-8,7,5.9695395e+22,0.000000
10,-5,4,5.9370537e+22,0.000000
10,3,-22,5.9262746e+22,0.000000
9,7,-53,5.925101e+22,0.000000
7,-1,45,5.8722083e+22,0.000000
10,7,-23,5.84806e+22,0.000000
5,1,55,5.8452803e+22,0.000000
9,8,-37,5.7981985e+22,0.000000
10,0,19,5.7605694e+22,0.000000
10,0,-19,5.7605694e+22,0.000000
8,-1,-43,5.7484394e+22,0.000000
4,-4,45,5.7322117e+22,0.000000
10,-7,6,5.693201e+22,0.000000
9,9,-8,5.672165e+22,0.000000
10,8,-21,5.6443667e+22,0.000000
10,-4,-54,5.6374107e+22,0.000000
10,-3,-26,5.6220447e+22,0.000000
8,-3,13,5.6175053e+22,0.000000
10,-9,7,5.5813628e+22,0.000000
7,0,52,5.5788621e+22,0.000000
7,0,-52,5.5788621e+22,0.000000
9,8,-38,5.5772259e+22,0.000000
10,5,-26,5.5696221e+22,0.000000
7,-4,24,5.5356226e+22,0.000000
10,-2,-34,5.5241043e+22,0.000000
6,1,44,5.4887889e+22,0.000000
10,7,-24,5.48361e+22,0.000000
5,-4,34,5.452257e+22,0.000000
6,-4,35,5.4445496e+22,0.000000
5,4,13,5.4414808e+22,0.000000
5,3,31,5.3761373e+22,0.000000
9,8,-39,5.3660645e+22,0.000000
2,2,48,5.3640484e+22,0.000000
10,8,-22,5.289836e+22,0.000000
9,1,-37,5.2698649e+22,0.000000
9,6,-43,5.269458e+22,0.000000
7,-3,34,5.2612275e+22,0.000000
3,3,34,5.2563063e+22,0.000000
8,4,-54,5.2344785e+22,0.000000
10,4,-32,5.213495e+22,0.000000
9,3,-43,5.1863118e+22,0.000000
8,-1,-44,5.1847378e+22,0.000000
6,3,22,5.1829971e+22,0.000000
5,2,36,5.1766917e+22,0.000000
6,-3,40,5.1752761e+22,0.000000
8,1,32,5.1712712e+22,0.000000
9,8,-40,5.1628917e+22,0.000000
8,-2,-53,5.1567685e+22,0.000000
4,-4,46,5.1511514e+22,0.000000
10,7,-25,5.1465512e+22,0.000000
8,1,-38,5.1361092e+22,0.000000
10,0,10,5.1236833e+22,0.000000
10,0,-10,5.1236833e+22,0.000000
8,5,-53,5.0866124e+22,0.000000
5,-2,51,5.085417e+22,0.000000
8,-4,21,5.0495201e+22,0.000000
4,3,30,5.0439223e+22,0.000000
10,5,-27,4.9777544e+22,0.000000
9,-1,-36,4.9682915e+22,0.000000
9,8,-41,4.9653144e+22,0.000000
10,8,-23,4.9652404e+22,0.000000
9,9,-9,4.9526077e+22,0.000000
10,0,13,4.9156445e+22,0.000000
10,0,-13,4.9156445e+22,0.000000
6,-5,16,4.9002436e+22,0.000000
8,2,-50,4.8960608e+22,0.000000
5,-5,29,4.8681789e+22,0.000000
10,1,-10,4.8446596e+22,0.000000
9,2,-39,4.8412364e+22,0.000000
5,-3,50,4.837834e+22,0.000000
10,7,-26,4.8300378e+22,0.000000
8,-2,27,4.8124956e+22,0.000000
7,-2,23,4.7961707e+22,0.000000
10,0,20,4.7870121e+22,0.000000
10,0,-20,4.7870121e+22,0.000000
8,0,44,4.7784215e+22,0.000000
8,0,-44,4.7784215e+22,0.000000
9,8,-42,4.770643e+22,0.000000
9,7,-54,4.7611633e+22,0.000000
10,-2,-35,4.7335746e+22,0.000000
4,-3,52,4.7257099e+22,0.000000
10,-4,-55,4.7149998e+22,0.000000
4,-4,47,4.7126763e+22,0.000000
9,8,2,4.7095984e+22,0.000000
10,1,-4,4.6876128e+22,0.000000
8,2,26,4.6733039e+22,0.000000
10,8,-24,4.6682541e+22,0.000000
2,2,49,4.6372974e+22,0.000000
4,2,43,4.6012269e+22,0.000000
8,-1,-45,4.5906662e+22,0.000000
7,2,26,4.5827447e+22,0.000000
9,8,-43,4.5761936e+22,0.000000
8,-1,33,4.5685286e+22,0.000000
7,3,17,4.5376244e+22,0.000000
10,7,-27,4.5285672e+22,0.000000
8,2,4,4.5146074e+22,0.000000
10,7,1,4.5144448e+22,0.000000
10,8,4,4.4837161e+22,0.000000
9,9,-10,4.4550873e+22,0.000000
9,4,-33,4.4484203e+22,0.000000
3,2,43,4.442032e+22,0.000000
10,6,-23,4.4355563e+22,0.000000
8,3,-53,4.4268438e+22,0.000000
9,0,24,4.4084863e+22,0.000000
9,0,-24,4.4084863e+22,0.000000
10,8,-25,4.3964899e+22,0.000000
9,-1,18,4.3943087e+22,0.000000
10,2,0,4.3815413e+22,0.000000
9,8,-44,4.3795706e+22,0.000000
9,-2,-44,4.3703569e+22,0.000000
10,5,-28,4.3607902e+22,0.000000
4,-4,48,4.3516302e+22,0.000000
7,1,43,4.3432173e+22,0.000000
7,2,-51,4.3316232e+22,0.000000
8,5,-54,4.2757854e+22,0.000000
10,0,3,4.2750621e+22,0.000000
10,0,-3,4.2750621e+22,0.000000
10,7,-28,4.2378628e+22,0.000000
9,3,-44,4.2207184e+22,0.000000
8,4,-55,4.2185331e+22,0.000000
7,-2,2,4.1978379e+22,0.000000
9,8,-45,4.1788937e+22,0.000000
9,5,-43,4.1746416e+22,0.000000
6,4,6,4.166287e+22,0.000000
10,8,-26,4.1476395e+22,0.000000
8,3,3,4.1436883e+22,0.000000
10,3,-23,4.1180848e+22,0.000000
8,8,6,4.1147882e+22,0.000000
9,9,-11,4.0852851e+22,0.000000
8,1,-39,4.0802582e+22,0.000000
4,4,22,4.0656148e+22,0.000000
5,2,37,4.0488729e+22,0.000000
6,-1,48,4.0381995e+22,0.000000
4,-4,49,4.0326941e+22,0.000000
2,2,50,4.0015938e+22,0.000000
10,0,12,3.9982805e+22,0.000000
10,0,-12,3.9982805e+22,0.000000
8,-1,-46,3.9952525e+22,0.000000
6,-6,19,3.9800027e+22,0.000000
9,8,-46,3.9729499e+22,0.000000
10,7,-29,3.9547514e+22,0.000000
10,-2,-36,3.953091e+22,0.000000
10,8,-27,3.9195848e+22,0.000000
9,4,-39,3.9142812e+22,0.000000
10,0,11,3.8785331e+22,0.000000
10,0,-11,3.8785331e+22,0.000000
10,0,4,3.8604137e+22,0.000000
10,0,-4,3.8604137e+22,0.000000
9,4,-38,3.8571399e+22,0.000000
9,4,-40,3.8552977e+22,0.000000
7,-5,19,3.8404818e+22,0.000000
6,4,18,3.8377265e+22,0.000000
9,7,-55,3.813543e+22,0.000000
10,0,21,3.8125647e+22,0.000000
10,0,-21,3.8125647e+22,0.000000
9,6,-44,3.8087946e+22,0.000000
10,4,-33,3.8059612e+22,0.000000
9,8,4,3.7990309e+22,0.000000
9,9,-12,3.7920438e+22,0.000000
7,0,53,3.7840788e+22,0.000000
7,0,-53,3.7840788e+22,0.000000
5,4,14,3.761998e+22,0.000000
9,8,-47,3.7612649e+22,0.000000
10,5,-29,3.7445492e+22,0.000000
4,-4,50,3.7389303e+22,0.000000
7,-3,35,3.7237045e+22,0.000000
10,8,-28,3.7104077e+22,0.000000
9,4,-37,3.7004285e+22,0.000000
9,4,-41,3.6893476e+22,0.000000
6,3,23,3.6825783e+22,0.000000
10,7,-30,3.6770649e+22,0.000000
8,0,45,3.6636337e+22,0.000000
8,0,-45,3.6636337e+22,0.000000
7,-2,-50,3.6271046e+22,0.000000
8,1,33,3.6111843e+22,0.000000
10,1,-11,3.6102403e+22,0.000000
9,4,-34,3.5921035e+22,0.000000
8,-4,22,3.5912727e+22,0.000000
8,1,-40,3.5895973e+22,0.000000
7,-4,25,3.5644451e+22,0.000000
8,5,-55,3.5587027e+22,0.000000
9,9,-13,3.5473974e+22,0.000000
9,8,-48,3.5440962e+22,0.000000
6,2,33,3.5214375e+22,0.000000
10,8,-29,3.5183025e+22,0.000000
10,3,1,3.5165605e+22,0.000000
7,-1,46,3.5090022e+22,0.000000
9,4,-36,3.5039827e+22,0.000000
5,-2,52,3.4755097e+22,0.000000
10,-3,-27,3.4671192e+22,0.000000
4,-4,51,3.4617873e+22,0.000000
2,2,51,3.4433601e+22,0.000000
9,4,-42,3.4386732e+22,0.000000
9,2,-40,3.438424e+22,0.000000
8,-3,14,3.431064e+22,0.000000
8,-1,-47,3.4251246e+22,0.000000
10,7,-31,3.4035626e+22,0.000000
6,5,6,3.3976928e+22,0.000000
9,4,-35,3.394062e+22,0.000000
9,3,-45,3.3913245e+22,0.000000
6,-5,17,3.3900676e+22,0.000000
7,-4,6,3.372297e+22,0.000000
6,-3,41,3.363627e+22,0.000000
10,8,-30,3.3414421e+22,0.000000
9,1,-38,3.3384317e+22,0.000000
9,9,-14,3.3348574e+22,0.000000
5,3,32,3.3272256e+22,0.000000
9,8,-49,3.3223636e+22,0.000000
8,1,-41,3.3132018e+22,0.000000
5,-3,51,3.31224e+22,0.000000
10,2,-24,3.2910359e+22,0.000000
10,1,-2,3.2835261e+22,0.000000
9,9,-3,3.2510206e+22,0.000000
4,2,44,3.2459519e+22,0.000000
10,-2,-37,3.2295001e+22,0.000000
8,-3,6,3.2158328e+22,0.000000
9,9,-1,3.2111979e+22,0.000000
4,-4,52,3.1968933e+22,0.000000
8,3,-54,3.1848324e+22,0.000000
8,-1,34,3.1820068e+22,0.000000
10,8,-31,3.1778589e+22,0.000000
10,6,-24,3.1757715e+22,0.000000
9,-1,-37,3.1726736e+22,0.000000
8,2,-51,3.1625161e+22,0.000000
10,5,-30,3.1515769e+22,0.000000
9,9,-15,3.1449874e+22,0.000000
10,7,-32,3.1338576e+22,0.000000
9,4,-43,3.1300909e+22,0.000000
5,2,38,3.1116738e+22,0.000000
8,-2,-54,3.1038639e+22,0.000000
5,-5,30,3.1026902e+22,0.000000
10,6,4,3.101481e+22,0.000000
9,8,-50,3.0975332e+22,0.000000
8,1,-42,3.0867361e+22,0.000000
6,-4,36,3.0635398e+22,0.000000
4,3,31,3.0382157e+22,0.000000
10,8,-32,3.0253885e+22,0.000000
4,-3,53,3.0237491e+22,0.000000
8,-2,28,3.0075804e+22,0.000000
3,3,35,2.9958813e+22,0.000000
7,2,-52,2.99197e+22,0.000000
9,9,-16,2.9732976e+22,0.000000
6,1,45,2.9575655e+22,0.000000
2,2,52,2.9529919e+22,0.000000
5,-4,35,2.9470302e+22,0.000000
9,-2,-45,2.9441571e+22,0.000000
4,-4,53,2.9435304e+22,0.000000
8,2,27,2.930227e+22,0.000000
10,0,22,2.9233807e+22,0.000000
10,0,-22,2.9233807e+22,0.000000
9,1,20,2.9136015e+22,0.000000
3,2,44,2.9084873e+22,0.000000
8,-1,-48,2.8995375e+22,0.000000
10,8,-33,2.881694e+22,0.000000
9,8,-51,2.8714727e+22,0.000000
10,7,-33,2.868326e+22,0.000000
8,1,-43,2.8468126e+22,0.000000
7,-2,24,2.8400943e+22,0.000000
9,9,-17,2.8182369e+22,0.000000
9,5,-44,2.7969589e+22,0.000000
10,5,3,2.794336e+22,0.000000
9,4,-44,2.7897094e+22,0.000000
8,0,46,2.7884335e+22,0.000000
8,0,-46,2.7884335e+22,0.000000
10,3,-24,2.7483364e+22,0.000000
10,8,-34,2.7443667e+22,0.000000
9,6,-45,2.7188518e+22,0.000000
10,4,-34,2.7138033e+22,0.000000
4,-4,54,2.7004536e+22,0.000000
9,3,-46,2.6954004e+22,0.000000
7,-5,7,2.6848435e+22,0.000000
9,9,-18,2.6791206e+22,0.000000
10,1,-12,2.6733736e+22,0.000000
7,1,44,2.6477215e+22,0.000000
9,8,-52,2.6462966e+22,0.000000
10,1,-19,2.6403432e+22,0.000000
10,1,-20,2.6276256e+22,0.000000
7,-3,36,2.6141864e+22,0.000000
10,8,-35,2.6110753e+22,0.000000
10,7,-34,2.6079866e+22,0.000000
10,-4,3,2.6039428e+22,0.000000
10,5,-31,2.5997281e+22,0.000000
10,-2,-38,2.5866299e+22,0.000000
6,3,24,2.5805746e+22,0.000000
8,1,-44,2.5803143e+22,0.000000
9,9,-19,2.5545882e+22,0.000000
7,0,54,2.5418149e+22,0.000000
7,0,-54,2.5418149e+22,0.000000
10,1,-18,2.5381454e+22,0.000000
10,-3,1,2.5274343e+22,0.000000
5,4,15,2.5263855e+22,0.000000
2,2,53,2.5231894e+22,0.000000
7,2,27,2.5125984e+22,0.000000
8,-4,23,2.5118601e+22,0.000000
10,1,-21,2.5062214e+22,0.000000
8,1,34,2.4992104e+22,0.000000
10,8,-36,2.4797319e+22,0.000000
4,-4,55,2.4692784e+22,0.000000
9,9,-20,2.4420475e+22,0.000000
9,4,-45,2.4400165e+22,0.000000
8,-1,-49,2.4294722e+22,0.000000
9,8,-53,2.4242151e+22,0.000000
9,2,-41,2.4170213e+22,0.000000
6,-1,49,2.3972407e+22,0.000000
6,4,19,2.3945998e+22,0.000000
9,0,25,2.3875226e+22,0.000000
9,0,-25,2.3875226e+22,0.000000
5,-2,53,2.3771291e+22,0.000000
7,2,-53,2.3638362e+22,0.000000
7,3,4,2.3637886e+22,0.000000
5,2,39,2.3559918e+22,0.000000
10,7,-35,2.3543475e+22,0.000000
10,8,-37,2.34864e+22,0.000000
6,-5,18,2.3485327e+22,0.000000
10,1,-17,2.3409986e+22,0.000000
9,9,-21,2.3380831e+22,0.000000
5,-3,52,2.3357376e+22,0.000000
10,6,-25,2.3313695e+22,0.000000
4,2,45,2.3046042e+22,0.000000
10,1,-22,2.2986952e+22,0.000000
8,1,-45,2.2954248e+22,0.000000
9,-3,11,2.2880322e+22,0.000000
8,3,-55,2.2864224e+22,0.000000
6,-6,20,2.2811305e+22,0.000000
7,-4,26,2.2784626e+22,0.000000
6,-2,35,2.2657327e+22,0.000000
9,-3,12,2.2627257e+22,0.000000
7,-2,-51,2.2456163e+22,0.000000
10,-3,-28,2.2441531e+22,0.000000
9,9,-22,2.2393992e+22,0.000000
9,9,1,2.2353002e+22,0.000000
10,8,-38,2.2166029e+22,0.000000
9,8,-54,2.2073992e+22,0.000000
8,-1,35,2.1972749e+22,0.000000
6,-3,42,2.176736e+22,0.000000
10,0,23,2.1654223e+22,0.000000
10,0,-23,2.1654223e+22,0.000000
9,9,-2,2.1611065e+22,0.000000
4,4,23,2.1516854e+22,0.000000
2,2,54,2.1478299e+22,0.000000
9,9,-23,2.143738e+22,0.000000
9,3,-47,2.1230111e+22,0.000000
7,2,-54,2.1196562e+22,0.000000
8,0,47,2.1102282e+22,0.000000
8,0,-47,2.1102282e+22,0.000000
9,-1,19,2.1097583e+22,0.000000
10,7,-36,2.1092289e+22,0.000000
10,1,-16,2.1022099e+22,0.000000
10,5,-32,2.1015818e+22,0.000000
10,1,-13,2.0991979e+22,0.000000
9,4,-46,2.0986378e+22,0.000000
9,1,-39,2.0861901e+22,0.000000
10,8,-39,2.0829768e+22,0.000000
8,-5,6,2.0791147e+22,0.000000
7,-1,47,2.0754749e+22,0.000000
10,-10,8,2.0749664e+22,0.000000
7,2,-55,2.0670352e+22,0.000000
5,3,33,2.0538149e+22,0.000000
9,9,-24,2.050362e+22,0.000000
7,3,18,2.0381628e+22,0.000000
10,-2,-39,2.0368988e+22,0.000000
10,1,-23,2.0346976e+22,0.000000
8,-1,-50,2.019058e+22,0.000000
8,2,-52,2.0089246e+22,0.000000
8,1,-46,2.0067237e+22,0.000000
9,-1,-38,1.9983939e+22,0.000000
9,8,-55,1.9978669e+22,0.000000
9,-3,13,1.9890991e+22,0.000000
7,-5,20,1.9857919e+22,0.000000
5,-5,31,1.9778964e+22,0.000000
4,-3,54,1.9739388e+22,0.000000
9,-2,-46,1.9723138e+22,0.000000
9,9,-25,1.9599597e+22,0.000000
8,-3,15,1.9485583e+22,0.000000
10,8,-40,1.947668e+22,0.000000
9,-3,10,1.9413013e+22,0.000000
9,0,2,1.9342285e+22,0.000000
9,0,-2,1.9342285e+22,0.000000
9,6,-46,1.9169509e+22,0.000000
10,1,-15,1.9087639e+22,0.000000
3,2,45,1.900633e+22,0.000000
10,4,-35,1.8899358e+22,0.000000
10,2,-25,1.8851698e+22,0.000000
10,7,-37,1.8745764e+22,0.000000
9,9,-26,1.8740924e+22,0.000000
10,1,-14,1.8708564e+22,0.000000
9,5,-45,1.8590371e+22,0.000000
8,-2,29,1.8553882e+22,0.000000
4,3,32,1.8296276e+22,0.000000
9,9,3,1.8291283e+22,0.000000
10,6,-26,1.822802e+22,0.000000
2,2,55,1.8214453e+22,0.000000
7,-3,37,1.819839e+22,0.000000
8,0,1,1.8173049e+22,0.000000
8,0,-1,1.8173049e+22,0.000000
8,-2,-55,1.8116994e+22,0.000000
8,2,28,1.8111269e+22,0.000000
10,8,-41,1.8110803e+22,0.000000
9,9,-27,1.7944425e+22,0.000000
6,3,25,1.786834e+22,0.000000
9,4,-47,1.7781543e+22,0.000000
9,9,4,1.7686121e+22,0.000000
10,3,-25,1.7649243e+22,0.000000
5,2,40,1.7610004e+22,0.000000
10,1,-24,1.7437744e+22,0.000000
8,-4,24,1.7318356e+22,0.000000
6,-1,50,1.7290174e+22,0.000000
8,1,-47,1.7278199e+22,0.000000
9,9,-28,1.72214e+22,0.000000
8,1,35,1.7150446e+22,0.000000
3,3,36,1.7126983e+22,0.000000
6,-4,37,1.7107327e+22,0.000000
5,-3,53,1.692597e+22,0.000000
7,0,55,1.6890642e+22,0.000000
7,0,-55,1.6890642e+22,0.000000
10,6,-33,1.686368e+22,0.000000
9,2,-42,1.6828181e+22,0.000000
10,6,-32,1.6758913e+22,0.000000
10,8,-42,1.6740246e+22,0.000000
8,-1,-51,1.66741e+22,0.000000
10,5,-33,1.6644976e+22,0.000000
4,2,46,1.66372e+22,0.000000
9,3,-48,1.6599199e+22,0.000000
9,9,-29,1.6573577e+22,0.000000
10,6,-34,1.6556684e+22,0.000000
5,4,16,1.6548495e+22,0.000000
10,7,-38,1.6522826e+22,0.000000
7,-2,25,1.6468195e+22,0.000000
5,-2,54,1.6387712e+22,0.000000
10,-3,-29,1.6381792e+22,0.000000
9,1,21,1.6363103e+22,0.000000
6,-5,19,1.629374e+22,0.000000
10,6,-31,1.6291753e+22,0.000000
9,-3,14,1.6039714e+22,0.000000
9,9,-30,1.5992428e+22,0.000000
7,1,45,1.5950945e+22,0.000000
8,0,48,1.5873141e+22,0.000000
8,0,-48,1.5873141e+22,0.000000
10,6,-35,1.5857895e+22,0.000000
10,-2,-40,1.5796568e+22,0.000000
5,-4,36,1.5713428e+22,0.000000
10,6,-27,1.5659245e+22,0.000000
10,6,-30,1.5608324e+22,0.000000
6,-1,54,1.5605694e+22,0.000000
6,1,46,1.5556018e+22,0.000000
10,0,24,1.553721e+22,0.000000
10,0,-24,1.553721e+22,0.000000
9,9,-31,1.546144e+22,0.000000
6,-1,53,1.545188e+22,0.000000
7,-2,-52,1.5380219e+22,0.000000
10,8,-43,1.5376059e+22,0.000000
6,-1,55,1.5349953e+22,0.000000
6,-1,51,1.5262389e+22,0.000000
6,-1,52,1.5120571e+22,0.000000
10,7,4,1.5096321e+22,0.000000
8,-1,36,1.5050228e+22,0.000000
10,6,-29,1.4976969e+22,0.000000
9,9,-32,1.4960167e+22,0.000000
9,4,-48,1.4865586e+22,0.000000
10,6,-36,1.4831257e+22,0.000000
10,6,-28,1.4807718e+22,0.000000
6,4,20,1.4718432e+22,0.000000
10,-3,-34,1.4717482e+22,0.000000
8,1,-48,1.4687891e+22,0.000000
10,-3,-33,1.4538853e+22,0.000000
10,1,-25,1.4510779e+22,0.000000
9,9,-33,1.4468747e+22,0.000000
10,-3,-35,1.4465666e+22,0.000000
7,-4,27,1.4464565e+22,0.000000
10,7,-39,1.4440325e+22,0.000000
10,-3,-32,1.406577e+22,0.000000
10,-3,-30,1.4044739e+22,0.000000
10,8,-44,1.4031032e+22,0.000000
6,-3,43,1.4022716e+22,0.000000
9,9,-34,1.3971708e+22,0.000000
9,1,25,1.3953829e+22,0.000000
10,-3,-36,1.3790029e+22,0.000000
8,-1,-52,1.3704262e+22,0.000000
10,-3,-31,1.3664671e+22,0.000000
9,1,24,1.3573557e+22,0.000000
10,6,-37,1.3563118e+22,0.000000
9,1,26,1.3562034e+22,0.000000
9,9,-35,1.3460338e+22,0.000000
7,2,28,1.339691e+22,0.000000
10,2,-31,1.3387926e+22,0.000000
9,6,-47,1.3354045e+22,0.000000
10,2,-30,1.3295444e+22,0.000000
4,-3,55,1.3238112e+22,0.000000
6,2,34,1.3208645e+22,0.000000
9,9,0,1.3159842e+22,0.000000
9,-2,-47,1.315395e+22,0.000000
6,-6,21,1.3071993e+22,0.000000
5,2,41,1.301444e+22,0.000000
9,9,-36,1.2933386e+22,0.000000
10,5,-34,1.291167e+22,0.000000
10,2,-26,1.2907296e+22,0.000000
9,3,-49,1.2903336e+22,0.000000
10,2,-32,1.2902421e+22,0.000000
9,1,-40,1.2859986e+22,0.000000
10,4,-36,1.2852586e+22,0.000000
10,-3,-37,1.277124e+22,0.000000
9,1,23,1.2755287e+22,0.000000
9,1,22,1.2728889e+22,0.000000
10,8,-45,1.2718535e+22,0.000000
9,0,26,1.2715589e+22,0.000000
9,0,-26,1.2715589e+22,0.000000
10,2,-29,1.2657148e+22,0.000000
5,3,34,1.2647103e+22,0.000000
5,-5,32,1.2602395e+22,0.000000
7,-3,38,1.2578362e+22,0.000000
5,-3,54,1.2537652e+22,0.000000
10,7,-40,1.2511845e+22,0.000000
9,1,27,1.2502582e+22,0.000000
8,2,-53,1.2498789e+22,0.000000
7,6,6,1.2475672e+22,0.000000
3,2,46,1.2436314e+22,0.000000
9,-1,-39,1.2418793e+22,0.000000
9,9,-37,1.2396248e+22,0.000000
8,1,-49,1.2356275e+22,0.000000
4,2,47,1.2345571e+22,0.000000
9,5,-46,1.2310247e+22,0.000000
9,4,-49,1.2280194e+22,0.000000
6,3,26,1.2245317e+22,0.000000
7,-1,48,1.2214642e+22,0.000000
9,-3,9,1.2209086e+22,0.000000
10,6,-38,1.2145614e+22,0.000000
9,-3,15,1.2091799e+22,0.000000
10,-2,-41,1.2087421e+22,0.000000
7,-2,-53,1.2065721e+22,0.000000
10,2,-33,1.195691e+22,0.000000
8,0,49,1.187469e+22,0.000000
8,0,-49,1.187469e+22,0.000000
9,9,-38,1.1859084e+22,0.000000
10,9,-5,1.1803612e+22,0.000000
8,-4,25,1.1796467e+22,0.000000
10,2,-28,1.1759805e+22,0.000000
10,1,-26,1.1752242e+22,0.000000
8,1,36,1.1675892e+22,0.000000
9,2,-43,1.1613732e+22,0.000000
10,-3,-38,1.1520325e+22,0.000000
5,-2,55,1.1507734e+22,0.000000
10,8,-46,1.1451507e+22,0.000000
10,2,-27,1.1358853e+22,0.000000
4,4,24,1.1339081e+22,0.000000
9,9,-39,1.1334403e+22,0.000000
6,-5,20,1.1314905e+22,0.000000
8,-2,30,1.1288843e+22,0.000000
8,-1,-53,1.122331e+22,0.000000
7,4,5,1.1197213e+22,0.000000
8,2,29,1.1043822e+22,0.000000
4,3,33,1.1015815e+22,0.000000
9,1,28,1.1008571e+22,0.000000
8,5,5,1.1007847e+22,0.000000
8,-4,5,1.1005329e+22,0.000000
9,-2,1,1.1000222e+22,0.000000
10,3,-26,1.099986e+22,0.000000
9,9,-40,1.0834639e+22,0.000000
10,0,25,1.0816923e+22,0.000000
10,0,-25,1.0816923e+22,0.000000
7,-2,-54,1.0756009e+22,0.000000
10,7,-41,1.0746935e+22,0.000000
10,2,-34,1.0701079e+22,0.000000
10,6,-39,1.0665139e+22,0.000000
5,4,17,1.0603521e+22,0.000000
7,-2,-55,1.0432293e+22,0.000000
8,-3,16,1.0383421e+22,0.000000
9,9,-41,1.037011e+22,0.000000
8,1,-50,1.0308883e+22,0.000000
10,1,-3,1.0291144e+22,0.000000
10,8,-47,1.0241636e+22,0.000000
5,5,7,1.0240514e+22,0.000000
8,-1,37,1.0227799e+22,0.000000
10,9,-6,1.0215115e+22,0.000000
10,-3,-39,1.0148098e+22,0.000000
9,4,-50,1.0037442e+22,0.000000
7,-5,21,1.0025786e+22,0.000000
9,3,-50,9.9878895e+21,0.000000
7,-1,1,9.9827375e+21,0.000000
9,-1,20,9.9632803e+21,0.000000
9,9,-42,9.9476193e+21,0.000000
3,3,37,9.8237508e+21,0.000000
10,5,-35,9.8043875e+21,0.000000
9,2,1,9.7751659e+21,0.000000
9,9,-43,9.5697665e+21,0.000000
5,2,42,9.520776e+21,0.000000
4,2,48,9.5098634e+21,0.000000
7,1,46,9.488254e+21,0.000000
6,-4,38,9.4695882e+21,0.000000
7,3,19,9.4521247e+21,0.000000
5,-3,55,9.4150775e+21,0.000000
10,9,-4,9.4010431e+21,0.000000
7,-2,26,9.3379301e+21,0.000000
9,1,29,9.3374709e+21,0.000000
10,2,-35,9.297109e+21,0.000000
10,1,-27,9.2818739e+21,0.000000
9,9,-44,9.2349484e+21,0.000000
9,6,-48,9.1981965e+21,0.000000
10,6,-40,9.1952064e+21,0.000000
8,-1,-54,9.1672741e+21,0.000000
10,7,-42,9.1507513e+21,0.000000
10,-2,-42,9.1423214e+21,0.000000
7,-4,28,9.1236113e+21,0.000000
10,8,-48,9.0987814e+21,0.000000
6,-3,44,8.9922029e+21,0.000000
9,9,-45,8.937899e+21,0.000000
6,4,21,8.9256294e+21,0.000000
9,-4,4,8.9176009e+21,0.000000
8,0,50,8.8329863e+21,0.000000
8,0,-50,8.8329863e+21,0.000000
10,-3,-40,8.751035e+21,0.000000
9,-2,-48,8.7439791e+21,0.000000
9,9,-46,8.6706029e+21,0.000000
7,-3,39,8.6347695e+21,0.000000
9,-3,16,8.6264943e+21,0.000000
8,1,-51,8.545622e+21,0.000000
10,4,-37,8.5357784e+21,0.000000
9,9,2,8.4825808e+21,0.000000
9,9,-47,8.4233909e+21,0.000000
6,3,27,8.3177172e+21,0.000000
5,-4,37,8.2440912e+21,0.000000
3,2,47,8.1886933e+21,0.000000
9,9,-48,8.1860524e+21,0.000000
9,5,-47,8.1704715e+21,0.000000
9,4,-51,8.1280952e+21,0.000000
6,1,47,8.0806837e+21,0.000000
10,8,-49,8.0306183e+21,0.000000
5,-5,33,8.0265589e+21,0.000000
9,2,-44,7.951829e+21,0.000000
9,9,-49,7.9488358e+21,0.000000
8,-4,26,7.9476801e+21,0.000000
9,9,5,7.9047175e+21,0.000000
8,1,37,7.8877931e+21,0.000000
10,2,-36,7.8672006e+21,0.000000
6,-5,21,7.859037e+21,0.000000
9,1,-41,7.8176749e+21,0.000000
10,6,-41,7.7931714e+21,0.000000
5,3,35,7.7690112e+21,0.000000
10,7,-43,7.7240835e+21,0.000000
10,9,-7,7.7203347e+21,0.000000
9,3,-51,7.7084093e+21,0.000000
9,9,-50,7.7032488e+21,0.000000
9,1,30,7.6683048e+21,0.000000
4,2,49,7.6483131e+21,0.000000
9,-1,-40,7.6141949e+21,0.000000
8,2,-54,7.5782475e+21,0.000000
6,-6,22,7.4963785e+21,0.000000
8,-1,-55,7.472829e+21,0.000000
9,9,-51,7.4426156e+21,0.000000
10,-3,-41,7.4030853e+21,0.000000
7,5,6,7.3660537e+21,0.000000
10,0,26,7.3180073e+21,0.000000
10,0,-26,7.3180073e+21,0.000000
10,5,-36,7.282885e+21,0.000000
7,-1,49,7.2488127e+21,0.000000
10,-1,-6,7.2262941e+21,0.000000
9,9,-52,7.1623839e+21,0.000000
10,1,-28,7.1597147e+21,0.000000
9,0,27,7.0940184e+21,0.000000
9,0,-27,7.0940184e+21,0.000000
8,1,-52,7.0492258e+21,0.000000
10,8,-50,7.0424835e+21,0.000000
10,-1,-5,7.0257358e+21,0.000000
8,2,2,6.9337514e+21,0.000000
7,2,29,6.9258272e+21,0.000000
5,2,43,6.90004e+21,0.000000
8,-1,38,6.8977248e+21,0.000000
9,9,-53,6.860203e+21,0.000000
10,-2,-43,6.8438204e+21,0.000000
9,1,3,6.8348803e+21,0.000000
10,3,-27,6.818318e+21,0.000000
9,-2,14,6.7988179e+21,0.000000
8,-2,31,6.7765577e+21,0.000000
9,-2,15,6.7258047e+21,0.000000
5,4,18,6.6609507e+21,0.000000
8,2,30,6.6393511e+21,0.000000
4,3,34,6.6308082e+21,0.000000
10,-1,-7,6.6030465e+21,0.000000
8,0,51,6.5985365e+21,0.000000
8,0,-51,6.5985365e+21,0.000000
9,9,-54,6.5358103e+21,0.000000
9,4,-52,6.5288679e+21,0.000000
10,2,-37,6.508877e+21,0.000000
10,6,-42,6.4995044e+21,0.000000
10,7,-44,6.4636918e+21,0.000000
10,8,5,6.4239494e+21,0.000000
4,2,50,6.420719e+21,0.000000
6,-2,41,6.417742e+21,0.000000
6,-2,36,6.3911064e+21,0.000000
9,-2,13,6.3560372e+21,0.000000
9,6,-49,6.2726558e+21,0.000000
6,-2,42,6.2678313e+21,0.000000
9,-2,16,6.2459325e+21,0.000000
9,9,-55,6.1907761e+21,0.000000
10,-3,-42,6.1557176e+21,0.000000
9,1,31,6.1380497e+21,0.000000
10,8,-51,6.1374033e+21,0.000000
9,8,5,6.0286925e+21,0.000000
6,-2,40,5.9820171e+21,0.000000
4,4,25,5.9546537e+21,0.000000
9,3,-52,5.9388385e+21,0.000000
7,1,1,5.9199528e+21,0.000000
7,-3,40,5.8814972e+21,0.000000
9,-3,17,5.8713842e+21,0.000000
10,9,-8,5.8580662e+21,0.000000
9,-2,-49,5.8001579e+21,0.000000
8,1,-53,5.7936554e+21,0.000000
6,-3,45,5.7403868e+21,0.000000
6,-2,43,5.7204927e+21,0.000000
7,-4,29,5.7179976e+21,0.000000
10,-1,-8,5.6822974e+21,0.000000
3,3,38,5.6563117e+21,0.000000
6,3,28,5.6068885e+21,0.000000
4,2,51,5.594225e+21,0.000000
7,1,47,5.5869467e+21,0.000000
10,4,-38,5.5394182e+21,0.000000
9,-2,17,5.5045206e+21,0.000000
9,5,-48,5.4789177e+21,0.000000
3,2,48,5.464812e+21,0.000000
6,-5,22,5.4556765e+21,0.000000
9,-1,21,5.4347835e+21,0.000000
9,2,-45,5.4068988e+21,0.000000
10,1,-29,5.4006871e+21,0.000000
9,-2,12,5.3807445e+21,0.000000
10,7,-45,5.3628638e+21,0.000000
6,4,22,5.348538e+21,0.000000
8,-3,17,5.340702e+21,0.000000
10,6,-43,5.33918e+21,0.000000
10,8,-52,5.3162494e+21,0.000000
8,-4,27,5.3061898e+21,0.000000
8,1,38,5.2890543e+21,0.000000
10,5,-37,5.2877063e+21,0.000000
10,2,-38,5.276861e+21,0.000000
7,3,20,5.2355344e+21,0.000000
9,4,-53,5.2083339e+21,0.000000
6,-4,39,5.1945485e+21,0.000000
7,-2,27,5.1673277e+21,0.000000
5,-5,34,5.108017e+21,0.000000
10,-2,-44,5.0792761e+21,0.000000
10,-1,-4,5.0481375e+21,0.000000
10,-3,-43,5.0393255e+21,0.000000
4,2,52,5.0116703e+21,0.000000
6,-2,44,4.9682045e+21,0.000000
5,2,44,4.9568319e+21,0.000000
7,-5,22,4.9309308e+21,0.000000
6,-2,39,4.8596275e+21,0.000000
10,0,27,4.811787e+21,0.000000
10,0,-27,4.811787e+21,0.000000
8,0,52,4.8001136e+21,0.000000
8,0,-52,4.8001136e+21,0.000000
9,1,32,4.7993078e+21,0.000000
9,-1,25,4.7666843e+21,0.000000
5,3,36,4.7612154e+21,0.000000
8,1,-54,4.7487524e+21,0.000000
10,9,-9,4.7039992e+21,0.000000
10,-1,-9,4.6895017e+21,0.000000
9,1,-42,4.6892933e+21,0.000000
9,-3,6,4.6858281e+21,0.000000
9,-1,26,4.6843788e+21,0.000000
9,-2,18,4.6415778e+21,0.000000
9,0,28,4.622797e+21,0.000000
9,0,-28,4.622797e+21,0.000000
8,-1,39,4.6161828e+21,0.000000
9,-1,-41,4.6045228e+21,0.000000
10,8,-53,4.5779913e+21,0.000000
9,-1,24,4.5746911e+21,0.000000
4,2,53,4.5723978e+21,0.000000
9,3,-53,4.5721469e+21,0.000000
8,2,-55,4.4553154e+21,0.000000
7,-1,50,4.4463089e+21,0.000000
10,3,-28,4.4323196e+21,0.000000
10,7,-46,4.4121057e+21,0.000000
9,-1,27,4.3596276e+21,0.000000
10,6,-44,4.3238608e+21,0.000000
6,-6,23,4.3043029e+21,0.000000
6,1,48,4.3026973e+21,0.000000
6,2,35,4.2760044e+21,0.000000
9,6,-50,4.2444988e+21,0.000000
5,-4,38,4.2437164e+21,0.000000
9,-1,23,4.2319575e+21,0.000000
4,2,54,4.212701e+21,0.000000
10,2,-39,4.2041577e+21,0.000000
6,6,7,4.1951319e+21,0.000000
8,6,6,4.1949426e+21,0.000000
9,-1,22,4.1782184e+21,0.000000
6,-2,45,4.148908e+21,0.000000
9,4,-54,4.1314205e+21,0.000000
5,4,19,4.1098953e+21,0.000000
8,-7,8,4.0840326e+21,0.000000
10,-3,-44,4.0676904e+21,0.000000
9,-3,8,4.0338987e+21,0.000000
8,-2,32,4.004354e+21,0.000000
9,-2,11,4.0025782e+21,0.000000
4,3,35,3.9900218e+21,0.000000
10,1,-30,3.9872597e+21,0.000000
7,-3,41,3.9868296e+21,0.000000
10,9,-10,3.9843986e+21,0.000000
9,6,5,3.974641e+21,0.000000
8,2,31,3.9372158e+21,0.000000
10,8,-54,3.9200003e+21,0.000000
9,-1,3,3.9179279e+21,0.000000
4,2,55,3.8954921e+21,0.000000
8,1,-55,3.8841649e+21,0.000000
9,-1,28,3.8716089e+21,0.000000
7,3,21,3.8442903e+21,0.000000
9,-2,-50,3.84345e+21,0.000000
9,-3,18,3.8330273e+21,0.000000
6,-5,23,3.7828603e+21,0.000000
9,0,29,3.7743434e+21,0.000000
9,0,-29,3.7743434e+21,0.000000
9,-2,19,3.7685652e+21,0.000000
6,3,29,3.7548052e+21,0.000000
9,0,32,3.7490999e+21,0.000000
9,0,-32,3.7490999e+21,0.000000
10,5,-38,3.7488709e+21,0.000000
9,5,-49,3.7470047e+21,0.000000
10,-1,-10,3.7427095e+21,0.000000
10,-2,-45,3.7404949e+21,0.000000
3,2,49,3.7309252e+21,0.000000
9,0,31,3.707745e+21,0.000000
9,0,-31,3.707745e+21,0.000000
9,1,33,3.6858796e+21,0.000000
9,0,33,3.6712691e+21,0.000000
9,0,-33,3.6712691e+21,0.000000
9,2,-46,3.6549594e+21,0.000000
6,-3,46,3.6498813e+21,0.000000
9,0,30,3.63618e+21,0.000000
9,0,-30,3.63618e+21,0.000000
10,7,-47,3.5998879e+21,0.000000
7,-4,30,3.5614461e+21,0.000000
5,2,45,3.5307713e+21,0.000000
9,3,-54,3.5204407e+21,0.000000
10,4,-39,3.52022e+21,0.000000
8,1,39,3.5198759e+21,0.000000
9,2,14,3.5124998e+21,0.000000
8,-4,28,3.5106606e+21,0.000000
8,0,53,3.5015412e+21,0.000000
8,0,-53,3.5015412e+21,0.000000
10,9,-11,3.4983432e+21,0.000000
9,0,34,3.4672897e+21,0.000000
9,0,-34,3.4672897e+21,0.000000
7,2,30,3.4611719e+21,0.000000
10,6,-45,3.4547926e+21,0.000000
9,2,15,3.4520987e+21,0.000000
10,9,-3,3.4256155e+21,0.000000
7,3,22,3.4171905e+21,0.000000
6,-2,46,3.3568206e+21,0.000000
5,5,9,3.3513357e+21,0.000000
6,-2,38,3.343842e+21,0.000000
9,2,13,3.342885e+21,0.000000
10,8,-55,3.3383826e+21,0.000000
10,3,-35,3.3341248e+21,0.000000
10,3,-34,3.3165274e+21,0.000000
9,-1,29,3.3101377e+21,0.000000
10,2,-40,3.29723e+21,0.000000
7,1,48,3.273485e+21,0.000000
3,3,39,3.2718346e+21,0.000000
10,3,-29,3.2637616e+21,0.000000
9,4,-55,3.2626569e+21,0.000000
10,3,-36,3.246102e+21,0.000000
5,-5,35,3.2456088e+21,0.000000
10,-3,-45,3.2418472e+21,0.000000
9,2,16,3.20465e+21,0.000000
10,3,-33,3.1973538e+21,0.000000
7,3,23,3.1800145e+21,0.000000
9,-8,8,3.1740928e+21,0.000000
6,4,23,3.171609e+21,0.000000
9,0,35,3.1646561e+21,0.000000
9,0,-35,3.1646561e+21,0.000000
10,9,-12,3.1422443e+21,0.000000
4,4,26,3.1182571e+21,0.000000
10,0,28,3.077405e+21,0.000000
10,0,-28,3.077405e+21,0.000000
10,3,-37,3.0666815e+21,0.000000
8,-1,40,3.065369e+21,0.000000
10,3,-32,3.0125617e+21,0.000000
9,-2,20,2.9607101e+21,0.000000
7,-1,51,2.9399824e+21,0.000000
9,2,12,2.936667e+21,0.000000
10,-1,-11,2.9322008e+21,0.000000
10,7,-48,2.9133773e+21,0.000000
10,9,-1,2.9117932e+21,0.000000
5,3,37,2.9104621e+21,0.000000
7,3,24,2.885685e+21,0.000000
10,1,-31,2.8832757e+21,0.000000
8,7,6,2.882713e+21,0.000000
8,-3,18,2.8695525e+21,0.000000
10,9,-13,2.8651539e+21,0.000000
9,6,-51,2.8600189e+21,0.000000
10,3,-30,2.8501686e+21,0.000000
10,3,-31,2.8462419e+21,0.000000
9,2,17,2.8311743e+21,0.000000
10,3,-38,2.8191036e+21,0.000000
6,-4,40,2.8180327e+21,0.000000
9,0,36,2.8032775e+21,0.000000
9,0,-36,2.8032775e+21,0.000000
7,-2,28,2.7831478e+21,0.000000
9,1,34,2.7803002e+21,0.000000
9,1,-43,2.7752412e+21,0.000000
9,-1,-42,2.7478641e+21,0.000000
10,-2,-46,2.7396708e+21,0.000000
9,-1,30,2.7390589e+21,0.000000
10,6,-46,2.7255817e+21,0.000000
9,3,-55,2.7121875e+21,0.000000
6,-2,37,2.6886526e+21,0.000000
7,-3,42,2.6798822e+21,0.000000
6,-2,47,2.6441779e+21,0.000000
10,9,-14,2.640035e+21,0.000000
9,5,-50,2.6377274e+21,0.000000
3,2,50,2.6332491e+21,0.000000
6,-5,24,2.6185312e+21,0.000000
10,5,-39,2.5929798e+21,0.000000
10,-3,-46,2.5541843e+21,0.000000
10,2,-41,2.5504399e+21,0.000000
9,-2,-51,2.5464801e+21,0.000000
6,1,49,2.5414955e+21,0.000000
8,0,54,2.5342374e+21,0.000000
8,0,-54,2.5342374e+21,0.000000
10,3,-39,2.5285559e+21,0.000000
9,-2,10,2.520369e+21,0.000000
7,3,25,2.5066619e+21,0.000000
6,3,30,2.5002214e+21,0.000000
5,5,10,2.4974715e+21,0.000000
5,4,20,2.495036e+21,0.000000
5,2,46,2.494195e+21,0.000000
6,-6,24,2.4756182e+21,0.000000
9,2,-47,2.4591201e+21,0.000000
10,9,-15,2.4511462e+21,0.000000
8,-8,9,2.4425083e+21,0.000000
5,5,8,2.4224004e+21,0.000000
9,0,37,2.4191778e+21,0.000000
9,0,-37,2.4191778e+21,0.000000
9,-3,19,2.4082038e+21,0.000000
4,3,36,2.3998683e+21,0.000000
9,2,18,2.3945789e+21,0.000000
7,-5,23,2.3556861e+21,0.000000
10,7,-49,2.3391057e+21,0.000000
9,2,11,2.3389893e+21,0.000000
8,-2,33,2.3293018e+21,0.000000
10,-1,-12,2.3271322e+21,0.000000
8,1,40,2.3247297e+21,0.000000
10,-1,-19,2.3155007e+21,0.000000
6,-3,47,2.3139971e+21,0.000000
8,-4,29,2.3070205e+21,0.000000
8,2,32,2.2981781e+21,0.000000
10,9,-16,2.2888684e+21,0.000000
10,-1,-20,2.2716295e+21,0.000000
10,-1,-18,2.2688359e+21,0.000000
9,-2,21,2.2595747e+21,0.000000
7,-7,9,2.2261874e+21,0.000000
10,3,-40,2.2185031e+21,0.000000
9,-1,31,2.2084658e+21,0.000000
7,-4,31,2.2038539e+21,0.000000
10,4,-40,2.2015264e+21,0.000000
10,-2,9,2.1937536e+21,0.000000
10,10,-6,2.1643571e+21,0.000000
10,9,-17,2.1472974e+21,0.000000
10,-1,-17,2.1462764e+21,0.000000
10,-1,-21,2.1427254e+21,0.000000
5,-4,39,2.1362103e+21,0.000000
10,6,-47,2.1247726e+21,0.000000
7,-1,52,2.1244138e+21,0.000000
9,3,12,2.0888333e+21,0.000000
7,3,26,2.0864196e+21,0.000000
10,10,-5,2.0822617e+21,0.000000
7,-6,8,2.0813742e+21,0.000000
9,3,11,2.0758405e+21,0.000000
7,7,7,2.0753095e+21,0.000000
9,1,35,2.0709671e+21,0.000000
5,-5,36,2.0604736e+21,0.000000
8,3,9,2.0469989e+21,0.000000
10,1,-32,2.0428599e+21,0.000000
9,0,38,2.0418837e+21,0.000000
9,0,-38,2.0418837e+21,0.000000
6,-2,48,2.034861e+21,0.000000
10,-2,8,2.0258929e+21,0.000000
10,9,-18,2.0227709e+21,0.000000
8,-1,41,2.018955e+21,0.000000
10,-2,-47,1.9959965e+21,0.000000
10,-3,-47,1.9918532e+21,0.000000
10,-1,-16,1.9868371e+21,0.000000
10,-1,-13,1.9602103e+21,0.000000
10,2,-42,1.9492122e+21,0.000000
9,2,19,1.9484897e+21,0.000000
10,-1,-22,1.9473309e+21,0.000000
3,2,51,1.9394173e+21,0.000000
7,1,49,1.9340158e+21,0.000000
10,-6,6,1.9333072e+21,0.000000
9,6,-52,1.929248e+21,0.000000
9,5,-51,1.9241338e+21,0.000000
8,3,10,1.915938e+21,0.000000
10,9,-19,1.9127782e+21,0.000000
10,0,29,1.9115751e+21,0.000000
10,0,-29,1.9115751e+21,0.000000
10,3,-41,1.9082077e+21,0.000000
3,3,40,1.903753e+21,0.000000
9,3,13,1.88902e+21,0.000000
6,4,24,1.8637178e+21,0.000000
10,7,-50,1.8635454e+21,0.000000
8,-3,19,1.8525743e+21,0.000000
10,-1,-15,1.8524875e+21,0.000000
8,3,8,1.8447297e+21,0.000000
10,-2,10,1.8393427e+21,0.000000
6,1,50,1.8242026e+21,0.000000
10,-1,-14,1.8191031e+21,0.000000
8,0,55,1.8170099e+21,0.000000
8,0,-55,1.8170099e+21,0.000000
10,9,-20,1.8151886e+21,0.000000
6,-5,25,1.8089511e+21,0.000000
7,-3,43,1.7943972e+21,0.000000
5,3,38,1.7747427e+21,0.000000
9,3,10,1.7700763e+21,0.000000
10,10,-7,1.7612628e+21,0.000000
10,5,-40,1.7486726e+21,0.000000
5,2,47,1.747525e+21,0.000000
9,-1,32,1.7389707e+21,0.000000
7,-1,53,1.728045e+21,0.000000
10,9,-21,1.7278534e+21,0.000000
10,-1,-23,1.7097926e+21,0.000000
9,0,39,1.6903489e+21,0.000000
9,0,-39,1.6903489e+21,0.000000
9,-2,-52,1.6881047e+21,0.000000
9,-2,22,1.6804126e+21,0.000000
7,3,27,1.6730812e+21,0.000000
7,2,31,1.669975e+21,0.000000
9,-2,6,1.662711e+21,0.000000
6,3,31,1.6566051e+21,0.000000
9,2,10,1.6518918e+21,0.000000
9,2,-48,1.6487898e+21,0.000000
10,9,-22,1.648566e+21,0.000000
10,6,-48,1.6380281e+21,0.000000
4,4,27,1.6292874e+21,0.000000
9,1,-44,1.6239482e+21,0.000000
6,1,54,1.6223278e+21,0.000000
9,-1,-43,1.6181348e+21,0.000000
10,3,-42,1.6122205e+21,0.000000
6,1,53,1.6117295e+21,0.000000
6,1,51,1.603319e+21,0.000000
10,-1,-2,1.6025597e+21,0.000000
8,3,11,1.5921599e+21,0.000000
10,1,10,1.5914604e+21,0.000000
6,1,55,1.5904988e+21,0.000000
6,1,52,1.5826355e+21,0.000000
10,9,-23,1.5752701e+21,0.000000
9,3,14,1.5748741e+21,0.000000
9,7,6,1.5582454e+21,0.000000
8,-3,22,1.5560036e+21,0.000000
8,-3,20,1.5501879e+21,0.000000
10,1,11,1.5498899e+21,0.000000
5,5,11,1.5462591e+21,0.000000
8,-3,23,1.5444767e+21,0.000000
10,-3,-48,1.5392802e+21,0.000000
7,-1,54,1.5365446e+21,0.000000
6,-2,49,1.5348235e+21,0.000000
9,2,20,1.5316784e+21,0.000000
8,-3,21,1.5263382e+21,0.000000
8,1,41,1.5231189e+21,0.000000
9,1,36,1.5208121e+21,0.000000
6,-4,41,1.516966e+21,0.000000
10,9,1,1.5096838e+21,0.000000
10,9,-24,1.5063443e+21,0.000000
8,-4,30,1.5032014e+21,0.000000
3,2,52,1.4983455e+21,0.000000
5,4,21,1.4927327e+21,0.000000
10,4,3,1.4789484e+21,0.000000
10,2,-43,1.4738614e+21,0.000000
10,7,-51,1.4735724e+21,0.000000
8,-3,24,1.4685789e+21,0.000000
10,1,9,1.4683674e+21,0.000000
6,-3,48,1.4657616e+21,0.000000
9,-9,9,1.4635391e+21,0.000000
9,-3,20,1.458705e+21,0.000000
9,5,-52,1.4571471e+21,0.000000
8,-4,6,1.4556674e+21,0.000000
10,-1,-24,1.4543491e+21,0.000000
7,-2,29,1.4541867e+21,0.000000
10,-2,-48,1.4495024e+21,0.000000
9,9,6,1.4437643e+21,0.000000
4,3,37,1.4425651e+21,0.000000
10,9,-25,1.4408074e+21,0.000000
7,-1,55,1.4359924e+21,0.000000
6,-6,25,1.4263179e+21,0.000000
10,1,-33,1.4187259e+21,0.000000
10,-9,8,1.4042667e+21,0.000000
10,1,12,1.3804282e+21,0.000000
10,9,-26,1.3783526e+21,0.000000
9,0,40,1.3765358e+21,0.000000
9,0,-40,1.3765358e+21,0.000000
10,4,-41,1.369126e+21,0.000000
7,-4,32,1.3548837e+21,0.000000
9,-2,9,1.3539395e+21,0.000000
10,9,-2,1.3516671e+21,0.000000
9,-1,33,1.3446643e+21,0.000000
10,3,-43,1.3402566e+21,0.000000
10,10,-8,1.3384952e+21,0.000000
8,-3,25,1.3381279e+21,0.000000
10,-1,-3,1.3346603e+21,0.000000
8,-2,34,1.328099e+21,0.000000
8,2,33,1.3205741e+21,0.000000
10,9,-27,1.3192051e+21,0.000000
8,-1,42,1.3181633e+21,0.000000
9,6,-53,1.3124741e+21,0.000000
5,-5,37,1.3045735e+21,0.000000
7,3,28,1.3009676e+21,0.000000
10,-2,11,1.2772366e+21,0.000000
10,9,-28,1.2638614e+21,0.000000
10,6,-49,1.2498348e+21,0.000000
6,-5,26,1.2468215e+21,0.000000
8,3,7,1.2433569e+21,0.000000
9,3,15,1.2288796e+21,0.000000
9,-2,23,1.2207964e+21,0.000000
5,2,48,1.2145048e+21,0.000000
3,2,53,1.2130066e+21,0.000000
10,9,-29,1.2127991e+21,0.000000
8,3,12,1.2049025e+21,0.000000
10,-1,-25,1.2015025e+21,0.000000
10,-2,7,1.1984447e+21,0.000000
6,2,36,1.1943356e+21,0.000000
10,10,-4,1.1909301e+21,0.000000
7,-3,44,1.188482e+21,0.000000
9,-2,7,1.1851306e+21,0.000000
7,1,50,1.180921e+21,0.000000
10,-3,-49,1.1801751e+21,0.000000
9,3,9,1.1775598e+21,0.000000
10,1,8,1.1752882e+21,0.000000
8,-3,26,1.1743019e+21,0.000000
9,2,21,1.1672789e+21,0.000000
10,9,-30,1.166241e+21,0.000000
10,7,-52,1.1568158e+21,0.000000
10,0,30,1.1542519e+21,0.000000
10,0,-30,1.1542519e+21,0.000000
10,5,-41,1.15035e+21,0.000000
9,5,-53,1.1414984e+21,0.000000
6,-2,50,1.1370712e+21,0.000000
10,1,13,1.1348831e+21,0.000000
6,2,41,1.1324613e+21,0.000000
9,-2,5,1.1251665e+21,0.000000
10,9,-31,1.1240281e+21,0.000000
9,-2,-53,1.1203393e+21,0.000000
3,3,41,1.1163966e+21,0.000000
9,1,37,1.1064569e+21,0.000000
9,0,41,1.1049292e+21,0.000000
9,0,-41,1.1049292e+21,0.000000
10,2,-44,1.1044797e+21,0.000000
9,2,-49,1.1029697e+21,0.000000
8,-2,2,1.1029438e+21,0.000000
10,3,-44,1.0979526e+21,0.000000
6,2,42,1.0948405e+21,0.000000
6,3,32,1.0928373e+21,0.000000
7,-5,24,1.0890391e+21,0.000000
6,4,25,1.0865576e+21,0.000000
10,9,-32,1.0856129e+21,0.000000
5,3,39,1.0793231e+21,0.000000
6,2,40,1.0667415e+21,0.000000
10,9,3,1.0646613e+21,0.000000
10,9,-33,1.0501562e+21,0.000000
10,-2,-49,1.0500273e+21,0.000000
10,10,-9,1.0483611e+21,0.000000
5,-4,40,1.0479905e+21,0.000000
3,2,54,1.0219724e+21,0.000000
9,2,9,1.0212438e+21,0.000000
9,-1,34,1.0210219e+21,0.000000
10,9,-34,1.0166847e+21,0.000000
8,-3,27,9.9782966e+20,0.000000
6,2,43,9.8946011e+20,0.000000
8,1,42,9.8938284e+20,0.000000
7,3,29,9.85713e+20,0.000000
10,9,-35,9.8426315e+20,0.000000
10,2,9,9.8241629e+20,0.000000
8,-4,31,9.7497234e+20,0.000000
10,-1,-26,9.6619173e+20,0.000000
10,1,-34,9.6573033e+20,0.000000
10,9,-36,9.5214041e+20,0.000000
10,6,-50,9.4474881e+20,0.000000
9,1,-45,9.4298414e+20,0.000000
9,-1,-44,9.421984e+20,0.000000
10,2,8,9.370564e+20,0.000000
6,-3,49,9.310389e+20,0.000000
10,9,-37,9.1984338e+20,0.000000
9,5,-54,9.1804771e+20,0.000000
9,6,-54,9.0883755e+20,0.000000
9,3,16,9.0607689e+20,0.000000
10,7,-53,9.0189738e+20,0.000000
5,5,12,8.9951121e+20,0.000000
10,-3,-50,8.9880325e+20,0.000000
10,3,-45,8.8758579e+20,0.000000
10,9,-38,8.87209e+20,0.000000
3,2,55,8.8703862e+20,0.000000
9,-2,8,8.8673803e+20,0.000000
5,4,22,8.8150178e+20,0.000000
6,2,39,8.7623346e+20,0.000000
9,0,42,8.7617526e+20,0.000000
9,0,-42,8.7617526e+20,0.000000
10,10,-10,8.6926719e+20,0.000000
9,-2,24,8.6803695e+20,0.000000
4,3,38,8.6645572e+20,0.000000
10,1,14,8.6526693e+20,0.000000
9,2,22,8.6502995e+20,0.000000
10,4,-42,8.629327e+20,0.000000
6,-5,27,8.5738427e+20,0.000000
10,9,-39,8.543584e+20,0.000000
8,-1,43,8.523514e+20,0.000000
9,-3,21,8.5208611e+20,0.000000
6,2,44,8.5118608e+20,0.000000
4,4,28,8.4981742e+20,0.000000
8,3,13,8.4171377e+20,0.000000
5,2,49,8.3745515e+20,0.000000
6,-2,51,8.3081297e+20,0.000000
7,-4,33,8.2687588e+20,0.000000
8,-3,28,8.2518272e+20,0.000000
5,-5,38,8.2512872e+20,0.000000
6,-6,26,8.2343597e+20,0.000000
10,2,10,8.2195741e+20,0.000000
10,9,-40,8.2162801e+20,0.000000
10,2,-45,8.2098189e+20,0.000000
6,-4,42,8.0453611e+20,0.000000
9,-3,7,7.9666923e+20,0.000000
9,1,38,7.9583798e+20,0.000000
7,4,11,7.8978009e+20,0.000000
10,9,-41,7.8947669e+20,0.000000
7,-3,45,7.8649588e+20,0.000000
7,2,32,7.8296456e+20,0.000000
7,1,51,7.7221541e+20,0.000000
10,-8,8,7.705952e+20,0.000000
9,-1,35,7.6542041e+20,0.000000
7,4,12,7.6389465e+20,0.000000
10,-2,-50,7.5872695e+20,0.000000
10,9,-42,7.5838825e+20,0.000000
10,-1,-27,7.5772154e+20,0.000000
10,1,7,7.5527221e+20,0.000000
10,-2,12,7.5484532e+20,0.000000
10,10,-11,7.5446784e+20,0.000000
9,5,-55,7.5123761e+20,0.000000
9,-2,-54,7.4485827e+20,0.000000
8,2,34,7.438743e+20,0.000000
8,-2,35,7.4166901e+20,0.000000
10,5,-42,7.4041489e+20,0.000000
9,2,-50,7.3699946e+20,0.000000
7,-2,30,7.3464504e+20,0.000000
7,3,30,7.3144687e+20,0.000000
7,4,10,7.2997544e+20,0.000000
10,9,-43,7.2878534e+20,0.000000
6,3,33,7.1812064e+20,0.000000
10,9,4,7.1436e+20,0.000000
10,3,-46,7.0896445e+20,0.000000
10,6,-51,7.0824671e+20,0.000000
6,2,45,7.0427508e+20,0.000000
10,9,-44,7.009655e+20,0.000000
10,7,-54,6.9857476e+20,0.000000
8,8,7,6.9166976e+20,0.000000
10,9,0,6.9165903e+20,0.000000
9,0,43,6.8741594e+20,0.000000
9,0,-43,6.8741594e+20,0.000000
7,4,13,6.8327894e+20,0.000000
10,-3,-51,6.8080414e+20,0.000000
10,0,31,6.7543887e+20,0.000000
10,0,-31,6.7543887e+20,0.000000
10,9,-45,6.7506454e+20,0.000000
10,10,-12,6.7422299e+20,0.000000
9,1,0,6.6858665e+20,0.000000
8,-3,29,6.6669345e+20,0.000000
10,7,5,6.6294267e+20,0.000000
3,3,42,6.617531e+20,0.000000
5,3,40,6.5479351e+20,0.000000
10,9,-46,6.5104724e+20,0.000000
9,-7,8,6.4888832e+20,0.000000
9,6,-55,6.4693727e+20,0.000000
10,1,-35,6.4450077e+20,0.000000
8,1,43,6.3660531e+20,0.000000
9,3,17,6.3520781e+20,0.000000
8,-3,5,6.3067116e+20,0.000000
6,4,26,6.291901e+20,0.000000
10,9,-47,6.2872172e+20,0.000000
8,-4,32,6.2643088e+20,0.000000
9,2,23,6.2497748e+20,0.000000
9,-5,13,6.2403723e+20,0.000000
9,-5,12,6.153098e+20,0.000000
10,10,-13,6.1374766e+20,0.000000
10,1,15,6.1318188e+20,0.000000
6,2,38,6.1030288e+20,0.000000
10,2,7,6.0956809e+20,0.000000
10,9,-48,6.0777115e+20,0.000000
10,2,-46,6.0675294e+20,0.000000
9,-2,25,6.050346e+20,0.000000
10,-10,9,6.0429418e+20,0.000000
6,-2,52,6.0056827e+20,0.000000
9,2,8,5.9840775e+20,0.000000
6,-3,50,5.9614956e+20,0.000000
9,5,5,5.9211231e+20,0.000000
6,-5,28,5.8812649e+20,0.000000
10,9,-49,5.8779609e+20,0.000000
10,2,11,5.8254108e+20,0.000000
10,-1,-28,5.8038338e+20,0.000000
7,4,14,5.7626307e+20,0.000000
5,2,50,5.7328902e+20,0.000000
10,9,-50,5.6836024e+20,0.000000
9,1,39,5.6804091e+20,0.000000
10,4,-43,5.673247e+20,0.000000
10,10,-14,5.6584031e+20,0.000000
9,-1,36,5.6558935e+20,0.000000
10,-7,7,5.6525528e+20,0.000000
7,4,9,5.6488661e+20,0.000000
6,2,46,5.6472783e+20,0.000000
10,3,-47,5.6022982e+20,0.000000
10,1,-1,5.5939004e+20,0.000000
7,1,52,5.5907708e+20,0.000000
9,-5,14,5.5582221e+20,0.000000
10,9,-51,5.4903424e+20,0.000000
9,1,-46,5.480678e+20,0.000000
10,-2,-51,5.477882e+20,0.000000
8,3,14,5.4725287e+20,0.000000
8,-1,44,5.4513928e+20,0.000000
9,2,6,5.4456913e+20,0.000000
9,-1,-45,5.4442804e+20,0.000000
10,7,-55,5.378035e+20,0.000000
9,0,44,5.3446553e+20,0.000000
9,0,-44,5.3446553e+20,0.000000
7,3,31,5.3299062e+20,0.000000
10,9,-52,5.2943285e+20,0.000000
8,-3,30,5.281948e+20,0.000000
10,6,-52,5.2725753e+20,0.000000
10,10,-15,5.2654015e+20,0.000000
4,3,39,5.19935e+20,0.000000
5,-5,39,5.1979878e+20,0.000000
5,4,23,5.1456249e+20,0.000000
7,-3,46,5.1456154e+20,0.000000
5,5,13,5.1445803e+20,0.000000
10,-3,-52,5.1354654e+20,0.000000
10,10,-2,5.1268196e+20,0.000000
10,9,-53,5.0924318e+20,0.000000
7,-4,34,5.0090227e+20,0.000000
5,-4,41,4.997036e+20,0.000000
6,2,37,4.9741037e+20,0.000000
9,-2,-55,4.9673713e+20,0.000000
8,-5,11,4.9618923e+20,0.000000
10,10,-16,4.932648e+20,0.000000
9,2,-51,4.9235819e+20,0.000000
9,-5,11,4.897426e+20,0.000000
10,9,-54,4.8824267e+20,0.000000
7,-5,25,4.8643708e+20,0.000000
9,3,8,4.8363603e+20,0.000000
9,-3,22,4.7955893e+20,0.000000
6,-6,27,4.7619654e+20,0.000000
10,5,-43,4.7025935e+20,0.000000
6,3,34,4.7020278e+20,0.000000
9,2,7,4.7000449e+20,0.000000
10,10,-1,4.6724231e+20,0.000000
10,9,-55,4.66307e+20,0.000000
10,10,-17,4.6416467e+20,0.000000
7,4,15,4.6375918e+20,0.000000
8,-5,12,4.5897938e+20,0.000000
8,-5,10,4.5666296e+20,0.000000
9,-5,15,4.5357538e+20,0.000000
7,1,53,4.5278967e+20,0.000000
10,2,-47,4.4591461e+20,0.000000
4,4,29,4.4264799e+20,0.000000
9,2,24,4.4116351e+20,0.000000
6,2,47,4.409802e+20,0.000000
10,3,-48,4.3848546e+20,0.000000
10,10,-18,4.3802716e+20,0.000000
10,-1,-29,4.3474084e+20,0.000000
9,2,5,4.3409391e+20,0.000000
6,-2,53,4.3258641e+20,0.000000
6,-4,43,4.2537728e+20,0.000000
9,3,18,4.2517075e+20,0.000000
8,3,6,4.222766e+20,0.000000
10,1,-36,4.2168117e+20,0.000000
10,10,-19,4.1420927e+20,0.000000
9,-1,37,4.1397531e+20,0.000000
9,-2,26,4.1381923e+20,0.000000
9,0,45,4.1230733e+20,0.000000
9,0,-45,4.1230733e+20,0.000000
8,-3,31,4.113258e+20,0.000000
8,2,35,4.104746e+20,0.000000
7,-6,12,4.090871e+20,0.000000
8,1,44,4.0521132e+20,0.000000
10,1,16,4.0472323e+20,0.000000
8,-2,36,4.0251503e+20,0.000000
6,-5,29,4.0250125e+20,0.000000
9,1,40,4.0191269e+20,0.000000
10,4,-44,4.0177073e+20,0.000000
8,-4,33,4.0157322e+20,0.000000
7,1,54,4.0107477e+20,0.000000
3,3,43,3.9817358e+20,0.000000
5,3,41,3.9625072e+20,0.000000
10,-2,-52,3.9524649e+20,0.000000
10,10,-20,3.9253073e+20,0.000000
10,6,-53,3.9039279e+20,0.000000
10,-2,13,3.9029826e+20,0.000000
5,2,51,3.9011772e+20,0.000000
6,-3,51,3.8789107e+20,0.000000
10,-3,-53,3.8628041e+20,0.000000
10,0,32,3.8427261e+20,0.000000
10,0,-32,3.8427261e+20,0.000000
7,3,32,3.8287219e+20,0.000000
7,-6,13,3.8221252e+20,0.000000
8,-5,13,3.8051265e+20,0.000000
7,1,55,3.7356559e+20,0.000000
10,10,-21,3.7305205e+20,0.000000
7,-6,11,3.6744886e+20,0.000000
7,2,33,3.6718667e+20,0.000000
10,5,4,3.6340414e+20,0.000000
10,6,5,3.6252584e+20,0.000000
6,4,27,3.6217096e+20,0.000000
10,2,12,3.6149664e+20,0.000000
7,4,16,3.589393e+20,0.000000
7,-2,31,3.5826995e+20,0.000000
9,4,4,3.5754333e+20,0.000000
10,10,-22,3.5582453e+20,0.000000
9,-5,16,3.4746046e+20,0.000000
8,-1,45,3.4429536e+20,0.000000
10,10,-23,3.4070842e+20,0.000000
10,3,-49,3.4034119e+20,0.000000
7,-3,47,3.3735153e+20,0.000000
9,-5,6,3.3731492e+20,0.000000
10,10,-3,3.3709916e+20,0.000000
6,2,48,3.3650401e+20,0.000000
10,10,1,3.340553e+20,0.000000
8,3,15,3.3378463e+20,0.000000
9,2,-52,3.2909582e+20,0.000000
10,10,-24,3.2731691e+20,0.000000
5,-5,40,3.2693754e+20,0.000000
10,2,-48,3.2656524e+20,0.000000
9,1,-47,3.2471071e+20,0.000000
10,1,6,3.2047811e+20,0.000000
7,-6,14,3.2004285e+20,0.000000
8,-5,9,3.1974658e+20,0.000000
10,-1,-30,3.1874515e+20,0.000000
9,-1,0,3.1738624e+20,0.000000
9,3,3,3.1644502e+20,0.000000
9,0,46,3.1597563e+20,0.000000
9,0,-46,3.1597563e+20,0.000000
8,-3,32,3.1572123e+20,0.000000
8,4,5,3.1541341e+20,0.000000
10,10,-25,3.1508574e+20,0.000000
7,4,8,3.1498859e+20,0.000000
9,-1,-46,3.1486836e+20,0.000000
6,-2,54,3.1331204e+20,0.000000
10,4,-45,3.1232428e+20,0.000000
4,3,40,3.116647e+20,0.000000
9,8,6,3.0976096e+20,0.000000
6,3,35,3.0685299e+20,0.000000
9,2,25,3.0481403e+20,0.000000
10,10,-26,3.0342015e+20,0.000000
7,-4,35,3.007463e+20,0.000000
10,5,-44,3.0032606e+20,0.000000
9,-1,38,2.994997e+20,0.000000
5,4,24,2.9730713e+20,0.000000
5,5,14,2.9479359e+20,0.000000
10,10,-27,2.9185148e+20,0.000000
8,-5,14,2.9085547e+20,0.000000
10,-3,-54,2.9011808e+20,0.000000
10,6,-54,2.8801941e+20,0.000000
10,-2,-53,2.8468973e+20,0.000000
9,1,41,2.8239479e+20,0.000000
10,10,-28,2.8014576e+20,0.000000
9,-2,27,2.7799535e+20,0.000000
6,-6,28,2.7596056e+20,0.000000
6,-5,30,2.7478564e+20,0.000000
10,9,2,2.7347617e+20,0.000000
9,3,19,2.7243999e+20,0.000000
7,3,33,2.7143482e+20,0.000000
10,1,-37,2.7071796e+20,0.000000
7,4,17,2.6865256e+20,0.000000
10,10,-29,2.6833406e+20,0.000000
9,-6,7,2.6518335e+20,0.000000
5,2,52,2.6454483e+20,0.000000
10,4,-46,2.642932e+20,0.000000
8,4,7,2.6340841e+20,0.000000
10,3,-50,2.6228641e+20,0.000000
10,8,6,2.6186715e+20,0.000000
9,-3,23,2.5938152e+20,0.000000
6,-3,52,2.5889326e+20,0.000000
9,3,6,2.5706892e+20,0.000000
10,10,-30,2.5666571e+20,0.000000
10,-2,20,2.5607261e+20,0.000000
8,1,45,2.5473655e+20,0.000000
9,-5,10,2.5454557e+20,0.000000
8,-4,34,2.5451049e+20,0.000000
10,-2,19,2.5418755e+20,0.000000
9,-5,17,2.5369777e+20,0.000000
6,2,49,2.5173428e+20,0.000000
10,1,17,2.5041508e+20,0.000000
7,-6,15,2.4911101e+20,0.000000
10,10,4,2.4751778e+20,0.000000
10,10,-31,2.4550899e+20,0.000000
3,3,44,2.4463445e+20,0.000000
10,-5,5,2.4406941e+20,0.000000
7,-6,10,2.4161622e+20,0.000000
10,-2,21,2.4095438e+20,0.000000
9,0,47,2.4080725e+20,0.000000
9,0,-47,2.4080725e+20,0.000000
5,3,42,2.3934138e+20,0.000000
8,-3,33,2.3916376e+20,0.000000
10,2,-49,2.3850847e+20,0.000000
8,4,14,2.3781053e+20,0.000000
10,4,-47,2.3663526e+20,0.000000
10,10,-32,2.3523424e+20,0.000000
10,-2,18,2.3203855e+20,0.000000
5,-4,42,2.3172967e+20,0.000000
6,-2,55,2.3168026e+20,0.000000
4,4,30,2.3032941e+20,0.000000
8,4,15,2.2938005e+20,0.000000
10,-1,-31,2.2891748e+20,0.000000
10,10,-33,2.2611243e+20,0.000000
8,4,13,2.2428586e+20,0.000000
6,-4,44,2.2240162e+20,0.000000
10,0,2,2.2097621e+20,0.000000
10,0,-2,2.2097621e+20,0.000000
9,2,-53,2.2021666e+20,0.000000
8,2,36,2.2016875e+20,0.000000
7,-3,48,2.1970189e+20,0.000000
10,10,-34,2.1825132e+20,0.000000
10,-3,-55,2.1784516e+20,0.000000
10,4,-48,2.1736677e+20,0.000000
9,-1,39,2.1498183e+20,0.000000
10,-2,22,2.1458346e+20,0.000000
8,-1,46,2.1425481e+20,0.000000
10,0,33,2.1219823e+20,0.000000
10,0,-33,2.1219823e+20,0.000000
10,6,-55,2.1218616e+20,0.000000
8,-2,37,2.1167846e+20,0.000000
10,10,-35,2.1157776e+20,0.000000
7,-5,26,2.10603e+20,0.000000
10,-2,6,2.0955482e+20,0.000000
8,-5,15,2.0856177e+20,0.000000
10,-2,5,2.0844168e+20,0.000000
6,4,28,2.0738523e+20,0.000000
10,2,13,2.0691743e+20,0.000000
9,2,26,2.0641241e+20,0.000000
10,10,-36,2.0586209e+20,0.000000
8,4,16,2.0578638e+20,0.000000
5,-5,41,2.0466462e+20,0.000000
10,-2,-54,2.045827e+20,0.000000
9,1,-48,2.0168167e+20,0.000000
10,3,-51,2.0095578e+20,0.000000
10,10,-37,2.0077179e+20,0.000000
8,-6,9,2.0037641e+20,0.000000
10,4,-49,2.0036265e+20,0.000000
8,-6,14,1.9984907e+20,0.000000
6,3,36,1.9961218e+20,0.000000
10,5,-45,1.9952334e+20,0.000000
10,-2,14,1.9789454e+20,0.000000
9,1,42,1.9710305e+20,0.000000
10,3,2,1.9654722e+20,0.000000
8,4,8,1.9607383e+20,0.000000
10,10,-38,1.959384e+20,0.000000
7,4,18,1.9525046e+20,0.000000
8,3,16,1.939007e+20,0.000000
9,-3,3,1.9334911e+20,0.000000
10,-2,17,1.9270472e+20,0.000000
8,-6,13,1.9186512e+20,0.000000
10,10,-39,1.9102204e+20,0.000000
7,3,34,1.904708e+20,0.000000
8,-6,8,1.9046419e+20,0.000000
6,-5,31,1.8719006e+20,0.000000
4,3,41,1.8660686e+20,0.000000
8,4,12,1.8629177e+20,0.000000
7,2,34,1.8624062e+20,0.000000
10,10,-40,1.8576218e+20,0.000000
9,-1,-47,1.8562373e+20,0.000000
6,2,50,1.8501099e+20,0.000000
7,-6,16,1.8428103e+20,0.000000
9,-2,28,1.8347561e+20,0.000000
10,4,-50,1.8302102e+20,0.000000
10,-2,23,1.826417e+20,0.000000
9,0,48,1.8263404e+20,0.000000
9,0,-48,1.8263404e+20,0.000000
8,-6,15,1.8041066e+20,0.000000
10,10,-41,1.8000784e+20,0.000000
5,2,53,1.7954268e+20,0.000000
8,-3,34,1.7921636e+20,0.000000
6,-3,53,1.7912511e+20,0.000000
7,-4,36,1.7891168e+20,0.000000
9,-5,18,1.7835463e+20,0.000000
8,4,17,1.742931e+20,0.000000
10,10,-42,1.7372607e+20,0.000000
10,2,-50,1.7371571e+20,0.000000
10,9,5,1.7157889e+20,0.000000
10,1,-38,1.7068631e+20,0.000000
5,5,15,1.7060629e+20,0.000000
5,4,25,1.7022773e+20,0.000000
7,-2,32,1.6969166e+20,0.000000
10,10,0,1.6891301e+20,0.000000
10,10,3,1.6755449e+20,0.000000
10,2,19,1.6746118e+20,0.000000
9,3,20,1.6738718e+20,0.000000
10,10,-43,1.6699121e+20,0.000000
10,2,20,1.6536121e+20,0.000000
10,4,-51,1.6473205e+20,0.000000
8,-4,35,1.6132448e+20,0.000000
10,-1,-32,1.6110233e+20,0.000000
6,-6,29,1.6014803e+20,0.000000
10,10,-44,1.5996013e+20,0.000000
8,1,46,1.5781101e+20,0.000000
10,2,18,1.5767586e+20,0.000000
3,3,45,1.5464848e+20,0.000000
10,2,21,1.533616e+20,0.000000
10,3,-52,1.532718e+20,0.000000
9,-1,40,1.5294141e+20,0.000000
10,10,-45,1.5283984e+20,0.000000
10,-2,16,1.507169e+20,0.000000
10,2,6,1.5000132e+20,0.000000
10,-2,24,1.4975826e+20,0.000000
8,-6,16,1.4920169e+20,0.000000
10,1,18,1.4854339e+20,0.000000
9,2,-54,1.4762033e+20,0.000000
10,-2,-55,1.4674759e+20,0.000000
10,10,-46,1.4585345e+20,0.000000
10,4,-52,1.4584833e+20,0.000000
5,3,43,1.444119e+20,0.000000
10,5,-46,1.4425099e+20,0.000000
7,-3,49,1.4403001e+20,0.000000
8,-5,16,1.418747e+20,0.000000
8,-6,12,1.4133267e+20,0.000000
8,4,18,1.4081229e+20,0.000000
10,10,-47,1.3920939e+20,0.000000
7,4,19,1.382502e+20,0.000000
9,0,49,1.3797806e+20,0.000000
9,0,-49,1.3797806e+20,0.000000
10,2,17,1.3754511e+20,0.000000
9,2,27,1.3716071e+20,0.000000
9,1,-49,1.3707334e+20,0.000000
10,-2,15,1.3664802e+20,0.000000
9,1,43,1.3627838e+20,0.000000
10,2,22,1.349415e+20,0.000000
9,-3,24,1.3441426e+20,0.000000
6,2,51,1.3412594e+20,0.000000
10,10,-48,1.3307747e+20,0.000000
8,-3,35,1.3290861e+20,0.000000
7,3,35,1.3231823e+20,0.000000
8,4,11,1.3189697e+20,0.000000
7,-6,17,1.3142066e+20,0.000000
8,-1,47,1.3101762e+20,0.000000
6,-3,54,1.2955648e+20,0.000000
6,3,37,1.2944416e+20,0.000000
5,-5,42,1.280698e+20,0.000000
10,10,-49,1.2757326e+20,0.000000
6,-5,32,1.2721813e+20,0.000000
10,4,-53,1.2705079e+20,0.000000
10,2,-51,1.2639707e+20,0.000000
10,2,14,1.2625789e+20,0.000000
10,10,5,1.2506156e+20,0.000000
5,2,54,1.2281648e+20,0.000000
10,10,-50,1.2275127e+20,0.000000
9,-5,19,1.2157654e+20,0.000000
10,10,2,1.2044172e+20,0.000000
4,4,31,1.1976765e+20,0.000000
8,-5,8,1.1918878e+20,0.000000
9,-2,29,1.190188e+20,0.000000
10,-2,25,1.1891072e+20,0.000000
10,10,-51,1.1860592e+20,0.000000
6,-4,45,1.1830404e+20,0.000000
6,4,29,1.1817371e+20,0.000000
10,5,-47,1.1724009e+20,0.000000
6,5,7,1.1697823e+20,0.000000
10,3,-53,1.1653065e+20,0.000000
8,-6,17,1.1642203e+20,0.000000
10,0,34,1.1537626e+20,0.000000
10,0,-34,1.1537626e+20,0.000000
7,2,35,1.1530623e+20,0.000000
10,10,-52,1.1507872e+20,0.000000
9,-1,-48,1.1472731e+20,0.000000
10,2,16,1.1449824e+20,0.000000
8,2,37,1.1445996e+20,0.000000
9,-4,16,1.1407805e+20,0.000000
10,2,23,1.1357088e+20,0.000000
9,-4,15,1.121351e+20,0.000000
10,10,-53,1.1206965e+20,0.000000
7,2,3,1.1194297e+20,0.000000
4,3,42,1.1160384e+20,0.000000
8,3,17,1.112254e+20,0.000000
10,-1,-33,1.1114468e+20,0.000000
10,10,-54,1.0945083e+20,0.000000
8,4,19,1.0934414e+20,0.000000
10,4,-54,1.0903951e+20,0.000000
9,-4,17,1.0840602e+20,0.000000
9,-1,41,1.0802999e+20,0.000000
10,10,-55,1.070805e+20,0.000000
8,-2,38,1.0639907e+20,0.000000
10,5,-48,1.063583e+20,0.000000
10,1,-39,1.060426e+20,0.000000
5,-4,43,1.0559824e+20,0.000000
7,-4,37,1.0522977e+20,0.000000
10,1,4,1.0520556e+20,0.000000
9,1,-50,1.0500348e+20,0.000000
7,-7,10,1.0455666e+20,0.000000
9,0,50,1.0385852e+20,0.000000
9,0,-50,1.0385852e+20,0.000000
7,5,9,1.0385427e+20,0.000000
10,5,-50,1.0349575e+20,0.000000
10,5,-49,1.0348169e+20,0.000000
10,2,15,1.0346241e+20,0.000000
10,5,-51,1.0345406e+20,0.000000
10,5,-52,1.019003e+20,0.000000
3,3,46,1.0148586e+20,0.000000
9,-4,14,1.0082035e+20,0.000000
8,-4,36,1.0072829e+20,0.000000
7,5,10,1.0008325e+20,0.000000
9,1,-51,1.00067e+20,0.000000
5,5,16,1.0001112e+20,0.000000
9,2,-55,9.9254745e+19,0.000000
9,3,21,9.8652965e+19,0.000000
10,5,-53,9.834406e+19,0.000000
8,4,9,9.8269266e+19,0.000000
6,-3,55,9.8246098e+19,0.000000
8,-3,36,9.7744504e+19,0.000000
9,-4,18,9.7625035e+19,0.000000
5,4,26,9.6677266e+19,0.000000
6,2,52,9.6213704e+19,0.000000
8,1,47,9.6081643e+19,0.000000
7,4,20,9.5642189e+19,0.000000
7,-3,50,9.4898248e+19,0.000000
9,1,44,9.385617e+19,0.000000
6,-6,30,9.3130862e+19,0.000000
10,5,-54,9.2872857e+19,0.000000
10,4,-55,9.2398001e+19,0.000000
8,-5,17,9.22387e+19,0.000000
10,2,24,9.2082562e+19,0.000000
10,-2,26,9.1929268e+19,0.000000
10,2,-52,9.1891093e+19,0.000000
7,2,36,9.1302552e+19,0.000000
7,-6,18,9.1223459e+19,0.000000
7,3,36,9.1218015e+19,0.000000
7,-5,27,9.0711354e+19,0.000000
10,1,19,8.9903051e+19,0.000000
9,2,28,8.9483202e+19,0.000000
9,3,7,8.9404016e+19,0.000000
10,3,-54,8.8437039e+19,0.000000
8,4,10,8.7362743e+19,0.000000
8,-6,18,8.721009e+19,0.000000
5,3,44,8.7159601e+19,0.000000
6,-5,33,8.6289616e+19,0.000000
10,5,-55,8.587674e+19,0.000000
5,2,55,8.5567624e+19,0.000000
9,1,-52,8.4758167e+19,0.000000
7,2,37,8.4232873e+19,0.000000
9,-4,19,8.4180463e+19,0.000000
6,3,38,8.3675619e+19,0.000000
9,1,-53,8.3404467e+19,0.000000
9,1,-54,8.319671e+19,0.000000
9,1,-55,8.2820912e+19,0.000000
8,4,20,8.2088555e+19,0.000000
7,-6,9,8.174742e+19,0.000000
7,5,11,8.1127572e+19,0.000000
7,2,38,8.1050728e+19,0.000000
9,-5,20,8.0759355e+19,0.000000
7,-2,33,8.032629e+19,0.000000
9,-4,13,8.0300609e+19,0.000000
5,-5,43,7.9678943e+19,0.000000
8,-1,48,7.8451189e+19,0.000000
7,4,7,7.8191008e+19,0.000000
9,0,51,7.8170605e+19,0.000000
9,0,-51,7.8170605e+19,0.000000
7,6,7,7.7618473e+19,0.000000
9,-1,-49,7.7612884e+19,0.000000
9,9,7,7.7144158e+19,0.000000
7,2,39,7.7015309e+19,0.000000
10,2,5,7.6225608e+19,0.000000
9,-2,30,7.5851368e+19,0.000000
9,-1,42,7.5788085e+19,0.000000
10,-1,-34,7.5168801e+19,0.000000
10,-1,10,7.4457363e+19,0.000000
10,-1,11,7.3264919e+19,0.000000
10,2,25,7.2273868e+19,0.000000
8,-3,37,7.1271627e+19,0.000000
7,2,40,7.1069348e+19,0.000000
9,-4,20,7.0035454e+19,0.000000
3,3,47,6.9742142e+19,0.000000
10,-2,27,6.9335341e+19,0.000000
6,2,53,6.8776228e+19,0.000000
7,5,8,6.8273971e+19,0.000000
8,3,18,6.7770814e+19,0.000000
10,-1,9,6.7114477e+19,0.000000
10,3,-55,6.7083047e+19,0.000000
6,4,30,6.7042205e+19,0.000000
10,2,-53,6.6681767e+19,0.000000
4,3,43,6.6681309e+19,0.000000
9,-3,25,6.6450625e+19,0.000000
10,-1,12,6.5370631e+19,0.000000
10,1,25,6.5351362e+19,0.000000
10,1,-40,6.5243296e+19,0.000000
7,4,21,6.4811021e+19,0.000000
10,1,24,6.4012971e+19,0.000000
6,-4,46,6.3987293e+19,0.000000
9,1,45,6.3980749e+19,0.000000
10,1,26,6.3754928e+19,0.000000
7,-3,51,6.3741974e+19,0.000000
7,2,41,6.3604635e+19,0.000000
10,1,5,6.3545877e+19,0.000000
8,-6,19,6.3404764e+19,0.000000
8,-4,37,6.316284e+19,0.000000
10,0,35,6.2866678e+19,0.000000
10,0,-35,6.2866678e+19,0.000000
7,-7,11,6.2851591e+19,0.000000
7,3,37,6.2384783e+19,0.000000
10,1,20,6.2328652e+19,0.000000
4,4,32,6.2262872e+19,0.000000
7,-6,19,6.2044711e+19,0.000000
7,-4,38,6.1159204e+19,0.000000
10,1,23,6.0137769e+19,0.000000
7,5,12,5.9872631e+19,0.000000
8,4,21,5.9865927e+19,0.000000
10,1,27,5.9655601e+19,0.000000
5,5,17,5.9401446e+19,0.000000
9,-1,-50,5.9210051e+19,0.000000
6,-5,34,5.8392172e+19,0.000000
9,0,52,5.828831e+19,0.000000
9,0,-52,5.828831e+19,0.000000
8,-5,18,5.7595601e+19,0.000000
9,2,29,5.7352045e+19,0.000000
8,-6,11,5.7349274e+19,0.000000
8,1,48,5.7288492e+19,0.000000
8,2,38,5.6888955e+19,0.000000
9,-4,21,5.6546942e+19,0.000000
9,3,22,5.5749203e+19,0.000000
10,1,22,5.550983e+19,0.000000
7,2,42,5.5383046e+19,0.000000
10,2,26,5.5207694e+19,0.000000
5,4,27,5.4500569e+19,0.000000
6,-6,31,5.4200724e+19,0.000000
10,1,21,5.4036577e+19,0.000000
6,3,39,5.3912266e+19,0.000000
9,-4,12,5.3880181e+19,0.000000
10,1,28,5.3786254e+19,0.000000
10,-1,13,5.3528594e+19,0.000000
5,3,45,5.2754095e+19,0.000000
9,-1,43,5.2660271e+19,0.000000
9,-5,21,5.246172e+19,0.000000
8,-3,38,5.1624228e+19,0.000000
9,-5,8,5.1456995e+19,0.000000
10,-1,8,5.1394843e+19,0.000000
10,-2,28,5.1277475e+19,0.000000
10,-4,11,5.0939741e+19,0.000000
9,-1,-51,5.0755711e+19,0.000000
8,5,6,5.0681429e+19,0.000000
8,-2,39,5.0628217e+19,0.000000
3,3,48,5.0504755e+19,0.000000
10,-4,10,5.0387709e+19,0.000000
10,-1,-35,4.9850326e+19,0.000000
5,-5,44,4.9503595e+19,0.000000
6,2,54,4.9433068e+19,0.000000
5,-4,44,4.8929244e+19,0.000000
10,2,-54,4.8268629e+19,0.000000
8,3,19,4.8052762e+19,0.000000
9,-2,31,4.7493191e+19,0.000000
9,-1,-52,4.746997e+19,0.000000
7,2,43,4.7104053e+19,0.000000
10,1,29,4.6971752e+19,0.000000
9,-1,-53,4.6491433e+19,0.000000
9,-1,-54,4.6301424e+19,0.000000
9,-1,-55,4.5996399e+19,0.000000
8,-1,49,4.5842532e+19,0.000000
7,-3,52,4.5538404e+19,0.000000
8,-6,20,4.506618e+19,0.000000
7,-7,12,4.4655446e+19,0.000000
9,-4,22,4.4507576e+19,0.000000
9,0,53,4.3465247e+19,0.000000
9,0,-53,4.3465247e+19,0.000000
9,1,46,4.3388334e+19,0.000000
7,4,22,4.3119966e+19,0.000000
8,4,22,4.2578884e+19,0.000000
7,3,38,4.2381691e+19,0.000000
7,-5,28,4.1750993e+19,0.000000
7,-6,20,4.1545787e+19,0.000000
7,5,13,4.1521923e+19,0.000000
10,2,27,4.112538e+19,0.000000
7,-2,34,4.1106314e+19,0.000000
10,-4,12,4.1057948e+19,0.000000
8,3,20,4.0695264e+19,0.000000
10,-2,1,4.063975e+19,0.000000
10,-1,14,4.0486837e+19,0.000000
10,1,-41,4.017943e+19,0.000000
10,1,30,3.988041e+19,0.000000
4,3,44,3.9815288e+19,0.000000
6,-5,35,3.9440673e+19,0.000000
7,2,44,3.928005e+19,0.000000
8,-4,38,3.8760722e+19,0.000000
3,3,49,3.8607533e+19,0.000000
10,-4,4,3.858298e+19,0.000000
8,3,21,3.8423168e+19,0.000000
10,-3,2,3.7868916e+19,0.000000
6,4,31,3.7857118e+19,0.000000
8,-3,4,3.7572504e+19,0.000000
8,3,22,3.7249183e+19,0.000000
10,-2,29,3.7141274e+19,0.000000
8,-3,39,3.7129191e+19,0.000000
6,-4,47,3.6962032e+19,0.000000
9,-1,44,3.6441728e+19,0.000000
6,2,55,3.6271049e+19,0.000000
10,0,36,3.6134962e+19,0.000000
10,0,-36,3.6134962e+19,0.000000
9,2,30,3.6103108e+19,0.000000
5,5,18,3.5705238e+19,0.000000
10,2,1,3.5656526e+19,0.000000
8,3,23,3.5430683e+19,0.000000
9,-5,9,3.5079535e+19,0.000000
7,-4,39,3.5024887e+19,0.000000
10,2,-55,3.4867475e+19,0.000000
9,6,6,3.4851877e+19,0.000000
8,-5,19,3.465011e+19,0.000000
6,3,40,3.4616737e+19,0.000000
9,-4,23,3.4273456e+19,0.000000
10,-4,9,3.3713676e+19,0.000000
9,-5,22,3.3417605e+19,0.000000
7,-7,13,3.3374108e+19,0.000000
8,1,49,3.3338055e+19,0.000000
10,1,31,3.305599e+19,0.000000
8,3,24,3.254612e+19,0.000000
10,-1,-36,3.2416597e+19,0.000000
10,10,6,3.2390881e+19,0.000000
4,4,33,3.2380757e+19,0.000000
9,0,54,3.2299419e+19,0.000000
9,0,-54,3.2299419e+19,0.000000
7,2,45,3.2208325e+19,0.000000
7,-3,53,3.2138607e+19,0.000000
5,3,46,3.2101944e+19,0.000000
6,-6,32,3.161847e+19,0.000000
8,-6,21,3.1475499e+19,0.000000
9,-3,26,3.1377715e+19,0.000000
3,3,50,3.1040925e+19,0.000000
5,-5,45,3.0682896e+19,0.000000
5,4,28,3.0511246e+19,0.000000
10,-1,7,3.0440251e+19,0.000000
8,3,4,3.0342133e+19,0.000000
9,3,23,3.0151423e+19,0.000000
10,2,28,3.0030133e+19,0.000000
8,4,23,2.9638451e+19,0.000000
9,-8,9,2.9485263e+19,0.000000
9,-2,32,2.9173938e+19,0.000000
9,1,47,2.9041771e+19,0.000000
8,3,25,2.8806187e+19,0.000000
7,3,39,2.8610263e+19,0.000000
9,-4,11,2.8435703e+19,0.000000
10,-1,15,2.8378137e+19,0.000000
7,4,23,2.8226825e+19,0.000000
10,-4,13,2.8121157e+19,0.000000
7,-6,21,2.7483774e+19,0.000000
7,5,14,2.7470396e+19,0.000000
10,1,32,2.6806914e+19,0.000000
8,2,39,2.6773751e+19,0.000000
6,-5,36,2.6577872e+19,0.000000
8,-3,40,2.6555597e+19,0.000000
10,-2,30,2.652715e+19,0.000000
8,-1,50,2.60527e+19,0.000000
3,3,51,2.6046965e+19,0.000000
7,2,46,2.6033905e+19,0.000000
9,-4,24,2.5893534e+19,0.000000
7,-2,35,2.5715899e+19,0.000000
8,-6,10,2.5620091e+19,0.000000
8,7,7,2.5311618e+19,0.000000
10,1,-42,2.5162065e+19,0.000000
9,-1,45,2.4957408e+19,0.000000
5,-4,45,2.4932463e+19,0.000000
8,3,26,2.4637107e+19,0.000000
7,-3,54,2.4574834e+19,0.000000
7,-7,14,2.4542743e+19,0.000000
8,-4,39,2.3946737e+19,0.000000
9,0,55,2.3920668e+19,0.000000
9,0,-55,2.3920668e+19,0.000000
8,-5,7,2.3877738e+19,0.000000
10,-9,9,2.3842799e+19,0.000000
8,6,7,2.3821095e+19,0.000000
4,3,45,2.3771554e+19,0.000000
6,-4,48,2.342067e+19,0.000000
10,0,37,2.3331913e+19,0.000000
10,0,-37,2.3331913e+19,0.000000
7,-5,29,2.3293784e+19,0.000000
3,3,52,2.2593751e+19,0.000000
9,2,31,2.2325703e+19,0.000000
8,-2,40,2.2303824e+19,0.000000
6,3,41,2.2145405e+19,0.000000
5,5,19,2.167826e+19,0.000000
8,-6,22,2.167748e+19,0.000000
7,5,7,2.1625618e+19,0.000000
10,2,29,2.1471842e+19,0.000000
10,1,33,2.1341081e+19,0.000000
6,4,32,2.1285027e+19,0.000000
10,0,51,2.1174946e+19,0.000000
10,0,-51,2.1174946e+19,0.000000
9,-5,23,2.0905382e+19,0.000000
7,2,47,2.0778622e+19,0.000000
10,-1,-37,2.068796e+19,0.000000
7,-2,36,2.0630516e+19,0.000000
8,3,27,2.0442327e+19,0.000000
6,6,8,2.0366103e+19,0.000000
8,4,24,2.024787e+19,0.000000
8,-5,20,2.0123845e+19,0.000000
3,3,53,2.007324e+19,0.000000
5,3,47,1.9743656e+19,0.000000
7,-4,40,1.9737725e+19,0.000000
7,-3,55,1.9586562e+19,0.000000
9,-4,8,1.9447937e+19,0.000000
9,1,48,1.9439716e+19,0.000000
7,-2,37,1.930107e+19,0.000000
9,-4,25,1.9239633e+19,0.000000
7,3,40,1.9172692e+19,0.000000
5,-5,46,1.9018777e+19,0.000000
9,-9,10,1.8874575e+19,0.000000
8,1,50,1.8869604e+19,0.000000
8,-3,41,1.8869319e+19,0.000000
7,-2,38,1.8820454e+19,0.000000
10,-2,31,1.8572507e+19,0.000000
10,-1,16,1.8473774e+19,0.000000
6,-6,33,1.8437032e+19,0.000000
7,4,24,1.8215754e+19,0.000000
3,3,54,1.812568e+19,0.000000
7,-2,39,1.8105141e+19,0.000000
7,-6,22,1.8008372e+19,0.000000
6,-5,37,1.7874553e+19,0.000000
8,-7,9,1.7640856e+19,0.000000
9,-2,33,1.7578803e+19,0.000000
10,0,38,1.7531346e+19,0.000000
10,0,-38,1.7531346e+19,0.000000
7,5,15,1.7474097e+19,0.000000
10,9,6,1.7358483e+19,0.000000
7,-7,15,1.7346883e+19,0.000000
10,-1,-1,1.7081559e+19,0.000000
6,-4,49,1.703968e+19,0.000000
9,-1,46,1.7001016e+19,0.000000
5,4,29,1.6966569e+19,0.000000
7,-2,40,1.6900863e+19,0.000000
7,-5,30,1.6891575e+19,0.000000
4,4,34,1.6868197e+19,0.000000
6,-4,54,1.6849029e+19,0.000000
8,-8,10,1.6842805e+19,0.000000
10,-4,14,1.6811271e+19,0.000000
10,1,34,1.6695472e+19,0.000000
3,3,55,1.6537107e+19,0.000000
8,3,28,1.6526962e+19,0.000000
7,2,48,1.6398326e+19,0.000000
10,1,-43,1.6387311e+19,0.000000
9,3,24,1.5573847e+19,0.000000
5,-4,46,1.5466569e+19,0.000000
6,-4,55,1.5428402e+19,0.000000
9,-4,7,1.5324526e+19,0.000000
7,-2,41,1.5291341e+19,0.000000
10,2,30,1.5137318e+19,0.000000
10,0,39,1.5135275e+19,0.000000
10,0,-39,1.5135275e+19,0.000000
8,-6,23,1.4764278e+19,0.000000
8,-1,51,1.4566388e+19,0.000000
8,-4,40,1.44589e+19,0.000000
7,-5,31,1.4401363e+19,0.000000
6,-4,50,1.4376166e+19,0.000000
9,-3,27,1.433862e+19,0.000000
4,3,46,1.4203576e+19,0.000000
6,3,42,1.4112294e+19,0.000000
9,-4,26,1.408316e+19,0.000000
7,4,6,1.3952715e+19,0.000000
6,-4,53,1.3887708e+19,0.000000
10,0,40,1.3826511e+19,0.000000
10,0,-40,1.3826511e+19,0.000000
8,4,25,1.3614191e+19,0.000000
9,2,32,1.3544358e+19,0.000000
6,-4,52,1.3464729e+19,0.000000
6,-4,51,1.3457251e+19,0.000000
7,-2,42,1.3453857e+19,0.000000
10,-10,10,1.3385691e+19,0.000000
8,-3,42,1.3338842e+19,0.000000
5,5,20,1.3265272e+19,0.000000
7,-5,32,1.3077146e+19,0.000000
8,3,29,1.3063671e+19,0.000000
10,0,41,1.3021934e+19,0.000000
10,0,-41,1.3021934e+19,0.000000
10,-1,-38,1.296867e+19,0.000000
10,-2,32,1.2895189e+19,0.000000
10,1,35,1.2874804e+19,0.000000
9,-5,24,1.2865473e+19,0.000000
7,2,49,1.2807211e+19,0.000000
7,3,41,1.2792406e+19,0.000000
5,-4,55,1.2760568e+19,0.000000
9,1,49,1.2704363e+19,0.000000
9,-4,10,1.2688537e+19,0.000000
5,3,48,1.2326155e+19,0.000000
5,-4,54,1.2062747e+19,0.000000
10,0,42,1.2054497e+19,0.000000
10,0,-42,1.2054497e+19,0.000000
5,-4,47,1.2045096e+19,0.000000
6,-5,38,1.1992097e+19,0.000000
6,4,33,1.1907114e+19,0.000000
5,-5,47,1.1883823e+19,0.000000
9,-4,9,1.1868205e+19,0.000000
7,-7,16,1.1753093e+19,0.000000
7,-6,23,1.1709737e+19,0.000000
8,2,40,1.166867e+19,0.000000
7,4,25,1.1608368e+19,0.000000
7,-2,43,1.1557381e+19,0.000000
7,-5,33,1.1539322e+19,0.000000
5,-4,53,1.1447171e+19,0.000000
9,-1,47,1.1429211e+19,0.000000
10,1,-44,1.1356719e+19,0.000000
10,7,6,1.1321845e+19,0.000000
8,-5,21,1.1299133e+19,0.000000
10,-1,17,1.1230366e+19,0.000000
9,7,7,1.1226148e+19,0.000000
10,-1,6,1.1000231e+19,0.000000
5,-4,52,1.0980514e+19,0.000000
10,0,43,1.0961969e+19,0.000000
10,0,-43,1.0961969e+19,0.000000
7,-4,41,1.0915917e+19,0.000000
5,-4,48,1.0910841e+19,0.000000
6,-6,34,1.0786362e+19,0.000000
7,5,16,1.0731948e+19,0.000000
5,-4,51,1.0676019e+19,0.000000
5,-4,49,1.0575627e+19,0.000000
5,-4,50,1.0540849e+19,0.000000
10,2,31,1.0460913e+19,0.000000
8,1,51,1.0391971e+19,0.000000
9,-2,34,1.0361813e+19,0.000000
9,-4,27,1.0175485e+19,0.000000
8,3,30,1.0131458e+19,0.000000
7,-5,34,1.0045376e+19,0.000000
8,-6,24,9.9604425e+18,0.000000
7,2,50,9.9043103e+18,0.000000
10,0,44,9.7900907e+18,0.000000
10,0,-44,9.7900907e+18,0.000000
10,1,36,9.7851903e+18,0.000000
7,-2,44,9.730732e+18,0.000000
8,-3,43,9.3746936e+18,0.000000
5,4,30,9.3707228e+18,0.000000
7,7,8,9.2276964e+18,0.000000
8,4,26,9.0255923e+18,0.000000
6,3,43,8.9562743e+18,0.000000
8,-2,41,8.9412514e+18,0.000000
10,-4,15,8.8767426e+18,0.000000
4,4,35,8.8182393e+18,0.000000
10,-2,33,8.7581335e+18,0.000000
8,-4,41,8.7491525e+18,0.000000
10,0,45,8.5533158e+18,0.000000
10,0,-45,8.5533158e+18,0.000000
4,3,47,8.5031655e+18,0.000000
10,1,-45,8.4877757e+18,0.000000
7,3,42,8.4677805e+18,0.000000
9,-2,4,8.3988055e+18,0.000000
7,-5,35,8.3190041e+18,0.000000
9,1,50,8.2641844e+18,0.000000
10,-4,8,8.2524479e+18,0.000000
5,5,21,8.1636142e+18,0.000000
9,-4,5,8.0883664e+18,0.000000
9,2,33,8.0608841e+18,0.000000
7,-2,45,8.0532503e+18,0.000000
6,-5,39,8.0285063e+18,0.000000
10,-1,-39,8.0121441e+18,0.000000
5,3,49,7.8673732e+18,0.000000
8,-1,52,7.8401067e+18,0.000000
9,-5,25,7.7860696e+18,0.000000
8,3,31,7.7269366e+18,0.000000
9,-1,48,7.6827637e+18,0.000000
7,-7,17,7.6673328e+18,0.000000
9,3,25,7.6591513e+18,0.000000
7,2,51,7.5872938e+18,0.000000
7,-6,24,7.5673487e+18,0.000000
5,-5,48,7.4254007e+18,0.000000
10,0,46,7.4048236e+18,0.000000
10,0,-46,7.4048236e+18,0.000000
10,1,37,7.353739e+18,0.000000
7,4,26,7.3164028e+18,0.000000
9,-4,28,7.261397e+18,0.000000
10,-6,7,7.1713116e+18,0.000000
10,2,32,7.1699131e+18,0.000000
9,-3,5,7.1171646e+18,0.000000
10,1,-46,6.8141814e+18,0.000000
7,-5,36,6.7909407e+18,0.000000
9,-3,28,6.7612486e+18,0.000000
8,-6,25,6.6708085e+18,0.000000
6,4,34,6.6270918e+18,0.000000
10,-8,9,6.6018515e+18,0.000000
7,-2,46,6.5681173e+18,0.000000
8,-3,44,6.553203e+18,0.000000
10,-1,18,6.5048806e+18,0.000000
7,5,17,6.3773745e+18,0.000000
6,-6,35,6.3021796e+18,0.000000
10,0,47,6.2423876e+18,0.000000
10,0,-47,6.2423876e+18,0.000000
8,-5,22,6.1452448e+18,0.000000
9,-2,35,5.9727404e+18,0.000000
10,-2,34,5.9380739e+18,0.000000
7,-4,42,5.9215501e+18,0.000000
8,4,27,5.9144438e+18,0.000000
8,3,32,5.8111954e+18,0.000000
10,1,-47,5.7689736e+18,0.000000
7,2,52,5.7578253e+18,0.000000
6,3,44,5.660356e+18,0.000000
8,1,52,5.63226e+18,0.000000
7,3,43,5.5859283e+18,0.000000
9,8,7,5.5753841e+18,0.000000
10,1,38,5.4572277e+18,0.000000
6,-5,40,5.3610228e+18,0.000000
7,-5,37,5.3163092e+18,0.000000
10,0,48,5.3153964e+18,0.000000
10,0,-48,5.3153964e+18,0.000000
7,-2,47,5.2880408e+18,0.000000
9,1,51,5.2877349e+18,0.000000
8,-4,42,5.219516e+18,0.000000
10,-1,4,5.2099386e+18,0.000000
5,3,50,5.1535101e+18,0.000000
5,4,31,5.1387588e+18,0.000000
9,-4,29,5.1291149e+18,0.000000
4,3,48,5.1080962e+18,0.000000
5,5,22,5.0429651e+18,0.000000
9,-1,49,5.0414966e+18,0.000000
10,1,-48,5.0349284e+18,0.000000
10,-1,-40,4.9027791e+18,0.000000
10,4,4,4.8938522e+18,0.000000
7,-6,25,4.8653653e+18,0.000000
7,-7,18,4.8448808e+18,0.000000
10,2,33,4.807773e+18,0.000000
5,-5,49,4.7366438e+18,0.000000
9,2,34,4.6938678e+18,0.000000
4,4,36,4.6434175e+18,0.000000
9,-5,26,4.6430185e+18,0.000000
8,2,41,4.6283373e+18,0.000000
7,4,27,4.5660898e+18,0.000000
8,-3,45,4.5549867e+18,0.000000
6,5,10,4.5327596e+18,0.000000
10,1,-49,4.4529614e+18,0.000000
8,-6,26,4.4352287e+18,0.000000
6,6,11,4.3985995e+18,0.000000
10,0,49,4.3786695e+18,0.000000
10,0,-49,4.3786695e+18,0.000000
8,-1,53,4.3760443e+18,0.000000
9,-1,51,4.3714378e+18,0.000000
6,6,10,4.3608278e+18,0.000000
8,-1,2,4.3593147e+18,0.000000
7,2,53,4.3272647e+18,0.000000
8,3,33,4.3151485e+18,0.000000
6,5,11,4.2605875e+18,0.000000
10,-4,16,4.2253559e+18,0.000000
7,-2,48,4.2086133e+18,0.000000
7,-5,38,4.1414096e+18,0.000000
10,1,39,4.0176769e+18,0.000000
10,1,-50,3.9443188e+18,0.000000
10,-2,35,3.9157715e+18,0.000000
8,4,28,3.8332024e+18,0.000000
10,-1,19,3.8159364e+18,0.000000
9,-3,29,3.7782354e+18,0.000000
10,10,7,3.7292227e+18,0.000000
6,-6,36,3.6927363e+18,0.000000
7,5,18,3.6700758e+18,0.000000
6,4,35,3.6666748e+18,0.000000
7,3,44,3.6465071e+18,0.000000
10,0,50,3.638524e+18,0.000000
10,0,-50,3.638524e+18,0.000000
8,8,8,3.6356181e+18,0.000000
8,3,5,3.6230065e+18,0.000000
10,8,7,3.6030143e+18,0.000000
9,3,26,3.5972316e+18,0.000000
9,-4,30,3.584119e+18,0.000000
6,6,12,3.5839116e+18,0.000000
6,-5,41,3.5701696e+18,0.000000
6,3,45,3.5626138e+18,0.000000
10,1,-51,3.544772e+18,0.000000
6,5,9,3.5377924e+18,0.000000
5,3,51,3.4824529e+18,0.000000
6,5,12,3.4705708e+18,0.000000
9,-2,36,3.3540675e+18,0.000000
8,-2,42,3.3308188e+18,0.000000
9,1,52,3.3278661e+18,0.000000
7,-2,49,3.3139874e+18,0.000000
9,2,2,3.3059098e+18,0.000000
9,-1,50,3.2926088e+18,0.000000
10,-7,8,3.2602343e+18,0.000000
8,-5,23,3.2524588e+18,0.000000
7,2,54,3.2199845e+18,0.000000
10,2,34,3.2190603e+18,0.000000
8,3,34,3.1711928e+18,0.000000
7,-4,43,3.1535364e+18,0.000000
8,-3,46,3.1456724e+18,0.000000
8,1,53,3.1278695e+18,0.000000
5,5,23,3.1223519e+18,0.000000
7,-6,26,3.1151005e+18,0.000000
7,-5,39,3.1090057e+18,0.000000
4,3,49,3.0849335e+18,0.000000
8,-4,43,3.0576285e+18,0.000000
10,1,-52,3.0482452e+18,0.000000
5,-5,50,3.0457577e+18,0.000000
10,-1,-41,3.0032959e+18,0.000000
7,-7,19,2.9817704e+18,0.000000
8,-6,27,2.9357818e+18,0.000000
10,1,40,2.923504e+18,0.000000
8,-2,49,2.8944911e+18,0.000000
8,-2,48,2.8811305e+18,0.000000
10,-1,25,2.8308579e+18,0.000000
7,4,28,2.8248217e+18,0.000000
9,-3,30,2.8187779e+18,0.000000
5,4,32,2.7962553e+18,0.000000
10,-1,26,2.7915364e+18,0.000000
8,-2,50,2.7616048e+18,0.000000
10,-1,24,2.7377457e+18,0.000000
8,-1,54,2.737731e+18,0.000000
9,-5,27,2.7179977e+18,0.000000
8,-2,47,2.7105825e+18,0.000000
9,2,35,2.6734232e+18,0.000000
10,6,6,2.661628e+18,0.000000
10,1,-53,2.6566079e+18,0.000000
9,-3,31,2.6415762e+18,0.000000
10,-1,27,2.6368618e+18,0.000000
6,5,13,2.6258505e+18,0.000000
6,6,13,2.6222543e+18,0.000000
10,-2,36,2.6003337e+18,0.000000
9,-3,32,2.6002781e+18,0.000000
7,-2,50,2.5832342e+18,0.000000
10,-1,20,2.5691009e+18,0.000000
9,-3,33,2.5688282e+18,0.000000
6,6,9,2.5566723e+18,0.000000
8,-2,51,2.5421431e+18,0.000000
10,-1,23,2.5324357e+18,0.000000
9,-7,9,2.5080176e+18,0.000000
9,-4,31,2.4834304e+18,0.000000
4,4,37,2.4769142e+18,0.000000
8,4,29,2.4639983e+18,0.000000
10,0,52,2.4425191e+18,0.000000
10,0,-52,2.4425191e+18,0.000000
5,3,52,2.4249688e+18,0.000000
10,-1,28,2.3980537e+18,0.000000
9,-3,34,2.3823011e+18,0.000000
7,3,45,2.3793621e+18,0.000000
7,2,55,2.3717857e+18,0.000000
6,-5,42,2.3715399e+18,0.000000
10,5,5,2.3532708e+18,0.000000
7,-5,40,2.3247221e+18,0.000000
9,5,6,2.3230154e+18,0.000000
8,-2,46,2.3221012e+18,0.000000
8,3,35,2.3075772e+18,0.000000
10,1,-54,2.299023e+18,0.000000
10,-1,22,2.2970651e+18,0.000000
8,-2,52,2.2396659e+18,0.000000
6,3,46,2.2341305e+18,0.000000
10,-1,21,2.2090008e+18,0.000000
9,-3,35,2.1825478e+18,0.000000
10,-1,5,2.1703713e+18,0.000000
6,-6,37,2.1624369e+18,0.000000
8,-3,47,2.1592624e+18,0.000000
8,-1,55,2.1345172e+18,0.000000
10,1,41,2.114775e+18,0.000000
10,-1,29,2.1112538e+18,0.000000
10,2,35,2.0967527e+18,0.000000
9,1,53,2.079085e+18,0.000000
7,5,19,2.0456383e+18,0.000000
5,-5,51,2.0397743e+18,0.000000
6,4,36,2.0157151e+18,0.000000
7,-2,3,2.0026646e+18,0.000000
10,-4,17,1.999279e+18,0.000000
10,0,53,1.9973991e+18,0.000000
10,0,-53,1.9973991e+18,0.000000
7,-2,51,1.9942305e+18,0.000000
7,-6,27,1.9870862e+18,0.000000
10,1,-55,1.9856871e+18,0.000000
8,1,54,1.948948e+18,0.000000
8,-2,53,1.9426416e+18,0.000000
5,5,24,1.9352833e+18,0.000000
8,-6,28,1.9300714e+18,0.000000
6,5,14,1.9088581e+18,0.000000
9,2,4,1.8946501e+18,0.000000
4,3,50,1.8769803e+18,0.000000
10,-1,-42,1.8709138e+18,0.000000
9,-3,36,1.8688093e+18,0.000000
10,-4,7,1.8374397e+18,0.000000
9,-2,37,1.8356084e+18,0.000000
8,-4,44,1.8311747e+18,0.000000
8,-2,45,1.8252782e+18,0.000000
10,-1,30,1.8063931e+18,0.000000
6,6,14,1.8025676e+18,0.000000
7,-7,20,1.7955132e+18,0.000000
5,3,53,1.7362311e+18,0.000000
7,4,29,1.7334431e+18,0.000000
10,-4,22,1.7308955e+18,0.000000
7,-5,41,1.7086804e+18,0.000000
8,2,42,1.7056529e+18,0.000000
9,-4,32,1.7036707e+18,0.000000
10,-4,23,1.7010148e+18,0.000000
8,-5,24,1.6943357e+18,0.000000
8,3,36,1.6659985e+18,0.000000
10,-2,37,1.6647121e+18,0.000000
7,-4,44,1.6573972e+18,0.000000
8,-2,54,1.6527582e+18,0.000000
9,3,27,1.6390295e+18,0.000000
10,0,54,1.6371191e+18,0.000000
10,0,-54,1.6371191e+18,0.000000
10,-4,21,1.6362238e+18,0.000000
9,-3,37,1.6077362e+18,0.000000
10,3,13,1.5902693e+18,0.000000
10,0,55,1.588884e+18,0.000000
10,0,-55,1.588884e+18,0.000000
10,-4,24,1.5749047e+18,0.000000
6,-5,43,1.5700596e+18,0.000000
9,-5,28,1.5699392e+18,0.000000
8,4,30,1.5688308e+18,0.000000
7,3,46,1.5354712e+18,0.000000
10,3,12,1.5250183e+18,0.000000
7,-2,52,1.5247455e+18,0.000000
8,-2,43,1.518364e+18,0.000000
10,3,14,1.5167952e+18,0.000000
10,1,42,1.5132996e+18,0.000000
8,1,55,1.5126841e+18,0.000000
5,4,33,1.5084797e+18,0.000000
10,-1,31,1.5084182e+18,0.000000
10,-3,13,1.4878684e+18,0.000000
9,2,36,1.4838066e+18,0.000000
8,-3,48,1.4718435e+18,0.000000
10,-3,12,1.4377086e+18,0.000000
10,-4,20,1.4315781e+18,0.000000
6,3,47,1.3974206e+18,0.000000
8,2,48,1.3963131e+18,0.000000
10,-3,14,1.3951026e+18,0.000000
5,-5,52,1.3935674e+18,0.000000
8,2,49,1.3900958e+18,0.000000
10,-4,25,1.3873077e+18,0.000000
10,2,36,1.3757708e+18,0.000000
8,-2,55,1.3707192e+18,0.000000
8,-2,44,1.3697657e+18,0.000000
6,5,15,1.3574681e+18,0.000000
4,4,38,1.3516702e+18,0.000000
10,3,15,1.3431362e+18,0.000000
6,5,8,1.3428637e+18,0.000000
9,-1,52,1.3370428e+18,0.000000
8,2,47,1.3247393e+18,0.000000
8,2,50,1.3166321e+18,0.000000
10,3,11,1.3053692e+18,0.000000
9,-3,38,1.3050975e+18,0.000000
9,1,54,1.276271e+18,0.000000
5,3,54,1.2714668e+18,0.000000
6,-6,38,1.2705449e+18,0.000000
8,-6,29,1.2673299e+18,0.000000
7,-5,53,1.265559e+18,0.000000
7,-6,28,1.2637821e+18,0.000000
10,-4,18,1.2460807e+18,0.000000
10,-1,32,1.2320464e+18,0.000000
10,-3,11,1.2194644e+18,0.000000
7,-5,42,1.2183398e+18,0.000000
10,-4,19,1.21684e+18,0.000000
10,-1,-43,1.2120756e+18,0.000000
10,-3,15,1.2087463e+18,0.000000
5,5,25,1.1999804e+18,0.000000
8,2,51,1.1967099e+18,0.000000
8,3,37,1.19317e+18,0.000000
6,6,15,1.1904075e+18,0.000000
10,-4,26,1.1770209e+18,0.000000
9,-4,33,1.1614537e+18,0.000000
7,-2,53,1.1542728e+18,0.000000
4,3,51,1.1533703e+18,0.000000
8,2,46,1.1445496e+18,0.000000
9,9,8,1.1155039e+18,0.000000
10,3,16,1.1147748e+18,0.000000
7,5,20,1.1037732e+18,0.000000
6,4,37,1.1000964e+18,0.000000
8,1,2,1.091112e+18,0.000000
10,-2,38,1.0835283e+18,0.000000
10,1,43,1.0788496e+18,0.000000
9,-3,39,1.0687465e+18,0.000000
7,-7,21,1.061698e+18,0.000000
7,4,30,1.0558602e+18,0.000000
8,2,52,1.0513717e+18,0.000000
6,-5,44,1.0367759e+18,0.000000
5,-5,53,1.0216909e+18,0.000000
8,-4,45,1.0207969e+18,0.000000
8,-3,49,9.9688834e+17,0.000000
9,1,55,9.9654746e+17,0.000000
8,4,31,9.9368618e+17,0.000000
7,3,47,9.932535e+17,0.000000
10,-1,33,9.8765581e+17,0.000000
10,-3,16,9.8028451e+17,0.000000
9,-2,38,9.7759001e+17,0.000000
10,-4,27,9.6373728e+17,0.000000
10,3,10,9.5541387e+17,0.000000
6,5,16,9.5374921e+17,0.000000
5,3,55,9.4450567e+17,0.000000
8,2,45,9.0739762e+17,0.000000
8,2,53,9.0544651e+17,0.000000
8,-5,25,8.918301e+17,0.000000
7,-5,43,8.905292e+17,0.000000
9,-5,29,8.8370829e+17,0.000000
7,-4,45,8.7814973e+17,0.000000
6,3,48,8.7351274e+17,0.000000
10,3,17,8.7265146e+17,0.000000
10,2,37,8.7047635e+17,0.000000
9,-1,53,8.6675655e+17,0.000000
7,-2,54,8.6500067e+17,0.000000
10,-3,10,8.5869694e+17,0.000000
8,3,38,8.4931755e+17,0.000000
9,-3,40,8.3952464e+17,0.000000
10,-1,-44,8.3557692e+17,0.000000
8,-6,30,8.2475247e+17,0.000000
9,-5,53,8.1993181e+17,0.000000
5,4,34,8.0576989e+17,0.000000
9,2,37,8.0281915e+17,0.000000
7,-6,29,8.0127202e+17,0.000000
9,-4,34,7.8306659e+17,0.000000
10,-1,34,7.7786222e+17,0.000000
9,3,28,7.7401545e+17,0.000000
10,-4,28,7.7202281e+17,0.000000
8,2,43,7.6888668e+17,0.000000
10,-4,54,7.6588562e+17,0.000000
4,4,39,7.6511903e+17,0.000000
6,6,16,7.6431963e+17,0.000000
8,2,54,7.633438e+17,0.000000
10,1,44,7.6147528e+17,0.000000
10,-3,17,7.5062556e+17,0.000000
6,-6,39,7.4757572e+17,0.000000
5,5,26,7.4390091e+17,0.000000
5,-5,54,7.3996594e+17,0.000000
8,1,1,7.2999238e+17,0.000000
9,4,5,7.2374912e+17,0.000000
4,3,52,7.176653e+17,0.000000
10,9,7,7.0047964e+17,0.000000
8,2,44,6.8684373e+17,0.000000
6,-5,45,6.8229717e+17,0.000000
10,-2,39,6.7053588e+17,0.000000
8,-3,50,6.6960967e+17,0.000000
6,5,17,6.6556719e+17,0.000000
9,-3,41,6.6411684e+17,0.000000
10,3,18,6.4694857e+17,0.000000
8,-4,46,6.4593744e+17,0.000000
7,-2,55,6.4152747e+17,0.000000
7,4,31,6.38451e+17,0.000000
7,3,48,6.3841015e+17,0.000000
8,2,55,6.2975813e+17,0.000000
8,4,32,6.2325804e+17,0.000000
10,-1,-45,6.2125479e+17,0.000000
9,-2,2,6.2079078e+17,0.000000
7,-7,22,6.1802986e+17,0.000000
7,-5,44,6.1754834e+17,0.000000
10,-1,35,6.0376437e+17,0.000000
8,3,39,6.0060552e+17,0.000000
10,-4,29,5.9953488e+17,0.000000
6,4,38,5.9538667e+17,0.000000
7,5,21,5.7599628e+17,0.000000
5,-5,55,5.6881436e+17,0.000000
10,2,38,5.6016222e+17,0.000000
10,3,9,5.494271e+17,0.000000
6,3,49,5.4763532e+17,0.000000
10,-3,18,5.4583599e+17,0.000000
9,-6,8,5.4368478e+17,0.000000
8,-6,31,5.3910388e+17,0.000000
10,1,45,5.3566647e+17,0.000000
9,-4,35,5.2591115e+17,0.000000
9,-1,54,5.1663925e+17,0.000000
9,-2,39,5.111635e+17,0.000000
9,-3,42,5.0762713e+17,0.000000
7,-6,30,5.069617e+17,0.000000
8,-5,26,4.9738856e+17,0.000000
10,-1,-46,4.9626986e+17,0.000000
8,4,6,4.9308808e+17,0.000000
9,-5,30,4.9267876e+17,0.000000
7,-4,46,4.8598157e+17,0.000000
6,6,17,4.8034846e+17,0.000000
6,5,18,4.6250037e+17,0.000000
10,-4,30,4.6214444e+17,0.000000
10,-1,36,4.6177421e+17,0.000000
5,5,27,4.6100237e+17,0.000000
10,-5,6,4.5753231e+17,0.000000
4,4,40,4.5750909e+17,0.000000
10,3,19,4.5541338e+17,0.000000
4,3,53,4.5370203e+17,0.000000
7,-5,45,4.520299e+17,0.000000
9,4,16,4.5187409e+17,0.000000
10,-3,9,4.4843764e+17,0.000000
6,-5,46,4.4812514e+17,0.000000
8,-3,51,4.4752398e+17,0.000000
9,4,15,4.4714267e+17,0.000000
6,-6,40,4.4096461e+17,0.000000
9,3,29,4.3285881e+17,0.000000
9,4,17,4.3003277e+17,0.000000
10,-2,40,4.2697854e+17,0.000000
5,4,35,4.2550547e+17,0.000000
8,-1,1,4.2336713e+17,0.000000
9,2,38,4.2280878e+17,0.000000
8,3,40,4.22583e+17,0.000000
10,-1,-47,4.1817434e+17,0.000000
7,3,49,4.1312261e+17,0.000000
9,4,14,4.112672e+17,0.000000
8,4,33,3.8999915e+17,0.000000
9,4,18,3.8901431e+17,0.000000
9,-3,43,3.873986e+17,0.000000
7,4,32,3.8336159e+17,0.000000
10,-3,19,3.7830433e+17,0.000000
10,1,46,3.7328343e+17,0.000000
10,4,11,3.7115269e+17,0.000000
7,6,8,3.6592033e+17,0.000000
10,-1,-48,3.6336349e+17,0.000000
8,-4,47,3.6283008e+17,0.000000
10,4,10,3.6032879e+17,0.000000
7,-7,23,3.5494473e+17,0.000000
9,0,1,3.531747e+17,0.000000
9,0,-1,3.531747e+17,0.000000
10,-1,37,3.4915103e+17,0.000000
9,-4,36,3.488089e+17,0.000000
8,-6,32,3.4689112e+17,0.000000
6,3,50,3.461303e+17,0.000000
9,4,13,3.4498632e+17,0.000000
10,-4,31,3.4411274e+17,0.000000
10,2,39,3.4282483e+17,0.000000
9,4,19,3.3688993e+17,0.000000
9,-1,55,3.2254784e+17,0.000000
6,5,19,3.2032305e+17,0.000000
10,-1,-49,3.2004245e+17,0.000000
7,-6,31,3.1976165e+17,0.000000
6,4,39,3.1946916e+17,0.000000
9,3,30,3.1860421e+17,0.000000
10,3,3,3.1404011e+17,0.000000
9,-5,7,3.1271846e+17,0.000000
8,-5,27,3.1219038e+17,0.000000
10,4,12,3.1115711e+17,0.000000
10,3,20,3.0485151e+17,0.000000
7,-5,46,3.016002e+17,0.000000
7,-4,47,3.0071157e+17,0.000000
8,-3,52,2.9976309e+17,0.000000
6,6,18,2.9666782e+17,0.000000
8,3,41,2.9553907e+17,0.000000
9,-3,44,2.9533502e+17,0.000000
4,4,41,2.9429813e+17,0.000000
6,-5,47,2.9362695e+17,0.000000
4,3,54,2.927583e+17,0.000000
9,3,31,2.9085711e+17,0.000000
7,5,22,2.9024281e+17,0.000000
10,1,3,2.8782279e+17,0.000000
5,5,28,2.8552603e+17,0.000000
10,-1,-50,2.8238684e+17,0.000000
9,4,20,2.8087646e+17,0.000000
9,3,32,2.7841848e+17,0.000000
10,-9,10,2.6919359e+17,0.000000
7,3,50,2.6870634e+17,0.000000
9,3,33,2.680698e+17,0.000000
9,-2,40,2.6764348e+17,0.000000
9,-5,31,2.6280877e+17,0.000000
6,-6,41,2.6243608e+17,0.000000
10,-1,38,2.6063652e+17,0.000000
10,-4,32,2.5916001e+17,0.000000
10,1,47,2.5899204e+17,0.000000
9,4,12,2.5651668e+17,0.000000
10,-2,41,2.5285825e+17,0.000000
10,-3,20,2.5037595e+17,0.000000
8,-4,51,2.491236e+17,0.000000
10,-1,-51,2.4814405e+17,0.000000
10,4,9,2.4662715e+17,0.000000
9,3,34,2.4292188e+17,0.000000
9,5,13,2.413855e+17,0.000000
8,4,34,2.4128651e+17,0.000000
8,-4,48,2.3504452e+17,0.000000
8,-4,54,2.325604e+17,0.000000
9,-4,37,2.3084591e+17,0.000000
9,5,14,2.2867538e+17,0.000000
7,4,33,2.2846541e+17,0.000000
8,-5,28,2.2754584e+17,0.000000
8,-6,33,2.2669596e+17,0.000000
9,4,21,2.2651243e+17,0.000000
9,5,12,2.2499151e+17,0.000000
10,4,13,2.249402e+17,0.000000
7,-5,47,2.2283136e+17,0.000000
6,3,51,2.2231552e+17,0.000000
5,4,36,2.2170342e+17,0.000000
6,5,20,2.2111229e+17,0.000000
10,-2,4,2.192733e+17,0.000000
9,2,39,2.1867097e+17,0.000000
10,-10,11,2.178694e+17,0.000000
9,3,35,2.1786753e+17,0.000000
10,-1,-52,2.1666203e+17,0.000000
9,-3,45,2.1644428e+17,0.000000
7,-4,48,2.1639085e+17,0.000000
10,2,40,2.1596702e+17,0.000000
9,6,7,2.1299403e+17,0.000000
4,4,42,2.0590719e+17,0.000000
8,3,42,2.0572886e+17,0.000000
10,3,8,2.0334876e+17,0.000000
9,3,5,2.0241354e+17,0.000000
8,7,8,2.0156208e+17,0.000000
7,-6,32,2.0138282e+17,0.000000
7,-7,24,2.0127401e+17,0.000000
9,5,15,1.9853796e+17,0.000000
8,-3,53,1.9608352e+17,0.000000
4,3,55,1.9415945e+17,0.000000
10,3,21,1.9415269e+17,0.000000
10,-1,39,1.9297928e+17,0.000000
6,-5,48,1.9228547e+17,0.000000
10,-1,-53,1.8801677e+17,0.000000
8,-5,29,1.8656694e+17,0.000000
10,-4,33,1.854551e+17,0.000000
9,3,36,1.8287317e+17,0.000000
8,2,3,1.8172848e+17,0.000000
6,6,19,1.8051213e+17,0.000000
7,-4,49,1.7924738e+17,0.000000
10,1,48,1.782095e+17,0.000000
7,3,51,1.7811802e+17,0.000000
9,4,22,1.7740229e+17,0.000000
5,5,29,1.7675419e+17,0.000000
9,5,11,1.7197451e+17,0.000000
9,-7,14,1.7038784e+17,0.000000
6,4,40,1.6960536e+17,0.000000
9,-8,10,1.6836994e+17,0.000000
9,-9,11,1.6521066e+17,0.000000
9,-3,46,1.6425221e+17,0.000000
8,-5,30,1.6307476e+17,0.000000
10,-1,-54,1.6233304e+17,0.000000
9,4,11,1.6222479e+17,0.000000
9,-7,13,1.6154593e+17,0.000000
9,5,16,1.6132909e+17,0.000000
7,-4,50,1.6056699e+17,0.000000
10,-3,21,1.5831319e+17,0.000000
4,4,43,1.5642781e+17,0.000000
9,3,4,1.5630903e+17,0.000000
6,-6,42,1.5584314e+17,0.000000
10,-2,42,1.5540862e+17,0.000000
9,3,37,1.5439455e+17,0.000000
9,-7,15,1.5406633e+17,0.000000
10,-5,15,1.5373096e+17,0.000000
10,-5,14,1.5339556e+17,0.000000
6,5,21,1.5205674e+17,0.000000
9,-4,38,1.5043326e+17,0.000000
7,-4,51,1.4973126e+17,0.000000
8,-4,49,1.495443e+17,0.000000
8,4,35,1.4933832e+17,0.000000
10,10,8,1.4805799e+17,0.000000
9,-2,41,1.4803944e+17,0.000000
7,-5,48,1.4736645e+17,0.000000
6,3,52,1.4647202e+17,0.000000
10,4,14,1.4423861e+17,0.000000
8,-5,31,1.4411227e+17,0.000000
8,-6,34,1.4368704e+17,0.000000
8,3,43,1.4244988e+17,0.000000
10,-5,16,1.416026e+17,0.000000
10,-1,40,1.4119812e+17,0.000000
7,5,23,1.4098886e+17,0.000000
9,-5,32,1.4060633e+17,0.000000
10,-1,-55,1.3983739e+17,0.000000
10,-4,34,1.3839495e+17,0.000000
10,-5,13,1.366159e+17,0.000000
9,4,23,1.3541487e+17,0.000000
7,4,34,1.3514849e+17,0.000000
7,-4,52,1.3455395e+17,0.000000
10,-3,8,1.3062139e+17,0.000000
8,-3,54,1.2983831e+17,0.000000
4,4,44,1.2720251e+17,0.000000
8,-5,32,1.2674266e+17,0.000000
10,2,41,1.2656371e+17,0.000000
9,-7,16,1.2646042e+17,0.000000
7,-6,33,1.2639905e+17,0.000000
10,-6,52,1.2609477e+17,0.000000
6,-5,49,1.2603488e+17,0.000000
9,5,17,1.2428752e+17,0.000000
9,3,38,1.2309805e+17,0.000000
10,7,7,1.2272372e+17,0.000000
7,3,52,1.222578e+17,0.000000
10,-5,17,1.2216214e+17,0.000000
10,1,49,1.2175844e+17,0.000000
8,-4,50,1.2125139e+17,0.000000
7,-4,53,1.2058469e+17,0.000000
9,-3,47,1.1788624e+17,0.000000
10,3,22,1.1764721e+17,0.000000
7,-5,49,1.1764532e+17,0.000000
8,5,7,1.1584397e+17,0.000000
9,-7,12,1.1521526e+17,0.000000
5,4,37,1.1370103e+17,0.000000
9,2,40,1.1326029e+17,0.000000
7,-7,25,1.128744e+17,0.000000
10,-6,12,1.1004115e+17,0.000000
5,5,30,1.093534e+17,0.000000
8,-5,33,1.0881317e+17,0.000000
4,4,45,1.0867962e+17,0.000000
6,6,20,1.0840064e+17,0.000000
7,-4,54,1.0640829e+17,0.000000
6,5,22,1.0412215e+17,0.000000
10,-5,12,1.0337682e+17,0.000000
10,-1,41,1.0268286e+17,0.000000
8,-4,52,1.013099e+17,0.000000
9,4,24,1.0104919e+17,0.000000
6,3,53,1.0005264e+17,0.000000
10,-5,18,9.9984792e+16,0.000000
8,6,8,9.9341355e+16,0.000000
9,3,39,9.9084802e+16,0.000000
8,3,44,9.8149674e+16,0.000000
9,-4,39,9.7921778e+16,0.000000
9,-7,17,9.7150908e+16,0.000000
6,-6,43,9.6182094e+16,0.000000
4,4,46,9.5822301e+16,0.000000
10,-3,22,9.5587343e+16,0.000000
10,-6,13,9.5194311e+16,0.000000
10,-4,35,9.4932902e+16,0.000000
8,-6,35,9.4280417e+16,0.000000
9,-2,42,9.4249024e+16,0.000000
10,-6,11,9.4027409e+16,0.000000
8,-5,34,9.2143749e+16,0.000000
9,5,18,9.1552526e+16,0.000000
8,-4,53,9.1329761e+16,0.000000
8,4,36,9.1074934e+16,0.000000
9,5,10,9.015392e+16,0.000000
6,4,41,8.9387801e+16,0.000000
8,-6,52,8.9307918e+16,0.000000
7,-4,55,8.9240889e+16,0.000000
9,-6,16,8.8553906e+16,0.000000
10,-2,43,8.7599349e+16,0.000000
7,3,53,8.7516102e+16,0.000000
9,-3,48,8.677433e+16,0.000000
8,-3,55,8.6723079e+16,0.000000
9,-6,15,8.6473709e+16,0.000000
4,4,47,8.6061032e+16,0.000000
10,4,15,8.3975707e+16,0.000000
9,4,10,8.3930857e+16,0.000000
9,-6,17,8.3764337e+16,0.000000
6,-5,50,8.2893422e+16,0.000000
9,7,8,8.2800956e+16,0.000000
10,1,50,8.2514631e+16,0.000000
7,-5,50,8.2068725e+16,0.000000
7,4,35,7.9252017e+16,0.000000
7,-6,34,7.9246316e+16,0.000000
8,-2,3,7.8576047e+16,0.000000
10,-5,19,7.8343499e+16,0.000000
4,4,48,7.8057409e+16,0.000000
9,-3,52,7.7743368e+16,0.000000
10,2,42,7.7002157e+16,0.000000
9,3,40,7.6554199e+16,0.000000
8,-5,35,7.5799866e+16,0.000000
9,-6,14,7.5398127e+16,0.000000
9,-6,18,7.4735045e+16,0.000000
9,4,25,7.3927138e+16,0.000000
10,-1,42,7.3856619e+16,0.000000
7,-5,51,7.2604282e+16,0.000000
9,-2,43,7.2507835e+16,0.000000
10,4,8,7.1827968e+16,0.000000
8,-8,11,7.1469139e+16,0.000000
6,3,54,7.146204e+16,0.000000
10,-4,36,7.122224e+16,0.000000
9,-7,18,7.1145935e+16,0.000000
4,4,49,7.1093389e+16,0.000000
6,5,23,7.0968264e+16,0.000000
10,-6,14,6.9046376e+16,0.000000
9,-5,33,6.8605983e+16,0.000000
10,3,23,6.784479e+16,0.000000
5,5,31,6.7630741e+16,0.000000
8,3,45,6.727408e+16,0.000000
7,3,54,6.6069557e+16,0.000000
9,-2,44,6.5984525e+16,0.000000
7,5,24,6.5886947e+16,0.000000
9,5,19,6.4865572e+16,0.000000
4,4,50,6.4817736e+16,0.000000
9,-2,45,6.4480764e+16,0.000000
6,6,21,6.4336086e+16,0.000000
9,-2,46,6.4256192e+16,0.000000
9,-6,19,6.3765077e+16,0.000000
9,-2,47,6.3043597e+16,0.000000
9,-4,40,6.2604663e+16,0.000000
7,-7,26,6.2512696e+16,0.000000
9,8,8,6.20711e+16,0.000000
9,2,41,6.1967601e+16,0.000000
8,-5,36,6.1883129e+16,0.000000
9,-3,49,6.1226825e+16,0.000000
9,-2,48,6.0612674e+16,0.000000
10,-5,11,6.051785e+16,0.000000
9,3,41,5.9600182e+16,0.000000
10,-5,20,5.9157595e+16,0.000000
4,4,51,5.9046421e+16,0.000000
6,-6,44,5.8907223e+16,0.000000
8,-6,36,5.8715642e+16,0.000000
10,1,0,5.8283621e+16,0.000000
5,4,38,5.7234405e+16,0.000000
9,-2,49,5.7040283e+16,0.000000
7,7,9,5.6521701e+16,0.000000
8,4,37,5.5807029e+16,0.000000
10,1,51,5.5442627e+16,0.000000
9,-6,13,5.5273302e+16,0.000000
10,-3,23,5.5070433e+16,0.000000
6,-5,51,5.5057315e+16,0.000000
4,4,52,5.3677501e+16,0.000000
6,3,55,5.3542371e+16,0.000000
9,4,26,5.3140004e+16,0.000000
10,-1,43,5.2915294e+16,0.000000
9,-6,20,5.2524231e+16,0.000000
9,-2,50,5.2473202e+16,0.000000
7,3,55,5.2070069e+16,0.000000
10,2,4,5.1450958e+16,0.000000
10,-2,44,5.1403017e+16,0.000000
7,-5,52,5.12878e+16,0.000000
9,-7,19,5.0259496e+16,0.000000
7,-6,35,4.9468193e+16,0.000000
8,-5,37,4.9154853e+16,0.000000
4,4,53,4.8676195e+16,0.000000
9,-3,50,4.8212887e+16,0.000000
6,5,24,4.8136416e+16,0.000000
8,-4,55,4.8122342e+16,0.000000
8,5,12,4.7911193e+16,0.000000
9,-2,51,4.776377e+16,0.000000
8,5,11,4.7160953e+16,0.000000
10,4,16,4.6600325e+16,0.000000
10,-4,37,4.6482527e+16,0.000000
6,4,42,4.6434101e+16,0.000000
7,4,36,4.6060576e+16,0.000000
8,3,46,4.5833864e+16,0.000000
9,3,42,4.4859073e+16,0.000000
9,5,20,4.440152e+16,0.000000
10,-6,15,4.4197956e+16,0.000000
4,4,54,4.4002108e+16,0.000000
8,5,13,4.3446693e+16,0.000000
10,-5,21,4.3256246e+16,0.000000
10,2,43,4.2978068e+16,0.000000
8,-7,10,4.2585782e+16,0.000000
9,-2,52,4.2515012e+16,0.000000
9,-6,21,4.2055966e+16,0.000000
5,5,32,4.1795083e+16,0.000000
9,4,9,4.042488e+16,0.000000
9,-4,41,4.0165208e+16,0.000000
4,4,55,3.9663294e+16,0.000000
9,-7,11,3.9478434e+16,0.000000
8,5,10,3.9279142e+16,0.000000
9,2,42,3.9022744e+16,0.000000
8,-5,38,3.8974682e+16,0.000000
8,-6,37,3.8854658e+16,0.000000
10,-6,10,3.8535086e+16,0.000000
6,-6,45,3.8462667e+16,0.000000
6,6,22,3.7787837e+16,0.000000
9,4,27,3.7624044e+16,0.000000
10,-1,44,3.7528429e+16,0.000000
10,3,24,3.7366027e+16,0.000000
9,-2,53,3.7251144e+16,0.000000
6,-5,52,3.6917192e+16,0.000000
10,1,52,3.6635909e+16,0.000000
8,5,14,3.6182562e+16,0.000000
10,-4,38,3.5421542e+16,0.000000
10,8,8,3.505623e+16,0.000000
9,-5,34,3.4920904e+16,0.000000
7,-5,54,3.4640375e+16,0.000000
9,-7,20,3.4528391e+16,0.000000
10,-8,10,3.4372181e+16,0.000000
7,-7,27,3.428232e+16,0.000000
9,-3,4,3.4064887e+16,0.000000
9,3,43,3.3728054e+16,0.000000
8,4,38,3.3480195e+16,0.000000
7,-5,55,3.3057734e+16,0.000000
9,-6,22,3.2897009e+16,0.000000
9,-3,51,3.2857478e+16,0.000000
6,5,25,3.2493478e+16,0.000000
9,-2,54,3.234309e+16,0.000000
9,4,8,3.1787664e+16,0.000000
8,3,47,3.1050496e+16,0.000000
7,-6,36,3.0875227e+16,0.000000
10,-3,6,3.0754294e+16,0.000000
10,-5,22,3.0739732e+16,0.000000
10,-3,24,3.0331735e+16,0.000000
9,-6,12,3.0152879e+16,0.000000
8,-5,39,3.0116289e+16,0.000000
9,2,43,2.9706672e+16,0.000000
7,5,25,2.9645212e+16,0.000000
9,5,21,2.9465123e+16,0.000000
5,4,39,2.8185706e+16,0.000000
10,3,7,2.8149732e+16,0.000000
8,5,15,2.8133066e+16,0.000000
10,4,17,2.7857323e+16,0.000000
9,-2,55,2.7685636e+16,0.000000
10,-2,45,2.7445085e+16,0.000000
10,-8,54,2.7265321e+16,0.000000
10,-4,5,2.6838304e+16,0.000000
9,2,44,2.6771559e+16,0.000000
10,-1,45,2.6522561e+16,0.000000
7,4,37,2.6477479e+16,0.000000
9,4,28,2.626668e+16,0.000000
9,2,45,2.5924805e+16,0.000000
5,5,33,2.581805e+16,0.000000
9,2,46,2.5611808e+16,0.000000
10,-6,16,2.5584308e+16,0.000000
6,-6,46,2.5412232e+16,0.000000
6,-5,53,2.5374551e+16,0.000000
9,3,44,2.5345451e+16,0.000000
9,4,7,2.5342121e+16,0.000000
9,-6,23,2.5237802e+16,0.000000
10,2,44,2.4978377e+16,0.000000
9,-4,42,2.496265e+16,0.000000
10,-4,53,2.4935365e+16,0.000000
9,2,47,2.4918737e+16,0.000000
8,5,9,2.4597279e+16,0.000000
10,4,22,2.4428689e+16,0.000000
10,4,21,2.4318994e+16,0.000000
6,4,43,2.4055229e+16,0.000000
10,1,53,2.3933294e+16,0.000000
9,2,48,2.3763096e+16,0.000000
8,-6,38,2.3526592e+16,0.000000
8,8,9,2.3519804e+16,0.000000
8,-5,40,2.3274189e+16,0.000000
9,-7,21,2.3199756e+16,0.000000
10,4,23,2.3103908e+16,0.000000
10,4,20,2.2870527e+16,0.000000
9,2,49,2.2176199e+16,0.000000
9,-3,53,2.2059275e+16,0.000000
10,-5,10,2.1997208e+16,0.000000
6,6,23,2.199175e+16,0.000000
10,-4,39,2.1872959e+16,0.000000
6,5,26,2.1831785e+16,0.000000
10,3,6,2.1581628e+16,0.000000
10,-4,51,2.1575158e+16,0.000000
10,4,18,2.1313681e+16,0.000000
10,-5,23,2.1284159e+16,0.000000
10,4,19,2.1061173e+16,0.000000
8,3,48,2.0896964e+16,0.000000
10,4,24,2.0732033e+16,0.000000
8,5,16,2.062812e+16,0.000000
9,2,50,2.0242397e+16,0.000000
8,4,39,2.0232614e+16,0.000000
10,3,25,1.9908133e+16,0.000000
7,-6,37,1.9162039e+16,0.000000
9,-6,24,1.9042609e+16,0.000000
9,5,22,1.9013043e+16,0.000000
10,-1,3,1.9002192e+16,0.000000
10,-3,3,1.8888212e+16,0.000000
10,-1,46,1.8565718e+16,0.000000
7,-7,28,1.8512786e+16,0.000000
6,-6,47,1.8470412e+16,0.000000
9,3,45,1.8317836e+16,0.000000
9,2,51,1.822723e+16,0.000000
9,4,29,1.812956e+16,0.000000
6,-5,54,1.7776972e+16,0.000000
10,4,25,1.7760174e+16,0.000000
8,-5,41,1.76107e+16,0.000000
10,-4,40,1.7136812e+16,0.000000
9,5,9,1.7012087e+16,0.000000
10,-4,52,1.6977443e+16,0.000000
10,-3,25,1.6138886e+16,0.000000
9,2,52,1.6128471e+16,0.000000
5,5,34,1.5938413e+16,0.000000
8,-6,39,1.5869328e+16,0.000000
9,-4,43,1.5658534e+16,0.000000
10,1,54,1.5410775e+16,0.000000
9,-7,22,1.5311081e+16,0.000000
7,4,38,1.504676e+16,0.000000
10,-2,46,1.479078e+16,0.000000
10,4,26,1.4674043e+16,0.000000
6,5,27,1.4605913e+16,0.000000
9,-5,35,1.4487055e+16,0.000000
10,-5,24,1.4388732e+16,0.000000
8,5,17,1.4353616e+16,0.000000
10,6,7,1.4334167e+16,0.000000
9,-6,25,1.4168756e+16,0.000000
8,-8,14,1.4155448e+16,0.000000
6,-6,48,1.4075861e+16,0.000000
9,2,53,1.40396e+16,0.000000
8,3,49,1.3979276e+16,0.000000
9,3,46,1.3713894e+16,0.000000
10,-6,17,1.3605373e+16,0.000000
5,4,40,1.3533233e+16,0.000000
8,-5,42,1.3407597e+16,0.000000
10,9,8,1.3271495e+16,0.000000
10,2,45,1.3211862e+16,0.000000
9,-3,54,1.3046253e+16,0.000000
10,-1,47,1.2937515e+16,0.000000
7,5,26,1.2924261e+16,0.000000
8,-8,15,1.2883251e+16,0.000000
6,-5,55,1.2853368e+16,0.000000
10,-3,7,1.2825893e+16,0.000000
6,6,24,1.2699362e+16,0.000000
10,-6,8,1.2479564e+16,0.000000
9,4,30,1.2368882e+16,0.000000
6,4,44,1.2326386e+16,0.000000
9,2,54,1.2086653e+16,0.000000
10,1,55,1.2032413e+16,0.000000
8,4,40,1.1955574e+16,0.000000
9,5,23,1.1954956e+16,0.000000
7,-6,38,1.1893528e+16,0.000000
10,4,27,1.1706526e+16,0.000000
6,-6,49,1.1680767e+16,0.000000
8,-8,13,1.1603375e+16,0.000000
10,3,26,1.0669286e+16,0.000000
9,-6,26,1.0410343e+16,0.000000
9,2,55,1.0328297e+16,0.000000
6,-6,50,1.0159361e+16,0.000000
10,-7,9,1.012497e+16,0.000000
8,-8,16,1.0091878e+16,0.000000
8,-5,43,9.9614656e+15,0.000000
9,-4,6,9.9564649e+15,0.000000
9,-7,23,9.9525061e+15,0.000000
7,-7,29,9.9110685e+15,0.000000
10,-4,41,9.830141e+15,0.000000
5,5,35,9.8272416e+15,0.000000
6,5,28,9.7327349e+15,0.000000
9,3,47,9.7140163e+15,0.000000
10,-2,51,9.5851776e+15,0.000000
8,5,18,9.5168137e+15,0.000000
10,-5,25,9.5041343e+15,0.000000
9,-5,52,9.4988832e+15,0.000000
9,-4,44,9.4440109e+15,0.000000
8,-6,40,9.337773e+15,0.000000
9,-5,51,9.2826472e+15,0.000000
8,3,50,9.2762567e+15,0.000000
10,4,28,9.1376085e+15,0.000000
6,-6,51,9.0527643e+15,0.000000
9,-6,11,9.0480138e+15,0.000000
6,-6,52,9.0242596e+15,0.000000
10,-1,48,8.9398477e+15,0.000000
8,6,14,8.8473975e+15,0.000000
10,-3,26,8.6056502e+15,0.000000
7,4,39,8.4297206e+15,0.000000
9,4,31,8.3638009e+15,0.000000
8,6,13,8.3227222e+15,0.000000
8,6,15,8.2952366e+15,0.000000
9,5,8,8.0973487e+15,0.000000
8,5,8,8.0761465e+15,0.000000
10,-4,42,8.0540293e+15,0.000000
10,5,6,8.037514e+15,0.000000
10,4,7,7.9476204e+15,0.000000
9,9,9,7.7472469e+15,0.000000
6,-6,53,7.7286742e+15,0.000000
9,-5,50,7.6356291e+15,0.000000
10,4,5,7.6339163e+15,0.000000
9,-6,27,7.5713924e+15,0.000000
8,-5,44,7.4270774e+15,0.000000
9,-3,55,7.3442396e+15,0.000000
9,5,24,7.3431906e+15,0.000000
7,-6,39,7.3299421e+15,0.000000
6,-6,54,7.3262512e+15,0.000000
6,6,25,7.2848608e+15,0.000000
8,-8,17,7.245561e+15,0.000000
9,-7,10,7.2362163e+15,0.000000
8,6,16,7.1634406e+15,0.000000
6,-6,55,7.1533663e+15,0.000000
10,-2,47,7.0839211e+15,0.000000
8,4,41,7.083854e+15,0.000000
9,3,48,7.0589781e+15,0.000000
10,2,46,7.0539883e+15,0.000000
10,4,29,6.9137658e+15,0.000000
9,-5,36,6.8218245e+15,0.000000
10,-6,18,6.8136356e+15,0.000000
8,-7,14,6.6144866e+15,0.000000
6,5,29,6.4634501e+15,0.000000
6,4,45,6.4273957e+15,0.000000
8,-7,15,6.4136025e+15,0.000000
9,-7,24,6.390584e+15,0.000000
8,6,12,6.3189995e+15,0.000000
5,4,41,6.3180188e+15,0.000000
8,-6,41,6.2845883e+15,0.000000
10,3,27,6.2349069e+15,0.000000
8,-7,13,6.1493565e+15,0.000000
10,-5,26,6.1443828e+15,0.000000
10,-1,49,6.1330781e+15,0.000000
8,3,51,6.1259556e+15,0.000000
5,5,36,6.0567918e+15,0.000000
8,5,19,6.0291866e+15,0.000000
8,6,17,5.8338603e+15,0.000000
9,-4,45,5.7765123e+15,0.000000
8,-7,16,5.695267e+15,0.000000
9,-1,2,5.6188844e+15,0.000000
7,5,27,5.6188809e+15,0.000000
9,4,32,5.5981216e+15,0.000000
9,-6,28,5.4484186e+15,0.000000
8,-5,45,5.4447219e+15,0.000000
9,-5,49,5.3947651e+15,0.000000
10,-2,53,5.3668186e+15,0.000000
10,2,2,5.2956037e+15,0.000000
10,4,30,5.1928603e+15,0.000000
7,-7,30,5.1829829e+15,0.000000
8,-7,12,5.1044088e+15,0.000000
10,-3,27,4.9936193e+15,0.000000
8,-8,18,4.9290804e+15,0.000000
9,3,49,4.9193361e+15,0.000000
8,-7,17,4.7048095e+15,0.000000
7,4,40,4.6495312e+15,0.000000
10,-4,43,4.6001733e+15,0.000000
8,6,18,4.5435678e+15,0.000000
7,-6,40,4.5232851e+15,0.000000
8,-8,12,4.4995125e+15,0.000000
9,-6,9,4.49741e+15,0.000000
9,5,25,4.408467e+15,0.000000
10,-2,54,4.3971127e+15,0.000000
10,3,28,4.3819571e+15,0.000000
9,5,7,4.3060329e+15,0.000000
6,5,30,4.2786654e+15,0.000000
9,1,2,4.2266497e+15,0.000000
10,-1,50,4.1729818e+15,0.000000
6,6,26,4.1574155e+15,0.000000
8,4,42,4.1402156e+15,0.000000
9,-7,25,4.0551313e+15,0.000000
8,3,52,4.015045e+15,0.000000
8,-5,46,3.9920586e+15,0.000000
7,6,13,3.9586636e+15,0.000000
9,-6,29,3.896115e+15,0.000000
10,-5,27,3.8799195e+15,0.000000
8,-7,11,3.8363891e+15,0.000000
7,6,12,3.7744656e+15,0.000000
10,4,31,3.7672848e+15,0.000000
10,3,29,3.7666681e+15,0.000000
9,-5,55,3.7488326e+15,0.000000
10,-2,55,3.7488079e+15,0.000000
9,3,50,3.7270789e+15,0.000000
5,5,37,3.7249311e+15,0.000000
9,4,33,3.7236902e+15,0.000000
10,-2,48,3.7168014e+15,0.000000
8,-6,42,3.7106135e+15,0.000000
10,-4,44,3.6792135e+15,0.000000
7,6,14,3.6725115e+15,0.000000
8,-7,18,3.6643957e+15,0.000000
8,5,20,3.6575702e+15,0.000000
10,-2,49,3.6127385e+15,0.000000
9,-4,54,3.6089021e+15,0.000000
10,3,30,3.6051242e+15,0.000000
10,3,31,3.5593897e+15,0.000000
10,-3,28,3.516496e+15,0.000000
10,-1,0,3.5118641e+15,0.000000
10,-6,19,3.4384859e+15,0.000000
10,3,32,3.4286202e+15,0.000000
8,6,19,3.4142112e+15,0.000000
6,4,46,3.4081452e+15,0.000000
9,-4,46,3.3726141e+15,0.000000
10,2,47,3.3485147e+15,0.000000
8,-8,19,3.2397233e+15,0.000000
10,3,33,3.2212059e+15,0.000000
8,6,11,3.1413509e+15,0.000000
7,6,15,3.134605e+15,0.000000
10,-3,31,3.0812267e+15,0.000000
10,-3,29,3.0797154e+15,0.000000
10,-3,32,3.0485376e+15,0.000000
10,-3,30,3.0318088e+15,0.000000
10,-1,51,3.0143835e+15,0.000000
7,6,11,2.9550852e+15,0.000000
10,-3,33,2.9351269e+15,0.000000
8,-5,47,2.9111112e+15,0.000000
10,3,34,2.9037677e+15,0.000000
5,4,42,2.8693813e+15,0.000000
6,5,31,2.8251482e+15,0.000000
7,-6,41,2.7721956e+15,0.000000
10,4,32,2.7653457e+15,0.000000
9,-6,30,2.7549766e+15,0.000000
8,-7,19,2.7200355e+15,0.000000
10,-3,34,2.7062923e+15,0.000000
7,-7,31,2.6992462e+15,0.000000
8,3,53,2.6232245e+15,0.000000
7,5,28,2.6100259e+15,0.000000
9,5,26,2.5944867e+15,0.000000
10,-10,12,2.5866436e+15,0.000000
8,6,9,2.5679977e+15,0.000000
10,3,35,2.5618896e+15,0.000000
9,-7,26,2.5525267e+15,0.000000
7,6,16,2.5182105e+15,0.000000
7,4,41,2.5180521e+15,0.000000
8,6,20,2.4901783e+15,0.000000
9,3,51,2.4624556e+15,0.000000
9,4,34,2.4499549e+15,0.000000
10,-3,35,2.4387118e+15,0.000000
10,-5,28,2.402411e+15,0.000000
8,-6,43,2.378614e+15,0.000000
8,4,43,2.3772243e+15,0.000000
6,6,27,2.3624423e+15,0.000000
9,-7,54,2.319972e+15,0.000000
5,5,38,2.2898658e+15,0.000000
10,-4,45,2.2489523e+15,0.000000
10,-5,9,2.1846484e+15,0.000000
10,3,36,2.176823e+15,0.000000
10,-2,50,2.1540306e+15,0.000000
10,2,55,2.1407104e+15,0.000000
8,5,21,2.129515e+15,0.000000
10,-3,36,2.1140266e+15,0.000000
9,-5,37,2.1094367e+15,0.000000
8,-5,48,2.1002103e+15,0.000000
10,10,9,2.0943422e+15,0.000000
8,-8,20,2.0823695e+15,0.000000
10,-6,20,2.0248072e+15,0.000000
9,-7,51,2.0195214e+15,0.000000
9,-4,47,2.0015161e+15,0.000000
10,-4,55,1.9946267e+15,0.000000
10,-9,11,1.9826699e+15,0.000000
9,-6,31,1.9452506e+15,0.000000
8,-7,20,1.9405072e+15,0.000000
7,6,17,1.9310281e+15,0.000000
6,4,47,1.9305349e+15,0.000000
10,4,33,1.9289393e+15,0.000000
10,-1,52,1.8701043e+15,0.000000
6,5,32,1.8607915e+15,0.000000
10,3,37,1.8349134e+15,0.000000
10,-3,37,1.8162159e+15,0.000000
9,3,52,1.7751333e+15,0.000000
10,-6,51,1.7738124e+15,0.000000
8,6,21,1.7706973e+15,0.000000
10,2,48,1.7354436e+15,0.000000
8,-8,54,1.7285679e+15,0.000000
8,3,54,1.7173003e+15,0.000000
7,-6,42,1.6998693e+15,0.000000
10,-2,52,1.6459775e+15,0.000000
7,6,10,1.6150071e+15,0.000000
9,4,35,1.6062057e+15,0.000000
9,-7,27,1.5872132e+15,0.000000
10,-6,21,1.5835734e+15,0.000000
8,-5,53,1.5800894e+15,0.000000
10,-4,46,1.5726974e+15,0.000000
10,-6,23,1.563238e+15,0.000000
10,-6,24,1.5610616e+15,0.000000
10,-6,55,1.531446e+15,0.000000
10,-6,22,1.5304099e+15,0.000000
8,-5,49,1.5043912e+15,0.000000
10,-3,38,1.5030687e+15,0.000000
8,-6,44,1.502415e+15,0.000000
9,5,27,1.4925269e+15,0.000000
10,3,38,1.4911325e+15,0.000000
10,-6,25,1.4829817e+15,0.000000
9,-6,10,1.4549455e+15,0.000000
7,5,29,1.4459694e+15,0.000000
10,-5,29,1.4458195e+15,0.000000
10,-4,50,1.4452258e+15,0.000000
7,6,18,1.4264042e+15,0.000000
8,-6,50,1.4106414e+15,0.000000
10,4,34,1.4039889e+15,0.000000
5,5,39,1.4029458e+15,0.000000
8,4,44,1.3960326e+15,0.000000
9,-6,32,1.354824e+15,0.000000
10,-6,26,1.3532469e+15,0.000000
7,-7,32,1.3477848e+15,0.000000
8,-7,21,1.3392541e+15,0.000000
6,6,28,1.3387175e+15,0.000000
7,4,42,1.3382325e+15,0.000000
10,-1,53,1.3208524e+15,0.000000
8,-8,21,1.3194692e+15,0.000000
7,6,9,1.310407e+15,0.000000
5,4,43,1.2806272e+15,0.000000
10,-3,39,1.245829e+15,0.000000
9,-5,54,1.2440434e+15,0.000000
8,6,22,1.2316241e+15,0.000000
6,5,33,1.2233314e+15,0.000000
10,3,39,1.21455e+15,0.000000
6,4,48,1.2001782e+15,0.000000
8,5,22,1.1939759e+15,0.000000
9,3,53,1.1904429e+15,0.000000
8,7,9,1.1847438e+15,0.000000
10,-6,27,1.1742281e+15,0.000000
10,-6,49,1.1685385e+15,0.000000
8,3,55,1.1333966e+15,0.000000
9,-4,48,1.1203361e+15,0.000000
8,-5,50,1.087552e+15,0.000000
8,-6,55,1.05082e+15,0.000000
10,-4,48,1.0451672e+15,0.000000
9,4,36,1.0403412e+15,0.000000
7,-6,43,1.035352e+15,0.000000
7,6,19,1.0213667e+15,0.000000
7,5,30,1.0123431e+15,0.000000
9,-6,52,1.0076884e+15,0.000000
10,-6,28,1.0016915e+15,0.000000
10,-3,40,9.9075689e+14,0.000000
9,-7,28,9.8495616e+14,0.000000
10,2,54,9.5416518e+14,0.000000
10,-6,9,9.5086859e+14,0.000000
10,3,40,9.4979961e+14,0.000000
9,-9,12,9.4707259e+14,0.000000
9,-6,33,9.466014e+14,0.000000
10,4,35,9.3950943e+14,0.000000
10,7,8,9.1887523e+14,0.000000
8,-7,22,8.9856028e+14,0.000000
10,-5,8,8.9304694e+14,0.000000
9,-5,38,8.9067988e+14,0.000000
8,-6,45,8.8505998e+14,0.000000
10,2,49,8.7586966e+14,0.000000
10,-4,49,8.7332558e+14,0.000000
5,5,40,8.5877418e+14,0.000000
6,4,49,8.5767531e+14,0.000000
10,-5,30,8.54058e+14,0.000000
8,6,10,8.4747653e+14,0.000000
9,5,28,8.4439944e+14,0.000000
10,-4,47,8.4103458e+14,0.000000
8,6,23,8.4058842e+14,0.000000
8,-8,22,8.2815287e+14,0.000000
10,-2,2,8.275982e+14,0.000000
7,5,31,8.2199659e+14,0.000000
10,-6,29,8.0615901e+14,0.000000
10,-3,41,8.0567149e+14,0.000000
6,5,34,8.0260572e+14,0.000000
10,-1,54,7.9453545e+14,0.000000
9,3,54,7.9362529e+14,0.000000
8,4,45,7.6333926e+14,0.000000
10,3,41,7.5998994e+14,0.000000
8,-5,51,7.594527e+14,0.000000
9,-5,43,7.5810012e+14,0.000000
6,6,29,7.5675877e+14,0.000000
10,2,53,7.4257128e+14,0.000000
9,6,8,7.3074882e+14,0.000000
9,-5,46,7.2241649e+14,0.000000
7,6,20,7.1219585e+14,0.000000
7,5,32,7.1203903e+14,0.000000
6,4,50,7.1066087e+14,0.000000
6,4,55,7.0750116e+14,0.000000
7,4,43,6.9846374e+14,0.000000
9,-5,44,6.9360335e+14,0.000000
10,4,36,6.8823177e+14,0.000000
7,-7,33,6.8091469e+14,0.000000
6,4,54,6.7721302e+14,0.000000
10,-6,50,6.7572025e+14,0.000000
9,4,37,6.7271121e+14,0.000000
10,0,1,6.6990801e+14,0.000000
10,0,-1,6.6990801e+14,0.000000
10,2,50,6.6985022e+14,0.000000
10,-6,30,6.6533955e+14,0.000000
8,-6,46,6.6367698e+14,0.000000
9,-4,49,6.6083955e+14,0.000000
6,4,53,6.5401806e+14,0.000000
9,-5,48,6.5270687e+14,0.000000
9,-6,34,6.5038665e+14,0.000000
9,-5,41,6.497781e+14,0.000000
6,4,51,6.4942908e+14,0.000000
8,5,23,6.4901421e+14,0.000000
9,-5,45,6.4740424e+14,0.000000
8,-6,49,6.4664799e+14,0.000000
6,4,52,6.4128912e+14,0.000000
7,-6,44,6.3003429e+14,0.000000
10,-3,42,6.2437283e+14,0.000000
7,5,33,6.0278372e+14,0.000000
9,8,9,6.0041985e+14,0.000000
9,-7,29,5.9938749e+14,0.000000
10,2,52,5.9240393e+14,0.000000
8,-7,23,5.883725e+14,0.000000
10,2,51,5.8313426e+14,0.000000
5,4,44,5.8104066e+14,0.000000
10,3,42,5.7987399e+14,0.000000
9,-5,42,5.686928e+14,0.000000
8,6,24,5.6413798e+14,0.000000
9,-8,11,5.6191596e+14,0.000000
8,-5,52,5.4440151e+14,0.000000
9,3,55,5.2825499e+14,0.000000
6,5,35,5.2582652e+14,0.000000
10,-1,55,5.2565589e+14,0.000000
5,5,41,5.2354862e+14,0.000000
8,-6,51,5.2203603e+14,0.000000
8,-8,23,5.1698713e+14,0.000000
7,5,34,5.0563238e+14,0.000000
10,-3,43,4.9862703e+14,0.000000
10,-6,31,4.9721517e+14,0.000000
10,-5,31,4.8831827e+14,0.000000
7,6,21,4.8534172e+14,0.000000
8,4,46,4.7381953e+14,0.000000
9,5,29,4.6427753e+14,0.000000
9,-4,51,4.5712349e+14,0.000000
10,3,43,4.5618828e+14,0.000000
9,-6,35,4.5214259e+14,0.000000
9,-5,47,4.5080546e+14,0.000000
9,7,9,4.4001627e+14,0.000000
10,4,37,4.3862593e+14,0.000000
9,4,38,4.2853766e+14,0.000000
6,6,30,4.2741625e+14,0.000000
9,-5,39,4.1785063e+14,0.000000
10,-6,32,4.1267149e+14,0.000000
7,5,35,4.0471763e+14,0.000000
9,-4,50,3.9917215e+14,0.000000
7,-6,45,3.8391829e+14,0.000000
9,4,6,3.8307457e+14,0.000000
8,-7,24,3.7694816e+14,0.000000
10,-3,44,3.7548031e+14,0.000000
8,6,25,3.7340574e+14,0.000000
9,-7,30,3.6993543e+14,0.000000
7,4,44,3.598357e+14,0.000000
7,7,10,3.5796226e+14,0.000000
8,5,24,3.4669239e+14,0.000000
6,5,36,3.438776e+14,0.000000
10,3,44,3.3858517e+14,0.000000
10,4,38,3.267563e+14,0.000000
7,6,22,3.2421017e+14,0.000000
8,-8,24,3.2156403e+14,0.000000
7,5,36,3.1999441e+14,0.000000
5,5,42,3.1926395e+14,0.000000
10,8,9,3.1634451e+14,0.000000
9,-4,52,3.1452521e+14,0.000000
7,-7,34,3.1028913e+14,0.000000
9,-6,36,3.0482818e+14,0.000000
10,-5,7,3.0111155e+14,0.000000
10,-3,45,2.9619942e+14,0.000000
8,-6,47,2.914429e+14,0.000000
5,4,45,2.898992e+14,0.000000
10,-6,33,2.8123326e+14,0.000000
10,-6,54,2.8052054e+14,0.000000
8,-6,48,2.7758185e+14,0.000000
10,-5,32,2.7286778e+14,0.000000
9,4,39,2.7284613e+14,0.000000
7,-7,54,2.6876475e+14,0.000000
9,1,1,2.684561e+14,0.000000
10,3,45,2.6337673e+14,0.000000
8,-5,54,2.6282226e+14,0.000000
8,4,47,2.6105193e+14,0.000000
9,-5,40,2.5514762e+14,0.000000
9,5,30,2.523963e+14,0.000000
10,-6,34,2.457701e+14,0.000000
8,6,26,2.4397507e+14,0.000000
7,5,37,2.4299593e+14,0.000000
10,-5,53,2.4289784e+14,0.000000
6,6,31,2.4107007e+14,0.000000
8,-7,25,2.3682488e+14,0.000000
7,-6,46,2.3368146e+14,0.000000
6,5,37,2.2458196e+14,0.000000
10,-3,46,2.2071923e+14,0.000000
9,-7,31,2.1784094e+14,0.000000
7,6,23,2.1284275e+14,0.000000
9,-6,37,2.113033e+14,0.000000
8,-8,25,1.9984545e+14,0.000000
10,4,39,1.9727945e+14,0.000000
10,5,15,1.9694817e+14,0.000000
10,-8,52,1.9421874e+14,0.000000
5,5,43,1.9369279e+14,0.000000
10,3,46,1.9362594e+14,0.000000
9,-4,53,1.9051299e+14,0.000000
10,5,16,1.8976596e+14,0.000000
10,5,14,1.87919e+14,0.000000
8,-5,55,1.8750545e+14,0.000000
8,5,25,1.869118e+14,0.000000
7,4,45,1.8687307e+14,0.000000
7,5,38,1.8384622e+14,0.000000
10,9,9,1.8297294e+14,0.000000
10,-6,53,1.8010763e+14,0.000000
9,-4,55,1.7940312e+14,0.000000
5,4,46,1.7627179e+14,0.000000
8,8,10,1.7471625e+14,0.000000
10,-5,51,1.7120659e+14,0.000000
10,-3,47,1.7112353e+14,0.000000
10,5,17,1.7079044e+14,0.000000
9,4,40,1.707199e+14,0.000000
8,4,48,1.6589839e+14,0.000000
10,5,13,1.6076617e+14,0.000000
7,-6,52,1.5863953e+14,0.000000
8,6,27,1.5794883e+14,0.000000
7,-7,35,1.5196513e+14,0.000000
10,4,40,1.5127998e+14,0.000000
8,-6,54,1.4862434e+14,0.000000
10,3,47,1.4814965e+14,0.000000
10,-6,35,1.4653283e+14,0.000000
6,5,38,1.4641472e+14,0.000000
8,-7,26,1.4600151e+14,0.000000
10,-5,33,1.4583735e+14,0.000000
10,5,18,1.4512046e+14,0.000000
10,-6,36,1.4485817e+14,0.000000
7,-6,47,1.4275436e+14,0.000000
9,-6,38,1.403941e+14,0.000000
7,6,24,1.3765274e+14,0.000000
6,6,32,1.360861e+14,0.000000
9,-7,32,1.3591709e+14,0.000000
5,4,47,1.3483378e+14,0.000000
9,-7,55,1.3476931e+14,0.000000
7,5,39,1.3417575e+14,0.000000
9,5,31,1.3106769e+14,0.000000
10,-3,48,1.2679663e+14,0.000000
5,4,55,1.2561361e+14,0.000000
8,-8,26,1.2396673e+14,0.000000
5,4,54,1.2045062e+14,0.000000
5,4,48,1.2012469e+14,0.000000
8,-6,53,1.1963968e+14,0.000000
10,5,12,1.1817683e+14,0.000000
5,5,44,1.1741809e+14,0.000000
10,5,19,1.1730442e+14,0.000000
10,-4,6,1.166874e+14,0.000000
5,4,53,1.1615766e+14,0.000000
7,-7,51,1.1563118e+14,0.000000
5,4,49,1.1454989e+14,0.000000
5,4,52,1.1321642e+14,0.000000
5,4,50,1.1231298e+14,0.000000
5,4,51,1.1188954e+14,0.000000
7,7,11,1.0892215e+14,0.000000
10,3,48,1.0838187e+14,0.000000
9,4,41,1.0725786e+14,0.000000
8,5,26,1.0613907e+14,0.000000
10,-8,11,1.0290533e+14,0.000000
8,4,49,1.0269236e+14,0.000000
10,3,4,1.0198928e+14,0.000000
7,4,46,1.0133726e+14,0.000000
8,6,28,1.0116658e+14,0.000000
7,7,12,1.0036039e+14,0.000000
7,5,40,9.7628187e+13,0.000000
9,-6,39,9.7097396e+13,0.000000
10,-3,49,9.6411069e+13,0.000000
6,5,39,9.5320024e+13,0.000000
10,5,20,9.0721168e+13,0.000000
7,7,13,8.9707315e+13,0.000000
10,-6,38,8.8499111e+13,0.000000
8,-7,27,8.848701e+13,0.000000
7,6,25,8.7883581e+13,0.000000
7,-6,48,8.7049762e+13,0.000000
10,4,41,8.4956967e+13,0.000000
10,-7,51,8.3771505e+13,0.000000
8,4,50,8.174328e+13,0.000000
10,3,49,8.1398019e+13,0.000000
10,-5,34,7.787069e+13,0.000000
8,-8,27,7.7122911e+13,0.000000
6,6,33,7.6714219e+13,0.000000
7,7,14,7.5801836e+13,0.000000
9,-7,33,7.5403547e+13,0.000000
10,-3,50,7.2494421e+13,0.000000
5,5,45,7.1050387e+13,0.000000
9,9,10,6.9977298e+13,0.000000
7,5,41,6.9883149e+13,0.000000
10,-6,37,6.900863e+13,0.000000
10,5,11,6.8866374e+13,0.000000
9,5,32,6.8228642e+13,0.000000
10,4,42,6.8198791e+13,0.000000
10,5,21,6.7429727e+13,0.000000
8,5,27,6.6648373e+13,0.000000
9,4,42,6.5315909e+13,0.000000
9,-7,53,6.5108931e+13,0.000000
8,6,29,6.4524309e+13,0.000000
9,-6,40,6.3341161e+13,0.000000
6,5,40,6.194047e+13,0.000000
7,4,47,6.1442771e+13,0.000000
7,7,15,6.0474413e+13,0.000000
7,-7,36,6.0415418e+13,0.000000
10,3,50,5.9223565e+13,0.000000
7,6,26,5.550348e+13,0.000000
8,4,51,5.4818437e+13,0.000000
7,-6,49,5.41528e+13,0.000000
10,-6,40,5.4115073e+13,0.000000
8,-7,28,5.2590293e+13,0.000000
10,-3,51,5.2466891e+13,0.000000
9,-7,34,4.9707962e+13,0.000000
7,5,42,4.8565704e+13,0.000000
10,5,22,4.8346464e+13,0.000000
8,-8,28,4.7787516e+13,0.000000
8,5,28,4.7389502e+13,0.000000
7,7,16,4.5751401e+13,0.000000
8,4,52,4.5618772e+13,0.000000
9,-1,1,4.43528e+13,0.000000
9,-6,41,4.3871234e+13,0.000000
7,4,48,4.3369529e+13,0.000000
6,6,34,4.3366341e+13,0.000000
5,5,46,4.3016368e+13,0.000000
10,3,51,4.2987629e+13,0.000000
10,-7,16,4.2216035e+13,0.000000
10,6,8,4.1992336e+13,0.000000
10,-5,55,4.185025e+13,0.000000
10,-7,17,4.0970769e+13,0.000000
8,6,30,4.069142e+13,0.000000
10,-3,52,4.0555892e+13,0.000000
6,5,41,4.0171059e+13,0.000000
9,4,43,4.0168067e+13,0.000000
10,-7,15,3.9358e+13,0.000000
9,2,3,3.8894725e+13,0.000000
10,-5,35,3.8221982e+13,0.000000
10,4,43,3.8191929e+13,0.000000
8,4,53,3.7359621e+13,0.000000
8,5,29,3.7213467e+13,0.000000
10,-6,42,3.7175604e+13,0.000000
10,-7,18,3.6918174e+13,0.000000
7,-6,50,3.6521399e+13,0.000000
9,-7,49,3.5563609e+13,0.000000
7,4,49,3.5299983e+13,0.000000
7,6,27,3.4730085e+13,0.000000
7,5,43,3.4623227e+13,0.000000
10,5,23,3.3536972e+13,0.000000
7,7,17,3.3009929e+13,0.000000
8,4,54,3.2381535e+13,0.000000
9,5,33,3.2360602e+13,0.000000
10,-7,14,3.184042e+13,0.000000
10,-3,53,3.172856e+13,0.000000
10,3,52,3.1614927e+13,0.000000
10,-7,19,3.141982e+13,0.000000
7,4,50,3.1138991e+13,0.000000
8,5,30,3.0977855e+13,0.000000
8,-7,29,3.0780263e+13,0.000000
10,4,44,2.9954417e+13,0.000000
8,-8,29,2.9890363e+13,0.000000
8,4,55,2.9670458e+13,0.000000
10,-5,50,2.8907629e+13,0.000000
7,4,51,2.8171126e+13,0.000000
7,-7,37,2.7856215e+13,0.000000
9,-6,42,2.7473476e+13,0.000000
10,5,10,2.6512185e+13,0.000000
5,5,47,2.626509e+13,0.000000
8,5,31,2.6120426e+13,0.000000
6,5,42,2.6005774e+13,0.000000
10,-6,44,2.5836624e+13,0.000000
8,6,31,2.5735625e+13,0.000000
10,-7,20,2.5558485e+13,0.000000
7,4,52,2.5318618e+13,0.000000
10,-7,54,2.5121155e+13,0.000000
6,6,35,2.4478166e+13,0.000000
9,-7,35,2.4287388e+13,0.000000
9,4,44,2.3764363e+13,0.000000
7,5,44,2.3433582e+13,0.000000
10,3,53,2.3206348e+13,0.000000
10,-10,13,2.2997027e+13,0.000000
7,7,18,2.2836869e+13,0.000000
10,5,24,2.2569608e+13,0.000000
7,4,53,2.2294652e+13,0.000000
10,-6,48,2.2202091e+13,0.000000
8,5,32,2.2004276e+13,0.000000
7,-6,51,2.1939245e+13,0.000000
7,6,28,2.1569906e+13,0.000000
10,-3,54,2.151032e+13,0.000000
10,10,10,2.0822731e+13,0.000000
10,-7,13,2.0730329e+13,0.000000
10,-5,36,2.0278463e+13,0.000000
10,6,12,2.0085649e+13,0.000000
10,-7,21,2.0042384e+13,0.000000
9,-6,43,1.9935794e+13,0.000000
10,-6,46,1.9438313e+13,0.000000
10,-6,47,1.9357497e+13,0.000000
7,4,54,1.9204461e+13,0.000000
10,6,13,1.8782849e+13,0.000000
8,-8,30,1.8454437e+13,0.000000
9,-7,36,1.8426652e+13,0.000000
8,5,33,1.8161267e+13,0.000000
10,4,45,1.7971944e+13,0.000000
9,-8,54,1.7945389e+13,0.000000
7,-7,55,1.776596e+13,0.000000
8,-7,30,1.7535197e+13,0.000000
6,5,43,1.6791161e+13,0.000000
7,5,45,1.6751493e+13,0.000000
10,3,54,1.6703305e+13,0.000000
7,4,55,1.6125814e+13,0.000000
10,6,11,1.6112515e+13,0.000000
5,5,48,1.6042621e+13,0.000000
9,5,34,1.6017645e+13,0.000000
8,6,32,1.6002788e+13,0.000000
10,-7,10,1.5506059e+13,0.000000
10,-7,22,1.5248818e+13,0.000000
7,7,19,1.5218761e+13,0.000000
10,6,14,1.4880602e+13,0.000000
8,5,34,1.4827347e+13,0.000000
10,5,25,1.4757975e+13,0.000000
10,-3,55,1.4717175e+13,0.000000
7,-7,53,1.4368829e+13,0.000000
9,4,45,1.4265692e+13,0.000000
6,6,36,1.3857932e+13,0.000000
10,-6,41,1.3308419e+13,0.000000
7,6,29,1.3307749e+13,0.000000
9,6,16,1.2995335e+13,0.000000
10,-3,5,1.2916788e+13,0.000000
9,6,17,1.2599852e+13,0.000000
9,6,15,1.2407962e+13,0.000000
10,4,46,1.2327895e+13,0.000000
9,-6,44,1.1832632e+13,0.000000
8,5,35,1.178657e+13,0.000000
8,-8,31,1.1688586e+13,0.000000
10,-6,43,1.1543401e+13,0.000000
9,6,18,1.1508378e+13,0.000000
10,3,55,1.1493521e+13,0.000000
10,-5,37,1.1348603e+13,0.000000
10,-7,23,1.130894e+13,0.000000
10,5,7,1.0986999e+13,0.000000
7,5,46,1.0920488e+13,0.000000
6,5,44,1.0821153e+13,0.000000
9,6,14,1.0662617e+13,0.000000
10,6,15,1.051432e+13,0.000000
8,6,33,1.0101921e+13,0.000000
9,6,19,1.0016455e+13,0.000000
5,5,49,1.0007029e+13,0.000000
8,-7,31,9.8830447e+12,0.000000
7,7,20,9.8058705e+12,0.000000
7,-6,53,9.4888137e+12,0.000000
10,5,26,9.4008659e+12,0.000000
10,-6,45,9.3884225e+12,0.000000
8,5,36,9.3149997e+12,0.000000
10,-9,12,9.3069267e+12,0.000000
10,-7,12,9.2345459e+12,0.000000
10,-8,51,9.0040692e+12,0.000000
10,-8,53,8.8639265e+12,0.000000
9,-6,45,8.6192106e+12,0.000000
9,6,20,8.3738314e+12,0.000000
7,-7,38,8.2678287e+12,0.000000
10,-7,24,8.2078743e+12,0.000000
9,4,46,8.1781299e+12,0.000000
7,6,30,8.1712045e+12,0.000000
7,-6,54,8.0750367e+12,0.000000
7,5,47,7.8851971e+12,0.000000
9,6,13,7.8529136e+12,0.000000
6,6,37,7.8430885e+12,0.000000
10,4,48,7.7345931e+12,0.000000
8,5,37,7.1730321e+12,0.000000
8,-8,32,7.1194739e+12,0.000000
9,-7,38,7.060197e+12,0.000000
6,5,45,6.9545629e+12,0.000000
9,-7,37,6.8723976e+12,0.000000
10,6,16,6.8181207e+12,0.000000
10,-5,39,6.7942963e+12,0.000000
9,6,21,6.7640966e+12,0.000000
9,5,35,6.4584851e+12,0.000000
10,6,10,6.4535368e+12,0.000000
10,4,47,6.3665106e+12,0.000000
10,-5,41,6.361641e+12,0.000000
10,-5,38,6.3599913e+12,0.000000
7,-6,55,6.3134974e+12,0.000000
5,5,50,6.2945794e+12,0.000000
8,6,34,6.1817614e+12,0.000000
10,-6,39,6.1592973e+12,0.000000
7,7,21,6.1278826e+12,0.000000
10,-5,45,6.1125026e+12,0.000000
10,-5,43,5.9723565e+12,0.000000
10,-7,25,5.8439349e+12,0.000000
10,5,27,5.8264706e+12,0.000000
10,-8,13,5.7884918e+12,0.000000
8,5,38,5.5208659e+12,0.000000
8,-7,32,5.3549991e+12,0.000000
9,6,22,5.3033833e+12,0.000000
9,-6,55,5.1032046e+12,0.000000
7,5,48,5.0912839e+12,0.000000
9,7,14,5.036441e+12,0.000000
9,7,15,5.0273444e+12,0.000000
7,6,31,4.9919598e+12,0.000000
9,-6,46,4.8952763e+12,0.000000
9,4,47,4.7660209e+12,0.000000
8,-8,33,4.6412857e+12,0.000000
10,-8,12,4.5686126e+12,0.000000
10,-8,14,4.5264766e+12,0.000000
9,7,16,4.5227452e+12,0.000000
9,6,12,4.5116367e+12,0.000000
10,-5,40,4.4992187e+12,0.000000
6,5,46,4.4634101e+12,0.000000
6,6,38,4.4559131e+12,0.000000
10,-5,47,4.3743343e+12,0.000000
10,3,5,4.373798e+12,0.000000
9,7,13,4.2951444e+12,0.000000
9,-9,13,4.1802348e+12,0.000000
10,6,17,4.1636642e+12,0.000000
9,8,10,4.1510394e+12,0.000000
8,7,10,4.1481838e+12,0.000000
8,5,39,4.1455948e+12,0.000000
5,5,51,4.1245753e+12,0.000000
10,4,50,4.1210556e+12,0.000000
10,7,9,4.1135715e+12,0.000000
10,-7,26,4.0945662e+12,0.000000
9,6,23,4.051849e+12,0.000000
9,-6,51,4.0282737e+12,0.000000
8,6,35,3.9173137e+12,0.000000
7,5,49,3.835555e+12,0.000000
9,-8,16,3.8331982e+12,0.000000
9,7,17,3.7776939e+12,0.000000
7,7,22,3.7229685e+12,0.000000
10,5,9,3.711325e+12,0.000000
9,-8,17,3.6709948e+12,0.000000
10,-5,52,3.6646821e+12,0.000000
9,-6,47,3.6611775e+12,0.000000
10,-5,49,3.6250696e+12,0.000000
10,-5,44,3.5883697e+12,0.000000
10,5,28,3.5304522e+12,0.000000
10,-5,42,3.4916598e+12,0.000000
9,-8,15,3.4880522e+12,0.000000
10,4,49,3.4560173e+12,0.000000
10,-5,48,3.455462e+12,0.000000
10,-8,55,3.3904333e+12,0.000000
7,-7,39,3.2203692e+12,0.000000
10,-5,54,3.217987e+12,0.000000
9,-8,18,3.2087917e+12,0.000000
8,5,40,3.1165631e+12,0.000000
7,6,32,3.041091e+12,0.000000
9,6,24,3.0259362e+12,0.000000
10,4,6,3.0054808e+12,0.000000
9,7,18,2.9807893e+12,0.000000
10,-8,15,2.969731e+12,0.000000
9,5,36,2.9584243e+12,0.000000
10,-5,46,2.9215684e+12,0.000000
9,-2,3,2.8735567e+12,0.000000
6,5,47,2.8593903e+12,0.000000
8,-7,33,2.8443814e+12,0.000000
10,-7,27,2.8219513e+12,0.000000
5,5,52,2.7606917e+12,0.000000
9,7,12,2.734628e+12,0.000000
8,-8,34,2.7175068e+12,0.000000
7,-7,52,2.6680095e+12,0.000000
9,-8,19,2.6326942e+12,0.000000
9,4,48,2.6207504e+12,0.000000
7,5,50,2.6073626e+12,0.000000
9,-8,14,2.5429501e+12,0.000000
6,6,39,2.536694e+12,0.000000
9,-7,40,2.5184636e+12,0.000000
10,6,18,2.490851e+12,0.000000
8,6,36,2.3559397e+12,0.000000
9,-6,49,2.3301387e+12,0.000000
8,5,41,2.2961377e+12,0.000000
10,-8,50,2.2527697e+12,0.000000
9,7,19,2.2462093e+12,0.000000
9,-6,48,2.2360377e+12,0.000000
9,6,25,2.2159813e+12,0.000000
7,7,23,2.2044079e+12,0.000000
10,-3,4,2.146082e+12,0.000000
10,5,29,2.0742994e+12,0.000000
9,-8,20,2.0647072e+12,0.000000
7,5,51,2.0293108e+12,0.000000
10,9,10,2.0275122e+12,0.000000
10,8,10,2.005762e+12,0.000000
7,-7,49,1.9507468e+12,0.000000
5,5,53,1.946179e+12,0.000000
10,-7,28,1.9251443e+12,0.000000
8,-8,35,1.8868688e+12,0.000000
7,6,33,1.8447869e+12,0.000000
6,5,48,1.8316243e+12,0.000000
10,-8,16,1.8220085e+12,0.000000
9,-9,16,1.7934299e+12,0.000000
9,-9,15,1.7678539e+12,0.000000
9,-7,50,1.7448226e+12,0.000000
8,5,42,1.703656e+12,0.000000
10,-7,11,1.7034815e+12,0.000000
9,-7,39,1.6756642e+12,0.000000
9,-7,47,1.6562945e+12,0.000000
9,6,11,1.6370425e+12,0.000000
9,7,20,1.6284986e+12,0.000000
9,-9,17,1.612507e+12,0.000000
9,6,26,1.594676e+12,0.000000
9,-8,21,1.5774728e+12,0.000000
8,-8,52,1.5770261e+12,0.000000
10,6,19,1.5606932e+12,0.000000
9,-6,54,1.5556391e+12,0.000000
7,5,52,1.5384545e+12,0.000000
9,4,49,1.5125561e+12,0.000000
8,6,37,1.5067486e+12,0.000000
9,-7,42,1.4998903e+12,0.000000
7,-7,50,1.4978331e+12,0.000000
7,-7,47,1.4574348e+12,0.000000
6,6,40,1.4486949e+12,0.000000
9,-9,14,1.4476886e+12,0.000000
9,-6,53,1.4418534e+12,0.000000
8,-7,34,1.4363128e+12,0.000000
5,5,54,1.409925e+12,0.000000
9,-7,44,1.3995768e+12,0.000000
8,-8,53,1.381618e+12,0.000000
9,7,10,1.3673664e+12,0.000000
9,-9,18,1.3414453e+12,0.000000
7,-7,48,1.3249224e+12,0.000000
10,4,51,1.3065512e+12,0.000000
10,-7,49,1.2996022e+12,0.000000
9,6,9,1.297573e+12,0.000000
10,-7,29,1.287073e+12,0.000000
7,7,24,1.2738277e+12,0.000000
7,-7,45,1.2714625e+12,0.000000
9,-8,12,1.2473871e+12,0.000000
9,-8,13,1.2407346e+12,0.000000
8,5,43,1.2346037e+12,0.000000
7,5,53,1.2248481e+12,0.000000
9,-6,50,1.2090528e+12,0.000000
10,5,30,1.1943863e+12,0.000000
6,5,49,1.1747681e+12,0.000000
9,-8,22,1.1599768e+12,0.000000
9,7,21,1.1418692e+12,0.000000
9,6,27,1.131274e+12,0.000000
7,6,34,1.1173884e+12,0.000000
10,6,20,1.1080664e+12,0.000000
10,-8,17,1.1037076e+12,0.000000
7,-7,46,1.0978392e+12,0.000000
9,-7,48,1.0898457e+12,0.000000
5,5,55,1.0646263e+12,0.000000
7,5,54,1.0535155e+12,0.000000
9,-9,19,1.0330158e+12,0.000000
8,-8,36,1.0199061e+12,0.000000
9,-7,46,1.0189141e+12,0.000000
9,-7,52,9.90703e+11,0.000000
10,4,54,9.7648195e+11,0.000000
7,5,55,9.6133679e+11,0.000000
8,8,11,9.2344393e+11,0.000000
10,6,21,9.1574024e+11,0.000000
9,4,50,8.9921103e+11,0.000000
8,5,44,8.9854184e+11,0.000000
9,5,37,8.9065531e+11,0.000000
8,6,38,8.8190276e+11,0.000000
7,-7,44,8.6608841e+11,0.000000
10,-7,30,8.6438185e+11,0.000000
7,-7,43,8.5755203e+11,0.000000
9,7,11,8.4340864e+11,0.000000
9,-8,23,8.4152144e+11,0.000000
10,6,22,8.366028e+11,0.000000
6,6,41,8.3539348e+11,0.000000
8,-8,37,7.9411762e+11,0.000000
9,6,28,7.9138626e+11,0.000000
10,6,23,7.8597637e+11,0.000000
9,7,22,7.7763581e+11,0.000000
9,-9,20,7.5847861e+11,0.000000
6,5,50,7.561323e+11,0.000000
10,6,24,7.2866118e+11,0.000000
7,7,25,7.2023135e+11,0.000000
8,-7,35,7.1261237e+11,0.000000
10,-8,18,6.8660243e+11,0.000000
7,6,35,6.737951e+11,0.000000
10,5,31,6.6496232e+11,0.000000
10,6,25,6.5154023e+11,0.000000
8,5,45,6.4350512e+11,0.000000
9,9,11,6.023758e+11,0.000000
9,-8,24,6.0193802e+11,0.000000
8,6,39,5.7562103e+11,0.000000
10,6,26,5.6483623e+11,0.000000
9,-7,43,5.6277146e+11,0.000000
9,4,51,5.6262038e+11,0.000000
10,-7,31,5.5721863e+11,0.000000
9,6,29,5.4872217e+11,0.000000
9,-9,21,5.3464662e+11,0.000000
7,-7,42,5.3306259e+11,0.000000
9,7,23,5.1591096e+11,0.000000
6,5,51,4.911198e+11,0.000000
6,6,42,4.8104692e+11,0.000000
10,6,27,4.6844848e+11,0.000000
8,5,46,4.6123398e+11,0.000000
10,-8,19,4.5319457e+11,0.000000
10,5,8,4.4958846e+11,0.000000
7,-7,40,4.4460301e+11,0.000000
9,-8,25,4.2599669e+11,0.000000
9,4,52,4.1686135e+11,0.000000
7,6,36,4.0631725e+11,0.000000
8,-8,51,4.0361045e+11,0.000000
7,7,26,3.9831176e+11,0.000000
10,6,28,3.8304479e+11,0.000000
8,-8,38,3.7654887e+11,0.000000
9,6,30,3.7546954e+11,0.000000
10,-7,32,3.7027976e+11,0.000000
9,-9,22,3.6699917e+11,0.000000
9,5,38,3.6578209e+11,0.000000
10,5,32,3.6159465e+11,0.000000
7,-7,41,3.50173e+11,0.000000
8,-8,39,3.4329294e+11,0.000000
10,-8,49,3.3686018e+11,0.000000
9,4,53,3.3599229e+11,0.000000
9,7,24,3.3463218e+11,0.000000
9,4,55,3.3128391e+11,0.000000
8,5,47,3.2900199e+11,0.000000
8,6,40,3.2785886e+11,0.000000
10,-8,20,3.2370827e+11,0.000000
6,5,52,3.2277211e+11,0.000000
9,4,54,3.1841762e+11,0.000000
8,-7,36,3.0741839e+11,0.000000
9,-8,26,2.9853997e+11,0.000000
10,6,29,2.9607194e+11,0.000000
6,6,43,2.8812286e+11,0.000000
10,4,53,2.8677237e+11,0.000000
9,5,43,2.7313306e+11,0.000000
9,6,31,2.5622839e+11,0.000000
10,-8,21,2.5285418e+11,0.000000
10,4,55,2.5240519e+11,0.000000
9,-9,23,2.4677784e+11,0.000000
9,5,41,2.4547496e+11,0.000000
7,6,37,2.4372389e+11,0.000000
9,5,44,2.4370302e+11,0.000000
9,5,46,2.4177984e+11,0.000000
10,10,11,2.3956875e+11,0.000000
10,6,30,2.3491826e+11,0.000000
9,6,10,2.3421612e+11,0.000000
8,5,48,2.3226346e+11,0.000000
10,-7,33,2.3208003e+11,0.000000
8,-8,55,2.2480164e+11,0.000000
9,5,45,2.2208484e+11,0.000000
9,-7,41,2.2203437e+11,0.000000
6,5,53,2.1692606e+11,0.000000
8,-7,51,2.1648139e+11,0.000000
7,7,27,2.1633175e+11,0.000000
8,6,41,2.1380895e+11,0.000000
9,7,25,2.1246232e+11,0.000000
9,5,42,2.0936e+11,0.000000
9,-8,27,2.0794447e+11,0.000000
10,-8,22,2.0359303e+11,0.000000
8,-7,54,1.95305e+11,0.000000
10,5,33,1.8809531e+11,0.000000
9,6,32,1.7230144e+11,0.000000
6,6,44,1.7138416e+11,0.000000
10,-8,23,1.7043381e+11,0.000000
10,6,31,1.6880101e+11,0.000000
9,5,39,1.6724574e+11,0.000000
10,-10,14,1.6407045e+11,0.000000
8,5,49,1.6240695e+11,0.000000
9,-9,24,1.6224875e+11,0.000000
8,-8,41,1.5729964e+11,0.000000
9,-9,51,1.5594868e+11,0.000000
10,-7,34,1.5175585e+11,0.000000
9,-9,50,1.504047e+11,0.000000
10,-7,52,1.5033556e+11,0.000000
6,5,54,1.4920215e+11,0.000000
9,5,47,1.4726021e+11,0.000000
10,-8,48,1.4724291e+11,0.000000
10,4,52,1.4675764e+11,0.000000
7,6,38,1.4628189e+11,0.000000
10,-8,24,1.444524e+11,0.000000
9,-8,28,1.4365794e+11,0.000000
8,-7,37,1.4027253e+11,0.000000
9,5,48,1.3980788e+11,0.000000
10,6,32,1.3492976e+11,0.000000
9,7,26,1.326966e+11,0.000000
10,6,9,1.299819e+11,0.000000
8,-8,40,1.2485891e+11,0.000000
8,6,42,1.22386e+11,0.000000
10,-8,25,1.212646e+11,0.000000
9,6,33,1.1620392e+11,0.000000
7,7,28,1.1487342e+11,0.000000
8,5,50,1.1271332e+11,0.000000
6,6,45,1.0875796e+11,0.000000
6,5,55,1.0569973e+11,0.000000
9,-9,25,1.0521319e+11,0.000000
10,-8,26,1.0170993e+11,0.000000
9,-8,29,9.9224177e+10,0.000000
9,5,40,9.9060048e+10,0.000000
9,5,49,9.8351378e+10,0.000000
10,5,34,9.775213e+10,0.000000
9,-7,45,9.6054447e+10,0.000000
9,-9,54,9.2522898e+10,0.000000
10,-7,35,8.851038e+10,0.000000
10,6,33,8.8448635e+10,0.000000
7,6,39,8.7228134e+10,0.000000
8,-7,53,8.6370002e+10,0.000000
10,-8,27,8.2299119e+10,0.000000
10,-10,55,8.200164e+10,0.000000
9,7,27,8.1268322e+10,0.000000
9,5,50,8.0484366e+10,0.000000
8,5,51,7.7948326e+10,0.000000
9,6,34,7.7044496e+10,0.000000
8,6,43,7.6120182e+10,0.000000
10,-7,55,7.48236e+10,0.000000
10,6,34,7.4546767e+10,0.000000
9,5,52,7.428751e+10,0.000000
8,7,15,7.2097151e+10,0.000000
10,-8,47,7.1763697e+10,0.000000
8,-7,55,7.1053767e+10,0.000000
8,7,16,7.0050887e+10,0.000000
6,6,46,6.9808777e+10,0.000000
8,-7,49,6.9064095e+10,0.000000
10,-8,28,6.8351376e+10,0.000000
9,-8,30,6.7577447e+10,0.000000
8,8,15,6.7559161e+10,0.000000
8,7,14,6.7494196e+10,0.000000
9,-9,26,6.7467133e+10,0.000000
8,-8,43,6.6613335e+10,0.000000
8,8,14,6.5766613e+10,0.000000
8,7,17,6.3021152e+10,0.000000
10,-7,36,6.2803507e+10,0.000000
7,7,29,6.013297e+10,0.000000
8,8,16,5.8846509e+10,0.000000
8,7,13,5.5787488e+10,0.000000
8,5,52,5.3291491e+10,0.000000
8,7,18,5.3127349e+10,0.000000
7,6,40,5.2117034e+10,0.000000
10,-8,29,5.172228e+10,0.000000
9,6,35,5.1700978e+10,0.000000
8,-7,38,5.0798322e+10,0.000000
9,-9,53,4.972323e+10,0.000000
6,6,47,4.9415943e+10,0.000000
9,7,28,4.937743e+10,0.000000
8,8,13,4.6761434e+10,0.000000
10,5,35,4.6761226e+10,0.000000
8,6,44,4.6692103e+10,0.000000
9,-8,31,4.6679442e+10,0.000000
8,8,17,4.6406115e+10,0.000000
10,-8,30,4.4726741e+10,0.000000
9,5,55,4.3655584e+10,0.000000
10,6,35,4.2795165e+10,0.000000
9,-9,27,4.2639779e+10,0.000000
8,7,19,4.2335588e+10,0.000000
8,-8,42,4.1425186e+10,0.000000
10,6,36,4.0868693e+10,0.000000
10,-8,46,3.9331478e+10,0.000000
8,-8,50,3.9186575e+10,0.000000
8,7,12,3.8671489e+10,0.000000
9,5,51,3.8016654e+10,0.000000
8,5,53,3.7278817e+10,0.000000
8,-8,44,3.7110844e+10,0.000000
6,6,48,3.6635393e+10,0.000000
10,-8,44,3.5675005e+10,0.000000
8,8,18,3.4277421e+10,0.000000
9,6,36,3.3654332e+10,0.000000
9,5,54,3.3630327e+10,0.000000
8,-8,45,3.3230842e+10,0.000000
8,7,20,3.2105452e+10,0.000000
9,-8,32,3.1272429e+10,0.000000
10,-7,37,3.0976602e+10,0.000000
7,6,41,3.0947006e+10,0.000000
7,7,30,3.0600132e+10,0.000000
10,-8,31,2.9506513e+10,0.000000
10,-8,32,2.9364305e+10,0.000000
9,7,29,2.9263464e+10,0.000000
6,6,49,2.9105398e+10,0.000000
8,7,11,2.8562845e+10,0.000000
8,-7,50,2.8530693e+10,0.000000
10,2,3,2.8360133e+10,0.000000
9,5,53,2.7129933e+10,0.000000
8,-8,48,2.7051811e+10,0.000000
10,1,2,2.7022729e+10,0.000000
9,-9,28,2.6969154e+10,0.000000
8,6,45,2.6717479e+10,0.000000
10,-9,13,2.648564e+10,0.000000
8,-8,49,2.6193383e+10,0.000000
8,5,54,2.5479116e+10,0.000000
10,-7,38,2.5027163e+10,0.000000
6,6,50,2.4613083e+10,0.000000
10,-8,45,2.4450851e+10,0.000000
8,8,19,2.4180139e+10,0.000000
10,5,36,2.4166778e+10,0.000000
10,6,38,2.3298489e+10,0.000000
8,7,21,2.3297267e+10,0.000000
9,6,37,2.2539081e+10,0.000000
9,-8,33,2.1717165e+10,0.000000
6,6,51,2.1390489e+10,0.000000
10,-8,40,2.1019559e+10,0.000000
10,-8,34,2.0964642e+10,0.000000
10,-8,42,2.0599044e+10,0.000000
8,6,46,1.9477635e+10,0.000000
8,-7,44,1.9381921e+10,0.000000
6,6,52,1.9269886e+10,0.000000
10,6,37,1.8757124e+10,0.000000
7,6,42,1.839875e+10,0.000000
8,-7,39,1.8335932e+10,0.000000
10,1,1,1.8237104e+10,0.000000
9,8,11,1.8055715e+10,0.000000
8,8,12,1.7910247e+10,0.000000
8,5,55,1.7628212e+10,0.000000
6,6,53,1.7608628e+10,0.000000
9,7,30,1.7529862e+10,0.000000
8,-8,46,1.7508491e+10,0.000000
10,-8,36,1.6667396e+10,0.000000
9,-9,29,1.6610505e+10,0.000000
8,8,20,1.6484376e+10,0.000000
9,-8,51,1.6399869e+10,0.000000
6,6,54,1.6334724e+10,0.000000
8,7,22,1.6247835e+10,0.000000
10,-8,38,1.6166537e+10,0.000000
8,-7,46,1.6070919e+10,0.000000
9,-9,55,1.6066591e+10,0.000000
10,9,11,1.5810762e+10,0.000000
8,-7,52,1.5722193e+10,0.000000
8,-7,45,1.5717327e+10,0.000000
10,-9,51,1.5693436e+10,0.000000
8,-7,42,1.5514055e+10,0.000000
7,7,31,1.5456542e+10,0.000000
6,6,55,1.5210947e+10,0.000000
8,-8,47,1.4874098e+10,0.000000
8,-7,40,1.4512331e+10,0.000000
9,6,38,1.4475388e+10,0.000000
10,-8,33,1.4450574e+10,0.000000
9,-8,34,1.4272347e+10,0.000000
10,-7,50,1.4155834e+10,0.000000
9,-9,49,1.4030259e+10,0.000000
8,-7,43,1.3859434e+10,0.000000
8,-7,47,1.3327927e+10,0.000000
10,6,40,1.3321552e+10,0.000000
10,5,37,1.3202213e+10,0.000000
10,-7,53,1.2059922e+10,0.000000
8,-7,48,1.2055208e+10,0.000000
10,-7,47,1.1133512e+10,0.000000
8,8,21,1.0944306e+10,0.000000
8,7,23,1.093335e+10,0.000000
7,6,43,1.0872763e+10,0.000000
10,-10,16,1.0677505e+10,0.000000
9,-9,30,1.0539818e+10,0.000000
9,-8,35,1.0061653e+10,0.000000
9,7,31,9.979536e+09,0.000000
10,7,10,9.833617e+09,0.000000
8,-7,41,9.7535384e+09,0.000000
9,6,39,9.6858229e+09,0.000000
10,-8,43,9.3348069e+09,0.000000
10,-7,39,9.0396133e+09,0.000000
10,6,42,8.5217084e+09,0.000000
8,6,47,8.2401834e+09,0.000000
10,-9,50,8.1168647e+09,0.000000
10,8,11,7.8448751e+09,0.000000
10,5,39,7.4552671e+09,0.000000
7,7,32,7.4445831e+09,0.000000
10,5,38,7.1875761e+09,0.000000
8,7,24,7.1200439e+09,0.000000
8,8,22,7.1125441e+09,0.000000
8,6,48,6.8490938e+09,0.000000
10,5,41,6.5837736e+09,0.000000
7,6,44,6.4236463e+09,0.000000
9,-8,36,6.3908867e+09,0.000000
9,-9,31,6.2223397e+09,0.000000
9,6,40,6.1167355e+09,0.000000
9,7,32,6.0148948e+09,0.000000
10,5,43,5.8724338e+09,0.000000
10,5,45,5.7246523e+09,0.000000
10,6,44,5.6090982e+09,0.000000
10,-8,35,5.5118321e+09,0.000000
9,-9,52,5.1568195e+09,0.000000
10,-10,51,4.8402572e+09,0.000000
10,5,40,4.7906493e+09,0.000000
9,-8,37,4.7367017e+09,0.000000
8,8,23,4.543048e+09,0.000000
8,7,25,4.5012351e+09,0.000000
10,-7,44,4.5004405e+09,0.000000
10,-7,42,4.2854383e+09,0.000000
10,7,17,4.137325e+09,0.000000
9,-9,32,4.1162801e+09,0.000000
9,6,41,4.1051299e+09,0.000000
10,-1,2,4.0303507e+09,0.000000
10,7,18,3.9817107e+09,0.000000
10,7,16,3.9610996e+09,0.000000
10,6,46,3.9502614e+09,0.000000
10,-10,53,3.8892016e+09,0.000000
10,5,47,3.8763364e+09,0.000000
7,6,45,3.8026689e+09,0.000000
9,9,12,3.6721936e+09,0.000000
7,7,33,3.6404917e+09,0.000000
10,7,19,3.5872239e+09,0.000000
10,-7,48,3.5517495e+09,0.000000
10,-7,41,3.5311306e+09,0.000000
10,5,42,3.5121557e+09,0.000000
10,5,44,3.4328698e+09,0.000000
10,7,15,3.4102393e+09,0.000000
10,6,48,3.3672775e+09,0.000000
9,7,33,3.2120229e+09,0.000000
10,6,41,3.1507001e+09,0.000000
10,7,20,3.0588754e+09,0.000000
10,-7,46,3.04824e+09,0.000000
8,6,50,2.9473687e+09,0.000000
10,6,47,2.8857186e+09,0.000000
8,8,24,2.8587352e+09,0.000000
10,6,49,2.7854414e+09,0.000000
9,-8,38,2.7820698e+09,0.000000
8,7,26,2.767073e+09,0.000000
10,5,46,2.6628694e+09,0.000000
9,-8,55,2.5699218e+09,0.000000
10,7,14,2.5361894e+09,0.000000
10,6,43,2.512374e+09,0.000000
9,6,42,2.4926628e+09,0.000000
10,7,21,2.4886388e+09,0.000000
10,5,49,2.4629123e+09,0.000000
9,-8,53,2.4228037e+09,0.000000
8,6,49,2.396669e+09,0.000000
10,-2,3,2.3434889e+09,0.000000
10,6,50,2.3198745e+09,0.000000
10,10,12,2.2913884e+09,0.000000
7,6,46,2.242855e+09,0.000000
9,-8,39,2.2118576e+09,0.000000
9,-9,33,2.1757442e+09,0.000000
9,7,34,2.0417598e+09,0.000000
10,7,22,1.9439501e+09,0.000000
10,6,45,1.9378472e+09,0.000000
10,5,48,1.9292699e+09,0.000000
10,-8,39,1.8419258e+09,0.000000
8,8,25,1.7786054e+09,0.000000
9,6,43,1.7555262e+09,0.000000
9,-9,34,1.6881946e+09,0.000000
8,7,27,1.6590804e+09,0.000000
10,-8,37,1.6375909e+09,0.000000
8,6,52,1.6165396e+09,0.000000
7,7,34,1.5983242e+09,0.000000
10,6,39,1.5486266e+09,0.000000
10,-9,18,1.5424284e+09,0.000000
10,5,51,1.5273742e+09,0.000000
10,-9,55,1.5159589e+09,0.000000
10,7,13,1.5139612e+09,0.000000
10,-7,43,1.4858599e+09,0.000000
10,7,23,1.465048e+09,0.000000
10,5,50,1.4360501e+09,0.000000
10,-7,40,1.3701004e+09,0.000000
7,6,47,1.3363266e+09,0.000000
9,-8,40,1.1794163e+09,0.000000
9,-8,41,1.1546939e+09,0.000000
10,-8,41,1.1112464e+09,0.000000
10,6,51,1.1055193e+09,0.000000
8,8,26,1.0940623e+09,0.000000
10,7,24,1.0701216e+09,0.000000
9,6,44,1.0120375e+09,0.000000
10,5,52,1.0076512e+09,0.000000
10,-10,15,9.9751338e+08,0.000000
10,-9,19,9.6963071e+08,0.000000
8,7,28,9.6897642e+08,0.000000
9,7,35,9.5812307e+08,0.000000
10,5,55,9.3407771e+08,0.000000
8,6,51,9.1947809e+08,0.000000
10,5,53,8.7833861e+08,0.000000
10,-10,54,8.0535174e+08,0.000000
7,6,48,7.904091e+08,0.000000
10,-10,17,7.7220185e+08,0.000000
10,7,25,7.5999857e+08,0.000000
7,7,35,7.5465522e+08,0.000000
9,-9,36,7.5240739e+08,0.000000
9,6,45,7.1648806e+08,0.000000
9,7,36,7.0094916e+08,0.000000
10,-9,20,6.9232543e+08,0.000000
9,-8,52,6.8072446e+08,0.000000
9,-9,35,6.7244059e+08,0.000000
10,-9,49,6.7063243e+08,0.000000
8,8,27,6.6936579e+08,0.000000
9,-8,50,6.4367914e+08,0.000000
10,-9,54,6.2830642e+08,0.000000
10,7,12,6.189003e+08,0.000000
9,-8,42,5.8553807e+08,0.000000
8,6,54,5.6809148e+08,0.000000
8,7,29,5.5425344e+08,0.000000
10,7,26,5.2698345e+08,0.000000
9,-8,43,5.2683864e+08,0.000000
9,-8,47,5.1457214e+08,0.000000
9,-9,48,4.9212685e+08,0.000000
10,-9,17,4.8672308e+08,0.000000
7,6,49,4.7927124e+08,0.000000
10,-9,53,4.6384819e+08,0.000000
9,-9,38,4.2673763e+08,0.000000
10,-9,21,4.1635618e+08,0.000000
9,-9,47,4.0804446e+08,0.000000
8,8,28,4.0496662e+08,0.000000
9,6,46,3.9582193e+08,0.000000
8,6,53,3.7366293e+08,0.000000
10,5,54,3.7113607e+08,0.000000
10,-1,1,3.7015145e+08,0.000000
9,-9,46,3.7010296e+08,0.000000
10,7,27,3.5696749e+08,0.000000
10,-9,23,3.5237306e+08,0.000000
10,-9,16,3.4668586e+08,0.000000
9,-8,45,3.2313799e+08,0.000000
10,-9,22,3.2132898e+08,0.000000
9,-9,40,3.2050222e+08,0.000000
8,7,30,3.0722802e+08,0.000000
7,6,50,2.8926629e+08,0.000000
7,7,36,2.8864648e+08,0.000000
9,6,47,2.8649842e+08,0.000000
9,-9,44,2.5414365e+08,0.000000
10,-7,45,2.5372504e+08,0.000000
9,7,37,2.5066992e+08,0.000000
9,7,38,2.4867335e+08,0.000000
9,-8,49,2.4677284e+08,0.000000
8,8,29,2.4590157e+08,0.000000
10,-9,52,2.4186035e+08,0.000000
10,7,28,2.3802184e+08,0.000000
8,6,55,2.365976e+08,0.000000
9,-9,45,2.3008737e+08,0.000000
10,-9,15,2.2588233e+08,0.000000
10,-9,24,1.958029e+08,0.000000
10,-10,52,1.8767619e+08,0.000000
7,6,51,1.8213629e+08,0.000000
9,-8,44,1.7985655e+08,0.000000
8,7,31,1.6791306e+08,0.000000
9,-9,37,1.5763782e+08,0.000000
9,6,48,1.5679764e+08,0.000000
10,7,29,1.5475181e+08,0.000000
10,-9,25,1.5080112e+08,0.000000
8,8,30,1.4665877e+08,0.000000
10,-9,14,1.4382091e+08,0.000000
10,-10,49,1.4226872e+08,0.000000
10,6,53,1.2900102e+08,0.000000
7,7,37,1.2830852e+08,0.000000
10,-10,18,1.2457284e+08,0.000000
10,6,55,1.1917871e+08,0.000000
9,6,49,1.1887187e+08,0.000000
10,6,52,1.180732e+08,0.000000
10,7,11,1.1773171e+08,0.000000
7,6,52,1.1417632e+08,0.000000
10,8,13,1.1382131e+08,0.000000
10,-9,26,1.0709574e+08,0.000000
10,8,14,1.0470773e+08,0.000000
10,7,30,1.0077323e+08,0.000000
10,8,12,92815821,0.000000
8,8,31,89439328,0.000000
8,7,32,87875580,0.000000
10,-10,50,86054213,0.000000
10,8,15,86038583,0.000000
9,7,40,82190563,0.000000
10,9,12,80915921,0.000000
10,-9,27,76802664,0.000000
7,6,53,75380284,0.000000
10,8,16,69525260,0.000000
9,8,17,67367846,0.000000
9,8,16,64829611,0.000000
9,8,18,63191232,0.000000
9,6,50,62959429,0.000000
10,7,31,62760844,0.000000
9,7,39,56431047,0.000000
10,6,54,56258633,0.000000
10,8,17,56054144,0.000000
9,8,19,55038567,0.000000
10,-9,28,54451423,0.000000
9,8,15,53711025,0.000000
7,6,54,52330133,0.000000
8,8,32,52276003,0.000000
9,8,12,47793511,0.000000
9,8,20,45310693,0.000000
9,7,42,45203858,0.000000
8,7,33,45123291,0.000000
10,8,18,44925336,0.000000
9,6,51,44625084,0.000000
10,-10,19,40691152,0.000000
10,7,32,40252514,0.000000
9,7,44,39497421,0.000000
7,6,55,37845628,0.000000
10,-9,29,37690044,0.000000
10,-10,21,36897899,0.000000
7,7,38,36624824,0.000000
10,8,19,35739329,0.000000
9,8,21,35680186,0.000000
9,-8,48,35393126,0.000000
9,8,14,35161133,0.000000
10,-10,48,35016981,0.000000
8,8,33,32675898,0.000000
10,-10,20,29482459,0.000000
10,8,20,28287271,0.000000
9,-8,46,27870335,0.000000
9,-9,41,27516049,0.000000
9,8,22,27104327,0.000000
9,-9,43,26922743,0.000000
9,6,52,26784752,0.000000
9,7,46,26691301,0.000000
10,-9,30,26370531,0.000000
9,7,47,25224211,0.000000
10,7,33,24286264,0.000000
9,-9,39,23698614,0.000000
9,7,48,22783986,0.000000
10,8,21,22351128,0.000000
8,7,34,21980867,0.000000
9,8,23,19990002,0.000000
9,7,50,18580335,0.000000
8,8,34,18292922,0.000000
10,8,22,17671232,0.000000
9,6,53,17583570,0.000000
10,-9,31,17455133,0.000000
9,9,13,16853872,0.000000
9,7,49,16798776,0.000000
10,-10,47,16569545,0.000000
10,10,13,15615972,0.000000
9,7,43,15541676,0.000000
10,7,34,15294207,0.000000
9,8,13,15170595,0.000000
9,-9,42,14548650,0.000000
9,8,24,14379328,0.000000
9,6,54,14028442,0.000000
10,8,23,13963592,0.000000
7,7,39,13757990,0.000000
10,-10,22,13201082,0.000000
10,-9,32,12408235,0.000000
8,8,35,12160033,0.000000
9,6,55,11750548,0.000000
10,8,24,11034630,0.000000
9,7,51,10722246,0.000000
8,7,35,10506488,0.000000
9,9,17,10262455,0.000000
9,8,25,10132249,0.000000
9,9,16,10082501,0.000000
10,-10,23,9702985.6,0.000000
9,9,18,9439940.3,0.000000
10,-10,46,9116180,0.000000
10,8,25,8631792.2,0.000000
9,9,15,8598801.2,0.000000
10,7,35,8574754.8,0.000000
9,9,19,8028751.8,0.000000
9,7,52,7644584.7,0.000000
10,-9,33,7588494.5,0.000000
9,8,26,7011584.3,0.000000
9,7,41,6855764.4,0.000000
10,8,26,6765361.2,0.000000
9,9,20,6413661.5,0.000000
10,-10,45,6402465,0.000000
8,8,36,6275821.5,0.000000
9,9,14,5878325.3,0.000000
10,7,36,5857661.2,0.000000
7,7,51,5774615.8,0.000000
10,-9,34,5754140.5,0.000000
10,-10,24,5698396.9,0.000000
7,7,49,5383940,0.000000
10,8,27,5144555.5,0.000000
9,9,21,4872583.3,0.000000
9,8,27,4785652.3,0.000000
10,-10,44,4756903.9,0.000000
7,7,53,4690445,0.000000
7,7,47,4688466.5,0.000000
8,8,37,4680222.8,0.000000
7,7,55,4452855.5,0.000000
7,7,45,4385153.6,0.000000
8,7,36,4368621.7,0.000000
7,7,54,4108434.2,0.000000
7,7,52,4093870.2,0.000000
10,8,28,4021214,0.000000
7,7,48,3979735.4,0.000000
10,-10,25,3748717.4,0.000000
7,7,50,3731329.7,0.000000
7,7,46,3646280.2,0.000000
9,9,22,3549155.1,0.000000
9,8,28,3218899.4,0.000000
10,-9,35,3216481.8,0.000000
7,7,43,3146607.5,0.000000
7,7,44,3072638.8,0.000000
10,8,29,2880529.3,0.000000
10,7,37,2775698.5,0.000000
10,-9,36,2675249.7,0.000000
9,7,45,2551037.9,0.000000
9,9,23,2492053.7,0.000000
10,-10,26,2458021.1,0.000000
10,8,30,2355955.1,0.000000
10,7,38,2161621.1,0.000000
9,8,29,2153401.4,0.000000
8,8,38,2119286.2,0.000000
10,-9,48,2055293.2,0.000000
7,7,42,2027601,0.000000
8,7,37,1916047.2,0.000000
8,8,39,1852378.3,0.000000
7,7,40,1822255.2,0.000000
9,7,55,1728165.6,0.000000
9,9,24,1695702.1,0.000000
10,8,50,1639373.5,0.000000
10,-9,38,1576514.3,0.000000
10,-9,46,1559539.5,0.000000
10,-10,27,1546562.9,0.000000
10,8,31,1476297,0.000000
10,8,48,1432687.6,0.000000
10,8,51,1428330.8,0.000000
9,8,30,1414186.3,0.000000
10,8,32,1394871.1,0.000000
7,7,41,1387938.7,0.000000
10,8,52,1335014.9,0.000000
10,8,47,1193776.3,0.000000
10,-9,37,1174925.1,0.000000
9,9,25,1120999.9,0.000000
9,7,54,1111140.8,0.000000
10,-10,28,1039805.9,0.000000
10,-9,40,1002458.4,0.000000
10,8,46,960247.13,0.000000
9,8,31,939230.05,0.000000
10,-9,47,923076.42,0.000000
10,8,44,921795.05,0.000000
10,8,34,903055.75,0.000000
10,8,54,799689.27,0.000000
8,8,41,774203.91,0.000000
10,7,39,748412.33,0.000000
10,8,53,742630.83,0.000000
9,9,26,725064.33,0.000000
10,8,49,705166.16,0.000000
10,8,40,674623.9,0.000000
8,7,38,666764.86,0.000000
10,-10,29,656982.57,0.000000
10,8,33,650933.66,0.000000
10,8,36,650395.91,0.000000
8,8,40,643596.04,0.000000
10,8,45,612378.2,0.000000
9,8,32,603244.44,0.000000
10,8,42,597208.16,0.000000
9,7,53,573463.69,0.000000
10,8,38,572472.15,0.000000
10,-9,45,559219.65,0.000000
10,-10,42,489801.99,0.000000
10,-10,30,489462.86,0.000000
10,-10,41,486039.52,0.000000
9,9,27,456946.5,0.000000
9,8,33,401325.78,0.000000
10,-9,39,342357.43,0.000000
10,-10,40,339294.7,0.000000
10,7,44,308880.86,0.000000
8,8,43,304123.98,0.000000
10,7,42,303775.5,0.000000
10,8,55,288849.49,0.000000
10,-10,43,286339.54,0.000000
9,9,28,285545.45,0.000000
10,-9,42,285413.38,0.000000
10,-10,32,275745.33,0.000000
10,7,41,269426.09,0.000000
10,8,43,261012.57,0.000000
10,-10,34,255923.16,0.000000
10,9,13,254790.22,0.000000
9,8,34,252066.35,0.000000
10,-10,31,237648.91,0.000000
8,7,39,232172.66,0.000000
10,-10,39,229013.28,0.000000
10,8,35,223914.06,0.000000
10,-9,44,214729.05,0.000000
8,7,44,205556.5,0.000000
8,8,42,194865.01,0.000000
10,-9,41,191682.88,0.000000
10,7,46,191291.86,0.000000
10,-10,38,184158.75,0.000000
10,7,47,181547.39,0.000000
8,7,42,175820.51,0.000000
9,9,29,172200.53,0.000000
9,8,35,170019.63,0.000000
8,7,40,165331.66,0.000000
8,8,44,161218.24,0.000000
8,7,45,161169.9,0.000000
8,7,46,159740.61,0.000000
8,7,43,151749.36,0.000000
10,7,48,147045.8,0.000000
8,8,45,140194.87,0.000000
8,7,47,119145.96,0.000000
8,7,41,114451.48,0.000000
8,7,48,107346.68,0.000000
10,7,51,106536.47,0.000000
9,9,30,106362.62,0.000000
10,7,40,105696.61,0.000000
9,8,36,103137.76,0.000000
10,7,50,99528.886,0.000000
10,-10,37,97453.158,0.000000
10,7,43,92680.538,0.000000
10,7,52,75771.565,0.000000
8,8,48,73128.172,0.000000
9,8,37,73120.987,0.000000
10,10,14,71725.113,0.000000
8,7,50,70949.345,0.000000
8,8,46,70283.461,0.000000
10,-10,36,69999.794,0.000000
8,8,50,68514.688,0.000000
10,-10,33,64730.437,0.000000
9,9,31,60651.604,0.000000
10,8,37,58423.651,0.000000
8,7,49,57385.934,0.000000
10,8,39,55394.005,0.000000
8,7,51,51540.423,0.000000
8,8,47,50000.05,0.000000
10,-9,43,49411.005,0.000000
9,8,38,41060.494,0.000000
9,9,32,38703.372,0.000000
10,-10,35,36624.491,0.000000
8,7,52,34602.28,0.000000
9,8,39,31254.404,0.000000
10,7,53,31037.688,0.000000
8,8,52,28133.978,0.000000
8,7,53,26774.485,0.000000
10,8,41,24451.089,0.000000
10,7,55,21432.742,0.000000
8,7,55,20124.087,0.000000
9,9,33,19558.029,0.000000
8,8,54,19525.137,0.000000
8,8,51,19086.29,0.000000
8,7,54,18759.529,0.000000
10,7,54,17545.905,0.000000
9,8,40,15944.223,0.000000
9,8,41,14936.514,0.000000
9,9,34,14594.545,0.000000
8,8,49,14382.751,0.000000
10,7,45,14288.506,0.000000
10,7,49,12023.99,0.000000
10,9,19,10810.322,0.000000
10,9,18,10385.996,0.000000
10,9,20,9594.6118,0.000000
10,9,21,8654.1449,0.000000
10,9,22,7670.6267,0.000000
10,9,17,7569.0248,0.000000
9,8,42,7249.4132,0.000000
10,9,23,6361.3116,0.000000
9,8,43,6297.4014,0.000000
9,9,36,5928.8633,0.000000
9,9,35,5514.9792,0.000000
10,9,24,4968.7942,0.000000
10,9,16,4887.5805,0.000000
10,9,25,3751.2636,0.000000
8,8,53,3606.6406,0.000000
9,8,45,3401.0241,0.000000
9,9,38,3047.332,0.000000
10,9,15,2836.8238,0.000000
10,9,26,2754.1278,0.000000
9,9,49,2299.6965,0.000000
9,9,51,2202.3004,0.000000
9,9,52,2166.3232,0.000000
9,9,48,2119.6437,0.000000
9,9,55,2111.5321,0.000000
8,8,55,2091.972,0.000000
9,9,40,2063.0736,0.000000
9,9,53,2040.3843,0.000000
9,8,44,2022.4825,0.000000
10,9,27,1963.5081,0.000000
9,9,46,1817.1867,0.000000
9,9,47,1804.9026,0.000000
9,8,47,1775.7295,0.000000
10,9,14,1560.7865,0.000000
9,9,54,1438.3979,0.000000
10,9,28,1372.1301,0.000000
9,9,44,1305.9759,0.000000
9,9,37,1167.8366,0.000000
9,9,45,1133.4375,0.000000
10,9,29,928.41601,0.000000
10,10,21,909.77123,0.000000
10,10,20,859.15952,0.000000
10,9,30,631.24895,0.000000
9,8,51,623.49616,0.000000
10,10,19,523.8829,0.000000
9,8,49,509.75025,0.000000
10,10,18,450.01451,0.000000
10,10,22,447.75563,0.000000
10,9,31,403.24195,0.000000
10,10,17,401.62646,0.000000
10,9,32,276.0948,0.000000
9,8,53,239.47756,0.000000
10,10,16,226.0199,0.000000
9,8,46,213.8017,0.000000
10,10,15,205.82736,0.000000
10,10,23,169.25111,0.000000
10,9,33,161.49751,0.000000
9,8,48,153.5791,0.000000
10,10,55,150.43334,0.000000
10,10,53,148.42485,0.000000
9,9,39,146.44203,0.000000
9,9,43,143.49083,0.000000
10,10,50,139.75195,0.000000
9,9,41,138.37293,0.000000
10,10,51,129.89729,0.000000
9,8,54,127.67158,0.000000
10,9,34,117.49312,0.000000
10,10,24,111.04649,0.000000
9,8,52,107.30013,0.000000
10,10,54,106.4148,0.000000
10,10,49,104.87139,0.000000
10,10,25,103.11808,0.000000
10,10,48,85.629457,0.000000
10,10,47,74.500263,0.000000
9,8,50,72.281331,0.000000
10,9,35,62.474486,0.000000
10,10,26,61.662897,0.000000
9,9,50,53.047308,0.000000
9,9,42,52.273364,0.000000
10,10,46,50.991744,0.000000
10,9,36,49.813603,0.000000
10,10,45,36.360792,0.000000
10,9,55,33.624613,0.000000
10,9,54,32.219241,0.000000
10,10,27,31.623461,0.000000
10,10,44,29.590909,0.000000
10,9,38,26.527907,0.000000
10,9,52,22.556172,0.000000
10,9,37,20.707205,0.000000
9,8,55,18.70032,0.000000
10,10,52,18.564551,0.000000
10,10,28,17.911463,0.000000
10,9,46,17.401131,0.000000
10,9,40,15.006795,0.000000
10,9,49,14.252529,0.000000
10,9,48,14.038185,0.000000
10,9,53,12.470714,0.000000
10,10,29,9.8928924,0.000000
10,9,51,8.3446064,0.000000
10,10,30,7.1432732,0.000000
10,9,45,5.3830721,0.000000
10,9,39,5.2346119,0.000000
10,9,47,3.5763069,0.000000
10,10,32,3.5607519,0.000000
10,10,31,3.3125338,0.000000
10,10,34,2.9498806,0.000000
10,10,41,2.922084,0.000000
10,9,42,2.6230842,0.000000
10,9,41,2.3998048,0.000000
10,10,40,2.3154978,0.000000
10,10,42,2.2700988,0.000000
10,9,50,2.051437,0.000000
10,10,39,1.6983398,0.000000
10,10,38,1.5617602,0.000000
10,9,44,1.3118299,0.000000
10,10,43,0.99912377,0.000000
10,10,37,0.89039832,0.000000
10,10,33,0.80856997,0.000000
10,10,36,0.69925354,0.000000
10,9,43,0.44605776,0.000000
10,10,35,0.39743724,0.000000
2,0,0,0,0.000000
3,0,0,0,0.000000
4,0,0,0,0.000000
5,0,0,0,0.000000
6,0,0,0,0.000000
7,0,0,0,0.000000
8,0,0,0,0.000000
9,0,0,0,0.000000
10,0,0,0,0.000000
