l,m,n,power,fraction_pct
2,-2,3,5.8936665e+45,36.918220
2,-2,2,4.6741652e+45,29.279203
2,-2,4,1.8872785e+45,11.822006
2,-2,1,8.119255e+44,5.085942
2,-2,5,7.8292187e+44,4.904262
2,-2,-1,7.6186145e+44,4.772338
2,-2,6,3.7869993e+44,2.372195
2,-2,7,1.992434e+44,1.248071
2,-2,0,1.5872106e+44,0.994237
2,-2,8,1.1028452e+44,0.690828
2,-2,9,6.305375e+43,0.394972
3,-3,4,5.2039876e+43,0.325980
2,-2,10,3.6820647e+43,0.230646
2,-2,11,2.1799073e+43,0.136550
3,-3,5,1.6800278e+43,0.105238
3,-3,3,1.3609669e+43,0.085252
2,-2,12,1.3017032e+43,0.081539
2,-1,1,9.8136506e+42,0.061473
2,-2,13,7.8108523e+42,0.048928
2,-2,-2,7.7413901e+42,0.048492
3,-3,6,6.701126e+42,0.041976
2,-1,2,5.1424495e+42,0.032213
3,-2,3,4.9462278e+42,0.030983
2,-2,14,4.6969292e+42,0.029422
3,-3,7,3.5992326e+42,0.022546
3,-3,2,3.3050556e+42,0.020703
3,-2,2,3.0010735e+42,0.018799
2,-2,15,2.8248692e+42,0.017695
2,-1,0,2.4875102e+42,0.015582
3,-3,8,2.2188763e+42,0.013899
3,-3,1,1.8714298e+42,0.011723
2,-2,16,1.6968741e+42,0.010629
3,-2,4,1.5245824e+42,0.009550
2,-1,3,1.5102128e+42,0.009460
3,-3,9,1.4650426e+42,0.009177
3,-3,0,1.4143264e+42,0.008859
2,-2,17,1.0171421e+42,0.006371
3,-3,10,1.0021783e+42,0.006278
2,0,-1,8.4458546e+41,0.005291
2,0,1,8.4458546e+41,0.005291
2,-2,-3,7.2841432e+41,0.004563
3,-3,11,6.9777782e+41,0.004371
3,-2,5,6.5879444e+41,0.004127
2,-2,18,6.0812142e+41,0.003809
2,-1,4,5.5875254e+41,0.003500
3,-3,12,4.8948313e+41,0.003066
4,-4,5,4.012311e+41,0.002513
3,-3,-1,3.8904683e+41,0.002437
3,-2,1,3.8892236e+41,0.002436
3,-3,-2,3.636725e+41,0.002278
2,-2,19,3.625955e+41,0.002271
3,-2,6,3.4397685e+41,0.002155
3,-3,13,3.4381868e+41,0.002154
3,-1,0,3.2946176e+41,0.002064
4,-4,6,2.5500131e+41,0.001597
3,-3,14,2.408855e+41,0.001509
2,-1,5,2.3772362e+41,0.001489
2,-2,20,2.156477e+41,0.001351
4,-3,4,2.0392001e+41,0.001277
3,-2,7,1.9775006e+41,0.001239
3,-3,15,1.6791895e+41,0.001052
3,-1,2,1.4759004e+41,0.000925
2,-2,21,1.2797154e+41,0.000802
3,-2,8,1.2002157e+41,0.000752
3,-3,16,1.1628001e+41,0.000728
2,-1,6,1.1030349e+41,0.000691
2,0,-2,8.4867996e+40,0.000532
2,0,2,8.4867996e+40,0.000532
4,-4,7,8.1962117e+40,0.000513
3,-3,17,7.9911813e+40,0.000501
3,-1,3,7.8589188e+40,0.000492
4,-4,4,7.7185382e+40,0.000483
2,-2,22,7.5812906e+40,0.000475
3,-2,9,7.5209468e+40,0.000471
4,-3,5,6.7169386e+40,0.000421
2,-2,-4,6.5959325e+40,0.000413
3,-3,18,5.4476902e+40,0.000341
2,-1,7,5.41634e+40,0.000339
3,-2,10,4.8017325e+40,0.000301
2,-2,23,4.4862284e+40,0.000281
4,-3,3,4.0834188e+40,0.000256
4,-4,8,3.8978877e+40,0.000244
3,-1,4,3.8905939e+40,0.000244
3,-3,19,3.6836046e+40,0.000231
3,-1,1,3.5963618e+40,0.000225
3,-2,-1,3.5485173e+40,0.000222
3,-2,11,3.09727e+40,0.000194
4,-2,2,2.7817862e+40,0.000174
2,-1,8,2.7629638e+40,0.000173
2,-2,24,2.6532923e+40,0.000166
4,-3,6,2.627458e+40,0.000165
3,-3,20,2.4711157e+40,0.000155
4,-4,9,2.2530864e+40,0.000141
4,-4,3,2.235322e+40,0.000140
3,-2,12,2.0071891e+40,0.000126
3,-1,5,1.9372284e+40,0.000121
3,-2,0,1.8927501e+40,0.000119
4,-2,1,1.6944949e+40,0.000106
3,-3,21,1.6454342e+40,0.000103
2,-2,-5,1.6222213e+40,0.000102
2,-2,25,1.5692904e+40,0.000098
4,-4,10,1.4606975e+40,0.000091
2,-1,9,1.4464809e+40,0.000091
4,-3,7,1.3875929e+40,0.000087
2,0,-3,1.3033232e+40,0.000082
2,0,3,1.3033232e+40,0.000082
3,-2,13,1.3018426e+40,0.000082
4,-2,3,1.2065799e+40,0.000076
3,-3,22,1.0882344e+40,0.000068
4,-4,11,1.0217289e+40,0.000064
3,-1,6,9.800313e+39,0.000061
4,-4,2,9.4211707e+39,0.000059
2,-2,26,9.2867714e+39,0.000058
4,-3,8,8.4745042e+39,0.000053
3,-2,14,8.4279859e+39,0.000053
2,-1,10,7.7066056e+39,0.000048
4,-4,12,7.5212893e+39,0.000047
3,-3,23,7.1541485e+39,0.000045
2,-1,-2,7.071541e+39,0.000044
4,-4,13,5.7191849e+39,0.000036
4,-3,9,5.612416e+39,0.000035
2,-2,27,5.501356e+39,0.000034
3,-2,15,5.4359327e+39,0.000034
4,-3,2,5.2183647e+39,0.000033
3,-1,7,5.0284151e+39,0.000031
2,-2,-6,4.9639873e+39,0.000031
5,-5,7,4.9424241e+39,0.000031
4,-4,1,4.9294529e+39,0.000031
3,-3,24,4.6790009e+39,0.000029
4,-2,0,4.5181988e+39,0.000028
2,-1,-1,4.4592714e+39,0.000028
4,-4,14,4.4297062e+39,0.000028
5,-3,4,4.2343535e+39,0.000027
2,-1,11,4.1532453e+39,0.000026
4,-3,10,3.9024446e+39,0.000024
2,-1,-3,3.5402159e+39,0.000022
3,-2,16,3.4887544e+39,0.000022
4,-4,15,3.4594522e+39,0.000022
2,-2,28,3.2635195e+39,0.000020
3,-3,25,3.0470498e+39,0.000019
5,-4,5,2.9849987e+39,0.000019
4,-3,11,2.7936022e+39,0.000017
4,-4,16,2.7048545e+39,0.000017
3,-1,8,2.6061591e+39,0.000016
5,-5,6,2.4438784e+39,0.000015
2,0,-4,2.4400095e+39,0.000015
2,0,4,2.4400095e+39,0.000015
4,-2,4,2.3070506e+39,0.000014
2,-1,12,2.2538321e+39,0.000014
3,-2,17,2.2263435e+39,0.000014
5,-3,3,2.1583968e+39,0.000014
5,-4,6,2.1363614e+39,0.000013
4,-4,17,2.1070808e+39,0.000013
4,-3,12,2.0324252e+39,0.000013
3,-3,26,1.9774138e+39,0.000012
2,-2,29,1.9393147e+39,0.000012
2,1,0,1.9067547e+39,0.000012
3,-1,-2,1.8023958e+39,0.000011
4,-4,0,1.7782639e+39,0.000011
2,-2,-7,1.6807801e+39,0.000011
2,2,-1,1.6723522e+39,0.000010
4,-4,18,1.6301677e+39,0.000010
2,-1,-4,1.6113441e+39,0.000010
4,-3,13,1.489747e+39,0.000009
3,-3,-3,1.4325104e+39,0.000009
3,-2,18,1.4122088e+39,0.000009
5,-5,8,1.3756341e+39,0.000009
3,-1,9,1.3588789e+39,0.000009
3,-3,27,1.2798056e+39,0.000008
4,-4,19,1.2500616e+39,0.000008
2,-1,13,1.2273803e+39,0.000008
5,-3,5,1.2224671e+39,0.000008
2,-2,30,1.1546673e+39,0.000007
2,1,1,1.1271668e+39,0.000007
3,1,0,1.1009456e+39,0.000007
4,-3,14,1.0937232e+39,0.000007
4,-3,1,1.0251147e+39,0.000006
4,-2,-1,1.0121347e+39,0.000006
4,-4,-1,9.8479232e+38,0.000006
4,-4,20,9.4906476e+38,0.000006
3,-2,19,8.9042566e+38,0.000006
4,-4,-2,8.9002431e+38,0.000006
3,-3,28,8.2665598e+38,0.000005
4,-3,15,8.0106075e+38,0.000005
4,-3,0,7.4983356e+38,0.000005
2,-1,-5,7.4704883e+38,0.000005
4,-4,21,7.1306302e+38,0.000004
3,-1,10,7.1020548e+38,0.000004
5,-4,7,6.944709e+38,0.000004
2,-2,31,6.8894015e+38,0.000004
2,-1,14,6.6901684e+38,0.000004
2,-2,-8,6.0524173e+38,0.000004
5,-5,9,6.0314494e+38,0.000004
4,-3,16,5.8373144e+38,0.000004
3,-2,20,5.582286e+38,0.000003
2,1,2,5.4911441e+38,0.000003
5,-3,2,5.405762e+38,0.000003
3,-3,29,5.3322534e+38,0.000003
4,-4,22,5.3020291e+38,0.000003
2,0,-5,4.9470445e+38,0.000003
2,0,5,4.9470445e+38,0.000003
4,-2,5,4.7262326e+38,0.000003
5,-5,5,4.6495628e+38,0.000003
5,-3,6,4.2983993e+38,0.000003
4,-3,17,4.2245231e+38,0.000003
2,-2,32,4.1196738e+38,0.000003
4,-4,23,3.9030819e+38,0.000002
5,-4,4,3.7910953e+38,0.000002
3,-1,11,3.7086701e+38,0.000002
2,-1,15,3.6430217e+38,0.000002
2,-1,-6,3.5687373e+38,0.000002
3,-2,21,3.4813837e+38,0.000002
3,-3,30,3.43666e+38,0.000002
5,-4,8,3.3658927e+38,0.000002
5,-5,10,3.3070775e+38,0.000002
4,-3,18,3.0331023e+38,0.000002
4,-4,24,2.8464345e+38,0.000002
2,1,3,2.6786915e+38,0.000002
2,-2,33,2.4689675e+38,0.000002
2,-2,-9,2.2719221e+38,0.000001
3,-3,31,2.2141212e+38,0.000001
3,-2,22,2.1611448e+38,0.000001
4,-3,19,2.1592482e+38,0.000001
4,-4,25,2.0581032e+38,0.000001
5,-5,11,2.0155576e+38,0.000001
4,-3,-1,2.005523e+38,0.000001
2,-1,16,1.979057e+38,0.000001
5,-4,9,1.953813e+38,0.000001
6,-4,5,1.9512256e+38,0.000001
3,-1,12,1.9295803e+38,0.000001
5,-3,7,1.8581268e+38,0.000001
3,0,-1,1.8530078e+38,0.000001
3,0,1,1.8530078e+38,0.000001
2,-1,-7,1.7511826e+38,0.000001
4,-4,-3,1.7320222e+38,0.000001
4,-1,2,1.585416e+38,0.000001
4,-3,20,1.5239475e+38,0.000001
2,-2,34,1.4829633e+38,0.000001
4,-4,26,1.4766773e+38,0.000001
3,-1,-4,1.4614875e+38,0.000001
4,-2,6,1.4436811e+38,0.000001
3,-3,32,1.4264974e+38,0.000001
2,1,4,1.3474598e+38,0.000001
3,-2,23,1.3363046e+38,0.000001
2,2,2,1.3285374e+38,0.000001
5,-5,12,1.3115284e+38,0.000001
5,-5,4,1.3066388e+38,0.000001
5,-4,10,1.2516245e+38,0.000001
2,2,3,1.1224939e+38,0.000001
3,-1,-5,1.0807199e+38,0.000001
2,2,1,1.0725405e+38,0.000001
2,-1,17,1.0715905e+38,0.000001
4,-3,21,1.0665451e+38,0.000001
4,-4,27,1.0523181e+38,0.000001
2,0,-6,9.9887785e+37,0.000001
2,0,6,9.9887785e+37,0.000001
3,-1,13,9.9780626e+37,0.000001
4,-2,7,9.9737923e+37,0.000001
4,-2,8,9.6491161e+37,0.000001
6,-4,6,9.5086053e+37,0.000001
5,-3,1,9.4001732e+37,0.000001
2,2,0,9.3259794e+37,0.000001
3,-3,33,9.1934844e+37,0.000001
4,-2,9,9.031486e+37,0.000001
4,-1,3,9.0214896e+37,0.000001
5,-5,13,8.9860722e+37,0.000001
2,-2,35,8.9264515e+37,0.000001
5,-3,8,8.7948841e+37,0.000001
2,-1,-8,8.7803823e+37,0.000001
2,-2,-10,8.7802359e+37,0.000001
5,-4,11,8.5753274e+37,0.000001
3,-2,24,8.2361221e+37,0.000001
2,2,4,8.2354884e+37,0.000001
6,-6,8,7.9198604e+37,0.000000
4,-2,10,7.7938391e+37,0.000000
3,-1,-3,7.696246e+37,0.000000
4,-4,28,7.4547643e+37,0.000000
4,-3,22,7.405053e+37,0.000000
2,1,5,6.9872454e+37,0.000000
3,-1,-6,6.5762255e+37,0.000000
6,-5,7,6.4418806e+37,0.000000
5,-5,14,6.4406813e+37,0.000000
2,2,-2,6.4130826e+37,0.000000
3,1,2,6.3191738e+37,0.000000
4,-2,11,6.2866138e+37,0.000000
5,-4,12,6.179497e+37,0.000000
5,-5,3,6.1334372e+37,0.000000
3,1,3,6.04703e+37,0.000000
5,-4,3,6.0464493e+37,0.000000
3,-3,34,5.9283719e+37,0.000000
2,-1,18,5.7800894e+37,0.000000
2,2,5,5.6840125e+37,0.000000
2,-2,36,5.3841125e+37,0.000000
4,-4,29,5.2542172e+37,0.000000
4,-1,4,5.1949424e+37,0.000000
3,-1,14,5.1171063e+37,0.000000
4,-3,23,5.1037581e+37,0.000000
3,-2,25,5.0632932e+37,0.000000
3,0,-2,5.0033244e+37,0.000000
3,0,2,5.0033244e+37,0.000000
5,-3,-1,4.8815949e+37,0.000000
4,-2,12,4.814497e+37,0.000000
5,-5,15,4.8029527e+37,0.000000
5,-4,13,4.6227743e+37,0.000000
2,-1,-9,4.4761999e+37,0.000000
5,-3,9,4.3195375e+37,0.000000
6,-4,4,4.2243473e+37,0.000000
3,1,4,4.1140634e+37,0.000000
3,-2,-2,3.8905703e+37,0.000000
3,-3,35,3.8257603e+37,0.000000
2,2,6,3.7997266e+37,0.000000
4,-3,-2,3.7703383e+37,0.000000
4,-1,1,3.7599218e+37,0.000000
5,-1,1,3.7555056e+37,0.000000
3,-1,-7,3.7530302e+37,0.000000
2,1,6,3.7101615e+37,0.000000
5,-5,16,3.7045471e+37,0.000000
4,-4,30,3.6872549e+37,0.000000
5,-4,14,3.5499823e+37,0.000000
4,-2,13,3.5399428e+37,0.000000
4,-3,24,3.4944932e+37,0.000000
5,-5,2,3.486258e+37,0.000000
2,-2,-11,3.4635626e+37,0.000000
5,-3,0,3.397337e+37,0.000000
2,1,-2,3.3449698e+37,0.000000
2,-2,37,3.253683e+37,0.000000
3,1,-2,3.2123653e+37,0.000000
4,-1,0,3.1133671e+37,0.000000
3,-2,26,3.1067945e+37,0.000000
2,-1,19,3.1049722e+37,0.000000
4,-1,5,3.0733267e+37,0.000000
5,-5,17,2.9356759e+37,0.000000
6,-4,7,2.8880916e+37,0.000000
5,-4,15,2.7725699e+37,0.000000
6,-6,9,2.6607564e+37,0.000000
3,-1,15,2.5975249e+37,0.000000
4,-4,31,2.5782288e+37,0.000000
6,-5,6,2.5655732e+37,0.000000
2,1,-1,2.5198e+37,0.000000
4,-2,14,2.5177542e+37,0.000000
3,1,5,2.5017568e+37,0.000000
2,2,7,2.4902689e+37,0.000000
3,-3,36,2.4710674e+37,0.000000
4,-3,25,2.3787624e+37,0.000000
5,-5,18,2.373086e+37,0.000000
2,-1,-10,2.3105164e+37,0.000000
3,-1,-1,2.1923753e+37,0.000000
5,-4,16,2.1859719e+37,0.000000
5,-3,10,2.1361484e+37,0.000000
3,-1,-8,2.0877589e+37,0.000000
2,1,7,2.00368e+37,0.000000
2,-2,38,1.9696545e+37,0.000000
4,0,-2,1.9618106e+37,0.000000
4,0,2,1.9618106e+37,0.000000
5,-5,19,1.9430759e+37,0.000000
2,0,-7,1.9258479e+37,0.000000
2,0,7,1.9258479e+37,0.000000
3,-2,27,1.9037425e+37,0.000000
4,-1,6,1.8471635e+37,0.000000
6,-5,8,1.7988122e+37,0.000000
4,-4,32,1.7973496e+37,0.000000
5,-4,2,1.7525175e+37,0.000000
4,-2,15,1.741145e+37,0.000000
5,-4,17,1.7298611e+37,0.000000
2,-1,20,1.660981e+37,0.000000
4,-3,26,1.6111382e+37,0.000000
2,2,8,1.6091704e+37,0.000000
5,-5,20,1.6013335e+37,0.000000
3,-3,37,1.5976143e+37,0.000000
6,-6,7,1.5663737e+37,0.000000
4,0,-3,1.5168957e+37,0.000000
4,0,3,1.5168957e+37,0.000000
5,-5,1,1.4523419e+37,0.000000
3,1,6,1.4491043e+37,0.000000
4,0,-1,1.4223434e+37,0.000000
4,0,1,1.4223434e+37,0.000000
5,-1,2,1.4159693e+37,0.000000
2,-2,-12,1.3857327e+37,0.000000
5,-4,18,1.3680403e+37,0.000000
3,1,1,1.3290778e+37,0.000000
3,0,-3,1.3288893e+37,0.000000
3,0,3,1.3288893e+37,0.000000
5,-5,21,1.3213014e+37,0.000000
6,-4,8,1.3141852e+37,0.000000
3,-1,16,1.3028441e+37,0.000000
4,-4,33,1.2498983e+37,0.000000
2,-1,-11,1.2035195e+37,0.000000
2,-2,39,1.1942057e+37,0.000000
4,-2,16,1.175059e+37,0.000000
3,-2,28,1.1655573e+37,0.000000
3,-1,-9,1.1480293e+37,0.000000
4,-1,7,1.1176294e+37,0.000000
2,1,-3,1.1027622e+37,0.000000
2,1,8,1.0944952e+37,0.000000
5,-5,22,1.087143e+37,0.000000
4,-3,27,1.0865726e+37,0.000000
5,-4,19,1.0777955e+37,0.000000
5,-3,11,1.0420762e+37,0.000000
5,-4,1,1.0348381e+37,0.000000
3,-3,38,1.0339413e+37,0.000000
6,-6,10,1.0294319e+37,0.000000
2,2,9,1.0282252e+37,0.000000
6,-4,3,9.4438897e+36,0.000000
3,-3,-5,9.4179529e+36,0.000000
5,-5,23,8.8935664e+36,0.000000
2,-1,21,8.848506e+36,0.000000
4,-4,34,8.6747458e+36,0.000000
5,-4,20,8.4405562e+36,0.000000
3,1,7,8.1795283e+36,0.000000
6,-5,9,7.9846703e+36,0.000000
4,-2,17,7.7607442e+36,0.000000
4,0,-4,7.6927736e+36,0.000000
4,0,4,7.6927736e+36,0.000000
4,-3,28,7.3019001e+36,0.000000
6,-4,9,7.263949e+36,0.000000
2,-2,40,7.250378e+36,0.000000
5,-5,24,7.2201893e+36,0.000000
3,-2,29,7.1329166e+36,0.000000
4,-1,8,6.7614504e+36,0.000000
3,-3,39,6.6981305e+36,0.000000
5,-4,21,6.5612843e+36,0.000000
2,2,10,6.5075483e+36,0.000000
3,-1,17,6.4461846e+36,0.000000
2,-1,-12,6.3096183e+36,0.000000
3,-1,-10,6.2746439e+36,0.000000
5,-5,0,6.2333745e+36,0.000000
2,1,9,6.0212535e+36,0.000000
4,-4,35,6.0111993e+36,0.000000
2,2,-3,6.0025981e+36,0.000000
5,-5,25,5.8108558e+36,0.000000
7,-5,7,5.784623e+36,0.000000
2,-2,-13,5.5956244e+36,0.000000
6,-6,11,5.4336259e+36,0.000000
5,-4,22,5.058778e+36,0.000000
4,-2,18,5.0275208e+36,0.000000
5,-2,2,4.9866944e+36,0.000000
5,-3,12,4.9296839e+36,0.000000
4,-3,29,4.8926417e+36,0.000000
2,-1,22,4.6946502e+36,0.000000
5,-5,26,4.6340334e+36,0.000000
6,-3,4,4.5821806e+36,0.000000
3,1,8,4.5407915e+36,0.000000
2,0,-8,4.4582578e+36,0.000000
2,0,8,4.4582578e+36,0.000000
6,-4,10,4.4432887e+36,0.000000
6,-5,10,4.4346471e+36,0.000000
2,-2,41,4.4071349e+36,0.000000
3,-2,30,4.3646754e+36,0.000000
3,-3,40,4.3433449e+36,0.000000
4,-4,36,4.1605082e+36,0.000000
2,2,11,4.0835774e+36,0.000000
4,-1,9,4.0704977e+36,0.000000
3,-3,-6,4.0532967e+36,0.000000
5,-4,23,3.8673039e+36,0.000000
2,1,-4,3.7992819e+36,0.000000
7,-5,6,3.7290992e+36,0.000000
5,-5,27,3.6619443e+36,0.000000
5,-5,-1,3.636185e+36,0.000000
3,0,-4,3.6086974e+36,0.000000
3,0,4,3.6086974e+36,0.000000
4,0,-5,3.5706881e+36,0.000000
4,0,5,3.5706881e+36,0.000000
3,-1,-11,3.4160226e+36,0.000000
6,-5,5,3.3437657e+36,0.000000
2,1,10,3.3251339e+36,0.000000
2,-1,-13,3.3227929e+36,0.000000
4,-3,30,3.2706212e+36,0.000000
6,-6,6,3.2534084e+36,0.000000
6,-6,12,3.2506514e+36,0.000000
4,-2,19,3.2008277e+36,0.000000
3,-1,18,3.1409206e+36,0.000000
5,-4,0,3.1402994e+36,0.000000
5,-4,24,2.9315896e+36,0.000000
3,2,-1,2.8792802e+36,0.000000
4,-4,37,2.877068e+36,0.000000
6,-4,11,2.8726017e+36,0.000000
5,-5,28,2.8683852e+36,0.000000
3,-3,41,2.8188357e+36,0.000000
6,-5,11,2.7180167e+36,0.000000
2,-2,42,2.6816358e+36,0.000000
5,-2,1,2.681393e+36,0.000000
3,-2,31,2.6711438e+36,0.000000
5,-3,-2,2.6414195e+36,0.000000
2,2,12,2.5427193e+36,0.000000
3,1,9,2.4886609e+36,0.000000
2,-1,23,2.4807337e+36,0.000000
2,0,-9,2.4761392e+36,0.000000
2,0,9,2.4761392e+36,0.000000
4,-1,10,2.4299439e+36,0.000000
3,-2,-3,2.3602201e+36,0.000000
3,2,2,2.3540686e+36,0.000000
6,-4,2,2.3315606e+36,0.000000
2,0,-10,2.2986362e+36,0.000000
2,0,10,2.2986362e+36,0.000000
2,-2,-14,2.2716143e+36,0.000000
6,-3,3,2.2475876e+36,0.000000
5,-5,29,2.228226e+36,0.000000
5,-3,13,2.2236102e+36,0.000000
3,2,3,2.2146728e+36,0.000000
5,-4,25,2.2043002e+36,0.000000
4,-3,31,2.1823025e+36,0.000000
6,-6,13,2.067613e+36,0.000000
2,0,-11,2.0449941e+36,0.000000
2,0,11,2.0449941e+36,0.000000
5,-2,3,2.0303106e+36,0.000000
4,-2,20,2.0062867e+36,0.000000
4,-4,38,1.988343e+36,0.000000
5,-1,3,1.983013e+36,0.000000
6,-4,12,1.9122904e+36,0.000000
3,-1,-12,1.8538778e+36,0.000000
2,1,11,1.8385444e+36,0.000000
3,-3,42,1.8307738e+36,0.000000
3,2,4,1.8024388e+36,0.000000
3,3,-2,1.7698056e+36,0.000000
6,-5,12,1.7661068e+36,0.000000
2,-1,-14,1.7552708e+36,0.000000
5,-5,30,1.7176927e+36,0.000000
3,2,1,1.6638927e+36,0.000000
5,-4,26,1.6448541e+36,0.000000
3,-2,32,1.6352341e+36,0.000000
2,-2,43,1.6332293e+36,0.000000
2,0,-12,1.6325754e+36,0.000000
2,0,12,1.6325754e+36,0.000000
3,-3,-7,1.617433e+36,0.000000
4,0,-6,1.6105207e+36,0.000000
4,0,6,1.6105207e+36,0.000000
2,2,13,1.5721648e+36,0.000000
3,1,-4,1.5687951e+36,0.000000
3,-1,19,1.5043041e+36,0.000000
3,-2,-4,1.5009981e+36,0.000000
2,1,-5,1.4605994e+36,0.000000
4,-3,32,1.4540757e+36,0.000000
4,-1,11,1.434423e+36,0.000000
7,-5,8,1.4256608e+36,0.000000
3,2,5,1.3842442e+36,0.000000
4,-4,39,1.3736385e+36,0.000000
6,-6,14,1.3709728e+36,0.000000
7,-6,8,1.3622476e+36,0.000000
3,1,10,1.3484787e+36,0.000000
5,-5,31,1.3148715e+36,0.000000
2,-1,24,1.3054994e+36,0.000000
6,-4,13,1.2899572e+36,0.000000
3,1,-3,1.2722802e+36,0.000000
4,-2,21,1.2400719e+36,0.000000
4,2,0,1.2380079e+36,0.000000
5,-4,27,1.2188048e+36,0.000000
4,-2,-4,1.2148033e+36,0.000000
6,-5,13,1.2029543e+36,0.000000
2,0,-13,1.1997281e+36,0.000000
2,0,13,1.1997281e+36,0.000000
3,-3,43,1.1897267e+36,0.000000
6,-4,1,1.1863648e+36,0.000000
4,2,1,1.1839388e+36,0.000000
5,-5,-3,1.1269415e+36,0.000000
6,-3,5,1.1207019e+36,0.000000
6,-6,5,1.0994669e+36,0.000000
4,2,-1,1.0728717e+36,0.000000
3,2,6,1.0324248e+36,0.000000
2,1,12,1.0158869e+36,0.000000
3,-1,-13,1.0031696e+36,0.000000
3,-2,33,1.0014888e+36,0.000000
5,-5,32,1.0001398e+36,0.000000
3,-3,-4,9.9739415e+35,0.000000
2,-2,44,9.9561586e+35,0.000000
3,0,-5,9.7406375e+35,0.000000
3,0,5,9.7406375e+35,0.000000
4,-3,33,9.6785169e+35,0.000000
2,2,14,9.6594983e+35,0.000000
4,-4,40,9.4881416e+35,0.000000
6,-6,15,9.4160672e+35,0.000000
3,1,-5,9.3972276e+35,0.000000
5,-3,14,9.3946809e+35,0.000000
2,-1,-15,9.2923493e+35,0.000000
3,-2,-5,9.2842666e+35,0.000000
2,-2,-15,9.2411823e+35,0.000000
5,-4,28,8.9737185e+35,0.000000
6,-4,14,8.7272161e+35,0.000000
6,-5,14,8.5468597e+35,0.000000
4,-1,12,8.3532151e+35,0.000000
2,0,-14,8.3134093e+35,0.000000
2,0,14,8.3134093e+35,0.000000
3,3,0,8.3101629e+35,0.000000
4,-2,-5,8.0881312e+35,0.000000
6,-4,0,7.8722549e+35,0.000000
3,-3,44,7.7342738e+35,0.000000
4,-2,22,7.5695212e+35,0.000000
5,-5,33,7.5640614e+35,0.000000
3,2,7,7.5482773e+35,0.000000
5,-2,4,7.4892187e+35,0.000000
5,-5,-2,7.4751497e+35,0.000000
3,1,11,7.225894e+35,0.000000
4,0,-7,7.1454726e+35,0.000000
4,0,7,7.1454726e+35,0.000000
5,-1,0,7.1414568e+35,0.000000
7,-7,9,7.1253972e+35,0.000000
3,3,-1,7.0686428e+35,0.000000
3,-1,20,7.065404e+35,0.000000
2,-1,25,6.8408025e+35,0.000000
7,-5,5,6.7634237e+35,0.000000
6,-6,16,6.6716456e+35,0.000000
3,-3,-8,6.6453226e+35,0.000000
5,-4,29,6.5694108e+35,0.000000
4,-4,41,6.5537741e+35,0.000000
4,-3,34,6.4375117e+35,0.000000
6,-5,15,6.3031067e+35,0.000000
6,-5,4,6.2517803e+35,0.000000
3,-2,34,6.1363878e+35,0.000000
2,1,-6,6.1270566e+35,0.000000
2,-2,45,6.0755204e+35,0.000000
7,-7,10,6.0651294e+35,0.000000
2,2,15,5.9020734e+35,0.000000
6,-4,15,5.8816568e+35,0.000000
6,-6,4,5.7891097e+35,0.000000
7,-5,9,5.722108e+35,0.000000
5,-5,34,5.6915028e+35,0.000000
2,1,13,5.6016149e+35,0.000000
4,2,2,5.5302166e+35,0.000000
2,0,-15,5.5211155e+35,0.000000
2,0,15,5.5211155e+35,0.000000
6,-3,2,5.4686046e+35,0.000000
5,-2,0,5.4510798e+35,0.000000
3,2,8,5.4276392e+35,0.000000
3,-1,-14,5.4130871e+35,0.000000
7,-4,5,5.3817422e+35,0.000000
3,-2,-6,5.1905778e+35,0.000000
3,-3,45,5.0286211e+35,0.000000
3,1,-1,5.0261497e+35,0.000000
3,1,-6,4.9833588e+35,0.000000
2,-1,-16,4.9274219e+35,0.000000
6,-6,17,4.8605321e+35,0.000000
6,-5,16,4.7993575e+35,0.000000
7,-6,9,4.7935884e+35,0.000000
4,-1,13,4.7882995e+35,0.000000
5,-4,30,4.7848806e+35,0.000000
4,-2,23,4.5692409e+35,0.000000
4,-4,42,4.5275644e+35,0.000000
5,-2,5,4.5273511e+35,0.000000
5,-4,-2,4.4285449e+35,0.000000
4,-2,-6,4.2939815e+35,0.000000
4,-3,35,4.2798634e+35,0.000000
5,-5,35,4.2630182e+35,0.000000
3,3,1,4.1472521e+35,0.000000
5,-4,-1,4.1186744e+35,0.000000
6,-4,16,3.9303286e+35,0.000000
3,2,9,3.8440594e+35,0.000000
5,-1,4,3.8401748e+35,0.000000
3,1,12,3.8283026e+35,0.000000
3,-2,35,3.7615708e+35,0.000000
2,-2,-16,3.7565271e+35,0.000000
6,-5,17,3.7526017e+35,0.000000
2,-2,46,3.7123894e+35,0.000000
3,2,0,3.7041674e+35,0.000000
5,-3,15,3.667642e+35,0.000000
6,-6,18,3.6327977e+35,0.000000
6,-3,6,3.6185283e+35,0.000000
4,-4,-4,3.6137542e+35,0.000000
2,2,16,3.5892739e+35,0.000000
2,2,-4,3.57966e+35,0.000000
2,-1,26,3.5678219e+35,0.000000
2,0,-16,3.552391e+35,0.000000
2,0,16,3.552391e+35,0.000000
5,-2,6,3.4859127e+35,0.000000
5,-4,31,3.4694848e+35,0.000000
5,-1,6,3.3269313e+35,0.000000
3,-3,46,3.2690343e+35,0.000000
4,1,0,3.2638633e+35,0.000000
3,-1,21,3.2444905e+35,0.000000
5,-1,7,3.2260644e+35,0.000000
5,-5,36,3.1801379e+35,0.000000
4,-4,43,3.1285964e+35,0.000000
4,0,-8,3.1162141e+35,0.000000
4,0,8,3.1162141e+35,0.000000
2,1,14,3.0793703e+35,0.000000
6,-5,18,2.9967186e+35,0.000000
7,-5,10,2.9647938e+35,0.000000
6,-6,3,2.9491411e+35,0.000000
5,-1,5,2.9437739e+35,0.000000
3,-1,-15,2.9130928e+35,0.000000
5,-2,7,2.9026994e+35,0.000000
4,-3,36,2.8447189e+35,0.000000
3,-3,-9,2.8395214e+35,0.000000
3,0,-6,2.7851509e+35,0.000000
3,0,6,2.7851509e+35,0.000000
6,-6,19,2.7817844e+35,0.000000
5,-1,8,2.7467407e+35,0.000000
2,1,-7,2.7411804e+35,0.000000
3,-2,-7,2.7389785e+35,0.000000
4,-2,24,2.7308435e+35,0.000000
4,-1,14,2.6962437e+35,0.000000
3,2,10,2.6840298e+35,0.000000
2,-1,-17,2.6165816e+35,0.000000
6,-4,17,2.5956706e+35,0.000000
3,1,-7,2.5840388e+35,0.000000
7,-4,6,2.5531933e+35,0.000000
5,-4,32,2.5057992e+35,0.000000
6,-5,3,2.4848815e+35,0.000000
5,-2,8,2.4545675e+35,0.000000
6,-5,19,2.4312132e+35,0.000000
5,-5,37,2.3638155e+35,0.000000
8,-6,8,2.3197158e+35,0.000000
3,-2,36,2.3066286e+35,0.000000
2,-2,47,2.272723e+35,0.000000
2,0,-17,2.2309829e+35,0.000000
2,0,17,2.2309829e+35,0.000000
3,3,2,2.2302333e+35,0.000000
6,-6,20,2.1802761e+35,0.000000
2,2,17,2.1743624e+35,0.000000
4,-4,44,2.1626328e+35,0.000000
4,-2,-7,2.1602152e+35,0.000000
5,-1,9,2.1451489e+35,0.000000
3,-3,47,2.1242489e+35,0.000000
4,2,3,2.0657442e+35,0.000000
5,-2,9,2.0572913e+35,0.000000
7,-6,7,2.0160216e+35,0.000000
3,1,13,2.0044201e+35,0.000000
6,-5,20,1.9938923e+35,0.000000
7,-7,11,1.9709446e+35,0.000000
6,-2,3,1.9652577e+35,0.000000
4,1,3,1.9390223e+35,0.000000
4,-3,37,1.8907e+35,0.000000
7,-6,10,1.881927e+35,0.000000
2,-1,27,1.8509458e+35,0.000000
3,2,11,1.8490009e+35,0.000000
5,-4,33,1.8035632e+35,0.000000
7,-5,11,1.7579862e+35,0.000000
5,-5,38,1.7514668e+35,0.000000
6,-6,21,1.746918e+35,0.000000
5,-2,10,1.6922801e+35,0.000000
6,-4,18,1.6902811e+35,0.000000
2,1,15,1.6867022e+35,0.000000
4,1,2,1.6863646e+35,0.000000
6,-5,21,1.645671e+35,0.000000
3,3,3,1.6245818e+35,0.000000
4,-2,25,1.6176333e+35,0.000000
4,1,4,1.6129053e+35,0.000000
5,-1,10,1.5778537e+35,0.000000
5,1,1,1.5774967e+35,0.000000
3,-1,-16,1.5638993e+35,0.000000
7,-5,4,1.5430563e+35,0.000000
6,-3,7,1.5353643e+35,0.000000
2,-2,-17,1.5217288e+35,0.000000
4,-4,45,1.4955068e+35,0.000000
4,-1,15,1.4882937e+35,0.000000
3,-1,22,1.4506261e+35,0.000000
3,3,4,1.4399298e+35,0.000000
6,-6,22,1.428054e+35,0.000000
3,-2,37,1.4147318e+35,0.000000
4,-2,-2,1.4039999e+35,0.000000
3,-2,-8,1.3963426e+35,0.000000
2,-2,48,1.3952697e+35,0.000000
6,-5,2,1.3940292e+35,0.000000
2,-1,-18,1.3914761e+35,0.000000
3,-3,48,1.3793549e+35,0.000000
2,0,-18,1.3749571e+35,0.000000
2,0,18,1.3749571e+35,0.000000
3,3,5,1.3703157e+35,0.000000
6,-5,22,1.3617331e+35,0.000000
5,-2,11,1.3613648e+35,0.000000
5,-3,16,1.3570532e+35,0.000000
6,-4,-2,1.3440701e+35,0.000000
3,1,-8,1.3422076e+35,0.000000
4,0,-9,1.3281459e+35,0.000000
4,0,9,1.3281459e+35,0.000000
2,2,18,1.3132652e+35,0.000000
3,3,6,1.3046103e+35,0.000000
5,-4,34,1.2942418e+35,0.000000
5,-5,39,1.2941248e+35,0.000000
2,1,-8,1.2858579e+35,0.000000
3,2,12,1.2576785e+35,0.000000
3,-3,-10,1.2570501e+35,0.000000
4,-3,38,1.2567202e+35,0.000000
3,3,7,1.2049522e+35,0.000000
4,1,5,1.1910831e+35,0.000000
6,-6,23,1.1875322e+35,0.000000
3,0,-7,1.1874683e+35,0.000000
3,0,7,1.1874683e+35,0.000000
7,-5,12,1.1365405e+35,0.000000
7,-7,8,1.1360892e+35,0.000000
6,-5,23,1.1261751e+35,0.000000
5,-1,11,1.1099607e+35,0.000000
7,-4,4,1.1050021e+35,0.000000
6,-4,19,1.0835505e+35,0.000000
6,-6,2,1.0760098e+35,0.000000
5,-2,12,1.0702547e+35,0.000000
3,3,8,1.0699048e+35,0.000000
4,-2,-8,1.0681319e+35,0.000000
6,-4,-1,1.0406675e+35,0.000000
3,1,14,1.03658e+35,0.000000
4,-4,46,1.0346113e+35,0.000000
7,-6,11,1.0052615e+35,0.000000
6,-6,24,1.0007552e+35,0.000000
7,-7,12,9.7824104e+34,0.000000
2,-1,28,9.5428986e+34,0.000000
5,-5,40,9.5386515e+34,0.000000
4,-2,26,9.5054405e+34,0.000000
6,-5,24,9.286527e+34,0.000000
3,0,-8,9.2650147e+34,0.000000
3,0,8,9.2650147e+34,0.000000
6,-2,2,9.2635234e+34,0.000000
5,-4,35,9.2634631e+34,0.000000
2,1,16,9.2028373e+34,0.000000
3,3,9,9.1351374e+34,0.000000
3,-3,49,8.9475556e+34,0.000000
3,0,-9,8.9041374e+34,0.000000
3,0,9,8.9041374e+34,0.000000
3,-2,38,8.6769861e+34,0.000000
2,-2,49,8.6015501e+34,0.000000
6,-3,1,8.5555977e+34,0.000000
6,-6,25,8.5104311e+34,0.000000
3,2,13,8.4535278e+34,0.000000
3,-1,-17,8.3784379e+34,0.000000
4,-3,39,8.3546743e+34,0.000000
2,0,-19,8.3495295e+34,0.000000
2,0,19,8.3495295e+34,0.000000
4,1,6,8.2910731e+34,0.000000
3,0,-10,8.246353e+34,0.000000
3,0,10,8.246353e+34,0.000000
5,-2,13,8.2257096e+34,0.000000
5,-5,-4,8.0926134e+34,0.000000
4,-1,16,8.0357728e+34,0.000000
2,2,19,7.9145754e+34,0.000000
7,-5,13,7.8129018e+34,0.000000
6,-5,25,7.6223764e+34,0.000000
5,-1,12,7.5365525e+34,0.000000
3,3,10,7.5262019e+34,0.000000
2,-1,-19,7.411683e+34,0.000000
6,-3,8,7.3854933e+34,0.000000
6,-6,26,7.2727021e+34,0.000000
4,-4,47,7.1605458e+34,0.000000
7,-4,7,7.1187399e+34,0.000000
3,0,-11,7.0919409e+34,0.000000
3,0,11,7.0919409e+34,0.000000
3,1,-9,7.0242514e+34,0.000000
5,-5,41,7.0157187e+34,0.000000
3,-2,-9,6.9531463e+34,0.000000
6,-4,20,6.8301957e+34,0.000000
6,-2,4,6.7652823e+34,0.000000
4,2,4,6.6396243e+34,0.000000
5,-4,36,6.6154891e+34,0.000000
8,-6,9,6.6110599e+34,0.000000
5,1,2,6.4674716e+34,0.000000
7,-3,4,6.4509023e+34,0.000000
3,-1,23,6.2776682e+34,0.000000
4,-1,-5,6.2773654e+34,0.000000
2,1,-9,6.2469931e+34,0.000000
6,-6,27,6.222137e+34,0.000000
6,-5,26,6.2204702e+34,0.000000
2,2,-5,6.2161834e+34,0.000000
5,-2,14,6.185312e+34,0.000000
2,-2,-18,6.1259822e+34,0.000000
7,-6,12,6.0202975e+34,0.000000
3,3,11,6.0079639e+34,0.000000
5,-1,-3,5.8280546e+34,0.000000
3,-3,50,5.7966992e+34,0.000000
5,-3,17,5.768426e+34,0.000000
3,-3,-11,5.7320335e+34,0.000000
3,0,-12,5.7201651e+34,0.000000
3,0,12,5.7201651e+34,0.000000
7,-7,13,5.6937474e+34,0.000000
3,2,14,5.6198993e+34,0.000000
7,-5,14,5.6113264e+34,0.000000
4,1,7,5.5562369e+34,0.000000
4,-3,40,5.5554795e+34,0.000000
4,-2,27,5.5446279e+34,0.000000
4,-1,-4,5.4859117e+34,0.000000
4,0,-10,5.4827315e+34,0.000000
4,0,10,5.4827315e+34,0.000000
4,-1,-6,5.4793354e+34,0.000000
2,-2,50,5.3348294e+34,0.000000
3,-2,39,5.3204379e+34,0.000000
6,-6,28,5.3133423e+34,0.000000
3,1,15,5.2916928e+34,0.000000
4,-2,-9,5.2463837e+34,0.000000
5,-5,42,5.1506092e+34,0.000000
8,-6,7,5.0540919e+34,0.000000
6,-5,27,5.0438578e+34,0.000000
2,0,-20,5.0117914e+34,0.000000
2,0,20,5.0117914e+34,0.000000
2,1,17,5.0013931e+34,0.000000
5,-1,13,4.9677001e+34,0.000000
4,-4,48,4.9576608e+34,0.000000
2,-1,29,4.8832305e+34,0.000000
2,2,20,4.7631454e+34,0.000000
5,-4,37,4.7154335e+34,0.000000
3,3,12,4.6654894e+34,0.000000
5,-2,15,4.5543892e+34,0.000000
6,-6,29,4.5185765e+34,0.000000
5,-3,20,4.5075158e+34,0.000000
5,-3,21,4.5064222e+34,0.000000
3,-1,-18,4.4813559e+34,0.000000
3,0,-13,4.3862001e+34,0.000000
3,0,13,4.3862001e+34,0.000000
6,-5,1,4.2511334e+34,0.000000
4,-1,-7,4.2359114e+34,0.000000
4,-1,17,4.2337838e+34,0.000000
6,-4,21,4.2304698e+34,0.000000
7,-5,3,4.2089068e+34,0.000000
6,-6,1,4.2079314e+34,0.000000
5,-3,19,4.1825895e+34,0.000000
5,-3,22,4.156164e+34,0.000000
7,-5,15,4.1517723e+34,0.000000
6,-5,28,4.0623703e+34,0.000000
5,-3,18,4.0407516e+34,0.000000
2,-1,-20,3.9551935e+34,0.000000
6,-6,30,3.8209778e+34,0.000000
7,-6,13,3.793365e+34,0.000000
5,-5,43,3.7754071e+34,0.000000
6,-3,9,3.7545821e+34,0.000000
4,-1,-2,3.751891e+34,0.000000
3,-3,51,3.7500207e+34,0.000000
3,1,-10,3.7048604e+34,0.000000
3,2,15,3.6987958e+34,0.000000
4,-3,41,3.6950856e+34,0.000000
4,1,8,3.6166268e+34,0.000000
5,-3,23,3.5861562e+34,0.000000
4,1,1,3.5743708e+34,0.000000
3,3,13,3.5370494e+34,0.000000
7,-7,14,3.5276675e+34,0.000000
4,-4,49,3.433481e+34,0.000000
3,-2,-10,3.3983336e+34,0.000000
4,-2,-3,3.3738508e+34,0.000000
5,-4,38,3.3556648e+34,0.000000
2,-2,51,3.3370146e+34,0.000000
5,-2,16,3.286813e+34,0.000000
3,-2,40,3.2604013e+34,0.000000
6,-5,29,3.2498291e+34,0.000000
3,0,-14,3.2318971e+34,0.000000
3,0,14,3.2318971e+34,0.000000
4,-2,28,3.2121546e+34,0.000000
6,-6,31,3.2098145e+34,0.000000
5,-1,14,3.1906928e+34,0.000000
7,-5,16,3.1290316e+34,0.000000
2,1,-10,3.1149038e+34,0.000000
4,-1,-8,3.0605358e+34,0.000000
7,-4,8,3.020664e+34,0.000000
7,-6,6,3.0005924e+34,0.000000
2,0,-21,2.9811734e+34,0.000000
2,0,21,2.9811734e+34,0.000000
5,-2,-1,2.9503004e+34,0.000000
5,-3,24,2.9353381e+34,0.000000
8,-5,7,2.8765447e+34,0.000000
2,2,21,2.86455e+34,0.000000
6,-2,5,2.8609106e+34,0.000000
7,-3,5,2.7825931e+34,0.000000
5,-5,44,2.7637398e+34,0.000000
4,-3,-3,2.7482597e+34,0.000000
2,1,18,2.7076531e+34,0.000000
7,-7,7,2.6946263e+34,0.000000
3,-3,-12,2.6779387e+34,0.000000
6,-6,32,2.6773906e+34,0.000000
3,1,16,2.664919e+34,0.000000
3,3,14,2.6262538e+34,0.000000
3,-1,24,2.6071226e+34,0.000000
5,-1,-4,2.5943724e+34,0.000000
6,-5,30,2.5827024e+34,0.000000
6,-4,22,2.5734099e+34,0.000000
4,-2,-10,2.5677098e+34,0.000000
7,-6,14,2.4787168e+34,0.000000
2,-1,30,2.4758217e+34,0.000000
4,-3,42,2.4582811e+34,0.000000
2,-2,-19,2.4432849e+34,0.000000
3,3,-3,2.4268193e+34,0.000000
3,-3,52,2.4224951e+34,0.000000
6,-6,0,2.4132985e+34,0.000000
3,2,16,2.4125557e+34,0.000000
3,-1,-19,2.3942047e+34,0.000000
5,-4,39,2.3847704e+34,0.000000
7,-5,17,2.380984e+34,0.000000
5,-4,-3,2.3808316e+34,0.000000
4,-4,50,2.3783032e+34,0.000000
5,-2,17,2.3270672e+34,0.000000
8,-6,10,2.3251153e+34,0.000000
3,0,-15,2.3064174e+34,0.000000
3,0,15,2.3064174e+34,0.000000
5,-3,25,2.3041241e+34,0.000000
4,1,9,2.2962529e+34,0.000000
7,-5,2,2.2883766e+34,0.000000
7,-7,15,2.2650855e+34,0.000000
6,-6,33,2.2172189e+34,0.000000
7,-4,3,2.2031687e+34,0.000000
4,-1,18,2.1704745e+34,0.000000
4,0,-11,2.1658169e+34,0.000000
4,0,11,2.1658169e+34,0.000000
4,-1,-9,2.1174235e+34,0.000000
2,-1,-21,2.1152077e+34,0.000000
2,-2,52,2.1114882e+34,0.000000
6,-5,31,2.0395857e+34,0.000000
5,-5,45,2.0209761e+34,0.000000
5,-1,15,2.0020976e+34,0.000000
3,-2,41,1.996089e+34,0.000000
5,1,0,1.9864906e+34,0.000000
3,1,-11,1.9666093e+34,0.000000
6,-3,10,1.9578109e+34,0.000000
3,3,15,1.9151503e+34,0.000000
4,-1,-3,1.8966037e+34,0.000000
4,-2,29,1.8487283e+34,0.000000
4,2,5,1.848315e+34,0.000000
6,-6,34,1.8230905e+34,0.000000
7,-5,18,1.8169759e+34,0.000000
8,-5,6,1.7626448e+34,0.000000
2,0,-22,1.7609383e+34,0.000000
2,0,22,1.7609383e+34,0.000000
5,-3,26,1.7488502e+34,0.000000
2,2,22,1.7226016e+34,0.000000
5,-4,40,1.6928894e+34,0.000000
7,-6,15,1.6787004e+34,0.000000
3,2,-2,1.6524249e+34,0.000000
4,-4,51,1.6474148e+34,0.000000
4,-3,43,1.6357554e+34,0.000000
3,-2,-11,1.6331281e+34,0.000000
5,-2,18,1.617959e+34,0.000000
3,0,-16,1.6035251e+34,0.000000
3,0,16,1.6035251e+34,0.000000
6,-5,32,1.6010874e+34,0.000000
2,1,-11,1.5833046e+34,0.000000
7,-4,9,1.5832301e+34,0.000000
3,-3,53,1.5631103e+34,0.000000
3,2,17,1.5611182e+34,0.000000
6,-2,0,1.5387605e+34,0.000000
6,-4,23,1.5369334e+34,0.000000
7,-7,16,1.5037792e+34,0.000000
7,-3,3,1.4978584e+34,0.000000
6,-6,35,1.4887177e+34,0.000000
5,-5,46,1.4765638e+34,0.000000
2,1,19,1.4605349e+34,0.000000
2,2,-6,1.4600025e+34,0.000000
8,-8,11,1.4543523e+34,0.000000
5,1,3,1.4511806e+34,0.000000
4,1,10,1.4250838e+34,0.000000
8,-7,9,1.4217692e+34,0.000000
4,-1,-10,1.4203837e+34,0.000000
7,-5,19,1.3836259e+34,0.000000
3,3,16,1.3750575e+34,0.000000
8,-7,10,1.3643472e+34,0.000000
2,-2,53,1.3559915e+34,0.000000
3,1,17,1.3229221e+34,0.000000
6,-2,6,1.3217225e+34,0.000000
5,-3,27,1.2915843e+34,0.000000
7,-3,6,1.2883095e+34,0.000000
3,-1,-20,1.2783081e+34,0.000000
3,-3,-13,1.2762829e+34,0.000000
7,-5,1,1.2566774e+34,0.000000
4,-2,-11,1.2528373e+34,0.000000
6,-5,33,1.2498573e+34,0.000000
2,-1,31,1.2407999e+34,0.000000
5,-1,16,1.2296488e+34,0.000000
3,-2,42,1.2203837e+34,0.000000
6,-6,36,1.2077052e+34,0.000000
5,-4,41,1.2006545e+34,0.000000
7,-6,16,1.1774679e+34,0.000000
4,-4,52,1.1409055e+34,0.000000
8,-6,11,1.1371505e+34,0.000000
2,-1,-22,1.1339512e+34,0.000000
5,-2,19,1.1058911e+34,0.000000
3,0,-17,1.0910172e+34,0.000000
3,0,17,1.0910172e+34,0.000000
4,-3,44,1.0885347e+34,0.000000
7,-3,2,1.081376e+34,0.000000
4,-1,19,1.0788699e+34,0.000000
5,-5,47,1.0781048e+34,0.000000
7,-7,6,1.073217e+34,0.000000
4,-2,30,1.0571546e+34,0.000000
3,1,-12,1.0486542e+34,0.000000
6,-3,11,1.0481498e+34,0.000000
7,-5,20,1.0476244e+34,0.000000
2,2,23,1.0363606e+34,0.000000
2,0,-23,1.0346651e+34,0.000000
2,0,23,1.0346651e+34,0.000000
7,-7,17,1.032882e+34,0.000000
6,-3,-1,1.0306897e+34,0.000000
3,-1,25,1.0261599e+34,0.000000
3,-3,54,1.0081637e+34,0.000000
3,2,18,1.0032063e+34,0.000000
3,3,17,9.7420533e+33,0.000000
6,-6,37,9.7367614e+33,0.000000
6,-5,34,9.7062066e+33,0.000000
2,-2,-20,9.6202891e+33,0.000000
8,-6,6,9.4323612e+33,0.000000
7,-4,10,9.3462649e+33,0.000000
5,-3,28,9.3265346e+33,0.000000
4,-1,-11,9.3039695e+33,0.000000
6,-6,-1,9.2545484e+33,0.000000
6,-4,24,9.0096059e+33,0.000000
2,-2,54,8.8671242e+33,0.000000
4,1,11,8.6533371e+33,0.000000
7,-6,17,8.5309399e+33,0.000000
5,-4,42,8.5094173e+33,0.000000
6,-5,0,8.2723139e+33,0.000000
2,1,-12,8.1616485e+33,0.000000
4,0,-12,8.0589838e+33,0.000000
4,0,12,8.0589838e+33,0.000000
5,-1,-5,7.9678524e+33,0.000000
4,-4,53,7.8975699e+33,0.000000
5,-5,48,7.8681561e+33,0.000000
7,-5,21,7.8675558e+33,0.000000
2,1,20,7.8512995e+33,0.000000
6,-6,38,7.8044484e+33,0.000000
7,-3,7,7.7772503e+33,0.000000
3,-2,-12,7.7179319e+33,0.000000
6,-5,35,7.5015573e+33,0.000000
3,-2,43,7.4478915e+33,0.000000
5,-2,20,7.4392236e+33,0.000000
5,-1,17,7.4031767e+33,0.000000
7,-6,5,7.3294226e+33,0.000000
7,-7,18,7.3241897e+33,0.000000
3,0,-18,7.2907593e+33,0.000000
3,0,18,7.2907593e+33,0.000000
4,-3,45,7.2433734e+33,0.000000
7,-3,1,7.0057076e+33,0.000000
3,3,18,6.8240523e+33,0.000000
3,-1,-21,6.8239702e+33,0.000000
8,-5,8,6.8041968e+33,0.000000
5,1,-3,6.771106e+33,0.000000
6,-1,1,6.7292363e+33,0.000000
5,-3,29,6.6099209e+33,0.000000
3,-3,55,6.5089058e+33,0.000000
5,0,-3,6.4849938e+33,0.000000
5,0,3,6.4849938e+33,0.000000
3,1,18,6.4670195e+33,0.000000
8,-6,12,6.4286157e+33,0.000000
3,2,19,6.4088531e+33,0.000000
7,-6,18,6.3634746e+33,0.000000
2,2,24,6.2406365e+33,0.000000
6,-6,39,6.2217713e+33,0.000000
6,-2,7,6.2006238e+33,0.000000
3,-3,-14,6.1842795e+33,0.000000
2,-1,32,6.1275748e+33,0.000000
2,-1,-23,6.0953503e+33,0.000000
4,-2,-12,6.091377e+33,0.000000
2,0,-24,6.0555823e+33,0.000000
2,0,24,6.0555823e+33,0.000000
5,-4,43,6.0276899e+33,0.000000
4,2,9,6.0093733e+33,0.000000
4,-2,31,6.0052104e+33,0.000000
5,3,-1,5.9846394e+33,0.000000
4,-1,-12,5.9770719e+33,0.000000
6,-3,12,5.9572087e+33,0.000000
2,-2,55,5.9198695e+33,0.000000
7,-4,11,5.9158011e+33,0.000000
6,-3,0,5.8944747e+33,0.000000
4,2,10,5.867699e+33,0.000000
7,-5,22,5.8511823e+33,0.000000
6,-5,36,5.7720332e+33,0.000000
4,2,6,5.7628281e+33,0.000000
5,-5,49,5.7407453e+33,0.000000
7,-7,5,5.7269968e+33,0.000000
3,1,-13,5.6070103e+33,0.000000
6,-5,-1,5.5417617e+33,0.000000
4,-4,54,5.4625802e+33,0.000000
4,2,8,5.3515011e+33,0.000000
7,-7,19,5.3411197e+33,0.000000
7,-3,8,5.2652953e+33,0.000000
8,-8,10,5.1967595e+33,0.000000
5,0,-2,5.1823426e+33,0.000000
5,0,2,5.1823426e+33,0.000000
6,-4,25,5.1821325e+33,0.000000
4,-1,20,5.1761809e+33,0.000000
4,2,11,5.1546e+33,0.000000
4,1,12,5.1425665e+33,0.000000
6,-6,40,4.9351043e+33,0.000000
5,-2,21,4.9307137e+33,0.000000
7,-6,19,4.8719778e+33,0.000000
4,-3,46,4.818712e+33,0.000000
6,-6,-2,4.8162623e+33,0.000000
3,0,-19,4.7994669e+33,0.000000
3,0,19,4.7994669e+33,0.000000
3,3,19,4.7342036e+33,0.000000
5,0,-4,4.6899865e+33,0.000000
5,0,4,4.6899865e+33,0.000000
4,3,0,4.6294691e+33,0.000000
5,-3,30,4.6117456e+33,0.000000
3,-2,44,4.535309e+33,0.000000
8,-7,11,4.5225618e+33,0.000000
6,-2,1,4.5204538e+33,0.000000
4,3,5,4.4971195e+33,0.000000
4,3,4,4.4846782e+33,0.000000
6,-5,37,4.4231932e+33,0.000000
5,-1,18,4.3744881e+33,0.000000
4,2,7,4.3543836e+33,0.000000
9,-7,9,4.3075319e+33,0.000000
7,-5,23,4.3057803e+33,0.000000
5,-4,44,4.2681603e+33,0.000000
4,3,6,4.2611636e+33,0.000000
2,1,-13,4.2496514e+33,0.000000
2,1,21,4.2068963e+33,0.000000
4,2,12,4.1921037e+33,0.000000
5,-5,50,4.1881428e+33,0.000000
8,-8,12,4.1652411e+33,0.000000
3,2,20,4.0739844e+33,0.000000
2,2,-7,4.072564e+33,0.000000
5,1,7,4.029007e+33,0.000000
4,3,-1,3.9971055e+33,0.000000
7,-7,20,3.9893899e+33,0.000000
4,3,3,3.948018e+33,0.000000
8,-6,13,3.9364174e+33,0.000000
4,3,7,3.917602e+33,0.000000
6,-6,41,3.8962706e+33,0.000000
7,-4,12,3.8919566e+33,0.000000
7,-6,20,3.8179089e+33,0.000000
6,-3,13,3.8170366e+33,0.000000
4,-1,-13,3.7768904e+33,0.000000
4,-4,55,3.7740147e+33,0.000000
2,2,25,3.7626807e+33,0.000000
3,-1,26,3.7599269e+33,0.000000
5,1,8,3.7542208e+33,0.000000
2,-2,-21,3.7237038e+33,0.000000
7,-3,9,3.7173264e+33,0.000000
7,-6,4,3.6964532e+33,0.000000
3,-1,-22,3.6437334e+33,0.000000
5,1,6,3.6243871e+33,0.000000
4,4,-2,3.6150848e+33,0.000000
4,2,-4,3.5992381e+33,0.000000
3,-2,-13,3.5837309e+33,0.000000
2,0,-25,3.5342748e+33,0.000000
2,0,25,3.5342748e+33,0.000000
4,3,8,3.5198056e+33,0.000000
4,-2,32,3.3873889e+33,0.000000
6,-5,38,3.3768954e+33,0.000000
7,-4,2,3.2941687e+33,0.000000
2,-1,-24,3.2858729e+33,0.000000
3,3,20,3.2577879e+33,0.000000
5,-2,22,3.223693e+33,0.000000
4,2,13,3.2172473e+33,0.000000
4,-3,47,3.2041103e+33,0.000000
5,-3,31,3.1753227e+33,0.000000
8,-4,5,3.134898e+33,0.000000
7,-5,24,3.1343265e+33,0.000000
5,1,9,3.1211184e+33,0.000000
3,0,-20,3.1202172e+33,0.000000
3,0,20,3.1202172e+33,0.000000
3,1,19,3.108723e+33,0.000000
5,1,4,3.1001773e+33,0.000000
4,3,9,3.0929166e+33,0.000000
6,-6,42,3.0628438e+33,0.000000
5,-5,51,3.0556313e+33,0.000000
7,-6,21,3.054327e+33,0.000000
7,-7,21,3.0412286e+33,0.000000
3,-3,-15,3.0389616e+33,0.000000
5,-4,45,3.0215594e+33,0.000000
3,1,-14,3.0015243e+33,0.000000
9,-7,10,2.9997551e+33,0.000000
4,1,13,2.9907299e+33,0.000000
6,-4,-3,2.9777459e+33,0.000000
7,-5,0,2.9698573e+33,0.000000
2,-1,33,2.9690797e+33,0.000000
4,-2,-13,2.9491312e+33,0.000000
6,-4,26,2.9229943e+33,0.000000
8,-5,5,2.9046742e+33,0.000000
5,0,-5,2.8992026e+33,0.000000
5,0,5,2.8992026e+33,0.000000
6,-3,14,2.8802417e+33,0.000000
6,-2,8,2.849006e+33,0.000000
6,-1,2,2.8432208e+33,0.000000
4,3,2,2.7843978e+33,0.000000
4,0,-13,2.7743255e+33,0.000000
4,0,13,2.7743255e+33,0.000000
3,-2,45,2.7546042e+33,0.000000
4,3,10,2.6571976e+33,0.000000
7,-3,10,2.6417541e+33,0.000000
8,-5,9,2.6321018e+33,0.000000
5,1,5,2.6089368e+33,0.000000
7,-7,4,2.6087464e+33,0.000000
7,-4,13,2.6065509e+33,0.000000
3,2,21,2.5792106e+33,0.000000
6,-5,39,2.5692689e+33,0.000000
8,-6,14,2.5527776e+33,0.000000
5,-1,19,2.5395322e+33,0.000000
6,-3,15,2.5005483e+33,0.000000
7,-6,22,2.4879032e+33,0.000000
4,1,-2,2.4812028e+33,0.000000
5,1,10,2.4001054e+33,0.000000
6,-6,43,2.3981052e+33,0.000000
4,-1,21,2.3834007e+33,0.000000
4,2,14,2.3600703e+33,0.000000
7,-7,22,2.3596437e+33,0.000000
4,-1,-14,2.3525473e+33,0.000000
6,-3,16,2.3334957e+33,0.000000
8,-7,12,2.2930235e+33,0.000000
4,3,-2,2.2865492e+33,0.000000
4,3,1,2.2796794e+33,0.000000
2,2,26,2.2721751e+33,0.000000
7,-5,25,2.2572805e+33,0.000000
2,1,22,2.247085e+33,0.000000
4,3,11,2.2321081e+33,0.000000
5,-5,52,2.2298108e+33,0.000000
2,1,-14,2.2282722e+33,0.000000
3,3,21,2.2266109e+33,0.000000
6,-3,17,2.2092521e+33,0.000000
5,1,-4,2.1930525e+33,0.000000
5,-3,32,2.1618623e+33,0.000000
8,-4,4,2.1598761e+33,0.000000
8,-6,5,2.1407355e+33,0.000000
5,-4,46,2.1388293e+33,0.000000
5,3,3,2.1361825e+33,0.000000
4,-3,48,2.1288377e+33,0.000000
5,-2,23,2.0813087e+33,0.000000
2,0,-26,2.058844e+33,0.000000
2,0,26,2.058844e+33,0.000000
7,-6,23,2.0577834e+33,0.000000
6,-3,18,2.0577488e+33,0.000000
5,3,2,2.0427136e+33,0.000000
3,0,-21,2.0076264e+33,0.000000
3,0,21,2.0076264e+33,0.000000
4,1,-4,1.9783298e+33,0.000000
5,-1,-6,1.95836e+33,0.000000
6,-5,40,1.948672e+33,0.000000
3,-1,-23,1.9467565e+33,0.000000
8,-8,13,1.9059187e+33,0.000000
5,2,1,1.8996868e+33,0.000000
4,-2,33,1.8960128e+33,0.000000
6,-6,44,1.8707522e+33,0.000000
6,-3,19,1.8628483e+33,0.000000
7,-7,23,1.859668e+33,0.000000
7,-3,11,1.8569188e+33,0.000000
7,-6,3,1.8410969e+33,0.000000
4,3,12,1.8345801e+33,0.000000
5,3,4,1.8117268e+33,0.000000
4,1,-5,1.7949762e+33,0.000000
2,-1,-25,1.7766821e+33,0.000000
7,-4,14,1.7517376e+33,0.000000
5,1,11,1.7431102e+33,0.000000
8,-6,15,1.7370056e+33,0.000000
7,-6,24,1.7234163e+33,0.000000
6,0,-2,1.713827e+33,0.000000
6,0,2,1.713827e+33,0.000000
9,-6,8,1.7117258e+33,0.000000
4,1,14,1.7013289e+33,0.000000
4,2,15,1.6697328e+33,0.000000
3,-2,46,1.6683839e+33,0.000000
5,0,-6,1.6627119e+33,0.000000
5,0,6,1.6627119e+33,0.000000
8,-7,8,1.6604577e+33,0.000000
8,-4,6,1.6600543e+33,0.000000
6,-3,20,1.6341767e+33,0.000000
3,-2,-14,1.6324585e+33,0.000000
5,2,0,1.6318121e+33,0.000000
5,-5,53,1.6277054e+33,0.000000
3,2,22,1.6275087e+33,0.000000
6,-6,-3,1.6183739e+33,0.000000
6,-4,27,1.6154502e+33,0.000000
7,-5,26,1.6090643e+33,0.000000
3,1,-15,1.6066988e+33,0.000000
4,4,-3,1.5891218e+33,0.000000
4,2,-5,1.5533257e+33,0.000000
7,-5,-1,1.5229928e+33,0.000000
5,-4,47,1.5139832e+33,0.000000
3,3,22,1.5132454e+33,0.000000
3,-3,-16,1.5115948e+33,0.000000
7,-7,24,1.4870436e+33,0.000000
4,3,13,1.4770219e+33,0.000000
6,-5,41,1.4737514e+33,0.000000
3,1,20,1.4665555e+33,0.000000
5,-3,33,1.4577938e+33,0.000000
7,-6,25,1.4573257e+33,0.000000
6,-6,45,1.4544509e+33,0.000000
5,-1,20,1.4496489e+33,0.000000
4,-1,-15,1.4469456e+33,0.000000
4,-4,-6,1.4266415e+33,0.000000
4,-2,-14,1.4206917e+33,0.000000
4,-3,49,1.4128172e+33,0.000000
2,-2,-22,1.4098137e+33,0.000000
5,3,0,1.4043076e+33,0.000000
2,-1,34,1.4032103e+33,0.000000
6,-3,21,1.3903875e+33,0.000000
5,3,5,1.3835017e+33,0.000000
2,2,27,1.3745408e+33,0.000000
8,-7,13,1.3505441e+33,0.000000
4,1,-6,1.3499809e+33,0.000000
5,-2,24,1.3283211e+33,0.000000
8,-5,10,1.3156039e+33,0.000000
4,4,-1,1.2856635e+33,0.000000
3,0,-22,1.2808283e+33,0.000000
3,0,22,1.2808283e+33,0.000000
7,-3,12,1.2792133e+33,0.000000
2,2,-8,1.273074e+33,0.000000
6,-2,9,1.2561521e+33,0.000000
3,-1,27,1.2548767e+33,0.000000
7,-6,26,1.2407001e+33,0.000000
8,-6,16,1.2321222e+33,0.000000
7,-3,0,1.2166893e+33,0.000000
5,1,12,1.210915e+33,0.000000
5,3,1,1.2107715e+33,0.000000
7,-7,25,1.2060393e+33,0.000000
2,0,-27,1.19793e+33,0.000000
2,0,27,1.19793e+33,0.000000
2,1,23,1.1964993e+33,0.000000
5,-5,54,1.1886877e+33,0.000000
2,1,-15,1.1739092e+33,0.000000
7,-4,15,1.1691391e+33,0.000000
4,3,14,1.1665216e+33,0.000000
6,-3,22,1.1500084e+33,0.000000
4,2,16,1.1468212e+33,0.000000
7,-5,27,1.1360407e+33,0.000000
6,-6,46,1.1273025e+33,0.000000
4,4,1,1.1196325e+33,0.000000
6,-5,42,1.111676e+33,0.000000
6,-6,-4,1.0871953e+33,0.000000
8,-8,14,1.0851662e+33,0.000000
5,-4,48,1.0717705e+33,0.000000
4,1,-3,1.0684139e+33,0.000000
7,-6,27,1.0606157e+33,0.000000
4,-2,34,1.0519439e+33,0.000000
4,-1,22,1.0463873e+33,0.000000
4,4,0,1.0448552e+33,0.000000
3,-1,-24,1.0409787e+33,0.000000
3,2,23,1.0243043e+33,0.000000
3,3,23,1.02364e+33,0.000000
3,-2,47,1.0077388e+33,0.000000
7,-7,26,9.9224751e+32,0.000000
8,-4,3,9.8583058e+32,0.000000
5,3,6,9.8485212e+32,0.000000
5,3,-2,9.7536084e+32,0.000000
5,-3,34,9.7494272e+32,0.000000
2,-1,-26,9.6362478e+32,0.000000
4,4,2,9.61221e+32,0.000000
4,1,15,9.4601781e+32,0.000000
4,1,-7,9.4205551e+32,0.000000
4,-3,50,9.3619476e+32,0.000000
6,-3,23,9.2724428e+32,0.000000
5,2,2,9.1518419e+32,0.000000
7,-6,28,9.0821413e+32,0.000000
7,-7,3,9.0781627e+32,0.000000
8,-6,17,9.0572452e+32,0.000000
4,3,15,9.0520793e+32,0.000000
5,0,-7,9.0310632e+32,0.000000
5,0,7,9.0310632e+32,0.000000
8,-8,9,9.0068356e+32,0.000000
9,-7,11,8.810555e+32,0.000000
4,-1,-16,8.8009432e+32,0.000000
4,0,-14,8.7941096e+32,0.000000
4,0,14,8.7941096e+32,0.000000
6,-4,28,8.7365924e+32,0.000000
6,-6,47,8.7128258e+32,0.000000
5,-5,55,8.6851242e+32,0.000000
3,1,-16,8.5927634e+32,0.000000
7,-3,13,8.589558e+32,0.000000
5,-2,25,8.3879022e+32,0.000000
6,-5,43,8.3657928e+32,0.000000
8,-7,14,8.3552866e+32,0.000000
4,4,3,8.334236e+32,0.000000
2,2,28,8.331314e+32,0.000000
7,-7,27,8.2829682e+32,0.000000
5,-1,21,8.1419883e+32,0.000000
3,0,-23,8.1152058e+32,0.000000
3,0,23,8.1152058e+32,0.000000
5,1,13,8.112783e+32,0.000000
5,0,-1,7.9811493e+32,0.000000
5,0,1,7.9811493e+32,0.000000
7,-5,28,7.9503354e+32,0.000000
6,-5,-2,7.8328881e+32,0.000000
4,2,-2,7.7993248e+32,0.000000
7,-6,29,7.7744928e+32,0.000000
7,-4,16,7.6876068e+32,0.000000
4,2,17,7.6848439e+32,0.000000
3,-3,-17,7.5999989e+32,0.000000
5,-4,49,7.5882799e+32,0.000000
8,-5,11,7.5275841e+32,0.000000
7,-4,1,7.4293418e+32,0.000000
3,2,-3,7.345006e+32,0.000000
8,-6,4,7.3215625e+32,0.000000
6,-3,24,7.3082829e+32,0.000000
3,-2,-15,7.2788205e+32,0.000000
4,4,4,7.1681865e+32,0.000000
7,-7,28,7.0135604e+32,0.000000
4,-4,-7,6.9888657e+32,0.000000
2,0,-28,6.9655847e+32,0.000000
2,0,28,6.9655847e+32,0.000000
4,3,16,6.9130711e+32,0.000000
3,3,24,6.8980533e+32,0.000000
8,-6,18,6.8598896e+32,0.000000
5,-1,-2,6.8564245e+32,0.000000
8,-4,7,6.8490302e+32,0.000000
4,-2,-15,6.8048213e+32,0.000000
3,1,21,6.7702996e+32,0.000000
6,-6,48,6.7169007e+32,0.000000
7,-5,-2,6.6865817e+32,0.000000
7,-6,30,6.6419716e+32,0.000000
8,-8,15,6.624495e+32,0.000000
5,3,7,6.6193193e+32,0.000000
6,2,0,6.5172099e+32,0.000000
5,-3,35,6.4738569e+32,0.000000
3,2,24,6.4337425e+32,0.000000
2,-1,35,6.4136812e+32,0.000000
2,1,24,6.3500376e+32,0.000000
4,1,-8,6.3288543e+32,0.000000
9,-7,8,6.3031786e+32,0.000000
6,-5,44,6.2822075e+32,0.000000
7,-4,0,6.2440182e+32,0.000000
2,1,-16,6.2035932e+32,0.000000
4,-3,51,6.1914784e+32,0.000000
4,2,-6,6.16938e+32,0.000000
7,-3,-1,6.0931984e+32,0.000000
3,-2,48,6.073923e+32,0.000000
7,-7,29,6.0172552e+32,0.000000
4,4,5,5.863515e+32,0.000000
4,-2,35,5.7764506e+32,0.000000
7,-6,31,5.6561402e+32,0.000000
6,-3,25,5.6453307e+32,0.000000
7,-3,14,5.5997313e+32,0.000000
3,-1,-25,5.5719391e+32,0.000000
5,1,-5,5.5340168e+32,0.000000
7,-5,29,5.5196458e+32,0.000000
8,-5,4,5.4353851e+32,0.000000
5,-4,50,5.3735133e+32,0.000000
8,-6,19,5.3224266e+32,0.000000
4,-1,-17,5.3010814e+32,0.000000
6,-2,10,5.2964707e+32,0.000000
8,-7,15,5.2954842e+32,0.000000
6,-5,-3,5.2941364e+32,0.000000
5,1,14,5.271602e+32,0.000000
5,-2,26,5.2448508e+32,0.000000
2,-1,-27,5.2426667e+32,0.000000
7,-7,30,5.2204014e+32,0.000000
4,3,17,5.2044002e+32,0.000000
7,-6,2,5.2037521e+32,0.000000
2,-2,-23,5.1927574e+32,0.000000
6,-6,49,5.1663147e+32,0.000000
4,1,16,5.136252e+32,0.000000
3,0,-24,5.1132773e+32,0.000000
3,0,24,5.1132773e+32,0.000000
2,2,29,5.060041e+32,0.000000
4,2,18,5.0438664e+32,0.000000
7,-4,17,4.9474471e+32,0.000000
9,-6,9,4.8489274e+32,0.000000
6,-1,6,4.7985613e+32,0.000000
7,-6,32,4.7967969e+32,0.000000
6,-5,45,4.7085937e+32,0.000000
8,-5,12,4.7067604e+32,0.000000
5,0,-8,4.6628227e+32,0.000000
5,0,8,4.6628227e+32,0.000000
3,3,25,4.6340681e+32,0.000000
4,4,6,4.6218837e+32,0.000000
6,-4,29,4.6147833e+32,0.000000
3,1,-17,4.588889e+32,0.000000
7,-7,31,4.5677944e+32,0.000000
6,-1,5,4.5563168e+32,0.000000
6,-1,7,4.5310526e+32,0.000000
5,-1,22,4.5011542e+32,0.000000
8,-6,3,4.4873183e+32,0.000000
6,-1,3,4.365391e+32,0.000000
4,-1,23,4.3599744e+32,0.000000
5,-1,-7,4.355676e+32,0.000000
2,2,-9,4.3109611e+32,0.000000
6,-3,26,4.2838852e+32,0.000000
5,-3,36,4.2721727e+32,0.000000
5,-3,-3,4.2467632e+32,0.000000
5,3,8,4.2228643e+32,0.000000
8,-6,20,4.2061388e+32,0.000000
5,-3,-5,4.1641854e+32,0.000000
4,1,-9,4.1544651e+32,0.000000
8,-8,16,4.1443126e+32,0.000000
4,-3,52,4.0848094e+32,0.000000
2,0,-29,4.0492245e+32,0.000000
2,0,29,4.0492245e+32,0.000000
7,-6,33,4.0488259e+32,0.000000
9,-7,12,4.0443523e+32,0.000000
4,-3,-6,4.0419926e+32,0.000000
3,2,25,4.0350473e+32,0.000000
7,-7,32,4.0191209e+32,0.000000
6,-1,8,3.9818088e+32,0.000000
6,-6,50,3.9655456e+32,0.000000
4,3,18,3.8683728e+32,0.000000
3,-3,-18,3.8584271e+32,0.000000
9,-8,11,3.8320636e+32,0.000000
3,-1,28,3.8209463e+32,0.000000
7,-7,2,3.8101779e+32,0.000000
5,-4,51,3.8057928e+32,0.000000
7,-5,30,3.8048651e+32,0.000000
8,-4,2,3.7915218e+32,0.000000
5,2,-1,3.7645105e+32,0.000000
6,-1,4,3.6899745e+32,0.000000
4,4,7,3.6593181e+32,0.000000
3,-2,49,3.6583869e+32,0.000000
7,-7,33,3.5459554e+32,0.000000
7,-3,15,3.5319676e+32,0.000000
6,-5,46,3.5232078e+32,0.000000
8,-4,8,3.4870268e+32,0.000000
5,2,3,3.4670331e+32,0.000000
8,-7,16,3.4479819e+32,0.000000
4,-4,-8,3.4410796e+32,0.000000
9,-5,6,3.4382178e+32,0.000000
9,-6,7,3.4343161e+32,0.000000
7,-6,34,3.4001279e+32,0.000000
8,-6,21,3.3669914e+32,0.000000
2,1,25,3.3579358e+32,0.000000
5,1,15,3.3358306e+32,0.000000
6,-1,9,3.3145109e+32,0.000000
6,0,-6,3.301444e+32,0.000000
6,0,6,3.301444e+32,0.000000
2,1,-17,3.284882e+32,0.000000
4,2,19,3.2527061e+32,0.000000
5,-2,27,3.2495831e+32,0.000000
4,-2,-16,3.2384449e+32,0.000000
3,0,-25,3.207686e+32,0.000000
3,0,25,3.207686e+32,0.000000
6,-3,27,3.2001618e+32,0.000000
4,-3,-7,3.1859922e+32,0.000000
7,-1,1,3.1828132e+32,0.000000
4,-3,-5,3.1764213e+32,0.000000
3,-2,-16,3.1676538e+32,0.000000
4,-1,-18,3.1659998e+32,0.000000
5,-1,-10,3.1514169e+32,0.000000
8,-5,13,3.1414262e+32,0.000000
4,-2,36,3.132873e+32,0.000000
7,-7,34,3.1290581e+32,0.000000
6,0,-5,3.1152074e+32,0.000000
6,0,5,3.1152074e+32,0.000000
3,3,26,3.1054437e+32,0.000000
7,-4,18,3.0980969e+32,0.000000
2,2,30,3.0796594e+32,0.000000
3,1,22,3.0459289e+32,0.000000
6,-6,51,3.0383763e+32,0.000000
4,4,8,3.0338215e+32,0.000000
5,-1,-11,3.0127729e+32,0.000000
3,-1,-26,2.985613e+32,0.000000
8,-7,7,2.9249084e+32,0.000000
2,-1,-28,2.8610533e+32,0.000000
3,2,-4,2.8446795e+32,0.000000
4,3,19,2.843034e+32,0.000000
7,-6,35,2.8403427e+32,0.000000
4,0,-15,2.8209e+32,0.000000
4,0,15,2.8209e+32,0.000000
5,-3,37,2.8038974e+32,0.000000
2,-1,36,2.7996517e+32,0.000000
5,-1,-9,2.7728664e+32,0.000000
6,0,-7,2.7604385e+32,0.000000
6,0,7,2.7604385e+32,0.000000
7,-7,35,2.7559724e+32,0.000000
4,1,17,2.7187118e+32,0.000000
8,-6,22,2.7163167e+32,0.000000
5,-4,52,2.695789e+32,0.000000
4,-3,53,2.6872269e+32,0.000000
4,4,9,2.6828847e+32,0.000000
4,1,-10,2.6826736e+32,0.000000
8,-8,17,2.6500812e+32,0.000000
6,-1,10,2.6394942e+32,0.000000
6,-5,47,2.6323595e+32,0.000000
7,-5,31,2.6063309e+32,0.000000
5,3,9,2.5617032e+32,0.000000
5,-1,-12,2.5508097e+32,0.000000
8,-8,8,2.5422455e+32,0.000000
4,2,-7,2.5321173e+32,0.000000
3,2,26,2.5279555e+32,0.000000
4,4,10,2.5001721e+32,0.000000
7,-1,3,2.4509455e+32,0.000000
5,-1,23,2.4494896e+32,0.000000
3,1,-18,2.4465805e+32,0.000000
7,-7,36,2.4189852e+32,0.000000
4,4,11,2.3878663e+32,0.000000
6,-4,30,2.3744415e+32,0.000000
7,-6,36,2.3601255e+32,0.000000
6,-3,28,2.3577372e+32,0.000000
2,0,-30,2.3539097e+32,0.000000
2,0,30,2.3539097e+32,0.000000
9,-9,12,2.3383519e+32,0.000000
6,2,3,2.3268923e+32,0.000000
6,-6,52,2.3243527e+32,0.000000
8,-7,17,2.3197698e+32,0.000000
5,0,-9,2.2812815e+32,0.000000
5,0,9,2.2812815e+32,0.000000
4,4,12,2.2789723e+32,0.000000
5,-1,-8,2.2514705e+32,0.000000
6,-2,11,2.2326671e+32,0.000000
9,-7,13,2.2195205e+32,0.000000
3,-2,50,2.20819e+32,0.000000
8,-5,14,2.2008355e+32,0.000000
8,-6,23,2.1987346e+32,0.000000
4,-3,-8,2.1509975e+32,0.000000
7,-3,16,2.1475508e+32,0.000000
4,4,13,2.1395819e+32,0.000000
8,-6,2,2.139191e+32,0.000000
7,-7,1,2.1297396e+32,0.000000
6,2,4,2.1188479e+32,0.000000
7,-7,37,2.1134923e+32,0.000000
7,-5,-3,2.1115237e+32,0.000000
3,3,27,2.077012e+32,0.000000
4,3,20,2.0688011e+32,0.000000
4,2,20,2.0662767e+32,0.000000
5,1,16,2.0620445e+32,0.000000
7,-1,2,2.0560567e+32,0.000000
9,-5,7,2.0551726e+32,0.000000
8,-4,9,2.0549453e+32,0.000000
6,0,-8,2.0347719e+32,0.000000
6,0,8,2.0347719e+32,0.000000
6,-1,11,2.0236965e+32,0.000000
3,0,-26,2.0053907e+32,0.000000
3,0,26,2.0053907e+32,0.000000
5,-2,28,1.9959856e+32,0.000000
5,-1,-13,1.9875019e+32,0.000000
3,-3,-19,1.976458e+32,0.000000
6,-5,48,1.9642736e+32,0.000000
4,4,14,1.9614611e+32,0.000000
7,-6,37,1.9507869e+32,0.000000
5,-4,53,1.9096078e+32,0.000000
2,2,31,1.8782963e+32,0.000000
7,-4,19,1.8773928e+32,0.000000
4,-1,-19,1.8770766e+32,0.000000
2,-2,-24,1.8532746e+32,0.000000
7,-7,38,1.8367649e+32,0.000000
5,-3,38,1.831303e+32,0.000000
8,-6,24,1.7792105e+32,0.000000
6,-6,53,1.7757805e+32,0.000000
7,-5,32,1.775522e+32,0.000000
2,1,26,1.7683771e+32,0.000000
4,-3,54,1.7620867e+32,0.000000
4,4,15,1.7520513e+32,0.000000
8,-8,18,1.7455504e+32,0.000000
2,1,-18,1.7417321e+32,0.000000
4,-1,24,1.7393972e+32,0.000000
6,-3,-2,1.7185516e+32,0.000000
6,-3,29,1.7159778e+32,0.000000
4,1,-11,1.7095981e+32,0.000000
4,-2,37,1.6734536e+32,0.000000
9,-6,10,1.6664004e+32,0.000000
4,-4,-9,1.6658027e+32,0.000000
6,0,-4,1.6574657e+32,0.000000
6,0,4,1.6574657e+32,0.000000
8,-7,18,1.6146911e+32,0.000000
7,-6,38,1.6041521e+32,0.000000
3,-1,-27,1.6014447e+32,0.000000
8,-5,15,1.5963491e+32,0.000000
7,-7,39,1.587077e+32,0.000000
3,2,27,1.5826282e+32,0.000000
2,-1,-29,1.5660017e+32,0.000000
6,2,5,1.5642184e+32,0.000000
2,2,-10,1.5466097e+32,0.000000
6,2,2,1.5393233e+32,0.000000
4,-2,-17,1.530142e+32,0.000000
4,4,16,1.5257024e+32,0.000000
6,-2,-1,1.5037755e+32,0.000000
6,-1,12,1.5002239e+32,0.000000
4,3,21,1.4923481e+32,0.000000
5,2,4,1.4821793e+32,0.000000
5,3,10,1.4766187e+32,0.000000
6,-5,49,1.4641883e+32,0.000000
5,-1,-14,1.4592868e+32,0.000000
7,-1,4,1.453223e+32,0.000000
8,-6,25,1.4351791e+32,0.000000
4,1,18,1.3999152e+32,0.000000
3,3,28,1.3870835e+32,0.000000
6,0,-9,1.3846178e+32,0.000000
6,0,9,1.3846178e+32,0.000000
2,0,-31,1.3686118e+32,0.000000
2,0,31,1.3686118e+32,0.000000
8,-4,10,1.3633261e+32,0.000000
7,-7,40,1.363133e+32,0.000000
5,2,9,1.3600233e+32,0.000000
4,-3,-9,1.3590889e+32,0.000000
6,-6,54,1.3552152e+32,0.000000
5,-4,54,1.3525791e+32,0.000000
5,2,8,1.3516599e+32,0.000000
3,-2,51,1.3422236e+32,0.000000
3,-2,-17,1.3406474e+32,0.000000
4,0,-16,1.3319707e+32,0.000000
4,0,16,1.3319707e+32,0.000000
3,1,23,1.3275434e+32,0.000000
9,-7,14,1.3188382e+32,0.000000
7,-6,39,1.3125388e+32,0.000000
5,-1,24,1.3117484e+32,0.000000
3,3,-5,1.307255e+32,0.000000
3,1,-19,1.3022564e+32,0.000000
4,4,17,1.2975732e+32,0.000000
4,2,21,1.295697e+32,0.000000
10,-8,11,1.2896652e+32,0.000000
3,-1,29,1.2815599e+32,0.000000
5,2,10,1.2770318e+32,0.000000
4,2,-3,1.2635233e+32,0.000000
7,-3,17,1.2535763e+32,0.000000
3,0,-27,1.2504659e+32,0.000000
3,0,27,1.2504659e+32,0.000000
5,1,17,1.2481885e+32,0.000000
6,0,-3,1.2457779e+32,0.000000
6,0,3,1.2457779e+32,0.000000
5,2,7,1.2437763e+32,0.000000
9,-7,7,1.2356292e+32,0.000000
6,-3,30,1.2354734e+32,0.000000
5,-3,-6,1.2243615e+32,0.000000
7,-6,1,1.2183196e+32,0.000000
4,-1,-1,1.2174552e+32,0.000000
5,-2,29,1.2158368e+32,0.000000
3,2,-5,1.2145597e+32,0.000000
5,1,-6,1.209694e+32,0.000000
7,-5,33,1.203796e+32,0.000000
5,-3,39,1.1907855e+32,0.000000
8,-8,19,1.1892524e+32,0.000000
8,-8,7,1.1876874e+32,0.000000
6,-4,31,1.1857224e+32,0.000000
8,-5,16,1.1852045e+32,0.000000
7,-7,41,1.1637241e+32,0.000000
8,-7,19,1.1602836e+32,0.000000
9,-5,5,1.1600044e+32,0.000000
8,-6,26,1.1516291e+32,0.000000
4,-3,55,1.1514585e+32,0.000000
2,2,32,1.1479583e+32,0.000000
2,-1,37,1.1443934e+32,0.000000
5,2,11,1.1315488e+32,0.000000
9,-8,12,1.1265768e+32,0.000000
4,0,-17,1.1205005e+32,0.000000
4,0,17,1.1205005e+32,0.000000
4,0,-18,1.1176388e+32,0.000000
4,0,18,1.1176388e+32,0.000000
4,-1,-20,1.1059835e+32,0.000000
6,-2,12,1.1050971e+32,0.000000
9,-8,10,1.0992527e+32,0.000000
7,-4,20,1.0953363e+32,0.000000
6,-5,50,1.0904786e+32,0.000000
4,2,-8,1.0821996e+32,0.000000
5,2,6,1.0819166e+32,0.000000
4,4,18,1.080233e+32,0.000000
6,-1,13,1.0785437e+32,0.000000
4,1,-12,1.0769472e+32,0.000000
5,-5,-5,1.0726466e+32,0.000000
7,-6,40,1.068789e+32,0.000000
4,3,22,1.0683472e+32,0.000000
4,0,-19,1.052268e+32,0.000000
4,0,19,1.052268e+32,0.000000
5,0,-10,1.0504038e+32,0.000000
5,0,10,1.0504038e+32,0.000000
6,-6,55,1.0333904e+32,0.000000
5,1,-2,1.0329547e+32,0.000000
5,2,5,1.0256442e+32,0.000000
5,-1,-15,1.0249395e+32,0.000000
3,-3,-20,1.020902e+32,0.000000
6,2,6,1.0177365e+32,0.000000
8,-4,11,1.0007945e+32,0.000000
3,2,28,9.9037619e+31,0.000000
7,-7,42,9.8755124e+31,0.000000
8,-7,6,9.8738706e+31,0.000000
9,-9,13,9.6549e+31,0.000000
5,-4,55,9.577691e+31,0.000000
5,2,12,9.5520862e+31,0.000000
3,-1,32,9.3385415e+31,0.000000
2,1,27,9.2673441e+31,0.000000
8,-3,4,9.2621367e+31,0.000000
3,3,29,9.2529215e+31,0.000000
2,1,-19,9.2448053e+31,0.000000
3,-1,33,9.1925229e+31,0.000000
8,-6,27,9.1802473e+31,0.000000
4,0,-20,9.1002197e+31,0.000000
4,0,20,9.1002197e+31,0.000000
8,-5,17,8.923187e+31,0.000000
6,0,-10,8.8929855e+31,0.000000
6,0,10,8.8929855e+31,0.000000
8,-5,3,8.8468926e+31,0.000000
4,4,19,8.8234978e+31,0.000000
6,-3,31,8.8103423e+31,0.000000
4,-2,38,8.7705512e+31,0.000000
7,-6,41,8.6631265e+31,0.000000
7,-7,0,8.633103e+31,0.000000
3,-1,31,8.6045258e+31,0.000000
3,-1,-28,8.5978991e+31,0.000000
2,-1,-30,8.59603e+31,0.000000
8,-7,20,8.5788242e+31,0.000000
8,-8,20,8.3748809e+31,0.000000
7,-7,43,8.3315895e+31,0.000000
4,-3,-10,8.3085119e+31,0.000000
3,-1,34,8.2916518e+31,0.000000
3,-2,52,8.2785429e+31,0.000000
9,-7,15,8.2271086e+31,0.000000
7,-5,34,8.1285535e+31,0.000000
6,-5,51,8.1161169e+31,0.000000
3,-1,30,8.0972699e+31,0.000000
5,3,11,8.0621805e+31,0.000000
4,2,22,8.034044e+31,0.000000
4,-4,-10,7.9855466e+31,0.000000
9,-6,11,7.972611e+31,0.000000
2,0,-32,7.9592647e+31,0.000000
2,0,32,7.9592647e+31,0.000000
8,-4,12,7.9245853e+31,0.000000
6,-2,13,7.8628906e+31,0.000000
3,0,-28,7.7821317e+31,0.000000
3,0,28,7.7821317e+31,0.000000
5,2,13,7.7399544e+31,0.000000
5,-3,40,7.710892e+31,0.000000
7,-4,-1,7.6735471e+31,0.000000
4,3,23,7.5974561e+31,0.000000
6,-1,14,7.5352066e+31,0.000000
6,-2,15,7.4992452e+31,0.000000
6,-2,14,7.4366237e+31,0.000000
5,1,18,7.4129833e+31,0.000000
5,-2,30,7.3462214e+31,0.000000
4,0,-21,7.3355094e+31,0.000000
4,0,21,7.3355094e+31,0.000000
6,-2,16,7.2702523e+31,0.000000
8,-6,28,7.264261e+31,0.000000
7,-1,5,7.2065891e+31,0.000000
4,-2,-18,7.1716005e+31,0.000000
4,4,20,7.0870431e+31,0.000000
4,-1,25,7.0555619e+31,0.000000
8,-4,1,7.0332852e+31,0.000000
2,2,33,7.030102e+31,0.000000
3,-1,35,7.0053899e+31,0.000000
7,-6,42,6.9912324e+31,0.000000
4,1,19,6.9907787e+31,0.000000
7,-3,18,6.9906866e+31,0.000000
7,-7,44,6.9893728e+31,0.000000
7,-6,0,6.9867763e+31,0.000000
5,-1,-16,6.9557757e+31,0.000000
3,1,-20,6.921589e+31,0.000000
5,-1,25,6.9072382e+31,0.000000
8,-5,18,6.7610924e+31,0.000000
4,1,-13,6.7116458e+31,0.000000
6,-2,17,6.63351e+31,0.000000
8,-4,13,6.5642017e+31,0.000000
8,-7,21,6.5052001e+31,0.000000
4,-1,-21,6.4823675e+31,0.000000
2,-2,-25,6.4331942e+31,0.000000
6,-3,32,6.2294759e+31,0.000000
3,2,29,6.1962595e+31,0.000000
8,-8,6,6.1872371e+31,0.000000
3,3,30,6.1674638e+31,0.000000
7,-4,21,6.128537e+31,0.000000
8,-8,21,6.077391e+31,0.000000
5,2,14,6.0556079e+31,0.000000
6,-5,52,6.0377424e+31,0.000000
6,2,7,5.9961789e+31,0.000000
7,-7,45,5.831609e+31,0.000000
2,2,-11,5.7873494e+31,0.000000
9,-6,6,5.7315946e+31,0.000000
6,-4,32,5.7188705e+31,0.000000
6,-2,18,5.7157828e+31,0.000000
8,-6,29,5.7040162e+31,0.000000
8,-6,1,5.649327e+31,0.000000
3,-1,36,5.6386699e+31,0.000000
7,-6,43,5.6185505e+31,0.000000
4,4,21,5.6087817e+31,0.000000
4,0,-22,5.6034753e+31,0.000000
4,0,22,5.6034753e+31,0.000000
3,1,24,5.5569076e+31,0.000000
8,-4,14,5.5369098e+31,0.000000
9,-5,8,5.4959923e+31,0.000000
3,-2,-18,5.4958946e+31,0.000000
7,-5,35,5.4700305e+31,0.000000
6,0,-11,5.4530408e+31,0.000000
6,0,11,5.4530408e+31,0.000000
8,-7,5,5.399767e+31,0.000000
4,3,24,5.3716782e+31,0.000000
9,-7,16,5.3486893e+31,0.000000
6,2,1,5.3323837e+31,0.000000
3,-3,-21,5.3148311e+31,0.000000
9,-8,13,5.2834206e+31,0.000000
6,1,1,5.2506866e+31,0.000000
3,-2,53,5.2362196e+31,0.000000
3,2,-6,5.1681905e+31,0.000000
8,-5,19,5.1245143e+31,0.000000
6,-1,15,5.123675e+31,0.000000
10,-8,10,5.0497332e+31,0.000000
8,-7,22,5.0444217e+31,0.000000
4,-3,-11,4.9868498e+31,0.000000
5,-3,41,4.9730515e+31,0.000000
4,2,23,4.9327259e+31,0.000000
2,1,-20,4.9119329e+31,0.000000
7,-7,46,4.8404354e+31,0.000000
3,0,-29,4.8362818e+31,0.000000
3,0,29,4.8362818e+31,0.000000
2,1,28,4.8279436e+31,0.000000
4,2,-9,4.7842834e+31,0.000000
2,-1,-31,4.7312714e+31,0.000000
6,-2,19,4.688878e+31,0.000000
8,-4,15,4.6658025e+31,0.000000
2,0,-33,4.6298364e+31,0.000000
2,0,33,4.6298364e+31,0.000000
3,-1,-29,4.6194511e+31,0.000000
5,2,15,4.5963255e+31,0.000000
5,-1,-17,4.5937688e+31,0.000000
8,-8,22,4.5292302e+31,0.000000
5,0,-11,4.5225667e+31,0.000000
5,0,11,4.5225667e+31,0.000000
7,-6,44,4.4976066e+31,0.000000
6,-5,53,4.4903292e+31,0.000000
4,-2,39,4.4872008e+31,0.000000
8,-6,30,4.4445078e+31,0.000000
9,-6,12,4.4032234e+31,0.000000
5,-2,31,4.4028348e+31,0.000000
4,4,22,4.3816161e+31,0.000000
3,-1,37,4.3752118e+31,0.000000
6,-3,33,4.371299e+31,0.000000
5,1,19,4.3261839e+31,0.000000
2,2,34,4.3135033e+31,0.000000
2,-1,38,4.2405356e+31,0.000000
10,-7,9,4.1793315e+31,0.000000
5,3,12,4.1441935e+31,0.000000
4,1,-14,4.1400633e+31,0.000000
9,-5,4,4.1288665e+31,0.000000
4,0,-23,4.108933e+31,0.000000
4,0,23,4.108933e+31,0.000000
3,3,31,4.1086795e+31,0.000000
9,-9,11,4.0269555e+31,0.000000
7,-7,47,3.9979413e+31,0.000000
8,-7,23,3.9900385e+31,0.000000
9,-9,14,3.9084749e+31,0.000000
8,-4,16,3.8813073e+31,0.000000
3,2,30,3.8764925e+31,0.000000
8,-5,20,3.8667578e+31,0.000000
4,-4,-11,3.8145517e+31,0.000000
8,-3,5,3.7983382e+31,0.000000
4,-1,-22,3.7827465e+31,0.000000
4,3,25,3.778894e+31,0.000000
6,-6,-5,3.7430187e+31,0.000000
8,-5,2,3.7423746e+31,0.000000
7,-3,19,3.7036007e+31,0.000000
6,-2,20,3.6907765e+31,0.000000
3,1,-21,3.674736e+31,0.000000
7,-5,36,3.6706736e+31,0.000000
9,-7,17,3.6132727e+31,0.000000
7,-6,45,3.586903e+31,0.000000
5,-1,26,3.5713184e+31,0.000000
4,-1,26,3.4577533e+31,0.000000
8,-8,23,3.4565861e+31,0.000000
3,-2,54,3.4394072e+31,0.000000
8,-6,31,3.4373285e+31,0.000000
3,3,-6,3.4086976e+31,0.000000
5,2,16,3.3976838e+31,0.000000
6,-1,16,3.3945488e+31,0.000000
4,4,23,3.3841691e+31,0.000000
5,-3,-7,3.3718723e+31,0.000000
4,1,20,3.3712194e+31,0.000000
10,-6,8,3.3577392e+31,0.000000
5,-2,-5,3.3410376e+31,0.000000
6,-5,54,3.3391699e+31,0.000000
4,-2,-19,3.3304022e+31,0.000000
7,-4,-2,3.3242326e+31,0.000000
3,-1,38,3.2993343e+31,0.000000
7,-4,22,3.288473e+31,0.000000
7,-7,48,3.2866681e+31,0.000000
10,-8,12,3.270177e+31,0.000000
7,-7,-1,3.2233097e+31,0.000000
6,2,8,3.2218465e+31,0.000000
8,-7,24,3.2119475e+31,0.000000
6,0,-12,3.2112345e+31,0.000000
6,0,12,3.2112345e+31,0.000000
7,-1,6,3.2091779e+31,0.000000
5,-3,42,3.1941641e+31,0.000000
5,-2,-6,3.1696455e+31,0.000000
8,-4,17,3.1654871e+31,0.000000
9,-7,6,3.1330578e+31,0.000000
9,-8,14,3.0675463e+31,0.000000
6,-3,34,3.0466228e+31,0.000000
10,-7,10,3.0111888e+31,0.000000
3,0,-30,3.0025744e+31,0.000000
3,0,30,3.0025744e+31,0.000000
4,2,24,3.0022682e+31,0.000000
5,-1,-18,2.9679555e+31,0.000000
4,-3,-12,2.9598045e+31,0.000000
4,0,-24,2.9198227e+31,0.000000
4,0,24,2.9198227e+31,0.000000
8,-5,21,2.8938142e+31,0.000000
7,-6,46,2.8505714e+31,0.000000
6,-1,0,2.8267289e+31,0.000000
6,-2,21,2.8059752e+31,0.000000
3,-3,-22,2.7875765e+31,0.000000
3,3,32,2.7362941e+31,0.000000
8,-4,0,2.7065341e+31,0.000000
8,-8,24,2.6945595e+31,0.000000
2,0,-34,2.6935958e+31,0.000000
2,0,34,2.6935958e+31,0.000000
7,-7,49,2.6900097e+31,0.000000
5,1,-7,2.6872782e+31,0.000000
2,2,35,2.6514255e+31,0.000000
6,-4,33,2.6480715e+31,0.000000
4,3,26,2.6467836e+31,0.000000
8,-6,32,2.6395962e+31,0.000000
9,-6,13,2.6333284e+31,0.000000
6,1,2,2.6287728e+31,0.000000
8,-7,25,2.6260928e+31,0.000000
5,-2,32,2.6170367e+31,0.000000
2,1,-21,2.6128032e+31,0.000000
2,-1,-32,2.6107179e+31,0.000000
4,4,24,2.5877648e+31,0.000000
6,2,-1,2.5574191e+31,0.000000
8,-8,5,2.5451373e+31,0.000000
4,1,-15,2.5286641e+31,0.000000
9,-7,18,2.5274647e+31,0.000000
8,-4,18,2.5217151e+31,0.000000
2,1,29,2.4968511e+31,0.000000
5,1,20,2.4838586e+31,0.000000
6,-5,55,2.4833114e+31,0.000000
3,-1,-30,2.4830718e+31,0.000000
5,-2,-7,2.4591833e+31,0.000000
7,-5,37,2.4576897e+31,0.000000
5,2,17,2.4540618e+31,0.000000
4,-1,27,2.4327759e+31,0.000000
3,-1,39,2.4316376e+31,0.000000
3,2,31,2.4253671e+31,0.000000
3,-2,55,2.3736743e+31,0.000000
8,-6,0,2.3682436e+31,0.000000
8,-7,4,2.3326229e+31,0.000000
9,-5,9,2.3323072e+31,0.000000
8,-5,1,2.3135124e+31,0.000000
7,-6,47,2.2579284e+31,0.000000
2,-2,-26,2.2395198e+31,0.000000
3,2,-7,2.2381456e+31,0.000000
2,2,-12,2.2326279e+31,0.000000
4,-2,40,2.2260349e+31,0.000000
4,-1,28,2.212241e+31,0.000000
3,1,25,2.2058277e+31,0.000000
4,-1,-23,2.1992976e+31,0.000000
6,-1,17,2.1931215e+31,0.000000
7,-7,50,2.1925027e+31,0.000000
8,-7,26,2.1769894e+31,0.000000
3,-2,-19,2.1752213e+31,0.000000
4,2,-10,2.1704007e+31,0.000000
9,-9,15,2.168061e+31,0.000000
8,-4,-1,2.1585173e+31,0.000000
8,-5,22,2.14172e+31,0.000000
8,-8,25,2.1399506e+31,0.000000
4,-1,29,2.1296809e+31,0.000000
6,-3,35,2.1104769e+31,0.000000
5,-2,-4,2.0754045e+31,0.000000
6,-2,22,2.0716332e+31,0.000000
5,-3,43,2.0426011e+31,0.000000
4,0,-25,2.0247095e+31,0.000000
4,0,25,2.0247095e+31,0.000000
8,-6,33,2.0136067e+31,0.000000
4,-1,30,1.9887534e+31,0.000000
5,3,13,1.9856834e+31,0.000000
4,4,25,1.9614538e+31,0.000000
8,-4,19,1.9585222e+31,0.000000
3,1,-22,1.9494913e+31,0.000000
7,-6,-1,1.9457921e+31,0.000000
9,-8,15,1.8886286e+31,0.000000
5,-1,-19,1.8835319e+31,0.000000
3,0,-31,1.8628756e+31,0.000000
3,0,31,1.8628756e+31,0.000000
7,-3,20,1.8542207e+31,0.000000
4,3,27,1.846806e+31,0.000000
5,0,-12,1.8370584e+31,0.000000
5,0,12,1.8370584e+31,0.000000
8,-7,27,1.8271976e+31,0.000000
9,-7,19,1.8237726e+31,0.000000
4,-4,-12,1.8223808e+31,0.000000
3,3,33,1.822081e+31,0.000000
6,0,-13,1.8210472e+31,0.000000
6,0,13,1.8210472e+31,0.000000
4,2,25,1.8130333e+31,0.000000
5,-1,27,1.8091413e+31,0.000000
7,-6,48,1.7829735e+31,0.000000
7,-7,51,1.7800106e+31,0.000000
4,-1,31,1.7708567e+31,0.000000
3,-1,40,1.7583607e+31,0.000000
4,-3,-13,1.7437922e+31,0.000000
5,2,18,1.7366672e+31,0.000000
8,-8,26,1.7262846e+31,0.000000
5,-2,-8,1.7177374e+31,0.000000
7,-4,23,1.7130356e+31,0.000000
5,1,-10,1.683989e+31,0.000000
9,-6,14,1.6703335e+31,0.000000
7,-7,-2,1.6576179e+31,0.000000
7,-5,38,1.6427183e+31,0.000000
2,2,36,1.6324773e+31,0.000000
5,1,-9,1.6047745e+31,0.000000
8,-3,6,1.5988751e+31,0.000000
6,2,9,1.5747128e+31,0.000000
2,0,-35,1.567231e+31,0.000000
2,0,35,1.567231e+31,0.000000
8,-5,23,1.5640845e+31,0.000000
4,1,21,1.56112e+31,0.000000
8,-7,28,1.5508103e+31,0.000000
5,-2,33,1.5421878e+31,0.000000
5,1,-11,1.5317768e+31,0.000000
4,-2,-20,1.5300862e+31,0.000000
4,1,-16,1.529875e+31,0.000000
10,-6,7,1.5272748e+31,0.000000
8,-6,34,1.5266948e+31,0.000000
6,4,-2,1.5179884e+31,0.000000
3,2,32,1.5176557e+31,0.000000
4,-1,32,1.5091546e+31,0.000000
6,-2,23,1.4918586e+31,0.000000
8,-4,20,1.4817978e+31,0.000000
4,4,26,1.4752629e+31,0.000000
3,-3,-23,1.4724475e+31,0.000000
6,-3,36,1.4539959e+31,0.000000
9,-8,9,1.4517435e+31,0.000000
3,3,-4,1.447013e+31,0.000000
2,-1,-33,1.4440123e+31,0.000000
5,1,-8,1.4436143e+31,0.000000
7,-7,52,1.439816e+31,0.000000
9,-7,5,1.4249226e+31,0.000000
8,-8,27,1.410207e+31,0.000000
5,1,21,1.4041563e+31,0.000000
7,-6,49,1.4038661e+31,0.000000
2,1,-22,1.3917733e+31,0.000000
6,0,-1,1.3903836e+31,0.000000
6,0,1,1.3903836e+31,0.000000
6,-1,18,1.3825886e+31,0.000000
4,0,-26,1.3772147e+31,0.000000
4,0,26,1.3772147e+31,0.000000
10,-8,13,1.372329e+31,0.000000
5,4,1,1.365618e+31,0.000000
9,-7,20,1.3529557e+31,0.000000
2,-1,39,1.3473083e+31,0.000000
3,-1,-31,1.3348852e+31,0.000000
5,4,6,1.3315718e+31,0.000000
8,-7,29,1.3294049e+31,0.000000
9,-9,16,1.3203513e+31,0.000000
5,4,5,1.3108322e+31,0.000000
6,1,7,1.3091056e+31,0.000000
5,-3,44,1.2997832e+31,0.000000
7,-1,7,1.2994182e+31,0.000000
5,4,-2,1.2927144e+31,0.000000
5,-4,-4,1.2912521e+31,0.000000
6,4,0,1.28982e+31,0.000000
4,3,28,1.284375e+31,0.000000
4,1,-1,1.2804699e+31,0.000000
6,-5,-4,1.2803275e+31,0.000000
2,1,30,1.2795325e+31,0.000000
5,4,7,1.2793976e+31,0.000000
4,-1,-24,1.2747401e+31,0.000000
9,-5,3,1.2738373e+31,0.000000
6,1,8,1.2712029e+31,0.000000
5,1,-12,1.2555368e+31,0.000000
9,-5,10,1.2527464e+31,0.000000
3,-1,41,1.2508711e+31,0.000000
4,-1,33,1.2402942e+31,0.000000
8,-6,-1,1.2260097e+31,0.000000
3,3,34,1.2133349e+31,0.000000
5,2,19,1.2069824e+31,0.000000
5,4,8,1.2041575e+31,0.000000
6,1,6,1.2012814e+31,0.000000
5,-1,-20,1.1779076e+31,0.000000
9,-8,16,1.1773084e+31,0.000000
5,4,4,1.1753693e+31,0.000000
6,-4,34,1.1699501e+31,0.000000
8,-8,28,1.1634561e+31,0.000000
7,-7,53,1.1606395e+31,0.000000
3,0,-32,1.1552629e+31,0.000000
3,0,32,1.1552629e+31,0.000000
8,-6,35,1.1510527e+31,0.000000
8,-7,30,1.1495463e+31,0.000000
6,1,9,1.1358926e+31,0.000000
5,4,9,1.1326547e+31,0.000000
8,-5,24,1.125218e+31,0.000000
5,-2,-9,1.1240872e+31,0.000000
5,4,0,1.1210453e+31,0.000000
9,-6,15,1.1140801e+31,0.000000
4,4,-4,1.1131136e+31,0.000000
7,-6,50,1.1024059e+31,0.000000
4,4,27,1.1020402e+31,0.000000
7,-5,39,1.0966499e+31,0.000000
8,-4,21,1.091949e+31,0.000000
4,2,26,1.0870446e+31,0.000000
5,4,10,1.0715235e+31,0.000000
4,-2,41,1.0615857e+31,0.000000
6,-2,24,1.0517564e+31,0.000000
3,1,-23,1.0338506e+31,0.000000
9,-7,21,1.0288577e+31,0.000000
9,-6,5,1.0277282e+31,0.000000
5,4,2,1.0239605e+31,0.000000
4,-3,-14,1.0221214e+31,0.000000
6,3,2,1.0205493e+31,0.000000
5,4,11,1.0169994e+31,0.000000
6,3,3,1.0094322e+31,0.000000
2,2,37,1.0066135e+31,0.000000
4,2,-11,1.0032176e+31,0.000000
8,-7,31,1.0012574e+31,0.000000
6,-3,37,9.9678408e+30,0.000000
6,0,-14,9.9503032e+30,0.000000
6,0,14,9.9503032e+30,0.000000
5,4,3,9.9185816e+30,0.000000
4,-1,34,9.9000735e+30,0.000000
3,2,-8,9.8836991e+30,0.000000
8,-8,29,9.676441e+30,0.000000
5,4,12,9.6249364e+30,0.000000
3,3,-7,9.5993108e+30,0.000000
5,1,-13,9.5708281e+30,0.000000
6,1,10,9.5211602e+30,0.000000
3,2,33,9.4980416e+30,0.000000
7,-7,54,9.3260164e+30,0.000000
6,1,5,9.3012668e+30,0.000000
5,5,-3,9.2510056e+30,0.000000
8,-3,3,9.2507951e+30,0.000000
4,0,-27,9.2252917e+30,0.000000
4,0,27,9.2252917e+30,0.000000
4,1,-17,9.1730968e+30,0.000000
2,0,-36,9.1185193e+30,0.000000
2,0,36,9.1185193e+30,0.000000
7,-4,24,9.049158e+30,0.000000
5,4,13,9.0271943e+30,0.000000
5,-2,34,9.0043693e+30,0.000000
5,-1,28,8.9501809e+30,0.000000
4,3,29,8.9067971e+30,0.000000
5,-3,-8,8.8766368e+30,0.000000
2,2,-13,8.7995597e+30,0.000000
8,-7,32,8.7706621e+30,0.000000
3,-1,42,8.7696074e+30,0.000000
7,-3,21,8.7676244e+30,0.000000
10,-7,11,8.7421452e+30,0.000000
5,3,14,8.7369826e+30,0.000000
8,-3,7,8.7256668e+30,0.000000
4,-4,-13,8.7254158e+30,0.000000
8,-8,4,8.6478529e+30,0.000000
7,-6,51,8.6353774e+30,0.000000
8,-6,36,8.6342756e+30,0.000000
2,-2,-27,8.6004091e+30,0.000000
6,-1,19,8.5083656e+30,0.000000
6,4,1,8.4162726e+30,0.000000
9,-7,4,8.3902387e+30,0.000000
5,4,14,8.3519667e+30,0.000000
3,-2,-20,8.3285343e+30,0.000000
5,2,20,8.2549749e+30,0.000000
5,-3,45,8.2235979e+30,0.000000
7,1,3,8.2228618e+30,0.000000
9,-9,17,8.1872253e+30,0.000000
4,4,28,8.1829533e+30,0.000000
3,1,26,8.1541911e+30,0.000000
8,-8,30,8.1066928e+30,0.000000
3,3,35,8.0807377e+30,0.000000
6,3,4,8.0663202e+30,0.000000
9,-9,10,8.0190417e+30,0.000000
2,-1,-34,8.0046542e+30,0.000000
9,-7,22,7.9996004e+30,0.000000
8,-5,25,7.9642039e+30,0.000000
8,-4,22,7.8388491e+30,0.000000
3,-3,-24,7.8304217e+30,0.000000
5,1,22,7.8193055e+30,0.000000
9,-6,16,7.7604935e+30,0.000000
4,-1,35,7.7195844e+30,0.000000
8,-7,33,7.7138356e+30,0.000000
4,3,-3,7.7066775e+30,0.000000
7,1,1,7.7055729e+30,0.000000
10,-8,9,7.6716129e+30,0.000000
5,4,15,7.601839e+30,0.000000
5,0,-13,7.5979569e+30,0.000000
5,0,13,7.5979569e+30,0.000000
6,1,11,7.5780811e+30,0.000000
9,-5,11,7.5120058e+30,0.000000
7,-7,55,7.4714544e+30,0.000000
9,-8,17,7.4321351e+30,0.000000
2,1,-23,7.4261959e+30,0.000000
4,-1,-25,7.3692146e+30,0.000000
7,-5,40,7.3154472e+30,0.000000
10,-8,14,7.3125707e+30,0.000000
6,-2,25,7.2810551e+30,0.000000
5,-1,-21,7.2777467e+30,0.000000
7,1,4,7.2570757e+30,0.000000
10,-6,9,7.1923227e+30,0.000000
3,-1,-32,7.1743825e+30,0.000000
3,0,-33,7.1622219e+30,0.000000
3,0,33,7.1622219e+30,0.000000
6,3,-1,7.0405926e+30,0.000000
5,-2,-10,7.0275115e+30,0.000000
6,1,3,6.9730936e+30,0.000000
6,2,10,6.970203e+30,0.000000
4,-2,-21,6.9403339e+30,0.000000
5,1,-14,6.9214775e+30,0.000000
4,1,22,6.8954414e+30,0.000000
8,-8,31,6.8426517e+30,0.000000
6,-3,38,6.8030122e+30,0.000000
8,-7,34,6.800655e+30,0.000000
5,4,16,6.798742e+30,0.000000
10,-9,12,6.785847e+30,0.000000
7,-6,52,6.7489202e+30,0.000000
2,1,31,6.4817169e+30,0.000000
4,2,27,6.4741211e+30,0.000000
8,-6,37,6.4470234e+30,0.000000
9,-7,23,6.3442237e+30,0.000000
2,2,38,6.2151247e+30,0.000000
8,-7,3,6.1682104e+30,0.000000
4,3,30,6.1613819e+30,0.000000
4,0,-28,6.1039005e+30,0.000000
4,0,28,6.1039005e+30,0.000000
3,-1,43,6.0657102e+30,0.000000
4,4,29,6.043826e+30,0.000000
6,4,4,6.0362504e+30,0.000000
8,-7,35,6.0008102e+30,0.000000
5,4,17,5.9741867e+30,0.000000
4,-3,-15,5.9694429e+30,0.000000
6,3,5,5.9651257e+30,0.000000
3,2,34,5.9449447e+30,0.000000
6,1,4,5.9323581e+30,0.000000
6,4,5,5.9291213e+30,0.000000
4,-1,36,5.9071445e+30,0.000000
6,4,2,5.8802528e+30,0.000000
6,4,3,5.8709092e+30,0.000000
8,-8,32,5.824166e+30,0.000000
6,1,12,5.7738969e+30,0.000000
6,4,6,5.6800413e+30,0.000000
9,-6,17,5.609065e+30,0.000000
5,2,21,5.5655677e+30,0.000000
6,3,1,5.5586819e+30,0.000000
8,-5,26,5.5404565e+30,0.000000
10,-7,8,5.5401168e+30,0.000000
8,-4,23,5.4840595e+30,0.000000
3,1,-24,5.4826083e+30,0.000000
8,-3,8,5.4615961e+30,0.000000
4,1,-18,5.4542503e+30,0.000000
3,3,36,5.382871e+30,0.000000
6,4,7,5.3446742e+30,0.000000
7,-4,25,5.3416176e+30,0.000000
5,5,-1,5.3188516e+30,0.000000
2,0,-37,5.3048851e+30,0.000000
2,0,37,5.3048851e+30,0.000000
8,-7,36,5.2924651e+30,0.000000
7,-6,53,5.2636941e+30,0.000000
6,0,-15,5.2329093e+30,0.000000
6,0,15,5.2329093e+30,0.000000
5,-2,35,5.2044309e+30,0.000000
5,-3,46,5.1671348e+30,0.000000
5,4,18,5.1609346e+30,0.000000
6,4,-1,5.1466021e+30,0.000000
9,-7,24,5.1196077e+30,0.000000
6,-1,20,5.1118958e+30,0.000000
9,-9,18,5.1105127e+30,0.000000
7,-1,8,5.0992686e+30,0.000000
7,-7,-3,5.0909131e+30,0.000000
8,-8,33,5.0042158e+30,0.000000
6,-2,26,4.9621102e+30,0.000000
6,-4,35,4.9251641e+30,0.000000
6,4,8,4.9092086e+30,0.000000
7,-5,41,4.8782614e+30,0.000000
4,-2,42,4.8205351e+30,0.000000
9,-8,18,4.810292e+30,0.000000
5,1,-15,4.809046e+30,0.000000
8,-6,38,4.7940269e+30,0.000000
9,-5,12,4.7338066e+30,0.000000
4,2,-12,4.69671e+30,0.000000
7,-6,-2,4.66846e+30,0.000000
8,-7,37,4.6600942e+30,0.000000
6,-3,39,4.6242976e+30,0.000000
7,1,5,4.5335213e+30,0.000000
4,-1,37,4.4519002e+30,0.000000
5,-1,-22,4.4518946e+30,0.000000
2,-1,-35,4.446515e+30,0.000000
4,4,30,4.4429437e+30,0.000000
3,0,-34,4.4393041e+30,0.000000
3,0,34,4.4393041e+30,0.000000
9,-4,6,4.4378114e+30,0.000000
3,2,-9,4.4329415e+30,0.000000
5,4,19,4.3873735e+30,0.000000
6,4,9,4.3696566e+30,0.000000
8,-8,34,4.3439443e+30,0.000000
5,-1,29,4.3041059e+30,0.000000
5,1,23,4.2895417e+30,0.000000
10,-8,15,4.254724e+30,0.000000
4,3,31,4.2531324e+30,0.000000
4,-1,-26,4.2503824e+30,0.000000
2,-2,-28,4.2428014e+30,0.000000
5,-2,-11,4.2419653e+30,0.000000
6,1,13,4.2352215e+30,0.000000
6,3,6,4.229113e+30,0.000000
8,-5,0,4.2262935e+30,0.000000
9,-7,25,4.1929634e+30,0.000000
4,-4,-14,4.1917207e+30,0.000000
3,-3,-25,4.191094e+30,0.000000
9,-6,18,4.1807547e+30,0.000000
3,-1,44,4.141529e+30,0.000000
7,-6,54,4.097718e+30,0.000000
10,-6,6,4.0942041e+30,0.000000
8,-7,38,4.0927313e+30,0.000000
5,0,-14,3.9998348e+30,0.000000
5,0,14,3.9998348e+30,0.000000
4,0,-29,3.9985081e+30,0.000000
4,0,29,3.9985081e+30,0.000000
7,-3,22,3.9938544e+30,0.000000
9,-4,5,3.9863852e+30,0.000000
2,1,-24,3.9703581e+30,0.000000
10,-7,12,3.9663819e+30,0.000000
7,-4,26,3.9232957e+30,0.000000
3,-1,-33,3.853209e+30,0.000000
2,2,39,3.8417521e+30,0.000000
4,2,28,3.8311785e+30,0.000000
8,-8,35,3.8103733e+30,0.000000
8,-5,27,3.7850723e+30,0.000000
8,-8,3,3.7596831e+30,0.000000
6,4,10,3.7542354e+30,0.000000
8,-4,24,3.7405435e+30,0.000000
3,2,35,3.7211969e+30,0.000000
5,2,22,3.7043814e+30,0.000000
8,-3,9,3.6870857e+30,0.000000
5,4,20,3.6746431e+30,0.000000
5,5,0,3.6625463e+30,0.000000
7,-4,29,3.586941e+30,0.000000
3,3,37,3.5866711e+30,0.000000
8,-7,39,3.5825845e+30,0.000000
7,-7,-4,3.5598787e+30,0.000000
7,-4,27,3.5544775e+30,0.000000
7,-4,28,3.5536161e+30,0.000000
8,-6,39,3.551765e+30,0.000000
7,-4,30,3.5225272e+30,0.000000
5,5,1,3.5207009e+30,0.000000
2,2,-14,3.5176039e+30,0.000000
5,4,-1,3.480513e+30,0.000000
4,-3,-16,3.4774842e+30,0.000000
9,-7,26,3.4754028e+30,0.000000
5,3,15,3.4645431e+30,0.000000
2,-1,40,3.4076877e+30,0.000000
9,-7,3,3.3910306e+30,0.000000
8,-8,36,3.3755129e+30,0.000000
6,-2,27,3.3362129e+30,0.000000
7,-4,31,3.3350114e+30,0.000000
4,-1,38,3.3137488e+30,0.000000
7,-3,-2,3.2953124e+30,0.000000
9,-8,8,3.2678069e+30,0.000000
7,-5,42,3.253173e+30,0.000000
4,4,31,3.252542e+30,0.000000
9,-9,19,3.2502221e+30,0.000000
5,1,-16,3.237237e+30,0.000000
2,1,32,3.2353157e+30,0.000000
5,-3,47,3.2192196e+30,0.000000
4,1,-19,3.2182627e+30,0.000000
9,-8,19,3.218018e+30,0.000000
5,5,2,3.2161019e+30,0.000000
9,-6,19,3.1950489e+30,0.000000
7,-6,55,3.1848013e+30,0.000000
5,0,-15,3.1750579e+30,0.000000
5,0,15,3.1750579e+30,0.000000
3,-2,-21,3.1486613e+30,0.000000
5,0,-16,3.1425903e+30,0.000000
5,0,16,3.1425903e+30,0.000000
5,0,-17,3.1393818e+30,0.000000
5,0,17,3.1393818e+30,0.000000
6,-3,40,3.1317996e+30,0.000000
8,-7,40,3.1239748e+30,0.000000
6,4,11,3.1110472e+30,0.000000
4,-2,-22,3.0993135e+30,0.000000
2,0,-38,3.0859645e+30,0.000000
2,0,38,3.0859645e+30,0.000000
3,3,-8,3.0827798e+30,0.000000
9,-5,13,3.0517925e+30,0.000000
7,-4,32,3.0473893e+30,0.000000
5,4,21,3.0359315e+30,0.000000
8,-8,37,3.0160349e+30,0.000000
6,1,14,3.0030684e+30,0.000000
5,5,-2,3.0013237e+30,0.000000
6,-1,21,2.9978912e+30,0.000000
5,-2,36,2.974119e+30,0.000000
10,-9,13,2.9629212e+30,0.000000
5,0,-18,2.9614221e+30,0.000000
5,0,18,2.9614221e+30,0.000000
7,1,2,2.9496343e+30,0.000000
6,-1,-3,2.9419317e+30,0.000000
4,3,32,2.9305115e+30,0.000000
3,1,-25,2.9082615e+30,0.000000
9,-7,27,2.9065624e+30,0.000000
4,1,23,2.8902171e+30,0.000000
6,3,7,2.8765647e+30,0.000000
6,2,11,2.8528222e+30,0.000000
9,-9,9,2.8274638e+30,0.000000
3,-1,45,2.7918447e+30,0.000000
2,-2,-29,2.7903997e+30,0.000000
3,0,-35,2.7509457e+30,0.000000
3,0,35,2.7509457e+30,0.000000
3,1,27,2.7455785e+30,0.000000
8,-8,38,2.713052e+30,0.000000
8,-7,41,2.7125556e+30,0.000000
5,-1,-23,2.7008563e+30,0.000000
7,-4,33,2.698194e+30,0.000000
9,-5,2,2.6627377e+30,0.000000
6,0,-16,2.6416715e+30,0.000000
6,0,16,2.6416715e+30,0.000000
5,0,-19,2.6245555e+30,0.000000
5,0,19,2.6245555e+30,0.000000
8,-6,40,2.6228582e+30,0.000000
8,-4,-2,2.6164419e+30,0.000000
4,0,-30,2.5980097e+30,0.000000
4,0,30,2.5980097e+30,0.000000
8,-3,10,2.578234e+30,0.000000
10,-8,16,2.5764824e+30,0.000000
5,5,3,2.5623653e+30,0.000000
7,-1,9,2.5389476e+30,0.000000
8,-5,28,2.5372314e+30,0.000000
7,-1,12,2.4938035e+30,0.000000
9,-6,20,2.489994e+30,0.000000
6,4,12,2.489505e+30,0.000000
8,-4,25,2.488281e+30,0.000000
5,-2,-12,2.4875832e+30,0.000000
7,-5,-4,2.4777475e+30,0.000000
5,4,22,2.4771813e+30,0.000000
2,-1,-36,2.4749617e+30,0.000000
7,-1,13,2.4604775e+30,0.000000
8,-8,39,2.4518039e+30,0.000000
10,-10,14,2.4478548e+30,0.000000
4,-1,-27,2.4464315e+30,0.000000
9,-7,28,2.4452423e+30,0.000000
4,-1,39,2.4415432e+30,0.000000
8,-3,2,2.4390228e+30,0.000000
5,2,23,2.4370538e+30,0.000000
5,-3,-9,2.4205015e+30,0.000000
2,-1,45,2.4117549e+30,0.000000
6,-1,-4,2.394595e+30,0.000000
3,3,38,2.390521e+30,0.000000
8,-2,2,2.3815471e+30,0.000000
2,2,40,2.3769699e+30,0.000000
4,4,32,2.3723447e+30,0.000000
7,3,1,2.3682245e+30,0.000000
8,-7,42,2.3447638e+30,0.000000
2,-1,46,2.3403764e+30,0.000000
7,1,6,2.3294005e+30,0.000000
3,2,36,2.3290921e+30,0.000000
7,-4,34,2.3249255e+30,0.000000
7,-1,11,2.3231665e+30,0.000000
5,1,24,2.3172739e+30,0.000000
3,-3,-26,2.2570225e+30,0.000000
9,-6,4,2.2555088e+30,0.000000
4,2,29,2.2529358e+30,0.000000
7,-6,-3,2.2461176e+30,0.000000
5,5,6,2.2396853e+30,0.000000
7,-1,14,2.238302e+30,0.000000
10,-6,10,2.2298645e+30,0.000000
9,-8,20,2.228881e+30,0.000000
8,-8,40,2.22121e+30,0.000000
6,-2,28,2.2168128e+30,0.000000
2,-1,44,2.2166028e+30,0.000000
4,2,-13,2.2160337e+30,0.000000
5,5,7,2.2081159e+30,0.000000
5,5,4,2.2059896e+30,0.000000
5,0,-20,2.2047389e+30,0.000000
5,0,20,2.2047389e+30,0.000000
5,5,5,2.1817732e+30,0.000000
7,-5,43,2.1702761e+30,0.000000
10,-7,13,2.1431459e+30,0.000000
2,-2,-30,2.1338741e+30,0.000000
9,-9,20,2.1315519e+30,0.000000
7,-1,10,2.127566e+30,0.000000
2,1,-25,2.1275236e+30,0.000000
5,1,-17,2.1237857e+30,0.000000
6,-3,41,2.1138921e+30,0.000000
2,-1,47,2.0997511e+30,0.000000
10,-10,13,2.0831214e+30,0.000000
4,-2,43,2.0754911e+30,0.000000
3,-1,-34,2.0670808e+30,0.000000
8,-6,-3,2.0670489e+30,0.000000
6,1,15,2.0648054e+30,0.000000
9,-7,29,2.0634054e+30,0.000000
5,5,8,2.04927e+30,0.000000
4,-3,-17,2.0224495e+30,0.000000
4,-4,-15,2.021892e+30,0.000000
6,-4,36,2.0185848e+30,0.000000
8,-7,43,2.0174568e+30,0.000000
8,-3,1,2.0164715e+30,0.000000
4,3,33,2.0160239e+30,0.000000
8,-8,41,2.0133187e+30,0.000000
8,-8,2,2.0100491e+30,0.000000
3,2,-10,2.0085668e+30,0.000000
5,-1,30,1.9986733e+30,0.000000
5,4,23,1.9985153e+30,0.000000
9,-5,14,1.9956482e+30,0.000000
5,-3,48,1.9845853e+30,0.000000
9,-6,21,1.9688623e+30,0.000000
7,-4,35,1.9571659e+30,0.000000
8,-6,-2,1.9426619e+30,0.000000
8,-6,41,1.9313755e+30,0.000000
9,-4,7,1.9287372e+30,0.000000
6,4,13,1.9277694e+30,0.000000
6,1,0,1.9213468e+30,0.000000
7,-1,15,1.9030675e+30,0.000000
7,-3,23,1.9017125e+30,0.000000
4,1,-20,1.8858835e+30,0.000000
6,3,8,1.8636604e+30,0.000000
3,-1,46,1.8579698e+30,0.000000
9,-3,4,1.8461464e+30,0.000000
8,-8,42,1.8227133e+30,0.000000
8,-3,11,1.8190168e+30,0.000000
7,3,-1,1.8127148e+30,0.000000
5,5,9,1.8015627e+30,0.000000
2,0,-39,1.7952866e+30,0.000000
2,0,39,1.7952866e+30,0.000000
4,-1,40,1.7837853e+30,0.000000
5,4,-3,1.7786288e+30,0.000000
2,-1,48,1.7777035e+30,0.000000
5,0,-21,1.7730328e+30,0.000000
5,0,21,1.7730328e+30,0.000000
9,-7,30,1.7420949e+30,0.000000
8,-7,44,1.7276899e+30,0.000000
4,4,33,1.7247339e+30,0.000000
6,-1,22,1.715052e+30,0.000000
8,-7,2,1.7124493e+30,0.000000
2,-1,43,1.7091718e+30,0.000000
3,0,-36,1.7042015e+30,0.000000
3,0,36,1.7042015e+30,0.000000
5,-2,37,1.6775327e+30,0.000000
4,0,-31,1.6766782e+30,0.000000
4,0,31,1.6766782e+30,0.000000
2,-2,-31,1.6766709e+30,0.000000
8,-5,29,1.667195e+30,0.000000
8,-8,43,1.6459297e+30,0.000000
5,-1,-24,1.6273203e+30,0.000000
7,-4,36,1.6149827e+30,0.000000
8,-4,26,1.6146083e+30,0.000000
10,-8,17,1.6119317e+30,0.000000
10,-8,8,1.6072821e+30,0.000000
9,-4,4,1.6071389e+30,0.000000
4,-3,-4,1.6043527e+30,0.000000
5,4,24,1.5958752e+30,0.000000
9,-8,21,1.5947775e+30,0.000000
3,3,39,1.5937218e+30,0.000000
5,2,24,1.5863376e+30,0.000000
2,1,33,1.5843577e+30,0.000000
9,-6,22,1.5722262e+30,0.000000
3,1,-26,1.5434212e+30,0.000000
7,-1,16,1.5306654e+30,0.000000
5,5,10,1.5242232e+30,0.000000
8,-8,44,1.480927e+30,0.000000
8,-7,45,1.4725958e+30,0.000000
2,2,41,1.4718472e+30,0.000000
9,-7,31,1.4685369e+30,0.000000
9,-8,7,1.4627583e+30,0.000000
6,-2,29,1.4579372e+30,0.000000
3,2,37,1.4574297e+30,0.000000
7,-5,44,1.4488226e+30,0.000000
9,-9,21,1.4486209e+30,0.000000
6,4,14,1.4480734e+30,0.000000
9,-9,8,1.4478116e+30,0.000000
2,-1,49,1.4379021e+30,0.000000
9,-5,1,1.4355446e+30,0.000000
5,-2,-13,1.4225671e+30,0.000000
6,-3,42,1.4224145e+30,0.000000
8,-6,42,1.4186838e+30,0.000000
2,2,-15,1.4175653e+30,0.000000
4,-1,-28,1.4053166e+30,0.000000
4,3,34,1.3850507e+30,0.000000
2,-1,-37,1.3803391e+30,0.000000
6,1,16,1.379917e+30,0.000000
5,0,-22,1.376507e+30,0.000000
5,0,22,1.376507e+30,0.000000
5,1,-18,1.3638891e+30,0.000000
4,-2,-23,1.357321e+30,0.000000
5,5,-4,1.3489612e+30,0.000000
9,-6,3,1.3422072e+30,0.000000
7,3,2,1.3320526e+30,0.000000
9,-5,15,1.3290816e+30,0.000000
8,-8,45,1.3266366e+30,0.000000
4,2,30,1.3164207e+30,0.000000
7,-4,37,1.3098768e+30,0.000000
4,-1,41,1.2940647e+30,0.000000
2,-2,-32,1.2899316e+30,0.000000
6,3,0,1.2780102e+30,0.000000
6,0,-17,1.274413e+30,0.000000
6,0,17,1.274413e+30,0.000000
8,-3,12,1.2736876e+30,0.000000
5,5,11,1.2668056e+30,0.000000
9,-6,23,1.2626841e+30,0.000000
5,4,25,1.2625532e+30,0.000000
10,-6,5,1.2615425e+30,0.000000
3,-2,-22,1.2592867e+30,0.000000
4,4,34,1.250325e+30,0.000000
8,-7,46,1.2493345e+30,0.000000
6,2,12,1.2487473e+30,0.000000
10,-7,14,1.2485258e+30,0.000000
5,3,16,1.2362839e+30,0.000000
9,-7,32,1.2340528e+30,0.000000
5,1,25,1.2316239e+30,0.000000
10,-9,14,1.2298828e+30,0.000000
3,-3,-27,1.2226009e+30,0.000000
3,-1,47,1.2205309e+30,0.000000
7,3,0,1.2198938e+30,0.000000
5,-3,49,1.2074432e+30,0.000000
8,-8,46,1.1825992e+30,0.000000
7,-1,17,1.1755833e+30,0.000000
4,-3,-18,1.1751455e+30,0.000000
9,-8,22,1.174557e+30,0.000000
4,1,24,1.158502e+30,0.000000
2,1,-26,1.1428639e+30,0.000000
6,-2,-4,1.1427327e+30,0.000000
6,3,9,1.1417927e+30,0.000000
7,-3,24,1.1267366e+30,0.000000
2,-1,50,1.1196494e+30,0.000000
3,-1,-35,1.1070974e+30,0.000000
3,3,-9,1.104874e+30,0.000000
4,1,-21,1.0984205e+30,0.000000
6,-1,-5,1.0966615e+30,0.000000
9,-4,8,1.0799752e+30,0.000000
4,0,-32,1.0759646e+30,0.000000
4,0,32,1.0759646e+30,0.000000
8,-5,30,1.0726036e+30,0.000000
9,-3,3,1.064182e+30,0.000000
3,3,40,1.062756e+30,0.000000
5,5,12,1.0582201e+30,0.000000
6,4,15,1.0577445e+30,0.000000
3,0,-37,1.0553043e+30,0.000000
3,0,37,1.0553043e+30,0.000000
8,-7,47,1.0550878e+30,0.000000
4,2,-14,1.0493834e+30,0.000000
8,-8,47,1.0486882e+30,0.000000
7,-4,38,1.046682e+30,0.000000
2,0,-40,1.0448874e+30,0.000000
2,0,40,1.0448874e+30,0.000000
10,-8,18,1.0448048e+30,0.000000
2,-1,42,1.0436641e+30,0.000000
8,-6,43,1.0398943e+30,0.000000
5,0,-23,1.0385775e+30,0.000000
5,0,23,1.0385775e+30,0.000000
9,-7,33,1.0325801e+30,0.000000
5,2,25,1.0224954e+30,0.000000
7,1,7,1.0224291e+30,0.000000
8,-4,27,1.0218536e+30,0.000000
9,-9,22,1.0191645e+30,0.000000
9,-6,24,1.016197e+30,0.000000
8,-2,3,1.0044381e+30,0.000000
5,-3,-10,1.0040715e+30,0.000000
5,4,26,9.9046065e+29,0.000000
10,-6,11,9.871064e+29,0.000000
4,-4,-16,9.7964246e+29,0.000000
5,-1,-25,9.7487234e+29,0.000000
7,-5,45,9.6807857e+29,0.000000
6,2,16,9.6528985e+29,0.000000
2,-2,-33,9.6298563e+29,0.000000
6,-1,23,9.5600791e+29,0.000000
6,-3,43,9.5436036e+29,0.000000
10,-7,7,9.5214677e+29,0.000000
4,3,35,9.5047536e+29,0.000000
6,-2,30,9.5021594e+29,0.000000
8,-7,1,9.3442319e+29,0.000000
4,-1,42,9.3320046e+29,0.000000
5,-2,38,9.3177262e+29,0.000000
2,-1,41,9.299589e+29,0.000000
6,2,17,9.277371e+29,0.000000
8,-8,48,9.2491184e+29,0.000000
6,2,15,9.2467683e+29,0.000000
6,1,-3,9.2164337e+29,0.000000
7,-3,25,9.1935427e+29,0.000000
3,2,-11,9.1444579e+29,0.000000
9,-5,16,9.1442706e+29,0.000000
2,2,42,9.1199333e+29,0.000000
3,2,38,9.1157524e+29,0.000000
7,-3,27,9.0921015e+29,0.000000
7,-7,-5,9.0915483e+29,0.000000
9,-7,2,9.0875571e+29,0.000000
5,5,13,9.0718989e+29,0.000000
4,4,35,9.0412929e+29,0.000000
7,-3,26,9.0239821e+29,0.000000
6,1,17,8.9802558e+29,0.000000
5,-1,31,8.8785022e+29,0.000000
9,-8,23,8.8739835e+29,0.000000
8,-7,48,8.870788e+29,0.000000
6,4,-3,8.8567738e+29,0.000000
6,-4,37,8.8465698e+29,0.000000
7,-3,28,8.8249928e+29,0.000000
10,-9,11,8.7816226e+29,0.000000
8,-3,13,8.7550431e+29,0.000000
4,-2,44,8.7189103e+29,0.000000
9,-5,0,8.6957233e+29,0.000000
7,-1,18,8.6828186e+29,0.000000
9,-4,3,8.6666187e+29,0.000000
5,1,-19,8.6035754e+29,0.000000
9,-7,34,8.596615e+29,0.000000
2,-1,51,8.4327866e+29,0.000000
3,1,28,8.42721e+29,0.000000
10,-10,15,8.384931e+29,0.000000
6,2,14,8.3168825e+29,0.000000
6,2,18,8.303665e+29,0.000000
7,-4,39,8.2557563e+29,0.000000
6,2,13,8.2146281e+29,0.000000
8,-5,-1,8.2086253e+29,0.000000
3,1,-27,8.195735e+29,0.000000
8,-8,1,8.1701599e+29,0.000000
9,-6,25,8.1700443e+29,0.000000
7,-3,29,8.1543868e+29,0.000000
8,-8,49,8.1128178e+29,0.000000
5,5,14,8.0797937e+29,0.000000
4,-1,-29,8.0563151e+29,0.000000
5,-2,-14,7.9521325e+29,0.000000
3,-1,48,7.9157573e+29,0.000000
5,-3,-11,7.7863817e+29,0.000000
2,-1,-38,7.7145449e+29,0.000000
5,4,27,7.710828e+29,0.000000
5,2,-4,7.7072035e+29,0.000000
9,-8,6,7.707006e+29,0.000000
5,0,-24,7.6555639e+29,0.000000
5,0,24,7.6555639e+29,0.000000
4,2,31,7.6409178e+29,0.000000
10,-7,15,7.6204296e+29,0.000000
8,-6,44,7.6090122e+29,0.000000
2,1,34,7.5667223e+29,0.000000
6,4,16,7.5304209e+29,0.000000
5,2,-5,7.5116733e+29,0.000000
5,5,15,7.4729913e+29,0.000000
5,3,-3,7.4427582e+29,0.000000
8,-7,49,7.4260378e+29,0.000000
9,-9,23,7.3912516e+29,0.000000
5,-3,-12,7.2511714e+29,0.000000
5,-3,50,7.2264684e+29,0.000000
7,-3,30,7.2001269e+29,0.000000
9,-7,35,7.1178979e+29,0.000000
5,5,16,7.1006982e+29,0.000000
3,3,41,7.0880059e+29,0.000000
8,-8,50,7.0773401e+29,0.000000
10,-8,19,7.0218751e+29,0.000000
6,2,19,7.0185903e+29,0.000000
2,-2,-34,7.0058945e+29,0.000000
10,-9,15,6.9877367e+29,0.000000
9,-9,7,6.9412887e+29,0.000000
5,-2,-2,6.9209314e+29,0.000000
6,-2,-8,6.8873729e+29,0.000000
4,0,-33,6.8713861e+29,0.000000
4,0,33,6.8713861e+29,0.000000
9,-8,24,6.8587216e+29,0.000000
5,5,17,6.8314988e+29,0.000000
4,-3,-19,6.8262348e+29,0.000000
9,-4,9,6.8097727e+29,0.000000
8,-5,31,6.7462835e+29,0.000000
6,-2,-7,6.7096124e+29,0.000000
4,-1,43,6.6951324e+29,0.000000
8,-2,1,6.667586e+29,0.000000
3,-3,-28,6.6596371e+29,0.000000
9,-5,17,6.6303086e+29,0.000000
6,3,10,6.5845767e+29,0.000000
5,5,18,6.5707376e+29,0.000000
9,-6,2,6.5515684e+29,0.000000
9,-6,26,6.5453799e+29,0.000000
3,0,-38,6.5309352e+29,0.000000
3,0,38,6.5309352e+29,0.000000
5,2,26,6.530406e+29,0.000000
4,4,36,6.5234963e+29,0.000000
4,3,36,6.5162367e+29,0.000000
8,-2,4,6.4847458e+29,0.000000
7,-5,46,6.4755642e+29,0.000000
7,-4,40,6.4381752e+29,0.000000
5,1,26,6.4306213e+29,0.000000
5,-3,-13,6.3856871e+29,0.000000
6,-3,44,6.3855757e+29,0.000000
4,1,-22,6.3640267e+29,0.000000
7,-1,-6,6.3547522e+29,0.000000
8,-4,28,6.3046666e+29,0.000000
5,5,19,6.263121e+29,0.000000
7,-1,-5,6.2540042e+29,0.000000
7,-1,19,6.2014303e+29,0.000000
8,-7,50,6.1906632e+29,0.000000
2,-1,52,6.1617708e+29,0.000000
2,1,-27,6.1554166e+29,0.000000
6,-2,31,6.1436454e+29,0.000000
8,-8,51,6.1408989e+29,0.000000
7,-3,31,6.1172106e+29,0.000000
3,-2,-23,6.0972628e+29,0.000000
2,0,-41,6.088551e+29,0.000000
2,0,41,6.088551e+29,0.000000
7,3,3,6.0397615e+29,0.000000
10,-4,5,6.0124511e+29,0.000000
5,4,28,5.9613658e+29,0.000000
3,-1,-36,5.9171772e+29,0.000000
5,5,20,5.8866748e+29,0.000000
8,-3,14,5.8612187e+29,0.000000
9,-7,36,5.8601128e+29,0.000000
6,0,-18,5.8370438e+29,0.000000
6,0,18,5.8370438e+29,0.000000
5,-1,-26,5.8118144e+29,0.000000
4,-2,-24,5.7980087e+29,0.000000
6,-2,-9,5.7458502e+29,0.000000
2,2,-16,5.7292451e+29,0.000000
6,1,18,5.6988985e+29,0.000000
3,2,39,5.6975431e+29,0.000000
6,2,20,5.6667909e+29,0.000000
2,2,43,5.6543423e+29,0.000000
8,-6,45,5.5596481e+29,0.000000
5,0,-25,5.5359756e+29,0.000000
5,0,25,5.5359756e+29,0.000000
10,-5,6,5.5329933e+29,0.000000
9,-9,24,5.4980792e+29,0.000000
5,5,21,5.4431966e+29,0.000000
9,-8,25,5.4113563e+29,0.000000
5,1,-20,5.3460656e+29,0.000000
10,-6,12,5.3170268e+29,0.000000
8,-8,52,5.3004545e+29,0.000000
6,4,17,5.235965e+29,0.000000
9,-6,27,5.2148951e+29,0.000000
6,2,-4,5.2033347e+29,0.000000
5,2,-6,5.1999558e+29,0.000000
6,-1,24,5.182979e+29,0.000000
5,-3,-14,5.1803858e+29,0.000000
8,-2,5,5.1511614e+29,0.000000
9,-5,18,5.1468753e+29,0.000000
8,-7,51,5.1400843e+29,0.000000
9,-3,5,5.1282458e+29,0.000000
6,1,-4,5.1076528e+29,0.000000
5,-2,39,5.0806168e+29,0.000000
10,-8,7,5.0785245e+29,0.000000
3,-1,49,5.0737957e+29,0.000000
6,-4,38,5.0430409e+29,0.000000
7,-3,32,5.0335405e+29,0.000000
2,-2,-35,5.0078249e+29,0.000000
7,-4,41,4.9709101e+29,0.000000
4,2,-15,4.9698375e+29,0.000000
5,5,22,4.948621e+29,0.000000
7,-6,-4,4.9457462e+29,0.000000
10,-8,20,4.8829633e+29,0.000000
10,-7,16,4.8509202e+29,0.000000
8,-5,-2,4.8459263e+29,0.000000
6,-4,-4,4.8258208e+29,0.000000
9,-7,37,4.797053e+29,0.000000
4,-1,44,4.7815946e+29,0.000000
4,-4,-17,4.7690901e+29,0.000000
3,3,42,4.7275762e+29,0.000000
4,1,25,4.7089773e+29,0.000000
4,4,37,4.6978096e+29,0.000000
7,-1,-7,4.6779887e+29,0.000000
9,-4,10,4.6369576e+29,0.000000
4,-1,-30,4.6084175e+29,0.000000
5,3,17,4.5846409e+29,0.000000
5,4,29,4.5797831e+29,0.000000
8,-8,53,4.5517927e+29,0.000000
7,3,8,4.4681162e+29,0.000000
4,3,37,4.4637301e+29,0.000000
10,-10,16,4.4543932e+29,0.000000
6,-1,-11,4.4524374e+29,0.000000
5,5,23,4.4250939e+29,0.000000
6,2,21,4.4090539e+29,0.000000
4,2,32,4.4032705e+29,0.000000
2,-1,53,4.3779083e+29,0.000000
4,0,-34,4.369692e+29,0.000000
4,0,34,4.369692e+29,0.000000
7,3,7,4.3675362e+29,0.000000
6,-1,-10,4.3565259e+29,0.000000
3,1,-28,4.3546112e+29,0.000000
5,-2,-15,4.3516078e+29,0.000000
9,-8,26,4.3495739e+29,0.000000
7,-5,47,4.3367473e+29,0.000000
10,-9,16,4.323908e+29,0.000000
2,-1,-39,4.3214911e+29,0.000000
3,3,-10,4.3122339e+29,0.000000
7,-1,20,4.3016943e+29,0.000000
9,-5,19,4.2800186e+29,0.000000
6,-2,-10,4.2765908e+29,0.000000
6,-3,45,4.2610061e+29,0.000000
8,-7,52,4.2513546e+29,0.000000
5,-3,51,4.238072e+29,0.000000
8,-2,6,4.2265657e+29,0.000000
7,3,9,4.1940584e+29,0.000000
7,-2,3,4.1800156e+29,0.000000
9,-9,25,4.1785791e+29,0.000000
3,2,-12,4.1616082e+29,0.000000
8,-5,32,4.1403394e+29,0.000000
5,2,27,4.1346628e+29,0.000000
6,-1,-12,4.1344186e+29,0.000000
6,-1,-6,4.130181e+29,0.000000
9,-6,28,4.1258246e+29,0.000000
4,-2,45,4.117463e+29,0.000000
6,-4,39,4.0745862e+29,0.000000
8,-6,46,4.0577478e+29,0.000000
7,1,8,4.0443551e+29,0.000000
3,0,-39,4.038476e+29,0.000000
3,0,39,4.038476e+29,0.000000
6,-2,-6,4.0375968e+29,0.000000
7,-3,33,4.0334967e+29,0.000000
5,3,21,4.0118073e+29,0.000000
4,-3,-20,3.9662562e+29,0.000000
6,-2,32,3.9438099e+29,0.000000
6,3,-2,3.9409775e+29,0.000000
5,0,-26,3.9402665e+29,0.000000
5,0,26,3.9402665e+29,0.000000
6,-4,40,3.9348995e+29,0.000000
5,-3,-15,3.9303101e+29,0.000000
7,3,6,3.9288718e+29,0.000000
3,-2,-24,3.9072686e+29,0.000000
9,-7,38,3.9047635e+29,0.000000
5,3,22,3.8983451e+29,0.000000
5,5,24,3.8953597e+29,0.000000
9,-7,1,3.889776e+29,0.000000
8,-8,54,3.8897143e+29,0.000000
6,-4,41,3.873222e+29,0.000000
7,2,3,3.8475293e+29,0.000000
5,3,-5,3.8084424e+29,0.000000
7,-4,42,3.8045119e+29,0.000000
8,-3,15,3.7979669e+29,0.000000
8,-4,29,3.7888695e+29,0.000000
9,-4,2,3.7623991e+29,0.000000
6,-1,-9,3.7531611e+29,0.000000
9,-5,20,3.7508667e+29,0.000000
5,3,20,3.7494135e+29,0.000000
5,-1,32,3.7251845e+29,0.000000
6,-4,42,3.6810714e+29,0.000000
4,1,-23,3.6705696e+29,0.000000
7,3,4,3.6549994e+29,0.000000
3,-3,-29,3.6468395e+29,0.000000
7,3,10,3.6455992e+29,0.000000
4,-2,50,3.6311713e+29,0.000000
6,3,11,3.5867908e+29,0.000000
6,-1,-13,3.5715547e+29,0.000000
8,-3,0,3.5686206e+29,0.000000
4,-2,51,3.5683309e+29,0.000000
6,4,18,3.5619256e+29,0.000000
3,2,40,3.5574525e+29,0.000000
2,0,-42,3.5563068e+29,0.000000
2,0,42,3.5563068e+29,0.000000
9,-8,27,3.5542941e+29,0.000000
2,-2,-36,3.5500143e+29,0.000000
6,1,19,3.5300213e+29,0.000000
5,3,23,3.5142351e+29,0.000000
4,-2,49,3.5089188e+29,0.000000
2,2,44,3.5078972e+29,0.000000
8,-7,53,3.5033334e+29,0.000000
10,-8,21,3.501688e+29,0.000000
5,4,30,3.4981963e+29,0.000000
2,1,35,3.4945432e+29,0.000000
7,3,5,3.4512822e+29,0.000000
5,-1,-27,3.4503419e+29,0.000000
8,-2,7,3.4066887e+29,0.000000
4,-1,45,3.4009077e+29,0.000000
9,-5,21,3.3809198e+29,0.000000
5,5,25,3.3793537e+29,0.000000
4,4,38,3.3774325e+29,0.000000
7,2,4,3.3731775e+29,0.000000
9,-4,11,3.3610697e+29,0.000000
10,-10,12,3.3607252e+29,0.000000
4,-2,52,3.3599841e+29,0.000000
6,-4,43,3.3557265e+29,0.000000
6,2,22,3.3279877e+29,0.000000
2,1,-28,3.3243199e+29,0.000000
8,-8,55,3.3082776e+29,0.000000
5,1,27,3.2907858e+29,0.000000
5,1,-21,3.2799823e+29,0.000000
5,2,-7,3.2555025e+29,0.000000
10,-6,13,3.2385237e+29,0.000000
9,-9,26,3.2381136e+29,0.000000
9,-6,29,3.2379793e+29,0.000000
10,-6,4,3.2260886e+29,0.000000
3,-1,50,3.2241468e+29,0.000000
10,-7,17,3.2167747e+29,0.000000
4,-2,48,3.2076346e+29,0.000000
5,3,19,3.1814744e+29,0.000000
7,-3,34,3.1615956e+29,0.000000
9,-7,39,3.1611117e+29,0.000000
3,-1,-37,3.1548344e+29,0.000000
3,3,43,3.152953e+29,0.000000
8,-7,0,3.1175294e+29,0.000000
10,-5,7,3.0908389e+29,0.000000
9,-5,22,3.0659208e+29,0.000000
4,-2,53,3.0560486e+29,0.000000
4,3,38,3.0556046e+29,0.000000
3,-2,-25,3.0403722e+29,0.000000
2,-1,54,3.0326538e+29,0.000000
5,3,24,2.992236e+29,0.000000
7,3,11,2.9630888e+29,0.000000
6,-2,-11,2.9606045e+29,0.000000
8,-6,47,2.9592037e+29,0.000000
6,-4,44,2.9525278e+29,0.000000
9,-8,28,2.9460799e+29,0.000000
8,-8,0,2.9340447e+29,0.000000
6,-1,-14,2.9171526e+29,0.000000
7,-1,21,2.9082394e+29,0.000000
7,-5,48,2.9079601e+29,0.000000
7,-1,-8,2.8976101e+29,0.000000
5,5,26,2.8925587e+29,0.000000
7,-4,43,2.8894262e+29,0.000000
9,-8,5,2.8828667e+29,0.000000
5,3,18,2.8827505e+29,0.000000
8,-7,54,2.8767839e+29,0.000000
4,-2,47,2.8534591e+29,0.000000
3,1,29,2.8459319e+29,0.000000
4,-2,46,2.8408401e+29,0.000000
6,-3,46,2.8354888e+29,0.000000
5,-3,-16,2.8346385e+29,0.000000
6,-1,-8,2.8204498e+29,0.000000
10,-8,6,2.7792437e+29,0.000000
4,0,-35,2.768201e+29,0.000000
4,0,35,2.768201e+29,0.000000
5,0,-27,2.7677485e+29,0.000000
5,0,27,2.7677485e+29,0.000000
9,-5,23,2.754441e+29,0.000000
7,1,-5,2.7355401e+29,0.000000
7,2,2,2.7326259e+29,0.000000
6,-1,25,2.7259863e+29,0.000000
10,-10,17,2.7202975e+29,0.000000
5,-2,40,2.707947e+29,0.000000
4,-2,54,2.7016482e+29,0.000000
10,-9,17,2.6950936e+29,0.000000
5,4,31,2.6580613e+29,0.000000
7,-4,-3,2.654591e+29,0.000000
10,-4,6,2.6536049e+29,0.000000
7,2,0,2.6532431e+29,0.000000
8,-2,8,2.6465024e+29,0.000000
4,-1,-31,2.6296484e+29,0.000000
5,2,28,2.5959942e+29,0.000000
10,-8,22,2.5807505e+29,0.000000
9,-9,6,2.5658789e+29,0.000000
9,-4,12,2.5598771e+29,0.000000
9,-9,27,2.5574539e+29,0.000000
9,-7,40,2.5456954e+29,0.000000
6,-4,45,2.5274432e+29,0.000000
2,-2,-37,2.5203623e+29,0.000000
9,-6,30,2.5190333e+29,0.000000
4,2,33,2.5173196e+29,0.000000
6,0,-19,2.5162894e+29,0.000000
6,0,19,2.5162894e+29,0.000000
6,-2,33,2.5152702e+29,0.000000
3,-2,-26,2.5102858e+29,0.000000
7,2,5,2.5090743e+29,0.000000
8,-6,-4,2.4982555e+29,0.000000
3,0,-40,2.4945574e+29,0.000000
3,0,40,2.4945574e+29,0.000000
8,-5,33,2.4737136e+29,0.000000
9,-8,29,2.4714249e+29,0.000000
6,2,23,2.4495402e+29,0.000000
5,5,27,2.4455976e+29,0.000000
5,3,25,2.4379753e+29,0.000000
7,-3,35,2.4327767e+29,0.000000
9,-5,24,2.4298837e+29,0.000000
2,-1,-40,2.4272364e+29,0.000000
5,-3,52,2.4254521e+29,0.000000
4,4,39,2.4246828e+29,0.000000
4,-1,46,2.4094969e+29,0.000000
4,-2,-25,2.3973514e+29,0.000000
6,4,19,2.3742659e+29,0.000000
7,1,-6,2.3726806e+29,0.000000
8,-3,16,2.3701439e+29,0.000000
8,-7,55,2.3544035e+29,0.000000
7,-1,-4,2.3480665e+29,0.000000
4,2,-16,2.3469457e+29,0.000000
6,-1,-7,2.3447363e+29,0.000000
7,-1,0,2.3377778e+29,0.000000
4,-4,-18,2.3330627e+29,0.000000
5,-2,-16,2.3330441e+29,0.000000
4,-2,55,2.3319939e+29,0.000000
3,1,-29,2.3149057e+29,0.000000
2,2,-17,2.3116249e+29,0.000000
4,1,26,2.3106617e+29,0.000000
4,-3,-21,2.3061499e+29,0.000000
6,-1,-15,2.2783442e+29,0.000000
7,3,12,2.2695885e+29,0.000000
3,2,41,2.2181714e+29,0.000000
10,-7,18,2.2156574e+29,0.000000
8,-4,30,2.2150403e+29,0.000000
7,1,13,2.1905622e+29,0.000000
7,0,-6,2.1831292e+29,0.000000
7,0,6,2.1831292e+29,0.000000
7,-4,44,2.1796394e+29,0.000000
2,2,45,2.1780101e+29,0.000000
7,-1,-3,2.1583691e+29,0.000000
8,-6,48,2.1569723e+29,0.000000
3,1,32,2.1498288e+29,0.000000
3,1,33,2.1399702e+29,0.000000
6,1,20,2.135366e+29,0.000000
10,-6,14,2.1334788e+29,0.000000
7,1,12,2.1218813e+29,0.000000
6,-4,46,2.1200067e+29,0.000000
4,1,-24,2.1089559e+29,0.000000
10,-5,5,2.108816e+29,0.000000
3,3,44,2.1022667e+29,0.000000
9,-5,25,2.0957922e+29,0.000000
9,-8,30,2.0941587e+29,0.000000
4,3,39,2.0904324e+29,0.000000
2,0,-43,2.086162e+29,0.000000
2,0,43,2.086162e+29,0.000000
7,0,-7,2.0843689e+29,0.000000
7,0,7,2.0843689e+29,0.000000
9,-9,28,2.0588004e+29,0.000000
2,-1,55,2.0586778e+29,0.000000
9,-3,6,2.0569906e+29,0.000000
7,1,14,2.0544356e+29,0.000000
9,-7,0,2.0542549e+29,0.000000
3,-2,-27,2.0517083e+29,0.000000
3,-1,51,2.0455434e+29,0.000000
5,5,28,2.04459e+29,0.000000
5,-1,-28,2.0408757e+29,0.000000
9,-7,41,2.039884e+29,0.000000
9,-4,13,2.01922e+29,0.000000
5,4,32,2.0100537e+29,0.000000
3,-3,-30,2.0071062e+29,0.000000
5,1,-22,1.9909621e+29,0.000000
5,-3,-17,1.9678605e+29,0.000000
8,-2,9,1.9646717e+29,0.000000
3,1,31,1.9569086e+29,0.000000
5,2,-8,1.9539061e+29,0.000000
7,-5,49,1.9522699e+29,0.000000
3,1,34,1.9508716e+29,0.000000
10,-8,23,1.9485061e+29,0.000000
6,-2,-12,1.9483646e+29,0.000000
9,-6,31,1.9418137e+29,0.000000
5,0,-28,1.9228016e+29,0.000000
5,0,28,1.9228016e+29,0.000000
7,-1,22,1.9218005e+29,0.000000
5,3,26,1.9185615e+29,0.000000
6,1,-5,1.9055397e+29,0.000000
6,3,12,1.8998133e+29,0.000000
3,2,-13,1.8838372e+29,0.000000
6,-3,47,1.8813632e+29,0.000000
7,1,9,1.8792195e+29,0.000000
7,0,-5,1.8680523e+29,0.000000
7,0,5,1.8680523e+29,0.000000
7,1,11,1.8491319e+29,0.000000
7,-3,36,1.8430328e+29,0.000000
3,1,30,1.8170523e+29,0.000000
2,-2,-38,1.8096339e+29,0.000000
2,1,-29,1.8002949e+29,0.000000
3,3,-11,1.7970649e+29,0.000000
9,-8,31,1.7897055e+29,0.000000
7,1,15,1.7841413e+29,0.000000
10,-7,6,1.781691e+29,0.000000
7,0,-8,1.7676123e+29,0.000000
7,0,8,1.7676123e+29,0.000000
6,2,24,1.7652296e+29,0.000000
9,-5,26,1.7647539e+29,0.000000
7,-2,2,1.7635737e+29,0.000000
6,-4,47,1.7524074e+29,0.000000
4,0,-36,1.7474027e+29,0.000000
4,0,36,1.7474027e+29,0.000000
4,4,40,1.7386096e+29,0.000000
6,-1,-16,1.7154828e+29,0.000000
7,2,6,1.7087495e+29,0.000000
4,-1,47,1.7005798e+29,0.000000
10,-10,18,1.6981411e+29,0.000000
5,5,29,1.6918991e+29,0.000000
9,-9,29,1.6884231e+29,0.000000
3,-1,-38,1.6774708e+29,0.000000
10,-9,18,1.6738335e+29,0.000000
3,1,35,1.6652685e+29,0.000000
7,3,13,1.6476204e+29,0.000000
5,1,28,1.6449992e+29,0.000000
4,1,27,1.6393474e+29,0.000000
7,0,-2,1.6391347e+29,0.000000
7,0,2,1.6391347e+29,0.000000
7,-4,45,1.6345232e+29,0.000000
9,-7,42,1.6268814e+29,0.000000
9,-4,14,1.626834e+29,0.000000
3,-2,-28,1.6265831e+29,0.000000
9,-3,2,1.6265399e+29,0.000000
8,-8,-1,1.6178448e+29,0.000000
5,2,29,1.6166315e+29,0.000000
6,-2,34,1.5946236e+29,0.000000
7,-1,-9,1.5891153e+29,0.000000
10,-7,19,1.5789579e+29,0.000000
8,-6,49,1.5718689e+29,0.000000
7,1,-7,1.5701092e+29,0.000000
7,1,10,1.5693458e+29,0.000000
6,4,20,1.5525598e+29,0.000000
9,-8,32,1.5411362e+29,0.000000
2,1,36,1.5411118e+29,0.000000
3,0,-41,1.5388154e+29,0.000000
3,0,41,1.5388154e+29,0.000000
5,4,33,1.5134015e+29,0.000000
4,1,28,1.5130817e+29,0.000000
10,-8,24,1.5026456e+29,0.000000
4,-1,-32,1.4962151e+29,0.000000
9,-6,32,1.482853e+29,0.000000
4,1,29,1.4790926e+29,0.000000
7,1,-3,1.4785855e+29,0.000000
10,-6,15,1.4741364e+29,0.000000
5,3,27,1.4681733e+29,0.000000
10,-8,5,1.4613346e+29,0.000000
7,1,16,1.4573227e+29,0.000000
5,-1,33,1.4548983e+29,0.000000
9,-5,27,1.4509316e+29,0.000000
8,-5,34,1.4351382e+29,0.000000
6,-4,48,1.4337062e+29,0.000000
4,3,40,1.4293691e+29,0.000000
4,2,34,1.4260725e+29,0.000000
8,-3,17,1.4198295e+29,0.000000
9,-9,30,1.4080631e+29,0.000000
5,-2,41,1.4026632e+29,0.000000
3,3,45,1.4010823e+29,0.000000
4,1,30,1.4006769e+29,0.000000
10,-9,10,1.397499e+29,0.000000
8,-2,10,1.3897462e+29,0.000000
5,5,30,1.387014e+29,0.000000
6,-1,26,1.3864391e+29,0.000000
3,2,42,1.38067e+29,0.000000
7,0,-9,1.3794485e+29,0.000000
7,0,9,1.3794485e+29,0.000000
7,-3,37,1.3779594e+29,0.000000
2,-1,-41,1.3676636e+29,0.000000
2,2,46,1.3538857e+29,0.000000
3,1,36,1.3538641e+29,0.000000
6,2,-7,1.3536165e+29,0.000000
5,-3,53,1.3502997e+29,0.000000
7,1,-4,1.3497781e+29,0.000000
4,-3,-22,1.3423439e+29,0.000000
9,-8,33,1.3364729e+29,0.000000
5,-3,-18,1.3269746e+29,0.000000
2,-2,-39,1.3258432e+29,0.000000
5,0,-29,1.3234727e+29,0.000000
5,0,29,1.3234727e+29,0.000000
9,-4,15,1.3226716e+29,0.000000
3,-1,52,1.3138985e+29,0.000000
7,-5,50,1.3121428e+29,0.000000
9,-7,43,1.2917561e+29,0.000000
9,-6,1,1.2822057e+29,0.000000
4,1,31,1.2633413e+29,0.000000
6,1,21,1.2615041e+29,0.000000
8,-4,31,1.2578191e+29,0.000000
6,-1,-17,1.2529618e+29,0.000000
6,2,25,1.2494355e+29,0.000000
3,-2,-29,1.2489907e+29,0.000000
4,4,41,1.2453439e+29,0.000000
6,-3,48,1.2442412e+29,0.000000
7,-1,23,1.2441935e+29,0.000000
6,-2,-13,1.2344832e+29,0.000000
2,0,-44,1.2323893e+29,0.000000
2,0,44,1.2323893e+29,0.000000
3,1,-30,1.2310185e+29,0.000000
5,-2,-17,1.2257604e+29,0.000000
7,-4,46,1.2194808e+29,0.000000
7,-2,4,1.2092859e+29,0.000000
4,1,-25,1.2077713e+29,0.000000
5,-1,-29,1.2031542e+29,0.000000
5,1,-23,1.1977136e+29,0.000000
4,-1,48,1.195549e+29,0.000000
9,-9,31,1.190488e+29,0.000000
10,-8,25,1.1804072e+29,0.000000
9,-8,34,1.1669073e+29,0.000000
6,2,-8,1.1667334e+29,0.000000
9,-5,28,1.1658611e+29,0.000000
6,-4,49,1.1646212e+29,0.000000
10,-7,20,1.1596261e+29,0.000000
4,-4,-19,1.147007e+29,0.000000
5,2,-9,1.1463397e+29,0.000000
8,-6,50,1.1455284e+29,0.000000
7,3,14,1.1380431e+29,0.000000
10,-4,4,1.1369051e+29,0.000000
5,4,34,1.134934e+29,0.000000
7,1,17,1.1327024e+29,0.000000
5,5,31,1.1274052e+29,0.000000
9,-6,33,1.1216731e+29,0.000000
3,-3,-31,1.1099689e+29,0.000000
9,-5,-2,1.1098298e+29,0.000000
4,2,-17,1.1022904e+29,0.000000
4,0,-37,1.0992152e+29,0.000000
4,0,37,1.0992152e+29,0.000000
5,3,28,1.0980558e+29,0.000000
4,1,32,1.0896914e+29,0.000000
6,2,-6,1.0823244e+29,0.000000
7,2,7,1.0788404e+29,0.000000
9,-4,16,1.0745976e+29,0.000000
6,3,13,1.0718728e+29,0.000000
3,1,37,1.0608145e+29,0.000000
10,-5,8,1.0602303e+29,0.000000
9,-3,7,1.0558401e+29,0.000000
10,-10,19,1.0521293e+29,0.000000
10,-9,19,1.0514506e+29,0.000000
10,-6,16,1.0449903e+29,0.000000
9,-8,35,1.0256749e+29,0.000000
9,-7,44,1.0214172e+29,0.000000
7,-3,38,1.0187753e+29,0.000000
9,-9,32,1.016776e+29,0.000000
6,0,-20,1.0122911e+29,0.000000
6,0,20,1.0122911e+29,0.000000
7,0,-10,1.0084787e+29,0.000000
7,0,10,1.0084787e+29,0.000000
7,0,-4,1.0084623e+29,0.000000
7,0,4,1.0084623e+29,0.000000
6,-2,35,1.0053046e+29,0.000000
5,2,30,9.9857348e+28,0.000000
2,-2,-40,9.980105e+28,0.000000
6,4,21,9.9685559e+28,0.000000
2,1,-30,9.7761887e+28,0.000000
4,3,41,9.7687423e+28,0.000000
5,-1,-1,9.5597445e+28,0.000000
4,-2,-26,9.4902808e+28,0.000000
3,0,-42,9.4773299e+28,0.000000
3,0,42,9.4773299e+28,0.000000
10,-8,26,9.4236428e+28,0.000000
6,-4,50,9.4133761e+28,0.000000
8,-2,11,9.3569706e+28,0.000000
3,3,46,9.3314352e+28,0.000000
3,-2,-30,9.3245911e+28,0.000000
2,2,-18,9.2718035e+28,0.000000
9,-5,29,9.1674919e+28,0.000000
5,5,32,9.0927012e+28,0.000000
9,-8,36,9.0737904e+28,0.000000
4,1,33,9.0588974e+28,0.000000
7,-4,47,9.0585424e+28,0.000000
5,0,-30,9.0385206e+28,0.000000
5,0,30,9.0385206e+28,0.000000
7,1,-8,9.0168168e+28,0.000000
6,-1,-18,8.9200686e+28,0.000000
4,4,42,8.9121621e+28,0.000000
3,-1,-39,8.8942395e+28,0.000000
7,-5,51,8.8278343e+28,0.000000
5,-3,-19,8.74975e+28,0.000000
3,-1,53,8.7470039e+28,0.000000
10,-7,21,8.7448484e+28,0.000000
9,-9,33,8.7426369e+28,0.000000
6,2,26,8.7082109e+28,0.000000
9,-9,5,8.6583864e+28,0.000000
9,-4,17,8.6583238e+28,0.000000
6,2,-9,8.6326032e+28,0.000000
3,2,43,8.5753532e+28,0.000000
4,-1,-33,8.4839788e+28,0.000000
5,4,35,8.4802695e+28,0.000000
7,1,18,8.4498787e+28,0.000000
3,2,-14,8.4411772e+28,0.000000
2,2,47,8.4312736e+28,0.000000
9,-6,34,8.404425e+28,0.000000
4,-1,49,8.3701447e+28,0.000000
8,-6,51,8.3506753e+28,0.000000
10,-4,7,8.3172829e+28,0.000000
10,-6,3,8.3107729e+28,0.000000
10,-10,11,8.2727149e+28,0.000000
6,-3,49,8.1978417e+28,0.000000
10,-5,4,8.1754614e+28,0.000000
8,-3,18,8.1719555e+28,0.000000
3,1,38,8.0762626e+28,0.000000
9,-8,37,8.0760393e+28,0.000000
8,-5,35,8.0672175e+28,0.000000
5,3,29,8.0572254e+28,0.000000
9,-7,45,8.0453875e+28,0.000000
5,1,29,7.9944036e+28,0.000000
4,2,35,7.9929466e+28,0.000000
6,3,18,7.9529884e+28,0.000000
7,-1,24,7.9065705e+28,0.000000
3,3,-12,7.8770173e+28,0.000000
7,-1,-10,7.8405752e+28,0.000000
4,-3,-23,7.8241758e+28,0.000000
6,3,19,7.7734961e+28,0.000000
2,-2,-41,7.7455036e+28,0.000000
6,3,17,7.7440256e+28,0.000000
2,-1,-42,7.7367992e+28,0.000000
10,-8,27,7.6320285e+28,0.000000
6,-2,-14,7.5913858e+28,0.000000
6,-4,51,7.5808279e+28,0.000000
9,-9,34,7.5481292e+28,0.000000
6,3,14,7.5087808e+28,0.000000
7,3,15,7.4960672e+28,0.000000
10,-6,17,7.47867e+28,0.000000
7,-3,39,7.4608771e+28,0.000000
2,0,-45,7.3585941e+28,0.000000
2,0,45,7.3585941e+28,0.000000
9,-8,4,7.3276829e+28,0.000000
5,-3,54,7.3261644e+28,0.000000
4,1,34,7.3109277e+28,0.000000
5,5,33,7.2813239e+28,0.000000
6,1,22,7.2744413e+28,0.000000
6,3,16,7.2531282e+28,0.000000
6,3,20,7.2526041e+28,0.000000
9,-5,-1,7.2317387e+28,0.000000
9,-8,38,7.226984e+28,0.000000
5,1,-24,7.1510895e+28,0.000000
5,-1,-30,7.0705958e+28,0.000000
9,-5,30,7.0643149e+28,0.000000
5,-2,42,7.0052616e+28,0.000000
8,2,1,6.9737598e+28,0.000000
7,0,-11,6.9729968e+28,0.000000
7,0,11,6.9729968e+28,0.000000
8,-4,32,6.9288938e+28,0.000000
6,1,-6,6.9200268e+28,0.000000
4,1,-26,6.8973974e+28,0.000000
4,0,-38,6.8906227e+28,0.000000
4,0,38,6.8906227e+28,0.000000
6,3,15,6.8807229e+28,0.000000
9,-4,18,6.8794927e+28,0.000000
3,-2,-31,6.7998888e+28,0.000000
6,-1,27,6.7965626e+28,0.000000
10,-9,20,6.7844384e+28,0.000000
10,-7,22,6.7481165e+28,0.000000
7,-4,48,6.7041874e+28,0.000000
8,-7,-1,6.6951762e+28,0.000000
4,3,42,6.6730079e+28,0.000000
5,2,-10,6.6223221e+28,0.000000
5,3,-6,6.6130172e+28,0.000000
3,1,-31,6.5468547e+28,0.000000
10,-10,20,6.5343251e+28,0.000000
9,-9,35,6.5335543e+28,0.000000
6,3,21,6.4981382e+28,0.000000
9,-8,39,6.4965176e+28,0.000000
4,4,43,6.3734321e+28,0.000000
2,1,37,6.3639555e+28,0.000000
9,-4,1,6.3623815e+28,0.000000
7,2,8,6.3361492e+28,0.000000
5,4,36,6.315559e+28,0.000000
9,-7,46,6.3144197e+28,0.000000
5,-2,-18,6.308823e+28,0.000000
8,2,2,6.3055355e+28,0.000000
6,-2,36,6.3037595e+28,0.000000
6,4,22,6.2884555e+28,0.000000
9,-3,8,6.2629118e+28,0.000000
10,-8,28,6.262584e+28,0.000000
10,-7,5,6.2453704e+28,0.000000
9,-6,35,6.2378806e+28,0.000000
3,-1,54,6.2269255e+28,0.000000
6,-1,-19,6.2138834e+28,0.000000
3,3,47,6.2092397e+28,0.000000
2,-2,-42,6.195992e+28,0.000000
3,-3,-32,6.1665994e+28,0.000000
5,0,-31,6.1319735e+28,0.000000
5,0,31,6.1319735e+28,0.000000
5,2,31,6.1173666e+28,0.000000
8,-3,-1,6.0927372e+28,0.000000
8,-6,52,6.0906477e+28,0.000000
7,1,19,6.0895617e+28,0.000000
6,-4,52,6.0866599e+28,0.000000
6,5,8,6.0306189e+28,0.000000
3,1,39,6.0080318e+28,0.000000
6,2,27,5.9888188e+28,0.000000
8,-2,12,5.9873202e+28,0.000000
7,-5,52,5.9441507e+28,0.000000
8,-8,-2,5.9441228e+28,0.000000
6,2,-10,5.9006426e+28,0.000000
6,1,-10,5.888338e+28,0.000000
6,5,9,5.8872342e+28,0.000000
9,-8,40,5.8601261e+28,0.000000
5,2,-2,5.8401554e+28,0.000000
5,-2,-3,5.8380879e+28,0.000000
4,-1,50,5.8334708e+28,0.000000
3,0,-43,5.826486e+28,0.000000
3,0,43,5.826486e+28,0.000000
6,5,7,5.8250731e+28,0.000000
5,3,30,5.817804e+28,0.000000
5,5,34,5.7928733e+28,0.000000
4,1,35,5.7616185e+28,0.000000
8,-2,0,5.7564271e+28,0.000000
6,1,-11,5.7031458e+28,0.000000
5,-3,-20,5.6695778e+28,0.000000
9,-9,36,5.6674328e+28,0.000000
4,-4,-20,5.6668972e+28,0.000000
6,-2,-5,5.6457022e+28,0.000000
10,-5,9,5.6279951e+28,0.000000
6,3,22,5.6248668e+28,0.000000
8,-5,-3,5.6059223e+28,0.000000
6,5,10,5.5397681e+28,0.000000
10,-6,2,5.5390887e+28,0.000000
6,1,-9,5.4954541e+28,0.000000
4,3,-5,5.4420062e+28,0.000000
7,-3,40,5.4199961e+28,0.000000
6,-3,50,5.3768966e+28,0.000000
9,-4,19,5.3677809e+28,0.000000
9,-5,31,5.3419297e+28,0.000000
10,-6,18,5.3395651e+28,0.000000
7,4,5,5.3264341e+28,0.000000
8,-1,3,5.323612e+28,0.000000
2,1,-31,5.322933e+28,0.000000
3,2,44,5.3127385e+28,0.000000
10,-7,23,5.3113985e+28,0.000000
9,-8,41,5.298234e+28,0.000000
5,-1,34,5.2807911e+28,0.000000
2,2,48,5.2653925e+28,0.000000
7,4,4,5.2276336e+28,0.000000
10,-8,29,5.2021528e+28,0.000000
6,5,6,5.1970569e+28,0.000000
10,-8,4,5.1707316e+28,0.000000
4,2,-18,5.1371569e+28,0.000000
6,5,11,5.1174884e+28,0.000000
5,-4,-8,5.1110321e+28,0.000000
6,1,-12,5.1032779e+28,0.000000
2,-2,-43,5.0905741e+28,0.000000
9,-7,-1,5.0296599e+28,0.000000
7,4,6,4.9502876e+28,0.000000
7,-4,49,4.9468614e+28,0.000000
5,-4,-7,4.9449678e+28,0.000000
7,5,-2,4.9448164e+28,0.000000
9,-7,47,4.9394895e+28,0.000000
7,-1,25,4.9391531e+28,0.000000
9,-9,37,4.9291416e+28,0.000000
6,-4,53,4.8728542e+28,0.000000
3,-1,55,4.8713416e+28,0.000000
3,-2,-32,4.8637805e+28,0.000000
9,-8,42,4.7955835e+28,0.000000
4,-1,-34,4.7907859e+28,0.000000
7,-2,5,4.7346562e+28,0.000000
6,3,23,4.728438e+28,0.000000
7,3,16,4.7119572e+28,0.000000
6,5,12,4.707431e+28,0.000000
3,-1,-40,4.7034328e+28,0.000000
5,4,37,4.6892994e+28,0.000000
7,1,-9,4.6806562e+28,0.000000
6,5,2,4.6585758e+28,0.000000
6,1,-8,4.6333271e+28,0.000000
8,-1,2,4.5879522e+28,0.000000
9,-6,36,4.5864098e+28,0.000000
7,0,-12,4.5824999e+28,0.000000
7,0,12,4.5824999e+28,0.000000
5,5,35,4.5812394e+28,0.000000
8,-3,19,4.5725215e+28,0.000000
4,-3,-24,4.5678348e+28,0.000000
4,3,43,4.5559697e+28,0.000000
6,-2,-15,4.5556384e+28,0.000000
4,4,44,4.5551218e+28,0.000000
10,-9,21,4.5324182e+28,0.000000
2,0,-46,4.4612953e+28,0.000000
2,0,46,4.4612953e+28,0.000000
4,1,36,4.454465e+28,0.000000
8,-6,53,4.4455086e+28,0.000000
7,4,7,4.4405982e+28,0.000000
4,2,36,4.4230019e+28,0.000000
2,-1,-43,4.3984475e+28,0.000000
8,-5,36,4.3941254e+28,0.000000
3,1,40,4.3842866e+28,0.000000
10,-8,30,4.3711933e+28,0.000000
6,5,13,4.3547544e+28,0.000000
9,-8,43,4.3406069e+28,0.000000
10,-9,9,4.3316114e+28,0.000000
6,5,5,4.3125779e+28,0.000000
4,0,-39,4.3039457e+28,0.000000
4,0,39,4.3039457e+28,0.000000
9,-9,38,4.3034199e+28,0.000000
6,1,-13,4.2948254e+28,0.000000
9,-3,9,4.2769275e+28,0.000000
2,-2,-44,4.2720565e+28,0.000000
7,1,20,4.2608932e+28,0.000000
10,-7,24,4.2514178e+28,0.000000
6,-1,-20,4.2491921e+28,0.000000
5,1,-25,4.2427649e+28,0.000000
7,5,1,4.2041385e+28,0.000000
6,1,-7,4.2016821e+28,0.000000
5,-4,-9,4.2004037e+28,0.000000
7,4,3,4.1495055e+28,0.000000
5,3,31,4.1435719e+28,0.000000
5,-1,-31,4.1422552e+28,0.000000
10,-10,21,4.1406628e+28,0.000000
5,0,-32,4.1366788e+28,0.000000
5,0,32,4.1366788e+28,0.000000
3,3,48,4.126945e+28,0.000000
9,-4,20,4.100091e+28,0.000000
6,1,23,4.08982e+28,0.000000
6,5,14,4.0722101e+28,0.000000
6,2,28,4.0708001e+28,0.000000
4,-1,51,4.0450585e+28,0.000000
8,0,-3,4.0260964e+28,0.000000
8,0,3,4.0260964e+28,0.000000
7,-5,53,4.0051814e+28,0.000000
6,-4,-8,3.9991122e+28,0.000000
8,0,-4,3.9987172e+28,0.000000
8,0,4,3.9987172e+28,0.000000
6,5,3,3.9956711e+28,0.000000
9,-9,4,3.9912211e+28,0.000000
6,-4,-9,3.9863104e+28,0.000000
10,-4,8,3.9838509e+28,0.000000
9,-5,32,3.9689754e+28,0.000000
4,3,-6,3.9585405e+28,0.000000
5,-3,55,3.943524e+28,0.000000
8,-7,-2,3.9435043e+28,0.000000
6,-2,37,3.9317963e+28,0.000000
4,1,-27,3.9292961e+28,0.000000
7,4,0,3.9266774e+28,0.000000
9,-8,44,3.9247952e+28,0.000000
7,4,8,3.9171939e+28,0.000000
7,-3,41,3.9106528e+28,0.000000
6,4,23,3.8986797e+28,0.000000
6,-4,54,3.8887346e+28,0.000000
6,3,24,3.8767617e+28,0.000000
10,-7,4,3.8665801e+28,0.000000
9,-7,48,3.8522114e+28,0.000000
6,5,15,3.8515158e+28,0.000000
6,2,-11,3.8437685e+28,0.000000
6,0,-21,3.8181271e+28,0.000000
6,0,21,3.8181271e+28,0.000000
7,1,0,3.8028237e+28,0.000000
9,-9,39,3.7771684e+28,0.000000
5,2,-11,3.7766178e+28,0.000000
6,5,1,3.7715556e+28,0.000000
10,-6,19,3.7692774e+28,0.000000
6,5,-1,3.7605691e+28,0.000000
5,1,30,3.7518455e+28,0.000000
3,2,-15,3.7259625e+28,0.000000
5,2,32,3.7157717e+28,0.000000
6,5,4,3.7134897e+28,0.000000
10,-8,31,3.7120003e+28,0.000000
8,-4,33,3.7038325e+28,0.000000
2,2,-19,3.6817113e+28,0.000000
6,5,16,3.6737432e+28,0.000000
7,5,2,3.6662772e+28,0.000000
7,-4,50,3.6415678e+28,0.000000
2,-2,-45,3.6401872e+28,0.000000
8,-2,13,3.6308224e+28,0.000000
5,-3,-21,3.6238443e+28,0.000000
5,5,36,3.6032601e+28,0.000000
10,-5,10,3.5910634e+28,0.000000
3,3,-13,3.590055e+28,0.000000
3,0,-44,3.5753505e+28,0.000000
3,0,44,3.5753505e+28,0.000000
6,-6,-6,3.5696681e+28,0.000000
10,-10,10,3.5583468e+28,0.000000
9,-8,45,3.5420871e+28,0.000000
4,-2,-27,3.540454e+28,0.000000
7,2,9,3.5242158e+28,0.000000
6,5,17,3.5174054e+28,0.000000
6,-3,51,3.507121e+28,0.000000
7,2,1,3.5046131e+28,0.000000
3,1,-32,3.4809325e+28,0.000000
7,-1,-11,3.4757293e+28,0.000000
5,4,38,3.4723216e+28,0.000000
10,-7,25,3.4511709e+28,0.000000
6,1,-14,3.4424951e+28,0.000000
3,-3,-33,3.4411547e+28,0.000000
4,4,-6,3.434598e+28,0.000000
3,-2,-33,3.4238533e+28,0.000000
7,4,9,3.4010896e+28,0.000000
4,1,37,3.3907283e+28,0.000000
6,5,18,3.3637773e+28,0.000000
9,-3,10,3.3568304e+28,0.000000
9,-6,37,3.3406547e+28,0.000000
5,-2,43,3.3387072e+28,0.000000
9,-9,40,3.3379044e+28,0.000000
7,5,5,3.3282164e+28,0.000000
2,2,49,3.3024e+28,0.000000
3,2,45,3.2821528e+28,0.000000
4,4,45,3.2538934e+28,0.000000
8,-6,54,3.2476838e+28,0.000000
7,5,6,3.2343855e+28,0.000000
6,-1,28,3.2076582e+28,0.000000
6,5,19,3.1996084e+28,0.000000
7,5,4,3.1940059e+28,0.000000
7,3,-2,3.1904002e+28,0.000000
9,-8,46,3.1883035e+28,0.000000
10,-8,32,3.1817841e+28,0.000000
5,-2,-19,3.177751e+28,0.000000
3,1,41,3.1468228e+28,0.000000
10,-9,22,3.1394671e+28,0.000000
2,-2,-46,3.1324528e+28,0.000000
7,5,3,3.1301553e+28,0.000000
6,-4,-10,3.1161782e+28,0.000000
6,3,25,3.1109261e+28,0.000000
4,3,44,3.1087586e+28,0.000000
6,-4,55,3.0917818e+28,0.000000
7,5,-1,3.0872749e+28,0.000000
9,-4,21,3.0585778e+28,0.000000
8,-1,4,3.0478878e+28,0.000000
5,-4,-10,3.037509e+28,0.000000
7,-1,26,3.0364601e+28,0.000000
6,5,20,3.0177896e+28,0.000000
9,-7,49,2.9959387e+28,0.000000
9,-9,41,2.9732762e+28,0.000000
7,5,7,2.9542262e+28,0.000000
9,-3,0,2.9503053e+28,0.000000
5,-4,-6,2.9204011e+28,0.000000
5,3,32,2.9165081e+28,0.000000
7,5,-3,2.9102237e+28,0.000000
7,1,21,2.9060092e+28,0.000000
2,1,-32,2.9056587e+28,0.000000
9,-3,11,2.9034389e+28,0.000000
9,-5,33,2.9006037e+28,0.000000
7,4,10,2.8926713e+28,0.000000
9,-6,0,2.8768627e+28,0.000000
7,0,-13,2.8678398e+28,0.000000
7,0,13,2.8678398e+28,0.000000
9,-8,47,2.8606457e+28,0.000000
6,-1,-21,2.859885e+28,0.000000
10,-7,26,2.8340134e+28,0.000000
7,3,17,2.8242708e+28,0.000000
5,5,37,2.8198837e+28,0.000000
8,2,7,2.8193533e+28,0.000000
6,5,21,2.8166829e+28,0.000000
4,-4,-21,2.8133597e+28,0.000000
7,-3,42,2.8055484e+28,0.000000
4,-1,52,2.7890128e+28,0.000000
6,2,-5,2.7812639e+28,0.000000
5,0,-33,2.7771821e+28,0.000000
5,0,33,2.7771821e+28,0.000000
2,0,-47,2.760104e+28,0.000000
2,0,47,2.760104e+28,0.000000
10,-8,33,2.7485254e+28,0.000000
3,3,49,2.7391949e+28,0.000000
6,2,29,2.7386887e+28,0.000000
8,2,8,2.7374237e+28,0.000000
7,5,0,2.7342688e+28,0.000000
2,-2,-47,2.7103884e+28,0.000000
10,-10,22,2.7093292e+28,0.000000
7,-5,54,2.7002916e+28,0.000000
4,-1,-35,2.6917582e+28,0.000000
10,-6,1,2.6864517e+28,0.000000
6,-2,-16,2.6783617e+28,0.000000
4,0,-40,2.678076e+28,0.000000
4,0,40,2.678076e+28,0.000000
7,-4,51,2.6760197e+28,0.000000
4,-3,-25,2.6714629e+28,0.000000
9,-9,42,2.6711674e+28,0.000000
6,1,-15,2.6514467e+28,0.000000
8,2,0,2.6430954e+28,0.000000
7,5,8,2.6241204e+28,0.000000
9,-3,12,2.615292e+28,0.000000
10,-6,20,2.6127759e+28,0.000000
9,-7,-2,2.6047535e+28,0.000000
6,5,22,2.5987739e+28,0.000000
8,-3,20,2.5804242e+28,0.000000
5,4,39,2.56485e+28,0.000000
9,-8,48,2.5572726e+28,0.000000
6,5,-3,2.5549188e+28,0.000000
4,1,38,2.5483976e+28,0.000000
2,-1,-44,2.5164807e+28,0.000000
8,2,6,2.5053568e+28,0.000000
10,-5,3,2.5044171e+28,0.000000
5,1,-26,2.5038997e+28,0.000000
8,-8,-3,2.5009685e+28,0.000000
5,1,-1,2.4965264e+28,0.000000
3,-1,-41,2.4820496e+28,0.000000
6,3,26,2.4503299e+28,0.000000
10,-5,11,2.4402774e+28,0.000000
6,-2,38,2.4390663e+28,0.000000
6,2,-12,2.4224541e+28,0.000000
9,-9,43,2.4200495e+28,0.000000
5,-1,-32,2.4189215e+28,0.000000
9,-6,38,2.4105737e+28,0.000000
4,2,37,2.409579e+28,0.000000
7,4,11,2.3980212e+28,0.000000
10,-8,34,2.3883291e+28,0.000000
9,-8,3,2.3835875e+28,0.000000
2,1,38,2.3825918e+28,0.000000
3,-2,-34,2.3783819e+28,0.000000
8,-1,1,2.3755313e+28,0.000000
6,4,24,2.3754923e+28,0.000000
8,-6,55,2.3751171e+28,0.000000
8,2,9,2.3711291e+28,0.000000
4,2,-19,2.3705319e+28,0.000000
6,5,23,2.3691463e+28,0.000000
9,-3,13,2.3540272e+28,0.000000
2,-2,-48,2.3505739e+28,0.000000
10,-7,27,2.3484805e+28,0.000000
7,5,9,2.3386353e+28,0.000000
8,-5,37,2.3361874e+28,0.000000
10,-4,9,2.3280256e+28,0.000000
9,-7,50,2.3241498e+28,0.000000
4,4,46,2.3233469e+28,0.000000
7,4,2,2.3016628e+28,0.000000
5,-3,-22,2.2914789e+28,0.000000
9,-8,49,2.2769572e+28,0.000000
6,-3,52,2.2717171e+28,0.000000
10,-9,23,2.2491618e+28,0.000000
10,-9,8,2.2460975e+28,0.000000
6,1,24,2.2376349e+28,0.000000
5,2,33,2.2368642e+28,0.000000
4,1,-28,2.233377e+28,0.000000
7,-2,6,2.2310451e+28,0.000000
8,2,3,2.2288616e+28,0.000000
3,1,42,2.2254756e+28,0.000000
9,-4,22,2.2240969e+28,0.000000
7,1,-10,2.2198228e+28,0.000000
9,-9,44,2.2093718e+28,0.000000
5,5,38,2.1971644e+28,0.000000
3,0,-45,2.1902426e+28,0.000000
3,0,45,2.1902426e+28,0.000000
6,-4,-11,2.1683754e+28,0.000000
4,3,-7,2.1479471e+28,0.000000
6,5,24,2.1340985e+28,0.000000
7,5,10,2.1282544e+28,0.000000
5,2,-12,2.1271191e+28,0.000000
4,3,45,2.1197894e+28,0.000000
6,5,0,2.1189359e+28,0.000000
9,-9,3,2.1113507e+28,0.000000
9,-5,34,2.0870711e+28,0.000000
2,2,50,2.0842859e+28,0.000000
10,-8,35,2.0835665e+28,0.000000
8,-2,14,2.0776312e+28,0.000000
9,-3,14,2.0708783e+28,0.000000
2,-2,-49,2.0387175e+28,0.000000
5,3,33,2.0319032e+28,0.000000
5,-4,-11,2.0301539e+28,0.000000
9,-9,45,2.0298696e+28,0.000000
3,2,46,2.0216948e+28,0.000000
9,-8,50,2.0188237e+28,0.000000
7,0,-3,2.0096018e+28,0.000000
7,0,3,2.0096018e+28,0.000000
7,-3,43,2.0031942e+28,0.000000
7,5,11,1.9808851e+28,0.000000
7,2,10,1.9807191e+28,0.000000
6,1,-16,1.9750322e+28,0.000000
7,-4,52,1.9641998e+28,0.000000
7,4,1,1.9620309e+28,0.000000
10,-7,28,1.9592834e+28,0.000000
5,-1,35,1.9455946e+28,0.000000
7,1,22,1.9378358e+28,0.000000
8,-4,34,1.9313754e+28,0.000000
7,4,12,1.9306814e+28,0.000000
3,-3,-34,1.9285658e+28,0.000000
4,-1,53,1.9106908e+28,0.000000
6,5,25,1.9000571e+28,0.000000
6,-4,-7,1.8992275e+28,0.000000
6,3,27,1.8988763e+28,0.000000
6,-1,-22,1.8986818e+28,0.000000
4,1,39,1.8953488e+28,0.000000
5,4,40,1.8904253e+28,0.000000
6,6,-3,1.8861417e+28,0.000000
9,-9,46,1.873745e+28,0.000000
8,2,10,1.8720434e+28,0.000000
7,5,12,1.8678234e+28,0.000000
5,0,-34,1.8567172e+28,0.000000
5,0,34,1.8567172e+28,0.000000
8,2,5,1.8560948e+28,0.000000
3,1,-33,1.8496356e+28,0.000000
10,-4,3,1.8408749e+28,0.000000
6,5,-2,1.8404656e+28,0.000000
10,-10,23,1.83999e+28,0.000000
9,-6,-1,1.8391148e+28,0.000000
7,-1,27,1.8385123e+28,0.000000
6,2,30,1.825667e+28,0.000000
10,-10,9,1.8229367e+28,0.000000
7,-5,55,1.8216749e+28,0.000000
10,-8,36,1.8214444e+28,0.000000
3,3,50,1.8153031e+28,0.000000
9,-7,51,1.7989379e+28,0.000000
8,0,-5,1.795572e+28,0.000000
8,0,5,1.795572e+28,0.000000
9,-8,51,1.7821541e+28,0.000000
10,-6,21,1.7696727e+28,0.000000
2,-2,-50,1.7658627e+28,0.000000
9,-3,15,1.7629695e+28,0.000000
7,5,13,1.7614623e+28,0.000000
7,-7,-6,1.7514327e+28,0.000000
2,0,-48,1.7507769e+28,0.000000
2,0,48,1.7507769e+28,0.000000
9,-9,47,1.734716e+28,0.000000
6,6,-4,1.7238528e+28,0.000000
9,-6,39,1.7231931e+28,0.000000
7,4,-2,1.7164417e+28,0.000000
7,0,-14,1.7086216e+28,0.000000
7,0,14,1.7086216e+28,0.000000
10,-5,12,1.707938e+28,0.000000
5,5,39,1.7040868e+28,0.000000
5,-5,-7,1.6949449e+28,0.000000
3,3,-14,1.6862792e+28,0.000000
5,1,31,1.6844458e+28,0.000000
6,5,26,1.6728316e+28,0.000000
4,0,-41,1.6596898e+28,0.000000
4,0,41,1.6596898e+28,0.000000
10,-9,24,1.6594796e+28,0.000000
4,4,47,1.6582458e+28,0.000000
7,5,14,1.6436048e+28,0.000000
10,-7,29,1.641869e+28,0.000000
3,-2,-35,1.633679e+28,0.000000
3,2,-16,1.6121451e+28,0.000000
7,3,18,1.6101599e+28,0.000000
9,-9,48,1.6079549e+28,0.000000
9,-3,1,1.6000369e+28,0.000000
10,-8,37,1.5928448e+28,0.000000
2,1,-33,1.5900094e+28,0.000000
8,-3,21,1.5854373e+28,0.000000
9,-4,23,1.5739846e+28,0.000000
9,-8,52,1.5662575e+28,0.000000
4,-3,-26,1.5653059e+28,0.000000
5,-2,-20,1.5637013e+28,0.000000
3,1,43,1.5524774e+28,0.000000
6,-2,-17,1.5472042e+28,0.000000
8,-1,5,1.5450909e+28,0.000000
7,4,-1,1.5434834e+28,0.000000
10,-7,3,1.5305568e+28,0.000000
2,-2,-51,1.5261884e+28,0.000000
7,5,15,1.5069521e+28,0.000000
7,4,13,1.5062426e+28,0.000000
6,-2,39,1.5043931e+28,0.000000
4,-1,-36,1.5032478e+28,0.000000
5,-2,44,1.5015435e+28,0.000000
9,-9,49,1.489946e+28,0.000000
6,2,-13,1.4887691e+28,0.000000
9,-5,35,1.4796743e+28,0.000000
10,-4,10,1.4748135e+28,0.000000
5,1,-27,1.4710321e+28,0.000000
6,-1,29,1.4687943e+28,0.000000
6,-3,53,1.4586595e+28,0.000000
6,5,27,1.4571821e+28,0.000000
2,-1,-45,1.451748e+28,0.000000
6,3,28,1.4506164e+28,0.000000
6,0,-22,1.4502328e+28,0.000000
6,0,22,1.4502328e+28,0.000000
9,-3,16,1.4469791e+28,0.000000
10,-8,3,1.4448058e+28,0.000000
4,3,46,1.4442118e+28,0.000000
2,2,-20,1.441221e+28,0.000000
7,-4,53,1.4408313e+28,0.000000
5,-3,-23,1.436746e+28,0.000000
6,1,-17,1.4297991e+28,0.000000
7,-3,44,1.4247316e+28,0.000000
6,4,25,1.4220365e+28,0.000000
6,6,0,1.4179827e+28,0.000000
6,-4,-12,1.4118267e+28,0.000000
5,-1,-33,1.4076855e+28,0.000000
4,-4,-22,1.4032582e+28,0.000000
5,3,34,1.4029932e+28,0.000000
4,1,40,1.3974222e+28,0.000000
10,-8,38,1.3913703e+28,0.000000
5,4,41,1.3905284e+28,0.000000
9,-7,52,1.3896347e+28,0.000000
10,-7,30,1.3790155e+28,0.000000
9,-9,50,1.378294e+28,0.000000
7,-1,-12,1.3728143e+28,0.000000
9,-8,53,1.370389e+28,0.000000
8,2,11,1.3646254e+28,0.000000
5,-3,-4,1.3539046e+28,0.000000
7,5,16,1.3528689e+28,0.000000
3,0,-46,1.3401911e+28,0.000000
3,0,46,1.3401911e+28,0.000000
5,2,34,1.3336732e+28,0.000000
8,2,4,1.3327599e+28,0.000000
2,2,51,1.3271717e+28,0.000000
8,4,-1,1.3243349e+28,0.000000
7,2,15,1.3233187e+28,0.000000
7,2,16,1.3176973e+28,0.000000
5,5,40,1.3168739e+28,0.000000
2,-2,-52,1.3155471e+28,0.000000
5,3,-7,1.3127273e+28,0.000000
3,-1,-42,1.3084644e+28,0.000000
6,6,-1,1.3060458e+28,0.000000
4,-1,54,1.2996249e+28,0.000000
10,-10,24,1.2974329e+28,0.000000
7,2,11,1.2967193e+28,0.000000
5,-4,-12,1.2881585e+28,0.000000
4,2,38,1.2874522e+28,0.000000
9,-8,2,1.2761263e+28,0.000000
9,-9,51,1.2715131e+28,0.000000
4,1,-29,1.2666527e+28,0.000000
7,1,23,1.2665322e+28,0.000000
7,2,14,1.2585615e+28,0.000000
6,5,28,1.2566392e+28,0.000000
6,6,-2,1.2560118e+28,0.000000
10,-9,25,1.2553163e+28,0.000000
6,6,3,1.2473588e+28,0.000000
6,-1,-23,1.2457305e+28,0.000000
8,-5,38,1.2442172e+28,0.000000
7,2,17,1.2429699e+28,0.000000
3,2,47,1.241851e+28,0.000000
5,0,-35,1.2368234e+28,0.000000
5,0,35,1.2368234e+28,0.000000
10,-5,13,1.225799e+28,0.000000
9,-6,40,1.2202609e+28,0.000000
4,-2,-28,1.2181412e+28,0.000000
10,-8,39,1.2125714e+28,0.000000
6,2,31,1.2070365e+28,0.000000
3,3,51,1.2011127e+28,0.000000
9,-8,54,1.1937078e+28,0.000000
6,1,25,1.1882433e+28,0.000000
7,5,17,1.1878819e+28,0.000000
4,4,48,1.1830785e+28,0.000000
5,2,-13,1.1826129e+28,0.000000
6,6,2,1.179639e+28,0.000000
9,-9,52,1.168816e+28,0.000000
10,-6,22,1.1684327e+28,0.000000
10,-7,31,1.1585947e+28,0.000000
8,-3,22,1.1583366e+28,0.000000
7,2,13,1.1574406e+28,0.000000
9,-3,17,1.1438811e+28,0.000000
7,-2,7,1.1428585e+28,0.000000
2,0,-49,1.142372e+28,0.000000
2,0,49,1.142372e+28,0.000000
7,4,14,1.137165e+28,0.000000
5,-1,40,1.1348518e+28,0.000000
5,-1,39,1.1337243e+28,0.000000
2,-2,-53,1.1307607e+28,0.000000
4,-4,-5,1.1301297e+28,0.000000
6,6,4,1.126507e+28,0.000000
4,3,-8,1.1195364e+28,0.000000
6,6,1,1.1188925e+28,0.000000
7,2,18,1.117322e+28,0.000000
8,-2,15,1.1158306e+28,0.000000
7,2,12,1.1122546e+28,0.000000
3,-2,-36,1.1113495e+28,0.000000
7,-1,28,1.0968327e+28,0.000000
6,3,29,1.0942048e+28,0.000000
3,-3,-35,1.085477e+28,0.000000
9,-4,24,1.0824484e+28,0.000000
4,2,-20,1.0807178e+28,0.000000
6,5,29,1.0735048e+28,0.000000
9,-7,53,1.0715906e+28,0.000000
9,-9,53,1.0699197e+28,0.000000
3,1,44,1.0688781e+28,0.000000
5,-1,41,1.0648402e+28,0.000000
10,-9,7,1.0610423e+28,0.000000
7,-4,54,1.0567793e+28,0.000000
10,-8,40,1.0533411e+28,0.000000
6,-4,-6,1.0532867e+28,0.000000
5,-1,38,1.0504552e+28,0.000000
9,-8,55,1.0352637e+28,0.000000
9,-5,36,1.0343196e+28,0.000000
4,0,-42,1.0242288e+28,0.000000
4,0,42,1.0242288e+28,0.000000
4,1,41,1.0227993e+28,0.000000
5,4,42,1.0209673e+28,0.000000
5,-1,36,1.0209639e+28,0.000000
4,4,-7,1.0206538e+28,0.000000
7,5,18,1.0204248e+28,0.000000
8,-3,23,1.0169248e+28,0.000000
5,5,41,1.0140959e+28,0.000000
7,-3,45,1.010107e+28,0.000000
6,1,-18,1.0098974e+28,0.000000
8,4,3,1.0021202e+28,0.000000
8,-4,35,1.0000756e+28,0.000000
8,-3,24,9.9048661e+27,0.000000
8,-3,25,9.8677043e+27,0.000000
4,3,47,9.8290983e+27,0.000000
3,1,-34,9.8179222e+27,0.000000
9,-9,54,9.7487712e+27,0.000000
10,-7,32,9.7202632e+27,0.000000
8,4,2,9.7130006e+27,0.000000
10,-9,26,9.699919e+27,0.000000
2,-2,-54,9.6915125e+27,0.000000
7,0,-15,9.6697555e+27,0.000000
7,0,15,9.6697555e+27,0.000000
8,-3,26,9.6434691e+27,0.000000
7,2,19,9.6346191e+27,0.000000
5,3,35,9.6114243e+27,0.000000
7,1,-11,9.5861478e+27,0.000000
10,-4,11,9.5736563e+27,0.000000
6,6,5,9.5325377e+27,0.000000
5,-1,42,9.5055493e+27,0.000000
10,-10,25,9.4688559e+27,0.000000
5,-1,37,9.3730673e+27,0.000000
6,-3,54,9.2626709e+27,0.000000
8,2,12,9.2490327e+27,0.000000
6,-2,40,9.2207442e+27,0.000000
4,-3,-27,9.1892838e+27,0.000000
8,-3,27,9.1156621e+27,0.000000
10,-8,41,9.1145577e+27,0.000000
6,5,30,9.0896979e+27,0.000000
10,-5,14,9.0301733e+27,0.000000
6,2,-14,8.9614304e+27,0.000000
5,-3,-24,8.9482041e+27,0.000000
9,-9,55,8.8393837e+27,0.000000
8,0,-2,8.8285699e+27,0.000000
8,0,2,8.8285699e+27,0.000000
6,-4,-13,8.8133359e+27,0.000000
6,-2,-18,8.8013454e+27,0.000000
8,-8,-4,8.7873637e+27,0.000000
4,-1,55,8.7708594e+27,0.000000
2,1,-34,8.7209827e+27,0.000000
9,-3,18,8.7105388e+27,0.000000
8,-4,-3,8.7081556e+27,0.000000
7,3,19,8.6951698e+27,0.000000
6,6,10,8.6328914e+27,0.000000
5,1,-28,8.6085276e+27,0.000000
7,5,19,8.5850411e+27,0.000000
9,-6,41,8.559397e+27,0.000000
2,2,52,8.5520303e+27,0.000000
6,6,9,8.5222194e+27,0.000000
6,6,11,8.5159318e+27,0.000000
9,-9,2,8.5140633e+27,0.000000
2,-1,-46,8.4696036e+27,0.000000
6,6,6,8.455214e+27,0.000000
4,4,49,8.4369041e+27,0.000000
6,4,26,8.3577662e+27,0.000000
4,-1,-37,8.3339979e+27,0.000000
8,-3,28,8.3193715e+27,0.000000
7,4,15,8.3004083e+27,0.000000
6,6,8,8.290293e+27,0.000000
2,-2,-55,8.2832992e+27,0.000000
10,-4,2,8.2671609e+27,0.000000
8,4,4,8.2522062e+27,0.000000
9,-7,54,8.2511095e+27,0.000000
5,0,-36,8.212426e+27,0.000000
5,0,36,8.212426e+27,0.000000
3,0,-47,8.2006656e+27,0.000000
3,0,47,8.2006656e+27,0.000000
5,-1,43,8.1683467e+27,0.000000
5,-1,-34,8.1607343e+27,0.000000
6,3,30,8.160731e+27,0.000000
6,6,7,8.1546568e+27,0.000000
6,6,12,8.1496339e+27,0.000000
10,-7,33,8.1317779e+27,0.000000
7,1,24,8.128646e+27,0.000000
3,3,-15,8.1069148e+27,0.000000
6,-1,-24,8.0898227e+27,0.000000
8,-1,6,8.0258648e+27,0.000000
7,2,20,8.0166618e+27,0.000000
3,3,52,7.9357669e+27,0.000000
6,2,32,7.9207945e+27,0.000000
5,-4,-13,7.8841405e+27,0.000000
5,2,35,7.8682319e+27,0.000000
10,-8,42,7.8524504e+27,0.000000
10,-10,8,7.8246784e+27,0.000000
7,-3,-7,7.7968041e+27,0.000000
5,5,42,7.78464e+27,0.000000
7,-4,55,7.7532155e+27,0.000000
8,0,-10,7.6929661e+27,0.000000
8,0,10,7.6929661e+27,0.000000
2,0,-50,7.673898e+27,0.000000
2,0,50,7.673898e+27,0.000000
2,1,39,7.6542861e+27,0.000000
10,-9,27,7.6380361e+27,0.000000
6,5,31,7.6329352e+27,0.000000
3,2,48,7.6127698e+27,0.000000
8,0,-11,7.6070667e+27,0.000000
8,0,11,7.6070667e+27,0.000000
6,6,13,7.5739483e+27,0.000000
10,-6,23,7.5365905e+27,0.000000
5,-2,-21,7.4968584e+27,0.000000
3,-2,-37,7.4962706e+27,0.000000
5,4,43,7.484938e+27,0.000000
9,-4,-1,7.4825201e+27,0.000000
4,1,42,7.4396703e+27,0.000000
8,-3,29,7.3490281e+27,0.000000
6,-3,-3,7.2776823e+27,0.000000
7,-3,-8,7.2699622e+27,0.000000
3,1,45,7.2646073e+27,0.000000
9,-4,25,7.2225163e+27,0.000000
4,1,-30,7.1675748e+27,0.000000
5,1,32,7.1434171e+27,0.000000
7,-3,46,7.1432618e+27,0.000000
9,-5,37,7.1323058e+27,0.000000
10,-10,26,7.1120825e+27,0.000000
7,5,20,7.083959e+27,0.000000
8,-5,39,7.0632432e+27,0.000000
6,0,-23,7.0596926e+27,0.000000
6,0,23,7.0596926e+27,0.000000
4,-4,-23,7.0305876e+27,0.000000
6,1,-19,6.9820112e+27,0.000000
3,-1,-43,6.903361e+27,0.000000
6,6,14,6.8657942e+27,0.000000
10,-5,15,6.8385009e+27,0.000000
5,-1,44,6.8151679e+27,0.000000
3,2,-17,6.8031489e+27,0.000000
10,-7,34,6.7757376e+27,0.000000
9,-4,0,6.7593097e+27,0.000000
6,-1,30,6.7545243e+27,0.000000
8,0,-12,6.7520116e+27,0.000000
8,0,12,6.7520116e+27,0.000000
10,-8,43,6.7336353e+27,0.000000
4,2,39,6.7125212e+27,0.000000
6,-3,-5,6.7013257e+27,0.000000
8,0,-9,6.6982143e+27,0.000000
8,0,9,6.6982143e+27,0.000000
4,3,48,6.6808502e+27,0.000000
7,-6,-5,6.6263452e+27,0.000000
10,-8,2,6.6038729e+27,0.000000
5,3,36,6.5386506e+27,0.000000
10,-4,1,6.5194289e+27,0.000000
5,2,-14,6.4834316e+27,0.000000
7,2,21,6.4686298e+27,0.000000
7,-1,29,6.4480346e+27,0.000000
9,-7,-3,6.4347594e+27,0.000000
9,-3,19,6.3920516e+27,0.000000
5,-2,45,6.36319e+27,0.000000
6,5,32,6.3600703e+27,0.000000
9,-7,55,6.3454613e+27,0.000000
8,-3,30,6.3064814e+27,0.000000
4,0,-43,6.2938006e+27,0.000000
4,0,43,6.2938006e+27,0.000000
8,4,5,6.2894676e+27,0.000000
10,-4,12,6.2184201e+27,0.000000
3,-3,-36,6.1360752e+27,0.000000
10,-9,28,6.1214736e+27,0.000000
6,6,15,6.1132988e+27,0.000000
6,1,26,6.1039009e+27,0.000000
8,-8,-5,6.097323e+27,0.000000
7,-2,8,6.0567668e+27,0.000000
6,3,31,6.0248815e+27,0.000000
7,-2,0,6.0211176e+27,0.000000
4,4,50,6.0136545e+27,0.000000
8,0,-6,5.9919192e+27,0.000000
8,0,6,5.9919192e+27,0.000000
5,5,43,5.9586409e+27,0.000000
9,-6,42,5.9464829e+27,0.000000
4,3,-9,5.8874665e+27,0.000000
5,5,-5,5.884645e+27,0.000000
7,4,16,5.852453e+27,0.000000
8,2,13,5.8445002e+27,0.000000
8,4,0,5.8166081e+27,0.000000
6,-3,55,5.7998717e+27,0.000000
10,-8,44,5.746439e+27,0.000000
7,5,21,5.7418474e+27,0.000000
6,-5,-5,5.6964777e+27,0.000000
9,-5,-3,5.6935188e+27,0.000000
10,-7,35,5.6183751e+27,0.000000
6,-2,41,5.6114479e+27,0.000000
8,-2,16,5.6045747e+27,0.000000
2,2,53,5.5954113e+27,0.000000
5,-1,45,5.5546185e+27,0.000000
5,-3,-25,5.5436968e+27,0.000000
2,2,-21,5.536184e+27,0.000000
6,-1,-2,5.5252356e+27,0.000000
8,0,-13,5.5246345e+27,0.000000
8,0,13,5.5246345e+27,0.000000
5,4,44,5.4799108e+27,0.000000
10,-10,27,5.4614809e+27,0.000000
5,0,-37,5.437159e+27,0.000000
5,0,37,5.437159e+27,0.000000
6,0,-24,5.4274117e+27,0.000000
6,0,24,5.4274117e+27,0.000000
4,-3,-28,5.4050093e+27,0.000000
6,6,16,5.3943786e+27,0.000000
4,1,43,5.3824882e+27,0.000000
8,-4,36,5.3683791e+27,0.000000
6,-4,-14,5.3470057e+27,0.000000
10,-5,16,5.3326481e+27,0.000000
6,0,-25,5.3324119e+27,0.000000
6,0,25,5.3324119e+27,0.000000
7,-3,-9,5.299784e+27,0.000000
6,2,-15,5.2968194e+27,0.000000
2,0,-51,5.2956725e+27,0.000000
2,0,51,5.2956725e+27,0.000000
6,0,-26,5.2847479e+27,0.000000
6,0,26,5.2847479e+27,0.000000
8,-3,31,5.2763403e+27,0.000000
9,-1,2,5.2748322e+27,0.000000
6,5,33,5.2611436e+27,0.000000
3,3,53,5.2380343e+27,0.000000
6,-1,-25,5.2066561e+27,0.000000
3,1,-35,5.2035903e+27,0.000000
7,0,-16,5.1779226e+27,0.000000
7,0,16,5.1779226e+27,0.000000
8,-7,-3,5.1724216e+27,0.000000
6,2,33,5.1621475e+27,0.000000
7,1,25,5.1303554e+27,0.000000
6,-3,-6,5.1166336e+27,0.000000
8,4,1,5.1002279e+27,0.000000
7,2,22,5.0824053e+27,0.000000
7,-3,47,5.0412888e+27,0.000000
3,0,-48,5.0286436e+27,0.000000
3,0,48,5.0286436e+27,0.000000
5,1,-29,5.02025e+27,0.000000
2,-1,-47,5.0202e+27,0.000000
3,-2,-38,5.0180077e+27,0.000000
10,-9,29,4.9900779e+27,0.000000
6,-2,-19,4.9386274e+27,0.000000
6,0,-27,4.9369554e+27,0.000000
6,0,27,4.9369554e+27,0.000000
7,-1,-13,4.9203958e+27,0.000000
10,-8,45,4.8800897e+27,0.000000
3,1,46,4.8736481e+27,0.000000
4,2,-21,4.8558125e+27,0.000000
9,-5,38,4.853731e+27,0.000000
6,4,27,4.8173976e+27,0.000000
8,0,-8,4.8018307e+27,0.000000
8,0,8,4.8018307e+27,0.000000
10,-6,24,4.799554e+27,0.000000
2,1,-35,4.7940127e+27,0.000000
6,6,17,4.7638154e+27,0.000000
6,1,-20,4.7378082e+27,0.000000
5,-1,-35,4.710521e+27,0.000000
5,-4,-14,4.7019571e+27,0.000000
8,-5,40,4.6911839e+27,0.000000
9,-4,26,4.6672944e+27,0.000000
3,2,49,4.6650538e+27,0.000000
10,-7,36,4.6330762e+27,0.000000
5,2,36,4.5874995e+27,0.000000
4,-1,-38,4.5802806e+27,0.000000
7,5,22,4.5786001e+27,0.000000
8,-1,7,4.5751916e+27,0.000000
5,5,44,4.5491764e+27,0.000000
8,4,6,4.5354127e+27,0.000000
4,3,49,4.5337194e+27,0.000000
9,-3,20,4.5220889e+27,0.000000
9,-8,1,4.4723811e+27,0.000000
5,-1,46,4.4417165e+27,0.000000
10,-6,0,4.4324507e+27,0.000000
7,3,20,4.4247587e+27,0.000000
5,3,37,4.4205582e+27,0.000000
8,-7,-4,4.4185738e+27,0.000000
6,3,32,4.4074669e+27,0.000000
6,0,-28,4.3373426e+27,0.000000
6,0,28,4.3373426e+27,0.000000
6,5,34,4.3226092e+27,0.000000
8,-3,32,4.3178674e+27,0.000000
9,-7,-4,4.306579e+27,0.000000
10,-5,17,4.2847968e+27,0.000000
4,4,51,4.2837707e+27,0.000000
7,-3,-6,4.2761414e+27,0.000000
10,-10,28,4.2632443e+27,0.000000
6,6,18,4.2493713e+27,0.000000
8,0,-14,4.2378416e+27,0.000000
8,0,14,4.2378416e+27,0.000000
5,4,-4,4.1487708e+27,0.000000
10,-9,30,4.1345058e+27,0.000000
10,-8,46,4.1242544e+27,0.000000
9,-6,43,4.0912075e+27,0.000000
4,1,-31,4.0459051e+27,0.000000
8,1,3,4.0311981e+27,0.000000
10,-4,13,4.015973e+27,0.000000
8,4,-2,4.0134547e+27,0.000000
5,4,45,4.0072311e+27,0.000000
7,4,17,3.9813241e+27,0.000000
3,3,-16,3.9678454e+27,0.000000
7,2,23,3.9014262e+27,0.000000
4,1,44,3.8756857e+27,0.000000
6,6,19,3.8547526e+27,0.000000
4,0,-44,3.8521193e+27,0.000000
4,0,44,3.8521193e+27,0.000000
8,-5,41,3.8240903e+27,0.000000
10,-7,37,3.7978608e+27,0.000000
4,-2,-29,3.7914292e+27,0.000000
7,1,-12,3.748778e+27,0.000000
2,0,-52,3.7359972e+27,0.000000
2,0,52,3.7359972e+27,0.000000
7,-1,30,3.7343631e+27,0.000000
2,2,54,3.7290578e+27,0.000000
7,2,-1,3.6893027e+27,0.000000
3,-1,-44,3.6559926e+27,0.000000
10,-5,2,3.6352023e+27,0.000000
6,0,-29,3.6215087e+27,0.000000
6,0,29,3.6215087e+27,0.000000
8,-5,42,3.6134267e+27,0.000000
8,-5,43,3.6111227e+27,0.000000
8,-5,44,3.6049829e+27,0.000000
8,1,4,3.6045887e+27,0.000000
7,5,23,3.5970614e+27,0.000000
5,0,-38,3.59005e+27,0.000000
5,0,38,3.59005e+27,0.000000
6,6,20,3.5662686e+27,0.000000
7,-3,48,3.5519495e+27,0.000000
10,-5,18,3.5413519e+27,0.000000
4,-4,-24,3.5373116e+27,0.000000
6,5,35,3.5289912e+27,0.000000
8,-5,45,3.5145932e+27,0.000000
5,2,-15,3.5003971e+27,0.000000
5,-1,47,3.4953906e+27,0.000000
5,-2,-22,3.4885756e+27,0.000000
3,-3,-37,3.4844638e+27,0.000000
10,-9,31,3.4774954e+27,0.000000
10,-8,47,3.4688509e+27,0.000000
7,-2,1,3.4686543e+27,0.000000
10,-9,6,3.4671118e+27,0.000000
8,-3,33,3.4657811e+27,0.000000
4,4,-8,3.46554e+27,0.000000
5,5,45,3.4651388e+27,0.000000
3,3,54,3.4574012e+27,0.000000
8,2,14,3.4405906e+27,0.000000
8,-1,12,3.4364834e+27,0.000000
5,-3,-26,3.4202001e+27,0.000000
6,-1,31,3.4155547e+27,0.000000
10,-8,1,3.4051977e+27,0.000000
8,0,-7,3.4011869e+27,0.000000
8,0,7,3.4011869e+27,0.000000
4,2,40,3.3922988e+27,0.000000
7,-3,-10,3.3872494e+27,0.000000
6,-2,42,3.386678e+27,0.000000
10,-10,29,3.3709135e+27,0.000000
8,-1,13,3.3643846e+27,0.000000
6,6,21,3.3603975e+27,0.000000
6,2,34,3.3427932e+27,0.000000
3,-2,-39,3.3357542e+27,0.000000
7,-2,9,3.3291706e+27,0.000000
8,-5,46,3.3276475e+27,0.000000
6,-1,-26,3.3246596e+27,0.000000
8,-1,11,3.321623e+27,0.000000
9,-5,39,3.2610022e+27,0.000000
3,1,47,3.2271325e+27,0.000000
8,-4,37,3.2152464e+27,0.000000
6,6,22,3.2104246e+27,0.000000
8,-1,8,3.2057273e+27,0.000000
6,3,33,3.1976002e+27,0.000000
7,1,26,3.1875624e+27,0.000000
4,-3,-29,3.1851112e+27,0.000000
6,-4,-15,3.1791419e+27,0.000000
6,1,-21,3.1630282e+27,0.000000
4,3,-10,3.1545666e+27,0.000000
8,-1,14,3.1188427e+27,0.000000
3,0,-49,3.100693e+27,0.000000
3,0,49,3.100693e+27,0.000000
10,-7,38,3.0938104e+27,0.000000
10,-6,25,3.0932298e+27,0.000000
6,6,23,3.0912825e+27,0.000000
9,-3,21,3.0847428e+27,0.000000
8,-1,10,3.0841492e+27,0.000000
8,0,-15,3.0813726e+27,0.000000
8,0,15,3.0813726e+27,0.000000
8,4,7,3.0802402e+27,0.000000
6,2,-16,3.0791326e+27,0.000000
4,3,50,3.0706686e+27,0.000000
8,-5,47,3.0625854e+27,0.000000
4,4,52,3.0491327e+27,0.000000
2,-1,-48,3.0458821e+27,0.000000
9,-9,1,3.0261774e+27,0.000000
10,-7,2,3.0249613e+27,0.000000
6,1,27,3.0228621e+27,0.000000
10,-5,19,2.9968957e+27,0.000000
6,6,24,2.9824493e+27,0.000000
5,3,38,2.971751e+27,0.000000
10,-9,32,2.9636206e+27,0.000000
7,2,24,2.9340721e+27,0.000000
5,3,-8,2.93401e+27,0.000000
5,4,46,2.9273467e+27,0.000000
8,3,1,2.9247826e+27,0.000000
5,1,-30,2.9182834e+27,0.000000
8,-1,9,2.9182485e+27,0.000000
9,-4,27,2.9149944e+27,0.000000
6,0,-30,2.9043997e+27,0.000000
6,0,30,2.9043997e+27,0.000000
10,-8,48,2.9040258e+27,0.000000
6,6,25,2.8691775e+27,0.000000
3,2,50,2.8665339e+27,0.000000
6,5,36,2.8640069e+27,0.000000
5,1,33,2.8206016e+27,0.000000
7,5,24,2.7879065e+27,0.000000
9,-6,44,2.7871894e+27,0.000000
3,2,-18,2.7866069e+27,0.000000
4,1,45,2.7786564e+27,0.000000
10,-6,-1,2.7582485e+27,0.000000
3,1,-36,2.7526414e+27,0.000000
5,-4,-15,2.7510188e+27,0.000000
8,-1,15,2.7506339e+27,0.000000
8,-5,48,2.7478676e+27,0.000000
6,6,26,2.7425055e+27,0.000000
6,-2,-20,2.7369145e+27,0.000000
8,-3,34,2.7349413e+27,0.000000
6,4,28,2.7188318e+27,0.000000
5,-1,48,2.712751e+27,0.000000
5,-1,-36,2.7055438e+27,0.000000
10,-10,30,2.6973352e+27,0.000000
5,-2,46,2.6913708e+27,0.000000
2,0,-53,2.6764423e+27,0.000000
2,0,53,2.6764423e+27,0.000000
10,-10,7,2.6581882e+27,0.000000
8,-2,17,2.6564543e+27,0.000000
5,2,-3,2.6541204e+27,0.000000
2,1,-36,2.6410449e+27,0.000000
5,2,37,2.6388154e+27,0.000000
5,5,46,2.634075e+27,0.000000
7,0,-17,2.6101723e+27,0.000000
7,0,17,2.6101723e+27,0.000000
7,4,18,2.608685e+27,0.000000
10,-4,14,2.5988973e+27,0.000000
6,6,27,2.5985094e+27,0.000000
10,-5,20,2.5793665e+27,0.000000
6,-3,-7,2.5554004e+27,0.000000
10,-9,33,2.5532193e+27,0.000000
2,2,55,2.537679e+27,0.000000
10,-7,39,2.5041495e+27,0.000000
7,-3,49,2.4990506e+27,0.000000
4,-1,-39,2.4916096e+27,0.000000
6,6,28,2.4371848e+27,0.000000
10,-8,49,2.4202205e+27,0.000000
8,-5,49,2.4114238e+27,0.000000
6,1,-2,2.3811593e+27,0.000000
8,1,5,2.3672405e+27,0.000000
5,0,-39,2.3643156e+27,0.000000
5,0,39,2.3643156e+27,0.000000
4,0,-45,2.3504411e+27,0.000000
4,0,45,2.3504411e+27,0.000000
8,-1,16,2.3199402e+27,0.000000
6,5,37,2.3114406e+27,0.000000
6,3,34,2.3023935e+27,0.000000
8,-4,38,2.2917171e+27,0.000000
3,3,55,2.2861159e+27,0.000000
9,-2,4,2.2814346e+27,0.000000
4,1,-32,2.2773714e+27,0.000000
6,6,29,2.2612415e+27,0.000000
6,0,-31,2.2564265e+27,0.000000
6,0,31,2.2564265e+27,0.000000
10,-5,21,2.2406379e+27,0.000000
10,-9,34,2.2183181e+27,0.000000
3,-2,-40,2.2032175e+27,0.000000
10,-10,31,2.1868989e+27,0.000000
4,4,53,2.1682186e+27,0.000000
7,2,25,2.1666742e+27,0.000000
9,-5,40,2.1637504e+27,0.000000
6,-1,32,2.1588193e+27,0.000000
6,2,35,2.1515511e+27,0.000000
4,2,-22,2.143906e+27,0.000000
8,0,-16,2.1396611e+27,0.000000
8,0,16,2.1396611e+27,0.000000
5,4,47,2.1366188e+27,0.000000
7,5,25,2.1342932e+27,0.000000
7,-1,31,2.129218e+27,0.000000
9,-2,2,2.1288192e+27,0.000000
8,-3,35,2.1260413e+27,0.000000
5,-2,53,2.1227452e+27,0.000000
7,3,21,2.1164947e+27,0.000000
3,1,48,2.1096031e+27,0.000000
6,-1,-27,2.1080562e+27,0.000000
10,-6,26,2.1033246e+27,0.000000
5,-3,-27,2.1031665e+27,0.000000
5,-2,52,2.0965178e+27,0.000000
6,1,-22,2.0819124e+27,0.000000
5,-1,49,2.0792424e+27,0.000000
2,2,-22,2.0763171e+27,0.000000
8,-5,50,2.076061e+27,0.000000
6,6,30,2.0749933e+27,0.000000
4,3,51,2.0749281e+27,0.000000
5,-2,54,2.0687396e+27,0.000000
9,-3,22,2.0286005e+27,0.000000
6,-2,43,2.0237716e+27,0.000000
10,-7,40,2.0137492e+27,0.000000
10,-8,50,2.0082738e+27,0.000000
7,-2,10,2.0015644e+27,0.000000
5,5,47,1.9986566e+27,0.000000
8,4,8,1.9942933e+27,0.000000
3,-3,-38,1.9885847e+27,0.000000
5,3,39,1.9874237e+27,0.000000
7,-3,-11,1.9853906e+27,0.000000
4,1,46,1.9840337e+27,0.000000
5,-2,51,1.9719301e+27,0.000000
3,3,-17,1.9689433e+27,0.000000
2,1,40,1.9640855e+27,0.000000
5,-2,55,1.9566306e+27,0.000000
3,-1,-45,1.9533921e+27,0.000000
7,1,27,1.9509567e+27,0.000000
10,-5,22,1.9499911e+27,0.000000
7,-1,-14,1.9429396e+27,0.000000
10,-9,35,1.9395767e+27,0.000000
2,0,-54,1.9324589e+27,0.000000
2,0,54,1.9324589e+27,0.000000
3,0,-50,1.9324507e+27,0.000000
3,0,50,1.9324507e+27,0.000000
8,-4,39,1.9214263e+27,0.000000
2,-1,-49,1.9138186e+27,0.000000
8,3,7,1.9089085e+27,0.000000
6,6,31,1.8856535e+27,0.000000
4,-3,-30,1.8803119e+27,0.000000
8,2,15,1.8801366e+27,0.000000
9,-6,45,1.8800528e+27,0.000000
8,-1,17,1.8799784e+27,0.000000
8,3,6,1.8634128e+27,0.000000
6,-4,-16,1.8626044e+27,0.000000
5,2,-16,1.8584677e+27,0.000000
6,5,38,1.8568687e+27,0.000000
8,3,8,1.8467048e+27,0.000000
9,-2,5,1.8415009e+27,0.000000
9,-2,3,1.8289029e+27,0.000000
8,-6,-5,1.800715e+27,0.000000
10,-10,32,1.8004848e+27,0.000000
4,-4,-25,1.7867121e+27,0.000000
3,2,51,1.7754044e+27,0.000000
6,2,-17,1.7623084e+27,0.000000
8,-4,40,1.7609715e+27,0.000000
8,-5,51,1.758166e+27,0.000000
7,-3,50,1.7559035e+27,0.000000
9,-4,28,1.7557416e+27,0.000000
6,-1,33,1.749105e+27,0.000000
5,-2,50,1.7474065e+27,0.000000
10,-4,15,1.7253321e+27,0.000000
4,3,-11,1.7216153e+27,0.000000
6,0,-32,1.709278e+27,0.000000
6,0,32,1.709278e+27,0.000000
10,-9,36,1.7038665e+27,0.000000
8,3,9,1.6967683e+27,0.000000
6,6,32,1.6917516e+27,0.000000
5,1,-31,1.6911479e+27,0.000000
10,-5,23,1.6893376e+27,0.000000
8,3,5,1.6744947e+27,0.000000
10,-8,51,1.6595273e+27,0.000000
8,-4,41,1.6520314e+27,0.000000
4,2,41,1.6476166e+27,0.000000
6,3,35,1.6464244e+27,0.000000
7,4,19,1.6423538e+27,0.000000
9,-9,0,1.6378231e+27,0.000000
8,-3,36,1.6308082e+27,0.000000
5,-5,-9,1.6212683e+27,0.000000
6,-1,34,1.6201733e+27,0.000000
7,5,26,1.6156845e+27,0.000000
10,-7,41,1.6088858e+27,0.000000
8,3,0,1.6020364e+27,0.000000
7,-1,-18,1.5951897e+27,0.000000
7,-1,-17,1.5873985e+27,0.000000
5,-4,-16,1.5866122e+27,0.000000
10,-6,27,1.5794507e+27,0.000000
5,-1,50,1.5752594e+27,0.000000
7,2,26,1.5739794e+27,0.000000
5,-2,-23,1.5678975e+27,0.000000
5,4,48,1.5583419e+27,0.000000
5,0,-40,1.5530784e+27,0.000000
5,0,40,1.5530784e+27,0.000000
5,-1,-37,1.5451092e+27,0.000000
6,-1,35,1.5401103e+27,0.000000
4,4,54,1.5398385e+27,0.000000
8,-4,42,1.5335198e+27,0.000000
5,5,48,1.5142378e+27,0.000000
10,-10,33,1.5080899e+27,0.000000
6,6,33,1.5040828e+27,0.000000
10,-9,37,1.5023533e+27,0.000000
6,-2,-21,1.499278e+27,0.000000
6,4,29,1.4991296e+27,0.000000
5,2,38,1.4941174e+27,0.000000
6,5,39,1.4827675e+27,0.000000
8,3,10,1.4818214e+27,0.000000
8,1,2,1.4755482e+27,0.000000
8,-1,18,1.4695869e+27,0.000000
8,-5,52,1.4680716e+27,0.000000
5,-2,49,1.463656e+27,0.000000
7,-1,-19,1.4623528e+27,0.000000
2,1,-37,1.4581359e+27,0.000000
3,1,-37,1.4527607e+27,0.000000
10,-5,24,1.4495221e+27,0.000000
3,-2,-41,1.4465213e+27,0.000000
2,1,45,1.4422028e+27,0.000000
6,1,28,1.4414021e+27,0.000000
5,-2,47,1.4369656e+27,0.000000
7,-1,-16,1.4364074e+27,0.000000
6,-1,36,1.4334874e+27,0.000000
4,0,-46,1.4325931e+27,0.000000
4,0,46,1.4325931e+27,0.000000
8,0,-17,1.4262551e+27,0.000000
8,0,17,1.4262551e+27,0.000000
6,5,-4,1.4216763e+27,0.000000
9,-5,41,1.4184761e+27,0.000000
7,-2,11,1.4149509e+27,0.000000
4,1,47,1.4109954e+27,0.000000
2,1,46,1.4102394e+27,0.000000
9,-6,-3,1.3995313e+27,0.000000
4,3,52,1.3982883e+27,0.000000
2,0,-55,1.3956397e+27,0.000000
2,0,55,1.3956397e+27,0.000000
8,-4,43,1.3912985e+27,0.000000
6,2,36,1.3767145e+27,0.000000
8,1,6,1.3761673e+27,0.000000
7,1,-13,1.3714241e+27,0.000000
10,-8,52,1.3659135e+27,0.000000
9,-2,6,1.3653087e+27,0.000000
3,1,49,1.3630763e+27,0.000000
6,1,-23,1.3534665e+27,0.000000
4,-1,-40,1.3395414e+27,0.000000
9,-6,-2,1.3365102e+27,0.000000
7,-1,-15,1.3328515e+27,0.000000
10,-6,28,1.3328135e+27,0.000000
10,-9,38,1.3290279e+27,0.000000
6,-1,-28,1.3282057e+27,0.000000
6,6,34,1.3244295e+27,0.000000
5,3,40,1.3226478e+27,0.000000
2,1,44,1.3162265e+27,0.000000
10,-2,3,1.3010482e+27,0.000000
8,4,9,1.2946341e+27,0.000000
8,3,4,1.2913235e+27,0.000000
6,-1,37,1.2908759e+27,0.000000
5,-3,-28,1.2899036e+27,0.000000
10,-10,34,1.2856702e+27,0.000000
9,-3,23,1.2852017e+27,0.000000
4,4,-9,1.2810607e+27,0.000000
4,1,-33,1.2776314e+27,0.000000
10,-7,42,1.2771364e+27,0.000000
8,3,2,1.2749916e+27,0.000000
2,1,47,1.2748124e+27,0.000000
6,0,-33,1.2687743e+27,0.000000
6,0,33,1.2687743e+27,0.000000
2,-1,-50,1.2658445e+27,0.000000
8,-2,18,1.2558713e+27,0.000000
9,-6,46,1.2556411e+27,0.000000
5,-2,48,1.2537167e+27,0.000000
7,-1,-20,1.2469744e+27,0.000000
8,-3,37,1.2361358e+27,0.000000
7,0,-18,1.2344536e+27,0.000000
7,0,18,1.2344536e+27,0.000000
7,-3,51,1.231977e+27,0.000000
8,-4,44,1.2308943e+27,0.000000
10,-6,29,1.2305665e+27,0.000000
8,3,11,1.2303427e+27,0.000000
10,-5,25,1.2272983e+27,0.000000
3,0,-51,1.2259555e+27,0.000000
3,0,51,1.2259555e+27,0.000000
10,-4,16,1.2187963e+27,0.000000
8,-5,53,1.21113e+27,0.000000
7,5,27,1.2106576e+27,0.000000
6,-2,44,1.1948231e+27,0.000000
7,-1,32,1.1938835e+27,0.000000
7,-2,12,1.1934345e+27,0.000000
10,-6,30,1.1868846e+27,0.000000
5,-1,51,1.1801183e+27,0.000000
10,-9,39,1.1796358e+27,0.000000
6,5,40,1.179345e+27,0.000000
7,1,28,1.1767042e+27,0.000000
6,3,36,1.1699444e+27,0.000000
6,-3,-8,1.15772e+27,0.000000
6,6,35,1.1555357e+27,0.000000
10,-6,31,1.1522883e+27,0.000000
9,-3,-1,1.1492834e+27,0.000000
5,5,49,1.1462351e+27,0.000000
3,-3,-39,1.1413706e+27,0.000000
6,6,-5,1.1365145e+27,0.000000
5,4,49,1.1358296e+27,0.000000
4,-2,-30,1.1280693e+27,0.000000
7,2,27,1.1265505e+27,0.000000
6,-1,38,1.1254474e+27,0.000000
7,-2,13,1.1240355e+27,0.000000
10,-8,53,1.1200198e+27,0.000000
3,2,52,1.117131e+27,0.000000
10,-10,35,1.1139576e+27,0.000000
8,-1,19,1.1119159e+27,0.000000
4,-3,-31,1.1118869e+27,0.000000
8,1,1,1.1070122e+27,0.000000
3,2,-19,1.1045058e+27,0.000000
10,-6,32,1.1030579e+27,0.000000
7,-2,14,1.0934438e+27,0.000000
4,4,55,1.0918721e+27,0.000000
5,-5,-10,1.0914774e+27,0.000000
7,-3,-12,1.0893085e+27,0.000000
2,1,48,1.0873734e+27,0.000000
6,-4,-17,1.0794384e+27,0.000000
8,-4,45,1.063591e+27,0.000000
3,-1,-46,1.062396e+27,0.000000
10,-9,40,1.0509477e+27,0.000000
7,-2,15,1.0493508e+27,0.000000
5,1,34,1.0359522e+27,0.000000
10,-6,33,1.0319975e+27,0.000000
9,-8,0,1.0240926e+27,0.000000
10,-5,26,1.0228359e+27,0.000000
9,-4,29,1.0183041e+27,0.000000
5,0,-41,1.0174858e+27,0.000000
5,0,41,1.0174858e+27,0.000000
9,-1,6,1.0108238e+27,0.000000
5,-5,-8,1.0102111e+27,0.000000
9,-2,7,1.0100998e+27,0.000000
2,1,43,1.008959e+27,0.000000
10,-7,43,1.0073359e+27,0.000000
7,-1,-21,1.0056773e+27,0.000000
6,6,36,9.9957021e+26,0.000000
4,1,48,9.9937933e+26,0.000000
6,2,-18,9.9386164e+26,0.000000
7,4,20,9.9041824e+26,0.000000
8,-5,54,9.8896515e+26,0.000000
3,3,-18,9.874837e+26,0.000000
10,-10,36,9.7796943e+26,0.000000
5,1,-32,9.7694473e+26,0.000000
7,-2,16,9.7514422e+26,0.000000
8,3,12,9.7157432e+26,0.000000
10,-8,0,9.7028379e+26,0.000000
10,-5,1,9.6908924e+26,0.000000
5,2,-17,9.6881523e+26,0.000000
7,3,22,9.6564246e+26,0.000000
4,3,-12,9.5414182e+26,0.000000
6,-1,39,9.5397157e+26,0.000000
8,2,16,9.4949122e+26,0.000000
10,-4,17,9.4640969e+26,0.000000
3,-2,-42,9.445656e+26,0.000000
10,-6,34,9.412582e+26,0.000000
10,-9,41,9.402987e+26,0.000000
4,3,53,9.3941721e+26,0.000000
10,-10,6,9.3539222e+26,0.000000
6,5,41,9.3405102e+26,0.000000
8,4,10,9.278439e+26,0.000000
8,-3,38,9.2704511e+26,0.000000
4,2,-23,9.2654896e+26,0.000000
6,0,-34,9.2638449e+26,0.000000
6,0,34,9.2638449e+26,0.000000
9,-5,42,9.1925812e+26,0.000000
8,0,-18,9.1593334e+26,0.000000
8,0,18,9.1593334e+26,0.000000
10,-8,54,9.151235e+26,0.000000
9,-1,7,9.0648411e+26,0.000000
4,-4,-26,9.0571844e+26,0.000000
5,-4,-17,9.0513695e+26,0.000000
8,-4,46,9.001222e+26,0.000000
7,5,28,8.9876006e+26,0.000000
9,-1,5,8.9840108e+26,0.000000
2,-1,-51,8.9795738e+26,0.000000
2,1,49,8.8601335e+26,0.000000
10,-9,5,8.8097282e+26,0.000000
5,-1,-38,8.7666714e+26,0.000000
5,3,41,8.7606674e+26,0.000000
6,2,37,8.7580748e+26,0.000000
4,0,-47,8.7546265e+26,0.000000
4,0,47,8.7546265e+26,0.000000
5,-1,52,8.7425318e+26,0.000000
3,1,50,8.7338455e+26,0.000000
7,-2,17,8.7311699e+26,0.000000
8,4,14,8.7054142e+26,0.000000
6,1,-24,8.7045551e+26,0.000000
10,-10,37,8.6660289e+26,0.000000
5,5,50,8.6593269e+26,0.000000
8,4,15,8.6507638e+26,0.000000
8,3,3,8.6294403e+26,0.000000
7,-3,52,8.6289006e+26,0.000000
8,3,-1,8.6207091e+26,0.000000
6,6,37,8.5768474e+26,0.000000
10,-7,1,8.514224e+26,0.000000
10,-9,42,8.4532818e+26,0.000000
8,4,13,8.3844649e+26,0.000000
10,-5,27,8.3776186e+26,0.000000
10,-6,35,8.3725628e+26,0.000000
6,-1,-29,8.3201373e+26,0.000000
5,3,-9,8.3088982e+26,0.000000
9,-6,47,8.3048279e+26,0.000000
5,2,39,8.3016765e+26,0.000000
5,4,50,8.2742102e+26,0.000000
6,3,37,8.265654e+26,0.000000
7,5,-4,8.2489292e+26,0.000000
8,4,16,8.1750822e+26,0.000000
8,-1,20,8.1662839e+26,0.000000
6,-2,-22,8.1222552e+26,0.000000
10,-4,18,8.1014612e+26,0.000000
2,1,-38,8.0687794e+26,0.000000
6,4,30,8.0517429e+26,0.000000
8,-5,55,8.006382e+26,0.000000
3,0,-52,7.985845e+26,0.000000
3,0,52,7.985845e+26,0.000000
8,4,11,7.9634417e+26,0.000000
7,2,28,7.9541413e+26,0.000000
8,4,12,7.9516828e+26,0.000000
6,-1,40,7.8980233e+26,0.000000
10,-7,44,7.8955031e+26,0.000000
5,-3,-29,7.8945913e+26,0.000000
9,-3,24,7.8335886e+26,0.000000
8,1,7,7.7995723e+26,0.000000
7,-1,-22,7.7666052e+26,0.000000
10,-10,38,7.7210985e+26,0.000000
3,1,-38,7.6474712e+26,0.000000
10,-9,43,7.6385585e+26,0.000000
4,2,42,7.6194933e+26,0.000000
2,2,-23,7.5636961e+26,0.000000
9,-2,8,7.5569109e+26,0.000000
7,-2,18,7.536477e+26,0.000000
6,-3,-12,7.5264622e+26,0.000000
10,-5,0,7.4945291e+26,0.000000
8,-4,47,7.4836332e+26,0.000000
10,-8,55,7.4520217e+26,0.000000
10,-4,19,7.4159265e+26,0.000000
6,5,42,7.36879e+26,0.000000
8,4,17,7.3610306e+26,0.000000
6,-3,-13,7.3432972e+26,0.000000
6,6,38,7.3055212e+26,0.000000
8,3,13,7.2989835e+26,0.000000
8,1,13,7.2930004e+26,0.000000
10,-6,36,7.2745377e+26,0.000000
10,-4,0,7.2387357e+26,0.000000
3,2,53,7.2180631e+26,0.000000
4,1,-34,7.1390111e+26,0.000000
8,-8,-6,7.1160825e+26,0.000000
4,-1,-41,7.1089401e+26,0.000000
8,1,12,7.1009013e+26,0.000000
6,-3,-11,7.0776617e+26,0.000000
9,-1,8,7.0581941e+26,0.000000
4,1,49,7.0479621e+26,0.000000
9,-1,3,7.037823e+26,0.000000
8,1,14,6.9984863e+26,0.000000
7,1,29,6.9939179e+26,0.000000
10,-6,-2,6.9933105e+26,0.000000
10,-4,20,6.9704662e+26,0.000000
6,-2,45,6.9499451e+26,0.000000
2,1,50,6.9491114e+26,0.000000
10,-9,44,6.9384292e+26,0.000000
8,-2,19,6.9311551e+26,0.000000
2,-1,-52,6.9299627e+26,0.000000
10,-10,39,6.8945711e+26,0.000000
8,-3,39,6.8861851e+26,0.000000
9,-9,-1,6.8801144e+26,0.000000
6,-3,-9,6.8133221e+26,0.000000
5,-2,-24,6.7685176e+26,0.000000
10,-5,28,6.7379215e+26,0.000000
6,0,-35,6.6728221e+26,0.000000
6,0,35,6.6728221e+26,0.000000
6,1,29,6.6687433e+26,0.000000
5,0,-42,6.6470956e+26,0.000000
5,0,42,6.6470956e+26,0.000000
6,-3,-14,6.6297313e+26,0.000000
7,5,29,6.6158288e+26,0.000000
3,-3,-40,6.596381e+26,0.000000
9,1,2,6.5926732e+26,0.000000
4,-3,-32,6.5849243e+26,0.000000
7,-1,33,6.5724923e+26,0.000000
6,4,-4,6.5653574e+26,0.000000
5,5,51,6.5390601e+26,0.000000
10,-4,21,6.5228534e+26,0.000000
9,3,0,6.4259568e+26,0.000000
8,1,11,6.4246564e+26,0.000000
6,-1,41,6.4132041e+26,0.000000
5,-1,53,6.4026451e+26,0.000000
6,-3,-10,6.367392e+26,0.000000
8,4,18,6.3426351e+26,0.000000
10,-9,45,6.3339879e+26,0.000000
8,1,15,6.3307021e+26,0.000000
4,3,54,6.2903616e+26,0.000000
7,-2,19,6.2870485e+26,0.000000
6,-4,-18,6.204945e+26,0.000000
6,6,39,6.194952e+26,0.000000
10,-6,37,6.1855733e+26,0.000000
10,-10,40,6.1564779e+26,0.000000
2,1,42,6.1532106e+26,0.000000
10,-7,45,6.150422e+26,0.000000
3,-2,-43,6.1392989e+26,0.000000
8,-4,48,6.1299458e+26,0.000000
10,-4,-1,6.1272943e+26,0.000000
7,-3,53,6.0303391e+26,0.000000
5,4,51,6.0244683e+26,0.000000
3,-1,-47,5.9776087e+26,0.000000
10,-4,22,5.9719799e+26,0.000000
9,9,55,5.9537831e+26,0.000000
9,-5,43,5.894269e+26,0.000000
5,-5,-11,5.8722335e+26,0.000000
8,-1,21,5.8357806e+26,0.000000
2,-1,-53,5.8298191e+26,0.000000
6,3,38,5.8087417e+26,0.000000
10,-9,46,5.8080591e+26,0.000000
7,1,-14,5.7999882e+26,0.000000
7,-1,-23,5.7956976e+26,0.000000
6,5,43,5.791906e+26,0.000000
5,3,42,5.775037e+26,0.000000
9,-2,1,5.7471321e+26,0.000000
7,4,21,5.7032849e+26,0.000000
9,-4,30,5.6956985e+26,0.000000
8,0,-19,5.6805276e+26,0.000000
8,0,19,5.6805276e+26,0.000000
7,-3,-13,5.6468985e+26,0.000000
5,1,-33,5.6247905e+26,0.000000
6,-3,-15,5.6223225e+26,0.000000
9,-2,9,5.6194748e+26,0.000000
3,1,51,5.5906757e+26,0.000000
9,-8,-1,5.5840361e+26,0.000000
7,2,29,5.5459116e+26,0.000000
6,1,-25,5.5456534e+26,0.000000
6,2,38,5.5385701e+26,0.000000
7,0,-19,5.528143e+26,0.000000
7,0,19,5.528143e+26,0.000000
6,2,-19,5.5264685e+26,0.000000
10,-10,41,5.4908499e+26,0.000000
8,1,10,5.4779952e+26,0.000000
2,1,41,5.4768086e+26,0.000000
8,1,16,5.4425618e+26,0.000000
9,-6,48,5.4421872e+26,0.000000
4,0,-48,5.3980735e+26,0.000000
4,0,48,5.3980735e+26,0.000000
3,0,-53,5.3892755e+26,0.000000
3,0,53,5.3892755e+26,0.000000
8,-2,23,5.3720167e+26,0.000000
8,-2,22,5.3705347e+26,0.000000
4,3,-13,5.3512246e+26,0.000000
10,-9,47,5.3454591e+26,0.000000
10,-5,29,5.3193175e+26,0.000000
10,-4,23,5.3076217e+26,0.000000
8,-2,20,5.294408e+26,0.000000
2,-1,-54,5.2800831e+26,0.000000
2,1,51,5.2711202e+26,0.000000
8,4,19,5.253559e+26,0.000000
8,3,14,5.2158091e+26,0.000000
6,6,40,5.1904744e+26,0.000000
6,-1,-30,5.1837861e+26,0.000000
8,-2,21,5.1815379e+26,0.000000
8,1,8,5.1772456e+26,0.000000
10,-6,38,5.1571332e+26,0.000000
6,-1,42,5.1253996e+26,0.000000
5,-4,-18,5.120836e+26,0.000000
7,-2,20,5.0843144e+26,0.000000
8,-2,24,5.0790862e+26,0.000000
9,-1,4,5.071397e+26,0.000000
8,-3,40,5.0712884e+26,0.000000
4,4,-10,5.05794e+26,0.000000
2,-1,-55,5.0436326e+26,0.000000
3,3,-19,4.9938935e+26,0.000000
10,-7,0,4.9901779e+26,0.000000
9,3,3,4.9781126e+26,0.000000
8,-4,49,4.9599907e+26,0.000000
5,5,52,4.9511412e+26,0.000000
5,2,-18,4.9502556e+26,0.000000
4,1,50,4.9472408e+26,0.000000
5,-1,-39,4.9377019e+26,0.000000
10,-9,48,4.9331742e+26,0.000000
9,-1,9,4.9263465e+26,0.000000
10,-10,42,4.890338e+26,0.000000
9,1,7,4.8606914e+26,0.000000
3,2,54,4.84825e+26,0.000000
7,5,30,4.8325157e+26,0.000000
5,-3,-30,4.8233464e+26,0.000000
4,-2,-31,4.7837409e+26,0.000000
8,1,9,4.7765124e+26,0.000000
10,-7,46,4.7621872e+26,0.000000
6,0,-36,4.7527078e+26,0.000000
6,0,36,4.7527078e+26,0.000000
4,-2,-34,4.7449651e+26,0.000000
9,3,4,4.7261107e+26,0.000000
9,1,6,4.7075959e+26,0.000000
4,-2,-33,4.6342763e+26,0.000000
5,-1,54,4.6328357e+26,0.000000
10,-10,5,4.6321741e+26,0.000000
7,-3,-5,4.6175722e+26,0.000000
4,-4,-27,4.6061821e+26,0.000000
9,-3,25,4.5843269e+26,0.000000
10,-4,24,4.5678498e+26,0.000000
7,1,-17,4.5671937e+26,0.000000
10,-9,49,4.5604204e+26,0.000000
8,-2,25,4.5509798e+26,0.000000
6,5,44,4.5370146e+26,0.000000
6,-3,-16,4.5368573e+26,0.000000
6,2,-2,4.5357567e+26,0.000000
7,3,23,4.534367e+26,0.000000
6,6,41,4.5150682e+26,0.000000
5,2,40,4.50754e+26,0.000000
8,1,17,4.4772637e+26,0.000000
2,1,-39,4.4760897e+26,0.000000
7,1,-18,4.4670181e+26,0.000000
8,2,17,4.4464478e+26,0.000000
4,-2,-35,4.3978261e+26,0.000000
5,4,52,4.3842387e+26,0.000000
10,-10,43,4.3520745e+26,0.000000
6,-2,-23,4.3519448e+26,0.000000
5,0,-43,4.3289531e+26,0.000000
5,0,43,4.3289531e+26,0.000000
7,1,-16,4.2979696e+26,0.000000
3,2,-20,4.2505828e+26,0.000000
10,-6,39,4.2233091e+26,0.000000
10,-9,50,4.2185817e+26,0.000000
7,-1,-24,4.2073304e+26,0.000000
7,-3,54,4.2019088e+26,0.000000
4,-2,-32,4.2002575e+26,0.000000
8,4,20,4.1999112e+26,0.000000
4,3,55,4.1978616e+26,0.000000
6,4,31,4.1959106e+26,0.000000
8,-7,-5,4.1845495e+26,0.000000
10,-2,4,4.1635045e+26,0.000000
9,1,8,4.159502e+26,0.000000
7,1,-15,4.1336026e+26,0.000000
10,-5,30,4.1215825e+26,0.000000
7,1,30,4.0951076e+26,0.000000
7,4,-3,4.0827976e+26,0.000000
9,-2,10,4.0817084e+26,0.000000
8,-1,22,4.0659848e+26,0.000000
6,3,39,4.062223e+26,0.000000
6,-1,43,4.0433097e+26,0.000000
7,1,-19,4.0177587e+26,0.000000
3,1,-39,4.0149028e+26,0.000000
7,-5,-5,4.0048608e+26,0.000000
7,-2,21,3.9980668e+26,0.000000
6,-2,-2,3.9921102e+26,0.000000
3,-2,-44,3.9768242e+26,0.000000
8,-4,50,3.9739942e+26,0.000000
4,1,-35,3.9697378e+26,0.000000
6,-2,46,3.9685609e+26,0.000000
4,-3,-33,3.9050133e+26,0.000000
10,-9,51,3.9010485e+26,0.000000
4,2,-24,3.8991014e+26,0.000000
8,-2,26,3.8941603e+26,0.000000
2,1,52,3.8787072e+26,0.000000
10,-10,44,3.8747895e+26,0.000000
5,1,35,3.8703707e+26,0.000000
3,-3,-41,3.8455632e+26,0.000000
7,2,30,3.8216631e+26,0.000000
5,3,-10,3.8079936e+26,0.000000
10,-4,25,3.8075749e+26,0.000000
3,0,-54,3.7941263e+26,0.000000
3,0,54,3.7941263e+26,0.000000
5,3,43,3.7878366e+26,0.000000
10,-3,4,3.7707739e+26,0.000000
4,-2,-36,3.7695968e+26,0.000000
9,-5,44,3.7445256e+26,0.000000
9,-4,-2,3.7403876e+26,0.000000
4,-1,-42,3.7236256e+26,0.000000
5,5,53,3.7220278e+26,0.000000
8,-3,41,3.7059316e+26,0.000000
10,-8,-1,3.6813534e+26,0.000000
10,-7,47,3.6656066e+26,0.000000
9,3,5,3.6524227e+26,0.000000
3,1,52,3.6268553e+26,0.000000
10,-9,52,3.6029833e+26,0.000000
6,6,42,3.5921456e+26,0.000000
3,-1,-48,3.5769083e+26,0.000000
6,-4,-19,3.5450772e+26,0.000000
7,-1,34,3.5443815e+26,0.000000
8,1,18,3.5438482e+26,0.000000
6,5,45,3.5429827e+26,0.000000
8,3,15,3.5425891e+26,0.000000
9,-6,49,3.5368569e+26,0.000000
6,-3,-17,3.5185942e+26,0.000000
7,5,31,3.5052266e+26,0.000000
6,1,-26,3.5040425e+26,0.000000
7,6,11,3.4933934e+26,0.000000
6,2,39,3.4807933e+26,0.000000
10,-10,45,3.4570303e+26,0.000000
4,1,51,3.4546873e+26,0.000000
7,6,12,3.4399945e+26,0.000000
3,2,55,3.4223225e+26,0.000000
7,6,10,3.4206738e+26,0.000000
8,0,-20,3.4069986e+26,0.000000
8,0,20,3.4069986e+26,0.000000
10,-6,40,3.4024358e+26,0.000000
8,5,7,3.3920249e+26,0.000000
4,0,-49,3.3911651e+26,0.000000
4,0,49,3.3911651e+26,0.000000
7,1,-20,3.3758004e+26,0.000000
10,-9,4,3.3711152e+26,0.000000
8,5,6,3.3644277e+26,0.000000
9,1,5,3.3594082e+26,0.000000
6,0,-37,3.3532136e+26,0.000000
6,0,37,3.3532136e+26,0.000000
4,2,43,3.3430867e+26,0.000000
10,-9,53,3.3210455e+26,0.000000
7,0,-1,3.3188067e+26,0.000000
7,0,1,3.3188067e+26,0.000000
5,-1,55,3.3094681e+26,0.000000
7,6,13,3.303082e+26,0.000000
8,4,21,3.2514815e+26,0.000000
5,1,-34,3.226601e+26,0.000000
10,-6,-3,3.2231902e+26,0.000000
6,-1,-31,3.2131093e+26,0.000000
8,-2,27,3.2061617e+26,0.000000
8,5,8,3.2045422e+26,0.000000
6,6,44,3.1991449e+26,0.000000
5,4,53,3.1889307e+26,0.000000
7,6,9,3.1823953e+26,0.000000
8,-4,51,3.1597304e+26,0.000000
6,-1,44,3.1560274e+26,0.000000
10,-5,31,3.1344236e+26,0.000000
7,4,22,3.1341833e+26,0.000000
9,-1,10,3.1226162e+26,0.000000
7,6,14,3.1188856e+26,0.000000
9,-4,31,3.1056649e+26,0.000000
9,1,9,3.1010028e+26,0.000000
6,1,30,3.0990935e+26,0.000000
10,-10,46,3.0962593e+26,0.000000
10,-4,26,3.0782638e+26,0.000000
7,-2,22,3.0657734e+26,0.000000
10,-9,54,3.0531016e+26,0.000000
4,-2,-37,3.04879e+26,0.000000
6,2,-20,3.0317442e+26,0.000000
4,3,-14,3.0271572e+26,0.000000
7,-1,-25,2.9863111e+26,0.000000
5,-5,-12,2.9761411e+26,0.000000
9,3,2,2.9651199e+26,0.000000
9,-1,1,2.963844e+26,0.000000
6,6,43,2.9634237e+26,0.000000
8,5,5,2.9578456e+26,0.000000
8,5,9,2.946918e+26,0.000000
5,-3,-31,2.9426066e+26,0.000000
7,-3,55,2.9163925e+26,0.000000
7,6,15,2.9155398e+26,0.000000
5,-4,-19,2.8786593e+26,0.000000
9,-2,11,2.8638292e+26,0.000000
6,3,40,2.8280522e+26,0.000000
5,0,-44,2.8094343e+26,0.000000
5,0,44,2.8094343e+26,0.000000
5,5,54,2.8065909e+26,0.000000
10,-7,48,2.8053618e+26,0.000000
10,-9,55,2.7979435e+26,0.000000
5,-2,-25,2.7973875e+26,0.000000
3,0,-55,2.7934792e+26,0.000000
3,0,55,2.7934792e+26,0.000000
10,-10,47,2.7885806e+26,0.000000
2,1,53,2.7751968e+26,0.000000
7,-3,-14,2.774181e+26,0.000000
7,6,8,2.768804e+26,0.000000
8,-1,23,2.7664881e+26,0.000000
5,-1,-40,2.7590398e+26,0.000000
6,5,46,2.7588873e+26,0.000000
7,6,16,2.7135339e+26,0.000000
8,1,19,2.7109799e+26,0.000000
8,-5,-4,2.7095632e+26,0.000000
10,-6,41,2.7003116e+26,0.000000
8,5,10,2.6960064e+26,0.000000
8,-3,42,2.6894465e+26,0.000000
7,1,-21,2.6884436e+26,0.000000
2,2,-24,2.6670759e+26,0.000000
8,8,39,2.6644335e+26,0.000000
7,3,24,2.6504006e+26,0.000000
6,-3,-18,2.6430041e+26,0.000000
5,3,-11,2.6354676e+26,0.000000
7,2,31,2.6044982e+26,0.000000
3,-2,-45,2.572741e+26,0.000000
9,-3,26,2.5690112e+26,0.000000
8,-2,28,2.5561521e+26,0.000000
9,-7,-5,2.5561141e+26,0.000000
3,3,-20,2.5424163e+26,0.000000
10,-10,48,2.528873e+26,0.000000
7,6,17,2.5264232e+26,0.000000
7,5,32,2.5263711e+26,0.000000
4,3,-4,2.5156422e+26,0.000000
9,3,6,2.5111541e+26,0.000000
8,-4,52,2.4981808e+26,0.000000
2,1,-40,2.490167e+26,0.000000
7,0,-20,2.4827335e+26,0.000000
7,0,20,2.4827335e+26,0.000000
8,5,11,2.4759455e+26,0.000000
5,2,-19,2.4743032e+26,0.000000
7,3,28,2.4714952e+26,0.000000
5,3,44,2.4707794e+26,0.000000
8,4,22,2.4441704e+26,0.000000
6,-1,45,2.4422867e+26,0.000000
3,1,53,2.4420455e+26,0.000000
7,3,27,2.4288386e+26,0.000000
10,-4,27,2.4180673e+26,0.000000
10,-3,3,2.410792e+26,0.000000
4,1,52,2.3984472e+26,0.000000
10,-10,4,2.384092e+26,0.000000
7,3,29,2.3833921e+26,0.000000
5,2,41,2.3781685e+26,0.000000
3,-1,-49,2.3663671e+26,0.000000
9,-5,45,2.362062e+26,0.000000
5,1,40,2.3618295e+26,0.000000
7,6,18,2.3616171e+26,0.000000
7,1,31,2.3604144e+26,0.000000
4,-2,-38,2.3603312e+26,0.000000
4,-4,-28,2.3493899e+26,0.000000
6,0,-38,2.346857e+26,0.000000
6,0,38,2.346857e+26,0.000000
5,1,39,2.3411082e+26,0.000000
10,-5,32,2.3396516e+26,0.000000
8,5,1,2.3231998e+26,0.000000
4,-3,-34,2.3183905e+26,0.000000
5,4,54,2.3180248e+26,0.000000
10,-10,49,2.3111417e+26,0.000000
6,-2,-24,2.305539e+26,0.000000
7,-2,23,2.2984232e+26,0.000000
7,3,26,2.2874654e+26,0.000000
8,3,16,2.2838194e+26,0.000000
9,-6,50,2.28363e+26,0.000000
8,5,12,2.2832422e+26,0.000000
8,6,-3,2.2738271e+26,0.000000
3,-3,-42,2.2677802e+26,0.000000
9,-9,-2,2.2490415e+26,0.000000
7,6,7,2.2462301e+26,0.000000
5,1,41,2.2340332e+26,0.000000
7,6,19,2.2214023e+26,0.000000
6,-2,47,2.2147737e+26,0.000000
7,3,25,2.2146289e+26,0.000000
4,0,-50,2.1992072e+26,0.000000
4,0,50,2.1992072e+26,0.000000
6,1,-27,2.1979493e+26,0.000000
4,1,-36,2.1944496e+26,0.000000
8,5,4,2.1904857e+26,0.000000
7,3,30,2.1895645e+26,0.000000
6,2,40,2.1727934e+26,0.000000
5,1,38,2.153375e+26,0.000000
6,5,47,2.1424708e+26,0.000000
10,-7,49,2.1350411e+26,0.000000
10,-10,50,2.1289529e+26,0.000000
5,5,55,2.1158387e+26,0.000000
10,-6,42,2.1136816e+26,0.000000
6,4,32,2.1108109e+26,0.000000
8,5,13,2.1049719e+26,0.000000
7,6,20,2.1042101e+26,0.000000
3,1,-40,2.1024955e+26,0.000000
4,4,-11,2.1023237e+26,0.000000
7,-1,-26,2.0806432e+26,0.000000
8,6,-1,2.0763407e+26,0.000000
8,6,8,2.0759922e+26,0.000000
5,1,36,2.0603752e+26,0.000000
5,3,-12,2.0592945e+26,0.000000
9,1,10,2.0590495e+26,0.000000
8,6,9,2.0585243e+26,0.000000
7,1,-22,2.0522604e+26,0.000000
8,2,18,2.0185902e+26,0.000000
6,-4,-20,2.0161785e+26,0.000000
8,1,20,2.0115481e+26,0.000000
5,1,42,2.0105055e+26,0.000000
7,6,21,2.0059786e+26,0.000000
9,1,3,2.0053168e+26,0.000000
6,6,45,1.987708e+26,0.000000
8,-2,29,1.9835619e+26,0.000000
6,-1,-32,1.9815984e+26,0.000000
8,0,-21,1.9769728e+26,0.000000
8,0,21,1.9769728e+26,0.000000
10,-10,51,1.9758568e+26,0.000000
8,-4,53,1.9676826e+26,0.000000
6,3,41,1.9606474e+26,0.000000
8,6,7,1.954187e+26,0.000000
8,-3,43,1.939719e+26,0.000000
7,6,3,1.9383802e+26,0.000000
8,6,10,1.9369766e+26,0.000000
2,1,54,1.936284e+26,0.000000
6,-3,-19,1.9343119e+26,0.000000
7,3,31,1.9312893e+26,0.000000
4,-1,-43,1.9296572e+26,0.000000
8,5,14,1.9288906e+26,0.000000
9,-2,12,1.9272643e+26,0.000000
7,6,22,1.9214232e+26,0.000000
5,1,37,1.9084793e+26,0.000000
8,6,2,1.9013443e+26,0.000000
6,-1,46,1.8766535e+26,0.000000
7,-1,35,1.8667163e+26,0.000000
10,-8,-2,1.8649065e+26,0.000000
10,-4,28,1.8489121e+26,0.000000
10,-10,52,1.8457444e+26,0.000000
7,6,23,1.845074e+26,0.000000
5,1,-35,1.8431997e+26,0.000000
8,-1,24,1.8404808e+26,0.000000
7,6,4,1.8222409e+26,0.000000
5,0,-45,1.8160999e+26,0.000000
5,0,45,1.8160999e+26,0.000000
7,5,33,1.8104463e+26,0.000000
9,-1,11,1.8047012e+26,0.000000
7,6,6,1.7934294e+26,0.000000
5,-3,-32,1.792864e+26,0.000000
3,-1,-50,1.7921503e+26,0.000000
8,4,23,1.7875958e+26,0.000000
8,5,2,1.7869535e+26,0.000000
3,-1,-55,1.7833204e+26,0.000000
10,-9,3,1.7823305e+26,0.000000
8,6,3,1.7732866e+26,0.000000
7,6,24,1.7720151e+26,0.000000
4,-2,-39,1.7670146e+26,0.000000
8,6,11,1.7606459e+26,0.000000
3,1,54,1.7605861e+26,0.000000
7,2,32,1.7563847e+26,0.000000
8,5,15,1.7476952e+26,0.000000
5,1,43,1.7417043e+26,0.000000
10,-10,53,1.7331116e+26,0.000000
4,3,-15,1.7223846e+26,0.000000
8,6,6,1.7151129e+26,0.000000
10,-5,33,1.7140704e+26,0.000000
9,-4,32,1.7076348e+26,0.000000
7,6,25,1.6983285e+26,0.000000
7,-2,24,1.6886036e+26,0.000000
5,4,55,1.6837201e+26,0.000000
3,-2,-46,1.6679343e+26,0.000000
3,-1,-54,1.6661871e+26,0.000000
7,4,23,1.6600661e+26,0.000000
6,5,48,1.6599678e+26,0.000000
6,6,46,1.6545787e+26,0.000000
4,1,53,1.6543236e+26,0.000000
7,3,32,1.647181e+26,0.000000
6,2,-21,1.6415633e+26,0.000000
7,6,5,1.6398438e+26,0.000000
10,-6,43,1.6335068e+26,0.000000
10,-10,54,1.6332264e+26,0.000000
6,0,-39,1.6310719e+26,0.000000
6,0,39,1.6310719e+26,0.000000
3,2,-21,1.6249108e+26,0.000000
7,6,26,1.6212845e+26,0.000000
10,-7,50,1.6161243e+26,0.000000
5,-4,-20,1.610254e+26,0.000000
5,3,45,1.60156e+26,0.000000
5,3,-13,1.5876398e+26,0.000000
9,-8,-2,1.5874539e+26,0.000000
4,2,-25,1.5858925e+26,0.000000
6,1,31,1.5846781e+26,0.000000
9,3,7,1.5800976e+26,0.000000
8,6,12,1.5716971e+26,0.000000
10,-2,5,1.5700646e+26,0.000000
3,-1,-53,1.5669053e+26,0.000000
3,-1,-51,1.5610776e+26,0.000000
8,5,16,1.5596853e+26,0.000000
8,5,3,1.556839e+26,0.000000
8,-4,54,1.5466145e+26,0.000000
10,-10,55,1.5422055e+26,0.000000
7,6,27,1.5393422e+26,0.000000
5,-1,-41,1.5292038e+26,0.000000
7,6,2,1.5179446e+26,0.000000
3,-1,-52,1.5151607e+26,0.000000
7,1,-23,1.51439e+26,0.000000
8,-2,30,1.5043804e+26,0.000000
5,-5,-13,1.5036216e+26,0.000000
4,0,-51,1.4939988e+26,0.000000
4,0,51,1.4939988e+26,0.000000
8,6,4,1.490145e+26,0.000000
8,6,5,1.4890336e+26,0.000000
9,-5,46,1.4845333e+26,0.000000
9,-6,51,1.4691664e+26,0.000000
5,1,44,1.4648699e+26,0.000000
8,6,0,1.4621526e+26,0.000000
10,-2,2,1.4564923e+26,0.000000
8,6,1,1.4532075e+26,0.000000
7,6,28,1.4520216e+26,0.000000
8,1,21,1.4519294e+26,0.000000
4,2,44,1.4342532e+26,0.000000
6,-1,47,1.4337883e+26,0.000000
7,6,0,1.4283025e+26,0.000000
7,-1,-27,1.4272802e+26,0.000000
9,-9,-3,1.4167085e+26,0.000000
9,1,4,1.4020554e+26,0.000000
8,6,13,1.3982088e+26,0.000000
8,3,17,1.3954869e+26,0.000000
3,1,55,1.3951931e+26,0.000000
8,-3,44,1.3913396e+26,0.000000
2,1,-41,1.3900563e+26,0.000000
6,-3,-20,1.3857461e+26,0.000000
10,-4,29,1.3783952e+26,0.000000
4,-3,-35,1.3776728e+26,0.000000
9,-3,27,1.3753365e+26,0.000000
6,1,-28,1.3697482e+26,0.000000
8,5,17,1.3675546e+26,0.000000
7,3,33,1.366313e+26,0.000000
7,6,29,1.3597041e+26,0.000000
3,-3,-43,1.3582073e+26,0.000000
6,3,42,1.3540247e+26,0.000000
6,2,41,1.3460588e+26,0.000000
7,1,32,1.3378079e+26,0.000000
2,1,55,1.324554e+26,0.000000
7,0,-21,1.3188469e+26,0.000000
7,0,21,1.3188469e+26,0.000000
6,6,47,1.3097318e+26,0.000000
3,3,-21,1.3015805e+26,0.000000
7,5,34,1.2907182e+26,0.000000
7,-3,-15,1.2897888e+26,0.000000
4,-2,-40,1.288797e+26,0.000000
6,5,49,1.2845354e+26,0.000000
9,3,1,1.2793035e+26,0.000000
8,4,24,1.2738635e+26,0.000000
7,6,30,1.2634039e+26,0.000000
8,6,14,1.2541603e+26,0.000000
8,5,-2,1.2475466e+26,0.000000
10,-6,44,1.247542e+26,0.000000
8,-3,-2,1.2440299e+26,0.000000
9,-2,13,1.2385771e+26,0.000000
10,-5,34,1.2323097e+26,0.000000
9,1,11,1.2275214e+26,0.000000
8,5,0,1.2228393e+26,0.000000
7,-2,25,1.2182114e+26,0.000000
10,-7,51,1.2169686e+26,0.000000
6,-1,-33,1.2159274e+26,0.000000
8,-4,55,1.214988e+26,0.000000
5,2,42,1.2099207e+26,0.000000
5,2,-20,1.2069002e+26,0.000000
6,-2,-25,1.2067356e+26,0.000000
4,1,-37,1.2044634e+26,0.000000
5,1,45,1.2034238e+26,0.000000
6,-2,48,1.2018916e+26,0.000000
4,-4,-29,1.2014164e+26,0.000000
8,-1,25,1.1982683e+26,0.000000
8,5,18,1.1765232e+26,0.000000
5,3,-14,1.1752299e+26,0.000000
7,2,33,1.1725147e+26,0.000000
7,6,31,1.1697389e+26,0.000000
5,0,-46,1.1687361e+26,0.000000
5,0,46,1.1687361e+26,0.000000
6,-4,-21,1.1427375e+26,0.000000
8,6,15,1.1423916e+26,0.000000
4,1,54,1.1328268e+26,0.000000
6,0,-40,1.126617e+26,0.000000
6,0,40,1.126617e+26,0.000000
7,6,-1,1.1221225e+26,0.000000
8,-2,31,1.1188118e+26,0.000000
5,-2,-26,1.1173264e+26,0.000000
8,0,-22,1.1092385e+26,0.000000
8,0,22,1.1092385e+26,0.000000
7,3,34,1.1073202e+26,0.000000
3,1,-41,1.09882e+26,0.000000
5,-3,-33,1.0909785e+26,0.000000
6,-1,48,1.0902921e+26,0.000000
3,-2,-47,1.0893753e+26,0.000000
7,1,-24,1.0871973e+26,0.000000
4,0,-52,1.0757171e+26,0.000000
4,0,52,1.0757171e+26,0.000000
7,6,1,1.0672992e+26,0.000000
7,6,32,1.0651601e+26,0.000000
10,-3,5,1.060657e+26,0.000000
8,6,16,1.0585144e+26,0.000000
6,6,48,1.0576018e+26,0.000000
5,1,-36,1.0479067e+26,0.000000
8,2,19,1.0470746e+26,0.000000
10,9,55,1.0394941e+26,0.000000
7,6,-3,1.0374097e+26,0.000000
5,3,46,1.0304518e+26,0.000000
8,1,22,1.0218112e+26,0.000000
9,-4,33,1.0196903e+26,0.000000
6,4,33,1.0188279e+26,0.000000
6,1,32,1.0138527e+26,0.000000
6,-2,-3,1.0110156e+26,0.000000
7,2,-8,1.0108072e+26,0.000000
10,-4,30,1.0033056e+26,0.000000
4,-1,-44,9.9709739e+25,0.000000
8,6,17,9.9462749e+25,0.000000
8,-3,45,9.9321252e+25,0.000000
8,5,19,9.925603e+25,0.000000
6,5,50,9.9031657e+25,0.000000
7,0,-22,9.874749e+25,0.000000
7,0,22,9.874749e+25,0.000000
4,3,-16,9.8340189e+25,0.000000
7,0,-24,9.762943e+25,0.000000
7,0,24,9.762943e+25,0.000000
6,-3,-21,9.7540211e+25,0.000000
5,1,46,9.6986917e+25,0.000000
6,3,-3,9.663619e+25,0.000000
7,-1,-28,9.6634814e+25,0.000000
7,0,-25,9.6614557e+25,0.000000
7,0,25,9.6614557e+25,0.000000
7,6,33,9.660572e+25,0.000000
9,3,8,9.6388989e+25,0.000000
7,-1,36,9.5647943e+25,0.000000
7,0,-23,9.5392016e+25,0.000000
7,0,23,9.5392016e+25,0.000000
9,-1,12,9.5236686e+25,0.000000
9,-6,52,9.4610916e+25,0.000000
7,2,-9,9.4565285e+25,0.000000
10,-6,45,9.423259e+25,0.000000
8,6,18,9.4221077e+25,0.000000
9,-5,47,9.342957e+25,0.000000
6,3,43,9.316927e+25,0.000000
10,-2,1,9.2651999e+25,0.000000
10,-10,3,9.2196617e+25,0.000000
4,-2,-41,9.2132025e+25,0.000000
7,5,35,9.1596042e+25,0.000000
8,2,23,9.1567372e+25,0.000000
2,2,-25,9.146813e+25,0.000000
10,-7,52,9.1183444e+25,0.000000
4,4,-12,9.0964627e+25,0.000000
7,2,-7,9.0879899e+25,0.000000
7,0,-26,9.0699151e+25,0.000000
7,0,26,9.0699151e+25,0.000000
8,2,24,8.9795857e+25,0.000000
5,-4,-21,8.9727293e+25,0.000000
8,6,19,8.9397862e+25,0.000000
8,8,40,8.9229265e+25,0.000000
8,4,25,8.8529629e+25,0.000000
7,4,24,8.8338839e+25,0.000000
7,3,35,8.800444e+25,0.000000
8,2,-1,8.7861459e+25,0.000000
6,2,-22,8.7756581e+25,0.000000
8,2,22,8.7565647e+25,0.000000
7,6,34,8.6933261e+25,0.000000
10,-5,35,8.6911929e+25,0.000000
7,-2,26,8.645515e+25,0.000000
10,-7,-1,8.5170166e+25,0.000000
6,6,49,8.5036882e+25,0.000000
6,1,-29,8.4861437e+25,0.000000
8,6,20,8.4476646e+25,0.000000
5,-1,-42,8.4145301e+25,0.000000
5,3,-15,8.3647316e+25,0.000000
6,1,33,8.315921e+25,0.000000
7,3,-7,8.3123521e+25,0.000000
3,-3,-44,8.3083588e+25,0.000000
8,2,25,8.3038982e+25,0.000000
6,2,42,8.2662907e+25,0.000000
6,-1,49,8.2585329e+25,0.000000
4,0,-53,8.2398093e+25,0.000000
4,0,53,8.2398093e+25,0.000000
8,-1,-6,8.2288508e+25,0.000000
8,5,20,8.2106585e+25,0.000000
4,-3,-36,8.192156e+25,0.000000
8,-2,32,8.1812492e+25,0.000000
7,0,-27,8.1038994e+25,0.000000
7,0,27,8.1038994e+25,0.000000
8,3,18,8.0871469e+25,0.000000
8,2,21,8.0142665e+25,0.000000
7,2,-10,7.9876632e+25,0.000000
8,1,-6,7.9479827e+25,0.000000
8,6,21,7.9168468e+25,0.000000
7,7,-4,7.8581446e+25,0.000000
8,2,20,7.8522188e+25,0.000000
2,1,-42,7.7918458e+25,0.000000
6,1,34,7.7917668e+25,0.000000
7,6,35,7.7600843e+25,0.000000
7,2,34,7.7509016e+25,0.000000
5,-5,-14,7.7408989e+25,0.000000
6,0,-41,7.7379866e+25,0.000000
6,0,41,7.7379866e+25,0.000000
10,-2,6,7.7012595e+25,0.000000
4,1,55,7.6963501e+25,0.000000
5,1,47,7.6914382e+25,0.000000
8,-1,26,7.6386485e+25,0.000000
7,1,-25,7.6310977e+25,0.000000
6,5,51,7.6293974e+25,0.000000
8,-1,-7,7.6010782e+25,0.000000
9,-2,14,7.5970506e+25,0.000000
9,3,-1,7.5186689e+25,0.000000
6,1,35,7.4860481e+25,0.000000
5,0,-47,7.4835579e+25,0.000000
5,0,47,7.4835579e+25,0.000000
7,1,33,7.4431564e+25,0.000000
6,-1,-34,7.4220885e+25,0.000000
8,2,-5,7.3623519e+25,0.000000
8,6,22,7.3381588e+25,0.000000
8,2,26,7.3116443e+25,0.000000
8,1,-5,7.2866027e+25,0.000000
9,-4,34,7.2672957e+25,0.000000
9,3,14,7.2326539e+25,0.000000
3,-2,-48,7.2229678e+25,0.000000
9,3,13,7.2089012e+25,0.000000
9,5,0,7.1870877e+25,0.000000
10,-4,31,7.1381245e+25,0.000000
9,-6,-4,7.1162623e+25,0.000000
7,3,-6,7.0746176e+25,0.000000
8,-3,46,7.0608013e+25,0.000000
10,-6,46,7.0451376e+25,0.000000
9,-3,28,7.0400222e+25,0.000000
6,1,36,7.0385184e+25,0.000000
8,1,23,7.0238889e+25,0.000000
7,0,-28,6.9448741e+25,0.000000
7,0,28,6.9448741e+25,0.000000
4,2,45,6.9441931e+25,0.000000
7,3,36,6.8790883e+25,0.000000
7,6,36,6.8758376e+25,0.000000
6,6,50,6.8114467e+25,0.000000
10,-7,53,6.7997815e+25,0.000000
9,3,15,6.7852517e+25,0.000000
6,-3,-22,6.7658762e+25,0.000000
9,5,-2,6.7342653e+25,0.000000
9,3,12,6.7235983e+25,0.000000
8,6,23,6.7169782e+25,0.000000
3,3,-22,6.6959589e+25,0.000000
4,0,-54,6.6722007e+25,0.000000
4,0,54,6.6722007e+25,0.000000
8,5,21,6.6610297e+25,0.000000
4,2,50,6.6353454e+25,0.000000
5,-3,-34,6.6306765e+25,0.000000
4,2,51,6.6134191e+25,0.000000
3,2,-22,6.6062594e+25,0.000000
9,1,12,6.5800863e+25,0.000000
5,3,47,6.5707577e+25,0.000000
4,1,-38,6.5546514e+25,0.000000
9,3,9,6.5295725e+25,0.000000
8,1,-7,6.5156156e+25,0.000000
10,-3,6,6.5131148e+25,0.000000
4,-2,-42,6.4914543e+25,0.000000
7,5,36,6.473754e+25,0.000000
7,-1,-29,6.4696919e+25,0.000000
6,-4,-22,6.4603864e+25,0.000000
6,1,37,6.4001358e+25,0.000000
6,3,44,6.3887355e+25,0.000000
9,-4,38,6.3729881e+25,0.000000
9,-4,37,6.3370368e+25,0.000000
9,-4,35,6.3260772e+25,0.000000
4,2,49,6.3242294e+25,0.000000
4,2,52,6.3171745e+25,0.000000
6,-2,49,6.3139149e+25,0.000000
7,2,-11,6.2987053e+25,0.000000
8,-1,-5,6.291112e+25,0.000000
6,-1,50,6.2347066e+25,0.000000
6,-2,-26,6.232315e+25,0.000000
9,-4,39,6.2260337e+25,0.000000
9,-4,36,6.2231768e+25,0.000000
10,-9,2,6.2219517e+25,0.000000
8,2,27,6.1834608e+25,0.000000
4,2,-26,6.1681829e+25,0.000000
4,-4,-30,6.1581949e+25,0.000000
9,-6,53,6.13941e+25,0.000000
8,6,-2,6.0962196e+25,0.000000
7,7,-2,6.0786273e+25,0.000000
8,6,24,6.0676776e+25,0.000000
7,6,37,6.0482085e+25,0.000000
7,-2,27,6.0450811e+25,0.000000
9,3,11,6.0215909e+25,0.000000
5,1,48,6.014805e+25,0.000000
10,-5,36,6.010026e+25,0.000000
8,0,-23,6.0080512e+25,0.000000
8,0,23,6.0080512e+25,0.000000
8,4,26,6.0026796e+25,0.000000
9,3,16,5.9877802e+25,0.000000
9,-5,48,5.9296258e+25,0.000000
5,1,-37,5.9247483e+25,0.000000
6,5,52,5.9062607e+25,0.000000
8,-2,33,5.8952191e+25,0.000000
9,-4,40,5.8916645e+25,0.000000
5,2,43,5.8779202e+25,0.000000
7,3,-8,5.8566274e+25,0.000000
4,2,53,5.8290521e+25,0.000000
5,3,-16,5.7599769e+25,0.000000
7,0,-29,5.7507682e+25,0.000000
7,0,29,5.7507682e+25,0.000000
8,-1,-8,5.7477875e+25,0.000000
3,1,-42,5.7373147e+25,0.000000
5,2,-21,5.7275199e+25,0.000000
6,2,-3,5.7096857e+25,0.000000
4,2,48,5.7052971e+25,0.000000
7,2,-6,5.6999101e+25,0.000000
9,3,10,5.6651248e+25,0.000000
7,-3,-16,5.6465478e+25,0.000000
4,0,-55,5.636047e+25,0.000000
4,0,55,5.636047e+25,0.000000
6,1,38,5.6326148e+25,0.000000
8,2,-6,5.6293302e+25,0.000000
4,3,-17,5.624076e+25,0.000000
8,5,-1,5.5034059e+25,0.000000
6,6,51,5.4766829e+25,0.000000
9,5,4,5.4229632e+25,0.000000
9,-4,41,5.4109439e+25,0.000000
8,6,25,5.4087387e+25,0.000000
7,7,1,5.333642e+25,0.000000
7,3,37,5.3015743e+25,0.000000
8,5,22,5.3011353e+25,0.000000
7,6,38,5.2874304e+25,0.000000
6,0,-42,5.2866966e+25,0.000000
6,0,42,5.2866966e+25,0.000000
7,1,-26,5.2573108e+25,0.000000
7,4,25,5.2429388e+25,0.000000
4,-1,-45,5.2300855e+25,0.000000
3,-3,-45,5.2295308e+25,0.000000
6,1,-30,5.2291269e+25,0.000000
4,2,54,5.2277323e+25,0.000000
10,-6,47,5.2171698e+25,0.000000
7,7,12,5.1984879e+25,0.000000
9,5,5,5.1854764e+25,0.000000
7,7,11,5.1754568e+25,0.000000
9,5,1,5.1582542e+25,0.000000
7,7,13,5.142883e+25,0.000000
9,8,39,5.0879618e+25,0.000000
7,2,35,5.0747113e+25,0.000000
7,7,0,5.0725557e+25,0.000000
8,2,28,5.0578987e+25,0.000000
10,-7,54,5.0483068e+25,0.000000
7,7,10,5.0408035e+25,0.000000
7,7,14,5.0354027e+25,0.000000
6,2,43,5.0242139e+25,0.000000
4,2,47,5.0093329e+25,0.000000
9,3,17,5.0039099e+25,0.000000
8,-3,47,5.0020615e+25,0.000000
5,-4,-22,4.9845045e+25,0.000000
10,-4,32,4.9677191e+25,0.000000
9,1,1,4.9569946e+25,0.000000
3,-2,-49,4.9107968e+25,0.000000
10,-3,7,4.9095369e+25,0.000000
4,2,46,4.9067188e+25,0.000000
7,7,15,4.8880925e+25,0.000000
4,-3,-37,4.8734779e+25,0.000000
7,7,4,4.8686428e+25,0.000000
9,-4,42,4.8388219e+25,0.000000
6,1,39,4.8181189e+25,0.000000
8,6,-4,4.8041951e+25,0.000000
7,7,5,4.7993059e+25,0.000000
9,5,3,4.7923675e+25,0.000000
7,7,9,4.78952e+25,0.000000
10,-2,7,4.7776555e+25,0.000000
8,-1,27,4.7683737e+25,0.000000
5,0,-48,4.7653554e+25,0.000000
5,0,48,4.7653554e+25,0.000000
8,6,26,4.7590235e+25,0.000000
7,-1,37,4.746993e+25,0.000000
8,1,24,4.7220981e+25,0.000000
7,6,-2,4.7217849e+25,0.000000
7,2,-12,4.7208202e+25,0.000000
7,7,16,4.7037048e+25,0.000000
6,-1,51,4.6929346e+25,0.000000
6,4,34,4.6899952e+25,0.000000
9,5,6,4.6595536e+25,0.000000
9,-1,13,4.6533784e+25,0.000000
5,1,49,4.644781e+25,0.000000
6,-3,-23,4.6361757e+25,0.000000
6,2,-23,4.6323505e+25,0.000000
7,6,39,4.6298743e+25,0.000000
7,0,-30,4.6295315e+25,0.000000
7,0,30,4.6295315e+25,0.000000
5,-1,-43,4.6104775e+25,0.000000
8,-2,-1,4.5957748e+25,0.000000
9,-8,-3,4.5885242e+25,0.000000
4,2,55,4.5775971e+25,0.000000
7,5,37,4.5592589e+25,0.000000
9,2,7,4.5499661e+25,0.000000
5,-2,-27,4.5496699e+25,0.000000
8,1,-8,4.5404707e+25,0.000000
4,-2,-43,4.5340585e+25,0.000000
6,5,53,4.5102531e+25,0.000000
7,4,30,4.5097888e+25,0.000000
6,-1,-35,4.5053133e+25,0.000000
7,4,31,4.4992536e+25,0.000000
7,7,8,4.4973802e+25,0.000000
8,3,19,4.4860849e+25,0.000000
9,-2,15,4.4846501e+25,0.000000
7,7,17,4.483577e+25,0.000000
7,7,3,4.479903e+25,0.000000
10,-5,-1,4.4762411e+25,0.000000
7,7,6,4.4733666e+25,0.000000
7,7,2,4.4539957e+25,0.000000
2,1,-43,4.3903668e+25,0.000000
6,3,45,4.3661342e+25,0.000000
9,2,8,4.350943e+25,0.000000
7,4,29,4.339907e+25,0.000000
7,7,7,4.3384631e+25,0.000000
6,6,52,4.3369564e+25,0.000000
7,4,32,4.3192318e+25,0.000000
9,2,6,4.3143509e+25,0.000000
7,-1,-30,4.2899386e+25,0.000000
7,7,18,4.2324869e+25,0.000000
9,-4,43,4.2275304e+25,0.000000
8,-2,34,4.1937179e+25,0.000000
7,-2,28,4.1699216e+25,0.000000
9,5,7,4.1660318e+25,0.000000
5,3,48,4.1440023e+25,0.000000
7,7,-1,4.1415556e+25,0.000000
8,5,23,4.1397999e+25,0.000000
8,6,27,4.1352949e+25,0.000000
10,-5,-2,4.0925125e+25,0.000000
5,-5,-15,4.0922532e+25,0.000000
10,-5,37,4.0718101e+25,0.000000
4,4,-13,4.0613841e+25,0.000000
7,1,34,4.0559248e+25,0.000000
7,6,-4,4.0532207e+25,0.000000
9,-6,54,4.0499855e+25,0.000000
7,4,28,4.0421694e+25,0.000000
7,3,38,4.0364942e+25,0.000000
5,-3,-35,4.024537e+25,0.000000
6,1,40,4.0244083e+25,0.000000
8,2,29,4.0234587e+25,0.000000
7,4,33,4.0087774e+25,0.000000
9,3,18,3.9830366e+25,0.000000
8,4,-3,3.9768832e+25,0.000000
8,4,27,3.9706217e+25,0.000000
7,6,40,3.9610189e+25,0.000000
7,7,19,3.95972e+25,0.000000
7,4,26,3.9558828e+25,0.000000
5,3,-17,3.8594183e+25,0.000000
7,6,44,3.8459538e+25,0.000000
9,2,9,3.8398536e+25,0.000000
10,-3,2,3.8376723e+25,0.000000
10,-6,48,3.8295898e+25,0.000000
9,-5,49,3.8289902e+25,0.000000
7,6,41,3.8215859e+25,0.000000
7,4,27,3.7888028e+25,0.000000
7,2,-4,3.7793193e+25,0.000000
9,5,2,3.7578726e+25,0.000000
8,-1,-9,3.7525396e+25,0.000000
10,-3,8,3.7507892e+25,0.000000
10,-2,8,3.7423739e+25,0.000000
10,-7,55,3.7326983e+25,0.000000
9,5,8,3.7220848e+25,0.000000
7,7,20,3.6776547e+25,0.000000
6,-4,-23,3.645281e+25,0.000000
7,0,-31,3.6410265e+25,0.000000
7,0,31,3.6410265e+25,0.000000
6,3,-5,3.6292406e+25,0.000000
9,-4,44,3.6192612e+25,0.000000
7,4,34,3.6143385e+25,0.000000
6,0,-43,3.5933753e+25,0.000000
6,0,43,3.5933753e+25,0.000000
5,-5,-6,3.5856696e+25,0.000000
10,-8,-3,3.5766579e+25,0.000000
7,1,-27,3.565818e+25,0.000000
8,6,28,3.5508478e+25,0.000000
10,-2,10,3.5499816e+25,0.000000
5,1,50,3.5449308e+25,0.000000
8,-3,48,3.5334487e+25,0.000000
4,1,-39,3.5311562e+25,0.000000
10,-2,11,3.5277514e+25,0.000000
6,-1,52,3.5226272e+25,0.000000
9,2,5,3.5213968e+25,0.000000
10,-2,9,3.5213476e+25,0.000000
7,3,-9,3.5126452e+25,0.000000
9,-3,29,3.4909572e+25,0.000000
6,6,53,3.4631459e+25,0.000000
6,5,54,3.4628255e+25,0.000000
3,-2,-50,3.4626184e+25,0.000000
3,3,-23,3.4602433e+25,0.000000
9,2,1,3.4501592e+25,0.000000
3,-3,-46,3.4168224e+25,0.000000
7,7,21,3.3994312e+25,0.000000
7,2,-13,3.3982634e+25,0.000000
10,-4,33,3.3836438e+25,0.000000
10,-2,12,3.3400508e+25,0.000000
5,1,-38,3.3286071e+25,0.000000
6,1,41,3.2960184e+25,0.000000
7,2,36,3.2911378e+25,0.000000
10,-10,2,3.2723726e+25,0.000000
9,5,9,3.2626486e+25,0.000000
9,-9,-4,3.2593825e+25,0.000000
8,5,-3,3.2527245e+25,0.000000
3,2,-23,3.2237063e+25,0.000000
4,3,-18,3.2174681e+25,0.000000
6,-2,50,3.212894e+25,0.000000
6,1,-31,3.205792e+25,0.000000
7,5,38,3.2042298e+25,0.000000
9,1,13,3.1976322e+25,0.000000
7,4,35,3.1787931e+25,0.000000
8,5,24,3.1728997e+25,0.000000
6,-2,-27,3.1698145e+25,0.000000
4,-4,-31,3.1634862e+25,0.000000
4,-2,-44,3.1617352e+25,0.000000
9,2,10,3.1504207e+25,0.000000
2,2,-26,3.1498237e+25,0.000000
6,-3,-24,3.1444997e+25,0.000000
7,-1,-2,3.1382162e+25,0.000000
7,7,22,3.1367927e+25,0.000000
8,0,-24,3.1324928e+25,0.000000
8,0,24,3.1324928e+25,0.000000
8,2,30,3.1259644e+25,0.000000
8,1,25,3.1075709e+25,0.000000
9,-4,45,3.0441614e+25,0.000000
7,3,39,3.0413852e+25,0.000000
9,3,19,3.0336081e+25,0.000000
5,0,-49,3.0167565e+25,0.000000
5,0,49,3.0167565e+25,0.000000
6,2,44,3.0158846e+25,0.000000
8,6,29,3.0150096e+25,0.000000
3,1,-43,2.9982662e+25,0.000000
10,-2,13,2.9864531e+25,0.000000
6,3,46,2.9738622e+25,0.000000
10,-7,-2,2.9616882e+25,0.000000
8,-2,35,2.9497485e+25,0.000000
8,1,-4,2.9388759e+25,0.000000
10,-3,9,2.9225319e+25,0.000000
8,-1,28,2.9140694e+25,0.000000
4,-3,-38,2.8997994e+25,0.000000
7,7,23,2.8986108e+25,0.000000
7,6,42,2.8845191e+25,0.000000
4,-1,-46,2.8768228e+25,0.000000
9,4,2,2.8696962e+25,0.000000
7,-3,-3,2.8493982e+25,0.000000
7,-2,29,2.8408621e+25,0.000000
7,-1,-31,2.8205831e+25,0.000000
7,0,-32,2.8084816e+25,0.000000
7,0,32,2.8084816e+25,0.000000
8,1,-9,2.8021179e+25,0.000000
10,-6,49,2.7885089e+25,0.000000
7,1,-2,2.7882402e+25,0.000000
9,2,2,2.7762878e+25,0.000000
5,-4,-23,2.7619911e+25,0.000000
9,5,10,2.7548319e+25,0.000000
9,-6,55,2.74378e+25,0.000000
6,6,54,2.7374363e+25,0.000000
7,4,36,2.7366116e+25,0.000000
6,-1,-36,2.7181695e+25,0.000000
10,-8,-4,2.7160812e+25,0.000000
7,7,-5,2.7024907e+25,0.000000
10,-5,38,2.7002831e+25,0.000000
5,2,44,2.6990032e+25,0.000000
7,7,-3,2.6967978e+25,0.000000
7,7,24,2.6902012e+25,0.000000
5,1,51,2.6749881e+25,0.000000
6,5,55,2.656635e+25,0.000000
6,1,42,2.6562404e+25,0.000000
6,-1,53,2.6368218e+25,0.000000
5,2,-22,2.6342743e+25,0.000000
9,-2,16,2.6241922e+25,0.000000
9,4,3,2.5794537e+25,0.000000
5,3,49,2.5781269e+25,0.000000
8,4,28,2.5608609e+25,0.000000
3,-2,-51,2.5575238e+25,0.000000
9,-5,50,2.5404405e+25,0.000000
8,6,30,2.5332454e+25,0.000000
5,-1,-44,2.5321348e+25,0.000000
5,3,-18,2.5278186e+25,0.000000
10,-2,14,2.5218465e+25,0.000000
9,-4,46,2.5211364e+25,0.000000
7,7,25,2.5133147e+25,0.000000
9,-9,-5,2.4989116e+25,0.000000
8,-3,49,2.4903577e+25,0.000000
2,1,-44,2.4901531e+25,0.000000
8,3,20,2.4654852e+25,0.000000
7,6,43,2.4411119e+25,0.000000
5,-3,-36,2.4393784e+25,0.000000
6,0,-44,2.4297483e+25,0.000000
6,0,44,2.4297483e+25,0.000000
6,2,-24,2.4140591e+25,0.000000
9,2,11,2.4111142e+25,0.000000
7,7,35,2.3978524e+25,0.000000
7,1,-28,2.3870104e+25,0.000000
8,5,25,2.3868515e+25,0.000000
8,2,31,2.3800654e+25,0.000000
10,-3,10,2.3672983e+25,0.000000
7,7,26,2.3666059e+25,0.000000
7,2,-14,2.3647003e+25,0.000000
3,-3,-47,2.3382768e+25,0.000000
7,4,37,2.3127211e+25,0.000000
7,-3,-17,2.3107011e+25,0.000000
8,2,-7,2.2984638e+25,0.000000
7,-1,38,2.2733049e+25,0.000000
7,3,40,2.2711516e+25,0.000000
9,-1,14,2.2649864e+25,0.000000
4,2,-27,2.2588714e+25,0.000000
10,-4,34,2.2560556e+25,0.000000
8,-2,-6,2.2539929e+25,0.000000
7,7,27,2.2463802e+25,0.000000
7,5,39,2.2418672e+25,0.000000
5,-5,-16,2.2240242e+25,0.000000
4,-2,-45,2.2202995e+25,0.000000
9,3,20,2.2181694e+25,0.000000
9,5,11,2.2146651e+25,0.000000
5,-2,-28,2.1849698e+25,0.000000
6,6,55,2.1664048e+25,0.000000
8,-1,-10,2.160435e+25,0.000000
7,1,35,2.1581592e+25,0.000000
7,7,28,2.147449e+25,0.000000
9,2,4,2.1363421e+25,0.000000
7,0,-33,2.1312301e+25,0.000000
7,0,33,2.1312301e+25,0.000000
6,-3,-25,2.1145088e+25,0.000000
7,2,37,2.1143105e+25,0.000000
6,1,43,2.1125216e+25,0.000000
8,6,31,2.1097124e+25,0.000000
7,7,29,2.0640503e+25,0.000000
9,-4,47,2.0598535e+25,0.000000
6,4,35,2.0578639e+25,0.000000
8,-2,36,2.0541152e+25,0.000000
6,-4,-24,2.0538444e+25,0.000000
7,7,30,2.0390789e+25,0.000000
3,2,-24,2.0284234e+25,0.000000
6,3,47,2.018533e+25,0.000000
10,-6,50,2.015841e+25,0.000000
10,-2,15,2.0157022e+25,0.000000
8,-2,-5,2.0035627e+25,0.000000
8,1,26,2.0027916e+25,0.000000
5,1,52,1.9957997e+25,0.000000
3,-2,-52,1.9891847e+25,0.000000
10,-3,11,1.9879403e+25,0.000000
6,-1,54,1.9679233e+25,0.000000
7,7,31,1.9670276e+25,0.000000
6,1,-32,1.9556952e+25,0.000000
7,3,-10,1.9522978e+25,0.000000
7,4,38,1.9231566e+25,0.000000
7,-2,-1,1.914349e+25,0.000000
9,-2,0,1.9141978e+25,0.000000
7,-2,30,1.9132422e+25,0.000000
5,0,-50,1.8988698e+25,0.000000
5,0,50,1.8988698e+25,0.000000
8,-1,-4,1.8833021e+25,0.000000
7,7,32,1.8832292e+25,0.000000
4,1,-40,1.8802509e+25,0.000000
7,7,40,1.8730866e+25,0.000000
4,4,-14,1.8580917e+25,0.000000
5,1,-39,1.8566713e+25,0.000000
7,-1,-32,1.8407455e+25,0.000000
4,3,-19,1.8396527e+25,0.000000
10,-10,1,1.8059947e+25,0.000000
9,4,4,1.8059135e+25,0.000000
7,7,33,1.8047841e+25,0.000000
3,3,-24,1.7958941e+25,0.000000
6,2,45,1.7829802e+25,0.000000
8,2,32,1.7807407e+25,0.000000
7,7,34,1.779348e+25,0.000000
8,5,26,1.7621231e+25,0.000000
9,-3,30,1.7577831e+25,0.000000
8,-3,50,1.752167e+25,0.000000
10,-5,39,1.7510325e+25,0.000000
9,-5,51,1.7467706e+25,0.000000
8,-1,29,1.7422813e+25,0.000000
8,6,32,1.7376844e+25,0.000000
4,-1,-47,1.7323633e+25,0.000000
4,-3,-39,1.7254174e+25,0.000000
9,2,12,1.7234671e+25,0.000000
7,6,45,1.7234157e+25,0.000000
10,-3,12,1.7053856e+25,0.000000
9,8,40,1.705016e+25,0.000000
9,-8,-4,1.6960273e+25,0.000000
3,-3,-48,1.6876341e+25,0.000000
9,5,12,1.6856813e+25,0.000000
7,3,41,1.683006e+25,0.000000
9,-4,48,1.6630696e+25,0.000000
6,1,44,1.6620144e+25,0.000000
9,1,-4,1.6480898e+25,0.000000
6,0,-45,1.6340567e+25,0.000000
6,0,45,1.6340567e+25,0.000000
9,5,-1,1.6298987e+25,0.000000
9,-2,17,1.6290775e+25,0.000000
6,-1,-37,1.6287667e+25,0.000000
4,-4,-32,1.6287636e+25,0.000000
3,-2,-53,1.6264214e+25,0.000000
5,3,-19,1.6242937e+25,0.000000
6,-2,51,1.6149448e+25,0.000000
8,4,29,1.60872e+25,0.000000
7,2,-15,1.5973475e+25,0.000000
7,0,-34,1.5950974e+25,0.000000
7,0,34,1.5950974e+25,0.000000
4,-2,-46,1.5873017e+25,0.000000
6,-2,-28,1.5832783e+25,0.000000
7,1,-29,1.5800947e+25,0.000000
5,3,50,1.5770811e+25,0.000000
7,4,39,1.5766667e+25,0.000000
3,1,-44,1.5729593e+25,0.000000
7,7,36,1.5704748e+25,0.000000
7,5,40,1.5667481e+25,0.000000
8,0,-25,1.5660108e+25,0.000000
8,0,25,1.5660108e+25,0.000000
9,3,21,1.5605583e+25,0.000000
8,1,-10,1.5577986e+25,0.000000
9,4,-1,1.5504491e+25,0.000000
7,7,39,1.5289978e+25,0.000000
10,-2,16,1.5283971e+25,0.000000
5,-4,-24,1.5271036e+25,0.000000
7,6,46,1.5257491e+25,0.000000
6,3,-6,1.5239583e+25,0.000000
3,2,-25,1.5235891e+25,0.000000
10,-9,1,1.5201065e+25,0.000000
7,-4,-4,1.5103931e+25,0.000000
9,1,14,1.4969558e+25,0.000000
5,-3,-37,1.4761532e+25,0.000000
10,-4,35,1.4725492e+25,0.000000
5,1,53,1.4718466e+25,0.000000
10,-3,13,1.4711604e+25,0.000000
8,3,21,1.4640498e+25,0.000000
6,-1,55,1.4638478e+25,0.000000
5,-2,-29,1.4485865e+25,0.000000
10,-6,51,1.4481587e+25,0.000000
7,7,37,1.4465599e+25,0.000000
2,1,-45,1.424563e+25,0.000000
8,6,33,1.42038e+25,0.000000
8,-2,37,1.4177894e+25,0.000000
5,-1,-45,1.4118099e+25,0.000000
6,-3,-26,1.411613e+25,0.000000
3,-2,-54,1.3869154e+25,0.000000
9,-1,19,1.3836498e+25,0.000000
6,3,48,1.3649763e+25,0.000000
9,4,1,1.3620976e+25,0.000000
7,7,38,1.3561049e+25,0.000000
9,-1,18,1.3531818e+25,0.000000
9,-1,15,1.3460803e+25,0.000000
7,2,38,1.3454081e+25,0.000000
9,4,5,1.330532e+25,0.000000
9,-4,49,1.328799e+25,0.000000
7,-7,-7,1.3257736e+25,0.000000
6,4,-8,1.3193862e+25,0.000000
9,-1,20,1.3193331e+25,0.000000
9,1,-9,1.3181232e+25,0.000000
9,-5,-4,1.3155207e+25,0.000000
8,2,33,1.312125e+25,0.000000
5,3,-4,1.3087038e+25,0.000000
6,1,45,1.296065e+25,0.000000
3,-3,-49,1.2880165e+25,0.000000
7,4,40,1.2769781e+25,0.000000
8,5,27,1.276283e+25,0.000000
7,-2,31,1.2747232e+25,0.000000
8,1,27,1.264162e+25,0.000000
10,-3,14,1.2598551e+25,0.000000
9,9,34,1.2563273e+25,0.000000
7,2,-5,1.2527463e+25,0.000000
9,-5,52,1.2506127e+25,0.000000
9,-1,17,1.2450685e+25,0.000000
5,-2,-30,1.2431989e+25,0.000000
7,7,44,1.242134e+25,0.000000
6,2,-25,1.2412901e+25,0.000000
5,-5,-17,1.2400901e+25,0.000000
7,3,42,1.2390328e+25,0.000000
8,-3,51,1.2312524e+25,0.000000
3,-2,-55,1.2198639e+25,0.000000
9,5,13,1.2135476e+25,0.000000
3,2,-26,1.2132424e+25,0.000000
9,1,-10,1.2001756e+25,0.000000
2,2,-27,1.1976722e+25,0.000000
9,1,-8,1.1974609e+25,0.000000
7,6,47,1.1936665e+25,0.000000
7,-1,-33,1.1931832e+25,0.000000
5,0,-51,1.1895728e+25,0.000000
5,0,51,1.1895728e+25,0.000000
6,1,-33,1.1872288e+25,0.000000
10,-4,-2,1.1867533e+25,0.000000
9,-1,21,1.1821286e+25,0.000000
7,0,-35,1.179868e+25,0.000000
7,0,35,1.179868e+25,0.000000
9,-2,18,1.1784886e+25,0.000000
4,-1,-48,1.1776083e+25,0.000000
5,2,45,1.1720324e+25,0.000000
4,-2,-47,1.1688709e+25,0.000000
5,2,-23,1.1686586e+25,0.000000
8,-2,-7,1.1672191e+25,0.000000
9,-1,16,1.1604169e+25,0.000000
6,-4,-25,1.1557733e+25,0.000000
5,-2,-31,1.1554326e+25,0.000000
8,6,34,1.1518835e+25,0.000000
9,2,13,1.150625e+25,0.000000
7,1,36,1.1171017e+25,0.000000
8,-1,-11,1.1117236e+25,0.000000
10,-5,40,1.1093178e+25,0.000000
8,3,26,1.1053779e+25,0.000000
10,-2,17,1.1009215e+25,0.000000
8,3,27,1.0972608e+25,0.000000
9,4,6,1.0972151e+25,0.000000
7,5,41,1.093133e+25,0.000000
6,0,-46,1.0925782e+25,0.000000
6,0,46,1.0925782e+25,0.000000
5,1,54,1.0722866e+25,0.000000
7,7,41,1.0719329e+25,0.000000
8,3,25,1.0699836e+25,0.000000
8,3,22,1.0622351e+25,0.000000
10,-3,15,1.0610118e+25,0.000000
9,2,3,1.0588e+25,0.000000
5,-2,-32,1.0579597e+25,0.000000
9,3,22,1.0575772e+25,0.000000
9,-4,50,1.052115e+25,0.000000
7,-1,39,1.0520495e+25,0.000000
4,3,-20,1.0507507e+25,0.000000
7,2,-16,1.0504505e+25,0.000000
6,4,-7,1.0497679e+25,0.000000
8,3,28,1.0467199e+25,0.000000
3,-3,-50,1.0366102e+25,0.000000
7,1,-30,1.0359983e+25,0.000000
10,-6,52,1.0350045e+25,0.000000
9,-2,22,1.0349286e+25,0.000000
9,-2,21,1.0346001e+25,0.000000
7,3,-11,1.0345084e+25,0.000000
6,2,46,1.0344812e+25,0.000000
9,-2,19,1.0295113e+25,0.000000
5,1,-40,1.0275409e+25,0.000000
5,3,-20,1.0269527e+25,0.000000
4,-3,-40,1.0264769e+25,0.000000
7,4,41,1.0224553e+25,0.000000
7,3,-5,1.0220744e+25,0.000000
8,-1,30,1.0180902e+25,0.000000
9,-2,20,1.0154219e+25,0.000000
4,4,-5,1.0151457e+25,0.000000
8,3,24,1.0084199e+25,0.000000
9,-1,22,1.0050042e+25,0.000000
6,1,46,1.0034171e+25,0.000000
9,-3,31,1.000872e+25,0.000000
9,-2,23,9.977263e+24,0.000000
7,6,48,9.8854689e+24,0.000000
4,1,-41,9.8832115e+24,0.000000
8,4,30,9.8291693e+24,0.000000
8,3,23,9.7120117e+24,0.000000
8,-2,38,9.7086726e+24,0.000000
6,-1,-38,9.6836557e+24,0.000000
9,1,-11,9.6364296e+24,0.000000
8,3,29,9.6340253e+24,0.000000
6,4,-9,9.6128774e+24,0.000000
3,2,-27,9.6024017e+24,0.000000
9,4,7,9.5436734e+24,0.000000
8,2,34,9.5391871e+24,0.000000
5,3,51,9.4491842e+24,0.000000
9,1,19,9.4341182e+24,0.000000
10,-4,36,9.4072976e+24,0.000000
6,-3,-27,9.3660541e+24,0.000000
3,3,-25,9.3610103e+24,0.000000
9,-5,53,9.3156539e+24,0.000000
7,7,42,9.3132614e+24,0.000000
5,-2,-33,9.3102194e+24,0.000000
8,6,35,9.2721956e+24,0.000000
9,-2,24,9.239233e+24,0.000000
6,3,49,9.1915558e+24,0.000000
9,1,20,9.1883844e+24,0.000000
7,-5,-9,9.1434815e+24,0.000000
7,3,43,9.0714018e+24,0.000000
8,5,28,9.0637554e+24,0.000000
4,-1,-49,8.9679021e+24,0.000000
9,1,18,8.9671686e+24,0.000000
4,-2,-48,8.9623265e+24,0.000000
9,-9,-6,8.9277749e+24,0.000000
5,-3,-38,8.9182492e+24,0.000000
10,-6,-4,8.9150915e+24,0.000000
8,8,36,8.8165099e+24,0.000000
6,4,36,8.8138563e+24,0.000000
7,-3,-18,8.8090675e+24,0.000000
8,1,-3,8.7800313e+24,0.000000
3,-3,-51,8.7340541e+24,0.000000
10,-3,16,8.7305594e+24,0.000000
4,4,-15,8.6617412e+24,0.000000
8,-3,52,8.6444777e+24,0.000000
7,0,-36,8.6397641e+24,0.000000
7,0,36,8.6397641e+24,0.000000
6,-2,52,8.6075685e+24,0.000000
8,3,30,8.5946958e+24,0.000000
8,-8,-7,8.5493993e+24,0.000000
9,4,8,8.4953833e+24,0.000000
10,-7,-3,8.4836526e+24,0.000000
7,2,39,8.4788512e+24,0.000000
5,-4,-25,8.4261028e+24,0.000000
4,-4,-33,8.4073167e+24,0.000000
7,-2,32,8.4072029e+24,0.000000
9,1,21,8.373184e+24,0.000000
9,1,15,8.3693371e+24,0.000000
7,7,43,8.3518842e+24,0.000000
3,1,-45,8.326735e+24,0.000000
10,-10,0,8.3009286e+24,0.000000
9,5,14,8.2973662e+24,0.000000
9,-4,51,8.2653308e+24,0.000000
2,1,-46,8.2444409e+24,0.000000
9,-2,25,8.2369567e+24,0.000000
9,-1,23,8.1763962e+24,0.000000
5,-1,-46,8.1542672e+24,0.000000
7,6,49,8.1385147e+24,0.000000
7,4,42,8.1022441e+24,0.000000
10,-9,0,8.0002253e+24,0.000000
9,1,17,7.9414241e+24,0.000000
8,1,-11,7.9337417e+24,0.000000
5,-2,-34,7.8729031e+24,0.000000
10,2,4,7.866264e+24,0.000000
8,1,28,7.8122388e+24,0.000000
9,4,9,7.8087512e+24,0.000000
9,1,-7,7.7969563e+24,0.000000
9,5,-3,7.7421518e+24,0.000000
6,-2,-29,7.7350668e+24,0.000000
6,1,47,7.7227316e+24,0.000000
5,1,55,7.7111399e+24,0.000000
9,4,13,7.7108456e+24,0.000000
7,-1,-34,7.6868192e+24,0.000000
7,-5,-8,7.6712292e+24,0.000000
9,4,14,7.6488471e+24,0.000000
3,-3,-52,7.6314018e+24,0.000000
4,2,-28,7.6253884e+24,0.000000
7,5,42,7.6178753e+24,0.000000
9,4,12,7.6146175e+24,0.000000
10,-2,18,7.5361588e+24,0.000000
9,4,10,7.500839e+24,0.000000
9,4,11,7.4885734e+24,0.000000
8,0,-26,7.4739086e+24,0.000000
8,0,26,7.4739086e+24,0.000000
8,3,31,7.4629646e+24,0.000000
5,0,-52,7.4362279e+24,0.000000
5,0,52,7.4362279e+24,0.000000
8,6,36,7.4133067e+24,0.000000
3,2,-28,7.39823e+24,0.000000
10,-6,53,7.3691429e+24,0.000000
9,4,15,7.3633426e+24,0.000000
4,-1,-50,7.3532904e+24,0.000000
10,-8,-5,7.317911e+24,0.000000
6,0,-47,7.2596049e+24,0.000000
6,0,47,7.2596049e+24,0.000000
9,-3,32,7.2442254e+24,0.000000
9,1,22,7.2226918e+24,0.000000
7,-5,-10,7.2201339e+24,0.000000
4,-2,-49,7.2009155e+24,0.000000
9,2,14,7.1783853e+24,0.000000
9,-5,54,7.1765677e+24,0.000000
6,1,-34,7.1708855e+24,0.000000
7,-4,-10,7.1398207e+24,0.000000
9,1,16,7.1329533e+24,0.000000
9,-2,26,7.0970321e+24,0.000000
5,-5,-18,7.0703897e+24,0.000000
9,1,-12,7.0438876e+24,0.000000
10,2,3,7.0347758e+24,0.000000
9,-8,-5,7.0091043e+24,0.000000
10,-3,17,6.9882622e+24,0.000000
8,2,-8,6.9278732e+24,0.000000
6,4,-6,6.9163931e+24,0.000000
9,3,23,6.9046504e+24,0.000000
7,-4,-11,6.8718289e+24,0.000000
10,-5,41,6.8644852e+24,0.000000
8,2,35,6.8528925e+24,0.000000
9,4,16,6.8511189e+24,0.000000
3,-3,-53,6.8496609e+24,0.000000
9,0,-11,6.7494601e+24,0.000000
9,0,11,6.7494601e+24,0.000000
7,2,-17,6.7391787e+24,0.000000
7,1,-31,6.7360379e+24,0.000000
7,6,50,6.6660876e+24,0.000000
7,3,44,6.6107264e+24,0.000000
8,-2,39,6.6015385e+24,0.000000
7,7,45,6.5403826e+24,0.000000
9,-3,33,6.5350548e+24,0.000000
9,0,-10,6.5028302e+24,0.000000
9,0,10,6.5028302e+24,0.000000
7,7,46,6.4996697e+24,0.000000
6,-4,-26,6.4972693e+24,0.000000
9,-3,34,6.4777272e+24,0.000000
9,-4,52,6.4500272e+24,0.000000
9,-3,35,6.4410991e+24,0.000000
5,-2,-35,6.4338987e+24,0.000000
9,0,-12,6.414086e+24,0.000000
9,0,12,6.414086e+24,0.000000
9,-1,24,6.4094231e+24,0.000000
5,3,-21,6.4043503e+24,0.000000
7,4,43,6.366784e+24,0.000000
8,3,32,6.3298356e+24,0.000000
8,5,29,6.3058696e+24,0.000000
8,3,-2,6.2966629e+24,0.000000
6,2,-26,6.2910853e+24,0.000000
7,0,-37,6.2719879e+24,0.000000
7,0,37,6.2719879e+24,0.000000
3,-3,-54,6.2649219e+24,0.000000
4,-1,-51,6.2206873e+24,0.000000
9,-3,36,6.2075789e+24,0.000000
10,2,1,6.2003883e+24,0.000000
6,-3,-28,6.1819776e+24,0.000000
7,-4,-9,6.1598731e+24,0.000000
6,3,50,6.1592141e+24,0.000000
9,4,17,6.1548287e+24,0.000000
4,-3,-41,6.1051085e+24,0.000000
8,-3,53,6.0652827e+24,0.000000
4,-2,-50,6.0611219e+24,0.000000
6,4,-10,6.0568809e+24,0.000000
4,3,-21,5.9941718e+24,0.000000
9,1,23,5.9544536e+24,0.000000
6,3,-7,5.9403671e+24,0.000000
9,-2,27,5.9331021e+24,0.000000
6,1,48,5.914967e+24,0.000000
7,-4,-12,5.8949787e+24,0.000000
8,6,37,5.889898e+24,0.000000
10,-4,37,5.881701e+24,0.000000
6,2,47,5.8647528e+24,0.000000
9,0,-4,5.8324736e+24,0.000000
9,0,4,5.8324736e+24,0.000000
8,4,31,5.8314335e+24,0.000000
2,2,-28,5.8234953e+24,0.000000
8,-1,31,5.8069916e+24,0.000000
3,-3,-55,5.8027377e+24,0.000000
9,-1,-9,5.7958164e+24,0.000000
8,2,-12,5.769583e+24,0.000000
9,-3,37,5.7577695e+24,0.000000
10,2,5,5.7269376e+24,0.000000
8,2,-13,5.7117439e+24,0.000000
6,-1,-39,5.7049314e+24,0.000000
9,0,-13,5.6712377e+24,0.000000
9,0,13,5.6712377e+24,0.000000
9,-5,55,5.6676642e+24,0.000000
5,1,-41,5.6410362e+24,0.000000
6,-2,53,5.6077838e+24,0.000000
9,0,-9,5.6040142e+24,0.000000
9,0,9,5.6040142e+24,0.000000
7,1,37,5.6008689e+24,0.000000
9,-1,-10,5.5628357e+24,0.000000
3,2,-29,5.5339713e+24,0.000000
7,6,51,5.5268924e+24,0.000000
5,3,52,5.5227189e+24,0.000000
7,-2,33,5.4913904e+24,0.000000
9,0,-3,5.4630954e+24,0.000000
9,0,3,5.4630954e+24,0.000000
9,5,15,5.4606026e+24,0.000000
10,-3,18,5.4243834e+24,0.000000
5,-3,-39,5.377979e+24,0.000000
9,4,18,5.3415883e+24,0.000000
8,-1,-12,5.3348789e+24,0.000000
4,-2,-51,5.3109424e+24,0.000000
7,5,43,5.304024e+24,0.000000
7,2,40,5.2906781e+24,0.000000
7,3,-12,5.2780989e+24,0.000000
4,-1,-52,5.2737803e+24,0.000000
8,3,33,5.2596581e+24,0.000000
9,2,0,5.2516945e+24,0.000000
10,-6,54,5.2352908e+24,0.000000
6,-2,55,5.1839449e+24,0.000000
9,-3,38,5.1516226e+24,0.000000
4,1,-42,5.1268406e+24,0.000000
5,-2,-36,5.1124467e+24,0.000000
5,2,46,5.109842e+24,0.000000
8,2,-14,5.0859251e+24,0.000000
7,7,47,5.0227974e+24,0.000000
8,2,-11,5.0115608e+24,0.000000
5,-1,-47,5.0069782e+24,0.000000
9,-4,53,5.0056977e+24,0.000000
5,2,-24,4.9755016e+24,0.000000
7,4,44,4.9640234e+24,0.000000
10,4,1,4.957354e+24,0.000000
7,-1,-35,4.9230944e+24,0.000000
3,3,-26,4.9006371e+24,0.000000
10,-2,19,4.8988066e+24,0.000000
7,-5,-11,4.8918173e+24,0.000000
6,-2,54,4.8912743e+24,0.000000
8,2,36,4.8711203e+24,0.000000
9,-1,-8,4.8702264e+24,0.000000
9,-1,25,4.8676359e+24,0.000000
2,1,-47,4.8495287e+24,0.000000
9,-2,28,4.8298872e+24,0.000000
7,-1,40,4.8038595e+24,0.000000
7,3,45,4.7989928e+24,0.000000
4,-2,-52,4.7954042e+24,0.000000
6,0,-48,4.790517e+24,0.000000
6,0,48,4.790517e+24,0.000000
9,1,-13,4.7663133e+24,0.000000
5,4,-6,4.7497606e+24,0.000000
9,1,24,4.7266836e+24,0.000000
8,1,29,4.7232099e+24,0.000000
9,0,-14,4.7169919e+24,0.000000
9,0,14,4.7169919e+24,0.000000
5,4,-7,4.6784315e+24,0.000000
7,-4,-13,4.6776456e+24,0.000000
8,-1,-3,4.6716906e+24,0.000000
5,0,-53,4.6632347e+24,0.000000
5,0,53,4.6632347e+24,0.000000
8,6,38,4.6538755e+24,0.000000
5,-4,-26,4.6396826e+24,0.000000
9,-1,-11,4.6356405e+24,0.000000
9,4,0,4.6224304e+24,0.000000
7,7,48,4.5438188e+24,0.000000
7,0,-38,4.5191416e+24,0.000000
7,0,38,4.5191416e+24,0.000000
6,1,49,4.5121005e+24,0.000000
3,1,-46,4.4878023e+24,0.000000
9,4,19,4.4835989e+24,0.000000
9,-3,39,4.4665024e+24,0.000000
8,-2,40,4.4603209e+24,0.000000
7,6,52,4.4363758e+24,0.000000
9,1,-5,4.4316856e+24,0.000000
4,-2,-53,4.4160542e+24,0.000000
4,-1,-53,4.411157e+24,0.000000
8,-1,0,4.4021134e+24,0.000000
5,2,53,4.3607061e+24,0.000000
4,-4,-34,4.3550212e+24,0.000000
7,1,-32,4.3479332e+24,0.000000
9,3,24,4.338793e+24,0.000000
5,2,54,4.3085614e+24,0.000000
6,1,-35,4.3080381e+24,0.000000
8,5,30,4.2927703e+24,0.000000
8,3,34,4.2921131e+24,0.000000
8,-3,54,4.253086e+24,0.000000
5,2,52,4.2507599e+24,0.000000
7,2,-18,4.2245662e+24,0.000000
9,2,15,4.2094523e+24,0.000000
9,0,-8,4.1934336e+24,0.000000
9,0,8,4.1934336e+24,0.000000
8,2,-15,4.1927439e+24,0.000000
9,-1,-4,4.1769818e+24,0.000000
10,-5,42,4.1561923e+24,0.000000
5,2,55,4.1331084e+24,0.000000
4,-2,-54,4.1108705e+24,0.000000
5,-5,-19,4.1066757e+24,0.000000
6,3,51,4.1030338e+24,0.000000
4,4,-16,4.0954917e+24,0.000000
10,-3,19,4.0733436e+24,0.000000
6,4,37,4.0638267e+24,0.000000
6,-3,-29,4.0622077e+24,0.000000
3,2,-30,4.0309791e+24,0.000000
8,8,51,3.9788198e+24,0.000000
5,-2,-37,3.9705567e+24,0.000000
5,2,51,3.9506917e+24,0.000000
5,3,-22,3.9478713e+24,0.000000
8,-2,-13,3.944651e+24,0.000000
8,1,-12,3.9113224e+24,0.000000
9,-4,54,3.8677818e+24,0.000000
4,-2,-55,3.8518491e+24,0.000000
7,4,45,3.8434261e+24,0.000000
8,-2,-8,3.8424549e+24,0.000000
9,-2,29,3.8404187e+24,0.000000
7,7,49,3.7851664e+24,0.000000
9,-3,40,3.769922e+24,0.000000
8,2,-4,3.7482092e+24,0.000000
7,-4,-8,3.7465752e+24,0.000000
2,2,-29,3.7428863e+24,0.000000
9,0,-15,3.7187499e+24,0.000000
9,0,15,3.7187499e+24,0.000000
10,-6,55,3.7182949e+24,0.000000
8,-2,-12,3.7143229e+24,0.000000
7,5,44,3.6910659e+24,0.000000
8,-2,-14,3.6791042e+24,0.000000
6,-2,-30,3.6753093e+24,0.000000
8,6,39,3.6700476e+24,0.000000
6,-4,-27,3.6485642e+24,0.000000
9,4,20,3.6444461e+24,0.000000
7,6,53,3.6379317e+24,0.000000
9,1,25,3.6338162e+24,0.000000
4,-3,-42,3.6302744e+24,0.000000
6,4,-11,3.6175453e+24,0.000000
4,-1,-54,3.6141069e+24,0.000000
8,2,-10,3.6060222e+24,0.000000
10,-4,38,3.5997389e+24,0.000000
9,-1,26,3.5967575e+24,0.000000
10,4,-1,3.5898709e+24,0.000000
10,8,39,3.5781738e+24,0.000000
9,5,16,3.5705345e+24,0.000000
6,-6,-10,3.5625215e+24,0.000000
7,-2,34,3.5535375e+24,0.000000
8,-7,-6,3.535653e+24,0.000000
7,-4,-14,3.5091773e+24,0.000000
6,6,-6,3.5089022e+24,0.000000
10,2,6,3.5033136e+24,0.000000
9,-1,-12,3.4798219e+24,0.000000
7,3,46,3.4727479e+24,0.000000
5,2,50,3.466972e+24,0.000000
8,3,35,3.4468353e+24,0.000000
6,1,50,3.4301136e+24,0.000000
8,2,37,3.4298098e+24,0.000000
4,3,-22,3.4155168e+24,0.000000
8,0,-27,3.400353e+24,0.000000
8,0,27,3.400353e+24,0.000000
8,4,32,3.3549581e+24,0.000000
5,-1,-48,3.3401488e+24,0.000000
6,-1,-40,3.324825e+24,0.000000
5,4,-8,3.2837474e+24,0.000000
7,2,41,3.2675731e+24,0.000000
8,2,-16,3.2588317e+24,0.000000
7,7,50,3.254779e+24,0.000000
5,-3,-40,3.2376119e+24,0.000000
7,0,-39,3.2350853e+24,0.000000
7,0,39,3.2350853e+24,0.000000
6,2,48,3.2329348e+24,0.000000
8,-1,32,3.2291545e+24,0.000000
7,-3,-19,3.2202073e+24,0.000000
7,7,54,3.2084688e+24,0.000000
5,3,53,3.1395654e+24,0.000000
6,0,-49,3.1379562e+24,0.000000
6,0,49,3.1379562e+24,0.000000
6,2,-27,3.1373154e+24,0.000000
7,-1,-36,3.13533e+24,0.000000
8,-2,-15,3.1325263e+24,0.000000
9,-3,41,3.1105976e+24,0.000000
7,7,51,3.108868e+24,0.000000
10,-9,-1,3.1020475e+24,0.000000
5,1,-42,3.0743564e+24,0.000000
6,-6,-9,3.0528748e+24,0.000000
7,-5,-12,3.0493419e+24,0.000000
5,-2,-38,3.0264121e+24,0.000000
10,-2,20,3.018171e+24,0.000000
9,1,-14,3.0105788e+24,0.000000
8,-2,41,2.9964596e+24,0.000000
9,-2,30,2.9904687e+24,0.000000
10,4,2,2.9861423e+24,0.000000
8,-3,55,2.980009e+24,0.000000
9,-4,55,2.9788504e+24,0.000000
9,6,9,2.9712434e+24,0.000000
5,0,-54,2.9615709e+24,0.000000
5,0,54,2.9615709e+24,0.000000
7,4,46,2.9576518e+24,0.000000
10,-3,20,2.9531198e+24,0.000000
8,2,-9,2.9348124e+24,0.000000
7,6,54,2.9219847e+24,0.000000
2,1,-48,2.9211422e+24,0.000000
9,0,-5,2.9088757e+24,0.000000
9,0,5,2.9088757e+24,0.000000
4,-1,-55,2.8922107e+24,0.000000
8,-1,-18,2.8893095e+24,0.000000
5,2,49,2.8876328e+24,0.000000
9,6,10,2.8814224e+24,0.000000
8,-2,-11,2.8786589e+24,0.000000
9,6,8,2.8766382e+24,0.000000
10,-7,-4,2.8750469e+24,0.000000
9,4,21,2.8717894e+24,0.000000
3,2,-31,2.8711079e+24,0.000000
8,-1,-17,2.8658466e+24,0.000000
8,6,40,2.8609967e+24,0.000000
8,5,31,2.854973e+24,0.000000
8,7,14,2.8088826e+24,0.000000
5,2,47,2.8075316e+24,0.000000
8,-1,-13,2.806108e+24,0.000000
8,7,13,2.8008399e+24,0.000000
9,0,-16,2.7937065e+24,0.000000
9,0,16,2.7937065e+24,0.000000
8,1,30,2.7907638e+24,0.000000
9,-1,-7,2.7890886e+24,0.000000
7,1,-33,2.78804e+24,0.000000
2,2,-30,2.7868236e+24,0.000000
9,1,-6,2.7826077e+24,0.000000
6,3,-8,2.7561969e+24,0.000000
6,-6,-11,2.7547877e+24,0.000000
8,7,15,2.7545007e+24,0.000000
8,7,35,2.7429406e+24,0.000000
8,3,36,2.7286714e+24,0.000000
8,-1,-19,2.7194809e+24,0.000000
9,0,-7,2.7178731e+24,0.000000
9,0,7,2.7178731e+24,0.000000
9,1,26,2.7175761e+24,0.000000
6,3,52,2.7135915e+24,0.000000
7,1,38,2.7103672e+24,0.000000
10,4,7,2.7065941e+24,0.000000
8,7,12,2.7002735e+24,0.000000
9,6,11,2.6927356e+24,0.000000
10,2,12,2.6702643e+24,0.000000
8,7,16,2.6614147e+24,0.000000
6,-3,-30,2.6590337e+24,0.000000
10,4,6,2.6565341e+24,0.000000
8,-1,-16,2.6325522e+24,0.000000
4,1,-43,2.6304234e+24,0.000000
7,-6,-6,2.6272421e+24,0.000000
10,4,8,2.6219056e+24,0.000000
9,3,25,2.619192e+24,0.000000
10,2,13,2.602594e+24,0.000000
6,1,51,2.5996239e+24,0.000000
7,3,-13,2.5978132e+24,0.000000
9,-1,27,2.5948572e+24,0.000000
7,2,-19,2.5908792e+24,0.000000
10,-10,-1,2.5769985e+24,0.000000
3,3,-27,2.5769396e+24,0.000000
6,1,-36,2.5729592e+24,0.000000
7,5,45,2.5683121e+24,0.000000
5,-4,-27,2.5490647e+24,0.000000
6,5,-5,2.5472053e+24,0.000000
8,7,17,2.5462477e+24,0.000000
9,6,7,2.5251144e+24,0.000000
7,-4,-15,2.5240555e+24,0.000000
9,-3,42,2.5175713e+24,0.000000
7,3,47,2.5064965e+24,0.000000
3,1,-47,2.50321e+24,0.000000
10,2,11,2.498362e+24,0.000000
8,-2,-16,2.4933173e+24,0.000000
10,4,5,2.487192e+24,0.000000
8,7,11,2.4780164e+24,0.000000
10,-5,43,2.4773918e+24,0.000000
5,2,48,2.4709523e+24,0.000000
9,6,12,2.4696695e+24,0.000000
9,5,17,2.4608926e+24,0.000000
6,4,38,2.4469588e+24,0.000000
5,-1,-49,2.4326264e+24,0.000000
5,-5,-20,2.4212172e+24,0.000000
8,7,18,2.4202302e+24,0.000000
8,-1,-20,2.4181203e+24,0.000000
8,2,-17,2.41693e+24,0.000000
10,-3,0,2.4103276e+24,0.000000
5,3,-23,2.4100879e+24,0.000000
9,-1,-13,2.4000535e+24,0.000000
8,7,40,2.3955351e+24,0.000000
8,2,38,2.3944992e+24,0.000000
10,4,9,2.3851755e+24,0.000000
9,2,16,2.3786412e+24,0.000000
8,6,41,2.3569398e+24,0.000000
7,6,55,2.356792e+24,0.000000
7,7,52,2.3418484e+24,0.000000
10,2,14,2.3376938e+24,0.000000
7,-1,41,2.3290044e+24,0.000000
4,2,-29,2.3284762e+24,0.000000
7,0,-40,2.3028045e+24,0.000000
7,0,40,2.3028045e+24,0.000000
8,7,19,2.2910343e+24,0.000000
8,-1,-15,2.2862009e+24,0.000000
9,-2,31,2.2854118e+24,0.000000
7,-2,35,2.2787231e+24,0.000000
8,0,-1,2.2732147e+24,0.000000
8,0,1,2.2732147e+24,0.000000
5,-2,-39,2.2711234e+24,0.000000
4,-4,-35,2.2674592e+24,0.000000
7,4,47,2.2639037e+24,0.000000
9,6,13,2.251064e+24,0.000000
8,1,-13,2.1995166e+24,0.000000
9,4,22,2.1953859e+24,0.000000
10,4,4,2.1653071e+24,0.000000
8,7,20,2.1640021e+24,0.000000
9,4,-2,2.1612188e+24,0.000000
10,-4,39,2.1593924e+24,0.000000
4,-3,-43,2.1585477e+24,0.000000
8,-1,-14,2.1341974e+24,0.000000
2,2,-31,2.1329312e+24,0.000000
8,3,37,2.1325421e+24,0.000000
10,2,10,2.1281166e+24,0.000000
8,7,10,2.1240232e+24,0.000000
6,4,41,2.118636e+24,0.000000
6,4,-12,2.1115714e+24,0.000000
10,2,7,2.0969848e+24,0.000000
6,4,40,2.0953702e+24,0.000000
8,1,-17,2.076137e+24,0.000000
10,9,34,2.0742958e+24,0.000000
6,4,39,2.0670131e+24,0.000000
10,-3,21,2.0629037e+24,0.000000
9,6,14,2.0557732e+24,0.000000
8,-1,-21,2.0524632e+24,0.000000
6,4,42,2.0473671e+24,0.000000
6,-4,-28,2.0466532e+24,0.000000
5,4,-9,2.0459817e+24,0.000000
8,7,21,2.0428079e+24,0.000000
6,0,-50,2.0394731e+24,0.000000
6,0,50,2.0394731e+24,0.000000
8,1,-18,2.0390355e+24,0.000000
5,2,-25,2.0277095e+24,0.000000
10,4,10,2.0215259e+24,0.000000
7,7,53,2.0164182e+24,0.000000
3,2,-32,2.0074011e+24,0.000000
9,0,-17,2.0073172e+24,0.000000
9,0,17,2.0073172e+24,0.000000
9,-3,43,2.0048302e+24,0.000000
8,-2,42,2.0024593e+24,0.000000
7,2,42,1.9965495e+24,0.000000
7,-1,-37,1.985559e+24,0.000000
9,1,27,1.9840642e+24,0.000000
8,1,-16,1.9777451e+24,0.000000
6,1,52,1.9645771e+24,0.000000
4,4,-17,1.9569044e+24,0.000000
9,0,-6,1.9562562e+24,0.000000
9,0,6,1.9562562e+24,0.000000
10,2,15,1.9544033e+24,0.000000
5,-3,-41,1.9456599e+24,0.000000
4,3,-23,1.9444224e+24,0.000000
9,6,6,1.9395339e+24,0.000000
9,9,47,1.938508e+24,0.000000
5,0,-55,1.933455e+24,0.000000
5,0,55,1.933455e+24,0.000000
8,7,22,1.9298024e+24,0.000000
6,4,43,1.9217084e+24,0.000000
10,4,3,1.9203534e+24,0.000000
9,5,18,1.9192495e+24,0.000000
6,-1,-41,1.9128561e+24,0.000000
5,-1,-50,1.9031484e+24,0.000000
9,6,15,1.8894565e+24,0.000000
8,-2,-17,1.8841311e+24,0.000000
8,1,-19,1.8818144e+24,0.000000
9,5,23,1.8813358e+24,0.000000
9,5,22,1.8754098e+24,0.000000
8,4,33,1.8727248e+24,0.000000
8,5,32,1.8513035e+24,0.000000
7,7,55,1.8344982e+24,0.000000
9,-1,28,1.8326274e+24,0.000000
8,-4,-7,1.8317567e+24,0.000000
8,7,23,1.8262399e+24,0.000000
9,5,24,1.8235153e+24,0.000000
2,1,-49,1.8228431e+24,0.000000
9,5,21,1.8171047e+24,0.000000
6,-6,-12,1.8128316e+24,0.000000
7,3,48,1.8051971e+24,0.000000
9,9,27,1.8027257e+24,0.000000
7,-5,-13,1.8000563e+24,0.000000
8,1,-15,1.7997707e+24,0.000000
8,1,0,1.7899865e+24,0.000000
7,5,46,1.7874423e+24,0.000000
9,1,-15,1.7803862e+24,0.000000
6,3,53,1.7785702e+24,0.000000
7,1,-34,1.7771764e+24,0.000000
6,3,-9,1.7744581e+24,0.000000
7,-4,-16,1.7573211e+24,0.000000
10,-2,21,1.7571131e+24,0.000000
9,6,16,1.7499972e+24,0.000000
8,-1,33,1.749958e+24,0.000000
9,5,20,1.7454782e+24,0.000000
6,4,44,1.7414876e+24,0.000000
5,3,54,1.7405425e+24,0.000000
9,5,19,1.7380975e+24,0.000000
8,1,-14,1.735491e+24,0.000000
6,-3,-31,1.7347505e+24,0.000000
8,7,24,1.7324828e+24,0.000000
10,2,9,1.7266084e+24,0.000000
6,2,49,1.7258053e+24,0.000000
7,4,48,1.7250991e+24,0.000000
8,6,42,1.7248851e+24,0.000000
8,2,-18,1.724695e+24,0.000000
9,-2,32,1.7173133e+24,0.000000
8,-2,-10,1.7138426e+24,0.000000
9,5,25,1.7078383e+24,0.000000
6,-2,-31,1.6841542e+24,0.000000
5,-2,-40,1.6820656e+24,0.000000
8,-1,-22,1.6767578e+24,0.000000
8,7,9,1.6748683e+24,0.000000
9,7,11,1.670682e+24,0.000000
5,1,-43,1.6680756e+24,0.000000
9,7,12,1.6627344e+24,0.000000
7,3,-3,1.6593783e+24,0.000000
8,2,39,1.6589953e+24,0.000000
10,-10,-2,1.6588898e+24,0.000000
8,7,44,1.6495557e+24,0.000000
9,8,36,1.6482743e+24,0.000000
8,7,25,1.6482055e+24,0.000000
8,3,38,1.6474273e+24,0.000000
8,1,-20,1.6469481e+24,0.000000
9,6,17,1.6314206e+24,0.000000
7,0,-41,1.6310557e+24,0.000000
7,0,41,1.6310557e+24,0.000000
9,4,23,1.6286939e+24,0.000000
8,1,31,1.6093935e+24,0.000000
8,8,33,1.6086322e+24,0.000000
9,7,10,1.6070101e+24,0.000000
9,7,13,1.6031912e+24,0.000000
2,2,-32,1.6002894e+24,0.000000
10,2,8,1.5939838e+24,0.000000
10,4,11,1.5913324e+24,0.000000
9,-3,44,1.5746436e+24,0.000000
8,7,26,1.5725866e+24,0.000000
5,-1,-51,1.5574291e+24,0.000000
7,2,-20,1.5561081e+24,0.000000
9,5,26,1.5489662e+24,0.000000
9,-1,-14,1.5369326e+24,0.000000
6,2,-28,1.5355426e+24,0.000000
6,4,45,1.5352301e+24,0.000000
8,6,44,1.534803e+24,0.000000
10,2,16,1.5324626e+24,0.000000
9,6,18,1.526601e+24,0.000000
6,1,-37,1.5265613e+24,0.000000
10,4,0,1.5230551e+24,0.000000
9,3,26,1.5148496e+24,0.000000
9,7,14,1.5110515e+24,0.000000
8,7,27,1.5044781e+24,0.000000
8,0,-28,1.4928899e+24,0.000000
8,0,28,1.4928899e+24,0.000000
8,7,39,1.4919593e+24,0.000000
3,1,-48,1.4854927e+24,0.000000
6,1,53,1.4804251e+24,0.000000
10,-5,44,1.4761359e+24,0.000000
6,3,-10,1.4724031e+24,0.000000
9,-1,-5,1.4670645e+24,0.000000
9,7,9,1.4595678e+24,0.000000
5,3,-24,1.4595046e+24,0.000000
7,-2,36,1.4482152e+24,0.000000
5,-5,-21,1.4444943e+24,0.000000
8,7,28,1.4425545e+24,0.000000
8,8,41,1.440049e+24,0.000000
8,7,30,1.4353575e+24,0.000000
9,6,19,1.4289928e+24,0.000000
9,1,28,1.4178787e+24,0.000000
10,2,2,1.4108174e+24,0.000000
9,7,15,1.4017724e+24,0.000000
5,-4,-28,1.3968903e+24,0.000000
9,2,17,1.3926121e+24,0.000000
7,-1,42,1.3859977e+24,0.000000
8,7,29,1.3856263e+24,0.000000
10,-3,22,1.3855835e+24,0.000000
9,0,-18,1.3827853e+24,0.000000
9,0,18,1.3827853e+24,0.000000
3,2,-33,1.382193e+24,0.000000
8,1,-21,1.3788219e+24,0.000000
8,7,31,1.3785721e+24,0.000000
8,-2,-18,1.3662212e+24,0.000000
9,5,27,1.3642559e+24,0.000000
9,6,2,1.3627411e+24,0.000000
3,3,-28,1.3611654e+24,0.000000
4,1,-44,1.3449058e+24,0.000000
9,6,5,1.3358789e+24,0.000000
9,6,20,1.3335707e+24,0.000000
8,6,43,1.3317342e+24,0.000000
8,-2,43,1.3317134e+24,0.000000
8,-1,-23,1.3270014e+24,0.000000
6,4,46,1.3266481e+24,0.000000
6,3,-11,1.3241188e+24,0.000000
6,0,-51,1.3154024e+24,0.000000
6,0,51,1.3154024e+24,0.000000
7,-3,-20,1.3103495e+24,0.000000
7,4,49,1.3091816e+24,0.000000
8,-4,-8,1.3072958e+24,0.000000
8,-2,-9,1.306459e+24,0.000000
5,-1,-52,1.3005144e+24,0.000000
8,7,32,1.2977763e+24,0.000000
7,3,49,1.2977096e+24,0.000000
8,7,34,1.2951925e+24,0.000000
9,7,16,1.2872022e+24,0.000000
4,-3,-44,1.2839011e+24,0.000000
9,6,3,1.2771777e+24,0.000000
10,-4,40,1.2740906e+24,0.000000
9,-2,33,1.2707352e+24,0.000000
9,-1,29,1.2699554e+24,0.000000
7,1,39,1.2684094e+24,0.000000
8,3,39,1.2593769e+24,0.000000
9,-7,-6,1.2546809e+24,0.000000
7,-1,-38,1.2500829e+24,0.000000
7,5,47,1.2437664e+24,0.000000
9,7,8,1.2427213e+24,0.000000
9,6,21,1.2371626e+24,0.000000
8,7,33,1.234702e+24,0.000000
8,7,8,1.2333725e+24,0.000000
10,0,-6,1.2332711e+24,0.000000
10,0,6,1.2332711e+24,0.000000
5,-2,-41,1.231769e+24,0.000000
7,3,-14,1.230565e+24,0.000000
9,-3,45,1.2226489e+24,0.000000
6,4,-13,1.2187887e+24,0.000000
5,4,-10,1.2133011e+24,0.000000
7,2,43,1.2062336e+24,0.000000
2,1,-50,1.1975096e+24,0.000000
7,-4,-17,1.1923916e+24,0.000000
8,2,-19,1.1913682e+24,0.000000
4,-4,-36,1.1905575e+24,0.000000
7,6,-5,1.1846055e+24,0.000000
6,3,-12,1.1768814e+24,0.000000
9,7,17,1.1759758e+24,0.000000
9,4,24,1.1723476e+24,0.000000
10,8,40,1.1703613e+24,0.000000
9,5,28,1.1699711e+24,0.000000
5,-3,-42,1.1679122e+24,0.000000
8,5,33,1.1677462e+24,0.000000
2,2,-33,1.1661309e+24,0.000000
10,4,12,1.1635324e+24,0.000000
6,3,54,1.1526501e+24,0.000000
7,0,-42,1.1501815e+24,0.000000
7,0,42,1.1501815e+24,0.000000
6,-4,-29,1.1464683e+24,0.000000
8,2,40,1.1414816e+24,0.000000
9,6,22,1.1383672e+24,0.000000
10,2,17,1.1329192e+24,0.000000
6,4,47,1.1301825e+24,0.000000
6,-3,-32,1.1284046e+24,0.000000
7,1,-35,1.1264462e+24,0.000000
10,0,-7,1.1161239e+24,0.000000
10,0,7,1.1161239e+24,0.000000
8,7,36,1.1136792e+24,0.000000
8,1,-22,1.1122961e+24,0.000000
6,1,54,1.1122122e+24,0.000000
7,-1,46,1.1107363e+24,0.000000
7,-1,43,1.1074271e+24,0.000000
4,3,-24,1.1063408e+24,0.000000
7,-1,45,1.1007672e+24,0.000000
6,-6,-13,1.0984368e+24,0.000000
5,-1,-53,1.0889291e+24,0.000000
7,-1,47,1.0863026e+24,0.000000
6,-1,-42,1.0836126e+24,0.000000
9,6,4,1.0767778e+24,0.000000
9,7,4,1.0766264e+24,0.000000
7,-1,44,1.0746794e+24,0.000000
9,7,18,1.0738493e+24,0.000000
10,-3,1,1.0534588e+24,0.000000
9,6,23,1.0372306e+24,0.000000
9,7,3,1.0293465e+24,0.000000
7,-1,48,1.0288392e+24,0.000000
8,-1,-24,1.0225602e+24,0.000000
7,-5,-14,1.0213144e+24,0.000000
8,4,34,1.0202919e+24,0.000000
9,7,7,1.0193293e+24,0.000000
9,2,23,1.0151217e+24,0.000000
9,9,33,1.0124507e+24,0.000000
9,2,22,1.0099173e+24,0.000000
6,3,-13,1.0068775e+24,0.000000
8,7,37,9.9675927e+23,0.000000
9,1,29,9.9407699e+23,0.000000
7,4,50,9.9050304e+23,0.000000
9,1,-16,9.8475487e+23,0.000000
9,7,19,9.8401528e+23,0.000000
8,7,5,9.8180303e+23,0.000000
9,5,29,9.7930261e+23,0.000000
3,1,-49,9.7483283e+23,0.000000
9,2,24,9.7399245e+23,0.000000
7,7,-6,9.7383938e+23,0.000000
10,-5,-3,9.6927374e+23,0.000000
10,-2,22,9.6346493e+23,0.000000
9,2,18,9.6335688e+23,0.000000
5,3,55,9.5999553e+23,0.000000
9,2,21,9.597938e+23,0.000000
8,7,38,9.5886346e+23,0.000000
8,-2,-19,9.5794093e+23,0.000000
6,4,48,9.5398003e+23,0.000000
8,7,4,9.5367879e+23,0.000000
8,3,40,9.5361256e+23,0.000000
7,-1,49,9.4784599e+23,0.000000
9,7,5,9.4690924e+23,0.000000
9,7,0,9.4399456e+23,0.000000
8,7,7,9.4380174e+23,0.000000
4,4,-18,9.4215396e+23,0.000000
9,-3,46,9.4026584e+23,0.000000
3,2,-34,9.3966632e+23,0.000000
10,10,31,9.3530162e+23,0.000000
9,6,24,9.3482374e+23,0.000000
7,3,50,9.3129698e+23,0.000000
9,-2,34,9.2713416e+23,0.000000
8,-1,34,9.2633762e+23,0.000000
9,-1,-15,9.1800965e+23,0.000000
7,2,-21,9.1599794e+23,0.000000
9,0,-19,9.1449712e+23,0.000000
9,0,19,9.1449712e+23,0.000000
7,-2,37,9.1222133e+23,0.000000
7,-4,-7,9.1177192e+23,0.000000
9,7,20,9.0750105e+23,0.000000
5,1,-44,9.0683852e+23,0.000000
10,-5,45,9.0641597e+23,0.000000
5,-1,-54,9.048026e+23,0.000000
8,1,32,9.047418e+23,0.000000
6,1,-38,8.9885908e+23,0.000000
9,7,6,8.9621388e+23,0.000000
9,2,25,8.9607519e+23,0.000000
6,2,50,8.9351801e+23,0.000000
5,-2,-42,8.9307779e+23,0.000000
10,-3,23,8.9281352e+23,0.000000
8,7,6,8.9252106e+23,0.000000
9,2,20,8.8781969e+23,0.000000
8,-2,44,8.8149328e+23,0.000000
9,6,-1,8.8088494e+23,0.000000
5,3,-25,8.7805605e+23,0.000000
5,-5,-22,8.6972679e+23,0.000000
8,1,-23,8.6971458e+23,0.000000
7,5,48,8.6608227e+23,0.000000
9,-1,30,8.6487054e+23,0.000000
10,0,-5,8.5450274e+23,0.000000
10,0,5,8.5450274e+23,0.000000
7,-1,50,8.5341938e+23,0.000000
9,2,19,8.5257313e+23,0.000000
9,7,21,8.4366577e+23,0.000000
2,1,-51,8.4345396e+23,0.000000
6,0,-52,8.4293037e+23,0.000000
6,0,52,8.4293037e+23,0.000000
9,3,27,8.373105e+23,0.000000
9,6,25,8.3281769e+23,0.000000
6,1,55,8.3276301e+23,0.000000
8,7,41,8.3143148e+23,0.000000
2,2,-34,8.2857906e+23,0.000000
6,3,-14,8.2702215e+23,0.000000
9,4,25,8.1817194e+23,0.000000
9,-3,-2,8.1352117e+23,0.000000
7,0,-43,8.0786126e+23,0.000000
7,0,43,8.0786126e+23,0.000000
9,5,30,8.0169645e+23,0.000000
9,9,31,8.0134214e+23,0.000000
8,2,-20,8.0034961e+23,0.000000
5,2,-26,7.9937305e+23,0.000000
6,4,49,7.9871604e+23,0.000000
8,6,-5,7.9647724e+23,0.000000
9,2,26,7.946838e+23,0.000000
10,4,13,7.9284877e+23,0.000000
7,-4,-18,7.9248082e+23,0.000000
10,2,18,7.9216227e+23,0.000000
9,-1,-6,7.9136954e+23,0.000000
9,7,22,7.9074399e+23,0.000000
7,-3,-21,7.8981864e+23,0.000000
8,6,45,7.8691791e+23,0.000000
7,-1,-39,7.8231789e+23,0.000000
8,2,41,7.805198e+23,0.000000
10,0,-8,7.7815842e+23,0.000000
10,0,8,7.7815842e+23,0.000000
9,6,1,7.7394226e+23,0.000000
9,7,2,7.7155915e+23,0.000000
8,-1,-25,7.7031564e+23,0.000000
9,8,51,7.6954382e+23,0.000000
4,-3,-45,7.6441645e+23,0.000000
5,-4,-29,7.6318582e+23,0.000000
8,8,30,7.6024144e+23,0.000000
9,7,1,7.5437666e+23,0.000000
7,-1,51,7.5398041e+23,0.000000
8,-2,-4,7.5284457e+23,0.000000
7,4,51,7.4754872e+23,0.000000
9,7,23,7.4636504e+23,0.000000
10,-4,41,7.453032e+23,0.000000
5,-1,-55,7.4173383e+23,0.000000
10,-2,0,7.376347e+23,0.000000
6,3,55,7.3646231e+23,0.000000
6,-2,-32,7.349959e+23,0.000000
6,2,-29,7.3480051e+23,0.000000
9,6,26,7.3311523e+23,0.000000
3,1,-50,7.321917e+23,0.000000
6,-3,-33,7.3206082e+23,0.000000
3,3,-29,7.2227142e+23,0.000000
7,2,44,7.201219e+23,0.000000
9,-3,47,7.1748782e+23,0.000000
8,3,41,7.1588109e+23,0.000000
8,5,34,7.1471833e+23,0.000000
7,1,-36,7.1014127e+23,0.000000
9,7,24,7.0799281e+23,0.000000
9,7,-4,7.0398445e+23,0.000000
5,4,-11,7.032855e+23,0.000000
8,7,3,7.0110059e+23,0.000000
5,-3,-43,7.0084755e+23,0.000000
7,-3,-22,6.9966339e+23,0.000000
6,4,-14,6.9889055e+23,0.000000
4,1,-45,6.97684e+23,0.000000
3,1,-55,6.9740123e+23,0.000000
9,7,-2,6.87708e+23,0.000000
8,8,38,6.8739211e+23,0.000000
7,-3,-23,6.8583819e+23,0.000000
9,1,30,6.8482787e+23,0.000000
8,7,42,6.8466386e+23,0.000000
9,2,27,6.8266488e+23,0.000000
4,2,-30,6.7981264e+23,0.000000
5,5,-7,6.7885626e+23,0.000000
9,7,25,6.7325658e+23,0.000000
8,0,-29,6.6980155e+23,0.000000
8,0,29,6.6980155e+23,0.000000
9,-2,35,6.6769856e+23,0.000000
7,3,51,6.671777e+23,0.000000
6,4,50,6.6623947e+23,0.000000
10,0,-3,6.6253864e+23,0.000000
10,0,3,6.6253864e+23,0.000000
8,1,-24,6.622957e+23,0.000000
3,1,-54,6.5705643e+23,0.000000
8,8,29,6.5686856e+23,0.000000
7,-1,52,6.5570217e+23,0.000000
10,3,3,6.5480475e+23,0.000000
6,3,-15,6.545052e+23,0.000000
8,-2,-20,6.5318543e+23,0.000000
7,-3,-24,6.4686439e+23,0.000000
2,1,-52,6.4582456e+23,0.000000
9,5,31,6.4298205e+23,0.000000
5,-2,-43,6.4171569e+23,0.000000
6,-4,-30,6.4125824e+23,0.000000
9,7,26,6.4016724e+23,0.000000
9,6,27,6.3756611e+23,0.000000
6,-6,-14,6.3531774e+23,0.000000
8,7,1,6.3375938e+23,0.000000
4,-4,-37,6.3368216e+23,0.000000
3,1,-51,6.3223931e+23,0.000000
3,2,-35,6.3200678e+23,0.000000
4,3,-25,6.2940587e+23,0.000000
8,6,46,6.2680096e+23,0.000000
8,7,43,6.2677021e+23,0.000000
3,1,-53,6.2329265e+23,0.000000
8,7,46,6.1916327e+23,0.000000
9,9,30,6.1479532e+23,0.000000
10,-9,-2,6.133123e+23,0.000000
3,1,-52,6.0813325e+23,0.000000
9,7,27,6.0722935e+23,0.000000
7,5,49,6.062811e+23,0.000000
6,-1,-43,6.0259335e+23,0.000000
10,-5,46,6.0086257e+23,0.000000
7,5,-5,5.8784329e+23,0.000000
7,1,40,5.8656781e+23,0.000000
8,8,31,5.8282723e+23,0.000000
9,0,-20,5.8081856e+23,0.000000
9,0,20,5.8081856e+23,0.000000
8,-2,45,5.8078191e+23,0.000000
9,-1,31,5.7974341e+23,0.000000
2,2,-35,5.7863905e+23,0.000000
8,-3,-9,5.7787485e+23,0.000000
9,7,28,5.7346906e+23,0.000000
7,-3,-25,5.7310696e+23,0.000000
7,-2,-9,5.7183816e+23,0.000000
9,2,28,5.7037862e+23,0.000000
7,-2,38,5.6946036e+23,0.000000
8,-1,-26,5.6914091e+23,0.000000
7,0,-44,5.6534988e+23,0.000000
7,0,44,5.6534988e+23,0.000000
7,4,52,5.6317477e+23,0.000000
8,-3,-8,5.6304707e+23,0.000000
7,-1,53,5.6265058e+23,0.000000
7,-5,-15,5.6178171e+23,0.000000
7,3,-15,5.5810884e+23,0.000000
6,4,51,5.5400063e+23,0.000000
9,-9,-7,5.5341062e+23,0.000000
8,4,35,5.5314582e+23,0.000000
9,4,26,5.5289801e+23,0.000000
10,-3,24,5.5070605e+23,0.000000
9,6,28,5.4777132e+23,0.000000
9,-3,48,5.4412375e+23,0.000000
9,7,-3,5.4321792e+23,0.000000
8,7,0,5.4081929e+23,0.000000
2,1,-53,5.385564e+23,0.000000
9,7,29,5.3841179e+23,0.000000
6,0,-53,5.3840718e+23,0.000000
6,0,53,5.3840718e+23,0.000000
7,-2,-8,5.3455178e+23,0.000000
9,7,-1,5.3453567e+23,0.000000
8,3,42,5.3323585e+23,0.000000
7,-2,-10,5.3121832e+23,0.000000
8,2,42,5.3063594e+23,0.000000
9,-4,-3,5.2955721e+23,0.000000
7,2,-22,5.2873056e+23,0.000000
5,-5,-23,5.2740839e+23,0.000000
5,3,-26,5.254575e+23,0.000000
8,2,-21,5.2483311e+23,0.000000
6,1,-39,5.2456102e+23,0.000000
10,2,19,5.2452777e+23,0.000000
8,7,2,5.2450974e+23,0.000000
10,3,4,5.1902936e+23,0.000000
7,-4,-19,5.1786811e+23,0.000000
10,-10,-3,5.1435561e+23,0.000000
9,-1,-16,5.1150996e+23,0.000000
10,4,14,5.0912519e+23,0.000000
9,7,30,5.0823726e+23,0.000000
8,7,45,5.0737219e+23,0.000000
9,1,-17,5.0720768e+23,0.000000
9,5,32,5.0594282e+23,0.000000
5,1,-45,5.0140521e+23,0.000000
6,3,-16,5.0132582e+23,0.000000
9,6,-3,4.9819733e+23,0.000000
8,8,15,4.9767659e+23,0.000000
10,-2,23,4.9741284e+23,0.000000
8,1,33,4.9562661e+23,0.000000
8,7,54,4.9395687e+23,0.000000
8,1,-25,4.9308849e+23,0.000000
8,8,14,4.9254473e+23,0.000000
8,8,16,4.9052853e+23,0.000000
9,9,43,4.8990289e+23,0.000000
8,-3,-10,4.895223e+23,0.000000
7,-1,-40,4.8624149e+23,0.000000
8,-1,35,4.8336653e+23,0.000000
9,6,0,4.8334181e+23,0.000000
2,1,-54,4.8321533e+23,0.000000
7,-3,-26,4.8035743e+23,0.000000
8,8,32,4.7927457e+23,0.000000
7,-1,54,4.7720004e+23,0.000000
7,3,52,4.7701812e+23,0.000000
8,8,17,4.7590694e+23,0.000000
9,-2,36,4.7509046e+23,0.000000
6,-3,-34,4.7377084e+23,0.000000
8,7,-2,4.7069041e+23,0.000000
9,7,31,4.7009348e+23,0.000000
8,8,13,4.6997195e+23,0.000000
9,2,29,4.6507478e+23,0.000000
9,6,29,4.6496929e+23,0.000000
9,1,31,4.6428386e+23,0.000000
8,8,45,4.638634e+23,0.000000
8,6,47,4.6033401e+23,0.000000
6,4,52,4.5950395e+23,0.000000
6,2,51,4.5847129e+23,0.000000
8,8,18,4.5737277e+23,0.000000
5,-2,-44,4.5728143e+23,0.000000
2,1,-55,4.5718322e+23,0.000000
4,-3,-46,4.5602177e+23,0.000000
4,4,-19,4.5601009e+23,0.000000
8,-4,-9,4.5122057e+23,0.000000
10,-9,-3,4.507148e+23,0.000000
10,-5,47,4.4898644e+23,0.000000
7,-2,-11,4.4861049e+23,0.000000
10,0,-9,4.4643036e+23,0.000000
10,0,9,4.4643036e+23,0.000000
7,1,-37,4.4528326e+23,0.000000
9,9,38,4.4515845e+23,0.000000
9,3,28,4.4259892e+23,0.000000
9,9,42,4.418238e+23,0.000000
10,-4,42,4.3909555e+23,0.000000
10,3,2,4.3829169e+23,0.000000
8,8,19,4.3721397e+23,0.000000
10,6,6,4.3659798e+23,0.000000
8,-2,-21,4.3501496e+23,0.000000
8,5,-4,4.3025501e+23,0.000000
9,7,32,4.2989131e+23,0.000000
8,8,12,4.2675964e+23,0.000000
7,2,45,4.2457167e+23,0.000000
9,0,-2,4.2442086e+23,0.000000
9,0,2,4.2442086e+23,0.000000
7,4,53,4.2384319e+23,0.000000
8,5,35,4.2368605e+23,0.000000
3,2,-36,4.2119125e+23,0.000000
5,-3,-44,4.2104358e+23,0.000000
8,8,34,4.2051158e+23,0.000000
7,5,50,4.2037609e+23,0.000000
8,8,20,4.1674957e+23,0.000000
5,-4,-30,4.1543832e+23,0.000000
10,10,36,4.1372405e+23,0.000000
8,-1,-27,4.1349445e+23,0.000000
8,8,35,4.1308365e+23,0.000000
10,6,5,4.1206231e+23,0.000000
9,-3,49,4.1071633e+23,0.000000
10,6,7,4.0980765e+23,0.000000
8,7,47,4.0830983e+23,0.000000
10,6,1,4.0502983e+23,0.000000
5,4,-12,4.0295715e+23,0.000000
8,7,48,4.024948e+23,0.000000
2,2,-36,4.0083151e+23,0.000000
7,-1,55,4.0053168e+23,0.000000
6,4,-15,3.9881991e+23,0.000000
9,7,35,3.9757906e+23,0.000000
8,8,21,3.9666079e+23,0.000000
7,-2,-7,3.9488802e+23,0.000000
8,3,43,3.9440572e+23,0.000000
7,0,-45,3.9426355e+23,0.000000
7,0,45,3.9426355e+23,0.000000
8,-3,-7,3.9223832e+23,0.000000
9,5,33,3.9104289e+23,0.000000
9,7,33,3.9064857e+23,0.000000
9,6,30,3.8998981e+23,0.000000
3,3,-30,3.8502473e+23,0.000000
7,-3,-27,3.8495494e+23,0.000000
9,-1,32,3.828439e+23,0.000000
9,1,-3,3.8212264e+23,0.000000
8,-2,46,3.8078517e+23,0.000000
10,-5,48,3.8037264e+23,0.000000
6,4,53,3.8035735e+23,0.000000
4,1,-46,3.7889033e+23,0.000000
8,8,22,3.7724133e+23,0.000000
10,6,2,3.7562845e+23,0.000000
6,3,-17,3.7317622e+23,0.000000
9,2,30,3.7109516e+23,0.000000
10,3,5,3.6919778e+23,0.000000
8,8,11,3.653919e+23,0.000000
8,-3,-11,3.6385625e+23,0.000000
9,4,27,3.6114688e+23,0.000000
8,1,-26,3.6006319e+23,0.000000
10,6,8,3.5968447e+23,0.000000
8,2,43,3.5884243e+23,0.000000
8,8,23,3.5856392e+23,0.000000
9,7,34,3.5848725e+23,0.000000
6,-5,-10,3.5833702e+23,0.000000
4,3,-26,3.5817674e+23,0.000000
6,-4,-31,3.5788973e+23,0.000000
6,-6,-15,3.5758974e+23,0.000000
8,0,-30,3.5423085e+23,0.000000
8,0,30,3.5423085e+23,0.000000
9,0,-21,3.5401557e+23,0.000000
9,0,21,3.5401557e+23,0.000000
7,-2,-12,3.5331077e+23,0.000000
7,-2,39,3.5224675e+23,0.000000
10,-5,49,3.520629e+23,0.000000
8,6,48,3.5150205e+23,0.000000
9,-8,-6,3.4858786e+23,0.000000
10,3,0,3.4707877e+23,0.000000
6,0,-54,3.45105e+23,0.000000
6,0,54,3.45105e+23,0.000000
4,-4,-38,3.450031e+23,0.000000
6,2,-30,3.4189688e+23,0.000000
8,7,-4,3.41143e+23,0.000000
8,8,24,3.4059224e+23,0.000000
7,3,53,3.4022705e+23,0.000000
10,6,4,3.3942307e+23,0.000000
10,-5,50,3.3934129e+23,0.000000
8,2,-22,3.3694949e+23,0.000000
9,-2,37,3.3425142e+23,0.000000
7,-4,-20,3.337286e+23,0.000000
10,9,47,3.3231736e+23,0.000000
8,8,44,3.3005834e+23,0.000000
10,-5,51,3.2918293e+23,0.000000
10,2,20,3.2870368e+23,0.000000
6,-1,-44,3.2787976e+23,0.000000
8,7,49,3.2501203e+23,0.000000
10,-3,25,3.2485467e+23,0.000000
9,6,31,3.233796e+23,0.000000
5,-2,-45,3.232913e+23,0.000000
8,8,25,3.2326349e+23,0.000000
6,-1,-1,3.2282554e+23,0.000000
8,7,51,3.2203907e+23,0.000000
5,2,-27,3.2178382e+23,0.000000
5,-5,-24,3.215658e+23,0.000000
7,4,54,3.1872058e+23,0.000000
10,4,15,3.177984e+23,0.000000
8,-4,-14,3.1622736e+23,0.000000
10,10,26,3.1615876e+23,0.000000
10,-5,52,3.157255e+23,0.000000
6,4,54,3.1361833e+23,0.000000
5,3,-27,3.1313529e+23,0.000000
8,4,36,3.1226487e+23,0.000000
9,1,32,3.1002248e+23,0.000000
10,6,9,3.0940535e+23,0.000000
9,-3,50,3.0902358e+23,0.000000
8,8,37,3.0689238e+23,0.000000
8,8,26,3.0656146e+23,0.000000
6,-3,-35,3.0591046e+23,0.000000
6,-5,-9,3.0407775e+23,0.000000
8,8,48,3.0309741e+23,0.000000
6,1,-40,3.0290073e+23,0.000000
6,-5,-11,3.0208404e+23,0.000000
8,8,47,3.0145077e+23,0.000000
7,-5,-16,3.0116324e+23,0.000000
8,8,28,3.0023533e+23,0.000000
7,-1,-41,3.0004718e+23,0.000000
6,-2,-33,2.9950063e+23,0.000000
7,2,-23,2.9932627e+23,0.000000
8,-6,-6,2.9918466e+23,0.000000
10,6,3,2.9891774e+23,0.000000
7,-3,-28,2.9787539e+23,0.000000
8,8,10,2.9753311e+23,0.000000
10,-5,53,2.972334e+23,0.000000
9,5,34,2.9715186e+23,0.000000
8,-4,-15,2.9631395e+23,0.000000
8,-1,-28,2.9604218e+23,0.000000
7,5,51,2.930596e+23,0.000000
8,-4,-13,2.9280103e+23,0.000000
8,8,27,2.9067399e+23,0.000000
9,2,31,2.9042145e+23,0.000000
8,8,42,2.9030821e+23,0.000000
8,3,44,2.8989116e+23,0.000000
10,9,27,2.8894605e+23,0.000000
7,1,41,2.8854277e+23,0.000000
8,7,50,2.8653649e+23,0.000000
10,6,-1,2.859448e+23,0.000000
5,1,-46,2.8559167e+23,0.000000
10,1,7,2.8469527e+23,0.000000
10,3,6,2.8449624e+23,0.000000
8,-2,-22,2.8391429e+23,0.000000
4,2,-31,2.8231179e+23,0.000000
9,7,36,2.8215816e+23,0.000000
10,1,6,2.7999881e+23,0.000000
10,3,13,2.7947638e+23,0.000000
3,2,-37,2.7844997e+23,0.000000
9,8,33,2.784229e+23,0.000000
2,2,-37,2.781196e+23,0.000000
7,1,-38,2.7764336e+23,0.000000
10,-1,2,2.7558875e+23,0.000000
9,9,37,2.7553098e+23,0.000000
10,3,14,2.749293e+23,0.000000
10,-5,54,2.7413604e+23,0.000000
7,0,-46,2.740107e+23,0.000000
7,0,46,2.740107e+23,0.000000
4,-3,-47,2.729531e+23,0.000000
10,3,12,2.7135953e+23,0.000000
10,-10,-4,2.7129128e+23,0.000000
6,3,-18,2.7090072e+23,0.000000
10,6,10,2.6924559e+23,0.000000
8,8,52,2.68689e+23,0.000000
8,6,49,2.6765503e+23,0.000000
10,-4,43,2.6749215e+23,0.000000
8,7,-1,2.6605717e+23,0.000000
8,1,34,2.6522169e+23,0.000000
9,-1,-17,2.6489439e+23,0.000000
9,6,32,2.6485052e+23,0.000000
7,-2,-13,2.6360137e+23,0.000000
4,2,-34,2.618985e+23,0.000000
4,2,-33,2.6121963e+23,0.000000
8,8,6,2.5884642e+23,0.000000
8,1,-27,2.5854654e+23,0.000000
6,4,55,2.5774293e+23,0.000000
9,8,41,2.5774246e+23,0.000000
10,3,15,2.5773246e+23,0.000000
6,1,-1,2.5770538e+23,0.000000
8,-1,36,2.5464127e+23,0.000000
8,0,-31,2.5415963e+23,0.000000
8,0,31,2.5415963e+23,0.000000
10,3,11,2.5394587e+23,0.000000
5,-3,-45,2.5391728e+23,0.000000
10,5,4,2.5294125e+23,0.000000
8,-4,-16,2.5260972e+23,0.000000
8,8,5,2.523072e+23,0.000000
10,1,8,2.5158998e+23,0.000000
10,6,-2,2.5137343e+23,0.000000
6,2,52,2.5099215e+23,0.000000
9,-1,33,2.4933283e+23,0.000000
8,-2,47,2.4831954e+23,0.000000
10,-5,55,2.478123e+23,0.000000
10,-8,-6,2.4728729e+23,0.000000
7,2,46,2.4715036e+23,0.000000
9,7,37,2.4586342e+23,0.000000
10,-2,24,2.4526023e+23,0.000000
8,-3,-12,2.4455167e+23,0.000000
8,5,36,2.4350828e+23,0.000000
8,8,9,2.4341014e+23,0.000000
4,2,-32,2.4207499e+23,0.000000
7,3,54,2.4190383e+23,0.000000
9,1,-18,2.417063e+23,0.000000
8,2,44,2.4143187e+23,0.000000
7,3,-16,2.4064561e+23,0.000000
10,10,29,2.4059494e+23,0.000000
10,6,11,2.4017594e+23,0.000000
10,3,7,2.4002976e+23,0.000000
7,4,55,2.3968407e+23,0.000000
9,-6,-5,2.3817799e+23,0.000000
4,2,-35,2.378284e+23,0.000000
8,8,7,2.3666766e+23,0.000000
10,6,-3,2.3415127e+23,0.000000
10,3,10,2.3393117e+23,0.000000
10,5,5,2.3300759e+23,0.000000
9,-2,38,2.3269346e+23,0.000000
9,-3,51,2.3205111e+23,0.000000
8,8,2,2.3153541e+23,0.000000
8,0,-32,2.3122445e+23,0.000000
8,0,32,2.3122445e+23,0.000000
9,9,35,2.3101603e+23,0.000000
8,7,55,2.3054102e+23,0.000000
10,3,16,2.3041918e+23,0.000000
9,7,40,2.2983052e+23,0.000000
5,4,-13,2.2931662e+23,0.000000
8,8,-5,2.2871424e+23,0.000000
9,4,28,2.2756267e+23,0.000000
5,-2,-46,2.2682509e+23,0.000000
9,3,29,2.266763e+23,0.000000
6,4,-16,2.2656441e+23,0.000000
8,0,-33,2.2594945e+23,0.000000
8,0,33,2.2594945e+23,0.000000
4,1,-47,2.2532458e+23,0.000000
5,-4,-31,2.2513725e+23,0.000000
6,0,-55,2.2471062e+23,0.000000
6,0,55,2.2471062e+23,0.000000
7,-3,-29,2.240723e+23,0.000000
9,9,28,2.2395605e+23,0.000000
9,2,32,2.2333767e+23,0.000000
8,8,8,2.2254644e+23,0.000000
9,5,35,2.2217474e+23,0.000000
10,0,-10,2.216571e+23,0.000000
10,0,10,2.216571e+23,0.000000
6,-5,-12,2.2163813e+23,0.000000
4,4,-20,2.2150731e+23,0.000000
10,3,8,2.2018845e+23,0.000000
10,3,9,2.1997194e+23,0.000000
10,6,12,2.188011e+23,0.000000
8,8,4,2.1805506e+23,0.000000
10,1,5,2.1793528e+23,0.000000
8,8,-1,2.1765948e+23,0.000000
8,0,-34,2.1723141e+23,0.000000
8,0,34,2.1723141e+23,0.000000
8,-4,-12,2.1597111e+23,0.000000
7,-2,40,2.1583657e+23,0.000000
9,7,38,2.1581509e+23,0.000000
8,8,1,2.1475421e+23,0.000000
9,6,33,2.1450678e+23,0.000000
9,7,39,2.140474e+23,0.000000
7,5,52,2.1361122e+23,0.000000
8,7,52,2.1286239e+23,0.000000
10,2,0,2.1273391e+23,0.000000
7,-4,-21,2.1257564e+23,0.000000
8,2,-23,2.1232337e+23,0.000000
8,3,45,2.1188915e+23,0.000000
8,8,43,2.0998999e+23,0.000000
8,-1,-29,2.092299e+23,0.000000
9,9,29,2.0779021e+23,0.000000
10,4,16,2.0685778e+23,0.000000
8,8,3,2.0677129e+23,0.000000
9,0,-22,2.0670815e+23,0.000000
9,0,22,2.0670815e+23,0.000000
3,3,-31,2.0619829e+23,0.000000
9,1,33,2.0411286e+23,0.000000
4,3,-27,2.0396538e+23,0.000000
8,6,50,2.0335318e+23,0.000000
10,5,3,2.0310649e+23,0.000000
8,-4,-17,2.0144247e+23,0.000000
10,6,13,2.0081377e+23,0.000000
8,0,-35,2.0051329e+23,0.000000
8,0,35,2.0051329e+23,0.000000
4,2,-36,1.9980727e+23,0.000000
6,-4,-32,1.9929233e+23,0.000000
10,1,9,1.9901704e+23,0.000000
6,-6,-16,1.9808558e+23,0.000000
8,4,37,1.9765549e+23,0.000000
6,-3,-36,1.9708067e+23,0.000000
5,-5,-25,1.9690315e+23,0.000000
10,3,17,1.9682237e+23,0.000000
2,2,-38,1.9520137e+23,0.000000
4,-4,-39,1.9461101e+23,0.000000
10,2,21,1.9450686e+23,0.000000
10,5,6,1.9334512e+23,0.000000
6,3,-19,1.9235656e+23,0.000000
8,7,53,1.917822e+23,0.000000
7,0,-47,1.8976685e+23,0.000000
7,0,47,1.8976685e+23,0.000000
6,-5,-7,1.8900249e+23,0.000000
7,-2,-14,1.8825139e+23,0.000000
10,6,0,1.8740603e+23,0.000000
10,4,-2,1.8721034e+23,0.000000
5,3,-28,1.8599639e+23,0.000000
9,3,-2,1.8439956e+23,0.000000
10,-3,26,1.8391865e+23,0.000000
7,-1,-42,1.8356644e+23,0.000000
8,1,-28,1.8295759e+23,0.000000
10,6,14,1.8285269e+23,0.000000
3,2,-38,1.8276571e+23,0.000000
8,-2,-23,1.8206605e+23,0.000000
7,-2,-6,1.8031288e+23,0.000000
8,0,-36,1.7768806e+23,0.000000
8,0,36,1.7768806e+23,0.000000
8,8,46,1.7437668e+23,0.000000
10,-4,44,1.7437546e+23,0.000000
9,-3,52,1.7411145e+23,0.000000
6,-1,-45,1.740967e+23,0.000000
7,1,42,1.7408691e+23,0.000000
5,1,-47,1.732913e+23,0.000000
6,1,-41,1.7269735e+23,0.000000
8,8,0,1.7239578e+23,0.000000
8,8,-3,1.7232595e+23,0.000000
7,1,-39,1.7211815e+23,0.000000
9,6,34,1.7177088e+23,0.000000
7,3,55,1.7129319e+23,0.000000
9,2,33,1.6902443e+23,0.000000
6,2,53,1.6867791e+23,0.000000
10,9,33,1.6637624e+23,0.000000
7,2,-24,1.6616821e+23,0.000000
8,8,-2,1.6573687e+23,0.000000
10,5,0,1.6540071e+23,0.000000
9,6,-2,1.6522342e+23,0.000000
7,-3,-30,1.6488649e+23,0.000000
4,-3,-48,1.6420652e+23,0.000000
8,8,50,1.6410924e+23,0.000000
10,4,22,1.639907e+23,0.000000
10,4,21,1.6362778e+23,0.000000
9,5,36,1.6354517e+23,0.000000
10,6,15,1.631676e+23,0.000000
6,2,55,1.6221533e+23,0.000000
8,2,45,1.6162767e+23,0.000000
10,5,7,1.6122532e+23,0.000000
10,3,18,1.6094986e+23,0.000000
8,-2,48,1.6092627e+23,0.000000
9,-2,39,1.6039213e+23,0.000000
9,-1,34,1.60196e+23,0.000000
4,2,-37,1.5844394e+23,0.000000
5,-2,-47,1.5795781e+23,0.000000
7,-5,-17,1.5785462e+23,0.000000
10,0,-4,1.5729328e+23,0.000000
10,0,4,1.5729328e+23,0.000000
10,4,23,1.5715731e+23,0.000000
10,4,20,1.5662679e+23,0.000000
8,6,51,1.565427e+23,0.000000
10,4,17,1.5556037e+23,0.000000
5,-3,-46,1.5414253e+23,0.000000
8,3,46,1.5412491e+23,0.000000
8,8,-4,1.5340889e+23,0.000000
6,2,-31,1.5340198e+23,0.000000
10,0,-16,1.5320357e+23,0.000000
10,0,16,1.5320357e+23,0.000000
8,-4,-18,1.5290966e+23,0.000000
6,-5,-13,1.5283586e+23,0.000000
5,2,-28,1.5252293e+23,0.000000
8,0,-37,1.5196363e+23,0.000000
8,0,37,1.5196363e+23,0.000000
4,1,-48,1.5148308e+23,0.000000
8,-3,-13,1.5091188e+23,0.000000
6,2,54,1.5079077e+23,0.000000
8,4,38,1.488143e+23,0.000000
10,0,-15,1.4788862e+23,0.000000
10,0,15,1.4788862e+23,0.000000
10,4,19,1.4663966e+23,0.000000
10,-1,6,1.4652691e+23,0.000000
8,-1,-30,1.4619157e+23,0.000000
10,0,-17,1.4532735e+23,0.000000
10,0,17,1.4532735e+23,0.000000
10,4,24,1.4435569e+23,0.000000
10,-1,5,1.4354188e+23,0.000000
7,1,46,1.4271856e+23,0.000000
10,1,10,1.4268765e+23,0.000000
7,5,53,1.4257137e+23,0.000000
7,2,47,1.4215974e+23,0.000000
8,-1,37,1.4209392e+23,0.000000
10,4,18,1.4177235e+23,0.000000
10,6,16,1.4152265e+23,0.000000
7,1,45,1.4063497e+23,0.000000
9,7,41,1.4061126e+23,0.000000
7,1,47,1.4040221e+23,0.000000
8,-4,-4,1.4036922e+23,0.000000
7,1,43,1.4028431e+23,0.000000
8,8,49,1.402379e+23,0.000000
8,1,35,1.3995034e+23,0.000000
2,2,-39,1.3985067e+23,0.000000
10,5,8,1.3911565e+23,0.000000
9,4,29,1.3815031e+23,0.000000
8,5,37,1.369624e+23,0.000000
7,1,44,1.3677722e+23,0.000000
9,6,35,1.3600756e+23,0.000000
8,8,53,1.3526955e+23,0.000000
7,-4,-22,1.3408244e+23,0.000000
6,3,-20,1.3394979e+23,0.000000
7,1,48,1.338251e+23,0.000000
9,1,34,1.3254096e+23,0.000000
8,2,-24,1.3157718e+23,0.000000
10,8,36,1.3111072e+23,0.000000
7,-2,41,1.3095329e+23,0.000000
7,0,-48,1.3093063e+23,0.000000
7,0,48,1.3093063e+23,0.000000
8,4,39,1.3081195e+23,0.000000
9,-3,53,1.3066541e+23,0.000000
10,9,31,1.3057046e+23,0.000000
5,4,-14,1.2985973e+23,0.000000
7,-2,-15,1.2961972e+23,0.000000
10,0,-14,1.287305e+23,0.000000
10,0,14,1.287305e+23,0.000000
10,0,-18,1.2825549e+23,0.000000
10,0,18,1.2825549e+23,0.000000
6,4,-17,1.2810922e+23,0.000000
8,1,-29,1.2781504e+23,0.000000
10,4,25,1.275805e+23,0.000000
10,-1,7,1.2705023e+23,0.000000
6,-3,-37,1.2668268e+23,0.000000
9,-1,-18,1.2667823e+23,0.000000
8,7,-3,1.2650923e+23,0.000000
8,0,-38,1.262143e+23,0.000000
8,0,38,1.262143e+23,0.000000
10,3,19,1.2620092e+23,0.000000
9,2,34,1.2605261e+23,0.000000
9,7,44,1.2555708e+23,0.000000
10,-4,45,1.250655e+23,0.000000
8,8,55,1.2488285e+23,0.000000
8,4,40,1.2470742e+23,0.000000
10,1,2,1.2443065e+23,0.000000
7,1,49,1.2411867e+23,0.000000
7,4,-4,1.2323653e+23,0.000000
10,-2,25,1.226566e+23,0.000000
10,5,9,1.2206389e+23,0.000000
5,-4,-32,1.213433e+23,0.000000
8,-3,-6,1.2117943e+23,0.000000
8,4,41,1.2111412e+23,0.000000
5,-5,-26,1.2096009e+23,0.000000
4,2,-38,1.2030457e+23,0.000000
5,-4,-5,1.2019834e+23,0.000000
9,9,32,1.1950779e+23,0.000000
3,2,-39,1.1917734e+23,0.000000
7,-3,-31,1.1909023e+23,0.000000
10,6,17,1.1872274e+23,0.000000
9,5,37,1.1858178e+23,0.000000
9,3,30,1.1795696e+23,0.000000
8,6,52,1.1735092e+23,0.000000
9,7,42,1.1637496e+23,0.000000
4,3,-28,1.162658e+23,0.000000
8,4,42,1.1611323e+23,0.000000
8,-4,-11,1.1576384e+23,0.000000
4,-4,-40,1.1571697e+23,0.000000
9,0,-23,1.153143e+23,0.000000
9,0,23,1.153143e+23,0.000000
8,-2,-24,1.1494253e+23,0.000000
8,8,54,1.1489784e+23,0.000000
4,1,-49,1.1436548e+23,0.000000
5,1,-48,1.1428497e+23,0.000000
9,8,30,1.1344047e+23,0.000000
8,-4,-10,1.1315476e+23,0.000000
10,0,-11,1.1274157e+23,0.000000
10,0,11,1.1274157e+23,0.000000
7,1,50,1.1252863e+23,0.000000
8,-4,-19,1.1178247e+23,0.000000
8,3,47,1.1164372e+23,0.000000
7,-1,-43,1.1129679e+23,0.000000
9,8,38,1.1099517e+23,0.000000
3,3,-32,1.1094044e+23,0.000000
6,-4,-33,1.1061457e+23,0.000000
6,-2,-34,1.1032633e+23,0.000000
5,3,-29,1.1020161e+23,0.000000
7,-4,-6,1.0953483e+23,0.000000
9,-2,40,1.0953077e+23,0.000000
5,-2,-48,1.0919963e+23,0.000000
10,4,26,1.0889925e+23,0.000000
6,-6,-17,1.0874684e+23,0.000000
8,4,43,1.0867172e+23,0.000000
10,2,22,1.0834378e+23,0.000000
4,4,-21,1.0785495e+23,0.000000
8,2,46,1.0764086e+23,0.000000
10,0,-19,1.0663224e+23,0.000000
10,0,19,1.0663224e+23,0.000000
9,6,36,1.0649609e+23,0.000000
9,1,-19,1.0630639e+23,0.000000
10,5,10,1.0628876e+23,0.000000
7,1,-40,1.0599658e+23,0.000000
8,-2,49,1.0350747e+23,0.000000
2,2,-40,1.0300311e+23,0.000000
6,-5,-14,1.0260795e+23,0.000000
8,0,-39,1.0236121e+23,0.000000
8,0,39,1.0236121e+23,0.000000
10,0,-13,1.0229016e+23,0.000000
10,0,13,1.0229016e+23,0.000000
10,-3,27,1.0165174e+23,0.000000
9,-1,35,1.0161611e+23,0.000000
10,-1,8,1.0111476e+23,0.000000
8,-1,-31,1.0110074e+23,0.000000
9,9,41,1.0087262e+23,0.000000
7,1,51,1.0011999e+23,0.000000
10,9,30,9.96244e+22,0.000000
7,5,54,9.9550017e+22,0.000000
4,-3,-49,9.9499159e+22,0.000000
9,9,39,9.9494819e+22,0.000000
9,9,48,9.9420856e+22,0.000000
8,4,44,9.9093877e+22,0.000000
5,2,-29,9.8950123e+22,0.000000
10,-4,46,9.8874553e+22,0.000000
9,7,43,9.8378426e+22,0.000000
9,-3,54,9.8168906e+22,0.000000
7,3,-17,9.7987767e+22,0.000000
6,1,-42,9.6967019e+22,0.000000
10,5,2,9.6426471e+22,0.000000
10,6,18,9.6055895e+22,0.000000
10,1,4,9.5922944e+22,0.000000
10,3,20,9.4977879e+22,0.000000
5,-3,-47,9.4729529e+22,0.000000
10,1,11,9.3695117e+22,0.000000
4,1,-50,9.3149337e+22,0.000000
9,2,35,9.2733166e+22,0.000000
9,8,29,9.2215791e+22,0.000000
6,3,-21,9.1693285e+22,0.000000
6,-5,-8,9.1322485e+22,0.000000
10,5,11,9.0549702e+22,0.000000
7,2,-25,9.0396827e+22,0.000000
6,-1,-46,9.0248067e+22,0.000000
10,4,27,9.0071751e+22,0.000000
8,6,53,8.9991392e+22,0.000000
7,0,-49,8.9961978e+22,0.000000
7,0,49,8.9961978e+22,0.000000
10,5,1,8.9912674e+22,0.000000
8,-1,38,8.9667293e+22,0.000000
4,2,-39,8.835383e+22,0.000000
8,1,-30,8.8286222e+22,0.000000
8,4,45,8.8184355e+22,0.000000
7,1,52,8.7693371e+22,0.000000
7,-2,-16,8.6505255e+22,0.000000
10,0,-12,8.6495194e+22,0.000000
10,0,12,8.6495194e+22,0.000000
8,-3,-14,8.609993e+22,0.000000
10,-1,4,8.5532521e+22,0.000000
9,1,35,8.4947807e+22,0.000000
7,-3,-32,8.4786262e+22,0.000000
9,5,38,8.4747272e+22,0.000000
10,0,-20,8.431096e+22,0.000000
10,0,20,8.431096e+22,0.000000
10,-4,47,8.4047425e+22,0.000000
7,-4,-23,8.3866441e+22,0.000000
10,9,43,8.3091154e+22,0.000000
5,2,-30,8.2603328e+22,0.000000
9,6,37,8.2467336e+22,0.000000
5,1,-49,8.2392307e+22,0.000000
9,8,31,8.2308781e+22,0.000000
8,0,-40,8.140281e+22,0.000000
8,0,40,8.140281e+22,0.000000
6,-3,-38,8.1241153e+22,0.000000
7,2,48,8.106552e+22,0.000000
7,-5,-18,8.1038796e+22,0.000000
9,4,30,8.097095e+22,0.000000
8,3,48,8.0592549e+22,0.000000
10,-7,-5,8.0482011e+22,0.000000
8,2,-25,8.0327191e+22,0.000000
8,-4,-20,7.9343233e+22,0.000000
10,-10,-5,7.9235667e+22,0.000000
7,-2,42,7.8628448e+22,0.000000
4,1,-51,7.8352565e+22,0.000000
2,2,-41,7.8285335e+22,0.000000
8,5,38,7.8030503e+22,0.000000
3,2,-40,7.7241532e+22,0.000000
9,9,40,7.7160065e+22,0.000000
8,4,46,7.6800927e+22,0.000000
10,5,-2,7.6357698e+22,0.000000
9,-1,-3,7.6256804e+22,0.000000
9,-3,-11,7.6040499e+22,0.000000
7,1,53,7.5790417e+22,0.000000
9,9,36,7.559994e+22,0.000000
10,5,12,7.5262234e+22,0.000000
10,10,27,7.5010079e+22,0.000000
5,-2,-49,7.4965944e+22,0.000000
10,6,19,7.4830018e+22,0.000000
5,2,-31,7.4728118e+22,0.000000
10,9,42,7.4710976e+22,0.000000
10,-1,9,7.4679588e+22,0.000000
8,1,36,7.4616921e+22,0.000000
5,-5,-27,7.4504138e+22,0.000000
9,8,45,7.4431863e+22,0.000000
10,9,38,7.4305758e+22,0.000000
10,-4,48,7.4255675e+22,0.000000
4,-4,-41,7.417183e+22,0.000000
9,-2,41,7.4147354e+22,0.000000
9,-3,55,7.3874668e+22,0.000000
5,4,-15,7.3211835e+22,0.000000
5,5,-8,7.3018602e+22,0.000000
9,7,-5,7.2607508e+22,0.000000
10,4,28,7.2383034e+22,0.000000
6,4,-18,7.2078346e+22,0.000000
10,-2,26,7.1977126e+22,0.000000
8,-2,-25,7.1555265e+22,0.000000
9,-3,-12,7.1289074e+22,0.000000
8,2,47,7.1284143e+22,0.000000
7,-2,-4,7.0604718e+22,0.000000
9,3,31,6.9539096e+22,0.000000
7,5,55,6.9516464e+22,0.000000
8,-1,-32,6.927466e+22,0.000000
9,7,45,6.8821358e+22,0.000000
10,3,21,6.8625567e+22,0.000000
10,-10,-6,6.8561083e+22,0.000000
6,-5,-15,6.8221494e+22,0.000000
8,6,54,6.7796812e+22,0.000000
9,2,36,6.7360407e+22,0.000000
9,-3,-10,6.7268299e+22,0.000000
10,10,30,6.6899832e+22,0.000000
7,-1,-44,6.6754749e+22,0.000000
5,2,-32,6.675168e+22,0.000000
8,-1,39,6.6458343e+22,0.000000
10,-4,49,6.6380822e+22,0.000000
4,3,-29,6.6358758e+22,0.000000
4,1,-52,6.6066056e+22,0.000000
8,-2,50,6.5956007e+22,0.000000
8,4,47,6.5655341e+22,0.000000
6,2,-32,6.5549165e+22,0.000000
5,3,-30,6.5168343e+22,0.000000
5,-4,-33,6.4966993e+22,0.000000
7,1,-41,6.4821243e+22,0.000000
7,1,54,6.4746254e+22,0.000000
9,8,32,6.4661201e+22,0.000000
5,1,-50,6.391009e+22,0.000000
10,0,-21,6.3844476e+22,0.000000
10,0,21,6.3844476e+22,0.000000
8,0,-41,6.3737831e+22,0.000000
8,0,41,6.3737831e+22,0.000000
9,-1,36,6.3634051e+22,0.000000
9,7,46,6.3440531e+22,0.000000
4,2,-40,6.3232127e+22,0.000000
9,6,38,6.3160374e+22,0.000000
6,3,-22,6.1833633e+22,0.000000
7,0,-50,6.1521634e+22,0.000000
7,0,50,6.1521634e+22,0.000000
10,5,13,6.1466246e+22,0.000000
2,2,-42,6.1391092e+22,0.000000
9,0,-24,6.1287778e+22,0.000000
9,0,24,6.1287778e+22,0.000000
6,-4,-34,6.1174854e+22,0.000000
4,-3,-50,6.087047e+22,0.000000
10,10,28,6.044911e+22,0.000000
8,1,-31,6.0367737e+22,0.000000
3,3,-33,5.9966399e+22,0.000000
10,-2,30,5.9803954e+22,0.000000
9,5,39,5.9669263e+22,0.000000
7,-3,-33,5.958342e+22,0.000000
6,-6,-18,5.9430984e+22,0.000000
5,-3,-48,5.9222641e+22,0.000000
9,-3,-13,5.9156322e+22,0.000000
10,-4,50,5.9086841e+22,0.000000
10,-2,29,5.8612226e+22,0.000000
10,-2,31,5.8190861e+22,0.000000
8,3,49,5.8016139e+22,0.000000
10,1,12,5.7681531e+22,0.000000
10,-3,28,5.757026e+22,0.000000
5,2,-33,5.7405902e+22,0.000000
8,7,-5,5.7180231e+22,0.000000
10,-2,27,5.6796601e+22,0.000000
10,2,23,5.6757452e+22,0.000000
10,4,29,5.6637396e+22,0.000000
9,8,34,5.6349651e+22,0.000000
8,-1,40,5.6197825e+22,0.000000
7,-2,-17,5.6180129e+22,0.000000
10,6,20,5.6075529e+22,0.000000
9,8,35,5.6006679e+22,0.000000
10,-2,28,5.5997588e+22,0.000000
9,-1,-19,5.5725225e+22,0.000000
8,4,48,5.5251403e+22,0.000000
10,-9,-5,5.5161669e+22,0.000000
8,-4,-21,5.5009691e+22,0.000000
4,1,-53,5.4960057e+22,0.000000
7,1,55,5.4737734e+22,0.000000
10,-2,32,5.3967833e+22,0.000000
9,6,-4,5.3823911e+22,0.000000
9,1,36,5.3734481e+22,0.000000
6,1,-43,5.345354e+22,0.000000
9,9,46,5.3235311e+22,0.000000
6,-6,-7,5.3197598e+22,0.000000
4,4,-22,5.260005e+22,0.000000
9,3,32,5.2211389e+22,0.000000
7,-4,-24,5.2078443e+22,0.000000
6,-3,-39,5.1970501e+22,0.000000
10,-4,51,5.1968279e+22,0.000000
5,1,-51,5.192206e+22,0.000000
5,5,-9,5.1648553e+22,0.000000
8,6,55,5.1432414e+22,0.000000
9,3,35,5.1411129e+22,0.000000
10,-1,10,5.1337108e+22,0.000000
4,-4,-42,5.1183935e+22,0.000000
9,9,44,5.1143321e+22,0.000000
5,-2,-50,5.1141309e+22,0.000000
9,3,36,5.1100156e+22,0.000000
10,3,1,5.1032306e+22,0.000000
8,-1,41,5.084674e+22,0.000000
9,5,-4,5.0242931e+22,0.000000
10,5,14,5.0117151e+22,0.000000
9,3,34,5.0069185e+22,0.000000
9,-2,42,4.978798e+22,0.000000
3,2,-41,4.9779094e+22,0.000000
2,2,-43,4.949838e+22,0.000000
8,0,-42,4.924103e+22,0.000000
8,0,42,4.924103e+22,0.000000
10,-9,-4,4.9171559e+22,0.000000
9,3,37,4.8834652e+22,0.000000
9,3,33,4.8828385e+22,0.000000
8,2,-26,4.8367497e+22,0.000000
9,2,37,4.8350724e+22,0.000000
7,2,-26,4.8131222e+22,0.000000
10,-2,33,4.8011605e+22,0.000000
9,6,39,4.7871517e+22,0.000000
9,8,44,4.7597733e+22,0.000000
10,3,22,4.7580377e+22,0.000000
5,2,-34,4.7495141e+22,0.000000
9,7,47,4.7412083e+22,0.000000
8,5,39,4.7384435e+22,0.000000
8,-1,-33,4.7067025e+22,0.000000
8,2,48,4.6903707e+22,0.000000
8,-1,42,4.6800187e+22,0.000000
7,-2,43,4.6688598e+22,0.000000
10,0,-22,4.655241e+22,0.000000
10,0,22,4.655241e+22,0.000000
9,8,48,4.6433514e+22,0.000000
9,4,31,4.6366949e+22,0.000000
7,2,49,4.6238434e+22,0.000000
6,-1,-47,4.6138929e+22,0.000000
5,-5,-28,4.5982077e+22,0.000000
8,4,49,4.5890736e+22,0.000000
10,9,37,4.5770498e+22,0.000000
8,-3,-15,4.5509105e+22,0.000000
6,-5,-16,4.5285162e+22,0.000000
10,-4,52,4.5038802e+22,0.000000
9,8,47,4.5000118e+22,0.000000
9,-3,-14,4.497893e+22,0.000000
9,3,38,4.4978816e+22,0.000000
4,1,-54,4.478134e+22,0.000000
5,5,-6,4.4483063e+22,0.000000
9,1,-20,4.4381018e+22,0.000000
4,2,-41,4.4359655e+22,0.000000
10,10,33,4.422463e+22,0.000000
8,-2,-26,4.3969221e+22,0.000000
9,8,52,4.3950923e+22,0.000000
10,4,30,4.3219887e+22,0.000000
5,1,-52,4.3075757e+22,0.000000
8,-1,43,4.2709047e+22,0.000000
9,-3,-9,4.2675228e+22,0.000000
8,1,37,4.2192363e+22,0.000000
10,-3,-1,4.2147836e+22,0.000000
7,0,-51,4.1843336e+22,0.000000
7,0,51,4.1843336e+22,0.000000
10,8,51,4.1819399e+22,0.000000
10,5,15,4.1723303e+22,0.000000
8,3,50,4.1674942e+22,0.000000
8,-2,51,4.1532096e+22,0.000000
7,-3,-34,4.1457147e+22,0.000000
9,5,40,4.1438447e+22,0.000000
10,-2,34,4.1203751e+22,0.000000
6,3,-23,4.115858e+22,0.000000
5,4,-16,4.1084669e+22,0.000000
8,1,-32,4.0905994e+22,0.000000
2,2,-44,4.0805748e+22,0.000000
7,-5,-19,4.0772995e+22,0.000000
9,7,48,4.0524395e+22,0.000000
10,6,21,4.041341e+22,0.000000
6,4,-19,4.03409e+22,0.000000
9,3,39,4.0110025e+22,0.000000
7,-1,-45,3.960339e+22,0.000000
9,-1,37,3.9354854e+22,0.000000
7,1,-42,3.9308743e+22,0.000000
4,-4,-43,3.8566322e+22,0.000000
5,3,-31,3.8481638e+22,0.000000
10,-4,53,3.8453369e+22,0.000000
8,-1,44,3.8279277e+22,0.000000
8,8,-6,3.8223896e+22,0.000000
9,8,42,3.8158097e+22,0.000000
10,9,35,3.8012064e+22,0.000000
5,2,-35,3.8008501e+22,0.000000
5,-3,-49,3.7990985e+22,0.000000
4,3,-30,3.7929473e+22,0.000000
7,3,-18,3.7774076e+22,0.000000
8,4,50,3.7711618e+22,0.000000
4,-3,-51,3.7696667e+22,0.000000
9,8,37,3.7679829e+22,0.000000
8,0,-43,3.7657696e+22,0.000000
8,0,43,3.7657696e+22,0.000000
8,-4,-22,3.7416747e+22,0.000000
10,-3,29,3.6685007e+22,0.000000
10,5,16,3.6263167e+22,0.000000
5,1,-53,3.5847476e+22,0.000000
9,6,40,3.5833502e+22,0.000000
10,9,28,3.5778059e+22,0.000000
4,1,-55,3.5636348e+22,0.000000
7,-2,-18,3.5613648e+22,0.000000
10,1,13,3.5562591e+22,0.000000
6,-2,-35,3.4865198e+22,0.000000
9,3,40,3.4791585e+22,0.000000
5,-2,-51,3.4718976e+22,0.000000
5,-4,-34,3.4502068e+22,0.000000
10,-2,35,3.4320699e+22,0.000000
9,2,38,3.4319742e+22,0.000000
2,2,-45,3.4184792e+22,0.000000
8,5,40,3.3977205e+22,0.000000
7,-5,-7,3.3751584e+22,0.000000
8,-1,45,3.3685242e+22,0.000000
6,-4,-35,3.3678003e+22,0.000000
9,1,37,3.355998e+22,0.000000
10,7,11,3.3313031e+22,0.000000
10,9,29,3.3305814e+22,0.000000
10,5,17,3.328578e+22,0.000000
10,7,12,3.3285023e+22,0.000000
9,-2,43,3.3181679e+22,0.000000
6,-3,-40,3.315794e+22,0.000000
10,-1,11,3.3136039e+22,0.000000
9,8,16,3.3011604e+22,0.000000
10,0,-23,3.2813562e+22,0.000000
10,0,23,3.2813562e+22,0.000000
9,8,17,3.266486e+22,0.000000
3,3,-34,3.2564805e+22,0.000000
9,8,15,3.2510754e+22,0.000000
6,-6,-19,3.2427201e+22,0.000000
10,-4,54,3.2377769e+22,0.000000
9,9,54,3.2328335e+22,0.000000
9,7,49,3.2232665e+22,0.000000
10,4,31,3.2203788e+22,0.000000
7,-4,-25,3.2132961e+22,0.000000
10,5,21,3.2132946e+22,0.000000
10,5,20,3.2113209e+22,0.000000
10,5,18,3.2093704e+22,0.000000
10,7,13,3.2012346e+22,0.000000
9,-3,-15,3.1984133e+22,0.000000
10,5,19,3.1928651e+22,0.000000
3,2,-42,3.1914428e+22,0.000000
8,5,45,3.1910992e+22,0.000000
9,8,18,3.1771778e+22,0.000000
8,-1,-34,3.173203e+22,0.000000
10,5,22,3.1663911e+22,0.000000
10,3,23,3.1616524e+22,0.000000
8,5,44,3.1605455e+22,0.000000
10,7,10,3.1427053e+22,0.000000
10,1,19,3.1420931e+22,0.000000
10,5,-1,3.1320518e+22,0.000000
10,10,40,3.1300629e+22,0.000000
8,5,46,3.1287536e+22,0.000000
4,-4,-44,3.1229637e+22,0.000000
9,0,-25,3.1035429e+22,0.000000
9,0,25,3.1035429e+22,0.000000
9,9,49,3.0917179e+22,0.000000
10,10,34,3.0883672e+22,0.000000
9,8,14,3.082727e+22,0.000000
8,4,51,3.0730417e+22,0.000000
10,1,20,3.0722821e+22,0.000000
4,2,-42,3.06724e+22,0.000000
8,2,49,3.0625575e+22,0.000000
9,8,19,3.0561638e+22,0.000000
10,5,23,3.0560318e+22,0.000000
8,5,43,3.0545493e+22,0.000000
10,1,18,3.0375676e+22,0.000000
9,9,45,3.0231316e+22,0.000000
6,-5,-17,3.0113466e+22,0.000000
10,7,14,3.0073089e+22,0.000000
10,1,3,3.0020615e+22,0.000000
8,3,51,2.9890047e+22,0.000000
8,5,47,2.980148e+22,0.000000
5,1,-54,2.9608129e+22,0.000000
5,2,-36,2.9595583e+22,0.000000
8,5,41,2.9586978e+22,0.000000
9,3,41,2.9476643e+22,0.000000
8,5,42,2.9381851e+22,0.000000
9,8,20,2.919303e+22,0.000000
10,10,32,2.9169722e+22,0.000000
8,-1,46,2.9016323e+22,0.000000
2,2,-46,2.894086e+22,0.000000
6,1,-44,2.8832972e+22,0.000000
10,5,24,2.8819244e+22,0.000000
8,2,-27,2.8757387e+22,0.000000
10,-3,30,2.8690454e+22,0.000000
10,8,33,2.8665567e+22,0.000000
7,-3,-35,2.8567966e+22,0.000000
10,1,21,2.8547352e+22,0.000000
10,10,37,2.8547227e+22,0.000000
8,0,-44,2.8532191e+22,0.000000
8,0,44,2.8532191e+22,0.000000
5,-5,-29,2.8426238e+22,0.000000
10,-3,34,2.8403998e+22,0.000000
9,5,41,2.8389359e+22,0.000000
10,-3,33,2.8337207e+22,0.000000
10,2,24,2.8320217e+22,0.000000
7,0,-52,2.827944e+22,0.000000
7,0,52,2.827944e+22,0.000000
10,6,22,2.8049424e+22,0.000000
10,7,15,2.787167e+22,0.000000
10,-2,36,2.7856018e+22,0.000000
10,1,17,2.7779584e+22,0.000000
9,8,21,2.777013e+22,0.000000
9,8,13,2.7698003e+22,0.000000
8,5,48,2.7673012e+22,0.000000
10,-3,32,2.754226e+22,0.000000
8,1,-33,2.7490653e+22,0.000000
10,-3,35,2.7488045e+22,0.000000
7,-2,44,2.7393858e+22,0.000000
10,7,9,2.7161547e+22,0.000000
6,3,-24,2.7091082e+22,0.000000
8,1,38,2.6999985e+22,0.000000
10,-3,31,2.6957191e+22,0.000000
10,-4,55,2.6939733e+22,0.000000
7,2,50,2.6905243e+22,0.000000
9,4,32,2.6880928e+22,0.000000
9,6,41,2.6824267e+22,0.000000
8,-2,-27,2.669411e+22,0.000000
4,-4,-45,2.6636491e+22,0.000000
10,-1,3,2.6629894e+22,0.000000
10,10,41,2.6605212e+22,0.000000
10,5,25,2.6536382e+22,0.000000
9,7,50,2.6393742e+22,0.000000
9,8,22,2.6359721e+22,0.000000
6,2,-33,2.6151061e+22,0.000000
9,-3,-6,2.6086201e+22,0.000000
8,-2,52,2.5761951e+22,0.000000
10,-3,36,2.5692837e+22,0.000000
4,4,-23,2.5681888e+22,0.000000
10,7,16,2.5658029e+22,0.000000
10,10,54,2.5600112e+22,0.000000
10,10,35,2.5516313e+22,0.000000
10,10,48,2.5413416e+22,0.000000
10,1,22,2.5365293e+22,0.000000
8,5,49,2.5177556e+22,0.000000
10,1,14,2.5116087e+22,0.000000
8,-4,-23,2.5055623e+22,0.000000
5,-3,-50,2.5042632e+22,0.000000
7,2,-27,2.5032763e+22,0.000000
9,8,23,2.5003686e+22,0.000000
8,4,52,2.4883836e+22,0.000000
2,2,-47,2.4649377e+22,0.000000
8,-1,47,2.4635162e+22,0.000000
10,1,16,2.457437e+22,0.000000
9,3,42,2.4476268e+22,0.000000
9,8,28,2.4200037e+22,0.000000
5,1,-55,2.4128026e+22,0.000000
9,2,39,2.4104915e+22,0.000000
6,-1,-48,2.4081731e+22,0.000000
9,-1,38,2.4029957e+22,0.000000
9,7,51,2.3972117e+22,0.000000
10,10,49,2.3887621e+22,0.000000
10,5,26,2.3863036e+22,0.000000
9,8,24,2.3726934e+22,0.000000
10,10,39,2.3723474e+22,0.000000
4,-3,-52,2.3696498e+22,0.000000
7,1,-43,2.3628416e+22,0.000000
10,7,17,2.3572157e+22,0.000000
4,-4,-46,2.3557036e+22,0.000000
9,8,43,2.3521034e+22,0.000000
5,-2,-52,2.3519632e+22,0.000000
10,4,32,2.3448117e+22,0.000000
5,5,-10,2.3273284e+22,0.000000
10,-3,37,2.3268406e+22,0.000000
7,-1,-46,2.3218266e+22,0.000000
9,8,12,2.3114101e+22,0.000000
9,-1,-20,2.3094249e+22,0.000000
5,4,-17,2.2939605e+22,0.000000
5,3,-32,2.2697365e+22,0.000000
10,1,15,2.2693429e+22,0.000000
9,8,25,2.2542858e+22,0.000000
5,2,-37,2.2537154e+22,0.000000
6,4,-20,2.2456865e+22,0.000000
10,0,-24,2.2428441e+22,0.000000
10,0,24,2.2428441e+22,0.000000
8,5,50,2.2353623e+22,0.000000
8,-3,-16,2.2309748e+22,0.000000
9,7,54,2.2258809e+22,0.000000
10,-2,37,2.2123961e+22,0.000000
7,-2,-19,2.2087919e+22,0.000000
9,-2,44,2.1964591e+22,0.000000
9,9,50,2.1808115e+22,0.000000
4,3,-31,2.171383e+22,0.000000
10,7,18,2.168239e+22,0.000000
10,1,23,2.167408e+22,0.000000
8,3,-8,2.1618715e+22,0.000000
9,-3,-16,2.1547497e+22,0.000000
9,8,50,2.1493145e+22,0.000000
8,0,-45,2.1469914e+22,0.000000
8,0,45,2.1469914e+22,0.000000
9,8,26,2.1459901e+22,0.000000
8,3,52,2.1414898e+22,0.000000
4,-4,-47,2.129377e+22,0.000000
8,-1,-35,2.12384e+22,0.000000
6,-3,-41,2.1093656e+22,0.000000
2,2,-48,2.1051202e+22,0.000000
4,2,-43,2.1021057e+22,0.000000
10,5,27,2.0970001e+22,0.000000
10,7,8,2.0805096e+22,0.000000
9,1,38,2.0688576e+22,0.000000
9,9,51,2.0641082e+22,0.000000
8,-1,48,2.0640183e+22,0.000000
10,-1,12,2.0633367e+22,0.000000
7,-2,-5,2.0603419e+22,0.000000
8,3,-7,2.0567683e+22,0.000000
6,-6,-8,2.0512117e+22,0.000000
9,8,27,2.0507135e+22,0.000000
10,-3,38,2.0494846e+22,0.000000
10,8,41,2.0390691e+22,0.000000
3,2,-43,2.0368961e+22,0.000000
8,1,39,2.0271803e+22,0.000000
9,1,-21,2.0235037e+22,0.000000
10,3,24,2.0102787e+22,0.000000
7,-5,-20,2.0095311e+22,0.000000
6,-5,-18,2.007926e+22,0.000000
8,4,53,2.0062479e+22,0.000000
10,7,19,2.0011581e+22,0.000000
9,3,43,1.9980687e+22,0.000000
8,2,50,1.9808541e+22,0.000000
7,-4,-26,1.9713709e+22,0.000000
10,8,14,1.9705021e+22,0.000000
8,5,51,1.9554271e+22,0.000000
7,-3,-36,1.9544413e+22,0.000000
10,8,13,1.9490385e+22,0.000000
4,-4,-48,1.9489287e+22,0.000000
9,6,42,1.9429582e+22,0.000000
8,-5,-5,1.9371803e+22,0.000000
9,8,46,1.9353273e+22,0.000000
10,8,15,1.9305318e+22,0.000000
10,3,-1,1.9293643e+22,0.000000
10,9,32,1.9289511e+22,0.000000
9,5,42,1.9199497e+22,0.000000
7,0,-53,1.8972128e+22,0.000000
7,0,53,1.8972128e+22,0.000000
9,9,53,1.8905149e+22,0.000000
10,6,23,1.8846052e+22,0.000000
9,8,53,1.8730855e+22,0.000000
10,7,20,1.8554111e+22,0.000000
10,8,16,1.8525009e+22,0.000000
6,-4,-36,1.8443065e+22,0.000000
9,8,55,1.8409966e+22,0.000000
10,8,12,1.8409547e+22,0.000000
9,9,52,1.8361423e+22,0.000000
8,1,-34,1.8336846e+22,0.000000
5,-4,-35,1.8143279e+22,0.000000
10,5,28,1.8021007e+22,0.000000
2,2,-49,1.7985995e+22,0.000000
10,10,47,1.7960297e+22,0.000000
4,-4,-49,1.7952174e+22,0.000000
8,3,-9,1.7946411e+22,0.000000
10,1,24,1.7894509e+22,0.000000
3,3,-35,1.7768217e+22,0.000000
6,-6,-20,1.7699142e+22,0.000000
6,3,-25,1.7661848e+22,0.000000
10,-3,39,1.7617265e+22,0.000000
5,-5,-30,1.7594359e+22,0.000000
10,8,17,1.7539445e+22,0.000000
9,8,11,1.7531264e+22,0.000000
8,1,40,1.7324961e+22,0.000000
9,7,52,1.7306291e+22,0.000000
10,7,21,1.7287437e+22,0.000000
10,-2,38,1.7237727e+22,0.000000
8,-1,49,1.7109131e+22,0.000000
5,-3,-51,1.709971e+22,0.000000
10,10,42,1.7082216e+22,0.000000
8,5,52,1.7064682e+22,0.000000
9,4,33,1.6999844e+22,0.000000
10,9,48,1.6940698e+22,0.000000
8,2,-28,1.6888892e+22,0.000000
5,2,-38,1.6852287e+22,0.000000
10,9,41,1.6829577e+22,0.000000
9,2,40,1.6763362e+22,0.000000
10,4,33,1.6691877e+22,0.000000
4,-4,-50,1.6579737e+22,0.000000
8,-4,-24,1.6558817e+22,0.000000
7,2,51,1.6557191e+22,0.000000
10,8,30,1.6503176e+22,0.000000
10,9,39,1.6467432e+22,0.000000
10,8,18,1.6465684e+22,0.000000
10,10,38,1.6329843e+22,0.000000
10,8,11,1.6304091e+22,0.000000
7,2,-2,1.6202081e+22,0.000000
10,7,22,1.6180344e+22,0.000000
8,4,54,1.6134955e+22,0.000000
9,3,44,1.6074243e+22,0.000000
8,0,-46,1.6048147e+22,0.000000
8,0,46,1.6048147e+22,0.000000
8,-2,-28,1.6014428e+22,0.000000
5,-2,-53,1.5974766e+22,0.000000
7,-2,45,1.58686e+22,0.000000
8,1,41,1.5812146e+22,0.000000
9,8,49,1.579263e+22,0.000000
8,-2,53,1.5679082e+22,0.000000
10,-6,-5,1.5672069e+22,0.000000
9,8,54,1.5615798e+22,0.000000
9,1,0,1.5577819e+22,0.000000
10,8,19,1.5376811e+22,0.000000
2,2,-50,1.5350774e+22,0.000000
8,3,53,1.5331929e+22,0.000000
4,-4,-51,1.5323551e+22,0.000000
6,1,-45,1.5232584e+22,0.000000
10,7,23,1.5198878e+22,0.000000
4,-3,-53,1.5168542e+22,0.000000
9,0,-26,1.5158565e+22,0.000000
9,0,26,1.5158565e+22,0.000000
10,5,29,1.5155708e+22,0.000000
10,8,29,1.5098391e+22,0.000000
7,1,-45,1.5061089e+22,0.000000
10,0,-25,1.4894159e+22,0.000000
10,0,25,1.4894159e+22,0.000000
10,-3,40,1.482418e+22,0.000000
8,1,42,1.4665555e+22,0.000000
9,-1,39,1.448613e+22,0.000000
9,-2,45,1.4452427e+22,0.000000
7,3,-19,1.4393898e+22,0.000000
4,2,-44,1.4378084e+22,0.000000
8,5,53,1.4335452e+22,0.000000
10,1,25,1.4330536e+22,0.000000
10,8,20,1.431675e+22,0.000000
10,7,24,1.4310384e+22,0.000000
10,2,25,1.4268074e+22,0.000000
9,7,53,1.4260658e+22,0.000000
4,-4,-52,1.4152466e+22,0.000000
8,-1,-36,1.4118633e+22,0.000000
8,-1,50,1.4063926e+22,0.000000
9,6,43,1.4063801e+22,0.000000
7,1,-44,1.4052157e+22,0.000000
10,10,50,1.3945548e+22,0.000000
10,7,7,1.3942261e+22,0.000000
9,-3,-17,1.387001e+22,0.000000
6,-1,-49,1.3864164e+22,0.000000
9,1,-25,1.3735194e+22,0.000000
10,6,-4,1.3676182e+22,0.000000
10,7,25,1.3486001e+22,0.000000
7,-1,-47,1.3481946e+22,0.000000
8,1,43,1.3479887e+22,0.000000
9,1,-24,1.3457581e+22,0.000000
7,-2,-20,1.3426104e+22,0.000000
6,-5,-19,1.3421713e+22,0.000000
6,-3,-42,1.3377179e+22,0.000000
5,3,-33,1.337461e+22,0.000000
9,4,39,1.3351916e+22,0.000000
10,8,21,1.3311103e+22,0.000000
10,8,10,1.3296313e+22,0.000000
7,-3,-37,1.3271244e+22,0.000000
9,1,-22,1.3266965e+22,0.000000
10,-1,13,1.3260529e+22,0.000000
9,-1,0,1.3246625e+22,0.000000
10,-2,39,1.3215346e+22,0.000000
9,4,38,1.3198742e+22,0.000000
9,4,40,1.3129525e+22,0.000000
9,1,-26,1.3105401e+22,0.000000
8,3,-10,1.3078876e+22,0.000000
2,2,-51,1.3076204e+22,0.000000
4,-4,-53,1.3057343e+22,0.000000
10,8,31,1.3036181e+22,0.000000
8,4,55,1.2966641e+22,0.000000
3,2,-44,1.2956495e+22,0.000000
9,5,43,1.2830384e+22,0.000000
9,4,34,1.2822686e+22,0.000000
9,1,-45,1.2778033e+22,0.000000
9,3,45,1.277384e+22,0.000000
10,9,40,1.2765266e+22,0.000000
5,4,-18,1.2738112e+22,0.000000
10,7,26,1.2701956e+22,0.000000
7,2,-28,1.2682007e+22,0.000000
9,1,-23,1.2675088e+22,0.000000
9,4,37,1.2670362e+22,0.000000
8,2,51,1.2660156e+22,0.000000
7,0,-54,1.2620882e+22,0.000000
7,0,54,1.2620882e+22,0.000000
9,1,39,1.2589073e+22,0.000000
4,4,-24,1.2550673e+22,0.000000
9,-3,-8,1.2507222e+22,0.000000
10,5,30,1.2481144e+22,0.000000
9,4,41,1.2476553e+22,0.000000
4,3,-32,1.245071e+22,0.000000
6,4,-21,1.2434664e+22,0.000000
10,6,24,1.2428111e+22,0.000000
5,2,-39,1.2412867e+22,0.000000
10,8,22,1.2374025e+22,0.000000
10,9,36,1.2312066e+22,0.000000
10,-3,41,1.2241684e+22,0.000000
10,3,25,1.222197e+22,0.000000
10,-10,-7,1.2212241e+22,0.000000
8,1,44,1.2165859e+22,0.000000
8,1,-35,1.2145518e+22,0.000000
9,7,55,1.2140568e+22,0.000000
10,10,53,1.2102274e+22,0.000000
5,-3,-52,1.2079546e+22,0.000000
8,5,54,1.2060487e+22,0.000000
7,-4,-27,1.203076e+22,0.000000
4,-4,-54,1.2019978e+22,0.000000
10,8,38,1.1999583e+22,0.000000
9,4,36,1.1998384e+22,0.000000
9,8,10,1.1963612e+22,0.000000
10,7,27,1.1940038e+22,0.000000
8,0,-47,1.1936141e+22,0.000000
8,0,47,1.1936141e+22,0.000000
10,10,46,1.1883918e+22,0.000000
9,1,-27,1.1765891e+22,0.000000
9,4,35,1.1716591e+22,0.000000
10,4,34,1.1618787e+22,0.000000
9,2,41,1.1549791e+22,0.000000
10,8,23,1.1512398e+22,0.000000
9,4,42,1.1497071e+22,0.000000
8,-1,51,1.1487625e+22,0.000000
8,4,-7,1.1480472e+22,0.000000
6,3,-26,1.1421569e+22,0.000000
7,2,52,1.130951e+22,0.000000
10,10,43,1.1302871e+22,0.000000
10,7,28,1.1187532e+22,0.000000
10,1,26,1.1166239e+22,0.000000
2,2,-52,1.11115e+22,0.000000
4,-4,-55,1.1049697e+22,0.000000
10,8,32,1.0990748e+22,0.000000
8,3,54,1.0971415e+22,0.000000
5,-2,-54,1.096326e+22,0.000000
6,-3,-4,1.0954768e+22,0.000000
9,6,44,1.0905734e+22,0.000000
5,-5,-31,1.0902495e+22,0.000000
8,-4,-25,1.0825374e+22,0.000000
8,1,45,1.0762813e+22,0.000000
10,8,24,1.0728395e+22,0.000000
10,-1,19,1.0685544e+22,0.000000
10,-1,18,1.0626267e+22,0.000000
8,3,-6,1.0565506e+22,0.000000
10,7,29,1.0437001e+22,0.000000
9,4,43,1.0382058e+22,0.000000
9,-1,-21,1.0333974e+22,0.000000
8,-3,-17,1.0254992e+22,0.000000
10,-1,20,1.021964e+22,0.000000
10,-9,-6,1.011485e+22,0.000000
9,4,-3,1.0109862e+22,0.000000
10,-1,17,1.0081075e+22,0.000000
10,5,31,1.0069636e+22,0.000000
8,5,55,1.0048554e+22,0.000000
9,3,46,1.00464e+22,0.000000
9,1,-28,1.0040773e+22,0.000000
6,-4,-37,1.0037464e+22,0.000000
10,8,25,1.0021144e+22,0.000000
10,7,4,1.0004135e+22,0.000000
10,-2,40,9.987248e+21,0.000000
10,8,9,9.9705413e+21,0.000000
10,-3,42,9.9426739e+21,0.000000
4,-3,-54,9.9278888e+21,0.000000
4,2,-45,9.8981828e+21,0.000000
9,3,-10,9.8884067e+21,0.000000
10,-1,14,9.8166423e+21,0.000000
8,2,-29,9.8043448e+21,0.000000
9,3,-11,9.7804196e+21,0.000000
10,7,30,9.7696272e+21,0.000000
3,3,-36,9.7422672e+21,0.000000
5,5,-11,9.7229487e+21,0.000000
6,-1,-50,9.6968703e+21,0.000000
7,-5,-21,9.6883296e+21,0.000000
6,-6,-21,9.6759576e+21,0.000000
10,0,-26,9.6256519e+21,0.000000
10,0,26,9.6256519e+21,0.000000
10,8,34,9.505876e+21,0.000000
8,-2,-29,9.4988104e+21,0.000000
9,-2,-14,9.4767515e+21,0.000000
9,-2,46,9.4609379e+21,0.000000
6,2,-34,9.428481e+21,0.000000
5,-4,-36,9.427725e+21,0.000000
2,2,-53,9.417014e+21,0.000000
10,8,26,9.3880246e+21,0.000000
8,1,46,9.3466912e+21,0.000000
8,-1,52,9.3398269e+21,0.000000
10,-1,21,9.3254e+21,0.000000
8,-1,-37,9.3240496e+21,0.000000
10,-1,16,9.3178633e+21,0.000000
8,-2,54,9.3169802e+21,0.000000
10,7,3,9.3124446e+21,0.000000
10,7,6,9.2122158e+21,0.000000
9,4,44,9.1808479e+21,0.000000
9,-2,-13,9.1486202e+21,0.000000
10,10,45,9.1293365e+21,0.000000
10,8,35,9.1195008e+21,0.000000
7,-2,46,9.0699231e+21,0.000000
6,-2,-36,9.0585075e+21,0.000000
5,2,-40,9.0277638e+21,0.000000
10,7,31,9.0039798e+21,0.000000
9,-2,-15,8.9950059e+21,0.000000
6,-5,-20,8.9869458e+21,0.000000
9,3,-6,8.9850935e+21,0.000000
7,-3,-38,8.9563527e+21,0.000000
10,9,46,8.9193236e+21,0.000000
10,-1,15,8.9177528e+21,0.000000
7,2,53,8.8741978e+21,0.000000
8,0,-48,8.8307856e+21,0.000000
8,0,48,8.8307856e+21,0.000000
10,8,27,8.827541e+21,0.000000
9,2,-6,8.8227139e+21,0.000000
10,10,44,8.8221846e+21,0.000000
10,8,28,8.7966373e+21,0.000000
5,-3,-53,8.7769488e+21,0.000000
8,3,-11,8.7242728e+21,0.000000
9,-1,40,8.6192286e+21,0.000000
9,-3,-18,8.5781989e+21,0.000000
10,9,44,8.5222229e+21,0.000000
10,1,27,8.4866744e+21,0.000000
9,5,44,8.4865901e+21,0.000000
6,-3,-43,8.4552772e+21,0.000000
6,-1,-54,8.4535438e+21,0.000000
10,7,5,8.4449692e+21,0.000000
10,2,26,8.4275404e+21,0.000000
6,-1,-51,8.3847193e+21,0.000000
6,-1,-53,8.3794422e+21,0.000000
9,3,-12,8.3598557e+21,0.000000
9,2,-5,8.3591274e+21,0.000000
9,2,-13,8.33962e+21,0.000000
10,0,-2,8.3177976e+21,0.000000
10,0,2,8.3177976e+21,0.000000
7,0,-55,8.3171746e+21,0.000000
7,0,55,8.3171746e+21,0.000000
6,-1,-55,8.3159787e+21,0.000000
10,6,25,8.2911002e+21,0.000000
9,1,-29,8.2327886e+21,0.000000
3,2,-45,8.2296088e+21,0.000000
6,-1,-52,8.2291839e+21,0.000000
10,7,32,8.2267334e+21,0.000000
9,2,-14,8.1656096e+21,0.000000
10,-1,22,8.1570699e+21,0.000000
7,-2,-21,8.0080018e+21,0.000000
8,1,-36,7.9922139e+21,0.000000
8,1,47,7.9874606e+21,0.000000
9,-2,-16,7.9749975e+21,0.000000
8,2,52,7.9704461e+21,0.000000
9,4,45,7.9688424e+21,0.000000
10,5,32,7.9612354e+21,0.000000
2,2,-54,7.9595186e+21,0.000000
10,-3,43,7.9570396e+21,0.000000
7,2,54,7.9237641e+21,0.000000
10,4,35,7.9081237e+21,0.000000
9,2,42,7.8890386e+21,0.000000
5,3,-34,7.8746753e+21,0.000000
9,-2,-12,7.8617889e+21,0.000000
8,3,55,7.8463855e+21,0.000000
9,3,47,7.8343239e+21,0.000000
6,1,-46,7.7944621e+21,0.000000
7,-1,-48,7.7943589e+21,0.000000
10,2,30,7.7777589e+21,0.000000
9,2,-12,7.7725832e+21,0.000000
10,2,31,7.7692508e+21,0.000000
9,8,9,7.7450051e+21,0.000000
9,3,-9,7.7141618e+21,0.000000
7,2,55,7.7023954e+21,0.000000
5,-2,-55,7.6898265e+21,0.000000
8,-1,53,7.5691305e+21,0.000000
9,1,40,7.559688e+21,0.000000
9,0,-27,7.5005765e+21,0.000000
9,0,27,7.5005765e+21,0.000000
6,-2,-41,7.4852993e+21,0.000000
10,7,33,7.472717e+21,0.000000
10,-2,41,7.45443e+21,0.000000
9,2,-15,7.4418629e+21,0.000000
10,2,29,7.4098865e+21,0.000000
10,2,32,7.3854968e+21,0.000000
10,8,5,7.3643765e+21,0.000000
6,3,-27,7.3360731e+21,0.000000
10,8,8,7.3349135e+21,0.000000
9,-1,-25,7.3306233e+21,0.000000
7,-4,-28,7.3063277e+21,0.000000
6,-2,-42,7.2385111e+21,0.000000
9,9,18,7.1672078e+21,0.000000
4,3,-33,7.1505281e+21,0.000000
10,2,-8,7.1492444e+21,0.000000
10,3,26,7.1308625e+21,0.000000
9,6,45,7.1168207e+21,0.000000
9,9,19,7.1142174e+21,0.000000
9,-1,-26,7.1101424e+21,0.000000
9,9,17,7.0552014e+21,0.000000
10,10,51,7.0455159e+21,0.000000
9,-1,-24,7.045118e+21,0.000000
10,-4,-3,7.0368222e+21,0.000000
5,4,-19,7.0321315e+21,0.000000
10,8,37,7.0298089e+21,0.000000
8,-4,-26,7.0094414e+21,0.000000
6,-2,-40,6.9961401e+21,0.000000
9,9,20,6.9488576e+21,0.000000
9,2,-1,6.9345895e+21,0.000000
4,2,-46,6.9323317e+21,0.000000
10,-1,23,6.8717415e+21,0.000000
10,2,28,6.8676998e+21,0.000000
10,-1,1,6.8676309e+21,0.000000
6,4,-22,6.850177e+21,0.000000
10,8,6,6.8194396e+21,0.000000
9,4,46,6.8054244e+21,0.000000
10,7,34,6.8011714e+21,0.000000
10,7,35,6.7862154e+21,0.000000
10,2,27,6.7684293e+21,0.000000
5,-5,-32,6.7589269e+21,0.000000
8,1,48,6.7352867e+21,0.000000
10,2,33,6.7266523e+21,0.000000
9,9,16,6.7212127e+21,0.000000
9,9,21,6.7132416e+21,0.000000
2,2,-55,6.7099866e+21,0.000000
9,-1,-22,6.6968548e+21,0.000000
9,-2,-17,6.6932266e+21,0.000000
4,-3,-55,6.6909631e+21,0.000000
10,8,45,6.6715685e+21,0.000000
5,-3,-54,6.6344045e+21,0.000000
9,1,-30,6.527809e+21,0.000000
6,-2,-43,6.5207267e+21,0.000000
8,0,-49,6.5044053e+21,0.000000
8,0,49,6.5044053e+21,0.000000
9,8,6,6.4972632e+21,0.000000
9,3,-13,6.4966537e+21,0.000000
5,2,-41,6.4948226e+21,0.000000
9,-1,-23,6.4911951e+21,0.000000
9,-1,-27,6.4770454e+21,0.000000
10,2,-9,6.4703413e+21,0.000000
9,9,22,6.4394915e+21,0.000000
9,2,-11,6.4271069e+21,0.000000
9,2,-16,6.3992672e+21,0.000000
10,8,4,6.3505593e+21,0.000000
10,1,-10,6.3122652e+21,0.000000
7,3,-20,6.310562e+21,0.000000
10,8,7,6.309762e+21,0.000000
10,1,28,6.3035184e+21,0.000000
7,4,-9,6.2865557e+21,0.000000
10,-3,44,6.2847782e+21,0.000000
10,-2,-9,6.2775879e+21,0.000000
7,2,-29,6.2346653e+21,0.000000
10,1,-9,6.2270881e+21,0.000000
10,5,33,6.1687687e+21,0.000000
9,-2,47,6.1678956e+21,0.000000
9,9,23,6.1534139e+21,0.000000
4,4,-25,6.1388456e+21,0.000000
8,-1,54,6.1211647e+21,0.000000
9,9,15,6.1207371e+21,0.000000
8,-1,-38,6.1185343e+21,0.000000
9,3,48,6.0677272e+21,0.000000
10,0,-27,6.0555935e+21,0.000000
10,0,27,6.0555935e+21,0.000000
6,-5,-21,6.0226569e+21,0.000000
7,-3,-39,6.0094022e+21,0.000000
9,8,7,5.9749684e+21,0.000000
10,-2,-8,5.9732868e+21,0.000000
10,2,34,5.9045226e+21,0.000000
10,6,26,5.8930133e+21,0.000000
9,9,24,5.8806605e+21,0.000000
9,8,8,5.837549e+21,0.000000
7,4,-10,5.7745581e+21,0.000000
9,-2,-11,5.7537242e+21,0.000000
9,9,26,5.7486974e+21,0.000000
9,4,47,5.7288912e+21,0.000000
9,8,5,5.6837953e+21,0.000000
10,1,-11,5.672312e+21,0.000000
9,9,25,5.6652661e+21,0.000000
9,-2,-1,5.6543965e+21,0.000000
8,2,-30,5.6221355e+21,0.000000
8,1,49,5.6184467e+21,0.000000
6,-2,-39,5.6069761e+21,0.000000
9,-2,-6,5.6052781e+21,0.000000
9,-1,-28,5.6022253e+21,0.000000
8,-8,-8,5.6019325e+21,0.000000
10,-1,24,5.5982995e+21,0.000000
10,7,0,5.5896892e+21,0.000000
6,-2,-44,5.5825944e+21,0.000000
9,5,45,5.5712846e+21,0.000000
8,-2,-30,5.5657326e+21,0.000000
10,-2,42,5.5050681e+21,0.000000
10,9,54,5.4853859e+21,0.000000
8,3,-12,5.4261003e+21,0.000000
10,8,42,5.4233058e+21,0.000000
6,-4,-38,5.4226156e+21,0.000000
7,4,-8,5.3837682e+21,0.000000
8,-2,55,5.3786734e+21,0.000000
10,7,36,5.3754014e+21,0.000000
3,3,-37,5.3693058e+21,0.000000
9,-2,-18,5.3690459e+21,0.000000
8,-4,-6,5.367923e+21,0.000000
10,8,44,5.3656218e+21,0.000000
9,2,43,5.345771e+21,0.000000
10,7,2,5.3304091e+21,0.000000
6,-3,-44,5.3261659e+21,0.000000
6,-6,-22,5.3029129e+21,0.000000
10,8,1,5.2900905e+21,0.000000
10,4,36,5.2620121e+21,0.000000
9,9,14,5.2502877e+21,0.000000
9,2,-17,5.2421028e+21,0.000000
3,2,-46,5.2363715e+21,0.000000
8,1,-37,5.2260496e+21,0.000000
10,1,-8,5.1934642e+21,0.000000
10,2,-7,5.1917853e+21,0.000000
10,9,49,5.1676672e+21,0.000000
7,-2,47,5.1165393e+21,0.000000
9,-3,-19,5.1151521e+21,0.000000
9,-1,41,5.0584624e+21,0.000000
9,1,-31,5.0431156e+21,0.000000
10,6,33,5.0389848e+21,0.000000
10,2,35,5.0262372e+21,0.000000
10,10,52,5.0255166e+21,0.000000
10,6,32,5.019403e+21,0.000000
9,6,46,5.0106791e+21,0.000000
4,2,-47,4.998155e+21,0.000000
10,-2,-10,4.9962087e+21,0.000000
10,9,45,4.9703557e+21,0.000000
8,4,-8,4.9479043e+21,0.000000
5,-3,-55,4.94499e+21,0.000000
8,-1,55,4.9438957e+21,0.000000
8,2,53,4.9236664e+21,0.000000
10,6,34,4.916062e+21,0.000000
9,2,-7,4.9143752e+21,0.000000
10,-3,45,4.9060677e+21,0.000000
10,6,31,4.8723384e+21,0.000000
5,-4,-37,4.8288785e+21,0.000000
7,1,-46,4.8059616e+21,0.000000
8,0,-50,4.7683905e+21,0.000000
8,0,50,4.7683905e+21,0.000000
9,4,48,4.7635712e+21,0.000000
10,6,27,4.721723e+21,0.000000
7,4,-11,4.7140328e+21,0.000000
9,3,-14,4.7118342e+21,0.000000
10,7,37,4.7111232e+21,0.000000
7,-2,-22,4.6901424e+21,0.000000
6,3,-28,4.685307e+21,0.000000
10,5,34,4.6840808e+21,0.000000
9,3,49,4.6747323e+21,0.000000
10,6,35,4.665797e+21,0.000000
8,-3,-18,4.6643522e+21,0.000000
9,-1,-29,4.6523424e+21,0.000000
8,1,50,4.6473555e+21,0.000000
10,2,-10,4.6398807e+21,0.000000
5,3,-35,4.6323822e+21,0.000000
10,1,-12,4.6319257e+21,0.000000
5,2,-42,4.6282114e+21,0.000000
10,6,30,4.6210516e+21,0.000000
10,5,-3,4.6165011e+21,0.000000
6,-2,-45,4.5945034e+21,0.000000
10,1,29,4.5826157e+21,0.000000
9,2,-10,4.5761427e+21,0.000000
7,-5,-22,4.5571498e+21,0.000000
10,8,3,4.555775e+21,0.000000
7,-1,-49,4.5398309e+21,0.000000
9,-9,-8,4.5227384e+21,0.000000
10,8,2,4.5101852e+21,0.000000
8,-4,-27,4.5036814e+21,0.000000
9,1,41,4.4772809e+21,0.000000
10,10,55,4.4465642e+21,0.000000
10,-1,25,4.4262364e+21,0.000000
7,-4,-29,4.4156803e+21,0.000000
10,6,29,4.388328e+21,0.000000
10,6,28,4.3366551e+21,0.000000
10,8,47,4.3206904e+21,0.000000
10,6,36,4.3170586e+21,0.000000
9,0,-28,4.2320535e+21,0.000000
9,0,28,4.2320535e+21,0.000000
5,-5,-33,4.192587e+21,0.000000
9,9,13,4.1805961e+21,0.000000
10,8,43,4.173066e+21,0.000000
10,2,36,4.1660091e+21,0.000000
9,-2,-19,4.1460995e+21,0.000000
10,8,48,4.1353989e+21,0.000000
5,5,-12,4.1280091e+21,0.000000
10,7,38,4.1205506e+21,0.000000
9,2,-18,4.1197528e+21,0.000000
4,3,-34,4.1127295e+21,0.000000
9,-3,-7,4.0941769e+21,0.000000
10,3,27,4.0614428e+21,0.000000
6,-5,-22,4.0363465e+21,0.000000
10,-2,43,4.0277074e+21,0.000000
9,-2,48,4.0088517e+21,0.000000
7,-3,-40,4.0051517e+21,0.000000
8,-1,-39,3.9891519e+21,0.000000
10,8,-2,3.9663748e+21,0.000000
6,1,-47,3.9444543e+21,0.000000
9,-2,-7,3.9299344e+21,0.000000
7,3,-21,3.9292232e+21,0.000000
10,1,1,3.921175e+21,0.000000
9,4,49,3.9125042e+21,0.000000
10,7,1,3.9109305e+21,0.000000
10,6,37,3.9023089e+21,0.000000
5,4,-20,3.8587998e+21,0.000000
8,1,51,3.8195895e+21,0.000000
9,1,-32,3.8066484e+21,0.000000
9,8,4,3.7922456e+21,0.000000
10,-3,46,3.7899997e+21,0.000000
6,4,-23,3.7557827e+21,0.000000
4,2,-48,3.7515235e+21,0.000000
10,7,39,3.7433871e+21,0.000000
9,-1,-30,3.7342483e+21,0.000000
10,0,-28,3.7113507e+21,0.000000
10,0,28,3.7113507e+21,0.000000
6,-2,-38,3.692204e+21,0.000000
8,4,-4,3.6755207e+21,0.000000
7,5,-8,3.6717924e+21,0.000000
6,-2,-46,3.6645778e+21,0.000000
9,5,46,3.6453828e+21,0.000000
10,9,50,3.6068993e+21,0.000000
10,8,-4,3.597913e+21,0.000000
9,2,44,3.5964285e+21,0.000000
7,4,-12,3.5914803e+21,0.000000
9,3,50,3.588212e+21,0.000000
10,8,0,3.5499325e+21,0.000000
8,-3,-5,3.5254523e+21,0.000000
10,5,35,3.4843591e+21,0.000000
10,1,-13,3.4830434e+21,0.000000
8,0,-51,3.4787843e+21,0.000000
8,0,51,3.4787843e+21,0.000000
10,7,40,3.4761556e+21,0.000000
10,6,38,3.4538809e+21,0.000000
9,6,47,3.4384665e+21,0.000000
10,-2,-7,3.4383293e+21,0.000000
10,4,37,3.4227702e+21,0.000000
10,9,51,3.4184204e+21,0.000000
9,8,2,3.4071625e+21,0.000000
10,-1,26,3.4060907e+21,0.000000
8,1,-38,3.3964461e+21,0.000000
9,-2,-10,3.396325e+21,0.000000
9,3,-8,3.3863056e+21,0.000000
10,2,37,3.3767138e+21,0.000000
3,2,-47,3.3544938e+21,0.000000
6,-3,-45,3.344004e+21,0.000000
9,-2,-5,3.3357112e+21,0.000000
7,3,-22,3.3096461e+21,0.000000
10,1,-7,3.3074543e+21,0.000000
5,2,-43,3.2698493e+21,0.000000
10,1,30,3.2643512e+21,0.000000
10,-2,-11,3.2552339e+21,0.000000
9,3,-15,3.2365136e+21,0.000000
8,-2,-31,3.2225042e+21,0.000000
8,2,-31,3.1858848e+21,0.000000
9,4,50,3.1831328e+21,0.000000
8,3,-13,3.1713799e+21,0.000000
10,8,52,3.1398894e+21,0.000000
10,9,53,3.1345808e+21,0.000000
10,8,-1,3.1306827e+21,0.000000
8,1,52,3.1246515e+21,0.000000
9,2,-19,3.12301e+21,0.000000
9,0,-29,3.1001853e+21,0.000000
9,0,29,3.1001853e+21,0.000000
9,-2,-20,3.0992331e+21,0.000000
10,8,46,3.0871228e+21,0.000000
9,9,12,3.0749959e+21,0.000000
6,-2,-37,3.0616584e+21,0.000000
7,3,-23,3.0299912e+21,0.000000
10,9,52,3.0285057e+21,0.000000
4,4,-26,3.0054433e+21,0.000000
10,6,39,3.0053637e+21,0.000000
6,3,-29,2.9783569e+21,0.000000
3,3,-38,2.9759726e+21,0.000000
8,2,54,2.9706735e+21,0.000000
7,2,-30,2.960776e+21,0.000000
4,2,-49,2.952037e+21,0.000000
9,2,-9,2.9491191e+21,0.000000
9,-3,-20,2.9461895e+21,0.000000
9,-1,42,2.928753e+21,0.000000
10,-2,44,2.9240745e+21,0.000000
9,-1,-31,2.9192471e+21,0.000000
6,-6,-23,2.9149165e+21,0.000000
6,2,-35,2.9121098e+21,0.000000
9,0,-32,2.9095428e+21,0.000000
9,0,32,2.9095428e+21,0.000000
6,-4,-39,2.9069672e+21,0.000000
10,-3,47,2.9009099e+21,0.000000
9,8,3,2.8991386e+21,0.000000
9,0,-31,2.892053e+21,0.000000
9,0,31,2.892053e+21,0.000000
9,8,1,2.8896517e+21,0.000000
8,-4,-28,2.8716173e+21,0.000000
9,0,-30,2.8631089e+21,0.000000
9,0,30,2.8631089e+21,0.000000
7,-2,48,2.8565099e+21,0.000000
6,-2,-47,2.8473006e+21,0.000000
9,1,-33,2.8238155e+21,0.000000
9,0,-33,2.8231263e+21,0.000000
9,0,33,2.8231263e+21,0.000000
10,2,-11,2.8099787e+21,0.000000
7,1,-47,2.7667508e+21,0.000000
9,3,51,2.7477265e+21,0.000000
7,-1,-50,2.7331156e+21,0.000000
5,3,-36,2.7227274e+21,0.000000
9,2,-8,2.709591e+21,0.000000
7,5,-9,2.7046972e+21,0.000000
6,-5,-23,2.703641e+21,0.000000
7,-2,-23,2.6979274e+21,0.000000
7,3,-24,2.6964286e+21,0.000000
10,2,38,2.6828975e+21,0.000000
7,-3,-41,2.6593424e+21,0.000000
7,-4,-30,2.6562233e+21,0.000000
9,0,-34,2.6298634e+21,0.000000
9,0,34,2.6298634e+21,0.000000
10,7,41,2.6234359e+21,0.000000
9,1,42,2.6166695e+21,0.000000
7,4,-13,2.6141667e+21,0.000000
5,-5,-34,2.6011556e+21,0.000000
9,-2,49,2.6006895e+21,0.000000
8,-1,-40,2.5838104e+21,0.000000
9,4,51,2.5672692e+21,0.000000
10,-1,27,2.5571922e+21,0.000000
10,6,40,2.5561497e+21,0.000000
8,1,53,2.5479179e+21,0.000000
10,5,36,2.5378542e+21,0.000000
8,0,-52,2.5248316e+21,0.000000
8,0,52,2.5248316e+21,0.000000
10,7,-1,2.4782159e+21,0.000000
8,-3,-19,2.4546368e+21,0.000000
4,2,-50,2.436285e+21,0.000000
5,-4,-38,2.4310984e+21,0.000000
10,1,-14,2.4277097e+21,0.000000
9,2,45,2.4043235e+21,0.000000
9,5,47,2.3915305e+21,0.000000
10,3,28,2.3720296e+21,0.000000
4,3,-35,2.3687029e+21,0.000000
9,0,-35,2.3596945e+21,0.000000
9,0,35,2.3596945e+21,0.000000
9,6,48,2.3517164e+21,0.000000
7,4,-7,2.3350641e+21,0.000000
7,7,-7,2.3281996e+21,0.000000
10,8,50,2.3100244e+21,0.000000
9,2,-20,2.2933653e+21,0.000000
5,2,-44,2.2918943e+21,0.000000
10,1,31,2.280389e+21,0.000000
7,3,-25,2.2760572e+21,0.000000
9,-2,-21,2.2521973e+21,0.000000
10,6,41,2.2299588e+21,0.000000
9,-1,-32,2.2289443e+21,0.000000
10,0,-29,2.2126038e+21,0.000000
10,0,29,2.2126038e+21,0.000000
10,-3,48,2.2024931e+21,0.000000
10,7,42,2.1991166e+21,0.000000
10,8,49,2.1945584e+21,0.000000
8,1,-39,2.1937019e+21,0.000000
3,2,-48,2.17971e+21,0.000000
10,4,38,2.1771584e+21,0.000000
9,9,11,2.16342e+21,0.000000
6,-2,-48,2.1630445e+21,0.000000
9,3,-16,2.1238318e+21,0.000000
10,-2,45,2.1082992e+21,0.000000
5,4,-21,2.10475e+21,0.000000
10,2,-5,2.1040958e+21,0.000000
9,3,52,2.1018856e+21,0.000000
4,2,-51,2.0962139e+21,0.000000
10,2,39,2.0962122e+21,0.000000
6,-3,-46,2.0936473e+21,0.000000
7,-5,-23,2.0840161e+21,0.000000
8,1,54,2.0733199e+21,0.000000
9,8,-1,2.0694406e+21,0.000000
9,1,-34,2.0591099e+21,0.000000
9,4,52,2.0550783e+21,0.000000
9,0,-36,2.050608e+21,0.000000
9,0,36,2.050608e+21,0.000000
10,7,-2,2.0504718e+21,0.000000
6,4,-24,2.0503974e+21,0.000000
9,-8,-7,2.0500746e+21,0.000000
6,1,-48,2.0342053e+21,0.000000
9,-2,-8,1.9428615e+21,0.000000
10,7,-3,1.9404015e+21,0.000000
6,3,-30,1.8859475e+21,0.000000
10,-1,28,1.8765853e+21,0.000000
4,2,-52,1.8613253e+21,0.000000
10,7,43,1.843349e+21,0.000000
7,4,-14,1.840717e+21,0.000000
8,-2,-32,1.8395926e+21,0.000000
7,3,-26,1.8283211e+21,0.000000
5,5,-13,1.8261915e+21,0.000000
8,0,-53,1.821848e+21,0.000000
8,0,53,1.821848e+21,0.000000
8,-4,-29,1.8210871e+21,0.000000
6,-5,-24,1.8090957e+21,0.000000
10,5,37,1.8085797e+21,0.000000
8,-3,-20,1.7981283e+21,0.000000
9,-2,-9,1.7855901e+21,0.000000
10,-2,-12,1.7823172e+21,0.000000
8,2,-32,1.7802809e+21,0.000000
9,9,7,1.7744656e+21,0.000000
10,6,42,1.7683581e+21,0.000000
7,-1,-51,1.7630915e+21,0.000000
8,-3,-22,1.7612068e+21,0.000000
7,-3,-42,1.7537933e+21,0.000000
7,6,-6,1.7516696e+21,0.000000
8,-3,-23,1.7494468e+21,0.000000
8,3,-14,1.7459366e+21,0.000000
8,2,55,1.7414635e+21,0.000000
9,9,8,1.7355291e+21,0.000000
9,0,-37,1.7341405e+21,0.000000
9,0,37,1.7341405e+21,0.000000
10,8,-5,1.7284957e+21,0.000000
8,-3,-21,1.7194563e+21,0.000000
10,7,44,1.7115026e+21,0.000000
4,2,-53,1.687716e+21,0.000000
9,-2,50,1.686047e+21,0.000000
8,1,55,1.685081e+21,0.000000
10,8,53,1.6822485e+21,0.000000
9,-1,-33,1.6720003e+21,0.000000
9,-1,43,1.671233e+21,0.000000
8,-1,-41,1.6619114e+21,0.000000
10,-3,49,1.6606239e+21,0.000000
3,3,-39,1.6600519e+21,0.000000
9,9,10,1.6500988e+21,0.000000
8,-3,-24,1.6479495e+21,0.000000
9,-3,-21,1.6395388e+21,0.000000
9,2,-21,1.6371731e+21,0.000000
9,4,53,1.6355529e+21,0.000000
10,2,40,1.6134447e+21,0.000000
5,-5,-35,1.6129189e+21,0.000000
6,-2,-49,1.6128002e+21,0.000000
9,3,53,1.6079546e+21,0.000000
6,-6,-24,1.6076944e+21,0.000000
9,2,46,1.5988755e+21,0.000000
5,3,-37,1.5985443e+21,0.000000
9,-2,-22,1.5964601e+21,0.000000
5,2,-45,1.5943517e+21,0.000000
9,6,49,1.5930475e+21,0.000000
7,-2,49,1.5915042e+21,0.000000
7,-4,-31,1.5898824e+21,0.000000
9,5,48,1.5870123e+21,0.000000
7,1,-48,1.585005e+21,0.000000
9,9,9,1.5764674e+21,0.000000
10,1,-15,1.5718247e+21,0.000000
9,8,0,1.5674192e+21,0.000000
10,1,32,1.5629436e+21,0.000000
10,3,29,1.5628647e+21,0.000000
6,-4,-40,1.5526605e+21,0.000000
4,2,-54,1.5483244e+21,0.000000
10,6,44,1.5451464e+21,0.000000
7,5,-10,1.5439284e+21,0.000000
7,-2,-24,1.5238263e+21,0.000000
10,-2,46,1.5129627e+21,0.000000
9,1,43,1.5068426e+21,0.000000
9,9,6,1.5064969e+21,0.000000
10,1,-4,1.492209e+21,0.000000
9,1,-35,1.4839979e+21,0.000000
8,-3,-25,1.4756676e+21,0.000000
4,4,-27,1.4729176e+21,0.000000
10,2,-12,1.470036e+21,0.000000
3,2,-49,1.4510282e+21,0.000000
10,3,34,1.4488076e+21,0.000000
10,3,35,1.4477525e+21,0.000000
10,6,43,1.4388884e+21,0.000000
9,0,-38,1.433649e+21,0.000000
9,0,38,1.433649e+21,0.000000
4,2,-55,1.4276579e+21,0.000000
10,8,55,1.4254479e+21,0.000000
7,3,-27,1.4090011e+21,0.000000
10,7,-4,1.4081799e+21,0.000000
8,1,-40,1.4079521e+21,0.000000
10,3,33,1.3981882e+21,0.000000
10,8,54,1.3980341e+21,0.000000
10,3,36,1.3959329e+21,0.000000
4,3,-36,1.3658466e+21,0.000000
9,8,-2,1.3610588e+21,0.000000
10,4,39,1.3563825e+21,0.000000
7,2,-31,1.3521565e+21,0.000000
10,-1,29,1.3481528e+21,0.000000
8,-7,-7,1.3444938e+21,0.000000
9,3,-17,1.3384201e+21,0.000000
8,4,-9,1.3138579e+21,0.000000
10,3,32,1.3125652e+21,0.000000
6,-3,-47,1.3086703e+21,0.000000
8,0,-54,1.3055236e+21,0.000000
8,0,54,1.3055236e+21,0.000000
10,3,37,1.3029979e+21,0.000000
9,4,54,1.2936757e+21,0.000000
10,0,-30,1.2838321e+21,0.000000
10,0,30,1.2838321e+21,0.000000
10,3,30,1.2685223e+21,0.000000
8,-3,-26,1.2659878e+21,0.000000
10,7,45,1.2639218e+21,0.000000
7,-1,-52,1.2629668e+21,0.000000
7,4,-15,1.2627875e+21,0.000000
10,5,38,1.2599582e+21,0.000000
10,8,-3,1.2575797e+21,0.000000
10,1,-6,1.2488297e+21,0.000000
10,-3,50,1.244795e+21,0.000000
10,3,31,1.2383814e+21,0.000000
9,-1,-34,1.2325029e+21,0.000000
9,9,3,1.2316235e+21,0.000000
9,3,54,1.231473e+21,0.000000
10,2,41,1.2258048e+21,0.000000
6,-5,-25,1.2089771e+21,0.000000
5,-4,-39,1.1991217e+21,0.000000
6,3,-31,1.1904126e+21,0.000000
6,-5,-6,1.1848854e+21,0.000000
10,3,38,1.1819114e+21,0.000000
6,-2,-50,1.1812005e+21,0.000000
9,0,-39,1.1624502e+21,0.000000
9,0,39,1.1624502e+21,0.000000
6,1,-49,1.1548667e+21,0.000000
9,9,5,1.1535113e+21,0.000000
7,-3,-43,1.1529974e+21,0.000000
8,-4,-30,1.1467397e+21,0.000000
5,4,-22,1.141306e+21,0.000000
9,2,-22,1.1394613e+21,0.000000
10,2,-6,1.1246888e+21,0.000000
6,4,-25,1.1150872e+21,0.000000
9,-2,-23,1.1068042e+21,0.000000
5,2,-46,1.1010302e+21,0.000000
9,3,-7,1.0987142e+21,0.000000
9,9,2,1.0982298e+21,0.000000
9,-2,51,1.0936274e+21,0.000000
9,9,4,1.0909678e+21,0.000000
10,-2,47,1.0807846e+21,0.000000
9,5,49,1.0786332e+21,0.000000
10,-5,-4,1.0717661e+21,0.000000
9,6,50,1.0713726e+21,0.000000
8,-1,-42,1.0609033e+21,0.000000
9,2,47,1.0588692e+21,0.000000
10,7,46,1.05663e+21,0.000000
9,1,-36,1.0555432e+21,0.000000
10,1,33,1.0514308e+21,0.000000
7,3,-28,1.0505593e+21,0.000000
8,-3,-27,1.0482764e+21,0.000000
10,3,39,1.0454112e+21,0.000000
8,-2,-33,1.0353295e+21,0.000000
8,7,-6,1.0313237e+21,0.000000
9,4,55,1.0195288e+21,0.000000
7,-1,-53,1.0175189e+21,0.000000
3,2,-50,1.0011187e+21,0.000000
5,-5,-36,1.0002921e+21,0.000000
8,2,-33,9.8103578e+20,0.000000
9,9,0,9.6233634e+20,0.000000
9,8,-4,9.5438221e+20,0.000000
9,-1,45,9.5230958e+20,0.000000
10,-1,30,9.4918191e+20,0.000000
7,-4,-32,9.4683193e+20,0.000000
9,3,55,9.4515191e+20,0.000000
10,1,-16,9.4472538e+20,0.000000
9,-1,44,9.416275e+20,0.000000
5,3,-38,9.3749926e+20,0.000000
3,3,-40,9.3310461e+20,0.000000
10,-3,51,9.2877641e+20,0.000000
8,0,-55,9.2853142e+20,0.000000
8,0,55,9.2853142e+20,0.000000
9,0,-40,9.2743456e+20,0.000000
9,0,40,9.2743456e+20,0.000000
10,-2,-5,9.2195833e+20,0.000000
7,-5,-24,9.2181885e+20,0.000000
9,-5,-12,9.2139768e+20,0.000000
10,2,42,9.2085759e+20,0.000000
7,1,-49,9.1765347e+20,0.000000
10,6,45,9.1629241e+20,0.000000
8,3,-15,9.0559261e+20,0.000000
10,3,40,9.044294e+20,0.000000
7,-2,50,9.0260474e+20,0.000000
7,-1,-54,9.008291e+20,0.000000
10,-8,-7,8.9872087e+20,0.000000
9,-1,-35,8.976734e+20,0.000000
8,1,-41,8.9757123e+20,0.000000
9,8,-3,8.9358563e+20,0.000000
6,-6,-25,8.8973303e+20,0.000000
9,-5,-13,8.8968315e+20,0.000000
9,-3,-22,8.8063982e+20,0.000000
9,9,-3,8.6465456e+20,0.000000
9,9,-1,8.6178764e+20,0.000000
8,8,-7,8.5867978e+20,0.000000
9,1,44,8.5734619e+20,0.000000
10,5,39,8.5723678e+20,0.000000
6,-2,-51,8.5439395e+20,0.000000
7,4,-16,8.4768956e+20,0.000000
5,5,-14,8.4594334e+20,0.000000
7,-2,-25,8.4437463e+20,0.000000
8,-3,-28,8.4326119e+20,0.000000
9,9,-5,8.4298663e+20,0.000000
10,7,47,8.4173746e+20,0.000000
7,-1,-55,8.4152561e+20,0.000000
9,9,1,8.3586673e+20,0.000000
10,4,40,8.3322447e+20,0.000000
8,-5,-11,8.3229256e+20,0.000000
7,5,-11,8.3225027e+20,0.000000
9,8,-5,8.3031527e+20,0.000000
10,-2,-13,8.2573984e+20,0.000000
6,-3,-48,8.1841555e+20,0.000000
6,-4,-41,8.1750284e+20,0.000000
9,3,-18,8.1255031e+20,0.000000
8,-5,-10,8.1043845e+20,0.000000
6,-5,-26,8.067193e+20,0.000000
5,4,-5,8.0223072e+20,0.000000
9,7,-6,7.990768e+20,0.000000
6,1,-50,7.9692279e+20,0.000000
4,3,-37,7.8834232e+20,0.000000
9,2,-23,7.7509432e+20,0.000000
10,-2,48,7.7008334e+20,0.000000
10,3,41,7.6726872e+20,0.000000
9,-5,-11,7.6488754e+20,0.000000
7,3,-29,7.6246368e+20,0.000000
5,2,-47,7.54897e+20,0.000000
9,5,50,7.5351287e+20,0.000000
9,-5,-14,7.5262307e+20,0.000000
9,-2,-24,7.520295e+20,0.000000
7,-3,-44,7.5055222e+20,0.000000
6,3,-32,7.4938999e+20,0.000000
9,1,-37,7.4456618e+20,0.000000
10,6,46,7.3835375e+20,0.000000
6,2,-36,7.3508181e+20,0.000000
9,0,-41,7.2967396e+20,0.000000
9,0,41,7.2967396e+20,0.000000
8,-5,-12,7.2604122e+20,0.000000
3,2,-51,7.2353468e+20,0.000000
4,4,-28,7.2269643e+20,0.000000
10,0,-31,7.2247731e+20,0.000000
10,0,31,7.2247731e+20,0.000000
9,6,51,7.2056375e+20,0.000000
8,-4,-31,7.1972918e+20,0.000000
9,-2,52,7.1051486e+20,0.000000
9,2,48,6.9925275e+20,0.000000
10,1,34,6.9423271e+20,0.000000
10,-3,52,6.9062757e+20,0.000000
8,4,-13,6.8844517e+20,0.000000
10,2,43,6.8494361e+20,0.000000
10,7,48,6.8348038e+20,0.000000
6,1,-51,6.8244845e+20,0.000000
6,1,-54,6.765673e+20,0.000000
10,2,-13,6.759885e+20,0.000000
6,1,-53,6.7415007e+20,0.000000
8,-1,-43,6.7154926e+20,0.000000
6,1,-52,6.6551394e+20,0.000000
8,-3,-29,6.6215788e+20,0.000000
6,1,-55,6.6189774e+20,0.000000
10,-1,31,6.5551675e+20,0.000000
10,-1,-10,6.5458185e+20,0.000000
8,4,-14,6.5301562e+20,0.000000
9,-1,-36,6.4507133e+20,0.000000
10,3,42,6.3967513e+20,0.000000
8,4,-12,6.2676555e+20,0.000000
5,-5,-37,6.1934921e+20,0.000000
9,9,-2,6.1900971e+20,0.000000
5,4,-23,6.1543613e+20,0.000000
10,-1,-11,6.1495424e+20,0.000000
6,-2,-52,6.1214205e+20,0.000000
10,-1,-9,6.0653635e+20,0.000000
6,4,-26,6.044243e+20,0.000000
8,-5,-9,5.9584057e+20,0.000000
7,2,-32,5.9376506e+20,0.000000
9,-5,-15,5.8299554e+20,0.000000
5,-4,-40,5.7770788e+20,0.000000
8,-2,-34,5.7207452e+20,0.000000
10,5,40,5.6925178e+20,0.000000
10,9,19,5.6803281e+20,0.000000
8,1,-42,5.6802792e+20,0.000000
8,-5,-13,5.6766338e+20,0.000000
9,0,-42,5.674569e+20,0.000000
9,0,42,5.674569e+20,0.000000
10,9,20,5.6239248e+20,0.000000
10,9,18,5.6209385e+20,0.000000
8,4,-15,5.6082006e+20,0.000000
7,-4,-33,5.6059072e+20,0.000000
6,2,-41,5.5861716e+20,0.000000
7,4,-17,5.5835673e+20,0.000000
10,6,47,5.5654119e+20,0.000000
3,2,-52,5.5115154e+20,0.000000
8,6,-6,5.4926107e+20,0.000000
9,5,51,5.4924338e+20,0.000000
10,9,21,5.49178e+20,0.000000
5,3,-39,5.490688e+20,0.000000
10,-2,49,5.4765244e+20,0.000000
10,7,49,5.4487808e+20,0.000000
7,1,-50,5.4424649e+20,0.000000
7,3,-30,5.4183759e+20,0.000000
7,-2,51,5.4132128e+20,0.000000
10,9,17,5.4018737e+20,0.000000
6,-5,-27,5.3751025e+20,0.000000
10,10,25,5.3183201e+20,0.000000
10,9,22,5.3170216e+20,0.000000
6,2,-42,5.3133263e+20,0.000000
8,2,-34,5.3092371e+20,0.000000
6,2,-40,5.3059966e+20,0.000000
9,9,-6,5.2984246e+20,0.000000
3,3,-41,5.2946571e+20,0.000000
10,1,-17,5.2676481e+20,0.000000
10,3,43,5.2505732e+20,0.000000
10,9,26,5.2047614e+20,0.000000
9,1,-38,5.1982654e+20,0.000000
10,-1,-12,5.1850439e+20,0.000000
9,2,-24,5.1633013e+20,0.000000
6,-3,-49,5.1407494e+20,0.000000
5,2,-48,5.1392707e+20,0.000000
10,9,23,5.1274968e+20,0.000000
10,-3,53,5.124442e+20,0.000000
8,-3,-30,5.0974041e+20,0.000000
10,4,41,5.0572079e+20,0.000000
10,2,44,5.0529962e+20,0.000000
9,-2,-25,5.0161741e+20,0.000000
10,9,16,4.9846227e+20,0.000000
10,9,24,4.9530212e+20,0.000000
6,-6,-26,4.942065e+20,0.000000
7,-3,-45,4.8833064e+20,0.000000
7,-6,-12,4.8711171e+20,0.000000
10,9,25,4.8539496e+20,0.000000
9,6,52,4.8328925e+20,0.000000
9,1,45,4.8327702e+20,0.000000
9,3,-19,4.7600634e+20,0.000000
8,4,-11,4.7451716e+20,0.000000
6,2,-43,4.7080796e+20,0.000000
6,3,-33,4.7070888e+20,0.000000
7,-6,-11,4.6484008e+20,0.000000
9,6,-5,4.6474771e+20,0.000000
9,-2,53,4.6289515e+20,0.000000
10,1,-5,4.6250909e+20,0.000000
10,-1,-8,4.6158443e+20,0.000000
9,2,49,4.6109978e+20,0.000000
9,-1,-37,4.5957423e+20,0.000000
7,-2,-26,4.5835652e+20,0.000000
4,3,-38,4.5535926e+20,0.000000
9,-3,-23,4.5526111e+20,0.000000
10,-10,-8,4.5095375e+20,0.000000
10,1,35,4.4997134e+20,0.000000
8,4,-16,4.4910017e+20,0.000000
8,-4,-32,4.481508e+20,0.000000
10,-2,-6,4.4687811e+20,0.000000
10,-1,32,4.4426833e+20,0.000000
8,3,-16,4.4399876e+20,0.000000
3,2,-53,4.420983e+20,0.000000
8,4,-10,4.4051359e+20,0.000000
7,5,-12,4.4049589e+20,0.000000
6,-2,-53,4.3767351e+20,0.000000
6,-4,-5,4.3718945e+20,0.000000
9,0,-43,4.3690365e+20,0.000000
9,0,43,4.3690365e+20,0.000000
10,9,15,4.3520158e+20,0.000000
10,7,50,4.3373202e+20,0.000000
6,2,-39,4.3143075e+20,0.000000
7,-6,-13,4.2892771e+20,0.000000
10,6,48,4.2728539e+20,0.000000
10,3,44,4.250051e+20,0.000000
9,5,52,4.248841e+20,0.000000
6,-4,-42,4.2440408e+20,0.000000
9,-5,-16,4.2407736e+20,0.000000
8,-1,-44,4.2098327e+20,0.000000
7,2,-3,4.1458955e+20,0.000000
8,-5,-14,4.0963894e+20,0.000000
5,5,-15,4.0944094e+20,0.000000
9,-5,-10,4.0526728e+20,0.000000
10,-1,-13,3.9901386e+20,0.000000
6,2,-44,3.965719e+20,0.000000
10,0,-32,3.9510566e+20,0.000000
10,0,32,3.9510566e+20,0.000000
7,-5,-25,3.9258009e+20,0.000000
8,3,-5,3.9026093e+20,0.000000
10,-2,50,3.8875618e+20,0.000000
8,-3,-31,3.8578719e+20,0.000000
5,-5,-38,3.8396351e+20,0.000000
10,-3,54,3.7989191e+20,0.000000
7,3,-31,3.7822511e+20,0.000000
3,2,-54,3.7058646e+20,0.000000
10,2,45,3.7002529e+20,0.000000
10,5,41,3.6904667e+20,0.000000
10,4,-3,3.6511836e+20,0.000000
7,-2,52,3.6206333e+20,0.000000
7,4,-18,3.6157104e+20,0.000000
9,1,-39,3.6052359e+20,0.000000
6,-5,-28,3.5757255e+20,0.000000
8,1,-45,3.567991e+20,0.000000
8,1,-43,3.565323e+20,0.000000
4,4,-29,3.5505528e+20,0.000000
8,-3,-3,3.5366101e+20,0.000000
10,9,14,3.528435e+20,0.000000
9,9,-4,3.48185e+20,0.000000
10,7,51,3.4791645e+20,0.000000
5,2,-49,3.4748983e+20,0.000000
7,1,-51,3.4677569e+20,0.000000
8,4,-17,3.4139817e+20,0.000000
10,-2,-14,3.4002266e+20,0.000000
10,3,45,3.3973765e+20,0.000000
7,-6,-14,3.3905646e+20,0.000000
9,2,-25,3.3741664e+20,0.000000
9,0,-44,3.3358438e+20,0.000000
9,0,44,3.3358438e+20,0.000000
9,5,53,3.3022008e+20,0.000000
5,4,-24,3.3014063e+20,0.000000
7,-4,-34,3.2993232e+20,0.000000
9,6,53,3.2984141e+20,0.000000
9,-5,-5,3.2980098e+20,0.000000
9,-2,-26,3.2881962e+20,0.000000
6,4,-27,3.2665476e+20,0.000000
6,-3,-50,3.2611154e+20,0.000000
7,-6,-10,3.2466199e+20,0.000000
10,6,49,3.2461311e+20,0.000000
9,-1,-38,3.2408319e+20,0.000000
6,2,-45,3.2118119e+20,0.000000
5,3,-40,3.2117646e+20,0.000000
3,2,-55,3.2098497e+20,0.000000
6,-2,-54,3.1551814e+20,0.000000
7,-3,-46,3.1452186e+20,0.000000
8,-6,-9,3.1073851e+20,0.000000
10,4,42,3.1046175e+20,0.000000
8,-2,-35,3.100775e+20,0.000000
3,3,-42,3.0412115e+20,0.000000
9,2,50,3.0406014e+20,0.000000
10,-9,-7,3.0306257e+20,0.000000
9,-2,54,3.0278933e+20,0.000000
7,4,-6,3.0240901e+20,0.000000
10,2,-14,2.9867984e+20,0.000000
10,-1,33,2.9561289e+20,0.000000
6,3,-34,2.9509069e+20,0.000000
9,-5,-17,2.9426728e+20,0.000000
9,-1,46,2.9254463e+20,0.000000
10,-2,-19,2.9125509e+20,0.000000
8,-3,-32,2.8792155e+20,0.000000
10,-2,-20,2.8691311e+20,0.000000
6,2,-38,2.8663246e+20,0.000000
10,1,36,2.8623549e+20,0.000000
10,-1,-14,2.8275095e+20,0.000000
8,1,-2,2.8249279e+20,0.000000
8,2,-35,2.819505e+20,0.000000
10,-3,55,2.8175664e+20,0.000000
7,-2,53,2.807237e+20,0.000000
8,-4,-33,2.7874297e+20,0.000000
8,-5,-15,2.7771635e+20,0.000000
10,-2,51,2.7593535e+20,0.000000
6,-6,-27,2.7542689e+20,0.000000
10,1,-18,2.7457285e+20,0.000000
9,1,46,2.7244835e+20,0.000000
5,-4,-41,2.7186159e+20,0.000000
10,2,46,2.6960284e+20,0.000000
9,3,-20,2.692349e+20,0.000000
10,7,52,2.6902978e+20,0.000000
9,5,54,2.6896844e+20,0.000000
10,3,46,2.685395e+20,0.000000
10,-2,-18,2.6763117e+20,0.000000
4,3,-39,2.631636e+20,0.000000
10,-2,-21,2.6166634e+20,0.000000
8,-1,-45,2.6093703e+20,0.000000
7,3,-32,2.6043557e+20,0.000000
10,9,13,2.5961964e+20,0.000000
7,2,-33,2.5498508e+20,0.000000
10,-1,-7,2.5472674e+20,0.000000
9,0,-45,2.5289042e+20,0.000000
9,0,45,2.5289042e+20,0.000000
6,2,-46,2.5217456e+20,0.000000
7,-6,-15,2.4957099e+20,0.000000
7,-2,54,2.4951533e+20,0.000000
8,4,-18,2.4918813e+20,0.000000
9,1,-40,2.48133e+20,0.000000
7,1,-52,2.4529536e+20,0.000000
10,6,50,2.4426371e+20,0.000000
10,2,-19,2.440786e+20,0.000000
7,-2,-27,2.4321165e+20,0.000000
7,-2,55,2.418728e+20,0.000000
6,2,-37,2.3946509e+20,0.000000
6,-5,-29,2.3754808e+20,0.000000
5,-5,-39,2.3674549e+20,0.000000
6,-2,-55,2.3576882e+20,0.000000
10,2,-18,2.3567409e+20,0.000000
10,5,42,2.3420041e+20,0.000000
5,2,-50,2.3347412e+20,0.000000
10,10,24,2.3314515e+20,0.000000
10,2,-20,2.3185334e+20,0.000000
7,5,-13,2.3112671e+20,0.000000
7,4,-19,2.3052966e+20,0.000000
9,6,54,2.2928796e+20,0.000000
8,-5,-8,2.2803669e+20,0.000000
9,-1,-39,2.2682925e+20,0.000000
9,-3,-24,2.2565235e+20,0.000000
10,-2,-22,2.2478093e+20,0.000000
9,-7,-7,2.2434036e+20,0.000000
9,5,55,2.2331897e+20,0.000000
8,1,-44,2.2166397e+20,0.000000
6,-4,-43,2.199732e+20,0.000000
10,-2,-17,2.1825327e+20,0.000000
9,2,-26,2.165703e+20,0.000000
8,-3,-33,2.1220962e+20,0.000000
9,-2,-27,2.1203898e+20,0.000000
6,-3,-51,2.107515e+20,0.000000
10,7,53,2.1041968e+20,0.000000
10,3,47,2.1015063e+20,0.000000
8,3,-17,2.0974116e+20,0.000000
10,0,-33,2.0920623e+20,0.000000
10,0,33,2.0920623e+20,0.000000
10,2,-17,2.0656038e+20,0.000000
5,5,-16,2.0608609e+20,0.000000
10,2,-21,2.0532417e+20,0.000000
10,-7,-6,2.0508159e+20,0.000000
7,-3,-47,2.0324182e+20,0.000000
9,2,51,2.007872e+20,0.000000
10,10,23,1.9990813e+20,0.000000
9,-2,55,1.9924488e+20,0.000000
10,4,43,1.9817769e+20,0.000000
9,-5,-18,1.9682556e+20,0.000000
10,-2,52,1.9590729e+20,0.000000
10,2,47,1.9543656e+20,0.000000
7,1,-53,1.9540134e+20,0.000000
8,-6,-14,1.9502787e+20,0.000000
10,-1,34,1.9311139e+20,0.000000
6,2,-47,1.9293374e+20,0.000000
7,-4,-35,1.9274357e+20,0.000000
8,-6,-13,1.9238908e+20,0.000000
9,0,-46,1.9058907e+20,0.000000
9,0,46,1.9058907e+20,0.000000
5,3,-41,1.876104e+20,0.000000
10,10,22,1.8727002e+20,0.000000
10,-1,-15,1.8518372e+20,0.000000
6,3,-35,1.8467691e+20,0.000000
10,6,51,1.8455142e+20,0.000000
10,-2,-23,1.840985e+20,0.000000
10,7,54,1.790225e+20,0.000000
8,-5,-16,1.7890789e+20,0.000000
10,1,37,1.7879153e+20,0.000000
10,10,21,1.787864e+20,0.000000
3,3,-43,1.7752606e+20,0.000000
7,3,-33,1.7713444e+20,0.000000
5,4,-25,1.7624422e+20,0.000000
6,4,-28,1.7608789e+20,0.000000
8,4,-19,1.7598841e+20,0.000000
7,-6,-16,1.748932e+20,0.000000
4,4,-30,1.7469382e+20,0.000000
10,2,-15,1.7459544e+20,0.000000
7,1,-1,1.7252739e+20,0.000000
10,2,-16,1.7190294e+20,0.000000
10,2,-22,1.718792e+20,0.000000
8,-4,-34,1.7167495e+20,0.000000
7,1,-54,1.7141527e+20,0.000000
10,-2,-15,1.710421e+20,0.000000
10,10,20,1.6992272e+20,0.000000
9,1,-41,1.6977634e+20,0.000000
8,-6,-15,1.6967112e+20,0.000000
10,9,12,1.6941317e+20,0.000000
10,-2,-16,1.6633421e+20,0.000000
9,-1,47,1.6589938e+20,0.000000
9,6,55,1.6533719e+20,0.000000
6,6,-9,1.6512442e+20,0.000000
8,-2,-36,1.636216e+20,0.000000
10,3,48,1.6300966e+20,0.000000
7,-5,-26,1.6040929e+20,0.000000
9,-4,-15,1.6029139e+20,0.000000
8,-1,-46,1.5957976e+20,0.000000
7,1,-55,1.5897578e+20,0.000000
10,10,19,1.584978e+20,0.000000
9,-4,-16,1.5766586e+20,0.000000
6,-5,-30,1.5757743e+20,0.000000
9,-1,-40,1.5753329e+20,0.000000
9,1,47,1.5697698e+20,0.000000
5,2,-51,1.5608078e+20,0.000000
8,-3,-34,1.5484232e+20,0.000000
6,-6,-28,1.5406198e+20,0.000000
4,3,-40,1.5214233e+20,0.000000
9,-4,-14,1.4771402e+20,0.000000
9,3,-21,1.4695415e+20,0.000000
10,5,43,1.4664049e+20,0.000000
5,-5,-40,1.4607988e+20,0.000000
8,2,-36,1.4582193e+20,0.000000
8,5,-5,1.4572056e+20,0.000000
10,-2,-24,1.4510063e+20,0.000000
7,4,-20,1.4489834e+20,0.000000
6,2,-48,1.4436494e+20,0.000000
9,-4,-17,1.4414947e+20,0.000000
10,10,18,1.4325506e+20,0.000000
9,0,-47,1.4294205e+20,0.000000
9,0,47,1.4294205e+20,0.000000
8,-6,-12,1.4170061e+20,0.000000
10,2,48,1.4127353e+20,0.000000
6,-3,-52,1.4012928e+20,0.000000
10,-2,53,1.3971028e+20,0.000000
10,1,-19,1.3946915e+20,0.000000
10,2,-23,1.3741617e+20,0.000000
9,2,-27,1.366841e+20,0.000000
10,4,44,1.3608841e+20,0.000000
10,6,52,1.3551802e+20,0.000000
8,-6,-16,1.3467902e+20,0.000000
9,-2,-28,1.3454824e+20,0.000000
9,2,52,1.3295241e+20,0.000000
6,-4,-44,1.3066961e+20,0.000000
7,-3,-48,1.306622e+20,0.000000
9,2,-4,1.2974857e+20,0.000000
10,7,55,1.2968126e+20,0.000000
9,-5,-19,1.2781544e+20,0.000000
7,-2,-28,1.2577027e+20,0.000000
10,3,49,1.2547719e+20,0.000000
9,-4,-18,1.2456448e+20,0.000000
10,-1,35,1.2387107e+20,0.000000
10,10,17,1.2374456e+20,0.000000
5,-4,-42,1.2368515e+20,0.000000
10,-4,-10,1.2277411e+20,0.000000
8,4,-20,1.2092385e+20,0.000000
7,5,-14,1.2042961e+20,0.000000
6,6,-10,1.2038214e+20,0.000000
7,3,-34,1.1936687e+20,0.000000
10,-4,-11,1.1903322e+20,0.000000
9,-4,-13,1.1855046e+20,0.000000
7,-6,-17,1.1835712e+20,0.000000
8,3,-3,1.1588288e+20,0.000000
9,1,-42,1.1551995e+20,0.000000
6,3,-36,1.1538847e+20,0.000000
7,-7,-10,1.1500152e+20,0.000000
7,2,-34,1.1456874e+20,0.000000
10,-1,-16,1.1211688e+20,0.000000
8,-3,-35,1.1191671e+20,0.000000
7,-4,-36,1.1172533e+20,0.000000
7,-6,-9,1.1166774e+20,0.000000
10,-2,-25,1.1072404e+20,0.000000
8,-5,-17,1.1033618e+20,0.000000
9,-5,-8,1.0995477e+20,0.000000
8,-1,-2,1.0971657e+20,0.000000
10,1,38,1.0970361e+20,0.000000
5,3,-42,1.0949148e+20,0.000000
9,-1,-41,1.0874295e+20,0.000000
10,0,-34,1.0837824e+20,0.000000
10,0,34,1.0837824e+20,0.000000
5,5,-17,1.0727718e+20,0.000000
6,2,-49,1.068116e+20,0.000000
9,0,-48,1.0676715e+20,0.000000
9,0,48,1.0676715e+20,0.000000
9,-3,-25,1.0657883e+20,0.000000
3,3,-44,1.05895e+20,0.000000
8,-4,-35,1.0585522e+20,0.000000
10,2,-24,1.0580721e+20,0.000000
6,-5,-31,1.0440789e+20,0.000000
5,2,-52,1.040685e+20,0.000000
10,8,-6,1.0380967e+20,0.000000
10,4,45,1.0299451e+20,0.000000
9,-4,-19,1.0293373e+20,0.000000
10,2,49,1.019194e+20,0.000000
8,3,-18,1.0181061e+20,0.000000
10,6,53,1.010775e+20,0.000000
8,-6,-17,1.0069775e+20,0.000000
10,10,16,1.0053816e+20,0.000000
10,-2,54,9.8555759e+19,0.000000
9,-1,48,9.8550682e+19,0.000000
10,9,11,9.8364001e+19,0.000000
6,-3,-53,9.6950474e+19,0.000000
8,-1,-47,9.6034958e+19,0.000000
10,3,50,9.5961836e+19,0.000000
7,-3,-49,9.4833938e+19,0.000000
6,4,-29,9.4689579e+19,0.000000
9,1,48,9.4136283e+19,0.000000
5,4,-26,9.3664427e+19,0.000000
7,-1,-1,9.359529e+19,0.000000
10,5,44,9.2240568e+19,0.000000
10,-4,-12,9.1415587e+19,0.000000
7,4,-21,8.9890633e+19,0.000000
5,-5,-41,8.9820977e+19,0.000000
9,2,53,8.8384648e+19,0.000000
4,3,-41,8.7976817e+19,0.000000
6,-6,-29,8.6434471e+19,0.000000
4,4,-31,8.6098214e+19,0.000000
10,4,46,8.5576494e+19,0.000000
9,2,-28,8.4864392e+19,0.000000
10,-4,-9,8.4159204e+19,0.000000
9,-2,-29,8.4046775e+19,0.000000
8,-2,-37,8.3817967e+19,0.000000
8,1,-46,8.2694392e+19,0.000000
10,-2,-26,8.2293714e+19,0.000000
10,7,-5,8.2091912e+19,0.000000
9,-4,-20,8.2033241e+19,0.000000
8,4,-21,8.1178197e+19,0.000000
9,-5,-20,8.0998889e+19,0.000000
10,-1,-4,8.0584847e+19,0.000000
8,-3,-36,8.0290649e+19,0.000000
7,3,-35,7.9721953e+19,0.000000
9,0,-49,7.9499819e+19,0.000000
9,0,49,7.9499819e+19,0.000000
10,2,-25,7.8899373e+19,0.000000
10,1,-20,7.8345909e+19,0.000000
7,-6,-18,7.8093709e+19,0.000000
10,-1,36,7.8002722e+19,0.000000
9,1,-43,7.794136e+19,0.000000
9,-4,-12,7.7532291e+19,0.000000
9,3,-22,7.7294269e+19,0.000000
6,2,-50,7.6535504e+19,0.000000
10,2,-1,7.632089e+19,0.000000
6,6,-7,7.6032615e+19,0.000000
10,-1,-6,7.6021069e+19,0.000000
10,4,47,7.5896909e+19,0.000000
10,10,15,7.5430422e+19,0.000000
9,8,-6,7.5285401e+19,0.000000
9,-1,-42,7.4763262e+19,0.000000
10,6,54,7.392551e+19,0.000000
10,2,50,7.3379688e+19,0.000000
8,2,-37,7.322764e+19,0.000000
10,3,51,7.3007221e+19,0.000000
7,-7,-11,7.263018e+19,0.000000
8,-6,-18,7.2245011e+19,0.000000
6,3,-37,7.1980745e+19,0.000000
6,-3,-54,7.0689138e+19,0.000000
10,-2,55,6.9831695e+19,0.000000
5,2,-53,6.9510363e+19,0.000000
10,4,48,6.9482752e+19,0.000000
6,-5,-32,6.90871e+19,0.000000
10,1,-45,6.8319725e+19,0.000000
6,6,-11,6.6809867e+19,0.000000
10,1,39,6.6271516e+19,0.000000
10,1,-25,6.6268546e+19,0.000000
10,1,-24,6.5771275e+19,0.000000
8,-5,-18,6.5456121e+19,0.000000
3,3,-45,6.5010237e+19,0.000000
9,-1,49,6.4705373e+19,0.000000
10,6,-5,6.4603679e+19,0.000000
8,-4,-36,6.4403486e+19,0.000000
7,-4,-37,6.4125397e+19,0.000000
10,4,49,6.4040585e+19,0.000000
5,3,-43,6.3888071e+19,0.000000
7,-5,-27,6.3673063e+19,0.000000
9,-4,-21,6.3454772e+19,0.000000
10,1,-26,6.3225139e+19,0.000000
7,-2,-29,6.3133525e+19,0.000000
10,-1,-17,6.2698741e+19,0.000000
9,1,49,6.2424444e+19,0.000000
7,2,-35,6.2423018e+19,0.000000
7,5,-15,6.2263931e+19,0.000000
10,1,-23,6.1936142e+19,0.000000
10,-2,-1,6.1561751e+19,0.000000
10,5,45,6.0281672e+19,0.000000
10,-2,-27,5.9713888e+19,0.000000
10,-4,-13,5.9496517e+19,0.000000
6,-4,-45,5.9244123e+19,0.000000
9,0,-50,5.9131582e+19,0.000000
9,0,50,5.9131582e+19,0.000000
9,2,54,5.9076429e+19,0.000000
7,-7,-8,5.8809368e+19,0.000000
10,4,50,5.8589167e+19,0.000000
10,1,-21,5.8322055e+19,0.000000
8,3,-19,5.8041883e+19,0.000000
10,9,10,5.8013395e+19,0.000000
10,1,-27,5.750691e+19,0.000000
5,5,-18,5.7427897e+19,0.000000
10,2,-26,5.7308825e+19,0.000000
10,1,-22,5.7237901e+19,0.000000
8,-3,-37,5.7167494e+19,0.000000
6,3,-4,5.6812983e+19,0.000000
8,-1,-48,5.6681757e+19,0.000000
9,-4,-8,5.6062158e+19,0.000000
7,-3,-50,5.5636118e+19,0.000000
10,0,-35,5.555344e+19,0.000000
10,0,35,5.555344e+19,0.000000
5,-4,-43,5.5493095e+19,0.000000
5,-5,-42,5.5383832e+19,0.000000
10,3,52,5.5327055e+19,0.000000
7,4,-22,5.5103737e+19,0.000000
6,2,-51,5.4539132e+19,0.000000
10,6,55,5.4375047e+19,0.000000
6,-3,-55,5.3772817e+19,0.000000
9,-3,-5,5.3466602e+19,0.000000
8,4,-22,5.3418619e+19,0.000000
10,9,7,5.3356261e+19,0.000000
10,9,8,5.2932264e+19,0.000000
7,3,-36,5.2898237e+19,0.000000
10,4,51,5.2850466e+19,0.000000
10,2,51,5.2842002e+19,0.000000
9,1,-44,5.2457616e+19,0.000000
8,-6,-11,5.1931336e+19,0.000000
9,2,-29,5.1864042e+19,0.000000
9,-2,-30,5.1660316e+19,0.000000
10,10,14,5.1343345e+19,0.000000
4,3,-42,5.0882237e+19,0.000000
6,4,-30,5.0807246e+19,0.000000
9,-1,-43,5.078534e+19,0.000000
9,9,-7,5.0690946e+19,0.000000
7,-6,-19,5.0573976e+19,0.000000
8,-6,-19,5.0316109e+19,0.000000
9,-5,-21,5.0272953e+19,0.000000
10,1,-28,5.0216388e+19,0.000000
5,4,-27,4.9566344e+19,0.000000
8,1,-47,4.9381232e+19,0.000000
6,5,-9,4.9328465e+19,0.000000
7,-7,-12,4.9196175e+19,0.000000
6,-6,-30,4.8667414e+19,0.000000
9,-5,-9,4.8469631e+19,0.000000
9,-1,50,4.8442202e+19,0.000000
10,-1,37,4.8243835e+19,0.000000
9,-4,-22,4.787381e+19,0.000000
9,-3,-26,4.7803222e+19,0.000000
10,9,9,4.7788786e+19,0.000000
9,1,50,4.7161046e+19,0.000000
10,4,52,4.6908502e+19,0.000000
5,2,-54,4.6845424e+19,0.000000
7,2,-36,4.6077494e+19,0.000000
8,4,-6,4.5673885e+19,0.000000
6,-5,-33,4.567237e+19,0.000000
9,1,52,4.4877034e+19,0.000000
6,3,-38,4.4827114e+19,0.000000
8,2,-2,4.4231372e+19,0.000000
9,0,-51,4.3719462e+19,0.000000
9,0,51,4.3719462e+19,0.000000
8,3,-20,4.3147782e+19,0.000000
10,5,46,4.2873979e+19,0.000000
10,-2,-28,4.252537e+19,0.000000
4,4,-32,4.2522055e+19,0.000000
10,1,-29,4.2387519e+19,0.000000
9,-4,-7,4.2142337e+19,0.000000
7,2,-37,4.1999794e+19,0.000000
10,3,53,4.1821463e+19,0.000000
3,3,-46,4.1421712e+19,0.000000
9,-1,51,4.1278672e+19,0.000000
8,-2,-38,4.1127519e+19,0.000000
10,4,53,4.0968263e+19,0.000000
10,2,-27,4.0641091e+19,0.000000
7,2,-38,4.0581028e+19,0.000000
8,-3,-38,4.0473455e+19,0.000000
9,1,51,4.0355964e+19,0.000000
10,9,6,4.0154469e+19,0.000000
9,2,55,3.9750222e+19,0.000000
10,1,40,3.9569693e+19,0.000000
8,-4,-37,3.938419e+19,0.000000
9,-1,53,3.9350218e+19,0.000000
9,3,-23,3.9062489e+19,0.000000
7,-3,-54,3.8944461e+19,0.000000
8,3,-21,3.889769e+19,0.000000
9,-2,-4,3.8863384e+19,0.000000
9,-1,52,3.8584755e+19,0.000000
7,2,-39,3.8578203e+19,0.000000
6,2,-52,3.8484683e+19,0.000000
6,5,-10,3.8189148e+19,0.000000
10,2,52,3.8080033e+19,0.000000
9,-4,-11,3.775262e+19,0.000000
9,1,53,3.7634333e+19,0.000000
9,-1,54,3.7502387e+19,0.000000
8,-5,-19,3.7461383e+19,0.000000
9,-1,55,3.7351245e+19,0.000000
5,3,-44,3.7316964e+19,0.000000
8,-6,-10,3.7312396e+19,0.000000
8,3,-22,3.7013409e+19,0.000000
9,1,54,3.7009487e+19,0.000000
9,1,55,3.6905927e+19,0.000000
7,-3,-51,3.6889727e+19,0.000000
7,-4,-38,3.6421571e+19,0.000000
7,2,-40,3.5377333e+19,0.000000
9,-4,-23,3.5364995e+19,0.000000
10,4,54,3.5240603e+19,0.000000
8,2,-38,3.5228937e+19,0.000000
6,5,-7,3.5207865e+19,0.000000
7,3,-37,3.4863291e+19,0.000000
10,1,-30,3.4753193e+19,0.000000
7,-7,-13,3.4724587e+19,0.000000
6,6,-12,3.4660488e+19,0.000000
9,-1,-44,3.4583631e+19,0.000000
8,4,-23,3.4556008e+19,0.000000
8,3,-23,3.4492911e+19,0.000000
10,5,47,3.4380988e+19,0.000000
8,-6,-20,3.428006e+19,0.000000
5,-5,-43,3.3878187e+19,0.000000
10,-4,-14,3.3715199e+19,0.000000
6,5,-8,3.3484948e+19,0.000000
7,4,-23,3.3415731e+19,0.000000
8,-1,-49,3.2693101e+19,0.000000
10,-1,-18,3.2576033e+19,0.000000
10,-1,-5,3.2449705e+19,0.000000
9,0,-52,3.2317603e+19,0.000000
9,0,52,3.2317603e+19,0.000000
7,-6,-20,3.2299106e+19,0.000000
5,2,-55,3.2205236e+19,0.000000
7,5,-16,3.1884944e+19,0.000000
10,10,13,3.169255e+19,0.000000
6,-4,-46,3.1603749e+19,0.000000
10,3,54,3.1579107e+19,0.000000
5,5,-19,3.1447326e+19,0.000000
7,2,-41,3.1296802e+19,0.000000
9,-2,-31,3.1243783e+19,0.000000
9,2,-30,3.1189771e+19,0.000000
10,5,48,3.0956014e+19,0.000000
8,3,-24,3.080275e+19,0.000000
9,-5,-22,3.0644195e+19,0.000000
7,-2,-30,3.0620219e+19,0.000000
9,-4,-9,3.0297238e+19,0.000000
10,5,52,3.0277864e+19,0.000000
10,5,51,3.0162061e+19,0.000000
6,-5,-34,3.0154683e+19,0.000000
10,5,49,3.0123427e+19,0.000000
10,5,50,3.0084941e+19,0.000000
10,4,55,2.9923855e+19,0.000000
10,-2,-29,2.969533e+19,0.000000
10,0,-36,2.9535755e+19,0.000000
10,0,36,2.9535755e+19,0.000000
7,-3,-52,2.9500039e+19,0.000000
4,3,-43,2.9436316e+19,0.000000
10,-1,38,2.9314176e+19,0.000000
10,5,53,2.8930296e+19,0.000000
8,1,-48,2.8921247e+19,0.000000
8,-3,-39,2.8483703e+19,0.000000
10,2,-28,2.8287843e+19,0.000000
9,0,-1,2.8150265e+19,0.000000
9,0,1,2.8150265e+19,0.000000
6,3,-39,2.7865715e+19,0.000000
10,1,-31,2.7812512e+19,0.000000
3,3,-47,2.7626521e+19,0.000000
10,5,54,2.7477583e+19,0.000000
6,-6,-31,2.7466702e+19,0.000000
10,2,53,2.7389067e+19,0.000000
6,4,-31,2.7191413e+19,0.000000
6,2,-53,2.7135296e+19,0.000000
7,2,-42,2.6842012e+19,0.000000
8,3,-25,2.6332254e+19,0.000000
5,4,-28,2.6121479e+19,0.000000
7,-5,-28,2.5905237e+19,0.000000
9,3,-5,2.5716292e+19,0.000000
9,-4,-24,2.5655758e+19,0.000000
10,5,55,2.5564845e+19,0.000000
5,-4,-44,2.5242829e+19,0.000000
6,5,-11,2.4508549e+19,0.000000
7,-7,-14,2.4080058e+19,0.000000
10,3,55,2.3880251e+19,0.000000
9,0,-53,2.3839961e+19,0.000000
9,0,53,2.3839961e+19,0.000000
10,9,5,2.3760855e+19,0.000000
8,-4,-38,2.3629406e+19,0.000000
10,1,41,2.3570102e+19,0.000000
9,1,-46,2.3234965e+19,0.000000
9,-1,-45,2.315294e+19,0.000000
8,-6,-21,2.2968998e+19,0.000000
7,3,-38,2.28522e+19,0.000000
10,9,3,2.2444028e+19,0.000000
7,2,-43,2.2437446e+19,0.000000
8,4,-24,2.2024081e+19,0.000000
5,3,-45,2.1873182e+19,0.000000
10,1,-32,2.1783489e+19,0.000000
10,3,-2,2.1688936e+19,0.000000
8,3,-26,2.1659147e+19,0.000000
7,-3,-4,2.1613664e+19,0.000000
9,-6,-6,2.1217604e+19,0.000000
4,4,-33,2.105651e+19,0.000000
5,-5,-44,2.0736813e+19,0.000000
8,-5,-20,2.0713188e+19,0.000000
7,5,-7,2.058014e+19,0.000000
10,-2,-30,2.0469367e+19,0.000000
7,-4,-39,2.0413896e+19,0.000000
7,-6,-21,2.0412856e+19,0.000000
9,-3,-27,2.0407701e+19,0.000000
7,4,-24,2.0068222e+19,0.000000
8,-3,-40,1.9951802e+19,0.000000
6,-5,-35,1.9893336e+19,0.000000
10,2,54,1.971608e+19,0.000000
10,-4,-8,1.9588818e+19,0.000000
3,3,-48,1.9414805e+19,0.000000
8,-4,-40,1.9331474e+19,0.000000
10,2,-29,1.9308574e+19,0.000000
6,2,-54,1.9172933e+19,0.000000
10,10,12,1.9164976e+19,0.000000
8,-2,-39,1.9139373e+19,0.000000
10,9,4,1.9135556e+19,0.000000
9,3,-24,1.8898825e+19,0.000000
9,-2,-32,1.856485e+19,0.000000
7,-3,-53,1.8482359e+19,0.000000
9,2,-31,1.845831e+19,0.000000
9,-5,-23,1.8374263e+19,0.000000
8,-1,-50,1.8369227e+19,0.000000
7,2,-44,1.8366707e+19,0.000000
9,-4,-25,1.8325354e+19,0.000000
6,-4,-47,1.8094306e+19,0.000000
9,-4,-10,1.8075588e+19,0.000000
10,9,2,1.7872104e+19,0.000000
6,6,-13,1.7679956e+19,0.000000
9,0,-54,1.7544579e+19,0.000000
9,0,54,1.7544579e+19,0.000000
10,-1,39,1.7540106e+19,0.000000
5,5,-20,1.7530471e+19,0.000000
10,0,-37,1.7441962e+19,0.000000
10,0,37,1.7441962e+19,0.000000
6,3,-40,1.7287171e+19,0.000000
8,3,-27,1.7240246e+19,0.000000
4,3,-44,1.7039189e+19,0.000000
7,-5,-6,1.6984262e+19,0.000000
10,1,-33,1.6759646e+19,0.000000
10,-4,-15,1.6753017e+19,0.000000
8,1,-49,1.6577273e+19,0.000000
10,-1,-19,1.6330412e+19,0.000000
7,5,-17,1.61371e+19,0.000000
8,2,-39,1.6075155e+19,0.000000
7,-7,-15,1.6062967e+19,0.000000
10,10,9,1.5877359e+19,0.000000
10,5,-4,1.5697213e+19,0.000000
6,-6,-32,1.5560955e+19,0.000000
9,-1,-46,1.5500087e+19,0.000000
9,1,-47,1.5275177e+19,0.000000
8,-6,-22,1.5191597e+19,0.000000
7,3,-39,1.4902657e+19,0.000000
6,5,-12,1.478775e+19,0.000000
7,2,-45,1.4775098e+19,0.000000
10,10,10,1.4640207e+19,0.000000
6,4,-32,1.4518423e+19,0.000000
10,10,8,1.4474373e+19,0.000000
3,3,-49,1.4413955e+19,0.000000
10,2,55,1.4363768e+19,0.000000
8,-4,-39,1.4289623e+19,0.000000
7,-2,-31,1.4285566e+19,0.000000
10,10,11,1.42815e+19,0.000000
10,1,42,1.4206463e+19,0.000000
8,-3,-41,1.3900219e+19,0.000000
6,2,-55,1.387158e+19,0.000000
8,4,-25,1.3861933e+19,0.000000
10,-2,-31,1.3850919e+19,0.000000
6,4,-5,1.375132e+19,0.000000
5,4,-29,1.3708415e+19,0.000000
8,3,-28,1.3354482e+19,0.000000
6,-5,-36,1.3107452e+19,0.000000
5,-5,-45,1.3016206e+19,0.000000
10,2,-30,1.3012675e+19,0.000000
9,0,-55,1.2948282e+19,0.000000
9,0,55,1.2948282e+19,0.000000
9,-4,-26,1.2910554e+19,0.000000
5,3,-46,1.2898951e+19,0.000000
7,-4,-40,1.2834646e+19,0.000000
7,-6,-22,1.2799175e+19,0.000000
10,1,-34,1.2682353e+19,0.000000
10,-3,-2,1.2660138e+19,0.000000
7,-5,-29,1.2468319e+19,0.000000
5,-4,-45,1.2466317e+19,0.000000
10,1,-3,1.2204045e+19,0.000000
10,0,-38,1.2183615e+19,0.000000
10,0,38,1.2183615e+19,0.000000
7,4,-25,1.1948094e+19,0.000000
7,2,-46,1.1715276e+19,0.000000
7,-2,-2,1.139219e+19,0.000000
7,-3,-55,1.1370778e+19,0.000000
3,3,-50,1.1276988e+19,0.000000
6,-4,-48,1.1222491e+19,0.000000
10,9,0,1.1091883e+19,0.000000
8,-5,-21,1.1070143e+19,0.000000
9,-5,-24,1.0855676e+19,0.000000
9,-2,-33,1.0834237e+19,0.000000
9,2,-32,1.073481e+19,0.000000
6,3,-41,1.0699699e+19,0.000000
9,1,-48,1.0663632e+19,0.000000
10,10,7,1.0551233e+19,0.000000
9,1,-49,1.048378e+19,0.000000
4,4,-34,1.0467401e+19,0.000000
10,-1,40,1.037136e+19,0.000000
7,-7,-16,1.0288845e+19,0.000000
9,-1,-47,1.0248076e+19,0.000000
10,0,-39,1.0126299e+19,0.000000
10,0,39,1.0126299e+19,0.000000
8,3,-29,1.0109978e+19,0.000000
8,-1,-51,1.0055595e+19,0.000000
8,-6,-23,9.9477938e+18,0.000000
5,5,-21,9.9072871e+18,0.000000
4,3,-45,9.8740212e+18,0.000000
7,3,-40,9.6598599e+18,0.000000
8,-3,-42,9.646695e+18,0.000000
10,9,1,9.5648804e+18,0.000000
10,1,-35,9.4692745e+18,0.000000
10,9,-1,9.4304105e+18,0.000000
10,-2,-32,9.3044554e+18,0.000000
3,3,-51,9.2346889e+18,0.000000
8,1,-50,9.2302636e+18,0.000000
7,2,-47,9.1748484e+18,0.000000
10,0,-40,9.089204e+18,0.000000
10,0,40,9.089204e+18,0.000000
6,6,-14,9.0162743e+18,0.000000
9,-4,-27,8.9895938e+18,0.000000
10,-1,-20,8.9712083e+18,0.000000
10,1,43,8.8487487e+18,0.000000
6,-6,-33,8.8258325e+18,0.000000
6,5,-13,8.7809227e+18,0.000000
9,3,-25,8.7035361e+18,0.000000
9,-3,-28,8.6733005e+18,0.000000
5,-5,-46,8.6551914e+18,0.000000
6,-5,-37,8.6281598e+18,0.000000
8,4,-26,8.6280333e+18,0.000000
10,2,-31,8.6110437e+18,0.000000
10,0,-41,8.5254738e+18,0.000000
10,0,41,8.5254738e+18,0.000000
6,-4,-55,8.3999093e+18,0.000000
8,-2,-40,8.252895e+18,0.000000
10,10,4,8.2392948e+18,0.000000
10,0,-42,8.2359729e+18,0.000000
10,0,42,8.2359729e+18,0.000000
7,-5,-30,8.2278335e+18,0.000000
10,-1,-25,8.1383611e+18,0.000000
7,5,-18,8.0519314e+18,0.000000
6,-4,-49,8.0404933e+18,0.000000
7,-6,-23,7.9770819e+18,0.000000
10,-1,-24,7.9301612e+18,0.000000
10,-1,-26,7.8898331e+18,0.000000
3,3,-52,7.8443547e+18,0.000000
6,4,-33,7.7275013e+18,0.000000
5,3,-47,7.6949669e+18,0.000000
8,3,-30,7.5106916e+18,0.000000
10,10,5,7.4753024e+18,0.000000
10,10,6,7.4752993e+18,0.000000
6,5,-6,7.455459e+18,0.000000
5,-4,-46,7.4255801e+18,0.000000
10,-4,-16,7.3139724e+18,0.000000
10,-1,-23,7.3067069e+18,0.000000
10,-1,-27,7.2810888e+18,0.000000
5,4,-30,7.1621553e+18,0.000000
10,0,-43,7.110491e+18,0.000000
10,0,43,7.110491e+18,0.000000
7,2,-48,7.1084768e+18,0.000000
10,9,-3,7.0649488e+18,0.000000
9,-1,-48,7.0630185e+18,0.000000
7,4,-26,7.0591251e+18,0.000000
6,-4,-54,6.9958518e+18,0.000000
10,1,-36,6.9762166e+18,0.000000
10,-3,-12,6.9566393e+18,0.000000
8,-4,-41,6.9516983e+18,0.000000
7,-5,-31,6.8882455e+18,0.000000
10,-3,-13,6.8756526e+18,0.000000
6,-4,-50,6.8576137e+18,0.000000
3,3,-53,6.8490415e+18,0.000000
8,2,-40,6.8024914e+18,0.000000
6,-4,-53,6.7863637e+18,0.000000
8,-3,-43,6.6602761e+18,0.000000
9,5,-5,6.6287673e+18,0.000000
10,10,3,6.6143841e+18,0.000000
10,-1,-21,6.611275e+18,0.000000
6,3,-42,6.6055134e+18,0.000000
10,-1,-22,6.5910527e+18,0.000000
8,-6,-24,6.4601707e+18,0.000000
10,-1,-28,6.4447176e+18,0.000000
7,-2,-32,6.4120051e+18,0.000000
7,-7,-17,6.3584687e+18,0.000000
10,0,-44,6.3309761e+18,0.000000
10,0,44,6.3309761e+18,0.000000
7,-5,-32,6.3196075e+18,0.000000
9,-5,-25,6.3176675e+18,0.000000
7,3,-41,6.2415204e+18,0.000000
7,-4,-41,6.1998301e+18,0.000000
9,-2,-34,6.1920619e+18,0.000000
9,-4,-28,6.1904421e+18,0.000000
6,-4,-52,6.1756614e+18,0.000000
6,-4,-51,6.1669568e+18,0.000000
10,-3,-14,6.1336696e+18,0.000000
9,2,-33,6.1334352e+18,0.000000
10,-3,-11,6.1298908e+18,0.000000
10,-2,-33,6.1238951e+18,0.000000
10,-1,41,6.1134529e+18,0.000000
3,3,-54,6.0982758e+18,0.000000
10,-4,-7,5.9841385e+18,0.000000
10,1,44,5.87079e+18,0.000000
5,-4,-55,5.8103057e+18,0.000000
4,3,-46,5.7331526e+18,0.000000
10,3,-12,5.7321551e+18,0.000000
8,-5,-22,5.7192884e+18,0.000000
6,-5,-38,5.673181e+18,0.000000
10,2,-32,5.6589553e+18,0.000000
5,5,-22,5.6565881e+18,0.000000
10,3,-11,5.635011e+18,0.000000
7,-5,-33,5.622282e+18,0.000000
5,-4,-47,5.5657e+18,0.000000
10,-1,-29,5.51053e+18,0.000000
3,3,-55,5.5029369e+18,0.000000
8,3,-31,5.4902012e+18,0.000000
10,0,-45,5.4664532e+18,0.000000
10,0,45,5.4664532e+18,0.000000
7,2,-49,5.460035e+18,0.000000
5,-4,-54,5.4425708e+18,0.000000
8,-1,-52,5.4255169e+18,0.000000
8,4,-27,5.3222707e+18,0.000000
10,3,-13,5.2371521e+18,0.000000
4,4,-35,5.2328436e+18,0.000000
6,5,-14,5.2273018e+18,0.000000
10,10,1,5.2132278e+18,0.000000
5,-4,-53,5.1250803e+18,0.000000
10,1,-37,5.087521e+18,0.000000
10,-3,-15,5.0479102e+18,0.000000
6,-6,-34,5.0294598e+18,0.000000
8,1,-51,5.0112408e+18,0.000000
5,-4,-48,4.957014e+18,0.000000
7,-6,-24,4.9491476e+18,0.000000
7,-5,-34,4.9035268e+18,0.000000
10,10,0,4.8773798e+18,0.000000
5,-4,-52,4.8773525e+18,0.000000
5,-5,-47,4.8240023e+18,0.000000
10,3,-10,4.7444948e+18,0.000000
5,-4,-51,4.7256144e+18,0.000000
5,-4,-49,4.709323e+18,0.000000
10,0,-46,4.686864e+18,0.000000
10,0,46,4.686864e+18,0.000000
5,-4,-50,4.6739447e+18,0.000000
5,3,-48,4.6656494e+18,0.000000
10,10,2,4.6286771e+18,0.000000
6,6,-15,4.6233787e+18,0.000000
8,-3,-44,4.579084e+18,0.000000
10,-1,-30,4.5743911e+18,0.000000
10,9,-5,4.5599291e+18,0.000000
9,-5,-46,4.5233775e+18,0.000000
10,2,-4,4.4603403e+18,0.000000
9,-1,-49,4.4138683e+18,0.000000
10,-3,-10,4.4119564e+18,0.000000
10,3,-14,4.4110525e+18,0.000000
9,-4,-29,4.2250357e+18,0.000000
10,1,45,4.2082363e+18,0.000000
9,-3,-29,4.1985209e+18,0.000000
8,-6,-25,4.1700488e+18,0.000000
10,9,-2,4.1649501e+18,0.000000
7,2,-50,4.1478622e+18,0.000000
10,0,-47,4.1463303e+18,0.000000
10,0,47,4.1463303e+18,0.000000
7,4,-27,4.1419524e+18,0.000000
9,1,-50,4.1199597e+18,0.000000
6,4,-34,4.0994287e+18,0.000000
6,3,-43,4.0663155e+18,0.000000
7,-5,-35,4.0419028e+18,0.000000
10,-2,-34,4.0268664e+18,0.000000
10,10,-2,4.0219719e+18,0.000000
7,3,-42,4.0059959e+18,0.000000
8,3,-32,3.9607073e+18,0.000000
7,5,-19,3.9507885e+18,0.000000
8,-4,-42,3.8993413e+18,0.000000
10,-3,-16,3.887165e+18,0.000000
7,-7,-18,3.8142705e+18,0.000000
9,3,-26,3.8052347e+18,0.000000
6,-5,-39,3.7248272e+18,0.000000
5,4,-31,3.7236566e+18,0.000000
10,-1,-31,3.7049816e+18,0.000000
10,1,-38,3.6681718e+18,0.000000
10,2,-33,3.6451147e+18,0.000000
10,-1,42,3.6437189e+18,0.000000
9,-4,-4,3.6370645e+18,0.000000
9,-5,-26,3.6286438e+18,0.000000
10,3,-15,3.478029e+18,0.000000
9,-2,-35,3.4630841e+18,0.000000
9,2,-34,3.4330505e+18,0.000000
10,2,-49,3.4270368e+18,0.000000
10,-6,-41,3.4218265e+18,0.000000
4,3,-47,3.3395142e+18,0.000000
10,10,-6,3.3095366e+18,0.000000
10,0,-48,3.2910803e+18,0.000000
10,0,48,3.2910803e+18,0.000000
10,1,46,3.2813666e+18,0.000000
7,-5,-36,3.2717021e+18,0.000000
7,-4,-42,3.2671475e+18,0.000000
8,4,-28,3.2549227e+18,0.000000
5,5,-23,3.2540588e+18,0.000000
8,-2,-41,3.2367915e+18,0.000000
10,4,-10,3.1869779e+18,0.000000
6,5,-15,3.1428423e+18,0.000000
8,-3,-45,3.1388644e+18,0.000000
7,2,-51,3.1274954e+18,0.000000
10,3,-9,3.1027291e+18,0.000000
10,10,-1,3.0888919e+18,0.000000
7,-6,-7,3.086932e+18,0.000000
8,-2,-2,3.0662312e+18,0.000000
7,-6,-25,3.059734e+18,0.000000
8,-6,-41,3.0324546e+18,0.000000
5,-5,-48,2.9991199e+18,0.000000
8,-1,-53,2.9920212e+18,0.000000
10,10,-4,2.9746825e+18,0.000000
7,-5,-46,2.9597437e+18,0.000000
8,2,-3,2.9467779e+18,0.000000
10,-4,-17,2.9404404e+18,0.000000
10,-1,-32,2.9357843e+18,0.000000
5,3,-49,2.898145e+18,0.000000
10,4,-9,2.8796539e+18,0.000000
6,-6,-35,2.8668381e+18,0.000000
8,-5,-23,2.860007e+18,0.000000
9,-4,-30,2.8566793e+18,0.000000
7,-5,-38,2.8463527e+18,0.000000
9,-1,-50,2.8454812e+18,0.000000
10,-3,-17,2.8273119e+18,0.000000
8,3,-33,2.8240045e+18,0.000000
7,-2,-33,2.8183609e+18,0.000000
9,-3,-30,2.8037263e+18,0.000000
9,-3,-54,2.7873692e+18,0.000000
9,-9,-9,2.7831494e+18,0.000000
10,1,47,2.7333105e+18,0.000000
10,0,-49,2.7236746e+18,0.000000
10,0,49,2.7236746e+18,0.000000
10,-10,-9,2.7096303e+18,0.000000
8,2,-49,2.7043645e+18,0.000000
8,1,-52,2.6762786e+18,0.000000
8,-6,-26,2.6757587e+18,0.000000
4,4,-36,2.6399154e+18,0.000000
10,1,-39,2.6266288e+18,0.000000
8,2,-41,2.6114685e+18,0.000000
9,1,-51,2.5958695e+18,0.000000
10,3,-16,2.5916034e+18,0.000000
10,-2,-35,2.5803427e+18,0.000000
7,3,-43,2.5654211e+18,0.000000
10,4,-11,2.5586767e+18,0.000000
9,-3,-31,2.5463844e+18,0.000000
7,-5,-37,2.5344134e+18,0.000000
9,-3,-32,2.5127085e+18,0.000000
6,3,-44,2.495682e+18,0.000000
9,-3,-33,2.4929434e+18,0.000000
10,10,-3,2.4582485e+18,0.000000
6,-5,-40,2.4424294e+18,0.000000
7,4,-28,2.4154774e+18,0.000000
10,0,-50,2.3973715e+18,0.000000
10,0,50,2.3973715e+18,0.000000
6,6,-16,2.3872915e+18,0.000000
10,1,48,2.3619787e+18,0.000000
10,2,-34,2.34683e+18,0.000000
7,2,-52,2.338598e+18,0.000000
9,-3,-34,2.3048527e+18,0.000000
10,-1,-33,2.2843667e+18,0.000000
10,-3,-9,2.2698275e+18,0.000000
10,-1,43,2.2433889e+18,0.000000
7,-7,-19,2.2333087e+18,0.000000
10,-1,45,2.2275374e+18,0.000000
6,4,-35,2.1657044e+18,0.000000
8,-3,-46,2.1399578e+18,0.000000
9,-3,-35,2.094448e+18,0.000000
10,1,49,2.081278e+18,0.000000
9,-5,-27,2.0496354e+18,0.000000
8,3,-34,1.9949751e+18,0.000000
8,4,-29,1.9785946e+18,0.000000
4,3,-48,1.9546626e+18,0.000000
10,-3,-18,1.9545232e+18,0.000000
5,4,-32,1.9250897e+18,0.000000
9,-4,-31,1.9176853e+18,0.000000
5,-5,-49,1.9139682e+18,0.000000
6,5,-16,1.9126945e+18,0.000000
7,5,-20,1.9008238e+18,0.000000
9,-2,-36,1.8871946e+18,0.000000
7,-6,-26,1.8866957e+18,0.000000
5,5,-24,1.8820538e+18,0.000000
9,2,-35,1.8809379e+18,0.000000
5,3,-50,1.8636799e+18,0.000000
10,1,-40,1.8612733e+18,0.000000
8,-1,-54,1.8513237e+18,0.000000
10,1,50,1.8405333e+18,0.000000
10,3,-17,1.8356805e+18,0.000000
9,-1,-51,1.8032028e+18,0.000000
10,0,-51,1.8003265e+18,0.000000
10,0,51,1.8003265e+18,0.000000
9,-3,-36,1.7884206e+18,0.000000
10,-4,-22,1.7685071e+18,0.000000
10,-1,-34,1.747686e+18,0.000000
7,2,-53,1.734263e+18,0.000000
10,4,-12,1.717916e+18,0.000000
10,-4,-23,1.7149749e+18,0.000000
7,-4,-43,1.7115743e+18,0.000000
8,-6,-27,1.7115152e+18,0.000000
8,8,-8,1.6981483e+18,0.000000
8,-4,-43,1.6912707e+18,0.000000
10,9,-6,1.6832214e+18,0.000000
10,-4,-21,1.6713638e+18,0.000000
10,-2,-36,1.665664e+18,0.000000
6,-6,-36,1.6411311e+18,0.000000
9,1,-52,1.6309076e+18,0.000000
7,3,-44,1.6276483e+18,0.000000
10,1,51,1.6217048e+18,0.000000
6,-5,-41,1.5990036e+18,0.000000
9,3,-27,1.584861e+18,0.000000
10,-4,-24,1.5542246e+18,0.000000
6,3,-45,1.5270413e+18,0.000000
9,-3,-37,1.5016891e+18,0.000000
10,10,-5,1.4734599e+18,0.000000
10,2,-35,1.4730914e+18,0.000000
10,-1,44,1.4665785e+18,0.000000
10,1,52,1.4647542e+18,0.000000
8,1,-53,1.4594808e+18,0.000000
10,-4,-40,1.456175e+18,0.000000
9,1,-2,1.4476102e+18,0.000000
7,-5,-39,1.4452653e+18,0.000000
8,-3,-47,1.4450807e+18,0.000000
10,0,-52,1.4450159e+18,0.000000
10,0,52,1.4450159e+18,0.000000
10,-4,-20,1.4362347e+18,0.000000
8,-1,-55,1.4192395e+18,0.000000
10,-4,-18,1.4171503e+18,0.000000
9,5,-11,1.4164688e+18,0.000000
10,-2,-4,1.4139505e+18,0.000000
10,9,-4,1.4073688e+18,0.000000
7,4,-29,1.4006112e+18,0.000000
8,3,-35,1.3971358e+18,0.000000
9,5,-12,1.3951382e+18,0.000000
8,-5,-24,1.3918878e+18,0.000000
9,-1,-52,1.3550299e+18,0.000000
4,4,-37,1.3510578e+18,0.000000
10,-9,-8,1.3490327e+18,0.000000
10,-4,-25,1.3339456e+18,0.000000
8,7,-7,1.3252468e+18,0.000000
10,-1,-35,1.3188767e+18,0.000000
10,1,-41,1.3125154e+18,0.000000
7,-2,-34,1.2994788e+18,0.000000
10,-3,-19,1.2891827e+18,0.000000
7,-7,-20,1.2820939e+18,0.000000
9,-4,-32,1.2763581e+18,0.000000
7,2,-54,1.2743278e+18,0.000000
6,6,-8,1.2723787e+18,0.000000
6,6,-17,1.2408075e+18,0.000000
10,3,-18,1.2403965e+18,0.000000
10,3,-8,1.2341188e+18,0.000000
10,1,53,1.2340558e+18,0.000000
5,-5,-50,1.2307654e+18,0.000000
5,3,-51,1.2271801e+18,0.000000
7,-5,-45,1.2234023e+18,0.000000
10,-4,-19,1.210585e+18,0.000000
9,-5,-45,1.2009263e+18,0.000000
9,-3,-38,1.2002462e+18,0.000000
8,-2,-42,1.1976762e+18,0.000000
8,4,-30,1.1938556e+18,0.000000
10,0,-53,1.1873042e+18,0.000000
10,0,53,1.1873042e+18,0.000000
6,5,-17,1.1778779e+18,0.000000
9,5,-13,1.1697251e+18,0.000000
7,-6,-27,1.1608595e+18,0.000000
4,3,-49,1.1520246e+18,0.000000
9,-5,-28,1.1440535e+18,0.000000
6,4,-36,1.1386744e+18,0.000000
10,-4,-26,1.1000091e+18,0.000000
5,5,-25,1.0928411e+18,0.000000
8,-6,-28,1.0888132e+18,0.000000
9,-5,-38,1.0876851e+18,0.000000
10,4,-8,1.0872341e+18,0.000000
8,-2,-49,1.0736053e+18,0.000000
10,1,54,1.0663852e+18,0.000000
7,-5,-40,1.0624379e+18,0.000000
10,-2,-37,1.0599905e+18,0.000000
9,4,-14,1.0559873e+18,0.000000
10,10,-7,1.0540438e+18,0.000000
9,1,-53,1.0539982e+18,0.000000
6,-5,-42,1.0453994e+18,0.000000
9,4,-15,1.0349728e+18,0.000000
7,3,-45,1.0328224e+18,0.000000
9,5,-10,1.0225878e+18,0.000000
10,4,-13,1.0155294e+18,0.000000
9,2,-36,1.0043306e+18,0.000000
9,-2,-37,1.0019072e+18,0.000000
8,-4,-44,1.000054e+18,0.000000
10,0,-55,9.9129596e+17,0.000000
10,0,55,9.9129596e+17,0.000000
5,4,-33,9.8870813e+17,0.000000
10,-1,-36,9.817341e+17,0.000000
9,4,-13,9.7983565e+17,0.000000
8,-3,-48,9.7320554e+17,0.000000
8,3,-36,9.7196754e+17,0.000000
9,-3,-39,9.6982278e+17,0.000000
9,4,-7,9.6211927e+17,0.000000
10,-4,-41,9.6194827e+17,0.000000
10,0,-54,9.5099039e+17,0.000000
10,0,54,9.5099039e+17,0.000000
9,4,-16,9.4429078e+17,0.000000
6,-6,-37,9.4034815e+17,0.000000
7,-5,-42,9.3623465e+17,0.000000
9,8,-7,9.353088e+17,0.000000
10,2,-36,9.3191081e+17,0.000000
6,3,-46,9.3183084e+17,0.000000
7,2,-55,9.2824034e+17,0.000000
10,1,-42,9.1922126e+17,0.000000
10,1,55,9.1831046e+17,0.000000
8,2,-42,9.1714924e+17,0.000000
7,-4,-44,9.0919604e+17,0.000000
8,-4,-55,8.9849584e+17,0.000000
8,1,-54,8.9768773e+17,0.000000
7,5,-21,8.9400679e+17,0.000000
9,5,-14,8.9354816e+17,0.000000
10,-4,-27,8.7437572e+17,0.000000
9,-5,-52,8.5850314e+17,0.000000
9,-4,-33,8.4526108e+17,0.000000
5,3,-52,8.4116324e+17,0.000000
8,-2,-48,8.3647202e+17,0.000000
10,8,-7,8.3087681e+17,0.000000
5,-5,-51,8.2959104e+17,0.000000
9,4,-17,8.1438342e+17,0.000000
10,-3,-20,8.1293628e+17,0.000000
8,-2,-50,8.118623e+17,0.000000
7,4,-30,8.0793323e+17,0.000000
10,3,-19,8.0108638e+17,0.000000
10,-1,46,8.0100086e+17,0.000000
9,4,-12,7.9788144e+17,0.000000
9,-8,-8,7.9591561e+17,0.000000
8,-2,-47,7.9053571e+17,0.000000
5,-5,-52,7.8325461e+17,0.000000
9,9,-8,7.823361e+17,0.000000
7,-5,-41,7.8169692e+17,0.000000
9,-1,-53,7.6129193e+17,0.000000
9,-3,-40,7.5319086e+17,0.000000
6,5,-18,7.3278213e+17,0.000000
10,-2,-49,7.2887109e+17,0.000000
7,-2,-35,7.2769132e+17,0.000000
7,-7,-21,7.2423175e+17,0.000000
10,-1,-37,7.2315664e+17,0.000000
8,-2,-51,7.2189136e+17,0.000000
9,3,-3,7.1828208e+17,0.000000
8,4,-31,7.1794582e+17,0.000000
9,4,-8,7.1727164e+17,0.000000
7,-6,-28,7.1322128e+17,0.000000
4,4,-38,7.0775898e+17,0.000000
8,-6,-29,6.9266945e+17,0.000000
10,-2,-38,6.914016e+17,0.000000
4,3,-50,6.8538677e+17,0.000000
6,-5,-43,6.8420372e+17,0.000000
9,-3,-42,6.8266909e+17,0.000000
8,-2,-46,6.8144379e+17,0.000000
10,-4,-28,6.7969777e+17,0.000000
8,-3,-49,6.7965259e+17,0.000000
8,1,-55,6.7635674e+17,0.000000
8,3,-37,6.7163416e+17,0.000000
8,-5,-25,6.7110153e+17,0.000000
9,4,-18,6.7082777e+17,0.000000
9,-5,-42,6.6290222e+17,0.000000
10,-1,47,6.6003515e+17,0.000000
9,3,-28,6.5842441e+17,0.000000
8,-2,-55,6.5804274e+17,0.000000
7,-5,-52,6.5685374e+17,0.000000
7,3,-46,6.4901663e+17,0.000000
6,6,-18,6.4844513e+17,0.000000
7,-2,-3,6.4407356e+17,0.000000
9,5,-15,6.4194228e+17,0.000000
10,1,-43,6.3831869e+17,0.000000
5,5,-26,6.3635234e+17,0.000000
8,-2,-52,6.3512412e+17,0.000000
10,3,-6,6.2783256e+17,0.000000
9,-5,-29,6.236305e+17,0.000000
9,1,-54,6.1227205e+17,0.000000
9,-3,-41,6.0925039e+17,0.000000
8,2,-48,6.0269406e+17,0.000000
8,5,-9,5.969775e+17,0.000000
5,3,-53,5.9553071e+17,0.000000
6,4,-37,5.9529021e+17,0.000000
6,-6,-41,5.8727825e+17,0.000000
10,-3,-8,5.8418471e+17,0.000000
8,-4,-45,5.7615139e+17,0.000000
8,5,-10,5.7464076e+17,0.000000
10,-6,-6,5.744702e+17,0.000000
8,2,-47,5.7402579e+17,0.000000
8,2,-50,5.7235814e+17,0.000000
10,2,-37,5.6997889e+17,0.000000
6,3,-47,5.6760977e+17,0.000000
10,-1,48,5.6637315e+17,0.000000
9,-4,-34,5.5436946e+17,0.000000
7,-2,-36,5.4994313e+17,0.000000
8,-2,-53,5.4906099e+17,0.000000
9,4,-11,5.4620014e+17,0.000000
6,-6,-38,5.4143622e+17,0.000000
10,4,-14,5.3877384e+17,0.000000
9,7,-7,5.3872354e+17,0.000000
8,-2,-45,5.3448318e+17,0.000000
9,4,-19,5.3170657e+17,0.000000
8,-2,-54,5.2841064e+17,0.000000
10,-1,-38,5.2693984e+17,0.000000
9,2,-37,5.2213335e+17,0.000000
9,-2,-38,5.1585693e+17,0.000000
10,7,-6,5.1439578e+17,0.000000
10,-1,-3,5.1279612e+17,0.000000
10,-4,-29,5.123407e+17,0.000000
7,-2,-37,5.1050144e+17,0.000000
5,4,-34,5.0380656e+17,0.000000
7,-2,-38,5.0128139e+17,0.000000
8,2,-46,5.0085426e+17,0.000000
8,2,-51,5.0002198e+17,0.000000
10,-1,49,4.9603352e+17,0.000000
10,3,-20,4.9478549e+17,0.000000
8,-2,-3,4.9206959e+17,0.000000
10,-3,-21,4.9022548e+17,0.000000
7,3,-4,4.8669801e+17,0.000000
8,-2,-43,4.8565752e+17,0.000000
7,-2,-39,4.841594e+17,0.000000
9,-3,-3,4.6692692e+17,0.000000
8,5,-11,4.6417833e+17,0.000000
7,4,-31,4.6363086e+17,0.000000
8,3,-38,4.6184146e+17,0.000000
9,5,-8,4.6160712e+17,0.000000
7,-4,-45,4.6061487e+17,0.000000
6,5,-19,4.5952257e+17,0.000000
7,-2,-40,4.5112242e+17,0.000000
6,-5,-44,4.450763e+17,0.000000
9,5,-16,4.4104713e+17,0.000000
10,1,-44,4.4089333e+17,0.000000
9,-1,-54,4.3878273e+17,0.000000
7,-6,-29,4.3749408e+17,0.000000
8,-6,-30,4.3737873e+17,0.000000
10,-1,50,4.3603072e+17,0.000000
8,-3,-50,4.3482394e+17,0.000000
5,3,-54,4.3286645e+17,0.000000
8,2,-52,4.2903531e+17,0.000000
8,4,-32,4.2839628e+17,0.000000
10,1,0,4.270227e+17,0.000000
10,-2,-39,4.2504837e+17,0.000000
5,-5,-53,4.1772817e+17,0.000000
4,3,-51,4.1266239e+17,0.000000
7,3,-47,4.1126957e+17,0.000000
7,5,-22,4.0953067e+17,0.000000
9,4,-20,4.0777746e+17,0.000000
7,-2,-41,4.0551432e+17,0.000000
8,-2,-44,4.0378657e+17,0.000000
7,-7,-22,4.0355668e+17,0.000000
9,4,-4,4.0291252e+17,0.000000
8,2,-45,4.006499e+17,0.000000
8,-4,-53,3.9988662e+17,0.000000
10,-4,-42,3.9821922e+17,0.000000
7,-5,-43,3.9814786e+17,0.000000
7,5,-6,3.9200211e+17,0.000000
8,5,-8,3.8901921e+17,0.000000
4,4,-39,3.8430629e+17,0.000000
10,-4,-30,3.833916e+17,0.000000
10,-1,51,3.82235e+17,0.000000
10,-1,-39,3.8213565e+17,0.000000
5,5,-27,3.7136574e+17,0.000000
5,-5,-54,3.6941165e+17,0.000000
8,2,-43,3.6804894e+17,0.000000
8,2,-53,3.6703021e+17,0.000000
9,1,-55,3.6697739e+17,0.000000
10,4,-7,3.6453128e+17,0.000000
9,-4,-35,3.6259836e+17,0.000000
10,-6,-53,3.5975223e+17,0.000000
8,-4,-47,3.5807368e+17,0.000000
10,2,-38,3.5452132e+17,0.000000
7,-2,-42,3.5336949e+17,0.000000
8,-4,-46,3.5230052e+17,0.000000
9,4,-9,3.5215775e+17,0.000000
10,-2,-55,3.5214393e+17,0.000000
9,-3,-44,3.4956886e+17,0.000000
6,3,-48,3.4575122e+17,0.000000
9,-3,-43,3.4152934e+17,0.000000
8,5,-12,3.4123843e+17,0.000000
6,6,-19,3.4027376e+17,0.000000
9,-5,-30,3.3708432e+17,0.000000
9,4,-10,3.3556409e+17,0.000000
10,-4,-55,3.3498106e+17,0.000000
8,-5,-26,3.3435638e+17,0.000000
10,-1,52,3.330252e+17,0.000000
8,2,-44,3.2715968e+17,0.000000
5,3,-55,3.2001783e+17,0.000000
9,-3,-52,3.1764639e+17,0.000000
8,3,-39,3.159127e+17,0.000000
6,-6,-39,3.1273087e+17,0.000000
9,3,-29,3.1153813e+17,0.000000
6,4,-38,3.0907696e+17,0.000000
8,2,-54,3.0535987e+17,0.000000
9,4,-21,3.0393129e+17,0.000000
7,-2,-43,3.000787e+17,0.000000
9,5,-17,2.9257598e+17,0.000000
10,3,-21,2.9209955e+17,0.000000
6,5,-20,2.8978498e+17,0.000000
6,-5,-45,2.887851e+17,0.000000
10,-1,53,2.882114e+17,0.000000
8,-3,-51,2.87501e+17,0.000000
10,-3,-22,2.8239713e+17,0.000000
5,-5,-55,2.8180908e+17,0.000000
9,-3,-45,2.8151885e+17,0.000000
8,-6,-31,2.7769993e+17,0.000000
10,-4,-31,2.7747311e+17,0.000000
10,-1,-40,2.7215415e+17,0.000000
7,-6,-30,2.6818581e+17,0.000000
7,-5,-44,2.6741758e+17,0.000000
7,4,-32,2.6472455e+17,0.000000
9,2,-38,2.6328305e+17,0.000000
9,-1,-55,2.6199937e+17,0.000000
9,-2,-39,2.5948288e+17,0.000000
10,4,-15,2.5842977e+17,0.000000
7,3,-48,2.5631322e+17,0.000000
8,4,-33,2.5543379e+17,0.000000
5,4,-35,2.5429241e+17,0.000000
4,3,-52,2.5225978e+17,0.000000
7,-4,-46,2.4973838e+17,0.000000
7,-2,-44,2.4948974e+17,0.000000
8,2,-55,2.4917279e+17,0.000000
10,-2,-40,2.4868637e+17,0.000000
10,-1,54,2.4789993e+17,0.000000
9,5,-9,2.474058e+17,0.000000
10,-3,-6,2.4060197e+17,0.000000
8,5,-13,2.3581895e+17,0.000000
9,-4,-36,2.345612e+17,0.000000
9,-1,-2,2.2398368e+17,0.000000
7,-7,-23,2.2229231e+17,0.000000
9,4,-22,2.2094722e+17,0.000000
4,4,-40,2.1994872e+17,0.000000
5,5,-28,2.1708787e+17,0.000000
8,-6,-53,2.1707591e+17,0.000000
8,3,-40,2.1527088e+17,0.000000
10,-1,55,2.1254328e+17,0.000000
6,3,-49,2.1133898e+17,0.000000
10,2,-39,2.1035661e+17,0.000000
10,-5,-14,2.0813694e+17,0.000000
10,1,-46,2.0728637e+17,0.000000
7,-2,-45,2.0380669e+17,0.000000
10,3,-7,2.034308e+17,0.000000
10,-4,-32,2.0312038e+17,0.000000
8,-4,-50,2.0232831e+17,0.000000
9,3,-30,2.0168361e+17,0.000000
8,-3,-52,1.9927003e+17,0.000000
10,-5,-15,1.9911154e+17,0.000000
8,-5,-7,1.9853598e+17,0.000000
10,-5,-13,1.9378891e+17,0.000000
10,-1,-41,1.9361644e+17,0.000000
10,-6,-46,1.9334227e+17,0.000000
9,-5,-55,1.8867711e+17,0.000000
9,5,-18,1.8848803e+17,0.000000
6,-5,-46,1.8821818e+17,0.000000
8,-5,-27,1.8552269e+17,0.000000
6,-6,-40,1.8540028e+17,0.000000
10,-2,-42,1.8457549e+17,0.000000
6,5,-21,1.8337492e+17,0.000000
7,5,-23,1.8199143e+17,0.000000
10,-8,-8,1.8143924e+17,0.000000
6,6,-20,1.7906557e+17,0.000000
9,3,-31,1.7628433e+17,0.000000
10,-5,-16,1.7493432e+17,0.000000
9,-5,-31,1.7484514e+17,0.000000
8,-6,-32,1.7384833e+17,0.000000
9,6,-6,1.697085e+17,0.000000
8,6,-9,1.6786905e+17,0.000000
9,3,-32,1.6746916e+17,0.000000
10,3,-22,1.6458135e+17,0.000000
7,-6,-31,1.6413146e+17,0.000000
7,-2,-46,1.6406683e+17,0.000000
10,-4,-53,1.6406129e+17,0.000000
8,-3,-54,1.6246617e+17,0.000000
7,3,-49,1.6169878e+17,0.000000
9,-5,-49,1.6064979e+17,0.000000
9,3,-33,1.6040458e+17,0.000000
7,-5,-54,1.6006213e+17,0.000000
6,4,-39,1.593049e+17,0.000000
9,4,-23,1.57151e+17,0.000000
4,3,-53,1.5711108e+17,0.000000
9,-7,-14,1.5617808e+17,0.000000
8,5,-14,1.5557554e+17,0.000000
9,-7,-13,1.5520685e+17,0.000000
10,-3,-23,1.5505388e+17,0.000000
9,-5,-53,1.5420989e+17,0.000000
8,-4,-54,1.5420956e+17,0.000000
10,-5,-12,1.5259127e+17,0.000000
9,-4,-37,1.5156074e+17,0.000000
8,4,-34,1.5088504e+17,0.000000
7,-4,-47,1.5086379e+17,0.000000
7,4,-33,1.5031039e+17,0.000000
10,-2,-41,1.4796195e+17,0.000000
8,3,-41,1.4599577e+17,0.000000
10,-6,-12,1.4422396e+17,0.000000
10,-5,-17,1.4395232e+17,0.000000
9,3,-34,1.4346639e+17,0.000000
10,-4,-33,1.4156552e+17,0.000000
10,1,-47,1.4121051e+17,0.000000
9,-3,-46,1.3909589e+17,0.000000
10,-1,-42,1.3778113e+17,0.000000
4,4,-41,1.3500812e+17,0.000000
9,-7,-15,1.3454101e+17,0.000000
8,-4,-48,1.3392419e+17,0.000000
6,3,-50,1.3055433e+17,0.000000
7,-2,-47,1.3042049e+17,0.000000
9,2,-39,1.2941806e+17,0.000000
9,-2,-40,1.2890042e+17,0.000000
8,-3,-55,1.2850777e+17,0.000000
10,2,-40,1.2840255e+17,0.000000
9,-5,-54,1.2830481e+17,0.000000
10,-6,-11,1.273406e+17,0.000000
5,5,-29,1.2709282e+17,0.000000
5,4,-36,1.2688466e+17,0.000000
9,3,-50,1.2646712e+17,0.000000
9,3,-35,1.2631286e+17,0.000000
7,3,-50,1.2522017e+17,0.000000
8,-3,-53,1.2450078e+17,0.000000
8,-5,-28,1.228849e+17,0.000000
9,-3,-50,1.2224015e+17,0.000000
6,-5,-47,1.2207987e+17,0.000000
7,-7,-24,1.2113597e+17,0.000000
7,-4,-48,1.2072044e+17,0.000000
10,-6,-13,1.1991965e+17,0.000000
9,5,-19,1.1836864e+17,0.000000
7,-5,-55,1.1775032e+17,0.000000
6,5,-22,1.1622378e+17,0.000000
9,-7,-12,1.1544952e+17,0.000000
10,4,-16,1.1409785e+17,0.000000
10,-5,-18,1.1243948e+17,0.000000
8,-6,-33,1.1060957e+17,0.000000
9,4,-24,1.0964665e+17,0.000000
8,-6,-46,1.0893516e+17,0.000000
7,-6,-8,1.0788105e+17,0.000000
9,-7,-16,1.0521454e+17,0.000000
8,-6,-7,1.0433909e+17,0.000000
7,-5,-47,1.0411347e+17,0.000000
9,3,-36,1.0365302e+17,0.000000
10,-6,-42,1.0352889e+17,0.000000
10,-4,-34,1.0283826e+17,0.000000
7,-2,-48,1.0254032e+17,0.000000
7,-6,-32,1.0043573e+17,0.000000
4,3,-54,1.0014737e+17,0.000000
8,5,-15,9.8766203e+16,0.000000
8,3,-42,9.8674969e+16,0.000000
10,1,-48,9.7780525e+16,0.000000
7,7,-8,9.6975303e+16,0.000000
9,-4,-38,9.6613809e+16,0.000000
8,-5,-29,9.6213757e+16,0.000000
9,-3,-47,9.5831028e+16,0.000000
10,-1,-43,9.5778274e+16,0.000000
10,9,-7,9.4937996e+16,0.000000
6,6,-21,9.4392964e+16,0.000000
7,-5,-49,9.2086745e+16,0.000000
10,-5,-11,9.1997068e+16,0.000000
10,0,-1,9.1502708e+16,0.000000
10,0,1,9.1502708e+16,0.000000
9,-5,-32,9.0989335e+16,0.000000
4,4,-42,8.9941124e+16,0.000000
8,4,-35,8.9284406e+16,0.000000
10,3,-23,8.8312717e+16,0.000000
7,-4,-49,8.6472822e+16,0.000000
9,3,-37,8.5305915e+16,0.000000
7,4,-34,8.4872892e+16,0.000000
10,-5,-19,8.4151089e+16,0.000000
10,-1,0,8.3577065e+16,0.000000
10,-6,-14,8.3350503e+16,0.000000
8,-5,-30,8.3074995e+16,0.000000
6,3,-51,8.1693825e+16,0.000000
6,4,-40,8.133971e+16,0.000000
10,-3,-24,8.1023009e+16,0.000000
7,-2,-49,7.9826995e+16,0.000000
9,-6,-15,7.974555e+16,0.000000
9,-3,-49,7.9290704e+16,0.000000
6,-5,-48,7.9099116e+16,0.000000
9,-6,-16,7.8790532e+16,0.000000
10,-4,-50,7.8445341e+16,0.000000
7,5,-24,7.806156e+16,0.000000
10,1,-49,7.7827876e+16,0.000000
8,-4,-49,7.7274435e+16,0.000000
9,-7,-17,7.706209e+16,0.000000
7,-4,-50,7.6929589e+16,0.000000
7,-5,-48,7.6487763e+16,0.000000
9,4,-25,7.5232191e+16,0.000000
10,-4,-44,7.4871437e+16,0.000000
5,5,-30,7.4497158e+16,0.000000
10,-4,-54,7.3781625e+16,0.000000
6,5,-23,7.3677042e+16,0.000000
8,-5,-31,7.3363437e+16,0.000000
10,2,-41,7.3164442e+16,0.000000
9,5,-20,7.2646824e+16,0.000000
6,-6,-42,7.2012409e+16,0.000000
9,-6,-17,7.1728174e+16,0.000000
9,-6,-14,7.1704049e+16,0.000000
7,-4,-51,7.0801937e+16,0.000000
10,-3,-7,7.0291122e+16,0.000000
7,-5,-53,6.9474676e+16,0.000000
10,-4,-35,6.8894511e+16,0.000000
8,-6,-42,6.8699867e+16,0.000000
9,-3,-48,6.8575099e+16,0.000000
8,-6,-34,6.8405276e+16,0.000000
7,3,-51,6.7087334e+16,0.000000
9,-2,-41,6.6851199e+16,0.000000
10,-1,-44,6.6829933e+16,0.000000
7,-4,-53,6.6784253e+16,0.000000
8,3,-43,6.6432728e+16,0.000000
9,3,-38,6.6261726e+16,0.000000
4,3,-55,6.5777053e+16,0.000000
7,-7,-25,6.5407146e+16,0.000000
4,4,-43,6.5085732e+16,0.000000
8,-5,-32,6.4502059e+16,0.000000
10,10,-8,6.4483272e+16,0.000000
7,-4,-52,6.3860509e+16,0.000000
9,2,-40,6.2821726e+16,0.000000
10,-2,-50,6.2622552e+16,0.000000
5,4,-37,6.2433815e+16,0.000000
9,-4,-39,6.1702274e+16,0.000000
7,-2,-50,6.1575077e+16,0.000000
9,-6,-18,6.1521519e+16,0.000000
7,-6,-33,6.1339131e+16,0.000000
10,-6,-43,6.1256627e+16,0.000000
10,-5,-20,6.0758834e+16,0.000000
8,5,-16,6.0588332e+16,0.000000
6,-5,-49,6.0167482e+16,0.000000
10,-8,-39,6.0118434e+16,0.000000
8,-8,-9,5.9483331e+16,0.000000
10,2,-44,5.6580282e+16,0.000000
7,-4,-54,5.606062e+16,0.000000
8,-5,-33,5.5184808e+16,0.000000
10,-2,-43,5.4475769e+16,0.000000
9,-7,-18,5.3860385e+16,0.000000
9,-6,-13,5.3627826e+16,0.000000
9,-7,-40,5.3048124e+16,0.000000
10,-6,-10,5.282601e+16,0.000000
6,3,-52,5.2604023e+16,0.000000
8,4,-36,5.2166838e+16,0.000000
9,3,-39,5.1887355e+16,0.000000
8,-4,-51,5.1352364e+16,0.000000
10,-6,-15,5.102811e+16,0.000000
9,4,-26,5.0856836e+16,0.000000
10,4,-17,5.0709216e+16,0.000000
4,4,-44,5.0574971e+16,0.000000
10,-8,-40,5.0507831e+16,0.000000
9,-6,-19,5.0444141e+16,0.000000
10,-4,-36,5.0414689e+16,0.000000
6,6,-22,4.9803781e+16,0.000000
7,4,-35,4.7594519e+16,0.000000
7,-4,-55,4.745559e+16,0.000000
7,-2,-51,4.707886e+16,0.000000
6,5,-24,4.6666669e+16,0.000000
8,-5,-34,4.6423227e+16,0.000000
10,-1,-45,4.6254762e+16,0.000000
8,-4,-52,4.6039838e+16,0.000000
10,2,-50,4.5665917e+16,0.000000
9,-4,-40,4.5602254e+16,0.000000
10,2,-42,4.5258992e+16,0.000000
10,3,-24,4.5085666e+16,0.000000
6,-6,-43,4.5080435e+16,0.000000
7,3,-52,4.4632942e+16,0.000000
8,3,-44,4.4551378e+16,0.000000
10,-6,-49,4.4349963e+16,0.000000
8,-6,-35,4.3825482e+16,0.000000
5,5,-31,4.3726993e+16,0.000000
9,5,-21,4.3651186e+16,0.000000
9,-5,-33,4.3399325e+16,0.000000
8,6,-13,4.3088321e+16,0.000000
10,1,-50,4.2637095e+16,0.000000
8,6,-12,4.256524e+16,0.000000
10,-5,-21,4.2533759e+16,0.000000
7,6,-11,4.2194065e+16,0.000000
7,6,-10,4.162547e+16,0.000000
4,4,-45,4.1492764e+16,0.000000
6,4,-41,4.1261435e+16,0.000000
9,-4,-41,4.0684667e+16,0.000000
9,-7,-11,4.0434798e+16,0.000000
10,-3,-25,4.0415868e+16,0.000000
10,-6,-45,4.0289321e+16,0.000000
9,-2,-42,4.0043249e+16,0.000000
9,-6,-20,3.9937847e+16,0.000000
9,3,-40,3.9017737e+16,0.000000
10,-6,-50,3.8946836e+16,0.000000
8,-5,-35,3.7829034e+16,0.000000
10,-6,-44,3.7704876e+16,0.000000
7,-6,-34,3.7468609e+16,0.000000
6,-6,-53,3.6673513e+16,0.000000
9,-7,-19,3.6358319e+16,0.000000
8,6,-14,3.6105225e+16,0.000000
8,5,-17,3.5987452e+16,0.000000
7,-2,-52,3.569167e+16,0.000000
9,-4,-42,3.5467181e+16,0.000000
4,4,-46,3.5309588e+16,0.000000
6,3,-53,3.5269274e+16,0.000000
7,-7,-26,3.4947067e+16,0.000000
7,6,-12,3.4554893e+16,0.000000
6,-6,-44,3.4539202e+16,0.000000
8,-6,-43,3.4216279e+16,0.000000
9,4,-27,3.3946768e+16,0.000000
6,-5,-50,3.3787403e+16,0.000000
7,-5,-50,3.3523555e+16,0.000000
10,-5,-10,3.3482608e+16,0.000000
10,-2,-44,3.2893201e+16,0.000000
10,-4,-37,3.2514213e+16,0.000000
9,-3,-51,3.2512553e+16,0.000000
7,5,-25,3.2190293e+16,0.000000
10,-1,-46,3.1857804e+16,0.000000
9,2,-41,3.1680962e+16,0.000000
7,3,-53,3.1174582e+16,0.000000
9,-5,-47,3.1050225e+16,0.000000
4,4,-47,3.0752928e+16,0.000000
9,-6,-21,3.0751706e+16,0.000000
8,4,-37,3.0654851e+16,0.000000
8,-5,-36,3.0540745e+16,0.000000
9,-4,-6,3.0337153e+16,0.000000
5,4,-38,3.0206726e+16,0.000000
8,3,-45,2.9780865e+16,0.000000
9,3,-41,2.9555028e+16,0.000000
6,5,-25,2.9516925e+16,0.000000
9,-2,-43,2.9220399e+16,0.000000
9,-6,-12,2.9062448e+16,0.000000
10,4,-18,2.9062111e+16,0.000000
10,-5,-22,2.8977893e+16,0.000000
7,-5,-51,2.8581222e+16,0.000000
10,-4,-38,2.8335575e+16,0.000000
10,1,-51,2.8225193e+16,0.000000
10,-6,-16,2.8162936e+16,0.000000
10,4,-21,2.7914564e+16,0.000000
9,-2,-47,2.7895421e+16,0.000000
8,6,-11,2.7493002e+16,0.000000
8,6,-15,2.7430385e+16,0.000000
10,-5,-46,2.7383703e+16,0.000000
10,4,-22,2.720417e+16,0.000000
4,4,-48,2.7155563e+16,0.000000
8,-6,-36,2.7110861e+16,0.000000
7,-2,-53,2.682227e+16,0.000000
10,4,-20,2.6725801e+16,0.000000
7,4,-36,2.6498939e+16,0.000000
6,6,-23,2.6285868e+16,0.000000
9,-2,-44,2.6248512e+16,0.000000
9,-2,-45,2.5769823e+16,0.000000
9,5,-22,2.5718657e+16,0.000000
6,-6,-46,2.5702327e+16,0.000000
5,5,-32,2.568792e+16,0.000000
9,-2,-46,2.5671835e+16,0.000000
10,-4,-39,2.5490549e+16,0.000000
7,6,-13,2.5441831e+16,0.000000
10,4,-19,2.5268867e+16,0.000000
6,3,-54,2.4721465e+16,0.000000
10,4,-23,2.4706516e+16,0.000000
9,-2,-48,2.4169995e+16,0.000000
4,4,-49,2.4159667e+16,0.000000
9,-2,-49,2.3966061e+16,0.000000
8,-5,-37,2.3960803e+16,0.000000
9,-7,-20,2.3901286e+16,0.000000
10,2,-43,2.3706604e+16,0.000000
7,6,-9,2.3548095e+16,0.000000
9,-6,-22,2.3149228e+16,0.000000
7,3,-54,2.3122772e+16,0.000000
10,-7,-7,2.2846265e+16,0.000000
7,-6,-35,2.282061e+16,0.000000
9,4,-28,2.2394616e+16,0.000000
6,-5,-51,2.2389434e+16,0.000000
8,-8,-39,2.2315301e+16,0.000000
10,3,-25,2.1990115e+16,0.000000
10,-1,-47,2.1827873e+16,0.000000
9,3,-42,2.1665529e+16,0.000000
4,4,-50,2.1577037e+16,0.000000
9,-5,-34,2.1553714e+16,0.000000
10,4,-24,2.1162336e+16,0.000000
8,-5,-38,2.1133476e+16,0.000000
10,-2,-45,2.0932842e+16,0.000000
9,-2,-50,2.0713162e+16,0.000000
8,5,-18,2.0710169e+16,0.000000
6,4,-42,2.064846e+16,0.000000
9,-2,-55,2.0226221e+16,0.000000
8,-6,-40,2.0153141e+16,0.000000
7,-2,-54,1.99773e+16,0.000000
6,-6,-45,1.9827901e+16,0.000000
8,3,-46,1.9781127e+16,0.000000
10,-3,-26,1.969645e+16,0.000000
8,6,-16,1.9670303e+16,0.000000
4,4,-51,1.9300833e+16,0.000000
10,-5,-23,1.9263771e+16,0.000000
9,-2,-51,1.8704233e+16,0.000000
10,1,-52,1.8668351e+16,0.000000
6,5,-26,1.8636766e+16,0.000000
7,-7,-27,1.8523455e+16,0.000000
7,6,-7,1.8521058e+16,0.000000
9,2,-42,1.8308417e+16,0.000000
6,3,-55,1.8300226e+16,0.000000
7,3,-55,1.8042825e+16,0.000000
8,-6,-37,1.7752796e+16,0.000000
8,4,-38,1.7676674e+16,0.000000
7,6,-14,1.7627488e+16,0.000000
4,4,-52,1.7266465e+16,0.000000
10,4,-25,1.7251246e+16,0.000000
9,-6,-23,1.7106626e+16,0.000000
9,-5,-48,1.7001223e+16,0.000000
9,3,-43,1.6992863e+16,0.000000
10,2,-45,1.6634402e+16,0.000000
9,-2,-52,1.6545882e+16,0.000000
9,2,-49,1.6516819e+16,0.000000
8,6,-10,1.6411345e+16,0.000000
9,-5,-41,1.6141541e+16,0.000000
6,-5,-52,1.5906173e+16,0.000000
10,1,-54,1.5513173e+16,0.000000
8,-8,-40,1.5455105e+16,0.000000
10,-2,-46,1.5448194e+16,0.000000
4,4,-53,1.5437748e+16,0.000000
9,-7,-21,1.5389085e+16,0.000000
10,1,-55,1.5334392e+16,0.000000
10,-1,-48,1.5301101e+16,0.000000
8,-6,-49,1.5199674e+16,0.000000
9,-6,-41,1.5188284e+16,0.000000
5,5,-33,1.510773e+16,0.000000
8,-6,-50,1.4939449e+16,0.000000
9,5,-23,1.4871273e+16,0.000000
7,-2,-55,1.476762e+16,0.000000
9,-2,-53,1.4637939e+16,0.000000
9,4,-29,1.4636887e+16,0.000000
7,4,-37,1.4618168e+16,0.000000
10,-3,-54,1.4613817e+16,0.000000
10,-6,-54,1.4541699e+16,0.000000
5,4,-39,1.4320917e+16,0.000000
8,-5,-39,1.4302034e+16,0.000000
9,-3,-53,1.4288487e+16,0.000000
10,-6,-17,1.4164578e+16,0.000000
10,-5,-5,1.4020255e+16,0.000000
7,-6,-36,1.3917315e+16,0.000000
6,6,-24,1.3875249e+16,0.000000
4,4,-54,1.3785274e+16,0.000000
10,-6,-40,1.3639883e+16,0.000000
10,-4,-4,1.3591123e+16,0.000000
8,6,-17,1.3583077e+16,0.000000
10,4,-26,1.3547073e+16,0.000000
9,2,-43,1.3169016e+16,0.000000
8,3,-47,1.3120832e+16,0.000000
7,5,-26,1.2733244e+16,0.000000
9,-2,-54,1.2729002e+16,0.000000
10,-5,-24,1.2522329e+16,0.000000
9,-6,-24,1.2445714e+16,0.000000
9,3,-44,1.2414383e+16,0.000000
4,4,-55,1.2295168e+16,0.000000
10,1,-53,1.2265277e+16,0.000000
9,2,-45,1.1910051e+16,0.000000
6,-6,-48,1.1785156e+16,0.000000
7,6,-15,1.1755905e+16,0.000000
6,5,-27,1.1746804e+16,0.000000
9,2,-44,1.1745464e+16,0.000000
8,5,-19,1.1545428e+16,0.000000
8,-6,-45,1.153115e+16,0.000000
9,2,-46,1.1319798e+16,0.000000
10,-5,-42,1.1076205e+16,0.000000
8,-5,-46,1.1012449e+16,0.000000
9,2,-47,1.0907378e+16,0.000000
8,-5,-40,1.090001e+16,0.000000
10,6,-6,1.0866807e+16,0.000000
8,-6,-38,1.0649527e+16,0.000000
6,-5,-53,1.0596604e+16,0.000000
10,3,-26,1.0503854e+16,0.000000
6,-6,-47,1.0394198e+16,0.000000
9,2,-48,1.036374e+16,0.000000
6,4,-43,1.0303835e+16,0.000000
8,4,-39,1.0273659e+16,0.000000
10,4,-27,1.0269552e+16,0.000000
8,-8,-14,1.0219893e+16,0.000000
7,7,-10,1.0085543e+16,0.000000
10,-1,-49,1.0080561e+16,0.000000
10,-3,-27,1.0067519e+16,0.000000
10,-4,-45,1.0046661e+16,0.000000
7,-7,-40,9.96882e+15,0.000000
8,-6,-8,9.9267889e+15,0.000000
8,-6,-44,9.7663517e+15,0.000000
9,-7,-22,9.7467678e+15,0.000000
7,-7,-28,9.689228e+15,0.000000
9,-4,-54,9.5685636e+15,0.000000
9,4,-30,9.4758354e+15,0.000000
9,-4,-43,9.3203068e+15,0.000000
8,6,-18,9.1302705e+15,0.000000
10,-4,-51,8.9894965e+15,0.000000
9,-6,-25,8.9389838e+15,0.000000
5,5,-34,8.8928977e+15,0.000000
8,-8,-15,8.8720127e+15,0.000000
9,-5,-35,8.8046251e+15,0.000000
9,2,-50,8.7687065e+15,0.000000
8,-8,-13,8.7460331e+15,0.000000
8,3,-48,8.6184522e+15,0.000000
8,-5,-42,8.5685274e+15,0.000000
9,5,-24,8.4508414e+15,0.000000
7,-6,-37,8.4484934e+15,0.000000
9,3,-45,8.2096383e+15,0.000000
9,-3,-55,8.1932283e+15,0.000000
8,-5,-41,8.1591983e+15,0.000000
7,4,-38,7.9853019e+15,0.000000
10,-5,-25,7.965899e+15,0.000000
9,-6,-11,7.9495247e+15,0.000000
9,2,-51,7.687105e+15,0.000000
7,6,-16,7.6388564e+15,0.000000
10,4,-28,7.6202374e+15,0.000000
6,-5,-54,7.4422892e+15,0.000000
6,5,-28,7.3912274e+15,0.000000
8,-6,-39,7.3534637e+15,0.000000
6,6,-25,7.3239598e+15,0.000000
10,-4,-46,7.0460724e+15,0.000000
10,-4,-52,6.822741e+15,0.000000
9,-4,-44,6.8099442e+15,0.000000
10,-1,-50,6.7669404e+15,0.000000
6,-6,-50,6.7291846e+15,0.000000
9,2,-52,6.7141073e+15,0.000000
5,4,-40,6.6283668e+15,0.000000
8,-8,-16,6.625833e+15,0.000000
10,-6,-18,6.5653781e+15,0.000000
8,-7,-14,6.4986883e+15,0.000000
8,-7,-13,6.3936403e+15,0.000000
9,-5,-7,6.3641185e+15,0.000000
9,-6,-26,6.3474145e+15,0.000000
8,5,-20,6.2304921e+15,0.000000
10,2,-48,6.2131881e+15,0.000000
9,-5,-39,6.2065293e+15,0.000000
10,-3,-28,6.1936305e+15,0.000000
6,-6,-49,6.1758941e+15,0.000000
9,-6,-9,6.1747481e+15,0.000000
9,4,-31,6.0914957e+15,0.000000
9,-7,-23,6.0893241e+15,0.000000
8,-6,-54,6.0467048e+15,0.000000
8,6,-19,6.0113295e+15,0.000000
9,3,-46,5.9919401e+15,0.000000
8,-7,-15,5.9609718e+15,0.000000
9,3,-47,5.8732689e+15,0.000000
8,4,-40,5.8513142e+15,0.000000
9,2,-53,5.7999313e+15,0.000000
8,3,-49,5.6455335e+15,0.000000
8,-7,-12,5.6164401e+15,0.000000
10,-2,-54,5.550705e+15,0.000000
6,-5,-55,5.4968313e+15,0.000000
10,4,-29,5.4863211e+15,0.000000
10,2,-46,5.3734556e+15,0.000000
9,-7,-39,5.3124867e+15,0.000000
10,3,-27,5.2756395e+15,0.000000
5,5,-35,5.2358362e+15,0.000000
8,-7,-8,5.1829915e+15,0.000000
7,-6,-38,5.1461816e+15,0.000000
6,4,-44,5.0866335e+15,0.000000
7,-7,-29,5.0332561e+15,0.000000
8,-7,-16,5.0146114e+15,0.000000
10,-3,-29,5.0046265e+15,0.000000
10,-5,-26,4.9674344e+15,0.000000
9,2,-54,4.9330659e+15,0.000000
7,5,-27,4.8997231e+15,0.000000
10,-3,-31,4.8925859e+15,0.000000
7,6,-17,4.8695914e+15,0.000000
10,-3,-32,4.8365827e+15,0.000000
10,-3,-30,4.8195315e+15,0.000000
9,5,-25,4.7179394e+15,0.000000
6,5,-29,4.6443812e+15,0.000000
10,-3,-33,4.6331667e+15,0.000000
9,-7,-43,4.610682e+15,0.000000
10,-6,-52,4.5539494e+15,0.000000
8,-8,-17,4.5386535e+15,0.000000
10,-1,-51,4.5277203e+15,0.000000
8,-5,-43,4.4977847e+15,0.000000
9,-6,-27,4.4668858e+15,0.000000
10,4,-4,4.4474723e+15,0.000000
9,-5,-36,4.4398048e+15,0.000000
10,-4,-47,4.436256e+15,0.000000
9,-7,-42,4.4345735e+15,0.000000
8,-7,-11,4.379271e+15,0.000000
10,-5,-52,4.3409428e+15,0.000000
6,-6,-55,4.3088864e+15,0.000000
7,4,-39,4.3071962e+15,0.000000
10,-2,-53,4.268945e+15,0.000000
10,-5,-53,4.2544187e+15,0.000000
10,-3,-34,4.2309019e+15,0.000000
8,-5,-44,4.2120272e+15,0.000000
9,2,-55,4.1823113e+15,0.000000
7,-6,-46,3.9651943e+15,0.000000
8,3,-50,3.9461719e+15,0.000000
8,-7,-17,3.9311086e+15,0.000000
10,4,-30,3.9239676e+15,0.000000
9,-4,-45,3.9226573e+15,0.000000
10,-6,-48,3.907416e+15,0.000000
8,6,-20,3.8913314e+15,0.000000
9,4,-32,3.8837029e+15,0.000000
6,6,-26,3.8672302e+15,0.000000
7,7,-11,3.7803928e+15,0.000000
10,-3,-35,3.7655224e+15,0.000000
9,-7,-24,3.7636243e+15,0.000000
10,-2,-47,3.7558355e+15,0.000000
8,-5,-45,3.7134656e+15,0.000000
6,-6,-51,3.7018842e+15,0.000000
9,-5,-37,3.6904951e+15,0.000000
10,4,-51,3.6884344e+15,0.000000
6,-6,-54,3.6322017e+15,0.000000
10,-1,-52,3.3485487e+15,0.000000
8,4,-41,3.3426441e+15,0.000000
10,-5,-44,3.329042e+15,0.000000
8,-8,-12,3.3250584e+15,0.000000
10,-3,-36,3.2540824e+15,0.000000
8,5,-21,3.2520932e+15,0.000000
10,3,-28,3.1769158e+15,0.000000
9,3,-48,3.1183799e+15,0.000000
9,-6,-28,3.1141753e+15,0.000000
7,-6,-39,3.1079738e+15,0.000000
5,5,-36,3.0857656e+15,0.000000
6,-6,-52,3.0735279e+15,0.000000
7,6,-18,3.0576938e+15,0.000000
7,-4,-5,3.0539829e+15,0.000000
10,-5,-27,3.0304941e+15,0.000000
5,4,-41,2.9849446e+15,0.000000
10,-4,-43,2.9515733e+15,0.000000
8,-8,-18,2.949403e+15,0.000000
10,-4,-48,2.9186919e+15,0.000000
10,-6,-19,2.9184655e+15,0.000000
6,5,-30,2.9146033e+15,0.000000
8,-7,-18,2.9109881e+15,0.000000
10,-3,-42,2.8794363e+15,0.000000
10,-5,-9,2.8526803e+15,0.000000
10,2,-53,2.8131656e+15,0.000000
9,-7,-10,2.7495806e+15,0.000000
10,-3,-37,2.7218954e+15,0.000000
10,4,-31,2.7158006e+15,0.000000
8,-7,-10,2.6002249e+15,0.000000
9,5,-26,2.5932184e+15,0.000000
6,4,-45,2.5896239e+15,0.000000
7,-7,-30,2.5614313e+15,0.000000
10,-5,-54,2.5490469e+15,0.000000
10,-8,-53,2.5379592e+15,0.000000
8,6,-21,2.4830271e+15,0.000000
10,3,-29,2.4829177e+15,0.000000
9,4,-33,2.4649438e+15,0.000000
8,-6,-52,2.4631285e+15,0.000000
8,3,-51,2.3858142e+15,0.000000
9,-5,-51,2.3218252e+15,0.000000
9,-7,-25,2.3023582e+15,0.000000
10,3,-30,2.2957451e+15,0.000000
7,4,-40,2.2905433e+15,0.000000
10,2,-51,2.2578509e+15,0.000000
9,-5,-50,2.2494127e+15,0.000000
10,3,-31,2.2382626e+15,0.000000
10,-3,-38,2.2185686e+15,0.000000
9,-4,-55,2.1814323e+15,0.000000
9,-6,-29,2.1601021e+15,0.000000
10,3,-32,2.1305145e+15,0.000000
9,3,-51,2.0853477e+15,0.000000
10,-1,-53,2.0727501e+15,0.000000
8,-7,-19,2.0583833e+15,0.000000
6,6,-27,2.0426478e+15,0.000000
10,-5,-38,2.0345194e+15,0.000000
9,3,-49,2.0277348e+15,0.000000
9,-4,-46,1.9954905e+15,0.000000
10,3,-33,1.9697534e+15,0.000000
10,2,-47,1.9567358e+15,0.000000
7,5,-28,1.9347085e+15,0.000000
8,6,-7,1.9134749e+15,0.000000
10,4,-32,1.9026644e+15,0.000000
8,-6,-48,1.9024549e+15,0.000000
7,6,-19,1.8957871e+15,0.000000
8,4,-42,1.8866929e+15,0.000000
10,-2,-48,1.8858795e+15,0.000000
7,-6,-40,1.8828011e+15,0.000000
9,-6,-44,1.8740049e+15,0.000000
10,-5,-8,1.866829e+15,0.000000
10,3,-50,1.8557457e+15,0.000000
8,-8,-19,1.8544503e+15,0.000000
6,5,-31,1.8276617e+15,0.000000
10,-3,-39,1.8182747e+15,0.000000
5,5,-37,1.8172612e+15,0.000000
10,-5,-28,1.8154662e+15,0.000000
7,7,-12,1.8117371e+15,0.000000
9,-6,-10,1.8003556e+15,0.000000
10,-3,-45,1.7707262e+15,0.000000
10,3,-34,1.7391177e+15,0.000000
10,2,-55,1.712463e+15,0.000000
10,-8,-41,1.6961139e+15,0.000000
10,-10,-10,1.6868979e+15,0.000000
10,-5,-49,1.6773609e+15,0.000000
8,5,-22,1.6411606e+15,0.000000
8,6,-22,1.5644471e+15,0.000000
10,-6,-9,1.5503677e+15,0.000000
9,4,-34,1.5503456e+15,0.000000
10,-6,-47,1.5392448e+15,0.000000
9,-4,-47,1.5391023e+15,0.000000
8,3,-52,1.5359603e+15,0.000000
10,3,-35,1.4986013e+15,0.000000
10,-1,-54,1.4954446e+15,0.000000
9,-6,-30,1.4836019e+15,0.000000
10,-3,-40,1.4240179e+15,0.000000
10,-6,-20,1.4205856e+15,0.000000
9,-4,-51,1.4095692e+15,0.000000
8,-5,-47,1.4072985e+15,0.000000
8,-5,-49,1.4072697e+15,0.000000
8,-7,-20,1.4016429e+15,0.000000
9,-7,-26,1.399135e+15,0.000000
9,5,-27,1.3987129e+15,0.000000
8,-5,-52,1.3471673e+15,0.000000
9,9,-9,1.3443396e+15,0.000000
10,-2,-52,1.3421743e+15,0.000000
10,2,-54,1.3121948e+15,0.000000
5,4,-42,1.30673e+15,0.000000
6,4,-46,1.3005486e+15,0.000000
7,-7,-31,1.299593e+15,0.000000
9,-7,-47,1.2843832e+15,0.000000
10,4,-33,1.2699686e+15,0.000000
8,-5,-54,1.2481027e+15,0.000000
10,3,-36,1.2415389e+15,0.000000
7,-7,-39,1.2408291e+15,0.000000
10,-3,-41,1.2316214e+15,0.000000
7,4,-41,1.197443e+15,0.000000
9,-6,-46,1.1892556e+15,0.000000
7,6,-20,1.1624116e+15,0.000000
7,-6,-41,1.1557704e+15,0.000000
6,5,-32,1.1451967e+15,0.000000
8,-8,-20,1.1420318e+15,0.000000
7,-6,-44,1.1171608e+15,0.000000
9,-6,-53,1.1059734e+15,0.000000
7,-7,-9,1.0962165e+15,0.000000
9,8,-8,1.0848244e+15,0.000000
6,6,-28,1.080103e+15,0.000000
5,5,-38,1.0711392e+15,0.000000
9,-7,-55,1.0680618e+15,0.000000
10,-5,-29,1.0587994e+15,0.000000
8,4,-43,1.0464006e+15,0.000000
8,3,-53,1.0431267e+15,0.000000
10,3,-37,1.0190224e+15,0.000000
9,-6,-31,1.0185744e+15,0.000000
10,5,-5,1.0140005e+15,0.000000
7,7,-13,9.9599352e+14,0.000000
8,6,-23,9.7492417e+14,0.000000
9,4,-35,9.7316296e+14,0.000000
10,-6,-21,9.4347621e+14,0.000000
8,1,-1,9.2800146e+14,0.000000
8,-7,-21,9.2513732e+14,0.000000
8,-5,-48,9.1861945e+14,0.000000
9,-6,-42,9.0972816e+14,0.000000
9,-7,-44,8.9789266e+14,0.000000
7,5,-29,8.9664827e+14,0.000000
10,-6,-24,8.934581e+14,0.000000
10,-2,-51,8.9288482e+14,0.000000
9,4,-6,8.9168848e+14,0.000000
10,-6,-23,8.8782946e+14,0.000000
9,2,-2,8.8709355e+14,0.000000
10,4,-34,8.8423354e+14,0.000000
10,9,-8,8.7899175e+14,0.000000
9,3,-52,8.7003566e+14,0.000000
10,-6,-22,8.6597059e+14,0.000000
9,-5,-40,8.4931379e+14,0.000000
10,-6,-25,8.4804985e+14,0.000000
9,-7,-27,8.4132837e+14,0.000000
10,-1,-55,8.0748979e+14,0.000000
10,3,-38,8.063662e+14,0.000000
8,5,-23,8.0198102e+14,0.000000
10,-6,-26,7.6743292e+14,0.000000
9,5,-28,7.4427158e+14,0.000000
9,-7,-54,7.3956328e+14,0.000000
10,10,-9,7.3613283e+14,0.000000
10,5,-13,7.3290793e+14,0.000000
10,4,-45,7.2860004e+14,0.000000
10,4,-50,7.2466511e+14,0.000000
8,-8,-11,7.2129648e+14,0.000000
6,5,-33,7.1741071e+14,0.000000
6,4,-47,7.0814187e+14,0.000000
7,6,-21,7.0564326e+14,0.000000
10,5,-14,7.0128471e+14,0.000000
7,-6,-42,6.9926351e+14,0.000000
9,-7,-46,6.9888085e+14,0.000000
8,4,-51,6.9708475e+14,0.000000
8,-8,-21,6.9435131e+14,0.000000
9,-6,-32,6.9087522e+14,0.000000
10,-3,-43,6.8721696e+14,0.000000
10,5,-12,6.7646869e+14,0.000000
9,-4,-48,6.6912012e+14,0.000000
10,-3,-44,6.5883255e+14,0.000000
10,-6,-27,6.5656183e+14,0.000000
10,3,-39,6.3919211e+14,0.000000
8,3,-54,6.3735557e+14,0.000000
7,-7,-32,6.3352958e+14,0.000000
5,5,-39,6.3008794e+14,0.000000
10,5,-15,6.1550609e+14,0.000000
7,4,-42,6.1466216e+14,0.000000
10,-5,-30,6.0674724e+14,0.000000
10,-5,-45,6.0492634e+14,0.000000
9,4,-36,6.0464078e+14,0.000000
8,6,-24,6.0145332e+14,0.000000
9,-4,-52,5.9924198e+14,0.000000
8,-7,-22,5.9477479e+14,0.000000
8,4,-44,5.9388511e+14,0.000000
7,7,-14,5.7482711e+14,0.000000
6,6,-29,5.7166641e+14,0.000000
10,4,-35,5.6833955e+14,0.000000
5,4,-43,5.6018941e+14,0.000000
10,-9,-9,5.5965263e+14,0.000000
7,5,-30,5.5887626e+14,0.000000
10,8,-8,5.53029e+14,0.000000
9,-7,-35,5.5240564e+14,0.000000
10,-6,-28,5.5055626e+14,0.000000
10,3,-53,5.4933458e+14,0.000000
10,-3,-46,5.4670131e+14,0.000000
9,-7,-49,5.4334005e+14,0.000000
10,-4,-49,5.3075436e+14,0.000000
9,-5,-44,5.115326e+14,0.000000
10,5,-11,5.1144571e+14,0.000000
10,5,-16,5.0623482e+14,0.000000
9,-7,-28,5.054714e+14,0.000000
7,-7,-43,5.0043614e+14,0.000000
10,3,-5,4.9924941e+14,0.000000
10,3,-40,4.8694685e+14,0.000000
8,3,-55,4.8133676e+14,0.000000
10,-4,-6,4.7400215e+14,0.000000
9,-6,-33,4.7044676e+14,0.000000
8,-5,-50,4.6684323e+14,0.000000
8,-5,-53,4.6150548e+14,0.000000
9,3,-53,4.5686299e+14,0.000000
7,-7,-42,4.5544318e+14,0.000000
6,5,-34,4.4922586e+14,0.000000
7,-7,-54,4.4318783e+14,0.000000
10,-3,-52,4.4277759e+14,0.000000
8,4,-45,4.4051056e+14,0.000000
7,5,-31,4.3763821e+14,0.000000
10,-6,-29,4.344797e+14,0.000000
10,-8,-44,4.3447572e+14,0.000000
9,-7,-50,4.2504568e+14,0.000000
7,6,-22,4.2448885e+14,0.000000
6,4,-48,4.2307248e+14,0.000000
8,-8,-22,4.1894108e+14,0.000000
8,-8,-41,4.1783178e+14,0.000000
7,-6,-43,4.1432235e+14,0.000000
8,5,-7,4.0214263e+14,0.000000
8,-5,-51,4.0197383e+14,0.000000
9,-4,-53,3.993164e+14,0.000000
10,4,-36,3.988128e+14,0.000000
10,5,-17,3.9529254e+14,0.000000
9,-4,-50,3.9315533e+14,0.000000
8,-6,-47,3.9123756e+14,0.000000
9,5,-29,3.8621298e+14,0.000000
7,4,-5,3.8456218e+14,0.000000
8,5,-24,3.8193486e+14,0.000000
10,-8,-51,3.8047013e+14,0.000000
10,3,-41,3.7937973e+14,0.000000
9,3,-55,3.7934144e+14,0.000000
7,5,-32,3.7692728e+14,0.000000
9,4,-37,3.7555004e+14,0.000000
8,-7,-23,3.7388943e+14,0.000000
9,-4,-49,3.7248544e+14,0.000000
8,-5,-6,3.7078782e+14,0.000000
5,5,-40,3.7074035e+14,0.000000
8,6,-25,3.6803125e+14,0.000000
10,-6,-30,3.5124084e+14,0.000000
9,-5,-43,3.4520836e+14,0.000000
10,-5,-31,3.369098e+14,0.000000
7,7,-15,3.3486389e+14,0.000000
9,-7,-8,3.2832231e+14,0.000000
10,-6,-38,3.2210055e+14,0.000000
6,4,-51,3.2025128e+14,0.000000
7,5,-33,3.1646003e+14,0.000000
9,-6,-34,3.1559828e+14,0.000000
10,-8,-42,3.151668e+14,0.000000
7,-7,-33,3.1394759e+14,0.000000
7,4,-43,3.0973285e+14,0.000000
9,-6,-43,3.0896726e+14,0.000000
7,-7,-35,3.0886588e+14,0.000000
10,-8,-45,3.0735948e+14,0.000000
6,6,-30,3.0319021e+14,0.000000
10,-6,-39,2.9856518e+14,0.000000
9,-7,-29,2.9841754e+14,0.000000
8,-5,-55,2.9739372e+14,0.000000
9,3,-54,2.9719555e+14,0.000000
10,5,-18,2.9552678e+14,0.000000
6,4,-49,2.9379935e+14,0.000000
10,-7,-40,2.9281098e+14,0.000000
10,3,-42,2.8238679e+14,0.000000
6,5,-35,2.8133245e+14,0.000000
9,-7,-53,2.7953895e+14,0.000000
10,5,-10,2.6403683e+14,0.000000
7,5,-34,2.6145474e+14,0.000000
10,-6,-31,2.5874909e+14,0.000000
10,3,-43,2.5389317e+14,0.000000
7,6,-23,2.5325636e+14,0.000000
8,-8,-23,2.5180136e+14,0.000000
10,-6,-37,2.5103933e+14,0.000000
10,4,-37,2.4523251e+14,0.000000
10,2,-52,2.4321015e+14,0.000000
5,4,-44,2.4211647e+14,0.000000
10,-7,-44,2.4096016e+14,0.000000
6,4,-50,2.3997138e+14,0.000000
10,6,-11,2.3917789e+14,0.000000
8,-7,-24,2.303967e+14,0.000000
9,4,-38,2.3026316e+14,0.000000
9,-7,-41,2.3017467e+14,0.000000
6,4,-55,2.2991318e+14,0.000000
8,6,-26,2.2336578e+14,0.000000
10,-3,-47,2.2215576e+14,0.000000
5,5,-41,2.1752943e+14,0.000000
9,-6,-35,2.1440085e+14,0.000000
10,-6,-36,2.1417657e+14,0.000000
10,5,-19,2.1275401e+14,0.000000
7,-7,-49,2.108052e+14,0.000000
6,4,-54,2.1053117e+14,0.000000
10,-6,-32,2.0867372e+14,0.000000
6,4,-52,2.0694424e+14,0.000000
6,4,-53,2.0593862e+14,0.000000
7,5,-35,2.046137e+14,0.000000
10,6,-12,2.018326e+14,0.000000
10,7,-7,1.9880665e+14,0.000000
9,5,-30,1.9857087e+14,0.000000
7,7,-16,1.9390042e+14,0.000000
7,-7,-55,1.9044877e+14,0.000000
8,4,-46,1.8748792e+14,0.000000
7,-7,-46,1.8677943e+14,0.000000
10,-5,-32,1.8293323e+14,0.000000
8,5,-25,1.8059342e+14,0.000000
10,3,-44,1.8037333e+14,0.000000
8,-1,-1,1.790159e+14,0.000000
9,-7,-30,1.7889895e+14,0.000000
6,5,-36,1.7614163e+14,0.000000
10,4,-38,1.7518761e+14,0.000000
8,-8,-53,1.7431767e+14,0.000000
10,-8,-52,1.7079054e+14,0.000000
7,-6,-45,1.6523357e+14,0.000000
10,-3,-48,1.621509e+14,0.000000
6,6,-31,1.6100944e+14,0.000000
10,3,-45,1.5776303e+14,0.000000
7,5,-36,1.5746063e+14,0.000000
10,-5,-48,1.5724078e+14,0.000000
10,6,-10,1.5551735e+14,0.000000
7,4,-44,1.5371487e+14,0.000000
8,-8,-24,1.5103727e+14,0.000000
7,6,-24,1.4998735e+14,0.000000
10,5,-20,1.4809838e+14,0.000000
8,4,-50,1.4770296e+14,0.000000
7,-7,-34,1.4350971e+14,0.000000
9,-6,-36,1.4242363e+14,0.000000
10,-3,-5,1.4160051e+14,0.000000
9,4,-39,1.4126246e+14,0.000000
10,-6,-33,1.3961673e+14,0.000000
8,-7,-25,1.3948418e+14,0.000000
10,6,-13,1.3643872e+14,0.000000
10,-3,-49,1.3587511e+14,0.000000
8,6,-27,1.3486466e+14,0.000000
8,-7,-55,1.3273024e+14,0.000000
5,5,-42,1.2779808e+14,0.000000
10,-5,-55,1.2684585e+14,0.000000
10,-3,-50,1.2071564e+14,0.000000
9,-8,-40,1.1964901e+14,0.000000
10,-6,-34,1.19185e+14,0.000000
7,5,-37,1.1603894e+14,0.000000
5,4,-45,1.1374778e+14,0.000000
7,-6,-51,1.1103425e+14,0.000000
7,7,-17,1.1099682e+14,0.000000
8,8,-9,1.109154e+14,0.000000
6,5,-37,1.1029591e+14,0.000000
10,-5,-41,1.0789785e+14,0.000000
7,-7,-44,1.0745169e+14,0.000000
7,-7,-41,1.0649924e+14,0.000000
9,-6,-50,1.0540454e+14,0.000000
8,4,-47,1.0422832e+14,0.000000
10,4,-39,1.026126e+14,0.000000
9,-7,-31,1.0250751e+14,0.000000
10,-5,-47,1.0207639e+14,0.000000
9,-6,-37,1.0042474e+14,0.000000
10,5,-21,9.9985305e+13,0.000000
10,-5,-51,9.8871279e+13,0.000000
9,5,-31,9.7898618e+13,0.000000
9,-6,-54,9.5516321e+13,0.000000
10,-8,-36,9.5117979e+13,0.000000
10,-5,-33,9.4874784e+13,0.000000
9,-2,-2,9.3417083e+13,0.000000
8,-8,-25,9.0662948e+13,0.000000
9,-9,-55,9.0358201e+13,0.000000
8,-8,-36,8.8932239e+13,0.000000
9,-8,-39,8.8479536e+13,0.000000
8,5,-26,8.8255916e+13,0.000000
7,6,-25,8.8247476e+13,0.000000
10,3,-46,8.603915e+13,0.000000
6,6,-32,8.5783005e+13,0.000000
9,4,-40,8.5342698e+13,0.000000
7,5,-38,8.5051202e+13,0.000000
8,-7,-26,8.3016168e+13,0.000000
10,6,-14,8.1754097e+13,0.000000
8,6,-28,8.0845215e+13,0.000000
10,-6,-35,7.9134769e+13,0.000000
7,4,-45,7.8193571e+13,0.000000
10,3,-47,7.7702574e+13,0.000000
10,4,-40,7.5472248e+13,0.000000
5,5,-43,7.4781882e+13,0.000000
6,5,-38,6.9045005e+13,0.000000
10,-3,-51,6.8630961e+13,0.000000
10,5,-22,6.5630107e+13,0.000000
9,-6,-38,6.5551757e+13,0.000000
5,4,-46,6.4876914e+13,0.000000
7,-6,-47,6.413926e+13,0.000000
10,-7,-42,6.400524e+13,0.000000
7,7,-18,6.2712694e+13,0.000000
9,-7,-32,6.2165923e+13,0.000000
8,4,-48,6.1813417e+13,0.000000
9,-9,-10,6.1230621e+13,0.000000
7,5,-39,6.009108e+13,0.000000
7,-7,-47,5.8069479e+13,0.000000
8,-8,-42,5.7658349e+13,0.000000
8,-8,-44,5.7431389e+13,0.000000
9,-7,-36,5.5553877e+13,0.000000
7,-6,-48,5.4451312e+13,0.000000
8,-8,-26,5.4407916e+13,0.000000
9,-7,-45,5.1983144e+13,0.000000
9,4,-41,5.1816053e+13,0.000000
7,6,-26,5.1634231e+13,0.000000
9,-6,-40,5.0169459e+13,0.000000
7,-7,-36,4.9262823e+13,0.000000
9,-6,-39,4.9069811e+13,0.000000
10,-5,-34,4.9062513e+13,0.000000
8,-7,-27,4.8659738e+13,0.000000
9,5,-32,4.8421727e+13,0.000000
8,6,-29,4.8399201e+13,0.000000
8,4,-52,4.8009714e+13,0.000000
10,5,-9,4.7973191e+13,0.000000
8,5,-27,4.7616008e+13,0.000000
5,4,-47,4.7318914e+13,0.000000
10,3,-48,4.6164436e+13,0.000000
7,-6,-53,4.5859002e+13,0.000000
6,6,-33,4.574671e+13,0.000000
8,-8,-54,4.5703652e+13,0.000000
10,6,-15,4.5047704e+13,0.000000
7,-6,-49,4.4751811e+13,0.000000
10,3,-49,4.4392334e+13,0.000000
5,5,-44,4.3763368e+13,0.000000
6,5,-39,4.3222715e+13,0.000000
7,5,-40,4.2305123e+13,0.000000
8,4,-49,4.23028e+13,0.000000
10,5,-23,4.1960317e+13,0.000000
10,4,-41,4.1318425e+13,0.000000
9,7,-13,4.1230376e+13,0.000000
9,7,-12,4.1186226e+13,0.000000
5,4,-48,4.0953897e+13,0.000000
8,-7,-40,4.0418333e+13,0.000000
9,6,-14,4.0213254e+13,0.000000
10,-3,-53,4.0113243e+13,0.000000
7,4,-46,3.9457652e+13,0.000000
10,4,-6,3.9051831e+13,0.000000
5,4,-55,3.852856e+13,0.000000
9,6,-15,3.8407099e+13,0.000000
5,4,-49,3.8272727e+13,0.000000
9,-7,-48,3.7907543e+13,0.000000
5,4,-54,3.7155174e+13,0.000000
9,6,-13,3.7114184e+13,0.000000
5,4,-50,3.684591e+13,0.000000
7,-6,-54,3.6727116e+13,0.000000
5,4,-53,3.6317884e+13,0.000000
5,4,-51,3.603677e+13,0.000000
5,4,-52,3.5859481e+13,0.000000
8,-8,-51,3.5199654e+13,0.000000
10,-7,-16,3.507792e+13,0.000000
7,7,-19,3.4960621e+13,0.000000
9,-6,-52,3.4901297e+13,0.000000
10,-7,-15,3.4217919e+13,0.000000
9,-9,-47,3.404029e+13,0.000000
9,5,-7,3.4009388e+13,0.000000
9,6,-16,3.3798114e+13,0.000000
9,-7,-33,3.3764795e+13,0.000000
9,7,-14,3.3649526e+13,0.000000
8,-8,-27,3.2795391e+13,0.000000
7,-7,-53,3.2671576e+13,0.000000
10,-7,-17,3.254176e+13,0.000000
10,4,-42,3.1819559e+13,0.000000
8,-6,-51,3.1037965e+13,0.000000
10,-7,-39,3.0782719e+13,0.000000
9,4,-42,3.0568993e+13,0.000000
8,7,-8,3.0149092e+13,0.000000
7,6,-27,3.0066065e+13,0.000000
8,5,-28,3.006393e+13,0.000000
10,3,-3,2.994248e+13,0.000000
7,5,-41,2.9303055e+13,0.000000
10,-8,-46,2.913989e+13,0.000000
10,-7,-14,2.8943885e+13,0.000000
8,6,-30,2.8730566e+13,0.000000
8,5,-6,2.8620199e+13,0.000000
10,-8,-47,2.80851e+13,0.000000
9,6,-17,2.8072601e+13,0.000000
10,-7,-18,2.804828e+13,0.000000
8,-7,-28,2.8023489e+13,0.000000
9,6,-12,2.7567557e+13,0.000000
6,5,-40,2.7045057e+13,0.000000
9,4,-45,2.666901e+13,0.000000
10,5,-24,2.6176282e+13,0.000000
5,5,-45,2.5592548e+13,0.000000
10,-8,-54,2.5028836e+13,0.000000
10,4,-49,2.5014292e+13,0.000000
9,7,-15,2.4858295e+13,0.000000
9,-7,-34,2.4702168e+13,0.000000
6,6,-34,2.451536e+13,0.000000
7,-7,-48,2.3908604e+13,0.000000
7,6,-8,2.3907747e+13,0.000000
10,-8,-38,2.3477024e+13,0.000000
10,5,-8,2.3373889e+13,0.000000
8,-7,-44,2.3200115e+13,0.000000
10,6,-16,2.3183624e+13,0.000000
10,-5,-35,2.3092582e+13,0.000000
10,-7,-19,2.2855284e+13,0.000000
9,7,-11,2.2664898e+13,0.000000
7,4,-47,2.2629301e+13,0.000000
9,6,-18,2.2323274e+13,0.000000
8,5,-29,2.2041552e+13,0.000000
9,5,-33,2.1942582e+13,0.000000
10,-3,-55,2.170548e+13,0.000000
10,3,-51,2.0902208e+13,0.000000
10,6,-48,2.0582232e+13,0.000000
7,-6,-55,2.0432071e+13,0.000000
7,5,-42,1.9720819e+13,0.000000
8,-8,-28,1.972066e+13,0.000000
10,-7,-13,1.9654963e+13,0.000000
10,-7,-46,1.9439109e+13,0.000000
7,7,-20,1.9230321e+13,0.000000
9,-6,-45,1.8619504e+13,0.000000
9,4,-43,1.8218155e+13,0.000000
10,-7,-20,1.782111e+13,0.000000
8,5,-30,1.7734897e+13,0.000000
7,6,-28,1.7442328e+13,0.000000
10,4,-43,1.742108e+13,0.000000
9,7,-16,1.7317851e+13,0.000000
10,3,-54,1.7230892e+13,0.000000
9,6,-19,1.7147423e+13,0.000000
8,6,-31,1.7139834e+13,0.000000
6,5,-41,1.6912104e+13,0.000000
9,4,-55,1.6646704e+13,0.000000
10,5,-25,1.5944547e+13,0.000000
8,-7,-29,1.5921008e+13,0.000000
10,-5,-37,1.5527156e+13,0.000000
8,-8,-48,1.547556e+13,0.000000
10,-8,-49,1.5282745e+13,0.000000
7,4,-48,1.5206825e+13,0.000000
10,4,-47,1.5131655e+13,0.000000
7,-7,-37,1.5114795e+13,0.000000
10,-7,-55,1.5022299e+13,0.000000
5,5,-46,1.4986835e+13,0.000000
8,5,-31,1.4642185e+13,0.000000
9,-6,-47,1.4060496e+13,0.000000
7,-6,-50,1.4047577e+13,0.000000
10,-8,-50,1.3750209e+13,0.000000
8,4,-53,1.3670177e+13,0.000000
7,5,-43,1.3607321e+13,0.000000
10,-7,-21,1.3412783e+13,0.000000
9,6,-11,1.3262514e+13,0.000000
10,4,-44,1.3188593e+13,0.000000
10,3,-52,1.3175877e+13,0.000000
9,-6,-49,1.3152228e+13,0.000000
6,6,-35,1.3146933e+13,0.000000
9,5,-50,1.2816691e+13,0.000000
9,6,-20,1.2799231e+13,0.000000
9,-7,-37,1.2344985e+13,0.000000
9,-7,-38,1.2145662e+13,0.000000
10,-5,-36,1.2106479e+13,0.000000
8,5,-32,1.2094025e+13,0.000000
7,4,-49,1.202675e+13,0.000000
8,-8,-29,1.1986435e+13,0.000000
9,7,-17,1.1600792e+13,0.000000
10,4,-48,1.159659e+13,0.000000
8,-8,-38,1.1334258e+13,0.000000
10,6,-17,1.1264961e+13,0.000000
6,5,-42,1.0570242e+13,0.000000
9,4,-44,1.0472361e+13,0.000000
7,7,-21,1.0438533e+13,0.000000
8,4,-54,1.0398885e+13,0.000000
7,4,-50,1.0397547e+13,0.000000
9,5,-34,1.0356517e+13,0.000000
7,4,-51,1.0314399e+13,0.000000
7,6,-29,1.0084581e+13,0.000000
8,6,-32,1.0080275e+13,0.000000
9,2,-3,9.9861119e+12,0.000000
9,6,-9,9.9656351e+12,0.000000
10,-7,-22,9.8075903e+12,0.000000
8,5,-33,9.7602257e+12,0.000000
9,5,-51,9.7007538e+12,0.000000
9,5,-53,9.6610164e+12,0.000000
10,-6,-51,9.6191654e+12,0.000000
10,5,-26,9.5008957e+12,0.000000
9,6,-21,9.3228897e+12,0.000000
7,-7,-45,9.2531996e+12,0.000000
10,-5,-39,9.188296e+12,0.000000
10,-7,-12,9.0707928e+12,0.000000
8,4,-55,8.9584839e+12,0.000000
7,5,-44,8.9243638e+12,0.000000
5,5,-47,8.862103e+12,0.000000
8,-7,-30,8.8261402e+12,0.000000
9,-9,-42,8.6893939e+12,0.000000
8,-6,-55,8.679322e+12,0.000000
7,4,-52,8.3308107e+12,0.000000
8,-3,-4,8.22166e+12,0.000000
8,5,-34,7.769053e+12,0.000000
10,1,-2,7.748947e+12,0.000000
8,-7,-39,7.7277133e+12,0.000000
9,7,-18,7.5497798e+12,0.000000
10,3,-55,7.4847524e+12,0.000000
9,-8,-9,7.4391092e+12,0.000000
7,4,-53,7.2286214e+12,0.000000
8,-8,-30,7.2037384e+12,0.000000
6,6,-36,7.0850297e+12,0.000000
10,-7,-23,7.0002896e+12,0.000000
7,-6,-52,6.9656381e+12,0.000000
9,6,-22,6.6475115e+12,0.000000
7,4,-54,6.6366269e+12,0.000000
6,5,-43,6.597412e+12,0.000000
7,-7,-38,6.3914201e+12,0.000000
10,-6,-55,6.2805597e+12,0.000000
8,6,-8,6.2124946e+12,0.000000
7,5,-45,6.1812922e+12,0.000000
8,6,-33,6.0261146e+12,0.000000
8,5,-35,6.0042641e+12,0.000000
9,5,-49,5.9625429e+12,0.000000
7,6,-30,5.8191863e+12,0.000000
8,-7,-42,5.7665205e+12,0.000000
10,6,-9,5.6592148e+12,0.000000
7,7,-22,5.5910971e+12,0.000000
10,5,-27,5.5284772e+12,0.000000
7,4,-55,5.4232701e+12,0.000000
10,6,-18,5.279789e+12,0.000000
5,5,-48,5.2548462e+12,0.000000
10,4,-46,5.2019274e+12,0.000000
10,-5,-40,5.161335e+12,0.000000
9,7,-8,5.0690343e+12,0.000000
10,-8,-13,4.9499284e+12,0.000000
10,-7,-24,4.896785e+12,0.000000
8,-7,-31,4.8462588e+12,0.000000
9,7,-19,4.8016615e+12,0.000000
8,-7,-46,4.691607e+12,0.000000
9,6,-23,4.6523153e+12,0.000000
8,5,-36,4.6064312e+12,0.000000
8,-8,-49,4.4477239e+12,0.000000
8,-8,-31,4.4457115e+12,0.000000
9,-6,-7,4.363693e+12,0.000000
6,5,-44,4.1147988e+12,0.000000
9,-6,-48,4.1098696e+12,0.000000
9,5,-35,4.0172213e+12,0.000000
7,5,-46,3.955469e+12,0.000000
10,-5,-50,3.9230833e+12,0.000000
8,-8,-46,3.8740896e+12,0.000000
6,6,-37,3.8250899e+12,0.000000
10,-8,-12,3.7920519e+12,0.000000
10,-8,-14,3.78655e+12,0.000000
8,6,-34,3.5028458e+12,0.000000
8,5,-37,3.4399144e+12,0.000000
9,4,-46,3.4101143e+12,0.000000
9,6,-10,3.3999627e+12,0.000000
10,-7,-25,3.3651664e+12,0.000000
7,6,-31,3.3495651e+12,0.000000
10,6,-47,3.3143133e+12,0.000000
7,-7,-52,3.2394114e+12,0.000000
9,6,-24,3.2023002e+12,0.000000
10,-5,-43,3.1984895e+12,0.000000
5,5,-49,3.1903578e+12,0.000000
10,5,-28,3.1544958e+12,0.000000
9,-7,-51,3.0429444e+12,0.000000
9,7,-20,2.9951527e+12,0.000000
7,7,-23,2.9558516e+12,0.000000
7,5,-47,2.776711e+12,0.000000
9,-8,-41,2.7341331e+12,0.000000
8,-8,-32,2.6445108e+12,0.000000
8,-4,-5,2.628723e+12,0.000000
9,-2,-3,2.574542e+12,0.000000
10,-3,-3,2.5743524e+12,0.000000
8,5,-38,2.5654821e+12,0.000000
6,5,-45,2.5621702e+12,0.000000
8,-7,-32,2.5617795e+12,0.000000
9,5,-48,2.5356267e+12,0.000000
10,6,-19,2.5287581e+12,0.000000
9,-8,-16,2.4832085e+12,0.000000
10,6,-49,2.4524349e+12,0.000000
10,-8,-15,2.3936781e+12,0.000000
9,-8,-15,2.363466e+12,0.000000
10,-7,-26,2.2790225e+12,0.000000
9,-8,-17,2.274872e+12,0.000000
9,6,-25,2.1728231e+12,0.000000
8,6,-35,2.1091281e+12,0.000000
6,6,-38,2.0770657e+12,0.000000
8,-7,-54,2.0514422e+12,0.000000
10,-7,-54,2.0166844e+12,0.000000
5,5,-50,2.0070048e+12,0.000000
9,4,-47,1.9974121e+12,0.000000
7,5,-48,1.9291116e+12,0.000000
7,6,-32,1.9269565e+12,0.000000
9,-8,-18,1.9040915e+12,0.000000
8,5,-39,1.8671784e+12,0.000000
7,5,-50,1.8511192e+12,0.000000
9,7,-10,1.8380541e+12,0.000000
9,7,-21,1.8364873e+12,0.000000
9,-8,-14,1.8010358e+12,0.000000
9,5,-36,1.758403e+12,0.000000
10,5,-29,1.7502537e+12,0.000000
7,5,-49,1.7453067e+12,0.000000
9,-9,-38,1.7451625e+12,0.000000
8,-7,-50,1.7350941e+12,0.000000
8,-8,-33,1.7173206e+12,0.000000
7,-7,-51,1.706254e+12,0.000000
10,-7,-11,1.6831584e+12,0.000000
8,-8,-47,1.6765514e+12,0.000000
9,4,-51,1.6602168e+12,0.000000
9,4,-50,1.6303938e+12,0.000000
10,-9,-55,1.6067591e+12,0.000000
8,6,-48,1.6003839e+12,0.000000
6,5,-46,1.5947894e+12,0.000000
10,-7,-43,1.5868441e+12,0.000000
7,5,-53,1.5771072e+12,0.000000
9,-9,-43,1.5768029e+12,0.000000
9,-9,-41,1.5461513e+12,0.000000
7,7,-24,1.541638e+12,0.000000
10,-7,-27,1.5205196e+12,0.000000
9,-8,-19,1.4978471e+12,0.000000
9,-7,-52,1.4829669e+12,0.000000
8,-8,-50,1.4603847e+12,0.000000
9,6,-26,1.4551926e+12,0.000000
8,-8,-35,1.4218444e+12,0.000000
10,-7,-41,1.3930089e+12,0.000000
10,6,-20,1.3877602e+12,0.000000
10,-8,-16,1.3872828e+12,0.000000
10,4,-52,1.3674634e+12,0.000000
8,5,-40,1.3602018e+12,0.000000
8,-7,-33,1.3347295e+12,0.000000
10,-9,-47,1.3327884e+12,0.000000
9,7,-55,1.2983956e+12,0.000000
9,-5,-6,1.2768561e+12,0.000000
10,4,-53,1.2757615e+12,0.000000
5,5,-51,1.2746321e+12,0.000000
9,-8,-36,1.2480605e+12,0.000000
10,-7,-45,1.2246823e+12,0.000000
8,6,-36,1.2099712e+12,0.000000
10,6,-53,1.1770346e+12,0.000000
10,2,-2,1.1605341e+12,0.000000
9,-8,-44,1.1583068e+12,0.000000
9,4,-54,1.156741e+12,0.000000
10,10,-10,1.1401599e+12,0.000000
8,4,-5,1.1391183e+12,0.000000
6,6,-39,1.1322724e+12,0.000000
9,4,-48,1.1310874e+12,0.000000
9,-8,-20,1.1276456e+12,0.000000
10,-7,-47,1.1264349e+12,0.000000
9,-9,-15,1.1141786e+12,0.000000
9,7,-22,1.1088151e+12,0.000000
7,6,-33,1.1063083e+12,0.000000
9,-9,-40,1.0832344e+12,0.000000
9,-9,-16,1.0803931e+12,0.000000
10,-7,-52,1.0690091e+12,0.000000
10,-7,-28,1.0054439e+12,0.000000
8,-8,-34,9.9798901e+11,0.000000
6,5,-47,9.9181039e+11,0.000000
10,6,-50,9.9073346e+11,0.000000
8,5,-41,9.7191311e+11,0.000000
9,6,-27,9.6438636e+11,0.000000
10,6,-21,9.6422249e+11,0.000000
8,-7,-41,9.6232367e+11,0.000000
10,5,-30,9.535761e+11,0.000000
10,9,-9,9.4664327e+11,0.000000
9,-9,-14,9.4641718e+11,0.000000
9,-8,-42,9.3239945e+11,0.000000
9,-9,-17,9.2760764e+11,0.000000
9,-8,-13,9.137312e+11,0.000000
9,-6,-55,8.8812251e+11,0.000000
10,-8,-48,8.8552492e+11,0.000000
5,5,-52,8.5156004e+11,0.000000
8,3,-4,8.4362814e+11,0.000000
9,-8,-52,8.3161059e+11,0.000000
9,-8,-21,8.2241637e+11,0.000000
10,-8,-43,8.1605647e+11,0.000000
10,6,-22,8.1172527e+11,0.000000
7,7,-25,7.9391845e+11,0.000000
9,-9,-39,7.8314318e+11,0.000000
10,-8,-17,7.7371861e+11,0.000000
10,-8,-9,7.7051117e+11,0.000000
10,-8,-35,7.6992624e+11,0.000000
8,6,-37,7.3728411e+11,0.000000
10,6,-23,7.3154773e+11,0.000000
9,-9,-18,7.3074889e+11,0.000000
8,7,-10,7.2574255e+11,0.000000
8,8,-13,7.0749923e+11,0.000000
8,7,-11,7.0579155e+11,0.000000
8,5,-42,6.995387e+11,0.000000
7,5,-51,6.9551942e+11,0.000000
8,-7,-34,6.6320694e+11,0.000000
9,-9,-44,6.599587e+11,0.000000
9,7,-23,6.5982862e+11,0.000000
9,-9,-48,6.5483254e+11,0.000000
10,6,-24,6.5462328e+11,0.000000
10,-7,-29,6.5262058e+11,0.000000
8,7,-12,6.4474216e+11,0.000000
7,6,-34,6.3542231e+11,0.000000
9,6,-28,6.3232833e+11,0.000000
9,4,-49,6.2865932e+11,0.000000
10,-7,-50,6.2251408e+11,0.000000
6,6,-40,6.2053095e+11,0.000000
6,5,-48,6.1718812e+11,0.000000
10,6,-52,6.1630266e+11,0.000000
8,8,-14,6.0431912e+11,0.000000
9,-8,-53,6.0301464e+11,0.000000
9,-8,-22,5.8595731e+11,0.000000
8,-7,-35,5.8090188e+11,0.000000
5,5,-53,5.768796e+11,0.000000
9,-8,-48,5.7264693e+11,0.000000
8,-7,-43,5.7179199e+11,0.000000
8,7,-13,5.703073e+11,0.000000
10,6,-25,5.6261277e+11,0.000000
10,-7,-49,5.5887855e+11,0.000000
8,-8,-37,5.5330883e+11,0.000000
10,-7,-35,5.5143752e+11,0.000000
9,-8,-45,5.5024852e+11,0.000000
9,-9,-19,5.4024705e+11,0.000000
9,-9,-13,5.1159161e+11,0.000000
10,5,-31,5.0310223e+11,0.000000
7,5,-52,5.0257647e+11,0.000000
9,5,-37,4.9884661e+11,0.000000
8,5,-43,4.9230931e+11,0.000000
9,5,-47,4.8983295e+11,0.000000
8,7,-14,4.7850027e+11,0.000000
10,6,-26,4.668319e+11,0.000000
10,-8,-37,4.6646864e+11,0.000000
5,5,-54,4.4705929e+11,0.000000
8,8,-12,4.3782509e+11,0.000000
7,-7,-50,4.3520046e+11,0.000000
10,-8,-18,4.3045918e+11,0.000000
10,-7,-30,4.2678829e+11,0.000000
8,8,-15,4.1885202e+11,0.000000
8,6,-38,4.1340381e+11,0.000000
9,-8,-54,4.122013e+11,0.000000
9,6,-29,4.1210813e+11,0.000000
9,-8,-23,4.1033187e+11,0.000000
10,4,-54,4.0535876e+11,0.000000
10,-7,-53,4.0463258e+11,0.000000
7,7,-26,4.0303238e+11,0.000000
9,7,-24,3.8766234e+11,0.000000
6,5,-49,3.8516603e+11,0.000000
9,-9,-20,3.8076661e+11,0.000000
8,7,-15,3.8004462e+11,0.000000
10,-7,-51,3.7833055e+11,0.000000
10,6,-27,3.6923017e+11,0.000000
7,6,-35,3.6406732e+11,0.000000
9,-6,-51,3.6051161e+11,0.000000
8,5,-44,3.4810204e+11,0.000000
6,6,-41,3.4385051e+11,0.000000
7,5,-54,3.1624471e+11,0.000000
5,5,-55,3.1255625e+11,0.000000
9,-9,-37,2.9351033e+11,0.000000
9,1,-1,2.9257895e+11,0.000000
10,6,-28,2.8758853e+11,0.000000
8,7,-16,2.8696245e+11,0.000000
9,5,-6,2.8383466e+11,0.000000
8,-7,-53,2.8381177e+11,0.000000
9,-8,-24,2.8356966e+11,0.000000
7,5,-55,2.8297304e+11,0.000000
10,-7,-31,2.6754787e+11,0.000000
9,6,-30,2.6576987e+11,0.000000
8,8,-16,2.6437741e+11,0.000000
10,5,-32,2.5949476e+11,0.000000
9,-9,-21,2.5874988e+11,0.000000
8,6,-39,2.5758463e+11,0.000000
10,-8,-19,2.4843409e+11,0.000000
6,5,-50,2.4331427e+11,0.000000
8,5,-45,2.4253905e+11,0.000000
10,-1,-2,2.4015846e+11,0.000000
9,6,-7,2.3408127e+11,0.000000
9,5,-46,2.3376616e+11,0.000000
9,7,-25,2.2480058e+11,0.000000
8,-7,-36,2.1964285e+11,0.000000
10,6,-29,2.1147017e+11,0.000000
7,6,-36,2.0895921e+11,0.000000
10,-10,-51,2.087391e+11,0.000000
8,7,-17,2.0719123e+11,0.000000
7,7,-27,2.0222082e+11,0.000000
10,-7,-36,1.9901882e+11,0.000000
9,5,-38,1.9624943e+11,0.000000
9,-8,-25,1.9408192e+11,0.000000
6,6,-42,1.9069794e+11,0.000000
10,4,-55,1.8256093e+11,0.000000
10,-7,-32,1.7312361e+11,0.000000
8,-7,-45,1.7199154e+11,0.000000
9,-8,-12,1.7166763e+11,0.000000
9,6,-31,1.7129241e+11,0.000000
9,-9,-22,1.7096986e+11,0.000000
8,5,-46,1.6938284e+11,0.000000
8,6,-47,1.6623519e+11,0.000000
9,4,-52,1.6469828e+11,0.000000
10,6,-30,1.596462e+11,0.000000
8,8,-17,1.5909053e+11,0.000000
8,-7,-48,1.5867934e+11,0.000000
9,5,-52,1.5804834e+11,0.000000
10,-8,-20,1.5504948e+11,0.000000
6,5,-51,1.5306411e+11,0.000000
8,7,-18,1.4384065e+11,0.000000
8,6,-40,1.4114635e+11,0.000000
10,-10,-50,1.3768384e+11,0.000000
8,6,-49,1.3587324e+11,0.000000
9,4,-53,1.3461625e+11,0.000000
9,-8,-26,1.317718e+11,0.000000
8,-8,-45,1.3140411e+11,0.000000
8,-7,-49,1.3045339e+11,0.000000
10,5,-50,1.2954906e+11,0.000000
9,7,-26,1.2911033e+11,0.000000
10,5,-33,1.2773066e+11,0.000000
8,-8,-43,1.2709034e+11,0.000000
9,9,-10,1.2208747e+11,0.000000
7,6,-37,1.1952232e+11,0.000000
10,-2,-2,1.1799428e+11,0.000000
8,5,-47,1.1784728e+11,0.000000
10,5,-48,1.1713811e+11,0.000000
9,-9,-23,1.1050189e+11,0.000000
6,6,-43,1.1000729e+11,0.000000
10,6,-31,1.092783e+11,0.000000
9,6,-32,1.0907152e+11,0.000000
10,-8,-21,1.0738975e+11,0.000000
9,5,-43,1.0631121e+11,0.000000
10,-7,-33,1.0611476e+11,0.000000
10,-9,-42,1.0395421e+11,0.000000
8,8,-11,1.0246108e+11,0.000000
7,7,-28,9.9776021e+10,0.000000
6,5,-52,9.8144214e+10,0.000000
7,7,-9,9.7741148e+10,0.000000
8,7,-19,9.6470003e+10,0.000000
9,5,-41,9.52598e+10,0.000000
8,8,-18,9.326106e+10,0.000000
9,5,-44,9.1696234e+10,0.000000
9,-8,-27,8.9034423e+10,0.000000
8,6,-41,8.8039218e+10,0.000000
8,6,-53,8.5252607e+10,0.000000
9,5,-45,8.4523974e+10,0.000000
8,5,-48,8.4413777e+10,0.000000
9,5,-55,8.3735416e+10,0.000000
9,-8,-38,8.3417727e+10,0.000000
10,5,-49,8.3158156e+10,0.000000
10,6,-32,8.305871e+10,0.000000
10,-8,-22,8.191532e+10,0.000000
9,5,-42,7.96778e+10,0.000000
10,-7,-48,7.8743696e+10,0.000000
8,6,-50,7.7519187e+10,0.000000
8,-7,-47,7.6007559e+10,0.000000
8,-7,-37,7.4477097e+10,0.000000
9,7,-27,7.3145291e+10,0.000000
8,5,-50,7.2205696e+10,0.000000
9,-9,-24,7.0234662e+10,0.000000
10,-7,-38,7.0067795e+10,0.000000
10,-7,-34,7.0015065e+10,0.000000
9,6,-33,6.9751605e+10,0.000000
7,6,-38,6.8507952e+10,0.000000
10,-10,-11,6.8221573e+10,0.000000
10,-8,-23,6.6475284e+10,0.000000
8,5,-49,6.5987415e+10,0.000000
9,5,-39,6.5648338e+10,0.000000
6,5,-53,6.4793499e+10,0.000000
9,-9,-45,6.3317535e+10,0.000000
6,6,-44,6.315116e+10,0.000000
8,7,-20,6.2737204e+10,0.000000
10,5,-34,6.2665928e+10,0.000000
9,5,-54,6.1522916e+10,0.000000
9,-8,-28,5.9761123e+10,0.000000
8,-7,-52,5.9356589e+10,0.000000
10,-8,-24,5.5586149e+10,0.000000
8,8,-19,5.3854542e+10,0.000000
9,-9,-51,5.3820223e+10,0.000000
8,-8,-52,5.3081648e+10,0.000000
10,6,-33,5.2081707e+10,0.000000
7,7,-29,4.8747767e+10,0.000000
8,6,-42,4.8669221e+10,0.000000
10,-9,-52,4.8354049e+10,0.000000
9,-8,-46,4.6751999e+10,0.000000
10,-8,-25,4.6335195e+10,0.000000
6,5,-54,4.551013e+10,0.000000
9,-9,-25,4.398883e+10,0.000000
9,6,-34,4.3971659e+10,0.000000
9,6,-48,4.3701124e+10,0.000000
9,-9,-46,4.195118e+10,0.000000
10,6,-34,4.1732913e+10,0.000000
6,6,-48,4.1640917e+10,0.000000
10,-7,-37,4.1537813e+10,0.000000
9,8,-9,4.1333147e+10,0.000000
9,7,-28,4.1295073e+10,0.000000
9,-8,-29,4.0147006e+10,0.000000
8,7,-21,3.9679561e+10,0.000000
7,6,-39,3.9082538e+10,0.000000
10,-8,-26,3.8685749e+10,0.000000
6,6,-45,3.8625575e+10,0.000000
9,5,-40,3.6193807e+10,0.000000
8,6,-52,3.6076242e+10,0.000000
10,-7,-10,3.5749135e+10,0.000000
10,-6,-7,3.5552354e+10,0.000000
9,-8,-51,3.5052561e+10,0.000000
10,-8,-34,3.4411291e+10,0.000000
10,2,-3,3.3598991e+10,0.000000
8,-7,-38,3.3230753e+10,0.000000
8,5,-51,3.2160312e+10,0.000000
6,5,-55,3.2035058e+10,0.000000
9,-8,-49,3.1124833e+10,0.000000
10,-8,-27,3.1078182e+10,0.000000
8,8,-20,3.0817263e+10,0.000000
9,-9,-34,3.0748342e+10,0.000000
8,-7,-51,3.0721883e+10,0.000000
8,6,-43,2.9006706e+10,0.000000
9,-6,-8,2.8654893e+10,0.000000
10,5,-53,2.8534224e+10,0.000000
10,-8,-33,2.8378033e+10,0.000000
10,-10,-54,2.8203088e+10,0.000000
9,6,-35,2.8086436e+10,0.000000
10,5,-35,2.7866277e+10,0.000000
10,5,-46,2.7651041e+10,0.000000
9,-9,-26,2.730865e+10,0.000000
9,-8,-30,2.6645642e+10,0.000000
8,5,-53,2.6307721e+10,0.000000
10,-8,-28,2.5683283e+10,0.000000
8,7,-22,2.4461758e+10,0.000000
6,6,-46,2.3896099e+10,0.000000
7,7,-30,2.3267449e+10,0.000000
10,6,-35,2.3004051e+10,0.000000
9,7,-29,2.284841e+10,0.000000
10,-10,-45,2.2643593e+10,0.000000
7,6,-40,2.2367372e+10,0.000000
10,-7,-8,2.1664686e+10,0.000000
10,-5,-7,2.153832e+10,0.000000
10,6,-36,2.0865268e+10,0.000000
9,-1,-1,1.9883918e+10,0.000000
6,6,-47,1.9680871e+10,0.000000
10,-8,-29,1.9286781e+10,0.000000
10,-10,-44,1.8904893e+10,0.000000
7,7,-55,1.8619482e+10,0.000000
9,-8,-31,1.7943286e+10,0.000000
9,-8,-47,1.7836389e+10,0.000000
8,8,-21,1.7532479e+10,0.000000
9,6,-36,1.7446925e+10,0.000000
8,6,-44,1.7201005e+10,0.000000
8,5,-52,1.7018249e+10,0.000000
10,-10,-41,1.6893396e+10,0.000000
9,-9,-27,1.6739544e+10,0.000000
10,-10,-40,1.6448058e+10,0.000000
10,-8,-30,1.6443726e+10,0.000000
10,7,-15,1.6279424e+10,0.000000
10,7,-14,1.6218528e+10,0.000000
10,7,-16,1.4749029e+10,0.000000
8,7,-23,1.4727838e+10,0.000000
9,-8,-37,1.3846259e+10,0.000000
10,7,-13,1.3764824e+10,0.000000
10,5,-36,1.3271329e+10,0.000000
9,7,-30,1.2807143e+10,0.000000
7,6,-41,1.2742706e+10,0.000000
10,7,-17,1.2430337e+10,0.000000
9,-8,-32,1.1743941e+10,0.000000
8,6,-54,1.1624441e+10,0.000000
9,-9,-54,1.1403907e+10,0.000000
6,6,-49,1.1371246e+10,0.000000
10,5,-47,1.13311e+10,0.000000
9,6,-37,1.1157319e+10,0.000000
7,7,-31,1.1055581e+10,0.000000
10,-9,-38,1.0909279e+10,0.000000
10,6,-38,1.0846869e+10,0.000000
10,-8,-31,1.075435e+10,0.000000
10,-8,-32,1.0540284e+10,0.000000
10,-9,-51,1.0485873e+10,0.000000
10,-9,-10,1.0349974e+10,0.000000
9,-9,-28,1.0311086e+10,0.000000
9,-9,-50,1.0218006e+10,0.000000
10,8,-9,1.0177087e+10,0.000000
8,8,-22,9.9333401e+09,0.000000
10,7,-18,9.9179336e+09,0.000000
9,-8,-11,9.8476878e+09,0.000000
9,-9,-36,9.6291607e+09,0.000000
10,-10,-39,9.4899999e+09,0.000000
8,6,-45,9.4588451e+09,0.000000
10,6,-37,9.2926174e+09,0.000000
10,-2,-3,9.1036773e+09,0.000000
10,-8,-55,8.8504025e+09,0.000000
10,-10,-36,8.7277797e+09,0.000000
10,7,-12,8.7134449e+09,0.000000
8,7,-24,8.6710017e+09,0.000000
10,-9,-44,8.1958395e+09,0.000000
10,-9,-40,8.1896293e+09,0.000000
9,-8,-33,8.0945994e+09,0.000000
8,5,-54,7.8317188e+09,0.000000
10,-10,-42,7.8278794e+09,0.000000
10,7,-19,7.574588e+09,0.000000
7,6,-42,7.2758766e+09,0.000000
6,6,-50,7.2612183e+09,0.000000
9,-8,-50,7.0787136e+09,0.000000
6,6,-53,7.0649533e+09,0.000000
9,6,-38,6.8659606e+09,0.000000
9,7,-31,6.858664e+09,0.000000
8,6,-46,6.6609442e+09,0.000000
10,5,-37,6.288321e+09,0.000000
9,-9,-29,6.1591377e+09,0.000000
6,6,-51,6.1501214e+09,0.000000
9,6,-47,5.6848053e+09,0.000000
10,6,-40,5.6847488e+09,0.000000
9,-3,-4,5.6339118e+09,0.000000
8,8,-23,5.6118338e+09,0.000000
6,6,-52,5.6029263e+09,0.000000
10,7,-20,5.5780201e+09,0.000000
10,-8,-11,5.4931816e+09,0.000000
10,-9,-39,5.3058056e+09,0.000000
8,5,-55,5.291698e+09,0.000000
9,-8,-34,5.2313997e+09,0.000000
10,7,-55,5.0994424e+09,0.000000
7,7,-32,5.0378869e+09,0.000000
8,7,-25,4.9996522e+09,0.000000
10,6,-7,4.8075019e+09,0.000000
10,-9,-48,4.7776399e+09,0.000000
9,-8,-43,4.7737949e+09,0.000000
6,6,-54,4.6007832e+09,0.000000
9,7,-52,4.5032997e+09,0.000000
9,6,-39,4.3975214e+09,0.000000
7,6,-43,4.1351854e+09,0.000000
9,-8,-35,4.1041714e+09,0.000000
6,6,-55,4.0048443e+09,0.000000
10,7,-21,3.9811368e+09,0.000000
9,7,-32,3.883436e+09,0.000000
10,-10,-49,3.8561651e+09,0.000000
9,-9,-30,3.7955995e+09,0.000000
10,5,-51,3.62167e+09,0.000000
10,6,-54,3.3050847e+09,0.000000
10,6,-42,3.3023478e+09,0.000000
10,-10,-38,3.1779845e+09,0.000000
8,8,-24,3.161423e+09,0.000000
10,5,-38,3.0856147e+09,0.000000
10,5,-39,2.9115939e+09,0.000000
9,-9,-33,2.8975357e+09,0.000000
10,6,-51,2.8627868e+09,0.000000
8,7,-26,2.8241156e+09,0.000000
8,-8,-55,2.7679304e+09,0.000000
10,7,-22,2.7645684e+09,0.000000
10,-10,-52,2.7272596e+09,0.000000
9,3,-4,2.6804682e+09,0.000000
9,6,-40,2.671975e+09,0.000000
10,7,-11,2.6478051e+09,0.000000
10,8,-12,2.5900651e+09,0.000000
10,5,-41,2.5289001e+09,0.000000
9,-9,-53,2.4855925e+09,0.000000
7,6,-44,2.3515239e+09,0.000000
7,7,-33,2.3321906e+09,0.000000
10,5,-43,2.2563712e+09,0.000000
8,-7,-9,2.243802e+09,0.000000
10,8,-51,2.2206287e+09,0.000000
9,-9,-31,2.2162592e+09,0.000000
10,5,-45,2.1464051e+09,0.000000
10,8,-13,2.0836743e+09,0.000000
10,6,-44,2.0127698e+09,0.000000
10,-9,-45,1.9724461e+09,0.000000
9,7,-33,1.9664727e+09,0.000000
10,7,-23,1.8731952e+09,0.000000
10,5,-40,1.8235381e+09,0.000000
10,-10,-37,1.7804793e+09,0.000000
8,8,-25,1.7788421e+09,0.000000
9,6,-41,1.7210839e+09,0.000000
10,5,-54,1.6467713e+09,0.000000
8,7,-27,1.5656562e+09,0.000000
10,-10,-48,1.5102576e+09,0.000000
9,7,-49,1.4937711e+09,0.000000
10,-9,-46,1.4485842e+09,0.000000
9,-9,-32,1.4117828e+09,0.000000
10,-9,-53,1.3960338e+09,0.000000
10,6,-41,1.34819e+09,0.000000
10,5,-42,1.3447989e+09,0.000000
10,-9,-37,1.3447063e+09,0.000000
7,6,-45,1.341141e+09,0.000000
10,6,-46,1.3325187e+09,0.000000
10,5,-44,1.291763e+09,0.000000
9,6,-53,1.27875e+09,0.000000
7,6,-48,1.2442326e+09,0.000000
10,7,-24,1.2418755e+09,0.000000
9,6,-49,1.2187618e+09,0.000000
10,5,-55,1.187915e+09,0.000000
8,-8,-10,1.1853062e+09,0.000000
10,-9,-43,1.1828493e+09,0.000000
9,7,-34,1.174341e+09,0.000000
10,8,-14,1.161427e+09,0.000000
9,7,-54,1.0870265e+09,0.000000
9,6,-50,1.0724211e+09,0.000000
9,6,-42,1.0092616e+09,0.000000
8,8,-26,9.9801309e+08,0.000000
9,6,-52,9.886352e+08,0.000000
7,7,-34,9.7943386e+08,0.000000
10,6,-43,9.2229164e+08,0.000000
10,7,-8,8.722092e+08,0.000000
8,7,-28,8.5004226e+08,0.000000
10,7,-25,8.0695822e+08,0.000000
9,-9,-12,8.0268978e+08,0.000000
10,-9,-50,7.974943e+08,0.000000
7,6,-46,7.6255321e+08,0.000000
10,8,-55,7.5361511e+08,0.000000
10,6,-39,7.1686079e+08,0.000000
9,6,-43,6.8286555e+08,0.000000
10,6,-45,6.8210402e+08,0.000000
10,7,-50,6.5930076e+08,0.000000
10,8,-15,6.0461762e+08,0.000000
9,7,-53,5.9690533e+08,0.000000
9,-9,-52,5.9298567e+08,0.000000
9,-9,-35,5.8793016e+08,0.000000
8,8,-27,5.6083642e+08,0.000000
10,-6,-8,5.509397e+08,0.000000
8,6,-51,5.439206e+08,0.000000
9,7,-35,5.2794995e+08,0.000000
10,7,-26,5.1538118e+08,0.000000
10,-9,-41,4.8848754e+08,0.000000
10,5,-52,4.8528054e+08,0.000000
9,-9,-49,4.7955506e+08,0.000000
7,6,-47,4.5937622e+08,0.000000
8,7,-29,4.5402106e+08,0.000000
7,7,-35,4.4019692e+08,0.000000
9,6,-44,3.8204739e+08,0.000000
9,7,-36,3.6071675e+08,0.000000
10,7,-27,3.2339461e+08,0.000000
10,5,-7,3.2258757e+08,0.000000
10,8,-16,3.1838387e+08,0.000000
9,8,-15,3.1499077e+08,0.000000
8,8,-28,3.1351316e+08,0.000000
9,8,-14,3.0396696e+08,0.000000
9,8,-16,2.7716898e+08,0.000000
10,-9,-18,2.6840461e+08,0.000000
9,6,-45,2.5993763e+08,0.000000
10,-9,-19,2.5678842e+08,0.000000
10,-9,-17,2.53072e+08,0.000000
10,8,-52,2.3839988e+08,0.000000
8,7,-30,2.3598159e+08,0.000000
10,-10,-43,2.2837892e+08,0.000000
9,7,-51,2.277421e+08,0.000000
10,-9,-20,2.2721436e+08,0.000000
9,8,-17,2.2123539e+08,0.000000
9,8,-13,2.1424747e+08,0.000000
10,-9,-16,2.0747322e+08,0.000000
10,7,-28,2.0065782e+08,0.000000
10,-9,-21,1.8925976e+08,0.000000
8,8,-29,1.7673161e+08,0.000000
10,8,-17,1.7418463e+08,0.000000
9,8,-18,1.6576748e+08,0.000000
10,-9,-54,1.6473073e+08,0.000000
7,7,-36,1.6374328e+08,0.000000
10,7,-54,1.5835098e+08,0.000000
7,6,-49,1.5710928e+08,0.000000
9,6,-54,1.5591467e+08,0.000000
10,-9,-22,1.5033947e+08,0.000000
8,7,-55,1.4668232e+08,0.000000
9,7,-50,1.409569e+08,0.000000
9,6,-46,1.3981872e+08,0.000000
10,-9,-15,1.3937322e+08,0.000000
10,-10,-55,1.3870869e+08,0.000000
10,10,-11,1.3336343e+08,0.000000
7,6,-50,1.2654294e+08,0.000000
10,-9,-34,1.2652309e+08,0.000000
9,7,-37,1.2602835e+08,0.000000
9,-7,-9,1.2452713e+08,0.000000
10,-10,-47,1.2386848e+08,0.000000
10,7,-29,1.2193738e+08,0.000000
8,7,-31,1.2133638e+08,0.000000
9,8,-19,1.1889501e+08,0.000000
10,-9,-23,1.1497878e+08,0.000000
9,7,-38,1.146503e+08,0.000000
9,9,-14,1.0945439e+08,0.000000
10,8,-54,1.0905747e+08,0.000000
10,8,-18,99957530,0.000000
8,8,-30,98292599,0.000000
9,9,-15,93601964,0.000000
9,9,-13,93398890,0.000000
10,7,-49,92904922,0.000000
10,-9,-24,85310431,0.000000
10,6,-55,85189172,0.000000
9,8,-20,82603445,0.000000
7,6,-52,81364295,0.000000
10,8,-50,81193684,0.000000
7,7,-52,77130837,0.000000
10,7,-30,74414375,0.000000
9,9,-16,71828766,0.000000
7,7,-37,69722634,0.000000
10,-10,-35,69125793,0.000000
10,-9,-14,68250456,0.000000
9,8,-12,67377313,0.000000
7,6,-53,66976999,0.000000
10,7,-52,66007670,0.000000
8,6,-55,65624027,0.000000
10,7,-10,62235523,0.000000
10,-9,-25,61705972,0.000000
10,8,-19,60411063,0.000000
8,7,-32,59948001,0.000000
8,8,-31,56061235,0.000000
9,8,-21,56012267,0.000000
7,6,-51,53782213,0.000000
10,9,-10,52474990,0.000000
9,9,-17,51702004,0.000000
10,-9,-36,51695660,0.000000
9,6,-8,49749422,0.000000
10,-9,-49,44321181,0.000000
10,-9,-26,43762666,0.000000
10,7,-31,43630874,0.000000
10,8,-20,38487945,0.000000
9,8,-22,37254494,0.000000
9,9,-18,35533899,0.000000
9,7,-40,33417696,0.000000
8,8,-32,30778009,0.000000
10,-9,-27,30481624,0.000000
8,7,-33,29168676,0.000000
10,-10,-46,28193807,0.000000
10,7,-32,26349695,0.000000
9,7,-39,26039621,0.000000
10,8,-21,25763979,0.000000
7,7,-54,24622333,0.000000
9,8,-23,24391728,0.000000
9,9,-19,23563713,0.000000
10,-9,-28,21479293,0.000000
7,7,-38,20108198,0.000000
8,8,-33,18078913,0.000000
10,8,-22,17973149,0.000000
10,-5,-6,17658149,0.000000
10,-9,-13,16987647,0.000000
9,7,-42,16583490,0.000000
7,6,-54,16499335,0.000000
9,8,-24,15757092,0.000000
8,8,-55,15491261,0.000000
9,9,-20,15183599,0.000000
10,7,-33,15058483,0.000000
9,6,-51,14907490,0.000000
9,4,-5,14841932,0.000000
10,-10,-53,14566817,0.000000
10,-9,-29,14133386,0.000000
8,7,-34,13480794,0.000000
10,8,-23,12899955,0.000000
9,7,-44,12695350,0.000000
8,8,-10,12059994,0.000000
10,-10,-18,11380391,0.000000
9,-9,-11,11100638,0.000000
10,5,-6,10802441,0.000000
9,-4,-5,10606310,0.000000
10,-10,-19,10531762,0.000000
7,7,-50,10266387,0.000000
7,6,-55,10101972,0.000000
9,8,-25,10067821,0.000000
10,-9,-33,9940583,0.000000
10,-9,-30,9626750.5,0.000000
8,8,-34,9571799.9,0.000000
9,9,-21,9553576.5,0.000000
10,7,-53,9513868.4,0.000000
10,8,-24,9438091.7,0.000000
10,-10,-14,9312621.7,0.000000
10,-10,-17,9152163.6,0.000000
10,7,-34,8964576.1,0.000000
9,7,-48,8364893.3,0.000000
10,-10,-20,8304704.7,0.000000
9,7,-46,7901763.3,0.000000
9,7,-47,7541371.2,0.000000
7,7,-39,7387753.3,0.000000
10,8,-25,6909931,0.000000
8,7,-50,6841482.5,0.000000
10,-9,-31,6433381.6,0.000000
9,8,-26,6368527.7,0.000000
7,7,-53,6179651.7,0.000000
9,6,-55,6159585.1,0.000000
8,7,-35,6144227.4,0.000000
8,8,-35,5996811.4,0.000000
10,-10,-21,5958043.4,0.000000
9,9,-22,5890841.4,0.000000
10,8,-26,5105586.1,0.000000
7,7,-49,4896703.8,0.000000
9,7,-43,4888863.9,0.000000
8,8,-53,4836751.4,0.000000
10,7,-51,4809466.1,0.000000
10,7,-35,4790379.6,0.000000
10,8,-11,4720758,0.000000
8,7,-54,4611399,0.000000
10,-9,-32,4314924.6,0.000000
10,-10,-22,4036734.4,0.000000
9,8,-27,4000002.1,0.000000
10,-10,-16,3839313.2,0.000000
9,8,-11,3820523.7,0.000000
10,8,-27,3667132.6,0.000000
9,9,-23,3567760.9,0.000000
8,8,-51,3409534,0.000000
7,7,-51,3229190.8,0.000000
10,7,-36,3095036.8,0.000000
8,8,-36,2948006.4,0.000000
9,7,-41,2904265.1,0.000000
10,-10,-34,2848060,0.000000
10,8,-28,2721147.6,0.000000
10,-9,-35,2674720.2,0.000000
10,-10,-23,2641949.8,0.000000
8,8,-54,2634008.4,0.000000
9,8,-28,2489818.3,0.000000
8,7,-36,2434044.2,0.000000
10,6,-8,2293912.2,0.000000
9,9,-24,2127899.8,0.000000
8,8,-37,2071204.7,0.000000
10,8,-29,1844154.9,0.000000
8,8,-50,1760393.8,0.000000
10,-10,-24,1699015.2,0.000000
10,-10,-31,1609999.1,0.000000
8,7,-52,1550588.5,0.000000
9,8,-29,1548474.6,0.000000
10,8,-30,1438044.1,0.000000
10,7,-37,1411211.6,0.000000
7,7,-47,1383667.7,0.000000
10,-10,-15,1352718.2,0.000000
7,7,-45,1319928.2,0.000000
7,7,-48,1297709.5,0.000000
9,-8,-55,1268413,0.000000
9,9,-25,1249716.2,0.000000
8,8,-52,1240312,0.000000
10,-10,-25,1077799.6,0.000000
7,7,-46,1076811.6,0.000000
10,7,-38,1033886.3,0.000000
7,7,-40,1025607.5,0.000000
8,7,-37,1017312.4,0.000000
7,7,-43,997857.87,0.000000
9,8,-30,949390.17,0.000000
7,7,-44,924856.88,0.000000
9,8,-51,919536.33,0.000000
10,1,-1,917341.96,0.000000
8,8,-38,901731.87,0.000000
10,8,-31,851781.28,0.000000
10,8,-32,769970.47,0.000000
9,9,-52,746075.41,0.000000
8,8,-39,741213.48,0.000000
9,9,-26,726118.67,0.000000
9,7,-45,705155.75,0.000000
10,-10,-26,690575.26,0.000000
7,7,-41,687755.99,0.000000
8,7,-9,602967.85,0.000000
9,8,-31,590385.53,0.000000
7,7,-42,581355.02,0.000000
8,7,-49,552940.76,0.000000
10,7,-48,518131.36,0.000000
10,8,-48,495878.02,0.000000
10,8,-34,450241.56,0.000000
9,8,-50,441834.88,0.000000
10,-10,-27,431648.06,0.000000
9,9,-27,415069.41,0.000000
9,8,-55,372037.13,0.000000
9,8,-32,356371.8,0.000000
10,7,-39,352225.48,0.000000
10,8,-33,340541.2,0.000000
10,8,-47,324749.42,0.000000
8,7,-38,323090.01,0.000000
10,8,-36,293132.82,0.000000
10,-10,-28,286813.38,0.000000
8,8,-41,283014.76,0.000000
10,8,-46,276306.26,0.000000
10,8,-44,269193.7,0.000000
9,8,-52,263746.09,0.000000
8,8,-40,251097.44,0.000000
8,7,-53,250510.77,0.000000
10,8,-40,242467.47,0.000000
10,8,-53,240903.16,0.000000
9,9,-28,237005.65,0.000000
10,8,-38,230092.28,0.000000
9,8,-33,223016.24,0.000000
10,8,-49,214599.92,0.000000
10,8,-42,195804.1,0.000000
10,8,-45,182729.39,0.000000
10,-10,-30,178700.25,0.000000
9,9,-12,177578.44,0.000000
10,-10,-29,171895.36,0.000000
9,8,-34,132494.84,0.000000
9,9,-29,131578.23,0.000000
10,9,-52,128758,0.000000
10,7,-42,118591.18,0.000000
10,7,-41,111410.15,0.000000
10,8,-35,105637.04,0.000000
8,7,-39,105160.07,0.000000
10,7,-44,102813.26,0.000000
8,8,-43,101171.04,0.000000
9,7,-9,93467.483,0.000000
10,10,-53,90862.919,0.000000
10,-10,-32,84413.798,0.000000
9,8,-35,84330.704,0.000000
9,9,-11,82150.122,0.000000
10,8,-43,80628.241,0.000000
9,8,-53,75930.127,0.000000
9,9,-30,75082.031,0.000000
8,8,-42,70419.87,0.000000
8,7,-44,65430.248,0.000000
10,7,-46,59731.152,0.000000
10,7,-47,55942.314,0.000000
10,-10,-12,54213.994,0.000000
8,7,-42,53666.55,0.000000
8,7,-40,51245.366,0.000000
8,8,-44,50784.317,0.000000
8,7,-45,50693.824,0.000000
8,7,-51,49764.768,0.000000
8,7,-46,49359.72,0.000000
9,8,-36,48645.958,0.000000
8,7,-43,47281.366,0.000000
9,8,-54,45469.675,0.000000
9,-8,-10,44705.595,0.000000
10,7,-40,43182.126,0.000000
8,8,-45,42915.858,0.000000
8,7,-48,40065.273,0.000000
9,9,-31,39871.603,0.000000
8,7,-47,36132.586,0.000000
10,-10,-33,34637.456,0.000000
10,9,-17,34443.525,0.000000
10,9,-53,34358.214,0.000000
8,7,-41,33983.093,0.000000
10,9,-16,33827.259,0.000000
9,8,-37,32660.759,0.000000
10,9,-18,31755.723,0.000000
10,9,-15,28885.366,0.000000
10,9,-19,27161.234,0.000000
10,7,-43,24168.826,0.000000
9,9,-32,23631.025,0.000000
10,9,-20,21902.18,0.000000
8,8,-48,20871.006,0.000000
8,8,-46,20268.617,0.000000
10,9,-14,19673.556,0.000000
10,8,-37,18382.16,0.000000
9,8,-38,17504.048,0.000000
10,9,-21,16838.736,0.000000
10,4,-5,15442.355,0.000000
10,9,-54,14535.263,0.000000
8,8,-47,13952.217,0.000000
10,8,-39,13918.669,0.000000
10,-1,-1,13446.913,0.000000
9,8,-39,12650.775,0.000000
10,9,-22,12443.39,0.000000
9,9,-33,11264.38,0.000000
9,9,-53,10071.563,0.000000
10,9,-23,8890.5215,0.000000
10,9,-13,7909.1593,0.000000
9,9,-34,7775.2063,0.000000
10,8,-41,6935.7078,0.000000
9,8,-40,6238.7477,0.000000
10,-9,-12,6218.8408,0.000000
10,9,-24,6171.8119,0.000000
8,8,-49,5513.9018,0.000000
9,8,-41,5477.8115,0.000000
10,7,-45,4733.3013,0.000000
9,9,-54,4322.8069,0.000000
10,9,-25,4174.7337,0.000000
10,10,-54,3727.3488,0.000000
10,-4,-5,3574.8183,0.000000
10,10,-55,3177.3796,0.000000
9,9,-35,2823.296,0.000000
9,9,-36,2779.1935,0.000000
10,9,-26,2764.1643,0.000000
10,10,-14,2660.2719,0.000000
9,8,-42,2566.4763,0.000000
10,3,-4,2386.9513,0.000000
9,8,-43,2122.7721,0.000000
10,9,-51,1953.1035,0.000000
10,9,-27,1790.975,0.000000
10,10,-17,1586.5502,0.000000
9,9,-55,1516.811,0.000000
10,10,-18,1483.9956,0.000000
9,9,-51,1396.3325,0.000000
10,-8,-10,1283.5307,0.000000
9,9,-38,1249.1448,0.000000
9,8,-10,1198.1163,0.000000
10,9,-28,1145.4792,0.000000
10,10,-19,1124.0358,0.000000
10,10,-16,1085.0137,0.000000
9,8,-45,1042.9372,0.000000
10,10,-20,759.0483,0.000000
10,-9,-11,748.48142,0.000000
10,-3,-4,745.99839,0.000000
9,9,-40,739.64394,0.000000
10,9,-29,714.22916,0.000000
9,8,-44,658.38219,0.000000
9,9,-49,598.90705,0.000000
9,9,-48,532.60139,0.000000
9,9,-37,528.09656,0.000000
9,8,-47,504.61477,0.000000
9,9,-46,487.93127,0.000000
10,10,-21,478.87992,0.000000
9,9,-47,454.88379,0.000000
10,9,-30,449.38507,0.000000
10,10,-15,405.08127,0.000000
9,9,-44,372.48266,0.000000
9,9,-45,313.95612,0.000000
9,8,-49,290.06625,0.000000
10,10,-22,289.74638,0.000000
10,10,-12,282.61048,0.000000
10,9,-31,267.4509,0.000000
10,-7,-9,207.21135,0.000000
9,8,-48,179.58543,0.000000
10,10,-23,170.7768,0.000000
10,9,-32,170.55669,0.000000
9,9,-50,154.14477,0.000000
10,10,-52,129.21522,0.000000
10,-10,-13,115.9651,0.000000
10,10,-24,99.245103,0.000000
10,9,-33,93.932669,0.000000
10,9,-55,83.687866,0.000000
10,8,-10,81.801571,0.000000
9,8,-46,70.621906,0.000000
10,9,-34,63.685024,0.000000
10,10,-25,56.941657,0.000000
9,9,-39,39.342762,0.000000
9,9,-43,37.024611,0.000000
10,10,-26,32.914567,0.000000
10,9,-35,32.22272,0.000000
10,10,-50,32.067047,0.000000
10,10,-51,31.676551,0.000000
10,9,-50,28.950751,0.000000
9,9,-41,28.93341,0.000000
10,10,-49,24.23178,0.000000
10,9,-36,23.76984,0.000000
10,10,-48,20.2604,0.000000
10,10,-27,18.572166,0.000000
10,10,-47,17.931466,0.000000
10,9,-49,16.235072,0.000000
10,9,-11,13.047796,0.000000
10,10,-46,12.752491,0.000000
9,9,-42,11.528671,0.000000
10,9,-38,11.106216,0.000000
10,10,-28,11.077574,0.000000
10,9,-37,9.3076952,0.000000
10,10,-45,9.2820479,0.000000
10,10,-44,7.9451024,0.000000
10,10,-29,5.939729,0.000000
10,9,-48,5.3710383,0.000000
10,9,-40,5.3283627,0.000000
10,9,-46,4.6887516,0.000000
10,10,-30,4.1036978,0.000000
10,9,-12,3.3066359,0.000000
10,9,-39,1.9112368,0.000000
10,10,-32,1.8150112,0.000000
10,10,-31,1.7396431,0.000000
10,9,-45,1.4864314,0.000000
10,10,-34,1.3321145,0.000000
10,9,-47,0.9683709,0.000000
10,9,-42,0.55056683,0.000000
10,9,-41,0.51884092,0.000000
10,10,-41,0.51082499,0.000000
10,7,-9,0.45295797,0.000000
10,10,-40,0.42757837,0.000000
10,10,-42,0.4092993,0.000000
10,10,-33,0.35375619,0.000000
10,10,-38,0.35029715,0.000000
10,9,-44,0.33835557,0.000000
10,10,-39,0.3296004,0.000000
10,10,-43,0.20852654,0.000000
10,10,-36,0.19494715,0.000000
10,10,-37,0.19202244,0.000000
10,10,-35,0.11824074,0.000000
10,9,-43,0.11134746,0.000000
10,10,-13,0.039014832,0.000000
2,0,0,0,0.000000
3,0,0,0,0.000000
4,0,0,0,0.000000
5,0,0,0,0.000000
6,0,0,0,0.000000
7,0,0,0,0.000000
8,0,0,0,0.000000
9,0,0,0,0.000000
10,0,0,0,0.000000
