l,m,n,power,fraction_pct
2,-2,3,5.8519548e+45,36.914405
2,-2,2,4.6295293e+45,29.203288
2,-2,4,1.8744313e+45,11.824000
2,-2,1,8.0425118e+44,5.073254
2,-2,5,7.7777991e+44,4.906272
2,-2,-1,7.5649032e+44,4.771976
2,-2,6,3.7632784e+44,2.373894
2,-2,7,1.9805631e+44,1.249348
2,-2,0,1.5811926e+44,0.997424
2,-2,8,1.0966038e+44,0.691743
2,-2,9,6.2715435e+43,0.395612
3,-3,4,5.6663406e+43,0.357435
2,-2,10,3.6633916e+43,0.231088
2,-2,11,2.1695048e+43,0.136853
3,-3,5,1.8324367e+43,0.115591
3,-3,3,1.4792814e+43,0.093314
2,-2,12,1.2958929e+43,0.081746
2,-1,1,1.0730465e+43,0.067688
2,-2,13,7.7784888e+42,0.049067
2,-2,-2,7.7348803e+42,0.048792
3,-3,6,7.3023132e+42,0.046063
2,-1,2,5.6291429e+42,0.035509
3,-2,3,4.7443308e+42,0.029927
2,-2,14,4.6790313e+42,0.029516
3,-3,7,3.9208911e+42,0.024733
3,-3,2,3.6014412e+42,0.022718
3,-2,2,2.8709328e+42,0.018110
2,-2,15,2.8150796e+42,0.017758
2,-1,0,2.7207511e+42,0.017163
3,-3,8,2.4171938e+42,0.015248
3,-3,1,2.0392928e+42,0.012864
2,-2,16,1.6915964e+42,0.010671
2,-1,3,1.6536294e+42,0.010431
3,-3,9,1.5962578e+42,0.010069
3,-3,0,1.5391048e+42,0.009709
3,-2,4,1.4620086e+42,0.009222
3,-3,10,1.0922139e+42,0.006890
2,0,-1,1.0165684e+42,0.006413
2,0,1,1.0165684e+42,0.006413
2,-2,17,1.0143472e+42,0.006399
3,-3,11,7.606916e+41,0.004798
2,-2,-3,7.2163074e+41,0.004552
3,-2,5,6.3162045e+41,0.003984
2,-1,4,6.1196809e+41,0.003860
2,-2,18,6.0667265e+41,0.003827
3,-3,12,5.3378893e+41,0.003367
4,-4,5,4.7811238e+41,0.003016
3,-3,-1,4.2259743e+41,0.002666
3,-3,-2,3.9690086e+41,0.002504
3,-3,13,3.7506812e+41,0.002366
3,-2,1,3.7230954e+41,0.002349
2,-2,19,3.618636e+41,0.002283
3,-1,0,3.5442506e+41,0.002236
3,-2,6,3.2979883e+41,0.002080
4,-4,6,3.0583577e+41,0.001929
3,-3,14,2.6287376e+41,0.001658
2,-1,5,2.6041788e+41,0.001643
4,-3,4,2.1754263e+41,0.001372
2,-2,20,2.1528953e+41,0.001358
3,-2,7,1.8962538e+41,0.001196
3,-3,15,1.8331515e+41,0.001156
3,-1,2,1.5855658e+41,0.001000
2,-2,21,1.2780339e+41,0.000806
3,-3,16,1.2699044e+41,0.000801
2,-1,6,1.2085487e+41,0.000762
3,-2,8,1.1511196e+41,0.000726
2,0,-2,1.0214806e+41,0.000644
2,0,2,1.0214806e+41,0.000644
4,-4,7,9.8141766e+40,0.000619
4,-4,4,9.208376e+40,0.000581
3,-3,17,8.7306848e+40,0.000551
3,-1,3,8.4479958e+40,0.000533
2,-2,22,7.5738498e+40,0.000478
3,-2,9,7.2148289e+40,0.000455
4,-3,5,7.1795104e+40,0.000453
2,-2,-4,6.5052008e+40,0.000410
3,-3,18,5.9542038e+40,0.000376
2,-1,7,5.9354014e+40,0.000374
4,-4,8,4.6630998e+40,0.000294
3,-2,10,4.6073503e+40,0.000291
2,-2,23,4.4832383e+40,0.000283
4,-3,3,4.3473175e+40,0.000274
3,-1,4,4.1840715e+40,0.000264
3,-3,19,4.027719e+40,0.000254
3,-1,1,3.8567932e+40,0.000243
3,-2,-1,3.4045837e+40,0.000215
2,-1,8,3.0282066e+40,0.000191
3,-2,11,2.9726152e+40,0.000188
4,-3,6,2.8051778e+40,0.000177
3,-3,20,2.7030445e+40,0.000171
4,-4,9,2.6939927e+40,0.000170
4,-4,3,2.6683232e+40,0.000168
2,-2,24,2.6523068e+40,0.000167
4,-2,2,2.4902823e+40,0.000157
3,-1,5,2.0839866e+40,0.000131
3,-2,12,1.9269077e+40,0.000122
3,-2,0,1.816064e+40,0.000115
3,-3,21,1.8005778e+40,0.000114
4,-4,10,1.7460225e+40,0.000110
2,-2,-5,1.5986264e+40,0.000101
2,-1,9,1.5855837e+40,0.000100
2,-2,25,1.569137e+40,0.000099
2,0,-3,1.5682334e+40,0.000099
2,0,3,1.5682334e+40,0.000099
4,-2,1,1.5164756e+40,0.000096
4,-3,7,1.4806746e+40,0.000093
3,-2,13,1.2501177e+40,0.000079
4,-4,11,1.2211399e+40,0.000077
3,-3,22,1.191299e+40,0.000075
4,-4,2,1.1241268e+40,0.000071
4,-2,3,1.0825672e+40,0.000068
3,-1,6,1.0544962e+40,0.000067
2,-2,26,9.2881962e+39,0.000059
4,-3,8,9.0413151e+39,0.000057
4,-4,12,8.989103e+39,0.000057
2,-1,10,8.4490517e+39,0.000053
3,-2,14,8.0954804e+39,0.000051
3,-3,23,7.8346136e+39,0.000049
2,-1,-2,7.7394707e+39,0.000049
4,-4,13,6.8359198e+39,0.000043
5,-5,7,6.5121575e+39,0.000041
4,-3,9,5.9878201e+39,0.000038
4,-4,1,5.8831184e+39,0.000037
4,-3,2,5.5662251e+39,0.000035
2,-2,27,5.5034544e+39,0.000035
3,-1,7,5.4113092e+39,0.000034
4,-4,14,5.2955764e+39,0.000033
3,-2,15,5.223063e+39,0.000033
3,-3,24,5.1258678e+39,0.000032
2,-1,-1,4.909226e+39,0.000031
2,-2,-6,4.8896805e+39,0.000031
2,-1,11,4.5541207e+39,0.000029
5,-3,4,4.3667595e+39,0.000028
4,-3,10,4.1639305e+39,0.000026
4,-4,15,4.1366735e+39,0.000026
4,-2,0,4.0401192e+39,0.000025
2,-1,-3,3.8754807e+39,0.000024
5,-4,5,3.4991501e+39,0.000022
3,-2,16,3.3531952e+39,0.000021
3,-3,25,3.3391904e+39,0.000021
2,-2,28,3.2654316e+39,0.000021
4,-4,16,3.2353233e+39,0.000020
5,-5,6,3.1921319e+39,0.000020
4,-3,11,2.9813075e+39,0.000019
2,0,-4,2.9341082e+39,0.000019
2,0,4,2.9341082e+39,0.000019
3,-1,8,2.8049353e+39,0.000018
2,1,0,2.5308578e+39,0.000016
5,-4,6,2.5221099e+39,0.000016
4,-4,17,2.5211799e+39,0.000016
2,-1,12,2.47181e+39,0.000016
2,2,-1,2.4436064e+39,0.000015
5,-3,3,2.2205268e+39,0.000014
4,-3,12,2.1694562e+39,0.000014
3,-3,26,2.1676987e+39,0.000014
3,-2,17,2.1405297e+39,0.000014
4,-4,0,2.1254782e+39,0.000013
4,-2,4,2.0732185e+39,0.000013
4,-4,18,1.9512728e+39,0.000012
2,-2,29,1.9408009e+39,0.000012
3,-1,-2,1.9352442e+39,0.000012
5,-5,8,1.8099839e+39,0.000011
2,-1,-4,1.7642303e+39,0.000011
2,-2,-7,1.6549291e+39,0.000010
4,-3,13,1.5905861e+39,0.000010
3,-3,-3,1.5754849e+39,0.000010
2,1,1,1.4969797e+39,0.000009
4,-4,19,1.49689e+39,0.000009
3,-1,9,1.4626613e+39,0.000009
3,1,0,1.4503844e+39,0.000009
3,-3,27,1.4033871e+39,0.000009
3,-2,18,1.3582204e+39,0.000009
2,-1,13,1.3463368e+39,0.000008
5,-3,5,1.2625234e+39,0.000008
4,-4,-1,1.1794119e+39,0.000007
4,-3,14,1.1680793e+39,0.000007
2,-2,30,1.1557324e+39,0.000007
4,-4,20,1.1369276e+39,0.000007
4,-3,1,1.0945552e+39,0.000007
4,-4,-2,1.0625507e+39,0.000007
4,-2,-1,9.0857235e+38,0.000006
3,-3,28,9.0674023e+38,0.000006
3,-2,19,8.5666481e+38,0.000005
4,-3,15,8.5577746e+38,0.000005
4,-4,21,8.5456566e+38,0.000005
5,-4,7,8.1820965e+38,0.000005
2,-1,-5,8.1803517e+38,0.000005
4,-3,0,8.0012733e+38,0.000005
5,-5,9,7.9237035e+38,0.000005
3,-1,10,7.6450805e+38,0.000005
2,-1,14,7.3400054e+38,0.000005
2,1,2,7.2948549e+38,0.000005
2,-2,31,6.8966598e+38,0.000004
4,-4,22,6.3568103e+38,0.000004
4,-3,16,6.2380313e+38,0.000004
5,-5,5,6.0844272e+38,0.000004
2,-2,-8,5.9565296e+38,0.000004
2,0,-5,5.9426797e+38,0.000004
2,0,5,5.9426797e+38,0.000004
3,-3,29,5.85041e+38,0.000004
5,-3,2,5.5638631e+38,0.000004
3,-2,20,5.3723596e+38,0.000003
4,-4,23,4.6814562e+38,0.000003
4,-3,17,4.5160421e+38,0.000003
5,-4,4,4.4500275e+38,0.000003
5,-3,6,4.4394209e+38,0.000003
5,-5,10,4.3416805e+38,0.000003
4,-2,5,4.2499947e+38,0.000003
2,-2,32,4.1244471e+38,0.000003
2,-1,15,3.9976813e+38,0.000003
3,-1,11,3.9925203e+38,0.000003
5,-4,8,3.9612636e+38,0.000002
2,-1,-6,3.9082783e+38,0.000002
3,-3,30,3.7715748e+38,0.000002
2,1,3,3.5594205e+38,0.000002
4,-4,24,3.4154287e+38,0.000002
3,-2,21,3.3515113e+38,0.000002
4,-3,18,3.2435299e+38,0.000002
5,-5,11,2.6453426e+38,0.000002
2,-2,33,2.4720205e+38,0.000002
4,-4,25,2.4704448e+38,0.000002
3,-3,31,2.4304782e+38,0.000002
4,-3,19,2.3098642e+38,0.000001
5,-4,9,2.2981284e+38,0.000001
2,-2,-9,2.234718e+38,0.000001
6,-4,5,2.2300209e+38,0.000001
3,0,-1,2.2109451e+38,0.000001
3,0,1,2.2109451e+38,0.000001
2,-1,16,2.1721617e+38,0.000001
4,-3,-1,2.1383645e+38,0.000001
3,-2,22,2.0811486e+38,0.000001
4,-4,-3,2.0785212e+38,0.000001
3,-1,12,2.0773952e+38,0.000001
2,2,2,1.9399916e+38,0.000001
5,-3,7,1.9198341e+38,0.000001
2,-1,-7,1.9179943e+38,0.000001
2,1,4,1.7908981e+38,0.000001
4,-4,26,1.7731684e+38,0.000001
5,-5,12,1.7211239e+38,0.000001
5,-5,4,1.7109149e+38,0.000001
4,-1,2,1.6678377e+38,0.000001
2,2,3,1.6401329e+38,0.000001
4,-3,20,1.6308244e+38,0.000001
3,-1,-4,1.5826831e+38,0.000001
3,-3,32,1.5662439e+38,0.000001
2,2,1,1.5654275e+38,0.000001
2,-2,34,1.4848699e+38,0.000001
5,-4,10,1.4717955e+38,0.000001
2,2,0,1.3681781e+38,0.000001
4,-2,6,1.2936539e+38,0.000001
3,-2,23,1.2872076e+38,0.000001
4,-4,27,1.2640371e+38,0.000001
2,2,4,1.2039927e+38,0.000001
2,0,-6,1.1981572e+38,0.000001
2,0,6,1.1981572e+38,0.000001
5,-5,13,1.1791694e+38,0.000001
2,-1,17,1.1763811e+38,0.000001
3,-1,-5,1.1687744e+38,0.000001
4,-3,21,1.1417419e+38,0.000001
6,-6,8,1.1400886e+38,0.000001
6,-4,6,1.0929127e+38,0.000001
3,-1,13,1.0743002e+38,0.000001
3,-3,33,1.0096264e+38,0.000001
5,-4,11,1.0082667e+38,0.000001
5,-3,1,9.6839113e+37,0.000001
2,-1,-8,9.6177826e+37,0.000001
4,-1,3,9.4873255e+37,0.000001
2,2,-2,9.4197956e+37,0.000001
2,1,5,9.2887127e+37,0.000001
5,-3,8,9.091871e+37,0.000001
4,-4,28,8.9575075e+37,0.000001
2,-2,35,8.9380899e+37,0.000001
4,-2,7,8.9002994e+37,0.000001
2,-2,-10,8.6310548e+37,0.000001
4,-2,8,8.608669e+37,0.000001
5,-5,14,8.4510256e+37,0.000001
3,-1,-3,8.3791721e+37,0.000001
6,-5,7,8.373722e+37,0.000001
2,2,5,8.3139221e+37,0.000001
3,1,2,8.3123226e+37,0.000001
4,-2,9,8.0639542e+37,0.000001
5,-5,3,8.0334904e+37,0.000001
3,1,3,7.9604221e+37,0.000001
3,-2,24,7.9356504e+37,0.000001
4,-3,22,7.9298469e+37,0.000001
5,-4,12,7.2655626e+37,0.000000
5,-4,3,7.1079067e+37,0.000000
3,-1,-6,7.1077799e+37,0.000000
4,-2,10,6.9642098e+37,0.000000
3,-3,34,6.5118197e+37,0.000000
2,-1,18,6.3464985e+37,0.000000
4,-4,29,6.3153033e+37,0.000000
5,-5,15,6.3015894e+37,0.000000
3,0,-2,5.9655442e+37,0.000000
3,0,2,5.9655442e+37,0.000000
4,-2,11,5.6209846e+37,0.000000
2,2,6,5.560361e+37,0.000000
3,-1,14,5.5096125e+37,0.000000
4,-3,23,5.4672577e+37,0.000000
4,-1,4,5.4628541e+37,0.000000
5,-4,13,5.4354708e+37,0.000000
3,1,4,5.4182064e+37,0.000000
2,-2,36,5.3910504e+37,0.000000
5,-3,-1,5.0342935e+37,0.000000
2,1,6,4.9332465e+37,0.000000
2,-1,-9,4.9036524e+37,0.000000
3,-2,25,4.879796e+37,0.000000
5,-5,16,4.8600424e+37,0.000000
6,-4,4,4.8281715e+37,0.000000
5,-5,2,4.5688998e+37,0.000000
5,-3,9,4.4682981e+37,0.000000
2,1,-2,4.4399985e+37,0.000000
4,-4,30,4.4331793e+37,0.000000
4,-2,12,4.3070202e+37,0.000000
3,1,-2,4.220003e+37,0.000000
3,-3,35,4.2030561e+37,0.000000
5,-4,14,4.1744667e+37,0.000000
3,-1,-7,4.0550253e+37,0.000000
4,-3,-2,4.0356018e+37,0.000000
4,-1,1,3.9505111e+37,0.000000
5,-5,17,3.8511294e+37,0.000000
6,-6,9,3.850912e+37,0.000000
5,-1,1,3.8083506e+37,0.000000
3,-2,-2,3.7633588e+37,0.000000
4,-3,24,3.7445564e+37,0.000000
2,2,7,3.6457374e+37,0.000000
5,-3,0,3.5133026e+37,0.000000
2,-1,19,3.4098086e+37,0.000000
2,-2,-11,3.4022503e+37,0.000000
2,1,-1,3.3635694e+37,0.000000
6,-4,7,3.3148429e+37,0.000000
6,-5,6,3.3037509e+37,0.000000
3,1,5,3.2958199e+37,0.000000
4,-1,0,3.2777025e+37,0.000000
5,-4,15,3.2607547e+37,0.000000
2,-2,37,3.2577076e+37,0.000000
4,-1,5,3.2320212e+37,0.000000
4,-2,13,3.1682683e+37,0.000000
5,-5,18,3.1131063e+37,0.000000
4,-4,31,3.1006538e+37,0.000000
3,-2,26,2.9948974e+37,0.000000
3,-1,15,2.79682e+37,0.000000
3,-3,36,2.7152291e+37,0.000000
2,1,7,2.664751e+37,0.000000
5,-4,16,2.5713483e+37,0.000000
4,-3,25,2.5497476e+37,0.000000
5,-5,19,2.5492068e+37,0.000000
2,-1,-10,2.5314665e+37,0.000000
3,-1,-1,2.3793991e+37,0.000000
2,2,8,2.3568008e+37,0.000000
6,-5,8,2.3346266e+37,0.000000
2,0,-7,2.3078582e+37,0.000000
2,0,7,2.3078582e+37,0.000000
4,0,-2,2.3071776e+37,0.000000
4,0,2,2.3071776e+37,0.000000
3,-1,-8,2.2552948e+37,0.000000
4,-2,14,2.2543337e+37,0.000000
6,-6,7,2.245624e+37,0.000000
5,-3,10,2.2114053e+37,0.000000
4,-4,32,2.162114e+37,0.000000
5,-5,20,2.1012063e+37,0.000000
5,-4,2,2.059426e+37,0.000000
5,-4,17,2.0352943e+37,0.000000
2,-2,38,1.9719105e+37,0.000000
4,-1,6,1.9427182e+37,0.000000
3,1,6,1.9095038e+37,0.000000
5,-5,1,1.9044116e+37,0.000000
3,-2,27,1.8355673e+37,0.000000
2,-1,20,1.8243109e+37,0.000000
4,0,-3,1.7832415e+37,0.000000
4,0,3,1.7832415e+37,0.000000
3,-3,37,1.7557468e+37,0.000000
3,1,1,1.7495279e+37,0.000000
5,-5,21,1.7341793e+37,0.000000
4,-3,26,1.7274356e+37,0.000000
4,0,-1,1.669623e+37,0.000000
4,0,1,1.669623e+37,0.000000
5,-4,18,1.610021e+37,0.000000
3,0,-3,1.5834748e+37,0.000000
3,0,3,1.5834748e+37,0.000000
4,-2,15,1.5595695e+37,0.000000
6,-4,8,1.5074318e+37,0.000000
2,2,9,1.5065624e+37,0.000000
4,-4,33,1.5039392e+37,0.000000
6,-6,10,1.48576e+37,0.000000
2,1,-3,1.4646369e+37,0.000000
2,1,8,1.4558962e+37,0.000000
5,-1,2,1.4371152e+37,0.000000
5,-5,22,1.4272856e+37,0.000000
3,-1,16,1.4027882e+37,0.000000
2,-2,-12,1.3600562e+37,0.000000
2,-1,-11,1.3187843e+37,0.000000
5,-4,19,1.2688195e+37,0.000000
3,-1,-9,1.2400022e+37,0.000000
5,-4,1,1.2162304e+37,0.000000
2,-2,39,1.1954117e+37,0.000000
4,-1,7,1.1755413e+37,0.000000
5,-5,23,1.1680227e+37,0.000000
4,-3,27,1.1653163e+37,0.000000
3,-3,38,1.1364411e+37,0.000000
3,-2,28,1.1240363e+37,0.000000
6,-4,3,1.0811617e+37,0.000000
5,-3,11,1.0797722e+37,0.000000
3,1,7,1.0780353e+37,0.000000
4,-2,16,1.0528919e+37,0.000000
4,-4,34,1.0440422e+37,0.000000
3,-3,-5,1.0350953e+37,0.000000
6,-5,9,1.0343691e+37,0.000000
5,-4,20,9.9397618e+36,0.000000
2,-1,21,9.7196881e+36,0.000000
2,2,10,9.5387733e+36,0.000000
5,-5,24,9.4860717e+36,0.000000
4,0,-4,9.0416413e+36,0.000000
4,0,4,9.0416413e+36,0.000000
2,2,-3,8.7441386e+36,0.000000
6,-4,9,8.3306589e+36,0.000000
5,-5,0,8.1729446e+36,0.000000
2,1,9,8.0111235e+36,0.000000
4,-3,28,7.8330406e+36,0.000000
6,-6,11,7.8320574e+36,0.000000
5,-4,21,7.7293313e+36,0.000000
5,-5,25,7.6373945e+36,0.000000
3,-3,39,7.3630543e+36,0.000000
7,-5,7,7.3494165e+36,0.000000
2,-2,40,7.2563651e+36,0.000000
4,-4,35,7.2364409e+36,0.000000
4,-1,8,7.1122775e+36,0.000000
4,-2,17,6.9562163e+36,0.000000
3,-1,17,6.9402977e+36,0.000000
2,-1,-12,6.9148906e+36,0.000000
3,-2,29,6.8800291e+36,0.000000
3,-1,-10,6.7768736e+36,0.000000
5,-5,26,6.0930017e+36,0.000000
2,2,11,5.9881298e+36,0.000000
3,1,8,5.9856141e+36,0.000000
5,-4,22,5.9614223e+36,0.000000
6,-5,10,5.7395816e+36,0.000000
2,-2,-13,5.4865293e+36,0.000000
2,0,-8,5.3748863e+36,0.000000
2,0,8,5.3748863e+36,0.000000
4,-3,29,5.2497808e+36,0.000000
2,-1,22,5.1572389e+36,0.000000
5,-3,12,5.1136587e+36,0.000000
6,-4,10,5.0961351e+36,0.000000
2,1,-4,5.0476108e+36,0.000000
4,-4,36,5.0096854e+36,0.000000
5,-5,27,4.8166704e+36,0.000000
3,-3,40,4.7750003e+36,0.000000
5,-5,-1,4.7642834e+36,0.000000
7,-5,6,4.6957836e+36,0.000000
6,-6,12,4.6826545e+36,0.000000
6,-6,6,4.6725695e+36,0.000000
5,-4,23,4.5589363e+36,0.000000
6,-3,4,4.5260334e+36,0.000000
4,-2,18,4.5077619e+36,0.000000
3,-3,-6,4.4538827e+36,0.000000
2,1,10,4.4249489e+36,0.000000
2,-2,41,4.4097258e+36,0.000000
6,-5,5,4.3176563e+36,0.000000
3,0,-4,4.29703e+36,0.000000
3,0,4,4.29703e+36,0.000000
4,-1,9,4.2819236e+36,0.000000
3,-2,30,4.2105933e+36,0.000000
3,2,-1,4.1968916e+36,0.000000
4,0,-5,4.1958564e+36,0.000000
4,0,5,4.1958564e+36,0.000000
5,-2,2,3.9182967e+36,0.000000
5,-5,28,3.7742379e+36,0.000000
2,2,12,3.7301225e+36,0.000000
5,-4,0,3.6922767e+36,0.000000
3,-1,-11,3.68935e+36,0.000000
2,-1,-13,3.642084e+36,0.000000
6,-5,11,3.5162651e+36,0.000000
4,-3,30,3.5101505e+36,0.000000
4,-4,37,3.4650738e+36,0.000000
5,-4,24,3.4570558e+36,0.000000
3,2,2,3.4282389e+36,0.000000
3,-1,18,3.3812823e+36,0.000000
6,-4,11,3.295369e+36,0.000000
3,1,9,3.2810136e+36,0.000000
3,2,3,3.2255703e+36,0.000000
3,-3,41,3.0992291e+36,0.000000
2,0,-9,3.0188079e+36,0.000000
2,0,9,3.0188079e+36,0.000000
6,-6,13,2.9777332e+36,0.000000
5,-5,29,2.9329172e+36,0.000000
4,-2,19,2.8707695e+36,0.000000
3,3,-2,2.8413721e+36,0.000000
2,0,-10,2.8057254e+36,0.000000
2,0,10,2.8057254e+36,0.000000
5,-3,-2,2.7363034e+36,0.000000
2,-1,23,2.7252494e+36,0.000000
2,-2,42,2.6824148e+36,0.000000
6,-4,2,2.6726933e+36,0.000000
3,2,4,2.6256395e+36,0.000000
5,-4,25,2.6002609e+36,0.000000
3,-2,31,2.5772016e+36,0.000000
4,-1,10,2.5562605e+36,0.000000
2,0,-11,2.4925869e+36,0.000000
2,0,11,2.4925869e+36,0.000000
2,1,11,2.4471957e+36,0.000000
3,2,1,2.4229112e+36,0.000000
4,-4,38,2.3952485e+36,0.000000
4,-3,31,2.3426276e+36,0.000000
5,-3,13,2.3097248e+36,0.000000
2,2,13,2.3072531e+36,0.000000
6,-5,12,2.2843566e+36,0.000000
5,-5,30,2.2616546e+36,0.000000
3,-2,-3,2.2484339e+36,0.000000
2,-2,-14,2.2247384e+36,0.000000
6,-3,3,2.2154717e+36,0.000000
6,-4,12,2.1944044e+36,0.000000
5,-2,1,2.1075299e+36,0.000000
3,1,-4,2.0801328e+36,0.000000
3,2,5,2.0169407e+36,0.000000
5,-1,3,2.0150367e+36,0.000000
3,-3,42,2.0129926e+36,0.000000
3,-1,-12,2.0022234e+36,0.000000
2,0,-12,1.9875308e+36,0.000000
2,0,12,1.9875308e+36,0.000000
6,-6,14,1.9743679e+36,0.000000
5,-4,26,1.9409311e+36,0.000000
2,1,-5,1.9408316e+36,0.000000
7,-6,8,1.9361547e+36,0.000000
2,-1,-14,1.9242274e+36,0.000000
4,0,-6,1.8919754e+36,0.000000
4,0,6,1.8919754e+36,0.000000
7,-5,8,1.8090082e+36,0.000000
4,-2,20,1.7999018e+36,0.000000
4,2,0,1.7833436e+36,0.000000
3,1,10,1.7780598e+36,0.000000
3,-3,-7,1.7779342e+36,0.000000
5,-5,31,1.7317924e+36,0.000000
4,2,1,1.7080286e+36,0.000000
3,1,-3,1.6948593e+36,0.000000
4,-4,39,1.6551125e+36,0.000000
2,-2,43,1.6331108e+36,0.000000
3,-1,19,1.6190978e+36,0.000000
5,-2,3,1.5983254e+36,0.000000
6,-6,5,1.579486e+36,0.000000
3,-2,32,1.5779093e+36,0.000000
4,-3,32,1.561219e+36,0.000000
6,-5,13,1.555849e+36,0.000000
4,2,-1,1.5503659e+36,0.000000
4,-1,11,1.5090331e+36,0.000000
3,2,6,1.5047384e+36,0.000000
6,-4,13,1.480826e+36,0.000000
5,-5,-3,1.4791835e+36,0.000000
2,0,-13,1.4594147e+36,0.000000
2,0,13,1.4594147e+36,0.000000
5,-4,27,1.4386202e+36,0.000000
2,-1,24,1.4341422e+36,0.000000
3,-2,-4,1.424966e+36,0.000000
2,2,14,1.4181472e+36,0.000000
6,-4,1,1.3599514e+36,0.000000
6,-6,15,1.3561311e+36,0.000000
2,1,12,1.3525011e+36,0.000000
3,3,0,1.3317602e+36,0.000000
5,-5,32,1.31764e+36,0.000000
3,-3,43,1.3081736e+36,0.000000
3,1,-5,1.2444479e+36,0.000000
3,0,-5,1.1592807e+36,0.000000
3,0,5,1.1592807e+36,0.000000
4,-4,40,1.1434867e+36,0.000000
3,3,-1,1.1304513e+36,0.000000
7,-7,9,1.1195055e+36,0.000000
4,-2,21,1.1127878e+36,0.000000
6,-3,5,1.1085176e+36,0.000000
6,-5,14,1.1054e+36,0.000000
3,2,7,1.1004778e+36,0.000000
4,-2,-4,1.0903619e+36,0.000000
3,-1,-13,1.0834722e+36,0.000000
3,-3,-4,1.0697687e+36,0.000000
5,-4,28,1.0595127e+36,0.000000
4,-3,33,1.0393704e+36,0.000000
2,-1,-15,1.0188316e+36,0.000000
2,0,-14,1.0107774e+36,0.000000
2,0,14,1.0107774e+36,0.000000
6,-4,14,1.0022976e+36,0.000000
5,-5,33,9.9679799e+35,0.000000
2,-2,44,9.9511038e+35,0.000000
5,-5,-2,9.8224879e+35,0.000000
5,-3,14,9.7744326e+35,0.000000
3,-2,33,9.6647309e+35,0.000000
7,-7,10,9.6626734e+35,0.000000
6,-6,16,9.6100017e+35,0.000000
3,1,11,9.52904e+35,0.000000
2,-2,-15,9.038012e+35,0.000000
6,-4,0,9.0169046e+35,0.000000
3,-2,-5,8.8079132e+35,0.000000
4,-1,12,8.7878446e+35,0.000000
2,2,15,8.6683544e+35,0.000000
7,-5,5,8.535409e+35,0.000000
3,-3,44,8.5042015e+35,0.000000
4,0,-7,8.3912927e+35,0.000000
4,0,7,8.3912927e+35,0.000000
6,-6,4,8.3165268e+35,0.000000
6,-5,15,8.1520895e+35,0.000000
2,1,-6,8.1423756e+35,0.000000
6,-5,4,8.0793196e+35,0.000000
4,2,2,7.986888e+35,0.000000
3,2,8,7.9155428e+35,0.000000
4,-4,41,7.9001532e+35,0.000000
5,-4,29,7.758439e+35,0.000000
3,-1,20,7.6021923e+35,0.000000
2,-1,25,7.5142524e+35,0.000000
5,-5,34,7.5021963e+35,0.000000
2,1,13,7.4594065e+35,0.000000
3,-3,-8,7.3077445e+35,0.000000
5,-1,0,7.2594022e+35,0.000000
7,-5,9,7.2505817e+35,0.000000
4,-2,-5,7.250057e+35,0.000000
6,-6,17,7.0021995e+35,0.000000
4,-3,34,6.9145025e+35,0.000000
7,-6,9,6.8532316e+35,0.000000
4,-2,22,6.7941088e+35,0.000000
6,-4,15,6.7582819e+35,0.000000
2,0,-15,6.7107004e+35,0.000000
2,0,15,6.7107004e+35,0.000000
3,1,-1,6.6737601e+35,0.000000
3,3,1,6.6579731e+35,0.000000
3,1,-6,6.5953703e+35,0.000000
6,-5,16,6.2072323e+35,0.000000
2,-2,45,6.0693162e+35,0.000000
7,-4,5,5.9772737e+35,0.000000
3,-2,34,5.9222648e+35,0.000000
5,-2,4,5.8959351e+35,0.000000
3,-1,-14,5.8466434e+35,0.000000
5,-4,30,5.6523128e+35,0.000000
5,-5,35,5.620595e+35,0.000000
3,2,9,5.6079e+35,0.000000
3,-3,45,5.5289365e+35,0.000000
4,-4,42,5.4588579e+35,0.000000
2,-1,-16,5.4032869e+35,0.000000
3,2,0,5.4029553e+35,0.000000
6,-3,2,5.3958723e+35,0.000000
2,2,16,5.2734932e+35,0.000000
6,-6,18,5.2339571e+35,0.000000
5,-4,-2,5.2126179e+35,0.000000
2,2,-4,5.1952905e+35,0.000000
3,1,12,5.0490964e+35,0.000000
4,-1,13,5.03744e+35,0.000000
3,-2,-6,4.921906e+35,0.000000
5,-4,-1,4.8563171e+35,0.000000
6,-5,17,4.8534067e+35,0.000000
4,-3,35,4.5978119e+35,0.000000
6,-4,16,4.518588e+35,0.000000
4,-4,-4,4.3752311e+35,0.000000
2,0,-16,4.3170097e+35,0.000000
2,0,16,4.3170097e+35,0.000000
5,-2,0,4.2849033e+35,0.000000
4,1,0,4.2660907e+35,0.000000
6,-6,3,4.2384668e+35,0.000000
5,-5,36,4.1938217e+35,0.000000
4,-2,23,4.1019913e+35,0.000000
2,1,14,4.1015782e+35,0.000000
5,-4,31,4.0994045e+35,0.000000
6,-6,19,4.0078502e+35,0.000000
2,-1,26,3.9184518e+35,0.000000
3,2,10,3.9168909e+35,0.000000
5,-1,4,3.9076555e+35,0.000000
6,-5,18,3.8758156e+35,0.000000
4,-2,-6,3.8462917e+35,0.000000
5,-3,15,3.8222043e+35,0.000000
4,-4,43,3.7729285e+35,0.000000
7,-5,10,3.7542411e+35,0.000000
2,-2,46,3.7063813e+35,0.000000
2,-2,-16,3.6678935e+35,0.000000
4,0,-8,3.6579159e+35,0.000000
4,0,8,3.6579159e+35,0.000000
2,1,-7,3.6430568e+35,0.000000
3,-2,35,3.6304818e+35,0.000000
3,-3,46,3.5939421e+35,0.000000
3,3,2,3.5843311e+35,0.000000
6,-3,6,3.5786759e+35,0.000000
5,-2,5,3.5584108e+35,0.000000
3,-1,21,3.4893746e+35,0.000000
3,1,-7,3.4186766e+35,0.000000
5,-1,6,3.3805693e+35,0.000000
3,0,-6,3.320285e+35,0.000000
3,0,6,3.320285e+35,0.000000
5,-1,7,3.2781125e+35,0.000000
8,-6,8,3.23202e+35,0.000000
6,-5,3,3.2094794e+35,0.000000
2,2,17,3.1957786e+35,0.000000
3,-1,-15,3.146566e+35,0.000000
6,-5,19,3.144521e+35,0.000000
6,-6,20,3.1409098e+35,0.000000
7,-7,11,3.1274019e+35,0.000000
3,-3,-9,3.1237203e+35,0.000000
5,-5,37,3.1179759e+35,0.000000
4,-3,36,3.0565832e+35,0.000000
5,-1,5,2.9925474e+35,0.000000
4,2,3,2.9869641e+35,0.000000
6,-4,17,2.9859421e+35,0.000000
5,-4,32,2.9613999e+35,0.000000
2,-1,-17,2.8696471e+35,0.000000
7,-6,7,2.8538421e+35,0.000000
7,-4,6,2.8523772e+35,0.000000
4,-1,14,2.8364638e+35,0.000000
5,-1,8,2.7913321e+35,0.000000
5,-2,6,2.7370081e+35,0.000000
2,0,-17,2.7109275e+35,0.000000
2,0,17,2.7109275e+35,0.000000
3,2,11,2.6992184e+35,0.000000
7,-6,10,2.6823376e+35,0.000000
3,1,13,2.6438612e+35,0.000000
3,3,3,2.6092656e+35,0.000000
4,-4,44,2.6085673e+35,0.000000
3,-2,-7,2.5957924e+35,0.000000
6,-5,20,2.5790878e+35,0.000000
4,1,3,2.5311777e+35,0.000000
6,-6,21,2.516176e+35,0.000000
4,-2,24,2.4520044e+35,0.000000
3,-3,47,2.3350329e+35,0.000000
5,-5,38,2.3107529e+35,0.000000
3,3,4,2.3099809e+35,0.000000
5,-2,7,2.2784664e+35,0.000000
2,-2,47,2.2674898e+35,0.000000
2,1,15,2.2471016e+35,0.000000
3,-2,36,2.2262806e+35,0.000000
7,-5,11,2.225336e+35,0.000000
4,1,2,2.2013227e+35,0.000000
3,3,5,2.1968864e+35,0.000000
5,-1,9,2.1802232e+35,0.000000
5,-4,33,2.1319272e+35,0.000000
6,-5,21,2.1289397e+35,0.000000
4,1,4,2.1056762e+35,0.000000
3,3,6,2.0913653e+35,0.000000
6,-6,22,2.0565003e+35,0.000000
2,-1,27,2.032365e+35,0.000000
4,-3,37,2.0318528e+35,0.000000
5,1,1,2.0291397e+35,0.000000
7,-5,4,1.9500033e+35,0.000000
6,-4,18,1.9456692e+35,0.000000
4,-2,-7,1.9339739e+35,0.000000
3,3,7,1.932058e+35,0.000000
2,2,18,1.9308229e+35,0.000000
5,-2,8,1.9269063e+35,0.000000
3,2,12,1.8366189e+35,0.000000
4,-4,45,1.8042454e+35,0.000000
6,-5,2,1.8014341e+35,0.000000
7,-7,8,1.7876121e+35,0.000000
3,1,-8,1.7752987e+35,0.000000
6,-5,22,1.7619428e+35,0.000000
3,3,8,1.7161771e+35,0.000000
6,-6,23,1.7098625e+35,0.000000
2,1,-8,1.7090136e+35,0.000000
5,-5,39,1.7077269e+35,0.000000
3,-1,-16,1.6893193e+35,0.000000
2,0,-18,1.670689e+35,0.000000
2,0,18,1.670689e+35,0.000000
5,-2,9,1.6154163e+35,0.000000
5,-1,10,1.6038403e+35,0.000000
4,-1,15,1.5656027e+35,0.000000
3,-1,22,1.5590769e+35,0.000000
4,0,-9,1.5581434e+35,0.000000
4,0,9,1.5581434e+35,0.000000
4,1,5,1.5551966e+35,0.000000
7,-7,12,1.5490255e+35,0.000000
6,-6,2,1.5472265e+35,0.000000
6,-4,-2,1.5432184e+35,0.000000
5,-4,34,1.5301805e+35,0.000000
2,-1,-18,1.5262244e+35,0.000000
6,-3,7,1.518803e+35,0.000000
3,-3,48,1.5159089e+35,0.000000
2,-2,-17,1.4828884e+35,0.000000
3,3,9,1.4659753e+35,0.000000
6,-5,23,1.457492e+35,0.000000
4,-2,25,1.452662e+35,0.000000
6,-6,24,1.4408217e+35,0.000000
7,-5,12,1.4384347e+35,0.000000
7,-6,11,1.4306884e+35,0.000000
3,0,-7,1.4249696e+35,0.000000
3,0,7,1.4249696e+35,0.000000
5,-3,16,1.4142906e+35,0.000000
2,-2,48,1.3909816e+35,0.000000
3,-3,-10,1.3832968e+35,0.000000
3,1,14,1.3673665e+35,0.000000
3,-2,37,1.3654286e+35,0.000000
4,-3,38,1.3507594e+35,0.000000
5,-2,10,1.3291681e+35,0.000000
3,-2,-8,1.3224741e+35,0.000000
4,-2,-2,1.2729171e+35,0.000000
5,-5,40,1.2589804e+35,0.000000
4,-4,46,1.2484447e+35,0.000000
6,-4,19,1.2481256e+35,0.000000
3,2,13,1.2349128e+35,0.000000
7,-4,4,1.2277472e+35,0.000000
2,1,16,1.2262984e+35,0.000000
6,-6,25,1.2253064e+35,0.000000
3,3,10,1.2083501e+35,0.000000
6,-5,24,1.2021825e+35,0.000000
6,-4,-1,1.1916317e+35,0.000000
2,2,19,1.1640042e+35,0.000000
5,-1,11,1.1283758e+35,0.000000
3,0,-8,1.1169247e+35,0.000000
3,0,8,1.1169247e+35,0.000000
5,-4,35,1.0954279e+35,0.000000
4,1,6,1.0827156e+35,0.000000
3,0,-9,1.073668e+35,0.000000
3,0,9,1.073668e+35,0.000000
5,-2,11,1.069557e+35,0.000000
5,-5,-4,1.0682051e+35,0.000000
2,-1,28,1.0474709e+35,0.000000
6,-6,26,1.0472332e+35,0.000000
6,-2,3,1.0234051e+35,0.000000
2,0,-19,1.0145408e+35,0.000000
2,0,19,1.0145408e+35,0.000000
3,0,-10,9.935858e+34,0.000000
3,0,10,9.935858e+34,0.000000
7,-5,13,9.8875254e+34,0.000000
6,-5,25,9.8704148e+34,0.000000
3,-3,49,9.8306031e+34,0.000000
3,3,11,9.6505526e+34,0.000000
4,2,4,9.6143673e+34,0.000000
4,-2,-8,9.5583995e+34,0.000000
3,1,-9,9.2891565e+34,0.000000
5,-5,41,9.2617674e+34,0.000000
8,-6,9,9.2567199e+34,0.000000
3,-1,-17,9.0507164e+34,0.000000
2,2,-5,9.018527e+34,0.000000
7,-7,13,9.0070576e+34,0.000000
4,-3,39,8.9812225e+34,0.000000
6,-6,27,8.961454e+34,0.000000
4,-4,47,8.6420957e+34,0.000000
2,-2,49,8.5678032e+34,0.000000
7,-6,12,8.5617407e+34,0.000000
3,0,-11,8.538946e+34,0.000000
3,0,11,8.538946e+34,0.000000
4,-2,26,8.5369418e+34,0.000000
4,-1,16,8.4522965e+34,0.000000
6,-3,1,8.4471517e+34,0.000000
5,-2,12,8.4108155e+34,0.000000
3,-2,38,8.3741308e+34,0.000000
5,1,2,8.322582e+34,0.000000
2,1,-9,8.3032489e+34,0.000000
3,2,14,8.2124839e+34,0.000000
2,-1,-19,8.1301511e+34,0.000000
6,-5,26,8.0575321e+34,0.000000
7,-4,7,7.9407683e+34,0.000000
6,-4,20,7.8734186e+34,0.000000
5,-4,36,7.8244422e+34,0.000000
5,-1,12,7.6625213e+34,0.000000
6,-6,28,7.6546459e+34,0.000000
3,3,12,7.4977049e+34,0.000000
6,-3,8,7.3083192e+34,0.000000
4,1,7,7.2566995e+34,0.000000
7,-5,14,7.101448e+34,0.000000
2,2,20,7.0072716e+34,0.000000
8,-6,7,7.0069653e+34,0.000000
3,1,15,6.9806336e+34,0.000000
3,0,-12,6.8838505e+34,0.000000
3,0,12,6.8838505e+34,0.000000
5,-5,42,6.8009682e+34,0.000000
3,-1,23,6.7406183e+34,0.000000
2,1,17,6.6657343e+34,0.000000
4,-1,-5,6.6291427e+34,0.000000
3,-2,-9,6.5800947e+34,0.000000
6,-5,27,6.5354716e+34,0.000000
6,-6,29,6.5117017e+34,0.000000
5,-2,13,6.4661474e+34,0.000000
4,0,-10,6.4274775e+34,0.000000
4,0,10,6.4274775e+34,0.000000
3,-3,50,6.3664791e+34,0.000000
3,-3,-11,6.30935e+34,0.000000
2,0,-20,6.0899131e+34,0.000000
2,0,20,6.0899131e+34,0.000000
6,-6,1,6.053251e+34,0.000000
4,-4,48,5.9844666e+34,0.000000
4,-3,40,5.9729673e+34,0.000000
5,-3,17,5.9720687e+34,0.000000
2,-2,-18,5.9553781e+34,0.000000
7,-3,4,5.946643e+34,0.000000
5,-1,-3,5.9180304e+34,0.000000
4,-1,-4,5.7989987e+34,0.000000
4,-1,-6,5.7837593e+34,0.000000
3,3,13,5.6868825e+34,0.000000
5,-4,37,5.5781816e+34,0.000000
7,-7,14,5.5778437e+34,0.000000
6,-6,30,5.5082225e+34,0.000000
6,-5,1,5.4973059e+34,0.000000
3,2,15,5.4069351e+34,0.000000
7,-6,13,5.3928142e+34,0.000000
2,-1,29,5.3575985e+34,0.000000
7,-5,3,5.3208482e+34,0.000000
2,-2,50,5.3090307e+34,0.000000
3,0,-13,5.2767876e+34,0.000000
3,0,13,5.2767876e+34,0.000000
6,-5,28,5.2653444e+34,0.000000
7,-5,15,5.2547958e+34,0.000000
3,-2,39,5.1342241e+34,0.000000
5,-1,13,5.0513573e+34,0.000000
5,-5,43,4.986178e+34,0.000000
4,-2,27,4.9800353e+34,0.000000
3,1,-10,4.8988672e+34,0.000000
6,-4,21,4.8804988e+34,0.000000
5,-2,14,4.8635696e+34,0.000000
3,-1,-18,4.841055e+34,0.000000
6,-2,2,4.8128389e+34,0.000000
4,1,8,4.7240139e+34,0.000000
4,-2,-9,4.6929146e+34,0.000000
4,1,1,4.6664904e+34,0.000000
6,-6,31,4.6287415e+34,0.000000
5,-3,21,4.6121768e+34,0.000000
5,-3,20,4.6047695e+34,0.000000
4,-1,-7,4.4700773e+34,0.000000
4,-1,17,4.4524775e+34,0.000000
2,-1,-20,4.3388824e+34,0.000000
5,-3,19,4.2677179e+34,0.000000
5,-3,22,4.2605382e+34,0.000000
7,-6,6,4.2582677e+34,0.000000
7,-7,7,4.2452196e+34,0.000000
3,3,14,4.2244063e+34,0.000000
2,2,21,4.2153234e+34,0.000000
6,-5,29,4.2134357e+34,0.000000
4,-4,49,4.1452667e+34,0.000000
2,1,-10,4.1404691e+34,0.000000
5,-3,18,4.1370957e+34,0.000000
3,-3,51,4.1167384e+34,0.000000
4,-3,41,3.9732981e+34,0.000000
5,-4,38,3.9703476e+34,0.000000
7,-5,16,3.9610298e+34,0.000000
4,-1,-2,3.932297e+34,0.000000
3,3,-3,3.9222115e+34,0.000000
3,0,-14,3.8873391e+34,0.000000
3,0,14,3.8873391e+34,0.000000
6,-6,32,3.8622286e+34,0.000000
6,-3,9,3.7167138e+34,0.000000
5,-3,23,3.6809603e+34,0.000000
5,-5,44,3.6508586e+34,0.000000
2,0,-21,3.6226013e+34,0.000000
2,0,21,3.6226013e+34,0.000000
2,1,18,3.6092988e+34,0.000000
5,-2,15,3.5821591e+34,0.000000
7,-7,15,3.5806133e+34,0.000000
8,-5,7,3.5733662e+34,0.000000
3,2,16,3.5278372e+34,0.000000
6,-2,4,3.5241172e+34,0.000000
7,-6,14,3.5233191e+34,0.000000
3,1,16,3.5154703e+34,0.000000
6,-6,0,3.4727676e+34,0.000000
7,-4,8,3.3671642e+34,0.000000
6,-5,30,3.3494424e+34,0.000000
2,-2,51,3.3177239e+34,0.000000
8,-6,10,3.2474701e+34,0.000000
5,-1,14,3.2448276e+34,0.000000
4,-1,-8,3.22919e+34,0.000000
3,-2,-10,3.2129607e+34,0.000000
6,-6,33,3.1994274e+34,0.000000
3,-2,40,3.1458112e+34,0.000000
3,3,15,3.0819114e+34,0.000000
5,-3,24,3.0160518e+34,0.000000
7,-5,17,3.0148404e+34,0.000000
4,1,9,2.9996561e+34,0.000000
4,-2,-3,2.9955353e+34,0.000000
6,-4,22,2.9713775e+34,0.000000
4,-3,-3,2.9693582e+34,0.000000
3,-3,-12,2.948285e+34,0.000000
7,-5,2,2.8928887e+34,0.000000
4,-2,28,2.8851565e+34,0.000000
4,-4,50,2.8717476e+34,0.000000
5,-4,39,2.82212e+34,0.000000
5,-4,-3,2.8155856e+34,0.000000
3,-1,24,2.7956401e+34,0.000000
3,0,-15,2.7738729e+34,0.000000
3,0,15,2.7738729e+34,0.000000
2,-1,30,2.7146779e+34,0.000000
4,2,5,2.6801317e+34,0.000000
5,-5,45,2.6702717e+34,0.000000
3,-3,52,2.6578782e+34,0.000000
6,-5,31,2.6457892e+34,0.000000
4,-3,42,2.6436907e+34,0.000000
6,-6,34,2.6314904e+34,0.000000
5,-1,-4,2.6294062e+34,0.000000
3,1,-11,2.6002071e+34,0.000000
3,-1,-19,2.5863893e+34,0.000000
5,-2,16,2.5858906e+34,0.000000
7,-3,5,2.5699757e+34,0.000000
5,1,0,2.5586057e+34,0.000000
8,-8,11,2.5435657e+34,0.000000
4,0,-11,2.5365627e+34,0.000000
4,0,11,2.5365627e+34,0.000000
2,2,22,2.5355369e+34,0.000000
7,-4,3,2.4517965e+34,0.000000
3,2,-2,2.4261736e+34,0.000000
7,-6,15,2.3860536e+34,0.000000
7,-7,16,2.3768075e+34,0.000000
5,-3,25,2.3694704e+34,0.000000
2,-2,-19,2.3683579e+34,0.000000
5,-2,-1,2.3274044e+34,0.000000
2,-1,-21,2.3204894e+34,0.000000
7,-5,18,2.3014284e+34,0.000000
4,-2,-10,2.2959134e+34,0.000000
3,2,17,2.2835032e+34,0.000000
4,-1,18,2.2820016e+34,0.000000
4,-1,-9,2.2338708e+34,0.000000
3,3,16,2.2136952e+34,0.000000
8,-7,9,2.2065614e+34,0.000000
8,-5,6,2.1699835e+34,0.000000
6,-6,35,2.1494504e+34,0.000000
8,-7,10,2.1491017e+34,0.000000
2,0,-22,2.1398997e+34,0.000000
2,0,22,2.1398997e+34,0.000000
2,2,-6,2.117522e+34,0.000000
2,1,-11,2.10476e+34,0.000000
2,-2,52,2.0973149e+34,0.000000
6,-5,32,2.0774754e+34,0.000000
5,-1,15,2.0363132e+34,0.000000
4,-1,-3,2.0117556e+34,0.000000
5,-4,40,2.0037197e+34,0.000000
4,-4,51,1.9894522e+34,0.000000
5,-5,46,1.9513977e+34,0.000000
2,1,19,1.9471645e+34,0.000000
6,-3,10,1.938671e+34,0.000000
3,0,-16,1.9284425e+34,0.000000
3,0,16,1.9284425e+34,0.000000
3,-2,41,1.9255262e+34,0.000000
5,1,3,1.8688834e+34,0.000000
4,1,10,1.8617952e+34,0.000000
5,-2,17,1.8313128e+34,0.000000
5,-3,26,1.7996985e+34,0.000000
6,-4,23,1.7762746e+34,0.000000
7,-4,9,1.7644389e+34,0.000000
4,-3,43,1.7593131e+34,0.000000
7,-5,19,1.7532085e+34,0.000000
3,1,17,1.7450514e+34,0.000000
6,-6,36,1.7441711e+34,0.000000
3,-3,53,1.7137936e+34,0.000000
7,-7,6,1.690539e+34,0.000000
7,-6,16,1.6736636e+34,0.000000
4,-2,29,1.6605041e+34,0.000000
7,-7,17,1.6324104e+34,0.000000
6,-5,33,1.6221143e+34,0.000000
7,-5,1,1.5889391e+34,0.000000
8,-6,11,1.5864632e+34,0.000000
3,3,17,1.5689814e+34,0.000000
3,-2,-11,1.5423013e+34,0.000000
2,2,23,1.5258015e+34,0.000000
4,-1,-10,1.4984034e+34,0.000000
6,-2,5,1.4908405e+34,0.000000
3,2,18,1.4678579e+34,0.000000
5,-5,47,1.4251385e+34,0.000000
5,-4,41,1.4213692e+34,0.000000
6,-6,37,1.4065254e+34,0.000000
3,-3,-13,1.4053705e+34,0.000000
3,1,-12,1.3864483e+34,0.000000
7,-3,3,1.383125e+34,0.000000
3,-1,-20,1.3808911e+34,0.000000
4,-4,52,1.3779079e+34,0.000000
2,-1,31,1.3594196e+34,0.000000
2,-2,53,1.3457253e+34,0.000000
6,-6,-1,1.3328984e+34,0.000000
5,-3,27,1.329915e+34,0.000000
7,-5,20,1.3280292e+34,0.000000
3,0,-17,1.3120933e+34,0.000000
3,0,17,1.3120933e+34,0.000000
8,-6,6,1.3110964e+34,0.000000
5,-2,18,1.2736091e+34,0.000000
6,-5,34,1.2599802e+34,0.000000
2,0,-23,1.2573697e+34,0.000000
2,0,23,1.2573697e+34,0.000000
5,-1,16,1.250806e+34,0.000000
2,-1,-22,1.2440117e+34,0.000000
7,-6,17,1.2126823e+34,0.000000
7,-3,6,1.1887741e+34,0.000000
3,-2,42,1.1769101e+34,0.000000
4,-3,44,1.1708586e+34,0.000000
7,-7,18,1.1575734e+34,0.000000
4,-1,19,1.133885e+34,0.000000
4,1,11,1.1306015e+34,0.000000
6,-6,38,1.1276458e+34,0.000000
4,-2,-11,1.1197673e+34,0.000000
3,-3,54,1.104418e+34,0.000000
3,3,18,1.0994369e+34,0.000000
3,-1,25,1.0982739e+34,0.000000
2,1,-12,1.0850645e+34,0.000000
6,-5,0,1.0708059e+34,0.000000
2,1,20,1.0468374e+34,0.000000
6,-4,24,1.0423346e+34,0.000000
7,-4,10,1.0415964e+34,0.000000
5,-5,48,1.0403389e+34,0.000000
7,-6,5,1.0400288e+34,0.000000
6,-3,11,1.0379799e+34,0.000000
6,-3,-1,1.0197488e+34,0.000000
5,-4,42,1.007559e+34,0.000000
7,-3,2,9.9921818e+33,0.000000
7,-5,21,9.9780106e+33,0.000000
4,-1,-11,9.8147205e+33,0.000000
6,-5,35,9.7398527e+33,0.000000
5,-3,28,9.6081259e+33,0.000000
4,-4,53,9.5387222e+33,0.000000
4,-2,30,9.4946202e+33,0.000000
5,3,-1,9.4608695e+33,0.000000
4,0,-12,9.426533e+33,0.000000
4,0,12,9.426533e+33,0.000000
3,2,19,9.3798212e+33,0.000000
2,-2,-20,9.2922916e+33,0.000000
2,2,24,9.1898769e+33,0.000000
7,-6,18,9.0465155e+33,0.000000
7,-7,5,9.0240643e+33,0.000000
6,-6,39,8.9915651e+33,0.000000
8,-6,12,8.9641205e+33,0.000000
8,-8,10,8.955009e+33,0.000000
2,-2,54,8.7936193e+33,0.000000
3,0,-18,8.7684201e+33,0.000000
3,0,18,8.7684201e+33,0.000000
5,1,-3,8.7102709e+33,0.000000
5,-2,19,8.7074491e+33,0.000000
4,2,9,8.6459766e+33,0.000000
3,1,18,8.529448e+33,0.000000
4,2,10,8.4499567e+33,0.000000
7,-7,19,8.442699e+33,0.000000
8,-5,8,8.4405647e+33,0.000000
4,2,6,8.3383659e+33,0.000000
5,-1,-5,8.0573206e+33,0.000000
6,-2,0,8.0225773e+33,0.000000
4,-3,45,7.791668e+33,0.000000
4,2,8,7.6920884e+33,0.000000
3,3,19,7.6300228e+33,0.000000
5,-5,49,7.5924031e+33,0.000000
5,-1,17,7.5313178e+33,0.000000
6,-5,36,7.495678e+33,0.000000
5,0,-3,7.4844793e+33,0.000000
5,0,3,7.4844793e+33,0.000000
4,2,11,7.4286699e+33,0.000000
7,-5,22,7.4243724e+33,0.000000
3,1,-13,7.4130568e+33,0.000000
4,3,0,7.3965957e+33,0.000000
3,-1,-21,7.3712266e+33,0.000000
2,0,-24,7.3591656e+33,0.000000
2,0,24,7.3591656e+33,0.000000
3,-2,-12,7.2788679e+33,0.000000
8,-8,12,7.2714606e+33,0.000000
4,3,5,7.1821077e+33,0.000000
3,-2,43,7.1799541e+33,0.000000
7,-3,7,7.1747718e+33,0.000000
6,-5,-1,7.1718928e+33,0.000000
4,3,4,7.1640571e+33,0.000000
5,-4,43,7.1384657e+33,0.000000
6,-6,40,7.1334993e+33,0.000000
3,-3,55,7.1231947e+33,0.000000
8,-7,11,7.0934045e+33,0.000000
6,-6,-2,6.9359881e+33,0.000000
7,-6,19,6.9265975e+33,0.000000
6,-2,6,6.8907069e+33,0.000000
5,-3,29,6.8124528e+33,0.000000
3,-3,-14,6.8107014e+33,0.000000
4,3,6,6.8047571e+33,0.000000
4,1,12,6.7194394e+33,0.000000
2,-1,32,6.7063176e+33,0.000000
2,-1,-23,6.6868059e+33,0.000000
4,-4,54,6.5978844e+33,0.000000
7,-4,11,6.593731e+33,0.000000
9,-7,9,6.5605522e+33,0.000000
6,-1,1,6.5202488e+33,0.000000
7,-3,1,6.4694303e+33,0.000000
4,3,-1,6.3793292e+33,0.000000
4,4,-2,6.3531953e+33,0.000000
4,3,3,6.3096357e+33,0.000000
7,-7,20,6.3075022e+33,0.000000
4,-1,-12,6.305146e+33,0.000000
4,2,7,6.2627928e+33,0.000000
4,3,7,6.2565449e+33,0.000000
4,2,12,6.0453491e+33,0.000000
6,-4,25,6.002139e+33,0.000000
5,0,-2,5.9866529e+33,0.000000
5,0,2,5.9866529e+33,0.000000
3,2,20,5.9641199e+33,0.000000
2,2,-7,5.9040703e+33,0.000000
6,-3,12,5.8966189e+33,0.000000
2,-2,55,5.8677233e+33,0.000000
5,-2,20,5.8588104e+33,0.000000
6,-3,0,5.8409423e+33,0.000000
3,0,-19,5.7725188e+33,0.000000
3,0,19,5.7725188e+33,0.000000
6,-5,37,5.7450576e+33,0.000000
2,1,-13,5.6503715e+33,0.000000
6,-6,41,5.6329474e+33,0.000000
4,3,8,5.6222358e+33,0.000000
2,1,21,5.6095832e+33,0.000000
2,2,25,5.5419643e+33,0.000000
5,-5,50,5.5404451e+33,0.000000
8,-6,13,5.4877995e+33,0.000000
7,-5,23,5.4662018e+33,0.000000
4,-2,-12,5.4420375e+33,0.000000
4,-1,20,5.4373206e+33,0.000000
7,-6,20,5.4280845e+33,0.000000
5,0,-4,5.4102736e+33,0.000000
5,0,4,5.4102736e+33,0.000000
4,-2,31,5.3927976e+33,0.000000
3,3,20,5.252223e+33,0.000000
7,-6,4,5.2430317e+33,0.000000
4,2,-4,5.2022352e+33,0.000000
5,1,7,5.1883672e+33,0.000000
4,-3,46,5.1836531e+33,0.000000
5,-4,44,5.05568e+33,0.000000
4,3,9,4.9415901e+33,0.000000
7,-3,8,4.858186e+33,0.000000
5,1,8,4.8351449e+33,0.000000
7,-7,21,4.8097071e+33,0.000000
5,-3,30,4.7548782e+33,0.000000
5,1,6,4.6671297e+33,0.000000
4,2,13,4.6420196e+33,0.000000
9,-7,10,4.632805e+33,0.000000
4,-4,55,4.5582887e+33,0.000000
4,3,2,4.452897e+33,0.000000
5,-1,18,4.4505711e+33,0.000000
6,-6,42,4.4288198e+33,0.000000
6,-5,38,4.3868078e+33,0.000000
3,-2,44,4.370132e+33,0.000000
7,-6,21,4.3422797e+33,0.000000
7,-4,12,4.3389431e+33,0.000000
2,0,-25,4.2951293e+33,0.000000
2,0,25,4.2951293e+33,0.000000
4,3,10,4.2467032e+33,0.000000
7,-7,4,4.1139382e+33,0.000000
3,1,19,4.0992185e+33,0.000000
5,-5,51,4.0433286e+33,0.000000
5,1,9,4.0203704e+33,0.000000
3,-1,26,4.0134832e+33,0.000000
5,1,4,3.9972207e+33,0.000000
4,-1,-13,3.9842387e+33,0.000000
7,-5,24,3.9810543e+33,0.000000
3,1,-14,3.9683782e+33,0.000000
3,-1,-22,3.9356265e+33,0.000000
4,1,13,3.9079347e+33,0.000000
5,-2,21,3.8840676e+33,0.000000
3,2,21,3.7767545e+33,0.000000
6,-3,13,3.7736765e+33,0.000000
7,-5,0,3.758322e+33,0.000000
3,0,-20,3.753059e+33,0.000000
3,0,20,3.753059e+33,0.000000
7,-7,22,3.7326529e+33,0.000000
7,-4,2,3.670319e+33,0.000000
4,3,-2,3.6610053e+33,0.000000
4,3,1,3.6459544e+33,0.000000
2,-1,-24,3.6045119e+33,0.000000
3,3,21,3.5908481e+33,0.000000
8,-7,12,3.5882659e+33,0.000000
8,-5,5,3.5845592e+33,0.000000
2,-2,-21,3.5811893e+33,0.000000
5,-4,45,3.57978e+33,0.000000
4,3,11,3.5685088e+33,0.000000
8,-6,14,3.5585689e+33,0.000000
7,-6,22,3.5366931e+33,0.000000
6,-6,43,3.468209e+33,0.000000
4,-3,47,3.4467792e+33,0.000000
6,-4,-3,3.4368982e+33,0.000000
7,-3,9,3.4309783e+33,0.000000
4,2,14,3.406832e+33,0.000000
6,-4,26,3.3898819e+33,0.000000
5,3,3,3.3756305e+33,0.000000
3,-2,-13,3.3743852e+33,0.000000
5,1,5,3.3609474e+33,0.000000
8,-4,5,3.3506179e+33,0.000000
2,2,26,3.3472318e+33,0.000000
3,-3,-15,3.3471245e+33,0.000000
5,0,-5,3.3433069e+33,0.000000
5,0,5,3.3433069e+33,0.000000
6,-5,39,3.338183e+33,0.000000
8,-8,13,3.3163593e+33,0.000000
5,-3,31,3.2750021e+33,0.000000
8,-5,9,3.2600935e+33,0.000000
2,-1,33,3.2449919e+33,0.000000
4,0,-13,3.2401234e+33,0.000000
4,0,13,3.2401234e+33,0.000000
6,-2,7,3.234102e+33,0.000000
5,3,2,3.226917e+33,0.000000
4,1,-2,3.2260179e+33,0.000000
5,1,10,3.0921111e+33,0.000000
4,-2,32,3.0413564e+33,0.000000
2,1,22,2.9964126e+33,0.000000
8,-6,5,2.9792277e+33,0.000000
2,1,-14,2.9630829e+33,0.000000
5,-5,52,2.9513668e+33,0.000000
7,-7,23,2.9421248e+33,0.000000
4,3,12,2.9340006e+33,0.000000
7,-6,23,2.9249473e+33,0.000000
7,-4,13,2.9068164e+33,0.000000
7,-5,25,2.8685311e+33,0.000000
5,3,4,2.8643442e+33,0.000000
6,-3,14,2.8432492e+33,0.000000
5,1,-4,2.8158866e+33,0.000000
4,4,-3,2.8045941e+33,0.000000
6,-1,2,2.7546588e+33,0.000000
5,2,1,2.71904e+33,0.000000
6,-6,44,2.7059856e+33,0.000000
3,-2,45,2.6527532e+33,0.000000
4,-2,-13,2.633511e+33,0.000000
7,-6,3,2.6133762e+33,0.000000
4,1,-4,2.5959244e+33,0.000000
5,-1,19,2.5838453e+33,0.000000
8,-7,8,2.5833135e+33,0.000000
5,-2,22,2.5398998e+33,0.000000
5,-4,46,2.5344798e+33,0.000000
6,-5,40,2.5322517e+33,0.000000
2,0,-26,2.5020429e+33,0.000000
2,0,26,2.5020429e+33,0.000000
4,-1,21,2.501916e+33,0.000000
4,-1,-14,2.4817496e+33,0.000000
6,-3,15,2.4658477e+33,0.000000
7,-6,24,2.449461e+33,0.000000
3,3,22,2.4411022e+33,0.000000
7,-3,10,2.4391498e+33,0.000000
8,-6,15,2.4213036e+33,0.000000
3,0,-21,2.4149784e+33,0.000000
3,0,21,2.4149784e+33,0.000000
4,2,15,2.4113049e+33,0.000000
3,2,22,2.3837054e+33,0.000000
4,3,13,2.3630161e+33,0.000000
6,-2,1,2.3605511e+33,0.000000
4,1,-5,2.3530398e+33,0.000000
7,-7,24,2.3525528e+33,0.000000
9,-6,8,2.339058e+33,0.000000
5,2,0,2.3343755e+33,0.000000
6,-6,-3,2.3273153e+33,0.000000
8,-4,4,2.3057992e+33,0.000000
6,-3,16,2.3003038e+33,0.000000
4,-3,48,2.2899847e+33,0.000000
4,4,-1,2.2667498e+33,0.000000
5,1,11,2.2460509e+33,0.000000
4,2,-5,2.2425922e+33,0.000000
5,-3,32,2.2304276e+33,0.000000
5,3,0,2.2270005e+33,0.000000
4,1,14,2.2231108e+33,0.000000
5,3,5,2.1886093e+33,0.000000
6,-3,17,2.1781158e+33,0.000000
5,-5,53,2.1550108e+33,0.000000
3,1,-15,2.1243149e+33,0.000000
8,-7,13,2.1110352e+33,0.000000
6,-6,45,2.1041648e+33,0.000000
3,-1,-23,2.1024613e+33,0.000000
7,-6,25,2.0711836e+33,0.000000
7,-5,26,2.0458145e+33,0.000000
6,-3,18,2.029502e+33,0.000000
2,2,27,2.0252165e+33,0.000000
5,-1,-6,1.974698e+33,0.000000
4,4,1,1.9683221e+33,0.000000
7,-4,14,1.9543034e+33,0.000000
2,-1,-25,1.9487952e+33,0.000000
3,1,20,1.9331601e+33,0.000000
7,-5,-1,1.9300991e+33,0.000000
6,0,-2,1.9259062e+33,0.000000
6,0,2,1.9259062e+33,0.000000
5,0,-6,1.9167015e+33,0.000000
5,0,6,1.9167015e+33,0.000000
6,-5,41,1.915397e+33,0.000000
5,3,1,1.913893e+33,0.000000
7,-7,25,1.907664e+33,0.000000
8,-8,14,1.8853685e+33,0.000000
6,-4,27,1.8762449e+33,0.000000
4,3,14,1.8669369e+33,0.000000
2,2,-8,1.8445766e+33,0.000000
4,4,0,1.8391388e+33,0.000000
6,-3,19,1.8381287e+33,0.000000
5,-4,47,1.7944112e+33,0.000000
8,-4,6,1.7771911e+33,0.000000
4,1,-6,1.768866e+33,0.000000
7,-6,26,1.763346e+33,0.000000
8,-6,16,1.7174636e+33,0.000000
7,-3,11,1.715168e+33,0.000000
4,-4,-6,1.7035254e+33,0.000000
4,-2,33,1.7018552e+33,0.000000
4,4,2,1.6898519e+33,0.000000
3,-3,-16,1.6649912e+33,0.000000
4,2,16,1.6567612e+33,0.000000
3,3,23,1.6517332e+33,0.000000
5,-2,23,1.6401186e+33,0.000000
6,-6,46,1.6311461e+33,0.000000
8,-5,10,1.6283456e+33,0.000000
6,-3,20,1.6132692e+33,0.000000
3,-2,46,1.6055581e+33,0.000000
2,1,23,1.5954675e+33,0.000000
5,-5,54,1.5742016e+33,0.000000
6,-6,-4,1.5692083e+33,0.000000
7,-7,26,1.5690424e+33,0.000000
2,1,-15,1.5612284e+33,0.000000
5,1,12,1.560552e+33,0.000000
5,3,6,1.558979e+33,0.000000
8,-8,9,1.5555024e+33,0.000000
5,3,-2,1.5478001e+33,0.000000
3,0,-22,1.540815e+33,0.000000
3,0,22,1.540815e+33,0.000000
3,-2,-14,1.5340955e+33,0.000000
2,-1,34,1.5307485e+33,0.000000
4,-1,-15,1.5264473e+33,0.000000
4,-3,49,1.519637e+33,0.000000
7,-6,27,1.5075327e+33,0.000000
5,-3,33,1.5044658e+33,0.000000
3,2,23,1.5005422e+33,0.000000
6,-2,8,1.4866611e+33,0.000000
5,-1,20,1.4749772e+33,0.000000
4,4,3,1.466373e+33,0.000000
2,0,-27,1.4557566e+33,0.000000
2,0,27,1.4557566e+33,0.000000
4,3,15,1.4492402e+33,0.000000
7,-5,27,1.4451188e+33,0.000000
6,-5,42,1.4450372e+33,0.000000
7,-7,3,1.4328655e+33,0.000000
4,1,-3,1.4065104e+33,0.000000
6,-3,21,1.3732403e+33,0.000000
9,-7,11,1.3555891e+33,0.000000
2,-2,-22,1.3487202e+33,0.000000
3,-1,27,1.3350067e+33,0.000000
5,2,2,1.3105846e+33,0.000000
7,-7,27,1.3093323e+33,0.000000
8,-7,14,1.3052953e+33,0.000000
7,-4,15,1.304959e+33,0.000000
7,-6,28,1.2911054e+33,0.000000
5,-4,48,1.2705476e+33,0.000000
4,-2,-14,1.267973e+33,0.000000
8,-6,17,1.2624321e+33,0.000000
4,4,4,1.2623934e+33,0.000000
6,-6,47,1.2609107e+33,0.000000
4,1,15,1.2361053e+33,0.000000
4,1,-7,1.2340114e+33,0.000000
2,2,28,1.2276917e+33,0.000000
7,-3,12,1.1820341e+33,0.000000
5,-5,55,1.1505005e+33,0.000000
8,-8,15,1.1501673e+33,0.000000
4,2,-2,1.1372577e+33,0.000000
6,-3,22,1.1363223e+33,0.000000
3,1,-16,1.1361499e+33,0.000000
3,-1,-24,1.1240621e+33,0.000000
7,-3,0,1.1225608e+33,0.000000
3,3,24,1.1133408e+33,0.000000
4,2,17,1.110555e+33,0.000000
7,-7,28,1.1082965e+33,0.000000
4,3,16,1.1071695e+33,0.000000
7,-6,29,1.1054321e+33,0.000000
4,-1,22,1.0974757e+33,0.000000
6,-5,43,1.0876138e+33,0.000000
3,2,-3,1.0618503e+33,0.000000
2,-1,-26,1.0568412e+33,0.000000
8,-4,3,1.0526883e+33,0.000000
5,3,7,1.0485381e+33,0.000000
5,-2,24,1.0469045e+33,0.000000
5,1,13,1.0456892e+33,0.000000
5,0,-7,1.0405919e+33,0.000000
5,0,7,1.0405919e+33,0.000000
4,4,5,1.0333516e+33,0.000000
4,0,-14,1.0260475e+33,0.000000
4,0,14,1.0260475e+33,0.000000
8,-6,4,1.0189167e+33,0.000000
6,-4,28,1.016437e+33,0.000000
6,-5,-2,1.0132644e+33,0.000000
7,-5,28,1.0118354e+33,0.000000
4,-3,50,1.0068393e+33,0.000000
5,-3,34,1.0064296e+33,0.000000
3,0,-23,9.7630667e+32,0.000000
3,0,23,9.7630667e+32,0.000000
6,-6,48,9.722304e+32,0.000000
3,-2,47,9.6895598e+32,0.000000
9,-7,8,9.6166801e+32,0.000000
8,-6,18,9.5609895e+32,0.000000
7,-7,29,9.5060322e+32,0.000000
7,-6,30,9.4462454e+32,0.000000
4,-2,34,9.438577e+32,0.000000
3,2,24,9.4268329e+32,0.000000
8,-5,11,9.3140531e+32,0.000000
4,-1,-16,9.2846902e+32,0.000000
5,0,-1,9.2008768e+32,0.000000
5,0,1,9.2008768e+32,0.000000
6,2,0,9.193619e+32,0.000000
6,-3,23,9.1657684e+32,0.000000
5,-4,49,8.9974598e+32,0.000000
3,1,21,8.919897e+32,0.000000
4,2,-6,8.9009029e+32,0.000000
7,-4,16,8.5854959e+32,0.000000
2,1,24,8.4668688e+32,0.000000
2,0,-28,8.4642801e+32,0.000000
2,0,28,8.4642801e+32,0.000000
7,-5,-2,8.4537506e+32,0.000000
3,-3,-17,8.3715654e+32,0.000000
4,3,17,8.3379439e+32,0.000000
4,-4,-7,8.3274475e+32,0.000000
4,1,-8,8.2885949e+32,0.000000
7,-4,1,8.2870044e+32,0.000000
5,-1,21,8.2840842e+32,0.000000
8,-7,15,8.2705275e+32,0.000000
2,1,-16,8.251524e+32,0.000000
7,-7,30,8.245838e+32,0.000000
6,-5,44,8.1686097e+32,0.000000
4,4,6,8.1481624e+32,0.000000
7,-6,31,8.0462612e+32,0.000000
7,-3,13,7.9403028e+32,0.000000
3,3,25,7.4811189e+32,0.000000
6,-6,49,7.4792668e+32,0.000000
2,2,29,7.457339e+32,0.000000
8,-6,19,7.4178151e+32,0.000000
7,-6,2,7.3930543e+32,0.000000
8,-4,7,7.3281527e+32,0.000000
4,2,18,7.2910912e+32,0.000000
6,-3,24,7.2268318e+32,0.000000
7,-7,31,7.2147295e+32,0.000000
8,-8,16,7.1935929e+32,0.000000
5,1,-5,7.0904729e+32,0.000000
7,-5,29,7.0282767e+32,0.000000
2,-1,35,6.9786882e+32,0.000000
7,-4,0,6.962164e+32,0.000000
5,-1,-2,6.9303396e+32,0.000000
6,-5,-3,6.8661078e+32,0.000000
7,-6,32,6.8256071e+32,0.000000
3,-2,-15,6.8240612e+32,0.000000
5,1,14,6.7957923e+32,0.000000
8,-5,4,6.719509e+32,0.000000
4,1,16,6.7105804e+32,0.000000
5,3,8,6.6942798e+32,0.000000
5,-3,35,6.6846545e+32,0.000000
9,-6,9,6.66002e+32,0.000000
4,-3,51,6.6573335e+32,0.000000
9,-8,11,6.6294161e+32,0.000000
5,-2,25,6.6116784e+32,0.000000
6,-2,9,6.5581692e+32,0.000000
4,4,7,6.4506342e+32,0.000000
5,-4,50,6.3726554e+32,0.000000
7,-7,32,6.3485791e+32,0.000000
8,-6,3,6.2447114e+32,0.000000
2,2,-9,6.2421168e+32,0.000000
9,-7,12,6.210772e+32,0.000000
4,3,18,6.199474e+32,0.000000
3,0,-24,6.1519109e+32,0.000000
3,0,24,6.1519109e+32,0.000000
6,-5,45,6.123469e+32,0.000000
4,-2,-15,6.0696182e+32,0.000000
3,1,-17,6.0677926e+32,0.000000
3,-1,-25,6.015454e+32,0.000000
7,-7,2,6.0151615e+32,0.000000
3,2,25,5.913262e+32,0.000000
8,-6,20,5.8620701e+32,0.000000
3,-2,48,5.8341394e+32,0.000000
8,-5,12,5.8230278e+32,0.000000
7,-6,33,5.7628204e+32,0.000000
2,-1,-27,5.7488791e+32,0.000000
6,-6,50,5.7419943e+32,0.000000
7,-3,-1,5.6429321e+32,0.000000
7,-7,33,5.6021035e+32,0.000000
4,-1,-17,5.5925156e+32,0.000000
6,-3,25,5.5842376e+32,0.000000
7,-4,17,5.5288365e+32,0.000000
4,1,-9,5.4401064e+32,0.000000
5,2,-1,5.4010006e+32,0.000000
8,-7,16,5.384202e+32,0.000000
6,-4,29,5.3797902e+32,0.000000
5,0,-8,5.3696523e+32,0.000000
5,0,8,5.3696523e+32,0.000000
4,4,8,5.3454465e+32,0.000000
4,-2,35,5.180227e+32,0.000000
7,-3,14,5.1786858e+32,0.000000
3,3,26,5.0144656e+32,0.000000
5,2,3,4.9696597e+32,0.000000
7,-7,34,4.9446223e+32,0.000000
2,-2,-23,4.936728e+32,0.000000
2,0,-29,4.9200209e+32,0.000000
2,0,29,4.9200209e+32,0.000000
7,-5,30,4.8471843e+32,0.000000
7,-6,34,4.8407672e+32,0.000000
4,4,9,4.7241905e+32,0.000000
4,2,19,4.7030742e+32,0.000000
8,-6,21,4.6929043e+32,0.000000
9,-6,7,4.6703003e+32,0.000000
6,-1,6,4.6546613e+32,0.000000
8,-8,17,4.5993904e+32,0.000000
6,-5,46,4.5826625e+32,0.000000
5,-1,22,4.5793893e+32,0.000000
4,-1,23,4.568836e+32,0.000000
8,-7,7,4.557923e+32,0.000000
4,3,19,4.5576306e+32,0.000000
2,2,30,4.5391904e+32,0.000000
5,-4,51,4.514292e+32,0.000000
2,1,25,4.4767662e+32,0.000000
5,-3,-3,4.4475361e+32,0.000000
9,-9,12,4.4454523e+32,0.000000
6,-1,5,4.4218479e+32,0.000000
5,-3,36,4.4123564e+32,0.000000
4,4,10,4.4004362e+32,0.000000
6,-6,51,4.4003528e+32,0.000000
5,-1,-7,4.3984817e+32,0.000000
6,-1,7,4.39464e+32,0.000000
8,-8,8,4.3927084e+32,0.000000
4,-3,52,4.3909307e+32,0.000000
2,1,-17,4.3698824e+32,0.000000
7,-7,35,4.3562655e+32,0.000000
4,-3,-6,4.3387136e+32,0.000000
5,1,15,4.300912e+32,0.000000
5,-3,-5,4.2829809e+32,0.000000
3,-3,-18,4.2501805e+32,0.000000
6,-1,3,4.2389554e+32,0.000000
6,-3,26,4.2387635e+32,0.000000
4,4,11,4.2020665e+32,0.000000
5,-2,26,4.1346139e+32,0.000000
9,-5,6,4.1081039e+32,0.000000
3,2,-4,4.1024326e+32,0.000000
4,-4,-8,4.0993128e+32,0.000000
5,3,9,4.0642749e+32,0.000000
3,-1,28,4.0581271e+32,0.000000
8,-4,2,4.0500739e+32,0.000000
7,-6,35,4.0448037e+32,0.000000
4,4,12,4.0108201e+32,0.000000
3,1,22,4.0101857e+32,0.000000
8,-5,13,3.8863135e+32,0.000000
6,-1,8,3.8619259e+32,0.000000
3,0,-25,3.8594246e+32,0.000000
3,0,25,3.8594246e+32,0.000000
7,-7,36,3.8247394e+32,0.000000
8,-6,22,3.7865906e+32,0.000000
4,4,13,3.7665318e+32,0.000000
8,-4,8,3.728375e+32,0.000000
6,0,-6,3.7167878e+32,0.000000
6,0,6,3.7167878e+32,0.000000
3,2,26,3.7052544e+32,0.000000
4,2,-7,3.6511311e+32,0.000000
8,-7,17,3.622023e+32,0.000000
6,-1,4,3.5856977e+32,0.000000
4,1,17,3.5514129e+32,0.000000
4,1,-10,3.51248e+32,0.000000
3,-2,49,3.5096926e+32,0.000000
6,0,-5,3.5089922e+32,0.000000
6,0,5,3.5089922e+32,0.000000
7,-4,18,3.4646503e+32,0.000000
4,4,14,3.4542614e+32,0.000000
6,-5,47,3.4245353e+32,0.000000
4,-3,-7,3.4218811e+32,0.000000
4,-3,-5,3.4080522e+32,0.000000
9,-7,13,3.4053841e+32,0.000000
6,-6,52,3.3669701e+32,0.000000
7,-7,1,3.3619403e+32,0.000000
7,-6,36,3.3617322e+32,0.000000
3,3,27,3.3545307e+32,0.000000
7,-7,37,3.3427246e+32,0.000000
4,-1,-18,3.3400406e+32,0.000000
7,-5,31,3.3219494e+32,0.000000
4,3,20,3.3174041e+32,0.000000
4,0,-15,3.303754e+32,0.000000
4,0,15,3.303754e+32,0.000000
6,2,3,3.2773807e+32,0.000000
7,-3,15,3.2678586e+32,0.000000
5,-1,-10,3.2392174e+32,0.000000
3,1,-18,3.235205e+32,0.000000
3,-1,-26,3.2224707e+32,0.000000
6,-1,9,3.2148351e+32,0.000000
5,-4,52,3.1982189e+32,0.000000
6,-3,27,3.1672794e+32,0.000000
2,-1,-28,3.136672e+32,0.000000
6,0,-7,3.1067478e+32,0.000000
6,0,7,3.1067478e+32,0.000000
5,-1,-11,3.0913517e+32,0.000000
4,4,15,3.0867854e+32,0.000000
8,-6,23,3.0657997e+32,0.000000
2,-1,36,3.0351724e+32,0.000000
8,-8,18,3.029145e+32,0.000000
4,2,20,2.9882609e+32,0.000000
6,2,4,2.9859414e+32,0.000000
8,-6,2,2.977902e+32,0.000000
3,-2,-16,2.9612441e+32,0.000000
7,-7,38,2.9059084e+32,0.000000
5,-3,37,2.8965719e+32,0.000000
4,-3,53,2.8875447e+32,0.000000
4,-2,-16,2.8864966e+32,0.000000
7,-1,1,2.8705376e+32,0.000000
2,0,-30,2.8597846e+32,0.000000
2,0,30,2.8597846e+32,0.000000
5,-1,-9,2.8561814e+32,0.000000
4,-2,36,2.8075563e+32,0.000000
7,-6,37,2.7792784e+32,0.000000
6,-4,30,2.7747479e+32,0.000000
2,2,31,2.7687073e+32,0.000000
6,-2,10,2.766794e+32,0.000000
8,-5,14,2.7227385e+32,0.000000
4,4,16,2.6891847e+32,0.000000
7,-5,-3,2.6815348e+32,0.000000
5,1,16,2.6589227e+32,0.000000
5,0,-9,2.6252711e+32,0.000000
5,0,9,2.6252711e+32,0.000000
5,-1,-12,2.6142968e+32,0.000000
6,-6,53,2.5729038e+32,0.000000
5,-2,27,2.5618992e+32,0.000000
6,-1,10,2.5602469e+32,0.000000
6,-5,48,2.5558731e+32,0.000000
8,-7,18,2.5209549e+32,0.000000
7,-7,39,2.5115899e+32,0.000000
5,-1,23,2.4917388e+32,0.000000
8,-6,24,2.4815934e+32,0.000000
9,-5,7,2.4705643e+32,0.000000
3,0,-26,2.4129324e+32,0.000000
3,0,26,2.4129324e+32,0.000000
4,3,21,2.3936706e+32,0.000000
2,1,26,2.3571265e+32,0.000000
5,3,10,2.3448931e+32,0.000000
6,-3,28,2.3340525e+32,0.000000
3,2,27,2.3200196e+32,0.000000
2,1,-18,2.3173309e+32,0.000000
5,-1,-8,2.3119882e+32,0.000000
4,-3,-8,2.3114158e+32,0.000000
6,0,-8,2.2894873e+32,0.000000
6,0,8,2.2894873e+32,0.000000
4,4,17,2.2880866e+32,0.000000
7,-6,38,2.2858868e+32,0.000000
9,-6,10,2.2826692e+32,0.000000
5,-4,53,2.2658856e+32,0.000000
7,-5,32,2.264147e+32,0.000000
3,3,28,2.2406943e+32,0.000000
4,1,-11,2.2382467e+32,0.000000
2,2,-10,2.2377438e+32,0.000000
7,-1,3,2.2122715e+32,0.000000
6,2,5,2.2054911e+32,0.000000
8,-4,9,2.1956859e+32,0.000000
10,-8,11,2.1899599e+32,0.000000
3,-3,-19,2.1770908e+32,0.000000
6,2,2,2.1671894e+32,0.000000
7,-7,40,2.1577615e+32,0.000000
5,2,4,2.1252462e+32,0.000000
3,-2,50,2.1154946e+32,0.000000
3,3,-5,2.1137636e+32,0.000000
7,-4,19,2.1011783e+32,0.000000
8,-8,19,2.0633973e+32,0.000000
8,-8,7,2.051807e+32,0.000000
5,-1,-13,2.0353626e+32,0.000000
9,-7,14,2.0226385e+32,0.000000
8,-6,25,2.0024586e+32,0.000000
7,-3,16,1.9878959e+32,0.000000
4,-4,-9,1.9847698e+32,0.000000
4,-1,-19,1.9802161e+32,0.000000
8,-5,15,1.9750261e+32,0.000000
6,-6,54,1.9640198e+32,0.000000
6,-1,11,1.9630513e+32,0.000000
9,-8,12,1.9454943e+32,0.000000
5,2,9,1.944267e+32,0.000000
5,2,8,1.9316678e+32,0.000000
4,4,18,1.9056433e+32,0.000000
6,-5,49,1.9055468e+32,0.000000
4,-3,54,1.8925385e+32,0.000000
5,-3,38,1.8922421e+32,0.000000
9,-7,7,1.8897824e+32,0.000000
4,2,21,1.8741839e+32,0.000000
9,-8,10,1.8724718e+32,0.000000
7,-6,39,1.8706877e+32,0.000000
6,0,-4,1.8695476e+32,0.000000
6,0,4,1.8695476e+32,0.000000
7,-1,2,1.8580924e+32,0.000000
9,-9,13,1.8564997e+32,0.000000
7,-7,41,1.8425572e+32,0.000000
4,1,18,1.8281894e+32,0.000000
5,2,10,1.8262862e+32,0.000000
4,-1,24,1.8223462e+32,0.000000
8,-7,19,1.8114972e+32,0.000000
4,2,-3,1.8040586e+32,0.000000
5,2,7,1.7771495e+32,0.000000
3,2,-5,1.751186e+32,0.000000
2,-2,-24,1.749982e+32,0.000000
3,1,23,1.7460782e+32,0.000000
7,-6,1,1.7319867e+32,0.000000
3,-1,-27,1.72798e+32,0.000000
3,1,-19,1.7220805e+32,0.000000
2,-1,-29,1.7164449e+32,0.000000
4,3,22,1.7140112e+32,0.000000
6,-3,-2,1.7080989e+32,0.000000
6,-3,29,1.6990924e+32,0.000000
2,2,32,1.6922601e+32,0.000000
2,0,-31,1.6624788e+32,0.000000
2,0,31,1.6624788e+32,0.000000
5,2,11,1.6188165e+32,0.000000
5,1,17,1.6096393e+32,0.000000
8,-6,26,1.6074532e+32,0.000000
5,-4,54,1.6051659e+32,0.000000
4,0,-16,1.5811048e+32,0.000000
4,0,16,1.5811048e+32,0.000000
5,-2,28,1.5736692e+32,0.000000
7,-7,42,1.5639665e+32,0.000000
4,2,-8,1.5596209e+32,0.000000
6,0,-9,1.557603e+32,0.000000
6,0,9,1.557603e+32,0.000000
4,4,19,1.5571833e+32,0.000000
5,2,6,1.546356e+32,0.000000
5,1,-6,1.5460734e+32,0.000000
8,-7,6,1.537215e+32,0.000000
7,-5,33,1.5358539e+32,0.000000
7,-6,40,1.5235423e+32,0.000000
3,0,-27,1.5046253e+32,0.000000
3,0,27,1.5046253e+32,0.000000
4,-2,37,1.4982974e+32,0.000000
6,-6,55,1.4980004e+32,0.000000
3,3,29,1.495003e+32,0.000000
5,-1,-14,1.4936036e+32,0.000000
5,2,5,1.4681122e+32,0.000000
8,-5,16,1.4665172e+32,0.000000
4,-3,-9,1.461044e+32,0.000000
8,-4,10,1.4558034e+32,0.000000
6,-1,12,1.4553562e+32,0.000000
8,-8,20,1.4527596e+32,0.000000
3,2,28,1.4520157e+32,0.000000
6,2,6,1.4356885e+32,0.000000
5,-5,-5,1.4297412e+32,0.000000
6,-5,50,1.4194823e+32,0.000000
4,1,-12,1.4099001e+32,0.000000
6,0,-3,1.3990322e+32,0.000000
6,0,3,1.3990322e+32,0.000000
6,-4,31,1.3896812e+32,0.000000
9,-5,5,1.3863966e+32,0.000000
3,-1,29,1.3783771e+32,0.000000
5,2,12,1.367022e+32,0.000000
7,-7,0,1.3631501e+32,0.000000
4,-2,-17,1.3626991e+32,0.000000
4,0,-17,1.3412117e+32,0.000000
4,0,17,1.3412117e+32,0.000000
8,-7,20,1.3394738e+32,0.000000
4,0,-18,1.3377371e+32,0.000000
4,0,18,1.3377371e+32,0.000000
5,-1,24,1.3341014e+32,0.000000
5,1,-2,1.3215679e+32,0.000000
7,-7,43,1.3197265e+32,0.000000
7,-1,4,1.3114892e+32,0.000000
4,-1,-1,1.2971483e+32,0.000000
3,-2,51,1.2839315e+32,0.000000
8,-6,27,1.2819046e+32,0.000000
5,3,11,1.2816416e+32,0.000000
9,-7,15,1.2615335e+32,0.000000
4,0,-19,1.2573066e+32,0.000000
4,0,19,1.2573066e+32,0.000000
4,4,20,1.2512059e+32,0.000000
5,-3,-6,1.2500086e+32,0.000000
3,-2,-17,1.2489843e+32,0.000000
4,-3,55,1.2359579e+32,0.000000
7,-6,41,1.2351074e+32,0.000000
2,1,27,1.2349363e+32,0.000000
2,-1,37,1.2338966e+32,0.000000
5,-3,39,1.2306564e+32,0.000000
2,1,-19,1.2301445e+32,0.000000
7,-4,20,1.2269459e+32,0.000000
6,-3,30,1.2235448e+32,0.000000
4,3,23,1.2191838e+32,0.000000
5,0,-10,1.2077988e+32,0.000000
5,0,10,1.2077988e+32,0.000000
6,-2,11,1.166914e+32,0.000000
4,-1,-20,1.166699e+32,0.000000
4,2,22,1.1622726e+32,0.000000
7,-3,17,1.1609579e+32,0.000000
5,-4,55,1.1367668e+32,0.000000
3,-3,-20,1.1244843e+32,0.000000
5,2,13,1.1080585e+32,0.000000
7,-7,44,1.1073237e+32,0.000000
8,-5,17,1.1043084e+32,0.000000
8,-5,3,1.0947718e+32,0.000000
9,-6,11,1.0907345e+32,0.000000
4,0,-20,1.0856661e+32,0.000000
4,0,20,1.0856661e+32,0.000000
8,-8,6,1.0696057e+32,0.000000
8,-4,11,1.068181e+32,0.000000
6,-5,51,1.0567113e+32,0.000000
8,-8,21,1.0540436e+32,0.000000
5,-1,-15,1.0486243e+32,0.000000
6,-1,13,1.0463535e+32,0.000000
7,-5,34,1.0376083e+32,0.000000
2,2,33,1.0363841e+32,0.000000
3,-1,32,1.0363545e+32,0.000000
3,-1,33,1.0167536e+32,0.000000
8,-7,21,1.0158509e+32,0.000000
8,-6,28,1.0147763e+32,0.000000
6,0,-10,1.0001818e+32,0.000000
6,0,10,1.0001818e+32,0.000000
7,-6,42,9.9688761e+31,0.000000
3,3,30,9.966651e+31,0.000000
7,-6,0,9.932065e+31,0.000000
4,4,21,9.9057328e+31,0.000000
2,0,-32,9.6663556e+31,0.000000
2,0,32,9.6663556e+31,0.000000
5,-2,29,9.5860999e+31,0.000000
3,-1,31,9.5756329e+31,0.000000
5,1,18,9.560251e+31,0.000000
4,-4,-10,9.5167407e+31,0.000000
2,-1,-30,9.4191424e+31,0.000000
3,0,-28,9.3639668e+31,0.000000
3,0,28,9.3639668e+31,0.000000
3,-1,-28,9.2739788e+31,0.000000
7,-7,45,9.2405532e+31,0.000000
3,1,-20,9.1531346e+31,0.000000
3,-1,34,9.1475712e+31,0.000000
4,1,19,9.1258276e+31,0.000000
9,-8,13,9.0920283e+31,0.000000
3,2,29,9.0855935e+31,0.000000
3,-1,30,8.9487627e+31,0.000000
4,-3,-10,8.9347281e+31,0.000000
4,1,-13,8.7864453e+31,0.000000
4,0,-21,8.7412119e+31,0.000000
4,0,21,8.7412119e+31,0.000000
6,-3,31,8.72676e+31,0.000000
5,2,14,8.6720558e+31,0.000000
4,3,24,8.621923e+31,0.000000
7,-4,-1,8.5471747e+31,0.000000
6,2,7,8.4628329e+31,0.000000
8,-4,12,8.456092e+31,0.000000
10,-8,10,8.4413359e+31,0.000000
8,-7,5,8.4083057e+31,0.000000
8,-5,18,8.3694183e+31,0.000000
2,2,-11,8.3663664e+31,0.000000
9,-7,16,8.2012671e+31,0.000000
7,-6,43,8.0126251e+31,0.000000
8,-6,29,7.9714128e+31,0.000000
5,-3,40,7.9704871e+31,0.000000
3,-2,52,7.9069631e+31,0.000000
8,-7,22,7.878724e+31,0.000000
6,-2,-1,7.8701014e+31,0.000000
8,-6,1,7.8692465e+31,0.000000
6,-5,52,7.8629025e+31,0.000000
8,-8,22,7.855063e+31,0.000000
4,-2,38,7.8429153e+31,0.000000
9,-6,6,7.8177833e+31,0.000000
4,4,22,7.7409904e+31,0.000000
8,-3,4,7.7382247e+31,0.000000
3,-1,35,7.7138942e+31,0.000000
7,-7,46,7.671159e+31,0.000000
9,-9,11,7.615711e+31,0.000000
6,2,1,7.5427216e+31,0.000000
8,-4,1,7.5181996e+31,0.000000
9,-9,14,7.4779356e+31,0.000000
3,2,-6,7.4488316e+31,0.000000
4,-1,25,7.411298e+31,0.000000
6,-1,14,7.3107485e+31,0.000000
3,1,24,7.2987214e+31,0.000000
4,2,23,7.1369512e+31,0.000000
5,-1,-16,7.1143946e+31,0.000000
5,-1,25,7.0228793e+31,0.000000
8,-4,13,7.0043778e+31,0.000000
7,-5,35,6.9861685e+31,0.000000
4,2,-9,6.8913323e+31,0.000000
7,-4,21,6.8709334e+31,0.000000
4,-1,-21,6.8377294e+31,0.000000
6,-4,32,6.7265526e+31,0.000000
4,0,-22,6.6715861e+31,0.000000
4,0,22,6.6715861e+31,0.000000
6,1,1,6.6540201e+31,0.000000
3,3,31,6.6408079e+31,0.000000
9,-5,8,6.5994675e+31,0.000000
5,3,12,6.5962371e+31,0.000000
5,2,15,6.5842582e+31,0.000000
2,1,-20,6.5366455e+31,0.000000
7,-1,5,6.504475e+31,0.000000
7,-3,18,6.4776411e+31,0.000000
2,1,28,6.4311859e+31,0.000000
7,-6,44,6.4148519e+31,0.000000
4,-2,-18,6.3804005e+31,0.000000
2,2,34,6.3591128e+31,0.000000
8,-5,19,6.3455762e+31,0.000000
7,-7,47,6.336869e+31,0.000000
10,-7,9,6.2553883e+31,0.000000
8,-7,23,6.2328358e+31,0.000000
8,-6,30,6.2136878e+31,0.000000
3,-1,36,6.2001041e+31,0.000000
6,-3,32,6.1713451e+31,0.000000
6,0,-11,6.1315168e+31,0.000000
6,0,11,6.1315168e+31,0.000000
4,3,25,6.06661e+31,0.000000
2,-2,-25,6.0436006e+31,0.000000
9,-6,12,6.0204982e+31,0.000000
8,-8,23,5.995614e+31,0.000000
4,4,23,5.980654e+31,0.000000
8,-4,14,5.9092684e+31,0.000000
3,-3,-21,5.8536705e+31,0.000000
6,-5,53,5.8491352e+31,0.000000
3,0,-29,5.8193096e+31,0.000000
3,0,29,5.8193096e+31,0.000000
5,-2,30,5.7920159e+31,0.000000
6,-2,12,5.7757306e+31,0.000000
3,2,30,5.6847233e+31,0.000000
2,0,-33,5.6214541e+31,0.000000
2,0,33,5.6214541e+31,0.000000
5,1,19,5.5794829e+31,0.000000
10,-8,12,5.5433034e+31,0.000000
9,-7,17,5.5405574e+31,0.000000
3,3,-6,5.5130166e+31,0.000000
6,-6,-5,5.4356172e+31,0.000000
4,1,-14,5.419881e+31,0.000000
4,-3,-11,5.364124e+31,0.000000
9,-8,14,5.2698697e+31,0.000000
7,-7,48,5.2101678e+31,0.000000
5,0,-11,5.1960685e+31,0.000000
5,0,11,5.1960685e+31,0.000000
2,-1,-31,5.1825977e+31,0.000000
5,-3,41,5.1412327e+31,0.000000
7,-6,45,5.1165463e+31,0.000000
3,-2,-18,5.0997222e+31,0.000000
7,-7,-1,5.0918274e+31,0.000000
8,-7,24,5.0177539e+31,0.000000
3,-2,53,4.9946215e+31,0.000000
8,-4,15,4.9811786e+31,0.000000
3,-1,-29,4.9806289e+31,0.000000
6,-1,15,4.9713047e+31,0.000000
9,-5,4,4.9400338e+31,0.000000
4,0,-23,4.8890624e+31,0.000000
4,0,23,4.8890624e+31,0.000000
5,2,16,4.8685694e+31,0.000000
3,1,-21,4.8594472e+31,0.000000
8,-6,31,4.8074209e+31,0.000000
3,-1,37,4.805505e+31,0.000000
9,-7,6,4.7947526e+31,0.000000
8,-5,20,4.7899851e+31,0.000000
5,-1,-17,4.697434e+31,0.000000
7,-5,36,4.690632e+31,0.000000
8,-8,24,4.675242e+31,0.000000
8,-5,2,4.6301752e+31,0.000000
4,4,24,4.5745334e+31,0.000000
10,-7,10,4.571554e+31,0.000000
6,2,8,4.5496257e+31,0.000000
4,-4,-11,4.546915e+31,0.000000
2,-1,38,4.5321859e+31,0.000000
10,-6,8,4.4731305e+31,0.000000
3,3,32,4.4233786e+31,0.000000
8,-8,5,4.4044601e+31,0.000000
4,1,20,4.3983866e+31,0.000000
6,-5,54,4.3507259e+31,0.000000
4,2,24,4.3442464e+31,0.000000
6,-3,33,4.3311456e+31,0.000000
7,-7,49,4.2648532e+31,0.000000
4,3,26,4.2499302e+31,0.000000
8,-4,16,4.1453738e+31,0.000000
9,-9,15,4.1382196e+31,0.000000
6,-2,13,4.1064646e+31,0.000000
8,-7,25,4.1024202e+31,0.000000
7,-6,46,4.066677e+31,0.000000
4,-2,39,4.0060153e+31,0.000000
4,-1,-22,3.9897052e+31,0.000000
6,-2,15,3.9139676e+31,0.000000
2,2,35,3.9087796e+31,0.000000
6,-2,14,3.8816454e+31,0.000000
9,-7,18,3.8759599e+31,0.000000
6,-2,16,3.7950385e+31,0.000000
7,-4,-2,3.7165016e+31,0.000000
8,-8,25,3.7143914e+31,0.000000
8,-6,32,3.69307e+31,0.000000
7,-4,22,3.6897251e+31,0.000000
4,-1,26,3.6616113e+31,0.000000
8,-7,4,3.6361156e+31,0.000000
5,-1,26,3.6296375e+31,0.000000
3,-1,38,3.6205461e+31,0.000000
6,2,-1,3.6188568e+31,0.000000
3,0,-30,3.6128117e+31,0.000000
3,0,30,3.6128117e+31,0.000000
6,0,-12,3.6098198e+31,0.000000
6,0,12,3.6098198e+31,0.000000
9,-6,13,3.5996209e+31,0.000000
8,-5,21,3.5863299e+31,0.000000
3,2,31,3.5570364e+31,0.000000
5,2,17,3.5173514e+31,0.000000
2,1,-21,3.4773111e+31,0.000000
7,-7,50,3.476503e+31,0.000000
4,0,-24,3.4725132e+31,0.000000
4,0,24,3.4725132e+31,0.000000
5,-2,31,3.4712411e+31,0.000000
4,4,25,3.4683047e+31,0.000000
6,-2,17,3.4635168e+31,0.000000
5,1,-7,3.4442304e+31,0.000000
7,-3,19,3.4337977e+31,0.000000
5,-3,-7,3.4154307e+31,0.000000
8,-7,26,3.4004194e+31,0.000000
8,-4,17,3.3824442e+31,0.000000
6,1,2,3.3295356e+31,0.000000
2,1,29,3.3243752e+31,0.000000
4,1,-15,3.3103861e+31,0.000000
5,-3,42,3.3025434e+31,0.000000
8,-6,0,3.3012433e+31,0.000000
6,-1,16,3.293715e+31,0.000000
3,-2,54,3.2780321e+31,0.000000
2,0,-34,3.2695281e+31,0.000000
2,0,34,3.2695281e+31,0.000000
9,-8,15,3.241874e+31,0.000000
6,-5,55,3.2364442e+31,0.000000
2,2,-12,3.2244258e+31,0.000000
3,2,-7,3.2239382e+31,0.000000
7,-6,47,3.2215708e+31,0.000000
5,1,20,3.2033983e+31,0.000000
4,-3,-12,3.1843941e+31,0.000000
8,-3,5,3.1790748e+31,0.000000
5,3,13,3.165381e+31,0.000000
7,-5,37,3.1423676e+31,0.000000
6,-4,33,3.1281692e+31,0.000000
4,2,-10,3.1246521e+31,0.000000
3,-3,-22,3.0699031e+31,0.000000
5,-1,-18,3.0343535e+31,0.000000
6,-3,34,3.0190634e+31,0.000000
8,-8,26,2.9975031e+31,0.000000
6,-2,18,2.9851705e+31,0.000000
4,3,27,2.9659381e+31,0.000000
4,-2,-19,2.9594081e+31,0.000000
3,3,33,2.9459702e+31,0.000000
8,-4,0,2.9024278e+31,0.000000
7,-1,6,2.8969846e+31,0.000000
3,1,25,2.8916122e+31,0.000000
8,-5,1,2.8627519e+31,0.000000
2,-1,-32,2.8586781e+31,0.000000
8,-7,27,2.8534806e+31,0.000000
7,-7,51,2.8227737e+31,0.000000
8,-6,33,2.8182355e+31,0.000000
9,-5,9,2.7982979e+31,0.000000
9,-7,19,2.7971119e+31,0.000000
7,-6,-1,2.7666443e+31,0.000000
6,-1,0,2.7456774e+31,0.000000
8,-4,18,2.6958961e+31,0.000000
3,-1,-30,2.6759202e+31,0.000000
3,-1,39,2.666321e+31,0.000000
8,-5,22,2.6555354e+31,0.000000
6,4,-2,2.6352707e+31,0.000000
5,-2,-5,2.6240618e+31,0.000000
4,2,25,2.6235982e+31,0.000000
7,-7,-2,2.6198346e+31,0.000000
4,4,26,2.6092663e+31,0.000000
4,-1,27,2.5994966e+31,0.000000
3,1,-22,2.5778982e+31,0.000000
7,-6,48,2.5442064e+31,0.000000
9,-9,16,2.5173022e+31,0.000000
5,2,18,2.4897024e+31,0.000000
5,-2,-6,2.4878417e+31,0.000000
9,-8,9,2.4811847e+31,0.000000
6,-2,19,2.4495311e+31,0.000000
8,-8,27,2.449349e+31,0.000000
8,-7,28,2.4212797e+31,0.000000
4,0,-25,2.4070622e+31,0.000000
4,0,25,2.4070622e+31,0.000000
2,2,36,2.4065288e+31,0.000000
5,4,1,2.391882e+31,0.000000
4,-1,28,2.3719749e+31,0.000000
5,4,6,2.3344354e+31,0.000000
4,-1,-23,2.3193111e+31,0.000000
10,-8,13,2.3192072e+31,0.000000
8,-4,-1,2.3094813e+31,0.000000
5,4,5,2.2984807e+31,0.000000
7,-7,52,2.2835544e+31,0.000000
4,-1,29,2.2831092e+31,0.000000
9,-6,14,2.2830725e+31,0.000000
3,3,-4,2.2798165e+31,0.000000
5,4,-2,2.2660417e+31,0.000000
3,-2,55,2.2621753e+31,0.000000
5,4,7,2.2424566e+31,0.000000
3,0,-31,2.2413996e+31,0.000000
3,0,31,2.2413996e+31,0.000000
6,4,0,2.235116e+31,0.000000
3,2,32,2.225962e+31,0.000000
6,2,9,2.2250109e+31,0.000000
5,1,-10,2.1914296e+31,0.000000
9,-7,5,2.1794386e+31,0.000000
4,-4,-12,2.1726242e+31,0.000000
8,-6,34,2.1374779e+31,0.000000
4,-1,30,2.1297377e+31,0.000000
6,-1,17,2.1279985e+31,0.000000
5,-3,43,2.1120282e+31,0.000000
2,-2,-26,2.1113197e+31,0.000000
5,0,-12,2.1104691e+31,0.000000
5,0,12,2.1104691e+31,0.000000
5,4,8,2.110078e+31,0.000000
7,-5,38,2.1015806e+31,0.000000
8,-4,19,2.094868e+31,0.000000
5,1,-9,2.0920462e+31,0.000000
6,-3,35,2.0916745e+31,0.000000
9,-7,20,2.0751547e+31,0.000000
8,-7,29,2.0751155e+31,0.000000
5,-2,32,2.0631695e+31,0.000000
4,3,28,2.0630334e+31,0.000000
5,4,4,2.0610255e+31,0.000000
6,0,-13,2.0464332e+31,0.000000
6,0,13,2.0464332e+31,0.000000
4,1,21,2.0352694e+31,0.000000
10,-6,7,2.0218272e+31,0.000000
8,-8,28,2.0210133e+31,0.000000
9,-8,16,2.0200847e+31,0.000000
3,-2,-19,2.0099819e+31,0.000000
7,-6,49,2.0034761e+31,0.000000
4,1,-16,2.0028657e+31,0.000000
5,1,-11,1.9902555e+31,0.000000
5,4,9,1.9843698e+31,0.000000
4,-2,40,1.9829313e+31,0.000000
4,4,-4,1.9796825e+31,0.000000
5,4,0,1.9638133e+31,0.000000
3,3,34,1.9620372e+31,0.000000
4,4,27,1.9496189e+31,0.000000
8,-5,23,1.9403108e+31,0.000000
5,-2,-7,1.9292102e+31,0.000000
6,-2,20,1.9286283e+31,0.000000
3,-1,40,1.9267366e+31,0.000000
5,-1,-19,1.92535e+31,0.000000
7,-4,23,1.9227419e+31,0.000000
2,0,-35,1.9016411e+31,0.000000
2,0,35,1.9016411e+31,0.000000
4,-1,31,1.8943473e+31,0.000000
5,1,-8,1.8772954e+31,0.000000
5,4,10,1.8770137e+31,0.000000
4,-3,-13,1.8764209e+31,0.000000
2,1,-22,1.8523711e+31,0.000000
7,-7,53,1.8409985e+31,0.000000
5,-1,27,1.8376766e+31,0.000000
5,1,21,1.8108166e+31,0.000000
8,-7,30,1.7940238e+31,0.000000
5,4,2,1.7936711e+31,0.000000
5,5,-3,1.7871347e+31,0.000000
5,4,11,1.7814316e+31,0.000000
5,4,3,1.7386358e+31,0.000000
5,2,19,1.7306953e+31,0.000000
7,-3,20,1.7202673e+31,0.000000
8,-6,-1,1.7081323e+31,0.000000
2,1,30,1.702524e+31,0.000000
4,1,-1,1.692675e+31,0.000000
5,4,12,1.6860599e+31,0.000000
8,-8,29,1.680761e+31,0.000000
6,-5,-4,1.6695244e+31,0.000000
6,1,7,1.6595596e+31,0.000000
4,0,-26,1.6368016e+31,0.000000
4,0,26,1.6368016e+31,0.000000
5,-2,-4,1.6317856e+31,0.000000
5,1,-12,1.6295582e+31,0.000000
3,-3,-23,1.6213876e+31,0.000000
4,-1,32,1.6129683e+31,0.000000
8,-6,35,1.6120793e+31,0.000000
6,1,8,1.6115319e+31,0.000000
6,3,2,1.6003087e+31,0.000000
8,-4,20,1.5857551e+31,0.000000
6,3,3,1.5828634e+31,0.000000
5,4,13,1.5815881e+31,0.000000
2,-1,-33,1.5804853e+31,0.000000
9,-7,21,1.5780386e+31,0.000000
7,-6,50,1.5734503e+31,0.000000
4,2,26,1.5730866e+31,0.000000
8,-7,31,1.5624044e+31,0.000000
6,0,-1,1.5605382e+31,0.000000
6,0,1,1.5605382e+31,0.000000
9,-9,17,1.5601414e+31,0.000000
3,3,-7,1.5531829e+31,0.000000
5,-4,-4,1.5428602e+31,0.000000
9,-5,3,1.5252235e+31,0.000000
6,1,6,1.5230091e+31,0.000000
9,-6,15,1.5227672e+31,0.000000
9,-9,10,1.5191187e+31,0.000000
9,-5,10,1.5024298e+31,0.000000
8,-8,4,1.4977782e+31,0.000000
2,2,37,1.4837958e+31,0.000000
7,-7,54,1.4794687e+31,0.000000
6,-2,21,1.4666456e+31,0.000000
5,4,14,1.463609e+31,0.000000
6,4,1,1.4599356e+31,0.000000
4,4,28,1.4479716e+31,0.000000
4,2,-11,1.4435409e+31,0.000000
6,-3,36,1.4412407e+31,0.000000
6,1,9,1.4400765e+31,0.000000
3,-1,-31,1.4377533e+31,0.000000
4,3,29,1.4308903e+31,0.000000
3,2,-8,1.4226293e+31,0.000000
2,-1,39,1.4179558e+31,0.000000
8,-8,30,1.4077588e+31,0.000000
9,-6,5,1.40422e+31,0.000000
7,-5,39,1.403825e+31,0.000000
8,-5,24,1.3966155e+31,0.000000
5,3,14,1.3953982e+31,0.000000
3,2,33,1.3931717e+31,0.000000
3,0,-32,1.3899249e+31,0.000000
3,0,32,1.3899249e+31,0.000000
6,-4,34,1.3889802e+31,0.000000
3,-1,41,1.3697633e+31,0.000000
8,-7,32,1.3685503e+31,0.000000
3,1,-23,1.3670071e+31,0.000000
4,-2,-20,1.3576599e+31,0.000000
5,-2,-8,1.3469234e+31,0.000000
4,-1,-24,1.3440738e+31,0.000000
5,-3,44,1.343951e+31,0.000000
6,-1,18,1.3415036e+31,0.000000
8,-3,6,1.3365635e+31,0.000000
5,4,15,1.3325145e+31,0.000000
4,-1,33,1.3247089e+31,0.000000
10,-7,11,1.3220263e+31,0.000000
3,3,35,1.3068919e+31,0.000000
10,-8,9,1.2873692e+31,0.000000
9,-7,4,1.283526e+31,0.000000
10,-9,12,1.2759055e+31,0.000000
9,-8,17,1.2749829e+31,0.000000
2,2,-13,1.2694621e+31,0.000000
6,3,4,1.2650371e+31,0.000000
4,3,-3,1.2442253e+31,0.000000
5,1,-13,1.2412541e+31,0.000000
10,-8,14,1.2340962e+31,0.000000
7,-6,51,1.2326752e+31,0.000000
9,-7,22,1.2268469e+31,0.000000
5,-2,33,1.2156784e+31,0.000000
8,-6,36,1.2096365e+31,0.000000
6,1,10,1.2071781e+31,0.000000
5,-1,-20,1.2038743e+31,0.000000
8,-7,33,1.203689e+31,0.000000
4,1,-17,1.2009397e+31,0.000000
5,4,16,1.1920983e+31,0.000000
8,-8,31,1.1877949e+31,0.000000
7,-7,55,1.1854164e+31,0.000000
5,2,20,1.1838928e+31,0.000000
6,1,5,1.1796888e+31,0.000000
7,-1,7,1.1733109e+31,0.000000
8,-4,21,1.1691295e+31,0.000000
6,0,-14,1.1177478e+31,0.000000
6,0,14,1.1177478e+31,0.000000
2,0,-36,1.1059425e+31,0.000000
2,0,36,1.1059425e+31,0.000000
6,3,-1,1.105531e+31,0.000000
4,-3,-14,1.1000002e+31,0.000000
4,0,-27,1.096143e+31,0.000000
4,0,27,1.096143e+31,0.000000
6,-2,22,1.0830719e+31,0.000000
4,4,29,1.0696824e+31,0.000000
3,1,26,1.0660344e+31,0.000000
8,-7,34,1.0613072e+31,0.000000
9,-6,16,1.0607655e+31,0.000000
4,-1,34,1.0568438e+31,0.000000
5,4,17,1.0478506e+31,0.000000
6,4,4,1.047069e+31,0.000000
4,-4,-13,1.0403573e+31,0.000000
6,4,5,1.027915e+31,0.000000
5,5,-1,1.0262631e+31,0.000000
6,4,2,1.0208625e+31,0.000000
6,4,3,1.019021e+31,0.000000
7,1,3,1.0183797e+31,0.000000
7,-4,24,1.0148453e+31,0.000000
8,-8,32,1.0105201e+31,0.000000
5,1,22,1.008275e+31,0.000000
4,3,30,9.8998972e+30,0.000000
8,-5,25,9.8904568e+30,0.000000
2,1,-23,9.8840561e+30,0.000000
6,-3,37,9.8817793e+30,0.000000
6,2,10,9.8556315e+30,0.000000
6,4,6,9.8442688e+30,0.000000
9,-9,18,9.7367351e+30,0.000000
9,-7,23,9.7282394e+30,0.000000
7,-6,52,9.63521e+30,0.000000
8,-7,3,9.6257731e+30,0.000000
6,1,11,9.6090068e+30,0.000000
10,-6,9,9.608471e+30,0.000000
3,-1,42,9.597004e+30,0.000000
7,1,1,9.5481252e+30,0.000000
7,-2,3,9.4840235e+30,0.000000
4,-2,41,9.4281901e+30,0.000000
7,-5,40,9.37037e+30,0.000000
4,2,27,9.3688512e+30,0.000000
8,-7,35,9.3663751e+30,0.000000
6,3,5,9.3579933e+30,0.000000
6,4,7,9.2628169e+30,0.000000
2,2,38,9.1603559e+30,0.000000
5,-1,28,9.0846726e+30,0.000000
5,4,18,9.0549908e+30,0.000000
8,-6,37,9.0348939e+30,0.000000
9,-5,11,9.0082328e+30,0.000000
7,1,4,8.9875879e+30,0.000000
4,1,22,8.9814448e+30,0.000000
5,1,-14,8.9717392e+30,0.000000
5,-3,-8,8.9224663e+30,0.000000
6,4,-1,8.9109034e+30,0.000000
6,1,3,8.8438676e+30,0.000000
5,-2,-9,8.8102614e+30,0.000000
2,-1,-34,8.7569807e+30,0.000000
5,0,-13,8.754278e+30,0.000000
5,0,13,8.754278e+30,0.000000
3,2,34,8.7203898e+30,0.000000
6,3,1,8.7169274e+30,0.000000
3,3,36,8.70684e+30,0.000000
8,-8,33,8.6782283e+30,0.000000
3,-3,-24,8.6212816e+30,0.000000
2,1,31,8.617364e+30,0.000000
3,0,-33,8.6163473e+30,0.000000
3,0,33,8.6163473e+30,0.000000
6,4,8,8.5099384e+30,0.000000
5,-3,45,8.5022686e+30,0.000000
8,-4,22,8.3968733e+30,0.000000
2,-2,-27,8.3153765e+30,0.000000
10,-7,8,8.3092511e+30,0.000000
8,-7,36,8.2624488e+30,0.000000
6,-1,19,8.2549923e+30,0.000000
9,-8,18,8.250856e+30,0.000000
4,-1,35,8.2375972e+30,0.000000
7,-3,21,8.1401901e+30,0.000000
7,-7,-3,8.0594879e+30,0.000000
5,2,21,7.9830942e+30,0.000000
4,4,30,7.8650713e+30,0.000000
9,-7,24,7.8490708e+30,0.000000
6,-2,23,7.8013043e+30,0.000000
4,-1,-25,7.7684224e+30,0.000000
8,-3,3,7.7240434e+30,0.000000
3,-1,-32,7.7222526e+30,0.000000
5,4,19,7.7001962e+30,0.000000
3,-2,-20,7.6730704e+30,0.000000
9,-6,17,7.6670828e+30,0.000000
6,4,9,7.5775052e+30,0.000000
6,1,4,7.5316213e+30,0.000000
8,-8,34,7.5297454e+30,0.000000
7,-6,53,7.5159105e+30,0.000000
5,-1,-21,7.4370603e+30,0.000000
6,1,12,7.3219654e+30,0.000000
8,-3,7,7.2911862e+30,0.000000
8,-7,37,7.2768885e+30,0.000000
4,0,-28,7.2510884e+30,0.000000
4,0,28,7.2510884e+30,0.000000
3,1,-24,7.2485535e+30,0.000000
10,-8,15,7.1758055e+30,0.000000
4,1,-18,7.1408156e+30,0.000000
5,-2,34,7.0969401e+30,0.000000
5,5,0,7.0719048e+30,0.000000
8,-5,26,6.8842559e+30,0.000000
4,3,31,6.8348203e+30,0.000000
5,5,1,6.8023083e+30,0.000000
4,2,-12,6.7544925e+30,0.000000
6,-3,38,6.7452445e+30,0.000000
8,-6,38,6.7204341e+30,0.000000
7,-6,-2,6.6519759e+30,0.000000
6,3,6,6.63752e+30,0.000000
3,-1,43,6.633643e+30,0.000000
8,-8,35,6.6024389e+30,0.000000
6,4,10,6.5134189e+30,0.000000
8,-8,3,6.5102271e+30,0.000000
5,4,20,6.45128e+30,0.000000
2,0,-37,6.4307677e+30,0.000000
2,0,37,6.4307677e+30,0.000000
9,-7,25,6.4274809e+30,0.000000
4,-3,-15,6.4248591e+30,0.000000
8,-7,38,6.3924864e+30,0.000000
3,2,-9,6.3748315e+30,0.000000
4,-1,36,6.3017787e+30,0.000000
7,-5,41,6.2525952e+30,0.000000
5,1,-15,6.2311553e+30,0.000000
5,5,2,6.2145953e+30,0.000000
9,-9,19,6.1922966e+30,0.000000
4,-2,-21,6.1472886e+30,0.000000
5,4,-1,6.1112199e+30,0.000000
10,-7,12,5.9859324e+30,0.000000
7,-4,25,5.9731601e+30,0.000000
8,-4,23,5.8771068e+30,0.000000
6,0,-15,5.8753923e+30,0.000000
6,0,15,5.8753923e+30,0.000000
6,-4,35,5.8748686e+30,0.000000
7,-6,54,5.8519741e+30,0.000000
8,-8,36,5.8475184e+30,0.000000
3,3,37,5.8021814e+30,0.000000
5,5,-2,5.7934394e+30,0.000000
4,4,31,5.7589131e+30,0.000000
9,-6,18,5.714698e+30,0.000000
9,-5,12,5.6772586e+30,0.000000
2,2,39,5.6614109e+30,0.000000
10,-9,13,5.6387351e+30,0.000000
7,-7,-4,5.6243518e+30,0.000000
7,1,5,5.6151612e+30,0.000000
8,-7,39,5.5970505e+30,0.000000
9,-8,8,5.5859917e+30,0.000000
5,3,15,5.5457968e+30,0.000000
4,2,28,5.5440029e+30,0.000000
5,1,23,5.5302741e+30,0.000000
9,-8,19,5.5188624e+30,0.000000
5,-2,-10,5.5053981e+30,0.000000
6,-2,24,5.5010018e+30,0.000000
3,2,35,5.4585633e+30,0.000000
10,-6,6,5.4306516e+30,0.000000
6,4,11,5.4004466e+30,0.000000
6,1,13,5.3712199e+30,0.000000
9,-9,9,5.3551023e+30,0.000000
5,-3,46,5.3411937e+30,0.000000
3,0,-34,5.3400276e+30,0.000000
3,0,34,5.3400276e+30,0.000000
5,4,21,5.3315152e+30,0.000000
9,-7,26,5.3271122e+30,0.000000
5,2,22,5.3141181e+30,0.000000
2,1,-24,5.2843695e+30,0.000000
8,-5,0,5.2300316e+30,0.000000
8,-8,37,5.2242278e+30,0.000000
9,-7,3,5.1905785e+30,0.000000
10,-10,14,5.1864494e+30,0.000000
2,2,-14,5.0682879e+30,0.000000
4,-4,-14,4.9982364e+30,0.000000
3,3,-8,4.9896055e+30,0.000000
8,-6,39,4.9805059e+30,0.000000
6,-1,20,4.9590784e+30,0.000000
5,5,3,4.9500224e+30,0.000000
8,-7,40,4.8817293e+30,0.000000
2,-1,-35,4.8618499e+30,0.000000
4,0,-29,4.749117e+30,0.000000
4,0,29,4.749117e+30,0.000000
4,-1,37,4.7483679e+30,0.000000
4,3,32,4.7100507e+30,0.000000
8,-5,27,4.705736e+30,0.000000
8,-8,38,4.6995167e+30,0.000000
5,0,-14,4.6461139e+30,0.000000
5,0,14,4.6461139e+30,0.000000
3,-3,-25,4.6136495e+30,0.000000
7,-1,8,4.607745e+30,0.000000
6,-3,39,4.5857123e+30,0.000000
8,-3,8,4.56378e+30,0.000000
7,-6,55,4.5490222e+30,0.000000
5,-1,-22,4.5486443e+30,0.000000
9,-4,6,4.5322094e+30,0.000000
3,-1,44,4.5261364e+30,0.000000
6,3,7,4.5172045e+30,0.000000
4,-1,-26,4.4795255e+30,0.000000
9,-7,27,4.455243e+30,0.000000
8,-2,2,4.4236106e+30,0.000000
7,-4,26,4.3693892e+30,0.000000
9,-6,19,4.3672369e+30,0.000000
5,-1,29,4.3644801e+30,0.000000
5,4,22,4.3514888e+30,0.000000
10,-8,16,4.3440339e+30,0.000000
5,5,6,4.3241662e+30,0.000000
6,4,12,4.3240195e+30,0.000000
10,-10,13,4.3204415e+30,0.000000
2,1,32,4.2967047e+30,0.000000
2,-2,-28,4.2930079e+30,0.000000
5,5,7,4.2647503e+30,0.000000
4,-2,42,4.2640988e+30,0.000000
5,5,4,4.2595781e+30,0.000000
8,-8,39,4.2475293e+30,0.000000
8,-7,41,4.2397768e+30,0.000000
4,1,-19,4.2134433e+30,0.000000
5,5,5,4.2118276e+30,0.000000
4,4,32,4.2012512e+30,0.000000
5,1,-16,4.1933488e+30,0.000000
7,-5,42,4.1724334e+30,0.000000
3,-1,-33,4.1443736e+30,0.000000
5,-2,35,4.1011196e+30,0.000000
9,-9,20,4.0610949e+30,0.000000
9,-4,5,4.0511723e+30,0.000000
6,2,11,4.0369762e+30,0.000000
8,-4,24,4.0103634e+30,0.000000
7,-2,2,3.993359e+30,0.000000
7,-4,29,3.9828056e+30,0.000000
5,5,8,3.9598455e+30,0.000000
7,-4,27,3.9481595e+30,0.000000
7,-4,28,3.9445057e+30,0.000000
7,-4,30,3.9137715e+30,0.000000
3,3,38,3.8675855e+30,0.000000
8,-8,40,3.8488436e+30,0.000000
3,1,-25,3.8444075e+30,0.000000
9,-8,20,3.8218134e+30,0.000000
6,-2,25,3.8089054e+30,0.000000
6,1,14,3.8088673e+30,0.000000
4,1,23,3.7609007e+30,0.000000
9,-7,28,3.7485087e+30,0.000000
4,-3,-16,3.7430058e+30,0.000000
2,0,-38,3.7386796e+30,0.000000
2,0,38,3.7386796e+30,0.000000
5,0,-15,3.7142107e+30,0.000000
5,0,15,3.7142107e+30,0.000000
7,-3,22,3.710763e+30,0.000000
7,-4,31,3.7078636e+30,0.000000
5,0,-16,3.6819261e+30,0.000000
5,0,16,3.6819261e+30,0.000000
8,-6,40,3.6790596e+30,0.000000
5,0,-17,3.6752405e+30,0.000000
5,0,17,3.6752405e+30,0.000000
8,-7,42,3.6656831e+30,0.000000
7,3,1,3.6608175e+30,0.000000
9,-5,13,3.6607648e+30,0.000000
7,1,2,3.6553522e+30,0.000000
3,1,27,3.5770798e+30,0.000000
4,-1,38,3.5339324e+30,0.000000
5,4,23,3.5115751e+30,0.000000
2,2,40,3.5021235e+30,0.000000
5,2,23,3.4964182e+30,0.000000
2,-1,40,3.492433e+30,0.000000
8,-8,41,3.4895196e+30,0.000000
5,5,9,3.4829449e+30,0.000000
8,-8,2,3.4805226e+30,0.000000
5,0,-18,3.4630015e+30,0.000000
5,0,18,3.4630015e+30,0.000000
3,2,36,3.4164771e+30,0.000000
9,-6,20,3.403459e+30,0.000000
7,-4,32,3.390084e+30,0.000000
6,4,13,3.350352e+30,0.000000
5,-3,47,3.3265892e+30,0.000000
5,-2,-11,3.3215479e+30,0.000000
3,0,-35,3.3086453e+30,0.000000
3,0,35,3.3086453e+30,0.000000
4,2,29,3.2599343e+30,0.000000
4,3,33,3.2407118e+30,0.000000
10,-7,13,3.2311986e+30,0.000000
7,-6,-3,3.1950128e+30,0.000000
9,-5,2,3.1917928e+30,0.000000
4,2,-13,3.1851419e+30,0.000000
7,-5,-4,3.1653849e+30,0.000000
9,-7,29,3.1637468e+30,0.000000
8,-8,42,3.1600649e+30,0.000000
8,-5,28,3.1561844e+30,0.000000
8,-7,43,3.154598e+30,0.000000
5,4,-3,3.1302374e+30,0.000000
6,-3,40,3.1061466e+30,0.000000
4,0,-30,3.0851826e+30,0.000000
4,0,30,3.0851826e+30,0.000000
9,-6,4,3.0818545e+30,0.000000
8,-3,9,3.0815233e+30,0.000000
7,-3,-2,3.0669951e+30,0.000000
5,0,-19,3.0661198e+30,0.000000
5,0,19,3.0661198e+30,0.000000
4,4,33,3.0549516e+30,0.000000
3,-1,45,3.048774e+30,0.000000
7,-4,33,3.0031393e+30,0.000000
5,1,24,2.9868018e+30,0.000000
10,-6,10,2.9739691e+30,0.000000
6,0,-16,2.9641223e+30,0.000000
6,0,16,2.9641223e+30,0.000000
5,5,10,2.9480324e+30,0.000000
6,3,8,2.9284914e+30,0.000000
2,-2,-29,2.9205792e+30,0.000000
3,-2,-21,2.9081811e+30,0.000000
6,-1,21,2.9077374e+30,0.000000
7,1,6,2.8854951e+30,0.000000
3,2,-10,2.8853379e+30,0.000000
8,-6,-3,2.8830985e+30,0.000000
8,-8,43,2.8544157e+30,0.000000
6,-1,-3,2.8491018e+30,0.000000
2,1,-25,2.831502e+30,0.000000
8,-4,-2,2.8110283e+30,0.000000
7,3,-1,2.8078398e+30,0.000000
5,4,24,2.804792e+30,0.000000
7,-5,43,2.7854196e+30,0.000000
9,-9,21,2.7598246e+30,0.000000
5,-1,-23,2.7590985e+30,0.000000
5,1,-17,2.7504594e+30,0.000000
9,-9,8,2.7431669e+30,0.000000
7,-2,4,2.74269e+30,0.000000
2,-1,45,2.7426619e+30,0.000000
4,-2,-22,2.7391624e+30,0.000000
9,-8,21,2.7340302e+30,0.000000
10,-8,17,2.717281e+30,0.000000
8,-6,-2,2.7142768e+30,0.000000
8,-6,41,2.7099602e+30,0.000000
2,-1,-36,2.7045704e+30,0.000000
10,-8,8,2.7024631e+30,0.000000
8,-7,44,2.7019778e+30,0.000000
9,-6,21,2.6912042e+30,0.000000
8,-7,2,2.6729509e+30,0.000000
9,-7,30,2.6717617e+30,0.000000
8,-4,25,2.6688795e+30,0.000000
2,-1,46,2.6505533e+30,0.000000
6,1,15,2.6190023e+30,0.000000
5,5,-4,2.6180419e+30,0.000000
4,-1,39,2.6035291e+30,0.000000
6,-2,26,2.5962366e+30,0.000000
7,-4,34,2.5887955e+30,0.000000
3,3,39,2.5787013e+30,0.000000
4,-1,-27,2.5775661e+30,0.000000
5,0,-20,2.5737334e+30,0.000000
5,0,20,2.5737334e+30,0.000000
8,-8,44,2.569009e+30,0.000000
2,-1,44,2.5358569e+30,0.000000
6,4,14,2.5182082e+30,0.000000
9,-8,7,2.4983001e+30,0.000000
3,-3,-26,2.4841326e+30,0.000000
4,1,-20,2.4690291e+30,0.000000
5,5,11,2.4507592e+30,0.000000
5,-3,-9,2.4405499e+30,0.000000
6,1,0,2.4385871e+30,0.000000
4,-4,-15,2.4109417e+30,0.000000
6,-4,36,2.409111e+30,0.000000
9,-5,14,2.3942719e+30,0.000000
2,-1,47,2.3704766e+30,0.000000
5,-2,36,2.3429693e+30,0.000000
10,-9,14,2.3284303e+30,0.000000
6,-1,-4,2.3137606e+30,0.000000
8,-7,45,2.3033933e+30,0.000000
8,-8,45,2.3019915e+30,0.000000
7,-1,9,2.2977564e+30,0.000000
5,2,24,2.2760735e+30,0.000000
7,-1,12,2.2583146e+30,0.000000
2,-2,-30,2.2563036e+30,0.000000
9,-7,31,2.2528859e+30,0.000000
7,-1,13,2.2277579e+30,0.000000
4,3,34,2.2267521e+30,0.000000
3,-1,-34,2.2213825e+30,0.000000
5,4,25,2.2194822e+30,0.000000
4,4,34,2.2150588e+30,0.000000
7,-4,35,2.1800919e+30,0.000000
4,-3,-17,2.1769351e+30,0.000000
2,0,-39,2.1734986e+30,0.000000
2,0,39,2.1734986e+30,0.000000
2,2,41,2.1680042e+30,0.000000
8,-3,10,2.1552979e+30,0.000000
9,-6,22,2.1492293e+30,0.000000
3,2,37,2.1377759e+30,0.000000
7,-1,11,2.1043356e+30,0.000000
2,1,33,2.101164e+30,0.000000
6,-3,41,2.0969107e+30,0.000000
8,-5,29,2.0751477e+30,0.000000
5,0,-21,2.0685766e+30,0.000000
5,0,21,2.0685766e+30,0.000000
7,3,2,2.0614932e+30,0.000000
8,-8,46,2.0525812e+30,0.000000
5,-3,48,2.0497925e+30,0.000000
3,0,-36,2.0493349e+30,0.000000
3,0,36,2.0493349e+30,0.000000
5,5,12,2.0471716e+30,0.000000
8,-3,2,2.0418132e+30,0.000000
3,1,-26,2.0398156e+30,0.000000
2,2,-15,2.039532e+30,0.000000
3,-1,46,2.0272141e+30,0.000000
7,-1,14,2.0264385e+30,0.000000
5,-1,30,2.0240203e+30,0.000000
9,-8,22,2.0133584e+30,0.000000
6,3,0,2.0106106e+30,0.000000
2,-1,48,2.0019066e+30,0.000000
8,-6,42,1.9912157e+30,0.000000
4,0,-31,1.990753e+30,0.000000
4,0,31,1.990753e+30,0.000000
5,3,16,1.9822706e+30,0.000000
2,-1,43,1.9694464e+30,0.000000
9,-4,7,1.9657172e+30,0.000000
8,-7,46,1.9544505e+30,0.000000
5,-2,-12,1.9467826e+30,0.000000
9,-9,22,1.9412863e+30,0.000000
7,-1,10,1.9273212e+30,0.000000
4,2,30,1.9046027e+30,0.000000
4,-1,40,1.9020154e+30,0.000000
9,-7,32,1.8937745e+30,0.000000
7,3,0,1.8833108e+30,0.000000
10,-7,14,1.8815119e+30,0.000000
8,-2,3,1.8721529e+30,0.000000
7,-5,44,1.8607542e+30,0.000000
6,4,15,1.8405612e+30,0.000000
9,-6,3,1.8331345e+30,0.000000
4,-2,43,1.8269864e+30,0.000000
8,-8,47,1.8205817e+30,0.000000
7,-4,36,1.7994973e+30,0.000000
6,3,9,1.7955162e+30,0.000000
3,3,-9,1.7887018e+30,0.000000
2,-2,-31,1.7689937e+30,0.000000
6,2,12,1.767742e+30,0.000000
7,-3,23,1.7675204e+30,0.000000
5,1,-18,1.7660491e+30,0.000000
10,-10,15,1.76537e+30,0.000000
10,-8,18,1.7610301e+30,0.000000
5,5,13,1.7544439e+30,0.000000
6,1,16,1.7503491e+30,0.000000
6,-2,27,1.7458102e+30,0.000000
5,4,26,1.7415373e+30,0.000000
8,-4,26,1.732498e+30,0.000000
9,-6,23,1.7263626e+30,0.000000
7,-1,15,1.7229082e+30,0.000000
9,-5,1,1.7224379e+30,0.000000
3,3,40,1.7197115e+30,0.000000
8,-3,1,1.6878914e+30,0.000000
10,-6,5,1.675418e+30,0.000000
4,-3,-4,1.6724725e+30,0.000000
6,-1,22,1.6630426e+30,0.000000
5,-1,-24,1.6621158e+30,0.000000
8,-7,47,1.6507804e+30,0.000000
10,-9,11,1.6434601e+30,0.000000
9,-4,4,1.6355183e+30,0.000000
2,-1,49,1.6159359e+30,0.000000
8,-8,48,1.6060345e+30,0.000000
5,0,-22,1.6052323e+30,0.000000
5,0,22,1.6052323e+30,0.000000
4,4,35,1.6020357e+30,0.000000
9,-5,15,1.5944844e+30,0.000000
5,1,25,1.5869459e+30,0.000000
9,-7,33,1.5851253e+30,0.000000
5,5,14,1.5618094e+30,0.000000
6,4,-3,1.5445482e+30,0.000000
4,3,35,1.528296e+30,0.000000
9,-8,23,1.5210939e+30,0.000000
8,-3,11,1.5210351e+30,0.000000
2,1,-26,1.5208954e+30,0.000000
2,-1,-37,1.50745e+30,0.000000
4,2,-14,1.507381e+30,0.000000
4,1,24,1.506956e+30,0.000000
4,-1,-28,1.480136e+30,0.000000
5,2,25,1.4671502e+30,0.000000
8,-6,43,1.4600293e+30,0.000000
7,-4,37,1.4599325e+30,0.000000
8,-7,1,1.4582942e+30,0.000000
5,5,15,1.4438153e+30,0.000000
7,-7,-5,1.4432583e+30,0.000000
4,1,-21,1.4380238e+30,0.000000
10,-7,7,1.4322606e+30,0.000000
6,0,-17,1.4287827e+30,0.000000
6,0,17,1.4287827e+30,0.000000
8,-8,1,1.415583e+30,0.000000
6,-3,42,1.4112176e+30,0.000000
8,-8,49,1.4089866e+30,0.000000
9,-9,23,1.4074212e+30,0.000000
9,-7,2,1.3921777e+30,0.000000
9,-6,24,1.3896891e+30,0.000000
8,-7,48,1.3880715e+30,0.000000
7,-1,16,1.3857911e+30,0.000000
4,-1,41,1.3797802e+30,0.000000
5,5,16,1.3714343e+30,0.000000
6,2,16,1.3641705e+30,0.000000
5,4,27,1.3560758e+30,0.000000
2,-2,-32,1.3527399e+30,0.000000
3,-3,-27,1.3453546e+30,0.000000
2,2,42,1.3429298e+30,0.000000
3,2,38,1.3370081e+30,0.000000
8,-5,30,1.3359185e+30,0.000000
3,-1,47,1.3304025e+30,0.000000
5,-2,37,1.3210399e+30,0.000000
9,-7,34,1.3201182e+30,0.000000
10,-9,15,1.3196025e+30,0.000000
5,5,17,1.3192815e+30,0.000000
9,-8,6,1.3174636e+30,0.000000
9,-9,7,1.3167391e+30,0.000000
10,-6,11,1.3155078e+30,0.000000
3,2,-11,1.3119719e+30,0.000000
6,2,17,1.3114448e+30,0.000000
6,4,16,1.31117e+30,0.000000
6,2,15,1.3065432e+30,0.000000
9,-3,4,1.2816597e+30,0.000000
4,0,-32,1.2772976e+30,0.000000
4,0,32,1.2772976e+30,0.000000
5,5,18,1.2690094e+30,0.000000
3,0,-37,1.2687475e+30,0.000000
3,0,37,1.2687475e+30,0.000000
7,1,7,1.2667618e+30,0.000000
4,-3,-18,1.26491e+30,0.000000
2,0,-40,1.2640011e+30,0.000000
2,0,40,1.2640011e+30,0.000000
2,-1,50,1.2560616e+30,0.000000
5,-3,49,1.2462757e+30,0.000000
7,-5,45,1.2441864e+30,0.000000
8,-2,1,1.239303e+30,0.000000
8,-8,50,1.2293521e+30,0.000000
5,0,-23,1.2107204e+30,0.000000
5,0,23,1.2107204e+30,0.000000
5,5,19,1.2098465e+30,0.000000
8,-2,4,1.2079943e+30,0.000000
2,-1,42,1.1971336e+30,0.000000
4,-2,-23,1.1963219e+30,0.000000
5,3,-3,1.1927554e+30,0.000000
3,-1,-35,1.1885797e+30,0.000000
10,-8,19,1.1834527e+30,0.000000
3,-2,-22,1.1827732e+30,0.000000
9,-8,24,1.1757846e+30,0.000000
6,2,14,1.1753264e+30,0.000000
6,2,18,1.174118e+30,0.000000
4,-4,-16,1.1680899e+30,0.000000
7,-4,38,1.1668723e+30,0.000000
6,1,-3,1.1662077e+30,0.000000
8,-7,49,1.1621192e+30,0.000000
6,2,13,1.1618876e+30,0.000000
6,-2,28,1.1601974e+30,0.000000
4,4,36,1.156132e+30,0.000000
10,-7,15,1.1481441e+30,0.000000
3,3,41,1.1470193e+30,0.000000
6,1,17,1.1390968e+30,0.000000
5,5,20,1.1374593e+30,0.000000
9,-6,25,1.1176213e+30,0.000000
5,1,-19,1.1138978e+30,0.000000
5,-2,-13,1.11263e+30,0.000000
4,2,31,1.105304e+30,0.000000
5,2,-4,1.1024052e+30,0.000000
9,-4,8,1.0994178e+30,0.000000
8,-4,27,1.0969066e+30,0.000000
9,-5,16,1.0965388e+30,0.000000
3,1,28,1.0959348e+30,0.000000
9,-7,35,1.0934007e+30,0.000000
3,1,-27,1.0828828e+30,0.000000
7,-2,5,1.0739011e+30,0.000000
5,2,-5,1.073336e+30,0.000000
8,-6,44,1.0686714e+30,0.000000
8,-8,51,1.0668431e+30,0.000000
8,-3,12,1.0653638e+30,0.000000
7,-1,17,1.0643615e+30,0.000000
6,-1,-5,1.0573686e+30,0.000000
5,5,21,1.0521231e+30,0.000000
5,4,28,1.0486016e+30,0.000000
4,3,36,1.0479072e+30,0.000000
5,-3,-10,1.0467505e+30,0.000000
9,-9,24,1.0465449e+30,0.000000
7,-3,24,1.046486e+30,0.000000
9,-5,0,1.0424591e+30,0.000000
6,-4,37,1.0410756e+30,0.000000
6,3,10,1.036312e+30,0.000000
8,-5,-1,1.0191563e+30,0.000000
2,-2,-33,1.0030868e+30,0.000000
2,1,34,1.0016043e+30,0.000000
5,-1,-25,9.9552139e+29,0.000000
4,-1,42,9.9498358e+29,0.000000
6,2,19,9.926604e+29,0.000000
2,-1,41,9.721662e+29,0.000000
8,-7,50,9.6888108e+29,0.000000
8,-2,5,9.5799402e+29,0.000000
5,5,22,9.5686784e+29,0.000000
6,-3,43,9.4700267e+29,0.000000
2,-1,51,9.4451364e+29,0.000000
5,2,26,9.3705848e+29,0.000000
7,3,3,9.3579348e+29,0.000000
10,-10,16,9.3455808e+29,0.000000
9,-8,25,9.2786842e+29,0.000000
6,-1,23,9.2669042e+29,0.000000
8,-8,52,9.2095053e+29,0.000000
7,-4,39,9.2058267e+29,0.000000
6,4,17,9.1223987e+29,0.000000
9,-7,36,9.0047225e+29,0.000000
5,-1,31,8.9749643e+29,0.000000
9,-6,26,8.9568767e+29,0.000000
9,-6,2,8.9521091e+29,0.000000
5,0,-24,8.9218989e+29,0.000000
5,0,24,8.9218989e+29,0.000000
9,-4,3,8.8239072e+29,0.000000
3,-1,48,8.6185164e+29,0.000000
5,5,23,8.5594602e+29,0.000000
10,-8,7,8.5357397e+29,0.000000
7,-3,25,8.527618e+29,0.000000
4,-1,-29,8.4818308e+29,0.000000
7,-3,27,8.4251306e+29,0.000000
2,-1,-38,8.4193112e+29,0.000000
8,-5,31,8.4083317e+29,0.000000
7,-3,26,8.3638078e+29,0.000000
3,2,39,8.3555991e+29,0.000000
4,1,-22,8.3311284e+29,0.000000
7,-5,46,8.3282592e+29,0.000000
4,4,37,8.3271255e+29,0.000000
5,-3,-11,8.3271073e+29,0.000000
2,2,43,8.3229988e+29,0.000000
5,1,26,8.2821736e+29,0.000000
10,-8,20,8.2296757e+29,0.000000
2,2,-16,8.2291502e+29,0.000000
2,1,-27,8.1904381e+29,0.000000
7,-3,28,8.178018e+29,0.000000
4,0,-33,8.1556865e+29,0.000000
4,0,33,8.1556865e+29,0.000000
10,-9,16,8.1552338e+29,0.000000
5,4,29,8.057242e+29,0.000000
8,-7,51,8.045256e+29,0.000000
6,2,20,8.0165209e+29,0.000000
9,-9,25,7.9515116e+29,0.000000
9,-5,17,7.9435841e+29,0.000000
8,-8,53,7.909582e+29,0.000000
7,-1,18,7.8617237e+29,0.000000
8,-2,6,7.8567605e+29,0.000000
3,0,-38,7.8497716e+29,0.000000
3,0,38,7.8497716e+29,0.000000
8,-6,45,7.8110822e+29,0.000000
5,-3,-12,7.7717082e+29,0.000000
3,3,42,7.6506676e+29,0.000000
4,-2,44,7.6491545e+29,0.000000
6,-2,29,7.6312585e+29,0.000000
7,-3,29,7.5576682e+29,0.000000
5,5,24,7.5374382e+29,0.000000
9,-8,26,7.4601509e+29,0.000000
5,-3,50,7.4520748e+29,0.000000
5,2,-6,7.4254473e+29,0.000000
9,-3,3,7.3748922e+29,0.000000
9,-7,37,7.3734219e+29,0.000000
2,0,-41,7.3586132e+29,0.000000
2,0,41,7.3586132e+29,0.000000
4,-3,-19,7.3474699e+29,0.000000
5,-2,38,7.3339017e+29,0.000000
3,-3,-28,7.3266864e+29,0.000000
8,-3,13,7.3255983e+29,0.000000
5,3,17,7.3181865e+29,0.000000
6,2,-4,7.313074e+29,0.000000
10,-7,16,7.3081062e+29,0.000000
2,-2,-34,7.2500714e+29,0.000000
6,1,18,7.2284414e+29,0.000000
7,-4,40,7.1805979e+29,0.000000
4,3,37,7.1792989e+29,0.000000
9,-6,27,7.1389128e+29,0.000000
4,-1,43,7.1381809e+29,0.000000
4,2,-15,7.1341678e+29,0.000000
10,-6,12,7.0827249e+29,0.000000
7,-6,-4,7.0633399e+29,0.000000
3,3,-10,6.982305e+29,0.000000
10,-10,12,6.9718779e+29,0.000000
9,-4,9,6.928775e+29,0.000000
5,1,-20,6.9207125e+29,0.000000
7,3,8,6.8997282e+29,0.000000
2,-1,52,6.8910522e+29,0.000000
5,-3,-13,6.8187901e+29,0.000000
8,-4,28,6.7705375e+29,0.000000
8,-8,54,6.7597545e+29,0.000000
7,3,7,6.7414445e+29,0.000000
7,-3,30,6.6743934e+29,0.000000
8,-7,52,6.6547382e+29,0.000000
5,5,25,6.5411734e+29,0.000000
6,0,-18,6.5369691e+29,0.000000
6,0,18,6.5369691e+29,0.000000
7,3,9,6.4799513e+29,0.000000
5,0,-25,6.4501721e+29,0.000000
5,0,25,6.4501721e+29,0.000000
6,1,-4,6.447489e+29,0.000000
10,-5,6,6.3911507e+29,0.000000
4,2,32,6.3680981e+29,0.000000
3,-1,-36,6.3456295e+29,0.000000
6,-3,44,6.3373609e+29,0.000000
8,-2,7,6.3331618e+29,0.000000
5,3,21,6.2976611e+29,0.000000
6,2,21,6.2385082e+29,0.000000
5,-2,-14,6.2152989e+29,0.000000
6,3,-2,6.2128674e+29,0.000000
6,4,18,6.2097414e+29,0.000000
9,-9,26,6.1612204e+29,0.000000
9,-5,18,6.159205e+29,0.000000
5,4,30,6.1554257e+29,0.000000
4,1,25,6.139943e+29,0.000000
5,3,22,6.1300827e+29,0.000000
9,-8,27,6.0977473e+29,0.000000
7,3,6,6.0637053e+29,0.000000
8,-5,-2,6.0040718e+29,0.000000
9,-7,38,6.0036107e+29,0.000000
5,3,-5,6.0024286e+29,0.000000
4,4,38,5.9877977e+29,0.000000
3,2,-12,5.9620375e+29,0.000000
9,-7,1,5.9614913e+29,0.000000
6,-2,-4,5.9384355e+29,0.000000
5,-1,-26,5.9336175e+29,0.000000
5,2,27,5.9329543e+29,0.000000
3,-2,-23,5.9283085e+29,0.000000
10,-8,21,5.9022977e+29,0.000000
5,3,20,5.8734408e+29,0.000000
3,1,-28,5.751807e+29,0.000000
8,-8,55,5.749799e+29,0.000000
7,-1,-6,5.7370833e+29,0.000000
6,-4,38,5.7320965e+29,0.000000
8,-6,46,5.7029798e+29,0.000000
10,-10,17,5.6975236e+29,0.000000
10,-4,5,5.6960395e+29,0.000000
4,-4,-17,5.6858991e+29,0.000000
7,-3,31,5.6715569e+29,0.000000
7,3,4,5.6579053e+29,0.000000
7,-1,-5,5.6524535e+29,0.000000
9,-6,28,5.6502602e+29,0.000000
6,3,11,5.6496e+29,0.000000
7,3,10,5.6356346e+29,0.000000
6,-4,-4,5.6351471e+29,0.000000
7,-1,19,5.6152475e+29,0.000000
5,5,26,5.6006971e+29,0.000000
7,-5,47,5.5813714e+29,0.000000
7,-4,41,5.5452754e+29,0.000000
5,3,23,5.5333272e+29,0.000000
5,-2,-2,5.5287359e+29,0.000000
3,-1,49,5.5169282e+29,0.000000
5,-3,-14,5.510299e+29,0.000000
8,-7,53,5.4842554e+29,0.000000
7,2,3,5.3466454e+29,0.000000
7,3,5,5.3311722e+29,0.000000
3,2,40,5.2162188e+29,0.000000
4,0,-34,5.1853885e+29,0.000000
4,0,34,5.1853885e+29,0.000000
8,-5,32,5.1644408e+29,0.000000
2,2,44,5.1611872e+29,0.000000
2,-2,-35,5.150409e+29,0.000000
9,-5,19,5.1166803e+29,0.000000
3,3,43,5.1024666e+29,0.000000
4,-1,44,5.0978247e+29,0.000000
4,-2,-24,5.0926003e+29,0.000000
8,-8,0,5.0873591e+29,0.000000
10,-9,17,5.0799428e+29,0.000000
7,-2,6,5.062671e+29,0.000000
9,-8,28,5.0552447e+29,0.000000
6,-1,24,5.0217316e+29,0.000000
7,1,8,5.0141566e+29,0.000000
5,3,19,4.9773251e+29,0.000000
6,-2,30,4.9742737e+29,0.000000
9,-8,5,4.9347326e+29,0.000000
8,-2,8,4.9210093e+29,0.000000
4,3,38,4.9151616e+29,0.000000
8,-3,14,4.9061621e+29,0.000000
2,-1,53,4.888639e+29,0.000000
9,-9,6,4.873938e+29,0.000000
8,-7,0,4.8676794e+29,0.000000
9,-9,27,4.866738e+29,0.000000
9,-7,39,4.8615413e+29,0.000000
3,0,-39,4.8524223e+29,0.000000
3,0,39,4.8524223e+29,0.000000
4,-1,-30,4.8495557e+29,0.000000
10,-7,17,4.8462088e+29,0.000000
4,1,-23,4.8046975e+29,0.000000
5,5,27,4.7366834e+29,0.000000
9,-4,10,4.7172009e+29,0.000000
5,3,24,4.7161513e+29,0.000000
2,-1,-39,4.7129757e+29,0.000000
6,2,22,4.7096962e+29,0.000000
7,2,4,4.6876356e+29,0.000000
5,4,31,4.6778651e+29,0.000000
10,-8,6,4.6689585e+29,0.000000
7,-3,32,4.667656e+29,0.000000
5,2,-7,4.6461871e+29,0.000000
2,1,35,4.6137829e+29,0.000000
5,0,-26,4.5900352e+29,0.000000
5,0,26,4.5900352e+29,0.000000
7,3,11,4.5830374e+29,0.000000
5,3,18,4.5356924e+29,0.000000
8,-7,54,4.5037622e+29,0.000000
6,-4,39,4.4966852e+29,0.000000
9,-5,20,4.4815879e+29,0.000000
6,1,19,4.4770392e+29,0.000000
9,-6,29,4.4361262e+29,0.000000
2,1,-28,4.4226139e+29,0.000000
5,-3,51,4.3651285e+29,0.000000
6,-1,-11,4.3519282e+29,0.000000
10,-8,22,4.3508026e+29,0.000000
10,-6,13,4.3125556e+29,0.000000
6,-4,40,4.3084609e+29,0.000000
4,4,39,4.2994558e+29,0.000000
2,0,-42,4.2937548e+29,0.000000
2,0,42,4.2937548e+29,0.000000
10,-6,4,4.2879184e+29,0.000000
4,-3,-20,4.2688905e+29,0.000000
6,-1,-10,4.2627058e+29,0.000000
6,-4,41,4.25393e+29,0.000000
5,1,-21,4.2456186e+29,0.000000
7,-4,42,4.2449808e+29,0.000000
9,-8,29,4.241056e+29,0.000000
5,1,27,4.2358207e+29,0.000000
6,-3,45,4.2294722e+29,0.000000
7,-1,-7,4.2193382e+29,0.000000
5,-3,-15,4.1673346e+29,0.000000
8,-6,47,4.1605394e+29,0.000000
6,4,19,4.1419113e+29,0.000000
8,-4,29,4.0706399e+29,0.000000
6,-4,42,4.0661833e+29,0.000000
9,-5,21,4.0393265e+29,0.000000
6,-1,-12,4.0379613e+29,0.000000
3,-3,-29,4.0111686e+29,0.000000
5,-2,39,3.9961869e+29,0.000000
6,-1,-6,3.9837265e+29,0.000000
5,5,28,3.9611068e+29,0.000000
3,-2,-24,3.9233153e+29,0.000000
9,-9,28,3.9191725e+29,0.000000
9,-7,40,3.916071e+29,0.000000
7,-1,20,3.8952195e+29,0.000000
5,3,25,3.8455847e+29,0.000000
9,-4,2,3.8332407e+29,0.000000
7,2,2,3.7985055e+29,0.000000
5,-1,32,3.7566186e+29,0.000000
3,1,29,3.74738e+29,0.000000
7,-5,48,3.7450831e+29,0.000000
7,-3,33,3.740956e+29,0.000000
6,-4,43,3.7282476e+29,0.000000
5,2,28,3.7250344e+29,0.000000
7,2,0,3.6947887e+29,0.000000
8,-7,55,3.6862184e+29,0.000000
6,-1,-9,3.6772038e+29,0.000000
9,-5,22,3.6641151e+29,0.000000
8,-2,9,3.6540365e+29,0.000000
4,2,33,3.6394485e+29,0.000000
4,-2,45,3.6377347e+29,0.000000
2,-2,-36,3.6297426e+29,0.000000
4,-1,45,3.6256267e+29,0.000000
6,-2,-8,3.607224e+29,0.000000
9,-8,30,3.593396e+29,0.000000
10,-5,7,3.5890972e+29,0.000000
9,-3,5,3.567646e+29,0.000000
10,-10,18,3.5535519e+29,0.000000
5,4,32,3.5379867e+29,0.000000
5,-1,-27,3.5217892e+29,0.000000
6,-2,-7,3.5192684e+29,0.000000
7,3,12,3.5122598e+29,0.000000
8,-6,-4,3.5012775e+29,0.000000
3,-1,50,3.5003689e+29,0.000000
7,2,5,3.4877947e+29,0.000000
6,-1,-13,3.4862592e+29,0.000000
6,2,23,3.4670639e+29,0.000000
9,-6,30,3.4524944e+29,0.000000
9,-4,11,3.4192298e+29,0.000000
3,3,44,3.4020293e+29,0.000000
5,-2,-15,3.3984405e+29,0.000000
7,1,-5,3.3922595e+29,0.000000
2,-1,54,3.3810119e+29,0.000000
3,-1,-37,3.3790098e+29,0.000000
4,2,-16,3.3665368e+29,0.000000
4,3,39,3.3630338e+29,0.000000
10,-7,18,3.33821e+29,0.000000
4,-2,50,3.3371999e+29,0.000000
2,2,-17,3.3137151e+29,0.000000
6,-4,44,3.2974041e+29,0.000000
9,-5,23,3.2935644e+29,0.000000
10,-8,23,3.2856223e+29,0.000000
4,0,-35,3.2842119e+29,0.000000
4,0,35,3.2842119e+29,0.000000
5,5,29,3.2786693e+29,0.000000
4,-2,51,3.2736064e+29,0.000000
3,2,41,3.2517183e+29,0.000000
4,-2,49,3.2301e+29,0.000000
7,-4,43,3.2246351e+29,0.000000
5,0,-27,3.2236108e+29,0.000000
5,0,27,3.2236108e+29,0.000000
6,-2,31,3.2164697e+29,0.000000
9,-9,29,3.2156775e+29,0.000000
2,2,45,3.2028293e+29,0.000000
8,-3,15,3.1804917e+29,0.000000
10,-9,18,3.1539031e+29,0.000000
9,-7,0,3.1482213e+29,0.000000
9,-7,41,3.1387295e+29,0.000000
3,-2,-25,3.092887e+29,0.000000
8,-5,33,3.0883756e+29,0.000000
4,4,40,3.0833984e+29,0.000000
4,-2,52,3.077317e+29,0.000000
9,-8,31,3.0703627e+29,0.000000
3,1,-29,3.056478e+29,0.000000
4,1,26,3.0370185e+29,0.000000
8,-6,48,3.0337694e+29,0.000000
5,3,26,3.0281798e+29,0.000000
6,-2,-9,3.0067058e+29,0.000000
5,-3,-16,2.9980432e+29,0.000000
3,0,-40,2.9961623e+29,0.000000
3,0,40,2.9961623e+29,0.000000
6,3,12,2.9935709e+29,0.000000
8,-3,0,2.986854e+29,0.000000
7,-4,-3,2.984217e+29,0.000000
4,-2,48,2.9540211e+29,0.000000
7,1,-6,2.9389667e+29,0.000000
7,-3,34,2.932805e+29,0.000000
3,1,32,2.9213066e+29,0.000000
3,3,-11,2.9101169e+29,0.000000
9,-5,24,2.9072338e+29,0.000000
3,1,33,2.8982205e+29,0.000000
6,-1,-14,2.846287e+29,0.000000
10,-6,14,2.84039e+29,0.000000
6,-4,45,2.8356892e+29,0.000000
6,-3,46,2.8148838e+29,0.000000
6,0,-19,2.8141194e+29,0.000000
6,0,19,2.8141194e+29,0.000000
8,-8,-1,2.8059027e+29,0.000000
4,-2,53,2.7946996e+29,0.000000
5,2,-8,2.7870411e+29,0.000000
4,-4,-18,2.7811192e+29,0.000000
4,-1,-31,2.76574e+29,0.000000
6,-1,-8,2.7648029e+29,0.000000
4,1,-24,2.7602312e+29,0.000000
7,1,13,2.7229115e+29,0.000000
6,4,20,2.7102704e+29,0.000000
6,1,20,2.7078207e+29,0.000000
3,2,-13,2.6942499e+29,0.000000
5,5,30,2.6884948e+29,0.000000
10,-7,6,2.6832126e+29,0.000000
9,-9,30,2.683107e+29,0.000000
3,1,31,2.6665841e+29,0.000000
5,4,33,2.6641965e+29,0.000000
9,-6,31,2.6623841e+29,0.000000
2,-1,-40,2.6452213e+29,0.000000
9,-8,32,2.6431253e+29,0.000000
6,-1,25,2.6396495e+29,0.000000
7,1,12,2.6380712e+29,0.000000
3,1,34,2.6353254e+29,0.000000
7,-1,21,2.6334842e+29,0.000000
10,-9,10,2.6212403e+29,0.000000
4,-2,47,2.6167462e+29,0.000000
7,-1,-8,2.6109593e+29,0.000000
9,-4,12,2.6043442e+29,0.000000
7,-2,7,2.5946073e+29,0.000000
8,-2,10,2.5853326e+29,0.000000
5,1,-22,2.5768222e+29,0.000000
4,-1,46,2.5685012e+29,0.000000
4,-2,46,2.5646289e+29,0.000000
2,-2,-37,2.5626682e+29,0.000000
3,-2,-26,2.5540585e+29,0.000000
7,1,14,2.5534735e+29,0.000000
7,3,13,2.5510719e+29,0.000000
10,-8,24,2.5342472e+29,0.000000
10,-4,6,2.5260038e+29,0.000000
7,-5,49,2.5159539e+29,0.000000
2,0,-43,2.5159309e+29,0.000000
2,0,43,2.5159309e+29,0.000000
9,-5,25,2.5090489e+29,0.000000
9,-7,42,2.5038241e+29,0.000000
6,2,24,2.498826e+29,0.000000
5,-3,52,2.494316e+29,0.000000
4,-3,-21,2.4819273e+29,0.000000
4,-2,54,2.4671892e+29,0.000000
3,1,30,2.4587612e+29,0.000000
10,-8,5,2.4563274e+29,0.000000
10,-5,5,2.4368248e+29,0.000000
7,-4,44,2.4330472e+29,0.000000
6,1,-5,2.4012578e+29,0.000000
2,1,-29,2.3945686e+29,0.000000
6,-4,46,2.3882803e+29,0.000000
7,0,-6,2.3815541e+29,0.000000
7,0,6,2.3815541e+29,0.000000
8,-4,30,2.3809395e+29,0.000000
10,-7,19,2.3791872e+29,0.000000
7,2,6,2.3762154e+29,0.000000
7,1,9,2.3340364e+29,0.000000
5,2,29,2.3196606e+29,0.000000
5,3,27,2.3184957e+29,0.000000
4,3,40,2.2998058e+29,0.000000
7,1,11,2.2997222e+29,0.000000
9,-8,33,2.291285e+29,0.000000
2,-1,55,2.2910575e+29,0.000000
6,-1,-7,2.2843916e+29,0.000000
7,0,-7,2.273052e+29,0.000000
7,0,7,2.273052e+29,0.000000
9,-9,31,2.269512e+29,0.000000
3,3,45,2.2671734e+29,0.000000
7,-3,35,2.2571322e+29,0.000000
3,1,35,2.2452465e+29,0.000000
5,0,-28,2.2391617e+29,0.000000
5,0,28,2.2391617e+29,0.000000
6,-2,-10,2.2364784e+29,0.000000
6,-1,-15,2.2222791e+29,0.000000
7,1,15,2.2174719e+29,0.000000
3,-1,51,2.2169944e+29,0.000000
8,-6,49,2.2116817e+29,0.000000
4,4,41,2.2089984e+29,0.000000
3,-3,-30,2.2070625e+29,0.000000
10,-10,19,2.200628e+29,0.000000
5,5,31,2.1857813e+29,0.000000
4,1,27,2.174466e+29,0.000000
5,-2,40,2.1279952e+29,0.000000
7,-1,-4,2.1274145e+29,0.000000
4,-2,55,2.1268961e+29,0.000000
6,-2,-6,2.1246937e+29,0.000000
5,1,28,2.1157792e+29,0.000000
7,-1,0,2.1145685e+29,0.000000
9,-5,26,2.1139699e+29,0.000000
4,-2,-25,2.0962805e+29,0.000000
5,-1,-28,2.0825599e+29,0.000000
3,-2,-27,2.0786923e+29,0.000000
5,-3,-17,2.0771447e+29,0.000000
4,0,-36,2.0725961e+29,0.000000
4,0,36,2.0725961e+29,0.000000
6,-2,32,2.0649586e+29,0.000000
4,2,34,2.0609003e+29,0.000000
9,-4,13,2.0544987e+29,0.000000
7,0,-5,2.0389977e+29,0.000000
7,0,5,2.0389977e+29,0.000000
9,-6,32,2.0338512e+29,0.000000
2,1,36,2.0272499e+29,0.000000
3,2,42,2.0233859e+29,0.000000
4,1,28,2.0140431e+29,0.000000
9,-8,34,1.9998189e+29,0.000000
5,4,34,1.9982264e+29,0.000000
10,-8,25,1.9909498e+29,0.000000
2,2,46,1.9897146e+29,0.000000
9,-7,43,1.988493e+29,0.000000
8,-3,16,1.9857561e+29,0.000000
6,-4,47,1.9813314e+29,0.000000
10,-9,19,1.9807827e+29,0.000000
4,1,29,1.9685063e+29,0.000000
10,-6,15,1.9624125e+29,0.000000
7,1,10,1.951929e+29,0.000000
7,-1,-3,1.9440931e+29,0.000000
7,1,-7,1.9429832e+29,0.000000
9,-9,32,1.9389048e+29,0.000000
7,0,-8,1.9270925e+29,0.000000
7,0,8,1.9270925e+29,0.000000
6,2,-7,1.9198342e+29,0.000000
6,-3,47,1.8678952e+29,0.000000
4,1,30,1.8621144e+29,0.000000
3,0,-41,1.8473787e+29,0.000000
3,0,41,1.8473787e+29,0.000000
2,-2,-38,1.8304713e+29,0.000000
7,1,-3,1.8271141e+29,0.000000
7,-4,45,1.8249902e+29,0.000000
3,1,36,1.822775e+29,0.000000
5,-2,-16,1.8202977e+29,0.000000
4,-1,47,1.8125935e+29,0.000000
7,1,16,1.8112983e+29,0.000000
3,-1,-38,1.7941154e+29,0.000000
8,-5,34,1.7936335e+29,0.000000
7,0,-2,1.7858793e+29,0.000000
7,0,2,1.7858793e+29,0.000000
6,2,25,1.768882e+29,0.000000
5,5,32,1.7632412e+29,0.000000
7,3,14,1.7629726e+29,0.000000
9,-8,35,1.7571586e+29,0.000000
9,-6,1,1.7531128e+29,0.000000
10,-7,20,1.7475221e+29,0.000000
6,4,21,1.7414229e+29,0.000000
8,-2,11,1.7410516e+29,0.000000
7,-1,22,1.7402349e+29,0.000000
9,-5,27,1.7389805e+29,0.000000
5,3,28,1.7347609e+29,0.000000
10,-10,11,1.7176978e+29,0.000000
7,-3,36,1.710288e+29,0.000000
7,-5,50,1.6920958e+29,0.000000
6,3,13,1.6874234e+29,0.000000
7,1,-4,1.6779134e+29,0.000000
4,1,31,1.6776983e+29,0.000000
6,-1,-16,1.672838e+29,0.000000
9,-9,33,1.6672894e+29,0.000000
9,-4,14,1.6554763e+29,0.000000
6,2,-8,1.6524501e+29,0.000000
9,-9,5,1.6456066e+29,0.000000
3,-2,-28,1.6398887e+29,0.000000
5,2,-9,1.634222e+29,0.000000
6,-4,48,1.6262218e+29,0.000000
3,1,-30,1.6246295e+29,0.000000
8,-6,50,1.612446e+29,0.000000
6,1,21,1.5993381e+29,0.000000
10,-8,26,1.5893873e+29,0.000000
4,4,42,1.581184e+29,0.000000
4,1,-25,1.5804871e+29,0.000000
4,2,-17,1.5798319e+29,0.000000
9,-7,44,1.5726767e+29,0.000000
4,-1,-32,1.5726493e+29,0.000000
4,3,41,1.5719309e+29,0.000000
9,-8,36,1.5540452e+29,0.000000
5,1,-23,1.5499667e+29,0.000000
6,-2,-11,1.5475251e+29,0.000000
5,0,-29,1.5410198e+29,0.000000
5,0,29,1.5410198e+29,0.000000
6,2,-6,1.5393988e+29,0.000000
9,-6,33,1.5390018e+29,0.000000
3,3,46,1.5098053e+29,0.000000
7,0,-9,1.5035088e+29,0.000000
7,0,9,1.5035088e+29,0.000000
7,2,7,1.5009347e+29,0.000000
5,4,35,1.4932919e+29,0.000000
2,-1,-41,1.4894326e+29,0.000000
2,0,-44,1.4844995e+29,0.000000
2,0,44,1.4844995e+29,0.000000
5,-1,33,1.4628363e+29,0.000000
4,1,32,1.4457954e+29,0.000000
4,-3,-22,1.444517e+29,0.000000
9,-9,34,1.4393131e+29,0.000000
5,2,30,1.4327518e+29,0.000000
9,-3,6,1.4317994e+29,0.000000
7,-1,-9,1.4302818e+29,0.000000
3,1,37,1.4266332e+29,0.000000
3,-1,52,1.4215374e+29,0.000000
5,5,33,1.412289e+29,0.000000
7,1,17,1.407867e+29,0.000000
5,-3,-18,1.3984047e+29,0.000000
9,-5,28,1.3979918e+29,0.000000
10,-6,16,1.3912639e+29,0.000000
5,-3,53,1.38602e+29,0.000000
9,-8,37,1.382878e+29,0.000000
7,-2,8,1.3756793e+29,0.000000
7,-2,0,1.3681857e+29,0.000000
4,-4,-19,1.3669826e+29,0.000000
10,-10,20,1.3663203e+29,0.000000
7,-4,46,1.3619348e+29,0.000000
8,-4,31,1.3527985e+29,0.000000
9,-4,15,1.3461995e+29,0.000000
6,-1,26,1.3415837e+29,0.000000
2,-2,-39,1.334861e+29,0.000000
9,-5,-2,1.3333369e+29,0.000000
2,2,-18,1.3259816e+29,0.000000
6,-4,49,1.3247576e+29,0.000000
10,-7,21,1.317905e+29,0.000000
6,-2,33,1.3170976e+29,0.000000
4,0,-37,1.3033873e+29,0.000000
4,0,37,1.3033873e+29,0.000000
2,1,-30,1.2999918e+29,0.000000
10,-8,27,1.2870051e+29,0.000000
7,-3,37,1.2789665e+29,0.000000
10,-9,20,1.2779284e+29,0.000000
3,3,-12,1.2756896e+29,0.000000
4,-1,48,1.2740958e+29,0.000000
5,3,29,1.2733847e+29,0.000000
3,2,43,1.2562509e+29,0.000000
9,-8,4,1.2557924e+29,0.000000
3,-2,-29,1.2535529e+29,0.000000
6,3,18,1.2457518e+29,0.000000
9,-9,35,1.2454625e+29,0.000000
9,-7,45,1.2390081e+29,0.000000
2,2,47,1.2382236e+29,0.000000
9,-8,38,1.237356e+29,0.000000
6,-3,48,1.2354231e+29,0.000000
6,2,26,1.2329857e+29,0.000000
10,-5,8,1.2301139e+29,0.000000
5,-1,-29,1.2273424e+29,0.000000
6,-1,-17,1.2215524e+29,0.000000
6,2,-9,1.2215193e+29,0.000000
3,-3,-31,1.2202217e+29,0.000000
6,3,19,1.2183099e+29,0.000000
6,3,17,1.2124151e+29,0.000000
3,2,-14,1.2048435e+29,0.000000
4,1,33,1.2010938e+29,0.000000
8,-3,17,1.1901773e+29,0.000000
6,3,14,1.1790583e+29,0.000000
8,-6,51,1.1759211e+29,0.000000
7,3,15,1.1618162e+29,0.000000
6,5,8,1.1593795e+29,0.000000
4,2,35,1.1544713e+29,0.000000
9,-6,34,1.1535259e+29,0.000000
7,-5,51,1.1391154e+29,0.000000
6,3,20,1.1372608e+29,0.000000
3,0,-42,1.1371418e+29,0.000000
3,0,42,1.1371418e+29,0.000000
6,3,16,1.1353656e+29,0.000000
6,5,9,1.1317709e+29,0.000000
4,4,43,1.1309744e+29,0.000000
6,0,-20,1.1303366e+29,0.000000
6,0,20,1.1303366e+29,0.000000
9,-3,2,1.1285152e+29,0.000000
7,-1,23,1.1266158e+29,0.000000
5,5,34,1.1237838e+29,0.000000
6,5,7,1.1199451e+29,0.000000
7,1,-8,1.1146886e+29,0.000000
8,-2,12,1.1143036e+29,0.000000
5,4,36,1.1122949e+29,0.000000
9,-8,39,1.1122734e+29,0.000000
10,-6,3,1.1056527e+29,0.000000
7,0,-4,1.1023069e+29,0.000000
7,0,4,1.1023069e+29,0.000000
5,-2,41,1.100893e+29,0.000000
9,-5,29,1.0997544e+29,0.000000
6,4,22,1.099372e+29,0.000000
7,0,-10,1.0988698e+29,0.000000
7,0,10,1.0988698e+29,0.000000
9,-4,16,1.0939735e+29,0.000000
3,1,38,1.0851466e+29,0.000000
9,-9,36,1.0798563e+29,0.000000
6,3,15,1.0779253e+29,0.000000
10,-4,4,1.0776857e+29,0.000000
4,3,42,1.0738897e+29,0.000000
6,-4,50,1.0734186e+29,0.000000
8,-2,0,1.0728033e+29,0.000000
6,5,10,1.0649543e+29,0.000000
10,-8,28,1.0558017e+29,0.000000
5,0,-30,1.052297e+29,0.000000
5,0,30,1.052297e+29,0.000000
7,1,18,1.0502869e+29,0.000000
8,-7,-1,1.0465496e+29,0.000000
5,3,-6,1.0348039e+29,0.000000
8,-8,-2,1.0308346e+29,0.000000
5,1,29,1.0271881e+29,0.000000
6,3,21,1.019422e+29,0.000000
6,-2,-12,1.018009e+29,0.000000
10,-7,22,1.0169737e+29,0.000000
7,-4,47,1.0119551e+29,0.000000
8,-5,35,1.0094826e+29,0.000000
3,3,47,1.0044762e+29,0.000000
9,-8,40,1.0033862e+29,0.000000
2,-2,-40,1.0008508e+29,0.000000
6,5,6,9.9928109e+28,0.000000
10,-6,17,9.9600423e+28,0.000000
5,-1,-1,9.8568009e+28,0.000000
6,5,11,9.837489e+28,0.000000
9,-7,46,9.7263657e+28,0.000000
4,1,34,9.6882602e+28,0.000000
5,-2,-17,9.5529363e+28,0.000000
8,2,1,9.5001242e+28,0.000000
3,-1,-39,9.4975785e+28,0.000000
10,-5,4,9.4590635e+28,0.000000
7,-3,38,9.4578896e+28,0.000000
3,-1,53,9.4499274e+28,0.000000
5,2,-10,9.4353578e+28,0.000000
7,5,-2,9.3954954e+28,0.000000
10,-7,5,9.3944199e+28,0.000000
9,-9,37,9.3864873e+28,0.000000
3,-2,-30,9.3226025e+28,0.000000
5,1,-24,9.2530083e+28,0.000000
6,1,22,9.2197801e+28,0.000000
5,-3,-19,9.2084442e+28,0.000000
5,3,30,9.1975391e+28,0.000000
7,4,5,9.1586988e+28,0.000000
9,-8,41,9.0730377e+28,0.000000
6,5,12,9.0486529e+28,0.000000
4,1,-26,9.0240366e+28,0.000000
7,4,4,8.9911508e+28,0.000000
6,5,2,8.9536335e+28,0.000000
4,-1,49,8.9181865e+28,0.000000
4,-1,-33,8.9107634e+28,0.000000
5,5,35,8.8889398e+28,0.000000
2,0,-45,8.8531805e+28,0.000000
2,0,45,8.8531805e+28,0.000000
6,3,22,8.8277468e+28,0.000000
7,2,8,8.8199023e+28,0.000000
9,-4,17,8.8171081e+28,0.000000
5,2,31,8.7765263e+28,0.000000
10,-8,29,8.7675743e+28,0.000000
6,1,-6,8.7358763e+28,0.000000
4,3,-5,8.7318651e+28,0.000000
10,-8,4,8.6993773e+28,0.000000
6,-1,-18,8.6948159e+28,0.000000
9,-5,-1,8.6804982e+28,0.000000
6,-4,51,8.6627498e+28,0.000000
10,-10,21,8.6570535e+28,0.000000
3,1,-31,8.6355394e+28,0.000000
8,2,2,8.59377e+28,0.000000
8,-6,52,8.5802651e+28,0.000000
9,-6,35,8.5644461e+28,0.000000
10,-9,21,8.5363924e+28,0.000000
7,4,6,8.5107392e+28,0.000000
6,2,27,8.4802632e+28,0.000000
9,-5,30,8.4777766e+28,0.000000
5,2,-2,8.4768475e+28,0.000000
2,-1,-42,8.4200072e+28,0.000000
4,-3,-23,8.4187049e+28,0.000000
6,5,13,8.3698441e+28,0.000000
6,-2,34,8.3507343e+28,0.000000
6,2,-10,8.3437079e+28,0.000000
2,1,37,8.3256535e+28,0.000000
6,5,5,8.2919311e+28,0.000000
5,4,37,8.2597119e+28,0.000000
4,-2,-26,8.2497464e+28,0.000000
9,-8,42,8.2138307e+28,0.000000
9,-9,38,8.1898324e+28,0.000000
4,0,-38,8.1676059e+28,0.000000
4,0,38,8.1676059e+28,0.000000
6,-3,49,8.1399193e+28,0.000000
10,-9,9,8.1167778e+28,0.000000
4,4,44,8.084733e+28,0.000000
3,1,39,8.0662816e+28,0.000000
10,-7,23,8.0038539e+28,0.000000
7,5,1,7.9925844e+28,0.000000
10,-4,7,7.9134129e+28,0.000000
7,-2,1,7.8744029e+28,0.000000
6,5,14,7.8257431e+28,0.000000
3,2,44,7.7792296e+28,0.000000
2,-2,-41,7.7439722e+28,0.000000
2,2,48,7.7267384e+28,0.000000
9,-7,-1,7.7134151e+28,0.000000
6,5,3,7.6783106e+28,0.000000
7,-5,52,7.6746583e+28,0.000000
7,4,7,7.6344107e+28,0.000000
4,1,35,7.6321602e+28,0.000000
9,-7,47,7.6100808e+28,0.000000
7,0,-11,7.5956421e+28,0.000000
7,0,11,7.5956421e+28,0.000000
9,-9,4,7.5803974e+28,0.000000
7,1,19,7.5692204e+28,0.000000
7,-2,9,7.5649675e+28,0.000000
6,1,-10,7.5223936e+28,0.000000
5,-3,54,7.5046049e+28,0.000000
7,-4,48,7.4917146e+28,0.000000
8,-4,32,7.4572353e+28,0.000000
9,-8,43,7.436216e+28,0.000000
6,3,23,7.4234154e+28,0.000000
6,5,15,7.400666e+28,0.000000
10,-10,10,7.3900952e+28,0.000000
10,-6,2,7.370188e+28,0.000000
10,-8,30,7.3648733e+28,0.000000
4,2,-18,7.3555121e+28,0.000000
9,-3,7,7.348282e+28,0.000000
4,3,43,7.3325661e+28,0.000000
7,3,16,7.3066721e+28,0.000000
6,1,-11,7.2791403e+28,0.000000
6,5,1,7.2511899e+28,0.000000
6,5,-1,7.231978e+28,0.000000
5,-1,-30,7.2101579e+28,0.000000
9,-9,39,7.1838812e+28,0.000000
7,-1,24,7.1590025e+28,0.000000
7,4,3,7.1395335e+28,0.000000
5,0,-31,7.1382731e+28,0.000000
5,0,31,7.1382731e+28,0.000000
6,5,4,7.1379715e+28,0.000000
10,-6,18,7.1149887e+28,0.000000
2,1,-31,7.0760125e+28,0.000000
6,5,16,7.0584351e+28,0.000000
7,-1,-10,7.0469923e+28,0.000000
6,1,-9,7.027942e+28,0.000000
9,-4,18,7.0081794e+28,0.000000
5,5,36,6.9926498e+28,0.000000
3,0,-43,6.9863519e+28,0.000000
3,0,43,6.9863519e+28,0.000000
8,-5,-3,6.9754479e+28,0.000000
7,5,2,6.9691534e+28,0.000000
6,-4,52,6.9675703e+28,0.000000
7,-3,39,6.9279791e+28,0.000000
8,-3,18,6.8538662e+28,0.000000
6,4,23,6.8214289e+28,0.000000
3,-3,-32,6.7772282e+28,0.000000
3,-2,-31,6.7763184e+28,0.000000
8,-2,13,6.7588337e+28,0.000000
7,4,0,6.758562e+28,0.000000
6,5,17,6.757866e+28,0.000000
4,-4,-20,6.7517996e+28,0.000000
7,4,8,6.735374e+28,0.000000
9,-8,44,6.7254821e+28,0.000000
3,-1,54,6.7231603e+28,0.000000
3,3,48,6.6748139e+28,0.000000
6,-1,27,6.5714381e+28,0.000000
5,3,31,6.5525548e+28,0.000000
10,-5,9,6.5204063e+28,0.000000
6,1,-12,6.5089497e+28,0.000000
9,-4,1,6.484578e+28,0.000000
6,5,18,6.462977e+28,0.000000
6,-2,-13,6.4477604e+28,0.000000
9,-5,31,6.4129677e+28,0.000000
10,-7,24,6.405686e+28,0.000000
4,2,36,6.3838063e+28,0.000000
4,3,-6,6.3573768e+28,0.000000
9,-9,40,6.3448841e+28,0.000000
7,5,5,6.3332588e+28,0.000000
9,-6,36,6.2990685e+28,0.000000
8,-6,53,6.2652982e+28,0.000000
10,-8,31,6.2526449e+28,0.000000
4,-1,50,6.2137413e+28,0.000000
2,-2,-42,6.1817588e+28,0.000000
8,-7,-2,6.1648221e+28,0.000000
7,5,6,6.156022e+28,0.000000
6,5,19,6.1482211e+28,0.000000
5,4,38,6.1170407e+28,0.000000
6,3,24,6.0881094e+28,0.000000
7,5,4,6.0754692e+28,0.000000
9,-8,45,6.0711714e+28,0.000000
6,-1,-19,6.0559038e+28,0.000000
4,4,-6,6.0323758e+28,0.000000
5,-4,-8,5.9742781e+28,0.000000
5,-3,-20,5.9600945e+28,0.000000
7,5,3,5.9511181e+28,0.000000
9,-7,48,5.9361981e+28,0.000000
6,1,-8,5.9274708e+28,0.000000
10,-9,22,5.9119726e+28,0.000000
4,1,36,5.8989303e+28,0.000000
3,1,40,5.8821807e+28,0.000000
7,5,-1,5.8809362e+28,0.000000
7,4,9,5.8493232e+28,0.000000
10,-7,4,5.8165826e+28,0.000000
3,3,-13,5.8145095e+28,0.000000
6,5,20,5.7998021e+28,0.000000
7,1,-9,5.7796129e+28,0.000000
5,-4,-7,5.7795275e+28,0.000000
4,4,45,5.7761647e+28,0.000000
6,2,28,5.7647836e+28,0.000000
10,-10,22,5.6647522e+28,0.000000
9,-9,41,5.6492036e+28,0.000000
7,5,7,5.6230075e+28,0.000000
6,-4,53,5.5860302e+28,0.000000
7,5,-3,5.5510116e+28,0.000000
7,-4,49,5.5297832e+28,0.000000
8,-5,36,5.5060946e+28,0.000000
5,1,-25,5.4889883e+28,0.000000
5,-2,42,5.4889675e+28,0.000000
6,1,-13,5.474931e+28,0.000000
5,5,37,5.4734541e+28,0.000000
9,-4,19,5.4703952e+28,0.000000
9,-8,46,5.4660969e+28,0.000000
6,2,-11,5.4321744e+28,0.000000
6,5,21,5.4144225e+28,0.000000
5,2,-11,5.3776148e+28,0.000000
2,0,-46,5.3612056e+28,0.000000
2,0,46,5.3612056e+28,0.000000
10,-8,32,5.3586215e+28,0.000000
6,1,-7,5.3518784e+28,0.000000
6,-3,50,5.3386687e+28,0.000000
5,2,32,5.3304324e+28,0.000000
3,2,-15,5.3057279e+28,0.000000
5,-1,34,5.2981882e+28,0.000000
7,1,20,5.2962265e+28,0.000000
6,-2,35,5.2649135e+28,0.000000
3,-1,55,5.2625456e+28,0.000000
2,2,-19,5.2503623e+28,0.000000
6,-6,-6,5.2384651e+28,0.000000
7,5,0,5.2010393e+28,0.000000
10,-7,25,5.1991886e+28,0.000000
6,1,23,5.1814852e+28,0.000000
7,-5,53,5.1740409e+28,0.000000
4,1,-27,5.1394753e+28,0.000000
8,-3,-1,5.1166224e+28,0.000000
4,0,-39,5.0994108e+28,0.000000
4,0,39,5.0994108e+28,0.000000
9,-9,42,5.0735707e+28,0.000000
2,-2,-43,5.0724525e+28,0.000000
7,-3,40,5.0341377e+28,0.000000
4,-1,-34,5.0274018e+28,0.000000
10,-6,19,5.0260771e+28,0.000000
3,-1,-40,5.013648e+28,0.000000
4,3,44,5.0037041e+28,0.000000
6,5,22,4.9967225e+28,0.000000
7,5,8,4.993977e+28,0.000000
7,0,-12,4.9898966e+28,0.000000
7,0,12,4.9898966e+28,0.000000
7,4,10,4.9765426e+28,0.000000
7,3,-2,4.963434e+28,0.000000
6,5,-3,4.921516e+28,0.000000
4,-3,-24,4.9142305e+28,0.000000
5,-4,-9,4.9113805e+28,0.000000
5,-2,-18,4.9101457e+28,0.000000
7,2,9,4.9088991e+28,0.000000
9,-8,47,4.9054705e+28,0.000000
6,3,25,4.8866599e+28,0.000000
7,2,1,4.8807957e+28,0.000000
2,2,49,4.8419491e+28,0.000000
3,-2,-32,4.8335603e+28,0.000000
5,0,-32,4.8150342e+28,0.000000
5,0,32,4.8150342e+28,0.000000
5,1,30,4.8141624e+28,0.000000
3,2,45,4.803101e+28,0.000000
2,-1,-43,4.784085e+28,0.000000
9,-5,32,4.7662167e+28,0.000000
7,1,0,4.7201199e+28,0.000000
10,-8,33,4.6286263e+28,0.000000
6,-4,-8,4.6223062e+28,0.000000
9,-7,49,4.6176838e+28,0.000000
5,3,32,4.6132924e+28,0.000000
6,-4,-9,4.6003557e+28,0.000000
9,-9,43,4.5958047e+28,0.000000
9,-6,37,4.5896253e+28,0.000000
3,1,-32,4.5886056e+28,0.000000
8,-6,54,4.5790808e+28,0.000000
6,5,23,4.5563672e+28,0.000000
7,-2,10,4.5497839e+28,0.000000
5,-2,-3,4.5324264e+28,0.000000
5,4,39,4.5190154e+28,0.000000
4,1,37,4.489317e+28,0.000000
7,-1,25,4.4717795e+28,0.000000
6,-4,54,4.4628186e+28,0.000000
7,5,9,4.4493568e+28,0.000000
3,3,49,4.4289233e+28,0.000000
6,1,-14,4.3866568e+28,0.000000
9,-8,48,4.3861655e+28,0.000000
7,3,17,4.3816648e+28,0.000000
9,-3,8,4.356416e+28,0.000000
8,-8,-3,4.3412325e+28,0.000000
4,-1,51,4.3072793e+28,0.000000
8,-1,3,4.3055167e+28,0.000000
3,0,-44,4.2837812e+28,0.000000
3,0,44,4.2837812e+28,0.000000
10,-7,26,4.2689565e+28,0.000000
5,5,38,4.264436e+28,0.000000
6,0,-21,4.2596677e+28,0.000000
6,0,21,4.2596677e+28,0.000000
2,-2,-44,4.2541796e+28,0.000000
10,-9,23,4.2344372e+28,0.000000
5,-1,-31,4.2222809e+28,0.000000
3,1,41,4.2191777e+28,0.000000
10,-9,8,4.2095881e+28,0.000000
8,0,-3,4.208756e+28,0.000000
8,0,3,4.208756e+28,0.000000
9,-9,44,4.1955875e+28,0.000000
9,-4,20,4.1802596e+28,0.000000
8,0,-4,4.17496e+28,0.000000
8,0,4,4.17496e+28,0.000000
6,4,24,4.1601247e+28,0.000000
10,-5,10,4.1566716e+28,0.000000
6,-1,-20,4.1404514e+28,0.000000
7,4,11,4.1272041e+28,0.000000
4,4,46,4.1250176e+28,0.000000
6,5,24,4.1053938e+28,0.000000
9,-8,3,4.0831886e+28,0.000000
6,5,0,4.0761333e+28,0.000000
7,-4,50,4.0721251e+28,0.000000
7,5,10,4.0476884e+28,0.000000
5,-3,55,4.0338954e+28,0.000000
10,-8,34,4.0221685e+28,0.000000
9,-9,3,4.0106882e+28,0.000000
9,-7,-2,3.998076e+28,0.000000
6,6,-3,3.991756e+28,0.000000
8,-4,33,3.989627e+28,0.000000
6,-2,-14,3.9636446e+28,0.000000
7,4,2,3.9625725e+28,0.000000
6,2,-5,3.9575339e+28,0.000000
9,-6,0,3.9402221e+28,0.000000
9,-8,49,3.9061203e+28,0.000000
6,2,29,3.8786254e+28,0.000000
8,-2,14,3.8684265e+28,0.000000
2,1,-32,3.8612427e+28,0.000000
9,-9,45,3.8550727e+28,0.000000
6,3,26,3.8498213e+28,0.000000
10,-10,23,3.8475946e+28,0.000000
8,2,7,3.8402423e+28,0.000000
8,-3,19,3.8369999e+28,0.000000
5,-3,-21,3.8058601e+28,0.000000
10,-4,8,3.7904191e+28,0.000000
10,-10,9,3.7904087e+28,0.000000
3,-3,-33,3.7808168e+28,0.000000
7,5,11,3.7663819e+28,0.000000
8,2,8,3.7297141e+28,0.000000
8,-1,2,3.7185315e+28,0.000000
6,6,-4,3.661408e+28,0.000000
6,5,25,3.6561227e+28,0.000000
7,-3,41,3.6332383e+28,0.000000
2,-2,-45,3.624199e+28,0.000000
7,1,21,3.6120595e+28,0.000000
8,2,0,3.6078155e+28,0.000000
6,-4,-10,3.5933517e+28,0.000000
9,-7,50,3.5830365e+28,0.000000
10,-6,1,3.5736933e+28,0.000000
9,-9,46,3.5592409e+28,0.000000
5,-4,-10,3.55272e+28,0.000000
6,-4,55,3.5511218e+28,0.000000
7,5,12,3.5510222e+28,0.000000
10,-7,27,3.5374061e+28,0.000000
6,5,-2,3.5345754e+28,0.000000
10,-8,35,3.509345e+28,0.000000
7,-5,54,3.4900784e+28,0.000000
10,-6,20,3.4866846e+28,0.000000
9,-5,33,3.4842341e+28,0.000000
6,-3,51,3.4817378e+28,0.000000
4,2,37,3.4744968e+28,0.000000
9,-8,50,3.4638792e+28,0.000000
4,3,-7,3.4517856e+28,0.000000
6,2,-12,3.4218681e+28,0.000000
5,-4,-6,3.4173827e+28,0.000000
4,3,45,3.4120651e+28,0.000000
8,2,6,3.4118702e+28,0.000000
3,-2,-33,3.3945468e+28,0.000000
4,2,-19,3.3902615e+28,0.000000
7,4,1,3.3791265e+28,0.000000
6,1,-15,3.3776216e+28,0.000000
4,1,38,3.3735778e+28,0.000000
4,-4,-21,3.3508095e+28,0.000000
8,-6,55,3.3502229e+28,0.000000
7,5,13,3.3490586e+28,0.000000
5,4,40,3.3311033e+28,0.000000
7,4,12,3.3244162e+28,0.000000
2,0,-47,3.3135341e+28,0.000000
2,0,47,3.3135341e+28,0.000000
9,-6,38,3.3129286e+28,0.000000
5,5,39,3.3086766e+28,0.000000
6,-2,36,3.301508e+28,0.000000
9,-9,47,3.2959976e+28,0.000000
5,1,-1,3.2591739e+28,0.000000
5,1,-26,3.2387843e+28,0.000000
5,0,-33,3.2322734e+28,0.000000
5,0,33,3.2322734e+28,0.000000
8,2,9,3.2316077e+28,0.000000
6,5,26,3.2197185e+28,0.000000
7,-2,11,3.216559e+28,0.000000
5,3,33,3.2148047e+28,0.000000
5,2,33,3.2084392e+28,0.000000
4,0,-40,3.1714559e+28,0.000000
4,0,40,3.1714559e+28,0.000000
7,5,14,3.1256888e+28,0.000000
10,-9,24,3.1233524e+28,0.000000
7,0,-13,3.1214521e+28,0.000000
7,0,13,3.1214521e+28,0.000000
9,-4,21,3.1197378e+28,0.000000
2,-2,-46,3.118756e+28,0.000000
7,-1,-11,3.1184225e+28,0.000000
6,-1,28,3.0991103e+28,0.000000
2,1,38,3.0897298e+28,0.000000
10,-8,36,3.0684445e+28,0.000000
9,-8,51,3.0582576e+28,0.000000
9,-9,48,3.0560536e+28,0.000000
4,-2,-27,3.0536878e+28,0.000000
2,2,50,3.0531333e+28,0.000000
8,2,3,3.0420512e+28,0.000000
5,2,-12,3.0269181e+28,0.000000
6,6,0,3.0049246e+28,0.000000
7,-4,51,2.9935515e+28,0.000000
6,3,27,2.9839618e+28,0.000000
3,1,42,2.9819379e+28,0.000000
9,-3,9,2.9729508e+28,0.000000
4,-1,52,2.9685594e+28,0.000000
6,-2,-5,2.9632065e+28,0.000000
7,4,-2,2.9606048e+28,0.000000
3,2,46,2.9564196e+28,0.000000
10,-7,28,2.9512662e+28,0.000000
4,4,47,2.9446379e+28,0.000000
3,3,50,2.9339999e+28,0.000000
8,-5,37,2.9311583e+28,0.000000
4,1,-28,2.9203244e+28,0.000000
10,-5,3,2.900242e+28,0.000000
4,-3,-25,2.8735809e+28,0.000000
7,5,15,2.8667837e+28,0.000000
6,1,24,2.8334928e+28,0.000000
9,-9,49,2.8326509e+28,0.000000
10,-5,11,2.8234383e+28,0.000000
4,-1,-35,2.8218032e+28,0.000000
6,5,27,2.8053511e+28,0.000000
7,-7,-6,2.7986815e+28,0.000000
6,-1,-21,2.7862123e+28,0.000000
9,-7,51,2.7739757e+28,0.000000
6,6,-1,2.7678899e+28,0.000000
7,2,10,2.7608564e+28,0.000000
7,-1,26,2.7488117e+28,0.000000
7,1,-10,2.7371217e+28,0.000000
2,-1,-44,2.7359576e+28,0.000000
3,3,-14,2.7312837e+28,0.000000
10,-10,24,2.7132435e+28,0.000000
7,-2,12,2.7124754e+28,0.000000
2,-2,-47,2.6988289e+28,0.000000
9,-8,52,2.688114e+28,0.000000
10,-8,37,2.683995e+28,0.000000
6,6,-2,2.6642425e+28,0.000000
7,4,-1,2.6532701e+28,0.000000
6,6,3,2.6429569e+28,0.000000
3,-1,-41,2.6406875e+28,0.000000
3,0,-45,2.6218595e+28,0.000000
3,0,45,2.6218595e+28,0.000000
9,-9,50,2.6211926e+28,0.000000
5,-2,43,2.6102923e+28,0.000000
7,-3,42,2.607294e+28,0.000000
7,4,13,2.594924e+28,0.000000
6,2,30,2.5857478e+28,0.000000
7,5,16,2.5747133e+28,0.000000
5,5,40,2.5572685e+28,0.000000
7,-2,13,2.554184e+28,0.000000
8,2,10,2.5521612e+28,0.000000
8,2,5,2.5282816e+28,0.000000
9,-6,-1,2.5173778e+28,0.000000
6,1,-16,2.5153549e+28,0.000000
4,1,39,2.5088168e+28,0.000000
9,-5,34,2.5076826e+28,0.000000
7,3,18,2.4993177e+28,0.000000
6,-4,-11,2.499173e+28,0.000000
6,6,2,2.4990529e+28,0.000000
6,4,25,2.4929169e+28,0.000000
7,-2,14,2.4844076e+28,0.000000
10,-7,29,2.4734269e+28,0.000000
5,-2,-19,2.4692172e+28,0.000000
5,-1,-32,2.4644861e+28,0.000000
8,-1,4,2.4628317e+28,0.000000
5,4,41,2.4506038e+28,0.000000
3,1,-33,2.4364444e+28,0.000000
10,-8,3,2.4328374e+28,0.000000
6,5,28,2.4198404e+28,0.000000
9,-9,51,2.4188342e+28,0.000000
7,1,22,2.4085565e+28,0.000000
5,-3,-22,2.4045438e+28,0.000000
6,6,4,2.3878558e+28,0.000000
7,-2,15,2.3842627e+28,0.000000
6,-2,-15,2.3777828e+28,0.000000
5,-4,-11,2.3750825e+28,0.000000
6,6,1,2.3706349e+28,0.000000
9,-6,39,2.369075e+28,0.000000
10,-6,21,2.3633875e+28,0.000000
10,-9,25,2.3620032e+28,0.000000
7,-5,55,2.3555077e+28,0.000000
3,-2,-34,2.3531856e+28,0.000000
9,-8,53,2.3522091e+28,0.000000
10,-8,38,2.3451506e+28,0.000000
2,-2,-48,2.3407987e+28,0.000000
9,-3,10,2.3320169e+28,0.000000
4,3,46,2.3246837e+28,0.000000
10,-7,3,2.3042964e+28,0.000000
3,2,-16,2.2893295e+28,0.000000
6,3,28,2.2799166e+28,0.000000
9,-4,22,2.2695387e+28,0.000000
7,5,17,2.2617319e+28,0.000000
6,-3,52,2.2547451e+28,0.000000
8,4,-1,2.2458666e+28,0.000000
9,-9,52,2.2240767e+28,0.000000
5,3,34,2.2202653e+28,0.000000
7,-2,16,2.2158831e+28,0.000000
10,-4,9,2.2153603e+28,0.000000
6,-4,-7,2.206107e+28,0.000000
5,-5,-7,2.198818e+28,0.000000
7,-4,52,2.1981471e+28,0.000000
7,0,-3,2.1965085e+28,0.000000
7,0,3,2.1965085e+28,0.000000
9,-8,2,2.1858369e+28,0.000000
8,-3,20,2.1662063e+28,0.000000
5,0,-34,2.1607561e+28,0.000000
5,0,34,2.1607561e+28,0.000000
5,1,31,2.1574592e+28,0.000000
9,-7,52,2.1433392e+28,0.000000
3,-3,-34,2.1183127e+28,0.000000
2,1,-33,2.1120524e+28,0.000000
6,2,-13,2.1020784e+28,0.000000
4,4,48,2.1011615e+28,0.000000
2,0,-48,2.1002554e+28,0.000000
2,0,48,2.1002554e+28,0.000000
8,-4,34,2.0825201e+28,0.000000
3,1,43,2.0788047e+28,0.000000
8,-2,15,2.0781319e+28,0.000000
10,-7,30,2.0778378e+28,0.000000
6,5,29,2.0676507e+28,0.000000
6,-2,37,2.0592649e+28,0.000000
9,-3,0,2.0525892e+28,0.000000
9,-8,54,2.0491332e+28,0.000000
2,2,-20,2.0481983e+28,0.000000
10,-8,39,2.0443816e+28,0.000000
5,3,-7,2.0404699e+28,0.000000
9,-9,53,2.0363921e+28,0.000000
4,-1,53,2.0326489e+28,0.000000
2,-2,-49,2.0303482e+28,0.000000
6,6,5,2.021802e+28,0.000000
9,-3,11,2.0164092e+28,0.000000
10,-9,7,1.9914035e+28,0.000000
7,-2,17,1.9843478e+28,0.000000
10,-10,25,1.9799477e+28,0.000000
10,-5,12,1.975923e+28,0.000000
5,5,41,1.9696272e+28,0.000000
4,0,-41,1.9642851e+28,0.000000
4,0,41,1.9642851e+28,0.000000
5,-1,35,1.9632312e+28,0.000000
7,4,14,1.9601884e+28,0.000000
7,5,18,1.9437974e+28,0.000000
2,2,51,1.9422241e+28,0.000000
3,3,51,1.9403881e+28,0.000000
8,-1,1,1.9204941e+28,0.000000
5,2,34,1.9126091e+28,0.000000
5,1,-27,1.9023752e+28,0.000000
8,0,-5,1.8732942e+28,0.000000
8,0,5,1.8732942e+28,0.000000
7,-3,43,1.862222e+28,0.000000
8,2,11,1.8609373e+28,0.000000
7,0,-14,1.8587321e+28,0.000000
7,0,14,1.8587321e+28,0.000000
9,-9,54,1.8558984e+28,0.000000
4,2,38,1.8541227e+28,0.000000
4,1,40,1.849601e+28,0.000000
6,-1,-22,1.849434e+28,0.000000
7,2,15,1.8437851e+28,0.000000
7,2,16,1.8361554e+28,0.000000
6,6,10,1.8293358e+28,0.000000
10,-9,26,1.8247897e+28,0.000000
6,1,-17,1.8206126e+28,0.000000
8,2,4,1.8183848e+28,0.000000
9,-3,12,1.8162137e+28,0.000000
3,2,47,1.8144358e+28,0.000000
7,2,11,1.8081074e+28,0.000000
6,6,9,1.806418e+28,0.000000
6,6,11,1.8044578e+28,0.000000
4,3,-8,1.7998907e+28,0.000000
5,4,42,1.7996762e+28,0.000000
6,6,6,1.794047e+28,0.000000
4,4,-7,1.7895363e+28,0.000000
9,-5,35,1.7783396e+28,0.000000
9,-8,55,1.777283e+28,0.000000
10,-8,40,1.7764444e+28,0.000000
2,-2,-50,1.7585697e+28,0.000000
6,6,8,1.7581002e+28,0.000000
7,2,14,1.7535412e+28,0.000000
6,5,30,1.7511109e+28,0.000000
10,-4,3,1.7503172e+28,0.000000
10,-7,31,1.74615e+28,0.000000
7,2,17,1.7322914e+28,0.000000
6,6,7,1.7301181e+28,0.000000
6,6,12,1.7271244e+28,0.000000
6,3,29,1.7199905e+28,0.000000
7,-2,18,1.7131402e+28,0.000000
6,2,31,1.7096699e+28,0.000000
8,4,3,1.6983718e+28,0.000000
4,-3,-26,1.6834228e+28,0.000000
9,-9,55,1.6830922e+28,0.000000
5,2,-13,1.6817121e+28,0.000000
9,-6,40,1.6782696e+28,0.000000
4,-4,-22,1.6706463e+28,0.000000
7,-1,27,1.6640951e+28,0.000000
4,1,-29,1.6556377e+28,0.000000
9,-7,53,1.6532101e+28,0.000000
8,4,2,1.6459128e+28,0.000000
7,5,19,1.636122e+28,0.000000
9,-3,13,1.6350093e+28,0.000000
10,-10,8,1.6294073e+28,0.000000
6,-4,-12,1.626623e+28,0.000000
6,0,-22,1.6232688e+28,0.000000
6,0,22,1.6232688e+28,0.000000
9,-9,2,1.6187854e+28,0.000000
3,-2,-35,1.6134401e+28,0.000000
7,-4,53,1.613112e+28,0.000000
7,2,13,1.6129327e+28,0.000000
9,-4,23,1.6067992e+28,0.000000
6,6,13,1.6056206e+28,0.000000
3,0,-46,1.6026213e+28,0.000000
3,0,46,1.6026213e+28,0.000000
4,3,47,1.5821259e+28,0.000000
2,-1,-45,1.5780914e+28,0.000000
7,1,23,1.5740812e+28,0.000000
4,-1,-36,1.5739562e+28,0.000000
8,-5,38,1.5618618e+28,0.000000
10,-6,22,1.5613898e+28,0.000000
7,2,18,1.5574351e+28,0.000000
7,2,12,1.5505452e+28,0.000000
4,2,-20,1.5434594e+28,0.000000
10,-8,41,1.5376007e+28,0.000000
8,-8,-4,1.5255703e+28,0.000000
5,3,35,1.5213538e+28,0.000000
2,-2,-51,1.5197128e+28,0.000000
5,5,42,1.5122263e+28,0.000000
5,-4,-12,1.5072914e+28,0.000000
5,-3,-23,1.5065057e+28,0.000000
6,1,25,1.5037267e+28,0.000000
4,4,49,1.4986278e+28,0.000000
10,-10,26,1.4866638e+28,0.000000
6,5,31,1.4707565e+28,0.000000
6,4,26,1.4668833e+28,0.000000
10,-7,32,1.4653901e+28,0.000000
6,6,14,1.4560418e+28,0.000000
6,-3,53,1.4472305e+28,0.000000
5,0,-35,1.4392044e+28,0.000000
5,0,35,1.4392044e+28,0.000000
9,-3,14,1.4387125e+28,0.000000
10,-9,27,1.4368463e+28,0.000000
5,-1,-33,1.4334155e+28,0.000000
7,4,15,1.4316465e+28,0.000000
3,1,44,1.4302466e+28,0.000000
7,-2,19,1.4294029e+28,0.000000
6,-1,29,1.4187895e+28,0.000000
10,-5,13,1.4182412e+28,0.000000
4,-4,-5,1.4159979e+28,0.000000
10,-4,10,1.4038033e+28,0.000000
8,4,4,1.3991326e+28,0.000000
6,-2,-16,1.3974428e+28,0.000000
3,-1,-42,1.3892725e+28,0.000000
4,-1,54,1.381721e+28,0.000000
2,0,-49,1.3698236e+28,0.000000
2,0,49,1.3698236e+28,0.000000
5,-3,-4,1.3560963e+28,0.000000
4,1,41,1.353695e+28,0.000000
7,5,20,1.3506726e+28,0.000000
7,3,19,1.3504006e+28,0.000000
7,2,19,1.3431809e+28,0.000000
8,-3,21,1.3310593e+28,0.000000
10,-8,42,1.3250532e+28,0.000000
7,-3,44,1.3249059e+28,0.000000
5,4,43,1.3195994e+28,0.000000
3,3,-15,1.3131603e+28,0.000000
2,-2,-52,1.3096994e+28,0.000000
6,6,15,1.2969086e+28,0.000000
3,1,-34,1.2921916e+28,0.000000
6,1,-18,1.2857331e+28,0.000000
6,3,30,1.2829528e+28,0.000000
3,3,52,1.2812652e+28,0.000000
6,-2,38,1.2774356e+28,0.000000
9,-7,54,1.2732862e+28,0.000000
6,2,-14,1.264816e+28,0.000000
8,2,12,1.2616443e+28,0.000000
2,2,52,1.2503472e+28,0.000000
8,-1,5,1.2486939e+28,0.000000
9,-5,36,1.2434195e+28,0.000000
7,-1,-12,1.2292553e+28,0.000000
10,-7,33,1.2262982e+28,0.000000
6,5,32,1.225717e+28,0.000000
9,-3,15,1.2251873e+28,0.000000
6,-1,-23,1.2131848e+28,0.000000
5,-2,-20,1.2126478e+28,0.000000
4,0,-42,1.2113469e+28,0.000000
4,0,42,1.2113469e+28,0.000000
6,-4,-6,1.1955195e+28,0.000000
3,-3,-35,1.1919366e+28,0.000000
5,-1,39,1.1886711e+28,0.000000
5,-1,40,1.1865923e+28,0.000000
7,-4,54,1.1836398e+28,0.000000
7,1,-11,1.1799916e+28,0.000000
9,-6,41,1.1776918e+28,0.000000
5,-2,44,1.1708502e+28,0.000000
2,1,-34,1.1578972e+28,0.000000
5,5,43,1.1577454e+28,0.000000
7,-2,20,1.1561715e+28,0.000000
5,5,-5,1.1518251e+28,0.000000
10,-9,28,1.1517157e+28,0.000000
6,6,16,1.1446608e+28,0.000000
10,-10,27,1.141095e+28,0.000000
10,-8,43,1.1365566e+28,0.000000
5,2,35,1.1281144e+28,0.000000
2,-2,-53,1.1254093e+28,0.000000
6,2,32,1.1219817e+28,0.000000
7,2,20,1.1177761e+28,0.000000
9,-3,1,1.1152345e+28,0.000000
5,1,-28,1.1130041e+28,0.000000
10,-8,2,1.1119128e+28,0.000000
3,2,48,1.1111243e+28,0.000000
5,-1,41,1.1109609e+28,0.000000
9,-4,24,1.1054387e+28,0.000000
5,-1,38,1.1043574e+28,0.000000
3,-2,-36,1.0957887e+28,0.000000
7,5,21,1.0952712e+28,0.000000
8,-4,35,1.0795144e+28,0.000000
4,3,48,1.0753221e+28,0.000000
4,4,50,1.0683326e+28,0.000000
8,4,5,1.067026e+28,0.000000
8,-8,-5,1.0594455e+28,0.000000
5,-1,36,1.0541645e+28,0.000000
7,0,-15,1.0512298e+28,0.000000
7,0,15,1.0512298e+28,0.000000
10,-5,14,1.0449295e+28,0.000000
8,-2,16,1.0441305e+28,0.000000
4,-2,-28,1.0402087e+28,0.000000
5,3,36,1.0351896e+28,0.000000
10,-7,34,1.0221301e+28,0.000000
6,-4,-13,1.0151237e+28,0.000000
6,5,33,1.014162e+28,0.000000
6,6,17,1.0109143e+28,0.000000
7,1,24,1.0101561e+28,0.000000
7,4,16,1.0100729e+28,0.000000
10,-6,23,1.0073948e+28,0.000000
9,-3,16,1.0059408e+28,0.000000
7,-1,28,9.9258813e+27,0.000000
5,-1,42,9.9005559e+27,0.000000
8,4,0,9.8885475e+27,0.000000
4,-3,-27,9.8806498e+27,0.000000
9,-7,-3,9.8662892e+27,0.000000
4,1,42,9.8462056e+27,0.000000
5,-1,37,9.8409555e+27,0.000000
9,-7,55,9.7948397e+27,0.000000
3,0,-47,9.7948211e+27,0.000000
3,0,47,9.7948211e+27,0.000000
2,1,39,9.7744684e+27,0.000000
8,-3,22,9.7222028e+27,0.000000
3,1,45,9.713153e+27,0.000000
10,-8,44,9.7016613e+27,0.000000
5,4,44,9.662977e+27,0.000000
4,2,39,9.6509565e+27,0.000000
2,-2,-54,9.6420863e+27,0.000000
3,2,-17,9.6297891e+27,0.000000
5,0,-36,9.5551575e+27,0.000000
5,0,36,9.5551575e+27,0.000000
7,-6,-5,9.5209744e+27,0.000000
6,3,31,9.4728157e+27,0.000000
4,3,-9,9.4681574e+27,0.000000
8,-4,-3,9.4115796e+27,0.000000
7,-3,45,9.3965509e+27,0.000000
10,-9,29,9.3912761e+27,0.000000
5,-3,-24,9.3763033e+27,0.000000
4,1,-30,9.3645866e+27,0.000000
4,-1,55,9.3179718e+27,0.000000
5,-4,-13,9.2263992e+27,0.000000
8,0,-2,9.2140105e+27,0.000000
8,0,2,9.2140105e+27,0.000000
5,2,-14,9.2126571e+27,0.000000
2,-1,-46,9.2086426e+27,0.000000
2,0,-50,9.2009343e+27,0.000000
2,0,50,9.2009343e+27,0.000000
6,-3,54,9.1852163e+27,0.000000
5,1,32,9.1272428e+27,0.000000
10,-4,11,9.1160013e+27,0.000000
7,-2,21,9.0932043e+27,0.000000
7,2,21,9.0203973e+27,0.000000
6,6,18,9.0161351e+27,0.000000
10,-10,28,8.9030065e+27,0.000000
6,1,-19,8.8877777e+27,0.000000
8,-5,39,8.8508067e+27,0.000000
5,5,44,8.8403064e+27,0.000000
7,5,22,8.7376161e+27,0.000000
4,-1,-37,8.7133603e+27,0.000000
7,-4,55,8.6876158e+27,0.000000
8,4,1,8.6486538e+27,0.000000
9,-5,37,8.5765545e+27,0.000000
8,-3,23,8.5322736e+27,0.000000
5,-1,43,8.496521e+27,0.000000
10,-7,35,8.4780921e+27,0.000000
6,4,27,8.4665935e+27,0.000000
3,3,53,8.4509919e+27,0.000000
4,-4,-23,8.3662767e+27,0.000000
6,5,34,8.3333405e+27,0.000000
8,-3,24,8.3090008e+27,0.000000
5,-1,-34,8.3045991e+27,0.000000
8,-3,25,8.2778582e+27,0.000000
10,-8,45,8.2408742e+27,0.000000
2,-2,-55,8.2373965e+27,0.000000
9,-6,42,8.1855558e+27,0.000000
6,6,19,8.1762756e+27,0.000000
2,2,53,8.1735957e+27,0.000000
8,-7,-3,8.0916261e+27,0.000000
8,-3,26,8.0905129e+27,0.000000
6,-2,-17,8.0693932e+27,0.000000
8,0,-10,8.0647834e+27,0.000000
8,0,10,8.0647834e+27,0.000000
6,0,-23,7.9984967e+27,0.000000
6,0,23,7.9984967e+27,0.000000
8,2,13,7.9745295e+27,0.000000
8,0,-11,7.9709997e+27,0.000000
8,0,11,7.9709997e+27,0.000000
9,-3,17,7.9551546e+27,0.000000
10,-5,15,7.9141245e+27,0.000000
6,-2,39,7.8786504e+27,0.000000
6,-1,-24,7.8768392e+27,0.000000
10,-4,2,7.8727976e+27,0.000000
2,2,-21,7.8347549e+27,0.000000
10,-9,30,7.7841291e+27,0.000000
6,1,26,7.7187591e+27,0.000000
8,4,6,7.7002505e+27,0.000000
9,-8,1,7.6667758e+27,0.000000
8,-3,27,7.6486392e+27,0.000000
9,-4,-1,7.6428486e+27,0.000000
4,4,51,7.6108671e+27,0.000000
6,6,20,7.5613499e+27,0.000000
6,-5,-5,7.5103176e+27,0.000000
6,2,-15,7.4731174e+27,0.000000
4,0,-43,7.4374329e+27,0.000000
4,0,43,7.4374329e+27,0.000000
3,-2,-37,7.3802219e+27,0.000000
9,-4,25,7.3785401e+27,0.000000
5,4,-4,7.3682824e+27,0.000000
6,-3,-3,7.3284341e+27,0.000000
3,-1,-43,7.3146771e+27,0.000000
6,2,33,7.3125726e+27,0.000000
4,3,49,7.2965434e+27,0.000000
7,-3,-7,7.2090757e+27,0.000000
4,1,43,7.1233398e+27,0.000000
6,6,21,7.1221083e+27,0.000000
7,2,22,7.088015e+27,0.000000
5,-1,44,7.0813419e+27,0.000000
8,0,-12,7.0726447e+27,0.000000
8,0,12,7.0726447e+27,0.000000
5,4,45,7.0672042e+27,0.000000
10,-10,29,7.0368259e+27,0.000000
8,0,-9,7.0266913e+27,0.000000
8,0,9,7.0266913e+27,0.000000
5,3,37,6.9999417e+27,0.000000
10,-7,36,6.9934258e+27,0.000000
8,-3,28,6.9813389e+27,0.000000
7,-2,22,6.9739121e+27,0.000000
10,-8,46,6.9659717e+27,0.000000
6,3,32,6.9305066e+27,0.000000
4,2,-21,6.9232037e+27,0.000000
9,-4,0,6.9170684e+27,0.000000
8,-7,-4,6.9169566e+27,0.000000
7,4,17,6.8760292e+27,0.000000
7,3,20,6.8758759e+27,0.000000
9,-5,-3,6.8713736e+27,0.000000
7,5,23,6.8674019e+27,0.000000
3,1,-35,6.8421672e+27,0.000000
8,4,-2,6.8311145e+27,0.000000
6,5,35,6.804348e+27,0.000000
6,6,22,6.8022718e+27,0.000000
3,2,49,6.8005833e+27,0.000000
5,5,45,6.7439102e+27,0.000000
3,-3,-36,6.7360918e+27,0.000000
7,-3,-8,6.7099116e+27,0.000000
7,-3,46,6.6473689e+27,0.000000
9,-7,-4,6.6207991e+27,0.000000
6,-3,-5,6.5835983e+27,0.000000
5,2,36,6.575374e+27,0.000000
10,-9,31,6.5498025e+27,0.000000
6,6,23,6.5488065e+27,0.000000
6,-1,30,6.5346116e+27,0.000000
10,-9,6,6.5175387e+27,0.000000
3,1,46,6.5106912e+27,0.000000
8,-1,6,6.4909963e+27,0.000000
5,1,-29,6.488877e+27,0.000000
3,3,-16,6.427509e+27,0.000000
10,-6,24,6.4131468e+27,0.000000
7,1,25,6.3747743e+27,0.000000
2,1,-35,6.3618042e+27,0.000000
2,0,-51,6.3505296e+27,0.000000
2,0,51,6.3505296e+27,0.000000
5,0,-37,6.3253537e+27,0.000000
5,0,37,6.3253537e+27,0.000000
6,6,24,6.3181241e+27,0.000000
8,0,-6,6.2540429e+27,0.000000
8,0,6,6.2540429e+27,0.000000
6,0,-24,6.2202754e+27,0.000000
6,0,24,6.2202754e+27,0.000000
10,-4,1,6.2044247e+27,0.000000
10,-5,16,6.1715697e+27,0.000000
8,-3,29,6.1677101e+27,0.000000
6,-4,-14,6.1570996e+27,0.000000
6,0,-25,6.1269094e+27,0.000000
6,0,25,6.1269094e+27,0.000000
6,6,25,6.0787622e+27,0.000000
4,4,-8,6.0753966e+27,0.000000
6,0,-26,6.0645726e+27,0.000000
6,0,26,6.0645726e+27,0.000000
9,-3,18,6.0599481e+27,0.000000
6,1,-20,6.0302152e+27,0.000000
3,0,-48,5.998212e+27,0.000000
3,0,48,5.998212e+27,0.000000
10,-4,12,5.9237988e+27,0.000000
10,-6,0,5.9019759e+27,0.000000
10,-8,47,5.8601109e+27,0.000000
8,-5,40,5.8487409e+27,0.000000
9,-5,38,5.8383403e+27,0.000000
7,-1,29,5.8338261e+27,0.000000
6,6,26,5.8114746e+27,0.000000
4,-3,-28,5.8103163e+27,0.000000
5,-3,-25,5.8052904e+27,0.000000
5,-2,-21,5.7997834e+27,0.000000
8,-4,36,5.7991974e+27,0.000000
8,0,-13,5.7854584e+27,0.000000
8,0,13,5.7854584e+27,0.000000
5,-1,45,5.7662877e+27,0.000000
9,-9,1,5.7572102e+27,0.000000
6,-3,55,5.7471479e+27,0.000000
10,-7,37,5.7343729e+27,0.000000
10,-8,1,5.7341365e+27,0.000000
6,0,-27,5.6554505e+27,0.000000
6,0,27,5.6554505e+27,0.000000
9,-6,43,5.6346197e+27,0.000000
10,-10,30,5.6297682e+27,0.000000
7,0,-16,5.6244288e+27,0.000000
7,0,16,5.6244288e+27,0.000000
10,-9,32,5.5838133e+27,0.000000
3,3,54,5.5733265e+27,0.000000
10,-10,7,5.5421039e+27,0.000000
6,5,36,5.5230671e+27,0.000000
6,6,27,5.5076987e+27,0.000000
5,-4,-14,5.5027384e+27,0.000000
2,-1,-47,5.4624932e+27,0.000000
2,2,54,5.4432487e+27,0.000000
7,2,23,5.441396e+27,0.000000
4,4,52,5.4177036e+27,0.000000
7,5,24,5.3247808e+27,0.000000
6,-1,-2,5.3221939e+27,0.000000
8,-3,30,5.2932082e+27,0.000000
4,1,-31,5.2833094e+27,0.000000
8,4,7,5.2336581e+27,0.000000
7,-2,23,5.2290988e+27,0.000000
6,6,28,5.1672177e+27,0.000000
5,4,46,5.1636327e+27,0.000000
7,2,-1,5.1557994e+27,0.000000
4,1,44,5.1289802e+27,0.000000
5,5,46,5.1205879e+27,0.000000
4,3,-10,5.0741888e+27,0.000000
6,-1,-25,5.0684476e+27,0.000000
8,0,-8,5.0413061e+27,0.000000
8,0,8,5.0413061e+27,0.000000
6,3,33,5.0285555e+27,0.000000
6,-3,-6,4.9891335e+27,0.000000
5,2,-15,4.969693e+27,0.000000
6,0,-28,4.9610053e+27,0.000000
6,0,28,4.9610053e+27,0.000000
10,-5,17,4.9583599e+27,0.000000
5,-2,45,4.9520846e+27,0.000000
8,-2,17,4.9514342e+27,0.000000
4,3,50,4.9411652e+27,0.000000
3,-2,-38,4.9333753e+27,0.000000
10,-8,48,4.9068012e+27,0.000000
7,-3,-9,4.8841438e+27,0.000000
8,1,3,4.873408e+27,0.000000
4,2,40,4.8664061e+27,0.000000
6,-2,40,4.8284347e+27,0.000000
10,-9,33,4.8115814e+27,0.000000
6,6,29,4.7956216e+27,0.000000
5,-1,-35,4.7899899e+27,0.000000
6,4,28,4.7860335e+27,0.000000
4,-1,-38,4.7804599e+27,0.000000
9,-4,26,4.7696924e+27,0.000000
8,-5,41,4.7376988e+27,0.000000
6,2,34,4.7355324e+27,0.000000
5,3,38,4.7066374e+27,0.000000
8,2,14,4.6957136e+27,0.000000
7,-3,47,4.6929573e+27,0.000000
10,-7,38,4.6726057e+27,0.000000
5,-1,46,4.6072661e+27,0.000000
7,1,-12,4.6067355e+27,0.000000
6,-2,-18,4.5882995e+27,0.000000
10,-10,31,4.564876e+27,0.000000
10,-7,2,4.5587728e+27,0.000000
4,0,-44,4.5476373e+27,0.000000
4,0,44,4.5476373e+27,0.000000
5,3,-8,4.5455837e+27,0.000000
7,4,18,4.5086462e+27,0.000000
2,0,-52,4.4815726e+27,0.000000
2,0,52,4.4815726e+27,0.000000
8,3,1,4.467715e+27,0.000000
6,5,37,4.4583628e+27,0.000000
8,-5,42,4.4568782e+27,0.000000
9,-3,19,4.4485061e+27,0.000000
8,-5,43,4.444772e+27,0.000000
8,0,-14,4.4369184e+27,0.000000
8,0,14,4.4369184e+27,0.000000
8,-5,44,4.4342866e+27,0.000000
8,-3,31,4.4288867e+27,0.000000
7,-1,-13,4.4037862e+27,0.000000
6,6,30,4.4019556e+27,0.000000
8,1,4,4.3553043e+27,0.000000
6,2,-16,4.3426419e+27,0.000000
8,-5,45,4.3230795e+27,0.000000
3,1,47,4.3068661e+27,0.000000
10,-5,2,4.2133562e+27,0.000000
4,-4,-24,4.2070496e+27,0.000000
10,-9,34,4.1806616e+27,0.000000
5,0,-38,4.1759201e+27,0.000000
5,0,38,4.1759201e+27,0.000000
3,2,50,4.1729414e+27,0.000000
6,0,-29,4.1372662e+27,0.000000
6,0,29,4.1372662e+27,0.000000
10,-6,25,4.1276733e+27,0.000000
10,-5,18,4.0972219e+27,0.000000
8,-5,46,4.0941833e+27,0.000000
7,2,24,4.0924112e+27,0.000000
10,-8,49,4.0900201e+27,0.000000
7,5,25,4.0780442e+27,0.000000
6,1,-21,4.025327e+27,0.000000
6,6,31,4.0020869e+27,0.000000
7,-3,-6,3.9656661e+27,0.000000
7,1,26,3.9601354e+27,0.000000
3,2,-18,3.9303389e+27,0.000000
9,-5,39,3.9238469e+27,0.000000
5,5,47,3.8864021e+27,0.000000
3,-1,-44,3.8664529e+27,0.000000
4,4,53,3.8525998e+27,0.000000
7,-2,24,3.8421566e+27,0.000000
9,-6,44,3.8409299e+27,0.000000
10,-4,13,3.8274738e+27,0.000000
3,-3,-37,3.8243102e+27,0.000000
6,1,27,3.8193909e+27,0.000000
10,-7,39,3.7829993e+27,0.000000
5,2,37,3.7807765e+27,0.000000
5,1,-30,3.7707477e+27,0.000000
5,4,47,3.7695233e+27,0.000000
8,-5,47,3.7693772e+27,0.000000
10,-10,32,3.7596769e+27,0.000000
5,2,-3,3.7423736e+27,0.000000
8,-1,7,3.7040347e+27,0.000000
2,2,55,3.7021601e+27,0.000000
3,0,-49,3.6932568e+27,0.000000
3,0,49,3.6932568e+27,0.000000
3,3,55,3.681456e+27,0.000000
10,-6,-1,3.678707e+27,0.000000
4,1,45,3.6769848e+27,0.000000
6,-4,-15,3.6598807e+27,0.000000
10,-9,35,3.6549105e+27,0.000000
8,-3,32,3.62455e+27,0.000000
5,-1,47,3.6229797e+27,0.000000
6,3,34,3.6211034e+27,0.000000
3,1,-36,3.6154625e+27,0.000000
5,1,33,3.5932281e+27,0.000000
6,6,32,3.5914084e+27,0.000000
6,5,38,3.5796355e+27,0.000000
5,-3,-26,3.5795004e+27,0.000000
8,0,-7,3.5663543e+27,0.000000
8,0,7,3.5663543e+27,0.000000
2,1,-36,3.5027635e+27,0.000000
8,-4,37,3.4720941e+27,0.000000
10,-5,19,3.4665646e+27,0.000000
9,-1,2,3.4479185e+27,0.000000
4,-3,-29,3.4230737e+27,0.000000
10,-8,50,3.3943886e+27,0.000000
8,4,8,3.3904268e+27,0.000000
8,-5,48,3.3832823e+27,0.000000
7,-1,30,3.3776672e+27,0.000000
4,3,51,3.338146e+27,0.000000
6,-1,31,3.3213021e+27,0.000000
2,-1,-48,3.3194785e+27,0.000000
6,0,-30,3.3149355e+27,0.000000
6,0,30,3.3149355e+27,0.000000
7,-3,48,3.3076485e+27,0.000000
7,3,21,3.2910582e+27,0.000000
3,-2,-39,3.2750739e+27,0.000000
6,-1,-26,3.2356264e+27,0.000000
8,0,-15,3.2254423e+27,0.000000
8,0,15,3.2254423e+27,0.000000
5,-4,-15,3.2195029e+27,0.000000
6,6,33,3.2141688e+27,0.000000
2,0,-53,3.2115867e+27,0.000000
2,0,53,3.2115867e+27,0.000000
10,-9,36,3.2098728e+27,0.000000
4,-2,-29,3.2080631e+27,0.000000
3,3,-17,3.1896895e+27,0.000000
10,-10,33,3.1509104e+27,0.000000
5,3,39,3.1482109e+27,0.000000
9,-3,20,3.1481372e+27,0.000000
7,-3,-10,3.1170485e+27,0.000000
9,-9,0,3.115871e+27,0.000000
7,5,26,3.0883404e+27,0.000000
9,-2,4,3.0767876e+27,0.000000
4,2,-22,3.0502679e+27,0.000000
6,2,35,3.0480767e+27,0.000000
10,-7,40,3.0428771e+27,0.000000
7,2,25,3.0221372e+27,0.000000
6,1,-2,2.9940335e+27,0.000000
8,8,35,2.9833933e+27,0.000000
10,-5,20,2.9832113e+27,0.000000
9,-4,27,2.9798717e+27,0.000000
4,1,-32,2.9720612e+27,0.000000
8,-5,49,2.9701358e+27,0.000000
5,5,48,2.9449592e+27,0.000000
6,-2,41,2.9378674e+27,0.000000
2,2,-22,2.9234373e+27,0.000000
8,3,7,2.9103655e+27,0.000000
8,-3,33,2.9094002e+27,0.000000
9,-2,2,2.8616437e+27,0.000000
6,5,39,2.8604701e+27,0.000000
8,1,5,2.8604072e+27,0.000000
8,3,6,2.8407541e+27,0.000000
7,4,19,2.8407126e+27,0.000000
7,0,-17,2.8324674e+27,0.000000
7,0,17,2.8324674e+27,0.000000
10,-9,37,2.8291378e+27,0.000000
8,3,8,2.8161638e+27,0.000000
6,6,34,2.8128772e+27,0.000000
3,1,48,2.8123371e+27,0.000000
5,-1,48,2.8097815e+27,0.000000
10,-8,51,2.8053542e+27,0.000000
10,-6,26,2.7998726e+27,0.000000
8,-1,12,2.7859522e+27,0.000000
7,-2,25,2.7721094e+27,0.000000
4,0,-45,2.7716861e+27,0.000000
4,0,45,2.7716861e+27,0.000000
4,3,-11,2.7696619e+27,0.000000
6,5,-4,2.7514482e+27,0.000000
5,4,48,2.7497711e+27,0.000000
5,0,-39,2.7497036e+27,0.000000
5,0,39,2.7497036e+27,0.000000
5,-1,-36,2.7487821e+27,0.000000
4,4,54,2.7365788e+27,0.000000
8,-1,13,2.727137e+27,0.000000
8,-1,11,2.6933512e+27,0.000000
5,-2,-22,2.690909e+27,0.000000
10,-10,34,2.6879689e+27,0.000000
6,1,-22,2.6491137e+27,0.000000
6,4,29,2.6440327e+27,0.000000
5,2,-16,2.6360206e+27,0.000000
4,1,46,2.6252418e+27,0.000000
9,-5,40,2.6045825e+27,0.000000
8,-1,8,2.5982486e+27,0.000000
4,-1,-39,2.595066e+27,0.000000
9,-6,45,2.5925978e+27,0.000000
10,-5,21,2.5914833e+27,0.000000
6,3,35,2.5896783e+27,0.000000
8,3,9,2.5882935e+27,0.000000
3,2,51,2.5806355e+27,0.000000
6,0,-31,2.5734995e+27,0.000000
6,0,31,2.5734995e+27,0.000000
6,-2,-19,2.5733212e+27,0.000000
8,2,15,2.5666374e+27,0.000000
8,-5,50,2.5580007e+27,0.000000
8,3,5,2.5532069e+27,0.000000
8,-6,-5,2.5403668e+27,0.000000
8,-1,14,2.5279065e+27,0.000000
10,-9,38,2.501557e+27,0.000000
8,-1,10,2.5012856e+27,0.000000
6,2,-17,2.4845225e+27,0.000000
9,-2,5,2.4787885e+27,0.000000
10,-4,14,2.477761e+27,0.000000
6,-3,-7,2.4744898e+27,0.000000
9,-2,3,2.4729559e+27,0.000000
8,-4,38,2.4704242e+27,0.000000
6,6,35,2.4554188e+27,0.000000
8,3,0,2.4459318e+27,0.000000
2,1,40,2.442977e+27,0.000000
10,-7,41,2.4316473e+27,0.000000
6,6,-5,2.4262573e+27,0.000000
7,1,27,2.4233642e+27,0.000000
8,-1,9,2.3666994e+27,0.000000
4,2,41,2.3564515e+27,0.000000
8,-2,18,2.3430193e+27,0.000000
10,-10,35,2.3304112e+27,0.000000
7,-3,49,2.327911e+27,0.000000
2,0,-54,2.3193173e+27,0.000000
2,0,54,2.3193173e+27,0.000000
7,5,27,2.3150396e+27,0.000000
10,-8,52,2.3093441e+27,0.000000
3,0,-50,2.2984235e+27,0.000000
3,0,50,2.2984235e+27,0.000000
8,-3,34,2.2959582e+27,0.000000
6,5,40,2.2753572e+27,0.000000
8,3,10,2.2611932e+27,0.000000
10,-5,22,2.2557091e+27,0.000000
4,3,52,2.248908e+27,0.000000
4,4,-9,2.2459335e+27,0.000000
8,0,-16,2.239213e+27,0.000000
8,0,16,2.239213e+27,0.000000
5,-5,-9,2.2366601e+27,0.000000
8,-1,15,2.2293826e+27,0.000000
5,5,49,2.2287183e+27,0.000000
10,-9,39,2.2192286e+27,0.000000
8,4,9,2.2007324e+27,0.000000
5,-3,-27,2.1999043e+27,0.000000
7,2,26,2.1954474e+27,0.000000
5,1,-31,2.1843055e+27,0.000000
3,-3,-38,2.1821581e+27,0.000000
8,-5,51,2.1670933e+27,0.000000
3,-2,-40,2.1602825e+27,0.000000
5,-1,49,2.1521137e+27,0.000000
9,-3,21,2.1481411e+27,0.000000
6,-4,-16,2.143719e+27,0.000000
5,2,38,2.1395839e+27,0.000000
6,6,36,2.1239679e+27,0.000000
4,-4,-25,2.1236914e+27,0.000000
6,-1,32,2.1159316e+27,0.000000
5,-2,46,2.1027217e+27,0.000000
10,-6,27,2.0962457e+27,0.000000
5,3,40,2.0954827e+27,0.000000
2,-1,-49,2.0911624e+27,0.000000
8,-4,39,2.0665363e+27,0.000000
3,-1,-45,2.0628522e+27,0.000000
6,-1,-27,2.0510655e+27,0.000000
10,-10,36,2.0468968e+27,0.000000
4,-3,-30,2.0202153e+27,0.000000
5,4,49,2.004614e+27,0.000000
2,1,45,1.9897972e+27,0.000000
10,-9,40,1.9761288e+27,0.000000
8,3,4,1.9703191e+27,0.000000
7,-2,26,1.9674741e+27,0.000000
10,-5,23,1.9547791e+27,0.000000
6,2,36,1.9504122e+27,0.000000
10,-10,6,1.94961e+27,0.000000
8,3,2,1.9488489e+27,0.000000
6,0,-32,1.948351e+27,0.000000
6,0,32,1.948351e+27,0.000000
4,4,55,1.9400538e+27,0.000000
2,1,46,1.9375166e+27,0.000000
2,1,-37,1.9327053e+27,0.000000
10,-7,42,1.9306496e+27,0.000000
7,-1,31,1.9251574e+27,0.000000
9,-6,-3,1.9196124e+27,0.000000
3,1,-37,1.905752e+27,0.000000
10,-8,53,1.8938768e+27,0.000000
8,-4,40,1.8905766e+27,0.000000
8,-1,16,1.8802869e+27,0.000000
8,3,11,1.8781648e+27,0.000000
4,1,47,1.8667846e+27,0.000000
5,-4,-16,1.8566672e+27,0.000000
6,3,36,1.8404045e+27,0.000000
9,-2,6,1.8364485e+27,0.000000
6,6,37,1.8333235e+27,0.000000
9,-6,-2,1.8302057e+27,0.000000
2,1,44,1.8264656e+27,0.000000
7,-3,-11,1.824207e+27,0.000000
6,1,28,1.8197804e+27,0.000000
3,1,49,1.8146478e+27,0.000000
10,-10,37,1.8142893e+27,0.000000
8,-5,52,1.8101936e+27,0.000000
5,0,-40,1.8058819e+27,0.000000
5,0,40,1.8058819e+27,0.000000
6,5,41,1.8023111e+27,0.000000
9,-4,28,1.795358e+27,0.000000
8,1,2,1.7865155e+27,0.000000
8,-3,35,1.7848393e+27,0.000000
6,-2,42,1.772577e+27,0.000000
8,-4,41,1.7716923e+27,0.000000
10,-9,41,1.7672553e+27,0.000000
10,-6,28,1.7647791e+27,0.000000
9,-8,0,1.7570972e+27,0.000000
7,-1,-14,1.752969e+27,0.000000
2,1,47,1.7459223e+27,0.000000
9,-6,46,1.7328912e+27,0.000000
6,-1,33,1.7243314e+27,0.000000
6,1,-23,1.7219512e+27,0.000000
7,5,28,1.7192875e+27,0.000000
5,-2,53,1.7159475e+27,0.000000
7,4,20,1.7145026e+27,0.000000
9,-5,41,1.7082552e+27,0.000000
5,-2,52,1.6986415e+27,0.000000
5,5,50,1.6873353e+27,0.000000
4,0,-46,1.6871738e+27,0.000000
4,0,46,1.6871738e+27,0.000000
7,1,-13,1.6860241e+27,0.000000
10,-5,24,1.6779364e+27,0.000000
2,0,-55,1.6750038e+27,0.000000
2,0,55,1.6750038e+27,0.000000
5,-2,54,1.6690979e+27,0.000000
4,1,-33,1.6661546e+27,0.000000
8,1,6,1.6635815e+27,0.000000
10,-9,5,1.6574758e+27,0.000000
10,-4,15,1.6449234e+27,0.000000
8,-4,42,1.6436662e+27,0.000000
7,-3,50,1.6361268e+27,0.000000
10,-8,0,1.6347613e+27,0.000000
5,-1,50,1.6293236e+27,0.000000
10,-6,29,1.6277634e+27,0.000000
3,2,52,1.6213557e+27,0.000000
10,-10,38,1.6165159e+27,0.000000
5,-2,51,1.602139e+27,0.000000
6,-1,34,1.6002591e+27,0.000000
3,3,-18,1.5998276e+27,0.000000
10,-9,42,1.5881491e+27,0.000000
7,5,-4,1.5816683e+27,0.000000
5,-2,55,1.5760678e+27,0.000000
8,4,10,1.5752639e+27,0.000000
7,2,27,1.5713408e+27,0.000000
10,-6,30,1.5701286e+27,0.000000
5,-1,-37,1.568185e+27,0.000000
3,2,-19,1.5524784e+27,0.000000
6,6,38,1.5523503e+27,0.000000
10,-8,54,1.5476247e+27,0.000000
4,3,-12,1.5351484e+27,0.000000
10,-6,31,1.5253455e+27,0.000000
8,-1,17,1.5237042e+27,0.000000
10,-7,43,1.5230957e+27,0.000000
6,-1,35,1.5208739e+27,0.000000
4,3,53,1.5103125e+27,0.000000
5,-5,-10,1.5066611e+27,0.000000
7,3,22,1.502468e+27,0.000000
10,-2,3,1.4996531e+27,0.000000
8,-5,53,1.4939484e+27,0.000000
8,0,-17,1.4922522e+27,0.000000
8,0,17,1.4922522e+27,0.000000
8,-4,43,1.4908734e+27,0.000000
2,1,48,1.4858718e+27,0.000000
8,3,12,1.4837529e+27,0.000000
8,4,14,1.4734563e+27,0.000000
8,4,15,1.4649965e+27,0.000000
7,-1,-18,1.4624653e+27,0.000000
10,-6,32,1.4613665e+27,0.000000
7,1,28,1.4613092e+27,0.000000
5,4,50,1.4605836e+27,0.000000
7,-1,-17,1.4583304e+27,0.000000
3,0,-51,1.4561917e+27,0.000000
3,0,51,1.4561917e+27,0.000000
6,0,-33,1.4455772e+27,0.000000
6,0,33,1.4455772e+27,0.000000
10,-10,39,1.4431957e+27,0.000000
10,-9,43,1.4346723e+27,0.000000
6,-2,-20,1.4252925e+27,0.000000
5,-2,50,1.4241657e+27,0.000000
6,4,30,1.4234053e+27,0.000000
6,5,42,1.4220126e+27,0.000000
10,-5,25,1.421314e+27,0.000000
8,4,13,1.4186995e+27,0.000000
3,-2,-41,1.4164553e+27,0.000000
6,-1,36,1.4144081e+27,0.000000
9,-3,22,1.4130499e+27,0.000000
2,1,43,1.4098519e+27,0.000000
6,2,-18,1.4005951e+27,0.000000
4,-1,-40,1.3916354e+27,0.000000
2,-1,-50,1.388325e+27,0.000000
5,3,41,1.3881358e+27,0.000000
5,-5,-8,1.3858919e+27,0.000000
8,4,16,1.3852753e+27,0.000000
7,-2,27,1.3757559e+27,0.000000
5,2,-17,1.3726193e+27,0.000000
8,-3,36,1.3691193e+27,0.000000
10,-6,33,1.3683143e+27,0.000000
9,-2,7,1.3585378e+27,0.000000
8,4,11,1.349483e+27,0.000000
5,-3,-28,1.3485125e+27,0.000000
8,4,12,1.3458328e+27,0.000000
8,1,1,1.3395264e+27,0.000000
7,-1,-19,1.3384443e+27,0.000000
7,0,-18,1.3382745e+27,0.000000
7,0,18,1.3382745e+27,0.000000
4,1,48,1.3220073e+27,0.000000
7,-1,-16,1.3216218e+27,0.000000
8,3,-1,1.3200703e+27,0.000000
8,-4,44,1.3189427e+27,0.000000
8,3,3,1.3187485e+27,0.000000
5,1,34,1.3169017e+27,0.000000
6,6,39,1.3148485e+27,0.000000
4,2,-23,1.3147833e+27,0.000000
9,-9,-1,1.309111e+27,0.000000
10,-9,44,1.3029439e+27,0.000000
5,3,-9,1.3015192e+27,0.000000
6,3,37,1.3003838e+27,0.000000
8,2,16,1.2965187e+27,0.000000
8,-2,19,1.2949768e+27,0.000000
6,-1,-28,1.2919292e+27,0.000000
10,-10,40,1.2881977e+27,0.000000
10,-7,1,1.2840927e+27,0.000000
5,5,51,1.272632e+27,0.000000
6,-1,37,1.2725834e+27,0.000000
7,5,29,1.2660685e+27,0.000000
5,1,-32,1.2612619e+27,0.000000
10,-8,55,1.2604344e+27,0.000000
3,-3,-39,1.2523697e+27,0.000000
10,-6,34,1.2488921e+27,0.000000
8,4,17,1.2480747e+27,0.000000
8,-8,-6,1.2426867e+27,0.000000
6,-4,-17,1.2420243e+27,0.000000
6,2,37,1.2407663e+27,0.000000
7,-1,-15,1.2210308e+27,0.000000
8,-5,54,1.2204055e+27,0.000000
5,-1,51,1.2197423e+27,0.000000
2,1,49,1.2079637e+27,0.000000
5,-2,-23,1.2050867e+27,0.000000
5,-2,49,1.1954265e+27,0.000000
4,-3,-31,1.1942383e+27,0.000000
10,-7,44,1.1940345e+27,0.000000
8,-1,18,1.1910857e+27,0.000000
10,-9,45,1.1893591e+27,0.000000
5,2,39,1.1879788e+27,0.000000
10,-5,26,1.185057e+27,0.000000
5,0,-41,1.1828322e+27,0.000000
5,0,41,1.1828322e+27,0.000000
10,-4,16,1.1614064e+27,0.000000
3,1,50,1.1609452e+27,0.000000
6,4,-4,1.1569734e+27,0.000000
10,-10,41,1.1482963e+27,0.000000
7,-3,51,1.1482195e+27,0.000000
9,-6,47,1.1471741e+27,0.000000
5,-2,47,1.1442392e+27,0.000000
7,-1,-20,1.1398653e+27,0.000000
8,-4,45,1.1397876e+27,0.000000
10,-5,1,1.1255505e+27,0.000000
6,-3,-8,1.1222069e+27,0.000000
3,-1,-46,1.121428e+27,0.000000
6,5,43,1.1179103e+27,0.000000
8,3,13,1.1151564e+27,0.000000
10,-6,35,1.1115755e+27,0.000000
7,2,28,1.1094355e+27,0.000000
6,-1,38,1.1086755e+27,0.000000
6,6,40,1.1081383e+27,0.000000
9,-5,42,1.1076564e+27,0.000000
6,1,-24,1.1072572e+27,0.000000
10,-9,46,1.0906416e+27,0.000000
4,2,42,1.0853674e+27,0.000000
7,-1,32,1.0789922e+27,0.000000
8,4,18,1.0760036e+27,0.000000
4,-4,-26,1.075796e+27,0.000000
2,1,-38,1.0687828e+27,0.000000
5,4,51,1.0636261e+27,0.000000
5,-4,-17,1.0590551e+27,0.000000
6,-2,43,1.0587929e+27,0.000000
2,2,-23,1.0585883e+27,0.000000
6,0,-34,1.0550889e+27,0.000000
6,0,34,1.0550889e+27,0.000000
3,2,53,1.0462392e+27,0.000000
9,-4,29,1.0416014e+27,0.000000
8,-3,37,1.0378076e+27,0.000000
4,0,-47,1.0295919e+27,0.000000
4,0,47,1.0295919e+27,0.000000
10,-10,42,1.0220409e+27,0.000000
5,-2,48,1.0189756e+27,0.000000
9,-2,8,1.0165081e+27,0.000000
4,3,54,1.0108121e+27,0.000000
8,-2,23,1.0046344e+27,0.000000
8,-2,22,1.0045545e+27,0.000000
10,-9,47,1.0038954e+27,0.000000
3,1,-38,1.0017916e+27,0.000000
7,-3,-12,9.9915278e+26,0.000000
8,-2,20,9.9027849e+26,0.000000
2,-1,-51,9.8937397e+26,0.000000
8,-5,55,9.884467e+26,0.000000
7,4,21,9.8813896e+26,0.000000
10,-5,27,9.7104692e+26,0.000000
8,-2,21,9.6937179e+26,0.000000
4,-2,-30,9.6812199e+26,0.000000
10,-6,36,9.6629176e+26,0.000000
8,-4,46,9.6480405e+26,0.000000
10,-10,5,9.6471571e+26,0.000000
9,3,0,9.6310902e+26,0.000000
5,5,52,9.6062728e+26,0.000000
9,-8,-1,9.5840067e+26,0.000000
8,0,-18,9.5804386e+26,0.000000
8,0,18,9.5804386e+26,0.000000
8,-2,24,9.4971773e+26,0.000000
7,-2,28,9.4902956e+26,0.000000
3,0,-52,9.4759371e+26,0.000000
3,0,52,9.4759371e+26,0.000000
2,1,50,9.4575637e+26,0.000000
8,1,7,9.4375505e+26,0.000000
6,-1,39,9.3920852e+26,0.000000
6,6,41,9.3682671e+26,0.000000
4,1,49,9.3211407e+26,0.000000
10,-6,-2,9.3060226e+26,0.000000
10,-7,45,9.3030498e+26,0.000000
4,1,-34,9.3020089e+26,0.000000
10,-9,48,9.2663962e+26,0.000000
7,5,30,9.2515917e+26,0.000000
3,-2,-42,9.2367843e+26,0.000000
7,-1,-21,9.1839463e+26,0.000000
5,3,42,9.1514186e+26,0.000000
6,3,38,9.1395675e+26,0.000000
10,-10,43,9.0888973e+26,0.000000
5,-1,52,9.0293107e+26,0.000000
8,-1,19,9.0118589e+26,0.000000
10,-4,17,9.0103453e+26,0.000000
9,-3,23,8.9544259e+26,0.000000
8,4,19,8.9170199e+26,0.000000
5,-1,-38,8.8867691e+26,0.000000
4,4,-10,8.8679586e+26,0.000000
8,1,13,8.8430581e+26,0.000000
6,5,44,8.7575909e+26,0.000000
10,-5,0,8.6984577e+26,0.000000
7,1,29,8.683216e+26,0.000000
8,1,12,8.6115605e+26,0.000000
4,3,-13,8.6104764e+26,0.000000
10,-9,49,8.5682057e+26,0.000000
2,1,42,8.554175e+26,0.000000
8,-2,25,8.5088932e+26,0.000000
8,1,14,8.4851447e+26,0.000000
6,1,29,8.4171172e+26,0.000000
5,-3,-29,8.2489666e+26,0.000000
10,-6,37,8.2199396e+26,0.000000
5,-5,-11,8.1252381e+26,0.000000
3,3,-19,8.0911455e+26,0.000000
6,-1,-29,8.0903677e+26,0.000000
10,-10,44,8.0860994e+26,0.000000
7,-3,52,8.0437677e+26,0.000000
8,-4,47,8.0237171e+26,0.000000
9,-3,-1,8.0233401e+26,0.000000
8,3,14,7.9724282e+26,0.000000
10,-9,50,7.9279945e+26,0.000000
6,2,38,7.8462944e+26,0.000000
10,-5,28,7.8129996e+26,0.000000
6,-2,-21,7.8026795e+26,0.000000
8,1,11,7.7934126e+26,0.000000
6,2,-19,7.7847303e+26,0.000000
8,-3,38,7.7833557e+26,0.000000
6,-1,40,7.7724324e+26,0.000000
5,4,52,7.7416487e+26,0.000000
9,-2,1,7.7394793e+26,0.000000
7,2,29,7.7350851e+26,0.000000
5,0,-42,7.7251135e+26,0.000000
5,0,42,7.7251135e+26,0.000000
9,1,2,7.7178093e+26,0.000000
10,-4,18,7.7064547e+26,0.000000
8,1,15,7.6751342e+26,0.000000
2,-1,-52,7.6713068e+26,0.000000
6,-3,-12,7.6530481e+26,0.000000
6,6,42,7.6447177e+26,0.000000
6,0,-35,7.5976089e+26,0.000000
6,0,35,7.5976089e+26,0.000000
9,-2,9,7.560273e+26,0.000000
9,-6,48,7.5252773e+26,0.000000
10,-7,0,7.5252638e+26,0.000000
9,3,3,7.4486834e+26,0.000000
6,-3,-13,7.4474725e+26,0.000000
6,4,31,7.4387957e+26,0.000000
3,1,51,7.4186963e+26,0.000000
7,6,11,7.363072e+26,0.000000
4,-1,-41,7.3628667e+26,0.000000
10,-9,51,7.3332118e+26,0.000000
8,-2,26,7.2803987e+26,0.000000
5,1,-33,7.2579113e+26,0.000000
7,6,12,7.2494627e+26,0.000000
5,5,53,7.2477122e+26,0.000000
3,-3,-40,7.2382403e+26,0.000000
7,6,10,7.2115683e+26,0.000000
10,-10,45,7.2091011e+26,0.000000
6,-3,-11,7.2063152e+26,0.000000
10,-7,46,7.2046222e+26,0.000000
7,1,-14,7.1935898e+26,0.000000
2,1,51,7.1624826e+26,0.000000
6,-4,-18,7.1375165e+26,0.000000
8,4,20,7.1319451e+26,0.000000
9,-5,43,7.106875e+26,0.000000
7,-1,-22,7.0870422e+26,0.000000
7,4,-3,7.0769037e+26,0.000000
9,3,4,7.0747586e+26,0.000000
4,-3,-32,7.0701537e+26,0.000000
7,3,23,7.0563467e+26,0.000000
6,1,-25,7.0530234e+26,0.000000
10,-4,19,7.0511623e+26,0.000000
3,2,54,7.0216769e+26,0.000000
5,2,-18,7.0043242e+26,0.000000
7,6,13,6.9605605e+26,0.000000
2,1,41,6.9478245e+26,0.000000
10,-4,0,6.8841686e+26,0.000000
6,5,45,6.8599484e+26,0.000000
10,-6,38,6.8557105e+26,0.000000
10,-9,52,6.7746928e+26,0.000000
6,-3,-9,6.7500182e+26,0.000000
4,3,55,6.7414626e+26,0.000000
7,5,31,6.7132535e+26,0.000000
7,6,9,6.7114799e+26,0.000000
6,-3,-14,6.7073089e+26,0.000000
8,1,10,6.6468546e+26,0.000000
10,-4,20,6.6274969e+26,0.000000
8,-1,20,6.6183921e+26,0.000000
5,-1,53,6.6074714e+26,0.000000
9,-1,6,6.6047532e+26,0.000000
8,1,16,6.5982215e+26,0.000000
8,-7,-5,6.5797998e+26,0.000000
8,-4,48,6.5747479e+26,0.000000
7,6,14,6.5725467e+26,0.000000
4,1,50,6.5410797e+26,0.000000
6,2,-2,6.5054132e+26,0.000000
2,-1,-53,6.4783096e+26,0.000000
7,-2,29,6.4655735e+26,0.000000
10,-10,46,6.4525676e+26,0.000000
6,-3,-10,6.4479831e+26,0.000000
5,2,40,6.444358e+26,0.000000
8,5,7,6.3988147e+26,0.000000
6,3,39,6.3923437e+26,0.000000
3,0,-53,6.3916573e+26,0.000000
3,0,53,6.3916573e+26,0.000000
8,5,6,6.3482855e+26,0.000000
4,0,-48,6.3393399e+26,0.000000
4,0,48,6.3393399e+26,0.000000
10,-9,4,6.3354145e+26,0.000000
3,-1,-47,6.3187982e+26,0.000000
6,-1,41,6.3092903e+26,0.000000
6,6,43,6.3035927e+26,0.000000
8,1,8,6.2743394e+26,0.000000
6,-2,44,6.2474009e+26,0.000000
10,-9,53,6.2461289e+26,0.000000
10,-8,-1,6.209648e+26,0.000000
10,-4,21,6.2035774e+26,0.000000
10,-5,29,6.1702407e+26,0.000000
7,6,15,6.1444502e+26,0.000000
5,3,-10,6.117813e+26,0.000000
8,2,17,6.0737538e+26,0.000000
8,5,8,6.0439753e+26,0.000000
5,3,43,6.0026423e+26,0.000000
3,-2,-43,5.9950172e+26,0.000000
8,-2,27,5.9938875e+26,0.000000
7,0,-19,5.9914794e+26,0.000000
7,0,19,5.9914794e+26,0.000000
5,-4,-18,5.9904422e+26,0.000000
3,2,-20,5.9643383e+26,0.000000
8,0,-19,5.9396549e+26,0.000000
8,0,19,5.9396549e+26,0.000000
7,-1,33,5.936782e+26,0.000000
2,1,-39,5.9248879e+26,0.000000
9,-1,7,5.9225002e+26,0.000000
2,-1,-54,5.8817878e+26,0.000000
9,-1,5,5.8724813e+26,0.000000
10,-4,-1,5.8470135e+26,0.000000
7,6,8,5.8415191e+26,0.000000
9,-4,30,5.8279664e+26,0.000000
8,8,32,5.8208348e+26,0.000000
10,-10,47,5.8082233e+26,0.000000
8,1,9,5.7951388e+26,0.000000
8,-3,39,5.781824e+26,0.000000
9,9,45,5.7601335e+26,0.000000
7,1,-17,5.753019e+26,0.000000
10,-9,54,5.743513e+26,0.000000
7,6,16,5.7191893e+26,0.000000
9,1,7,5.6901391e+26,0.000000
10,-4,22,5.6819758e+26,0.000000
6,-3,-15,5.6763399e+26,0.000000
5,4,53,5.6317271e+26,0.000000
2,-1,-55,5.6244587e+26,0.000000
7,-3,53,5.6220924e+26,0.000000
7,1,-18,5.6163614e+26,0.000000
10,-6,39,5.6160121e+26,0.000000
9,8,35,5.5996079e+26,0.000000
8,5,5,5.5826776e+26,0.000000
8,5,9,5.5572534e+26,0.000000
10,-7,47,5.5467395e+26,0.000000
8,4,21,5.5237216e+26,0.000000
4,2,-24,5.5142637e+26,0.000000
9,1,6,5.5114266e+26,0.000000
9,-2,10,5.4923821e+26,0.000000
9,3,5,5.4714241e+26,0.000000
4,-4,-27,5.4669321e+26,0.000000
5,5,54,5.4660764e+26,0.000000
9,-3,24,5.4591266e+26,0.000000
7,4,22,5.4345482e+26,0.000000
8,1,17,5.4278578e+26,0.000000
7,1,-16,5.4210374e+26,0.000000
8,3,15,5.4173996e+26,0.000000
6,0,-36,5.4100257e+26,0.000000
6,0,36,5.4100257e+26,0.000000
7,2,30,5.3299522e+26,0.000000
6,5,46,5.3264849e+26,0.000000
7,6,17,5.3251375e+26,0.000000
8,-4,49,5.3222501e+26,0.000000
7,-1,-23,5.2852342e+26,0.000000
10,-10,48,5.2651716e+26,0.000000
10,-9,55,5.2645981e+26,0.000000
2,1,52,5.2624995e+26,0.000000
3,1,-39,5.2510645e+26,0.000000
7,1,-15,5.1951634e+26,0.000000
5,-2,-24,5.1808419e+26,0.000000
7,-5,-5,5.1791176e+26,0.000000
6,6,44,5.1766078e+26,0.000000
7,-3,-13,5.169134e+26,0.000000
4,1,-35,5.1672688e+26,0.000000
8,5,10,5.0835557e+26,0.000000
7,1,30,5.0826312e+26,0.000000
10,-4,23,5.0521325e+26,0.000000
7,1,-19,5.0437337e+26,0.000000
6,-1,42,5.0413315e+26,0.000000
6,-1,-30,5.0389002e+26,0.000000
5,-3,-30,5.0372246e+26,0.000000
5,0,-43,5.0293132e+26,0.000000
5,0,43,5.0293132e+26,0.000000
5,-1,-39,4.9981322e+26,0.000000
7,6,18,4.9778183e+26,0.000000
10,-10,4,4.9691622e+26,0.000000
3,2,55,4.9557913e+26,0.000000
5,1,35,4.9483917e+26,0.000000
6,2,39,4.930746e+26,0.000000
9,-6,49,4.8963819e+26,0.000000
4,3,-14,4.8712461e+26,0.000000
9,1,8,4.8690465e+26,0.000000
7,5,32,4.8405289e+26,0.000000
10,-10,49,4.8106661e+26,0.000000
3,1,52,4.8043539e+26,0.000000
10,-2,4,4.7962231e+26,0.000000
10,-5,30,4.7823936e+26,0.000000
8,-2,28,4.7785614e+26,0.000000
5,-1,54,4.7770681e+26,0.000000
8,6,-3,4.747225e+26,0.000000
7,6,7,4.7405482e+26,0.000000
4,2,43,4.7388231e+26,0.000000
8,-1,21,4.7293357e+26,0.000000
7,6,19,4.6820603e+26,0.000000
8,5,11,4.668363e+26,0.000000
9,-1,8,4.6112381e+26,0.000000
9,-1,3,4.5990211e+26,0.000000
6,-3,-16,4.5726134e+26,0.000000
4,1,51,4.5661013e+26,0.000000
4,-2,-34,4.5645098e+26,0.000000
10,-6,40,4.5256102e+26,0.000000
4,-2,-33,4.5201712e+26,0.000000
9,-5,44,4.5183137e+26,0.000000
3,0,-54,4.5004755e+26,0.000000
3,0,54,4.5004755e+26,0.000000
6,1,-26,4.455573e+26,0.000000
4,-2,-31,4.455325e+26,0.000000
6,3,40,4.4508164e+26,0.000000
9,3,2,4.4373793e+26,0.000000
7,6,20,4.434641e+26,0.000000
10,-10,50,4.4310431e+26,0.000000
8,5,1,4.3837717e+26,0.000000
7,-2,-1,4.3683119e+26,0.000000
7,-2,30,4.3543709e+26,0.000000
10,-4,24,4.3498546e+26,0.000000
8,6,8,4.3310504e+26,0.000000
8,6,-1,4.3303619e+26,0.000000
10,-6,-3,4.3068824e+26,0.000000
8,5,12,4.3050675e+26,0.000000
8,1,18,4.2961564e+26,0.000000
8,6,9,4.2948728e+26,0.000000
5,3,-11,4.2944507e+26,0.000000
9,-9,-2,4.2847282e+26,0.000000
6,2,-20,4.2684863e+26,0.000000
8,-4,50,4.2664378e+26,0.000000
8,-3,40,4.2582507e+26,0.000000
10,-7,48,4.24593e+26,0.000000
7,1,-20,4.2328308e+26,0.000000
7,-3,-5,4.2327519e+26,0.000000
6,6,45,4.2319527e+26,0.000000
7,6,21,4.2271201e+26,0.000000
6,-2,-22,4.2238996e+26,0.000000
3,-3,-41,4.2207624e+26,0.000000
4,-3,-33,4.1911339e+26,0.000000
4,-2,-35,4.183464e+26,0.000000
5,1,-34,4.1608382e+26,0.000000
8,4,22,4.1538187e+26,0.000000
6,5,47,4.1375734e+26,0.000000
8,5,4,4.1353743e+26,0.000000
5,-5,-12,4.1284398e+26,0.000000
5,5,55,4.1219166e+26,0.000000
4,-2,-32,4.1203587e+26,0.000000
7,3,24,4.1201639e+26,0.000000
3,3,-20,4.1194809e+26,0.000000
10,-10,51,4.1126233e+26,0.000000
5,4,54,4.0949746e+26,0.000000
7,6,3,4.0874464e+26,0.000000
8,6,7,4.07698e+26,0.000000
6,-4,-19,4.0766343e+26,0.000000
7,6,22,4.0484796e+26,0.000000
8,6,10,4.0417574e+26,0.000000
4,0,-49,3.9773669e+26,0.000000
4,0,49,3.9773669e+26,0.000000
6,-1,43,3.9765174e+26,0.000000
8,5,13,3.9692697e+26,0.000000
8,6,2,3.9669846e+26,0.000000
9,-7,-5,3.9495703e+26,0.000000
9,1,5,3.9343426e+26,0.000000
7,-3,54,3.917604e+26,0.000000
6,1,30,3.9173895e+26,0.000000
4,3,-4,3.9153951e+26,0.000000
5,3,44,3.9153898e+26,0.000000
7,6,23,3.8872839e+26,0.000000
3,-2,-44,3.8774813e+26,0.000000
9,-2,11,3.8543354e+26,0.000000
4,-1,-42,3.8425904e+26,0.000000
10,-10,52,3.8424667e+26,0.000000
7,6,4,3.8419344e+26,0.000000
9,-4,-2,3.8359679e+26,0.000000
7,-1,-24,3.8347181e+26,0.000000
7,3,28,3.8314473e+26,0.000000
6,0,-37,3.8161452e+26,0.000000
6,0,37,3.8161452e+26,0.000000
3,-1,-48,3.7992609e+26,0.000000
7,6,6,3.7848224e+26,0.000000
7,3,27,3.7651058e+26,0.000000
9,3,6,3.7648321e+26,0.000000
2,1,53,3.7596354e+26,0.000000
6,4,32,3.7553259e+26,0.000000
7,6,24,3.7332244e+26,0.000000
2,2,-24,3.7089919e+26,0.000000
8,-2,29,3.7080652e+26,0.000000
8,6,3,3.6997202e+26,0.000000
7,3,29,3.6953762e+26,0.000000
4,4,-11,3.6860254e+26,0.000000
8,6,11,3.674307e+26,0.000000
10,-5,31,3.6379377e+26,0.000000
8,5,14,3.6378216e+26,0.000000
7,2,31,3.6322031e+26,0.000000
6,-2,45,3.6310276e+26,0.000000
9,1,9,3.629776e+26,0.000000
10,-4,25,3.6272977e+26,0.000000
7,0,-1,3.6113458e+26,0.000000
7,0,1,3.6113458e+26,0.000000
10,-10,53,3.60893e+26,0.000000
10,-6,41,3.5925188e+26,0.000000
8,6,6,3.5784254e+26,0.000000
7,6,25,3.5780531e+26,0.000000
8,0,-20,3.5609186e+26,0.000000
8,0,20,3.5609186e+26,0.000000
4,-2,-36,3.5561199e+26,0.000000
7,3,26,3.5467336e+26,0.000000
6,-3,-17,3.5412958e+26,0.000000
5,2,-19,3.495507e+26,0.000000
8,3,16,3.4941121e+26,0.000000
7,5,33,3.4704821e+26,0.000000
7,6,5,3.4587666e+26,0.000000
6,6,46,3.4406232e+26,0.000000
7,3,25,3.4369391e+26,0.000000
7,6,26,3.4159926e+26,0.000000
5,-1,55,3.4094808e+26,0.000000
10,-10,54,3.4020155e+26,0.000000
5,2,41,3.3958058e+26,0.000000
7,3,30,3.3953756e+26,0.000000
8,-4,51,3.394242e+26,0.000000
8,-5,-4,3.3928146e+26,0.000000
8,5,2,3.3720662e+26,0.000000
7,1,-21,3.3678968e+26,0.000000
5,-4,-19,3.3666219e+26,0.000000
5,3,-12,3.361897e+26,0.000000
10,-9,3,3.3504398e+26,0.000000
9,-1,4,3.3203707e+26,0.000000
3,0,-55,3.3160787e+26,0.000000
3,0,55,3.3160787e+26,0.000000
8,5,15,3.2968576e+26,0.000000
8,-1,22,3.2947698e+26,0.000000
2,1,-40,3.2938386e+26,0.000000
8,1,19,3.286343e+26,0.000000
8,6,12,3.2802786e+26,0.000000
5,0,-44,3.262624e+26,0.000000
5,0,44,3.262624e+26,0.000000
7,6,27,3.2437475e+26,0.000000
10,-7,49,3.2321325e+26,0.000000
3,1,53,3.2302148e+26,0.000000
9,-1,9,3.2182546e+26,0.000000
10,-10,55,3.2135302e+26,0.000000
6,5,48,3.2059809e+26,0.000000
7,6,2,3.2019413e+26,0.000000
7,-1,34,3.1993903e+26,0.000000
9,-3,25,3.1954297e+26,0.000000
9,-4,31,3.1790005e+26,0.000000
4,1,52,3.1687089e+26,0.000000
9,-6,50,3.1655053e+26,0.000000
10,-8,-2,3.1445956e+26,0.000000
5,1,40,3.1282943e+26,0.000000
6,-1,-31,3.1221173e+26,0.000000
8,-3,41,3.1120408e+26,0.000000
5,1,39,3.1092625e+26,0.000000
8,6,4,3.1090554e+26,0.000000
8,6,5,3.1068548e+26,0.000000
6,-1,44,3.1037252e+26,0.000000
6,3,41,3.0861076e+26,0.000000
6,2,40,3.0774847e+26,0.000000
5,-3,-31,3.0714638e+26,0.000000
7,6,28,3.0602486e+26,0.000000
8,6,0,3.0517595e+26,0.000000
8,4,23,3.0390405e+26,0.000000
8,6,1,3.0322988e+26,0.000000
7,6,0,3.0126048e+26,0.000000
7,3,31,2.9953185e+26,0.000000
5,4,55,2.974224e+26,0.000000
5,1,41,2.9526253e+26,0.000000
8,5,16,2.9430604e+26,0.000000
8,5,3,2.9388916e+26,0.000000
10,-4,26,2.9335392e+26,0.000000
7,1,31,2.9285152e+26,0.000000
8,6,13,2.9181715e+26,0.000000
7,-2,31,2.9011121e+26,0.000000
7,4,23,2.8796646e+26,0.000000
5,1,38,2.8675232e+26,0.000000
7,6,29,2.866242e+26,0.000000
4,-2,-37,2.8580702e+26,0.000000
4,1,-36,2.8530032e+26,0.000000
9,-5,45,2.8526759e+26,0.000000
10,-6,42,2.8126333e+26,0.000000
8,-2,30,2.812248e+26,0.000000
6,1,-27,2.7941726e+26,0.000000
6,6,47,2.7912212e+26,0.000000
5,-1,-40,2.7880469e+26,0.000000
4,-4,-28,2.7860466e+26,0.000000
4,3,-15,2.7718137e+26,0.000000
8,2,18,2.7592568e+26,0.000000
3,1,-40,2.7450212e+26,0.000000
9,-8,-2,2.724269e+26,0.000000
7,-1,-25,2.7205784e+26,0.000000
7,-3,55,2.7189309e+26,0.000000
10,-5,32,2.7161121e+26,0.000000
9,-9,-3,2.6988916e+26,0.000000
7,0,-20,2.6978692e+26,0.000000
7,0,20,2.6978692e+26,0.000000
5,1,36,2.6949285e+26,0.000000
8,-4,52,2.6853443e+26,0.000000
6,0,-38,2.6703291e+26,0.000000
6,0,38,2.6703291e+26,0.000000
7,6,30,2.6638151e+26,0.000000
6,-3,-18,2.656889e+26,0.000000
5,1,42,2.6527457e+26,0.000000
2,1,54,2.6189618e+26,0.000000
8,6,14,2.6172072e+26,0.000000
9,-2,12,2.5944293e+26,0.000000
5,3,-13,2.5866849e+26,0.000000
8,5,17,2.5814053e+26,0.000000
4,0,-50,2.5771202e+26,0.000000
4,0,50,2.5771202e+26,0.000000
7,1,-22,2.5690811e+26,0.000000
7,3,32,2.5550534e+26,0.000000
5,1,37,2.5378987e+26,0.000000
5,3,45,2.5376899e+26,0.000000
7,-3,-14,2.5333026e+26,0.000000
3,-1,-49,2.5321844e+26,0.000000
3,-2,-45,2.5043595e+26,0.000000
3,-3,-42,2.4902877e+26,0.000000
4,-3,-34,2.4871833e+26,0.000000
6,5,49,2.4789983e+26,0.000000
7,5,34,2.4751852e+26,0.000000
7,6,31,2.4683315e+26,0.000000
7,2,32,2.4492786e+26,0.000000
10,-7,50,2.4471798e+26,0.000000
8,1,20,2.4383025e+26,0.000000
9,1,10,2.4099647e+26,0.000000
6,-1,45,2.4017673e+26,0.000000
8,6,15,2.3834556e+26,0.000000
5,1,-35,2.375148e+26,0.000000
9,3,7,2.3708295e+26,0.000000
7,6,-1,2.365996e+26,0.000000
8,5,-2,2.3557588e+26,0.000000
9,1,3,2.3475649e+26,0.000000
3,1,54,2.3273313e+26,0.000000
6,-4,-20,2.3177155e+26,0.000000
6,2,-21,2.3098973e+26,0.000000
8,5,0,2.3070558e+26,0.000000
10,-4,27,2.3050733e+26,0.000000
5,1,43,2.2950414e+26,0.000000
3,2,-21,2.2898534e+26,0.000000
6,-2,-23,2.2612224e+26,0.000000
8,-3,42,2.2586846e+26,0.000000
7,6,1,2.2515426e+26,0.000000
6,6,48,2.2496667e+26,0.000000
7,6,32,2.2477728e+26,0.000000
8,-1,23,2.24145e+26,0.000000
4,2,-25,2.2330442e+26,0.000000
8,5,18,2.2216592e+26,0.000000
8,6,16,2.2079249e+26,0.000000
4,-2,-38,2.2017625e+26,0.000000
7,6,-3,2.1882932e+26,0.000000
4,1,53,2.1844789e+26,0.000000
10,-6,43,2.1740901e+26,0.000000
8,4,24,2.1663555e+26,0.000000
8,3,17,2.1360304e+26,0.000000
5,-2,-25,2.1325267e+26,0.000000
6,3,42,2.1315717e+26,0.000000
7,3,33,2.1196799e+26,0.000000
6,-2,-2,2.1195868e+26,0.000000
8,-4,53,2.1166046e+26,0.000000
3,3,-21,2.1090528e+26,0.000000
5,0,-45,2.1080148e+26,0.000000
5,0,45,2.1080148e+26,0.000000
8,-2,31,2.091465e+26,0.000000
5,-5,-13,2.0901239e+26,0.000000
7,6,33,2.0863841e+26,0.000000
8,6,17,2.0742601e+26,0.000000
6,-2,46,2.0711457e+26,0.000000
8,0,-21,2.0652187e+26,0.000000
8,0,21,2.0652187e+26,0.000000
9,-1,10,2.039749e+26,0.000000
9,-6,51,2.0392708e+26,0.000000
4,2,44,2.0261781e+26,0.000000
6,1,31,2.0132645e+26,0.000000
10,-5,33,1.990257e+26,0.000000
4,-1,-43,1.9829591e+26,0.000000
8,6,18,1.9647532e+26,0.000000
3,-1,-55,1.9593038e+26,0.000000
6,-3,-19,1.9425002e+26,0.000000
3,-1,-50,1.9365127e+26,0.000000
9,-1,1,1.9354508e+26,0.000000
5,1,44,1.9281766e+26,0.000000
6,-1,-32,1.924666e+26,0.000000
10,-10,3,1.9240701e+26,0.000000
9,3,1,1.9218514e+26,0.000000
6,5,50,1.9187988e+26,0.000000
7,-2,32,1.9133259e+26,0.000000
5,3,-14,1.9097932e+26,0.000000
6,2,41,1.9061288e+26,0.000000
7,-1,-26,1.894723e+26,0.000000
7,1,-23,1.894652e+26,0.000000
5,-4,-20,1.8825919e+26,0.000000
8,5,19,1.8750392e+26,0.000000
5,-3,-32,1.8703578e+26,0.000000
8,6,19,1.8642091e+26,0.000000
6,0,-39,1.8555361e+26,0.000000
6,0,39,1.8555361e+26,0.000000
6,-1,46,1.8455936e+26,0.000000
3,1,55,1.8452561e+26,0.000000
10,-7,51,1.8432745e+26,0.000000
2,1,-41,1.8373919e+26,0.000000
7,6,34,1.8348349e+26,0.000000
3,-1,-54,1.831343e+26,0.000000
7,7,-4,1.8277952e+26,0.000000
6,4,33,1.8203319e+26,0.000000
6,6,49,1.8113862e+26,0.000000
10,-2,5,1.8099063e+26,0.000000
9,-5,46,1.7946299e+26,0.000000
9,-3,26,1.7910827e+26,0.000000
2,1,55,1.7883838e+26,0.000000
10,-4,28,1.7629628e+26,0.000000
8,6,20,1.761811e+26,0.000000
8,1,21,1.7597849e+26,0.000000
7,5,35,1.7573298e+26,0.000000
4,0,-51,1.7504445e+26,0.000000
4,0,51,1.7504445e+26,0.000000
9,-4,32,1.7486615e+26,0.000000
6,1,-28,1.7408695e+26,0.000000
5,2,42,1.7247872e+26,0.000000
3,-1,-53,1.7212414e+26,0.000000
7,3,34,1.7181259e+26,0.000000
5,2,-20,1.7017873e+26,0.000000
3,-1,-51,1.7013675e+26,0.000000
7,-1,35,1.6835834e+26,0.000000
10,-2,2,1.6771183e+26,0.000000
9,-2,13,1.6678108e+26,0.000000
8,-4,54,1.6649266e+26,0.000000
10,-6,44,1.660709e+26,0.000000
3,-1,-52,1.6603154e+26,0.000000
7,1,32,1.6590308e+26,0.000000
8,6,21,1.6514632e+26,0.000000
9,1,4,1.6442334e+26,0.000000
4,-2,-39,1.6416524e+26,0.000000
7,6,35,1.6397685e+26,0.000000
7,2,33,1.6349611e+26,0.000000
5,3,46,1.6324231e+26,0.000000
8,-3,43,1.629249e+26,0.000000
3,-2,-46,1.6207001e+26,0.000000
10,-3,4,1.6171502e+26,0.000000
4,4,-12,1.5948727e+26,0.000000
4,3,-16,1.5826806e+26,0.000000
5,1,45,1.5825899e+26,0.000000
8,8,31,1.5761199e+26,0.000000
4,1,-37,1.5636727e+26,0.000000
8,5,20,1.5517251e+26,0.000000
5,-1,-41,1.5421855e+26,0.000000
6,3,-3,1.5416844e+26,0.000000
8,6,22,1.5311795e+26,0.000000
7,4,24,1.5311181e+26,0.000000
8,-2,32,1.5293773e+26,0.000000
8,4,25,1.5060079e+26,0.000000
4,1,54,1.4949267e+26,0.000000
3,-3,-43,1.4927342e+26,0.000000
8,-1,24,1.490917e+26,0.000000
4,-3,-35,1.4772652e+26,0.000000
6,5,51,1.4743017e+26,0.000000
6,3,43,1.4669292e+26,0.000000
7,6,36,1.4520135e+26,0.000000
6,6,50,1.4502712e+26,0.000000
9,3,8,1.4469655e+26,0.000000
7,0,-21,1.4450545e+26,0.000000
7,0,21,1.4450545e+26,0.000000
9,1,11,1.4365837e+26,0.000000
8,2,19,1.4330916e+26,0.000000
3,1,-41,1.4318833e+26,0.000000
10,-5,34,1.4311083e+26,0.000000
8,8,39,1.4269525e+26,0.000000
4,-4,-29,1.4233826e+26,0.000000
7,7,-2,1.413489e+26,0.000000
6,-1,47,1.4101219e+26,0.000000
7,2,-8,1.40908e+26,0.000000
8,6,23,1.402019e+26,0.000000
6,-3,-20,1.3903895e+26,0.000000
10,-7,52,1.3815292e+26,0.000000
7,3,35,1.3656839e+26,0.000000
7,1,-24,1.3595278e+26,0.000000
5,3,-15,1.3561069e+26,0.000000
5,0,-46,1.3557908e+26,0.000000
5,0,46,1.3557908e+26,0.000000
5,1,-36,1.3491704e+26,0.000000
9,5,0,1.3369651e+26,0.000000
7,2,-9,1.3172486e+26,0.000000
9,-6,52,1.3149488e+26,0.000000
10,-4,29,1.3146007e+26,0.000000
6,-4,-21,1.3131655e+26,0.000000
8,-4,55,1.3089579e+26,0.000000
7,6,37,1.3018543e+26,0.000000
7,-1,-27,1.2992579e+26,0.000000
6,1,32,1.2982327e+26,0.000000
7,3,-7,1.2852903e+26,0.000000
10,-7,-1,1.2845555e+26,0.000000
6,0,-40,1.2814142e+26,0.000000
6,0,40,1.2814142e+26,0.000000
5,1,46,1.2744134e+26,0.000000
8,6,-2,1.2726049e+26,0.000000
7,2,-7,1.2682596e+26,0.000000
8,6,24,1.2669339e+26,0.000000
2,2,-25,1.2663401e+26,0.000000
4,0,-52,1.2612513e+26,0.000000
4,0,52,1.2612513e+26,0.000000
8,5,21,1.2594039e+26,0.000000
9,5,-2,1.2549366e+26,0.000000
10,-6,45,1.2546545e+26,0.000000
8,2,23,1.2544459e+26,0.000000
7,-2,33,1.2496981e+26,0.000000
7,5,36,1.2426752e+26,0.000000
7,7,1,1.2404908e+26,0.000000
8,3,18,1.2384536e+26,0.000000
8,1,22,1.2383002e+26,0.000000
6,2,-22,1.2340355e+26,0.000000
8,2,24,1.2299594e+26,0.000000
7,7,12,1.2095684e+26,0.000000
7,7,11,1.2046763e+26,0.000000
8,2,-1,1.2038342e+26,0.000000
8,2,22,1.1998949e+26,0.000000
6,-2,-24,1.1967173e+26,0.000000
7,7,13,1.1960786e+26,0.000000
4,-2,-40,1.1932414e+26,0.000000
6,-1,-33,1.1804307e+26,0.000000
7,7,0,1.1795097e+26,0.000000
9,-1,11,1.1787602e+26,0.000000
7,-3,-15,1.1742593e+26,0.000000
7,7,10,1.173605e+26,0.000000
10,-9,2,1.1709862e+26,0.000000
7,7,14,1.1705735e+26,0.000000
6,2,42,1.1702193e+26,0.000000
8,-3,44,1.1688267e+26,0.000000
6,6,51,1.1620392e+26,0.000000
8,0,-22,1.1580113e+26,0.000000
8,0,22,1.1580113e+26,0.000000
6,-2,47,1.1541824e+26,0.000000
5,-3,-33,1.1374907e+26,0.000000
8,2,25,1.1372575e+26,0.000000
7,7,15,1.1359738e+26,0.000000
6,5,52,1.134477e+26,0.000000
7,7,4,1.132373e+26,0.000000
9,-5,47,1.1306039e+26,0.000000
9,3,-1,1.1302559e+26,0.000000
8,6,25,1.129753e+26,0.000000
7,7,5,1.1158711e+26,0.000000
7,6,38,1.1156037e+26,0.000000
7,7,9,1.1151108e+26,0.000000
7,2,-10,1.1119659e+26,0.000000
8,-2,33,1.102049e+26,0.000000
8,2,21,1.0983972e+26,0.000000
7,3,-6,1.0971125e+26,0.000000
7,7,16,1.0929815e+26,0.000000
7,0,-22,1.0922735e+26,0.000000
7,0,22,1.0922735e+26,0.000000
3,3,-22,1.0850337e+26,0.000000
7,0,-24,1.083595e+26,0.000000
7,0,24,1.083595e+26,0.000000
9,3,14,1.0834223e+26,0.000000
9,8,32,1.0826959e+26,0.000000
7,2,34,1.0807139e+26,0.000000
9,3,13,1.0794696e+26,0.000000
6,1,-29,1.0782336e+26,0.000000
5,-5,-14,1.077529e+26,0.000000
8,2,20,1.0759442e+26,0.000000
6,-1,48,1.0723481e+26,0.000000
6,1,33,1.071008e+26,0.000000
7,0,-25,1.0709013e+26,0.000000
7,0,25,1.0709013e+26,0.000000
10,-2,1,1.0678119e+26,0.000000
7,3,36,1.067688e+26,0.000000
7,0,-23,1.0590468e+26,0.000000
7,0,23,1.0590468e+26,0.000000
3,-2,-47,1.0564749e+26,0.000000
8,-3,-2,1.0505095e+26,0.000000
5,-4,-21,1.0486117e+26,0.000000
7,7,8,1.0468082e+26,0.000000
9,-4,33,1.0444673e+26,0.000000
7,7,3,1.0423806e+26,0.000000
7,7,17,1.0418996e+26,0.000000
8,5,-1,1.0417316e+26,0.000000
5,3,47,1.0405782e+26,0.000000
7,7,6,1.0401655e+26,0.000000
7,7,2,1.0363126e+26,0.000000
10,-3,3,1.0325121e+26,0.000000
10,-7,53,1.0305969e+26,0.000000
2,1,-42,1.0292557e+26,0.000000
9,-2,14,1.0233705e+26,0.000000
8,4,26,1.0214372e+26,0.000000
4,-1,-44,1.0201254e+26,0.000000
9,3,15,1.016818e+26,0.000000
4,1,55,1.0148855e+26,0.000000
5,1,47,1.009902e+26,0.000000
10,-5,35,1.009476e+26,0.000000
7,7,7,1.0092882e+26,0.000000
9,5,4,1.0089281e+26,0.000000
8,6,-4,1.007221e+26,0.000000
9,3,12,1.0065895e+26,0.000000
6,3,44,1.0060367e+26,0.000000
6,1,34,1.0053945e+26,0.000000
7,0,-26,1.0039614e+26,0.000000
7,0,26,1.0039614e+26,0.000000
8,2,-5,1.0033093e+26,0.000000
8,5,22,1.0027222e+26,0.000000
8,2,26,1.0012602e+26,0.000000
7,6,-2,9.984029e+25,0.000000
8,6,26,9.9440103e+25,0.000000
4,2,45,9.8779765e+25,0.000000
7,7,18,9.8377513e+25,0.000000
4,2,50,9.8116191e+25,0.000000
9,-6,-4,9.8062691e+25,0.000000
9,3,9,9.7981566e+25,0.000000
6,-3,-21,9.7791473e+25,0.000000
10,9,45,9.7665893e+25,0.000000
4,2,51,9.7621375e+25,0.000000
7,6,39,9.7299342e+25,0.000000
8,-1,25,9.7045966e+25,0.000000
4,0,-53,9.6749069e+25,0.000000
4,0,53,9.6749069e+25,0.000000
6,1,35,9.6575187e+25,0.000000
9,5,5,9.6447739e+25,0.000000
7,7,-1,9.6345454e+25,0.000000
9,5,1,9.604533e+25,0.000000
8,1,-6,9.5969353e+25,0.000000
9,-3,27,9.5913007e+25,0.000000
10,-4,30,9.5704477e+25,0.000000
7,1,-25,9.5385897e+25,0.000000
3,2,-22,9.4776176e+25,0.000000
10,-6,46,9.382187e+25,0.000000
4,2,49,9.3661706e+25,0.000000
5,3,-16,9.3198114e+25,0.000000
4,2,52,9.3093747e+25,0.000000
6,6,52,9.2369848e+25,0.000000
7,1,33,9.2251807e+25,0.000000
7,7,19,9.2067523e+25,0.000000
3,-3,-44,9.142939e+25,0.000000
6,1,36,9.0726627e+25,0.000000
7,4,25,9.0577001e+25,0.000000
4,3,-17,9.0519451e+25,0.000000
7,3,-8,9.0388009e+25,0.000000
9,3,11,9.0166741e+25,0.000000
9,3,16,8.9767206e+25,0.000000
7,0,-27,8.9598566e+25,0.000000
7,0,27,8.9598566e+25,0.000000
9,5,3,8.9192503e+25,0.000000
10,-2,6,8.8852108e+25,0.000000
8,1,-5,8.8089888e+25,0.000000
6,0,-41,8.7993773e+25,0.000000
6,0,41,8.7993773e+25,0.000000
7,-1,-28,8.7936548e+25,0.000000
4,-3,-36,8.7796717e+25,0.000000
7,2,-11,8.7638689e+25,0.000000
7,5,37,8.7571618e+25,0.000000
6,5,53,8.7199664e+25,0.000000
5,0,-47,8.6751166e+25,0.000000
5,0,47,8.6751166e+25,0.000000
9,5,6,8.6647896e+25,0.000000
8,6,27,8.6437797e+25,0.000000
4,2,-26,8.6351898e+25,0.000000
7,-1,36,8.6171917e+25,0.000000
8,-2,-1,8.6033128e+25,0.000000
7,6,-4,8.5827706e+25,0.000000
4,2,53,8.5769463e+25,0.000000
7,7,20,8.5538848e+25,0.000000
9,-6,53,8.5417763e+25,0.000000
8,1,23,8.5105355e+25,0.000000
5,-2,-26,8.5054746e+25,0.000000
4,-2,-41,8.5040201e+25,0.000000
4,1,-38,8.4947775e+25,0.000000
9,3,10,8.4905617e+25,0.000000
7,6,40,8.4731608e+25,0.000000
8,2,27,8.4669475e+25,0.000000
5,-1,-42,8.4663056e+25,0.000000
4,2,48,8.4523614e+25,0.000000
6,4,34,8.42081e+25,0.000000
5,2,43,8.3610396e+25,0.000000
8,-3,45,8.345274e+25,0.000000
6,1,37,8.2426e+25,0.000000
7,3,37,8.2298503e+25,0.000000
6,-1,49,8.1229336e+25,0.000000
7,-2,34,8.0866078e+25,0.000000
5,2,-21,8.0574452e+25,0.000000
7,2,-6,7.970202e+25,0.000000
6,2,-3,7.9190623e+25,0.000000
7,7,21,7.9090484e+25,0.000000
9,-8,-3,7.8928224e+25,0.000000
5,1,48,7.8921659e+25,0.000000
8,1,-7,7.8596472e+25,0.000000
4,0,-54,7.8484601e+25,0.000000
4,0,54,7.8484601e+25,0.000000
8,-2,34,7.8399175e+25,0.000000
8,5,23,7.8339206e+25,0.000000
9,5,7,7.7466521e+25,0.000000
7,4,30,7.7307368e+25,0.000000
7,4,31,7.7178222e+25,0.000000
9,1,12,7.7002039e+25,0.000000
4,2,54,7.6813612e+25,0.000000
7,0,-28,7.6710684e+25,0.000000
7,0,28,7.6710684e+25,0.000000
10,-7,54,7.6543497e+25,0.000000
8,2,-6,7.6470319e+25,0.000000
6,6,53,7.6343228e+25,0.000000
5,1,-37,7.6202924e+25,0.000000
7,6,41,7.5320764e+25,0.000000
9,3,17,7.5045412e+25,0.000000
3,1,-42,7.4612367e+25,0.000000
9,-4,34,7.4429976e+25,0.000000
7,4,29,7.4345581e+25,0.000000
8,6,28,7.4246881e+25,0.000000
6,-4,-22,7.420935e+25,0.000000
7,4,32,7.413333e+25,0.000000
4,2,47,7.3897849e+25,0.000000
7,7,22,7.2992332e+25,0.000000
4,-4,-30,7.2885451e+25,0.000000
6,1,38,7.2487392e+25,0.000000
6,-1,-34,7.2015187e+25,0.000000
9,-5,48,7.1822774e+25,0.000000
4,2,46,7.1282476e+25,0.000000
4,4,-13,7.1205072e+25,0.000000
6,2,43,7.1094814e+25,0.000000
7,2,35,7.0751952e+25,0.000000
9,5,2,6.9978073e+25,0.000000
3,-2,-48,6.9904757e+25,0.000000
10,-5,36,6.9815747e+25,0.000000
10,-6,47,6.949483e+25,0.000000
8,2,28,6.9252345e+25,0.000000
9,5,8,6.9222958e+25,0.000000
7,4,28,6.9220298e+25,0.000000
5,-3,-34,6.9092423e+25,0.000000
7,4,33,6.8838359e+25,0.000000
6,3,45,6.8763058e+25,0.000000
8,3,19,6.8727856e+25,0.000000
10,-10,2,6.830882e+25,0.000000
10,-4,31,6.810068e+25,0.000000
8,4,-3,6.8053578e+25,0.000000
7,4,26,6.8011736e+25,0.000000
6,-3,-22,6.7786354e+25,0.000000
8,4,27,6.7585556e+25,0.000000
7,7,23,6.7450779e+25,0.000000
4,2,55,6.7172372e+25,0.000000
6,5,54,6.6954936e+25,0.000000
8,-1,-6,6.6474163e+25,0.000000
6,1,-30,6.6419248e+25,0.000000
4,0,-55,6.6413577e+25,0.000000
4,0,55,6.6413577e+25,0.000000
7,1,-26,6.5690001e+25,0.000000
7,2,-12,6.5653407e+25,0.000000
5,3,48,6.5598602e+25,0.000000
9,-4,38,6.5159448e+25,0.000000
6,2,-23,6.5089499e+25,0.000000
7,4,27,6.4932737e+25,0.000000
9,-4,37,6.4810705e+25,0.000000
9,-4,35,6.4759311e+25,0.000000
9,-4,36,6.3672303e+25,0.000000
9,-4,39,6.364353e+25,0.000000
7,0,-29,6.3471402e+25,0.000000
7,0,29,6.3471402e+25,0.000000
7,7,-5,6.3120928e+25,0.000000
8,6,29,6.3063531e+25,0.000000
7,7,-3,6.2755858e+25,0.000000
8,0,-23,6.2672812e+25,0.000000
8,0,23,6.2672812e+25,0.000000
7,3,38,6.2671817e+25,0.000000
7,7,24,6.2591936e+25,0.000000
6,-2,-25,6.2562134e+25,0.000000
6,-2,48,6.2512478e+25,0.000000
5,3,-17,6.2345541e+25,0.000000
9,-1,12,6.2204057e+25,0.000000
9,-9,-4,6.2138325e+25,0.000000
7,4,34,6.2090145e+25,0.000000
6,1,39,6.1969301e+25,0.000000
8,-1,26,6.1847051e+25,0.000000
8,5,-3,6.1660785e+25,0.000000
7,5,38,6.1510319e+25,0.000000
8,-1,-7,6.1341195e+25,0.000000
6,-1,50,6.1324401e+25,0.000000
7,6,42,6.1062716e+25,0.000000
5,1,49,6.0900158e+25,0.000000
9,2,7,6.0713675e+25,0.000000
9,5,9,6.0701801e+25,0.000000
9,-2,15,6.0443314e+25,0.000000
10,-8,-3,6.0437096e+25,0.000000
9,-4,40,6.0215859e+25,0.000000
6,0,-42,6.0104648e+25,0.000000
6,0,42,6.0104648e+25,0.000000
8,5,24,6.0068095e+25,0.000000
9,3,18,5.9755216e+25,0.000000
4,-2,-42,5.9748447e+25,0.000000
8,-3,46,5.9339942e+25,0.000000
7,-1,-29,5.8854085e+25,0.000000
7,7,25,5.8460279e+25,0.000000
6,6,54,5.8314954e+25,0.000000
5,-4,-22,5.8225002e+25,0.000000
9,2,8,5.8065293e+25,0.000000
9,1,1,5.8061025e+25,0.000000
2,1,-43,5.7961042e+25,0.000000
3,-3,-45,5.7649477e+25,0.000000
9,2,6,5.7568564e+25,0.000000
8,1,24,5.7203097e+25,0.000000
5,-5,-15,5.7001041e+25,0.000000
10,-7,55,5.662066e+25,0.000000
6,3,-5,5.6558939e+25,0.000000
9,-6,54,5.6375831e+25,0.000000
3,3,-23,5.6071571e+25,0.000000
9,-4,41,5.5295529e+25,0.000000
5,0,-48,5.5194197e+25,0.000000
5,0,48,5.5194197e+25,0.000000
8,-2,35,5.5146097e+25,0.000000
10,-2,7,5.5119925e+25,0.000000
8,2,29,5.5085523e+25,0.000000
7,7,26,5.5028513e+25,0.000000
8,1,-8,5.4714542e+25,0.000000
7,4,35,5.4626226e+25,0.000000
7,3,-9,5.4123322e+25,0.000000
4,-1,-45,5.331555e+25,0.000000
8,6,30,5.3003482e+25,0.000000
7,2,-4,5.2278771e+25,0.000000
7,7,27,5.2214147e+25,0.000000
4,-3,-37,5.2198785e+25,0.000000
10,10,40,5.1993929e+25,0.000000
6,-2,-3,5.1923718e+25,0.000000
10,-5,-1,5.189816e+25,0.000000
7,-2,35,5.1853437e+25,0.000000
4,3,-18,5.17885e+25,0.000000
6,1,40,5.1738289e+25,0.000000
7,6,43,5.1587623e+25,0.000000
6,5,55,5.1381722e+25,0.000000
9,5,10,5.1283212e+25,0.000000
9,2,9,5.1253194e+25,0.000000
7,-3,-16,5.1215074e+25,0.000000
7,7,32,5.1180417e+25,0.000000
7,0,-30,5.1063485e+25,0.000000
7,0,30,5.1063485e+25,0.000000
10,-6,48,5.1025657e+25,0.000000
8,-1,-5,5.0881007e+25,0.000000
7,1,34,5.0235057e+25,0.000000
7,7,28,4.9898951e+25,0.000000
5,-5,-6,4.9487508e+25,0.000000
9,-4,42,4.9443702e+25,0.000000
7,7,30,4.9430585e+25,0.000000
9,-3,28,4.9115589e+25,0.000000
9,4,2,4.808425e+25,0.000000
7,7,29,4.7950141e+25,0.000000
3,2,-23,4.7786468e+25,0.000000
9,-9,-5,4.7624673e+25,0.000000
10,-5,-2,4.7623503e+25,0.000000
3,-2,-49,4.7429496e+25,0.000000
10,-4,32,4.7400834e+25,0.000000
10,-5,37,4.7307188e+25,0.000000
7,2,-13,4.7239526e+25,0.000000
7,3,39,4.7231176e+25,0.000000
7,4,36,4.7055774e+25,0.000000
9,2,5,4.700091e+25,0.000000
6,3,46,4.684161e+25,0.000000
5,1,50,4.6446302e+25,0.000000
6,-3,-23,4.6420306e+25,0.000000
9,-5,49,4.6410619e+25,0.000000
8,-1,-8,4.6336198e+25,0.000000
5,-1,-43,4.6268752e+25,0.000000
6,6,55,4.616119e+25,0.000000
6,-1,51,4.6158761e+25,0.000000
9,2,1,4.610063e+25,0.000000
7,2,36,4.5881859e+25,0.000000
10,-8,-4,4.5825027e+25,0.000000
4,1,-39,4.5668251e+25,0.000000
10,-3,5,4.565219e+25,0.000000
9,3,19,4.5525029e+25,0.000000
7,7,31,4.5442967e+25,0.000000
8,5,25,4.5206503e+25,0.000000
10,-7,-2,4.4789322e+25,0.000000
7,1,-27,4.4539763e+25,0.000000
8,6,31,4.4161104e+25,0.000000
10,8,35,4.4055918e+25,0.000000
7,7,40,4.3990628e+25,0.000000
2,2,-26,4.3802762e+25,0.000000
6,-1,-35,4.3687151e+25,0.000000
8,4,28,4.3603081e+25,0.000000
7,6,44,4.3482605e+25,0.000000
9,4,3,4.3221546e+25,0.000000
9,-4,43,4.3193777e+25,0.000000
10,-2,8,4.3154572e+25,0.000000
7,5,39,4.3102684e+25,0.000000
7,7,33,4.3101993e+25,0.000000
8,2,30,4.2795658e+25,0.000000
5,1,-38,4.2760221e+25,0.000000
7,-1,37,4.2710331e+25,0.000000
6,2,44,4.2650678e+25,0.000000
6,1,41,4.2360919e+25,0.000000
9,2,10,4.2058928e+25,0.000000
8,-3,47,4.204842e+25,0.000000
5,-3,-35,4.1909414e+25,0.000000
6,-4,-23,4.1854482e+25,0.000000
8,-2,-6,4.1818778e+25,0.000000
4,-2,-43,4.1619392e+25,0.000000
9,5,11,4.1257489e+25,0.000000
10,-2,10,4.0912064e+25,0.000000
6,0,-43,4.0842265e+25,0.000000
6,0,43,4.0842265e+25,0.000000
5,3,-18,4.0780479e+25,0.000000
5,3,49,4.0780283e+25,0.000000
6,1,-31,4.0704771e+25,0.000000
10,-2,11,4.0655221e+25,0.000000
10,-2,9,4.0589278e+25,0.000000
7,7,34,4.0154271e+25,0.000000
7,0,-31,4.0138956e+25,0.000000
7,0,31,4.0138956e+25,0.000000
7,4,37,3.9764167e+25,0.000000
7,-1,-30,3.9012702e+25,0.000000
3,1,-43,3.8911943e+25,0.000000
8,-1,27,3.859473e+25,0.000000
10,-2,12,3.8494878e+25,0.000000
8,-2,36,3.8404225e+25,0.000000
5,2,44,3.8293613e+25,0.000000
9,-6,55,3.8179089e+25,0.000000
7,7,35,3.7986356e+25,0.000000
8,3,20,3.7781062e+25,0.000000
3,-3,-46,3.7749751e+25,0.000000
10,-10,1,3.7688903e+25,0.000000
8,1,25,3.7634911e+25,0.000000
9,1,13,3.7425561e+25,0.000000
4,-4,-31,3.7400653e+25,0.000000
8,-2,-5,3.7288506e+25,0.000000
10,-6,49,3.7166175e+25,0.000000
6,4,35,3.711557e+25,0.000000
9,2,2,3.7074544e+25,0.000000
9,-4,44,3.6976519e+25,0.000000
5,2,-22,3.6954499e+25,0.000000
7,6,45,3.6490926e+25,0.000000
8,6,32,3.6383014e+25,0.000000
7,7,36,3.5838195e+25,0.000000
8,1,-4,3.5618851e+25,0.000000
9,-2,16,3.5395838e+25,0.000000
7,3,40,3.5277853e+25,0.000000
7,7,37,3.5121243e+25,0.000000
5,1,51,3.50225e+25,0.000000
5,-2,-27,3.493207e+25,0.000000
5,0,-49,3.4906013e+25,0.000000
5,0,49,3.4906013e+25,0.000000
6,-1,52,3.4645676e+25,0.000000
10,-2,13,3.442373e+25,0.000000
8,8,34,3.4373157e+25,0.000000
7,1,-2,3.4255423e+25,0.000000
6,1,42,3.4131391e+25,0.000000
6,2,-24,3.3888706e+25,0.000000
8,1,-9,3.3728609e+25,0.000000
8,5,26,3.3388865e+25,0.000000
3,-2,-50,3.3379355e+25,0.000000
9,3,20,3.3296356e+25,0.000000
7,4,38,3.3075273e+25,0.000000
7,-2,36,3.2953197e+25,0.000000
2,1,-44,3.2861114e+25,0.000000
7,2,-14,3.2857938e+25,0.000000
6,-2,49,3.2756526e+25,0.000000
8,0,-24,3.2644905e+25,0.000000
8,0,24,3.2644905e+25,0.000000
8,2,31,3.2582668e+25,0.000000
4,4,-14,3.2574574e+25,0.000000
10,-4,33,3.2290414e+25,0.000000
6,-2,-26,3.2264894e+25,0.000000
5,-4,-23,3.2245883e+25,0.000000
9,2,11,3.2195832e+25,0.000000
6,3,47,3.1797207e+25,0.000000
6,-3,-24,3.1466807e+25,0.000000
9,5,12,3.1429222e+25,0.000000
4,2,-27,3.1380993e+25,0.000000
10,-5,38,3.1377695e+25,0.000000
7,7,38,3.1242911e+25,0.000000
8,2,-7,3.1115909e+25,0.000000
9,-4,45,3.1099588e+25,0.000000
4,-3,-38,3.1038544e+25,0.000000
5,-5,-16,3.0976614e+25,0.000000
3,2,-24,3.0960265e+25,0.000000
7,0,-32,3.0947148e+25,0.000000
7,0,32,3.0947148e+25,0.000000
9,-5,50,3.0798816e+25,0.000000
9,-1,13,3.040343e+25,0.000000
7,6,46,3.0389123e+25,0.000000
9,5,-1,3.0316475e+25,0.000000
9,4,4,3.0267134e+25,0.000000
8,-1,-9,3.0215403e+25,0.000000
7,5,40,3.0139375e+25,0.000000
7,3,-10,3.0032658e+25,0.000000
7,7,39,2.9988518e+25,0.000000
8,6,33,2.9924036e+25,0.000000
7,1,-28,2.9806185e+25,0.000000
8,-3,48,2.9711077e+25,0.000000
4,3,-19,2.9612975e+25,0.000000
7,2,37,2.9473414e+25,0.000000
4,-1,-46,2.9302317e+25,0.000000
9,8,31,2.9151408e+25,0.000000
9,-8,-4,2.9122817e+25,0.000000
3,3,-24,2.9101308e+25,0.000000
10,-2,14,2.9072633e+25,0.000000
7,7,41,2.9010606e+25,0.000000
4,-2,-44,2.8945473e+25,0.000000
10,-9,1,2.8630491e+25,0.000000
9,2,4,2.8543793e+25,0.000000
7,-1,-2,2.8128974e+25,0.000000
10,-3,6,2.8017842e+25,0.000000
6,0,-44,2.7607743e+25,0.000000
6,0,44,2.7607743e+25,0.000000
8,4,29,2.7400716e+25,0.000000
6,1,43,2.714157e+25,0.000000
7,4,39,2.7119679e+25,0.000000
9,8,39,2.7045951e+25,0.000000
7,-3,-3,2.6911151e+25,0.000000
10,-6,50,2.6878018e+25,0.000000
7,1,35,2.6706988e+25,0.000000
8,-2,37,2.6509272e+25,0.000000
6,-1,-36,2.633865e+25,0.000000
5,3,-19,2.6175427e+25,0.000000
7,3,41,2.6148712e+25,0.000000
5,1,52,2.6110269e+25,0.000000
9,4,-1,2.6021226e+25,0.000000
6,-1,53,2.5930568e+25,0.000000
3,-3,-47,2.5898572e+25,0.000000
9,-2,0,2.5841917e+25,0.000000
9,-4,46,2.5755776e+25,0.000000
7,-1,-31,2.5642305e+25,0.000000
5,-3,-36,2.5384975e+25,0.000000
5,-1,-44,2.5343906e+25,0.000000
7,6,47,2.5322435e+25,0.000000
6,2,45,2.5194486e+25,0.000000
5,3,50,2.4922797e+25,0.000000
6,1,-32,2.4821973e+25,0.000000
3,-2,-51,2.4616674e+25,0.000000
8,2,32,2.4377289e+25,0.000000
9,-3,29,2.4371767e+25,0.000000
4,1,-40,2.4255907e+25,0.000000
8,1,26,2.4247649e+25,0.000000
8,5,27,2.4193956e+25,0.000000
8,6,34,2.412956e+25,0.000000
5,1,-39,2.3817171e+25,0.000000
6,3,-6,2.3588646e+25,0.000000
8,-1,28,2.3576945e+25,0.000000
6,-4,-24,2.3570648e+25,0.000000
3,2,-25,2.3537669e+25,0.000000
7,0,-33,2.3475618e+25,0.000000
7,0,33,2.3475618e+25,0.000000
9,3,21,2.3430193e+25,0.000000
10,-2,15,2.3241268e+25,0.000000
6,4,-8,2.3043671e+25,0.000000
9,2,12,2.3018993e+25,0.000000
9,4,1,2.2823271e+25,0.000000
9,5,13,2.2646522e+25,0.000000
8,3,21,2.2431615e+25,0.000000
9,4,5,2.2306296e+25,0.000000
7,2,-15,2.2186088e+25,0.000000
7,7,42,2.1999815e+25,0.000000
9,-2,17,2.1996229e+25,0.000000
7,4,40,2.1960418e+25,0.000000
5,0,-50,2.1945232e+25,0.000000
5,0,50,2.1945232e+25,0.000000
8,-2,-7,2.157701e+25,0.000000
10,-4,34,2.1532911e+25,0.000000
6,3,48,2.1510959e+25,0.000000
7,-7,-7,2.1420307e+25,0.000000
6,1,44,2.1352276e+25,0.000000
9,-5,51,2.1167289e+25,0.000000
6,-3,-25,2.1148628e+25,0.000000
10,-3,7,2.1089542e+25,0.000000
9,-4,47,2.10435e+25,0.000000
7,5,41,2.1041204e+25,0.000000
8,-3,49,2.0946392e+25,0.000000
7,6,48,2.0865793e+25,0.000000
7,-3,-17,2.0863924e+25,0.000000
7,-2,37,2.0755861e+25,0.000000
7,-1,38,2.0422494e+25,0.000000
3,1,-44,2.0375326e+25,0.000000
10,-5,39,2.0351553e+25,0.000000
4,-2,-45,2.0273409e+25,0.000000
5,3,-4,2.0050252e+25,0.000000
7,1,-29,1.9724444e+25,0.000000
8,6,35,1.9433986e+25,0.000000
7,7,43,1.9385991e+25,0.000000
6,-1,54,1.9349106e+25,0.000000
10,-6,51,1.9317577e+25,0.000000
9,1,-4,1.9275583e+25,0.000000
7,3,42,1.9255999e+25,0.000000
5,1,53,1.9240204e+25,0.000000
4,-4,-32,1.9233987e+25,0.000000
3,-2,-52,1.9126843e+25,0.000000
4,4,-5,1.8917874e+25,0.000000
2,1,-45,1.8796122e+25,0.000000
7,2,38,1.8753409e+25,0.000000
3,2,-26,1.8750017e+25,0.000000
3,-3,-48,1.8739323e+25,0.000000
8,1,-10,1.8729575e+25,0.000000
6,0,-45,1.855977e+25,0.000000
6,0,45,1.855977e+25,0.000000
4,-3,-39,1.8454702e+25,0.000000
6,4,-7,1.8407507e+25,0.000000
9,4,6,1.839528e+25,0.000000
7,7,45,1.8288405e+25,0.000000
8,-2,38,1.8154542e+25,0.000000
8,2,33,1.796191e+25,0.000000
5,-4,-24,1.7817602e+25,0.000000
4,-1,-47,1.7718777e+25,0.000000
10,-2,16,1.7625254e+25,0.000000
7,4,41,1.7585767e+25,0.000000
7,2,-5,1.7581053e+25,0.000000
7,0,-34,1.7564549e+25,0.000000
7,0,34,1.7564549e+25,0.000000
9,1,14,1.75397e+25,0.000000
6,2,-25,1.7405954e+25,0.000000
8,-1,-10,1.7372935e+25,0.000000
7,7,44,1.7363414e+25,0.000000
10,-10,0,1.733292e+25,0.000000
5,-5,-17,1.7260281e+25,0.000000
5,-2,-28,1.7246792e+25,0.000000
7,6,49,1.7233132e+25,0.000000
7,-4,-4,1.7208533e+25,0.000000
8,5,28,1.71898e+25,0.000000
2,2,-27,1.7090737e+25,0.000000
9,-9,-6,1.7065447e+25,0.000000
9,-4,48,1.6990625e+25,0.000000
9,9,32,1.6924323e+25,0.000000
4,3,-20,1.6914929e+25,0.000000
8,3,26,1.6913854e+25,0.000000
8,3,27,1.6791545e+25,0.000000
6,4,-9,1.6764288e+25,0.000000
8,4,30,1.6748375e+25,0.000000
7,-1,-32,1.6729151e+25,0.000000
6,1,45,1.6650713e+25,0.000000
6,-2,50,1.6617059e+25,0.000000
5,2,45,1.6598976e+25,0.000000
10,10,45,1.6551279e+25,0.000000
5,3,-20,1.6534105e+25,0.000000
10,-3,2,1.6466239e+25,0.000000
6,-2,-27,1.6382076e+25,0.000000
8,3,25,1.6370651e+25,0.000000
5,2,-23,1.6338728e+25,0.000000
8,0,-25,1.6300968e+25,0.000000
8,0,25,1.6300968e+25,0.000000
8,3,22,1.626535e+25,0.000000
10,-3,8,1.6097493e+25,0.000000
6,4,36,1.6024647e+25,0.000000
8,3,28,1.6019684e+25,0.000000
9,4,7,1.59966e+25,0.000000
9,-5,-4,1.5984525e+25,0.000000
9,-2,18,1.5928516e+25,0.000000
7,3,-11,1.588705e+25,0.000000
9,3,22,1.588129e+25,0.000000
6,-1,-37,1.5769255e+25,0.000000
7,3,-5,1.5663802e+25,0.000000
3,-2,-53,1.5630884e+25,0.000000
8,6,36,1.5538211e+25,0.000000
9,5,14,1.5496852e+25,0.000000
9,1,-9,1.5454648e+25,0.000000
8,3,24,1.5428612e+25,0.000000
9,2,13,1.5371983e+25,0.000000
5,-3,-37,1.5349828e+25,0.000000
8,1,27,1.5299522e+25,0.000000
8,-1,-4,1.5267809e+25,0.000000
4,4,-15,1.5183954e+25,0.000000
3,3,-25,1.5168378e+25,0.000000
9,-5,52,1.5137211e+25,0.000000
10,-9,0,1.5068484e+25,0.000000
6,1,-33,1.5061588e+25,0.000000
8,-8,-7,1.5034522e+25,0.000000
5,3,51,1.491444e+25,0.000000
8,3,23,1.4862701e+25,0.000000
9,-1,14,1.4818566e+25,0.000000
8,8,42,1.4788314e+25,0.000000
3,2,-27,1.4782556e+25,0.000000
8,3,29,1.4745658e+25,0.000000
8,-3,50,1.4741991e+25,0.000000
7,5,42,1.4672213e+25,0.000000
6,2,46,1.4601803e+25,0.000000
7,2,-16,1.4583772e+25,0.000000
9,5,-3,1.4486675e+25,0.000000
6,3,49,1.448015e+25,0.000000
4,-2,-46,1.445667e+25,0.000000
6,-1,55,1.4389301e+25,0.000000
3,-3,-49,1.4333677e+25,0.000000
9,4,8,1.4233784e+25,0.000000
9,2,3,1.4165346e+25,0.000000
6,-3,-26,1.4111552e+25,0.000000
7,3,43,1.4102161e+25,0.000000
5,-1,-45,1.4098518e+25,0.000000
7,6,50,1.4096021e+25,0.000000
8,-1,29,1.4089941e+25,0.000000
9,1,-10,1.4060489e+25,0.000000
10,-4,35,1.4057179e+25,0.000000
9,1,-8,1.4054277e+25,0.000000
5,1,54,1.4005251e+25,0.000000
9,-2,22,1.3995404e+25,0.000000
9,-2,21,1.3992421e+25,0.000000
7,4,42,1.3943808e+25,0.000000
9,-2,19,1.3922953e+25,0.000000
10,-6,52,1.3813672e+25,0.000000
7,1,36,1.3809074e+25,0.000000
7,7,50,1.373873e+25,0.000000
9,-2,20,1.3734057e+25,0.000000
5,0,-51,1.3729069e+25,0.000000
5,0,51,1.3729069e+25,0.000000
9,-4,49,1.3576617e+25,0.000000
9,-2,23,1.3491117e+25,0.000000
7,7,46,1.3377818e+25,0.000000
3,-2,-54,1.3327511e+25,0.000000
6,-4,-25,1.3257125e+25,0.000000
5,1,-40,1.3158818e+25,0.000000
8,3,30,1.3155582e+25,0.000000
9,4,9,1.30768e+25,0.000000
8,2,34,1.3058331e+25,0.000000
7,-2,-9,1.3008073e+25,0.000000
7,0,-35,1.298876e+25,0.000000
7,0,35,1.298876e+25,0.000000
7,-2,38,1.2956168e+25,0.000000
7,1,-30,1.2928667e+25,0.000000
9,4,13,1.2900479e+25,0.000000
10,-5,40,1.289686e+25,0.000000
6,1,46,1.2891353e+25,0.000000
10,-7,-3,1.2801649e+25,0.000000
9,4,14,1.2799327e+25,0.000000
9,4,12,1.2738889e+25,0.000000
4,1,-41,1.2710848e+25,0.000000
10,-2,17,1.2697357e+25,0.000000
9,4,10,1.255496e+25,0.000000
10,-3,9,1.2538006e+25,0.000000
9,4,11,1.2529936e+25,0.000000
9,-2,24,1.2492261e+25,0.000000
8,6,37,1.2429393e+25,0.000000
6,0,-46,1.2403994e+25,0.000000
6,0,46,1.2403994e+25,0.000000
10,-8,-5,1.2394749e+25,0.000000
8,-2,39,1.2345743e+25,0.000000
9,4,15,1.2325332e+25,0.000000
9,-3,30,1.228558e+25,0.000000
7,-2,-8,1.2169319e+25,0.000000
4,-1,-48,1.2159147e+25,0.000000
7,7,47,1.2104879e+25,0.000000
7,-2,-10,1.2077055e+25,0.000000
9,-8,-5,1.207624e+25,0.000000
10,-6,-4,1.1971996e+25,0.000000
8,5,29,1.1965303e+25,0.000000
6,4,-6,1.1861225e+25,0.000000
5,-2,-29,1.1818354e+25,0.000000
7,2,39,1.1817443e+25,0.000000
3,-2,-55,1.1723069e+25,0.000000
7,6,51,1.1590417e+25,0.000000
3,-3,-50,1.1554704e+25,0.000000
7,7,55,1.1524006e+25,0.000000
7,-5,-9,1.1519598e+25,0.000000
9,4,16,1.1472152e+25,0.000000
8,3,31,1.1423669e+25,0.000000
10,-4,-2,1.1372124e+25,0.000000
3,2,-28,1.1336264e+25,0.000000
9,1,-11,1.1281328e+25,0.000000
9,-5,53,1.1255768e+25,0.000000
9,-2,25,1.1136375e+25,0.000000
9,1,19,1.1112953e+25,0.000000
4,-3,-40,1.0969973e+25,0.000000
7,4,43,1.0959124e+25,0.000000
2,1,-46,1.0880424e+25,0.000000
7,-1,-33,1.0840381e+25,0.000000
9,1,20,1.0819149e+25,0.000000
3,1,-45,1.0770308e+25,0.000000
9,-4,50,1.0750957e+25,0.000000
4,-2,-47,1.0620733e+25,0.000000
8,1,-3,1.0578982e+25,0.000000
9,1,18,1.0568047e+25,0.000000
6,4,-10,1.0553556e+25,0.000000
4,2,-28,1.0489977e+25,0.000000
9,3,23,1.0370017e+25,0.000000
8,-3,51,1.0362418e+25,0.000000
9,4,17,1.0310342e+25,0.000000
7,7,48,1.0306084e+25,0.000000
5,3,-21,1.0303082e+25,0.000000
5,-2,-30,1.0295404e+25,0.000000
7,3,44,1.0280085e+25,0.000000
7,5,43,1.0224042e+25,0.000000
10,2,4,1.0212758e+25,0.000000
9,5,15,1.02039e+25,0.000000
7,-2,-11,1.0194133e+25,0.000000
10,-3,10,1.0154936e+25,0.000000
5,1,55,1.0062568e+25,0.000000
8,4,31,9.9412798e+24,0.000000
6,1,47,9.9221722e+24,0.000000
4,-4,-33,9.9162834e+24,0.000000
9,1,21,9.856119e+24,0.000000
10,-6,53,9.841296e+24,0.000000
9,1,15,9.8351649e+24,0.000000
5,-5,-18,9.8290651e+24,0.000000
5,-4,-25,9.824196e+24,0.000000
8,6,38,9.7551891e+24,0.000000
3,-3,-51,9.7448742e+24,0.000000
7,-5,-8,9.7034481e+24,0.000000
6,3,50,9.7025144e+24,0.000000
8,3,-2,9.6898383e+24,0.000000
8,3,32,9.6893446e+24,0.000000
4,3,-21,9.6498222e+24,0.000000
9,-2,26,9.5945673e+24,0.000000
9,2,14,9.5929854e+24,0.000000
5,-2,-31,9.5755502e+24,0.000000
8,1,-11,9.5327212e+24,0.000000
7,0,-36,9.5090852e+24,0.000000
7,0,36,9.5090852e+24,0.000000
8,1,28,9.4507809e+24,0.000000
7,-1,39,9.4383738e+24,0.000000
10,8,32,9.433074e+24,0.000000
7,6,52,9.3824364e+24,0.000000
8,2,35,9.3811581e+24,0.000000
6,-1,-38,9.3661407e+24,0.000000
9,1,17,9.3629692e+24,0.000000
6,-3,-27,9.3586655e+24,0.000000
8,2,-8,9.3575993e+24,0.000000
7,2,-17,9.3519933e+24,0.000000
4,-1,-49,9.3510887e+24,0.000000
5,-3,-38,9.2660706e+24,0.000000
6,3,-7,9.1755789e+24,0.000000
9,1,-7,9.1654833e+24,0.000000
10,2,3,9.1333453e+24,0.000000
9,-1,19,9.0958424e+24,0.000000
6,1,-34,9.0924626e+24,0.000000
7,-5,-10,9.0729458e+24,0.000000
7,-2,-7,9.0005767e+24,0.000000
10,-4,36,8.9823303e+24,0.000000
9,4,18,8.9517001e+24,0.000000
8,-1,-11,8.930025e+24,0.000000
9,-1,18,8.8994083e+24,0.000000
9,-1,15,8.8318951e+24,0.000000
6,2,-26,8.8098123e+24,0.000000
7,7,49,8.7603755e+24,0.000000
5,-2,-32,8.73368e+24,0.000000
5,3,52,8.7033469e+24,0.000000
10,-2,18,8.6926301e+24,0.000000
2,2,-28,8.6896365e+24,0.000000
9,-1,20,8.669939e+24,0.000000
9,-5,54,8.653175e+24,0.000000
5,0,-52,8.5691349e+24,0.000000
5,0,52,8.5691349e+24,0.000000
7,4,44,8.5479794e+24,0.000000
10,-3,11,8.5277111e+24,0.000000
3,-3,-52,8.5174916e+24,0.000000
9,1,22,8.4996246e+24,0.000000
9,-4,51,8.4472697e+24,0.000000
3,2,-29,8.4429683e+24,0.000000
9,1,16,8.4053752e+24,0.000000
7,1,-31,8.4037349e+24,0.000000
8,-2,40,8.3423982e+24,0.000000
6,-2,51,8.3285975e+24,0.000000
7,6,53,8.2884622e+24,0.000000
5,4,-6,8.2690428e+24,0.000000
6,2,47,8.2660236e+24,0.000000
9,1,-12,8.2404147e+24,0.000000
6,0,-47,8.2373475e+24,0.000000
6,0,47,8.2373475e+24,0.000000
8,-1,30,8.2291203e+24,0.000000
9,-1,17,8.1913218e+24,0.000000
6,-2,-28,8.1654479e+24,0.000000
10,4,1,8.1584525e+24,0.000000
8,5,30,8.1499007e+24,0.000000
5,4,-7,8.1383714e+24,0.000000
5,-1,-46,8.1340173e+24,0.000000
4,-2,-48,8.1273073e+24,0.000000
7,3,-12,8.0904926e+24,0.000000
10,2,1,8.0596657e+24,0.000000
8,3,33,8.0512279e+24,0.000000
7,-2,-12,8.0251776e+24,0.000000
9,-2,27,8.0204589e+24,0.000000
7,-2,39,8.0135904e+24,0.000000
7,-4,-10,7.9845334e+24,0.000000
10,-5,41,7.9838506e+24,0.000000
8,2,-12,7.9422101e+24,0.000000
3,3,-26,7.9403887e+24,0.000000
7,-3,-18,7.9189671e+24,0.000000
8,2,-13,7.8498775e+24,0.000000
9,4,0,7.7741504e+24,0.000000
8,0,-26,7.769391e+24,0.000000
8,0,26,7.769391e+24,0.000000
9,-1,21,7.7661301e+24,0.000000
4,-1,-50,7.7322019e+24,0.000000
8,6,39,7.6820832e+24,0.000000
7,-4,-11,7.6815858e+24,0.000000
5,-2,-33,7.6512962e+24,0.000000
3,-3,-53,7.643879e+24,0.000000
9,-1,16,7.6312658e+24,0.000000
6,1,48,7.6013313e+24,0.000000
6,6,-6,7.5595367e+24,0.000000
9,4,19,7.516874e+24,0.000000
7,3,45,7.4651787e+24,0.000000
6,-4,-26,7.4483172e+24,0.000000
10,2,5,7.4393242e+24,0.000000
8,-2,-13,7.4115357e+24,0.000000
7,2,40,7.373111e+24,0.000000
10,-3,12,7.3160996e+24,0.000000
8,-3,52,7.277461e+24,0.000000
5,2,46,7.2659039e+24,0.000000
6,4,37,7.2226126e+24,0.000000
5,1,-41,7.2095505e+24,0.000000
4,4,-16,7.1787371e+24,0.000000
7,5,44,7.1183613e+24,0.000000
8,-2,-8,7.0732057e+24,0.000000
9,2,0,7.029834e+24,0.000000
9,1,23,7.0055546e+24,0.000000
9,-3,31,7.0050458e+24,0.000000
10,-6,54,6.9965442e+24,0.000000
8,-2,-12,6.9921546e+24,0.000000
3,-3,-54,6.98793e+24,0.000000
8,2,-14,6.9815091e+24,0.000000
7,-1,-34,6.9812522e+24,0.000000
5,2,-24,6.929117e+24,0.000000
7,1,37,6.9143418e+24,0.000000
8,2,-11,6.9136579e+24,0.000000
8,-2,-14,6.9034282e+24,0.000000
7,0,-37,6.9017618e+24,0.000000
7,0,37,6.9017618e+24,0.000000
7,-4,-9,6.8931031e+24,0.000000
9,-5,55,6.8192971e+24,0.000000
9,0,-11,6.7046327e+24,0.000000
9,0,11,6.7046327e+24,0.000000
9,5,16,6.6702918e+24,0.000000
8,2,36,6.6684593e+24,0.000000
7,4,45,6.618356e+24,0.000000
9,-1,22,6.6009936e+24,0.000000
9,-4,52,6.5934484e+24,0.000000
7,-4,-12,6.5874996e+24,0.000000
4,-1,-51,6.5771764e+24,0.000000
8,3,34,6.5701461e+24,0.000000
4,1,-42,6.5696392e+24,0.000000
9,-2,28,6.5285852e+24,0.000000
4,-2,-49,6.5205713e+24,0.000000
4,-3,-41,6.5185958e+24,0.000000
9,3,24,6.5171899e+24,0.000000
8,7,14,6.49067e+24,0.000000
7,7,51,6.4879921e+24,0.000000
8,7,13,6.4742056e+24,0.000000
3,-3,-55,6.4679385e+24,0.000000
6,3,51,6.4625211e+24,0.000000
9,0,-10,6.4621641e+24,0.000000
9,0,10,6.4621641e+24,0.000000
5,-2,-34,6.4441495e+24,0.000000
5,2,53,6.4098146e+24,0.000000
2,1,-47,6.4051412e+24,0.000000
9,8,34,6.3809148e+24,0.000000
9,0,-12,6.3694649e+24,0.000000
9,0,12,6.3694649e+24,0.000000
8,7,15,6.3632969e+24,0.000000
5,3,-22,6.3469264e+24,0.000000
5,2,54,6.3208915e+24,0.000000
10,-3,13,6.3119265e+24,0.000000
6,4,-11,6.2992924e+24,0.000000
5,2,52,6.2625569e+24,0.000000
8,7,12,6.2441401e+24,0.000000
7,6,54,6.1787165e+24,0.000000
6,-3,-28,6.1743582e+24,0.000000
8,7,16,6.1470477e+24,0.000000
9,6,9,6.1467301e+24,0.000000
7,-5,-11,6.1349726e+24,0.000000
3,2,-30,6.1268742e+24,0.000000
9,4,20,6.1123754e+24,0.000000
5,2,55,6.0530841e+24,0.000000
8,6,40,6.0348515e+24,0.000000
7,-2,-13,5.9851287e+24,0.000000
9,6,10,5.9597843e+24,0.000000
9,6,8,5.9526489e+24,0.000000
10,4,-1,5.9203946e+24,0.000000
8,8,46,5.9043279e+24,0.000000
8,7,17,5.880417e+24,0.000000
8,-2,-15,5.8720695e+24,0.000000
7,2,-18,5.8595716e+24,0.000000
10,-9,-1,5.8441519e+24,0.000000
5,2,51,5.836355e+24,0.000000
3,1,-46,5.8023891e+24,0.000000
6,1,49,5.7976354e+24,0.000000
9,0,-4,5.7726095e+24,0.000000
9,0,4,5.7726095e+24,0.000000
2,2,-29,5.7714266e+24,0.000000
8,2,-15,5.750255e+24,0.000000
8,7,11,5.7327451e+24,0.000000
8,4,32,5.7229151e+24,0.000000
5,4,-8,5.7133534e+24,0.000000
8,1,29,5.711115e+24,0.000000
5,-5,-19,5.6998261e+24,0.000000
8,8,55,5.681386e+24,0.000000
10,-2,19,5.6508938e+24,0.000000
9,0,-13,5.6302347e+24,0.000000
9,0,13,5.6302347e+24,0.000000
9,2,15,5.6275659e+24,0.000000
8,7,40,5.6248081e+24,0.000000
10,-4,37,5.6176626e+24,0.000000
8,-2,41,5.6051925e+24,0.000000
8,-7,-6,5.5963296e+24,0.000000
4,-1,-52,5.5930548e+24,0.000000
8,7,18,5.5893402e+24,0.000000
5,-3,-39,5.5826788e+24,0.000000
9,0,-9,5.5717761e+24,0.000000
9,0,9,5.5717761e+24,0.000000
9,1,-13,5.5717719e+24,0.000000
9,6,11,5.5688973e+24,0.000000
9,1,24,5.5598748e+24,0.000000
6,-1,-39,5.5113377e+24,0.000000
4,3,-22,5.4986944e+24,0.000000
4,-2,-50,5.4831109e+24,0.000000
6,1,-35,5.4591559e+24,0.000000
7,7,52,5.4563213e+24,0.000000
8,-2,-11,5.4343253e+24,0.000000
6,0,-48,5.4322219e+24,0.000000
6,0,48,5.4322219e+24,0.000000
8,5,31,5.4235141e+24,0.000000
7,1,-32,5.4227746e+24,0.000000
9,0,-3,5.4182862e+24,0.000000
9,0,3,5.4182862e+24,0.000000
10,10,48,5.4081852e+24,0.000000
10,-3,14,5.4061188e+24,0.000000
5,-4,-26,5.4051057e+24,0.000000
7,3,46,5.4039291e+24,0.000000
10,-10,-1,5.3860217e+24,0.000000
9,-1,23,5.3693161e+24,0.000000
5,0,-53,5.3650131e+24,0.000000
5,0,53,5.3650131e+24,0.000000
8,7,19,5.2914219e+24,0.000000
8,3,35,5.2762103e+24,0.000000
5,-2,-35,5.2485662e+24,0.000000
8,8,41,5.2420929e+24,0.000000
9,6,7,5.2270519e+24,0.000000
7,-4,-13,5.2257131e+24,0.000000
9,-2,29,5.1906385e+24,0.000000
9,1,-5,5.1665262e+24,0.000000
6,-6,-10,5.1427404e+24,0.000000
5,2,50,5.1370743e+24,0.000000
4,-4,-34,5.1305663e+24,0.000000
9,-4,53,5.1184122e+24,0.000000
8,-3,53,5.1074643e+24,0.000000
9,6,12,5.1073168e+24,0.000000
7,4,46,5.094278e+24,0.000000
8,2,-4,5.0741404e+24,0.000000
9,-3,32,5.0740837e+24,0.000000
7,5,45,5.0096321e+24,0.000000
5,-1,-47,4.9995941e+24,0.000000
8,7,20,4.9988003e+24,0.000000
7,6,55,4.9844777e+24,0.000000
8,2,-10,4.9819089e+24,0.000000
6,5,-5,4.9779338e+24,0.000000
10,-6,55,4.9731389e+24,0.000000
7,0,-38,4.972118e+24,0.000000
7,0,38,4.972118e+24,0.000000
5,3,53,4.9382253e+24,0.000000
10,4,2,4.9192973e+24,0.000000
8,7,10,4.9162791e+24,0.000000
7,-2,40,4.909796e+24,0.000000
10,-5,42,4.8367373e+24,0.000000
9,4,21,4.8182398e+24,0.000000
4,-2,-51,4.8020543e+24,0.000000
8,6,41,4.7830598e+24,0.000000
8,7,21,4.7197282e+24,0.000000
7,7,53,4.7159919e+24,0.000000
8,1,-12,4.7072326e+24,0.000000
8,2,37,4.695579e+24,0.000000
7,7,54,4.6917263e+24,0.000000
8,-1,31,4.6910499e+24,0.000000
4,-1,-53,4.6848135e+24,0.000000
9,0,-14,4.6816828e+24,0.000000
9,0,14,4.6816828e+24,0.000000
8,-2,-16,4.6702328e+24,0.000000
9,6,13,4.655173e+24,0.000000
9,5,17,4.590145e+24,0.000000
9,-3,33,4.5761395e+24,0.000000
8,7,32,4.5637077e+24,0.000000
10,2,6,4.5543588e+24,0.000000
10,-3,15,4.5537423e+24,0.000000
7,2,41,4.5530828e+24,0.000000
6,2,48,4.5477447e+24,0.000000
9,-3,34,4.5328495e+24,0.000000
9,-3,35,4.5042877e+24,0.000000
7,-1,-35,4.4695325e+24,0.000000
8,2,-16,4.466239e+24,0.000000
8,7,22,4.459426e+24,0.000000
10,4,7,4.4489908e+24,0.000000
6,-2,52,4.4399742e+24,0.000000
6,-6,-9,4.4135881e+24,0.000000
6,1,50,4.4074399e+24,0.000000
6,2,-27,4.3861778e+24,0.000000
10,4,6,4.3661147e+24,0.000000
10,-7,-4,4.3561043e+24,0.000000
3,2,-31,4.3500484e+24,0.000000
2,2,-30,4.3400338e+24,0.000000
9,-3,36,4.3388297e+24,0.000000
4,-2,-52,4.3349474e+24,0.000000
10,4,8,4.3114186e+24,0.000000
7,-1,40,4.3104229e+24,0.000000
6,3,-8,4.2944085e+24,0.000000
8,-1,-12,4.2883248e+24,0.000000
5,2,49,4.2865231e+24,0.000000
9,1,25,4.2734958e+24,0.000000
6,3,52,4.2729924e+24,0.000000
7,-2,-14,4.2726155e+24,0.000000
9,6,14,4.2512958e+24,0.000000
8,7,23,4.2206477e+24,0.000000
6,4,38,4.2160819e+24,0.000000
9,-1,24,4.2082256e+24,0.000000
7,-4,-8,4.1977597e+24,0.000000
6,-4,-27,4.1799776e+24,0.000000
8,3,36,4.1768669e+24,0.000000
3,3,-27,4.1749773e+24,0.000000
9,0,-8,4.1719554e+24,0.000000
9,0,8,4.1719554e+24,0.000000
5,-2,-36,4.1589128e+24,0.000000
10,10,44,4.1360386e+24,0.000000
7,-2,-6,4.1196433e+24,0.000000
10,4,5,4.0889177e+24,0.000000
5,2,47,4.0658193e+24,0.000000
6,-3,-29,4.0554612e+24,0.000000
9,-2,30,4.0414502e+24,0.000000
9,-3,37,4.0229906e+24,0.000000
9,6,6,4.016324e+24,0.000000
8,2,-9,4.0147879e+24,0.000000
8,7,24,4.0041719e+24,0.000000
4,-2,-53,3.9916052e+24,0.000000
8,8,40,3.9833413e+24,0.000000
6,-2,-29,3.9787757e+24,0.000000
6,-6,-11,3.9769096e+24,0.000000
7,3,-13,3.9735769e+24,0.000000
9,-4,54,3.9561994e+24,0.000000
9,3,25,3.9346633e+24,0.000000
10,4,9,3.9242201e+24,0.000000
5,1,-42,3.9201e+24,0.000000
7,-4,-14,3.9193252e+24,0.000000
9,6,15,3.9073029e+24,0.000000
7,3,47,3.9016649e+24,0.000000
7,4,47,3.9003111e+24,0.000000
8,7,9,3.8785963e+24,0.000000
5,3,-23,3.872372e+24,0.000000
4,-3,-42,3.8722393e+24,0.000000
2,1,-48,3.8643208e+24,0.000000
4,-1,-54,3.8397702e+24,0.000000
9,7,11,3.8221922e+24,0.000000
7,-6,-6,3.8187415e+24,0.000000
7,-5,-12,3.8177558e+24,0.000000
8,7,25,3.8092678e+24,0.000000
9,7,12,3.8030925e+24,0.000000
9,-1,-9,3.7952243e+24,0.000000
8,-1,-3,3.7652641e+24,0.000000
8,7,30,3.7490947e+24,0.000000
10,-3,16,3.7479469e+24,0.000000
8,-2,42,3.7463181e+24,0.000000
4,-2,-54,3.7154314e+24,0.000000
9,0,-15,3.6899515e+24,0.000000
9,0,15,3.6899515e+24,0.000000
9,4,22,3.6846093e+24,0.000000
9,7,10,3.6777575e+24,0.000000
6,4,-12,3.6751063e+24,0.000000
9,7,13,3.6664416e+24,0.000000
5,2,48,3.6494524e+24,0.000000
9,4,-2,3.6404123e+24,0.000000
9,-1,-10,3.6397428e+24,0.000000
8,7,26,3.634118e+24,0.000000
8,6,42,3.6239869e+24,0.000000
9,6,16,3.6188099e+24,0.000000
9,-3,38,3.5985682e+24,0.000000
7,2,-19,3.59165e+24,0.000000
8,-3,54,3.582193e+24,0.000000
9,5,18,3.5703091e+24,0.000000
8,-1,0,3.5703075e+24,0.000000
10,4,4,3.5629498e+24,0.000000
5,4,-9,3.5605507e+24,0.000000
7,0,-39,3.5588719e+24,0.000000
7,0,39,3.5588719e+24,0.000000
6,0,-49,3.5555886e+24,0.000000
6,0,49,3.5555886e+24,0.000000
8,0,-27,3.5303122e+24,0.000000
8,0,27,3.5303122e+24,0.000000
8,-2,-17,3.526892e+24,0.000000
8,5,32,3.5193218e+24,0.000000
9,1,-14,3.5163741e+24,0.000000
9,5,23,3.4905178e+24,0.000000
10,-2,20,3.4815652e+24,0.000000
9,5,22,3.4772657e+24,0.000000
5,-1,-48,3.477092e+24,0.000000
7,1,-33,3.4761843e+24,0.000000
8,7,27,3.4761809e+24,0.000000
6,4,41,3.4759023e+24,0.000000
4,-2,-55,3.4737006e+24,0.000000
10,2,12,3.471345e+24,0.000000
10,-10,-2,3.4677846e+24,0.000000
9,7,14,3.4556958e+24,0.000000
7,5,46,3.4509658e+24,0.000000
6,4,39,3.4490154e+24,0.000000
10,-4,38,3.4395404e+24,0.000000
4,4,-17,3.4297938e+24,0.000000
6,4,42,3.4198149e+24,0.000000
6,4,40,3.4180062e+24,0.000000
5,0,-54,3.402153e+24,0.000000
5,0,54,3.402153e+24,0.000000
9,5,24,3.3855067e+24,0.000000
10,2,13,3.3838614e+24,0.000000
9,6,17,3.3735058e+24,0.000000
8,1,30,3.3726584e+24,0.000000
9,5,21,3.3676291e+24,0.000000
5,-3,-40,3.357459e+24,0.000000
4,1,-43,3.3565015e+24,0.000000
5,-5,-20,3.3541992e+24,0.000000
9,7,9,3.3416268e+24,0.000000
7,1,38,3.3409074e+24,0.000000
6,1,51,3.3402493e+24,0.000000
8,7,28,3.3325082e+24,0.000000
10,4,10,3.3280491e+24,0.000000
2,2,-31,3.3145653e+24,0.000000
8,2,-17,3.3104714e+24,0.000000
8,2,38,3.2784212e+24,0.000000
9,1,-6,3.2755717e+24,0.000000
8,3,37,3.2643499e+24,0.000000
6,1,-36,3.2581637e+24,0.000000
10,2,11,3.247634e+24,0.000000
8,-2,-10,3.2425718e+24,0.000000
3,1,-47,3.2411831e+24,0.000000
9,5,20,3.2352271e+24,0.000000
6,4,43,3.2280983e+24,0.000000
9,5,19,3.2254172e+24,0.000000
5,-2,-37,3.2224537e+24,0.000000
6,-1,-40,3.2074066e+24,0.000000
9,7,15,3.2060771e+24,0.000000
8,7,29,3.2004279e+24,0.000000
8,4,33,3.1969442e+24,0.000000
9,-1,25,3.1953947e+24,0.000000
9,1,26,3.1953256e+24,0.000000
9,-1,-8,3.1925612e+24,0.000000
9,2,16,3.1817915e+24,0.000000
4,2,-29,3.1749658e+24,0.000000
9,5,25,3.1727127e+24,0.000000
10,4,3,3.1643235e+24,0.000000
9,6,18,3.1567165e+24,0.000000
8,7,31,3.1312949e+24,0.000000
4,3,-23,3.1303898e+24,0.000000
9,-3,39,3.1194688e+24,0.000000
8,7,33,3.0987195e+24,0.000000
9,-2,31,3.0882639e+24,0.000000
4,-1,-55,3.0720112e+24,0.000000
9,-4,55,3.0481548e+24,0.000000
10,2,14,3.0399557e+24,0.000000
3,2,-32,3.0332106e+24,0.000000
9,-1,-11,3.0309631e+24,0.000000
10,-3,17,3.0008177e+24,0.000000
7,-2,41,2.9785129e+24,0.000000
7,4,48,2.972565e+24,0.000000
5,-4,-27,2.9668311e+24,0.000000
9,6,19,2.9549547e+24,0.000000
6,4,44,2.9493478e+24,0.000000
9,7,16,2.944491e+24,0.000000
7,-2,-15,2.9406991e+24,0.000000
6,-2,53,2.9135972e+24,0.000000
7,-3,-19,2.8960372e+24,0.000000
10,-5,43,2.8853973e+24,0.000000
9,5,26,2.8791568e+24,0.000000
9,0,-5,2.8789981e+24,0.000000
9,0,5,2.8789981e+24,0.000000
8,7,8,2.8569139e+24,0.000000
9,7,8,2.8461907e+24,0.000000
7,-1,-36,2.8452987e+24,0.000000
9,6,2,2.8209584e+24,0.000000
7,-4,-15,2.8183394e+24,0.000000
5,2,-25,2.8134558e+24,0.000000
7,3,48,2.8111027e+24,0.000000
6,3,-9,2.810029e+24,0.000000
6,3,53,2.7995614e+24,0.000000
8,6,43,2.7962265e+24,0.000000
8,7,41,2.7906478e+24,0.000000
9,8,42,2.7820381e+24,0.000000
7,2,42,2.7815207e+24,0.000000
9,0,-16,2.7712856e+24,0.000000
9,0,16,2.7712856e+24,0.000000
9,6,5,2.7666698e+24,0.000000
10,2,10,2.7665831e+24,0.000000
10,9,32,2.7590301e+24,0.000000
9,6,20,2.7578464e+24,0.000000
6,-2,55,2.7426488e+24,0.000000
8,7,34,2.7377306e+24,0.000000
9,4,23,2.7343327e+24,0.000000
5,3,54,2.7319697e+24,0.000000
10,2,7,2.7281585e+24,0.000000
9,-1,-4,2.7274267e+24,0.000000
9,0,-7,2.7051411e+24,0.000000
9,0,7,2.7051411e+24,0.000000
9,7,17,2.6905024e+24,0.000000
4,-4,-35,2.6682975e+24,0.000000
8,1,-13,2.6649821e+24,0.000000
6,-3,-30,2.6535049e+24,0.000000
10,8,31,2.6475011e+24,0.000000
9,6,3,2.6432332e+24,0.000000
9,-3,40,2.6327088e+24,0.000000
10,4,11,2.621737e+24,0.000000
6,-6,-12,2.6181476e+24,0.000000
8,7,37,2.6175149e+24,0.000000
7,3,-3,2.6167552e+24,0.000000
8,-1,32,2.6070213e+24,0.000000
6,4,45,2.6040257e+24,0.000000
6,-2,54,2.5693196e+24,0.000000
8,7,35,2.5679933e+24,0.000000
9,6,21,2.5588172e+24,0.000000
8,-2,-18,2.5559704e+24,0.000000
8,1,-17,2.5431328e+24,0.000000
10,2,15,2.5419464e+24,0.000000
9,5,27,2.537041e+24,0.000000
7,0,-40,2.5329857e+24,0.000000
7,0,40,2.5329857e+24,0.000000
6,1,52,2.5241056e+24,0.000000
7,6,-5,2.5219569e+24,0.000000
8,3,38,2.5217889e+24,0.000000
8,-3,55,2.5102713e+24,0.000000
10,4,0,2.5040549e+24,0.000000
8,1,-18,2.4946179e+24,0.000000
8,-2,43,2.4917732e+24,0.000000
2,2,-32,2.4720281e+24,0.000000
9,7,4,2.4635573e+24,0.000000
9,7,18,2.4571501e+24,0.000000
5,-2,-38,2.4513335e+24,0.000000
5,-1,-49,2.4497182e+24,0.000000
8,-2,-9,2.4313378e+24,0.000000
8,7,36,2.4289755e+24,0.000000
8,1,-16,2.4255493e+24,0.000000
6,2,49,2.4215081e+24,0.000000
2,1,-49,2.4177339e+24,0.000000
7,5,47,2.4043529e+24,0.000000
8,0,-1,2.3699047e+24,0.000000
8,0,1,2.3699047e+24,0.000000
8,-1,-18,2.3654962e+24,0.000000
8,2,-18,2.3611295e+24,0.000000
9,-1,26,2.3607195e+24,0.000000
6,3,-10,2.3564878e+24,0.000000
9,7,3,2.3556983e+24,0.000000
9,6,22,2.3549287e+24,0.000000
8,-1,-17,2.3495184e+24,0.000000
5,3,-24,2.3437944e+24,0.000000
6,-4,-28,2.3431094e+24,0.000000
9,7,7,2.3348887e+24,0.000000
9,1,27,2.3323963e+24,0.000000
10,-3,18,2.3299634e+24,0.000000
9,-2,32,2.3203242e+24,0.000000
6,0,-50,2.3088451e+24,0.000000
6,0,50,2.3088451e+24,0.000000
8,1,-19,2.2998789e+24,0.000000
4,-3,-43,2.299862e+24,0.000000
7,7,-6,2.2873253e+24,0.000000
9,3,26,2.2759512e+24,0.000000
9,-1,-12,2.2736925e+24,0.000000
8,2,39,2.2716125e+24,0.000000
8,7,5,2.2705866e+24,0.000000
8,-1,-13,2.2700013e+24,0.000000
6,4,46,2.2596382e+24,0.000000
7,4,49,2.2568211e+24,0.000000
8,7,39,2.2541446e+24,0.000000
9,7,19,2.2516883e+24,0.000000
7,-5,-13,2.2500457e+24,0.000000
10,2,9,2.2454428e+24,0.000000
9,6,4,2.2290789e+24,0.000000
8,-1,-19,2.2239187e+24,0.000000
8,5,33,2.2218898e+24,0.000000
5,0,-55,2.2187558e+24,0.000000
5,0,55,2.2187558e+24,0.000000
7,1,-34,2.2150862e+24,0.000000
8,1,-15,2.2077177e+24,0.000000
8,7,4,2.2066248e+24,0.000000
3,3,-28,2.2050034e+24,0.000000
8,7,7,2.1851519e+24,0.000000
9,5,28,2.1766389e+24,0.000000
9,-3,41,2.1721933e+24,0.000000
8,1,0,2.1706038e+24,0.000000
9,7,5,2.1671082e+24,0.000000
8,-1,-16,2.1612944e+24,0.000000
9,7,0,2.16052e+24,0.000000
7,2,-20,2.1558497e+24,0.000000
8,6,44,2.153843e+24,0.000000
8,7,38,2.1509647e+24,0.000000
8,8,51,2.1470499e+24,0.000000
9,6,23,2.1462237e+24,0.000000
6,2,-28,2.142435e+24,0.000000
6,3,-11,2.1260002e+24,0.000000
5,1,-43,2.1214581e+24,0.000000
8,1,-14,2.1211835e+24,0.000000
6,4,-13,2.1203884e+24,0.000000
5,4,-10,2.1117698e+24,0.000000
8,7,55,2.1031659e+24,0.000000
7,-1,41,2.1000797e+24,0.000000
3,2,-33,2.0836639e+24,0.000000
9,1,-15,2.0774484e+24,0.000000
9,7,20,2.0764904e+24,0.000000
10,2,8,2.0740275e+24,0.000000
8,7,6,2.0645057e+24,0.000000
10,-4,39,2.0644567e+24,0.000000
9,7,6,2.0522052e+24,0.000000
8,8,29,2.0426278e+24,0.000000
10,-2,21,2.0268083e+24,0.000000
7,3,49,2.0213258e+24,0.000000
5,-3,-41,2.0154252e+24,0.000000
8,1,-20,2.0111276e+24,0.000000
5,-5,-21,1.9970266e+24,0.000000
8,7,50,1.9953562e+24,0.000000
10,2,16,1.9934512e+24,0.000000
9,0,-17,1.9905575e+24,0.000000
9,0,17,1.9905575e+24,0.000000
8,-1,-20,1.9756479e+24,0.000000
9,4,24,1.9687301e+24,0.000000
7,-2,-16,1.9617033e+24,0.000000
7,-4,-16,1.9616884e+24,0.000000
8,-4,-7,1.9547572e+24,0.000000
9,-7,-6,1.9525993e+24,0.000000
8,1,31,1.9438099e+24,0.000000
9,0,-6,1.9434375e+24,0.000000
9,0,6,1.9434375e+24,0.000000
9,9,27,1.9368188e+24,0.000000
9,6,24,1.9348644e+24,0.000000
3,1,-48,1.9319784e+24,0.000000
6,4,47,1.9318294e+24,0.000000
6,1,-37,1.9315002e+24,0.000000
9,7,21,1.9301615e+24,0.000000
8,3,39,1.9278249e+24,0.000000
5,-1,-50,1.9263358e+24,0.000000
10,4,12,1.9184816e+24,0.000000
6,1,53,1.9018264e+24,0.000000
10,8,39,1.8940112e+24,0.000000
6,3,-12,1.8892234e+24,0.000000
6,-2,-30,1.8842125e+24,0.000000
7,3,-14,1.8775806e+24,0.000000
8,-1,-15,1.8773945e+24,0.000000
9,2,17,1.8644719e+24,0.000000
6,-1,-41,1.8420828e+24,0.000000
5,-2,-39,1.8364213e+24,0.000000
10,2,2,1.8351084e+24,0.000000
8,7,45,1.8315801e+24,0.000000
9,-1,-7,1.8315732e+24,0.000000
9,6,-1,1.8248156e+24,0.000000
9,5,29,1.8225644e+24,0.000000
6,3,54,1.8132615e+24,0.000000
9,7,22,1.8087523e+24,0.000000
7,-1,-37,1.8010524e+24,0.000000
7,0,-41,1.7939022e+24,0.000000
7,0,41,1.7939022e+24,0.000000
8,-2,-19,1.7912103e+24,0.000000
2,2,-33,1.7893865e+24,0.000000
7,-2,42,1.7880803e+24,0.000000
4,3,-24,1.7811128e+24,0.000000
9,7,2,1.7661137e+24,0.000000
9,-3,42,1.7581083e+24,0.000000
10,-3,19,1.7501667e+24,0.000000
8,-1,-14,1.7445049e+24,0.000000
8,4,34,1.7433584e+24,0.000000
6,-3,-31,1.7304259e+24,0.000000
9,7,1,1.7269984e+24,0.000000
9,6,25,1.7242643e+24,0.000000
10,-5,44,1.7210772e+24,0.000000
9,-2,33,1.7167289e+24,0.000000
4,1,-44,1.7085202e+24,0.000000
7,4,50,1.7082247e+24,0.000000
9,7,23,1.7069222e+24,0.000000
9,-1,27,1.7028357e+24,0.000000
8,1,-21,1.6825371e+24,0.000000
7,2,43,1.6800722e+24,0.000000
8,6,-5,1.6797145e+24,0.000000
8,-1,-21,1.6756267e+24,0.000000
7,5,48,1.6746891e+24,0.000000
9,1,28,1.6664715e+24,0.000000
8,6,45,1.6550368e+24,0.000000
8,8,50,1.6535455e+24,0.000000
4,4,-18,1.6510852e+24,0.000000
8,7,42,1.6508248e+24,0.000000
8,-2,44,1.6495523e+24,0.000000
6,4,48,1.6347007e+24,0.000000
8,2,-19,1.630264e+24,0.000000
5,-4,-28,1.6241019e+24,0.000000
8,7,3,1.6230456e+24,0.000000
9,7,24,1.618929e+24,0.000000
9,7,-4,1.6153357e+24,0.000000
6,3,-13,1.6142371e+24,0.000000
9,6,1,1.6026783e+24,0.000000
9,9,38,1.5995747e+24,0.000000
7,-2,-4,1.5944092e+24,0.000000
2,1,-50,1.5942781e+24,0.000000
6,-6,-13,1.5871594e+24,0.000000
5,-1,-51,1.582891e+24,0.000000
8,8,30,1.5769758e+24,0.000000
9,7,-2,1.5765046e+24,0.000000
9,-1,-13,1.5670428e+24,0.000000
8,2,40,1.5631622e+24,0.000000
7,1,39,1.5614152e+24,0.000000
8,0,-28,1.5494498e+24,0.000000
8,0,28,1.5494498e+24,0.000000
9,7,25,1.5393797e+24,0.000000
9,6,26,1.5183311e+24,0.000000
5,3,55,1.5045898e+24,0.000000
9,5,30,1.4924839e+24,0.000000
6,0,-51,1.4876017e+24,0.000000
6,0,51,1.4876017e+24,0.000000
10,2,17,1.4738826e+24,0.000000
9,9,30,1.4687695e+24,0.000000
8,7,1,1.4665119e+24,0.000000
8,8,36,1.4637995e+24,0.000000
9,7,26,1.463727e+24,0.000000
8,3,40,1.4598192e+24,0.000000
7,3,50,1.450996e+24,0.000000
8,7,43,1.4360247e+24,0.000000
6,1,54,1.4285313e+24,0.000000
10,10,46,1.4239235e+24,0.000000
3,2,-34,1.4136895e+24,0.000000
8,-1,33,1.4119924e+24,0.000000
5,3,-25,1.4093696e+24,0.000000
7,1,-35,1.4035053e+24,0.000000
9,-3,43,1.4001531e+24,0.000000
4,-4,-36,1.3997906e+24,0.000000
8,-2,-4,1.3922023e+24,0.000000
9,7,27,1.388532e+24,0.000000
8,-4,-8,1.384472e+24,0.000000
9,4,25,1.3742942e+24,0.000000
6,4,49,1.3736398e+24,0.000000
9,0,-18,1.3707055e+24,0.000000
9,0,18,1.3707055e+24,0.000000
8,-1,-22,1.3680256e+24,0.000000
4,-3,-44,1.3662911e+24,0.000000
9,2,23,1.3612527e+24,0.000000
8,5,34,1.3611019e+24,0.000000
5,-2,-40,1.3580667e+24,0.000000
8,1,-22,1.3565064e+24,0.000000
9,2,22,1.3544418e+24,0.000000
7,-4,-17,1.3306852e+24,0.000000
8,7,44,1.3279098e+24,0.000000
5,-1,-52,1.3254651e+24,0.000000
6,3,-14,1.3239064e+24,0.000000
9,6,27,1.3208788e+24,0.000000
9,7,28,1.3115363e+24,0.000000
6,-4,-29,1.3115128e+24,0.000000
10,4,13,1.3083809e+24,0.000000
9,2,24,1.3059515e+24,0.000000
5,5,-7,1.2943035e+24,0.000000
9,2,18,1.291147e+24,0.000000
7,4,51,1.2895787e+24,0.000000
9,2,21,1.2873868e+24,0.000000
3,1,-49,1.2778437e+24,0.000000
7,-5,-14,1.2745678e+24,0.000000
7,-2,-17,1.2734038e+24,0.000000
8,8,15,1.2695759e+24,0.000000
10,-3,20,1.2692078e+24,0.000000
7,2,-21,1.2681342e+24,0.000000
8,6,46,1.2662892e+24,0.000000
7,0,-42,1.264891e+24,0.000000
7,0,42,1.264891e+24,0.000000
7,-1,42,1.2647094e+24,0.000000
2,2,-34,1.2632084e+24,0.000000
9,3,27,1.2582145e+24,0.000000
8,8,14,1.2567164e+24,0.000000
9,-2,34,1.2523812e+24,0.000000
8,7,0,1.2515529e+24,0.000000
8,8,16,1.2510482e+24,0.000000
6,2,50,1.2498523e+24,0.000000
9,7,-3,1.2415199e+24,0.000000
9,7,29,1.231618e+24,0.000000
5,4,-11,1.2241697e+24,0.000000
9,7,-1,1.2235019e+24,0.000000
8,-2,-20,1.2207503e+24,0.000000
10,-4,40,1.2190139e+24,0.000000
6,4,-14,1.2154712e+24,0.000000
8,7,2,1.2140378e+24,0.000000
8,8,17,1.2133785e+24,0.000000
5,-3,-42,1.2082855e+24,0.000000
9,-1,28,1.2024237e+24,0.000000
9,2,25,1.2013477e+24,0.000000
7,-3,-20,1.2002139e+24,0.000000
5,-5,-22,1.1998629e+24,0.000000
8,8,13,1.1993637e+24,0.000000
9,5,31,1.1973339e+24,0.000000
9,2,20,1.1909426e+24,0.000000
9,7,30,1.1891037e+24,0.000000
8,8,33,1.1757471e+24,0.000000
3,3,-29,1.1698642e+24,0.000000
9,1,29,1.168128e+24,0.000000
7,5,49,1.167176e+24,0.000000
8,8,18,1.1656955e+24,0.000000
6,3,55,1.157647e+24,0.000000
10,-9,-2,1.157199e+24,0.000000
5,1,-44,1.1502367e+24,0.000000
6,4,50,1.1493439e+24,0.000000
9,1,-16,1.1476906e+24,0.000000
9,2,19,1.1434712e+24,0.000000
7,5,-5,1.1395402e+24,0.000000
6,1,-38,1.1361765e+24,0.000000
10,0,-6,1.1352482e+24,0.000000
10,0,6,1.1352482e+24,0.000000
9,6,28,1.1352211e+24,0.000000
7,-1,-38,1.1333204e+24,0.000000
10,-5,-3,1.1331461e+24,0.000000
2,1,-51,1.1280798e+24,0.000000
6,-3,-32,1.1251238e+24,0.000000
8,8,19,1.1139182e+24,0.000000
5,-1,-53,1.1116558e+24,0.000000
10,-2,22,1.1112724e+24,0.000000
5,2,-26,1.1081587e+24,0.000000
9,8,46,1.0999777e+24,0.000000
9,-3,44,1.0998652e+24,0.000000
8,3,41,1.0959549e+24,0.000000
8,2,-20,1.0947345e+24,0.000000
9,8,55,1.0942509e+24,0.000000
8,1,32,1.0920564e+24,0.000000
8,7,-2,1.089964e+24,0.000000
8,8,12,1.0894015e+24,0.000000
8,-2,45,1.0869157e+24,0.000000
8,-1,-23,1.0820673e+24,0.000000
10,-10,-3,1.0748322e+24,0.000000
9,7,31,1.0729089e+24,0.000000
9,7,32,1.0718885e+24,0.000000
6,1,55,1.0693257e+24,0.000000
8,2,41,1.0689823e+24,0.000000
9,2,26,1.0652971e+24,0.000000
9,-9,-7,1.0633311e+24,0.000000
8,8,20,1.0614936e+24,0.000000
7,-2,43,1.0614827e+24,0.000000
8,1,-23,1.0601267e+24,0.000000
10,-5,45,1.0580631e+24,0.000000
8,7,46,1.0526785e+24,0.000000
8,8,38,1.0501232e+24,0.000000
6,3,-15,1.0462576e+24,0.000000
6,-1,-42,1.0412746e+24,0.000000
7,3,51,1.0397258e+24,0.000000
10,-3,0,1.0373197e+24,0.000000
9,6,-3,1.0337906e+24,0.000000
7,-1,46,1.0319922e+24,0.000000
8,7,47,1.0313845e+24,0.000000
10,2,18,1.0306374e+24,0.000000
10,0,-7,1.0267504e+24,0.000000
10,0,7,1.0267504e+24,0.000000
7,-4,-7,1.025558e+24,0.000000
7,-1,45,1.0229597e+24,0.000000
7,-1,43,1.0228689e+24,0.000000
6,2,-29,1.0225985e+24,0.000000
10,10,41,1.0146761e+24,0.000000
4,3,-25,1.0132499e+24,0.000000
8,8,21,1.0102087e+24,0.000000
7,-1,47,1.0080732e+24,0.000000
7,2,44,1.0026708e+24,0.000000
9,-1,-14,1.0026692e+24,0.000000
9,6,0,1.0021045e+24,0.000000
7,-1,44,9.9827066e+23,0.000000
10,10,47,9.9672553e+23,0.000000
5,-2,-41,9.9316286e+23,0.000000
9,9,54,9.8757739e+23,0.000000
7,4,52,9.7187161e+23,0.000000
8,6,47,9.7012459e+23,0.000000
3,1,-50,9.6922075e+23,0.000000
9,6,29,9.6393183e+23,0.000000
10,3,3,9.6279473e+23,0.000000
8,8,22,9.6081452e+23,0.000000
6,4,51,9.5724478e+23,0.000000
9,-1,-5,9.5460382e+23,0.000000
7,-1,48,9.5358292e+23,0.000000
9,8,41,9.5237839e+23,0.000000
6,0,-52,9.5216366e+23,0.000000
6,0,52,9.5216366e+23,0.000000
3,2,-35,9.4912759e+23,0.000000
8,4,35,9.4606789e+23,0.000000
9,5,32,9.4237004e+23,0.000000
4,2,-30,9.4062333e+23,0.000000
3,1,-55,9.3893354e+23,0.000000
8,8,11,9.3312422e+23,0.000000
9,4,26,9.2891229e+23,0.000000
5,-1,-54,9.2439819e+23,0.000000
6,-6,-14,9.1840387e+23,0.000000
9,2,27,9.1502634e+23,0.000000
8,8,23,9.1345572e+23,0.000000
9,7,33,9.0798975e+23,0.000000
9,0,-19,9.0607781e+23,0.000000
9,0,19,9.0607781e+23,0.000000
9,-2,35,9.0182654e+23,0.000000
10,10,32,8.9562779e+23,0.000000
10,6,6,8.9140185e+23,0.000000
7,0,-43,8.8833985e+23,0.000000
7,0,43,8.8833985e+23,0.000000
10,-3,21,8.868313e+23,0.000000
5,-4,-29,8.8624563e+23,0.000000
3,1,-54,8.8491922e+23,0.000000
7,1,-36,8.8445258e+23,0.000000
7,-4,-18,8.8412478e+23,0.000000
4,1,-45,8.8270516e+23,0.000000
7,-1,49,8.775166e+23,0.000000
2,2,-35,8.7676129e+23,0.000000
8,7,48,8.7073329e+23,0.000000
8,8,24,8.6797196e+23,0.000000
2,1,-52,8.6782003e+23,0.000000
6,-2,-31,8.5964205e+23,0.000000
9,-3,45,8.5416957e+23,0.000000
10,-2,0,8.5246839e+23,0.000000
10,-9,-3,8.5044668e+23,0.000000
7,3,-15,8.4904538e+23,0.000000
3,1,-51,8.4416559e+23,0.000000
5,3,-26,8.4302728e+23,0.000000
10,6,5,8.413007e+23,0.000000
10,4,14,8.4079836e+23,0.000000
3,1,-53,8.3891651e+23,0.000000
10,6,7,8.3672365e+23,0.000000
8,-1,-24,8.3340734e+23,0.000000
9,-1,29,8.3309462e+23,0.000000
8,8,43,8.3205448e+23,0.000000
8,8,37,8.2846925e+23,0.000000
9,9,28,8.2781196e+23,0.000000
7,5,50,8.2773885e+23,0.000000
10,6,1,8.267443e+23,0.000000
10,10,28,8.2652417e+23,0.000000
10,10,43,8.2619483e+23,0.000000
8,8,25,8.2412851e+23,0.000000
8,5,-4,8.2032139e+23,0.000000
3,1,-52,8.1644998e+23,0.000000
8,3,42,8.1640611e+23,0.000000
8,-2,-21,8.126049e+23,0.000000
4,-3,-45,8.1239706e+23,0.000000
9,6,30,8.0874601e+23,0.000000
9,7,34,8.0801525e+23,0.000000
8,5,35,8.0775586e+23,0.000000
8,1,-24,8.0693272e+23,0.000000
7,-2,-18,8.0680362e+23,0.000000
9,1,30,8.0456652e+23,0.000000
10,10,53,8.0237523e+23,0.000000
6,3,-16,8.0039078e+23,0.000000
4,4,-19,7.9902752e+23,0.000000
6,4,52,7.9525266e+23,0.000000
8,7,-4,7.9088411e+23,0.000000
7,-1,50,7.8926799e+23,0.000000
10,0,-5,7.8738455e+23,0.000000
10,0,5,7.8738455e+23,0.000000
8,8,26,7.8181865e+23,0.000000
10,6,2,7.6689044e+23,0.000000
9,2,28,7.6442631e+23,0.000000
10,3,4,7.6322254e+23,0.000000
8,8,28,7.6095582e+23,0.000000
8,8,10,7.6014986e+23,0.000000
5,-1,-55,7.5791254e+23,0.000000
7,-3,-21,7.4857801e+23,0.000000
8,-1,34,7.4713898e+23,0.000000
4,-4,-37,7.4471302e+23,0.000000
7,3,52,7.4350818e+23,0.000000
8,8,27,7.4146627e+23,0.000000
8,7,49,7.391105e+23,0.000000
8,6,48,7.3831113e+23,0.000000
10,6,8,7.3438817e+23,0.000000
6,-4,-30,7.329401e+23,0.000000
7,4,53,7.3161396e+23,0.000000
7,2,-22,7.3138704e+23,0.000000
6,-3,-33,7.2962432e+23,0.000000
9,5,33,7.2852772e+23,0.000000
8,2,42,7.2683696e+23,0.000000
2,1,-53,7.2648827e+23,0.000000
5,-5,-23,7.2606181e+23,0.000000
5,-3,-43,7.2407939e+23,0.000000
7,1,40,7.2221877e+23,0.000000
9,7,35,7.2112277e+23,0.000000
5,-2,-42,7.1918705e+23,0.000000
8,2,-21,7.17583e+23,0.000000
10,0,-8,7.1540862e+23,0.000000
10,0,8,7.1540862e+23,0.000000
10,-4,41,7.1380359e+23,0.000000
8,-2,46,7.1265056e+23,0.000000
9,8,40,7.0951072e+23,0.000000
7,-1,-39,7.0881226e+23,0.000000
10,-5,46,7.0197905e+23,0.000000
5,4,-12,7.0141773e+23,0.000000
7,-5,-15,6.998889e+23,0.000000
8,0,-29,6.9727979e+23,0.000000
8,0,29,6.9727979e+23,0.000000
7,-1,51,6.9661781e+23,0.000000
6,4,-15,6.9339449e+23,0.000000
10,6,4,6.9300223e+23,0.000000
10,10,49,6.8617435e+23,0.000000
10,2,19,6.824384e+23,0.000000
7,-3,-22,6.743471e+23,0.000000
9,6,31,6.7085443e+23,0.000000
9,3,28,6.6528322e+23,0.000000
6,1,-39,6.62277e+23,0.000000
7,-3,-23,6.6119149e+23,0.000000
8,8,6,6.6067904e+23,0.000000
6,4,53,6.5882378e+23,0.000000
9,-3,46,6.57059e+23,0.000000
2,1,-54,6.5347211e+23,0.000000
10,3,2,6.4476005e+23,0.000000
8,8,5,6.4420928e+23,0.000000
9,-2,36,6.4160909e+23,0.000000
9,7,36,6.3968056e+23,0.000000
6,2,51,6.3949978e+23,0.000000
5,1,-45,6.3297179e+23,0.000000
10,6,9,6.3169016e+23,0.000000
3,2,-36,6.315118e+23,0.000000
9,9,29,6.3144811e+23,0.000000
8,-1,-25,6.2754047e+23,0.000000
3,3,-30,6.2351822e+23,0.000000
9,2,29,6.2321514e+23,0.000000
7,-2,44,6.226005e+23,0.000000
8,8,9,6.2194756e+23,0.000000
7,0,-44,6.2159971e+23,0.000000
7,0,44,6.2159971e+23,0.000000
7,-3,-24,6.2108731e+23,0.000000
2,1,-55,6.1898462e+23,0.000000
8,7,-1,6.1633695e+23,0.000000
10,6,3,6.1030892e+23,0.000000
10,0,-3,6.094884e+23,0.000000
10,0,3,6.094884e+23,0.000000
6,0,-53,6.0740639e+23,0.000000
6,0,53,6.0740639e+23,0.000000
9,4,27,6.0687581e+23,0.000000
7,-1,52,6.0524353e+23,0.000000
8,8,7,6.0409123e+23,0.000000
8,3,43,6.0391679e+23,0.000000
2,2,-36,6.0381255e+23,0.000000
9,-8,-6,6.0347646e+23,0.000000
9,9,31,6.0310261e+23,0.000000
8,1,-25,6.0052648e+23,0.000000
9,-1,-15,5.9830799e+23,0.000000
8,1,33,5.9788528e+23,0.000000
10,-3,22,5.9578197e+23,0.000000
6,3,-17,5.9515077e+23,0.000000
7,2,45,5.9089314e+23,0.000000
8,8,2,5.908465e+23,0.000000
9,1,-17,5.9026629e+23,0.000000
8,8,47,5.8962449e+23,0.000000
10,6,-1,5.8495709e+23,0.000000
8,8,-5,5.8489034e+23,0.000000
8,7,51,5.8112609e+23,0.000000
9,7,37,5.785964e+23,0.000000
7,-4,-19,5.7756611e+23,0.000000
6,-1,-43,5.7749713e+23,0.000000
4,3,-26,5.7657256e+23,0.000000
9,0,-20,5.7513571e+23,0.000000
9,0,20,5.7513571e+23,0.000000
10,-2,23,5.7372477e+23,0.000000
9,-3,-2,5.7128093e+23,0.000000
8,8,8,5.6836956e+23,0.000000
10,-10,-4,5.682538e+23,0.000000
7,5,51,5.677332e+23,0.000000
9,-1,30,5.6725336e+23,0.000000
8,6,49,5.6373672e+23,0.000000
10,10,42,5.5972146e+23,0.000000
8,8,4,5.5684613e+23,0.000000
8,8,-1,5.5564949e+23,0.000000
7,1,-37,5.5433209e+23,0.000000
9,5,34,5.5371007e+23,0.000000
7,4,54,5.5143424e+23,0.000000
10,6,10,5.4961417e+23,0.000000
9,6,32,5.4958378e+23,0.000000
8,8,1,5.4813821e+23,0.000000
7,-3,-25,5.4796073e+23,0.000000
6,4,54,5.4707783e+23,0.000000
9,-4,-3,5.4666924e+23,0.000000
9,1,31,5.4534838e+23,0.000000
10,3,5,5.4325701e+23,0.000000
8,7,54,5.4036407e+23,0.000000
8,4,36,5.3440283e+23,0.000000
8,8,52,5.3276678e+23,0.000000
9,7,40,5.3128071e+23,0.000000
7,3,53,5.303492e+23,0.000000
10,8,34,5.3020347e+23,0.000000
8,-2,-22,5.3008337e+23,0.000000
8,8,3,5.2780295e+23,0.000000
8,8,45,5.2743745e+23,0.000000
10,4,15,5.2500654e+23,0.000000
10,-5,47,5.245128e+23,0.000000
9,-1,-6,5.2039558e+23,0.000000
7,-1,53,5.1886539e+23,0.000000
6,-6,-15,5.1712943e+23,0.000000
5,-2,-43,5.1616695e+23,0.000000
10,6,-2,5.1274167e+23,0.000000
10,10,27,5.1243771e+23,0.000000
10,3,0,5.115224e+23,0.000000
8,8,44,5.0606549e+23,0.000000
5,3,-27,5.0216359e+23,0.000000
9,-3,47,5.0154053e+23,0.000000
7,-2,-19,5.0008474e+23,0.000000
9,2,30,4.9721028e+23,0.000000
8,8,54,4.9306189e+23,0.000000
8,7,52,4.9219932e+23,0.000000
9,7,38,4.9190516e+23,0.000000
8,2,43,4.9158266e+23,0.000000
10,6,11,4.9017621e+23,0.000000
10,10,26,4.8850307e+23,0.000000
4,-3,-46,4.8396051e+23,0.000000
6,-5,-10,4.82235e+23,0.000000
5,-4,-30,4.8175389e+23,0.000000
8,-3,-9,4.8128127e+23,0.000000
10,6,-3,4.7960504e+23,0.000000
4,1,-46,4.7913725e+23,0.000000
6,2,-30,4.7424825e+23,0.000000
8,-4,-9,4.7248836e+23,0.000000
7,-2,-5,4.7240086e+23,0.000000
6,-3,-34,4.7198874e+23,0.000000
8,-3,-8,4.6966718e+23,0.000000
10,5,4,4.6515858e+23,0.000000
8,5,36,4.648526e+23,0.000000
8,-2,47,4.6471882e+23,0.000000
8,-1,-26,4.6345899e+23,0.000000
8,2,-22,4.6050638e+23,0.000000
7,-3,-26,4.576613e+23,0.000000
10,-3,1,4.5359017e+23,0.000000
9,-2,37,4.5136084e+23,0.000000
5,2,-27,4.5020524e+23,0.000000
6,4,55,4.474497e+23,0.000000
8,7,53,4.4730845e+23,0.000000
10,6,12,4.4648723e+23,0.000000
9,6,33,4.4608021e+23,0.000000
9,1,-3,4.4542124e+23,0.000000
8,3,44,4.4394474e+23,0.000000
10,-5,48,4.4389322e+23,0.000000
5,-5,-24,4.4176548e+23,0.000000
8,8,-3,4.4044838e+23,0.000000
7,-1,-40,4.4024206e+23,0.000000
8,8,0,4.4020021e+23,0.000000
8,8,49,4.3970271e+23,0.000000
7,-1,54,4.3966166e+23,0.000000
8,1,-26,4.3834934e+23,0.000000
9,7,39,4.3754805e+23,0.000000
5,-3,-44,4.3434082e+23,0.000000
7,0,-45,4.3343367e+23,0.000000
7,0,45,4.3343367e+23,0.000000
6,3,-18,4.3164011e+23,0.000000
10,5,5,4.2843147e+23,0.000000
8,6,50,4.2796449e+23,0.000000
10,2,20,4.2763716e+23,0.000000
8,-6,-6,4.2743859e+23,0.000000
4,2,-31,4.2391323e+23,0.000000
8,8,-2,4.2294658e+23,0.000000
10,-8,-6,4.2107294e+23,0.000000
10,-4,42,4.2104323e+23,0.000000
9,0,-2,4.2015732e+23,0.000000
9,0,2,4.2015732e+23,0.000000
10,3,6,4.1885931e+23,0.000000
3,2,-37,4.1687443e+23,0.000000
2,2,-37,4.1664239e+23,0.000000
7,4,55,4.1412675e+23,0.000000
9,5,35,4.1408123e+23,0.000000
7,2,-23,4.1365501e+23,0.000000
10,3,13,4.1098852e+23,0.000000
4,2,-33,4.1065895e+23,0.000000
10,-5,49,4.10233e+23,0.000000
10,0,-9,4.1020127e+23,0.000000
10,0,9,4.1020127e+23,0.000000
10,6,13,4.0978322e+23,0.000000
6,-5,-9,4.0882802e+23,0.000000
6,-4,-31,4.0866137e+23,0.000000
8,8,53,4.0795652e+23,0.000000
6,-5,-11,4.0736186e+23,0.000000
8,-3,-10,4.0705697e+23,0.000000
4,2,-34,4.0603141e+23,0.000000
4,-4,-38,4.0558627e+23,0.000000
10,3,14,4.043819e+23,0.000000
9,9,36,4.0117342e+23,0.000000
5,4,-13,3.9915657e+23,0.000000
10,3,12,3.9900769e+23,0.000000
7,5,52,3.9623476e+23,0.000000
10,-5,50,3.9482554e+23,0.000000
6,4,-16,3.9380256e+23,0.000000
9,8,51,3.9343291e+23,0.000000
8,8,-4,3.9101244e+23,0.000000
8,-1,35,3.8990756e+23,0.000000
9,2,31,3.8906349e+23,0.000000
6,0,-54,3.8887295e+23,0.000000
6,0,54,3.8887295e+23,0.000000
4,4,-20,3.8806313e+23,0.000000
9,9,44,3.8752938e+23,0.000000
10,-3,23,3.8396143e+23,0.000000
8,8,48,3.8313723e+23,0.000000
4,2,-32,3.8279125e+23,0.000000
10,6,0,3.827416e+23,0.000000
10,-5,51,3.8253628e+23,0.000000
9,4,28,3.8247106e+23,0.000000
6,1,-40,3.818796e+23,0.000000
9,-3,48,3.8049802e+23,0.000000
9,-1,31,3.8017259e+23,0.000000
10,3,15,3.791827e+23,0.000000
7,3,54,3.7708574e+23,0.000000
7,-5,-16,3.7449993e+23,0.000000
10,5,3,3.7362573e+23,0.000000
10,3,11,3.7341007e+23,0.000000
10,6,14,3.7320566e+23,0.000000
6,-2,-32,3.7294461e+23,0.000000
8,0,-30,3.7211596e+23,0.000000
8,0,30,3.7211596e+23,0.000000
7,-4,-20,3.720676e+23,0.000000
7,-1,55,3.6867787e+23,0.000000
5,-2,-44,3.6740704e+23,0.000000
10,-5,52,3.6654418e+23,0.000000
7,-3,-27,3.657201e+23,0.000000
7,3,-16,3.6482298e+23,0.000000
4,2,-35,3.6459149e+23,0.000000
9,1,32,3.6407607e+23,0.000000
5,1,-46,3.6100344e+23,0.000000
7,-2,45,3.6049255e+23,0.000000
9,7,41,3.5957793e+23,0.000000
7,1,41,3.5702856e+23,0.000000
9,6,34,3.566274e+23,0.000000
10,5,6,3.554942e+23,0.000000
10,3,7,3.5341915e+23,0.000000
9,0,-21,3.5030091e+23,0.000000
9,0,21,3.5030091e+23,0.000000
9,9,46,3.502664e+23,0.000000
6,2,52,3.5018009e+23,0.000000
7,1,-38,3.4545844e+23,0.000000
8,-4,-14,3.4523099e+23,0.000000
10,-5,53,3.4481749e+23,0.000000
10,3,10,3.440476e+23,0.000000
7,2,46,3.437685e+23,0.000000
9,6,-2,3.4176369e+23,0.000000
10,4,16,3.4152428e+23,0.000000
9,3,29,3.4091056e+23,0.000000
8,-2,-23,3.3975058e+23,0.000000
10,3,16,3.390922e+23,0.000000
9,9,37,3.3885102e+23,0.000000
8,4,37,3.3807781e+23,0.000000
8,-1,-27,3.3658112e+23,0.000000
3,3,-31,3.3385742e+23,0.000000
10,6,15,3.3315978e+23,0.000000
9,-1,-16,3.3297253e+23,0.000000
6,1,-1,3.3276555e+23,0.000000
8,2,44,3.3077519e+23,0.000000
9,-6,-5,3.3051314e+23,0.000000
4,3,-27,3.2829963e+23,0.000000
8,-3,-7,3.2776754e+23,0.000000
8,6,51,3.2710737e+23,0.000000
8,3,45,3.2454603e+23,0.000000
10,3,8,3.2410574e+23,0.000000
10,3,9,3.2364016e+23,0.000000
8,-4,-15,3.2261173e+23,0.000000
10,1,7,3.2117252e+23,0.000000
8,-4,-13,3.2093632e+23,0.000000
8,1,34,3.1981322e+23,0.000000
6,-1,-1,3.1923569e+23,0.000000
10,-5,54,3.1783702e+23,0.000000
10,1,6,3.1593505e+23,0.000000
8,1,-27,3.1464686e+23,0.000000
9,-2,38,3.1419408e+23,0.000000
6,-1,-44,3.1316948e+23,0.000000
10,4,-2,3.0991236e+23,0.000000
10,9,27,3.0794963e+23,0.000000
6,3,-19,3.0624923e+23,0.000000
9,5,36,3.0487539e+23,0.000000
6,-3,-35,3.0462151e+23,0.000000
10,5,0,3.0456722e+23,0.000000
7,-2,-20,3.0376615e+23,0.000000
4,2,-36,3.0375801e+23,0.000000
8,-3,-11,3.0204759e+23,0.000000
9,8,29,3.0131061e+23,0.000000
7,0,-46,3.0118474e+23,0.000000
7,0,46,3.0118474e+23,0.000000
8,-2,48,3.0112511e+23,0.000000
6,-5,-12,2.9949138e+23,0.000000
9,2,32,2.9915004e+23,0.000000
5,3,-28,2.9814696e+23,0.000000
10,5,7,2.9645431e+23,0.000000
9,9,34,2.9629789e+23,0.000000
9,8,50,2.9458611e+23,0.000000
8,7,-3,2.9256808e+23,0.000000
2,2,-38,2.909106e+23,0.000000
8,2,-23,2.9005568e+23,0.000000
10,3,17,2.8973131e+23,0.000000
4,-3,-47,2.8924553e+23,0.000000
10,6,16,2.8912827e+23,0.000000
9,-3,49,2.8733203e+23,0.000000
10,-5,55,2.8718584e+23,0.000000
6,-6,-16,2.8655521e+23,0.000000
4,1,-47,2.8613525e+23,0.000000
10,1,8,2.8379913e+23,0.000000
10,-2,24,2.8298881e+23,0.000000
9,6,35,2.8247403e+23,0.000000
7,-3,-28,2.8233802e+23,0.000000
9,9,33,2.8151612e+23,0.000000
9,1,-18,2.8080748e+23,0.000000
9,3,-2,2.7867719e+23,0.000000
10,2,0,2.7708683e+23,0.000000
7,5,53,2.7667551e+23,0.000000
8,-4,-16,2.7448618e+23,0.000000
3,2,-38,2.7324264e+23,0.000000
7,-1,-41,2.7143431e+23,0.000000
5,-5,-25,2.699608e+23,0.000000
9,7,42,2.6987908e+23,0.000000
8,0,-31,2.6984854e+23,0.000000
8,0,31,2.6984854e+23,0.000000
10,4,22,2.6981434e+23,0.000000
10,4,21,2.6909289e+23,0.000000
7,3,55,2.6699302e+23,0.000000
10,9,38,2.6559803e+23,0.000000
8,5,37,2.6184757e+23,0.000000
5,-3,-45,2.6150195e+23,0.000000
5,-4,-31,2.6065632e+23,0.000000
5,-2,-45,2.5946897e+23,0.000000
10,4,23,2.5868756e+23,0.000000
10,4,20,2.5748634e+23,0.000000
10,-4,43,2.5679655e+23,0.000000
10,4,17,2.5639478e+23,0.000000
10,5,8,2.5582354e+23,0.000000
8,4,38,2.5406921e+23,0.000000
10,2,21,2.5301974e+23,0.000000
6,0,-55,2.5292293e+23,0.000000
6,0,55,2.5292293e+23,0.000000
9,-1,32,2.5100562e+23,0.000000
8,6,52,2.471471e+23,0.000000
8,0,-32,2.4672754e+23,0.000000
8,0,32,2.4672754e+23,0.000000
10,1,5,2.4604537e+23,0.000000
10,6,17,2.4271829e+23,0.000000
8,0,-33,2.4120513e+23,0.000000
8,0,33,2.4120513e+23,0.000000
10,4,19,2.4106967e+23,0.000000
8,-1,-28,2.4088493e+23,0.000000
6,-5,-7,2.4046869e+23,0.000000
9,1,33,2.3965038e+23,0.000000
4,2,-37,2.3936046e+23,0.000000
8,-4,-12,2.3813159e+23,0.000000
10,4,24,2.3770998e+23,0.000000
10,3,18,2.3698894e+23,0.000000
6,2,53,2.369821e+23,0.000000
7,-4,-21,2.369054e+23,0.000000
10,-3,24,2.3686418e+23,0.000000
8,3,46,2.3611784e+23,0.000000
10,9,30,2.3570975e+23,0.000000
10,4,18,2.3325902e+23,0.000000
9,4,29,2.3223667e+23,0.000000
6,2,55,2.3179919e+23,0.000000
8,0,-34,2.3164144e+23,0.000000
8,0,34,2.3164144e+23,0.000000
7,2,-24,2.293752e+23,0.000000
4,-4,-39,2.291082e+23,0.000000
6,-4,-32,2.2731804e+23,0.000000
9,2,33,2.2636602e+23,0.000000
5,4,-14,2.2602613e+23,0.000000
9,7,43,2.2526676e+23,0.000000
10,5,9,2.244945e+23,0.000000
10,1,9,2.2448287e+23,0.000000
8,4,39,2.2283338e+23,0.000000
6,4,-17,2.22619e+23,0.000000
8,1,-28,2.2257902e+23,0.000000
9,9,35,2.2209653e+23,0.000000
9,8,36,2.2170414e+23,0.000000
8,2,45,2.2145544e+23,0.000000
9,6,36,2.2122698e+23,0.000000
9,5,37,2.2111222e+23,0.000000
9,8,30,2.2102029e+23,0.000000
5,2,-28,2.193679e+23,0.000000
5,1,-47,2.1926976e+23,0.000000
8,-4,-17,2.1855582e+23,0.000000
10,10,36,2.1813522e+23,0.000000
7,1,42,2.1794263e+23,0.000000
6,1,-41,2.1734868e+23,0.000000
10,10,39,2.165637e+23,0.000000
9,-2,39,2.1655526e+23,0.000000
9,-3,50,2.1629267e+23,0.000000
7,4,-4,2.1622724e+23,0.000000
8,-2,-24,2.1437516e+23,0.000000
6,2,54,2.1404553e+23,0.000000
7,1,-39,2.1402993e+23,0.000000
8,0,-35,2.13529e+23,0.000000
8,0,35,2.13529e+23,0.000000
6,3,-20,2.131151e+23,0.000000
8,4,40,2.120592e+23,0.000000
7,-3,-29,2.119814e+23,0.000000
6,2,-31,2.1186656e+23,0.000000
10,4,25,2.101569e+23,0.000000
7,0,-47,2.0854377e+23,0.000000
7,0,47,2.0854377e+23,0.000000
2,2,-39,2.0744845e+23,0.000000
6,-5,-13,2.0686197e+23,0.000000
7,-2,46,2.0592096e+23,0.000000
8,4,41,2.0573592e+23,0.000000
8,-1,36,2.0566943e+23,0.000000
9,0,-22,2.0436109e+23,0.000000
9,0,22,2.0436109e+23,0.000000
8,6,53,2.0424789e+23,0.000000
10,0,-10,2.0367791e+23,0.000000
10,0,10,2.0367791e+23,0.000000
8,-3,-12,2.0261865e+23,0.000000
9,9,39,1.9827459e+23,0.000000
7,2,47,1.9759435e+23,0.000000
8,4,42,1.9714081e+23,0.000000
10,6,18,1.9653399e+23,0.000000
6,-3,-36,1.9615611e+23,0.000000
7,-5,-17,1.9588331e+23,0.000000
10,5,10,1.9551606e+23,0.000000
4,1,-48,1.9413046e+23,0.000000
8,-2,49,1.9363225e+23,0.000000
7,5,54,1.9305831e+23,0.000000
9,7,44,1.9019916e+23,0.000000
8,0,-36,1.8899957e+23,0.000000
8,0,36,1.8899957e+23,0.000000
4,4,-21,1.8891441e+23,0.000000
4,3,-28,1.8711514e+23,0.000000
10,8,42,1.8637584e+23,0.000000
10,3,19,1.8586836e+23,0.000000
8,4,43,1.8445963e+23,0.000000
9,7,45,1.8341898e+23,0.000000
7,1,46,1.8189124e+23,0.000000
5,-2,-46,1.8184954e+23,0.000000
7,-2,-21,1.8103819e+23,0.000000
4,2,-38,1.8084694e+23,0.000000
8,2,-24,1.7966532e+23,0.000000
3,3,-32,1.795861e+23,0.000000
10,4,26,1.7943376e+23,0.000000
7,1,45,1.793636e+23,0.000000
7,1,47,1.7874239e+23,0.000000
3,2,-39,1.7793771e+23,0.000000
7,1,43,1.7772888e+23,0.000000
9,3,30,1.7756986e+23,0.000000
10,5,2,1.7751361e+23,0.000000
5,3,-29,1.7657385e+23,0.000000
10,10,35,1.7650675e+23,0.000000
10,10,30,1.7598059e+23,0.000000
7,1,44,1.7426284e+23,0.000000
4,-3,-48,1.737938e+23,0.000000
9,-1,-17,1.7217719e+23,0.000000
9,6,37,1.7162016e+23,0.000000
7,1,48,1.7159468e+23,0.000000
8,3,47,1.7107727e+23,0.000000
10,9,54,1.7039373e+23,0.000000
8,-1,-29,1.701849e+23,0.000000
9,2,34,1.687909e+23,0.000000
8,1,35,1.6877793e+23,0.000000
8,4,44,1.681943e+23,0.000000
10,-4,44,1.6752097e+23,0.000000
9,7,-5,1.6736706e+23,0.000000
10,5,11,1.6660274e+23,0.000000
7,-1,-42,1.6589338e+23,0.000000
10,5,1,1.6569967e+23,0.000000
8,-4,-18,1.6569706e+23,0.000000
10,-10,-5,1.6562746e+23,0.000000
6,-1,-45,1.6559068e+23,0.000000
5,-5,-26,1.6552146e+23,0.000000
9,-1,33,1.6343964e+23,0.000000
9,-3,51,1.6250155e+23,0.000000
8,0,-37,1.6148347e+23,0.000000
8,0,37,1.6148347e+23,0.000000
10,1,10,1.6094531e+23,0.000000
9,8,33,1.5906801e+23,0.000000
5,-3,-46,1.5847322e+23,0.000000
9,5,38,1.580127e+23,0.000000
7,1,49,1.5763403e+23,0.000000
6,-6,-17,1.5735569e+23,0.000000
7,-3,-30,1.5574221e+23,0.000000
9,1,34,1.5558387e+23,0.000000
8,1,-29,1.5544219e+23,0.000000
8,-4,-4,1.5396988e+23,0.000000
10,6,19,1.5323507e+23,0.000000
5,-4,-5,1.5237298e+23,0.000000
2,2,-40,1.5218859e+23,0.000000
9,9,43,1.5215299e+23,0.000000
6,-2,-33,1.5070213e+23,0.000000
8,4,45,1.4968484e+23,0.000000
7,-4,-22,1.4936627e+23,0.000000
10,4,27,1.4844466e+23,0.000000
8,5,38,1.4838453e+23,0.000000
9,8,38,1.482856e+23,0.000000
4,1,-49,1.4812567e+23,0.000000
7,3,-17,1.4799623e+23,0.000000
9,-2,40,1.4787826e+23,0.000000
8,2,46,1.4748858e+23,0.000000
5,2,-29,1.4698864e+23,0.000000
6,3,-21,1.4579835e+23,0.000000
5,5,-8,1.4552196e+23,0.000000
10,0,-4,1.4534558e+23,0.000000
10,0,4,1.4534558e+23,0.000000
5,1,-48,1.4511541e+23,0.000000
7,0,-48,1.438488e+23,0.000000
7,0,48,1.438488e+23,0.000000
10,-10,-6,1.4366915e+23,0.000000
8,6,54,1.4283727e+23,0.000000
7,1,50,1.4276356e+23,0.000000
10,0,-16,1.4181153e+23,0.000000
10,0,16,1.4181153e+23,0.000000
10,-2,25,1.4171571e+23,0.000000
10,2,22,1.4091387e+23,0.000000
10,5,-2,1.4090743e+23,0.000000
10,1,2,1.4051404e+23,0.000000
5,-4,-32,1.4022557e+23,0.000000
10,3,20,1.3991205e+23,0.000000
10,10,29,1.3978054e+23,0.000000
10,-3,25,1.3973655e+23,0.000000
6,-5,-14,1.3903257e+23,0.000000
10,5,12,1.3850973e+23,0.000000
10,0,-15,1.3698528e+23,0.000000
10,0,15,1.3698528e+23,0.000000
4,-4,-40,1.3661542e+23,0.000000
9,4,30,1.3614249e+23,0.000000
7,5,55,1.3492599e+23,0.000000
9,9,40,1.3491961e+23,0.000000
10,0,-17,1.3444863e+23,0.000000
10,0,17,1.3444863e+23,0.000000
8,0,-38,1.3402131e+23,0.000000
8,0,38,1.3402131e+23,0.000000
8,-2,-25,1.3337754e+23,0.000000
8,7,-5,1.3313406e+23,0.000000
4,2,-39,1.3228191e+23,0.000000
10,9,28,1.3174439e+23,0.000000
7,1,-40,1.3171436e+23,0.000000
9,7,46,1.3135737e+23,0.000000
9,6,38,1.3126589e+23,0.000000
8,4,46,1.3038406e+23,0.000000
8,-4,-11,1.2786967e+23,0.000000
5,4,-15,1.2741818e+23,0.000000
7,1,51,1.2689471e+23,0.000000
5,-2,-47,1.2649873e+23,0.000000
6,-3,-37,1.2602352e+23,0.000000
6,-4,-33,1.2601479e+23,0.000000
6,4,-18,1.2522463e+23,0.000000
8,-3,-13,1.2475282e+23,0.000000
7,2,-25,1.2461314e+23,0.000000
5,2,-30,1.2451774e+23,0.000000
9,2,35,1.2415661e+23,0.000000
8,3,48,1.2362324e+23,0.000000
8,-2,50,1.2333236e+23,0.000000
9,1,-19,1.2331285e+23,0.000000
6,-5,-8,1.2264409e+23,0.000000
10,-7,-5,1.2255754e+23,0.000000
9,-3,52,1.2199286e+23,0.000000
6,1,-42,1.2177636e+23,0.000000
4,1,-50,1.2169048e+23,0.000000
8,-4,-19,1.2100619e+23,0.000000
7,-4,-6,1.2038537e+23,0.000000
10,-4,45,1.2012342e+23,0.000000
9,9,41,1.1950575e+23,0.000000
10,0,-14,1.193367e+23,0.000000
10,0,14,1.193367e+23,0.000000
10,4,28,1.1931346e+23,0.000000
8,-1,-30,1.188679e+23,0.000000
8,-4,-10,1.1886726e+23,0.000000
10,0,-18,1.1860262e+23,0.000000
10,0,18,1.1860262e+23,0.000000
9,9,42,1.1838458e+23,0.000000
9,8,43,1.1654559e+23,0.000000
7,-2,47,1.1607906e+23,0.000000
2,2,-41,1.1531638e+23,0.000000
3,2,-40,1.1517471e+23,0.000000
8,-1,37,1.1513638e+23,0.000000
10,6,20,1.1492867e+23,0.000000
9,0,-23,1.1388723e+23,0.000000
9,0,23,1.1388723e+23,0.000000
10,5,13,1.1314072e+23,0.000000
5,2,-31,1.1273158e+23,0.000000
7,2,48,1.1259404e+23,0.000000
7,-3,-31,1.1233372e+23,0.000000
10,10,55,1.1218555e+23,0.000000
9,6,-4,1.1217614e+23,0.000000
9,7,47,1.1210579e+23,0.000000
8,4,47,1.1148992e+23,0.000000
9,5,39,1.1131863e+23,0.000000
7,1,52,1.1103779e+23,0.000000
8,2,-25,1.0963008e+23,0.000000
9,9,47,1.0897637e+23,0.000000
8,0,-39,1.0863096e+23,0.000000
8,0,39,1.0863096e+23,0.000000
10,1,4,1.0848416e+23,0.000000
8,6,55,1.0840555e+23,0.000000
8,1,-30,1.0733358e+23,0.000000
9,7,50,1.0706129e+23,0.000000
10,10,31,1.0700037e+23,0.000000
4,3,-29,1.0677829e+23,0.000000
7,-2,-22,1.0593426e+23,0.000000
10,1,11,1.0569908e+23,0.000000
5,1,-49,1.0516027e+23,0.000000
4,-3,-49,1.0511923e+23,0.000000
9,-1,34,1.049888e+23,0.000000
9,3,31,1.0480636e+23,0.000000
5,3,-30,1.0437203e+23,0.000000
9,8,37,1.0426693e+23,0.000000
10,-9,-5,1.0419561e+23,0.000000
10,0,-11,1.0386082e+23,0.000000
10,0,11,1.0386082e+23,0.000000
5,5,-9,1.0349514e+23,0.000000
4,1,-51,1.0293408e+23,0.000000
5,-5,-27,1.0176505e+23,0.000000
8,-3,-6,1.0153998e+23,0.000000
10,3,21,1.0110883e+23,0.000000
10,9,29,1.006922e+23,0.000000
7,-1,-43,1.0046374e+23,0.000000
7,-5,-18,1.0032184e+23,0.000000
5,2,-32,1.0031245e+23,0.000000
9,-2,41,1.001057e+23,0.000000
9,1,35,9.9694979e+22,0.000000
9,6,39,9.9490283e+22,0.000000
7,0,-49,9.8805914e+22,0.000000
7,0,49,9.8805914e+22,0.000000
10,0,-19,9.8569106e+22,0.000000
10,0,19,9.8569106e+22,0.000000
6,3,-22,9.826833e+22,0.000000
8,8,-6,9.8191794e+22,0.000000
8,2,47,9.7668302e+22,0.000000
5,-3,-47,9.7219883e+22,0.000000
3,3,-33,9.7049027e+22,0.000000
10,9,31,9.7018854e+22,0.000000
7,1,53,9.5875059e+22,0.000000
10,-1,2,9.5864431e+22,0.000000
10,0,-13,9.4873392e+22,0.000000
10,0,13,9.4873392e+22,0.000000
10,-4,46,9.4861342e+22,0.000000
10,10,33,9.4607579e+22,0.000000
9,5,-4,9.4599608e+22,0.000000
4,2,-40,9.4345199e+22,0.000000
8,4,48,9.3852973e+22,0.000000
7,-4,-23,9.3384134e+22,0.000000
10,4,29,9.3371908e+22,0.000000
10,-9,-4,9.2861521e+22,0.000000
6,-5,-15,9.2488528e+22,0.000000
10,5,14,9.2248737e+22,0.000000
4,4,-22,9.2108854e+22,0.000000
9,-3,53,9.1601116e+22,0.000000
9,7,48,9.0899529e+22,0.000000
8,5,39,9.0349947e+22,0.000000
2,2,-42,9.024205e+22,0.000000
9,2,36,9.0173918e+22,0.000000
8,1,36,9.0103403e+22,0.000000
6,2,-32,8.9999244e+22,0.000000
5,5,-6,8.9801988e+22,0.000000
8,3,49,8.8949879e+22,0.000000
4,-4,-41,8.754459e+22,0.000000
5,-2,-48,8.7352865e+22,0.000000
4,1,-52,8.7062378e+22,0.000000
8,0,-40,8.6351376e+22,0.000000
8,0,40,8.6351376e+22,0.000000
6,-6,-18,8.601204e+22,0.000000
5,2,-33,8.5883316e+22,0.000000
8,-4,-20,8.5813702e+22,0.000000
6,-1,-46,8.5409056e+22,0.000000
9,8,16,8.3629147e+22,0.000000
10,-2,26,8.3392146e+22,0.000000
10,6,21,8.2895364e+22,0.000000
9,8,17,8.2724971e+22,0.000000
9,8,15,8.2390182e+22,0.000000
9,-1,-18,8.2190297e+22,0.000000
8,-1,-31,8.2175752e+22,0.000000
5,1,-50,8.2001576e+22,0.000000
8,-2,-26,8.1906229e+22,0.000000
7,1,54,8.1826556e+22,0.000000
9,8,52,8.1682995e+22,0.000000
6,-3,-38,8.0773413e+22,0.000000
10,-4,47,8.0508035e+22,0.000000
7,1,-41,8.0482019e+22,0.000000
9,8,18,8.0440378e+22,0.000000
6,-6,-7,8.0330799e+22,0.000000
10,0,-12,8.0078216e+22,0.000000
10,0,12,8.0078216e+22,0.000000
7,-3,-32,7.9882542e+22,0.000000
9,8,47,7.9498851e+22,0.000000
10,-3,26,7.9122634e+22,0.000000
9,3,32,7.8739244e+22,0.000000
10,10,34,7.8620582e+22,0.000000
9,8,54,7.8541497e+22,0.000000
10,10,37,7.8398491e+22,0.000000
9,8,14,7.8158901e+22,0.000000
9,9,55,7.8086363e+22,0.000000
9,7,55,7.8069948e+22,0.000000
8,4,49,7.7984394e+22,0.000000
9,4,31,7.7976173e+22,0.000000
10,0,-20,7.7907938e+22,0.000000
10,0,20,7.7907938e+22,0.000000
8,-2,51,7.7613324e+22,0.000000
9,3,35,7.74074e+22,0.000000
9,8,19,7.7356395e+22,0.000000
9,5,40,7.733368e+22,0.000000
9,3,36,7.69017e+22,0.000000
10,5,15,7.677135e+22,0.000000
10,7,11,7.5572256e+22,0.000000
10,7,12,7.54833e+22,0.000000
9,3,34,7.5434314e+22,0.000000
10,3,1,7.5291866e+22,0.000000
5,-4,-33,7.4913269e+22,0.000000
9,6,40,7.4607085e+22,0.000000
3,2,-41,7.412823e+22,0.000000
9,8,20,7.38759e+22,0.000000
10,2,23,7.3810768e+22,0.000000
9,3,33,7.3614746e+22,0.000000
9,7,49,7.3595634e+22,0.000000
9,3,37,7.3465857e+22,0.000000
8,1,-31,7.3367604e+22,0.000000
8,-1,38,7.302413e+22,0.000000
2,2,-43,7.2670618e+22,0.000000
10,7,13,7.2578992e+22,0.000000
4,1,-53,7.2529936e+22,0.000000
9,9,53,7.1675963e+22,0.000000
5,4,-16,7.1496859e+22,0.000000
10,7,10,7.1323979e+22,0.000000
10,4,30,7.1259702e+22,0.000000
10,8,41,7.103101e+22,0.000000
10,-4,48,7.1016618e+22,0.000000
8,-3,-14,7.0983772e+22,0.000000
5,2,-34,7.0772364e+22,0.000000
9,9,48,7.0367559e+22,0.000000
9,8,13,7.0265116e+22,0.000000
9,8,21,7.0264236e+22,0.000000
10,3,22,7.0109948e+22,0.000000
6,4,-19,7.0070964e+22,0.000000
6,-4,-34,6.9595036e+22,0.000000
10,-2,30,6.9459948e+22,0.000000
10,8,46,6.9329816e+22,0.000000
7,1,55,6.9112993e+22,0.000000
9,-3,54,6.8855734e+22,0.000000
10,7,14,6.817135e+22,0.000000
10,-2,29,6.8117295e+22,0.000000
9,3,38,6.7647607e+22,0.000000
8,0,-41,6.7590778e+22,0.000000
8,0,41,6.7590778e+22,0.000000
10,-2,31,6.7546788e+22,0.000000
7,0,-50,6.754219e+22,0.000000
7,0,50,6.754219e+22,0.000000
9,-2,42,6.7219676e+22,0.000000
6,1,-43,6.6950303e+22,0.000000
5,1,-51,6.6902276e+22,0.000000
9,8,22,6.6691481e+22,0.000000
10,5,16,6.6677338e+22,0.000000
9,-1,35,6.6583464e+22,0.000000
7,-1,-48,6.6493749e+22,0.000000
7,2,-26,6.6242252e+22,0.000000
4,2,-41,6.5985088e+22,0.000000
10,-2,27,6.5975819e+22,0.000000
8,2,-26,6.5975365e+22,0.000000
10,9,36,6.5620137e+22,0.000000
6,3,-23,6.5380314e+22,0.000000
10,1,12,6.5105459e+22,0.000000
10,-2,28,6.5099778e+22,0.000000
10,9,44,6.5066089e+22,0.000000
7,-2,48,6.4755394e+22,0.000000
9,2,37,6.4718172e+22,0.000000
8,5,40,6.4436089e+22,0.000000
8,2,48,6.4254708e+22,0.000000
4,-3,-50,6.4217555e+22,0.000000
7,2,49,6.4191839e+22,0.000000
8,4,50,6.4116629e+22,0.000000
8,3,50,6.3914618e+22,0.000000
10,-4,49,6.340128e+22,0.000000
9,8,23,6.3263509e+22,0.000000
10,7,15,6.3176753e+22,0.000000
9,1,36,6.3048712e+22,0.000000
5,-5,-28,6.2698096e+22,0.000000
10,-2,32,6.2613166e+22,0.000000
9,8,45,6.2548369e+22,0.000000
10,7,9,6.1674646e+22,0.000000
5,3,-31,6.160321e+22,0.000000
6,-5,-16,6.1392931e+22,0.000000
10,5,17,6.1148373e+22,0.000000
10,10,50,6.1103817e+22,0.000000
4,3,-30,6.1020132e+22,0.000000
4,-4,-42,6.0987197e+22,0.000000
9,9,49,6.0916371e+22,0.000000
7,-2,-23,6.0872687e+22,0.000000
5,-3,-48,6.0685448e+22,0.000000
8,5,45,6.0670789e+22,0.000000
9,0,-24,6.0459959e+22,0.000000
9,0,24,6.0459959e+22,0.000000
9,8,28,6.0392173e+22,0.000000
9,3,39,6.0314109e+22,0.000000
7,-1,-44,6.0172763e+22,0.000000
9,8,24,6.0041923e+22,0.000000
5,-2,-49,5.9897999e+22,0.000000
2,2,-44,5.9873968e+22,0.000000
9,8,53,5.9710751e+22,0.000000
8,-4,-21,5.9448437e+22,0.000000
8,5,44,5.921532e+22,0.000000
4,1,-54,5.9119506e+22,0.000000
10,9,46,5.9015446e+22,0.000000
10,0,-21,5.8975013e+22,0.000000
10,0,21,5.8975013e+22,0.000000
10,5,21,5.8952202e+22,0.000000
10,5,18,5.8911948e+22,0.000000
10,5,20,5.8909514e+22,0.000000
9,8,12,5.8678366e+22,0.000000
8,5,46,5.8621503e+22,0.000000
10,5,19,5.8580181e+22,0.000000
9,9,50,5.8517272e+22,0.000000
10,7,16,5.8160161e+22,0.000000
10,5,22,5.810826e+22,0.000000
7,-4,-24,5.7960346e+22,0.000000
10,5,-1,5.757495e+22,0.000000
10,6,22,5.757184e+22,0.000000
8,5,43,5.7286892e+22,0.000000
9,8,25,5.7058127e+22,0.000000
7,3,-18,5.6908049e+22,0.000000
10,8,40,5.6884974e+22,0.000000
5,2,-35,5.6446239e+22,0.000000
10,-4,50,5.6377487e+22,0.000000
8,-1,-32,5.6287492e+22,0.000000
9,8,44,5.6153638e+22,0.000000
10,5,23,5.6104369e+22,0.000000
7,-3,-33,5.6079043e+22,0.000000
9,8,49,5.5971079e+22,0.000000
8,5,47,5.5884464e+22,0.000000
8,5,41,5.5780991e+22,0.000000
10,-2,33,5.5679542e+22,0.000000
5,1,-52,5.5664385e+22,0.000000
10,9,37,5.5557978e+22,0.000000
9,6,41,5.5464092e+22,0.000000
8,5,42,5.5174874e+22,0.000000
10,10,38,5.5170678e+22,0.000000
10,8,55,5.4972657e+22,0.000000
6,-2,-34,5.4835489e+22,0.000000
8,-1,39,5.4395352e+22,0.000000
9,8,26,5.4330288e+22,0.000000
10,7,17,5.3436611e+22,0.000000
10,4,31,5.3101389e+22,0.000000
9,-3,-11,5.3073763e+22,0.000000
9,9,51,5.3014776e+22,0.000000
9,5,41,5.3003432e+22,0.000000
10,5,24,5.2930231e+22,0.000000
3,3,-34,5.2690041e+22,0.000000
9,3,40,5.2310525e+22,0.000000
8,4,51,5.2275788e+22,0.000000
8,0,-42,5.2206839e+22,0.000000
8,0,42,5.2206839e+22,0.000000
9,8,27,5.192705e+22,0.000000
8,5,48,5.1893451e+22,0.000000
9,-3,55,5.1840308e+22,0.000000
6,-3,-39,5.1640175e+22,0.000000
9,1,-20,5.1509521e+22,0.000000
9,9,52,5.1432996e+22,0.000000
8,1,37,5.111379e+22,0.000000
10,-1,6,5.0877359e+22,0.000000
7,-5,-19,5.0335579e+22,0.000000
2,2,-45,5.0151581e+22,0.000000
10,-1,5,4.9876207e+22,0.000000
8,1,-32,4.9698492e+22,0.000000
9,-3,-12,4.969595e+22,0.000000
8,-2,-27,4.9692053e+22,0.000000
9,-1,-3,4.9635556e+22,0.000000
10,-4,51,4.9548989e+22,0.000000
9,7,51,4.949039e+22,0.000000
10,8,14,4.9427963e+22,0.000000
10,7,18,4.9158576e+22,0.000000
10,8,13,4.8907239e+22,0.000000
10,5,25,4.8758007e+22,0.000000
7,1,-42,4.8757143e+22,0.000000
10,8,15,4.8409216e+22,0.000000
8,-2,52,4.8101097e+22,0.000000
10,9,34,4.7813507e+22,0.000000
10,-2,34,4.7767636e+22,0.000000
3,2,-42,4.7461307e+22,0.000000
10,7,8,4.7267895e+22,0.000000
8,5,49,4.7116684e+22,0.000000
4,1,-55,4.7034089e+22,0.000000
9,-3,-10,4.7029834e+22,0.000000
6,-6,-19,4.6936204e+22,0.000000
5,5,-10,4.6744739e+22,0.000000
10,3,23,4.6589854e+22,0.000000
10,8,16,4.6439067e+22,0.000000
5,1,-53,4.6402283e+22,0.000000
10,8,12,4.6213159e+22,0.000000
4,-4,-43,4.617221e+22,0.000000
8,-1,40,4.6140519e+22,0.000000
9,2,38,4.5932687e+22,0.000000
7,0,-51,4.5915077e+22,0.000000
7,0,51,4.5915077e+22,0.000000
8,3,51,4.5854393e+22,0.000000
4,2,-42,4.5497092e+22,0.000000
10,7,19,4.5375839e+22,0.000000
10,9,33,4.5219102e+22,0.000000
9,4,32,4.5213693e+22,0.000000
4,4,-23,4.4958093e+22,0.000000
9,-2,43,4.480161e+22,0.000000
9,8,11,4.4542537e+22,0.000000
10,8,29,4.4484754e+22,0.000000
9,3,41,4.4316783e+22,0.000000
10,-1,7,4.4108705e+22,0.000000
10,8,17,4.3958801e+22,0.000000
10,5,26,4.386353e+22,0.000000
5,2,-36,4.3829713e+22,0.000000
10,-3,27,4.3743611e+22,0.000000
6,-1,-47,4.3437728e+22,0.000000
6,3,-24,4.3015921e+22,0.000000
10,0,-22,4.2986178e+22,0.000000
10,0,22,4.2986178e+22,0.000000
10,-4,52,4.2921765e+22,0.000000
2,2,-46,4.2461848e+22,0.000000
8,4,52,4.2356504e+22,0.000000
9,8,48,4.2286169e+22,0.000000
8,5,50,4.2228317e+22,0.000000
10,7,20,4.2074448e+22,0.000000
8,2,49,4.1943395e+22,0.000000
8,-1,41,4.179555e+22,0.000000
7,-5,-7,4.1795188e+22,0.000000
9,-1,36,4.1686992e+22,0.000000
10,8,18,4.1262804e+22,0.000000
9,-3,-13,4.1195361e+22,0.000000
10,8,11,4.094543e+22,0.000000
5,-2,-50,4.0812097e+22,0.000000
6,-5,-17,4.0805021e+22,0.000000
9,6,42,4.0447892e+22,0.000000
8,-4,-22,4.0406486e+22,0.000000
10,1,13,4.01926e+22,0.000000
8,0,-43,3.9917239e+22,0.000000
8,0,43,3.9917239e+22,0.000000
5,4,-17,3.9915491e+22,0.000000
10,-2,35,3.977671e+22,0.000000
9,7,52,3.9767854e+22,0.000000
4,-3,-51,3.9721086e+22,0.000000
5,-4,-34,3.96824e+22,0.000000
9,1,37,3.9367987e+22,0.000000
10,7,21,3.9202999e+22,0.000000
8,2,-27,3.9202387e+22,0.000000
6,4,-20,3.8998652e+22,0.000000
5,-3,-49,3.8982965e+22,0.000000
7,-3,-34,3.8982481e+22,0.000000
5,-5,-29,3.86967e+22,0.000000
10,6,23,3.8693311e+22,0.000000
10,4,32,3.8667005e+22,0.000000
10,5,27,3.8559803e+22,0.000000
10,8,19,3.8534166e+22,0.000000
8,-1,42,3.8471871e+22,0.000000
5,1,-54,3.8356697e+22,0.000000
6,-4,-35,3.8252711e+22,0.000000
8,-1,-33,3.8229757e+22,0.000000
4,-4,-44,3.8081931e+22,0.000000
8,-3,-15,3.7400752e+22,0.000000
7,2,50,3.7369085e+22,0.000000
10,2,24,3.6835764e+22,0.000000
9,3,42,3.6798932e+22,0.000000
8,5,51,3.670306e+22,0.000000
10,7,22,3.6691199e+22,0.000000
10,-4,53,3.6636278e+22,0.000000
5,3,-32,3.6317651e+22,0.000000
2,2,-47,3.6171585e+22,0.000000
9,-1,-19,3.609088e+22,0.000000
7,-2,49,3.6059728e+22,0.000000
6,1,-44,3.5992065e+22,0.000000
10,8,20,3.5881848e+22,0.000000
9,5,42,3.5863997e+22,0.000000
10,9,35,3.5802755e+22,0.000000
7,-4,-25,3.5743242e+22,0.000000
10,1,19,3.5646959e+22,0.000000
7,-1,-45,3.5637866e+22,0.000000
6,2,-33,3.5606697e+22,0.000000
10,8,30,3.5186246e+22,0.000000
10,-1,8,3.5104256e+22,0.000000
8,-1,43,3.5096454e+22,0.000000
4,3,-31,3.492426e+22,0.000000
10,1,20,3.4844665e+22,0.000000
10,1,18,3.4472872e+22,0.000000
10,7,23,3.4463015e+22,0.000000
7,2,-27,3.4385304e+22,0.000000
7,-2,-24,3.4339512e+22,0.000000
8,4,53,3.4172929e+22,0.000000
10,1,3,3.3900142e+22,0.000000
10,8,10,3.3406879e+22,0.000000
8,1,-33,3.3388461e+22,0.000000
10,8,21,3.3368196e+22,0.000000
5,2,-37,3.3298721e+22,0.000000
10,5,28,3.3147882e+22,0.000000
6,-3,-40,3.2924753e+22,0.000000
9,7,53,3.2902118e+22,0.000000
8,1,38,3.2873609e+22,0.000000
8,3,-8,3.2863658e+22,0.000000
8,3,52,3.2861863e+22,0.000000
10,7,24,3.2445486e+22,0.000000
10,9,39,3.2434826e+22,0.000000
10,1,21,3.2368931e+22,0.000000
10,-2,36,3.2276618e+22,0.000000
9,2,39,3.2258747e+22,0.000000
4,-4,-45,3.2092707e+22,0.000000
10,7,7,3.1690426e+22,0.000000
8,5,52,3.1642173e+22,0.000000
9,7,54,3.1630783e+22,0.000000
10,1,17,3.1537701e+22,0.000000
8,-1,44,3.1442854e+22,0.000000
8,3,-7,3.1322964e+22,0.000000
9,-3,-14,3.1292584e+22,0.000000
5,1,-55,3.1262746e+22,0.000000
4,2,-43,3.1097349e+22,0.000000
10,8,22,3.1026702e+22,0.000000
7,0,-52,3.1012122e+22,0.000000
7,0,52,3.1012122e+22,0.000000
2,2,-48,3.0896618e+22,0.000000
10,-4,54,3.0846211e+22,0.000000
9,0,-25,3.0584793e+22,0.000000
9,0,25,3.0584793e+22,0.000000
10,7,25,3.0574091e+22,0.000000
9,8,10,3.0420093e+22,0.000000
10,0,-23,3.0288031e+22,0.000000
10,0,23,3.0288031e+22,0.000000
3,2,-43,3.0248919e+22,0.000000
8,0,-44,3.0239772e+22,0.000000
8,0,44,3.0239772e+22,0.000000
9,3,43,3.0041735e+22,0.000000
9,-3,-9,2.9919316e+22,0.000000
8,-2,-28,2.9788889e+22,0.000000
10,-1,4,2.9784091e+22,0.000000
9,-2,44,2.9658973e+22,0.000000
10,3,24,2.9623523e+22,0.000000
9,6,43,2.9286631e+22,0.000000
7,1,-43,2.9273315e+22,0.000000
8,-2,53,2.9240809e+22,0.000000
10,8,23,2.8872922e+22,0.000000
10,7,26,2.8795528e+22,0.000000
10,1,22,2.8753979e+22,0.000000
3,3,-35,2.8742278e+22,0.000000
6,-6,-8,2.8697436e+22,0.000000
9,4,33,2.8593512e+22,0.000000
10,3,-1,2.852198e+22,0.000000
10,1,14,2.8448493e+22,0.000000
4,-4,-46,2.842553e+22,0.000000
10,6,-4,2.8141269e+22,0.000000
10,8,36,2.8061352e+22,0.000000
6,3,-25,2.8032973e+22,0.000000
10,1,16,2.7903404e+22,0.000000
10,5,29,2.7885228e+22,0.000000
5,-2,-51,2.7670959e+22,0.000000
8,-1,45,2.7618629e+22,0.000000
10,4,33,2.7527803e+22,0.000000
8,4,54,2.7506107e+22,0.000000
8,3,-9,2.7236123e+22,0.000000
6,-5,-18,2.7184672e+22,0.000000
8,2,50,2.7117098e+22,0.000000
10,7,27,2.7068724e+22,0.000000
8,-4,-23,2.7039297e+22,0.000000
8,5,53,2.6928979e+22,0.000000
10,8,24,2.6911228e+22,0.000000
7,-3,-35,2.6839516e+22,0.000000
2,2,-49,2.6400769e+22,0.000000
10,8,33,2.6134007e+22,0.000000
10,-1,9,2.5927098e+22,0.000000
9,-1,37,2.5775788e+22,0.000000
8,-1,-34,2.5764865e+22,0.000000
10,1,15,2.575238e+22,0.000000
4,-4,-47,2.5713387e+22,0.000000
10,-10,-7,2.5685825e+22,0.000000
10,-4,55,2.5668553e+22,0.000000
10,-2,37,2.5630134e+22,0.000000
6,-6,-20,2.5619835e+22,0.000000
5,-3,-50,2.55906e+22,0.000000
10,6,24,2.5506318e+22,0.000000
10,7,28,2.5364742e+22,0.000000
10,9,43,2.5159255e+22,0.000000
10,8,25,2.5139059e+22,0.000000
10,8,9,2.5059768e+22,0.000000
4,-3,-52,2.4947009e+22,0.000000
5,2,-38,2.4850134e+22,0.000000
8,1,39,2.4803791e+22,0.000000
10,-3,28,2.4791195e+22,0.000000
7,-5,-20,2.4728219e+22,0.000000
8,-5,-5,2.4590355e+22,0.000000
10,1,23,2.4563844e+22,0.000000
9,1,38,2.4262768e+22,0.000000
9,3,44,2.4171014e+22,0.000000
9,5,43,2.3982999e+22,0.000000
5,-5,-30,2.3914088e+22,0.000000
8,-1,46,2.3819669e+22,0.000000
9,1,-21,2.3669381e+22,0.000000
10,7,29,2.3666354e+22,0.000000
10,8,26,2.3550059e+22,0.000000
4,-4,-48,2.3540201e+22,0.000000
8,3,53,2.3533017e+22,0.000000
10,8,51,2.3205493e+22,0.000000
7,2,51,2.3051985e+22,0.000000
7,2,-2,2.301505e+22,0.000000
8,2,-28,2.3007244e+22,0.000000
10,5,30,2.296967e+22,0.000000
6,-1,-48,2.292944e+22,0.000000
8,0,-45,2.2752104e+22,0.000000
8,0,45,2.2752104e+22,0.000000
10,7,4,2.2711968e+22,0.000000
8,5,54,2.2657271e+22,0.000000
2,2,-50,2.2533311e+22,0.000000
10,7,30,2.2509439e+22,0.000000
9,2,40,2.2432547e+22,0.000000
9,4,39,2.2412175e+22,0.000000
8,1,-34,2.2263231e+22,0.000000
9,-3,-15,2.2230974e+22,0.000000
9,4,38,2.217874e+22,0.000000
5,4,-18,2.2161503e+22,0.000000
10,8,27,2.2140935e+22,0.000000
8,4,55,2.2119804e+22,0.000000
10,8,28,2.1969394e+22,0.000000
4,4,-24,2.1962672e+22,0.000000
10,9,40,2.1955291e+22,0.000000
9,4,40,2.1952009e+22,0.000000
7,-4,-26,2.1916042e+22,0.000000
7,3,-19,2.1773119e+22,0.000000
4,-4,-49,2.1681824e+22,0.000000
6,4,-21,2.1589299e+22,0.000000
9,4,34,2.1560705e+22,0.000000
5,3,-33,2.1389608e+22,0.000000
9,4,37,2.1277424e+22,0.000000
8,1,40,2.1262446e+22,0.000000
4,2,-44,2.1214232e+22,0.000000
10,-6,-5,2.1203861e+22,0.000000
10,7,3,2.1151715e+22,0.000000
9,6,44,2.0968125e+22,0.000000
10,7,6,2.0934883e+22,0.000000
6,-3,-41,2.0929624e+22,0.000000
6,-4,-36,2.0913178e+22,0.000000
9,4,41,2.0860086e+22,0.000000
7,-1,-46,2.0852031e+22,0.000000
5,-4,-35,2.0803933e+22,0.000000
7,0,-53,2.078981e+22,0.000000
7,0,53,2.078981e+22,0.000000
10,0,-24,2.0693468e+22,0.000000
10,0,24,2.0693468e+22,0.000000
10,8,38,2.0612721e+22,0.000000
7,-2,50,2.0459744e+22,0.000000
10,7,31,2.0388745e+22,0.000000
9,4,36,2.027744e+22,0.000000
10,1,24,2.0275449e+22,0.000000
8,-1,47,2.0220498e+22,0.000000
9,9,18,2.0027629e+22,0.000000
4,-4,-50,2.002352e+22,0.000000
4,3,-32,2.0019854e+22,0.000000
10,-2,38,1.9966642e+22,0.000000
9,9,19,1.9874811e+22,0.000000
8,3,-10,1.9815769e+22,0.000000
9,9,17,1.9720541e+22,0.000000
9,8,9,1.9695476e+22,0.000000
9,4,35,1.9690071e+22,0.000000
10,7,32,1.9681349e+22,0.000000
5,5,-11,1.9580014e+22,0.000000
9,-2,45,1.9517488e+22,0.000000
10,9,41,1.9476584e+22,0.000000
8,1,41,1.94275e+22,0.000000
9,9,20,1.9408079e+22,0.000000
8,4,-7,1.9407319e+22,0.000000
10,9,42,1.9381826e+22,0.000000
9,4,42,1.9291114e+22,0.000000
10,10,51,1.9273241e+22,0.000000
3,2,-44,1.9212137e+22,0.000000
9,3,45,1.9211502e+22,0.000000
2,2,-51,1.9193295e+22,0.000000
10,-9,-6,1.9182122e+22,0.000000
10,7,5,1.9173955e+22,0.000000
10,4,34,1.9163133e+22,0.000000
7,-2,-25,1.9000643e+22,0.000000
8,5,55,1.8886746e+22,0.000000
6,1,-45,1.8864239e+22,0.000000
9,9,16,1.8795124e+22,0.000000
9,9,21,1.8744456e+22,0.000000
5,-2,-52,1.8720001e+22,0.000000
10,8,50,1.8687691e+22,0.000000
10,2,25,1.8578712e+22,0.000000
10,5,31,1.8535264e+22,0.000000
4,-4,-51,1.8496604e+22,0.000000
10,8,5,1.8487568e+22,0.000000
10,8,8,1.8433679e+22,0.000000
7,-3,-36,1.834879e+22,0.000000
10,8,37,1.8288326e+22,0.000000
9,1,0,1.82873e+22,0.000000
8,-3,-16,1.8273585e+22,0.000000
5,2,-39,1.8272649e+22,0.000000
10,-3,-1,1.8202201e+22,0.000000
6,-5,-19,1.8150223e+22,0.000000
6,3,-26,1.81217e+22,0.000000
10,9,47,1.8086919e+22,0.000000
9,-3,-6,1.8077939e+22,0.000000
8,1,42,1.8019671e+22,0.000000
10,3,25,1.8009794e+22,0.000000
9,9,22,1.7973681e+22,0.000000
8,-4,-24,1.7858233e+22,0.000000
10,-1,10,1.7824655e+22,0.000000
8,-2,-29,1.7654173e+22,0.000000
5,-3,-51,1.7460287e+22,0.000000
10,10,52,1.7432061e+22,0.000000
9,4,43,1.7418497e+22,0.000000
7,1,-44,1.7384624e+22,0.000000
7,2,-28,1.7379393e+22,0.000000
8,-2,54,1.7349287e+22,0.000000
8,2,51,1.7320237e+22,0.000000
8,-1,-35,1.723822e+22,0.000000
9,9,23,1.7168299e+22,0.000000
9,4,-3,1.7132752e+22,0.000000
9,9,15,1.7126715e+22,0.000000
10,8,6,1.7115976e+22,0.000000
10,7,33,1.7104644e+22,0.000000
4,-4,-52,1.7075824e+22,0.000000
6,-2,-35,1.7027299e+22,0.000000
8,0,-46,1.7004349e+22,0.000000
8,0,46,1.7004349e+22,0.000000
10,6,25,1.6988873e+22,0.000000
8,-1,48,1.6941024e+22,0.000000
8,3,54,1.6842241e+22,0.000000
8,1,43,1.6556973e+22,0.000000
9,8,6,1.6485734e+22,0.000000
9,9,24,1.6400341e+22,0.000000
9,1,-25,1.6387723e+22,0.000000
2,2,-52,1.6307e+22,0.000000
10,1,25,1.6233142e+22,0.000000
8,3,-6,1.6134172e+22,0.000000
9,1,-24,1.6087471e+22,0.000000
9,9,26,1.6003543e+22,0.000000
4,-3,-53,1.5962795e+22,0.000000
10,8,4,1.5950308e+22,0.000000
9,5,44,1.5874312e+22,0.000000
10,8,7,1.5845187e+22,0.000000
7,2,52,1.5825114e+22,0.000000
10,-3,29,1.5816893e+22,0.000000
9,9,25,1.57918e+22,0.000000
3,3,-36,1.5755806e+22,0.000000
4,-4,-53,1.5744759e+22,0.000000
9,1,-22,1.5744141e+22,0.000000
9,-1,38,1.5734695e+22,0.000000
9,1,-26,1.560557e+22,0.000000
10,10,54,1.5459439e+22,0.000000
9,2,41,1.545541e+22,0.000000
9,4,44,1.5422107e+22,0.000000
10,7,34,1.5312064e+22,0.000000
10,-2,39,1.530603e+22,0.000000
9,8,7,1.5155938e+22,0.000000
9,1,-23,1.5151862e+22,0.000000
9,3,46,1.5113097e+22,0.000000
9,-3,-16,1.4962277e+22,0.000000
9,-1,-20,1.4958014e+22,0.000000
8,1,44,1.4936635e+22,0.000000
9,0,-26,1.4936247e+22,0.000000
9,0,26,1.4936247e+22,0.000000
9,3,-10,1.4871474e+22,0.000000
9,6,45,1.4840854e+22,0.000000
9,8,8,1.4825174e+22,0.000000
5,-5,-31,1.479676e+22,0.000000
9,1,39,1.4759705e+22,0.000000
8,1,-35,1.4740983e+22,0.000000
9,9,14,1.4703583e+22,0.000000
9,3,-11,1.4685452e+22,0.000000
10,5,32,1.4656632e+22,0.000000
4,2,-45,1.4566479e+22,0.000000
4,-4,-54,1.4502461e+22,0.000000
9,8,5,1.4434866e+22,0.000000
10,8,43,1.4051079e+22,0.000000
8,-1,49,1.4043726e+22,0.000000
6,-6,-21,1.4006146e+22,0.000000
9,1,-27,1.3987499e+22,0.000000
7,0,-54,1.3817633e+22,0.000000
7,0,54,1.3817633e+22,0.000000
2,2,-53,1.3816894e+22,0.000000
10,0,-25,1.3735588e+22,0.000000
10,0,25,1.3735588e+22,0.000000
10,7,35,1.3688768e+22,0.000000
9,3,-6,1.3407553e+22,0.000000
9,4,45,1.3367597e+22,0.000000
7,-4,-27,1.3366414e+22,0.000000
8,2,-29,1.3345771e+22,0.000000
4,-4,-55,1.3312267e+22,0.000000
10,8,1,1.3284433e+22,0.000000
5,2,-40,1.3269617e+22,0.000000
6,-3,-42,1.3262037e+22,0.000000
8,1,45,1.3209298e+22,0.000000
8,3,-11,1.3194489e+22,0.000000
10,9,55,1.3177464e+22,0.000000
6,-1,-49,1.3069743e+22,0.000000
10,4,35,1.3044607e+22,0.000000
9,-2,-14,1.2844437e+22,0.000000
9,-2,46,1.2778382e+22,0.000000
10,7,0,1.2701065e+22,0.000000
5,-2,-53,1.269748e+22,0.000000
6,2,-34,1.2680358e+22,0.000000
8,0,-47,1.2645552e+22,0.000000
8,0,47,1.2645552e+22,0.000000
10,1,26,1.264529e+22,0.000000
5,3,-34,1.2586864e+22,0.000000
9,3,-12,1.2536699e+22,0.000000
7,2,53,1.2499549e+22,0.000000
7,-3,-37,1.2448431e+22,0.000000
9,-2,-13,1.2412916e+22,0.000000
10,-3,30,1.2386011e+22,0.000000
5,-3,-52,1.232147e+22,0.000000
7,-2,51,1.2301271e+22,0.000000
10,-3,34,1.2264629e+22,0.000000
10,-3,33,1.2239649e+22,0.000000
5,4,-19,1.2232288e+22,0.000000
3,2,-45,1.2183171e+22,0.000000
9,-2,-15,1.2181223e+22,0.000000
10,7,36,1.215206e+22,0.000000
6,-5,-20,1.2136594e+22,0.000000
10,7,2,1.2113e+22,0.000000
7,-1,-47,1.208118e+22,0.000000
8,3,55,1.2046034e+22,0.000000
10,6,26,1.2038111e+22,0.000000
10,9,53,1.1956498e+22,0.000000
9,1,-28,1.1920786e+22,0.000000
10,-3,32,1.1899031e+22,0.000000
6,4,-22,1.1890554e+22,0.000000
7,-5,-21,1.1876504e+22,0.000000
10,-3,35,1.1865309e+22,0.000000
9,3,47,1.1788939e+22,0.000000
9,9,13,1.1720065e+22,0.000000
9,2,-6,1.1719015e+22,0.000000
2,2,-54,1.1674675e+22,0.000000
8,-4,-25,1.1667602e+22,0.000000
10,-3,31,1.1645577e+22,0.000000
6,3,-27,1.1635472e+22,0.000000
9,3,-9,1.162959e+22,0.000000
10,-2,40,1.1566663e+22,0.000000
10,9,48,1.1558313e+22,0.000000
8,-1,50,1.1545648e+22,0.000000
10,-1,11,1.1508377e+22,0.000000
4,3,-33,1.1493733e+22,0.000000
8,1,46,1.1468442e+22,0.000000
8,-1,-36,1.1455059e+22,0.000000
10,8,3,1.1445533e+22,0.000000
9,4,46,1.1415953e+22,0.000000
10,5,33,1.1358242e+22,0.000000
6,-4,-37,1.1356469e+22,0.000000
10,8,2,1.1327922e+22,0.000000
7,2,54,1.1225952e+22,0.000000
9,2,-13,1.120376e+22,0.000000
9,2,-5,1.1142359e+22,0.000000
10,-3,36,1.1087037e+22,0.000000
10,2,26,1.1001887e+22,0.000000
9,2,-14,1.0960091e+22,0.000000
7,2,55,1.0951855e+22,0.000000
8,2,52,1.0894685e+22,0.000000
7,4,-9,1.0842892e+22,0.000000
10,7,37,1.0820882e+22,0.000000
9,-2,-16,1.0792311e+22,0.000000
5,-4,-36,1.077083e+22,0.000000
4,4,-25,1.0737668e+22,0.000000
9,-2,-12,1.0682011e+22,0.000000
9,2,42,1.0556851e+22,0.000000
10,3,26,1.0507517e+22,0.000000
9,5,45,1.0471443e+22,0.000000
9,2,-12,1.0453723e+22,0.000000
4,-3,-54,1.0452103e+22,0.000000
6,-3,-4,1.0428935e+22,0.000000
9,6,46,1.0380345e+22,0.000000
8,-2,-30,1.0334392e+22,0.000000
10,6,33,1.0313132e+22,0.000000
7,-2,-26,1.0296699e+22,0.000000
7,1,-45,1.0210295e+22,0.000000
10,6,32,1.019145e+22,0.000000
10,2,30,1.0178787e+22,0.000000
4,2,-46,1.0176225e+22,0.000000
10,2,31,1.0161649e+22,0.000000
10,-3,37,1.0038027e+22,0.000000
8,-2,55,9.9964332e+21,0.000000
10,6,34,9.9958046e+21,0.000000
10,9,49,9.9820752e+21,0.000000
9,2,-15,9.981276e+21,0.000000
8,-8,-8,9.9648446e+21,0.000000
10,8,-2,9.9586904e+21,0.000000
7,4,-10,9.9530953e+21,0.000000
10,6,31,9.8854333e+21,0.000000
2,2,-55,9.8380323e+21,0.000000
8,1,47,9.7994024e+21,0.000000
9,1,-29,9.7637955e+21,0.000000
7,3,-20,9.7416753e+21,0.000000
9,3,-13,9.7320346e+21,0.000000
10,2,29,9.7032341e+21,0.000000
8,1,-36,9.6965465e+21,0.000000
10,2,32,9.6547549e+21,0.000000
6,1,-46,9.6404759e+21,0.000000
9,8,4,9.6367638e+21,0.000000
9,-3,-17,9.6210445e+21,0.000000
9,4,47,9.6093071e+21,0.000000
10,6,27,9.608799e+21,0.000000
10,1,27,9.6079836e+21,0.000000
10,9,50,9.6046494e+21,0.000000
10,8,44,9.5406226e+21,0.000000
5,2,-41,9.533683e+21,0.000000
10,6,35,9.4951634e+21,0.000000
9,-1,39,9.4827678e+21,0.000000
8,-1,51,9.4323033e+21,0.000000
10,6,30,9.3667742e+21,0.000000
8,0,-48,9.3540339e+21,0.000000
8,0,48,9.3540339e+21,0.000000
10,7,38,9.3439299e+21,0.000000
9,2,-1,9.3241236e+21,0.000000
7,4,-8,9.296018e+21,0.000000
10,2,-8,9.2828822e+21,0.000000
6,-1,-50,9.2678393e+21,0.000000
10,-1,3,9.2635657e+21,0.000000
10,8,45,9.22472e+21,0.000000
5,-5,-32,9.1602863e+21,0.000000
9,3,48,9.1348447e+21,0.000000
7,0,-55,9.0957393e+21,0.000000
7,0,55,9.0957393e+21,0.000000
9,-2,-17,9.0521349e+21,0.000000
10,8,-4,9.0361156e+21,0.000000
10,2,28,8.9960523e+21,0.000000
5,-3,-53,8.9567189e+21,0.000000
10,8,0,8.915389e+21,0.000000
10,6,29,8.8940087e+21,0.000000
10,7,1,8.8890106e+21,0.000000
10,8,47,8.8823889e+21,0.000000
10,0,-26,8.8723208e+21,0.000000
10,0,26,8.8723208e+21,0.000000
9,1,40,8.8601704e+21,0.000000
10,2,27,8.858734e+21,0.000000
10,-3,38,8.8392391e+21,0.000000
9,-3,-8,8.8258844e+21,0.000000
10,6,28,8.7995921e+21,0.000000
10,2,33,8.7896881e+21,0.000000
10,6,36,8.787687e+21,0.000000
9,-9,-8,8.7541015e+21,0.000000
5,-2,-54,8.7025934e+21,0.000000
3,3,-37,8.6819123e+21,0.000000
10,4,36,8.68179e+21,0.000000
9,-1,0,8.6812044e+21,0.000000
10,9,51,8.6779548e+21,0.000000
9,2,-11,8.6559174e+21,0.000000
9,8,2,8.6496776e+21,0.000000
10,-2,41,8.6333061e+21,0.000000
9,9,12,8.629552e+21,0.000000
10,5,34,8.6253716e+21,0.000000
9,2,-16,8.5775538e+21,0.000000
10,5,-3,8.5557297e+21,0.000000
7,2,-29,8.5199429e+21,0.000000
10,9,52,8.432777e+21,0.000000
7,-3,-38,8.394564e+21,0.000000
10,2,-9,8.3867418e+21,0.000000
8,-3,-17,8.3827999e+21,0.000000
6,-3,-43,8.3746276e+21,0.000000
6,-1,-54,8.3499743e+21,0.000000
5,5,-12,8.3339513e+21,0.000000
9,-2,47,8.3317908e+21,0.000000
8,4,-8,8.298868e+21,0.000000
8,1,48,8.2850187e+21,0.000000
7,-2,52,8.2719693e+21,0.000000
6,-1,-53,8.2645473e+21,0.000000
6,-1,-55,8.2130734e+21,0.000000
8,3,-12,8.1901819e+21,0.000000
10,7,39,8.1637002e+21,0.000000
6,-1,-51,8.1439082e+21,0.000000
6,-5,-21,8.1213847e+21,0.000000
7,4,-11,8.1210926e+21,0.000000
7,-4,-28,8.1119252e+21,0.000000
6,-1,-52,8.0772694e+21,0.000000
10,6,37,7.9891503e+21,0.000000
9,4,48,7.9861664e+21,0.000000
10,7,40,7.9373144e+21,0.000000
10,8,-1,7.870176e+21,0.000000
9,-2,-11,7.8325553e+21,0.000000
3,2,-46,7.7382133e+21,0.000000
9,1,-30,7.7348931e+21,0.000000
10,2,34,7.7125872e+21,0.000000
6,-6,-22,7.6756724e+21,0.000000
9,-2,-1,7.6728209e+21,0.000000
8,-1,52,7.6702578e+21,0.000000
8,2,-30,7.6460059e+21,0.000000
10,0,-2,7.6439546e+21,0.000000
10,0,2,7.6439546e+21,0.000000
10,-3,39,7.5963865e+21,0.000000
8,-1,-37,7.5619324e+21,0.000000
8,-4,-26,7.5501411e+21,0.000000
9,-2,-6,7.513081e+21,0.000000
6,3,-28,7.4286496e+21,0.000000
9,0,-27,7.4099408e+21,0.000000
9,0,27,7.4099408e+21,0.000000
5,3,-35,7.4000064e+21,0.000000
9,8,3,7.3622738e+21,0.000000
9,8,1,7.3388214e+21,0.000000
4,2,-47,7.320038e+21,0.000000
9,-2,-18,7.2571398e+21,0.000000
10,-2,-9,7.225032e+21,0.000000
9,6,47,7.1839832e+21,0.000000
10,-1,12,7.1713261e+21,0.000000
9,2,43,7.1538584e+21,0.000000
10,1,28,7.1341265e+21,0.000000
10,1,-10,7.1213069e+21,0.000000
4,-3,-55,7.0527083e+21,0.000000
9,3,-14,7.0513141e+21,0.000000
9,3,49,7.0399264e+21,0.000000
10,6,38,7.0333127e+21,0.000000
10,1,-9,7.0304321e+21,0.000000
9,2,-17,7.02266e+21,0.000000
7,5,-8,6.9729938e+21,0.000000
8,1,49,6.8932976e+21,0.000000
8,0,-49,6.887881e+21,0.000000
8,0,49,6.887881e+21,0.000000
10,-2,-8,6.8868127e+21,0.000000
9,5,46,6.8305496e+21,0.000000
10,-4,-3,6.7902925e+21,0.000000
5,2,-42,6.7853165e+21,0.000000
10,2,-7,6.7558686e+21,0.000000
9,-1,-21,6.7422017e+21,0.000000
8,2,53,6.7220915e+21,0.000000
5,4,-20,6.710954e+21,0.000000
5,-3,-54,6.6801872e+21,0.000000
4,3,-34,6.6082704e+21,0.000000
10,2,35,6.5633674e+21,0.000000
9,4,49,6.5629793e+21,0.000000
6,4,-23,6.5175401e+21,0.000000
9,2,-7,6.512495e+21,0.000000
7,-2,53,6.4588349e+21,0.000000
10,5,35,6.4167188e+21,0.000000
10,1,-11,6.3947737e+21,0.000000
10,8,49,6.3912757e+21,0.000000
10,-3,40,6.3906866e+21,0.000000
10,-2,42,6.3761529e+21,0.000000
8,4,-4,6.3759456e+21,0.000000
10,8,52,6.3596072e+21,0.000000
8,1,-37,6.337997e+21,0.000000
7,3,-21,6.2412571e+21,0.000000
8,-1,53,6.2172095e+21,0.000000
7,4,-12,6.1846796e+21,0.000000
10,8,48,6.1742364e+21,0.000000
10,7,41,6.1711066e+21,0.000000
9,2,-10,6.1705049e+21,0.000000
6,-4,-38,6.1282472e+21,0.000000
10,6,39,6.1142308e+21,0.000000
5,-2,-55,6.0970784e+21,0.000000
9,9,11,6.0741599e+21,0.000000
10,2,-10,6.0034568e+21,0.000000
10,3,27,5.9852562e+21,0.000000
8,-2,-31,5.9770142e+21,0.000000
9,1,-31,5.9712953e+21,0.000000
9,-3,-18,5.9434256e+21,0.000000
7,1,-46,5.9240041e+21,0.000000
10,1,-8,5.8685669e+21,0.000000
7,-2,54,5.7757289e+21,0.000000
10,-2,-10,5.740182e+21,0.000000
8,1,50,5.7026138e+21,0.000000
5,-5,-33,5.6745394e+21,0.000000
10,4,37,5.6483313e+21,0.000000
8,-4,-6,5.6482511e+21,0.000000
9,-1,40,5.6403457e+21,0.000000
7,-3,-39,5.632249e+21,0.000000
10,7,-1,5.6282931e+21,0.000000
7,-2,55,5.6194403e+21,0.000000
9,-2,-19,5.6010729e+21,0.000000
10,0,-27,5.5784292e+21,0.000000
10,0,27,5.5784292e+21,0.000000
7,-5,-22,5.5610972e+21,0.000000
7,7,-7,5.5213003e+21,0.000000
9,2,-18,5.5163535e+21,0.000000
5,-4,-37,5.492378e+21,0.000000
4,2,-48,5.4836533e+21,0.000000
10,8,54,5.4638006e+21,0.000000
7,-2,-27,5.4525634e+21,0.000000
10,2,36,5.4386694e+21,0.000000
6,-5,-22,5.4345249e+21,0.000000
9,-2,48,5.4159112e+21,0.000000
9,3,50,5.4062073e+21,0.000000
9,4,50,5.3424044e+21,0.000000
7,3,-22,5.3267644e+21,0.000000
10,-3,41,5.2763857e+21,0.000000
6,-3,-44,5.2697857e+21,0.000000
9,8,-1,5.2579664e+21,0.000000
4,4,-26,5.2541394e+21,0.000000
9,-2,-7,5.2488097e+21,0.000000
9,1,41,5.2453484e+21,0.000000
10,6,40,5.2293472e+21,0.000000
10,1,-12,5.2180283e+21,0.000000
10,1,29,5.1847097e+21,0.000000
9,3,-8,5.1280954e+21,0.000000
7,5,-9,5.1152441e+21,0.000000
8,0,-50,5.0480537e+21,0.000000
8,0,50,5.0480537e+21,0.000000
5,-3,-55,5.0470825e+21,0.000000
8,-1,54,5.0286339e+21,0.000000
10,7,42,5.0163118e+21,0.000000
9,9,7,4.9694401e+21,0.000000
8,-1,-38,4.9600411e+21,0.000000
3,2,-47,4.9476752e+21,0.000000
9,6,48,4.9150584e+21,0.000000
7,-4,-29,4.8988646e+21,0.000000
9,-1,-25,4.8833447e+21,0.000000
7,3,-23,4.8782844e+21,0.000000
9,9,8,4.8568059e+21,0.000000
10,8,53,4.8536465e+21,0.000000
6,1,-47,4.85297e+21,0.000000
8,-4,-27,4.848155e+21,0.000000
9,3,-15,4.8387903e+21,0.000000
9,2,44,4.8132325e+21,0.000000
3,3,-38,4.8113476e+21,0.000000
5,2,-43,4.7883039e+21,0.000000
8,3,-13,4.7763159e+21,0.000000
9,-1,-26,4.7268858e+21,0.000000
6,3,-29,4.7206537e+21,0.000000
9,-1,-24,4.7025234e+21,0.000000
8,1,51,4.6877144e+21,0.000000
10,5,36,4.6740238e+21,0.000000
10,7,-2,4.6719175e+21,0.000000
10,-2,43,4.6653774e+21,0.000000
9,-2,-10,4.6323293e+21,0.000000
9,9,10,4.6282312e+21,0.000000
10,-1,13,4.6155826e+21,0.000000
9,1,-32,4.5044295e+21,0.000000
7,4,-13,4.5001122e+21,0.000000
9,5,47,4.4866451e+21,0.000000
9,-2,-5,4.4861626e+21,0.000000
10,6,41,4.4396908e+21,0.000000
9,-1,-22,4.43497e+21,0.000000
10,1,1,4.4300697e+21,0.000000
9,9,9,4.4138105e+21,0.000000
10,2,37,4.4071592e+21,0.000000
10,7,-3,4.4064086e+21,0.000000
6,-2,-36,4.385911e+21,0.000000
10,8,-5,4.3598214e+21,0.000000
5,3,-36,4.3466152e+21,0.000000
9,-1,-23,4.3325878e+21,0.000000
8,2,-31,4.3282561e+21,0.000000
7,3,-24,4.3263804e+21,0.000000
4,2,-49,4.308914e+21,0.000000
9,4,51,4.3077315e+21,0.000000
9,-1,-27,4.2987372e+21,0.000000
10,-3,42,4.2847787e+21,0.000000
9,-1,-48,4.2777072e+21,0.000000
9,9,6,4.2231126e+21,0.000000
6,-6,-23,4.2187411e+21,0.000000
9,0,-28,4.212498e+21,0.000000
9,0,28,4.212498e+21,0.000000
10,7,43,4.1911055e+21,0.000000
9,-2,-20,4.1845724e+21,0.000000
9,2,-19,4.1797607e+21,0.000000
9,3,51,4.1419749e+21,0.000000
6,-2,-41,4.1381642e+21,0.000000
8,1,-38,4.1173458e+21,0.000000
8,-1,55,4.0618731e+21,0.000000
7,-1,-49,4.0585608e+21,0.000000
8,2,54,4.0487927e+21,0.000000
7,4,-7,4.0431925e+21,0.000000
7,2,-30,4.0326414e+21,0.000000
9,8,0,3.9827126e+21,0.000000
10,-2,-7,3.9733125e+21,0.000000
9,2,-9,3.9690399e+21,0.000000
6,-2,-42,3.9660661e+21,0.000000
10,1,-13,3.9206186e+21,0.000000
6,-2,-40,3.9193884e+21,0.000000
6,2,-35,3.847469e+21,0.000000
8,1,52,3.8355607e+21,0.000000
8,-3,-18,3.8294249e+21,0.000000
4,3,-35,3.8043409e+21,0.000000
7,6,-6,3.7675406e+21,0.000000
7,-3,-40,3.7479791e+21,0.000000
10,1,-7,3.7420122e+21,0.000000
10,-2,-11,3.7323921e+21,0.000000
10,-1,19,3.7309473e+21,0.000000
9,-1,-28,3.7130631e+21,0.000000
10,-1,18,3.7113593e+21,0.000000
5,5,-13,3.6950387e+21,0.000000
10,1,30,3.6919078e+21,0.000000
8,0,-51,3.6817997e+21,0.000000
8,0,51,3.6817997e+21,0.000000
5,4,-21,3.6595234e+21,0.000000
7,3,-25,3.6383215e+21,0.000000
6,-5,-23,3.6345259e+21,0.000000
10,2,-11,3.6285192e+21,0.000000
9,2,-8,3.6082552e+21,0.000000
10,6,42,3.6072302e+21,0.000000
10,4,38,3.5942727e+21,0.000000
9,-8,-7,3.5743743e+21,0.000000
10,-1,20,3.5673591e+21,0.000000
6,4,-24,3.5570288e+21,0.000000
4,2,-50,3.5530597e+21,0.000000
6,-2,-43,3.5500515e+21,0.000000
9,-3,-19,3.5393766e+21,0.000000
10,-1,17,3.5220354e+21,0.000000
5,-5,-34,3.5160349e+21,0.000000
9,-2,49,3.5137145e+21,0.000000
10,2,38,3.5012044e+21,0.000000
10,3,28,3.4971934e+21,0.000000
10,7,44,3.4896802e+21,0.000000
9,8,-2,3.4555852e+21,0.000000
9,9,3,3.449306e+21,0.000000
9,4,52,3.4486596e+21,0.000000
10,-3,43,3.4286173e+21,0.000000
10,-1,14,3.4236937e+21,0.000000
10,0,-28,3.4167112e+21,0.000000
10,0,28,3.4167112e+21,0.000000
8,-2,-32,3.4076672e+21,0.000000
7,1,-47,3.4027179e+21,0.000000
10,-2,44,3.3875778e+21,0.000000
5,2,-44,3.352486e+21,0.000000
9,1,-33,3.3396837e+21,0.000000
9,6,49,3.3348455e+21,0.000000
10,5,37,3.3311789e+21,0.000000
9,-1,41,3.3091687e+21,0.000000
6,-3,-45,3.3046565e+21,0.000000
6,-4,-39,3.2717944e+21,0.000000
10,-1,16,3.2559022e+21,0.000000
10,-1,21,3.2544856e+21,0.000000
9,9,5,3.2341834e+21,0.000000
8,-1,-39,3.2322718e+21,0.000000
9,2,45,3.2181597e+21,0.000000
10,7,-4,3.2117952e+21,0.000000
3,2,-48,3.2083975e+21,0.000000
6,-2,-39,3.2056949e+21,0.000000
9,3,-16,3.1721534e+21,0.000000
9,3,52,3.1700785e+21,0.000000
7,4,-14,3.1676763e+21,0.000000
10,8,-3,3.1676465e+21,0.000000
8,1,53,3.1281805e+21,0.000000
9,0,-29,3.115189e+21,0.000000
9,0,29,3.115189e+21,0.000000
10,-1,15,3.114758e+21,0.000000
8,-4,-28,3.0893451e+21,0.000000
9,-1,-29,3.0801032e+21,0.000000
9,9,2,3.077281e+21,0.000000
9,2,-20,3.0679814e+21,0.000000
9,1,42,3.0631878e+21,0.000000
9,9,4,3.0559673e+21,0.000000
4,2,-51,3.0558386e+21,0.000000
9,-2,-21,3.0392386e+21,0.000000
6,-2,-44,3.0245902e+21,0.000000
6,3,-30,2.9881925e+21,0.000000
9,5,48,2.9794423e+21,0.000000
10,7,45,2.9731943e+21,0.000000
7,-4,-30,2.9444322e+21,0.000000
9,0,-32,2.9377071e+21,0.000000
9,0,32,2.9377071e+21,0.000000
10,6,43,2.9337928e+21,0.000000
9,0,-31,2.9231232e+21,0.000000
9,0,31,2.9231232e+21,0.000000
8,-3,-5,2.9182853e+21,0.000000
7,3,-26,2.9132257e+21,0.000000
7,5,-10,2.911838e+21,0.000000
9,0,-30,2.8917438e+21,0.000000
9,0,30,2.8917438e+21,0.000000
9,0,-33,2.8463595e+21,0.000000
9,0,33,2.8463595e+21,0.000000
10,-1,22,2.8461684e+21,0.000000
7,-2,-28,2.812839e+21,0.000000
9,-3,-7,2.8025343e+21,0.000000
5,-4,-38,2.7502175e+21,0.000000
9,4,53,2.7438234e+21,0.000000
10,2,39,2.7352601e+21,0.000000
10,1,-14,2.730222e+21,0.000000
10,2,-5,2.7233691e+21,0.000000
4,2,-52,2.7131296e+21,0.000000
10,-3,44,2.7077834e+21,0.000000
9,9,0,2.6961083e+21,0.000000
3,3,-39,2.6837239e+21,0.000000
8,0,-52,2.6710229e+21,0.000000
8,0,52,2.6710229e+21,0.000000
8,1,-39,2.6580568e+21,0.000000
9,0,-34,2.6479103e+21,0.000000
9,0,34,2.6479103e+21,0.000000
8,3,-14,2.6230466e+21,0.000000
9,-2,-8,2.5968661e+21,0.000000
10,1,31,2.5780803e+21,0.000000
4,4,-27,2.5733767e+21,0.000000
5,3,-37,2.5501281e+21,0.000000
8,1,54,2.5458759e+21,0.000000
7,-5,-23,2.5294462e+21,0.000000
6,1,-48,2.4949206e+21,0.000000
7,-3,-41,2.4863971e+21,0.000000
6,-2,-45,2.4797375e+21,0.000000
9,-1,-30,2.470026e+21,0.000000
4,2,-53,2.4600686e+21,0.000000
10,-2,45,2.4429959e+21,0.000000
7,-1,-50,2.4371401e+21,0.000000
9,1,-34,2.4341354e+21,0.000000
6,-5,-24,2.4282594e+21,0.000000
9,3,53,2.4264062e+21,0.000000
9,-2,-9,2.4251488e+21,0.000000
9,9,-3,2.4221365e+21,0.000000
9,8,-4,2.4221015e+21,0.000000
8,7,-6,2.4157511e+21,0.000000
8,2,-32,2.4156565e+21,0.000000
9,9,-1,2.4140059e+21,0.000000
10,-1,23,2.3972118e+21,0.000000
10,-1,1,2.3859238e+21,0.000000
9,0,-35,2.3731134e+21,0.000000
9,0,35,2.3731134e+21,0.000000
8,2,55,2.3690796e+21,0.000000
9,9,-5,2.3607297e+21,0.000000
10,6,44,2.3567704e+21,0.000000
10,7,46,2.3559547e+21,0.000000
9,9,1,2.3426321e+21,0.000000
5,2,-45,2.3296244e+21,0.000000
6,-6,-24,2.3264529e+21,0.000000
10,5,38,2.3208848e+21,0.000000
10,3,29,2.3064664e+21,0.000000
9,-2,50,2.2778873e+21,0.000000
9,8,-3,2.2758055e+21,0.000000
4,2,-54,2.2569087e+21,0.000000
9,6,50,2.2450492e+21,0.000000
10,4,39,2.2403455e+21,0.000000
7,3,-27,2.2391681e+21,0.000000
8,8,-7,2.2193165e+21,0.000000
4,3,-36,2.1925841e+21,0.000000
9,2,-21,2.1891389e+21,0.000000
9,4,54,2.1865146e+21,0.000000
8,4,-9,2.1858883e+21,0.000000
5,-5,-35,2.1774872e+21,0.000000
7,4,-15,2.1725064e+21,0.000000
6,-2,-38,2.1585415e+21,0.000000
8,-7,-7,2.1536408e+21,0.000000
9,-2,-22,2.1531254e+21,0.000000
10,3,34,2.1410984e+21,0.000000
9,2,46,2.1403676e+21,0.000000
10,3,35,2.138882e+21,0.000000
3,2,-49,2.1314582e+21,0.000000
9,8,-5,2.116084e+21,0.000000
10,-3,45,2.1136359e+21,0.000000
10,2,40,2.1051859e+21,0.000000
8,-1,-40,2.0924421e+21,0.000000
4,2,-55,2.080911e+21,0.000000
8,1,55,2.0693403e+21,0.000000
10,3,33,2.0668873e+21,0.000000
6,-3,-46,2.0662865e+21,0.000000
10,3,36,2.0617082e+21,0.000000
9,0,-36,2.0602623e+21,0.000000
9,0,36,2.0602623e+21,0.000000
8,-3,-19,2.0527781e+21,0.000000
10,-2,-12,2.0385235e+21,0.000000
9,-3,-20,2.0354823e+21,0.000000
10,0,-29,2.0354628e+21,0.000000
10,0,29,2.0354628e+21,0.000000
9,5,49,2.021294e+21,0.000000
9,3,-17,1.9970106e+21,0.000000
5,4,-22,1.9837829e+21,0.000000
6,-2,-46,1.9716227e+21,0.000000
8,-4,-29,1.9579525e+21,0.000000
10,-1,24,1.9525663e+21,0.000000
7,1,-48,1.9445127e+21,0.000000
10,3,32,1.9406874e+21,0.000000
6,4,-25,1.9337611e+21,0.000000
9,-1,-31,1.9294911e+21,0.000000
10,7,47,1.9263399e+21,0.000000
8,0,-53,1.9261059e+21,0.000000
8,0,53,1.9261059e+21,0.000000
10,3,37,1.9238985e+21,0.000000
8,-2,-33,1.9149865e+21,0.000000
9,-1,42,1.9146326e+21,0.000000
10,2,-12,1.8940329e+21,0.000000
6,3,-31,1.8855071e+21,0.000000
10,3,30,1.8742025e+21,0.000000
10,6,45,1.8701892e+21,0.000000
9,3,54,1.8592242e+21,0.000000
9,7,-6,1.8539559e+21,0.000000
7,2,-31,1.8349958e+21,0.000000
10,3,31,1.8308403e+21,0.000000
10,1,32,1.7662604e+21,0.000000
10,1,-15,1.7658408e+21,0.000000
9,1,43,1.763377e+21,0.000000
7,-4,-31,1.7607578e+21,0.000000
10,-2,46,1.7536184e+21,0.000000
9,1,-35,1.7535861e+21,0.000000
10,3,38,1.7446485e+21,0.000000
9,0,-37,1.7409024e+21,0.000000
9,0,37,1.7409024e+21,0.000000
9,9,-2,1.7356827e+21,0.000000
6,-4,-40,1.7312975e+21,0.000000
5,5,-14,1.7147592e+21,0.000000
9,4,55,1.7125123e+21,0.000000
8,1,-40,1.7050718e+21,0.000000
10,1,-4,1.6812504e+21,0.000000
7,3,-28,1.6659442e+21,0.000000
6,-2,-37,1.6591741e+21,0.000000
7,-3,-42,1.637775e+21,0.000000
10,-3,46,1.6327773e+21,0.000000
9,3,-7,1.6317506e+21,0.000000
6,-5,-6,1.6247832e+21,0.000000
6,-5,-25,1.6203369e+21,0.000000
10,10,25,1.6118542e+21,0.000000
5,2,-46,1.6070612e+21,0.000000
10,2,41,1.5993588e+21,0.000000
10,5,39,1.5793114e+21,0.000000
10,9,19,1.5761427e+21,0.000000
7,-1,-51,1.5739689e+21,0.000000
7,5,-11,1.56616e+21,0.000000
10,9,18,1.5604043e+21,0.000000
10,9,20,1.5598437e+21,0.000000
10,7,48,1.5501234e+21,0.000000
10,-1,25,1.5434338e+21,0.000000
10,3,39,1.5427807e+21,0.000000
10,-8,-7,1.542081e+21,0.000000
8,-3,-20,1.5404074e+21,0.000000
6,-2,-47,1.5278042e+21,0.000000
8,-3,-22,1.5261887e+21,0.000000
9,2,-22,1.5228937e+21,0.000000
10,9,21,1.5225977e+21,0.000000
8,-3,-23,1.5116972e+21,0.000000
9,6,51,1.5094448e+21,0.000000
3,3,-40,1.5086268e+21,0.000000
5,4,-5,1.5078383e+21,0.000000
10,9,17,1.5004422e+21,0.000000
5,3,-38,1.4943976e+21,0.000000
9,-2,-23,1.4918406e+21,0.000000
9,9,-6,1.4899209e+21,0.000000
8,-3,-21,1.4893256e+21,0.000000
9,-2,51,1.4772517e+21,0.000000
10,9,22,1.4735653e+21,0.000000
9,-1,-32,1.47228e+21,0.000000
10,2,-6,1.4704997e+21,0.000000
3,2,-50,1.4678161e+21,0.000000
10,6,46,1.4648366e+21,0.000000
7,4,-16,1.4579922e+21,0.000000
9,0,-38,1.4382898e+21,0.000000
9,0,38,1.4382898e+21,0.000000
10,9,26,1.4370979e+21,0.000000
9,3,55,1.427321e+21,0.000000
9,5,50,1.4263968e+21,0.000000
6,1,-49,1.4223234e+21,0.000000
10,9,23,1.4204402e+21,0.000000
8,-3,-24,1.4194049e+21,0.000000
9,2,47,1.4176774e+21,0.000000
10,1,-6,1.4158782e+21,0.000000
7,-2,-29,1.4079083e+21,0.000000
9,1,48,1.3863532e+21,0.000000
10,9,16,1.385499e+21,0.000000
8,0,-54,1.3807125e+21,0.000000
8,0,54,1.3807125e+21,0.000000
10,4,40,1.3737356e+21,0.000000
10,9,24,1.3714333e+21,0.000000
8,3,-15,1.3570718e+21,0.000000
5,-5,-36,1.3487808e+21,0.000000
5,-4,-39,1.3473046e+21,0.000000
8,-1,-41,1.3450283e+21,0.000000
10,9,25,1.3430493e+21,0.000000
10,3,40,1.3344168e+21,0.000000
8,2,-33,1.3292295e+21,0.000000
6,-3,-47,1.2896851e+21,0.000000
6,-6,-25,1.2872514e+21,0.000000
8,-3,-25,1.2673745e+21,0.000000
4,3,-37,1.2648134e+21,0.000000
10,-5,-4,1.2622919e+21,0.000000
4,4,-28,1.2617486e+21,0.000000
10,-2,47,1.2530645e+21,0.000000
10,-3,47,1.2497809e+21,0.000000
9,1,-36,1.2468309e+21,0.000000
10,7,49,1.2397014e+21,0.000000
8,-4,-30,1.2321105e+21,0.000000
9,3,-18,1.2110286e+21,0.000000
10,9,15,1.2106654e+21,0.000000
7,3,-29,1.2069428e+21,0.000000
10,2,42,1.2015378e+21,0.000000
8,4,-13,1.190823e+21,0.000000
10,1,33,1.1877048e+21,0.000000
10,-1,26,1.1874211e+21,0.000000
6,3,-32,1.1865504e+21,0.000000
10,0,-30,1.1801092e+21,0.000000
10,0,30,1.1801092e+21,0.000000
8,6,-6,1.1715354e+21,0.000000
9,0,-39,1.1655865e+21,0.000000
9,0,39,1.1655865e+21,0.000000
6,-2,-48,1.15792e+21,0.000000
10,6,47,1.1374615e+21,0.000000
7,-1,-52,1.1324519e+21,0.000000
10,3,41,1.1318137e+21,0.000000
9,-3,-21,1.1307087e+21,0.000000
8,4,-14,1.1263625e+21,0.000000
7,1,-49,1.1221052e+21,0.000000
7,-5,-24,1.1118053e+21,0.000000
9,-5,-12,1.1097423e+21,0.000000
9,-1,-33,1.1038048e+21,0.000000
5,2,-47,1.1006425e+21,0.000000
10,7,50,1.0947347e+21,0.000000
9,-1,43,1.0919662e+21,0.000000
8,4,-12,1.0879354e+21,0.000000
8,1,-41,1.0863194e+21,0.000000
8,-3,-26,1.0846754e+21,0.000000
6,-5,-26,1.0796631e+21,0.000000
7,-3,-43,1.0764647e+21,0.000000
9,-5,-13,1.0699973e+21,0.000000
5,4,-23,1.0693356e+21,0.000000
10,1,-16,1.0600835e+21,0.000000
3,2,-51,1.0592469e+21,0.000000
10,-2,-5,1.0590953e+21,0.000000
8,-2,-34,1.0562059e+21,0.000000
10,5,40,1.0489777e+21,0.000000
6,4,-26,1.0477449e+21,0.000000
7,-4,-32,1.0475093e+21,0.000000
9,2,-23,1.0353879e+21,0.000000
9,5,51,1.0309758e+21,0.000000
8,-5,-11,1.0177657e+21,0.000000
9,6,52,1.0152023e+21,0.000000
9,-2,-24,1.0130025e+21,0.000000
9,1,44,1.0026749e+21,0.000000
6,1,-50,9.9548943e+20,0.000000
8,-5,-10,9.9306192e+20,0.000000
10,9,14,9.825148e+20,0.000000
8,0,-55,9.7993246e+20,0.000000
8,0,55,9.7993246e+20,0.000000
9,9,-4,9.7754183e+20,0.000000
9,6,-5,9.7489969e+20,0.000000
8,4,-15,9.6530171e+20,0.000000
6,2,-36,9.6203411e+20,0.000000
7,4,-17,9.601204e+20,0.000000
9,-2,52,9.5940642e+20,0.000000
10,-10,-8,9.5356398e+20,0.000000
10,-3,48,9.4896395e+20,0.000000
10,3,42,9.4342701e+20,0.000000
10,-2,-13,9.4191648e+20,0.000000
9,2,48,9.3631711e+20,0.000000
9,0,-40,9.2953249e+20,0.000000
9,0,40,9.2953249e+20,0.000000
9,-5,-11,9.231694e+20,0.000000
7,-1,-53,9.1763839e+20,0.000000
6,-4,-41,9.0973342e+20,0.000000
9,-5,-14,9.0411668e+20,0.000000
8,-3,-27,8.9634635e+20,0.000000
10,2,43,8.9380442e+20,0.000000
10,-2,48,8.9313502e+20,0.000000
10,-1,27,8.9124523e+20,0.000000
8,-5,-12,8.8622767e+20,0.000000
9,1,-37,8.792231e+20,0.000000
5,3,-39,8.7446142e+20,0.000000
6,1,-54,8.740792e+20,0.000000
10,6,48,8.7119295e+20,0.000000
6,1,-53,8.6966976e+20,0.000000
10,2,-13,8.6949236e+20,0.000000
6,1,-51,8.6668512e+20,0.000000
6,-2,-49,8.6457118e+20,0.000000
8,-1,-42,8.5799683e+20,0.000000
7,3,-30,8.5642754e+20,0.000000
3,3,-41,8.5626138e+20,0.000000
6,1,-55,8.5499295e+20,0.000000
6,1,-52,8.5435435e+20,0.000000
10,4,41,8.3623398e+20,0.000000
6,2,-41,8.3600357e+20,0.000000
5,-5,-37,8.3417679e+20,0.000000
5,5,-15,8.310902e+20,0.000000
7,5,-12,8.273479e+20,0.000000
8,4,-11,8.2418896e+20,0.000000
7,-1,-54,8.1702967e+20,0.000000
9,-1,-34,8.1326776e+20,0.000000
3,2,-52,8.0611217e+20,0.000000
6,-3,-48,8.0527884e+20,0.000000
6,2,-40,8.047776e+20,0.000000
7,2,-32,8.033624e+20,0.000000
6,2,-42,7.8805333e+20,0.000000
10,1,34,7.8386695e+20,0.000000
9,5,52,7.8310739e+20,0.000000
10,7,51,7.8136866e+20,0.000000
10,3,43,7.7426372e+20,0.000000
8,-4,-31,7.7280081e+20,0.000000
8,4,-16,7.7176556e+20,0.000000
7,-1,-55,7.660545e+20,0.000000
5,2,-48,7.4846627e+20,0.000000
8,4,-10,7.4635725e+20,0.000000
6,3,-33,7.4502763e+20,0.000000
8,-5,-9,7.3196082e+20,0.000000
9,0,-41,7.3107238e+20,0.000000
9,0,41,7.3107238e+20,0.000000
4,3,-38,7.301164e+20,0.000000
10,9,13,7.2372698e+20,0.000000
8,-3,-28,7.1983685e+20,0.000000
6,-5,-27,7.1838788e+20,0.000000
8,2,-34,7.1807688e+20,0.000000
10,-3,49,7.1559554e+20,0.000000
6,-6,-26,7.1483575e+20,0.000000
10,10,24,7.1049478e+20,0.000000
9,3,-19,7.0855937e+20,0.000000
9,6,53,7.0852041e+20,0.000000
7,-3,-44,6.9995165e+20,0.000000
9,-5,-15,6.9964052e+20,0.000000
6,2,-43,6.9381622e+20,0.000000
7,-6,-12,6.9257365e+20,0.000000
8,-5,-13,6.9169336e+20,0.000000
9,2,-24,6.8934587e+20,0.000000
8,1,-42,6.8698556e+20,0.000000
7,-2,-30,6.8054553e+20,0.000000
10,5,41,6.8028053e+20,0.000000
9,-2,-25,6.7523133e+20,0.000000
6,2,-39,6.6806826e+20,0.000000
7,1,-50,6.6587345e+20,0.000000
8,3,-16,6.6403132e+20,0.000000
10,0,-31,6.6351149e+20,0.000000
10,0,31,6.6351149e+20,0.000000
10,6,49,6.6322549e+20,0.000000
7,-6,-11,6.6052269e+20,0.000000
10,2,44,6.5947785e+20,0.000000
10,-1,28,6.5384787e+20,0.000000
3,2,-53,6.463514e+20,0.000000
5,-4,-40,6.4339773e+20,0.000000
10,-2,49,6.3536622e+20,0.000000
6,-2,-50,6.3007475e+20,0.000000
10,3,44,6.266477e+20,0.000000
9,-2,53,6.2468376e+20,0.000000
7,4,-18,6.2159644e+20,0.000000
7,-4,-33,6.1947122e+20,0.000000
4,4,-29,6.1938966e+20,0.000000
9,5,53,6.179413e+20,0.000000
9,2,49,6.1746327e+20,0.000000
9,-1,44,6.148075e+20,0.000000
9,1,-38,6.1364235e+20,0.000000
10,7,52,6.1307525e+20,0.000000
10,10,23,6.1027029e+20,0.000000
7,-6,-13,6.1020078e+20,0.000000
10,4,-3,6.0836335e+20,0.000000
9,-3,-22,6.0603968e+20,0.000000
7,3,-31,5.9706209e+20,0.000000
9,-1,-35,5.9208861e+20,0.000000
10,1,-17,5.9038555e+20,0.000000
8,3,-5,5.8869939e+20,0.000000
8,4,-17,5.859448e+20,0.000000
6,2,-44,5.8160367e+20,0.000000
10,-9,-7,5.7769456e+20,0.000000
5,4,-24,5.7336938e+20,0.000000
10,10,22,5.7227408e+20,0.000000
8,-2,-35,5.7122579e+20,0.000000
9,0,-42,5.6847682e+20,0.000000
9,0,42,5.6847682e+20,0.000000
6,4,-27,5.659687e+20,0.000000
7,2,-3,5.6476276e+20,0.000000
9,1,45,5.6474473e+20,0.000000
8,-3,-29,5.6444002e+20,0.000000
10,10,21,5.4678592e+20,0.000000
6,-4,-5,5.4614603e+20,0.000000
8,-1,-43,5.4264818e+20,0.000000
3,2,-54,5.418051e+20,0.000000
10,-3,50,5.3651579e+20,0.000000
10,1,-5,5.2056009e+20,0.000000
10,10,20,5.2006923e+20,0.000000
10,-2,-6,5.194779e+20,0.000000
5,-5,-38,5.1583493e+20,0.000000
10,4,42,5.142821e+20,0.000000
7,4,-6,5.1225742e+20,0.000000
5,3,-40,5.11014e+20,0.000000
9,-5,-16,5.0844937e+20,0.000000
10,1,35,5.0784281e+20,0.000000
5,2,-49,5.054756e+20,0.000000
6,-3,-49,5.0507842e+20,0.000000
9,5,54,5.0207538e+20,0.000000
10,3,45,5.0088026e+20,0.000000
6,-4,-44,5.0011369e+20,0.000000
10,6,50,4.9879088e+20,0.000000
8,-5,-14,4.9824415e+20,0.000000
3,3,-42,4.9209115e+20,0.000000
9,-5,-10,4.9107163e+20,0.000000
10,10,19,4.8548821e+20,0.000000
10,2,45,4.8302642e+20,0.000000
7,-6,-14,4.8259566e+20,0.000000
9,6,54,4.8198234e+20,0.000000
8,-4,-32,4.8083821e+20,0.000000
10,7,53,4.7989817e+20,0.000000
6,-5,-28,4.7727828e+20,0.000000
10,9,12,4.7280182e+20,0.000000
6,-4,-42,4.7200385e+20,0.000000
7,-5,-25,4.7023532e+20,0.000000
10,-1,29,4.6958182e+20,0.000000
3,2,-55,4.6938811e+20,0.000000
6,2,-45,4.6923193e+20,0.000000
6,3,-34,4.6688378e+20,0.000000
7,-6,-10,4.6116084e+20,0.000000
6,-2,-51,4.5479586e+20,0.000000
7,-3,-45,4.545931e+20,0.000000
6,2,-38,4.5435562e+20,0.000000
10,-2,50,4.5117251e+20,0.000000
9,2,-25,4.5021097e+20,0.000000
9,-2,-26,4.4230121e+20,0.000000
10,10,18,4.3918928e+20,0.000000
9,0,-43,4.3754146e+20,0.000000
9,0,43,4.3754146e+20,0.000000
8,-3,-30,4.3398837e+20,0.000000
7,5,-13,4.3332543e+20,0.000000
10,5,42,4.3192887e+20,0.000000
8,1,-43,4.3083305e+20,0.000000
8,-6,-9,4.2918025e+20,0.000000
8,4,-18,4.2725077e+20,0.000000
9,1,-39,4.2547154e+20,0.000000
9,-1,-36,4.2531301e+20,0.000000
7,1,-51,4.2486745e+20,0.000000
4,3,-39,4.2165382e+20,0.000000
5,5,-16,4.1869204e+20,0.000000
9,5,55,4.1605949e+20,0.000000
7,3,-32,4.1066828e+20,0.000000
9,-2,54,4.0831142e+20,0.000000
9,2,50,4.0715628e+20,0.000000
9,-5,-5,4.0674411e+20,0.000000
10,-3,51,4.0041865e+20,0.000000
9,3,-20,4.0019791e+20,0.000000
6,-6,-27,3.982695e+20,0.000000
7,4,-19,3.9622783e+20,0.000000
10,3,46,3.9589698e+20,0.000000
10,-2,-14,3.8793251e+20,0.000000
10,2,-14,3.8525342e+20,0.000000
8,2,-35,3.805101e+20,0.000000
10,7,54,3.8005044e+20,0.000000
10,10,17,3.7975617e+20,0.000000
10,6,51,3.7461682e+20,0.000000
6,2,-46,3.6726136e+20,0.000000
7,-4,-34,3.6410118e+20,0.000000
10,7,55,3.6285253e+20,0.000000
10,0,-32,3.6252965e+20,0.000000
10,0,32,3.6252965e+20,0.000000
7,-6,-15,3.5537978e+20,0.000000
9,-7,-7,3.5366919e+20,0.000000
9,-5,-17,3.5249095e+20,0.000000
10,2,46,3.5202264e+20,0.000000
6,2,-37,3.5149334e+20,0.000000
6,6,-9,3.5092349e+20,0.000000
9,6,55,3.4718345e+20,0.000000
7,2,-33,3.4523569e+20,0.000000
9,-1,45,3.4269948e+20,0.000000
10,-2,-19,3.4064319e+20,0.000000
8,-1,-44,3.398449e+20,0.000000
5,2,-50,3.3921141e+20,0.000000
8,1,-2,3.3810432e+20,0.000000
8,-5,-15,3.3713569e+20,0.000000
10,-2,-20,3.3492567e+20,0.000000
9,0,-44,3.3402566e+20,0.000000
9,0,44,3.3402566e+20,0.000000
10,-1,30,3.3050206e+20,0.000000
10,4,43,3.2864641e+20,0.000000
8,-3,-31,3.2811019e+20,0.000000
6,-2,-52,3.2524038e+20,0.000000
10,1,36,3.2290649e+20,0.000000
10,2,-19,3.2138791e+20,0.000000
10,-2,51,3.2032858e+20,0.000000
6,-3,-50,3.198579e+20,0.000000
9,1,46,3.1834397e+20,0.000000
5,-5,-39,3.1807761e+20,0.000000
6,-5,-29,3.1668127e+20,0.000000
7,-2,-31,3.1633787e+20,0.000000
10,-7,-6,3.146759e+20,0.000000
8,3,-17,3.138802e+20,0.000000
10,-2,-18,3.1377035e+20,0.000000
9,-3,-23,3.1249648e+20,0.000000
10,2,-18,3.1095799e+20,0.000000
10,3,47,3.0982007e+20,0.000000
10,10,16,3.088853e+20,0.000000
10,1,-18,3.0754543e+20,0.000000
5,4,-25,3.0592472e+20,0.000000
10,-2,-21,3.0499725e+20,0.000000
6,4,-28,3.0492265e+20,0.000000
10,2,-20,3.0477955e+20,0.000000
4,4,-30,3.0447805e+20,0.000000
8,-3,-3,3.037675e+20,0.000000
9,-1,-37,3.0291178e+20,0.000000
7,1,-52,3.0188303e+20,0.000000
8,4,-19,3.0149263e+20,0.000000
8,-2,-36,3.0057871e+20,0.000000
8,-4,-33,2.9885499e+20,0.000000
5,-4,-41,2.9854555e+20,0.000000
5,3,-41,2.9817432e+20,0.000000
10,-3,52,2.9784943e+20,0.000000
9,1,-40,2.9274509e+20,0.000000
7,-3,-46,2.9256001e+20,0.000000
6,3,-35,2.9207095e+20,0.000000
9,2,-26,2.8877681e+20,0.000000
3,3,-43,2.8750209e+20,0.000000
9,-2,-27,2.8498955e+20,0.000000
8,5,-5,2.8129897e+20,0.000000
8,-5,-8,2.8115365e+20,0.000000
6,2,-47,2.8023288e+20,0.000000
7,3,-33,2.7904074e+20,0.000000
8,-6,-14,2.7888336e+20,0.000000
10,6,52,2.769739e+20,0.000000
8,-6,-13,2.7605555e+20,0.000000
10,9,11,2.7471573e+20,0.000000
10,2,-17,2.7308663e+20,0.000000
10,5,43,2.7064763e+20,0.000000
10,2,-21,2.6954586e+20,0.000000
9,2,51,2.6881915e+20,0.000000
9,-2,55,2.6844429e+20,0.000000
8,1,-44,2.6758709e+20,0.000000
7,-2,-2,2.6451184e+20,0.000000
10,8,-6,2.6314981e+20,0.000000
10,-2,-22,2.6168716e+20,0.000000
10,-2,-17,2.5651653e+20,0.000000
6,6,-10,2.5550026e+20,0.000000
10,2,47,2.55261e+20,0.000000
9,0,-45,2.5320534e+20,0.000000
9,0,45,2.5320534e+20,0.000000
7,-6,-16,2.4912814e+20,0.000000
7,4,-20,2.4899116e+20,0.000000
8,-3,-32,2.4465028e+20,0.000000
6,-4,-43,2.4364656e+20,0.000000
4,3,-40,2.4357651e+20,0.000000
8,-6,-15,2.4209335e+20,0.000000
7,1,-53,2.4191429e+20,0.000000
10,3,48,2.4038569e+20,0.000000
9,-5,-18,2.3555275e+20,0.000000
6,-2,-53,2.3219605e+20,0.000000
10,10,15,2.3202641e+20,0.000000
10,2,-15,2.2819304e+20,0.000000
10,-1,31,2.2816594e+20,0.000000
10,-2,52,2.2748229e+20,0.000000
10,-1,-10,2.2747256e+20,0.000000
10,2,-16,2.2707453e+20,0.000000
5,2,-51,2.2647559e+20,0.000000
10,4,44,2.2595339e+20,0.000000
10,2,-22,2.2539555e+20,0.000000
7,5,-14,2.2538537e+20,0.000000
6,-6,-28,2.2270105e+20,0.000000
10,6,53,2.2184161e+20,0.000000
10,-3,53,2.2108595e+20,0.000000
7,1,-1,2.1834509e+20,0.000000
9,3,-21,2.1807081e+20,0.000000
5,5,-17,2.1803895e+20,0.000000
8,-5,-16,2.1672497e+20,0.000000
10,-2,-23,2.1410777e+20,0.000000
10,-1,-11,2.1354762e+20,0.000000
9,-1,-38,2.1348652e+20,0.000000
7,1,-54,2.1344044e+20,0.000000
7,-4,-35,2.1237779e+20,0.000000
10,-1,-9,2.1093991e+20,0.000000
8,-1,-45,2.1037647e+20,0.000000
6,-5,-30,2.0982383e+20,0.000000
6,2,-48,2.0919634e+20,0.000000
8,4,-20,2.0701323e+20,0.000000
6,-3,-51,2.0643776e+20,0.000000
8,-6,-12,2.0463419e+20,0.000000
10,1,37,2.0161465e+20,0.000000
9,1,-41,2.0062009e+20,0.000000
7,1,-55,1.9871567e+20,0.000000
10,-2,-15,1.9773107e+20,0.000000
8,2,-36,1.9624881e+20,0.000000
5,-5,-40,1.9602077e+20,0.000000
9,1,47,1.9530319e+20,0.000000
10,-2,-16,1.9523031e+20,0.000000
9,8,-6,1.9277567e+20,0.000000
8,-6,-16,1.9186118e+20,0.000000
10,0,-33,1.9178734e+20,0.000000
10,0,33,1.9178734e+20,0.000000
7,-5,-26,1.9100233e+20,0.000000
9,0,-46,1.9081736e+20,0.000000
9,0,46,1.9081736e+20,0.000000
9,-1,46,1.9077398e+20,0.000000
7,-3,-47,1.8881048e+20,0.000000
10,7,-5,1.8814671e+20,0.000000
7,3,-34,1.8787316e+20,0.000000
10,3,49,1.8502147e+20,0.000000
10,2,48,1.8457955e+20,0.000000
8,-4,-34,1.8389857e+20,0.000000
6,3,-36,1.8240932e+20,0.000000
9,2,-27,1.821232e+20,0.000000
8,3,-3,1.8116684e+20,0.000000
9,-2,-28,1.8068009e+20,0.000000
7,-7,-10,1.8025512e+20,0.000000
8,-3,-33,1.8016907e+20,0.000000
10,2,-23,1.8003839e+20,0.000000
10,-1,-12,1.799223e+20,0.000000
9,2,52,1.7793456e+20,0.000000
9,-5,-45,1.7534087e+20,0.000000
5,3,-42,1.7380523e+20,0.000000
9,2,-4,1.7173771e+20,0.000000
3,3,-44,1.7171965e+20,0.000000
10,4,45,1.7083716e+20,0.000000
10,5,44,1.7040199e+20,0.000000
7,-6,-17,1.6864032e+20,0.000000
10,-2,-24,1.6860501e+20,0.000000
6,6,-7,1.6796629e+20,0.000000
6,-2,-54,1.6707169e+20,0.000000
9,-4,-15,1.6573675e+20,0.000000
8,1,-45,1.6432639e+20,0.000000
10,-3,54,1.6397694e+20,0.000000
6,4,-29,1.6386266e+20,0.000000
9,-4,-16,1.6276018e+20,0.000000
5,4,-26,1.6247701e+20,0.000000
10,9,10,1.6185988e+20,0.000000
10,-2,53,1.6143651e+20,0.000000
10,-1,-8,1.6068191e+20,0.000000
7,-5,-45,1.6001135e+20,0.000000
7,-6,-9,1.5872576e+20,0.000000
10,10,14,1.5812051e+20,0.000000
7,2,-34,1.5695276e+20,0.000000
10,1,-19,1.5649299e+20,0.000000
10,-1,32,1.5457679e+20,0.000000
7,4,-21,1.5443039e+20,0.000000
9,-3,-24,1.544097e+20,0.000000
8,3,-18,1.5355523e+20,0.000000
8,-2,-37,1.5340604e+20,0.000000
6,2,-49,1.5339207e+20,0.000000
9,-4,-14,1.5305344e+20,0.000000
9,-5,-19,1.5281926e+20,0.000000
10,6,54,1.5122262e+20,0.000000
5,2,-52,1.5080377e+20,0.000000
4,4,-31,1.4991484e+20,0.000000
9,-1,-39,1.4940244e+20,0.000000
9,-4,-17,1.4861538e+20,0.000000
10,9,7,1.4859771e+20,0.000000
10,9,8,1.4724405e+20,0.000000
8,-6,-17,1.4327277e+20,0.000000
9,9,-7,1.4323769e+20,0.000000
9,0,-47,1.4311157e+20,0.000000
9,0,47,1.4311157e+20,0.000000
6,6,-11,1.417926e+20,0.000000
10,4,46,1.4178032e+20,0.000000
7,-2,-32,1.4155736e+20,0.000000
10,3,50,1.4152624e+20,0.000000
4,3,-41,1.4072404e+20,0.000000
8,-1,-48,1.3913738e+20,0.000000
8,4,-21,1.3888656e+20,0.000000
6,-5,-31,1.3886993e+20,0.000000
10,2,-24,1.3851671e+20,0.000000
10,-1,-13,1.3834783e+20,0.000000
6,-3,-52,1.3715439e+20,0.000000
9,1,-42,1.3619529e+20,0.000000
5,-4,-42,1.3460616e+20,0.000000
10,6,-5,1.33864e+20,0.000000
8,-5,-17,1.333396e+20,0.000000
10,2,49,1.3322244e+20,0.000000
10,9,9,1.3299366e+20,0.000000
8,-3,-34,1.3136706e+20,0.000000
9,-5,-8,1.3068873e+20,0.000000
10,-2,-25,1.2855853e+20,0.000000
8,-1,-46,1.2846478e+20,0.000000
9,-4,-18,1.2828542e+20,0.000000
10,4,47,1.2554235e+20,0.000000
7,3,-35,1.2537259e+20,0.000000
6,-6,-29,1.2489554e+20,0.000000
10,1,38,1.236593e+20,0.000000
9,-4,-13,1.2319011e+20,0.000000
6,-2,-55,1.23141e+20,0.000000
7,-4,-36,1.2288965e+20,0.000000
10,-3,55,1.21678e+20,0.000000
7,-3,-48,1.2146435e+20,0.000000
5,-5,-41,1.2037211e+20,0.000000
9,2,53,1.1821872e+20,0.000000
5,5,-18,1.1671605e+20,0.000000
10,-4,-10,1.166851e+20,0.000000
7,5,-15,1.1631528e+20,0.000000
7,-3,-49,1.157558e+20,0.000000
10,4,48,1.1474967e+20,0.000000
9,3,-22,1.1447064e+20,0.000000
10,-2,54,1.1445346e+20,0.000000
6,3,-37,1.1373469e+20,0.000000
8,-4,-35,1.1329585e+20,0.000000
9,2,-28,1.129849e+20,0.000000
10,-4,-11,1.1283057e+20,0.000000
9,-2,-29,1.1275443e+20,0.000000
7,-7,-11,1.1227597e+20,0.000000
10,9,6,1.1197659e+20,0.000000
10,5,45,1.1191218e+20,0.000000
10,6,55,1.1131827e+20,0.000000
7,-6,-18,1.112932e+20,0.000000
6,2,-50,1.1049737e+20,0.000000
9,-1,47,1.0821105e+20,0.000000
10,3,51,1.0769975e+20,0.000000
9,0,-48,1.0689471e+20,0.000000
9,0,48,1.0689471e+20,0.000000
9,-4,-19,1.0590983e+20,0.000000
10,4,49,1.0563031e+20,0.000000
3,3,-45,1.0560882e+20,0.000000
9,-1,-40,1.037368e+20,0.000000
10,2,-25,1.0321788e+20,0.000000
10,-1,33,1.0281249e+20,0.000000
8,-6,-18,1.0268218e+20,0.000000
5,3,-43,1.0127675e+20,0.000000
5,2,-53,1.0058843e+20,0.000000
10,2,-1,9.9873962e+19,0.000000
8,1,-46,9.955405e+19,0.000000
10,0,-34,9.9306623e+19,0.000000
10,0,34,9.9306623e+19,0.000000
8,2,-37,9.8201586e+19,0.000000
10,-1,-14,9.7946856e+19,0.000000
10,10,13,9.7678683e+19,0.000000
7,-7,-8,9.7416784e+19,0.000000
6,5,-9,9.7316326e+19,0.000000
9,-5,-20,9.674783e+19,0.000000
10,4,50,9.662245e+19,0.000000
10,2,50,9.5934817e+19,0.000000
10,-2,-26,9.5480516e+19,0.000000
8,-3,-35,9.4885533e+19,0.000000
6,-3,-53,9.488513e+19,0.000000
7,4,-22,9.4643106e+19,0.000000
9,1,-43,9.1863751e+19,0.000000
6,-5,-32,9.179249e+19,0.000000
8,4,-22,9.1343431e+19,0.000000
8,3,-19,8.9131032e+19,0.000000
10,-1,-7,8.8798242e+19,0.000000
10,1,-20,8.8542133e+19,0.000000
8,-1,-2,8.7930215e+19,0.000000
7,2,-35,8.7914959e+19,0.000000
6,4,-30,8.7857522e+19,0.000000
10,4,51,8.7023117e+19,0.000000
10,-4,-12,8.6411817e+19,0.000000
7,-1,-1,8.6379146e+19,0.000000
5,4,-27,8.591481e+19,0.000000
6,3,-4,8.5634798e+19,0.000000
9,-4,-20,8.4335052e+19,0.000000
7,3,-36,8.3124393e+19,0.000000
10,3,52,8.1644174e+19,0.000000
4,3,-42,8.1308802e+19,0.000000
10,-2,55,8.1195936e+19,0.000000
9,-4,-12,8.0886368e+19,0.000000
10,-4,-9,8.0229336e+19,0.000000
9,0,-49,7.9595253e+19,0.000000
9,0,49,7.9595253e+19,0.000000
10,5,46,7.9326338e+19,0.000000
9,2,54,7.8939616e+19,0.000000
8,-5,-18,7.8887981e+19,0.000000
6,2,-51,7.8566585e+19,0.000000
10,4,52,7.7197288e+19,0.000000
8,-1,-47,7.716709e+19,0.000000
8,4,-6,7.6078792e+19,0.000000
8,-6,-11,7.5965567e+19,0.000000
10,1,-25,7.5950711e+19,0.000000
7,-5,-27,7.5855372e+19,0.000000
6,5,-10,7.5516193e+19,0.000000
10,1,-24,7.5502383e+19,0.000000
7,-7,-12,7.5501826e+19,0.000000
8,-2,-38,7.4943104e+19,0.000000
10,2,-26,7.492477e+19,0.000000
10,1,39,7.4688908e+19,0.000000
5,-5,-42,7.4084169e+19,0.000000
4,4,-32,7.396127e+19,0.000000
9,1,49,7.3862121e+19,0.000000
6,6,-12,7.3579822e+19,0.000000
9,-3,-25,7.2660324e+19,0.000000
10,1,-26,7.2355926e+19,0.000000
7,-6,-19,7.2083568e+19,0.000000
9,-1,-41,7.1586341e+19,0.000000
10,-2,-1,7.1528179e+19,0.000000
8,-6,-19,7.1448489e+19,0.000000
10,1,-23,7.1192742e+19,0.000000
6,3,-38,7.0792796e+19,0.000000
7,-4,-37,7.0385015e+19,0.000000
6,-6,-30,7.0293843e+19,0.000000
8,-4,-36,7.0011359e+19,0.000000
5,-5,-45,6.9501959e+19,0.000000
10,-2,-27,6.923532e+19,0.000000
9,-2,-30,6.9231092e+19,0.000000
10,2,51,6.9152749e+19,0.000000
9,2,-29,6.8987045e+19,0.000000
6,-3,-54,6.8958628e+19,0.000000
8,-3,-36,6.8033986e+19,0.000000
5,2,-54,6.7701625e+19,0.000000
8,3,-20,6.7490313e+19,0.000000
3,3,-46,6.7440209e+19,0.000000
10,4,53,6.7395116e+19,0.000000
10,-1,34,6.7134582e+19,0.000000
7,2,-36,6.6680315e+19,0.000000
10,1,-21,6.661125e+19,0.000000
6,5,-7,6.6414861e+19,0.000000
10,9,5,6.6279962e+19,0.000000
6,5,-8,6.5843779e+19,0.000000
10,1,-22,6.5753017e+19,0.000000
10,1,-27,6.5728777e+19,0.000000
9,-4,-21,6.5185901e+19,0.000000
6,-4,-45,6.5001819e+19,0.000000
9,-1,48,6.4435347e+19,0.000000
10,-1,-15,6.4079919e+19,0.000000
5,5,-19,6.3884036e+19,0.000000
10,5,47,6.3625053e+19,0.000000
10,9,3,6.251339e+19,0.000000
7,-2,-33,6.2268007e+19,0.000000
9,1,-44,6.180573e+19,0.000000
10,3,53,6.1738943e+19,0.000000
8,2,-2,6.172164e+19,0.000000
7,2,-37,6.1437572e+19,0.000000
8,3,-21,6.1337592e+19,0.000000
6,-5,-33,6.0620205e+19,0.000000
9,-5,-21,5.9983967e+19,0.000000
9,-5,-9,5.9634142e+19,0.000000
5,-4,-43,5.9570731e+19,0.000000
7,5,-16,5.9449275e+19,0.000000
7,2,-38,5.9355222e+19,0.000000
8,1,-47,5.9337881e+19,0.000000
9,0,-50,5.9152788e+19,0.000000
9,0,50,5.9152788e+19,0.000000
5,3,-44,5.9066729e+19,0.000000
8,4,-23,5.9059865e+19,0.000000
10,10,12,5.9031578e+19,0.000000
8,3,-22,5.8391558e+19,0.000000
10,4,54,5.8013323e+19,0.000000
9,3,-23,5.7710404e+19,0.000000
7,4,-23,5.7376824e+19,0.000000
10,1,-28,5.7334309e+19,0.000000
10,5,48,5.7213352e+19,0.000000
9,-4,-8,5.6420229e+19,0.000000
7,2,-39,5.622432e+19,0.000000
10,-4,-13,5.6059191e+19,0.000000
9,1,50,5.5877843e+19,0.000000
10,5,50,5.5872617e+19,0.000000
10,5,51,5.5534056e+19,0.000000
10,5,49,5.545929e+19,0.000000
6,2,-52,5.5351517e+19,0.000000
10,5,52,5.4877847e+19,0.000000
7,3,-37,5.4743276e+19,0.000000
8,3,-23,5.4290814e+19,0.000000
10,9,4,5.3297224e+19,0.000000
10,5,53,5.3189821e+19,0.000000
7,-7,-13,5.3148393e+19,0.000000
10,2,-27,5.3101152e+19,0.000000
9,2,55,5.3064916e+19,0.000000
6,-3,-55,5.2736308e+19,0.000000
9,-2,-4,5.1909044e+19,0.000000
7,-3,-50,5.1475715e+19,0.000000
7,2,-40,5.1353149e+19,0.000000
10,0,-35,5.0927751e+19,0.000000
10,0,35,5.0927751e+19,0.000000
10,5,54,5.0470989e+19,0.000000
10,2,52,4.9840758e+19,0.000000
10,9,2,4.9820819e+19,0.000000
8,-6,-10,4.9710481e+19,0.000000
10,-2,-28,4.9274778e+19,0.000000
10,4,55,4.9228095e+19,0.000000
9,-4,-22,4.9145186e+19,0.000000
9,-1,-42,4.9126763e+19,0.000000
10,10,9,4.8777259e+19,0.000000
8,-6,-20,4.8636676e+19,0.000000
6,5,-11,4.8580189e+19,0.000000
8,-3,-37,4.8410006e+19,0.000000
10,1,-29,4.8351158e+19,0.000000
8,3,-24,4.8349e+19,0.000000
9,1,51,4.8093953e+19,0.000000
8,2,-38,4.701841e+19,0.000000
4,3,-43,4.6987276e+19,0.000000
6,4,-31,4.6979613e+19,0.000000
10,5,55,4.6940261e+19,0.000000
10,3,54,4.6639655e+19,0.000000
5,2,-55,4.6491228e+19,0.000000
9,1,55,4.6201801e+19,0.000000
7,-6,-20,4.6039416e+19,0.000000
9,1,52,4.5375308e+19,0.000000
5,-5,-43,4.5360028e+19,0.000000
7,2,-41,4.5266884e+19,0.000000
5,4,-28,4.5235674e+19,0.000000
3,3,-47,4.5094768e+19,0.000000
8,-5,-19,4.5008533e+19,0.000000
10,10,10,4.493466e+19,0.000000
9,1,53,4.4791774e+19,0.000000
10,1,40,4.4598202e+19,0.000000
10,10,8,4.4529863e+19,0.000000
9,1,54,4.444043e+19,0.000000
6,3,-39,4.3981063e+19,0.000000
10,10,11,4.3884188e+19,0.000000
9,0,-51,4.3771461e+19,0.000000
9,0,51,4.3771461e+19,0.000000
10,-1,35,4.304484e+19,0.000000
9,-4,-7,4.2748209e+19,0.000000
9,-1,49,4.2496114e+19,0.000000
8,-4,-37,4.2069706e+19,0.000000
9,-2,-31,4.1819975e+19,0.000000
9,2,-30,4.1444649e+19,0.000000
9,1,-45,4.1287711e+19,0.000000
8,3,-25,4.1227187e+19,0.000000
6,-5,-34,3.9984052e+19,0.000000
7,-4,-38,3.9899844e+19,0.000000
6,-6,-31,3.9653217e+19,0.000000
10,1,-30,3.9610912e+19,0.000000
9,-4,-11,3.9503076e+19,0.000000
6,2,-53,3.8893011e+19,0.000000
10,-1,-16,3.874755e+19,0.000000
7,2,-42,3.8705375e+19,0.000000
7,5,-7,3.8225382e+19,0.000000
9,3,-5,3.8005913e+19,0.000000
8,4,-24,3.7623807e+19,0.000000
6,6,-13,3.7544351e+19,0.000000
10,2,-28,3.6939434e+19,0.000000
7,-7,-14,3.6835399e+19,0.000000
9,-3,-5,3.6713934e+19,0.000000
4,4,-33,3.6584255e+19,0.000000
9,-5,-22,3.6521773e+19,0.000000
9,-4,-23,3.627993e+19,0.000000
7,3,-38,3.5856391e+19,0.000000
10,2,53,3.5825799e+19,0.000000
5,5,-20,3.558373e+19,0.000000
10,3,55,3.5266272e+19,0.000000
6,-4,-46,3.4883401e+19,0.000000
8,1,-48,3.4671641e+19,0.000000
8,-2,-39,3.4618848e+19,0.000000
5,3,-45,3.4565197e+19,0.000000
7,4,-24,3.4447402e+19,0.000000
10,-2,-29,3.4386392e+19,0.000000
8,-3,-38,3.4254646e+19,0.000000
7,-3,-51,3.4057163e+19,0.000000
8,3,-26,3.3837059e+19,0.000000
9,-1,-43,3.340837e+19,0.000000
8,-6,-21,3.2563223e+19,0.000000
10,10,7,3.2486471e+19,0.000000
9,-3,-26,3.2459963e+19,0.000000
9,0,-52,3.2353948e+19,0.000000
9,0,52,3.2353948e+19,0.000000
7,2,-43,3.2271156e+19,0.000000
10,3,-2,3.2259395e+19,0.000000
9,-1,50,3.2042681e+19,0.000000
3,3,-48,3.1773358e+19,0.000000
10,1,-31,3.1677737e+19,0.000000
10,-4,-14,3.1641863e+19,0.000000
7,-5,-28,3.1509947e+19,0.000000
10,9,0,3.0920158e+19,0.000000
9,-4,-9,3.0203895e+19,0.000000
7,5,-17,3.0024375e+19,0.000000
9,-6,-6,2.9853385e+19,0.000000
8,-4,-38,2.958945e+19,0.000000
6,5,-12,2.9377944e+19,0.000000
10,5,-4,2.9294593e+19,0.000000
7,-6,-21,2.9097045e+19,0.000000
7,-2,-34,2.9051697e+19,0.000000
10,-1,-4,2.7954032e+19,0.000000
9,3,-24,2.783917e+19,0.000000
9,0,-1,2.7837281e+19,0.000000
9,0,1,2.7837281e+19,0.000000
5,-5,-44,2.7661235e+19,0.000000
5,-4,-44,2.75776e+19,0.000000
6,2,-54,2.7500505e+19,0.000000
9,-1,51,2.7477643e+19,0.000000
9,1,-46,2.7372957e+19,0.000000
6,3,-40,2.7267028e+19,0.000000
4,3,-44,2.7165901e+19,0.000000
10,0,-36,2.7147723e+19,0.000000
10,0,36,2.7147723e+19,0.000000
10,-1,36,2.7094083e+19,0.000000
8,3,-27,2.6884364e+19,0.000000
10,9,1,2.6671895e+19,0.000000
10,1,41,2.6568697e+19,0.000000
10,-1,-6,2.656007e+19,0.000000
7,2,-44,2.6358831e+19,0.000000
6,-5,-35,2.6352347e+19,0.000000
9,-4,-24,2.6302601e+19,0.000000
10,9,-1,2.6284159e+19,0.000000
8,-1,-49,2.6141695e+19,0.000000
6,4,-5,2.5864342e+19,0.000000
9,-1,52,2.581275e+19,0.000000
10,2,54,2.576558e+19,0.000000
9,-1,53,2.5749367e+19,0.000000
10,10,4,2.5325936e+19,0.000000
10,2,-29,2.5199244e+19,0.000000
9,-1,54,2.5156343e+19,0.000000
6,4,-32,2.5059191e+19,0.000000
9,-1,55,2.4898496e+19,0.000000
7,-3,-52,2.4872724e+19,0.000000
9,-2,-32,2.4815009e+19,0.000000
8,-5,-20,2.4798172e+19,0.000000
10,1,-32,2.479508e+19,0.000000
7,-7,-15,2.4577484e+19,0.000000
9,2,-31,2.4498827e+19,0.000000
8,-3,-39,2.4277807e+19,0.000000
9,0,-53,2.3863046e+19,0.000000
9,0,53,2.3863046e+19,0.000000
5,4,-29,2.3713816e+19,0.000000
10,-2,-30,2.3688886e+19,0.000000
8,4,-25,2.3669667e+19,0.000000
3,3,-49,2.3644222e+19,0.000000
7,3,-39,2.336555e+19,0.000000
9,-1,-44,2.3025814e+19,0.000000
10,10,6,2.2993104e+19,0.000000
10,10,5,2.2963045e+19,0.000000
7,-5,-6,2.2939217e+19,0.000000
6,-6,-32,2.2453863e+19,0.000000
7,-4,-39,2.2285427e+19,0.000000
9,-5,-23,2.1871059e+19,0.000000
10,-1,-17,2.1639419e+19,0.000000
8,-6,-22,2.1521429e+19,0.000000
8,2,-39,2.1316702e+19,0.000000
7,2,-45,2.1164251e+19,0.000000
8,3,-28,2.0792834e+19,0.000000
7,4,-25,2.0501657e+19,0.000000
10,10,3,2.035085e+19,0.000000
5,3,-46,2.0348155e+19,0.000000
5,5,-21,2.0088282e+19,0.000000
6,2,-55,1.9878211e+19,0.000000
6,-4,-47,1.9810841e+19,0.000000
8,1,-49,1.9807434e+19,0.000000
10,9,-3,1.9702473e+19,0.000000
6,6,-14,1.9152645e+19,0.000000
7,-3,-4,1.9138696e+19,0.000000
10,1,-33,1.9065902e+19,0.000000
10,-4,-8,1.8785491e+19,0.000000
9,-4,-25,1.8775661e+19,0.000000
3,3,-50,1.8531628e+19,0.000000
10,2,55,1.8524134e+19,0.000000
9,-4,-10,1.8466418e+19,0.000000
7,-6,-22,1.8243598e+19,0.000000
4,4,-34,1.8166193e+19,0.000000
9,1,-47,1.7964611e+19,0.000000
9,0,-54,1.7768087e+19,0.000000
9,0,54,1.7768087e+19,0.000000
6,5,-13,1.7479277e+19,0.000000
6,-5,-36,1.7349742e+19,0.000000
7,-3,-53,1.7055235e+19,0.000000
10,2,-30,1.6973375e+19,0.000000
8,-3,-40,1.6868162e+19,0.000000
6,3,-41,1.6864355e+19,0.000000
6,-4,-54,1.6848409e+19,0.000000
7,2,-46,1.6753533e+19,0.000000
10,-1,37,1.6750654e+19,0.000000
7,-2,-35,1.6720337e+19,0.000000
10,0,-42,1.6245654e+19,0.000000
10,0,42,1.6245654e+19,0.000000
10,0,-37,1.6121543e+19,0.000000
10,0,37,1.6121543e+19,0.000000
10,10,1,1.6026933e+19,0.000000
10,1,42,1.6023028e+19,0.000000
10,-2,-31,1.6018993e+19,0.000000
7,-5,-29,1.5991367e+19,0.000000
7,-7,-16,1.5749489e+19,0.000000
4,3,-45,1.5721763e+19,0.000000
8,3,-29,1.5720569e+19,0.000000
10,-4,-15,1.5645646e+19,0.000000
9,-1,-45,1.5217289e+19,0.000000
8,-4,-39,1.5198701e+19,0.000000
3,3,-51,1.5193069e+19,0.000000
7,3,-40,1.5133747e+19,0.000000
6,5,-6,1.5103906e+19,0.000000
10,10,0,1.499787e+19,0.000000
7,5,-18,1.4946332e+19,0.000000
7,-3,-54,1.4862526e+19,0.000000
8,-2,-40,1.480561e+19,0.000000
8,4,-26,1.472594e+19,0.000000
8,-1,-50,1.4631279e+19,0.000000
9,-2,-33,1.4459213e+19,0.000000
10,1,-34,1.4419987e+19,0.000000
7,-2,-3,1.434756e+19,0.000000
10,10,2,1.4238659e+19,0.000000
9,2,-32,1.4228825e+19,0.000000
8,-6,-23,1.4082891e+19,0.000000
9,-3,-27,1.3818157e+19,0.000000
10,1,-3,1.3700043e+19,0.000000
5,-4,-45,1.33725e+19,0.000000
6,4,-33,1.3322611e+19,0.000000
9,-4,-26,1.3219681e+19,0.000000
8,-5,-21,1.320086e+19,0.000000
7,2,-47,1.3100907e+19,0.000000
7,-2,-36,1.2976721e+19,0.000000
3,3,-52,1.2912682e+19,0.000000
9,-5,-24,1.2903884e+19,0.000000
9,0,-55,1.2884334e+19,0.000000
9,0,55,1.2884334e+19,0.000000
9,3,-25,1.2776353e+19,0.000000
6,-6,-33,1.2728069e+19,0.000000
10,9,-5,1.2721528e+19,0.000000
9,5,-5,1.2653091e+19,0.000000
6,-4,-48,1.241504e+19,0.000000
5,4,-30,1.2373876e+19,0.000000
10,10,-2,1.2371894e+19,0.000000
7,-4,-40,1.2269936e+19,0.000000
9,1,-48,1.2252253e+19,0.000000
7,-2,-37,1.2174133e+19,0.000000
5,3,-47,1.2117026e+19,0.000000
7,4,-26,1.2107693e+19,0.000000
7,-2,-38,1.1953803e+19,0.000000
6,-4,-50,1.1813976e+19,0.000000
8,-3,-41,1.1745362e+19,0.000000
8,3,-30,1.1665677e+19,0.000000
10,9,-2,1.1625493e+19,0.000000
7,-2,-39,1.1505641e+19,0.000000
5,5,-22,1.1454769e+19,0.000000
6,-5,-37,1.140918e+19,0.000000
7,-6,-23,1.1369332e+19,0.000000
10,0,-38,1.1337726e+19,0.000000
10,0,38,1.1337726e+19,0.000000
3,3,-53,1.1274911e+19,0.000000
10,-1,-18,1.1232446e+19,0.000000
10,-1,-5,1.1229467e+19,0.000000
10,2,-31,1.1225201e+19,0.000000
7,-5,-30,1.1163003e+19,0.000000
8,1,-50,1.0994664e+19,0.000000
10,1,-35,1.0761656e+19,0.000000
10,-2,-32,1.0754696e+19,0.000000
9,1,-49,1.071435e+19,0.000000
7,-2,-40,1.0678694e+19,0.000000
5,-5,-46,1.0557744e+19,0.000000
7,-3,-55,1.0522002e+19,0.000000
6,5,-14,1.0422759e+19,0.000000
6,3,-42,1.0402782e+19,0.000000
10,10,-6,1.0189923e+19,0.000000
9,-1,-46,1.0185512e+19,0.000000
10,-1,38,1.0174615e+19,0.000000
7,2,-48,1.0136264e+19,0.000000
3,3,-54,1.0036089e+19,0.000000
10,1,43,1.0004668e+19,0.000000
6,-4,-55,9.8717761e+18,0.000000
6,6,-15,9.824029e+18,0.000000
7,3,-41,9.7704619e+18,0.000000
7,-7,-17,9.736706e+18,0.000000
7,-2,-41,9.5652595e+18,0.000000
7,-5,-31,9.5545047e+18,0.000000
10,10,-1,9.5040578e+18,0.000000
10,0,-39,9.4957611e+18,0.000000
10,0,39,9.4957611e+18,0.000000
9,-4,-27,9.1992509e+18,0.000000
10,10,-4,9.1607121e+18,0.000000
8,-6,-24,9.1393736e+18,0.000000
4,3,-46,9.1157037e+18,0.000000
8,4,-27,9.0796774e+18,0.000000
4,4,-35,9.0722077e+18,0.000000
3,3,-55,9.051691e+18,0.000000
6,-4,-49,9.0437353e+18,0.000000
8,-4,-40,8.9978311e+18,0.000000
8,2,-40,8.9394221e+18,0.000000
7,-5,-32,8.7523499e+18,0.000000
10,0,-40,8.5200478e+18,0.000000
10,0,40,8.5200478e+18,0.000000
8,3,-31,8.5191131e+18,0.000000
10,3,-12,8.4243151e+18,0.000000
7,-2,-42,8.3102377e+18,0.000000
10,3,-11,8.2910392e+18,0.000000
5,-4,-46,8.2661346e+18,0.000000
9,-2,-34,8.2488828e+18,0.000000
8,-3,-42,8.1453412e+18,0.000000
9,2,-33,8.1174112e+18,0.000000
10,0,-41,7.9873873e+18,0.000000
10,0,41,7.9873873e+18,0.000000
8,-1,-51,7.9762824e+18,0.000000
10,1,-36,7.9248271e+18,0.000000
7,2,-49,7.7682277e+18,0.000000
7,-5,-33,7.7218188e+18,0.000000
10,3,-13,7.6887916e+18,0.000000
10,10,-3,7.5585378e+18,0.000000
6,-4,-53,7.5127322e+18,0.000000
9,-5,-25,7.498073e+18,0.000000
6,-5,-38,7.4923672e+18,0.000000
10,2,-32,7.3729853e+18,0.000000
5,3,-48,7.3345494e+18,0.000000
7,5,-19,7.3142524e+18,0.000000
6,-6,-34,7.2490074e+18,0.000000
6,-4,-51,7.1872722e+18,0.000000
6,-4,-52,7.1853989e+18,0.000000
7,4,-27,7.1008325e+18,0.000000
10,-2,-33,7.0732638e+18,0.000000
6,4,-34,7.0583427e+18,0.000000
7,-6,-24,7.0528402e+18,0.000000
7,-2,-43,7.0391275e+18,0.000000
10,3,-10,6.9903283e+18,0.000000
5,-4,-54,6.9786212e+18,0.000000
5,-4,-55,6.9538403e+18,0.000000
10,1,48,6.8935918e+18,0.000000
10,-4,-16,6.7949157e+18,0.000000
8,-5,-22,6.7912556e+18,0.000000
9,-1,-47,6.7656384e+18,0.000000
10,1,44,6.6916955e+18,0.000000
7,-5,-34,6.6721933e+18,0.000000
10,0,-43,6.6635173e+18,0.000000
10,0,43,6.6635173e+18,0.000000
7,-4,-41,6.6296129e+18,0.000000
5,5,-23,6.5802741e+18,0.000000
10,-2,-49,6.4804901e+18,0.000000
10,3,-14,6.4694489e+18,0.000000
5,-4,-47,6.4501568e+18,0.000000
5,4,-31,6.4236507e+18,0.000000
5,-5,-47,6.4003722e+18,0.000000
6,3,-43,6.3979771e+18,0.000000
9,-4,-28,6.3309479e+18,0.000000
6,5,-15,6.2746443e+18,0.000000
7,3,-42,6.2655048e+18,0.000000
5,-4,-53,6.1527209e+18,0.000000
8,3,-32,6.1405472e+18,0.000000
10,-1,39,6.0866487e+18,0.000000
8,1,-51,5.9444087e+18,0.000000
10,0,-44,5.9167579e+18,0.000000
10,0,44,5.9167579e+18,0.000000
7,2,-50,5.9000236e+18,0.000000
8,-6,-25,5.8956416e+18,0.000000
9,-3,-28,5.8937174e+18,0.000000
5,-4,-52,5.8835147e+18,0.000000
5,-4,-48,5.8672145e+18,0.000000
8,-2,-2,5.8516844e+18,0.000000
7,-7,-18,5.8419221e+18,0.000000
7,-2,-44,5.8397596e+18,0.000000
5,-4,-50,5.8209239e+18,0.000000
10,1,-37,5.7770473e+18,0.000000
10,-10,-9,5.773665e+18,0.000000
10,2,-4,5.7391492e+18,0.000000
8,-2,-41,5.7376453e+18,0.000000
5,-4,-51,5.7196538e+18,0.000000
5,-4,-49,5.6860223e+18,0.000000
10,-4,-7,5.6505824e+18,0.000000
10,-1,-19,5.6376739e+18,0.000000
8,-3,-43,5.6220069e+18,0.000000
9,3,-26,5.5653996e+18,0.000000
8,4,-28,5.5501548e+18,0.000000
10,-3,-2,5.5040233e+18,0.000000
7,-5,-35,5.4566083e+18,0.000000
9,-9,-9,5.4505822e+18,0.000000
8,-4,-41,5.3218129e+18,0.000000
4,3,-47,5.3019535e+18,0.000000
10,4,-10,5.2284108e+18,0.000000
8,-2,-49,5.1477679e+18,0.000000
10,0,-45,5.1287446e+18,0.000000
10,0,45,5.1287446e+18,0.000000
10,3,-15,5.0958626e+18,0.000000
6,6,-16,5.074028e+18,0.000000
6,-5,-39,4.9156558e+18,0.000000
9,1,-50,4.8438769e+18,0.000000
10,1,45,4.7817976e+18,0.000000
7,-2,-45,4.7615271e+18,0.000000
10,2,-33,4.7459087e+18,0.000000
10,4,-9,4.7389009e+18,0.000000
10,9,-6,4.716456e+18,0.000000
10,-2,-34,4.6484626e+18,0.000000
7,-6,-7,4.6295186e+18,0.000000
9,-2,-35,4.6038931e+18,0.000000
10,3,-9,4.579944e+18,0.000000
4,4,-36,4.5730881e+18,0.000000
5,3,-49,4.549246e+18,0.000000
9,2,-34,4.5354451e+18,0.000000
10,10,-5,4.5256509e+18,0.000000
7,2,-51,4.4426657e+18,0.000000
8,8,-8,4.4332086e+18,0.000000
7,-5,-36,4.3974996e+18,0.000000
10,0,-46,4.386526e+18,0.000000
10,0,46,4.386526e+18,0.000000
8,3,-33,4.3748998e+18,0.000000
7,-6,-25,4.3595411e+18,0.000000
9,-4,-29,4.3182891e+18,0.000000
8,-4,-54,4.3110962e+18,0.000000
9,-5,-26,4.2992659e+18,0.000000
8,-1,-52,4.2832411e+18,0.000000
10,4,-11,4.1859456e+18,0.000000
10,1,-38,4.1637465e+18,0.000000
7,4,-28,4.1387669e+18,0.000000
6,-6,-35,4.1293314e+18,0.000000
7,3,-43,4.0083463e+18,0.000000
5,-5,-48,3.9554703e+18,0.000000
10,9,-4,3.9305903e+18,0.000000
8,2,-3,3.9270642e+18,0.000000
6,3,-44,3.9226383e+18,0.000000
8,-3,-44,3.8626414e+18,0.000000
10,0,-47,3.8515162e+18,0.000000
10,0,47,3.8515162e+18,0.000000
7,-2,-46,3.8267352e+18,0.000000
6,5,-16,3.8221099e+18,0.000000
9,-4,-4,3.817863e+18,0.000000
8,-4,-42,3.8073233e+18,0.000000
5,5,-24,3.800189e+18,0.000000
10,3,-16,3.7930977e+18,0.000000
9,-1,-49,3.7840724e+18,0.000000
8,-6,-26,3.78056e+18,0.000000
10,-6,-53,3.7374786e+18,0.000000
10,1,46,3.7368264e+18,0.000000
6,4,-35,3.7232207e+18,0.000000
10,-1,40,3.5990201e+18,0.000000
10,-1,-48,3.5318651e+18,0.000000
7,-4,-42,3.5190056e+18,0.000000
7,5,-20,3.5083693e+18,0.000000
7,-5,-37,3.4902769e+18,0.000000
7,-7,-19,3.4204612e+18,0.000000
8,2,-41,3.3913463e+18,0.000000
8,-5,-23,3.3826435e+18,0.000000
8,4,-29,3.3721545e+18,0.000000
7,2,-52,3.3181749e+18,0.000000
5,4,-32,3.3151047e+18,0.000000
8,-4,-50,3.3047969e+18,0.000000
10,10,-7,3.2595466e+18,0.000000
6,-5,-40,3.220129e+18,0.000000
10,1,47,3.1681865e+18,0.000000
8,1,-52,3.1639885e+18,0.000000
8,7,-7,3.1374201e+18,0.000000
10,-1,-20,3.1183436e+18,0.000000
4,3,-48,3.0985755e+18,0.000000
8,3,-34,3.0884704e+18,0.000000
10,0,-48,3.078957e+18,0.000000
10,0,48,3.078957e+18,0.000000
10,2,-34,3.0538974e+18,0.000000
7,-2,-47,3.0374191e+18,0.000000
9,1,-51,3.0372729e+18,0.000000
10,-3,-12,2.9904397e+18,0.000000
10,1,-39,2.9804938e+18,0.000000
10,-2,-35,2.9760651e+18,0.000000
10,-3,-13,2.9525284e+18,0.000000
9,-4,-30,2.9178948e+18,0.000000
9,-3,-29,2.9091251e+18,0.000000
5,3,-50,2.9069303e+18,0.000000
10,-1,-25,2.8718485e+18,0.000000
10,-1,-24,2.8030669e+18,0.000000
10,4,-12,2.8023042e+18,0.000000
10,-1,-26,2.7799161e+18,0.000000
10,-4,-17,2.7325283e+18,0.000000
7,-6,-26,2.6875979e+18,0.000000
10,3,-17,2.6836699e+18,0.000000
9,5,-11,2.6471112e+18,0.000000
8,-3,-45,2.6426895e+18,0.000000
10,-3,-11,2.6381863e+18,0.000000
6,6,-17,2.6379008e+18,0.000000
10,-3,-14,2.6312719e+18,0.000000
6,6,-8,2.6137453e+18,0.000000
9,5,-12,2.601903e+18,0.000000
7,-5,-38,2.5943041e+18,0.000000
10,-9,-8,2.5909506e+18,0.000000
10,-1,-23,2.5862278e+18,0.000000
10,-1,-27,2.5620964e+18,0.000000
7,3,-44,2.5403851e+18,0.000000
10,0,-49,2.5159532e+18,0.000000
10,0,49,2.5159532e+18,0.000000
5,-5,-49,2.5052501e+18,0.000000
9,-2,-36,2.502883e+18,0.000000
9,2,-35,2.4798451e+18,0.000000
7,2,-53,2.4570374e+18,0.000000
9,-5,-27,2.4235744e+18,0.000000
8,-6,-27,2.4166819e+18,0.000000
9,8,-7,2.4108006e+18,0.000000
7,4,-29,2.3983606e+18,0.000000
6,3,-45,2.3973457e+18,0.000000
10,1,49,2.3881567e+18,0.000000
7,-2,-48,2.3847818e+18,0.000000
8,-6,-53,2.3647427e+18,0.000000
6,-6,-36,2.3623692e+18,0.000000
8,-1,-53,2.3615942e+18,0.000000
6,5,-17,2.35493e+18,0.000000
4,4,-37,2.3394963e+18,0.000000
10,-1,-22,2.3313658e+18,0.000000
10,-1,-21,2.3237549e+18,0.000000
9,3,-27,2.3125318e+18,0.000000
10,-1,-28,2.2652893e+18,0.000000
9,9,-8,2.225217e+18,0.000000
5,5,-25,2.20329e+18,0.000000
10,-4,-54,2.1788837e+18,0.000000
9,5,-13,2.1782459e+18,0.000000
10,-3,-15,2.1632985e+18,0.000000
8,3,-35,2.1615819e+18,0.000000
10,0,-50,2.1504016e+18,0.000000
10,0,50,2.1504016e+18,0.000000
10,-1,41,2.1229375e+18,0.000000
10,8,-7,2.1211056e+18,0.000000
10,1,-40,2.1113179e+18,0.000000
6,-5,-41,2.1060615e+18,0.000000
10,1,50,2.1014886e+18,0.000000
8,-2,-42,2.0960096e+18,0.000000
9,1,-52,2.083513e+18,0.000000
8,4,-30,2.0335985e+18,0.000000
9,-3,-30,1.9995658e+18,0.000000
7,-7,-20,1.9631181e+18,0.000000
9,-4,-31,1.9575325e+18,0.000000
6,4,-36,1.9541413e+18,0.000000
10,-1,-29,1.9350934e+18,0.000000
7,-5,-39,1.927503e+18,0.000000
5,3,-51,1.9227977e+18,0.000000
10,-6,-41,1.9203993e+18,0.000000
10,-2,-36,1.919957e+18,0.000000
9,5,-10,1.917668e+18,0.000000
10,2,-35,1.9153054e+18,0.000000
9,-1,-50,1.9033846e+18,0.000000
10,-3,-10,1.9017054e+18,0.000000
7,-2,-49,1.8546404e+18,0.000000
10,1,51,1.8518399e+18,0.000000
9,-3,-31,1.8444621e+18,0.000000
7,-4,-43,1.8327788e+18,0.000000
10,3,-8,1.8272657e+18,0.000000
4,3,-49,1.8234584e+18,0.000000
9,-3,-32,1.8232274e+18,0.000000
10,3,-18,1.8111189e+18,0.000000
8,-6,-41,1.8039295e+18,0.000000
7,2,-54,1.8035873e+18,0.000000
9,-3,-33,1.8034854e+18,0.000000
8,-3,-46,1.8020757e+18,0.000000
10,4,-8,1.7986134e+18,0.000000
9,4,-14,1.7919098e+18,0.000000
8,-4,-43,1.7855872e+18,0.000000
8,-2,-50,1.7762257e+18,0.000000
9,4,-15,1.7536619e+18,0.000000
10,-4,-22,1.7323536e+18,0.000000
8,1,-53,1.7225024e+18,0.000000
5,-5,-50,1.7131781e+18,0.000000
5,4,-33,1.6990583e+18,0.000000
10,0,-51,1.6874457e+18,0.000000
10,0,51,1.6874457e+18,0.000000
9,1,-2,1.6763652e+18,0.000000
10,-4,-23,1.6736975e+18,0.000000
9,4,-13,1.6656993e+18,0.000000
10,-3,-16,1.6640686e+18,0.000000
9,5,-14,1.6619273e+18,0.000000
9,-3,-34,1.6613229e+18,0.000000
7,-6,-27,1.6532106e+18,0.000000
10,4,-13,1.6511673e+18,0.000000
10,-4,-21,1.6444662e+18,0.000000
7,5,-21,1.6442242e+18,0.000000
8,-5,-24,1.6426489e+18,0.000000
10,1,52,1.6218724e+18,0.000000
8,-2,-48,1.6217207e+18,0.000000
10,-2,-4,1.6151881e+18,0.000000
7,3,-45,1.6104661e+18,0.000000
10,-1,-30,1.6050312e+18,0.000000
9,4,-7,1.6023059e+18,0.000000
9,4,-16,1.5980848e+18,0.000000
10,-4,-50,1.5652307e+18,0.000000
8,-2,-47,1.5429474e+18,0.000000
8,-6,-28,1.5364267e+18,0.000000
10,-4,-24,1.5123644e+18,0.000000
9,-3,-35,1.5052292e+18,0.000000
8,3,-36,1.5029165e+18,0.000000
10,1,-41,1.4907955e+18,0.000000
8,-1,-54,1.4757082e+18,0.000000
7,-4,-44,1.4674617e+18,0.000000
6,5,-18,1.4652479e+18,0.000000
6,3,-46,1.4609786e+18,0.000000
7,-2,-50,1.4292431e+18,0.000000
10,-4,-20,1.4181291e+18,0.000000
10,1,53,1.4098205e+18,0.000000
9,-3,-36,1.4081254e+18,0.000000
9,-8,-8,1.4047052e+18,0.000000
7,-5,-40,1.3996336e+18,0.000000
8,-2,-51,1.3880561e+18,0.000000
7,4,-30,1.3824912e+18,0.000000
6,6,-18,1.3788736e+18,0.000000
9,4,-17,1.3768598e+18,0.000000
6,-5,-42,1.3754624e+18,0.000000
9,4,-12,1.3591821e+18,0.000000
6,-6,-37,1.358334e+18,0.000000
10,0,-52,1.3522765e+18,0.000000
10,0,52,1.3522765e+18,0.000000
9,-5,-28,1.3497818e+18,0.000000
10,-4,-18,1.3480287e+18,0.000000
8,-2,-46,1.340595e+18,0.000000
9,-2,-37,1.3246476e+18,0.000000
9,2,-36,1.3209593e+18,0.000000
5,3,-52,1.3178271e+18,0.000000
7,2,-55,1.3121048e+18,0.000000
9,-4,-32,1.3019978e+18,0.000000
10,-1,-31,1.299037e+18,0.000000
10,-4,-25,1.2949628e+18,0.000000
5,5,-26,1.281016e+18,0.000000
10,-1,42,1.2658396e+18,0.000000
9,7,-7,1.2644969e+18,0.000000
4,4,-38,1.2259842e+18,0.000000
8,4,-31,1.2222588e+18,0.000000
10,1,54,1.2191359e+18,0.000000
8,-3,-47,1.2162593e+18,0.000000
8,-2,-52,1.2128175e+18,0.000000
10,2,-36,1.2109735e+18,0.000000
10,-3,-17,1.2089293e+18,0.000000
8,2,-42,1.2026987e+18,0.000000
10,-2,-37,1.1996275e+18,0.000000
9,5,-15,1.192701e+18,0.000000
10,-4,-19,1.1877533e+18,0.000000
10,7,-6,1.1873885e+18,0.000000
9,4,-8,1.185305e+18,0.000000
9,1,-53,1.1820486e+18,0.000000
9,-1,-51,1.1777017e+18,0.000000
10,3,-19,1.1680134e+18,0.000000
8,2,-49,1.1490759e+18,0.000000
8,-1,-55,1.1483325e+18,0.000000
9,4,-18,1.1331998e+18,0.000000
8,-4,-44,1.1185659e+18,0.000000
8,5,-9,1.1161997e+18,0.000000
7,-7,-21,1.1083849e+18,0.000000
9,3,-3,1.1046986e+18,0.000000
7,-5,-42,1.1001135e+18,0.000000
10,0,-53,1.1000992e+18,0.000000
10,0,53,1.1000992e+18,0.000000
7,-2,-51,1.0907501e+18,0.000000
4,3,-50,1.0832281e+18,0.000000
8,1,-54,1.0782476e+18,0.000000
5,-5,-51,1.0760457e+18,0.000000
9,-3,-37,1.0733178e+18,0.000000
8,5,-10,1.0715472e+18,0.000000
10,-4,-26,1.065824e+18,0.000000
8,-2,-45,1.0560097e+18,0.000000
10,1,55,1.0514273e+18,0.000000
9,-5,-46,1.047262e+18,0.000000
8,-2,-53,1.0447345e+18,0.000000
10,1,-42,1.039581e+18,0.000000
8,3,-37,1.0379539e+18,0.000000
10,-1,-32,1.02867e+18,0.000000
7,-5,-41,1.0274358e+18,0.000000
6,4,-37,1.0195333e+18,0.000000
7,-6,-28,1.0154091e+18,0.000000
10,-4,-44,1.0140177e+18,0.000000
8,-4,-55,1.0119457e+18,0.000000
7,3,-46,1.0107425e+18,0.000000
10,-4,-38,1.0000402e+18,0.000000
10,-3,-9,9.8064225e+17,0.000000
10,0,-54,9.7928912e+17,0.000000
10,0,54,9.7928912e+17,0.000000
8,-6,-29,9.7683403e+17,0.000000
9,3,-28,9.6481473e+17,0.000000
9,-3,-39,9.444424e+17,0.000000
5,3,-53,9.3275649e+17,0.000000
9,4,-11,9.3144993e+17,0.000000
6,5,-19,9.1866663e+17,0.000000
10,3,-6,9.1800912e+17,0.000000
6,-5,-43,9.0672591e+17,0.000000
9,4,-19,8.9753993e+17,0.000000
8,-2,-3,8.9712084e+17,0.000000
8,-2,-54,8.9138162e+17,0.000000
8,-2,-43,8.8928568e+17,0.000000
6,3,-47,8.8863311e+17,0.000000
10,4,-14,8.7275613e+17,0.000000
8,5,-11,8.6366209e+17,0.000000
5,4,-34,8.6362746e+17,0.000000
9,-4,-33,8.6165291e+17,0.000000
7,-5,-46,8.5999278e+17,0.000000
8,2,-48,8.5659325e+17,0.000000
9,-3,-38,8.5614806e+17,0.000000
8,2,-50,8.5254171e+17,0.000000
9,5,-8,8.5035759e+17,0.000000
10,-4,-27,8.4583324e+17,0.000000
10,-3,-18,8.346297e+17,0.000000
7,-2,-52,8.2589397e+17,0.000000
8,2,-47,8.2152942e+17,0.000000
9,5,-16,8.1866395e+17,0.000000
8,-3,-48,8.1844539e+17,0.000000
10,-2,-38,8.1525057e+17,0.000000
8,1,-55,8.1217924e+17,0.000000
10,-1,-33,7.9995446e+17,0.000000
8,-5,-25,7.9441233e+17,0.000000
7,4,-31,7.9268892e+17,0.000000
7,5,-6,7.9139523e+17,0.000000
10,-6,-6,7.8893258e+17,0.000000
8,-2,-44,7.8665735e+17,0.000000
10,-1,43,7.8091121e+17,0.000000
6,-6,-38,7.7816513e+17,0.000000
7,5,-22,7.5004971e+17,0.000000
5,5,-27,7.4646892e+17,0.000000
5,-5,-52,7.4079931e+17,0.000000
10,2,-37,7.3983477e+17,0.000000
9,-1,-52,7.3513509e+17,0.000000
9,-5,-29,7.3373406e+17,0.000000
8,-2,-55,7.3096203e+17,0.000000
8,5,-8,7.3016535e+17,0.000000
8,4,-32,7.2884165e+17,0.000000
10,0,-55,7.2631527e+17,0.000000
10,0,55,7.2631527e+17,0.000000
8,2,-46,7.2551051e+17,0.000000
6,6,-19,7.2371589e+17,0.000000
10,1,-43,7.2342978e+17,0.000000
10,3,-20,7.2023134e+17,0.000000
9,1,-54,7.1990557e+17,0.000000
7,3,-4,7.1933527e+17,0.000000
8,3,-38,7.1336871e+17,0.000000
8,2,-51,6.9569228e+17,0.000000
9,4,-4,6.9343759e+17,0.000000
9,4,-20,6.8790787e+17,0.000000
9,2,-37,6.8493077e+17,0.000000
9,-2,-38,6.807808e+17,0.000000
5,3,-54,6.7825231e+17,0.000000
4,4,-39,6.6666763e+17,0.000000
10,-4,-28,6.5662494e+17,0.000000
4,3,-51,6.5146273e+17,0.000000
8,-3,-49,6.3920794e+17,0.000000
7,3,-47,6.3684502e+17,0.000000
8,5,-12,6.3366555e+17,0.000000
7,-6,-29,6.226387e+17,0.000000
7,-2,-53,6.1988512e+17,0.000000
7,-7,-22,6.1715409e+17,0.000000
8,-6,-30,6.1639469e+17,0.000000
9,-5,-42,6.1387269e+17,0.000000
10,-1,-34,6.1168673e+17,0.000000
8,2,-52,6.0054497e+17,0.000000
10,4,-7,5.9457952e+17,0.000000
8,-4,-45,5.9060702e+17,0.000000
6,-5,-44,5.8399713e+17,0.000000
9,4,-9,5.8214122e+17,0.000000
6,5,-20,5.7905757e+17,0.000000
8,2,-45,5.7798527e+17,0.000000
9,4,-10,5.6768601e+17,0.000000
9,-4,-34,5.6468589e+17,0.000000
10,-3,-19,5.4967973e+17,0.000000
7,-5,-43,5.4840206e+17,0.000000
9,5,-17,5.4258909e+17,0.000000
6,3,-48,5.4044454e+17,0.000000
5,-5,-53,5.3573971e+17,0.000000
9,-3,-40,5.3390837e+17,0.000000
6,4,-38,5.2808793e+17,0.000000
9,4,-21,5.1243267e+17,0.000000
10,-1,44,5.1173951e+17,0.000000
8,2,-53,5.1015131e+17,0.000000
5,3,-55,5.0162567e+17,0.000000
10,1,-44,4.9952543e+17,0.000000
10,-4,-29,4.9434358e+17,0.000000
8,2,-44,4.9179547e+17,0.000000
8,2,-43,4.9147731e+17,0.000000
8,3,-39,4.877146e+17,0.000000
7,-4,-45,4.8684858e+17,0.000000
10,-2,-50,4.8430887e+17,0.000000
10,1,0,4.8380975e+17,0.000000
10,2,-49,4.746467e+17,0.000000
9,-1,-53,4.6967757e+17,0.000000
9,5,-9,4.6838911e+17,0.000000
9,3,-29,4.6563743e+17,0.000000
10,-2,-39,4.6143853e+17,0.000000
10,-1,-35,4.613829e+17,0.000000
7,-2,-54,4.6110092e+17,0.000000
10,2,-38,4.5987785e+17,0.000000
7,4,-32,4.5218523e+17,0.000000
6,-6,-41,4.4964835e+17,0.000000
6,-6,-39,4.4905856e+17,0.000000
5,-5,-54,4.4473837e+17,0.000000
8,-4,-46,4.3734563e+17,0.000000
8,5,-13,4.3707976e+17,0.000000
5,5,-28,4.3572675e+17,0.000000
5,4,-35,4.3461588e+17,0.000000
8,4,-33,4.342933e+17,0.000000
9,1,-55,4.2637967e+17,0.000000
8,2,-54,4.2546629e+17,0.000000
10,3,-21,4.243775e+17,0.000000
9,-3,-41,4.2096596e+17,0.000000
9,-5,-53,4.195076e+17,0.000000
10,4,-15,4.1700867e+17,0.000000
8,-5,-26,4.0141991e+17,0.000000
7,3,-48,3.9807264e+17,0.000000
4,3,-52,3.9791956e+17,0.000000
9,-5,-30,3.9541196e+17,0.000000
8,-6,-31,3.9113205e+17,0.000000
6,-5,-45,3.9111571e+17,0.000000
9,-3,-42,3.8906383e+17,0.000000
6,-6,-53,3.8429806e+17,0.000000
4,4,-40,3.8264574e+17,0.000000
7,-6,-30,3.8152979e+17,0.000000
6,6,-20,3.8091796e+17,0.000000
9,4,-22,3.7232749e+17,0.000000
10,-4,-30,3.6955183e+17,0.000000
9,-4,-35,3.6906767e+17,0.000000
6,5,-21,3.66173e+17,0.000000
8,-3,-50,3.6482659e+17,0.000000
10,-1,45,3.6362263e+17,0.000000
9,6,-6,3.605148e+17,0.000000
5,-5,-55,3.5850097e+17,0.000000
10,-6,-42,3.5412462e+17,0.000000
9,5,-18,3.4925464e+17,0.000000
7,-5,-44,3.4832135e+17,0.000000
8,6,-9,3.4659293e+17,0.000000
8,2,-55,3.4646085e+17,0.000000
10,-3,-20,3.460089e+17,0.000000
9,2,-38,3.4443885e+17,0.000000
10,1,-45,3.4418429e+17,0.000000
10,-1,-36,3.4328384e+17,0.000000
9,-2,-39,3.4126059e+17,0.000000
7,-2,-55,3.398503e+17,0.000000
7,-7,-23,3.3960679e+17,0.000000
10,-4,-55,3.3505941e+17,0.000000
9,-3,-3,3.3407042e+17,0.000000
8,3,-40,3.3217393e+17,0.000000
7,5,-23,3.3168268e+17,0.000000
6,3,-49,3.2980286e+17,0.000000
9,-4,-54,3.2563971e+17,0.000000
10,-8,-8,3.1542257e+17,0.000000
9,3,-30,3.1012347e+17,0.000000
8,-4,-47,3.0519607e+17,0.000000
10,3,-7,2.9947963e+17,0.000000
9,-1,-54,2.9454698e+17,0.000000
6,-6,-40,2.9033865e+17,0.000000
7,-4,-54,2.9011652e+17,0.000000
8,5,-14,2.8780609e+17,0.000000
10,-2,-40,2.8726035e+17,0.000000
10,-1,46,2.8091777e+17,0.000000
9,3,-31,2.7522742e+17,0.000000
10,2,-39,2.7244752e+17,0.000000
6,4,-39,2.7143994e+17,0.000000
10,9,-7,2.673871e+17,0.000000
10,-4,-31,2.6717826e+17,0.000000
7,-4,-46,2.6524036e+17,0.000000
9,4,-23,2.6469344e+17,0.000000
9,-3,-44,2.6310485e+17,0.000000
9,3,-32,2.6191567e+17,0.000000
10,-4,-42,2.5760617e+17,0.000000
7,4,-33,2.5647112e+17,0.000000
8,4,-34,2.5632873e+17,0.000000
5,5,-29,2.5473505e+17,0.000000
10,-3,-8,2.5356181e+17,0.000000
10,-1,-37,2.5276502e+17,0.000000
7,3,-49,2.508032e+17,0.000000
9,3,-33,2.5012263e+17,0.000000
4,3,-53,2.4773753e+17,0.000000
9,-3,-43,2.459604e+17,0.000000
6,-5,-46,2.4578411e+17,0.000000
8,-6,-32,2.4467316e+17,0.000000
8,-6,-42,2.4339588e+17,0.000000
10,-5,-14,2.4115571e+17,0.000000
8,-3,-51,2.408884e+17,0.000000
9,-5,-47,2.4018039e+17,0.000000
9,-7,-14,2.3920582e+17,0.000000
8,-5,-7,2.3914408e+17,0.000000
9,-4,-36,2.391214e+17,0.000000
10,3,-22,2.3857694e+17,0.000000
9,-7,-13,2.3803026e+17,0.000000
4,4,-41,2.3586678e+17,0.000000
7,7,-8,2.3510971e+17,0.000000
10,1,-46,2.3485035e+17,0.000000
7,-6,-31,2.3339317e+17,0.000000
6,5,-22,2.3188503e+17,0.000000
10,-1,47,2.3176598e+17,0.000000
10,-5,-15,2.3046282e+17,0.000000
8,-5,-27,2.2920321e+17,0.000000
8,3,-41,2.2516213e+17,0.000000
10,-5,-13,2.2478694e+17,0.000000
9,-5,-55,2.241534e+17,0.000000
9,3,-34,2.2289671e+17,0.000000
9,5,-19,2.191416e+17,0.000000
10,-6,-45,2.1666155e+17,0.000000
5,4,-36,2.1608406e+17,0.000000
7,-5,-47,2.1131911e+17,0.000000
9,-5,-50,2.111391e+17,0.000000
10,-3,-21,2.0822346e+17,0.000000
9,-7,-15,2.0587921e+17,0.000000
9,-5,-31,2.0424165e+17,0.000000
6,3,-50,2.0304278e+17,0.000000
10,-5,-16,2.0228168e+17,0.000000
6,6,-21,2.0083021e+17,0.000000
10,10,-8,2.004482e+17,0.000000
10,-1,48,1.990465e+17,0.000000
9,3,-35,1.9558621e+17,0.000000
10,-4,-32,1.9544083e+17,0.000000
8,-5,-45,1.9251117e+17,0.000000
10,-6,-12,1.9034186e+17,0.000000
10,-2,-42,1.8676593e+17,0.000000
7,-7,-24,1.8482395e+17,0.000000
9,4,-24,1.8459476e+17,0.000000
10,-1,-38,1.8400621e+17,0.000000
10,4,-16,1.8373673e+17,0.000000
8,5,-15,1.8235225e+17,0.000000
9,-7,-12,1.7745011e+17,0.000000
10,-1,-3,1.7725643e+17,0.000000
10,-5,-12,1.7724344e+17,0.000000
10,-1,49,1.7436017e+17,0.000000
7,-5,-53,1.7263679e+17,0.000000
9,-1,-55,1.7030511e+17,0.000000
9,-2,-40,1.6998017e+17,0.000000
9,2,-39,1.6898114e+17,0.000000
10,-6,-11,1.6881062e+17,0.000000
10,-2,-41,1.6728099e+17,0.000000
10,-5,-17,1.6629559e+17,0.000000
10,2,-40,1.6616637e+17,0.000000
6,-5,-47,1.6237508e+17,0.000000
7,3,-50,1.6168374e+17,0.000000
8,-3,-52,1.6144257e+17,0.000000
9,-7,-16,1.6088936e+17,0.000000
7,-4,-47,1.6053054e+17,0.000000
9,3,-36,1.6005968e+17,0.000000
10,1,-47,1.5981669e+17,0.000000
4,3,-54,1.5800493e+17,0.000000
4,4,-42,1.5791777e+17,0.000000
10,-6,-13,1.5757111e+17,0.000000
8,-5,-28,1.5704718e+17,0.000000
8,-6,-33,1.555831e+17,0.000000
9,-3,-54,1.5496133e+17,0.000000
8,-6,-7,1.5421077e+17,0.000000
9,-4,-37,1.539907e+17,0.000000
10,2,-50,1.5334716e+17,0.000000
10,-1,50,1.5332389e+17,0.000000
8,3,-42,1.5210102e+17,0.000000
8,4,-35,1.515602e+17,0.000000
5,5,-30,1.4911329e+17,0.000000
7,-5,-55,1.4819607e+17,0.000000
7,-6,-8,1.4782884e+17,0.000000
9,-3,-45,1.4714912e+17,0.000000
6,5,-23,1.4685686e+17,0.000000
9,-1,-2,1.4497935e+17,0.000000
7,4,-34,1.4463511e+17,0.000000
7,-6,-32,1.4274743e+17,0.000000
7,5,-24,1.4146935e+17,0.000000
7,-5,-50,1.4087849e+17,0.000000
6,4,-40,1.3814535e+17,0.000000
10,-4,-36,1.3771159e+17,0.000000
10,-4,-33,1.3606994e+17,0.000000
7,-5,-54,1.3495486e+17,0.000000
10,-1,51,1.3442882e+17,0.000000
9,5,-20,1.3437814e+17,0.000000
10,-1,-39,1.3300152e+17,0.000000
9,3,-37,1.3142482e+17,0.000000
10,-5,-18,1.2976354e+17,0.000000
10,3,-23,1.2769139e+17,0.000000
6,3,-51,1.2711615e+17,0.000000
9,4,-25,1.2659897e+17,0.000000
8,-4,-48,1.2593746e+17,0.000000
8,-5,-29,1.2580664e+17,0.000000
6,-6,-42,1.2517547e+17,0.000000
10,-3,-22,1.1965787e+17,0.000000
8,-6,-40,1.1803926e+17,0.000000
9,-7,-17,1.1776871e+17,0.000000
10,-1,52,1.1729643e+17,0.000000
7,-4,-48,1.1509495e+17,0.000000
4,4,-43,1.1483024e+17,0.000000
10,2,-44,1.134913e+17,0.000000
8,5,-16,1.1162936e+17,0.000000
9,-6,-15,1.1115883e+17,0.000000
8,-4,-51,1.1058079e+17,0.000000
9,-6,-16,1.0968622e+17,0.000000
8,-5,-30,1.0955709e+17,0.000000
10,1,-48,1.0928903e+17,0.000000
10,-6,-14,1.0899998e+17,0.000000
8,-8,-9,1.0821128e+17,0.000000
10,-5,-11,1.0706454e+17,0.000000
9,-3,-49,1.0694716e+17,0.000000
6,6,-22,1.0597679e+17,0.000000
9,-4,-38,1.0595547e+17,0.000000
5,4,-37,1.0585988e+17,0.000000
9,-5,-32,1.0584134e+17,0.000000
10,-6,-49,1.0496078e+17,0.000000
4,3,-55,1.040677e+17,0.000000
8,-3,-53,1.0402268e+17,0.000000
7,3,-51,1.0392572e+17,0.000000
6,-5,-48,1.032976e+17,0.000000
10,-3,-6,1.0280544e+17,0.000000
8,3,-43,1.0233023e+17,0.000000
9,3,-38,1.0188073e+17,0.000000
10,-1,53,1.0139865e+17,0.000000
9,-6,-14,1.0012228e+17,0.000000
9,-6,-17,9.9750073e+16,0.000000
7,-7,-25,9.9635323e+16,0.000000
10,-4,-34,9.8800717e+16,0.000000
9,-3,-46,9.8542038e+16,0.000000
7,-5,-48,9.7735469e+16,0.000000
9,-5,-54,9.7248875e+16,0.000000
10,-5,-19,9.701687e+16,0.000000
8,-5,-31,9.6746518e+16,0.000000
8,-6,-34,9.6130377e+16,0.000000
7,-4,-49,9.5240791e+16,0.000000
10,-1,-40,9.5029144e+16,0.000000
10,2,-41,9.4476323e+16,0.000000
7,-4,-50,9.3140308e+16,0.000000
6,5,-24,9.2923291e+16,0.000000
8,6,-13,9.2035928e+16,0.000000
8,6,-12,9.1255759e+16,0.000000
4,4,-44,8.9579664e+16,0.000000
10,-6,-43,8.9339243e+16,0.000000
10,-6,-40,8.911286e+16,0.000000
9,-2,-41,8.8893503e+16,0.000000
7,6,-11,8.8782395e+16,0.000000
8,4,-36,8.8460934e+16,0.000000
7,6,-10,8.7557615e+16,0.000000
5,5,-31,8.7408947e+16,0.000000
10,-1,54,8.7290799e+16,0.000000
7,-6,-33,8.7130191e+16,0.000000
9,-3,-52,8.6822365e+16,0.000000
9,-5,-37,8.617595e+16,0.000000
9,-3,-50,8.6094143e+16,0.000000
9,4,-26,8.5541772e+16,0.000000
9,-6,-18,8.5478844e+16,0.000000
8,-5,-32,8.475098e+16,0.000000
10,-5,-45,8.4580224e+16,0.000000
10,0,-1,8.4004172e+16,0.000000
10,0,1,8.4004172e+16,0.000000
9,-7,-40,8.3554765e+16,0.000000
10,1,-49,8.2859199e+16,0.000000
7,-4,-51,8.237163e+16,0.000000
9,-7,-18,8.2265148e+16,0.000000
8,-3,-55,8.2252044e+16,0.000000
10,4,-17,8.2237021e+16,0.000000
9,2,-40,8.2111232e+16,0.000000
6,3,-52,8.1785266e+16,0.000000
7,4,-35,8.0988535e+16,0.000000
9,5,-21,8.067062e+16,0.000000
8,-4,-49,7.9865654e+16,0.000000
9,3,-39,7.9664418e+16,0.000000
8,6,-14,7.6944418e+16,0.000000
9,-6,-13,7.5077395e+16,0.000000
10,-1,55,7.4863343e+16,0.000000
8,-4,-53,7.3793873e+16,0.000000
4,4,-45,7.369472e+16,0.000000
8,-3,-54,7.3616774e+16,0.000000
7,6,-12,7.2741945e+16,0.000000
10,2,-42,7.2400101e+16,0.000000
8,-5,-33,7.2186957e+16,0.000000
7,-4,-52,7.1913633e+16,0.000000
10,-6,-10,7.0429627e+16,0.000000
7,3,-52,7.033034e+16,0.000000
9,-6,-19,7.003105e+16,0.000000
10,-5,-20,6.9972029e+16,0.000000
6,4,-41,6.9819132e+16,0.000000
9,-3,-47,6.9169553e+16,0.000000
8,3,-44,6.8585861e+16,0.000000
10,-2,-43,6.8278342e+16,0.000000
10,-1,-41,6.7580953e+16,0.000000
6,-5,-49,6.7482725e+16,0.000000
10,-6,-15,6.6369629e+16,0.000000
8,5,-17,6.6152587e+16,0.000000
10,-4,-35,6.6105726e+16,0.000000
6,-6,-43,6.5795224e+16,0.000000
10,-3,-23,6.5516477e+16,0.000000
7,-4,-53,6.5421562e+16,0.000000
10,3,-24,6.5016862e+16,0.000000
8,-6,-45,6.3257261e+16,0.000000
4,4,-46,6.281995e+16,0.000000
9,-7,-11,6.2474474e+16,0.000000
9,-4,-39,6.243575e+16,0.000000
7,-5,-49,6.2162202e+16,0.000000
8,-6,-35,6.1652153e+16,0.000000
8,-5,-34,6.0452544e+16,0.000000
9,3,-40,5.9808644e+16,0.000000
8,6,-11,5.9243814e+16,0.000000
6,5,-25,5.8712453e+16,0.000000
8,6,-15,5.8366134e+16,0.000000
7,5,-25,5.7993867e+16,0.000000
9,4,-27,5.7072659e+16,0.000000
6,6,-23,5.5939207e+16,0.000000
9,-7,-19,5.5502533e+16,0.000000
9,-6,-20,5.5403879e+16,0.000000
4,4,-47,5.4763545e+16,0.000000
6,3,-53,5.4734225e+16,0.000000
9,-2,-42,5.4162204e+16,0.000000
7,-4,-55,5.3699829e+16,0.000000
7,6,-13,5.3582085e+16,0.000000
7,-6,-34,5.3190001e+16,0.000000
7,-7,-26,5.3128479e+16,0.000000
9,-3,-48,5.2873457e+16,0.000000
8,-6,-43,5.2287199e+16,0.000000
8,-6,-37,5.2251832e+16,0.000000
8,4,-37,5.1931322e+16,0.000000
10,-6,-50,5.1431474e+16,0.000000
5,5,-32,5.1284222e+16,0.000000
5,4,-38,5.0941088e+16,0.000000
6,-6,-45,5.0218557e+16,0.000000
10,-4,-51,5.0183202e+16,0.000000
9,-5,-33,5.0130145e+16,0.000000
7,6,-9,4.955693e+16,0.000000
8,-5,-35,4.906472e+16,0.000000
10,-5,-21,4.8926302e+16,0.000000
4,4,-48,4.8377348e+16,0.000000
6,-5,-50,4.8364663e+16,0.000000
10,4,-18,4.8245222e+16,0.000000
7,3,-53,4.8216708e+16,0.000000
10,1,-50,4.8164694e+16,0.000000
10,-1,-42,4.7662277e+16,0.000000
9,5,-22,4.7484153e+16,0.000000
10,4,-21,4.733515e+16,0.000000
9,-2,-49,4.6391221e+16,0.000000
10,4,-22,4.5971224e+16,0.000000
8,3,-45,4.5959784e+16,0.000000
10,4,-20,4.5433112e+16,0.000000
9,3,-41,4.5258579e+16,0.000000
7,4,-36,4.5014367e+16,0.000000
8,-4,-52,4.3099121e+16,0.000000
4,4,-49,4.3044302e+16,0.000000
10,4,-19,4.278804e+16,0.000000
9,-6,-21,4.2630451e+16,0.000000
9,-2,-47,4.205317e+16,0.000000
8,6,-16,4.1805558e+16,0.000000
9,2,-41,4.1753393e+16,0.000000
10,4,-23,4.1622422e+16,0.000000
7,6,-7,4.0986314e+16,0.000000
9,-6,-12,4.0875541e+16,0.000000
9,-2,-43,4.0477574e+16,0.000000
8,-5,-36,3.9470021e+16,0.000000
10,-5,-10,3.9100283e+16,0.000000
9,-4,-40,3.906359e+16,0.000000
6,3,-54,3.8467918e+16,0.000000
4,4,-50,3.8439462e+16,0.000000
8,-6,-36,3.837041e+16,0.000000
8,5,-18,3.7973793e+16,0.000000
8,-6,-49,3.78044e+16,0.000000
9,4,-28,3.7632873e+16,0.000000
6,-6,-47,3.7239116e+16,0.000000
7,6,-14,3.7139733e+16,0.000000
6,5,-26,3.7031143e+16,0.000000
9,-2,-44,3.6837004e+16,0.000000
9,-7,-20,3.646608e+16,0.000000
10,-6,-16,3.6398889e+16,0.000000
9,-2,-45,3.6254153e+16,0.000000
7,-5,-51,3.616723e+16,0.000000
9,-2,-46,3.6131957e+16,0.000000
10,-2,-44,3.609765e+16,0.000000
7,3,-54,3.5796984e+16,0.000000
7,-5,-52,3.5764925e+16,0.000000
10,4,-24,3.5561976e+16,0.000000
10,-7,-7,3.5546611e+16,0.000000
6,4,-42,3.4786305e+16,0.000000
10,-4,-46,3.4563353e+16,0.000000
4,4,-51,3.437606e+16,0.000000
10,-3,-24,3.4133356e+16,0.000000
9,-2,-48,3.3859742e+16,0.000000
8,6,-10,3.3547457e+16,0.000000
10,-1,-43,3.3410789e+16,0.000000
10,-5,-22,3.329104e+16,0.000000
9,3,-42,3.3130906e+16,0.000000
9,-4,-44,3.2966319e+16,0.000000
6,-6,-44,3.2781343e+16,0.000000
7,3,-55,3.2437783e+16,0.000000
7,-6,-35,3.2372526e+16,0.000000
9,-6,-22,3.2069861e+16,0.000000
10,-4,-37,3.1874951e+16,0.000000
10,1,-51,3.1850232e+16,0.000000
10,3,-25,3.1650861e+16,0.000000
8,-5,-37,3.0870013e+16,0.000000
4,4,-52,3.0744161e+16,0.000000
9,-5,-39,3.0665281e+16,0.000000
10,2,-43,3.0511221e+16,0.000000
8,3,-46,3.0412629e+16,0.000000
9,-4,-6,3.0304363e+16,0.000000
5,5,-33,3.0124525e+16,0.000000
10,-3,-7,2.9915488e+16,0.000000
8,4,-38,2.9904609e+16,0.000000
9,-4,-42,2.9772852e+16,0.000000
6,6,-24,2.9530109e+16,0.000000
6,3,-55,2.9342731e+16,0.000000
10,-1,0,2.9151828e+16,0.000000
6,-5,-51,2.9098102e+16,0.000000
9,-2,-50,2.8980318e+16,0.000000
10,4,-25,2.8930112e+16,0.000000
8,6,-17,2.8841612e+16,0.000000
7,-7,-27,2.8093973e+16,0.000000
4,4,-53,2.7478612e+16,0.000000
9,5,-23,2.7427703e+16,0.000000
9,-7,-50,2.6541508e+16,0.000000
9,-2,-51,2.6127558e+16,0.000000
10,1,-54,2.594637e+16,0.000000
7,4,-37,2.4781732e+16,0.000000
7,6,-15,2.4777716e+16,0.000000
9,-5,-34,2.4739281e+16,0.000000
9,3,-43,2.4707101e+16,0.000000
9,-4,-41,2.4645974e+16,0.000000
9,2,-42,2.4636185e+16,0.000000
9,4,-29,2.4584479e+16,0.000000
4,4,-54,2.4564569e+16,0.000000
8,-5,-38,2.4119705e+16,0.000000
5,4,-39,2.3988668e+16,0.000000
9,-6,-23,2.3683519e+16,0.000000
10,-1,-44,2.3493259e+16,0.000000
9,-7,-21,2.3465448e+16,0.000000
6,5,-27,2.3316161e+16,0.000000
10,1,-52,2.3297207e+16,0.000000
7,7,-10,2.3229933e+16,0.000000
9,-2,-52,2.2932966e+16,0.000000
7,5,-26,2.283801e+16,0.000000
10,6,-6,2.2828646e+16,0.000000
10,4,-26,2.2680127e+16,0.000000
10,-5,-23,2.2100542e+16,0.000000
4,4,-55,2.1867989e+16,0.000000
10,-2,-45,2.1747192e+16,0.000000
10,-8,-39,2.1717376e+16,0.000000
10,-8,-42,2.1602863e+16,0.000000
9,-5,-41,2.1111115e+16,0.000000
8,5,-19,2.1110378e+16,0.000000
8,-6,-50,2.0718557e+16,0.000000
8,3,-47,2.0120245e+16,0.000000
9,-2,-53,2.0084798e+16,0.000000
9,-5,-48,1.9940213e+16,0.000000
9,-3,-51,1.9916091e+16,0.000000
7,-6,-36,1.9729388e+16,0.000000
6,-5,-52,1.9546023e+16,0.000000
8,6,-18,1.9371916e+16,0.000000
10,-2,-46,1.8726892e+16,0.000000
8,-5,-39,1.8351808e+16,0.000000
10,-6,-17,1.8176583e+16,0.000000
9,2,-43,1.8098469e+16,0.000000
9,3,-44,1.809163e+16,0.000000
8,-8,-14,1.7994886e+16,0.000000
5,5,-34,1.7711049e+16,0.000000
10,-6,-54,1.7678781e+16,0.000000
8,4,-39,1.7358388e+16,0.000000
6,4,-43,1.7276856e+16,0.000000
10,-4,-39,1.7260743e+16,0.000000
9,-2,-54,1.723393e+16,0.000000
9,-6,-24,1.7219953e+16,0.000000
10,4,-27,1.7168427e+16,0.000000
9,3,-50,1.7017542e+16,0.000000
10,-3,-25,1.6985228e+16,0.000000
10,-4,-53,1.6904994e+16,0.000000
10,-5,-5,1.6786905e+16,0.000000
9,2,-44,1.6427881e+16,0.000000
7,-7,-40,1.6261828e+16,0.000000
10,2,-45,1.6259836e+16,0.000000
9,2,-45,1.6248181e+16,0.000000
10,-1,-45,1.6125113e+16,0.000000
7,6,-16,1.6105433e+16,0.000000
9,2,-46,1.5940201e+16,0.000000
9,4,-30,1.5907641e+16,0.000000
8,-8,-15,1.5626924e+16,0.000000
6,6,-25,1.5587685e+16,0.000000
9,5,-24,1.556801e+16,0.000000
9,-7,-42,1.55369e+16,0.000000
8,-8,-13,1.5411804e+16,0.000000
9,2,-47,1.5194172e+16,0.000000
9,3,-55,1.515942e+16,0.000000
10,3,-26,1.5138231e+16,0.000000
9,-7,-22,1.4852878e+16,0.000000
9,-2,-55,1.4738946e+16,0.000000
10,-4,-40,1.4721607e+16,0.000000
6,5,-28,1.4655568e+16,0.000000
7,-7,-28,1.4651535e+16,0.000000
8,-6,-38,1.4556973e+16,0.000000
9,2,-48,1.4388259e+16,0.000000
10,-5,-24,1.4344587e+16,0.000000
9,2,-49,1.4314374e+16,0.000000
6,-6,-46,1.4095592e+16,0.000000
6,-5,-53,1.4014772e+16,0.000000
8,-5,-40,1.3941011e+16,0.000000
9,-5,-38,1.3871392e+16,0.000000
10,1,-53,1.3512279e+16,0.000000
7,4,-38,1.3504628e+16,0.000000
10,-4,-4,1.3355029e+16,0.000000
8,-6,-8,1.3234818e+16,0.000000
8,3,-48,1.3227309e+16,0.000000
8,6,-19,1.2746062e+16,0.000000
10,4,-28,1.2724202e+16,0.000000
9,3,-45,1.2556583e+16,0.000000
9,2,-50,1.240561e+16,0.000000
9,-6,-25,1.2360569e+16,0.000000
9,-7,-55,1.234621e+16,0.000000
10,-6,-37,1.2272984e+16,0.000000
10,-4,-41,1.2149376e+16,0.000000
9,-5,-52,1.2098675e+16,0.000000
7,-6,-37,1.1966736e+16,0.000000
6,-6,-48,1.196258e+16,0.000000
9,-6,-53,1.1758084e+16,0.000000
8,-8,-16,1.1678543e+16,0.000000
8,5,-20,1.1357153e+16,0.000000
10,-5,-53,1.1311392e+16,0.000000
9,-6,-11,1.1279807e+16,0.000000
6,-6,-49,1.120818e+16,0.000000
10,-1,-46,1.1105605e+16,0.000000
5,4,-40,1.1009163e+16,0.000000
9,2,-51,1.0582477e+16,0.000000
8,-5,-41,1.0417383e+16,0.000000
5,5,-35,1.0415478e+16,0.000000
7,6,-17,1.0269765e+16,0.000000
9,4,-31,1.0220687e+16,0.000000
8,-5,-42,1.0099703e+16,0.000000
6,-6,-50,9.9979629e+15,0.000000
9,-5,-35,9.969482e+15,0.000000
8,4,-40,9.8686985e+15,0.000000
10,-5,-42,9.8220907e+15,0.000000
8,-6,-39,9.7832949e+15,0.000000
8,-7,-14,9.7789933e+15,0.000000
10,1,-55,9.7398419e+15,0.000000
8,-7,-13,9.6276217e+15,0.000000
6,-5,-54,9.5931097e+15,0.000000
10,-6,-47,9.5668817e+15,0.000000
9,-4,-43,9.3842119e+15,0.000000
9,-7,-23,9.2732574e+15,0.000000
9,2,-52,9.2330122e+15,0.000000
6,5,-29,9.199691e+15,0.000000
10,4,-29,9.151048e+15,0.000000
9,3,-46,9.1290489e+15,0.000000
10,-5,-25,9.109699e+15,0.000000
10,2,-46,9.1018566e+15,0.000000
8,-7,-15,8.9708129e+15,0.000000
9,-6,-41,8.9332734e+15,0.000000
7,5,-27,8.8100546e+15,0.000000
9,-5,-36,8.7927828e+15,0.000000
9,-6,-26,8.7718273e+15,0.000000
9,5,-25,8.679678e+15,0.000000
8,3,-49,8.6558732e+15,0.000000
7,7,-11,8.58538e+15,0.000000
9,-3,-53,8.5440862e+15,0.000000
8,-7,-8,8.5286869e+15,0.000000
6,4,-44,8.4844178e+15,0.000000
8,-7,-12,8.4807388e+15,0.000000
10,-6,-18,8.3710642e+15,0.000000
9,-6,-9,8.3346598e+15,0.000000
8,-8,-39,8.3270825e+15,0.000000
10,-3,-26,8.2823739e+15,0.000000
8,6,-20,8.2462505e+15,0.000000
10,2,-48,8.2356465e+15,0.000000
6,6,-26,8.2305288e+15,0.000000
8,-8,-17,8.005849e+15,0.000000
9,2,-53,7.9318827e+15,0.000000
10,3,-27,7.6753966e+15,0.000000
10,-1,-47,7.6367973e+15,0.000000
8,-6,-54,7.6135697e+15,0.000000
7,-7,-29,7.5851523e+15,0.000000
8,-7,-16,7.54904e+15,0.000000
10,4,-4,7.5374084e+15,0.000000
9,-5,-7,7.3973895e+15,0.000000
7,-6,-38,7.2719856e+15,0.000000
7,4,-39,7.263071e+15,0.000000
9,-7,-47,7.2226558e+15,0.000000
8,3,-55,7.2201047e+15,0.000000
6,-5,-55,7.1062487e+15,0.000000
9,3,-47,6.8773471e+15,0.000000
8,-8,-35,6.8053689e+15,0.000000
9,2,-54,6.7587283e+15,0.000000
8,-7,-11,6.6604759e+15,0.000000
10,-8,-35,6.6186988e+15,0.000000
10,4,-30,6.5392617e+15,0.000000
10,2,-55,6.5167072e+15,0.000000
9,4,-32,6.5125038e+15,0.000000
7,6,-18,6.4502047e+15,0.000000
10,-5,-46,6.2555393e+15,0.000000
9,-6,-27,6.1694663e+15,0.000000
5,5,-36,6.131381e+15,0.000000
6,-6,-55,5.9873986e+15,0.000000
8,-7,-17,5.9195472e+15,0.000000
8,5,-21,5.9084463e+15,0.000000
8,-8,-12,5.8945098e+15,0.000000
10,-4,-45,5.8462932e+15,0.000000
10,-8,-53,5.8221386e+15,0.000000
9,2,-55,5.8183639e+15,0.000000
9,-5,-49,5.784404e+15,0.000000
6,5,-30,5.7676096e+15,0.000000
8,-5,-43,5.7513934e+15,0.000000
9,-7,-24,5.7274772e+15,0.000000
9,-4,-51,5.7053606e+15,0.000000
9,-7,-43,5.6765025e+15,0.000000
10,-5,-26,5.670026e+15,0.000000
8,3,-50,5.6575597e+15,0.000000
8,4,-41,5.6275626e+15,0.000000
10,-6,-52,5.5643251e+15,0.000000
8,6,-21,5.259204e+15,0.000000
8,-8,-18,5.2063746e+15,0.000000
6,-6,-54,5.1385474e+15,0.000000
6,-6,-51,5.0477405e+15,0.000000
8,-5,-44,4.9935541e+15,0.000000
5,4,-41,4.9050535e+15,0.000000
9,-3,-55,4.7835824e+15,0.000000
9,5,-26,4.7635952e+15,0.000000
10,3,-28,4.7119432e+15,0.000000
9,3,-48,4.6371215e+15,0.000000
10,-2,-47,4.5624528e+15,0.000000
10,4,-31,4.5216139e+15,0.000000
6,-6,-52,4.4853193e+15,0.000000
8,-5,-46,4.4143734e+15,0.000000
7,-6,-39,4.3904503e+15,0.000000
8,-7,-18,4.3839215e+15,0.000000
6,6,-27,4.3469942e+15,0.000000
10,-8,-41,4.3467407e+15,0.000000
9,-6,-28,4.2986875e+15,0.000000
10,-3,-27,4.2705358e+15,0.000000
6,4,-45,4.2397433e+15,0.000000
8,6,-7,4.212246e+15,0.000000
9,-7,-10,4.1341122e+15,0.000000
9,4,-33,4.1309352e+15,0.000000
10,-1,-49,4.1245012e+15,0.000000
7,7,-12,4.0868064e+15,0.000000
8,-8,-42,4.0699061e+15,0.000000
9,-4,-50,4.0307489e+15,0.000000
8,-7,-10,4.0078099e+15,0.000000
7,6,-19,4.0000916e+15,0.000000
9,9,-9,3.8634626e+15,0.000000
7,4,-40,3.8488933e+15,0.000000
7,-7,-30,3.8438064e+15,0.000000
7,-4,-5,3.7532537e+15,0.000000
10,3,-29,3.7496333e+15,0.000000
10,-6,-19,3.7246044e+15,0.000000
9,-4,-45,3.6510826e+15,0.000000
8,3,-51,3.6500327e+15,0.000000
10,-10,-10,3.63734e+15,0.000000
6,5,-31,3.613224e+15,0.000000
5,5,-37,3.6067488e+15,0.000000
7,5,-28,3.5571536e+15,0.000000
10,-4,-52,3.5421867e+15,0.000000
9,-7,-25,3.5009808e+15,0.000000
10,3,-30,3.493514e+15,0.000000
10,-5,-27,3.4517107e+15,0.000000
10,3,-31,3.4071093e+15,0.000000
10,-5,-9,3.3697581e+15,0.000000
8,6,-22,3.3120734e+15,0.000000
9,3,-51,3.2922338e+15,0.000000
8,-8,-19,3.2757058e+15,0.000000
10,3,-32,3.2358343e+15,0.000000
8,-6,-52,3.2269817e+15,0.000000
9,-6,-42,3.186747e+15,0.000000
8,-5,-50,3.1740702e+15,0.000000
8,4,-42,3.1693918e+15,0.000000
10,4,-32,3.1657671e+15,0.000000
8,-7,-19,3.099609e+15,0.000000
10,-6,-46,3.0888475e+15,0.000000
9,3,-49,3.0794937e+15,0.000000
10,3,-33,2.9834793e+15,0.000000
9,-6,-29,2.9800463e+15,0.000000
8,5,-22,2.9718772e+15,0.000000
10,-5,-44,2.858452e+15,0.000000
9,8,-8,2.8270144e+15,0.000000
10,-4,-43,2.79994e+15,0.000000
10,-3,-28,2.678675e+15,0.000000
7,-6,-40,2.6644172e+15,0.000000
8,-5,-47,2.6528581e+15,0.000000
10,3,-34,2.6273291e+15,0.000000
10,-2,-55,2.5977722e+15,0.000000
9,3,-52,2.5964986e+15,0.000000
9,4,-34,2.5963775e+15,0.000000
10,2,-47,2.57726e+15,0.000000
9,5,-27,2.5647075e+15,0.000000
10,-4,-47,2.5142378e+15,0.000000
10,9,-8,2.4932742e+15,0.000000
9,-4,-46,2.4842713e+15,0.000000
7,6,-20,2.4531904e+15,0.000000
10,-6,-48,2.4248482e+15,0.000000
10,-1,-50,2.3748034e+15,0.000000
9,-6,-10,2.3721841e+15,0.000000
8,3,-52,2.3713184e+15,0.000000
9,-4,-55,2.3636165e+15,0.000000
10,4,-51,2.336357e+15,0.000000
10,10,-9,2.3043387e+15,0.000000
6,6,-28,2.2983018e+15,0.000000
10,-2,-53,2.2895386e+15,0.000000
7,-7,-55,2.2742891e+15,0.000000
6,5,-32,2.261895e+15,0.000000
10,3,-35,2.2590364e+15,0.000000
7,7,-13,2.2405822e+15,0.000000
10,-3,-29,2.2052884e+15,0.000000
10,4,-50,2.1753611e+15,0.000000
10,-3,-31,2.1737993e+15,0.000000
8,-6,-46,2.1668659e+15,0.000000
10,-2,-48,2.1584058e+15,0.000000
6,4,-46,2.1547596e+15,0.000000
10,-3,-32,2.1440322e+15,0.000000
10,-3,-30,2.1406194e+15,0.000000
10,-5,-8,2.1384737e+15,0.000000
9,-5,-51,2.1373406e+15,0.000000
9,-7,-26,2.1257928e+15,0.000000
5,5,-38,2.1235009e+15,0.000000
5,4,-42,2.1194173e+15,0.000000
10,4,-33,2.1109932e+15,0.000000
10,-2,-51,2.1103138e+15,0.000000
8,-7,-20,2.1099744e+15,0.000000
9,-5,-40,2.1001297e+15,0.000000
8,6,-23,2.0631241e+15,0.000000
10,-5,-28,2.0628516e+15,0.000000
10,-3,-33,2.0481721e+15,0.000000
9,-6,-30,2.045585e+15,0.000000
10,-6,-9,2.0287853e+15,0.000000
8,-8,-20,2.0184311e+15,0.000000
10,-2,-52,2.0139441e+15,0.000000
7,4,-41,2.0034712e+15,0.000000
10,-8,-46,1.9737963e+15,0.000000
7,-7,-31,1.9400835e+15,0.000000
10,5,-5,1.9214455e+15,0.000000
10,3,-36,1.8679189e+15,0.000000
10,-3,-34,1.8654525e+15,0.000000
10,-5,-54,1.8641074e+15,0.000000
10,-6,-20,1.8562826e+15,0.000000
8,-6,-47,1.7942348e+15,0.000000
10,2,-54,1.7612669e+15,0.000000
8,4,-43,1.7531439e+15,0.000000
7,5,-29,1.7355544e+15,0.000000
10,-3,-35,1.657238e+15,0.000000
9,-7,-39,1.6502708e+15,0.000000
7,-7,-42,1.6500845e+15,0.000000
10,-2,-54,1.641045e+15,0.000000
9,4,-35,1.628643e+15,0.000000
7,-7,-9,1.6154295e+15,0.000000
7,-6,-41,1.6108773e+15,0.000000
8,-7,-55,1.6065899e+15,0.000000
10,-3,-36,1.60007e+15,0.000000
10,-1,-51,1.5715994e+15,0.000000
10,3,-37,1.53083e+15,0.000000
8,3,-53,1.5069431e+15,0.000000
7,6,-21,1.489489e+15,0.000000
9,-7,-45,1.4693305e+15,0.000000
10,4,-34,1.4693003e+15,0.000000
9,4,-6,1.4614017e+15,0.000000
9,-7,-41,1.4590683e+15,0.000000
8,5,-23,1.4484639e+15,0.000000
10,8,-8,1.4285958e+15,0.000000
6,5,-33,1.4156729e+15,0.000000
9,-6,-31,1.4036261e+15,0.000000
8,-7,-21,1.3918813e+15,0.000000
10,-8,-40,1.3798288e+15,0.000000
9,-4,-47,1.363364e+15,0.000000
9,5,-28,1.3619394e+15,0.000000
10,5,-13,1.3454644e+15,0.000000
8,-6,-48,1.3064308e+15,0.000000
7,7,-14,1.2919853e+15,0.000000
10,-6,-21,1.2880159e+15,0.000000
10,5,-14,1.2859314e+15,0.000000
9,-7,-27,1.2770359e+15,0.000000
8,6,-24,1.2722736e+15,0.000000
10,-3,-39,1.2652611e+15,0.000000
10,-6,-24,1.2530225e+15,0.000000
10,-6,-23,1.2499612e+15,0.000000
5,5,-39,1.2476819e+15,0.000000
10,5,-12,1.2435439e+15,0.000000
8,-8,-21,1.227764e+15,0.000000
8,-8,-11,1.2241971e+15,0.000000
9,2,-2,1.2182926e+15,0.000000
6,6,-29,1.2161918e+15,0.000000
10,-6,-22,1.213947e+15,0.000000
10,3,-38,1.2096236e+15,0.000000
10,-5,-29,1.199672e+15,0.000000
10,-3,-37,1.193152e+15,0.000000
10,-6,-25,1.18302e+15,0.000000
6,4,-47,1.1765503e+15,0.000000
8,-5,-48,1.1578225e+15,0.000000
8,1,-1,1.1518431e+15,0.000000
7,5,-30,1.1410139e+15,0.000000
10,5,-15,1.1274786e+15,0.000000
8,-8,-41,1.1056572e+15,0.000000
10,-9,-9,1.0881725e+15,0.000000
10,-6,-26,1.0652608e+15,0.000000
8,-5,-53,1.0414765e+15,0.000000
9,-9,-45,1.0331456e+15,0.000000
10,-1,-52,1.0271352e+15,0.000000
8,-5,-54,1.0259234e+15,0.000000
7,4,-42,1.0230472e+15,0.000000
7,-6,-42,1.0167734e+15,0.000000
9,4,-36,1.0110396e+15,0.000000
8,4,-44,9.9262107e+14,0.000000
8,3,-54,9.7102834e+14,0.000000
10,-3,-38,9.7102092e+14,0.000000
10,3,-39,9.5782252e+14,0.000000
9,-6,-32,9.5148219e+14,0.000000
10,4,-35,9.4324025e+14,0.000000
10,5,-11,9.4185447e+14,0.000000
7,-7,-32,9.3894993e+14,0.000000
10,5,-16,9.2642684e+14,0.000000
7,5,-31,9.1287213e+14,0.000000
10,-6,-27,9.0753802e+14,0.000000
10,2,-51,9.0574436e+14,0.000000
7,6,-22,8.9616496e+14,0.000000
5,4,-43,8.9568493e+14,0.000000
8,-7,-22,8.9412304e+14,0.000000
6,5,-34,8.8566517e+14,0.000000
8,-6,-44,8.5048419e+14,0.000000
8,-5,-49,8.3137291e+14,0.000000
7,5,-32,7.8520134e+14,0.000000
10,-3,-42,7.8066404e+14,0.000000
8,6,-25,7.7820536e+14,0.000000
9,-7,-28,7.6653095e+14,0.000000
10,-6,-28,7.5830834e+14,0.000000
7,7,-15,7.5257379e+14,0.000000
8,-8,-22,7.4103936e+14,0.000000
8,5,-7,7.3672173e+14,0.000000
5,5,-40,7.3327304e+14,0.000000
10,-5,-47,7.2913168e+14,0.000000
10,3,-40,7.2895518e+14,0.000000
7,4,-5,7.2548498e+14,0.000000
10,5,-17,7.2273279e+14,0.000000
10,3,-5,7.2242805e+14,0.000000
6,4,-48,7.1003777e+14,0.000000
9,5,-29,7.0488803e+14,0.000000
8,5,-24,6.8956769e+14,0.000000
7,-7,-41,6.8755222e+14,0.000000
9,3,-53,6.8699739e+14,0.000000
10,-5,-30,6.8530776e+14,0.000000
10,-1,-53,6.8501892e+14,0.000000
9,-7,-49,6.78984e+14,0.000000
10,4,-36,6.6190438e+14,0.000000
10,-1,-54,6.5458318e+14,0.000000
7,5,-33,6.5386289e+14,0.000000
9,-6,-33,6.4755296e+14,0.000000
6,6,-30,6.448688e+14,0.000000
7,-7,-43,6.3925618e+14,0.000000
9,4,-37,6.2744633e+14,0.000000
10,-3,-40,6.207261e+14,0.000000
9,-4,-48,6.1214396e+14,0.000000
10,-4,-48,6.0524934e+14,0.000000
10,-6,-29,5.9668183e+14,0.000000
7,-6,-43,5.8232522e+14,0.000000
10,3,-41,5.6746829e+14,0.000000
9,-5,-43,5.6682954e+14,0.000000
8,-7,-23,5.6146879e+14,0.000000
6,5,-35,5.5416554e+14,0.000000
10,5,-18,5.3983639e+14,0.000000
7,5,-34,5.3522765e+14,0.000000
7,6,-23,5.3473499e+14,0.000000
9,-7,-8,5.3270279e+14,0.000000
8,4,-45,5.2974675e+14,0.000000
9,-7,-53,5.1969089e+14,0.000000
7,4,-43,5.1232535e+14,0.000000
10,-3,-41,5.1116061e+14,0.000000
6,4,-49,5.0177109e+14,0.000000
9,-5,-44,5.0154202e+14,0.000000
8,-5,-51,4.9523196e+14,0.000000
8,-5,-6,4.9396147e+14,0.000000
10,5,-10,4.8760158e+14,0.000000
10,6,-11,4.8532512e+14,0.000000
10,-3,-54,4.8468515e+14,0.000000
10,-6,-30,4.8112389e+14,0.000000
8,4,-51,4.7511833e+14,0.000000
7,-6,-53,4.7486598e+14,0.000000
8,6,-26,4.721219e+14,0.000000
10,2,-53,4.6816582e+14,0.000000
9,-6,-43,4.6484356e+14,0.000000
10,7,-7,4.6480967e+14,0.000000
7,-7,-33,4.6199695e+14,0.000000
10,-7,-40,4.52744e+14,0.000000
9,-7,-29,4.5195049e+14,0.000000
9,3,-54,4.4850579e+14,0.000000
10,3,-45,4.4659372e+14,0.000000
8,-8,-23,4.4550601e+14,0.000000
6,4,-51,4.4344618e+14,0.000000
10,-4,-6,4.4108398e+14,0.000000
6,4,-55,4.3696463e+14,0.000000
7,7,-16,4.3585403e+14,0.000000
8,-8,-40,4.3527943e+14,0.000000
9,-6,-34,4.341193e+14,0.000000
5,5,-41,4.2970892e+14,0.000000
10,-1,-55,4.256971e+14,0.000000
10,3,-42,4.220447e+14,0.000000
9,-4,-52,4.2131483e+14,0.000000
6,4,-50,4.208798e+14,0.000000
7,5,-35,4.1557862e+14,0.000000
8,-8,-53,4.1284084e+14,0.000000
7,-7,-39,4.0926457e+14,0.000000
10,6,-12,4.0760624e+14,0.000000
10,4,-37,4.0638529e+14,0.000000
10,-4,-49,4.0425496e+14,0.000000
10,-6,-36,4.0315493e+14,0.000000
8,4,-50,3.8891934e+14,0.000000
10,5,-19,3.8828066e+14,0.000000
9,4,-38,3.8429265e+14,0.000000
5,4,-44,3.8329421e+14,0.000000
10,-5,-31,3.7910109e+14,0.000000
9,-6,-37,3.7822674e+14,0.000000
8,-5,-55,3.7578651e+14,0.000000
6,4,-54,3.7417326e+14,0.000000
6,4,-53,3.6649456e+14,0.000000
6,4,-52,3.6553318e+14,0.000000
9,5,-30,3.6139047e+14,0.000000
9,-4,-49,3.6126093e+14,0.000000
7,-7,-47,3.5879823e+14,0.000000
10,-6,-31,3.5415122e+14,0.000000
7,-6,-44,3.4813933e+14,0.000000
6,5,-36,3.4665587e+14,0.000000
8,-7,-24,3.455214e+14,0.000000
6,6,-31,3.4235071e+14,0.000000
10,-3,-45,3.4081304e+14,0.000000
10,3,-43,3.3861918e+14,0.000000
10,2,-52,3.2801246e+14,0.000000
8,5,-25,3.2773095e+14,0.000000
10,-5,-37,3.1958971e+14,0.000000
7,5,-36,3.1762231e+14,0.000000
10,6,-10,3.1742707e+14,0.000000
7,6,-24,3.1671928e+14,0.000000
8,4,-46,3.1222807e+14,0.000000
10,-5,-50,3.0430195e+14,0.000000
10,-3,-44,3.0306262e+14,0.000000
7,-7,-45,3.0195813e+14,0.000000
7,-6,-45,3.0083579e+14,0.000000
10,-3,-43,2.9993341e+14,0.000000
8,8,-9,2.9545681e+14,0.000000
9,-6,-35,2.9491432e+14,0.000000
8,-5,-52,2.9212853e+14,0.000000
10,4,-38,2.9045812e+14,0.000000
8,6,-27,2.8494938e+14,0.000000
10,-6,-32,2.8468358e+14,0.000000
10,6,-13,2.7427392e+14,0.000000
9,-7,-30,2.7118801e+14,0.000000
10,5,-20,2.7002757e+14,0.000000
9,-7,-54,2.6870533e+14,0.000000
8,-8,-24,2.6726514e+14,0.000000
10,3,-55,2.6395854e+14,0.000000
8,-8,-46,2.622723e+14,0.000000
10,3,-50,2.5664545e+14,0.000000
7,4,-44,2.5250288e+14,0.000000
5,5,-42,2.5212233e+14,0.000000
10,-8,-44,2.5027157e+14,0.000000
7,-7,-49,2.5015592e+14,0.000000
7,7,-17,2.4955608e+14,0.000000
10,3,-44,2.4518665e+14,0.000000
9,4,-39,2.3551259e+14,0.000000
7,5,-37,2.327858e+14,0.000000
10,-3,-46,2.2727411e+14,0.000000
10,-8,-50,2.2233446e+14,0.000000
6,5,-37,2.1687663e+14,0.000000
10,-7,-42,2.1380192e+14,0.000000
8,-7,-25,2.0883891e+14,0.000000
7,-7,-34,2.0625991e+14,0.000000
10,-8,-52,2.0533601e+14,0.000000
10,-5,-32,2.0498424e+14,0.000000
7,-6,-46,2.0355044e+14,0.000000
8,-8,-54,1.969734e+14,0.000000
9,-6,-40,1.9687012e+14,0.000000
9,-6,-36,1.9626309e+14,0.000000
10,-6,-33,1.9018422e+14,0.000000
10,-7,-55,1.8689577e+14,0.000000
7,6,-25,1.8635722e+14,0.000000
10,-6,-38,1.8258266e+14,0.000000
6,6,-32,1.8233425e+14,0.000000
10,5,-21,1.8212139e+14,0.000000
5,4,-45,1.8151096e+14,0.000000
9,5,-31,1.7744968e+14,0.000000
7,-7,-54,1.7676671e+14,0.000000
10,-8,-51,1.7655198e+14,0.000000
10,-5,-48,1.7555197e+14,0.000000
8,4,-47,1.7280532e+14,0.000000
8,6,-28,1.7074154e+14,0.000000
7,5,-38,1.6979298e+14,0.000000
10,4,-39,1.6969504e+14,0.000000
10,6,-14,1.6356245e+14,0.000000
8,5,-26,1.6264825e+14,0.000000
10,-6,-34,1.6213445e+14,0.000000
8,-8,-25,1.6043974e+14,0.000000
9,-7,-31,1.5479222e+14,0.000000
8,-1,-1,1.4871793e+14,0.000000
5,5,-43,1.4731582e+14,0.000000
7,-6,-47,1.4477798e+14,0.000000
9,-6,-50,1.4280942e+14,0.000000
10,-5,-55,1.4254039e+14,0.000000
10,-5,-41,1.4230329e+14,0.000000
9,4,-40,1.4208027e+14,0.000000
7,7,-18,1.4101725e+14,0.000000
6,5,-38,1.3564348e+14,0.000000
10,-6,-35,1.335886e+14,0.000000
9,-2,-2,1.2962283e+14,0.000000
10,-8,-45,1.2925844e+14,0.000000
10,-6,-39,1.2836488e+14,0.000000
10,3,-46,1.2816157e+14,0.000000
9,4,-54,1.2639167e+14,0.000000
10,4,-40,1.2499366e+14,0.000000
7,4,-45,1.2497217e+14,0.000000
8,-7,-26,1.2404628e+14,0.000000
9,-9,-10,1.2241498e+14,0.000000
9,-4,-53,1.2216584e+14,0.000000
7,5,-39,1.1949209e+14,0.000000
10,5,-22,1.1941578e+14,0.000000
9,-6,-54,1.1041825e+14,0.000000
7,6,-26,1.0904017e+14,0.000000
5,4,-46,1.0747977e+14,0.000000
7,-7,-35,1.0636354e+14,0.000000
10,-5,-33,1.0583143e+14,0.000000
10,-8,-54,1.0258197e+14,0.000000
8,4,-48,1.0248647e+14,0.000000
8,6,-29,1.0217559e+14,0.000000
10,-5,-51,1.0059295e+14,0.000000
10,3,-47,9.990446e+13,0.000000
8,-7,-50,9.8091476e+13,0.000000
6,6,-33,9.7193337e+13,0.000000
10,-3,-47,9.7174191e+13,0.000000
8,-8,-26,9.6277777e+13,0.000000
9,7,-12,9.4318181e+13,0.000000
9,7,-13,9.420198e+13,0.000000
7,-6,-51,9.3912568e+13,0.000000
9,-7,-32,9.3814579e+13,0.000000
8,5,-27,9.0188955e+13,0.000000
9,-6,-45,8.9894836e+13,0.000000
10,6,-15,8.9672708e+13,0.000000
10,5,-9,8.9181191e+13,0.000000
9,5,-32,8.74111e+13,0.000000
9,-6,-38,8.723321e+13,0.000000
9,4,-41,8.6148253e+13,0.000000
5,5,-44,8.6070481e+13,0.000000
6,5,-39,8.4836994e+13,0.000000
9,6,-14,8.4569235e+13,0.000000
7,5,-40,8.382337e+13,0.000000
5,4,-47,8.2043596e+13,0.000000
8,4,-52,8.1720065e+13,0.000000
9,6,-15,8.0689508e+13,0.000000
9,-7,-46,7.9268256e+13,0.000000
7,-6,-49,7.8873768e+13,0.000000
10,-3,-52,7.87297e+13,0.000000
7,7,-19,7.8613289e+13,0.000000
9,6,-13,7.8161918e+13,0.000000
9,7,-14,7.6770989e+13,0.000000
9,-6,-47,7.6568671e+13,0.000000
9,-7,-37,7.6494934e+13,0.000000
10,5,-23,7.6258118e+13,0.000000
10,-6,-44,7.5195264e+13,0.000000
10,-3,-49,7.4143484e+13,0.000000
8,4,-49,7.3158238e+13,0.000000
8,7,-8,7.3154204e+13,0.000000
5,4,-48,7.3115146e+13,0.000000
8,-7,-27,7.253824e+13,0.000000
10,-8,-49,7.1135447e+13,0.000000
9,6,-16,7.0950745e+13,0.000000
10,-3,-48,7.0805004e+13,0.000000
5,4,-55,6.9222697e+13,0.000000
5,4,-49,6.9158025e+13,0.000000
10,3,-48,6.8738948e+13,0.000000
10,4,-41,6.8180863e+13,0.000000
5,4,-54,6.6944104e+13,0.000000
5,4,-50,6.6840212e+13,0.000000
8,-7,-40,6.6256266e+13,0.000000
9,4,-55,6.6081336e+13,0.000000
5,4,-53,6.5630606e+13,0.000000
7,4,-54,6.5595206e+13,0.000000
10,3,-49,6.5499758e+13,0.000000
5,4,-51,6.5140483e+13,0.000000
5,4,-52,6.4635789e+13,0.000000
9,-8,-42,6.4341414e+13,0.000000
7,4,-46,6.4306383e+13,0.000000
7,6,-27,6.3490358e+13,0.000000
9,-6,-39,6.3280519e+13,0.000000
10,4,-6,6.2727155e+13,0.000000
10,-5,-52,6.2672038e+13,0.000000
10,3,-53,6.2545636e+13,0.000000
7,-7,-53,6.1448762e+13,0.000000
9,5,-7,6.1209745e+13,0.000000
8,6,-30,6.06233e+13,0.000000
7,-6,-48,6.0195989e+13,0.000000
10,-3,-5,5.9900176e+13,0.000000
9,6,-17,5.8893091e+13,0.000000
8,5,-28,5.8723887e+13,0.000000
9,6,-12,5.8182982e+13,0.000000
8,-8,-27,5.8027122e+13,0.000000
7,5,-41,5.7879928e+13,0.000000
8,5,-6,5.7791937e+13,0.000000
10,-5,-49,5.7108993e+13,0.000000
9,7,-15,5.6656449e+13,0.000000
10,-5,-34,5.4480999e+13,0.000000
6,5,-40,5.3034423e+13,0.000000
10,-3,-50,5.270273e+13,0.000000
10,4,-42,5.2637751e+13,0.000000
10,-7,-16,5.2580975e+13,0.000000
9,7,-11,5.2156794e+13,0.000000
6,6,-34,5.2061529e+13,0.000000
7,-7,-36,5.139559e+13,0.000000
10,-7,-15,5.1327299e+13,0.000000
10,4,-49,5.1096276e+13,0.000000
9,-7,-33,5.0777551e+13,0.000000
9,4,-42,5.072298e+13,0.000000
5,5,-45,5.0236755e+13,0.000000
10,4,-45,4.9613787e+13,0.000000
10,-7,-17,4.8749701e+13,0.000000
7,6,-8,4.8453954e+13,0.000000
10,5,-24,4.7510247e+13,0.000000
9,6,-18,4.6805337e+13,0.000000
10,6,-16,4.5914545e+13,0.000000
9,-6,-52,4.5610187e+13,0.000000
10,3,-3,4.5424749e+13,0.000000
8,5,-29,4.3962986e+13,0.000000
10,-7,-14,4.3453632e+13,0.000000
7,7,-20,4.3234655e+13,0.000000
7,-6,-54,4.3146928e+13,0.000000
10,5,-8,4.2418714e+13,0.000000
10,-7,-18,4.1994091e+13,0.000000
8,-7,-28,4.1655793e+13,0.000000
9,-7,-36,3.9626103e+13,0.000000
9,7,-16,3.9439901e+13,0.000000
9,5,-33,3.9331528e+13,0.000000
7,5,-42,3.8848465e+13,0.000000
7,-7,-37,3.8313025e+13,0.000000
9,-7,-44,3.7438684e+13,0.000000
7,4,-47,3.7178992e+13,0.000000
7,6,-28,3.6829452e+13,0.000000
8,6,-31,3.6150564e+13,0.000000
9,6,-19,3.5935187e+13,0.000000
8,5,-30,3.566248e+13,0.000000
8,-8,-28,3.4885649e+13,0.000000
9,-7,-35,3.4726736e+13,0.000000
10,-7,-19,3.4199673e+13,0.000000
10,-5,-39,3.405312e+13,0.000000
8,-8,-44,3.3984171e+13,0.000000
9,-7,-34,3.3965355e+13,0.000000
10,-7,-45,3.3385297e+13,0.000000
6,5,-41,3.3132264e+13,0.000000
8,4,-53,3.2874951e+13,0.000000
10,-7,-50,3.258608e+13,0.000000
10,-8,-47,3.2418579e+13,0.000000
10,3,-51,3.1809309e+13,0.000000
9,-8,-39,3.180667e+13,0.000000
10,-9,-45,3.1410014e+13,0.000000
9,-6,-49,3.1202218e+13,0.000000
8,-6,-51,3.020419e+13,0.000000
9,4,-43,3.0173071e+13,0.000000
10,-7,-13,2.9543845e+13,0.000000
8,5,-31,2.9448768e+13,0.000000
9,-7,-48,2.9429039e+13,0.000000
5,5,-46,2.9350217e+13,0.000000
10,-3,-51,2.9131446e+13,0.000000
10,-10,-45,2.8937558e+13,0.000000
10,5,-25,2.8896753e+13,0.000000
10,4,-43,2.8696403e+13,0.000000
9,6,-11,2.8073713e+13,0.000000
6,6,-35,2.7903847e+13,0.000000
9,6,-20,2.6810788e+13,0.000000
10,-5,-38,2.6741616e+13,0.000000
7,5,-43,2.6733986e+13,0.000000
10,-7,-20,2.6651269e+13,0.000000
9,7,-17,2.6403201e+13,0.000000
10,3,-54,2.6067188e+13,0.000000
7,-6,-55,2.603894e+13,0.000000
10,-5,-35,2.5571873e+13,0.000000
7,4,-48,2.5436714e+13,0.000000
10,4,-47,2.514581e+13,0.000000
9,5,-53,2.4997324e+13,0.000000
10,3,-52,2.4891012e+13,0.000000
8,-8,-50,2.4323003e+13,0.000000
8,5,-32,2.4241341e+13,0.000000
8,-7,-29,2.358723e+13,0.000000
7,7,-21,2.3460358e+13,0.000000
7,-7,-46,2.2896107e+13,0.000000
8,4,-54,2.2318538e+13,0.000000
10,6,-17,2.2216117e+13,0.000000
9,-6,-46,2.1867255e+13,0.000000
10,4,-44,2.1796425e+13,0.000000
7,6,-29,2.1290272e+13,0.000000
8,6,-32,2.1248045e+13,0.000000
8,-8,-29,2.119959e+13,0.000000
7,-7,-48,2.0771816e+13,0.000000
6,5,-42,2.0687361e+13,0.000000
7,4,-49,2.0523773e+13,0.000000
9,6,-9,2.0324117e+13,0.000000
10,-7,-21,2.004651e+13,0.000000
8,-7,-42,1.9812311e+13,0.000000
9,5,-49,1.9578802e+13,0.000000
9,6,-21,1.9520788e+13,0.000000
8,5,-33,1.947966e+13,0.000000
7,-6,-50,1.943716e+13,0.000000
10,-10,-40,1.9185572e+13,0.000000
8,-8,-49,1.9139725e+13,0.000000
9,5,-50,1.8924417e+13,0.000000
10,4,-48,1.8883196e+13,0.000000
9,5,-34,1.8450039e+13,0.000000
7,4,-50,1.8031047e+13,0.000000
10,-8,-38,1.7944594e+13,0.000000
7,5,-44,1.7489582e+13,0.000000
10,-5,-36,1.7476821e+13,0.000000
5,5,-47,1.7305772e+13,0.000000
9,4,-44,1.7297577e+13,0.000000
10,5,-26,1.7189962e+13,0.000000
9,7,-18,1.7173973e+13,0.000000
7,4,-51,1.6851077e+13,0.000000
8,-8,-51,1.6594211e+13,0.000000
10,-3,-53,1.5650011e+13,0.000000
8,5,-34,1.5437515e+13,0.000000
8,4,-55,1.5244696e+13,0.000000
10,6,-53,1.5162287e+13,0.000000
6,6,-36,1.5029416e+13,0.000000
10,-7,-22,1.4648879e+13,0.000000
7,4,-52,1.4562131e+13,0.000000
9,6,-22,1.3913604e+13,0.000000
10,-7,-12,1.3661668e+13,0.000000
9,-8,-9,1.3449556e+13,0.000000
8,-7,-30,1.3030125e+13,0.000000
9,2,-3,1.2986034e+13,0.000000
6,5,-43,1.2898502e+13,0.000000
8,-8,-30,1.2735962e+13,0.000000
10,4,-54,1.2718486e+13,0.000000
8,6,-33,1.2696849e+13,0.000000
7,4,-53,1.2643601e+13,0.000000
7,7,-22,1.2558926e+13,0.000000
8,6,-8,1.2364944e+13,0.000000
7,6,-30,1.2282679e+13,0.000000
9,7,-8,1.2222364e+13,0.000000
7,5,-45,1.2085543e+13,0.000000
8,5,-35,1.1883857e+13,0.000000
10,6,-9,1.133923e+13,0.000000
9,5,-51,1.130239e+13,0.000000
8,-6,-55,1.120053e+13,0.000000
9,7,-19,1.0917456e+13,0.000000
9,4,-45,1.0799553e+13,0.000000
9,-7,-38,1.0510095e+13,0.000000
10,-7,-23,1.0448686e+13,0.000000
10,6,-18,1.0409353e+13,0.000000
5,5,-48,1.0223277e+13,0.000000
7,4,-55,1.0110098e+13,0.000000
10,5,-27,9.9832134e+12,0.000000
10,4,-46,9.7589661e+12,0.000000
9,6,-23,9.7340301e+12,0.000000
7,-6,-52,9.5546037e+12,0.000000
9,-6,-44,9.5344131e+12,0.000000
10,-7,-39,9.3257826e+12,0.000000
8,-8,-38,9.1053808e+12,0.000000
8,5,-36,9.0846692e+12,0.000000
10,-5,-40,8.9869203e+12,0.000000
10,-7,-41,8.9505701e+12,0.000000
10,1,-2,8.6344046e+12,0.000000
10,-6,-51,8.5483153e+12,0.000000
10,-3,-55,8.4945198e+12,0.000000
7,5,-46,8.3710788e+12,0.000000
10,-8,-13,8.1953993e+12,0.000000
6,6,-37,8.1092232e+12,0.000000
10,-7,-44,8.1030907e+12,0.000000
6,5,-44,8.0359064e+12,0.000000
8,-8,-31,7.9101809e+12,0.000000
8,-8,-36,7.544955e+12,0.000000
8,6,-34,7.3744794e+12,0.000000
10,4,-53,7.3666413e+12,0.000000
10,-7,-24,7.3036586e+12,0.000000
10,-8,-36,7.24055e+12,0.000000
9,-8,-41,7.1189194e+12,0.000000
8,-7,-31,7.1158526e+12,0.000000
7,6,-31,7.0679705e+12,0.000000
9,5,-35,7.0591539e+12,0.000000
9,6,-10,7.0061267e+12,0.000000
9,7,-20,6.80704e+12,0.000000
7,-7,-38,6.7660655e+12,0.000000
10,6,-48,6.7647959e+12,0.000000
8,5,-37,6.7631053e+12,0.000000
9,6,-24,6.6978368e+12,0.000000
7,7,-23,6.6344019e+12,0.000000
10,-6,-55,6.5866218e+12,0.000000
8,-3,-4,6.5406285e+12,0.000000
10,-7,-47,6.4176308e+12,0.000000
8,-7,-41,6.4090338e+12,0.000000
9,-6,-7,6.3733654e+12,0.000000
10,-8,-12,6.3513158e+12,0.000000
10,-8,-14,6.1931171e+12,0.000000
5,5,-49,6.1890725e+12,0.000000
10,-10,-44,6.1470108e+12,0.000000
8,-8,-48,6.0233759e+12,0.000000
7,-7,-52,5.7452716e+12,0.000000
10,5,-28,5.6837588e+12,0.000000
9,4,-46,5.5991698e+12,0.000000
7,5,-47,5.3763297e+12,0.000000
10,6,-19,5.0369058e+12,0.000000
8,5,-38,5.0298905e+12,0.000000
10,-7,-25,5.0152644e+12,0.000000
6,5,-45,4.9978761e+12,0.000000
7,-7,-44,4.9597987e+12,0.000000
9,-8,-35,4.9216933e+12,0.000000
8,-8,-34,4.916873e+12,0.000000
8,-8,-32,4.6893421e+12,0.000000
9,4,-50,4.6049969e+12,0.000000
9,6,-25,4.5430715e+12,0.000000
8,6,-35,4.4386323e+12,0.000000
8,-7,-45,4.4238269e+12,0.000000
6,6,-38,4.4007395e+12,0.000000
9,-9,-38,4.3821635e+12,0.000000
9,-8,-16,4.3118934e+12,0.000000
9,7,-21,4.1719985e+12,0.000000
9,5,-48,4.1651021e+12,0.000000
9,7,-10,4.1180804e+12,0.000000
9,-8,-15,4.1008012e+12,0.000000
7,5,-49,4.0835285e+12,0.000000
7,6,-32,4.0646865e+12,0.000000
10,-5,-43,4.0640607e+12,0.000000
9,-8,-17,3.9533136e+12,0.000000
7,5,-53,3.9109761e+12,0.000000
10,-8,-15,3.8661426e+12,0.000000
5,5,-50,3.8408405e+12,0.000000
8,-7,-32,3.7381292e+12,0.000000
7,5,-48,3.6775089e+12,0.000000
8,5,-39,3.6518883e+12,0.000000
10,10,-10,3.6069528e+12,0.000000
7,7,-24,3.4565867e+12,0.000000
10,-7,-26,3.3936834e+12,0.000000
9,-9,-44,3.3922457e+12,0.000000
9,-2,-3,3.3841429e+12,0.000000
9,-8,-40,3.3223188e+12,0.000000
9,-8,-18,3.3114544e+12,0.000000
9,4,-47,3.2701911e+12,0.000000
10,-8,-43,3.1976565e+12,0.000000
10,5,-29,3.1452205e+12,0.000000
8,-4,-5,3.1322038e+12,0.000000
9,-8,-14,3.1232949e+12,0.000000
6,5,-46,3.1069751e+12,0.000000
7,5,-50,3.1047956e+12,0.000000
9,5,-36,3.0576068e+12,0.000000
9,6,-26,3.0415694e+12,0.000000
8,-8,-33,2.9819858e+12,0.000000
9,-8,-46,2.8719877e+12,0.000000
10,6,-20,2.8370443e+12,0.000000
10,6,-50,2.8169334e+12,0.000000
10,9,-9,2.7154836e+12,0.000000
10,-8,-34,2.6615332e+12,0.000000
8,5,-40,2.6545885e+12,0.000000
9,-6,-48,2.6294041e+12,0.000000
9,-8,-19,2.6066732e+12,0.000000
10,-7,-11,2.5466177e+12,0.000000
8,6,-36,2.543581e+12,0.000000
9,7,-22,2.517871e+12,0.000000
8,-7,-39,2.4812189e+12,0.000000
10,-7,-46,2.4538816e+12,0.000000
5,5,-51,2.4269913e+12,0.000000
10,4,-52,2.411787e+12,0.000000
6,6,-39,2.3975703e+12,0.000000
7,6,-33,2.332603e+12,0.000000
10,-7,-27,2.2620816e+12,0.000000
10,-7,-54,2.2612419e+12,0.000000
9,5,-46,2.2259612e+12,0.000000
10,-8,-16,2.2154683e+12,0.000000
8,4,-5,2.1403748e+12,0.000000
9,-9,-15,2.0963778e+12,0.000000
10,6,-52,2.0895087e+12,0.000000
9,-7,-52,2.0428987e+12,0.000000
9,-9,-16,2.031184e+12,0.000000
10,6,-21,2.0307015e+12,0.000000
9,6,-27,2.0150254e+12,0.000000
10,-7,-43,2.0089552e+12,0.000000
9,-8,-20,1.9635186e+12,0.000000
8,-7,-33,1.9332651e+12,0.000000
8,-8,-47,1.9328356e+12,0.000000
6,5,-47,1.9296439e+12,0.000000
8,5,-41,1.8929771e+12,0.000000
10,6,-49,1.8902607e+12,0.000000
9,4,-48,1.8324774e+12,0.000000
8,8,-13,1.8297291e+12,0.000000
7,-7,-50,1.7943145e+12,0.000000
9,-9,-14,1.7851564e+12,0.000000
7,7,-25,1.7777234e+12,0.000000
9,-9,-17,1.7439123e+12,0.000000
10,6,-22,1.7372315e+12,0.000000
10,7,-50,1.7274769e+12,0.000000
9,-8,-54,1.7208837e+12,0.000000
10,5,-30,1.7084501e+12,0.000000
9,-5,-6,1.6596608e+12,0.000000
8,7,-10,1.6538656e+12,0.000000
5,5,-52,1.6120298e+12,0.000000
8,7,-11,1.5875782e+12,0.000000
9,-8,-13,1.5851633e+12,0.000000
10,-7,-52,1.5789115e+12,0.000000
10,6,-23,1.5706511e+12,0.000000
8,8,-14,1.5620152e+12,0.000000
10,2,-2,1.5543269e+12,0.000000
8,6,-37,1.5494246e+12,0.000000
9,-9,-42,1.5380981e+12,0.000000
9,7,-23,1.4976675e+12,0.000000
10,-7,-28,1.4943555e+12,0.000000
8,7,-12,1.4426062e+12,0.000000
9,-8,-21,1.4326854e+12,0.000000
9,-8,-53,1.4113629e+12,0.000000
7,-7,-51,1.4083699e+12,0.000000
10,6,-24,1.4021024e+12,0.000000
9,-6,-55,1.3894849e+12,0.000000
10,-7,-53,1.3789169e+12,0.000000
9,-9,-18,1.374248e+12,0.000000
10,-8,-9,1.3741055e+12,0.000000
8,5,-42,1.3599688e+12,0.000000
7,6,-34,1.3390941e+12,0.000000
7,5,-51,1.3208497e+12,0.000000
9,6,-28,1.3207412e+12,0.000000
6,6,-40,1.3132357e+12,0.000000
9,-9,-40,1.3039133e+12,0.000000
8,7,-13,1.2730128e+12,0.000000
9,-9,-41,1.238995e+12,0.000000
10,-8,-17,1.226919e+12,0.000000
8,3,-4,1.2210382e+12,0.000000
9,-9,-47,1.2046144e+12,0.000000
10,6,-25,1.2003187e+12,0.000000
6,5,-48,1.1990769e+12,0.000000
9,4,-51,1.1898577e+12,0.000000
8,-7,-54,1.1463628e+12,0.000000
10,-3,-3,1.1430183e+12,0.000000
8,8,-12,1.1372027e+12,0.000000
8,6,-53,1.1145044e+12,0.000000
5,5,-53,1.0890499e+12,0.000000
9,-9,-39,1.0852938e+12,0.000000
8,8,-15,1.0830149e+12,0.000000
8,7,-14,1.0667133e+12,0.000000
9,4,-49,1.0483679e+12,0.000000
9,-8,-22,1.021118e+12,0.000000
9,-9,-19,1.0164215e+12,0.000000
8,-8,-37,9.9663072e+11,0.000000
10,6,-26,9.9204641e+11,0.000000
9,-7,-51,9.8494913e+11,0.000000
9,-8,-52,9.7479761e+11,0.000000
9,-9,-13,9.7073214e+11,0.000000
10,-7,-29,9.688333e+11,0.000000
7,5,-52,9.567313e+11,0.000000
8,5,-43,9.5543446e+11,0.000000
8,-7,-34,9.4970231e+11,0.000000
5,5,-54,9.0440869e+11,0.000000
7,7,-26,9.0090683e+11,0.000000
10,5,-31,8.9809537e+11,0.000000
9,7,-24,8.7950354e+11,0.000000
8,6,-38,8.6746151e+11,0.000000
9,6,-29,8.6045869e+11,0.000000
9,5,-37,8.4951669e+11,0.000000
8,7,-15,8.4667478e+11,0.000000
10,-8,-37,8.2830925e+11,0.000000
8,-7,-44,8.0755746e+11,0.000000
10,6,-27,7.818881e+11,0.000000
7,6,-35,7.6676708e+11,0.000000
6,5,-49,7.4747297e+11,0.000000
8,-7,-43,7.4680024e+11,0.000000
6,6,-41,7.2745381e+11,0.000000
9,-9,-20,7.1668189e+11,0.000000
9,-8,-23,7.1524105e+11,0.000000
10,-7,-49,6.8522554e+11,0.000000
8,8,-16,6.8404807e+11,0.000000
10,-8,-18,6.8389094e+11,0.000000
9,-8,-44,6.7588568e+11,0.000000
8,5,-44,6.7449474e+11,0.000000
9,5,-47,6.6412949e+11,0.000000
8,7,-16,6.3910674e+11,0.000000
7,5,-54,6.3768923e+11,0.000000
10,-7,-30,6.3580945e+11,0.000000
10,6,-28,6.071374e+11,0.000000
5,5,-55,5.8337551e+11,0.000000
8,6,-48,5.7616254e+11,0.000000
9,5,-6,5.6924258e+11,0.000000
8,-7,-46,5.602276e+11,0.000000
7,5,-55,5.5645902e+11,0.000000
9,6,-30,5.5469727e+11,0.000000
8,6,-39,5.4044872e+11,0.000000
9,6,-7,5.1476411e+11,0.000000
9,7,-25,5.0974455e+11,0.000000
9,-8,-24,4.9435984e+11,0.000000
9,-9,-21,4.8720639e+11,0.000000
8,-7,-53,4.7597142e+11,0.000000
6,5,-50,4.7002876e+11,0.000000
8,-8,-43,4.697987e+11,0.000000
8,5,-45,4.6922783e+11,0.000000
8,-7,-35,4.6722515e+11,0.000000
10,4,-55,4.6606208e+11,0.000000
8,7,-17,4.6136687e+11,0.000000
10,5,-32,4.6134026e+11,0.000000
7,7,-27,4.5109042e+11,0.000000
10,-10,-41,4.4945012e+11,0.000000
10,6,-29,4.4529911e+11,0.000000
7,6,-36,4.3979791e+11,0.000000
10,5,-46,4.3665831e+11,0.000000
9,7,-50,4.3498881e+11,0.000000
9,-6,-51,4.206191e+11,0.000000
9,4,-53,4.1740571e+11,0.000000
10,-10,-51,4.1354572e+11,0.000000
8,8,-17,4.1194413e+11,0.000000
6,6,-42,4.0333578e+11,0.000000
10,-8,-19,4.0101848e+11,0.000000
10,-10,-50,4.0052956e+11,0.000000
10,-7,-31,3.9612033e+11,0.000000
10,-8,-48,3.7769035e+11,0.000000
9,-9,-48,3.5960025e+11,0.000000
9,9,-10,3.5751981e+11,0.000000
9,6,-31,3.5737055e+11,0.000000
9,-9,-43,3.5258999e+11,0.000000
9,1,-1,3.523461e+11,0.000000
9,-8,-25,3.3837458e+11,0.000000
10,6,-30,3.3539605e+11,0.000000
8,5,-46,3.2937704e+11,0.000000
9,5,-38,3.2708952e+11,0.000000
9,-9,-22,3.2202297e+11,0.000000
8,7,-18,3.2024876e+11,0.000000
8,-7,-47,3.1791229e+11,0.000000
9,-8,-12,2.992395e+11,0.000000
6,5,-51,2.9553824e+11,0.000000
8,6,-40,2.9550895e+11,0.000000
9,7,-26,2.9260014e+11,0.000000
9,4,-52,2.7924009e+11,0.000000
9,5,-55,2.6724122e+11,0.000000
10,5,-49,2.6659848e+11,0.000000
9,5,-52,2.6413923e+11,0.000000
10,-8,-20,2.5793904e+11,0.000000
10,-7,-32,2.5605283e+11,0.000000
8,8,-11,2.5538769e+11,0.000000
10,-10,-48,2.5226908e+11,0.000000
7,6,-37,2.5135131e+11,0.000000
8,8,-18,2.4167481e+11,0.000000
9,-9,-37,2.4045077e+11,0.000000
8,-7,-36,2.3925249e+11,0.000000
9,-8,-45,2.3414913e+11,0.000000
6,6,-43,2.3276654e+11,0.000000
10,-7,-37,2.3177465e+11,0.000000
9,-8,-26,2.2973547e+11,0.000000
10,6,-31,2.2914974e+11,0.000000
9,6,-32,2.2745708e+11,0.000000
8,5,-47,2.2727348e+11,0.000000
10,5,-33,2.259816e+11,0.000000
8,6,-50,2.2520874e+11,0.000000
7,7,-28,2.2196542e+11,0.000000
9,-8,-48,2.1627609e+11,0.000000
8,7,-19,2.1473348e+11,0.000000
9,5,-43,2.142567e+11,0.000000
9,-9,-46,2.1237266e+11,0.000000
7,7,-9,2.1129374e+11,0.000000
9,-9,-23,2.0817752e+11,0.000000
9,5,-54,2.0526446e+11,0.000000
9,5,-41,1.9964085e+11,0.000000
10,5,-48,1.8930708e+11,0.000000
6,5,-52,1.8929296e+11,0.000000
10,-8,-55,1.8845638e+11,0.000000
10,-8,-21,1.8511648e+11,0.000000
8,6,-41,1.8434637e+11,0.000000
8,-7,-37,1.8297161e+11,0.000000
9,5,-44,1.810494e+11,0.000000
10,5,-50,1.7829785e+11,0.000000
8,-7,-49,1.7750842e+11,0.000000
8,6,-54,1.7670299e+11,0.000000
10,6,-32,1.7385753e+11,0.000000
10,-10,-42,1.7023929e+11,0.000000
9,-9,-54,1.6793005e+11,0.000000
9,5,-45,1.6639668e+11,0.000000
9,7,-27,1.6564905e+11,0.000000
9,5,-42,1.6196364e+11,0.000000
8,5,-48,1.6120808e+11,0.000000
10,-7,-33,1.5659987e+11,0.000000
9,-8,-27,1.5521302e+11,0.000000
10,-10,-11,1.4996965e+11,0.000000
9,6,-33,1.4540015e+11,0.000000
10,-8,-22,1.4536677e+11,0.000000
7,6,-38,1.4394411e+11,0.000000
10,-2,-2,1.4046523e+11,0.000000
8,8,-19,1.3966195e+11,0.000000
8,7,-20,1.3959981e+11,0.000000
8,5,-49,1.394645e+11,0.000000
10,-7,-36,1.3653764e+11,0.000000
6,6,-44,1.336913e+11,0.000000
8,6,-52,1.3345195e+11,0.000000
9,-9,-24,1.3233579e+11,0.000000
8,-8,-55,1.3186155e+11,0.000000
9,5,-39,1.3053899e+11,0.000000
6,5,-53,1.2535201e+11,0.000000
8,-7,-48,1.2248117e+11,0.000000
10,-8,-23,1.2001921e+11,0.000000
8,5,-50,1.1947071e+11,0.000000
10,-7,-51,1.1164768e+11,0.000000
10,5,-34,1.1038689e+11,0.000000
8,6,-49,1.1015853e+11,0.000000
9,8,-9,1.1013312e+11,0.000000
10,6,-33,1.0883885e+11,0.000000
7,7,-29,1.0810598e+11,0.000000
9,-8,-49,1.0579874e+11,0.000000
9,-8,-28,1.041627e+11,0.000000
8,6,-42,1.0165177e+11,0.000000
10,-8,-24,1.0109753e+11,0.000000
10,-7,-34,1.008421e+11,0.000000
9,-9,-51,9.9232499e+10,0.000000
9,-8,-36,9.891634e+10,0.000000
9,-8,-50,9.6257983e+10,0.000000
9,7,-28,9.3455942e+10,0.000000
6,5,-54,9.2174491e+10,0.000000
9,6,-34,9.161029e+10,0.000000
10,-9,-52,9.136754e+10,0.000000
8,-7,-52,8.8768863e+10,0.000000
8,7,-21,8.8250185e+10,0.000000
10,6,-34,8.7131188e+10,0.000000
10,-10,-49,8.4748947e+10,0.000000
10,-8,-25,8.4363979e+10,0.000000
9,-9,-25,8.2886283e+10,0.000000
10,-1,-2,8.2490832e+10,0.000000
7,6,-39,8.2029464e+10,0.000000
6,6,-45,8.1917118e+10,0.000000
8,8,-20,7.9974828e+10,0.000000
9,5,-40,7.5055413e+10,0.000000
10,-7,-35,7.5003398e+10,0.000000
10,5,-53,7.1972175e+10,0.000000
10,-8,-26,7.0275914e+10,0.000000
9,-8,-29,6.9965218e+10,0.000000
8,-8,-52,6.8071383e+10,0.000000
9,-8,-38,6.5306621e+10,0.000000
6,5,-55,6.465996e+10,0.000000
10,-10,-39,6.1767024e+10,0.000000
10,-7,-48,6.0667914e+10,0.000000
8,6,-43,6.0563208e+10,0.000000
8,5,-53,6.0427697e+10,0.000000
8,5,-51,5.8925542e+10,0.000000
9,6,-35,5.8491565e+10,0.000000
10,-7,-38,5.7249906e+10,0.000000
10,6,-47,5.7244691e+10,0.000000
10,-8,-27,5.6259936e+10,0.000000
8,-8,-45,5.526501e+10,0.000000
8,7,-22,5.4368776e+10,0.000000
10,-7,-10,5.2593115e+10,0.000000
9,7,-29,5.1653716e+10,0.000000
9,-9,-26,5.1455404e+10,0.000000
7,7,-30,5.1379141e+10,0.000000
10,-6,-7,5.0821859e+10,0.000000
6,6,-46,5.0784932e+10,0.000000
10,5,-35,4.8914969e+10,0.000000
10,6,-35,4.7959964e+10,0.000000
10,-9,-47,4.7051351e+10,0.000000
7,6,-40,4.6893496e+10,0.000000
9,-8,-30,4.6424117e+10,0.000000
10,-8,-28,4.6265351e+10,0.000000
10,6,-54,4.5850948e+10,0.000000
8,8,-21,4.5528177e+10,0.000000
10,6,-36,4.3486348e+10,0.000000
10,-9,-44,4.2602419e+10,0.000000
10,2,-3,4.2443466e+10,0.000000
6,6,-53,3.9588095e+10,0.000000
8,-7,-38,3.7424548e+10,0.000000
10,-8,-31,3.7404655e+10,0.000000
9,-6,-8,3.717117e+10,0.000000
10,7,-15,3.6686361e+10,0.000000
10,7,-14,3.6583372e+10,0.000000
9,6,-36,3.6306633e+10,0.000000
6,6,-48,3.5868133e+10,0.000000
8,6,-44,3.5854061e+10,0.000000
6,6,-47,3.4800458e+10,0.000000
10,-7,-8,3.4783129e+10,0.000000
10,-8,-29,3.473505e+10,0.000000
9,-9,-36,3.4196313e+10,0.000000
10,7,-16,3.3213285e+10,0.000000
8,7,-23,3.2705963e+10,0.000000
8,5,-52,3.2580542e+10,0.000000
9,-9,-27,3.1524413e+10,0.000000
9,-8,-31,3.1419784e+10,0.000000
10,7,-13,3.108904e+10,0.000000
10,-8,-30,2.9427941e+10,0.000000
9,7,-30,2.8932177e+10,0.000000
10,7,-17,2.7974916e+10,0.000000
10,-8,-32,2.7793719e+10,0.000000
10,8,-9,2.6927349e+10,0.000000
10,-9,-38,2.6803979e+10,0.000000
9,-8,-37,2.6722497e+10,0.000000
7,6,-41,2.6678734e+10,0.000000
8,8,-22,2.5809586e+10,0.000000
7,7,-31,2.4298432e+10,0.000000
10,-5,-7,2.4075272e+10,0.000000
7,7,-50,2.3428109e+10,0.000000
10,5,-36,2.3331939e+10,0.000000
9,6,-37,2.321089e+10,0.000000
10,6,-38,2.2592498e+10,0.000000
10,7,-18,2.2308963e+10,0.000000
6,6,-49,2.1073718e+10,0.000000
10,-9,-10,2.0574539e+10,0.000000
9,-8,-32,2.0454376e+10,0.000000
10,7,-12,1.9720068e+10,0.000000
8,6,-45,1.9677336e+10,0.000000
9,-9,-28,1.9449724e+10,0.000000
10,6,-37,1.9286675e+10,0.000000
8,7,-24,1.9234415e+10,0.000000
9,-8,-43,1.8935489e+10,0.000000
9,-8,-34,1.8065992e+10,0.000000
10,-9,-42,1.806369e+10,0.000000
9,6,-53,1.7323297e+10,0.000000
10,7,-19,1.7029883e+10,0.000000
10,5,-47,1.6861668e+10,0.000000
10,-9,-51,1.6772811e+10,0.000000
9,-8,-47,1.6735881e+10,0.000000
9,-8,-11,1.6425816e+10,0.000000
9,-8,-51,1.6410617e+10,0.000000
8,7,-50,1.6179442e+10,0.000000
6,6,-50,1.5617813e+10,0.000000
9,7,-31,1.5466794e+10,0.000000
10,-8,-33,1.5440459e+10,0.000000
7,6,-42,1.5211373e+10,0.000000
8,5,-54,1.5042598e+10,0.000000
8,8,-23,1.4588448e+10,0.000000
9,-9,-50,1.4503738e+10,0.000000
9,6,-38,1.4269169e+10,0.000000
9,6,-48,1.4048131e+10,0.000000
9,-8,-33,1.3902997e+10,0.000000
8,6,-46,1.3861713e+10,0.000000
9,-1,-1,1.3377188e+10,0.000000
6,6,-51,1.3246702e+10,0.000000
6,6,-54,1.3121936e+10,0.000000
10,7,-20,1.2535467e+10,0.000000
6,6,-52,1.2491925e+10,0.000000
8,-7,-51,1.2459118e+10,0.000000
10,6,-40,1.189936e+10,0.000000
9,-9,-29,1.1595595e+10,0.000000
10,5,-37,1.1316566e+10,0.000000
8,7,-25,1.1075249e+10,0.000000
9,7,-52,1.1059702e+10,0.000000
7,7,-32,1.0994832e+10,0.000000
10,-10,-54,1.0885052e+10,0.000000
10,6,-7,1.0486892e+10,0.000000
10,-2,-3,1.0224719e+10,0.000000
8,5,-55,1.0207214e+10,0.000000
10,-9,-40,9.814163e+09,0.000000
9,7,-55,9.4293924e+09,0.000000
9,6,-39,9.1365847e+09,0.000000
10,7,-21,8.9429593e+09,0.000000
10,-8,-11,8.9411192e+09,0.000000
9,7,-32,8.7532437e+09,0.000000
6,6,-55,8.6544995e+09,0.000000
7,6,-43,8.6307851e+09,0.000000
8,6,-47,8.5040836e+09,0.000000
10,-10,-43,8.2266275e+09,0.000000
8,8,-24,8.2219093e+09,0.000000
9,-9,-55,7.5898237e+09,0.000000
10,-10,-38,7.568162e+09,0.000000
10,-9,-39,7.3167851e+09,0.000000
10,-9,-46,7.3034046e+09,0.000000
9,-9,-30,7.1432787e+09,0.000000
10,6,-42,6.9210098e+09,0.000000
10,5,-54,6.7967185e+09,0.000000
10,8,-12,6.4524878e+09,0.000000
8,7,-26,6.2452839e+09,0.000000
10,7,-22,6.2074778e+09,0.000000
10,7,-11,6.0172685e+09,0.000000
10,5,-38,5.7248947e+09,0.000000
10,5,-39,5.6707326e+09,0.000000
9,6,-40,5.5435583e+09,0.000000
10,8,-13,5.127517e+09,0.000000
7,7,-33,5.0546795e+09,0.000000
10,5,-41,4.9868363e+09,0.000000
10,6,-51,4.9238393e+09,0.000000
7,6,-44,4.8991467e+09,0.000000
10,-10,-47,4.7046174e+09,0.000000
8,8,-25,4.6278782e+09,0.000000
9,7,-33,4.4177916e+09,0.000000
10,5,-43,4.4113888e+09,0.000000
10,6,-44,4.2199297e+09,0.000000
10,-10,-52,4.2175978e+09,0.000000
10,7,-23,4.2041426e+09,0.000000
9,-9,-31,4.1256914e+09,0.000000
10,5,-45,4.1148264e+09,0.000000
10,8,-51,3.951521e+09,0.000000
10,5,-55,3.9108196e+09,0.000000
10,5,-51,3.9063982e+09,0.000000
9,-9,-53,3.877115e+09,0.000000
9,3,-4,3.7904923e+09,0.000000
9,-3,-4,3.7074898e+09,0.000000
10,5,-40,3.6101974e+09,0.000000
10,-10,-37,3.5860434e+09,0.000000
9,6,-41,3.5705652e+09,0.000000
10,-9,-53,3.5156312e+09,0.000000
8,7,-27,3.455122e+09,0.000000
9,6,-52,3.4371562e+09,0.000000
8,-7,-9,3.2275596e+09,0.000000
9,7,-49,3.1470917e+09,0.000000
10,-10,-36,3.0849593e+09,0.000000
9,6,-50,3.0409096e+09,0.000000
9,-9,-32,2.95929e+09,0.000000
10,6,-46,2.8287544e+09,0.000000
10,8,-14,2.8251538e+09,0.000000
7,6,-45,2.7886348e+09,0.000000
10,7,-24,2.7859124e+09,0.000000
10,6,-41,2.7787926e+09,0.000000
10,5,-42,2.6817043e+09,0.000000
10,-9,-48,2.6742185e+09,0.000000
9,7,-34,2.6410743e+09,0.000000
8,8,-26,2.5971497e+09,0.000000
10,5,-44,2.5178808e+09,0.000000
10,-9,-54,2.46487e+09,0.000000
10,-10,-55,2.3112887e+09,0.000000
8,-8,-10,2.2939525e+09,0.000000
10,-10,-46,2.2551723e+09,0.000000
9,6,-54,2.2094836e+09,0.000000
10,7,-8,2.0995595e+09,0.000000
7,7,-34,2.0954893e+09,0.000000
9,6,-42,2.0900066e+09,0.000000
10,6,-43,1.9142715e+09,0.000000
8,7,-28,1.8710284e+09,0.000000
10,7,-25,1.8093159e+09,0.000000
9,-9,-33,1.7486733e+09,0.000000
10,-9,-50,1.5882301e+09,0.000000
7,6,-46,1.5821525e+09,0.000000
9,-9,-34,1.4932026e+09,0.000000
10,6,-39,1.4902409e+09,0.000000
9,7,-53,1.4675038e+09,0.000000
9,-9,-12,1.4637457e+09,0.000000
8,8,-27,1.4597724e+09,0.000000
10,8,-15,1.457975e+09,0.000000
10,6,-45,1.4324253e+09,0.000000
9,6,-43,1.414011e+09,0.000000
9,7,-54,1.24613e+09,0.000000
9,7,-35,1.1795174e+09,0.000000
10,7,-26,1.1549019e+09,0.000000
10,-9,-37,1.0731323e+09,0.000000
8,6,-51,1.0400506e+09,0.000000
8,7,-29,9.9626903e+08,0.000000
9,-9,-52,9.641767e+08,0.000000
10,5,-52,9.612037e+08,0.000000
7,7,-35,9.3179317e+08,0.000000
9,6,-49,9.2823838e+08,0.000000
9,-9,-49,9.1155087e+08,0.000000
7,6,-47,9.081596e+08,0.000000
7,6,-48,8.4062649e+08,0.000000
8,8,-28,8.1610061e+08,0.000000
9,7,-36,8.1017137e+08,0.000000
9,8,-15,8.0654446e+08,0.000000
9,6,-44,7.8900187e+08,0.000000
9,7,-51,7.8084014e+08,0.000000
9,8,-14,7.7784442e+08,0.000000
10,8,-16,7.6553233e+08,0.000000
10,7,-27,7.2420121e+08,0.000000
9,8,-16,7.1027557e+08,0.000000
10,-6,-8,6.9195046e+08,0.000000
7,6,-53,6.6480446e+08,0.000000
9,-9,-35,6.4469547e+08,0.000000
10,8,-50,6.3784894e+08,0.000000
10,5,-7,5.7072314e+08,0.000000
9,8,-17,5.6742439e+08,0.000000
9,8,-13,5.4828861e+08,0.000000
9,6,-45,5.3699922e+08,0.000000
8,7,-30,5.1576513e+08,0.000000
10,-9,-18,4.9750154e+08,0.000000
10,-9,-19,4.7619587e+08,0.000000
10,-9,-17,4.6890737e+08,0.000000
8,8,-29,4.6007728e+08,0.000000
10,8,-55,4.5358281e+08,0.000000
10,7,-28,4.4903022e+08,0.000000
10,10,-11,4.2943119e+08,0.000000
9,8,-18,4.2551579e+08,0.000000
10,-9,-20,4.215524e+08,0.000000
10,8,-17,4.2091416e+08,0.000000
10,-9,-16,3.8439699e+08,0.000000
10,-9,-41,3.7867951e+08,0.000000
10,8,-52,3.5792165e+08,0.000000
10,-9,-21,3.5128419e+08,0.000000
7,7,-36,3.3793972e+08,0.000000
10,-10,-35,3.3345537e+08,0.000000
7,6,-49,3.1034468e+08,0.000000
9,8,-19,3.0543768e+08,0.000000
9,9,-14,3.0320137e+08,0.000000
9,6,-47,2.9427244e+08,0.000000
7,6,-50,2.9407409e+08,0.000000
9,6,-46,2.8788841e+08,0.000000
10,-9,-22,2.7914369e+08,0.000000
9,7,-37,2.7873592e+08,0.000000
10,7,-29,2.7261825e+08,0.000000
8,7,-31,2.6398428e+08,0.000000
9,9,-13,2.6034178e+08,0.000000
7,6,-52,2.6009958e+08,0.000000
9,9,-15,2.5860155e+08,0.000000
10,-9,-15,2.5840178e+08,0.000000
9,7,-38,2.5730947e+08,0.000000
10,6,-55,2.5725135e+08,0.000000
10,-9,-43,2.5708522e+08,0.000000
8,8,-30,2.558521e+08,0.000000
10,8,-18,2.4472824e+08,0.000000
10,8,-54,2.4218992e+08,0.000000
10,7,-54,2.2479153e+08,0.000000
10,-9,-23,2.1354634e+08,0.000000
9,8,-20,2.1236055e+08,0.000000
9,9,-16,1.9826744e+08,0.000000
7,7,-52,1.8740323e+08,0.000000
10,-9,-36,1.8499475e+08,0.000000
10,7,-49,1.8139267e+08,0.000000
9,-7,-9,1.7849459e+08,0.000000
9,8,-12,1.7293444e+08,0.000000
10,-10,-53,1.6722375e+08,0.000000
10,7,-30,1.6623185e+08,0.000000
10,7,-52,1.6178602e+08,0.000000
10,-9,-24,1.5847562e+08,0.000000
10,9,-10,1.5365239e+08,0.000000
10,8,-19,1.5077491e+08,0.000000
8,8,-31,1.4591929e+08,0.000000
9,8,-21,1.4409435e+08,0.000000
9,9,-17,1.4270158e+08,0.000000
10,-9,-55,1.4168498e+08,0.000000
7,7,-37,1.4107277e+08,0.000000
8,6,-55,1.4080172e+08,0.000000
7,7,-55,1.3933595e+08,0.000000
10,7,-10,1.3761704e+08,0.000000
8,7,-32,1.2962681e+08,0.000000
10,-9,-14,1.2682401e+08,0.000000
10,-9,-25,1.1463966e+08,0.000000
7,6,-51,1.1033321e+08,0.000000
10,8,-20,98167770,0.000000
9,9,-18,98106214,0.000000
9,6,-8,97381693,0.000000
10,7,-31,97328955,0.000000
9,8,-22,95896006,0.000000
10,-9,-26,81307251,0.000000
8,8,-32,80083124,0.000000
9,7,-40,76437421,0.000000
10,8,-21,67056129,0.000000
7,6,-54,65632294,0.000000
9,9,-19,65087452,0.000000
9,8,-23,62819101,0.000000
8,7,-33,62611185,0.000000
10,7,-32,58727033,0.000000
9,7,-39,56698600,0.000000
10,-9,-27,56597808,0.000000
10,8,-22,47528874,0.000000
8,8,-33,47036119,0.000000
10,7,-51,44997673,0.000000
9,-8,-55,43063388,0.000000
9,9,-20,41961345,0.000000
9,8,-24,40599521,0.000000
10,-9,-28,40213377,0.000000
7,7,-38,38217914,0.000000
10,-9,-49,38042656,0.000000
9,7,-42,37713317,0.000000
10,7,-55,36758593,0.000000
10,8,-23,34473638,0.000000
8,8,-10,34084382,0.000000
10,7,-33,33494091,0.000000
10,-9,-13,31733670,0.000000
10,7,-53,30550100,0.000000
9,6,-51,29826160,0.000000
9,7,-44,29775500,0.000000
8,7,-34,28655294,0.000000
7,7,-54,28052425,0.000000
9,4,-5,27882727,0.000000
9,9,-21,26415585,0.000000
10,-9,-29,26246326,0.000000
9,8,-25,25950441,0.000000
10,8,-24,25366249,0.000000
10,-10,-18,25298082,0.000000
8,8,-34,24884834,0.000000
10,-10,-19,23429237,0.000000
9,-9,-11,23270350,0.000000
10,-5,-6,22372531,0.000000
10,5,-6,21582897,0.000000
7,6,-55,21289152,0.000000
10,-10,-17,20400299,0.000000
10,7,-34,19921529,0.000000
9,7,-48,19679208,0.000000
9,6,-55,19340298,0.000000
10,-10,-14,19122936,0.000000
9,7,-46,18746177,0.000000
10,8,-25,18608871,0.000000
10,-10,-20,18516493,0.000000
10,-9,-30,17852044,0.000000
9,7,-47,17759855,0.000000
7,7,-53,16927770,0.000000
9,8,-26,16420202,0.000000
9,9,-22,16295920,0.000000
8,8,-35,15591992,0.000000
8,8,-53,13888230,0.000000
10,8,-26,13742401,0.000000
8,8,-50,13597482,0.000000
10,-10,-21,13322495,0.000000
7,7,-39,13315595,0.000000
8,7,-35,12908015,0.000000
9,-4,-5,12183636,0.000000
10,-9,-31,11633686,0.000000
9,7,-43,11597209,0.000000
10,8,-11,11422067,0.000000
7,7,-49,11356694,0.000000
10,7,-35,10606029,0.000000
9,8,-27,10315740,0.000000
9,9,-23,9873793.5,0.000000
10,8,-27,9853050.4,0.000000
8,8,-55,9771663.2,0.000000
9,8,-11,9409082.5,0.000000
10,-10,-22,9053701.7,0.000000
10,-10,-16,8636794.4,0.000000
10,-9,-32,8202011.8,0.000000
7,7,-51,8143156,0.000000
8,8,-36,7656565.1,0.000000
10,8,-28,7288398.9,0.000000
10,7,-36,6860995.4,0.000000
8,8,-51,6569245.6,0.000000
8,7,-54,6461275.1,0.000000
9,8,-28,6422014,0.000000
10,-9,-33,6051997.2,0.000000
9,7,-41,6049483.7,0.000000
10,-10,-23,5942678.9,0.000000
9,9,-24,5891230.3,0.000000
8,8,-54,5760527.3,0.000000
10,-9,-34,5398679.1,0.000000
8,8,-37,5384021.3,0.000000
8,7,-36,5024040.3,0.000000
10,8,-29,4927870.5,0.000000
10,-10,-34,4787097,0.000000
10,6,-8,4405451.1,0.000000
9,8,-29,3994334,0.000000
10,-10,-24,3831489.7,0.000000
10,8,-30,3824080.8,0.000000
8,7,-52,3576196.5,0.000000
9,9,-25,3460967.4,0.000000
7,7,-47,3371075.2,0.000000
7,7,-45,3353933.5,0.000000
10,7,-37,3098136.8,0.000000
9,8,-50,3063028,0.000000
7,7,-48,3009130.9,0.000000
9,9,-52,2991481.2,0.000000
10,-9,-35,2987857,0.000000
7,7,-43,2665734.5,0.000000
10,-10,-15,2637538.3,0.000000
7,7,-46,2558897.9,0.000000
9,8,-30,2448993.6,0.000000
10,-10,-25,2436158.3,0.000000
8,8,-38,2337124.6,0.000000
10,7,-38,2286560.9,0.000000
7,7,-44,2281730.5,0.000000
10,8,-31,2264186.7,0.000000
8,8,-52,2241343.6,0.000000
8,7,-37,2062263.4,0.000000
10,8,-32,2032146.5,0.000000
9,9,-26,2011454.2,0.000000
8,8,-39,1925942.9,0.000000
9,7,-45,1883397.5,0.000000
9,8,-51,1624033.6,0.000000
7,7,-42,1606661.2,0.000000
10,-10,-26,1562625.7,0.000000
7,7,-40,1531124.6,0.000000
9,8,-31,1522803.8,0.000000
8,7,-9,1287099.2,0.000000
10,8,-48,1280987.8,0.000000
7,7,-41,1184083,0.000000
10,8,-34,1178348.1,0.000000
9,9,-27,1149917.9,0.000000
8,7,-55,1111950.8,0.000000
10,7,-48,1090785.9,0.000000
8,7,-49,1084542.5,0.000000
10,1,-1,1070329.3,0.000000
10,-10,-27,979145.46,0.000000
9,8,-32,919086.75,0.000000
10,8,-33,902357.15,0.000000
10,8,-47,839515.58,0.000000
10,8,-36,763836.78,0.000000
10,7,-39,761786.17,0.000000
8,8,-41,735339.28,0.000000
10,8,-46,718872.05,0.000000
10,8,-44,701162.61,0.000000
9,9,-28,656730.18,0.000000
10,-10,-28,651187.69,0.000000
8,8,-40,649687.31,0.000000
8,7,-38,649035.49,0.000000
10,8,-40,628600.89,0.000000
10,8,-53,621880.14,0.000000
10,8,-38,598894.46,0.000000
9,8,-33,575021.38,0.000000
10,8,-49,554156.6,0.000000
10,9,-52,513082.09,0.000000
10,8,-42,510525.94,0.000000
8,7,-53,503408.66,0.000000
9,8,-52,492920.24,0.000000
9,9,-12,475233.84,0.000000
10,8,-45,474205.73,0.000000
10,10,-53,452592.25,0.000000
10,-10,-29,388434.06,0.000000
10,-10,-32,388339.14,0.000000
10,-10,-30,373664.05,0.000000
9,9,-29,364490.62,0.000000
9,8,-34,341524.96,0.000000
10,8,-35,279652.7,0.000000
8,8,-43,264508.57,0.000000
10,7,-42,261565.31,0.000000
9,8,-55,252849.52,0.000000
9,9,-11,251629.01,0.000000
10,-10,-31,251576.23,0.000000
10,7,-41,239388.46,0.000000
10,7,-44,232069.26,0.000000
9,8,-35,217311.74,0.000000
10,8,-43,210006.63,0.000000
8,7,-39,208822.28,0.000000
9,9,-30,208056.1,0.000000
9,7,-9,200028.79,0.000000
9,8,-53,192147.89,0.000000
8,8,-42,180843.46,0.000000
8,7,-44,170110.27,0.000000
8,7,-42,149464.31,0.000000
8,7,-51,138042.43,0.000000
10,7,-46,137713.03,0.000000
10,9,-53,137301.98,0.000000
8,7,-40,134684.52,0.000000
8,8,-44,131224.05,0.000000
8,7,-45,129051.3,0.000000
10,7,-47,127879.51,0.000000
8,7,-43,127215.17,0.000000
9,8,-36,125292.64,0.000000
8,7,-46,124093.43,0.000000
10,-10,-12,123894.11,0.000000
8,8,-45,112456.26,0.000000
9,9,-31,110358.99,0.000000
9,8,-54,99813.757,0.000000
8,7,-41,97813.333,0.000000
8,7,-48,96492.804,0.000000
10,9,-17,94136.258,0.000000
10,7,-40,93925.648,0.000000
10,9,-16,92449.611,0.000000
8,7,-47,89592.31,0.000000
10,9,-18,86823.747,0.000000
9,-8,-10,86711.407,0.000000
9,8,-37,84134.048,0.000000
10,9,-15,79003.62,0.000000
10,9,-19,74301.525,0.000000
9,9,-32,65483.462,0.000000
10,-10,-33,63718.77,0.000000
10,9,-20,59949.752,0.000000
10,9,-54,57095.801,0.000000
10,7,-43,56888.931,0.000000
8,8,-48,54478.468,0.000000
10,9,-14,53937.647,0.000000
8,8,-46,52616.386,0.000000
10,8,-37,48855.018,0.000000
9,9,-53,48729.759,0.000000
10,9,-21,46116.869,0.000000
9,8,-38,45001.217,0.000000
8,8,-47,36836.026,0.000000
10,8,-39,36434.599,0.000000
10,9,-22,34097.892,0.000000
9,8,-39,32561.559,0.000000
9,9,-33,31108.414,0.000000
10,4,-5,28860.494,0.000000
10,9,-23,24374.525,0.000000
10,9,-13,21806.101,0.000000
9,9,-34,21558.045,0.000000
9,9,-54,20826.614,0.000000
10,8,-41,17388.499,0.000000
10,9,-24,16928.636,0.000000
9,8,-40,15998.809,0.000000
8,8,-49,14504.805,0.000000
9,8,-41,14148.228,0.000000
10,9,-25,11455.413,0.000000
10,-9,-12,11120.365,0.000000
10,7,-45,10733.047,0.000000
10,10,-54,8284.0341,0.000000
10,10,-55,8094.07,0.000000
10,10,-14,8024.4022,0.000000
9,9,-35,7756.2274,0.000000
9,9,-36,7701.8477,0.000000
10,9,-26,7587.4661,0.000000
9,8,-42,6579.3568,0.000000
9,8,-43,5480.5842,0.000000
10,10,-17,5122.1351,0.000000
10,9,-27,4917.3493,0.000000
10,-1,-1,4833.8852,0.000000
10,10,-18,4791.6765,0.000000
9,9,-55,4580.8473,0.000000
10,9,-51,4021.1239,0.000000
10,-4,-5,3881.4109,0.000000
10,10,-19,3636.2663,0.000000
9,9,-51,3557.1497,0.000000
10,10,-16,3509.6921,0.000000
9,9,-38,3485.4885,0.000000
9,8,-10,3407.0774,0.000000
10,3,-4,3289.84,0.000000
10,9,-28,3145.7736,0.000000
9,8,-45,2699.2976,0.000000
10,-8,-10,2476.0761,0.000000
10,10,-20,2462.4472,0.000000
9,9,-40,2076.217,0.000000
10,9,-29,1961.4726,0.000000
9,9,-49,1743.416,0.000000
9,8,-44,1684.0575,0.000000
10,-9,-11,1568.1343,0.000000
10,10,-21,1558.6565,0.000000
9,9,-48,1553.7579,0.000000
9,9,-37,1436.2842,0.000000
9,9,-46,1412.7608,0.000000
9,9,-47,1327.0195,0.000000
9,8,-47,1299.2088,0.000000
10,9,-30,1234.3691,0.000000
10,10,-15,1227.8508,0.000000
9,9,-44,1083.0141,0.000000
10,10,-22,946.35956,0.000000
10,10,-12,943.91537,0.000000
9,9,-45,913.83728,0.000000
10,9,-31,734.26846,0.000000
9,8,-49,724.49459,0.000000
10,10,-23,559.74585,0.000000
10,9,-32,468.53404,0.000000
9,8,-48,455.14707,0.000000
9,9,-50,416.02815,0.000000
10,10,-52,363.81311,0.000000
10,10,-24,326.38519,0.000000
10,-3,-4,301.03683,0.000000
10,-7,-9,295.97371,0.000000
10,9,-33,257.59222,0.000000
10,8,-10,232.84804,0.000000
10,-10,-13,224.03492,0.000000
10,10,-25,187.87301,0.000000
9,8,-46,176.09264,0.000000
10,9,-34,174.96352,0.000000
9,9,-43,114.98854,0.000000
9,9,-39,113.12437,0.000000
10,10,-26,108.88727,0.000000
10,10,-50,101.67489,0.000000
10,10,-51,100.55162,0.000000
10,9,-35,88.178597,0.000000
10,9,-55,86.534507,0.000000
9,9,-41,85.628829,0.000000
10,9,-50,77.610651,0.000000
10,10,-49,77.347898,0.000000
10,9,-36,65.282558,0.000000
10,10,-48,64.82634,0.000000
10,10,-27,61.622914,0.000000
10,10,-47,57.233427,0.000000
10,9,-49,44.446742,0.000000
10,10,-46,40.89681,0.000000
10,9,-11,40.098457,0.000000
10,10,-28,36.804774,0.000000
9,9,-42,31.970988,0.000000
10,9,-38,30.667147,0.000000
10,10,-45,29.769762,0.000000
10,10,-44,25.436075,0.000000
10,9,-37,25.417728,0.000000
10,10,-29,19.802729,0.000000
10,9,-48,15.096691,0.000000
10,9,-40,14.902384,0.000000
10,10,-30,13.643092,0.000000
10,9,-46,13.314235,0.000000
10,9,-12,8.7183993,0.000000
10,10,-32,6.0267917,0.000000
10,10,-31,5.8342988,0.000000
10,9,-39,5.1795741,0.000000
10,10,-34,4.3519187,0.000000
10,9,-45,4.3050792,0.000000
10,9,-47,2.6875954,0.000000
10,10,-41,1.652199,0.000000
10,9,-42,1.522351,0.000000
10,9,-41,1.5017878,0.000000
10,10,-40,1.4046442,0.000000
10,10,-42,1.2600764,0.000000
10,10,-33,1.2089043,0.000000
10,10,-38,1.1809113,0.000000
10,10,-39,1.0685284,0.000000
10,7,-9,0.98258199,0.000000
10,9,-44,0.95250618,0.000000
10,10,-36,0.67210299,0.000000
10,10,-43,0.64269941,0.000000
10,10,-37,0.63409343,0.000000
10,10,-35,0.40075258,0.000000
10,9,-43,0.32993867,0.000000
10,10,-13,0.11063578,0.000000
2,0,0,0,0.000000
3,0,0,0,0.000000
4,0,0,0,0.000000
5,0,0,0,0.000000
6,0,0,0,0.000000
7,0,0,0,0.000000
8,0,0,0,0.000000
9,0,0,0,0.000000
10,0,0,0,0.000000
