l,m,n,power,fraction_pct
2,-2,3,4.8190323e+45,37.989666
2,-2,2,3.6508939e+45,28.780932
2,-2,4,1.2828776e+45,10.113253
2,-2,1,7.8255284e+44,6.169065
2,-2,-1,5.2442669e+44,4.134190
2,-2,5,5.1833337e+44,4.086155
2,-2,6,2.4942805e+44,1.966305
2,-2,0,1.6176332e+44,1.275222
3,-3,4,1.5285039e+44,1.204959
2,-2,7,1.3112418e+44,1.033685
2,-2,8,7.2605091e+43,0.572365
3,-3,5,4.1641238e+43,0.328269
2,-2,9,4.1538376e+43,0.327458
3,-3,3,3.9944422e+43,0.314892
2,-1,1,3.2016447e+43,0.252394
2,-2,10,2.427442e+43,0.191361
2,-2,11,1.4382163e+43,0.113378
3,-3,6,1.4344969e+43,0.113085
2,-1,2,1.4225155e+43,0.112141
3,-3,2,1.1562304e+43,0.091149
2,-1,0,8.7945926e+42,0.069330
2,-2,12,8.5947429e+42,0.067755
3,-3,7,7.4532642e+42,0.058756
2,0,-1,7.2533692e+42,0.057180
2,0,1,7.2533692e+42,0.057180
2,-2,-2,5.2631576e+42,0.041491
2,-2,13,5.1613143e+42,0.040688
3,-3,1,4.9980065e+42,0.039401
3,-3,8,4.5518155e+42,0.035883
4,-4,5,3.7519989e+42,0.029578
2,-1,3,3.6353406e+42,0.028658
2,-2,14,3.1061578e+42,0.024487
3,-3,9,2.9986694e+42,0.023639
3,-3,0,2.9434505e+42,0.023204
4,-4,6,2.8228624e+42,0.022253
3,-3,10,2.0510992e+42,0.016169
2,-2,15,1.8696581e+42,0.014739
3,-2,3,1.6421858e+42,0.012946
3,-3,11,1.4288468e+42,0.011264
2,-1,4,1.3205074e+42,0.010410
2,-2,16,1.1240198e+42,0.008861
3,-3,-1,1.0548336e+42,0.008316
3,-3,12,1.0030208e+42,0.007907
3,-2,2,8.9185208e+41,0.007031
4,-4,4,8.2266777e+41,0.006485
3,-3,-2,7.6582583e+41,0.006037
2,0,-2,7.0826315e+41,0.005583
2,0,2,7.0826315e+41,0.005583
3,-3,13,7.050727e+41,0.005558
2,-2,17,6.7432845e+41,0.005316
4,-4,7,6.1667026e+41,0.004861
2,-1,5,5.5977885e+41,0.004413
3,-1,0,5.4269976e+41,0.004278
3,-3,14,4.9438199e+41,0.003897
2,-2,-3,4.7779725e+41,0.003767
2,-2,18,4.0350508e+41,0.003181
4,-3,4,3.8801669e+41,0.003059
3,-3,15,3.4491348e+41,0.002719
3,-2,4,3.3927409e+41,0.002675
4,-4,3,2.6682175e+41,0.002103
4,-4,8,2.6314957e+41,0.002074
2,-1,6,2.5966132e+41,0.002047
3,-1,2,2.44191e+41,0.001925
2,-2,19,2.4079719e+41,0.001898
3,-3,16,2.3904668e+41,0.001884
5,-5,7,2.1818864e+41,0.001720
2,2,-1,1.9029005e+41,0.001500
3,-2,1,1.7404144e+41,0.001372
3,-3,17,1.6442313e+41,0.001296
4,-4,9,1.4641358e+41,0.001154
2,-2,20,1.4333209e+41,0.001130
3,-2,5,1.3478568e+41,0.001063
2,-1,7,1.275707e+41,0.001006
3,-1,3,1.1752523e+41,0.000926
3,-3,18,1.121874e+41,0.000884
2,0,-3,1.087334e+41,0.000857
2,0,3,1.087334e+41,0.000857
4,-3,5,1.0570442e+41,0.000833
4,-4,10,9.3594515e+40,0.000738
4,-4,2,8.9595179e+40,0.000706
2,1,0,8.5529305e+40,0.000674
2,-2,21,8.5129262e+40,0.000671
3,-1,1,8.4448659e+40,0.000666
4,-3,3,8.1999456e+40,0.000646
5,-5,6,8.11543e+40,0.000640
3,-3,19,7.5925596e+40,0.000599
3,-2,6,6.8958685e+40,0.000544
4,-4,11,6.5166396e+40,0.000514
2,-1,8,6.5122232e+40,0.000513
3,-1,4,5.7560431e+40,0.000454
3,-3,20,5.0979308e+40,0.000402
2,-2,22,5.0474357e+40,0.000398
4,-4,12,4.7909789e+40,0.000378
2,-2,-4,4.3136089e+40,0.000340
5,-5,8,4.193848e+40,0.000331
3,-2,7,3.9429916e+40,0.000311
2,1,1,3.84516e+40,0.000303
4,-4,13,3.6424138e+40,0.000287
4,-4,1,3.4167812e+40,0.000269
2,-1,9,3.4119193e+40,0.000269
3,-3,21,3.3975628e+40,0.000268
4,-3,6,3.0972199e+40,0.000244
2,-2,23,2.9892678e+40,0.000236
3,1,0,2.9608696e+40,0.000233
3,-1,5,2.8633752e+40,0.000226
4,-4,14,2.8218719e+40,0.000222
3,-2,8,2.3907238e+40,0.000188
3,-3,22,2.2490264e+40,0.000177
4,-4,15,2.2048166e+40,0.000174
2,0,-4,2.0383759e+40,0.000161
2,0,4,2.0383759e+40,0.000161
5,-4,5,2.0367794e+40,0.000161
5,-5,5,1.9805143e+40,0.000156
5,-4,6,1.9437793e+40,0.000153
3,-2,0,1.9249173e+40,0.000152
4,-3,2,1.8900528e+40,0.000149
2,-1,10,1.8192568e+40,0.000143
2,-2,24,1.769361e+40,0.000139
4,-4,16,1.7249403e+40,0.000136
2,1,2,1.6994633e+40,0.000134
2,-1,-2,1.6767058e+40,0.000132
2,-1,-1,1.5602426e+40,0.000123
2,2,0,1.5299544e+40,0.000121
2,2,1,1.5204944e+40,0.000120
4,-3,7,1.5175615e+40,0.000120
2,2,2,1.5074786e+40,0.000119
3,-2,9,1.4984395e+40,0.000118
4,-4,0,1.4955898e+40,0.000118
3,-3,23,1.479834e+40,0.000117
3,-1,6,1.4494769e+40,0.000114
5,-5,9,1.397838e+40,0.000110
4,-4,17,1.3446851e+40,0.000106
2,2,3,1.2055181e+40,0.000095
2,-2,-5,1.0610844e+40,0.000084
2,-2,25,1.0473057e+40,0.000083
4,-4,18,1.0411481e+40,0.000082
6,-6,8,1.0037401e+40,0.000079
2,-1,11,9.8124104e+39,0.000077
3,-3,24,9.6869701e+39,0.000076
3,-2,10,9.5719888e+39,0.000075
3,-2,-1,9.2430668e+39,0.000073
4,-3,8,9.0384735e+39,0.000071
2,2,4,8.7315344e+39,0.000069
2,-1,-3,8.3249171e+39,0.000066
2,1,3,8.0576729e+39,0.000064
4,-4,19,7.990506e+39,0.000063
2,2,-2,7.5545683e+39,0.000060
4,-4,-1,7.4968307e+39,0.000059
3,-1,7,7.4433995e+39,0.000059
5,-5,10,6.9892643e+39,0.000055
5,-5,4,6.3538942e+39,0.000050
3,-3,25,6.3137945e+39,0.000050
4,-4,-2,6.3113474e+39,0.000050
2,-2,26,6.2024525e+39,0.000049
3,-2,11,6.1782029e+39,0.000049
4,-4,20,6.0717733e+39,0.000048
2,2,5,6.0120247e+39,0.000047
4,-3,9,5.9392844e+39,0.000047
2,-1,12,5.3294237e+39,0.000042
4,-4,21,4.5659655e+39,0.000036
2,0,-5,4.1374421e+39,0.000033
2,0,5,4.1374421e+39,0.000033
4,-3,10,4.1217336e+39,0.000032
3,-3,26,4.1009117e+39,0.000032
5,-5,11,4.0982737e+39,0.000032
6,-6,9,4.0950362e+39,0.000032
2,1,4,4.0256047e+39,0.000032
2,2,6,4.0195721e+39,0.000032
3,-2,12,4.006532e+39,0.000032
4,-3,1,3.9444848e+39,0.000031
3,-1,8,3.8611185e+39,0.000030
2,-1,-4,3.7845343e+39,0.000030
5,-4,4,3.7606612e+39,0.000030
2,-2,27,3.6769325e+39,0.000029
5,-4,7,3.5750206e+39,0.000028
4,-4,22,3.3980943e+39,0.000027
2,-2,-6,3.2485253e+39,0.000026
3,-3,-3,3.0326042e+39,0.000024
4,-3,11,2.9500994e+39,0.000023
2,-1,13,2.9048408e+39,0.000023
3,-1,-2,2.663096e+39,0.000021
3,-3,27,2.6564074e+39,0.000021
2,2,7,2.6362723e+39,0.000021
5,-5,12,2.6262057e+39,0.000021
3,-2,13,2.6004534e+39,0.000021
4,-4,23,2.5037431e+39,0.000020
6,-5,7,2.387721e+39,0.000019
2,-2,28,2.1827649e+39,0.000017
4,-3,12,2.1470353e+39,0.000017
5,-5,3,2.0912924e+39,0.000016
2,1,5,2.0854446e+39,0.000016
6,-6,7,2.0210331e+39,0.000016
3,-1,9,2.0149431e+39,0.000016
4,-4,24,1.8275524e+39,0.000014
5,-5,13,1.7894896e+39,0.000014
2,-1,-5,1.7550049e+39,0.000014
5,-3,4,1.7288114e+39,0.000014
3,-3,28,1.7172722e+39,0.000014
2,2,8,1.7049758e+39,0.000013
3,-2,14,1.6847524e+39,0.000013
2,1,-1,1.6507253e+39,0.000013
2,-1,14,1.5848159e+39,0.000012
4,-3,13,1.5745853e+39,0.000012
3,1,2,1.5729797e+39,0.000012
3,1,3,1.4639295e+39,0.000012
5,-4,8,1.4271903e+39,0.000011
3,0,-1,1.3260645e+39,0.000010
3,0,1,1.3260645e+39,0.000010
4,-4,25,1.3225697e+39,0.000010
2,-2,29,1.2979569e+39,0.000010
5,-5,14,1.2800382e+39,0.000010
4,-3,14,1.1567181e+39,0.000009
4,-4,-3,1.131347e+39,0.000009
3,-3,29,1.1086251e+39,0.000009
2,1,6,1.1078108e+39,0.000009
2,-2,-7,1.1004754e+39,0.000009
2,2,9,1.0904028e+39,0.000009
3,-2,15,1.0874729e+39,0.000009
3,-1,10,1.0539956e+39,0.000008
2,1,-2,1.0403481e+39,0.000008
5,-4,3,1.0368144e+39,0.000008
3,1,4,9.9221819e+38,0.000008
5,-5,15,9.5370183e+38,0.000008
4,-4,26,9.4976306e+38,0.000007
6,-6,10,9.0669191e+38,0.000007
4,-3,0,8.8877622e+38,0.000007
2,-1,15,8.63805e+38,0.000007
5,-3,3,8.5906988e+38,0.000007
4,-3,15,8.4776761e+38,0.000007
2,-1,-6,8.3881079e+38,0.000007
2,0,-6,8.364396e+38,0.000007
2,0,6,8.364396e+38,0.000007
5,-5,2,8.2841947e+38,0.000007
3,1,-2,7.7930251e+38,0.000006
2,-2,30,7.7329504e+38,0.000006
5,-4,9,7.7051278e+38,0.000006
5,-5,16,7.3522022e+38,0.000006
3,-3,30,7.1509887e+38,0.000006
6,-5,6,7.0525069e+38,0.000006
3,-2,16,6.9848342e+38,0.000006
2,2,10,6.9071634e+38,0.000005
4,-4,27,6.7740787e+38,0.000005
2,2,-3,6.3366238e+38,0.000005
3,3,-2,6.3173834e+38,0.000005
4,-3,16,6.1820815e+38,0.000005
3,1,5,6.0353393e+38,0.000005
2,1,7,5.9870583e+38,0.000005
5,-5,17,5.8245625e+38,0.000005
6,-6,6,5.7288276e+38,0.000005
3,-1,11,5.5087544e+38,0.000004
4,-4,28,4.802929e+38,0.000004
5,-4,10,4.7954595e+38,0.000004
5,-5,18,4.7079566e+38,0.000004
2,-1,16,4.6971786e+38,0.000004
2,-2,31,4.61668e+38,0.000004
3,-3,31,4.6108662e+38,0.000004
6,-5,8,4.5277039e+38,0.000004
5,-3,5,4.4900292e+38,0.000004
6,-4,5,4.4822521e+38,0.000004
4,-3,17,4.4773859e+38,0.000004
7,-7,10,4.4731118e+38,0.000004
3,-2,17,4.4609463e+38,0.000004
2,2,11,4.3381687e+38,0.000003
4,-3,-1,4.2834655e+38,0.000003
3,1,1,4.1766154e+38,0.000003
2,-1,-7,4.1183266e+38,0.000003
2,-2,-8,3.9644942e+38,0.000003
6,-6,11,3.9194253e+38,0.000003
5,-5,19,3.8553754e+38,0.000003
3,2,-1,3.8399591e+38,0.000003
5,-5,1,3.7872256e+38,0.000003
3,3,-1,3.594351e+38,0.000003
3,1,6,3.4989423e+38,0.000003
4,-4,29,3.3880169e+38,0.000003
2,1,-3,3.3002825e+38,0.000003
2,1,8,3.2729858e+38,0.000003
5,-4,11,3.2522116e+38,0.000003
4,-3,18,3.2171444e+38,0.000003
5,-5,20,3.1783824e+38,0.000003
3,0,-2,3.1477499e+38,0.000002
3,0,2,3.1477499e+38,0.000002
3,-3,32,2.9730318e+38,0.000002
7,-7,9,2.872662e+38,0.000002
3,-1,12,2.8687305e+38,0.000002
3,-2,18,2.8319721e+38,0.000002
3,2,1,2.8156866e+38,0.000002
3,3,0,2.7839099e+38,0.000002
2,-2,32,2.7621848e+38,0.000002
5,-3,2,2.7155085e+38,0.000002
2,2,12,2.7036275e+38,0.000002
5,-5,21,2.6239201e+38,0.000002
3,2,2,2.5940419e+38,0.000002
2,-1,17,2.5459139e+38,0.000002
5,-4,2,2.5111309e+38,0.000002
6,-4,6,2.5032206e+38,0.000002
4,-4,30,2.3795955e+38,0.000002
5,-4,12,2.336184e+38,0.000002
4,-3,19,2.2920867e+38,0.000002
3,-1,-4,2.1746551e+38,0.000002
5,-5,22,2.1603284e+38,0.000002
6,-6,12,2.1478291e+38,0.000002
3,2,3,2.111213e+38,0.000002
2,-1,-8,2.0660886e+38,0.000002
3,1,7,1.9768157e+38,0.000002
6,-6,5,1.919749e+38,0.000002
3,-3,33,1.9175716e+38,0.000002
2,1,9,1.8020901e+38,0.000001
3,-2,19,1.7870935e+38,0.000001
5,-5,23,1.7686276e+38,0.000001
5,-4,13,1.7461471e+38,0.000001
3,2,0,1.7020541e+38,0.000001
5,-5,0,1.694551e+38,0.000001
2,2,13,1.6731247e+38,0.000001
4,-4,31,1.6652599e+38,0.000001
2,-2,33,1.6562523e+38,0.000001
3,2,4,1.644236e+38,0.000001
4,-1,2,1.6290242e+38,0.000001
4,-3,20,1.6190079e+38,0.000001
2,0,-7,1.6151386e+38,0.000001
2,0,7,1.6151386e+38,0.000001
6,-5,5,1.6051075e+38,0.000001
3,-1,-5,1.6039101e+38,0.000001
3,3,1,1.5643205e+38,0.000001
2,-2,-9,1.4887251e+38,0.000001
3,-1,13,1.4848368e+38,0.000001
5,-3,6,1.4791851e+38,0.000001
5,-5,24,1.4370243e+38,0.000001
7,-6,8,1.3968516e+38,0.000001
2,-1,18,1.3746591e+38,0.000001
5,-4,14,1.3407571e+38,0.000001
6,-6,13,1.3128771e+38,0.000001
6,-5,9,1.3127341e+38,0.000001
4,2,0,1.2874401e+38,0.000001
3,2,5,1.2478446e+38,0.000001
3,-3,34,1.2374982e+38,0.000001
3,-1,-3,1.1856724e+38,0.000001
4,-4,32,1.1618579e+38,0.000001
5,-5,25,1.1575139e+38,0.000001
4,-3,21,1.1339966e+38,0.000001
2,1,-4,1.1327886e+38,0.000001
6,-4,4,1.1241809e+38,0.000001
3,-2,20,1.1213049e+38,0.000001
3,1,8,1.0984118e+38,0.000001
2,-1,-9,1.053894e+38,0.000001
5,-4,15,1.0473199e+38,0.000001
2,2,14,1.0288802e+38,0.000001
2,1,10,9.9602351e+37,0.000001
2,-2,34,9.9526749e+37,0.000001
3,-1,-6,9.7578437e+37,0.000001
3,2,6,9.2824496e+37,0.000001
4,2,1,9.2585376e+37,0.000001
5,-5,26,9.2389438e+37,0.000001
3,3,2,9.075473e+37,0.000001
4,2,-1,9.0320734e+37,0.000001
6,-6,14,8.5665426e+37,0.000001
4,0,-2,8.4681714e+37,0.000001
4,0,2,8.4681714e+37,0.000001
3,0,-3,8.344593e+37,0.000001
3,0,3,8.344593e+37,0.000001
5,-4,16,8.2601309e+37,0.000001
4,-4,33,8.086403e+37,0.000001
3,-3,35,7.9920554e+37,0.000001
4,-3,22,7.8798034e+37,0.000001
5,-5,-1,7.7789429e+37,0.000001
7,-7,11,7.7538435e+37,0.000001
5,-3,1,7.6687809e+37,0.000001
3,-1,14,7.6221667e+37,0.000001
7,-5,7,7.4735227e+37,0.000001
2,-1,19,7.3921631e+37,0.000001
5,-5,27,7.3072181e+37,0.000001
3,-2,21,6.9988458e+37,0.000001
7,-6,9,6.8895184e+37,0.000001
4,-1,1,6.7887323e+37,0.000001
3,2,7,6.7856362e+37,0.000001
4,-1,3,6.7052134e+37,0.000001
5,-4,17,6.5396238e+37,0.000001
6,-6,4,6.466845e+37,0.000001
5,-3,7,6.3429139e+37,0.000001
4,0,-3,6.3042271e+37,0.000000
4,0,3,6.3042271e+37,0.000000
2,2,15,6.2920461e+37,0.000000
6,-5,10,6.2504768e+37,0.000000
3,3,3,6.1087706e+37,0.000000
4,0,-1,6.0997806e+37,0.000000
4,0,1,6.0997806e+37,0.000000
3,1,9,6.0255076e+37,0.000000
7,-7,8,5.999754e+37,0.000000
2,-2,35,5.9932273e+37,0.000000
6,-6,15,5.8497388e+37,0.000000
2,-2,-10,5.75521e+37,0.000000
5,-5,28,5.7286337e+37,0.000000
6,-4,7,5.701066e+37,0.000000
5,-4,1,5.6484606e+37,0.000000
4,-4,34,5.6169313e+37,0.000000
3,-1,-7,5.5700465e+37,0.000000
2,1,11,5.5120978e+37,0.000000
2,-1,-10,5.4432097e+37,0.000000
4,-3,23,5.4354006e+37,0.000000
5,-4,18,5.1746712e+37,0.000000
3,-3,36,5.1659428e+37,0.000000
3,3,4,4.9812081e+37,0.000000
3,2,8,4.8817917e+37,0.000000
6,-5,4,4.8098491e+37,0.000000
3,-1,-1,4.8041848e+37,0.000000
4,-3,-2,4.7387151e+37,0.000000
3,3,5,4.5670261e+37,0.000000
4,-2,2,4.4716889e+37,0.000000
5,-5,29,4.4538943e+37,0.000000
2,1,-5,4.3539917e+37,0.000000
3,-2,22,4.3483112e+37,0.000000
3,3,6,4.2981368e+37,0.000000
6,-6,16,4.1367156e+37,0.000000
5,-4,19,4.079406e+37,0.000000
4,2,2,4.0277563e+37,0.000000
3,3,7,3.9593877e+37,0.000000
2,-1,20,3.9585656e+37,0.000000
4,-4,35,3.8955383e+37,0.000000
3,-1,15,3.8730443e+37,0.000000
2,2,16,3.8297187e+37,0.000000
3,1,-4,3.824548e+37,0.000000
2,2,-4,3.772629e+37,0.000000
2,0,-8,3.7399607e+37,0.000000
2,0,8,3.7399607e+37,0.000000
4,-3,24,3.7245905e+37,0.000000
7,-5,6,3.7129791e+37,0.000000
6,-4,3,3.6705936e+37,0.000000
4,-1,4,3.6621421e+37,0.000000
2,-2,36,3.6160912e+37,0.000000
6,-5,11,3.5735492e+37,0.000000
3,3,8,3.5156673e+37,0.000000
3,2,9,3.4599005e+37,0.000000
5,-5,30,3.4362608e+37,0.000000
4,-1,0,3.4089026e+37,0.000000
3,-3,37,3.3423533e+37,0.000000
3,1,-3,3.3274525e+37,0.000000
8,-8,11,3.2885217e+37,0.000000
3,1,10,3.2679093e+37,0.000000
5,-4,20,3.1969401e+37,0.000000
4,0,-4,3.1844407e+37,0.000000
4,0,4,3.1844407e+37,0.000000
3,-1,-8,3.0996914e+37,0.000000
2,1,12,3.0484695e+37,0.000000
6,-6,17,3.0116776e+37,0.000000
3,3,9,3.0040485e+37,0.000000
5,-3,8,3.0007199e+37,0.000000
4,-2,1,2.9560551e+37,0.000000
2,-1,-11,2.8370336e+37,0.000000
3,1,-1,2.7435986e+37,0.000000
4,-4,36,2.6984838e+37,0.000000
3,-2,23,2.6909312e+37,0.000000
5,-5,-2,2.6463983e+37,0.000000
5,-5,31,2.6325513e+37,0.000000
7,-7,12,2.594198e+37,0.000000
4,-3,25,2.5374429e+37,0.000000
5,-4,21,2.4869885e+37,0.000000
7,-6,7,2.4828144e+37,0.000000
3,3,10,2.4773498e+37,0.000000
6,-6,3,2.4689653e+37,0.000000
6,-4,8,2.4256669e+37,0.000000
5,-5,-3,2.4197461e+37,0.000000
3,2,10,2.417643e+37,0.000000
2,2,17,2.3219883e+37,0.000000
3,0,-4,2.2786079e+37,0.000000
3,0,4,2.2786079e+37,0.000000
3,1,-5,2.2782472e+37,0.000000
2,-2,-11,2.2708128e+37,0.000000
6,-5,12,2.2541639e+37,0.000000
6,-6,18,2.2501334e+37,0.000000
2,-2,37,2.1858023e+37,0.000000
3,-3,38,2.1646163e+37,0.000000
4,-1,5,2.1447488e+37,0.000000
2,-1,21,2.1110903e+37,0.000000
2,0,-9,2.0715002e+37,0.000000
2,0,9,2.0715002e+37,0.000000
5,-3,-1,2.0529795e+37,0.000000
5,-4,0,2.0514349e+37,0.000000
5,-5,32,2.0040138e+37,0.000000
3,3,11,1.9796152e+37,0.000000
3,-3,-5,1.9458931e+37,0.000000
3,-1,16,1.9446529e+37,0.000000
2,0,-10,1.9216619e+37,0.000000
2,0,10,1.9216619e+37,0.000000
5,-4,22,1.918952e+37,0.000000
4,-2,3,1.9043262e+37,0.000000
7,-7,7,1.9005485e+37,0.000000
4,-4,37,1.8676449e+37,0.000000
2,1,-6,1.8271715e+37,0.000000
9,-9,1,1.8021457e+37,0.000000
3,1,11,1.7527612e+37,0.000000
6,-6,19,1.7223997e+37,0.000000
4,-3,26,1.7199935e+37,0.000000
2,0,-11,1.7105978e+37,0.000000
2,0,11,1.7105978e+37,0.000000
3,-1,-9,1.7052412e+37,0.000000
2,1,13,1.6824974e+37,0.000000
3,2,11,1.6668051e+37,0.000000
3,-2,24,1.6598828e+37,0.000000
5,-3,0,1.5949056e+37,0.000000
3,3,12,1.5388426e+37,0.000000
6,-5,13,1.5183565e+37,0.000000
5,-5,33,1.5168276e+37,0.000000
4,2,3,1.4909203e+37,0.000000
2,-1,-12,1.4882846e+37,0.000000
4,0,-5,1.4786015e+37,0.000000
4,0,5,1.4786015e+37,0.000000
5,-3,9,1.4755494e+37,0.000000
5,-4,23,1.4681385e+37,0.000000
2,2,18,1.4035964e+37,0.000000
3,-3,39,1.4032344e+37,0.000000
2,0,-12,1.3667254e+37,0.000000
2,0,12,1.3667254e+37,0.000000
7,-5,8,1.3665603e+37,0.000000
6,-6,20,1.3493738e+37,0.000000
2,-2,38,1.3234232e+37,0.000000
6,-4,9,1.3167782e+37,0.000000
7,-6,10,1.3143505e+37,0.000000
4,-4,38,1.2918445e+37,0.000000
4,-1,6,1.2876202e+37,0.000000
7,-7,13,1.2782609e+37,0.000000
6,-5,3,1.255974e+37,0.000000
3,1,-6,1.207337e+37,0.000000
6,-4,2,1.2027958e+37,0.000000
3,3,13,1.1678205e+37,0.000000
4,-3,27,1.160913e+37,0.000000
5,-5,34,1.1422086e+37,0.000000
3,2,12,1.1346631e+37,0.000000
2,-1,22,1.121261e+37,0.000000
5,-4,24,1.1137934e+37,0.000000
3,-2,-2,1.0822122e+37,0.000000
6,-6,21,1.080652e+37,0.000000
6,-5,14,1.074601e+37,0.000000
3,-2,25,1.0212727e+37,0.000000
2,0,-13,1.0052074e+37,0.000000
2,0,13,1.0052074e+37,0.000000
4,-2,0,1.0023904e+37,0.000000
6,-6,2,1.0023144e+37,0.000000
8,-6,8,9.7579831e+36,0.000000
3,-1,17,9.6322553e+36,0.000000
8,-7,10,9.3429646e+36,0.000000
3,-1,-10,9.3248145e+36,0.000000
7,-5,5,9.3094542e+36,0.000000
3,1,12,9.2950632e+36,0.000000
2,1,14,9.2580104e+36,0.000000
4,1,0,9.2571915e+36,0.000000
3,3,-3,9.1398239e+36,0.000000
3,-3,40,9.1049327e+36,0.000000
2,-2,-12,9.0866913e+36,0.000000
4,-4,39,8.9324424e+36,0.000000
8,-8,12,8.9282806e+36,0.000000
6,-6,22,8.8301996e+36,0.000000
3,3,14,8.6796314e+36,0.000000
5,-5,35,8.56191e+36,0.000000
2,2,19,8.4658852e+36,0.000000
5,-4,25,8.3813576e+36,0.000000
3,-3,-6,8.374585e+36,0.000000
5,-1,1,8.33589e+36,0.000000
2,1,-7,8.1786462e+36,0.000000
2,-2,39,8.02451e+36,0.000000
6,-4,10,8.0137204e+36,0.000000
8,-8,10,7.9307184e+36,0.000000
6,-5,15,7.9139878e+36,0.000000
2,-1,-13,7.8426464e+36,0.000000
4,-3,28,7.8076854e+36,0.000000
4,-1,7,7.7948269e+36,0.000000
3,2,13,7.6328935e+36,0.000000
6,-6,23,7.3408118e+36,0.000000
5,-3,10,7.310249e+36,0.000000
7,-7,14,7.2801688e+36,0.000000
2,0,-14,6.9713097e+36,0.000000
2,0,14,6.9713097e+36,0.000000
7,-6,6,6.9304643e+36,0.000000
4,0,-6,6.6740585e+36,0.000000
4,0,6,6.6740585e+36,0.000000
2,2,-5,6.5458635e+36,0.000000
7,-7,6,6.4068838e+36,0.000000
5,-5,36,6.3919559e+36,0.000000
3,3,15,6.3355956e+36,0.000000
3,-2,26,6.2714937e+36,0.000000
3,1,-7,6.2612194e+36,0.000000
5,-4,26,6.2590824e+36,0.000000
6,-6,24,6.1856859e+36,0.000000
4,-4,40,6.175352e+36,0.000000
3,0,-5,6.1589081e+36,0.000000
3,0,5,6.1589081e+36,0.000000
6,-5,16,6.022465e+36,0.000000
2,-1,23,5.9313263e+36,0.000000
3,-3,41,5.9126082e+36,0.000000
6,-6,25,5.2610424e+36,0.000000
7,-6,11,5.2366661e+36,0.000000
4,-3,29,5.2356967e+36,0.000000
6,-4,11,5.1759626e+36,0.000000
2,2,20,5.0990149e+36,0.000000
3,-1,-11,5.0793557e+36,0.000000
3,2,14,5.0785066e+36,0.000000
2,1,15,5.0759512e+36,0.000000
5,-4,-1,4.9054868e+36,0.000000
4,4,-2,4.8969241e+36,0.000000
2,-2,40,4.8717231e+36,0.000000
3,1,13,4.8714786e+36,0.000000
8,-7,9,4.8400653e+36,0.000000
4,2,4,4.8074568e+36,0.000000
5,-5,37,4.7548495e+36,0.000000
4,-1,8,4.7192186e+36,0.000000
6,-5,17,4.707589e+36,0.000000
3,-1,18,4.6986931e+36,0.000000
5,-4,27,4.6414475e+36,0.000000
2,0,-15,4.6336154e+36,0.000000
2,0,15,4.6336154e+36,0.000000
3,3,16,4.5531835e+36,0.000000
6,-6,26,4.4974803e+36,0.000000
7,-7,15,4.4919828e+36,0.000000
8,-8,-6,4.4519686e+36,0.000000
7,-5,9,4.3874842e+36,0.000000
4,-4,41,4.2693158e+36,0.000000
2,-1,-14,4.1455575e+36,0.000000
6,-6,1,4.0920027e+36,0.000000
6,-6,27,3.849844e+36,0.000000
3,-2,27,3.8460221e+36,0.000000
3,-3,42,3.8421864e+36,0.000000
2,1,-8,3.8384924e+36,0.000000
6,-5,18,3.7588349e+36,0.000000
2,-2,-13,3.6694466e+36,0.000000
4,1,3,3.6005799e+36,0.000000
4,-2,4,3.5882936e+36,0.000000
5,-3,11,3.5740983e+36,0.000000
5,-5,38,3.5258448e+36,0.000000
4,1,2,3.5028527e+36,0.000000
4,-3,30,3.502723e+36,0.000000
6,-4,12,3.4468282e+36,0.000000
5,-4,28,3.4199814e+36,0.000000
8,-6,9,3.3799544e+36,0.000000
6,-4,1,3.3466727e+36,0.000000
3,2,15,3.3452202e+36,0.000000
3,-3,-7,3.3437625e+36,0.000000
6,-6,28,3.2897151e+36,0.000000
3,1,-8,3.2532427e+36,0.000000
7,-5,4,3.2513748e+36,0.000000
3,2,-2,3.2428672e+36,0.000000
3,3,17,3.2288216e+36,0.000000
6,-5,2,3.2216611e+36,0.000000
8,-8,-2,3.1707573e+36,0.000000
10,-10,-4,3.1489036e+36,0.000000
2,-1,24,3.1247628e+36,0.000000
2,2,21,3.0689441e+36,0.000000
6,-5,19,3.049508e+36,0.000000
4,3,-1,3.0018411e+36,0.000000
2,0,-16,2.9837831e+36,0.000000
2,0,16,2.9837831e+36,0.000000
4,0,-7,2.9633637e+36,0.000000
4,0,7,2.9633637e+36,0.000000
2,-2,41,2.9607802e+36,0.000000
4,-4,42,2.9520274e+36,0.000000
7,-7,16,2.9324976e+36,0.000000
4,1,4,2.9227796e+36,0.000000
7,-7,-4,2.8979456e+36,0.000000
4,-1,9,2.8432377e+36,0.000000
7,-7,-5,2.8320505e+36,0.000000
6,-6,29,2.7997334e+36,0.000000
2,1,16,2.7722433e+36,0.000000
3,-1,-12,2.7581672e+36,0.000000
7,-6,12,2.7385598e+36,0.000000
5,-5,39,2.6072332e+36,0.000000
5,-2,2,2.5356997e+36,0.000000
3,1,14,2.5218118e+36,0.000000
5,-4,-2,2.5135056e+36,0.000000
5,-4,29,2.5055668e+36,0.000000
6,-5,20,2.5013173e+36,0.000000
3,-3,43,2.4980359e+36,0.000000
5,-1,2,2.4871949e+36,0.000000
4,-4,-4,2.4068725e+36,0.000000
6,-6,30,2.369385e+36,0.000000
3,-2,28,2.3565519e+36,0.000000
4,-3,31,2.3390282e+36,0.000000
6,-4,13,2.3269209e+36,0.000000
3,3,18,2.2637311e+36,0.000000
3,-1,19,2.2530493e+36,0.000000
8,-6,7,2.2168259e+36,0.000000
2,-1,-15,2.1960613e+36,0.000000
3,2,16,2.1837233e+36,0.000000
7,-7,5,2.1646275e+36,0.000000
7,-6,5,2.1639788e+36,0.000000
4,1,5,2.1500049e+36,0.000000
5,1,1,2.1364224e+36,0.000000
7,-5,10,2.1260429e+36,0.000000
6,-5,21,2.0650571e+36,0.000000
8,-8,13,2.0547288e+36,0.000000
4,-4,43,2.0417182e+36,0.000000
8,-8,9,2.0266189e+36,0.000000
3,-3,-4,2.0197645e+36,0.000000
7,-7,17,2.0010822e+36,0.000000
6,-6,31,1.9920331e+36,0.000000
6,-6,0,1.9276664e+36,0.000000
5,-5,40,1.9232641e+36,0.000000
2,0,-17,1.8753872e+36,0.000000
2,0,17,1.8753872e+36,0.000000
2,1,-9,1.8658067e+36,0.000000
5,3,-1,1.8489646e+36,0.000000
2,2,22,1.8469272e+36,0.000000
4,4,-1,1.8419232e+36,0.000000
8,8,6,1.8330662e+36,0.000000
5,-2,1,1.8268852e+36,0.000000
5,-4,30,1.8263156e+36,0.000000
4,4,-3,1.8039578e+36,0.000000
2,-2,42,1.8010067e+36,0.000000
3,0,-6,1.7594672e+36,0.000000
3,0,6,1.7594672e+36,0.000000
4,-2,-1,1.7181998e+36,0.000000
6,-5,22,1.7094657e+36,0.000000
3,1,-9,1.7032096e+36,0.000000
4,-1,10,1.6986696e+36,0.000000
5,-3,12,1.6953385e+36,0.000000
6,-6,32,1.6629714e+36,0.000000
5,-5,-4,1.6617857e+36,0.000000
2,-1,25,1.639138e+36,0.000000
3,-3,44,1.624603e+36,0.000000
7,-6,13,1.6146613e+36,0.000000
8,-7,11,1.588891e+36,0.000000
6,-4,0,1.587325e+36,0.000000
6,-4,14,1.5758243e+36,0.000000
3,3,19,1.5718406e+36,0.000000
4,-3,32,1.5597447e+36,0.000000
2,2,-6,1.5379338e+36,0.000000
4,3,2,1.5174447e+36,0.000000
2,1,17,1.5081239e+36,0.000000
4,1,6,1.4967584e+36,0.000000
3,-1,-13,1.493403e+36,0.000000
2,-2,-14,1.4895686e+36,0.000000
5,-2,3,1.4802618e+36,0.000000
4,3,3,1.4723941e+36,0.000000
3,-2,29,1.443259e+36,0.000000
4,3,0,1.4271518e+36,0.000000
5,-5,41,1.4157272e+36,0.000000
7,-7,18,1.4155634e+36,0.000000
4,4,0,1.414526e+36,0.000000
6,-5,23,1.4144992e+36,0.000000
3,2,17,1.4141964e+36,0.000000
4,3,1,1.4128692e+36,0.000000
4,-4,44,1.4126016e+36,0.000000
4,3,4,1.3802248e+36,0.000000
6,-6,33,1.3782677e+36,0.000000
3,-3,-8,1.3746846e+36,0.000000
4,2,5,1.3436383e+36,0.000000
9,-9,12,1.3276087e+36,0.000000
5,-4,31,1.3252345e+36,0.000000
4,0,-8,1.2933778e+36,0.000000
4,0,8,1.2933778e+36,0.000000
3,1,15,1.2887083e+36,0.000000
4,3,5,1.2814851e+36,0.000000
4,1,1,1.2729037e+36,0.000000
7,-5,11,1.2290031e+36,0.000000
4,4,1,1.2082432e+36,0.000000
4,3,6,1.181471e+36,0.000000
6,-5,24,1.167124e+36,0.000000
2,-1,-16,1.1652439e+36,0.000000
2,0,-18,1.1567137e+36,0.000000
2,0,18,1.1567137e+36,0.000000
9,-9,13,1.1466458e+36,0.000000
6,-6,34,1.1341688e+36,0.000000
4,4,2,1.1167653e+36,0.000000
2,2,23,1.1119885e+36,0.000000
2,-2,43,1.0963717e+36,0.000000
3,3,20,1.0825658e+36,0.000000
4,3,7,1.0767514e+36,0.000000
6,-4,15,1.0631923e+36,0.000000
3,-1,20,1.0595179e+36,0.000000
3,-3,45,1.0566125e+36,0.000000
7,-5,3,1.0410685e+36,0.000000
5,-5,42,1.0402316e+36,0.000000
4,-3,33,1.0390172e+36,0.000000
7,-7,19,1.0314857e+36,0.000000
7,-6,14,1.0247225e+36,0.000000
4,1,7,1.0037743e+36,0.000000
4,-1,11,1.0035803e+36,0.000000
6,-5,1,9.980163e+35,0.000000
4,4,3,9.9245147e+35,0.000000
4,-4,45,9.7771959e+35,0.000000
5,-3,-2,9.7230837e+35,0.000000
8,-7,8,9.6740306e+35,0.000000
4,3,-2,9.6546386e+35,0.000000
4,3,8,9.6514167e+35,0.000000
6,-5,25,9.5862488e+35,0.000000
5,-4,32,9.5784681e+35,0.000000
2,1,-10,9.3083739e+35,0.000000
6,-6,35,9.2686685e+35,0.000000
3,2,18,9.0952514e+35,0.000000
3,1,-10,8.987401e+35,0.000000
3,-2,30,8.8380375e+35,0.000000
8,-8,14,8.7739216e+35,0.000000
2,-1,26,8.5581117e+35,0.000000
4,3,9,8.4787157e+35,0.000000
6,-2,3,8.4306502e+35,0.000000
4,4,4,8.2212518e+35,0.000000
2,1,18,8.1729723e+35,0.000000
7,-7,4,8.1670277e+35,0.000000
3,-1,-14,8.0634202e+35,0.000000
5,1,2,7.9579393e+35,0.000000
6,-6,-1,7.9249605e+35,0.000000
10,-9,1,7.9083316e+35,0.000000
7,-5,12,7.8728758e+35,0.000000
6,-5,26,7.8287797e+35,0.000000
7,-7,20,7.7033697e+35,0.000000
5,-3,13,7.6723229e+35,0.000000
5,-5,43,7.6314818e+35,0.000000
9,-7,10,7.5402018e+35,0.000000
6,-6,36,7.5247561e+35,0.000000
9,-8,11,7.524064e+35,0.000000
3,0,-7,7.4825127e+35,0.000000
3,0,7,7.4825127e+35,0.000000
3,3,21,7.4052111e+35,0.000000
4,-2,5,7.3612907e+35,0.000000
8,-6,10,7.3534363e+35,0.000000
4,3,10,7.2874581e+35,0.000000
6,-4,16,7.1131977e+35,0.000000
2,0,-19,7.0296409e+35,0.000000
2,0,19,7.0296409e+35,0.000000
4,-3,34,6.9164152e+35,0.000000
5,-4,33,6.8992762e+35,0.000000
3,-3,46,6.8703971e+35,0.000000
7,-6,15,6.8607021e+35,0.000000
8,-8,8,6.8453569e+35,0.000000
5,-2,0,6.7866397e+35,0.000000
4,-4,46,6.7699955e+35,0.000000
2,2,24,6.7009231e+35,0.000000
2,-2,44,6.6790944e+35,0.000000
4,1,8,6.5389761e+35,0.000000
8,-6,6,6.5389513e+35,0.000000
3,1,16,6.4969097e+35,0.000000
4,4,5,6.4367584e+35,0.000000
6,-5,27,6.3526667e+35,0.000000
2,-1,-17,6.1916289e+35,0.000000
4,3,11,6.1258065e+35,0.000000
9,-7,9,6.1019878e+35,0.000000
6,-6,37,6.0710537e+35,0.000000
2,-2,-15,6.0584751e+35,0.000000
7,-6,4,6.0177719e+35,0.000000
3,-3,-9,5.8776132e+35,0.000000
7,-7,21,5.873093e+35,0.000000
4,-1,12,5.8493699e+35,0.000000
3,0,-8,5.8240914e+35,0.000000
3,0,8,5.8240914e+35,0.000000
3,2,19,5.815024e+35,0.000000
3,0,-9,5.5933279e+35,0.000000
3,0,9,5.5933279e+35,0.000000
5,-5,44,5.5914759e+35,0.000000
4,0,-9,5.5171474e+35,0.000000
4,0,9,5.5171474e+35,0.000000
3,-2,31,5.4127708e+35,0.000000
7,-5,13,5.3959961e+35,0.000000
5,3,2,5.3236548e+35,0.000000
6,-6,-2,5.2043732e+35,0.000000
3,0,-10,5.1808087e+35,0.000000
3,0,10,5.1808087e+35,0.000000
6,-5,28,5.1203393e+35,0.000000
4,3,12,5.0387395e+35,0.000000
3,3,22,5.0368239e+35,0.000000
5,-4,34,4.954634e+35,0.000000
4,4,6,4.9168646e+35,0.000000
5,-2,4,4.8908154e+35,0.000000
3,-1,21,4.8716655e+35,0.000000
6,-6,38,4.8697042e+35,0.000000
5,3,1,4.851539e+35,0.000000
5,3,3,4.8504483e+35,0.000000
8,-8,-4,4.8167253e+35,0.000000
7,-6,16,4.7918731e+35,0.000000
3,1,-11,4.7730216e+35,0.000000
2,1,-11,4.734067e+35,0.000000
8,-7,12,4.7323319e+35,0.000000
6,-4,17,4.7038058e+35,0.000000
4,-4,47,4.6896049e+35,0.000000
3,-2,-3,4.6662047e+35,0.000000
6,-4,-1,4.6221683e+35,0.000000
8,-8,15,4.6146776e+35,0.000000
4,-3,35,4.6019687e+35,0.000000
7,-7,22,4.5573347e+35,0.000000
3,-3,47,4.4649015e+35,0.000000
3,0,-11,4.4574771e+35,0.000000
3,0,11,4.4574771e+35,0.000000
2,-1,27,4.4445901e+35,0.000000
2,1,19,4.4130962e+35,0.000000
6,-2,2,4.3489604e+35,0.000000
3,-1,-15,4.3421557e+35,0.000000
2,2,-7,4.2916501e+35,0.000000
4,2,9,4.2880762e+35,0.000000
2,0,-20,4.2226906e+35,0.000000
2,0,20,4.2226906e+35,0.000000
5,3,0,4.2213588e+35,0.000000
4,2,10,4.1967695e+35,0.000000
4,2,6,4.1696356e+35,0.000000
7,-4,5,4.1684323e+35,0.000000
4,1,9,4.1551534e+35,0.000000
6,-5,29,4.0992555e+35,0.000000
5,-5,45,4.0924745e+35,0.000000
2,-2,45,4.0722487e+35,0.000000
4,3,13,4.060012e+35,0.000000
2,2,25,4.0430685e+35,0.000000
8,-8,-5,3.9885882e+35,0.000000
5,3,4,3.9724861e+35,0.000000
6,-6,39,3.8848969e+35,0.000000
7,-5,14,3.872236e+35,0.000000
4,4,7,3.8183404e+35,0.000000
4,2,8,3.809759e+35,0.000000
3,2,20,3.6994169e+35,0.000000
4,2,11,3.6940441e+35,0.000000
3,0,-12,3.5973002e+35,0.000000
3,0,12,3.5973002e+35,0.000000
7,-7,23,3.5916304e+35,0.000000
5,-1,3,3.5662866e+35,0.000000
5,-4,35,3.5489224e+35,0.000000
7,-6,17,3.4663978e+35,0.000000
8,-8,-1,3.4157094e+35,0.000000
3,3,23,3.4099078e+35,0.000000
4,-1,13,3.3561267e+35,0.000000
3,-2,32,3.3159721e+35,0.000000
7,-7,3,3.2952605e+35,0.000000
2,-1,-18,3.2946756e+35,0.000000
6,-5,0,3.2727945e+35,0.000000
6,-5,30,3.2601714e+35,0.000000
5,-3,14,3.2545067e+35,0.000000
4,-4,48,3.249652e+35,0.000000
3,1,17,3.2287402e+35,0.000000
4,3,14,3.2091946e+35,0.000000
4,4,8,3.1308393e+35,0.000000
4,2,7,3.105124e+35,0.000000
6,-6,40,3.0836344e+35,0.000000
6,-4,18,3.0673385e+35,0.000000
4,-3,36,3.0612947e+35,0.000000
8,-7,7,3.0602666e+35,0.000000
8,-6,11,3.0572589e+35,0.000000
5,3,5,3.0117548e+35,0.000000
4,2,12,3.0093902e+35,0.000000
5,-5,46,2.992845e+35,0.000000
7,-5,2,2.9735675e+35,0.000000
3,-2,-4,2.9635567e+35,0.000000
3,-3,48,2.8991188e+35,0.000000
7,-7,24,2.8713642e+35,0.000000
7,-5,15,2.8647971e+35,0.000000
6,-4,-2,2.7966976e+35,0.000000
5,1,0,2.7865108e+35,0.000000
3,0,-13,2.7601307e+35,0.000000
3,0,13,2.7601307e+35,0.000000
4,4,9,2.7524658e+35,0.000000
8,-8,16,2.6667117e+35,0.000000
5,3,-2,2.6431984e+35,0.000000
3,-3,-10,2.603543e+35,0.000000
4,2,-4,2.5995354e+35,0.000000
7,-6,18,2.5840811e+35,0.000000
4,1,10,2.5809565e+35,0.000000
6,-5,31,2.5764661e+35,0.000000
4,4,10,2.5580442e+35,0.000000
3,1,-12,2.5464621e+35,0.000000
5,-4,36,2.5363916e+35,0.000000
9,-9,11,2.5160757e+35,0.000000
2,0,-21,2.5136088e+35,0.000000
2,0,21,2.5136088e+35,0.000000
4,3,15,2.4923933e+35,0.000000
2,-2,46,2.4855868e+35,0.000000
5,-2,5,2.4821279e+35,0.000000
6,-2,4,2.4668717e+35,0.000000
2,-2,-16,2.4618011e+35,0.000000
2,2,26,2.4431758e+35,0.000000
2,1,-12,2.4417245e+35,0.000000
4,4,11,2.4409586e+35,0.000000
6,-6,41,2.4362092e+35,0.000000
9,-9,-1,2.3819479e+35,0.000000
2,1,20,2.3747619e+35,0.000000
9,-8,12,2.361419e+35,0.000000
9,8,6,2.3445594e+35,0.000000
3,2,21,2.3439018e+35,0.000000
3,-1,-16,2.3325908e+35,0.000000
4,4,12,2.3298955e+35,0.000000
7,-7,25,2.3278271e+35,0.000000
8,-6,5,2.322633e+35,0.000000
8,-8,7,2.3158153e+35,0.000000
4,2,13,2.313064e+35,0.000000
3,3,24,2.2996652e+35,0.000000
2,-1,28,2.2939128e+35,0.000000
4,0,-10,2.2796849e+35,0.000000
4,0,10,2.2796849e+35,0.000000
7,-4,6,2.2639387e+35,0.000000
4,-4,49,2.2524357e+35,0.000000
5,2,0,2.2301838e+35,0.000000
4,-2,6,2.228477e+35,0.000000
8,-7,13,2.2107733e+35,0.000000
4,4,13,2.1887666e+35,0.000000
5,-5,47,2.1873191e+35,0.000000
3,-1,22,2.1810851e+35,0.000000
7,-5,16,2.1596556e+35,0.000000
5,3,6,2.1429492e+35,0.000000
6,-6,-3,2.1297898e+35,0.000000
4,-3,37,2.0362971e+35,0.000000
3,0,-14,2.0351169e+35,0.000000
3,0,14,2.0351169e+35,0.000000
3,-2,33,2.0322336e+35,0.000000
6,-5,32,2.0239887e+35,0.000000
4,4,14,2.0083286e+35,0.000000
9,-9,14,1.9982597e+35,0.000000
7,-6,19,1.9777653e+35,0.000000
6,-4,19,1.969226e+35,0.000000
6,-6,42,1.9164126e+35,0.000000
7,-7,26,1.9141445e+35,0.000000
4,3,16,1.9050339e+35,0.000000
4,-1,14,1.8916552e+35,0.000000
3,-3,49,1.8802086e+35,0.000000
8,-5,7,1.8413323e+35,0.000000
3,-2,-5,1.8329479e+35,0.000000
5,-4,37,1.8093085e+35,0.000000
5,1,3,1.8041121e+35,0.000000
4,4,15,1.7957112e+35,0.000000
7,-7,-3,1.7591517e+35,0.000000
5,-2,6,1.7560548e+35,0.000000
2,-1,-19,1.7559425e+35,0.000000
7,-6,3,1.7372685e+35,0.000000
4,2,14,1.6991353e+35,0.000000
7,-5,17,1.6441493e+35,0.000000
8,-8,17,1.6412332e+35,0.000000
8,-6,12,1.6178365e+35,0.000000
5,-5,48,1.59792e+35,0.000000
7,-7,27,1.5969388e+35,0.000000
9,-8,10,1.5845635e+35,0.000000
6,-5,33,1.5810966e+35,0.000000
3,1,18,1.5801309e+35,0.000000
4,1,11,1.5685958e+35,0.000000
4,4,16,1.5653504e+35,0.000000
4,-4,50,1.5614462e+35,0.000000
7,-6,20,1.5494619e+35,0.000000
3,3,25,1.5461044e+35,0.000000
2,-2,47,1.5196253e+35,0.000000
4,-2,7,1.5196051e+35,0.000000
6,-6,43,1.5015256e+35,0.000000
2,0,-22,1.4857853e+35,0.000000
2,0,22,1.4857853e+35,0.000000
3,2,22,1.4801671e+35,0.000000
2,2,27,1.4789734e+35,0.000000
4,-2,8,1.4676315e+35,0.000000
3,0,-15,1.4533555e+35,0.000000
3,0,15,1.4533555e+35,0.000000
5,3,7,1.4419702e+35,0.000000
4,3,17,1.4353635e+35,0.000000
5,-2,7,1.4241637e+35,0.000000
5,-1,0,1.415356e+35,0.000000
4,-2,9,1.3759677e+35,0.000000
3,1,-13,1.3623244e+35,0.000000
4,-3,38,1.3545953e+35,0.000000
7,-7,28,1.3515044e+35,0.000000
7,-7,2,1.3425597e+35,0.000000
2,2,-8,1.3420131e+35,0.000000
4,4,17,1.3326801e+35,0.000000
5,-4,38,1.2885839e+35,0.000000
5,2,1,1.2873285e+35,0.000000
9,-7,11,1.2826026e+35,0.000000
9,-7,8,1.2774476e+35,0.000000
5,-3,15,1.2759951e+35,0.000000
2,1,21,1.2737651e+35,0.000000
2,1,-13,1.2721228e+35,0.000000
7,-5,18,1.2555007e+35,0.000000
3,-1,-17,1.2504615e+35,0.000000
3,-2,34,1.2460126e+35,0.000000
6,-4,20,1.2432753e+35,0.000000
7,-6,21,1.2392426e+35,0.000000
6,-5,34,1.2287043e+35,0.000000
3,-3,50,1.2176109e+35,0.000000
4,2,-2,1.2132886e+35,0.000000
8,-7,14,1.2090153e+35,0.000000
4,2,15,1.2036757e+35,0.000000
5,-2,8,1.1975666e+35,0.000000
4,-2,10,1.1896409e+35,0.000000
3,-3,-11,1.1878632e+35,0.000000
2,-1,29,1.1750484e+35,0.000000
6,-6,44,1.1721542e+35,0.000000
5,-5,49,1.1670584e+35,0.000000
7,-7,29,1.1591068e+35,0.000000
10,-10,14,1.1296277e+35,0.000000
4,2,-5,1.1178375e+35,0.000000
4,4,18,1.1105938e+35,0.000000
6,-5,-1,1.104159e+35,0.000000
7,-5,1,1.0918203e+35,0.000000
4,-4,51,1.0823938e+35,0.000000
7,-4,4,1.0731042e+35,0.000000
4,3,18,1.06776e+35,0.000000
5,-4,-3,1.0649147e+35,0.000000
8,-8,18,1.0629843e+35,0.000000
4,-1,15,1.0452619e+35,0.000000
3,3,26,1.0368955e+35,0.000000
10,-8,11,1.0367946e+35,0.000000
6,-2,5,1.0349002e+35,0.000000
3,-2,-6,1.0250708e+35,0.000000
3,0,-16,1.0111591e+35,0.000000
3,0,16,1.0111591e+35,0.000000
7,-6,22,1.0091657e+35,0.000000
7,-7,30,1.0054711e+35,0.000000
5,-2,9,1.0033495e+35,0.000000
2,-2,-17,9.9663525e+34,0.000000
8,-7,6,9.7012163e+34,0.000000
8,-6,13,9.6291201e+34,0.000000
4,-2,11,9.6118844e+34,0.000000
7,-5,19,9.5681191e+34,0.000000
6,-5,35,9.5026603e+34,0.000000
3,-1,23,9.4521871e+34,0.000000
2,-1,-20,9.375744e+34,0.000000
4,1,12,9.3306252e+34,0.000000
3,2,23,9.3228278e+34,0.000000
2,-2,48,9.314205e+34,0.000000
5,3,8,9.2141421e+34,0.000000
5,-4,39,9.1649742e+34,0.000000
6,-3,4,9.1427855e+34,0.000000
6,-6,45,9.1196261e+34,0.000000
4,4,19,9.0804964e+34,0.000000
10,8,6,9.042251e+34,0.000000
4,0,-11,9.0149511e+34,0.000000
4,0,11,9.0149511e+34,0.000000
9,-9,0,9.0136796e+34,0.000000
4,-3,39,9.0126256e+34,0.000000
2,2,28,8.9700689e+34,0.000000
7,-7,31,8.7986211e+34,0.000000
9,-8,-2,8.7603753e+34,0.000000
2,0,-23,8.7357193e+34,0.000000
2,0,23,8.7357193e+34,0.000000
8,-5,6,8.6107266e+34,0.000000
5,-5,50,8.5231164e+34,0.000000
5,1,-3,8.3707839e+34,0.000000
7,-6,23,8.3452049e+34,0.000000
4,2,16,8.2772924e+34,0.000000
5,-2,10,8.2587978e+34,0.000000
6,-6,-4,8.1508449e+34,0.000000
8,-8,6,8.036964e+34,0.000000
3,-3,51,7.8720052e+34,0.000000
4,3,19,7.8537176e+34,0.000000
7,-7,32,7.744176e+34,0.000000
6,-4,21,7.7136541e+34,0.000000
3,-2,35,7.6426397e+34,0.000000
3,1,19,7.6046029e+34,0.000000
9,-9,10,7.5599786e+34,0.000000
4,-4,52,7.501202e+34,0.000000
8,-6,4,7.4193012e+34,0.000000
4,-2,12,7.372036e+34,0.000000
6,-5,36,7.3167095e+34,0.000000
4,4,20,7.300464e+34,0.000000
3,1,-14,7.29706e+34,0.000000
7,-5,20,7.2509907e+34,0.000000
8,-7,15,7.1996128e+34,0.000000
8,-8,19,7.1906179e+34,0.000000
5,-1,4,7.1709199e+34,0.000000
6,-2,0,7.1309381e+34,0.000000
6,-6,46,7.0735153e+34,0.000000
7,-6,24,6.988378e+34,0.000000
3,3,27,6.9403684e+34,0.000000
3,0,-17,6.8847769e+34,0.000000
3,0,17,6.8847769e+34,0.000000
7,-7,33,6.8358117e+34,0.000000
2,1,22,6.8107906e+34,0.000000
9,-9,15,6.8042952e+34,0.000000
3,-1,-18,6.6925224e+34,0.000000
2,1,-14,6.6743403e+34,0.000000
5,-2,11,6.6495315e+34,0.000000
3,2,-3,6.6226101e+34,0.000000
7,7,5,6.5204873e+34,0.000000
5,-4,40,6.511363e+34,0.000000
5,-5,51,6.225005e+34,0.000000
8,-6,14,6.176047e+34,0.000000
7,-7,34,6.0358621e+34,0.000000
4,-3,40,5.9977844e+34,0.000000
2,-1,30,5.9636311e+34,0.000000
7,-7,1,5.957653e+34,0.000000
7,-6,25,5.9094633e+34,0.000000
3,2,24,5.8601704e+34,0.000000
4,4,21,5.7830369e+34,0.000000
5,-1,6,5.7580159e+34,0.000000
2,-2,49,5.7311723e+34,0.000000
4,3,20,5.7194381e+34,0.000000
4,-1,16,5.6500242e+34,0.000000
6,-5,37,5.610672e+34,0.000000
5,3,9,5.6000108e+34,0.000000
10,-10,3,5.5830826e+34,0.000000
5,-1,7,5.5764591e+34,0.000000
4,2,17,5.5531015e+34,0.000000
3,-3,-12,5.5525872e+34,0.000000
6,-6,47,5.4711663e+34,0.000000
2,2,29,5.4513559e+34,0.000000
7,-5,21,5.450645e+34,0.000000
4,1,13,5.4316226e+34,0.000000
4,-2,13,5.4277416e+34,0.000000
7,-6,2,5.4221042e+34,0.000000
3,-2,-7,5.4112311e+34,0.000000
7,-7,35,5.3199327e+34,0.000000
5,-2,12,5.2323027e+34,0.000000
4,-4,53,5.1957134e+34,0.000000
5,-1,5,5.1871675e+34,0.000000
2,0,-24,5.1159382e+34,0.000000
2,0,24,5.1159382e+34,0.000000
3,-3,52,5.0806121e+34,0.000000
8,-8,20,5.0481648e+34,0.000000
7,-6,26,5.0318484e+34,0.000000
2,-1,-21,5.0167386e+34,0.000000
5,2,2,4.9812745e+34,0.000000
5,1,7,4.9271898e+34,0.000000
6,-5,-2,4.9239095e+34,0.000000
9,-8,13,4.8081991e+34,0.000000
6,-2,6,4.7914285e+34,0.000000
5,-1,8,4.7520283e+34,0.000000
5,-3,16,4.727393e+34,0.000000
6,-3,3,4.7129817e+34,0.000000
8,-7,-4,4.7096021e+34,0.000000
6,-4,22,4.700838e+34,0.000000
3,-2,36,4.6891594e+34,0.000000
7,-7,36,4.6729441e+34,0.000000
3,3,28,4.6384855e+34,0.000000
5,-4,41,4.6219858e+34,0.000000
3,0,-18,4.6041335e+34,0.000000
3,0,18,4.6041335e+34,0.000000
5,1,8,4.5965621e+34,0.000000
4,1,-2,4.568102e+34,0.000000
8,-7,16,4.5575293e+34,0.000000
5,-5,52,4.5475352e+34,0.000000
2,2,-9,4.545594e+34,0.000000
4,4,22,4.5217859e+34,0.000000
7,-4,7,4.4981011e+34,0.000000
4,2,-6,4.4395671e+34,0.000000
5,1,6,4.4303846e+34,0.000000
4,-1,-5,4.3902985e+34,0.000000
3,3,-5,4.3529071e+34,0.000000
7,-6,27,4.3028035e+34,0.000000
9,-7,7,4.2874927e+34,0.000000
6,-5,38,4.2863624e+34,0.000000
6,-6,48,4.2211113e+34,0.000000
8,-6,15,4.1857515e+34,0.000000
9,-7,12,4.1737784e+34,0.000000
7,-5,0,4.1724244e+34,0.000000
4,3,21,4.1289523e+34,0.000000
7,-7,37,4.0859429e+34,0.000000
9,-8,9,4.0824637e+34,0.000000
9,-6,8,4.0747672e+34,0.000000
7,-5,22,4.0578052e+34,0.000000
5,-2,13,4.0250779e+34,0.000000
4,-3,-3,4.0152383e+34,0.000000
2,-2,-18,4.0085353e+34,0.000000
4,-3,41,3.9924162e+34,0.000000
10,-10,13,3.9579427e+34,0.000000
5,2,-1,3.9395554e+34,0.000000
5,1,4,3.9326354e+34,0.000000
3,-1,24,3.9313984e+34,0.000000
9,-9,-3,3.9255079e+34,0.000000
3,1,-15,3.9084779e+34,0.000000
4,-1,-4,3.8699098e+34,0.000000
4,-2,14,3.8653057e+34,0.000000
4,-1,-6,3.8278628e+34,0.000000
5,1,9,3.8257859e+34,0.000000
5,5,-3,3.7627029e+34,0.000000
7,-4,3,3.7196517e+34,0.000000
5,-1,9,3.7150555e+34,0.000000
7,-6,28,3.6861293e+34,0.000000
3,2,25,3.6780705e+34,0.000000
4,1,-4,3.6623514e+34,0.000000
8,-8,21,3.658282e+34,0.000000
4,2,18,3.6488448e+34,0.000000
2,1,23,3.6302955e+34,0.000000
4,-4,54,3.595726e+34,0.000000
9,-8,-6,3.5944877e+34,0.000000
3,1,20,3.5918354e+34,0.000000
3,-1,-19,3.5777305e+34,0.000000
7,-7,38,3.5536851e+34,0.000000
2,-2,50,3.546958e+34,0.000000
2,1,-15,3.5183972e+34,0.000000
4,4,23,3.4954524e+34,0.000000
7,-7,0,3.4743933e+34,0.000000
10,-9,13,3.4452737e+34,0.000000
4,0,-12,3.3586607e+34,0.000000
4,0,12,3.3586607e+34,0.000000
5,-5,53,3.3232158e+34,0.000000
2,2,30,3.3197758e+34,0.000000
5,-4,42,3.2785851e+34,0.000000
10,-9,12,3.2753309e+34,0.000000
3,-3,53,3.2741421e+34,0.000000
9,-9,16,3.2661076e+34,0.000000
6,-5,39,3.2634361e+34,0.000000
4,1,-5,3.2596905e+34,0.000000
6,-6,49,3.2492888e+34,0.000000
8,-7,-5,3.2486593e+34,0.000000
5,3,10,3.2348077e+34,0.000000
5,1,5,3.2141283e+34,0.000000
7,-6,29,3.1571013e+34,0.000000
8,-5,8,3.1390588e+34,0.000000
8,-8,5,3.1064725e+34,0.000000
6,2,0,3.101834e+34,0.000000
3,3,29,3.0965697e+34,0.000000
4,1,14,3.0930188e+34,0.000000
7,-7,39,3.0729188e+34,0.000000
3,0,-19,3.0330911e+34,0.000000
3,0,19,3.0330911e+34,0.000000
8,-7,17,3.0304181e+34,0.000000
5,-2,14,3.0294374e+34,0.000000
2,-1,31,2.9917397e+34,0.000000
7,-5,23,2.9892008e+34,0.000000
2,0,-25,2.987595e+34,0.000000
2,0,25,2.987595e+34,0.000000
4,-1,17,2.9804128e+34,0.000000
8,-6,16,2.964649e+34,0.000000
4,-1,-7,2.9594711e+34,0.000000
4,3,22,2.9580909e+34,0.000000
5,1,10,2.945147e+34,0.000000
10,-8,10,2.8890374e+34,0.000000
3,-2,37,2.8774573e+34,0.000000
8,-7,5,2.8622358e+34,0.000000
6,-4,23,2.8130909e+34,0.000000
7,-7,-2,2.7801909e+34,0.000000
3,-2,-8,2.7596128e+34,0.000000
5,-1,10,2.7353018e+34,0.000000
8,-8,22,2.7248552e+34,0.000000
7,-6,30,2.6988635e+34,0.000000
6,-2,1,2.6942787e+34,0.000000
2,-1,-22,2.6907739e+34,0.000000
5,1,-4,2.6858957e+34,0.000000
4,-2,15,2.6762574e+34,0.000000
4,4,24,2.6751041e+34,0.000000
4,-3,42,2.6581336e+34,0.000000
3,-3,-13,2.6477183e+34,0.000000
7,-7,40,2.6412519e+34,0.000000
10,-8,-2,2.6403572e+34,0.000000
9,-9,9,2.6308943e+34,0.000000
4,-1,-2,2.6204022e+34,0.000000
10,-8,12,2.5762438e+34,0.000000
3,2,-4,2.5621688e+34,0.000000
6,-6,50,2.4961699e+34,0.000000
4,-4,55,2.4853642e+34,0.000000
6,-5,40,2.4768638e+34,0.000000
10,-10,15,2.4642966e+34,0.000000
4,1,-6,2.4438715e+34,0.000000
5,-5,54,2.4295625e+34,0.000000
5,4,-2,2.3837055e+34,0.000000
4,2,19,2.3556747e+34,0.000000
5,5,-2,2.3439156e+34,0.000000
5,-4,43,2.3244619e+34,0.000000
8,-6,3,2.3173666e+34,0.000000
3,2,26,2.3060182e+34,0.000000
7,-6,31,2.2998187e+34,0.000000
4,1,-3,2.2908377e+34,0.000000
5,-2,-1,2.2885032e+34,0.000000
7,-7,41,2.2564695e+34,0.000000
6,-2,7,2.2516365e+34,0.000000
5,-2,15,2.2327182e+34,0.000000
8,-5,5,2.2208309e+34,0.000000
2,-2,51,2.213477e+34,0.000000
7,-5,24,2.1782823e+34,0.000000
8,-6,17,2.1777703e+34,0.000000
5,1,11,2.1411554e+34,0.000000
4,-1,-8,2.1390053e+34,0.000000
3,-3,54,2.1082374e+34,0.000000
4,3,23,2.1051918e+34,0.000000
9,-9,-4,2.1011873e+34,0.000000
8,-7,18,2.0993853e+34,0.000000
3,1,-16,2.0916096e+34,0.000000
8,-8,23,2.0793709e+34,0.000000
3,3,30,2.0655489e+34,0.000000
4,4,25,2.029313e+34,0.000000
2,2,31,2.0258691e+34,0.000000
9,-7,13,1.9995473e+34,0.000000
5,-3,17,1.984176e+34,0.000000
3,0,-20,1.9733014e+34,0.000000
3,0,20,1.9733014e+34,0.000000
7,-6,32,1.9517618e+34,0.000000
6,-3,5,1.9314688e+34,0.000000
2,1,24,1.9286699e+34,0.000000
5,-1,11,1.9260278e+34,0.000000
7,-7,42,1.9161791e+34,0.000000
9,-8,14,1.9149917e+34,0.000000
6,-6,51,1.9142209e+34,0.000000
3,-1,-20,1.9113398e+34,0.000000
5,2,3,1.9009381e+34,0.000000
6,-5,41,1.8745225e+34,0.000000
2,1,-16,1.8604911e+34,0.000000
5,5,-1,1.8553074e+34,0.000000
4,2,-7,1.8224546e+34,0.000000
4,-2,16,1.8082526e+34,0.000000
5,-5,55,1.7771082e+34,0.000000
5,3,11,1.770484e+34,0.000000
4,-3,43,1.770054e+34,0.000000
9,-9,17,1.7670593e+34,0.000000
3,-2,38,1.7655913e+34,0.000000
7,-4,8,1.7642221e+34,0.000000
2,0,-26,1.7413097e+34,0.000000
2,0,26,1.7413097e+34,0.000000
4,1,15,1.721705e+34,0.000000
4,1,-7,1.7049206e+34,0.000000
6,-3,2,1.7006742e+34,0.000000
3,1,21,1.6602374e+34,0.000000
6,-4,24,1.6526394e+34,0.000000
8,-6,18,1.6487603e+34,0.000000
7,-6,33,1.6485866e+34,0.000000
5,-4,44,1.6474248e+34,0.000000
5,4,0,1.6347012e+34,0.000000
2,2,-10,1.6310907e+34,0.000000
8,-8,24,1.6213231e+34,0.000000
7,-7,43,1.6176745e+34,0.000000
5,-2,16,1.6128201e+34,0.000000
5,5,0,1.6027031e+34,0.000000
2,-2,-19,1.5967773e+34,0.000000
7,-6,1,1.594954e+34,0.000000
7,-5,-1,1.5873518e+34,0.000000
5,4,2,1.580269e+34,0.000000
5,4,3,1.5718729e+34,0.000000
7,-5,25,1.5704709e+34,0.000000
3,-1,25,1.54984e+34,0.000000
10,-10,1,1.5357515e+34,0.000000
4,-1,18,1.5299431e+34,0.000000
4,4,26,1.5275226e+34,0.000000
9,-7,6,1.5243338e+34,0.000000
5,0,-3,1.514008e+34,0.000000
5,0,3,1.514008e+34,0.000000
5,-3,21,1.5096653e+34,0.000000
8,-7,19,1.5057395e+34,0.000000
5,-3,20,1.5041337e+34,0.000000
4,2,20,1.4980574e+34,0.000000
5,4,1,1.4915015e+34,0.000000
4,3,24,1.4895456e+34,0.000000
5,1,12,1.4889267e+34,0.000000
5,4,4,1.4874903e+34,0.000000
9,-6,9,1.4870867e+34,0.000000
4,-1,-9,1.4804944e+34,0.000000
2,-1,32,1.4788527e+34,0.000000
6,-6,52,1.4657118e+34,0.000000
5,4,-1,1.4649264e+34,0.000000
6,4,-2,1.4477677e+34,0.000000
2,-1,-23,1.4470312e+34,0.000000
3,2,27,1.4447444e+34,0.000000
4,-1,-3,1.4434475e+34,0.000000
6,-5,42,1.4149937e+34,0.000000
5,-3,22,1.3973711e+34,0.000000
2,-2,52,1.3971482e+34,0.000000
5,-3,19,1.3928222e+34,0.000000
5,0,-2,1.3867768e+34,0.000000
5,0,2,1.3867768e+34,0.000000
7,-6,34,1.3854306e+34,0.000000
4,4,-4,1.377672e+34,0.000000
3,3,31,1.3770716e+34,0.000000
3,-2,-9,1.3745185e+34,0.000000
9,-8,8,1.373131e+34,0.000000
5,4,5,1.3684512e+34,0.000000
5,5,1,1.3604246e+34,0.000000
3,-3,55,1.358233e+34,0.000000
7,-7,44,1.3579359e+34,0.000000
5,-3,18,1.3569507e+34,0.000000
8,-8,4,1.3183382e+34,0.000000
5,-1,12,1.3089941e+34,0.000000
8,-8,25,1.2881068e+34,0.000000
3,-3,-14,1.2836239e+34,0.000000
8,-6,19,1.2789452e+34,0.000000
3,0,-21,1.2705894e+34,0.000000
3,0,21,1.2705894e+34,0.000000
5,4,6,1.2416102e+34,0.000000
2,2,32,1.2387917e+34,0.000000
5,-3,23,1.2094252e+34,0.000000
4,-2,17,1.1956375e+34,0.000000
4,-3,44,1.1787419e+34,0.000000
7,-4,2,1.1739987e+34,0.000000
5,5,2,1.1686417e+34,0.000000
5,-4,45,1.1673394e+34,0.000000
7,-6,35,1.1581457e+34,0.000000
4,0,-13,1.1579856e+34,0.000000
4,0,13,1.1579856e+34,0.000000
4,1,-8,1.1456707e+34,0.000000
5,-2,17,1.1429584e+34,0.000000
4,4,27,1.1419754e+34,0.000000
7,-7,45,1.1337043e+34,0.000000
3,3,-6,1.1334157e+34,0.000000
5,4,7,1.1260728e+34,0.000000
6,-6,53,1.1208557e+34,0.000000
7,-5,26,1.1207223e+34,0.000000
7,-7,-1,1.1182042e+34,0.000000
3,1,-17,1.1177229e+34,0.000000
9,-7,14,1.1131094e+34,0.000000
8,-7,20,1.1125006e+34,0.000000
6,4,-1,1.0885494e+34,0.000000
3,2,-5,1.0865037e+34,0.000000
3,-2,39,1.0829739e+34,0.000000
5,0,-4,1.07384e+34,0.000000
5,0,4,1.07384e+34,0.000000
9,-8,-1,1.0670304e+34,0.000000
6,-5,43,1.065618e+34,0.000000
4,3,25,1.0486387e+34,0.000000
6,-5,-3,1.0416288e+34,0.000000
8,-8,26,1.0395243e+34,0.000000
6,-2,8,1.0360944e+34,0.000000
5,4,8,1.0316411e+34,0.000000
9,-9,18,1.0245871e+34,0.000000
2,1,25,1.0209537e+34,0.000000
3,-1,-21,1.0208996e+34,0.000000
2,0,-27,1.0136585e+34,0.000000
2,0,27,1.0136585e+34,0.000000
5,-1,-3,1.0124078e+34,0.000000
5,5,3,1.0119786e+34,0.000000
8,-6,20,1.0106575e+34,0.000000
8,8,5,1.0057504e+34,0.000000
5,1,13,9.9853023e+33,0.000000
4,-1,-10,9.9360106e+33,0.000000
5,-3,24,9.9251742e+33,0.000000
2,1,-17,9.8577769e+33,0.000000
8,7,5,9.8557587e+33,0.000000
9,-8,15,9.6503071e+33,0.000000
7,-6,36,9.6299582e+33,0.000000
5,4,9,9.5909203e+33,0.000000
6,4,0,9.5851413e+33,0.000000
6,-4,25,9.5284675e+33,0.000000
7,-7,46,9.41587e+33,0.000000
4,2,21,9.4038706e+33,0.000000
8,8,7,9.4024004e+33,0.000000
4,1,16,9.3583306e+33,0.000000
8,-7,4,9.2074248e+33,0.000000
8,-5,9,9.1891902e+33,0.000000
3,3,32,9.1778434e+33,0.000000
5,3,12,9.1271039e+33,0.000000
4,-4,-6,9.1029789e+33,0.000000
5,5,4,9.0955631e+33,0.000000
7,-4,9,9.0900441e+33,0.000000
3,2,28,9.0474826e+33,0.000000
10,-10,12,9.0336123e+33,0.000000
5,4,10,9.0305871e+33,0.000000
4,2,-3,9.0046607e+33,0.000000
9,-6,7,8.998999e+33,0.000000
9,-9,8,8.982123e+33,0.000000
2,-2,53,8.9509314e+33,0.000000
6,2,3,8.7748175e+33,0.000000
7,-5,-2,8.7424096e+33,0.000000
5,-1,13,8.6363428e+33,0.000000
7,-3,4,8.6138828e+33,0.000000
6,-6,54,8.5625108e+33,0.000000
5,4,11,8.5565839e+33,0.000000
5,5,5,8.5426372e+33,0.000000
8,-8,27,8.4944091e+33,0.000000
4,4,28,8.4860562e+33,0.000000
8,-7,21,8.4339329e+33,0.000000
5,2,4,8.3568135e+33,0.000000
8,-6,2,8.3053525e+33,0.000000
5,-4,46,8.2708462e+33,0.000000
5,5,6,8.1231447e+33,0.000000
3,0,-22,8.1119195e+33,0.000000
3,0,22,8.1119195e+33,0.000000
5,4,12,8.0948238e+33,0.000000
8,-6,21,8.0913915e+33,0.000000
6,-5,44,8.0081962e+33,0.000000
8,-5,4,7.9807736e+33,0.000000
7,-6,37,7.9650563e+33,0.000000
5,-2,18,7.9543119e+33,0.000000
7,-5,27,7.921436e+33,0.000000
6,2,4,7.8631832e+33,0.000000
7,-6,0,7.8544978e+33,0.000000
4,-3,45,7.8488681e+33,0.000000
5,-3,25,7.8084893e+33,0.000000
2,-1,-24,7.803806e+33,0.000000
4,2,-8,7.7906782e+33,0.000000
7,-7,47,7.7816777e+33,0.000000
4,-2,18,7.7542702e+33,0.000000
7,7,4,7.704036e+33,0.000000
4,-1,19,7.6159271e+33,0.000000
5,4,13,7.5936126e+33,0.000000
2,2,33,7.5899696e+33,0.000000
9,-8,-4,7.5881821e+33,0.000000
5,5,7,7.567456e+33,0.000000
4,1,-9,7.523333e+33,0.000000
10,-8,9,7.4812647e+33,0.000000
3,1,22,7.4791376e+33,0.000000
4,3,26,7.3501304e+33,0.000000
5,2,9,7.2746992e+33,0.000000
10,-9,-1,7.2707584e+33,0.000000
5,2,8,7.2234963e+33,0.000000
6,4,1,7.2131682e+33,0.000000
2,-1,33,7.1721652e+33,0.000000
5,4,14,7.0290757e+33,0.000000
8,-8,28,7.0088095e+33,0.000000
5,2,10,6.8384389e+33,0.000000
5,5,8,6.8238745e+33,0.000000
5,1,-5,6.787788e+33,0.000000
9,-7,-4,6.7863834e+33,0.000000
10,-8,-6,6.7578753e+33,0.000000
9,-7,15,6.7422766e+33,0.000000
3,-2,-10,6.7190404e+33,0.000000
5,2,7,6.6496363e+33,0.000000
3,-2,40,6.6381421e+33,0.000000
5,0,-5,6.6337174e+33,0.000000
5,0,5,6.6337174e+33,0.000000
6,2,2,6.5551185e+33,0.000000
7,-6,38,6.5540076e+33,0.000000
8,-7,22,6.539714e+33,0.000000
6,-6,55,6.5359496e+33,0.000000
8,-6,22,6.5298817e+33,0.000000
4,-1,-11,6.5117764e+33,0.000000
5,1,14,6.4947816e+33,0.000000
5,4,15,6.4019423e+33,0.000000
7,-7,48,6.4010558e+33,0.000000
3,-3,-15,6.3109064e+33,0.000000
9,-9,19,6.2846701e+33,0.000000
2,-2,-20,6.2767113e+33,0.000000
4,4,29,6.2725096e+33,0.000000
6,4,2,6.2496756e+33,0.000000
3,3,33,6.1159916e+33,0.000000
2,2,-11,6.1041639e+33,0.000000
5,2,11,6.0662418e+33,0.000000
6,-5,45,6.0069329e+33,0.000000
10,-10,16,5.9962125e+33,0.000000
6,-3,6,5.9817655e+33,0.000000
3,1,-18,5.9630116e+33,0.000000
5,-3,26,5.9386448e+33,0.000000
2,0,-28,5.89656e+33,0.000000
2,0,28,5.89656e+33,0.000000
10,-9,11,5.8942634e+33,0.000000
5,5,9,5.8806086e+33,0.000000
5,-4,47,5.8601399e+33,0.000000
10,-8,13,5.8502748e+33,0.000000
2,-2,54,5.8405491e+33,0.000000
4,2,22,5.8370956e+33,0.000000
6,-4,-3,5.8339088e+33,0.000000
8,-8,29,5.8284337e+33,0.000000
10,-9,14,5.8214725e+33,0.000000
5,2,6,5.821343e+33,0.000000
6,2,5,5.8058901e+33,0.000000
8,-8,3,5.8000015e+33,0.000000
5,4,16,5.7298715e+33,0.000000
3,-1,26,5.6878455e+33,0.000000
3,2,29,5.6645916e+33,0.000000
5,2,5,5.650648e+33,0.000000
5,-1,14,5.5522946e+33,0.000000
7,-5,28,5.549913e+33,0.000000
3,-1,-22,5.4540745e+33,0.000000
5,-2,19,5.4420663e+33,0.000000
6,-3,1,5.4381168e+33,0.000000
6,-4,26,5.3889737e+33,0.000000
2,1,26,5.3821988e+33,0.000000
9,-8,16,5.3763086e+33,0.000000
7,-6,39,5.3659804e+33,0.000000
7,-4,10,5.3484036e+33,0.000000
6,4,3,5.3347516e+33,0.000000
3,3,-4,5.311597e+33,0.000000
8,-6,23,5.2883069e+33,0.000000
4,3,-3,5.262491e+33,0.000000
7,-7,49,5.2421409e+33,0.000000
2,1,-18,5.2301406e+33,0.000000
4,-3,46,5.2247283e+33,0.000000
8,-7,23,5.1726801e+33,0.000000
3,0,-23,5.1432597e+33,0.000000
3,0,23,5.1432597e+33,0.000000
4,3,27,5.1323049e+33,0.000000
5,2,12,5.1265369e+33,0.000000
5,4,17,5.03895e+33,0.000000
10,-7,10,4.9850357e+33,0.000000
4,1,17,4.9595426e+33,0.000000
9,-7,5,4.9497631e+33,0.000000
4,-2,19,4.9423905e+33,0.000000
5,5,-4,4.9279443e+33,0.000000
5,5,10,4.9231302e+33,0.000000
8,-8,30,4.8811495e+33,0.000000
4,1,-10,4.860126e+33,0.000000
2,2,34,4.6590083e+33,0.000000
3,2,-6,4.61539e+33,0.000000
4,4,30,4.6145805e+33,0.000000
6,-6,-5,4.6107759e+33,0.000000
6,4,4,4.6098772e+33,0.000000
7,-7,-6,4.5915881e+33,0.000000
9,-8,-5,4.582823e+33,0.000000
6,-2,9,4.5764267e+33,0.000000
6,-5,46,4.4983301e+33,0.000000
5,-1,-4,4.4882094e+33,0.000000
4,-4,-7,4.4538945e+33,0.000000
5,-3,27,4.3939422e+33,0.000000
9,-8,7,4.3938705e+33,0.000000
5,3,13,4.388685e+33,0.000000
7,-6,40,4.3721845e+33,0.000000
5,4,18,4.3565723e+33,0.000000
9,-7,-5,4.3340862e+33,0.000000
9,-7,16,4.3316122e+33,0.000000
8,-6,24,4.2820547e+33,0.000000
7,-7,50,4.275198e+33,0.000000
8,-5,10,4.231134e+33,0.000000
2,-1,-25,4.2210443e+33,0.000000
9,-9,-2,4.2133373e+33,0.000000
4,-1,-12,4.1856115e+33,0.000000
8,-7,24,4.1636402e+33,0.000000
5,2,13,4.1584415e+33,0.000000
5,-4,48,4.1524581e+33,0.000000
6,4,5,4.133443e+33,0.000000
8,-8,31,4.1177976e+33,0.000000
5,1,15,4.1139356e+33,0.000000
3,3,34,4.075662e+33,0.000000
5,5,11,4.0727707e+33,0.000000
3,-2,41,4.064498e+33,0.000000
9,-9,20,4.0538442e+33,0.000000
2,-2,55,3.892568e+33,0.000000
7,-5,29,3.8575255e+33,0.000000
4,1,-1,3.8539856e+33,0.000000
6,4,6,3.8175182e+33,0.000000
5,0,-6,3.8076161e+33,0.000000
5,0,6,3.8076161e+33,0.000000
6,2,6,3.7842706e+33,0.000000
5,4,19,3.7066312e+33,0.000000
4,0,-14,3.6771517e+33,0.000000
4,0,14,3.6771517e+33,0.000000
10,-9,0,3.6700538e+33,0.000000
5,-2,20,3.664359e+33,0.000000
10,-7,9,3.6610192e+33,0.000000
4,-1,20,3.6599376e+33,0.000000
4,2,23,3.5876279e+33,0.000000
4,3,28,3.5718875e+33,0.000000
6,4,7,3.5482466e+33,0.000000
3,2,30,3.5463732e+33,0.000000
7,-6,41,3.5460593e+33,0.000000
8,-7,-3,3.5418127e+33,0.000000
8,-8,32,3.5025931e+33,0.000000
5,-1,15,3.4873203e+33,0.000000
4,-3,47,3.4759892e+33,0.000000
7,-7,51,3.4729945e+33,0.000000
8,-6,25,3.4566789e+33,0.000000
4,2,-9,3.445037e+33,0.000000
2,0,-29,3.4289691e+33,0.000000
2,0,29,3.4289691e+33,0.000000
8,-7,25,3.4036052e+33,0.000000
5,5,12,3.3929994e+33,0.000000
2,-1,34,3.3924446e+33,0.000000
7,-4,11,3.3848245e+33,0.000000
4,4,31,3.3807747e+33,0.000000
6,-5,47,3.3637463e+33,0.000000
8,-7,3,3.2679516e+33,0.000000
3,1,23,3.2642255e+33,0.000000
5,2,14,3.2568995e+33,0.000000
6,4,8,3.2483615e+33,0.000000
3,0,-24,3.2429459e+33,0.000000
3,0,24,3.2429459e+33,0.000000
10,-10,-1,3.2344933e+33,0.000000
3,-2,-11,3.2291422e+33,0.000000
9,-9,7,3.2257624e+33,0.000000
9,-8,17,3.2043238e+33,0.000000
3,3,-7,3.1934032e+33,0.000000
5,-3,28,3.1782979e+33,0.000000
3,1,-19,3.1759913e+33,0.000000
3,-3,-16,3.1406067e+33,0.000000
9,7,5,3.1271042e+33,0.000000
5,4,20,3.107035e+33,0.000000
4,-2,20,3.1013722e+33,0.000000
4,1,-11,3.098678e+33,0.000000
10,-10,11,3.0204421e+33,0.000000
8,-8,33,3.0074709e+33,0.000000
6,-4,27,2.9873477e+33,0.000000
8,-8,0,2.9746277e+33,0.000000
5,-4,49,2.942826e+33,0.000000
10,-10,2,2.9408457e+33,0.000000
6,3,-1,2.9382453e+33,0.000000
3,-1,-23,2.915393e+33,0.000000
9,-7,17,2.9131945e+33,0.000000
9,-6,10,2.9088979e+33,0.000000
7,-3,5,2.9041477e+33,0.000000
5,5,13,2.9026099e+33,0.000000
6,4,9,2.8905474e+33,0.000000
2,2,35,2.8648593e+33,0.000000
7,-6,42,2.8634299e+33,0.000000
8,-6,1,2.8534837e+33,0.000000
2,1,27,2.8235105e+33,0.000000
8,-7,26,2.8207795e+33,0.000000
7,-7,52,2.8109954e+33,0.000000
2,1,-19,2.7777758e+33,0.000000
8,-6,26,2.7760427e+33,0.000000
9,-6,6,2.7501664e+33,0.000000
6,2,1,2.735883e+33,0.000000
9,-9,21,2.7347338e+33,0.000000
9,-9,-5,2.7175855e+33,0.000000
3,3,35,2.7163303e+33,0.000000
10,-8,8,2.692587e+33,0.000000
7,-5,30,2.6622036e+33,0.000000
4,-1,-13,2.6464013e+33,0.000000
8,-8,34,2.6091237e+33,0.000000
5,5,14,2.5808222e+33,0.000000
5,4,21,2.5690589e+33,0.000000
4,1,18,2.5571103e+33,0.000000
5,1,16,2.5455727e+33,0.000000
6,-3,7,2.5433809e+33,0.000000
10,-10,17,2.5433264e+33,0.000000
6,-5,48,2.5122294e+33,0.000000
8,-5,3,2.4909349e+33,0.000000
5,4,-3,2.4867874e+33,0.000000
6,4,10,2.4852995e+33,0.000000
3,-2,42,2.4849119e+33,0.000000
4,3,29,2.4788104e+33,0.000000
5,2,15,2.4745772e+33,0.000000
5,-5,-5,2.472307e+33,0.000000
4,4,32,2.4677667e+33,0.000000
7,-6,-2,2.4660972e+33,0.000000
6,3,1,2.4608407e+33,0.000000
10,-8,14,2.4332306e+33,0.000000
5,-2,21,2.4310948e+33,0.000000
2,-2,-21,2.4241806e+33,0.000000
5,5,15,2.3834225e+33,0.000000
8,-7,27,2.3667743e+33,0.000000
2,2,-12,2.3549354e+33,0.000000
8,-5,11,2.3512344e+33,0.000000
4,-3,48,2.3105609e+33,0.000000
7,-6,43,2.3025912e+33,0.000000
2,-1,-26,2.2900686e+33,0.000000
8,-8,35,2.2876685e+33,0.000000
6,3,2,2.2866166e+33,0.000000
7,-7,53,2.2674117e+33,0.000000
5,5,16,2.262861e+33,0.000000
5,-3,29,2.256192e+33,0.000000
6,2,7,2.2337298e+33,0.000000
7,-4,12,2.2280592e+33,0.000000
3,2,31,2.2203588e+33,0.000000
8,-6,27,2.214873e+33,0.000000
4,-4,-8,2.1941209e+33,0.000000
4,2,24,2.1858878e+33,0.000000
5,5,17,2.176525e+33,0.000000
8,-8,2,2.1628488e+33,0.000000
5,-1,16,2.1439493e+33,0.000000
7,-4,1,2.1222878e+33,0.000000
7,-6,-1,2.099974e+33,0.000000
5,4,22,2.0978971e+33,0.000000
5,5,18,2.0939328e+33,0.000000
5,0,-1,2.0870191e+33,0.000000
5,0,1,2.0870191e+33,0.000000
5,-4,50,2.0859118e+33,0.000000
5,0,-7,2.069456e+33,0.000000
5,0,7,2.069456e+33,0.000000
6,4,11,2.0618071e+33,0.000000
3,0,-25,2.0357679e+33,0.000000
3,0,25,2.0357679e+33,0.000000
9,-7,18,2.0344037e+33,0.000000
8,-8,36,2.0261552e+33,0.000000
9,-8,18,2.0189403e+33,0.000000
8,-7,28,2.0081084e+33,0.000000
3,2,-7,1.9981221e+33,0.000000
5,5,19,1.9970173e+33,0.000000
2,0,-30,1.9938729e+33,0.000000
2,0,30,1.9938729e+33,0.000000
4,1,-12,1.9529706e+33,0.000000
5,3,14,1.9395768e+33,0.000000
6,-2,10,1.9332279e+33,0.000000
4,-2,21,1.9190812e+33,0.000000
9,-9,22,1.9174633e+33,0.000000
7,7,6,1.9071292e+33,0.000000
3,-1,27,1.9008216e+33,0.000000
5,5,20,1.8784234e+33,0.000000
6,-5,49,1.8743406e+33,0.000000
4,-2,-4,1.8667874e+33,0.000000
7,-6,44,1.8443089e+33,0.000000
5,2,16,1.8310787e+33,0.000000
7,-5,31,1.825766e+33,0.000000
7,-7,54,1.8231371e+33,0.000000
10,-9,10,1.8159627e+33,0.000000
3,3,36,1.8107316e+33,0.000000
8,-8,37,1.8104076e+33,0.000000
4,4,33,1.7954927e+33,0.000000
10,-9,15,1.7954885e+33,0.000000
6,3,3,1.7776022e+33,0.000000
7,-3,3,1.7674338e+33,0.000000
2,2,36,1.7644268e+33,0.000000
8,-6,28,1.7541946e+33,0.000000
8,-8,1,1.7531914e+33,0.000000
5,5,21,1.7384348e+33,0.000000
7,-5,-3,1.731329e+33,0.000000
8,-7,29,1.7209459e+33,0.000000
4,3,30,1.7160014e+33,0.000000
10,-8,-4,1.6948506e+33,0.000000
5,4,23,1.6938329e+33,0.000000
3,1,-20,1.689113e+33,0.000000
4,-1,21,1.6883833e+33,0.000000
6,0,-2,1.6847606e+33,0.000000
6,0,2,1.6847606e+33,0.000000
9,-7,4,1.6748517e+33,0.000000
6,4,12,1.6519733e+33,0.000000
4,-1,-14,1.6493757e+33,0.000000
8,-8,38,1.6289175e+33,0.000000
6,-4,28,1.6212002e+33,0.000000
5,-2,22,1.5910022e+33,0.000000
5,5,22,1.5819497e+33,0.000000
3,-3,-17,1.5797806e+33,0.000000
5,-3,30,1.5766172e+33,0.000000
4,2,-10,1.563279e+33,0.000000
3,-1,-24,1.5596172e+33,0.000000
10,10,4,1.552242e+33,0.000000
2,-1,35,1.5517243e+33,0.000000
5,1,17,1.5424287e+33,0.000000
4,-3,49,1.5339931e+33,0.000000
3,-2,-12,1.5259465e+33,0.000000
3,-2,43,1.5162072e+33,0.000000
7,-4,13,1.4934124e+33,0.000000
8,-7,30,1.4878675e+33,0.000000
5,1,-6,1.4845218e+33,0.000000
5,-4,51,1.4787499e+33,0.000000
2,1,-20,1.4767623e+33,0.000000
8,-8,39,1.4726751e+33,0.000000
2,1,28,1.4724554e+33,0.000000
7,-6,45,1.4717469e+33,0.000000
9,-7,19,1.4670026e+33,0.000000
7,-7,55,1.4616068e+33,0.000000
8,-5,12,1.4560443e+33,0.000000
9,9,9,1.4312208e+33,0.000000
5,5,23,1.4159258e+33,0.000000
6,-5,50,1.3972634e+33,0.000000
3,2,32,1.3903082e+33,0.000000
9,-9,23,1.3881732e+33,0.000000
9,-8,6,1.3842829e+33,0.000000
5,-1,-5,1.3789417e+33,0.000000
8,-6,29,1.3786793e+33,0.000000
8,8,4,1.3698682e+33,0.000000
3,1,24,1.3683574e+33,0.000000
5,4,24,1.3536017e+33,0.000000
10,-8,-1,1.3357906e+33,0.000000
8,-8,40,1.3349079e+33,0.000000
9,-8,19,1.3346234e+33,0.000000
6,3,4,1.3279977e+33,0.000000
5,2,17,1.3238369e+33,0.000000
4,2,25,1.3214285e+33,0.000000
8,-6,0,1.3200539e+33,0.000000
4,4,34,1.3026355e+33,0.000000
9,-9,6,1.3006027e+33,0.000000
8,-7,31,1.2959023e+33,0.000000
5,-1,17,1.2920735e+33,0.000000
10,-10,18,1.2861842e+33,0.000000
6,4,13,1.2809255e+33,0.000000
4,1,19,1.278788e+33,0.000000
9,8,5,1.2781172e+33,0.000000
3,0,-26,1.2735775e+33,0.000000
3,0,26,1.2735775e+33,0.000000
6,2,-1,1.2734572e+33,0.000000
5,1,-2,1.2650264e+33,0.000000
10,-8,15,1.2525476e+33,0.000000
5,5,24,1.2475892e+33,0.000000
2,-1,-27,1.2462254e+33,0.000000
7,-5,32,1.2452773e+33,0.000000
4,-2,-5,1.2417554e+33,0.000000
6,-3,8,1.2251475e+33,0.000000
4,1,-13,1.2177655e+33,0.000000
9,8,7,1.2113764e+33,0.000000
8,-8,41,1.2107533e+33,0.000000
3,3,37,1.2073492e+33,0.000000
6,2,8,1.2026973e+33,0.000000
7,-3,6,1.1976952e+33,0.000000
4,3,31,1.1854105e+33,0.000000
4,0,-15,1.1809084e+33,0.000000
4,0,15,1.1809084e+33,0.000000
4,-2,22,1.1727372e+33,0.000000
7,-6,46,1.1703348e+33,0.000000
8,7,4,1.1606403e+33,0.000000
2,0,-31,1.1594828e+33,0.000000
2,0,31,1.1594828e+33,0.000000
10,-10,-3,1.1472455e+33,0.000000
9,-6,11,1.1362679e+33,0.000000
8,-7,32,1.1353091e+33,0.000000
8,-8,42,1.0968998e+33,0.000000
6,3,0,1.0953021e+33,0.000000
2,2,37,1.0882281e+33,0.000000
9,-7,20,1.0878779e+33,0.000000
5,-3,31,1.0872147e+33,0.000000
5,5,25,1.0833156e+33,0.000000
8,-6,30,1.0752323e+33,0.000000
5,4,25,1.071675e+33,0.000000
5,0,-8,1.0692093e+33,0.000000
5,0,8,1.0692093e+33,0.000000
4,-4,-9,1.0630309e+33,0.000000
10,-10,10,1.059876e+33,0.000000
8,8,8,1.0529937e+33,0.000000
5,-4,52,1.0484307e+33,0.000000
6,-5,51,1.0409609e+33,0.000000
9,-9,24,1.031553e+33,0.000000
5,-2,23,1.0282125e+33,0.000000
3,3,-8,1.026095e+33,0.000000
8,-7,2,1.0238261e+33,0.000000
4,-3,50,1.0167559e+33,0.000000
4,-1,-15,1.0150789e+33,0.000000
7,-4,14,1.0046968e+33,0.000000
8,-7,33,9.9878388e+32,0.000000
9,-6,5,9.9732244e+32,0.000000
7,-3,2,9.9294445e+32,0.000000
8,-8,43,9.9123319e+32,0.000000
6,3,5,9.6975052e+32,0.000000
8,-5,13,9.6908458e+32,0.000000
6,4,14,9.6350665e+32,0.000000
9,9,7,9.5055432e+32,0.000000
10,-8,7,9.4748306e+32,0.000000
10,-8,-5,9.4555587e+32,0.000000
4,4,35,9.4269892e+32,0.000000
5,2,18,9.3774062e+32,0.000000
2,2,-13,9.2811791e+32,0.000000
5,5,26,9.2808825e+32,0.000000
7,-6,47,9.275947e+32,0.000000
3,-2,44,9.2288962e+32,0.000000
9,-8,20,9.1955882e+32,0.000000
5,1,18,9.1698021e+32,0.000000
2,-2,-22,9.1522984e+32,0.000000
3,1,-21,8.9730259e+32,0.000000
8,-8,44,8.9251339e+32,0.000000
3,2,-8,8.824228e+32,0.000000
8,-7,34,8.8090174e+32,0.000000
3,2,33,8.7067047e+32,0.000000
7,-6,-3,8.6538368e+32,0.000000
6,-4,29,8.5977606e+32,0.000000
9,9,-1,8.5486274e+32,0.000000
7,-5,33,8.4533732e+32,0.000000
5,4,26,8.4132788e+32,0.000000
3,-1,-25,8.3512213e+32,0.000000
8,-6,31,8.3232571e+32,0.000000
4,-1,-1,8.276119e+32,0.000000
9,-7,21,8.2700506e+32,0.000000
10,-9,16,8.216955e+32,0.000000
4,3,32,8.173852e+32,0.000000
6,-2,11,8.1529929e+32,0.000000
10,-7,11,8.1244939e+32,0.000000
3,3,38,8.0524073e+32,0.000000
3,-3,-18,8.0240132e+32,0.000000
8,-8,45,8.0009861e+32,0.000000
6,4,-3,7.9595664e+32,0.000000
3,0,-27,7.9465987e+32,0.000000
3,0,27,7.9465987e+32,0.000000
4,2,26,7.93135e+32,0.000000
10,-9,-3,7.9311907e+32,0.000000
2,1,-21,7.8598059e+32,0.000000
5,5,27,7.8535419e+32,0.000000
9,-9,25,7.8350008e+32,0.000000
7,-3,1,7.7807378e+32,0.000000
8,-7,35,7.7769115e+32,0.000000
6,-5,52,7.7517673e+32,0.000000
10,-7,8,7.7470699e+32,0.000000
5,3,15,7.7329434e+32,0.000000
5,-1,18,7.6426078e+32,0.000000
2,1,29,7.6227744e+32,0.000000
4,1,-14,7.5160205e+32,0.000000
5,-4,53,7.4334584e+32,0.000000
4,-1,22,7.4283882e+32,0.000000
5,-3,32,7.4133589e+32,0.000000
7,-6,48,7.3294245e+32,0.000000
4,2,-11,7.2280192e+32,0.000000
8,-8,46,7.1372251e+32,0.000000
10,-8,16,7.1226648e+32,0.000000
4,-2,23,7.0870069e+32,0.000000
7,-3,7,7.0859534e+32,0.000000
3,-2,-13,7.0840182e+32,0.000000
6,4,15,7.0477702e+32,0.000000
10,-10,19,7.0344844e+32,0.000000
6,3,6,6.8741294e+32,0.000000
8,-7,36,6.8629165e+32,0.000000
4,4,36,6.8072429e+32,0.000000
2,-1,-28,6.8021306e+32,0.000000
8,-5,14,6.7841635e+32,0.000000
2,-1,36,6.7773327e+32,0.000000
2,0,-32,6.7435398e+32,0.000000
2,0,32,6.7435398e+32,0.000000
4,-3,51,6.7250956e+32,0.000000
2,2,38,6.7200312e+32,0.000000
7,-4,15,6.7139642e+32,0.000000
10,10,10,6.6891946e+32,0.000000
4,-2,-6,6.592631e+32,0.000000
6,-2,-1,6.5817217e+32,0.000000
5,5,28,6.5712731e+32,0.000000
5,-2,24,6.5687742e+32,0.000000
9,-8,21,6.5639753e+32,0.000000
5,4,27,6.5544756e+32,0.000000
8,-8,-7,6.5256304e+32,0.000000
5,2,19,6.5234559e+32,0.000000
6,6,10,6.4889138e+32,0.000000
9,-7,22,6.4278636e+32,0.000000
8,-6,32,6.3973473e+32,0.000000
9,-7,3,6.3612777e+32,0.000000
8,-8,47,6.3332438e+32,0.000000
9,-9,5,6.2420444e+32,0.000000
10,-9,9,6.2409266e+32,0.000000
6,-3,9,6.2257669e+32,0.000000
4,-1,-16,6.177988e+32,0.000000
4,1,20,6.1767413e+32,0.000000
9,-9,26,6.0698234e+32,0.000000
8,-7,37,6.0467277e+32,0.000000
6,2,9,5.8925598e+32,0.000000
8,-5,2,5.8288725e+32,0.000000
3,-1,28,5.7853548e+32,0.000000
9,-6,12,5.7816352e+32,0.000000
7,-6,49,5.7747919e+32,0.000000
6,-5,53,5.7711009e+32,0.000000
7,-2,3,5.7305044e+32,0.000000
7,-5,34,5.7153359e+32,0.000000
4,3,33,5.6273757e+32,0.000000
3,-2,45,5.6015345e+32,0.000000
8,-8,48,5.5892728e+32,0.000000
4,0,-16,5.5651551e+32,0.000000
4,0,16,5.5651551e+32,0.000000
9,-7,-3,5.560597e+32,0.000000
10,8,5,5.5480291e+32,0.000000
3,2,34,5.453013e+32,0.000000
5,5,29,5.4421022e+32,0.000000
3,1,25,5.4401237e+32,0.000000
6,1,1,5.4231368e+32,0.000000
3,3,39,5.3718725e+32,0.000000
5,1,19,5.3569769e+32,0.000000
8,-7,38,5.3140528e+32,0.000000
5,-4,54,5.2697136e+32,0.000000
8,-7,-2,5.2576871e+32,0.000000
5,0,-9,5.2354491e+32,0.000000
5,0,9,5.2354491e+32,0.000000
6,-3,0,5.1177191e+32,0.000000
4,-4,-10,5.1002691e+32,0.000000
9,-7,23,5.095869e+32,0.000000
5,4,28,5.07092e+32,0.000000
6,4,16,5.0246674e+32,0.000000
5,-3,33,5.0065817e+32,0.000000
9,-8,5,4.9770813e+32,0.000000
3,0,-28,4.9486082e+32,0.000000
3,0,28,4.9486082e+32,0.000000
8,-5,15,4.9201851e+32,0.000000
4,4,37,4.9061127e+32,0.000000
8,-8,49,4.905568e+32,0.000000
8,-6,33,4.8845416e+32,0.000000
9,-8,22,4.8291036e+32,0.000000
8,-6,-1,4.8206519e+32,0.000000
9,-9,27,4.7940604e+32,0.000000
7,-3,8,4.7862566e+32,0.000000
3,1,-22,4.7629967e+32,0.000000
4,2,27,4.7287362e+32,0.000000
6,6,7,4.7121501e+32,0.000000
6,3,7,4.6832221e+32,0.000000
4,0,-17,4.6701105e+32,0.000000
4,0,17,4.6701105e+32,0.000000
10,-10,0,4.6646778e+32,0.000000
4,0,-18,4.6572897e+32,0.000000
4,0,18,4.6572897e+32,0.000000
8,-7,39,4.6547919e+32,0.000000
7,-4,0,4.5966231e+32,0.000000
4,1,-15,4.5933506e+32,0.000000
7,-6,50,4.5378322e+32,0.000000
3,-1,-26,4.4762878e+32,0.000000
5,2,20,4.4657914e+32,0.000000
5,5,30,4.4650825e+32,0.000000
6,-4,30,4.4446194e+32,0.000000
5,-1,19,4.4414369e+32,0.000000
4,-3,52,4.4366777e+32,0.000000
7,-4,16,4.4212385e+32,0.000000
4,0,-19,4.3881818e+32,0.000000
4,0,19,4.3881818e+32,0.000000
10,-8,17,4.3278435e+32,0.000000
6,-5,54,4.2962194e+32,0.000000
4,-3,-6,4.2932327e+32,0.000000
10,-9,17,4.2824312e+32,0.000000
8,-8,50,4.2819214e+32,0.000000
7,7,9,4.2472257e+32,0.000000
4,-2,24,4.240365e+32,0.000000
2,1,-22,4.1889562e+32,0.000000
10,8,7,4.180087e+32,0.000000
9,7,4,4.1659255e+32,0.000000
2,2,39,4.154066e+32,0.000000
5,-2,25,4.1521867e+32,0.000000
3,-3,-19,4.1120618e+32,0.000000
9,-7,24,4.1109104e+32,0.000000
10,-10,20,4.0819237e+32,0.000000
8,-7,40,4.0616379e+32,0.000000
8,8,11,4.0190377e+32,0.000000
6,-2,12,4.019025e+32,0.000000
5,3,-3,3.9910962e+32,0.000000
3,2,-9,3.9581355e+32,0.000000
2,0,-33,3.9224687e+32,0.000000
2,0,33,3.9224687e+32,0.000000
2,1,30,3.9102483e+32,0.000000
5,4,29,3.8984008e+32,0.000000
4,3,34,3.8690677e+32,0.000000
9,-9,28,3.8605036e+32,0.000000
8,-6,-2,3.8603026e+32,0.000000
7,-5,35,3.8511028e+32,0.000000
8,-7,0,3.8194374e+32,0.000000
9,-9,4,3.8156073e+32,0.000000
4,0,-20,3.798664e+32,0.000000
4,0,20,3.798664e+32,0.000000
10,-10,-2,3.7944067e+32,0.000000
5,-4,55,3.7345928e+32,0.000000
4,-1,-17,3.723523e+32,0.000000
2,-1,-29,3.7235223e+32,0.000000
8,-8,51,3.7174192e+32,0.000000
2,2,-14,3.7095859e+32,0.000000
8,-6,34,3.7066827e+32,0.000000
10,-10,9,3.6839129e+32,0.000000
6,6,-3,3.6825433e+32,0.000000
3,3,-9,3.6793235e+32,0.000000
8,-5,16,3.6535321e+32,0.000000
9,-8,23,3.6467531e+32,0.000000
5,5,31,3.6319759e+32,0.000000
6,6,8,3.6229343e+32,0.000000
3,3,40,3.5843634e+32,0.000000
8,-7,1,3.5813231e+32,0.000000
7,-6,51,3.5571054e+32,0.000000
9,-9,-6,3.5554942e+32,0.000000
4,4,38,3.5300965e+32,0.000000
8,-7,41,3.5290433e+32,0.000000
6,4,17,3.4987557e+32,0.000000
3,2,35,3.4152627e+32,0.000000
5,-1,-6,3.3895814e+32,0.000000
3,-2,46,3.3893131e+32,0.000000
4,-3,-7,3.3867153e+32,0.000000
4,2,-12,3.384944e+32,0.000000
7,-3,9,3.3815015e+32,0.000000
9,-5,6,3.3776913e+32,0.000000
4,-3,-5,3.3720084e+32,0.000000
9,-7,25,3.3661391e+32,0.000000
2,-2,-23,3.3594816e+32,0.000000
5,-3,34,3.3533993e+32,0.000000
9,-6,13,3.33919e+32,0.000000
4,-2,-7,3.3173555e+32,0.000000
5,1,-7,3.3043659e+32,0.000000
7,7,7,3.2981242e+32,0.000000
10,-9,-4,3.2620534e+32,0.000000
6,-3,10,3.2449569e+32,0.000000
10,-10,-5,3.2439401e+32,0.000000
3,-2,-14,3.2256076e+32,0.000000
6,-3,-1,3.2144938e+32,0.000000
8,-8,52,3.2103713e+32,0.000000
6,-5,55,3.1985858e+32,0.000000
10,-8,6,3.1722975e+32,0.000000
9,-9,29,3.1676003e+32,0.000000
6,0,-6,3.1498385e+32,0.000000
6,0,6,3.1498385e+32,0.000000
9,-6,4,3.1148466e+32,0.000000
4,-1,23,3.1025058e+32,0.000000
7,3,0,3.0941846e+32,0.000000
5,1,20,3.0789095e+32,0.000000
3,0,-29,3.0772428e+32,0.000000
3,0,29,3.0772428e+32,0.000000
4,0,-21,3.0650772e+32,0.000000
4,0,21,3.0650772e+32,0.000000
8,-7,42,3.0524924e+32,0.000000
6,3,8,3.0394886e+32,0.000000
7,3,1,3.0393037e+32,0.000000
7,3,-1,3.0217665e+32,0.000000
5,2,21,3.0136663e+32,0.000000
5,4,30,2.9797796e+32,0.000000
6,0,-5,2.9780701e+32,0.000000
6,0,5,2.9780701e+32,0.000000
5,5,32,2.9314361e+32,0.000000
4,-2,-2,2.9284628e+32,0.000000
4,-3,53,2.9180009e+32,0.000000
8,7,6,2.8951607e+32,0.000000
7,-2,2,2.8900015e+32,0.000000
8,8,2,2.8817588e+32,0.000000
4,1,21,2.8655324e+32,0.000000
7,-4,17,2.8501502e+32,0.000000
6,-2,13,2.8390319e+32,0.000000
9,-8,24,2.8182507e+32,0.000000
4,2,28,2.801324e+32,0.000000
8,-6,35,2.7971191e+32,0.000000
9,-7,26,2.7899459e+32,0.000000
7,-6,52,2.7820966e+32,0.000000
4,1,-16,2.7807431e+32,0.000000
5,3,16,2.7721577e+32,0.000000
2,-1,37,2.771115e+32,0.000000
10,-8,18,2.7705268e+32,0.000000
8,-8,53,2.7583578e+32,0.000000
8,-5,17,2.7516719e+32,0.000000
10,-10,4,2.7067553e+32,0.000000
6,6,19,2.7002389e+32,0.000000
6,-2,15,2.6981762e+32,0.000000
10,-7,7,2.6870488e+32,0.000000
6,-2,14,2.6755329e+32,0.000000
4,3,35,2.6571451e+32,0.000000
9,-9,30,2.6431586e+32,0.000000
6,0,-7,2.6349845e+32,0.000000
6,0,7,2.6349845e+32,0.000000
8,-7,43,2.6280171e+32,0.000000
6,-2,16,2.619257e+32,0.000000
6,2,10,2.6154203e+32,0.000000
6,5,-2,2.6063738e+32,0.000000
5,-2,26,2.5990125e+32,0.000000
8,8,9,2.5945611e+32,0.000000
7,-5,36,2.5877625e+32,0.000000
7,7,8,2.5865935e+32,0.000000
2,2,40,2.5700575e+32,0.000000
7,7,13,2.556962e+32,0.000000
5,-1,20,2.538043e+32,0.000000
4,4,39,2.5364016e+32,0.000000
3,1,-23,2.5272366e+32,0.000000
4,-2,25,2.5146383e+32,0.000000
10,-10,21,2.4995278e+32,0.000000
7,-3,0,2.4744646e+32,0.000000
4,-4,-11,2.4382721e+32,0.000000
10,-7,12,2.4310699e+32,0.000000
6,-5,-4,2.4247776e+32,0.000000
5,0,-10,2.413097e+32,0.000000
5,0,10,2.413097e+32,0.000000
6,5,3,2.4112004e+32,0.000000
7,-3,10,2.4057013e+32,0.000000
10,-9,18,2.4025336e+32,0.000000
3,-1,-27,2.4016343e+32,0.000000
6,-2,17,2.3936562e+32,0.000000
3,3,41,2.3919376e+32,0.000000
6,4,18,2.3836675e+32,0.000000
8,-8,54,2.358344e+32,0.000000
5,5,33,2.3491839e+32,0.000000
4,0,-22,2.3436511e+32,0.000000
4,0,22,2.3436511e+32,0.000000
9,-7,27,2.3336221e+32,0.000000
7,5,-2,2.3164677e+32,0.000000
6,5,4,2.2927903e+32,0.000000
4,-3,-8,2.2882061e+32,0.000000
2,0,-34,2.2816302e+32,0.000000
2,0,34,2.2816302e+32,0.000000
5,4,31,2.2657003e+32,0.000000
8,-7,44,2.2519005e+32,0.000000
7,-4,-1,2.2506501e+32,0.000000
9,-7,2,2.250099e+32,0.000000
6,5,2,2.2474075e+32,0.000000
2,1,-23,2.2362398e+32,0.000000
9,-9,31,2.235917e+32,0.000000
6,-4,31,2.2318886e+32,0.000000
5,-3,35,2.2301573e+32,0.000000
4,-1,-18,2.2252124e+32,0.000000
9,-8,25,2.2237387e+32,0.000000
9,-9,3,2.218995e+32,0.000000
6,6,-4,2.180643e+32,0.000000
7,-6,53,2.171534e+32,0.000000
9,-8,4,2.1612528e+32,0.000000
10,-6,8,2.1605258e+32,0.000000
6,5,5,2.1404177e+32,0.000000
3,2,36,2.1387539e+32,0.000000
6,6,-2,2.1305663e+32,0.000000
3,-3,-20,2.1249025e+32,0.000000
8,-6,36,2.1000242e+32,0.000000
9,-6,14,2.0902663e+32,0.000000
8,-5,18,2.0860954e+32,0.000000
5,1,-10,2.0775596e+32,0.000000
6,-2,18,2.0657172e+32,0.000000
3,-2,47,2.0443964e+32,0.000000
2,-1,-30,2.0439362e+32,0.000000
10,-9,8,2.0302669e+32,0.000000
3,1,26,2.0141953e+32,0.000000
6,5,6,2.0110188e+32,0.000000
5,2,22,2.007723e+32,0.000000
8,-8,55,2.0068274e+32,0.000000
6,6,3,2.004144e+32,0.000000
9,-5,7,1.9947867e+32,0.000000
2,1,31,1.9827343e+32,0.000000
5,1,-9,1.981003e+32,0.000000
6,6,4,1.9729794e+32,0.000000
9,-7,28,1.9638696e+32,0.000000
5,-3,-3,1.9600546e+32,0.000000
6,1,2,1.9491467e+32,0.000000
6,6,5,1.9476818e+32,0.000000
6,0,-8,1.9436518e+32,0.000000
6,0,8,1.9436518e+32,0.000000
3,-1,29,1.9281304e+32,0.000000
8,-7,45,1.9205155e+32,0.000000
4,-3,54,1.9124799e+32,0.000000
3,0,-30,1.9116065e+32,0.000000
3,0,30,1.9116065e+32,0.000000
9,-9,32,1.9103739e+32,0.000000
6,6,-1,1.8999291e+32,0.000000
5,1,-11,1.8894345e+32,0.000000
6,5,7,1.889304e+32,0.000000
5,5,34,1.8703219e+32,0.000000
6,3,9,1.8657396e+32,0.000000
10,-8,19,1.8525848e+32,0.000000
6,5,8,1.8271191e+32,0.000000
6,6,0,1.8231832e+32,0.000000
4,3,36,1.8230892e+32,0.000000
4,4,40,1.8202143e+32,0.000000
3,2,-10,1.7934915e+32,0.000000
7,-4,18,1.788185e+32,0.000000
9,-8,26,1.7877685e+32,0.000000
5,1,-8,1.7822602e+32,0.000000
6,6,2,1.7636421e+32,0.000000
8,-4,5,1.7559709e+32,0.000000
5,1,21,1.7424088e+32,0.000000
6,5,1,1.7372282e+32,0.000000
6,5,0,1.7365113e+32,0.000000
6,-3,11,1.7362031e+32,0.000000
7,-5,37,1.7350251e+32,0.000000
9,8,4,1.7348547e+32,0.000000
4,0,-23,1.7201955e+32,0.000000
4,0,23,1.7201955e+32,0.000000
5,4,32,1.7145221e+32,0.000000
6,-2,19,1.6970736e+32,0.000000
7,-3,11,1.6930075e+32,0.000000
7,-6,54,1.6918944e+32,0.000000
4,1,-17,1.6683763e+32,0.000000
9,-7,29,1.6580019e+32,0.000000
4,2,29,1.6491013e+32,0.000000
6,5,9,1.6465356e+32,0.000000
9,-9,33,1.6428697e+32,0.000000
4,-2,-8,1.6407929e+32,0.000000
6,0,-4,1.6355289e+32,0.000000
6,0,4,1.6355289e+32,0.000000
8,-7,46,1.6302571e+32,0.000000
5,-2,27,1.612005e+32,0.000000
10,-10,22,1.6088563e+32,0.000000
10,9,9,1.6074897e+32,0.000000
4,2,-13,1.5976128e+32,0.000000
3,3,42,1.5962093e+32,0.000000
6,4,19,1.5913086e+32,0.000000
2,2,41,1.5911194e+32,0.000000
6,6,9,1.5893711e+32,0.000000
8,-5,19,1.582296e+32,0.000000
6,6,1,1.5816043e+32,0.000000
8,-6,37,1.5694304e+32,0.000000
5,1,-12,1.5488626e+32,0.000000
6,3,-2,1.5471271e+32,0.000000
7,3,2,1.5181653e+32,0.000000
6,5,-1,1.5079575e+32,0.000000
2,2,-15,1.4945299e+32,0.000000
6,5,10,1.4819944e+32,0.000000
5,5,35,1.4801995e+32,0.000000
4,-2,26,1.4793063e+32,0.000000
5,-3,36,1.4739876e+32,0.000000
9,-8,27,1.4611956e+32,0.000000
4,-3,-9,1.4467541e+32,0.000000
3,-2,-15,1.4373273e+32,0.000000
3,3,-10,1.436648e+32,0.000000
10,-9,19,1.4316209e+32,0.000000
5,-1,21,1.4270686e+32,0.000000
9,-9,34,1.418282e+32,0.000000
5,-3,-5,1.4098736e+32,0.000000
3,-1,32,1.403603e+32,0.000000
9,-7,30,1.4006751e+32,0.000000
8,-6,-3,1.4003661e+32,0.000000
9,-6,15,1.3878563e+32,0.000000
3,-1,33,1.3861386e+32,0.000000
10,-10,8,1.3801499e+32,0.000000
8,-7,47,1.3775346e+32,0.000000
7,7,11,1.3770316e+32,0.000000
9,-9,-7,1.3763916e+32,0.000000
9,8,8,1.3672803e+32,0.000000
6,5,-3,1.3639213e+32,0.000000
6,5,11,1.3470618e+32,0.000000
3,1,-24,1.3408615e+32,0.000000
3,2,37,1.3389667e+32,0.000000
6,-2,20,1.3376609e+32,0.000000
10,10,50,1.3286872e+32,0.000000
2,0,-35,1.3270763e+32,0.000000
2,0,35,1.3270763e+32,0.000000
10,7,5,1.323624e+32,0.000000
6,0,-9,1.3235683e+32,0.000000
6,0,9,1.3235683e+32,0.000000
5,2,23,1.3220791e+32,0.000000
8,-5,1,1.3214653e+32,0.000000
4,-1,-19,1.3201126e+32,0.000000
7,-6,55,1.3160948e+32,0.000000
4,4,41,1.3049107e+32,0.000000
6,0,-3,1.2931589e+32,0.000000
6,0,3,1.2931589e+32,0.000000
5,4,33,1.2917823e+32,0.000000
3,-1,-28,1.2896235e+32,0.000000
3,-1,31,1.2879841e+32,0.000000
10,-8,20,1.2856484e+32,0.000000
9,-5,5,1.2746584e+32,0.000000
8,8,10,1.2729161e+32,0.000000
4,1,22,1.2683708e+32,0.000000
7,-6,-4,1.2655157e+32,0.000000
3,-1,34,1.2534092e+32,0.000000
4,3,37,1.2498209e+32,0.000000
4,-3,55,1.2487481e+32,0.000000
4,-1,24,1.2403506e+32,0.000000
3,-2,48,1.2299502e+32,0.000000
6,5,12,1.2298691e+32,0.000000
9,-9,35,1.2272551e+32,0.000000
4,0,-24,1.2235107e+32,0.000000
4,0,24,1.2235107e+32,0.000000
7,-2,4,1.217564e+32,0.000000
9,-8,28,1.2113182e+32,0.000000
3,-1,30,1.209332e+32,0.000000
2,1,-24,1.1961239e+32,0.000000
8,-5,20,1.1949989e+32,0.000000
2,-2,-24,1.194492e+32,0.000000
3,0,-31,1.1866696e+32,0.000000
3,0,31,1.1866696e+32,0.000000
10,-9,-2,1.1835173e+32,0.000000
5,-1,-2,1.1830251e+32,0.000000
9,-7,31,1.1815594e+32,0.000000
5,1,-13,1.1810209e+32,0.000000
8,-6,38,1.1680764e+32,0.000000
7,-3,12,1.1678039e+32,0.000000
10,-8,5,1.1672377e+32,0.000000
4,-4,-12,1.1657525e+32,0.000000
5,5,36,1.1650594e+32,0.000000
7,-5,38,1.1613374e+32,0.000000
8,-7,48,1.1587974e+32,0.000000
7,5,2,1.1418391e+32,0.000000
8,-4,6,1.1373904e+32,0.000000
6,5,13,1.1332733e+32,0.000000
7,5,0,1.1315475e+32,0.000000
2,-1,-31,1.1249074e+32,0.000000
8,-4,4,1.1153287e+32,0.000000
10,-7,13,1.1127319e+32,0.000000
7,5,3,1.1079343e+32,0.000000
3,-3,-21,1.1066724e+32,0.000000
7,-4,19,1.0859364e+32,0.000000
10,-10,23,1.0843131e+32,0.000000
6,-4,32,1.0836303e+32,0.000000
6,3,10,1.0782091e+32,0.000000
7,7,3,1.0768971e+32,0.000000
6,2,11,1.0727328e+32,0.000000
3,3,43,1.0650457e+32,0.000000
7,5,1,1.0647067e+32,0.000000
9,-9,36,1.0640176e+32,0.000000
3,-1,35,1.0610871e+32,0.000000
7,6,10,1.0584578e+32,0.000000
6,5,14,1.0582488e+32,0.000000
10,9,7,1.0495519e+32,0.000000
6,4,20,1.0422328e+32,0.000000
6,6,11,1.0403482e+32,0.000000
5,0,-11,1.040279e+32,0.000000
5,0,11,1.040279e+32,0.000000
7,5,-1,1.0400816e+32,0.000000
2,-1,38,1.0265166e+32,0.000000
5,3,17,1.0199015e+32,0.000000
6,-2,21,1.0182986e+32,0.000000
9,-8,29,1.016166e+32,0.000000
9,-7,-2,1.0156423e+32,0.000000
7,5,4,1.0028137e+32,0.000000
6,5,15,9.9925883e+31,0.000000
9,-7,32,9.9365463e+31,0.000000
4,1,-18,9.9263657e+31,0.000000
5,-2,28,9.9122865e+31,0.000000
2,1,32,9.9059731e+31,0.000000
2,2,42,9.8557767e+31,0.000000
6,-3,12,9.8489346e+31,0.000000
9,-8,3,9.7318521e+31,0.000000
5,1,22,9.7135677e+31,0.000000
10,-6,7,9.7115268e+31,0.000000
8,-7,49,9.7057762e+31,0.000000
5,4,34,9.6941257e+31,0.000000
5,-3,37,9.6891537e+31,0.000000
9,-6,16,9.6524314e+31,0.000000
4,2,30,9.6462714e+31,0.000000
10,-7,6,9.6399777e+31,0.000000
6,1,7,9.6000756e+31,0.000000
6,5,16,9.5272547e+31,0.000000
5,-4,-4,9.4969482e+31,0.000000
4,4,42,9.34683e+31,0.000000
6,1,8,9.3263277e+31,0.000000
9,-8,0,9.3058723e+31,0.000000
9,-9,37,9.2480426e+31,0.000000
10,-8,21,9.2124436e+31,0.000000
5,5,37,9.1245043e+31,0.000000
6,5,17,9.1199752e+31,0.000000
10,-9,20,9.0036344e+31,0.000000
8,-5,21,8.9522845e+31,0.000000
6,6,12,8.9499416e+31,0.000000
9,9,6,8.8981397e+31,0.000000
4,-3,-10,8.8499114e+31,0.000000
8,8,1,8.8341794e+31,0.000000
6,1,6,8.8267388e+31,0.000000
7,5,5,8.8027415e+31,0.000000
7,5,-3,8.7801934e+31,0.000000
6,5,18,8.7226969e+31,0.000000
9,-6,3,8.6972646e+31,0.000000
8,-6,39,8.6618025e+31,0.000000
4,-2,27,8.6387273e+31,0.000000
5,2,24,8.6138379e+31,0.000000
9,-8,30,8.6092652e+31,0.000000
5,3,21,8.6000075e+31,0.000000
10,8,4,8.5869594e+31,0.000000
4,3,38,8.5622292e+31,0.000000
3,-1,36,8.5549676e+31,0.000000
5,1,-14,8.5444172e+31,0.000000
6,0,-10,8.5072584e+31,0.000000
6,0,10,8.5072584e+31,0.000000
4,0,-25,8.4919395e+31,0.000000
4,0,25,8.4919395e+31,0.000000
10,9,-1,8.4315745e+31,0.000000
5,3,22,8.3905048e+31,0.000000
3,2,38,8.3782369e+31,0.000000
6,1,9,8.3401273e+31,0.000000
9,-7,33,8.320912e+31,0.000000
6,5,19,8.2995294e+31,0.000000
9,9,15,8.2992189e+31,0.000000
6,6,13,8.2815025e+31,0.000000
5,3,-5,8.2537059e+31,0.000000
3,2,-11,8.1647762e+31,0.000000
9,7,6,8.1559056e+31,0.000000
8,-7,50,8.0953599e+31,0.000000
9,-9,38,8.0682092e+31,0.000000
4,-2,-9,8.0620313e+31,0.000000
5,3,20,8.0006189e+31,0.000000
5,-1,22,7.8982278e+31,0.000000
9,-7,1,7.8768674e+31,0.000000
7,-3,13,7.8524361e+31,0.000000
6,5,20,7.8316519e+31,0.000000
4,-1,-20,7.7829032e+31,0.000000
7,-5,39,7.7641782e+31,0.000000
2,0,-36,7.7171683e+31,0.000000
2,0,36,7.7171683e+31,0.000000
10,-10,24,7.6187798e+31,0.000000
8,-3,4,7.6183214e+31,0.000000
5,3,23,7.5885639e+31,0.000000
4,2,-14,7.5677677e+31,0.000000
7,5,6,7.5672391e+31,0.000000
5,-1,-7,7.554549e+31,0.000000
6,-2,22,7.5273278e+31,0.000000
6,6,14,7.3905192e+31,0.000000
3,-2,49,7.3904945e+31,0.000000
9,-7,0,7.3761833e+31,0.000000
3,0,-32,7.3629546e+31,0.000000
3,0,32,7.3629546e+31,0.000000
9,-8,31,7.3555919e+31,0.000000
6,5,21,7.3140441e+31,0.000000
5,4,35,7.2486108e+31,0.000000
7,3,3,7.2220141e+31,0.000000
3,1,-25,7.1156541e+31,0.000000
5,5,38,7.1133289e+31,0.000000
3,3,44,7.1040655e+31,0.000000
9,-9,39,7.0764706e+31,0.000000
7,-3,-1,7.0162538e+31,0.000000
6,1,10,6.9965776e+31,0.000000
9,-6,17,6.9720204e+31,0.000000
7,6,7,6.9690605e+31,0.000000
6,1,5,6.956253e+31,0.000000
9,-7,34,6.9330759e+31,0.000000
3,-1,-29,6.9294202e+31,0.000000
10,-9,7,6.8767807e+31,0.000000
3,1,27,6.7907366e+31,0.000000
10,-8,22,6.7878875e+31,0.000000
5,3,19,6.7728058e+31,0.000000
7,-1,1,6.7533225e+31,0.000000
6,5,22,6.7527441e+31,0.000000
8,-7,51,6.7250407e+31,0.000000
6,4,21,6.7030995e+31,0.000000
4,4,43,6.6901196e+31,0.000000
3,-1,37,6.647483e+31,0.000000
8,-5,22,6.6330851e+31,0.000000
4,-4,-5,6.6070923e+31,0.000000
8,7,9,6.5247762e+31,0.000000
5,3,24,6.4787959e+31,0.000000
7,5,7,6.4342796e+31,0.000000
2,1,-25,6.4119877e+31,0.000000
8,-6,40,6.4023465e+31,0.000000
7,-4,20,6.3507711e+31,0.000000
5,-3,38,6.3382151e+31,0.000000
9,-8,32,6.3315856e+31,0.000000
6,-3,13,6.2858424e+31,0.000000
9,-9,40,6.2495142e+31,0.000000
3,-2,-16,6.2493715e+31,0.000000
5,3,18,6.2196624e+31,0.000000
2,-1,-32,6.2062157e+31,0.000000
6,6,15,6.1782965e+31,0.000000
6,5,23,6.1604757e+31,0.000000
7,-1,2,6.155276e+31,0.000000
2,2,43,6.1075941e+31,0.000000
9,-5,4,6.0492584e+31,0.000000
5,-2,29,6.0448585e+31,0.000000
2,2,-16,6.0377476e+31,0.000000
10,-10,7,6.0019354e+31,0.000000
3,3,-11,5.9895616e+31,0.000000
10,-7,14,5.9811246e+31,0.000000
10,-9,21,5.9430535e+31,0.000000
5,1,-15,5.9395524e+31,0.000000
6,1,3,5.9113387e+31,0.000000
6,3,11,5.8848531e+31,0.000000
4,3,39,5.862262e+31,0.000000
4,1,-19,5.8607784e+31,0.000000
3,-3,-22,5.8066072e+31,0.000000
4,0,-26,5.7813568e+31,0.000000
4,0,26,5.7813568e+31,0.000000
9,-7,35,5.7451512e+31,0.000000
8,-4,3,5.64991e+31,0.000000
4,2,31,5.6049511e+31,0.000000
7,5,8,5.5920547e+31,0.000000
4,-4,-13,5.5854622e+31,0.000000
6,1,11,5.5734413e+31,0.000000
8,-7,52,5.5651809e+31,0.000000
9,-9,41,5.5640828e+31,0.000000
5,2,25,5.5574863e+31,0.000000
6,5,24,5.5534116e+31,0.000000
10,-10,25,5.5504585e+31,0.000000
5,5,39,5.5221184e+31,0.000000
9,-9,2,5.5098392e+31,0.000000
5,-1,-10,5.4947646e+31,0.000000
9,-8,33,5.4883971e+31,0.000000
6,-2,23,5.4271575e+31,0.000000
5,4,36,5.4022149e+31,0.000000
6,6,16,5.3993475e+31,0.000000
9,8,11,5.3444715e+31,0.000000
9,-5,8,5.3427372e+31,0.000000
5,1,23,5.3347166e+31,0.000000
4,1,23,5.3288334e+31,0.000000
4,-3,-11,5.3148941e+31,0.000000
5,3,25,5.2907829e+31,0.000000
5,-1,-11,5.2520572e+31,0.000000
3,2,39,5.2382872e+31,0.000000
6,0,-11,5.220618e+31,0.000000
6,0,11,5.220618e+31,0.000000
9,9,22,5.2008102e+31,0.000000
9,-6,18,5.1948214e+31,0.000000
7,-5,40,5.1869765e+31,0.000000
10,-10,-6,5.1650933e+31,0.000000
7,6,8,5.1386935e+31,0.000000
4,-2,-3,5.129465e+31,0.000000
7,-3,14,5.1269231e+31,0.000000
10,-8,23,5.124753e+31,0.000000
5,2,-2,5.1044849e+31,0.000000
10,-8,4,5.0997065e+31,0.000000
10,-10,5,5.0761489e+31,0.000000
7,4,-1,5.0661836e+31,0.000000
6,-4,33,5.0572233e+31,0.000000
7,3,8,5.0558654e+31,0.000000
4,-1,25,5.0310606e+31,0.000000
3,-1,38,5.0189652e+31,0.000000
4,-2,28,5.010321e+31,0.000000
9,-9,42,4.9972378e+31,0.000000
8,7,7,4.9864323e+31,0.000000
6,5,25,4.9481262e+31,0.000000
9,9,1,4.9435086e+31,0.000000
7,3,7,4.9371081e+31,0.000000
6,1,4,4.8622378e+31,0.000000
2,1,33,4.855326e+31,0.000000
8,-5,23,4.8499994e+31,0.000000
7,5,9,4.838333e+31,0.000000
5,-1,-9,4.8378938e+31,0.000000
9,-8,34,4.7900459e+31,0.000000
4,4,44,4.7856441e+31,0.000000
6,6,17,4.7757316e+31,0.000000
10,-6,9,4.760772e+31,0.000000
7,3,9,4.7527613e+31,0.000000
7,-2,5,4.7383964e+31,0.000000
3,3,45,4.7360296e+31,0.000000
9,-7,36,4.7337258e+31,0.000000
6,-3,14,4.7209911e+31,0.000000
8,-6,41,4.7188919e+31,0.000000
6,2,12,4.6831533e+31,0.000000
9,9,5,4.6005839e+31,0.000000
8,-7,53,4.5884302e+31,0.000000
3,0,-33,4.5669402e+31,0.000000
3,0,33,4.5669402e+31,0.000000
4,-1,-21,4.5644109e+31,0.000000
9,-9,43,4.5270813e+31,0.000000
7,6,19,4.52701e+31,0.000000
2,0,-37,4.4863092e+31,0.000000
2,0,37,4.4863092e+31,0.000000
7,3,6,4.4493172e+31,0.000000
3,-2,50,4.4475737e+31,0.000000
5,-1,-12,4.4473144e+31,0.000000
6,5,26,4.3596849e+31,0.000000
7,3,4,4.3594195e+31,0.000000
8,-5,0,4.3543231e+31,0.000000
7,5,10,4.3382568e+31,0.000000
10,-7,-4,4.3098158e+31,0.000000
8,-7,-1,4.3070673e+31,0.000000
5,-1,23,4.30316e+31,0.000000
7,-1,3,4.2847691e+31,0.000000
5,5,40,4.2705832e+31,0.000000
6,1,12,4.2502012e+31,0.000000
6,6,18,4.2441009e+31,0.000000
10,8,8,4.2435988e+31,0.000000
6,4,22,4.2360479e+31,0.000000
5,0,-12,4.2319721e+31,0.000000
5,0,12,4.2319721e+31,0.000000
9,-8,35,4.2088114e+31,0.000000
5,2,-4,4.1804638e+31,0.000000
5,3,26,4.1719097e+31,0.000000
10,-10,26,4.1644799e+31,0.000000
7,3,10,4.1376386e+31,0.000000
2,-2,-25,4.1354036e+31,0.000000
9,-9,44,4.133532e+31,0.000000
5,-3,39,4.127856e+31,0.000000
5,-3,-6,4.1236174e+31,0.000000
10,10,11,4.097668e+31,0.000000
10,-9,22,4.09351e+31,0.000000
6,-3,15,4.0856426e+31,0.000000
5,2,-5,4.0305357e+31,0.000000
8,7,13,4.0239537e+31,0.000000
7,5,11,4.019874e+31,0.000000
9,9,33,4.0151193e+31,0.000000
5,4,37,4.0140721e+31,0.000000
4,3,40,4.0115355e+31,0.000000
5,1,-16,4.0004267e+31,0.000000
9,-6,19,3.969159e+31,0.000000
7,3,5,3.9654484e+31,0.000000
10,-8,24,3.9520711e+31,0.000000
4,-2,-10,3.9472936e+31,0.000000
8,7,8,3.9345033e+31,0.000000
5,-1,-8,3.9274013e+31,0.000000
9,-7,37,3.8780488e+31,0.000000
9,9,4,3.8779454e+31,0.000000
4,0,-27,3.8759972e+31,0.000000
4,0,27,3.8759972e+31,0.000000
9,8,2,3.8528151e+31,0.000000
8,-4,7,3.8519299e+31,0.000000
7,4,2,3.8337143e+31,0.000000
6,-2,24,3.8305617e+31,0.000000
6,-3,16,3.8087748e+31,0.000000
6,5,27,3.8005142e+31,0.000000
9,-9,45,3.7989364e+31,0.000000
2,2,44,3.786554e+31,0.000000
7,5,12,3.7843461e+31,0.000000
3,1,-26,3.7776598e+31,0.000000
8,-7,54,3.7698657e+31,0.000000
10,-10,6,3.7399618e+31,0.000000
3,-1,-30,3.7246562e+31,0.000000
9,-8,36,3.7224888e+31,0.000000
3,2,-12,3.7151169e+31,0.000000
3,-1,39,3.702879e+31,0.000000
6,6,49,3.6839804e+31,0.000000
7,4,3,3.6574998e+31,0.000000
5,-2,30,3.6566911e+31,0.000000
6,-3,17,3.6074785e+31,0.000000
4,2,-15,3.5851821e+31,0.000000
6,2,16,3.5702591e+31,0.000000
7,5,13,3.5675546e+31,0.000000
7,-4,21,3.5622846e+31,0.000000
5,2,26,3.5529027e+31,0.000000
6,6,20,3.5525779e+31,0.000000
9,-8,1,3.5321167e+31,0.000000
8,-7,-6,3.5266106e+31,0.000000
4,4,-6,3.5244515e+31,0.000000
10,-7,15,3.5188003e+31,0.000000
10,8,2,3.5127792e+31,0.000000
9,-9,46,3.5084272e+31,0.000000
8,-5,24,3.4936597e+31,0.000000
8,-6,42,3.4695883e+31,0.000000
5,-1,-13,3.4662864e+31,0.000000
7,-5,41,3.4641408e+31,0.000000
6,6,50,3.4511476e+31,0.000000
2,1,-26,3.4455568e+31,0.000000
6,2,17,3.4379188e+31,0.000000
4,1,-20,3.4365772e+31,0.000000
2,-1,-33,3.4317928e+31,0.000000
4,4,45,3.4215567e+31,0.000000
6,2,15,3.4140767e+31,0.000000
10,-6,6,3.405129e+31,0.000000
9,8,9,3.3960724e+31,0.000000
7,3,11,3.3682889e+31,0.000000
6,-3,18,3.3638039e+31,0.000000
6,6,21,3.3433271e+31,0.000000
7,5,14,3.3304208e+31,0.000000
7,-4,-2,3.3175377e+31,0.000000
9,-8,37,3.3128347e+31,0.000000
5,5,41,3.2912811e+31,0.000000
6,5,28,3.2799318e+31,0.000000
3,2,40,3.2714363e+31,0.000000
2,-1,39,3.2553494e+31,0.000000
7,4,4,3.2506332e+31,0.000000
9,-9,47,3.2500256e+31,0.000000
7,-3,15,3.2390669e+31,0.000000
4,2,32,3.2333581e+31,0.000000
5,3,27,3.1983002e+31,0.000000
10,-10,27,3.1953724e+31,0.000000
6,6,22,3.1921243e+31,0.000000
10,-9,-5,3.1713069e+31,0.000000
9,-7,38,3.1591378e+31,0.000000
4,-3,-12,3.1562583e+31,0.000000
3,3,46,3.1549123e+31,0.000000
7,1,1,3.1484365e+31,0.000000
6,1,13,3.1203335e+31,0.000000
6,3,12,3.1190373e+31,0.000000
7,4,1,3.1173136e+31,0.000000
7,1,3,3.1076527e+31,0.000000
8,-4,2,3.1068684e+31,0.000000
10,-8,25,3.1043193e+31,0.000000
9,-6,20,3.0929735e+31,0.000000
8,-7,55,3.0870398e+31,0.000000
6,2,18,3.0824951e+31,0.000000
6,0,-12,3.0769104e+31,0.000000
6,0,12,3.0769104e+31,0.000000
6,6,23,3.0737407e+31,0.000000
10,-7,5,3.0716489e+31,0.000000
6,2,14,3.07055e+31,0.000000
3,-3,-23,3.0682623e+31,0.000000
6,-6,-7,3.0577465e+31,0.000000
7,7,10,3.0564647e+31,0.000000
7,5,15,3.0554176e+31,0.000000
6,2,13,3.0503958e+31,0.000000
6,-3,19,3.049347e+31,0.000000
9,-9,48,3.0145279e+31,0.000000
5,4,38,2.9745687e+31,0.000000
6,6,24,2.9681614e+31,0.000000
9,-8,38,2.9647126e+31,0.000000
10,-9,23,2.9246859e+31,0.000000
9,-5,3,2.9166443e+31,0.000000
4,-2,29,2.8869067e+31,0.000000
5,1,24,2.8852548e+31,0.000000
6,6,25,2.8545185e+31,0.000000
7,4,5,2.8517134e+31,0.000000
3,0,-34,2.8318867e+31,0.000000
3,0,34,2.8318867e+31,0.000000
6,5,29,2.8039296e+31,0.000000
10,-9,6,2.7972297e+31,0.000000
9,-9,49,2.7952358e+31,0.000000
5,2,-6,2.7894635e+31,0.000000
8,8,17,2.7785554e+31,0.000000
9,9,20,2.7754909e+31,0.000000
7,5,16,2.745648e+31,0.000000
4,3,41,2.7437058e+31,0.000000
9,9,8,2.7395493e+31,0.000000
6,6,26,2.7280734e+31,0.000000
3,-2,51,2.6937155e+31,0.000000
7,1,4,2.6879898e+31,0.000000
4,-4,-14,2.6850244e+31,0.000000
3,-1,40,2.6799611e+31,0.000000
6,-3,20,2.6788163e+31,0.000000
5,-3,40,2.6771734e+31,0.000000
9,-8,39,2.6656083e+31,0.000000
4,-1,-22,2.6650728e+31,0.000000
6,-2,25,2.6548178e+31,0.000000
3,-2,-17,2.6416642e+31,0.000000
6,4,23,2.6312816e+31,0.000000
3,3,-12,2.6264752e+31,0.000000
5,1,-17,2.6260233e+31,0.000000
6,2,19,2.6095526e+31,0.000000
2,0,-38,2.6072291e+31,0.000000
2,0,38,2.6072291e+31,0.000000
6,6,27,2.5878321e+31,0.000000
9,-9,50,2.587593e+31,0.000000
7,3,12,2.584065e+31,0.000000
4,0,-28,2.5667109e+31,0.000000
4,0,28,2.5667109e+31,0.000000
9,-7,39,2.5594249e+31,0.000000
5,-1,-14,2.5461524e+31,0.000000
8,-6,43,2.5457277e+31,0.000000
5,5,42,2.5285248e+31,0.000000
7,7,15,2.5224499e+31,0.000000
9,-6,2,2.5154515e+31,0.000000
7,4,0,2.5076511e+31,0.000000
7,4,6,2.5061877e+31,0.000000
10,-10,28,2.4926624e+31,0.000000
10,-8,26,2.4778074e+31,0.000000
8,-5,25,2.4761734e+31,0.000000
5,5,-5,2.4689283e+31,0.000000
4,-1,26,2.4521391e+31,0.000000
9,-6,21,2.4457578e+31,0.000000
4,4,46,2.4452011e+31,0.000000
2,2,-17,2.4345879e+31,0.000000
7,-1,4,2.431134e+31,0.000000
6,6,28,2.4277269e+31,0.000000
9,-8,2,2.4184341e+31,0.000000
7,5,17,2.413336e+31,0.000000
9,-8,40,2.4053147e+31,0.000000
10,-8,3,2.4031417e+31,0.000000
5,3,28,2.3960178e+31,0.000000
9,-9,51,2.388781e+31,0.000000
6,5,30,2.3761808e+31,0.000000
8,8,12,2.3665624e+31,0.000000
2,2,45,2.3489658e+31,0.000000
10,-8,0,2.3247285e+31,0.000000
6,1,0,2.3214826e+31,0.000000
2,1,34,2.320746e+31,0.000000
7,-5,42,2.3136749e+31,0.000000
5,-1,24,2.3071998e+31,0.000000
6,-3,21,2.2823447e+31,0.000000
7,4,-2,2.2722073e+31,0.000000
6,6,29,2.2553776e+31,0.000000
6,-4,34,2.2542647e+31,0.000000
7,-2,6,2.2539863e+31,0.000000
5,2,27,2.2517607e+31,0.000000
9,-5,9,2.2434765e+31,0.000000
6,1,14,2.2145353e+31,0.000000
7,4,7,2.2080329e+31,0.000000
10,-7,16,2.2067069e+31,0.000000
5,4,39,2.1988785e+31,0.000000
9,-9,52,2.197317e+31,0.000000
5,-2,31,2.1942759e+31,0.000000
7,-6,-5,2.1892559e+31,0.000000
8,-3,5,2.188051e+31,0.000000
9,-8,41,2.1756741e+31,0.000000
10,-9,24,2.1548114e+31,0.000000
4,1,24,2.1405106e+31,0.000000
7,-5,-4,2.130344e+31,0.000000
8,7,11,2.1288825e+31,0.000000
6,2,20,2.1099476e+31,0.000000
3,3,47,2.0994907e+31,0.000000
3,1,28,2.0834261e+31,0.000000
7,5,18,2.0754285e+31,0.000000
6,6,30,2.0701877e+31,0.000000
9,-7,40,2.0626815e+31,0.000000
3,2,41,2.0400428e+31,0.000000
9,-9,53,2.0126829e+31,0.000000
3,1,-27,2.0065578e+31,0.000000
10,-8,27,2.0060885e+31,0.000000
4,1,-21,2.0028741e+31,0.000000
3,-1,-31,2.0020693e+31,0.000000
10,-7,-5,1.9994387e+31,0.000000
6,5,31,1.9964413e+31,0.000000
7,-3,16,1.9730191e+31,0.000000
9,-8,42,1.9703279e+31,0.000000
10,-10,29,1.9699608e+31,0.000000
9,-6,22,1.9534709e+31,0.000000
7,4,8,1.9386052e+31,0.000000
5,5,43,1.9370091e+31,0.000000
6,2,-4,1.9279274e+31,0.000000
4,-2,-11,1.9267488e+31,0.000000
7,-4,22,1.9159468e+31,0.000000
3,-1,41,1.9078317e+31,0.000000
2,-1,-34,1.9016399e+31,0.000000
6,-3,22,1.8902598e+31,0.000000
6,6,31,1.8806665e+31,0.000000
7,3,13,1.8789795e+31,0.000000
4,3,42,1.8756248e+31,0.000000
8,-6,44,1.8646349e+31,0.000000
8,8,20,1.8612389e+31,0.000000
4,-3,-13,1.860531e+31,0.000000
2,1,-27,1.8562702e+31,0.000000
4,2,33,1.8503475e+31,0.000000
8,-4,8,1.8501191e+31,0.000000
9,-9,54,1.8350028e+31,0.000000
10,7,4,1.8211148e+31,0.000000
6,-2,26,1.8113184e+31,0.000000
5,-1,-15,1.7892093e+31,0.000000
9,-8,43,1.7844592e+31,0.000000
5,3,29,1.7609026e+31,0.000000
3,0,-35,1.7554934e+31,0.000000
3,0,35,1.7554934e+31,0.000000
6,3,13,1.7540381e+31,0.000000
5,0,-13,1.7527232e+31,0.000000
5,0,13,1.7527232e+31,0.000000
7,5,19,1.7480645e+31,0.000000
4,4,47,1.7466943e+31,0.000000
5,2,-7,1.7466774e+31,0.000000
6,0,-13,1.7464067e+31,0.000000
6,0,13,1.7464067e+31,0.000000
5,-3,41,1.7292853e+31,0.000000
8,-5,26,1.7250963e+31,0.000000
4,-1,27,1.7114089e+31,0.000000
4,2,-16,1.6935542e+31,0.000000
6,6,32,1.6903952e+31,0.000000
5,1,-18,1.6874726e+31,0.000000
4,0,-29,1.6827654e+31,0.000000
4,0,29,1.6827654e+31,0.000000
7,4,9,1.6821421e+31,0.000000
7,1,5,1.6820776e+31,0.000000
3,2,-13,1.6812155e+31,0.000000
9,8,10,1.6792003e+31,0.000000
9,-9,55,1.6647786e+31,0.000000
6,5,32,1.6646345e+31,0.000000
3,-2,52,1.6547019e+31,0.000000
9,-7,41,1.6540553e+31,0.000000
4,-2,30,1.6526663e+31,0.000000
10,-8,28,1.6454638e+31,0.000000
6,2,21,1.6437964e+31,0.000000
5,-2,-5,1.6326666e+31,0.000000
3,-3,-24,1.6322448e+31,0.000000
10,-9,25,1.6286767e+31,0.000000
5,4,40,1.6219035e+31,0.000000
9,-8,44,1.6145317e+31,0.000000
6,4,24,1.6066147e+31,0.000000
8,-5,-1,1.6065035e+31,0.000000
7,-7,-7,1.5971565e+31,0.000000
10,-9,5,1.593826e+31,0.000000
10,10,7,1.5888793e+31,0.000000
8,-6,-4,1.5881158e+31,0.000000
7,-2,1,1.5806571e+31,0.000000
10,-10,30,1.5759132e+31,0.000000
10,-6,5,1.5725037e+31,0.000000
9,-6,23,1.5694846e+31,0.000000
4,-1,28,1.5506323e+31,0.000000
4,-1,-23,1.5503429e+31,0.000000
5,-2,-6,1.5490081e+31,0.000000
7,-5,43,1.5458882e+31,0.000000
5,1,25,1.5353604e+31,0.000000
6,-3,23,1.5260204e+31,0.000000
6,1,15,1.5240423e+31,0.000000
8,7,3,1.5235962e+31,0.000000
2,0,-39,1.5148796e+31,0.000000
2,0,39,1.5148796e+31,0.000000
4,3,-5,1.5084054e+31,0.000000
6,6,33,1.5040949e+31,0.000000
7,6,9,1.4959853e+31,0.000000
4,-1,29,1.4929947e+31,0.000000
5,5,44,1.480089e+31,0.000000
2,2,46,1.4585402e+31,0.000000
9,-8,45,1.458035e+31,0.000000
8,6,10,1.4556068e+31,0.000000
10,-7,17,1.4551048e+31,0.000000
7,5,20,1.4440436e+31,0.000000
2,-2,-26,1.4437306e+31,0.000000
7,4,10,1.4315065e+31,0.000000
5,3,-6,1.4275248e+31,0.000000
5,2,28,1.4152742e+31,0.000000
8,6,7,1.4061018e+31,0.000000
9,9,10,1.4015599e+31,0.000000
4,-1,30,1.396274e+31,0.000000
3,3,48,1.3953401e+31,0.000000
7,1,2,1.3930818e+31,0.000000
6,5,33,1.3779147e+31,0.000000
6,0,-1,1.375667e+31,0.000000
6,0,1,1.375667e+31,0.000000
10,-8,29,1.3662588e+31,0.000000
8,-6,45,1.3638569e+31,0.000000
6,6,-5,1.352249e+31,0.000000
3,-1,42,1.3382547e+31,0.000000
6,6,45,1.3266876e+31,0.000000
6,6,34,1.3253611e+31,0.000000
7,6,5,1.3214843e+31,0.000000
9,-7,42,1.3201292e+31,0.000000
9,-8,46,1.3132477e+31,0.000000
9,7,9,1.3068908e+31,0.000000
5,-2,32,1.3059488e+31,0.000000
7,3,14,1.3000442e+31,0.000000
4,-4,-15,1.295907e+31,0.000000
9,-7,-1,1.2845068e+31,0.000000
6,3,18,1.2821998e+31,0.000000
4,3,43,1.2815049e+31,0.000000
10,-10,31,1.277717e+31,0.000000
5,3,30,1.273409e+31,0.000000
7,2,0,1.2733364e+31,0.000000
3,2,42,1.2697413e+31,0.000000
10,-9,4,1.2661534e+31,0.000000
9,-6,24,1.2638114e+31,0.000000
10,-9,26,1.2579094e+31,0.000000
6,3,19,1.2554924e+31,0.000000
9,7,7,1.2507032e+31,0.000000
4,4,48,1.2472108e+31,0.000000
6,3,17,1.2464951e+31,0.000000
4,-1,31,1.2455046e+31,0.000000
6,2,22,1.2422676e+31,0.000000
10,8,11,1.2389728e+31,0.000000
10,-6,10,1.229278e+31,0.000000
7,-2,0,1.2247798e+31,0.000000
6,-2,27,1.2191826e+31,0.000000
6,3,14,1.2189764e+31,0.000000
5,-1,25,1.2164117e+31,0.000000
5,-1,-16,1.2149245e+31,0.000000
7,-1,5,1.2085247e+31,0.000000
7,7,22,1.2056801e+31,0.000000
6,-3,24,1.2042016e+31,0.000000
5,-2,-7,1.2020975e+31,0.000000
9,-5,10,1.1978204e+31,0.000000
3,3,-13,1.1975531e+31,0.000000
5,4,41,1.1939792e+31,0.000000
7,4,11,1.1878764e+31,0.000000
8,-5,27,1.180351e+31,0.000000
9,-8,47,1.1790271e+31,0.000000
6,3,20,1.1733481e+31,0.000000
7,5,21,1.1717635e+31,0.000000
6,3,16,1.1667133e+31,0.000000
4,1,-22,1.1611406e+31,0.000000
6,6,35,1.1572722e+31,0.000000
7,-3,17,1.154022e+31,0.000000
7,-2,7,1.1511025e+31,0.000000
10,-8,30,1.1475891e+31,0.000000
6,5,34,1.1328393e+31,0.000000
5,-3,-7,1.1298716e+31,0.000000
5,5,45,1.1283766e+31,0.000000
5,-3,42,1.1123894e+31,0.000000
6,3,15,1.1092715e+31,0.000000
4,0,-30,1.0942352e+31,0.000000
4,0,30,1.0942352e+31,0.000000
4,3,-6,1.093634e+31,0.000000
4,-3,-14,1.0911148e+31,0.000000
3,0,-36,1.0878324e+31,0.000000
3,0,36,1.0878324e+31,0.000000
5,4,-4,1.0837204e+31,0.000000
3,-2,-18,1.0812602e+31,0.000000
3,-1,-32,1.0757178e+31,0.000000
8,-4,1,1.0739321e+31,0.000000
2,1,35,1.0725579e+31,0.000000
7,6,4,1.0685702e+31,0.000000
3,1,-28,1.0663566e+31,0.000000
8,-4,9,1.0663087e+31,0.000000
5,1,-19,1.0651624e+31,0.000000
4,-1,32,1.063316e+31,0.000000
2,-1,-35,1.0558221e+31,0.000000
9,-8,48,1.0546318e+31,0.000000
6,3,21,1.0529191e+31,0.000000
10,-10,32,1.0522703e+31,0.000000
4,2,34,1.0492267e+31,0.000000
9,-7,43,1.0489527e+31,0.000000
5,2,-8,1.0485149e+31,0.000000
4,4,-7,1.0463828e+31,0.000000
3,-2,53,1.0422872e+31,0.000000
10,10,8,1.0360343e+31,0.000000
9,8,1,1.0356509e+31,0.000000
7,-5,44,1.0335804e+31,0.000000
6,1,16,1.0194823e+31,0.000000
9,-6,25,1.0167908e+31,0.000000
5,-2,-4,1.0159967e+31,0.000000
9,-5,2,1.0040083e+31,0.000000
2,1,-28,1.002709e+31,0.000000
6,6,36,1.0017613e+31,0.000000
10,-7,18,1.0001624e+31,0.000000
7,-4,23,9.9924481e+30,0.000000
8,-6,46,9.9649745e+30,0.000000
10,-7,4,9.9504373e+30,0.000000
10,-9,27,9.9033288e+30,0.000000
8,4,-1,9.8913662e+30,0.000000
10,9,15,9.8001846e+30,0.000000
10,9,6,9.7612321e+30,0.000000
2,2,-18,9.7564931e+30,0.000000
10,-8,31,9.7427226e+30,0.000000
6,4,25,9.6398944e+30,0.000000
8,-3,3,9.6226825e+30,0.000000
7,4,12,9.5750291e+30,0.000000
6,-4,35,9.5686345e+30,0.000000
6,0,-14,9.5514096e+30,0.000000
6,0,14,9.5514096e+30,0.000000
10,8,9,9.5230981e+30,0.000000
7,6,3,9.497048e+30,0.000000
8,6,8,9.4633995e+30,0.000000
7,2,3,9.415159e+30,0.000000
7,7,14,9.4053803e+30,0.000000
4,-2,31,9.3984239e+30,0.000000
9,-8,49,9.3957772e+30,0.000000
4,-2,-12,9.3718605e+30,0.000000
7,5,22,9.3540427e+30,0.000000
6,-3,25,9.3124951e+30,0.000000
9,9,3,9.2711333e+30,0.000000
3,-1,43,9.2595467e+30,0.000000
3,3,49,9.2592971e+30,0.000000
6,5,35,9.2544921e+30,0.000000
5,0,-14,9.2261168e+30,0.000000
5,0,14,9.2261168e+30,0.000000
9,9,12,9.1576169e+30,0.000000
6,2,23,9.1542308e+30,0.000000
6,3,22,9.1270572e+30,0.000000
5,3,31,9.0829803e+30,0.000000
2,2,47,9.0706847e+30,0.000000
4,-1,-24,8.9907695e+30,0.000000
4,4,49,8.9015198e+30,0.000000
5,2,29,8.8230963e+30,0.000000
10,-10,33,8.8185723e+30,0.000000
9,7,8,8.8117053e+30,0.000000
2,0,-40,8.8031094e+30,0.000000
2,0,40,8.8031094e+30,0.000000
5,4,42,8.7743061e+30,0.000000
4,-1,33,8.7535743e+30,0.000000
4,3,44,8.7503936e+30,0.000000
3,-3,-25,8.7390662e+30,0.000000
4,1,25,8.7004481e+30,0.000000
7,1,6,8.6616525e+30,0.000000
7,2,2,8.6175994e+30,0.000000
6,6,37,8.6023657e+30,0.000000
5,5,46,8.5851044e+30,0.000000
7,3,15,8.5783866e+30,0.000000
9,9,0,8.525121e+30,0.000000
5,-2,-8,8.3991444e+30,0.000000
10,-8,32,8.3502248e+30,0.000000
9,-8,50,8.3352615e+30,0.000000
9,-7,44,8.3003034e+30,0.000000
7,7,12,8.2706334e+30,0.000000
10,-9,3,8.250735e+30,0.000000
2,-1,40,8.1746795e+30,0.000000
9,-6,26,8.1525314e+30,0.000000
6,-2,28,8.1102184e+30,0.000000
5,-1,-17,8.0283811e+30,0.000000
5,1,26,8.0266109e+30,0.000000
4,2,-17,7.9561592e+30,0.000000
10,-9,28,7.9373568e+30,0.000000
8,-5,28,7.9253076e+30,0.000000
3,2,43,7.8846385e+30,0.000000
7,2,4,7.882642e+30,0.000000
5,-2,33,7.7061087e+30,0.000000
6,3,23,7.6823887e+30,0.000000
9,9,11,7.6787527e+30,0.000000
8,-3,6,7.5680253e+30,0.000000
3,2,-14,7.5298213e+30,0.000000
10,-10,34,7.5230093e+30,0.000000
6,5,36,7.5154316e+30,0.000000
7,4,13,7.479999e+30,0.000000
10,-8,2,7.3923693e+30,0.000000
9,-8,51,7.3620435e+30,0.000000
7,5,23,7.3567384e+30,0.000000
6,6,38,7.3296487e+30,0.000000
5,0,-15,7.3128675e+30,0.000000
5,0,15,7.3128675e+30,0.000000
8,8,13,7.3113109e+30,0.000000
8,-6,47,7.2752747e+30,0.000000
5,0,-16,7.2323411e+30,0.000000
5,0,16,7.2323411e+30,0.000000
5,0,-17,7.2255744e+30,0.000000
5,0,17,7.2255744e+30,0.000000
10,-8,33,7.2137402e+30,0.000000
9,-5,11,7.1520751e+30,0.000000
5,-3,43,7.1238626e+30,0.000000
10,-7,19,7.1217435e+30,0.000000
6,-3,26,7.0743486e+30,0.000000
4,0,-31,7.0672409e+30,0.000000
4,0,31,7.0672409e+30,0.000000
8,-4,10,7.018972e+30,0.000000
4,-1,34,6.9983567e+30,0.000000
3,1,29,6.9907658e+30,0.000000
6,1,-3,6.9901952e+30,0.000000
7,-5,45,6.9166804e+30,0.000000
8,-5,-2,6.9127203e+30,0.000000
3,-2,54,6.8218977e+30,0.000000
5,0,-18,6.8193592e+30,0.000000
5,0,18,6.8193592e+30,0.000000
7,6,49,6.8108852e+30,0.000000
10,-10,-7,6.7998047e+30,0.000000
6,5,-4,6.7886141e+30,0.000000
3,0,-37,6.7375864e+30,0.000000
3,0,37,6.7375864e+30,0.000000
7,7,18,6.7215582e+30,0.000000
4,1,-23,6.7010946e+30,0.000000
10,-6,4,6.6861894e+30,0.000000
6,1,17,6.6410011e+30,0.000000
5,1,-20,6.6230203e+30,0.000000
6,2,24,6.6042533e+30,0.000000
9,-7,45,6.5426789e+30,0.000000
10,-10,35,6.522673e+30,0.000000
5,5,47,6.5203883e+30,0.000000
9,-6,27,6.5011171e+30,0.000000
10,-8,1,6.5001174e+30,0.000000
9,-8,52,6.4734906e+30,0.000000
10,-9,29,6.4718719e+30,0.000000
7,-3,18,6.4502391e+30,0.000000
5,4,43,6.438165e+30,0.000000
10,9,22,6.4375662e+30,0.000000
5,3,32,6.402582e+30,0.000000
7,6,50,6.3949237e+30,0.000000
4,-3,-15,6.3756073e+30,0.000000
4,4,50,6.3497309e+30,0.000000
9,7,3,6.3404587e+30,0.000000
3,-1,44,6.3230578e+30,0.000000
6,3,24,6.3061569e+30,0.000000
5,-1,26,6.2974834e+30,0.000000
4,-4,-16,6.282325e+30,0.000000
10,-8,34,6.2699647e+30,0.000000
10,10,13,6.2380437e+30,0.000000
7,7,2,6.221515e+30,0.000000
8,8,15,6.2142024e+30,0.000000
6,6,39,6.2012055e+30,0.000000
5,2,-9,6.1528248e+30,0.000000
3,3,50,6.1336902e+30,0.000000
7,7,47,6.0857859e+30,0.000000
7,6,11,6.0770923e+30,0.000000
6,5,37,6.0696648e+30,0.000000
7,-2,8,6.0609968e+30,0.000000
5,0,-19,6.0475974e+30,0.000000
5,0,19,6.0475974e+30,0.000000
7,3,-2,5.9989918e+30,0.000000
4,3,45,5.9705784e+30,0.000000
9,-6,1,5.9638265e+30,0.000000
4,3,-7,5.9363649e+30,0.000000
4,2,35,5.8859026e+30,0.000000
2,-1,-36,5.873175e+30,0.000000
2,-1,45,5.8628475e+30,0.000000
7,2,5,5.8594044e+30,0.000000
3,-1,-33,5.7749307e+30,0.000000
10,-10,36,5.7296931e+30,0.000000
7,5,24,5.7079577e+30,0.000000
4,-3,-4,5.704498e+30,0.000000
2,-1,46,5.6946983e+30,0.000000
6,4,26,5.6803459e+30,0.000000
7,6,2,5.6783715e+30,0.000000
3,1,-29,5.6693676e+30,0.000000
9,-8,53,5.6667293e+30,0.000000
2,2,48,5.6555199e+30,0.000000
7,4,14,5.6554295e+30,0.000000
2,-2,-27,5.6366611e+30,0.000000
3,3,-14,5.6274382e+30,0.000000
5,-2,-9,5.4982258e+30,0.000000
10,-8,35,5.4721294e+30,0.000000
4,-1,35,5.4653662e+30,0.000000
5,2,30,5.4561205e+30,0.000000
2,1,-29,5.4308883e+30,0.000000
9,7,13,5.4100227e+30,0.000000
7,3,16,5.4025844e+30,0.000000
7,-1,6,5.396711e+30,0.000000
2,-1,44,5.3806287e+30,0.000000
5,1,-1,5.3683286e+30,0.000000
10,-9,30,5.3641497e+30,0.000000
6,-2,29,5.3399304e+30,0.000000
8,-6,48,5.3090401e+30,0.000000
4,-2,32,5.3071404e+30,0.000000
6,-3,27,5.2902456e+30,0.000000
3,1,32,5.2749781e+30,0.000000
3,1,33,5.2678038e+30,0.000000
7,-4,24,5.2664272e+30,0.000000
10,-6,11,5.2354577e+30,0.000000
10,9,33,5.2341259e+30,0.000000
10,-7,20,5.2284105e+30,0.000000
6,6,40,5.2182507e+30,0.000000
8,-5,29,5.2170548e+30,0.000000
4,-1,-25,5.2001453e+30,0.000000
5,-1,-18,5.1901583e+30,0.000000
9,-6,28,5.1482657e+30,0.000000
8,-4,11,5.1391705e+30,0.000000
9,-7,46,5.1388288e+30,0.000000
10,10,6,5.1307888e+30,0.000000
2,0,-41,5.1198339e+30,0.000000
2,0,41,5.1198339e+30,0.000000
2,-1,47,5.111297e+30,0.000000
5,0,-20,5.0838627e+30,0.000000
5,0,20,5.0838627e+30,0.000000
10,-10,37,5.0791842e+30,0.000000
6,3,25,5.0660354e+30,0.000000
6,2,-7,5.0485904e+30,0.000000
10,9,1,5.0299909e+30,0.000000
6,0,-15,5.028199e+30,0.000000
6,0,15,5.028199e+30,0.000000
10,9,5,5.0178934e+30,0.000000
5,5,48,4.9447794e+30,0.000000
9,-8,54,4.9384675e+30,0.000000
3,2,44,4.8826967e+30,0.000000
6,5,38,4.8763567e+30,0.000000
3,1,34,4.8142356e+30,0.000000
10,-8,36,4.7862744e+30,0.000000
3,1,31,4.781926e+30,0.000000
2,1,36,4.7326572e+30,0.000000
5,4,44,4.7176855e+30,0.000000
3,-3,-26,4.7076111e+30,0.000000
3,-2,55,4.6979152e+30,0.000000
6,2,25,4.6796114e+30,0.000000
7,-5,46,4.6334903e+30,0.000000
4,4,51,4.5729022e+30,0.000000
5,-3,44,4.5394517e+30,0.000000
4,-2,-13,4.5392327e+30,0.000000
4,0,-32,4.5384897e+30,0.000000
4,0,32,4.5384897e+30,0.000000
10,-10,38,4.5260697e+30,0.000000
10,-9,31,4.5134965e+30,0.000000
5,-2,34,4.5056474e+30,0.000000
8,7,10,4.5010781e+30,0.000000
9,-5,12,4.4987852e+30,0.000000
5,3,33,4.4671788e+30,0.000000
9,9,13,4.4427638e+30,0.000000
3,1,30,4.4301986e+30,0.000000
7,5,25,4.3743916e+30,0.000000
6,6,41,4.3524727e+30,0.000000
10,-7,-3,4.3500884e+30,0.000000
6,2,-8,4.3486066e+30,0.000000
2,-1,48,4.3279844e+30,0.000000
9,-8,55,4.2849374e+30,0.000000
8,4,2,4.2765649e+30,0.000000
10,8,10,4.2735098e+30,0.000000
3,-2,-19,4.2724206e+30,0.000000
3,-1,45,4.2619729e+30,0.000000
9,-7,-6,4.2470166e+30,0.000000
4,1,26,4.2455897e+30,0.000000
6,-3,-2,4.238748e+30,0.000000
10,9,4,4.2233237e+30,0.000000
6,1,18,4.2185682e+30,0.000000
10,8,1,4.2175762e+30,0.000000
4,-1,36,4.1883922e+30,0.000000
10,-8,37,4.188204e+30,0.000000
7,6,12,4.1860777e+30,0.000000
3,0,-38,4.1700597e+30,0.000000
3,0,38,4.1700597e+30,0.000000
7,7,-4,4.1406989e+30,0.000000
7,4,15,4.1346073e+30,0.000000
2,-1,43,4.1335912e+30,0.000000
6,-2,-4,4.118724e+30,0.000000
3,1,35,4.1176225e+30,0.000000
5,1,27,4.1129138e+30,0.000000
8,4,1,4.0997065e+30,0.000000
5,0,-21,4.0913996e+30,0.000000
5,0,21,4.0913996e+30,0.000000
4,3,46,4.0701923e+30,0.000000
5,1,-21,4.0661258e+30,0.000000
8,6,5,4.0659213e+30,0.000000
8,-4,12,4.0656303e+30,0.000000
3,3,51,4.0557501e+30,0.000000
6,2,-6,4.0520511e+30,0.000000
9,-6,29,4.0443276e+30,0.000000
10,-10,39,4.0412461e+30,0.000000
9,-7,47,4.0229152e+30,0.000000
7,2,6,4.0012773e+30,0.000000
6,3,26,3.9944724e+30,0.000000
8,-3,7,3.9906831e+30,0.000000
10,10,39,3.9770649e+30,0.000000
7,6,13,3.9691455e+30,0.000000
10,-7,21,3.9417717e+30,0.000000
6,-4,36,3.9264069e+30,0.000000
6,-3,28,3.9015942e+30,0.000000
6,5,39,3.8983898e+30,0.000000
8,6,3,3.8886326e+30,0.000000
8,-6,49,3.8734456e+30,0.000000
2,2,-19,3.8695614e+30,0.000000
8,7,15,3.858831e+30,0.000000
5,-5,-6,3.8561433e+30,0.000000
9,8,17,3.8547973e+30,0.000000
4,1,-24,3.8523761e+30,0.000000
10,-9,32,3.847829e+30,0.000000
7,1,7,3.8088647e+30,0.000000
8,6,4,3.8038072e+30,0.000000
10,10,-3,3.7645325e+30,0.000000
6,1,-4,3.7551601e+30,0.000000
5,5,49,3.7454706e+30,0.000000
4,-3,-16,3.7159254e+30,0.000000
4,2,-18,3.7086574e+30,0.000000
10,-7,3,3.7074446e+30,0.000000
4,3,-4,3.6652669e+30,0.000000
10,-8,38,3.66097e+30,0.000000
6,6,42,3.6136723e+30,0.000000
8,4,3,3.6114671e+30,0.000000
10,-10,40,3.6075418e+30,0.000000
5,2,-10,3.5552834e+30,0.000000
4,4,-8,3.5548264e+30,0.000000
2,2,49,3.540382e+30,0.000000
9,-8,-7,3.5190166e+30,0.000000
7,6,14,3.5028575e+30,0.000000
2,-1,49,3.5004175e+30,0.000000
6,-2,30,3.4843307e+30,0.000000
9,7,11,3.4756116e+30,0.000000
5,4,45,3.4529585e+30,0.000000
5,-2,-10,3.4385693e+30,0.000000
7,-3,19,3.4262503e+30,0.000000
7,7,-3,3.4211027e+30,0.000000
10,9,20,3.3945096e+30,0.000000
8,-4,13,3.3672024e+30,0.000000
8,-5,30,3.3631343e+30,0.000000
3,1,36,3.3531825e+30,0.000000
5,2,31,3.3464581e+30,0.000000
10,7,6,3.3390823e+30,0.000000
3,2,-15,3.321551e+30,0.000000
7,-2,9,3.3164718e+30,0.000000
10,-9,33,3.3157028e+30,0.000000
7,5,26,3.3149646e+30,0.000000
5,-1,-19,3.2958392e+30,0.000000
7,7,0,3.2860746e+30,0.000000
6,4,27,3.2837551e+30,0.000000
2,-1,-37,3.2731956e+30,0.000000
6,2,26,3.2650671e+30,0.000000
4,2,36,3.2595196e+30,0.000000
7,3,17,3.2449925e+30,0.000000
10,10,9,3.2427649e+30,0.000000
4,4,52,3.2240497e+30,0.000000
6,2,-9,3.2170331e+30,0.000000
10,-10,41,3.2159465e+30,0.000000
9,-6,0,3.2029953e+30,0.000000
5,-1,27,3.1944483e+30,0.000000
10,-8,39,3.1928227e+30,0.000000
7,6,0,3.1787746e+30,0.000000
5,0,-22,3.178736e+30,0.000000
5,0,22,3.178736e+30,0.000000
9,8,12,3.1645313e+30,0.000000
4,-1,37,3.1611175e+30,0.000000
9,-6,30,3.1494639e+30,0.000000
9,-7,48,3.1398207e+30,0.000000
7,-5,47,3.1075402e+30,0.000000
8,6,9,3.1048544e+30,0.000000
6,5,40,3.1026315e+30,0.000000
6,3,27,3.0986179e+30,0.000000
3,-1,-34,3.0960939e+30,0.000000
4,3,-8,3.0958994e+30,0.000000
5,3,34,3.0890747e+30,0.000000
7,-4,25,3.0819048e+30,0.000000
4,-4,-17,3.0598618e+30,0.000000
10,9,8,3.0536824e+30,0.000000
7,6,-3,3.0534729e+30,0.000000
10,-7,22,3.0409657e+30,0.000000
10,-9,-6,3.0305065e+30,0.000000
8,6,19,3.0214097e+30,0.000000
3,1,-30,3.0148616e+30,0.000000
3,2,45,3.0143866e+30,0.000000
8,8,14,3.0089316e+30,0.000000
4,-1,-26,3.0007276e+30,0.000000
8,6,2,2.991798e+30,0.000000
4,1,27,2.987257e+30,0.000000
6,6,43,2.9847783e+30,0.000000
2,0,-42,2.9837425e+30,0.000000
2,0,42,2.9837425e+30,0.000000
4,-2,33,2.9736372e+30,0.000000
5,-3,-8,2.9613436e+30,0.000000
2,1,-30,2.9492775e+30,0.000000
7,4,16,2.9202857e+30,0.000000
7,7,-2,2.9081884e+30,0.000000
4,0,-33,2.9003478e+30,0.000000
4,0,33,2.9003478e+30,0.000000
9,-5,13,2.8995395e+30,0.000000
8,6,-3,2.894469e+30,0.000000
7,7,16,2.8878388e+30,0.000000
8,4,4,2.8844826e+30,0.000000
10,-9,34,2.8809495e+30,0.000000
5,-3,45,2.8757726e+30,0.000000
2,-2,-28,2.8628211e+30,0.000000
10,-10,42,2.8624345e+30,0.000000
6,-3,29,2.8424498e+30,0.000000
8,-4,14,2.8413449e+30,0.000000
5,5,50,2.8375969e+30,0.000000
3,-1,46,2.8352135e+30,0.000000
8,-6,50,2.8262353e+30,0.000000
5,3,-7,2.8214102e+30,0.000000
10,-6,12,2.8016589e+30,0.000000
7,2,1,2.7756349e+30,0.000000
10,-8,40,2.7755979e+30,0.000000
4,3,47,2.7715961e+30,0.000000
7,6,-2,2.7699933e+30,0.000000
9,9,19,2.7547936e+30,0.000000
4,1,28,2.746942e+30,0.000000
2,-1,50,2.7247936e+30,0.000000
8,4,0,2.7225803e+30,0.000000
3,3,-15,2.706648e+30,0.000000
4,1,29,2.6856738e+30,0.000000
8,8,27,2.6821962e+30,0.000000
3,3,52,2.6771207e+30,0.000000
10,10,12,2.6615041e+30,0.000000
8,-2,2,2.6452049e+30,0.000000
8,-2,3,2.6371382e+30,0.000000
3,1,37,2.6310871e+30,0.000000
9,8,20,2.628333e+30,0.000000
6,1,19,2.6157435e+30,0.000000
5,-2,35,2.6079967e+30,0.000000
9,-5,1,2.5798675e+30,0.000000
3,0,-39,2.5785237e+30,0.000000
3,0,39,2.5785237e+30,0.000000
7,7,1,2.5755586e+30,0.000000
3,-3,-27,2.5507368e+30,0.000000
4,1,30,2.5471124e+30,0.000000
10,-10,43,2.5455325e+30,0.000000
6,0,-16,2.5411212e+30,0.000000
6,0,16,2.5411212e+30,0.000000
7,2,7,2.5296127e+30,0.000000
7,5,-4,2.5283712e+30,0.000000
5,4,46,2.5247835e+30,0.000000
10,-9,35,2.518651e+30,0.000000
6,-2,-8,2.5002295e+30,0.000000
2,-1,42,2.4967185e+30,0.000000
8,-3,8,2.4910175e+30,0.000000
7,6,15,2.4866492e+30,0.000000
7,5,27,2.4865806e+30,0.000000
8,6,-2,2.4853969e+30,0.000000
5,1,-22,2.4697876e+30,0.000000
6,6,44,2.4606253e+30,0.000000
6,5,41,2.4589988e+30,0.000000
7,6,1,2.4532326e+30,0.000000
9,-7,49,2.4438421e+30,0.000000
9,9,14,2.4415955e+30,0.000000
6,-2,-7,2.4370427e+30,0.000000
9,-6,31,2.4302219e+30,0.000000
7,7,24,2.4232676e+30,0.000000
7,7,-1,2.4071017e+30,0.000000
10,-8,41,2.4034929e+30,0.000000
5,0,-23,2.4001366e+30,0.000000
5,0,23,2.4001366e+30,0.000000
8,-4,15,2.3961859e+30,0.000000
10,-7,23,2.3928776e+30,0.000000
6,3,28,2.3694441e+30,0.000000
4,-1,38,2.3562638e+30,0.000000
8,4,-2,2.3303711e+30,0.000000
9,9,24,2.3094872e+30,0.000000
4,1,31,2.3014669e+30,0.000000
10,-6,3,2.2977603e+30,0.000000
4,4,53,2.2939581e+30,0.000000
10,-10,44,2.2646313e+30,0.000000
7,6,45,2.2595283e+30,0.000000
6,-2,31,2.2554447e+30,0.000000
6,2,27,2.2478643e+30,0.000000
7,-4,26,2.2351705e+30,0.000000
2,2,50,2.2297154e+30,0.000000
9,9,21,2.2254516e+30,0.000000
10,-9,36,2.2119558e+30,0.000000
7,6,16,2.210816e+30,0.000000
8,4,5,2.2075129e+30,0.000000
4,1,-25,2.2074037e+30,0.000000
6,2,-10,2.199065e+30,0.000000
2,-1,41,2.1938202e+30,0.000000
4,-2,-14,2.1875554e+30,0.000000
7,-1,7,2.1871672e+30,0.000000
10,10,20,2.1832234e+30,0.000000
4,4,-5,2.1760196e+30,0.000000
4,-3,-17,2.1621604e+30,0.000000
10,10,5,2.1510031e+30,0.000000
5,5,51,2.1420141e+30,0.000000
8,-5,31,2.120038e+30,0.000000
8,6,0,2.1196756e+30,0.000000
5,3,35,2.1193858e+30,0.000000
5,-2,-2,2.0968789e+30,0.000000
7,-5,48,2.0865752e+30,0.000000
6,-2,-9,2.0856876e+30,0.000000
7,6,-1,2.080294e+30,0.000000
5,-2,-11,2.0763551e+30,0.000000
7,6,17,2.0731011e+30,0.000000
10,-8,42,2.0721803e+30,0.000000
8,-6,51,2.062792e+30,0.000000
5,-1,-20,2.0624178e+30,0.000000
5,1,28,2.0587861e+30,0.000000
2,-1,51,2.050973e+30,0.000000
6,-3,30,2.0485407e+30,0.000000
5,2,32,2.0352211e+30,0.000000
8,8,21,2.0321862e+30,0.000000
5,2,-11,2.028043e+30,0.000000
7,-4,29,2.0225125e+30,0.000000
10,-10,45,2.0189526e+30,0.000000
7,-4,27,2.007593e+30,0.000000
3,1,38,2.0055498e+30,0.000000
7,-4,28,2.0020615e+30,0.000000
8,-4,16,1.9953662e+30,0.000000
7,4,17,1.9903739e+30,0.000000
7,-4,30,1.9900906e+30,0.000000
4,1,32,1.9886231e+30,0.000000
7,-2,10,1.9875436e+30,0.000000
2,1,37,1.9548519e+30,0.000000
10,-9,37,1.9495631e+30,0.000000
6,5,42,1.9411819e+30,0.000000
2,-2,-29,1.9233144e+30,0.000000
8,-4,-1,1.919727e+30,0.000000
10,-7,24,1.9148405e+30,0.000000
7,6,18,1.9103767e+30,0.000000
7,7,21,1.9042433e+30,0.000000
9,-7,50,1.8974095e+30,0.000000
9,-5,14,1.8963162e+30,0.000000
10,10,15,1.8886656e+30,0.000000
7,-4,31,1.8882169e+30,0.000000
7,7,19,1.8865139e+30,0.000000
4,3,48,1.8847162e+30,0.000000
8,7,22,1.8768702e+30,0.000000
8,-4,0,1.8664368e+30,0.000000
7,7,17,1.863957e+30,0.000000
8,6,-1,1.8633767e+30,0.000000
3,-1,47,1.861088e+30,0.000000
6,4,28,1.8595298e+30,0.000000
9,-6,32,1.8577029e+30,0.000000
3,2,46,1.8548876e+30,0.000000
7,3,18,1.8543619e+30,0.000000
7,5,28,1.8479454e+30,0.000000
4,0,-34,1.8455403e+30,0.000000
4,0,34,1.8455403e+30,0.000000
5,4,47,1.8444919e+30,0.000000
2,-1,-38,1.8278009e+30,0.000000
5,-3,46,1.8090629e+30,0.000000
8,-6,-5,1.8077903e+30,0.000000
10,-10,46,1.8070313e+30,0.000000
6,3,29,1.7889831e+30,0.000000
10,-8,43,1.7781973e+30,0.000000
8,6,1,1.7775411e+30,0.000000
4,2,37,1.7768114e+30,0.000000
5,0,-24,1.7704953e+30,0.000000
5,0,24,1.7704953e+30,0.000000
3,3,53,1.7647837e+30,0.000000
2,0,-43,1.7457329e+30,0.000000
2,0,43,1.7457329e+30,0.000000
9,-3,4,1.7428772e+30,0.000000
4,-1,39,1.7384506e+30,0.000000
7,-4,32,1.7288984e+30,0.000000
4,-1,-27,1.7278985e+30,0.000000
10,-9,38,1.7238014e+30,0.000000
7,-3,20,1.7204877e+30,0.000000
4,2,-19,1.7115491e+30,0.000000
10,-6,13,1.7039238e+30,0.000000
6,-4,-4,1.6994541e+30,0.000000
6,6,46,1.697487e+30,0.000000
7,6,20,1.6948151e+30,0.000000
8,-3,9,1.6830712e+30,0.000000
6,-4,37,1.6818555e+30,0.000000
3,-1,-35,1.6568615e+30,0.000000
4,1,33,1.6559711e+30,0.000000
4,-2,34,1.6514484e+30,0.000000
3,-2,-20,1.6342216e+30,0.000000
4,4,54,1.6300181e+30,0.000000
8,-4,17,1.6293204e+30,0.000000
4,3,-9,1.6289638e+30,0.000000
10,-10,47,1.6265696e+30,0.000000
5,5,52,1.6180736e+30,0.000000
7,6,21,1.6124869e+30,0.000000
2,1,-31,1.6057448e+30,0.000000
3,1,-31,1.6031852e+30,0.000000
8,4,6,1.5967617e+30,0.000000
3,0,-40,1.5924676e+30,0.000000
3,0,40,1.5924676e+30,0.000000
10,9,10,1.588195e+30,0.000000
6,1,20,1.5839915e+30,0.000000
5,-1,28,1.582573e+30,0.000000
10,-7,25,1.554098e+30,0.000000
6,-2,-10,1.552589e+30,0.000000
7,6,22,1.5437959e+30,0.000000
8,8,18,1.5351523e+30,0.000000
7,-4,33,1.5336324e+30,0.000000
6,2,28,1.5295966e+30,0.000000
10,-9,39,1.5292362e+30,0.000000
6,5,43,1.5268273e+30,0.000000
10,-8,44,1.5185492e+30,0.000000
2,2,-20,1.5123416e+30,0.000000
7,1,8,1.5088821e+30,0.000000
8,-6,52,1.5063872e+30,0.000000
8,8,19,1.5004226e+30,0.000000
4,-4,-18,1.4975535e+30,0.000000
2,-1,52,1.4971586e+30,0.000000
7,7,20,1.4961465e+30,0.000000
3,1,39,1.493502e+30,0.000000
5,-2,36,1.4926015e+30,0.000000
7,2,8,1.4871289e+30,0.000000
5,1,-23,1.4867371e+30,0.000000
7,6,23,1.4838075e+30,0.000000
2,-2,-30,1.4792542e+30,0.000000
8,6,11,1.4760507e+30,0.000000
10,-10,48,1.4745263e+30,0.000000
9,-7,51,1.4698825e+30,0.000000
6,-2,-6,1.4698294e+30,0.000000
6,-3,31,1.4622897e+30,0.000000
8,-3,2,1.4572424e+30,0.000000
6,-2,32,1.4495752e+30,0.000000
5,3,36,1.4440024e+30,0.000000
3,2,-16,1.4359256e+30,0.000000
6,2,-11,1.4327612e+30,0.000000
7,6,24,1.42963e+30,0.000000
6,1,-5,1.4214457e+30,0.000000
2,2,51,1.4164728e+30,0.000000
8,8,16,1.4145764e+30,0.000000
9,-6,33,1.4066602e+30,0.000000
7,-5,49,1.4026247e+30,0.000000
7,-2,11,1.4004805e+30,0.000000
7,7,23,1.3927974e+30,0.000000
3,-3,-28,1.3897501e+30,0.000000
6,6,47,1.3861232e+30,0.000000
7,6,25,1.3668596e+30,0.000000
7,5,29,1.3617385e+30,0.000000
10,-9,40,1.3617252e+30,0.000000
9,-6,-2,1.3506226e+30,0.000000
10,-10,49,1.3473344e+30,0.000000
5,4,48,1.3465298e+30,0.000000
9,9,16,1.34592e+30,0.000000
8,-3,1,1.3449356e+30,0.000000
6,6,48,1.3446371e+30,0.000000
6,4,-4,1.3386707e+30,0.000000
4,1,34,1.338574e+30,0.000000
6,3,30,1.3355075e+30,0.000000
3,3,-16,1.3253602e+30,0.000000
7,-4,34,1.3236895e+30,0.000000
4,4,-9,1.3149887e+30,0.000000
8,7,14,1.3128528e+30,0.000000
7,4,18,1.3068559e+30,0.000000
8,-5,32,1.3044551e+30,0.000000
7,6,26,1.3016669e+30,0.000000
8,-4,18,1.2996484e+30,0.000000
9,9,25,1.2949379e+30,0.000000
10,-8,45,1.2904736e+30,0.000000
5,0,-25,1.2812451e+30,0.000000
5,0,25,1.2812451e+30,0.000000
4,3,49,1.2794564e+30,0.000000
10,-7,26,1.2760709e+30,0.000000
5,-1,-21,1.2750728e+30,0.000000
4,-1,40,1.271798e+30,0.000000
9,-5,15,1.2625264e+30,0.000000
4,1,-26,1.2612538e+30,0.000000
4,-3,-18,1.256911e+30,0.000000
10,-10,50,1.2411633e+30,0.000000
7,6,27,1.2387506e+30,0.000000
8,2,1,1.2315579e+30,0.000000
6,0,-17,1.2273987e+30,0.000000
6,0,17,1.2273987e+30,0.000000
5,2,33,1.2267886e+30,0.000000
5,5,53,1.2217558e+30,0.000000
5,-2,-12,1.2180661e+30,0.000000
10,-9,41,1.2178266e+30,0.000000
3,-1,48,1.2055377e+30,0.000000
8,8,23,1.1976426e+30,0.000000
6,5,44,1.1968944e+30,0.000000
7,-2,12,1.1779908e+30,0.000000
8,-3,10,1.1774226e+30,0.000000
10,-7,2,1.1751922e+30,0.000000
4,0,-35,1.1697864e+30,0.000000
4,0,35,1.1697864e+30,0.000000
6,-5,-5,1.1672708e+30,0.000000
7,6,28,1.1666349e+30,0.000000
3,3,54,1.1629e+30,0.000000
2,-2,-31,1.1594984e+30,0.000000
4,4,55,1.1563277e+30,0.000000
10,-10,51,1.1521738e+30,0.000000
5,2,-12,1.1425634e+30,0.000000
3,2,47,1.1378032e+30,0.000000
9,-7,52,1.1364514e+30,0.000000
5,-3,47,1.1282572e+30,0.000000
8,6,12,1.1282126e+30,0.000000
10,-6,14,1.1218899e+30,0.000000
7,-4,35,1.1160116e+30,0.000000
7,-2,13,1.1079928e+30,0.000000
9,-6,-1,1.1054032e+30,0.000000
8,-6,53,1.1008782e+30,0.000000
6,2,-5,1.095578e+30,0.000000
8,7,12,1.0952108e+30,0.000000
7,6,29,1.0951754e+30,0.000000
10,-9,42,1.0944694e+30,0.000000
9,-5,0,1.0939278e+30,0.000000
10,-8,46,1.0913149e+30,0.000000
3,1,40,1.090813e+30,0.000000
8,4,7,1.0848766e+30,0.000000
7,7,-5,1.0819939e+30,0.000000
8,-2,1,1.0803833e+30,0.000000
7,-2,14,1.0777166e+30,0.000000
10,10,32,1.0772928e+30,0.000000
10,-10,52,1.0767344e+30,0.000000
6,-2,-11,1.0751216e+30,0.000000
9,-3,3,1.073916e+30,0.000000
8,5,2,1.0685509e+30,0.000000
10,10,16,1.0656795e+30,0.000000
2,-1,53,1.0621132e+30,0.000000
8,5,3,1.0588517e+30,0.000000
10,-7,27,1.0575111e+30,0.000000
4,1,35,1.0565193e+30,0.000000
10,9,12,1.0553467e+30,0.000000
9,-6,34,1.0550738e+30,0.000000
10,10,14,1.0514218e+30,0.000000
6,-1,1,1.0511207e+30,0.000000
4,-2,-15,1.0481752e+30,0.000000
10,10,48,1.0439457e+30,0.000000
8,7,47,1.0379632e+30,0.000000
6,-3,32,1.0349625e+30,0.000000
7,-2,15,1.0348683e+30,0.000000
6,2,29,1.0301814e+30,0.000000
6,4,29,1.0293479e+30,0.000000
2,0,-44,1.0282878e+30,0.000000
2,0,44,1.0282878e+30,0.000000
10,9,3,1.027413e+30,0.000000
2,-1,-39,1.0229194e+30,0.000000
7,6,30,1.0161073e+30,0.000000
7,1,-5,1.0148235e+30,0.000000
10,-10,53,1.0115617e+30,0.000000
8,-4,19,1.0107576e+30,0.000000
7,3,19,1.0040872e+30,0.000000
5,1,29,1.0019616e+30,0.000000
8,6,13,9.9589581e+29,0.000000
7,5,30,9.9585284e+29,0.000000
4,-1,-28,9.9294355e+29,0.000000
10,-9,43,9.888006e+29,0.000000
6,3,31,9.8690527e+29,0.000000
9,8,13,9.8260599e+29,0.000000
5,4,49,9.8238515e+29,0.000000
3,0,-41,9.8200189e+29,0.000000
3,0,41,9.8200189e+29,0.000000
5,3,37,9.777373e+29,0.000000
10,-9,2,9.70093e+29,0.000000
7,-2,16,9.6256594e+29,0.000000
9,9,17,9.5661991e+29,0.000000
10,-10,54,9.5385412e+29,0.000000
4,2,38,9.4973528e+29,0.000000
7,-5,50,9.438296e+29,0.000000
10,9,0,9.3892082e+29,0.000000
8,7,18,9.3812934e+29,0.000000
7,6,31,9.3731173e+29,0.000000
6,1,21,9.3682267e+29,0.000000
6,5,45,9.3534958e+29,0.000000
6,-2,33,9.2563164e+29,0.000000
4,-1,41,9.2382869e+29,0.000000
8,-2,4,9.2281298e+29,0.000000
5,5,54,9.2222743e+29,0.000000
7,-4,36,9.2219346e+29,0.000000
10,-8,47,9.1847339e+29,0.000000
5,0,-26,9.1260873e+29,0.000000
5,0,26,9.1260873e+29,0.000000
2,2,52,9.105431e+29,0.000000
4,-2,35,9.0766057e+29,0.000000
6,-4,38,9.0557432e+29,0.000000
6,2,-12,9.0320582e+29,0.000000
8,5,4,9.0220613e+29,0.000000
10,-10,55,9.0130203e+29,0.000000
10,-9,44,8.9814142e+29,0.000000
5,1,-24,8.8824524e+29,0.000000
2,-2,-32,8.8756775e+29,0.000000
3,-1,-36,8.8462278e+29,0.000000
10,10,19,8.838916e+29,0.000000
9,9,18,8.8374308e+29,0.000000
10,-7,28,8.824535e+29,0.000000
7,7,39,8.8202049e+29,0.000000
8,5,-2,8.8158746e+29,0.000000
7,1,-6,8.790892e+29,0.000000
10,9,11,8.7745619e+29,0.000000
9,-7,53,8.7715927e+29,0.000000
2,1,-32,8.7640946e+29,0.000000
4,3,-10,8.732424e+29,0.000000
9,-5,16,8.6754513e+29,0.000000
8,6,14,8.6754029e+29,0.000000
4,3,50,8.6678356e+29,0.000000
10,10,-1,8.6494696e+29,0.000000
7,-2,17,8.6275556e+29,0.000000
7,7,25,8.6112064e+29,0.000000
7,-1,8,8.583366e+29,0.000000
7,6,32,8.5747053e+29,0.000000
3,1,-32,8.521855e+29,0.000000
9,8,15,8.4707445e+29,0.000000
7,7,28,8.4667926e+29,0.000000
5,-2,37,8.431916e+29,0.000000
10,-7,-2,8.3557119e+29,0.000000
9,7,10,8.3268306e+29,0.000000
8,-3,11,8.3114556e+29,0.000000
7,2,9,8.2787934e+29,0.000000
8,2,2,8.2647727e+29,0.000000
10,-9,-7,8.2539728e+29,0.000000
7,4,19,8.2464356e+29,0.000000
10,-9,45,8.2000199e+29,0.000000
4,1,36,8.1802826e+29,0.000000
7,-3,21,8.1606442e+29,0.000000
7,1,13,8.1117759e+29,0.000000
5,-3,-9,8.1054384e+29,0.000000
8,-6,54,8.0526462e+29,0.000000
8,-8,-8,7.9166389e+29,0.000000
7,1,12,7.847885e+29,0.000000
9,-6,35,7.8392529e+29,0.000000
3,1,41,7.8348134e+29,0.000000
8,-5,33,7.8169127e+29,0.000000
5,-1,-22,7.8046595e+29,0.000000
4,2,-20,7.8028581e+29,0.000000
7,7,26,7.7917135e+29,0.000000
7,6,33,7.7829377e+29,0.000000
10,-6,15,7.7509548e+29,0.000000
3,-1,49,7.7130889e+29,0.000000
10,-8,48,7.6939975e+29,0.000000
3,3,55,7.6728893e+29,0.000000
8,-4,20,7.6579212e+29,0.000000
8,5,5,7.6432266e+29,0.000000
5,-1,29,7.6215986e+29,0.000000
7,1,14,7.6172084e+29,0.000000
3,-3,-29,7.6119672e+29,0.000000
10,10,2,7.5503876e+29,0.000000
10,-9,46,7.5211762e+29,0.000000
7,-4,37,7.4896227e+29,0.000000
7,-2,18,7.455115e+29,0.000000
10,-6,2,7.4525976e+29,0.000000
10,-7,29,7.3977522e+29,0.000000
4,0,-36,7.3875602e+29,0.000000
4,0,36,7.3875602e+29,0.000000
4,-4,-19,7.3652444e+29,0.000000
2,-1,54,7.3405529e+29,0.000000
5,2,34,7.3244204e+29,0.000000
2,1,38,7.3162654e+29,0.000000
4,-3,-19,7.3045058e+29,0.000000
6,5,46,7.2888059e+29,0.000000
6,-3,33,7.2697996e+29,0.000000
8,6,15,7.2407442e+29,0.000000
7,5,31,7.2306998e+29,0.000000
6,3,32,7.2265267e+29,0.000000
4,1,-27,7.1884177e+29,0.000000
7,7,27,7.1840017e+29,0.000000
5,4,50,7.1631725e+29,0.000000
8,5,1,7.0979643e+29,0.000000
6,-2,-12,7.0778389e+29,0.000000
8,4,8,7.020785e+29,0.000000
7,7,32,7.0155595e+29,0.000000
7,6,34,7.0067352e+29,0.000000
7,1,9,6.9958723e+29,0.000000
6,-4,39,6.9727963e+29,0.000000
5,-2,-13,6.9682015e+29,0.000000
3,2,48,6.9620407e+29,0.000000
5,-3,48,6.9616878e+29,0.000000
5,5,55,6.9602501e+29,0.000000
10,-9,47,6.9248552e+29,0.000000
6,2,30,6.8750318e+29,0.000000
7,7,30,6.8408762e+29,0.000000
7,1,11,6.8342413e+29,0.000000
9,-7,54,6.7604866e+29,0.000000
10,8,12,6.7217501e+29,0.000000
7,6,-4,6.702423e+29,0.000000
4,-1,42,6.6703701e+29,0.000000
6,-4,40,6.6586157e+29,0.000000
8,8,30,6.6551236e+29,0.000000
8,6,16,6.6240385e+29,0.000000
7,1,15,6.6229575e+29,0.000000
8,5,6,6.6025042e+29,0.000000
6,-4,41,6.6020982e+29,0.000000
2,-2,-33,6.5889023e+29,0.000000
5,3,38,6.5830748e+29,0.000000
3,3,-17,6.5799573e+29,0.000000
8,-3,0,6.5505389e+29,0.000000
7,7,29,6.5478194e+29,0.000000
10,-8,49,6.4161276e+29,0.000000
5,0,-27,6.4151655e+29,0.000000
5,0,27,6.4151655e+29,0.000000
10,-9,48,6.3938955e+29,0.000000
7,-5,51,6.3565784e+29,0.000000
5,2,-13,6.3540004e+29,0.000000
6,-4,42,6.3472978e+29,0.000000
5,3,-8,6.2958693e+29,0.000000
9,-5,17,6.2760068e+29,0.000000
7,6,35,6.2600341e+29,0.000000
4,1,37,6.2357254e+29,0.000000
8,6,17,6.2296975e+29,0.000000
7,-2,19,6.2259067e+29,0.000000
10,-7,30,6.2166865e+29,0.000000
8,5,0,6.2146855e+29,0.000000
3,-2,-21,6.1911276e+29,0.000000
7,4,-3,6.1633189e+29,0.000000
2,0,-45,6.1209593e+29,0.000000
2,0,45,6.1209593e+29,0.000000
6,6,51,6.094099e+29,0.000000
7,7,31,6.0755358e+29,0.000000
9,9,2,6.0632728e+29,0.000000
3,2,-17,6.0528522e+29,0.000000
3,0,-42,6.0446609e+29,0.000000
3,0,42,6.0446609e+29,0.000000
7,-4,38,5.9922951e+29,0.000000
2,2,53,5.9434616e+29,0.000000
7,7,33,5.9158459e+29,0.000000
10,-9,49,5.9140865e+29,0.000000
8,8,22,5.9114611e+29,0.000000
8,-6,55,5.8965222e+29,0.000000
8,6,18,5.8815276e+29,0.000000
6,-2,34,5.8755691e+29,0.000000
10,-8,-7,5.8645319e+29,0.000000
4,3,51,5.8577083e+29,0.000000
6,-4,43,5.8519242e+29,0.000000
8,-2,5,5.841547e+29,0.000000
8,-3,12,5.8248069e+29,0.000000
7,1,-7,5.8191125e+29,0.000000
7,1,10,5.8098743e+29,0.000000
2,2,-21,5.7972362e+29,0.000000
8,5,7,5.7779911e+29,0.000000
9,-6,36,5.7701708e+29,0.000000
2,-1,-40,5.7395417e+29,0.000000
8,5,-1,5.7059785e+29,0.000000
7,7,34,5.6960638e+29,0.000000
4,-1,-29,5.6941137e+29,0.000000
6,5,47,5.6651893e+29,0.000000
8,-4,21,5.6511695e+29,0.000000
8,7,2,5.6341634e+29,0.000000
6,0,-18,5.6294686e+29,0.000000
6,0,18,5.6294686e+29,0.000000
9,-3,5,5.6010808e+29,0.000000
10,8,17,5.5594445e+29,0.000000
6,4,30,5.5541574e+29,0.000000
6,2,-13,5.552661e+29,0.000000
7,6,36,5.5497712e+29,0.000000
3,1,42,5.543811e+29,0.000000
7,1,-3,5.5002985e+29,0.000000
10,-6,16,5.49647e+29,0.000000
10,-9,50,5.4740886e+29,0.000000
7,1,16,5.4159193e+29,0.000000
8,5,8,5.4141427e+29,0.000000
6,1,22,5.4086749e+29,0.000000
10,-8,50,5.3272727e+29,0.000000
5,4,51,5.2798226e+29,0.000000
5,1,-25,5.2732902e+29,0.000000
8,6,20,5.2713702e+29,0.000000
6,3,33,5.2479022e+29,0.000000
10,-7,31,5.2263625e+29,0.000000
7,5,32,5.2174251e+29,0.000000
9,-7,55,5.2042985e+29,0.000000
6,-4,44,5.200935e+29,0.000000
4,4,-10,5.1954024e+29,0.000000
6,1,-6,5.175699e+29,0.000000
7,1,-4,5.1682808e+29,0.000000
10,9,13,5.1604825e+29,0.000000
7,3,20,5.1254302e+29,0.000000
7,7,35,5.0830516e+29,0.000000
6,-3,34,5.0719964e+29,0.000000
10,-9,51,5.0652186e+29,0.000000
7,-2,20,5.0402222e+29,0.000000
10,-7,0,5.0352299e+29,0.000000
4,-2,-16,4.9899045e+29,0.000000
7,4,20,4.9856182e+29,0.000000
2,-1,55,4.9658599e+29,0.000000
4,2,39,4.9522028e+29,0.000000
8,6,21,4.9415008e+29,0.000000
4,-2,36,4.926583e+29,0.000000
10,7,7,4.9110199e+29,0.000000
3,-1,50,4.8884716e+29,0.000000
7,6,37,4.886225e+29,0.000000
9,6,7,4.8641259e+29,0.000000
9,-5,18,4.858225e+29,0.000000
10,10,1,4.8300469e+29,0.000000
2,1,-33,4.7946112e+29,0.000000
4,-1,43,4.7912622e+29,0.000000
7,7,36,4.7853095e+29,0.000000
4,3,-11,4.767924e+29,0.000000
2,-2,-34,4.7665198e+29,0.000000
10,7,9,4.7495829e+29,0.000000
8,3,0,4.7491652e+29,0.000000
5,-1,-23,4.7378166e+29,0.000000
7,-4,39,4.7322506e+29,0.000000
3,-1,-37,4.7103208e+29,0.000000
5,1,30,4.7092018e+29,0.000000
4,1,38,4.6931717e+29,0.000000
5,-2,38,4.6907955e+29,0.000000
10,-9,52,4.6811392e+29,0.000000
8,6,-4,4.6782538e+29,0.000000
7,2,10,4.6512012e+29,0.000000
4,0,-37,4.6488464e+29,0.000000
4,0,37,4.6488464e+29,0.000000
8,5,9,4.6436426e+29,0.000000
10,10,21,4.621536e+29,0.000000
8,-2,6,4.5890529e+29,0.000000
8,6,22,4.5834326e+29,0.000000
8,-5,34,4.5508352e+29,0.000000
6,2,31,4.5505694e+29,0.000000
8,4,9,4.5503662e+29,0.000000
9,7,15,4.5377028e+29,0.000000
3,1,-33,4.5262975e+29,0.000000
8,-5,-3,4.5252005e+29,0.000000
6,-4,45,4.4916502e+29,0.000000
6,-2,-13,4.4863402e+29,0.000000
7,7,37,4.4856012e+29,0.000000
5,0,-28,4.4600513e+29,0.000000
5,0,28,4.4600513e+29,0.000000
6,6,52,4.4369462e+29,0.000000
8,2,0,4.4211053e+29,0.000000
5,3,39,4.4094142e+29,0.000000
10,-8,51,4.4048342e+29,0.000000
6,5,48,4.39302e+29,0.000000
10,-7,32,4.3879391e+29,0.000000
6,1,-10,4.3450247e+29,0.000000
9,-4,6,4.3404003e+29,0.000000
5,2,35,4.3273311e+29,0.000000
10,-9,53,4.3174932e+29,0.000000
9,-5,-1,4.2975273e+29,0.000000
7,-5,52,4.284021e+29,0.000000
7,6,38,4.2693319e+29,0.000000
9,6,10,4.2684894e+29,0.000000
10,10,17,4.2658835e+29,0.000000
7,-1,9,4.2603277e+29,0.000000
3,2,49,4.2561174e+29,0.000000
10,10,41,4.2517087e+29,0.000000
4,-3,-20,4.24601e+29,0.000000
5,-3,49,4.2386009e+29,0.000000
7,1,17,4.2140996e+29,0.000000
6,1,-11,4.2080769e+29,0.000000
9,-6,37,4.2077181e+29,0.000000
8,6,23,4.199594e+29,0.000000
3,-3,-30,4.1901934e+29,0.000000
7,7,38,4.1780533e+29,0.000000
7,-1,12,4.1622648e+29,0.000000
8,5,10,4.1191879e+29,0.000000
7,-1,13,4.1109684e+29,0.000000
7,7,41,4.1094599e+29,0.000000
4,1,-28,4.0875143e+29,0.000000
5,-5,-7,4.0712404e+29,0.000000
8,-4,22,4.0626836e+29,0.000000
6,1,-9,4.056784e+29,0.000000
9,8,14,4.0466036e+29,0.000000
9,-5,19,4.0303197e+29,0.000000
8,-3,13,4.0085331e+29,0.000000
10,-9,54,3.971518e+29,0.000000
7,-2,21,3.9675083e+29,0.000000
2,2,54,3.9526602e+29,0.000000
4,3,52,3.9472635e+29,0.000000
10,-6,17,3.9368092e+29,0.000000
5,-2,-14,3.896525e+29,0.000000
9,8,27,3.8955481e+29,0.000000
7,-1,11,3.8752675e+29,0.000000
3,1,43,3.8686403e+29,0.000000
5,4,52,3.8025738e+29,0.000000
8,6,24,3.7989394e+29,0.000000
6,-4,46,3.7968088e+29,0.000000
6,3,34,3.7824452e+29,0.000000
6,1,-12,3.7659697e+29,0.000000
8,5,11,3.7607846e+29,0.000000
7,-1,14,3.7439928e+29,0.000000
7,5,33,3.7432818e+29,0.000000
10,10,18,3.7406938e+29,0.000000
7,-3,22,3.7250143e+29,0.000000
3,0,-43,3.7131959e+29,0.000000
3,0,43,3.7131959e+29,0.000000
6,-2,35,3.7088174e+29,0.000000
7,6,39,3.7061511e+29,0.000000
2,0,-46,3.6995956e+29,0.000000
2,0,46,3.6995956e+29,0.000000
7,-4,40,3.6948609e+29,0.000000
8,-2,7,3.6841706e+29,0.000000
10,10,27,3.6799636e+29,0.000000
10,-7,33,3.6737251e+29,0.000000
7,-3,-2,3.670045e+29,0.000000
8,2,7,3.6497245e+29,0.000000
10,-9,55,3.6416754e+29,0.000000
4,-4,-20,3.6400424e+29,0.000000
10,-8,52,3.6277097e+29,0.000000
7,-1,10,3.5536504e+29,0.000000
8,2,8,3.548523e+29,0.000000
5,-1,30,3.5444828e+29,0.000000
7,7,40,3.5287488e+29,0.000000
9,-5,20,3.5273854e+29,0.000000
6,-3,35,3.5172358e+29,0.000000
4,2,-21,3.5053373e+29,0.000000
6,6,53,3.5041699e+29,0.000000
4,1,39,3.4952532e+29,0.000000
5,2,-14,3.4843737e+29,0.000000
8,5,12,3.4619409e+29,0.000000
5,-3,-10,3.4451425e+29,0.000000
4,-1,44,3.425718e+29,0.000000
6,1,-8,3.4246129e+29,0.000000
6,5,49,3.4000704e+29,0.000000
2,-2,-35,3.3881732e+29,0.000000
8,6,25,3.3881489e+29,0.000000
10,9,19,3.3470953e+29,0.000000
6,2,-14,3.3436151e+29,0.000000
7,1,-8,3.3428256e+29,0.000000
6,3,-3,3.340591e+29,0.000000
10,7,8,3.3310241e+29,0.000000
8,8,24,3.3195255e+29,0.000000
3,3,-18,3.3016933e+29,0.000000
4,-1,-30,3.2579864e+29,0.000000
8,4,10,3.2486774e+29,0.000000
8,2,6,3.2421821e+29,0.000000
2,-1,-41,3.2306404e+29,0.000000
8,8,46,3.2204309e+29,0.000000
9,-4,5,3.2136327e+29,0.000000
9,-6,-3,3.2126181e+29,0.000000
9,7,2,3.2104879e+29,0.000000
7,6,40,3.2093212e+29,0.000000
8,5,13,3.1898952e+29,0.000000
7,-1,15,3.1868068e+29,0.000000
9,-5,21,3.1789785e+29,0.000000
6,1,-13,3.1702325e+29,0.000000
6,-4,47,3.1597058e+29,0.000000
7,1,18,3.1469939e+29,0.000000
10,8,20,3.1310899e+29,0.000000
6,1,-7,3.1191159e+29,0.000000
5,1,-26,3.1139502e+29,0.000000
3,-1,51,3.09031e+29,0.000000
8,2,9,3.0780565e+29,0.000000
7,2,15,3.0773631e+29,0.000000
5,0,-29,3.0721814e+29,0.000000
5,0,29,3.0721814e+29,0.000000
8,7,24,3.0695996e+29,0.000000
7,2,16,3.0680091e+29,0.000000
8,2,3,3.0654404e+29,0.000000
10,-7,34,3.0635855e+29,0.000000
7,-2,22,3.0454209e+29,0.000000
6,1,23,3.0448357e+29,0.000000
9,-6,38,3.0399213e+29,0.000000
7,2,11,3.0348886e+29,0.000000
8,4,14,3.0255524e+29,0.000000
8,4,15,3.0110828e+29,0.000000
6,2,-2,3.0036205e+29,0.000000
9,6,8,2.9909683e+29,0.000000
6,2,32,2.98963e+29,0.000000
8,6,26,2.9826172e+29,0.000000
10,-8,53,2.9764731e+29,0.000000
8,7,16,2.9734492e+29,0.000000
5,3,40,2.9390486e+29,0.000000
8,5,14,2.9242271e+29,0.000000
7,2,14,2.9241689e+29,0.000000
7,7,42,2.9202264e+29,0.000000
4,0,-38,2.9148877e+29,0.000000
4,0,38,2.9148877e+29,0.000000
8,4,13,2.9113036e+29,0.000000
6,4,31,2.9103224e+29,0.000000
7,2,17,2.8976827e+29,0.000000
10,9,24,2.8909872e+29,0.000000
7,-5,53,2.8886865e+29,0.000000
9,-5,22,2.8848273e+29,0.000000
7,4,21,2.8788701e+29,0.000000
8,-2,8,2.8649264e+29,0.000000
10,9,14,2.8579286e+29,0.000000
9,8,21,2.8567778e+29,0.000000
5,-1,-24,2.8563567e+29,0.000000
7,-4,41,2.856242e+29,0.000000
8,4,16,2.8502708e+29,0.000000
8,-4,23,2.8464389e+29,0.000000
10,10,23,2.8301074e+29,0.000000
10,-6,18,2.8141295e+29,0.000000
8,8,0,2.8133972e+29,0.000000
6,6,54,2.7783894e+29,0.000000
8,4,11,2.7747355e+29,0.000000
5,4,53,2.7682718e+29,0.000000
8,3,1,2.7664141e+29,0.000000
8,4,12,2.7624113e+29,0.000000
6,-2,-14,2.7600703e+29,0.000000
10,7,3,2.7571831e+29,0.000000
7,-4,-3,2.7561829e+29,0.000000
7,6,41,2.7402927e+29,0.000000
10,9,21,2.738942e+29,0.000000
5,-3,-11,2.7184345e+29,0.000000
6,3,35,2.7075711e+29,0.000000
7,2,13,2.6896219e+29,0.000000
8,-3,14,2.6873603e+29,0.000000
2,2,55,2.6853384e+29,0.000000
7,5,34,2.6719061e+29,0.000000
3,1,44,2.663898e+29,0.000000
4,3,53,2.6512127e+29,0.000000
8,5,15,2.6502718e+29,0.000000
4,3,-12,2.6436145e+29,0.000000
4,-2,37,2.6332357e+29,0.000000
6,5,50,2.6331526e+29,0.000000
2,1,-34,2.6288258e+29,0.000000
7,2,18,2.6079628e+29,0.000000
3,2,50,2.6074695e+29,0.000000
6,-4,48,2.6002244e+29,0.000000
7,7,43,2.5951691e+29,0.000000
8,6,27,2.5949837e+29,0.000000
9,-5,23,2.5948804e+29,0.000000
7,2,12,2.5909757e+29,0.000000
4,1,40,2.5804285e+29,0.000000
6,-1,2,2.5767944e+29,0.000000
8,4,17,2.5707558e+29,0.000000
8,-5,35,2.5684716e+29,0.000000
7,-1,16,2.5659842e+29,0.000000
5,-2,39,2.5617428e+29,0.000000
10,-7,35,2.542391e+29,0.000000
6,1,-14,2.542021e+29,0.000000
5,-3,50,2.5380736e+29,0.000000
5,-3,-12,2.534418e+29,0.000000
10,-7,1,2.5321512e+29,0.000000
5,2,36,2.5267446e+29,0.000000
4,2,40,2.5018415e+29,0.000000
3,-2,-22,2.5012804e+29,0.000000
3,-1,-38,2.5005444e+29,0.000000
9,-3,2,2.4907603e+29,0.000000
3,2,-18,2.4760934e+29,0.000000
4,-3,-21,2.4698582e+29,0.000000
7,3,21,2.4599597e+29,0.000000
8,8,53,2.4425744e+29,0.000000
4,-1,45,2.4391e+29,0.000000
8,2,10,2.433706e+29,0.000000
10,-8,54,2.4334786e+29,0.000000
6,0,-19,2.4306912e+29,0.000000
6,0,19,2.4306912e+29,0.000000
8,2,5,2.4263417e+29,0.000000
6,-3,36,2.4258248e+29,0.000000
7,2,-1,2.4058879e+29,0.000000
3,1,-34,2.4011326e+29,0.000000
2,-2,-36,2.3888051e+29,0.000000
8,5,16,2.3670132e+29,0.000000
4,-2,-17,2.3583013e+29,0.000000
10,-6,1,2.3466482e+29,0.000000
2,1,39,2.3458726e+29,0.000000
7,6,42,2.3351134e+29,0.000000
6,-2,36,2.3285665e+29,0.000000
4,1,-29,2.3190298e+29,0.000000
3,-3,-31,2.3176517e+29,0.000000
7,7,44,2.315481e+29,0.000000
9,-5,24,2.2924328e+29,0.000000
7,-2,23,2.2854255e+29,0.000000
2,0,-47,2.2825797e+29,0.000000
2,0,47,2.2825797e+29,0.000000
3,0,-44,2.2760966e+29,0.000000
3,0,44,2.2760966e+29,0.000000
8,8,28,2.2718882e+29,0.000000
9,9,23,2.2712625e+29,0.000000
7,1,19,2.2702647e+29,0.000000
7,2,19,2.2514562e+29,0.000000
8,6,28,2.2294687e+29,0.000000
5,-3,-13,2.2261918e+29,0.000000
8,4,18,2.2186998e+29,0.000000
6,6,55,2.201644e+29,0.000000
7,-4,42,2.188707e+29,0.000000
9,-6,39,2.1758954e+29,0.000000
2,2,-22,2.1684175e+29,0.000000
4,4,-11,2.1608115e+29,0.000000
5,-2,-15,2.1329243e+29,0.000000
8,-2,9,2.1292866e+29,0.000000
6,-4,49,2.1227887e+29,0.000000
5,1,31,2.1173656e+29,0.000000
5,3,-4,2.1139689e+29,0.000000
9,8,18,2.1070353e+29,0.000000
5,0,-30,2.0997048e+29,0.000000
5,0,30,2.0997048e+29,0.000000
10,-7,36,2.0982621e+29,0.000000
9,-3,6,2.0950627e+29,0.000000
10,10,53,2.0780723e+29,0.000000
8,5,17,2.0772905e+29,0.000000
6,-2,-5,2.0748722e+29,0.000000
7,7,45,2.0745438e+29,0.000000
9,8,19,2.0734553e+29,0.000000
9,9,27,2.0441332e+29,0.000000
6,5,51,2.0248918e+29,0.000000
5,4,54,2.013997e+29,0.000000
10,-6,19,1.989489e+29,0.000000
10,-8,55,1.982896e+29,0.000000
7,6,43,1.9804041e+29,0.000000
9,-5,25,1.9802433e+29,0.000000
6,2,-15,1.9771405e+29,0.000000
3,-1,52,1.9757626e+29,0.000000
7,-1,17,1.9728209e+29,0.000000
8,8,25,1.9712327e+29,0.000000
7,7,46,1.9643572e+29,0.000000
6,1,-15,1.9587541e+29,0.000000
6,2,33,1.9507157e+29,0.000000
5,3,41,1.9496827e+29,0.000000
7,-5,54,1.9485627e+29,0.000000
8,-4,24,1.9444388e+29,0.000000
6,3,36,1.9260349e+29,0.000000
5,-4,-8,1.9245288e+29,0.000000
10,8,13,1.9229722e+29,0.000000
9,8,16,1.9093837e+29,0.000000
8,7,21,1.9017065e+29,0.000000
7,5,35,1.898495e+29,0.000000
9,-5,-2,1.8978214e+29,0.000000
8,6,29,1.8954475e+29,0.000000
4,1,41,1.8910893e+29,0.000000
5,2,-15,1.8816885e+29,0.000000
7,2,20,1.8754306e+29,0.000000
5,-4,-7,1.8603847e+29,0.000000
4,-1,-31,1.859364e+29,0.000000
8,2,4,1.8451181e+29,0.000000
8,4,19,1.8406128e+29,0.000000
9,7,12,1.8371347e+29,0.000000
5,1,-27,1.8304846e+29,0.000000
2,-1,-42,1.8257037e+29,0.000000
4,0,-39,1.8208191e+29,0.000000
4,0,39,1.8208191e+29,0.000000
9,9,30,1.8170773e+29,0.000000
9,7,14,1.8154698e+29,0.000000
3,1,45,1.810309e+29,0.000000
4,-4,-21,1.8075917e+29,0.000000
10,10,24,1.8037777e+29,0.000000
5,-3,-14,1.8015931e+29,0.000000
5,3,-9,1.7990476e+29,0.000000
8,5,18,1.7889474e+29,0.000000
8,2,11,1.7767662e+29,0.000000
8,8,55,1.7755103e+29,0.000000
4,3,54,1.7743543e+29,0.000000
7,-3,23,1.7691495e+29,0.000000
10,-4,5,1.7674532e+29,0.000000
8,3,-1,1.7557101e+29,0.000000
8,-3,15,1.7441566e+29,0.000000
7,1,-9,1.7358965e+29,0.000000
4,-1,46,1.7297397e+29,0.000000
6,-4,50,1.7230152e+29,0.000000
10,-7,37,1.7214139e+29,0.000000
5,-1,-25,1.7121539e+29,0.000000
9,8,23,1.6898228e+29,0.000000
8,-4,-2,1.6897323e+29,0.000000
2,-2,-37,1.6871692e+29,0.000000
10,10,29,1.6855397e+29,0.000000
7,6,44,1.6853839e+29,0.000000
7,-2,24,1.6806881e+29,0.000000
7,1,0,1.6780203e+29,0.000000
3,3,-19,1.6705793e+29,0.000000
9,-5,26,1.6699714e+29,0.000000
6,1,24,1.6683158e+29,0.000000
6,-3,37,1.6649054e+29,0.000000
7,-4,43,1.6643369e+29,0.000000
6,-2,-15,1.6571045e+29,0.000000
8,7,19,1.6398672e+29,0.000000
10,9,25,1.6287036e+29,0.000000
10,7,13,1.6275488e+29,0.000000
10,10,28,1.6121181e+29,0.000000
5,-1,-1,1.6096255e+29,0.000000
3,2,51,1.6092059e+29,0.000000
10,9,16,1.5987318e+29,0.000000
8,6,30,1.5933386e+29,0.000000
7,1,20,1.5901167e+29,0.000000
7,4,22,1.5863979e+29,0.000000
5,-4,-9,1.5832015e+29,0.000000
9,5,-2,1.5777988e+29,0.000000
5,-1,31,1.5768744e+29,0.000000
6,5,52,1.5591701e+29,0.000000
7,7,48,1.5552393e+29,0.000000
10,10,35,1.5500873e+29,0.000000
4,2,-22,1.5470457e+29,0.000000
9,-6,40,1.5429892e+29,0.000000
5,2,-3,1.5333405e+29,0.000000
7,2,21,1.5148646e+29,0.000000
8,5,19,1.5108821e+29,0.000000
8,-2,10,1.5079996e+29,0.000000
5,-3,51,1.4888849e+29,0.000000
4,3,-13,1.4833035e+29,0.000000
6,4,32,1.4737355e+29,0.000000
8,4,20,1.4736868e+29,0.000000
5,4,55,1.4640796e+29,0.000000
6,1,-16,1.4597741e+29,0.000000
7,-1,18,1.458636e+29,0.000000
8,8,29,1.4561708e+29,0.000000
5,2,37,1.4556458e+29,0.000000
6,-2,37,1.4542284e+29,0.000000
2,0,-48,1.4448537e+29,0.000000
2,0,48,1.4448537e+29,0.000000
2,1,-35,1.4443993e+29,0.000000
4,-3,-22,1.4382213e+29,0.000000
5,0,-31,1.4255832e+29,0.000000
5,0,31,1.4255832e+29,0.000000
8,5,-3,1.4238198e+29,0.000000
9,7,22,1.4219801e+29,0.000000
10,8,15,1.4167312e+29,0.000000
8,-5,36,1.4052822e+29,0.000000
10,-7,38,1.4034332e+29,0.000000
8,3,7,1.4020793e+29,0.000000
8,7,17,1.3931795e+29,0.000000
6,-4,51,1.3923577e+29,0.000000
3,0,-45,1.3923509e+29,0.000000
3,0,45,1.3923509e+29,0.000000
8,6,49,1.3905315e+29,0.000000
10,-6,20,1.3813373e+29,0.000000
4,-2,38,1.3806483e+29,0.000000
4,1,42,1.37725e+29,0.000000
9,-5,27,1.3750093e+29,0.000000
8,3,6,1.3745187e+29,0.000000
5,-2,40,1.3674972e+29,0.000000
5,-3,-15,1.3643663e+29,0.000000
6,3,37,1.3622441e+29,0.000000
8,3,8,1.3569912e+29,0.000000
7,5,36,1.3435404e+29,0.000000
8,8,34,1.3415951e+29,0.000000
10,10,22,1.330605e+29,0.000000
8,6,31,1.3268293e+29,0.000000
3,-1,-39,1.323305e+29,0.000000
7,6,48,1.3214702e+29,0.000000
7,-5,55,1.3148914e+29,0.000000
4,1,-30,1.3126222e+29,0.000000
3,-1,53,1.3083352e+29,0.000000
8,-4,25,1.2955354e+29,0.000000
7,6,46,1.2917694e+29,0.000000
7,-6,-7,1.2887513e+29,0.000000
3,-3,-32,1.2878005e+29,0.000000
5,3,42,1.2871544e+29,0.000000
8,6,50,1.2854521e+29,0.000000
8,7,0,1.2719797e+29,0.000000
3,1,-35,1.2715981e+29,0.000000
8,3,5,1.2698564e+29,0.000000
8,7,23,1.2694075e+29,0.000000
6,2,34,1.2647328e+29,0.000000
7,-4,44,1.2571048e+29,0.000000
8,5,20,1.2512816e+29,0.000000
8,3,9,1.2481192e+29,0.000000
3,-2,-23,1.2361148e+29,0.000000
9,9,48,1.232878e+29,0.000000
9,5,-1,1.2260273e+29,0.000000
4,-1,47,1.2218825e+29,0.000000
3,1,46,1.214003e+29,0.000000
4,2,41,1.2139245e+29,0.000000
7,-2,25,1.213668e+29,0.000000
8,2,12,1.206224e+29,0.000000
2,-2,-38,1.2057365e+29,0.000000
5,-4,-5,1.205051e+29,0.000000
10,10,30,1.2047708e+29,0.000000
7,7,49,1.2045632e+29,0.000000
6,5,53,1.199303e+29,0.000000
7,2,22,1.1914194e+29,0.000000
8,8,26,1.1868287e+29,0.000000
4,3,55,1.1831451e+29,0.000000
5,-5,-8,1.1794821e+29,0.000000
9,9,26,1.1520497e+29,0.000000
10,7,11,1.1505968e+29,0.000000
6,2,-16,1.1498698e+29,0.000000
10,9,17,1.1478369e+29,0.000000
5,-4,-10,1.1459648e+29,0.000000
5,-2,-16,1.1438272e+29,0.000000
8,4,21,1.1425762e+29,0.000000
6,-3,38,1.1376279e+29,0.000000
10,-7,39,1.1368568e+29,0.000000
4,0,-40,1.132876e+29,0.000000
4,0,40,1.132876e+29,0.000000
7,3,22,1.1253116e+29,0.000000
6,-4,52,1.120973e+29,0.000000
8,7,20,1.1169305e+29,0.000000
9,-5,28,1.1064051e+29,0.000000
10,10,25,1.1061299e+29,0.000000
4,-2,-18,1.1055036e+29,0.000000
5,-4,-6,1.1010134e+29,0.000000
8,6,32,1.0947462e+29,0.000000
8,3,10,1.091242e+29,0.000000
8,-3,16,1.0903758e+29,0.000000
7,6,47,1.0895327e+29,0.000000
8,3,4,1.0885525e+29,0.000000
7,1,21,1.0855757e+29,0.000000
9,-6,41,1.0839606e+29,0.000000
5,1,-28,1.0717804e+29,0.000000
8,7,39,1.0700589e+29,0.000000
10,9,18,1.0659853e+29,0.000000
7,-1,-6,1.0623038e+29,0.000000
4,-1,-32,1.0579933e+29,0.000000
6,1,-17,1.0573493e+29,0.000000
9,-4,7,1.0552201e+29,0.000000
9,6,5,1.0505512e+29,0.000000
9,5,2,1.0465286e+29,0.000000
7,-1,-5,1.0459028e+29,0.000000
7,-1,19,1.0428562e+29,0.000000
7,-3,24,1.0370419e+29,0.000000
2,-1,-43,1.0370159e+29,0.000000
9,5,0,1.0313254e+29,0.000000
10,-6,0,1.0240073e+29,0.000000
9,-3,7,1.0224739e+29,0.000000
5,-1,-26,1.0213e+29,0.000000
8,3,2,1.0199203e+29,0.000000
9,9,54,1.0191916e+29,0.000000
10,-10,-8,1.0177074e+29,0.000000
8,-2,11,1.0166728e+29,0.000000
8,5,21,1.0163425e+29,0.000000
7,7,50,1.0136774e+29,0.000000
3,2,52,1.008521e+29,0.000000
5,2,-16,9.9927856e+28,0.000000
4,1,43,9.9759946e+28,0.000000
9,7,18,9.9343725e+28,0.000000
5,-3,-16,9.8275478e+28,0.000000
3,2,-19,9.8025038e+28,0.000000
6,0,-20,9.7968458e+28,0.000000
6,0,20,9.7968458e+28,0.000000
6,-2,-16,9.7471176e+28,0.000000
9,5,1,9.6840371e+28,0.000000
9,8,30,9.6288818e+28,0.000000
5,0,-32,9.6244819e+28,0.000000
5,0,32,9.6244819e+28,0.000000
6,3,38,9.584248e+28,0.000000
7,5,37,9.4755936e+28,0.000000
7,-4,45,9.439639e+28,0.000000
2,0,-49,9.4168355e+28,0.000000
2,0,49,9.4168355e+28,0.000000
10,-6,21,9.3712674e+28,0.000000
4,4,-12,9.354986e+28,0.000000
3,-1,54,9.2688883e+28,0.000000
6,5,54,9.2169585e+28,0.000000
7,2,23,9.1545473e+28,0.000000
10,-7,40,9.1494508e+28,0.000000
8,3,11,9.071741e+28,0.000000
6,-2,38,9.0326292e+28,0.000000
4,-4,-22,9.0177815e+28,0.000000
6,-4,53,8.9929149e+28,0.000000
5,1,32,8.9913696e+28,0.000000
8,6,33,8.9562006e+28,0.000000
9,6,3,8.9479953e+28,0.000000
9,5,3,8.9150934e+28,0.000000
9,6,4,8.9006343e+28,0.000000
10,10,43,8.8744831e+28,0.000000
6,1,25,8.8736736e+28,0.000000
8,3,3,8.8401847e+28,0.000000
2,-2,-39,8.800173e+28,0.000000
9,-5,29,8.7117039e+28,0.000000
7,7,51,8.6263292e+28,0.000000
7,-2,26,8.6215378e+28,0.000000
8,4,22,8.6013184e+28,0.000000
4,-1,48,8.5966932e+28,0.000000
5,-3,52,8.520407e+28,0.000000
3,3,-20,8.5093614e+28,0.000000
3,0,-46,8.504268e+28,0.000000
3,0,46,8.504268e+28,0.000000
5,3,43,8.4546012e+28,0.000000
8,-4,26,8.4207445e+28,0.000000
7,4,23,8.4180287e+28,0.000000
5,3,-10,8.3970639e+28,0.000000
4,3,-14,8.3947377e+28,0.000000
4,-3,-23,8.3863041e+28,0.000000
7,-3,25,8.363142e+28,0.000000
10,10,31,8.2852846e+28,0.000000
5,2,38,8.2547683e+28,0.000000
7,1,-10,8.236265e+28,0.000000
7,-3,27,8.230603e+28,0.000000
7,-3,26,8.1693706e+28,0.000000
6,2,35,8.1503431e+28,0.000000
9,7,0,8.1362929e+28,0.000000
9,8,22,8.1342203e+28,0.000000
8,5,22,8.0985169e+28,0.000000
3,-2,-24,8.0770873e+28,0.000000
8,-2,0,8.0362292e+28,0.000000
3,1,47,8.0324979e+28,0.000000
7,-3,28,8.001684e+28,0.000000
9,-4,4,7.9900371e+28,0.000000
10,10,36,7.9622541e+28,0.000000
2,1,-36,7.9524907e+28,0.000000
2,2,-23,7.8735791e+28,0.000000
7,7,53,7.8399911e+28,0.000000
7,-7,-8,7.8300669e+28,0.000000
7,-1,-7,7.8224585e+28,0.000000
6,-3,39,7.7423807e+28,0.000000
8,-1,2,7.6693216e+28,0.000000
5,-4,-11,7.6658381e+28,0.000000
8,2,13,7.635944e+28,0.000000
9,-6,42,7.5432074e+28,0.000000
10,10,26,7.5210563e+28,0.000000
8,-5,37,7.5026659e+28,0.000000
8,-7,-7,7.489349e+28,0.000000
6,1,-18,7.4724984e+28,0.000000
4,1,-31,7.4107525e+28,0.000000
7,-3,29,7.4082666e+28,0.000000
7,7,52,7.3691992e+28,0.000000
10,8,14,7.3508765e+28,0.000000
10,-4,6,7.3461337e+28,0.000000
10,-7,41,7.3157244e+28,0.000000
8,6,34,7.2688083e+28,0.000000
6,-4,-8,7.2494069e+28,0.000000
7,1,22,7.2462912e+28,0.000000
7,-1,20,7.2412878e+28,0.000000
9,6,9,7.2370519e+28,0.000000
3,-1,55,7.231273e+28,0.000000
6,-4,-9,7.2196026e+28,0.000000
4,1,44,7.1913145e+28,0.000000
6,-4,54,7.1874848e+28,0.000000
3,-3,-33,7.1873266e+28,0.000000
8,3,12,7.1736491e+28,0.000000
6,4,33,7.16897e+28,0.000000
9,5,4,7.1600296e+28,0.000000
5,-2,41,7.0935528e+28,0.000000
6,5,55,7.0791651e+28,0.000000
4,-2,39,7.0645028e+28,0.000000
7,-4,46,7.0524543e+28,0.000000
4,0,-41,7.0186395e+28,0.000000
4,0,41,7.0186395e+28,0.000000
3,-1,-40,6.982316e+28,0.000000
8,8,42,6.9433231e+28,0.000000
6,-6,-8,6.9348982e+28,0.000000
7,2,24,6.8911418e+28,0.000000
5,-3,-17,6.8164701e+28,0.000000
9,-5,30,6.7218603e+28,0.000000
3,1,-36,6.7196323e+28,0.000000
6,3,39,6.7105547e+28,0.000000
8,8,50,6.6906385e+28,0.000000
4,2,-23,6.6813331e+28,0.000000
9,-9,-8,6.6738765e+28,0.000000
7,5,38,6.6623662e+28,0.000000
8,8,-3,6.6547452e+28,0.000000
8,7,28,6.6402571e+28,0.000000
5,-1,32,6.6251593e+28,0.000000
2,-2,-40,6.6067603e+28,0.000000
6,2,-17,6.5843183e+28,0.000000
8,8,-1,6.5622481e+28,0.000000
7,-3,30,6.5540511e+28,0.000000
8,-3,17,6.5440147e+28,0.000000
8,-2,12,6.5152005e+28,0.000000
3,2,53,6.4901058e+28,0.000000
5,0,-33,6.4664206e+28,0.000000
5,0,33,6.4664206e+28,0.000000
3,-2,-25,6.3385405e+28,0.000000
8,5,23,6.3323889e+28,0.000000
9,9,28,6.3257921e+28,0.000000
2,0,-50,6.3254304e+28,0.000000
2,0,50,6.3254304e+28,0.000000
8,4,23,6.2998897e+28,0.000000
5,1,-29,6.2533844e+28,0.000000
10,-6,22,6.1959113e+28,0.000000
10,10,46,6.1654136e+28,0.000000
8,7,1,6.1487771e+28,0.000000
5,-1,-27,6.0665045e+28,0.000000
7,-2,27,6.0341365e+28,0.000000
4,-1,49,6.0225017e+28,0.000000
5,-2,-17,6.0107381e+28,0.000000
4,-1,-33,5.9986415e+28,0.000000
2,1,40,5.9756308e+28,0.000000
2,-1,-44,5.9294332e+28,0.000000
8,8,-4,5.9279908e+28,0.000000
9,6,2,5.9010295e+28,0.000000
9,5,5,5.8989922e+28,0.000000
9,-3,8,5.8822736e+28,0.000000
5,3,-11,5.8668443e+28,0.000000
8,6,35,5.8563174e+28,0.000000
10,-7,42,5.8118246e+28,0.000000
8,7,-2,5.7866148e+28,0.000000
10,-5,6,5.7462949e+28,0.000000
9,7,-3,5.7422068e+28,0.000000
6,-4,55,5.7202308e+28,0.000000
9,9,39,5.6968585e+28,0.000000
8,7,-3,5.6706781e+28,0.000000
8,8,39,5.6636074e+28,0.000000
8,8,32,5.6549947e+28,0.000000
6,-4,-10,5.642526e+28,0.000000
6,-2,-17,5.6332841e+28,0.000000
4,2,42,5.6026343e+28,0.000000
7,-3,31,5.5784529e+28,0.000000
6,-2,39,5.5781592e+28,0.000000
8,-3,-1,5.5621896e+28,0.000000
7,6,51,5.5282877e+28,0.000000
5,3,44,5.5224274e+28,0.000000
6,-1,3,5.4528849e+28,0.000000
8,7,25,5.4429012e+28,0.000000
8,3,13,5.397452e+28,0.000000
7,7,54,5.3878922e+28,0.000000
8,-4,27,5.3390646e+28,0.000000
8,8,-2,5.2847084e+28,0.000000
7,3,23,5.2744513e+28,0.000000
6,-3,40,5.2501526e+28,0.000000
7,-4,47,5.2462685e+28,0.000000
3,1,48,5.2444657e+28,0.000000
3,-2,-26,5.2382575e+28,0.000000
6,2,36,5.221672e+28,0.000000
8,7,32,5.2206295e+28,0.000000
10,9,2,5.2190037e+28,0.000000
5,2,-17,5.2102387e+28,0.000000
9,-6,43,5.1993746e+28,0.000000
3,0,-47,5.1920527e+28,0.000000
3,0,47,5.1920527e+28,0.000000
6,1,-19,5.1692067e+28,0.000000
6,6,-6,5.1674262e+28,0.000000
4,1,45,5.1611842e+28,0.000000
10,-5,7,5.1608308e+28,0.000000
9,9,29,5.142831e+28,0.000000
8,6,45,5.1399615e+28,0.000000
4,-2,-19,5.1341842e+28,0.000000
2,-2,-41,5.1209802e+28,0.000000
9,7,-2,5.1039093e+28,0.000000
7,2,25,5.0934766e+28,0.000000
9,-5,31,5.0894749e+28,0.000000
9,5,6,5.0685516e+28,0.000000
10,-6,-1,5.058251e+28,0.000000
9,-4,8,5.0171928e+28,0.000000
7,-1,21,4.9006121e+28,0.000000
4,-3,-24,4.8978373e+28,0.000000
9,7,16,4.896256e+28,0.000000
5,-4,-12,4.8679562e+28,0.000000
8,5,24,4.8597327e+28,0.000000
7,-5,-5,4.851933e+28,0.000000
9,8,46,4.8501689e+28,0.000000
7,-1,-8,4.847136e+28,0.000000
4,3,-15,4.7786339e+28,0.000000
5,-3,53,4.7410453e+28,0.000000
7,1,23,4.7408451e+28,0.000000
8,8,31,4.7000499e+28,0.000000
8,6,36,4.6860056e+28,0.000000
6,3,40,4.6775831e+28,0.000000
7,5,39,4.6717298e+28,0.000000
7,0,-6,4.6618054e+28,0.000000
7,0,6,4.6618054e+28,0.000000
8,7,26,4.6579945e+28,0.000000
7,-1,0,4.6542958e+28,0.000000
7,-3,32,4.5980249e+28,0.000000
5,-3,-18,4.5938057e+28,0.000000
5,2,39,4.5936763e+28,0.000000
10,-7,-1,4.5895804e+28,0.000000
5,3,-12,4.5885149e+28,0.000000
10,-7,43,4.5877103e+28,0.000000
6,1,26,4.5668349e+28,0.000000
9,3,0,4.5306934e+28,0.000000
4,-4,-23,4.5186916e+28,0.000000
8,2,14,4.5042788e+28,0.000000
9,8,24,4.4975592e+28,0.000000
8,4,24,4.4960179e+28,0.000000
9,5,7,4.4946313e+28,0.000000
7,4,24,4.4726254e+28,0.000000
10,10,34,4.4714588e+28,0.000000
7,0,-7,4.4504105e+28,0.000000
7,0,7,4.4504105e+28,0.000000
8,7,30,4.4482289e+28,0.000000
2,1,45,4.4473305e+28,0.000000
9,-3,0,4.4292122e+28,0.000000
7,7,55,4.4247705e+28,0.000000
10,10,0,4.4118434e+28,0.000000
2,1,-37,4.3874521e+28,0.000000
2,0,-51,4.3693129e+28,0.000000
2,0,51,4.3693129e+28,0.000000
3,3,-21,4.3585529e+28,0.000000
2,1,46,4.3523421e+28,0.000000
3,2,54,4.3444189e+28,0.000000
4,0,-42,4.3288948e+28,0.000000
4,0,42,4.3288948e+28,0.000000
5,0,-34,4.3265197e+28,0.000000
5,0,34,4.3265197e+28,0.000000
3,-2,-27,4.2741388e+28,0.000000
9,6,19,4.2380862e+28,0.000000
10,-6,-2,4.2184187e+28,0.000000
4,-1,50,4.1994596e+28,0.000000
4,4,-13,4.1791138e+28,0.000000
4,1,-32,4.1716844e+28,0.000000
7,-2,28,4.1664532e+28,0.000000
6,-1,6,4.1052956e+28,0.000000
8,7,27,4.1032089e+28,0.000000
2,-2,-42,4.0966861e+28,0.000000
9,5,8,4.0916418e+28,0.000000
9,-4,3,4.077012e+28,0.000000
9,9,32,4.0742003e+28,0.000000
6,-1,5,4.0540474e+28,0.000000
2,1,44,4.052268e+28,0.000000
3,-3,-34,4.0286248e+28,0.000000
9,9,45,4.0231272e+28,0.000000
7,0,-5,4.0218021e+28,0.000000
7,0,5,4.0218021e+28,0.000000
10,-4,4,4.017134e+28,0.000000
8,-5,38,4.0025809e+28,0.000000
10,-6,23,3.9993956e+28,0.000000
7,-1,-4,3.9830783e+28,0.000000
9,-3,9,3.9685778e+28,0.000000
8,-2,13,3.9575733e+28,0.000000
2,1,47,3.9360251e+28,0.000000
8,8,38,3.9311247e+28,0.000000
6,-4,-11,3.9265834e+28,0.000000
7,-2,-1,3.9076155e+28,0.000000
7,0,-2,3.9044974e+28,0.000000
7,0,2,3.9044974e+28,0.000000
6,-1,4,3.8902519e+28,0.000000
7,-4,48,3.8885916e+28,0.000000
8,3,14,3.8634409e+28,0.000000
8,8,33,3.8531909e+28,0.000000
6,-1,7,3.8527534e+28,0.000000
9,7,1,3.8403033e+28,0.000000
9,9,31,3.8393689e+28,0.000000
7,7,-6,3.822768e+28,0.000000
9,-5,32,3.7862124e+28,0.000000
7,0,-8,3.7762257e+28,0.000000
7,0,8,3.7762257e+28,0.000000
8,-3,18,3.7730474e+28,0.000000
3,2,-20,3.7715633e+28,0.000000
9,8,53,3.746674e+28,0.000000
8,6,37,3.726522e+28,0.000000
6,2,-18,3.7150957e+28,0.000000
7,2,26,3.7035475e+28,0.000000
6,0,-21,3.7025014e+28,0.000000
6,0,21,3.7025014e+28,0.000000
8,7,29,3.6972759e+28,0.000000
7,6,52,3.6921014e+28,0.000000
7,-3,33,3.6904117e+28,0.000000
4,1,46,3.6887719e+28,0.000000
3,-1,-41,3.6753423e+28,0.000000
8,5,25,3.6607439e+28,0.000000
9,-6,-4,3.6580776e+28,0.000000
5,1,-30,3.6366805e+28,0.000000
9,9,44,3.6118842e+28,0.000000
8,7,33,3.6090383e+28,0.000000
7,-1,-3,3.60845e+28,0.000000
10,-7,44,3.5987726e+28,0.000000
5,-1,-28,3.5901513e+28,0.000000
5,3,45,3.5842039e+28,0.000000
8,8,-5,3.5637869e+28,0.000000
7,1,-11,3.5588402e+28,0.000000
5,1,33,3.5532395e+28,0.000000
9,-6,44,3.5494597e+28,0.000000
6,-3,41,3.5483693e+28,0.000000
5,-2,42,3.5470364e+28,0.000000
3,1,-37,3.5418138e+28,0.000000
9,5,9,3.541429e+28,0.000000
5,3,-13,3.5323746e+28,0.000000
8,7,34,3.5157764e+28,0.000000
6,1,-20,3.5098015e+28,0.000000
4,-2,40,3.503485e+28,0.000000
6,-4,-7,3.4567965e+28,0.000000
6,-2,40,3.4230786e+28,0.000000
2,-1,-45,3.4201261e+28,0.000000
8,7,41,3.3949129e+28,0.000000
8,7,31,3.3888029e+28,0.000000
4,-1,-34,3.3865183e+28,0.000000
6,-1,8,3.3850676e+28,0.000000
8,-1,3,3.3829345e+28,0.000000
3,1,49,3.3823843e+28,0.000000
3,-2,-28,3.3813427e+28,0.000000
5,-5,-9,3.379139e+28,0.000000
8,8,45,3.3768418e+28,0.000000
9,9,38,3.3712798e+28,0.000000
2,-2,-43,3.3694115e+28,0.000000
2,1,48,3.3577982e+28,0.000000
6,4,34,3.3292265e+28,0.000000
6,2,37,3.3259711e+28,0.000000
8,-4,28,3.3007499e+28,0.000000
8,8,35,3.281214e+28,0.000000
10,8,27,3.2778994e+28,0.000000
7,5,40,3.269671e+28,0.000000
10,8,21,3.2590356e+28,0.000000
8,7,-1,3.248599e+28,0.000000
6,3,41,3.2470789e+28,0.000000
7,-1,22,3.2417205e+28,0.000000
6,-2,-18,3.2060273e+28,0.000000
9,9,41,3.2030711e+28,0.000000
3,0,-48,3.1750508e+28,0.000000
3,0,48,3.1750508e+28,0.000000
9,9,42,3.1455663e+28,0.000000
8,8,41,3.1342533e+28,0.000000
8,4,25,3.129389e+28,0.000000
9,-3,10,3.1032489e+28,0.000000
9,-4,2,3.0981034e+28,0.000000
9,8,28,3.0960709e+28,0.000000
2,1,43,3.0945843e+28,0.000000
5,-2,-18,3.093998e+28,0.000000
2,0,-52,3.0877973e+28,0.000000
2,0,52,3.0877973e+28,0.000000
9,7,47,3.0725341e+28,0.000000
3,2,55,3.0602083e+28,0.000000
9,7,-1,3.0504174e+28,0.000000
7,3,24,3.0484157e+28,0.000000
7,1,24,3.0458433e+28,0.000000
5,-3,-19,3.027913e+28,0.000000
8,8,36,3.0257894e+28,0.000000
10,8,16,3.0219859e+28,0.000000
9,7,24,3.0039946e+28,0.000000
9,-4,9,3.0033157e+28,0.000000
9,7,17,2.9995995e+28,0.000000
5,-4,-13,2.9816105e+28,0.000000
9,5,10,2.9794352e+28,0.000000
8,4,-3,2.9535272e+28,0.000000
7,6,53,2.9494316e+28,0.000000
7,0,-9,2.9487552e+28,0.000000
7,0,9,2.9487552e+28,0.000000
8,6,38,2.9457555e+28,0.000000
4,-1,51,2.9130587e+28,0.000000
10,8,18,2.9035943e+28,0.000000
7,-3,34,2.8971131e+28,0.000000
5,0,-35,2.8842384e+28,0.000000
5,0,35,2.8842384e+28,0.000000
7,-4,49,2.8738034e+28,0.000000
10,10,33,2.8716125e+28,0.000000
4,-3,-25,2.8654704e+28,0.000000
7,-2,29,2.8413524e+28,0.000000
2,-2,-44,2.8325063e+28,0.000000
5,-2,-3,2.8253868e+28,0.000000
10,7,10,2.8246312e+28,0.000000
6,-1,9,2.8195751e+28,0.000000
10,9,23,2.8156658e+28,0.000000
4,2,-24,2.8085028e+28,0.000000
8,8,37,2.8057874e+28,0.000000
10,-7,45,2.8057069e+28,0.000000
7,3,28,2.7936499e+28,0.000000
9,7,19,2.7924288e+28,0.000000
8,7,35,2.778664e+28,0.000000
9,-5,33,2.7705868e+28,0.000000
2,2,-24,2.7667288e+28,0.000000
7,3,27,2.740702e+28,0.000000
2,1,49,2.7357772e+28,0.000000
4,3,-16,2.7296909e+28,0.000000
9,8,55,2.728837e+28,0.000000
6,5,-5,2.7121019e+28,0.000000
8,5,26,2.7064139e+28,0.000000
7,3,29,2.6996124e+28,0.000000
9,7,-4,2.6957362e+28,0.000000
8,7,-4,2.687027e+28,0.000000
9,-3,11,2.6811041e+28,0.000000
10,8,19,2.6810031e+28,0.000000
9,8,0,2.6736509e+28,0.000000
5,2,-18,2.6625927e+28,0.000000
7,-1,-9,2.6594179e+28,0.000000
4,0,-43,2.6577295e+28,0.000000
4,0,43,2.6577295e+28,0.000000
7,2,27,2.6532008e+28,0.000000
9,7,21,2.6516281e+28,0.000000
9,-3,1,2.6477587e+28,0.000000
7,4,25,2.6313256e+28,0.000000
8,3,15,2.6288538e+28,0.000000
4,1,47,2.6256403e+28,0.000000
5,3,-14,2.6104839e+28,0.000000
8,7,36,2.6080659e+28,0.000000
3,-2,-29,2.5914808e+28,0.000000
5,-1,33,2.5897462e+28,0.000000
10,9,27,2.5889309e+28,0.000000
7,3,26,2.5813221e+28,0.000000
9,8,25,2.5782981e+28,0.000000
5,-3,54,2.5691676e+28,0.000000
9,9,34,2.5625059e+28,0.000000
6,-4,-12,2.5571102e+28,0.000000
10,-6,24,2.5456039e+28,0.000000
8,8,40,2.5332276e+28,0.000000
7,3,25,2.5130503e+28,0.000000
5,2,40,2.4979955e+28,0.000000
7,3,30,2.4849954e+28,0.000000
8,2,15,2.4670574e+28,0.000000
8,7,37,2.4591599e+28,0.000000
4,2,43,2.4495428e+28,0.000000
2,1,-38,2.4258251e+28,0.000000
2,-2,-45,2.4184056e+28,0.000000
9,-3,12,2.4148758e+28,0.000000
9,-6,45,2.3997705e+28,0.000000
9,5,11,2.3983921e+28,0.000000
6,-3,42,2.3908784e+28,0.000000
10,-5,5,2.3876765e+28,0.000000
7,6,54,2.382039e+28,0.000000
9,9,35,2.3820201e+28,0.000000
4,-2,-20,2.3586433e+28,0.000000
8,-1,1,2.3494344e+28,0.000000
6,1,-21,2.3446321e+28,0.000000
4,1,-33,2.3402132e+28,0.000000
7,0,-4,2.3372876e+28,0.000000
7,0,4,2.3372876e+28,0.000000
10,9,30,2.3312644e+28,0.000000
8,6,39,2.3163818e+28,0.000000
8,7,38,2.315897e+28,0.000000
5,3,46,2.3087715e+28,0.000000
9,6,11,2.3075659e+28,0.000000
10,-4,7,2.2946113e+28,0.000000
7,5,41,2.2847755e+28,0.000000
5,-5,-10,2.2745851e+28,0.000000
4,-4,-24,2.2736532e+28,0.000000
8,-2,14,2.2689044e+28,0.000000
3,-3,-35,2.2678125e+28,0.000000
6,1,27,2.2664816e+28,0.000000
8,-5,39,2.2602796e+28,0.000000
9,9,36,2.2515695e+28,0.000000
6,-1,10,2.2470275e+28,0.000000
6,3,42,2.2454209e+28,0.000000
3,3,-22,2.2433686e+28,0.000000
7,-3,35,2.2325938e+28,0.000000
9,3,3,2.228437e+28,0.000000
2,0,-53,2.2168498e+28,0.000000
2,0,53,2.2168498e+28,0.000000
7,4,30,2.2091756e+28,0.000000
7,4,31,2.2088932e+28,0.000000
9,7,20,2.2024448e+28,0.000000
7,3,31,2.1958915e+28,0.000000
9,-3,13,2.1748733e+28,0.000000
10,-7,46,2.1743032e+28,0.000000
3,1,50,2.1615476e+28,0.000000
7,0,-10,2.1571632e+28,0.000000
7,0,10,2.1571632e+28,0.000000
2,1,50,2.1450181e+28,0.000000
9,-9,-9,2.1439826e+28,0.000000
8,4,26,2.1253045e+28,0.000000
7,4,32,2.1249e+28,0.000000
7,4,29,2.1216034e+28,0.000000
7,-4,50,2.118959e+28,0.000000
5,-1,-29,2.1174753e+28,0.000000
8,-3,19,2.1134904e+28,0.000000
5,1,-31,2.1082227e+28,0.000000
6,2,38,2.1059548e+28,0.000000
7,-1,23,2.100916e+28,0.000000
9,6,-2,2.0898783e+28,0.000000
6,-2,41,2.0855491e+28,0.000000
2,-2,-46,2.0852995e+28,0.000000
6,2,-19,2.0668503e+28,0.000000
9,3,4,2.0549326e+28,0.000000
5,-3,-4,2.0356382e+28,0.000000
8,8,47,2.0300524e+28,0.000000
9,6,0,2.0256626e+28,0.000000
8,8,43,2.0181157e+28,0.000000
9,-4,10,2.0175629e+28,0.000000
4,-1,52,2.0089097e+28,0.000000
8,7,40,1.9972791e+28,0.000000
2,-1,-46,1.9964152e+28,0.000000
9,-5,34,1.9961434e+28,0.000000
7,6,-5,1.9890923e+28,0.000000
8,-4,29,1.9881153e+28,0.000000
7,4,33,1.9758376e+28,0.000000
7,4,28,1.974327e+28,0.000000
9,7,23,1.9715037e+28,0.000000
8,5,27,1.9631521e+28,0.000000
5,-3,-20,1.9615751e+28,0.000000
10,10,37,1.9583336e+28,0.000000
7,4,26,1.9572728e+28,0.000000
3,0,-49,1.9514707e+28,0.000000
3,0,49,1.9514707e+28,0.000000
3,-1,-42,1.9321865e+28,0.000000
3,-2,-30,1.9317276e+28,0.000000
8,8,44,1.9310705e+28,0.000000
10,8,0,1.9296983e+28,0.000000
7,1,25,1.924421e+28,0.000000
7,6,55,1.9240845e+28,0.000000
9,8,29,1.9195769e+28,0.000000
5,0,-36,1.9165493e+28,0.000000
5,0,36,1.9165493e+28,0.000000
7,-2,30,1.9155626e+28,0.000000
9,-3,14,1.9150899e+28,0.000000
4,4,-14,1.9129652e+28,0.000000
4,-1,-35,1.9019018e+28,0.000000
6,-4,-6,1.8772025e+28,0.000000
7,3,32,1.8760147e+28,0.000000
7,2,28,1.8750819e+28,0.000000
2,1,42,1.8665526e+28,0.000000
3,1,-38,1.8614872e+28,0.000000
4,1,48,1.861103e+28,0.000000
7,4,27,1.8559058e+28,0.000000
5,3,-15,1.8555398e+28,0.000000
9,8,34,1.8351969e+28,0.000000
9,5,12,1.8289472e+28,0.000000
8,6,40,1.8157023e+28,0.000000
2,-2,-47,1.8077071e+28,0.000000
6,-2,-19,1.799792e+28,0.000000
7,4,34,1.7843983e+28,0.000000
5,-4,-14,1.7793828e+28,0.000000
9,9,50,1.7668957e+28,0.000000
6,1,-2,1.7590679e+28,0.000000
10,8,23,1.7492643e+28,0.000000
8,7,42,1.7337044e+28,0.000000
8,-1,4,1.7303285e+28,0.000000
6,-1,11,1.7241295e+28,0.000000
8,3,16,1.6981274e+28,0.000000
9,3,2,1.6954368e+28,0.000000
7,-3,36,1.6938737e+28,0.000000
5,-2,43,1.6918325e+28,0.000000
4,-3,-26,1.6795323e+28,0.000000
10,9,48,1.6763847e+28,0.000000
10,-7,47,1.675148e+28,0.000000
9,9,37,1.6712381e+28,0.000000
4,-2,41,1.6691842e+28,0.000000
2,1,41,1.6385185e+28,0.000000
10,-6,25,1.6363014e+28,0.000000
9,-3,15,1.6322433e+28,0.000000
9,6,1,1.6307797e+28,0.000000
10,6,7,1.6261675e+28,0.000000
2,1,51,1.6260808e+28,0.000000
4,0,-44,1.6246137e+28,0.000000
4,0,44,1.6246137e+28,0.000000
9,-6,46,1.6069125e+28,0.000000
6,-3,43,1.6063628e+28,0.000000
2,0,-54,1.604243e+28,0.000000
2,0,54,1.604243e+28,0.000000
10,-5,8,1.5982313e+28,0.000000
9,3,5,1.597217e+28,0.000000
6,-4,-13,1.5967164e+28,0.000000
7,5,42,1.5944996e+28,0.000000
9,5,-3,1.5770767e+28,0.000000
7,4,35,1.5717346e+28,0.000000
2,-2,-48,1.5702905e+28,0.000000
4,3,-17,1.5618877e+28,0.000000
7,-4,51,1.5597429e+28,0.000000
7,3,33,1.558605e+28,0.000000
5,-2,-19,1.5584597e+28,0.000000
8,8,51,1.5523866e+28,0.000000
9,9,40,1.549748e+28,0.000000
6,3,43,1.5471687e+28,0.000000
6,1,-22,1.5442015e+28,0.000000
8,7,43,1.5440043e+28,0.000000
9,6,12,1.5305325e+28,0.000000
9,4,-1,1.5121765e+28,0.000000
7,0,-11,1.4926065e+28,0.000000
7,0,11,1.4926065e+28,0.000000
6,-5,-6,1.486711e+28,0.000000
8,-5,40,1.4783253e+28,0.000000
10,10,3,1.477352e+28,0.000000
5,3,47,1.4737162e+28,0.000000
6,4,35,1.4725224e+28,0.000000
9,8,26,1.4606953e+28,0.000000
9,-4,11,1.4589945e+28,0.000000
5,4,-5,1.4538969e+28,0.000000
10,9,26,1.4468533e+28,0.000000
3,2,-21,1.4463537e+28,0.000000
8,7,46,1.4301478e+28,0.000000
8,8,48,1.4230749e+28,0.000000
8,8,49,1.4210683e+28,0.000000
9,-5,35,1.4171512e+28,0.000000
8,6,41,1.4121477e+28,0.000000
8,7,44,1.4112469e+28,0.000000
8,4,27,1.4083063e+28,0.000000
6,0,-22,1.4076491e+28,0.000000
6,0,22,1.4076491e+28,0.000000
3,-2,-31,1.4069668e+28,0.000000
10,9,54,1.4010014e+28,0.000000
8,5,28,1.3964119e+28,0.000000
10,10,38,1.3951098e+28,0.000000
7,1,-12,1.392942e+28,0.000000
5,-3,55,1.3797793e+28,0.000000
3,1,51,1.3786402e+28,0.000000
4,-1,53,1.3762646e+28,0.000000
9,7,25,1.375244e+28,0.000000
2,-2,-49,1.3638197e+28,0.000000
9,-4,1,1.3568575e+28,0.000000
7,4,36,1.355054e+28,0.000000
10,-5,4,1.3508845e+28,0.000000
10,-7,-6,1.3489573e+28,0.000000
9,6,13,1.3479e+28,0.000000
2,1,-39,1.3444483e+28,0.000000
9,9,47,1.3414939e+28,0.000000
9,-3,16,1.3414076e+28,0.000000
7,-1,24,1.3365099e+28,0.000000
5,2,-19,1.3309286e+28,0.000000
6,2,39,1.3251414e+28,0.000000
8,7,45,1.3208379e+28,0.000000
5,2,41,1.3197912e+28,0.000000
9,5,13,1.3193668e+28,0.000000
4,1,49,1.3133554e+28,0.000000
7,-1,-10,1.3127878e+28,0.000000
7,2,29,1.3086359e+28,0.000000
4,1,-34,1.3073392e+28,0.000000
5,1,34,1.3039832e+28,0.000000
10,-7,48,1.2832507e+28,0.000000
3,-3,-36,1.282198e+28,0.000000
6,-1,12,1.2791733e+28,0.000000
7,-2,31,1.2776543e+28,0.000000
5,3,-16,1.2764828e+28,0.000000
9,7,26,1.2743475e+28,0.000000
5,0,-37,1.2698046e+28,0.000000
5,0,37,1.2698046e+28,0.000000
7,-3,37,1.2683094e+28,0.000000
7,3,34,1.2650705e+28,0.000000
9,7,28,1.2623049e+28,0.000000
6,-2,42,1.2600174e+28,0.000000
5,-3,-21,1.2536649e+28,0.000000
8,2,16,1.2491236e+28,0.000000
5,-1,-30,1.2448877e+28,0.000000
10,7,2,1.2393291e+28,0.000000
8,7,48,1.2377757e+28,0.000000
5,-5,-11,1.2255535e+28,0.000000
8,-2,15,1.2211763e+28,0.000000
5,1,-32,1.218216e+28,0.000000
3,0,-50,1.2118574e+28,0.000000
3,0,50,1.2118574e+28,0.000000
9,4,1,1.2071278e+28,0.000000
10,7,15,1.1976931e+28,0.000000
7,1,26,1.1969951e+28,0.000000
2,1,52,1.1953592e+28,0.000000
8,-3,20,1.1918825e+28,0.000000
9,7,27,1.1887512e+28,0.000000
2,-1,-47,1.1851878e+28,0.000000
2,-2,-50,1.1825954e+28,0.000000
8,-5,41,1.1821975e+28,0.000000
9,6,-1,1.1719394e+28,0.000000
8,-4,30,1.165292e+28,0.000000
2,0,-55,1.1610471e+28,0.000000
2,0,55,1.1610471e+28,0.000000
3,3,-23,1.1598556e+28,0.000000
9,6,14,1.1492319e+28,0.000000
4,-4,-25,1.1484313e+28,0.000000
7,-4,52,1.1468244e+28,0.000000
7,4,37,1.146583e+28,0.000000
4,2,-25,1.1403699e+28,0.000000
6,2,-20,1.1344051e+28,0.000000
10,10,-2,1.1268458e+28,0.000000
7,5,43,1.1118245e+28,0.000000
9,-4,12,1.1109811e+28,0.000000
10,-6,26,1.1068654e+28,0.000000
8,-5,42,1.1023469e+28,0.000000
9,3,6,1.1011587e+28,0.000000
10,-4,8,1.1011517e+28,0.000000
10,10,44,1.099212e+28,0.000000
8,6,42,1.0956818e+28,0.000000
8,-5,43,1.0952563e+28,0.000000
8,-5,44,1.0919527e+28,0.000000
6,1,28,1.0832822e+28,0.000000
10,10,40,1.0796555e+28,0.000000
6,-3,44,1.0763219e+28,0.000000
4,-2,-21,1.069601e+28,0.000000
9,-6,47,1.0659116e+28,0.000000
8,-5,45,1.0653585e+28,0.000000
6,3,44,1.0623932e+28,0.000000
9,-3,17,1.0618645e+28,0.000000
4,-1,-36,1.0613986e+28,0.000000
9,7,29,1.0503365e+28,0.000000
4,2,44,1.0456088e+28,0.000000
5,-4,-15,1.0417295e+28,0.000000
8,3,17,1.039821e+28,0.000000
8,8,52,1.0288633e+28,0.000000
2,-2,-51,1.022964e+28,0.000000
9,7,30,1.0220511e+28,0.000000
10,10,45,1.0218718e+28,0.000000
3,-1,-43,1.0164997e+28,0.000000
8,-5,46,1.0102563e+28,0.000000
7,3,35,1.006891e+28,0.000000
3,-2,-32,1.0053838e+28,0.000000
6,1,-23,1.0045258e+28,0.000000
6,-2,-20,9.9785069e+27,0.000000
9,6,-3,9.9755998e+27,0.000000
9,-5,36,9.9205477e+27,0.000000
4,0,-45,9.8958857e+27,0.000000
4,0,45,9.8958857e+27,0.000000
4,-3,-27,9.8628196e+27,0.000000
7,0,-12,9.8167037e+27,0.000000
7,0,12,9.8167037e+27,0.000000
10,-7,49,9.7762014e+27,0.000000
3,1,-39,9.7542329e+27,0.000000
8,5,29,9.7320809e+27,0.000000
6,-4,-14,9.6902525e+27,0.000000
10,-4,3,9.6396042e+27,0.000000
9,8,50,9.5920951e+27,0.000000
9,9,52,9.552393e+27,0.000000
7,4,38,9.5462334e+27,0.000000
9,4,2,9.5027329e+27,0.000000
2,2,-25,9.467676e+27,0.000000
7,3,-7,9.4492195e+27,0.000000
9,9,43,9.398134e+27,0.000000
5,-1,34,9.3928028e+27,0.000000
7,-3,38,9.3910647e+27,0.000000
4,-1,54,9.3590542e+27,0.000000
8,-5,47,9.3148194e+27,0.000000
9,9,51,9.3063047e+27,0.000000
5,3,48,9.3024234e+27,0.000000
9,8,42,9.2617162e+27,0.000000
4,1,50,9.2236489e+27,0.000000
6,-1,13,9.203913e+27,0.000000
6,-2,-2,9.1972629e+27,0.000000
9,7,32,9.1800358e+27,0.000000
10,8,22,9.1465609e+27,0.000000
8,4,28,9.1005344e+27,0.000000
9,7,31,9.0575095e+27,0.000000
9,6,15,9.0423021e+27,0.000000
9,5,14,9.0394566e+27,0.000000
7,2,30,9.0267896e+27,0.000000
8,-1,5,8.9627512e+27,0.000000
4,3,-18,8.9399599e+27,0.000000
4,4,-15,8.92212e+27,0.000000
3,1,52,8.9020463e+27,0.000000
2,-2,-52,8.8234119e+27,0.000000
6,4,-8,8.8073514e+27,0.000000
9,-4,13,8.7640703e+27,0.000000
10,6,8,8.6154024e+27,0.000000
8,8,54,8.5888676e+27,0.000000
8,6,-5,8.5714309e+27,0.000000
10,10,42,8.5562873e+27,0.000000
5,3,-17,8.5472363e+27,0.000000
2,1,53,8.5398607e+27,0.000000
8,6,43,8.4743233e+27,0.000000
8,7,49,8.4682891e+27,0.000000
7,-2,32,8.4361502e+27,0.000000
10,6,10,8.4282412e+27,0.000000
7,-4,53,8.4272007e+27,0.000000
5,0,-38,8.3901367e+27,0.000000
5,0,38,8.3901367e+27,0.000000
8,-5,48,8.373337e+27,0.000000
7,-1,25,8.3582118e+27,0.000000
6,2,40,8.2816738e+27,0.000000
9,-5,-3,8.2667455e+27,0.000000
10,-6,27,8.255861e+27,0.000000
10,-6,-3,8.2239884e+27,0.000000
10,10,52,8.2075462e+27,0.000000
9,6,16,8.2039647e+27,0.000000
9,-3,18,8.0973734e+27,0.000000
7,3,-6,8.068092e+27,0.000000
10,9,28,7.9951641e+27,0.000000
5,-3,-22,7.9272767e+27,0.000000
7,3,36,7.8820012e+27,0.000000
8,-6,-7,7.8678109e+27,0.000000
7,4,39,7.835651e+27,0.000000
9,7,33,7.7806677e+27,0.000000
9,-7,-7,7.7786086e+27,0.000000
10,-5,3,7.7768411e+27,0.000000
5,5,-6,7.7732263e+27,0.000000
7,5,44,7.7490451e+27,0.000000
9,3,1,7.7233656e+27,0.000000
5,-2,-20,7.6678803e+27,0.000000
3,0,-51,7.6595013e+27,0.000000
3,0,51,7.6595013e+27,0.000000
9,6,17,7.6594778e+27,0.000000
5,-2,44,7.6075163e+27,0.000000
2,-2,-53,7.5874382e+27,0.000000
4,-2,42,7.5646834e+27,0.000000
9,9,46,7.5372953e+27,0.000000
6,-2,43,7.5365239e+27,0.000000
10,9,39,7.5178114e+27,0.000000
2,1,-40,7.471973e+27,0.000000
8,7,53,7.4447914e+27,0.000000
10,8,30,7.4117789e+27,0.000000
10,-7,50,7.4081647e+27,0.000000
9,-1,2,7.4024805e+27,0.000000
8,-5,49,7.3618085e+27,0.000000
7,1,27,7.3347381e+27,0.000000
5,-1,-31,7.2955591e+27,0.000000
8,-3,21,7.2945438e+27,0.000000
3,-3,-37,7.2828994e+27,0.000000
6,3,45,7.2707655e+27,0.000000
4,1,-35,7.2664753e+27,0.000000
2,-1,-48,7.2119133e+27,0.000000
6,-3,45,7.1923574e+27,0.000000
9,6,18,7.1340121e+27,0.000000
9,8,39,7.1082157e+27,0.000000
3,-2,-33,7.0717922e+27,0.000000
8,7,50,7.0680881e+27,0.000000
9,-4,14,7.0626464e+27,0.000000
9,7,34,7.0564534e+27,0.000000
6,4,-7,7.0357933e+27,0.000000
10,10,54,7.0255682e+27,0.000000
5,1,-33,7.0150998e+27,0.000000
9,-6,48,7.0076527e+27,0.000000
9,3,7,6.9273831e+27,0.000000
10,-6,28,6.9272672e+27,0.000000
10,-5,9,6.9124298e+27,0.000000
7,-3,39,6.887885e+27,0.000000
9,-5,37,6.8515512e+27,0.000000
6,0,-23,6.8332465e+27,0.000000
6,0,23,6.8332465e+27,0.000000
7,0,-3,6.754919e+27,0.000000
7,0,3,6.754919e+27,0.000000
5,2,42,6.7224743e+27,0.000000
7,3,-8,6.6522003e+27,0.000000
8,5,30,6.6386806e+27,0.000000
8,-4,31,6.6369512e+27,0.000000
9,7,39,6.6067404e+27,0.000000
8,6,44,6.5663093e+27,0.000000
10,6,3,6.5413603e+27,0.000000
10,9,29,6.513772e+27,0.000000
2,-2,-54,6.5048545e+27,0.000000
9,8,32,6.4955961e+27,0.000000
5,2,-20,6.4915489e+27,0.000000
6,1,-24,6.4644801e+27,0.000000
4,1,51,6.443251e+27,0.000000
6,-1,14,6.4358251e+27,0.000000
6,4,-9,6.4109544e+27,0.000000
10,-4,9,6.3884125e+27,0.000000
10,-6,29,6.3779396e+27,0.000000
9,9,53,6.3601976e+27,0.000000
7,4,40,6.3513001e+27,0.000000
8,-5,50,6.3495795e+27,0.000000
6,4,36,6.3188637e+27,0.000000
4,-1,55,6.3130225e+27,0.000000
9,9,49,6.2272903e+27,0.000000
9,6,20,6.2269298e+27,0.000000
5,-5,-12,6.221349e+27,0.000000
7,-4,54,6.1917961e+27,0.000000
9,-6,-5,6.1826264e+27,0.000000
9,4,3,6.1624054e+27,0.000000
7,2,31,6.1582983e+27,0.000000
10,-6,30,6.150125e+27,0.000000
7,0,-13,6.1487257e+27,0.000000
7,0,13,6.1487257e+27,0.000000
8,-2,16,6.1480657e+27,0.000000
6,2,-21,6.1452446e+27,0.000000
8,7,51,6.1148548e+27,0.000000
9,7,35,6.0984835e+27,0.000000
8,-5,-4,6.0980768e+27,0.000000
7,3,37,6.0832877e+27,0.000000
8,1,3,6.0407084e+27,0.000000
8,3,18,6.0389343e+27,0.000000
3,3,-24,6.0225157e+27,0.000000
4,0,-46,6.0180105e+27,0.000000
4,0,46,6.0180105e+27,0.000000
5,-4,-16,6.0114654e+27,0.000000
10,-6,31,5.9780943e+27,0.000000
3,1,53,5.9621195e+27,0.000000
9,5,15,5.9559855e+27,0.000000
9,-3,19,5.95071e+27,0.000000
2,1,54,5.9446202e+27,0.000000
3,2,-22,5.9445507e+27,0.000000
4,-1,-37,5.8784081e+27,0.000000
8,2,17,5.8646967e+27,0.000000
10,6,2,5.8578156e+27,0.000000
6,3,-5,5.8565507e+27,0.000000
7,-1,-11,5.8230773e+27,0.000000
4,-4,-26,5.8211958e+27,0.000000
4,-3,-28,5.8027263e+27,0.000000
5,3,49,5.7913663e+27,0.000000
10,10,47,5.7869341e+27,0.000000
9,6,21,5.7771614e+27,0.000000
6,-4,-15,5.7634225e+27,0.000000
9,-4,15,5.7446977e+27,0.000000
10,-6,32,5.7328753e+27,0.000000
8,4,29,5.7294187e+27,0.000000
5,3,-18,5.5958557e+27,0.000000
10,-7,51,5.5849957e+27,0.000000
2,-2,-55,5.5604193e+27,0.000000
5,0,-39,5.5291753e+27,0.000000
5,0,39,5.5291753e+27,0.000000
7,-2,33,5.5169516e+27,0.000000
6,-2,-21,5.4684157e+27,0.000000
10,6,5,5.446048e+27,0.000000
10,6,4,5.4433323e+27,0.000000
9,7,36,5.4044585e+27,0.000000
7,5,45,5.3997334e+27,0.000000
10,9,45,5.3895773e+27,0.000000
8,-5,51,5.3870229e+27,0.000000
8,7,52,5.3758975e+27,0.000000
10,-6,33,5.3737084e+27,0.000000
3,-1,-44,5.3689691e+27,0.000000
9,6,22,5.318531e+27,0.000000
8,-3,22,5.2957496e+27,0.000000
10,7,12,5.2565632e+27,0.000000
9,3,-1,5.2386732e+27,0.000000
6,0,-24,5.2300782e+27,0.000000
6,0,24,5.2300782e+27,0.000000
10,9,32,5.2163103e+27,0.000000
7,-1,26,5.1442585e+27,0.000000
6,2,41,5.1363341e+27,0.000000
6,0,-25,5.1310742e+27,0.000000
6,0,25,5.1310742e+27,0.000000
9,9,-3,5.1250209e+27,0.000000
4,3,-19,5.1142817e+27,0.000000
7,1,-13,5.1041235e+27,0.000000
10,10,49,5.1018766e+27,0.000000
3,1,-40,5.0967138e+27,0.000000
7,4,41,5.091134e+27,0.000000
6,0,-26,5.0878148e+27,0.000000
6,0,26,5.0878148e+27,0.000000
8,1,4,5.0847966e+27,0.000000
4,2,45,5.0486392e+27,0.000000
6,1,29,5.023052e+27,0.000000
7,-3,40,5.0115251e+27,0.000000
3,0,-52,4.9723061e+27,0.000000
3,0,52,4.9723061e+27,0.000000
5,-3,-23,4.9706474e+27,0.000000
6,3,46,4.9592632e+27,0.000000
4,2,50,4.9564358e+27,0.000000
4,2,51,4.941652e+27,0.000000
9,8,31,4.9385604e+27,0.000000
8,8,-6,4.913601e+27,0.000000
10,-6,34,4.9101131e+27,0.000000
3,-2,-34,4.9091565e+27,0.000000
7,5,-5,4.8893984e+27,0.000000
10,9,31,4.8851984e+27,0.000000
9,6,23,4.8499667e+27,0.000000
5,1,35,4.8471213e+27,0.000000
10,9,44,4.8254458e+27,0.000000
9,9,55,4.8137776e+27,0.000000
10,7,14,4.7939141e+27,0.000000
6,-3,46,4.7929638e+27,0.000000
4,-2,-22,4.7742114e+27,0.000000
10,8,24,4.764912e+27,0.000000
9,7,37,4.7589888e+27,0.000000
6,0,-27,4.7582427e+27,0.000000
6,0,27,4.7582427e+27,0.000000
10,10,51,4.7282622e+27,0.000000
4,2,52,4.720122e+27,0.000000
4,2,49,4.7191103e+27,0.000000
8,-1,6,4.6855864e+27,0.000000
9,4,0,4.6849166e+27,0.000000
9,-5,38,4.6706042e+27,0.000000
9,-4,16,4.6703188e+27,0.000000
7,3,38,4.6384485e+27,0.000000
8,-3,23,4.6255653e+27,0.000000
9,-6,49,4.5705123e+27,0.000000
2,-1,-49,4.5521907e+27,0.000000
7,-4,55,4.5506111e+27,0.000000
6,4,-6,4.5400615e+27,0.000000
8,-5,52,4.5062934e+27,0.000000
8,-3,24,4.4964154e+27,0.000000
10,6,-2,4.4956761e+27,0.000000
8,-3,25,4.4804172e+27,0.000000
4,1,52,4.4741465e+27,0.000000
7,3,-3,4.4568435e+27,0.000000
6,-2,44,4.4530177e+27,0.000000
7,1,28,4.4292897e+27,0.000000
8,5,31,4.4242998e+27,0.000000
4,2,-26,4.4241677e+27,0.000000
9,8,38,4.4202353e+27,0.000000
10,9,38,4.4127535e+27,0.000000
8,-3,26,4.3835489e+27,0.000000
6,-1,15,4.3800405e+27,0.000000
9,6,24,4.376177e+27,0.000000
10,-6,35,4.3749002e+27,0.000000
4,2,53,4.354383e+27,0.000000
9,4,4,4.2831782e+27,0.000000
3,1,54,4.2776749e+27,0.000000
5,-1,-32,4.2614198e+27,0.000000
4,2,48,4.2461328e+27,0.000000
10,9,41,4.2355429e+27,0.000000
8,7,54,4.2324736e+27,0.000000
4,4,-16,4.2207184e+27,0.000000
9,3,8,4.2200375e+27,0.000000
9,-3,20,4.2161696e+27,0.000000
10,-7,52,4.189939e+27,0.000000
6,0,-28,4.1854915e+27,0.000000
6,0,28,4.1854915e+27,0.000000
10,9,42,4.1746227e+27,0.000000
2,1,-41,4.1666531e+27,0.000000
9,7,38,4.1614803e+27,0.000000
3,-3,-38,4.1577508e+27,0.000000
7,2,32,4.1575494e+27,0.000000
8,-3,27,4.1494602e+27,0.000000
6,1,-25,4.1211076e+27,0.000000
8,6,46,4.1117578e+27,0.000000
2,1,55,4.0524783e+27,0.000000
7,4,42,4.04088e+27,0.000000
6,4,-10,4.0380904e+27,0.000000
5,1,-34,4.0242891e+27,0.000000
5,4,-6,4.0192785e+27,0.000000
10,-4,10,4.018655e+27,0.000000
9,8,45,4.0149942e+27,0.000000
4,1,-36,4.0141099e+27,0.000000
7,3,-9,3.9875382e+27,0.000000
10,-5,10,3.9730478e+27,0.000000
6,-1,0,3.9569485e+27,0.000000
5,4,-7,3.9268673e+27,0.000000
9,8,33,3.9214928e+27,0.000000
4,2,54,3.903805e+27,0.000000
9,6,25,3.9006826e+27,0.000000
9,5,16,3.892764e+27,0.000000
10,10,55,3.8823512e+27,0.000000
10,-6,36,3.8069738e+27,0.000000
8,-3,28,3.7923724e+27,0.000000
9,-4,17,3.7662368e+27,0.000000
7,5,46,3.7627796e+27,0.000000
8,-5,53,3.7243953e+27,0.000000
4,2,47,3.7059676e+27,0.000000
5,-2,-21,3.6751276e+27,0.000000
8,-4,32,3.6687519e+27,0.000000
4,0,-47,3.6672621e+27,0.000000
4,0,47,3.6672621e+27,0.000000
7,0,-14,3.6667159e+27,0.000000
7,0,14,3.6667159e+27,0.000000
5,0,-40,3.6342265e+27,0.000000
5,0,40,3.6342265e+27,0.000000
7,-3,41,3.6217016e+27,0.000000
5,3,-19,3.5948923e+27,0.000000
4,2,46,3.5925328e+27,0.000000
7,-2,34,3.5746624e+27,0.000000
5,3,50,3.5443911e+27,0.000000
8,4,30,3.5094206e+27,0.000000
7,3,39,3.5001537e+27,0.000000
6,0,-29,3.4990438e+27,0.000000
6,0,29,3.4990438e+27,0.000000
8,7,55,3.4544523e+27,0.000000
5,-1,35,3.4433186e+27,0.000000
8,1,2,3.4396157e+27,0.000000
9,6,26,3.4357649e+27,0.000000
5,-4,-17,3.4312312e+27,0.000000
4,-3,-29,3.4202672e+27,0.000000
4,2,55,3.4168069e+27,0.000000
3,1,55,3.3806556e+27,0.000000
6,-4,-16,3.3778541e+27,0.000000
9,8,41,3.371913e+27,0.000000
6,3,47,3.3708409e+27,0.000000
3,-2,-35,3.3700379e+27,0.000000
8,1,5,3.3657611e+27,0.000000
8,3,19,3.3556459e+27,0.000000
8,-3,29,3.3545628e+27,0.000000
3,0,-53,3.3469683e+27,0.000000
3,0,53,3.3469683e+27,0.000000
8,6,48,3.3201274e+27,0.000000
6,2,-22,3.286643e+27,0.000000
9,4,5,3.2832684e+27,0.000000
10,9,34,3.2805166e+27,0.000000
2,2,-26,3.2717003e+27,0.000000
5,2,43,3.2681197e+27,0.000000
4,-2,43,3.2457359e+27,0.000000
10,-6,37,3.2416383e+27,0.000000
9,8,35,3.2396587e+27,0.000000
4,-1,-38,3.2261359e+27,0.000000
5,-2,45,3.2166237e+27,0.000000
8,6,47,3.1927596e+27,0.000000
6,-3,47,3.1846311e+27,0.000000
7,4,43,3.1791865e+27,0.000000
9,7,41,3.1740797e+27,0.000000
6,2,42,3.1575652e+27,0.000000
5,-5,-13,3.1471087e+27,0.000000
9,-5,39,3.1438469e+27,0.000000
3,3,-25,3.1405691e+27,0.000000
9,3,14,3.1390461e+27,0.000000
10,-7,53,3.1288212e+27,0.000000
9,3,13,3.1240377e+27,0.000000
7,-1,27,3.1184427e+27,0.000000
9,7,40,3.1058803e+27,0.000000
5,-3,-24,3.0960978e+27,0.000000
4,1,53,3.0860309e+27,0.000000
5,2,-21,3.0800098e+27,0.000000
8,7,-5,3.0787692e+27,0.000000
10,9,35,3.0586321e+27,0.000000
8,-5,54,3.0469027e+27,0.000000
2,-1,-50,3.0294862e+27,0.000000
10,-5,2,3.025747e+27,0.000000
9,-4,18,2.9955604e+27,0.000000
9,6,27,2.9913451e+27,0.000000
5,1,40,2.9784913e+27,0.000000
6,-2,-22,2.9635571e+27,0.000000
9,-6,50,2.9623156e+27,0.000000
4,-4,-27,2.9600378e+27,0.000000
3,2,-23,2.9578974e+27,0.000000
9,3,15,2.949598e+27,0.000000
5,1,39,2.9421901e+27,0.000000
9,8,36,2.9257371e+27,0.000000
4,3,-20,2.9226616e+27,0.000000
8,-2,17,2.9200926e+27,0.000000
10,10,-4,2.9184216e+27,0.000000
9,3,12,2.9105812e+27,0.000000
6,-1,16,2.9045552e+27,0.000000
10,9,36,2.9034091e+27,0.000000
8,-3,30,2.8823028e+27,0.000000
9,-3,21,2.8805593e+27,0.000000
8,5,32,2.8760862e+27,0.000000
3,-1,-45,2.8628811e+27,0.000000
9,3,9,2.8487171e+27,0.000000
6,4,37,2.8406231e+27,0.000000
10,8,28,2.8389991e+27,0.000000
9,8,-1,2.8249433e+27,0.000000
5,1,41,2.8248612e+27,0.000000
6,0,-30,2.8095997e+27,0.000000
6,0,30,2.8095997e+27,0.000000
10,8,25,2.7851153e+27,0.000000
10,6,1,2.7793399e+27,0.000000
7,2,33,2.7787349e+27,0.000000
10,6,0,2.7619417e+27,0.000000
5,4,-8,2.7582516e+27,0.000000
10,-6,38,2.7061946e+27,0.000000
5,1,38,2.6938053e+27,0.000000
9,4,6,2.68394e+27,0.000000
9,5,17,2.6737457e+27,0.000000
8,2,18,2.6648783e+27,0.000000
3,1,-41,2.6569743e+27,0.000000
9,8,37,2.6569052e+27,0.000000
9,-8,-8,2.6531793e+27,0.000000
10,-4,2,2.6528138e+27,0.000000
7,1,29,2.6360154e+27,0.000000
8,-1,7,2.6338521e+27,0.000000
7,5,47,2.6226271e+27,0.000000
7,3,40,2.6177325e+27,0.000000
9,3,11,2.6071228e+27,0.000000
9,3,16,2.6070965e+27,0.000000
6,1,-26,2.6055836e+27,0.000000
7,-3,42,2.6025055e+27,0.000000
10,-4,11,2.6009993e+27,0.000000
6,-2,45,2.5917165e+27,0.000000
8,5,-4,2.5880873e+27,0.000000
9,6,28,2.5719701e+27,0.000000
10,-5,11,2.5710953e+27,0.000000
5,1,36,2.5608356e+27,0.000000
5,1,42,2.547706e+27,0.000000
10,7,22,2.490798e+27,0.000000
7,4,44,2.4817945e+27,0.000000
5,-1,-33,2.4802973e+27,0.000000
8,-5,55,2.471472e+27,0.000000
6,3,-6,2.4655327e+27,0.000000
9,3,10,2.459531e+27,0.000000
8,-3,31,2.414327e+27,0.000000
6,4,-11,2.4116083e+27,0.000000
9,8,40,2.4022142e+27,0.000000
3,-3,-39,2.3875441e+27,0.000000
5,0,-41,2.3822194e+27,0.000000
5,0,41,2.3822194e+27,0.000000
10,9,50,2.3799708e+27,0.000000
10,6,-1,2.3793789e+27,0.000000
5,1,37,2.3745048e+27,0.000000
7,2,-8,2.3625078e+27,0.000000
3,0,-54,2.3535135e+27,0.000000
3,0,54,2.3535135e+27,0.000000
9,-4,19,2.3400459e+27,0.000000
10,8,46,2.33966e+27,0.000000
9,7,-5,2.3384151e+27,0.000000
6,1,30,2.3363792e+27,0.000000
10,-4,1,2.3354965e+27,0.000000
2,1,-42,2.3332369e+27,0.000000
10,-7,54,2.3263576e+27,0.000000
9,9,-2,2.3111788e+27,0.000000
9,8,-3,2.3038423e+27,0.000000
7,-1,-12,2.3018645e+27,0.000000
5,1,-35,2.2985989e+27,0.000000
7,-2,35,2.2954099e+27,0.000000
3,-2,-36,2.2912548e+27,0.000000
6,3,48,2.2825431e+27,0.000000
9,4,7,2.2738094e+27,0.000000
5,3,-20,2.2726768e+27,0.000000
9,7,42,2.2723383e+27,0.000000
10,6,9,2.263573e+27,0.000000
4,0,-48,2.2536269e+27,0.000000
4,0,48,2.2536269e+27,0.000000
8,3,-2,2.2253606e+27,0.000000
10,-6,39,2.2188952e+27,0.000000
7,3,-10,2.2152263e+27,0.000000
5,1,43,2.2110403e+27,0.000000
7,2,-9,2.2099794e+27,0.000000
4,1,-37,2.2010048e+27,0.000000
9,6,29,2.1856732e+27,0.000000
6,0,-31,2.1853886e+27,0.000000
6,0,31,2.1853886e+27,0.000000
9,3,17,2.1821292e+27,0.000000
5,5,-7,2.1683906e+27,0.000000
7,1,-14,2.1646794e+27,0.000000
2,-1,-51,2.1641944e+27,0.000000
10,9,37,2.1494197e+27,0.000000
8,1,1,2.1348316e+27,0.000000
6,2,-3,2.127503e+27,0.000000
7,2,-7,2.1259097e+27,0.000000
5,3,51,2.124146e+27,0.000000
4,1,54,2.1127282e+27,0.000000
6,-3,48,2.1090496e+27,0.000000
10,7,18,2.1076929e+27,0.000000
9,8,47,2.0917412e+27,0.000000
9,-5,40,2.0903551e+27,0.000000
4,-2,-23,2.0891979e+27,0.000000
8,4,31,2.0880379e+27,0.000000
9,9,-4,2.0864324e+27,0.000000
7,0,-15,2.0772574e+27,0.000000
7,0,15,2.0772574e+27,0.000000
9,5,18,2.0726402e+27,0.000000
10,8,-2,2.0254546e+27,0.000000
5,-1,40,2.0224794e+27,0.000000
9,8,-2,2.0221926e+27,0.000000
9,5,23,2.0196247e+27,0.000000
4,-3,-30,2.0195097e+27,0.000000
4,4,-17,2.0177256e+27,0.000000
10,9,40,2.0144734e+27,0.000000
5,-1,39,2.0135266e+27,0.000000
10,8,-3,2.0132607e+27,0.000000
9,5,22,2.0099269e+27,0.000000
9,4,8,1.9871394e+27,0.000000
8,-3,32,1.9779477e+27,0.000000
8,-4,33,1.9688359e+27,0.000000
8,1,6,1.9643772e+27,0.000000
9,5,24,1.9610309e+27,0.000000
6,-4,-17,1.9582477e+27,0.000000
9,5,21,1.9452322e+27,0.000000
7,3,41,1.9428831e+27,0.000000
5,-4,-18,1.9421405e+27,0.000000
8,-1,12,1.9379594e+27,0.000000
7,4,45,1.9240615e+27,0.000000
6,2,43,1.9209325e+27,0.000000
5,-3,-25,1.918397e+27,0.000000
9,-6,51,1.9132467e+27,0.000000
9,7,43,1.9086774e+27,0.000000
5,-1,41,1.9027694e+27,0.000000
6,-4,-5,1.9020671e+27,0.000000
8,2,-1,1.9008044e+27,0.000000
8,-1,13,1.8985611e+27,0.000000
9,-3,22,1.8974655e+27,0.000000
3,2,-24,1.8945296e+27,0.000000
6,-1,17,1.8783464e+27,0.000000
8,-1,11,1.8724101e+27,0.000000
9,5,20,1.8690119e+27,0.000000
7,2,-10,1.866827e+27,0.000000
9,5,19,1.8663789e+27,0.000000
7,-1,28,1.8627443e+27,0.000000
5,1,44,1.8624162e+27,0.000000
7,-3,43,1.8613347e+27,0.000000
5,-1,38,1.8570635e+27,0.000000
8,3,20,1.8442416e+27,0.000000
7,4,-4,1.8418504e+27,0.000000
9,5,25,1.8398022e+27,0.000000
7,2,34,1.8391896e+27,0.000000
9,6,30,1.8346473e+27,0.000000
7,5,48,1.8286681e+27,0.000000
10,8,29,1.8234448e+27,0.000000
8,-1,8,1.8213382e+27,0.000000
8,5,33,1.8193888e+27,0.000000
9,4,9,1.8107904e+27,0.000000
10,7,0,1.8063614e+27,0.000000
10,6,-3,1.8024144e+27,0.000000
5,-1,36,1.7932577e+27,0.000000
10,-6,40,1.7897199e+27,0.000000
9,-4,20,1.7896892e+27,0.000000
9,8,43,1.7884666e+27,0.000000
10,9,47,1.781886e+27,0.000000
9,4,-2,1.7811466e+27,0.000000
9,4,13,1.7796003e+27,0.000000
10,-5,12,1.7674046e+27,0.000000
9,4,14,1.7665469e+27,0.000000
8,-1,14,1.761378e+27,0.000000
9,4,12,1.7568975e+27,0.000000
4,-1,-39,1.7515886e+27,0.000000
9,3,18,1.7396071e+27,0.000000
8,-1,10,1.7388406e+27,0.000000
6,2,-23,1.7355775e+27,0.000000
3,0,-55,1.7335458e+27,0.000000
3,0,55,1.7335458e+27,0.000000
9,4,10,1.7334415e+27,0.000000
9,4,11,1.7283776e+27,0.000000
10,-7,55,1.7228744e+27,0.000000
9,8,44,1.720267e+27,0.000000
5,4,-9,1.719964e+27,0.000000
5,-2,-22,1.7093054e+27,0.000000
7,1,-17,1.7068028e+27,0.000000
9,4,15,1.7023135e+27,0.000000
5,-1,42,1.7022117e+27,0.000000
10,-4,12,1.6890246e+27,0.000000
10,8,26,1.684987e+27,0.000000
2,-1,-52,1.6812066e+27,0.000000
9,8,51,1.6722642e+27,0.000000
9,5,26,1.6713633e+27,0.000000
7,1,-18,1.6694329e+27,0.000000
4,3,-21,1.6681613e+27,0.000000
6,0,-32,1.6574222e+27,0.000000
6,0,32,1.6574222e+27,0.000000
8,-1,9,1.6481597e+27,0.000000
5,-1,37,1.6480308e+27,0.000000
3,3,-26,1.6448017e+27,0.000000
6,1,-27,1.635412e+27,0.000000
5,-5,-14,1.6213561e+27,0.000000
6,4,38,1.6161378e+27,0.000000
4,2,-27,1.6142328e+27,0.000000
9,7,44,1.606935e+27,0.000000
7,1,-16,1.6066486e+27,0.000000
8,-3,33,1.5893079e+27,0.000000
6,-2,-23,1.58838e+27,0.000000
9,4,16,1.5857747e+27,0.000000
5,0,-42,1.5569839e+27,0.000000
5,0,42,1.5569839e+27,0.000000
3,-1,-46,1.5561869e+27,0.000000
8,-1,15,1.5547417e+27,0.000000
7,1,30,1.5455674e+27,0.000000
7,1,-15,1.5454856e+27,0.000000
3,-2,-37,1.5446007e+27,0.000000
6,3,49,1.5390442e+27,0.000000
10,8,53,1.5343489e+27,0.000000
5,1,45,1.5319686e+27,0.000000
9,6,31,1.5222184e+27,0.000000
4,-4,-28,1.5094459e+27,0.000000
6,4,-5,1.5062994e+27,0.000000
7,1,-19,1.5019488e+27,0.000000
5,2,44,1.5001763e+27,0.000000
10,8,-1,1.498401e+27,0.000000
7,4,46,1.4827756e+27,0.000000
6,-2,46,1.4804052e+27,0.000000
9,5,27,1.4742861e+27,0.000000
7,2,-11,1.4723392e+27,0.000000
5,-1,43,1.4653722e+27,0.000000
7,-2,36,1.460956e+27,0.000000
10,8,34,1.4570689e+27,0.000000
5,-1,-34,1.4379272e+27,0.000000
4,1,55,1.4346425e+27,0.000000
3,2,-25,1.4343004e+27,0.000000
7,3,42,1.4326659e+27,0.000000
9,-3,-1,1.4282355e+27,0.000000
9,4,17,1.4264585e+27,0.000000
10,-6,41,1.4220287e+27,0.000000
2,-1,-53,1.4210407e+27,0.000000
5,3,-21,1.4173537e+27,0.000000
5,2,-22,1.4160196e+27,0.000000
4,0,-49,1.4105434e+27,0.000000
4,0,49,1.4105434e+27,0.000000
6,4,-12,1.4077442e+27,0.000000
6,-3,49,1.3914081e+27,0.000000
3,1,-42,1.3834744e+27,0.000000
3,-3,-40,1.3808057e+27,0.000000
8,-2,18,1.3805815e+27,0.000000
8,2,19,1.3755908e+27,0.000000
9,-5,41,1.3735429e+27,0.000000
9,7,45,1.3576031e+27,0.000000
4,-2,44,1.3567629e+27,0.000000
5,-2,46,1.3520846e+27,0.000000
7,2,-6,1.3434402e+27,0.000000
9,-4,21,1.3368868e+27,0.000000
9,3,19,1.326951e+27,0.000000
7,-3,44,1.3261003e+27,0.000000
6,4,41,1.3147636e+27,0.000000
2,1,-43,1.313531e+27,0.000000
8,-1,16,1.3124488e+27,0.000000
9,8,49,1.3110453e+27,0.000000
5,1,-36,1.3063947e+27,0.000000
6,4,39,1.3034801e+27,0.000000
6,4,42,1.3010732e+27,0.000000
2,-1,-54,1.2901132e+27,0.000000
6,4,40,1.2877718e+27,0.000000
9,-4,0,1.2851236e+27,0.000000
7,5,49,1.2768749e+27,0.000000
10,9,52,1.2741101e+27,0.000000
9,5,28,1.266126e+27,0.000000
2,2,-27,1.2652517e+27,0.000000
7,1,-20,1.2624984e+27,0.000000
10,-5,13,1.2621343e+27,0.000000
8,-3,34,1.2554609e+27,0.000000
9,6,32,1.2483406e+27,0.000000
5,3,52,1.2413785e+27,0.000000
9,4,18,1.2396636e+27,0.000000
10,9,51,1.2374521e+27,0.000000
9,-6,52,1.2365995e+27,0.000000
5,1,46,1.2359726e+27,0.000000
6,4,43,1.2346687e+27,0.000000
9,8,48,1.2338112e+27,0.000000
2,-1,-55,1.2328086e+27,0.000000
6,0,-33,1.2317235e+27,0.000000
6,0,33,1.2317235e+27,0.000000
5,-1,44,1.2244643e+27,0.000000
10,9,43,1.2179018e+27,0.000000
8,6,51,1.2078989e+27,0.000000
7,2,35,1.2057842e+27,0.000000
8,4,32,1.2054114e+27,0.000000
9,-3,23,1.2042763e+27,0.000000
9,7,46,1.2024076e+27,0.000000
4,1,-38,1.1960965e+27,0.000000
4,-3,-31,1.194359e+27,0.000000
6,1,31,1.1912073e+27,0.000000
8,2,23,1.1864681e+27,0.000000
6,-1,18,1.1853246e+27,0.000000
5,-3,-26,1.1837495e+27,0.000000
7,3,-11,1.17334e+27,0.000000
8,2,24,1.1654661e+27,0.000000
6,2,44,1.1539714e+27,0.000000
7,3,-5,1.1516525e+27,0.000000
3,2,-26,1.1433149e+27,0.000000
7,4,47,1.1364725e+27,0.000000
8,2,22,1.1330529e+27,0.000000
6,4,44,1.12977e+27,0.000000
6,-4,-18,1.1260407e+27,0.000000
8,5,34,1.1173003e+27,0.000000
10,-6,42,1.1143749e+27,0.000000
7,0,-16,1.1136012e+27,0.000000
7,0,16,1.1136012e+27,0.000000
8,1,7,1.1101742e+27,0.000000
7,2,-12,1.10377e+27,0.000000
7,-1,29,1.096508e+27,0.000000
5,-4,-19,1.092224e+27,0.000000
10,-4,13,1.0914842e+27,0.000000
8,3,21,1.0909233e+27,0.000000
5,-2,53,1.0822011e+27,0.000000
8,2,25,1.0795046e+27,0.000000
6,-3,-3,1.0784375e+27,0.000000
10,8,55,1.077773e+27,0.000000
5,-2,52,1.0672644e+27,0.000000
8,-1,17,1.0645002e+27,0.000000
9,5,29,1.0612024e+27,0.000000
9,-4,-1,1.0586412e+27,0.000000
7,3,43,1.0506449e+27,0.000000
9,4,19,1.0419943e+27,0.000000
8,2,21,1.0372999e+27,0.000000
3,-2,-38,1.0333004e+27,0.000000
6,3,50,1.0325745e+27,0.000000
8,-4,34,1.0308417e+27,0.000000
8,1,13,1.0276896e+27,0.000000
9,-1,6,1.024433e+27,0.000000
8,2,20,1.0215987e+27,0.000000
5,4,-10,1.0207467e+27,0.000000
6,1,-28,1.019818e+27,0.000000
5,0,-43,1.0143538e+27,0.000000
5,0,43,1.0143538e+27,0.000000
9,6,33,1.0120576e+27,0.000000
7,1,-21,1.0059514e+27,0.000000
6,4,45,1.0048808e+27,0.000000
5,-2,51,1.0015375e+27,0.000000
8,1,12,9.9983001e+26,0.000000
5,-1,45,9.9925959e+26,0.000000
5,-2,55,9.9895192e+26,0.000000
10,7,16,9.9418758e+26,0.000000
10,4,-1,9.8736662e+26,0.000000
8,1,14,9.8706139e+26,0.000000
5,1,47,9.8104196e+26,0.000000
10,8,-4,9.8081406e+26,0.000000
8,-3,35,9.7694272e+26,0.000000
10,9,46,9.7671431e+26,0.000000
9,-4,22,9.7353286e+26,0.000000
4,4,-18,9.7189676e+26,0.000000
9,3,20,9.7174217e+26,0.000000
6,3,-7,9.6029983e+26,0.000000
8,2,-5,9.5858538e+26,0.000000
10,6,11,9.5687633e+26,0.000000
8,2,26,9.5191881e+26,0.000000
4,3,-22,9.5102622e+26,0.000000
7,-3,45,9.4180876e+26,0.000000
4,-1,-40,9.3925492e+26,0.000000
9,8,-4,9.3644664e+26,0.000000
9,8,52,9.3077317e+26,0.000000
10,-5,14,9.2878328e+26,0.000000
9,-1,5,9.263617e+26,0.000000
7,-2,37,9.2168578e+26,0.000000
9,-1,7,9.1934881e+26,0.000000
6,-3,50,9.1375114e+26,0.000000
4,0,-50,9.1151003e+26,0.000000
4,0,50,9.1151003e+26,0.000000
7,5,50,9.0485924e+26,0.000000
6,2,-24,9.0475296e+26,0.000000
8,1,11,9.041293e+26,0.000000
3,2,-27,9.0355535e+26,0.000000
6,0,-34,9.0037769e+26,0.000000
6,0,34,9.0037769e+26,0.000000
8,1,15,8.9369766e+26,0.000000
9,-5,42,8.9244867e+26,0.000000
7,1,31,8.9216255e+26,0.000000
4,-2,-24,8.9136259e+26,0.000000
5,-2,50,8.842762e+26,0.000000
7,2,-4,8.805831e+26,0.000000
3,-1,-47,8.7739735e+26,0.000000
6,4,46,8.7589891e+26,0.000000
9,9,-5,8.7504439e+26,0.000000
5,3,-22,8.7381564e+26,0.000000
9,5,30,8.6988443e+26,0.000000
7,4,48,8.6717965e+26,0.000000
3,3,-27,8.652199e+26,0.000000
10,-6,43,8.6221806e+26,0.000000
5,-5,-15,8.5729215e+26,0.000000
9,7,48,8.5697816e+26,0.000000
10,4,1,8.5154683e+26,0.000000
9,4,20,8.4817274e+26,0.000000
6,-2,-24,8.4168108e+26,0.000000
10,9,53,8.3868055e+26,0.000000
8,-1,18,8.3287372e+26,0.000000
5,-1,-35,8.2988573e+26,0.000000
9,-1,3,8.2771008e+26,0.000000
7,-1,-13,8.2625679e+26,0.000000
6,-2,47,8.2615555e+26,0.000000
9,6,-4,8.2307289e+26,0.000000
6,4,-13,8.1266317e+26,0.000000
9,6,34,8.1122399e+26,0.000000
8,3,26,8.111044e+26,0.000000
10,9,49,8.1081933e+26,0.000000
8,3,27,8.06362e+26,0.000000
8,2,27,8.0613532e+26,0.000000
3,-3,-41,8.0577926e+26,0.000000
9,-6,53,8.0474809e+26,0.000000
9,8,54,8.0332385e+26,0.000000
5,-1,46,7.9991255e+26,0.000000
7,2,-13,7.9478124e+26,0.000000
10,4,0,7.9216089e+26,0.000000
8,3,22,7.8540175e+26,0.000000
8,3,25,7.8414483e+26,0.000000
7,2,36,7.8312366e+26,0.000000
10,6,12,7.7808571e+26,0.000000
4,-4,-29,7.7167327e+26,0.000000
8,1,10,7.7102722e+26,0.000000
8,3,28,7.7035785e+26,0.000000
8,1,16,7.6903128e+26,0.000000
8,6,52,7.6875931e+26,0.000000
7,1,-22,7.6834464e+26,0.000000
5,1,48,7.6773729e+26,0.000000
5,-2,-23,7.6763902e+26,0.000000
7,3,44,7.6694774e+26,0.000000
10,8,32,7.5843868e+26,0.000000
8,-2,19,7.5810976e+26,0.000000
6,1,32,7.5656062e+26,0.000000
10,7,-2,7.5640303e+26,0.000000
6,4,47,7.5046494e+26,0.000000
8,-3,36,7.5014123e+26,0.000000
2,1,-44,7.4456676e+26,0.000000
8,3,24,7.3885976e+26,0.000000
5,1,-37,7.3820483e+26,0.000000
5,-2,49,7.3642989e+26,0.000000
9,-3,24,7.3548713e+26,0.000000
8,1,8,7.3321165e+26,0.000000
6,-1,19,7.3019742e+26,0.000000
8,2,-6,7.2953599e+26,0.000000
5,-3,-27,7.2803945e+26,0.000000
3,1,-43,7.2092991e+26,0.000000
9,-1,8,7.1666219e+26,0.000000
5,-2,47,7.163371e+26,0.000000
10,-4,0,7.1446531e+26,0.000000
8,3,23,7.1335887e+26,0.000000
7,-3,-7,7.1089348e+26,0.000000
8,3,29,7.1001304e+26,0.000000
4,-3,-32,7.0738623e+26,0.000000
10,-4,14,7.0658615e+26,0.000000
5,3,53,7.053026e+26,0.000000
10,6,13,7.0462321e+26,0.000000
10,-5,15,7.0314896e+26,0.000000
9,5,31,6.9851426e+26,0.000000
3,2,-28,6.9478492e+26,0.000000
9,-4,23,6.9000034e+26,0.000000
6,3,51,6.8864127e+26,0.000000
3,-2,-39,6.8639128e+26,0.000000
9,3,21,6.8471903e+26,0.000000
6,2,45,6.8261632e+26,0.000000
10,8,31,6.7838184e+26,0.000000
10,-6,-4,6.7614824e+26,0.000000
8,4,33,6.7527663e+26,0.000000
8,1,9,6.7353203e+26,0.000000
9,4,21,6.6930977e+26,0.000000
7,-3,46,6.6718789e+26,0.000000
8,5,35,6.6490541e+26,0.000000
7,-3,-8,6.6237811e+26,0.000000
10,-5,1,6.6142213e+26,0.000000
8,2,28,6.602366e+26,0.000000
10,-6,44,6.592837e+26,0.000000
7,4,49,6.5919035e+26,0.000000
5,0,-44,6.5845443e+26,0.000000
5,0,44,6.5845443e+26,0.000000
5,2,45,6.4983213e+26,0.000000
6,0,-35,6.4929747e+26,0.000000
6,0,35,6.4929747e+26,0.000000
6,-4,-19,6.4355082e+26,0.000000
4,1,-39,6.4313151e+26,0.000000
9,6,35,6.4299452e+26,0.000000
10,8,42,6.4254193e+26,0.000000
9,7,49,6.3926352e+26,0.000000
4,-2,45,6.3908131e+26,0.000000
6,4,48,6.366364e+26,0.000000
7,-1,30,6.3592543e+26,0.000000
8,3,30,6.3421649e+26,0.000000
10,9,55,6.3371462e+26,0.000000
8,1,17,6.3321838e+26,0.000000
2,2,-28,6.3309067e+26,0.000000
6,1,-29,6.3221079e+26,0.000000
10,6,14,6.3085167e+26,0.000000
8,-1,19,6.3073778e+26,0.000000
5,-1,47,6.3005068e+26,0.000000
5,2,-23,6.2779357e+26,0.000000
5,-2,48,6.2611953e+26,0.000000
8,-4,-3,6.218023e+26,0.000000
7,5,51,6.214483e+26,0.000000
9,-1,4,6.1899023e+26,0.000000
4,0,-51,6.1756996e+26,0.000000
4,0,51,6.1756996e+26,0.000000
6,1,33,6.163717e+26,0.000000
5,-4,-20,6.1118731e+26,0.000000
10,8,39,6.1047065e+26,0.000000
10,6,19,6.0428232e+26,0.000000
7,3,-12,5.9837938e+26,0.000000
10,-2,3,5.9833892e+26,0.000000
6,-3,51,5.9668903e+26,0.000000
10,-3,4,5.9399475e+26,0.000000
5,1,49,5.9319899e+26,0.000000
5,4,-11,5.9208319e+26,0.000000
8,-2,23,5.8110209e+26,0.000000
8,-2,22,5.8023138e+26,0.000000
4,-2,50,5.7945226e+26,0.000000
7,-2,38,5.7632713e+26,0.000000
6,1,34,5.7590726e+26,0.000000
8,6,53,5.7528002e+26,0.000000
8,-2,20,5.7448512e+26,0.000000
9,-5,43,5.7388821e+26,0.000000
8,-8,-9,5.733912e+26,0.000000
4,-2,51,5.6961613e+26,0.000000
8,-3,37,5.6918798e+26,0.000000
7,1,-23,5.6731833e+26,0.000000
7,-2,-9,5.6666705e+26,0.000000
6,4,51,5.6407786e+26,0.000000
7,0,-17,5.6210649e+26,0.000000
7,0,17,5.6210649e+26,0.000000
10,8,33,5.6113875e+26,0.000000
8,-2,21,5.5994455e+26,0.000000
4,-2,49,5.5936158e+26,0.000000
7,3,45,5.5769401e+26,0.000000
6,1,35,5.5332457e+26,0.000000
7,2,-14,5.5324321e+26,0.000000
6,1,-1,5.5147708e+26,0.000000
8,3,31,5.5134783e+26,0.000000
9,5,32,5.5031589e+26,0.000000
8,-2,24,5.5027156e+26,0.000000
10,-5,16,5.4811849e+26,0.000000
10,6,15,5.4771669e+26,0.000000
4,2,-28,5.4216455e+26,0.000000
7,-5,-6,5.4194205e+26,0.000000
4,3,-23,5.41687e+26,0.000000
4,-2,52,5.3635471e+26,0.000000
6,4,49,5.3607043e+26,0.000000
8,-4,35,5.3543137e+26,0.000000
5,3,-23,5.3354472e+26,0.000000
9,-6,54,5.3157041e+26,0.000000
7,-2,-8,5.2974171e+26,0.000000
3,-1,-48,5.2811714e+26,0.000000
7,-2,-10,5.2648836e+26,0.000000
8,2,29,5.2584361e+26,0.000000
6,1,36,5.2090011e+26,0.000000
3,2,-29,5.1877898e+26,0.000000
10,7,17,5.167465e+26,0.000000
9,7,50,5.1332118e+26,0.000000
9,4,22,5.1240974e+26,0.000000
4,-2,48,5.1000135e+26,0.000000
7,1,32,5.0643334e+26,0.000000
9,6,36,5.0400589e+26,0.000000
7,2,37,5.0387594e+26,0.000000
8,1,18,5.0166358e+26,0.000000
9,-1,9,5.0073935e+26,0.000000
7,4,50,4.9953837e+26,0.000000
10,-6,45,4.9861453e+26,0.000000
4,-1,-41,4.9675256e+26,0.000000
8,-2,25,4.938186e+26,0.000000
5,-1,48,4.8933421e+26,0.000000
4,-2,53,4.8774503e+26,0.000000
10,5,2,4.8761411e+26,0.000000
10,8,38,4.8541419e+26,0.000000
7,-3,-9,4.8267584e+26,0.000000
10,7,19,4.8079531e+26,0.000000
10,8,35,4.7781578e+26,0.000000
5,-1,-36,4.7649508e+26,0.000000
3,-3,-42,4.7582978e+26,0.000000
9,-4,24,4.7527213e+26,0.000000
6,1,37,4.7446084e+26,0.000000
10,6,16,4.7423373e+26,0.000000
10,7,-3,4.7182104e+26,0.000000
7,-3,47,4.7167878e+26,0.000000
10,8,50,4.7146817e+26,0.000000
4,4,-19,4.7061938e+26,0.000000
10,-4,15,4.687366e+26,0.000000
8,3,32,4.6814255e+26,0.000000
6,4,-14,4.6610576e+26,0.000000
5,-5,-16,4.6577134e+26,0.000000
6,2,-25,4.6532285e+26,0.000000
9,3,22,4.6478468e+26,0.000000
10,5,-1,4.6421649e+26,0.000000
8,-1,20,4.6365646e+26,0.000000
6,0,-36,4.6298859e+26,0.000000
6,0,36,4.6298859e+26,0.000000
10,7,24,4.6173063e+26,0.000000
3,3,-28,4.5717209e+26,0.000000
6,3,52,4.5590678e+26,0.000000
3,-2,-40,4.5295662e+26,0.000000
5,1,50,4.5292414e+26,0.000000
4,-2,47,4.509609e+26,0.000000
6,4,50,4.4902039e+26,0.000000
6,-2,48,4.4808172e+26,0.000000
6,3,-8,4.4729856e+26,0.000000
10,4,2,4.4724074e+26,0.000000
5,-3,-28,4.4659164e+26,0.000000
7,-2,-11,4.4472664e+26,0.000000
4,-2,46,4.4420143e+26,0.000000
4,0,-52,4.4419608e+26,0.000000
4,0,52,4.4419608e+26,0.000000
10,7,21,4.437011e+26,0.000000
6,-2,-25,4.406074e+26,0.000000
10,-5,17,4.4018313e+26,0.000000
10,8,36,4.3984432e+26,0.000000
6,-1,20,4.3918581e+26,0.000000
6,3,-4,4.3608481e+26,0.000000
8,6,54,4.3597114e+26,0.000000
7,5,52,4.3349294e+26,0.000000
9,-3,25,4.3138222e+26,0.000000
4,-2,54,4.307191e+26,0.000000
8,-3,38,4.273189e+26,0.000000
2,1,-45,4.2588836e+26,0.000000
9,5,33,4.2586563e+26,0.000000
5,0,-45,4.2567782e+26,0.000000
5,0,45,4.2567782e+26,0.000000
8,-2,26,4.2316238e+26,0.000000
4,-3,-33,4.1949905e+26,0.000000
10,7,1,4.1885027e+26,0.000000
6,1,38,4.1832912e+26,0.000000
7,4,51,4.1703632e+26,0.000000
9,7,51,4.1677573e+26,0.000000
2,2,-29,4.1540037e+26,0.000000
5,1,-38,4.1437426e+26,0.000000
9,2,1,4.1159591e+26,0.000000
8,2,30,4.0902886e+26,0.000000
7,1,-24,4.0754541e+26,0.000000
10,8,37,4.052991e+26,0.000000
7,3,46,4.0428535e+26,0.000000
10,5,1,3.9978413e+26,0.000000
7,-4,-4,3.9880181e+26,0.000000
10,6,17,3.9869581e+26,0.000000
6,2,46,3.9617545e+26,0.000000
4,-4,-30,3.9540836e+26,0.000000
7,-2,-7,3.9152308e+26,0.000000
9,6,37,3.9072896e+26,0.000000
7,-3,-6,3.9064213e+26,0.000000
5,3,54,3.9049576e+26,0.000000
6,1,-30,3.8980332e+26,0.000000
8,3,33,3.8940333e+26,0.000000
6,-3,52,3.8690463e+26,0.000000
10,4,7,3.8471918e+26,0.000000
8,1,19,3.8411096e+26,0.000000
8,5,36,3.8374865e+26,0.000000
9,-1,1,3.8283056e+26,0.000000
9,4,23,3.8070964e+26,0.000000
10,4,6,3.7749129e+26,0.000000
3,2,-30,3.7732574e+26,0.000000
3,1,-44,3.7720698e+26,0.000000
5,-1,49,3.7527583e+26,0.000000
10,-8,-8,3.7452887e+26,0.000000
7,2,-15,3.7385672e+26,0.000000
10,-6,46,3.7328045e+26,0.000000
10,4,8,3.7322459e+26,0.000000
4,-2,55,3.7193744e+26,0.000000
8,4,34,3.6942043e+26,0.000000
4,-2,-25,3.6790174e+26,0.000000
10,8,41,3.664243e+26,0.000000
6,-4,-20,3.6611681e+26,0.000000
9,-5,44,3.6573635e+26,0.000000
10,-5,18,3.6359569e+26,0.000000
7,-1,31,3.6312139e+26,0.000000
6,-2,-3,3.6036249e+26,0.000000
9,-6,55,3.5974624e+26,0.000000
10,4,5,3.593729e+26,0.000000
10,7,20,3.5894146e+26,0.000000
6,1,39,3.5850486e+26,0.000000
7,-2,39,3.5712353e+26,0.000000
10,5,3,3.5509811e+26,0.000000
3,-1,-49,3.5283862e+26,0.000000
10,-3,3,3.5200652e+26,0.000000
7,-2,-12,3.5036394e+26,0.000000
10,9,-3,3.4985348e+26,0.000000
8,-2,27,3.4887399e+26,0.000000
9,7,53,3.4774732e+26,0.000000
5,1,51,3.4187358e+26,0.000000
4,1,-40,3.4156877e+26,0.000000
5,-4,-21,3.4067361e+26,0.000000
4,0,-53,3.4053325e+26,0.000000
4,0,53,3.4053325e+26,0.000000
9,7,52,3.400939e+26,0.000000
10,4,9,3.3992155e+26,0.000000
5,4,-12,3.3945832e+26,0.000000
10,4,4,3.3939584e+26,0.000000
10,4,3,3.3823363e+26,0.000000
10,8,40,3.3514657e+26,0.000000
7,-3,48,3.3289961e+26,0.000000
10,-10,-9,3.3268417e+26,0.000000
8,-1,21,3.3164139e+26,0.000000
8,6,55,3.3135955e+26,0.000000
5,-2,-24,3.3104999e+26,0.000000
10,-4,16,3.3038778e+26,0.000000
7,-1,-14,3.2717774e+26,0.000000
6,0,-37,3.2702253e+26,0.000000
6,0,37,3.2702253e+26,0.000000
7,2,-5,3.2472928e+26,0.000000
9,5,34,3.2402434e+26,0.000000
5,3,-24,3.2317941e+26,0.000000
10,6,18,3.2295995e+26,0.000000
7,2,38,3.2116258e+26,0.000000
10,-3,5,3.2075221e+26,0.000000
10,8,45,3.1877445e+26,0.000000
8,3,34,3.180909e+26,0.000000
9,-1,10,3.1781018e+26,0.000000
8,-3,39,3.1776728e+26,0.000000
9,-4,25,3.1765354e+26,0.000000
8,2,31,3.1179318e+26,0.000000
6,4,52,3.1150616e+26,0.000000
2,2,-30,3.1101927e+26,0.000000
7,-3,-10,3.0840427e+26,0.000000
4,3,-24,3.0836165e+26,0.000000
10,7,23,3.0794064e+26,0.000000
10,-5,19,3.0755465e+26,0.000000
9,3,23,3.0397675e+26,0.000000
7,5,53,3.0256279e+26,0.000000
6,1,40,3.000044e+26,0.000000
9,6,38,2.9957728e+26,0.000000
6,3,53,2.9907441e+26,0.000000
8,2,-7,2.977912e+26,0.000000
3,-2,-41,2.9707302e+26,0.000000
7,3,-13,2.9436592e+26,0.000000
7,3,47,2.9230142e+26,0.000000
6,3,-9,2.9093291e+26,0.000000
10,4,10,2.884965e+26,0.000000
8,-4,36,2.8727502e+26,0.000000
7,1,-25,2.8624888e+26,0.000000
3,-3,-43,2.8550657e+26,0.000000
8,1,20,2.8526683e+26,0.000000
7,4,52,2.8498441e+26,0.000000
5,-1,50,2.8443739e+26,0.000000
7,1,33,2.8222665e+26,0.000000
5,2,46,2.8149969e+26,0.000000
8,-2,28,2.7850144e+26,0.000000
10,-6,47,2.7682634e+26,0.000000
4,0,-54,2.7640686e+26,0.000000
4,0,54,2.7640686e+26,0.000000
9,2,7,2.7593918e+26,0.000000
9,4,24,2.7446299e+26,0.000000
5,0,-46,2.7391266e+26,0.000000
5,0,46,2.7391266e+26,0.000000
5,-3,-29,2.7336878e+26,0.000000
3,-1,-55,2.7293512e+26,0.000000
5,-1,-37,2.7196509e+26,0.000000
3,-1,-50,2.7028977e+26,0.000000
7,-1,-18,2.6904716e+26,0.000000
10,-9,-8,2.6890355e+26,0.000000
3,2,-31,2.6843907e+26,0.000000
7,-1,-17,2.6772202e+26,0.000000
5,2,-24,2.670504e+26,0.000000
7,0,-18,2.6625438e+26,0.000000
7,0,18,2.6625438e+26,0.000000
6,4,-15,2.6605331e+26,0.000000
10,-5,20,2.646603e+26,0.000000
9,2,8,2.6416632e+26,0.000000
10,-10,-10,2.6313098e+26,0.000000
10,-4,-1,2.626219e+26,0.000000
9,2,6,2.6186166e+26,0.000000
7,-2,-13,2.6149885e+26,0.000000
9,-2,3,2.6055525e+26,0.000000
10,5,-2,2.5999723e+26,0.000000
9,9,-6,2.5996958e+26,0.000000
5,-5,-17,2.5952374e+26,0.000000
4,-1,-42,2.5902932e+26,0.000000
6,4,53,2.5818117e+26,0.000000
6,-1,21,2.5785905e+26,0.000000
10,-4,17,2.5574229e+26,0.000000
8,3,35,2.5570068e+26,0.000000
3,-1,-54,2.5526777e+26,0.000000
5,1,52,2.5511548e+26,0.000000
6,-1,-3,2.5362495e+26,0.000000
4,-3,-34,2.4903596e+26,0.000000
6,-3,53,2.4865418e+26,0.000000
10,8,43,2.4854823e+26,0.000000
7,-1,-19,2.4671083e+26,0.000000
2,1,-46,2.4661464e+26,0.000000
6,1,41,2.461606e+26,0.000000
7,2,-16,2.4595769e+26,0.000000
5,2,53,2.4384571e+26,0.000000
6,3,-10,2.4306173e+26,0.000000
3,3,-29,2.4266153e+26,0.000000
9,5,35,2.4258828e+26,0.000000
9,-3,26,2.4236753e+26,0.000000
7,-1,-16,2.4233051e+26,0.000000
10,5,4,2.4183651e+26,0.000000
5,5,-8,2.4151567e+26,0.000000
5,2,54,2.4113651e+26,0.000000
3,-1,-53,2.4011228e+26,0.000000
6,1,-31,2.3911625e+26,0.000000
3,-1,-51,2.3761523e+26,0.000000
2,2,-31,2.3747258e+26,0.000000
5,2,52,2.3735597e+26,0.000000
6,2,-26,2.3585819e+26,0.000000
6,-2,49,2.3507499e+26,0.000000
10,7,-1,2.3481054e+26,0.000000
7,-3,49,2.346079e+26,0.000000
8,-3,40,2.3428823e+26,0.000000
4,0,-55,2.3423071e+26,0.000000
4,0,55,2.3423071e+26,0.000000
8,2,32,2.335548e+26,0.000000
9,2,9,2.3337322e+26,0.000000
3,-1,-52,2.3179756e+26,0.000000
9,-5,45,2.3148982e+26,0.000000
5,2,55,2.3141124e+26,0.000000
8,-1,22,2.3128037e+26,0.000000
5,1,-39,2.3084697e+26,0.000000
10,-5,21,2.299487e+26,0.000000
6,0,-38,2.2912826e+26,0.000000
6,0,38,2.2912826e+26,0.000000
4,4,-20,2.2870134e+26,0.000000
9,7,54,2.2830411e+26,0.000000
10,8,44,2.2793648e+26,0.000000
6,-2,-26,2.2756255e+26,0.000000
10,4,11,2.2750734e+26,0.000000
9,6,39,2.2717745e+26,0.000000
7,-1,-15,2.2490043e+26,0.000000
6,2,47,2.2455826e+26,0.000000
6,-6,-10,2.2187415e+26,0.000000
5,2,51,2.2009174e+26,0.000000
7,-2,40,2.1923036e+26,0.000000
6,3,-11,2.1898088e+26,0.000000
10,-4,18,2.1832508e+26,0.000000
9,2,5,2.1824626e+26,0.000000
8,5,37,2.1670607e+26,0.000000
8,-2,29,2.1638246e+26,0.000000
10,8,-5,2.1545915e+26,0.000000
5,3,55,2.1483405e+26,0.000000
7,4,53,2.1481655e+26,0.000000
9,1,2,2.1464116e+26,0.000000
6,4,54,2.1323885e+26,0.000000
5,-1,51,2.1309965e+26,0.000000
7,5,54,2.1124808e+26,0.000000
7,3,48,2.1087553e+26,0.000000
7,-1,-20,2.1046153e+26,0.000000
6,-4,-21,2.075685e+26,0.000000
6,-5,-7,2.0651066e+26,0.000000
9,8,-5,2.0647971e+26,0.000000
8,1,21,2.0608986e+26,0.000000
10,7,25,2.0583044e+26,0.000000
9,-4,26,2.0564488e+26,0.000000
8,-7,-8,2.0555154e+26,0.000000
7,-1,32,2.0392685e+26,0.000000
10,-6,48,2.0351957e+26,0.000000
6,-1,-4,2.0335913e+26,0.000000
7,2,39,2.0275337e+26,0.000000
8,3,36,2.0262546e+26,0.000000
8,4,35,2.0084048e+26,0.000000
10,-5,22,2.0023073e+26,0.000000
10,-4,19,1.9958323e+26,0.000000
3,1,-45,1.9927805e+26,0.000000
6,1,42,1.9874425e+26,0.000000
7,1,-26,1.9734124e+26,0.000000
10,8,47,1.9708568e+26,0.000000
6,3,-12,1.9456009e+26,0.000000
5,3,-25,1.944789e+26,0.000000
6,3,54,1.9395442e+26,0.000000
3,-2,-42,1.9373256e+26,0.000000
5,4,-13,1.9329539e+26,0.000000
6,-6,-9,1.9279696e+26,0.000000
5,2,50,1.9243005e+26,0.000000
9,4,25,1.9185916e+26,0.000000
9,2,10,1.9167978e+26,0.000000
10,5,0,1.9141277e+26,0.000000
9,3,24,1.9138342e+26,0.000000
10,6,20,1.8930794e+26,0.000000
5,-4,-22,1.8929692e+26,0.000000
10,7,26,1.8869614e+26,0.000000
5,1,53,1.8815332e+26,0.000000
10,-4,20,1.8759784e+26,0.000000
3,2,-32,1.8751023e+26,0.000000
7,-2,-14,1.8682443e+26,0.000000
9,-1,11,1.8396695e+26,0.000000
7,-3,-11,1.807204e+26,0.000000
10,7,28,1.7994175e+26,0.000000
9,7,55,1.7983773e+26,0.000000
4,-4,-31,1.7953259e+26,0.000000
7,-2,-6,1.7922632e+26,0.000000
4,1,-41,1.7892531e+26,0.000000
9,5,36,1.7882334e+26,0.000000
6,-5,-8,1.7877257e+26,0.000000
10,5,5,1.779293e+26,0.000000
10,9,-2,1.7785849e+26,0.000000
2,2,-32,1.7728395e+26,0.000000
10,-4,21,1.7570681e+26,0.000000
4,3,-25,1.7551136e+26,0.000000
6,4,55,1.754023e+26,0.000000
5,0,-47,1.7533167e+26,0.000000
5,0,47,1.7533167e+26,0.000000
3,-3,-44,1.7506257e+26,0.000000
10,7,27,1.7451658e+26,0.000000
10,-5,23,1.7361225e+26,0.000000
9,2,2,1.7259303e+26,0.000000
8,2,33,1.7229925e+26,0.000000
6,-6,-11,1.7167277e+26,0.000000
8,-3,41,1.7141864e+26,0.000000
5,5,-9,1.712773e+26,0.000000
8,-4,37,1.7078743e+26,0.000000
9,6,40,1.704388e+26,0.000000
7,-1,-21,1.698199e+26,0.000000
5,-3,-30,1.670409e+26,0.000000
10,4,12,1.6669509e+26,0.000000
6,3,-13,1.6630211e+26,0.000000
7,-3,50,1.6510464e+26,0.000000
4,2,-29,1.6470684e+26,0.000000
8,-2,30,1.6430722e+26,0.000000
7,4,54,1.6183702e+26,0.000000
10,-4,22,1.6107964e+26,0.000000
6,0,-39,1.5941368e+26,0.000000
6,0,39,1.5941368e+26,0.000000
5,2,49,1.5933939e+26,0.000000
8,3,37,1.5851788e+26,0.000000
6,1,43,1.5835109e+26,0.000000
6,-3,54,1.5801978e+26,0.000000
5,-1,52,1.579388e+26,0.000000
7,2,-17,1.5786327e+26,0.000000
8,-1,23,1.5751209e+26,0.000000
5,-1,-38,1.541726e+26,0.000000
7,1,34,1.5405582e+26,0.000000
9,5,-4,1.5371996e+26,0.000000
5,2,47,1.5348268e+26,0.000000
10,7,29,1.5188671e+26,0.000000
7,3,49,1.518435e+26,0.000000
6,4,-16,1.5118879e+26,0.000000
9,2,4,1.4985934e+26,0.000000
10,-5,24,1.4912281e+26,0.000000
10,-6,49,1.4844704e+26,0.000000
4,-3,-35,1.4796135e+26,0.000000
5,-5,-18,1.4781712e+26,0.000000
6,-1,22,1.4769985e+26,0.000000
7,5,55,1.4761488e+26,0.000000
9,2,11,1.4688718e+26,0.000000
9,-5,46,1.4599198e+26,0.000000
6,1,-32,1.4595582e+26,0.000000
2,1,-47,1.4529252e+26,0.000000
4,-2,-26,1.4525926e+26,0.000000
10,7,30,1.4523068e+26,0.000000
8,1,22,1.4516942e+26,0.000000
10,8,48,1.4498003e+26,0.000000
10,-4,23,1.4337165e+26,0.000000
10,5,6,1.4154753e+26,0.000000
9,1,7,1.4117816e+26,0.000000
7,-6,-8,1.3955374e+26,0.000000
7,3,-14,1.3935331e+26,0.000000
5,1,54,1.3707096e+26,0.000000
10,6,21,1.3670932e+26,0.000000
5,-2,-25,1.366789e+26,0.000000
9,1,6,1.3659408e+26,0.000000
6,3,-14,1.364722e+26,0.000000
10,8,49,1.3565307e+26,0.000000
10,-2,4,1.355796e+26,0.000000
5,2,48,1.3533142e+26,0.000000
8,-3,-2,1.3505499e+26,0.000000
7,1,-27,1.3394257e+26,0.000000
4,-1,-43,1.3346737e+26,0.000000
7,-2,41,1.3326774e+26,0.000000
7,-1,-22,1.312196e+26,0.000000
9,-3,27,1.3014179e+26,0.000000
9,4,26,1.2988133e+26,0.000000
10,7,31,1.2986313e+26,0.000000
9,5,37,1.2985956e+26,0.000000
3,3,-30,1.2939172e+26,0.000000
3,2,-33,1.2901223e+26,0.000000
9,-4,27,1.2869234e+26,0.000000
7,-2,-15,1.2869108e+26,0.000000
2,2,-33,1.284678e+26,0.000000
10,8,51,1.2842589e+26,0.000000
5,1,-40,1.275384e+26,0.000000
7,2,40,1.2674811e+26,0.000000
10,7,32,1.2656389e+26,0.000000
10,-5,25,1.2640928e+26,0.000000
9,6,41,1.2637293e+26,0.000000
7,-7,-9,1.2620916e+26,0.000000
9,6,49,1.2587432e+26,0.000000
3,-2,-43,1.2571457e+26,0.000000
8,2,34,1.2541652e+26,0.000000
7,7,-7,1.2523382e+26,0.000000
6,1,44,1.2480733e+26,0.000000
8,-3,42,1.2456116e+26,0.000000
6,3,55,1.239814e+26,0.000000
6,2,48,1.2373269e+26,0.000000
10,-4,24,1.2357405e+26,0.000000
8,5,38,1.229868e+26,0.000000
10,-5,0,1.2271957e+26,0.000000
8,3,38,1.2258492e+26,0.000000
8,-2,31,1.2234173e+26,0.000000
7,4,55,1.2191977e+26,0.000000
7,2,-2,1.2190694e+26,0.000000
9,1,8,1.2096038e+26,0.000000
8,-4,38,1.2011577e+26,0.000000
7,0,-19,1.1944049e+26,0.000000
7,0,19,1.1944049e+26,0.000000
6,-2,50,1.1931182e+26,0.000000
10,5,7,1.1885785e+26,0.000000
6,2,-27,1.1761294e+26,0.000000
6,-4,-22,1.1737785e+26,0.000000
10,-3,6,1.1730869e+26,0.000000
5,3,-26,1.1641414e+26,0.000000
7,-3,51,1.1601471e+26,0.000000
9,3,25,1.1578431e+26,0.000000
6,-2,-27,1.1572482e+26,0.000000
5,-1,53,1.1567721e+26,0.000000
10,-2,2,1.1429049e+26,0.000000
10,4,13,1.1383996e+26,0.000000
8,4,36,1.1327013e+26,0.000000
6,-6,-12,1.1307413e+26,0.000000
8,8,-7,1.1306533e+26,0.000000
7,-1,33,1.1245062e+26,0.000000
8,1,-6,1.119085e+26,0.000000
5,0,-48,1.1157937e+26,0.000000
5,0,48,1.1157937e+26,0.000000
4,4,-21,1.1140134e+26,0.000000
10,10,-5,1.1119674e+26,0.000000
10,5,8,1.1089175e+26,0.000000
3,-3,-45,1.1050716e+26,0.000000
6,0,-40,1.10222e+26,0.000000
6,0,40,1.10222e+26,0.000000
10,7,33,1.099208e+26,0.000000
10,-3,2,1.0988788e+26,0.000000
6,-3,-5,1.0954548e+26,0.000000
5,4,-14,1.0952332e+26,0.000000
10,-5,-1,1.0929582e+26,0.000000
7,3,50,1.0914209e+26,0.000000
9,6,50,1.0897679e+26,0.000000
5,2,-25,1.0874294e+26,0.000000
6,3,-15,1.0792476e+26,0.000000
10,-6,50,1.0751646e+26,0.000000
3,1,-46,1.0734814e+26,0.000000
10,-5,26,1.0548022e+26,0.000000
9,2,12,1.0515342e+26,0.000000
5,-4,-23,1.0491136e+26,0.000000
8,-1,24,1.0489193e+26,0.000000
4,-4,-32,1.0450011e+26,0.000000
10,-4,25,1.0315779e+26,0.000000
8,1,-5,1.0304481e+26,0.000000
7,1,-2,1.027205e+26,0.000000
5,-3,-31,1.0191669e+26,0.000000
10,6,-4,1.0037876e+26,0.000000
4,3,-26,9.9922181e+25,0.000000
8,1,23,9.9881037e+25,0.000000
8,-4,39,9.9442549e+25,0.000000
10,7,34,9.9344423e+25,0.000000
7,-3,-12,9.9125323e+25,0.000000
7,2,-18,9.9004026e+25,0.000000
6,-3,55,9.9003017e+25,0.000000
5,1,55,9.848154e+25,0.000000
9,1,5,9.8153564e+25,0.000000
7,-1,-23,9.7977627e+25,0.000000
6,1,45,9.7500503e+25,0.000000
9,-1,12,9.7260006e+25,0.000000
10,-6,-5,9.6718908e+25,0.000000
10,6,22,9.5065036e+25,0.000000
10,7,-4,9.4606907e+25,0.000000
8,3,39,9.3811121e+25,0.000000
10,9,-4,9.3798006e+25,0.000000
6,-1,-5,9.3588117e+25,0.000000
9,5,38,9.2935996e+25,0.000000
9,2,3,9.2787135e+25,0.000000
9,6,42,9.268679e+25,0.000000
4,1,-42,9.2400097e+25,0.000000
9,-5,47,9.217713e+25,0.000000
8,1,-7,9.1798487e+25,0.000000
10,5,9,9.161098e+25,0.000000
2,2,-34,9.0769067e+25,0.000000
8,-4,40,9.045141e+25,0.000000
9,6,45,9.0339868e+25,0.000000
9,1,9,9.0291895e+25,0.000000
8,2,35,9.0213737e+25,0.000000
8,-3,43,8.9960401e+25,0.000000
8,2,-8,8.9740521e+25,0.000000
7,1,-28,8.9727174e+25,0.000000
8,-2,32,8.9569203e+25,0.000000
10,8,52,8.8717225e+25,0.000000
6,1,-33,8.8651419e+25,0.000000
4,-3,-36,8.7959103e+25,0.000000
2,1,-48,8.7775991e+25,0.000000
3,2,-34,8.7651433e+25,0.000000
10,7,35,8.7335196e+25,0.000000
5,-1,-39,8.6726506e+25,0.000000
10,-5,27,8.6502761e+25,0.000000
7,-2,-16,8.5922359e+25,0.000000
5,-5,-19,8.5751234e+25,0.000000
6,4,-17,8.5518602e+25,0.000000
9,4,27,8.5000327e+25,0.000000
8,-4,41,8.4595617e+25,0.000000
10,7,47,8.3919126e+25,0.000000
5,-1,54,8.3700593e+25,0.000000
10,-4,26,8.3517292e+25,0.000000
6,-3,-6,8.3228158e+25,0.000000
6,3,-16,8.262183e+25,0.000000
6,-1,23,8.2441797e+25,0.000000
7,1,35,8.2125286e+25,0.000000
7,-3,52,8.137109e+25,0.000000
7,6,-6,8.1339122e+25,0.000000
3,-2,-44,8.1270239e+25,0.000000
7,0,-1,8.0202968e+25,0.000000
7,0,1,8.0202968e+25,0.000000
7,-2,42,8.017395e+25,0.000000
9,-2,4,7.9026097e+25,0.000000
8,-4,42,7.8491896e+25,0.000000
7,2,41,7.8430208e+25,0.000000
7,3,51,7.8305041e+25,0.000000
10,5,10,7.8017258e+25,0.000000
9,-4,28,7.768342e+25,0.000000
10,7,36,7.7517836e+25,0.000000
10,-6,51,7.7398861e+25,0.000000
5,5,-10,7.7292543e+25,0.000000
6,0,-41,7.5776398e+25,0.000000
6,0,41,7.5776398e+25,0.000000
6,1,46,7.5617258e+25,0.000000
8,2,-12,7.5425286e+25,0.000000
8,2,-13,7.4637959e+25,0.000000
10,4,14,7.3240422e+25,0.000000
3,-3,-46,7.2435291e+25,0.000000
8,5,39,7.2422272e+25,0.000000
8,-4,43,7.1274582e+25,0.000000
7,-1,-24,7.1169452e+25,0.000000
8,4,37,7.1140648e+25,0.000000
8,3,40,7.1115023e+25,0.000000
8,-5,-5,7.1069136e+25,0.000000
5,0,-49,7.0569418e+25,0.000000
5,0,49,7.0569418e+25,0.000000
9,2,13,7.0323132e+25,0.000000
10,-3,7,7.0003326e+25,0.000000
8,-2,-1,6.9855503e+25,0.000000
5,1,-41,6.9855029e+25,0.000000
10,-5,28,6.9658966e+25,0.000000
7,-2,-4,6.9469373e+25,0.000000
5,3,-27,6.9393383e+25,0.000000
3,3,-31,6.9311773e+25,0.000000
10,6,49,6.8641235e+25,0.000000
6,-6,-13,6.8578365e+25,0.000000
4,-1,-44,6.849311e+25,0.000000
8,-1,25,6.8361309e+25,0.000000
10,7,37,6.8290327e+25,0.000000
10,8,54,6.8264897e+25,0.000000
9,6,43,6.7220937e+25,0.000000
8,1,24,6.721315e+25,0.000000
9,3,26,6.7134652e+25,0.000000
9,-3,28,6.6838397e+25,0.000000
10,7,39,6.6627082e+25,0.000000
8,2,-14,6.6452928e+25,0.000000
6,-4,-23,6.6245743e+25,0.000000
10,5,11,6.6213019e+25,0.000000
10,6,50,6.6090185e+25,0.000000
6,2,49,6.5958597e+25,0.000000
10,-4,27,6.5695614e+25,0.000000
8,2,-11,6.5573464e+25,0.000000
9,2,0,6.4679005e+25,0.000000
8,-3,44,6.4621105e+25,0.000000
8,-2,33,6.4620473e+25,0.000000
8,2,36,6.4210623e+25,0.000000
8,1,-8,6.3972008e+25,0.000000
10,6,23,6.3968122e+25,0.000000
8,7,-6,6.3693401e+25,0.000000
7,3,-15,6.3154088e+25,0.000000
8,-4,44,6.3152623e+25,0.000000
2,2,-35,6.3037288e+25,0.000000
7,-5,-9,6.2910854e+25,0.000000
5,4,-15,6.1780524e+25,0.000000
5,-3,-32,6.1737539e+25,0.000000
6,3,-17,6.1480091e+25,0.000000
9,1,3,6.0992768e+25,0.000000
7,-1,34,6.0747139e+25,0.000000
7,2,-19,6.0746144e+25,0.000000
9,1,10,6.0039248e+25,0.000000
3,1,-47,6.0002406e+25,0.000000
5,-1,55,5.9784726e+25,0.000000
6,-2,51,5.9711409e+25,0.000000
10,7,38,5.9678481e+25,0.000000
7,1,-29,5.9438612e+25,0.000000
3,2,-35,5.8919644e+25,0.000000
6,5,-6,5.8813012e+25,0.000000
9,-5,48,5.8649078e+25,0.000000
6,1,47,5.8297301e+25,0.000000
5,-4,-24,5.8011632e+25,0.000000
6,-2,-28,5.7782237e+25,0.000000
6,2,-28,5.7548093e+25,0.000000
7,-5,-8,5.7206708e+25,0.000000
4,3,-27,5.6924049e+25,0.000000
7,-3,53,5.6739927e+25,0.000000
7,3,52,5.6058119e+25,0.000000
7,-2,-17,5.5825664e+25,0.000000
10,-6,52,5.5442912e+25,0.000000
10,-5,29,5.5060687e+25,0.000000
2,1,-49,5.5025144e+25,0.000000
10,5,12,5.4965925e+25,0.000000
8,2,-15,5.4787655e+25,0.000000
8,-4,45,5.4668943e+25,0.000000
10,4,-2,5.4657042e+25,0.000000
5,-2,-26,5.458662e+25,0.000000
4,4,-22,5.4348368e+25,0.000000
10,-9,-9,5.4184817e+25,0.000000
4,-2,-27,5.3986218e+25,0.000000
4,-4,-33,5.388737e+25,0.000000
7,0,-20,5.3714622e+25,0.000000
7,0,20,5.3714622e+25,0.000000
9,4,28,5.3672969e+25,0.000000
6,1,-34,5.3571499e+25,0.000000
10,-2,5,5.3508863e+25,0.000000
8,3,41,5.3449991e+25,0.000000
8,4,38,5.2861744e+25,0.000000
8,5,40,5.2608784e+25,0.000000
3,-2,-45,5.2446682e+25,0.000000
4,-3,-37,5.2305676e+25,0.000000
6,0,-42,5.1816927e+25,0.000000
6,0,42,5.1816927e+25,0.000000
9,-5,-4,5.1571518e+25,0.000000
7,-3,-13,5.136599e+25,0.000000
7,-1,-25,5.0547316e+25,0.000000
5,-5,-20,5.048989e+25,0.000000
10,-4,28,5.0300088e+25,0.000000
3,-3,-47,4.9731797e+25,0.000000
7,-5,-10,4.9606826e+25,0.000000
10,-3,8,4.8971007e+25,0.000000
9,-2,2,4.8878835e+25,0.000000
9,5,39,4.8589575e+25,0.000000
4,2,-30,4.8395123e+25,0.000000
8,2,-4,4.8379554e+25,0.000000
5,-1,-40,4.8376405e+25,0.000000
9,6,44,4.8242496e+25,0.000000
6,4,-18,4.8133802e+25,0.000000
7,2,42,4.8015005e+25,0.000000
8,5,45,4.7727057e+25,0.000000
7,-2,43,4.7697348e+25,0.000000
9,-1,13,4.7608063e+25,0.000000
8,5,44,4.7236911e+25,0.000000
8,2,-10,4.7230703e+25,0.000000
4,1,-43,4.7136395e+25,0.000000
8,5,46,4.6855168e+25,0.000000
8,-1,-6,4.6386272e+25,0.000000
8,-4,46,4.6359699e+25,0.000000
8,-3,45,4.6200731e+25,0.000000
8,-2,34,4.602728e+25,0.000000
8,4,39,4.591378e+25,0.000000
10,4,15,4.5743617e+25,0.000000
8,5,43,4.5696343e+25,0.000000
9,5,40,4.5629451e+25,0.000000
8,2,37,4.5274524e+25,0.000000
8,1,-4,4.5203614e+25,0.000000
9,-4,29,4.5163535e+25,0.000000
8,5,41,4.5022318e+25,0.000000
10,5,13,4.4871124e+25,0.000000
9,1,4,4.4852031e+25,0.000000
6,-1,24,4.4762048e+25,0.000000
6,1,48,4.4723909e+25,0.000000
8,5,47,4.4716928e+25,0.000000
6,3,-18,4.4621534e+25,0.000000
10,7,40,4.4414595e+25,0.000000
5,0,-50,4.4358289e+25,0.000000
5,0,50,4.4358289e+25,0.000000
8,1,25,4.4276544e+25,0.000000
8,5,42,4.4177438e+25,0.000000
9,2,14,4.3954322e+25,0.000000
8,-1,26,4.3626037e+25,0.000000
9,-2,5,4.3589714e+25,0.000000
8,4,40,4.346219e+25,0.000000
2,2,-36,4.3429776e+25,0.000000
8,4,-4,4.3429574e+25,0.000000
5,2,-26,4.2877555e+25,0.000000
8,-1,-7,4.2863308e+25,0.000000
10,-5,30,4.2714718e+25,0.000000
8,2,-16,4.2593737e+25,0.000000
7,1,36,4.2580915e+25,0.000000
10,6,24,4.2216292e+25,0.000000
8,4,41,4.2090947e+25,0.000000
7,-3,-5,4.174342e+25,0.000000
8,5,48,4.1595641e+25,0.000000
6,-3,-7,4.1397546e+25,0.000000
5,3,-28,4.1229086e+25,0.000000
10,-2,1,4.05663e+25,0.000000
8,4,42,4.0338812e+25,0.000000
7,3,53,4.0035563e+25,0.000000
10,7,41,4.0028628e+25,0.000000
8,3,42,3.9863469e+25,0.000000
7,-3,54,3.9719278e+25,0.000000
6,-6,-14,3.9699864e+25,0.000000
10,-6,53,3.9572243e+25,0.000000
8,1,-9,3.9483359e+25,0.000000
3,2,-36,3.9244712e+25,0.000000
7,1,-30,3.8999858e+25,0.000000
8,-4,47,3.8625854e+25,0.000000
8,2,-9,3.8285219e+25,0.000000
6,-1,-11,3.8070978e+25,0.000000
5,1,-42,3.795589e+25,0.000000
9,-5,49,3.7916576e+25,0.000000
8,5,49,3.7843653e+25,0.000000
5,-3,-33,3.7786318e+25,0.000000
8,4,43,3.7784627e+25,0.000000
10,-4,29,3.7549704e+25,0.000000
6,-4,-24,3.7331644e+25,0.000000
10,-3,9,3.7326146e+25,0.000000
3,3,-32,3.7299645e+25,0.000000
6,-1,-10,3.7253324e+25,0.000000
9,3,27,3.7216458e+25,0.000000
9,-4,-2,3.7160182e+25,0.000000
10,5,14,3.6580163e+25,0.000000
7,2,-20,3.6501706e+25,0.000000
2,1,-50,3.6371717e+25,0.000000
3,-3,-48,3.5995195e+25,0.000000
9,1,11,3.5853245e+25,0.000000
3,1,-48,3.5820047e+25,0.000000
4,-1,-45,3.5670884e+25,0.000000
8,-1,-5,3.5527856e+25,0.000000
7,-2,-18,3.5404108e+25,0.000000
6,-1,-12,3.5357262e+25,0.000000
6,-1,-6,3.5332111e+25,0.000000
6,0,-43,3.524786e+25,0.000000
6,0,43,3.524786e+25,0.000000
7,-1,-26,3.5240748e+25,0.000000
5,4,-16,3.4688285e+25,0.000000
8,4,44,3.4503391e+25,0.000000
6,1,49,3.416967e+25,0.000000
6,2,50,3.4058521e+25,0.000000
8,5,50,3.3943912e+25,0.000000
3,-2,-46,3.3899929e+25,0.000000
7,-5,-11,3.3581751e+25,0.000000
9,-3,29,3.3243934e+25,0.000000
8,-3,46,3.2897443e+25,0.000000
9,4,29,3.2659075e+25,0.000000
10,-5,31,3.2523403e+25,0.000000
4,3,-28,3.2459998e+25,0.000000
8,-1,-8,3.2420173e+25,0.000000
8,-2,35,3.2416538e+25,0.000000
5,5,-11,3.2349759e+25,0.000000
6,1,-35,3.2197458e+25,0.000000
6,-1,-9,3.2107293e+25,0.000000
10,7,42,3.2052787e+25,0.000000
7,-1,35,3.2050848e+25,0.000000
5,-4,-25,3.2009802e+25,0.000000
8,-4,48,3.1709819e+25,0.000000
6,3,-19,3.1681956e+25,0.000000
8,2,38,3.1654312e+25,0.000000
6,-2,52,3.1646247e+25,0.000000
8,2,-17,3.1600178e+25,0.000000
9,7,-6,3.151778e+25,0.000000
9,5,41,3.1332612e+25,0.000000
4,-3,-38,3.1106005e+25,0.000000
8,4,45,3.0757875e+25,0.000000
6,-1,-13,3.0552821e+25,0.000000
10,5,15,3.0412685e+25,0.000000
10,-3,10,3.014406e+25,0.000000
5,-5,-21,3.0081027e+25,0.000000
2,2,-37,2.9977735e+25,0.000000
9,-2,6,2.9885139e+25,0.000000
6,6,-7,2.9862869e+25,0.000000
10,4,16,2.9704652e+25,0.000000
8,5,51,2.9551459e+25,0.000000
8,3,43,2.9524524e+25,0.000000
9,-2,1,2.9255484e+25,0.000000
7,2,43,2.9063559e+25,0.000000
8,1,26,2.8566002e+25,0.000000
7,0,-21,2.8517009e+25,0.000000
7,0,21,2.8517009e+25,0.000000
7,3,54,2.8496377e+25,0.000000
6,-2,-29,2.8210578e+25,0.000000
10,-6,54,2.8187782e+25,0.000000
10,6,25,2.8086401e+25,0.000000
7,-2,44,2.8035534e+25,0.000000
4,-4,-34,2.7924923e+25,0.000000
5,0,-51,2.7735919e+25,0.000000
5,0,51,2.7735919e+25,0.000000
7,-3,55,2.7594813e+25,0.000000
3,-3,-49,2.7526795e+25,0.000000
6,2,-29,2.7521644e+25,0.000000
10,-4,30,2.736865e+25,0.000000
8,-1,27,2.7265251e+25,0.000000
7,3,-16,2.720619e+25,0.000000
6,4,-19,2.6950403e+25,0.000000
8,4,46,2.6838589e+25,0.000000
10,7,43,2.6838486e+25,0.000000
5,-1,-41,2.6750638e+25,0.000000
4,4,-23,2.6543214e+25,0.000000
10,5,16,2.6384609e+25,0.000000
10,-2,6,2.6202379e+25,0.000000
6,1,50,2.6013725e+25,0.000000
3,2,-37,2.5930142e+25,0.000000
9,2,15,2.5821944e+25,0.000000
2,1,-51,2.5799001e+25,0.000000
7,-3,-3,2.5765721e+25,0.000000
8,-4,49,2.5717772e+25,0.000000
8,5,52,2.5504371e+25,0.000000
7,1,-31,2.5376336e+25,0.000000
9,-4,30,2.5323754e+25,0.000000
10,-3,11,2.5311629e+25,0.000000
7,-3,-14,2.5221184e+25,0.000000
9,-5,50,2.5135564e+25,0.000000
6,-1,-14,2.4964571e+25,0.000000
5,3,-29,2.4433758e+25,0.000000
8,-2,-6,2.4369966e+25,0.000000
10,-5,32,2.4306227e+25,0.000000
9,6,46,2.4245082e+25,0.000000
7,-1,-27,2.4190744e+25,0.000000
10,5,17,2.4164528e+25,0.000000
6,-1,-8,2.414953e+25,0.000000
4,1,-44,2.393435e+25,0.000000
6,0,-44,2.3849988e+25,0.000000
6,0,44,2.3849988e+25,0.000000
3,1,-49,2.374098e+25,0.000000
6,-1,25,2.3581873e+25,0.000000
8,-3,47,2.3344907e+25,0.000000
10,4,22,2.3294619e+25,0.000000
10,5,21,2.3269858e+25,0.000000
10,5,18,2.3256687e+25,0.000000
10,5,20,2.3243677e+25,0.000000
10,4,21,2.3203797e+25,0.000000
9,-1,14,2.3184221e+25,0.000000
10,5,19,2.3113554e+25,0.000000
8,4,47,2.2990024e+25,0.000000
5,-3,-34,2.2963019e+25,0.000000
10,5,22,2.2951846e+25,0.000000
10,6,45,2.2796384e+25,0.000000
8,-2,36,2.2604516e+25,0.000000
8,2,-18,2.2558522e+25,0.000000
6,-6,-15,2.2363448e+25,0.000000
10,4,23,2.236252e+25,0.000000
10,7,44,2.2343944e+25,0.000000
5,-2,-27,2.2311119e+25,0.000000
10,4,17,2.2211479e+25,0.000000
10,4,20,2.2181949e+25,0.000000
10,5,23,2.2178057e+25,0.000000
3,-3,-50,2.217493e+25,0.000000
9,3,-2,2.2115167e+25,0.000000
6,3,-20,2.2062997e+25,0.000000
3,-2,-47,2.2062825e+25,0.000000
7,-2,-19,2.1967189e+25,0.000000
9,-2,7,2.196497e+25,0.000000
8,2,39,2.1964726e+25,0.000000
8,1,-10,2.1959817e+25,0.000000
8,5,53,2.1731949e+25,0.000000
8,3,44,2.1731738e+25,0.000000
10,-3,12,2.1716896e+25,0.000000
8,-2,-5,2.1703254e+25,0.000000
10,3,0,2.1551324e+25,0.000000
7,2,-21,2.1496491e+25,0.000000
9,9,-7,2.1389024e+25,0.000000
7,1,37,2.1383226e+25,0.000000
7,0,-22,2.129478e+25,0.000000
7,0,22,2.129478e+25,0.000000
9,5,42,2.1243878e+25,0.000000
8,-1,-9,2.1172554e+25,0.000000
10,-5,-2,2.115484e+25,0.000000
7,-2,-5,2.1027467e+25,0.000000
6,-4,-25,2.1010967e+25,0.000000
4,2,-31,2.1004994e+25,0.000000
7,0,-24,2.1002925e+25,0.000000
7,0,24,2.1002925e+25,0.000000
10,5,24,2.0941619e+25,0.000000
2,2,-38,2.0941543e+25,0.000000
7,-5,-12,2.0921737e+25,0.000000
7,0,-25,2.0790858e+25,0.000000
7,0,25,2.0790858e+25,0.000000
10,4,19,2.0765799e+25,0.000000
8,-4,50,2.0655662e+25,0.000000
10,4,24,2.0574769e+25,0.000000
6,-2,53,2.0551634e+25,0.000000
7,0,-23,2.0531188e+25,0.000000
7,0,23,2.0531188e+25,0.000000
5,1,-43,2.0515092e+25,0.000000
7,3,55,2.0196967e+25,0.000000
3,3,-33,2.0165425e+25,0.000000
8,6,-6,2.0138691e+25,0.000000
10,4,18,2.0128125e+25,0.000000
6,-1,-7,2.0087066e+25,0.000000
10,-6,55,2.0051054e+25,0.000000
4,2,-33,2.0042449e+25,0.000000
4,2,-34,1.9960475e+25,0.000000
2,1,-52,1.9884795e+25,0.000000
10,6,26,1.9831759e+25,0.000000
6,1,51,1.9741007e+25,0.000000
9,3,28,1.9736628e+25,0.000000
7,0,-26,1.9529646e+25,0.000000
7,0,26,1.9529646e+25,0.000000
4,-1,-46,1.9522534e+25,0.000000
6,-1,-15,1.9506676e+25,0.000000
10,-4,31,1.9498924e+25,0.000000
8,4,48,1.9388147e+25,0.000000
5,4,-17,1.9378366e+25,0.000000
10,5,25,1.9308436e+25,0.000000
9,1,12,1.9256794e+25,0.000000
6,1,-36,1.9236144e+25,0.000000
9,4,30,1.9186026e+25,0.000000
6,-2,55,1.9147998e+25,0.000000
9,4,-3,1.8909472e+25,0.000000
6,-3,-8,1.8796192e+25,0.000000
10,-3,13,1.8740087e+25,0.000000
3,-3,-51,1.868293e+25,0.000000
4,2,-32,1.8594366e+25,0.000000
4,3,-29,1.8532404e+25,0.000000
4,-3,-39,1.8495568e+25,0.000000
10,7,45,1.84933e+25,0.000000
4,-2,-28,1.847835e+25,0.000000
8,5,54,1.8313062e+25,0.000000
10,4,25,1.8211872e+25,0.000000
5,-5,-22,1.8087467e+25,0.000000
8,1,27,1.8051562e+25,0.000000
3,1,-50,1.8038498e+25,0.000000
4,2,-35,1.8023841e+25,0.000000
10,-5,33,1.7829337e+25,0.000000
5,-4,-26,1.7624308e+25,0.000000
7,0,-27,1.7462045e+25,0.000000
7,0,27,1.7462045e+25,0.000000
3,1,-55,1.7442865e+25,0.000000
6,2,51,1.7394161e+25,0.000000
10,5,26,1.7386216e+25,0.000000
7,2,44,1.7381227e+25,0.000000
5,2,-27,1.7331176e+25,0.000000
5,0,-52,1.7294794e+25,0.000000
5,0,52,1.7294794e+25,0.000000
9,-5,51,1.7226215e+25,0.000000
9,-7,-8,1.7134166e+25,0.000000
3,2,-38,1.7009189e+25,0.000000
10,2,4,1.6880839e+25,0.000000
10,2,1,1.6858208e+25,0.000000
9,6,47,1.6856854e+25,0.000000
9,-3,30,1.6749114e+25,0.000000
10,6,33,1.6729148e+25,0.000000
8,-1,28,1.6683885e+25,0.000000
2,1,-53,1.6662237e+25,0.000000
10,6,32,1.6631886e+25,0.000000
8,-3,48,1.6519826e+25,0.000000
8,-4,51,1.6465106e+25,0.000000
9,-2,8,1.6457502e+25,0.000000
7,-1,36,1.6451568e+25,0.000000
3,1,-54,1.6449573e+25,0.000000
7,1,-32,1.6391757e+25,0.000000
7,-1,-28,1.6389754e+25,0.000000
10,6,34,1.6349446e+25,0.000000
3,-3,-52,1.631115e+25,0.000000
7,-2,45,1.6264604e+25,0.000000
8,4,49,1.6139646e+25,0.000000
10,6,31,1.6091932e+25,0.000000
10,-3,14,1.6057466e+25,0.000000
6,0,-45,1.6048594e+25,0.000000
6,0,45,1.6048594e+25,0.000000
10,2,3,1.6040371e+25,0.000000
9,1,1,1.5992988e+25,0.000000
10,3,2,1.5972835e+25,0.000000
8,3,45,1.5907277e+25,0.000000
10,6,27,1.5777257e+25,0.000000
10,3,3,1.5740002e+25,0.000000
3,1,-51,1.5721644e+25,0.000000
10,5,-3,1.5649183e+25,0.000000
10,-2,7,1.5643132e+25,0.000000
8,-2,37,1.5624162e+25,0.000000
3,1,-53,1.5606761e+25,0.000000
8,2,-19,1.5589801e+25,0.000000
10,4,26,1.556765e+25,0.000000
10,6,35,1.5543852e+25,0.000000
10,-7,-7,1.5437979e+25,0.000000
10,7,46,1.5348703e+25,0.000000
10,5,27,1.5298142e+25,0.000000
8,5,55,1.5287456e+25,0.000000
10,9,-5,1.5287414e+25,0.000000
10,6,30,1.5267147e+25,0.000000
3,1,-52,1.5200584e+25,0.000000
8,2,40,1.5136979e+25,0.000000
6,3,-21,1.510482e+25,0.000000
4,2,-36,1.507762e+25,0.000000
6,4,-20,1.5008871e+25,0.000000
2,1,-54,1.49875e+25,0.000000
7,0,-28,1.4975955e+25,0.000000
7,0,28,1.4975955e+25,0.000000
2,2,-39,1.4945858e+25,0.000000
6,1,52,1.4937333e+25,0.000000
6,-1,-16,1.4694965e+25,0.000000
5,-1,-42,1.4675135e+25,0.000000
3,-3,-53,1.4621301e+25,0.000000
9,2,16,1.4607377e+25,0.000000
3,-2,-48,1.4570437e+25,0.000000
4,-4,-35,1.4539062e+25,0.000000
10,6,29,1.4516267e+25,0.000000
5,3,-30,1.4451985e+25,0.000000
10,6,36,1.4403353e+25,0.000000
10,6,28,1.4379345e+25,0.000000
9,5,43,1.4236982e+25,0.000000
9,8,-6,1.4190026e+25,0.000000
2,1,-55,1.4187319e+25,0.000000
9,-1,19,1.4049432e+25,0.000000
5,-3,-35,1.3934689e+25,0.000000
9,-4,31,1.3835412e+25,0.000000
5,5,-12,1.3758495e+25,0.000000
9,-1,15,1.3735578e+25,0.000000
9,-1,18,1.3725633e+25,0.000000
10,-4,32,1.3590146e+25,0.000000
10,-3,15,1.3533888e+25,0.000000
9,-1,20,1.3412347e+25,0.000000
6,-2,-30,1.3389406e+25,0.000000
7,-2,-20,1.3358167e+25,0.000000
3,-3,-54,1.3352474e+25,0.000000
10,10,-6,1.3306612e+25,0.000000
8,4,50,1.329428e+25,0.000000
10,5,28,1.3163323e+25,0.000000
8,-4,52,1.3052101e+25,0.000000
10,6,37,1.3038562e+25,0.000000
4,4,-24,1.2974548e+25,0.000000
10,4,27,1.2893848e+25,0.000000
10,-5,34,1.2834815e+25,0.000000
6,2,-30,1.2792104e+25,0.000000
6,-3,-12,1.2650009e+25,0.000000
9,-1,17,1.2624531e+25,0.000000
8,1,-3,1.262281e+25,0.000000
8,-2,-7,1.2605364e+25,0.000000
7,2,-22,1.2413706e+25,0.000000
7,0,-29,1.241065e+25,0.000000
7,0,29,1.241065e+25,0.000000
6,-6,-16,1.2397382e+25,0.000000
9,6,48,1.2392907e+25,0.000000
10,2,5,1.2390211e+25,0.000000
9,-6,-7,1.235338e+25,0.000000
3,-3,-55,1.2347456e+25,0.000000
7,-5,-13,1.2344948e+25,0.000000
4,1,-45,1.2321872e+25,0.000000
6,-3,-13,1.2320656e+25,0.000000
9,-5,52,1.2264325e+25,0.000000
9,-2,9,1.2241109e+25,0.000000
8,-1,-10,1.219572e+25,0.000000
9,-1,21,1.2031651e+25,0.000000
6,-1,26,1.2016552e+25,0.000000
10,-2,8,1.200061e+25,0.000000
9,6,-5,1.1984312e+25,0.000000
10,3,4,1.1923323e+25,0.000000
4,2,-37,1.1916362e+25,0.000000
6,-3,-11,1.1909153e+25,0.000000
6,-4,-26,1.1812566e+25,0.000000
9,-1,16,1.1786857e+25,0.000000
4,-1,-47,1.1764127e+25,0.000000
7,-3,-15,1.1717045e+25,0.000000
8,-3,49,1.166415e+25,0.000000
10,8,-6,1.1595429e+25,0.000000
8,3,46,1.1590095e+25,0.000000
10,6,38,1.1551187e+25,0.000000
6,1,-37,1.1415443e+25,0.000000
10,-2,10,1.1323785e+25,0.000000
6,1,53,1.12682e+25,0.000000
10,-2,11,1.1257886e+25,0.000000
6,-3,-9,1.1250189e+25,0.000000
10,-2,9,1.123809e+25,0.000000
8,1,-11,1.1194316e+25,0.000000
8,1,28,1.116953e+25,0.000000
10,-3,16,1.1147427e+25,0.000000
6,-3,-14,1.1107043e+25,0.000000
5,1,-44,1.1101499e+25,0.000000
10,5,29,1.108383e+25,0.000000
3,2,-39,1.1083358e+25,0.000000
8,-1,-4,1.106992e+25,0.000000
7,3,-17,1.1068218e+25,0.000000
9,4,31,1.1005238e+25,0.000000
4,-3,-40,1.0993631e+25,0.000000
7,-1,-29,1.0980633e+25,0.000000
2,2,-40,1.097897e+25,0.000000
5,-5,-23,1.0954386e+25,0.000000
3,3,-34,1.0952896e+25,0.000000
5,-2,-28,1.0839898e+25,0.000000
5,0,-53,1.0810831e+25,0.000000
5,0,53,1.0810831e+25,0.000000
5,4,-18,1.0766124e+25,0.000000
6,-1,-17,1.0738695e+25,0.000000
6,0,-46,1.0735011e+25,0.000000
6,0,46,1.0735011e+25,0.000000
8,-2,38,1.0714871e+25,0.000000
6,-3,-10,1.0677993e+25,0.000000
10,-2,12,1.0667863e+25,0.000000
4,3,-30,1.0595575e+25,0.000000
7,1,-33,1.0518556e+25,0.000000
8,2,-20,1.0478238e+25,0.000000
10,4,28,1.0375425e+25,0.000000
8,2,41,1.0367326e+25,0.000000
7,1,38,1.0359446e+25,0.000000
8,5,-5,1.0342831e+25,0.000000
8,-4,53,1.030825e+25,0.000000
7,2,45,1.0262412e+25,0.000000
9,-1,22,1.0240383e+25,0.000000
6,3,-22,1.0188002e+25,0.000000
10,7,48,1.0144851e+25,0.000000
9,3,29,1.0137903e+25,0.000000
10,6,39,1.0035838e+25,0.000000
7,0,-30,9.9988809e+24,0.000000
7,0,30,9.9988809e+24,0.000000
8,-1,29,9.9893231e+24,0.000000
10,-3,1,9.9223553e+24,0.000000
3,-2,-49,9.8654381e+24,0.000000
5,-4,-27,9.6810655e+24,0.000000
10,-2,13,9.548624e+24,0.000000
9,-3,31,9.4833937e+24,0.000000
6,2,52,9.4657558e+24,0.000000
9,5,44,9.4466004e+24,0.000000
7,5,-6,9.4104531e+24,0.000000
6,-3,-15,9.4089234e+24,0.000000
9,1,13,9.3773124e+24,0.000000
7,-2,46,9.3053904e+24,0.000000
10,-4,33,9.2713324e+24,0.000000
10,5,30,9.1390462e+24,0.000000
9,-5,53,9.0697448e+24,0.000000
10,-5,35,9.0646069e+24,0.000000
4,2,-38,9.0228853e+24,0.000000
10,-3,17,8.9330532e+24,0.000000
9,-2,10,8.8931539e+24,0.000000
8,4,52,8.8163107e+24,0.000000
10,3,5,8.7747516e+24,0.000000
10,6,40,8.5744882e+24,0.000000
9,2,17,8.542528e+24,0.000000
5,3,-31,8.5351845e+24,0.000000
6,1,54,8.4734725e+24,0.000000
5,-3,-36,8.4434028e+24,0.000000
8,3,47,8.4096462e+24,0.000000
10,-3,0,8.3935358e+24,0.000000
9,-1,23,8.3401996e+24,0.000000
2,2,-41,8.3340601e+24,0.000000
6,4,-21,8.3140492e+24,0.000000
5,2,-28,8.3113457e+24,0.000000
8,-3,50,8.2217166e+24,0.000000
7,-1,37,8.1781332e+24,0.000000
10,4,29,8.1290315e+24,0.000000
8,-4,54,8.1246452e+24,0.000000
10,-2,14,8.0727423e+24,0.000000
4,-1,-48,8.0608284e+24,0.000000
5,-1,-43,8.0099677e+24,0.000000
10,7,49,7.9990981e+24,0.000000
7,-2,-21,7.9706041e+24,0.000000
7,0,-31,7.8703042e+24,0.000000
7,0,31,7.8703042e+24,0.000000
6,-1,-18,7.6493113e+24,0.000000
4,-4,-36,7.6367888e+24,0.000000
9,-4,32,7.6071771e+24,0.000000
10,2,6,7.6037206e+24,0.000000
6,-3,-16,7.586466e+24,0.000000
7,5,-8,7.4558942e+24,0.000000
10,5,31,7.3816532e+24,0.000000
8,-2,39,7.2969562e+24,0.000000
5,-2,-29,7.2918272e+24,0.000000
7,-1,-30,7.2862367e+24,0.000000
10,6,41,7.1882073e+24,0.000000
3,2,-40,7.1772173e+24,0.000000
6,0,-47,7.1345832e+24,0.000000
6,0,47,7.1345832e+24,0.000000
8,4,53,7.1269169e+24,0.000000
8,2,42,7.0601138e+24,0.000000
7,2,-23,7.030666e+24,0.000000
7,-5,-14,7.0014253e+24,0.000000
10,-3,18,6.9427824e+24,0.000000
9,-5,54,6.9332923e+24,0.000000
3,-2,-50,6.9299541e+24,0.000000
8,2,-21,6.8747462e+24,0.000000
5,0,-54,6.8396734e+24,0.000000
5,0,54,6.8396734e+24,0.000000
6,-6,-17,6.8106058e+24,0.000000
9,-3,32,6.7862031e+24,0.000000
6,3,-23,6.783211e+24,0.000000
8,1,29,6.7624929e+24,0.000000
10,3,6,6.7441826e+24,0.000000
6,1,-38,6.7220079e+24,0.000000
7,1,-34,6.7095412e+24,0.000000
8,4,51,6.6740474e+24,0.000000
5,-5,-24,6.6711013e+24,0.000000
4,1,-46,6.6599997e+24,0.000000
6,-4,-27,6.6336002e+24,0.000000
4,2,-39,6.6103394e+24,0.000000
9,-1,24,6.5446105e+24,0.000000
2,2,-42,6.5363063e+24,0.000000
4,-3,-41,6.5315303e+24,0.000000
10,-2,15,6.4607818e+24,0.000000
7,-5,-7,6.4513069e+24,0.000000
8,-4,55,6.4001085e+24,0.000000
9,4,32,6.3778851e+24,0.000000
10,7,50,6.3546124e+24,0.000000
4,4,-25,6.3471625e+24,0.000000
6,2,53,6.3414349e+24,0.000000
10,3,13,6.3400702e+24,0.000000
5,-2,-30,6.3052647e+24,0.000000
8,-6,-8,6.2972919e+24,0.000000
8,-1,-11,6.2810416e+24,0.000000
10,-5,36,6.2776756e+24,0.000000
9,-2,11,6.2442911e+24,0.000000
10,3,14,6.2432812e+24,0.000000
9,5,45,6.2221158e+24,0.000000
4,-1,-49,6.2135908e+24,0.000000
10,4,30,6.2114058e+24,0.000000
10,-4,34,6.192534e+24,0.000000
9,2,23,6.1661405e+24,0.000000
10,3,12,6.1513615e+24,0.000000
6,2,55,6.1445632e+24,0.000000
9,2,22,6.1269986e+24,0.000000
6,-2,-31,6.1247677e+24,0.000000
5,5,-13,6.095686e+24,0.000000
5,1,-45,6.0924335e+24,0.000000
8,3,48,6.0813229e+24,0.000000
7,0,-32,6.0757766e+24,0.000000
7,0,32,6.0757766e+24,0.000000
4,3,-31,6.0669792e+24,0.000000
9,-3,33,6.0639214e+24,0.000000
9,-3,34,5.9855958e+24,0.000000
7,2,46,5.9792359e+24,0.000000
3,3,-35,5.9773441e+24,0.000000
6,1,55,5.95696e+24,0.000000
9,-3,35,5.9472933e+24,0.000000
5,4,-19,5.9464439e+24,0.000000
10,6,42,5.9412264e+24,0.000000
9,2,24,5.9236606e+24,0.000000
6,-1,27,5.9034845e+24,0.000000
9,-1,-9,5.8869681e+24,0.000000
9,2,18,5.8830072e+24,0.000000
6,-3,-17,5.8806039e+24,0.000000
5,-2,-31,5.8692952e+24,0.000000
10,3,15,5.8597557e+24,0.000000
8,-1,30,5.8465913e+24,0.000000
10,5,32,5.8429462e+24,0.000000
9,2,21,5.8173824e+24,0.000000
8,-3,51,5.7879903e+24,0.000000
10,3,11,5.7547547e+24,0.000000
8,4,54,5.7434795e+24,0.000000
9,-3,36,5.7359701e+24,0.000000
6,2,-31,5.7297809e+24,0.000000
10,2,12,5.7212756e+24,0.000000
4,-2,-29,5.72076e+24,0.000000
6,2,54,5.6830599e+24,0.000000
9,-1,-10,5.6523322e+24,0.000000
10,2,13,5.583852e+24,0.000000
10,3,7,5.5647701e+24,0.000000
8,1,-12,5.5284378e+24,0.000000
7,5,-9,5.4758158e+24,0.000000
5,2,-29,5.4695688e+24,0.000000
9,2,25,5.4561915e+24,0.000000
10,2,2,5.4201266e+24,0.000000
9,-5,55,5.4114648e+24,0.000000
9,2,20,5.3813734e+24,0.000000
5,-2,-32,5.3714985e+24,0.000000
10,2,11,5.3465478e+24,0.000000
6,-1,-19,5.331675e+24,0.000000
9,-3,37,5.3273104e+24,0.000000
5,-4,-28,5.303538e+24,0.000000
10,3,10,5.3029161e+24,0.000000
9,3,30,5.2780005e+24,0.000000
2,2,-43,5.2763206e+24,0.000000
7,-2,47,5.249985e+24,0.000000
10,3,16,5.2455874e+24,0.000000
10,-3,19,5.2207249e+24,0.000000
7,-1,-2,5.2107494e+24,0.000000
9,2,19,5.1800173e+24,0.000000
4,-1,-50,5.1549345e+24,0.000000
7,-3,-16,5.124236e+24,0.000000
5,-3,-37,5.1070012e+24,0.000000
3,-2,-51,5.1042325e+24,0.000000
5,3,-32,5.0347526e+24,0.000000
10,3,8,5.0288735e+24,0.000000
10,7,51,5.0268491e+24,0.000000
10,2,14,5.0225782e+24,0.000000
10,3,9,4.994993e+24,0.000000
9,-1,25,4.9753468e+24,0.000000
10,3,1,4.9489958e+24,0.000000
9,-1,-8,4.9459896e+24,0.000000
8,-2,40,4.9380781e+24,0.000000
7,4,-5,4.908359e+24,0.000000
10,-2,16,4.9055059e+24,0.000000
10,7,-5,4.8560511e+24,0.000000
7,1,39,4.8478962e+24,0.000000
9,2,26,4.8441259e+24,0.000000
10,6,43,4.8423357e+24,0.000000
9,1,-4,4.8373691e+24,0.000000
7,-1,-31,4.7940489e+24,0.000000
8,2,43,4.7825309e+24,0.000000
9,-3,38,4.773622e+24,0.000000
5,-2,-33,4.7230761e+24,0.000000
4,2,-40,4.7195273e+24,0.000000
9,-1,-11,4.7123932e+24,0.000000
6,0,-48,4.7082234e+24,0.000000
6,0,48,4.7082234e+24,0.000000
7,-2,-22,4.6699741e+24,0.000000
6,-5,-10,4.6669472e+24,0.000000
10,-4,-2,4.6453741e+24,0.000000
8,4,55,4.6313064e+24,0.000000
3,2,-41,4.6205886e+24,0.000000
7,0,-33,4.6145972e+24,0.000000
7,0,33,4.6145972e+24,0.000000
5,2,-30,4.5999355e+24,0.000000
6,4,-22,4.5820018e+24,0.000000
10,2,10,4.5510259e+24,0.000000
10,2,7,4.5343998e+24,0.000000
10,5,33,4.5328541e+24,0.000000
9,-4,33,4.5222263e+24,0.000000
10,4,31,4.5145552e+24,0.000000
10,3,17,4.4868798e+24,0.000000
8,1,0,4.4680479e+24,0.000000
6,3,-24,4.4661282e+24,0.000000
5,0,-55,4.4470303e+24,0.000000
5,0,55,4.4470303e+24,0.000000
8,2,-22,4.4160804e+24,0.000000
6,-3,-18,4.4157212e+24,0.000000
4,-1,-51,4.4004225e+24,0.000000
8,-1,0,4.4002661e+24,0.000000
9,1,14,4.3942734e+24,0.000000
8,3,49,4.3856624e+24,0.000000
5,-1,-44,4.3789478e+24,0.000000
2,2,-44,4.3577788e+24,0.000000
7,3,-4,4.3424022e+24,0.000000
8,-2,-13,4.3053424e+24,0.000000
7,3,-18,4.2663629e+24,0.000000
10,-5,37,4.2602618e+24,0.000000
7,1,-35,4.2556364e+24,0.000000
9,-1,-4,4.250238e+24,0.000000
9,-2,12,4.2071682e+24,0.000000
10,2,15,4.2050899e+24,0.000000
5,2,-31,4.1679247e+24,0.000000
9,2,27,4.1655629e+24,0.000000
8,-2,-8,4.145475e+24,0.000000
9,-3,39,4.1452073e+24,0.000000
7,-4,-10,4.0907097e+24,0.000000
9,5,46,4.0845658e+24,0.000000
5,-5,-25,4.0804649e+24,0.000000
8,-3,52,4.0709513e+24,0.000000
4,-4,-37,4.0688029e+24,0.000000
8,-2,-12,4.0558691e+24,0.000000
10,-4,35,4.0498745e+24,0.000000
8,-2,-14,4.0150791e+24,0.000000
9,4,33,4.013371e+24,0.000000
8,4,-7,4.0042841e+24,0.000000
8,1,30,4.0020435e+24,0.000000
5,-2,-34,3.9911929e+24,0.000000
3,-2,-52,3.9646301e+24,0.000000
4,1,-47,3.9632132e+24,0.000000
6,-5,-9,3.9586239e+24,0.000000
10,7,52,3.9553057e+24,0.000000
6,-5,-11,3.9398135e+24,0.000000
7,-4,-11,3.9376992e+24,0.000000
6,1,-39,3.9223705e+24,0.000000
7,-1,38,3.9210046e+24,0.000000
10,6,44,3.9077909e+24,0.000000
7,2,-24,3.9045428e+24,0.000000
4,-3,-42,3.8787431e+24,0.000000
7,-5,-15,3.8494888e+24,0.000000
9,1,-9,3.8349261e+24,0.000000
10,-3,20,3.7904945e+24,0.000000
8,3,-3,3.7735076e+24,0.000000
4,-1,-52,3.7538251e+24,0.000000
6,-6,-18,3.7242982e+24,0.000000
5,2,-32,3.7212944e+24,0.000000
6,-4,-28,3.7209281e+24,0.000000
10,2,9,3.6953946e+24,0.000000
9,6,51,3.6910745e+24,0.000000
9,-1,26,3.6800543e+24,0.000000
10,3,18,3.6743062e+24,0.000000
2,2,-45,3.6585439e+24,0.000000
6,-1,-20,3.6480209e+24,0.000000
9,-1,-12,3.5393358e+24,0.000000
10,-2,17,3.5385584e+24,0.000000
7,-4,-9,3.5295313e+24,0.000000
9,-3,40,3.5042386e+24,0.000000
9,1,-10,3.4928372e+24,0.000000
9,2,28,3.4837767e+24,0.000000
9,1,-8,3.4834261e+24,0.000000
4,3,-32,3.479279e+24,0.000000
5,1,-46,3.4631635e+24,0.000000
7,0,-34,3.4568151e+24,0.000000
7,0,34,3.4568151e+24,0.000000
10,5,34,3.4462038e+24,0.000000
7,2,47,3.4383597e+24,0.000000
10,2,8,3.4255153e+24,0.000000
8,-2,-15,3.418941e+24,0.000000
10,4,32,3.379277e+24,0.000000
7,-4,-12,3.3787505e+24,0.000000
8,-1,31,3.3408892e+24,0.000000
8,-2,41,3.3229029e+24,0.000000
4,2,-41,3.3029201e+24,0.000000
10,2,16,3.3020469e+24,0.000000
3,3,-36,3.2780858e+24,0.000000
5,4,-20,3.2645883e+24,0.000000
5,-2,-35,3.2602054e+24,0.000000
3,-2,-53,3.242198e+24,0.000000
6,-3,-19,3.2310587e+24,0.000000
8,2,44,3.2232218e+24,0.000000
5,2,-33,3.1976879e+24,0.000000
9,-4,34,3.1932206e+24,0.000000
10,7,53,3.1836173e+24,0.000000
8,3,50,3.1561144e+24,0.000000
4,-1,-53,3.1526026e+24,0.000000
8,-2,-11,3.1468104e+24,0.000000
7,-1,-32,3.1308869e+24,0.000000
7,4,-9,3.1216206e+24,0.000000
7,5,-10,3.1206499e+24,0.000000
8,1,-13,3.1170124e+24,0.000000
4,4,-26,3.1076761e+24,0.000000
2,2,-46,3.1040121e+24,0.000000
9,3,31,3.0935417e+24,0.000000
5,-3,-38,3.0834191e+24,0.000000
6,0,-49,3.0833997e+24,0.000000
6,0,49,3.0833997e+24,0.000000
9,4,39,3.0814148e+24,0.000000
9,4,38,3.0431752e+24,0.000000
9,4,40,3.0221813e+24,0.000000
8,-1,-12,3.018869e+24,0.000000
9,4,34,3.0000216e+24,0.000000
5,3,-33,2.9668518e+24,0.000000
3,2,-42,2.9585265e+24,0.000000
8,1,-17,2.9468592e+24,0.000000
7,-2,48,2.9273092e+24,0.000000
9,4,37,2.9205395e+24,0.000000
6,3,-25,2.9126322e+24,0.000000
5,-4,-29,2.8961871e+24,0.000000
9,-3,41,2.8959779e+24,0.000000
6,-5,-12,2.8946886e+24,0.000000
8,1,-18,2.8944706e+24,0.000000
10,3,19,2.8852222e+24,0.000000
9,4,41,2.8756415e+24,0.000000
7,4,-10,2.8669157e+24,0.000000
8,-3,53,2.8608315e+24,0.000000
9,2,29,2.8432432e+24,0.000000
9,-1,-7,2.8341294e+24,0.000000
10,-5,38,2.830623e+24,0.000000
5,5,-14,2.8270043e+24,0.000000
8,1,-16,2.8075357e+24,0.000000
9,1,-11,2.805612e+24,0.000000
6,-1,28,2.792821e+24,0.000000
8,2,-23,2.7842797e+24,0.000000
9,4,36,2.7724641e+24,0.000000
3,-2,-54,2.7685387e+24,0.000000
9,-4,38,2.7569454e+24,0.000000
9,-4,35,2.7541995e+24,0.000000
9,1,19,2.7442025e+24,0.000000
9,-4,37,2.7406902e+24,0.000000
8,-2,-16,2.7219227e+24,0.000000
9,4,35,2.7172335e+24,0.000000
9,-2,13,2.7077127e+24,0.000000
9,-4,39,2.696018e+24,0.000000
9,-4,36,2.6956252e+24,0.000000
9,5,47,2.6876461e+24,0.000000
7,-2,-23,2.6872556e+24,0.000000
4,1,-48,2.6861419e+24,0.000000
7,1,-36,2.6845458e+24,0.000000
7,-4,-13,2.6818154e+24,0.000000
9,1,20,2.6760937e+24,0.000000
7,4,-8,2.6750048e+24,0.000000
8,1,-19,2.6719566e+24,0.000000
6,-2,-32,2.6656623e+24,0.000000
9,4,42,2.6630118e+24,0.000000
9,-1,27,2.657758e+24,0.000000
8,-1,-3,2.6547461e+24,0.000000
10,-3,21,2.6519568e+24,0.000000
2,2,-47,2.6490149e+24,0.000000
5,2,-34,2.6438606e+24,0.000000
9,1,18,2.6053646e+24,0.000000
10,-4,36,2.5930467e+24,0.000000
5,-2,-36,2.5899507e+24,0.000000
4,-1,-54,2.5896607e+24,0.000000
10,5,35,2.566954e+24,0.000000
7,0,-35,2.5592991e+24,0.000000
7,0,35,2.5592991e+24,0.000000
8,1,-15,2.5556073e+24,0.000000
9,-4,40,2.5543382e+24,0.000000
10,6,46,2.5432007e+24,0.000000
6,4,-23,2.5131557e+24,0.000000
5,-5,-26,2.5042354e+24,0.000000
8,1,-14,2.4639061e+24,0.000000
6,-1,-21,2.4567025e+24,0.000000
9,1,15,2.4492671e+24,0.000000
10,2,17,2.4447863e+24,0.000000
9,-1,-13,2.4425571e+24,0.000000
6,2,-32,2.4417656e+24,0.000000
9,1,21,2.4416192e+24,0.000000
3,-2,-55,2.4399977e+24,0.000000
5,-1,-45,2.4293205e+24,0.000000
10,-2,18,2.4259536e+24,0.000000
10,7,54,2.4086669e+24,0.000000
9,4,43,2.4074953e+24,0.000000
9,6,52,2.3854561e+24,0.000000
9,-4,41,2.348884e+24,0.000000
10,4,33,2.3478517e+24,0.000000
9,-3,42,2.3476752e+24,0.000000
7,4,-11,2.3404337e+24,0.000000
8,1,-20,2.3392973e+24,0.000000
6,-3,-20,2.3145458e+24,0.000000
8,1,31,2.3120993e+24,0.000000
9,1,17,2.3063754e+24,0.000000
4,-3,-43,2.3026783e+24,0.000000
9,3,32,2.2899882e+24,0.000000
4,2,-42,2.2778644e+24,0.000000
9,2,30,2.2707589e+24,0.000000
9,1,-7,2.2704839e+24,0.000000
8,3,51,2.2677375e+24,0.000000
2,2,-48,2.2662805e+24,0.000000
6,1,-40,2.2640661e+24,0.000000
7,1,40,2.2361786e+24,0.000000
9,3,35,2.2288545e+24,0.000000
8,-2,42,2.2243823e+24,0.000000
4,-4,-38,2.2194151e+24,0.000000
9,3,36,2.2170268e+24,0.000000
10,3,20,2.174653e+24,0.000000
9,3,34,2.1722349e+24,0.000000
8,2,45,2.1614224e+24,0.000000
7,-4,-8,2.1480973e+24,0.000000
9,4,44,2.1311506e+24,0.000000
9,3,33,2.1271439e+24,0.000000
7,2,-25,2.1248425e+24,0.000000
9,3,37,2.1214682e+24,0.000000
5,2,-35,2.1148467e+24,0.000000
9,1,22,2.1085282e+24,0.000000
9,-4,42,2.1031344e+24,0.000000
5,1,-47,2.0966799e+24,0.000000
7,-3,-17,2.0942399e+24,0.000000
6,-4,-29,2.0840696e+24,0.000000
9,1,16,2.0759826e+24,0.000000
4,-1,-55,2.0735826e+24,0.000000
7,-5,-16,2.0625716e+24,0.000000
8,-2,-17,2.0575341e+24,0.000000
4,1,-49,2.0533752e+24,0.000000
9,1,-12,2.0518056e+24,0.000000
6,-6,-19,2.0331806e+24,0.000000
7,-1,-33,2.0308973e+24,0.000000
7,-4,-14,2.012555e+24,0.000000
5,-2,-37,2.0112864e+24,0.000000
8,-3,54,2.0095245e+24,0.000000
6,0,-50,2.0030497e+24,0.000000
6,0,50,2.0030497e+24,0.000000
4,3,-33,1.9982932e+24,0.000000
6,-5,-13,1.9982629e+24,0.000000
10,6,47,1.9966305e+24,0.000000
8,1,-21,1.9592782e+24,0.000000
7,2,48,1.9583193e+24,0.000000
10,6,48,1.9576955e+24,0.000000
9,3,38,1.9568299e+24,0.000000
2,2,-49,1.9391388e+24,0.000000
3,2,-43,1.8852104e+24,0.000000
6,3,-26,1.8842175e+24,0.000000
9,-1,28,1.8789221e+24,0.000000
8,-2,-10,1.8760246e+24,0.000000
7,0,-36,1.875867e+24,0.000000
7,0,36,1.875867e+24,0.000000
9,-3,43,1.8726547e+24,0.000000
10,5,36,1.8723677e+24,0.000000
8,-1,32,1.8616769e+24,0.000000
5,-3,-39,1.8578263e+24,0.000000
10,7,55,1.8570191e+24,0.000000
9,4,45,1.8520173e+24,0.000000
9,-4,43,1.8396612e+24,0.000000
10,-5,39,1.8395752e+24,0.000000
10,10,-7,1.8195641e+24,0.000000
7,-1,39,1.8146127e+24,0.000000
3,3,-37,1.8071692e+24,0.000000
9,5,48,1.7875993e+24,0.000000
10,-3,22,1.7841624e+24,0.000000
7,4,-12,1.7833213e+24,0.000000
5,4,-21,1.7814277e+24,0.000000
9,2,31,1.7787147e+24,0.000000
9,3,39,1.7476596e+24,0.000000
5,3,-34,1.7467112e+24,0.000000
9,1,23,1.7401533e+24,0.000000
8,2,-24,1.7264069e+24,0.000000
8,4,-8,1.7167141e+24,0.000000
4,-2,-30,1.7124631e+24,0.000000
10,2,18,1.7121108e+24,0.000000
4,1,-50,1.6926665e+24,0.000000
7,1,-37,1.6842528e+24,0.000000
7,5,-11,1.680396e+24,0.000000
10,4,34,1.6799195e+24,0.000000
9,-2,14,1.6634244e+24,0.000000
2,2,-50,1.6570051e+24,0.000000
6,6,-9,1.654557e+24,0.000000
10,9,-6,1.6484037e+24,0.000000
5,2,-36,1.6463491e+24,0.000000
8,-1,-18,1.6427791e+24,0.000000
8,0,-3,1.638583e+24,0.000000
8,0,3,1.638583e+24,0.000000
6,-1,-22,1.631966e+24,0.000000
7,3,-19,1.6309682e+24,0.000000
8,-1,-17,1.6292825e+24,0.000000
6,-3,-21,1.6291771e+24,0.000000
8,3,52,1.6275916e+24,0.000000
7,-2,49,1.6255352e+24,0.000000
10,-4,37,1.6254336e+24,0.000000
9,6,53,1.6209757e+24,0.000000
8,-1,-13,1.5921224e+24,0.000000
8,3,-8,1.5883965e+24,0.000000
9,4,46,1.5842031e+24,0.000000
8,1,-22,1.5812879e+24,0.000000
10,-2,19,1.5795662e+24,0.000000
9,-4,44,1.5768229e+24,0.000000
5,-4,-30,1.5754864e+24,0.000000
10,3,21,1.5737243e+24,0.000000
9,-1,-14,1.5651687e+24,0.000000
4,2,-43,1.5566309e+24,0.000000
8,-1,-19,1.5466027e+24,0.000000
8,0,-4,1.5442284e+24,0.000000
8,0,4,1.5442284e+24,0.000000
5,-5,-27,1.5410973e+24,0.000000
5,-2,-38,1.5330548e+24,0.000000
4,4,-27,1.5230177e+24,0.000000
7,-2,-24,1.5182739e+24,0.000000
9,3,40,1.5182563e+24,0.000000
8,3,-7,1.5121486e+24,0.000000
8,-1,-16,1.4968403e+24,0.000000
9,-1,-5,1.4953127e+24,0.000000
8,-2,-18,1.492516e+24,0.000000
8,-2,43,1.4818311e+24,0.000000
9,-3,44,1.4733861e+24,0.000000
7,-4,-15,1.4480683e+24,0.000000
8,2,46,1.4418088e+24,0.000000
4,1,-51,1.4369136e+24,0.000000
8,-2,-9,1.4194754e+24,0.000000
2,2,-51,1.4128135e+24,0.000000
10,3,-1,1.411675e+24,0.000000
8,-3,55,1.4100213e+24,0.000000
5,-1,-46,1.3969542e+24,0.000000
9,1,-13,1.3891445e+24,0.000000
5,1,-48,1.3847575e+24,0.000000
9,1,24,1.3827633e+24,0.000000
8,-1,-20,1.3756879e+24,0.000000
6,4,-24,1.3724837e+24,0.000000
5,5,-15,1.3694316e+24,0.000000
9,2,32,1.3691007e+24,0.000000
4,-3,-44,1.3671108e+24,0.000000
7,0,-37,1.3631123e+24,0.000000
7,0,37,1.3631123e+24,0.000000
6,-5,-14,1.3424427e+24,0.000000
7,-2,-2,1.341263e+24,0.000000
10,5,37,1.33648e+24,0.000000
9,4,47,1.3344407e+24,0.000000
9,-4,45,1.3278145e+24,0.000000
8,3,-9,1.3176699e+24,0.000000
9,1,-5,1.313599e+24,0.000000
7,-1,-34,1.3092608e+24,0.000000
9,-1,29,1.3034334e+24,0.000000
8,1,32,1.3024621e+24,0.000000
8,-1,-15,1.3003077e+24,0.000000
7,4,-13,1.2982902e+24,0.000000
6,1,-41,1.2899345e+24,0.000000
9,3,41,1.288309e+24,0.000000
6,-1,29,1.2817298e+24,0.000000
6,0,-51,1.271634e+24,0.000000
6,0,51,1.271634e+24,0.000000
4,-4,-39,1.2557313e+24,0.000000
5,2,-37,1.2535973e+24,0.000000
8,1,-23,1.2370421e+24,0.000000
4,1,-52,1.2193011e+24,0.000000
8,-1,-14,1.2135375e+24,0.000000
9,5,49,1.2134951e+24,0.000000
9,-3,-2,1.2129418e+24,0.000000
6,3,-27,1.2106888e+24,0.000000
6,6,-10,1.2051348e+24,0.000000
2,2,-52,1.201401e+24,0.000000
3,2,-44,1.1967763e+24,0.000000
10,-5,40,1.1683895e+24,0.000000
8,-1,-21,1.1681357e+24,0.000000
8,3,53,1.1672365e+24,0.000000
6,-4,-30,1.1654082e+24,0.000000
7,4,-7,1.1649833e+24,0.000000
10,-3,23,1.1516613e+24,0.000000
5,-2,-39,1.1505531e+24,0.000000
4,3,-34,1.1493166e+24,0.000000
9,-3,45,1.1460996e+24,0.000000
10,4,35,1.1456014e+24,0.000000
10,2,19,1.1355477e+24,0.000000
7,2,-26,1.1316833e+24,0.000000
6,-3,-22,1.1301657e+24,0.000000
9,6,54,1.1284036e+24,0.000000
5,-3,-40,1.1172179e+24,0.000000
7,2,49,1.113056e+24,0.000000
9,4,48,1.1103075e+24,0.000000
6,-6,-20,1.1102681e+24,0.000000
9,-4,46,1.1009702e+24,0.000000
10,3,22,1.0928971e+24,0.000000
7,1,41,1.0928258e+24,0.000000
6,-2,-33,1.0815583e+24,0.000000
7,-5,-17,1.0803877e+24,0.000000
9,-8,-9,1.0765313e+24,0.000000
9,3,42,1.0714558e+24,0.000000
6,-1,-23,1.07137e+24,0.000000
9,1,25,1.0641132e+24,0.000000
4,2,-44,1.0613025e+24,0.000000
8,2,-25,1.0545647e+24,0.000000
7,1,-38,1.05069e+24,0.000000
8,-2,-19,1.0469246e+24,0.000000
9,2,33,1.0371208e+24,0.000000
5,3,-35,1.0273577e+24,0.000000
2,2,-53,1.0187217e+24,0.000000
4,1,-53,1.0185142e+24,0.000000
8,-1,33,1.0112497e+24,0.000000
7,-4,-16,1.008537e+24,0.000000
5,1,-49,1.0033024e+24,0.000000
3,3,-38,1.0020073e+24,0.000000
10,-4,38,9.9777987e+23,0.000000
9,-2,15,9.8328637e+23,0.000000
7,0,-38,9.8315437e+23,0.000000
7,0,38,9.8315437e+23,0.000000
8,-2,44,9.8254324e+23,0.000000
10,-2,20,9.7494039e+23,0.000000
6,2,-33,9.7000042e+23,0.000000
5,4,-22,9.6636689e+23,0.000000
8,3,-10,9.5972007e+23,0.000000
8,-1,-22,9.5473321e+23,0.000000
5,-5,-28,9.5037787e+23,0.000000
8,1,-24,9.4251492e+23,0.000000
5,2,-38,9.374076e+23,0.000000
9,-1,-15,9.3553673e+23,0.000000
10,5,38,9.3275426e+23,0.000000
7,-4,-5,9.1978162e+23,0.000000
8,2,47,9.1923706e+23,0.000000
7,-2,50,9.1641339e+23,0.000000
7,4,-14,9.1438866e+23,0.000000
9,4,49,9.1353193e+23,0.000000
9,-4,47,9.00608e+23,0.000000
6,-5,-15,8.9277007e+23,0.000000
7,5,-12,8.8872406e+23,0.000000
9,-1,30,8.8867e+23,0.000000
9,-3,46,8.8307702e+23,0.000000
9,1,-14,8.7797657e+23,0.000000
9,3,43,8.7608465e+23,0.000000
10,6,-5,8.7509869e+23,0.000000
9,0,-11,8.6477157e+23,0.000000
9,0,11,8.6477157e+23,0.000000
5,-1,-47,8.5589843e+23,0.000000
9,5,50,8.5275522e+23,0.000000
5,-2,-40,8.5223435e+23,0.000000
2,2,-54,8.4782192e+23,0.000000
9,-2,0,8.4366545e+23,0.000000
7,-2,-25,8.4152506e+23,0.000000
7,-1,-35,8.3938287e+23,0.000000
8,3,54,8.3650155e+23,0.000000
9,0,-10,8.3277767e+23,0.000000
9,0,10,8.3277767e+23,0.000000
4,1,-54,8.3205613e+23,0.000000
7,-1,40,8.2654247e+23,0.000000
9,1,-6,8.2628894e+23,0.000000
6,0,-52,8.2606098e+23,0.000000
6,0,52,8.2606098e+23,0.000000
9,0,-12,8.2227008e+23,0.000000
9,0,12,8.2227008e+23,0.000000
9,0,-3,8.1290472e+23,0.000000
9,0,3,8.1290472e+23,0.000000
4,-3,-45,8.1217862e+23,0.000000
9,6,55,8.1171337e+23,0.000000
9,-1,-6,8.1167096e+23,0.000000
8,-2,-4,8.1071415e+23,0.000000
7,-3,-18,7.9752482e+23,0.000000
9,1,26,7.9659276e+23,0.000000
5,1,-50,7.8355752e+23,0.000000
8,3,-6,7.8132512e+23,0.000000
6,-3,-23,7.7452693e+23,0.000000
9,2,34,7.7420328e+23,0.000000
6,3,-28,7.7352714e+23,0.000000
4,-2,-34,7.7122937e+23,0.000000
10,4,36,7.6396037e+23,0.000000
4,-2,-31,7.5889373e+23,0.000000
3,2,-45,7.5829309e+23,0.000000
4,-2,-33,7.5825379e+23,0.000000
8,-1,-23,7.5594449e+23,0.000000
4,-4,-40,7.4975665e+23,0.000000
9,0,-4,7.4819275e+23,0.000000
9,0,4,7.4819275e+23,0.000000
4,4,-28,7.4721668e+23,0.000000
6,4,-25,7.4663559e+23,0.000000
9,4,50,7.4424285e+23,0.000000
10,6,51,7.3658117e+23,0.000000
4,2,-45,7.2807725e+23,0.000000
9,-4,48,7.2802907e+23,0.000000
9,0,-13,7.2750499e+23,0.000000
9,0,13,7.2750499e+23,0.000000
10,3,23,7.2747527e+23,0.000000
2,2,-55,7.2628463e+23,0.000000
10,-5,41,7.2515545e+23,0.000000
10,-1,2,7.2360829e+23,0.000000
6,1,-42,7.2345105e+23,0.000000
7,3,-20,7.2277461e+23,0.000000
9,0,-9,7.1745057e+23,0.000000
9,0,9,7.1745057e+23,0.000000
8,1,33,7.1515778e+23,0.000000
8,-2,-20,7.1417377e+23,0.000000
10,2,20,7.1289609e+23,0.000000
10,-3,24,7.1170174e+23,0.000000
4,-2,-35,7.108004e+23,0.000000
9,3,44,7.0599179e+23,0.000000
7,0,-39,7.0453472e+23,0.000000
7,0,39,7.0453472e+23,0.000000
8,1,-25,7.0210105e+23,0.000000
8,0,-5,6.9787225e+23,0.000000
8,0,5,6.9787225e+23,0.000000
6,-1,-24,6.9616486e+23,0.000000
5,2,-39,6.9052764e+23,0.000000
5,5,-16,6.8963044e+23,0.000000
4,-2,-32,6.8795646e+23,0.000000
7,-4,-17,6.8455814e+23,0.000000
9,-3,47,6.7519353e+23,0.000000
8,-5,-6,6.7422935e+23,0.000000
5,-3,-41,6.7047634e+23,0.000000
6,6,-11,6.6916673e+23,0.000000
4,1,-55,6.6321378e+23,0.000000
4,3,-35,6.6185972e+23,0.000000
10,-5,-3,6.6136716e+23,0.000000
7,1,42,6.5395865e+23,0.000000
7,1,-39,6.5158124e+23,0.000000
8,-2,45,6.4845075e+23,0.000000
7,2,50,6.4375591e+23,0.000000
8,3,-11,6.3986092e+23,0.000000
5,1,-51,6.356632e+23,0.000000
8,2,-26,6.3534982e+23,0.000000
8,2,48,6.300888e+23,0.000000
7,4,-15,6.2747825e+23,0.000000
5,-2,-41,6.2416016e+23,0.000000
9,5,51,6.1579072e+23,0.000000
10,2,0,6.094235e+23,0.000000
10,5,39,6.0753578e+23,0.000000
6,-6,-21,6.072323e+23,0.000000
4,-2,-36,6.0666388e+23,0.000000
9,0,-14,6.0551601e+23,0.000000
9,0,14,6.0551601e+23,0.000000
5,3,-36,6.0366388e+23,0.000000
10,-4,39,6.0059045e+23,0.000000
8,3,55,5.9899981e+23,0.000000
9,-1,31,5.9640401e+23,0.000000
6,-5,-16,5.9253451e+23,0.000000
6,-1,30,5.8997197e+23,0.000000
7,2,-27,5.887014e+23,0.000000
5,-5,-29,5.8709669e+23,0.000000
8,-1,-24,5.8280697e+23,0.000000
9,-4,49,5.8245521e+23,0.000000
9,1,27,5.8216e+23,0.000000
9,-2,16,5.75643e+23,0.000000
5,-1,-48,5.7178276e+23,0.000000
9,2,35,5.7014476e+23,0.000000
10,-2,21,5.6874399e+23,0.000000
9,3,45,5.594926e+23,0.000000
3,3,-39,5.5922735e+23,0.000000
7,-5,-18,5.5418466e+23,0.000000
7,-2,51,5.450992e+23,0.000000
7,1,46,5.4281697e+23,0.000000
9,0,-8,5.3711778e+23,0.000000
9,0,8,5.3711778e+23,0.000000
8,-1,34,5.3663665e+23,0.000000
7,1,47,5.3618354e+23,0.000000
7,-1,-36,5.3470691e+23,0.000000
5,1,-52,5.3463087e+23,0.000000
7,1,45,5.3218569e+23,0.000000
6,0,-53,5.2645139e+23,0.000000
6,0,53,5.2645139e+23,0.000000
7,1,43,5.2572747e+23,0.000000
6,-3,-24,5.2542083e+23,0.000000
7,-4,-7,5.2440392e+23,0.000000
9,-1,-16,5.2168186e+23,0.000000
5,4,-23,5.212792e+23,0.000000
9,1,-15,5.1957043e+23,0.000000
7,1,44,5.1464166e+23,0.000000
9,-3,48,5.1312144e+23,0.000000
8,1,-26,5.1298078e+23,0.000000
7,1,48,5.1270177e+23,0.000000
4,2,-46,5.0808328e+23,0.000000
5,2,-40,5.0227516e+23,0.000000
7,0,-40,5.0203491e+23,0.000000
7,0,40,5.0203491e+23,0.000000
10,4,37,4.9818701e+23,0.000000
6,3,-29,4.9190921e+23,0.000000
4,-2,-37,4.8902221e+23,0.000000
6,-3,-4,4.8852658e+23,0.000000
4,-3,-46,4.8337441e+23,0.000000
9,4,52,4.8190787e+23,0.000000
3,2,-46,4.8104982e+23,0.000000
4,-4,-41,4.8075335e+23,0.000000
9,0,-15,4.7772608e+23,0.000000
9,0,15,4.7772608e+23,0.000000
7,1,49,4.7668929e+23,0.000000
8,-2,-21,4.7585093e+23,0.000000
6,-1,-2,4.6856454e+23,0.000000
10,6,52,4.6834133e+23,0.000000
7,5,-13,4.6602162e+23,0.000000
9,5,52,4.6537263e+23,0.000000
10,3,24,4.6340825e+23,0.000000
9,-4,50,4.6181115e+23,0.000000
5,-4,-32,4.5923322e+23,0.000000
7,-2,-26,4.5690619e+23,0.000000
7,3,-21,4.5631066e+23,0.000000
7,-4,-18,4.5512353e+23,0.000000
8,4,-9,4.5354745e+23,0.000000
5,-2,-42,4.5258056e+23,0.000000
6,-1,-25,4.4832283e+23,0.000000
5,1,-53,4.4679949e+23,0.000000
9,-5,-5,4.4666972e+23,0.000000
10,0,-6,4.4418314e+23,0.000000
10,0,6,4.4418314e+23,0.000000
9,3,46,4.428694e+23,0.000000
10,-5,42,4.4054362e+23,0.000000
8,-1,-25,4.3926985e+23,0.000000
7,1,50,4.3298369e+23,0.000000
9,3,-10,4.3193225e+23,0.000000
9,3,-11,4.2694432e+23,0.000000
8,-2,46,4.2584534e+23,0.000000
10,5,40,4.2334496e+23,0.000000
10,2,21,4.227029e+23,0.000000
7,4,-16,4.2135378e+23,0.000000
10,-3,25,4.2064615e+23,0.000000
5,-1,-49,4.1845933e+23,0.000000
9,1,28,4.1645493e+23,0.000000
9,2,36,4.1460204e+23,0.000000
8,2,49,4.1191412e+23,0.000000
6,4,-26,4.0480534e+23,0.000000
10,0,-7,4.025082e+23,0.000000
10,0,7,4.025082e+23,0.000000
5,-3,-42,4.0177976e+23,0.000000
7,1,-40,4.0136579e+23,0.000000
7,-1,41,3.9812362e+23,0.000000
6,1,-43,3.981149e+23,0.000000
8,3,-12,3.9776837e+23,0.000000
6,-2,-34,3.956749e+23,0.000000
9,-1,32,3.9434618e+23,0.000000
6,-5,-17,3.9384328e+23,0.000000
7,2,51,3.9273628e+23,0.000000
8,-4,-4,3.9185404e+23,0.000000
9,0,-5,3.9010943e+23,0.000000
9,0,5,3.9010943e+23,0.000000
9,3,-6,3.8969999e+23,0.000000
9,-3,49,3.8815559e+23,0.000000
7,3,-22,3.867139e+23,0.000000
9,4,51,3.8493136e+23,0.000000
9,4,53,3.8392551e+23,0.000000
8,1,34,3.8364233e+23,0.000000
4,3,-36,3.8155297e+23,0.000000
9,5,-5,3.8065517e+23,0.000000
8,2,-27,3.7796448e+23,0.000000
4,-2,-38,3.775442e+23,0.000000
5,1,-54,3.7015838e+23,0.000000
8,1,-27,3.6856997e+23,0.000000
4,4,-29,3.6704323e+23,0.000000
4,2,-47,3.6509834e+23,0.000000
9,3,-12,3.6481903e+23,0.000000
9,-4,51,3.6332781e+23,0.000000
5,-5,-30,3.6314594e+23,0.000000
6,-4,-32,3.618723e+23,0.000000
7,-2,52,3.6182089e+23,0.000000
5,2,-41,3.6139454e+23,0.000000
9,0,-16,3.5917026e+23,0.000000
9,0,16,3.5917026e+23,0.000000
5,5,-17,3.5905002e+23,0.000000
9,9,-8,3.5761565e+23,0.000000
7,1,51,3.5708155e+23,0.000000
9,-2,17,3.5680905e+23,0.000000
7,0,-41,3.5596892e+23,0.000000
7,0,41,3.5596892e+23,0.000000
10,-4,40,3.5570048e+23,0.000000
8,8,-8,3.5458472e+23,0.000000
9,5,53,3.5450254e+23,0.000000
5,3,-37,3.5426397e+23,0.000000
7,3,-23,3.5410853e+23,0.000000
6,-3,-25,3.533956e+23,0.000000
8,0,-2,3.5078175e+23,0.000000
8,0,2,3.5078175e+23,0.000000
9,0,-7,3.5053837e+23,0.000000
9,0,7,3.5053837e+23,0.000000
6,6,-12,3.4741776e+23,0.000000
6,2,-34,3.4732597e+23,0.000000
9,3,47,3.4563296e+23,0.000000
10,6,53,3.4380228e+23,0.000000
7,-1,-37,3.3880962e+23,0.000000
7,1,52,3.3797195e+23,0.000000
9,3,-9,3.3741148e+23,0.000000
6,0,-54,3.3658866e+23,0.000000
6,0,54,3.3658866e+23,0.000000
4,-4,-42,3.3487446e+23,0.000000
6,-6,-22,3.3291816e+23,0.000000
5,-1,-50,3.295491e+23,0.000000
9,-9,-10,3.2580885e+23,0.000000
5,-2,-43,3.2521192e+23,0.000000
8,-1,-26,3.2472713e+23,0.000000
10,4,38,3.1781923e+23,0.000000
10,-2,0,3.1488095e+23,0.000000
7,3,-24,3.1471041e+23,0.000000
3,3,-40,3.1456682e+23,0.000000
10,-2,22,3.1257365e+23,0.000000
6,3,-30,3.1160767e+23,0.000000
8,-2,-22,3.107135e+23,0.000000
10,0,-5,3.1047175e+23,0.000000
10,0,5,3.1047175e+23,0.000000
3,2,-47,3.0707878e+23,0.000000
6,5,-7,3.0519584e+23,0.000000
9,4,54,3.042665e+23,0.000000
5,1,-55,3.0228396e+23,0.000000
8,7,-7,3.0213998e+23,0.000000
7,2,-28,2.9827217e+23,0.000000
9,2,37,2.9794979e+23,0.000000
7,-4,-19,2.9751299e+23,0.000000
6,-1,31,2.9748044e+23,0.000000
8,0,-10,2.9737013e+23,0.000000
8,0,10,2.9737013e+23,0.000000
9,5,54,2.9530543e+23,0.000000
8,0,-11,2.9425675e+23,0.000000
8,0,11,2.9425675e+23,0.000000
9,-3,50,2.9270331e+23,0.000000
9,1,29,2.9228482e+23,0.000000
7,-3,-19,2.9194249e+23,0.000000
7,1,53,2.9136601e+23,0.000000
4,-3,-47,2.8854184e+23,0.000000
9,1,-16,2.8760198e+23,0.000000
6,-1,-26,2.8644345e+23,0.000000
9,-4,52,2.8397601e+23,0.000000
9,3,-13,2.8347324e+23,0.000000
10,3,25,2.8228514e+23,0.000000
4,-2,-39,2.8194076e+23,0.000000
10,0,-8,2.8088489e+23,0.000000
10,0,8,2.8088489e+23,0.000000
8,-1,35,2.8065193e+23,0.000000
7,-2,53,2.7988965e+23,0.000000
5,4,-24,2.7970679e+23,0.000000
7,-5,-19,2.7853155e+23,0.000000
8,-2,47,2.7813125e+23,0.000000
7,4,-17,2.7763777e+23,0.000000
10,5,41,2.7523087e+23,0.000000
4,2,-48,2.7331562e+23,0.000000
7,6,-7,2.7288361e+23,0.000000
5,-1,-51,2.713852e+23,0.000000
9,-1,-17,2.7040058e+23,0.000000
9,3,48,2.6834649e+23,0.000000
8,2,50,2.6658712e+23,0.000000
7,2,52,2.664731e+23,0.000000
7,3,-25,2.6530912e+23,0.000000
10,-5,43,2.6353711e+23,0.000000
8,-3,-9,2.6286469e+23,0.000000
6,-5,-18,2.6243107e+23,0.000000
8,0,-12,2.6137836e+23,0.000000
8,0,12,2.6137836e+23,0.000000
9,0,-6,2.6107766e+23,0.000000
9,0,6,2.6107766e+23,0.000000
8,1,-28,2.6097372e+23,0.000000
8,0,-9,2.5877184e+23,0.000000
8,0,9,2.5877184e+23,0.000000
9,0,-17,2.582784e+23,0.000000
9,0,17,2.582784e+23,0.000000
5,2,-42,2.5755438e+23,0.000000
9,-1,33,2.5717169e+23,0.000000
9,-2,18,2.5715554e+23,0.000000
8,-3,-8,2.562339e+23,0.000000
10,4,-3,2.5349685e+23,0.000000
4,-4,-43,2.5322369e+23,0.000000
10,6,54,2.5321033e+23,0.000000
7,0,-42,2.5129183e+23,0.000000
7,0,42,2.5129183e+23,0.000000
7,1,54,2.4855933e+23,0.000000
10,0,-3,2.4715517e+23,0.000000
10,0,3,2.4715517e+23,0.000000
7,1,-41,2.4546711e+23,0.000000
8,4,-13,2.4480612e+23,0.000000
9,5,55,2.4362811e+23,0.000000
7,-2,55,2.4303541e+23,0.000000
7,5,-14,2.4268719e+23,0.000000
7,-2,-27,2.4247412e+23,0.000000
5,-3,-43,2.406236e+23,0.000000
9,4,55,2.4033424e+23,0.000000
10,-3,26,2.3859094e+23,0.000000
8,-1,-27,2.3605565e+23,0.000000
9,8,-7,2.3600042e+23,0.000000
10,2,22,2.3599448e+23,0.000000
6,-3,-26,2.35981e+23,0.000000
7,-1,42,2.3497738e+23,0.000000
8,0,-6,2.3393771e+23,0.000000
8,0,6,2.3393771e+23,0.000000
8,3,-13,2.3236112e+23,0.000000
8,4,-14,2.3178403e+23,0.000000
5,-2,-44,2.317356e+23,0.000000
5,-1,-52,2.2789309e+23,0.000000
5,-5,-31,2.2489002e+23,0.000000
9,-2,22,2.2475915e+23,0.000000
9,-2,21,2.2450578e+23,0.000000
9,-2,19,2.2380762e+23,0.000000
8,4,-12,2.2344343e+23,0.000000
8,-3,-10,2.2259499e+23,0.000000
8,2,-28,2.2209606e+23,0.000000
8,2,-2,2.2162857e+23,0.000000
9,-4,53,2.2075715e+23,0.000000
9,-2,20,2.2035346e+23,0.000000
9,-3,51,2.2029016e+23,0.000000
4,3,-37,2.2014586e+23,0.000000
5,-4,-33,2.1897705e+23,0.000000
6,4,-27,2.1881042e+23,0.000000
9,-2,23,2.169211e+23,0.000000
6,0,-55,2.1530245e+23,0.000000
6,0,55,2.1530245e+23,0.000000
4,2,-49,2.1474935e+23,0.000000
6,1,-44,2.1419955e+23,0.000000
8,0,-13,2.1403291e+23,0.000000
8,0,13,2.1403291e+23,0.000000
7,-1,-38,2.134113e+23,0.000000
7,3,-26,2.1291959e+23,0.000000
9,2,38,2.1175815e+23,0.000000
7,1,-1,2.1138026e+23,0.000000
10,-4,41,2.0886313e+23,0.000000
7,2,53,2.0863384e+23,0.000000
5,3,-38,2.0763732e+23,0.000000
9,3,49,2.0732458e+23,0.000000
9,3,-14,2.0559161e+23,0.000000
4,-4,-44,2.0536673e+23,0.000000
4,-2,-40,2.0514844e+23,0.000000
8,1,35,2.0289554e+23,0.000000
9,1,30,2.0158051e+23,0.000000
9,-2,24,2.0111097e+23,0.000000
8,-2,-23,1.9934833e+23,0.000000
8,4,-15,1.9882313e+23,0.000000
3,2,-48,1.9874033e+23,0.000000
10,4,39,1.9866818e+23,0.000000
6,3,-31,1.9676267e+23,0.000000
10,-1,5,1.9285934e+23,0.000000
5,5,-18,1.9218775e+23,0.000000
7,-4,-20,1.9178849e+23,0.000000
5,-1,-53,1.9160015e+23,0.000000
7,-1,46,1.9066813e+23,0.000000
10,-1,6,1.8970188e+23,0.000000
9,2,-1,1.8799707e+23,0.000000
7,-1,45,1.8788884e+23,0.000000
7,-1,43,1.8729474e+23,0.000000
7,-1,47,1.8723382e+23,0.000000
7,2,54,1.8691749e+23,0.000000
10,6,55,1.8687197e+23,0.000000
6,-1,32,1.8666207e+23,0.000000
8,0,-8,1.8553851e+23,0.000000
8,0,8,1.8553851e+23,0.000000
6,-6,-23,1.8305846e+23,0.000000
7,2,55,1.8284311e+23,0.000000
7,-1,44,1.8249336e+23,0.000000
8,1,-29,1.8243407e+23,0.000000
5,2,-43,1.8197117e+23,0.000000
6,-1,-27,1.8173311e+23,0.000000
4,4,-30,1.8055095e+23,0.000000
8,-2,48,1.8050144e+23,0.000000
7,4,-18,1.7985817e+23,0.000000
9,-2,25,1.794994e+23,0.000000
3,3,-41,1.7867469e+23,0.000000
8,-3,-7,1.7862467e+23,0.000000
9,0,-18,1.780717e+23,0.000000
9,0,18,1.780717e+23,0.000000
7,-1,48,1.7789441e+23,0.000000
6,6,-13,1.7735179e+23,0.000000
4,2,-50,1.7719213e+23,0.000000
7,0,-43,1.7669126e+23,0.000000
7,0,43,1.7669126e+23,0.000000
4,-4,-45,1.7542286e+23,0.000000
6,-5,-19,1.7527259e+23,0.000000
10,5,42,1.7521539e+23,0.000000
4,-3,-48,1.7308882e+23,0.000000
9,-4,54,1.7088048e+23,0.000000
8,4,-11,1.6932166e+23,0.000000
8,-1,-28,1.6910424e+23,0.000000
9,-3,52,1.6565978e+23,0.000000
9,-1,34,1.6547461e+23,0.000000
8,-3,-11,1.6539431e+23,0.000000
10,3,26,1.6499813e+23,0.000000
10,-1,7,1.64831e+23,0.000000
8,0,-14,1.6431355e+23,0.000000
8,0,14,1.6431355e+23,0.000000
7,-1,49,1.642949e+23,0.000000
7,3,-27,1.6399041e+23,0.000000
5,-2,-45,1.6381227e+23,0.000000
10,-2,23,1.6178001e+23,0.000000
10,5,-4,1.6138656e+23,0.000000
10,0,-9,1.6131847e+23,0.000000
10,0,9,1.6131847e+23,0.000000
5,-1,-54,1.596779e+23,0.000000
9,3,50,1.5950622e+23,0.000000
8,4,-16,1.5909632e+23,0.000000
8,2,51,1.5760811e+23,0.000000
10,-5,44,1.5750691e+23,0.000000
6,-3,-27,1.5661692e+23,0.000000
4,-4,-46,1.5514238e+23,0.000000
7,4,-6,1.5482987e+23,0.000000
9,-2,26,1.5482638e+23,0.000000
8,4,-10,1.5438284e+23,0.000000
10,-1,4,1.5346045e+23,0.000000
8,-7,-9,1.5336137e+23,0.000000
4,2,-51,1.5258635e+23,0.000000
6,-1,33,1.5021761e+23,0.000000
5,4,-25,1.4934754e+23,0.000000
9,2,39,1.489386e+23,0.000000
7,1,-42,1.4883573e+23,0.000000
9,3,-8,1.4870105e+23,0.000000
9,1,-17,1.482637e+23,0.000000
7,-1,50,1.4811685e+23,0.000000
8,-1,36,1.4800793e+23,0.000000
7,2,-29,1.4662587e+23,0.000000
4,-2,-41,1.4629738e+23,0.000000
5,-3,-44,1.4418412e+23,0.000000
9,3,-15,1.4122743e+23,0.000000
4,-4,-47,1.4015282e+23,0.000000
5,-5,-32,1.3933876e+23,0.000000
6,-1,34,1.387542e+23,0.000000
7,-5,-20,1.3709172e+23,0.000000
9,1,31,1.3682276e+23,0.000000
10,-6,-7,1.3611789e+23,0.000000
4,2,-52,1.3568709e+23,0.000000
9,-4,-3,1.3470617e+23,0.000000
7,-1,-39,1.3360441e+23,0.000000
10,8,-7,1.325935e+23,0.000000
10,-3,27,1.3201461e+23,0.000000
8,0,-7,1.3199861e+23,0.000000
8,0,7,1.3199861e+23,0.000000
6,-1,35,1.3190054e+23,0.000000
9,-4,55,1.318581e+23,0.000000
3,2,-49,1.3175017e+23,0.000000
6,5,-9,1.3165056e+23,0.000000
10,-1,8,1.3128192e+23,0.000000
7,7,-8,1.3078966e+23,0.000000
5,-4,-34,1.3013136e+23,0.000000
9,-2,27,1.2956791e+23,0.000000
9,-1,-18,1.2944776e+23,0.000000
8,2,-29,1.2899667e+23,0.000000
4,-4,-48,1.2817614e+23,0.000000
8,3,-14,1.278522e+23,0.000000
5,2,-44,1.275432e+23,0.000000
4,3,-38,1.2709557e+23,0.000000
8,1,-30,1.2609722e+23,0.000000
8,-2,-24,1.2591556e+23,0.000000
7,5,-15,1.254037e+23,0.000000
7,-2,-28,1.2539171e+23,0.000000
10,2,23,1.2394276e+23,0.000000
6,3,-32,1.2391199e+23,0.000000
7,0,-44,1.2378095e+23,0.000000
7,0,44,1.2378095e+23,0.000000
6,-2,-35,1.2370322e+23,0.000000
10,-4,42,1.2341841e+23,0.000000
4,2,-53,1.2324295e+23,0.000000
6,-1,36,1.2292443e+23,0.000000
9,3,51,1.2241822e+23,0.000000
7,3,-28,1.2223122e+23,0.000000
7,-4,-21,1.2220255e+23,0.000000
10,4,40,1.2217759e+23,0.000000
5,-1,-55,1.2161003e+23,0.000000
10,-3,-1,1.2153933e+23,0.000000
5,3,-39,1.2150857e+23,0.000000
8,4,-17,1.2088806e+23,0.000000
7,-3,-20,1.1994942e+23,0.000000
8,-1,-29,1.195893e+23,0.000000
8,0,-15,1.1957353e+23,0.000000
8,0,15,1.1957353e+23,0.000000
10,-8,-9,1.1943553e+23,0.000000
6,4,-28,1.1796273e+23,0.000000
4,-4,-49,1.1796213e+23,0.000000
9,0,-19,1.178716e+23,0.000000
9,0,19,1.178716e+23,0.000000
6,-5,-20,1.1725213e+23,0.000000
8,-2,49,1.1624387e+23,0.000000
5,-2,-46,1.1490367e+23,0.000000
7,4,-19,1.1472119e+23,0.000000
6,-1,-28,1.145716e+23,0.000000
7,-1,52,1.1412263e+23,0.000000
6,6,-8,1.1345687e+23,0.000000
6,1,-45,1.1232867e+23,0.000000
9,1,-3,1.1118875e+23,0.000000
8,-3,-12,1.1111848e+23,0.000000
6,-4,-34,1.1090393e+23,0.000000
6,-1,37,1.1088481e+23,0.000000
10,5,43,1.1005953e+23,0.000000
8,-8,-10,1.0892209e+23,0.000000
4,-4,-50,1.0886197e+23,0.000000
8,1,36,1.0828336e+23,0.000000
8,2,52,1.070207e+23,0.000000
6,2,-35,1.0612215e+23,0.000000
9,-2,28,1.0557951e+23,0.000000
5,5,-19,1.0520528e+23,0.000000
9,-1,35,1.0512865e+23,0.000000
4,2,-55,1.0458299e+23,0.000000
4,-3,-49,1.0456876e+23,0.000000
9,2,40,1.0373409e+23,0.000000
6,-3,-28,1.0340428e+23,0.000000
4,-2,-42,1.028109e+23,0.000000
3,3,-42,1.027731e+23,0.000000
6,5,-10,1.0208548e+23,0.000000
6,-6,-24,1.0099162e+23,0.000000
9,7,-7,9.9310389e+22,0.000000
7,-1,53,9.7961551e+22,0.000000
10,-1,9,9.6921196e+22,0.000000
6,-1,38,9.6853505e+22,0.000000
10,-5,45,9.6809151e+22,0.000000
8,4,-5,9.6350991e+22,0.000000
10,10,-8,9.556588e+22,0.000000
8,-4,-7,9.4167513e+22,0.000000
10,3,27,9.4076026e+22,0.000000
9,-3,54,9.381577e+22,0.000000
4,-4,-52,9.2784782e+22,0.000000
9,3,-16,9.2685252e+22,0.000000
9,1,32,9.1477011e+22,0.000000
3,2,-50,9.0551461e+22,0.000000
6,6,-14,9.0512459e+22,0.000000
6,5,-8,8.9741096e+22,0.000000
9,3,52,8.9483578e+22,0.000000
7,1,-43,8.9426073e+22,0.000000
4,4,-31,8.8960247e+22,0.000000
5,2,-45,8.8713763e+22,0.000000
7,3,-29,8.8701265e+22,0.000000
8,4,-18,8.8216477e+22,0.000000
7,0,-45,8.6410654e+22,0.000000
7,0,45,8.6410654e+22,0.000000
5,-5,-33,8.6382569e+22,0.000000
5,-3,-45,8.6382373e+22,0.000000
8,1,-31,8.6281592e+22,0.000000
4,-4,-53,8.553332e+22,0.000000
9,-2,29,8.4029854e+22,0.000000
8,-1,-30,8.3612311e+22,0.000000
7,-1,54,8.3155472e+22,0.000000
8,0,-16,8.3101504e+22,0.000000
8,0,16,8.3101504e+22,0.000000
7,-1,-40,8.3060853e+22,0.000000
8,-1,37,8.2445813e+22,0.000000
6,-1,39,8.2250895e+22,0.000000
10,-1,3,8.1606093e+22,0.000000
10,0,-10,8.021532e+22,0.000000
10,0,10,8.021532e+22,0.000000
10,-2,24,7.9945094e+22,0.000000
5,-2,-47,7.9938749e+22,0.000000
5,4,-26,7.9376591e+22,0.000000
4,-4,-54,7.8658284e+22,0.000000
6,-5,-21,7.8503306e+22,0.000000
8,-2,-25,7.8425337e+22,0.000000
6,3,-33,7.7858809e+22,0.000000
9,-1,-3,7.7217204e+22,0.000000
7,-4,-22,7.7102884e+22,0.000000
10,-4,43,7.5234547e+22,0.000000
9,0,-20,7.4933961e+22,0.000000
9,0,20,7.4933961e+22,0.000000
10,-3,28,7.4685169e+22,0.000000
10,4,41,7.4568263e+22,0.000000
10,9,-7,7.4565e+22,0.000000
8,-2,50,7.4150899e+22,0.000000
8,2,-30,7.4006486e+22,0.000000
7,-3,-21,7.3494483e+22,0.000000
4,3,-39,7.3402725e+22,0.000000
4,-4,-51,7.2389706e+22,0.000000
4,-4,-55,7.2300127e+22,0.000000
7,4,-20,7.2138685e+22,0.000000
9,3,53,7.1929038e+22,0.000000
6,-1,-29,7.1812504e+22,0.000000
4,-2,-43,7.1600439e+22,0.000000
9,2,41,7.1589956e+22,0.000000
7,5,-7,7.1567879e+22,0.000000
5,3,-40,7.1000336e+22,0.000000
9,-3,-11,7.0746037e+22,0.000000
9,1,-18,7.073024e+22,0.000000
9,-3,55,7.0722492e+22,0.000000
7,-1,55,6.9644153e+22,0.000000
7,2,-30,6.9613213e+22,0.000000
10,5,44,6.9399484e+22,0.000000
10,0,-4,6.907686e+22,0.000000
10,0,4,6.907686e+22,0.000000
8,-3,-13,6.8536085e+22,0.000000
5,-4,-35,6.8264531e+22,0.000000
6,-1,40,6.8223931e+22,0.000000
6,-3,-29,6.7968521e+22,0.000000
8,-4,-8,6.6843759e+22,0.000000
10,7,-6,6.6769785e+22,0.000000
10,-1,10,6.6644689e+22,0.000000
8,2,53,6.6380002e+22,0.000000
9,-3,-12,6.6310439e+22,0.000000
8,3,-15,6.6285496e+22,0.000000
9,6,-6,6.6186999e+22,0.000000
7,-5,-21,6.5981273e+22,0.000000
9,-1,36,6.5945208e+22,0.000000
6,5,-11,6.5633049e+22,0.000000
7,-3,-22,6.5613879e+22,0.000000
9,-2,30,6.5493492e+22,0.000000
3,2,-51,6.5258013e+22,0.000000
7,-3,-23,6.432968e+22,0.000000
7,5,-16,6.4180553e+22,0.000000
10,-5,46,6.3965687e+22,0.000000
4,-3,-50,6.3785017e+22,0.000000
6,4,-29,6.3432618e+22,0.000000
7,3,-30,6.3035484e+22,0.000000
7,-2,-29,6.2935726e+22,0.000000
9,-3,-10,6.2621683e+22,0.000000
8,6,-7,6.261636e+22,0.000000
7,-4,-6,6.24259e+22,0.000000
8,4,-19,6.2298386e+22,0.000000
10,2,24,6.1984579e+22,0.000000
5,2,-46,6.1248794e+22,0.000000
8,1,37,6.1117521e+22,0.000000
6,-4,-35,6.0984723e+22,0.000000
9,4,-4,6.0734898e+22,0.000000
7,-3,-24,6.0577515e+22,0.000000
9,1,33,6.0307376e+22,0.000000
7,0,-46,6.0113418e+22,0.000000
7,0,46,6.0113418e+22,0.000000
3,3,-43,6.0104619e+22,0.000000
9,0,-2,5.9820029e+22,0.000000
9,0,2,5.9820029e+22,0.000000
5,5,-20,5.8616455e+22,0.000000
8,1,-32,5.8507629e+22,0.000000
9,3,-17,5.8417965e+22,0.000000
8,-1,-31,5.7862125e+22,0.000000
6,1,-46,5.7403597e+22,0.000000
9,-1,-19,5.70205e+22,0.000000
6,-6,-25,5.5903697e+22,0.000000
6,-1,41,5.550105e+22,0.000000
8,0,-17,5.5442915e+22,0.000000
8,0,17,5.5442915e+22,0.000000
10,0,-16,5.5367101e+22,0.000000
10,0,16,5.5367101e+22,0.000000
8,-3,-6,5.5292122e+22,0.000000
5,-2,-48,5.5262249e+22,0.000000
9,3,54,5.5165854e+22,0.000000
9,-3,-13,5.5022762e+22,0.000000
10,3,28,5.4878481e+22,0.000000
7,-3,-25,5.359025e+22,0.000000
9,2,-6,5.3574586e+22,0.000000
5,-5,-34,5.3562165e+22,0.000000
10,0,-15,5.3405859e+22,0.000000
10,0,15,5.3405859e+22,0.000000
7,1,-44,5.3147404e+22,0.000000
6,-5,-22,5.2563862e+22,0.000000
10,0,-17,5.2563806e+22,0.000000
10,0,17,5.2563806e+22,0.000000
5,-3,-46,5.245908e+22,0.000000
8,-1,38,5.1735236e+22,0.000000
9,2,-5,5.1284921e+22,0.000000
7,-1,-41,5.1257087e+22,0.000000
9,2,-13,5.0901533e+22,0.000000
9,-2,31,5.0098543e+22,0.000000
9,2,-14,4.9836521e+22,0.000000
4,-2,-44,4.9767943e+22,0.000000
3,2,-52,4.964404e+22,0.000000
9,2,42,4.8986836e+22,0.000000
10,-4,44,4.8881423e+22,0.000000
6,3,-34,4.8825528e+22,0.000000
7,-4,-23,4.8240556e+22,0.000000
9,3,-7,4.8233278e+22,0.000000
8,-2,-26,4.8214944e+22,0.000000
9,2,-12,4.7453658e+22,0.000000
10,-5,47,4.7413072e+22,0.000000
10,-3,29,4.7358964e+22,0.000000
8,-2,51,4.6611184e+22,0.000000
10,0,-14,4.6462441e+22,0.000000
10,0,14,4.6462441e+22,0.000000
6,6,-15,4.6446441e+22,0.000000
10,0,-18,4.6427858e+22,0.000000
10,0,18,4.6427858e+22,0.000000
10,4,42,4.5928382e+22,0.000000
9,0,-21,4.5720034e+22,0.000000
9,0,21,4.5720034e+22,0.000000
9,2,-15,4.5423615e+22,0.000000
10,5,45,4.53579e+22,0.000000
7,-3,-26,4.4868249e+22,0.000000
7,4,-21,4.4772538e+22,0.000000
6,-1,-30,4.4768337e+22,0.000000
6,-3,-30,4.4504836e+22,0.000000
8,-3,-3,4.4453585e+22,0.000000
6,-1,42,4.4438146e+22,0.000000
7,3,-31,4.4007742e+22,0.000000
4,4,-32,4.3922435e+22,0.000000
10,-1,11,4.3056881e+22,0.000000
8,4,-20,4.2808349e+22,0.000000
4,3,-40,4.2400087e+22,0.000000
9,3,55,4.2367122e+22,0.000000
8,5,-6,4.2325667e+22,0.000000
5,4,-27,4.2003596e+22,0.000000
5,2,-47,4.1977031e+22,0.000000
8,2,-31,4.1953545e+22,0.000000
9,-3,-14,4.1838579e+22,0.000000
7,0,-47,4.1669617e+22,0.000000
7,0,47,4.1669617e+22,0.000000
5,3,-41,4.1418133e+22,0.000000
9,-1,37,4.0857509e+22,0.000000
10,0,-11,4.0836206e+22,0.000000
10,0,11,4.0836206e+22,0.000000
10,-2,25,3.9981855e+22,0.000000
3,2,-53,3.9832748e+22,0.000000
9,-3,-9,3.978589e+22,0.000000
10,-5,48,3.9761345e+22,0.000000
8,-1,-32,3.9675185e+22,0.000000
6,5,-12,3.966747e+22,0.000000
4,-3,-51,3.9397627e+22,0.000000
8,2,54,3.9394477e+22,0.000000
8,1,-33,3.9349144e+22,0.000000
9,2,-11,3.9261577e+22,0.000000
9,1,34,3.9217536e+22,0.000000
8,-3,-14,3.9076771e+22,0.000000
9,2,-16,3.9067793e+22,0.000000
8,1,38,3.8890487e+22,0.000000
10,0,-19,3.8632706e+22,0.000000
10,0,19,3.8632706e+22,0.000000
8,-1,39,3.8057636e+22,0.000000
5,-2,-49,3.7901751e+22,0.000000
9,-2,32,3.7680444e+22,0.000000
10,0,-13,3.6925386e+22,0.000000
10,0,13,3.6925386e+22,0.000000
10,-3,30,3.6772565e+22,0.000000
10,-5,49,3.6484724e+22,0.000000
10,-3,34,3.6175168e+22,0.000000
10,-3,33,3.6059801e+22,0.000000
10,3,29,3.5973828e+22,0.000000
3,3,-44,3.5938864e+22,0.000000
7,-3,-27,3.593143e+22,0.000000
8,0,-18,3.563786e+22,0.000000
8,0,18,3.563786e+22,0.000000
9,3,-18,3.5471117e+22,0.000000
5,-4,-36,3.5362343e+22,0.000000
6,-5,-23,3.5177714e+22,0.000000
6,-1,43,3.5120524e+22,0.000000
10,-3,32,3.5047501e+22,0.000000
10,-3,35,3.5047085e+22,0.000000
10,-5,50,3.4964594e+22,0.000000
4,-2,-45,3.4826391e+22,0.000000
10,-4,45,3.479324e+22,0.000000
10,-3,31,3.4370598e+22,0.000000
6,4,-30,3.403128e+22,0.000000
10,-5,51,3.3807552e+22,0.000000
6,-4,-36,3.3348838e+22,0.000000
9,2,43,3.3258283e+22,0.000000
5,-5,-35,3.3192829e+22,0.000000
5,5,-21,3.3105431e+22,0.000000
10,3,35,3.2903944e+22,0.000000
10,3,34,3.2891858e+22,0.000000
10,-3,36,3.2795446e+22,0.000000
8,3,-16,3.2499929e+22,0.000000
7,5,-17,3.2460368e+22,0.000000
10,-5,52,3.2373632e+22,0.000000
10,5,46,3.2126942e+22,0.000000
9,2,-17,3.2012365e+22,0.000000
8,-1,40,3.1996068e+22,0.000000
6,-2,-36,3.1883737e+22,0.000000
5,-3,-47,3.1828071e+22,0.000000
7,2,-31,3.1777198e+22,0.000000
10,3,36,3.1761942e+22,0.000000
10,3,33,3.1716045e+22,0.000000
7,-1,-42,3.1353949e+22,0.000000
10,0,-12,3.127717e+22,0.000000
10,0,12,3.127717e+22,0.000000
10,2,25,3.1232363e+22,0.000000
7,1,-45,3.1229867e+22,0.000000
9,1,-19,3.1151918e+22,0.000000
6,-6,-26,3.1057307e+22,0.000000
7,-5,-22,3.096871e+22,0.000000
10,0,-20,3.0571323e+22,0.000000
10,0,20,3.0571323e+22,0.000000
6,3,-35,3.0564781e+22,0.000000
7,-2,-30,3.0514785e+22,0.000000
10,-5,53,3.0459002e+22,0.000000
7,3,-32,3.0308352e+22,0.000000
9,2,-7,3.0021875e+22,0.000000
7,-4,-24,2.9963964e+22,0.000000
9,-3,-15,2.9754533e+22,0.000000
10,-3,37,2.9733655e+22,0.000000
10,3,32,2.9729655e+22,0.000000
10,3,37,2.9679692e+22,0.000000
10,4,43,2.9322718e+22,0.000000
8,-2,-27,2.9286125e+22,0.000000
6,-3,-31,2.9044085e+22,0.000000
3,2,-55,2.903176e+22,0.000000
8,-2,52,2.9003426e+22,0.000000
10,3,30,2.8982915e+22,0.000000
8,1,39,2.8982665e+22,0.000000
8,-1,41,2.8870916e+22,0.000000
6,1,-47,2.8860794e+22,0.000000
6,-2,-41,2.8801441e+22,0.000000
7,0,-48,2.877399e+22,0.000000
7,0,48,2.877399e+22,0.000000
8,4,-21,2.8742187e+22,0.000000
5,2,-48,2.856078e+22,0.000000
8,3,-5,2.841732e+22,0.000000
10,3,31,2.8144438e+22,0.000000
10,-5,54,2.8092507e+22,0.000000
9,2,-10,2.7977792e+22,0.000000
9,-2,33,2.7908594e+22,0.000000
6,-2,-42,2.78034e+22,0.000000
7,-3,-28,2.7791331e+22,0.000000
6,-1,-31,2.7764979e+22,0.000000
6,-1,44,2.7463286e+22,0.000000
7,4,-22,2.7458175e+22,0.000000
10,-4,46,2.7241499e+22,0.000000
6,-2,-40,2.7108113e+22,0.000000
8,-1,-33,2.6976087e+22,0.000000
10,3,38,2.694959e+22,0.000000
10,-1,12,2.6838497e+22,0.000000
9,0,-22,2.6726228e+22,0.000000
9,0,22,2.6726228e+22,0.000000
6,2,-36,2.6565413e+22,0.000000
8,-1,42,2.6563871e+22,0.000000
8,1,-34,2.6266971e+22,0.000000
10,-3,38,2.6217219e+22,0.000000
5,-2,-50,2.5830734e+22,0.000000
9,1,35,2.563463e+22,0.000000
10,5,47,2.5554552e+22,0.000000
10,-5,55,2.5386186e+22,0.000000
9,2,-18,2.5167094e+22,0.000000
9,-1,38,2.4996808e+22,0.000000
6,-2,-43,2.4893964e+22,0.000000
4,-2,-46,2.4807501e+22,0.000000
4,-3,-52,2.4685431e+22,0.000000
8,1,40,2.4628614e+22,0.000000
4,3,-41,2.4492065e+22,0.000000
8,-1,43,2.4266226e+22,0.000000
5,3,-42,2.4131354e+22,0.000000
9,-3,-6,2.408648e+22,0.000000
6,6,-16,2.3999141e+22,0.000000
10,3,39,2.3861062e+22,0.000000
9,-1,-20,2.3673232e+22,0.000000
6,5,-13,2.3588544e+22,0.000000
6,-5,-24,2.3519592e+22,0.000000
8,2,-32,2.3451507e+22,0.000000
8,2,55,2.3353309e+22,0.000000
10,-2,26,2.3339667e+22,0.000000
10,0,-21,2.3169624e+22,0.000000
10,0,21,2.3169624e+22,0.000000
10,-4,47,2.2951213e+22,0.000000
8,-4,-9,2.2896195e+22,0.000000
10,5,48,2.2804357e+22,0.000000
10,-3,39,2.2559309e+22,0.000000
9,2,44,2.2420566e+22,0.000000
8,1,41,2.2417922e+22,0.000000
5,4,-28,2.2131829e+22,0.000000
3,3,-45,2.2127864e+22,0.000000
8,0,-19,2.2123432e+22,0.000000
8,0,19,2.2123432e+22,0.000000
6,2,-41,2.2086808e+22,0.000000
8,-6,-50,2.2075675e+22,0.000000
10,5,50,2.2041158e+22,0.000000
10,5,49,2.1986496e+22,0.000000
6,-2,-39,2.1966432e+22,0.000000
10,5,51,2.1898188e+22,0.000000
8,-1,44,2.1786907e+22,0.000000
4,4,-33,2.1744142e+22,0.000000
7,-7,-10,2.1675873e+22,0.000000
10,5,52,2.1624102e+22,0.000000
7,2,-3,2.1455033e+22,0.000000
6,-1,45,2.1290165e+22,0.000000
6,-2,-44,2.1261019e+22,0.000000
6,2,-40,2.1126857e+22,0.000000
6,2,-42,2.0912916e+22,0.000000
7,-3,-29,2.0901308e+22,0.000000
8,1,42,2.0784939e+22,0.000000
9,3,-19,2.0782983e+22,0.000000
10,3,40,2.0663709e+22,0.000000
8,-3,-15,2.0638603e+22,0.000000
10,5,53,2.0629666e+22,0.000000
7,3,-33,2.0619806e+22,0.000000
5,-5,-36,2.0571319e+22,0.000000
9,-2,34,2.038255e+22,0.000000
10,-4,48,2.0145455e+22,0.000000
10,4,44,2.0057127e+22,0.000000
9,-3,-16,2.0048294e+22,0.000000
5,-3,-48,1.9994352e+22,0.000000
10,5,54,1.9904707e+22,0.000000
7,-6,-12,1.9845403e+22,0.000000
7,0,-49,1.9784149e+22,0.000000
7,0,49,1.9784149e+22,0.000000
10,-7,-8,1.9403673e+22,0.000000
5,2,-49,1.929523e+22,0.000000
8,-1,45,1.9184016e+22,0.000000
8,1,43,1.9123421e+22,0.000000
10,-2,30,1.9118514e+22,0.000000
6,3,-36,1.910138e+22,0.000000
9,2,-19,1.9085546e+22,0.000000
7,-1,-43,1.9001801e+22,0.000000
10,-3,40,1.9001783e+22,0.000000
8,4,-22,1.8917689e+22,0.000000
7,-6,-11,1.8917422e+22,0.000000
5,5,-22,1.8888101e+22,0.000000
6,-3,-32,1.8850804e+22,0.000000
10,-2,29,1.8726872e+22,0.000000
10,-2,31,1.8624104e+22,0.000000
10,5,55,1.8526875e+22,0.000000
7,-4,-25,1.8492667e+22,0.000000
6,2,-43,1.8466781e+22,0.000000
10,2,26,1.8348795e+22,0.000000
10,-2,27,1.8262376e+22,0.000000
6,4,-31,1.8208347e+22,0.000000
4,-2,-47,1.8206201e+22,0.000000
8,-1,-34,1.820073e+22,0.000000
7,1,-46,1.8121793e+22,0.000000
6,-4,-37,1.8116247e+22,0.000000
5,-4,-37,1.8041061e+22,0.000000
9,2,-9,1.8035918e+22,0.000000
10,-4,49,1.793497e+22,0.000000
10,-2,28,1.7913524e+22,0.000000
6,2,-39,1.7677709e+22,0.000000
8,-2,53,1.7653487e+22,0.000000
8,-2,-28,1.7577995e+22,0.000000
10,3,41,1.7546895e+22,0.000000
7,-6,-13,1.7493326e+22,0.000000
6,-2,-45,1.7465798e+22,0.000000
8,1,-35,1.7411932e+22,0.000000
6,-6,-27,1.73109e+22,0.000000
10,-2,32,1.7294893e+22,0.000000
8,1,44,1.7288572e+22,0.000000
5,-2,-51,1.7254302e+22,0.000000
10,-1,13,1.7251625e+22,0.000000
6,-1,-32,1.713269e+22,0.000000
10,0,-22,1.6908601e+22,0.000000
10,0,22,1.6908601e+22,0.000000
9,-1,0,1.68592e+22,0.000000
9,3,-3,1.67696e+22,0.000000
10,2,31,1.6683275e+22,0.000000
10,2,30,1.6682088e+22,0.000000
7,4,-23,1.665836e+22,0.000000
8,-1,46,1.6587668e+22,0.000000
8,-4,-14,1.6576001e+22,0.000000
9,2,-8,1.6554163e+22,0.000000
6,-1,46,1.6388264e+22,0.000000
7,5,-18,1.618399e+22,0.000000
9,1,36,1.5951019e+22,0.000000
10,-4,50,1.5929091e+22,0.000000
10,2,29,1.5883577e+22,0.000000
10,2,32,1.5879915e+22,0.000000
8,4,-6,1.5813781e+22,0.000000
4,-3,-53,1.5803079e+22,0.000000
10,-3,41,1.5707298e+22,0.000000
6,-5,-25,1.5706149e+22,0.000000
6,2,-44,1.5558948e+22,0.000000
8,-4,-15,1.5508293e+22,0.000000
10,-2,33,1.5405822e+22,0.000000
8,-4,-13,1.5387311e+22,0.000000
7,-3,-30,1.5379515e+22,0.000000
8,3,-17,1.5377048e+22,0.000000
10,2,-8,1.5340849e+22,0.000000
8,1,45,1.5326461e+22,0.000000
10,-1,1,1.5272913e+22,0.000000
9,-1,39,1.5098275e+22,0.000000
10,4,45,1.5064107e+22,0.000000
9,2,45,1.5020749e+22,0.000000
9,0,-23,1.4928999e+22,0.000000
9,0,23,1.4928999e+22,0.000000
10,-10,-11,1.4860287e+22,0.000000
6,1,-48,1.4785458e+22,0.000000
10,2,28,1.4739929e+22,0.000000
9,-2,35,1.4694429e+22,0.000000
10,3,42,1.4643474e+22,0.000000
10,2,27,1.4605553e+22,0.000000
6,-2,-38,1.4604871e+22,0.000000
10,2,33,1.4481807e+22,0.000000
7,-2,-31,1.4229219e+22,0.000000
4,3,-42,1.4146961e+22,0.000000
3,3,-46,1.4145445e+22,0.000000
7,-5,-23,1.4123654e+22,0.000000
8,-1,47,1.4117201e+22,0.000000
6,5,-14,1.4058876e+22,0.000000
5,3,-43,1.4051617e+22,0.000000
9,2,-20,1.4021309e+22,0.000000
10,-4,51,1.3997326e+22,0.000000
7,2,-32,1.3947138e+22,0.000000
4,-2,-48,1.392271e+22,0.000000
6,-2,-46,1.3911651e+22,0.000000
7,3,-34,1.3898918e+22,0.000000
10,2,-9,1.3879108e+22,0.000000
10,-1,19,1.3845647e+22,0.000000
7,-6,-14,1.384146e+22,0.000000
7,-7,-11,1.3788341e+22,0.000000
10,-1,18,1.3757894e+22,0.000000
7,0,-50,1.3538362e+22,0.000000
7,0,50,1.3538362e+22,0.000000
8,1,46,1.3340186e+22,0.000000
8,0,-20,1.3282323e+22,0.000000
8,0,20,1.3282323e+22,0.000000
10,-1,20,1.325391e+22,0.000000
10,-2,34,1.3238172e+22,0.000000
8,-4,-16,1.3208406e+22,0.000000
7,-6,-10,1.3200043e+22,0.000000
10,-6,-50,1.3161646e+22,0.000000
10,-1,17,1.3045593e+22,0.000000
9,1,-20,1.3029584e+22,0.000000
5,2,-50,1.2950143e+22,0.000000
8,2,-33,1.2925176e+22,0.000000
9,-3,-17,1.2906888e+22,0.000000
5,-3,-49,1.2828155e+22,0.000000
10,-3,42,1.2770489e+22,0.000000
10,-1,14,1.2752398e+22,0.000000
5,-5,-37,1.2728778e+22,0.000000
10,2,34,1.272793e+22,0.000000
6,2,-45,1.2544489e+22,0.000000
6,-1,47,1.2542174e+22,0.000000
6,6,-17,1.2481871e+22,0.000000
6,-6,-50,1.2415268e+22,0.000000
10,4,46,1.239997e+22,0.000000
6,-3,-33,1.2263897e+22,0.000000
8,4,-23,1.2240951e+22,0.000000
8,-1,-35,1.2194148e+22,0.000000
10,-4,52,1.2130364e+22,0.000000
10,-1,21,1.2105344e+22,0.000000
10,-1,16,1.2060333e+22,0.000000
10,3,43,1.2032124e+22,0.000000
10,0,-23,1.1928857e+22,0.000000
10,0,23,1.1928857e+22,0.000000
6,3,-37,1.1917431e+22,0.000000
8,-1,48,1.1857283e+22,0.000000
5,-2,-52,1.1831914e+22,0.000000
9,3,-20,1.1756782e+22,0.000000
9,-3,-8,1.1712817e+22,0.000000
6,2,-38,1.1664189e+22,0.000000
5,4,-29,1.1610578e+22,0.000000
10,-1,15,1.155838e+22,0.000000
6,-2,-37,1.148002e+22,0.000000
8,1,-36,1.1466998e+22,0.000000
8,1,47,1.1427425e+22,0.000000
8,-4,-12,1.1397191e+22,0.000000
7,-1,-44,1.1388482e+22,0.000000
7,-4,-26,1.1347814e+22,0.000000
4,-2,-49,1.1171029e+22,0.000000
10,2,-7,1.1152178e+22,0.000000
7,-3,-31,1.110881e+22,0.000000
10,-2,35,1.1040328e+22,0.000000
10,4,47,1.0895507e+22,0.000000
5,5,-23,1.0857683e+22,0.000000
10,2,35,1.0847931e+22,0.000000
4,4,-34,1.0807435e+22,0.000000
9,-1,-21,1.0611953e+22,0.000000
10,-1,22,1.0598386e+22,0.000000
8,-4,-17,1.0526828e+22,0.000000
6,-1,-33,1.0518191e+22,0.000000
6,-5,-26,1.0473564e+22,0.000000
9,-2,36,1.0467291e+22,0.000000
8,-2,-29,1.0430935e+22,0.000000
7,1,-47,1.0406355e+22,0.000000
10,-4,53,1.0364479e+22,0.000000
4,-3,-54,1.0345655e+22,0.000000
10,-3,43,1.023096e+22,0.000000
7,-6,-15,1.0197354e+22,0.000000
8,-3,-16,1.0110553e+22,0.000000
6,-2,-47,1.0081911e+22,0.000000
9,2,-21,1.0013951e+22,0.000000
9,2,46,1.0010346e+22,0.000000
7,4,-24,1.0008619e+22,0.000000
9,1,37,9.9800134e+21,0.000000
10,2,-10,9.950203e+21,0.000000
10,4,48,9.9253284e+21,0.000000
8,-1,49,9.8534826e+21,0.000000
6,2,-46,9.8347705e+21,0.000000
6,-4,-38,9.7650807e+21,0.000000
10,3,44,9.7495158e+21,0.000000
6,4,-32,9.717909e+21,0.000000
6,-6,-28,9.6836398e+21,0.000000
8,1,48,9.6599491e+21,0.000000
6,-1,48,9.5530334e+21,0.000000
3,3,-47,9.4661689e+21,0.000000
4,-2,-50,9.3981603e+21,0.000000
10,-5,-4,9.3061651e+21,0.000000
7,-7,-12,9.2900333e+21,0.000000
7,3,-35,9.2855791e+21,0.000000
6,2,-37,9.2317449e+21,0.000000
10,4,49,9.1105441e+21,0.000000
5,-4,-38,9.0367246e+21,0.000000
10,2,36,9.0023932e+21,0.000000
9,-1,40,9.0012763e+21,0.000000
10,-2,36,8.9719875e+21,0.000000
10,-1,23,8.9363065e+21,0.000000
9,-7,-9,8.9239471e+21,0.000000
7,-3,-4,8.7700175e+21,0.000000
7,0,-51,8.7423171e+21,0.000000
7,0,51,8.7423171e+21,0.000000
10,-4,54,8.7374488e+21,0.000000
5,2,-51,8.6448812e+21,0.000000
6,5,-15,8.4602615e+21,0.000000
5,-3,-50,8.4107989e+21,0.000000
6,1,-49,8.3759965e+21,0.000000
10,4,50,8.2984533e+21,0.000000
4,-2,-51,8.2405664e+21,0.000000
6,-2,-48,8.1879304e+21,0.000000
5,3,-44,8.1871885e+21,0.000000
4,3,-43,8.1716339e+21,0.000000
10,0,-24,8.160903e+21,0.000000
10,0,24,8.160903e+21,0.000000
8,-1,50,8.1193199e+21,0.000000
8,-1,-36,8.1109225e+21,0.000000
10,-3,44,8.0898168e+21,0.000000
8,1,49,8.0782381e+21,0.000000
5,-2,-53,8.0217366e+21,0.000000
8,-4,-18,7.987854e+21,0.000000
9,-3,-18,7.9836179e+21,0.000000
9,0,-24,7.9467257e+21,0.000000
9,0,24,7.9467257e+21,0.000000
6,-3,-34,7.938986e+21,0.000000
7,5,-19,7.9332682e+21,0.000000
5,-5,-38,7.8750695e+21,0.000000
8,4,-24,7.8041022e+21,0.000000
8,0,-21,7.7156089e+21,0.000000
8,0,21,7.7156089e+21,0.000000
10,3,45,7.6801017e+21,0.000000
6,2,-47,7.5140956e+21,0.000000
9,-1,-25,7.5126573e+21,0.000000
8,1,-37,7.5043528e+21,0.000000
8,3,-18,7.503609e+21,0.000000
4,-2,-52,7.4503453e+21,0.000000
8,-6,-9,7.4335422e+21,0.000000
6,3,-38,7.4222321e+21,0.000000
9,-2,37,7.3731518e+21,0.000000
10,2,37,7.3054322e+21,0.000000
9,-1,-26,7.2890672e+21,0.000000
10,-1,24,7.2865694e+21,0.000000
6,-1,49,7.247308e+21,0.000000
9,-1,-24,7.2202575e+21,0.000000
8,-6,-49,7.2012428e+21,0.000000
10,-4,55,7.1781593e+21,0.000000
7,-3,-32,7.1540101e+21,0.000000
7,-6,-16,7.1517739e+21,0.000000
10,-2,37,7.1347978e+21,0.000000
8,2,-34,6.9951319e+21,0.000000
4,-3,-55,6.9817698e+21,0.000000
6,-5,-27,6.9745136e+21,0.000000
9,2,-22,6.9729256e+21,0.000000
7,-4,-27,6.9265644e+21,0.000000
9,-1,-22,6.8769671e+21,0.000000
4,-2,-53,6.8714865e+21,0.000000
6,-6,-45,6.79318e+21,0.000000
7,-1,-45,6.7480738e+21,0.000000
8,1,50,6.6983876e+21,0.000000
3,3,-48,6.6724349e+21,0.000000
9,-1,-23,6.6571046e+21,0.000000
9,-1,-27,6.6432539e+21,0.000000
9,2,47,6.5670044e+21,0.000000
7,-7,-13,6.5492966e+21,0.000000
6,6,-18,6.5271454e+21,0.000000
10,4,52,6.4547156e+21,0.000000
6,-1,-34,6.4233651e+21,0.000000
9,3,-21,6.4177675e+21,0.000000
4,-2,-54,6.406292e+21,0.000000
7,-2,-32,6.3832581e+21,0.000000
10,-3,45,6.3226329e+21,0.000000
5,5,-24,6.275192e+21,0.000000
10,-4,-3,6.2322309e+21,0.000000
7,0,-52,6.2278141e+21,0.000000
7,0,52,6.2278141e+21,0.000000
7,-5,-24,6.2265824e+21,0.000000
10,3,46,6.1752898e+21,0.000000
9,1,38,6.164055e+21,0.000000
7,3,-36,6.1629551e+21,0.000000
8,-4,-11,6.119575e+21,0.000000
8,-2,-30,6.1145236e+21,0.000000
5,4,-30,6.0627753e+21,0.000000
10,2,-11,6.0251798e+21,0.000000
4,-2,-55,5.9982179e+21,0.000000
7,2,-33,5.9905902e+21,0.000000
10,3,-2,5.9826453e+21,0.000000
7,4,-25,5.9612546e+21,0.000000
9,1,-21,5.951753e+21,0.000000
7,1,-48,5.9456395e+21,0.000000
8,-4,-19,5.8383135e+21,0.000000
6,1,-50,5.8235534e+21,0.000000
10,2,38,5.8121566e+21,0.000000
10,-1,25,5.765935e+21,0.000000
8,-4,-10,5.7650586e+21,0.000000
7,-6,-9,5.7551382e+21,0.000000
5,2,-52,5.75303e+21,0.000000
9,-1,-28,5.7494363e+21,0.000000
5,-3,-51,5.7284474e+21,0.000000
8,-6,-45,5.7037969e+21,0.000000
10,4,53,5.6992228e+21,0.000000
9,1,0,5.6797714e+21,0.000000
6,2,-48,5.6157065e+21,0.000000
10,-2,38,5.5662328e+21,0.000000
7,-3,-33,5.5599602e+21,0.000000
8,-5,-7,5.5570597e+21,0.000000
5,-2,-54,5.4867759e+21,0.000000
6,-1,50,5.4792728e+21,0.000000
6,-1,-1,5.46375e+21,0.000000
10,-6,-49,5.435693e+21,0.000000
6,-6,-29,5.4323754e+21,0.000000
10,0,-25,5.424663e+21,0.000000
10,0,25,5.424663e+21,0.000000
8,-1,52,5.4161441e+21,0.000000
8,1,51,5.4083679e+21,0.000000
4,4,-35,5.4031428e+21,0.000000
6,-2,-49,5.3911731e+21,0.000000
8,-1,-37,5.3608653e+21,0.000000
9,-1,41,5.2929762e+21,0.000000
6,-4,-39,5.2199131e+21,0.000000
6,4,-33,5.1692669e+21,0.000000
6,5,-16,5.151938e+21,0.000000
9,-2,38,5.1395845e+21,0.000000
6,1,-54,5.1300527e+21,0.000000
6,-3,-35,5.1273145e+21,0.000000
6,1,-53,5.0891189e+21,0.000000
6,1,-55,5.003178e+21,0.000000
6,1,-52,4.9903107e+21,0.000000
3,3,-49,4.9648289e+21,0.000000
8,4,-25,4.9134774e+21,0.000000
10,4,54,4.9074468e+21,0.000000
10,-3,46,4.8905455e+21,0.000000
8,1,-38,4.881134e+21,0.000000
9,-6,-8,4.8616045e+21,0.000000
7,-6,-17,4.8433982e+21,0.000000
10,3,47,4.8375396e+21,0.000000
8,-6,-14,4.8038957e+21,0.000000
5,3,-45,4.7848767e+21,0.000000
9,-1,-29,4.7776849e+21,0.000000
9,-3,-19,4.7611218e+21,0.000000
8,-6,-13,4.7517528e+21,0.000000
9,2,-23,4.7455002e+21,0.000000
4,3,-44,4.7215176e+21,0.000000
8,-3,-17,4.6483601e+21,0.000000
6,-5,-28,4.6374989e+21,0.000000
6,3,-39,4.6136764e+21,0.000000
10,2,39,4.548087e+21,0.000000
7,-7,-14,4.5445762e+21,0.000000
8,1,52,4.5229726e+21,0.000000
10,2,-5,4.5073083e+21,0.000000
6,-2,-50,4.4446839e+21,0.000000
10,-1,26,4.4407501e+21,0.000000
5,-4,-39,4.428106e+21,0.000000
8,-1,53,4.3994591e+21,0.000000
10,-6,-45,4.3975366e+21,0.000000
9,2,48,4.395445e+21,0.000000
8,0,-22,4.3341222e+21,0.000000
8,0,22,4.3341222e+21,0.000000
8,3,-19,4.320129e+21,0.000000
10,-2,39,4.2760731e+21,0.000000
10,4,55,4.2608001e+21,0.000000
7,-4,-28,4.2071178e+21,0.000000
7,0,-53,4.1783828e+21,0.000000
7,0,53,4.1783828e+21,0.000000
8,-6,-15,4.1726977e+21,0.000000
8,-4,-20,4.1437339e+21,0.000000
6,2,-49,4.1183799e+21,0.000000
7,3,-37,4.0627775e+21,0.000000
9,1,-25,4.0326267e+21,0.000000
9,0,-25,4.0314265e+21,0.000000
9,0,25,4.0314265e+21,0.000000
9,1,-24,3.9512719e+21,0.000000
7,-1,-46,3.948728e+21,0.000000
9,1,-22,3.9026082e+21,0.000000
6,-1,-35,3.9006508e+21,0.000000
3,3,-50,3.8891219e+21,0.000000
7,-3,-34,3.8693806e+21,0.000000
9,1,-26,3.8489478e+21,0.000000
9,-1,-30,3.837656e+21,0.000000
5,-2,-55,3.8370574e+21,0.000000
5,2,-53,3.8336083e+21,0.000000
7,5,-20,3.812344e+21,0.000000
9,1,39,3.7582528e+21,0.000000
10,3,48,3.7562289e+21,0.000000
9,-3,-7,3.75494e+21,0.000000
10,-3,47,3.7484567e+21,0.000000
9,1,-23,3.724017e+21,0.000000
8,2,-35,3.7137737e+21,0.000000
5,5,-25,3.6412226e+21,0.000000
8,1,53,3.6380809e+21,0.000000
9,-5,-6,3.573106e+21,0.000000
8,-1,54,3.5657373e+21,0.000000
9,-2,39,3.5476434e+21,0.000000
8,-2,-31,3.5414793e+21,0.000000
10,6,-6,3.5322166e+21,0.000000
7,4,-26,3.5232954e+21,0.000000
8,-1,-38,3.5206995e+21,0.000000
8,-6,-12,3.5187832e+21,0.000000
10,0,-26,3.5093915e+21,0.000000
10,0,26,3.5093915e+21,0.000000
8,3,-4,3.5049749e+21,0.000000
10,2,40,3.5049353e+21,0.000000
9,1,-27,3.4582223e+21,0.000000
7,-1,-1,3.4348043e+21,0.000000
6,6,-19,3.4272397e+21,0.000000
7,1,-49,3.4137814e+21,0.000000
8,-2,55,3.4091263e+21,0.000000
9,3,-22,3.3757072e+21,0.000000
10,-1,27,3.3369647e+21,0.000000
8,-6,-16,3.3087501e+21,0.000000
6,-3,-36,3.3038251e+21,0.000000
8,3,-20,3.2409009e+21,0.000000
10,-2,40,3.2339996e+21,0.000000
8,-5,-8,3.2141836e+21,0.000000
7,-6,-18,3.1978465e+21,0.000000
6,-1,51,3.1890492e+21,0.000000
3,3,-51,3.1856454e+21,0.000000
6,5,-17,3.1737385e+21,0.000000
9,2,-24,3.1628164e+21,0.000000
8,1,-39,3.1551798e+21,0.000000
10,2,-12,3.1521512e+21,0.000000
5,4,-31,3.1496052e+21,0.000000
6,-1,52,3.1037595e+21,0.000000
10,0,-2,3.0805046e+21,0.000000
10,0,2,3.0805046e+21,0.000000
6,-5,-29,3.0794537e+21,0.000000
9,-1,42,3.0696884e+21,0.000000
8,4,-26,3.0593314e+21,0.000000
6,-6,-30,3.0589953e+21,0.000000
7,-7,-15,3.0354193e+21,0.000000
8,1,54,3.0116986e+21,0.000000
9,-1,-31,3.0023263e+21,0.000000
5,-5,-40,2.9931148e+21,0.000000
6,2,-50,2.9710738e+21,0.000000
9,1,-28,2.9521269e+21,0.000000
5,-3,-53,2.9420845e+21,0.000000
8,3,-21,2.9321334e+21,0.000000
9,2,49,2.8981009e+21,0.000000
10,3,49,2.8980881e+21,0.000000
8,-1,55,2.8784044e+21,0.000000
8,-4,-21,2.8729312e+21,0.000000
6,3,-40,2.8617405e+21,0.000000
10,-3,48,2.8502435e+21,0.000000
5,-3,-52,2.8351227e+21,0.000000
5,3,-46,2.8123443e+21,0.000000
7,-2,-33,2.8062014e+21,0.000000
8,3,-22,2.7900049e+21,0.000000
7,0,-54,2.778749e+21,0.000000
7,0,54,2.778749e+21,0.000000
6,-4,-40,2.7618117e+21,0.000000
9,-3,-20,2.7424559e+21,0.000000
6,4,-34,2.7400084e+21,0.000000
4,3,-45,2.7302732e+21,0.000000
4,4,-36,2.7270255e+21,0.000000
3,3,-52,2.7046438e+21,0.000000
7,2,-34,2.6998344e+21,0.000000
7,-3,-35,2.6670921e+21,0.000000
10,2,41,2.6667894e+21,0.000000
7,3,-38,2.6636077e+21,0.000000
7,-5,-25,2.6417119e+21,0.000000
8,3,-23,2.5971991e+21,0.000000
7,-4,-29,2.5428515e+21,0.000000
8,-5,-11,2.5402441e+21,0.000000
10,2,-6,2.4831053e+21,0.000000
8,-5,-10,2.4756261e+21,0.000000
8,-6,-17,2.4721571e+21,0.000000
10,-1,28,2.4508081e+21,0.000000
9,-2,40,2.4263733e+21,0.000000
9,1,-29,2.4221523e+21,0.000000
10,-2,41,2.4175284e+21,0.000000
3,3,-53,2.3590239e+21,0.000000
6,-1,-36,2.3541058e+21,0.000000
8,0,-23,2.3505477e+21,0.000000
8,0,23,2.3505477e+21,0.000000
6,-1,53,2.3258081e+21,0.000000
8,3,-24,2.3167916e+21,0.000000
8,-1,-39,2.2972606e+21,0.000000
9,-1,-32,2.2942972e+21,0.000000
7,-1,-47,2.2869573e+21,0.000000
9,1,40,2.2615311e+21,0.000000
10,3,50,2.2186947e+21,0.000000
8,-5,-12,2.2146113e+21,0.000000
10,0,-27,2.2102876e+21,0.000000
10,0,27,2.2102876e+21,0.000000
5,-3,-54,2.1829585e+21,0.000000
10,-3,49,2.1525068e+21,0.000000
6,-3,-37,2.123928e+21,0.000000
8,-3,-18,2.1216812e+21,0.000000
5,5,-26,2.1188675e+21,0.000000
5,-4,-40,2.1144893e+21,0.000000
6,2,-51,2.108004e+21,0.000000
3,3,-54,2.0977208e+21,0.000000
7,-6,-19,2.0721852e+21,0.000000
7,4,-27,2.067971e+21,0.000000
9,2,-25,2.0679411e+21,0.000000
6,-5,-30,2.0421263e+21,0.000000
8,1,-40,2.0266057e+21,0.000000
8,-2,-32,2.0222699e+21,0.000000
10,2,42,2.0115254e+21,0.000000
10,-2,-9,2.0072058e+21,0.000000
7,1,-50,2.0023203e+21,0.000000
8,3,-25,1.9788654e+21,0.000000
6,5,-18,1.9746342e+21,0.000000
9,0,-26,1.9729673e+21,0.000000
9,0,26,1.9729673e+21,0.000000
8,-4,-22,1.9542661e+21,0.000000
7,-7,-16,1.9469848e+21,0.000000
9,1,-30,1.9219637e+21,0.000000
8,2,-36,1.9196157e+21,0.000000
9,2,50,1.9150646e+21,0.000000
10,-2,-8,1.9104494e+21,0.000000
3,3,-55,1.8902687e+21,0.000000
8,4,-27,1.8877848e+21,0.000000
5,-5,-41,1.8383463e+21,0.000000
7,0,-55,1.8279409e+21,0.000000
7,0,55,1.8279409e+21,0.000000
7,-3,-36,1.8250916e+21,0.000000
8,-5,-9,1.8225292e+21,0.000000
6,1,-51,1.8119761e+21,0.000000
6,6,-20,1.8046185e+21,0.000000
10,-2,42,1.7931387e+21,0.000000
7,5,-21,1.7903553e+21,0.000000
8,-6,-18,1.7727277e+21,0.000000
6,3,-41,1.7706928e+21,0.000000
5,2,-55,1.7642707e+21,0.000000
10,-1,29,1.7622547e+21,0.000000
9,-1,43,1.7542036e+21,0.000000
6,-1,54,1.7374452e+21,0.000000
7,3,-39,1.737237e+21,0.000000
8,-5,-13,1.730633e+21,0.000000
6,-6,-31,1.7263094e+21,0.000000
9,-1,-33,1.7224577e+21,0.000000
9,3,-23,1.7059066e+21,0.000000
10,3,51,1.6916581e+21,0.000000
5,3,-47,1.6721534e+21,0.000000
9,-2,41,1.6452806e+21,0.000000
5,-3,-55,1.6447565e+21,0.000000
8,3,-26,1.6267345e+21,0.000000
5,4,-32,1.6265726e+21,0.000000
10,-3,50,1.6163426e+21,0.000000
10,-2,-10,1.5972874e+21,0.000000
8,-3,-5,1.5903851e+21,0.000000
6,-2,-53,1.5848795e+21,0.000000
4,3,-46,1.5814502e+21,0.000000
8,7,-8,1.5648455e+21,0.000000
9,5,-11,1.53811e+21,0.000000
7,-4,-30,1.5296603e+21,0.000000
9,-3,-21,1.5261713e+21,0.000000
9,8,-8,1.5226924e+21,0.000000
9,5,-12,1.5131025e+21,0.000000
10,2,43,1.4949693e+21,0.000000
8,-1,-40,1.4890958e+21,0.000000
9,1,-31,1.4859605e+21,0.000000
7,2,-35,1.4831898e+21,0.000000
10,2,-13,1.4503237e+21,0.000000
6,-4,-41,1.4502688e+21,0.000000
6,4,-35,1.4459622e+21,0.000000
6,2,-52,1.4210509e+21,0.000000
6,-1,-37,1.4109026e+21,0.000000
4,4,-37,1.3971167e+21,0.000000
9,5,-6,1.3677619e+21,0.000000
6,-3,-38,1.3621131e+21,0.000000
10,0,-28,1.3563127e+21,0.000000
10,0,28,1.3563127e+21,0.000000
6,-5,-31,1.3526694e+21,0.000000
9,1,41,1.341895e+21,0.000000
9,-1,-35,1.3322294e+21,0.000000
9,2,-26,1.3280163e+21,0.000000
7,6,-8,1.3260809e+21,0.000000
7,-6,-20,1.3241235e+21,0.000000
7,-1,-48,1.3179367e+21,0.000000
10,10,-9,1.3154259e+21,0.000000
10,-2,43,1.31056e+21,0.000000
8,-4,-23,1.3088007e+21,0.000000
8,-6,-11,1.304328e+21,0.000000
7,-2,-34,1.2977645e+21,0.000000
8,3,-27,1.2943993e+21,0.000000
6,-1,55,1.2934229e+21,0.000000
8,1,-41,1.2929012e+21,0.000000
9,-1,-34,1.2708826e+21,0.000000
10,3,52,1.2689218e+21,0.000000
9,5,-13,1.2677529e+21,0.000000
9,9,-9,1.2601379e+21,0.000000
8,-5,-14,1.248236e+21,0.000000
10,-1,30,1.2419104e+21,0.000000
7,-3,-37,1.2395556e+21,0.000000
6,5,-19,1.2381494e+21,0.000000
5,5,-27,1.2357842e+21,0.000000
8,-6,-19,1.2341738e+21,0.000000
8,0,-24,1.2273143e+21,0.000000
8,0,24,1.2273143e+21,0.000000
10,-3,51,1.2082763e+21,0.000000
7,4,-28,1.2063118e+21,0.000000
7,-7,-17,1.2047684e+21,0.000000
10,9,-8,1.1847103e+21,0.000000
8,4,-28,1.1549025e+21,0.000000
8,-2,-33,1.1382827e+21,0.000000
5,-5,-42,1.130762e+21,0.000000
8,-3,-19,1.1278365e+21,0.000000
7,3,-40,1.1264286e+21,0.000000
9,1,-32,1.1225892e+21,0.000000
9,5,-10,1.1132273e+21,0.000000
9,-2,42,1.1067516e+21,0.000000
7,2,-36,1.1056029e+21,0.000000
10,2,44,1.1049873e+21,0.000000
9,3,-5,1.1048234e+21,0.000000
10,-2,-7,1.1006133e+21,0.000000
6,3,-42,1.0926132e+21,0.000000
7,-5,-26,1.0758611e+21,0.000000
8,6,-9,1.0411045e+21,0.000000
10,-2,-11,1.0406212e+21,0.000000
6,2,-53,1.0403516e+21,0.000000
7,2,-37,1.0135695e+21,0.000000
5,3,-48,1.0098142e+21,0.000000
9,2,51,1.0068047e+21,0.000000
8,3,-28,1.0024933e+21,0.000000
9,-1,44,9.8934013e+20,0.000000
7,2,-38,9.8155605e+20,0.000000
5,-4,-41,9.8064295e+20,0.000000
6,-6,-32,9.7787804e+20,0.000000
9,0,-27,9.776533e+20,0.000000
9,0,27,9.776533e+20,0.000000
10,3,53,9.7256626e+20,0.000000
9,5,-14,9.6802917e+20,0.000000
8,2,-37,9.6284835e+20,0.000000
8,-1,-41,9.5847834e+20,0.000000
10,-2,44,9.5324082e+20,0.000000
6,6,-21,9.5183378e+20,0.000000
7,2,-39,9.3447631e+20,0.000000
4,3,-47,9.1870324e+20,0.000000
10,-3,52,9.0012063e+20,0.000000
8,5,-9,8.9967867e+20,0.000000
6,-5,-32,8.9484484e+20,0.000000
7,1,-52,8.8248091e+20,0.000000
9,-5,-12,8.7754135e+20,0.000000
6,-3,-39,8.7129578e+20,0.000000
8,-4,-24,8.6509795e+20,0.000000
8,5,-10,8.6464934e+20,0.000000
8,-6,-10,8.6359097e+20,0.000000
10,-1,31,8.5855118e+20,0.000000
7,2,-40,8.5680909e+20,0.000000
10,-1,-10,8.4739616e+20,0.000000
9,-5,-13,8.4683441e+20,0.000000
8,-5,-15,8.4577724e+20,0.000000
8,-6,-20,8.405956e+20,0.000000
6,-1,-38,8.3888448e+20,0.000000
9,2,-27,8.3861239e+20,0.000000
7,-6,-21,8.37254e+20,0.000000
7,-3,-38,8.3668388e+20,0.000000
8,-3,-20,8.3596531e+20,0.000000
5,4,-33,8.3421385e+20,0.000000
9,1,-33,8.3345389e+20,0.000000
9,3,-24,8.2518537e+20,0.000000
8,-3,-22,8.2277701e+20,0.000000
9,-3,-22,8.1968277e+20,0.000000
8,1,-42,8.1874133e+20,0.000000
7,5,-22,8.1858663e+20,0.000000
8,-3,-23,8.1620471e+20,0.000000
10,5,-5,8.158439e+20,0.000000
10,2,45,8.1074255e+20,0.000000
10,0,-29,8.0974506e+20,0.000000
10,0,29,8.0974506e+20,0.000000
8,-3,-21,8.0329908e+20,0.000000
9,2,52,7.9744804e+20,0.000000
10,-1,-11,7.9637399e+20,0.000000
9,1,42,7.854155e+20,0.000000
10,-1,-9,7.8501527e+20,0.000000
9,2,-4,7.831746e+20,0.000000
6,5,-20,7.8060482e+20,0.000000
8,-3,-24,7.6785248e+20,0.000000
7,-1,-49,7.6467516e+20,0.000000
6,4,-36,7.5918409e+20,0.000000
8,3,-29,7.5893144e+20,0.000000
7,2,-41,7.5828925e+20,0.000000
6,-4,-42,7.5820739e+20,0.000000
9,-2,43,7.3903069e+20,0.000000
10,3,54,7.3630116e+20,0.000000
4,4,-38,7.3330879e+20,0.000000
7,-2,-35,7.3265251e+20,0.000000
9,-5,-11,7.2933765e+20,0.000000
7,3,-41,7.2753695e+20,0.000000
8,-4,-5,7.2627932e+20,0.000000
7,-7,-18,7.2349278e+20,0.000000
5,5,-28,7.2199392e+20,0.000000
9,-5,-14,7.1614788e+20,0.000000
8,8,-9,7.1082157e+20,0.000000
8,4,-29,7.0223388e+20,0.000000
7,4,-29,6.996236e+20,0.000000
8,5,-11,6.9769743e+20,0.000000
9,5,-15,6.9528019e+20,0.000000
5,-5,-43,6.903944e+20,0.000000
10,-2,45,6.8864608e+20,0.000000
8,-3,-25,6.8689307e+20,0.000000
6,-2,-55,6.756004e+20,0.000000
6,3,-43,6.7213345e+20,0.000000
10,-1,-12,6.7177008e+20,0.000000
9,-1,-36,6.6648332e+20,0.000000
7,2,-42,6.5069625e+20,0.000000
10,8,-8,6.4969426e+20,0.000000
7,-2,-3,6.4522332e+20,0.000000
10,2,-14,6.4240793e+20,0.000000
8,-2,-34,6.2895964e+20,0.000000
7,1,-54,6.2882852e+20,0.000000
5,3,-49,6.2509784e+20,0.000000
8,0,-25,6.145866e+20,0.000000
8,0,25,6.145866e+20,0.000000
8,-1,-42,6.1224937e+20,0.000000
9,1,-34,6.0832652e+20,0.000000
7,7,-9,6.0234905e+20,0.000000
10,-1,-8,5.9736504e+20,0.000000
10,2,46,5.9353031e+20,0.000000
6,-5,-33,5.9143302e+20,0.000000
8,-3,-26,5.8888081e+20,0.000000
8,5,-8,5.8792143e+20,0.000000
10,-1,32,5.8252093e+20,0.000000
10,-2,-12,5.6974394e+20,0.000000
8,-4,-25,5.6565816e+20,0.000000
8,3,-30,5.6387317e+20,0.000000
8,-6,-21,5.6311063e+20,0.000000
7,-3,-39,5.6144792e+20,0.000000
7,-2,-36,5.5902234e+20,0.000000
6,-3,-40,5.557961e+20,0.000000
10,3,55,5.5496847e+20,0.000000
9,-5,-15,5.5464667e+20,0.000000
6,-6,-33,5.5455336e+20,0.000000
9,0,-28,5.5117364e+20,0.000000
9,0,28,5.5117364e+20,0.000000
9,2,53,5.5106121e+20,0.000000
9,-1,45,5.4770537e+20,0.000000
7,-4,-32,5.4512805e+20,0.000000
8,-5,-16,5.44504e+20,0.000000
7,2,-43,5.4413034e+20,0.000000
4,3,-48,5.36162e+20,0.000000
10,2,-19,5.287317e+20,0.000000
10,7,-7,5.2621303e+20,0.000000
7,-6,-22,5.2520794e+20,0.000000
7,-2,-37,5.2186839e+20,0.000000
9,2,-28,5.209752e+20,0.000000
10,-1,-13,5.1722999e+20,0.000000
8,1,-43,5.1417673e+20,0.000000
7,-2,-38,5.1361271e+20,0.000000
8,5,-12,5.1250791e+20,0.000000
10,2,-18,5.1071153e+20,0.000000
10,4,-4,5.0519012e+20,0.000000
6,6,-22,5.024823e+20,0.000000
10,2,-20,5.0220058e+20,0.000000
10,-3,54,4.9735609e+20,0.000000
7,-2,-39,4.9652017e+20,0.000000
10,-2,46,4.951945e+20,0.000000
9,5,-8,4.9430318e+20,0.000000
6,-1,-39,4.9414516e+20,0.000000
6,5,-21,4.9378781e+20,0.000000
9,-2,44,4.9020325e+20,0.000000
9,7,-8,4.8907355e+20,0.000000
8,-3,-27,4.8739591e+20,0.000000
9,5,-16,4.7763078e+20,0.000000
9,-1,-37,4.7531192e+20,0.000000
10,0,-30,4.7057782e+20,0.000000
10,0,30,4.7057782e+20,0.000000
7,3,-42,4.6689313e+20,0.000000
8,-2,-2,4.6379305e+20,0.000000
7,-2,-40,4.6285789e+20,0.000000
8,2,-38,4.6237508e+20,0.000000
8,2,-39,4.6231991e+20,0.000000
7,1,-53,4.5964379e+20,0.000000
6,-2,-54,4.5678964e+20,0.000000
7,-1,-50,4.5413655e+20,0.000000
10,4,-10,4.5361742e+20,0.000000
9,1,43,4.5301466e+20,0.000000
10,2,-17,4.4790548e+20,0.000000
7,2,-44,4.4584795e+20,0.000000
10,2,-21,4.4478084e+20,0.000000
5,-4,-42,4.4168052e+20,0.000000
9,1,-35,4.3882224e+20,0.000000
7,-5,-27,4.2719815e+20,0.000000
5,4,-34,4.2430326e+20,0.000000
7,-7,-19,4.2398217e+20,0.000000
8,4,-30,4.2384821e+20,0.000000
9,-3,-23,4.2367261e+20,0.000000
5,5,-29,4.2246499e+20,0.000000
5,-5,-44,4.2171661e+20,0.000000
7,-2,-41,4.1624012e+20,0.000000
10,-9,-10,4.1547097e+20,0.000000
8,3,-31,4.1227204e+20,0.000000
6,3,-44,4.1212399e+20,0.000000
10,4,-9,4.1061479e+20,0.000000
7,4,-30,4.0362368e+20,0.000000
9,-5,-16,4.0342066e+20,0.000000
9,0,-29,4.0230827e+20,0.000000
9,0,29,4.0230827e+20,0.000000
4,4,-39,3.9940592e+20,0.000000
5,3,-50,3.9876939e+20,0.000000
8,1,-2,3.9689737e+20,0.000000
6,4,-37,3.9619222e+20,0.000000
8,-3,-28,3.9197883e+20,0.000000
6,-5,-34,3.9040988e+20,0.000000
6,-4,-43,3.8822895e+20,0.000000
10,-1,33,3.8808274e+20,0.000000
8,-1,-43,3.8776202e+20,0.000000
9,-5,-10,3.8752338e+20,0.000000
9,3,-25,3.7992068e+20,0.000000
10,2,-1,3.7804434e+20,0.000000
10,2,-15,3.7754196e+20,0.000000
9,0,-32,3.7548286e+20,0.000000
9,0,32,3.7548286e+20,0.000000
9,6,-7,3.7540518e+20,0.000000
7,-3,-40,3.7450175e+20,0.000000
9,0,-31,3.733576e+20,0.000000
9,0,31,3.733576e+20,0.000000
10,2,-16,3.7283032e+20,0.000000
10,2,-22,3.7241574e+20,0.000000
8,-6,-22,3.7237978e+20,0.000000
9,0,-30,3.7024289e+20,0.000000
9,0,30,3.7024289e+20,0.000000
9,2,54,3.6862485e+20,0.000000
10,-3,55,3.6742033e+20,0.000000
10,-1,-14,3.6673839e+20,0.000000
8,-4,-26,3.6633785e+20,0.000000
9,0,-33,3.6444404e+20,0.000000
9,0,33,3.6444404e+20,0.000000
9,-2,-1,3.6399488e+20,0.000000
10,4,-11,3.6367655e+20,0.000000
7,-2,-42,3.6294675e+20,0.000000
7,5,-23,3.6291369e+20,0.000000
7,2,-45,3.5867015e+20,0.000000
10,-2,47,3.5448143e+20,0.000000
8,5,-13,3.5394629e+20,0.000000
6,-3,-41,3.5345566e+20,0.000000
9,-4,-4,3.4218399e+20,0.000000
8,-2,-35,3.4081372e+20,0.000000
9,0,-34,3.3970351e+20,0.000000
9,0,34,3.3970351e+20,0.000000
7,6,-11,3.3937316e+20,0.000000
8,-5,-17,3.3554256e+20,0.000000
9,-1,-38,3.3541734e+20,0.000000
7,6,-10,3.3451741e+20,0.000000
10,-1,-7,3.3003886e+20,0.000000
7,-6,-23,3.2746955e+20,0.000000
9,-2,45,3.232351e+20,0.000000
8,1,-44,3.19871e+20,0.000000
9,2,-29,3.1857432e+20,0.000000
9,5,-17,3.1682936e+20,0.000000
6,-6,-34,3.1592915e+20,0.000000
4,3,-49,3.1504121e+20,0.000000
7,7,-10,3.1416272e+20,0.000000
6,5,-22,3.1283534e+20,0.000000
9,1,-36,3.1245741e+20,0.000000
10,2,48,3.108473e+20,0.000000
7,-2,-43,3.0830928e+20,0.000000
8,-3,-29,3.0777037e+20,0.000000
9,-1,46,3.0631532e+20,0.000000
9,0,-35,3.0504224e+20,0.000000
9,0,35,3.0504224e+20,0.000000
7,3,-43,2.9880249e+20,0.000000
10,2,-23,2.9784107e+20,0.000000
8,3,-32,2.975058e+20,0.000000
8,0,-26,2.9388138e+20,0.000000
8,0,26,2.9388138e+20,0.000000
10,-2,-5,2.9380656e+20,0.000000
6,-1,-40,2.8787598e+20,0.000000
7,2,-46,2.8452335e+20,0.000000
9,-5,-17,2.799217e+20,0.000000
8,6,-8,2.7842419e+20,0.000000
7,6,-12,2.7819509e+20,0.000000
8,6,-13,2.7550033e+20,0.000000
8,6,-12,2.7302393e+20,0.000000
8,-4,-6,2.7273553e+20,0.000000
9,5,-9,2.7170681e+20,0.000000
6,6,-23,2.6534148e+20,0.000000
9,0,-36,2.6531449e+20,0.000000
9,0,36,2.6531449e+20,0.000000
10,0,-31,2.6531078e+20,0.000000
10,0,31,2.6531078e+20,0.000000
10,-2,-13,2.640127e+20,0.000000
5,3,-51,2.6354194e+20,0.000000
5,-5,-45,2.5962233e+20,0.000000
9,1,44,2.5789448e+20,0.000000
6,-5,-35,2.5750463e+20,0.000000
7,-2,-44,2.5646284e+20,0.000000
8,4,-31,2.5493451e+20,0.000000
10,-1,34,2.5387042e+20,0.000000
10,-2,48,2.5310905e+20,0.000000
6,3,-45,2.5184985e+20,0.000000
7,-3,-41,2.4840339e+20,0.000000
9,4,-14,2.4752593e+20,0.000000
5,5,-30,2.475136e+20,0.000000
9,-7,-47,2.4680388e+20,0.000000
10,4,-12,2.4385578e+20,0.000000
8,-6,-23,2.4381266e+20,0.000000
7,-7,-20,2.4355445e+20,0.000000
8,-1,-44,2.4317645e+20,0.000000
9,2,55,2.4291345e+20,0.000000
9,4,-15,2.4240887e+20,0.000000
10,-1,-15,2.4034881e+20,0.000000
8,-3,-30,2.3693703e+20,0.000000
8,-4,-27,2.3542606e+20,0.000000
9,-1,-39,2.3507894e+20,0.000000
8,5,-14,2.3336476e+20,0.000000
7,4,-31,2.316268e+20,0.000000
8,6,-14,2.3043457e+20,0.000000
9,4,-13,2.2994001e+20,0.000000
4,4,-40,2.2955771e+20,0.000000
10,2,-24,2.294199e+20,0.000000
9,0,-37,2.2457961e+20,0.000000
9,0,37,2.2457961e+20,0.000000
6,-3,-42,2.2404041e+20,0.000000
7,2,-47,2.2291636e+20,0.000000
9,4,-7,2.2177232e+20,0.000000
9,4,-16,2.2105598e+20,0.000000
9,1,-37,2.2062225e+20,0.000000
5,4,-35,2.1365842e+20,0.000000
10,2,47,2.1301166e+20,0.000000
8,3,-33,2.1220189e+20,0.000000
9,-2,46,2.1205615e+20,0.000000
9,-3,-24,2.0992751e+20,0.000000
7,-2,-45,2.0960846e+20,0.000000
9,-2,-14,2.0713124e+20,0.000000
6,-4,-44,2.0537739e+20,0.000000
6,4,-38,2.0525275e+20,0.000000
7,6,-13,2.0501529e+20,0.000000
9,5,-18,2.0411556e+20,0.000000
7,-6,-24,2.032435e+20,0.000000
7,-1,-52,2.0283078e+20,0.000000
9,-2,-13,1.9997204e+20,0.000000
8,-5,-18,1.9886746e+20,0.000000
6,5,-23,1.9822767e+20,0.000000
8,1,-45,1.967122e+20,0.000000
9,-2,-15,1.9662168e+20,0.000000
5,-4,-43,1.9500914e+20,0.000000
7,6,-9,1.9343242e+20,0.000000
9,2,-30,1.9169993e+20,0.000000
10,2,49,1.9158315e+20,0.000000
9,4,-17,1.9058647e+20,0.000000
7,-4,-34,1.8980705e+20,0.000000
7,3,-44,1.8951777e+20,0.000000
9,4,-12,1.8752677e+20,0.000000
9,-5,-18,1.8722624e+20,0.000000
4,3,-50,1.8685613e+20,0.000000
9,0,-38,1.8584924e+20,0.000000
9,0,38,1.8584924e+20,0.000000
5,3,-52,1.8058563e+20,0.000000
10,-2,49,1.8038381e+20,0.000000
6,-6,-35,1.8004799e+20,0.000000
8,-2,-36,1.7972825e+20,0.000000
8,-3,-31,1.7934965e+20,0.000000
8,6,-11,1.7720214e+20,0.000000
7,-5,-28,1.7621384e+20,0.000000
8,6,-15,1.7487473e+20,0.000000
9,-2,-16,1.7436131e+20,0.000000
7,2,-48,1.7277039e+20,0.000000
9,-1,47,1.7271851e+20,0.000000
9,-2,-12,1.719003e+20,0.000000
10,2,-25,1.7115501e+20,0.000000
6,-5,-36,1.6963599e+20,0.000000
7,-2,-46,1.688172e+20,0.000000
9,3,-26,1.6604893e+20,0.000000
6,-1,-41,1.65504e+20,0.000000
9,4,-8,1.6480408e+20,0.000000
7,-3,-42,1.6389536e+20,0.000000
9,-1,-40,1.6345244e+20,0.000000
10,-1,35,1.6309988e+20,0.000000
5,-5,-46,1.5990626e+20,0.000000
8,-6,-24,1.5832154e+20,0.000000
6,-2,-52,1.5769037e+20,0.000000
9,4,-18,1.5696737e+20,0.000000
10,4,-8,1.5574796e+20,0.000000
9,1,-38,1.5539477e+20,0.000000
7,5,-24,1.5522383e+20,0.000000
6,3,-46,1.5343462e+20,0.000000
8,4,-32,1.5215379e+20,0.000000
9,0,-39,1.5085454e+20,0.000000
9,0,39,1.5085454e+20,0.000000
8,-1,-45,1.5076093e+20,0.000000
8,-4,-28,1.5014311e+20,0.000000
8,3,-34,1.4996855e+20,0.000000
8,5,-15,1.4805911e+20,0.000000
10,2,50,1.4785536e+20,0.000000
9,-3,-3,1.4653153e+20,0.000000
9,-2,-17,1.4637762e+20,0.000000
10,-1,-16,1.4562537e+20,0.000000
10,0,-32,1.4538676e+20,0.000000
10,0,32,1.4538676e+20,0.000000
9,1,45,1.4527808e+20,0.000000
5,5,-31,1.4521158e+20,0.000000
10,-2,-6,1.4427427e+20,0.000000
10,4,-13,1.4395618e+20,0.000000
7,6,-14,1.4216753e+20,0.000000
4,4,-41,1.4160837e+20,0.000000
6,-3,-43,1.4151135e+20,0.000000
9,4,-5,1.4103892e+20,0.000000
6,6,-24,1.4012996e+20,0.000000
9,-2,47,1.3853815e+20,0.000000
7,-7,-21,1.3763531e+20,0.000000
8,0,-27,1.3399335e+20,0.000000
8,0,27,1.3399335e+20,0.000000
7,2,-49,1.3260411e+20,0.000000
7,4,-32,1.3224266e+20,0.000000
10,3,-12,1.3045444e+20,0.000000
9,4,-11,1.2851963e+20,0.000000
10,-2,50,1.2829861e+20,0.000000
10,3,-11,1.282819e+20,0.000000
9,5,-19,1.2818964e+20,0.000000
8,-3,-32,1.2694868e+20,0.000000
9,-2,-11,1.2589952e+20,0.000000
7,-6,-25,1.2569331e+20,0.000000
6,5,-24,1.2550285e+20,0.000000
8,6,-16,1.2531225e+20,0.000000
9,4,-19,1.2441108e+20,0.000000
10,2,-26,1.2437922e+20,0.000000
9,-5,-19,1.215797e+20,0.000000
9,-2,-6,1.214018e+20,0.000000
9,0,-40,1.2049005e+20,0.000000
9,0,40,1.2049005e+20,0.000000
7,3,-45,1.201204e+20,0.000000
8,5,-7,1.2009955e+20,0.000000
8,1,-46,1.1933087e+20,0.000000
10,3,-13,1.1917163e+20,0.000000
9,-2,-18,1.1745617e+20,0.000000
7,7,-11,1.1528196e+20,0.000000
8,-5,-19,1.1368237e+20,0.000000
9,2,-31,1.135181e+20,0.000000
9,-1,-41,1.1293109e+20,0.000000
4,3,-51,1.1220905e+20,0.000000
6,-5,-37,1.1164388e+20,0.000000
9,-5,-8,1.1149238e+20,0.000000
7,-4,-35,1.1080932e+20,0.000000
7,-3,-43,1.0892212e+20,0.000000
10,-2,-14,1.0888848e+20,0.000000
10,3,-10,1.0806891e+20,0.000000
9,1,-39,1.0738018e+20,0.000000
5,4,-36,1.0628677e+20,0.000000
10,-1,-4,1.0576774e+20,0.000000
7,-2,-48,1.0553904e+20,0.000000
6,4,-39,1.0549553e+20,0.000000
8,3,-35,1.0507707e+20,0.000000
6,-4,-45,1.0306887e+20,0.000000
6,-6,-36,1.0303107e+20,0.000000
10,-1,36,1.0288962e+20,0.000000
8,-6,-25,1.0218915e+20,0.000000
9,-1,48,1.0192732e+20,0.000000
8,6,-10,1.0103834e+20,0.000000
7,2,-50,1.008691e+20,0.000000
10,-1,-6,1.0037296e+20,0.000000
10,3,-14,1.0036853e+20,0.000000
9,-3,-25,9.9108345e+19,0.000000
8,-3,-33,9.8709853e+19,0.000000
5,-5,-47,9.6981322e+19,0.000000
9,4,-20,9.5420411e+19,0.000000
8,-4,-29,9.5230302e+19,0.000000
9,0,-41,9.4911742e+19,0.000000
9,0,41,9.4911742e+19,0.000000
7,6,-15,9.4888621e+19,0.000000
4,4,-42,9.4799836e+19,0.000000
10,-5,-5,9.4716537e+19,0.000000
10,-2,-19,9.4063959e+19,0.000000
6,-1,-42,9.3648234e+19,0.000000
6,3,-47,9.3273709e+19,0.000000
5,3,-54,9.3159706e+19,0.000000
10,-2,-20,9.264872e+19,0.000000
8,-1,-46,9.2158395e+19,0.000000
8,-2,-37,9.1942468e+19,0.000000
8,0,-1,9.0992011e+19,0.000000
8,0,1,9.0992011e+19,0.000000
8,5,-16,9.0767525e+19,0.000000
9,-2,-19,9.0734319e+19,0.000000
8,4,-33,9.072285e+19,0.000000
9,-2,48,9.0219054e+19,0.000000
6,-3,-44,8.9047821e+19,0.000000
8,2,-40,8.8788332e+19,0.000000
6,-6,-48,8.8691858e+19,0.000000
10,2,-27,8.825451e+19,0.000000
10,-3,-2,8.7810572e+19,0.000000
5,-4,-44,8.7435215e+19,0.000000
7,-5,-29,8.7300462e+19,0.000000
8,6,-17,8.6491736e+19,0.000000
10,-2,-18,8.6471232e+19,0.000000
5,5,-32,8.5267259e+19,0.000000
9,-2,-7,8.5092281e+19,0.000000
10,-2,-21,8.450071e+19,0.000000
9,-6,-50,8.4198731e+19,0.000000
9,1,46,8.1623168e+19,0.000000
10,-1,-17,8.1511022e+19,0.000000
9,4,-9,8.1052494e+19,0.000000
9,-8,-10,7.9762541e+19,0.000000
6,5,-25,7.9349371e+19,0.000000
10,3,-15,7.9139338e+19,0.000000
9,5,-20,7.8680541e+19,0.000000
9,4,-10,7.8550677e+19,0.000000
9,-1,-42,7.763257e+19,0.000000
7,-6,-26,7.7526871e+19,0.000000
10,0,-33,7.7163337e+19,0.000000
10,0,33,7.7163337e+19,0.000000
9,-5,-20,7.7045051e+19,0.000000
7,-7,-22,7.6706337e+19,0.000000
10,4,-14,7.6261784e+19,0.000000
7,3,-46,7.5411475e+19,0.000000
7,2,-51,7.5146323e+19,0.000000
7,4,-33,7.5070616e+19,0.000000
9,-2,-10,7.4399864e+19,0.000000
6,6,-25,7.399915e+19,0.000000
9,0,-42,7.3903983e+19,0.000000
9,0,42,7.3903983e+19,0.000000
9,1,-40,7.3770023e+19,0.000000
6,-5,-38,7.3370552e+19,0.000000
8,3,-36,7.3136309e+19,0.000000
10,-2,-22,7.2602211e+19,0.000000
9,-2,-5,7.2485949e+19,0.000000
8,-3,-34,7.2051723e+19,0.000000
8,1,-47,7.1233508e+19,0.000000
9,4,-21,7.1130851e+19,0.000000
10,3,-9,7.0747054e+19,0.000000
10,-2,-17,7.0569726e+19,0.000000
9,3,-27,6.9175075e+19,0.000000
7,-3,-44,6.9072901e+19,0.000000
4,4,-43,6.8868823e+19,0.000000
5,3,-55,6.8781225e+19,0.000000
4,3,-52,6.8448873e+19,0.000000
9,-2,-20,6.7849854e+19,0.000000
9,-1,49,6.6312709e+19,0.000000
9,2,-32,6.6060238e+19,0.000000
8,-6,-26,6.5569527e+19,0.000000
7,-4,-36,6.4170681e+19,0.000000
7,5,-25,6.3810513e+19,0.000000
10,-1,37,6.3765247e+19,0.000000
7,-2,-50,6.3213569e+19,0.000000
10,2,-39,6.290961e+19,0.000000
8,-5,-20,6.2770517e+19,0.000000
7,6,-16,6.1704252e+19,0.000000
10,2,-28,6.1464051e+19,0.000000
8,-1,-2,6.1453345e+19,0.000000
8,-4,-30,5.9978696e+19,0.000000
7,-5,-30,5.9517341e+19,0.000000
10,-2,-23,5.9478476e+19,0.000000
6,-6,-37,5.9024839e+19,0.000000
10,3,-16,5.8972301e+19,0.000000
8,0,-28,5.8947378e+19,0.000000
8,0,28,5.8947378e+19,0.000000
6,-4,-46,5.8917731e+19,0.000000
9,-2,49,5.8624294e+19,0.000000
10,-2,52,5.8367105e+19,0.000000
8,6,-18,5.8120317e+19,0.000000
9,0,-43,5.6977558e+19,0.000000
9,0,43,5.6977558e+19,0.000000
6,3,-48,5.6673285e+19,0.000000
8,-1,-47,5.5447928e+19,0.000000
10,-2,51,5.540359e+19,0.000000
7,2,-52,5.5363193e+19,0.000000
10,-2,-15,5.5076072e+19,0.000000
7,7,-12,5.497266e+19,0.000000
8,5,-17,5.3873652e+19,0.000000
10,-2,-16,5.3789485e+19,0.000000
6,4,-40,5.3682855e+19,0.000000
4,4,-44,5.364735e+19,0.000000
8,4,-34,5.3596682e+19,0.000000
9,-1,-43,5.2849128e+19,0.000000
8,2,-44,5.2515916e+19,0.000000
8,-3,-35,5.2100128e+19,0.000000
5,4,-37,5.2095319e+19,0.000000
6,-1,-43,5.198674e+19,0.000000
9,4,-22,5.1720473e+19,0.000000
10,4,-7,5.1534642e+19,0.000000
7,-2,-49,5.1532546e+19,0.000000
7,-5,-31,5.1049872e+19,0.000000
8,3,-37,5.0564847e+19,0.000000
9,1,-41,5.0519518e+19,0.000000
5,5,-33,5.0124125e+19,0.000000
6,5,-26,5.0082492e+19,0.000000
7,3,-47,4.9803012e+19,0.000000
9,-2,-21,4.9325474e+19,0.000000
9,-3,-5,4.8945603e+19,0.000000
8,2,-3,4.8202146e+19,0.000000
9,-5,-21,4.7816637e+19,0.000000
7,-6,-27,4.7712901e+19,0.000000
9,5,-21,4.7280818e+19,0.000000
10,1,7,4.7112114e+19,0.000000
9,-5,-9,4.694331e+19,0.000000
10,-2,-24,4.689469e+19,0.000000
9,1,47,4.6886694e+19,0.000000
7,-5,-32,4.6841223e+19,0.000000
10,1,6,4.6275368e+19,0.000000
8,-2,-38,4.5053933e+19,0.000000
9,2,-2,4.493052e+19,0.000000
5,-5,-48,4.4541784e+19,0.000000
9,-3,-26,4.4429266e+19,0.000000
4,4,-45,4.406347e+19,0.000000
10,-1,-5,4.3927259e+19,0.000000
9,0,-44,4.3563724e+19,0.000000
9,0,44,4.3563724e+19,0.000000
10,-2,53,4.3525321e+19,0.000000
5,-4,-45,4.3374371e+19,0.000000
10,-1,-18,4.239964e+19,0.000000
7,4,-34,4.2371449e+19,0.000000
7,-7,-23,4.2231773e+19,0.000000
9,-2,-8,4.2144578e+19,0.000000
10,2,-29,4.1980863e+19,0.000000
8,-6,-27,4.1937712e+19,0.000000
7,2,-53,4.1784671e+19,0.000000
10,3,-17,4.1773973e+19,0.000000
8,1,-48,4.1689515e+19,0.000000
10,1,8,4.1675669e+19,0.000000
7,-5,-33,4.1516533e+19,0.000000
4,3,-53,4.1474389e+19,0.000000
10,0,-34,4.0063864e+19,0.000000
10,0,34,4.0063864e+19,0.000000
7,6,-17,3.9363464e+19,0.000000
6,6,-26,3.9088298e+19,0.000000
9,-2,-9,3.9062891e+19,0.000000
10,-1,38,3.8835048e+19,0.000000
8,6,-19,3.8259339e+19,0.000000
9,-2,50,3.8050059e+19,0.000000
9,2,-33,3.7766749e+19,0.000000
10,-6,-8,3.7661979e+19,0.000000
4,4,-46,3.7505821e+19,0.000000
8,-3,-36,3.739437e+19,0.000000
10,2,52,3.6995819e+19,0.000000
9,4,-23,3.6796222e+19,0.000000
7,-4,-37,3.678454e+19,0.000000
10,1,5,3.6643024e+19,0.000000
10,4,-15,3.6531076e+19,0.000000
7,-5,-34,3.600695e+19,0.000000
9,-1,-44,3.5921647e+19,0.000000
10,-2,-25,3.5799077e+19,0.000000
6,-3,-45,3.5757845e+19,0.000000
8,2,-41,3.5169769e+19,0.000000
9,-2,-22,3.4978356e+19,0.000000
6,-3,-46,3.4906059e+19,0.000000
8,3,-38,3.478795e+19,0.000000
10,-2,-1,3.4742286e+19,0.000000
6,3,-49,3.453876e+19,0.000000
9,1,-42,3.4410039e+19,0.000000
6,-6,-38,3.3966534e+19,0.000000
8,2,-42,3.3919348e+19,0.000000
7,-6,-49,3.3724579e+19,0.000000
9,-1,52,3.3689162e+19,0.000000
8,-5,-21,3.349428e+19,0.000000
10,-4,-10,3.3197042e+19,0.000000
9,0,-45,3.3073712e+19,0.000000
9,0,45,3.3073712e+19,0.000000
10,1,9,3.298758e+19,0.000000
8,-1,-48,3.2710234e+19,0.000000
4,4,-47,3.2655532e+19,0.000000
10,-4,-11,3.2146811e+19,0.000000
8,4,-35,3.1705843e+19,0.000000
6,-5,-40,3.156995e+19,0.000000
6,5,-27,3.1557031e+19,0.000000
6,-4,-47,3.1356348e+19,0.000000
9,-1,54,3.1332072e+19,0.000000
8,5,-18,3.0977831e+19,0.000000
7,7,-13,3.0182881e+19,0.000000
7,3,-48,2.9678497e+19,0.000000
7,-5,-35,2.9567667e+19,0.000000
5,5,-34,2.9490146e+19,0.000000
5,-5,-49,2.9484738e+19,0.000000
7,-3,-46,2.9338566e+19,0.000000
7,-6,-28,2.9320032e+19,0.000000
9,-5,-22,2.9144429e+19,0.000000
4,4,-48,2.8819435e+19,0.000000
9,3,-28,2.8802716e+19,0.000000
10,2,-30,2.8310729e+19,0.000000
10,3,-8,2.8255912e+19,0.000000
10,3,-18,2.8229331e+19,0.000000
6,-1,-44,2.8214667e+19,0.000000
9,1,48,2.7871171e+19,0.000000
9,5,-22,2.785924e+19,0.000000
10,1,2,2.7734332e+19,0.000000
7,-7,-47,2.7475306e+19,0.000000
5,-4,-46,2.7311006e+19,0.000000
4,3,-54,2.7153373e+19,0.000000
6,4,-41,2.7115212e+19,0.000000
10,2,55,2.6751226e+19,0.000000
8,-6,-28,2.6681645e+19,0.000000
8,-3,-37,2.6638562e+19,0.000000
7,-2,-53,2.6635139e+19,0.000000
10,-2,-26,2.6618415e+19,0.000000
8,0,-29,2.6460251e+19,0.000000
8,0,29,2.6460251e+19,0.000000
9,4,-24,2.5680913e+19,0.000000
4,4,-49,2.5623427e+19,0.000000
7,5,-26,2.518257e+19,0.000000
6,-6,-47,2.5180588e+19,0.000000
5,4,-38,2.5078389e+19,0.000000
9,0,-46,2.4964204e+19,0.000000
9,0,46,2.4964204e+19,0.000000
8,6,-20,2.4764583e+19,0.000000
7,6,-18,2.4734203e+19,0.000000
10,-4,-12,2.4659995e+19,0.000000
9,-2,51,2.4632166e+19,0.000000
9,-2,-23,2.4260205e+19,0.000000
9,-1,-45,2.4137144e+19,0.000000
7,-5,-36,2.3852257e+19,0.000000
8,1,-49,2.3822706e+19,0.000000
8,3,-39,2.3809078e+19,0.000000
9,-5,-7,2.3805697e+19,0.000000
7,4,-35,2.3746408e+19,0.000000
10,1,10,2.3673173e+19,0.000000
8,-4,-32,2.3445356e+19,0.000000
10,-1,39,2.3295521e+19,0.000000
9,1,-43,2.3240675e+19,0.000000
7,-7,-24,2.299069e+19,0.000000
4,4,-50,2.2869185e+19,0.000000
10,-4,-9,2.2793911e+19,0.000000
5,-4,-55,2.2378334e+19,0.000000
10,-1,-19,2.1288654e+19,0.000000
6,3,-50,2.1224975e+19,0.000000
8,-2,-39,2.1221375e+19,0.000000
9,2,-34,2.1151777e+19,0.000000
5,-4,-47,2.0861888e+19,0.000000
7,-4,-38,2.0857007e+19,0.000000
6,-5,-41,2.065834e+19,0.000000
6,6,-27,2.0653179e+19,0.000000
9,5,-48,2.063581e+19,0.000000
10,0,-35,2.0572337e+19,0.000000
10,0,35,2.0572337e+19,0.000000
4,4,-51,2.044432e+19,0.000000
6,-3,-47,2.0201055e+19,0.000000
9,1,-44,1.9858242e+19,0.000000
6,5,-28,1.9850673e+19,0.000000
6,-6,-39,1.9605241e+19,0.000000
10,-2,-27,1.9324708e+19,0.000000
10,1,4,1.9045094e+19,0.000000
5,-4,-48,1.9006334e+19,0.000000
9,-3,-27,1.8966761e+19,0.000000
8,-3,-38,1.8868584e+19,0.000000
8,-1,-49,1.8833454e+19,0.000000
7,-5,-37,1.8789805e+19,0.000000
9,0,-47,1.8750706e+19,0.000000
9,0,47,1.8750706e+19,0.000000
10,2,-31,1.8748086e+19,0.000000
7,3,-49,1.8670968e+19,0.000000
8,4,-36,1.8524581e+19,0.000000
5,-4,-49,1.8473778e+19,0.000000
9,1,49,1.8352275e+19,0.000000
4,4,-52,1.8280157e+19,0.000000
10,3,-19,1.8232529e+19,0.000000
10,6,-7,1.8062479e+19,0.000000
7,-6,-29,1.7980234e+19,0.000000
4,3,-55,1.7871508e+19,0.000000
9,4,-25,1.7626243e+19,0.000000
9,-5,-23,1.7472767e+19,0.000000
7,7,-14,1.7425628e+19,0.000000
5,5,-35,1.7353736e+19,0.000000
8,-5,-22,1.7275169e+19,0.000000
8,5,-19,1.7253204e+19,0.000000
8,-6,-29,1.6946553e+19,0.000000
9,-2,-24,1.649102e+19,0.000000
5,-4,-53,1.6399494e+19,0.000000
4,4,-53,1.6334587e+19,0.000000
8,3,-40,1.6232223e+19,0.000000
10,4,-16,1.6129268e+19,0.000000
9,5,-23,1.6109791e+19,0.000000
10,-4,-13,1.6028949e+19,0.000000
9,-1,-46,1.5872391e+19,0.000000
8,6,-21,1.5802053e+19,0.000000
10,1,11,1.5565323e+19,0.000000
7,-2,-54,1.5347007e+19,0.000000
7,6,-19,1.5345758e+19,0.000000
5,-4,-50,1.521094e+19,0.000000
9,-2,52,1.5018389e+19,0.000000
6,-1,-45,1.4926769e+19,0.000000
7,-5,-38,1.4840189e+19,0.000000
7,-2,-55,1.477442e+19,0.000000
4,4,-54,1.4578788e+19,0.000000
10,3,-6,1.421054e+19,0.000000
9,0,-48,1.4026219e+19,0.000000
9,0,48,1.4026219e+19,0.000000
8,0,-30,1.3945634e+19,0.000000
8,0,30,1.3945634e+19,0.000000
7,-6,-45,1.3885499e+19,0.000000
10,-1,40,1.3809091e+19,0.000000
10,-2,-28,1.3769075e+19,0.000000
9,3,-29,1.3735101e+19,0.000000
10,2,53,1.3728235e+19,0.000000
6,4,-42,1.3542296e+19,0.000000
6,-5,-42,1.3497013e+19,0.000000
6,-3,-48,1.3457188e+19,0.000000
6,-4,-49,1.3379314e+19,0.000000
8,-3,-39,1.3287118e+19,0.000000
8,-3,-4,1.3266867e+19,0.000000
6,3,-51,1.3258825e+19,0.000000
7,4,-36,1.3209382e+19,0.000000
8,1,-50,1.3126859e+19,0.000000
4,4,-55,1.2996806e+19,0.000000
7,-3,-47,1.2906043e+19,0.000000
10,2,-44,1.2886415e+19,0.000000
9,-7,-14,1.2582486e+19,0.000000
9,-7,-13,1.2510664e+19,0.000000
6,5,-29,1.2470548e+19,0.000000
7,-7,-25,1.241864e+19,0.000000
10,2,-32,1.2327889e+19,0.000000
6,-4,-48,1.2284339e+19,0.000000
9,1,50,1.2191077e+19,0.000000
7,3,-50,1.1967974e+19,0.000000
9,4,-26,1.1919489e+19,0.000000
5,4,-39,1.1812243e+19,0.000000
6,-6,-40,1.1743449e+19,0.000000
10,-1,-20,1.1716022e+19,0.000000
7,-4,-39,1.1664153e+19,0.000000
9,2,-35,1.1594598e+19,0.000000
9,8,-9,1.1578688e+19,0.000000
10,9,-9,1.1492688e+19,0.000000
10,3,-20,1.1261676e+19,0.000000
9,1,-45,1.1095994e+19,0.000000
7,-6,-30,1.1027205e+19,0.000000
8,3,-41,1.1014614e+19,0.000000
9,-2,-25,1.1004762e+19,0.000000
7,-3,-49,1.0986581e+19,0.000000
10,0,-36,1.0960177e+19,0.000000
10,0,36,1.0960177e+19,0.000000
6,6,-28,1.0923766e+19,0.000000
8,4,-37,1.0878398e+19,0.000000
9,-7,-15,1.0837671e+19,0.000000
9,3,-4,1.0748651e+19,0.000000
8,-6,-30,1.0718024e+19,0.000000
9,-1,-47,1.0701429e+19,0.000000
10,-1,-25,1.0626194e+19,0.000000
8,-1,-50,1.0472642e+19,0.000000
9,-2,53,1.0428565e+19,0.000000
9,0,-49,1.0409279e+19,0.000000
9,0,49,1.0409279e+19,0.000000
10,-1,-24,1.0353847e+19,0.000000
9,-5,-24,1.0320925e+19,0.000000
10,-1,-26,1.0303832e+19,0.000000
5,5,-36,1.0221223e+19,0.000000
7,7,-15,1.0161208e+19,0.000000
10,-4,-4,9.996947e+18,0.000000
8,6,-22,9.956818e+18,0.000000
8,0,-31,9.9455284e+18,0.000000
8,0,31,9.9455284e+18,0.000000
7,5,-27,9.7063589e+18,0.000000
10,-2,-29,9.6207986e+18,0.000000
10,1,12,9.5955187e+18,0.000000
10,-1,-23,9.5417648e+18,0.000000
10,-1,-27,9.5117035e+18,0.000000
10,2,-4,9.4886963e+18,0.000000
8,7,-9,9.4245435e+18,0.000000
7,6,-20,9.4155664e+18,0.000000
9,-7,-12,9.3184367e+18,0.000000
8,-3,-40,9.3128707e+18,0.000000
8,5,-20,9.300891e+18,0.000000
9,5,-24,9.1544471e+18,0.000000
10,-4,-14,9.0687956e+18,0.000000
8,0,-32,9.0156181e+18,0.000000
8,0,32,9.0156181e+18,0.000000
8,-4,-34,8.9811528e+18,0.000000
9,3,-30,8.9774405e+18,0.000000
8,-2,-40,8.9693039e+18,0.000000
10,-3,-12,8.8885868e+18,0.000000
8,1,-1,8.8150929e+18,0.000000
6,-5,-43,8.8066273e+18,0.000000
8,0,-33,8.8056784e+18,0.000000
8,0,33,8.8056784e+18,0.000000
10,-3,-13,8.7844632e+18,0.000000
10,-1,-21,8.6413366e+18,0.000000
8,-5,-23,8.625953e+18,0.000000
10,-1,-22,8.6115732e+18,0.000000
6,-3,-49,8.5067599e+18,0.000000
9,-7,-16,8.475585e+18,0.000000
8,0,-34,8.4742975e+18,0.000000
8,0,34,8.4742975e+18,0.000000
8,2,-49,8.4381131e+18,0.000000
10,-1,-28,8.422272e+18,0.000000
8,2,-48,8.372369e+18,0.000000
8,2,-50,8.3361258e+18,0.000000
7,-2,-52,8.2747598e+18,0.000000
6,3,-52,8.2619004e+18,0.000000
10,-1,41,8.1581091e+18,0.000000
9,-3,-28,8.0776127e+18,0.000000
10,3,-3,7.9610914e+18,0.000000
9,4,-27,7.9590789e+18,0.000000
10,2,-33,7.9484019e+18,0.000000
8,2,-47,7.8886592e+18,0.000000
9,3,-31,7.8845911e+18,0.000000
10,-3,-14,7.8365835e+18,0.000000
8,0,-35,7.8340697e+18,0.000000
8,0,35,7.8340697e+18,0.000000
10,-3,-11,7.8340471e+18,0.000000
6,5,-30,7.8244822e+18,0.000000
9,0,-50,7.7846433e+18,0.000000
9,0,50,7.7846433e+18,0.000000
6,-1,-46,7.6985857e+18,0.000000
7,3,-51,7.6914887e+18,0.000000
7,-5,-40,7.6671343e+18,0.000000
8,2,-46,7.5994564e+18,0.000000
9,3,-32,7.5020293e+18,0.000000
8,3,-42,7.4497094e+18,0.000000
7,4,-37,7.2781545e+18,0.000000
9,-1,-48,7.2306459e+18,0.000000
9,-2,-26,7.2172195e+18,0.000000
10,4,-17,7.2075449e+18,0.000000
10,-1,-29,7.2044566e+18,0.000000
9,3,-33,7.1817198e+18,0.000000
9,-4,-15,7.0566576e+18,0.000000
8,-2,-42,6.9733705e+18,0.000000
10,-10,-50,6.9728343e+18,0.000000
8,0,-36,6.9539901e+18,0.000000
8,0,36,6.9539901e+18,0.000000
9,1,-46,6.9524738e+18,0.000000
10,1,3,6.936856e+18,0.000000
9,-4,-16,6.9360739e+18,0.000000
10,10,-10,6.9352146e+18,0.000000
8,-6,-31,6.8009311e+18,0.000000
6,-6,-41,6.7686885e+18,0.000000
7,-6,-31,6.7465359e+18,0.000000
6,4,-43,6.6961015e+18,0.000000
7,-3,-48,6.6872201e+18,0.000000
10,3,-21,6.6485001e+18,0.000000
10,-2,-30,6.6353256e+18,0.000000
7,-7,-26,6.6290549e+18,0.000000
9,-4,-14,6.5103285e+18,0.000000
8,-3,-41,6.4898262e+18,0.000000
10,0,-37,6.4752919e+18,0.000000
10,0,37,6.4752919e+18,0.000000
10,-3,-15,6.4497328e+18,0.000000
7,-4,-40,6.428608e+18,0.000000
9,3,-34,6.4260087e+18,0.000000
9,-4,-17,6.3385851e+18,0.000000
9,1,52,6.3011922e+18,0.000000
8,4,-38,6.2709374e+18,0.000000
8,-8,-14,6.2613778e+18,0.000000
9,-7,-17,6.2084918e+18,0.000000
8,6,-23,6.2054971e+18,0.000000
9,2,-36,6.1937293e+18,0.000000
5,5,-37,6.0155903e+18,0.000000
9,-5,-25,6.004873e+18,0.000000
10,-1,-30,5.9833901e+18,0.000000
8,0,-37,5.9576144e+18,0.000000
8,0,37,5.9576144e+18,0.000000
7,-5,-41,5.9543174e+18,0.000000
7,-5,-42,5.948519e+18,0.000000
10,1,13,5.9190818e+18,0.000000
7,7,-16,5.8906549e+18,0.000000
6,6,-29,5.7829067e+18,0.000000
6,-5,-44,5.7318836e+18,0.000000
7,6,-21,5.7194265e+18,0.000000
9,3,-35,5.6533332e+18,0.000000
10,-3,-10,5.6415158e+18,0.000000
8,2,-45,5.5757549e+18,0.000000
8,-4,-35,5.5358351e+18,0.000000
9,-4,-18,5.4758949e+18,0.000000
8,-8,-15,5.4391726e+18,0.000000
5,4,-40,5.4207884e+18,0.000000
8,-8,-13,5.3601594e+18,0.000000
6,-3,-50,5.346018e+18,0.000000
10,-4,-8,5.3281198e+18,0.000000
9,4,-28,5.2525989e+18,0.000000
9,9,-10,5.2369877e+18,0.000000
9,-4,-13,5.2343597e+18,0.000000
10,1,19,5.2041998e+18,0.000000
10,2,-34,5.1199533e+18,0.000000
9,5,-25,5.1103561e+18,0.000000
10,1,20,5.0934258e+18,0.000000
10,-8,-10,5.0582245e+18,0.000000
10,1,18,5.0266772e+18,0.000000
8,3,-43,5.0152782e+18,0.000000
10,-3,-16,4.9669887e+18,0.000000
8,0,-38,4.9567759e+18,0.000000
8,0,38,4.9567759e+18,0.000000
6,5,-31,4.9057041e+18,0.000000
10,-1,42,4.8675039e+18,0.000000
8,5,-21,4.8492714e+18,0.000000
10,-1,-31,4.8486756e+18,0.000000
8,2,-53,4.8452611e+18,0.000000
10,3,-7,4.8450257e+18,0.000000
10,1,21,4.7372609e+18,0.000000
10,8,-9,4.7124013e+18,0.000000
8,2,-43,4.6988259e+18,0.000000
9,-2,-27,4.6562847e+18,0.000000
10,-2,-42,4.6491229e+18,0.000000
9,3,-36,4.6431445e+18,0.000000
9,-1,-49,4.6023663e+18,0.000000
10,1,17,4.5944051e+18,0.000000
9,1,-47,4.5636155e+18,0.000000
10,-7,-9,4.5591687e+18,0.000000
9,-4,-19,4.52434e+18,0.000000
8,-3,-42,4.5070636e+18,0.000000
10,0,-38,4.498912e+18,0.000000
10,0,38,4.498912e+18,0.000000
10,-4,-15,4.4974397e+18,0.000000
10,-2,-31,4.4932605e+18,0.000000
8,8,-10,4.4253674e+18,0.000000
9,-7,-18,4.3399417e+18,0.000000
8,-6,-32,4.2595669e+18,0.000000
10,1,22,4.2130915e+18,0.000000
10,-6,-48,4.2030945e+18,0.000000
8,-5,-24,4.196441e+18,0.000000
10,4,-18,4.1890979e+18,0.000000
10,1,14,4.1739325e+18,0.000000
9,0,-52,4.1724398e+18,0.000000
9,0,52,4.1724398e+18,0.000000
6,-6,-42,4.1424325e+18,0.000000
7,-6,-32,4.1293308e+18,0.000000
9,-6,-45,4.0968102e+18,0.000000
8,-6,-46,4.0937857e+18,0.000000
10,4,-21,4.0685029e+18,0.000000
8,-8,-16,4.0659137e+18,0.000000
10,1,16,4.065187e+18,0.000000
9,0,-1,4.0344084e+18,0.000000
9,0,1,4.0344084e+18,0.000000
8,0,-39,4.0270593e+18,0.000000
8,0,39,4.0270593e+18,0.000000
6,3,-54,3.9847619e+18,0.000000
7,4,-38,3.9691704e+18,0.000000
10,4,-22,3.9581211e+18,0.000000
7,-5,-46,3.9568078e+18,0.000000
9,-3,-29,3.9361799e+18,0.000000
6,-1,-47,3.9103186e+18,0.000000
10,4,-20,3.9010255e+18,0.000000
7,5,-28,3.8860851e+18,0.000000
7,-5,-45,3.8617773e+18,0.000000
10,-1,-32,3.8442284e+18,0.000000
8,6,-24,3.8288988e+18,0.000000
9,3,-37,3.8192147e+18,0.000000
10,7,-8,3.8082078e+18,0.000000
10,1,15,3.760574e+18,0.000000
10,3,-22,3.7460229e+18,0.000000
6,-4,-55,3.7342434e+18,0.000000
10,0,-39,3.7271336e+18,0.000000
10,0,39,3.7271336e+18,0.000000
6,-5,-45,3.717088e+18,0.000000
10,4,-19,3.6819587e+18,0.000000
8,4,-39,3.6405783e+18,0.000000
10,-3,-17,3.6129457e+18,0.000000
9,-4,-20,3.6054904e+18,0.000000
10,1,23,3.6031806e+18,0.000000
10,4,-23,3.5899811e+18,0.000000
9,1,-48,3.5559483e+18,0.000000
5,5,-38,3.5428771e+18,0.000000
9,2,-39,3.5403898e+18,0.000000
8,-2,-41,3.4892425e+18,0.000000
7,-4,-41,3.4733392e+18,0.000000
9,-5,-26,3.4475198e+18,0.000000
7,6,-22,3.4427553e+18,0.000000
9,4,-29,3.4343046e+18,0.000000
9,-4,-12,3.432776e+18,0.000000
6,-6,-43,3.4192083e+18,0.000000
8,-4,-36,3.3764296e+18,0.000000
7,7,-17,3.3759396e+18,0.000000
8,1,-52,3.3749769e+18,0.000000
8,3,-44,3.3650195e+18,0.000000
7,-7,-27,3.3588986e+18,0.000000
6,-3,-51,3.3553878e+18,0.000000
10,0,-40,3.30213e+18,0.000000
10,0,40,3.30213e+18,0.000000
6,4,-44,3.2847925e+18,0.000000
9,-7,-11,3.2769424e+18,0.000000
9,2,-37,3.2208099e+18,0.000000
9,5,-7,3.2174169e+18,0.000000
10,2,-35,3.2173668e+18,0.000000
8,0,-40,3.2081136e+18,0.000000
8,0,40,3.2081136e+18,0.000000
7,5,-48,3.1810782e+18,0.000000
8,-3,-43,3.1183137e+18,0.000000
10,0,-41,3.1134069e+18,0.000000
10,0,41,3.1134069e+18,0.000000
6,5,-32,3.0734693e+18,0.000000
10,5,-6,3.0722452e+18,0.000000
10,4,-24,3.0721312e+18,0.000000
6,6,-30,3.0674129e+18,0.000000
5,-5,-54,3.0309103e+18,0.000000
10,-2,-32,3.0200263e+18,0.000000
10,-1,43,2.9956567e+18,0.000000
10,-1,-33,2.9930601e+18,0.000000
10,1,24,2.9773946e+18,0.000000
9,3,-38,2.9738242e+18,0.000000
10,0,-42,2.9662908e+18,0.000000
10,0,42,2.9662908e+18,0.000000
9,-2,-28,2.9561421e+18,0.000000
9,-7,-19,2.9301703e+18,0.000000
10,-3,-9,2.9059195e+18,0.000000
7,-5,-43,2.8203018e+18,0.000000
10,2,-42,2.8126795e+18,0.000000
9,5,-26,2.8082155e+18,0.000000
9,-4,-21,2.7889841e+18,0.000000
8,-8,-17,2.7878627e+18,0.000000
9,7,-9,2.7184012e+18,0.000000
8,-6,-33,2.7082961e+18,0.000000
9,0,-53,2.6616343e+18,0.000000
9,0,53,2.6616343e+18,0.000000
9,-3,-30,2.6544993e+18,0.000000
9,-1,-50,2.5969144e+18,0.000000
10,0,-43,2.592347e+18,0.000000
10,0,43,2.592347e+18,0.000000
7,-6,-33,2.5217077e+18,0.000000
8,0,-41,2.5162836e+18,0.000000
8,0,41,2.5162836e+18,0.000000
7,3,-54,2.5085589e+18,0.000000
10,4,-25,2.502969e+18,0.000000
10,-3,-18,2.4977357e+18,0.000000
8,5,-22,2.4446115e+18,0.000000
9,-3,-31,2.4237365e+18,0.000000
5,4,-41,2.4140602e+18,0.000000
6,-5,-46,2.4122386e+18,0.000000
9,-4,-8,2.4116523e+18,0.000000
10,1,25,2.3863874e+18,0.000000
9,-3,-33,2.3766804e+18,0.000000
8,6,-25,2.3432746e+18,0.000000
9,3,-39,2.3253868e+18,0.000000
10,0,-44,2.3143718e+18,0.000000
10,0,44,2.3143718e+18,0.000000
10,-1,-34,2.2914296e+18,0.000000
7,-6,-50,2.2882153e+18,0.000000
8,3,-45,2.2498547e+18,0.000000
9,4,-30,2.2242356e+18,0.000000
9,-3,-34,2.1972085e+18,0.000000
9,-6,-49,2.1882428e+18,0.000000
9,0,-54,2.1696817e+18,0.000000
9,0,54,2.1696817e+18,0.000000
9,3,-40,2.1655469e+18,0.000000
7,4,-39,2.1362797e+18,0.000000
8,-3,-44,2.1344349e+18,0.000000
9,-4,-22,2.1043162e+18,0.000000
5,5,-39,2.0822937e+18,0.000000
8,4,-40,2.0721055e+18,0.000000
8,-4,-37,2.0579997e+18,0.000000
7,6,-23,2.0552416e+18,0.000000
10,2,-36,2.0362269e+18,0.000000
8,-8,-12,2.0288823e+18,0.000000
8,-5,-25,2.0287484e+18,0.000000
6,-1,-48,2.0275278e+18,0.000000
9,-7,-39,2.025684e+18,0.000000
10,3,-23,2.0101079e+18,0.000000
10,0,-45,2.0022182e+18,0.000000
10,0,45,2.0022182e+18,0.000000
9,-3,-35,1.9950922e+18,0.000000
10,-2,-33,1.9895236e+18,0.000000
10,0,-46,1.973345e+18,0.000000
10,0,46,1.973345e+18,0.000000
10,4,-26,1.964779e+18,0.000000
10,-4,-16,1.9598268e+18,0.000000
10,-1,44,1.9594631e+18,0.000000
8,0,-42,1.9473582e+18,0.000000
8,0,42,1.9473582e+18,0.000000
9,-5,-27,1.9463952e+18,0.000000
9,1,-49,1.9312882e+18,0.000000
9,-7,-20,1.9265583e+18,0.000000
6,5,-33,1.9251373e+18,0.000000
7,-5,-44,1.9173218e+18,0.000000
7,7,-18,1.9093742e+18,0.000000
8,-6,-43,1.8836582e+18,0.000000
10,1,26,1.8609864e+18,0.000000
7,5,-29,1.8607277e+18,0.000000
7,-4,-42,1.8544123e+18,0.000000
8,1,-53,1.8495438e+18,0.000000
9,-2,-29,1.8475543e+18,0.000000
7,-7,-28,1.8338734e+18,0.000000
9,-4,-7,1.8228791e+18,0.000000
8,-8,-18,1.8133639e+18,0.000000
10,-1,-35,1.7784164e+18,0.000000
10,-2,-49,1.7138163e+18,0.000000
9,-3,-36,1.7111426e+18,0.000000
8,-6,-34,1.6758012e+18,0.000000
9,-4,-11,1.6756431e+18,0.000000
10,-3,-19,1.6474899e+18,0.000000
6,4,-45,1.6365604e+18,0.000000
6,6,-31,1.6291136e+18,0.000000
9,2,-38,1.6240291e+18,0.000000
10,-4,-7,1.6062359e+18,0.000000
6,-3,-53,1.5650885e+18,0.000000
9,-4,-23,1.5546652e+18,0.000000
7,-6,-34,1.5398495e+18,0.000000
10,-6,-46,1.5301353e+18,0.000000
10,0,-47,1.5249493e+18,0.000000
10,0,47,1.5249493e+18,0.000000
9,5,-27,1.5142185e+18,0.000000
8,3,-46,1.4944218e+18,0.000000
9,6,-8,1.4931222e+18,0.000000
8,0,-43,1.4917738e+18,0.000000
8,0,43,1.4917738e+18,0.000000
10,4,-27,1.4893439e+18,0.000000
6,-5,-47,1.4792928e+18,0.000000
6,-6,-44,1.4452448e+18,0.000000
9,-3,-37,1.4309912e+18,0.000000
9,4,-31,1.4303856e+18,0.000000
8,6,-26,1.42247e+18,0.000000
10,1,27,1.4155738e+18,0.000000
9,3,-41,1.3784007e+18,0.000000
10,-1,45,1.3632797e+18,0.000000
9,3,-42,1.3546085e+18,0.000000
10,-2,-34,1.3088569e+18,0.000000
9,-4,-9,1.2955369e+18,0.000000
10,-1,-36,1.2893258e+18,0.000000
10,2,-37,1.2521181e+18,0.000000
9,-7,-21,1.2406187e+18,0.000000
8,-4,-38,1.234089e+18,0.000000
5,5,-40,1.2237882e+18,0.000000
7,6,-24,1.2178868e+18,0.000000
10,0,-48,1.2146623e+18,0.000000
10,0,48,1.2146623e+18,0.000000
6,5,-34,1.205342e+18,0.000000
7,5,-30,1.2020195e+18,0.000000
8,5,-23,1.1939104e+18,0.000000
8,4,-41,1.1930274e+18,0.000000
6,-1,-49,1.1648239e+18,0.000000
9,3,-47,1.154005e+18,0.000000
9,1,-50,1.1507795e+18,0.000000
9,-3,-38,1.1454224e+18,0.000000
8,-8,-19,1.1411332e+18,0.000000
9,-2,-30,1.1362553e+18,0.000000
7,4,-40,1.1327423e+18,0.000000
8,0,-44,1.132177e+18,0.000000
8,0,44,1.132177e+18,0.000000
9,-4,-24,1.1280149e+18,0.000000
7,-7,-39,1.1273487e+18,0.000000
10,4,-28,1.1049754e+18,0.000000
9,-5,-28,1.0869536e+18,0.000000
8,-6,-35,1.0721636e+18,0.000000
7,7,-19,1.0653727e+18,0.000000
10,-1,46,1.0527496e+18,0.000000
10,1,28,1.0523126e+18,0.000000
10,1,-10,1.0443651e+18,0.000000
6,-3,-54,1.0426052e+18,0.000000
5,4,-42,1.0418259e+18,0.000000
10,-3,-20,1.0388374e+18,0.000000
10,1,-9,1.0301006e+18,0.000000
8,-3,-46,1.0293773e+18,0.000000
10,3,-24,1.0263666e+18,0.000000
8,-5,-26,1.0200067e+18,0.000000
9,-6,-15,1.0080759e+18,0.000000
8,3,-47,1.0054303e+18,0.000000
8,1,-54,9.97196e+17,0.000000
9,-6,-16,9.9524527e+17,0.000000
7,-4,-43,9.7068364e+17,0.000000
7,5,-31,9.5596717e+17,0.000000
10,-1,-37,9.5116496e+17,0.000000
8,-2,-46,9.3940799e+17,0.000000
10,1,-11,9.3875064e+17,0.000000
7,-6,-35,9.3760351e+17,0.000000
9,-3,-39,9.2912902e+17,0.000000
8,-2,-48,9.2322031e+17,0.000000
10,4,-5,9.2087076e+17,0.000000
9,4,-32,9.1229803e+17,0.000000
9,-6,-14,9.0748741e+17,0.000000
9,-6,-17,9.0556163e+17,0.000000
10,1,1,8.8375324e+17,0.000000
7,-7,-29,8.7969633e+17,0.000000
9,-3,-40,8.7856399e+17,0.000000
6,6,-32,8.6794813e+17,0.000000
9,-3,-42,8.6325137e+17,0.000000
10,-1,47,8.6212739e+17,0.000000
10,1,-8,8.5905756e+17,0.000000
8,6,-27,8.5898384e+17,0.000000
8,0,-45,8.5328058e+17,0.000000
8,0,45,8.5328058e+17,0.000000
10,0,-50,8.4556662e+17,0.000000
10,0,50,8.4556662e+17,0.000000
10,-2,-35,8.4214847e+17,0.000000
9,-2,-4,8.3794396e+17,0.000000
6,4,-46,8.2988947e+17,0.000000
7,5,-32,8.2347473e+17,0.000000
6,-1,-50,8.2084266e+17,0.000000
8,-7,-14,8.1946058e+17,0.000000
9,-4,-25,8.0586419e+17,0.000000
8,-7,-13,8.0574723e+17,0.000000
9,5,-28,8.0518072e+17,0.000000
10,6,-11,7.9674365e+17,0.000000
9,7,-12,7.9636505e+17,0.000000
9,7,-13,7.9605234e+17,0.000000
10,4,-29,7.9580935e+17,0.000000
10,-4,-17,7.8913952e+17,0.000000
9,-4,-10,7.8854024e+17,0.000000
9,-7,-22,7.8584562e+17,0.000000
10,2,-38,7.7924029e+17,0.000000
9,-6,-18,7.7641214e+17,0.000000
10,1,-12,7.6687411e+17,0.000000
10,1,29,7.6569561e+17,0.000000
6,5,-35,7.547605e+17,0.000000
8,-7,-15,7.5258086e+17,0.000000
8,4,-42,7.5241788e+17,0.000000
10,-6,-12,7.5217699e+17,0.000000
10,-3,-8,7.5046038e+17,0.000000
10,-6,-43,7.4664778e+17,0.000000
8,-4,-39,7.4428314e+17,0.000000
10,-1,48,7.3711706e+17,0.000000
10,5,-48,7.3665813e+17,0.000000
6,-1,-54,7.3609056e+17,0.000000
9,3,-43,7.2708943e+17,0.000000
6,-3,-55,7.222015e+17,0.000000
6,-1,-53,7.1794386e+17,0.000000
5,5,-41,7.1717735e+17,0.000000
7,6,-25,7.16951e+17,0.000000
6,-1,-52,7.1298701e+17,0.000000
8,-6,-42,7.1298397e+17,0.000000
8,-7,-12,7.086599e+17,0.000000
8,-8,-20,7.0325632e+17,0.000000
10,-6,-47,6.9813642e+17,0.000000
10,-1,-38,6.9266329e+17,0.000000
7,5,-33,6.8886494e+17,0.000000
9,-2,-31,6.8758761e+17,0.000000
9,-6,-13,6.8006418e+17,0.000000
10,6,-12,6.7015919e+17,0.000000
9,-5,-46,6.6993714e+17,0.000000
10,-6,-11,6.6607606e+17,0.000000
10,-1,-3,6.6552512e+17,0.000000
8,-6,-36,6.6207614e+17,0.000000
8,-1,-52,6.5627696e+17,0.000000
8,3,-48,6.5091146e+17,0.000000
9,7,-14,6.4926107e+17,0.000000
10,-1,49,6.4316486e+17,0.000000
8,0,-46,6.3885874e+17,0.000000
8,0,46,6.3885874e+17,0.000000
9,-6,-19,6.3644094e+17,0.000000
8,-7,-16,6.3396383e+17,0.000000
10,-3,-21,6.2639375e+17,0.000000
10,-6,-13,6.2372907e+17,0.000000
6,-1,-51,6.214271e+17,0.000000
8,-2,-45,6.1438508e+17,0.000000
8,-6,-40,6.0194242e+17,0.000000
9,-5,-29,5.9075622e+17,0.000000
7,4,-41,5.8991535e+17,0.000000
7,7,-20,5.8644027e+17,0.000000
6,-5,-48,5.8457393e+17,0.000000
10,-5,-6,5.8371602e+17,0.000000
9,4,-33,5.7919229e+17,0.000000
10,1,-13,5.7694292e+17,0.000000
8,-5,-27,5.7590987e+17,0.000000
10,2,-41,5.7386568e+17,0.000000
7,-6,-36,5.7145615e+17,0.000000
10,4,-30,5.6912415e+17,0.000000
8,5,-24,5.6904896e+17,0.000000
9,-4,-26,5.678678e+17,0.000000
7,5,-34,5.659741e+17,0.000000
9,3,-44,5.6540875e+17,0.000000
9,-3,-41,5.6169868e+17,0.000000
8,-7,-11,5.5336755e+17,0.000000
10,1,-7,5.4831052e+17,0.000000
10,1,30,5.4593827e+17,0.000000
10,-2,-36,5.4253478e+17,0.000000
9,-3,-43,5.3795256e+17,0.000000
10,5,-13,5.3366115e+17,0.000000
8,-2,-43,5.268764e+17,0.000000
8,-2,-3,5.2610422e+17,0.000000
10,6,-10,5.2039877e+17,0.000000
8,-1,-1,5.1971551e+17,0.000000
10,-4,-42,5.1729895e+17,0.000000
8,6,-28,5.1504102e+17,0.000000
9,-5,-42,5.1320791e+17,0.000000
10,5,-14,5.1044547e+17,0.000000
10,-1,-39,5.0469663e+17,0.000000
9,-6,-20,5.0378491e+17,0.000000
10,3,-25,5.0093673e+17,0.000000
8,-7,-17,4.976203e+17,0.000000
7,-4,-44,4.949683e+17,0.000000
10,5,-12,4.9286072e+17,0.000000
9,-7,-23,4.9098403e+17,0.000000
9,-4,-5,4.906714e+17,0.000000
10,-4,-22,4.888874e+17,0.000000
9,7,-15,4.7950903e+17,0.000000
7,-7,-30,4.7837627e+17,0.000000
8,0,-47,4.7577976e+17,0.000000
8,0,47,4.7577976e+17,0.000000
9,1,-52,4.7560708e+17,0.000000
10,-4,-23,4.7331797e+17,0.000000
6,5,-36,4.7248915e+17,0.000000
10,-4,-21,4.6304928e+17,0.000000
6,6,-33,4.6285646e+17,0.000000
8,-2,-44,4.5676199e+17,0.000000
10,6,-13,4.517045e+17,0.000000
6,4,-47,4.5161724e+17,0.000000
10,-2,-4,4.4820734e+17,0.000000
10,5,-15,4.4790585e+17,0.000000
9,-7,-42,4.4157534e+17,0.000000
7,5,-35,4.4125798e+17,0.000000
8,-4,-40,4.4117937e+17,0.000000
9,7,-11,4.3997961e+17,0.000000
5,4,-43,4.3920733e+17,0.000000
8,-6,-37,4.3713013e+17,0.000000
10,-6,-14,4.3229862e+17,0.000000
10,-4,-24,4.284589e+17,0.000000
8,3,-49,4.2620494e+17,0.000000
5,5,-42,4.2120061e+17,0.000000
7,6,-26,4.1970084e+17,0.000000
9,5,-29,4.1754801e+17,0.000000
9,1,-2,4.1685645e+17,0.000000
9,-2,-32,4.0880072e+17,0.000000
10,1,-14,4.0236154e+17,0.000000
10,-4,-20,3.9870328e+17,0.000000
8,-4,-42,3.9812284e+17,0.000000
9,-5,-45,3.9712189e+17,0.000000
9,-4,-27,3.9552065e+17,0.000000
10,4,-31,3.9436e+17,0.000000
8,-5,-28,3.9111381e+17,0.000000
10,-8,-46,3.890379e+17,0.000000
9,-6,-21,3.8785432e+17,0.000000
9,2,-40,3.873154e+17,0.000000
10,-4,-18,3.8569521e+17,0.000000
10,1,31,3.8175979e+17,0.000000
10,5,-11,3.7301068e+17,0.000000
9,-6,-12,3.6996437e+17,0.000000
9,3,-45,3.6943032e+17,0.000000
8,-7,-18,3.6889835e+17,0.000000
10,5,-16,3.6833826e+17,0.000000
8,4,-43,3.6829669e+17,0.000000
10,-4,-25,3.6746718e+17,0.000000
9,3,-50,3.6605532e+17,0.000000
9,4,-34,3.6442618e+17,0.000000
10,-3,-22,3.6078745e+17,0.000000
10,-1,-40,3.5925869e+17,0.000000
10,2,-40,3.5531528e+17,0.000000
8,0,-48,3.5246901e+17,0.000000
8,0,48,3.5246901e+17,0.000000
8,-3,-49,3.5029839e+17,0.000000
7,-6,-37,3.467256e+17,0.000000
8,-6,-41,3.4475339e+17,0.000000
10,-2,-37,3.399639e+17,0.000000
7,5,-36,3.3817184e+17,0.000000
10,-4,-19,3.350607e+17,0.000000
10,4,-51,3.3430063e+17,0.000000
9,7,-16,3.3404003e+17,0.000000
10,-1,52,3.2794911e+17,0.000000
9,-5,-30,3.2385613e+17,0.000000
7,7,-21,3.1850261e+17,0.000000
10,-2,-39,3.1402276e+17,0.000000
9,4,-6,3.1015555e+17,0.000000
8,6,-29,3.0835083e+17,0.000000
8,-5,-29,3.0816767e+17,0.000000
10,-3,-6,3.0510772e+17,0.000000
9,-7,-24,3.0325978e+17,0.000000
10,-4,-26,3.0286759e+17,0.000000
7,4,-42,3.0169815e+17,0.000000
10,-1,54,2.9584182e+17,0.000000
6,5,-37,2.9580872e+17,0.000000
10,2,-50,2.9210253e+17,0.000000
9,-6,-22,2.9194142e+17,0.000000
10,-8,-42,2.8825932e+17,0.000000
10,5,-17,2.8759643e+17,0.000000
8,3,-50,2.7826911e+17,0.000000
10,-6,-10,2.774826e+17,0.000000
10,4,-32,2.7606116e+17,0.000000
6,4,-48,2.7321708e+17,0.000000
9,-4,-28,2.7243189e+17,0.000000
8,5,-25,2.7015482e+17,0.000000
10,6,-14,2.6988602e+17,0.000000
9,3,-46,2.698709e+17,0.000000
8,-5,-30,2.6549873e+17,0.000000
10,-6,-15,2.6381894e+17,0.000000
10,1,32,2.6193995e+17,0.000000
8,-7,-19,2.6109002e+17,0.000000
10,1,-15,2.60679e+17,0.000000
8,-4,-41,2.6020475e+17,0.000000
8,0,-49,2.5738383e+17,0.000000
8,0,49,2.5738383e+17,0.000000
10,1,-4,2.5564243e+17,0.000000
10,-1,-41,2.554665e+17,0.000000
7,-4,-45,2.546019e+17,0.000000
8,-6,-38,2.5368995e+17,0.000000
7,5,-37,2.4856645e+17,0.000000
6,6,-34,2.4800176e+17,0.000000
5,5,-43,2.4569399e+17,0.000000
7,6,-27,2.4449706e+17,0.000000
10,-4,-27,2.4100663e+17,0.000000
10,3,-26,2.3975732e+17,0.000000
9,-2,-33,2.3870631e+17,0.000000
8,-5,-31,2.3716043e+17,0.000000
10,-2,-38,2.3344611e+17,0.000000
8,-8,-22,2.3054163e+17,0.000000
9,4,-35,2.2879275e+17,0.000000
10,-6,-42,2.2601544e+17,0.000000
9,-1,-2,2.251218e+17,0.000000
9,7,-17,2.2378379e+17,0.000000
9,-6,-23,2.1572487e+17,0.000000
10,1,-6,2.1510987e+17,0.000000
10,5,-18,2.1500742e+17,0.000000
9,-7,-43,2.1492481e+17,0.000000
9,5,-30,2.1444434e+17,0.000000
8,4,-44,2.1105906e+17,0.000000
7,-6,-38,2.1072883e+17,0.000000
10,-1,0,2.0946888e+17,0.000000
8,-5,-32,2.0818541e+17,0.000000
10,-3,-23,1.9806545e+17,0.000000
9,2,-41,1.9581818e+17,0.000000
10,4,-42,1.9555464e+17,0.000000
10,5,-10,1.9295663e+17,0.000000
6,4,-49,1.9163957e+17,0.000000
9,-3,-46,1.9156426e+17,0.000000
9,6,-14,1.9082761e+17,0.000000
8,0,-50,1.9073525e+17,0.000000
8,0,50,1.9073525e+17,0.000000
6,4,-51,1.8845187e+17,0.000000
10,-4,-28,1.8720168e+17,0.000000
5,4,-44,1.8716255e+17,0.000000
9,-4,-29,1.8597584e+17,0.000000
9,-7,-25,1.8564869e+17,0.000000
6,5,-38,1.8513455e+17,0.000000
10,4,-33,1.845043e+17,0.000000
8,6,-30,1.830936e+17,0.000000
9,6,-15,1.8213897e+17,0.000000
7,5,-38,1.816636e+17,0.000000
10,-1,-42,1.8070192e+17,0.000000
8,-7,-20,1.7791427e+17,0.000000
8,-5,-33,1.7778981e+17,0.000000
10,1,33,1.7642816e+17,0.000000
9,6,-13,1.7630919e+17,0.000000
8,3,-51,1.7348715e+17,0.000000
7,7,-22,1.706568e+17,0.000000
8,-6,-39,1.6652129e+17,0.000000
9,-5,-31,1.6526709e+17,0.000000
9,6,-16,1.6021681e+17,0.000000
6,4,-50,1.5843135e+17,0.000000
9,-6,-24,1.5694559e+17,0.000000
10,1,-16,1.5679701e+17,0.000000
8,4,-51,1.5577796e+17,0.000000
10,5,-19,1.547895e+17,0.000000
7,4,-43,1.5083345e+17,0.000000
8,-5,-34,1.4926114e+17,0.000000
8,-8,-23,1.4850743e+17,0.000000
10,6,-15,1.4828152e+17,0.000000
7,-4,-46,1.4618715e+17,0.000000
9,7,-18,1.4566292e+17,0.000000
10,-6,-16,1.4507204e+17,0.000000
5,5,-44,1.4479002e+17,0.000000
7,-7,-41,1.4367648e+17,0.000000
6,4,-52,1.4266368e+17,0.000000
9,4,-36,1.4219646e+17,0.000000
6,4,-54,1.4191492e+17,0.000000
7,6,-28,1.4189549e+17,0.000000
9,2,-44,1.4131892e+17,0.000000
10,-4,-29,1.4103235e+17,0.000000
6,4,-53,1.41023e+17,0.000000
9,3,-48,1.3718983e+17,0.000000
9,-2,-34,1.3650518e+17,0.000000
9,2,-42,1.3650082e+17,0.000000
8,5,-26,1.3334856e+17,0.000000
9,6,-17,1.3304231e+17,0.000000
6,6,-35,1.3298489e+17,0.000000
9,6,-12,1.3120205e+17,0.000000
10,4,-34,1.2834322e+17,0.000000
7,5,-39,1.2810428e+17,0.000000
7,-6,-39,1.2719891e+17,0.000000
10,-1,-43,1.2666389e+17,0.000000
9,-4,-30,1.2578121e+17,0.000000
9,-5,-38,1.244178e+17,0.000000
8,-5,-35,1.2146405e+17,0.000000
10,3,-27,1.2099055e+17,0.000000
8,-7,-21,1.1748969e+17,0.000000
10,1,34,1.1665133e+17,0.000000
8,-8,-46,1.1650514e+17,0.000000
6,5,-39,1.1586226e+17,0.000000
10,-7,-47,1.139058e+17,0.000000
8,-6,-47,1.1371359e+17,0.000000
8,-8,-42,1.1355402e+17,0.000000
9,-7,-26,1.1280497e+17,0.000000
8,3,-52,1.1278142e+17,0.000000
9,-6,-25,1.1272527e+17,0.000000
8,4,-45,1.1177278e+17,0.000000
10,9,-10,1.1140581e+17,0.000000
10,-2,-46,1.0978979e+17,0.000000
8,6,-31,1.0921072e+17,0.000000
7,-7,-42,1.0891403e+17,0.000000
10,5,-20,1.0775331e+17,0.000000
9,6,-18,1.0578024e+17,0.000000
9,5,-31,1.0558971e+17,0.000000
10,-4,-30,1.0551286e+17,0.000000
10,-3,-24,1.0349288e+17,0.000000
10,2,-49,1.0255722e+17,0.000000
10,2,-46,1.0215886e+17,0.000000
9,-6,-11,1.0199011e+17,0.000000
8,0,-52,1.0066944e+17,0.000000
8,0,52,1.0066944e+17,0.000000
8,-5,-36,9.7904289e+16,0.000000
8,-8,-24,9.3193473e+16,0.000000
9,3,-49,9.2858742e+16,0.000000
9,7,-19,9.2662728e+16,0.000000
8,-4,-43,9.2108457e+16,0.000000
10,-6,-40,9.1504269e+16,0.000000
7,7,-23,9.0233183e+16,0.000000
7,5,-40,9.0011915e+16,0.000000
10,-3,-7,8.947067e+16,0.000000
9,-7,-41,8.8363172e+16,0.000000
10,-1,-44,8.8338704e+16,0.000000
9,4,-37,8.8318939e+16,0.000000
9,5,-42,8.8286452e+16,0.000000
5,4,-45,8.8158183e+16,0.000000
10,1,-17,8.7509412e+16,0.000000
10,1,-5,8.7390494e+16,0.000000
9,-5,-32,8.5719925e+16,0.000000
9,2,-46,8.5254225e+16,0.000000
5,5,-48,8.4468163e+16,0.000000
10,-2,-40,8.4136678e+16,0.000000
5,5,-45,8.366894e+16,0.000000
10,4,-35,8.2684984e+16,0.000000
7,6,-29,8.206626e+16,0.000000
9,2,-43,8.1277604e+16,0.000000
9,6,-19,8.1249824e+16,0.000000
9,8,-10,8.1084319e+16,0.000000
9,-6,-26,8.0047547e+16,0.000000
7,-4,-47,7.9316062e+16,0.000000
10,1,35,7.9181058e+16,0.000000
7,-6,-40,7.7028253e+16,0.000000
8,-5,-37,7.6761436e+16,0.000000
9,2,-45,7.6576047e+16,0.000000
9,-2,-35,7.6384713e+16,0.000000
10,6,-16,7.6101729e+16,0.000000
8,-7,-22,7.5557381e+16,0.000000
7,4,-44,7.4264229e+16,0.000000
9,-5,-41,7.4184818e+16,0.000000
10,3,-28,7.33816e+16,0.000000
8,5,-27,7.3165159e+16,0.000000
10,5,-21,7.2750641e+16,0.000000
10,-6,-17,7.2669553e+16,0.000000
6,5,-40,7.2469952e+16,0.000000
6,6,-36,7.1648306e+16,0.000000
8,-8,-21,7.0867403e+16,0.000000
8,-3,-48,7.0339721e+16,0.000000
8,8,-13,6.9588631e+16,0.000000
9,2,-47,6.8899989e+16,0.000000
10,-6,-41,6.8737072e+16,0.000000
9,-7,-27,6.7018253e+16,0.000000
6,-5,-54,6.5894955e+16,0.000000
9,2,-48,6.5858624e+16,0.000000
8,4,-46,6.5150298e+16,0.000000
10,-4,-46,6.459025e+16,0.000000
8,6,-32,6.425357e+16,0.000000
9,6,-11,6.3301884e+16,0.000000
7,5,-41,6.2457318e+16,0.000000
8,0,-53,6.2372215e+16,0.000000
8,0,53,6.2372215e+16,0.000000
10,6,-8,6.1968522e+16,0.000000
10,-1,-45,6.1316333e+16,0.000000
9,2,-49,6.1110098e+16,0.000000
8,-5,-38,6.0956976e+16,0.000000
9,6,-20,6.0647833e+16,0.000000
9,-6,-9,6.053794e+16,0.000000
8,8,-14,5.9430214e+16,0.000000
7,-7,-33,5.8089366e+16,0.000000
10,4,-36,5.7893947e+16,0.000000
9,7,-20,5.781592e+16,0.000000
10,3,-29,5.7685627e+16,0.000000
9,-6,-27,5.6334762e+16,0.000000
8,7,-10,5.6326344e+16,0.000000
9,-4,-32,5.6231188e+16,0.000000
9,2,-50,5.6212487e+16,0.000000
10,-4,-32,5.5912338e+16,0.000000
7,-7,-43,5.5548342e+16,0.000000
9,4,-38,5.416703e+16,0.000000
10,10,-11,5.4116947e+16,0.000000
10,3,-30,5.3585873e+16,0.000000
10,-8,-45,5.3107128e+16,0.000000
10,4,-50,5.2663447e+16,0.000000
8,0,-54,5.2243817e+16,0.000000
8,0,54,5.2243817e+16,0.000000
10,3,-31,5.2088651e+16,0.000000
7,5,-42,5.2074006e+16,0.000000
9,5,-32,5.2041109e+16,0.000000
5,4,-46,5.2036468e+16,0.000000
10,-8,-41,5.1649257e+16,0.000000
10,-3,-25,5.1644154e+16,0.000000
8,-4,-44,5.1424759e+16,0.000000
8,-3,-47,5.0461049e+16,0.000000
10,3,-32,4.9522963e+16,0.000000
9,6,-9,4.8985842e+16,0.000000
9,-7,-40,4.8874398e+16,0.000000
5,5,-46,4.8798045e+16,0.000000
10,1,36,4.8256727e+16,0.000000
10,2,-45,4.8193301e+16,0.000000
10,2,-43,4.7875158e+16,0.000000
10,5,-22,4.7755309e+16,0.000000
10,-2,-41,4.7471841e+16,0.000000
9,2,-51,4.7391797e+16,0.000000
7,6,-30,4.736675e+16,0.000000
8,-7,-23,4.7315798e+16,0.000000
8,5,-28,4.7067381e+16,0.000000
7,7,-24,4.7056796e+16,0.000000
7,-6,-41,4.6342627e+16,0.000000
7,-6,-47,4.6040403e+16,0.000000
10,3,-33,4.5756053e+16,0.000000
10,1,-18,4.5669977e+16,0.000000
6,5,-41,4.5297282e+16,0.000000
8,-4,-46,4.4675015e+16,0.000000
9,7,-10,4.4581444e+16,0.000000
9,6,-21,4.4178975e+16,0.000000
9,-5,-37,4.3622762e+16,0.000000
8,8,-12,4.331895e+16,0.000000
9,-7,-46,4.2319599e+16,0.000000
7,-4,-48,4.1922583e+16,0.000000
9,-2,-36,4.1644637e+16,0.000000
10,-1,-46,4.145364e+16,0.000000
8,8,-15,4.1218074e+16,0.000000
9,-7,-28,4.0942202e+16,0.000000
9,-5,-33,4.0808618e+16,0.000000
9,9,-11,4.0807167e+16,0.000000
10,3,-34,4.0390685e+16,0.000000
5,4,-47,3.9769868e+16,0.000000
8,5,-48,3.9447473e+16,0.000000
9,-6,-28,3.9287477e+16,0.000000
6,6,-37,3.8676371e+16,0.000000
8,6,-33,3.8390529e+16,0.000000
10,6,-17,3.6906662e+16,0.000000
7,4,-45,3.66636e+16,0.000000
10,2,-48,3.6389184e+16,0.000000
10,-8,-44,3.6287092e+16,0.000000
10,4,-37,3.5745201e+16,0.000000
5,4,-48,3.5551824e+16,0.000000
9,7,-21,3.5460226e+16,0.000000
8,4,-47,3.5367033e+16,0.000000
10,5,-9,3.5303817e+16,0.000000
8,5,-29,3.4953597e+16,0.000000
8,-5,-40,3.4839525e+16,0.000000
10,3,-35,3.4793949e+16,0.000000
8,8,-11,3.4756518e+16,0.000000
8,4,-52,3.4577121e+16,0.000000
10,0,-1,3.413236e+16,0.000000
10,0,1,3.413236e+16,0.000000
5,4,-49,3.3683146e+16,0.000000
10,-6,-18,3.3571075e+16,0.000000
9,2,-53,3.3567217e+16,0.000000
8,-8,-26,3.3502019e+16,0.000000
9,4,-39,3.3243754e+16,0.000000
5,4,-55,3.3162383e+16,0.000000
5,4,-50,3.2531473e+16,0.000000
5,4,-54,3.2434659e+16,0.000000
10,-3,-3,3.2004103e+16,0.000000
5,4,-53,3.1813136e+16,0.000000
5,4,-51,3.1775461e+16,0.000000
5,4,-52,3.1529127e+16,0.000000
9,6,-22,3.1505063e+16,0.000000
8,-4,-45,3.1398303e+16,0.000000
10,8,-10,3.0548841e+16,0.000000
10,5,-23,3.0532802e+16,0.000000
8,4,-50,3.0378784e+16,0.000000
8,-8,-25,3.0338114e+16,0.000000
10,1,37,3.020339e+16,0.000000
10,4,-41,2.9889048e+16,0.000000
9,-3,-4,2.9739703e+16,0.000000
7,5,-43,2.8944846e+16,0.000000
10,3,-36,2.8837496e+16,0.000000
5,5,-47,2.8724436e+16,0.000000
8,-7,-24,2.8519477e+16,0.000000
6,5,-42,2.8319512e+16,0.000000
10,-4,-34,2.8315103e+16,0.000000
8,5,-30,2.8275988e+16,0.000000
7,-6,-42,2.8158465e+16,0.000000
10,-1,-47,2.8065965e+16,0.000000
7,6,-31,2.7269614e+16,0.000000
9,-6,-29,2.711378e+16,0.000000
7,-7,-46,2.6589151e+16,0.000000
7,-7,-34,2.6521967e+16,0.000000
8,-5,-41,2.6334724e+16,0.000000
8,-8,-41,2.6210533e+16,0.000000
8,8,-16,2.6040397e+16,0.000000
8,-5,-42,2.5814699e+16,0.000000
10,2,-2,2.5678494e+16,0.000000
10,4,-38,2.541452e+16,0.000000
9,-6,-46,2.5216335e+16,0.000000
10,-3,-26,2.5209941e+16,0.000000
8,4,-48,2.4988377e+16,0.000000
9,-4,-34,2.4436137e+16,0.000000
7,7,-25,2.4223656e+16,0.000000
10,3,-37,2.366522e+16,0.000000
9,5,-33,2.3540281e+16,0.000000
8,5,-31,2.3358966e+16,0.000000
7,5,-44,2.3323993e+16,0.000000
10,1,-19,2.3236961e+16,0.000000
9,-7,-29,2.3089454e+16,0.000000
9,-5,-47,2.2873285e+16,0.000000
8,6,-34,2.2329816e+16,0.000000
8,3,-54,2.2219529e+16,0.000000
9,-2,-37,2.2100069e+16,0.000000
7,-7,-40,2.2098964e+16,0.000000
9,6,-23,2.2052853e+16,0.000000
10,-8,-39,2.2026899e+16,0.000000
9,-6,-10,2.1647975e+16,0.000000
10,-5,-14,2.1477875e+16,0.000000
9,7,-22,2.1416036e+16,0.000000
6,6,-38,2.0996165e+16,0.000000
10,-5,-15,2.0542864e+16,0.000000
8,-8,-27,2.0128738e+16,0.000000
9,-5,-34,2.0126656e+16,0.000000
9,4,-40,2.0070816e+16,0.000000
10,-1,-48,2.0038418e+16,0.000000
10,-5,-13,2.0003331e+16,0.000000
8,5,-32,1.9265674e+16,0.000000
10,5,-24,1.9047048e+16,0.000000
10,-4,-35,1.9011533e+16,0.000000
10,7,-9,1.8786685e+16,0.000000
7,4,-46,1.8783635e+16,0.000000
10,3,-38,1.878008e+16,0.000000
9,-6,-30,1.8716738e+16,0.000000
10,6,-9,1.871389e+16,0.000000
8,-8,-39,1.8639541e+16,0.000000
8,-6,-44,1.8606697e+16,0.000000
10,1,38,1.8573589e+16,0.000000
10,-2,-43,1.8058065e+16,0.000000
10,-5,-16,1.8046434e+16,0.000000
10,-4,-36,1.7764066e+16,0.000000
8,-7,-25,1.7694636e+16,0.000000
6,5,-43,1.7646849e+16,0.000000
10,6,-18,1.731514e+16,0.000000
8,7,-11,1.7243161e+16,0.000000
7,-6,-43,1.7090024e+16,0.000000
10,5,-8,1.6805044e+16,0.000000
9,-4,-35,1.5984853e+16,0.000000
10,4,-39,1.5918182e+16,0.000000
9,6,-10,1.5871486e+16,0.000000
10,-5,-12,1.5759248e+16,0.000000
7,6,-32,1.5688751e+16,0.000000
8,8,-17,1.5685358e+16,0.000000
8,7,-12,1.561537e+16,0.000000
8,5,-33,1.5521508e+16,0.000000
9,6,-24,1.5182677e+16,0.000000
10,-6,-19,1.4951467e+16,0.000000
10,3,-39,1.4865873e+16,0.000000
10,3,-40,1.4857213e+16,0.000000
10,-5,-17,1.4849172e+16,0.000000
9,-6,-47,1.4826428e+16,0.000000
8,-5,-43,1.4347986e+16,0.000000
9,-7,-30,1.4332714e+16,0.000000
8,7,-13,1.3799416e+16,0.000000
10,-8,-40,1.3442788e+16,0.000000
7,5,-45,1.3441145e+16,0.000000
8,6,-35,1.342906e+16,0.000000
10,-1,-49,1.3419196e+16,0.000000
7,-7,-35,1.3362799e+16,0.000000
8,4,-49,1.3154507e+16,0.000000
10,1,-20,1.3077573e+16,0.000000
10,-3,-27,1.2942108e+16,0.000000
9,-6,-31,1.274898e+16,0.000000
9,7,-23,1.2747844e+16,0.000000
8,5,-34,1.2330998e+16,0.000000
7,7,-26,1.2288649e+16,0.000000
8,-5,-44,1.2270517e+16,0.000000
9,4,-41,1.2229337e+16,0.000000
8,-8,-28,1.2192297e+16,0.000000
8,-7,-47,1.1803168e+16,0.000000
10,4,-40,1.1784663e+16,0.000000
10,5,-25,1.1601214e+16,0.000000
10,-5,-18,1.1597811e+16,0.000000
8,7,-14,1.1577892e+16,0.000000
6,6,-39,1.1444372e+16,0.000000
9,-2,-38,1.1389591e+16,0.000000
10,1,39,1.1248728e+16,0.000000
10,3,-5,1.1172993e+16,0.000000
10,1,-25,1.1060657e+16,0.000000
8,-8,-44,1.104907e+16,0.000000
9,5,-34,1.1034395e+16,0.000000
6,5,-44,1.1028806e+16,0.000000
10,-4,-5,1.1009966e+16,0.000000
10,1,-24,1.0977176e+16,0.000000
7,4,-47,1.0803844e+16,0.000000
10,6,-48,1.0723185e+16,0.000000
10,1,-26,1.0554891e+16,0.000000
8,-7,-26,1.0533509e+16,0.000000
7,-6,-44,1.0445176e+16,0.000000
9,-4,-36,1.0346724e+16,0.000000
10,1,-23,1.0339207e+16,0.000000
9,6,-25,1.0304105e+16,0.000000
5,5,-49,1.022053e+16,0.000000
8,-5,-46,9.9876626e+15,0.000000
10,1,-21,9.7438435e+15,0.000000
10,3,-42,9.6380249e+15,0.000000
10,1,-27,9.6177139e+15,0.000000
10,1,-22,9.5595731e+15,0.000000
8,5,-35,9.5175145e+15,0.000000
10,-4,-44,9.5158173e+15,0.000000
10,-5,-11,9.5109947e+15,0.000000
10,4,-48,9.4018573e+15,0.000000
10,-2,-44,9.2880467e+15,0.000000
8,-5,-45,9.2873379e+15,0.000000
8,8,-18,9.2038918e+15,0.000000
8,7,-15,9.2003879e+15,0.000000
7,6,-33,9.0073146e+15,0.000000
10,-4,-37,8.9714103e+15,0.000000
10,4,-44,8.9357429e+15,0.000000
10,3,-41,8.8765153e+15,0.000000
10,-10,-39,8.8424045e+15,0.000000
9,-6,-43,8.7413402e+15,0.000000
9,-6,-32,8.7182461e+15,0.000000
10,-5,-19,8.6794223e+15,0.000000
10,1,-28,8.3890012e+15,0.000000
10,6,-19,8.3624262e+15,0.000000
7,5,-46,8.2939227e+15,0.000000
9,-5,-35,8.195172e+15,0.000000
10,-3,-28,8.0314351e+15,0.000000
9,-7,-45,7.9495095e+15,0.000000
10,-6,-9,7.8366701e+15,0.000000
8,6,-36,7.7126372e+15,0.000000
10,-1,-50,7.5082211e+15,0.000000
9,7,-24,7.4914651e+15,0.000000
10,-4,-38,7.4789409e+15,0.000000
9,4,-42,7.4172595e+15,0.000000
10,-6,-20,7.4027898e+15,0.000000
7,4,-48,7.374577e+15,0.000000
10,8,-49,7.3064254e+15,0.000000
8,5,-36,7.2902186e+15,0.000000
10,1,-29,7.0841924e+15,0.000000
8,7,-16,6.9523941e+15,0.000000
10,5,-26,6.9116766e+15,0.000000
9,6,-26,6.9027204e+15,0.000000
9,-2,-2,6.9012972e+15,0.000000
6,5,-45,6.8393696e+15,0.000000
10,-3,-42,6.7726148e+15,0.000000
10,1,40,6.7469522e+15,0.000000
8,-8,-29,6.7404128e+15,0.000000
9,-4,-37,6.6827538e+15,0.000000
10,-7,-39,6.5647099e+15,0.000000
10,3,-47,6.5220712e+15,0.000000
10,-3,-29,6.516459e+15,0.000000
10,-3,-31,6.3797067e+15,0.000000
10,-2,-45,6.3258804e+15,0.000000
10,-3,-30,6.2878898e+15,0.000000
6,6,-40,6.2731348e+15,0.000000
10,-5,-20,6.2662821e+15,0.000000
5,5,-50,6.2506617e+15,0.000000
7,7,-27,6.1586548e+15,0.000000
8,-8,-40,6.1270193e+15,0.000000
7,-7,-36,6.0701646e+15,0.000000
10,-3,-33,6.0351355e+15,0.000000
10,4,-45,5.9970941e+15,0.000000
10,4,-6,5.9413603e+15,0.000000
9,-6,-33,5.9356424e+15,0.000000
7,4,-49,5.9172895e+15,0.000000
9,-2,-39,5.8941727e+15,0.000000
9,-7,-10,5.8782239e+15,0.000000
10,1,-30,5.8111055e+15,0.000000
7,5,-47,5.7565259e+15,0.000000
10,-3,-34,5.5083745e+15,0.000000
10,5,-7,5.4645267e+15,0.000000
8,5,-37,5.440674e+15,0.000000
8,8,-19,5.3197452e+15,0.000000
10,3,-43,5.2613134e+15,0.000000
9,-4,-42,5.2273011e+15,0.000000
7,4,-50,5.206053e+15,0.000000
7,6,-34,5.172595e+15,0.000000
9,-9,-48,5.1463011e+15,0.000000
10,-6,-21,5.0660455e+15,0.000000
8,7,-17,5.0241665e+15,0.000000
7,4,-51,5.0236698e+15,0.000000
8,-7,-39,4.9686453e+15,0.000000
10,-3,-35,4.9008993e+15,0.000000
10,-6,-24,4.8841687e+15,0.000000
10,-4,-39,4.8732052e+15,0.000000
10,-6,-23,4.8658203e+15,0.000000
9,-6,-42,4.7858607e+15,0.000000
9,-5,-36,4.7812687e+15,0.000000
10,-4,-45,4.7495564e+15,0.000000
10,-6,-22,4.7329907e+15,0.000000
8,6,-37,4.6892176e+15,0.000000
10,6,-50,4.6890614e+15,0.000000
10,6,-20,4.6760175e+15,0.000000
10,1,-31,4.6529989e+15,0.000000
10,-6,-25,4.6213629e+15,0.000000
9,6,-27,4.5757353e+15,0.000000
8,-8,-30,4.4456053e+15,0.000000
10,-5,-21,4.3862717e+15,0.000000
10,3,-44,4.3700504e+15,0.000000
9,7,-25,4.3452487e+15,0.000000
9,4,-43,4.2722674e+15,0.000000
9,5,-35,4.2664528e+15,0.000000
7,4,-52,4.2634481e+15,0.000000
9,-4,-38,4.2606655e+15,0.000000
10,-3,-36,4.2563572e+15,0.000000
6,5,-46,4.2510085e+15,0.000000
10,-6,-26,4.168394e+15,0.000000
9,5,-49,4.1596583e+15,0.000000
10,-4,-40,4.1048223e+15,0.000000
9,-7,-32,4.0670155e+15,0.000000
8,5,-38,4.0531262e+15,0.000000
10,5,-27,4.0209269e+15,0.000000
10,1,41,4.0188951e+15,0.000000
5,5,-51,3.9890518e+15,0.000000
9,-6,-34,3.9834306e+15,0.000000
10,2,-47,3.9559204e+15,0.000000
9,7,-47,3.9540377e+15,0.000000
10,-7,-42,3.9041822e+15,0.000000
10,-3,-46,3.8090254e+15,0.000000
9,5,-51,3.7737741e+15,0.000000
10,3,-45,3.7350587e+15,0.000000
7,-7,-45,3.714161e+15,0.000000
7,4,-53,3.6753476e+15,0.000000
10,3,-4,3.6713192e+15,0.000000
10,1,-32,3.6464799e+15,0.000000
8,-7,-28,3.5646341e+15,0.000000
10,-6,-27,3.5595092e+15,0.000000
10,-3,-37,3.5428593e+15,0.000000
8,7,-18,3.4910346e+15,0.000000
6,6,-41,3.4760949e+15,0.000000
10,-5,-10,3.4698082e+15,0.000000
10,6,-21,3.3162646e+15,0.000000
9,-9,-42,3.3137425e+15,0.000000
7,5,-49,3.2779335e+15,0.000000
10,3,-50,3.114428e+15,0.000000
10,4,-43,3.0654092e+15,0.000000
8,8,-20,3.0467865e+15,0.000000
7,7,-28,3.0341624e+15,0.000000
9,6,-28,3.0010982e+15,0.000000
10,-6,-28,2.990483e+15,0.000000
10,-5,-22,2.9879804e+15,0.000000
7,6,-35,2.9629872e+15,0.000000
8,5,-39,2.9495862e+15,0.000000
7,4,-54,2.9364417e+15,0.000000
9,5,-45,2.9157773e+15,0.000000
10,-3,-38,2.8914513e+15,0.000000
9,-2,-40,2.8397818e+15,0.000000
10,6,-22,2.8218177e+15,0.000000
10,1,-33,2.8072324e+15,0.000000
8,-8,-38,2.7797084e+15,0.000000
10,-5,-7,2.7738759e+15,0.000000
8,-8,-31,2.7357005e+15,0.000000
9,-7,-33,2.7163023e+15,0.000000
9,-4,-39,2.7147294e+15,0.000000
9,-6,-35,2.7053236e+15,0.000000
5,5,-52,2.6598313e+15,0.000000
6,5,-47,2.6392886e+15,0.000000
8,6,-38,2.6341866e+15,0.000000
10,-6,-44,2.5849424e+15,0.000000
10,6,-23,2.5481196e+15,0.000000
7,-7,-37,2.5152458e+15,0.000000
9,7,-26,2.495885e+15,0.000000
9,-9,-39,2.482544e+15,0.000000
10,-8,-38,2.4711438e+15,0.000000
9,4,-44,2.4598247e+15,0.000000
9,-9,-44,2.4381078e+15,0.000000
10,1,42,2.4242917e+15,0.000000
10,6,-49,2.3937304e+15,0.000000
10,-3,-39,2.3882911e+15,0.000000
8,7,-19,2.3432331e+15,0.000000
10,-6,-29,2.3319829e+15,0.000000
9,5,-43,2.2965552e+15,0.000000
10,5,-28,2.2932942e+15,0.000000
10,3,-49,2.2791933e+15,0.000000
10,6,-24,2.276339e+15,0.000000
8,5,-40,2.1464917e+15,0.000000
10,-3,-40,2.1454445e+15,0.000000
10,1,-34,2.1257652e+15,0.000000
9,5,-50,2.1199988e+15,0.000000
9,-9,-15,2.0778898e+15,0.000000
9,-7,-34,2.0674853e+15,0.000000
7,5,-50,2.0482574e+15,0.000000
10,1,-3,2.044408e+15,0.000000
9,-9,-16,2.0150274e+15,0.000000
10,-4,-41,2.0131144e+15,0.000000
10,3,-46,2.0120539e+15,0.000000
10,-5,-23,1.9860309e+15,0.000000
9,6,-29,1.956375e+15,0.000000
10,6,-25,1.951804e+15,0.000000
9,-2,-42,1.9451084e+15,0.000000
6,6,-42,1.9307967e+15,0.000000
10,-6,-30,1.9102956e+15,0.000000
9,-7,-35,1.8527303e+15,0.000000
9,5,-36,1.837028e+15,0.000000
5,5,-53,1.8033386e+15,0.000000
9,-6,-36,1.7971508e+15,0.000000
9,-9,-14,1.763697e+15,0.000000
8,8,-21,1.7347794e+15,0.000000
9,-9,-17,1.7299283e+15,0.000000
6,5,-48,1.7213591e+15,0.000000
9,-7,-36,1.7054609e+15,0.000000
10,-6,-37,1.7020863e+15,0.000000
9,-4,-40,1.7004973e+15,0.000000
7,6,-36,1.6998514e+15,0.000000
8,6,-39,1.6363706e+15,0.000000
8,-8,-32,1.6341843e+15,0.000000
10,6,-26,1.6154904e+15,0.000000
10,1,-35,1.5883306e+15,0.000000
10,-7,-16,1.5776221e+15,0.000000
8,-7,-29,1.5626826e+15,0.000000
9,4,-45,1.5580526e+15,0.000000
10,-7,-15,1.5388454e+15,0.000000
8,5,-41,1.5383612e+15,0.000000
8,7,-20,1.5249506e+15,0.000000
10,1,43,1.5098954e+15,0.000000
10,-3,-41,1.5095888e+15,0.000000
10,-10,-41,1.4913892e+15,0.000000
9,-4,-6,1.479858e+15,0.000000
7,7,-29,1.4790075e+15,0.000000
9,-2,-41,1.4733928e+15,0.000000
10,-7,-17,1.463763e+15,0.000000
10,-4,-43,1.454731e+15,0.000000
5,5,-54,1.4434075e+15,0.000000
9,7,-27,1.4142439e+15,0.000000
8,6,-48,1.4010485e+15,0.000000
10,-6,-31,1.3798053e+15,0.000000
7,5,-51,1.3393725e+15,0.000000
10,4,-47,1.333828e+15,0.000000
9,-8,-42,1.3092413e+15,0.000000
10,-7,-14,1.301777e+15,0.000000
10,-5,-24,1.2907488e+15,0.000000
10,-8,-13,1.283358e+15,0.000000
10,4,-49,1.2806519e+15,0.000000
9,-6,-37,1.2799945e+15,0.000000
10,6,-27,1.2756967e+15,0.000000
10,5,-29,1.2718001e+15,0.000000
9,6,-30,1.2620946e+15,0.000000
10,-7,-18,1.2618614e+15,0.000000
10,6,-52,1.2581215e+15,0.000000
10,6,-53,1.2124368e+15,0.000000
10,-3,-43,1.2020344e+15,0.000000
9,-9,-40,1.1973657e+15,0.000000
8,5,-42,1.1856149e+15,0.000000
10,6,-46,1.176387e+15,0.000000
10,1,-36,1.1711389e+15,0.000000
9,2,-3,1.1678655e+15,0.000000
9,5,-41,1.1580444e+15,0.000000
9,-9,-47,1.1330441e+15,0.000000
10,-6,-32,1.121766e+15,0.000000
6,6,-43,1.1137375e+15,0.000000
8,-7,-30,1.1045058e+15,0.000000
10,3,-48,1.0800515e+15,0.000000
9,-4,-41,1.0699402e+15,0.000000
8,-7,-42,1.0464695e+15,0.000000
8,-8,-33,1.0403875e+15,0.000000
9,-8,-16,1.0361505e+15,0.000000
10,-7,-19,1.0284256e+15,0.000000
6,5,-49,1.0201362e+15,0.000000
8,-7,-41,1.0071221e+15,0.000000
10,1,44,9.9717142e+14,0.000000
10,6,-28,9.9159045e+14,0.000000
9,-6,-41,9.8635571e+14,0.000000
9,-8,-15,9.8514397e+14,0.000000
10,-8,-12,9.8383011e+14,0.000000
8,8,-22,9.8361363e+14,0.000000
10,-6,-36,9.7721009e+14,0.000000
10,-8,-14,9.7229852e+14,0.000000
7,6,-37,9.7182609e+14,0.000000
8,7,-21,9.6505425e+14,0.000000
9,-8,-17,9.502323e+14,0.000000
10,6,-45,9.3422727e+14,0.000000
9,-5,-40,9.3231737e+14,0.000000
10,-5,-42,9.2201221e+14,0.000000
9,-8,-46,9.0958875e+14,0.000000
8,6,-40,8.9897606e+14,0.000000
10,-7,-13,8.8435251e+14,0.000000
8,-8,-36,8.7845134e+14,0.000000
7,-7,-38,8.6770981e+14,0.000000
7,5,-52,8.5706283e+14,0.000000
10,1,-37,8.5484511e+14,0.000000
10,9,-11,8.4936647e+14,0.000000
9,5,-44,8.4351117e+14,0.000000
9,-7,-44,8.2356987e+14,0.000000
10,-5,-25,8.2088345e+14,0.000000
10,-5,-8,8.1520801e+14,0.000000
9,6,-31,8.1355024e+14,0.000000
10,4,-46,8.0746972e+14,0.000000
9,7,-46,8.0727959e+14,0.000000
10,-7,-20,8.0204908e+14,0.000000
9,-6,-38,8.0045722e+14,0.000000
9,7,-28,7.982538e+14,0.000000
9,-8,-18,7.961507e+14,0.000000
9,4,-46,7.9571357e+14,0.000000
8,5,-43,7.7767236e+14,0.000000
9,-6,-40,7.5769069e+14,0.000000
10,-6,-33,7.5429322e+14,0.000000
9,-7,-37,7.5060542e+14,0.000000
9,-8,-14,7.5006032e+14,0.000000
10,6,-29,7.2895291e+14,0.000000
10,1,45,7.1141077e+14,0.000000
9,-9,-38,7.1041581e+14,0.000000
7,7,-30,7.0408481e+14,0.000000
10,5,-30,6.9259543e+14,0.000000
8,-8,-34,6.8484644e+14,0.000000
8,6,-50,6.8454501e+14,0.000000
7,5,-54,6.8435737e+14,0.000000
9,1,-1,6.7499162e+14,0.000000
8,-8,-35,6.5879135e+14,0.000000
9,-2,-43,6.4846896e+14,0.000000
6,6,-44,6.4368326e+14,0.000000
10,-6,-34,6.3888142e+14,0.000000
6,5,-50,6.3754672e+14,0.000000
9,-8,-19,6.2685482e+14,0.000000
10,1,-38,6.2081405e+14,0.000000
10,-6,-38,6.13922e+14,0.000000
10,-7,-46,6.1031734e+14,0.000000
10,-8,-15,6.0878483e+14,0.000000
10,-7,-21,6.03755e+14,0.000000
8,7,-22,5.9520394e+14,0.000000
8,5,-44,5.9385337e+14,0.000000
9,-2,-44,5.859179e+14,0.000000
9,-2,-46,5.8249709e+14,0.000000
9,-2,-45,5.78055e+14,0.000000
10,4,-52,5.7493102e+14,0.000000
9,-7,-38,5.7166829e+14,0.000000
8,6,-41,5.5878291e+14,0.000000
7,6,-38,5.5657406e+14,0.000000
8,8,-23,5.5607368e+14,0.000000
10,1,46,5.5065845e+14,0.000000
10,6,-30,5.4899766e+14,0.000000
9,-2,-48,5.4692369e+14,0.000000
9,-6,-39,5.3930945e+14,0.000000
9,-9,-45,5.3622817e+14,0.000000
9,5,-37,5.2001986e+14,0.000000
9,6,-32,5.1825241e+14,0.000000
10,-5,-26,5.1172271e+14,0.000000
9,-8,-20,4.7096267e+14,0.000000
10,10,-12,4.7015165e+14,0.000000
9,-9,-33,4.635299e+14,0.000000
9,-4,-43,4.6000507e+14,0.000000
9,4,-47,4.5711501e+14,0.000000
10,1,47,4.5471827e+14,0.000000
9,7,-55,4.5389133e+14,0.000000
10,-5,-46,4.4921458e+14,0.000000
9,4,-48,4.4506875e+14,0.000000
10,1,-39,4.42564e+14,0.000000
9,7,-29,4.4175274e+14,0.000000
10,-7,-22,4.4154205e+14,0.000000
10,-6,-35,4.2202602e+14,0.000000
8,-7,-46,4.1875044e+14,0.000000
10,-7,-12,4.0858142e+14,0.000000
6,5,-51,4.0194182e+14,0.000000
6,6,-45,3.9890143e+14,0.000000
10,1,48,3.928838e+14,0.000000
9,8,-11,3.8834725e+14,0.000000
8,5,-45,3.8490473e+14,0.000000
9,-8,-13,3.804293e+14,0.000000
10,6,-31,3.7645404e+14,0.000000
10,5,-31,3.649589e+14,0.000000
9,5,-46,3.6294319e+14,0.000000
8,7,-23,3.5845851e+14,0.000000
9,7,-53,3.5149584e+14,0.000000
10,-8,-16,3.4995134e+14,0.000000
9,-5,-43,3.4890019e+14,0.000000
10,1,49,3.4561145e+14,0.000000
10,6,-44,3.4247733e+14,0.000000
8,6,-42,3.3440475e+14,0.000000
7,7,-31,3.3316933e+14,0.000000
9,6,-33,3.3141004e+14,0.000000
7,6,-39,3.1723298e+14,0.000000
10,-7,-23,3.1510248e+14,0.000000
10,1,-40,3.1370708e+14,0.000000
8,8,-24,3.1346516e+14,0.000000
10,-5,-27,3.1205518e+14,0.000000
10,-8,-36,3.1199584e+14,0.000000
9,-9,-22,3.0929127e+14,0.000000
10,-7,-41,3.064665e+14,0.000000
10,6,-47,3.0495812e+14,0.000000
9,-4,-46,3.0418743e+14,0.000000
10,-5,-9,2.9848905e+14,0.000000
8,-8,-37,2.9798416e+14,0.000000
9,5,-47,2.919224e+14,0.000000
9,-5,-44,2.9005402e+14,0.000000
10,1,50,2.8967637e+14,0.000000
10,6,-32,2.8493457e+14,0.000000
7,-7,-44,2.8343808e+14,0.000000
10,-7,-44,2.7764051e+14,0.000000
8,6,-46,2.7602229e+14,0.000000
8,5,-46,2.6670939e+14,0.000000
6,5,-52,2.5713662e+14,0.000000
9,9,-12,2.5532148e+14,0.000000
9,-4,-44,2.5375324e+14,0.000000
6,6,-46,2.4834071e+14,0.000000
9,7,-30,2.4738677e+14,0.000000
8,6,-49,2.4372678e+14,0.000000
9,4,-50,2.414166e+14,0.000000
8,-7,-27,2.3802336e+14,0.000000
10,7,-15,2.3388234e+14,0.000000
10,7,-14,2.3304937e+14,0.000000
9,7,-52,2.2438391e+14,0.000000
9,4,-51,2.2256273e+14,0.000000
10,1,-41,2.2141268e+14,0.000000
10,-5,-44,2.1358849e+14,0.000000
10,-7,-24,2.1303954e+14,0.000000
8,6,-44,2.1272999e+14,0.000000
10,7,-16,2.1189603e+14,0.000000
8,7,-24,2.1106194e+14,0.000000
9,6,-34,2.0902462e+14,0.000000
10,-8,-43,2.0780316e+14,0.000000
9,-4,-45,2.0261319e+14,0.000000
9,-9,-18,1.9906211e+14,0.000000
10,7,-13,1.9789309e+14,0.000000
9,5,-38,1.970146e+14,0.000000
10,-8,-17,1.943103e+14,0.000000
9,-6,-44,1.9020492e+14,0.000000
10,-5,-28,1.8930375e+14,0.000000
10,5,-32,1.878949e+14,0.000000
8,5,-47,1.8540255e+14,0.000000
8,6,-43,1.8461674e+14,0.000000
8,6,-45,1.8325542e+14,0.000000
7,6,-40,1.8131896e+14,0.000000
10,6,-33,1.7958568e+14,0.000000
10,7,-17,1.7860582e+14,0.000000
10,-3,-5,1.7785531e+14,0.000000
8,8,-25,1.7647409e+14,0.000000
9,7,-49,1.6986789e+14,0.000000
6,6,-47,1.6773427e+14,0.000000
8,-7,-33,1.6612983e+14,0.000000
10,-6,-39,1.6317209e+14,0.000000
10,8,-51,1.6297105e+14,0.000000
8,6,-53,1.6181925e+14,0.000000
6,6,-48,1.6031396e+14,0.000000
9,-9,-43,1.5957791e+14,0.000000
9,-8,-44,1.5797724e+14,0.000000
10,-2,-2,1.577822e+14,0.000000
10,1,-42,1.549301e+14,0.000000
6,5,-53,1.5444561e+14,0.000000
10,8,-12,1.5386172e+14,0.000000
8,-8,-45,1.517834e+14,0.000000
10,-7,-25,1.5149642e+14,0.000000
7,7,-32,1.5114847e+14,0.000000
10,-7,-40,1.5101802e+14,0.000000
10,6,-34,1.4279922e+14,0.000000
10,7,-18,1.4253466e+14,0.000000
10,-10,-45,1.3807108e+14,0.000000
9,4,-49,1.3792436e+14,0.000000
10,1,0,1.3680652e+14,0.000000
9,6,-35,1.3348779e+14,0.000000
9,7,-31,1.3255953e+14,0.000000
9,-8,-45,1.3219901e+14,0.000000
10,8,-11,1.3211366e+14,0.000000
10,8,-52,1.3184743e+14,0.000000
9,-9,-24,1.3158721e+14,0.000000
8,6,-52,1.2902764e+14,0.000000
10,-10,-44,1.2891859e+14,0.000000
10,-4,-6,1.284055e+14,0.000000
10,7,-12,1.2542243e+14,0.000000
9,-8,-41,1.2351332e+14,0.000000
10,8,-13,1.2224662e+14,0.000000
8,7,-25,1.2168068e+14,0.000000
6,5,-54,1.2138113e+14,0.000000
9,-1,-1,1.2056248e+14,0.000000
9,-8,-24,1.187413e+14,0.000000
9,5,-40,1.173954e+14,0.000000
10,5,-44,1.1512125e+14,0.000000
10,-8,-35,1.1222186e+14,0.000000
9,5,-54,1.0967147e+14,0.000000
10,1,-44,1.0900506e+14,0.000000
10,7,-19,1.0888516e+14,0.000000
10,-5,-29,1.0862269e+14,0.000000
10,-8,-18,1.084106e+14,0.000000
10,1,-43,1.079285e+14,0.000000
10,-7,-45,1.0465903e+14,0.000000
7,6,-41,1.0316532e+14,0.000000
10,-7,-26,1.0263764e+14,0.000000
10,6,-42,1.0086627e+14,0.000000
8,8,-26,9.9065522e+13,0.000000
6,6,-49,9.8329643e+13,0.000000
8,5,-49,9.6418924e+13,0.000000
10,-8,-37,9.5631062e+13,0.000000
10,7,-47,9.5256817e+13,0.000000
9,-9,-37,9.5186116e+13,0.000000
10,10,-52,9.4733752e+13,0.000000
10,5,-33,9.2391342e+13,0.000000
7,7,-47,9.1114625e+13,0.000000
9,6,-36,8.2969129e+13,0.000000
10,5,-42,8.2262215e+13,0.000000
8,-7,-34,8.2160626e+13,0.000000
8,-7,-44,8.1249804e+13,0.000000
8,8,-49,8.1107765e+13,0.000000
10,7,-20,8.0207908e+13,0.000000
10,6,-35,7.9414012e+13,0.000000
10,-7,-11,7.589868e+13,0.000000
6,6,-50,7.5080851e+13,0.000000
9,7,-32,7.487525e+13,0.000000
9,5,-39,7.4133718e+13,0.000000
8,-8,-43,7.1546742e+13,0.000000
10,6,-36,7.1096242e+13,0.000000
7,7,-33,6.9474366e+13,0.000000
8,7,-26,6.8706026e+13,0.000000
10,8,-14,6.7522888e+13,0.000000
8,5,-50,6.668494e+13,0.000000
6,6,-51,6.3766491e+13,0.000000
10,-8,-19,6.3431205e+13,0.000000
10,-5,-30,6.108867e+13,0.000000
7,6,-42,5.8800285e+13,0.000000
10,-7,-27,5.8697248e+13,0.000000
10,7,-21,5.726429e+13,0.000000
6,6,-52,5.718587e+13,0.000000
6,6,-53,5.6511229e+13,0.000000
8,8,-27,5.5689472e+13,0.000000
10,-5,-41,5.4473713e+13,0.000000
10,7,-10,5.4467971e+13,0.000000
10,1,-45,5.3552653e+13,0.000000
5,5,-55,5.3278486e+13,0.000000
9,-8,-26,5.3062226e+13,0.000000
9,6,-37,5.3018221e+13,0.000000
9,-8,-39,4.9084688e+13,0.000000
6,6,-54,4.8536718e+13,0.000000
10,-7,-28,4.6062161e+13,0.000000
10,5,-34,4.5187241e+13,0.000000
8,5,-51,4.4096658e+13,0.000000
8,6,-47,4.3483712e+13,0.000000
9,-9,-26,4.1957752e+13,0.000000
8,6,-54,4.1375933e+13,0.000000
8,-7,-43,4.109593e+13,0.000000
8,-7,-35,4.0587322e+13,0.000000
10,-8,-20,4.0290715e+13,0.000000
10,7,-22,3.977869e+13,0.000000
10,-7,-43,3.8910494e+13,0.000000
10,7,-11,3.8314417e+13,0.000000
8,7,-27,3.8061963e+13,0.000000
9,7,-33,3.7982888e+13,0.000000
9,7,-48,3.7306263e+13,0.000000
10,6,-38,3.6725581e+13,0.000000
10,5,-49,3.5624026e+13,0.000000
10,1,-46,3.5175518e+13,0.000000
10,8,-15,3.4932568e+13,0.000000
10,-5,-31,3.4574545e+13,0.000000
9,-8,-27,3.4492453e+13,0.000000
10,-8,-34,3.4299926e+13,0.000000
7,6,-43,3.3424144e+13,0.000000
10,-9,-47,3.3403427e+13,0.000000
10,5,-43,3.2988265e+13,0.000000
9,9,-14,3.2825402e+13,0.000000
9,6,-38,3.2652234e+13,0.000000
10,6,-37,3.2358459e+13,0.000000
8,8,-28,3.1148366e+13,0.000000
10,-10,-40,3.1107579e+13,0.000000
9,-9,-27,3.0157015e+13,0.000000
9,9,-13,2.9248747e+13,0.000000
7,7,-34,2.8947469e+13,0.000000
9,6,-48,2.8448579e+13,0.000000
9,9,-15,2.8023658e+13,0.000000
10,-9,-42,2.7565572e+13,0.000000
10,7,-23,2.6962217e+13,0.000000
9,-8,-28,2.5375509e+13,0.000000
10,-9,-48,2.5218631e+13,0.000000
10,5,-46,2.5218034e+13,0.000000
8,5,-52,2.5153298e+13,0.000000
10,-5,-38,2.5073154e+13,0.000000
9,8,-15,2.4572821e+13,0.000000
10,1,-47,2.3964828e+13,0.000000
9,8,-14,2.3690318e+13,0.000000
9,7,-34,2.255751e+13,0.000000
10,-5,-45,2.2368408e+13,0.000000
10,-9,-44,2.2366549e+13,0.000000
9,8,-16,2.1650763e+13,0.000000
9,9,-16,2.1504375e+13,0.000000
9,6,-39,2.0889556e+13,0.000000
8,7,-28,2.0642978e+13,0.000000
9,-8,-40,2.0503279e+13,0.000000
10,-10,-42,2.0360555e+13,0.000000
10,5,-35,2.0097914e+13,0.000000
9,4,-52,1.9912193e+13,0.000000
8,-7,-36,1.9844044e+13,0.000000
7,6,-44,1.9567191e+13,0.000000
10,6,-40,1.9279484e+13,0.000000
10,-7,-30,1.9199742e+13,0.000000
10,-5,-37,1.8943266e+13,0.000000
7,7,-46,1.8777769e+13,0.000000
10,-5,-32,1.8740207e+13,0.000000
10,8,-16,1.8376568e+13,0.000000
9,-9,-28,1.8348059e+13,0.000000
10,7,-24,1.7881165e+13,0.000000
8,8,-29,1.7558839e+13,0.000000
10,1,-48,1.736879e+13,0.000000
9,8,-17,1.7313277e+13,0.000000
10,1,52,1.6697592e+13,0.000000
9,8,-13,1.669427e+13,0.000000
9,-9,-36,1.6163483e+13,0.000000
9,-8,-29,1.5879943e+13,0.000000
10,-8,-24,1.5530647e+13,0.000000
9,9,-17,1.5489823e+13,0.000000
10,-10,-38,1.5004711e+13,0.000000
9,-8,-48,1.4577818e+13,0.000000
10,6,-43,1.4169506e+13,0.000000
9,-8,-38,1.4150585e+13,0.000000
10,5,-50,1.3298438e+13,0.000000
9,8,-18,1.2981795e+13,0.000000
7,7,-35,1.2842291e+13,0.000000
9,6,-40,1.2718637e+13,0.000000
8,5,-54,1.2269568e+13,0.000000
10,8,-50,1.1973857e+13,0.000000
10,-9,-39,1.1766839e+13,0.000000
10,1,54,1.1669248e+13,0.000000
10,7,-25,1.1622729e+13,0.000000
9,8,-49,1.1567516e+13,0.000000
10,-9,-45,1.1566298e+13,0.000000
9,-9,-29,1.1530752e+13,0.000000
9,-8,-30,1.1239488e+13,0.000000
10,6,-41,1.1043437e+13,0.000000
8,7,-29,1.1007746e+13,0.000000
7,6,-45,1.0990764e+13,0.000000
10,1,-49,1.0853986e+13,0.000000
9,9,-18,1.0660809e+13,0.000000
10,-8,-26,1.046212e+13,0.000000
10,5,-45,1.0415083e+13,0.000000
7,7,-55,1.0195275e+13,0.000000
9,7,-35,1.0192152e+13,0.000000
10,8,-17,1.0114388e+13,0.000000
10,-8,-27,9.8864783e+12,0.000000
8,8,-30,9.7734723e+12,0.000000
10,-5,-33,9.7086475e+12,0.000000
10,6,-51,9.6379806e+12,0.000000
10,5,-36,9.5509878e+12,0.000000
9,7,-51,9.4963853e+12,0.000000
9,8,-19,9.3145231e+12,0.000000
10,-10,-36,9.2198382e+12,0.000000
10,8,-48,9.059358e+12,0.000000
9,6,-41,8.1635748e+12,0.000000
10,-8,-28,8.0301255e+12,0.000000
10,7,-49,7.8479555e+12,0.000000
9,-8,-31,7.5300586e+12,0.000000
10,7,-26,7.4251604e+12,0.000000
9,7,-43,7.3742297e+12,0.000000
10,-7,-32,7.3654474e+12,0.000000
10,8,-54,7.3502647e+12,0.000000
9,-8,-36,7.295603e+12,0.000000
10,-10,-37,7.2646159e+12,0.000000
9,6,-50,7.1664938e+12,0.000000
9,9,-19,7.097971e+12,0.000000
9,-9,-30,7.0194175e+12,0.000000
9,7,-36,6.8806898e+12,0.000000
9,8,-20,6.4776132e+12,0.000000
9,8,-12,6.4115153e+12,0.000000
10,1,-50,6.2923853e+12,0.000000
10,-9,-40,6.2591348e+12,0.000000
7,7,-52,6.188326e+12,0.000000
7,6,-46,6.0963354e+12,0.000000
10,8,-47,6.0456729e+12,0.000000
10,-10,-43,5.9813238e+12,0.000000
10,8,-18,5.8705879e+12,0.000000
8,6,-51,5.8596455e+12,0.000000
8,7,-30,5.7096174e+12,0.000000
7,7,-53,5.571914e+12,0.000000
8,8,-31,5.5703085e+12,0.000000
10,5,-47,5.2699343e+12,0.000000
9,6,-42,5.0572851e+12,0.000000
10,-5,-34,5.0050537e+12,0.000000
9,-8,-32,4.9238535e+12,0.000000
10,-7,-33,4.7746497e+12,0.000000
7,7,-36,4.7055447e+12,0.000000
9,7,-44,4.7007101e+12,0.000000
10,7,-27,4.6604323e+12,0.000000
10,5,-37,4.5888566e+12,0.000000
9,9,-20,4.5888428e+12,0.000000
10,9,-12,4.4976452e+12,0.000000
10,5,-41,4.4702106e+12,0.000000
9,9,-47,4.4484439e+12,0.000000
10,-8,-30,4.4173415e+12,0.000000
9,8,-21,4.3961564e+12,0.000000
9,-8,-37,4.3899587e+12,0.000000
10,-3,-4,4.2495886e+12,0.000000
10,8,-19,3.6037121e+12,0.000000
10,7,-53,3.4989082e+12,0.000000
7,6,-47,3.4966124e+12,0.000000
9,-8,-33,3.3540849e+12,0.000000
10,-7,-36,3.324044e+12,0.000000
9,6,-43,3.2498822e+12,0.000000
10,-7,-34,3.1767591e+12,0.000000
7,6,-48,3.1259006e+12,0.000000
10,10,-13,3.1053237e+12,0.000000
10,1,-52,3.0915744e+12,0.000000
10,-9,-38,3.0677831e+12,0.000000
8,8,-32,3.0631363e+12,0.000000
9,6,-52,3.0254386e+12,0.000000
9,6,-44,3.009036e+12,0.000000
10,6,-39,3.0069846e+12,0.000000
8,7,-31,2.926615e+12,0.000000
9,8,-22,2.9263123e+12,0.000000
10,7,-28,2.8919674e+12,0.000000
10,-8,-32,2.8747646e+12,0.000000
9,9,-21,2.8743941e+12,0.000000
10,-8,-31,2.6935993e+12,0.000000
9,-9,-32,2.6470398e+12,0.000000
10,7,-52,2.5811124e+12,0.000000
10,7,-50,2.4542935e+12,0.000000
9,7,-37,2.4343581e+12,0.000000
10,-5,-35,2.3587213e+12,0.000000
10,-10,-35,2.35788e+12,0.000000
10,8,-20,2.3368263e+12,0.000000
9,-8,-34,2.3345121e+12,0.000000
10,-7,-35,2.2907434e+12,0.000000
10,5,-38,2.2743721e+12,0.000000
9,-9,-31,2.2465861e+12,0.000000
9,-8,-43,2.2301129e+12,0.000000
10,5,-39,2.1895397e+12,0.000000
9,7,-38,2.1645977e+12,0.000000
10,-8,-33,2.1622095e+12,0.000000
10,7,-46,2.0535884e+12,0.000000
7,7,-37,1.9536598e+12,0.000000
9,6,-49,1.9398253e+12,0.000000
9,8,-23,1.9174139e+12,0.000000
9,6,-45,1.8978443e+12,0.000000
8,8,-33,1.7952929e+12,0.000000
9,9,-22,1.7743418e+12,0.000000
10,5,-54,1.758535e+12,0.000000
10,7,-29,1.7578056e+12,0.000000
10,-7,-38,1.7389255e+12,0.000000
9,6,-53,1.6868766e+12,0.000000
9,7,-50,1.6843602e+12,0.000000
7,7,-48,1.6194327e+12,0.000000
9,-8,-35,1.6148813e+12,0.000000
10,5,-40,1.6004527e+12,0.000000
10,8,-21,1.5894627e+12,0.000000
10,8,-55,1.4735542e+12,0.000000
8,7,-32,1.4408493e+12,0.000000
9,6,-46,1.3502342e+12,0.000000
10,-5,-36,1.3404131e+12,0.000000
8,8,-52,1.3355272e+12,0.000000
9,-9,-34,1.334363e+12,0.000000
10,7,-55,1.3155234e+12,0.000000
10,-7,-37,1.2924864e+12,0.000000
9,8,-24,1.2395373e+12,0.000000
7,6,-49,1.1980468e+12,0.000000
7,7,-49,1.1441073e+12,0.000000
7,6,-50,1.1417039e+12,0.000000
9,6,-47,1.1311669e+12,0.000000
10,8,-22,1.1225229e+12,0.000000
9,9,-23,1.0756331e+12,0.000000
10,7,-30,1.0724603e+12,0.000000
10,-9,-33,1.038593e+12,0.000000
8,8,-34,9.5380924e+11,0.000000
10,7,-48,8.5603044e+11,0.000000
10,8,-23,8.1210875e+11,0.000000
9,8,-25,7.9250465e+11,0.000000
8,7,-46,7.7453767e+11,0.000000
8,7,-33,6.970218e+11,0.000000
9,-9,-35,6.5087977e+11,0.000000
9,9,-24,6.4202248e+11,0.000000
10,7,-31,6.2903297e+11,0.000000
10,5,-51,6.1336422e+11,0.000000
10,8,-24,5.9662307e+11,0.000000
8,8,-35,5.946492e+11,0.000000
10,-5,-40,5.6105207e+11,0.000000
9,7,-40,5.5933485e+11,0.000000
8,8,-53,5.5850091e+11,0.000000
10,7,-54,5.420765e+11,0.000000
7,7,-38,5.4019908e+11,0.000000
7,6,-52,5.1197577e+11,0.000000
9,7,-39,5.0167967e+11,0.000000
9,8,-26,5.0161687e+11,0.000000
8,8,-51,4.5470197e+11,0.000000
7,6,-51,4.4800186e+11,0.000000
6,6,-55,4.4662159e+11,0.000000
10,8,-25,4.3747085e+11,0.000000
8,8,-48,4.1182333e+11,0.000000
8,8,-50,3.9813323e+11,0.000000
10,7,-32,3.794599e+11,0.000000
9,9,-25,3.7734558e+11,0.000000
10,2,-3,3.6315855e+11,0.000000
9,7,-42,3.5536893e+11,0.000000
10,8,-26,3.229929e+11,0.000000
8,7,-34,3.2027268e+11,0.000000
9,8,-27,3.1522137e+11,0.000000
10,-1,-2,3.0739239e+11,0.000000
10,9,-47,3.0338528e+11,0.000000
8,8,-54,2.9885835e+11,0.000000
10,-5,-43,2.983975e+11,0.000000
10,-9,-37,2.9462667e+11,0.000000
8,8,-36,2.9446262e+11,0.000000
9,7,-45,2.8409371e+11,0.000000
10,-9,-16,2.6488472e+11,0.000000
9,9,-52,2.5271111e+11,0.000000
10,8,-27,2.3183999e+11,0.000000
10,-9,-17,2.2575677e+11,0.000000
10,7,-51,2.224758e+11,0.000000
10,8,-45,2.197787e+11,0.000000
9,9,-26,2.1937951e+11,0.000000
10,7,-33,2.1705801e+11,0.000000
7,6,-53,2.1431153e+11,0.000000
9,8,-52,2.0732745e+11,0.000000
8,8,-37,2.0460869e+11,0.000000
9,8,-28,1.9631887e+11,0.000000
7,7,-39,1.8648431e+11,0.000000
7,7,-50,1.8215151e+11,0.000000
10,-9,-15,1.7735552e+11,0.000000
10,8,-28,1.7143641e+11,0.000000
7,7,-51,1.7057331e+11,0.000000
8,7,-35,1.444044e+11,0.000000
7,7,-44,1.4300717e+11,0.000000
10,7,-43,1.4000259e+11,0.000000
9,7,-41,1.364647e+11,0.000000
8,7,-53,1.3636679e+11,0.000000
9,6,-51,1.3348047e+11,0.000000
10,7,-34,1.2884195e+11,0.000000
9,9,-27,1.2549209e+11,0.000000
9,8,-29,1.2212973e+11,0.000000
7,7,-43,1.1764541e+11,0.000000
10,8,-29,1.1632546e+11,0.000000
8,7,-47,1.113612e+11,0.000000
8,8,-47,1.1118988e+11,0.000000
8,7,-49,9.5551442e+10,0.000000
9,8,-51,9.4593798e+10,0.000000
8,7,-52,9.1306903e+10,0.000000
8,8,-38,9.0544296e+10,0.000000
10,8,-30,8.9977411e+10,0.000000
9,-2,-3,8.1157193e+10,0.000000
10,-9,-24,7.6981284e+10,0.000000
10,-9,-43,7.5050408e+10,0.000000
9,8,-30,7.4925859e+10,0.000000
8,8,-39,7.2803633e+10,0.000000
10,-9,-14,7.1775669e+10,0.000000
9,9,-28,7.166767e+10,0.000000
10,7,-35,6.9012128e+10,0.000000
8,7,-48,6.6558898e+10,0.000000
10,-9,-36,6.0996313e+10,0.000000
8,7,-55,5.6713332e+10,0.000000
8,7,-36,5.6621087e+10,0.000000
9,8,-50,5.6513386e+10,0.000000
8,8,-55,5.6110698e+10,0.000000
10,8,-31,5.373225e+10,0.000000
10,10,-53,5.1815299e+10,0.000000
10,7,-44,5.1755657e+10,0.000000
7,7,-45,4.8631592e+10,0.000000
10,9,-53,4.7868999e+10,0.000000
10,8,-32,4.7704747e+10,0.000000
9,8,-31,4.6590016e+10,0.000000
10,7,-36,4.4337457e+10,0.000000
9,9,-53,4.3176699e+10,0.000000
9,9,-50,4.1917405e+10,0.000000
10,8,-46,4.095966e+10,0.000000
9,9,-29,3.9823213e+10,0.000000
9,8,-47,3.7817648e+10,0.000000
8,7,-50,3.7349226e+10,0.000000
10,9,-52,3.5209236e+10,0.000000
7,7,-41,2.9420096e+10,0.000000
9,8,-32,2.8146028e+10,0.000000
8,8,-41,2.7990703e+10,0.000000
10,8,-34,2.7526186e+10,0.000000
8,8,-40,2.5299623e+10,0.000000
10,-10,-34,2.4665526e+10,0.000000
8,7,-37,2.3447681e+10,0.000000
9,9,-30,2.2702461e+10,0.000000
10,10,-51,2.2185016e+10,0.000000
7,7,-42,2.1954969e+10,0.000000
7,7,-40,2.1945349e+10,0.000000
10,8,-33,2.166751e+10,0.000000
10,7,-37,2.0337166e+10,0.000000
9,9,-49,2.0268858e+10,0.000000
10,8,-44,2.0193219e+10,0.000000
9,9,-48,1.9649089e+10,0.000000
10,7,-45,1.9295043e+10,0.000000
10,10,-54,1.8854763e+10,0.000000
10,-9,-29,1.8063691e+10,0.000000
10,8,-36,1.7619732e+10,0.000000
9,8,-33,1.7600356e+10,0.000000
10,9,-13,1.7408231e+10,0.000000
10,10,-14,1.7027086e+10,0.000000
10,7,-38,1.4685158e+10,0.000000
10,8,-40,1.3994576e+10,0.000000
10,8,-53,1.3865557e+10,0.000000
10,8,-38,1.3384138e+10,0.000000
9,9,-31,1.2082064e+10,0.000000
9,8,-48,1.1662439e+10,0.000000
8,7,-54,1.1547573e+10,0.000000
8,8,-43,1.122006e+10,0.000000
10,9,-51,1.0965296e+10,0.000000
10,8,-42,1.0740297e+10,0.000000
9,8,-34,1.0473385e+10,0.000000
10,8,-43,1.0260048e+10,0.000000
10,9,-19,9.7814076e+09,0.000000
8,8,-45,8.677373e+09,0.000000
10,9,-18,8.3353609e+09,0.000000
10,9,-17,8.2433262e+09,0.000000
10,9,-16,8.0156617e+09,0.000000
10,9,-20,7.8507882e+09,0.000000
10,10,-49,7.6991827e+09,0.000000
8,7,-44,7.5914763e+09,0.000000
8,8,-42,7.5698861e+09,0.000000
9,9,-51,7.544344e+09,0.000000
8,7,-38,7.3584134e+09,0.000000
9,8,-53,7.155311e+09,0.000000
9,9,-32,7.1325421e+09,0.000000
10,8,-35,6.8894824e+09,0.000000
10,9,-15,6.8366795e+09,0.000000
9,8,-35,6.6533304e+09,0.000000
8,8,-46,6.0501505e+09,0.000000
10,-9,-30,5.8202278e+09,0.000000
10,-9,-32,5.5911755e+09,0.000000
8,8,-44,5.1851256e+09,0.000000
10,7,-39,5.0795092e+09,0.000000
10,9,-14,4.6877911e+09,0.000000
9,9,-46,4.5885957e+09,0.000000
10,-9,-31,4.467854e+09,0.000000
9,8,-54,4.2216338e+09,0.000000
10,10,-21,4.182665e+09,0.000000
10,10,-22,4.1420542e+09,0.000000
10,9,-21,4.0154348e+09,0.000000
9,8,-36,3.8447012e+09,0.000000
10,10,-50,3.7393777e+09,0.000000
9,9,-33,3.4207584e+09,0.000000
10,-9,-34,3.3494982e+09,0.000000
10,10,-55,3.336438e+09,0.000000
8,7,-43,3.2748645e+09,0.000000
10,-2,-3,3.1194589e+09,0.000000
10,9,-22,3.0174422e+09,0.000000
9,8,-37,2.5735634e+09,0.000000
10,7,-41,2.571894e+09,0.000000
10,7,-42,2.5470562e+09,0.000000
10,-1,-1,2.3749971e+09,0.000000
8,7,-39,2.3553243e+09,0.000000
9,9,-34,2.335743e+09,0.000000
10,9,-23,2.1420413e+09,0.000000
8,7,-51,1.7452812e+09,0.000000
8,7,-45,1.6857047e+09,0.000000
10,10,-17,1.5936081e+09,0.000000
8,7,-42,1.5882839e+09,0.000000
8,7,-40,1.5452614e+09,0.000000
10,10,-18,1.5162493e+09,0.000000
10,9,-24,1.4763744e+09,0.000000
9,8,-38,1.3855365e+09,0.000000
10,10,-20,1.3252274e+09,0.000000
10,1,-2,1.2702534e+09,0.000000
10,8,-37,1.2155342e+09,0.000000
10,10,-19,1.2111362e+09,0.000000
8,7,-41,1.1020481e+09,0.000000
10,10,-16,1.0891956e+09,0.000000
10,9,-25,9.9672349e+08,0.000000
9,8,-39,9.9450537e+08,0.000000
10,-9,-35,9.6706079e+08,0.000000
10,9,-49,8.9090326e+08,0.000000
10,10,-48,8.8562778e+08,0.000000
9,9,-35,8.6272534e+08,0.000000
9,9,-36,8.2628853e+08,0.000000
10,9,-48,7.8494108e+08,0.000000
10,8,-39,7.5141637e+08,0.000000
10,9,-26,6.6004174e+08,0.000000
10,9,-50,6.5879048e+08,0.000000
10,7,-40,6.3764887e+08,0.000000
10,10,-23,5.823569e+08,0.000000
9,8,-40,4.9550805e+08,0.000000
9,8,-55,4.7514971e+08,0.000000
10,8,-41,4.3404867e+08,0.000000
9,8,-41,4.2972389e+08,0.000000
10,9,-27,4.2796282e+08,0.000000
10,10,-15,4.1757702e+08,0.000000
10,9,-54,4.0686254e+08,0.000000
9,9,-38,3.6472499e+08,0.000000
9,9,-55,3.5981576e+08,0.000000
10,10,-47,3.4441245e+08,0.000000
9,8,-45,3.3785112e+08,0.000000
10,9,-28,2.7389175e+08,0.000000
9,9,-40,2.126481e+08,0.000000
9,8,-42,2.0653813e+08,0.000000
10,9,-29,1.7092311e+08,0.000000
9,8,-43,1.6791305e+08,0.000000
9,9,-37,1.6441498e+08,0.000000
9,9,-54,1.5049176e+08,0.000000
10,10,-24,1.3182007e+08,0.000000
10,9,-30,1.0754826e+08,0.000000
9,9,-44,1.0340953e+08,0.000000
9,8,-44,1.0078387e+08,0.000000
10,10,-25,89131765,0.000000
9,9,-45,87831702,0.000000
10,9,-46,71734076,0.000000
10,9,-31,64103787,0.000000
10,10,-26,43009545,0.000000
10,9,-32,40821368,0.000000
10,9,-55,27918265,0.000000
9,8,-46,26826350,0.000000
10,1,-1,25429577,0.000000
10,9,-33,22548316,0.000000
10,10,-27,20783973,0.000000
10,9,-34,15209628,0.000000
10,10,-46,12630105,0.000000
10,10,-28,11528088,0.000000
9,9,-43,11250242,0.000000
9,9,-39,11058723,0.000000
10,10,-45,8176129.9,0.000000
10,9,-35,7756932,0.000000
9,9,-41,7331300,0.000000
10,10,-44,6891402.7,0.000000
10,10,-29,6082893.8,0.000000
10,9,-36,5640812.9,0.000000
10,10,-30,4128271.4,0.000000
9,9,-42,3536647.4,0.000000
10,9,-38,2623173.1,0.000000
10,9,-37,2252523.3,0.000000
10,9,-45,1807416.5,0.000000
10,10,-31,1794756.3,0.000000
10,10,-32,1786072,0.000000
10,10,-34,1261282.9,0.000000
10,9,-40,1229016.9,0.000000
10,9,-39,458849.88,0.000000
10,10,-41,400396.93,0.000000
10,10,-42,399846.6,0.000000
10,10,-33,384844.12,0.000000
10,10,-40,344999.3,0.000000
10,10,-38,306093.53,0.000000
10,10,-39,286341.99,0.000000
10,9,-44,222149.93,0.000000
10,10,-43,202814.17,0.000000
10,10,-36,181604.9,0.000000
10,10,-37,165963.8,0.000000
10,9,-42,132901.95,0.000000
10,10,-35,116683.48,0.000000
10,9,-41,105814,0.000000
10,9,-43,46160.614,0.000000
2,0,0,0,0.000000
3,0,0,0,0.000000
4,0,0,0,0.000000
5,0,0,0,0.000000
6,0,0,0,0.000000
7,0,0,0,0.000000
8,0,0,0,0.000000
9,0,0,0,0.000000
10,0,0,0,0.000000
10,-10,-31,-6.0281839e+08,-0.000000
10,-10,-30,-1.1082233e+09,-0.000000
10,-10,-27,-6.4645289e+09,-0.000000
10,-9,-28,-1.341437e+10,-0.000000
10,-9,-27,-1.7804794e+10,-0.000000
10,-10,-33,-3.1395683e+10,-0.000000
10,-10,-32,-3.9526876e+10,-0.000000
10,-9,-22,-6.2730433e+10,-0.000000
10,-10,-20,-9.1584534e+10,-0.000000
10,-10,-22,-1.1774594e+11,-0.000000
10,-10,-28,-1.1787916e+11,-0.000000
10,1,-53,-4.1974518e+11,-0.000000
10,-9,-26,-4.2121615e+11,-0.000000
10,-9,-46,-4.6602662e+11,-0.000000
7,6,-54,-1.2936236e+12,-0.000000
10,-10,-26,-1.3198384e+12,-0.000000
10,5,-53,-1.4085224e+12,-0.000000
10,-10,-25,-1.7213897e+12,-0.000000
7,7,-54,-1.8945103e+12,-0.000000
9,6,-54,-2.2806147e+12,-0.000000
9,-4,-48,-3.1033959e+12,-0.000000
10,-10,-24,-3.4236593e+12,-0.000000
10,-8,-29,-4.328844e+12,-0.000000
10,-7,-29,-6.2372654e+12,-0.000000
10,5,-52,-6.9539433e+12,-0.000000
10,-9,-13,-7.785122e+12,-0.000000
10,6,-54,-9.2909868e+12,-0.000000
9,-8,-12,-1.0812075e+13,-0.000000
10,1,-54,-1.305623e+13,-0.000000
10,-10,-23,-1.3081276e+13,-0.000000
9,-9,-46,-1.5401241e+13,-0.000000
9,7,-54,-2.2877011e+13,-0.000000
10,-10,-15,-2.7511877e+13,-0.000000
10,-10,-19,-3.0795607e+13,-0.000000
10,-8,-23,-3.1534732e+13,-0.000000
10,-7,-31,-3.2959889e+13,-0.000000
9,4,-53,-4.3794911e+13,-0.000000
10,-9,-21,-4.527538e+13,-0.000000
10,-5,-47,-5.6286703e+13,-0.000000
10,-9,-18,-6.609574e+13,-0.000000
8,-7,-45,-7.8124118e+13,-0.000000
10,-10,-46,-8.8183176e+13,-0.000000
9,-8,-23,-9.5632715e+13,-0.000000
7,6,-55,-9.9403865e+13,-0.000000
8,-7,-38,-1.0188953e+14,-0.000000
9,-4,-47,-1.1130949e+14,-0.000000
10,-8,-25,-1.2358585e+14,-0.000000
10,-8,-22,-2.1163607e+14,-0.000000
8,-7,-37,-3.0347148e+14,-0.000000
10,-9,-20,-3.1745262e+14,-0.000000
10,-7,-10,-3.7330583e+14,-0.000000
9,-9,-13,-4.5004324e+14,-0.000000
10,-10,-21,-4.5204706e+14,-0.000000
10,-3,-44,-5.3053471e+14,-0.000000
8,5,-53,-5.5562046e+14,-0.000000
10,-9,-41,-5.5778371e+14,-0.000000
10,-3,-49,-5.6469991e+14,-0.000000
9,5,-52,-6.4854361e+14,-0.000000
9,-8,-25,-6.9698635e+14,-0.000000
9,-8,-49,-7.0763469e+14,-0.000000
10,3,-51,-7.7619828e+14,-0.000000
9,-9,-21,-7.8369589e+14,-0.000000
10,-10,-48,-8.1475939e+14,-0.000000
9,6,-55,-9.4488249e+14,-0.000000
10,-10,-14,-9.4622013e+14,-0.000000
9,-8,-22,-9.7682419e+14,-0.000000
8,-7,-31,-9.8185484e+14,-0.000000
10,-10,-18,-9.8272578e+14,-0.000000
10,-5,-49,-1.0063774e+15,-0.000000
9,-4,-49,-1.0565684e+15,-0.000000
10,6,-55,-1.3489624e+15,-0.000000
10,-5,-48,-1.5006634e+15,-0.000000
10,-10,-29,-1.6859861e+15,-0.000000
10,-3,-32,-1.6955956e+15,-0.000000
10,-9,-12,-2.2204174e+15,-0.000000
8,4,-53,-2.4778664e+15,-0.000000
10,-10,-47,-2.7682503e+15,-0.000000
9,-4,-50,-2.7867516e+15,-0.000000
8,-7,-40,-2.9231878e+15,-0.000000
10,-10,-52,-3.1015564e+15,-0.000000
10,-9,-52,-3.3284081e+15,-0.000000
10,-8,-21,-3.4139948e+15,-0.000000
9,-2,-47,-4.0208211e+15,-0.000000
10,-5,-54,-4.086932e+15,-0.000000
9,-2,-49,-4.1468853e+15,-0.000000
10,-10,-17,-4.1639028e+15,-0.000000
10,1,-55,-4.8126492e+15,-0.000000
10,4,-53,-5.500227e+15,-0.000000
10,-8,-11,-5.7256109e+15,-0.000000
10,-9,-25,-6.0041663e+15,-0.000000
9,-9,-20,-6.4989542e+15,-0.000000
9,5,-53,-6.692327e+15,-0.000000
9,-8,-50,-6.9600449e+15,-0.000000
9,4,-54,-7.2233797e+15,-0.000000
10,-5,-52,-7.5593968e+15,-0.000000
10,-9,-49,-7.7319573e+15,-0.000000
10,1,53,-8.2975153e+15,-0.000000
10,-10,-16,-8.5777575e+15,-0.000000
9,-2,-55,-9.0268153e+15,-0.000000
10,1,51,-9.3831539e+15,-0.000000
9,-2,-53,-9.6228161e+15,-0.000000
9,-2,-50,-9.7231878e+15,-0.000000
10,-3,-51,-9.8524623e+15,-0.000000
6,5,-55,-1.1151342e+16,-0.000000
10,2,-53,-1.3715013e+16,-0.000000
10,-9,-19,-1.5555186e+16,-0.000000
10,-9,-53,-1.6319122e+16,-0.000000
10,-3,-48,-1.6969951e+16,-0.000000
9,-8,-21,-1.7249102e+16,-0.000000
6,4,-55,-1.7385019e+16,-0.000000
8,-4,-47,-1.7841531e+16,-0.000000
8,-5,-47,-1.9762198e+16,-0.000000
7,-6,-53,-2.1180066e+16,-0.000000
9,-6,-48,-2.1650658e+16,-0.000000
10,-3,-54,-2.1981573e+16,-0.000000
10,-7,-50,-2.2499794e+16,-0.000000
7,-6,-48,-2.3628245e+16,-0.000000
10,3,-54,-2.3797854e+16,-0.000000
9,-4,-53,-2.4995024e+16,-0.000000
10,-9,-55,-2.5456714e+16,-0.000000
10,-2,-48,-2.7081462e+16,-0.000000
10,-7,-48,-2.9808753e+16,-0.000000
9,-4,-55,-3.0197204e+16,-0.000000
8,-7,-52,-3.0387169e+16,-0.000000
8,-5,-48,-3.0636064e+16,-0.000000
7,5,-53,-3.2848994e+16,-0.000000
10,-10,-49,-3.3019466e+16,-0.000000
9,-8,-55,-3.4241154e+16,-0.000000
10,-3,-55,-3.4432305e+16,-0.000000
8,-4,-48,-3.4961896e+16,-0.000000
9,-7,-31,-3.8144979e+16,-0.000000
8,-8,-48,-3.8445335e+16,-0.000000
9,-2,-54,-4.4037438e+16,-0.000000
9,-8,-53,-4.6879695e+16,-0.000000
9,-8,-11,-4.7149716e+16,-0.000000
8,-7,-50,-4.9208179e+16,-0.000000
8,6,-55,-5.2582959e+16,-0.000000
10,-4,-47,-5.8799507e+16,-0.000000
10,-10,-13,-5.8866455e+16,-0.000000
7,-6,-46,-5.927126e+16,-0.000000
9,-9,-52,-6.4823403e+16,-0.000000
9,-8,-52,-6.5528239e+16,-0.000000
10,4,-54,-6.7803854e+16,-0.000000
9,-9,-41,-7.1100807e+16,-0.000000
7,-4,-49,-7.7092434e+16,-0.000000
8,-7,-48,-9.0635171e+16,-0.000000
10,-3,-50,-9.2623815e+16,-0.000000
8,0,-55,-9.4187611e+16,-0.000000
8,0,55,-9.4187611e+16,-0.000000
9,-9,-25,-9.4943244e+16,-0.000000
10,-1,53,-9.8031597e+16,-0.000000
10,-10,-54,-9.9578253e+16,-0.000000
10,1,-51,-1.0220535e+17,-0.000000
9,-4,-52,-1.0830814e+17,-0.000000
10,-3,-53,-1.1117806e+17,-0.000000
10,-3,-47,-1.2248735e+17,-0.000000
7,-6,-51,-1.2300935e+17,-0.000000
10,-3,-52,-1.4027651e+17,-0.000000
10,-4,-48,-1.4544585e+17,-0.000000
8,-8,-49,-1.5062335e+17,-0.000000
10,-7,-52,-1.5394969e+17,-0.000000
7,-4,-50,-1.5871713e+17,-0.000000
8,-5,-54,-1.5933993e+17,-0.000000
10,-1,-52,-1.6389855e+17,-0.000000
8,-7,-49,-1.7642003e+17,-0.000000
9,-2,-52,-1.9825249e+17,-0.000000
10,-3,-45,-1.993649e+17,-0.000000
10,0,-54,-2.0057502e+17,-0.000000
10,0,54,-2.0057502e+17,-0.000000
8,4,-54,-2.0723096e+17,-0.000000
10,5,-55,-2.0889389e+17,-0.000000
10,-8,-48,-2.0929492e+17,-0.000000
9,3,-51,-2.1371915e+17,-0.000000
9,-3,-49,-2.149984e+17,-0.000000
5,-4,-52,-2.2134797e+17,-0.000000
9,-9,-49,-2.2319784e+17,-0.000000
9,-6,-53,-2.2729708e+17,-0.000000
8,-3,-54,-2.3532739e+17,-0.000000
10,3,-52,-2.6240314e+17,-0.000000
8,-8,-50,-2.6949951e+17,-0.000000
9,-9,-55,-2.95056e+17,-0.000000
9,-9,-19,-3.0646094e+17,-0.000000
9,-9,-12,-3.1733134e+17,-0.000000
8,-3,-53,-3.3249471e+17,-0.000000
7,-7,-50,-3.4263004e+17,-0.000000
10,-1,50,-3.4566628e+17,-0.000000
8,-5,-49,-3.4738217e+17,-0.000000
7,-4,-55,-3.4977383e+17,-0.000000
9,-8,-47,-3.6568513e+17,-0.000000
10,-9,-23,-3.8993894e+17,-0.000000
7,-7,-49,-3.9887098e+17,-0.000000
10,-9,-11,-4.0218356e+17,-0.000000
10,-9,-51,-4.3072464e+17,-0.000000
7,4,-55,-4.5313097e+17,-0.000000
10,-10,-51,-4.6164088e+17,-0.000000
8,-4,-49,-5.2420029e+17,-0.000000
10,3,-55,-5.3952324e+17,-0.000000
8,-3,-50,-6.1060479e+17,-0.000000
10,-5,-51,-6.1449284e+17,-0.000000
10,-1,-54,-6.1914145e+17,-0.000000
9,-8,-51,-6.332738e+17,-0.000000
8,-7,-32,-6.5461819e+17,-0.000000
7,-7,-31,-7.3686421e+17,-0.000000
8,-3,-51,-7.4249261e+17,-0.000000
9,1,-54,-7.5174271e+17,-0.000000
10,-10,-53,-7.6834844e+17,-0.000000
10,-1,-51,-7.7206259e+17,-0.000000
10,4,-55,-8.471973e+17,-0.000000
10,-8,-49,-8.7563155e+17,-0.000000
7,-4,-52,-9.0430589e+17,-0.000000
8,0,-51,-9.3206467e+17,-0.000000
8,0,51,-9.3206467e+17,-0.000000
10,-4,-49,-9.5403729e+17,-0.000000
10,2,-52,-9.7204389e+17,-0.000000
9,-7,-52,-9.9613242e+17,-0.000000
9,-6,-51,-9.9743819e+17,-0.000000
8,-2,-53,-1.0280231e+18,-0.000000
8,-5,-51,-1.054906e+18,-0.000000
6,-5,-49,-1.0748184e+18,-0.000000
10,-5,-55,-1.0981896e+18,-0.000000
8,-4,-50,-1.3009616e+18,-0.000000
10,-9,-54,-1.3692079e+18,-0.000000
10,-7,-49,-1.4472797e+18,-0.000000
9,4,-55,-1.4625972e+18,-0.000000
10,0,-52,-1.5758402e+18,-0.000000
10,0,52,-1.5758402e+18,-0.000000
6,-3,-52,-1.5880555e+18,-0.000000
7,-3,-50,-1.6018881e+18,-0.000000
8,-5,-52,-1.8319579e+18,-0.000000
9,-4,-33,-1.838321e+18,-0.000000
9,-9,-53,-1.9274395e+18,-0.000000
9,-3,-44,-1.9430189e+18,-0.000000
8,-7,-51,-2.1208332e+18,-0.000000
8,-1,-54,-2.2234016e+18,-0.000000
9,-5,-48,-2.2926327e+18,-0.000000
8,-7,-10,-2.3076023e+18,-0.000000
6,-1,-55,-2.3251235e+18,-0.000000
10,-5,-50,-2.3475244e+18,-0.000000
8,-8,-47,-2.6416718e+18,-0.000000
10,-7,-55,-2.6446812e+18,-0.000000
10,-7,-53,-2.7465692e+18,-0.000000
9,-7,-50,-2.78826e+18,-0.000000
9,5,-55,-2.8008735e+18,-0.000000
10,2,-51,-2.8775933e+18,-0.000000
7,-5,-54,-3.0366129e+18,-0.000000
8,-3,-45,-3.2514437e+18,-0.000000
8,5,-55,-3.2951528e+18,-0.000000
8,-6,-48,-3.5429432e+18,-0.000000
8,-4,-55,-3.6154301e+18,-0.000000
9,-9,-23,-3.6576001e+18,-0.000000
10,-10,-12,-3.8472996e+18,-0.000000
10,-4,-50,-3.8507293e+18,-0.000000
8,2,-51,-4.0729666e+18,-0.000000
9,-2,-51,-4.4351728e+18,-0.000000
6,-5,-52,-4.4647374e+18,-0.000000
8,-8,-11,-4.602983e+18,-0.000000
7,-5,-47,-4.6750872e+18,-0.000000
7,-4,-53,-4.8098692e+18,-0.000000
8,-3,-55,-4.8974564e+18,-0.000000
8,-8,-55,-4.9444321e+18,-0.000000
7,-7,-52,-5.0053885e+18,-0.000000
9,-4,-54,-5.0220747e+18,-0.000000
8,-7,-55,-5.1724537e+18,-0.000000
10,-1,55,-5.1734682e+18,-0.000000
9,-3,-32,-5.3526339e+18,-0.000000
9,-9,-51,-5.3986273e+18,-0.000000
9,3,-54,-5.4505927e+18,-0.000000
10,1,55,-5.4638097e+18,-0.000000
10,-2,-50,-5.7840819e+18,-0.000000
8,-5,-55,-5.8189827e+18,-0.000000
9,-3,-48,-5.9778131e+18,-0.000000
7,5,-55,-5.986997e+18,-0.000000
9,2,-52,-6.0523888e+18,-0.000000
5,-5,-55,-6.2727419e+18,-0.000000
7,-1,-54,-6.4100632e+18,-0.000000
9,1,-53,-6.4428118e+18,-0.000000
9,-2,55,-7.7797578e+18,-0.000000
10,-1,-53,-8.3337453e+18,-0.000000
8,-2,-50,-8.9683402e+18,-0.000000
9,-6,-54,-9.5458166e+18,-0.000000
10,-2,-52,-9.6616122e+18,-0.000000
9,0,-51,-1.0116346e+19,-0.000000
9,0,51,-1.0116346e+19,-0.000000
6,-5,-55,-1.0794094e+19,-0.000000
10,-5,-53,-1.1431601e+19,-0.000000
8,-2,-47,-1.1437054e+19,-0.000000
10,-2,-53,-1.204564e+19,-0.000000
10,-4,-55,-1.3127353e+19,-0.000000
5,-5,-52,-1.3200738e+19,-0.000000
10,-8,-50,-1.365351e+19,-0.000000
7,-3,-55,-1.3730694e+19,-0.000000
10,0,-49,-1.3935589e+19,-0.000000
10,0,49,-1.3935589e+19,-0.000000
10,-8,-47,-1.4156569e+19,-0.000000
7,-7,-48,-1.4179033e+19,-0.000000
6,-6,-46,-1.4364428e+19,-0.000000
10,-2,-55,-1.4368685e+19,-0.000000
9,-9,-11,-1.4425691e+19,-0.000000
9,-5,-54,-1.4672007e+19,-0.000000
8,-2,-49,-1.5450259e+19,-0.000000
10,-6,-53,-1.5605941e+19,-0.000000
8,1,-55,-1.5793247e+19,-0.000000
10,-2,-54,-1.7098911e+19,-0.000000
10,-2,-47,-1.7361101e+19,-0.000000
7,-3,-53,-1.7374257e+19,-0.000000
7,-3,-54,-1.7954367e+19,-0.000000
9,-7,-48,-1.8407554e+19,-0.000000
7,-5,-48,-1.9249404e+19,-0.000000
6,3,-55,-1.9699744e+19,-0.000000
9,-1,53,-2.0338865e+19,-0.000000
9,-1,-52,-2.1078181e+19,-0.000000
8,-8,-51,-2.1379135e+19,-0.000000
9,0,-55,-2.146388e+19,-0.000000
9,0,55,-2.146388e+19,-0.000000
8,-2,-55,-2.237245e+19,-0.000000
10,-5,-39,-2.2410324e+19,-0.000000
7,2,-55,-2.2618508e+19,-0.000000
7,-4,-54,-2.3227206e+19,-0.000000
9,3,-52,-2.4046314e+19,-0.000000
9,-3,-55,-2.4292202e+19,-0.000000
7,-6,-54,-2.4690298e+19,-0.000000
9,-3,-51,-2.5005068e+19,-0.000000
7,-3,-51,-2.5764057e+19,-0.000000
10,-4,-33,-2.6736299e+19,-0.000000
6,-5,-51,-2.9518825e+19,-0.000000
8,2,-52,-3.0303606e+19,-0.000000
8,-8,-53,-3.0699444e+19,-0.000000
8,-4,-52,-3.1577253e+19,-0.000000
9,1,54,-3.2969748e+19,-0.000000
8,-4,-53,-3.374895e+19,-0.000000
9,-3,-50,-3.4976302e+19,-0.000000
10,-8,-55,-3.5926229e+19,-0.000000
9,-1,-54,-3.6081764e+19,-0.000000
8,-6,-53,-3.6211304e+19,-0.000000
10,0,-53,-3.7163557e+19,-0.000000
10,0,53,-3.7163557e+19,-0.000000
9,-8,-54,-3.7527236e+19,-0.000000
9,-3,-54,-3.9222605e+19,-0.000000
9,-3,-47,-4.0426967e+19,-0.000000
6,-6,-53,-4.5892048e+19,-0.000000
7,3,-52,-4.9440327e+19,-0.000000
8,-1,-53,-5.112931e+19,-0.000000
9,-1,50,-5.1595866e+19,-0.000000
8,-3,-52,-6.022709e+19,-0.000000
8,-2,-54,-6.0848955e+19,-0.000000
10,-8,-53,-6.2660057e+19,-0.000000
8,-2,-52,-6.5267521e+19,-0.000000
8,-5,-50,-6.7379885e+19,-0.000000
8,-7,-54,-6.8264127e+19,-0.000000
9,-7,-49,-7.4648669e+19,-0.000000
8,-8,-52,-7.6246118e+19,-0.000000
10,2,54,-8.3094924e+19,-0.000000
9,-4,-31,-8.5702759e+19,-0.000000
9,-5,-49,-8.7174613e+19,-0.000000
6,-5,-39,-9.5993433e+19,-0.000000
8,3,-53,-9.6267086e+19,-0.000000
8,4,-55,-9.8142406e+19,-0.000000
9,-3,-53,-9.8401113e+19,-0.000000
10,-4,-52,-9.9820596e+19,-0.000000
9,3,-55,-1.1141816e+20,-0.000000
8,-7,-53,-1.1660188e+20,-0.000000
9,2,-55,-1.2044129e+20,-0.000000
8,-1,-51,-1.2398284e+20,-0.000000
7,-3,-45,-1.2485338e+20,-0.000000
7,-6,-55,-1.3544343e+20,-0.000000
6,-5,-53,-1.3801318e+20,-0.000000
10,-4,-53,-1.4615446e+20,-0.000000
9,-6,-55,-1.6543657e+20,-0.000000
5,3,-53,-1.7750375e+20,-0.000000
10,-9,-50,-2.0046186e+20,-0.000000
10,-7,-51,-2.0763674e+20,-0.000000
7,-6,-52,-2.1042154e+20,-0.000000
10,-8,-51,-2.2015343e+20,-0.000000
9,-9,-54,-2.2158004e+20,-0.000000
9,-5,-52,-2.2551042e+20,-0.000000
6,-5,-50,-2.275838e+20,-0.000000
7,-2,-47,-2.335248e+20,-0.000000
6,-6,-51,-2.366543e+20,-0.000000
10,-6,-51,-2.4298815e+20,-0.000000
9,-5,-51,-2.6497265e+20,-0.000000
8,-4,-54,-2.7811571e+20,-0.000000
9,-3,-45,-2.7924649e+20,-0.000000
10,-4,-31,-2.829219e+20,-0.000000
8,-6,-51,-2.9587818e+20,-0.000000
6,-4,-50,-3.1796638e+20,-0.000000
8,-5,-39,-3.5965531e+20,-0.000000
5,-5,-51,-3.7033755e+20,-0.000000
7,-7,-32,-3.8454278e+20,-0.000000
7,-5,-52,-4.2759359e+20,-0.000000
7,-1,-53,-4.3952329e+20,-0.000000
8,3,-55,-4.3977073e+20,-0.000000
7,-2,-51,-4.5323332e+20,-0.000000
7,-5,-49,-4.8136385e+20,-0.000000
8,2,-55,-4.9845661e+20,-0.000000
6,2,-55,-5.0567486e+20,-0.000000
9,-6,-52,-5.0642236e+20,-0.000000
6,-6,-49,-5.497615e+20,-0.000000
9,1,-55,-6.5739476e+20,-0.000000
6,-6,-52,-6.9341355e+20,-0.000000
5,-4,-54,-7.0180424e+20,-0.000000
9,1,53,-7.3147554e+20,-0.000000
10,-6,-54,-7.4536962e+20,-0.000000
9,-5,-55,-8.7466469e+20,-0.000000
10,-2,55,-8.9680445e+20,-0.000000
10,2,-55,-9.0104519e+20,-0.000000
9,-1,55,-9.8529219e+20,-0.000000
9,-1,-53,-1.0654741e+21,-0.000000
8,-4,-33,-1.1139368e+21,-0.000000
10,-3,53,-1.2597168e+21,-0.000000
6,-4,-53,-1.285295e+21,-0.000000
10,0,-55,-1.2994937e+21,-0.000000
10,0,55,-1.2994937e+21,-0.000000
7,-7,-51,-1.338932e+21,-0.000000
6,-6,-54,-1.4095364e+21,-0.000000
7,1,-55,-1.4462992e+21,-0.000000
7,-5,-55,-1.5336271e+21,-0.000000
5,-5,-50,-1.5384591e+21,-0.000000
8,-6,-54,-1.5729938e+21,-0.000000
7,-7,-55,-1.6887436e+21,-0.000000
7,-5,-51,-1.8980414e+21,-0.000000
8,-5,-53,-1.9254169e+21,-0.000000
10,-7,-54,-2.391238e+21,-0.000000
9,-3,-52,-2.5252425e+21,-0.000000
9,1,51,-2.6669608e+21,-0.000000
6,-4,-52,-2.9623883e+21,-0.000000
10,-8,-52,-3.0668471e+21,-0.000000
7,-1,-51,-3.0864872e+21,-0.000000
10,0,-51,-3.159276e+21,-0.000000
10,0,51,-3.159276e+21,-0.000000
8,-8,-54,-3.1749467e+21,-0.000000
6,3,-53,-3.2176907e+21,-0.000000
7,-4,-33,-3.2650009e+21,-0.000000
9,-1,-51,-3.4953255e+21,-0.000000
8,1,-51,-3.6600519e+21,-0.000000
10,-2,-51,-3.8968742e+21,-0.000000
7,-3,-52,-4.1988145e+21,-0.000000
9,-5,-50,-4.5858719e+21,-0.000000
10,3,-53,-4.9411888e+21,-0.000000
10,2,51,-4.989537e+21,-0.000000
9,-9,-50,-5.2828022e+21,-0.000000
9,-7,-55,-5.9688142e+21,-0.000000
9,-4,-51,-6.3467141e+21,-0.000000
10,-1,-55,-6.6369096e+21,-0.000000
7,3,-55,-7.2405618e+21,-0.000000
10,-4,-54,-7.3556613e+21,-0.000000
9,-7,-51,-9.4026043e+21,-0.000000
9,-5,-39,-9.8441224e+21,-0.000000
8,-4,-31,-1.0126631e+22,-0.000000
8,-2,-51,-1.2542022e+22,-0.000000
7,-5,-50,-1.4696074e+22,-0.000000
7,1,-51,-1.754366e+22,-0.000000
5,-5,-39,-2.0994506e+22,-0.000000
10,-6,-55,-2.1188058e+22,-0.000000
10,-8,-54,-2.5234697e+22,-0.000000
7,-1,-55,-2.5689395e+22,-0.000000
7,-7,-53,-2.6113345e+22,-0.000000
6,-6,-55,-3.2606558e+22,-0.000000
10,-6,-52,-3.6410411e+22,-0.000000
9,1,-51,-3.6755294e+22,-0.000000
7,-4,-31,-4.0710995e+22,-0.000000
8,1,55,-4.3875565e+22,-0.000000
9,3,-53,-4.5692737e+22,-0.000000
10,-10,-55,-5.4937018e+22,-0.000000
9,-7,-53,-5.781492e+22,-0.000000
8,-6,-55,-6.210284e+22,-0.000000
8,-1,-55,-6.7882286e+22,-0.000000
7,-5,-39,-7.4830397e+22,-0.000000
7,-7,-54,-7.9822281e+22,-0.000000
6,-2,-51,-8.8280492e+22,-0.000000
8,-6,-52,-1.0422717e+23,-0.000000
6,-4,-54,-1.1046119e+23,-0.000000
10,-1,51,-1.4578279e+23,-0.000000
9,1,55,-1.5359981e+23,-0.000000
5,-4,-31,-1.8853378e+23,-0.000000
5,-5,-53,-2.0673354e+23,-0.000000
9,-7,-54,-2.5895922e+23,-0.000000
9,-5,-53,-3.9071656e+23,-0.000000
3,2,-54,-4.3525062e+23,-0.000000
9,-1,-55,-4.4130752e+23,-0.000000
8,-1,51,-4.5655828e+23,-0.000000
7,-4,-51,-8.8511696e+23,-0.000000
7,3,-53,-1.2190362e+24,-0.000000
6,-4,-33,-1.2671793e+24,-0.000000
5,-4,-51,-1.2958439e+24,-0.000000
9,-3,53,-1.9385461e+24,-0.000000
7,-5,-53,-4.0679829e+24,-0.000000
10,-4,-51,-4.7398385e+24,-0.000000
4,2,-54,-5.934428e+24,-0.000000
8,-4,-51,-5.9786692e+24,-0.000000
7,1,55,-6.3353448e+24,-0.000000
6,-4,-31,-8.02978e+24,-0.000000
10,4,51,-9.678447e+24,-0.000000
9,-1,51,-3.8475477e+25,-0.000000
5,2,-54,-4.4520753e+25,-0.000000
7,-1,51,-5.5730778e+25,-0.000000
9,2,-54,-1.363198e+26,-0.000000
6,-4,-51,-1.4206573e+26,-0.000000
9,-2,54,-4.7852952e+26,-0.000000
7,2,-54,-1.0764857e+27,-0.000000
10,-6,-6,-1.2833912e+27,-0.000000
5,-2,54,-3.5015415e+27,-0.000000
10,-2,54,-3.6380499e+27,-0.000000
10,2,-54,-7.0514458e+27,-0.000000
8,-2,54,-9.247753e+27,-0.000000
6,2,-54,-3.3328534e+28,-0.000000
8,2,-54,-5.267049e+28,-0.000000
9,-6,-6,-9.1456446e+28,-0.000000
7,-2,54,-1.1757644e+29,-0.000000
10,6,6,-3.4814979e+29,-0.000000
6,-2,54,-9.6547693e+29,-0.000000
9,6,6,-8.6327574e+30,-0.000000
8,-6,-6,-3.0385464e+31,-0.000000
10,8,3,-4.7659731e+31,-0.000000
9,8,3,-8.2937104e+31,-0.000000
8,6,6,-2.0812306e+32,-0.000000
7,-6,-6,-4.0783505e+32,-0.000000
8,8,3,-6.2835026e+32,-0.000000
7,6,6,-9.5558174e+32,-0.000000
6,6,6,-4.9398401e+33,-0.000000
10,-8,-3,-6.7037189e+33,-0.000000
9,-8,-3,-2.7923497e+34,-0.000000
6,-6,-6,-4.8220221e+34,-0.000000
8,-8,-3,-1.2552304e+36,-0.000000
