l,m,n,power,fraction_pct
2,-2,3,4.8076613e+45,37.937775
2,-2,2,3.6493238e+45,28.797208
2,-2,4,1.2807209e+45,10.106307
2,-2,1,7.8346336e+44,6.182394
2,-2,-1,5.2370715e+44,4.132630
2,-2,5,5.1738201e+44,4.082717
2,-2,6,2.4887535e+44,1.963902
2,-2,0,1.6165683e+44,1.275651
3,-3,4,1.5469695e+44,1.220730
2,-2,7,1.3077706e+44,1.031976
2,-2,8,7.2380499e+43,0.571162
3,-3,5,4.2124179e+43,0.332406
2,-2,9,4.1391173e+43,0.326622
3,-3,3,4.0509193e+43,0.319662
2,-1,1,3.2349165e+43,0.255271
2,-2,10,2.4177432e+43,0.190787
3,-3,6,1.4528811e+43,0.114648
2,-1,2,1.4358466e+43,0.113304
2,-2,11,1.4318194e+43,0.112986
3,-3,2,1.172162e+43,0.092497
2,-1,0,8.9000664e+42,0.070231
2,-2,12,8.552622e+42,0.067490
3,-3,7,7.5502429e+42,0.059580
2,0,-1,7.4582234e+42,0.058854
2,0,1,7.4582234e+42,0.058854
2,-2,-2,5.2478782e+42,0.041412
2,-2,13,5.133675e+42,0.040510
3,-3,1,5.064825e+42,0.039967
3,-3,8,4.610566e+42,0.036382
4,-4,5,3.8557862e+42,0.030426
2,-1,3,3.671145e+42,0.028969
2,-2,14,3.0881065e+42,0.024369
3,-3,9,3.0366226e+42,0.023962
3,-3,0,2.9824065e+42,0.023534
4,-4,6,2.889189e+42,0.022799
3,-3,10,2.0763786e+42,0.016385
2,-2,15,1.8579341e+42,0.014661
3,-2,3,1.5902525e+42,0.012549
3,-3,11,1.4459141e+42,0.011410
2,-1,4,1.3330627e+42,0.010519
2,-2,16,1.1164513e+42,0.008810
3,-3,-1,1.0716825e+42,0.008457
3,-3,12,1.014591e+42,0.008006
3,-2,2,8.6579254e+41,0.006832
4,-4,4,8.4585237e+41,0.006675
3,-3,-2,7.7528327e+41,0.006118
2,0,-2,7.2739191e+41,0.005740
2,0,2,7.2739191e+41,0.005740
3,-3,13,7.1290393e+41,0.005626
2,-2,17,6.6947319e+41,0.005283
4,-4,7,6.3235788e+41,0.004990
2,-1,5,5.6482892e+41,0.004457
3,-1,0,5.4526802e+41,0.004303
3,-3,14,4.9965504e+41,0.003943
2,-2,-3,4.7628631e+41,0.003758
2,-2,18,4.0040964e+41,0.003160
4,-3,4,3.8785511e+41,0.003061
3,-3,15,3.4843702e+41,0.002750
3,-2,4,3.2886418e+41,0.002595
4,-4,3,2.7447932e+41,0.002166
4,-4,8,2.7006015e+41,0.002131
2,-1,6,2.61863e+41,0.002066
3,-1,2,2.4574392e+41,0.001939
3,-3,16,2.4137935e+41,0.001905
2,-2,19,2.3883536e+41,0.001885
5,-5,7,2.2656478e+41,0.001788
2,2,-1,2.0176611e+41,0.001592
3,-2,1,1.6918516e+41,0.001335
3,-3,17,1.6595132e+41,0.001310
4,-4,9,1.5032466e+41,0.001186
2,-2,20,1.4209547e+41,0.001121
3,-2,5,1.3068828e+41,0.001031
2,-1,7,1.2857915e+41,0.001015
3,-1,3,1.1817164e+41,0.000933
3,-3,18,1.1317735e+41,0.000893
2,0,-3,1.1151915e+41,0.000880
2,0,3,1.1151915e+41,0.000880
4,-3,5,1.0547926e+41,0.000832
4,-4,10,9.6128741e+40,0.000759
4,-4,2,9.2220496e+40,0.000728
2,1,0,8.9192214e+40,0.000704
3,-1,1,8.5318585e+40,0.000673
5,-5,6,8.4635659e+40,0.000668
2,-2,21,8.4353542e+40,0.000666
4,-3,3,8.2142014e+40,0.000648
3,-3,19,7.6559391e+40,0.000604
4,-4,11,6.6947664e+40,0.000528
3,-2,6,6.6851592e+40,0.000528
2,-1,8,6.5598174e+40,0.000518
3,-1,4,5.7830757e+40,0.000456
3,-3,20,5.1380231e+40,0.000405
2,-2,22,4.9989778e+40,0.000394
4,-4,12,4.9225212e+40,0.000388
5,-5,8,4.3514115e+40,0.000343
2,-2,-4,4.2939807e+40,0.000339
2,1,1,4.0067001e+40,0.000316
3,-2,7,3.8214354e+40,0.000302
4,-4,13,3.7423572e+40,0.000295
4,-4,1,3.5140246e+40,0.000277
2,-1,9,3.4347538e+40,0.000271
3,-3,21,3.4226171e+40,0.000270
4,-3,6,3.0960728e+40,0.000244
3,1,0,3.083581e+40,0.000243
2,-2,23,2.9591015e+40,0.000234
4,-4,14,2.8989012e+40,0.000229
3,-1,5,2.8746558e+40,0.000227
3,-2,8,2.3162407e+40,0.000183
3,-3,22,2.2644919e+40,0.000179
4,-4,15,2.2644685e+40,0.000179
2,0,-4,2.0871468e+40,0.000165
2,0,4,2.0871468e+40,0.000165
5,-4,5,2.0751004e+40,0.000164
5,-5,5,2.0654788e+40,0.000163
5,-4,6,1.9704983e+40,0.000155
4,-3,2,1.8949384e+40,0.000150
3,-2,0,1.8759871e+40,0.000148
2,-1,10,1.8302786e+40,0.000144
4,-4,16,1.7710602e+40,0.000140
2,1,2,1.7700402e+40,0.000140
2,-2,24,1.7506336e+40,0.000138
2,-1,-2,1.6953477e+40,0.000134
2,2,0,1.6235342e+40,0.000128
2,2,1,1.6169783e+40,0.000128
2,2,2,1.6016654e+40,0.000126
2,-1,-1,1.5743019e+40,0.000124
4,-4,0,1.5384227e+40,0.000121
4,-3,7,1.5176304e+40,0.000120
3,-3,23,1.4892622e+40,0.000118
3,-1,6,1.4541213e+40,0.000115
5,-5,9,1.4531481e+40,0.000115
3,-2,9,1.4512187e+40,0.000115
4,-4,17,1.3801353e+40,0.000109
2,2,3,1.279889e+40,0.000101
4,-4,18,1.0681656e+40,0.000084
6,-6,8,1.0596732e+40,0.000084
2,-2,-5,1.0551298e+40,0.000083
2,-2,25,1.0357042e+40,0.000082
2,-1,11,9.8654542e+39,0.000078
3,-3,24,9.7437146e+39,0.000077
3,-2,10,9.2667105e+39,0.000073
2,2,4,9.2645077e+39,0.000073
4,-3,8,9.0399234e+39,0.000071
3,-2,-1,8.9699596e+39,0.000071
2,-1,-3,8.4136284e+39,0.000066
2,1,3,8.3882417e+39,0.000066
4,-4,19,8.1943317e+39,0.000065
2,2,-2,7.9937693e+39,0.000063
4,-4,-1,7.701387e+39,0.000061
3,-1,7,7.4618126e+39,0.000059
5,-5,10,7.2695812e+39,0.000057
5,-5,4,6.6313832e+39,0.000052
4,-4,-2,6.4941065e+39,0.000051
2,2,5,6.3754912e+39,0.000050
3,-3,25,6.3474877e+39,0.000050
4,-4,20,6.2238578e+39,0.000049
2,-2,26,6.1306918e+39,0.000048
3,-2,11,5.9787207e+39,0.000047
4,-3,9,5.9400951e+39,0.000047
2,-1,12,5.3546509e+39,0.000042
4,-4,21,4.6781659e+39,0.000037
6,-6,9,4.2966584e+39,0.000034
5,-5,11,4.2639987e+39,0.000034
2,2,6,4.2603854e+39,0.000034
2,0,-5,4.2274013e+39,0.000033
2,0,5,4.2274013e+39,0.000033
2,1,4,4.1885943e+39,0.000033
4,-3,10,4.1217941e+39,0.000033
3,-3,26,4.1206251e+39,0.000033
4,-3,1,3.9610948e+39,0.000031
3,-2,12,3.8755356e+39,0.000031
3,-1,8,3.8678283e+39,0.000031
5,-4,4,3.8343325e+39,0.000030
2,-1,-4,3.8231886e+39,0.000030
2,-2,27,3.6325921e+39,0.000029
5,-4,7,3.6309643e+39,0.000029
4,-4,22,3.4799485e+39,0.000027
2,-2,-6,3.2272245e+39,0.000025
3,-3,-3,3.0653081e+39,0.000024
4,-3,11,2.949561e+39,0.000023
2,-1,13,2.9165771e+39,0.000023
2,2,7,2.7928276e+39,0.000022
5,-5,12,2.7332663e+39,0.000022
3,-1,-2,2.6736968e+39,0.000021
3,-3,27,2.66775e+39,0.000021
4,-4,23,2.5628189e+39,0.000020
3,-2,13,2.5143422e+39,0.000020
6,-5,7,2.4615968e+39,0.000019
5,-5,3,2.1831887e+39,0.000017
2,1,5,2.1687064e+39,0.000017
2,-2,28,2.1553851e+39,0.000017
4,-3,12,2.146094e+39,0.000017
6,-6,7,2.1370978e+39,0.000017
3,-1,9,2.016935e+39,0.000016
4,-4,24,1.8697588e+39,0.000015
5,-5,13,1.8630904e+39,0.000015
2,2,8,1.805352e+39,0.000014
2,-1,-5,1.7721507e+39,0.000014
3,-3,28,1.7236694e+39,0.000014
2,1,-1,1.7146805e+39,0.000014
5,-3,4,1.6651729e+39,0.000013
3,1,2,1.6422479e+39,0.000013
3,-2,14,1.6282428e+39,0.000013
2,-1,14,1.5900836e+39,0.000013
4,-3,13,1.57342e+39,0.000012
3,1,3,1.5262113e+39,0.000012
5,-4,8,1.4512643e+39,0.000011
3,0,-1,1.361001e+39,0.000011
3,0,1,1.361001e+39,0.000011
4,-4,25,1.3524428e+39,0.000011
5,-5,14,1.3331819e+39,0.000011
2,-2,29,1.2810562e+39,0.000010
4,-4,-3,1.1611133e+39,0.000009
4,-3,14,1.1554718e+39,0.000009
2,2,9,1.1540467e+39,0.000009
2,1,6,1.1513932e+39,0.000009
3,-3,29,1.1121434e+39,0.000009
2,-2,-7,1.0922661e+39,0.000009
2,1,-2,1.0835578e+39,0.000009
5,-4,3,1.0581124e+39,0.000008
3,-1,10,1.054227e+39,0.000008
3,-2,15,1.0505218e+39,0.000008
3,1,4,1.0334626e+39,0.000008
5,-5,15,9.9365511e+38,0.000008
4,-4,26,9.7072698e+38,0.000008
6,-6,10,9.5422748e+38,0.000008
4,-3,0,8.9006326e+38,0.000007
2,-1,15,8.6603562e+38,0.000007
5,-5,2,8.6391709e+38,0.000007
2,0,-6,8.52243e+38,0.000007
2,0,6,8.52243e+38,0.000007
2,-1,-6,8.4662915e+38,0.000007
4,-3,15,8.4654462e+38,0.000007
5,-3,3,8.2959323e+38,0.000007
3,1,-2,8.108657e+38,0.000006
5,-4,9,7.8388027e+38,0.000006
5,-5,16,7.6625183e+38,0.000006
2,-2,30,7.6286428e+38,0.000006
2,2,10,7.3068545e+38,0.000006
6,-5,6,7.3027376e+38,0.000006
3,-3,30,7.1696927e+38,0.000006
4,-4,27,6.9200669e+38,0.000005
3,3,-2,6.7888313e+38,0.000005
3,-2,16,6.7443799e+38,0.000005
2,2,-3,6.7063371e+38,0.000005
3,1,5,6.2811963e+38,0.000005
2,1,7,6.2189861e+38,0.000005
4,-3,16,6.1707685e+38,0.000005
5,-5,17,6.0716224e+38,0.000005
6,-6,6,6.0584804e+38,0.000005
3,-1,11,5.5055831e+38,0.000004
5,-5,18,4.9080261e+38,0.000004
4,-4,28,4.9038925e+38,0.000004
5,-4,10,4.880324e+38,0.000004
7,-7,10,4.760277e+38,0.000004
2,-1,16,4.7056958e+38,0.000004
6,-5,8,4.6571852e+38,0.000004
3,-3,31,4.6203286e+38,0.000004
2,2,11,4.5870347e+38,0.000004
2,-2,31,4.5523055e+38,0.000004
6,-4,5,4.4699733e+38,0.000004
4,-3,17,4.4673778e+38,0.000004
3,1,1,4.3691172e+38,0.000003
5,-3,5,4.3252083e+38,0.000003
3,-2,17,4.3053449e+38,0.000003
4,-3,-1,4.2966108e+38,0.000003
2,-1,-7,4.1548419e+38,0.000003
6,-6,11,4.1303985e+38,0.000003
3,2,-1,4.0725389e+38,0.000003
5,-5,19,4.0189971e+38,0.000003
5,-5,1,3.9500814e+38,0.000003
2,-2,-8,3.9313871e+38,0.000003
3,3,-1,3.8759521e+38,0.000003
3,1,6,3.6387459e+38,0.000003
4,-4,29,3.4574129e+38,0.000003
2,1,-3,3.4365859e+38,0.000003
2,1,8,3.3977441e+38,0.000003
5,-5,20,3.3127024e+38,0.000003
5,-4,11,3.3106568e+38,0.000003
3,0,-2,3.2265684e+38,0.000003
3,0,2,3.2265684e+38,0.000003
4,-3,18,3.2086012e+38,0.000003
7,-7,9,3.081052e+38,0.000002
3,3,0,2.9952579e+38,0.000002
3,2,1,2.9930476e+38,0.000002
3,-3,32,2.9774453e+38,0.000002
3,-1,12,2.8647034e+38,0.000002
2,2,12,2.8573747e+38,0.000002
3,2,2,2.7552796e+38,0.000002
5,-5,21,2.7340699e+38,0.000002
3,-2,18,2.7318731e+38,0.000002
2,-2,32,2.7224555e+38,0.000002
5,-3,2,2.6258053e+38,0.000002
5,-4,2,2.5669205e+38,0.000002
2,-1,17,2.5484962e+38,0.000002
6,-4,6,2.4880939e+38,0.000002
4,-4,30,2.4270325e+38,0.000002
5,-4,12,2.3786231e+38,0.000002
4,-3,19,2.2850071e+38,0.000002
6,-6,12,2.2647726e+38,0.000002
5,-5,22,2.2502401e+38,0.000002
3,2,3,2.2414346e+38,0.000002
3,-1,-4,2.1875208e+38,0.000002
2,-1,-8,2.0834585e+38,0.000002
3,1,7,2.0542909e+38,0.000002
6,-6,5,2.0321045e+38,0.000002
3,-3,33,1.9193242e+38,0.000002
2,1,9,1.8696312e+38,0.000001
5,-5,23,1.8415012e+38,0.000001
3,2,0,1.8132806e+38,0.000001
5,-4,13,1.7780517e+38,0.000001
2,2,13,1.7674322e+38,0.000001
5,-5,0,1.7672631e+38,0.000001
3,2,4,1.74498e+38,0.000001
3,-2,19,1.7230778e+38,0.000001
4,-4,31,1.6975275e+38,0.000001
3,3,1,1.6823498e+38,0.000001
6,-5,5,1.6621378e+38,0.000001
2,0,-7,1.6414291e+38,0.000001
2,0,7,1.6414291e+38,0.000001
2,-2,33,1.6317342e+38,0.000001
4,-3,20,1.6132871e+38,0.000001
4,-1,2,1.6121411e+38,0.000001
3,-1,-5,1.6121111e+38,0.000001
5,-5,24,1.4955814e+38,0.000001
3,-1,13,1.481463e+38,0.000001
2,-2,-9,1.4749582e+38,0.000001
7,-6,8,1.4656312e+38,0.000001
5,-3,6,1.425642e+38,0.000001
6,-6,13,1.3849349e+38,0.000001
2,-1,18,1.3749106e+38,0.000001
5,-4,14,1.3652698e+38,0.000001
4,2,0,1.3617855e+38,0.000001
6,-5,9,1.3539574e+38,0.000001
3,2,5,1.3237946e+38,0.000001
3,-3,34,1.2379217e+38,0.000001
5,-5,25,1.2041261e+38,0.000001
3,-1,-3,1.1944661e+38,0.000001
4,-4,32,1.1837102e+38,0.000001
2,1,-4,1.179132e+38,0.000001
3,1,8,1.1406201e+38,0.000001
4,-3,21,1.1294728e+38,0.000001
6,-4,4,1.1228941e+38,0.000001
2,2,14,1.0863563e+38,0.000001
3,-2,20,1.0805945e+38,0.000001
5,-4,15,1.0663843e+38,0.000001
2,-1,-9,1.0622649e+38,0.000001
2,1,10,1.0326997e+38,0.000001
3,2,6,9.8435566e+37,0.000001
3,-1,-6,9.8014394e+37,0.000001
2,-2,34,9.801393e+37,0.000001
4,2,1,9.7721699e+37,0.000001
3,3,2,9.7627154e+37,0.000001
5,-5,26,9.6064113e+37,0.000001
4,2,-1,9.5252067e+37,0.000001
6,-6,14,9.0396109e+37,0.000001
4,0,-2,8.6146194e+37,0.000001
4,0,2,8.6146194e+37,0.000001
3,0,-3,8.5413161e+37,0.000001
3,0,3,8.5413161e+37,0.000001
5,-4,16,8.4091517e+37,0.000001
7,-7,11,8.2498131e+37,0.000001
4,-4,33,8.2337999e+37,0.000001
4,-2,2,8.2032585e+37,0.000001
5,-5,-1,8.1182548e+37,0.000001
3,-3,35,7.9902273e+37,0.000001
4,-3,22,7.8446951e+37,0.000001
3,-1,14,7.597857e+37,0.000001
5,-5,27,7.5941637e+37,0.000001
7,-5,7,7.579656e+37,0.000001
5,-3,1,7.4291584e+37,0.000001
2,-1,19,7.3871116e+37,0.000001
3,2,7,7.1928966e+37,0.000001
7,-6,9,7.1760792e+37,0.000001
6,-6,4,6.8473825e+37,0.000001
4,-1,1,6.7444925e+37,0.000001
3,-2,21,6.7412757e+37,0.000001
5,-4,17,6.6560851e+37,0.000001
2,2,15,6.6403528e+37,0.000001
4,-1,3,6.6341757e+37,0.000001
3,3,3,6.5778764e+37,0.000001
6,-5,10,6.4522264e+37,0.000001
7,-7,8,6.4321514e+37,0.000001
4,0,-3,6.406342e+37,0.000001
4,0,3,6.406342e+37,0.000001
3,1,9,6.2523647e+37,0.000000
4,0,-1,6.1962709e+37,0.000000
4,0,1,6.1962709e+37,0.000000
6,-6,15,6.1743659e+37,0.000000
5,-3,7,6.11049e+37,0.000000
5,-5,28,5.950664e+37,0.000000
2,-2,35,5.8999179e+37,0.000000
5,-4,1,5.7679733e+37,0.000000
4,-4,34,5.7159887e+37,0.000000
2,1,11,5.7113408e+37,0.000000
2,-2,-10,5.6967323e+37,0.000000
6,-4,7,5.6793173e+37,0.000000
3,-1,-7,5.5916209e+37,0.000000
2,-1,-10,5.4838903e+37,0.000000
4,-2,1,5.4344035e+37,0.000000
4,-3,23,5.4085922e+37,0.000000
3,3,4,5.3692481e+37,0.000000
5,-4,18,5.265323e+37,0.000000
3,2,8,5.1726246e+37,0.000000
3,-3,36,5.1618276e+37,0.000000
6,-5,4,4.9867502e+37,0.000000
3,3,5,4.9248627e+37,0.000000
3,-1,-1,4.812745e+37,0.000000
4,-3,-2,4.7395951e+37,0.000000
3,3,6,4.6343545e+37,0.000000
5,-5,29,4.6242259e+37,0.000000
2,1,-5,4.5302187e+37,0.000000
6,-6,16,4.3672865e+37,0.000000
3,3,7,4.2674278e+37,0.000000
4,2,2,4.2453236e+37,0.000000
3,-2,22,4.1860866e+37,0.000000
5,-4,19,4.1494994e+37,0.000000
2,2,16,4.0397676e+37,0.000000
2,2,-4,3.9874373e+37,0.000000
3,1,-4,3.9870093e+37,0.000000
4,-4,35,3.9618828e+37,0.000000
2,-1,20,3.9522822e+37,0.000000
3,-1,15,3.8569124e+37,0.000000
2,0,-8,3.8222915e+37,0.000000
2,0,8,3.8222915e+37,0.000000
3,3,8,3.7872708e+37,0.000000
7,-5,6,3.7830445e+37,0.000000
4,-3,24,3.7044054e+37,0.000000
6,-5,11,3.6907134e+37,0.000000
6,-4,3,3.6690476e+37,0.000000
3,2,9,3.6644516e+37,0.000000
4,-1,4,3.6215142e+37,0.000000
5,-5,30,3.5658951e+37,0.000000
8,-8,11,3.5608578e+37,0.000000
2,-2,36,3.5585759e+37,0.000000
4,-2,3,3.4859675e+37,0.000000
3,1,-3,3.4720464e+37,0.000000
3,1,10,3.3883387e+37,0.000000
4,-1,0,3.3718449e+37,0.000000
3,-3,37,3.3378121e+37,0.000000
5,-4,20,3.2506823e+37,0.000000
3,3,9,3.2343663e+37,0.000000
4,0,-4,3.2330039e+37,0.000000
4,0,4,3.2330039e+37,0.000000
6,-6,17,3.1802974e+37,0.000000
2,1,12,3.156536e+37,0.000000
3,-1,-8,3.1099182e+37,0.000000
5,-3,8,2.8885531e+37,0.000000
2,-1,-11,2.8568925e+37,0.000000
3,1,-1,2.8459388e+37,0.000000
7,-7,12,2.768067e+37,0.000000
5,-5,-2,2.7615192e+37,0.000000
4,-4,36,2.7427762e+37,0.000000
5,-5,31,2.7304932e+37,0.000000
3,3,10,2.6658117e+37,0.000000
6,-6,3,2.6128157e+37,0.000000
7,-6,7,2.6089742e+37,0.000000
3,-2,23,2.5891515e+37,0.000000
3,2,10,2.5594514e+37,0.000000
5,-4,21,2.5278038e+37,0.000000
5,-5,-3,2.5224926e+37,0.000000
4,-3,25,2.5224278e+37,0.000000
2,2,17,2.4481507e+37,0.000000
6,-4,8,2.4183739e+37,0.000000
6,-6,18,2.3767505e+37,0.000000
3,1,-5,2.3733172e+37,0.000000
6,-5,12,2.3290183e+37,0.000000
3,0,-4,2.3282922e+37,0.000000
3,0,4,2.3282922e+37,0.000000
2,-2,-11,2.2456054e+37,0.000000
3,-3,38,2.1604777e+37,0.000000
2,-2,37,2.1503851e+37,0.000000
2,0,-9,2.1463999e+37,0.000000
2,0,9,2.1463999e+37,0.000000
3,3,11,2.1290405e+37,0.000000
4,-1,5,2.1197457e+37,0.000000
2,-1,21,2.1057455e+37,0.000000
5,-4,0,2.092312e+37,0.000000
5,-5,32,2.0775189e+37,0.000000
7,-7,7,2.0385482e+37,0.000000
2,0,-10,1.9948283e+37,0.000000
2,0,10,1.9948283e+37,0.000000
5,-3,-1,1.9858443e+37,0.000000
3,-3,-5,1.967604e+37,0.000000
5,-4,22,1.9496396e+37,0.000000
3,-1,16,1.9345185e+37,0.000000
2,1,-6,1.9002931e+37,0.000000
4,-4,37,1.8971242e+37,0.000000
4,-2,0,1.8472502e+37,0.000000
6,-6,19,1.8198674e+37,0.000000
3,1,11,1.8159085e+37,0.000000
2,0,-11,1.772215e+37,0.000000
2,0,11,1.772215e+37,0.000000
3,2,11,1.763782e+37,0.000000
2,1,13,1.7409299e+37,0.000000
3,-1,-9,1.7099029e+37,0.000000
4,-3,26,1.70894e+37,0.000000
3,3,12,1.6540974e+37,0.000000
3,-2,24,1.5962285e+37,0.000000
5,-5,33,1.5716588e+37,0.000000
6,-5,13,1.5693486e+37,0.000000
4,2,3,1.5690883e+37,0.000000
5,-3,0,1.5430549e+37,0.000000
4,0,-5,1.499729e+37,0.000000
4,0,5,1.499729e+37,0.000000
2,-1,-12,1.4979906e+37,0.000000
5,-4,23,1.4909774e+37,0.000000
2,2,18,1.4791334e+37,0.000000
6,-6,20,1.426183e+37,0.000000
5,-3,9,1.4190439e+37,0.000000
2,0,-12,1.4131471e+37,0.000000
2,0,12,1.4131471e+37,0.000000
3,-3,39,1.3997925e+37,0.000000
7,-5,8,1.3855166e+37,0.000000
7,-6,10,1.3728755e+37,0.000000
7,-7,13,1.3653269e+37,0.000000
6,-4,9,1.3130182e+37,0.000000
4,-4,38,1.3114062e+37,0.000000
6,-5,3,1.3040417e+37,0.000000
2,-2,38,1.3016443e+37,0.000000
4,-1,6,1.2718342e+37,0.000000
3,1,-6,1.256941e+37,0.000000
3,3,13,1.2546128e+37,0.000000
6,-4,2,1.2041989e+37,0.000000
3,2,12,1.2001313e+37,0.000000
5,-5,34,1.1828848e+37,0.000000
4,-3,27,1.1528483e+37,0.000000
6,-6,21,1.1425032e+37,0.000000
5,-4,24,1.130621e+37,0.000000
2,-1,22,1.1173141e+37,0.000000
6,-5,14,1.11106e+37,0.000000
6,-6,2,1.0609169e+37,0.000000
3,-2,-2,1.0469856e+37,0.000000
2,0,-13,1.0376693e+37,0.000000
2,0,13,1.0376693e+37,0.000000
8,-6,8,1.0090453e+37,0.000000
8,-7,10,9.8856291e+36,0.000000
3,-2,25,9.8156231e+36,0.000000
3,3,-3,9.7991761e+36,0.000000
3,1,12,9.6219499e+36,0.000000
4,1,0,9.6174728e+36,0.000000
8,-8,12,9.6013121e+36,0.000000
2,1,14,9.5726465e+36,0.000000
3,-1,17,9.5711634e+36,0.000000
7,-5,5,9.4887975e+36,0.000000
3,-1,-10,9.3450588e+36,0.000000
6,-6,22,9.3377763e+36,0.000000
3,3,14,9.3197524e+36,0.000000
3,-3,40,9.077823e+36,0.000000
4,-4,39,9.0618657e+36,0.000000
2,-2,-12,8.9769656e+36,0.000000
2,2,19,8.9170827e+36,0.000000
5,-5,35,8.8621519e+36,0.000000
8,-8,10,8.6250141e+36,0.000000
5,-4,25,8.5041461e+36,0.000000
2,1,-7,8.5021302e+36,0.000000
3,-3,-6,8.4658788e+36,0.000000
6,-5,15,8.1849446e+36,0.000000
3,2,13,8.0695488e+36,0.000000
6,-4,10,7.9899755e+36,0.000000
2,-2,39,7.8908401e+36,0.000000
2,-1,-13,7.8900088e+36,0.000000
5,-1,1,7.8236427e+36,0.000000
7,-7,14,7.7815193e+36,0.000000
6,-6,23,7.7638125e+36,0.000000
4,-3,28,7.749293e+36,0.000000
4,-1,7,7.6943159e+36,0.000000
7,-6,6,7.2840847e+36,0.000000
2,0,-14,7.1869047e+36,0.000000
2,0,14,7.1869047e+36,0.000000
5,-3,10,7.0224134e+36,0.000000
2,2,-5,6.911423e+36,0.000000
7,-7,6,6.8796337e+36,0.000000
3,3,15,6.7992691e+36,0.000000
4,0,-6,6.7626137e+36,0.000000
4,0,6,6.7626137e+36,0.000000
5,-5,36,6.6125618e+36,0.000000
4,-2,4,6.5645808e+36,0.000000
6,-6,24,6.5422032e+36,0.000000
3,1,-7,6.5146654e+36,0.000000
5,-4,26,6.3478553e+36,0.000000
3,0,-5,6.2817257e+36,0.000000
3,0,5,6.2817257e+36,0.000000
4,-4,40,6.2607263e+36,0.000000
6,-5,16,6.2302472e+36,0.000000
3,-2,26,6.0242332e+36,0.000000
2,-1,23,5.9043042e+36,0.000000
3,-3,41,5.8920236e+36,0.000000
6,-6,25,5.5636417e+36,0.000000
7,-6,11,5.4799405e+36,0.000000
2,2,20,5.3680992e+36,0.000000
3,2,14,5.3664967e+36,0.000000
4,4,-2,5.3460835e+36,0.000000
2,1,15,5.2445452e+36,0.000000
4,-3,29,5.1936926e+36,0.000000
8,-7,9,5.1614848e+36,0.000000
6,-4,11,5.159206e+36,0.000000
3,-1,-11,5.087522e+36,0.000000
4,2,4,5.0498687e+36,0.000000
3,1,13,5.038403e+36,0.000000
5,-4,-1,5.0131132e+36,0.000000
5,-5,37,4.9162668e+36,0.000000
3,3,16,4.8838609e+36,0.000000
6,-5,17,4.8709473e+36,0.000000
7,-7,15,4.8041386e+36,0.000000
2,-2,40,4.7898847e+36,0.000000
2,0,-15,4.7715538e+36,0.000000
2,0,15,4.7715538e+36,0.000000
6,-6,26,4.7550952e+36,0.000000
5,-4,27,4.7050707e+36,0.000000
3,-1,18,4.6630952e+36,0.000000
4,-1,8,4.6552178e+36,0.000000
7,-7,-5,4.6121535e+36,0.000000
7,-5,9,4.4578483e+36,0.000000
6,-6,1,4.3293507e+36,0.000000
4,-4,41,4.325463e+36,0.000000
2,-1,-14,4.1685762e+36,0.000000
6,-6,27,4.0690801e+36,0.000000
2,1,-8,3.9884937e+36,0.000000
6,-5,18,3.88972e+36,0.000000
3,-3,42,3.8269719e+36,0.000000
4,1,3,3.7437308e+36,0.000000
3,-2,27,3.6922724e+36,0.000000
4,1,2,3.6457366e+36,0.000000
5,-5,38,3.643503e+36,0.000000
2,-2,-13,3.6213971e+36,0.000000
3,2,15,3.5332223e+36,0.000000
8,-6,9,3.4760155e+36,0.000000
6,-6,28,3.4757235e+36,0.000000
4,-3,30,3.4726753e+36,0.000000
5,-4,28,3.4652072e+36,0.000000
3,3,17,3.4615184e+36,0.000000
6,-4,12,3.4343117e+36,0.000000
5,-3,11,3.4288314e+36,0.000000
3,2,-2,3.4234738e+36,0.000000
3,1,-8,3.3830065e+36,0.000000
3,-3,-7,3.379475e+36,0.000000
6,-4,1,3.3509502e+36,0.000000
6,-5,2,3.3432916e+36,0.000000
7,-5,4,3.3172872e+36,0.000000
4,3,-1,3.2337137e+36,0.000000
2,2,21,3.2292801e+36,0.000000
4,-2,-1,3.1575837e+36,0.000000
6,-5,19,3.1557807e+36,0.000000
7,-7,16,3.1377541e+36,0.000000
2,-1,24,3.1071277e+36,0.000000
2,0,-16,3.0695894e+36,0.000000
2,0,16,3.0695894e+36,0.000000
4,1,4,3.0368118e+36,0.000000
4,0,-7,2.9993872e+36,0.000000
4,0,7,2.9993872e+36,0.000000
4,-4,42,2.9888382e+36,0.000000
6,-6,29,2.956768e+36,0.000000
2,-2,41,2.9108327e+36,0.000000
7,-6,12,2.8680327e+36,0.000000
2,1,16,2.8621042e+36,0.000000
4,-1,9,2.8026834e+36,0.000000
3,-1,-12,2.7610411e+36,0.000000
5,-5,39,2.6926942e+36,0.000000
5,-2,2,2.6663447e+36,0.000000
3,1,14,2.6058191e+36,0.000000
6,-5,20,2.5883219e+36,0.000000
5,-4,-2,2.5619494e+36,0.000000
5,-4,29,2.5374672e+36,0.000000
6,-6,30,2.5011343e+36,0.000000
3,-3,43,2.4870272e+36,0.000000
4,-4,-4,2.4658836e+36,0.000000
3,3,18,2.4256184e+36,0.000000
5,-1,2,2.3290748e+36,0.000000
7,-7,5,2.324724e+36,0.000000
4,-3,31,2.3176351e+36,0.000000
6,-4,13,2.3173486e+36,0.000000
3,2,16,2.3053232e+36,0.000000
8,-6,7,2.2981951e+36,0.000000
7,-6,5,2.2776419e+36,0.000000
3,-2,28,2.2610349e+36,0.000000
3,-1,19,2.232917e+36,0.000000
4,1,5,2.2324245e+36,0.000000
8,-8,13,2.2183715e+36,0.000000
2,-1,-15,2.2071794e+36,0.000000
8,-8,9,2.2029347e+36,0.000000
5,1,1,2.2013509e+36,0.000000
7,-5,10,2.1616793e+36,0.000000
7,-7,17,2.1418953e+36,0.000000
6,-5,21,2.1365668e+36,0.000000
6,-6,31,2.1017997e+36,0.000000
4,-4,43,2.0657737e+36,0.000000
3,-3,-4,2.0403188e+36,0.000000
6,-6,0,2.0382285e+36,0.000000
4,4,-1,2.0112799e+36,0.000000
5,-5,40,1.9851378e+36,0.000000
5,3,-1,1.9791578e+36,0.000000
4,4,-3,1.9644929e+36,0.000000
2,2,22,1.9424414e+36,0.000000
2,1,-9,1.9378243e+36,0.000000
2,0,-17,1.9276145e+36,0.000000
2,0,17,1.9276145e+36,0.000000
5,-2,1,1.926045e+36,0.000000
5,-4,30,1.8486525e+36,0.000000
3,0,-6,1.794556e+36,0.000000
3,0,6,1.794556e+36,0.000000
2,-2,42,1.770642e+36,0.000000
3,1,-9,1.7701513e+36,0.000000
6,-5,22,1.7682615e+36,0.000000
6,-6,32,1.7537563e+36,0.000000
5,-5,-4,1.7287209e+36,0.000000
7,-6,13,1.6919901e+36,0.000000
3,3,19,1.6833765e+36,0.000000
8,-7,11,1.67814e+36,0.000000
4,-1,10,1.6731836e+36,0.000000
4,3,2,1.6356009e+36,0.000000
2,-1,25,1.6280099e+36,0.000000
5,-3,12,1.6238651e+36,0.000000
2,2,-6,1.6222914e+36,0.000000
3,-3,44,1.6167783e+36,0.000000
4,3,3,1.5867395e+36,0.000000
6,-4,0,1.5866251e+36,0.000000
7,-7,-4,1.5753366e+36,0.000000
6,-4,14,1.5684753e+36,0.000000
5,-2,3,1.5643156e+36,0.000000
2,1,17,1.5557561e+36,0.000000
4,1,6,1.5531254e+36,0.000000
4,4,0,1.5450519e+36,0.000000
4,-3,32,1.5445749e+36,0.000000
4,3,0,1.5355234e+36,0.000000
4,3,1,1.5231903e+36,0.000000
7,-7,18,1.5155431e+36,0.000000
3,-1,-13,1.4941083e+36,0.000000
3,2,17,1.4922047e+36,0.000000
4,3,4,1.4872505e+36,0.000000
2,-2,-14,1.4684644e+36,0.000000
9,-9,12,1.4632885e+36,0.000000
6,-5,23,1.4627256e+36,0.000000
5,-5,41,1.4603894e+36,0.000000
6,-6,33,1.4528017e+36,0.000000
4,-4,44,1.4282682e+36,0.000000
4,2,5,1.4085882e+36,0.000000
3,-3,-8,1.3890558e+36,0.000000
3,-2,29,1.3839509e+36,0.000000
4,3,5,1.3807024e+36,0.000000
4,-2,5,1.3456719e+36,0.000000
5,-4,31,1.3407657e+36,0.000000
3,1,15,1.3303303e+36,0.000000
4,1,1,1.3285685e+36,0.000000
4,4,1,1.3199552e+36,0.000000
4,0,-8,1.3074942e+36,0.000000
4,0,8,1.3074942e+36,0.000000
4,3,6,1.2727398e+36,0.000000
7,-5,11,1.2501675e+36,0.000000
9,-9,13,1.2501275e+36,0.000000
4,4,2,1.2198792e+36,0.000000
6,-5,24,1.2065059e+36,0.000000
6,-6,34,1.1949195e+36,0.000000
2,0,-18,1.1879624e+36,0.000000
2,0,18,1.1879624e+36,0.000000
2,-1,-16,1.1705693e+36,0.000000
2,2,23,1.1689047e+36,0.000000
4,3,7,1.1596637e+36,0.000000
3,3,20,1.1587821e+36,0.000000
7,-7,19,1.104515e+36,0.000000
4,4,3,1.0836489e+36,0.000000
2,-2,43,1.0780007e+36,0.000000
7,-6,14,1.0743136e+36,0.000000
5,-5,42,1.0723801e+36,0.000000
7,-5,3,1.0639573e+36,0.000000
6,-4,15,1.0575922e+36,0.000000
3,-3,45,1.0511387e+36,0.000000
3,-1,20,1.0484445e+36,0.000000
4,1,7,1.0408829e+36,0.000000
4,3,8,1.0391524e+36,0.000000
4,3,-2,1.036499e+36,0.000000
6,-5,1,1.035034e+36,0.000000
8,-7,8,1.0311057e+36,0.000000
4,-3,33,1.0282977e+36,0.000000
6,-5,25,9.9059692e+35,0.000000
4,-4,45,9.8788603e+35,0.000000
4,-1,11,9.8773606e+35,0.000000
6,-6,35,9.7603856e+35,0.000000
5,-4,32,9.6857256e+35,0.000000
2,1,-10,9.663158e+35,0.000000
8,-8,-3,9.6615676e+35,0.000000
3,2,18,9.5921125e+35,0.000000
8,-8,14,9.4900428e+35,0.000000
5,-3,-2,9.3855566e+35,0.000000
3,1,-10,9.3354048e+35,0.000000
4,3,9,9.1257018e+35,0.000000
4,4,4,8.9724969e+35,0.000000
7,-7,4,8.7665581e+35,0.000000
6,-2,3,8.540127e+35,0.000000
2,-1,26,8.4896557e+35,0.000000
3,-2,30,8.4698773e+35,0.000000
2,1,18,8.4240436e+35,0.000000
6,-6,-1,8.3903661e+35,0.000000
7,-7,20,8.2496508e+35,0.000000
5,1,2,8.1837862e+35,0.000000
8,-8,-2,8.1568033e+35,0.000000
9,-8,11,8.1058311e+35,0.000000
6,-5,26,8.0866068e+35,0.000000
3,-1,-14,8.0625969e+35,0.000000
7,-5,12,8.0112096e+35,0.000000
3,3,21,7.9224376e+35,0.000000
6,-6,36,7.9201107e+35,0.000000
9,-7,10,7.877801e+35,0.000000
5,-5,43,7.8622903e+35,0.000000
4,3,10,7.8404754e+35,0.000000
3,0,-7,7.675661e+35,0.000000
3,0,7,7.675661e+35,0.000000
8,-6,10,7.585716e+35,0.000000
8,-8,8,7.4473123e+35,0.000000
5,-3,13,7.3347627e+35,0.000000
2,0,-19,7.2140848e+35,0.000000
2,0,19,7.2140848e+35,0.000000
7,-6,15,7.1955558e+35,0.000000
5,-2,0,7.1778773e+35,0.000000
6,-4,16,7.0711117e+35,0.000000
2,2,24,7.040343e+35,0.000000
4,4,5,7.0225195e+35,0.000000
5,-4,33,6.9728523e+35,0.000000
4,-3,34,6.8408944e+35,0.000000
4,-4,46,6.8357169e+35,0.000000
3,-3,46,6.8326724e+35,0.000000
8,-6,6,6.7797647e+35,0.000000
4,1,8,6.7760393e+35,0.000000
3,1,16,6.6996738e+35,0.000000
4,3,11,6.5878942e+35,0.000000
2,-2,44,6.5685957e+35,0.000000
6,-5,27,6.5590962e+35,0.000000
9,-7,9,6.4245307e+35,0.000000
6,-6,37,6.3869325e+35,0.000000
7,-6,4,6.3408847e+35,0.000000
7,-7,21,6.2901283e+35,0.000000
2,-1,-17,6.2168653e+35,0.000000
3,2,19,6.1295455e+35,0.000000
3,0,-8,6.0058616e+35,0.000000
3,0,8,6.0058616e+35,0.000000
2,-2,-15,5.9657315e+35,0.000000
3,-3,-9,5.9376099e+35,0.000000
3,0,-9,5.771203e+35,0.000000
3,0,9,5.771203e+35,0.000000
5,-5,44,5.7567811e+35,0.000000
4,-1,12,5.7521299e+35,0.000000
5,3,2,5.7051985e+35,0.000000
4,0,-9,5.5695179e+35,0.000000
4,0,9,5.5695179e+35,0.000000
6,-6,-2,5.4940715e+35,0.000000
7,-5,13,5.4921029e+35,0.000000
4,3,12,5.4164268e+35,0.000000
3,3,22,5.3858078e+35,0.000000
4,4,6,5.3642032e+35,0.000000
3,0,-10,5.3405007e+35,0.000000
3,0,10,5.3405007e+35,0.000000
6,-5,28,5.2844121e+35,0.000000
5,3,1,5.2045618e+35,0.000000
5,3,3,5.1938863e+35,0.000000
3,-2,31,5.1842454e+35,0.000000
5,-2,4,5.1652655e+35,0.000000
6,-6,38,5.1205895e+35,0.000000
7,-6,16,5.0274036e+35,0.000000
8,-7,12,5.0160306e+35,0.000000
5,-4,34,5.0047661e+35,0.000000
8,-8,15,4.9959959e+35,0.000000
3,1,-11,4.9550607e+35,0.000000
2,1,-11,4.912193e+35,0.000000
7,-7,22,4.8814238e+35,0.000000
3,-1,21,4.8124021e+35,0.000000
4,-4,47,4.7319186e+35,0.000000
6,-4,17,4.6727232e+35,0.000000
6,-4,-1,4.6359532e+35,0.000000
3,0,-11,4.589676e+35,0.000000
3,0,11,4.589676e+35,0.000000
4,-3,35,4.5489018e+35,0.000000
2,1,19,4.5446944e+35,0.000000
4,2,9,4.5395042e+35,0.000000
3,-2,-3,4.5235033e+35,0.000000
2,2,-7,4.5229307e+35,0.000000
5,3,0,4.5208309e+35,0.000000
3,-3,47,4.4392867e+35,0.000000
4,2,10,4.4366258e+35,0.000000
6,-2,2,4.4201739e+35,0.000000
2,-1,27,4.4033328e+35,0.000000
4,2,6,4.382041e+35,0.000000
4,3,13,4.3623378e+35,0.000000
3,-1,-15,4.339196e+35,0.000000
2,0,-20,4.330393e+35,0.000000
2,0,20,4.330393e+35,0.000000
4,1,9,4.3026909e+35,0.000000
5,3,4,4.2505683e+35,0.000000
2,2,25,4.2457146e+35,0.000000
6,-5,29,4.2287215e+35,0.000000
5,-5,45,4.2105967e+35,0.000000
4,4,7,4.1675906e+35,0.000000
4,-2,6,4.0879784e+35,0.000000
6,-6,39,4.0830533e+35,0.000000
4,2,8,4.0387404e+35,0.000000
7,-4,5,4.0064085e+35,0.000000
2,-2,45,4.0062505e+35,0.000000
7,-5,14,3.9416466e+35,0.000000
4,2,11,3.9004474e+35,0.000000
3,2,20,3.8974764e+35,0.000000
7,-7,23,3.8475664e+35,0.000000
3,0,-12,3.7000998e+35,0.000000
3,0,12,3.7000998e+35,0.000000
3,3,23,3.6442475e+35,0.000000
7,-6,17,3.6378168e+35,0.000000
5,-4,35,3.5828447e+35,0.000000
7,-7,3,3.5370101e+35,0.000000
10,-10,1,3.5023983e+35,0.000000
4,3,14,3.4465483e+35,0.000000
4,4,8,3.42004e+35,0.000000
6,-5,0,3.3899647e+35,0.000000
6,-5,30,3.3616154e+35,0.000000
5,-1,3,3.334466e+35,0.000000
3,1,17,3.3257095e+35,0.000000
2,-1,-18,3.3064745e+35,0.000000
4,-1,13,3.2973181e+35,0.000000
4,2,7,3.2889846e+35,0.000000
4,-4,48,3.276778e+35,0.000000
8,-7,7,3.2638757e+35,0.000000
6,-6,40,3.2393274e+35,0.000000
5,3,5,3.2200957e+35,0.000000
4,2,12,3.1741667e+35,0.000000
3,-2,32,3.1741134e+35,0.000000
8,-6,11,3.1582616e+35,0.000000
5,-3,14,3.1040419e+35,0.000000
5,-5,46,3.0770716e+35,0.000000
7,-7,24,3.076541e+35,0.000000
6,-4,18,3.044821e+35,0.000000
7,-5,2,3.0396476e+35,0.000000
4,-3,36,3.024092e+35,0.000000
4,4,9,3.0093136e+35,0.000000
7,-5,15,2.9161042e+35,0.000000
9,-9,1,2.9015598e+35,0.000000
8,-8,16,2.8892878e+35,0.000000
3,-3,48,2.8819966e+35,0.000000
3,-2,-4,2.8686626e+35,0.000000
5,1,0,2.8668852e+35,0.000000
3,0,-13,2.8363266e+35,0.000000
3,0,13,2.8363266e+35,0.000000
5,3,-2,2.8221855e+35,0.000000
4,-2,7,2.8013945e+35,0.000000
4,4,10,2.7982885e+35,0.000000
8,-8,-4,2.7947225e+35,0.000000
6,-4,-2,2.7947214e+35,0.000000
9,-9,11,2.7734091e+35,0.000000
4,2,-4,2.740433e+35,0.000000
7,-6,18,2.7125748e+35,0.000000
4,-2,8,2.7067548e+35,0.000000
4,3,15,2.6754567e+35,0.000000
4,1,10,2.6705732e+35,0.000000
4,4,11,2.6705578e+35,0.000000
6,-5,31,2.6554218e+35,0.000000
3,1,-12,2.6420947e+35,0.000000
3,-3,-10,2.6294096e+35,0.000000
5,-2,5,2.6235659e+35,0.000000
2,0,-21,2.5759715e+35,0.000000
2,0,21,2.5759715e+35,0.000000
2,2,26,2.5643408e+35,0.000000
5,-4,36,2.5591789e+35,0.000000
6,-6,41,2.5579402e+35,0.000000
4,4,12,2.5485308e+35,0.000000
4,-2,9,2.5351557e+35,0.000000
2,1,-12,2.5323971e+35,0.000000
9,-8,12,2.5231417e+35,0.000000
8,-8,7,2.522024e+35,0.000000
6,-2,4,2.4999379e+35,0.000000
7,-7,25,2.4947311e+35,0.000000
3,2,21,2.4680803e+35,0.000000
3,3,24,2.4564002e+35,0.000000
2,-2,46,2.4464966e+35,0.000000
2,1,20,2.4433491e+35,0.000000
4,2,13,2.4373627e+35,0.000000
2,-2,-16,2.4211078e+35,0.000000
8,-6,5,2.411203e+35,0.000000
4,4,13,2.3931735e+35,0.000000
5,2,0,2.3518593e+35,0.000000
8,-7,13,2.3463119e+35,0.000000
3,-1,-16,2.3296371e+35,0.000000
4,0,-10,2.2975073e+35,0.000000
4,0,10,2.2975073e+35,0.000000
5,3,6,2.2893115e+35,0.000000
4,-4,49,2.2697463e+35,0.000000
2,-1,28,2.2694778e+35,0.000000
5,-5,47,2.2472563e+35,0.000000
6,-6,-3,2.2395822e+35,0.000000
7,-5,16,2.1980354e+35,0.000000
4,4,14,2.1947356e+35,0.000000
4,-2,10,2.1894065e+35,0.000000
9,-9,14,2.1802746e+35,0.000000
7,-4,6,2.1663214e+35,0.000000
3,-1,22,2.1502565e+35,0.000000
3,0,-14,2.089506e+35,0.000000
3,0,14,2.089506e+35,0.000000
6,-5,32,2.085052e+35,0.000000
7,-6,19,2.0766194e+35,0.000000
7,-7,26,2.0518937e+35,0.000000
4,3,16,2.0439708e+35,0.000000
6,-6,42,2.0111533e+35,0.000000
4,-3,37,2.0102703e+35,0.000000
4,4,15,1.9612543e+35,0.000000
6,-4,19,1.9532391e+35,0.000000
3,-2,33,1.9441659e+35,0.000000
3,-3,49,1.8689602e+35,0.000000
5,-2,6,1.8569945e+35,0.000000
4,-1,14,1.8566639e+35,0.000000
5,1,3,1.8511208e+35,0.000000
7,-6,3,1.8298634e+35,0.000000
8,-5,7,1.8287178e+35,0.000000
5,-4,37,1.8244966e+35,0.000000
4,2,14,1.7888283e+35,0.000000
8,-8,17,1.7793824e+35,0.000000
3,-2,-5,1.7722097e+35,0.000000
4,-2,11,1.7671392e+35,0.000000
2,-1,-19,1.7613642e+35,0.000000
9,-8,10,1.713993e+35,0.000000
7,-7,27,1.7122544e+35,0.000000
4,4,16,1.7086398e+35,0.000000
7,-5,17,1.6729654e+35,0.000000
8,-6,12,1.6723307e+35,0.000000
3,3,25,1.6505951e+35,0.000000
5,-5,48,1.6404924e+35,0.000000
6,-5,33,1.6280402e+35,0.000000
7,-6,20,1.6272819e+35,0.000000
3,1,18,1.6255606e+35,0.000000
4,1,11,1.6217588e+35,0.000000
7,-7,-3,1.6081082e+35,0.000000
8,8,7,1.6062143e+35,0.000000
6,-6,43,1.5749434e+35,0.000000
4,-4,50,1.5724405e+35,0.000000
3,2,22,1.5577453e+35,0.000000
2,2,27,1.5515443e+35,0.000000
4,3,17,1.5392979e+35,0.000000
5,3,7,1.5390976e+35,0.000000
2,0,-22,1.5216616e+35,0.000000
2,0,22,1.5216616e+35,0.000000
5,-2,7,1.5059727e+35,0.000000
2,-2,47,1.4967009e+35,0.000000
3,0,-15,1.4910158e+35,0.000000
3,0,15,1.4910158e+35,0.000000
4,4,17,1.4538024e+35,0.000000
7,-7,28,1.4493485e+35,0.000000
7,-7,2,1.4414334e+35,0.000000
2,2,-8,1.4130557e+35,0.000000
3,1,-13,1.4126864e+35,0.000000
4,-2,12,1.3540651e+35,0.000000
5,2,1,1.353936e+35,0.000000
9,-7,8,1.3451258e+35,0.000000
9,-7,11,1.3400951e+35,0.000000
4,-3,38,1.3364221e+35,0.000000
5,-1,0,1.3269624e+35,0.000000
2,1,-13,1.3187328e+35,0.000000
2,1,21,1.3093061e+35,0.000000
7,-6,21,1.3017484e+35,0.000000
5,-4,38,1.2986202e+35,0.000000
8,-7,14,1.2841958e+35,0.000000
7,-5,18,1.2770881e+35,0.000000
4,2,-2,1.2726189e+35,0.000000
4,2,15,1.2661196e+35,0.000000
5,-2,8,1.2659269e+35,0.000000
6,-5,34,1.2645908e+35,0.000000
10,-10,14,1.2532012e+35,0.000000
3,-1,-17,1.2481408e+35,0.000000
7,-7,29,1.243126e+35,0.000000
6,-4,20,1.2321542e+35,0.000000
6,-6,44,1.2288184e+35,0.000000
5,-3,15,1.2138423e+35,0.000000
4,4,18,1.2108149e+35,0.000000
3,-3,50,1.2103696e+35,0.000000
3,-3,-11,1.1993085e+35,0.000000
5,-5,49,1.1972437e+35,0.000000
3,-2,34,1.1913364e+35,0.000000
4,2,-5,1.1776102e+35,0.000000
2,-1,29,1.160802e+35,0.000000
8,-8,18,1.1530767e+35,0.000000
7,7,5,1.1506679e+35,0.000000
6,-5,-1,1.1458937e+35,0.000000
4,3,18,1.1445155e+35,0.000000
8,-8,-1,1.1236027e+35,0.000000
7,-5,1,1.1147776e+35,0.000000
3,3,26,1.1063731e+35,0.000000
10,-8,11,1.1030829e+35,0.000000
4,-4,51,1.0893425e+35,0.000000
5,-4,-3,1.0828423e+35,0.000000
7,-7,30,1.0783268e+35,0.000000
7,-6,22,1.0602398e+35,0.000000
5,-2,9,1.0601037e+35,0.000000
6,-2,5,1.0481314e+35,0.000000
3,0,-16,1.0365895e+35,0.000000
3,0,16,1.0365895e+35,0.000000
8,-7,6,1.036221e+35,0.000000
7,-4,4,1.0330578e+35,0.000000
4,-1,15,1.0248095e+35,0.000000
4,-2,13,9.9606783e+34,0.000000
8,-6,13,9.9582435e+34,0.000000
3,-2,-6,9.9007498e+34,0.000000
4,4,19,9.8941641e+34,0.000000
5,3,8,9.8253475e+34,0.000000
3,2,23,9.8060796e+34,0.000000
2,-2,-17,9.7884263e+34,0.000000
6,-5,35,9.7755523e+34,0.000000
7,-5,19,9.7287983e+34,0.000000
4,1,12,9.6386069e+34,0.000000
6,-6,45,9.5553062e+34,0.000000
7,-7,31,9.4348755e+34,0.000000
2,2,28,9.4055617e+34,0.000000
2,-1,-20,9.4000915e+34,0.000000
3,-1,23,9.2967643e+34,0.000000
5,-4,39,9.2306515e+34,0.000000
2,-2,48,9.1813209e+34,0.000000
4,0,-11,9.0671344e+34,0.000000
4,0,11,9.0671344e+34,0.000000
2,0,-23,8.9411133e+34,0.000000
2,0,23,8.9411133e+34,0.000000
4,-3,39,8.885963e+34,0.000000
7,-6,23,8.7684682e+34,0.000000
8,-8,6,8.7521376e+34,0.000000
5,-5,50,8.7367917e+34,0.000000
5,-2,10,8.7210718e+34,0.000000
4,2,16,8.6993567e+34,0.000000
5,1,-3,8.6150216e+34,0.000000
8,-5,6,8.5947224e+34,0.000000
6,-6,-4,8.5609561e+34,0.000000
8,-8,-5,8.4758924e+34,0.000000
4,3,19,8.4141269e+34,0.000000
9,-9,10,8.3328311e+34,0.000000
7,-7,32,8.3022132e+34,0.000000
4,4,20,7.9500771e+34,0.000000
3,-3,51,7.8265414e+34,0.000000
3,1,19,7.8124963e+34,0.000000
8,-8,19,7.803332e+34,0.000000
8,-6,4,7.7133939e+34,0.000000
8,-7,15,7.6525302e+34,0.000000
6,-4,21,7.6378434e+34,0.000000
9,-9,-1,7.6148969e+34,0.000000
3,1,-14,7.5624997e+34,0.000000
4,-4,52,7.5449066e+34,0.000000
6,-5,36,7.523197e+34,0.000000
9,-9,15,7.4502013e+34,0.000000
6,-6,46,7.4073084e+34,0.000000
3,3,27,7.4013628e+34,0.000000
7,-5,20,7.3694672e+34,0.000000
7,-6,24,7.3430394e+34,0.000000
7,-7,33,7.3260566e+34,0.000000
3,-2,35,7.3032089e+34,0.000000
6,-2,0,7.2368571e+34,0.000000
4,-2,14,7.0874417e+34,0.000000
3,0,-17,7.0529233e+34,0.000000
3,0,17,7.0529233e+34,0.000000
5,-2,11,7.017561e+34,0.000000
3,2,-3,7.0138614e+34,0.000000
2,1,22,6.9938521e+34,0.000000
2,1,-14,6.9155582e+34,0.000000
6,-3,4,6.8737588e+34,0.000000
5,-1,4,6.7156957e+34,0.000000
3,-1,-18,6.676129e+34,0.000000
5,-4,40,6.5538606e+34,0.000000
7,-7,34,6.4662794e+34,0.000000
8,-6,14,6.3898812e+34,0.000000
7,-7,1,6.3839546e+34,0.000000
5,-5,51,6.3760318e+34,0.000000
4,4,21,6.2940803e+34,0.000000
7,-6,25,6.2090352e+34,0.000000
3,2,24,6.1605051e+34,0.000000
4,3,20,6.1245104e+34,0.000000
5,3,9,5.9651588e+34,0.000000
4,-3,40,5.9096611e+34,0.000000
2,-1,30,5.881799e+34,0.000000
4,2,17,5.8313869e+34,0.000000
6,-5,37,5.766184e+34,0.000000
6,-6,47,5.726044e+34,0.000000
2,2,29,5.7132327e+34,0.000000
7,-6,2,5.712558e+34,0.000000
7,-7,35,5.6968942e+34,0.000000
2,-2,49,5.6551773e+34,0.000000
4,1,13,5.605746e+34,0.000000
3,-3,-12,5.6042726e+34,0.000000
7,-5,21,5.5370136e+34,0.000000
4,-1,16,5.5327673e+34,0.000000
5,-2,12,5.5185149e+34,0.000000
8,-8,20,5.4800623e+34,0.000000
5,-1,6,5.4178345e+34,0.000000
7,-6,26,5.2862024e+34,0.000000
8,-7,-5,5.2455226e+34,0.000000
5,-1,7,5.2412929e+34,0.000000
2,0,-24,5.2331233e+34,0.000000
2,0,24,5.2331233e+34,0.000000
5,2,2,5.232264e+34,0.000000
4,-4,53,5.2230768e+34,0.000000
3,-2,-7,5.2212305e+34,0.000000
9,-8,13,5.1567465e+34,0.000000
6,-5,-2,5.0893279e+34,0.000000
5,1,7,5.084078e+34,0.000000
3,-3,52,5.0529913e+34,0.000000
2,-1,-21,5.0273294e+34,0.000000
7,-7,36,5.0018223e+34,0.000000
3,3,28,4.9438522e+34,0.000000
4,4,22,4.9186424e+34,0.000000
4,-2,15,4.9032088e+34,0.000000
5,-1,5,4.8816793e+34,0.000000
6,-2,6,4.8479401e+34,0.000000
8,-7,16,4.8469503e+34,0.000000
2,2,-9,4.7818539e+34,0.000000
4,1,-2,4.7438923e+34,0.000000
5,1,8,4.7375245e+34,0.000000
3,0,-18,4.7133542e+34,0.000000
3,0,18,4.7133542e+34,0.000000
10,-10,-4,4.7008278e+34,0.000000
4,2,-6,4.6735742e+34,0.000000
3,3,-5,4.6722869e+34,0.000000
5,-5,52,4.654133e+34,0.000000
6,-4,22,4.6501768e+34,0.000000
5,-4,41,4.6491178e+34,0.000000
5,1,6,4.577361e+34,0.000000
7,-6,27,4.5193315e+34,0.000000
9,-7,7,4.516516e+34,0.000000
5,-3,16,4.4915544e+34,0.000000
3,-2,36,4.4784948e+34,0.000000
5,-1,8,4.4618116e+34,0.000000
10,-10,13,4.428163e+34,0.000000
4,3,21,4.4191671e+34,0.000000
6,-6,48,4.4151193e+34,0.000000
9,-8,9,4.4132248e+34,0.000000
6,-5,38,4.4029659e+34,0.000000
9,-7,12,4.37388e+34,0.000000
7,-7,37,4.3714915e+34,0.000000
4,-1,-5,4.3450269e+34,0.000000
8,-6,15,4.332394e+34,0.000000
7,-4,7,4.3160104e+34,0.000000
7,-5,0,4.2603321e+34,0.000000
5,-2,13,4.2426079e+34,0.000000
5,5,-3,4.1604602e+34,0.000000
9,-6,8,4.1512355e+34,0.000000
5,2,-1,4.1392605e+34,0.000000
7,-5,22,4.1199762e+34,0.000000
3,1,-15,4.0483233e+34,0.000000
5,1,4,4.0377475e+34,0.000000
4,-3,-3,3.9977159e+34,0.000000
8,-8,21,3.9721811e+34,0.000000
5,1,9,3.9391967e+34,0.000000
4,-3,41,3.9312162e+34,0.000000
2,-2,-18,3.9311642e+34,0.000000
7,-6,28,3.8705331e+34,0.000000
3,2,25,3.8643896e+34,0.000000
3,-1,24,3.8558838e+34,0.000000
4,-1,-4,3.8322214e+34,0.000000
4,2,18,3.8285018e+34,0.000000
4,1,-4,3.8080055e+34,0.000000
7,-7,38,3.8002623e+34,0.000000
4,4,23,3.8001469e+34,0.000000
4,-1,-6,3.7863746e+34,0.000000
10,-9,13,3.7369269e+34,0.000000
2,1,23,3.7239773e+34,0.000000
7,-7,0,3.716849e+34,0.000000
3,1,20,3.6843725e+34,0.000000
2,1,-15,3.6437924e+34,0.000000
4,-4,54,3.6127936e+34,0.000000
10,-9,12,3.5919581e+34,0.000000
7,-4,3,3.5843445e+34,0.000000
9,-9,16,3.5809075e+34,0.000000
3,-1,-19,3.5668315e+34,0.000000
6,-3,3,3.5554051e+34,0.000000
2,-2,50,3.5041594e+34,0.000000
5,-1,9,3.4849185e+34,0.000000
2,2,30,3.4775943e+34,0.000000
5,3,10,3.4416362e+34,0.000000
5,-5,53,3.3983591e+34,0.000000
6,-6,49,3.3965288e+34,0.000000
4,1,-5,3.3877556e+34,0.000000
8,-8,5,3.3809654e+34,0.000000
4,0,-12,3.3696648e+34,0.000000
4,0,12,3.3696648e+34,0.000000
6,-5,39,3.350499e+34,0.000000
5,1,5,3.3216669e+34,0.000000
7,-6,29,3.3139286e+34,0.000000
4,-2,16,3.3102736e+34,0.000000
3,3,29,3.2985865e+34,0.000000
5,-4,42,3.2956238e+34,0.000000
7,-7,39,3.2846034e+34,0.000000
3,-3,53,3.2581236e+34,0.000000
6,2,0,3.2380719e+34,0.000000
8,-7,17,3.2242929e+34,0.000000
5,-2,14,3.1911404e+34,0.000000
4,1,14,3.1889851e+34,0.000000
4,3,22,3.1644094e+34,0.000000
8,-5,8,3.1144604e+34,0.000000
3,0,-19,3.1029752e+34,0.000000
3,0,19,3.1029752e+34,0.000000
10,-8,10,3.0898261e+34,0.000000
8,-6,16,3.0696284e+34,0.000000
8,-7,5,3.059312e+34,0.000000
2,0,-25,3.0543037e+34,0.000000
2,0,25,3.0543037e+34,0.000000
7,-5,23,3.0333607e+34,0.000000
5,1,10,3.0297069e+34,0.000000
8,-8,22,2.9591163e+34,0.000000
2,-1,31,2.9454324e+34,0.000000
4,-1,-7,2.9258691e+34,0.000000
4,-1,17,2.9145808e+34,0.000000
7,-7,-2,2.9137717e+34,0.000000
4,4,24,2.9067081e+34,0.000000
9,-9,9,2.903141e+34,0.000000
7,-6,30,2.831865e+34,0.000000
7,-7,40,2.8218903e+34,0.000000
9,-9,-3,2.7814094e+34,0.000000
6,-4,23,2.7798868e+34,0.000000
5,1,-4,2.7601415e+34,0.000000
3,-2,37,2.7467787e+34,0.000000
6,-2,1,2.7404202e+34,0.000000
10,-8,12,2.7239853e+34,0.000000
10,-10,15,2.7164643e+34,0.000000
3,2,-4,2.710672e+34,0.000000
2,-1,-22,2.6951669e+34,0.000000
3,-3,-13,2.6714322e+34,0.000000
3,-2,-8,2.6600129e+34,0.000000
4,-3,42,2.6157107e+34,0.000000
6,-6,50,2.6076073e+34,0.000000
5,5,-2,2.6004534e+34,0.000000
5,4,-2,2.5980823e+34,0.000000
4,-1,-2,2.5915042e+34,0.000000
8,-8,-6,2.5678583e+34,0.000000
5,-1,10,2.5636334e+34,0.000000
8,-7,-4,2.5427762e+34,0.000000
6,-5,40,2.54161e+34,0.000000
4,1,-6,2.5386491e+34,0.000000
4,-4,55,2.4959862e+34,0.000000
5,-5,54,2.4824722e+34,0.000000
4,2,19,2.4695776e+34,0.000000
3,2,26,2.4214475e+34,0.000000
5,-2,-1,2.4127434e+34,0.000000
7,-6,31,2.4121809e+34,0.000000
7,-7,41,2.4096837e+34,0.000000
8,-6,3,2.4091417e+34,0.000000
4,1,-3,2.3826018e+34,0.000000
5,-2,15,2.3503866e+34,0.000000
5,-4,43,2.3349394e+34,0.000000
6,-2,7,2.2754317e+34,0.000000
9,-9,0,2.2662497e+34,0.000000
8,-8,23,2.2583338e+34,0.000000
8,-6,17,2.255598e+34,0.000000
4,3,23,2.2508739e+34,0.000000
9,-8,-2,2.2377181e+34,0.000000
8,-7,18,2.234464e+34,0.000000
8,-5,5,2.2174682e+34,0.000000
7,-5,24,2.2092253e+34,0.000000
4,4,25,2.203813e+34,0.000000
5,1,11,2.2007438e+34,0.000000
3,3,30,2.1990648e+34,0.000000
2,-2,51,2.1897766e+34,0.000000
4,-2,17,2.187045e+34,0.000000
3,1,-16,2.1651899e+34,0.000000
2,2,31,2.1211917e+34,0.000000
4,-1,-8,2.1136164e+34,0.000000
3,-3,54,2.0995998e+34,0.000000
9,-7,13,2.0976492e+34,0.000000
9,8,7,2.0677071e+34,0.000000
9,-8,14,2.0586633e+34,0.000000
5,5,-1,2.0545799e+34,0.000000
7,-6,32,2.046254e+34,0.000000
7,-7,42,2.0453555e+34,0.000000
9,-8,-3,2.0376875e+34,0.000000
6,-6,-6,2.0277126e+34,0.000000
3,0,-20,2.0174487e+34,0.000000
3,0,20,2.0174487e+34,0.000000
6,-6,51,1.9983439e+34,0.000000
5,2,3,1.9951359e+34,0.000000
2,1,24,1.9762691e+34,0.000000
9,-9,17,1.9392189e+34,0.000000
9,-9,-4,1.9373586e+34,0.000000
2,1,-16,1.9258621e+34,0.000000
6,-5,41,1.9224877e+34,0.000000
4,2,-7,1.9171062e+34,0.000000
3,-1,-20,1.9043732e+34,0.000000
5,-3,17,1.8965677e+34,0.000000
5,3,11,1.88111e+34,0.000000
5,-5,55,1.814325e+34,0.000000
5,-1,11,1.8036515e+34,0.000000
5,4,0,1.7841457e+34,0.000000
2,0,-26,1.7792383e+34,0.000000
2,0,26,1.7792383e+34,0.000000
5,5,0,1.7748784e+34,0.000000
4,1,15,1.7731788e+34,0.000000
4,1,-7,1.7701581e+34,0.000000
8,-8,24,1.760916e+34,0.000000
4,-3,43,1.7407059e+34,0.000000
8,7,5,1.7364717e+34,0.000000
7,-6,33,1.7276505e+34,0.000000
7,-7,43,1.7259473e+34,0.000000
5,4,2,1.7257677e+34,0.000000
5,4,3,1.7164169e+34,0.000000
2,2,-10,1.714268e+34,0.000000
8,-6,18,1.708101e+34,0.000000
3,1,21,1.7000554e+34,0.000000
5,-2,16,1.6967131e+34,0.000000
7,-4,8,1.6948367e+34,0.000000
3,-2,38,1.6845994e+34,0.000000
7,-6,1,1.6792321e+34,0.000000
4,4,26,1.6579779e+34,0.000000
5,-4,44,1.6536896e+34,0.000000
6,-4,24,1.6312852e+34,0.000000
5,4,1,1.6290205e+34,0.000000
5,4,4,1.6242318e+34,0.000000
7,-5,-1,1.6214918e+34,0.000000
9,-7,6,1.6081133e+34,0.000000
5,4,-1,1.6041327e+34,0.000000
8,-7,19,1.6030453e+34,0.000000
7,-5,25,1.5918605e+34,0.000000
4,3,24,1.5918021e+34,0.000000
4,2,20,1.5691479e+34,0.000000
6,4,-2,1.5687588e+34,0.000000
2,-2,-19,1.5633895e+34,0.000000
10,-10,0,1.5572122e+34,0.000000
5,1,12,1.5290883e+34,0.000000
6,-6,52,1.5290633e+34,0.000000
5,0,-3,1.5219374e+34,0.000000
5,0,3,1.5219374e+34,0.000000
3,2,27,1.516184e+34,0.000000
3,-1,25,1.5148358e+34,0.000000
5,5,1,1.5066849e+34,0.000000
9,-6,9,1.5051507e+34,0.000000
4,4,-4,1.4960645e+34,0.000000
5,4,5,1.4942084e+34,0.000000
4,-1,18,1.4938183e+34,0.000000
9,-8,8,1.4859604e+34,0.000000
3,3,31,1.465253e+34,0.000000
5,-3,21,1.4645195e+34,0.000000
4,-1,-9,1.4621526e+34,0.000000
5,-3,20,1.4621438e+34,0.000000
2,-1,32,1.4530585e+34,0.000000
6,-3,5,1.4529623e+34,0.000000
7,-6,34,1.4512344e+34,0.000000
6,-5,42,1.450396e+34,0.000000
2,-1,-23,1.4487158e+34,0.000000
7,-7,44,1.4481726e+34,0.000000
8,-8,4,1.4338178e+34,0.000000
4,-1,-3,1.4304154e+34,0.000000
4,-2,18,1.4172622e+34,0.000000
8,-8,25,1.3989962e+34,0.000000
5,0,-2,1.3953891e+34,0.000000
5,0,2,1.3953891e+34,0.000000
2,-2,52,1.3842469e+34,0.000000
5,4,6,1.355739e+34,0.000000
5,-3,19,1.3551159e+34,0.000000
3,-3,55,1.3541602e+34,0.000000
5,-3,22,1.3528862e+34,0.000000
8,-6,19,1.3251776e+34,0.000000
3,-2,-9,1.32352e+34,0.000000
5,-3,18,1.3136999e+34,0.000000
3,0,-21,1.2981785e+34,0.000000
3,0,21,1.2981785e+34,0.000000
2,2,32,1.2964991e+34,0.000000
3,-3,-14,1.2946391e+34,0.000000
5,5,2,1.2940745e+34,0.000000
6,-3,2,1.284659e+34,0.000000
10,-9,1,1.2644822e+34,0.000000
4,4,27,1.2388482e+34,0.000000
5,4,7,1.2297111e+34,0.000000
5,-1,12,1.224827e+34,0.000000
3,3,-6,1.216429e+34,0.000000
7,-6,35,1.2126161e+34,0.000000
7,-7,45,1.2084977e+34,0.000000
10,10,10,1.2018409e+34,0.000000
5,-2,17,1.2016134e+34,0.000000
7,-7,-1,1.1989662e+34,0.000000
4,1,-8,1.1889052e+34,0.000000
6,4,-1,1.1847546e+34,0.000000
8,-7,20,1.1846389e+34,0.000000
5,-4,45,1.1709395e+34,0.000000
5,-3,23,1.1688671e+34,0.000000
9,-7,14,1.1685346e+34,0.000000
6,-6,53,1.1684587e+34,0.000000
4,-3,44,1.1584832e+34,0.000000
4,0,-13,1.1582673e+34,0.000000
4,0,13,1.1582673e+34,0.000000
3,1,-17,1.1563657e+34,0.000000
3,2,-5,1.1482292e+34,0.000000
8,8,6,1.1402762e+34,0.000000
7,-5,26,1.135312e+34,0.000000
7,-4,2,1.1339323e+34,0.000000
8,-8,26,1.1289841e+34,0.000000
5,4,8,1.1267826e+34,0.000000
9,-9,18,1.1253204e+34,0.000000
5,5,3,1.1206087e+34,0.000000
4,3,25,1.120041e+34,0.000000
6,-5,43,1.0916544e+34,0.000000
5,0,-4,1.0785209e+34,0.000000
5,0,4,1.0785209e+34,0.000000
6,-5,-3,1.0741166e+34,0.000000
7,7,13,1.0552222e+34,0.000000
5,4,9,1.0477289e+34,0.000000
8,-6,20,1.0472387e+34,0.000000
6,-2,8,1.0455476e+34,0.000000
2,1,25,1.0449411e+34,0.000000
6,4,0,1.0397473e+34,0.000000
9,-8,15,1.0385732e+34,0.000000
2,0,-27,1.0352168e+34,0.000000
2,0,27,1.0352168e+34,0.000000
3,-2,39,1.0328414e+34,0.000000
8,-8,-7,1.0323392e+34,0.000000
10,-10,3,1.028233e+34,0.000000
5,1,13,1.0246169e+34,0.000000
2,1,-17,1.0199166e+34,0.000000
3,-1,-21,1.0165675e+34,0.000000
10,-10,12,1.009316e+34,0.000000
7,-6,36,1.0078397e+34,0.000000
5,5,4,1.0076103e+34,0.000000
7,-7,46,1.003254e+34,0.000000
9,-9,8,9.9197124e+33,0.000000
5,4,10,9.8662712e+33,0.000000
4,2,21,9.8415181e+33,0.000000
8,-7,4,9.8353261e+33,0.000000
4,-1,-10,9.8076902e+33,0.000000
3,3,32,9.7599759e+33,0.000000
7,-3,4,9.7523987e+33,0.000000
5,3,12,9.6816888e+33,0.000000
4,1,16,9.6263863e+33,0.000000
5,-3,24,9.5774412e+33,0.000000
5,-1,-3,9.4962431e+33,0.000000
3,2,28,9.4893127e+33,0.000000
4,2,-3,9.4876678e+33,0.000000
5,5,5,9.466671e+33,0.000000
6,-4,25,9.393661e+33,0.000000
5,4,11,9.3483806e+33,0.000000
4,-4,-6,9.3259454e+33,0.000000
8,-8,27,9.2252772e+33,0.000000
4,4,28,9.2008077e+33,0.000000
9,-6,7,9.1902722e+33,0.000000
6,2,3,9.1684947e+33,0.000000
8,-5,9,9.1422744e+33,0.000000
4,-2,19,9.0259363e+33,0.000000
5,5,6,9.0014204e+33,0.000000
8,-7,21,8.9823387e+33,0.000000
7,-5,-2,8.9215585e+33,0.000000
6,-6,54,8.9194789e+33,0.000000
2,-2,53,8.8817111e+33,0.000000
5,4,12,8.8427442e+33,0.000000
5,2,4,8.7784052e+33,0.000000
7,-4,9,8.7356591e+33,0.000000
8,-6,2,8.6328394e+33,0.000000
8,-6,21,8.3837071e+33,0.000000
5,5,7,8.3826473e+33,0.000000
7,-7,-6,8.3573551e+33,0.000000
5,-2,18,8.3568474e+33,0.000000
7,-6,37,8.3322603e+33,0.000000
5,4,13,8.2931956e+33,0.000000
5,-4,46,8.2903096e+33,0.000000
7,-7,47,8.2875602e+33,0.000000
3,0,-22,8.2827715e+33,0.000000
3,0,22,8.2827715e+33,0.000000
7,-6,0,8.2325911e+33,0.000000
6,2,4,8.20616e+33,0.000000
6,-5,44,8.1990127e+33,0.000000
4,2,-8,8.1891767e+33,0.000000
5,-1,13,8.0744971e+33,0.000000
7,-5,27,8.019662e+33,0.000000
10,-8,9,7.9962127e+33,0.000000
8,-5,4,7.9779705e+33,0.000000
2,2,33,7.940135e+33,0.000000
4,3,26,7.8464381e+33,0.000000
6,4,1,7.8291085e+33,0.000000
2,-1,-24,7.8093358e+33,0.000000
4,1,-9,7.8032139e+33,0.000000
4,-3,45,7.7093659e+33,0.000000
5,4,14,7.6740753e+33,0.000000
5,2,9,7.6725318e+33,0.000000
3,1,22,7.6432123e+33,0.000000
5,2,8,7.6244951e+33,0.000000
8,-8,28,7.6119915e+33,0.000000
5,5,8,7.5617847e+33,0.000000
5,-3,25,7.5243376e+33,0.000000
4,-1,19,7.4226539e+33,0.000000
5,2,10,7.2067203e+33,0.000000
9,-7,15,7.0819925e+33,0.000000
10,8,7,7.0768389e+33,0.000000
2,-1,33,7.0309774e+33,0.000000
5,2,7,7.0232198e+33,0.000000
5,4,15,6.9865901e+33,0.000000
8,-7,22,6.9659902e+33,0.000000
5,1,-5,6.9612851e+33,0.000000
9,-7,-5,6.908855e+33,0.000000
9,-9,19,6.9071748e+33,0.000000
6,2,2,6.8605195e+33,0.000000
7,-6,38,6.8531123e+33,0.000000
7,-7,48,6.8140566e+33,0.000000
6,-6,55,6.8031418e+33,0.000000
4,4,29,6.797098e+33,0.000000
6,4,2,6.7839846e+33,0.000000
8,-6,22,6.7646259e+33,0.000000
5,1,14,6.6589175e+33,0.000000
5,0,-5,6.6564596e+33,0.000000
5,0,5,6.6564596e+33,0.000000
10,-10,16,6.6414255e+33,0.000000
10,-8,-2,6.635401e+33,0.000000
5,5,9,6.5036779e+33,0.000000
3,3,33,6.5001877e+33,0.000000
10,-9,11,6.4630434e+33,0.000000
3,-2,-10,6.4626156e+33,0.000000
4,-1,-11,6.4242071e+33,0.000000
2,2,-11,6.4092897e+33,0.000000
5,2,11,6.3880328e+33,0.000000
3,-3,-15,6.3625664e+33,0.000000
8,-8,29,6.3304513e+33,0.000000
3,-2,40,6.3283874e+33,0.000000
9,-9,-2,6.3229489e+33,0.000000
8,-8,3,6.3096606e+33,0.000000
10,-9,14,6.3091485e+33,0.000000
5,4,16,6.2503536e+33,0.000000
10,-8,13,6.2104652e+33,0.000000
3,1,-18,6.1655299e+33,0.000000
5,2,6,6.1479548e+33,0.000000
6,-5,45,6.1463038e+33,0.000000
2,-2,-20,6.1341087e+33,0.000000
4,2,22,6.1032682e+33,0.000000
6,2,5,6.0523496e+33,0.000000
2,0,-28,6.0191543e+33,0.000000
2,0,28,6.0191543e+33,0.000000
5,2,5,5.9553397e+33,0.000000
3,2,29,5.9377229e+33,0.000000
5,-4,47,5.8695894e+33,0.000000
6,-4,-3,5.8181565e+33,0.000000
2,-2,54,5.803618e+33,0.000000
6,4,3,5.7914083e+33,0.000000
9,-8,16,5.7910741e+33,0.000000
5,-3,26,5.7150856e+33,0.000000
5,-2,19,5.71349e+33,0.000000
3,3,-4,5.6817457e+33,0.000000
4,-2,20,5.6591019e+33,0.000000
4,3,-3,5.6155994e+33,0.000000
7,-5,28,5.6152091e+33,0.000000
7,-6,39,5.6083708e+33,0.000000
7,-7,49,5.5777646e+33,0.000000
3,-1,26,5.535927e+33,0.000000
8,-7,23,5.5106339e+33,0.000000
2,1,26,5.5019219e+33,0.000000
5,4,17,5.4940591e+33,0.000000
8,-6,23,5.4769778e+33,0.000000
4,3,27,5.4759032e+33,0.000000
9,7,5,5.4643039e+33,0.000000
5,5,10,5.4455494e+33,0.000000
5,5,-4,5.4370105e+33,0.000000
3,-1,-22,5.4276779e+33,0.000000
2,1,-18,5.4086247e+33,0.000000
5,2,12,5.3944637e+33,0.000000
6,-4,26,5.3054228e+33,0.000000
8,-8,30,5.3021954e+33,0.000000
3,0,-23,5.2482602e+33,0.000000
3,0,23,5.2482602e+33,0.000000
9,-7,5,5.2275451e+33,0.000000
5,-1,14,5.1868477e+33,0.000000
10,-7,10,5.1438965e+33,0.000000
7,-4,10,5.1401815e+33,0.000000
4,-3,46,5.1289312e+33,0.000000
4,1,17,5.0946114e+33,0.000000
4,1,-10,5.0382874e+33,0.000000
6,4,4,5.0057769e+33,0.000000
4,4,30,4.9977455e+33,0.000000
10,-8,-3,4.894052e+33,0.000000
3,2,-6,4.8726356e+33,0.000000
2,2,34,4.8719807e+33,0.000000
9,-8,7,4.7614237e+33,0.000000
5,4,18,4.7477114e+33,0.000000
5,3,13,4.6461133e+33,0.000000
6,-6,-5,4.6144819e+33,0.000000
6,-2,9,4.6107969e+33,0.000000
6,-5,46,4.5997853e+33,0.000000
7,-6,40,4.5676438e+33,0.000000
4,-4,-7,4.5588529e+33,0.000000
9,-7,16,4.5519822e+33,0.000000
7,-7,50,4.546747e+33,0.000000
6,-3,6,4.5058517e+33,0.000000
5,5,11,4.5048169e+33,0.000000
7,7,4,4.5009398e+33,0.000000
6,4,5,4.4895399e+33,0.000000
8,-8,31,4.4737014e+33,0.000000
9,-9,20,4.4577546e+33,0.000000
8,-7,24,4.4363057e+33,0.000000
8,-6,24,4.4333302e+33,0.000000
8,8,20,4.4035115e+33,0.000000
9,-8,-4,4.3773143e+33,0.000000
5,2,13,4.3725949e+33,0.000000
3,3,34,4.3292004e+33,0.000000
5,-3,27,4.2233069e+33,0.000000
2,-1,-25,4.2221807e+33,0.000000
5,1,15,4.2143331e+33,0.000000
8,-5,10,4.21333e+33,0.000000
5,-1,-4,4.2033437e+33,0.000000
5,-4,48,4.1560481e+33,0.000000
6,4,6,4.1466813e+33,0.000000
4,-1,-12,4.127057e+33,0.000000
6,-3,1,4.1181564e+33,0.000000
5,4,19,4.0373905e+33,0.000000
4,1,-1,3.9614124e+33,0.000000
6,2,6,3.9402311e+33,0.000000
7,-5,29,3.9003941e+33,0.000000
3,-2,41,3.8735661e+33,0.000000
2,-2,55,3.8725155e+33,0.000000
6,4,7,3.8535247e+33,0.000000
5,-2,20,3.8443619e+33,0.000000
5,0,-6,3.8167474e+33,0.000000
5,0,6,3.8167474e+33,0.000000
4,3,28,3.808929e+33,0.000000
10,-7,9,3.8081318e+33,0.000000
8,-8,32,3.805995e+33,0.000000
7,7,6,3.77843e+33,0.000000
5,5,12,3.7540145e+33,0.000000
4,2,23,3.74776e+33,0.000000
6,6,6,3.7180642e+33,0.000000
3,2,30,3.7151734e+33,0.000000
7,-6,41,3.702923e+33,0.000000
7,-7,51,3.6917853e+33,0.000000
4,0,-14,3.6679805e+33,0.000000
4,0,14,3.6679805e+33,0.000000
4,4,31,3.6594414e+33,0.000000
8,-7,25,3.6270263e+33,0.000000
4,2,-9,3.6184891e+33,0.000000
9,-7,-4,3.6173116e+33,0.000000
8,-6,25,3.5773843e+33,0.000000
9,-9,7,3.5616677e+33,0.000000
4,-1,20,3.5594648e+33,0.000000
6,4,8,3.5264957e+33,0.000000
4,-2,21,3.4987741e+33,0.000000
2,0,-29,3.4987672e+33,0.000000
2,0,29,3.4987672e+33,0.000000
8,-7,3,3.490332e+33,0.000000
9,-8,-1,3.4640602e+33,0.000000
9,-8,17,3.4540473e+33,0.000000
6,-5,47,3.4373571e+33,0.000000
4,-2,-4,3.4293534e+33,0.000000
3,3,-7,3.4266489e+33,0.000000
5,2,14,3.4221773e+33,0.000000
4,-3,47,3.4104123e+33,0.000000
5,4,20,3.3825765e+33,0.000000
10,-10,11,3.3763385e+33,0.000000
10,-10,-1,3.3672575e+33,0.000000
3,1,23,3.3280073e+33,0.000000
2,-1,34,3.316718e+33,0.000000
3,0,-24,3.3070669e+33,0.000000
3,0,24,3.3070669e+33,0.000000
7,-3,5,3.2836321e+33,0.000000
3,1,-19,3.2819063e+33,0.000000
8,-8,33,3.2685265e+33,0.000000
5,-1,15,3.2550757e+33,0.000000
7,-4,11,3.2525384e+33,0.000000
5,5,13,3.2133746e+33,0.000000
4,1,-11,3.210557e+33,0.000000
8,-7,-3,3.1878014e+33,0.000000
3,-3,-16,3.1650163e+33,0.000000
6,4,9,3.1363951e+33,0.000000
6,3,-1,3.1337436e+33,0.000000
10,-10,2,3.125239e+33,0.000000
8,-8,0,3.1199494e+33,0.000000
3,-2,-11,3.1022574e+33,0.000000
9,-7,17,3.0625897e+33,0.000000
5,-3,28,3.0512172e+33,0.000000
9,-9,-5,3.0134009e+33,0.000000
9,-9,21,3.0084401e+33,0.000000
8,-7,26,3.0063671e+33,0.000000
2,2,35,2.99469e+33,0.000000
7,-6,42,2.9887416e+33,0.000000
7,-7,52,2.9865787e+33,0.000000
8,-6,1,2.966675e+33,0.000000
9,-6,10,2.9538355e+33,0.000000
5,-4,49,2.9431569e+33,0.000000
6,-4,27,2.9365144e+33,0.000000
3,-1,-23,2.8995578e+33,0.000000
3,3,35,2.8836529e+33,0.000000
2,1,27,2.882572e+33,0.000000
10,-8,8,2.8803842e+33,0.000000
8,-6,26,2.8717272e+33,0.000000
2,1,-19,2.8711694e+33,0.000000
5,5,14,2.8598021e+33,0.000000
6,2,1,2.8583701e+33,0.000000
8,-8,34,2.8359545e+33,0.000000
10,-10,17,2.823246e+33,0.000000
9,-6,6,2.808921e+33,0.000000
5,4,21,2.7954722e+33,0.000000
5,4,-3,2.7019971e+33,0.000000
6,4,10,2.6950141e+33,0.000000
7,-5,30,2.6900029e+33,0.000000
4,4,32,2.6696587e+33,0.000000
5,5,15,2.6423892e+33,0.000000
4,3,29,2.6418364e+33,0.000000
6,3,1,2.6302817e+33,0.000000
4,1,18,2.6226387e+33,0.000000
4,-1,-13,2.6079215e+33,0.000000
5,1,16,2.6054269e+33,0.000000
5,2,15,2.5983118e+33,0.000000
10,-8,14,2.588056e+33,0.000000
7,-6,-2,2.5690024e+33,0.000000
6,-5,48,2.5654629e+33,0.000000
5,-5,-5,2.5545906e+33,0.000000
5,-2,21,2.5486253e+33,0.000000
8,-7,27,2.5228035e+33,0.000000
5,5,16,2.5097026e+33,0.000000
8,-5,3,2.4954407e+33,0.000000
8,-8,35,2.486692e+33,0.000000
2,2,-12,2.4701903e+33,0.000000
6,3,2,2.4403315e+33,0.000000
5,5,17,2.4141692e+33,0.000000
7,-7,53,2.4077887e+33,0.000000
7,-6,43,2.4022556e+33,0.000000
3,-2,42,2.3675841e+33,0.000000
2,-2,-21,2.364099e+33,0.000000
8,-8,2,2.3597522e+33,0.000000
8,8,5,2.344886e+33,0.000000
8,-5,11,2.3425678e+33,0.000000
3,2,31,2.3246691e+33,0.000000
6,2,7,2.3226826e+33,0.000000
5,5,18,2.3221577e+33,0.000000
10,-9,-1,2.3099872e+33,0.000000
8,-6,27,2.2901477e+33,0.000000
2,-1,-26,2.2897241e+33,0.000000
5,4,22,2.2816298e+33,0.000000
4,2,24,2.2812776e+33,0.000000
4,-2,-5,2.2793716e+33,0.000000
4,-3,48,2.2658347e+33,0.000000
4,-4,-8,2.2441852e+33,0.000000
6,4,11,2.2342783e+33,0.000000
7,-6,-1,2.2217864e+33,0.000000
5,5,19,2.2138843e+33,0.000000
8,-8,36,2.2023616e+33,0.000000
9,-8,18,2.1775682e+33,0.000000
5,-3,29,2.1634335e+33,0.000000
8,-7,28,2.1406835e+33,0.000000
7,-4,12,2.1402592e+33,0.000000
9,-7,18,2.1394467e+33,0.000000
4,-2,22,2.1361953e+33,0.000000
9,-9,22,2.1100125e+33,0.000000
3,2,-7,2.1073719e+33,0.000000
5,0,-1,2.0973375e+33,0.000000
5,0,1,2.0973375e+33,0.000000
5,-4,50,2.0845763e+33,0.000000
5,5,20,2.0814336e+33,0.000000
3,0,-25,2.074719e+33,0.000000
3,0,25,2.074719e+33,0.000000
5,0,-7,2.0720043e+33,0.000000
5,0,7,2.0720043e+33,0.000000
7,-4,1,2.0559123e+33,0.000000
5,3,14,2.0482038e+33,0.000000
2,0,-30,2.0336855e+33,0.000000
2,0,30,2.0336855e+33,0.000000
4,1,-12,2.0223871e+33,0.000000
7,-3,3,2.0006548e+33,0.000000
5,-1,16,1.9994534e+33,0.000000
10,-9,10,1.9911422e+33,0.000000
8,-8,37,1.9676117e+33,0.000000
10,-9,15,1.9540908e+33,0.000000
6,-2,10,1.9449254e+33,0.000000
4,4,33,1.9412627e+33,0.000000
7,-7,54,1.9349651e+33,0.000000
5,5,21,1.925285e+33,0.000000
7,-6,44,1.923239e+33,0.000000
5,2,16,1.9212761e+33,0.000000
3,3,36,1.921174e+33,0.000000
6,-3,7,1.9156576e+33,0.000000
6,-5,49,1.9127123e+33,0.000000
6,3,3,1.8958118e+33,0.000000
8,-8,1,1.8623717e+33,0.000000
2,2,36,1.8437549e+33,0.000000
7,-5,31,1.8435709e+33,0.000000
3,-1,27,1.841478e+33,0.000000
5,4,23,1.8412468e+33,0.000000
8,-7,29,1.8346319e+33,0.000000
4,3,30,1.8278191e+33,0.000000
8,-6,28,1.8129303e+33,0.000000
6,4,12,1.7888898e+33,0.000000
8,-8,38,1.7699927e+33,0.000000
9,-7,4,1.7682691e+33,0.000000
7,-5,-3,1.7625604e+33,0.000000
5,5,22,1.7509888e+33,0.000000
3,1,-20,1.7444024e+33,0.000000
8,8,8,1.6940898e+33,0.000000
8,7,13,1.6679901e+33,0.000000
5,-2,22,1.6666341e+33,0.000000
6,0,-2,1.6490564e+33,0.000000
6,0,2,1.6490564e+33,0.000000
4,2,-10,1.6407008e+33,0.000000
4,-1,21,1.6378854e+33,0.000000
4,-1,-14,1.6244676e+33,0.000000
8,-8,39,1.5997652e+33,0.000000
3,-3,-17,1.5913811e+33,0.000000
6,-4,28,1.5908566e+33,0.000000
8,-7,30,1.586114e+33,0.000000
5,1,17,1.5772726e+33,0.000000
5,5,23,1.5663201e+33,0.000000
7,-7,55,1.5503896e+33,0.000000
3,-1,-24,1.5502348e+33,0.000000
9,-7,19,1.543214e+33,0.000000
7,-6,45,1.5340015e+33,0.000000
9,-9,23,1.527913e+33,0.000000
2,1,-20,1.5256729e+33,0.000000
5,1,-6,1.5184402e+33,0.000000
2,-1,35,1.5120996e+33,0.000000
5,-3,30,1.5100282e+33,0.000000
4,-3,49,1.5036174e+33,0.000000
2,1,28,1.5011726e+33,0.000000
9,-8,6,1.5003464e+33,0.000000
5,-4,51,1.4766951e+33,0.000000
5,4,24,1.4706639e+33,0.000000
3,-2,-12,1.4641272e+33,0.000000
9,8,6,1.4568977e+33,0.000000
3,2,32,1.4547675e+33,0.000000
8,-5,12,1.451254e+33,0.000000
8,-8,40,1.4496133e+33,0.000000
10,-10,-3,1.4477633e+33,0.000000
3,-2,43,1.4443876e+33,0.000000
9,-8,19,1.4401512e+33,0.000000
9,-9,6,1.4345065e+33,0.000000
7,-4,13,1.4338497e+33,0.000000
10,-10,18,1.4294302e+33,0.000000
6,-5,50,1.4248323e+33,0.000000
8,-6,29,1.4241282e+33,0.000000
6,3,4,1.4155583e+33,0.000000
4,4,34,1.407564e+33,0.000000
9,9,15,1.4039151e+33,0.000000
3,1,24,1.3911622e+33,0.000000
5,2,17,1.3880599e+33,0.000000
6,4,13,1.38607e+33,0.000000
8,-7,31,1.381337e+33,0.000000
5,5,24,1.3793063e+33,0.000000
4,2,25,1.3777351e+33,0.000000
8,-6,0,1.3676254e+33,0.000000
7,-3,6,1.3549251e+33,0.000000
10,-8,15,1.3335584e+33,0.000000
6,2,-1,1.3264332e+33,0.000000
8,-8,41,1.314286e+33,0.000000
4,1,19,1.3091754e+33,0.000000
5,1,-2,1.301223e+33,0.000000
3,0,-26,1.2971362e+33,0.000000
3,0,26,1.2971362e+33,0.000000
9,9,9,1.2952146e+33,0.000000
4,-2,23,1.2897578e+33,0.000000
5,-1,-5,1.2887552e+33,0.000000
3,3,37,1.280266e+33,0.000000
4,3,31,1.2619224e+33,0.000000
4,1,-13,1.2603547e+33,0.000000
7,-5,32,1.2565364e+33,0.000000
6,2,8,1.2486446e+33,0.000000
2,-1,-27,1.2455443e+33,0.000000
7,-6,46,1.2192447e+33,0.000000
8,-7,32,1.2099502e+33,0.000000
4,-2,-6,1.2092445e+33,0.000000
5,-1,17,1.2039191e+33,0.000000
5,5,25,1.1970038e+33,0.000000
8,-8,42,1.1902076e+33,0.000000
10,-10,10,1.1862288e+33,0.000000
2,0,-31,1.182248e+33,0.000000
2,0,31,1.182248e+33,0.000000
4,0,-15,1.1810339e+33,0.000000
4,0,15,1.1810339e+33,0.000000
6,3,0,1.1756339e+33,0.000000
5,4,25,1.1637699e+33,0.000000
9,-6,11,1.1559339e+33,0.000000
9,-7,20,1.1447174e+33,0.000000
2,2,37,1.1368088e+33,0.000000
9,-9,24,1.1355864e+33,0.000000
7,-3,2,1.1209433e+33,0.000000
8,-6,30,1.1101104e+33,0.000000
3,3,-8,1.1008004e+33,0.000000
8,-7,2,1.0961657e+33,0.000000
4,-4,-9,1.0865801e+33,0.000000
5,-2,23,1.076226e+33,0.000000
8,-8,43,1.075094e+33,0.000000
5,0,-8,1.0690854e+33,0.000000
5,0,8,1.0690854e+33,0.000000
8,-7,33,1.064197e+33,0.000000
6,-5,51,1.0607034e+33,0.000000
5,-4,52,1.0461962e+33,0.000000
6,4,14,1.04181e+33,0.000000
5,-3,31,1.0400708e+33,0.000000
6,3,5,1.0330883e+33,0.000000
5,5,26,1.0249078e+33,0.000000
9,-6,5,1.0200999e+33,0.000000
4,4,35,1.018024e+33,0.000000
10,-8,7,1.0150754e+33,0.000000
4,-1,-15,9.9916899e+32,0.000000
4,-3,50,9.9622883e+32,0.000000
9,-8,20,9.9261898e+32,0.000000
5,2,18,9.8252576e+32,0.000000
2,2,-13,9.7253013e+32,0.000000
8,-8,44,9.6760327e+32,0.000000
8,-5,13,9.6618277e+32,0.000000
10,-8,-4,9.6609963e+32,0.000000
7,-6,47,9.6587562e+32,0.000000
7,-4,14,9.6400889e+32,0.000000
9,-8,-5,9.5773425e+32,0.000000
8,-7,34,9.383187e+32,0.000000
5,1,18,9.368124e+32,0.000000
3,2,-8,9.2972041e+32,0.000000
3,1,-21,9.2612099e+32,0.000000
6,-3,8,9.2228417e+32,0.000000
5,4,26,9.1316849e+32,0.000000
3,2,33,9.1050729e+32,0.000000
10,-9,0,9.0391109e+32,0.000000
10,-9,16,8.9571225e+32,0.000000
2,-2,-22,8.9037149e+32,0.000000
7,-6,-3,8.8803519e+32,0.000000
7,-3,1,8.7950603e+32,0.000000
3,-2,44,8.7913554e+32,0.000000
9,-7,21,8.7044728e+32,0.000000
4,3,32,8.696293e+32,0.000000
8,-8,45,8.6703737e+32,0.000000
5,5,27,8.6680195e+32,0.000000
9,-9,25,8.6263342e+32,0.000000
6,4,-3,8.6020726e+32,0.000000
8,-6,31,8.588787e+32,0.000000
8,8,4,8.5406641e+32,0.000000
3,3,38,8.533978e+32,0.000000
7,-5,33,8.5236201e+32,0.000000
6,-4,29,8.4202458e+32,0.000000
10,-7,11,8.376273e+32,0.000000
3,-1,-25,8.2961934e+32,0.000000
8,-7,35,8.2809974e+32,0.000000
4,2,26,8.2608699e+32,0.000000
6,-2,11,8.2023026e+32,0.000000
5,3,15,8.1405373e+32,0.000000
2,1,-21,8.1162199e+32,0.000000
3,0,-27,8.0885823e+32,0.000000
3,0,27,8.0885823e+32,0.000000
4,-1,-1,8.0857397e+32,0.000000
3,-3,-18,8.0793857e+32,0.000000
10,-7,8,8.0582122e+32,0.000000
7,-3,7,8.0159443e+32,0.000000
6,-5,52,7.8926802e+32,0.000000
10,-10,19,7.8255253e+32,0.000000
4,1,-14,7.7745114e+32,0.000000
2,1,29,7.7598525e+32,0.000000
8,-8,46,7.7310189e+32,0.000000
4,-2,24,7.7097393e+32,0.000000
7,-6,48,7.6279582e+32,0.000000
6,4,15,7.6146601e+32,0.000000
10,-8,16,7.589322e+32,0.000000
4,2,-11,7.5798544e+32,0.000000
5,-4,53,7.4121909e+32,0.000000
4,4,36,7.3467848e+32,0.000000
6,3,6,7.317919e+32,0.000000
8,-7,36,7.3050297e+32,0.000000
5,5,28,7.2488454e+32,0.000000
4,-1,22,7.1848616e+32,0.000000
5,-1,18,7.1145475e+32,0.000000
5,4,27,7.1108398e+32,0.000000
9,-8,21,7.0873778e+32,0.000000
5,-3,32,7.0834558e+32,0.000000
2,2,38,7.0182118e+32,0.000000
2,0,-32,6.8741165e+32,0.000000
2,0,32,6.8741165e+32,0.000000
5,-2,24,6.8697345e+32,0.000000
9,-9,5,6.8609871e+32,0.000000
8,-8,47,6.8572307e+32,0.000000
10,-9,9,6.8521342e+32,0.000000
5,2,19,6.8300073e+32,0.000000
2,-1,-28,6.7959081e+32,0.000000
3,-2,-13,6.7876056e+32,0.000000
8,7,4,6.7725582e+32,0.000000
9,-7,22,6.767172e+32,0.000000
8,-5,14,6.7651109e+32,0.000000
9,-7,3,6.714498e+32,0.000000
9,9,7,6.7050376e+32,0.000000
9,-9,26,6.6835844e+32,0.000000
6,-2,-1,6.6675417e+32,0.000000
7,6,6,6.6336331e+32,0.000000
8,-6,32,6.5979664e+32,0.000000
4,-3,51,6.5871903e+32,0.000000
2,-1,36,6.5764391e+32,0.000000
7,-4,15,6.4370874e+32,0.000000
8,-7,37,6.4337056e+32,0.000000
4,1,20,6.309986e+32,0.000000
9,8,20,6.2246908e+32,0.000000
6,2,9,6.1064265e+32,0.000000
4,-2,-7,6.0803242e+32,0.000000
4,-1,-16,6.0775511e+32,0.000000
8,-8,48,6.0491662e+32,0.000000
7,-6,49,6.0067927e+32,0.000000
5,5,29,5.9999667e+32,0.000000
4,3,33,5.9834557e+32,0.000000
9,-6,12,5.886357e+32,0.000000
6,-5,53,5.8713422e+32,0.000000
8,-5,2,5.8497153e+32,0.000000
7,7,9,5.8146133e+32,0.000000
7,-5,34,5.7585266e+32,0.000000
8,7,6,5.7308346e+32,0.000000
3,2,34,5.6992476e+32,0.000000
3,3,39,5.6900387e+32,0.000000
8,-7,38,5.6518109e+32,0.000000
4,0,-16,5.6515407e+32,0.000000
4,0,16,5.6515407e+32,0.000000
3,-1,28,5.5977111e+32,0.000000
7,-2,3,5.5823352e+32,0.000000
10,8,6,5.5735355e+32,0.000000
6,1,1,5.5389301e+32,0.000000
10,-9,-3,5.5262615e+32,0.000000
3,1,25,5.5116681e+32,0.000000
5,4,28,5.4983679e+32,0.000000
5,1,19,5.4674217e+32,0.000000
6,6,7,5.4400089e+32,0.000000
8,-7,-2,5.4285699e+32,0.000000
6,4,16,5.4245428e+32,0.000000
7,-3,8,5.4125612e+32,0.000000
9,-8,5,5.3874818e+32,0.000000
9,-7,23,5.3659663e+32,0.000000
4,-2,-2,5.3639587e+32,0.000000
3,-2,45,5.3364983e+32,0.000000
8,-8,49,5.3070047e+32,0.000000
8,8,3,5.3059383e+32,0.000000
4,4,37,5.2916001e+32,0.000000
9,-9,27,5.2792032e+32,0.000000
5,-4,54,5.2508796e+32,0.000000
5,0,-9,5.2265706e+32,0.000000
5,0,9,5.2265706e+32,0.000000
9,-8,22,5.2152073e+32,0.000000
4,-4,-10,5.2100746e+32,0.000000
6,6,10,5.1765751e+32,0.000000
8,-6,33,5.0350374e+32,0.000000
3,0,-28,5.0339332e+32,0.000000
3,0,28,5.0339332e+32,0.000000
8,-6,-1,5.025275e+32,0.000000
6,3,7,4.9812556e+32,0.000000
8,-7,39,4.9485664e+32,0.000000
9,-7,-3,4.9480498e+32,0.000000
5,5,30,4.9200182e+32,0.000000
4,2,27,4.9199914e+32,0.000000
3,1,-22,4.9130429e+32,0.000000
8,-5,15,4.9066846e+32,0.000000
4,0,-17,4.7936718e+32,0.000000
4,0,17,4.7936718e+32,0.000000
4,0,-18,4.7812532e+32,0.000000
4,0,18,4.7812532e+32,0.000000
5,-3,33,4.7779898e+32,0.000000
4,1,-15,4.7486036e+32,0.000000
9,-9,-6,4.7353179e+32,0.000000
7,-6,50,4.7175242e+32,0.000000
6,-3,9,4.6835638e+32,0.000000
10,-9,17,4.6731885e+32,0.000000
5,2,20,4.6721526e+32,0.000000
8,-8,50,4.630424e+32,0.000000
10,-8,17,4.6144279e+32,0.000000
4,-2,25,4.5676007e+32,0.000000
10,-10,20,4.5446016e+32,0.000000
4,0,-19,4.4938811e+32,0.000000
4,0,19,4.4938811e+32,0.000000
3,-1,-26,4.4442911e+32,0.000000
7,-4,0,4.4341392e+32,0.000000
6,-5,54,4.3672865e+32,0.000000
4,-3,52,4.3446704e+32,0.000000
6,-4,30,4.3430315e+32,0.000000
5,-2,25,4.3385976e+32,0.000000
2,2,39,4.3374979e+32,0.000000
9,-7,24,4.3294277e+32,0.000000
2,1,-22,4.323564e+32,0.000000
8,-7,40,4.3161469e+32,0.000000
4,-3,-6,4.292066e+32,0.000000
9,-9,28,4.2513002e+32,0.000000
7,-4,16,4.2350865e+32,0.000000
5,3,-3,4.2301292e+32,0.000000
5,4,29,4.2248595e+32,0.000000
3,2,-9,4.1658827e+32,0.000000
9,-9,4,4.1658801e+32,0.000000
10,-8,-1,4.162471e+32,0.000000
3,-3,-19,4.1385755e+32,0.000000
6,6,-3,4.136742e+32,0.000000
5,-1,19,4.1305077e+32,0.000000
10,-10,9,4.1252323e+32,0.000000
4,3,34,4.1113709e+32,0.000000
6,-2,12,4.059574e+32,0.000000
8,-7,0,4.0352888e+32,0.000000
8,-8,51,4.0183411e+32,0.000000
5,5,31,4.0000255e+32,0.000000
2,0,-33,3.9976429e+32,0.000000
2,0,33,3.9976429e+32,0.000000
8,-6,-2,3.9789563e+32,0.000000
2,1,30,3.9741148e+32,0.000000
3,3,-9,3.9462269e+32,0.000000
9,-8,23,3.9389101e+32,0.000000
6,-3,0,3.893895e+32,0.000000
2,2,-14,3.882847e+32,0.000000
4,0,-20,3.8804893e+32,0.000000
4,0,20,3.8804893e+32,0.000000
7,-5,35,3.8772238e+32,0.000000
7,7,7,3.8586839e+32,0.000000
7,-3,9,3.8218607e+32,0.000000
8,-6,34,3.8188259e+32,0.000000
4,4,38,3.8050525e+32,0.000000
8,-7,1,3.8012564e+32,0.000000
10,-10,-5,3.7999902e+32,0.000000
3,3,40,3.7946547e+32,0.000000
6,4,17,3.7741327e+32,0.000000
8,-7,41,3.7485889e+32,0.000000
2,-1,-29,3.718865e+32,0.000000
5,-4,55,3.7186634e+32,0.000000
7,-6,51,3.6958344e+32,0.000000
4,-1,-17,3.6607706e+32,0.000000
8,-5,16,3.6432792e+32,0.000000
8,8,17,3.6180068e+32,0.000000
3,2,35,3.5674894e+32,0.000000
4,2,-12,3.5467359e+32,0.000000
9,-7,25,3.5452953e+32,0.000000
9,-9,29,3.4881953e+32,0.000000
8,-8,52,3.4688404e+32,0.000000
9,-6,13,3.4016648e+32,0.000000
10,-8,6,3.4006948e+32,0.000000
4,-3,-7,3.385018e+32,0.000000
5,1,-7,3.3803037e+32,0.000000
4,-3,-5,3.3719842e+32,0.000000
10,-10,-2,3.347802e+32,0.000000
7,3,0,3.2850299e+32,0.000000
2,-2,-23,3.2591244e+32,0.000000
6,-5,55,3.2487957e+32,0.000000
8,-7,42,3.241022e+32,0.000000
3,-2,46,3.229852e+32,0.000000
6,3,8,3.2295632e+32,0.000000
5,4,30,3.2276509e+32,0.000000
5,5,32,3.2267873e+32,0.000000
9,-5,6,3.2172996e+32,0.000000
7,3,1,3.2150123e+32,0.000000
5,-3,34,3.1963348e+32,0.000000
7,3,-1,3.194462e+32,0.000000
9,-6,4,3.1918012e+32,0.000000
6,6,8,3.1849828e+32,0.000000
5,-1,-6,3.158937e+32,0.000000
5,2,21,3.1505037e+32,0.000000
5,1,20,3.139099e+32,0.000000
3,0,-29,3.1284015e+32,0.000000
3,0,29,3.1284015e+32,0.000000
4,0,-21,3.1244293e+32,0.000000
4,0,21,3.1244293e+32,0.000000
3,-2,-14,3.0859006e+32,0.000000
6,0,-6,3.0847054e+32,0.000000
6,0,6,3.0847054e+32,0.000000
9,-8,24,3.0443719e+32,0.000000
8,8,9,3.0210629e+32,0.000000
4,-2,-8,3.0051448e+32,0.000000
10,-9,-4,2.991979e+32,0.000000
4,-1,23,2.9911819e+32,0.000000
8,-8,53,2.9792244e+32,0.000000
9,8,5,2.9618367e+32,0.000000
10,-8,18,2.9555594e+32,0.000000
9,-7,26,2.9383498e+32,0.000000
4,1,21,2.9198988e+32,0.000000
6,0,-5,2.9198595e+32,0.000000
6,0,5,2.9198595e+32,0.000000
4,2,28,2.9114301e+32,0.000000
9,-9,30,2.9105067e+32,0.000000
5,3,16,2.9098254e+32,0.000000
7,-6,52,2.8888693e+32,0.000000
6,5,-2,2.8863602e+32,0.000000
6,-2,13,2.8861325e+32,0.000000
8,-6,35,2.8801652e+32,0.000000
4,1,-16,2.8730496e+32,0.000000
4,-3,53,2.8571207e+32,0.000000
7,-2,2,2.8272803e+32,0.000000
4,3,35,2.8217948e+32,0.000000
7,-3,0,2.8091556e+32,0.000000
10,-7,7,2.7962667e+32,0.000000
8,-7,43,2.7891588e+32,0.000000
10,-10,21,2.7846516e+32,0.000000
6,-2,15,2.7507619e+32,0.000000
8,8,11,2.7450893e+32,0.000000
8,-5,17,2.7434373e+32,0.000000
4,4,39,2.7321952e+32,0.000000
6,-2,14,2.7280472e+32,0.000000
7,-4,17,2.7273183e+32,0.000000
7,-3,10,2.7170837e+32,0.000000
5,-2,26,2.7131732e+32,0.000000
6,2,10,2.7048242e+32,0.000000
4,-2,26,2.6842997e+32,0.000000
2,2,40,2.6831573e+32,0.000000
2,-1,37,2.6735298e+32,0.000000
6,-2,16,2.667204e+32,0.000000
6,5,3,2.6652244e+32,0.000000
10,-9,18,2.6241014e+32,0.000000
3,1,-23,2.6053097e+32,0.000000
7,-5,36,2.6032575e+32,0.000000
5,5,33,2.5845022e+32,0.000000
6,0,-7,2.5779534e+32,0.000000
6,0,7,2.5779534e+32,0.000000
6,4,18,2.569128e+32,0.000000
7,5,-2,2.5495068e+32,0.000000
8,-8,54,2.5461399e+32,0.000000
6,5,4,2.534634e+32,0.000000
3,3,41,2.5309858e+32,0.000000
10,-7,12,2.5153499e+32,0.000000
4,-4,-11,2.4892967e+32,0.000000
6,5,2,2.4874945e+32,0.000000
6,-5,-4,2.4810335e+32,0.000000
9,-9,31,2.4618718e+32,0.000000
9,-7,27,2.4574445e+32,0.000000
7,7,8,2.4553842e+32,0.000000
10,-10,4,2.4531953e+32,0.000000
5,4,31,2.4528938e+32,0.000000
6,6,-4,2.4421842e+32,0.000000
6,-3,10,2.4397677e+32,0.000000
6,-2,17,2.4342367e+32,0.000000
6,-3,-1,2.4311908e+32,0.000000
9,-9,3,2.4174471e+32,0.000000
9,7,4,2.4115164e+32,0.000000
5,0,-10,2.4045336e+32,0.000000
5,0,10,2.4045336e+32,0.000000
9,-8,25,2.4023599e+32,0.000000
6,6,-2,2.3949795e+32,0.000000
8,-7,44,2.3889831e+32,0.000000
4,0,-22,2.3847122e+32,0.000000
4,0,22,2.3847122e+32,0.000000
3,-1,-27,2.3831704e+32,0.000000
9,-7,2,2.3794483e+32,0.000000
6,5,5,2.367384e+32,0.000000
5,-1,20,2.3579132e+32,0.000000
9,-8,4,2.3340623e+32,0.000000
2,0,-34,2.3250973e+32,0.000000
2,0,34,2.3250973e+32,0.000000
2,1,-23,2.3070267e+32,0.000000
10,7,5,2.3019205e+32,0.000000
4,-3,-8,2.2865197e+32,0.000000
7,-6,53,2.2534677e+32,0.000000
6,6,3,2.2432565e+32,0.000000
3,2,36,2.2328801e+32,0.000000
10,-9,8,2.2314537e+32,0.000000
6,5,6,2.224962e+32,0.000000
9,7,13,2.2147743e+32,0.000000
6,6,4,2.2006431e+32,0.000000
9,8,8,2.1982631e+32,0.000000
4,-1,-18,2.1863576e+32,0.000000
7,-4,-1,2.1754603e+32,0.000000
6,-4,31,2.1751846e+32,0.000000
8,-8,55,2.1657367e+32,0.000000
8,-6,36,2.1611687e+32,0.000000
6,6,5,2.1472923e+32,0.000000
5,1,-10,2.1471449e+32,0.000000
3,-3,-20,2.1376227e+32,0.000000
6,6,-1,2.1352948e+32,0.000000
10,-6,8,2.1348989e+32,0.000000
9,-6,14,2.1304286e+32,0.000000
5,-3,35,2.1230192e+32,0.000000
9,-9,32,2.1032511e+32,0.000000
6,-2,18,2.0980715e+32,0.000000
5,2,22,2.0972205e+32,0.000000
6,5,7,2.0904336e+32,0.000000
8,-5,18,2.0792254e+32,0.000000
9,-7,28,2.0676265e+32,0.000000
9,-8,-6,2.0605676e+32,0.000000
5,5,34,2.0565763e+32,0.000000
5,1,-9,2.0498065e+32,0.000000
6,6,0,2.0470114e+32,0.000000
2,-1,-30,2.0407688e+32,0.000000
8,-7,45,2.0365798e+32,0.000000
6,5,8,2.0365228e+32,0.000000
3,1,26,2.0320206e+32,0.000000
2,1,31,2.0115238e+32,0.000000
6,1,2,1.986424e+32,0.000000
6,6,2,1.9811058e+32,0.000000
6,3,9,1.9800166e+32,0.000000
10,-8,19,1.9771388e+32,0.000000
4,4,40,1.9594364e+32,0.000000
10,-8,-5,1.9554296e+32,0.000000
5,1,-11,1.9500582e+32,0.000000
3,-2,47,1.9491993e+32,0.000000
3,0,-30,1.9422257e+32,0.000000
3,0,30,1.9422257e+32,0.000000
4,3,36,1.9348351e+32,0.000000
9,-8,26,1.9314943e+32,0.000000
6,5,1,1.9259343e+32,0.000000
6,5,0,1.9212072e+32,0.000000
7,-3,11,1.9106032e+32,0.000000
3,-1,29,1.9010507e+32,0.000000
6,0,-8,1.8998088e+32,0.000000
6,0,8,1.8998088e+32,0.000000
9,-5,7,1.8946259e+32,0.000000
6,6,9,1.8935994e+32,0.000000
3,2,-10,1.8855288e+32,0.000000
5,-3,-3,1.8822509e+32,0.000000
4,-3,54,1.8725927e+32,0.000000
5,4,32,1.8551962e+32,0.000000
5,1,-8,1.8400149e+32,0.000000
6,5,9,1.8132482e+32,0.000000
9,-9,33,1.8086156e+32,0.000000
10,-10,22,1.7933094e+32,0.000000
6,6,1,1.7772783e+32,0.000000
5,1,21,1.7744926e+32,0.000000
10,-9,-2,1.7581655e+32,0.000000
7,-6,54,1.7545886e+32,0.000000
4,0,-23,1.7475897e+32,0.000000
4,0,23,1.7475897e+32,0.000000
9,-7,29,1.7450867e+32,0.000000
7,-5,37,1.7440012e+32,0.000000
8,-7,46,1.7280645e+32,0.000000
4,1,-17,1.7227277e+32,0.000000
6,-2,19,1.7216292e+32,0.000000
6,4,19,1.7136307e+32,0.000000
4,2,29,1.7119724e+32,0.000000
7,-4,18,1.7090998e+32,0.000000
3,3,42,1.6881867e+32,0.000000
5,-2,27,1.6811623e+32,0.000000
4,2,-13,1.6725131e+32,0.000000
6,5,-1,1.6713488e+32,0.000000
2,2,41,1.6610183e+32,0.000000
10,9,15,1.6570636e+32,0.000000
6,3,-2,1.6432736e+32,0.000000
6,5,10,1.6386273e+32,0.000000
5,5,35,1.6267298e+32,0.000000
8,-6,37,1.6142086e+32,0.000000
6,0,-4,1.6058922e+32,0.000000
6,0,4,1.6058922e+32,0.000000
7,3,2,1.6036476e+32,0.000000
9,7,6,1.6006313e+32,0.000000
5,1,-12,1.596666e+32,0.000000
9,-8,27,1.5787522e+32,0.000000
8,-5,19,1.5764488e+32,0.000000
4,-2,27,1.5659083e+32,0.000000
7,-6,-6,1.5655974e+32,0.000000
10,-9,19,1.5647892e+32,0.000000
2,2,-15,1.5625199e+32,0.000000
9,-9,34,1.5613135e+32,0.000000
10,-10,8,1.5446958e+32,0.000000
3,3,-10,1.5404429e+32,0.000000
6,5,-3,1.5044483e+32,0.000000
6,5,11,1.4900763e+32,0.000000
4,-2,-9,1.4754588e+32,0.000000
9,-7,30,1.4737206e+32,0.000000
8,-7,47,1.4595753e+32,0.000000
10,9,9,1.4536866e+32,0.000000
4,-3,-9,1.4453164e+32,0.000000
8,-6,-3,1.4314784e+32,0.000000
3,-1,32,1.429099e+32,0.000000
8,6,6,1.421849e+32,0.000000
8,-4,5,1.4186386e+32,0.000000
9,-6,15,1.4151333e+32,0.000000
4,4,41,1.4037834e+32,0.000000
3,-1,33,1.4021423e+32,0.000000
5,-3,36,1.4013666e+32,0.000000
3,2,37,1.3971769e+32,0.000000
5,4,33,1.3970197e+32,0.000000
3,1,-24,1.3814768e+32,0.000000
5,2,23,1.3798773e+32,0.000000
3,-2,-15,1.3727162e+32,0.000000
10,-8,20,1.3725322e+32,0.000000
7,-6,55,1.363937e+32,0.000000
6,5,12,1.3606665e+32,0.000000
5,-3,-5,1.3600414e+32,0.000000
6,-2,20,1.3555344e+32,0.000000
2,0,-35,1.3523365e+32,0.000000
2,0,35,1.3523365e+32,0.000000
9,-9,35,1.3510272e+32,0.000000
8,-5,1,1.3261167e+32,0.000000
4,3,37,1.3255813e+32,0.000000
5,-1,21,1.3243197e+32,0.000000
3,-1,31,1.3203717e+32,0.000000
7,-3,12,1.3167202e+32,0.000000
9,-8,28,1.3088408e+32,0.000000
6,-3,11,1.3053607e+32,0.000000
4,-1,-19,1.2962422e+32,0.000000
8,8,10,1.2951882e+32,0.000000
6,0,-9,1.292507e+32,0.000000
6,0,9,1.292507e+32,0.000000
4,1,22,1.2885601e+32,0.000000
5,5,36,1.2796956e+32,0.000000
3,-1,-28,1.2790429e+32,0.000000
10,8,5,1.2768151e+32,0.000000
9,9,6,1.2767794e+32,0.000000
7,-6,-4,1.2655276e+32,0.000000
6,0,-3,1.2621371e+32,0.000000
6,0,3,1.2621371e+32,0.000000
3,-1,34,1.2615357e+32,0.000000
7,5,2,1.2564688e+32,0.000000
6,5,13,1.2539689e+32,0.000000
10,-8,5,1.2501629e+32,0.000000
7,5,0,1.2455622e+32,0.000000
9,-7,31,1.2426792e+32,0.000000
4,0,-24,1.2412642e+32,0.000000
4,0,24,1.2412642e+32,0.000000
3,-1,30,1.2339441e+32,0.000000
2,1,-24,1.2334285e+32,0.000000
8,-7,48,1.2273005e+32,0.000000
4,-3,55,1.2229252e+32,0.000000
7,5,3,1.2182807e+32,0.000000
5,1,-13,1.2162141e+32,0.000000
9,-5,5,1.2161011e+32,0.000000
10,-10,23,1.2091177e+32,0.000000
3,0,-31,1.2049718e+32,0.000000
3,0,31,1.2049718e+32,0.000000
8,-6,38,1.2007062e+32,0.000000
7,7,11,1.1960259e+32,0.000000
4,-1,24,1.1931058e+32,0.000000
8,-5,20,1.1899974e+32,0.000000
4,-4,-12,1.1894566e+32,0.000000
7,-2,4,1.1873756e+32,0.000000
6,6,11,1.1739557e+32,0.000000
3,-2,48,1.1736074e+32,0.000000
7,5,1,1.1728686e+32,0.000000
6,5,14,1.1722988e+32,0.000000
9,-9,36,1.1713785e+32,0.000000
7,-5,38,1.1663797e+32,0.000000
2,-2,-24,1.1553365e+32,0.000000
10,-7,13,1.1528018e+32,0.000000
7,5,-1,1.1463825e+32,0.000000
6,3,10,1.1427317e+32,0.000000
3,3,43,1.1259089e+32,0.000000
2,-1,-31,1.1228754e+32,0.000000
6,4,20,1.1213298e+32,0.000000
3,-3,-21,1.1127795e+32,0.000000
5,-1,-2,1.1090968e+32,0.000000
6,2,11,1.1079339e+32,0.000000
6,5,15,1.1062557e+32,0.000000
7,5,4,1.1026587e+32,0.000000
9,-8,29,1.0980415e+32,0.000000
9,8,4,1.0802531e+32,0.000000
5,3,17,1.074241e+32,0.000000
7,7,3,1.0643941e+32,0.000000
3,-1,35,1.0638516e+32,0.000000
6,5,16,1.0548483e+32,0.000000
6,-4,32,1.0528991e+32,0.000000
9,-8,3,1.0513838e+32,0.000000
5,4,34,1.0478128e+32,0.000000
9,-7,32,1.0446015e+32,0.000000
9,-7,-2,1.0365992e+32,0.000000
7,-4,19,1.0365198e+32,0.000000
5,0,-11,1.0344609e+32,0.000000
5,0,11,1.0344609e+32,0.000000
5,-2,28,1.0326812e+32,0.000000
6,-2,21,1.0308427e+32,0.000000
2,2,42,1.0288846e+32,0.000000
8,-7,49,1.0275232e+32,0.000000
4,1,-18,1.0243478e+32,0.000000
6,6,12,1.019894e+32,0.000000
9,-9,37,1.0181967e+32,0.000000
6,5,17,1.009801e+32,0.000000
4,4,42,1.0048255e+32,0.000000
10,-7,6,1.0048031e+32,0.000000
2,1,32,1.0029737e+32,0.000000
5,5,37,1.0016939e+32,0.000000
4,2,30,1.0002242e+32,0.000000
5,1,22,9.8806287e+31,0.000000
10,-9,20,9.8468392e+31,0.000000
9,-6,16,9.8458567e+31,0.000000
10,-8,21,9.8375173e+31,0.000000
2,-1,38,9.8199388e+31,0.000000
6,1,7,9.8131024e+31,0.000000
6,6,13,9.7918297e+31,0.000000
7,5,5,9.6793423e+31,0.000000
6,5,18,9.6571322e+31,0.000000
10,-6,7,9.641071e+31,0.000000
7,5,-3,9.6308501e+31,0.000000
9,-8,0,9.6176685e+31,0.000000
6,1,8,9.5260177e+31,0.000000
5,-4,-4,9.5058355e+31,0.000000
4,-2,-3,9.4180195e+31,0.000000
9,-8,30,9.3035673e+31,0.000000
5,3,21,9.2427809e+31,0.000000
8,-4,6,9.2062478e+31,0.000000
5,-3,37,9.1996607e+31,0.000000
6,5,19,9.1864852e+31,0.000000
6,6,14,9.1836849e+31,0.000000
4,3,38,9.0753917e+31,0.000000
4,-2,28,9.0721144e+31,0.000000
6,1,6,9.0295661e+31,0.000000
8,-4,4,9.0056701e+31,0.000000
9,-9,-7,9.0000906e+31,0.000000
5,3,22,8.9970076e+31,0.000000
5,2,24,8.9827161e+31,0.000000
8,7,9,8.935069e+31,0.000000
9,-6,3,8.9183594e+31,0.000000
8,-5,21,8.9097505e+31,0.000000
8,-6,39,8.8984781e+31,0.000000
9,-9,38,8.8838398e+31,0.000000
7,-3,13,8.8451037e+31,0.000000
4,-3,-10,8.838613e+31,0.000000
5,3,-5,8.8116687e+31,0.000000
5,1,-14,8.7908516e+31,0.000000
9,-7,33,8.7435663e+31,0.000000
3,2,38,8.7382681e+31,0.000000
6,5,20,8.6659139e+31,0.000000
5,3,20,8.620007e+31,0.000000
4,0,-25,8.6042614e+31,0.000000
4,0,25,8.6042614e+31,0.000000
3,2,-11,8.5736316e+31,0.000000
8,-7,50,8.5666929e+31,0.000000
3,-1,36,8.5510099e+31,0.000000
6,1,9,8.5123234e+31,0.000000
10,-10,24,8.4982384e+31,0.000000
7,5,6,8.3202803e+31,0.000000
6,0,-10,8.2996395e+31,0.000000
6,0,10,8.2996395e+31,0.000000
9,-7,1,8.2951085e+31,0.000000
8,8,2,8.1574178e+31,0.000000
5,3,23,8.1213009e+31,0.000000
7,6,7,8.0948584e+31,0.000000
6,5,21,8.0900468e+31,0.000000
7,6,10,7.9946723e+31,0.000000
8,-3,4,7.9579728e+31,0.000000
9,-8,31,7.9493795e+31,0.000000
7,-3,-1,7.9344595e+31,0.000000
4,2,-14,7.9153224e+31,0.000000
2,0,-36,7.8648102e+31,0.000000
2,0,36,7.8648102e+31,0.000000
5,4,35,7.8304444e+31,0.000000
5,5,38,7.8046525e+31,0.000000
9,-9,39,7.7925947e+31,0.000000
7,-5,39,7.7913207e+31,0.000000
9,-7,0,7.7084552e+31,0.000000
4,-1,-20,7.6372415e+31,0.000000
7,3,3,7.6271191e+31,0.000000
6,-2,22,7.6125405e+31,0.000000
10,-9,7,7.5554549e+31,0.000000
3,3,44,7.5069368e+31,0.000000
3,0,-32,7.4722606e+31,0.000000
3,0,32,7.4722606e+31,0.000000
6,5,22,7.4659746e+31,0.000000
6,-3,12,7.4134026e+31,0.000000
10,9,7,7.3959699e+31,0.000000
7,-1,1,7.3753163e+31,0.000000
10,8,20,7.3385266e+31,0.000000
3,1,-25,7.326982e+31,0.000000
5,-1,22,7.3208578e+31,0.000000
5,3,19,7.3048162e+31,0.000000
9,-7,34,7.2818289e+31,0.000000
10,-8,22,7.2499265e+31,0.000000
4,-2,-10,7.2184571e+31,0.000000
6,4,21,7.2049237e+31,0.000000
4,4,43,7.1872777e+31,0.000000
6,1,10,7.1357078e+31,0.000000
6,1,5,7.1206528e+31,0.000000
9,-6,17,7.1140149e+31,0.000000
8,-7,51,7.1135199e+31,0.000000
7,5,7,7.0745441e+31,0.000000
3,-2,49,7.0600337e+31,0.000000
5,-1,-7,7.0352831e+31,0.000000
6,6,15,6.9660209e+31,0.000000
5,3,24,6.9220332e+31,0.000000
9,-9,40,6.8824694e+31,0.000000
3,-1,-29,6.8691902e+31,0.000000
9,-8,32,6.843212e+31,0.000000
3,1,27,6.8186695e+31,0.000000
6,5,23,6.8080273e+31,0.000000
9,8,3,6.7808118e+31,0.000000
10,8,8,6.7665068e+31,0.000000
7,-1,2,6.7368168e+31,0.000000
10,-10,7,6.6996516e+31,0.000000
5,3,18,6.6571312e+31,0.000000
3,-1,37,6.6277588e+31,0.000000
2,1,-25,6.6090777e+31,0.000000
8,-5,22,6.5973751e+31,0.000000
8,-6,40,6.5732783e+31,0.000000
10,-9,21,6.5025459e+31,0.000000
3,3,-11,6.4203702e+31,0.000000
2,2,43,6.3766363e+31,0.000000
4,-4,-5,6.3662967e+31,0.000000
8,-7,-6,6.3629955e+31,0.000000
2,2,-16,6.3045849e+31,0.000000
5,-2,29,6.290718e+31,0.000000
6,3,11,6.2295257e+31,0.000000
4,3,39,6.2095773e+31,0.000000
10,-7,14,6.2016038e+31,0.000000
2,-1,-32,6.1937072e+31,0.000000
10,-10,25,6.1923965e+31,0.000000
7,5,8,6.169488e+31,0.000000
6,5,24,6.1342171e+31,0.000000
9,-9,41,6.1278216e+31,0.000000
5,1,-15,6.1055909e+31,0.000000
5,5,39,6.0552123e+31,0.000000
6,6,16,6.0537566e+31,0.000000
7,-4,20,6.0526767e+31,0.000000
4,1,-19,6.0442306e+31,0.000000
9,-7,35,6.0312812e+31,0.000000
6,1,3,6.0238492e+31,0.000000
5,-3,38,6.0099465e+31,0.000000
3,-2,-16,5.9569116e+31,0.000000
9,-8,33,5.9322553e+31,0.000000
8,-7,52,5.8840662e+31,0.000000
4,0,-26,5.8509705e+31,0.000000
4,0,26,5.8509705e+31,0.000000
3,-3,-22,5.8359109e+31,0.000000
5,4,36,5.8326576e+31,0.000000
8,7,7,5.8283907e+31,0.000000
4,2,31,5.8047003e+31,0.000000
5,2,25,5.7902909e+31,0.000000
9,-5,4,5.7754652e+31,0.000000
7,-3,14,5.7688551e+31,0.000000
9,-9,2,5.7289344e+31,0.000000
4,-4,-13,5.6957461e+31,0.000000
6,1,11,5.6799955e+31,0.000000
5,3,25,5.6443566e+31,0.000000
9,-8,-7,5.5344288e+31,0.000000
9,-9,42,5.5034078e+31,0.000000
9,9,5,5.4941851e+31,0.000000
7,4,-1,5.4919182e+31,0.000000
6,-2,23,5.4833319e+31,0.000000
10,-8,23,5.4745212e+31,0.000000
6,5,25,5.4629519e+31,0.000000
3,2,39,5.4609819e+31,0.000000
10,-8,4,5.451522e+31,0.000000
5,1,23,5.4194898e+31,0.000000
4,1,23,5.3959024e+31,0.000000
10,-10,5,5.3822667e+31,0.000000
6,6,17,5.3690501e+31,0.000000
7,3,8,5.3572194e+31,0.000000
7,5,9,5.3131593e+31,0.000000
4,-3,-11,5.3064601e+31,0.000000
10,8,4,5.3033695e+31,0.000000
9,-6,18,5.301964e+31,0.000000
5,2,-2,5.2884287e+31,0.000000
7,3,7,5.2358465e+31,0.000000
10,-10,-6,5.2265467e+31,0.000000
4,-2,29,5.2213692e+31,0.000000
7,-5,40,5.2006677e+31,0.000000
9,-8,34,5.1776162e+31,0.000000
5,-1,-10,5.1775584e+31,0.000000
4,4,44,5.1377522e+31,0.000000
9,-5,8,5.0919514e+31,0.000000
6,0,-11,5.0880667e+31,0.000000
6,0,11,5.0880667e+31,0.000000
7,3,9,5.0312404e+31,0.000000
9,8,17,5.0226237e+31,0.000000
3,3,45,5.0027733e+31,0.000000
3,-1,38,4.9935521e+31,0.000000
9,-9,43,4.9851642e+31,0.000000
6,1,4,4.9739567e+31,0.000000
9,-7,36,4.9671027e+31,0.000000
5,-1,-11,4.9412786e+31,0.000000
2,1,33,4.9047512e+31,0.000000
6,-4,33,4.896658e+31,0.000000
4,-1,25,4.8521704e+31,0.000000
6,2,12,4.8514137e+31,0.000000
8,-7,53,4.8491564e+31,0.000000
8,-6,41,4.8418475e+31,0.000000
8,-5,23,4.8205253e+31,0.000000
6,5,26,4.8109067e+31,0.000000
7,5,10,4.7739506e+31,0.000000
6,6,18,4.7625707e+31,0.000000
6,-3,13,4.7438325e+31,0.000000
7,3,6,4.7208846e+31,0.000000
10,-6,9,4.6921828e+31,0.000000
7,-1,3,4.6844148e+31,0.000000
5,5,40,4.6801004e+31,0.000000
10,-10,26,4.6466731e+31,0.000000
3,0,-33,4.6321947e+31,0.000000
3,0,33,4.6321947e+31,0.000000
7,-2,5,4.6203122e+31,0.000000
7,3,4,4.6122092e+31,0.000000
8,-7,-1,4.6082442e+31,0.000000
2,0,-37,4.573169e+31,0.000000
2,0,37,4.573169e+31,0.000000
5,-1,-9,4.5653165e+31,0.000000
8,-4,3,4.564573e+31,0.000000
9,-9,44,4.5510479e+31,0.000000
9,-8,35,4.5493452e+31,0.000000
6,4,22,4.5485646e+31,0.000000
10,-9,22,4.4803991e+31,0.000000
4,-1,-21,4.4760372e+31,0.000000
5,3,26,4.4446691e+31,0.000000
6,6,19,4.4427932e+31,0.000000
7,5,11,4.4256703e+31,0.000000
5,2,-4,4.3977043e+31,0.000000
7,3,10,4.3757357e+31,0.000000
8,-5,0,4.3532237e+31,0.000000
5,4,37,4.3312399e+31,0.000000
6,1,12,4.3281375e+31,0.000000
3,-2,50,4.2553842e+31,0.000000
4,3,40,4.246442e+31,0.000000
5,2,-5,4.2372573e+31,0.000000
10,-8,24,4.2224554e+31,0.000000
7,3,5,4.2050105e+31,0.000000
5,0,-12,4.2016905e+31,0.000000
5,0,12,4.2016905e+31,0.000000
6,5,27,4.1917842e+31,0.000000
9,-9,45,4.1816973e+31,0.000000
5,-1,-12,4.1788013e+31,0.000000
7,5,12,4.1668007e+31,0.000000
7,4,2,4.1502237e+31,0.000000
7,6,8,4.1445055e+31,0.000000
10,-10,6,4.1205738e+31,0.000000
5,1,-16,4.1088933e+31,0.000000
9,-7,37,4.0672829e+31,0.000000
9,-6,19,4.051717e+31,0.000000
9,-8,36,4.0234695e+31,0.000000
2,-2,-25,3.9900796e+31,0.000000
6,6,20,3.9898856e+31,0.000000
5,-1,23,3.983486e+31,0.000000
8,-7,54,3.9822266e+31,0.000000
5,-3,-6,3.9696557e+31,0.000000
7,4,3,3.9576605e+31,0.000000
2,2,44,3.9542051e+31,0.000000
9,8,9,3.9520955e+31,0.000000
7,5,13,3.9274551e+31,0.000000
10,8,3,3.9218286e+31,0.000000
4,0,-27,3.9183606e+31,0.000000
4,0,27,3.9183606e+31,0.000000
5,-3,39,3.9087437e+31,0.000000
3,2,-12,3.8961937e+31,0.000000
3,1,-26,3.8876746e+31,0.000000
6,-2,24,3.8665536e+31,0.000000
9,-9,46,3.8608178e+31,0.000000
9,9,4,3.8559462e+31,0.000000
4,4,-6,3.8333988e+31,0.000000
10,-8,-6,3.8282951e+31,0.000000
7,7,47,3.8081559e+31,0.000000
5,-2,30,3.8009634e+31,0.000000
6,6,21,3.7558624e+31,0.000000
4,2,-15,3.7462264e+31,0.000000
6,2,16,3.7434685e+31,0.000000
8,7,8,3.7275992e+31,0.000000
5,2,26,3.6982567e+31,0.000000
5,-1,-8,3.6960838e+31,0.000000
3,-1,-30,3.6905965e+31,0.000000
3,-1,39,3.6775168e+31,0.000000
4,4,45,3.6707764e+31,0.000000
7,5,14,3.6658085e+31,0.000000
9,-8,1,3.655316e+31,0.000000
10,-7,15,3.6509523e+31,0.000000
9,8,11,3.648561e+31,0.000000
7,-3,15,3.6403125e+31,0.000000
6,5,28,3.6159047e+31,0.000000
5,5,41,3.6047019e+31,0.000000
6,2,17,3.5988352e+31,0.000000
6,6,22,3.5870852e+31,0.000000
6,2,15,3.585286e+31,0.000000
9,-8,37,3.5803098e+31,0.000000
9,-9,47,3.5752882e+31,0.000000
6,-3,14,3.5740265e+31,0.000000
10,-10,27,3.5655992e+31,0.000000
7,3,11,3.5584921e+31,0.000000
8,-6,42,3.5577022e+31,0.000000
2,1,-26,3.5499834e+31,0.000000
4,1,-20,3.5418842e+31,0.000000
4,-2,-11,3.5206375e+31,0.000000
7,4,4,3.517015e+31,0.000000
10,-9,-5,3.4993342e+31,0.000000
7,-5,41,3.4702997e+31,0.000000
8,-5,24,3.4697974e+31,0.000000
6,6,23,3.455177e+31,0.000000
2,-1,-33,3.42434e+31,0.000000
3,2,40,3.4091836e+31,0.000000
5,3,27,3.4030594e+31,0.000000
7,7,10,3.3903823e+31,0.000000
7,-4,21,3.3895799e+31,0.000000
10,-6,6,3.3815936e+31,0.000000
7,4,1,3.3800397e+31,0.000000
8,8,12,3.3642499e+31,0.000000
7,5,15,3.3609349e+31,0.000000
4,2,32,3.3443594e+31,0.000000
6,6,24,3.3406574e+31,0.000000
3,3,46,3.3315627e+31,0.000000
10,-8,25,3.3172032e+31,0.000000
9,-9,48,3.3150309e+31,0.000000
9,-7,38,3.3116943e+31,0.000000
6,3,12,3.3007863e+31,0.000000
8,-7,55,3.2593701e+31,0.000000
5,-1,-13,3.2534497e+31,0.000000
6,-6,-7,3.234269e+31,0.000000
6,2,14,3.2252168e+31,0.000000
6,2,18,3.2220322e+31,0.000000
6,6,25,3.2085441e+31,0.000000
5,4,38,3.207665e+31,0.000000
10,-7,5,3.2058506e+31,0.000000
9,-8,38,3.203551e+31,0.000000
10,-9,23,3.2019009e+31,0.000000
7,-4,-2,3.1929545e+31,0.000000
6,2,13,3.188477e+31,0.000000
6,1,13,3.1750489e+31,0.000000
8,8,1,3.1675083e+31,0.000000
9,-6,20,3.1575488e+31,0.000000
7,1,1,3.1526476e+31,0.000000
4,-3,-12,3.1501868e+31,0.000000
10,-7,-5,3.1418516e+31,0.000000
9,9,8,3.1385041e+31,0.000000
8,-4,7,3.1156982e+31,0.000000
7,1,3,3.1149862e+31,0.000000
6,-3,15,3.0995502e+31,0.000000
6,5,29,3.0895478e+31,0.000000
7,4,5,3.0851388e+31,0.000000
3,-3,-23,3.0822927e+31,0.000000
9,-9,49,3.0727141e+31,0.000000
2,-1,39,3.0721915e+31,0.000000
10,-9,6,3.0649646e+31,0.000000
6,6,26,3.0633627e+31,0.000000
7,5,16,3.0184724e+31,0.000000
6,0,-12,2.9955431e+31,0.000000
6,0,12,2.9955431e+31,0.000000
10,10,11,2.9911235e+31,0.000000
4,-2,30,2.9855708e+31,0.000000
5,2,-6,2.9304554e+31,0.000000
5,1,24,2.927013e+31,0.000000
6,6,27,2.903995e+31,0.000000
4,3,41,2.9024895e+31,0.000000
6,-3,16,2.891438e+31,0.000000
9,-8,39,2.8797138e+31,0.000000
3,0,-34,2.8708457e+31,0.000000
3,0,34,2.8708457e+31,0.000000
9,-9,50,2.8433512e+31,0.000000
6,4,23,2.8223434e+31,0.000000
3,3,-12,2.8144761e+31,0.000000
9,-5,3,2.7902853e+31,0.000000
10,-10,28,2.7816104e+31,0.000000
5,5,42,2.7675931e+31,0.000000
6,-3,17,2.737852e+31,0.000000
4,-4,-14,2.7364592e+31,0.000000
7,3,12,2.7271162e+31,0.000000
6,2,19,2.72411e+31,0.000000
6,6,28,2.7236308e+31,0.000000
5,5,-5,2.7141273e+31,0.000000
7,4,0,2.7118057e+31,0.000000
7,4,6,2.7110497e+31,0.000000
5,1,-17,2.6950934e+31,0.000000
7,1,4,2.6905458e+31,0.000000
9,-7,39,2.681724e+31,0.000000
6,-2,25,2.6772403e+31,0.000000
2,0,-38,2.6587073e+31,0.000000
2,0,38,2.6587073e+31,0.000000
3,-1,40,2.6574822e+31,0.000000
7,-1,4,2.6548698e+31,0.000000
7,5,17,2.651528e+31,0.000000
10,-8,26,2.6481321e+31,0.000000
9,-8,2,2.6447266e+31,0.000000
9,-9,51,2.6238562e+31,0.000000
4,4,46,2.6215088e+31,0.000000
6,5,30,2.6166607e+31,0.000000
4,-1,-22,2.6117202e+31,0.000000
8,-6,43,2.6086514e+31,0.000000
9,-8,40,2.597809e+31,0.000000
4,0,-28,2.5920624e+31,0.000000
4,0,28,2.5920624e+31,0.000000
3,-2,51,2.5825883e+31,0.000000
9,-6,2,2.5811055e+31,0.000000
10,-8,3,2.5682304e+31,0.000000
6,-3,18,2.5510622e+31,0.000000
5,3,28,2.5462919e+31,0.000000
10,10,4,2.5453776e+31,0.000000
2,2,-17,2.5387716e+31,0.000000
5,-3,40,2.5315805e+31,0.000000
6,6,29,2.5285143e+31,0.000000
8,-4,2,2.5139341e+31,0.000000
3,-2,-17,2.5125455e+31,0.000000
9,-6,21,2.4967549e+31,0.000000
8,-5,25,2.4572422e+31,0.000000
2,2,45,2.4538066e+31,0.000000
7,4,-2,2.45111e+31,0.000000
9,-9,52,2.4126034e+31,0.000000
4,-1,26,2.3970057e+31,0.000000
7,4,7,2.3881472e+31,0.000000
5,-1,-14,2.387497e+31,0.000000
10,-8,0,2.3702747e+31,0.000000
5,4,39,2.3697207e+31,0.000000
6,1,0,2.3664992e+31,0.000000
10,-9,24,2.3594767e+31,0.000000
9,-8,41,2.3490566e+31,0.000000
5,2,27,2.3415642e+31,0.000000
2,1,34,2.3380605e+31,0.000000
6,6,30,2.320197e+31,0.000000
7,-5,42,2.3157965e+31,0.000000
6,-3,19,2.3105272e+31,0.000000
10,-7,16,2.2908518e+31,0.000000
8,-3,5,2.2810441e+31,0.000000
7,5,18,2.2788136e+31,0.000000
5,-2,31,2.2780049e+31,0.000000
10,-7,-4,2.2684881e+31,0.000000
6,1,14,2.2515299e+31,0.000000
3,3,47,2.2164975e+31,0.000000
7,-3,16,2.2144978e+31,0.000000
9,-9,53,2.2090202e+31,0.000000
6,2,20,2.1999626e+31,0.000000
10,-10,29,2.198439e+31,0.000000
6,5,31,2.1976676e+31,0.000000
7,-2,6,2.1966181e+31,0.000000
6,-4,34,2.1743163e+31,0.000000
4,1,24,2.1621402e+31,0.000000
9,-7,40,2.1601951e+31,0.000000
7,-5,-4,2.1561183e+31,0.000000
10,-8,27,2.1443163e+31,0.000000
9,-5,9,2.1413358e+31,0.000000
5,-1,24,2.1328304e+31,0.000000
9,-8,42,2.126613e+31,0.000000
3,2,41,2.1252426e+31,0.000000
5,5,43,2.1187928e+31,0.000000
6,6,31,2.106674e+31,0.000000
7,4,8,2.0962131e+31,0.000000
3,1,28,2.089092e+31,0.000000
10,10,-1,2.076245e+31,0.000000
3,1,-27,2.0638755e+31,0.000000
4,1,-21,2.0629015e+31,0.000000
7,-6,-5,2.0338721e+31,0.000000
6,-3,20,2.0278981e+31,0.000000
9,-9,54,2.0132348e+31,0.000000
6,2,-4,2.0096167e+31,0.000000
9,-6,22,1.9939434e+31,0.000000
3,-1,-31,1.9829395e+31,0.000000
4,3,42,1.9828963e+31,0.000000
7,3,13,1.9808182e+31,0.000000
9,-8,43,1.9252932e+31,0.000000
7,5,19,1.918113e+31,0.000000
2,1,-27,1.9117755e+31,0.000000
4,2,33,1.9113661e+31,0.000000
8,-6,44,1.9094222e+31,0.000000
2,-1,-34,1.897324e+31,0.000000
6,6,32,1.8925935e+31,0.000000
3,-1,41,1.8892892e+31,0.000000
7,6,9,1.878049e+31,0.000000
4,4,47,1.8713583e+31,0.000000
5,3,29,1.8691039e+31,0.000000
6,3,13,1.8605459e+31,0.000000
4,-3,-13,1.8562789e+31,0.000000
8,7,11,1.8425242e+31,0.000000
5,2,-7,1.8336175e+31,0.000000
6,5,32,1.8315291e+31,0.000000
9,-9,55,1.8257863e+31,0.000000
6,-2,26,1.8248886e+31,0.000000
7,-4,22,1.8202554e+31,0.000000
7,4,9,1.818226e+31,0.000000
10,-9,25,1.7836037e+31,0.000000
3,0,-35,1.7787671e+31,0.000000
3,0,35,1.7787671e+31,0.000000
9,7,9,1.7739251e+31,0.000000
4,2,-16,1.7678257e+31,0.000000
3,2,-13,1.7607194e+31,0.000000
10,-8,28,1.7590964e+31,0.000000
10,-10,30,1.7588109e+31,0.000000
5,4,40,1.7468058e+31,0.000000
5,0,-13,1.7428637e+31,0.000000
5,0,13,1.7428637e+31,0.000000
9,-8,44,1.7412877e+31,0.000000
10,-9,5,1.7334406e+31,0.000000
9,-7,41,1.7314046e+31,0.000000
5,1,-18,1.7305177e+31,0.000000
6,-3,21,1.7261961e+31,0.000000
5,-2,-5,1.7218144e+31,0.000000
6,4,24,1.7212579e+31,0.000000
10,10,7,1.7184867e+31,0.000000
6,2,21,1.7120452e+31,0.000000
4,-2,-12,1.711039e+31,0.000000
8,-5,26,1.7103821e+31,0.000000
7,-7,-7,1.7079728e+31,0.000000
9,8,10,1.7076885e+31,0.000000
4,-1,27,1.7014853e+31,0.000000
6,0,-13,1.6982176e+31,0.000000
6,0,13,1.6982176e+31,0.000000
4,0,-29,1.6976961e+31,0.000000
4,0,29,1.6976961e+31,0.000000
4,-2,31,1.695779e+31,0.000000
9,9,1,1.6931831e+31,0.000000
6,6,33,1.683117e+31,0.000000
7,1,5,1.6812568e+31,0.000000
5,-1,-15,1.6762253e+31,0.000000
3,-3,-24,1.6389352e+31,0.000000
5,-3,41,1.632979e+31,0.000000
5,-2,-6,1.6323619e+31,0.000000
4,3,-5,1.619738e+31,0.000000
5,5,44,1.6179247e+31,0.000000
8,6,7,1.6155002e+31,0.000000
8,-5,-1,1.6119808e+31,0.000000
9,-6,23,1.6016351e+31,0.000000
3,-2,52,1.5904027e+31,0.000000
8,-6,-4,1.5889903e+31,0.000000
7,5,20,1.5834781e+31,0.000000
9,-8,45,1.571889e+31,0.000000
10,-6,5,1.5633942e+31,0.000000
5,1,25,1.5552036e+31,0.000000
9,9,10,1.5549457e+31,0.000000
7,-2,1,1.5542498e+31,0.000000
4,-1,28,1.5524774e+31,0.000000
6,1,15,1.5481832e+31,0.000000
7,4,10,1.5465529e+31,0.000000
7,-5,43,1.5459872e+31,0.000000
2,0,-39,1.5456405e+31,0.000000
2,0,39,1.5456405e+31,0.000000
2,2,46,1.5243805e+31,0.000000
5,3,-6,1.5209765e+31,0.000000
4,-1,-23,1.5182695e+31,0.000000
6,5,33,1.5153306e+31,0.000000
10,-7,17,1.5112871e+31,0.000000
6,6,-5,1.5111111e+31,0.000000
8,-4,8,1.4963357e+31,0.000000
4,-1,29,1.49432e+31,0.000000
8,7,3,1.4938197e+31,0.000000
6,6,34,1.482368e+31,0.000000
3,3,48,1.4728546e+31,0.000000
5,2,28,1.4701792e+31,0.000000
10,-8,29,1.4607819e+31,0.000000
9,7,7,1.4493934e+31,0.000000
9,9,-1,1.4467853e+31,0.000000
6,-3,22,1.4283986e+31,0.000000
10,-10,31,1.4261164e+31,0.000000
9,-8,46,1.4152363e+31,0.000000
7,6,5,1.4150518e+31,0.000000
7,1,2,1.3994209e+31,0.000000
10,9,6,1.3991782e+31,0.000000
8,-6,45,1.3956367e+31,0.000000
4,-1,30,1.3939681e+31,0.000000
2,-2,-26,1.3939196e+31,0.000000
9,-7,42,1.3811816e+31,0.000000
10,-9,26,1.3777069e+31,0.000000
9,-7,-1,1.3746537e+31,0.000000
6,3,18,1.3734331e+31,0.000000
7,3,14,1.3689038e+31,0.000000
10,-9,4,1.3642969e+31,0.000000
5,-2,32,1.3539761e+31,0.000000
4,3,43,1.3539399e+31,0.000000
5,3,30,1.3500528e+31,0.000000
6,0,-1,1.3454564e+31,0.000000
6,0,1,1.3454564e+31,0.000000
6,3,19,1.3431927e+31,0.000000
6,3,17,1.3366683e+31,0.000000
4,4,48,1.3353267e+31,0.000000
3,-1,42,1.3237095e+31,0.000000
3,2,42,1.3224365e+31,0.000000
4,-4,-15,1.3199666e+31,0.000000
7,2,0,1.3187505e+31,0.000000
7,-1,5,1.3180109e+31,0.000000
8,8,27,1.3022721e+31,0.000000
6,3,14,1.2999651e+31,0.000000
6,6,35,1.2937385e+31,0.000000
6,6,45,1.2934405e+31,0.000000
7,-3,17,1.2933175e+31,0.000000
6,2,22,1.2925051e+31,0.000000
9,-6,24,1.2892918e+31,0.000000
5,4,41,1.2850875e+31,0.000000
7,5,21,1.2840622e+31,0.000000
3,3,-13,1.2828287e+31,0.000000
7,4,11,1.2825657e+31,0.000000
9,-8,47,1.27009e+31,0.000000
5,-2,-7,1.2658375e+31,0.000000
6,3,20,1.2538492e+31,0.000000
6,3,16,1.2517205e+31,0.000000
6,5,34,1.2452089e+31,0.000000
4,-1,31,1.2399306e+31,0.000000
5,5,45,1.2326212e+31,0.000000
10,10,8,1.2297979e+31,0.000000
7,7,15,1.2287158e+31,0.000000
9,9,33,1.2275077e+31,0.000000
6,-2,27,1.2271398e+31,0.000000
10,-8,30,1.227072e+31,0.000000
10,-6,10,1.2162238e+31,0.000000
7,-2,0,1.1969052e+31,0.000000
4,1,-22,1.1951447e+31,0.000000
6,3,15,1.1884123e+31,0.000000
7,6,4,1.1755133e+31,0.000000
10,-10,32,1.1745658e+31,0.000000
4,3,-6,1.1742574e+31,0.000000
8,-5,27,1.169145e+31,0.000000
5,4,-4,1.168065e+31,0.000000
6,-3,23,1.1521819e+31,0.000000
9,-5,10,1.1436214e+31,0.000000
5,-1,-16,1.1372481e+31,0.000000
8,-6,-6,1.1372247e+31,0.000000
4,4,-7,1.1371546e+31,0.000000
9,-8,48,1.1356406e+31,0.000000
6,3,21,1.1239418e+31,0.000000
5,-1,25,1.1227674e+31,0.000000
8,6,10,1.1210414e+31,0.000000
7,-2,7,1.1210298e+31,0.000000
6,6,36,1.1193179e+31,0.000000
4,0,-30,1.102891e+31,0.000000
4,0,30,1.102891e+31,0.000000
3,0,-36,1.1017526e+31,0.000000
3,0,36,1.1017526e+31,0.000000
5,2,-8,1.0998728e+31,0.000000
10,8,9,1.0990318e+31,0.000000
9,-7,43,1.0969158e+31,0.000000
3,1,-28,1.0962488e+31,0.000000
5,1,-19,1.0914988e+31,0.000000
4,-3,-14,1.0882013e+31,0.000000
9,8,2,1.0849269e+31,0.000000
10,-9,27,1.0847366e+31,0.000000
5,-3,-7,1.0846682e+31,0.000000
4,2,34,1.0823565e+31,0.000000
2,1,35,1.077007e+31,0.000000
5,-2,-4,1.072311e+31,0.000000
3,-1,-32,1.0650509e+31,0.000000
8,4,-1,1.0622288e+31,0.000000
10,10,13,1.0601907e+31,0.000000
4,-1,32,1.0557817e+31,0.000000
7,6,3,1.0534932e+31,0.000000
2,-1,-35,1.0533895e+31,0.000000
10,7,4,1.0498012e+31,0.000000
5,-3,42,1.0489825e+31,0.000000
10,-8,31,1.0417603e+31,0.000000
10,-7,18,1.0391842e+31,0.000000
10,-7,4,1.0381419e+31,0.000000
9,-6,25,1.0368853e+31,0.000000
6,1,16,1.0347037e+31,0.000000
7,4,12,1.0330967e+31,0.000000
7,-5,44,1.0327816e+31,0.000000
2,1,-28,1.0323129e+31,0.000000
6,4,25,1.0314611e+31,0.000000
3,-2,-18,1.0259218e+31,0.000000
7,5,22,1.024379e+31,0.000000
8,-6,46,1.0189821e+31,0.000000
6,5,35,1.0167514e+31,0.000000
2,2,-18,1.0159059e+31,0.000000
9,9,22,1.012814e+31,0.000000
9,-8,49,1.0113547e+31,0.000000
8,-3,3,1.0092389e+31,0.000000
3,-2,53,1.0045761e+31,0.000000
10,-10,33,9.8438637e+30,0.000000
3,3,49,9.7729386e+30,0.000000
7,2,3,9.7558941e+30,0.000000
6,3,22,9.7329401e+30,0.000000
10,8,2,9.6873583e+30,0.000000
9,-5,2,9.631708e+30,0.000000
5,3,31,9.6182287e+30,0.000000
6,6,37,9.6069701e+30,0.000000
4,-2,32,9.5637408e+30,0.000000
4,4,49,9.5241215e+30,0.000000
6,2,23,9.5149387e+30,0.000000
2,2,47,9.4862979e+30,0.000000
7,-4,23,9.4856193e+30,0.000000
7,7,12,9.4794237e+30,0.000000
5,4,42,9.4375131e+30,0.000000
5,5,46,9.3716808e+30,0.000000
6,-1,1,9.2931797e+30,0.000000
6,0,-14,9.2756841e+30,0.000000
6,0,14,9.2756841e+30,0.000000
5,0,-14,9.2493058e+30,0.000000
5,0,14,9.2493058e+30,0.000000
4,3,44,9.2392763e+30,0.000000
6,-4,35,9.1969002e+30,0.000000
9,9,12,9.1951584e+30,0.000000
5,2,29,9.155237e+30,0.000000
3,-1,43,9.149817e+30,0.000000
10,-8,-7,9.1133953e+30,0.000000
6,-3,24,9.084569e+30,0.000000
7,3,15,9.0213337e+30,0.000000
2,0,-40,8.9886035e+30,0.000000
2,0,40,8.9886035e+30,0.000000
9,-8,50,8.9685564e+30,0.000000
7,2,2,8.9426234e+30,0.000000
10,-8,32,8.9280558e+30,0.000000
10,-9,3,8.8732997e+30,0.000000
9,9,20,8.8541689e+30,0.000000
5,-2,-8,8.8377941e+30,0.000000
4,1,25,8.8093064e+30,0.000000
4,-1,-24,8.7986683e+30,0.000000
3,-3,-25,8.7707633e+30,0.000000
8,-4,1,8.7201859e+30,0.000000
9,9,11,8.7192822e+30,0.000000
10,-9,28,8.6945669e+30,0.000000
9,-7,44,8.6754288e+30,0.000000
4,-1,33,8.6711845e+30,0.000000
7,1,6,8.6428949e+30,0.000000
8,-4,9,8.6260699e+30,0.000000
10,-10,34,8.3976414e+30,0.000000
10,8,11,8.3876406e+30,0.000000
9,-6,26,8.3098934e+30,0.000000
4,2,-17,8.2960746e+30,0.000000
9,7,8,8.2830106e+30,0.000000
4,-2,-13,8.280156e+30,0.000000
6,5,36,8.2528068e+30,0.000000
3,2,43,8.2105516e+30,0.000000
6,3,23,8.1846877e+30,0.000000
6,6,38,8.1817129e+30,0.000000
7,2,4,8.1601351e+30,0.000000
6,-2,28,8.1551865e+30,0.000000
5,1,26,8.1166507e+30,0.000000
6,6,49,8.0901967e+30,0.000000
7,4,13,8.0640714e+30,0.000000
7,5,23,8.0512457e+30,0.000000
10,-8,2,7.9783257e+30,0.000000
5,-2,33,7.978134e+30,0.000000
9,-8,51,7.918368e+30,0.000000
8,-3,6,7.895989e+30,0.000000
3,2,-14,7.8739032e+30,0.000000
8,6,8,7.867761e+30,0.000000
7,7,14,7.8641728e+30,0.000000
8,-5,28,7.8416624e+30,0.000000
10,-8,33,7.7118102e+30,0.000000
2,-1,40,7.5660027e+30,0.000000
9,-7,-6,7.5630072e+30,0.000000
5,-1,-17,7.5090103e+30,0.000000
6,5,-4,7.4624431e+30,0.000000
8,-6,47,7.4339225e+30,0.000000
10,-7,19,7.4020967e+30,0.000000
5,0,-15,7.3936437e+30,0.000000
5,0,15,7.3936437e+30,0.000000
5,0,-16,7.3292436e+30,0.000000
5,0,16,7.3292436e+30,0.000000
5,0,-17,7.3159899e+30,0.000000
5,0,17,7.3159899e+30,0.000000
8,8,13,7.2819294e+30,0.000000
10,-10,35,7.280633e+30,0.000000
7,-3,18,7.2162845e+30,0.000000
10,10,50,7.2157213e+30,0.000000
10,8,17,7.1737944e+30,0.000000
3,1,29,7.14235e+30,0.000000
6,1,-3,7.1341678e+30,0.000000
4,0,-31,7.1166165e+30,0.000000
4,0,31,7.1166165e+30,0.000000
5,5,47,7.112674e+30,0.000000
10,-9,29,7.0896388e+30,0.000000
6,-3,25,7.0197947e+30,0.000000
7,7,2,7.0092897e+30,0.000000
9,9,3,7.0009835e+30,0.000000
9,-8,52,6.9600298e+30,0.000000
5,4,43,6.920042e+30,0.000000
6,6,39,6.9187314e+30,0.000000
4,-1,34,6.9179543e+30,0.000000
7,6,11,6.9154488e+30,0.000000
7,-5,45,6.9057212e+30,0.000000
5,0,-18,6.8936036e+30,0.000000
5,0,18,6.8936036e+30,0.000000
4,1,-23,6.8926617e+30,0.000000
8,-5,-2,6.8794527e+30,0.000000
6,2,24,6.8578001e+30,0.000000
9,-7,45,6.8348333e+30,0.000000
9,-5,11,6.8271807e+30,0.000000
3,0,-37,6.8210037e+30,0.000000
3,0,37,6.8210037e+30,0.000000
10,-10,-7,6.8041717e+30,0.000000
4,4,50,6.7894817e+30,0.000000
5,1,-20,6.7816187e+30,0.000000
5,3,32,6.7717489e+30,0.000000
6,1,17,6.7337501e+30,0.000000
6,3,24,6.7125075e+30,0.000000
5,-3,43,6.7085035e+30,0.000000
10,-8,34,6.7013991e+30,0.000000
10,-8,1,6.6814135e+30,0.000000
6,5,37,6.6621873e+30,0.000000
10,-6,4,6.6612866e+30,0.000000
10,7,13,6.6467165e+30,0.000000
9,-6,27,6.6232931e+30,0.000000
3,-2,54,6.5929161e+30,0.000000
8,7,47,6.5785774e+30,0.000000
10,7,6,6.5231264e+30,0.000000
3,3,50,6.4741948e+30,0.000000
5,2,-9,6.4491587e+30,0.000000
4,-4,-16,6.395234e+30,0.000000
10,-10,36,6.3949235e+30,0.000000
4,3,-7,6.3728637e+30,0.000000
7,6,2,6.3585404e+30,0.000000
4,-3,-15,6.3559964e+30,0.000000
7,3,-2,6.3211906e+30,0.000000
4,3,45,6.3003756e+30,0.000000
3,-1,44,6.2429578e+30,0.000000
7,5,24,6.2427398e+30,0.000000
9,7,3,6.1746346e+30,0.000000
9,-6,1,6.1308789e+30,0.000000
5,0,-19,6.1036465e+30,0.000000
5,0,19,6.1036465e+30,0.000000
7,4,14,6.0916058e+30,0.000000
9,-8,53,6.0903315e+30,0.000000
6,4,26,6.0694148e+30,0.000000
4,2,35,6.0631937e+30,0.000000
7,2,5,6.0601693e+30,0.000000
3,3,-14,6.0259503e+30,0.000000
10,9,5,5.9854906e+30,0.000000
2,-1,45,5.9431217e+30,0.000000
2,2,48,5.9195389e+30,0.000000
7,-2,8,5.8993921e+30,0.000000
7,-1,6,5.8764038e+30,0.000000
10,-9,30,5.8763792e+30,0.000000
2,-1,-36,5.8598388e+30,0.000000
10,-8,35,5.8469958e+30,0.000000
3,1,-29,5.8254384e+30,0.000000
6,6,40,5.8178491e+30,0.000000
5,-1,26,5.8029042e+30,0.000000
5,-2,-9,5.7808636e+30,0.000000
2,-1,46,5.7435645e+30,0.000000
3,-1,-33,5.7159197e+30,0.000000
9,9,13,5.6928081e+30,0.000000
8,-4,10,5.6813037e+30,0.000000
7,3,16,5.6736102e+30,0.000000
10,-10,37,5.6682329e+30,0.000000
5,2,30,5.6548554e+30,0.000000
9,6,6,5.6183332e+30,0.000000
10,10,6,5.6147443e+30,0.000000
2,1,-29,5.589358e+30,0.000000
7,6,14,5.5859838e+30,0.000000
3,1,32,5.5669564e+30,0.000000
3,1,33,5.5232476e+30,0.000000
2,-1,44,5.4949193e+30,0.000000
2,-2,-27,5.4894662e+30,0.000000
4,-3,-4,5.4548132e+30,0.000000
5,1,-1,5.4487032e+30,0.000000
10,-7,20,5.4358445e+30,0.000000
8,-6,48,5.4206921e+30,0.000000
4,-1,35,5.3923203e+30,0.000000
5,5,48,5.3899543e+30,0.000000
6,3,25,5.3878847e+30,0.000000
7,6,13,5.3711769e+30,0.000000
9,-7,46,5.3654572e+30,0.000000
6,-2,29,5.3641788e+30,0.000000
4,-2,33,5.3516586e+30,0.000000
6,5,38,5.3496597e+30,0.000000
6,-3,26,5.3284854e+30,0.000000
9,-8,54,5.3056279e+30,0.000000
6,2,-7,5.2689891e+30,0.000000
9,-6,28,5.2421991e+30,0.000000
2,0,-41,5.2328116e+30,0.000000
2,0,41,5.2328116e+30,0.000000
10,-6,11,5.1888616e+30,0.000000
8,-5,29,5.1558474e+30,0.000000
2,-1,47,5.136675e+30,0.000000
5,0,-20,5.1235398e+30,0.000000
5,0,20,5.1235398e+30,0.000000
10,-8,36,5.1124243e+30,0.000000
8,8,15,5.1092517e+30,0.000000
9,9,19,5.0885314e+30,0.000000
4,-1,-25,5.0854641e+30,0.000000
3,2,44,5.0843054e+30,0.000000
3,1,31,5.0812515e+30,0.000000
5,4,44,5.0672278e+30,0.000000
10,-10,38,5.0503522e+30,0.000000
3,1,34,5.0224384e+30,0.000000
7,-4,24,5.0066112e+30,0.000000
8,7,10,4.9842197e+30,0.000000
7,6,12,4.9692443e+30,0.000000
10,-9,31,4.9445812e+30,0.000000
6,0,-15,4.8758018e+30,0.000000
6,0,15,4.8758018e+30,0.000000
6,2,25,4.854587e+30,0.000000
6,6,41,4.8512502e+30,0.000000
4,4,51,4.850834e+30,0.000000
5,-1,-18,4.8505706e+30,0.000000
6,6,50,4.8092461e+30,0.000000
7,5,25,4.7811063e+30,0.000000
2,1,36,4.7322683e+30,0.000000
3,-3,-26,4.7224818e+30,0.000000
5,3,33,4.7190004e+30,0.000000
7,7,-4,4.7082522e+30,0.000000
3,1,30,4.6852807e+30,0.000000
5,-2,34,4.6575837e+30,0.000000
7,-5,46,4.6225511e+30,0.000000
9,-8,55,4.6017681e+30,0.000000
8,4,2,4.5913047e+30,0.000000
10,10,20,4.5683168e+30,0.000000
4,0,-32,4.5661748e+30,0.000000
4,0,32,4.5661748e+30,0.000000
3,-2,55,4.5496604e+30,0.000000
6,2,-8,4.5346566e+30,0.000000
10,-10,39,4.5088553e+30,0.000000
9,8,12,4.4985094e+30,0.000000
10,-8,37,4.4719041e+30,0.000000
7,4,15,4.4491231e+30,0.000000
8,4,1,4.4091994e+30,0.000000
8,6,5,4.3707772e+30,0.000000
4,1,26,4.3569179e+30,0.000000
2,-1,48,4.3380136e+30,0.000000
10,8,10,4.3098573e+30,0.000000
8,6,3,4.2971724e+30,0.000000
9,-5,12,4.2928084e+30,0.000000
4,3,46,4.2925524e+30,0.000000
3,3,51,4.2816587e+30,0.000000
3,1,35,4.2791544e+30,0.000000
6,5,39,4.2743768e+30,0.000000
6,1,18,4.2731323e+30,0.000000
5,-3,44,4.2688942e+30,0.000000
2,-1,43,4.2674279e+30,0.000000
6,3,26,4.2447343e+30,0.000000
6,2,-6,4.2333415e+30,0.000000
3,0,-38,4.2201872e+30,0.000000
3,0,38,4.2201872e+30,0.000000
10,-9,32,4.2153521e+30,0.000000
3,-1,45,4.2052275e+30,0.000000
9,-7,47,4.198052e+30,0.000000
10,9,4,4.1924441e+30,0.000000
8,6,4,4.1772692e+30,0.000000
6,-2,-4,4.1744766e+30,0.000000
8,-3,7,4.1639708e+30,0.000000
8,-4,11,4.1624562e+30,0.000000
5,1,-21,4.1603334e+30,0.000000
5,1,27,4.1512423e+30,0.000000
7,2,6,4.1341935e+30,0.000000
4,-1,36,4.1252097e+30,0.000000
5,0,-21,4.1179785e+30,0.000000
5,0,21,4.1179785e+30,0.000000
9,-6,29,4.1157805e+30,0.000000
10,-7,21,4.0992299e+30,0.000000
5,5,49,4.0795411e+30,0.000000
3,-2,-19,4.0436239e+30,0.000000
6,6,42,4.0268925e+30,0.000000
10,-10,40,4.024593e+30,0.000000
2,2,-19,4.022661e+30,0.000000
10,-9,-6,4.0165002e+30,0.000000
4,-2,-14,3.9867462e+30,0.000000
6,-3,27,3.9815758e+30,0.000000
4,1,-24,3.9597754e+30,0.000000
8,-6,49,3.9518341e+30,0.000000
10,-8,38,3.9073637e+30,0.000000
7,7,-3,3.8983143e+30,0.000000
8,4,3,3.8744411e+30,0.000000
10,-7,3,3.8654484e+30,0.000000
4,2,-18,3.8626082e+30,0.000000
4,4,-8,3.8604131e+30,0.000000
10,10,9,3.8283689e+30,0.000000
6,1,-4,3.82668e+30,0.000000
7,-3,19,3.8254349e+30,0.000000
10,-7,-3,3.7987573e+30,0.000000
7,7,18,3.7935639e+30,0.000000
7,1,7,3.7933422e+30,0.000000
4,3,-4,3.7826885e+30,0.000000
6,-4,36,3.7714385e+30,0.000000
10,10,39,3.7469681e+30,0.000000
8,6,9,3.7454876e+30,0.000000
7,7,0,3.7328653e+30,0.000000
5,2,-10,3.7234881e+30,0.000000
2,2,49,3.7094095e+30,0.000000
5,4,45,3.7061352e+30,0.000000
4,-3,-16,3.7029177e+30,0.000000
9,8,1,3.684973e+30,0.000000
7,7,21,3.6834161e+30,0.000000
5,-5,-6,3.640366e+30,0.000000
10,-9,33,3.6323861e+30,0.000000
7,5,26,3.6208006e+30,0.000000
5,-2,-10,3.6124053e+30,0.000000
10,-10,41,3.5874926e+30,0.000000
10,10,12,3.5580943e+30,0.000000
7,6,0,3.5548741e+30,0.000000
6,4,27,3.504105e+30,0.000000
2,-1,49,3.5016378e+30,0.000000
6,-2,30,3.4965675e+30,0.000000
10,9,8,3.4954287e+30,0.000000
3,1,36,3.4740655e+30,0.000000
3,2,-15,3.4674669e+30,0.000000
5,2,31,3.4640081e+30,0.000000
4,4,52,3.4431452e+30,0.000000
7,6,-3,3.418579e+30,0.000000
10,-8,39,3.4062574e+30,0.000000
7,3,17,3.402407e+30,0.000000
6,5,40,3.4000881e+30,0.000000
6,2,26,3.3838886e+30,0.000000
4,2,36,3.3527626e+30,0.000000
6,2,-9,3.3521129e+30,0.000000
8,6,2,3.3308076e+30,0.000000
6,6,43,3.3233349e+30,0.000000
4,3,-8,3.3228193e+30,0.000000
8,-5,30,3.3192251e+30,0.000000
8,8,14,3.3191049e+30,0.000000
7,7,-2,3.3158059e+30,0.000000
8,-4,12,3.2944371e+30,0.000000
6,3,27,3.2900831e+30,0.000000
9,-7,48,3.2746842e+30,0.000000
2,-1,-37,3.2661029e+30,0.000000
5,3,34,3.2591623e+30,0.000000
9,-6,0,3.254449e+30,0.000000
7,-2,9,3.2283717e+30,0.000000
8,6,-3,3.2226117e+30,0.000000
9,-6,30,3.2032036e+30,0.000000
6,-3,-2,3.1958919e+30,0.000000
5,0,-22,3.1956254e+30,0.000000
5,0,22,3.1956254e+30,0.000000
10,-10,42,3.1930253e+30,0.000000
10,-7,22,3.1631476e+30,0.000000
10,-9,34,3.1560919e+30,0.000000
3,2,45,3.1391704e+30,0.000000
7,4,16,3.1390378e+30,0.000000
4,1,27,3.1190697e+30,0.000000
4,-4,-17,3.1130294e+30,0.000000
7,6,-2,3.1113323e+30,0.000000
4,-1,37,3.1083835e+30,0.000000
7,-5,47,3.0979333e+30,0.000000
3,1,-30,3.0964484e+30,0.000000
8,4,4,3.0927833e+30,0.000000
5,5,50,3.0890119e+30,0.000000
5,-1,-19,3.0778036e+30,0.000000
3,-1,-34,3.0637327e+30,0.000000
2,0,-42,3.0532984e+30,0.000000
2,0,42,3.0532984e+30,0.000000
2,1,-30,3.0344313e+30,0.000000
5,3,-7,2.9983439e+30,0.000000
9,9,14,2.9935799e+30,0.000000
9,7,11,2.9888602e+30,0.000000
4,-2,34,2.9680934e+30,0.000000
10,-8,40,2.9598489e+30,0.000000
7,-4,25,2.9466802e+30,0.000000
5,-1,27,2.9380516e+30,0.000000
6,-3,28,2.9341563e+30,0.000000
4,-1,-26,2.9324704e+30,0.000000
8,4,0,2.9259676e+30,0.000000
4,3,47,2.9214276e+30,0.000000
7,7,1,2.9198585e+30,0.000000
4,0,-33,2.9155799e+30,0.000000
4,0,33,2.9155799e+30,0.000000
3,3,-15,2.8972085e+30,0.000000
7,2,1,2.8916597e+30,0.000000
7,7,22,2.8906682e+30,0.000000
4,1,28,2.8887957e+30,0.000000
8,-6,50,2.8811461e+30,0.000000
7,6,15,2.8552689e+30,0.000000
10,-10,43,2.8395009e+30,0.000000
2,-2,-28,2.8336272e+30,0.000000
5,-3,-8,2.8336064e+30,0.000000
3,3,52,2.8272179e+30,0.000000
4,1,29,2.8234924e+30,0.000000
3,-1,46,2.7961747e+30,0.000000
10,-6,12,2.779125e+30,0.000000
8,6,-2,2.7772876e+30,0.000000
9,-5,13,2.765748e+30,0.000000
7,5,-4,2.7646139e+30,0.000000
7,6,1,2.760177e+30,0.000000
10,-9,35,2.7591862e+30,0.000000
7,7,-1,2.7405248e+30,0.000000
6,6,44,2.7375703e+30,0.000000
10,10,5,2.731353e+30,0.000000
8,-4,13,2.7288094e+30,0.000000
2,-1,50,2.7218072e+30,0.000000
3,1,37,2.7191078e+30,0.000000
7,5,27,2.7141943e+30,0.000000
5,4,46,2.707931e+30,0.000000
5,-3,45,2.7006765e+30,0.000000
6,5,41,2.6932829e+30,0.000000
5,-2,35,2.6915299e+30,0.000000
4,1,30,2.6709517e+30,0.000000
6,1,19,2.64666e+30,0.000000
7,7,19,2.6250469e+30,0.000000
8,8,19,2.6156888e+30,0.000000
7,2,7,2.6106444e+30,0.000000
3,0,-39,2.608762e+30,0.000000
3,0,39,2.608762e+30,0.000000
8,-3,8,2.5988934e+30,0.000000
2,-1,42,2.5936633e+30,0.000000
10,-8,41,2.5619099e+30,0.000000
3,-3,-27,2.5576136e+30,0.000000
9,-7,49,2.5473453e+30,0.000000
6,-2,-8,2.5352811e+30,0.000000
10,-10,44,2.5261933e+30,0.000000
5,1,-22,2.5250858e+30,0.000000
6,3,28,2.5138319e+30,0.000000
8,4,-2,2.493773e+30,0.000000
10,-7,23,2.4894644e+30,0.000000
9,-5,1,2.4773554e+30,0.000000
7,6,16,2.4757774e+30,0.000000
6,-2,-7,2.4734783e+30,0.000000
9,-6,31,2.4701624e+30,0.000000
6,0,-16,2.4598763e+30,0.000000
6,0,16,2.4598763e+30,0.000000
4,4,53,2.4484753e+30,0.000000
8,8,18,2.4386503e+30,0.000000
10,-9,36,2.4232097e+30,0.000000
5,0,-23,2.4102775e+30,0.000000
5,0,23,2.4102775e+30,0.000000
4,1,31,2.4064931e+30,0.000000
7,7,16,2.4009551e+30,0.000000
7,-1,7,2.3776e+30,0.000000
8,4,5,2.3652807e+30,0.000000
8,6,0,2.3594062e+30,0.000000
7,6,17,2.3480788e+30,0.000000
7,6,-1,2.3406416e+30,0.000000
2,2,50,2.3389564e+30,0.000000
5,5,51,2.329439e+30,0.000000
6,2,27,2.3274052e+30,0.000000
8,-2,3,2.318375e+30,0.000000
8,-2,2,2.3172884e+30,0.000000
4,-1,38,2.3134254e+30,0.000000
4,4,-5,2.3049182e+30,0.000000
8,-4,14,2.3021729e+30,0.000000
10,-6,3,2.2931842e+30,0.000000
6,2,-10,2.2897145e+30,0.000000
10,10,48,2.2871279e+30,0.000000
9,9,0,2.2760152e+30,0.000000
6,-1,2,2.2721956e+30,0.000000
4,1,-25,2.2673584e+30,0.000000
6,-2,31,2.2609813e+30,0.000000
10,-10,45,2.2521924e+30,0.000000
7,6,19,2.2488766e+30,0.000000
5,3,35,2.2332491e+30,0.000000
10,-8,42,2.2077805e+30,0.000000
5,-2,-11,2.1794791e+30,0.000000
7,7,17,2.178004e+30,0.000000
5,-2,-2,2.1775861e+30,0.000000
7,6,45,2.1684449e+30,0.000000
7,-4,26,2.1553763e+30,0.000000
4,-3,-17,2.1536373e+30,0.000000
7,6,18,2.1440122e+30,0.000000
7,4,17,2.1369135e+30,0.000000
6,-3,29,2.1359625e+30,0.000000
10,-9,37,2.1357757e+30,0.000000
6,5,42,2.1249616e+30,0.000000
5,2,-11,2.1221892e+30,0.000000
6,-2,-9,2.1132368e+30,0.000000
2,-1,41,2.1057383e+30,0.000000
5,2,32,2.103898e+30,0.000000
8,-6,51,2.1011757e+30,0.000000
8,-5,31,2.0891658e+30,0.000000
8,6,-1,2.0826022e+30,0.000000
7,-5,48,2.0787197e+30,0.000000
4,1,32,2.0739012e+30,0.000000
5,1,28,2.0735742e+30,0.000000
3,1,38,2.0682846e+30,0.000000
2,-1,51,2.0466948e+30,0.000000
10,-10,46,2.0158316e+30,0.000000
7,5,28,2.0157755e+30,0.000000
10,-7,24,1.9923752e+30,0.000000
8,6,1,1.9878601e+30,0.000000
4,3,48,1.985605e+30,0.000000
6,4,28,1.9803443e+30,0.000000
5,4,47,1.9768212e+30,0.000000
9,-7,50,1.9765942e+30,0.000000
7,-4,29,1.9645601e+30,0.000000
7,-4,27,1.9474974e+30,0.000000
7,-4,28,1.9456637e+30,0.000000
2,1,37,1.9434758e+30,0.000000
7,3,18,1.9407819e+30,0.000000
8,-4,15,1.9406092e+30,0.000000
7,-2,10,1.9374745e+30,0.000000
3,2,46,1.9322183e+30,0.000000
7,-4,30,1.9305268e+30,0.000000
2,-2,-29,1.9275161e+30,0.000000
5,-1,-20,1.9244952e+30,0.000000
7,-3,20,1.9165174e+30,0.000000
4,-2,-15,1.9084259e+30,0.000000
7,6,20,1.9016662e+30,0.000000
9,8,27,1.9001099e+30,0.000000
6,3,29,1.8964743e+30,0.000000
10,-8,43,1.8937204e+30,0.000000
7,7,20,1.8920014e+30,0.000000
10,-9,38,1.8884693e+30,0.000000
9,-6,32,1.887023e+30,0.000000
6,6,46,1.8791959e+30,0.000000
3,3,53,1.8647612e+30,0.000000
4,0,-34,1.8537429e+30,0.000000
4,0,34,1.8537429e+30,0.000000
3,-1,47,1.8350453e+30,0.000000
7,-4,31,1.828981e+30,0.000000
4,2,37,1.824818e+30,0.000000
2,-1,-38,1.8241592e+30,0.000000
10,-10,47,1.8145249e+30,0.000000
9,-5,14,1.8084864e+30,0.000000
7,6,21,1.8084409e+30,0.000000
2,0,-43,1.7890484e+30,0.000000
2,0,43,1.7890484e+30,0.000000
4,2,-19,1.7803576e+30,0.000000
5,0,-24,1.7761739e+30,0.000000
5,0,24,1.7761739e+30,0.000000
10,10,15,1.7676537e+30,0.000000
8,7,15,1.764401e+30,0.000000
10,9,10,1.7608051e+30,0.000000
5,5,52,1.7582366e+30,0.000000
8,-3,9,1.7554661e+30,0.000000
4,3,-9,1.7479281e+30,0.000000
4,4,54,1.7389082e+30,0.000000
9,9,16,1.7382023e+30,0.000000
7,6,22,1.7318431e+30,0.000000
9,-3,4,1.7301324e+30,0.000000
4,1,33,1.7229305e+30,0.000000
10,9,1,1.7181024e+30,0.000000
8,4,6,1.7094045e+30,0.000000
4,-1,39,1.7043801e+30,0.000000
5,-3,46,1.6966081e+30,0.000000
10,-6,13,1.691127e+30,0.000000
4,-1,-27,1.687389e+30,0.000000
10,-9,39,1.6753265e+30,0.000000
7,-4,32,1.6722494e+30,0.000000
6,5,43,1.6704223e+30,0.000000
7,6,23,1.6662177e+30,0.000000
6,-4,-4,1.664028e+30,0.000000
8,-6,-5,1.6573656e+30,0.000000
8,6,11,1.6550405e+30,0.000000
2,1,-31,1.6516844e+30,0.000000
3,1,-31,1.64589e+30,0.000000
10,-10,48,1.6448674e+30,0.000000
3,-1,-35,1.6392891e+30,0.000000
6,-4,37,1.6296899e+30,0.000000
4,-2,35,1.6290145e+30,0.000000
10,-7,25,1.6171132e+30,0.000000
10,-8,44,1.6164901e+30,0.000000
8,-4,16,1.6149992e+30,0.000000
7,6,24,1.6137797e+30,0.000000
3,0,-40,1.610801e+30,0.000000
3,0,40,1.610801e+30,0.000000
6,1,20,1.6007853e+30,0.000000
10,9,33,1.5994372e+30,0.000000
6,2,28,1.58216e+30,0.000000
6,-2,-10,1.5719052e+30,0.000000
2,2,-20,1.5692972e+30,0.000000
10,10,0,1.5639224e+30,0.000000
8,-4,-1,1.5571325e+30,0.000000
7,7,24,1.5445978e+30,0.000000
3,-2,-20,1.5436765e+30,0.000000
6,-3,30,1.5381564e+30,0.000000
5,-2,36,1.5376979e+30,0.000000
3,1,39,1.5374533e+30,0.000000
7,6,25,1.5363011e+30,0.000000
8,-6,52,1.5331657e+30,0.000000
7,2,8,1.5329388e+30,0.000000
9,-7,51,1.5302831e+30,0.000000
6,6,47,1.5281706e+30,0.000000
8,-3,2,1.5249074e+30,0.000000
4,-4,-18,1.5226759e+30,0.000000
5,3,36,1.5196125e+30,0.000000
5,1,-23,1.5188628e+30,0.000000
9,9,24,1.5166378e+30,0.000000
8,-4,0,1.5145802e+30,0.000000
10,-10,49,1.502876e+30,0.000000
7,1,8,1.5009965e+30,0.000000
3,2,-16,1.496182e+30,0.000000
6,-2,-6,1.4937599e+30,0.000000
2,-1,52,1.4932328e+30,0.000000
10,-9,40,1.4918e+30,0.000000
6,2,-11,1.4907329e+30,0.000000
2,-2,-30,1.4890413e+30,0.000000
2,2,51,1.4878757e+30,0.000000
7,5,29,1.4843845e+30,0.000000
7,-4,33,1.4813955e+30,0.000000
10,8,1,1.4699932e+30,0.000000
9,9,21,1.4668988e+30,0.000000
8,8,16,1.4648798e+30,0.000000
7,6,26,1.4589767e+30,0.000000
5,-1,28,1.4524744e+30,0.000000
6,-2,32,1.4515575e+30,0.000000
6,1,-5,1.4457484e+30,0.000000
5,4,48,1.4420522e+30,0.000000
6,4,-4,1.4325807e+30,0.000000
9,-6,33,1.4279084e+30,0.000000
4,4,-9,1.4270966e+30,0.000000
10,9,-1,1.4208115e+30,0.000000
3,3,-16,1.4181042e+30,0.000000
6,3,30,1.4146053e+30,0.000000
7,6,49,1.4099105e+30,0.000000
8,-3,1,1.401282e+30,0.000000
7,4,18,1.4012043e+30,0.000000
7,-5,49,1.3964973e+30,0.000000
3,-3,-28,1.3928626e+30,0.000000
4,1,34,1.3897781e+30,0.000000
7,6,27,1.3868227e+30,0.000000
10,-10,50,1.3842812e+30,0.000000
6,6,48,1.3828322e+30,0.000000
10,10,19,1.3771164e+30,0.000000
10,-8,45,1.3731004e+30,0.000000
7,-2,11,1.3687667e+30,0.000000
9,-6,-2,1.362696e+30,0.000000
4,3,49,1.3473335e+30,0.000000
10,-9,41,1.334114e+30,0.000000
10,-7,26,1.3277809e+30,0.000000
5,5,53,1.3265061e+30,0.000000
8,8,21,1.3251602e+30,0.000000
7,7,23,1.3193303e+30,0.000000
8,-4,17,1.3177793e+30,0.000000
6,5,44,1.3086878e+30,0.000000
7,6,28,1.306745e+30,0.000000
4,1,-26,1.2945956e+30,0.000000
10,-10,51,1.2848086e+30,0.000000
8,6,12,1.2847103e+30,0.000000
5,0,-25,1.284116e+30,0.000000
5,0,25,1.284116e+30,0.000000
8,-5,32,1.2831975e+30,0.000000
5,-2,-12,1.2774223e+30,0.000000
7,-4,34,1.2770209e+30,0.000000
8,8,30,1.2664071e+30,0.000000
5,2,33,1.2663752e+30,0.000000
8,2,1,1.2583977e+30,0.000000
8,7,12,1.2565551e+30,0.000000
7,7,39,1.2548711e+30,0.000000
10,9,22,1.2530286e+30,0.000000
4,-3,-18,1.2513828e+30,0.000000
4,-1,40,1.2451582e+30,0.000000
4,4,55,1.2329904e+30,0.000000
10,-7,2,1.2304863e+30,0.000000
3,3,54,1.2297697e+30,0.000000
8,-3,10,1.2275171e+30,0.000000
7,7,-5,1.2272209e+30,0.000000
7,6,29,1.2252916e+30,0.000000
9,9,18,1.2137524e+30,0.000000
9,-5,15,1.2043176e+30,0.000000
10,-10,52,1.200415e+30,0.000000
10,-9,42,1.1989019e+30,0.000000
8,6,13,1.1945487e+30,0.000000
5,2,-12,1.1945358e+30,0.000000
5,-1,-21,1.1888893e+30,0.000000
3,-1,48,1.1887582e+30,0.000000
3,2,47,1.1858431e+30,0.000000
6,0,-17,1.1857482e+30,0.000000
6,0,17,1.1857482e+30,0.000000
9,-7,52,1.1823962e+30,0.000000
8,-8,-8,1.177267e+30,0.000000
4,0,-35,1.1740939e+30,0.000000
4,0,35,1.1740939e+30,0.000000
8,5,2,1.1702224e+30,0.000000
2,-2,-31,1.1674341e+30,0.000000
10,-8,46,1.1606805e+30,0.000000
8,4,7,1.1603507e+30,0.000000
8,5,3,1.157724e+30,0.000000
10,10,14,1.1541122e+30,0.000000
7,-2,12,1.1540578e+30,0.000000
6,2,-5,1.1433528e+30,0.000000
9,-6,-1,1.1409806e+30,0.000000
7,6,30,1.1372866e+30,0.000000
6,-5,-5,1.1289325e+30,0.000000
10,-10,53,1.1274621e+30,0.000000
3,1,40,1.1211731e+30,0.000000
8,-6,53,1.1195265e+30,0.000000
10,-6,14,1.1137549e+30,0.000000
8,6,14,1.1060979e+30,0.000000
10,-7,27,1.1002464e+30,0.000000
6,-3,31,1.0970785e+30,0.000000
4,1,35,1.0948518e+30,0.000000
6,4,29,1.0940571e+30,0.000000
6,-2,-11,1.0876866e+30,0.000000
7,-2,13,1.086673e+30,0.000000
7,5,30,1.0847198e+30,0.000000
10,-9,43,1.0830398e+30,0.000000
10,9,20,1.0823004e+30,0.000000
7,-4,35,1.0754235e+30,0.000000
9,-6,34,1.0702662e+30,0.000000
9,-3,3,1.069267e+30,0.000000
6,2,29,1.0645107e+30,0.000000
10,-10,54,1.0628261e+30,0.000000
2,-1,53,1.0593156e+30,0.000000
10,9,12,1.0590022e+30,0.000000
7,-2,14,1.0569826e+30,0.000000
5,-3,47,1.0566898e+30,0.000000
2,0,-44,1.0555853e+30,0.000000
2,0,44,1.0555853e+30,0.000000
5,4,49,1.0512811e+30,0.000000
8,-4,18,1.050314e+30,0.000000
7,3,19,1.0486421e+30,0.000000
7,6,31,1.04859e+30,0.000000
9,-5,0,1.047493e+30,0.000000
10,10,16,1.0449755e+30,0.000000
6,3,31,1.0444976e+30,0.000000
8,7,14,1.0420652e+30,0.000000
5,3,37,1.0275749e+30,0.000000
6,5,45,1.0220908e+30,0.000000
2,-1,-39,1.0211282e+30,0.000000
7,1,-5,1.0163357e+30,0.000000
7,-2,15,1.0143805e+30,0.000000
5,1,29,1.0067202e+30,0.000000
7,7,25,1.0066746e+30,0.000000
10,-10,55,1.0039473e+30,0.000000
5,5,54,1.000474e+30,0.000000
10,9,11,9.9571773e+29,0.000000
3,0,-41,9.9319045e+29,0.000000
3,0,41,9.9319045e+29,0.000000
10,10,32,9.9053715e+29,0.000000
8,5,4,9.8699924e+29,0.000000
10,-9,44,9.8359729e+29,0.000000
9,8,13,9.7747009e+29,0.000000
10,-8,47,9.7642468e+29,0.000000
4,2,38,9.7380125e+29,0.000000
4,-1,-28,9.6897089e+29,0.000000
8,5,-2,9.6553484e+29,0.000000
9,9,25,9.5978707e+29,0.000000
7,6,32,9.5890416e+29,0.000000
2,2,52,9.5782961e+29,0.000000
8,-2,1,9.5008472e+29,0.000000
10,8,12,9.4721529e+29,0.000000
6,1,21,9.4549627e+29,0.000000
7,-2,16,9.4275053e+29,0.000000
7,-5,50,9.3921457e+29,0.000000
6,2,-12,9.3906014e+29,0.000000
10,-9,2,9.3861537e+29,0.000000
4,3,-10,9.3675662e+29,0.000000
7,-1,8,9.3259213e+29,0.000000
6,-2,33,9.2586222e+29,0.000000
10,-7,28,9.1794003e+29,0.000000
9,7,10,9.1502167e+29,0.000000
5,0,-26,9.1380521e+29,0.000000
5,0,26,9.1380521e+29,0.000000
4,3,50,9.1240709e+29,0.000000
9,-7,53,9.1201764e+29,0.000000
4,-2,-16,9.0759167e+29,0.000000
7,-3,21,9.0690728e+29,0.000000
5,1,-24,9.0674164e+29,0.000000
4,-1,41,9.0328885e+29,0.000000
2,1,-32,9.0129512e+29,0.000000
10,-9,45,8.9785281e+29,0.000000
6,-4,38,8.9713588e+29,0.000000
2,-2,-32,8.9273404e+29,0.000000
7,-4,36,8.8768782e+29,0.000000
4,-2,36,8.8289608e+29,0.000000
7,4,19,8.8285474e+29,0.000000
7,1,-6,8.7939452e+29,0.000000
7,7,26,8.7652604e+29,0.000000
3,-1,-36,8.7518729e+29,0.000000
3,1,-32,8.7456783e+29,0.000000
7,7,32,8.7364902e+29,0.000000
7,6,33,8.6991031e+29,0.000000
5,-2,37,8.6701849e+29,0.000000
8,-3,11,8.6597922e+29,0.000000
7,7,28,8.5697568e+29,0.000000
7,2,9,8.5268432e+29,0.000000
4,1,36,8.4623076e+29,0.000000
7,-2,17,8.4425104e+29,0.000000
8,2,2,8.4225135e+29,0.000000
10,-7,-2,8.375353e+29,0.000000
8,5,5,8.3691188e+29,0.000000
9,-5,16,8.2820977e+29,0.000000
10,-9,46,8.2333257e+29,0.000000
8,8,23,8.2225878e+29,0.000000
8,-6,54,8.1822964e+29,0.000000
7,6,50,8.1770733e+29,0.000000
10,-8,48,8.1758565e+29,0.000000
8,-4,19,8.161632e+29,0.000000
7,7,27,8.1483833e+29,0.000000
7,1,13,8.1470602e+29,0.000000
8,6,15,8.1232092e+29,0.000000
3,3,55,8.1230697e+29,0.000000
8,-2,4,8.1088982e+29,0.000000
4,2,-20,8.1054265e+29,0.000000
3,1,41,8.0420539e+29,0.000000
6,5,46,7.9597234e+29,0.000000
9,-6,35,7.9463362e+29,0.000000
7,1,12,7.8931194e+29,0.000000
7,5,31,7.87096e+29,0.000000
9,9,2,7.8320168e+29,0.000000
7,6,34,7.8281558e+29,0.000000
8,5,1,7.8070099e+29,0.000000
6,-3,32,7.7583367e+29,0.000000
5,-3,-9,7.7506289e+29,0.000000
10,-6,15,7.694671e+29,0.000000
10,-7,29,7.6931895e+29,0.000000
10,9,3,7.6760982e+29,0.000000
8,-5,33,7.6737665e+29,0.000000
5,4,50,7.6597341e+29,0.000000
6,3,32,7.6418263e+29,0.000000
7,1,14,7.6401927e+29,0.000000
3,-3,-29,7.6256002e+29,0.000000
3,-1,49,7.6094491e+29,0.000000
10,-9,47,7.5784992e+29,0.000000
7,7,30,7.5739023e+29,0.000000
5,2,34,7.5492101e+29,0.000000
5,5,55,7.544574e+29,0.000000
8,4,8,7.5045822e+29,0.000000
4,-4,-19,7.4843577e+29,0.000000
7,6,-4,7.4803433e+29,0.000000
10,-6,2,7.4424893e+29,0.000000
7,7,29,7.4342718e+29,0.000000
10,10,2,7.4246301e+29,0.000000
4,0,-36,7.4095102e+29,0.000000
4,0,36,7.4095102e+29,0.000000
8,6,16,7.3847866e+29,0.000000
4,1,-27,7.3732005e+29,0.000000
2,-1,54,7.3261629e+29,0.000000
5,-2,-13,7.3008433e+29,0.000000
7,-2,18,7.2887141e+29,0.000000
5,-1,-22,7.2715408e+29,0.000000
4,-3,-19,7.2689519e+29,0.000000
3,2,48,7.2617613e+29,0.000000
8,5,6,7.233365e+29,0.000000
2,1,38,7.2123358e+29,0.000000
7,-4,37,7.2018829e+29,0.000000
6,-2,-12,7.1552068e+29,0.000000
6,2,30,7.0968109e+29,0.000000
3,3,-17,7.0374834e+29,0.000000
6,-4,39,7.0367303e+29,0.000000
9,-7,54,7.0243235e+29,0.000000
10,-9,48,6.9953184e+29,0.000000
7,6,35,6.991136e+29,0.000000
10,10,-3,6.9868144e+29,0.000000
7,1,9,6.9849225e+29,0.000000
5,-1,29,6.9781688e+29,0.000000
8,6,17,6.9641296e+29,0.000000
9,8,15,6.946978e+29,0.000000
5,3,38,6.9093318e+29,0.000000
7,7,31,6.8967992e+29,0.000000
7,1,11,6.8807417e+29,0.000000
8,-3,0,6.8647292e+29,0.000000
10,-8,49,6.8149408e+29,0.000000
7,7,33,6.8138844e+29,0.000000
8,5,0,6.8078489e+29,0.000000
6,-4,40,6.7420005e+29,0.000000
10,10,21,6.7074297e+29,0.000000
5,3,-8,6.6757614e+29,0.000000
6,-4,41,6.656917e+29,0.000000
5,2,-13,6.6367411e+29,0.000000
7,1,15,6.6349331e+29,0.000000
2,-2,-33,6.6198509e+29,0.000000
7,4,-3,6.6138937e+29,0.000000
10,9,13,6.6089667e+29,0.000000
8,6,18,6.5620015e+29,0.000000
6,6,51,6.5391585e+29,0.000000
4,-1,42,6.5138633e+29,0.000000
5,-3,48,6.5112305e+29,0.000000
10,-9,49,6.4682768e+29,0.000000
10,-7,30,6.4628025e+29,0.000000
4,1,37,6.4402557e+29,0.000000
10,7,9,6.4195878e+29,0.000000
5,0,-27,6.4177791e+29,0.000000
5,0,27,6.4177791e+29,0.000000
7,7,34,6.3755077e+29,0.000000
6,-4,42,6.3634492e+29,0.000000
8,6,19,6.3560375e+29,0.000000
8,5,7,6.3314401e+29,0.000000
7,-5,51,6.322801e+29,0.000000
2,0,-45,6.2950824e+29,0.000000
2,0,45,6.2950824e+29,0.000000
3,2,-17,6.2936494e+29,0.000000
8,7,2,6.2888577e+29,0.000000
8,5,-1,6.2871338e+29,0.000000
2,2,53,6.2612513e+29,0.000000
7,6,36,6.1948248e+29,0.000000
6,5,47,6.1826159e+29,0.000000
8,-4,20,6.178187e+29,0.000000
10,9,19,6.1731087e+29,0.000000
4,3,51,6.1640399e+29,0.000000
3,0,-42,6.1135092e+29,0.000000
3,0,42,6.1135092e+29,0.000000
7,-2,19,6.0815879e+29,0.000000
8,-3,12,6.0643169e+29,0.000000
2,2,-21,6.0030038e+29,0.000000
8,5,8,5.9999415e+29,0.000000
9,-5,17,5.9996919e+29,0.000000
8,-6,55,5.9865259e+29,0.000000
10,-9,50,5.9850017e+29,0.000000
6,4,30,5.889947e+29,0.000000
8,6,20,5.8785176e+29,0.000000
6,-2,34,5.8702783e+29,0.000000
3,-2,-21,5.850694e+29,0.000000
9,-6,36,5.8444989e+29,0.000000
7,1,10,5.8403633e+29,0.000000
6,-4,43,5.8348929e+29,0.000000
7,1,-7,5.8141887e+29,0.000000
7,7,35,5.7748721e+29,0.000000
6,2,-13,5.7687701e+29,0.000000
7,-4,38,5.7562651e+29,0.000000
2,-1,-40,5.7312028e+29,0.000000
3,1,42,5.6838396e+29,0.000000
7,5,32,5.6753247e+29,0.000000
10,7,7,5.6645406e+29,0.000000
10,-8,50,5.6558782e+29,0.000000
4,4,-10,5.6348466e+29,0.000000
5,4,51,5.5957764e+29,0.000000
9,6,7,5.5749258e+29,0.000000
9,-3,5,5.5698498e+29,0.000000
4,-1,-29,5.5526754e+29,0.000000
6,3,33,5.544717e+29,0.000000
10,-9,51,5.5360171e+29,0.000000
8,6,21,5.5080685e+29,0.000000
7,1,-3,5.5050355e+29,0.000000
10,-6,16,5.455125e+29,0.000000
7,6,37,5.4514432e+29,0.000000
6,1,22,5.450634e+29,0.000000
6,-3,33,5.4449738e+29,0.000000
7,7,36,5.4317802e+29,0.000000
10,-7,31,5.4311656e+29,0.000000
6,0,-18,5.4251711e+29,0.000000
6,0,18,5.4251711e+29,0.000000
9,-4,6,5.4204795e+29,0.000000
7,1,16,5.4196812e+29,0.000000
9,-7,55,5.4035509e+29,0.000000
10,10,1,5.3910509e+29,0.000000
5,1,-25,5.3789469e+29,0.000000
10,-9,-7,5.3697955e+29,0.000000
7,3,20,5.3395365e+29,0.000000
7,4,20,5.3285313e+29,0.000000
10,10,27,5.3128601e+29,0.000000
6,1,-6,5.260662e+29,0.000000
8,6,-4,5.1934454e+29,0.000000
7,1,-4,5.1830356e+29,0.000000
10,-7,0,5.1639408e+29,0.000000
6,-4,44,5.1608458e+29,0.000000
8,-2,5,5.1347151e+29,0.000000
10,-9,52,5.114404e+29,0.000000
4,3,-11,5.1131626e+29,0.000000
8,6,22,5.1067888e+29,0.000000
7,7,37,5.089582e+29,0.000000
4,2,39,5.0688093e+29,0.000000
8,5,9,5.0600494e+29,0.000000
8,3,0,5.0047014e+29,0.000000
8,8,22,4.9914984e+29,0.000000
2,-1,55,4.9642591e+29,0.000000
2,1,-33,4.9299866e+29,0.000000
7,-2,20,4.9191382e+29,0.000000
6,6,52,4.9067813e+29,0.000000
8,8,24,4.8672512e+29,0.000000
8,4,9,4.8657687e+29,0.000000
4,1,38,4.8397232e+29,0.000000
3,-1,50,4.8279332e+29,0.000000
6,-1,3,4.8166348e+29,0.000000
5,-2,38,4.813444e+29,0.000000
7,2,10,4.7939253e+29,0.000000
6,5,48,4.791005e+29,0.000000
2,-2,-34,4.7846774e+29,0.000000
7,6,38,4.761287e+29,0.000000
10,10,17,4.7556263e+29,0.000000
7,7,38,4.7395838e+29,0.000000
10,10,18,4.7316582e+29,0.000000
5,1,30,4.7183508e+29,0.000000
10,-9,53,4.7154e+29,0.000000
4,-2,37,4.7117672e+29,0.000000
6,2,31,4.692393e+29,0.000000
8,6,23,4.677494e+29,0.000000
10,-8,51,4.6744233e+29,0.000000
4,-1,43,4.6732176e+29,0.000000
3,-1,-37,4.6603015e+29,0.000000
4,0,-37,4.6596262e+29,0.000000
4,0,37,4.6596262e+29,0.000000
8,7,21,4.6576189e+29,0.000000
9,-5,18,4.6519106e+29,0.000000
7,-1,9,4.6468303e+29,0.000000
3,1,-33,4.6437649e+29,0.000000
5,3,39,4.6216324e+29,0.000000
7,-1,12,4.5654493e+29,0.000000
10,-7,32,4.557926e+29,0.000000
8,-4,21,4.5550418e+29,0.000000
7,-4,39,4.5413445e+29,0.000000
7,7,41,4.5323128e+29,0.000000
6,-2,-13,4.5319391e+29,0.000000
8,5,10,4.5136096e+29,0.000000
8,2,0,4.5059483e+29,0.000000
7,-1,13,4.503723e+29,0.000000
8,-5,-3,4.46575e+29,0.000000
9,8,14,4.4596853e+29,0.000000
5,0,-28,4.4579181e+29,0.000000
5,0,28,4.4579181e+29,0.000000
8,-5,34,4.4567869e+29,0.000000
5,2,35,4.4528239e+29,0.000000
6,1,-10,4.4464817e+29,0.000000
3,2,49,4.4444404e+29,0.000000
6,-4,45,4.4383921e+29,0.000000
8,7,18,4.4141403e+29,0.000000
5,-1,-23,4.4107857e+29,0.000000
10,-9,54,4.3359794e+29,0.000000
6,1,-11,4.3027029e+29,0.000000
4,-2,-17,4.2847461e+29,0.000000
10,10,41,4.2794649e+29,0.000000
7,-5,52,4.2599257e+29,0.000000
9,-6,37,4.2584503e+29,0.000000
7,-1,11,4.2541492e+29,0.000000
8,6,24,4.2325463e+29,0.000000
4,-3,-20,4.2233043e+29,0.000000
7,1,17,4.2126034e+29,0.000000
3,-3,-30,4.195851e+29,0.000000
4,1,-28,4.1895967e+29,0.000000
2,2,54,4.1696267e+29,0.000000
8,-3,13,4.1696016e+29,0.000000
6,1,-9,4.1545181e+29,0.000000
4,3,52,4.1527145e+29,0.000000
7,-3,-2,4.1413378e+29,0.000000
7,-3,22,4.1342831e+29,0.000000
7,6,39,4.1314594e+29,0.000000
9,-5,-1,4.1274702e+29,0.000000
5,-5,-7,4.1238214e+29,0.000000
8,5,11,4.1233388e+29,0.000000
7,-1,14,4.0967759e+29,0.000000
5,-2,-14,4.0783993e+29,0.000000
7,5,33,4.0688067e+29,0.000000
5,4,52,4.0600667e+29,0.000000
8,8,53,4.0576239e+29,0.000000
9,-4,5,4.0359208e+29,0.000000
8,-2,6,4.0325685e+29,0.000000
7,7,40,3.9989732e+29,0.000000
6,3,34,3.992833e+29,0.000000
10,-9,55,3.9744479e+29,0.000000
3,1,43,3.962417e+29,0.000000
5,-3,49,3.9588746e+29,0.000000
10,10,23,3.922123e+29,0.000000
10,-6,17,3.9053252e+29,0.000000
7,-1,10,3.8964835e+29,0.000000
6,6,53,3.8772033e+29,0.000000
7,-2,21,3.8689056e+29,0.000000
9,-5,19,3.8644635e+29,0.000000
10,-8,52,3.8479628e+29,0.000000
6,1,-12,3.8474769e+29,0.000000
10,-7,33,3.8142816e+29,0.000000
2,0,-46,3.8119998e+29,0.000000
2,0,46,3.8119998e+29,0.000000
8,5,12,3.7959042e+29,0.000000
6,-3,34,3.7955051e+29,0.000000
8,6,25,3.7703172e+29,0.000000
3,0,-43,3.7559941e+29,0.000000
3,0,43,3.7559941e+29,0.000000
6,-4,46,3.7382509e+29,0.000000
8,2,7,3.7277235e+29,0.000000
6,5,49,3.7054324e+29,0.000000
6,-2,35,3.7011015e+29,0.000000
4,-4,-20,3.6967041e+29,0.000000
4,2,-21,3.6357564e+29,0.000000
5,2,-14,3.6357438e+29,0.000000
9,8,19,3.6350151e+29,0.000000
6,-1,6,3.6340771e+29,0.000000
8,2,8,3.6204484e+29,0.000000
4,1,39,3.5991955e+29,0.000000
9,9,17,3.5912891e+29,0.000000
6,-1,5,3.5902723e+29,0.000000
7,6,40,3.5735422e+29,0.000000
9,7,2,3.5568926e+29,0.000000
7,-4,40,3.5423096e+29,0.000000
3,3,-18,3.5297649e+29,0.000000
6,1,-8,3.5067692e+29,0.000000
10,9,14,3.5022776e+29,0.000000
8,5,13,3.4971061e+29,0.000000
6,3,-3,3.4899293e+29,0.000000
8,7,22,3.4857312e+29,0.000000
7,-1,15,3.483181e+29,0.000000
8,4,10,3.4808608e+29,0.000000
6,2,-14,3.4710912e+29,0.000000
6,-1,4,3.4442829e+29,0.000000
6,-1,7,3.4084897e+29,0.000000
2,-2,-35,3.3990031e+29,0.000000
10,10,53,3.3915036e+29,0.000000
9,-5,20,3.3847701e+29,0.000000
9,8,18,3.3626284e+29,0.000000
4,-1,44,3.337481e+29,0.000000
7,1,-8,3.3355417e+29,0.000000
5,-3,-10,3.323952e+29,0.000000
8,6,26,3.3158033e+29,0.000000
8,2,6,3.314893e+29,0.000000
7,7,42,3.3057694e+29,0.000000
8,-4,22,3.2715405e+29,0.000000
8,4,14,3.2549801e+29,0.000000
8,4,15,3.2363172e+29,0.000000
6,1,-13,3.2362932e+29,0.000000
5,-1,30,3.2361945e+29,0.000000
8,-2,7,3.2353953e+29,0.000000
2,-1,-41,3.2270314e+29,0.000000
8,5,14,3.206263e+29,0.000000
7,2,15,3.2004887e+29,0.000000
7,2,16,3.1872747e+29,0.000000
6,1,-7,3.1838665e+29,0.000000
9,6,10,3.1828576e+29,0.000000
10,-7,34,3.1792566e+29,0.000000
9,-6,-3,3.1758647e+29,0.000000
4,-1,-30,3.1748124e+29,0.000000
5,1,-26,3.1738854e+29,0.000000
10,-8,53,3.1557007e+29,0.000000
7,1,18,3.1426936e+29,0.000000
7,2,11,3.1389508e+29,0.000000
8,2,9,3.136978e+29,0.000000
8,4,13,3.1340074e+29,0.000000
8,8,0,3.1333936e+29,0.000000
8,2,3,3.1206222e+29,0.000000
10,7,8,3.1153664e+29,0.000000
6,-4,47,3.101374e+29,0.000000
6,2,32,3.0794492e+29,0.000000
6,4,31,3.0781971e+29,0.000000
5,3,40,3.0762531e+29,0.000000
9,-6,38,3.0739017e+29,0.000000
6,2,-2,3.0738098e+29,0.000000
6,6,54,3.0723526e+29,0.000000
7,4,21,3.0711108e+29,0.000000
5,0,-29,3.0680276e+29,0.000000
5,0,29,3.0680276e+29,0.000000
6,1,23,3.0632916e+29,0.000000
8,4,16,3.0602353e+29,0.000000
3,-1,51,3.05773e+29,0.000000
7,6,41,3.0520032e+29,0.000000
9,-5,21,3.0507413e+29,0.000000
7,2,14,3.0438226e+29,0.000000
7,2,17,3.0070147e+29,0.000000
6,-1,8,2.9928039e+29,0.000000
8,8,46,2.9819541e+29,0.000000
8,4,11,2.9813035e+29,0.000000
8,4,12,2.9730674e+29,0.000000
7,-2,22,2.9672359e+29,0.000000
5,4,53,2.9535488e+29,0.000000
7,7,43,2.9371982e+29,0.000000
4,0,-38,2.9199452e+29,0.000000
4,0,38,2.9199452e+29,0.000000
9,9,23,2.9089188e+29,0.000000
8,5,15,2.903777e+29,0.000000
7,5,34,2.902064e+29,0.000000
8,3,1,2.9017823e+29,0.000000
8,8,55,2.8843533e+29,0.000000
8,6,27,2.8827918e+29,0.000000
7,-5,53,2.8719272e+29,0.000000
6,5,50,2.8688464e+29,0.000000
6,3,35,2.8555533e+29,0.000000
2,2,55,2.835872e+29,0.000000
4,3,-12,2.8341059e+29,0.000000
7,-1,16,2.801669e+29,0.000000
7,2,13,2.7997632e+29,0.000000
8,-3,14,2.7924481e+29,0.000000
10,-6,18,2.7898056e+29,0.000000
4,3,53,2.7888596e+29,0.000000
6,-2,-14,2.785958e+29,0.000000
9,-5,22,2.7673687e+29,0.000000
8,4,17,2.757172e+29,0.000000
9,9,27,2.7386965e+29,0.000000
7,-4,41,2.735605e+29,0.000000
3,2,50,2.727107e+29,0.000000
3,1,44,2.7262132e+29,0.000000
7,2,18,2.7035174e+29,0.000000
2,1,-34,2.7027872e+29,0.000000
7,2,12,2.6915552e+29,0.000000
10,7,3,2.663434e+29,0.000000
5,-1,-24,2.6571389e+29,0.000000
4,1,40,2.6535115e+29,0.000000
8,7,19,2.6457247e+29,0.000000
5,-3,-11,2.6440942e+29,0.000000
10,-7,35,2.6370615e+29,0.000000
10,-7,1,2.6338905e+29,0.000000
7,-4,-3,2.6331486e+29,0.000000
6,-3,35,2.6296378e+29,0.000000
5,-2,39,2.6228619e+29,0.000000
7,7,44,2.6192724e+29,0.000000
7,6,42,2.6017336e+29,0.000000
5,2,36,2.595436e+29,0.000000
6,1,-14,2.5930269e+29,0.000000
8,5,16,2.5921444e+29,0.000000
10,-8,54,2.5787645e+29,0.000000
3,2,-18,2.5687751e+29,0.000000
4,2,40,2.5559179e+29,0.000000
7,3,21,2.5557782e+29,0.000000
6,-4,48,2.5455897e+29,0.000000
8,-2,8,2.5139285e+29,0.000000
8,-5,35,2.5084097e+29,0.000000
6,-1,9,2.4911743e+29,0.000000
9,-5,23,2.4875232e+29,0.000000
9,-3,2,2.4867032e+29,0.000000
8,2,5,2.4823143e+29,0.000000
7,2,-1,2.481257e+29,0.000000
8,2,10,2.477432e+29,0.000000
8,6,28,2.4757008e+29,0.000000
3,-1,-38,2.4744139e+29,0.000000
5,-3,-12,2.4677308e+29,0.000000
4,-2,38,2.4664236e+29,0.000000
10,9,0,2.4632556e+29,0.000000
3,1,-34,2.4628675e+29,0.000000
4,-3,-21,2.4554422e+29,0.000000
6,6,55,2.4327881e+29,0.000000
2,-2,-36,2.3954351e+29,0.000000
10,10,24,2.3863403e+29,0.000000
9,9,30,2.3847389e+29,0.000000
3,-2,-22,2.379373e+29,0.000000
8,4,18,2.3770685e+29,0.000000
4,1,-29,2.3752546e+29,0.000000
4,-1,45,2.3736797e+29,0.000000
9,6,8,2.3675368e+29,0.000000
5,-3,50,2.3672219e+29,0.000000
2,0,-47,2.355975e+29,0.000000
2,0,47,2.355975e+29,0.000000
10,-6,1,2.3473298e+29,0.000000
7,7,45,2.3450607e+29,0.000000
4,4,-11,2.3421779e+29,0.000000
6,0,-19,2.3355662e+29,0.000000
6,0,19,2.3355662e+29,0.000000
7,2,19,2.3316227e+29,0.000000
6,-2,36,2.320908e+29,0.000000
3,-3,-31,2.3197779e+29,0.000000
3,0,-44,2.3030276e+29,0.000000
3,0,44,2.3030276e+29,0.000000
8,-4,23,2.289831e+29,0.000000
2,1,39,2.2815649e+29,0.000000
8,5,17,2.2735931e+29,0.000000
7,1,19,2.2649066e+29,0.000000
2,2,-22,2.2400011e+29,0.000000
5,-2,-15,2.2300427e+29,0.000000
7,-2,23,2.2248814e+29,0.000000
7,7,46,2.2222008e+29,0.000000
6,5,51,2.2035469e+29,0.000000
7,6,43,2.2034923e+29,0.000000
9,-6,39,2.198166e+29,0.000000
9,-5,24,2.1957598e+29,0.000000
9,7,15,2.188003e+29,0.000000
10,-7,36,2.1752781e+29,0.000000
5,-3,-13,2.1651848e+29,0.000000
10,6,6,2.1614121e+29,0.000000
5,3,-4,2.1536115e+29,0.000000
7,-1,17,2.1518565e+29,0.000000
5,4,54,2.1472427e+29,0.000000
5,1,31,2.114579e+29,0.000000
10,10,28,2.1137423e+29,0.000000
6,-2,-5,2.1052428e+29,0.000000
8,6,29,2.1032893e+29,0.000000
10,-8,55,2.1002371e+29,0.000000
5,0,-30,2.0950471e+29,0.000000
5,0,30,2.0950471e+29,0.000000
7,-4,42,2.0941631e+29,0.000000
9,7,12,2.0882744e+29,0.000000
9,-3,6,2.0837408e+29,0.000000
6,-4,49,2.0737403e+29,0.000000
10,9,16,2.0640977e+29,0.000000
7,5,35,2.0604343e+29,0.000000
8,8,28,2.0590382e+29,0.000000
6,2,-15,2.0509027e+29,0.000000
5,3,41,2.0378689e+29,0.000000
6,3,36,2.0293743e+29,0.000000
6,2,33,2.0070712e+29,0.000000
4,-2,-18,2.0062218e+29,0.000000
6,1,-15,1.9965885e+29,0.000000
6,-1,10,1.9839451e+29,0.000000
9,8,16,1.9715569e+29,0.000000
10,-6,19,1.9707614e+29,0.000000
8,4,19,1.9699373e+29,0.000000
7,-3,23,1.969227e+29,0.000000
5,2,-15,1.9612975e+29,0.000000
3,-1,52,1.9605347e+29,0.000000
8,5,18,1.9567608e+29,0.000000
5,-4,-8,1.953901e+29,0.000000
4,1,41,1.9420926e+29,0.000000
7,2,20,1.9403633e+29,0.000000
7,-5,54,1.9372175e+29,0.000000
8,7,16,1.9271431e+29,0.000000
8,8,29,1.9213456e+29,0.000000
8,8,25,1.911952e+29,0.000000
5,3,-9,1.9106642e+29,0.000000
9,7,47,1.903134e+29,0.000000
10,8,13,1.8980838e+29,0.000000
10,9,24,1.8971809e+29,0.000000
9,-5,25,1.8950396e+29,0.000000
10,-4,5,1.8923184e+29,0.000000
5,-4,-7,1.890197e+29,0.000000
8,2,4,1.8843097e+29,0.000000
7,6,44,1.8730172e+29,0.000000
8,-2,9,1.8666919e+29,0.000000
4,3,54,1.8665036e+29,0.000000
5,1,-27,1.8642732e+29,0.000000
3,1,45,1.851444e+29,0.000000
10,10,33,1.8482018e+29,0.000000
9,8,30,1.8477645e+29,0.000000
9,8,21,1.8455726e+29,0.000000
8,3,-1,1.8412817e+29,0.000000
4,-4,-21,1.8346294e+29,0.000000
2,-1,-42,1.8242885e+29,0.000000
4,0,-39,1.8230632e+29,0.000000
4,0,39,1.8230632e+29,0.000000
9,-5,-2,1.8134723e+29,0.000000
6,-3,36,1.8119365e+29,0.000000
4,-1,-31,1.8106342e+29,0.000000
8,-3,15,1.8102514e+29,0.000000
8,2,11,1.8064562e+29,0.000000
10,9,21,1.8001097e+29,0.000000
3,3,-19,1.7851976e+29,0.000000
10,-7,37,1.7836654e+29,0.000000
8,6,30,1.76734e+29,0.000000
5,-3,-14,1.7497261e+29,0.000000
7,1,-9,1.7294233e+29,0.000000
7,7,48,1.7291831e+29,0.000000
10,10,29,1.7277611e+29,0.000000
10,10,35,1.7160854e+29,0.000000
9,5,-2,1.7142996e+29,0.000000
8,8,34,1.7024886e+29,0.000000
6,5,52,1.6954212e+29,0.000000
2,-2,-37,1.691219e+29,0.000000
7,4,22,1.6890769e+29,0.000000
3,2,51,1.686448e+29,0.000000
4,-1,46,1.6816036e+29,0.000000
6,-4,50,1.6797349e+29,0.000000
7,1,0,1.6780305e+29,0.000000
8,7,17,1.6762086e+29,0.000000
6,1,24,1.6751925e+29,0.000000
6,-2,-15,1.6713092e+29,0.000000
8,5,19,1.6514706e+29,0.000000
8,7,39,1.6504479e+29,0.000000
7,-2,24,1.6347806e+29,0.000000
5,-4,-9,1.6062889e+29,0.000000
5,2,-3,1.603424e+29,0.000000
4,2,-22,1.6018915e+29,0.000000
9,-5,26,1.5966597e+29,0.000000
5,-1,-25,1.5915039e+29,0.000000
7,-4,43,1.5908162e+29,0.000000
4,3,-13,1.5896293e+29,0.000000
7,-1,18,1.5894506e+29,0.000000
7,1,20,1.5847865e+29,0.000000
8,7,20,1.5819334e+29,0.000000
8,4,20,1.5755977e+29,0.000000
10,8,27,1.5709164e+29,0.000000
7,2,21,1.5658791e+29,0.000000
8,-4,24,1.5625321e+29,0.000000
5,4,55,1.559851e+29,0.000000
9,-6,40,1.5572109e+29,0.000000
6,4,32,1.5540112e+29,0.000000
8,5,-3,1.552903e+29,0.000000
10,10,22,1.52732e+29,0.000000
6,-1,11,1.5211881e+29,0.000000
10,10,30,1.5204352e+29,0.000000
9,7,14,1.4996268e+29,0.000000
2,0,-48,1.4932826e+29,0.000000
2,0,48,1.4932826e+29,0.000000
5,2,37,1.4923777e+29,0.000000
6,1,-16,1.4868977e+29,0.000000
5,-1,-1,1.4860863e+29,0.000000
2,1,-35,1.4849866e+29,0.000000
8,7,24,1.4768868e+29,0.000000
8,3,7,1.4752633e+29,0.000000
8,6,31,1.4708882e+29,0.000000
10,9,18,1.4645327e+29,0.000000
7,5,36,1.4569822e+29,0.000000
10,-7,38,1.4534134e+29,0.000000
6,-2,37,1.4476504e+29,0.000000
8,3,6,1.4470116e+29,0.000000
9,9,54,1.444824e+29,0.000000
5,-1,31,1.4350415e+29,0.000000
6,3,37,1.4339204e+29,0.000000
8,7,0,1.4327979e+29,0.000000
4,-3,-22,1.4291131e+29,0.000000
8,3,8,1.4269818e+29,0.000000
9,9,26,1.4213656e+29,0.000000
5,0,-31,1.4211926e+29,0.000000
5,0,31,1.4211926e+29,0.000000
7,6,46,1.420583e+29,0.000000
4,1,42,1.4126155e+29,0.000000
3,0,-45,1.4095401e+29,0.000000
3,0,45,1.4095401e+29,0.000000
5,-2,40,1.3967202e+29,0.000000
5,-3,51,1.3866363e+29,0.000000
8,-5,36,1.3682219e+29,0.000000
10,-6,20,1.3671728e+29,0.000000
8,5,20,1.366719e+29,0.000000
8,-4,-2,1.3666159e+29,0.000000
7,7,49,1.3562735e+29,0.000000
6,-4,51,1.3560811e+29,0.000000
7,-6,-7,1.3481567e+29,0.000000
5,3,42,1.343504e+29,0.000000
4,1,-30,1.3434981e+29,0.000000
9,5,-1,1.3394018e+29,0.000000
8,3,5,1.3374847e+29,0.000000
5,-5,-8,1.3373283e+29,0.000000
5,-3,-15,1.3233056e+29,0.000000
8,-2,10,1.320663e+29,0.000000
9,-4,7,1.3186373e+29,0.000000
9,-5,27,1.3134473e+29,0.000000
8,3,9,1.3115978e+29,0.000000
3,-1,-39,1.3098794e+29,0.000000
7,-5,55,1.3074538e+29,0.000000
3,1,-35,1.3040902e+29,0.000000
3,-1,53,1.3032318e+29,0.000000
6,5,53,1.3030689e+29,0.000000
6,2,34,1.299771e+29,0.000000
3,-3,-32,1.2884332e+29,0.000000
7,6,48,1.2599731e+29,0.000000
4,-2,39,1.2598145e+29,0.000000
4,3,55,1.2448292e+29,0.000000
6,-3,37,1.242357e+29,0.000000
3,1,46,1.2410172e+29,0.000000
8,8,26,1.2399396e+29,0.000000
4,2,41,1.2376528e+29,0.000000
7,2,22,1.2304429e+29,0.000000
8,2,12,1.2247204e+29,0.000000
8,4,21,1.2203202e+29,0.000000
8,6,32,1.2129469e+29,0.000000
2,-2,-38,1.2080102e+29,0.000000
10,9,25,1.2062484e+29,0.000000
7,-4,44,1.2003139e+29,0.000000
5,-2,-16,1.1944887e+29,0.000000
3,-2,-23,1.1924493e+29,0.000000
6,2,-16,1.1917962e+29,0.000000
9,9,48,1.1898607e+29,0.000000
7,6,47,1.1877419e+29,0.000000
4,-1,47,1.1867212e+29,0.000000
10,10,25,1.18388e+29,0.000000
7,-2,25,1.1795035e+29,0.000000
10,-7,39,1.1767082e+29,0.000000
7,3,22,1.1668175e+29,0.000000
7,-3,24,1.1658231e+29,0.000000
5,-4,-10,1.1619426e+29,0.000000
7,-1,-6,1.1598606e+29,0.000000
10,8,15,1.1545333e+29,0.000000
8,3,4,1.1470415e+29,0.000000
8,3,10,1.1458429e+29,0.000000
9,8,23,1.1455305e+29,0.000000
7,-1,-5,1.1433125e+29,0.000000
7,7,50,1.1428616e+29,0.000000
9,5,2,1.1375017e+29,0.000000
7,-1,19,1.1352807e+29,0.000000
4,0,-40,1.1338134e+29,0.000000
4,0,40,1.1338134e+29,0.000000
5,-4,-5,1.1323614e+29,0.000000
8,-3,16,1.130253e+29,0.000000
6,-1,12,1.1277791e+29,0.000000
9,5,0,1.1217237e+29,0.000000
5,-4,-6,1.1194467e+29,0.000000
10,-10,-8,1.117312e+29,0.000000
10,10,43,1.1127625e+29,0.000000
8,5,21,1.109257e+29,0.000000
9,6,5,1.1020452e+29,0.000000
9,-6,41,1.0927523e+29,0.000000
5,1,-28,1.0907223e+29,0.000000
6,-4,52,1.0907222e+29,0.000000
7,1,21,1.080847e+29,0.000000
6,1,-17,1.0762265e+29,0.000000
8,3,2,1.0707356e+29,0.000000
3,2,52,1.0595189e+29,0.000000
9,-5,28,1.05591e+29,0.000000
9,5,1,1.0552397e+29,0.000000
5,2,-16,1.0403242e+29,0.000000
8,-4,25,1.039872e+29,0.000000
2,-1,-43,1.0365233e+29,0.000000
4,-1,-32,1.0295663e+29,0.000000
7,5,37,1.0268061e+29,0.000000
4,1,43,1.0219848e+29,0.000000
9,-3,7,1.0169593e+29,0.000000
10,-6,0,1.0167013e+29,0.000000
10,10,31,1.0159141e+29,0.000000
3,2,-19,1.0146862e+29,0.000000
4,4,-12,1.0134235e+29,0.000000
6,3,38,1.0078222e+29,0.000000
8,7,23,1.004914e+29,0.000000
6,5,54,1.0006256e+29,0.000000
9,-4,4,9.9840199e+28,0.000000
8,6,33,9.9175004e+28,0.000000
10,7,11,9.8281002e+28,0.000000
6,-2,-16,9.8225335e+28,0.000000
9,6,3,9.7877503e+28,0.000000
2,0,-49,9.7393105e+28,0.000000
2,0,49,9.7393105e+28,0.000000
7,7,51,9.7216749e+28,0.000000
9,5,3,9.6840942e+28,0.000000
9,6,4,9.6394704e+28,0.000000
5,0,-32,9.5865757e+28,0.000000
5,0,32,9.5865757e+28,0.000000
5,-3,-16,9.5201981e+28,0.000000
8,3,11,9.5172195e+28,0.000000
7,-3,25,9.4992676e+28,0.000000
5,-1,-26,9.4859478e+28,0.000000
10,-7,40,9.464973e+28,0.000000
7,2,23,9.4460741e+28,0.000000
7,-3,27,9.384755e+28,0.000000
6,0,-20,9.381493e+28,0.000000
6,0,20,9.381493e+28,0.000000
7,-3,26,9.3164559e+28,0.000000
8,3,3,9.3124511e+28,0.000000
4,-2,-19,9.3055478e+28,0.000000
3,-1,54,9.2713447e+28,0.000000
10,-6,21,9.2672672e+28,0.000000
8,4,22,9.1768632e+28,0.000000
4,-4,-22,9.1471647e+28,0.000000
9,7,0,9.1160639e+28,0.000000
7,-3,28,9.1096063e+28,0.000000
3,3,-20,9.0891342e+28,0.000000
7,7,53,9.0657951e+28,0.000000
10,10,36,9.0229409e+28,0.000000
7,-4,45,9.0034706e+28,0.000000
4,3,-14,8.9931508e+28,0.000000
6,-2,38,8.9804146e+28,0.000000
5,3,-10,8.979199e+28,0.000000
9,6,9,8.9673165e+28,0.000000
7,4,23,8.9502458e+28,0.000000
5,1,32,8.9460983e+28,0.000000
8,-2,11,8.8935355e+28,0.000000
6,1,25,8.8903981e+28,0.000000
8,5,22,8.8318487e+28,0.000000
5,3,43,8.8125005e+28,0.000000
2,-2,-39,8.8094018e+28,0.000000
6,-4,53,8.7445437e+28,0.000000
3,0,-46,8.6157596e+28,0.000000
3,0,46,8.6157596e+28,0.000000
7,-1,-7,8.5304868e+28,0.000000
6,-3,38,8.4803539e+28,0.000000
8,8,50,8.4617229e+28,0.000000
5,2,38,8.4456944e+28,0.000000
7,-3,29,8.4187199e+28,0.000000
7,-2,26,8.3714822e+28,0.000000
6,2,35,8.3662239e+28,0.000000
4,-1,48,8.3416977e+28,0.000000
4,-3,-23,8.3289908e+28,0.000000
9,-5,29,8.3065795e+28,0.000000
7,7,52,8.3056774e+28,0.000000
10,10,26,8.2873701e+28,0.000000
3,1,47,8.2093936e+28,0.000000
7,1,-10,8.1902279e+28,0.000000
2,1,-36,8.1762298e+28,0.000000
2,2,-23,8.111368e+28,0.000000
6,-1,13,8.1084341e+28,0.000000
8,6,34,8.0445233e+28,0.000000
10,8,14,8.0365695e+28,0.000000
8,-7,-7,7.9305487e+28,0.000000
8,-1,2,7.9253856e+28,0.000000
5,-3,52,7.9235592e+28,0.000000
3,-2,-24,7.890738e+28,0.000000
7,-1,20,7.8753791e+28,0.000000
10,-4,6,7.8538484e+28,0.000000
9,5,4,7.7818528e+28,0.000000
5,-4,-11,7.7679487e+28,0.000000
8,2,13,7.7412543e+28,0.000000
6,5,55,7.6789892e+28,0.000000
8,8,42,7.6541281e+28,0.000000
8,8,-3,7.6450252e+28,0.000000
6,1,-18,7.600485e+28,0.000000
9,-6,42,7.5952679e+28,0.000000
4,1,-31,7.5798023e+28,0.000000
10,-7,41,7.5637637e+28,0.000000
6,4,33,7.5330713e+28,0.000000
8,3,12,7.5184867e+28,0.000000
7,-3,30,7.434929e+28,0.000000
8,8,-1,7.3738523e+28,0.000000
4,1,44,7.3586337e+28,0.000000
8,-5,37,7.2839343e+28,0.000000
3,-1,55,7.2568377e+28,0.000000
6,-4,-8,7.2334492e+28,0.000000
5,-2,41,7.2259218e+28,0.000000
7,5,38,7.2135866e+28,0.000000
8,7,32,7.213563e+28,0.000000
7,1,22,7.2072785e+28,0.000000
6,-4,-9,7.1991781e+28,0.000000
3,-3,-33,7.1878254e+28,0.000000
7,2,24,7.1043515e+28,0.000000
9,-9,-8,7.079803e+28,0.000000
8,-2,0,7.0505708e+28,0.000000
6,3,39,7.048931e+28,0.000000
4,0,-41,7.0224361e+28,0.000000
4,0,41,7.0224361e+28,0.000000
6,-4,54,6.986226e+28,0.000000
9,9,28,6.959775e+28,0.000000
3,-1,-40,6.9146113e+28,0.000000
4,2,-23,6.9048985e+28,0.000000
8,5,23,6.9000723e+28,0.000000
3,1,-36,6.8909156e+28,0.000000
8,7,1,6.8635716e+28,0.000000
3,2,53,6.8366682e+28,0.000000
8,8,-4,6.8258421e+28,0.000000
6,2,-17,6.81861e+28,0.000000
7,-7,-8,6.8154733e+28,0.000000
8,-3,17,6.7743574e+28,0.000000
9,8,22,6.7675622e+28,0.000000
8,-4,26,6.7504029e+28,0.000000
7,-4,46,6.7190996e+28,0.000000
8,4,23,6.7141028e+28,0.000000
9,8,24,6.684078e+28,0.000000
10,9,2,6.6511086e+28,0.000000
8,7,25,6.6394494e+28,0.000000
2,-2,-40,6.6051949e+28,0.000000
5,-3,-17,6.5960005e+28,0.000000
8,7,-2,6.58619e+28,0.000000
2,0,-50,6.5417372e+28,0.000000
2,0,50,6.5417372e+28,0.000000
9,6,2,6.5236682e+28,0.000000
9,7,-3,6.4779408e+28,0.000000
8,6,35,6.4777392e+28,0.000000
5,0,-33,6.4354146e+28,0.000000
5,0,33,6.4354146e+28,0.000000
8,7,-3,6.4218066e+28,0.000000
9,5,5,6.4150945e+28,0.000000
9,9,39,6.4056861e+28,0.000000
9,-5,30,6.4034305e+28,0.000000
10,10,46,6.362113e+28,0.000000
5,1,-29,6.3590299e+28,0.000000
7,-3,31,6.317916e+28,0.000000
5,3,-11,6.3026388e+28,0.000000
9,-4,8,6.2698081e+28,0.000000
5,-2,-17,6.2687798e+28,0.000000
9,8,53,6.2517021e+28,0.000000
4,-2,40,6.2359809e+28,0.000000
3,-2,-25,6.2203461e+28,0.000000
8,8,39,6.2082493e+28,0.000000
8,8,32,6.1287335e+28,0.000000
8,8,-2,6.127517e+28,0.000000
10,-6,22,6.1225683e+28,0.000000
7,7,54,6.0455482e+28,0.000000
5,-1,32,6.00678e+28,0.000000
10,-7,42,6.0054178e+28,0.000000
2,-1,-44,5.9277458e+28,0.000000
7,-2,27,5.8538189e+28,0.000000
9,-3,8,5.8532906e+28,0.000000
4,-1,49,5.8389202e+28,0.000000
4,-1,-33,5.8336464e+28,0.000000
8,-3,-1,5.8036154e+28,0.000000
9,7,-2,5.7736631e+28,0.000000
6,-3,39,5.7653844e+28,0.000000
5,3,44,5.748275e+28,0.000000
6,6,-6,5.7462773e+28,0.000000
8,7,28,5.7421031e+28,0.000000
7,6,51,5.7230983e+28,0.000000
9,9,29,5.718477e+28,0.000000
2,1,40,5.7017915e+28,0.000000
4,2,42,5.7005491e+28,0.000000
8,-2,12,5.6919969e+28,0.000000
6,-2,-17,5.6719877e+28,0.000000
6,-1,14,5.6653218e+28,0.000000
8,3,13,5.6507079e+28,0.000000
9,7,18,5.6501361e+28,0.000000
5,-1,-27,5.6302609e+28,0.000000
6,-4,-10,5.6233572e+28,0.000000
6,-4,55,5.5590076e+28,0.000000
6,-2,39,5.5387928e+28,0.000000
9,5,6,5.5140793e+28,0.000000
7,3,23,5.4799144e+28,0.000000
5,2,-17,5.4172201e+28,0.000000
3,1,48,5.3603927e+28,0.000000
6,2,36,5.3534737e+28,0.000000
7,-1,21,5.3244587e+28,0.000000
8,5,24,5.2908075e+28,0.000000
8,8,31,5.2821172e+28,0.000000
7,-1,-8,5.278764e+28,0.000000
4,1,45,5.2754936e+28,0.000000
3,0,-47,5.2656502e+28,0.000000
3,0,47,5.2656502e+28,0.000000
6,1,-19,5.2539757e+28,0.000000
7,2,25,5.2464255e+28,0.000000
9,-6,43,5.2283527e+28,0.000000
7,-3,32,5.1996801e+28,0.000000
8,6,36,5.1802126e+28,0.000000
3,-2,-26,5.1367273e+28,0.000000
8,7,26,5.1273761e+28,0.000000
4,3,-15,5.1172791e+28,0.000000
2,-2,-41,5.1108057e+28,0.000000
7,-1,0,5.0793247e+28,0.000000
9,-4,3,5.0778808e+28,0.000000
10,-6,-1,5.0668667e+28,0.000000
7,5,39,5.0538179e+28,0.000000
10,10,34,5.0188772e+28,0.000000
10,-7,-1,4.9977489e+28,0.000000
7,-4,47,4.9925405e+28,0.000000
7,7,55,4.9769249e+28,0.000000
8,6,45,4.9408466e+28,0.000000
5,3,-12,4.9339801e+28,0.000000
5,-4,-12,4.9297962e+28,0.000000
6,3,40,4.908042e+28,0.000000
9,5,7,4.8902014e+28,0.000000
4,-3,-24,4.8618966e+28,0.000000
9,-5,31,4.8438869e+28,0.000000
6,-6,-8,4.8405518e+28,0.000000
9,7,21,4.8151977e+28,0.000000
8,4,24,4.7861485e+28,0.000000
7,4,24,4.7588497e+28,0.000000
9,9,32,4.7551467e+28,0.000000
10,-7,43,4.7377197e+28,0.000000
7,1,23,4.7102815e+28,0.000000
9,3,0,4.7015951e+28,0.000000
8,7,30,4.6978308e+28,0.000000
5,2,39,4.6894658e+28,0.000000
3,3,-21,4.6534088e+28,0.000000
10,-5,6,4.6499846e+28,0.000000
2,1,45,4.6452023e+28,0.000000
10,8,19,4.6232038e+28,0.000000
8,7,27,4.6183137e+28,0.000000
7,-5,-5,4.6055003e+28,0.000000
3,2,54,4.5881622e+28,0.000000
4,-4,-23,4.5807594e+28,0.000000
10,8,18,4.5657706e+28,0.000000
6,1,26,4.5636347e+28,0.000000
8,2,14,4.558433e+28,0.000000
4,4,-13,4.5245911e+28,0.000000
2,1,46,4.5231819e+28,0.000000
2,0,-51,4.5151513e+28,0.000000
2,0,51,4.5151513e+28,0.000000
2,1,-37,4.511361e+28,0.000000
8,8,38,4.4870159e+28,0.000000
9,5,8,4.4662097e+28,0.000000
9,8,46,4.4639813e+28,0.000000
9,9,31,4.4576643e+28,0.000000
9,8,55,4.4529136e+28,0.000000
5,-3,-18,4.4407082e+28,0.000000
9,-3,0,4.4172253e+28,0.000000
5,-3,53,4.4029197e+28,0.000000
7,-1,-4,4.3608701e+28,0.000000
8,8,33,4.3344461e+28,0.000000
4,0,-42,4.3306318e+28,0.000000
4,0,42,4.3306318e+28,0.000000
9,7,1,4.326181e+28,0.000000
7,7,-6,4.3251299e+28,0.000000
10,-4,4,4.3140916e+28,0.000000
5,0,-34,4.30208e+28,0.000000
5,0,34,4.30208e+28,0.000000
9,9,45,4.2809892e+28,0.000000
7,0,-6,4.2777259e+28,0.000000
7,0,6,4.2777259e+28,0.000000
8,-4,27,4.2739864e+28,0.000000
4,-2,-20,4.2690811e+28,0.000000
4,1,-32,4.2639563e+28,0.000000
2,1,44,4.2638458e+28,0.000000
8,7,33,4.2450788e+28,0.000000
9,9,44,4.2442888e+28,0.000000
10,-5,7,4.2102584e+28,0.000000
3,-2,-27,4.1807784e+28,0.000000
8,7,29,4.1707623e+28,0.000000
7,-3,33,4.1674115e+28,0.000000
10,-6,-2,4.1578629e+28,0.000000
8,6,37,4.117092e+28,0.000000
8,8,-5,4.1010968e+28,0.000000
10,9,17,4.0947585e+28,0.000000
7,0,-7,4.0805114e+28,0.000000
7,0,7,4.0805114e+28,0.000000
2,-2,-42,4.0799002e+28,0.000000
2,1,47,4.0759137e+28,0.000000
7,6,52,4.0758184e+28,0.000000
4,-1,50,4.0682941e+28,0.000000
8,3,14,4.0398022e+28,0.000000
7,-2,28,4.0381485e+28,0.000000
3,-3,-34,4.0272075e+28,0.000000
9,7,16,4.0111482e+28,0.000000
8,5,25,3.9818313e+28,0.000000
9,-3,9,3.9531355e+28,0.000000
10,-6,23,3.9502651e+28,0.000000
7,-1,-3,3.9419843e+28,0.000000
6,-4,-11,3.9110784e+28,0.000000
6,-3,40,3.9052496e+28,0.000000
8,-3,18,3.9012067e+28,0.000000
3,2,-20,3.8983028e+28,0.000000
8,-5,38,3.8813174e+28,0.000000
8,8,45,3.8696128e+28,0.000000
9,-4,2,3.8635692e+28,0.000000
6,-1,15,3.8524552e+28,0.000000
9,5,9,3.8441717e+28,0.000000
6,2,-18,3.8438871e+28,0.000000
9,9,38,3.8270998e+28,0.000000
8,7,31,3.8218769e+28,0.000000
8,7,34,3.8212418e+28,0.000000
7,2,26,3.8113302e+28,0.000000
7,-2,-1,3.8058678e+28,0.000000
9,7,19,3.7990468e+28,0.000000
5,3,-13,3.7963025e+28,0.000000
4,1,46,3.7665641e+28,0.000000
9,-4,9,3.7530774e+28,0.000000
9,7,22,3.744807e+28,0.000000
8,8,35,3.7286784e+28,0.000000
5,3,45,3.7256908e+28,0.000000
10,-7,44,3.7141673e+28,0.000000
7,-4,48,3.6961318e+28,0.000000
5,1,-30,3.6953241e+28,0.000000
7,0,-5,3.6934518e+28,0.000000
7,0,5,3.6934518e+28,0.000000
8,7,-1,3.6909749e+28,0.000000
9,9,41,3.6592334e+28,0.000000
3,-1,-41,3.6418788e+28,0.000000
3,1,-37,3.6322673e+28,0.000000
8,7,41,3.6289325e+28,0.000000
10,9,23,3.6052669e+28,0.000000
5,-2,42,3.6028659e+28,0.000000
9,-5,32,3.6000868e+28,0.000000
7,0,-2,3.5819439e+28,0.000000
7,0,2,3.5819439e+28,0.000000
6,1,-20,3.5647748e+28,0.000000
9,-6,44,3.5640405e+28,0.000000
6,0,-21,3.5355155e+28,0.000000
6,0,21,3.5355155e+28,0.000000
7,5,40,3.5339347e+28,0.000000
7,1,-11,3.5309134e+28,0.000000
8,8,41,3.5281689e+28,0.000000
5,-5,-9,3.5262671e+28,0.000000
5,1,33,3.5220091e+28,0.000000
7,-1,22,3.5185031e+28,0.000000
6,-1,0,3.4930174e+28,0.000000
8,-1,3,3.4927133e+28,0.000000
9,-6,-4,3.4916752e+28,0.000000
6,4,34,3.4849235e+28,0.000000
9,7,17,3.4726673e+28,0.000000
10,9,27,3.4686555e+28,0.000000
2,1,48,3.4680044e+28,0.000000
9,9,42,3.4630647e+28,0.000000
7,0,-8,3.4595289e+28,0.000000
7,0,8,3.4595289e+28,0.000000
9,7,-1,3.4593932e+28,0.000000
3,1,49,3.4588684e+28,0.000000
8,-2,13,3.4525251e+28,0.000000
6,-4,-7,3.4523559e+28,0.000000
8,8,36,3.4203187e+28,0.000000
2,-1,-45,3.4191158e+28,0.000000
6,2,37,3.4056893e+28,0.000000
6,3,41,3.4031808e+28,0.000000
6,-2,40,3.3944976e+28,0.000000
2,-2,-43,3.3478716e+28,0.000000
5,-1,-28,3.3294043e+28,0.000000
8,4,25,3.3272763e+28,0.000000
3,-2,-28,3.2983237e+28,0.000000
4,-1,-34,3.2913283e+28,0.000000
2,1,43,3.2911566e+28,0.000000
7,-3,34,3.2671783e+28,0.000000
7,6,53,3.2630134e+28,0.000000
8,6,38,3.2526358e+28,0.000000
3,2,55,3.2381691e+28,0.000000
9,5,10,3.2362173e+28,0.000000
6,-2,-18,3.2251592e+28,0.000000
3,0,-48,3.2245421e+28,0.000000
3,0,48,3.2245421e+28,0.000000
5,-2,-18,3.2221626e+28,0.000000
7,3,24,3.199439e+28,0.000000
2,0,-52,3.186384e+28,0.000000
2,0,52,3.186384e+28,0.000000
8,8,37,3.1852018e+28,0.000000
8,7,35,3.1508275e+28,0.000000
8,4,-3,3.1454797e+28,0.000000
9,-6,-6,3.1323599e+28,0.000000
10,8,16,3.102552e+28,0.000000
9,-3,10,3.0946093e+28,0.000000
10,7,10,3.0870235e+28,0.000000
10,9,30,3.0593797e+28,0.000000
8,7,-4,3.0398753e+28,0.000000
9,7,-4,3.0354053e+28,0.000000
7,1,24,3.0228294e+28,0.000000
5,-4,-13,3.0176447e+28,0.000000
5,-2,-3,2.9801015e+28,0.000000
7,3,28,2.9748575e+28,0.000000
4,-2,41,2.9650183e+28,0.000000
8,7,36,2.9519798e+28,0.000000
6,5,-5,2.9489153e+28,0.000000
9,8,0,2.9445459e+28,0.000000
8,5,26,2.9409498e+28,0.000000
5,-3,-19,2.9242247e+28,0.000000
7,3,27,2.9233107e+28,0.000000
9,9,34,2.9230215e+28,0.000000
4,3,-16,2.921943e+28,0.000000
8,6,49,2.9012207e+28,0.000000
4,2,-24,2.8960055e+28,0.000000
10,-7,45,2.893826e+28,0.000000
7,-1,-9,2.8917115e+28,0.000000
8,8,40,2.8750827e+28,0.000000
7,3,29,2.8692529e+28,0.000000
5,0,-35,2.8654939e+28,0.000000
5,0,35,2.8654939e+28,0.000000
4,-3,-25,2.8429986e+28,0.000000
2,2,-24,2.8420786e+28,0.000000
4,-1,51,2.8201024e+28,0.000000
2,1,49,2.8200354e+28,0.000000
7,4,25,2.8151083e+28,0.000000
2,-2,-44,2.8078902e+28,0.000000
5,3,-14,2.8029102e+28,0.000000
8,7,37,2.7827989e+28,0.000000
5,2,-18,2.7643922e+28,0.000000
7,3,26,2.7537649e+28,0.000000
7,-2,29,2.7511508e+28,0.000000
9,8,28,2.7458731e+28,0.000000
8,3,15,2.745145e+28,0.000000
9,7,20,2.7282869e+28,0.000000
7,-4,49,2.7282266e+28,0.000000
7,2,27,2.7278985e+28,0.000000
7,0,-9,2.6991105e+28,0.000000
7,0,9,2.6991105e+28,0.000000
4,1,47,2.6783953e+28,0.000000
9,-3,11,2.6753027e+28,0.000000
7,3,25,2.6686295e+28,0.000000
9,9,35,2.661061e+28,0.000000
4,0,-43,2.6589128e+28,0.000000
4,0,43,2.6589128e+28,0.000000
9,-3,1,2.64815e+28,0.000000
8,-4,28,2.6381159e+28,0.000000
6,-3,41,2.6364064e+28,0.000000
7,3,30,2.6363605e+28,0.000000
7,6,54,2.6345238e+28,0.000000
9,-5,33,2.6317879e+28,0.000000
8,7,38,2.6215349e+28,0.000000
9,5,11,2.6027587e+28,0.000000
9,6,11,2.5893602e+28,0.000000
9,8,29,2.5699319e+28,0.000000
8,6,39,2.5561886e+28,0.000000
6,-1,16,2.5524544e+28,0.000000
6,-4,-12,2.5456068e+28,0.000000
5,2,40,2.5439192e+28,0.000000
9,-4,10,2.5214513e+28,0.000000
3,-2,-29,2.5213466e+28,0.000000
9,9,36,2.516042e+28,0.000000
10,-6,24,2.5147758e+28,0.000000
7,-3,35,2.5145046e+28,0.000000
2,1,-38,2.494771e+28,0.000000
8,2,15,2.4916535e+28,0.000000
4,2,43,2.4888894e+28,0.000000
7,5,41,2.4672913e+28,0.000000
10,-4,7,2.456497e+28,0.000000
9,8,25,2.449101e+28,0.000000
8,-1,1,2.4245782e+28,0.000000
9,-3,12,2.4096896e+28,0.000000
9,-6,45,2.4057369e+28,0.000000
7,4,30,2.4023755e+28,0.000000
7,4,31,2.3983899e+28,0.000000
5,3,46,2.3966592e+28,0.000000
3,3,-22,2.3940361e+28,0.000000
2,-2,-45,2.3921536e+28,0.000000
4,1,-33,2.3904142e+28,0.000000
5,-3,54,2.3839628e+28,0.000000
6,1,-21,2.379605e+28,0.000000
5,-5,-10,2.3753803e+28,0.000000
10,-7,-6,2.3669261e+28,0.000000
6,3,42,2.3506044e+28,0.000000
9,8,34,2.3483719e+28,0.000000
5,-1,33,2.3391183e+28,0.000000
7,3,31,2.3257681e+28,0.000000
9,6,-2,2.3206826e+28,0.000000
9,3,3,2.3133578e+28,0.000000
7,4,29,2.310312e+28,0.000000
7,4,32,2.3037933e+28,0.000000
4,-4,-24,2.3034885e+28,0.000000
8,8,43,2.2883125e+28,0.000000
2,0,-53,2.2834667e+28,0.000000
2,0,53,2.2834667e+28,0.000000
7,-1,23,2.2778827e+28,0.000000
3,-3,-35,2.2660482e+28,0.000000
8,8,47,2.258899e+28,0.000000
8,7,40,2.25829e+28,0.000000
6,1,27,2.2582399e+28,0.000000
8,4,26,2.256726e+28,0.000000
10,10,37,2.2464083e+28,0.000000
10,-7,46,2.2410981e+28,0.000000
9,6,0,2.2351203e+28,0.000000
3,1,50,2.2128138e+28,0.000000
7,6,-5,2.2104864e+28,0.000000
2,1,50,2.2078998e+28,0.000000
8,-5,39,2.1994508e+28,0.000000
8,8,44,2.1955441e+28,0.000000
8,-3,19,2.1840391e+28,0.000000
9,-3,13,2.1692757e+28,0.000000
6,2,38,2.1537011e+28,0.000000
7,4,28,2.1510391e+28,0.000000
9,7,24,2.1484928e+28,0.000000
7,0,-4,2.1484221e+28,0.000000
7,0,4,2.1484221e+28,0.000000
5,1,-31,2.1406319e+28,0.000000
7,4,33,2.1392686e+28,0.000000
6,2,-19,2.1365196e+28,0.000000
8,5,27,2.131067e+28,0.000000
9,3,4,2.1306559e+28,0.000000
7,6,55,2.1267586e+28,0.000000
10,8,21,2.1154605e+28,0.000000
7,4,26,2.1136483e+28,0.000000
9,9,50,2.11137e+28,0.000000
10,8,0,2.1063806e+28,0.000000
4,4,-14,2.0699064e+28,0.000000
6,-2,41,2.0654138e+28,0.000000
2,-2,-46,2.0585899e+28,0.000000
7,4,27,2.0216075e+28,0.000000
7,-4,50,2.0069577e+28,0.000000
8,6,40,2.0018758e+28,0.000000
2,1,42,1.9966473e+28,0.000000
2,-1,-46,1.9951745e+28,0.000000
5,3,-15,1.9903179e+28,0.000000
10,9,54,1.9856959e+28,0.000000
3,0,-49,1.9853828e+28,0.000000
3,0,49,1.9853828e+28,0.000000
7,3,32,1.9839443e+28,0.000000
9,5,12,1.982491e+28,0.000000
8,-2,14,1.9760876e+28,0.000000
7,0,-10,1.9726894e+28,0.000000
7,0,10,1.9726894e+28,0.000000
5,-1,-29,1.9621786e+28,0.000000
8,7,42,1.9577005e+28,0.000000
4,-1,52,1.9436126e+28,0.000000
9,7,23,1.9409904e+28,0.000000
10,-5,5,1.9331437e+28,0.000000
4,-2,-21,1.933008e+28,0.000000
7,4,34,1.9295772e+28,0.000000
7,2,28,1.9260354e+28,0.000000
3,-1,-42,1.9159744e+28,0.000000
3,1,-38,1.9093533e+28,0.000000
9,-3,14,1.9088412e+28,0.000000
7,1,25,1.9076363e+28,0.000000
7,-3,36,1.9053312e+28,0.000000
5,0,-36,1.9024755e+28,0.000000
5,0,36,1.9024755e+28,0.000000
4,1,48,1.8967633e+28,0.000000
9,-5,34,1.8941775e+28,0.000000
5,-3,-20,1.8927029e+28,0.000000
9,9,37,1.8849009e+28,0.000000
3,-2,-30,1.8751535e+28,0.000000
6,-4,-6,1.8711105e+28,0.000000
5,-3,-4,1.8591105e+28,0.000000
7,-2,30,1.8528393e+28,0.000000
4,-1,-35,1.8473803e+28,0.000000
10,6,7,1.8373032e+28,0.000000
9,6,1,1.8280208e+28,0.000000
9,-4,11,1.8236454e+28,0.000000
6,-2,-19,1.808833e+28,0.000000
5,-4,-14,1.7997778e+28,0.000000
6,1,-2,1.794602e+28,0.000000
9,-9,-9,1.7942998e+28,0.000000
10,9,26,1.7849837e+28,0.000000
8,-1,4,1.7849303e+28,0.000000
2,-2,-47,1.7814502e+28,0.000000
6,-3,42,1.7743208e+28,0.000000
9,6,12,1.7721099e+28,0.000000
8,3,16,1.7705889e+28,0.000000
9,3,2,1.7633987e+28,0.000000
8,7,43,1.7439537e+28,0.000000
9,9,40,1.7430554e+28,0.000000
10,-7,47,1.7254013e+28,0.000000
7,5,42,1.7204135e+28,0.000000
5,-2,43,1.713385e+28,0.000000
8,8,51,1.7103392e+28,0.000000
9,5,-3,1.7074777e+28,0.000000
9,6,13,1.7038273e+28,0.000000
9,-4,1,1.6995646e+28,0.000000
7,4,35,1.6976369e+28,0.000000
2,1,51,1.6720993e+28,0.000000
4,3,-17,1.6711827e+28,0.000000
4,-3,-26,1.665518e+28,0.000000
8,6,50,1.6585249e+28,0.000000
9,3,5,1.6542674e+28,0.000000
6,-1,17,1.6491051e+28,0.000000
2,0,-54,1.6490841e+28,0.000000
2,0,54,1.6490841e+28,0.000000
7,3,33,1.6459082e+28,0.000000
4,0,-44,1.6257872e+28,0.000000
4,0,44,1.6257872e+28,0.000000
9,-3,15,1.625553e+28,0.000000
2,1,41,1.62131e+28,0.000000
5,-2,-19,1.6203911e+28,0.000000
8,8,49,1.6199938e+28,0.000000
10,-6,25,1.6185661e+28,0.000000
6,3,43,1.6176881e+28,0.000000
8,7,46,1.6172234e+28,0.000000
10,9,48,1.6161628e+28,0.000000
8,8,48,1.6132016e+28,0.000000
9,4,-1,1.6119478e+28,0.000000
9,-6,46,1.6080217e+28,0.000000
10,10,38,1.596807e+28,0.000000
8,7,44,1.5930219e+28,0.000000
9,6,14,1.5895218e+28,0.000000
6,-4,-13,1.5886474e+28,0.000000
8,-4,29,1.58614e+28,0.000000
9,7,25,1.5798724e+28,0.000000
6,1,-22,1.5660613e+28,0.000000
10,10,3,1.5599648e+28,0.000000
8,6,41,1.5564125e+28,0.000000
2,-2,-48,1.5451504e+28,0.000000
6,4,35,1.5360688e+28,0.000000
9,9,47,1.5315145e+28,0.000000
5,3,47,1.5277532e+28,0.000000
5,4,-5,1.5158153e+28,0.000000
8,5,28,1.514167e+28,0.000000
9,8,26,1.4972211e+28,0.000000
3,2,-21,1.4966422e+28,0.000000
8,4,27,1.4932348e+28,0.000000
8,7,45,1.4893965e+28,0.000000
7,-4,51,1.4769709e+28,0.000000
7,4,36,1.462458e+28,0.000000
8,-5,40,1.4533276e+28,0.000000
7,-1,24,1.4474834e+28,0.000000
9,7,26,1.4298418e+28,0.000000
9,5,13,1.4283443e+28,0.000000
7,-3,37,1.4248405e+28,0.000000
7,-1,-10,1.424761e+28,0.000000
3,1,51,1.4139934e+28,0.000000
9,-4,12,1.3888259e+28,0.000000
10,8,30,1.3844637e+28,0.000000
2,1,-39,1.3829942e+28,0.000000
5,2,-19,1.3795939e+28,0.000000
7,1,-12,1.3785144e+28,0.000000
6,-5,-6,1.3760838e+28,0.000000
5,3,-16,1.3678587e+28,0.000000
7,0,-11,1.3635713e+28,0.000000
7,0,11,1.3635713e+28,0.000000
3,-2,-31,1.3630195e+28,0.000000
10,7,2,1.3610347e+28,0.000000
6,2,39,1.3534408e+28,0.000000
8,7,48,1.3487944e+28,0.000000
6,0,-22,1.3472941e+28,0.000000
6,0,22,1.3472941e+28,0.000000
9,-5,35,1.3432833e+28,0.000000
7,2,29,1.3428635e+28,0.000000
4,-2,42,1.3409918e+28,0.000000
5,2,41,1.3405273e+28,0.000000
2,-2,-49,1.340245e+28,0.000000
9,7,27,1.3397711e+28,0.000000
4,1,49,1.3373872e+28,0.000000
9,-3,16,1.3346736e+28,0.000000
4,1,-34,1.334557e+28,0.000000
7,3,34,1.3341233e+28,0.000000
9,7,28,1.3320596e+28,0.000000
4,-1,53,1.330846e+28,0.000000
10,-7,48,1.3207726e+28,0.000000
9,6,-1,1.3120925e+28,0.000000
10,-5,8,1.3008108e+28,0.000000
5,1,34,1.2908034e+28,0.000000
9,4,1,1.2882124e+28,0.000000
5,-3,55,1.2814206e+28,0.000000
5,-5,-11,1.2810163e+28,0.000000
3,-3,-36,1.2806372e+28,0.000000
5,0,-37,1.2594188e+28,0.000000
5,0,37,1.2594188e+28,0.000000
8,2,16,1.2586717e+28,0.000000
6,-2,42,1.2461937e+28,0.000000
10,10,40,1.2415158e+28,0.000000
3,3,-23,1.2371827e+28,0.000000
5,1,-32,1.2360533e+28,0.000000
7,4,37,1.235786e+28,0.000000
3,0,-50,1.235524e+28,0.000000
3,0,50,1.235524e+28,0.000000
7,-2,31,1.2344744e+28,0.000000
8,-3,20,1.2330148e+28,0.000000
10,10,44,1.2322475e+28,0.000000
2,1,52,1.2285356e+28,0.000000
9,8,50,1.2220794e+28,0.000000
5,-3,-21,1.2086116e+28,0.000000
8,6,42,1.2073636e+28,0.000000
10,8,23,1.1989916e+28,0.000000
10,10,45,1.1989423e+28,0.000000
7,5,43,1.1985966e+28,0.000000
2,0,-55,1.1909914e+28,0.000000
2,0,55,1.1909914e+28,0.000000
6,-3,43,1.1906805e+28,0.000000
7,1,26,1.1850773e+28,0.000000
9,7,29,1.1835603e+28,0.000000
2,-1,-47,1.1835393e+28,0.000000
10,-4,8,1.17928e+28,0.000000
8,-5,41,1.1771312e+28,0.000000
4,2,-25,1.1727863e+28,0.000000
6,2,-20,1.1715009e+28,0.000000
8,8,52,1.1686877e+28,0.000000
4,-4,-25,1.1627943e+28,0.000000
2,-2,-50,1.1608578e+28,0.000000
5,-1,-30,1.1527129e+28,0.000000
9,3,6,1.1392025e+28,0.000000
9,7,30,1.1359365e+28,0.000000
9,9,52,1.1206705e+28,0.000000
10,10,-2,1.1154641e+28,0.000000
6,3,44,1.1094434e+28,0.000000
8,-5,42,1.1072729e+28,0.000000
8,-5,43,1.1042224e+28,0.000000
9,6,-3,1.1034423e+28,0.000000
8,-5,44,1.1016031e+28,0.000000
10,-6,26,1.097879e+28,0.000000
9,-4,13,1.0956199e+28,0.000000
10,-5,4,1.094031e+28,0.000000
9,7,32,1.0903862e+28,0.000000
7,-4,52,1.0845477e+28,0.000000
8,3,17,1.0824201e+28,0.000000
6,1,28,1.0759904e+28,0.000000
8,-5,45,1.0739763e+28,0.000000
9,-6,47,1.0645316e+28,0.000000
4,2,44,1.0641419e+28,0.000000
8,-2,15,1.0615817e+28,0.000000
9,9,43,1.061283e+28,0.000000
7,3,35,1.060466e+28,0.000000
9,-3,17,1.0554944e+28,0.000000
8,5,29,1.0539595e+28,0.000000
7,-3,38,1.0536764e+28,0.000000
5,-4,-15,1.0530112e+28,0.000000
6,-1,18,1.039619e+28,0.000000
10,-4,3,1.0370496e+28,0.000000
4,-1,-36,1.0304423e+28,0.000000
7,4,38,1.0278536e+28,0.000000
9,7,31,1.0197805e+28,0.000000
6,1,-23,1.0179664e+28,0.000000
8,-5,46,1.0171184e+28,0.000000
9,6,15,1.0147865e+28,0.000000
9,8,42,1.0137832e+28,0.000000
9,4,2,1.0117461e+28,0.000000
9,9,51,1.0103824e+28,0.000000
3,-1,-43,1.008767e+28,0.000000
10,-7,49,1.0054198e+28,0.000000
2,-2,-51,1.0031958e+28,0.000000
6,-2,-20,1.0018752e+28,0.000000
3,1,-39,1.0008127e+28,0.000000
7,3,-7,9.9798301e+27,0.000000
4,0,-45,9.9087064e+27,0.000000
4,0,45,9.9087064e+27,0.000000
10,10,42,9.7981403e+27,0.000000
9,5,14,9.7762849e+27,0.000000
4,-3,-27,9.7756237e+27,0.000000
3,-2,-32,9.7226121e+27,0.000000
2,2,-25,9.7037847e+27,0.000000
8,8,54,9.6734205e+27,0.000000
4,4,-15,9.6485151e+27,0.000000
6,-4,-14,9.6358238e+27,0.000000
8,4,28,9.6337885e+27,0.000000
5,3,48,9.6304809e+27,0.000000
4,3,-18,9.561345e+27,0.000000
6,4,-8,9.5334021e+27,0.000000
8,7,49,9.4845099e+27,0.000000
8,6,-5,9.4756931e+27,0.000000
9,-5,36,9.3923813e+27,0.000000
4,1,50,9.3851382e+27,0.000000
8,-5,47,9.3643531e+27,0.000000
8,6,43,9.3275494e+27,0.000000
8,-4,30,9.2776174e+27,0.000000
7,2,30,9.2532614e+27,0.000000
8,-1,5,9.2374384e+27,0.000000
3,1,52,9.1566494e+27,0.000000
5,3,-17,9.1505021e+27,0.000000
6,-2,-2,9.1429949e+27,0.000000
9,6,16,9.1084961e+27,0.000000
4,-1,54,9.0466225e+27,0.000000
7,-1,25,9.0416412e+27,0.000000
7,0,-12,8.9579475e+27,0.000000
7,0,12,8.9579475e+27,0.000000
9,7,39,8.9541388e+27,0.000000
9,-4,14,8.8282036e+27,0.000000
9,7,33,8.8248514e+27,0.000000
10,9,28,8.7871089e+27,0.000000
8,7,53,8.7852172e+27,0.000000
2,1,53,8.7768641e+27,0.000000
2,-2,-52,8.6456912e+27,0.000000
4,-2,-22,8.6134057e+27,0.000000
9,6,17,8.5349362e+27,0.000000
7,3,-6,8.529573e+27,0.000000
5,-1,34,8.4719872e+27,0.000000
6,2,40,8.4475013e+27,0.000000
10,9,39,8.4470054e+27,0.000000
9,9,46,8.4390505e+27,0.000000
7,4,39,8.4283806e+27,0.000000
8,-5,48,8.4052572e+27,0.000000
10,10,54,8.4033874e+27,0.000000
7,5,44,8.3468155e+27,0.000000
5,5,-6,8.3158523e+27,0.000000
5,0,-38,8.3146044e+27,0.000000
5,0,38,8.3146044e+27,0.000000
7,3,36,8.2908015e+27,0.000000
10,-6,27,8.2195001e+27,0.000000
7,-2,32,8.1416421e+27,0.000000
9,-7,-7,8.1258544e+27,0.000000
8,-6,-7,8.1014409e+27,0.000000
9,-3,18,8.0404669e+27,0.000000
9,3,1,8.0220272e+27,0.000000
10,-6,-3,7.9731438e+27,0.000000
6,-3,44,7.9681682e+27,0.000000
7,-4,53,7.9590856e+27,0.000000
5,-2,-20,7.9579902e+27,0.000000
8,7,50,7.9479155e+27,0.000000
9,6,18,7.9265532e+27,0.000000
9,7,34,7.8748288e+27,0.000000
9,-5,-3,7.8556602e+27,0.000000
3,0,-51,7.8274799e+27,0.000000
3,0,51,7.8274799e+27,0.000000
7,-3,39,7.7183711e+27,0.000000
10,10,52,7.7144775e+27,0.000000
10,8,22,7.7116089e+27,0.000000
9,8,39,7.7041729e+27,0.000000
2,1,-40,7.6884938e+27,0.000000
5,-2,44,7.6854974e+27,0.000000
5,-3,-22,7.6360897e+27,0.000000
6,4,-7,7.6205381e+27,0.000000
10,-7,50,7.6125011e+27,0.000000
9,6,19,7.6054239e+27,0.000000
6,3,45,7.5832059e+27,0.000000
8,-3,21,7.5762703e+27,0.000000
6,-2,43,7.4438361e+27,0.000000
2,-2,-53,7.4291952e+27,0.000000
4,1,-35,7.4135035e+27,0.000000
8,-5,49,7.3789401e+27,0.000000
9,-1,2,7.2861331e+27,0.000000
3,-3,-37,7.2706544e+27,0.000000
7,1,27,7.2520622e+27,0.000000
10,9,29,7.2354175e+27,0.000000
8,6,44,7.219816e+27,0.000000
2,-1,-48,7.1923168e+27,0.000000
8,5,30,7.1790682e+27,0.000000
9,-4,15,7.1788379e+27,0.000000
9,3,7,7.1596803e+27,0.000000
5,1,-33,7.1128978e+27,0.000000
10,6,3,7.1093007e+27,0.000000
7,3,-8,7.0185766e+27,0.000000
9,-6,48,6.9833117e+27,0.000000
10,6,8,6.9698691e+27,0.000000
9,9,49,6.962795e+27,0.000000
9,9,53,6.9528331e+27,0.000000
6,4,-9,6.9355602e+27,0.000000
10,-6,28,6.9196151e+27,0.000000
9,6,20,6.9154107e+27,0.000000
9,8,32,6.9041646e+27,0.000000
8,7,51,6.8744417e+27,0.000000
10,8,24,6.8682676e+27,0.000000
9,7,35,6.8607242e+27,0.000000
10,-4,9,6.8410347e+27,0.000000
3,-2,-33,6.8281688e+27,0.000000
7,4,40,6.8250343e+27,0.000000
5,2,42,6.8089056e+27,0.000000
5,-1,-31,6.7503599e+27,0.000000
5,2,-20,6.7166823e+27,0.000000
10,10,47,6.6486666e+27,0.000000
6,4,36,6.6407418e+27,0.000000
6,0,-23,6.6378965e+27,0.000000
6,0,23,6.6378965e+27,0.000000
9,4,3,6.5598942e+27,0.000000
4,1,51,6.5512799e+27,0.000000
6,1,-24,6.5458428e+27,0.000000
5,-5,-12,6.508863e+27,0.000000
9,-5,37,6.4785303e+27,0.000000
10,6,10,6.4355815e+27,0.000000
9,5,15,6.4354609e+27,0.000000
10,6,2,6.4240332e+27,0.000000
3,3,-24,6.4210666e+27,0.000000
9,6,21,6.4131967e+27,0.000000
6,-1,19,6.3974175e+27,0.000000
7,3,37,6.3907194e+27,0.000000
10,-6,29,6.3822938e+27,0.000000
2,-2,-54,6.3650948e+27,0.000000
8,-5,50,6.3551163e+27,0.000000
6,2,-21,6.3396754e+27,0.000000
10,-5,3,6.3131739e+27,0.000000
7,2,31,6.3058937e+27,0.000000
7,-1,-11,6.3049516e+27,0.000000
8,3,18,6.2759009e+27,0.000000
6,3,-5,6.2396585e+27,0.000000
7,0,-3,6.2007202e+27,0.000000
7,0,3,6.2007202e+27,0.000000
3,2,-22,6.1941865e+27,0.000000
10,-6,30,6.1563049e+27,0.000000
3,1,53,6.156161e+27,0.000000
2,1,54,6.1138184e+27,0.000000
4,-1,55,6.1008057e+27,0.000000
10,9,32,6.085567e+27,0.000000
9,7,36,6.0753254e+27,0.000000
5,-4,-16,6.0727076e+27,0.000000
8,4,29,6.0540981e+27,0.000000
8,7,52,6.050092e+27,0.000000
4,0,-46,6.0315066e+27,0.000000
4,0,46,6.0315066e+27,0.000000
5,3,49,5.9873917e+27,0.000000
5,3,-18,5.9854545e+27,0.000000
10,-6,31,5.9807511e+27,0.000000
10,7,12,5.9493707e+27,0.000000
9,-3,19,5.902445e+27,0.000000
9,6,22,5.9018811e+27,0.000000
8,2,17,5.8965987e+27,0.000000
4,-4,-26,5.8903944e+27,0.000000
8,1,3,5.878089e+27,0.000000
10,6,4,5.8691363e+27,0.000000
7,-4,54,5.840163e+27,0.000000
8,-5,-4,5.8341293e+27,0.000000
9,-4,16,5.8337822e+27,0.000000
7,5,45,5.8115403e+27,0.000000
10,10,49,5.8106996e+27,0.000000
9,9,-3,5.8054816e+27,0.000000
4,-3,-28,5.7485916e+27,0.000000
4,-2,43,5.7455262e+27,0.000000
10,-7,51,5.7339665e+27,0.000000
10,-6,32,5.7299474e+27,0.000000
6,-4,-15,5.727745e+27,0.000000
10,9,45,5.7276911e+27,0.000000
10,6,5,5.71007e+27,0.000000
4,-1,-37,5.7044976e+27,0.000000
10,9,31,5.6695236e+27,0.000000
10,9,44,5.6681154e+27,0.000000
8,8,-6,5.6424266e+27,0.000000
10,-5,9,5.6245036e+27,0.000000
7,-3,40,5.6085477e+27,0.000000
7,0,-13,5.6037525e+27,0.000000
7,0,13,5.6037525e+27,0.000000
7,-1,26,5.5579923e+27,0.000000
8,-3,22,5.5335476e+27,0.000000
9,9,55,5.5281836e+27,0.000000
10,7,15,5.5278482e+27,0.000000
9,-6,-5,5.5238051e+27,0.000000
9,8,31,5.4907895e+27,0.000000
6,-2,-21,5.4847729e+27,0.000000
10,10,51,5.4810704e+27,0.000000
5,0,-39,5.474938e+27,0.000000
5,0,39,5.474938e+27,0.000000
4,3,-19,5.4672814e+27,0.000000
7,4,41,5.4654795e+27,0.000000
2,-2,-55,5.437834e+27,0.000000
9,3,-1,5.4205429e+27,0.000000
8,-5,51,5.3840098e+27,0.000000
9,6,23,5.3801101e+27,0.000000
10,-6,33,5.3651488e+27,0.000000
9,7,37,5.3472197e+27,0.000000
8,-2,16,5.3338975e+27,0.000000
3,-1,-44,5.3321489e+27,0.000000
6,-3,45,5.3179262e+27,0.000000
7,-2,33,5.3178242e+27,0.000000
7,5,-5,5.2756765e+27,0.000000
8,-4,31,5.2714725e+27,0.000000
6,2,41,5.2322712e+27,0.000000
3,1,-40,5.2317467e+27,0.000000
4,2,45,5.1876238e+27,0.000000
6,3,46,5.1657733e+27,0.000000
6,0,-24,5.1615148e+27,0.000000
6,0,24,5.1615148e+27,0.000000
4,2,50,5.1531899e+27,0.000000
4,2,51,5.1272448e+27,0.000000
3,0,-52,5.0934616e+27,0.000000
3,0,52,5.0934616e+27,0.000000
6,0,-25,5.0838831e+27,0.000000
6,0,25,5.0838831e+27,0.000000
7,1,-13,5.045322e+27,0.000000
9,4,0,5.0348913e+27,0.000000
6,0,-26,5.0322366e+27,0.000000
6,0,26,5.0322366e+27,0.000000
9,8,38,5.025619e+27,0.000000
10,9,38,5.0053473e+27,0.000000
6,1,29,4.9769591e+27,0.000000
10,6,-2,4.9576024e+27,0.000000
8,1,4,4.941804e+27,0.000000
4,2,49,4.9191679e+27,0.000000
6,4,-6,4.9099711e+27,0.000000
10,-6,34,4.896944e+27,0.000000
4,2,52,4.8894701e+27,0.000000
7,3,38,4.8667143e+27,0.000000
8,-3,23,4.8561001e+27,0.000000
9,6,24,4.8550844e+27,0.000000
5,1,35,4.8498674e+27,0.000000
10,9,41,4.8349839e+27,0.000000
8,-1,6,4.8259465e+27,0.000000
5,-3,-23,4.7842443e+27,0.000000
8,5,31,4.7773975e+27,0.000000
3,-2,-34,4.7335226e+27,0.000000
8,-3,24,4.7289545e+27,0.000000
8,7,54,4.7232186e+27,0.000000
8,-3,25,4.711236e+27,0.000000
9,-4,17,4.7018726e+27,0.000000
6,0,-27,4.6928756e+27,0.000000
6,0,27,4.6928756e+27,0.000000
9,7,38,4.6742035e+27,0.000000
8,-3,26,4.6046508e+27,0.000000
7,3,-3,4.600951e+27,0.000000
9,8,45,4.5939396e+27,0.000000
10,9,42,4.5904801e+27,0.000000
4,4,-16,4.5617071e+27,0.000000
9,4,4,4.5611453e+27,0.000000
4,1,52,4.5465115e+27,0.000000
9,-6,49,4.5438608e+27,0.000000
4,2,-26,4.5352835e+27,0.000000
2,-1,-49,4.5310952e+27,0.000000
10,10,55,4.5188369e+27,0.000000
4,2,53,4.504796e+27,0.000000
8,-5,52,4.4973626e+27,0.000000
8,6,46,4.4872325e+27,0.000000
4,2,48,4.4391279e+27,0.000000
3,1,54,4.4351931e+27,0.000000
9,-5,38,4.410209e+27,0.000000
6,-2,44,4.3922815e+27,0.000000
7,1,28,4.3731212e+27,0.000000
5,4,-6,4.3696707e+27,0.000000
6,4,-10,4.3661518e+27,0.000000
10,-10,-10,4.3643173e+27,0.000000
9,3,8,4.3612683e+27,0.000000
10,-6,35,4.3585631e+27,0.000000
9,8,33,4.3581658e+27,0.000000
8,-3,27,4.353211e+27,0.000000
7,4,42,4.3336674e+27,0.000000
9,6,25,4.3228585e+27,0.000000
10,-4,10,4.3016126e+27,0.000000
10,-7,52,4.2976308e+27,0.000000
2,1,-41,4.2888356e+27,0.000000
7,-4,55,4.2865971e+27,0.000000
5,4,-7,4.2685426e+27,0.000000
7,2,32,4.2522618e+27,0.000000
9,5,16,4.2068894e+27,0.000000
7,3,-9,4.2026055e+27,0.000000
9,-3,20,4.1771218e+27,0.000000
2,1,55,4.1747659e+27,0.000000
6,1,-25,4.1696238e+27,0.000000
3,-3,-38,4.1486722e+27,0.000000
6,0,-28,4.1167296e+27,0.000000
6,0,28,4.1167296e+27,0.000000
4,1,-36,4.0932306e+27,0.000000
5,1,-34,4.0777292e+27,0.000000
7,-3,41,4.0478613e+27,0.000000
7,5,46,4.046587e+27,0.000000
4,2,54,4.0344199e+27,0.000000
8,-3,28,3.9734646e+27,0.000000
5,-1,-32,3.9401193e+27,0.000000
9,-8,-8,3.9225174e+27,0.000000
4,2,47,3.8809393e+27,0.000000
8,7,55,3.8786359e+27,0.000000
6,-1,20,3.8432183e+27,0.000000
5,3,-19,3.8418797e+27,0.000000
10,7,14,3.816367e+27,0.000000
5,-2,-21,3.8061814e+27,0.000000
9,6,26,3.8042992e+27,0.000000
10,-6,36,3.7889298e+27,0.000000
4,-2,-23,3.7619477e+27,0.000000
9,8,41,3.7571714e+27,0.000000
4,2,46,3.7434768e+27,0.000000
10,9,34,3.7385955e+27,0.000000
9,-4,18,3.7372553e+27,0.000000
8,-5,53,3.7117219e+27,0.000000
8,4,30,3.7005732e+27,0.000000
4,0,-47,3.6806209e+27,0.000000
4,0,47,3.6806209e+27,0.000000
7,3,39,3.667737e+27,0.000000
5,3,50,3.6592168e+27,0.000000
9,8,35,3.6517414e+27,0.000000
5,0,-40,3.5957246e+27,0.000000
5,0,40,3.5957246e+27,0.000000
6,-3,46,3.5393434e+27,0.000000
4,2,55,3.5280405e+27,0.000000
3,1,55,3.5163589e+27,0.000000
8,-3,29,3.5104239e+27,0.000000
6,3,47,3.5066957e+27,0.000000
9,4,5,3.4976946e+27,0.000000
9,7,41,3.4914361e+27,0.000000
9,7,40,3.4848347e+27,0.000000
8,3,19,3.4828601e+27,0.000000
8,7,-5,3.4737653e+27,0.000000
5,-4,-17,3.4639448e+27,0.000000
8,6,47,3.4599439e+27,0.000000
7,-2,34,3.4411327e+27,0.000000
3,0,-53,3.4355095e+27,0.000000
3,0,53,3.4355095e+27,0.000000
6,0,-29,3.4332541e+27,0.000000
6,0,29,3.4332541e+27,0.000000
10,9,35,3.4120357e+27,0.000000
7,4,43,3.4060802e+27,0.000000
6,2,-22,3.3869419e+27,0.000000
4,-3,-29,3.3867294e+27,0.000000
7,-1,27,3.3647859e+27,0.000000
2,2,-26,3.3565231e+27,0.000000
6,-4,-16,3.3549699e+27,0.000000
8,1,2,3.353615e+27,0.000000
3,3,-25,3.3468577e+27,0.000000
7,0,-14,3.3369181e+27,0.000000
7,0,14,3.3369181e+27,0.000000
9,6,27,3.3099103e+27,0.000000
5,2,43,3.300729e+27,0.000000
5,-5,-13,3.2952767e+27,0.000000
9,8,36,3.2687576e+27,0.000000
8,1,5,3.2672226e+27,0.000000
9,3,14,3.260752e+27,0.000000
5,-2,45,3.2505141e+27,0.000000
9,3,13,3.2488286e+27,0.000000
3,-2,-35,3.2455339e+27,0.000000
10,9,36,3.239747e+27,0.000000
10,-5,10,3.2323623e+27,0.000000
8,6,48,3.2248538e+27,0.000000
10,-6,37,3.2231507e+27,0.000000
6,2,42,3.2122605e+27,0.000000
10,-7,53,3.2059897e+27,0.000000
5,2,-21,3.1802128e+27,0.000000
5,-1,35,3.138983e+27,0.000000
4,1,53,3.1343337e+27,0.000000
4,-1,-38,3.1296891e+27,0.000000
4,3,-20,3.1229381e+27,0.000000
3,2,-23,3.1227883e+27,0.000000
8,5,32,3.1001054e+27,0.000000
10,6,1,3.082665e+27,0.000000
9,8,-1,3.0722402e+27,0.000000
5,1,40,3.06561e+27,0.000000
9,3,15,3.0603264e+27,0.000000
5,1,39,3.0467968e+27,0.000000
10,6,0,3.0337523e+27,0.000000
8,-5,54,3.0321473e+27,0.000000
9,3,12,3.0294693e+27,0.000000
8,-3,30,3.0127241e+27,0.000000
2,-1,-50,3.0083087e+27,0.000000
5,4,-8,2.996043e+27,0.000000
4,-4,-27,2.9933779e+27,0.000000
6,4,37,2.988901e+27,0.000000
9,8,37,2.9867147e+27,0.000000
5,-3,-24,2.9776819e+27,0.000000
6,-2,-22,2.9691616e+27,0.000000
9,-5,39,2.964071e+27,0.000000
9,3,9,2.9500931e+27,0.000000
9,-6,50,2.9376807e+27,0.000000
9,-4,19,2.9172258e+27,0.000000
8,-4,32,2.9059565e+27,0.000000
7,-3,42,2.9048808e+27,0.000000
9,5,17,2.8949043e+27,0.000000
5,1,41,2.8935817e+27,0.000000
9,4,6,2.8600509e+27,0.000000
9,-3,21,2.8503118e+27,0.000000
10,-4,2,2.8483067e+27,0.000000
3,-1,-45,2.8448101e+27,0.000000
9,6,28,2.8443408e+27,0.000000
10,9,50,2.8437566e+27,0.000000
7,2,33,2.8385389e+27,0.000000
7,5,47,2.8183566e+27,0.000000
5,1,38,2.8097295e+27,0.000000
8,5,-4,2.8023926e+27,0.000000
10,-4,11,2.7824506e+27,0.000000
9,9,-2,2.760509e+27,0.000000
6,0,-30,2.7509106e+27,0.000000
6,0,30,2.7509106e+27,0.000000
7,3,40,2.7395403e+27,0.000000
3,1,-41,2.7289983e+27,0.000000
10,10,-4,2.7285955e+27,0.000000
8,-1,7,2.7137379e+27,0.000000
9,3,11,2.7136988e+27,0.000000
10,8,25,2.7118653e+27,0.000000
9,3,16,2.7017629e+27,0.000000
9,8,40,2.7002448e+27,0.000000
10,-6,38,2.6882398e+27,0.000000
10,6,9,2.687075e+27,0.000000
8,2,18,2.6788037e+27,0.000000
7,4,44,2.6561429e+27,0.000000
5,1,36,2.6406929e+27,0.000000
10,6,-1,2.6383755e+27,0.000000
6,1,-26,2.634084e+27,0.000000
9,7,-5,2.625588e+27,0.000000
6,3,-6,2.6213704e+27,0.000000
9,8,-3,2.618736e+27,0.000000
6,4,-11,2.6061243e+27,0.000000
5,1,42,2.5997852e+27,0.000000
7,1,29,2.5985854e+27,0.000000
10,8,28,2.5963404e+27,0.000000
9,3,10,2.5555031e+27,0.000000
6,-2,45,2.552848e+27,0.000000
9,7,42,2.5467278e+27,0.000000
8,-2,17,2.529471e+27,0.000000
8,-3,31,2.5208066e+27,0.000000
10,8,53,2.5185992e+27,0.000000
10,-4,1,2.5026371e+27,0.000000
5,1,37,2.4866193e+27,0.000000
7,-1,-12,2.4854233e+27,0.000000
10,-5,2,2.4642048e+27,0.000000
8,-5,55,2.4558742e+27,0.000000
7,2,-8,2.4459943e+27,0.000000
5,3,-20,2.4268099e+27,0.000000
9,4,7,2.4236987e+27,0.000000
10,9,37,2.4207446e+27,0.000000
3,0,-54,2.418949e+27,0.000000
3,0,54,2.418949e+27,0.000000
9,6,29,2.4154267e+27,0.000000
4,-2,44,2.4054456e+27,0.000000
2,1,-42,2.4024792e+27,0.000000
5,5,-7,2.388915e+27,0.000000
9,9,-4,2.3824379e+27,0.000000
10,-7,54,2.3811472e+27,0.000000
3,-3,-39,2.3809941e+27,0.000000
6,3,48,2.3714798e+27,0.000000
5,0,-41,2.3551782e+27,0.000000
5,0,41,2.3551782e+27,0.000000
10,8,29,2.3550524e+27,0.000000
6,-3,47,2.3486636e+27,0.000000
9,8,-2,2.3408907e+27,0.000000
7,3,-10,2.3319861e+27,0.000000
5,1,-35,2.3277184e+27,0.000000
10,8,-2,2.3231702e+27,0.000000
8,3,-2,2.3179364e+27,0.000000
6,1,30,2.3163142e+27,0.000000
5,-1,-33,2.2917011e+27,0.000000
9,8,47,2.2884548e+27,0.000000
7,2,-9,2.2865777e+27,0.000000
10,8,-3,2.2804647e+27,0.000000
4,0,-48,2.2661438e+27,0.000000
4,0,48,2.2661438e+27,0.000000
10,9,40,2.2624018e+27,0.000000
9,3,17,2.2587018e+27,0.000000
6,-1,21,2.2534908e+27,0.000000
9,5,18,2.2516641e+27,0.000000
5,1,43,2.2492834e+27,0.000000
4,1,-37,2.2434201e+27,0.000000
6,-1,-3,2.2421166e+27,0.000000
9,-4,20,2.2292509e+27,0.000000
6,2,-3,2.2135403e+27,0.000000
7,-2,35,2.2065774e+27,0.000000
3,-2,-36,2.2042681e+27,0.000000
7,2,-7,2.2024708e+27,0.000000
10,-6,39,2.2021508e+27,0.000000
9,5,23,2.2012373e+27,0.000000
8,4,31,2.1965892e+27,0.000000
9,5,22,2.1928617e+27,0.000000
5,3,51,2.189787e+27,0.000000
4,4,-17,2.1794716e+27,0.000000
10,8,46,2.1630219e+27,0.000000
7,1,-14,2.1525555e+27,0.000000
4,1,54,2.1449537e+27,0.000000
2,-1,-51,2.1438433e+27,0.000000
9,7,43,2.1383983e+27,0.000000
6,0,-31,2.1356677e+27,0.000000
6,0,31,2.1356677e+27,0.000000
9,5,24,2.1350349e+27,0.000000
9,5,21,2.1237099e+27,0.000000
9,4,8,2.1190789e+27,0.000000
10,-5,11,2.0914424e+27,0.000000
8,1,1,2.0758852e+27,0.000000
7,-3,43,2.0748012e+27,0.000000
8,-3,32,2.0630202e+27,0.000000
7,4,45,2.0570184e+27,0.000000
9,5,20,2.0402262e+27,0.000000
9,5,19,2.0340716e+27,0.000000
10,9,47,2.0314035e+27,0.000000
7,3,41,2.030636e+27,0.000000
9,6,30,2.0263337e+27,0.000000
3,2,-24,2.0230315e+27,0.000000
7,-1,28,2.0070357e+27,0.000000
8,-1,12,2.0064578e+27,0.000000
9,8,43,2.0046363e+27,0.000000
10,7,0,2.0020264e+27,0.000000
9,5,25,2.0008592e+27,0.000000
4,-3,-30,1.998777e+27,0.000000
10,6,-3,1.9803728e+27,0.000000
9,-5,40,1.9675341e+27,0.000000
8,-1,13,1.964112e+27,0.000000
7,5,48,1.9638082e+27,0.000000
5,-4,-18,1.9593649e+27,0.000000
8,5,33,1.9570759e+27,0.000000
6,2,43,1.9515813e+27,0.000000
6,-4,-17,1.9438146e+27,0.000000
8,-1,11,1.9397618e+27,0.000000
9,8,44,1.9380653e+27,0.000000
7,4,-4,1.9378645e+27,0.000000
9,4,9,1.9323043e+27,0.000000
8,2,-1,1.9314119e+27,0.000000
7,2,-10,1.9302444e+27,0.000000
8,3,20,1.9146049e+27,0.000000
8,1,6,1.9047747e+27,0.000000
9,4,13,1.9011814e+27,0.000000
5,-1,39,1.9001989e+27,0.000000
5,-1,40,1.8969773e+27,0.000000
9,-6,51,1.8925564e+27,0.000000
5,1,44,1.8897757e+27,0.000000
9,4,-2,1.8894454e+27,0.000000
7,0,-15,1.8872699e+27,0.000000
7,0,15,1.8872699e+27,0.000000
9,4,14,1.8862762e+27,0.000000
8,-1,8,1.88054e+27,0.000000
9,4,12,1.8773568e+27,0.000000
7,2,34,1.8763081e+27,0.000000
9,-3,22,1.8749668e+27,0.000000
5,4,-9,1.8669917e+27,0.000000
9,4,10,1.8510956e+27,0.000000
9,4,11,1.8466264e+27,0.000000
5,-3,-25,1.8436333e+27,0.000000
8,-1,14,1.8206386e+27,0.000000
9,4,15,1.8164236e+27,0.000000
9,5,26,1.8157476e+27,0.000000
10,8,34,1.8126415e+27,0.000000
9,8,51,1.8075137e+27,0.000000
10,-4,12,1.8056628e+27,0.000000
8,-1,10,1.8015534e+27,0.000000
9,7,44,1.7993109e+27,0.000000
9,3,18,1.7985227e+27,0.000000
6,-1,-4,1.7948207e+27,0.000000
6,2,-23,1.786475e+27,0.000000
3,0,-55,1.782339e+27,0.000000
3,0,55,1.782339e+27,0.000000
4,3,-21,1.7816251e+27,0.000000
5,-1,41,1.7761414e+27,0.000000
10,-6,40,1.7745964e+27,0.000000
5,-2,-22,1.7659838e+27,0.000000
10,8,26,1.7654744e+27,0.000000
5,-1,38,1.7652996e+27,0.000000
10,-7,55,1.7614e+27,0.000000
3,3,-26,1.7520367e+27,0.000000
6,-4,-5,1.7419497e+27,0.000000
6,4,38,1.738122e+27,0.000000
10,8,55,1.730953e+27,0.000000
7,1,-17,1.721309e+27,0.000000
8,-1,9,1.7058292e+27,0.000000
4,-1,-39,1.6989416e+27,0.000000
5,-5,-14,1.6988297e+27,0.000000
9,4,16,1.690694e+27,0.000000
5,-1,36,1.6851183e+27,0.000000
7,1,-18,1.6804501e+27,0.000000
9,6,31,1.6801395e+27,0.000000
9,-4,21,1.6637136e+27,0.000000
2,-1,-52,1.6623623e+27,0.000000
8,-3,33,1.6559879e+27,0.000000
6,1,-27,1.6519002e+27,0.000000
4,2,-27,1.6482073e+27,0.000000
10,8,-1,1.6340521e+27,0.000000
7,1,-16,1.6219648e+27,0.000000
9,-4,0,1.6210088e+27,0.000000
6,0,-32,1.6169048e+27,0.000000
6,0,32,1.6169048e+27,0.000000
8,-1,15,1.6056512e+27,0.000000
4,-2,-24,1.6014472e+27,0.000000
9,5,27,1.600007e+27,0.000000
6,3,49,1.5969597e+27,0.000000
6,-2,-23,1.5895311e+27,0.000000
7,4,46,1.5835082e+27,0.000000
5,-1,42,1.5828975e+27,0.000000
5,-1,37,1.5729802e+27,0.000000
8,-4,33,1.5547398e+27,0.000000
7,1,-15,1.5544289e+27,0.000000
6,-3,48,1.553424e+27,0.000000
6,4,-5,1.5518518e+27,0.000000
5,1,45,1.5511012e+27,0.000000
3,-1,-46,1.5465212e+27,0.000000
5,0,-42,1.5381858e+27,0.000000
5,0,42,1.5381858e+27,0.000000
3,2,-25,1.5379736e+27,0.000000
4,-4,-28,1.5254873e+27,0.000000
7,2,-11,1.5213149e+27,0.000000
7,1,30,1.5210815e+27,0.000000
6,4,-12,1.5204659e+27,0.000000
9,4,17,1.5194837e+27,0.000000
9,7,45,1.5190666e+27,0.000000
5,3,-21,1.5122625e+27,0.000000
5,2,44,1.5117495e+27,0.000000
7,1,-19,1.5091427e+27,0.000000
7,3,42,1.4953894e+27,0.000000
10,9,52,1.4943221e+27,0.000000
9,8,49,1.4863587e+27,0.000000
3,-2,-37,1.4846037e+27,0.000000
7,-3,44,1.4761718e+27,0.000000
5,2,-22,1.4586008e+27,0.000000
4,1,55,1.4561788e+27,0.000000
6,-2,46,1.4561635e+27,0.000000
6,4,41,1.4379223e+27,0.000000
10,-5,12,1.4375299e+27,0.000000
6,4,39,1.4268652e+27,0.000000
3,1,-42,1.4220023e+27,0.000000
4,0,-49,1.4217529e+27,0.000000
4,0,49,1.4217529e+27,0.000000
9,-3,-1,1.4210756e+27,0.000000
6,4,42,1.4150327e+27,0.000000
6,4,40,1.4140825e+27,0.000000
10,-6,41,1.4087211e+27,0.000000
2,-1,-53,1.4038506e+27,0.000000
7,-2,36,1.402317e+27,0.000000
7,2,-6,1.3927295e+27,0.000000
8,2,19,1.3912476e+27,0.000000
9,8,48,1.3832804e+27,0.000000
5,-2,46,1.3800907e+27,0.000000
9,6,32,1.3769203e+27,0.000000
3,-3,-40,1.3761387e+27,0.000000
10,9,43,1.3729006e+27,0.000000
9,5,28,1.3727406e+27,0.000000
7,5,49,1.3702892e+27,0.000000
9,3,19,1.3702374e+27,0.000000
5,-1,43,1.3584579e+27,0.000000
8,-1,16,1.3542379e+27,0.000000
2,1,-43,1.3529189e+27,0.000000
9,7,46,1.3463588e+27,0.000000
10,9,51,1.3398526e+27,0.000000
6,4,43,1.3357629e+27,0.000000
5,-1,-34,1.3277219e+27,0.000000
9,-4,-1,1.3240758e+27,0.000000
5,1,-36,1.3222337e+27,0.000000
9,4,18,1.3192655e+27,0.000000
2,2,-27,1.3095245e+27,0.000000
8,-3,34,1.3068386e+27,0.000000
9,-5,41,1.2904624e+27,0.000000
6,-1,22,1.2888758e+27,0.000000
5,3,52,1.2778625e+27,0.000000
2,-1,-54,1.2745727e+27,0.000000
7,1,-20,1.2665319e+27,0.000000
8,4,32,1.2645494e+27,0.000000
5,1,46,1.2490766e+27,0.000000
8,6,51,1.2442689e+27,0.000000
7,3,-11,1.2336117e+27,0.000000
7,2,35,1.2283957e+27,0.000000
3,2,-26,1.2251578e+27,0.000000
9,-6,52,1.2203794e+27,0.000000
2,-1,-55,1.2187875e+27,0.000000
4,1,-38,1.2187556e+27,0.000000
8,2,23,1.2176702e+27,0.000000
6,4,44,1.2164965e+27,0.000000
7,3,-5,1.2162933e+27,0.000000
7,4,47,1.2122667e+27,0.000000
9,-4,22,1.2103283e+27,0.000000
6,0,-33,1.1996809e+27,0.000000
6,0,33,1.1996809e+27,0.000000
8,5,34,1.1989888e+27,0.000000
8,-2,18,1.1969492e+27,0.000000
8,2,24,1.1939206e+27,0.000000
6,1,31,1.1903477e+27,0.000000
9,-3,23,1.1881765e+27,0.000000
4,-3,-31,1.1815714e+27,0.000000
7,-1,29,1.1796322e+27,0.000000
6,2,44,1.1707916e+27,0.000000
10,-4,13,1.1662603e+27,0.000000
8,2,22,1.1647034e+27,0.000000
9,5,29,1.149438e+27,0.000000
4,-2,45,1.1439128e+27,0.000000
7,2,-12,1.1396819e+27,0.000000
5,-3,-26,1.136781e+27,0.000000
8,3,21,1.1367236e+27,0.000000
5,-1,44,1.132219e+27,0.000000
5,-2,53,1.1262156e+27,0.000000
6,-4,-18,1.1170581e+27,0.000000
9,6,33,1.115515e+27,0.000000
5,-2,52,1.1148283e+27,0.000000
10,8,-4,1.114149e+27,0.000000
9,4,19,1.1078173e+27,0.000000
5,4,-10,1.107298e+27,0.000000
8,2,25,1.1039521e+27,0.000000
10,-6,42,1.1029166e+27,0.000000
10,7,18,1.1027107e+27,0.000000
5,-4,-19,1.1011711e+27,0.000000
8,-1,17,1.0974278e+27,0.000000
5,-2,54,1.0954871e+27,0.000000
7,3,43,1.0951675e+27,0.000000
10,9,46,1.0909355e+27,0.000000
6,4,45,1.0775689e+27,0.000000
8,1,7,1.0762967e+27,0.000000
6,3,50,1.070066e+27,0.000000
8,2,21,1.0661849e+27,0.000000
9,8,-4,1.0652043e+27,0.000000
10,6,11,1.0584345e+27,0.000000
5,-2,51,1.0514542e+27,0.000000
4,-2,50,1.049496e+27,0.000000
9,8,52,1.0493508e+27,0.000000
4,4,-18,1.0491959e+27,0.000000
7,-3,45,1.0469532e+27,0.000000
8,2,20,1.0444382e+27,0.000000
10,4,-1,1.0391755e+27,0.000000
5,-2,55,1.0344413e+27,0.000000
4,-2,51,1.0295059e+27,0.000000
6,1,-28,1.0292038e+27,0.000000
10,-5,13,1.0265414e+27,0.000000
6,-3,49,1.0235291e+27,0.000000
6,3,-7,1.0189756e+27,0.000000
8,-3,35,1.0159243e+27,0.000000
4,-2,49,1.0158005e+27,0.000000
4,3,-22,1.0152205e+27,0.000000
9,9,-5,1.0139138e+27,0.000000
7,0,-16,1.0097725e+27,0.000000
7,0,16,1.0097725e+27,0.000000
9,-1,6,1.0093531e+27,0.000000
7,1,-21,1.0077447e+27,0.000000
9,3,20,1.002185e+27,0.000000
8,1,13,1.0017344e+27,0.000000
5,0,-43,1.0014184e+27,0.000000
5,0,43,1.0014184e+27,0.000000
3,-2,-38,9.9240282e+26,0.000000
5,1,47,9.8983752e+26,0.000000
8,2,-5,9.7749933e+26,0.000000
8,1,12,9.7550284e+26,0.000000
7,5,50,9.7333926e+26,0.000000
8,2,26,9.7195154e+26,0.000000
4,-2,52,9.6778071e+26,0.000000
3,2,-27,9.659414e+26,0.000000
8,1,14,9.6119895e+26,0.000000
9,7,48,9.4473651e+26,0.000000
9,5,30,9.4128139e+26,0.000000
6,4,46,9.360767e+26,0.000000
5,-2,50,9.3460447e+26,0.000000
5,3,-22,9.3159759e+26,0.000000
6,2,-24,9.3013726e+26,0.000000
4,-2,48,9.2895832e+26,0.000000
7,4,48,9.23919e+26,0.000000
5,-1,45,9.2197577e+26,0.000000
3,3,-27,9.2121023e+26,0.000000
4,0,-50,9.211858e+26,0.000000
4,0,50,9.211858e+26,0.000000
10,9,53,9.1376693e+26,0.000000
9,-1,5,9.1362183e+26,0.000000
7,2,-4,9.1159612e+26,0.000000
4,-1,-40,9.1107134e+26,0.000000
9,6,-4,9.0645227e+26,0.000000
9,-1,7,9.0486275e+26,0.000000
10,9,49,9.0420645e+26,0.000000
9,4,20,9.0083534e+26,0.000000
5,-5,-15,8.986802e+26,0.000000
10,4,1,8.9648734e+26,0.000000
9,8,54,8.9368641e+26,0.000000
9,6,34,8.9350821e+26,0.000000
7,-1,-13,8.9041904e+26,0.000000
7,-2,37,8.8327692e+26,0.000000
8,1,11,8.8282105e+26,0.000000
4,-2,53,8.7890362e+26,0.000000
6,4,-13,8.7725474e+26,0.000000
7,1,31,8.7643442e+26,0.000000
6,0,-34,8.7562951e+26,0.000000
6,0,34,8.7562951e+26,0.000000
3,-1,-47,8.7141364e+26,0.000000
8,1,15,8.6944926e+26,0.000000
10,6,12,8.6766338e+26,0.000000
8,-1,18,8.5787279e+26,0.000000
8,3,26,8.5701469e+26,0.000000
9,-4,23,8.5690482e+26,0.000000
10,-6,43,8.5253235e+26,0.000000
8,3,27,8.5082709e+26,0.000000
10,7,-2,8.4985163e+26,0.000000
6,-2,-24,8.4124586e+26,0.000000
10,7,21,8.4100742e+26,0.000000
10,4,0,8.3846141e+26,0.000000
8,6,52,8.37073e+26,0.000000
9,-5,42,8.3677209e+26,0.000000
8,3,25,8.2948278e+26,0.000000
10,8,32,8.2787133e+26,0.000000
6,-1,-5,8.2427451e+26,0.000000
8,3,22,8.2420236e+26,0.000000
4,-2,47,8.2286693e+26,0.000000
8,2,27,8.2192159e+26,0.000000
7,2,-13,8.2004127e+26,0.000000
9,-1,3,8.1379272e+26,0.000000
8,3,28,8.1172655e+26,0.000000
8,-4,34,8.1157654e+26,0.000000
6,-2,47,8.1147897e+26,0.000000
4,-2,46,8.0645331e+26,0.000000
7,-3,-7,8.0305445e+26,0.000000
3,-3,-41,8.0246146e+26,0.000000
10,6,13,8.0138748e+26,0.000000
6,4,47,7.9945355e+26,0.000000
7,3,44,7.9835908e+26,0.000000
7,2,36,7.9661366e+26,0.000000
9,-6,53,7.927651e+26,0.000000
5,-2,-23,7.9089185e+26,0.000000
6,-3,-3,7.9067214e+26,0.000000
5,-2,49,7.8444065e+26,0.000000
8,3,24,7.8174975e+26,0.000000
4,-4,-29,7.7937183e+26,0.000000
8,-3,36,7.7930569e+26,0.000000
4,-2,54,7.7590639e+26,0.000000
5,1,48,7.7351997e+26,0.000000
10,-4,0,7.7055705e+26,0.000000
7,1,-22,7.687333e+26,0.000000
6,1,32,7.6748573e+26,0.000000
2,1,-44,7.6703983e+26,0.000000
5,-1,-35,7.6581726e+26,0.000000
10,8,31,7.6159923e+26,0.000000
10,-5,14,7.5548842e+26,0.000000
9,5,31,7.5513631e+26,0.000000
10,-4,14,7.549409e+26,0.000000
8,3,23,7.5309018e+26,0.000000
8,1,10,7.5297162e+26,0.000000
5,-2,47,7.5087179e+26,0.000000
8,1,16,7.4746281e+26,0.000000
7,-3,-8,7.4746109e+26,0.000000
8,3,29,7.4717943e+26,0.000000
5,1,-37,7.4681667e+26,0.000000
8,2,-6,7.4273873e+26,0.000000
3,1,-43,7.4159345e+26,0.000000
3,2,-28,7.4076932e+26,0.000000
7,-3,46,7.4065429e+26,0.000000
5,-1,46,7.3667098e+26,0.000000
10,6,14,7.289437e+26,0.000000
10,9,55,7.2682759e+26,0.000000
5,3,53,7.2505541e+26,0.000000
9,-3,24,7.2439304e+26,0.000000
10,7,16,7.2268784e+26,0.000000
6,-1,23,7.1820788e+26,0.000000
6,3,51,7.127437e+26,0.000000
8,1,8,7.1246121e+26,0.000000
9,7,49,7.1233103e+26,0.000000
8,5,35,7.1157411e+26,0.000000
9,4,21,7.101147e+26,0.000000
9,6,35,7.0768719e+26,0.000000
10,8,42,7.0731443e+26,0.000000
8,4,33,7.0642677e+26,0.000000
9,3,21,7.0523348e+26,0.000000
9,-1,8,7.0455894e+26,0.000000
7,4,49,7.014626e+26,0.000000
4,-3,-32,6.9951953e+26,0.000000
5,-3,-27,6.986534e+26,0.000000
6,2,45,6.9161387e+26,0.000000
7,-1,30,6.8299519e+26,0.000000
10,7,19,6.7811628e+26,0.000000
6,4,48,6.7648045e+26,0.000000
8,2,28,6.7226974e+26,0.000000
6,-3,50,6.7130318e+26,0.000000
10,8,39,6.7105243e+26,0.000000
4,-2,55,6.6888803e+26,0.000000
5,-2,48,6.6861791e+26,0.000000
8,3,30,6.6661567e+26,0.000000
7,5,51,6.6635816e+26,0.000000
2,2,-28,6.6571672e+26,0.000000
8,-2,19,6.6152018e+26,0.000000
10,-2,3,6.605094e+26,0.000000
4,-2,-25,6.5922207e+26,0.000000
3,-2,-39,6.5882008e+26,0.000000
8,1,9,6.5675209e+26,0.000000
5,2,45,6.5527948e+26,0.000000
4,1,-39,6.5520562e+26,0.000000
10,-6,44,6.5122472e+26,0.000000
5,0,-44,6.4964561e+26,0.000000
5,0,44,6.4964561e+26,0.000000
8,-1,19,6.4908112e+26,0.000000
5,2,-23,6.4490948e+26,0.000000
5,4,-11,6.4188937e+26,0.000000
6,-4,-19,6.3801994e+26,0.000000
6,1,-29,6.3745954e+26,0.000000
6,1,33,6.3308879e+26,0.000000
10,8,33,6.3105237e+26,0.000000
6,0,-35,6.3054333e+26,0.000000
6,0,35,6.3054333e+26,0.000000
10,-6,-4,6.3001254e+26,0.000000
7,3,-12,6.282257e+26,0.000000
8,6,53,6.2816037e+26,0.000000
4,0,-51,6.2508332e+26,0.000000
4,0,51,6.2508332e+26,0.000000
10,7,22,6.1954872e+26,0.000000
5,-4,-20,6.1577292e+26,0.000000
8,-8,-9,6.1548236e+26,0.000000
8,1,17,6.1488758e+26,0.000000
9,-1,4,6.1072491e+26,0.000000
10,6,15,6.044943e+26,0.000000
10,7,17,6.0160514e+26,0.000000
5,1,49,5.9691504e+26,0.000000
9,5,32,5.9434067e+26,0.000000
6,1,34,5.942803e+26,0.000000
8,-3,37,5.9072839e+26,0.000000
9,-4,24,5.8953736e+26,0.000000
10,8,50,5.8726645e+26,0.000000
7,3,45,5.7976055e+26,0.000000
5,-1,47,5.7929821e+26,0.000000
8,3,31,5.7886252e+26,0.000000
4,3,-23,5.7796695e+26,0.000000
9,7,50,5.7254202e+26,0.000000
10,-5,15,5.7209077e+26,0.000000
6,1,35,5.7084944e+26,0.000000
7,2,-14,5.7039359e+26,0.000000
6,4,49,5.6844863e+26,0.000000
5,3,-23,5.6839038e+26,0.000000
7,1,-23,5.6693481e+26,0.000000
9,6,36,5.5427731e+26,0.000000
7,-2,-9,5.534432e+26,0.000000
3,2,-29,5.5172062e+26,0.000000
7,-2,38,5.5136691e+26,0.000000
4,2,-28,5.5097675e+26,0.000000
10,8,38,5.5073274e+26,0.000000
10,-3,4,5.5045489e+26,0.000000
6,1,-1,5.4941046e+26,0.000000
10,-8,-8,5.4703632e+26,0.000000
7,-3,-9,5.4408338e+26,0.000000
9,4,22,5.4304574e+26,0.000000
10,8,35,5.4112826e+26,0.000000
10,-5,1,5.4088228e+26,0.000000
9,-5,43,5.368975e+26,0.000000
6,1,36,5.3628927e+26,0.000000
8,2,29,5.3475138e+26,0.000000
7,4,50,5.3090415e+26,0.000000
10,7,-3,5.269318e+26,0.000000
10,5,2,5.2513833e+26,0.000000
3,-1,-48,5.2375314e+26,0.000000
9,-6,54,5.232336e+26,0.000000
7,-3,47,5.2290079e+26,0.000000
10,6,16,5.2198621e+26,0.000000
7,-2,-8,5.1775371e+26,0.000000
7,-2,-10,5.1383661e+26,0.000000
8,-2,23,5.1315369e+26,0.000000
8,-2,22,5.1310685e+26,0.000000
7,2,37,5.1173432e+26,0.000000
7,0,-17,5.0853425e+26,0.000000
7,0,17,5.0853425e+26,0.000000
4,4,-19,5.0775345e+26,0.000000
8,-2,20,5.0583394e+26,0.000000
10,5,-1,5.0323756e+26,0.000000
6,4,-14,5.0287333e+26,0.000000
10,-4,15,5.0118137e+26,0.000000
8,-4,-3,5.0020442e+26,0.000000
10,8,36,4.9653359e+26,0.000000
7,1,32,4.9651811e+26,0.000000
8,-2,21,4.9513699e+26,0.000000
10,-6,45,4.9200077e+26,0.000000
7,-5,-6,4.9174319e+26,0.000000
9,-1,9,4.9164654e+26,0.000000
8,3,32,4.909853e+26,0.000000
5,-5,-16,4.883806e+26,0.000000
6,1,37,4.8723557e+26,0.000000
8,1,18,4.8668951e+26,0.000000
3,3,-28,4.8653819e+26,0.000000
8,-2,24,4.8511025e+26,0.000000
4,-1,-41,4.8202373e+26,0.000000
9,3,22,4.7802331e+26,0.000000
6,2,-25,4.7774537e+26,0.000000
8,-1,20,4.7669646e+26,0.000000
8,6,54,4.7579975e+26,0.000000
6,4,50,4.7537442e+26,0.000000
6,3,-8,4.7488866e+26,0.000000
3,-3,-42,4.7346487e+26,0.000000
10,7,1,4.7177673e+26,0.000000
6,3,52,4.7127008e+26,0.000000
10,4,2,4.7070995e+26,0.000000
7,5,52,4.6466764e+26,0.000000
9,7,51,4.6458429e+26,0.000000
10,7,47,4.6328493e+26,0.000000
9,5,33,4.5946933e+26,0.000000
10,8,37,4.5873047e+26,0.000000
5,1,50,4.5524891e+26,0.000000
6,4,51,4.5385199e+26,0.000000
10,7,20,4.5183009e+26,0.000000
4,0,-52,4.5080705e+26,0.000000
4,0,52,4.5080705e+26,0.000000
5,-1,48,4.4927682e+26,0.000000
6,0,-36,4.4899732e+26,0.000000
6,0,36,4.4899732e+26,0.000000
9,-2,3,4.4796679e+26,0.000000
10,-5,16,4.4611819e+26,0.000000
8,-3,38,4.430395e+26,0.000000
2,2,-29,4.4210048e+26,0.000000
7,-3,-6,4.417844e+26,0.000000
6,-2,-25,4.3979344e+26,0.000000
6,-2,48,4.3951293e+26,0.000000
5,-1,-36,4.3947324e+26,0.000000
2,1,-45,4.3873816e+26,0.000000
10,6,17,4.386693e+26,0.000000
6,-3,51,4.3781149e+26,0.000000
6,3,-4,4.3675848e+26,0.000000
8,-2,25,4.346359e+26,0.000000
3,-2,-40,4.3456744e+26,0.000000
7,-2,-11,4.337287e+26,0.000000
10,5,1,4.3320627e+26,0.000000
9,6,37,4.2934475e+26,0.000000
6,1,38,4.2849711e+26,0.000000
5,-3,-28,4.2826881e+26,0.000000
9,-3,25,4.2402292e+26,0.000000
10,-6,-6,4.2134047e+26,0.000000
8,-4,35,4.2070773e+26,0.000000
5,0,-45,4.1974473e+26,0.000000
5,0,45,4.1974473e+26,0.000000
7,3,46,4.1968645e+26,0.000000
5,1,-38,4.1906975e+26,0.000000
8,2,30,4.154506e+26,0.000000
4,-3,-33,4.1467165e+26,0.000000
7,4,51,4.1266829e+26,0.000000
9,2,1,4.1246421e+26,0.000000
10,8,41,4.1171921e+26,0.000000
8,5,36,4.0947515e+26,0.000000
8,3,33,4.0798139e+26,0.000000
7,1,-24,4.0681534e+26,0.000000
10,4,7,4.0573166e+26,0.000000
9,4,23,4.0299659e+26,0.000000
5,3,54,4.0112127e+26,0.000000
6,2,46,4.0083781e+26,0.000000
3,2,-30,4.0038049e+26,0.000000
4,-4,-30,3.9908626e+26,0.000000
9,7,53,3.9827981e+26,0.000000
10,4,6,3.9827329e+26,0.000000
9,-4,25,3.9350767e+26,0.000000
10,4,8,3.9334744e+26,0.000000
6,1,-30,3.9267959e+26,0.000000
10,9,-3,3.9164041e+26,0.000000
7,-1,31,3.8929175e+26,0.000000
6,-1,24,3.8920437e+26,0.000000
3,1,-44,3.8831257e+26,0.000000
8,4,34,3.8524132e+26,0.000000
7,2,-15,3.8514078e+26,0.000000
7,-2,-7,3.8295985e+26,0.000000
10,5,3,3.8202416e+26,0.000000
10,4,5,3.7922568e+26,0.000000
9,7,52,3.7909701e+26,0.000000
10,8,40,3.7900956e+26,0.000000
9,-1,1,3.7639628e+26,0.000000
8,1,19,3.7229695e+26,0.000000
8,-2,26,3.7188947e+26,0.000000
7,-3,48,3.6855207e+26,0.000000
10,-6,46,3.6791748e+26,0.000000
5,4,-12,3.6778847e+26,0.000000
6,1,39,3.6632993e+26,0.000000
6,-2,-3,3.6509223e+26,0.000000
7,-4,-4,3.6344603e+26,0.000000
10,-10,-9,3.6301168e+26,0.000000
6,-4,-20,3.627408e+26,0.000000
10,8,45,3.6226882e+26,0.000000
8,6,55,3.6135763e+26,0.000000
10,-5,17,3.5841937e+26,0.000000
10,4,4,3.5812087e+26,0.000000
10,4,9,3.5792726e+26,0.000000
10,4,3,3.5663021e+26,0.000000
10,6,18,3.5475127e+26,0.000000
7,-1,-14,3.5442873e+26,0.000000
9,-6,55,3.5434645e+26,0.000000
10,-4,16,3.5385833e+26,0.000000
3,-1,-49,3.4923487e+26,0.000000
9,5,34,3.4922313e+26,0.000000
4,1,-40,3.4799877e+26,0.000000
7,-3,-10,3.4723701e+26,0.000000
4,0,-53,3.4580677e+26,0.000000
4,0,53,3.4580677e+26,0.000000
5,-1,49,3.4412089e+26,0.000000
5,3,-24,3.4402799e+26,0.000000
5,-4,-21,3.429912e+26,0.000000
7,-2,-12,3.4144961e+26,0.000000
9,-5,44,3.4135063e+26,0.000000
7,-2,39,3.4103559e+26,0.000000
8,-1,21,3.4063914e+26,0.000000
5,-2,-24,3.4002521e+26,0.000000
6,-1,-11,3.3723083e+26,0.000000
7,2,-5,3.3659071e+26,0.000000
8,3,34,3.3293336e+26,0.000000
2,2,-30,3.3243883e+26,0.000000
6,-1,-10,3.3031489e+26,0.000000
6,4,52,3.2912399e+26,0.000000
8,-3,39,3.2911313e+26,0.000000
9,6,38,3.2889651e+26,0.000000
4,3,-24,3.288514e+26,0.000000
10,-3,3,3.2606425e+26,0.000000
10,7,24,3.2596745e+26,0.000000
7,2,38,3.2561334e+26,0.000000
7,5,53,3.2425318e+26,0.000000
6,0,-37,3.1672003e+26,0.000000
6,0,37,3.1672003e+26,0.000000
8,2,31,3.1630901e+26,0.000000
6,-1,-12,3.1290465e+26,0.000000
9,3,23,3.1214007e+26,0.000000
9,-1,10,3.1157758e+26,0.000000
6,-1,-6,3.1077186e+26,0.000000
6,3,-9,3.1000243e+26,0.000000
6,3,53,3.0876743e+26,0.000000
7,3,-13,3.0855259e+26,0.000000
8,-2,27,3.0617748e+26,0.000000
6,1,40,3.0585659e+26,0.000000
10,4,10,3.0344558e+26,0.000000
7,3,47,3.030205e+26,0.000000
8,2,-7,3.0249795e+26,0.000000
9,9,-6,3.0238212e+26,0.000000
7,4,52,3.0209299e+26,0.000000
10,7,23,2.9880829e+26,0.000000
10,-3,5,2.9744237e+26,0.000000
10,-5,18,2.9617011e+26,0.000000
7,-1,-18,2.9566145e+26,0.000000
7,-1,-17,2.9481997e+26,0.000000
5,1,51,2.906163e+26,0.000000
9,4,24,2.9016265e+26,0.000000
6,4,-15,2.8687852e+26,0.000000
5,2,46,2.8681082e+26,0.000000
7,1,-25,2.8542946e+26,0.000000
6,-1,-9,2.8495336e+26,0.000000
3,-2,-41,2.8493732e+26,0.000000
3,2,-31,2.8427376e+26,0.000000
10,-9,-8,2.8385095e+26,0.000000
3,-3,-43,2.8380922e+26,0.000000
6,-3,52,2.8352647e+26,0.000000
10,-4,-1,2.8174433e+26,0.000000
10,8,43,2.8074826e+26,0.000000
4,0,-54,2.8052709e+26,0.000000
4,0,54,2.8052709e+26,0.000000
10,5,-2,2.8013924e+26,0.000000
10,6,19,2.784571e+26,0.000000
9,2,7,2.7631254e+26,0.000000
8,1,20,2.762288e+26,0.000000
7,1,33,2.7609907e+26,0.000000
10,-4,17,2.7452337e+26,0.000000
5,2,-24,2.7350834e+26,0.000000
6,4,53,2.7264411e+26,0.000000
10,-6,47,2.7252351e+26,0.000000
5,-5,-17,2.7212908e+26,0.000000
7,-1,-19,2.7059352e+26,0.000000
3,-1,-55,2.7023386e+26,0.000000
6,-1,-13,2.7015558e+26,0.000000
5,0,-46,2.6996403e+26,0.000000
5,0,46,2.6996403e+26,0.000000
10,7,-1,2.6829624e+26,0.000000
8,3,35,2.673674e+26,0.000000
7,-1,-16,2.6717981e+26,0.000000
3,-1,-50,2.6709218e+26,0.000000
5,5,-8,2.66656e+26,0.000000
9,2,8,2.6431297e+26,0.000000
9,2,6,2.6241187e+26,0.000000
5,-3,-29,2.6197768e+26,0.000000
9,5,35,2.6116286e+26,0.000000
10,5,4,2.6059267e+26,0.000000
5,-1,50,2.6052952e+26,0.000000
6,3,-10,2.598202e+26,0.000000
4,-2,-26,2.5943801e+26,0.000000
7,-3,49,2.5938956e+26,0.000000
3,3,-29,2.5813449e+26,0.000000
10,8,44,2.5780938e+26,0.000000
5,1,52,2.5592628e+26,0.000000
7,-2,-13,2.5465358e+26,0.000000
9,-4,26,2.5437809e+26,0.000000
2,1,-46,2.5397248e+26,0.000000
2,2,-31,2.5388799e+26,0.000000
9,7,54,2.5326516e+26,0.000000
7,2,-16,2.5317064e+26,0.000000
5,2,53,2.5301448e+26,0.000000
3,-1,-54,2.5258821e+26,0.000000
4,-1,-42,2.515573e+26,0.000000
5,-1,-37,2.5072075e+26,0.000000
10,-5,19,2.5058161e+26,0.000000
6,1,41,2.5042676e+26,0.000000
5,2,54,2.4950882e+26,0.000000
9,6,39,2.4917699e+26,0.000000
5,2,52,2.4719548e+26,0.000000
7,-1,-15,2.4685304e+26,0.000000
4,4,-20,2.4660257e+26,0.000000
4,-3,-34,2.4608331e+26,0.000000
10,8,-5,2.4493884e+26,0.000000
8,-2,28,2.4409985e+26,0.000000
8,-3,40,2.4239104e+26,0.000000
6,2,-26,2.4180838e+26,0.000000
6,1,-31,2.406547e+26,0.000000
7,0,-18,2.4027676e+26,0.000000
7,0,18,2.4027676e+26,0.000000
10,4,11,2.3899506e+26,0.000000
5,2,55,2.3894029e+26,0.000000
9,-3,26,2.3767639e+26,0.000000
3,-1,-53,2.3740552e+26,0.000000
4,0,-55,2.3738649e+26,0.000000
4,0,55,2.3738649e+26,0.000000
8,-1,22,2.3731467e+26,0.000000
8,2,32,2.3665495e+26,0.000000
9,8,-5,2.354282e+26,0.000000
10,7,25,2.3527648e+26,0.000000
10,-4,18,2.3479303e+26,0.000000
3,-1,-51,2.3459095e+26,0.000000
6,3,-11,2.3438922e+26,0.000000
6,-6,-10,2.3353264e+26,0.000000
5,1,-39,2.3341651e+26,0.000000
9,2,9,2.3329446e+26,0.000000
8,5,37,2.3070708e+26,0.000000
7,-1,-20,2.3045059e+26,0.000000
5,2,51,2.30364e+26,0.000000
6,-2,49,2.303046e+26,0.000000
3,-1,-52,2.2900422e+26,0.000000
7,4,53,2.2741212e+26,0.000000
6,2,47,2.2691437e+26,0.000000
6,-2,-26,2.2681588e+26,0.000000
7,5,54,2.2639945e+26,0.000000
8,-4,36,2.2600579e+26,0.000000
6,4,54,2.2487429e+26,0.000000
6,0,-38,2.2162638e+26,0.000000
6,0,38,2.2162638e+26,0.000000
5,3,55,2.2090398e+26,0.000000
6,-1,-14,2.2056538e+26,0.000000
10,8,47,2.1927538e+26,0.000000
9,2,5,2.1887349e+26,0.000000
7,3,48,2.1831249e+26,0.000000
7,-1,32,2.1819062e+26,0.000000
10,-5,20,2.1564174e+26,0.000000
9,-5,45,2.1552079e+26,0.000000
10,-4,19,2.1482619e+26,0.000000
6,-1,-8,2.1432869e+26,0.000000
8,3,36,2.1166114e+26,0.000000
10,7,26,2.109162e+26,0.000000
10,9,-2,2.10643e+26,0.000000
5,4,-13,2.0929942e+26,0.000000
8,4,35,2.0906391e+26,0.000000
7,-2,40,2.0895123e+26,0.000000
6,3,-12,2.0828419e+26,0.000000
10,6,20,2.0742401e+26,0.000000
10,5,0,2.0705398e+26,0.000000
5,3,-25,2.0687292e+26,0.000000
6,-4,-21,2.0552253e+26,0.000000
3,1,-45,2.0525829e+26,0.000000
7,2,39,2.0518897e+26,0.000000
4,-4,-31,2.0478961e+26,0.000000
6,-1,25,2.0458809e+26,0.000000
6,-6,-9,2.0337351e+26,0.000000
7,-3,-11,2.0321822e+26,0.000000
5,2,50,2.0275236e+26,0.000000
9,4,25,2.0255395e+26,0.000000
6,-5,-8,2.0216069e+26,0.000000
10,-4,20,2.0191836e+26,0.000000
6,1,42,2.0178022e+26,0.000000
10,-6,48,2.0009939e+26,0.000000
6,3,54,1.9998834e+26,0.000000
9,7,55,1.9996191e+26,0.000000
8,1,21,1.9936357e+26,0.000000
3,2,-32,1.9822252e+26,0.000000
7,1,-26,1.9657087e+26,0.000000
9,3,24,1.9617242e+26,0.000000
10,7,27,1.9589535e+26,0.000000
5,-1,51,1.9503874e+26,0.000000
9,5,36,1.9228681e+26,0.000000
10,5,5,1.9204115e+26,0.000000
9,1,2,1.9198696e+26,0.000000
9,2,10,1.9142102e+26,0.000000
10,7,28,1.9120043e+26,0.000000
5,-4,-22,1.9045029e+26,0.000000
8,-2,29,1.8941886e+26,0.000000
5,5,-9,1.8939503e+26,0.000000
2,2,-32,1.8935235e+26,0.000000
10,-4,21,1.8900398e+26,0.000000
5,1,53,1.8858861e+26,0.000000
10,-5,21,1.873257e+26,0.000000
4,3,-25,1.8708048e+26,0.000000
9,6,40,1.8674438e+26,0.000000
3,-2,-42,1.8580861e+26,0.000000
7,-1,-21,1.8567788e+26,0.000000
6,4,55,1.8517213e+26,0.000000
4,1,-41,1.8235991e+26,0.000000
7,-3,50,1.8230955e+26,0.000000
6,-3,53,1.8198626e+26,0.000000
7,-2,-14,1.8179194e+26,0.000000
6,-5,-7,1.8154562e+26,0.000000
6,-6,-11,1.8059387e+26,0.000000
9,-1,11,1.8005345e+26,0.000000
6,3,-13,1.779686e+26,0.000000
8,-7,-8,1.7754173e+26,0.000000
6,-1,-7,1.7751651e+26,0.000000
8,-3,41,1.7714785e+26,0.000000
7,-2,-6,1.7547302e+26,0.000000
10,4,12,1.7487107e+26,0.000000
8,2,33,1.7437656e+26,0.000000
3,-3,-44,1.7383469e+26,0.000000
10,-4,22,1.7311395e+26,0.000000
5,0,-47,1.7273855e+26,0.000000
5,0,47,1.7273855e+26,0.000000
9,2,2,1.7242911e+26,0.000000
6,-1,-15,1.7221129e+26,0.000000
7,4,54,1.7109877e+26,0.000000
10,7,29,1.7048535e+26,0.000000
5,2,49,1.6917085e+26,0.000000
4,2,-29,1.6676551e+26,0.000000
8,3,37,1.6542131e+26,0.000000
9,5,-4,1.6522207e+26,0.000000
10,8,48,1.6347891e+26,0.000000
10,-5,22,1.6305473e+26,0.000000
6,4,-16,1.6292961e+26,0.000000
7,2,-17,1.6235012e+26,0.000000
8,-1,23,1.6144845e+26,0.000000
10,7,30,1.6139333e+26,0.000000
5,2,47,1.6046431e+26,0.000000
6,1,43,1.6046065e+26,0.000000
5,-3,-30,1.599776e+26,0.000000
9,-4,27,1.5892568e+26,0.000000
7,5,55,1.5823535e+26,0.000000
7,-7,-9,1.5801819e+26,0.000000
7,3,49,1.5698982e+26,0.000000
5,-5,-18,1.5496817e+26,0.000000
6,0,-39,1.5400396e+26,0.000000
6,0,39,1.5400396e+26,0.000000
10,-4,23,1.5392603e+26,0.000000
10,8,49,1.5348987e+26,0.000000
10,5,6,1.5291007e+26,0.000000
9,2,4,1.5040462e+26,0.000000
7,1,34,1.5035127e+26,0.000000
10,-2,4,1.4974644e+26,0.000000
10,6,21,1.4959524e+26,0.000000
2,1,-47,1.4951202e+26,0.000000
10,7,32,1.4683037e+26,0.000000
6,1,-32,1.4675401e+26,0.000000
9,2,11,1.4652e+26,0.000000
4,-3,-35,1.4616187e+26,0.000000
6,3,-14,1.4596115e+26,0.000000
7,3,-14,1.4579886e+26,0.000000
10,-6,49,1.4575092e+26,0.000000
10,7,31,1.4566563e+26,0.000000
5,-1,52,1.4438102e+26,0.000000
5,2,48,1.4402073e+26,0.000000
8,-2,30,1.4365968e+26,0.000000
7,-1,-22,1.4328539e+26,0.000000
5,-1,-38,1.4208129e+26,0.000000
10,8,51,1.4146568e+26,0.000000
10,-5,23,1.4130269e+26,0.000000
7,7,-7,1.4069218e+26,0.000000
8,1,22,1.4028691e+26,0.000000
5,-2,-25,1.3996406e+26,0.000000
8,-3,-2,1.399467e+26,0.000000
9,5,37,1.3946082e+26,0.000000
9,6,41,1.3831789e+26,0.000000
3,3,-30,1.3758228e+26,0.000000
5,1,54,1.3727728e+26,0.000000
2,2,-33,1.3706398e+26,0.000000
9,4,26,1.3691226e+26,0.000000
3,2,-33,1.3617108e+26,0.000000
9,-2,4,1.3560095e+26,0.000000
9,-5,46,1.3558894e+26,0.000000
8,-4,37,1.3530663e+26,0.000000
7,1,-27,1.3328245e+26,0.000000
10,-4,24,1.3253085e+26,0.000000
8,5,38,1.3085925e+26,0.000000
4,-1,-43,1.2981163e+26,0.000000
6,-1,-16,1.296347e+26,0.000000
8,8,-7,1.2943008e+26,0.000000
5,1,-40,1.289602e+26,0.000000
7,4,55,1.2873025e+26,0.000000
8,-3,42,1.2857358e+26,0.000000
10,5,7,1.2844787e+26,0.000000
7,2,40,1.2802356e+26,0.000000
7,-3,51,1.2794502e+26,0.000000
8,3,38,1.2779324e+26,0.000000
6,3,55,1.2767413e+26,0.000000
9,-3,27,1.2727992e+26,0.000000
10,-2,2,1.2695313e+26,0.000000
8,2,34,1.267736e+26,0.000000
7,-2,41,1.2676234e+26,0.000000
6,1,44,1.2623694e+26,0.000000
9,1,7,1.2617625e+26,0.000000
7,-2,-15,1.2512269e+26,0.000000
6,2,48,1.2484275e+26,0.000000
10,7,33,1.2376705e+26,0.000000
5,3,-26,1.2374415e+26,0.000000
7,2,-2,1.2248264e+26,0.000000
9,1,6,1.2222576e+26,0.000000
10,5,8,1.2140067e+26,0.000000
10,-5,24,1.2129181e+26,0.000000
10,10,-5,1.2119411e+26,0.000000
3,-2,-43,1.205959e+26,0.000000
6,2,-27,1.2039198e+26,0.000000
7,-1,33,1.2005449e+26,0.000000
4,4,-21,1.2005061e+26,0.000000
10,4,13,1.1925689e+26,0.000000
6,-6,-12,1.1889272e+26,0.000000
5,4,-14,1.1851873e+26,0.000000
9,3,25,1.1843872e+26,0.000000
8,4,36,1.1809314e+26,0.000000
6,-2,50,1.1682996e+26,0.000000
6,-4,-22,1.1614546e+26,0.000000
6,-3,54,1.1550338e+26,0.000000
6,3,-15,1.153514e+26,0.000000
6,-2,-27,1.1516444e+26,0.000000
7,3,50,1.1269578e+26,0.000000
7,-3,-12,1.1130821e+26,0.000000
5,2,-25,1.1105652e+26,0.000000
10,7,34,1.1084274e+26,0.000000
3,1,-46,1.1058057e+26,0.000000
10,-4,25,1.1051733e+26,0.000000
5,0,-48,1.0990242e+26,0.000000
5,0,48,1.0990242e+26,0.000000
10,6,-4,1.0983051e+26,0.000000
3,-3,-45,1.0961106e+26,0.000000
10,-3,6,1.0888384e+26,0.000000
8,1,-6,1.0875765e+26,0.000000
9,1,8,1.0797317e+26,0.000000
7,0,-19,1.0757483e+26,0.000000
7,0,19,1.0757483e+26,0.000000
8,-1,24,1.0739e+26,0.000000
7,-1,-23,1.0685794e+26,0.000000
8,-2,31,1.0684084e+26,0.000000
4,3,-26,1.0645581e+26,0.000000
6,0,-40,1.0635492e+26,0.000000
6,0,40,1.0635492e+26,0.000000
5,-1,53,1.0565575e+26,0.000000
5,-4,-23,1.0547515e+26,0.000000
10,7,-4,1.0543199e+26,0.000000
10,-6,50,1.0540656e+26,0.000000
4,-4,-32,1.0531771e+26,0.000000
10,9,-4,1.0520123e+26,0.000000
9,2,12,1.0475384e+26,0.000000
6,-1,26,1.0398319e+26,0.000000
10,6,22,1.0390243e+26,0.000000
7,1,-2,1.0277153e+26,0.000000
10,-5,25,1.027424e+26,0.000000
10,-3,2,1.0208166e+26,0.000000
7,2,-18,1.0172308e+26,0.000000
9,6,42,1.0133665e+26,0.000000
8,1,-5,1.0024519e+26,0.000000
10,8,52,1.0005031e+26,0.000000
10,-5,0,9.9959588e+25,0.000000
9,5,38,9.9668654e+25,0.000000
5,1,55,9.8631728e+25,0.000000
10,5,9,9.8442813e+25,0.000000
6,1,45,9.8442712e+25,0.000000
10,7,35,9.7845351e+25,0.000000
8,3,39,9.7694642e+25,0.000000
5,-3,-31,9.7547497e+25,0.000000
2,2,-34,9.6759791e+25,0.000000
8,1,23,9.6416916e+25,0.000000
8,-4,38,9.6261919e+25,0.000000
4,-2,-27,9.6035087e+25,0.000000
7,-6,-8,9.5940833e+25,0.000000
9,-4,28,9.5753694e+25,0.000000
9,-1,12,9.5015883e+25,0.000000
6,-1,-17,9.4663775e+25,0.000000
4,1,-42,9.4251397e+25,0.000000
9,2,3,9.3012345e+25,0.000000
8,-3,43,9.2744779e+25,0.000000
3,2,-34,9.2388355e+25,0.000000
6,4,-17,9.2105942e+25,0.000000
9,6,45,9.1138395e+25,0.000000
8,2,35,9.1075873e+25,0.000000
8,2,-8,9.0941929e+25,0.000000
2,1,-48,9.0205016e+25,0.000000
5,-5,-19,8.9866034e+25,0.000000
7,-3,52,8.9632045e+25,0.000000
9,4,27,8.9509736e+25,0.000000
10,-4,26,8.9380747e+25,0.000000
7,1,-28,8.9194187e+25,0.000000
8,1,-7,8.911268e+25,0.000000
6,1,-33,8.9049011e+25,0.000000
10,-5,-1,8.9008431e+25,0.000000
7,6,-6,8.8982441e+25,0.000000
6,3,-16,8.8245125e+25,0.000000
9,1,5,8.7938016e+25,0.000000
4,-3,-36,8.6866989e+25,0.000000
10,7,36,8.6791704e+25,0.000000
10,-5,26,8.5664904e+25,0.000000
5,5,-10,8.5538107e+25,0.000000
9,-5,47,8.5422358e+25,0.000000
10,5,10,8.4247275e+25,0.000000
10,-6,-5,8.3947836e+25,0.000000
9,-2,2,8.3621055e+25,0.000000
7,-2,-16,8.3468696e+25,0.000000
6,-3,-5,8.2759647e+25,0.000000
10,7,39,8.1931098e+25,0.000000
7,3,51,8.0754373e+25,0.000000
8,-4,39,8.0516266e+25,0.000000
9,1,9,8.0488405e+25,0.000000
7,1,35,7.993482e+25,0.000000
5,-1,-39,7.9909719e+25,0.000000
8,5,39,7.9589283e+25,0.000000
7,2,41,7.9059461e+25,0.000000
8,-2,32,7.8128016e+25,0.000000
3,-2,-44,7.799866e+25,0.000000
7,-1,-24,7.753208e+25,0.000000
8,2,-12,7.7094068e+25,0.000000
10,4,14,7.663762e+25,0.000000
10,7,37,7.6421587e+25,0.000000
5,-1,54,7.6387333e+25,0.000000
6,1,46,7.6217973e+25,0.000000
8,2,-13,7.6198764e+25,0.000000
7,-2,42,7.6100455e+25,0.000000
10,-6,51,7.5758392e+25,0.000000
9,-2,5,7.4783076e+25,0.000000
8,4,37,7.47043e+25,0.000000
8,3,40,7.3978892e+25,0.000000
5,3,-27,7.371102e+25,0.000000
3,3,-31,7.3667682e+25,0.000000
8,-4,40,7.3656237e+25,0.000000
7,0,-1,7.3519995e+25,0.000000
7,0,1,7.3519995e+25,0.000000
9,6,43,7.3388847e+25,0.000000
6,0,-41,7.3034039e+25,0.000000
6,0,41,7.3034039e+25,0.000000
6,-3,55,7.2270605e+25,0.000000
6,-6,-13,7.2075112e+25,0.000000
3,-3,-46,7.1775798e+25,0.000000
10,5,11,7.1493911e+25,0.000000
8,7,-6,7.1418705e+25,0.000000
5,1,-41,7.0654939e+25,0.000000
10,-4,27,7.0233078e+25,0.000000
9,5,39,7.0212532e+25,0.000000
10,-5,27,7.0195298e+25,0.000000
9,2,13,6.9953963e+25,0.000000
8,-1,25,6.9902664e+25,0.000000
10,6,23,6.9858584e+25,0.000000
5,0,-49,6.9504472e+25,0.000000
5,0,49,6.9504472e+25,0.000000
10,8,54,6.9235227e+25,0.000000
8,-4,41,6.9022928e+25,0.000000
9,3,26,6.8510794e+25,0.000000
7,-2,-4,6.788056e+25,0.000000
8,2,-14,6.7770324e+25,0.000000
6,-1,-18,6.7380841e+25,0.000000
2,2,-35,6.7158468e+25,0.000000
8,2,-11,6.7109206e+25,0.000000
5,4,-15,6.6813389e+25,0.000000
4,-1,-44,6.6778251e+25,0.000000
10,7,38,6.6752728e+25,0.000000
8,-3,44,6.6536249e+25,0.000000
6,2,49,6.6458871e+25,0.000000
7,3,-15,6.593191e+25,0.000000
6,3,-17,6.5617566e+25,0.000000
6,-4,-23,6.5507219e+25,0.000000
9,-3,28,6.51801e+25,0.000000
8,-5,-5,6.5128227e+25,0.000000
10,-3,7,6.4977709e+25,0.000000
8,1,24,6.4806905e+25,0.000000
8,2,36,6.4740846e+25,0.000000
7,-1,34,6.4700067e+25,0.000000
9,2,0,6.4626447e+25,0.000000
8,-4,42,6.4035011e+25,0.000000
7,-5,-9,6.3927556e+25,0.000000
6,-3,-6,6.2738823e+25,0.000000
7,-3,53,6.2647944e+25,0.000000
7,2,-19,6.2352391e+25,0.000000
3,2,-35,6.2028746e+25,0.000000
8,1,-8,6.2018855e+25,0.000000
3,1,-47,6.1770499e+25,0.000000
6,5,-6,6.1712196e+25,0.000000
8,-2,-1,6.1153336e+25,0.000000
4,3,-27,6.0616264e+25,0.000000
5,-3,-32,5.9401585e+25,0.000000
10,5,12,5.9320452e+25,0.000000
10,-2,5,5.9087436e+25,0.000000
7,1,-29,5.9025545e+25,0.000000
6,2,-28,5.8806576e+25,0.000000
6,1,47,5.8664248e+25,0.000000
7,-5,-8,5.8578062e+25,0.000000
6,-2,51,5.8554189e+25,0.000000
4,4,-22,5.8533535e+25,0.000000
5,-4,-24,5.8281245e+25,0.000000
8,-4,43,5.8082859e+25,0.000000
7,3,52,5.7620246e+25,0.000000
7,-3,-13,5.7586494e+25,0.000000
6,-2,-28,5.7403194e+25,0.000000
10,4,-2,5.7312476e+25,0.000000
8,5,40,5.6761645e+25,0.000000
10,-5,28,5.647936e+25,0.000000
2,1,-49,5.6439047e+25,0.000000
9,4,28,5.6374162e+25,0.000000
8,-2,33,5.6298732e+25,0.000000
8,4,38,5.613488e+25,0.000000
5,-2,-26,5.5824568e+25,0.000000
8,2,-15,5.5819047e+25,0.000000
9,-4,29,5.5553938e+25,0.000000
8,3,41,5.5540062e+25,0.000000
7,-1,-25,5.5006558e+25,0.000000
5,-1,55,5.451914e+25,0.000000
9,1,3,5.4420378e+25,0.000000
4,-4,-33,5.4298096e+25,0.000000
9,-5,48,5.4266564e+25,0.000000
7,-2,-17,5.4182796e+25,0.000000
10,-6,52,5.4174497e+25,0.000000
6,1,-34,5.3758171e+25,0.000000
10,-4,28,5.3716161e+25,0.000000
9,1,10,5.3438167e+25,0.000000
5,-5,-20,5.2884316e+25,0.000000
8,5,45,5.2655339e+25,0.000000
9,6,44,5.2589741e+25,0.000000
8,5,44,5.2152869e+25,0.000000
6,4,-18,5.1810677e+25,0.000000
4,-3,-37,5.164608e+25,0.000000
8,5,46,5.1630288e+25,0.000000
8,-4,44,5.138529e+25,0.000000
9,-2,6,5.1255535e+25,0.000000
6,-1,27,5.0935258e+25,0.000000
8,5,43,5.042741e+25,0.000000
3,-2,-45,5.0376433e+25,0.000000
7,-5,-10,5.0350683e+25,0.000000
9,-2,1,5.0260325e+25,0.000000
6,0,-42,4.9886893e+25,0.000000
6,0,42,4.9886893e+25,0.000000
10,7,40,4.9624579e+25,0.000000
4,2,-30,4.9403017e+25,0.000000
8,2,-4,4.9292773e+25,0.000000
3,-3,-47,4.9243002e+25,0.000000
8,4,39,4.9229423e+25,0.000000
8,5,47,4.9205688e+25,0.000000
8,5,41,4.9146208e+25,0.000000
9,5,40,4.8778022e+25,0.000000
8,5,42,4.859823e+25,0.000000
7,0,-20,4.8439197e+25,0.000000
7,0,20,4.8439197e+25,0.000000
10,5,13,4.8407736e+25,0.000000
8,2,-10,4.8358754e+25,0.000000
7,2,42,4.8299205e+25,0.000000
4,1,-43,4.8152656e+25,0.000000
8,-1,-6,4.7880898e+25,0.000000
10,4,15,4.7853917e+25,0.000000
6,3,-18,4.7590407e+25,0.000000
8,-3,45,4.7506745e+25,0.000000
9,-5,-4,4.7405232e+25,0.000000
7,-3,-5,4.7150914e+25,0.000000
6,-1,-19,4.6930946e+25,0.000000
8,4,40,4.6845555e+25,0.000000
9,-1,13,4.6441523e+25,0.000000
2,2,-36,4.6250913e+25,0.000000
9,-4,-2,4.6211503e+25,0.000000
10,6,24,4.6142363e+25,0.000000
8,5,48,4.5706172e+25,0.000000
8,2,37,4.558776e+25,0.000000
10,-3,8,4.5456282e+25,0.000000
8,4,41,4.5448689e+25,0.000000
7,-2,43,4.5177543e+25,0.000000
8,4,-4,4.5153689e+25,0.000000
10,-9,-9,4.5124861e+25,0.000000
6,1,48,4.4934796e+25,0.000000
10,-2,1,4.4871447e+25,0.000000
10,-5,29,4.4604453e+25,0.000000
5,-1,-40,4.4574794e+25,0.000000
8,-1,26,4.4549365e+25,0.000000
8,-4,45,4.4406201e+25,0.000000
10,7,41,4.4397898e+25,0.000000
8,-1,-7,4.4192211e+25,0.000000
8,1,-4,4.402025e+25,0.000000
5,3,-28,4.3764456e+25,0.000000
5,2,-26,4.3743183e+25,0.000000
5,0,-50,4.3696819e+25,0.000000
5,0,50,4.3696819e+25,0.000000
9,2,14,4.3655702e+25,0.000000
7,-3,54,4.3655036e+25,0.000000
8,4,42,4.3549878e+25,0.000000
8,2,-16,4.3355308e+25,0.000000
8,1,25,4.2638149e+25,0.000000
6,-6,-14,4.1706331e+25,0.000000
8,5,49,4.1523224e+25,0.000000
8,3,42,4.1373796e+25,0.000000
7,1,36,4.1332047e+25,0.000000
3,2,-36,4.1271885e+25,0.000000
7,3,53,4.1192545e+25,0.000000
8,4,43,4.0748807e+25,0.000000
9,1,4,4.0197361e+25,0.000000
10,-4,29,4.0055359e+25,0.000000
8,-2,34,4.0051143e+25,0.000000
3,3,-32,3.9627e+25,0.000000
10,5,14,3.9481004e+25,0.000000
8,2,-9,3.8984516e+25,0.000000
7,1,-30,3.8689579e+25,0.000000
10,-6,53,3.859651e+25,0.000000
5,1,-42,3.8417089e+25,0.000000
7,-1,-26,3.8309285e+25,0.000000
8,1,-9,3.8219242e+25,0.000000
9,3,27,3.7875838e+25,0.000000
9,-2,7,3.7657969e+25,0.000000
8,-4,46,3.7589485e+25,0.000000
5,4,-16,3.7490651e+25,0.000000
7,2,-20,3.7426856e+25,0.000000
8,5,50,3.723539e+25,0.000000
2,1,-50,3.7217841e+25,0.000000
8,4,44,3.715545e+25,0.000000
6,-4,-24,3.6891148e+25,0.000000
3,1,-48,3.6820812e+25,0.000000
8,-1,-5,3.6712829e+25,0.000000
5,-3,-33,3.6126303e+25,0.000000
5,5,-11,3.5829264e+25,0.000000
10,7,42,3.5770767e+25,0.000000
3,-3,-48,3.5630719e+25,0.000000
9,7,-6,3.5162602e+25,0.000000
9,-5,49,3.5066426e+25,0.000000
4,-1,-45,3.4898911e+25,0.000000
10,-3,9,3.4651143e+25,0.000000
10,-5,30,3.4572084e+25,0.000000
4,3,-28,3.4548638e+25,0.000000
7,-2,-18,3.432956e+25,0.000000
6,2,50,3.4309958e+25,0.000000
6,1,49,3.427933e+25,0.000000
9,4,29,3.4231053e+25,0.000000
7,-1,35,3.4047331e+25,0.000000
7,-5,-11,3.4046749e+25,0.000000
6,0,-43,3.3899474e+25,0.000000
6,0,43,3.3899474e+25,0.000000
8,-3,46,3.3780693e+25,0.000000
6,3,-19,3.3765809e+25,0.000000
9,5,41,3.3432909e+25,0.000000
8,-1,-8,3.3380135e+25,0.000000
8,4,45,3.306762e+25,0.000000
10,5,15,3.2832076e+25,0.000000
4,-2,-28,3.2714417e+25,0.000000
3,-2,-46,3.2600513e+25,0.000000
9,-3,29,3.2344077e+25,0.000000
8,5,51,3.2337543e+25,0.000000
9,6,49,3.2318591e+25,0.000000
6,1,-35,3.2276989e+25,0.000000
6,6,-7,3.2165079e+25,0.000000
8,2,-17,3.2136246e+25,0.000000
5,-4,-25,3.2135139e+25,0.000000
6,-1,-20,3.2087236e+25,0.000000
2,2,-37,3.191395e+25,0.000000
9,1,11,3.185447e+25,0.000000
8,2,38,3.1829539e+25,0.000000
5,-5,-21,3.1486635e+25,0.000000
8,-4,47,3.1261581e+25,0.000000
6,-2,52,3.1213203e+25,0.000000
10,4,16,3.1129396e+25,0.000000
6,-3,-7,3.1120153e+25,0.000000
9,-4,30,3.108419e+25,0.000000
4,-3,-38,3.0709893e+25,0.000000
10,6,25,3.0707162e+25,0.000000
8,3,43,3.0605728e+25,0.000000
7,-3,55,3.0298154e+25,0.000000
10,7,43,2.9935651e+25,0.000000
7,3,54,2.9288683e+25,0.000000
7,2,43,2.9173927e+25,0.000000
10,-4,30,2.9161113e+25,0.000000
6,4,-19,2.8991573e+25,0.000000
10,-2,6,2.8930999e+25,0.000000
8,4,46,2.8804481e+25,0.000000
4,4,-23,2.8570331e+25,0.000000
10,5,16,2.851495e+25,0.000000
7,3,-16,2.833072e+25,0.000000
7,-3,-14,2.8222691e+25,0.000000
9,-2,8,2.8201769e+25,0.000000
8,-2,35,2.8172416e+25,0.000000
7,-3,-3,2.8120313e+25,0.000000
4,-4,-34,2.8093452e+25,0.000000
6,2,-29,2.8069237e+25,0.000000
10,-3,10,2.7987811e+25,0.000000
6,-2,-29,2.7971287e+25,0.000000
8,5,52,2.7870818e+25,0.000000
8,-1,27,2.7800802e+25,0.000000
8,1,26,2.7471552e+25,0.000000
10,-6,54,2.7440322e+25,0.000000
3,-3,-49,2.7253841e+25,0.000000
3,2,-37,2.7244683e+25,0.000000
7,-2,44,2.6498917e+25,0.000000
2,1,-51,2.6335532e+25,0.000000
9,6,46,2.631216e+25,0.000000
10,-5,31,2.6299025e+25,0.000000
7,-1,-27,2.6269918e+25,0.000000
10,5,17,2.6149766e+25,0.000000
6,1,50,2.6060015e+25,0.000000
7,0,-21,2.5943776e+25,0.000000
7,0,21,2.5943776e+25,0.000000
5,3,-29,2.5919181e+25,0.000000
8,-4,48,2.5616685e+25,0.000000
9,2,15,2.5610301e+25,0.000000
10,5,21,2.5209789e+25,0.000000
10,5,18,2.5193279e+25,0.000000
10,5,20,2.519162e+25,0.000000
7,1,-31,2.5148821e+25,0.000000
10,5,19,2.5050811e+25,0.000000
10,7,44,2.4906894e+25,0.000000
10,5,22,2.4849026e+25,0.000000
9,9,-7,2.4840458e+25,0.000000
5,-1,-41,2.4655925e+25,0.000000
8,4,47,2.4630623e+25,0.000000
10,4,22,2.4591547e+25,0.000000
10,4,21,2.4525521e+25,0.000000
4,1,-44,2.4509543e+25,0.000000
3,1,-49,2.4355017e+25,0.000000
6,-1,28,2.4021974e+25,0.000000
10,5,23,2.3992234e+25,0.000000
8,-3,47,2.3937474e+25,0.000000
8,5,53,2.3715153e+25,0.000000
10,4,23,2.3577705e+25,0.000000
10,-3,11,2.3502728e+25,0.000000
6,3,-20,2.3497461e+25,0.000000
6,-6,-15,2.3483939e+25,0.000000
10,4,20,2.3467498e+25,0.000000
10,4,17,2.3369257e+25,0.000000
9,-5,50,2.3270445e+25,0.000000
5,-2,-27,2.2926296e+25,0.000000
8,2,-18,2.2920819e+25,0.000000
6,0,-44,2.2914922e+25,0.000000
6,0,44,2.2914922e+25,0.000000
9,3,-2,2.2742812e+25,0.000000
9,-1,14,2.2635557e+25,0.000000
10,5,24,2.2635028e+25,0.000000
9,5,42,2.2622114e+25,0.000000
8,3,44,2.2498829e+25,0.000000
2,2,-38,2.2283167e+25,0.000000
4,2,-31,2.225915e+25,0.000000
8,2,39,2.2054983e+25,0.000000
10,3,0,2.2029256e+25,0.000000
7,2,-21,2.2015884e+25,0.000000
10,4,19,2.1971287e+25,0.000000
3,-3,-50,2.19697e+25,0.000000
5,-3,-34,2.1943611e+25,0.000000
10,6,45,2.1848597e+25,0.000000
8,6,-6,2.1844123e+25,0.000000
8,-1,-9,2.1764799e+25,0.000000
10,6,26,2.1726525e+25,0.000000
10,4,24,2.1665988e+25,0.000000
6,-1,-21,2.1592508e+25,0.000000
4,2,-33,2.1562031e+25,0.000000
3,3,-33,2.1414705e+25,0.000000
8,-2,-6,2.1362317e+25,0.000000
4,2,-34,2.1320211e+25,0.000000
7,-2,-19,2.1278905e+25,0.000000
10,4,18,2.1259791e+25,0.000000
3,-2,-47,2.1250527e+25,0.000000
8,1,-10,2.1219955e+25,0.000000
7,-5,-12,2.1187373e+25,0.000000
9,-2,9,2.0962896e+25,0.000000
5,4,-17,2.0930594e+25,0.000000
10,5,25,2.0851003e+25,0.000000
5,1,-43,2.0789854e+25,0.000000
10,-4,31,2.0750502e+25,0.000000
6,-4,-25,2.0749297e+25,0.000000
8,-4,49,2.0737098e+25,0.000000
7,3,55,2.0736894e+25,0.000000
8,4,48,2.0734592e+25,0.000000
7,1,37,2.0695902e+25,0.000000
10,7,45,2.0600457e+25,0.000000
7,-2,-5,2.0592289e+25,0.000000
6,-2,53,2.0481081e+25,0.000000
2,1,-52,2.026014e+25,0.000000
10,-3,12,2.0163211e+25,0.000000
4,2,-32,2.0097873e+25,0.000000
9,4,30,2.0067453e+25,0.000000
9,3,28,2.0027511e+25,0.000000
8,5,54,1.9957218e+25,0.000000
9,4,-3,1.9856358e+25,0.000000
4,3,-29,1.9715509e+25,0.000000
10,-5,32,1.9635243e+25,0.000000
8,-2,36,1.9619794e+25,0.000000
7,0,-22,1.96083e+25,0.000000
7,0,22,1.96083e+25,0.000000
10,-6,55,1.9504938e+25,0.000000
7,0,-24,1.9451595e+25,0.000000
7,0,24,1.9451595e+25,0.000000
6,1,-36,1.926393e+25,0.000000
6,-2,55,1.9248396e+25,0.000000
7,0,-25,1.9223991e+25,0.000000
7,0,25,1.9223991e+25,0.000000
4,-1,-46,1.9179421e+25,0.000000
10,4,25,1.9154889e+25,0.000000
4,2,-35,1.9145019e+25,0.000000
8,-2,-5,1.9057293e+25,0.000000
7,0,-23,1.9010967e+25,0.000000
7,0,23,1.9010967e+25,0.000000
5,-5,-22,1.8918148e+25,0.000000
10,5,26,1.8758083e+25,0.000000
3,-3,-51,1.8528273e+25,0.000000
3,1,-50,1.8473642e+25,0.000000
10,6,33,1.8471229e+25,0.000000
10,6,32,1.8384215e+25,0.000000
9,6,50,1.8330405e+25,0.000000
4,-3,-39,1.8259269e+25,0.000000
9,6,47,1.8240472e+25,0.000000
6,-2,54,1.8059485e+25,0.000000
10,6,34,1.8032392e+25,0.000000
7,0,-26,1.8022643e+25,0.000000
7,0,26,1.8022643e+25,0.000000
3,1,-55,1.7896319e+25,0.000000
3,2,-38,1.7857795e+25,0.000000
10,6,31,1.7804103e+25,0.000000
7,-1,-28,1.7780244e+25,0.000000
5,2,-27,1.7770581e+25,0.000000
5,-4,-26,1.7680349e+25,0.000000
6,2,51,1.7554254e+25,0.000000
7,-1,36,1.742712e+25,0.000000
7,2,44,1.7411413e+25,0.000000
10,-3,13,1.7394633e+25,0.000000
10,6,27,1.7350728e+25,0.000000
8,1,27,1.7333972e+25,0.000000
10,-2,7,1.728568e+25,0.000000
10,9,-5,1.7277088e+25,0.000000
8,4,49,1.7229142e+25,0.000000
10,6,35,1.7126046e+25,0.000000
10,7,46,1.7089175e+25,0.000000
9,1,12,1.7074477e+25,0.000000
5,0,-52,1.706216e+25,0.000000
5,0,52,1.706216e+25,0.000000
10,-5,-2,1.7054999e+25,0.000000
8,-1,28,1.6983387e+25,0.000000
2,1,-53,1.6960738e+25,0.000000
9,-4,31,1.6955908e+25,0.000000
8,-3,48,1.6914314e+25,0.000000
10,6,30,1.6901363e+25,0.000000
3,1,-54,1.6866993e+25,0.000000
10,5,-3,1.6761794e+25,0.000000
8,5,55,1.6636402e+25,0.000000
10,5,27,1.6490113e+25,0.000000
8,3,45,1.6448059e+25,0.000000
10,3,2,1.6357522e+25,0.000000
10,4,26,1.6354787e+25,0.000000
9,-3,30,1.6304439e+25,0.000000
10,2,4,1.6241571e+25,0.000000
7,1,-32,1.6228255e+25,0.000000
10,2,1,1.6224402e+25,0.000000
3,-3,-52,1.6194234e+25,0.000000
9,8,-6,1.6138891e+25,0.000000
6,4,-20,1.613569e+25,0.000000
3,1,-51,1.6090466e+25,0.000000
10,3,3,1.6085591e+25,0.000000
7,0,-27,1.6084583e+25,0.000000
7,0,27,1.6084583e+25,0.000000
6,3,-21,1.6075477e+25,0.000000
10,6,29,1.60581e+25,0.000000
9,-5,51,1.5992761e+25,0.000000
3,1,-53,1.5990356e+25,0.000000
4,2,-36,1.5951053e+25,0.000000
2,2,-39,1.5890237e+25,0.000000
10,6,28,1.5879976e+25,0.000000
10,-7,-7,1.5875294e+25,0.000000
10,6,36,1.5853209e+25,0.000000
8,2,-19,1.582608e+25,0.000000
3,1,-52,1.5562255e+25,0.000000
10,2,3,1.5458275e+25,0.000000
6,0,-45,1.5405081e+25,0.000000
6,0,45,1.5405081e+25,0.000000
7,-2,45,1.5343443e+25,0.000000
5,3,-30,1.5320838e+25,0.000000
2,1,-54,1.5255973e+25,0.000000
5,5,-12,1.5250214e+25,0.000000
10,10,-6,1.5220316e+25,0.000000
9,-2,10,1.5217154e+25,0.000000
8,2,40,1.5176913e+25,0.000000
9,5,43,1.512719e+25,0.000000
6,1,52,1.4924704e+25,0.000000
10,-3,14,1.4897806e+25,0.000000
4,-4,-35,1.4610968e+25,0.000000
9,-7,-8,1.459756e+25,0.000000
3,-3,-53,1.4533045e+25,0.000000
9,2,16,1.4480079e+25,0.000000
2,1,-55,1.445058e+25,0.000000
10,-4,32,1.4443379e+25,0.000000
10,6,49,1.4399296e+25,0.000000
10,-5,33,1.4388054e+25,0.000000
10,6,37,1.4336949e+25,0.000000
6,-1,-22,1.4332832e+25,0.000000
9,1,1,1.4284314e+25,0.000000
8,0,-3,1.4238026e+25,0.000000
8,0,3,1.4238026e+25,0.000000
10,5,28,1.4176001e+25,0.000000
8,4,50,1.4165399e+25,0.000000
6,-3,-8,1.4111116e+25,0.000000
3,-2,-48,1.4060609e+25,0.000000
4,4,-24,1.3957143e+25,0.000000
9,-1,19,1.3892741e+25,0.000000
7,0,-28,1.377119e+25,0.000000
7,0,28,1.377119e+25,0.000000
9,-1,18,1.3592539e+25,0.000000
8,-2,37,1.354315e+25,0.000000
5,-1,-42,1.3535412e+25,0.000000
10,4,27,1.3530448e+25,0.000000
9,-1,15,1.3490324e+25,0.000000
8,0,-4,1.3394809e+25,0.000000
8,0,4,1.3394809e+25,0.000000
5,-3,-35,1.3310393e+25,0.000000
3,-3,-54,1.3285671e+25,0.000000
10,-2,8,1.3281659e+25,0.000000
6,-2,-30,1.3246474e+25,0.000000
9,-1,20,1.3242419e+25,0.000000
8,-4,51,1.3225572e+25,0.000000
10,8,-6,1.3139175e+25,0.000000
7,-3,-15,1.3082329e+25,0.000000
9,6,-5,1.3052728e+25,0.000000
9,6,48,1.3050163e+25,0.000000
6,2,-30,1.301784e+25,0.000000
6,-6,-16,1.3013175e+25,0.000000
7,-2,-20,1.2925595e+25,0.000000
7,2,-22,1.2697686e+25,0.000000
10,6,38,1.2689684e+25,0.000000
4,1,-45,1.2662157e+25,0.000000
4,2,-37,1.2569637e+25,0.000000
10,-2,10,1.2549221e+25,0.000000
10,-3,15,1.2548728e+25,0.000000
8,-1,-10,1.2513504e+25,0.000000
9,-1,17,1.2510977e+25,0.000000
7,-5,-13,1.2487234e+25,0.000000
9,-6,-7,1.2478649e+25,0.000000
10,-2,11,1.2470514e+25,0.000000
10,-2,9,1.2451904e+25,0.000000
3,-3,-55,1.2296822e+25,0.000000
8,1,-3,1.2275863e+25,0.000000
10,3,4,1.2174426e+25,0.000000
8,3,46,1.1966676e+25,0.000000
10,5,29,1.1925346e+25,0.000000
8,-3,49,1.1924845e+25,0.000000
10,2,5,1.1904759e+25,0.000000
7,-1,-29,1.190008e+25,0.000000
9,-1,21,1.1862115e+25,0.000000
10,-2,12,1.1807718e+25,0.000000
6,-4,-26,1.1657769e+25,0.000000
2,2,-40,1.1657581e+25,0.000000
9,-1,16,1.1655801e+25,0.000000
3,2,-39,1.1629187e+25,0.000000
3,3,-34,1.1626575e+25,0.000000
5,4,-18,1.1620999e+25,0.000000
4,-1,-47,1.1597157e+25,0.000000
8,4,51,1.1572085e+25,0.000000
9,4,31,1.1493898e+25,0.000000
7,3,-17,1.149312e+25,0.000000
8,-1,-4,1.1453371e+25,0.000000
5,-5,-23,1.1447886e+25,0.000000
9,-5,52,1.1432219e+25,0.000000
6,1,-37,1.1420131e+25,0.000000
7,0,-29,1.1394627e+25,0.000000
7,0,29,1.1394627e+25,0.000000
5,-2,-28,1.1317821e+25,0.000000
5,1,-44,1.1271723e+25,0.000000
4,3,-30,1.1266812e+25,0.000000
10,7,48,1.124909e+25,0.000000
6,1,53,1.123998e+25,0.000000
8,-2,-7,1.1023771e+25,0.000000
10,6,39,1.1014973e+25,0.000000
6,-1,29,1.099768e+25,0.000000
8,5,-5,1.0926051e+25,0.000000
10,4,28,1.0875253e+25,0.000000
4,-3,-40,1.0853774e+25,0.000000
6,3,-22,1.0835011e+25,0.000000
8,1,-11,1.0799705e+25,0.000000
8,1,28,1.0707676e+25,0.000000
5,0,-53,1.0682101e+25,0.000000
5,0,53,1.0682101e+25,0.000000
9,-2,11,1.0674292e+25,0.000000
8,2,-20,1.0627456e+25,0.000000
10,-2,13,1.0558922e+25,0.000000
8,-4,52,1.0463612e+25,0.000000
7,1,-33,1.0402986e+25,0.000000
8,2,41,1.0379021e+25,0.000000
10,-5,34,1.034594e+25,0.000000
10,-3,16,1.0328213e+25,0.000000
6,0,-46,1.0295726e+25,0.000000
6,0,46,1.0295726e+25,0.000000
9,3,29,1.0262956e+25,0.000000
7,2,45,1.0261057e+25,0.000000
8,-1,29,1.0149724e+25,0.000000
4,-2,-29,1.0089506e+25,0.000000
9,-1,22,1.0082603e+25,0.000000
9,5,44,1.0013588e+25,0.000000
7,1,38,1.0000166e+25,0.000000
10,-4,33,9.8392637e+24,0.000000
10,5,30,9.8233307e+24,0.000000
7,5,-6,9.7570666e+24,0.000000
5,-4,-27,9.7047198e+24,0.000000
6,-3,-12,9.6197887e+24,0.000000
6,2,52,9.6111049e+24,0.000000
3,-2,-49,9.5396413e+24,0.000000
4,2,-38,9.497022e+24,0.000000
6,-1,-23,9.4020891e+24,0.000000
10,6,40,9.4005373e+24,0.000000
6,-3,-13,9.3614864e+24,0.000000
8,4,52,9.3581733e+24,0.000000
9,-4,32,9.3269119e+24,0.000000
9,-3,31,9.296067e+24,0.000000
10,-3,1,9.2845922e+24,0.000000
8,-2,38,9.2749958e+24,0.000000
7,0,-30,9.1672388e+24,0.000000
7,0,30,9.1672388e+24,0.000000
6,-3,-11,9.0582093e+24,0.000000
5,3,-31,9.0428436e+24,0.000000
10,3,5,8.957507e+24,0.000000
6,4,-21,8.9326595e+24,0.000000
10,-2,14,8.9176089e+24,0.000000
10,7,49,8.8825975e+24,0.000000
2,2,-41,8.8333824e+24,0.000000
7,-2,46,8.7646139e+24,0.000000
8,3,47,8.6704796e+24,0.000000
5,2,-28,8.6578583e+24,0.000000
7,-1,37,8.6378194e+24,0.000000
10,6,50,8.5950867e+24,0.000000
10,4,29,8.5108073e+24,0.000000
9,-5,53,8.5032713e+24,0.000000
6,-3,-9,8.4859091e+24,0.000000
9,2,17,8.4849993e+24,0.000000
6,1,54,8.4469216e+24,0.000000
6,-3,-14,8.4312021e+24,0.000000
8,-3,50,8.3928068e+24,0.000000
9,1,13,8.2989308e+24,0.000000
10,-3,17,8.2694107e+24,0.000000
8,-4,53,8.2476761e+24,0.000000
9,-1,23,8.2014008e+24,0.000000
7,5,-8,8.1749657e+24,0.000000
6,-3,-10,8.1052041e+24,0.000000
5,-3,-36,8.0622647e+24,0.000000
4,-1,-48,7.9543014e+24,0.000000
10,5,31,7.9268882e+24,0.000000
7,-1,-30,7.8883137e+24,0.000000
10,6,41,7.8751278e+24,0.000000
10,-3,0,7.7941824e+24,0.000000
5,-2,-29,7.7544627e+24,0.000000
7,-2,-21,7.7034824e+24,0.000000
4,-4,-36,7.6650322e+24,0.000000
8,4,53,7.5503606e+24,0.000000
3,2,-40,7.5273049e+24,0.000000
5,-1,-43,7.3969879e+24,0.000000
10,-5,35,7.2979065e+24,0.000000
10,2,6,7.297562e+24,0.000000
6,3,-23,7.2088715e+24,0.000000
7,0,-31,7.2060946e+24,0.000000
7,0,31,7.2060946e+24,0.000000
9,-2,12,7.1839322e+24,0.000000
7,2,-23,7.1816198e+24,0.000000
6,-6,-17,7.1459606e+24,0.000000
6,-3,-15,7.1353425e+24,0.000000
10,-2,15,7.128994e+24,0.000000
7,-5,-14,7.0736559e+24,0.000000
8,2,42,7.0571847e+24,0.000000
10,7,50,7.0525729e+24,0.000000
8,2,-21,6.9662312e+24,0.000000
5,-5,-24,6.9654351e+24,0.000000
4,2,-39,6.9467377e+24,0.000000
2,2,-42,6.9128545e+24,0.000000
10,3,6,6.8863308e+24,0.000000
4,1,-46,6.872693e+24,0.000000
6,0,-47,6.8373078e+24,0.000000
6,0,47,6.8373078e+24,0.000000
4,4,-25,6.8237824e+24,0.000000
5,0,-54,6.7736688e+24,0.000000
5,0,54,6.7736688e+24,0.000000
5,5,-13,6.7615217e+24,0.000000
5,-2,-30,6.7548766e+24,0.000000
9,-3,32,6.7328986e+24,0.000000
6,1,-38,6.7177938e+24,0.000000
3,-2,-50,6.7134979e+24,0.000000
9,4,32,6.6646173e+24,0.000000
7,1,-34,6.6290414e+24,0.000000
9,5,45,6.5794944e+24,0.000000
10,-4,34,6.5614307e+24,0.000000
6,-4,-27,6.5429258e+24,0.000000
9,-5,54,6.5366999e+24,0.000000
10,6,42,6.5048318e+24,0.000000
6,2,53,6.5040372e+24,0.000000
10,4,30,6.4953603e+24,0.000000
10,3,13,6.4914782e+24,0.000000
8,-4,54,6.487797e+24,0.000000
8,1,29,6.4707795e+24,0.000000
4,-3,-41,6.4495199e+24,0.000000
4,3,-31,6.4484861e+24,0.000000
8,-1,-11,6.4321278e+24,0.000000
9,-1,24,6.4279665e+24,0.000000
10,-3,18,6.4207912e+24,0.000000
5,4,-19,6.4144038e+24,0.000000
10,3,14,6.3870713e+24,0.000000
6,2,55,6.3617136e+24,0.000000
3,3,-35,6.3422999e+24,0.000000
6,1,55,6.3212706e+24,0.000000
8,-2,39,6.3074316e+24,0.000000
10,3,12,6.3023297e+24,0.000000
5,-2,-31,6.282668e+24,0.000000
10,5,32,6.2681873e+24,0.000000
8,3,48,6.2607295e+24,0.000000
5,1,-45,6.2025698e+24,0.000000
9,2,23,6.1943731e+24,0.000000
9,2,22,6.1633076e+24,0.000000
4,-1,-49,6.1207078e+24,0.000000
6,-1,-24,6.1045502e+24,0.000000
9,-3,33,6.0716657e+24,0.000000
6,-2,-31,6.0436059e+24,0.000000
8,0,-5,6.0410313e+24,0.000000
8,0,5,6.0410313e+24,0.000000
9,-3,34,6.0140165e+24,0.000000
7,5,-9,5.9972118e+24,0.000000
10,3,15,5.9890586e+24,0.000000
9,-3,35,5.9760914e+24,0.000000
7,2,46,5.9697288e+24,0.000000
9,2,24,5.9427975e+24,0.000000
8,-1,30,5.9279944e+24,0.000000
8,-3,51,5.8995611e+24,0.000000
10,3,11,5.8979915e+24,0.000000
9,2,18,5.8756372e+24,0.000000
6,2,54,5.874337e+24,0.000000
9,2,21,5.8581264e+24,0.000000
6,2,-31,5.815726e+24,0.000000
5,2,-29,5.800474e+24,0.000000
9,-1,-9,5.7968105e+24,0.000000
9,-3,36,5.7566152e+24,0.000000
6,-3,-16,5.7479896e+24,0.000000
5,-2,-32,5.7304909e+24,0.000000
7,-3,-16,5.7059794e+24,0.000000
7,-1,-2,5.6906613e+24,0.000000
10,3,7,5.6860263e+24,0.000000
10,7,51,5.5741319e+24,0.000000
7,-5,-7,5.5716831e+24,0.000000
9,-4,33,5.5707549e+24,0.000000
2,2,-43,5.5670004e+24,0.000000
9,-1,-10,5.559385e+24,0.000000
7,0,-32,5.5559732e+24,0.000000
7,0,32,5.5559732e+24,0.000000
10,2,12,5.5148055e+24,0.000000
9,2,25,5.466857e+24,0.000000
10,3,10,5.4342107e+24,0.000000
9,2,20,5.4192701e+24,0.000000
10,-2,16,5.4064126e+24,0.000000
10,7,-5,5.3799079e+24,0.000000
10,2,13,5.3758567e+24,0.000000
10,3,16,5.3558758e+24,0.000000
9,3,30,5.3456805e+24,0.000000
9,-3,37,5.3376391e+24,0.000000
8,1,-12,5.3327953e+24,0.000000
5,3,-32,5.3311685e+24,0.000000
5,-4,-28,5.3125922e+24,0.000000
10,6,43,5.29494e+24,0.000000
10,2,2,5.2375992e+24,0.000000
9,2,19,5.2033697e+24,0.000000
7,-1,-31,5.1848967e+24,0.000000
8,4,54,5.1782092e+24,0.000000
10,2,11,5.1593887e+24,0.000000
9,-5,55,5.1509655e+24,0.000000
10,3,8,5.1440349e+24,0.000000
10,3,9,5.1150812e+24,0.000000
8,-4,55,5.1007973e+24,0.000000
10,3,1,5.0945835e+24,0.000000
6,-1,30,5.0652758e+24,0.000000
4,-1,-50,5.0613749e+24,0.000000
10,-5,36,5.047322e+24,0.000000
5,-2,-33,5.020468e+24,0.000000
7,4,-5,4.9750411e+24,0.000000
10,-4,-2,4.9667447e+24,0.000000
4,2,-40,4.9545198e+24,0.000000
3,-2,-51,4.9509843e+24,0.000000
7,-2,47,4.9406936e+24,0.000000
6,4,-22,4.9198135e+24,0.000000
5,2,-30,4.9134991e+24,0.000000
8,4,55,4.8875956e+24,0.000000
9,-1,25,4.880952e+24,0.000000
9,-1,-8,4.8762434e+24,0.000000
5,-3,-37,4.8751115e+24,0.000000
10,5,33,4.857568e+24,0.000000
9,2,26,4.8477991e+24,0.000000
3,2,-41,4.8446897e+24,0.000000
10,4,31,4.8402756e+24,0.000000
6,-5,-10,4.8396517e+24,0.000000
10,2,14,4.8295495e+24,0.000000
10,-3,19,4.8230758e+24,0.000000
9,-3,38,4.7745918e+24,0.000000
8,2,43,4.7730725e+24,0.000000
6,3,-24,4.7430092e+24,0.000000
7,1,39,4.6736999e+24,0.000000
9,-1,-11,4.6295721e+24,0.000000
9,-2,13,4.6179416e+24,0.000000
2,2,-44,4.5868505e+24,0.000000
10,3,17,4.5762761e+24,0.000000
8,-1,0,4.5340956e+24,0.000000
6,0,-48,4.508971e+24,0.000000
6,0,48,4.508971e+24,0.000000
8,3,49,4.5082831e+24,0.000000
7,-2,-22,4.5077453e+24,0.000000
8,2,-22,4.4706088e+24,0.000000
6,-3,-17,4.4516247e+24,0.000000
5,2,-31,4.4484785e+24,0.000000
7,3,-18,4.4194848e+24,0.000000
5,0,-55,4.4063222e+24,0.000000
5,0,55,4.4063222e+24,0.000000
10,2,10,4.3951345e+24,0.000000
10,7,52,4.3821941e+24,0.000000
10,2,7,4.3527587e+24,0.000000
8,1,0,4.3356637e+24,0.000000
9,1,-4,4.3241696e+24,0.000000
9,5,46,4.308982e+24,0.000000
4,-1,-51,4.2971293e+24,0.000000
8,4,-7,4.2876621e+24,0.000000
10,-4,35,4.2835284e+24,0.000000
7,3,-4,4.2780609e+24,0.000000
10,6,44,4.2676714e+24,0.000000
8,-2,40,4.2621953e+24,0.000000
5,-5,-25,4.2565913e+24,0.000000
8,-6,-8,4.2510894e+24,0.000000
5,-2,-34,4.2285168e+24,0.000000
7,0,-33,4.2146552e+24,0.000000
7,0,33,4.2146552e+24,0.000000
9,4,33,4.2146211e+24,0.000000
7,1,-35,4.2002869e+24,0.000000
9,-1,-4,4.1865459e+24,0.000000
9,2,27,4.1640137e+24,0.000000
8,-3,52,4.1432938e+24,0.000000
6,-1,-2,4.140754e+24,0.000000
9,-3,39,4.1389835e+24,0.000000
7,-1,38,4.130462e+24,0.000000
4,1,-47,4.1041449e+24,0.000000
6,-5,-9,4.1028561e+24,0.000000
6,-5,-11,4.0882421e+24,0.000000
4,-4,-37,4.0779989e+24,0.000000
5,-1,-44,4.0515984e+24,0.000000
10,2,15,4.0384153e+24,0.000000
7,2,-24,3.9823354e+24,0.000000
9,-4,34,3.9695178e+24,0.000000
5,2,-32,3.9585386e+24,0.000000
7,-4,-10,3.9386632e+24,0.000000
6,-1,-25,3.9280857e+24,0.000000
6,1,-39,3.9158315e+24,0.000000
9,6,51,3.9097447e+24,0.000000
6,-6,-18,3.9060742e+24,0.000000
10,-2,17,3.8948717e+24,0.000000
9,1,14,3.8893751e+24,0.000000
7,-5,-15,3.8843311e+24,0.000000
3,-2,-52,3.8468254e+24,0.000000
2,2,-45,3.8421518e+24,0.000000
4,-3,-42,3.8311822e+24,0.000000
8,3,-3,3.8262104e+24,0.000000
8,1,30,3.8213535e+24,0.000000
7,-4,-11,3.7892571e+24,0.000000
8,-2,-13,3.7858116e+24,0.000000
10,3,18,3.743258e+24,0.000000
4,3,-32,3.6965269e+24,0.000000
10,5,34,3.688867e+24,0.000000
6,-4,-28,3.6673814e+24,0.000000
4,-1,-52,3.6614911e+24,0.000000
8,-2,-8,3.6137963e+24,0.000000
9,-1,26,3.606034e+24,0.000000
8,-2,-12,3.571539e+24,0.000000
10,2,9,3.5673904e+24,0.000000
5,1,-46,3.537339e+24,0.000000
10,7,53,3.5371366e+24,0.000000
8,-2,-14,3.5263178e+24,0.000000
10,4,32,3.524602e+24,0.000000
5,4,-20,3.5191459e+24,0.000000
10,-3,20,3.4977046e+24,0.000000
9,-3,40,3.4931925e+24,0.000000
9,2,28,3.4787135e+24,0.000000
3,3,-36,3.4767109e+24,0.000000
9,-4,38,3.4746847e+24,0.000000
9,-1,-12,3.4729376e+24,0.000000
4,2,-41,3.4652109e+24,0.000000
9,-4,37,3.4560826e+24,0.000000
9,-4,35,3.4535211e+24,0.000000
5,-2,-35,3.4440928e+24,0.000000
7,2,47,3.43134e+24,0.000000
9,1,-9,3.4267264e+24,0.000000
10,-5,37,3.420115e+24,0.000000
7,5,-10,3.4138731e+24,0.000000
7,-4,-9,3.4002438e+24,0.000000
9,-4,36,3.3954192e+24,0.000000
9,-4,39,3.3938723e+24,0.000000
5,2,-33,3.3892497e+24,0.000000
7,-1,-32,3.382687e+24,0.000000
8,-1,31,3.3793635e+24,0.000000
7,4,-9,3.3696065e+24,0.000000
6,-3,-18,3.3399073e+24,0.000000
4,4,-26,3.3390316e+24,0.000000
9,4,39,3.3029263e+24,0.000000
10,2,8,3.2978652e+24,0.000000
9,4,38,3.2656244e+24,0.000000
2,2,-46,3.253125e+24,0.000000
7,-4,-12,3.2495835e+24,0.000000
8,3,50,3.2394648e+24,0.000000
9,4,40,3.235162e+24,0.000000
8,2,44,3.2117522e+24,0.000000
9,-4,40,3.2111184e+24,0.000000
9,4,34,3.1778098e+24,0.000000
10,2,16,3.1670578e+24,0.000000
9,3,31,3.154994e+24,0.000000
7,0,-34,3.1534612e+24,0.000000
7,0,34,3.1534612e+24,0.000000
3,-2,-53,3.1437337e+24,0.000000
5,3,-33,3.1398589e+24,0.000000
5,5,-14,3.1378295e+24,0.000000
9,4,37,3.135634e+24,0.000000
9,1,-10,3.1176224e+24,0.000000
9,1,-8,3.1161861e+24,0.000000
3,2,-42,3.1018495e+24,0.000000
7,4,-10,3.0930966e+24,0.000000
6,3,-25,3.0909951e+24,0.000000
8,-1,-12,3.0888109e+24,0.000000
9,4,41,3.0742005e+24,0.000000
4,-1,-53,3.0669289e+24,0.000000
4,-2,-30,3.0445788e+24,0.000000
8,0,-2,3.0435531e+24,0.000000
8,0,2,3.0435531e+24,0.000000
8,1,-13,3.0190582e+24,0.000000
6,-5,-12,3.0056713e+24,0.000000
8,-2,-15,2.9995306e+24,0.000000
9,4,36,2.9913324e+24,0.000000
6,0,-49,2.9511205e+24,0.000000
6,0,49,2.9511205e+24,0.000000
9,-4,41,2.9487634e+24,0.000000
5,-3,-38,2.9429074e+24,0.000000
10,3,19,2.9358408e+24,0.000000
8,-3,53,2.907892e+24,0.000000
9,4,35,2.9018858e+24,0.000000
5,-4,-29,2.8990141e+24,0.000000
7,4,-8,2.8889507e+24,0.000000
9,-3,41,2.8822049e+24,0.000000
8,1,-17,2.8808307e+24,0.000000
8,-2,41,2.8637856e+24,0.000000
9,4,42,2.8431618e+24,0.000000
9,2,29,2.8361253e+24,0.000000
9,-2,14,2.8335702e+24,0.000000
8,1,-18,2.8259092e+24,0.000000
8,2,-23,2.8159033e+24,0.000000
9,-1,-7,2.7982788e+24,0.000000
9,5,47,2.7931302e+24,0.000000
5,2,-34,2.7930059e+24,0.000000
4,1,-48,2.7845047e+24,0.000000
8,-2,-11,2.7757674e+24,0.000000
2,2,-47,2.7712759e+24,0.000000
7,-2,48,2.7561651e+24,0.000000
8,1,-16,2.7476067e+24,0.000000
10,5,35,2.7443096e+24,0.000000
8,-1,-3,2.7422566e+24,0.000000
10,-4,36,2.7371669e+24,0.000000
5,-2,-36,2.7291308e+24,0.000000
6,4,-23,2.696712e+24,0.000000
10,6,46,2.6890131e+24,0.000000
3,-2,-54,2.6805198e+24,0.000000
10,-2,18,2.6664759e+24,0.000000
10,7,54,2.6618244e+24,0.000000
7,1,-36,2.6469404e+24,0.000000
9,-4,42,2.6367286e+24,0.000000
6,-2,-32,2.6219945e+24,0.000000
5,-5,-26,2.6098786e+24,0.000000
8,1,-19,2.605342e+24,0.000000
9,-1,27,2.6011394e+24,0.000000
7,-2,-23,2.5903105e+24,0.000000
8,0,-10,2.5858194e+24,0.000000
8,0,10,2.5858194e+24,0.000000
7,-4,-13,2.5778438e+24,0.000000
6,-1,31,2.5743303e+24,0.000000
9,4,43,2.5672033e+24,0.000000
8,0,-11,2.5557778e+24,0.000000
8,0,11,2.5557778e+24,0.000000
9,6,52,2.5456837e+24,0.000000
7,4,-11,2.5237758e+24,0.000000
4,-1,-54,2.5138624e+24,0.000000
10,4,33,2.5092674e+24,0.000000
6,-1,-26,2.5076602e+24,0.000000
9,1,-11,2.5014151e+24,0.000000
8,1,-15,2.5008536e+24,0.000000
6,2,-32,2.4705271e+24,0.000000
9,1,19,2.4640048e+24,0.000000
10,-3,21,2.4439797e+24,0.000000
6,-3,-19,2.4418927e+24,0.000000
8,1,-14,2.4028925e+24,0.000000
9,1,20,2.3988978e+24,0.000000
9,-1,-13,2.3936027e+24,0.000000
4,2,-42,2.3892578e+24,0.000000
8,-2,-16,2.3856454e+24,0.000000
9,3,32,2.3700511e+24,0.000000
2,2,-48,2.3671837e+24,0.000000
3,-2,-55,2.35788e+24,0.000000
9,1,18,2.3431535e+24,0.000000
10,2,17,2.3416365e+24,0.000000
9,-3,42,2.3328075e+24,0.000000
7,0,-35,2.3319736e+24,0.000000
7,0,35,2.3319736e+24,0.000000
9,3,35,2.329677e+24,0.000000
7,-3,-17,2.3245637e+24,0.000000
8,3,51,2.3241342e+24,0.000000
9,3,36,2.3144763e+24,0.000000
9,-4,43,2.3034571e+24,0.000000
8,1,-20,2.2782684e+24,0.000000
4,-3,-43,2.2754578e+24,0.000000
9,3,34,2.2703069e+24,0.000000
9,4,44,2.2697814e+24,0.000000
10,-5,38,2.2685136e+24,0.000000
8,0,-12,2.2677587e+24,0.000000
8,0,12,2.2677587e+24,0.000000
9,2,30,2.2627255e+24,0.000000
6,1,-40,2.2579497e+24,0.000000
5,-1,-45,2.2537636e+24,0.000000
8,0,-9,2.2529681e+24,0.000000
8,0,9,2.2529681e+24,0.000000
5,2,-35,2.2276912e+24,0.000000
4,-4,-38,2.2209591e+24,0.000000
9,3,33,2.2156217e+24,0.000000
9,3,37,2.2110974e+24,0.000000
10,3,20,2.2099775e+24,0.000000
8,1,31,2.2024649e+24,0.000000
7,-1,-33,2.1919836e+24,0.000000
9,1,21,2.1853997e+24,0.000000
9,1,15,2.1808356e+24,0.000000
7,2,-25,2.1635317e+24,0.000000
7,1,40,2.161727e+24,0.000000
10,6,47,2.1536262e+24,0.000000
8,2,45,2.1503193e+24,0.000000
5,1,-47,2.1484624e+24,0.000000
6,-6,-19,2.1315337e+24,0.000000
4,1,-49,2.1247322e+24,0.000000
10,10,-7,2.1234515e+24,0.000000
4,3,-33,2.1222484e+24,0.000000
5,-2,-37,2.1146595e+24,0.000000
7,-5,-16,2.078477e+24,0.000000
6,-5,-13,2.0760551e+24,0.000000
9,1,17,2.0759511e+24,0.000000
7,-4,-8,2.0706614e+24,0.000000
6,-4,-29,2.0527623e+24,0.000000
10,7,55,2.0507146e+24,0.000000
8,-3,54,2.0395222e+24,0.000000
9,3,38,2.0360144e+24,0.000000
9,1,-7,2.033664e+24,0.000000
2,2,-49,2.0227628e+24,0.000000
8,0,-6,2.0220284e+24,0.000000
8,0,6,2.0220284e+24,0.000000
4,-1,-55,2.0112527e+24,0.000000
10,5,36,1.9990123e+24,0.000000
6,3,-26,1.99817e+24,0.000000
3,2,-43,1.9769154e+24,0.000000
9,-4,44,1.9719209e+24,0.000000
9,4,45,1.9701768e+24,0.000000
7,2,48,1.9552337e+24,0.000000
7,-4,-14,1.9334205e+24,0.000000
10,6,48,1.9317068e+24,0.000000
7,4,-12,1.9220106e+24,0.000000
5,4,-21,1.9190312e+24,0.000000
6,0,-50,1.9164402e+24,0.000000
6,0,50,1.9164402e+24,0.000000
3,3,-37,1.915781e+24,0.000000
8,-2,42,1.9140891e+24,0.000000
7,-1,39,1.9088916e+24,0.000000
8,1,-21,1.906054e+24,0.000000
9,1,22,1.8846497e+24,0.000000
9,5,48,1.8796369e+24,0.000000
8,-1,32,1.8781107e+24,0.000000
10,9,-6,1.8766547e+24,0.000000
9,1,16,1.8636776e+24,0.000000
9,-3,43,1.8578716e+24,0.000000
8,0,-13,1.8550584e+24,0.000000
8,0,13,1.8550584e+24,0.000000
6,6,-9,1.8499018e+24,0.000000
5,3,-34,1.8476817e+24,0.000000
9,-1,28,1.8367667e+24,0.000000
7,5,-11,1.8361877e+24,0.000000
8,4,-8,1.834304e+24,0.000000
9,1,-12,1.8271694e+24,0.000000
9,3,39,1.8153196e+24,0.000000
8,-2,-17,1.8016259e+24,0.000000
5,-3,-39,1.7730517e+24,0.000000
9,2,31,1.7705843e+24,0.000000
6,-3,-20,1.7478587e+24,0.000000
10,4,34,1.7468212e+24,0.000000
4,1,-50,1.7456484e+24,0.000000
8,2,-24,1.7442393e+24,0.000000
9,6,53,1.7349383e+24,0.000000
10,-2,19,1.7334484e+24,0.000000
5,2,-36,1.7298128e+24,0.000000
2,2,-50,1.7264719e+24,0.000000
10,-4,37,1.7118985e+24,0.000000
7,0,-36,1.7072619e+24,0.000000
7,0,36,1.7072619e+24,0.000000
8,-1,-18,1.7036782e+24,0.000000
8,-1,-17,1.6921477e+24,0.000000
7,3,-19,1.6909015e+24,0.000000
9,4,46,1.6834708e+24,0.000000
9,-2,15,1.6736078e+24,0.000000
8,3,-8,1.6657383e+24,0.000000
8,3,52,1.6646875e+24,0.000000
7,1,-37,1.6589917e+24,0.000000
9,-4,45,1.6585274e+24,0.000000
8,-2,-10,1.6562516e+24,0.000000
10,-3,22,1.6419147e+24,0.000000
6,-1,32,1.6398441e+24,0.000000
10,2,18,1.6374543e+24,0.000000
4,4,-27,1.6354073e+24,0.000000
8,-1,-13,1.6350105e+24,0.000000
4,2,-43,1.6330459e+24,0.000000
8,0,-8,1.6167362e+24,0.000000
8,0,8,1.6167362e+24,0.000000
5,-2,-38,1.6086607e+24,0.000000
5,-5,-27,1.6046093e+24,0.000000
8,-1,-19,1.6017329e+24,0.000000
10,3,21,1.5970843e+24,0.000000
6,-1,-27,1.5896232e+24,0.000000
8,3,-7,1.5873521e+24,0.000000
5,-4,-30,1.575884e+24,0.000000
9,3,40,1.5744576e+24,0.000000
8,-1,-16,1.5565697e+24,0.000000
9,1,23,1.5533848e+24,0.000000
8,1,-22,1.5367297e+24,0.000000
7,-2,49,1.5347459e+24,0.000000
9,-1,-14,1.5315657e+24,0.000000
5,5,-15,1.5208118e+24,0.000000
4,1,-51,1.4766716e+24,0.000000
6,4,-24,1.4717786e+24,0.000000
10,-5,39,1.4713831e+24,0.000000
2,2,-51,1.4705815e+24,0.000000
9,-1,-5,1.4683984e+24,0.000000
7,-2,-24,1.4612695e+24,0.000000
9,-3,44,1.4594422e+24,0.000000
9,-2,0,1.4454671e+24,0.000000
10,3,-1,1.4369455e+24,0.000000
4,-2,-34,1.4351053e+24,0.000000
8,2,46,1.4321435e+24,0.000000
8,-3,55,1.4292428e+24,0.000000
10,5,37,1.424718e+24,0.000000
8,-1,-20,1.4229392e+24,0.000000
8,0,-14,1.4226769e+24,0.000000
8,0,14,1.4226769e+24,0.000000
5,1,-48,1.4218765e+24,0.000000
4,-2,-33,1.4210884e+24,0.000000
9,4,47,1.4162915e+24,0.000000
7,-1,-34,1.4116625e+24,0.000000
4,-2,-31,1.4007774e+24,0.000000
7,4,-13,1.398508e+24,0.000000
6,-5,-14,1.3953273e+24,0.000000
7,-4,-15,1.390312e+24,0.000000
8,3,-9,1.38033e+24,0.000000
9,-4,46,1.3735589e+24,0.000000
9,2,32,1.3614122e+24,0.000000
8,-1,-15,1.3521053e+24,0.000000
4,-3,-44,1.3517785e+24,0.000000
6,6,-10,1.3466171e+24,0.000000
6,-1,33,1.3362134e+24,0.000000
9,3,41,1.3338772e+24,0.000000
4,-2,-35,1.3153549e+24,0.000000
5,2,-37,1.3142179e+24,0.000000
8,-2,-18,1.3056695e+24,0.000000
5,-1,-46,1.3002308e+24,0.000000
4,-2,-32,1.2953314e+24,0.000000
6,1,-41,1.2851322e+24,0.000000
6,3,-27,1.2829856e+24,0.000000
9,5,49,1.2758673e+24,0.000000
8,-2,43,1.2731318e+24,0.000000
9,-1,29,1.2726135e+24,0.000000
7,-2,-2,1.2631891e+24,0.000000
7,4,-7,1.2587379e+24,0.000000
8,-1,-14,1.2564399e+24,0.000000
3,2,-44,1.2555943e+24,0.000000
4,-4,-39,1.2546339e+24,0.000000
2,2,-52,1.249447e+24,0.000000
4,1,-52,1.2490367e+24,0.000000
8,-2,-9,1.242067e+24,0.000000
6,-1,34,1.2400189e+24,0.000000
7,0,-37,1.2391586e+24,0.000000
7,0,37,1.2391586e+24,0.000000
8,1,32,1.2374051e+24,0.000000
9,1,-13,1.2354599e+24,0.000000
9,1,24,1.2328408e+24,0.000000
6,-3,-21,1.2293486e+24,0.000000
4,3,-34,1.2201824e+24,0.000000
9,6,54,1.2075997e+24,0.000000
8,-1,-21,1.2068668e+24,0.000000
5,-2,-39,1.2051521e+24,0.000000
8,1,-23,1.2009872e+24,0.000000
9,-3,-2,1.2009731e+24,0.000000
8,3,53,1.1928146e+24,0.000000
10,4,35,1.1891052e+24,0.000000
6,-1,35,1.1785075e+24,0.000000
9,4,48,1.1770187e+24,0.000000
9,1,-5,1.1709259e+24,0.000000
6,-6,-20,1.1634922e+24,0.000000
7,2,-26,1.1501187e+24,0.000000
9,-8,-9,1.1490027e+24,0.000000
6,-4,-30,1.1471948e+24,0.000000
8,0,-7,1.1468059e+24,0.000000
8,0,7,1.1468059e+24,0.000000
9,-3,45,1.1332988e+24,0.000000
9,-4,47,1.122265e+24,0.000000
4,-2,-36,1.1181383e+24,0.000000
4,2,-44,1.1140277e+24,0.000000
7,2,49,1.1137983e+24,0.000000
9,3,42,1.1076167e+24,0.000000
10,3,22,1.1074518e+24,0.000000
6,-1,36,1.0960296e+24,0.000000
7,-5,-17,1.0871701e+24,0.000000
5,3,-35,1.0862845e+24,0.000000
10,2,19,1.0842615e+24,0.000000
7,1,41,1.0685361e+24,0.000000
10,-2,20,1.0680128e+24,0.000000
5,-3,-40,1.0663277e+24,0.000000
8,2,-25,1.0643532e+24,0.000000
3,3,-38,1.0616954e+24,0.000000
6,-2,-33,1.0595393e+24,0.000000
2,2,-53,1.0586628e+24,0.000000
10,-3,23,1.0581763e+24,0.000000
10,-4,38,1.0481765e+24,0.000000
4,1,-53,1.0405848e+24,0.000000
5,4,-22,1.0402941e+24,0.000000
7,1,-38,1.0357638e+24,0.000000
8,0,-15,1.0342353e+24,0.000000
8,0,15,1.0342353e+24,0.000000
5,1,-49,1.0303803e+24,0.000000
9,2,33,1.0301878e+24,0.000000
8,-1,33,1.0172363e+24,0.000000
8,3,-10,1.0041611e+24,0.000000
6,-1,-28,1.0012852e+24,0.000000
10,5,38,9.9263951e+23,0.000000
5,-5,-28,9.8862359e+23,0.000000
6,-1,37,9.86153e+23,0.000000
8,-1,-22,9.8532918e+23,0.000000
7,4,-14,9.844322e+23,0.000000
5,2,-38,9.8079215e+23,0.000000
9,0,-11,9.8069374e+23,0.000000
9,0,11,9.8069374e+23,0.000000
9,-2,16,9.8007711e+23,0.000000
6,2,-33,9.7744645e+23,0.000000
7,5,-12,9.700032e+23,0.000000
7,-4,-16,9.677273e+23,0.000000
9,4,49,9.6728685e+23,0.000000
8,2,47,9.4837344e+23,0.000000
9,1,25,9.4761209e+23,0.000000
10,6,-5,9.4611048e+23,0.000000
9,0,-10,9.4522182e+23,0.000000
9,0,10,9.4522182e+23,0.000000
10,-5,40,9.3244115e+23,0.000000
9,0,-12,9.3167218e+23,0.000000
9,0,12,9.3167218e+23,0.000000
6,-5,-15,9.2821603e+23,0.000000
9,0,-3,9.2227561e+23,0.000000
9,0,3,9.2227561e+23,0.000000
8,-2,-19,9.1501655e+23,0.000000
8,1,-24,9.1416117e+23,0.000000
9,-1,-15,9.1392475e+23,0.000000
9,-4,48,9.0613268e+23,0.000000
9,3,43,9.0424489e+23,0.000000
7,-1,-35,9.0378408e+23,0.000000
9,5,50,9.0073878e+23,0.000000
4,-2,-37,8.9867079e+23,0.000000
2,2,-54,8.9452997e+23,0.000000
7,0,-38,8.9271719e+23,0.000000
7,0,38,8.9271719e+23,0.000000
5,-2,-40,8.9124564e+23,0.000000
7,-3,-18,8.8232254e+23,0.000000
9,-3,46,8.7189921e+23,0.000000
7,-1,40,8.7174778e+23,0.000000
7,-2,50,8.7073161e+23,0.000000
9,6,55,8.7002725e+23,0.000000
9,-1,30,8.6653331e+23,0.000000
6,-1,38,8.5915843e+23,0.000000
8,3,54,8.5368817e+23,0.000000
5,-4,-31,8.5264218e+23,0.000000
6,-3,-22,8.5215868e+23,0.000000
4,1,-54,8.4820955e+23,0.000000
9,0,-4,8.4742791e+23,0.000000
9,0,4,8.4742791e+23,0.000000
8,-2,44,8.4282725e+23,0.000000
9,0,-13,8.235493e+23,0.000000
9,0,13,8.235493e+23,0.000000
8,3,-6,8.2090356e+23,0.000000
6,3,-28,8.1912822e+23,0.000000
9,0,-9,8.1498473e+23,0.000000
9,0,9,8.1498473e+23,0.000000
7,-2,-25,8.0855933e+23,0.000000
4,-3,-45,8.0375744e+23,0.000000
5,1,-50,8.0349696e+23,0.000000
7,-4,-5,8.024856e+23,0.000000
4,4,-28,8.0186075e+23,0.000000
9,-1,-6,8.0147679e+23,0.000000
6,4,-25,8.0013276e+23,0.000000
5,-1,-47,7.9915953e+23,0.000000
3,2,-45,7.962097e+23,0.000000
10,4,36,7.9142742e+23,0.000000
6,0,-52,7.9032778e+23,0.000000
6,0,52,7.9032778e+23,0.000000
9,4,50,7.8707081e+23,0.000000
9,1,-14,7.7971685e+23,0.000000
8,-1,-23,7.7937457e+23,0.000000
9,2,34,7.6817293e+23,0.000000
5,5,-16,7.6616727e+23,0.000000
4,2,-45,7.6491861e+23,0.000000
10,6,51,7.5660309e+23,0.000000
7,3,-20,7.5648636e+23,0.000000
2,2,-55,7.5380797e+23,0.000000
4,-4,-40,7.4814106e+23,0.000000
6,6,-11,7.4732385e+23,0.000000
9,1,-6,7.4013834e+23,0.000000
10,3,23,7.3594187e+23,0.000000
6,-1,39,7.2784899e+23,0.000000
9,3,44,7.2755037e+23,0.000000
9,-4,49,7.2406787e+23,0.000000
5,2,-39,7.2120272e+23,0.000000
6,1,-42,7.2003903e+23,0.000000
8,0,-16,7.1801071e+23,0.000000
8,0,16,7.1801071e+23,0.000000
8,-2,-4,7.1120821e+23,0.000000
9,4,51,7.1073798e+23,0.000000
9,1,26,7.0854546e+23,0.000000
4,3,-35,7.0245403e+23,0.000000
4,-2,-38,6.923155e+23,0.000000
9,0,-14,6.8480841e+23,0.000000
9,0,14,6.8480841e+23,0.000000
8,1,-25,6.803343e+23,0.000000
10,2,20,6.794446e+23,0.000000
8,1,33,6.7748152e+23,0.000000
10,5,39,6.7547964e+23,0.000000
7,4,-15,6.7516462e+23,0.000000
4,1,-55,6.7482394e+23,0.000000
8,3,-11,6.6860691e+23,0.000000
9,-3,47,6.6554424e+23,0.000000
7,-4,-17,6.5645091e+23,0.000000
5,1,-51,6.5557353e+23,0.000000
10,-1,2,6.5350115e+23,0.000000
10,-3,24,6.5279614e+23,0.000000
7,1,42,6.5216652e+23,0.000000
5,-2,-41,6.5178245e+23,0.000000
9,5,51,6.5053943e+23,0.000000
7,2,50,6.4885638e+23,0.000000
7,1,-39,6.4055607e+23,0.000000
8,2,-26,6.4052311e+23,0.000000
5,-3,-41,6.4009197e+23,0.000000
6,-4,-31,6.3957975e+23,0.000000
7,0,-39,6.3898465e+23,0.000000
7,0,39,6.3898465e+23,0.000000
5,3,-36,6.3806374e+23,0.000000
6,-6,-21,6.3607541e+23,0.000000
10,-4,39,6.2914832e+23,0.000000
6,-1,-29,6.2703501e+23,0.000000
8,2,48,6.2392246e+23,0.000000
8,-2,-20,6.236115e+23,0.000000
10,-2,21,6.2176144e+23,0.000000
6,-5,-16,6.1614316e+23,0.000000
8,3,55,6.1054524e+23,0.000000
9,0,-8,6.1052321e+23,0.000000
9,0,8,6.1052321e+23,0.000000
5,-5,-29,6.1017347e+23,0.000000
9,-2,17,6.0904793e+23,0.000000
6,-1,40,6.0234631e+23,0.000000
8,-1,-24,6.0028018e+23,0.000000
7,2,-27,5.970211e+23,0.000000
8,-5,-6,5.9314369e+23,0.000000
3,3,-39,5.9220778e+23,0.000000
10,2,0,5.8541109e+23,0.000000
6,-3,-23,5.8356633e+23,0.000000
9,-1,31,5.807581e+23,0.000000
9,3,45,5.7828041e+23,0.000000
10,-5,41,5.7724563e+23,0.000000
7,-1,-36,5.7535357e+23,0.000000
9,2,35,5.6504738e+23,0.000000
5,4,-23,5.6076454e+23,0.000000
7,-5,-18,5.5680413e+23,0.000000
8,-2,45,5.5536175e+23,0.000000
5,1,-52,5.4547237e+23,0.000000
7,1,46,5.4430278e+23,0.000000
9,0,-15,5.3974973e+23,0.000000
9,0,15,5.3974973e+23,0.000000
9,-4,50,5.394442e+23,0.000000
8,-1,34,5.3827462e+23,0.000000
7,1,45,5.3670781e+23,0.000000
5,-1,-48,5.3494996e+23,0.000000
7,1,47,5.3487227e+23,0.000000
4,2,-46,5.3436482e+23,0.000000
7,1,43,5.3178075e+23,0.000000
5,2,-40,5.2374645e+23,0.000000
7,-2,51,5.2346553e+23,0.000000
10,-5,-3,5.2333887e+23,0.000000
7,1,44,5.2141573e+23,0.000000
6,3,-29,5.2053304e+23,0.000000
9,1,27,5.172021e+23,0.000000
4,-2,-39,5.162008e+23,0.000000
10,4,37,5.1490534e+23,0.000000
7,1,48,5.0922268e+23,0.000000
9,-1,-16,5.0863105e+23,0.000000
9,4,52,5.083244e+23,0.000000
7,5,-13,5.0804748e+23,0.000000
7,-4,-7,5.0591309e+23,0.000000
3,2,-46,5.05707e+23,0.000000
9,-3,48,5.049307e+23,0.000000
6,0,-53,5.0410807e+23,0.000000
6,0,53,5.0410807e+23,0.000000
8,1,-26,4.9660978e+23,0.000000
9,5,52,4.938385e+23,0.000000
6,-1,41,4.8896691e+23,0.000000
7,3,-21,4.8460944e+23,0.000000
8,4,-9,4.8313528e+23,0.000000
4,-4,-41,4.7941524e+23,0.000000
4,-3,-46,4.7880619e+23,0.000000
8,0,-17,4.7850165e+23,0.000000
8,0,17,4.7850165e+23,0.000000
5,-2,-42,4.7198693e+23,0.000000
7,1,49,4.7177142e+23,0.000000
10,3,24,4.6794655e+23,0.000000
10,0,-6,4.6513655e+23,0.000000
10,0,6,4.6513655e+23,0.000000
9,1,-15,4.6065905e+23,0.000000
5,-4,-32,4.5870229e+23,0.000000
9,3,46,4.5492967e+23,0.000000
7,0,-40,4.5479581e+23,0.000000
7,0,40,4.5479581e+23,0.000000
5,1,-53,4.5472189e+23,0.000000
7,4,-16,4.5311411e+23,0.000000
8,-1,-25,4.520048e+23,0.000000
9,-4,51,4.505216e+23,0.000000
10,5,40,4.4866218e+23,0.000000
9,3,-10,4.4759148e+23,0.000000
9,3,-11,4.4199641e+23,0.000000
9,0,-5,4.4127091e+23,0.000000
9,0,5,4.4127091e+23,0.000000
9,-2,18,4.4102657e+23,0.000000
7,-2,-26,4.3817712e+23,0.000000
7,-4,-18,4.361586e+23,0.000000
6,4,-26,4.3352966e+23,0.000000
7,1,50,4.2726743e+23,0.000000
7,-1,41,4.2467907e+23,0.000000
10,0,-7,4.2089065e+23,0.000000
10,0,7,4.2089065e+23,0.000000
8,-2,-21,4.1511805e+23,0.000000
8,3,-12,4.1502328e+23,0.000000
7,3,-22,4.1358177e+23,0.000000
9,9,-8,4.132754e+23,0.000000
9,2,36,4.1039428e+23,0.000000
6,-5,-17,4.0952397e+23,0.000000
8,2,49,4.0720926e+23,0.000000
9,0,-16,4.0537616e+23,0.000000
9,0,16,4.0537616e+23,0.000000
4,3,-36,4.0485161e+23,0.000000
9,4,53,4.044165e+23,0.000000
9,3,-6,4.0368835e+23,0.000000
10,2,21,4.0201487e+23,0.000000
8,8,-8,4.0110826e+23,0.000000
7,2,51,4.0020635e+23,0.000000
5,5,-17,3.9899283e+23,0.000000
9,0,-7,3.9835899e+23,0.000000
9,0,7,3.9835899e+23,0.000000
9,5,-5,3.9724669e+23,0.000000
6,1,-43,3.9586473e+23,0.000000
6,-3,-24,3.9558414e+23,0.000000
7,1,-40,3.9420264e+23,0.000000
4,4,-29,3.9363486e+23,0.000000
5,-1,-49,3.9157316e+23,0.000000
6,-1,42,3.907091e+23,0.000000
6,-1,-30,3.9053843e+23,0.000000
9,-5,-5,3.9020223e+23,0.000000
6,6,-12,3.8780824e+23,0.000000
9,-2,22,3.874865e+23,0.000000
9,-2,21,3.8740094e+23,0.000000
6,-2,-34,3.8554155e+23,0.000000
9,-2,19,3.85484e+23,0.000000
10,-3,25,3.8512025e+23,0.000000
4,2,-47,3.8437524e+23,0.000000
5,-3,-42,3.8374634e+23,0.000000
9,-1,32,3.8344634e+23,0.000000
9,-3,49,3.8130475e+23,0.000000
8,2,-27,3.8060218e+23,0.000000
9,-2,20,3.8024791e+23,0.000000
7,3,-23,3.7876195e+23,0.000000
9,3,-12,3.7732738e+23,0.000000
5,-5,-30,3.7708223e+23,0.000000
5,2,-41,3.7629604e+23,0.000000
5,1,-54,3.7589401e+23,0.000000
4,-2,-40,3.752037e+23,0.000000
5,3,-37,3.7434816e+23,0.000000
9,-2,23,3.7352854e+23,0.000000
10,-4,40,3.7150995e+23,0.000000
10,6,53,3.7071988e+23,0.000000
9,1,28,3.6953984e+23,0.000000
7,-1,-37,3.6419817e+23,0.000000
8,-2,46,3.641364e+23,0.000000
8,1,34,3.6240057e+23,0.000000
8,1,-27,3.5647003e+23,0.000000
6,-4,-32,3.5580074e+23,0.000000
9,3,47,3.5485005e+23,0.000000
7,-2,52,3.5196418e+23,0.000000
9,-4,52,3.5165616e+23,0.000000
9,3,-9,3.5001643e+23,0.000000
10,-5,42,3.4971414e+23,0.000000
6,-6,-22,3.4858533e+23,0.000000
6,2,-34,3.481008e+23,0.000000
10,-2,0,3.4773692e+23,0.000000
9,-2,24,3.4587727e+23,0.000000
10,-2,22,3.4091186e+23,0.000000
5,-2,-43,3.3875294e+23,0.000000
6,-3,-4,3.3867018e+23,0.000000
7,3,-24,3.3591771e+23,0.000000
4,-4,-42,3.3402391e+23,0.000000
8,-1,-26,3.3382372e+23,0.000000
9,-9,-10,3.3376667e+23,0.000000
3,3,-40,3.3290605e+23,0.000000
7,1,52,3.3086028e+23,0.000000
8,7,-7,3.3058785e+23,0.000000
6,3,-30,3.2950257e+23,0.000000
10,4,38,3.2765046e+23,0.000000
10,0,-5,3.2558024e+23,0.000000
10,0,5,3.2558024e+23,0.000000
3,2,-47,3.233317e+23,0.000000
7,-3,-19,3.2267696e+23,0.000000
6,0,-54,3.2267304e+23,0.000000
6,0,54,3.2267304e+23,0.000000
7,0,-41,3.220981e+23,0.000000
7,0,41,3.220981e+23,0.000000
9,5,54,3.1667303e+23,0.000000
6,5,-7,3.1648456e+23,0.000000
9,-2,25,3.0834001e+23,0.000000
6,-1,43,3.0819116e+23,0.000000
5,-1,-50,3.079235e+23,0.000000
8,0,-18,3.0720805e+23,0.000000
8,0,18,3.0720805e+23,0.000000
5,1,-55,3.0584012e+23,0.000000
9,4,54,3.0304834e+23,0.000000
7,2,-28,3.0175989e+23,0.000000
5,4,-24,3.0068064e+23,0.000000
8,-4,-4,2.9844091e+23,0.000000
7,4,-17,2.9838845e+23,0.000000
9,0,-6,2.9587587e+23,0.000000
9,0,6,2.9587587e+23,0.000000
9,2,37,2.9454547e+23,0.000000
10,0,-8,2.9322872e+23,0.000000
10,0,8,2.9322872e+23,0.000000
9,3,-13,2.9291602e+23,0.000000
9,0,-17,2.9117707e+23,0.000000
9,0,17,2.9117707e+23,0.000000
10,5,41,2.9097264e+23,0.000000
4,2,-48,2.8794248e+23,0.000000
9,-3,50,2.8703703e+23,0.000000
7,6,-7,2.8674021e+23,0.000000
4,-3,-47,2.8615907e+23,0.000000
7,-4,-19,2.8492891e+23,0.000000
10,3,25,2.8449601e+23,0.000000
7,3,-25,2.8250064e+23,0.000000
8,-1,35,2.8091474e+23,0.000000
7,-5,-19,2.7937612e+23,0.000000
9,3,48,2.7491064e+23,0.000000
7,-2,53,2.7480174e+23,0.000000
7,2,52,2.7471149e+23,0.000000
8,-3,-9,2.7393329e+23,0.000000
9,-4,53,2.7299057e+23,0.000000
6,-5,-18,2.7283033e+23,0.000000
10,6,54,2.7259602e+23,0.000000
8,-2,-22,2.707954e+23,0.000000
5,2,-42,2.6782102e+23,0.000000
4,-2,-41,2.6740081e+23,0.000000
8,-3,-8,2.6732112e+23,0.000000
6,-3,-25,2.6587181e+23,0.000000
9,-2,26,2.6565399e+23,0.000000
9,8,-7,2.6541178e+23,0.000000
7,5,-14,2.6425386e+23,0.000000
8,2,50,2.6326992e+23,0.000000
8,4,-13,2.6306579e+23,0.000000
10,4,-3,2.6304771e+23,0.000000
9,-1,-17,2.6301495e+23,0.000000
9,5,55,2.6241227e+23,0.000000
9,1,29,2.5903564e+23,0.000000
10,0,-3,2.5882946e+23,0.000000
10,0,3,2.5882946e+23,0.000000
7,-1,42,2.5570865e+23,0.000000
9,1,-16,2.5449714e+23,0.000000
4,-4,-43,2.5286205e+23,0.000000
9,4,55,2.5242394e+23,0.000000
8,1,-28,2.5216719e+23,0.000000
9,-1,33,2.4968109e+23,0.000000
8,4,-14,2.4882893e+23,0.000000
7,-2,54,2.4562874e+23,0.000000
5,-4,-33,2.4505537e+23,0.000000
7,1,54,2.4431896e+23,0.000000
8,-1,-27,2.4243772e+23,0.000000
8,3,-13,2.4203477e+23,0.000000
6,-1,-31,2.4198127e+23,0.000000
5,-2,-44,2.4112632e+23,0.000000
7,1,-41,2.4087259e+23,0.000000
6,-1,44,2.4055218e+23,0.000000
8,4,-12,2.403337e+23,0.000000
7,-2,55,2.3751975e+23,0.000000
8,-2,47,2.3745691e+23,0.000000
6,4,-27,2.3418523e+23,0.000000
4,3,-37,2.3354297e+23,0.000000
5,-5,-31,2.3332129e+23,0.000000
7,-2,-27,2.3203914e+23,0.000000
8,-3,-10,2.3168795e+23,0.000000
7,1,53,2.3163854e+23,0.000000
5,-3,-43,2.2999466e+23,0.000000
7,-1,-38,2.2917558e+23,0.000000
7,0,-42,2.2711618e+23,0.000000
7,0,42,2.2711618e+23,0.000000
4,2,-49,2.2625575e+23,0.000000
7,3,-26,2.2620497e+23,0.000000
10,2,22,2.2389882e+23,0.000000
8,2,-28,2.2337232e+23,0.000000
9,-2,27,2.2207258e+23,0.000000
5,3,-38,2.1937143e+23,0.000000
8,2,-2,2.1823073e+23,0.000000
10,-3,26,2.1806949e+23,0.000000
10,-4,41,2.1754793e+23,0.000000
7,2,53,2.1697671e+23,0.000000
9,-3,51,2.1565679e+23,0.000000
5,5,-18,2.1358182e+23,0.000000
8,4,-15,2.1325095e+23,0.000000
6,1,-44,2.1281433e+23,0.000000
9,3,-14,2.1223371e+23,0.000000
5,-1,-52,2.1189108e+23,0.000000
9,3,49,2.1186583e+23,0.000000
9,-4,54,2.1100744e+23,0.000000
3,2,-48,2.0966317e+23,0.000000
9,2,38,2.090519e+23,0.000000
9,5,53,2.0871848e+23,0.000000
7,-1,46,2.0866226e+23,0.000000
10,-5,43,2.0863139e+23,0.000000
6,3,-31,2.0791334e+23,0.000000
7,-1,45,2.0682393e+23,0.000000
7,-1,43,2.0679134e+23,0.000000
7,1,-1,2.0560401e+23,0.000000
4,-4,-44,2.0540107e+23,0.000000
10,4,39,2.0424282e+23,0.000000
7,-1,47,2.0383624e+23,0.000000
7,-1,44,2.018207e+23,0.000000
10,6,55,2.0080454e+23,0.000000
9,0,-18,2.0050839e+23,0.000000
9,0,18,2.0050839e+23,0.000000
6,6,-13,1.9788187e+23,0.000000
6,-4,-33,1.9724049e+23,0.000000
7,2,54,1.9487059e+23,0.000000
4,4,-30,1.935036e+23,0.000000
7,4,-18,1.9318301e+23,0.000000
7,-1,48,1.9282624e+23,0.000000
6,-6,-23,1.9159236e+23,0.000000
8,1,35,1.912574e+23,0.000000
8,-7,-9,1.9097203e+23,0.000000
8,0,-19,1.9046482e+23,0.000000
8,0,19,1.9046482e+23,0.000000
7,2,55,1.9012144e+23,0.000000
5,2,-43,1.8899975e+23,0.000000
3,3,-41,1.8895156e+23,0.000000
4,-2,-42,1.8787361e+23,0.000000
9,2,-1,1.8665245e+23,0.000000
4,2,-50,1.8656754e+23,0.000000
8,-3,-7,1.8655113e+23,0.000000
6,-1,45,1.8615104e+23,0.000000
10,5,42,1.8475129e+23,0.000000
7,-4,-20,1.8355262e+23,0.000000
6,-5,-19,1.8216027e+23,0.000000
8,4,-11,1.820703e+23,0.000000
9,-2,28,1.8076712e+23,0.000000
9,1,30,1.7841724e+23,0.000000
7,1,55,1.7791038e+23,0.000000
5,-1,-53,1.7745495e+23,0.000000
7,-1,49,1.7745046e+23,0.000000
6,-3,-26,1.7740617e+23,0.000000
8,1,-29,1.7610757e+23,0.000000
10,-2,23,1.7600966e+23,0.000000
4,-4,-45,1.7574662e+23,0.000000
10,-1,5,1.744444e+23,0.000000
7,3,-27,1.7386956e+23,0.000000
8,-2,-23,1.7356506e+23,0.000000
8,-1,-28,1.7351006e+23,0.000000
8,-3,-11,1.719207e+23,0.000000
4,-3,-48,1.7188538e+23,0.000000
10,-1,6,1.7146362e+23,0.000000
8,4,-16,1.704976e+23,0.000000
5,-2,-45,1.7028887e+23,0.000000
10,5,-4,1.7026091e+23,0.000000
10,0,-9,1.6808827e+23,0.000000
10,0,9,1.6808827e+23,0.000000
8,2,51,1.6728228e+23,0.000000
7,4,-6,1.6626396e+23,0.000000
10,3,26,1.6598819e+23,0.000000
8,4,-10,1.6490601e+23,0.000000
9,-4,-3,1.6372917e+23,0.000000
9,3,50,1.6274426e+23,0.000000
9,-4,55,1.6257883e+23,0.000000
9,-3,52,1.6189275e+23,0.000000
4,2,-51,1.6046588e+23,0.000000
5,4,-25,1.604316e+23,0.000000
9,-1,34,1.6039056e+23,0.000000
7,-1,50,1.5959811e+23,0.000000
7,0,-43,1.5950704e+23,0.000000
7,0,43,1.5950704e+23,0.000000
4,-4,-46,1.5567093e+23,0.000000
9,3,-8,1.54447e+23,0.000000
8,-2,48,1.5386804e+23,0.000000
6,-1,-32,1.4917377e+23,0.000000
10,-1,7,1.4887221e+23,0.000000
10,8,-7,1.4842551e+23,0.000000
8,-1,36,1.4817804e+23,0.000000
7,2,-29,1.4793628e+23,0.000000
5,-1,-54,1.4778487e+23,0.000000
9,2,39,1.4682073e+23,0.000000
7,1,-42,1.4592537e+23,0.000000
9,3,-15,1.4564188e+23,0.000000
6,5,-9,1.4542519e+23,0.000000
5,-5,-32,1.444443e+23,0.000000
9,-2,29,1.437228e+23,0.000000
7,-1,-39,1.4332619e+23,0.000000
6,-1,46,1.4304702e+23,0.000000
4,2,-52,1.4246684e+23,0.000000
7,7,-8,1.4105483e+23,0.000000
4,-4,-47,1.4080613e+23,0.000000
3,2,-49,1.392826e+23,0.000000
10,-1,4,1.3893399e+23,0.000000
7,-1,51,1.3891489e+23,0.000000
5,-3,-44,1.3794304e+23,0.000000
7,-5,-20,1.3725078e+23,0.000000
7,5,-15,1.3637606e+23,0.000000
4,3,-38,1.3481327e+23,0.000000
7,-3,-20,1.3371921e+23,0.000000
10,-6,-7,1.3345219e+23,0.000000
8,3,-14,1.3292252e+23,0.000000
9,0,-19,1.3254407e+23,0.000000
9,0,19,1.3254407e+23,0.000000
5,2,-44,1.3232776e+23,0.000000
9,1,-17,1.3089298e+23,0.000000
4,-2,-43,1.3086616e+23,0.000000
6,3,-32,1.3084112e+23,0.000000
5,-4,-34,1.2980896e+23,0.000000
8,2,-29,1.2957295e+23,0.000000
8,4,-17,1.2944772e+23,0.000000
7,3,-28,1.2936161e+23,0.000000
4,2,-53,1.2918164e+23,0.000000
4,-4,-48,1.2890274e+23,0.000000
5,3,-39,1.2836717e+23,0.000000
10,-4,42,1.2832594e+23,0.000000
6,4,-28,1.2617125e+23,0.000000
10,-8,-9,1.2592126e+23,0.000000
9,-1,-18,1.2555604e+23,0.000000
9,3,51,1.2468683e+23,0.000000
10,-5,44,1.244475e+23,0.000000
10,4,40,1.2355264e+23,0.000000
7,4,-19,1.2314297e+23,0.000000
8,-1,-29,1.2258596e+23,0.000000
7,-1,52,1.2239095e+23,0.000000
6,-5,-20,1.218069e+23,0.000000
8,1,-30,1.2160448e+23,0.000000
9,-3,53,1.2118043e+23,0.000000
5,-1,-55,1.2114165e+23,0.000000
9,1,31,1.2093586e+23,0.000000
10,-3,27,1.2056294e+23,0.000000
6,-2,-35,1.1971992e+23,0.000000
7,-2,-28,1.197058e+23,0.000000
5,-2,-46,1.1934866e+23,0.000000
4,-4,-49,1.187218e+23,0.000000
4,2,-54,1.1851565e+23,0.000000
10,-1,8,1.1846818e+23,0.000000
6,6,-8,1.181661e+23,0.000000
6,-3,-27,1.1765535e+23,0.000000
10,2,23,1.172814e+23,0.000000
5,5,-19,1.1690398e+23,0.000000
7,-4,-21,1.1687392e+23,0.000000
10,5,43,1.157654e+23,0.000000
8,-3,-12,1.15329e+23,0.000000
8,0,-20,1.1418851e+23,0.000000
8,0,20,1.1418851e+23,0.000000
6,5,-10,1.1283458e+23,0.000000
10,-3,-1,1.1244838e+23,0.000000
9,-2,30,1.1190427e+23,0.000000
10,10,-8,1.1163608e+23,0.000000
7,0,-44,1.116136e+23,0.000000
7,0,44,1.116136e+23,0.000000
6,1,-45,1.1154077e+23,0.000000
4,-4,-50,1.0962374e+23,0.000000
8,-2,-24,1.0951702e+23,0.000000
6,-1,47,1.0929677e+23,0.000000
4,2,-55,1.0927522e+23,0.000000
6,-4,-34,1.0893162e+23,0.000000
3,3,-42,1.0859123e+23,0.000000
9,7,-7,1.0760464e+23,0.000000
8,2,52,1.0568121e+23,0.000000
6,-6,-24,1.0565551e+23,0.000000
6,2,-35,1.0562362e+23,0.000000
4,-3,-49,1.0399321e+23,0.000000
7,-1,53,1.0378196e+23,0.000000
8,1,36,1.0210444e+23,0.000000
9,2,40,1.0209975e+23,0.000000
8,-8,-10,1.0175298e+23,0.000000
9,-1,35,1.0172094e+23,0.000000
4,-4,-51,1.013508e+23,0.000000
6,6,-14,1.0094696e+23,0.000000
9,1,-3,9.9314454e+22,0.000000
6,5,-8,9.8973328e+22,0.000000
8,-2,49,9.8943049e+22,0.000000
8,4,-5,9.6212034e+22,0.000000
3,2,-50,9.5913337e+22,0.000000
9,3,-16,9.5479283e+22,0.000000
4,4,-31,9.5275498e+22,0.000000
10,3,27,9.4550178e+22,0.000000
8,4,-18,9.4389854e+22,0.000000
7,3,-29,9.3721463e+22,0.000000
4,-4,-52,9.3497112e+22,0.000000
5,2,-45,9.1954618e+22,0.000000
6,-1,-33,9.1491791e+22,0.000000
9,-3,54,9.138415e+22,0.000000
4,-2,-44,9.1013461e+22,0.000000
5,-5,-33,8.9479867e+22,0.000000
7,-1,-40,8.902578e+22,0.000000
7,-1,54,8.8828798e+22,0.000000
7,1,-43,8.7612594e+22,0.000000
10,-1,9,8.7372175e+22,0.000000
10,-2,24,8.6818396e+22,0.000000
4,-4,-53,8.6211016e+22,0.000000
8,-1,-30,8.5622713e+22,0.000000
9,-2,31,8.5512255e+22,0.000000
5,4,-26,8.5206255e+22,0.000000
10,9,-7,8.4626986e+22,0.000000
9,0,-20,8.4134119e+22,0.000000
9,0,20,8.4134119e+22,0.000000
10,0,-10,8.3449568e+22,0.000000
10,0,10,8.3449568e+22,0.000000
7,-3,-21,8.3389744e+22,0.000000
8,1,-31,8.3123386e+22,0.000000
6,-1,48,8.3117797e+22,0.000000
5,-3,-45,8.305355e+22,0.000000
5,-2,-47,8.3021786e+22,0.000000
8,-1,37,8.2948559e+22,0.000000
6,3,-33,8.2155034e+22,0.000000
6,-5,-21,8.1509607e+22,0.000000
9,1,32,8.0738329e+22,0.000000
10,-4,43,7.8267043e+22,0.000000
4,3,-39,7.7856746e+22,0.000000
7,0,-45,7.7827741e+22,0.000000
7,0,45,7.7827741e+22,0.000000
6,-3,-28,7.7623518e+22,0.000000
7,4,-20,7.7384312e+22,0.000000
10,-5,45,7.6507155e+22,0.000000
10,4,41,7.624056e+22,0.000000
8,-4,-7,7.6158391e+22,0.000000
9,-1,-3,7.599892e+22,0.000000
7,5,-7,7.5355902e+22,0.000000
7,-3,-22,7.5115626e+22,0.000000
5,3,-40,7.5014538e+22,0.000000
8,2,-30,7.4235497e+22,0.000000
10,-1,3,7.3861386e+22,0.000000
7,-4,-22,7.3688395e+22,0.000000
7,-3,-23,7.3650475e+22,0.000000
9,3,53,7.2982561e+22,0.000000
4,-4,-55,7.289233e+22,0.000000
10,5,44,7.289043e+22,0.000000
10,7,-6,7.2633836e+22,0.000000
6,5,-11,7.2586309e+22,0.000000
10,0,-4,7.2510608e+22,0.000000
10,0,4,7.2510608e+22,0.000000
4,-4,-54,7.1167104e+22,0.000000
8,-3,-13,7.1009607e+22,0.000000
9,-3,-11,7.0419524e+22,0.000000
9,2,41,7.0345042e+22,0.000000
7,2,-30,7.0022818e+22,0.000000
9,6,-6,6.9859326e+22,0.000000
7,5,-16,6.9703404e+22,0.000000
3,2,-51,6.9214289e+22,0.000000
7,-3,-24,6.9184839e+22,0.000000
9,-3,55,6.8802611e+22,0.000000
8,3,-15,6.8770848e+22,0.000000
10,-3,28,6.8327109e+22,0.000000
8,-2,-25,6.8138885e+22,0.000000
5,-4,-35,6.8053864e+22,0.000000
6,4,-29,6.7803817e+22,0.000000
9,0,-2,6.7786172e+22,0.000000
9,0,2,6.7786172e+22,0.000000
8,4,-19,6.6607621e+22,0.000000
7,3,-30,6.650433e+22,0.000000
8,0,-21,6.6226808e+22,0.000000
8,0,21,6.6226808e+22,0.000000
9,-3,-12,6.5938551e+22,0.000000
7,-5,-21,6.592026e+22,0.000000
8,2,53,6.523768e+22,0.000000
5,5,-20,6.5116673e+22,0.000000
8,6,-7,6.5000555e+22,0.000000
9,-2,32,6.4249127e+22,0.000000
4,-2,-45,6.3744604e+22,0.000000
9,-1,36,6.3687358e+22,0.000000
4,-3,-50,6.3528143e+22,0.000000
3,3,-43,6.3444825e+22,0.000000
5,2,-46,6.3434144e+22,0.000000
8,-2,50,6.3021667e+22,0.000000
6,-1,49,6.2961975e+22,0.000000
9,-3,-10,6.2399512e+22,0.000000
9,1,-18,6.227147e+22,0.000000
9,4,-4,6.1950032e+22,0.000000
7,-3,-25,6.1040551e+22,0.000000
9,3,-17,6.010924e+22,0.000000
7,-4,-6,6.0013937e+22,0.000000
10,-1,10,6.0011102e+22,0.000000
7,-2,-29,5.9917746e+22,0.000000
6,-4,-35,5.9874035e+22,0.000000
8,-1,-31,5.9193348e+22,0.000000
10,2,24,5.8531407e+22,0.000000
6,-6,-25,5.8460658e+22,0.000000
10,0,-16,5.8095084e+22,0.000000
10,0,16,5.8095084e+22,0.000000
8,1,37,5.7919289e+22,0.000000
8,-3,-6,5.7808552e+22,0.000000
5,-2,-48,5.7330191e+22,0.000000
6,1,-46,5.7000919e+22,0.000000
8,1,-32,5.6307616e+22,0.000000
10,0,-15,5.6117213e+22,0.000000
10,0,15,5.6117213e+22,0.000000
9,3,54,5.5862532e+22,0.000000
6,-1,-34,5.5817484e+22,0.000000
5,-5,-34,5.5443534e+22,0.000000
10,3,28,5.5245254e+22,0.000000
9,-1,-19,5.513509e+22,0.000000
10,0,-17,5.5079508e+22,0.000000
10,0,17,5.5079508e+22,0.000000
7,-1,-41,5.4889777e+22,0.000000
9,-3,-13,5.4660294e+22,0.000000
6,-5,-22,5.4543634e+22,0.000000
7,0,-46,5.4081683e+22,0.000000
7,0,46,5.4081683e+22,0.000000
8,-4,-8,5.3941829e+22,0.000000
9,2,-6,5.3540074e+22,0.000000
9,1,33,5.3146267e+22,0.000000
3,2,-52,5.2673366e+22,0.000000
8,-1,38,5.260694e+22,0.000000
7,1,-44,5.2032683e+22,0.000000
6,6,-15,5.1779419e+22,0.000000
6,3,-34,5.1484224e+22,0.000000
9,2,-5,5.1331149e+22,0.000000
9,0,-21,5.1244923e+22,0.000000
9,0,21,5.1244923e+22,0.000000
10,-4,44,5.1055726e+22,0.000000
6,-3,-29,5.0985357e+22,0.000000
7,-3,-26,5.0982796e+22,0.000000
9,2,-13,5.0982691e+22,0.000000
10,-5,46,5.0758001e+22,0.000000
5,-3,-46,5.0327355e+22,0.000000
7,-1,55,4.9890761e+22,0.000000
9,2,-14,4.9874316e+22,0.000000
9,3,-7,4.9818263e+22,0.000000
10,0,-14,4.8886803e+22,0.000000
10,0,14,4.8886803e+22,0.000000
10,0,-18,4.858852e+22,0.000000
10,0,18,4.858852e+22,0.000000
9,2,42,4.8050347e+22,0.000000
7,4,-21,4.7996133e+22,0.000000
10,5,45,4.7683718e+22,0.000000
9,2,-12,4.7569265e+22,0.000000
9,-2,33,4.7536262e+22,0.000000
6,-1,50,4.7534129e+22,0.000000
4,4,-32,4.7005065e+22,0.000000
6,-1,-1,4.6956042e+22,0.000000
10,4,42,4.6889588e+22,0.000000
7,3,-31,4.6364467e+22,0.000000
7,-4,-23,4.6070567e+22,0.000000
8,4,-20,4.5735148e+22,0.000000
4,-2,-46,4.5454835e+22,0.000000
9,2,-15,4.5420617e+22,0.000000
5,4,-27,4.5055901e+22,0.000000
4,3,-40,4.4975359e+22,0.000000
8,-3,-3,4.4023203e+22,0.000000
6,5,-12,4.3895141e+22,0.000000
5,3,-41,4.3770313e+22,0.000000
10,-3,29,4.3591124e+22,0.000000
10,-2,25,4.3482467e+22,0.000000
5,2,-47,4.344494e+22,0.000000
8,5,-6,4.3103579e+22,0.000000
10,0,-11,4.2550589e+22,0.000000
10,0,11,4.2550589e+22,0.000000
9,3,55,4.2429336e+22,0.000000
3,2,-53,4.2234542e+22,0.000000
8,2,-31,4.2023901e+22,0.000000
8,-2,-26,4.1844129e+22,0.000000
9,-3,-14,4.1521252e+22,0.000000
7,-3,-27,4.074144e+22,0.000000
8,-1,-32,4.0545817e+22,0.000000
8,-3,-14,4.0404965e+22,0.000000
10,0,-19,4.0381819e+22,0.000000
10,0,19,4.0381819e+22,0.000000
9,-3,-9,3.9696587e+22,0.000000
8,-2,51,3.9652933e+22,0.000000
9,2,-11,3.9388133e+22,0.000000
9,-1,37,3.9379949e+22,0.000000
4,-3,-51,3.9293567e+22,0.000000
8,-1,39,3.9180333e+22,0.000000
5,-2,-49,3.9058275e+22,0.000000
9,2,-16,3.9033256e+22,0.000000
8,2,54,3.8950971e+22,0.000000
10,0,-13,3.8865294e+22,0.000000
10,0,13,3.8865294e+22,0.000000
10,-1,11,3.8730879e+22,0.000000
10,-5,47,3.7923569e+22,0.000000
3,3,-44,3.7895007e+22,0.000000
8,1,-33,3.7829055e+22,0.000000
7,0,-47,3.7447211e+22,0.000000
7,0,47,3.7447211e+22,0.000000
8,1,38,3.7247003e+22,0.000000
8,0,-22,3.7135454e+22,0.000000
8,0,22,3.7135454e+22,0.000000
5,5,-21,3.6761039e+22,0.000000
10,-4,45,3.6607728e+22,0.000000
6,-5,-23,3.6478263e+22,0.000000
9,3,-18,3.6452022e+22,0.000000
10,3,29,3.6433646e+22,0.000000
6,4,-30,3.6354337e+22,0.000000
6,-1,51,3.5779116e+22,0.000000
3,2,-54,3.5403871e+22,0.000000
5,-4,-36,3.5233541e+22,0.000000
7,5,-17,3.5203665e+22,0.000000
9,-2,34,3.4678859e+22,0.000000
9,1,34,3.4503785e+22,0.000000
5,-5,-35,3.4336493e+22,0.000000
10,-3,30,3.4133471e+22,0.000000
10,5,46,3.393139e+22,0.000000
6,-1,-35,3.3861358e+22,0.000000
10,3,34,3.3817318e+22,0.000000
10,-3,34,3.3797123e+22,0.000000
10,3,35,3.3782649e+22,0.000000
10,-3,33,3.3728005e+22,0.000000
8,3,-16,3.3651096e+22,0.000000
7,-1,-42,3.3547424e+22,0.000000
4,-2,-47,3.3392762e+22,0.000000
6,-3,-30,3.3360209e+22,0.000000
8,-1,40,3.3231803e+22,0.000000
10,0,-12,3.2805351e+22,0.000000
10,0,12,3.2805351e+22,0.000000
10,-3,32,3.2789359e+22,0.000000
6,-4,-36,3.2734549e+22,0.000000
10,-3,35,3.269709e+22,0.000000
10,3,33,3.2644982e+22,0.000000
10,3,36,3.2564062e+22,0.000000
9,2,43,3.2561985e+22,0.000000
6,-6,-26,3.2464511e+22,0.000000
6,3,-35,3.2207512e+22,0.000000
10,-5,48,3.2091994e+22,0.000000
10,-3,31,3.2091483e+22,0.000000
9,2,-17,3.1957844e+22,0.000000
10,0,-20,3.1917759e+22,0.000000
10,0,20,3.1917759e+22,0.000000
7,3,-32,3.1890627e+22,0.000000
7,2,-31,3.1863762e+22,0.000000
7,-3,-28,3.1453206e+22,0.000000
7,-5,-22,3.0867385e+22,0.000000
5,-3,-47,3.0864389e+22,0.000000
6,-2,-36,3.0836879e+22,0.000000
8,4,-21,3.0684356e+22,0.000000
3,2,-55,3.0672602e+22,0.000000
10,3,32,3.0651667e+22,0.000000
7,1,-45,3.0615721e+22,0.000000
10,-3,36,3.0552761e+22,0.000000
10,3,37,3.0387775e+22,0.000000
8,-1,41,3.0101378e+22,0.000000
10,4,43,2.9965203e+22,0.000000
9,2,-7,2.9943491e+22,0.000000
9,0,-22,2.9896239e+22,0.000000
9,0,22,2.9896239e+22,0.000000
8,3,-5,2.9834951e+22,0.000000
10,-5,49,2.9656425e+22,0.000000
10,3,30,2.9603584e+22,0.000000
5,2,-48,2.9543818e+22,0.000000
10,2,25,2.9521215e+22,0.000000
9,-3,-15,2.949803e+22,0.000000
7,4,-22,2.9414875e+22,0.000000
6,-2,-41,2.9049801e+22,0.000000
7,-2,-30,2.8963426e+22,0.000000
10,3,31,2.8917212e+22,0.000000
10,-4,46,2.8906606e+22,0.000000
6,1,-47,2.8693025e+22,0.000000
7,-4,-24,2.8594686e+22,0.000000
10,-5,50,2.8541277e+22,0.000000
8,1,39,2.809948e+22,0.000000
9,2,-10,2.8079322e+22,0.000000
6,-2,-42,2.7906555e+22,0.000000
8,-1,42,2.7707569e+22,0.000000
10,-3,37,2.7662293e+22,0.000000
10,-5,51,2.7652181e+22,0.000000
10,3,38,2.7556825e+22,0.000000
6,-2,-40,2.7552476e+22,0.000000
8,-1,-33,2.7538532e+22,0.000000
9,1,-19,2.734651e+22,0.000000
6,-1,52,2.6855509e+22,0.000000
5,-2,-50,2.6785105e+22,0.000000
6,6,-16,2.6743822e+22,0.000000
10,5,47,2.6710164e+22,0.000000
6,2,-36,2.6409969e+22,0.000000
6,5,-13,2.6116745e+22,0.000000
10,-5,52,2.6015392e+22,0.000000
4,3,-41,2.5983988e+22,0.000000
7,0,-48,2.5830533e+22,0.000000
7,0,48,2.5830533e+22,0.000000
10,-2,26,2.5582402e+22,0.000000
4,-2,-48,2.5552709e+22,0.000000
5,3,-42,2.5513401e+22,0.000000
8,-2,-27,2.5386923e+22,0.000000
8,-1,43,2.5276936e+22,0.000000
8,1,-34,2.5224501e+22,0.000000
9,2,-18,2.51034e+22,0.000000
9,-2,35,2.4972179e+22,0.000000
6,-2,-43,2.4958237e+22,0.000000
10,-5,53,2.4925183e+22,0.000000
8,-2,52,2.4579638e+22,0.000000
10,-4,47,2.453092e+22,0.000000
10,5,48,2.4469027e+22,0.000000
6,-5,-24,2.4371679e+22,0.000000
10,3,39,2.436848e+22,0.000000
10,-3,38,2.4358999e+22,0.000000
9,-1,38,2.4233342e+22,0.000000
10,0,-21,2.4161526e+22,0.000000
10,0,21,2.4161526e+22,0.000000
10,-1,12,2.4132002e+22,0.000000
8,1,40,2.4086544e+22,0.000000
9,-3,-6,2.3986378e+22,0.000000
4,-3,-52,2.3950892e+22,0.000000
10,5,50,2.3921945e+22,0.000000
10,5,51,2.3752555e+22,0.000000
10,5,49,2.3731093e+22,0.000000
5,4,-28,2.3722945e+22,0.000000
7,-3,-29,2.3615671e+22,0.000000
10,5,52,2.3466597e+22,0.000000
8,2,-32,2.3454436e+22,0.000000
3,3,-45,2.3306091e+22,0.000000
4,4,-33,2.3250834e+22,0.000000
7,-7,-10,2.3225866e+22,0.000000
10,-5,54,2.2974911e+22,0.000000
6,2,-41,2.2973053e+22,0.000000
8,2,55,2.2931713e+22,0.000000
9,-1,-20,2.2851453e+22,0.000000
8,-1,44,2.2646066e+22,0.000000
6,-2,-39,2.2561123e+22,0.000000
9,1,35,2.2110501e+22,0.000000
6,2,-40,2.2089469e+22,0.000000
8,1,41,2.2007124e+22,0.000000
9,2,44,2.1908717e+22,0.000000
6,-3,-31,2.1755319e+22,0.000000
7,3,-33,2.1669322e+22,0.000000
10,-4,48,2.1637513e+22,0.000000
6,2,-42,2.163242e+22,0.000000
10,5,54,2.1583147e+22,0.000000
9,3,-19,2.1328011e+22,0.000000
10,-2,30,2.1305376e+22,0.000000
8,-3,-15,2.1289537e+22,0.000000
5,-5,-36,2.1268811e+22,0.000000
6,-2,-44,2.1264256e+22,0.000000
10,3,40,2.1077757e+22,0.000000
7,2,-3,2.1033275e+22,0.000000
5,5,-22,2.0962159e+22,0.000000
10,-3,39,2.0934193e+22,0.000000
10,-2,29,2.0893376e+22,0.000000
7,-6,-12,2.0763916e+22,0.000000
10,-5,55,2.07593e+22,0.000000
10,-2,31,2.0718842e+22,0.000000
10,4,44,2.0586727e+22,0.000000
4,-2,-49,2.050493e+22,0.000000
6,-1,-36,2.0414961e+22,0.000000
8,1,42,2.0412302e+22,0.000000
7,-1,-43,2.0316122e+22,0.000000
10,-2,27,2.023776e+22,0.000000
8,4,-22,2.0180825e+22,0.000000
6,3,-36,2.0114955e+22,0.000000
6,-1,53,2.0100213e+22,0.000000
8,0,-23,2.0098531e+22,0.000000
8,0,23,2.0098531e+22,0.000000
10,5,55,2.0073477e+22,0.000000
10,-2,28,1.9968047e+22,0.000000
5,2,-49,1.995236e+22,0.000000
8,-1,45,1.9892311e+22,0.000000
9,-3,-16,1.9853537e+22,0.000000
7,-6,-11,1.9802841e+22,0.000000
6,4,-31,1.9439732e+22,0.000000
10,-4,49,1.9313709e+22,0.000000
5,-3,-48,1.926439e+22,0.000000
10,-2,32,1.9205821e+22,0.000000
6,2,-43,1.9045254e+22,0.000000
9,2,-19,1.9021144e+22,0.000000
8,1,43,1.8755646e+22,0.000000
8,-1,-34,1.8559758e+22,0.000000
8,-4,-9,1.8409839e+22,0.000000
6,2,-39,1.8351434e+22,0.000000
7,-6,-13,1.8294458e+22,0.000000
5,-2,-51,1.8144189e+22,0.000000
6,-6,-27,1.8087641e+22,0.000000
9,2,-9,1.8075526e+22,0.000000
5,-4,-37,1.796661e+22,0.000000
10,3,41,1.787761e+22,0.000000
7,4,-23,1.7832784e+22,0.000000
6,-4,-37,1.7775348e+22,0.000000
9,-2,36,1.7766809e+22,0.000000
7,0,-49,1.7738976e+22,0.000000
7,0,49,1.7738976e+22,0.000000
7,1,-46,1.7729985e+22,0.000000
7,-4,-25,1.7634056e+22,0.000000
10,-3,40,1.7611699e+22,0.000000
10,0,-22,1.7611277e+22,0.000000
10,0,22,1.7611277e+22,0.000000
7,5,-18,1.7524896e+22,0.000000
10,2,26,1.7480736e+22,0.000000
6,-2,-45,1.7433921e+22,0.000000
10,5,53,1.7421311e+22,0.000000
7,-3,-30,1.7350646e+22,0.000000
4,-2,-50,1.723904e+22,0.000000
8,-1,46,1.7156516e+22,0.000000
10,-2,33,1.7079269e+22,0.000000
8,1,44,1.6920499e+22,0.000000
8,4,-6,1.6909383e+22,0.000000
8,1,-35,1.6701914e+22,0.000000
9,3,-3,1.6701721e+22,0.000000
9,0,-23,1.6661089e+22,0.000000
9,0,23,1.6661089e+22,0.000000
9,-1,0,1.6563613e+22,0.000000
9,2,-8,1.6517183e+22,0.000000
10,-7,-8,1.6300246e+22,0.000000
6,-5,-25,1.6262965e+22,0.000000
10,2,30,1.6170498e+22,0.000000
10,2,31,1.6143495e+22,0.000000
6,2,-44,1.5973215e+22,0.000000
8,3,-17,1.5906715e+22,0.000000
4,-3,-53,1.579077e+22,0.000000
10,4,45,1.5575777e+22,0.000000
6,5,-14,1.5573246e+22,0.000000
10,-1,13,1.5531342e+22,0.000000
10,2,29,1.5414885e+22,0.000000
10,2,32,1.5338438e+22,0.000000
8,-2,-28,1.5218889e+22,0.000000
6,-2,-38,1.5171929e+22,0.000000
4,-2,-51,1.5097976e+22,0.000000
10,-4,51,1.5095887e+22,0.000000
4,3,-42,1.5013175e+22,0.000000
6,-1,54,1.4998749e+22,0.000000
8,1,45,1.4964117e+22,0.000000
8,-2,53,1.4941044e+22,0.000000
10,3,42,1.49021e+22,0.000000
3,3,-46,1.4883159e+22,0.000000
5,3,-43,1.4866539e+22,0.000000
6,1,-48,1.4750513e+22,0.000000
10,2,-8,1.4749052e+22,0.000000
7,-7,-11,1.4683983e+22,0.000000
10,-2,34,1.4652563e+22,0.000000
9,2,45,1.4648642e+22,0.000000
7,3,-34,1.4589753e+22,0.000000
8,-1,47,1.4564548e+22,0.000000
10,-3,41,1.454102e+22,0.000000
9,-1,39,1.4488505e+22,0.000000
7,-6,-14,1.4468837e+22,0.000000
10,2,28,1.429158e+22,0.000000
6,-3,-32,1.4145434e+22,0.000000
10,2,27,1.407419e+22,0.000000
7,-5,-23,1.4040242e+22,0.000000
9,1,36,1.3982855e+22,0.000000
10,2,33,1.3964335e+22,0.000000
9,2,-20,1.3961845e+22,0.000000
7,2,-32,1.3950268e+22,0.000000
6,6,-17,1.3903759e+22,0.000000
6,-2,-46,1.3865597e+22,0.000000
7,-6,-10,1.3825647e+22,0.000000
10,-1,1,1.3783064e+22,0.000000
4,-2,-52,1.3629561e+22,0.000000
7,-2,-31,1.3463427e+22,0.000000
8,-4,-14,1.3450336e+22,0.000000
5,2,-50,1.3389492e+22,0.000000
10,2,-9,1.33254e+22,0.000000
5,-5,-37,1.3154302e+22,0.000000
10,-4,52,1.3076566e+22,0.000000
8,4,-23,1.3048447e+22,0.000000
8,1,46,1.2992331e+22,0.000000
10,4,46,1.2926022e+22,0.000000
8,2,-33,1.2906143e+22,0.000000
6,2,-45,1.2880778e+22,0.000000
9,-3,-17,1.2766398e+22,0.000000
8,-4,-15,1.2569262e+22,0.000000
10,-1,19,1.2553941e+22,0.000000
4,-2,-53,1.255028e+22,0.000000
6,3,-37,1.2542034e+22,0.000000
7,-3,-31,1.2514845e+22,0.000000
8,-4,-13,1.2503593e+22,0.000000
9,-2,37,1.2498813e+22,0.000000
10,-1,18,1.2487911e+22,0.000000
6,2,-38,1.2469264e+22,0.000000
5,4,-29,1.2436341e+22,0.000000
8,-1,-35,1.2417736e+22,0.000000
10,0,-23,1.2409061e+22,0.000000
10,0,23,1.2409061e+22,0.000000
5,-3,-49,1.2385946e+22,0.000000
5,-2,-52,1.2283819e+22,0.000000
10,2,34,1.2253303e+22,0.000000
10,3,43,1.2230318e+22,0.000000
6,-1,-37,1.2222794e+22,0.000000
8,-1,48,1.2202722e+22,0.000000
10,-2,35,1.2201544e+22,0.000000
7,-1,-44,1.216809e+22,0.000000
7,0,-50,1.212836e+22,0.000000
7,0,50,1.212836e+22,0.000000
9,3,-20,1.2046377e+22,0.000000
5,5,-23,1.2041999e+22,0.000000
10,-1,20,1.2003629e+22,0.000000
10,-1,17,1.1850807e+22,0.000000
10,-3,42,1.180841e+22,0.000000
9,-3,-8,1.1710694e+22,0.000000
4,-2,-54,1.1682157e+22,0.000000
6,-2,-37,1.166246e+22,0.000000
4,4,-34,1.1545501e+22,0.000000
10,-1,14,1.1520429e+22,0.000000
10,4,47,1.1435577e+22,0.000000
9,1,-20,1.1423239e+22,0.000000
10,-4,53,1.1161972e+22,0.000000
6,-1,55,1.1135551e+22,0.000000
8,1,47,1.1101788e+22,0.000000
8,1,-36,1.0986578e+22,0.000000
9,-7,-9,1.097421e+22,0.000000
10,-1,16,1.0955359e+22,0.000000
10,-1,21,1.0950982e+22,0.000000
4,-2,-55,1.0922204e+22,0.000000
6,-5,-26,1.0836442e+22,0.000000
7,-4,-26,1.0812455e+22,0.000000
6,-2,-47,1.0741301e+22,0.000000
10,2,-7,1.0735974e+22,0.000000
7,4,-24,1.0706407e+22,0.000000
8,-4,-16,1.0694382e+22,0.000000
7,-6,-15,1.0654824e+22,0.000000
10,-1,15,1.0480612e+22,0.000000
8,0,-24,1.046914e+22,0.000000
8,0,24,1.046914e+22,0.000000
10,4,48,1.0454872e+22,0.000000
10,2,35,1.0427707e+22,0.000000
8,-3,-16,1.0402096e+22,0.000000
6,4,-32,1.0369305e+22,0.000000
4,-3,-54,1.0338907e+22,0.000000
9,-1,-21,1.0299726e+22,0.000000
7,1,-47,1.0183818e+22,0.000000
8,-1,49,1.0116019e+22,0.000000
6,-6,-28,1.0114158e+22,0.000000
6,2,-46,1.0081946e+22,0.000000
9,2,-21,9.962501e+21,0.000000
3,3,-47,9.9519454e+21,0.000000
10,-10,-11,9.9340786e+21,0.000000
10,-2,36,9.9010223e+21,0.000000
10,3,44,9.8985589e+21,0.000000
7,-7,-12,9.8751029e+21,0.000000
9,2,46,9.7429685e+21,0.000000
7,3,-35,9.7362339e+21,0.000000
6,2,-37,9.647692e+21,0.000000
10,4,49,9.6194992e+21,0.000000
6,-4,-38,9.579584e+21,0.000000
10,-1,22,9.5771497e+21,0.000000
10,2,-10,9.5382215e+21,0.000000
10,-3,43,9.4490225e+21,0.000000
10,-4,54,9.3955857e+21,0.000000
6,5,-15,9.3753338e+21,0.000000
8,1,48,9.3614516e+21,0.000000
8,-4,-12,9.2773574e+21,0.000000
6,-3,-33,9.1731546e+21,0.000000
8,-2,-29,9.0194843e+21,0.000000
7,-3,-4,9.0185134e+21,0.000000
5,-4,-38,8.9960333e+21,0.000000
5,2,-51,8.939699e+21,0.000000
7,-3,-32,8.8996522e+21,0.000000
8,-2,54,8.8514617e+21,0.000000
9,0,-24,8.845199e+21,0.000000
9,0,24,8.845199e+21,0.000000
9,1,37,8.7311445e+21,0.000000
10,4,50,8.7272998e+21,0.000000
9,-2,38,8.7005974e+21,0.000000
4,3,-43,8.6758447e+21,0.000000
5,3,-44,8.6703819e+21,0.000000
10,2,36,8.6408649e+21,0.000000
9,-1,40,8.6178691e+21,0.000000
7,5,-19,8.5762665e+21,0.000000
8,-4,-17,8.5153547e+21,0.000000
10,0,-24,8.4782707e+21,0.000000
10,0,24,8.4782707e+21,0.000000
6,1,-49,8.4083106e+21,0.000000
5,-2,-53,8.3320592e+21,0.000000
8,-1,50,8.3167532e+21,0.000000
8,4,-24,8.312543e+21,0.000000
8,-1,-36,8.251875e+21,0.000000
5,-5,-38,8.1362857e+21,0.000000
6,-2,-48,8.1326404e+21,0.000000
5,-3,-50,8.1252504e+21,0.000000
10,-1,23,8.0665348e+21,0.000000
10,3,45,7.9121848e+21,0.000000
9,-3,-18,7.8865896e+21,0.000000
10,-2,37,7.864739e+21,0.000000
8,1,49,7.8098534e+21,0.000000
10,-4,55,7.8097656e+21,0.000000
6,3,-38,7.8066876e+21,0.000000
8,3,-18,7.7817212e+21,0.000000
8,-6,-9,7.6951447e+21,0.000000
6,2,-47,7.6927459e+21,0.000000
7,-6,-16,7.4692961e+21,0.000000
10,-3,44,7.462547e+21,0.000000
9,-1,-25,7.4586974e+21,0.000000
6,6,-18,7.2677746e+21,0.000000
6,-1,-38,7.2597899e+21,0.000000
9,-1,-26,7.2198738e+21,0.000000
6,-5,-27,7.2104361e+21,0.000000
7,-1,-45,7.2068259e+21,0.000000
9,-1,-24,7.1823967e+21,0.000000
8,1,-37,7.1813002e+21,0.000000
10,-5,-4,7.1011862e+21,0.000000
6,-6,-45,7.0907591e+21,0.000000
3,3,-48,7.0120998e+21,0.000000
10,2,37,7.0021228e+21,0.000000
8,2,-34,6.9722735e+21,0.000000
4,-3,-55,6.9701134e+21,0.000000
5,5,-24,6.9544851e+21,0.000000
7,-7,-13,6.9517709e+21,0.000000
9,2,-22,6.9305828e+21,0.000000
8,-1,51,6.779586e+21,0.000000
9,-1,-22,6.7742927e+21,0.000000
9,-1,-23,6.6174176e+21,0.000000
7,-4,-27,6.596899e+21,0.000000
10,-1,24,6.5703919e+21,0.000000
9,-1,-27,6.566046e+21,0.000000
9,3,-21,6.5642852e+21,0.000000
10,-4,-3,6.5202595e+21,0.000000
5,4,-30,6.4893368e+21,0.000000
8,1,50,6.4607797e+21,0.000000
8,-4,-18,6.4559477e+21,0.000000
7,3,-36,6.4553792e+21,0.000000
9,2,47,6.4533315e+21,0.000000
10,4,52,6.3813526e+21,0.000000
7,4,-25,6.3720753e+21,0.000000
7,-6,-9,6.2870014e+21,0.000000
10,3,46,6.2538227e+21,0.000000
7,-3,-33,6.2478025e+21,0.000000
7,-5,-24,6.1714669e+21,0.000000
10,-2,38,6.1250457e+21,0.000000
7,-2,-32,6.0248402e+21,0.000000
8,-6,-45,6.0221982e+21,0.000000
10,3,-2,6.0193271e+21,0.000000
9,-2,39,5.9968973e+21,0.000000
7,2,-33,5.9949328e+21,0.000000
5,2,-52,5.952464e+21,0.000000
6,-3,-34,5.934093e+21,0.000000
6,1,-50,5.8847321e+21,0.000000
7,1,-48,5.8275191e+21,0.000000
10,-3,45,5.8251285e+21,0.000000
10,4,53,5.7694211e+21,0.000000
4,4,-35,5.7659009e+21,0.000000
10,2,-11,5.7648649e+21,0.000000
6,2,-48,5.7429149e+21,0.000000
6,5,-16,5.7108713e+21,0.000000
5,-2,-54,5.7094651e+21,0.000000
6,-6,-29,5.6719297e+21,0.000000
9,-1,-28,5.6715703e+21,0.000000
10,0,-25,5.6276581e+21,0.000000
10,0,25,5.6276581e+21,0.000000
7,0,-52,5.5688375e+21,0.000000
7,0,52,5.5688375e+21,0.000000
10,2,38,5.5628032e+21,0.000000
5,-3,-51,5.5398716e+21,0.000000
8,-1,52,5.5249616e+21,0.000000
6,4,-33,5.512822e+21,0.000000
8,-1,-37,5.447456e+21,0.000000
9,1,38,5.3811874e+21,0.000000
8,-2,-30,5.2798939e+21,0.000000
9,1,-21,5.2489413e+21,0.000000
8,4,-25,5.2295951e+21,0.000000
8,0,-25,5.2278254e+21,0.000000
8,0,25,5.2278254e+21,0.000000
3,3,-49,5.218072e+21,0.000000
10,-1,25,5.1937175e+21,0.000000
6,1,-54,5.166427e+21,0.000000
6,1,-51,5.1232011e+21,0.000000
6,-4,-39,5.121019e+21,0.000000
6,1,-53,5.0919597e+21,0.000000
5,3,-45,5.0736783e+21,0.000000
9,1,0,5.0651338e+21,0.000000
7,-6,-17,5.0561688e+21,0.000000
9,-1,41,5.0557097e+21,0.000000
6,1,-52,5.0506511e+21,0.000000
4,3,-44,5.0159259e+21,0.000000
5,-5,-39,5.015729e+21,0.000000
8,-6,-14,4.9824412e+21,0.000000
8,-4,-11,4.9816455e+21,0.000000
8,-6,-13,4.9318543e+21,0.000000
10,3,47,4.8940433e+21,0.000000
6,3,-39,4.8500455e+21,0.000000
7,-7,-14,4.8179337e+21,0.000000
6,-5,-28,4.7905264e+21,0.000000
8,-3,-17,4.771952e+21,0.000000
8,-4,-19,4.714736e+21,0.000000
9,2,-23,4.712035e+21,0.000000
9,-1,-29,4.7048287e+21,0.000000
9,-3,-19,4.6966245e+21,0.000000
10,-2,39,4.6955913e+21,0.000000
8,1,-38,4.666546e+21,0.000000
8,-4,-10,4.6315121e+21,0.000000
8,-5,-7,4.6083397e+21,0.000000
10,-6,-45,4.5601157e+21,0.000000
8,3,-19,4.5166373e+21,0.000000
10,-3,46,4.4995297e+21,0.000000
10,4,55,4.4864204e+21,0.000000
9,0,-25,4.4746353e+21,0.000000
9,0,25,4.4746353e+21,0.000000
8,-1,53,4.448466e+21,0.000000
6,-2,-50,4.4198844e+21,0.000000
5,-4,-39,4.4072093e+21,0.000000
10,2,39,4.3473339e+21,0.000000
7,-3,-34,4.3430538e+21,0.000000
10,2,-5,4.3350612e+21,0.000000
8,1,52,4.3325458e+21,0.000000
8,-6,-15,4.3252111e+21,0.000000
6,-1,-39,4.2719306e+21,0.000000
9,2,48,4.2621649e+21,0.000000
7,3,-37,4.2513676e+21,0.000000
7,-1,-46,4.2166629e+21,0.000000
6,2,-49,4.2079035e+21,0.000000
7,5,-20,4.1137864e+21,0.000000
9,-2,40,4.0951466e+21,0.000000
3,3,-50,4.0897395e+21,0.000000
5,5,-25,4.0321505e+21,0.000000
7,-4,-28,4.0021629e+21,0.000000
5,-2,-55,4.000902e+21,0.000000
10,-1,26,3.995765e+21,0.000000
5,2,-53,3.970325e+21,0.000000
6,-3,-35,3.8298913e+21,0.000000
6,6,-19,3.8145948e+21,0.000000
10,3,48,3.7960044e+21,0.000000
9,-1,-30,3.7729979e+21,0.000000
7,4,-26,3.7632057e+21,0.000000
7,0,-53,3.7332369e+21,0.000000
7,0,53,3.7332369e+21,0.000000
9,-3,-7,3.7222311e+21,0.000000
8,2,-35,3.6946794e+21,0.000000
10,6,-6,3.6816579e+21,0.000000
8,-6,-12,3.6558121e+21,0.000000
10,0,-26,3.635169e+21,0.000000
10,0,26,3.635169e+21,0.000000
9,1,-25,3.633542e+21,0.000000
7,-1,-1,3.631168e+21,0.000000
8,-1,54,3.6187876e+21,0.000000
8,-1,-38,3.5731549e+21,0.000000
9,1,-24,3.5669118e+21,0.000000
10,-2,40,3.5483531e+21,0.000000
6,5,-17,3.5186752e+21,0.000000
9,1,-22,3.4910479e+21,0.000000
9,1,-26,3.4601901e+21,0.000000
9,3,-22,3.4458252e+21,0.000000
10,-3,47,3.4444853e+21,0.000000
8,-6,-16,3.4278034e+21,0.000000
8,3,-20,3.4197796e+21,0.000000
8,-5,-8,3.3907535e+21,0.000000
8,3,-4,3.384693e+21,0.000000
5,4,-31,3.3688335e+21,0.000000
9,1,-23,3.3594886e+21,0.000000
3,3,-51,3.3529127e+21,0.000000
7,1,-49,3.3495294e+21,0.000000
10,2,40,3.3448756e+21,0.000000
8,-4,-20,3.3435736e+21,0.000000
7,-6,-18,3.3368138e+21,0.000000
9,1,39,3.2718345e+21,0.000000
8,4,-26,3.253596e+21,0.000000
10,0,-2,3.2232651e+21,0.000000
10,0,2,3.2232651e+21,0.000000
7,-7,-15,3.2146757e+21,0.000000
9,-6,-8,3.1984891e+21,0.000000
6,-6,-30,3.1924806e+21,0.000000
6,-5,-29,3.1785725e+21,0.000000
9,2,-24,3.137242e+21,0.000000
8,3,-21,3.1079157e+21,0.000000
9,1,-27,3.1014791e+21,0.000000
5,-5,-40,3.0910543e+21,0.000000
8,-2,-31,3.0537301e+21,0.000000
6,2,-50,3.03353e+21,0.000000
8,1,-39,3.0118079e+21,0.000000
10,2,-12,3.009208e+21,0.000000
6,3,-40,3.0069062e+21,0.000000
10,-1,27,2.9991442e+21,0.000000
9,-5,-6,2.9913905e+21,0.000000
7,-3,-35,2.9902772e+21,0.000000
5,3,-46,2.9867491e+21,0.000000
8,3,-22,2.9586395e+21,0.000000
9,-1,-31,2.9473683e+21,0.000000
9,-1,42,2.9255252e+21,0.000000
10,3,49,2.9225051e+21,0.000000
6,4,-34,2.9207134e+21,0.000000
4,4,-36,2.9064988e+21,0.000000
4,3,-45,2.9028363e+21,0.000000
8,1,54,2.8830936e+21,0.000000
3,3,-52,2.849616e+21,0.000000
5,-3,-53,2.8405334e+21,0.000000
7,3,-38,2.7846395e+21,0.000000
9,-2,41,2.7722515e+21,0.000000
8,3,-23,2.7508927e+21,0.000000
7,2,-34,2.7252479e+21,0.000000
6,-4,-40,2.7049368e+21,0.000000
9,-3,-20,2.7010559e+21,0.000000
5,2,-54,2.6721167e+21,0.000000
7,-2,-33,2.6501773e+21,0.000000
10,-2,41,2.6495521e+21,0.000000
9,1,-28,2.6432704e+21,0.000000
10,-3,48,2.61545e+21,0.000000
7,-5,-25,2.6102703e+21,0.000000
9,2,49,2.5719171e+21,0.000000
8,-6,-17,2.559744e+21,0.000000
10,2,41,2.5396842e+21,0.000000
8,-5,-11,2.5286416e+21,0.000000
8,0,-26,2.4917729e+21,0.000000
8,0,26,2.4917729e+21,0.000000
3,3,-53,2.4881477e+21,0.000000
6,-1,-40,2.4861345e+21,0.000000
7,0,-54,2.4807748e+21,0.000000
7,0,54,2.4807748e+21,0.000000
8,-5,-10,2.467235e+21,0.000000
6,-3,-36,2.4662134e+21,0.000000
8,3,-24,2.4498631e+21,0.000000
7,-1,-47,2.4429073e+21,0.000000
7,-4,-29,2.4169586e+21,0.000000
10,2,-6,2.3938139e+21,0.000000
5,5,-26,2.3443636e+21,0.000000
8,-1,-39,2.3276483e+21,0.000000
8,-4,-21,2.3163224e+21,0.000000
10,0,-27,2.2856347e+21,0.000000
10,0,27,2.2856347e+21,0.000000
9,-1,-32,2.2489951e+21,0.000000
10,3,50,2.2347173e+21,0.000000
10,-2,-9,2.2162456e+21,0.000000
3,3,-54,2.2147295e+21,0.000000
7,4,-27,2.2070411e+21,0.000000
8,-5,-12,2.2018638e+21,0.000000
10,-1,28,2.2003002e+21,0.000000
6,5,-18,2.1893476e+21,0.000000
9,0,-26,2.1852641e+21,0.000000
9,0,26,2.1852641e+21,0.000000
8,-3,-18,2.179917e+21,0.000000
9,1,-29,2.165024e+21,0.000000
7,-6,-19,2.1612389e+21,0.000000
6,2,-51,2.1575843e+21,0.000000
8,1,55,2.1450659e+21,0.000000
10,-2,-8,2.1124611e+21,0.000000
6,-5,-30,2.1060494e+21,0.000000
5,-4,-40,2.103548e+21,0.000000
5,-3,-54,2.0936097e+21,0.000000
8,3,-25,2.0890328e+21,0.000000
10,4,51,2.0870201e+21,0.000000
7,-7,-16,2.0600144e+21,0.000000
9,2,-25,2.0489852e+21,0.000000
7,-3,-36,2.0441379e+21,0.000000
6,6,-20,2.0077755e+21,0.000000
8,4,-27,2.0061142e+21,0.000000
3,3,-55,1.997467e+21,0.000000
7,1,-50,1.9904853e+21,0.000000
10,-3,49,1.9722929e+21,0.000000
9,1,40,1.9651793e+21,0.000000
10,-2,42,1.9570062e+21,0.000000
8,1,-40,1.9320185e+21,0.000000
7,5,-21,1.9279965e+21,0.000000
10,2,42,1.9110249e+21,0.000000
8,2,-36,1.905572e+21,0.000000
5,-5,-41,1.8983811e+21,0.000000
9,-2,42,1.8615631e+21,0.000000
6,3,-41,1.8597445e+21,0.000000
8,-1,55,1.8563617e+21,0.000000
9,2,50,1.8529562e+21,0.000000
8,-6,-18,1.8345595e+21,0.000000
8,-6,-49,1.8302141e+21,0.000000
5,2,-55,1.8282655e+21,0.000000
8,-5,-9,1.8185127e+21,0.000000
7,3,-39,1.8146069e+21,0.000000
6,-6,-31,1.800883e+21,0.000000
5,3,-47,1.7786522e+21,0.000000
10,-2,-10,1.7607862e+21,0.000000
8,-2,-32,1.7410445e+21,0.000000
5,4,-32,1.7385914e+21,0.000000
9,3,-23,1.7372553e+21,0.000000
9,-7,-47,1.7300192e+21,0.000000
6,-2,-52,1.724042e+21,0.000000
8,-5,-13,1.7185601e+21,0.000000
9,1,-30,1.7151626e+21,0.000000
8,3,-26,1.7145935e+21,0.000000
10,3,51,1.7006481e+21,0.000000
9,-1,-33,1.6861636e+21,0.000000
4,3,-46,1.6830798e+21,0.000000
9,5,-11,1.6694088e+21,0.000000
9,-1,43,1.6685136e+21,0.000000
8,-3,-5,1.6609714e+21,0.000000
9,8,-8,1.6495548e+21,0.000000
9,5,-12,1.6409113e+21,0.000000
8,7,-8,1.6376851e+21,0.000000
6,-3,-37,1.5844672e+21,0.000000
10,-1,29,1.5802354e+21,0.000000
8,-4,-22,1.5743957e+21,0.000000
6,4,-35,1.540657e+21,0.000000
6,1,-55,1.5308464e+21,0.000000
7,2,-35,1.5262784e+21,0.000000
10,10,-9,1.5188821e+21,0.000000
6,2,-52,1.516238e+21,0.000000
8,-1,-40,1.5074111e+21,0.000000
9,-3,-21,1.5004613e+21,0.000000
6,-2,-53,1.4893468e+21,0.000000
4,4,-37,1.4869304e+21,0.000000
5,-3,-55,1.4814007e+21,0.000000
10,-3,50,1.4787232e+21,0.000000
7,-4,-30,1.4527106e+21,0.000000
10,-2,43,1.4312805e+21,0.000000
6,-1,-41,1.4278503e+21,0.000000
6,-4,-41,1.423843e+21,0.000000
9,9,-9,1.4203981e+21,0.000000
10,2,43,1.420157e+21,0.000000
7,-1,-48,1.4087468e+21,0.000000
10,0,-28,1.399947e+21,0.000000
10,0,28,1.399947e+21,0.000000
6,-5,-31,1.3938847e+21,0.000000
7,-3,-37,1.3869491e+21,0.000000
10,2,-13,1.3814644e+21,0.000000
7,-6,-20,1.3803824e+21,0.000000
9,5,-13,1.3737406e+21,0.000000
9,5,-6,1.3730936e+21,0.000000
6,5,-19,1.3726645e+21,0.000000
5,5,-27,1.3661155e+21,0.000000
8,3,-27,1.3623069e+21,0.000000
8,-6,-11,1.3570935e+21,0.000000
7,6,-8,1.3429818e+21,0.000000
9,1,-31,1.3241164e+21,0.000000
10,9,-8,1.3159371e+21,0.000000
9,2,-26,1.3142701e+21,0.000000
7,4,-28,1.2864018e+21,0.000000
10,-6,-49,1.281257e+21,0.000000
8,-6,-19,1.2765372e+21,0.000000
7,-7,-17,1.2735612e+21,0.000000
7,1,-51,1.2658203e+21,0.000000
9,-1,-34,1.2423505e+21,0.000000
9,-2,43,1.2407487e+21,0.000000
8,-5,-14,1.2379398e+21,0.000000
7,-2,-34,1.2363717e+21,0.000000
8,1,-41,1.2309261e+21,0.000000
8,4,-28,1.2262948e+21,0.000000
10,-2,-7,1.2187978e+21,0.000000
9,5,-10,1.2093652e+21,0.000000
9,2,51,1.2066975e+21,0.000000
7,3,-40,1.1762242e+21,0.000000
5,-5,-42,1.1684949e+21,0.000000
8,-3,-19,1.1684807e+21,0.000000
9,1,41,1.1634377e+21,0.000000
7,2,-36,1.1574829e+21,0.000000
8,6,-9,1.1562968e+21,0.000000
10,-6,-50,1.1548315e+21,0.000000
6,3,-42,1.1471868e+21,0.000000
10,-2,-11,1.1449164e+21,0.000000
9,3,-5,1.1438969e+21,0.000000
8,0,-27,1.132268e+21,0.000000
8,0,27,1.132268e+21,0.000000
10,-1,30,1.1122189e+21,0.000000
10,-3,51,1.1036552e+21,0.000000
9,0,-27,1.0841172e+21,0.000000
9,0,27,1.0841172e+21,0.000000
5,3,-48,1.0765188e+21,0.000000
7,2,-37,1.0664517e+21,0.000000
6,2,-53,1.065972e+21,0.000000
7,-5,-26,1.0602757e+21,0.000000
6,6,-21,1.0585618e+21,0.000000
8,3,-28,1.0536472e+21,0.000000
8,-4,-23,1.0535675e+21,0.000000
9,5,-14,1.0481274e+21,0.000000
10,2,44,1.0478965e+21,0.000000
10,-2,44,1.0392929e+21,0.000000
7,2,-38,1.0303334e+21,0.000000
6,-6,-32,1.0197775e+21,0.000000
6,-3,-38,1.0155532e+21,0.000000
9,1,-32,9.9885833e+20,0.000000
8,1,53,9.8768117e+20,0.000000
8,5,-9,9.8327343e+20,0.000000
4,3,-47,9.789094e+20,0.000000
8,-2,-33,9.7841904e+20,0.000000
5,-4,-41,9.7651832e+20,0.000000
7,2,-39,9.7605595e+20,0.000000
10,3,53,9.737874e+20,0.000000
7,0,-55,9.7328533e+20,0.000000
7,0,55,9.7328533e+20,0.000000
8,-1,-41,9.6898158e+20,0.000000
8,2,-37,9.5429877e+20,0.000000
8,5,-10,9.4387888e+20,0.000000
9,-1,44,9.3950576e+20,0.000000
7,-3,-38,9.35294e+20,0.000000
6,-5,-32,9.2136073e+20,0.000000
9,-1,-35,9.0523363e+20,0.000000
7,1,-52,8.9724957e+20,0.000000
7,2,-40,8.9150283e+20,0.000000
5,4,-33,8.9106788e+20,0.000000
8,-6,-10,8.8819895e+20,0.000000
7,5,-22,8.7951817e+20,0.000000
8,-3,-20,8.7674686e+20,0.000000
7,-6,-21,8.7241184e+20,0.000000
8,-6,-20,8.6897629e+20,0.000000
8,-3,-22,8.6861241e+20,0.000000
7,-4,-31,8.6846547e+20,0.000000
6,5,-20,8.6522977e+20,0.000000
10,3,52,8.6321314e+20,0.000000
8,-3,-23,8.6037698e+20,0.000000
8,-3,-21,8.4763375e+20,0.000000
9,-5,-12,8.3820721e+20,0.000000
9,3,-24,8.3806478e+20,0.000000
8,-5,-15,8.3766136e+20,0.000000
10,0,-29,8.340185e+20,0.000000
10,0,29,8.340185e+20,0.000000
10,5,-5,8.3351609e+20,0.000000
9,2,-27,8.2888397e+20,0.000000
9,-2,44,8.2140196e+20,0.000000
10,-3,52,8.209084e+20,0.000000
7,-1,-49,8.1896858e+20,0.000000
6,4,-36,8.0861805e+20,0.000000
9,-5,-13,8.0819667e+20,0.000000
8,-3,-24,8.078634e+20,0.000000
6,-1,-42,8.0712536e+20,0.000000
9,-3,-22,8.0423666e+20,0.000000
9,2,52,7.9950423e+20,0.000000
5,5,-28,7.9743462e+20,0.000000
8,3,-29,7.9662852e+20,0.000000
8,0,-1,7.8896265e+20,0.000000
8,0,1,7.8896265e+20,0.000000
7,2,-41,7.8593143e+20,0.000000
9,2,-4,7.8341668e+20,0.000000
4,4,-38,7.7922384e+20,0.000000
8,1,-42,7.784452e+20,0.000000
10,-1,31,7.6784387e+20,0.000000
10,2,45,7.6751353e+20,0.000000
10,-1,-10,7.6543891e+20,0.000000
7,-7,-18,7.6413035e+20,0.000000
8,8,-9,7.6120304e+20,0.000000
8,5,-11,7.6072752e+20,0.000000
6,-2,-55,7.5913338e+20,0.000000
7,3,-41,7.5881113e+20,0.000000
9,5,-15,7.5220806e+20,0.000000
10,-2,45,7.4956505e+20,0.000000
7,4,-29,7.4546048e+20,0.000000
8,4,-29,7.4507792e+20,0.000000
6,-4,-42,7.4441838e+20,0.000000
9,1,-33,7.4058652e+20,0.000000
10,3,54,7.3629721e+20,0.000000
8,-3,-25,7.2134683e+20,0.000000
10,-1,-11,7.1857434e+20,0.000000
6,-2,-54,7.1813365e+20,0.000000
5,-5,-43,7.1349371e+20,0.000000
7,-2,-35,7.1146672e+20,0.000000
10,-1,-9,7.0981139e+20,0.000000
6,2,-54,7.0791902e+20,0.000000
6,3,-43,7.0554909e+20,0.000000
9,-5,-11,6.9727665e+20,0.000000
10,8,-8,6.962468e+20,0.000000
8,-4,-24,6.9584022e+20,0.000000
9,-5,-14,6.8291045e+20,0.000000
9,1,42,6.7946485e+20,0.000000
7,2,-42,6.7199286e+20,0.000000
5,3,-49,6.677016e+20,0.000000
9,-1,-36,6.4975324e+20,0.000000
6,-3,-39,6.4926315e+20,0.000000
8,5,-8,6.4323974e+20,0.000000
7,-2,-3,6.2809672e+20,0.000000
7,-3,-39,6.2707712e+20,0.000000
10,-2,-12,6.2533317e+20,0.000000
7,7,-9,6.2097534e+20,0.000000
9,-2,-1,6.2037676e+20,0.000000
8,-1,-42,6.1812415e+20,0.000000
8,-3,-26,6.1737074e+20,0.000000
9,0,-28,6.1627463e+20,0.000000
9,0,28,6.1627463e+20,0.000000
10,2,-14,6.1210086e+20,0.000000
10,-3,53,6.089703e+20,0.000000
6,-5,-33,6.0847639e+20,0.000000
10,-1,-12,6.0542777e+20,0.000000
8,3,-30,5.9115787e+20,0.000000
8,-6,-21,5.8180167e+20,0.000000
7,1,-54,5.7888097e+20,0.000000
6,-6,-33,5.7806744e+20,0.000000
4,3,-48,5.7208364e+20,0.000000
10,2,46,5.618683e+20,0.000000
7,2,-43,5.6029007e+20,0.000000
6,6,-22,5.5860066e+20,0.000000
8,5,-12,5.5813936e+20,0.000000
7,-2,-36,5.5210709e+20,0.000000
10,7,-7,5.517935e+20,0.000000
6,5,-21,5.4714149e+20,0.000000
7,-6,-22,5.4699852e+20,0.000000
10,-1,-8,5.4067547e+20,0.000000
9,-2,45,5.405466e+20,0.000000
9,1,-34,5.3978592e+20,0.000000
8,-2,-34,5.3965293e+20,0.000000
10,3,55,5.3874673e+20,0.000000
8,-5,-16,5.3849225e+20,0.000000
10,-2,46,5.3803507e+20,0.000000
9,5,-8,5.3628218e+20,0.000000
8,-4,-5,5.2849149e+20,0.000000
9,-5,-15,5.2846843e+20,0.000000
9,2,53,5.2555955e+20,0.000000
9,-1,45,5.2436109e+20,0.000000
10,-1,32,5.2020305e+20,0.000000
7,-2,-37,5.1794739e+20,0.000000
7,-4,-32,5.1682403e+20,0.000000
9,5,-16,5.1631719e+20,0.000000
9,2,-28,5.1422759e+20,0.000000
10,2,-19,5.1058225e+20,0.000000
8,-3,-27,5.1018605e+20,0.000000
7,-2,-38,5.085882e+20,0.000000
10,4,-4,5.067408e+20,0.000000
9,7,-8,5.0571269e+20,0.000000
8,0,-28,4.9696356e+20,0.000000
8,0,28,4.9696356e+20,0.000000
10,2,-18,4.9400457e+20,0.000000
7,-2,-39,4.8959432e+20,0.000000
8,1,-43,4.8819721e+20,0.000000
7,-1,-50,4.8749988e+20,0.000000
7,3,-42,4.8661309e+20,0.000000
10,2,-20,4.8420454e+20,0.000000
10,0,-30,4.8355407e+20,0.000000
10,0,30,4.8355407e+20,0.000000
10,4,-10,4.7656232e+20,0.000000
5,5,-29,4.6620249e+20,0.000000
10,-1,-13,4.6553652e+20,0.000000
9,-1,-37,4.6278245e+20,0.000000
7,2,-44,4.5768453e+20,0.000000
8,2,-38,4.5657532e+20,0.000000
9,0,-29,4.5569386e+20,0.000000
9,0,29,4.5569386e+20,0.000000
8,-4,-25,4.5462853e+20,0.000000
7,-2,-40,4.543755e+20,0.000000
5,4,-34,4.5292953e+20,0.000000
10,-3,54,4.5198865e+20,0.000000
8,4,-30,4.4932838e+20,0.000000
6,-1,-43,4.4763774e+20,0.000000
7,-7,-19,4.474044e+20,0.000000
5,-4,-42,4.4034497e+20,0.000000
5,-5,-44,4.3612084e+20,0.000000
10,2,-17,4.3383481e+20,0.000000
6,3,-44,4.3257673e+20,0.000000
10,4,-9,4.3193271e+20,0.000000
8,3,-31,4.3171138e+20,0.000000
7,4,-30,4.2971139e+20,0.000000
9,0,-32,4.2969286e+20,0.000000
9,0,32,4.2969286e+20,0.000000
10,2,-21,4.2823505e+20,0.000000
9,0,-31,4.2755781e+20,0.000000
9,0,31,4.2755781e+20,0.000000
10,-9,-10,4.2746649e+20,0.000000
5,3,-50,4.2666807e+20,0.000000
4,4,-39,4.2373731e+20,0.000000
9,0,-30,4.2297735e+20,0.000000
9,0,30,4.2297735e+20,0.000000
6,4,-37,4.2187942e+20,0.000000
7,-5,-27,4.2107993e+20,0.000000
7,-3,-40,4.1778151e+20,0.000000
9,0,-33,4.1633747e+20,0.000000
9,0,33,4.1633747e+20,0.000000
9,-3,-23,4.147037e+20,0.000000
6,-3,-40,4.1396238e+20,0.000000
8,-3,-28,4.0972604e+20,0.000000
7,-2,-41,4.0659405e+20,0.000000
10,2,47,4.0556795e+20,0.000000
6,-5,-34,4.0134404e+20,0.000000
9,-4,-4,3.9749575e+20,0.000000
9,1,43,3.9113903e+20,0.000000
8,-1,-43,3.9094349e+20,0.000000
8,-2,-2,3.9028563e+20,0.000000
7,5,-23,3.8894467e+20,0.000000
9,1,-35,3.888754e+20,0.000000
9,0,-34,3.8731676e+20,0.000000
9,0,34,3.8731676e+20,0.000000
8,1,-2,3.8591078e+20,0.000000
8,5,-13,3.8498773e+20,0.000000
9,3,-25,3.8462846e+20,0.000000
8,-6,-22,3.8452284e+20,0.000000
10,-2,47,3.8445602e+20,0.000000
9,-5,-16,3.8405779e+20,0.000000
9,6,-7,3.8210372e+20,0.000000
6,-4,-43,3.8174164e+20,0.000000
10,4,-11,3.8153841e+20,0.000000
7,6,-11,3.7891634e+20,0.000000
7,6,-10,3.7369571e+20,0.000000
9,-5,-10,3.7090404e+20,0.000000
7,2,-45,3.6749758e+20,0.000000
10,2,-15,3.6253968e+20,0.000000
10,2,-1,3.6129765e+20,0.000000
10,2,-16,3.6074143e+20,0.000000
9,2,54,3.5853386e+20,0.000000
10,2,-22,3.580973e+20,0.000000
9,-2,-14,3.5563104e+20,0.000000
7,7,-10,3.5551974e+20,0.000000
9,-2,46,3.5391183e+20,0.000000
7,-2,-42,3.5364276e+20,0.000000
9,0,-35,3.4712743e+20,0.000000
9,0,35,3.4712743e+20,0.000000
6,5,-22,3.4648942e+20,0.000000
10,-1,33,3.4600439e+20,0.000000
9,-2,-13,3.4367961e+20,0.000000
9,5,-17,3.4220523e+20,0.000000
7,-6,-23,3.4088946e+20,0.000000
9,-2,-15,3.3727189e+20,0.000000
4,3,-49,3.3665404e+20,0.000000
10,-3,55,3.3536823e+20,0.000000
8,-5,-17,3.313117e+20,0.000000
10,-1,-14,3.2959309e+20,0.000000
6,-6,-34,3.2922738e+20,0.000000
9,-1,-38,3.2612325e+20,0.000000
10,-2,-5,3.2495855e+20,0.000000
8,-3,-29,3.2127906e+20,0.000000
9,2,-29,3.1398534e+20,0.000000
7,3,-43,3.113016e+20,0.000000
8,3,-32,3.1118001e+20,0.000000
7,6,-12,3.1045753e+20,0.000000
8,6,-13,3.0684904e+20,0.000000
7,-4,-33,3.0563943e+20,0.000000
8,6,-12,3.0424431e+20,0.000000
8,1,-44,3.0326652e+20,0.000000
9,0,-36,3.0137039e+20,0.000000
9,0,36,3.0137039e+20,0.000000
7,-2,-43,2.9954245e+20,0.000000
10,-1,-7,2.9902955e+20,0.000000
9,-2,-16,2.9881909e+20,0.000000
9,-2,-12,2.9575243e+20,0.000000
9,5,-9,2.9552339e+20,0.000000
6,6,-23,2.9485638e+20,0.000000
8,-4,-26,2.941946e+20,0.000000
8,-2,-35,2.918733e+20,0.000000
9,-1,46,2.9149416e+20,0.000000
7,2,-46,2.9089468e+20,0.000000
10,2,48,2.891605e+20,0.000000
10,-2,-13,2.889484e+20,0.000000
10,2,-23,2.8603998e+20,0.000000
5,3,-51,2.821986e+20,0.000000
8,6,-8,2.7834321e+20,0.000000
7,-3,-41,2.770295e+20,0.000000
9,1,-36,2.765015e+20,0.000000
10,-2,48,2.7406452e+20,0.000000
5,5,-30,2.7290221e+20,0.000000
10,0,-31,2.7188368e+20,0.000000
10,0,31,2.7188368e+20,0.000000
8,4,-31,2.7010428e+20,0.000000
5,-5,-45,2.6905352e+20,0.000000
9,-5,-17,2.6625733e+20,0.000000
9,1,-38,2.6478167e+20,0.000000
6,-5,-35,2.6451655e+20,0.000000
6,3,-45,2.6436885e+20,0.000000
9,4,-14,2.6408048e+20,0.000000
6,-3,-41,2.6314845e+20,0.000000
9,4,-15,2.5844609e+20,0.000000
7,-7,-20,2.5678279e+20,0.000000
8,6,-14,2.5653631e+20,0.000000
10,4,-12,2.5542396e+20,0.000000
9,0,-37,2.5465936e+20,0.000000
9,0,37,2.5465936e+20,0.000000
8,5,-14,2.5350791e+20,0.000000
8,-6,-23,2.5162063e+20,0.000000
9,-2,-17,2.5063952e+20,0.000000
7,-2,-44,2.4851068e+20,0.000000
8,-3,-30,2.4702958e+20,0.000000
7,4,-31,2.4639162e+20,0.000000
9,4,-13,2.4547831e+20,0.000000
8,-1,-44,2.4482746e+20,0.000000
4,4,-40,2.4321693e+20,0.000000
6,-1,-44,2.4274802e+20,0.000000
9,2,55,2.388657e+20,0.000000
9,4,-7,2.3618924e+20,0.000000
9,4,-16,2.3552011e+20,0.000000
9,-2,47,2.3076322e+20,0.000000
7,6,-13,2.286858e+20,0.000000
5,4,-35,2.2793488e+20,0.000000
7,2,-47,2.2747687e+20,0.000000
10,-1,34,2.2593836e+20,0.000000
9,-1,-39,2.2575077e+20,0.000000
8,0,-29,2.2363868e+20,0.000000
8,0,29,2.2363868e+20,0.000000
9,1,44,2.2238824e+20,0.000000
8,3,-33,2.2170637e+20,0.000000
8,-4,-6,2.2036288e+20,0.000000
9,5,-18,2.2027369e+20,0.000000
10,2,-24,2.200744e+20,0.000000
6,5,-23,2.1943995e+20,0.000000
8,2,-39,2.194211e+20,0.000000
6,4,-38,2.185202e+20,0.000000
9,-2,-11,2.1685742e+20,0.000000
10,-1,-15,2.1563395e+20,0.000000
7,6,-9,2.1560507e+20,0.000000
7,-6,-24,2.1146844e+20,0.000000
9,0,-38,2.1039694e+20,0.000000
9,0,38,2.1039694e+20,0.000000
9,-2,-6,2.0810559e+20,0.000000
9,-3,-24,2.0491726e+20,0.000000
6,-4,-44,2.0325141e+20,0.000000
9,4,-17,2.0291871e+20,0.000000
7,-2,-45,2.0263112e+20,0.000000
7,-7,-47,2.012546e+20,0.000000
9,-2,-18,2.0094104e+20,0.000000
9,4,-12,2.0030467e+20,0.000000
4,3,-50,1.9998538e+20,0.000000
8,6,-11,1.9751519e+20,0.000000
7,3,-44,1.9739137e+20,0.000000
8,-5,-18,1.9601807e+20,0.000000
9,1,-37,1.9498768e+20,0.000000
10,-2,49,1.9494617e+20,0.000000
5,-4,-43,1.9490912e+20,0.000000
8,6,-15,1.9459723e+20,0.000000
5,3,-52,1.9335904e+20,0.000000
7,-1,-52,1.9083643e+20,0.000000
8,-4,-27,1.9002984e+20,0.000000
9,2,-30,1.8863309e+20,0.000000
6,-6,-35,1.8754017e+20,0.000000
8,1,-45,1.8683632e+20,0.000000
8,-3,-31,1.867649e+20,0.000000
7,-3,-42,1.8265557e+20,0.000000
7,-4,-34,1.7964435e+20,0.000000
9,-5,-18,1.7792892e+20,0.000000
7,2,-48,1.7600359e+20,0.000000
7,-5,-28,1.7543866e+20,0.000000
9,4,-8,1.7514144e+20,0.000000
6,-5,-36,1.741263e+20,0.000000
9,0,-39,1.7050769e+20,0.000000
9,0,39,1.7050769e+20,0.000000
9,3,-26,1.6755016e+20,0.000000
9,4,-18,1.6701025e+20,0.000000
6,-3,-42,1.6674408e+20,0.000000
5,-5,-46,1.6624449e+20,0.000000
7,5,-24,1.6589687e+20,0.000000
9,-1,47,1.652486e+20,0.000000
10,2,-25,1.6408318e+20,0.000000
10,4,-8,1.6404694e+20,0.000000
8,-6,-24,1.6329577e+20,0.000000
7,-2,-46,1.628545e+20,0.000000
6,3,-46,1.6110766e+20,0.000000
8,4,-32,1.6104231e+20,0.000000
8,5,-15,1.6062331e+20,0.000000
10,-2,-6,1.6012637e+20,0.000000
5,5,-31,1.5997473e+20,0.000000
7,6,-14,1.5851164e+20,0.000000
9,-1,-40,1.5848509e+20,0.000000
8,3,-34,1.5651604e+20,0.000000
6,6,-24,1.5565489e+20,0.000000
9,-2,-19,1.550883e+20,0.000000
8,-2,-36,1.5358268e+20,0.000000
8,-1,-45,1.5156679e+20,0.000000
10,4,-13,1.5050266e+20,0.000000
9,-2,48,1.5000594e+20,0.000000
4,4,-41,1.4992407e+20,0.000000
10,0,-32,1.4855636e+20,0.000000
10,0,32,1.4855636e+20,0.000000
10,2,50,1.4640685e+20,0.000000
9,-2,-7,1.4552265e+20,0.000000
7,-7,-21,1.4498195e+20,0.000000
10,-1,35,1.4486836e+20,0.000000
7,4,-32,1.4055268e+20,0.000000
8,6,-16,1.3938421e+20,0.000000
8,-3,-32,1.3926004e+20,0.000000
6,5,-24,1.3885146e+20,0.000000
10,-2,50,1.3842778e+20,0.000000
9,4,-5,1.3821519e+20,0.000000
9,5,-19,1.3821346e+20,0.000000
9,-3,-3,1.3765671e+20,0.000000
9,4,-11,1.3727013e+20,0.000000
5,3,-53,1.368788e+20,0.000000
9,0,-40,1.3597845e+20,0.000000
9,0,40,1.3597845e+20,0.000000
7,2,-49,1.3487463e+20,0.000000
10,3,-12,1.3306133e+20,0.000000
9,4,-19,1.3228017e+20,0.000000
10,3,-11,1.3095704e+20,0.000000
7,-6,-25,1.3071487e+20,0.000000
10,-1,-16,1.303912e+20,0.000000
7,7,-11,1.3033537e+20,0.000000
7,-2,-47,1.2915887e+20,0.000000
6,-1,-45,1.2835391e+20,0.000000
9,-2,-10,1.2825455e+20,0.000000
9,1,45,1.2526799e+20,0.000000
9,-2,-5,1.2446951e+20,0.000000
7,-3,-43,1.2231555e+20,0.000000
10,1,7,1.2164461e+20,0.000000
10,3,-13,1.2144428e+20,0.000000
8,-4,-28,1.2038252e+20,0.000000
4,3,-51,1.2027028e+20,0.000000
10,1,6,1.1959545e+20,0.000000
8,0,-30,1.1933651e+20,0.000000
8,0,30,1.1933651e+20,0.000000
10,2,-26,1.1904303e+20,0.000000
10,-2,-14,1.1900703e+20,0.000000
7,3,-45,1.1778786e+20,0.000000
8,5,-7,1.1748246e+20,0.000000
9,-2,-20,1.1586802e+20,0.000000
9,-5,-19,1.1543599e+20,0.000000
6,-5,-37,1.1452548e+20,0.000000
5,4,-36,1.1332561e+20,0.000000
8,1,-46,1.1281343e+20,0.000000
6,4,-39,1.123201e+20,0.000000
8,6,-10,1.1189208e+20,0.000000
8,-5,-19,1.1183773e+20,0.000000
9,2,-31,1.1150725e+20,0.000000
10,3,-10,1.1041335e+20,0.000000
8,3,-35,1.0954496e+20,0.000000
9,-1,-41,1.0936671e+20,0.000000
10,1,8,1.0749791e+20,0.000000
6,-6,-36,1.0728783e+20,0.000000
9,-5,-8,1.0700783e+20,0.000000
9,0,-41,1.0694917e+20,0.000000
9,0,41,1.0694917e+20,0.000000
7,6,-15,1.0575153e+20,0.000000
8,-6,-25,1.0534006e+20,0.000000
6,-3,-43,1.0530034e+20,0.000000
7,-4,-35,1.0478606e+20,0.000000
10,-2,-19,1.0448783e+20,0.000000
10,-2,-20,1.0273579e+20,0.000000
8,-3,-33,1.0255721e+20,0.000000
7,2,-50,1.0244662e+20,0.000000
10,3,-14,1.0218571e+20,0.000000
6,-4,-45,1.0184697e+20,0.000000
9,4,-20,1.0138546e+20,0.000000
7,-2,-48,1.0113986e+20,0.000000
4,4,-42,1.0037813e+20,0.000000
5,3,-54,9.9540737e+19,0.000000
9,-1,48,9.8443402e+19,0.000000
8,5,-16,9.8329145e+19,0.000000
6,3,-47,9.7993821e+19,0.000000
9,-2,49,9.732187e+19,0.000000
9,-3,-25,9.6430424e+19,0.000000
10,-2,-18,9.6243193e+19,0.000000
8,6,-17,9.6161865e+19,0.000000
8,4,-33,9.596076e+19,0.000000
10,-1,-4,9.568502e+19,0.000000
10,1,5,9.4793411e+19,0.000000
10,-2,51,9.4519937e+19,0.000000
9,1,-39,9.4475337e+19,0.000000
5,5,-32,9.3860586e+19,0.000000
10,-2,-21,9.3556911e+19,0.000000
8,-1,-46,9.2548422e+19,0.000000
7,-1,-54,9.2063388e+19,0.000000
10,-1,36,9.1187798e+19,0.000000
10,-1,-6,9.1014024e+19,0.000000
7,-5,-29,8.8741704e+19,0.000000
5,-4,-44,8.7741394e+19,0.000000
6,5,-25,8.7732523e+19,0.000000
8,2,-40,8.70118e+19,0.000000
8,0,-31,8.6527518e+19,0.000000
8,0,31,8.6527518e+19,0.000000
9,4,-9,8.5987374e+19,0.000000
10,1,9,8.498874e+19,0.000000
9,5,-20,8.4753843e+19,0.000000
10,2,-27,8.4370011e+19,0.000000
9,-2,-21,8.4155403e+19,0.000000
9,4,-10,8.3689153e+19,0.000000
9,0,-42,8.3151263e+19,0.000000
9,0,42,8.3151263e+19,0.000000
6,6,-25,8.2164236e+19,0.000000
5,-5,-47,8.0748413e+19,0.000000
7,-7,-22,8.0727377e+19,0.000000
7,-6,-26,8.0584416e+19,0.000000
10,3,-15,8.0490639e+19,0.000000
10,-2,-22,8.0272814e+19,0.000000
10,-3,-2,7.9961627e+19,0.000000
7,4,-33,7.9719597e+19,0.000000
10,4,-14,7.9552752e+19,0.000000
8,0,-32,7.9108043e+19,0.000000
8,0,32,7.9108043e+19,0.000000
10,-2,-17,7.868047e+19,0.000000
10,0,-33,7.8592608e+19,0.000000
10,0,33,7.8592608e+19,0.000000
8,-2,-37,7.8385205e+19,0.000000
7,3,-46,7.834267e+19,0.000000
7,-3,-44,7.8157562e+19,0.000000
8,0,-33,7.7336889e+19,0.000000
8,0,33,7.7336889e+19,0.000000
7,2,-51,7.7078981e+19,0.000000
8,-4,-29,7.6294463e+19,0.000000
8,3,-36,7.6165936e+19,0.000000
9,4,-21,7.55243e+19,0.000000
6,-5,-38,7.5210568e+19,0.000000
9,-1,-42,7.5068292e+19,0.000000
8,-3,-34,7.4778043e+19,0.000000
8,0,-34,7.4271958e+19,0.000000
8,0,34,7.4271958e+19,0.000000
9,-8,-10,7.4250946e+19,0.000000
5,3,-55,7.3604984e+19,0.000000
4,3,-52,7.3456692e+19,0.000000
9,-5,-20,7.3081797e+19,0.000000
4,4,-43,7.298983e+19,0.000000
10,-1,-17,7.2821495e+19,0.000000
10,3,-9,7.234018e+19,0.000000
9,-2,-8,7.1985329e+19,0.000000
10,1,2,7.1676243e+19,0.000000
9,1,46,7.0555429e+19,0.000000
10,-5,-5,6.9682533e+19,0.000000
9,3,-27,6.9622059e+19,0.000000
10,-2,52,6.9483473e+19,0.000000
7,6,-16,6.8738628e+19,0.000000
8,0,-35,6.8466321e+19,0.000000
8,0,35,6.8466321e+19,0.000000
7,5,-25,6.8009307e+19,0.000000
6,-6,-50,6.7610815e+19,0.000000
8,-6,-26,6.754925e+19,0.000000
8,1,-47,6.7241584e+19,0.000000
9,-2,-9,6.7161958e+19,0.000000
10,2,52,6.6735982e+19,0.000000
6,-3,-44,6.6257138e+19,0.000000
6,-1,-46,6.6201679e+19,0.000000
10,-2,-23,6.5678655e+19,0.000000
9,1,-40,6.4931497e+19,0.000000
9,2,-32,6.4764141e+19,0.000000
9,-1,49,6.4750716e+19,0.000000
8,6,-18,6.4589174e+19,0.000000
9,0,-43,6.4009734e+19,0.000000
9,0,43,6.4009734e+19,0.000000
8,-1,-2,6.3470255e+19,0.000000
9,-2,50,6.3092801e+19,0.000000
7,7,-12,6.2038829e+19,0.000000
7,-5,-30,6.1775918e+19,0.000000
8,-5,-20,6.1620044e+19,0.000000
6,-6,-37,6.1435116e+19,0.000000
10,1,10,6.0911178e+19,0.000000
7,-2,-50,6.0720965e+19,0.000000
10,-2,-15,6.0655307e+19,0.000000
6,-4,-46,6.064038e+19,0.000000
7,-4,-36,6.0633578e+19,0.000000
8,0,-36,6.0602873e+19,0.000000
8,0,36,6.0602873e+19,0.000000
10,3,-16,5.9913825e+19,0.000000
10,-2,-16,5.9883095e+19,0.000000
9,-2,-22,5.9619914e+19,0.000000
6,3,-48,5.9596124e+19,0.000000
6,-6,-48,5.8941144e+19,0.000000
10,2,-28,5.8692748e+19,0.000000
8,5,-17,5.8271686e+19,0.000000
7,2,-52,5.7462499e+19,0.000000
6,4,-40,5.7162984e+19,0.000000
4,4,-44,5.6938895e+19,0.000000
8,4,-34,5.6638473e+19,0.000000
10,-1,37,5.6377618e+19,0.000000
8,-1,-47,5.5593035e+19,0.000000
5,4,-37,5.5518248e+19,0.000000
6,5,-26,5.5335284e+19,0.000000
5,5,-33,5.5134519e+19,0.000000
9,4,-22,5.4875636e+19,0.000000
10,4,-7,5.4193384e+19,0.000000
8,-3,-35,5.4012724e+19,0.000000
8,2,-41,5.3237322e+19,0.000000
7,-5,-31,5.3017711e+19,0.000000
8,3,-37,5.2602836e+19,0.000000
8,0,-37,5.1781343e+19,0.000000
8,0,37,5.1781343e+19,0.000000
10,-2,-24,5.1721106e+19,0.000000
9,-1,-43,5.1040978e+19,0.000000
9,5,-21,5.0880536e+19,0.000000
7,-3,-45,5.0759464e+19,0.000000
7,3,-47,4.9987028e+19,0.000000
7,-6,-27,4.9569874e+19,0.000000
6,-5,-39,4.9342861e+19,0.000000
10,1,4,4.9328212e+19,0.000000
9,0,-44,4.8866795e+19,0.000000
9,0,44,4.8866795e+19,0.000000
9,-3,-5,4.8712596e+19,0.000000
10,-2,53,4.8639824e+19,0.000000
7,-5,-32,4.8568258e+19,0.000000
8,-4,-30,4.8011382e+19,0.000000
8,2,-3,4.7935181e+19,0.000000
4,4,-45,4.6841254e+19,0.000000
4,3,-53,4.5734922e+19,0.000000
9,-5,-21,4.5311462e+19,0.000000
9,-5,-9,4.5040748e+19,0.000000
7,4,-34,4.4957689e+19,0.000000
7,-7,-23,4.4410918e+19,0.000000
9,1,-41,4.4409701e+19,0.000000
7,6,-17,4.3832086e+19,0.000000
5,-4,-45,4.3746409e+19,0.000000
6,6,-26,4.3384272e+19,0.000000
8,-6,-27,4.3180481e+19,0.000000
9,-3,-26,4.3084816e+19,0.000000
9,2,-2,4.2987734e+19,0.000000
8,0,-38,4.2976271e+19,0.000000
8,0,38,4.2976271e+19,0.000000
7,-5,-33,4.2851124e+19,0.000000
7,2,-53,4.2539141e+19,0.000000
8,6,-19,4.249786e+19,0.000000
10,3,-17,4.2390443e+19,0.000000
6,-3,-45,4.1550732e+19,0.000000
9,-2,-23,4.1309445e+19,0.000000
9,1,47,4.0944613e+19,0.000000
9,-2,51,4.0910353e+19,0.000000
10,0,-34,4.0701076e+19,0.000000
10,0,34,4.0701076e+19,0.000000
10,2,-29,4.003899e+19,0.000000
10,1,11,3.9996096e+19,0.000000
4,4,-46,3.9928336e+19,0.000000
10,-1,-5,3.9645787e+19,0.000000
10,-2,-25,3.9436976e+19,0.000000
8,1,-48,3.9293316e+19,0.000000
9,4,-23,3.9012362e+19,0.000000
8,-3,-36,3.8726369e+19,0.000000
9,-1,50,3.8679997e+19,0.000000
8,-2,-38,3.8297086e+19,0.000000
10,-2,-1,3.8225265e+19,0.000000
9,-1,52,3.807411e+19,0.000000
10,4,-15,3.8011771e+19,0.000000
10,-1,-18,3.7800558e+19,0.000000
7,-1,-55,3.7509636e+19,0.000000
9,0,-45,3.7043427e+19,0.000000
9,0,45,3.7043427e+19,0.000000
7,-5,-34,3.7027868e+19,0.000000
9,2,-33,3.6948113e+19,0.000000
6,3,-49,3.6367666e+19,0.000000
8,3,-38,3.6153512e+19,0.000000
10,-4,-10,3.5552361e+19,0.000000
6,-6,-38,3.5337338e+19,0.000000
6,5,-27,3.4841493e+19,0.000000
8,0,-39,3.4835244e+19,0.000000
8,0,39,3.4835244e+19,0.000000
4,4,-47,3.4807243e+19,0.000000
7,-4,-37,3.4727959e+19,0.000000
9,-1,-44,3.4649801e+19,0.000000
10,-4,-11,3.437845e+19,0.000000
10,-1,38,3.434174e+19,0.000000
7,7,-13,3.4013097e+19,0.000000
6,-1,-47,3.3667642e+19,0.000000
8,4,-35,3.3489028e+19,0.000000
8,5,-18,3.3450472e+19,0.000000
8,-5,-21,3.2803042e+19,0.000000
8,-1,-48,3.2736206e+19,0.000000
7,-3,-46,3.265753e+19,0.000000
5,5,-34,3.2415383e+19,0.000000
6,-5,-40,3.2323679e+19,0.000000
6,-4,-47,3.1096565e+19,0.000000
7,3,-48,3.091387e+19,0.000000
4,4,-48,3.0747918e+19,0.000000
7,-6,-28,3.0446336e+19,0.000000
7,-5,-35,3.0282792e+19,0.000000
9,1,-42,3.0206143e+19,0.000000
8,-4,-31,3.0060258e+19,0.000000
9,5,-22,2.9949576e+19,0.000000
7,2,-54,2.9575251e+19,0.000000
6,-6,-47,2.9426689e+19,0.000000
10,-2,-26,2.929023e+19,0.000000
4,3,-54,2.9169274e+19,0.000000
9,3,-28,2.9047764e+19,0.000000
10,3,-8,2.8913499e+19,0.000000
6,4,-41,2.8889998e+19,0.000000
10,3,-18,2.8608311e+19,0.000000
9,-2,-24,2.8050624e+19,0.000000
5,-4,-46,2.794555e+19,0.000000
9,0,-46,2.7923136e+19,0.000000
9,0,46,2.7923136e+19,0.000000
7,-2,-52,2.7747033e+19,0.000000
8,0,-40,2.7691309e+19,0.000000
8,0,40,2.7691309e+19,0.000000
9,-5,-22,2.7588605e+19,0.000000
8,-3,-37,2.7557596e+19,0.000000
7,6,-18,2.7530143e+19,0.000000
8,6,-20,2.749486e+19,0.000000
8,-6,-28,2.7453819e+19,0.000000
4,4,-49,2.7357954e+19,0.000000
9,4,-24,2.7207152e+19,0.000000
10,2,-30,2.6969665e+19,0.000000
10,-2,54,2.6888985e+19,0.000000
7,5,-26,2.6782555e+19,0.000000
5,4,-38,2.6715917e+19,0.000000
9,-2,52,2.649307e+19,0.000000
10,-4,-12,2.6329339e+19,0.000000
6,-3,-46,2.5981552e+19,0.000000
10,2,55,2.5518901e+19,0.000000
9,5,-42,2.5212313e+19,0.000000
7,4,-35,2.5174282e+19,0.000000
8,3,-39,2.4717639e+19,0.000000
10,1,12,2.463438e+19,0.000000
10,-4,-9,2.4444377e+19,0.000000
9,1,48,2.4440823e+19,0.000000
7,-5,-36,2.4352317e+19,0.000000
7,-7,-24,2.4168401e+19,0.000000
10,-6,-8,2.3947267e+19,0.000000
7,-2,-53,2.3890695e+19,0.000000
4,4,-50,2.3616963e+19,0.000000
9,-1,-45,2.3248972e+19,0.000000
6,6,-27,2.2913789e+19,0.000000
5,-4,-55,2.258124e+19,0.000000
6,3,-50,2.2389438e+19,0.000000
8,1,-49,2.2374378e+19,0.000000
6,5,-28,2.1900148e+19,0.000000
4,4,-51,2.1848399e+19,0.000000
8,0,-41,2.1675612e+19,0.000000
8,0,41,2.1675612e+19,0.000000
5,-5,-48,2.1313688e+19,0.000000
10,-2,-27,2.1239738e+19,0.000000
6,-5,-41,2.1141162e+19,0.000000
5,-4,-47,2.1091784e+19,0.000000
9,0,-47,2.0937687e+19,0.000000
9,0,47,2.0937687e+19,0.000000
10,0,-35,2.0870654e+19,0.000000
10,0,35,2.0870654e+19,0.000000
7,-3,-47,2.0715396e+19,0.000000
9,2,-34,2.0644509e+19,0.000000
10,-1,39,2.0487375e+19,0.000000
6,-6,-39,2.0389134e+19,0.000000
9,1,-43,2.0374104e+19,0.000000
7,-4,-38,1.9676124e+19,0.000000
7,7,-14,1.9613164e+19,0.000000
8,4,-36,1.9546639e+19,0.000000
4,4,-52,1.9540849e+19,0.000000
8,-3,-38,1.9499817e+19,0.000000
7,3,-49,1.9479908e+19,0.000000
7,-5,-37,1.9475236e+19,0.000000
8,-2,-39,1.9193753e+19,0.000000
4,3,-55,1.919151e+19,0.000000
5,5,-35,1.9062906e+19,0.000000
5,-4,-48,1.9054076e+19,0.000000
10,-1,-19,1.8972663e+19,0.000000
8,-1,-49,1.8826373e+19,0.000000
8,-4,-32,1.8737024e+19,0.000000
9,-5,-7,1.8736422e+19,0.000000
9,-2,-25,1.8697772e+19,0.000000
7,-6,-29,1.8666196e+19,0.000000
9,4,-25,1.8659439e+19,0.000000
8,5,-19,1.8596126e+19,0.000000
5,-4,-49,1.8587462e+19,0.000000
10,3,-19,1.8450158e+19,0.000000
9,-3,-27,1.833968e+19,0.000000
10,6,-7,1.8132044e+19,0.000000
10,1,3,1.7925387e+19,0.000000
10,2,-31,1.7836695e+19,0.000000
8,6,-21,1.7535537e+19,0.000000
6,-1,-48,1.7518174e+19,0.000000
4,4,-53,1.7464348e+19,0.000000
8,-6,-29,1.744374e+19,0.000000
9,-2,53,1.7301744e+19,0.000000
9,5,-23,1.7299651e+19,0.000000
10,-4,-13,1.7081353e+19,0.000000
7,6,-19,1.7072942e+19,0.000000
7,-2,-54,1.6891802e+19,0.000000
8,-5,-22,1.6876094e+19,0.000000
8,3,-40,1.6835403e+19,0.000000
10,4,-16,1.67486e+19,0.000000
8,0,-42,1.6741892e+19,0.000000
8,0,42,1.6741892e+19,0.000000
9,1,-45,1.663849e+19,0.000000
9,-5,-23,1.6521628e+19,0.000000
9,1,49,1.6287536e+19,0.000000
6,-3,-47,1.6167186e+19,0.000000
7,-2,-51,1.614154e+19,0.000000
7,-5,-38,1.5659889e+19,0.000000
9,0,-48,1.5638176e+19,0.000000
9,0,48,1.5638176e+19,0.000000
4,4,-54,1.5588965e+19,0.000000
8,2,-42,1.5533626e+19,0.000000
9,-1,-46,1.5518122e+19,0.000000
9,1,-44,1.5250582e+19,0.000000
10,1,13,1.5207758e+19,0.000000
10,-2,-28,1.5116291e+19,0.000000
7,-6,-45,1.48332e+19,0.000000
10,3,-6,1.4518654e+19,0.000000
6,4,-42,1.4418113e+19,0.000000
7,-2,-55,1.429147e+19,0.000000
9,3,-29,1.4017658e+19,0.000000
6,3,-51,1.4016393e+19,0.000000
7,4,-36,1.3992252e+19,0.000000
4,4,-55,1.3898367e+19,0.000000
6,-5,-42,1.3807089e+19,0.000000
6,5,-29,1.3747455e+19,0.000000
8,-3,-39,1.3718104e+19,0.000000
6,-4,-49,1.368867e+19,0.000000
10,1,19,1.3487011e+19,0.000000
9,-7,-14,1.3195659e+19,0.000000
10,1,20,1.3183616e+19,0.000000
9,-7,-13,1.3130784e+19,0.000000
10,1,18,1.3042659e+19,0.000000
7,-7,-25,1.3033099e+19,0.000000
7,-3,-49,1.3010838e+19,0.000000
8,2,-44,1.2872286e+19,0.000000
8,0,-43,1.2801475e+19,0.000000
8,0,43,1.2801475e+19,0.000000
9,4,-26,1.260815e+19,0.000000
7,3,-50,1.2585076e+19,0.000000
5,4,-39,1.258066e+19,0.000000
6,-6,-49,1.2576747e+19,0.000000
8,1,-50,1.2446946e+19,0.000000
8,-3,-4,1.2429277e+19,0.000000
9,-2,-26,1.224788e+19,0.000000
10,1,21,1.2247055e+19,0.000000
10,9,-9,1.2214845e+19,0.000000
7,-3,-48,1.2173665e+19,0.000000
6,-6,-40,1.2135679e+19,0.000000
6,6,-28,1.2114849e+19,0.000000
10,-1,40,1.21142e+19,0.000000
9,8,-9,1.2014611e+19,0.000000
10,1,17,1.193207e+19,0.000000
10,2,-32,1.1715391e+19,0.000000
8,-4,-33,1.1645701e+19,0.000000
8,4,-37,1.1474984e+19,0.000000
7,-6,-30,1.1439925e+19,0.000000
7,7,-15,1.1424663e+19,0.000000
8,3,-41,1.1411897e+19,0.000000
10,3,-20,1.1377114e+19,0.000000
9,-7,-15,1.1357332e+19,0.000000
9,0,-49,1.1343136e+19,0.000000
9,0,49,1.1343136e+19,0.000000
9,2,-35,1.1288073e+19,0.000000
5,5,-36,1.1222012e+19,0.000000
10,0,-36,1.1147326e+19,0.000000
10,0,36,1.1147326e+19,0.000000
8,6,-22,1.1043408e+19,0.000000
8,-6,-30,1.101443e+19,0.000000
7,-4,-39,1.099568e+19,0.000000
10,1,22,1.0879433e+19,0.000000
9,1,50,1.0853703e+19,0.000000
5,-4,-53,1.0852319e+19,0.000000
10,1,14,1.0763898e+19,0.000000
7,-5,-39,1.0651199e+19,0.000000
10,1,16,1.0557088e+19,0.000000
10,-2,-29,1.0548993e+19,0.000000
10,-1,-20,1.0493933e+19,0.000000
7,6,-20,1.0470641e+19,0.000000
9,-2,54,1.0468355e+19,0.000000
8,-1,-50,1.0443458e+19,0.000000
5,-4,-50,1.03635e+19,0.000000
7,5,-27,1.0331642e+19,0.000000
9,-1,-47,1.0284433e+19,0.000000
9,-6,-50,1.0266166e+19,0.000000
9,3,-4,1.015211e+19,0.000000
6,-1,-49,1.0127209e+19,0.000000
6,-3,-48,1.0106103e+19,0.000000
8,5,-20,1.0004719e+19,0.000000
10,-4,-4,9.9137542e+18,0.000000
9,5,-24,9.8194488e+18,0.000000
9,-7,-12,9.7887051e+18,0.000000
9,-5,-24,9.747848e+18,0.000000
10,1,15,9.7434611e+18,0.000000
8,0,-44,9.6981477e+18,0.000000
8,0,44,9.6981477e+18,0.000000
10,-1,-25,9.6633117e+18,0.000000
10,-4,-14,9.6415706e+18,0.000000
8,-3,-40,9.6038071e+18,0.000000
8,7,-9,9.5228697e+18,0.000000
10,-1,-24,9.4317336e+18,0.000000
10,-1,-26,9.3541161e+18,0.000000
9,3,-30,9.3347091e+18,0.000000
10,1,23,9.2941466e+18,0.000000
10,2,-4,9.1217068e+18,0.000000
6,-5,-43,9.0075676e+18,0.000000
9,-7,-16,8.875552e+18,0.000000
9,-4,-15,8.8384475e+18,0.000000
10,-1,-23,8.7020316e+18,0.000000
9,-4,-16,8.679808e+18,0.000000
9,0,-50,8.650897e+18,0.000000
9,0,50,8.650897e+18,0.000000
10,-1,-27,8.6213013e+18,0.000000
6,5,-30,8.6188544e+18,0.000000
8,2,-49,8.5363964e+18,0.000000
8,2,-48,8.4524467e+18,0.000000
9,4,-27,8.4121294e+18,0.000000
8,-5,-23,8.4059671e+18,0.000000
8,2,-50,8.2985571e+18,0.000000
9,3,-31,8.2834959e+18,0.000000
8,1,-1,8.2470972e+18,0.000000
10,-3,-12,8.2409571e+18,0.000000
9,-4,-14,8.1619726e+18,0.000000
10,-3,-13,8.1365653e+18,0.000000
7,3,-51,8.0823767e+18,0.000000
8,2,-47,7.9742509e+18,0.000000
9,-4,-17,7.9255663e+18,0.000000
9,-2,-27,7.8918329e+18,0.000000
9,3,-32,7.8827474e+18,0.000000
10,-1,-22,7.8445575e+18,0.000000
9,-3,-28,7.8236153e+18,0.000000
10,-1,-21,7.8193599e+18,0.000000
7,-5,-40,7.7679005e+18,0.000000
10,3,-3,7.7376912e+18,0.000000
8,3,-42,7.7101081e+18,0.000000
7,4,-37,7.7031891e+18,0.000000
10,1,24,7.6716443e+18,0.000000
10,-1,-28,7.6226799e+18,0.000000
10,10,-10,7.6094666e+18,0.000000
8,-2,-40,7.5672334e+18,0.000000
10,2,-33,7.5411802e+18,0.000000
9,3,-33,7.5280324e+18,0.000000
10,4,-17,7.4962984e+18,0.000000
6,-4,-55,7.4351406e+18,0.000000
8,2,-46,7.3108743e+18,0.000000
8,0,-45,7.2968993e+18,0.000000
8,0,45,7.2968993e+18,0.000000
10,-3,-11,7.2701642e+18,0.000000
10,-2,-30,7.2673245e+18,0.000000
10,-3,-14,7.2513302e+18,0.000000
6,3,-52,7.1841411e+18,0.000000
6,-1,-50,7.1819059e+18,0.000000
8,-4,-34,7.1661695e+18,0.000000
6,4,-43,7.1486473e+18,0.000000
10,-1,41,7.1437299e+18,0.000000
6,-6,-41,7.0471148e+18,0.000000
7,-6,-31,6.9966272e+18,0.000000
8,-6,-31,6.9880536e+18,0.000000
7,-7,-26,6.9497002e+18,0.000000
9,-1,-48,6.9394259e+18,0.000000
8,6,-23,6.879117e+18,0.000000
9,-4,-18,6.8414513e+18,0.000000
8,-8,-14,6.7781331e+18,0.000000
9,3,-34,6.7088203e+18,0.000000
10,3,-21,6.7038026e+18,0.000000
8,-3,-41,6.6863702e+18,0.000000
10,0,-37,6.6761594e+18,0.000000
10,0,37,6.6761594e+18,0.000000
7,7,-16,6.6166675e+18,0.000000
8,4,-38,6.6079185e+18,0.000000
5,5,-37,6.601313e+18,0.000000
9,-4,-13,6.569349e+18,0.000000
8,1,-51,6.5474791e+18,0.000000
10,-1,-29,6.5117325e+18,0.000000
9,-7,-17,6.4968383e+18,0.000000
6,-1,-54,6.4502879e+18,0.000000
7,-5,-42,6.4117098e+18,0.000000
6,6,-29,6.4108554e+18,0.000000
7,6,-21,6.3574504e+18,0.000000
6,-3,-49,6.3499015e+18,0.000000
8,2,-51,6.2768976e+18,0.000000
6,-1,-55,6.2405055e+18,0.000000
7,-6,-49,6.2144198e+18,0.000000
6,-1,-52,6.1998432e+18,0.000000
10,1,25,6.1422191e+18,0.000000
9,1,-46,6.0688224e+18,0.000000
8,2,-45,6.0489396e+18,0.000000
7,-4,-40,6.0456197e+18,0.000000
9,2,-36,6.0130658e+18,0.000000
7,-5,-41,5.9644848e+18,0.000000
10,-3,-15,5.9617491e+18,0.000000
9,3,-35,5.8870011e+18,0.000000
8,-8,-15,5.8862381e+18,0.000000
10,2,-41,5.870213e+18,0.000000
6,-5,-44,5.8609852e+18,0.000000
6,3,-53,5.8601597e+18,0.000000
8,-8,-13,5.8050868e+18,0.000000
5,4,-40,5.7735647e+18,0.000000
10,-4,-8,5.7236659e+18,0.000000
9,-5,-25,5.6642674e+18,0.000000
9,-4,-19,5.6482182e+18,0.000000
10,-7,-9,5.629954e+18,0.000000
9,4,-28,5.5468955e+18,0.000000
9,9,-10,5.5231444e+18,0.000000
9,5,-25,5.4747453e+18,0.000000
8,0,-46,5.4563122e+18,0.000000
8,0,46,5.4563122e+18,0.000000
10,-1,-30,5.4010445e+18,0.000000
6,5,-31,5.3994967e+18,0.000000
10,-3,-10,5.2405628e+18,0.000000
8,5,-21,5.2049704e+18,0.000000
5,-5,-54,5.197914e+18,0.000000
8,3,-43,5.1863634e+18,0.000000
9,-2,-28,5.0034022e+18,0.000000
10,3,-7,4.9463561e+18,0.000000
8,2,-53,4.91897e+18,0.000000
10,-2,-31,4.9144041e+18,0.000000
10,2,-34,4.8526692e+18,0.000000
10,8,-9,4.8341618e+18,0.000000
9,3,-36,4.8178158e+18,0.000000
10,1,26,4.7847173e+18,0.000000
6,-6,-42,4.7794835e+18,0.000000
10,-4,-15,4.7675113e+18,0.000000
8,2,-43,4.7643281e+18,0.000000
10,0,-38,4.6962289e+18,0.000000
10,0,38,4.6962289e+18,0.000000
10,-8,-10,4.6684197e+18,0.000000
9,0,-52,4.6463788e+18,0.000000
9,0,52,4.6463788e+18,0.000000
8,-3,-42,4.6386829e+18,0.000000
10,-3,-16,4.586e+18,0.000000
9,0,-1,4.5685304e+18,0.000000
9,0,1,4.5685304e+18,0.000000
9,-7,-18,4.5382877e+18,0.000000
8,8,-10,4.5347939e+18,0.000000
7,-5,-46,4.5198615e+18,0.000000
9,-4,-20,4.497669e+18,0.000000
9,-1,-49,4.4217952e+18,0.000000
8,-4,-35,4.4149441e+18,0.000000
8,-8,-16,4.3990186e+18,0.000000
10,4,-18,4.3974757e+18,0.000000
8,-6,-32,4.37188e+18,0.000000
10,-1,-31,4.371405e+18,0.000000
10,4,-21,4.3142096e+18,0.000000
9,-4,-12,4.3133618e+18,0.000000
7,-6,-32,4.2799885e+18,0.000000
10,-1,42,4.2610613e+18,0.000000
8,6,-24,4.2422091e+18,0.000000
6,3,-54,4.2409925e+18,0.000000
9,-6,-45,4.2387537e+18,0.000000
7,-5,-45,4.2341169e+18,0.000000
7,4,-38,4.197815e+18,0.000000
10,4,-22,4.1899727e+18,0.000000
7,5,-28,4.1712394e+18,0.000000
10,4,-20,4.1408078e+18,0.000000
8,-5,-24,4.0820951e+18,0.000000
8,2,-52,4.0570916e+18,0.000000
8,0,-47,4.0557732e+18,0.000000
8,0,47,4.0557732e+18,0.000000
6,-3,-50,4.00603e+18,0.000000
9,1,-47,3.9773477e+18,0.000000
9,3,-37,3.9562389e+18,0.000000
10,4,-19,3.8997924e+18,0.000000
10,0,-39,3.8995249e+18,0.000000
10,0,39,3.8995249e+18,0.000000
5,5,-38,3.8865848e+18,0.000000
9,-3,-29,3.8605904e+18,0.000000
10,7,-8,3.8594437e+18,0.000000
8,4,-39,3.8371572e+18,0.000000
7,6,-22,3.8250526e+18,0.000000
6,-5,-45,3.8006739e+18,0.000000
10,4,-23,3.7936764e+18,0.000000
7,7,-17,3.7885266e+18,0.000000
10,3,-22,3.7688362e+18,0.000000
6,-6,-43,3.6970562e+18,0.000000
10,1,27,3.6355035e+18,0.000000
9,4,-29,3.6236676e+18,0.000000
10,0,-46,3.5676299e+18,0.000000
10,0,46,3.5676299e+18,0.000000
6,4,-44,3.5114385e+18,0.000000
9,1,-48,3.5050266e+18,0.000000
10,0,-40,3.4903523e+18,0.000000
10,0,40,3.4903523e+18,0.000000
8,1,-52,3.4861319e+18,0.000000
8,3,-44,3.4777188e+18,0.000000
9,-4,-21,3.4764593e+18,0.000000
10,-1,-32,3.4616313e+18,0.000000
9,-7,-11,3.4461123e+18,0.000000
6,6,-30,3.3992889e+18,0.000000
6,5,-32,3.3801432e+18,0.000000
9,-7,-39,3.3714162e+18,0.000000
10,-3,-17,3.3317289e+18,0.000000
9,0,-53,3.3248298e+18,0.000000
9,0,53,3.3248298e+18,0.000000
10,2,-39,3.3028566e+18,0.000000
10,0,-41,3.3019068e+18,0.000000
10,0,41,3.3019068e+18,0.000000
10,-2,-32,3.2994345e+18,0.000000
7,-4,-41,3.270837e+18,0.000000
9,-5,-26,3.2478645e+18,0.000000
10,4,-24,3.2413523e+18,0.000000
8,-3,-43,3.2121637e+18,0.000000
9,2,-37,3.1235766e+18,0.000000
9,-2,-29,3.1224464e+18,0.000000
10,0,-42,3.1180945e+18,0.000000
10,0,42,3.1180945e+18,0.000000
9,5,-7,3.0979167e+18,0.000000
9,3,-38,3.0693865e+18,0.000000
9,-7,-19,3.0619129e+18,0.000000
7,5,-42,3.0587994e+18,0.000000
10,2,-35,3.0434865e+18,0.000000
9,3,-40,3.027299e+18,0.000000
10,5,-6,3.0266811e+18,0.000000
8,-8,-17,3.0156394e+18,0.000000
9,-4,-8,3.0090714e+18,0.000000
9,5,-26,3.0047034e+18,0.000000
8,0,-48,3.0000289e+18,0.000000
8,0,48,3.0000289e+18,0.000000
6,3,-55,2.9762354e+18,0.000000
8,-2,-41,2.9238223e+18,0.000000
7,-5,-43,2.8522702e+18,0.000000
8,-6,-33,2.7800097e+18,0.000000
8,-4,-36,2.7357416e+18,0.000000
9,7,-9,2.7129646e+18,0.000000
7,3,-54,2.7049114e+18,0.000000
10,0,-43,2.703217e+18,0.000000
10,0,43,2.703217e+18,0.000000
10,-3,-9,2.7023394e+18,0.000000
10,1,28,2.6994674e+18,0.000000
10,1,-10,2.6945639e+18,0.000000
10,-1,-33,2.6920708e+18,0.000000
10,1,-9,2.6602705e+18,0.000000
9,-3,-30,2.6547294e+18,0.000000
10,4,-25,2.6369229e+18,0.000000
10,-1,43,2.6285429e+18,0.000000
9,-4,-22,2.621009e+18,0.000000
8,5,-22,2.6180966e+18,0.000000
7,-6,-33,2.6125932e+18,0.000000
8,6,-25,2.5948364e+18,0.000000
5,4,-41,2.5723021e+18,0.000000
8,-2,-42,2.5456177e+18,0.000000
6,-3,-51,2.516961e+18,0.000000
6,-5,-46,2.4670376e+18,0.000000
9,-3,-31,2.447161e+18,0.000000
9,0,-54,2.4376817e+18,0.000000
9,0,54,2.4376817e+18,0.000000
10,0,-44,2.4291076e+18,0.000000
10,0,44,2.4291076e+18,0.000000
10,1,-11,2.4195706e+18,0.000000
9,-3,-32,2.419001e+18,0.000000
9,-1,-50,2.4054655e+18,0.000000
9,3,-39,2.401379e+18,0.000000
9,-3,-33,2.3930855e+18,0.000000
9,4,-30,2.344758e+18,0.000000
10,-3,-18,2.3002177e+18,0.000000
5,5,-39,2.2836007e+18,0.000000
7,6,-23,2.2824006e+18,0.000000
10,1,1,2.2804247e+18,0.000000
9,-4,-7,2.2796717e+18,0.000000
10,2,-44,2.2665908e+18,0.000000
7,4,-39,2.2576773e+18,0.000000
10,1,-8,2.220505e+18,0.000000
8,3,-45,2.2187795e+18,0.000000
8,-8,-12,2.20358e+18,0.000000
9,-3,-34,2.2011433e+18,0.000000
8,-3,-44,2.1994514e+18,0.000000
8,4,-40,2.1810749e+18,0.000000
10,-2,-33,2.1700392e+18,0.000000
8,-6,-43,2.1552326e+18,0.000000
8,-6,-42,2.1488912e+18,0.000000
7,7,-18,2.1408116e+18,0.000000
8,0,-49,2.1173179e+18,0.000000
8,0,49,2.1173179e+18,0.000000
6,5,-33,2.1155821e+18,0.000000
9,-4,-11,2.106536e+18,0.000000
10,0,-45,2.0958033e+18,0.000000
10,0,45,2.0958033e+18,0.000000
10,-4,-16,2.0706006e+18,0.000000
10,4,-26,2.0672803e+18,0.000000
10,-1,-34,2.0584687e+18,0.000000
7,5,-29,2.0348954e+18,0.000000
10,3,-23,2.0172124e+18,0.000000
9,-7,-20,2.0117451e+18,0.000000
9,-3,-35,1.9963912e+18,0.000000
7,-7,-39,1.9744941e+18,0.000000
10,1,-12,1.9743092e+18,0.000000
8,-5,-25,1.9741644e+18,0.000000
10,1,29,1.9618551e+18,0.000000
8,-8,-18,1.9611351e+18,0.000000
9,-4,-23,1.9348977e+18,0.000000
7,-5,-44,1.9316541e+18,0.000000
10,2,-36,1.9245798e+18,0.000000
7,-7,-28,1.9173105e+18,0.000000
9,-2,-30,1.9172099e+18,0.000000
9,-5,-27,1.8309081e+18,0.000000
6,6,-31,1.80464e+18,0.000000
6,4,-45,1.7542784e+18,0.000000
10,-6,-48,1.7521597e+18,0.000000
7,-4,-42,1.7455895e+18,0.000000
10,-1,44,1.726383e+18,0.000000
10,-4,-7,1.7216328e+18,0.000000
8,-6,-34,1.7177004e+18,0.000000
9,-3,-36,1.7163741e+18,0.000000
8,-4,-37,1.6391014e+18,0.000000
8,0,-50,1.6182503e+18,0.000000
8,0,50,1.6182503e+18,0.000000
9,5,-27,1.6177496e+18,0.000000
9,-4,-9,1.6109703e+18,0.000000
10,0,-47,1.5962485e+18,0.000000
10,0,47,1.5962485e+18,0.000000
7,-6,-34,1.5946638e+18,0.000000
8,6,-26,1.5742514e+18,0.000000
9,2,-38,1.5680501e+18,0.000000
10,4,-27,1.5649148e+18,0.000000
10,-1,-35,1.5527632e+18,0.000000
10,-2,-42,1.5503762e+18,0.000000
8,3,-46,1.5373324e+18,0.000000
9,1,-49,1.5161621e+18,0.000000
10,-3,-19,1.5149269e+18,0.000000
8,-3,-45,1.5125841e+18,0.000000
9,4,-31,1.507843e+18,0.000000
6,-6,-44,1.4976238e+18,0.000000
10,1,-13,1.4834258e+18,0.000000
9,6,-8,1.4653485e+18,0.000000
9,-2,-4,1.4377523e+18,0.000000
10,-2,-34,1.4261468e+18,0.000000
9,-3,-37,1.4242639e+18,0.000000
10,1,-7,1.4184754e+18,0.000000
9,3,-41,1.4097892e+18,0.000000
9,-4,-24,1.4027952e+18,0.000000
10,1,30,1.3970077e+18,0.000000
7,6,-24,1.3518597e+18,0.000000
5,5,-40,1.3420912e+18,0.000000
7,5,-30,1.3376623e+18,0.000000
6,5,-34,1.323551e+18,0.000000
9,-7,-21,1.294543e+18,0.000000
8,5,-23,1.2760615e+18,0.000000
10,2,-37,1.2660828e+18,0.000000
10,0,-48,1.2596582e+18,0.000000
10,0,48,1.2596582e+18,0.000000
8,4,-41,1.258896e+18,0.000000
8,-8,-19,1.2338981e+18,0.000000
10,-1,45,1.2273344e+18,0.000000
9,3,-42,1.2160697e+18,0.000000
7,-3,-50,1.2139216e+18,0.000000
7,4,-40,1.1964029e+18,0.000000
7,7,-19,1.1934557e+18,0.000000
6,-3,-53,1.1628129e+18,0.000000
10,4,-28,1.1598369e+18,0.000000
9,-2,-31,1.1581369e+18,0.000000
10,-1,-36,1.1554323e+18,0.000000
10,-2,-39,1.1501516e+18,0.000000
9,-3,-38,1.1362418e+18,0.000000
5,4,-42,1.1114172e+18,0.000000
8,-6,-35,1.0999947e+18,0.000000
7,5,-31,1.0712248e+18,0.000000
9,1,-50,1.0655247e+18,0.000000
8,-3,-46,1.0556234e+18,0.000000
10,1,-14,1.0330345e+18,0.000000
9,-6,-15,1.0313267e+18,0.000000
10,3,-24,1.0271368e+18,0.000000
8,3,-47,1.0239105e+18,0.000000
9,-5,-28,1.0237942e+18,0.000000
9,-6,-16,1.0176732e+18,0.000000
9,-4,-25,1.0013706e+18,0.000000
8,-5,-26,9.9752392e+17,0.000000
9,-4,-10,9.8483075e+17,0.000000
8,-4,-38,9.8181596e+17,0.000000
10,1,31,9.7555172e+17,0.000000
7,-6,-35,9.706909e+17,0.000000
6,6,-32,9.6114745e+17,0.000000
9,4,-32,9.5995252e+17,0.000000
10,-3,-20,9.5362311e+17,0.000000
8,6,-27,9.5014909e+17,0.000000
6,-1,-53,9.4729974e+17,0.000000
10,-1,46,9.4529691e+17,0.000000
9,-6,-14,9.2892102e+17,0.000000
9,-6,-17,9.2549319e+17,0.000000
9,-3,-39,9.2318748e+17,0.000000
7,5,-32,9.205225e+17,0.000000
10,-2,-35,9.1836582e+17,0.000000
7,-4,-43,9.1528868e+17,0.000000
8,-2,-46,9.0262911e+17,0.000000
9,7,-12,8.9655808e+17,0.000000
9,7,-13,8.9546318e+17,0.000000
6,4,-46,8.9145853e+17,0.000000
9,2,-39,8.8969753e+17,0.000000
10,4,-5,8.8505306e+17,0.000000
10,6,-11,8.7564549e+17,0.000000
8,-7,-14,8.6471135e+17,0.000000
9,5,-28,8.5908866e+17,0.000000
8,0,-52,8.5302565e+17,0.000000
8,0,52,8.5302565e+17,0.000000
8,-7,-13,8.5140072e+17,0.000000
10,-1,-37,8.5118246e+17,0.000000
9,-3,-42,8.4720212e+17,0.000000
10,4,-29,8.3414774e+17,0.000000
10,-4,-17,8.3269033e+17,0.000000
6,5,-35,8.2816065e+17,0.000000
10,-7,-47,8.2444908e+17,0.000000
10,-6,-43,8.2015436e+17,0.000000
9,-7,-22,8.1941144e+17,0.000000
7,6,-25,7.9543951e+17,0.000000
8,-7,-15,7.9325607e+17,0.000000
9,-6,-18,7.9308964e+17,0.000000
9,-3,-40,7.9207504e+17,0.000000
5,5,-41,7.8648401e+17,0.000000
8,-2,-47,7.8543917e+17,0.000000
10,-1,47,7.7975152e+17,0.000000
7,5,-33,7.6657864e+17,0.000000
8,-8,-20,7.6034617e+17,0.000000
8,-7,-12,7.4989249e+17,0.000000
8,4,-42,7.4834278e+17,0.000000
10,-6,-12,7.4638674e+17,0.000000
9,3,-43,7.4365198e+17,0.000000
9,-5,-46,7.396484e+17,0.000000
10,6,-12,7.3542722e+17,0.000000
10,2,-38,7.3301491e+17,0.000000
9,7,-14,7.297753e+17,0.000000
10,0,-50,7.1772e+17,0.000000
10,0,50,7.1772e+17,0.000000
9,-4,-26,7.0505782e+17,0.000000
10,-3,-8,6.9888197e+17,0.000000
9,-6,-13,6.9655014e+17,0.000000
9,-2,-32,6.8722483e+17,0.000000
6,-3,-54,6.8679138e+17,0.000000
8,-6,-36,6.7752868e+17,0.000000
8,3,-48,6.7041092e+17,0.000000
10,-1,48,6.6975767e+17,0.000000
10,1,32,6.6836703e+17,0.000000
10,1,-15,6.6815275e+17,0.000000
8,-7,-16,6.6754021e+17,0.000000
8,-3,-47,6.6680896e+17,0.000000
10,-6,-42,6.6196633e+17,0.000000
10,-6,-11,6.6194442e+17,0.000000
10,1,-4,6.6058107e+17,0.000000
7,7,-20,6.5636682e+17,0.000000
9,-6,-19,6.4976728e+17,0.000000
9,3,-44,6.4658734e+17,0.000000
5,5,-42,6.2902127e+17,0.000000
7,5,-34,6.2751556e+17,0.000000
7,4,-41,6.2276613e+17,0.000000
8,-2,-48,6.2140506e+17,0.000000
10,-1,-38,6.1916285e+17,0.000000
10,-6,-13,6.1789461e+17,0.000000
9,4,-33,6.0891252e+17,0.000000
8,5,-24,6.0750075e+17,0.000000
10,-1,-3,6.0168975e+17,0.000000
9,-3,-43,5.9730712e+17,0.000000
10,4,-30,5.9608692e+17,0.000000
8,-4,-39,5.9228551e+17,0.000000
7,-6,-36,5.9142851e+17,0.000000
8,0,-53,5.9113509e+17,0.000000
8,0,53,5.9113509e+17,0.000000
10,-2,-36,5.8962953e+17,0.000000
8,-7,-11,5.8717495e+17,0.000000
10,-1,49,5.8153959e+17,0.000000
10,5,-13,5.7538615e+17,0.000000
10,-3,-21,5.7388857e+17,0.000000
8,-6,-40,5.7289487e+17,0.000000
10,6,-10,5.7269961e+17,0.000000
8,-5,-27,5.6951041e+17,0.000000
8,6,-28,5.6933422e+17,0.000000
9,3,-50,5.6333015e+17,0.000000
10,1,-6,5.5678836e+17,0.000000
9,-3,-41,5.5656838e+17,0.000000
9,-5,-29,5.5438749e+17,0.000000
10,5,-14,5.4993072e+17,0.000000
9,-4,-5,5.4479521e+17,0.000000
8,-2,-45,5.3974438e+17,0.000000
9,7,-15,5.3857421e+17,0.000000
10,2,-42,5.3310926e+17,0.000000
10,5,-12,5.3179951e+17,0.000000
9,-5,-42,5.2834708e+17,0.000000
10,-4,-22,5.278116e+17,0.000000
9,-7,-42,5.2624523e+17,0.000000
8,-7,-17,5.2345393e+17,0.000000
9,-3,-44,5.1922337e+17,0.000000
6,5,-36,5.180568e+17,0.000000
9,-6,-20,5.1405649e+17,0.000000
8,-1,-1,5.1390676e+17,0.000000
9,-3,-45,5.1290114e+17,0.000000
6,6,-33,5.123427e+17,0.000000
9,-7,-23,5.1158381e+17,0.000000
10,-4,-23,5.0995032e+17,0.000000
9,-4,-27,5.0155091e+17,0.000000
10,-4,-21,5.0102365e+17,0.000000
10,3,-25,5.0003397e+17,0.000000
10,-4,-42,4.9610746e+17,0.000000
9,7,-11,4.9579376e+17,0.000000
10,-2,-4,4.9546693e+17,0.000000
7,-7,-30,4.9487974e+17,0.000000
10,6,-13,4.9486776e+17,0.000000
7,5,-35,4.872513e+17,0.000000
6,4,-47,4.8665228e+17,0.000000
10,5,-15,4.8217248e+17,0.000000
9,-6,-49,4.8182413e+17,0.000000
5,4,-43,4.6966748e+17,0.000000
7,-4,-44,4.6732118e+17,0.000000
7,6,-26,4.6542662e+17,0.000000
8,-2,-3,4.6096487e+17,0.000000
10,-4,-24,4.6080263e+17,0.000000
8,-2,-43,4.5401629e+17,0.000000
10,1,33,4.4944447e+17,0.000000
8,-6,-37,4.4873088e+17,0.000000
9,5,-29,4.4463911e+17,0.000000
10,-1,50,4.4367658e+17,0.000000
8,0,-54,4.4192181e+17,0.000000
8,0,54,4.4192181e+17,0.000000
8,3,-49,4.3873525e+17,0.000000
10,-1,-39,4.35705e+17,0.000000
10,-4,-20,4.3205843e+17,0.000000
10,-6,-14,4.2743808e+17,0.000000
9,-5,-45,4.2436192e+17,0.000000
9,1,-52,4.1973741e+17,0.000000
10,4,-31,4.1629319e+17,0.000000
10,-5,-6,4.1088083e+17,0.000000
10,-4,-18,4.1075817e+17,0.000000
10,-10,-50,4.0478958e+17,0.000000
10,5,-11,4.0278499e+17,0.000000
8,-2,-44,4.0129416e+17,0.000000
10,1,-16,4.0111871e+17,0.000000
9,-2,-33,4.0044054e+17,0.000000
10,5,-16,3.9619551e+17,0.000000
9,-6,-21,3.9554331e+17,0.000000
8,-5,-28,3.9532856e+17,0.000000
10,-4,-25,3.9456875e+17,0.000000
8,-3,-48,3.9342582e+17,0.000000
8,-7,-18,3.8766545e+17,0.000000
8,4,-43,3.8752646e+17,0.000000
8,-6,-41,3.8698622e+17,0.000000
10,-4,-27,3.8381002e+17,0.000000
9,4,-34,3.8271828e+17,0.000000
10,-8,-46,3.8030422e+17,0.000000
9,-6,-12,3.7922808e+17,0.000000
9,7,-16,3.7491779e+17,0.000000
9,2,-40,3.7401697e+17,0.000000
10,-1,52,3.7320633e+17,0.000000
7,5,-36,3.7241083e+17,0.000000
9,1,-2,3.72234e+17,0.000000
8,-3,-49,3.6930653e+17,0.000000
10,-2,-37,3.6846418e+17,0.000000
9,3,-47,3.6274176e+17,0.000000
10,-4,-19,3.6187942e+17,0.000000
7,-6,-37,3.5875947e+17,0.000000
7,7,-21,3.56167e+17,0.000000
10,-8,-42,3.4260218e+17,0.000000
8,6,-29,3.4070543e+17,0.000000
9,-4,-28,3.3769295e+17,0.000000
10,-3,-22,3.2979854e+17,0.000000
10,2,-40,3.2826362e+17,0.000000
10,-4,-26,3.2478779e+17,0.000000
6,5,-37,3.2411196e+17,0.000000
10,-1,-40,3.1989983e+17,0.000000
7,4,-42,3.1824004e+17,0.000000
10,4,-51,3.1627548e+17,0.000000
9,-7,-24,3.1590808e+17,0.000000
9,4,-6,3.1499628e+17,0.000000
8,-5,-29,3.1251688e+17,0.000000
10,5,-17,3.0908699e+17,0.000000
9,-5,-30,2.9930383e+17,0.000000
8,-4,-42,2.9763007e+17,0.000000
9,-6,-22,2.9756003e+17,0.000000
10,1,34,2.9663166e+17,0.000000
10,6,-14,2.9511839e+17,0.000000
6,4,-48,2.9453682e+17,0.000000
8,5,-25,2.8872562e+17,0.000000
10,4,-32,2.8858097e+17,0.000000
8,3,-50,2.8689345e+17,0.000000
10,-3,-6,2.8332614e+17,0.000000
10,-6,-10,2.7616489e+17,0.000000
10,2,-50,2.7569209e+17,0.000000
6,6,-34,2.7443725e+17,0.000000
8,-7,-19,2.7409784e+17,0.000000
7,5,-37,2.7294664e+17,0.000000
8,-5,-30,2.7140266e+17,0.000000
7,6,-27,2.7100429e+17,0.000000
5,5,-43,2.6962968e+17,0.000000
8,-8,-21,2.6256989e+17,0.000000
10,-6,-15,2.6027123e+17,0.000000
8,-6,-38,2.5752717e+17,0.000000
8,-8,-22,2.5689683e+17,0.000000
9,-7,-43,2.5604426e+17,0.000000
10,-2,-38,2.5230031e+17,0.000000
9,7,-17,2.5099255e+17,0.000000
7,-4,-45,2.4090418e+17,0.000000
8,-5,-31,2.4034612e+17,0.000000
9,4,-35,2.4007224e+17,0.000000
10,3,-26,2.3916358e+17,0.000000
10,5,-18,2.3087128e+17,0.000000
9,-4,-29,2.303181e+17,0.000000
9,-2,-34,2.2845373e+17,0.000000
8,-4,-40,2.2829815e+17,0.000000
9,5,-30,2.2796755e+17,0.000000
10,-1,-41,2.274477e+17,0.000000
10,1,-5,2.2544413e+17,0.000000
10,1,-17,2.2339744e+17,0.000000
8,4,-44,2.2286886e+17,0.000000
9,-1,-2,2.2152425e+17,0.000000
9,-6,-23,2.1974912e+17,0.000000
7,-6,-38,2.1719404e+17,0.000000
9,6,-14,2.1187634e+17,0.000000
8,-5,-32,2.1055167e+17,0.000000
10,5,-10,2.0851909e+17,0.000000
9,-5,-38,2.0805252e+17,0.000000
8,-4,-41,2.0692956e+17,0.000000
6,4,-49,2.0615238e+17,0.000000
9,-1,54,2.0502909e+17,0.000000
6,5,-38,2.0271432e+17,0.000000
9,6,-15,2.0215765e+17,0.000000
8,6,-30,2.0215074e+17,0.000000
9,3,-46,2.0213464e+17,0.000000
5,4,-44,2.0097306e+17,0.000000
10,-4,-28,2.0042592e+17,0.000000
7,5,-38,1.9908975e+17,0.000000
6,4,-51,1.9846144e+17,0.000000
9,2,-41,1.9648914e+17,0.000000
9,6,-13,1.9582253e+17,0.000000
9,-7,-25,1.931468e+17,0.000000
10,4,-33,1.9243392e+17,0.000000
10,1,35,1.9219816e+17,0.000000
7,7,-22,1.9066724e+17,0.000000
10,-2,-46,1.8921247e+17,0.000000
10,-1,0,1.8868544e+17,0.000000
9,-3,-46,1.884241e+17,0.000000
10,-1,54,1.8830936e+17,0.000000
8,-7,-20,1.8658658e+17,0.000000
8,3,-51,1.8475211e+17,0.000000
10,-3,-23,1.8057969e+17,0.000000
8,-5,-33,1.7934018e+17,0.000000
9,6,-16,1.7775971e+17,0.000000
8,-6,-39,1.7037183e+17,0.000000
8,1,-54,1.6693402e+17,0.000000
10,5,-19,1.6605752e+17,0.000000
9,7,-18,1.6325972e+17,0.000000
10,6,-15,1.6180133e+17,0.000000
10,-1,-42,1.6056603e+17,0.000000
8,-8,-23,1.6055e+17,0.000000
5,5,-44,1.5985842e+17,0.000000
9,-6,-24,1.5977829e+17,0.000000
7,4,-43,1.5925096e+17,0.000000
9,5,-48,1.5722229e+17,0.000000
7,6,-28,1.5720531e+17,0.000000
9,-4,-30,1.5562875e+17,0.000000
9,-5,-31,1.543032e+17,0.000000
6,4,-52,1.5375295e+17,0.000000
6,4,-55,1.5221005e+17,0.000000
6,4,-53,1.5111947e+17,0.000000
10,-4,-29,1.506344e+17,0.000000
8,4,-51,1.5031668e+17,0.000000
8,-5,-34,1.5019312e+17,0.000000
9,4,-36,1.4903525e+17,0.000000
9,6,-17,1.4755166e+17,0.000000
6,6,-35,1.4709309e+17,0.000000
9,6,-12,1.457676e+17,0.000000
8,5,-26,1.4328474e+17,0.000000
8,-8,-42,1.4289688e+17,0.000000
10,-6,-16,1.4274348e+17,0.000000
7,-4,-46,1.4126576e+17,0.000000
6,4,-54,1.4042387e+17,0.000000
7,5,-39,1.4011212e+17,0.000000
9,3,-48,1.3750706e+17,0.000000
10,4,-34,1.3393985e+17,0.000000
7,-7,-42,1.3251269e+17,0.000000
10,2,-45,1.3225588e+17,0.000000
7,-6,-39,1.3158247e+17,0.000000
9,-2,-35,1.2751934e+17,0.000000
6,5,-39,1.2678668e+17,0.000000
10,-4,-46,1.2539028e+17,0.000000
8,-7,-21,1.2308637e+17,0.000000
10,1,36,1.2220031e+17,0.000000
8,-5,-35,1.2190311e+17,0.000000
10,3,-27,1.2125688e+17,0.000000
8,6,-31,1.205464e+17,0.000000
8,4,-45,1.1744738e+17,0.000000
9,-7,-26,1.172807e+17,0.000000
9,6,-18,1.1726776e+17,0.000000
10,1,-18,1.1637534e+17,0.000000
10,5,-20,1.1548517e+17,0.000000
9,2,-42,1.1537637e+17,0.000000
9,-6,-25,1.1469105e+17,0.000000
8,-8,-46,1.1440282e+17,0.000000
10,9,-10,1.1432829e+17,0.000000
10,-4,-30,1.1260774e+17,0.000000
10,-1,-43,1.1244896e+17,0.000000
9,5,-31,1.1238637e+17,0.000000
10,2,-49,1.104351e+17,0.000000
10,4,-42,1.0792186e+17,0.000000
9,-6,-11,1.0464778e+17,0.000000
7,-7,-41,1.0437817e+17,0.000000
8,-7,-47,1.0411088e+17,0.000000
9,7,-19,1.0378483e+17,0.000000
9,-4,-31,1.037356e+17,0.000000
7,7,-23,1.007233e+17,0.000000
8,-8,-24,1.0065755e+17,0.000000
7,5,-40,9.8308649e+16,0.000000
8,-5,-36,9.806521e+16,0.000000
5,4,-45,9.5167639e+16,0.000000
9,3,-49,9.4578693e+16,0.000000
10,-6,-47,9.4472098e+16,0.000000
10,-3,-24,9.4082602e+16,0.000000
9,-7,-41,9.3422117e+16,0.000000
9,4,-37,9.249151e+16,0.000000
5,5,-45,9.1979313e+16,0.000000
9,3,-51,9.1150352e+16,0.000000
9,2,-45,9.1026736e+16,0.000000
7,6,-29,9.087754e+16,0.000000
9,6,-19,9.0034051e+16,0.000000
10,-2,-40,8.9631415e+16,0.000000
10,4,-35,8.5986116e+16,0.000000
9,2,-44,8.5079405e+16,0.000000
10,-3,-7,8.2857748e+16,0.000000
10,6,-16,8.284798e+16,0.000000
10,-6,-40,8.2578343e+16,0.000000
9,2,-43,8.2319887e+16,0.000000
8,3,-52,8.1554051e+16,0.000000
9,8,-10,8.147108e+16,0.000000
9,-6,-26,8.1391856e+16,0.000000
8,8,-13,7.9990557e+16,0.000000
9,-5,-32,7.9963823e+16,0.000000
7,-6,-40,7.9701418e+16,0.000000
8,5,-27,7.9445471e+16,0.000000
10,-4,-31,7.9423261e+16,0.000000
6,5,-40,7.9259025e+16,0.000000
6,6,-36,7.9226813e+16,0.000000
8,-7,-22,7.9069585e+16,0.000000
7,4,-44,7.8494703e+16,0.000000
10,-1,-44,7.8287741e+16,0.000000
10,5,-21,7.7890536e+16,0.000000
9,2,-46,7.7825576e+16,0.000000
7,-4,-47,7.6916763e+16,0.000000
8,-5,-37,7.6700956e+16,0.000000
10,1,37,7.6300582e+16,0.000000
9,-5,-37,7.5560706e+16,0.000000
10,-6,-41,7.5527998e+16,0.000000
10,3,-28,7.443394e+16,0.000000
8,-4,-43,7.161123e+16,0.000000
10,-6,-17,7.1284178e+16,0.000000
8,6,-32,7.0853574e+16,0.000000
9,6,-11,7.0333791e+16,0.000000
9,-4,-32,6.9444673e+16,0.000000
9,-2,-36,6.9328927e+16,0.000000
9,2,-47,6.9105425e+16,0.000000
8,4,-46,6.8975622e+16,0.000000
7,-7,-43,6.8376693e+16,0.000000
8,8,-14,6.8287345e+16,0.000000
7,5,-41,6.8203581e+16,0.000000
9,-6,-9,6.7513979e+16,0.000000
9,6,-20,6.7173846e+16,0.000000
9,2,-48,6.6052612e+16,0.000000
9,7,-20,6.4710527e+16,0.000000
10,-8,-41,6.2249228e+16,0.000000
6,-5,-48,6.2219552e+16,0.000000
8,-5,-38,6.1499306e+16,0.000000
9,2,-49,6.0909253e+16,0.000000
7,-7,-33,6.0433482e+16,0.000000
10,4,-36,6.033988e+16,0.000000
9,-5,-41,5.9922698e+16,0.000000
10,-8,-45,5.9895158e+16,0.000000
10,6,-8,5.9886031e+16,0.000000
10,-4,-32,5.9554847e+16,0.000000
10,3,-29,5.92268e+16,0.000000
10,1,-19,5.9217474e+16,0.000000
8,7,-10,5.7703441e+16,0.000000
9,-6,-27,5.7245595e+16,0.000000
9,4,-38,5.6649269e+16,0.000000
5,4,-46,5.6351446e+16,0.000000
10,10,-11,5.601963e+16,0.000000
9,-7,-40,5.5799079e+16,0.000000
10,3,-30,5.5189707e+16,0.000000
9,5,-32,5.514121e+16,0.000000
7,-7,-31,5.446716e+16,0.000000
10,-1,-45,5.4271943e+16,0.000000
6,-5,-54,5.4137147e+16,0.000000
10,3,-31,5.3816635e+16,0.000000
9,6,-9,5.3777652e+16,0.000000
5,5,-46,5.3714182e+16,0.000000
9,2,-50,5.3619582e+16,0.000000
8,-4,-46,5.2978419e+16,0.000000
8,3,-53,5.2658645e+16,0.000000
7,7,-24,5.2478367e+16,0.000000
7,6,-30,5.2429008e+16,0.000000
8,5,-28,5.1723926e+16,0.000000
10,3,-32,5.1108342e+16,0.000000
10,5,-22,5.1073003e+16,0.000000
8,8,-12,4.9804702e+16,0.000000
8,-7,-23,4.9521961e+16,0.000000
6,5,-41,4.951667e+16,0.000000
9,6,-21,4.8909347e+16,0.000000
9,7,-10,4.8557754e+16,0.000000
10,2,-43,4.8231242e+16,0.000000
9,2,-51,4.8182805e+16,0.000000
7,-6,-41,4.7942168e+16,0.000000
8,8,-15,4.7347019e+16,0.000000
10,3,-33,4.7123456e+16,0.000000
10,-3,-25,4.6818057e+16,0.000000
10,1,38,4.6799131e+16,0.000000
10,-4,-36,4.6497645e+16,0.000000
9,-4,-33,4.5958488e+16,0.000000
9,-7,-10,4.5615778e+16,0.000000
8,-5,-39,4.5571767e+16,0.000000
10,0,-54,4.5543322e+16,0.000000
10,0,54,4.5543322e+16,0.000000
10,2,-46,4.4828589e+16,0.000000
8,3,-54,4.3846825e+16,0.000000
5,4,-47,4.3022361e+16,0.000000
6,6,-37,4.2747557e+16,0.000000
9,-7,-28,4.2377503e+16,0.000000
8,6,-33,4.2339084e+16,0.000000
10,2,-48,4.2237518e+16,0.000000
10,3,-34,4.1498988e+16,0.000000
10,-4,-33,4.1464049e+16,0.000000
9,9,-11,4.1435627e+16,0.000000
10,-8,-44,4.0883202e+16,0.000000
8,-4,-44,4.0787196e+16,0.000000
10,6,-17,4.008754e+16,0.000000
9,-6,-28,3.9895737e+16,0.000000
9,7,-21,3.9661133e+16,0.000000
7,4,-45,3.8843545e+16,0.000000
8,5,-29,3.872034e+16,0.000000
5,4,-48,3.8355253e+16,0.000000
10,5,-9,3.8179169e+16,0.000000
9,-5,-33,3.7869689e+16,0.000000
8,4,-47,3.7696549e+16,0.000000
6,5,-42,3.7475624e+16,0.000000
10,-1,-46,3.7252885e+16,0.000000
10,4,-37,3.7047205e+16,0.000000
9,-2,-37,3.6690028e+16,0.000000
8,4,-52,3.6299191e+16,0.000000
5,4,-49,3.6255636e+16,0.000000
8,-8,-26,3.6209958e+16,0.000000
5,4,-55,3.6029042e+16,0.000000
8,8,-11,3.5952327e+16,0.000000
10,0,-1,3.5691481e+16,0.000000
10,0,1,3.5691481e+16,0.000000
10,3,-35,3.568248e+16,0.000000
9,-7,-46,3.5681987e+16,0.000000
10,4,-41,3.5577252e+16,0.000000
5,4,-54,3.4906743e+16,0.000000
9,6,-22,3.4860864e+16,0.000000
9,4,-39,3.4764615e+16,0.000000
8,-5,-40,3.4638975e+16,0.000000
9,2,-53,3.4518383e+16,0.000000
5,4,-53,3.4238207e+16,0.000000
5,4,-51,3.416539e+16,0.000000
5,4,-52,3.3912006e+16,0.000000
10,1,-20,3.3503527e+16,0.000000
10,-6,-18,3.2830231e+16,0.000000
10,5,-23,3.2615349e+16,0.000000
8,-8,-41,3.2379691e+16,0.000000
7,5,-43,3.1682595e+16,0.000000
5,5,-47,3.1671585e+16,0.000000
8,5,-30,3.1409225e+16,0.000000
10,8,-10,3.0335112e+16,0.000000
8,-7,-24,3.0302686e+16,0.000000
7,6,-31,3.0170068e+16,0.000000
9,-4,-34,3.0119322e+16,0.000000
10,-4,-34,3.0111184e+16,0.000000
8,8,-16,2.9905302e+16,0.000000
7,-6,-42,2.9668356e+16,0.000000
10,3,-36,2.9505186e+16,0.000000
7,5,-48,2.9311359e+16,0.000000
10,1,-25,2.8736071e+16,0.000000
10,1,-24,2.8566036e+16,0.000000
10,1,39,2.8150556e+16,0.000000
10,-3,-3,2.7706398e+16,0.000000
7,5,-44,2.7645688e+16,0.000000
9,-6,-29,2.7596622e+16,0.000000
10,1,-26,2.737639e+16,0.000000
7,-7,-34,2.7375172e+16,0.000000
7,7,-25,2.6989926e+16,0.000000
10,1,-23,2.6935252e+16,0.000000
8,4,-48,2.6873596e+16,0.000000
7,-7,-46,2.6650217e+16,0.000000
10,5,-42,2.6548745e+16,0.000000
10,4,-38,2.6498543e+16,0.000000
9,-3,-4,2.6329819e+16,0.000000
10,-2,-41,2.6305306e+16,0.000000
8,-5,-41,2.6089884e+16,0.000000
8,5,-31,2.5940973e+16,0.000000
8,-5,-42,2.5921717e+16,0.000000
8,-4,-45,2.5816998e+16,0.000000
7,-7,-40,2.5733563e+16,0.000000
8,5,-42,2.5669541e+16,0.000000
10,-1,-47,2.5473831e+16,0.000000
10,-8,-39,2.5397582e+16,0.000000
10,1,-21,2.5203294e+16,0.000000
10,1,-22,2.4877389e+16,0.000000
10,1,-27,2.4869321e+16,0.000000
9,5,-33,2.4811986e+16,0.000000
8,6,-34,2.4591234e+16,0.000000
9,6,-23,2.4389074e+16,0.000000
10,3,-37,2.4182902e+16,0.000000
9,7,-22,2.3936403e+16,0.000000
10,2,-2,2.3500736e+16,0.000000
6,6,-38,2.3198489e+16,0.000000
10,-3,-26,2.2846046e+16,0.000000
8,-8,-39,2.2073142e+16,0.000000
9,-6,-10,2.2008711e+16,0.000000
10,3,-40,2.1793938e+16,0.000000
10,1,-28,2.1693474e+16,0.000000
8,-8,-27,2.1358335e+16,0.000000
8,5,-32,2.1350864e+16,0.000000
10,-2,-43,2.1191454e+16,0.000000
9,4,-40,2.0947597e+16,0.000000
10,6,-9,2.0554058e+16,0.000000
10,5,-24,2.0320287e+16,0.000000
10,-4,-35,2.014467e+16,0.000000
7,4,-46,1.9985742e+16,0.000000
9,-4,-35,1.9685579e+16,0.000000
7,-6,-47,1.9666846e+16,0.000000
8,7,-11,1.9468263e+16,0.000000
5,5,-48,1.9375659e+16,0.000000
6,5,-43,1.9276967e+16,0.000000
10,3,-38,1.9138831e+16,0.000000
9,-6,-30,1.8980916e+16,0.000000
9,-2,-38,1.8858148e+16,0.000000
10,6,-18,1.8783262e+16,0.000000
9,-5,-34,1.8691156e+16,0.000000
8,-7,-25,1.8457189e+16,0.000000
10,7,-9,1.8410907e+16,0.000000
10,1,-29,1.8294766e+16,0.000000
10,6,-48,1.820444e+16,0.000000
10,5,-8,1.8142699e+16,0.000000
8,8,-17,1.8009661e+16,0.000000
10,-1,-48,1.7669541e+16,0.000000
7,-6,-43,1.763158e+16,0.000000
8,7,-12,1.7615097e+16,0.000000
9,6,-10,1.7569069e+16,0.000000
8,-6,-44,1.7505478e+16,0.000000
10,-5,-14,1.7433297e+16,0.000000
7,6,-32,1.7350672e+16,0.000000
8,5,-33,1.7157384e+16,0.000000
10,4,-39,1.6975322e+16,0.000000
10,1,40,1.688225e+16,0.000000
9,6,-24,1.6781909e+16,0.000000
10,-5,-15,1.6660478e+16,0.000000
10,-5,-13,1.6249817e+16,0.000000
10,-8,-40,1.6215052e+16,0.000000
10,4,-48,1.6111202e+16,0.000000
8,7,-13,1.5544343e+16,0.000000
10,3,-39,1.5178971e+16,0.000000
10,1,-30,1.4987882e+16,0.000000
8,6,-35,1.4801299e+16,0.000000
9,-6,-42,1.479517e+16,0.000000
9,-7,-30,1.4714556e+16,0.000000
7,5,-45,1.4695766e+16,0.000000
9,-5,-39,1.467985e+16,0.000000
10,-5,-16,1.462338e+16,0.000000
10,-6,-19,1.4607542e+16,0.000000
9,7,-23,1.423788e+16,0.000000
8,-5,-43,1.4195624e+16,0.000000
7,-7,-35,1.4068431e+16,0.000000
8,4,-49,1.4019435e+16,0.000000
7,7,-26,1.3677982e+16,0.000000
8,5,-34,1.3597469e+16,0.000000
8,-8,-28,1.3151144e+16,0.000000
8,7,-14,1.3025467e+16,0.000000
9,-6,-31,1.2961022e+16,0.000000
10,-5,-12,1.281277e+16,0.000000
9,4,-41,1.2774858e+16,0.000000
9,-4,-36,1.2759804e+16,0.000000
6,6,-39,1.263885e+16,0.000000
8,-8,-44,1.2534033e+16,0.000000
10,5,-25,1.2359435e+16,0.000000
10,4,-40,1.2256231e+16,0.000000
8,-5,-44,1.2198678e+16,0.000000
6,5,-44,1.2072007e+16,0.000000
10,-5,-17,1.2021997e+16,0.000000
10,1,-31,1.1986293e+16,0.000000
10,-1,-49,1.1818603e+16,0.000000
10,-3,-27,1.1771304e+16,0.000000
9,5,-34,1.1639215e+16,0.000000
7,4,-47,1.1554221e+16,0.000000
10,3,-5,1.1411138e+16,0.000000
9,6,-25,1.1383101e+16,0.000000
5,5,-49,1.1307246e+16,0.000000
8,-8,-40,1.1299214e+16,0.000000
9,-2,-2,1.1218205e+16,0.000000
9,-2,-39,1.0970599e+16,0.000000
8,-7,-26,1.0967289e+16,0.000000
7,-6,-44,1.074839e+16,0.000000
10,-7,-39,1.0744387e+16,0.000000
8,-5,-46,1.0591543e+16,0.000000
8,8,-18,1.0565793e+16,0.000000
8,5,-35,1.0467636e+16,0.000000
10,4,-44,1.0435663e+16,0.000000
10,-4,-5,1.0409172e+16,0.000000
8,7,-15,1.0338767e+16,0.000000
10,-2,-44,1.0177332e+16,0.000000
10,1,41,1.0056165e+16,0.000000
9,-6,-43,9.9965736e+15,0.000000
7,6,-33,9.9569792e+15,0.000000
10,-4,-37,9.4738467e+15,0.000000
10,1,-32,9.382132e+15,0.000000
10,-5,-18,9.3810902e+15,0.000000
10,-10,-39,9.1968123e+15,0.000000
9,5,-53,9.1872655e+15,0.000000
10,6,-19,9.0887759e+15,0.000000
9,-6,-47,9.0752319e+15,0.000000
8,-5,-45,9.0663552e+15,0.000000
7,5,-46,9.0177056e+15,0.000000
10,3,-41,9.0094397e+15,0.000000
9,-6,-32,8.8289984e+15,0.000000
8,6,-36,8.4820253e+15,0.000000
9,7,-24,8.3612665e+15,0.000000
9,-7,-45,8.3177952e+15,0.000000
10,3,-42,8.2939337e+15,0.000000
9,-4,-37,8.213686e+15,0.000000
8,5,-36,8.0022147e+15,0.000000
8,-7,-39,7.9673429e+15,0.000000
7,4,-48,7.9112685e+15,0.000000
10,-4,-38,7.8654814e+15,0.000000
10,-6,-9,7.8315743e+15,0.000000
8,-8,-29,7.8185644e+15,0.000000
8,7,-16,7.8041711e+15,0.000000
10,-5,-11,7.7395149e+15,0.000000
9,4,-42,7.6445834e+15,0.000000
9,6,-26,7.6210183e+15,0.000000
9,-5,-35,7.5323671e+15,0.000000
6,5,-45,7.4693927e+15,0.000000
10,-3,-28,7.3919907e+15,0.000000
10,5,-26,7.3524465e+15,0.000000
10,-6,-20,7.2797452e+15,0.000000
10,1,-33,7.2143743e+15,0.000000
10,-4,-45,7.0512967e+15,0.000000
10,-5,-19,7.013789e+15,0.000000
6,6,-40,6.9228275e+15,0.000000
5,5,-50,6.9167047e+15,0.000000
7,7,-27,6.8487327e+15,0.000000
10,-2,-45,6.8413258e+15,0.000000
7,-7,-36,6.4881883e+15,0.000000
10,-1,-50,6.484754e+15,0.000000
9,5,-49,6.4197281e+15,0.000000
7,5,-47,6.3048277e+15,0.000000
10,4,-6,6.1698434e+15,0.000000
10,-3,-45,6.1597576e+15,0.000000
8,8,-19,6.1058595e+15,0.000000
10,-3,-29,6.0775795e+15,0.000000
10,1,42,6.065069e+15,0.000000
9,-6,-33,6.008822e+15,0.000000
10,-3,-31,5.9902061e+15,0.000000
8,5,-37,5.9573983e+15,0.000000
10,-3,-32,5.908279e+15,0.000000
10,-3,-30,5.9079143e+15,0.000000
9,-4,-42,5.8672631e+15,0.000000
7,4,-49,5.7638731e+15,0.000000
7,6,-34,5.7161046e+15,0.000000
10,-3,-42,5.6460119e+15,0.000000
10,-3,-33,5.644532e+15,0.000000
8,7,-17,5.6338361e+15,0.000000
9,-9,-48,5.5990042e+15,0.000000
10,3,-44,5.5362353e+15,0.000000
10,1,-34,5.4564671e+15,0.000000
10,3,-43,5.3476796e+15,0.000000
10,4,-45,5.3025531e+15,0.000000
7,4,-51,5.28889e+15,0.000000
10,1,-3,5.2796403e+15,0.000000
10,-4,-39,5.2776778e+15,0.000000
9,-4,-38,5.2296202e+15,0.000000
8,6,-37,5.1668366e+15,0.000000
10,5,-7,5.145366e+15,0.000000
10,-3,-34,5.1367134e+15,0.000000
6,-3,-55,5.1336422e+15,0.000000
10,6,-20,5.1189716e+15,0.000000
10,-5,-20,5.0586524e+15,0.000000
10,-6,-21,5.0505968e+15,0.000000
9,6,-27,5.0489382e+15,0.000000
10,5,-48,4.9508746e+15,0.000000
10,-4,-44,4.942096e+15,0.000000
10,-6,-24,4.9139314e+15,0.000000
10,-6,-23,4.9010086e+15,0.000000
9,7,-25,4.846092e+15,0.000000
8,-8,-30,4.7916774e+15,0.000000
10,-6,-22,4.7598258e+15,0.000000
9,-2,-40,4.708595e+15,0.000000
6,5,-46,4.643334e+15,0.000000
10,-6,-25,4.6402135e+15,0.000000
10,-3,-35,4.5653172e+15,0.000000
7,4,-52,4.5586436e+15,0.000000
10,3,-50,4.5122638e+15,0.000000
9,5,-35,4.4534443e+15,0.000000
9,4,-43,4.4490947e+15,0.000000
8,5,-38,4.4307527e+15,0.000000
5,5,-51,4.4197654e+15,0.000000
10,6,-50,4.399705e+15,0.000000
9,5,-43,4.3430011e+15,0.000000
10,5,-27,4.2700724e+15,0.000000
10,-6,-26,4.1770903e+15,0.000000
9,-5,-36,4.1003246e+15,0.000000
10,-7,-42,4.0844245e+15,0.000000
10,1,-35,4.0722206e+15,0.000000
9,-6,-34,4.0283437e+15,0.000000
9,-9,-42,4.0153565e+15,0.000000
9,5,-51,4.0075291e+15,0.000000
9,-7,-32,3.9848187e+15,0.000000
10,-3,-36,3.9839571e+15,0.000000
7,4,-53,3.912783e+15,0.000000
8,7,-18,3.9106574e+15,0.000000
10,2,-47,3.8422796e+15,0.000000
7,5,-49,3.8388634e+15,0.000000
6,6,-41,3.8348956e+15,0.000000
10,1,43,3.786568e+15,0.000000
8,-7,-28,3.691188e+15,0.000000
10,6,-21,3.6637962e+15,0.000000
10,-6,-27,3.5590919e+15,0.000000
10,-5,-21,3.5371857e+15,0.000000
8,8,-20,3.4964301e+15,0.000000
9,-9,-41,3.4297597e+15,0.000000
10,-3,-46,3.4104733e+15,0.000000
8,-8,-38,3.3729546e+15,0.000000
10,3,-4,3.3727892e+15,0.000000
7,7,-28,3.3700506e+15,0.000000
9,5,-45,3.3660166e+15,0.000000
9,-4,-39,3.330473e+15,0.000000
9,6,-28,3.3093409e+15,0.000000
10,-3,-37,3.2883461e+15,0.000000
7,6,-35,3.2730617e+15,0.000000
8,5,-39,3.2169561e+15,0.000000
9,-9,-44,3.202257e+15,0.000000
10,6,-22,3.1341942e+15,0.000000
9,-9,-39,3.0998046e+15,0.000000
10,4,-43,3.0397814e+15,0.000000
10,1,-36,2.9988056e+15,0.000000
10,-6,-28,2.9858869e+15,0.000000
8,-8,-31,2.9512324e+15,0.000000
10,-8,-38,2.9489944e+15,0.000000
8,6,-38,2.8927301e+15,0.000000
6,5,-47,2.8838117e+15,0.000000
10,6,-23,2.8336468e+15,0.000000
8,6,-48,2.8294239e+15,0.000000
10,-5,-10,2.8264528e+15,0.000000
9,-7,-33,2.8017141e+15,0.000000
9,7,-26,2.78175e+15,0.000000
9,-6,-35,2.7352983e+15,0.000000
10,1,-38,2.7298143e+15,0.000000
7,-7,-37,2.6861978e+15,0.000000
10,-3,-38,2.6786266e+15,0.000000
8,7,-19,2.6222052e+15,0.000000
9,4,-44,2.5604439e+15,0.000000
10,6,-24,2.5295935e+15,0.000000
10,1,44,2.5152734e+15,0.000000
9,5,-50,2.5075032e+15,0.000000
9,-2,-41,2.4575629e+15,0.000000
10,5,-28,2.4311338e+15,0.000000
10,-5,-22,2.406845e+15,0.000000
10,6,-49,2.4050823e+15,0.000000
10,-6,-29,2.3412577e+15,0.000000
8,5,-40,2.3385755e+15,0.000000
9,-9,-15,2.2746101e+15,0.000000
7,5,-50,2.2383666e+15,0.000000
9,5,-44,2.2273432e+15,0.000000
10,-3,-39,2.2163998e+15,0.000000
10,-4,-41,2.2048941e+15,0.000000
7,5,-53,2.2038599e+15,0.000000
9,-9,-16,2.2036061e+15,0.000000
10,3,-47,2.2028687e+15,0.000000
10,1,-37,2.1862607e+15,0.000000
10,-6,-44,2.1785563e+15,0.000000
10,6,-25,2.1655838e+15,0.000000
9,6,-29,2.1560457e+15,0.000000
7,-7,-45,2.1535267e+15,0.000000
6,6,-42,2.1276549e+15,0.000000
10,8,-52,2.1015249e+15,0.000000
9,-7,-34,2.0942096e+15,0.000000
9,-7,-35,2.0600992e+15,0.000000
10,3,-49,2.02965e+15,0.000000
9,-2,-42,1.9924804e+15,0.000000
5,5,-53,1.9924152e+15,0.000000
8,8,-21,1.9904644e+15,0.000000
9,-7,-36,1.9778816e+15,0.000000
9,-9,-14,1.9335842e+15,0.000000
9,5,-36,1.9289758e+15,0.000000
10,-6,-30,1.90079e+15,0.000000
9,-9,-17,1.8902318e+15,0.000000
7,6,-36,1.87735e+15,0.000000
10,-3,-40,1.861176e+15,0.000000
10,3,-46,1.8473034e+15,0.000000
10,-5,-7,1.8292572e+15,0.000000
9,-6,-36,1.8123165e+15,0.000000
9,-4,-6,1.8103449e+15,0.000000
10,1,45,1.8095468e+15,0.000000
8,6,-39,1.8025112e+15,0.000000
6,5,-48,1.7923513e+15,0.000000
10,6,-26,1.7898575e+15,0.000000
8,-8,-32,1.7543982e+15,0.000000
10,4,-47,1.7433027e+15,0.000000
8,7,-20,1.7047341e+15,0.000000
10,-6,-37,1.7022862e+15,0.000000
8,5,-41,1.674041e+15,0.000000
5,5,-54,1.6521174e+15,0.000000
7,7,-29,1.6413637e+15,0.000000
10,-7,-16,1.6356121e+15,0.000000
10,-10,-41,1.6332698e+15,0.000000
9,4,-45,1.6005112e+15,0.000000
10,-5,-23,1.597825e+15,0.000000
10,-7,-15,1.5965993e+15,0.000000
10,4,-49,1.5841692e+15,0.000000
9,-8,-42,1.5816256e+15,0.000000
9,7,-27,1.5748422e+15,0.000000
9,5,-41,1.5515457e+15,0.000000
10,-7,-17,1.5164486e+15,0.000000
9,-9,-40,1.4915243e+15,0.000000
7,5,-51,1.4837471e+15,0.000000
10,6,-53,1.4719518e+15,0.000000
5,5,-52,1.4457127e+15,0.000000
9,7,-55,1.4386285e+15,0.000000
10,6,-45,1.4304035e+15,0.000000
10,1,46,1.4137764e+15,0.000000
10,6,-27,1.4107138e+15,0.000000
10,-3,-41,1.4003095e+15,0.000000
9,6,-30,1.3899148e+15,0.000000
9,-5,-40,1.3795701e+15,0.000000
10,-6,-31,1.3773281e+15,0.000000
10,-8,-13,1.365611e+15,0.000000
10,-7,-14,1.3516658e+15,0.000000
10,5,-29,1.3453445e+15,0.000000
9,-7,-44,1.3396645e+15,0.000000
9,-9,-47,1.3209073e+15,0.000000
9,-4,-41,1.3102509e+15,0.000000
10,-7,-18,1.306315e+15,0.000000
9,-6,-37,1.2964247e+15,0.000000
10,6,-52,1.2637225e+15,0.000000
6,6,-43,1.2271151e+15,0.000000
10,6,-46,1.226898e+15,0.000000
10,-3,-44,1.2052166e+15,0.000000
10,1,47,1.1805024e+15,0.000000
9,-2,-47,1.1778437e+15,0.000000
8,-7,-30,1.1342041e+15,0.000000
8,8,-22,1.1283865e+15,0.000000
10,1,-39,1.1282969e+15,0.000000
8,-8,-33,1.1222196e+15,0.000000
9,-2,-43,1.1204048e+15,0.000000
9,-8,-16,1.1164571e+15,0.000000
6,5,-49,1.1163993e+15,0.000000
10,-6,-32,1.1163633e+15,0.000000
10,-4,-43,1.1045352e+15,0.000000
10,6,-28,1.0954407e+15,0.000000
10,3,-48,1.0848109e+15,0.000000
8,7,-21,1.0776871e+15,0.000000
8,-7,-42,1.0762882e+15,0.000000
7,6,-37,1.072937e+15,0.000000
10,-7,-19,1.0638628e+15,0.000000
9,-6,-41,1.0638387e+15,0.000000
5,5,-55,1.0632451e+15,0.000000
9,-8,-15,1.0617968e+15,0.000000
8,-8,-36,1.0560623e+15,0.000000
10,-8,-12,1.0511835e+15,0.000000
10,-5,-24,1.0370989e+15,0.000000
9,2,-3,1.0332095e+15,0.000000
10,-8,-14,1.0320032e+15,0.000000
9,-8,-17,1.0236497e+15,0.000000
10,1,48,1.0197744e+15,0.000000
9,-2,-44,1.0193522e+15,0.000000
9,-2,-46,1.0134431e+15,0.000000
9,-2,-45,1.0040413e+15,0.000000
8,6,-40,9.8623885e+14,0.000000
10,-6,-36,9.8193492e+14,0.000000
10,-3,-43,9.7973911e+14,0.000000
10,-7,-13,9.1898575e+14,0.000000
10,1,49,8.988723e+14,0.000000
10,4,-46,8.9633159e+14,0.000000
9,6,-31,8.9547797e+14,0.000000
9,-2,-48,8.9186086e+14,0.000000
9,7,-28,8.885036e+14,0.000000
9,-7,-37,8.8655438e+14,0.000000
9,-9,-38,8.8378713e+14,0.000000
7,-7,-38,8.7821567e+14,0.000000
9,-8,-18,8.5743207e+14,0.000000
10,9,-11,8.4679925e+14,0.000000
8,5,-43,8.4407744e+14,0.000000
9,-8,-46,8.3423647e+14,0.000000
10,-7,-20,8.2905909e+14,0.000000
9,4,-46,8.2547941e+14,0.000000
10,-5,-42,8.1082098e+14,0.000000
9,-8,-14,8.0869389e+14,0.000000
10,6,-29,8.0345397e+14,0.000000
10,1,-40,7.9911888e+14,0.000000
7,7,-30,7.8009283e+14,0.000000
9,-6,-38,7.7301067e+14,0.000000
8,-8,-34,7.6308546e+14,0.000000
10,1,50,7.5978432e+14,0.000000
8,-8,-35,7.4855137e+14,0.000000
7,5,-54,7.457291e+14,0.000000
10,-6,-33,7.4560959e+14,0.000000
10,5,-30,7.3079568e+14,0.000000
6,6,-44,7.0664141e+14,0.000000
6,5,-50,6.9852844e+14,0.000000
9,-6,-40,6.9669737e+14,0.000000
10,-5,-8,6.8697333e+14,0.000000
10,-7,-46,6.8470313e+14,0.000000
9,-8,-19,6.749434e+14,0.000000
9,7,-47,6.6678148e+14,0.000000
8,7,-22,6.6394497e+14,0.000000
8,5,-44,6.6139713e+14,0.000000
10,-5,-25,6.5863134e+14,0.000000
8,-7,-41,6.5758325e+14,0.000000
8,6,-50,6.5061454e+14,0.000000
10,-8,-15,6.4426293e+14,0.000000
9,-9,-45,6.4185565e+14,0.000000
8,8,-23,6.3780619e+14,0.000000
10,-6,-34,6.3581947e+14,0.000000
10,-7,-21,6.2360607e+14,0.000000
8,6,-41,6.1623152e+14,0.000000
7,6,-38,6.1445098e+14,0.000000
10,6,-30,6.0516473e+14,0.000000
9,7,-49,5.8328189e+14,0.000000
9,-4,-43,5.782884e+14,0.000000
9,1,-1,5.7709327e+14,0.000000
9,-7,-38,5.754069e+14,0.000000
9,6,-32,5.699539e+14,0.000000
10,1,-41,5.6325936e+14,0.000000
10,4,-52,5.4478628e+14,0.000000
9,-6,-39,5.4394421e+14,0.000000
9,5,-37,5.3603081e+14,0.000000
9,4,-48,5.2104112e+14,0.000000
9,-8,-20,5.068311e+14,0.000000
9,7,-29,4.9108687e+14,0.000000
9,-4,-46,4.8891686e+14,0.000000
9,4,-47,4.7704937e+14,0.000000
10,10,-12,4.7216099e+14,0.000000
10,3,-51,4.5622621e+14,0.000000
10,-7,-22,4.5570088e+14,0.000000
8,-7,-46,4.4578329e+14,0.000000
6,5,-51,4.4108196e+14,0.000000
6,6,-45,4.4082972e+14,0.000000
7,-7,-44,4.3843912e+14,0.000000
10,-7,-12,4.2494949e+14,0.000000
10,-6,-35,4.2328544e+14,0.000000
10,-5,-46,4.2287585e+14,0.000000
8,5,-48,4.2031185e+14,0.000000
9,5,-47,4.1833934e+14,0.000000
8,5,-45,4.1741752e+14,0.000000
10,6,-31,4.1346881e+14,0.000000
9,-8,-13,4.1037447e+14,0.000000
10,-5,-26,4.0995917e+14,0.000000
8,7,-23,3.9940655e+14,0.000000
10,1,-42,3.9355534e+14,0.000000
10,5,-31,3.8492949e+14,0.000000
10,-8,-36,3.8235185e+14,0.000000
9,8,-11,3.7741202e+14,0.000000
8,6,-42,3.7112009e+14,0.000000
10,-8,-16,3.6920117e+14,0.000000
7,7,-31,3.6892734e+14,0.000000
9,6,-33,3.6434161e+14,0.000000
8,8,-24,3.5946391e+14,0.000000
10,6,-47,3.5451148e+14,0.000000
10,-6,-38,3.5388793e+14,0.000000
10,1,0,3.5211024e+14,0.000000
7,6,-39,3.5015781e+14,0.000000
9,-5,-43,3.3803459e+14,0.000000
8,-7,-31,3.2544428e+14,0.000000
10,-7,-23,3.2497694e+14,0.000000
9,-9,-22,3.2418807e+14,0.000000
10,-7,-41,3.230936e+14,0.000000
8,-8,-37,3.2242607e+14,0.000000
9,-6,-44,3.1762749e+14,0.000000
10,6,-32,3.1370476e+14,0.000000
9,-4,-44,3.1201124e+14,0.000000
10,1,54,2.9824168e+14,0.000000
8,6,-46,2.9633679e+14,0.000000
10,8,-51,2.9188006e+14,0.000000
8,5,-46,2.8817258e+14,0.000000
9,7,-52,2.7512146e+14,0.000000
9,7,-30,2.7506868e+14,0.000000
10,1,-43,2.737783e+14,0.000000
6,6,-46,2.7248937e+14,0.000000
9,-4,-45,2.7147024e+14,0.000000
10,7,-15,2.621262e+14,0.000000
10,7,-14,2.6138781e+14,0.000000
10,6,-44,2.6064141e+14,0.000000
8,6,-49,2.6040002e+14,0.000000
8,6,-45,2.5722791e+14,0.000000
9,9,-12,2.5124174e+14,0.000000
10,-5,-27,2.4956734e+14,0.000000
10,-5,-9,2.4359892e+14,0.000000
10,7,-16,2.3731199e+14,0.000000
8,7,-24,2.3489467e+14,0.000000
9,5,-46,2.2970126e+14,0.000000
9,6,-34,2.2955789e+14,0.000000
10,-7,-24,2.2472727e+14,0.000000
10,1,-44,2.2301626e+14,0.000000
10,7,-13,2.2212882e+14,0.000000
6,6,-48,2.1679533e+14,0.000000
9,5,-38,2.0636841e+14,0.000000
9,-9,-43,2.0453757e+14,0.000000
10,-8,-17,2.0448853e+14,0.000000
8,6,-43,2.0330013e+14,0.000000
8,8,-25,2.023334e+14,0.000000
8,6,-53,2.0054158e+14,0.000000
8,5,-47,2.0024502e+14,0.000000
7,6,-40,2.0017794e+14,0.000000
10,7,-17,1.9988522e+14,0.000000
8,6,-44,1.9799639e+14,0.000000
10,5,-32,1.9734882e+14,0.000000
10,6,-33,1.9639046e+14,0.000000
10,1,-45,1.9481916e+14,0.000000
6,5,-53,1.8581673e+14,0.000000
10,-8,-43,1.8517243e+14,0.000000
10,-5,-44,1.8452344e+14,0.000000
6,6,-47,1.8424944e+14,0.000000
10,-10,-45,1.8010052e+14,0.000000
9,5,-40,1.7726348e+14,0.000000
10,8,-12,1.7550576e+14,0.000000
8,6,-54,1.7282816e+14,0.000000
9,-8,-44,1.7134062e+14,0.000000
8,-7,-33,1.709777e+14,0.000000
10,-7,-40,1.7026023e+14,0.000000
7,7,-32,1.669382e+14,0.000000
10,-3,-5,1.6506838e+14,0.000000
10,-2,-2,1.6442749e+14,0.000000
10,-7,-44,1.6177015e+14,0.000000
10,7,-18,1.594025e+14,0.000000
9,7,-46,1.5908184e+14,0.000000
6,5,-55,1.5892598e+14,0.000000
10,6,-34,1.5722143e+14,0.000000
10,-10,-44,1.57199e+14,0.000000
10,-7,-25,1.5598496e+14,0.000000
10,-5,-28,1.5501757e+14,0.000000
9,-8,-41,1.515519e+14,0.000000
8,6,-52,1.4956191e+14,0.000000
9,-9,-33,1.4712335e+14,0.000000
9,7,-31,1.4705006e+14,0.000000
9,6,-35,1.4656979e+14,0.000000
9,4,-51,1.4522939e+14,0.000000
9,-9,-24,1.4302278e+14,0.000000
10,7,-12,1.4089756e+14,0.000000
10,8,-13,1.3922078e+14,0.000000
6,5,-54,1.3755999e+14,0.000000
10,-4,-6,1.3698494e+14,0.000000
8,7,-25,1.3525515e+14,0.000000
10,-8,-35,1.3507904e+14,0.000000
9,-5,-44,1.3182268e+14,0.000000
9,5,-54,1.2896375e+14,0.000000
9,-8,-24,1.2735612e+14,0.000000
10,8,-11,1.2676234e+14,0.000000
10,6,-42,1.2474276e+14,0.000000
9,-8,-45,1.2231468e+14,0.000000
10,7,-19,1.2168343e+14,0.000000
10,-6,-39,1.1535598e+14,0.000000
10,-8,-18,1.1397172e+14,0.000000
7,6,-41,1.1388232e+14,0.000000
8,8,-26,1.1354964e+14,0.000000
9,-1,-1,1.130129e+14,0.000000
10,-7,-45,1.1292047e+14,0.000000
9,-9,-37,1.1207227e+14,0.000000
8,5,-49,1.0909238e+14,0.000000
6,6,-49,1.0806149e+14,0.000000
10,-7,-26,1.0557029e+14,0.000000
10,8,-49,1.0456784e+14,0.000000
10,5,-44,1.0414375e+14,0.000000
10,-8,-37,1.0131807e+14,0.000000
10,5,-33,9.6671424e+13,0.000000
9,6,-36,9.0978992e+13,0.000000
10,7,-20,8.9570405e+13,0.000000
10,1,-46,8.884626e+13,0.000000
9,4,-49,8.8109382e+13,0.000000
10,-5,-29,8.6792536e+13,0.000000
10,6,-35,8.6542304e+13,0.000000
8,-7,-34,8.4198567e+13,0.000000
9,7,-32,8.3221412e+13,0.000000
9,5,-39,8.2728074e+13,0.000000
6,6,-50,8.2336255e+13,0.000000
10,-7,-11,7.9069193e+13,0.000000
10,6,-36,7.8469206e+13,0.000000
7,7,-33,7.6747111e+13,0.000000
10,8,-14,7.6709691e+13,0.000000
8,7,-26,7.627089e+13,0.000000
8,5,-50,7.2182643e+13,0.000000
8,-8,-43,7.0871008e+13,0.000000
6,6,-51,7.0093109e+13,0.000000
10,-8,-19,6.6827273e+13,0.000000
10,5,-43,6.5093807e+13,0.000000
7,6,-42,6.494791e+13,0.000000
10,7,-21,6.3901307e+13,0.000000
8,8,-27,6.382297e+13,0.000000
6,6,-53,6.2915811e+13,0.000000
6,6,-52,6.2706909e+13,0.000000
10,1,-47,6.0405501e+13,0.000000
10,5,-49,5.9597602e+13,0.000000
9,-8,-40,5.8258967e+13,0.000000
9,6,-37,5.8163367e+13,0.000000
9,-8,-26,5.8040404e+13,0.000000
9,-8,-39,5.7999458e+13,0.000000
6,6,-54,5.5471088e+13,0.000000
8,-7,-43,5.4102583e+13,0.000000
8,6,-47,5.2662333e+13,0.000000
9,6,-48,5.2390855e+13,0.000000
10,7,-10,5.1469232e+13,0.000000
10,-7,-43,5.1071507e+13,0.000000
10,-5,-30,4.9357042e+13,0.000000
8,5,-51,4.7955497e+13,0.000000
10,5,-34,4.7222787e+13,0.000000
10,-7,-28,4.6851199e+13,0.000000
10,-8,-34,4.6248234e+13,0.000000
8,-7,-44,4.6089001e+13,0.000000
10,1,-48,4.5947856e+13,0.000000
6,6,-55,4.5508821e+13,0.000000
10,7,-22,4.4355583e+13,0.000000
9,4,-52,4.3634153e+13,0.000000
10,7,-11,4.3061385e+13,0.000000
10,-8,-20,4.2695829e+13,0.000000
8,7,-27,4.2196498e+13,0.000000
9,7,-33,4.2002753e+13,0.000000
8,-7,-35,4.1429692e+13,0.000000
10,6,-38,4.0767743e+13,0.000000
8,-8,-45,3.9844159e+13,0.000000
10,-9,-47,3.9678132e+13,0.000000
10,-10,-40,3.9632622e+13,0.000000
10,8,-15,3.958906e+13,0.000000
10,-5,-41,3.859053e+13,0.000000
9,9,-14,3.8179454e+13,0.000000
7,6,-43,3.6856816e+13,0.000000
9,6,-38,3.5756942e+13,0.000000
9,-9,-26,3.5686915e+13,0.000000
8,8,-28,3.5681145e+13,0.000000
10,6,-37,3.4803521e+13,0.000000
10,-5,-38,3.4560464e+13,0.000000
9,7,-48,3.421716e+13,0.000000
9,9,-13,3.3825096e+13,0.000000
7,7,-55,3.3316719e+13,0.000000
9,-9,-27,3.31546e+13,0.000000
10,-9,-42,3.2794591e+13,0.000000
9,9,-15,3.2561762e+13,0.000000
9,-9,-18,3.1845838e+13,0.000000
7,7,-34,3.181705e+13,0.000000
10,7,-23,3.0041067e+13,0.000000
10,-9,-48,2.8768512e+13,0.000000
9,8,-15,2.8207791e+13,0.000000
9,-8,-27,2.8127306e+13,0.000000
10,-9,-44,2.800809e+13,0.000000
10,-5,-31,2.7412104e+13,0.000000
9,8,-14,2.7203032e+13,0.000000
9,-8,-28,2.7173561e+13,0.000000
10,-5,-37,2.6799513e+13,0.000000
8,5,-53,2.6226314e+13,0.000000
10,1,-49,2.5790705e+13,0.000000
10,7,-49,2.5466541e+13,0.000000
10,-10,-42,2.5345636e+13,0.000000
9,7,-34,2.5110171e+13,0.000000
9,9,-16,2.4965171e+13,0.000000
9,8,-16,2.4847035e+13,0.000000
10,6,-40,2.3979425e+13,0.000000
9,6,-39,2.2919733e+13,0.000000
8,7,-28,2.2850726e+13,0.000000
10,6,-54,2.2834839e+13,0.000000
7,6,-44,2.1386164e+13,0.000000
10,5,-35,2.0925862e+13,0.000000
10,8,-16,2.0790618e+13,0.000000
8,-7,-36,2.0481866e+13,0.000000
9,-9,-28,2.0388267e+13,0.000000
8,8,-29,2.0115409e+13,0.000000
10,7,-24,1.9907205e+13,0.000000
9,8,-17,1.986424e+13,0.000000
10,-5,-45,1.9807273e+13,0.000000
10,-7,-30,1.9489318e+13,0.000000
10,8,-50,1.9417271e+13,0.000000
9,8,-13,1.9176412e+13,0.000000
10,6,-51,1.9166045e+13,0.000000
10,-10,-38,1.8834712e+13,0.000000
8,8,-52,1.8299103e+13,0.000000
10,5,-46,1.829222e+13,0.000000
9,-9,-36,1.8193195e+13,0.000000
10,5,-53,1.7985704e+13,0.000000
9,9,-17,1.7969199e+13,0.000000
10,1,-50,1.7906819e+13,0.000000
9,-8,-29,1.7873878e+13,0.000000
10,7,-47,1.7143124e+13,0.000000
10,-8,-24,1.6726624e+13,0.000000
9,-8,-38,1.6639273e+13,0.000000
10,5,-50,1.6159537e+13,0.000000
7,7,-47,1.5333397e+13,0.000000
9,8,-18,1.4890769e+13,0.000000
10,-5,-32,1.4822391e+13,0.000000
10,-9,-39,1.4549756e+13,0.000000
10,-8,-27,1.4168147e+13,0.000000
7,7,-35,1.4148337e+13,0.000000
9,6,-40,1.3906482e+13,0.000000
10,-9,-45,1.3631224e+13,0.000000
10,8,-54,1.3469433e+13,0.000000
8,5,-54,1.3211223e+13,0.000000
10,6,-43,1.3102281e+13,0.000000
10,7,-25,1.2928922e+13,0.000000
9,-9,-29,1.242335e+13,0.000000
9,9,-18,1.2359047e+13,0.000000
7,6,-45,1.2218035e+13,0.000000
8,7,-29,1.216754e+13,0.000000
9,-8,-30,1.2115748e+13,0.000000
10,8,-48,1.1927393e+13,0.000000
10,-8,-26,1.1478615e+13,0.000000
10,8,-17,1.1439331e+13,0.000000
10,6,-41,1.1342412e+13,0.000000
9,7,-35,1.1214611e+13,0.000000
8,8,-30,1.1186401e+13,0.000000
10,-10,-36,1.0978514e+13,0.000000
9,8,-19,1.0682512e+13,0.000000
10,5,-36,9.9812998e+12,0.000000
9,7,-54,9.9086209e+12,0.000000
10,5,-45,9.6835357e+12,0.000000
9,6,-41,8.9517601e+12,0.000000
10,-10,-37,8.8008511e+12,0.000000
9,-8,-36,8.7532441e+12,0.000000
10,-10,-43,8.5561354e+12,0.000000
9,-8,-12,8.5514596e+12,0.000000
9,7,-51,8.375302e+12,0.000000
10,-8,-28,8.3740098e+12,0.000000
10,7,-26,8.2527395e+12,0.000000
9,9,-19,8.2234765e+12,0.000000
9,-8,-31,8.0795154e+12,0.000000
10,1,-52,7.9154586e+12,0.000000
10,-9,-40,7.7946245e+12,0.000000
9,7,-36,7.7027185e+12,0.000000
10,-5,-33,7.650322e+12,0.000000
10,-7,-32,7.4314292e+12,0.000000
9,-9,-30,7.4278121e+12,0.000000
9,8,-20,7.4273705e+12,0.000000
10,5,-47,7.426002e+12,0.000000
7,7,-52,7.4144334e+12,0.000000
9,8,-12,7.1211343e+12,0.000000
7,6,-46,6.7537121e+12,0.000000
10,8,-18,6.6488962e+12,0.000000
9,6,-50,6.6250335e+12,0.000000
8,8,-31,6.379941e+12,0.000000
8,7,-30,6.2991961e+12,0.000000
10,8,-47,6.0281192e+12,0.000000
8,6,-51,5.8075214e+12,0.000000
10,5,-41,5.664166e+12,0.000000
9,6,-42,5.6095835e+12,0.000000
9,9,-20,5.3124562e+12,0.000000
9,-8,-37,5.2849691e+12,0.000000
10,7,-27,5.1750856e+12,0.000000
7,7,-36,5.1312162e+12,0.000000
9,-8,-32,5.1153984e+12,0.000000
9,8,-21,5.0396324e+12,0.000000
10,-7,-33,4.8722749e+12,0.000000
10,5,-37,4.8412431e+12,0.000000
9,7,-43,4.8089943e+12,0.000000
10,-8,-30,4.7716982e+12,0.000000
10,9,-12,4.3464472e+12,0.000000
10,-7,-31,4.2830322e+12,0.000000
7,6,-48,4.2672853e+12,0.000000
10,7,-55,4.2205852e+12,0.000000
10,8,-19,4.0941742e+12,0.000000
10,-5,-34,3.9394568e+12,0.000000
7,6,-47,3.8791229e+12,0.000000
10,-7,-36,3.844086e+12,0.000000
10,-9,-38,3.7618474e+12,0.000000
10,7,-50,3.6407527e+12,0.000000
7,7,-46,3.6146099e+12,0.000000
9,-8,-33,3.5945326e+12,0.000000
9,6,-43,3.5545865e+12,0.000000
10,6,-39,3.5084524e+12,0.000000
8,8,-32,3.5014565e+12,0.000000
10,-3,-4,3.4579738e+12,0.000000
10,-8,-29,3.4490547e+12,0.000000
9,-9,-31,3.3905213e+12,0.000000
9,8,-22,3.3538806e+12,0.000000
9,9,-21,3.3263973e+12,0.000000
10,-7,-34,3.2258326e+12,0.000000
8,7,-31,3.2241677e+12,0.000000
10,7,-28,3.208773e+12,0.000000
9,8,-52,3.1471749e+12,0.000000
10,-8,-32,3.0728553e+12,0.000000
10,10,-13,3.0302603e+12,0.000000
10,7,-52,2.9972079e+12,0.000000
10,-8,-31,2.8929636e+12,0.000000
9,-9,-32,2.8826015e+12,0.000000
10,5,-54,2.8144725e+12,0.000000
9,6,-44,2.7950365e+12,0.000000
10,-10,-35,2.7741456e+12,0.000000
9,6,-52,2.6697043e+12,0.000000
10,8,-20,2.6656192e+12,0.000000
9,7,-37,2.6502527e+12,0.000000
9,7,-44,2.555097e+12,0.000000
9,-8,-34,2.5493454e+12,0.000000
9,6,-45,2.4968188e+12,0.000000
10,5,-38,2.4487421e+12,0.000000
9,7,-38,2.4463236e+12,0.000000
10,5,-39,2.4329158e+12,0.000000
10,-7,-35,2.4088743e+12,0.000000
9,6,-53,2.3702511e+12,0.000000
7,7,-49,2.3273444e+12,0.000000
10,-8,-33,2.2795335e+12,0.000000
9,8,-23,2.1970477e+12,0.000000
7,7,-37,2.1419777e+12,0.000000
8,8,-33,2.0565564e+12,0.000000
9,9,-22,2.0523319e+12,0.000000
10,7,-29,1.9481563e+12,0.000000
10,-5,-35,1.8488053e+12,0.000000
10,8,-21,1.8206726e+12,0.000000
10,5,-40,1.7758777e+12,0.000000
10,-7,-38,1.7555555e+12,0.000000
9,-8,-43,1.7513935e+12,0.000000
9,-8,-35,1.7511857e+12,0.000000
7,7,-48,1.7191241e+12,0.000000
9,6,-49,1.7010997e+12,0.000000
10,-7,-37,1.6890259e+12,0.000000
10,8,-55,1.6706842e+12,0.000000
10,-5,-39,1.6199759e+12,0.000000
8,7,-32,1.5832223e+12,0.000000
9,6,-46,1.5416234e+12,0.000000
9,6,-54,1.5409769e+12,0.000000
9,-9,-34,1.5116519e+12,0.000000
9,8,-24,1.4199443e+12,0.000000
9,7,-50,1.3966369e+12,0.000000
10,8,-43,1.374226e+12,0.000000
10,7,-54,1.3510359e+12,0.000000
7,6,-49,1.3146317e+12,0.000000
10,10,-52,1.3124976e+12,0.000000
10,8,-22,1.2904088e+12,0.000000
9,6,-47,1.2859479e+12,0.000000
9,9,-23,1.2435206e+12,0.000000
8,8,-49,1.1950976e+12,0.000000
7,6,-50,1.1886622e+12,0.000000
10,7,-30,1.1879218e+12,0.000000
10,8,-45,1.1653619e+12,0.000000
8,8,-34,1.0880504e+12,0.000000
10,-5,-36,1.0037342e+12,0.000000
10,8,-23,9.3593709e+11,0.000000
9,8,-25,9.0760801e+11,0.000000
10,5,-51,8.2769702e+11,0.000000
8,8,-51,7.7339888e+11,0.000000
8,7,-33,7.6472576e+11,0.000000
10,-9,-41,7.4263605e+11,0.000000
9,9,-24,7.4189206e+11,0.000000
9,7,-40,7.2725001e+11,0.000000
9,7,-42,7.1828964e+11,0.000000
10,7,-31,6.9553932e+11,0.000000
10,7,-48,6.9370311e+11,0.000000
10,8,-24,6.8867204e+11,0.000000
8,8,-35,6.8173549e+11,0.000000
9,-9,-35,6.8149566e+11,0.000000
8,8,-50,6.6639126e+11,0.000000
8,8,-53,6.0602935e+11,0.000000
7,7,-38,5.8058094e+11,0.000000
9,8,-26,5.7429552e+11,0.000000
7,6,-52,5.5753384e+11,0.000000
8,8,-48,5.5307634e+11,0.000000
9,7,-39,5.3995461e+11,0.000000
10,-5,-40,5.3418567e+11,0.000000
10,8,-25,5.0521566e+11,0.000000
8,8,-54,4.912488e+11,0.000000
7,6,-51,4.8735874e+11,0.000000
9,9,-47,4.4516844e+11,0.000000
9,9,-25,4.3582946e+11,0.000000
9,7,-45,4.2998769e+11,0.000000
10,7,-32,4.1968298e+11,0.000000
10,7,-51,4.1655396e+11,0.000000
9,9,-52,4.0021514e+11,0.000000
10,8,-26,3.7309777e+11,0.000000
9,8,-27,3.6079516e+11,0.000000
7,7,-54,3.5557562e+11,0.000000
8,7,-34,3.4999898e+11,0.000000
10,-9,-37,3.4847544e+11,0.000000
10,-9,-33,3.418937e+11,0.000000
8,8,-36,3.347769e+11,0.000000
7,6,-53,3.2394167e+11,0.000000
10,2,-3,3.1159926e+11,0.000000
8,8,-43,3.1000627e+11,0.000000
10,7,-46,3.0539645e+11,0.000000
10,-9,-16,2.8828538e+11,0.000000
10,-1,-2,2.7790459e+11,0.000000
10,8,-27,2.6750721e+11,0.000000
9,9,-26,2.5329464e+11,0.000000
8,7,-49,2.4981139e+11,0.000000
10,-5,-43,2.4835234e+11,0.000000
10,7,-33,2.393636e+11,0.000000
8,8,-37,2.3540954e+11,0.000000
10,-9,-17,2.336602e+11,0.000000
9,8,-28,2.2461306e+11,0.000000
8,7,-55,2.1662675e+11,0.000000
7,7,-39,2.0217865e+11,0.000000
10,8,-28,1.9788054e+11,0.000000
10,-9,-15,1.9627391e+11,0.000000
9,7,-41,1.9332744e+11,0.000000
9,8,-49,1.8009058e+11,0.000000
8,7,-35,1.5767238e+11,0.000000
9,8,-51,1.5452215e+11,0.000000
9,9,-27,1.4480519e+11,0.000000
10,7,-34,1.423689e+11,0.000000
7,7,-50,1.4136625e+11,0.000000
8,7,-46,1.4066449e+11,0.000000
9,8,-29,1.3970484e+11,0.000000
10,8,-29,1.3379396e+11,0.000000
9,-2,-3,1.3297763e+11,0.000000
7,7,-51,1.2850415e+11,0.000000
9,8,-50,1.2067148e+11,0.000000
8,7,-52,1.1660762e+11,0.000000
8,8,-47,1.1533719e+11,0.000000
10,7,-43,1.0459603e+11,0.000000
10,8,-30,1.0382726e+11,0.000000
8,8,-38,1.0243861e+11,0.000000
7,6,-54,1.0151027e+11,0.000000
10,-9,-43,9.8370979e+10,0.000000
7,7,-43,9.2966821e+10,0.000000
7,7,-44,9.0623411e+10,0.000000
10,8,-46,9.0395768e+10,0.000000
9,8,-30,8.5656082e+10,0.000000
8,8,-39,8.4209096e+10,0.000000
10,-9,-14,8.3232945e+10,0.000000
9,9,-28,8.2700209e+10,0.000000
9,6,-51,8.2126413e+10,0.000000
10,7,-35,7.5797342e+10,0.000000
8,7,-48,6.9508895e+10,0.000000
8,7,-54,6.5868364e+10,0.000000
10,-9,-36,6.5203211e+10,0.000000
10,10,-53,6.3515299e+10,0.000000
10,-9,-24,6.3286436e+10,0.000000
10,8,-31,6.1475754e+10,0.000000
8,7,-36,6.1367949e+10,0.000000
10,10,-51,5.9142645e+10,0.000000
7,7,-45,5.8359944e+10,0.000000
8,8,-55,5.8178739e+10,0.000000
8,7,-50,5.7638692e+10,0.000000
10,8,-32,5.5176224e+10,0.000000
10,9,-52,5.4622711e+10,0.000000
9,9,-50,5.4019101e+10,0.000000
9,8,-31,5.3262002e+10,0.000000
9,9,-49,5.1861696e+10,0.000000
10,7,-36,4.9032719e+10,0.000000
7,7,-41,4.8059843e+10,0.000000
9,9,-29,4.5899634e+10,0.000000
10,8,-44,4.3405671e+10,0.000000
9,8,-47,3.6545858e+10,0.000000
7,7,-42,3.6064287e+10,0.000000
8,8,-41,3.2284236e+10,0.000000
9,8,-32,3.2146498e+10,0.000000
10,8,-34,3.1994792e+10,0.000000
10,9,-47,3.1741452e+10,0.000000
10,7,-44,3.1524949e+10,0.000000
8,8,-45,3.135056e+10,0.000000
8,7,-37,3.0157508e+10,0.000000
8,8,-40,2.841007e+10,0.000000
9,9,-30,2.6200222e+10,0.000000
10,8,-33,2.4501231e+10,0.000000
10,-10,-34,2.4243838e+10,0.000000
7,7,-40,2.3269641e+10,0.000000
10,9,-53,2.3143953e+10,0.000000
10,10,-49,2.3104004e+10,0.000000
8,7,-47,2.2145189e+10,0.000000
10,7,-37,2.2141977e+10,0.000000
10,8,-36,2.0740238e+10,0.000000
9,8,-33,2.0112373e+10,0.000000
10,-9,-29,1.8971778e+10,0.000000
9,9,-48,1.7942235e+10,0.000000
10,7,-45,1.7168853e+10,0.000000
10,8,-40,1.70751e+10,0.000000
10,10,-14,1.6655662e+10,0.000000
10,9,-13,1.6636453e+10,0.000000
10,7,-38,1.6341198e+10,0.000000
10,8,-38,1.6261627e+10,0.000000
10,8,-53,1.4670755e+10,0.000000
10,8,-42,1.3950404e+10,0.000000
9,9,-31,1.3897487e+10,0.000000
9,8,-48,1.3658412e+10,0.000000
10,9,-51,1.3016488e+10,0.000000
9,8,-34,1.1945544e+10,0.000000
10,9,-19,1.1316181e+10,0.000000
10,10,-50,1.069339e+10,0.000000
9,9,-53,1.0200879e+10,0.000000
10,9,-18,9.6761426e+09,0.000000
10,9,-17,9.5586157e+09,0.000000
10,10,-55,9.4829786e+09,0.000000
10,9,-16,9.2988947e+09,0.000000
10,9,-20,8.9590177e+09,0.000000
8,8,-46,8.8371783e+09,0.000000
8,8,-42,8.623936e+09,0.000000
9,9,-32,8.246291e+09,0.000000
10,9,-15,7.9375249e+09,0.000000
8,7,-38,7.9285979e+09,0.000000
10,7,-42,7.6742479e+09,0.000000
9,8,-35,7.6010453e+09,0.000000
10,8,-35,7.5937174e+09,0.000000
9,8,-53,6.8825078e+09,0.000000
9,8,-54,6.7819465e+09,0.000000
10,-9,-31,6.609701e+09,0.000000
8,8,-44,6.4479999e+09,0.000000
10,-9,-32,6.0443546e+09,0.000000
10,7,-39,5.4521026e+09,0.000000
10,9,-14,5.4407312e+09,0.000000
9,9,-46,5.1048505e+09,0.000000
10,10,-21,4.9534498e+09,0.000000
10,10,-22,4.7554224e+09,0.000000
9,9,-51,4.6515166e+09,0.000000
10,9,-21,4.6430793e+09,0.000000
8,7,-44,4.5900126e+09,0.000000
10,7,-41,4.4342384e+09,0.000000
9,8,-36,4.3824311e+09,0.000000
9,9,-33,3.9175357e+09,0.000000
10,-9,-34,3.7522869e+09,0.000000
10,9,-22,3.4873352e+09,0.000000
10,10,-54,3.4864797e+09,0.000000
10,-2,-3,3.4007213e+09,0.000000
10,1,-2,3.2800896e+09,0.000000
8,7,-43,3.2387247e+09,0.000000
10,-9,-28,2.9561998e+09,0.000000
9,8,-37,2.9428302e+09,0.000000
9,9,-34,2.7147764e+09,0.000000
8,7,-39,2.5523572e+09,0.000000
10,9,-23,2.4733509e+09,0.000000
10,9,-49,2.2078603e+09,0.000000
10,-9,-35,2.0475082e+09,0.000000
10,-1,-1,2.0241998e+09,0.000000
8,7,-42,2.0043497e+09,0.000000
10,10,-17,1.8875708e+09,0.000000
8,7,-45,1.8597908e+09,0.000000
8,7,-51,1.8304622e+09,0.000000
10,10,-48,1.7994836e+09,0.000000
10,10,-18,1.7963115e+09,0.000000
8,7,-40,1.7526591e+09,0.000000
10,9,-24,1.7038604e+09,0.000000
10,10,-20,1.5908181e+09,0.000000
9,8,-38,1.576104e+09,0.000000
10,10,-19,1.4352227e+09,0.000000
10,8,-37,1.3266509e+09,0.000000
10,10,-16,1.2905199e+09,0.000000
8,7,-41,1.2855486e+09,0.000000
9,8,-55,1.2022902e+09,0.000000
10,9,-25,1.1497096e+09,0.000000
9,8,-39,1.1389263e+09,0.000000
10,8,-39,9.8926664e+08,0.000000
9,8,-43,9.8130889e+08,0.000000
9,9,-35,9.7677491e+08,0.000000
9,9,-36,9.6987083e+08,0.000000
9,8,-45,7.9861826e+08,0.000000
10,9,-50,7.8828212e+08,0.000000
10,9,-26,7.6095857e+08,0.000000
10,7,-40,7.030404e+08,0.000000
9,9,-55,7.0174851e+08,0.000000
10,9,-48,6.3875779e+08,0.000000
10,10,-23,6.288413e+08,0.000000
10,9,-54,5.8965889e+08,0.000000
9,8,-40,5.5964087e+08,0.000000
10,8,-41,5.3730288e+08,0.000000
9,8,-41,4.9540985e+08,0.000000
10,9,-27,4.9309407e+08,0.000000
10,10,-15,4.8112159e+08,0.000000
9,9,-38,4.3890879e+08,0.000000
9,9,-54,3.6101163e+08,0.000000
10,10,-47,3.1621762e+08,0.000000
10,9,-28,3.1544141e+08,0.000000
9,9,-40,2.614607e+08,0.000000
9,8,-42,2.3402883e+08,0.000000
10,9,-29,1.9668794e+08,0.000000
9,9,-37,1.8250236e+08,0.000000
10,10,-24,1.5793852e+08,0.000000
9,9,-44,1.4249812e+08,0.000000
9,8,-44,1.3511066e+08,0.000000
10,9,-30,1.237784e+08,0.000000
9,9,-45,1.2063989e+08,0.000000
10,10,-25,1.0535264e+08,0.000000
10,9,-31,73630875,0.000000
10,9,-46,73477605,0.000000
10,1,-1,62242708,0.000000
10,10,-26,50784219,0.000000
10,9,-32,46983696,0.000000
9,8,-46,35759307,0.000000
9,9,-43,26997756,0.000000
10,9,-33,25831290,0.000000
10,10,-27,24650721,0.000000
10,9,-34,17545121,0.000000
10,10,-46,16898501,0.000000
9,9,-39,14500368,0.000000
10,10,-28,13741996,0.000000
10,10,-45,11443136,0.000000
10,9,-55,11062504,0.000000
9,9,-41,10803544,0.000000
10,10,-44,9306625.7,0.000000
10,9,-35,8842681,0.000000
10,10,-29,7236829,0.000000
10,9,-36,6546446.6,0.000000
10,10,-30,4952366.8,0.000000
10,10,-42,4352983.5,0.000000
9,9,-42,4286741.7,0.000000
10,9,-38,3075511.8,0.000000
10,9,-37,2684742.6,0.000000
10,10,-32,2185783.8,0.000000
10,10,-31,2115740.6,0.000000
10,9,-45,2011826.3,0.000000
10,10,-34,1578509.3,0.000000
10,9,-40,1495670.8,0.000000
10,9,-43,814034.6,0.000000
10,10,-41,602602.81,0.000000
10,9,-39,539380.79,0.000000
10,10,-40,513169.53,0.000000
10,10,-33,438835.24,0.000000
10,10,-38,428298.6,0.000000
10,10,-39,401715.14,0.000000
10,9,-44,341242.11,0.000000
10,10,-43,253152.44,0.000000
10,10,-36,243879.59,0.000000
10,10,-37,230048.49,0.000000
10,9,-42,157861.42,0.000000
10,9,-41,150598.01,0.000000
10,10,-35,145567.56,0.000000
2,0,0,0,0.000000
3,0,0,0,0.000000
4,0,0,0,0.000000
5,0,0,0,0.000000
6,0,0,0,0.000000
7,0,0,0,0.000000
8,0,0,0,0.000000
9,0,0,0,0.000000
10,0,0,0,0.000000
10,-10,-31,-1.6553867e+09,-0.000000
10,-10,-30,-1.9483972e+09,-0.000000
10,-9,-27,-2.9283761e+09,-0.000000
10,-10,-27,-3.0785878e+09,-0.000000
10,-9,-30,-3.1677038e+09,-0.000000
10,-10,-33,-1.1133038e+10,-0.000000
10,-10,-32,-1.5930024e+10,-0.000000
10,-10,-20,-5.1017022e+10,-0.000000
10,-10,-22,-7.7499219e+10,-0.000000
7,6,-55,-3.2853444e+11,-0.000000
10,-9,-22,-3.4989412e+11,-0.000000
10,-10,-28,-6.8513991e+11,-0.000000
10,-9,-26,-9.6148006e+11,-0.000000
10,-10,-26,-9.7964117e+11,-0.000000
10,-9,-46,-1.1332706e+12,-0.000000
10,-10,-25,-2.6608338e+12,-0.000000
10,1,-51,-2.6958061e+12,-0.000000
8,7,-53,-3.5834432e+12,-0.000000
10,-10,-24,-4.0485273e+12,-0.000000
9,6,-55,-4.7397052e+12,-0.000000
10,6,-55,-6.3781792e+12,-0.000000
10,-9,-13,-6.4486133e+12,-0.000000
9,-8,-48,-7.1282419e+12,-0.000000
9,-9,-46,-8.8297529e+12,-0.000000
10,-10,-23,-1.3853367e+13,-0.000000
7,7,-53,-1.4863436e+13,-0.000000
10,-10,-46,-1.7882101e+13,-0.000000
9,4,-53,-1.8921704e+13,-0.000000
10,-10,-15,-1.9526057e+13,-0.000000
10,-8,-23,-3.2645557e+13,-0.000000
10,-10,-19,-4.9730274e+13,-0.000000
9,-4,-47,-5.4890098e+13,-0.000000
10,-9,-21,-6.422212e+13,-0.000000
10,7,-53,-7.2593942e+13,-0.000000
10,-9,-18,-8.2491415e+13,-0.000000
9,-8,-23,-9.9745125e+13,-0.000000
9,-4,-48,-1.2563769e+14,-0.000000
10,-10,-29,-1.2923819e+14,-0.000000
9,-4,-40,-1.30162e+14,-0.000000
9,-9,-13,-1.4349895e+14,-0.000000
8,-7,-38,-1.5184553e+14,-0.000000
10,-8,-22,-1.6068056e+14,-0.000000
7,4,-54,-1.6276859e+14,-0.000000
6,5,-52,-1.7754361e+14,-0.000000
10,-10,-48,-1.8398204e+14,-0.000000
10,1,-54,-1.9135194e+14,-0.000000
10,1,-53,-2.3843656e+14,-0.000000
8,4,-53,-2.6228985e+14,-0.000000
8,6,-55,-2.6628583e+14,-0.000000
10,-7,-10,-3.1366772e+14,-0.000000
10,-8,-25,-3.5860794e+14,-0.000000
10,-10,-18,-3.7973084e+14,-0.000000
10,-9,-20,-4.2077683e+14,-0.000000
10,-9,-19,-5.2753136e+14,-0.000000
10,-10,-21,-7.093483e+14,-0.000000
9,-8,-22,-7.1260501e+14,-0.000000
9,-7,-31,-7.4081095e+14,-0.000000
10,-10,-14,-7.7600152e+14,-0.000000
8,-7,-45,-8.3491269e+14,-0.000000
10,-10,-47,-8.3960897e+14,-0.000000
10,-3,-49,-8.5232773e+14,-0.000000
10,-9,-25,-8.8329461e+14,-0.000000
10,-7,-27,-9.0235237e+14,-0.000000
9,-8,-49,-1.1446114e+15,-0.000000
9,-9,-21,-1.2778491e+15,-0.000000
8,-7,-40,-1.3028331e+15,-0.000000
8,-7,-37,-1.3320402e+15,-0.000000
9,7,-53,-1.5988024e+15,-0.000000
10,-8,-21,-1.8682921e+15,-0.000000
10,-9,-12,-1.9340296e+15,-0.000000
9,-8,-25,-2.061854e+15,-0.000000
10,1,52,-2.1292488e+15,-0.000000
9,-4,-49,-2.2500509e+15,-0.000000
10,5,-55,-2.4764224e+15,-0.000000
10,-7,-48,-2.5145772e+15,-0.000000
10,-3,-48,-2.7202173e+15,-0.000000
10,-10,-17,-2.9089377e+15,-0.000000
10,-5,-48,-3.1132739e+15,-0.000000
10,-2,-47,-3.1436278e+15,-0.000000
10,-5,-54,-3.228742e+15,-0.000000
10,-3,-47,-3.8852884e+15,-0.000000
10,-5,-49,-4.0641625e+15,-0.000000
10,4,-53,-4.0729817e+15,-0.000000
10,-5,-47,-4.3522962e+15,-0.000000
10,-8,-11,-4.9515836e+15,-0.000000
8,-4,-47,-5.1351812e+15,-0.000000
10,3,-54,-5.8892211e+15,-0.000000
10,2,-53,-6.352761e+15,-0.000000
10,-9,-52,-7.0332462e+15,-0.000000
9,-2,-50,-7.0494326e+15,-0.000000
9,-2,-55,-7.4658087e+15,-0.000000
7,5,-55,-8.0291814e+15,-0.000000
9,-4,-50,-8.6912784e+15,-0.000000
9,-9,-20,-8.8117562e+15,-0.000000
10,3,-55,-9.0297873e+15,-0.000000
9,-9,-19,-9.3673945e+15,-0.000000
9,-8,-21,-9.452186e+15,-0.000000
8,-7,-48,-9.6536564e+15,-0.000000
9,-7,-27,-1.0022736e+16,-0.000000
8,-8,-25,-1.0469667e+16,-0.000000
10,-3,-51,-1.1711631e+16,-0.000000
10,-10,-52,-1.2352254e+16,-0.000000
10,2,-52,-1.3488464e+16,-0.000000
9,-9,-25,-1.3965208e+16,-0.000000
10,-9,-49,-1.460154e+16,-0.000000
7,-4,-48,-1.7390727e+16,-0.000000
10,-5,-52,-1.741416e+16,-0.000000
7,4,-55,-1.831402e+16,-0.000000
10,-7,-50,-1.9641408e+16,-0.000000
10,3,-45,-2.1729842e+16,-0.000000
8,-7,-52,-2.1899678e+16,-0.000000
10,-10,-16,-2.2239393e+16,-0.000000
9,-8,-50,-2.2470779e+16,-0.000000
9,-8,-55,-2.630145e+16,-0.000000
7,-6,-53,-2.7186453e+16,-0.000000
9,4,-54,-2.7524401e+16,-0.000000
8,5,-55,-2.9207101e+16,-0.000000
9,-4,-55,-3.0677436e+16,-0.000000
9,5,-55,-3.1816192e+16,-0.000000
10,-3,-54,-3.5199876e+16,-0.000000
9,-2,-54,-4.0760392e+16,-0.000000
9,-8,-11,-4.1682997e+16,-0.000000
10,-9,-53,-4.3054513e+16,-0.000000
9,-2,-53,-4.3103347e+16,-0.000000
10,-4,-47,-4.3211225e+16,-0.000000
10,-9,-55,-4.565197e+16,-0.000000
9,-6,-46,-4.946158e+16,-0.000000
10,-7,-29,-5.09139e+16,-0.000000
10,-10,-13,-5.1031301e+16,-0.000000
10,-3,-50,-5.2828114e+16,-0.000000
9,2,-52,-6.4214286e+16,-0.000000
10,1,55,-6.5007745e+16,-0.000000
10,4,-55,-6.8970588e+16,-0.000000
8,-5,-48,-8.2186947e+16,-0.000000
10,-10,-49,-8.7958118e+16,-0.000000
8,-8,-48,-8.804824e+16,-0.000000
9,-2,-52,-8.8432022e+16,-0.000000
9,-4,-53,-9.5618907e+16,-0.000000
10,-10,-54,-9.6749827e+16,-0.000000
9,4,-55,-9.9910212e+16,-0.000000
8,-7,-50,-1.0134956e+17,-0.000000
8,5,-52,-1.0314228e+17,-0.000000
10,-7,-52,-1.0707004e+17,-0.000000
5,-5,-55,-1.1276954e+17,-0.000000
10,-3,-55,-1.195526e+17,-0.000000
7,-4,-49,-1.4167341e+17,-0.000000
8,-4,-48,-1.4244785e+17,-0.000000
8,-5,-54,-1.5713763e+17,-0.000000
10,-7,-53,-1.6100537e+17,-0.000000
9,-6,-48,-1.6205998e+17,-0.000000
10,-4,-40,-1.7084691e+17,-0.000000
9,-8,-53,-1.8675016e+17,-0.000000
9,-6,-53,-1.8772158e+17,-0.000000
10,-3,-53,-1.9018394e+17,-0.000000
10,4,-54,-1.9146235e+17,-0.000000
8,-8,-49,-1.918755e+17,-0.000000
10,-2,-48,-1.9413385e+17,-0.000000
9,-9,-52,-1.9713991e+17,-0.000000
10,2,-51,-2.1868229e+17,-0.000000
10,-9,-54,-2.1954933e+17,-0.000000
10,-5,-50,-2.4485641e+17,-0.000000
10,-1,-54,-2.5472403e+17,-0.000000
9,-8,-51,-2.6228649e+17,-0.000000
10,-5,-55,-2.7197039e+17,-0.000000
7,-4,-55,-2.7301459e+17,-0.000000
9,-9,-12,-2.8175674e+17,-0.000000
8,-3,-50,-3.0553078e+17,-0.000000
9,2,-54,-3.3779032e+17,-0.000000
10,5,-52,-3.3869916e+17,-0.000000
8,-1,-54,-3.5702338e+17,-0.000000
10,-9,-11,-3.6154872e+17,-0.000000
10,-10,-51,-3.6642738e+17,-0.000000
9,-3,-49,-3.6815712e+17,-0.000000
10,3,-53,-4.1561819e+17,-0.000000
9,-8,-52,-4.1764431e+17,-0.000000
9,-9,-49,-4.2362362e+17,-0.000000
7,-4,-50,-4.3252583e+17,-0.000000
10,-7,-55,-4.4567408e+17,-0.000000
9,-4,-52,-4.5936692e+17,-0.000000
10,-8,-48,-4.6030805e+17,-0.000000
8,-7,-29,-4.6333607e+17,-0.000000
9,-2,-51,-4.7796506e+17,-0.000000
8,1,-53,-5.0067844e+17,-0.000000
9,-5,-47,-5.0446516e+17,-0.000000
9,-8,-47,-5.1657708e+17,-0.000000
9,-2,-49,-5.2056602e+17,-0.000000
8,-3,-54,-5.2586364e+17,-0.000000
8,-7,-49,-5.4186154e+17,-0.000000
8,-7,-27,-5.9837291e+17,-0.000000
9,1,-51,-6.1122175e+17,-0.000000
7,-6,-48,-6.2914449e+17,-0.000000
8,-3,-53,-6.5503815e+17,-0.000000
9,-9,-55,-6.6712255e+17,-0.000000
10,-4,-48,-6.9365028e+17,-0.000000
9,-7,-52,-7.0117758e+17,-0.000000
7,-6,-51,-7.6600348e+17,-0.000000
8,-3,-51,-7.8620628e+17,-0.000000
8,-4,-49,-8.0119177e+17,-0.000000
8,-7,-32,-8.533005e+17,-0.000000
10,-1,-52,-8.6674716e+17,-0.000000
10,-9,-23,-8.752351e+17,-0.000000
8,-8,-50,-9.4787385e+17,-0.000000
10,1,53,-9.6115372e+17,-0.000000
10,-9,-51,-9.990185e+17,-0.000000
8,4,-54,-1.0176281e+18,-0.000000
10,0,-52,-1.0739341e+18,-0.000000
10,0,52,-1.0739341e+18,-0.000000
7,-5,-54,-1.090284e+18,-0.000000
8,-5,-49,-1.0957628e+18,-0.000000
8,-7,-55,-1.1721812e+18,-0.000000
10,-8,-49,-1.1832644e+18,-0.000000
9,-3,-48,-1.2748786e+18,-0.000000
7,-7,-48,-1.2957433e+18,-0.000000
8,-6,-47,-1.3768547e+18,-0.000000
5,-5,-49,-1.4388032e+18,-0.000000
9,3,-54,-1.5073032e+18,-0.000000
10,1,-55,-1.5882402e+18,-0.000000
8,-5,-55,-1.6288591e+18,-0.000000
7,-7,-50,-1.6376309e+18,-0.000000
8,-5,-47,-1.6410009e+18,-0.000000
9,-3,-47,-1.6520723e+18,-0.000000
9,-7,-48,-1.7359297e+18,-0.000000
9,3,-55,-1.7642693e+18,-0.000000
9,-6,-54,-1.7782241e+18,-0.000000
10,3,-52,-1.7977883e+18,-0.000000
8,-7,-10,-1.9632201e+18,-0.000000
10,-4,-49,-2.0012538e+18,-0.000000
10,-5,-51,-2.0672164e+18,-0.000000
7,-7,-49,-2.0820864e+18,-0.000000
8,-4,-55,-2.3280932e+18,-0.000000
9,-7,-29,-2.5855109e+18,-0.000000
9,-7,-50,-2.5993996e+18,-0.000000
8,-4,-50,-2.6302988e+18,-0.000000
7,-4,-52,-2.7417123e+18,-0.000000
6,-5,-55,-2.9086749e+18,-0.000000
10,-2,-50,-2.9991748e+18,-0.000000
10,-10,-53,-3.1946902e+18,-0.000000
9,-6,-51,-3.2057492e+18,-0.000000
8,-2,-50,-3.2073684e+18,-0.000000
8,-2,-53,-3.2806326e+18,-0.000000
8,-8,-55,-3.3116604e+18,-0.000000
10,-10,-12,-3.4452687e+18,-0.000000
10,-2,-52,-3.5672104e+18,-0.000000
7,-7,-52,-3.6535112e+18,-0.000000
10,-7,-49,-3.9488679e+18,-0.000000
9,1,-54,-4.1062826e+18,-0.000000
8,-8,-47,-4.1205462e+18,-0.000000
8,-7,-53,-4.4885652e+18,-0.000000
8,-5,-51,-4.5972463e+18,-0.000000
10,-3,-52,-4.6438435e+18,-0.000000
10,-9,-50,-4.8036881e+18,-0.000000
6,-5,-47,-4.8052875e+18,-0.000000
9,-4,-51,-4.9394093e+18,-0.000000
10,-1,51,-5.0221924e+18,-0.000000
10,-6,-46,-5.0348402e+18,-0.000000
6,-5,-49,-5.0570719e+18,-0.000000
8,-8,-11,-5.0768662e+18,-0.000000
9,-5,-48,-5.6327842e+18,-0.000000
8,-5,-52,-5.7703488e+18,-0.000000
9,1,54,-5.7744163e+18,-0.000000
7,5,-52,-5.8812027e+18,-0.000000
7,-6,-54,-5.8819636e+18,-0.000000
10,2,-54,-6.1263199e+18,-0.000000
10,-1,53,-6.1363603e+18,-0.000000
8,3,-55,-6.496361e+18,-0.000000
9,-9,-53,-6.607167e+18,-0.000000
9,-9,-23,-6.6353592e+18,-0.000000
9,3,-53,-7.645998e+18,-0.000000
8,-5,-50,-8.1406348e+18,-0.000000
8,4,-55,-8.8577558e+18,-0.000000
9,-9,-11,-9.012544e+18,-0.000000
8,-8,-51,-9.2961668e+18,-0.000000
8,-1,-52,-9.6060349e+18,-0.000000
10,-2,-55,-9.9970345e+18,-0.000000
10,-4,-55,-1.0253923e+19,-0.000000
10,-4,-50,-1.0254331e+19,-0.000000
5,4,-50,-1.0741078e+19,-0.000000
10,0,-53,-1.1262734e+19,-0.000000
10,0,53,-1.1262734e+19,-0.000000
9,3,-45,-1.127052e+19,-0.000000
7,-7,-27,-1.1347682e+19,-0.000000
10,-6,-53,-1.141802e+19,-0.000000
10,-2,-54,-1.1990491e+19,-0.000000
8,-2,-55,-1.2277885e+19,-0.000000
6,-4,-48,-1.2546711e+19,-0.000000
7,-4,-53,-1.3589176e+19,-0.000000
8,-2,-52,-1.3590365e+19,-0.000000
7,-6,-55,-1.3603017e+19,-0.000000
9,-9,-51,-1.4211971e+19,-0.000000
9,-5,-54,-1.4258917e+19,-0.000000
9,-6,-55,-1.5366309e+19,-0.000000
9,1,52,-1.6032034e+19,-0.000000
8,-6,-46,-1.6332724e+19,-0.000000
9,-1,-54,-1.6430495e+19,-0.000000
7,-6,-50,-1.6799328e+19,-0.000000
10,-8,-47,-1.9215771e+19,-0.000000
9,-3,-50,-2.1347687e+19,-0.000000
6,-5,-52,-2.1387857e+19,-0.000000
10,-8,-55,-2.2072314e+19,-0.000000
9,-3,-51,-2.466006e+19,-0.000000
10,-1,-55,-2.6148615e+19,-0.000000
8,-7,-51,-2.6681557e+19,-0.000000
7,-3,-51,-2.7407925e+19,-0.000000
10,2,54,-2.7929841e+19,-0.000000
8,-3,-55,-2.9374531e+19,-0.000000
8,-6,-53,-3.011304e+19,-0.000000
8,-2,-54,-3.0934553e+19,-0.000000
6,-5,-50,-3.16927e+19,-0.000000
10,-2,-53,-3.7277862e+19,-0.000000
7,-3,-54,-3.9593287e+19,-0.000000
7,-3,-53,-4.2424429e+19,-0.000000
6,-6,-53,-4.3153451e+19,-0.000000
8,-6,-48,-4.5247104e+19,-0.000000
7,2,-55,-4.5739701e+19,-0.000000
5,-4,-52,-4.643659e+19,-0.000000
9,-9,-54,-4.6674861e+19,-0.000000
10,-8,-50,-5.011505e+19,-0.000000
7,-5,-48,-5.1145493e+19,-0.000000
9,-2,55,-5.1471449e+19,-0.000000
9,5,-52,-5.3513252e+19,-0.000000
7,3,-55,-5.5998229e+19,-0.000000
10,2,53,-5.8223236e+19,-0.000000
7,3,-53,-6.1306525e+19,-0.000000
7,-3,-55,-6.3154426e+19,-0.000000
8,-4,-53,-7.1020136e+19,-0.000000
9,-3,-54,-7.31981e+19,-0.000000
6,-3,-52,-7.3806871e+19,-0.000000
10,0,-49,-7.3999304e+19,-0.000000
10,0,49,-7.3999304e+19,-0.000000
8,2,-54,-7.7581592e+19,-0.000000
5,-5,-52,-8.4147159e+19,-0.000000
8,-4,-52,-8.7430525e+19,-0.000000
10,-8,-51,-9.2348867e+19,-0.000000
9,-3,-55,-1.0217981e+20,-0.000000
9,1,-53,-1.2189497e+20,-0.000000
9,-1,-52,-1.2234766e+20,-0.000000
9,-9,-50,-1.2790714e+20,-0.000000
6,-5,-51,-1.4034906e+20,-0.000000
10,-6,-54,-1.5667327e+20,-0.000000
8,-8,-53,-1.6366524e+20,-0.000000
9,3,-52,-1.6604251e+20,-0.000000
7,-7,-29,-1.7204292e+20,-0.000000
10,-5,-53,-1.7374737e+20,-0.000000
9,-7,-49,-1.8783066e+20,-0.000000
9,2,-55,-1.8815262e+20,-0.000000
9,-3,-53,-1.9024487e+20,-0.000000
8,-7,-54,-1.9317327e+20,-0.000000
10,2,51,-2.2180715e+20,-0.000000
5,-5,-50,-2.4352969e+20,-0.000000
9,-5,-55,-2.5101224e+20,-0.000000
7,-6,-46,-2.5637206e+20,-0.000000
10,-2,-51,-2.5952433e+20,-0.000000
6,-6,-54,-2.7584083e+20,-0.000000
9,-5,-49,-2.9207182e+20,-0.000000
8,-1,-55,-3.1110779e+20,-0.000000
10,-1,-53,-3.1415069e+20,-0.000000
7,-5,-47,-3.1460188e+20,-0.000000
8,-6,-54,-3.1600948e+20,-0.000000
10,-4,-52,-3.6350568e+20,-0.000000
8,0,-55,-3.6503363e+20,-0.000000
8,0,55,-3.6503363e+20,-0.000000
7,3,-52,-3.8017956e+20,-0.000000
7,-7,-55,-4.0673021e+20,-0.000000
10,-4,-53,-4.0932248e+20,-0.000000
10,-2,-49,-4.4089906e+20,-0.000000
10,-8,-53,-4.4217478e+20,-0.000000
7,-5,-55,-4.4457613e+20,-0.000000
7,-7,-32,-5.0549294e+20,-0.000000
9,1,55,-5.12744e+20,-0.000000
7,-4,-51,-5.430376e+20,-0.000000
10,-10,-55,-5.6122663e+20,-0.000000
10,-1,55,-6.6793348e+20,-0.000000
8,-2,-51,-6.7741093e+20,-0.000000
9,-5,-50,-6.9352116e+20,-0.000000
10,-6,-51,-7.0278629e+20,-0.000000
9,-5,-52,-7.1043435e+20,-0.000000
5,-4,-51,-7.6646009e+20,-0.000000
6,-6,-51,-7.8971195e+20,-0.000000
6,-4,-50,-8.1734318e+20,-0.000000
9,-1,53,-8.6860442e+20,-0.000000
8,-6,-51,-8.7750203e+20,-0.000000
7,-7,-53,-1.0108147e+21,-0.000000
9,-5,-51,-1.1666397e+21,-0.000000
8,-2,-49,-1.1673193e+21,-0.000000
7,-2,-49,-1.1887546e+21,-0.000000
9,-4,-54,-1.3130349e+21,-0.000000
8,-6,-50,-1.4142312e+21,-0.000000
10,2,49,-1.4385869e+21,-0.000000
9,-7,-55,-1.4410464e+21,-0.000000
8,-8,-52,-1.4436938e+21,-0.000000
8,-3,-52,-1.516751e+21,-0.000000
7,-5,-52,-1.5570338e+21,-0.000000
9,-1,51,-1.5953066e+21,-0.000000
7,-5,-49,-1.8157154e+21,-0.000000
5,-5,-51,-1.8349445e+21,-0.000000
9,-1,-55,-1.8711831e+21,-0.000000
10,-6,-55,-2.0211566e+21,-0.000000
8,-1,-53,-2.1210272e+21,-0.000000
9,-7,-53,-2.1956992e+21,-0.000000
8,1,-55,-2.2336473e+21,-0.000000
9,4,-50,-2.2388529e+21,-0.000000
7,-5,-50,-2.3056787e+21,-0.000000
6,-2,-51,-2.5888516e+21,-0.000000
10,2,-55,-2.5999648e+21,-0.000000
10,-2,55,-2.8088535e+21,-0.000000
10,1,51,-3.0940536e+21,-0.000000
10,-4,-51,-3.1979742e+21,-0.000000
8,-4,-51,-3.2118577e+21,-0.000000
6,-4,-53,-3.3364021e+21,-0.000000
6,-6,-55,-3.353217e+21,-0.000000
8,-2,55,-3.4078673e+21,-0.000000
7,1,-53,-3.6411641e+21,-0.000000
10,-7,-51,-3.7437475e+21,-0.000000
8,2,-55,-4.6105982e+21,-0.000000
6,2,-55,-4.7778807e+21,-0.000000
7,-4,-54,-5.4759996e+21,-0.000000
6,-5,-53,-5.557681e+21,-0.000000
6,4,-50,-5.9522336e+21,-0.000000
8,-6,-55,-6.2638319e+21,-0.000000
9,0,-55,-7.5141773e+21,-0.000000
9,0,55,-7.5141773e+21,-0.000000
7,4,-50,-7.6084627e+21,-0.000000
10,-7,-54,-8.863144e+21,-0.000000
7,-5,-51,-9.3159651e+21,-0.000000
6,-4,-52,-1.0044762e+22,-0.000000
10,4,54,-1.0288994e+22,-0.000000
6,-6,-46,-1.3152907e+22,-0.000000
9,3,52,-1.4197331e+22,-0.000000
7,-7,-51,-2.134231e+22,-0.000000
5,-3,-52,-2.5125818e+22,-0.000000
9,1,53,-2.9697265e+22,-0.000000
8,-5,-53,-2.9841279e+22,-0.000000
7,-1,-53,-3.0450845e+22,-0.000000
6,-2,-49,-3.711691e+22,-0.000000
9,-1,-53,-4.4176232e+22,-0.000000
8,-4,-54,-5.0456689e+22,-0.000000
9,-3,-52,-6.2123427e+22,-0.000000
10,-8,-52,-7.9106793e+22,-0.000000
10,-1,-51,-8.3106667e+22,-0.000000
9,1,-55,-8.4538656e+22,-0.000000
6,-4,-51,-9.5198763e+22,-0.000000
6,-1,-51,-1.0088176e+23,-0.000000
7,-3,-52,-1.1745437e+23,-0.000000
9,-1,55,-1.5042782e+23,-0.000000
9,-7,-51,-1.6000584e+23,-0.000000
5,-4,-54,-1.7288627e+23,-0.000000
10,4,-50,-1.8052457e+23,-0.000000
7,-6,-52,-2.0515482e+23,-0.000000
8,4,-50,-2.3765261e+23,-0.000000
7,1,-55,-3.3182386e+23,-0.000000
10,0,-55,-3.9287429e+23,-0.000000
10,0,55,-3.9287429e+23,-0.000000
7,-7,-54,-3.964181e+23,-0.000000
9,-6,-52,-4.4194871e+23,-0.000000
6,0,-55,-6.2075302e+23,-0.000000
6,0,55,-6.2075302e+23,-0.000000
10,-4,50,-7.7656558e+23,-0.000000
10,6,52,-1.4499155e+24,-0.000000
9,-7,-54,-1.4516274e+24,-0.000000
10,-4,-54,-1.6603506e+24,-0.000000
6,-6,-52,-1.7655045e+24,-0.000000
5,-5,-53,-3.0570544e+24,-0.000000
8,0,-51,-3.2118279e+24,-0.000000
8,0,51,-3.2118279e+24,-0.000000
9,-8,-54,-4.0677231e+24,-0.000000
5,-1,-51,-4.9370752e+24,-0.000000
9,0,-51,-5.5712722e+24,-0.000000
9,0,51,-5.5712722e+24,-0.000000
9,-5,-53,-6.1561303e+24,-0.000000
8,1,51,-9.6856453e+24,-0.000000
8,-1,-51,-1.4306606e+25,-0.000000
8,-4,50,-1.7453174e+25,-0.000000
10,-6,-52,-2.3381661e+25,-0.000000
6,-4,-54,-2.5552681e+25,-0.000000
5,0,-51,-6.4415961e+25,-0.000000
5,0,51,-6.4415961e+25,-0.000000
7,-5,-53,-6.7645223e+25,-0.000000
8,-6,-52,-7.5398595e+25,-0.000000
6,1,51,-7.6382129e+25,-0.000000
7,0,-51,-1.2514885e+26,-0.000000
7,0,51,-1.2514885e+26,-0.000000
9,1,51,-2.6740033e+26,-0.000000
9,-1,-51,-4.2638727e+26,-0.000000
7,-1,-51,-4.7604034e+26,-0.000000
8,-8,-54,-5.6998846e+26,-0.000000
10,0,-51,-1.1319398e+27,-0.000000
10,0,51,-1.1319398e+27,-0.000000
7,1,51,-3.6031829e+27,-0.000000
10,-8,-54,-3.9771934e+27,-0.000000
6,0,-51,-5.5711703e+27,-0.000000
6,0,51,-5.5711703e+27,-0.000000
