l,m,n,power,fraction_pct
2,-2,3,4.8885915e+45,37.968040
2,-2,2,3.7206684e+45,28.897176
2,-2,4,1.3015516e+45,10.108712
2,-2,1,7.9856284e+44,6.202168
2,-2,-1,5.323818e+44,4.134830
2,-2,5,5.256671e+44,4.082679
2,-2,6,2.5277873e+44,1.963247
2,-2,0,1.6415618e+44,1.274946
3,-3,4,1.5023739e+44,1.166843
2,-2,7,1.3278625e+44,1.031306
2,-2,8,7.3470246e+43,0.570619
2,-2,9,4.2001905e+43,0.326215
3,-3,5,4.0747808e+43,0.316474
3,-3,3,3.9369831e+43,0.305772
2,-1,1,3.1100642e+43,0.241548
2,-2,10,2.4526915e+43,0.190492
2,-2,11,1.4520793e+43,0.112778
3,-3,6,1.4069831e+43,0.109276
2,-1,2,1.3775815e+43,0.106992
3,-3,2,1.1370258e+43,0.088309
2,-2,12,8.670952e+42,0.067344
2,-1,0,8.5456731e+42,0.066371
3,-3,7,7.3136881e+42,0.056803
2,0,-1,6.7734015e+42,0.052607
2,0,1,6.7734015e+42,0.052607
2,-2,-2,5.3014816e+42,0.041175
2,-2,13,5.2030287e+42,0.040410
3,-3,1,4.9082649e+42,0.038121
3,-3,8,4.4659353e+42,0.034685
4,-4,5,3.5775673e+42,0.027786
2,-1,3,3.5217449e+42,0.027352
2,-2,14,3.1287797e+42,0.024300
3,-3,9,2.9408243e+42,0.022840
3,-3,0,2.8919137e+42,0.022461
4,-4,6,2.6591046e+42,0.020652
3,-3,10,2.0103568e+42,0.015614
2,-2,15,1.881753e+42,0.014615
3,-2,3,1.8142138e+42,0.014090
3,-3,11,1.3995223e+42,0.010870
2,-1,4,1.2784198e+42,0.009929
2,-2,16,1.1303613e+42,0.008779
3,-3,-1,1.0408523e+42,0.008084
3,-2,2,9.9029208e+41,0.007691
3,-3,12,9.8172055e+41,0.007625
4,-4,4,7.8343153e+41,0.006085
3,-3,-2,7.4960319e+41,0.005822
3,-3,13,6.8957111e+41,0.005356
2,-2,17,6.775679e+41,0.005262
2,0,-2,6.6054018e+41,0.005130
2,0,2,6.6054018e+41,0.005130
4,-4,7,5.8270654e+41,0.004526
3,-1,0,5.433325e+41,0.004220
2,-1,5,5.4155147e+41,0.004206
2,-2,-3,4.8524001e+41,0.003769
3,-3,14,4.8312825e+41,0.003752
2,-2,18,4.0510261e+41,0.003146
4,-3,4,3.97887e+41,0.003090
3,-2,4,3.7488372e+41,0.002912
3,-3,15,3.3678629e+41,0.002616
4,-4,3,2.5400671e+41,0.001973
2,-1,6,2.5102495e+41,0.001950
4,-4,8,2.4907724e+41,0.001934
3,-1,2,2.4524408e+41,0.001905
2,-2,19,2.4154651e+41,0.001876
3,-3,16,2.3321846e+41,0.001811
5,-5,7,1.9931292e+41,0.001548
3,-2,1,1.9329389e+41,0.001501
2,2,-1,1.6345608e+41,0.001270
3,-3,17,1.6027735e+41,0.001245
3,-2,5,1.4900901e+41,0.001157
2,-2,20,1.43657e+41,0.001116
4,-4,9,1.3870199e+41,0.001077
2,-1,7,1.2323755e+41,0.000957
3,-1,3,1.178305e+41,0.000915
3,-3,18,1.0926397e+41,0.000849
4,-3,5,1.0762654e+41,0.000836
2,0,-3,1.0129733e+41,0.000787
2,0,3,1.0129733e+41,0.000787
4,-4,10,8.8717623e+40,0.000689
3,-1,1,8.5435374e+40,0.000664
4,-4,2,8.5308062e+40,0.000663
2,-2,21,8.5250898e+40,0.000662
4,-3,3,8.4290033e+40,0.000655
2,1,0,7.6421308e+40,0.000594
3,-2,6,7.6216432e+40,0.000592
5,-5,6,7.4900846e+40,0.000582
3,-3,19,7.3882408e+40,0.000574
2,-1,8,6.2863399e+40,0.000488
4,-4,11,6.1793431e+40,0.000480
3,-1,4,5.7634286e+40,0.000448
2,-2,22,5.0504756e+40,0.000392
3,-3,20,4.9563806e+40,0.000385
4,-4,12,4.543568e+40,0.000353
2,-2,-4,4.3943934e+40,0.000341
3,-2,7,4.3560319e+40,0.000338
5,-5,8,3.8138237e+40,0.000296
4,-4,13,3.4539422e+40,0.000268
2,1,1,3.4320791e+40,0.000267
3,-3,21,3.3003169e+40,0.000256
2,-1,9,3.2910581e+40,0.000256
4,-4,1,3.2482805e+40,0.000252
4,-3,6,3.1637309e+40,0.000246
2,-2,23,2.9886429e+40,0.000232
3,-1,5,2.863971e+40,0.000222
3,1,0,2.6830022e+40,0.000208
4,-4,14,2.6750235e+40,0.000208
3,-2,8,2.6397481e+40,0.000205
3,-3,22,2.1827356e+40,0.000170
3,-2,0,2.1401688e+40,0.000166
4,-4,15,2.0890796e+40,0.000162
5,-4,5,2.0063398e+40,0.000156
4,-3,2,1.9419331e+40,0.000151
2,0,-4,1.8970343e+40,0.000147
2,0,4,1.8970343e+40,0.000147
5,-4,6,1.8889499e+40,0.000147
5,-5,5,1.8240948e+40,0.000142
2,-2,24,1.7675886e+40,0.000137
2,-1,10,1.7534313e+40,0.000136
3,-2,9,1.6535525e+40,0.000128
4,-4,16,1.633399e+40,0.000127
2,-1,-2,1.6271057e+40,0.000126
4,-3,7,1.5514447e+40,0.000120
2,1,2,1.5156105e+40,0.000118
2,-1,-1,1.4997663e+40,0.000116
3,-1,6,1.4484064e+40,0.000112
3,-3,23,1.4349614e+40,0.000111
4,-4,0,1.4206828e+40,0.000110
2,2,0,1.312785e+40,0.000102
2,2,1,1.3114e+40,0.000102
2,2,2,1.2983064e+40,0.000101
5,-5,9,1.2761887e+40,0.000099
4,-4,17,1.272424e+40,0.000099
2,-2,-5,1.0806704e+40,0.000084
3,-2,10,1.0556273e+40,0.000082
2,-2,25,1.0454488e+40,0.000081
2,2,3,1.0367858e+40,0.000081
3,-2,-1,1.0218467e+40,0.000079
4,-4,18,9.8443217e+39,0.000076
2,-1,11,9.4496668e+39,0.000073
3,-3,24,9.385101e+39,0.000073
4,-3,8,9.2422846e+39,0.000072
6,-6,8,8.9359731e+39,0.000069
2,-1,-3,8.0726287e+39,0.000063
4,-4,19,7.5489752e+39,0.000059
2,2,4,7.5004482e+39,0.000058
3,-1,7,7.4313489e+39,0.000058
2,1,3,7.1801978e+39,0.000056
4,-4,-1,7.097528e+39,0.000055
8,-8,-2,7.0533999e+39,0.000055
3,-2,11,6.8090557e+39,0.000053
2,2,-2,6.4431842e+39,0.000050
5,-5,10,6.3876751e+39,0.000050
2,-2,26,6.1868197e+39,0.000048
3,-3,25,6.1117968e+39,0.000047
4,-3,9,6.0728157e+39,0.000047
4,-4,-2,5.9997644e+39,0.000047
5,-5,4,5.8513406e+39,0.000045
4,-4,20,5.731333e+39,0.000045
2,2,5,5.1588982e+39,0.000040
2,-1,12,5.1280705e+39,0.000040
3,-2,12,4.4126283e+39,0.000034
4,-4,21,4.3061683e+39,0.000033
4,-3,10,4.2133678e+39,0.000033
4,-3,1,4.0537686e+39,0.000031
3,-3,26,3.9663442e+39,0.000031
3,-1,8,3.8515875e+39,0.000030
2,0,-5,3.8463129e+39,0.000030
2,0,5,3.8463129e+39,0.000030
5,-5,11,3.7472935e+39,0.000029
5,-4,4,3.7002783e+39,0.000029
2,-1,-4,3.6675651e+39,0.000028
2,-2,27,3.6650137e+39,0.000028
2,1,4,3.5844286e+39,0.000028
6,-6,9,3.5812257e+39,0.000028
5,-4,7,3.4834357e+39,0.000027
2,2,6,3.4458048e+39,0.000027
2,-2,-6,3.3067688e+39,0.000026
4,-4,22,3.2019057e+39,0.000025
4,-3,11,3.014555e+39,0.000023
3,-3,-3,2.9409258e+39,0.000023
3,-2,13,2.8620037e+39,0.000022
2,-1,13,2.7926419e+39,0.000022
3,-1,-2,2.6688913e+39,0.000021
3,-3,27,2.5670854e+39,0.000020
5,-5,12,2.4021714e+39,0.000019
4,-4,23,2.3570971e+39,0.000018
2,2,7,2.257859e+39,0.000018
6,-5,7,2.2442608e+39,0.000017
4,-3,12,2.1929059e+39,0.000017
2,-2,28,2.174178e+39,0.000017
3,-1,9,2.008276e+39,0.000016
5,-3,4,1.933161e+39,0.000015
5,-5,3,1.9244123e+39,0.000015
2,1,5,1.8554656e+39,0.000014
3,-2,14,1.8528428e+39,0.000014
6,-6,7,1.8022954e+39,0.000014
4,-4,24,1.718994e+39,0.000013
2,-1,-5,1.6997874e+39,0.000013
3,-3,28,1.6581528e+39,0.000013
5,-5,13,1.6374605e+39,0.000013
4,-3,13,1.607339e+39,0.000012
2,-1,14,1.5222185e+39,0.000012
2,1,-1,1.4596378e+39,0.000011
2,2,8,1.4589242e+39,0.000011
3,1,2,1.4310494e+39,0.000011
5,-4,8,1.3939108e+39,0.000011
3,1,3,1.32875e+39,0.000010
2,-2,29,1.2919927e+39,0.000010
3,0,-1,1.2612525e+39,0.000010
3,0,1,1.2612525e+39,0.000010
4,-4,25,1.2429214e+39,0.000010
3,-2,15,1.1950666e+39,0.000009
4,-3,14,1.1800542e+39,0.000009
5,-5,14,1.17179e+39,0.000009
2,-2,-7,1.1196555e+39,0.000009
3,-3,29,1.0695815e+39,0.000008
4,-4,-3,1.0673218e+39,0.000008
3,-1,10,1.0496163e+39,0.000008
5,-4,3,1.0200443e+39,0.000008
2,1,6,9.848814e+38,0.000008
5,-3,3,9.6486571e+38,0.000007
2,2,9,9.3221508e+38,0.000007
2,1,-2,9.2867941e+38,0.000007
4,-3,0,9.0959811e+38,0.000007
3,1,4,8.9932601e+38,0.000007
4,-4,26,8.917959e+38,0.000007
5,-5,15,8.7343362e+38,0.000007
4,-3,15,8.6429507e+38,0.000007
2,-1,15,8.2890675e+38,0.000006
2,-1,-6,8.1196775e+38,0.000006
6,-6,10,7.9754133e+38,0.000006
2,0,-6,7.7655118e+38,0.000006
2,0,6,7.7655118e+38,0.000006
2,-2,30,7.6925694e+38,0.000006
3,-2,16,7.6699374e+38,0.000006
5,-5,2,7.6047068e+38,0.000006
5,-4,9,7.5318382e+38,0.000006
3,1,-2,7.074509e+38,0.000005
3,-3,30,6.8935516e+38,0.000005
5,-5,16,6.7359997e+38,0.000005
6,-5,6,6.6935997e+38,0.000005
4,-4,27,6.3552148e+38,0.000005
4,-3,16,6.2981413e+38,0.000005
2,2,10,5.899931e+38,0.000005
3,-1,11,5.4811145e+38,0.000004
3,1,5,5.4642078e+38,0.000004
2,2,-3,5.4487967e+38,0.000004
5,-5,17,5.3377755e+38,0.000004
2,1,7,5.3185255e+38,0.000004
3,3,-2,5.2329703e+38,0.000004
6,-6,6,5.1001373e+38,0.000004
5,-3,5,5.0078712e+38,0.000004
3,-2,17,4.8945988e+38,0.000004
5,-4,10,4.6899621e+38,0.000004
6,-4,5,4.6297197e+38,0.000004
2,-2,31,4.589852e+38,0.000004
4,-3,17,4.5580596e+38,0.000004
2,-1,16,4.5030455e+38,0.000003
4,-4,28,4.5021543e+38,0.000003
3,-3,31,4.4413107e+38,0.000003
4,-3,-1,4.3916854e+38,0.000003
5,-5,18,4.3148164e+38,0.000003
6,-5,8,4.2227781e+38,0.000003
2,-2,-8,4.031864e+38,0.000003
2,-1,-7,3.9843272e+38,0.000003
3,1,1,3.8089327e+38,0.000003
7,-7,10,3.7894745e+38,0.000003
2,2,11,3.7023137e+38,0.000003
5,-5,19,3.5329606e+38,0.000003
5,-5,1,3.4756618e+38,0.000003
6,-6,11,3.4567779e+38,0.000003
3,2,-1,3.3259668e+38,0.000003
4,-3,18,3.272597e+38,0.000003
5,-4,11,3.1817204e+38,0.000002
4,-4,29,3.1732022e+38,0.000002
3,1,6,3.1647055e+38,0.000002
3,-2,18,3.1047556e+38,0.000002
5,-3,2,3.052671e+38,0.000002
3,3,-1,2.9987986e+38,0.000002
3,0,-2,2.9910282e+38,0.000002
3,0,2,2.9910282e+38,0.000002
2,1,-3,2.9430887e+38,0.000002
5,-5,20,2.9116041e+38,0.000002
2,1,8,2.9051863e+38,0.000002
3,-3,32,2.8614359e+38,0.000002
3,-1,12,2.8517922e+38,0.000002
2,-2,32,2.7446215e+38,0.000002
6,-4,6,2.558696e+38,0.000002
7,-7,9,2.4839581e+38,0.000002
5,-4,2,2.4719197e+38,0.000002
3,2,1,2.4474104e+38,0.000002
2,-1,17,2.4382663e+38,0.000002
5,-5,21,2.4024514e+38,0.000002
4,-3,19,2.3297605e+38,0.000002
3,3,0,2.3127129e+38,0.000002
2,2,12,2.3053354e+38,0.000002
5,-4,12,2.285988e+38,0.000002
3,2,2,2.252811e+38,0.000002
9,-9,-1,2.2334863e+38,0.000002
4,-4,30,2.2268765e+38,0.000002
3,-1,-4,2.1650166e+38,0.000002
2,-1,-8,1.9977432e+38,0.000002
9,-8,-2,1.9815247e+38,0.000002
5,-5,22,1.9767052e+38,0.000002
3,-2,19,1.9576265e+38,0.000002
6,-6,12,1.8961253e+38,0.000001
3,-3,33,1.8441508e+38,0.000001
3,2,3,1.8322602e+38,0.000001
3,1,7,1.7863212e+38,0.000001
4,-1,2,1.7213096e+38,0.000001
6,-6,5,1.7092558e+38,0.000001
5,-4,13,1.7087227e+38,0.000001
5,-3,6,1.6510676e+38,0.000001
2,-2,33,1.6448916e+38,0.000001
4,-3,20,1.6443037e+38,0.000001
5,-5,23,1.6170893e+38,0.000001
2,1,9,1.5982668e+38,0.000001
3,-1,-5,1.5976219e+38,0.000001
4,-4,31,1.5571042e+38,0.000001
5,-5,0,1.5551629e+38,0.000001
6,-5,5,1.5200091e+38,0.000001
2,-2,-9,1.5134738e+38,0.000001
2,0,-7,1.4970742e+38,0.000001
2,0,7,1.4970742e+38,0.000001
3,2,0,1.4819594e+38,0.000001
3,-1,13,1.4747073e+38,0.000001
3,2,4,1.4260582e+38,0.000001
2,2,13,1.4254015e+38,0.000001
2,-1,18,1.315198e+38,0.000001
5,-5,24,1.3128333e+38,0.000001
5,-4,14,1.3119114e+38,0.000001
3,3,1,1.2970616e+38,0.000001
7,-6,8,1.276474e+38,0.000001
6,-5,9,1.2307735e+38,0.000001
3,-2,20,1.2272921e+38,0.000001
3,-3,34,1.1892e+38,0.000001
3,-1,-3,1.1763446e+38,0.000001
6,-4,4,1.1623431e+38,0.000001
6,-6,13,1.1596069e+38,0.000001
4,-3,21,1.1507862e+38,0.000001
4,2,0,1.1350607e+38,0.000001
4,-4,32,1.0855055e+38,0.000001
3,2,5,1.0815446e+38,0.000001
5,-5,25,1.0565842e+38,0.000001
5,-4,15,1.0245634e+38,0.000001
2,-1,-9,1.0184482e+38,0.000001
2,1,-4,1.0094491e+38,0.000001
3,1,8,9.9166776e+37,0.000001
2,-2,34,9.8799419e+37,0.000001
3,-1,-6,9.7191309e+37,0.000001
2,1,10,8.8262206e+37,0.000001
2,2,14,8.7578432e+37,0.000001
5,-3,1,8.6333771e+37,0.000001
5,-5,26,8.4260931e+37,0.000001
4,0,-2,8.2509716e+37,0.000001
4,0,2,8.2509716e+37,0.000001
4,2,1,8.1316625e+37,0.000001
5,-4,16,8.0778668e+37,0.000001
3,2,6,8.0398335e+37,0.000001
4,-3,22,7.9900037e+37,0.000001
3,0,-3,7.9217162e+37,0.000001
3,0,3,7.9217162e+37,0.000001
4,2,-1,7.91395e+37,0.000001
3,-3,35,7.6743279e+37,0.000001
3,-2,21,7.6540532e+37,0.000001
6,-6,14,7.568601e+37,0.000001
3,-1,14,7.5629102e+37,0.000001
4,-4,33,7.5487907e+37,0.000001
3,3,2,7.5217093e+37,0.000001
7,-5,7,7.2767274e+37,0.000001
4,-1,1,7.2255876e+37,0.000001
5,-5,-1,7.1396508e+37,0.000001
4,-1,3,7.0821065e+37,0.000001
5,-3,7,7.0741517e+37,0.000001
2,-1,19,7.0651063e+37,0.000001
5,-5,27,6.6585843e+37,0.000001
7,-7,11,6.5541585e+37,0.000001
5,-4,17,6.3923992e+37,0.000000
7,-6,9,6.1717345e+37,0.000000
4,0,-3,6.1372671e+37,0.000000
4,0,3,6.1372671e+37,0.000000
10,-8,-2,6.0928888e+37,0.000000
2,-2,35,5.9470922e+37,0.000000
4,0,-1,5.9456995e+37,0.000000
4,0,1,5.9456995e+37,0.000000
3,2,7,5.8730759e+37,0.000000
6,-5,10,5.8694195e+37,0.000000
2,-2,-10,5.8491478e+37,0.000000
6,-4,7,5.8484571e+37,0.000000
6,-6,4,5.7539956e+37,0.000000
3,-1,-7,5.5465221e+37,0.000000
5,-4,1,5.5418137e+37,0.000000
4,-3,23,5.5069648e+37,0.000000
3,1,9,5.43506e+37,0.000000
2,2,15,5.351194e+37,0.000000
2,-1,-10,5.2570483e+37,0.000000
4,-4,34,5.2391728e+37,0.000000
5,-5,28,5.2156768e+37,0.000000
7,-7,8,5.1693522e+37,0.000000
6,-6,15,5.1690472e+37,0.000000
3,3,3,5.0699171e+37,0.000000
5,-4,18,5.0553767e+37,0.000000
3,-3,36,4.956901e+37,0.000000
2,1,11,4.8802644e+37,0.000000
4,-3,-2,4.8278239e+37,0.000000
3,-2,22,4.7514611e+37,0.000000
3,-1,-1,4.7405945e+37,0.000000
6,-5,4,4.5564843e+37,0.000000
3,2,8,4.22217e+37,0.000000
3,3,4,4.1420174e+37,0.000000
5,-5,29,4.0516829e+37,0.000000
5,-4,19,3.9828458e+37,0.000000
2,1,-5,3.8776077e+37,0.000000
4,-1,4,3.8653352e+37,0.000000
3,-1,15,3.8390998e+37,0.000000
3,3,5,3.8012483e+37,0.000000
6,-4,3,3.7940401e+37,0.000000
2,-1,20,3.7794629e+37,0.000000
4,-3,24,3.7705946e+37,0.000000
7,-5,6,3.6558302e+37,0.000000
6,-6,16,3.6556503e+37,0.000000
4,-4,35,3.6305329e+37,0.000000
4,-1,0,3.5938617e+37,0.000000
2,-2,36,3.5870839e+37,0.000000
3,3,6,3.5772069e+37,0.000000
4,2,2,3.5286017e+37,0.000000
2,0,-8,3.4652058e+37,0.000000
2,0,8,3.4652058e+37,0.000000
3,1,-4,3.4463254e+37,0.000000
6,-5,11,3.3580797e+37,0.000000
5,-3,8,3.3423117e+37,0.000000
3,3,7,3.2931715e+37,0.000000
2,2,16,3.2542895e+37,0.000000
2,2,-4,3.2516316e+37,0.000000
3,-3,37,3.2047975e+37,0.000000
5,-5,30,3.1233786e+37,0.000000
5,-4,20,3.119112e+37,0.000000
4,0,-4,3.0977221e+37,0.000000
4,0,4,3.0977221e+37,0.000000
3,-1,-8,3.0854639e+37,0.000000
3,2,9,2.9901507e+37,0.000000
3,1,-3,2.9894232e+37,0.000000
3,1,10,2.9450108e+37,0.000000
3,-2,23,2.9380048e+37,0.000000
3,3,8,2.9215004e+37,0.000000
2,-1,-11,2.738354e+37,0.000000
8,-8,11,2.7206933e+37,0.000000
2,1,12,2.6966111e+37,0.000000
6,-6,17,2.6616875e+37,0.000000
4,-3,25,2.5667295e+37,0.000000
4,-4,36,2.5128061e+37,0.000000
3,3,9,2.4938682e+37,0.000000
6,-4,8,2.4923158e+37,0.000000
3,1,-1,2.4501041e+37,0.000000
5,-4,21,2.4246646e+37,0.000000
5,-5,-2,2.4203807e+37,0.000000
5,-5,31,2.390922e+37,0.000000
2,-2,-11,2.3073564e+37,0.000000
5,-3,-1,2.303358e+37,0.000000
7,-6,7,2.2710099e+37,0.000000
4,-1,5,2.2621231e+37,0.000000
5,-5,-3,2.214921e+37,0.000000
7,-7,12,2.2054043e+37,0.000000
6,-6,3,2.192788e+37,0.000000
2,-2,37,2.1677238e+37,0.000000
3,0,-4,2.1609124e+37,0.000000
3,0,4,2.1609124e+37,0.000000
6,-5,12,2.1192487e+37,0.000000
3,2,10,2.0877907e+37,0.000000
3,-3,38,2.0740892e+37,0.000000
7,-7,-4,2.0597032e+37,0.000000
3,3,10,2.0545098e+37,0.000000
3,1,-5,2.0539357e+37,0.000000
2,-1,21,2.0134452e+37,0.000000
5,-4,0,2.0115711e+37,0.000000
6,-6,18,1.9889905e+37,0.000000
2,2,17,1.9714464e+37,0.000000
3,-1,16,1.925607e+37,0.000000
2,0,-9,1.9242396e+37,0.000000
2,0,9,1.9242396e+37,0.000000
3,-3,-5,1.8890487e+37,0.000000
5,-4,22,1.8694396e+37,0.000000
5,-5,32,1.8186355e+37,0.000000
3,-2,24,1.8108125e+37,0.000000
5,-3,0,1.7877953e+37,0.000000
2,0,-10,1.7862363e+37,0.000000
2,0,10,1.7862363e+37,0.000000
4,-3,26,1.7384621e+37,0.000000
4,-4,37,1.7376651e+37,0.000000
3,-1,-9,1.6966663e+37,0.000000
5,-3,9,1.6408981e+37,0.000000
3,3,11,1.6400409e+37,0.000000
7,-7,7,1.6360266e+37,0.000000
2,1,-6,1.6263781e+37,0.000000
2,0,-11,1.5891553e+37,0.000000
2,0,11,1.5891553e+37,0.000000
3,1,11,1.5781153e+37,0.000000
6,-6,19,1.5229611e+37,0.000000
2,1,13,1.4869286e+37,0.000000
3,2,11,1.4382627e+37,0.000000
4,0,-5,1.4372797e+37,0.000000
4,0,5,1.4372797e+37,0.000000
2,-1,-12,1.4356322e+37,0.000000
5,-4,23,1.4291479e+37,0.000000
6,-5,13,1.4280122e+37,0.000000
5,-5,33,1.3754439e+37,0.000000
4,-1,6,1.3571056e+37,0.000000
6,-4,9,1.3533878e+37,0.000000
3,-3,39,1.3436555e+37,0.000000
9,-9,-4,1.33681e+37,0.000000
7,-5,8,1.3261789e+37,0.000000
2,-2,38,1.3122595e+37,0.000000
4,2,3,1.3026291e+37,0.000000
3,3,12,1.2735781e+37,0.000000
2,0,-12,1.2686882e+37,0.000000
2,0,12,1.2686882e+37,0.000000
6,-4,2,1.2444245e+37,0.000000
4,-4,38,1.2009106e+37,0.000000
6,-6,20,1.1936258e+37,0.000000
2,2,18,1.190718e+37,0.000000
6,-5,3,1.1902029e+37,0.000000
7,-6,10,1.1833509e+37,0.000000
3,-2,-2,1.1810046e+37,0.000000
4,-3,27,1.1724505e+37,0.000000
3,-2,25,1.1132365e+37,0.000000
7,-7,13,1.0885775e+37,0.000000
3,1,-6,1.0884319e+37,0.000000
5,-4,24,1.0833658e+37,0.000000
2,-1,22,1.0682615e+37,0.000000
5,-5,34,1.0349459e+37,0.000000
6,-5,14,1.010985e+37,0.000000
5,-1,1,1.0077611e+37,0.000000
3,2,12,9.7830336e+36,0.000000
3,3,13,9.6554436e+36,0.000000
6,-6,21,9.5637086e+36,0.000000
3,-1,17,9.5276058e+36,0.000000
2,0,-13,9.3233335e+36,0.000000
2,0,13,9.3233335e+36,0.000000
3,-1,-10,9.2733405e+36,0.000000
2,-2,-12,9.2315916e+36,0.000000
8,-6,8,9.1770863e+36,0.000000
7,-5,5,9.1516923e+36,0.000000
6,-6,2,8.892839e+36,0.000000
3,-3,40,8.7128711e+36,0.000000
4,1,0,8.5299567e+36,0.000000
3,1,12,8.3609957e+36,0.000000
4,-4,39,8.2965061e+36,0.000000
6,-4,10,8.2350152e+36,0.000000
4,-1,7,8.2094782e+36,0.000000
2,1,14,8.1741531e+36,0.000000
5,-4,25,8.1460255e+36,0.000000
3,-3,-6,8.1296232e+36,0.000000
5,-3,10,8.1141025e+36,0.000000
8,-7,10,8.1119458e+36,0.000000
2,-2,39,7.9562685e+36,0.000000
4,-3,28,7.8790717e+36,0.000000
6,-6,22,7.8180358e+36,0.000000
5,-5,35,7.7519462e+36,0.000000
2,-1,-13,7.5604412e+36,0.000000
3,3,-3,7.5043117e+36,0.000000
6,-5,15,7.4476147e+36,0.000000
2,1,-7,7.276111e+36,0.000000
8,-8,12,7.2501414e+36,0.000000
2,2,19,7.176083e+36,0.000000
3,3,14,7.1692059e+36,0.000000
10,-9,-1,6.9632152e+36,0.000000
3,-2,26,6.8307836e+36,0.000000
8,-8,10,6.6255455e+36,0.000000
3,2,13,6.5757477e+36,0.000000
6,-6,23,6.5012772e+36,0.000000
4,0,-6,6.4827966e+36,0.000000
4,0,6,6.4827966e+36,0.000000
2,0,-14,6.4606115e+36,0.000000
2,0,14,6.4606115e+36,0.000000
7,-6,6,6.3289029e+36,0.000000
7,-7,14,6.2053887e+36,0.000000
5,-4,26,6.078627e+36,0.000000
3,0,-5,5.8332228e+36,0.000000
3,0,5,5.8332228e+36,0.000000
5,-5,36,5.7828561e+36,0.000000
4,-4,40,5.7306967e+36,0.000000
6,-5,16,5.6689725e+36,0.000000
3,-3,41,5.6546954e+36,0.000000
2,-1,23,5.6449344e+36,0.000000
3,1,-7,5.6433324e+36,0.000000
2,2,-5,5.6382523e+36,0.000000
7,-7,6,5.5172235e+36,0.000000
6,-6,24,5.4787573e+36,0.000000
6,-4,11,5.3162898e+36,0.000000
4,-3,29,5.2794166e+36,0.000000
3,3,15,5.2280608e+36,0.000000
8,-8,-4,5.1519949e+36,0.000000
3,-1,-11,5.0486079e+36,0.000000
4,-1,8,4.9665703e+36,0.000000
2,-2,40,4.8304894e+36,0.000000
5,-4,-1,4.7952922e+36,0.000000
7,-6,11,4.7312472e+36,0.000000
6,-6,25,4.6591561e+36,0.000000
3,-1,18,4.6424177e+36,0.000000
5,-4,27,4.5041755e+36,0.000000
2,1,15,4.4773736e+36,0.000000
6,-5,17,4.4321311e+36,0.000000
3,1,13,4.3776931e+36,0.000000
3,2,14,4.3715866e+36,0.000000
2,2,20,4.3187392e+36,0.000000
5,-5,37,4.2984601e+36,0.000000
2,0,-15,4.2906876e+36,0.000000
2,0,15,4.2906876e+36,0.000000
8,-7,9,4.2868574e+36,0.000000
7,-5,9,4.275435e+36,0.000000
4,2,4,4.1863664e+36,0.000000
3,-2,27,4.1857162e+36,0.000000
2,-1,-14,3.9938505e+36,0.000000
6,-6,26,3.9815614e+36,0.000000
4,-4,41,3.9584143e+36,0.000000
5,-3,11,3.9582625e+36,0.000000
4,4,-2,3.9354586e+36,0.000000
7,-7,15,3.8313617e+36,0.000000
3,3,16,3.7537212e+36,0.000000
2,-2,-13,3.7277897e+36,0.000000
3,-3,42,3.6726236e+36,0.000000
6,-6,1,3.6304217e+36,0.000000
6,-5,18,3.5392772e+36,0.000000
6,-4,12,3.5377821e+36,0.000000
4,-3,30,3.5291988e+36,0.000000
6,-4,1,3.4581289e+36,0.000000
2,1,-8,3.4131564e+36,0.000000
6,-6,27,3.4064297e+36,0.000000
4,1,3,3.3257069e+36,0.000000
5,-4,28,3.3163214e+36,0.000000
3,-3,-7,3.2440571e+36,0.000000
4,1,2,3.2398852e+36,0.000000
7,-5,4,3.1970292e+36,0.000000
5,-5,38,3.1849613e+36,0.000000
8,-6,9,3.1284746e+36,0.000000
6,-5,2,3.0423348e+36,0.000000
5,-1,2,2.9944267e+36,0.000000
4,-1,9,2.9899786e+36,0.000000
2,-1,24,2.9707072e+36,0.000000
2,-2,41,2.9362062e+36,0.000000
3,1,-8,2.9312539e+36,0.000000
6,-6,28,2.9089089e+36,0.000000
3,2,15,2.8772286e+36,0.000000
4,0,-7,2.8762835e+36,0.000000
4,0,7,2.8762835e+36,0.000000
6,-5,19,2.8713693e+36,0.000000
3,2,-2,2.7687168e+36,0.000000
2,0,-16,2.7607437e+36,0.000000
2,0,16,2.7607437e+36,0.000000
3,-1,-12,2.7399074e+36,0.000000
4,-4,42,2.7346261e+36,0.000000
4,1,4,2.6970827e+36,0.000000
3,3,17,2.6594695e+36,0.000000
2,2,21,2.597304e+36,0.000000
3,-2,28,2.5627057e+36,0.000000
4,3,-1,2.5231421e+36,0.000000
7,-7,16,2.5025528e+36,0.000000
7,-6,12,2.4772183e+36,0.000000
6,-6,29,2.4738113e+36,0.000000
5,-4,-2,2.454263e+36,0.000000
2,1,16,2.442929e+36,0.000000
5,-4,29,2.4278038e+36,0.000000
3,-3,43,2.3866625e+36,0.000000
6,-4,13,2.386255e+36,0.000000
6,-5,20,2.3548758e+36,0.000000
4,-3,31,2.3548552e+36,0.000000
5,-5,39,2.3533224e+36,0.000000
3,1,14,2.2639375e+36,0.000000
4,-4,-4,2.2457402e+36,0.000000
3,-1,19,2.2234611e+36,0.000000
5,-2,2,2.2196103e+36,0.000000
2,-1,-15,2.1143509e+36,0.000000
8,-6,7,2.0930527e+36,0.000000
6,-6,30,2.0919058e+36,0.000000
7,-5,10,2.0745529e+36,0.000000
5,1,1,2.0200072e+36,0.000000
3,-3,-4,2.0061608e+36,0.000000
4,1,5,1.9823248e+36,0.000000
7,-6,5,1.9775498e+36,0.000000
6,-5,21,1.9436173e+36,0.000000
4,-4,43,1.8896719e+36,0.000000
3,2,16,1.8766999e+36,0.000000
5,-3,12,1.8725285e+36,0.000000
3,3,18,1.8629027e+36,0.000000
7,-7,5,1.862428e+36,0.000000
2,-2,42,1.7866076e+36,0.000000
4,-1,10,1.784926e+36,0.000000
5,-4,30,1.7683217e+36,0.000000
6,-6,31,1.7573175e+36,0.000000
5,-5,40,1.7345838e+36,0.000000
2,0,-17,1.7338303e+36,0.000000
2,0,17,1.7338303e+36,0.000000
7,-7,17,1.7083518e+36,0.000000
6,-6,0,1.7032906e+36,0.000000
8,-8,9,1.6872523e+36,0.000000
8,-8,13,1.6816836e+36,0.000000
3,0,-6,1.6637003e+36,0.000000
3,0,6,1.6637003e+36,0.000000
2,1,-9,1.6582011e+36,0.000000
6,-4,0,1.6373854e+36,0.000000
6,-4,14,1.6143992e+36,0.000000
6,-5,22,1.6082801e+36,0.000000
5,-2,1,1.6032699e+36,0.000000
5,3,-1,1.5735782e+36,0.000000
4,-3,32,1.5690603e+36,0.000000
3,-2,29,1.5683237e+36,0.000000
2,2,22,1.5619042e+36,0.000000
2,-1,25,1.556663e+36,0.000000
3,-3,44,1.5515477e+36,0.000000
3,1,-9,1.5340392e+36,0.000000
2,-2,-14,1.5133641e+36,0.000000
5,-5,-4,1.5093558e+36,0.000000
3,-1,-13,1.4826311e+36,0.000000
4,4,-1,1.4778361e+36,0.000000
6,-6,32,1.4658337e+36,0.000000
7,-6,13,1.4615974e+36,0.000000
4,4,-3,1.4400959e+36,0.000000
4,1,6,1.3789231e+36,0.000000
8,-7,11,1.3717168e+36,0.000000
3,-3,-8,1.3328492e+36,0.000000
6,-5,23,1.3300805e+36,0.000000
2,1,17,1.3276522e+36,0.000000
2,2,-6,1.3238704e+36,0.000000
4,-4,44,1.3062407e+36,0.000000
5,-2,3,1.3039224e+36,0.000000
3,3,19,1.2924032e+36,0.000000
5,-4,31,1.282207e+36,0.000000
5,-5,41,1.2758029e+36,0.000000
4,3,2,1.2750923e+36,0.000000
4,0,-8,1.2543838e+36,0.000000
4,0,8,1.2543838e+36,0.000000
4,3,3,1.2373343e+36,0.000000
3,2,17,1.214386e+36,0.000000
6,-6,33,1.2139036e+36,0.000000
7,-7,18,1.2087307e+36,0.000000
7,-5,11,1.2001232e+36,0.000000
4,3,0,1.1967818e+36,0.000000
4,3,1,1.1867471e+36,0.000000
4,1,1,1.1818686e+36,0.000000
4,2,5,1.1661224e+36,0.000000
4,3,4,1.1599314e+36,0.000000
3,1,15,1.1557437e+36,0.000000
4,4,0,1.1361443e+36,0.000000
2,-1,-16,1.1211795e+36,0.000000
6,-5,24,1.0968009e+36,0.000000
2,-2,43,1.0881158e+36,0.000000
6,-4,15,1.0880175e+36,0.000000
5,-3,-2,1.0836453e+36,0.000000
4,3,5,1.0769293e+36,0.000000
9,-9,12,1.0732184e+36,0.000000
2,0,-18,1.0685733e+36,0.000000
2,0,18,1.0685733e+36,0.000000
4,-1,11,1.0536706e+36,0.000000
4,-3,33,1.0443951e+36,0.000000
3,-1,20,1.0443306e+36,0.000000
7,-5,3,1.0248325e+36,0.000000
3,-3,45,1.0087789e+36,0.000000
6,-6,34,9.9812843e+35,0.000000
4,3,6,9.9271594e+35,0.000000
4,4,1,9.7110446e+35,0.000000
3,-2,30,9.5967445e+35,0.000000
6,-5,1,9.4071604e+35,0.000000
2,2,23,9.396877e+35,0.000000
5,-5,42,9.3664117e+35,0.000000
7,-6,14,9.2804879e+35,0.000000
5,-4,32,9.2606693e+35,0.000000
4,1,7,9.2401698e+35,0.000000
4,3,7,9.0442376e+35,0.000000
4,-4,45,9.0330076e+35,0.000000
9,-9,13,9.0071805e+35,0.000000
6,-5,25,9.002591e+35,0.000000
4,4,2,8.9746643e+35,0.000000
3,3,20,8.8935896e+35,0.000000
7,-7,19,8.8078272e+35,0.000000
8,-7,8,8.5340312e+35,0.000000
5,-3,13,8.4464767e+35,0.000000
6,-2,3,8.2950892e+35,0.000000
2,1,-10,8.2682574e+35,0.000000
6,-6,35,8.1506657e+35,0.000000
2,-1,26,8.1188591e+35,0.000000
4,3,8,8.1028249e+35,0.000000
3,1,-10,8.0911761e+35,0.000000
4,3,-2,8.0622235e+35,0.000000
3,-1,-14,8.0003282e+35,0.000000
4,4,3,7.9681674e+35,0.000000
3,2,18,7.8039541e+35,0.000000
7,-5,12,7.691654e+35,0.000000
5,1,2,7.503771e+35,0.000000
6,-5,26,7.3468818e+35,0.000000
6,-4,16,7.2705631e+35,0.000000
8,-8,14,7.2055408e+35,0.000000
2,1,18,7.1877106e+35,0.000000
4,3,9,7.1139832e+35,0.000000
3,0,-7,7.0693761e+35,0.000000
3,0,7,7.0693761e+35,0.000000
7,-7,4,7.0107921e+35,0.000000
6,-6,-1,7.0075418e+35,0.000000
4,-3,34,6.9466822e+35,0.000000
5,-5,43,6.8656512e+35,0.000000
8,-6,10,6.8451431e+35,0.000000
9,-7,10,6.7225721e+35,0.000000
5,-4,33,6.6654654e+35,0.000000
2,-2,44,6.6331167e+35,0.000000
6,-6,36,6.6121723e+35,0.000000
4,4,4,6.5924845e+35,0.000000
7,-7,20,6.5769985e+35,0.000000
3,-3,46,6.5579433e+35,0.000000
2,0,-19,6.4890603e+35,0.000000
2,0,19,6.4890603e+35,0.000000
9,-8,11,6.3757085e+35,0.000000
4,-4,46,6.2492044e+35,0.000000
7,-6,15,6.2157726e+35,0.000000
8,-6,6,6.1630549e+35,0.000000
2,-2,-15,6.1566242e+35,0.000000
4,-1,12,6.1360012e+35,0.000000
4,3,10,6.1102432e+35,0.000000
3,3,21,6.0785745e+35,0.000000
4,1,8,6.014574e+35,0.000000
5,-2,0,5.974487e+35,0.000000
6,-5,27,5.9572445e+35,0.000000
2,-1,-17,5.9537905e+35,0.000000
3,-2,31,5.8731702e+35,0.000000
3,1,16,5.8204492e+35,0.000000
8,-8,8,5.6980921e+35,0.000000
3,-3,-9,5.6952563e+35,0.000000
8,8,2,5.6897482e+35,0.000000
2,2,24,5.6585421e+35,0.000000
9,-9,-3,5.574864e+35,0.000000
9,-7,9,5.5522734e+35,0.000000
3,0,-8,5.5060201e+35,0.000000
3,0,8,5.5060201e+35,0.000000
7,-6,4,5.4988483e+35,0.000000
4,0,-9,5.3462962e+35,0.000000
4,0,9,5.3462962e+35,0.000000
8,-8,-3,5.3443737e+35,0.000000
6,-6,37,5.3308959e+35,0.000000
3,0,-9,5.2896297e+35,0.000000
3,0,9,5.2896297e+35,0.000000
7,-5,13,5.2733464e+35,0.000000
3,-2,-3,5.1899674e+35,0.000000
4,4,5,5.1561005e+35,0.000000
4,3,11,5.1323816e+35,0.000000
5,-5,44,5.0259541e+35,0.000000
7,-7,21,5.0133766e+35,0.000000
3,2,19,4.985494e+35,0.000000
3,0,-10,4.8986349e+35,0.000000
3,0,10,4.8986349e+35,0.000000
6,-4,17,4.8016715e+35,0.000000
6,-5,28,4.7980508e+35,0.000000
3,-1,21,4.7957351e+35,0.000000
5,-4,34,4.7831889e+35,0.000000
6,-4,-1,4.7806873e+35,0.000000
7,-4,5,4.7540009e+35,0.000000
4,-3,35,4.6184126e+35,0.000000
5,3,2,4.538291e+35,0.000000
6,-6,-2,4.4968174e+35,0.000000
7,-6,16,4.3426011e+35,0.000000
4,-4,47,4.3251093e+35,0.000000
3,-1,-15,4.3054762e+35,0.000000
6,-2,2,4.3053843e+35,0.000000
5,-2,4,4.2987012e+35,0.000000
3,1,-11,4.2949827e+35,0.000000
5,-1,3,4.281619e+35,0.000000
6,-6,38,4.2729746e+35,0.000000
3,-3,47,4.2614189e+35,0.000000
4,3,12,4.2182582e+35,0.000000
3,0,-11,4.2128827e+35,0.000000
3,0,11,4.2128827e+35,0.000000
2,-1,27,4.2120137e+35,0.000000
2,1,-11,4.2027843e+35,0.000000
5,3,1,4.1389816e+35,0.000000
3,3,22,4.1311397e+35,0.000000
5,3,3,4.1303214e+35,0.000000
8,-7,12,4.1137647e+35,0.000000
2,-2,45,4.0476823e+35,0.000000
4,4,6,3.9368377e+35,0.000000
2,0,-20,3.8950878e+35,0.000000
2,0,20,3.8950878e+35,0.000000
7,-7,22,3.8896766e+35,0.000000
2,1,19,3.8771604e+35,0.000000
6,-5,29,3.8383855e+35,0.000000
4,1,9,3.8187817e+35,0.000000
8,-8,15,3.7943975e+35,0.000000
4,2,9,3.7875096e+35,0.000000
7,-5,14,3.7845821e+35,0.000000
4,2,10,3.6982509e+35,0.000000
2,2,-7,3.6925611e+35,0.000000
5,-5,45,3.675243e+35,0.000000
4,2,6,3.6355474e+35,0.000000
3,-2,32,3.5954933e+35,0.000000
5,3,0,3.5882603e+35,0.000000
5,-3,14,3.5686926e+35,0.000000
4,-1,13,3.5173671e+35,0.000000
5,-4,35,3.4235647e+35,0.000000
2,2,25,3.4117404e+35,0.000000
8,-7,-4,3.4114918e+35,0.000000
6,-6,39,3.4064699e+35,0.000000
3,0,-12,3.3980289e+35,0.000000
3,0,12,3.3980289e+35,0.000000
4,3,13,3.3961225e+35,0.000000
5,3,4,3.3784619e+35,0.000000
4,2,8,3.372932e+35,0.000000
3,-2,-4,3.3028309e+35,0.000000
4,2,11,3.2488421e+35,0.000000
3,2,20,3.1692073e+35,0.000000
2,-1,-18,3.1662035e+35,0.000000
7,-6,17,3.1420279e+35,0.000000
6,-4,18,3.1268413e+35,0.000000
6,-5,0,3.0830975e+35,0.000000
4,-3,36,3.0697683e+35,0.000000
7,-7,23,3.065471e+35,0.000000
4,4,7,3.0586436e+35,0.000000
6,-5,30,3.0504586e+35,0.000000
4,-4,48,2.9945472e+35,0.000000
7,-5,2,2.9226874e+35,0.000000
3,1,17,2.8894329e+35,0.000000
6,-4,-2,2.8760126e+35,0.000000
8,-6,11,2.8536565e+35,0.000000
7,-7,3,2.818361e+35,0.000000
7,-5,15,2.7996396e+35,0.000000
3,3,23,2.7945432e+35,0.000000
3,-3,48,2.7671009e+35,0.000000
4,2,7,2.7450624e+35,0.000000
6,-6,40,2.7020243e+35,0.000000
8,-7,7,2.6977809e+35,0.000000
5,-5,46,2.6852252e+35,0.000000
4,3,14,2.6822012e+35,0.000000
4,2,12,2.6422302e+35,0.000000
5,1,0,2.6269453e+35,0.000000
3,0,-13,2.6056229e+35,0.000000
3,0,13,2.6056229e+35,0.000000
5,3,5,2.5578928e+35,0.000000
7,-4,6,2.5516018e+35,0.000000
3,-3,-10,2.5212973e+35,0.000000
4,4,8,2.5110658e+35,0.000000
2,-2,-16,2.5026966e+35,0.000000
2,-2,46,2.4732765e+35,0.000000
7,-7,24,2.4512264e+35,0.000000
5,-4,36,2.4449513e+35,0.000000
6,-2,4,2.4257659e+35,0.000000
6,-5,31,2.4089922e+35,0.000000
4,1,10,2.3700059e+35,0.000000
7,-6,18,2.3426689e+35,0.000000
2,0,-21,2.3169455e+35,0.000000
2,0,21,2.3169455e+35,0.000000
3,-1,-16,2.3114247e+35,0.000000
3,1,-12,2.2902309e+35,0.000000
4,2,-4,2.2760745e+35,0.000000
5,3,-2,2.2350135e+35,0.000000
4,4,9,2.2108021e+35,0.000000
4,0,-10,2.2070407e+35,0.000000
4,0,10,2.2070407e+35,0.000000
3,-2,33,2.2020532e+35,0.000000
8,-8,16,2.1943132e+35,0.000000
8,-6,5,2.1905231e+35,0.000000
5,-2,5,2.1852961e+35,0.000000
2,-1,28,2.1716035e+35,0.000000
2,1,-12,2.1664763e+35,0.000000
3,-1,22,2.1442359e+35,0.000000
6,-6,41,2.1332632e+35,0.000000
10,-9,-4,2.118661e+35,0.000000
7,-5,16,2.1098817e+35,0.000000
2,1,20,2.0842396e+35,0.000000
4,3,15,2.0813723e+35,0.000000
4,-4,49,2.0739213e+35,0.000000
2,2,26,2.0602659e+35,0.000000
4,4,10,2.0566904e+35,0.000000
3,-2,-5,2.0418581e+35,0.000000
4,-3,37,2.0402919e+35,0.000000
9,-9,11,2.029264e+35,0.000000
4,2,13,2.0278131e+35,0.000000
3,2,21,2.0064183e+35,0.000000
6,-4,19,2.0044738e+35,0.000000
5,2,0,1.9972048e+35,0.000000
7,-7,25,1.9880182e+35,0.000000
4,-1,14,1.9806175e+35,0.000000
4,4,11,1.963131e+35,0.000000
5,-5,47,1.9606191e+35,0.000000
9,-8,12,1.9586691e+35,0.000000
8,-8,7,1.928279e+35,0.000000
8,-7,13,1.9259009e+35,0.000000
3,0,-14,1.9199292e+35,0.000000
3,0,14,1.9199292e+35,0.000000
8,-5,7,1.9014621e+35,0.000000
6,-5,32,1.8910852e+35,0.000000
3,3,24,1.8831856e+35,0.000000
4,4,12,1.8732483e+35,0.000000
5,3,6,1.8173436e+35,0.000000
6,-6,-3,1.8095551e+35,0.000000
3,-3,49,1.7949523e+35,0.000000
7,-6,19,1.7933149e+35,0.000000
4,4,13,1.7585751e+35,0.000000
5,-4,37,1.7427417e+35,0.000000
6,-3,4,1.72724e+35,0.000000
5,-1,0,1.703706e+35,0.000000
5,1,3,1.6959536e+35,0.000000
2,-1,-19,1.6864896e+35,0.000000
6,-6,42,1.6769597e+35,0.000000
7,-7,26,1.6356061e+35,0.000000
4,4,14,1.6121537e+35,0.000000
7,-5,17,1.6054653e+35,0.000000
4,3,16,1.5895548e+35,0.000000
7,-6,3,1.5811374e+35,0.000000
9,-9,14,1.5706222e+35,0.000000
5,-2,6,1.5476189e+35,0.000000
2,-2,47,1.5141221e+35,0.000000
8,-6,12,1.5116268e+35,0.000000
4,2,14,1.4875554e+35,0.000000
6,-5,33,1.4762471e+35,0.000000
4,4,15,1.4400378e+35,0.000000
4,1,11,1.4391193e+35,0.000000
4,-4,50,1.436574e+35,0.000000
5,-5,48,1.4308992e+35,0.000000
3,1,18,1.4125006e+35,0.000000
7,-6,20,1.4052547e+35,0.000000
5,-3,15,1.3932416e+35,0.000000
3,0,-15,1.3701562e+35,0.000000
3,0,15,1.3701562e+35,0.000000
2,0,-22,1.368601e+35,0.000000
2,0,22,1.368601e+35,0.000000
7,-7,27,1.3653527e+35,0.000000
4,-3,38,1.3561624e+35,0.000000
9,-8,10,1.3541628e+35,0.000000
8,-8,17,1.351305e+35,0.000000
3,-2,34,1.3492659e+35,0.000000
6,-6,43,1.3130114e+35,0.000000
3,2,22,1.2660806e+35,0.000000
3,3,25,1.2651208e+35,0.000000
6,-4,20,1.2635397e+35,0.000000
5,-2,7,1.2551703e+35,0.000000
4,4,16,1.2540054e+35,0.000000
2,2,27,1.2463555e+35,0.000000
5,-4,38,1.2402041e+35,0.000000
3,-1,-17,1.2383349e+35,0.000000
7,-5,18,1.2251649e+35,0.000000
7,-4,4,1.22475e+35,0.000000
3,1,-13,1.2245657e+35,0.000000
5,3,7,1.2209464e+35,0.000000
4,3,17,1.1966807e+35,0.000000
3,-3,50,1.1628617e+35,0.000000
9,-7,8,1.1593981e+35,0.000000
7,-7,28,1.1561067e+35,0.000000
2,2,-8,1.1542707e+35,0.000000
7,-7,-5,1.1510743e+35,0.000000
3,-3,-11,1.1496975e+35,0.000000
5,2,1,1.1490442e+35,0.000000
6,-5,34,1.1464385e+35,0.000000
7,-7,2,1.1462242e+35,0.000000
9,-7,11,1.1417458e+35,0.000000
3,-2,-6,1.1412691e+35,0.000000
2,1,-13,1.1280618e+35,0.000000
7,-6,21,1.1241849e+35,0.000000
2,1,21,1.1167917e+35,0.000000
2,-1,29,1.1112492e+35,0.000000
4,-1,15,1.0932907e+35,0.000000
7,-5,1,1.0703456e+35,0.000000
4,4,17,1.066509e+35,0.000000
5,-2,8,1.054928e+35,0.000000
8,-7,14,1.0542782e+35,0.000000
4,2,15,1.052446e+35,0.000000
5,-5,49,1.0440188e+35,0.000000
4,2,-2,1.0438005e+35,0.000000
5,-4,-3,1.0321064e+35,0.000000
6,-5,-1,1.0311098e+35,0.000000
6,-6,44,1.0242809e+35,0.000000
6,-2,5,1.0165678e+35,0.000000
2,-2,-17,1.0138317e+35,0.000000
4,-4,51,9.9509999e+34,0.000000
7,-7,29,9.9187894e+34,0.000000
4,2,-5,9.7914139e+34,0.000000
3,0,-16,9.5260385e+34,0.000000
3,0,16,9.5260385e+34,0.000000
7,-5,19,9.3296721e+34,0.000000
2,-2,48,9.2953721e+34,0.000000
3,-1,23,9.2795037e+34,0.000000
7,-6,22,9.1570049e+34,0.000000
4,-3,39,9.015837e+34,0.000000
8,-6,13,9.002475e+34,0.000000
2,-1,-20,8.9999113e+34,0.000000
8,-5,6,8.9918889e+34,0.000000
10,-8,11,8.9867139e+34,0.000000
6,-3,3,8.9489147e+34,0.000000
4,3,18,8.8948588e+34,0.000000
4,4,18,8.8787813e+34,0.000000
6,-5,35,8.8604382e+34,0.000000
5,-2,9,8.8318775e+34,0.000000
5,-4,39,8.8138257e+34,0.000000
8,-8,18,8.7569855e+34,0.000000
4,0,-11,8.7185285e+34,0.000000
4,0,11,8.7185285e+34,0.000000
10,-10,14,8.6624159e+34,0.000000
5,-1,4,8.6151296e+34,0.000000
7,-7,30,8.6052873e+34,0.000000
8,-7,6,8.5593684e+34,0.000000
4,1,12,8.5525887e+34,0.000000
3,3,26,8.4780547e+34,0.000000
9,-8,-4,8.2904687e+34,0.000000
3,-2,35,8.2709779e+34,0.000000
2,0,-23,8.0414892e+34,0.000000
2,0,23,8.0414892e+34,0.000000
3,2,23,7.9683861e+34,0.000000
6,-6,45,7.9635095e+34,0.000000
5,1,-3,7.9022549e+34,0.000000
6,-4,21,7.8261677e+34,0.000000
5,3,8,7.7884782e+34,0.000000
9,8,2,7.6585595e+34,0.000000
5,-5,50,7.6166774e+34,0.000000
7,-6,23,7.5738959e+34,0.000000
2,2,28,7.5544085e+34,0.000000
7,-7,31,7.5295598e+34,0.000000
3,-3,51,7.5227893e+34,0.000000
5,-2,10,7.2636398e+34,0.000000
4,4,19,7.2523701e+34,0.000000
4,2,16,7.2285828e+34,0.000000
7,-5,20,7.0640888e+34,0.000000
6,-2,0,7.019082e+34,0.000000
8,-6,4,7.002276e+34,0.000000
5,-1,6,6.9569262e+34,0.000000
10,8,2,6.9521998e+34,0.000000
6,-6,-4,6.9358405e+34,0.000000
4,-4,52,6.8915392e+34,0.000000
6,-5,36,6.8176569e+34,0.000000
3,1,19,6.7900507e+34,0.000000
5,-1,7,6.7299679e+34,0.000000
8,-8,6,6.6840304e+34,0.000000
7,-7,32,6.6251537e+34,0.000000
3,-1,-18,6.6235155e+34,0.000000
3,1,-14,6.5553589e+34,0.000000
4,3,19,6.5372618e+34,0.000000
3,0,-17,6.481455e+34,0.000000
3,0,17,6.481455e+34,0.000000
7,-6,24,6.3432308e+34,0.000000
8,-7,15,6.2826686e+34,0.000000
5,-1,5,6.2666869e+34,0.000000
5,-4,40,6.2567648e+34,0.000000
6,-6,46,6.1723225e+34,0.000000
9,-9,10,6.0835558e+34,0.000000
3,-2,-7,6.021844e+34,0.000000
4,-3,40,5.9951696e+34,0.000000
2,1,22,5.9653249e+34,0.000000
8,-8,19,5.9270073e+34,0.000000
2,1,-14,5.9149553e+34,0.000000
4,-1,16,5.9031077e+34,0.000000
7,-7,33,5.8452114e+34,0.000000
5,-2,11,5.8431727e+34,0.000000
4,4,20,5.8251544e+34,0.000000
8,-6,14,5.7768242e+34,0.000000
3,2,-3,5.7659404e+34,0.000000
2,-2,49,5.730315e+34,0.000000
5,-1,8,5.7284987e+34,0.000000
3,3,27,5.6704107e+34,0.000000
2,-1,30,5.6341378e+34,0.000000
5,-5,51,5.5571121e+34,0.000000
9,-9,15,5.3853526e+34,0.000000
3,-3,-12,5.3712949e+34,0.000000
7,-6,25,5.3638688e+34,0.000000
7,-5,21,5.3050992e+34,0.000000
9,-9,0,5.2915969e+34,0.000000
6,-5,37,5.2245007e+34,0.000000
7,-7,34,5.1580171e+34,0.000000
5,-3,16,5.1552062e+34,0.000000
7,-7,1,5.0966507e+34,0.000000
7,-4,7,5.0896348e+34,0.000000
3,-2,36,5.0718686e+34,0.000000
9,-7,-4,5.0540935e+34,0.000000
3,2,24,5.0050489e+34,0.000000
4,1,13,4.9739307e+34,0.000000
7,-6,2,4.9067966e+34,0.000000
3,-3,52,4.8596502e+34,0.000000
4,2,17,4.843921e+34,0.000000
2,-1,-21,4.8131241e+34,0.000000
6,-6,47,4.7705667e+34,0.000000
4,-4,53,4.7704853e+34,0.000000
7,7,4,4.7616144e+34,0.000000
6,-4,22,4.7607414e+34,0.000000
4,3,20,4.757027e+34,0.000000
5,3,9,4.7246455e+34,0.000000
2,0,-24,4.7064814e+34,0.000000
2,0,24,4.7064814e+34,0.000000
6,-2,6,4.6998234e+34,0.000000
5,1,7,4.6581236e+34,0.000000
4,-1,-5,4.617508e+34,0.000000
4,4,21,4.6101389e+34,0.000000
5,-2,12,4.5937065e+34,0.000000
2,2,29,4.5882132e+34,0.000000
7,-6,26,4.566568e+34,0.000000
7,-7,35,4.543037e+34,0.000000
6,-5,-2,4.5403283e+34,0.000000
5,-1,9,4.4737562e+34,0.000000
5,2,2,4.4377215e+34,0.000000
5,-4,41,4.4375445e+34,0.000000
5,1,8,4.3400281e+34,0.000000
3,0,-18,4.3312967e+34,0.000000
3,0,18,4.3312967e+34,0.000000
7,-4,3,4.2454295e+34,0.000000
4,1,-2,4.2312981e+34,0.000000
5,1,6,4.1940757e+34,0.000000
8,-8,20,4.1631893e+34,0.000000
10,-10,3,4.103008e+34,0.000000
7,-5,0,4.0932286e+34,0.000000
2,-2,-18,4.0814238e+34,0.000000
4,-1,-4,4.0689444e+34,0.000000
5,-5,52,4.055276e+34,0.000000
4,-1,-6,4.0255807e+34,0.000000
9,-8,13,4.0167895e+34,0.000000
4,-3,-3,4.0097565e+34,0.000000
9,-6,8,4.0092308e+34,0.000000
6,-5,38,3.9886789e+34,0.000000
4,-3,41,3.987565e+34,0.000000
7,-7,36,3.9875571e+34,0.000000
8,-7,16,3.9794314e+34,0.000000
9,9,1,3.9736911e+34,0.000000
7,-7,-3,3.9511973e+34,0.000000
7,-5,22,3.9454865e+34,0.000000
8,-6,15,3.916796e+34,0.000000
2,2,-9,3.9086784e+34,0.000000
7,-6,27,3.90376e+34,0.000000
4,2,-6,3.8885412e+34,0.000000
9,-7,7,3.8873639e+34,0.000000
3,-1,24,3.853882e+34,0.000000
3,3,28,3.7868758e+34,0.000000
9,-7,12,3.7369182e+34,0.000000
5,1,4,3.6956955e+34,0.000000
6,-6,48,3.6777549e+34,0.000000
6,-3,5,3.6413199e+34,0.000000
5,1,9,3.6081329e+34,0.000000
4,4,22,3.6014951e+34,0.000000
3,3,-5,3.5755451e+34,0.000000
2,-2,50,3.5539758e+34,0.000000
3,-1,-19,3.5387054e+34,0.000000
5,-2,13,3.5306341e+34,0.000000
3,1,-15,3.5090782e+34,0.000000
5,2,-1,3.5008389e+34,0.000000
7,-7,37,3.4839881e+34,0.000000
9,-8,9,3.4758634e+34,0.000000
4,3,21,3.4315475e+34,0.000000
4,1,-4,3.3655153e+34,0.000000
7,-6,28,3.3428387e+34,0.000000
4,-4,54,3.2996598e+34,0.000000
5,-1,10,3.2906729e+34,0.000000
4,0,-12,3.2442324e+34,0.000000
4,0,12,3.2442324e+34,0.000000
6,-3,2,3.2309802e+34,0.000000
8,-5,8,3.2264482e+34,0.000000
3,1,20,3.2032913e+34,0.000000
4,2,18,3.1792897e+34,0.000000
2,1,23,3.1763713e+34,0.000000
5,-4,42,3.1450533e+34,0.000000
3,2,25,3.1390378e+34,0.000000
3,-3,53,3.1356483e+34,0.000000
2,1,-15,3.1161725e+34,0.000000
4,-1,-7,3.1115191e+34,0.000000
3,-2,37,3.110763e+34,0.000000
4,-1,17,3.1102007e+34,0.000000
10,-10,13,3.100114e+34,0.000000
3,-2,-8,3.0699168e+34,0.000000
5,1,5,3.0424682e+34,0.000000
6,-5,39,3.0347551e+34,0.000000
7,-7,38,3.0278321e+34,0.000000
8,-8,21,3.0181452e+34,0.000000
4,1,-5,2.9964217e+34,0.000000
5,-5,53,2.9602777e+34,0.000000
5,5,-3,2.9128214e+34,0.000000
7,-5,23,2.9034353e+34,0.000000
7,-6,29,2.8615512e+34,0.000000
7,-7,0,2.854492e+34,0.000000
3,0,-19,2.8512965e+34,0.000000
3,0,19,2.8512965e+34,0.000000
6,-4,23,2.843322e+34,0.000000
6,2,0,2.8359042e+34,0.000000
4,1,14,2.8295415e+34,0.000000
6,-6,49,2.8287707e+34,0.000000
2,-1,31,2.8236674e+34,0.000000
2,2,30,2.79251e+34,0.000000
4,4,23,2.7816566e+34,0.000000
8,-6,16,2.775235e+34,0.000000
4,-1,-2,2.7750963e+34,0.000000
5,1,10,2.7746393e+34,0.000000
10,-9,13,2.7680672e+34,0.000000
9,-9,-5,2.7651036e+34,0.000000
2,0,-25,2.7469094e+34,0.000000
2,0,25,2.7469094e+34,0.000000
5,3,10,2.7234024e+34,0.000000
10,-9,12,2.7076344e+34,0.000000
6,-2,1,2.6620914e+34,0.000000
5,-2,14,2.6548774e+34,0.000000
4,-3,42,2.652883e+34,0.000000
8,-7,17,2.6473272e+34,0.000000
7,-7,39,2.616245e+34,0.000000
9,-9,16,2.5904262e+34,0.000000
2,-1,-22,2.5803097e+34,0.000000
8,-8,5,2.575406e+34,0.000000
3,-3,-13,2.5599346e+34,0.000000
5,1,-4,2.5362536e+34,0.000000
10,-8,10,2.5345738e+34,0.000000
3,3,29,2.5261567e+34,0.000000
8,-7,5,2.5235999e+34,0.000000
8,-8,-5,2.5073994e+34,0.000000
4,3,22,2.4566047e+34,0.000000
7,-6,30,2.4447184e+34,0.000000
8,-5,5,2.3152901e+34,0.000000
5,-1,11,2.3148864e+34,0.000000
6,-5,40,2.3017359e+34,0.000000
4,-4,55,2.2796954e+34,0.000000
8,-8,22,2.2484709e+34,0.000000
4,-1,-8,2.2480994e+34,0.000000
7,-7,40,2.2470917e+34,0.000000
4,1,-6,2.2463476e+34,0.000000
3,2,-4,2.2370642e+34,0.000000
5,-4,43,2.2278333e+34,0.000000
2,-2,51,2.2230201e+34,0.000000
6,-2,7,2.2049351e+34,0.000000
10,-8,12,2.1960632e+34,0.000000
5,-3,17,2.19125e+34,0.000000
8,-6,3,2.1818088e+34,0.000000
6,-6,50,2.1713159e+34,0.000000
5,-5,54,2.1618656e+34,0.000000
9,9,4,2.1388861e+34,0.000000
4,4,24,2.1270571e+34,0.000000
9,-9,9,2.1178995e+34,0.000000
7,-5,24,2.1135276e+34,0.000000
4,1,-3,2.1014753e+34,0.000000
7,-6,31,2.0818739e+34,0.000000
4,2,19,2.0502927e+34,0.000000
8,-6,17,2.0393711e+34,0.000000
3,-3,54,2.0223806e+34,0.000000
5,1,11,2.015141e+34,0.000000
7,-4,8,2.0002734e+34,0.000000
5,-2,-1,1.9992198e+34,0.000000
3,2,26,1.9666207e+34,0.000000
5,-2,15,1.9548645e+34,0.000000
5,4,-2,1.9306252e+34,0.000000
7,-7,41,1.9183801e+34,0.000000
3,-2,38,1.9079366e+34,0.000000
10,-8,-4,1.8993264e+34,0.000000
3,-1,-20,1.8893943e+34,0.000000
3,1,-16,1.8767027e+34,0.000000
10,-10,15,1.8590314e+34,0.000000
3,0,-20,1.8536953e+34,0.000000
3,0,20,1.8536953e+34,0.000000
8,-7,18,1.8346921e+34,0.000000
5,5,-2,1.8238097e+34,0.000000
9,-7,13,1.7935566e+34,0.000000
7,-6,32,1.7655825e+34,0.000000
4,-3,43,1.7652577e+34,0.000000
4,3,23,1.7470044e+34,0.000000
6,-5,41,1.7407793e+34,0.000000
7,-7,-2,1.7366553e+34,0.000000
8,-8,23,1.7157337e+34,0.000000
5,-3,20,1.7120284e+34,0.000000
5,-3,21,1.7116399e+34,0.000000
2,2,31,1.703172e+34,0.000000
5,2,3,1.6908778e+34,0.000000
2,1,24,1.6857739e+34,0.000000
3,3,30,1.6838017e+34,0.000000
6,-4,24,1.6667963e+34,0.000000
6,-6,51,1.6636614e+34,0.000000
2,1,-16,1.6467744e+34,0.000000
7,-7,42,1.6279698e+34,0.000000
2,-2,-19,1.6278635e+34,0.000000
4,4,25,1.6122607e+34,0.000000
9,-8,14,1.6067095e+34,0.000000
2,0,-26,1.6001874e+34,0.000000
2,0,26,1.6001874e+34,0.000000
4,2,-7,1.5959992e+34,0.000000
4,-1,18,1.5944902e+34,0.000000
5,-3,19,1.5886112e+34,0.000000
5,-5,55,1.5795786e+34,0.000000
5,-3,22,1.5786312e+34,0.000000
5,-4,44,1.5775247e+34,0.000000
4,1,15,1.5733769e+34,0.000000
5,-1,12,1.5718062e+34,0.000000
4,1,-7,1.5667753e+34,0.000000
4,-1,-9,1.5553488e+34,0.000000
7,-5,-1,1.5479957e+34,0.000000
8,-6,18,1.5444509e+34,0.000000
5,0,-3,1.5358431e+34,0.000000
5,0,3,1.5358431e+34,0.000000
5,-3,18,1.5348082e+34,0.000000
3,-2,-9,1.5286842e+34,0.000000
7,-5,25,1.5221333e+34,0.000000
3,-1,25,1.5169252e+34,0.000000
4,-1,-3,1.5146605e+34,0.000000
7,-6,33,1.4902811e+34,0.000000
5,3,11,1.4869681e+34,0.000000
3,1,21,1.4788132e+34,0.000000
7,-6,1,1.4492285e+34,0.000000
5,5,-1,1.4397725e+34,0.000000
9,-6,9,1.4378937e+34,0.000000
5,-2,16,1.4107996e+34,0.000000
5,0,-2,1.4075455e+34,0.000000
5,0,2,1.4075455e+34,0.000000
2,-2,52,1.4065811e+34,0.000000
9,-9,17,1.402938e+34,0.000000
2,2,-10,1.4022986e+34,0.000000
5,1,12,1.3999054e+34,0.000000
2,-1,32,1.3944529e+34,0.000000
2,-1,-23,1.3870095e+34,0.000000
9,-7,6,1.3833577e+34,0.000000
4,-2,2,1.3783515e+34,0.000000
7,-7,43,1.3734618e+34,0.000000
5,-3,23,1.362148e+34,0.000000
7,-4,2,1.3419722e+34,0.000000
8,-8,24,1.3374174e+34,0.000000
5,4,0,1.327482e+34,0.000000
8,-7,19,1.3162278e+34,0.000000
6,-5,42,1.3131082e+34,0.000000
3,-3,55,1.3056662e+34,0.000000
4,2,20,1.3024589e+34,0.000000
5,4,2,1.2816477e+34,0.000000
5,4,3,1.276044e+34,0.000000
6,-6,52,1.2727084e+34,0.000000
8,8,4,1.2653017e+34,0.000000
7,-6,34,1.2515169e+34,0.000000
5,5,0,1.2436904e+34,0.000000
3,-3,-14,1.2404366e+34,0.000000
4,3,24,1.2352041e+34,0.000000
3,2,27,1.2312133e+34,0.000000
5,-1,-3,1.2202202e+34,0.000000
4,4,26,1.2126331e+34,0.000000
5,4,1,1.2091547e+34,0.000000
5,4,4,1.2077846e+34,0.000000
8,-6,19,1.1982691e+34,0.000000
3,0,-21,1.1927254e+34,0.000000
3,0,21,1.1927254e+34,0.000000
5,4,-1,1.1921564e+34,0.000000
6,4,-2,1.1884376e+34,0.000000
4,-3,44,1.174722e+34,0.000000
3,-2,39,1.1698882e+34,0.000000
9,-8,8,1.1692534e+34,0.000000
10,-9,-3,1.1547289e+34,0.000000
7,-7,44,1.1522027e+34,0.000000
9,-8,-3,1.1315633e+34,0.000000
6,-3,6,1.1296837e+34,0.000000
3,3,31,1.1217331e+34,0.000000
4,0,-13,1.1168675e+34,0.000000
4,0,13,1.1168675e+34,0.000000
5,-4,45,1.116787e+34,0.000000
5,-3,24,1.1149615e+34,0.000000
5,4,5,1.110996e+34,0.000000
5,0,-4,1.0886952e+34,0.000000
5,0,4,1.0886952e+34,0.000000
4,4,-4,1.088395e+34,0.000000
7,-5,26,1.0850357e+34,0.000000
8,-8,4,1.0824598e+34,0.000000
8,-8,25,1.0621196e+34,0.000000
5,5,1,1.0544554e+34,0.000000
4,1,-8,1.0525142e+34,0.000000
7,-6,35,1.0454771e+34,0.000000
4,-1,-10,1.0433478e+34,0.000000
2,2,32,1.0409329e+34,0.000000
5,-1,13,1.0360625e+34,0.000000
6,-3,1,1.0350531e+34,0.000000
7,-4,9,1.0312229e+34,0.000000
6,-2,8,1.0126877e+34,0.000000
3,-1,-21,1.008621e+34,0.000000
5,4,6,1.0079678e+34,0.000000
3,1,-17,1.0022459e+34,0.000000
9,-7,14,9.9937404e+33,0.000000
5,-2,17,9.9885673e+33,0.000000
6,-5,43,9.8817136e+33,0.000000
8,-7,20,9.7260045e+33,0.000000
6,-6,53,9.7234364e+33,0.000000
7,-7,45,9.6134895e+33,0.000000
6,-5,-3,9.6052598e+33,0.000000
6,-4,25,9.5871909e+33,0.000000
7,-7,-1,9.5731049e+33,0.000000
8,-5,9,9.4910795e+33,0.000000
3,2,-5,9.4795677e+33,0.000000
8,-6,20,9.4694666e+33,0.000000
5,1,13,9.3790627e+33,0.000000
2,0,-27,9.3106932e+33,0.000000
2,0,27,9.3106932e+33,0.000000
3,3,-6,9.3064388e+33,0.000000
5,4,7,9.1430065e+33,0.000000
4,-2,1,9.1345807e+33,0.000000
4,4,27,9.0585819e+33,0.000000
5,5,2,9.043719e+33,0.000000
2,-2,53,9.0328344e+33,0.000000
6,4,-1,8.9990305e+33,0.000000
2,1,25,8.9145528e+33,0.000000
9,-6,7,8.8837922e+33,0.000000
5,-3,25,8.752132e+33,0.000000
2,1,-17,8.719959e+33,0.000000
4,3,25,8.6895311e+33,0.000000
7,-6,36,8.6872268e+33,0.000000
4,-4,-6,8.6156667e+33,0.000000
8,-8,26,8.5679695e+33,0.000000
4,1,16,8.5425178e+33,0.000000
7,-5,-2,8.5137234e+33,0.000000
5,4,8,8.3787341e+33,0.000000
8,-5,4,8.3231958e+33,0.000000
4,2,21,8.1673944e+33,0.000000
9,-9,18,8.1403695e+33,0.000000
9,-8,15,8.1086016e+33,0.000000
8,-7,4,8.074863e+33,0.000000
6,2,3,8.0390212e+33,0.000000
7,-7,46,7.979562e+33,0.000000
4,2,-3,7.9738973e+33,0.000000
4,-1,19,7.9258274e+33,0.000000
5,-4,46,7.905314e+33,0.000000
6,4,0,7.8896164e+33,0.000000
5,5,3,7.8363851e+33,0.000000
4,-3,45,7.8169371e+33,0.000000
5,4,9,7.7920238e+33,0.000000
8,-6,2,7.787163e+33,0.000000
3,2,28,7.7047362e+33,0.000000
7,-5,27,7.6606924e+33,0.000000
5,3,12,7.643573e+33,0.000000
3,0,-22,7.6094368e+33,0.000000
3,0,22,7.6094368e+33,0.000000
8,-6,21,7.5802632e+33,0.000000
2,-1,-24,7.4771254e+33,0.000000
3,-2,-10,7.4714851e+33,0.000000
3,3,32,7.4705572e+33,0.000000
5,2,4,7.4392553e+33,0.000000
6,-6,54,7.420661e+33,0.000000
6,-5,44,7.4206238e+33,0.000000
8,-7,21,7.3734738e+33,0.000000
5,4,10,7.3383884e+33,0.000000
8,7,4,7.2664941e+33,0.000000
9,-9,8,7.2308396e+33,0.000000
6,2,4,7.1906819e+33,0.000000
7,-6,37,7.1805571e+33,0.000000
3,-2,40,7.169182e+33,0.000000
5,5,4,7.0548708e+33,0.000000
10,-10,12,7.0360677e+33,0.000000
8,-8,27,6.9991695e+33,0.000000
7,-6,0,6.9843624e+33,0.000000
5,4,11,6.9533732e+33,0.000000
5,-2,18,6.9448977e+33,0.000000
4,1,-9,6.9090394e+33,0.000000
4,-1,-11,6.83432e+33,0.000000
4,2,-8,6.8211671e+33,0.000000
10,-10,-1,6.7989815e+33,0.000000
2,-1,33,6.7567861e+33,0.000000
4,4,28,6.7262902e+33,0.000000
5,0,-5,6.7213428e+33,0.000000
5,0,5,6.7213428e+33,0.000000
5,-1,14,6.6545708e+33,0.000000
3,1,22,6.6532429e+33,0.000000
5,-3,26,6.6430352e+33,0.000000
5,5,5,6.6325528e+33,0.000000
7,-7,47,6.5907223e+33,0.000000
5,4,12,6.5768414e+33,0.000000
10,-8,9,6.538211e+33,0.000000
5,2,9,6.5188364e+33,0.000000
5,2,8,6.4801998e+33,0.000000
5,1,-5,6.4103279e+33,0.000000
2,-2,-20,6.4097433e+33,0.000000
2,2,33,6.374708e+33,0.000000
5,5,6,6.3066926e+33,0.000000
5,4,13,6.1671653e+33,0.000000
5,2,10,6.1208424e+33,0.000000
8,-6,22,6.115391e+33,0.000000
10,-10,1,6.1015218e+33,0.000000
3,-3,-15,6.0955691e+33,0.000000
5,1,14,6.0944825e+33,0.000000
4,3,26,6.0862947e+33,0.000000
7,-3,4,6.0723276e+33,0.000000
7,-4,10,6.0678734e+33,0.000000
9,-7,15,6.0572306e+33,0.000000
6,2,2,6.0202389e+33,0.000000
5,2,7,5.9703949e+33,0.000000
6,-4,-3,5.9526933e+33,0.000000
6,4,1,5.932434e+33,0.000000
2,-2,54,5.9066552e+33,0.000000
7,-6,38,5.9046754e+33,0.000000
5,5,7,5.870962e+33,0.000000
4,-2,3,5.8425939e+33,0.000000
8,-8,28,5.7744804e+33,0.000000
8,-7,22,5.7172579e+33,0.000000
5,4,14,5.7055217e+33,0.000000
6,-6,55,5.6585185e+33,0.000000
5,-4,47,5.5958738e+33,0.000000
6,-5,45,5.5618907e+33,0.000000
3,-1,26,5.5583075e+33,0.000000
6,-6,-6,5.5316547e+33,0.000000
5,2,11,5.4235478e+33,0.000000
7,-7,48,5.4181927e+33,0.000000
2,0,-28,5.4139103e+33,0.000000
2,0,28,5.4139103e+33,0.000000
5,-1,-4,5.4111767e+33,0.000000
6,-4,26,5.4077606e+33,0.000000
3,-1,-22,5.3856879e+33,0.000000
7,-5,28,5.3612133e+33,0.000000
3,1,-18,5.3435561e+33,0.000000
6,2,5,5.3005418e+33,0.000000
5,5,8,5.2667735e+33,0.000000
2,2,-11,5.2473992e+33,0.000000
5,2,6,5.2250165e+33,0.000000
4,-3,46,5.2003125e+33,0.000000
5,4,15,5.1929729e+33,0.000000
6,4,2,5.1398472e+33,0.000000
4,2,22,5.0642929e+33,0.000000
5,2,5,5.0546781e+33,0.000000
10,-8,13,5.0253999e+33,0.000000
9,-9,19,4.995774e+33,0.000000
3,3,33,4.9746303e+33,0.000000
4,4,29,4.9679846e+33,0.000000
8,-6,23,4.9501545e+33,0.000000
5,-3,27,4.9061688e+33,0.000000
10,-9,11,4.8574256e+33,0.000000
7,-6,39,4.8313089e+33,0.000000
3,0,-23,4.8213098e+33,0.000000
3,0,23,4.8213098e+33,0.000000
3,2,29,4.8204807e+33,0.000000
8,-8,29,4.802623e+33,0.000000
6,-3,7,4.802071e+33,0.000000
5,-2,19,4.7469526e+33,0.000000
2,1,26,4.6946817e+33,0.000000
8,-8,3,4.6748347e+33,0.000000
10,-9,14,4.6639156e+33,0.000000
5,4,16,4.6443527e+33,0.000000
2,1,-18,4.6235964e+33,0.000000
10,-7,10,4.6159883e+33,0.000000
5,2,12,4.5783792e+33,0.000000
5,5,9,4.5712954e+33,0.000000
10,-10,16,4.5668378e+33,0.000000
9,-9,-2,4.5515365e+33,0.000000
8,-7,23,4.5221005e+33,0.000000
4,1,17,4.52178e+33,0.000000
9,-8,16,4.5214202e+33,0.000000
9,-7,5,4.4927877e+33,0.000000
6,-2,9,4.4635962e+33,0.000000
4,1,-10,4.4614224e+33,0.000000
7,-7,49,4.4346003e+33,0.000000
3,3,-4,4.4243422e+33,0.000000
4,-1,-12,4.3905532e+33,0.000000
6,4,3,4.3894697e+33,0.000000
3,-2,41,4.3891413e+33,0.000000
8,-5,10,4.3769375e+33,0.000000
4,3,-3,4.3163365e+33,0.000000
4,3,27,4.2467698e+33,0.000000
4,-4,-7,4.2206857e+33,0.000000
9,-9,1,4.1983993e+33,0.000000
5,-1,15,4.1756581e+33,0.000000
6,-5,46,4.1617184e+33,0.000000
10,9,1,4.097024e+33,0.000000
5,4,17,4.0810982e+33,0.000000
2,-1,-25,4.0429334e+33,0.000000
3,2,-6,4.0244201e+33,0.000000
8,-8,30,4.0235271e+33,0.000000
8,-6,24,4.005675e+33,0.000000
5,-4,48,3.961435e+33,0.000000
2,-2,55,3.9433403e+33,0.000000
7,-6,40,3.9341125e+33,0.000000
2,2,34,3.911386e+33,0.000000
9,-7,16,3.8932838e+33,0.000000
5,1,15,3.8565854e+33,0.000000
5,0,-6,3.855374e+33,0.000000
5,0,6,3.855374e+33,0.000000
7,-4,11,3.8390609e+33,0.000000
5,5,10,3.8236985e+33,0.000000
4,-1,20,3.8027214e+33,0.000000
6,4,4,3.7956213e+33,0.000000
5,5,-4,3.7890255e+33,0.000000
9,-8,7,3.7440629e+33,0.000000
7,-5,29,3.7221372e+33,0.000000
5,2,13,3.7098447e+33,0.000000
5,3,13,3.6624805e+33,0.000000
4,4,30,3.6520934e+33,0.000000
8,-7,24,3.6402089e+33,0.000000
7,-7,50,3.6144554e+33,0.000000
3,-2,-11,3.5905984e+33,0.000000
5,-3,28,3.5427923e+33,0.000000
4,0,-14,3.5403699e+33,0.000000
4,0,14,3.5403699e+33,0.000000
5,4,18,3.5255678e+33,0.000000
10,-7,9,3.4592305e+33,0.000000
4,-3,47,3.457868e+33,0.000000
6,2,6,3.449062e+33,0.000000
6,4,5,3.4056019e+33,0.000000
8,-8,31,3.3961611e+33,0.000000
4,1,-1,3.3716696e+33,0.000000
5,5,11,3.318336e+33,0.000000
3,3,34,3.312659e+33,0.000000
8,-6,25,3.2311501e+33,0.000000
9,-9,20,3.2237716e+33,0.000000
2,-1,34,3.1933296e+33,0.000000
5,-2,20,3.1932609e+33,0.000000
7,-6,41,3.1888318e+33,0.000000
10,-10,-2,3.1658402e+33,0.000000
2,0,-29,3.1472264e+33,0.000000
2,0,29,3.1472264e+33,0.000000
6,4,6,3.1463149e+33,0.000000
6,-5,47,3.1094457e+33,0.000000
4,2,23,3.1093969e+33,0.000000
4,-2,0,3.1079511e+33,0.000000
10,-10,-5,3.1024977e+33,0.000000
3,0,-24,3.0378666e+33,0.000000
3,0,24,3.0378666e+33,0.000000
3,-3,-16,3.0319915e+33,0.000000
3,2,30,3.015802e+33,0.000000
4,2,-9,3.0155819e+33,0.000000
5,4,19,2.9971471e+33,0.000000
6,-4,27,2.988755e+33,0.000000
8,-7,25,2.9762255e+33,0.000000
4,3,28,2.9534677e+33,0.000000
7,-7,51,2.9344551e+33,0.000000
6,4,7,2.9238841e+33,0.000000
5,2,14,2.9025452e+33,0.000000
3,1,23,2.8998229e+33,0.000000
8,-8,32,2.8906693e+33,0.000000
3,-1,-23,2.8774633e+33,0.000000
6,-6,-5,2.8634202e+33,0.000000
3,1,-19,2.8442744e+33,0.000000
4,1,-11,2.8431704e+33,0.000000
10,-8,-3,2.8390946e+33,0.000000
9,-6,10,2.8284421e+33,0.000000
8,-7,3,2.8270194e+33,0.000000
5,-4,49,2.8047747e+33,0.000000
4,-1,-13,2.7743993e+33,0.000000
9,-6,6,2.7101338e+33,0.000000
9,-8,17,2.6966846e+33,0.000000
3,-2,42,2.6834695e+33,0.000000
8,-6,1,2.6811959e+33,0.000000
6,4,8,2.6751525e+33,0.000000
4,4,31,2.6736022e+33,0.000000
9,7,4,2.6381926e+33,0.000000
5,5,12,2.62426e+33,0.000000
3,3,-7,2.620493e+33,0.000000
9,-7,17,2.6192379e+33,0.000000
8,-5,3,2.6011505e+33,0.000000
8,-6,26,2.5927844e+33,0.000000
9,-9,7,2.5926473e+33,0.000000
7,-6,42,2.5734328e+33,0.000000
7,-5,30,2.565807e+33,0.000000
5,-1,16,2.564635e+33,0.000000
8,-8,-1,2.5576612e+33,0.000000
6,3,-1,2.5371577e+33,0.000000
7,-4,12,2.5256384e+33,0.000000
5,-3,29,2.5108875e+33,0.000000
5,4,20,2.5102758e+33,0.000000
6,2,1,2.5014002e+33,0.000000
8,-8,33,2.4837144e+33,0.000000
2,-2,-21,2.4810597e+33,0.000000
8,-7,26,2.46724e+33,0.000000
2,1,27,2.4603144e+33,0.000000
2,1,-19,2.454145e+33,0.000000
8,-5,11,2.434128e+33,0.000000
7,-4,1,2.4263752e+33,0.000000
10,-10,2,2.4199168e+33,0.000000
2,2,35,2.4042611e+33,0.000000
5,1,16,2.3839759e+33,0.000000
6,4,9,2.3783215e+33,0.000000
7,-7,52,2.373636e+33,0.000000
10,9,4,2.3612098e+33,0.000000
10,-8,8,2.3527914e+33,0.000000
5,5,13,2.352179e+33,0.000000
10,-10,11,2.3500117e+33,0.000000
4,1,18,2.328388e+33,0.000000
6,-5,48,2.320295e+33,0.000000
7,7,5,2.3114684e+33,0.000000
6,-3,8,2.311181e+33,0.000000
4,-3,48,2.2974482e+33,0.000000
3,3,35,2.2062256e+33,0.000000
5,2,15,2.203109e+33,0.000000
2,-1,-26,2.1927929e+33,0.000000
9,-9,21,2.1756278e+33,0.000000
5,-5,-5,2.1655067e+33,0.000000
8,-8,34,2.156011e+33,0.000000
10,-9,0,2.1348155e+33,0.000000
6,3,1,2.1323621e+33,0.000000
5,0,-1,2.1198913e+33,0.000000
5,0,1,2.1198913e+33,0.000000
5,-2,21,2.116513e+33,0.000000
10,-8,14,2.0975536e+33,0.000000
5,0,-7,2.0939233e+33,0.000000
5,0,7,2.0939233e+33,0.000000
4,-4,-8,2.078141e+33,0.000000
5,4,21,2.0739633e+33,0.000000
8,-7,27,2.070812e+33,0.000000
7,-6,43,2.0681667e+33,0.000000
8,-6,27,2.0668596e+33,0.000000
4,3,29,2.0481647e+33,0.000000
6,4,10,2.04264e+33,0.000000
7,-3,5,2.0354322e+33,0.000000
6,2,7,2.0321382e+33,0.000000
2,2,-12,2.0243506e+33,0.000000
7,-6,-2,2.0132912e+33,0.000000
5,5,14,2.0002853e+33,0.000000
5,4,-3,1.9994592e+33,0.000000
5,-4,50,1.986172e+33,0.000000
6,3,2,1.9790707e+33,0.000000
4,4,32,1.9500892e+33,0.000000
10,-10,17,1.9447449e+33,0.000000
7,-7,53,1.9134047e+33,0.000000
3,0,-25,1.9057458e+33,0.000000
3,0,25,1.9057458e+33,0.000000
4,2,24,1.8925323e+33,0.000000
8,-8,35,1.8911915e+33,0.000000
3,2,31,1.8868807e+33,0.000000
6,-2,10,1.8817461e+33,0.000000
7,-6,-1,1.8710715e+33,0.000000
3,-1,27,1.8551485e+33,0.000000
5,5,15,1.84962e+33,0.000000
6,0,-2,1.830737e+33,0.000000
6,0,2,1.830737e+33,0.000000
2,0,-30,1.8295668e+33,0.000000
2,0,30,1.8295668e+33,0.000000
9,-7,18,1.8295354e+33,0.000000
4,1,-12,1.7910462e+33,0.000000
8,-8,2,1.7684248e+33,0.000000
7,-5,31,1.7575912e+33,0.000000
8,-7,28,1.7575774e+33,0.000000
5,5,16,1.7573321e+33,0.000000
5,-3,30,1.7518703e+33,0.000000
4,-1,21,1.7510282e+33,0.000000
3,2,-7,1.7415492e+33,0.000000
6,-5,49,1.7295845e+33,0.000000
4,-1,-14,1.7281319e+33,0.000000
9,-8,18,1.7001079e+33,0.000000
3,-2,-12,1.6968906e+33,0.000000
6,4,11,1.6925144e+33,0.000000
5,4,22,1.69227e+33,0.000000
7,-4,13,1.6915053e+33,0.000000
5,5,17,1.6906322e+33,0.000000
7,-5,-3,1.6785777e+33,0.000000
8,-8,36,1.6753639e+33,0.000000
5,-1,-5,1.6628098e+33,0.000000
7,-6,44,1.6555599e+33,0.000000
3,-2,43,1.6376971e+33,0.000000
8,-6,28,1.6355013e+33,0.000000
5,2,16,1.6285915e+33,0.000000
5,5,18,1.6261228e+33,0.000000
9,8,4,1.6248372e+33,0.000000
6,-4,28,1.6163925e+33,0.000000
5,3,14,1.6115285e+33,0.000000
5,5,19,1.549956e+33,0.000000
5,-1,17,1.5440721e+33,0.000000
3,-1,-24,1.5386627e+33,0.000000
7,-7,54,1.5374751e+33,0.000000
6,3,3,1.5374571e+33,0.000000
9,-9,22,1.5261518e+33,0.000000
4,-3,49,1.5247232e+33,0.000000
3,-3,-17,1.5244374e+33,0.000000
8,-8,0,1.5167853e+33,0.000000
9,-7,4,1.5149706e+33,0.000000
3,1,-20,1.5117671e+33,0.000000
8,-5,12,1.5081259e+33,0.000000
8,-7,29,1.5066558e+33,0.000000
8,-8,37,1.49695e+33,0.000000
10,-10,-3,1.4962408e+33,0.000000
10,-9,10,1.4932067e+33,0.000000
2,2,36,1.4803036e+33,0.000000
3,3,36,1.469656e+33,0.000000
2,-1,35,1.4595882e+33,0.000000
5,5,20,1.4568962e+33,0.000000
10,-9,15,1.4501197e+33,0.000000
5,1,17,1.4430753e+33,0.000000
4,4,33,1.4177565e+33,0.000000
4,3,30,1.4168518e+33,0.000000
5,-4,51,1.4067196e+33,0.000000
5,1,-6,1.4017558e+33,0.000000
5,-2,22,1.3837871e+33,0.000000
4,2,-10,1.3680368e+33,0.000000
5,4,23,1.3652812e+33,0.000000
6,4,12,1.3543385e+33,0.000000
5,5,21,1.3470592e+33,0.000000
8,-8,38,1.3465756e+33,0.000000
8,-7,-5,1.3457072e+33,0.000000
7,-6,45,1.3203385e+33,0.000000
9,-7,19,1.3195245e+33,0.000000
2,1,-20,1.3039433e+33,0.000000
8,-7,30,1.3028204e+33,0.000000
6,-5,50,1.2881478e+33,0.000000
8,-6,29,1.2842307e+33,0.000000
2,1,28,1.2817445e+33,0.000000
8,-8,1,1.2801316e+33,0.000000
7,-3,3,1.2426546e+33,0.000000
7,-7,55,1.2317417e+33,0.000000
8,-6,0,1.2269975e+33,0.000000
5,5,22,1.2246715e+33,0.000000
8,-8,39,1.2169147e+33,0.000000
3,1,24,1.2138535e+33,0.000000
5,-3,31,1.20623e+33,0.000000
5,1,-2,1.2000602e+33,0.000000
7,-5,32,1.1973415e+33,0.000000
2,-1,-27,1.1930112e+33,0.000000
3,0,-26,1.19145e+33,0.000000
3,0,26,1.19145e+33,0.000000
3,2,32,1.18071e+33,0.000000
9,-8,6,1.1778221e+33,0.000000
5,2,17,1.1763017e+33,0.000000
6,-3,9,1.173216e+33,0.000000
4,1,19,1.1627529e+33,0.000000
6,2,-1,1.1574104e+33,0.000000
6,3,4,1.147747e+33,0.000000
4,2,25,1.1428896e+33,0.000000
7,-4,14,1.1367879e+33,0.000000
4,0,-15,1.1356398e+33,0.000000
4,0,15,1.1356398e+33,0.000000
8,-7,31,1.1347637e+33,0.000000
9,-8,19,1.1244656e+33,0.000000
4,1,-13,1.1162077e+33,0.000000
9,-6,11,1.1084769e+33,0.000000
9,-9,23,1.1054692e+33,0.000000
8,-8,40,1.1024677e+33,0.000000
4,-2,4,1.0987572e+33,0.000000
5,5,23,1.0951185e+33,0.000000
6,2,8,1.0918743e+33,0.000000
5,4,24,1.0902252e+33,0.000000
10,-8,15,1.0812211e+33,0.000000
5,0,-8,1.0810035e+33,0.000000
5,0,8,1.0810035e+33,0.000000
2,0,-31,1.063753e+33,0.000000
2,0,31,1.063753e+33,0.000000
4,-1,-15,1.0629057e+33,0.000000
7,-6,46,1.0493005e+33,0.000000
6,4,13,1.0487405e+33,0.000000
9,-9,6,1.0395563e+33,0.000000
4,4,34,1.0277924e+33,0.000000
7,7,7,1.0223594e+33,0.000000
6,6,6,1.0148364e+33,0.000000
4,-3,50,1.0103519e+33,0.000000
4,-4,-9,1.0060228e+33,0.000000
8,-5,13,1.0040721e+33,0.000000
8,-6,30,1.0006652e+33,0.000000
8,-8,41,9.9928798e+32,0.000000
3,-2,44,9.9725519e+32,0.000000
5,-4,52,9.964421e+32,0.000000
8,-7,32,9.9401711e+32,0.000000
10,-10,18,9.8494371e+32,0.000000
9,-6,5,9.8358309e+32,0.000000
3,3,37,9.7925559e+32,0.000000
9,-7,20,9.7872334e+32,0.000000
4,3,31,9.7804356e+32,0.000000
6,-3,0,9.7707462e+32,0.000000
5,5,24,9.6430262e+32,0.000000
6,-5,51,9.5873975e+32,0.000000
6,3,0,9.5283177e+32,0.000000
2,-2,-22,9.393655e+32,0.000000
2,2,37,9.1278299e+32,0.000000
5,-1,18,9.1239289e+32,0.000000
8,-8,42,9.0468705e+32,0.000000
5,-2,23,8.9342203e+32,0.000000
8,-7,2,8.7787467e+32,0.000000
8,-7,33,8.742463e+32,0.000000
7,-7,-6,8.7010869e+32,0.000000
5,4,25,8.625209e+32,0.000000
5,1,18,8.5705161e+32,0.000000
6,-4,29,8.5381742e+32,0.000000
3,3,-8,8.4155111e+32,0.000000
7,-3,6,8.4030868e+32,0.000000
6,3,5,8.3735789e+32,0.000000
5,5,25,8.363311e+32,0.000000
5,2,18,8.3244175e+32,0.000000
7,-6,47,8.3115203e+32,0.000000
10,-8,7,8.2870904e+32,0.000000
10,-10,10,8.2505735e+32,0.000000
3,-1,-25,8.2359027e+32,0.000000
9,-9,24,8.219159e+32,0.000000
5,-3,32,8.2125119e+32,0.000000
4,-1,-1,8.2082696e+32,0.000000
8,-8,43,8.169456e+32,0.000000
10,8,4,8.1372478e+32,0.000000
7,-5,33,8.1179916e+32,0.000000
3,1,-21,8.0261866e+32,0.000000
2,2,-13,7.978764e+32,0.000000
6,-2,11,7.9317403e+32,0.000000
3,-2,-13,7.8794375e+32,0.000000
6,4,14,7.8778259e+32,0.000000
9,-8,20,7.7514461e+32,0.000000
3,-3,-18,7.7394451e+32,0.000000
8,-6,31,7.7390735e+32,0.000000
8,-7,34,7.7075476e+32,0.000000
3,2,-8,7.6890729e+32,0.000000
4,-1,22,7.6877846e+32,0.000000
7,-4,15,7.5871765e+32,0.000000
10,-7,11,7.4971207e+32,0.000000
9,-7,21,7.4423118e+32,0.000000
4,4,35,7.4321755e+32,0.000000
3,0,-27,7.4293751e+32,0.000000
3,0,27,7.4293751e+32,0.000000
6,6,7,7.4156895e+32,0.000000
3,2,33,7.3893627e+32,0.000000
8,-8,44,7.3505076e+32,0.000000
10,-7,8,7.2989865e+32,0.000000
8,-7,-3,7.184018e+32,0.000000
5,5,26,7.1586178e+32,0.000000
6,-5,52,7.1323235e+32,0.000000
5,-4,53,7.0585265e+32,0.000000
8,-5,14,7.0302695e+32,0.000000
7,-3,2,6.9415757e+32,0.000000
2,1,-21,6.936122e+32,0.000000
4,1,-14,6.8853615e+32,0.000000
4,2,26,6.852525e+32,0.000000
8,-7,35,6.8010734e+32,0.000000
5,4,26,6.7664325e+32,0.000000
4,3,32,6.7390049e+32,0.000000
4,-3,51,6.6819279e+32,0.000000
10,-9,16,6.6529452e+32,0.000000
2,1,29,6.6288135e+32,0.000000
7,-6,-3,6.5974875e+32,0.000000
8,-8,45,6.5847221e+32,0.000000
7,-6,48,6.5632299e+32,0.000000
3,3,38,6.5267918e+32,0.000000
2,-1,-28,6.5105937e+32,0.000000
6,4,-3,6.4854265e+32,0.000000
4,-1,-16,6.4651086e+32,0.000000
6,-2,-1,6.4386511e+32,0.000000
5,3,15,6.3905269e+32,0.000000
2,-1,36,6.3712987e+32,0.000000
4,2,-11,6.3234931e+32,0.000000
7,-2,3,6.2765581e+32,0.000000
9,-9,25,6.2453959e+32,0.000000
8,-8,-6,6.2390273e+32,0.000000
2,0,-32,6.1863585e+32,0.000000
2,0,32,6.1863585e+32,0.000000
10,-8,16,6.1539176e+32,0.000000
6,-3,10,6.1094978e+32,0.000000
6,-3,-1,6.0868804e+32,0.000000
8,-5,2,6.0755252e+32,0.000000
3,-2,45,6.0569902e+32,0.000000
5,5,27,6.0525049e+32,0.000000
8,-7,36,5.9982933e+32,0.000000
8,-6,32,5.9430337e+32,0.000000
6,3,6,5.928818e+32,0.000000
8,-8,46,5.86982e+32,0.000000
9,-7,22,5.7864584e+32,0.000000
5,2,19,5.7855175e+32,0.000000
6,4,15,5.7543903e+32,0.000000
5,-2,24,5.7020087e+32,0.000000
9,-7,3,5.7009903e+32,0.000000
3,-1,28,5.6487438e+32,0.000000
9,-6,12,5.6470677e+32,0.000000
2,2,38,5.6357986e+32,0.000000
4,1,20,5.6073583e+32,0.000000
10,-10,-4,5.5405484e+32,0.000000
5,-3,33,5.5379613e+32,0.000000
9,-8,21,5.5355118e+32,0.000000
7,-5,34,5.4816683e+32,0.000000
8,8,5,5.4802417e+32,0.000000
7,-3,1,5.4495599e+32,0.000000
10,-10,19,5.3924635e+32,0.000000
4,4,36,5.3625192e+32,0.000000
4,0,-16,5.3616678e+32,0.000000
4,0,16,5.3616678e+32,0.000000
6,2,9,5.3365533e+32,0.000000
6,1,1,5.3051483e+32,0.000000
6,-5,53,5.3044307e+32,0.000000
5,-1,19,5.2968022e+32,0.000000
4,-2,-1,5.2913012e+32,0.000000
5,0,-9,5.288512e+32,0.000000
5,0,9,5.288512e+32,0.000000
8,-7,37,5.2816121e+32,0.000000
5,4,27,5.2677616e+32,0.000000
7,-4,0,5.2300541e+32,0.000000
8,-8,47,5.2051739e+32,0.000000
7,-6,49,5.1677434e+32,0.000000
10,-9,9,5.1350105e+32,0.000000
8,-5,15,5.0986893e+32,0.000000
5,5,28,5.0600967e+32,0.000000
5,1,19,5.0017756e+32,0.000000
5,-4,54,4.99961e+32,0.000000
7,-4,16,4.9889539e+32,0.000000
7,-3,7,4.9717484e+32,0.000000
9,-9,5,4.857911e+32,0.000000
9,-9,26,4.8393716e+32,0.000000
4,-4,-10,4.8227304e+32,0.000000
3,1,25,4.8185532e+32,0.000000
8,-7,38,4.6386022e+32,0.000000
4,3,33,4.6360819e+32,0.000000
3,2,34,4.625126e+32,0.000000
3,0,-28,4.6236245e+32,0.000000
3,0,28,4.6236245e+32,0.000000
8,-8,48,4.5908262e+32,0.000000
9,-7,23,4.5890268e+32,0.000000
8,-6,33,4.5336512e+32,0.000000
4,0,-17,4.5100454e+32,0.000000
4,0,17,4.5100454e+32,0.000000
4,0,-18,4.4985203e+32,0.000000
4,0,18,4.4985203e+32,0.000000
8,-6,-1,4.4675842e+32,0.000000
3,-1,-26,4.4130762e+32,0.000000
4,-3,52,4.4083856e+32,0.000000
6,-4,30,4.3932441e+32,0.000000
4,-3,-6,4.3612291e+32,0.000000
3,3,39,4.351333e+32,0.000000
6,6,8,4.2639606e+32,0.000000
3,1,-22,4.2580262e+32,0.000000
4,0,-19,4.2354914e+32,0.000000
4,0,19,4.2354914e+32,0.000000
4,1,-15,4.2054727e+32,0.000000
9,-8,5,4.2004857e+32,0.000000
5,5,29,4.1872608e+32,0.000000
6,4,16,4.0967702e+32,0.000000
5,-1,-6,4.0874788e+32,0.000000
4,2,27,4.08121e+32,0.000000
9,-8,22,4.0737714e+32,0.000000
5,4,28,4.0726156e+32,0.000000
9,9,5,4.066973e+32,0.000000
8,-7,39,4.0604332e+32,0.000000
7,-6,50,4.0580691e+32,0.000000
6,3,7,4.0334976e+32,0.000000
8,-8,49,4.026835e+32,0.000000
3,-3,-19,3.9645189e+32,0.000000
5,2,20,3.9569549e+32,0.000000
6,-5,54,3.9446036e+32,0.000000
6,-2,12,3.9257361e+32,0.000000
9,-5,6,3.9153185e+32,0.000000
4,-1,-17,3.8941724e+32,0.000000
7,7,6,3.8712293e+32,0.000000
4,4,37,3.861776e+32,0.000000
9,-9,27,3.8219921e+32,0.000000
8,-5,16,3.7854225e+32,0.000000
10,-8,17,3.7419371e+32,0.000000
5,-3,34,3.7037263e+32,0.000000
9,-7,24,3.7032114e+32,0.000000
2,1,-22,3.6947255e+32,0.000000
7,-5,35,3.688868e+32,0.000000
3,-2,46,3.6685188e+32,0.000000
4,0,-20,3.6630187e+32,0.000000
4,0,20,3.6630187e+32,0.000000
5,-2,25,3.6006666e+32,0.000000
2,0,-33,3.598562e+32,0.000000
2,0,33,3.598562e+32,0.000000
3,-2,-14,3.589298e+32,0.000000
2,-1,-29,3.5636007e+32,0.000000
8,-7,40,3.54067e+32,0.000000
5,-4,55,3.5402805e+32,0.000000
8,7,5,3.5392175e+32,0.000000
8,-8,50,3.5128835e+32,0.000000
2,2,39,3.4836574e+32,0.000000
10,-9,17,3.4714318e+32,0.000000
2,-2,-23,3.4600553e+32,0.000000
3,2,-9,3.448453e+32,0.000000
4,-3,-7,3.4375448e+32,0.000000
8,-6,34,3.4373868e+32,0.000000
5,5,30,3.4327356e+32,0.000000
4,-3,-5,3.4278858e+32,0.000000
6,0,-6,3.4175731e+32,0.000000
6,0,6,3.4175731e+32,0.000000
2,1,30,3.3970208e+32,0.000000
8,-6,-2,3.3646056e+32,0.000000
7,-3,8,3.3563895e+32,0.000000
10,-7,-4,3.3189774e+32,0.000000
5,3,-3,3.3009219e+32,0.000000
10,-9,-5,3.2878955e+32,0.000000
6,-3,11,3.2685093e+32,0.000000
9,-6,13,3.263838e+32,0.000000
6,0,-5,3.2333342e+32,0.000000
6,0,5,3.2333342e+32,0.000000
7,-4,17,3.2107356e+32,0.000000
4,-1,23,3.2033652e+32,0.000000
2,2,-14,3.189534e+32,0.000000
7,-2,2,3.1872897e+32,0.000000
4,3,34,3.1851085e+32,0.000000
7,-6,51,3.178791e+32,0.000000
10,-10,20,3.1316802e+32,0.000000
5,4,29,3.1287806e+32,0.000000
8,-7,1,3.1143302e+32,0.000000
5,1,-7,3.1118028e+32,0.000000
9,-8,23,3.0768655e+32,0.000000
9,-9,28,3.076725e+32,0.000000
9,-6,4,3.0744144e+32,0.000000
8,-7,41,3.0743869e+32,0.000000
8,-8,51,3.0480858e+32,0.000000
9,-7,25,3.0329385e+32,0.000000
5,-1,20,3.0236287e+32,0.000000
3,3,-9,3.0161464e+32,0.000000
8,-7,-2,2.9815492e+32,0.000000
4,2,-12,2.9604654e+32,0.000000
8,-7,0,2.9535836e+32,0.000000
4,0,-21,2.9527478e+32,0.000000
4,0,21,2.9527478e+32,0.000000
9,-8,-5,2.9417653e+32,0.000000
8,-4,5,2.9377419e+32,0.000000
6,-5,55,2.9335966e+32,0.000000
3,3,40,2.9016554e+32,0.000000
4,-3,53,2.9000917e+32,0.000000
3,2,35,2.8950836e+32,0.000000
3,0,-29,2.8734194e+32,0.000000
3,0,29,2.8734194e+32,0.000000
5,1,20,2.8717824e+32,0.000000
10,-10,9,2.8663964e+32,0.000000
6,0,-7,2.857019e+32,0.000000
6,0,7,2.857019e+32,0.000000
8,-5,17,2.8499744e+32,0.000000
6,4,17,2.8485449e+32,0.000000
6,-2,13,2.7930433e+32,0.000000
5,5,31,2.7902293e+32,0.000000
4,4,38,2.7764045e+32,0.000000
10,-8,6,2.7730894e+32,0.000000
6,6,-3,2.7623742e+32,0.000000
7,3,0,2.7502614e+32,0.000000
9,-9,-6,2.7448403e+32,0.000000
9,-9,4,2.7278916e+32,0.000000
7,3,1,2.6864954e+32,0.000000
5,2,21,2.6678346e+32,0.000000
7,3,-1,2.664939e+32,0.000000
6,-2,15,2.6637969e+32,0.000000
8,-7,42,2.6575465e+32,0.000000
6,-2,14,2.6415538e+32,0.000000
8,-8,52,2.6309337e+32,0.000000
6,3,8,2.6133991e+32,0.000000
2,-1,37,2.6043454e+32,0.000000
4,1,21,2.5966801e+32,0.000000
8,-6,35,2.5916366e+32,0.000000
6,-2,16,2.582482e+32,0.000000
7,-4,-1,2.5530222e+32,0.000000
4,1,-16,2.5443897e+32,0.000000
7,7,8,2.5363782e+32,0.000000
10,-7,7,2.5292562e+32,0.000000
9,-9,29,2.5231968e+32,0.000000
9,-7,26,2.5139055e+32,0.000000
7,-6,52,2.4843789e+32,0.000000
7,-5,36,2.4754439e+32,0.000000
5,-3,35,2.4593988e+32,0.000000
5,0,-10,2.4350303e+32,0.000000
5,0,10,2.4350303e+32,0.000000
4,2,28,2.4151573e+32,0.000000
10,-8,18,2.3969008e+32,0.000000
5,4,30,2.3898846e+32,0.000000
9,-8,24,2.377828e+32,0.000000
8,8,3,2.3753825e+32,0.000000
7,-3,9,2.3692265e+32,0.000000
3,-1,-27,2.3671333e+32,0.000000
6,2,10,2.3621329e+32,0.000000
6,-2,17,2.3563328e+32,0.000000
4,-1,-18,2.3257643e+32,0.000000
4,-3,-8,2.3208351e+32,0.000000
4,-4,-11,2.3037533e+32,0.000000
9,-5,7,2.2910116e+32,0.000000
8,-7,43,2.2865878e+32,0.000000
5,3,16,2.2804671e+32,0.000000
8,-8,53,2.259336e+32,0.000000
3,1,-23,2.2581284e+32,0.000000
10,-7,12,2.2580748e+32,0.000000
4,0,-22,2.2555962e+32,0.000000
4,0,22,2.2555962e+32,0.000000
10,-6,8,2.2526719e+32,0.000000
5,-2,26,2.2514773e+32,0.000000
4,-2,5,2.251187e+32,0.000000
5,5,32,2.2503769e+32,0.000000
8,8,6,2.2320086e+32,0.000000
3,-2,47,2.2158401e+32,0.000000
6,-4,31,2.1939087e+32,0.000000
4,3,35,2.1857605e+32,0.000000
8,-5,18,2.1594341e+32,0.000000
2,2,40,2.1554098e+32,0.000000
6,-5,-4,2.1520188e+32,0.000000
5,-3,-3,2.1332725e+32,0.000000
6,0,-8,2.1059752e+32,0.000000
6,0,8,2.1059752e+32,0.000000
9,-9,30,2.1042091e+32,0.000000
9,-7,27,2.1024472e+32,0.000000
2,0,-34,2.0936134e+32,0.000000
2,0,34,2.0936134e+32,0.000000
3,-3,-20,2.0478129e+32,0.000000
9,-6,14,2.0441671e+32,0.000000
6,5,-2,2.0435302e+32,0.000000
6,-2,18,2.0303668e+32,0.000000
7,-4,18,2.0105928e+32,0.000000
9,-7,2,2.0010978e+32,0.000000
4,4,39,1.9932088e+32,0.000000
2,1,-23,1.9714401e+32,0.000000
8,-7,44,1.9581738e+32,0.000000
2,-1,-30,1.9561251e+32,0.000000
10,-9,18,1.9492614e+32,0.000000
5,1,-10,1.9467213e+32,0.000000
8,-6,36,1.9440505e+32,0.000000
6,4,18,1.9378282e+32,0.000000
7,-6,53,1.9376584e+32,0.000000
3,3,41,1.9352571e+32,0.000000
8,-8,54,1.9307125e+32,0.000000
10,-10,21,1.9187965e+32,0.000000
8,-4,6,1.9038868e+32,0.000000
6,1,2,1.9016665e+32,0.000000
4,-3,54,1.9016623e+32,0.000000
3,-1,29,1.8943707e+32,0.000000
9,-8,25,1.8759529e+32,0.000000
6,5,3,1.8746837e+32,0.000000
8,-4,4,1.863927e+32,0.000000
6,-3,12,1.8571155e+32,0.000000
5,1,-9,1.8551831e+32,0.000000
9,-7,-5,1.8453619e+32,0.000000
7,5,-2,1.8446473e+32,0.000000
10,-9,1,1.8260974e+32,0.000000
5,4,31,1.8159351e+32,0.000000
3,2,36,1.8120396e+32,0.000000
5,5,33,1.8021175e+32,0.000000
6,5,4,1.7914043e+32,0.000000
3,0,-30,1.7839577e+32,0.000000
3,0,30,1.7839577e+32,0.000000
3,1,26,1.7813115e+32,0.000000
9,-9,31,1.7790571e+32,0.000000
6,0,-4,1.7763904e+32,0.000000
6,0,4,1.7763904e+32,0.000000
5,2,22,1.7756986e+32,0.000000
9,-8,4,1.7725292e+32,0.000000
5,1,-11,1.7707812e+32,0.000000
9,-7,28,1.7687616e+32,0.000000
7,-3,0,1.7431075e+32,0.000000
6,5,2,1.7426349e+32,0.000000
7,6,6,1.7370542e+32,0.000000
2,1,31,1.72084e+32,0.000000
5,-1,21,1.6982511e+32,0.000000
7,-3,10,1.6837443e+32,0.000000
6,5,5,1.677392e+32,0.000000
10,-9,8,1.6709068e+32,0.000000
5,1,-8,1.6694566e+32,0.000000
8,-7,45,1.6690555e+32,0.000000
6,-2,19,1.6656094e+32,0.000000
7,-5,37,1.6574423e+32,0.000000
4,0,-23,1.6540171e+32,0.000000
4,0,23,1.6540171e+32,0.000000
8,-8,55,1.6421144e+32,0.000000
8,-5,19,1.636736e+32,0.000000
6,6,-4,1.6257308e+32,0.000000
5,1,21,1.6234755e+32,0.000000
5,-3,36,1.6230088e+32,0.000000
10,-8,19,1.6035016e+32,0.000000
6,3,9,1.6010532e+32,0.000000
3,-2,-15,1.6004297e+32,0.000000
6,6,-2,1.5956994e+32,0.000000
5,-3,-5,1.581711e+32,0.000000
6,5,6,1.5777452e+32,0.000000
8,7,7,1.5754307e+32,0.000000
3,2,-10,1.5624882e+32,0.000000
4,1,-17,1.5256249e+32,0.000000
9,-9,32,1.5194602e+32,0.000000
7,-6,54,1.5084532e+32,0.000000
9,-8,26,1.5078325e+32,0.000000
4,3,36,1.4985173e+32,0.000000
9,-7,29,1.492568e+32,0.000000
6,5,7,1.482389e+32,0.000000
9,-5,5,1.4795607e+32,0.000000
4,-3,-9,1.4664085e+32,0.000000
10,10,11,1.4611853e+32,0.000000
6,6,3,1.4550721e+32,0.000000
8,-6,37,1.451589e+32,0.000000
5,1,-12,1.4514575e+32,0.000000
5,5,34,1.4337183e+32,0.000000
6,0,-9,1.4330849e+32,0.000000
6,0,9,1.4330849e+32,0.000000
5,-1,-2,1.4316745e+32,0.000000
6,5,11,1.4300181e+32,0.000000
4,4,40,1.4291972e+32,0.000000
6,6,-1,1.424273e+32,0.000000
4,2,29,1.4202566e+32,0.000000
8,-7,46,1.4160146e+32,0.000000
6,6,4,1.4126227e+32,0.000000
6,0,-3,1.4016921e+32,0.000000
6,0,3,1.4016921e+32,0.000000
4,2,-13,1.3968417e+32,0.000000
5,-2,27,1.3949773e+32,0.000000
6,5,8,1.384023e+32,0.000000
9,-9,3,1.3833023e+32,0.000000
3,-1,32,1.3801559e+32,0.000000
4,-1,-19,1.378926e+32,0.000000
5,4,32,1.3732372e+32,0.000000
8,-5,1,1.3700989e+32,0.000000
6,6,0,1.3621506e+32,0.000000
6,5,0,1.3614786e+32,0.000000
3,-1,33,1.3586455e+32,0.000000
9,-6,15,1.357802e+32,0.000000
6,5,1,1.3575832e+32,0.000000
7,3,2,1.3385216e+32,0.000000
3,-2,48,1.3355301e+32,0.000000
2,2,41,1.3346534e+32,0.000000
7,-2,4,1.333582e+32,0.000000
6,5,9,1.3333509e+32,0.000000
6,3,-2,1.3225059e+32,0.000000
6,-2,20,1.3110743e+32,0.000000
9,-9,33,1.3064914e+32,0.000000
6,6,2,1.3011983e+32,0.000000
10,-9,-2,1.296315e+32,0.000000
6,6,5,1.293378e+32,0.000000
6,4,19,1.2917068e+32,0.000000
3,3,42,1.2907891e+32,0.000000
2,2,-15,1.2853736e+32,0.000000
4,-1,24,1.2780042e+32,0.000000
3,-1,31,1.2716029e+32,0.000000
3,-1,-28,1.2708834e+32,0.000000
6,6,9,1.262972e+32,0.000000
9,-7,30,1.2601541e+32,0.000000
7,6,7,1.2492697e+32,0.000000
4,-3,55,1.2426592e+32,0.000000
10,-10,22,1.2355093e+32,0.000000
8,-5,20,1.2350259e+32,0.000000
2,-2,-24,1.2349175e+32,0.000000
9,-8,27,1.2321262e+32,0.000000
3,-1,34,1.2255465e+32,0.000000
7,-4,19,1.2184024e+32,0.000000
2,0,-35,1.2181401e+32,0.000000
2,0,35,1.2181401e+32,0.000000
3,1,-24,1.197517e+32,0.000000
6,5,10,1.1967608e+32,0.000000
3,-1,30,1.1966583e+32,0.000000
8,-7,47,1.1958573e+32,0.000000
6,-3,13,1.1897917e+32,0.000000
9,-7,-3,1.1880101e+32,0.000000
8,-6,-3,1.1853385e+32,0.000000
6,6,1,1.1852711e+32,0.000000
7,-3,11,1.1835216e+32,0.000000
6,5,-1,1.1797827e+32,0.000000
3,3,-10,1.1771848e+32,0.000000
4,0,-24,1.1753679e+32,0.000000
4,0,24,1.1753679e+32,0.000000
7,-6,55,1.1723991e+32,0.000000
10,7,4,1.172066e+32,0.000000
5,2,23,1.1682153e+32,0.000000
9,9,3,1.1654111e+32,0.000000
10,-9,19,1.162342e+32,0.000000
4,1,22,1.1469825e+32,0.000000
9,7,5,1.1360001e+32,0.000000
8,8,10,1.13483e+32,0.000000
3,2,37,1.1338901e+32,0.000000
5,5,35,1.1338462e+32,0.000000
9,-9,34,1.1279874e+32,0.000000
6,5,13,1.118524e+32,0.000000
10,-8,20,1.1131334e+32,0.000000
7,-5,38,1.107844e+32,0.000000
3,0,-31,1.1068221e+32,0.000000
3,0,31,1.1068221e+32,0.000000
5,1,-13,1.1064443e+32,0.000000
4,-4,-12,1.1006157e+32,0.000000
8,-6,38,1.0794131e+32,0.000000
2,-1,-31,1.076659e+32,0.000000
10,-10,8,1.0714034e+32,0.000000
3,-3,-21,1.0661023e+32,0.000000
5,-3,37,1.065223e+32,0.000000
6,5,-3,1.0636062e+32,0.000000
9,-7,31,1.0622802e+32,0.000000
6,-4,32,1.0581795e+32,0.000000
2,1,-24,1.0540233e+32,0.000000
5,0,-11,1.0484216e+32,0.000000
5,0,11,1.0484216e+32,0.000000
10,-7,13,1.0357422e+32,0.000000
3,-1,35,1.0354632e+32,0.000000
5,4,33,1.0339384e+32,0.000000
4,3,37,1.0265168e+32,0.000000
4,4,41,1.0237192e+32,0.000000
10,-6,7,1.0222554e+32,0.000000
9,-8,28,1.0212779e+32,0.000000
10,-8,5,1.0147639e+32,0.000000
8,-7,48,1.0054366e+32,0.000000
6,-2,21,9.9677822e+31,0.000000
9,-9,35,9.7637298e+31,0.000000
6,2,11,9.667995e+31,0.000000
2,-1,38,9.6502787e+31,0.000000
6,5,12,9.6436269e+31,0.000000
9,-6,16,9.4466005e+31,0.000000
8,-4,3,9.4434941e+31,0.000000
5,-1,22,9.3886116e+31,0.000000
6,1,7,9.385108e+31,0.000000
10,10,13,9.250658e+31,0.000000
8,-5,21,9.2427921e+31,0.000000
6,3,10,9.2325182e+31,0.000000
6,0,-10,9.2043639e+31,0.000000
6,0,10,9.2043639e+31,0.000000
6,1,8,9.1103632e+31,0.000000
5,-1,-7,9.0899032e+31,0.000000
10,-7,6,9.083439e+31,0.000000
4,1,-18,9.0713319e+31,0.000000
7,5,2,9.0410622e+31,0.000000
5,1,22,9.0407477e+31,0.000000
7,5,0,9.0138627e+31,0.000000
6,-3,14,8.9774162e+31,0.000000
4,-3,-10,8.9646532e+31,0.000000
9,-7,32,8.9266883e+31,0.000000
5,5,36,8.9180046e+31,0.000000
7,5,3,8.7846915e+31,0.000000
6,1,6,8.6352601e+31,0.000000
3,3,43,8.6086718e+31,0.000000
2,1,32,8.5895501e+31,0.000000
5,-2,28,8.5684469e+31,0.000000
9,-8,29,8.5673329e+31,0.000000
9,-6,3,8.5507163e+31,0.000000
5,-4,-4,8.5441426e+31,0.000000
9,-9,36,8.4694311e+31,0.000000
7,5,1,8.4606368e+31,0.000000
5,3,17,8.4567747e+31,0.000000
6,4,20,8.4467026e+31,0.000000
8,-7,49,8.4168856e+31,0.000000
3,-1,36,8.3347025e+31,0.000000
10,-10,23,8.3286398e+31,0.000000
6,5,14,8.3008724e+31,0.000000
4,2,30,8.2988473e+31,0.000000
7,5,-1,8.2761455e+31,0.000000
2,2,42,8.2698285e+31,0.000000
7,-3,12,8.153161e+31,0.000000
4,0,-25,8.1505336e+31,0.000000
4,0,25,8.1505336e+31,0.000000
6,1,9,8.1404383e+31,0.000000
4,-1,-20,8.1247818e+31,0.000000
7,-6,-4,8.0683887e+31,0.000000
3,-2,49,8.0438859e+31,0.000000
5,1,-14,8.001728e+31,0.000000
8,-6,39,7.9971325e+31,0.000000
10,-8,21,7.97741e+31,0.000000
7,5,4,7.9665824e+31,0.000000
8,8,9,7.9450313e+31,0.000000
6,5,15,7.8455652e+31,0.000000
6,6,10,7.7989523e+31,0.000000
6,-3,15,7.7937718e+31,0.000000
5,4,34,7.7537865e+31,0.000000
5,2,24,7.6042726e+31,0.000000
9,-8,3,7.5788817e+31,0.000000
10,-10,0,7.5009484e+31,0.000000
6,5,16,7.481889e+31,0.000000
9,-7,33,7.4693499e+31,0.000000
5,3,21,7.398866e+31,0.000000
7,-5,39,7.3958449e+31,0.000000
9,-9,37,7.3661562e+31,0.000000
6,-2,22,7.3592342e+31,0.000000
4,4,42,7.3264053e+31,0.000000
10,-9,20,7.3142108e+31,0.000000
6,-3,16,7.2730453e+31,0.000000
9,-8,30,7.2595123e+31,0.000000
8,8,8,7.2249262e+31,0.000000
5,3,22,7.1897473e+31,0.000000
6,5,17,7.1623365e+31,0.000000
3,2,-11,7.1136451e+31,0.000000
9,-8,-1,7.1109805e+31,0.000000
7,-4,20,7.1087036e+31,0.000000
9,-7,1,7.1046747e+31,0.000000
3,2,38,7.0921509e+31,0.000000
2,0,-36,7.0874178e+31,0.000000
2,0,36,7.0874178e+31,0.000000
9,8,5,7.0635537e+31,0.000000
4,3,38,7.0269768e+31,0.000000
5,3,-5,7.0255786e+31,0.000000
9,-5,4,7.0220782e+31,0.000000
8,-7,50,7.0167052e+31,0.000000
7,5,5,6.9979096e+31,0.000000
8,-3,4,6.9892641e+31,0.000000
5,5,37,6.9792012e+31,0.000000
3,-2,-16,6.9650194e+31,0.000000
5,-3,38,6.9573687e+31,0.000000
7,5,-3,6.9455013e+31,0.000000
6,6,11,6.9279535e+31,0.000000
5,3,20,6.9148099e+31,0.000000
6,-3,17,6.8858144e+31,0.000000
3,0,-32,6.8640095e+31,0.000000
3,0,32,6.8640095e+31,0.000000
4,-2,6,6.8626405e+31,0.000000
6,5,18,6.850064e+31,0.000000
8,-5,22,6.8406736e+31,0.000000
3,-1,-29,6.8281979e+31,0.000000
9,-6,17,6.8253572e+31,0.000000
6,1,10,6.8234431e+31,0.000000
6,1,5,6.8081818e+31,0.000000
7,6,8,6.7780132e+31,0.000000
4,2,-14,6.6146955e+31,0.000000
5,-1,-10,6.5722478e+31,0.000000
6,5,19,6.5148509e+31,0.000000
5,3,23,6.4814409e+31,0.000000
3,-1,37,6.4672813e+31,0.000000
8,-4,7,6.4395454e+31,0.000000
9,-9,38,6.4310982e+31,0.000000
6,-3,18,6.4136483e+31,0.000000
7,3,3,6.3616455e+31,0.000000
3,1,-25,6.3523059e+31,0.000000
6,6,12,6.337034e+31,0.000000
5,-1,-11,6.2831941e+31,0.000000
10,-8,-5,6.2259891e+31,0.000000
9,-7,34,6.218547e+31,0.000000
9,-8,31,6.2041129e+31,0.000000
9,-5,8,6.1668171e+31,0.000000
6,5,20,6.1466164e+31,0.000000
9,-7,-2,6.1267786e+31,0.000000
7,7,9,6.0890134e+31,0.000000
9,-7,0,6.0603344e+31,0.000000
6,-6,-7,6.0293745e+31,0.000000
7,5,6,6.0153741e+31,0.000000
3,1,27,5.9980108e+31,0.000000
9,9,6,5.9915719e+31,0.000000
2,-1,-32,5.9410281e+31,0.000000
8,-6,40,5.9056513e+31,0.000000
10,-8,22,5.8779657e+31,0.000000
5,3,19,5.8673715e+31,0.000000
10,-10,24,5.8531065e+31,0.000000
8,7,6,5.8383191e+31,0.000000
8,-7,51,5.8259684e+31,0.000000
6,-3,19,5.806226e+31,0.000000
6,6,13,5.7993432e+31,0.000000
5,4,35,5.7936942e+31,0.000000
5,-1,-9,5.7827904e+31,0.000000
6,1,3,5.7601529e+31,0.000000
3,3,44,5.7399502e+31,0.000000
6,5,21,5.7351363e+31,0.000000
8,8,11,5.6988142e+31,0.000000
7,-7,-7,5.6541947e+31,0.000000
2,1,-25,5.6480447e+31,0.000000
10,-9,7,5.6452177e+31,0.000000
9,-9,39,5.6446829e+31,0.000000
6,0,-11,5.644033e+31,0.000000
6,0,11,5.644033e+31,0.000000
9,9,8,5.6383357e+31,0.000000
3,-3,-22,5.5916416e+31,0.000000
10,-7,14,5.573182e+31,0.000000
5,1,-15,5.5596661e+31,0.000000
4,0,-26,5.5440939e+31,0.000000
4,0,26,5.5440939e+31,0.000000
5,3,24,5.5187819e+31,0.000000
7,-3,13,5.4746487e+31,0.000000
5,5,38,5.4368878e+31,0.000000
6,1,11,5.4309623e+31,0.000000
6,4,21,5.4234482e+31,0.000000
4,-3,-11,5.3807132e+31,0.000000
4,1,-19,5.3525622e+31,0.000000
9,-8,32,5.342443e+31,0.000000
5,-1,-12,5.3198337e+31,0.000000
7,-1,1,5.3179488e+31,0.000000
5,3,18,5.3168174e+31,0.000000
6,-2,23,5.2997136e+31,0.000000
6,5,22,5.2914595e+31,0.000000
4,-4,-13,5.2697115e+31,0.000000
6,6,14,5.2403174e+31,0.000000
4,4,43,5.2394356e+31,0.000000
5,-2,29,5.2194584e+31,0.000000
8,-4,2,5.2010989e+31,0.000000
2,2,-16,5.1950547e+31,0.000000
7,-2,5,5.1879021e+31,0.000000
4,-1,25,5.1839333e+31,0.000000
9,-7,35,5.148913e+31,0.000000
2,2,43,5.1272607e+31,0.000000
7,5,7,5.114086e+31,0.000000
5,-1,23,5.1092768e+31,0.000000
6,-3,20,5.0935378e+31,0.000000
9,-6,18,5.0868381e+31,0.000000
6,3,11,5.0289959e+31,0.000000
8,-5,23,4.9957447e+31,0.000000
9,-9,40,4.9882568e+31,0.000000
9,9,9,4.9657051e+31,0.000000
5,1,23,4.9596747e+31,0.000000
7,-5,40,4.9336115e+31,0.000000
10,-6,9,4.9215389e+31,0.000000
3,3,-11,4.9057895e+31,0.000000
7,-3,-1,4.9022219e+31,0.000000
5,2,25,4.9014864e+31,0.000000
6,-4,33,4.8999824e+31,0.000000
3,-1,38,4.877046e+31,0.000000
3,-2,50,4.8551454e+31,0.000000
7,-1,2,4.8483447e+31,0.000000
10,-9,21,4.8301957e+31,0.000000
6,5,23,4.8239447e+31,0.000000
8,-7,52,4.8186688e+31,0.000000
4,2,31,4.8169672e+31,0.000000
4,1,23,4.8077173e+31,0.000000
4,3,39,4.8074052e+31,0.000000
4,-1,-21,4.762125e+31,0.000000
6,1,4,4.7535296e+31,0.000000
4,-2,7,4.7219883e+31,0.000000
5,-1,-8,4.6962149e+31,0.000000
5,-3,-6,4.650934e+31,0.000000
9,-8,33,4.6329772e+31,0.000000
6,6,15,4.6101935e+31,0.000000
10,-10,4,4.603117e+31,0.000000
10,-10,7,4.6018763e+31,0.000000
4,-2,8,4.5633866e+31,0.000000
5,-3,39,4.5240234e+31,0.000000
8,-5,0,4.5211109e+31,0.000000
4,-4,-5,4.5131411e+31,0.000000
5,3,25,4.4965845e+31,0.000000
10,9,5,4.4933731e+31,0.000000
7,3,8,4.4813324e+31,0.000000
10,-10,-6,4.4738066e+31,0.000000
9,-9,41,4.4433631e+31,0.000000
10,-8,23,4.4375587e+31,0.000000
3,2,39,4.4327667e+31,0.000000
7,3,7,4.3817495e+31,0.000000
7,5,8,4.3777316e+31,0.000000
6,5,24,4.3510619e+31,0.000000
8,-6,41,4.3487327e+31,0.000000
10,-8,4,4.3426043e+31,0.000000
7,7,10,4.3400466e+31,0.000000
6,-3,21,4.3337174e+31,0.000000
5,4,36,4.3147985e+31,0.000000
2,-2,-25,4.2868315e+31,0.000000
9,-8,0,4.2781699e+31,0.000000
4,-2,9,4.2707234e+31,0.000000
5,2,-2,4.2665122e+31,0.000000
10,-10,25,4.2653572e+31,0.000000
5,0,-12,4.2587266e+31,0.000000
5,0,12,4.2587266e+31,0.000000
3,0,-33,4.2554723e+31,0.000000
3,0,33,4.2554723e+31,0.000000
7,-6,-6,4.2535273e+31,0.000000
7,4,-1,4.2420591e+31,0.000000
9,-7,36,4.2390845e+31,0.000000
6,2,12,4.2318256e+31,0.000000
5,5,39,4.2176754e+31,0.000000
7,3,9,4.2064232e+31,0.000000
2,1,33,4.2063942e+31,0.000000
5,-1,-13,4.1450811e+31,0.000000
6,1,12,4.1379999e+31,0.000000
2,0,-37,4.1232383e+31,0.000000
2,0,37,4.1232383e+31,0.000000
9,-8,34,4.0451793e+31,0.000000
6,6,16,4.0340929e+31,0.000000
9,-9,42,3.9918961e+31,0.000000
9,7,7,3.988487e+31,0.000000
7,-4,21,3.9774791e+31,0.000000
8,-7,53,3.9708474e+31,0.000000
7,3,6,3.951308e+31,0.000000
9,-9,2,3.9334036e+31,0.000000
8,7,8,3.9140812e+31,0.000000
7,5,9,3.8978105e+31,0.000000
9,-6,19,3.8874054e+31,0.000000
6,5,25,3.8688563e+31,0.000000
7,3,4,3.8503839e+31,0.000000
3,3,45,3.8254745e+31,0.000000
8,6,6,3.8180139e+31,0.000000
8,-7,-1,3.7865256e+31,0.000000
4,4,44,3.7446753e+31,0.000000
5,1,-16,3.742562e+31,0.000000
6,-2,24,3.7363267e+31,0.000000
5,2,-4,3.7349067e+31,0.000000
7,-4,-2,3.7343346e+31,0.000000
4,0,-27,3.7137643e+31,0.000000
4,0,27,3.7137643e+31,0.000000
6,6,17,3.7039117e+31,0.000000
4,-2,10,3.6854586e+31,0.000000
3,-1,-30,3.6703463e+31,0.000000
7,3,10,3.6563898e+31,0.000000
9,-9,43,3.6166286e+31,0.000000
5,2,-5,3.6019033e+31,0.000000
3,-1,39,3.5944805e+31,0.000000
8,-5,24,3.5940217e+31,0.000000
6,-3,22,3.5845113e+31,0.000000
10,-6,6,3.5797701e+31,0.000000
7,-3,14,3.5690842e+31,0.000000
9,-8,35,3.5555987e+31,0.000000
5,3,26,3.5386277e+31,0.000000
7,5,11,3.5337458e+31,0.000000
7,3,5,3.5168954e+31,0.000000
7,5,10,3.4887336e+31,0.000000
9,-7,37,3.4701071e+31,0.000000
8,8,29,3.452514e+31,0.000000
10,-8,24,3.4220322e+31,0.000000
6,4,22,3.4213051e+31,0.000000
6,5,26,3.40619e+31,0.000000
9,-5,3,3.3920601e+31,0.000000
7,-1,3,3.3718466e+31,0.000000
3,1,-26,3.371209e+31,0.000000
10,-9,22,3.3284757e+31,0.000000
6,0,-12,3.323747e+31,0.000000
6,0,12,3.323747e+31,0.000000
9,-9,44,3.3017941e+31,0.000000
7,-5,41,3.2899817e+31,0.000000
4,3,40,3.2871705e+31,0.000000
2,-1,-33,3.2860453e+31,0.000000
10,-7,15,3.2812545e+31,0.000000
6,2,16,3.2709029e+31,0.000000
7,7,11,3.2693242e+31,0.000000
8,-7,54,3.2607006e+31,0.000000
5,5,40,3.2593205e+31,0.000000
3,2,-12,3.237434e+31,0.000000
7,1,1,3.2305307e+31,0.000000
6,6,18,3.2058104e+31,0.000000
5,4,37,3.2037589e+31,0.000000
7,4,2,3.2036843e+31,0.000000
10,-10,26,3.2016746e+31,0.000000
8,-6,42,3.1943662e+31,0.000000
4,-3,-12,3.1935961e+31,0.000000
7,1,3,3.1926448e+31,0.000000
2,2,44,3.1808848e+31,0.000000
5,-2,30,3.1536959e+31,0.000000
9,-8,36,3.1455276e+31,0.000000
6,2,17,3.1437009e+31,0.000000
4,1,-20,3.1366016e+31,0.000000
6,2,15,3.1332454e+31,0.000000
4,2,-15,3.1327299e+31,0.000000
5,2,26,3.1304817e+31,0.000000
10,8,5,3.1027522e+31,0.000000
8,-4,8,3.0934213e+31,0.000000
2,-1,39,3.0660142e+31,0.000000
7,4,3,3.0608448e+31,0.000000
5,-1,-14,3.0434859e+31,0.000000
9,8,3,3.0370404e+31,0.000000
6,1,13,3.0353006e+31,0.000000
2,1,-26,3.0340396e+31,0.000000
9,-9,45,3.0335475e+31,0.000000
9,-6,20,3.0295528e+31,0.000000
7,5,12,3.0149866e+31,0.000000
7,5,13,3.0032566e+31,0.000000
9,9,10,3.0027094e+31,0.000000
4,-2,11,2.972766e+31,0.000000
7,3,11,2.9718898e+31,0.000000
6,5,27,2.9671171e+31,0.000000
3,-3,-23,2.9536253e+31,0.000000
3,-2,51,2.951058e+31,0.000000
3,-2,-17,2.9478752e+31,0.000000
5,-3,40,2.9295601e+31,0.000000
9,8,6,2.8968288e+31,0.000000
10,-7,5,2.8944111e+31,0.000000
6,-3,23,2.8901959e+31,0.000000
6,6,19,2.8765315e+31,0.000000
9,-7,38,2.8246544e+31,0.000000
4,4,-6,2.8233297e+31,0.000000
6,2,14,2.8181573e+31,0.000000
6,2,18,2.8137937e+31,0.000000
9,-9,46,2.8002358e+31,0.000000
9,-8,37,2.7996581e+31,0.000000
6,2,13,2.7836265e+31,0.000000
4,-1,-22,2.7789352e+31,0.000000
4,2,32,2.7759308e+31,0.000000
3,2,40,2.767756e+31,0.000000
7,1,4,2.7571814e+31,0.000000
5,-1,24,2.7361572e+31,0.000000
7,4,4,2.7217007e+31,0.000000
6,6,20,2.7126479e+31,0.000000
5,3,27,2.707958e+31,0.000000
10,-8,25,2.6881505e+31,0.000000
5,1,24,2.6793296e+31,0.000000
4,4,45,2.6749854e+31,0.000000
8,-7,55,2.66862e+31,0.000000
6,3,12,2.6636426e+31,0.000000
7,5,14,2.6511254e+31,0.000000
3,0,-34,2.6376528e+31,0.000000
3,0,34,2.6376528e+31,0.000000
10,-10,6,2.6372312e+31,0.000000
7,4,1,2.6021031e+31,0.000000
10,-10,5,2.6016742e+31,0.000000
3,-1,40,2.5992678e+31,0.000000
9,-5,9,2.5959357e+31,0.000000
9,-9,47,2.5924713e+31,0.000000
6,-2,25,2.5865977e+31,0.000000
6,5,28,2.5587798e+31,0.000000
6,6,21,2.5500228e+31,0.000000
3,3,46,2.5478337e+31,0.000000
8,-5,25,2.5438447e+31,0.000000
4,-1,26,2.5402566e+31,0.000000
4,-4,-14,2.5316119e+31,0.000000
5,5,41,2.5100811e+31,0.000000
9,-8,38,2.5053333e+31,0.000000
5,2,-6,2.4925962e+31,0.000000
9,9,7,2.4884857e+31,0.000000
7,-2,6,2.4655678e+31,0.000000
10,-10,27,2.4579571e+31,0.000000
4,0,-28,2.4572353e+31,0.000000
4,0,28,2.4572353e+31,0.000000
5,1,-17,2.4553302e+31,0.000000
9,-6,2,2.4456715e+31,0.000000
8,6,7,2.4418662e+31,0.000000
7,5,15,2.4305231e+31,0.000000
9,-9,48,2.4030394e+31,0.000000
2,0,-38,2.3985637e+31,0.000000
2,0,38,2.3985637e+31,0.000000
9,-6,21,2.3955003e+31,0.000000
6,6,22,2.3949626e+31,0.000000
7,4,5,2.3878581e+31,0.000000
10,-9,23,2.3791856e+31,0.000000
6,2,19,2.3783625e+31,0.000000
5,4,38,2.3723403e+31,0.000000
8,-6,43,2.3414856e+31,0.000000
9,-8,1,2.3204048e+31,0.000000
6,6,23,2.3041864e+31,0.000000
9,-7,39,2.2867181e+31,0.000000
7,7,3,2.2822912e+31,0.000000
6,-3,24,2.2779941e+31,0.000000
4,-2,12,2.2766653e+31,0.000000
7,3,12,2.2763532e+31,0.000000
10,-9,6,2.2639296e+31,0.000000
6,1,0,2.2609296e+31,0.000000
9,-8,39,2.2521169e+31,0.000000
7,-3,15,2.2511871e+31,0.000000
4,3,41,2.2465686e+31,0.000000
9,-9,49,2.2266859e+31,0.000000
6,6,24,2.2228546e+31,0.000000
7,-5,42,2.1940168e+31,0.000000
6,5,29,2.1858987e+31,0.000000
7,5,16,2.181986e+31,0.000000
6,-4,34,2.1649597e+31,0.000000
6,1,14,2.1522622e+31,0.000000
3,3,-12,2.1503536e+31,0.000000
10,-8,26,2.1460426e+31,0.000000
6,6,25,2.138352e+31,0.000000
5,-1,-15,2.1376363e+31,0.000000
7,-4,22,2.1342923e+31,0.000000
6,4,23,2.1211442e+31,0.000000
6,-1,1,2.1063781e+31,0.000000
8,8,39,2.0996177e+31,0.000000
7,4,6,2.0984012e+31,0.000000
2,2,-17,2.096124e+31,0.000000
7,4,0,2.0957653e+31,0.000000
9,-9,50,2.0598314e+31,0.000000
10,-7,16,2.0589154e+31,0.000000
6,6,26,2.0438867e+31,0.000000
9,-8,40,2.0315109e+31,0.000000
5,3,28,2.025323e+31,0.000000
2,1,34,2.0089405e+31,0.000000
7,-5,-4,2.0070052e+31,0.000000
8,-3,5,1.9930247e+31,0.000000
5,2,27,1.9820555e+31,0.000000
2,2,45,1.9749585e+31,0.000000
3,-1,-31,1.9731648e+31,0.000000
10,-8,3,1.9603212e+31,0.000000
6,6,27,1.9464409e+31,0.000000
9,-8,2,1.930981e+31,0.000000
4,1,24,1.9271542e+31,0.000000
5,5,42,1.9267441e+31,0.000000
6,2,20,1.9203072e+31,0.000000
10,-10,28,1.918476e+31,0.000000
7,5,17,1.9158604e+31,0.000000
9,-6,22,1.9129235e+31,0.000000
7,-1,4,1.9106761e+31,0.000000
4,4,46,1.9100178e+31,0.000000
9,-9,51,1.9002555e+31,0.000000
5,-2,31,1.8901406e+31,0.000000
5,-3,41,1.8894144e+31,0.000000
7,4,-2,1.8887036e+31,0.000000
6,0,-13,1.8848763e+31,0.000000
6,0,13,1.8848763e+31,0.000000
9,9,17,1.8832981e+31,0.000000
4,-3,-13,1.8815474e+31,0.000000
5,5,-5,1.8752491e+31,0.000000
6,5,30,1.8509003e+31,0.000000
3,-1,41,1.8491007e+31,0.000000
7,4,7,1.8483912e+31,0.000000
9,-7,40,1.8415411e+31,0.000000
3,1,28,1.8410288e+31,0.000000
9,-8,41,1.8367294e+31,0.000000
4,1,-21,1.826911e+31,0.000000
2,-1,-34,1.8215702e+31,0.000000
3,-2,52,1.8200853e+31,0.000000
6,6,28,1.816373e+31,0.000000
10,8,3,1.8048237e+31,0.000000
8,-4,1,1.8040718e+31,0.000000
10,10,5,1.7982664e+31,0.000000
3,1,-27,1.7901613e+31,0.000000
4,-1,27,1.787011e+31,0.000000
8,-4,9,1.7840885e+31,0.000000
8,-5,26,1.7696939e+31,0.000000
6,2,-4,1.7656665e+31,0.000000
6,-2,26,1.7628115e+31,0.000000
5,0,-13,1.7613757e+31,0.000000
5,0,13,1.7613757e+31,0.000000
6,-3,25,1.7596679e+31,0.000000
10,-9,24,1.7537131e+31,0.000000
7,-2,1,1.7524044e+31,0.000000
5,4,39,1.7523448e+31,0.000000
9,-9,52,1.7467816e+31,0.000000
10,-8,27,1.7380366e+31,0.000000
3,2,41,1.7257775e+31,0.000000
7,1,5,1.7226913e+31,0.000000
8,-6,44,1.7133018e+31,0.000000
3,3,47,1.6953586e+31,0.000000
6,6,29,1.6855941e+31,0.000000
4,-2,13,1.6739744e+31,0.000000
9,-8,42,1.6624834e+31,0.000000
9,7,6,1.6592393e+31,0.000000
10,-6,5,1.654201e+31,0.000000
7,3,13,1.6525499e+31,0.000000
7,5,18,1.645823e+31,0.000000
3,0,-35,1.6345088e+31,0.000000
3,0,35,1.6345088e+31,0.000000
2,1,-27,1.6341313e+31,0.000000
8,-5,-1,1.6309813e+31,0.000000
4,-1,28,1.6249235e+31,0.000000
7,4,8,1.6222132e+31,0.000000
4,-1,-23,1.6156943e+31,0.000000
4,0,-29,1.6096896e+31,0.000000
4,0,29,1.6096896e+31,0.000000
9,-9,53,1.5989871e+31,0.000000
4,2,33,1.5869992e+31,0.000000
5,1,-18,1.576823e+31,0.000000
3,-3,-24,1.5707376e+31,0.000000
4,-1,29,1.5642871e+31,0.000000
5,2,-7,1.5605229e+31,0.000000
6,5,31,1.5542447e+31,0.000000
6,6,30,1.5463641e+31,0.000000
9,-6,23,1.5363122e+31,0.000000
4,3,42,1.5346375e+31,0.000000
10,-10,29,1.5168556e+31,0.000000
9,8,10,1.5163179e+31,0.000000
9,-8,43,1.504763e+31,0.000000
6,3,13,1.5027817e+31,0.000000
6,0,-1,1.4955832e+31,0.000000
6,0,1,1.4955832e+31,0.000000
6,2,21,1.494115e+31,0.000000
2,-2,-26,1.4923326e+31,0.000000
5,3,29,1.4861433e+31,0.000000
6,1,15,1.4798363e+31,0.000000
4,2,-16,1.4794122e+31,0.000000
9,-7,41,1.4756474e+31,0.000000
5,5,43,1.4748094e+31,0.000000
3,2,-13,1.4655124e+31,0.000000
7,-5,43,1.4637002e+31,0.000000
4,-1,30,1.4608065e+31,0.000000
9,-9,54,1.4569507e+31,0.000000
5,-1,-16,1.450728e+31,0.000000
5,-1,25,1.4407944e+31,0.000000
7,1,2,1.4345655e+31,0.000000
5,-2,-5,1.4341235e+31,0.000000
10,-8,28,1.4261748e+31,0.000000
5,1,25,1.4240779e+31,0.000000
7,4,9,1.4067512e+31,0.000000
6,6,31,1.4035907e+31,0.000000
9,9,16,1.3985895e+31,0.000000
2,0,-39,1.3953752e+31,0.000000
2,0,39,1.3953752e+31,0.000000
9,-5,10,1.3868884e+31,0.000000
7,5,19,1.3846397e+31,0.000000
7,-3,16,1.368814e+31,0.000000
4,4,47,1.3632429e+31,0.000000
9,-8,44,1.3606185e+31,0.000000
5,-2,-6,1.3604928e+31,0.000000
10,-7,17,1.3582333e+31,0.000000
7,-2,0,1.3426528e+31,0.000000
6,-3,26,1.3353133e+31,0.000000
10,-9,25,1.3260572e+31,0.000000
9,-9,55,1.3210468e+31,0.000000
10,9,3,1.3111701e+31,0.000000
7,7,13,1.3051951e+31,0.000000
4,-1,31,1.3007873e+31,0.000000
3,-1,42,1.2963798e+31,0.000000
6,5,32,1.2950663e+31,0.000000
6,4,24,1.2924428e+31,0.000000
5,4,40,1.2915229e+31,0.000000
5,-3,-7,1.2808939e+31,0.000000
10,-6,10,1.2789019e+31,0.000000
7,6,9,1.2723617e+31,0.000000
6,6,32,1.2612481e+31,0.000000
7,-2,7,1.2577534e+31,0.000000
4,3,-5,1.2573269e+31,0.000000
8,-6,45,1.2518617e+31,0.000000
5,2,28,1.2444697e+31,0.000000
9,-6,24,1.2364176e+31,0.000000
9,-8,45,1.2279489e+31,0.000000
2,2,46,1.2276546e+31,0.000000
5,3,-6,1.2214011e+31,0.000000
4,-4,-15,1.2211437e+31,0.000000
10,-9,5,1.2148305e+31,0.000000
10,-10,30,1.2137317e+31,0.000000
5,-3,42,1.2135785e+31,0.000000
8,-5,27,1.2090142e+31,0.000000
3,-2,-18,1.2084917e+31,0.000000
8,6,8,1.2047622e+31,0.000000
7,2,0,1.1982924e+31,0.000000
7,4,10,1.1961697e+31,0.000000
4,-2,14,1.1906119e+31,0.000000
6,-2,27,1.1852178e+31,0.000000
10,-8,29,1.1846854e+31,0.000000
8,8,27,1.1797937e+31,0.000000
9,-7,42,1.1768882e+31,0.000000
8,-4,10,1.1756524e+31,0.000000
8,-6,-4,1.1700173e+31,0.000000
9,-5,2,1.169742e+31,0.000000
9,-7,-1,1.1551489e+31,0.000000
3,-2,53,1.151171e+31,0.000000
7,5,20,1.1426254e+31,0.000000
7,3,14,1.1414623e+31,0.000000
10,8,6,1.1304895e+31,0.000000
10,-8,0,1.1288186e+31,0.000000
6,2,22,1.1277821e+31,0.000000
3,3,48,1.126813e+31,0.000000
5,5,44,1.1259696e+31,0.000000
8,8,48,1.1244285e+31,0.000000
5,-2,32,1.1235121e+31,0.000000
6,6,33,1.1207789e+31,0.000000
6,3,18,1.1149205e+31,0.000000
7,-4,23,1.1118165e+31,0.000000
4,-1,32,1.1085804e+31,0.000000
9,-8,46,1.1053055e+31,0.000000
4,-3,-14,1.1028753e+31,0.000000
6,3,19,1.0897692e+31,0.000000
6,3,17,1.0856166e+31,0.000000
3,2,42,1.0741875e+31,0.000000
5,3,30,1.0730984e+31,0.000000
6,5,33,1.0713685e+31,0.000000
3,-1,-32,1.0604868e+31,0.000000
4,1,-22,1.0584858e+31,0.000000
5,-2,-7,1.0555557e+31,0.000000
6,3,14,1.0526931e+31,0.000000
9,8,9,1.0525016e+31,0.000000
4,3,43,1.0477751e+31,0.000000
4,0,-30,1.0458985e+31,0.000000
4,0,30,1.0458985e+31,0.000000
6,0,-14,1.0299218e+31,0.000000
6,0,14,1.0299218e+31,0.000000
10,-9,26,1.0244789e+31,0.000000
6,3,16,1.0167965e+31,0.000000
6,3,20,1.0167561e+31,0.000000
3,0,-36,1.0125779e+31,0.000000
3,0,36,1.0125779e+31,0.000000
2,-1,-35,1.011867e+31,0.000000
6,6,-5,1.0007877e+31,0.000000
6,-3,27,9.9751919e+30,0.000000
10,-8,30,9.9545375e+30,0.000000
5,1,-19,9.9468943e+30,0.000000
9,-6,25,9.9406404e+30,0.000000
9,-8,47,9.9171829e+30,0.000000
7,4,11,9.9159306e+30,0.000000
6,1,16,9.8899097e+30,0.000000
6,6,34,9.8693511e+30,0.000000
10,-10,31,9.8403599e+30,0.000000
3,3,-13,9.8005896e+30,0.000000
7,-5,44,9.7713958e+30,0.000000
4,4,48,9.7260662e+30,0.000000
6,3,15,9.6460383e+30,0.000000
5,-1,-17,9.5810755e+30,0.000000
3,1,-28,9.5116625e+30,0.000000
5,4,41,9.4999978e+30,0.000000
9,8,8,9.4854348e+30,0.000000
7,-1,5,9.4841526e+30,0.000000
10,10,10,9.392472e+30,0.000000
5,2,-8,9.3657667e+30,0.000000
4,-1,-24,9.3648498e+30,0.000000
9,-7,43,9.3446278e+30,0.000000
10,-7,18,9.338645e+30,0.000000
8,7,9,9.3182185e+30,0.000000
10,-7,4,9.3153477e+30,0.000000
2,1,35,9.2779411e+30,0.000000
5,0,-14,9.2720124e+30,0.000000
5,0,14,9.2720124e+30,0.000000
7,5,21,9.2608678e+30,0.000000
8,-6,46,9.1368742e+30,0.000000
6,-4,35,9.1142359e+30,0.000000
4,-1,33,9.1110396e+30,0.000000
6,3,21,9.1099558e+30,0.000000
4,3,-6,9.1069259e+30,0.000000
4,2,34,8.990524e+30,0.000000
3,-1,43,8.9667906e+30,0.000000
7,7,14,8.9574988e+30,0.000000
5,-2,-4,8.922e+30,0.000000
7,2,3,8.8789355e+30,0.000000
8,-3,3,8.8656535e+30,0.000000
9,-8,48,8.865491e+30,0.000000
7,1,6,8.8549555e+30,0.000000
9,7,8,8.8493695e+30,0.000000
2,1,-28,8.8254096e+30,0.000000
6,5,34,8.8021442e+30,0.000000
8,-4,11,8.6173236e+30,0.000000
6,6,35,8.6125897e+30,0.000000
5,5,45,8.5766153e+30,0.000000
5,4,-4,8.5161055e+30,0.000000
8,4,-1,8.4620971e+30,0.000000
10,-8,31,8.4533814e+30,0.000000
10,-9,4,8.4527358e+30,0.000000
10,-8,-1,8.4367662e+30,0.000000
2,2,-18,8.4075853e+30,0.000000
3,-3,-25,8.4071489e+30,0.000000
4,4,-7,8.3898943e+30,0.000000
6,2,23,8.3010454e+30,0.000000
9,-5,11,8.2796381e+30,0.000000
4,-2,15,8.2337215e+30,0.000000
7,2,2,8.1423318e+30,0.000000
2,0,-40,8.1212415e+30,0.000000
2,0,40,8.1212415e+30,0.000000
8,-5,28,8.1044251e+30,0.000000
10,-10,32,8.1015279e+30,0.000000
10,-9,27,8.0665034e+30,0.000000
7,-3,17,7.9902204e+30,0.000000
7,4,12,7.9835045e+30,0.000000
9,-6,26,7.9639338e+30,0.000000
6,-3,-2,7.9451496e+30,0.000000
9,-8,49,7.8937277e+30,0.000000
6,3,22,7.8857656e+30,0.000000
6,-2,28,7.8755052e+30,0.000000
4,1,25,7.8332315e+30,0.000000
8,8,12,7.7992387e+30,0.000000
9,9,12,7.7964152e+30,0.000000
5,-3,43,7.7606926e+30,0.000000
2,-1,40,7.7541342e+30,0.000000
5,2,29,7.7499126e+30,0.000000
6,4,25,7.7370239e+30,0.000000
9,8,11,7.6748328e+30,0.000000
2,2,47,7.6450894e+30,0.000000
5,3,31,7.6429434e+30,0.000000
8,8,7,7.6283595e+30,0.000000
3,-2,54,7.5612093e+30,0.000000
7,3,15,7.5186914e+30,0.000000
3,3,49,7.4790342e+30,0.000000
6,6,36,7.4528906e+30,0.000000
5,-1,26,7.4496132e+30,0.000000
5,1,26,7.4355989e+30,0.000000
7,2,4,7.4243091e+30,0.000000
9,-7,44,7.3890205e+30,0.000000
7,5,22,7.3847476e+30,0.000000
5,-2,-8,7.3730924e+30,0.000000
5,0,-15,7.3596324e+30,0.000000
5,0,15,7.3596324e+30,0.000000
6,-3,28,7.3493459e+30,0.000000
5,0,-16,7.2842357e+30,0.000000
5,0,16,7.2842357e+30,0.000000
5,0,-17,7.27685e+30,0.000000
5,0,17,7.27685e+30,0.000000
4,-1,34,7.2726147e+30,0.000000
10,-8,32,7.2459409e+30,0.000000
6,5,35,7.1860724e+30,0.000000
4,3,44,7.1495247e+30,0.000000
7,6,5,7.1163447e+30,0.000000
7,-6,-5,7.1064492e+30,0.000000
10,-6,4,7.0460669e+30,0.000000
7,6,4,7.0395941e+30,0.000000
9,-8,50,6.998857e+30,0.000000
5,4,42,6.975563e+30,0.000000
4,2,-17,6.9484483e+30,0.000000
4,4,49,6.9360812e+30,0.000000
8,-5,-2,6.9160898e+30,0.000000
8,-3,6,6.902933e+30,0.000000
5,0,-18,6.8644508e+30,0.000000
5,0,18,6.8644508e+30,0.000000
6,1,-3,6.8376463e+30,0.000000
8,-4,12,6.8219518e+30,0.000000
10,-10,33,6.7857844e+30,0.000000
4,0,-31,6.7499872e+30,0.000000
4,0,31,6.7499872e+30,0.000000
3,2,43,6.6717856e+30,0.000000
8,-6,47,6.6633273e+30,0.000000
10,9,6,6.6627506e+30,0.000000
10,-7,19,6.6511285e+30,0.000000
8,7,10,6.6495594e+30,0.000000
6,3,23,6.6290821e+30,0.000000
5,-2,33,6.6208189e+30,0.000000
7,-2,8,6.6157749e+30,0.000000
3,2,-14,6.5668373e+30,0.000000
7,-5,45,6.5291428e+30,0.000000
5,5,46,6.5195767e+30,0.000000
7,6,3,6.489721e+30,0.000000
10,-9,28,6.4646571e+30,0.000000
4,-3,-15,6.4411181e+30,0.000000
7,7,15,6.4380031e+30,0.000000
6,1,17,6.4362529e+30,0.000000
6,6,37,6.3930908e+30,0.000000
8,-7,-6,6.3663863e+30,0.000000
10,9,8,6.3659879e+30,0.000000
9,9,11,6.3633852e+30,0.000000
9,-6,27,6.345141e+30,0.000000
3,0,-37,6.2702837e+30,0.000000
3,0,37,6.2702837e+30,0.000000
10,-8,33,6.2592978e+30,0.000000
7,4,13,6.2284769e+30,0.000000
3,1,29,6.2165034e+30,0.000000
5,-1,-18,6.190235e+30,0.000000
5,1,-20,6.1808391e+30,0.000000
9,-8,51,6.1783911e+30,0.000000
7,7,12,6.1550579e+30,0.000000
3,-1,44,6.1223551e+30,0.000000
4,1,-23,6.1050709e+30,0.000000
5,0,-19,6.0837003e+30,0.000000
5,0,19,6.0837003e+30,0.000000
10,-8,2,6.0600375e+30,0.000000
10,10,44,6.008615e+30,0.000000
6,2,24,5.9821055e+30,0.000000
8,8,13,5.9264146e+30,0.000000
4,-4,-16,5.9167112e+30,0.000000
7,-4,24,5.8732079e+30,0.000000
6,5,36,5.8319302e+30,0.000000
9,-6,1,5.8290427e+30,0.000000
9,-7,45,5.8201335e+30,0.000000
7,5,23,5.8016852e+30,0.000000
10,-10,34,5.7849312e+30,0.000000
9,9,25,5.7619959e+30,0.000000
6,6,38,5.756852e+30,0.000000
2,-2,-27,5.7306041e+30,0.000000
10,9,9,5.7210548e+30,0.000000
3,-1,-33,5.6956611e+30,0.000000
10,10,2,5.6828287e+30,0.000000
4,-1,35,5.6709313e+30,0.000000
8,-4,13,5.6507519e+30,0.000000
2,-1,-36,5.6321226e+30,0.000000
4,-2,16,5.556807e+30,0.000000
7,2,5,5.5118844e+30,0.000000
5,2,-9,5.4947259e+30,0.000000
2,-1,45,5.4883094e+30,0.000000
10,-6,11,5.4627251e+30,0.000000
10,-8,34,5.4390362e+30,0.000000
6,3,24,5.4351148e+30,0.000000
9,-8,52,5.4299361e+30,0.000000
6,0,-15,5.4164931e+30,0.000000
6,0,15,5.4164931e+30,0.000000
4,-1,-25,5.413826e+30,0.000000
5,3,32,5.3796545e+30,0.000000
6,-3,29,5.3489547e+30,0.000000
2,-1,46,5.3266244e+30,0.000000
8,-5,29,5.3254197e+30,0.000000
10,-9,29,5.2697432e+30,0.000000
6,5,-4,5.2475817e+30,0.000000
7,3,-2,5.2430306e+30,0.000000
3,-2,55,5.2181788e+30,0.000000
9,-5,12,5.2053079e+30,0.000000
6,-2,29,5.1795649e+30,0.000000
9,8,29,5.1617054e+30,0.000000
9,-8,-6,5.1455027e+30,0.000000
6,-1,2,5.1373793e+30,0.000000
5,4,43,5.1139785e+30,0.000000
5,0,-20,5.1106423e+30,0.000000
5,0,20,5.1106423e+30,0.000000
3,1,-29,5.0564166e+30,0.000000
2,-1,44,5.0448662e+30,0.000000
4,2,35,5.0391264e+30,0.000000
9,-6,28,5.0200661e+30,0.000000
8,7,11,5.0125137e+30,0.000000
10,-10,35,5.0122647e+30,0.000000
3,3,50,4.9564458e+30,0.000000
5,5,47,4.9472258e+30,0.000000
4,4,50,4.9439457e+30,0.000000
4,3,-7,4.9392367e+30,0.000000
5,-3,44,4.9384866e+30,0.000000
10,7,5,4.8883628e+30,0.000000
10,-7,20,4.8838074e+30,0.000000
4,3,45,4.8751242e+30,0.000000
8,-6,48,4.8569617e+30,0.000000
5,-2,-9,4.8249837e+30,0.000000
9,9,15,4.8134908e+30,0.000000
5,2,30,4.7870855e+30,0.000000
3,-2,-19,4.7832132e+30,0.000000
2,1,-29,4.7794512e+30,0.000000
2,-1,47,4.7789751e+30,0.000000
2,2,48,4.7743504e+30,0.000000
8,-4,14,4.7664266e+30,0.000000
9,-8,53,4.7509102e+30,0.000000
10,-8,35,4.74501e+30,0.000000
2,0,-41,4.7321805e+30,0.000000
2,0,41,4.7321805e+30,0.000000
5,1,-1,4.7290288e+30,0.000000
7,3,16,4.7262491e+30,0.000000
6,5,37,4.7067691e+30,0.000000
7,4,14,4.7023737e+30,0.000000
3,1,32,4.6951294e+30,0.000000
3,1,33,4.6738385e+30,0.000000
10,-8,1,4.6501482e+30,0.000000
4,-3,-4,4.6381655e+30,0.000000
3,3,-14,4.6034532e+30,0.000000
6,6,39,4.6014404e+30,0.000000
6,2,-7,4.5873858e+30,0.000000
9,-7,46,4.5679543e+30,0.000000
10,-9,3,4.5659486e+30,0.000000
6,4,26,4.5473604e+30,0.000000
3,-3,-26,4.5275156e+30,0.000000
7,5,24,4.4985097e+30,0.000000
7,-3,18,4.4559049e+30,0.000000
10,-10,36,4.4003648e+30,0.000000
7,-5,46,4.367442e+30,0.000000
10,-9,30,4.3661739e+30,0.000000
6,3,25,4.3614722e+30,0.000000
4,-1,36,4.3395616e+30,0.000000
4,0,-32,4.331671e+30,0.000000
4,0,32,4.331671e+30,0.000000
3,1,31,4.2735589e+30,0.000000
3,1,34,4.261004e+30,0.000000
6,2,25,4.2341996e+30,0.000000
9,9,0,4.2317806e+30,0.000000
7,-1,6,4.227959e+30,0.000000
10,-8,36,4.1480859e+30,0.000000
7,6,10,4.1460437e+30,0.000000
9,-8,54,4.1383991e+30,0.000000
3,2,44,4.1334014e+30,0.000000
3,-1,45,4.1271501e+30,0.000000
9,-9,-7,4.1167636e+30,0.000000
5,0,-21,4.1099918e+30,0.000000
5,0,21,4.1099918e+30,0.000000
2,1,36,4.0916291e+30,0.000000
6,1,18,4.0845158e+30,0.000000
6,-2,-4,4.0599766e+30,0.000000
2,-1,48,4.0460041e+30,0.000000
8,-4,15,4.0165583e+30,0.000000
7,6,2,4.0027225e+30,0.000000
3,1,30,3.9682007e+30,0.000000
6,2,-8,3.9535925e+30,0.000000
9,-6,29,3.9398142e+30,0.000000
5,-1,-19,3.9285048e+30,0.000000
10,8,10,3.9029262e+30,0.000000
10,-10,37,3.8992672e+30,0.000000
2,-1,43,3.8898966e+30,0.000000
7,1,7,3.8856607e+30,0.000000
3,0,-38,3.880489e+30,0.000000
3,0,38,3.880489e+30,0.000000
10,10,6,3.8793257e+30,0.000000
6,6,40,3.8684739e+30,0.000000
5,-2,34,3.8657576e+30,0.000000
6,-3,30,3.8511876e+30,0.000000
4,1,26,3.8433158e+30,0.000000
5,1,27,3.8051395e+30,0.000000
5,1,-21,3.7921827e+30,0.000000
6,5,38,3.7789881e+30,0.000000
5,-1,27,3.7738598e+30,0.000000
7,2,6,3.7587319e+30,0.000000
4,-3,-16,3.7522879e+30,0.000000
10,10,27,3.7491796e+30,0.000000
5,5,48,3.7488465e+30,0.000000
5,3,33,3.7480015e+30,0.000000
5,4,44,3.7440975e+30,0.000000
8,-2,3,3.7375302e+30,0.000000
8,-2,2,3.7360203e+30,0.000000
6,-4,36,3.7355362e+30,0.000000
10,-7,21,3.6826898e+30,0.000000
6,2,-6,3.6754969e+30,0.000000
6,1,-4,3.675126e+30,0.000000
10,-9,31,3.6723208e+30,0.000000
4,-2,17,3.6700631e+30,0.000000
8,4,2,3.6582246e+30,0.000000
8,-3,7,3.6406737e+30,0.000000
3,1,35,3.6373164e+30,0.000000
10,-8,37,3.6274994e+30,0.000000
7,-2,9,3.6186441e+30,0.000000
9,-8,55,3.589109e+30,0.000000
9,-7,47,3.5733271e+30,0.000000
7,7,2,3.5476542e+30,0.000000
8,-6,49,3.5394874e+30,0.000000
9,9,13,3.5377374e+30,0.000000
4,4,51,3.5217873e+30,0.000000
8,4,1,3.5112362e+30,0.000000
4,1,-24,3.5077524e+30,0.000000
10,-10,38,3.4741028e+30,0.000000
7,-4,25,3.4667776e+30,0.000000
10,9,10,3.4492005e+30,0.000000
7,5,25,3.4424422e+30,0.000000
6,3,26,3.4353554e+30,0.000000
7,4,15,3.4323813e+30,0.000000
8,-5,30,3.4261981e+30,0.000000
10,-7,3,3.398358e+30,0.000000
6,-2,30,3.3758407e+30,0.000000
5,-3,-8,3.3720478e+30,0.000000
9,-5,13,3.352897e+30,0.000000
8,-4,16,3.3412482e+30,0.000000
2,2,-19,3.3386038e+30,0.000000
4,3,46,3.3214406e+30,0.000000
3,3,51,3.2794639e+30,0.000000
2,-1,49,3.2726219e+30,0.000000
4,-1,37,3.2705521e+30,0.000000
4,2,-18,3.2383262e+30,0.000000
9,8,39,3.2349756e+30,0.000000
6,6,41,3.22531e+30,0.000000
8,-6,-6,3.2165004e+30,0.000000
8,-4,-1,3.2121886e+30,0.000000
5,0,-22,3.1908627e+30,0.000000
5,0,22,3.1908627e+30,0.000000
5,2,-10,3.1742607e+30,0.000000
10,-8,38,3.1686819e+30,0.000000
2,-1,-37,3.1411522e+30,0.000000
10,-9,32,3.1296391e+30,0.000000
8,-4,0,3.1256558e+30,0.000000
5,-3,45,3.1245728e+30,0.000000
4,-1,-26,3.1225899e+30,0.000000
10,-10,39,3.1022195e+30,0.000000
8,4,3,3.0877833e+30,0.000000
9,-6,30,3.0650571e+30,0.000000
3,-1,-34,3.0554793e+30,0.000000
9,-6,0,3.0396037e+30,0.000000
6,5,39,3.0194103e+30,0.000000
5,-2,-10,3.0164855e+30,0.000000
9,-5,1,2.9988503e+30,0.000000
2,2,49,2.9943761e+30,0.000000
7,7,-4,2.9891443e+30,0.000000
10,8,9,2.9861405e+30,0.000000
7,6,11,2.9826872e+30,0.000000
10,8,8,2.9797436e+30,0.000000
8,7,3,2.9769832e+30,0.000000
3,1,36,2.9572148e+30,0.000000
6,2,26,2.9511482e+30,0.000000
5,2,31,2.9326574e+30,0.000000
10,-6,12,2.9274204e+30,0.000000
6,2,-9,2.925258e+30,0.000000
7,-5,47,2.9249428e+30,0.000000
3,2,-15,2.8986755e+30,0.000000
9,9,31,2.8898113e+30,0.000000
4,-4,-17,2.8803958e+30,0.000000
4,4,-8,2.8485877e+30,0.000000
9,9,24,2.846075e+30,0.000000
10,-7,22,2.8417533e+30,0.000000
5,5,49,2.8358815e+30,0.000000
7,3,17,2.8328841e+30,0.000000
2,-2,-28,2.8266306e+30,0.000000
4,2,36,2.7884974e+30,0.000000
10,9,7,2.7875712e+30,0.000000
9,-7,48,2.786784e+30,0.000000
8,6,3,2.7726059e+30,0.000000
10,-10,40,2.7701288e+30,0.000000
4,0,-33,2.7663418e+30,0.000000
4,0,33,2.7663418e+30,0.000000
2,0,-42,2.76401e+30,0.000000
2,0,42,2.76401e+30,0.000000
10,10,9,2.761512e+30,0.000000
10,-8,39,2.7615014e+30,0.000000
3,-1,46,2.7466184e+30,0.000000
6,-3,31,2.746364e+30,0.000000
5,4,45,2.7379303e+30,0.000000
6,0,-16,2.734398e+30,0.000000
6,0,16,2.734398e+30,0.000000
4,1,27,2.7263438e+30,0.000000
8,-4,17,2.7250521e+30,0.000000
10,-9,33,2.6962387e+30,0.000000
3,1,-30,2.6889104e+30,0.000000
6,6,42,2.6762366e+30,0.000000
6,3,27,2.6622413e+30,0.000000
8,6,4,2.6405458e+30,0.000000
7,2,1,2.6355039e+30,0.000000
6,4,27,2.6211282e+30,0.000000
7,5,26,2.6059823e+30,0.000000
9,9,18,2.6038892e+30,0.000000
2,1,-30,2.5954102e+30,0.000000
8,6,9,2.5884627e+30,0.000000
5,3,34,2.5879626e+30,0.000000
8,-6,50,2.5794906e+30,0.000000
4,3,-8,2.5742037e+30,0.000000
4,3,-4,2.5635304e+30,0.000000
10,10,7,2.5552902e+30,0.000000
3,2,45,2.5535601e+30,0.000000
2,-1,50,2.5482818e+30,0.000000
7,-4,26,2.5461159e+30,0.000000
6,1,19,2.53007e+30,0.000000
4,1,28,2.5162091e+30,0.000000
4,4,52,2.5067774e+30,0.000000
7,6,12,2.4837335e+30,0.000000
10,-10,41,2.4706429e+30,0.000000
9,9,14,2.4665199e+30,0.000000
7,7,-3,2.4664172e+30,0.000000
8,4,4,2.4642804e+30,0.000000
4,1,29,2.4596945e+30,0.000000
5,-1,-20,2.4568012e+30,0.000000
3,-3,-27,2.4525135e+30,0.000000
6,-2,-8,2.4465498e+30,0.000000
10,10,8,2.4409581e+30,0.000000
4,-1,38,2.4344581e+30,0.000000
8,6,5,2.4291095e+30,0.000000
5,3,-7,2.4239452e+30,0.000000
10,-6,3,2.4204413e+30,0.000000
7,4,16,2.4201321e+30,0.000000
5,0,-23,2.4075417e+30,0.000000
5,0,23,2.4075417e+30,0.000000
6,5,40,2.4015343e+30,0.000000
3,0,-39,2.3995498e+30,0.000000
3,0,39,2.3995498e+30,0.000000
10,-8,40,2.3988823e+30,0.000000
10,-9,-6,2.3852166e+30,0.000000
6,-2,-7,2.3834216e+30,0.000000
4,-2,18,2.3775443e+30,0.000000
2,-1,42,2.3750621e+30,0.000000
7,2,7,2.3724925e+30,0.000000
9,-6,31,2.3627362e+30,0.000000
7,-3,19,2.3607481e+30,0.000000
7,6,0,2.3594215e+30,0.000000
10,-9,34,2.3425751e+30,0.000000
4,1,30,2.329344e+30,0.000000
8,4,0,2.3287722e+30,0.000000
7,-4,29,2.3276777e+30,0.000000
8,8,17,2.3239515e+30,0.000000
3,1,37,2.3171621e+30,0.000000
7,-4,27,2.3066526e+30,0.000000
7,-4,28,2.3060513e+30,0.000000
5,1,-22,2.3018938e+30,0.000000
7,6,-3,2.3001422e+30,0.000000
10,9,17,2.2888749e+30,0.000000
7,-4,30,2.2858963e+30,0.000000
7,7,0,2.2827861e+30,0.000000
8,-3,8,2.2721072e+30,0.000000
4,3,47,2.2605371e+30,0.000000
7,6,13,2.2567277e+30,0.000000
10,-7,23,2.2367118e+30,0.000000
5,-2,35,2.2344044e+30,0.000000
8,6,-3,2.2179071e+30,0.000000
3,3,-15,2.2131616e+30,0.000000
6,6,43,2.2090213e+30,0.000000
10,-10,42,2.2004535e+30,0.000000
9,-5,14,2.1920301e+30,0.000000
8,6,2,2.1894649e+30,0.000000
6,-2,31,2.1826849e+30,0.000000
4,-3,-17,2.1822886e+30,0.000000
7,-2,10,2.1708813e+30,0.000000
8,-4,18,2.1708721e+30,0.000000
10,10,-3,2.1679226e+30,0.000000
9,-7,49,2.1673483e+30,0.000000
3,3,52,2.166729e+30,0.000000
7,-4,31,2.1642337e+30,0.000000
8,-5,31,2.154985e+30,0.000000
10,10,12,2.1474283e+30,0.000000
5,5,50,2.1433729e+30,0.000000
7,7,17,2.138539e+30,0.000000
2,-1,41,2.1158857e+30,0.000000
7,6,14,2.1126292e+30,0.000000
4,1,31,2.1010071e+30,0.000000
7,7,-2,2.0842135e+30,0.000000
10,-8,41,2.0757614e+30,0.000000
7,6,-2,2.074101e+30,0.000000
10,-9,35,2.0482217e+30,0.000000
8,8,14,2.0418098e+30,0.000000
6,-2,-9,2.0410751e+30,0.000000
6,3,28,2.033794e+30,0.000000
6,2,27,2.029588e+30,0.000000
4,1,-25,2.0088628e+30,0.000000
5,4,46,2.0001302e+30,0.000000
6,2,-10,1.9995196e+30,0.000000
7,5,-4,1.9820348e+30,0.000000
8,4,-2,1.9790797e+30,0.000000
7,-4,32,1.9776054e+30,0.000000
5,-3,46,1.9632883e+30,0.000000
7,-5,48,1.9613049e+30,0.000000
10,-10,43,1.9582701e+30,0.000000
7,5,27,1.95272e+30,0.000000
8,7,13,1.950524e+30,0.000000
6,-3,32,1.9418735e+30,0.000000
2,-1,51,1.9192824e+30,0.000000
8,6,-2,1.905455e+30,0.000000
6,5,41,1.9022989e+30,0.000000
5,1,28,1.9021525e+30,0.000000
9,7,9,1.9005317e+30,0.000000
2,2,50,1.8898448e+30,0.000000
8,4,5,1.8835865e+30,0.000000
8,-6,51,1.8804156e+30,0.000000
8,8,15,1.8753925e+30,0.000000
9,9,35,1.8696209e+30,0.000000
7,6,15,1.8694302e+30,0.000000
5,-1,28,1.8670413e+30,0.000000
5,-5,-6,1.8637888e+30,0.000000
2,-2,-29,1.8587698e+30,0.000000
7,6,1,1.8497543e+30,0.000000
7,7,1,1.8474929e+30,0.000000
3,-2,-20,1.8314456e+30,0.000000
7,6,17,1.8278668e+30,0.000000
5,-2,-11,1.8208376e+30,0.000000
6,6,44,1.8145626e+30,0.000000
4,1,32,1.8122618e+30,0.000000
5,2,-11,1.8102482e+30,0.000000
9,-3,4,1.8084584e+30,0.000000
9,-6,32,1.8043003e+30,0.000000
3,-1,47,1.8042948e+30,0.000000
10,8,11,1.7998686e+30,0.000000
10,-9,36,1.7993124e+30,0.000000
4,-1,-27,1.7973133e+30,0.000000
7,7,16,1.7969963e+30,0.000000
4,-1,39,1.7937169e+30,0.000000
10,-7,24,1.7903365e+30,0.000000
10,-8,42,1.7883352e+30,0.000000
4,4,53,1.7825664e+30,0.000000
10,-6,13,1.7819998e+30,0.000000
5,2,32,1.7813606e+30,0.000000
5,0,-24,1.7746677e+30,0.000000
5,0,24,1.7746677e+30,0.000000
8,8,18,1.7745221e+30,0.000000
5,3,35,1.7729481e+30,0.000000
3,1,38,1.7641488e+30,0.000000
9,8,48,1.7641206e+30,0.000000
4,0,-34,1.7592035e+30,0.000000
4,0,34,1.7592035e+30,0.000000
2,-1,-38,1.755548e+30,0.000000
7,-4,33,1.751014e+30,0.000000
9,8,27,1.7472649e+30,0.000000
10,-10,44,1.743521e+30,0.000000
7,7,-1,1.7428387e+30,0.000000
7,-1,7,1.7102106e+30,0.000000
5,-2,-2,1.7097122e+30,0.000000
2,1,37,1.6896176e+30,0.000000
10,9,16,1.6871812e+30,0.000000
8,-4,19,1.6860519e+30,0.000000
9,-7,50,1.6813674e+30,0.000000
7,6,16,1.6748971e+30,0.000000
7,4,17,1.6463954e+30,0.000000
6,-4,37,1.6370062e+30,0.000000
3,-1,-35,1.6364678e+30,0.000000
2,0,-43,1.621362e+30,0.000000
2,0,43,1.621362e+30,0.000000
5,5,51,1.6185758e+30,0.000000
7,3,18,1.6151009e+30,0.000000
8,6,0,1.6143924e+30,0.000000
4,4,-5,1.6055524e+30,0.000000
10,7,7,1.5960682e+30,0.000000
6,-4,-4,1.5895702e+30,0.000000
10,-9,37,1.5865165e+30,0.000000
3,2,46,1.5728955e+30,0.000000
7,6,-1,1.5720874e+30,0.000000
10,-10,45,1.5555531e+30,0.000000
7,1,8,1.5365091e+30,0.000000
4,3,48,1.5364973e+30,0.000000
8,-3,9,1.5344632e+30,0.000000
6,3,29,1.5341104e+30,0.000000
10,-8,43,1.5335401e+30,0.000000
7,-2,11,1.5335386e+30,0.000000
8,-2,1,1.5326198e+30,0.000000
6,1,20,1.5305005e+30,0.000000
6,-2,-10,1.5191715e+30,0.000000
4,2,37,1.5191436e+30,0.000000
5,-1,-21,1.5179593e+30,0.000000
4,-2,19,1.5137067e+30,0.000000
7,6,18,1.5108323e+30,0.000000
7,-4,34,1.5087945e+30,0.000000
4,1,33,1.5066154e+30,0.000000
9,6,6,1.5038861e+30,0.000000
6,5,42,1.5005183e+30,0.000000
4,2,-19,1.4943414e+30,0.000000
6,6,45,1.4827358e+30,0.000000
3,0,-40,1.4821987e+30,0.000000
3,0,40,1.4821987e+30,0.000000
6,4,28,1.4793315e+30,0.000000
5,4,47,1.459862e+30,0.000000
9,-5,15,1.459792e+30,0.000000
10,-7,25,1.4533433e+30,0.000000
7,5,28,1.4496562e+30,0.000000
6,-2,-6,1.4346916e+30,0.000000
8,6,-1,1.4307615e+30,0.000000
3,3,53,1.4301429e+30,0.000000
3,1,-31,1.4300336e+30,0.000000
2,-2,-30,1.4213585e+30,0.000000
2,1,-31,1.413153e+30,0.000000
4,-4,-18,1.4091163e+30,0.000000
10,-9,38,1.4034872e+30,0.000000
2,-1,52,1.4023804e+30,0.000000
6,-2,32,1.4011552e+30,0.000000
10,-10,46,1.3932252e+30,0.000000
7,2,8,1.3923486e+30,0.000000
6,1,-5,1.3908388e+30,0.000000
7,6,20,1.385085e+30,0.000000
5,1,-23,1.3847767e+30,0.000000
6,2,28,1.3795937e+30,0.000000
8,-6,52,1.3715131e+30,0.000000
9,-6,33,1.3648348e+30,0.000000
6,-3,33,1.3626495e+30,0.000000
8,6,1,1.3609272e+30,0.000000
8,4,6,1.3602852e+30,0.000000
7,6,19,1.3589588e+30,0.000000
4,3,-9,1.3537248e+30,0.000000
3,-3,-28,1.3359179e+30,0.000000
8,-3,2,1.3340227e+30,0.000000
8,-5,32,1.322583e+30,0.000000
6,0,-17,1.3191745e+30,0.000000
6,0,17,1.3191745e+30,0.000000
7,-5,49,1.3167385e+30,0.000000
3,1,39,1.3123924e+30,0.000000
4,-1,40,1.3105048e+30,0.000000
8,7,14,1.3096761e+30,0.000000
10,-8,44,1.3087182e+30,0.000000
7,6,21,1.3079604e+30,0.000000
2,2,-20,1.3069368e+30,0.000000
8,-2,4,1.305109e+30,0.000000
6,2,-11,1.3025292e+30,0.000000
9,-7,51,1.3014201e+30,0.000000
7,-2,12,1.2932248e+30,0.000000
5,0,-25,1.2833314e+30,0.000000
5,0,25,1.2833314e+30,0.000000
9,7,3,1.2814538e+30,0.000000
5,-2,36,1.2768929e+30,0.000000
8,-4,20,1.2756626e+30,0.000000
9,-5,0,1.270641e+30,0.000000
7,-4,35,1.2701444e+30,0.000000
4,-3,-18,1.2680302e+30,0.000000
4,4,54,1.2659591e+30,0.000000
10,10,18,1.2635639e+30,0.000000
7,7,19,1.259222e+30,0.000000
10,-10,47,1.2547849e+30,0.000000
3,2,-16,1.2542207e+30,0.000000
10,-10,-7,1.2467424e+30,0.000000
10,-9,39,1.2457313e+30,0.000000
9,7,10,1.2247099e+30,0.000000
5,-3,47,1.2231792e+30,0.000000
8,-3,1,1.2227976e+30,0.000000
5,5,52,1.221467e+30,0.000000
7,-2,13,1.2179806e+30,0.000000
4,1,34,1.2159296e+30,0.000000
8,2,1,1.2111878e+30,0.000000
10,10,28,1.2072623e+30,0.000000
5,3,36,1.2061529e+30,0.000000
6,6,46,1.2055903e+30,0.000000
2,2,51,1.2033373e+30,0.000000
8,6,10,1.1995457e+30,0.000000
10,-7,26,1.1934523e+30,0.000000
7,-2,14,1.1848283e+30,0.000000
7,-3,20,1.1819465e+30,0.000000
6,5,43,1.1794233e+30,0.000000
7,7,18,1.1757856e+30,0.000000
7,6,22,1.1739532e+30,0.000000
10,-6,14,1.1738731e+30,0.000000
3,-1,48,1.1701686e+30,0.000000
9,9,52,1.1557097e+30,0.000000
9,-6,-2,1.1511292e+30,0.000000
4,1,-26,1.1472415e+30,0.000000
6,3,30,1.1441705e+30,0.000000
10,-10,48,1.1379284e+30,0.000000
7,-2,15,1.1370558e+30,0.000000
7,6,23,1.1237028e+30,0.000000
9,-3,3,1.1200839e+30,0.000000
2,-2,-31,1.1168058e+30,0.000000
4,0,-35,1.1144648e+30,0.000000
4,0,35,1.1144648e+30,0.000000
10,-8,45,1.1114166e+30,0.000000
10,-9,40,1.1098382e+30,0.000000
6,-1,3,1.0875242e+30,0.000000
3,3,-16,1.0832175e+30,0.000000
7,6,24,1.0788092e+30,0.000000
7,4,18,1.0787833e+30,0.000000
8,-3,10,1.0727313e+30,0.000000
5,2,33,1.0723802e+30,0.000000
10,10,17,1.0694778e+30,0.000000
5,-2,-12,1.0677917e+30,0.000000
7,5,29,1.0671105e+30,0.000000
5,4,48,1.0647472e+30,0.000000
6,4,-4,1.0607778e+30,0.000000
7,-2,16,1.0566552e+30,0.000000
9,8,12,1.0544525e+30,0.000000
4,4,-9,1.0529937e+30,0.000000
10,-7,2,1.0528403e+30,0.000000
6,-2,-11,1.0517049e+30,0.000000
7,-4,36,1.0480877e+30,0.000000
4,3,49,1.042693e+30,0.000000
7,1,-5,1.0401717e+30,0.000000
10,-10,49,1.0399585e+30,0.000000
7,6,25,1.0337867e+30,0.000000
4,-1,-28,1.0324489e+30,0.000000
9,-6,-1,1.0276462e+30,0.000000
7,7,20,1.0230851e+30,0.000000
9,-6,34,1.0226449e+30,0.000000
5,2,-12,1.0196027e+30,0.000000
9,-7,52,1.0053215e+30,0.000000
9,-5,16,1.0043443e+30,0.000000
8,-6,53,1.0010649e+30,0.000000
2,-1,53,9.9637297e+29,0.000000
10,-9,41,9.9299392e+29,0.000000
6,2,-5,9.9288472e+29,0.000000
10,-8,-6,9.9208639e+29,0.000000
10,-7,27,9.8899008e+29,0.000000
7,6,26,9.8676348e+29,0.000000
2,-1,-39,9.8341072e+29,0.000000
6,6,47,9.7626459e+29,0.000000
3,2,47,9.6616064e+29,0.000000
4,1,35,9.5827175e+29,0.000000
10,-10,50,9.5798095e+29,0.000000
2,0,-44,9.5778963e+29,0.000000
2,0,44,9.5778963e+29,0.000000
3,1,40,9.5771472e+29,0.000000
7,6,27,9.5576698e+29,0.000000
4,-1,41,9.5073241e+29,0.000000
6,-3,34,9.497224e+29,0.000000
4,-2,20,9.4880548e+29,0.000000
7,-2,17,9.4610818e+29,0.000000
3,3,54,9.4396318e+29,0.000000
8,6,11,9.4361701e+29,0.000000
8,-4,21,9.4005636e+29,0.000000
10,-8,46,9.3928254e+29,0.000000
6,-4,38,9.3301409e+29,0.000000
5,-1,-22,9.2856525e+29,0.000000
6,2,29,9.2815153e+29,0.000000
5,1,29,9.2443259e+29,0.000000
6,5,44,9.2390232e+29,0.000000
8,4,7,9.226505e+29,0.000000
5,5,53,9.2138746e+29,0.000000
5,-3,-9,9.1948893e+29,0.000000
8,7,15,9.1456365e+29,0.000000
3,0,-41,9.1432275e+29,0.000000
3,0,41,9.1432275e+29,0.000000
5,0,-26,9.1342922e+29,0.000000
5,0,26,9.1342922e+29,0.000000
10,9,12,9.1096568e+29,0.000000
6,1,21,9.0418261e+29,0.000000
7,1,-6,9.0100934e+29,0.000000
9,6,7,8.9996123e+29,0.000000
8,8,16,8.9917809e+29,0.000000
5,-1,29,8.9787267e+29,0.000000
4,4,55,8.9767237e+29,0.000000
6,-2,33,8.9363551e+29,0.000000
10,-9,42,8.9270549e+29,0.000000
10,-10,51,8.8909364e+29,0.000000
10,-7,-3,8.8679917e+29,0.000000
7,-5,50,8.850001e+29,0.000000
7,6,28,8.8376827e+29,0.000000
7,7,41,8.8204195e+29,0.000000
10,-7,-5,8.8145128e+29,0.000000
3,-1,-36,8.7465191e+29,0.000000
7,3,19,8.7220409e+29,0.000000
10,10,1,8.7069898e+29,0.000000
2,-2,-32,8.5920685e+29,0.000000
7,-4,37,8.5008909e+29,0.000000
8,5,2,8.4695288e+29,0.000000
6,3,31,8.4472223e+29,0.000000
8,5,3,8.441508e+29,0.000000
9,7,11,8.3844107e+29,0.000000
7,1,13,8.3181032e+29,0.000000
10,-10,52,8.3054791e+29,0.000000
8,7,12,8.3045494e+29,0.000000
7,6,29,8.2822374e+29,0.000000
8,-2,5,8.269643e+29,0.000000
5,1,-24,8.2680558e+29,0.000000
10,-7,28,8.2509563e+29,0.000000
6,-1,6,8.2090167e+29,0.000000
6,2,-12,8.2089912e+29,0.000000
7,-2,18,8.1665931e+29,0.000000
6,4,29,8.1570044e+29,0.000000
5,3,37,8.1545027e+29,0.000000
4,2,38,8.1169516e+29,0.000000
10,-6,15,8.1107246e+29,0.000000
6,-1,5,8.108726e+29,0.000000
8,2,2,8.0953941e+29,0.000000
9,8,13,8.0801486e+29,0.000000
10,-9,43,8.066707e+29,0.000000
7,1,12,8.0572059e+29,0.000000
7,7,21,7.9771867e+29,0.000000
8,6,12,7.9402839e+29,0.000000
8,-5,33,7.9021434e+29,0.000000
10,-8,47,7.9002014e+29,0.000000
6,6,48,7.876479e+29,0.000000
9,-7,-6,7.857008e+29,0.000000
7,1,14,7.8012972e+29,0.000000
10,-6,2,7.7988087e+29,0.000000
10,-10,53,7.7986723e+29,0.000000
7,5,30,7.7948004e+29,0.000000
6,-1,4,7.7761432e+29,0.000000
7,7,-5,7.7649567e+29,0.000000
5,4,49,7.7607884e+29,0.000000
2,2,52,7.7539062e+29,0.000000
9,-7,53,7.7524037e+29,0.000000
7,2,9,7.7397378e+29,0.000000
2,1,-32,7.7140818e+29,0.000000
6,-1,7,7.6997479e+29,0.000000
7,6,30,7.6878157e+29,0.000000
3,1,-32,7.6034478e+29,0.000000
9,-6,35,7.5902671e+29,0.000000
8,-3,11,7.5657787e+29,0.000000
7,7,22,7.5605607e+29,0.000000
5,-3,48,7.5407419e+29,0.000000
6,-4,39,7.537316e+29,0.000000
3,-1,49,7.500391e+29,0.000000
4,1,36,7.4087931e+29,0.000000
10,9,11,7.3721879e+29,0.000000
4,-3,-19,7.3658453e+29,0.000000
10,9,25,7.3539348e+29,0.000000
10,-10,54,7.3492261e+29,0.000000
10,-9,44,7.3273669e+29,0.000000
3,-3,-29,7.3155721e+29,0.000000
8,-6,54,7.3133917e+29,0.000000
7,7,23,7.3103947e+29,0.000000
6,-5,-5,7.2872424e+29,0.000000
9,-5,17,7.2822105e+29,0.000000
6,-4,40,7.2787559e+29,0.000000
4,3,-10,7.2534335e+29,0.000000
8,5,4,7.2468854e+29,0.000000
6,5,45,7.2147882e+29,0.000000
5,-2,37,7.2023648e+29,0.000000
6,-4,41,7.1649261e+29,0.000000
7,1,9,7.1372992e+29,0.000000
8,5,-2,7.08753e+29,0.000000
7,6,31,7.0856939e+29,0.000000
4,3,50,7.0621363e+29,0.000000
4,0,-36,7.035013e+29,0.000000
4,0,36,7.035013e+29,0.000000
7,1,11,7.0214827e+29,0.000000
5,5,54,6.9496382e+29,0.000000
10,-10,55,6.9396609e+29,0.000000
8,6,13,6.9361711e+29,0.000000
4,-4,-19,6.9277178e+29,0.000000
3,-2,-21,6.9239229e+29,0.000000
6,-2,-12,6.921309e+29,0.000000
10,-7,29,6.9142927e+29,0.000000
2,-1,54,6.9019261e+29,0.000000
3,1,41,6.8740769e+29,0.000000
4,-1,42,6.8561969e+29,0.000000
7,7,24,6.8295521e+29,0.000000
7,-2,19,6.8127687e+29,0.000000
4,2,-20,6.8127575e+29,0.000000
6,-4,42,6.8098172e+29,0.000000
10,7,6,6.7973136e+29,0.000000
7,-4,38,6.7928642e+29,0.000000
7,4,19,6.791815e+29,0.000000
7,1,15,6.7749952e+29,0.000000
6,-1,8,6.7606216e+29,0.000000
8,-4,22,6.7485221e+29,0.000000
7,-1,8,6.7032266e+29,0.000000
10,-9,45,6.6890708e+29,0.000000
9,8,7,6.6531693e+29,0.000000
10,-8,48,6.6138554e+29,0.000000
6,-3,35,6.5790484e+29,0.000000
4,1,-27,6.5356432e+29,0.000000
8,-2,6,6.4953021e+29,0.000000
7,6,32,6.4905959e+29,0.000000
5,0,-27,6.4162381e+29,0.000000
5,0,27,6.4162381e+29,0.000000
2,-2,-33,6.4143522e+29,0.000000
5,2,34,6.3938914e+29,0.000000
6,6,49,6.3327059e+29,0.000000
2,1,38,6.3256737e+29,0.000000
10,10,14,6.3222217e+29,0.000000
10,-9,2,6.2811934e+29,0.000000
8,8,1,6.2529275e+29,0.000000
3,3,55,6.2415716e+29,0.000000
6,-4,43,6.2082536e+29,0.000000
8,6,14,6.198693e+29,0.000000
6,2,30,6.1873216e+29,0.000000
6,3,32,6.1795707e+29,0.000000
8,5,5,6.1667204e+29,0.000000
8,-6,-5,6.152742e+29,0.000000
10,-9,46,6.1336821e+29,0.000000
7,7,26,6.1241541e+29,0.000000
5,-2,-13,6.1064229e+29,0.000000
6,0,-18,6.0422082e+29,0.000000
6,0,18,6.0422082e+29,0.000000
8,-3,0,5.9956611e+29,0.000000
9,-7,54,5.9692955e+29,0.000000
8,4,8,5.9637751e+29,0.000000
7,1,-7,5.9628071e+29,0.000000
7,1,10,5.9593049e+29,0.000000
7,-5,51,5.9541306e+29,0.000000
3,2,48,5.9226547e+29,0.000000
4,-1,-29,5.9188103e+29,0.000000
7,7,25,5.8804925e+29,0.000000
7,6,33,5.875746e+29,0.000000
4,-2,21,5.8645662e+29,0.000000
7,7,36,5.8383816e+29,0.000000
9,-3,5,5.8098735e+29,0.000000
10,-7,30,5.8073869e+29,0.000000
10,9,15,5.7646018e+29,0.000000
10,-6,16,5.7495103e+29,0.000000
4,-2,-4,5.7469257e+29,0.000000
2,0,-45,5.7188177e+29,0.000000
2,0,45,5.7188177e+29,0.000000
8,5,1,5.6718577e+29,0.000000
5,2,-13,5.6687388e+29,0.000000
6,-2,34,5.6655177e+29,0.000000
7,1,-3,5.6542723e+29,0.000000
7,5,31,5.6538698e+29,0.000000
5,4,50,5.6535897e+29,0.000000
9,-5,18,5.6528634e+29,0.000000
10,-9,47,5.6451674e+29,0.000000
4,1,37,5.6396512e+29,0.000000
5,-1,-23,5.6334354e+29,0.000000
3,0,-42,5.6311663e+29,0.000000
3,0,42,5.6311663e+29,0.000000
6,-1,9,5.6272452e+29,0.000000
6,5,46,5.6179193e+29,0.000000
7,-3,21,5.5889494e+29,0.000000
9,-6,36,5.5807956e+29,0.000000
8,6,15,5.5545716e+29,0.000000
7,1,16,5.5340207e+29,0.000000
2,-1,-40,5.5234708e+29,0.000000
10,-8,49,5.5120212e+29,0.000000
7,-2,20,5.5095176e+29,0.000000
5,3,38,5.4819999e+29,0.000000
6,-4,44,5.4625682e+29,0.000000
7,7,28,5.425053e+29,0.000000
5,3,-8,5.4146848e+29,0.000000
3,3,-17,5.3752378e+29,0.000000
7,-4,39,5.3579572e+29,0.000000
8,-6,55,5.3485302e+29,0.000000
8,5,6,5.3362931e+29,0.000000
8,-3,12,5.2965775e+29,0.000000
7,1,-4,5.2931948e+29,0.000000
3,2,-17,5.292848e+29,0.000000
7,6,34,5.287882e+29,0.000000
5,5,55,5.2410735e+29,0.000000
6,1,22,5.2140358e+29,0.000000
7,7,27,5.2114626e+29,0.000000
8,-2,7,5.2105161e+29,0.000000
10,-9,48,5.2097844e+29,0.000000
8,8,19,5.1786092e+29,0.000000
8,6,16,5.0953744e+29,0.000000
6,6,50,5.0751858e+29,0.000000
2,2,53,5.0731132e+29,0.000000
6,1,-6,5.0525714e+29,0.000000
7,4,-3,5.051931e+29,0.000000
6,2,-13,5.0450532e+29,0.000000
7,6,-4,5.0249024e+29,0.000000
8,5,0,5.0217068e+29,0.000000
2,2,-21,5.0204703e+29,0.000000
8,6,17,4.9644083e+29,0.000000
9,-5,-1,4.9505602e+29,0.000000
4,-1,43,4.9189599e+29,0.000000
5,1,-25,4.9055138e+29,0.000000
10,-7,31,4.8791654e+29,0.000000
10,-7,-2,4.867202e+29,0.000000
3,1,42,4.8614855e+29,0.000000
8,8,22,4.8405934e+29,0.000000
10,-9,49,4.8161454e+29,0.000000
4,3,51,4.7720726e+29,0.000000
3,-1,50,4.7660382e+29,0.000000
7,7,29,4.7238671e+29,0.000000
7,6,35,4.7235948e+29,0.000000
8,-4,23,4.7213217e+29,0.000000
9,-5,19,4.7007432e+29,0.000000
2,-1,55,4.6851509e+29,0.000000
6,-4,45,4.6762992e+29,0.000000
8,5,7,4.6718847e+29,0.000000
2,-2,-34,4.6665679e+29,0.000000
3,-1,-37,4.6633234e+29,0.000000
9,-7,55,4.5906823e+29,0.000000
8,5,-1,4.5899628e+29,0.000000
5,-3,49,4.5879164e+29,0.000000
8,-5,34,4.5845763e+29,0.000000
10,9,0,4.5792045e+29,0.000000
7,7,30,4.5763929e+29,0.000000
10,-8,50,4.5738363e+29,0.000000
8,6,18,4.5660504e+29,0.000000
6,-3,36,4.5326302e+29,0.000000
8,8,25,4.5210124e+29,0.000000
6,3,33,4.4832954e+29,0.000000
6,-1,10,4.4812529e+29,0.000000
5,0,-28,4.4575149e+29,0.000000
5,0,28,4.4575149e+29,0.000000
10,-9,50,4.4551518e+29,0.000000
10,10,15,4.4494049e+29,0.000000
7,3,20,4.4385452e+29,0.000000
4,0,-37,4.4254496e+29,0.000000
4,0,37,4.4254496e+29,0.000000
6,-2,-13,4.3853854e+29,0.000000
6,4,30,4.3811805e+29,0.000000
7,7,31,4.3779461e+29,0.000000
8,-5,-3,4.3684668e+29,0.000000
6,5,47,4.3633591e+29,0.000000
7,2,10,4.3483806e+29,0.000000
5,1,30,4.338551e+29,0.000000
7,-2,21,4.3324701e+29,0.000000
8,3,0,4.3281373e+29,0.000000
8,2,0,4.3270027e+29,0.000000
7,1,17,4.3013622e+29,0.000000
8,6,19,4.2935428e+29,0.000000
7,7,32,4.2813632e+29,0.000000
4,-3,-20,4.27982e+29,0.000000
4,1,38,4.2387074e+29,0.000000
4,2,39,4.2320544e+29,0.000000
2,1,-33,4.2212439e+29,0.000000
9,9,27,4.2212111e+29,0.000000
6,1,-10,4.2198915e+29,0.000000
7,6,36,4.1905117e+29,0.000000
7,-4,40,4.1783944e+29,0.000000
5,-1,30,4.1695034e+29,0.000000
10,9,13,4.16669e+29,0.000000
4,4,-10,4.1574945e+29,0.000000
8,5,8,4.1416834e+29,0.000000
9,9,2,4.1350874e+29,0.000000
10,-9,51,4.1198241e+29,0.000000
9,-5,20,4.119556e+29,0.000000
5,4,51,4.1164123e+29,0.000000
10,-6,17,4.1147601e+29,0.000000
8,6,20,4.1092645e+29,0.000000
7,4,20,4.0958599e+29,0.000000
10,-7,32,4.0934968e+29,0.000000
6,2,31,4.0907841e+29,0.000000
6,1,-11,4.0871799e+29,0.000000
7,7,33,4.0782558e+29,0.000000
7,5,32,4.0750232e+29,0.000000
9,-6,37,4.0649783e+29,0.000000
6,6,51,4.0553513e+29,0.000000
9,6,8,4.0508359e+29,0.000000
8,-2,8,4.0477186e+29,0.000000
3,1,-33,4.0401929e+29,0.000000
10,-7,0,4.0272253e+29,0.000000
3,-3,-30,4.0262831e+29,0.000000
7,-5,52,4.0091776e+29,0.000000
5,-2,38,4.000575e+29,0.000000
10,8,29,3.981963e+29,0.000000
4,3,-11,3.9586101e+29,0.000000
6,1,-9,3.938632e+29,0.000000
6,-4,46,3.9226005e+29,0.000000
8,5,9,3.9096595e+29,0.000000
8,5,11,3.883952e+29,0.000000
8,4,9,3.8670804e+29,0.000000
7,7,34,3.8577034e+29,0.000000
8,6,21,3.8424538e+29,0.000000
4,-2,-5,3.8247902e+29,0.000000
5,-3,-10,3.8139043e+29,0.000000
7,6,38,3.8137804e+29,0.000000
10,-9,52,3.8050539e+29,0.000000
10,9,31,3.7910594e+29,0.000000
8,8,23,3.7813333e+29,0.000000
10,-8,51,3.7795829e+29,0.000000
5,2,35,3.7722463e+29,0.000000
7,7,35,3.7430344e+29,0.000000
4,1,-28,3.7148345e+29,0.000000
9,-5,21,3.7132457e+29,0.000000
7,6,37,3.6822685e+29,0.000000
5,3,39,3.6662611e+29,0.000000
6,1,-12,3.657315e+29,0.000000
8,-3,13,3.6404746e+29,0.000000
10,10,16,3.6355757e+29,0.000000
3,2,49,3.6292944e+29,0.000000
10,9,24,3.6136125e+29,0.000000
8,2,7,3.5847212e+29,0.000000
4,-2,22,3.5798294e+29,0.000000
6,-2,35,3.5717809e+29,0.000000
8,6,-4,3.5617888e+29,0.000000
8,6,22,3.5232382e+29,0.000000
4,-1,44,3.5131148e+29,0.000000
10,-9,53,3.507314e+29,0.000000
9,9,21,3.4988437e+29,0.000000
7,7,37,3.4971443e+29,0.000000
8,2,8,3.4805615e+29,0.000000
2,0,-46,3.4670588e+29,0.000000
2,0,46,3.4670588e+29,0.000000
3,0,-43,3.4619243e+29,0.000000
3,0,43,3.4619243e+29,0.000000
6,-1,11,3.4357984e+29,0.000000
8,5,10,3.4320419e+29,0.000000
10,-7,33,3.4245567e+29,0.000000
7,1,-8,3.4242644e+29,0.000000
4,-4,-20,3.422733e+29,0.000000
5,-2,-14,3.4135257e+29,0.000000
10,7,8,3.399051e+29,0.000000
5,-1,-24,3.3942912e+29,0.000000
3,1,43,3.3913662e+29,0.000000
4,-1,-30,3.3857371e+29,0.000000
6,5,48,3.3819358e+29,0.000000
2,2,54,3.380911e+29,0.000000
9,-5,22,3.3672977e+29,0.000000
2,-2,-35,3.3356696e+29,0.000000
7,-1,9,3.334839e+29,0.000000
10,10,39,3.3290826e+29,0.000000
6,1,-8,3.3234553e+29,0.000000
7,-2,22,3.3222318e+29,0.000000
9,9,19,3.3211739e+29,0.000000
5,-5,-7,3.2980482e+29,0.000000
9,8,17,3.2766761e+29,0.000000
7,-1,12,3.2743638e+29,0.000000
6,-4,47,3.2425436e+29,0.000000
6,6,52,3.2315699e+29,0.000000
7,-1,13,3.2306417e+29,0.000000
6,3,34,3.2281731e+29,0.000000
7,-4,41,3.2261676e+29,0.000000
10,-9,54,3.2243497e+29,0.000000
8,6,23,3.2233854e+29,0.000000
8,-4,24,3.2203382e+29,0.000000
4,3,52,3.2158881e+29,0.000000
7,1,18,3.208823e+29,0.000000
8,2,6,3.1884095e+29,0.000000
10,9,18,3.1868953e+29,0.000000
4,1,39,3.152551e+29,0.000000
2,-1,-41,3.1122743e+29,0.000000
10,-8,52,3.1108888e+29,0.000000
5,2,-14,3.1078059e+29,0.000000
6,-3,37,3.1073704e+29,0.000000
6,1,-13,3.0779587e+29,0.000000
5,0,-29,3.0681582e+29,0.000000
5,0,29,3.0681582e+29,0.000000
4,2,-21,3.0611138e+29,0.000000
7,-1,11,3.0503067e+29,0.000000
6,2,-14,3.0368273e+29,0.000000
6,1,-7,3.0308849e+29,0.000000
9,-5,23,3.0252197e+29,0.000000
3,-1,51,3.0237032e+29,0.000000
8,2,9,3.0148712e+29,0.000000
7,7,38,3.0133322e+29,0.000000
8,-2,9,3.0048984e+29,0.000000
7,-4,-3,3.0030909e+29,0.000000
8,2,3,2.9957158e+29,0.000000
5,4,52,2.995697e+29,0.000000
5,-3,-11,2.9574017e+29,0.000000
10,-9,55,2.9548876e+29,0.000000
7,-1,14,2.9389567e+29,0.000000
10,-6,18,2.9378502e+29,0.000000
9,-6,38,2.9332604e+29,0.000000
6,1,23,2.9314748e+29,0.000000
10,9,14,2.9281896e+29,0.000000
7,5,33,2.9204262e+29,0.000000
8,5,13,2.9119089e+29,0.000000
8,6,24,2.911649e+29,0.000000
7,2,15,2.9041936e+29,0.000000
5,1,-26,2.8950542e+29,0.000000
7,2,16,2.8918848e+29,0.000000
10,10,-1,2.8672159e+29,0.000000
10,-7,34,2.8534998e+29,0.000000
7,2,11,2.8461737e+29,0.000000
8,-4,-2,2.8059299e+29,0.000000
7,7,39,2.8043111e+29,0.000000
8,5,12,2.8019887e+29,0.000000
9,7,13,2.799714e+29,0.000000
7,-1,10,2.7936212e+29,0.000000
8,7,2,2.7909704e+29,0.000000
7,6,39,2.7875721e+29,0.000000
9,8,14,2.7828763e+29,0.000000
4,0,-38,2.7741854e+29,0.000000
4,0,38,2.7741854e+29,0.000000
8,4,10,2.7698392e+29,0.000000
3,-2,-22,2.769044e+29,0.000000
7,2,14,2.762057e+29,0.000000
5,-3,-12,2.7541041e+29,0.000000
5,-3,50,2.7458641e+29,0.000000
7,2,17,2.7279131e+29,0.000000
8,-7,-7,2.7147449e+29,0.000000
7,-5,53,2.7013957e+29,0.000000
6,-2,-14,2.6967975e+29,0.000000
3,3,-18,2.6958643e+29,0.000000
6,2,32,2.6844793e+29,0.000000
6,3,-3,2.6768926e+29,0.000000
9,-5,24,2.6687781e+29,0.000000
6,-4,48,2.6529111e+29,0.000000
6,5,49,2.6134933e+29,0.000000
9,-3,2,2.605248e+29,0.000000
6,0,-19,2.6048095e+29,0.000000
6,0,19,2.6048095e+29,0.000000
8,4,14,2.5980394e+29,0.000000
8,6,25,2.5954076e+29,0.000000
7,-6,-7,2.5838661e+29,0.000000
8,4,15,2.5817492e+29,0.000000
8,-5,35,2.577158e+29,0.000000
9,8,15,2.5735617e+29,0.000000
6,6,53,2.5692509e+29,0.000000
10,-8,53,2.5508731e+29,0.000000
7,7,40,2.5486343e+29,0.000000
6,-1,12,2.547076e+29,0.000000
7,-3,22,2.5459487e+29,0.000000
7,-3,-2,2.5423786e+29,0.000000
7,2,13,2.5401433e+29,0.000000
6,2,-2,2.5259085e+29,0.000000
8,3,1,2.505822e+29,0.000000
8,4,13,2.5022407e+29,0.000000
7,-1,15,2.4988135e+29,0.000000
4,-1,45,2.4987307e+29,0.000000
7,-2,23,2.4907162e+29,0.000000
10,9,35,2.488572e+29,0.000000
4,-3,-21,2.4884882e+29,0.000000
9,8,18,2.4883472e+29,0.000000
3,-1,-38,2.4795415e+29,0.000000
9,9,22,2.4767849e+29,0.000000
7,-4,42,2.4691898e+29,0.000000
6,1,-14,2.4671455e+29,0.000000
10,8,7,2.4644254e+29,0.000000
10,-6,1,2.4590458e+29,0.000000
7,2,18,2.452183e+29,0.000000
9,-6,-3,2.4425993e+29,0.000000
7,2,12,2.4410537e+29,0.000000
5,3,40,2.4399643e+29,0.000000
8,4,16,2.4398108e+29,0.000000
8,-3,14,2.437133e+29,0.000000
5,-3,-13,2.4254144e+29,0.000000
9,9,20,2.4201234e+29,0.000000
7,6,40,2.4104385e+29,0.000000
8,2,5,2.3872821e+29,0.000000
8,8,21,2.3862392e+29,0.000000
8,2,10,2.3802929e+29,0.000000
8,4,11,2.3767496e+29,0.000000
8,4,12,2.3731022e+29,0.000000
10,-7,1,2.3688476e+29,0.000000
10,-7,35,2.3661069e+29,0.000000
8,5,14,2.3652165e+29,0.000000
2,-2,-36,2.3646305e+29,0.000000
7,4,21,2.3586293e+29,0.000000
9,9,36,2.3355668e+29,0.000000
3,1,44,2.3349628e+29,0.000000
4,1,40,2.3243798e+29,0.000000
2,1,-34,2.3152984e+29,0.000000
8,7,17,2.3138794e+29,0.000000
7,1,19,2.3125247e+29,0.000000
6,3,35,2.3084652e+29,0.000000
9,-5,25,2.3018608e+29,0.000000
2,2,55,2.3007239e+29,0.000000
8,6,26,2.2836141e+29,0.000000
6,4,31,2.2831731e+29,0.000000
10,8,12,2.2683027e+29,0.000000
8,8,20,2.246571e+29,0.000000
6,-2,36,2.2397141e+29,0.000000
7,2,-1,2.2361803e+29,0.000000
3,2,50,2.2300374e+29,0.000000
3,-3,-31,2.2266246e+29,0.000000
5,2,36,2.1994108e+29,0.000000
8,4,17,2.1968848e+29,0.000000
4,3,-12,2.1939281e+29,0.000000
5,-2,39,2.1814118e+29,0.000000
10,10,41,2.1809575e+29,0.000000
5,4,53,2.1789798e+29,0.000000
9,-3,6,2.1732395e+29,0.000000
9,-5,-2,2.1709707e+29,0.000000
3,2,-18,2.168031e+29,0.000000
10,10,47,2.1633091e+29,0.000000
4,-2,23,2.1609411e+29,0.000000
4,3,53,2.1605393e+29,0.000000
6,-4,49,2.1550475e+29,0.000000
2,0,-47,2.14494e+29,0.000000
2,0,47,2.14494e+29,0.000000
3,1,-34,2.1445487e+29,0.000000
8,5,15,2.1428708e+29,0.000000
8,-4,25,2.1422584e+29,0.000000
4,2,40,2.1387632e+29,0.000000
8,-2,10,2.1254524e+29,0.000000
3,0,-44,2.1243543e+29,0.000000
3,0,44,2.1243543e+29,0.000000
7,3,21,2.1231494e+29,0.000000
6,-3,38,2.1207925e+29,0.000000
10,10,4,2.1176706e+29,0.000000
7,2,19,2.1145287e+29,0.000000
4,1,-29,2.1068748e+29,0.000000
7,7,42,2.0980727e+29,0.000000
9,-6,39,2.0968529e+29,0.000000
5,0,-30,2.0953881e+29,0.000000
5,0,30,2.0953881e+29,0.000000
10,-8,54,2.0842259e+29,0.000000
7,5,34,2.0819937e+29,0.000000
10,-6,19,2.0738922e+29,0.000000
9,-4,6,2.0657254e+29,0.000000
7,6,41,2.0584704e+29,0.000000
6,6,54,2.0385346e+29,0.000000
5,-1,-25,2.0334239e+29,0.000000
2,1,39,2.0321225e+29,0.000000
4,-2,-6,2.0305681e+29,0.000000
6,-2,-5,2.0275218e+29,0.000000
6,5,50,2.0167207e+29,0.000000
7,-1,16,2.0098563e+29,0.000000
8,6,27,1.9912947e+29,0.000000
5,-3,-14,1.9676493e+29,0.000000
10,-7,36,1.9511714e+29,0.000000
5,1,31,1.9479085e+29,0.000000
3,-1,52,1.9421148e+29,0.000000
9,-5,26,1.9382912e+29,0.000000
4,-1,-31,1.9319788e+29,0.000000
8,5,16,1.9123573e+29,0.000000
6,1,-15,1.9002403e+29,0.000000
8,4,18,1.8929671e+29,0.000000
5,-4,-8,1.8888034e+29,0.000000
2,2,-22,1.8829492e+29,0.000000
7,-4,43,1.8753046e+29,0.000000
5,-2,-15,1.8679923e+29,0.000000
7,7,43,1.8655619e+29,0.000000
5,-1,31,1.8522266e+29,0.000000
9,9,32,1.8360214e+29,0.000000
6,-1,13,1.8311647e+29,0.000000
7,-2,24,1.8298957e+29,0.000000
5,-4,-7,1.827423e+29,0.000000
7,-5,54,1.8212777e+29,0.000000
8,2,4,1.809935e+29,0.000000
9,9,39,1.7954272e+29,0.000000
6,2,-15,1.7949918e+29,0.000000
5,-1,-1,1.7924235e+29,0.000000
10,8,39,1.7836891e+29,0.000000
7,1,-9,1.777504e+29,0.000000
9,7,14,1.7745447e+29,0.000000
4,-1,46,1.7703373e+29,0.000000
2,-1,-42,1.7605915e+29,0.000000
7,2,20,1.7594503e+29,0.000000
7,6,42,1.7533631e+29,0.000000
6,2,33,1.7495527e+29,0.000000
6,-4,50,1.7419072e+29,0.000000
8,2,11,1.735122e+29,0.000000
4,0,-39,1.7327887e+29,0.000000
4,0,39,1.7327887e+29,0.000000
4,4,-11,1.7280674e+29,0.000000
7,1,0,1.7165401e+29,0.000000
10,10,19,1.7161014e+29,0.000000
8,6,28,1.7039166e+29,0.000000
4,1,41,1.7012812e+29,0.000000
5,1,-27,1.7008503e+29,0.000000
4,-4,-21,1.6992466e+29,0.000000
10,-8,55,1.697232e+29,0.000000
10,10,22,1.6846186e+29,0.000000
8,7,16,1.6835443e+29,0.000000
2,-2,-37,1.6787875e+29,0.000000
5,2,-15,1.6779221e+29,0.000000
8,5,17,1.6767534e+29,0.000000
9,7,2,1.6682794e+29,0.000000
7,7,44,1.6584158e+29,0.000000
6,3,36,1.6404054e+29,0.000000
9,9,-1,1.625628e+29,0.000000
6,-2,-15,1.6183829e+29,0.000000
7,1,20,1.6181025e+29,0.000000
6,6,55,1.6162487e+29,0.000000
5,3,41,1.6161543e+29,0.000000
5,-3,51,1.6103676e+29,0.000000
10,9,52,1.6082002e+29,0.000000
6,1,24,1.6039089e+29,0.000000
10,-7,37,1.5994377e+29,0.000000
10,8,13,1.5978428e+29,0.000000
9,-5,27,1.593624e+29,0.000000
3,1,45,1.5869578e+29,0.000000
8,3,-1,1.58577e+29,0.000000
5,4,54,1.583906e+29,0.000000
8,-3,15,1.5792237e+29,0.000000
8,4,19,1.5679477e+29,0.000000
6,5,51,1.553696e+29,0.000000
5,-4,-9,1.5522874e+29,0.000000
9,-4,5,1.5495373e+29,0.000000
7,-1,17,1.5436299e+29,0.000000
9,-9,-8,1.5384663e+29,0.000000
5,3,-9,1.5327841e+29,0.000000
5,-3,-15,1.4928608e+29,0.000000
10,-4,5,1.4904009e+29,0.000000
7,6,43,1.486131e+29,0.000000
9,-6,40,1.484878e+29,0.000000
7,5,35,1.4774914e+29,0.000000
10,8,27,1.4705081e+29,0.000000
7,7,45,1.4666167e+29,0.000000
10,10,36,1.452408e+29,0.000000
4,-3,-22,1.4484886e+29,0.000000
8,6,29,1.4470248e+29,0.000000
4,3,54,1.446698e+29,0.000000
8,5,18,1.442585e+29,0.000000
6,-3,39,1.4416104e+29,0.000000
10,-6,20,1.4375893e+29,0.000000
5,3,-4,1.4314188e+29,0.000000
8,-2,11,1.4309958e+29,0.000000
10,10,33,1.4280184e+29,0.000000
9,9,30,1.4236079e+29,0.000000
5,0,-31,1.4215815e+29,0.000000
5,0,31,1.4215815e+29,0.000000
7,2,21,1.4197112e+29,0.000000
6,1,-16,1.415481e+29,0.000000
7,-4,44,1.4146524e+29,0.000000
8,-5,36,1.4037939e+29,0.000000
6,-4,51,1.4028188e+29,0.000000
9,7,12,1.4022336e+29,0.000000
6,-2,37,1.3969789e+29,0.000000
8,-4,26,1.3900988e+29,0.000000
3,2,51,1.3811459e+29,0.000000
3,3,-19,1.3633616e+29,0.000000
2,0,-48,1.3605417e+29,0.000000
2,0,48,1.3605417e+29,0.000000
8,8,42,1.3540855e+29,0.000000
4,2,-22,1.3515456e+29,0.000000
5,2,-3,1.3459983e+29,0.000000
3,-2,-23,1.3405725e+29,0.000000
7,-2,25,1.3201573e+29,0.000000
3,-1,-39,1.3146852e+29,0.000000
10,10,23,1.3110794e+29,0.000000
10,-7,38,1.3029395e+29,0.000000
3,0,-45,1.301358e+29,0.000000
3,0,45,1.301358e+29,0.000000
9,5,-2,1.2981324e+29,0.000000
7,4,22,1.2961874e+29,0.000000
3,-1,53,1.2928588e+29,0.000000
4,-2,24,1.2915187e+29,0.000000
7,7,46,1.2895003e+29,0.000000
9,-5,28,1.2805302e+29,0.000000
6,-1,14,1.2793488e+29,0.000000
8,3,7,1.2768084e+29,0.000000
2,1,-35,1.2727442e+29,0.000000
8,7,41,1.2715721e+29,0.000000
5,2,37,1.265165e+29,0.000000
7,6,44,1.2538511e+29,0.000000
8,4,20,1.2534952e+29,0.000000
10,10,20,1.2527632e+29,0.000000
8,3,6,1.2525352e+29,0.000000
4,-1,47,1.2494853e+29,0.000000
4,1,42,1.2375005e+29,0.000000
3,-3,-32,1.2370409e+29,0.000000
8,3,8,1.2347316e+29,0.000000
4,3,-13,1.2304547e+29,0.000000
7,-5,55,1.2286695e+29,0.000000
9,8,16,1.2277538e+29,0.000000
8,8,33,1.2252949e+29,0.000000
8,5,19,1.2169878e+29,0.000000
8,6,30,1.2155783e+29,0.000000
8,8,0,1.2129991e+29,0.000000
7,-3,23,1.2122637e+29,0.000000
5,-1,-26,1.2122606e+29,0.000000
2,-2,-38,1.2053813e+29,0.000000
6,5,52,1.1953327e+29,0.000000
4,1,-30,1.1922215e+29,0.000000
9,7,15,1.1835372e+29,0.000000
8,2,12,1.1760268e+29,0.000000
5,-2,40,1.1627074e+29,0.000000
6,3,37,1.1589582e+29,0.000000
8,3,5,1.1577528e+29,0.000000
5,4,55,1.150494e+29,0.000000
6,4,32,1.1486159e+29,0.000000
7,-1,18,1.1401332e+29,0.000000
3,1,-35,1.1366303e+29,0.000000
8,5,-3,1.1362601e+29,0.000000
8,3,9,1.134552e+29,0.000000
8,-2,0,1.1334671e+29,0.000000
6,2,34,1.1329522e+29,0.000000
7,7,47,1.1273725e+29,0.000000
6,-4,52,1.1263344e+29,0.000000
5,-4,-10,1.1225412e+29,0.000000
7,2,22,1.1154785e+29,0.000000
7,1,21,1.1035892e+29,0.000000
4,-1,-32,1.0992633e+29,0.000000
5,-4,-6,1.0800837e+29,0.000000
4,0,-40,1.0782088e+29,0.000000
4,0,40,1.0782088e+29,0.000000
5,-3,-16,1.0767045e+29,0.000000
5,3,42,1.0653852e+29,0.000000
3,1,46,1.0646522e+29,0.000000
7,-4,45,1.0608678e+29,0.000000
10,-6,0,1.0608477e+29,0.000000
9,-3,7,1.0606014e+29,0.000000
10,-7,39,1.0546128e+29,0.000000
7,6,45,1.0511242e+29,0.000000
6,0,-20,1.0479372e+29,0.000000
6,0,20,1.0479372e+29,0.000000
7,5,36,1.0442445e+29,0.000000
6,2,-16,1.0434711e+29,0.000000
9,-6,41,1.0415633e+29,0.000000
9,9,42,1.0398614e+29,0.000000
4,2,41,1.0387875e+29,0.000000
8,8,26,1.0383391e+29,0.000000
8,7,19,1.0290203e+29,0.000000
6,1,-17,1.0247294e+29,0.000000
4,-2,-7,1.0215477e+29,0.000000
9,5,-1,1.0147651e+29,0.000000
8,6,31,1.011342e+29,0.000000
9,-5,29,1.0069261e+29,0.000000
8,5,20,1.0068096e+29,0.000000
5,-2,-16,1.0015079e+29,0.000000
2,-1,-43,1.0009118e+29,0.000000
9,9,23,9.9940532e+28,0.000000
5,1,-28,9.9535237e+28,0.000000
8,3,4,9.9276152e+28,0.000000
8,3,10,9.9082827e+28,0.000000
8,-3,16,9.8553508e+28,0.000000
7,7,48,9.8112595e+28,0.000000
8,8,24,9.7755362e+28,0.000000
6,-3,40,9.7634088e+28,0.000000
10,-6,21,9.7371178e+28,0.000000
8,4,21,9.7043941e+28,0.000000
7,3,22,9.687021e+28,0.000000
4,3,55,9.6544475e+28,0.000000
7,7,52,9.6535014e+28,0.000000
5,0,-32,9.5901993e+28,0.000000
5,0,32,9.5901993e+28,0.000000
10,-5,6,9.5515912e+28,0.000000
6,-2,-16,9.5149408e+28,0.000000
7,-2,26,9.3691101e+28,0.000000
6,-6,-8,9.2931942e+28,0.000000
8,3,2,9.2486956e+28,0.000000
5,-3,52,9.2162172e+28,0.000000
3,-1,54,9.2033096e+28,0.000000
6,5,53,9.1865426e+28,0.000000
8,-2,12,9.156591e+28,0.000000
8,8,30,9.1287182e+28,0.000000
6,-4,53,9.0172339e+28,0.000000
8,8,36,8.9815912e+28,0.000000
4,1,43,8.9532458e+28,0.000000
10,10,24,8.9167723e+28,0.000000
5,2,-16,8.9087228e+28,0.000000
4,-2,-2,8.8791164e+28,0.000000
2,0,-49,8.8773419e+28,0.000000
2,0,49,8.8773419e+28,0.000000
2,-2,-39,8.8313957e+28,0.000000
8,-4,27,8.7977939e+28,0.000000
4,-1,48,8.7842688e+28,0.000000
7,6,46,8.7576622e+28,0.000000
6,-1,15,8.6992103e+28,0.000000
3,2,52,8.6902371e+28,0.000000
9,9,46,8.6759772e+28,0.000000
6,-2,38,8.6661932e+28,0.000000
10,-5,7,8.6609285e+28,0.000000
3,2,-19,8.5934611e+28,0.000000
3,-2,-24,8.5897493e+28,0.000000
7,2,23,8.5628722e+28,0.000000
9,5,2,8.5609177e+28,0.000000
9,5,0,8.5188625e+28,0.000000
6,1,25,8.5173701e+28,0.000000
7,7,49,8.5071408e+28,0.000000
10,-7,40,8.4808701e+28,0.000000
4,-4,-22,8.475632e+28,0.000000
4,-3,-23,8.4429277e+28,0.000000
7,1,-10,8.4298798e+28,0.000000
7,-1,-6,8.3440858e+28,0.000000
8,6,32,8.3412367e+28,0.000000
5,1,32,8.260954e+28,0.000000
9,9,26,8.2606865e+28,0.000000
8,7,0,8.2265875e+28,0.000000
8,3,11,8.2265516e+28,0.000000
7,-1,-5,8.2159277e+28,0.000000
7,-7,-8,8.1932821e+28,0.000000
8,5,21,8.1672722e+28,0.000000
6,3,38,8.144744e+28,0.000000
7,-1,19,8.1431384e+28,0.000000
8,7,18,8.1095431e+28,0.000000
10,10,21,8.0634588e+28,0.000000
8,3,3,8.0555008e+28,0.000000
3,0,-46,7.9628044e+28,0.000000
3,0,46,7.9628044e+28,0.000000
9,5,1,7.9542155e+28,0.000000
7,-4,46,7.9149927e+28,0.000000
6,-1,0,7.8800969e+28,0.000000
10,8,48,7.8159681e+28,0.000000
5,-1,32,7.7716822e+28,0.000000
9,-5,30,7.7592764e+28,0.000000
4,-2,25,7.6504865e+28,0.000000
8,8,28,7.6198666e+28,0.000000
5,-4,-11,7.5027007e+28,0.000000
4,4,-12,7.4771659e+28,0.000000
5,-3,-17,7.47479e+28,0.000000
8,-5,37,7.463675e+28,0.000000
8,2,13,7.4314651e+28,0.000000
7,7,50,7.4231913e+28,0.000000
6,-4,-8,7.3978289e+28,0.000000
10,10,34,7.3863138e+28,0.000000
6,-4,-9,7.3742284e+28,0.000000
5,-4,-5,7.3739479e+28,0.000000
7,1,22,7.3592331e+28,0.000000
7,5,37,7.3543358e+28,0.000000
9,5,3,7.3145275e+28,0.000000
8,4,22,7.2949653e+28,0.000000
6,2,35,7.2922122e+28,0.000000
7,6,47,7.2651735e+28,0.000000
8,-1,2,7.2416231e+28,0.000000
6,1,-18,7.2379528e+28,0.000000
9,-6,42,7.2361501e+28,0.000000
8,7,20,7.2287609e+28,0.000000
3,-1,55,7.1995266e+28,0.000000
5,-1,-27,7.196981e+28,0.000000
6,-4,54,7.1961185e+28,0.000000
7,-3,24,7.1819523e+28,0.000000
5,2,38,7.1635965e+28,0.000000
9,8,19,7.1295814e+28,0.000000
7,7,51,7.1145534e+28,0.000000
6,5,54,7.0565559e+28,0.000000
3,1,47,7.0496791e+28,0.000000
5,3,-10,7.0232997e+28,0.000000
2,1,-36,7.0116103e+28,0.000000
5,3,43,6.9879415e+28,0.000000
4,3,-14,6.9606618e+28,0.000000
10,7,9,6.9581252e+28,0.000000
3,-1,-40,6.9522195e+28,0.000000
3,3,-20,6.9410025e+28,0.000000
3,-3,-33,6.9031068e+28,0.000000
10,10,25,6.8668618e+28,0.000000
7,4,23,6.8655737e+28,0.000000
2,2,-23,6.8594828e+28,0.000000
8,6,33,6.8151231e+28,0.000000
9,8,22,6.7926267e+28,0.000000
10,-7,41,6.7758301e+28,0.000000
10,10,30,6.7441942e+28,0.000000
4,1,-31,6.7298254e+28,0.000000
3,-2,-25,6.6836898e+28,0.000000
4,0,-41,6.6820128e+28,0.000000
4,0,41,6.6820128e+28,0.000000
9,8,1,6.6617168e+28,0.000000
2,-2,-40,6.6478153e+28,0.000000
6,-3,41,6.590159e+28,0.000000
7,-2,27,6.5510987e+28,0.000000
8,5,22,6.4999186e+28,0.000000
8,3,12,6.496214e+28,0.000000
9,8,25,6.4533035e+28,0.000000
4,1,44,6.4469074e+28,0.000000
7,2,24,6.4397791e+28,0.000000
5,0,-33,6.4384971e+28,0.000000
5,0,33,6.4384971e+28,0.000000
10,-6,22,6.4290374e+28,0.000000
9,6,9,6.3473617e+28,0.000000
9,9,34,6.254026e+28,0.000000
4,-1,-33,6.2331851e+28,0.000000
8,8,35,6.2279589e+28,0.000000
10,-4,6,6.1516776e+28,0.000000
4,-1,49,6.1499965e+28,0.000000
9,6,3,6.1444564e+28,0.000000
7,-1,-7,6.1426264e+28,0.000000
9,-3,8,6.1061862e+28,0.000000
8,7,36,6.0395089e+28,0.000000
5,-2,41,6.0227244e+28,0.000000
3,1,-36,6.0126363e+28,0.000000
7,6,48,6.0036197e+28,0.000000
7,0,-6,5.9924146e+28,0.000000
7,0,6,5.9924146e+28,0.000000
6,2,-17,5.9722619e+28,0.000000
2,0,-50,5.9633408e+28,0.000000
2,0,50,5.9633408e+28,0.000000
8,-8,-8,5.9069698e+28,0.000000
8,-3,17,5.9039129e+28,0.000000
10,6,6,5.901075e+28,0.000000
9,5,4,5.8962182e+28,0.000000
7,-4,47,5.8794878e+28,0.000000
9,-5,31,5.8675052e+28,0.000000
7,-3,25,5.8595677e+28,0.000000
4,2,-23,5.841189e+28,0.000000
9,6,4,5.8270743e+28,0.000000
5,1,-29,5.8046658e+28,0.000000
7,-3,27,5.7946859e+28,0.000000
6,-4,-10,5.7646401e+28,0.000000
6,-1,16,5.7634833e+28,0.000000
7,-3,26,5.7512813e+28,0.000000
2,-1,-44,5.7265092e+28,0.000000
6,-4,55,5.7213385e+28,0.000000
7,0,-7,5.7179774e+28,0.000000
7,0,7,5.7179774e+28,0.000000
6,3,39,5.6959237e+28,0.000000
7,-1,20,5.6486494e+28,0.000000
7,-3,28,5.6245146e+28,0.000000
3,2,53,5.6147821e+28,0.000000
8,-2,13,5.5527767e+28,0.000000
6,4,33,5.5442365e+28,0.000000
8,6,34,5.5269926e+28,0.000000
3,-2,-26,5.5184403e+28,0.000000
9,7,0,5.5082243e+28,0.000000
6,-2,-17,5.4965402e+28,0.000000
10,9,27,5.4356813e+28,0.000000
8,-4,28,5.4281834e+28,0.000000
6,5,55,5.4169757e+28,0.000000
10,7,3,5.3795953e+28,0.000000
10,-7,42,5.3786941e+28,0.000000
9,6,5,5.3782928e+28,0.000000
6,-2,39,5.345299e+28,0.000000
8,4,23,5.3353854e+28,0.000000
9,8,23,5.2910673e+28,0.000000
5,-2,-17,5.2619107e+28,0.000000
2,1,40,5.2140155e+28,0.000000
7,-3,29,5.1971901e+28,0.000000
7,0,-5,5.1716116e+28,0.000000
7,0,5,5.1716116e+28,0.000000
7,5,38,5.1637038e+28,0.000000
2,-2,-41,5.1594489e+28,0.000000
5,-3,53,5.1308901e+28,0.000000
10,-6,-1,5.1166746e+28,0.000000
10,8,14,5.1127027e+28,0.000000
8,5,23,5.0760084e+28,0.000000
4,-2,-8,5.0511537e+28,0.000000
5,-3,-18,5.0404897e+28,0.000000
8,-3,-1,5.0401864e+28,0.000000
7,0,-2,5.0273884e+28,0.000000
7,0,2,5.0273884e+28,0.000000
9,-4,7,5.0265466e+28,0.000000
6,1,-19,5.0040703e+28,0.000000
9,-6,43,4.9785663e+28,0.000000
7,6,49,4.9420286e+28,0.000000
4,-3,-24,4.9291037e+28,0.000000
8,3,13,4.8802821e+28,0.000000
3,0,-47,4.8723836e+28,0.000000
3,0,47,4.8723836e+28,0.000000
9,5,5,4.8685676e+28,0.000000
5,3,-11,4.8604283e+28,0.000000
7,0,-8,4.8491298e+28,0.000000
7,0,8,4.8491298e+28,0.000000
10,8,17,4.818094e+28,0.000000
7,1,23,4.8099116e+28,0.000000
4,2,42,4.8039301e+28,0.000000
5,-4,-12,4.760604e+28,0.000000
7,2,25,4.7555191e+28,0.000000
8,8,31,4.7468731e+28,0.000000
8,7,23,4.6784969e+28,0.000000
6,2,36,4.6661338e+28,0.000000
5,2,-17,4.6441672e+28,0.000000
4,1,45,4.6221378e+28,0.000000
9,-3,0,4.6109244e+28,0.000000
3,1,48,4.6084037e+28,0.000000
9,9,54,4.596186e+28,0.000000
7,-3,30,4.5890649e+28,0.000000
5,3,44,4.5582478e+28,0.000000
7,3,23,4.5486991e+28,0.000000
7,7,53,4.5398315e+28,0.000000
7,-2,28,4.519023e+28,0.000000
3,-2,-27,4.5104485e+28,0.000000
4,-2,26,4.4955867e+28,0.000000
8,7,24,4.4917809e+28,0.000000
8,6,35,4.4499652e+28,0.000000
6,-3,42,4.4345037e+28,0.000000
10,10,37,4.4202293e+28,0.000000
8,8,-3,4.4013266e+28,0.000000
8,7,22,4.3850415e+28,0.000000
10,8,15,4.3827218e+28,0.000000
6,1,26,4.375409e+28,0.000000
8,2,14,4.3748957e+28,0.000000
9,-5,32,4.3595127e+28,0.000000
10,9,21,4.3585057e+28,0.000000
7,-4,48,4.3514419e+28,0.000000
8,7,1,4.3342589e+28,0.000000
5,0,-34,4.3045744e+28,0.000000
5,0,34,4.3045744e+28,0.000000
8,7,21,4.2886857e+28,0.000000
4,-1,50,4.2861971e+28,0.000000
10,7,10,4.2770353e+28,0.000000
9,3,0,4.2679846e+28,0.000000
5,-1,-28,4.2570491e+28,0.000000
4,-4,-23,4.246483e+28,0.000000
8,7,26,4.2434875e+28,0.000000
10,-7,43,4.2424446e+28,0.000000
7,-2,-1,4.2349663e+28,0.000000
9,7,-3,4.2043191e+28,0.000000
9,5,6,4.1877514e+28,0.000000
9,6,2,4.1767796e+28,0.000000
10,-6,23,4.1468803e+28,0.000000
10,-7,-1,4.1374379e+28,0.000000
2,-2,-42,4.127402e+28,0.000000
9,-3,9,4.1262014e+28,0.000000
4,0,-42,4.123603e+28,0.000000
4,0,42,4.123603e+28,0.000000
2,0,-51,4.1152553e+28,0.000000
2,0,51,4.1152553e+28,0.000000
9,9,28,4.0982528e+28,0.000000
10,10,31,4.0945576e+28,0.000000
10,9,19,4.0834447e+28,0.000000
8,8,-4,4.0811229e+28,0.000000
10,10,26,4.0696418e+28,0.000000
8,8,-1,4.0675713e+28,0.000000
7,6,50,4.053142e+28,0.000000
8,7,-3,4.0261947e+28,0.000000
8,7,-2,4.0228331e+28,0.000000
9,9,29,4.0181117e+28,0.000000
6,-4,-11,4.0113323e+28,0.000000
10,-6,-2,4.0091282e+28,0.000000
5,2,39,3.9803458e+28,0.000000
8,-5,38,3.9751264e+28,0.000000
10,-5,5,3.9681014e+28,0.000000
6,3,40,3.9654553e+28,0.000000
4,3,-15,3.9604902e+28,0.000000
6,0,-21,3.9526953e+28,0.000000
6,0,21,3.9526953e+28,0.000000
7,-3,31,3.8989172e+28,0.000000
8,5,24,3.8920568e+28,0.000000
2,1,-37,3.8711468e+28,0.000000
3,-3,-34,3.8688056e+28,0.000000
2,1,45,3.8293849e+28,0.000000
7,-1,21,3.8189188e+28,0.000000
9,-4,4,3.8124876e+28,0.000000
7,-1,-8,3.8048515e+28,0.000000
8,4,24,3.8021063e+28,0.000000
5,3,-12,3.797807e+28,0.000000
4,1,-32,3.7881321e+28,0.000000
7,0,-9,3.7842763e+28,0.000000
7,0,9,3.7842763e+28,0.000000
3,2,54,3.7712309e+28,0.000000
6,6,-6,3.7678001e+28,0.000000
7,7,54,3.745717e+28,0.000000
2,1,46,3.744526e+28,0.000000
6,-1,17,3.7236657e+28,0.000000
9,5,7,3.7146432e+28,0.000000
3,-1,-41,3.6687123e+28,0.000000
9,7,-2,3.6658589e+28,0.000000
8,7,28,3.6607991e+28,0.000000
7,4,24,3.6534571e+28,0.000000
7,-1,0,3.6488231e+28,0.000000
7,1,-11,3.6404357e+28,0.000000
7,5,39,3.6163861e+28,0.000000
3,-2,-28,3.5759578e+28,0.000000
10,10,35,3.5639317e+28,0.000000
8,6,36,3.5593077e+28,0.000000
3,3,-21,3.5534508e+28,0.000000
10,9,2,3.5404006e+28,0.000000
4,-1,-34,3.5198133e+28,0.000000
6,-4,-7,3.5133405e+28,0.000000
2,1,44,3.4948633e+28,0.000000
8,3,14,3.4874388e+28,0.000000
8,8,-2,3.4841018e+28,0.000000
9,7,17,3.4810875e+28,0.000000
7,2,26,3.4546777e+28,0.000000
10,8,18,3.4347857e+28,0.000000
8,7,25,3.4076029e+28,0.000000
8,-3,18,3.3981028e+28,0.000000
10,-4,4,3.3978564e+28,0.000000
6,1,-20,3.3956641e+28,0.000000
9,-6,44,3.3917615e+28,0.000000
2,-2,-43,3.3911438e+28,0.000000
2,1,47,3.3849387e+28,0.000000
5,1,-30,3.3742952e+28,0.000000
6,2,-18,3.3681231e+28,0.000000
8,8,32,3.3533733e+28,0.000000
4,4,-13,3.3384279e+28,0.000000
10,-7,44,3.3252481e+28,0.000000
5,-3,-19,3.3236165e+28,0.000000
9,5,8,3.3211674e+28,0.000000
7,6,51,3.312369e+28,0.000000
3,2,-20,3.3071699e+28,0.000000
2,-1,-45,3.3036116e+28,0.000000
4,1,46,3.3003645e+28,0.000000
6,-2,40,3.2762913e+28,0.000000
8,-4,29,3.2621973e+28,0.000000
5,1,33,3.2619529e+28,0.000000
7,7,55,3.2511874e+28,0.000000
9,-3,10,3.2318539e+28,0.000000
7,-4,49,3.2108715e+28,0.000000
7,-3,32,3.2082662e+28,0.000000
9,8,21,3.2056117e+28,0.000000
8,-1,3,3.1931503e+28,0.000000
9,-5,33,3.1860479e+28,0.000000
8,-2,14,3.1774614e+28,0.000000
3,1,-37,3.1732754e+28,0.000000
6,-2,-18,3.1267692e+28,0.000000
7,-1,-4,3.1265243e+28,0.000000
10,9,36,3.1182832e+28,0.000000
10,9,22,3.1009199e+28,0.000000
9,7,16,3.1004665e+28,0.000000
7,1,24,3.0870557e+28,0.000000
7,-5,-5,3.0836397e+28,0.000000
7,-2,29,3.0787301e+28,0.000000
5,-1,33,3.0353713e+28,0.000000
8,7,27,3.0295105e+28,0.000000
5,-2,42,3.0079678e+28,0.000000
7,0,-4,3.005799e+28,0.000000
7,0,4,3.005799e+28,0.000000
10,9,20,2.9929293e+28,0.000000
3,0,-48,2.9876815e+28,0.000000
3,0,48,2.9876815e+28,0.000000
3,1,49,2.9775893e+28,0.000000
9,8,20,2.9760379e+28,0.000000
6,-3,43,2.9753436e+28,0.000000
4,-1,51,2.9721631e+28,0.000000
6,2,37,2.9684362e+28,0.000000
5,3,45,2.9546964e+28,0.000000
9,5,9,2.9543214e+28,0.000000
5,-5,-9,2.9479283e+28,0.000000
10,6,7,2.9468368e+28,0.000000
5,3,-13,2.9279962e+28,0.000000
8,5,25,2.9266859e+28,0.000000
5,-4,-13,2.9137428e+28,0.000000
2,0,-52,2.9032707e+28,0.000000
2,0,52,2.9032707e+28,0.000000
9,-7,-7,2.8967778e+28,0.000000
2,1,48,2.8872423e+28,0.000000
4,-3,-25,2.8827682e+28,0.000000
5,0,-35,2.8674538e+28,0.000000
5,0,35,2.8674538e+28,0.000000
2,-2,-44,2.845968e+28,0.000000
9,7,1,2.8453693e+28,0.000000
7,-1,-3,2.8425322e+28,0.000000
8,6,37,2.8270208e+28,0.000000
9,-3,11,2.7948127e+28,0.000000
5,-3,54,2.7838125e+28,0.000000
10,7,11,2.7837718e+28,0.000000
9,-3,1,2.7687053e+28,0.000000
7,0,-10,2.766572e+28,0.000000
7,0,10,2.766572e+28,0.000000
6,3,41,2.7492268e+28,0.000000
3,-2,-29,2.7459112e+28,0.000000
7,7,-6,2.7209127e+28,0.000000
10,-10,-8,2.7146299e+28,0.000000
5,-2,-18,2.7082773e+28,0.000000
10,8,1,2.6990021e+28,0.000000
7,6,52,2.6976412e+28,0.000000
8,7,29,2.6804162e+28,0.000000
2,1,43,2.6789446e+28,0.000000
10,-5,8,2.666062e+28,0.000000
3,2,55,2.6618803e+28,0.000000
7,3,24,2.6585671e+28,0.000000
8,4,25,2.6423794e+28,0.000000
10,-6,24,2.6408895e+28,0.000000
8,8,37,2.6382388e+28,0.000000
4,-2,27,2.6223565e+28,0.000000
8,7,30,2.6145236e+28,0.000000
6,-4,-12,2.6117989e+28,0.000000
10,-7,45,2.5903093e+28,0.000000
7,-3,33,2.5708963e+28,0.000000
6,4,34,2.552302e+28,0.000000
4,0,-43,2.53391e+28,0.000000
4,0,43,2.53391e+28,0.000000
8,8,34,2.5283527e+28,0.000000
7,5,40,2.5273281e+28,0.000000
7,-1,22,2.5236195e+28,0.000000
10,-9,-7,2.5179845e+28,0.000000
9,-3,12,2.517447e+28,0.000000
5,-1,-29,2.509673e+28,0.000000
5,-2,-3,2.5090614e+28,0.000000
10,10,29,2.4956786e+28,0.000000
4,-2,-9,2.4810182e+28,0.000000
7,3,28,2.4787816e+28,0.000000
8,4,-3,2.4746738e+28,0.000000
9,5,10,2.4732003e+28,0.000000
7,2,27,2.4726545e+28,0.000000
8,8,-5,2.4719344e+28,0.000000
10,10,53,2.4712563e+28,0.000000
8,7,32,2.4582132e+28,0.000000
4,2,-24,2.4581368e+28,0.000000
8,7,31,2.4480244e+28,0.000000
7,3,27,2.4359694e+28,0.000000
2,-2,-45,2.4250991e+28,0.000000
8,8,47,2.423437e+28,0.000000
2,2,-24,2.418833e+28,0.000000
10,9,39,2.4172121e+28,0.000000
10,9,32,2.4144564e+28,0.000000
9,-4,8,2.3909722e+28,0.000000
8,2,15,2.3907448e+28,0.000000
7,3,29,2.390456e+28,0.000000
8,6,38,2.3862104e+28,0.000000
8,7,-1,2.3783251e+28,0.000000
5,2,-18,2.3730206e+28,0.000000
8,3,15,2.3687024e+28,0.000000
7,-4,50,2.363676e+28,0.000000
2,1,49,2.3525792e+28,0.000000
9,9,49,2.3485503e+28,0.000000
6,-1,18,2.3475037e+28,0.000000
4,1,47,2.3471612e+28,0.000000
8,8,55,2.3415811e+28,0.000000
8,8,41,2.3082547e+28,0.000000
8,7,33,2.2968522e+28,0.000000
7,3,26,2.2941855e+28,0.000000
9,-5,34,2.2924808e+28,0.000000
9,-6,45,2.2878927e+28,0.000000
9,7,-1,2.272275e+28,0.000000
6,1,-21,2.2670168e+28,0.000000
9,-3,13,2.2659616e+28,0.000000
4,3,-16,2.2612743e+28,0.000000
8,-5,39,2.2565906e+28,0.000000
8,7,37,2.2505699e+28,0.000000
10,-5,4,2.2440438e+28,0.000000
8,-1,1,2.2212823e+28,0.000000
7,3,25,2.2212309e+28,0.000000
7,3,30,2.1960881e+28,0.000000
7,6,53,2.1908256e+28,0.000000
3,-3,-35,2.1775349e+28,0.000000
9,9,45,2.1742787e+28,0.000000
7,4,25,2.1682632e+28,0.000000
5,3,-14,2.167439e+28,0.000000
6,1,27,2.1669156e+28,0.000000
5,2,40,2.1612424e+28,0.000000
8,5,26,2.1606791e+28,0.000000
8,7,35,2.1556746e+28,0.000000
5,-3,-20,2.1536287e+28,0.000000
2,1,-38,2.1421446e+28,0.000000
4,-4,-24,2.1365558e+28,0.000000
9,-6,-4,2.1256556e+28,0.000000
4,1,-33,2.1251994e+28,0.000000
8,7,34,2.1242524e+28,0.000000
4,2,43,2.1077289e+28,0.000000
9,5,11,2.1026436e+28,0.000000
9,3,3,2.1018235e+28,0.000000
2,-2,-46,2.0869002e+28,0.000000
7,-1,-9,2.0866729e+28,0.000000
2,0,-53,2.0799191e+28,0.000000
2,0,53,2.0799191e+28,0.000000
7,-2,30,2.0734635e+28,0.000000
3,-2,-30,2.050062e+28,0.000000
4,-1,52,2.0492759e+28,0.000000
5,-5,-8,2.0314941e+28,0.000000
6,5,-5,2.0307102e+28,0.000000
7,-3,34,2.0151856e+28,0.000000
8,8,52,2.010547e+28,0.000000
10,-7,46,2.0056528e+28,0.000000
9,8,42,2.0046265e+28,0.000000
6,-2,41,1.9938717e+28,0.000000
9,-3,14,1.9934132e+28,0.000000
6,-3,44,1.9908146e+28,0.000000
5,-5,-10,1.9845793e+28,0.000000
9,7,-4,1.9827772e+28,0.000000
4,-1,-35,1.9776566e+28,0.000000
10,8,16,1.9692819e+28,0.000000
5,1,-31,1.9554231e+28,0.000000
6,-4,-6,1.948573e+28,0.000000
7,1,25,1.9484054e+28,0.000000
7,3,31,1.9370721e+28,0.000000
8,7,-4,1.9362956e+28,0.000000
9,3,4,1.9346217e+28,0.000000
9,-4,3,1.9343891e+28,0.000000
3,-1,-42,1.9340114e+28,0.000000
2,-1,-46,1.9273667e+28,0.000000
9,7,19,1.9247322e+28,0.000000
10,-4,7,1.9246886e+28,0.000000
7,0,-11,1.9129147e+28,0.000000
7,0,11,1.9129147e+28,0.000000
3,1,50,1.9078394e+28,0.000000
8,-4,30,1.9071794e+28,0.000000
5,0,-36,1.9039889e+28,0.000000
5,0,36,1.9039889e+28,0.000000
8,-3,19,1.9013923e+28,0.000000
5,3,46,1.9010903e+28,0.000000
6,3,42,1.898643e+28,0.000000
6,2,38,1.8772518e+28,0.000000
6,2,-19,1.8729018e+28,0.000000
9,7,18,1.8714371e+28,0.000000
7,4,30,1.8648083e+28,0.000000
7,4,31,1.8604722e+28,0.000000
9,9,37,1.8603245e+28,0.000000
10,9,30,1.8538508e+28,0.000000
2,1,50,1.8451518e+28,0.000000
8,8,38,1.8427058e+28,0.000000
3,0,-49,1.8421765e+28,0.000000
3,0,49,1.8421765e+28,0.000000
9,6,10,1.8342736e+28,0.000000
3,3,-22,1.8280823e+28,0.000000
2,-2,-47,1.8057537e+28,0.000000
7,4,29,1.7945461e+28,0.000000
8,4,26,1.7916669e+28,0.000000
7,4,32,1.7860508e+28,0.000000
7,6,54,1.7745085e+28,0.000000
7,5,41,1.7639117e+28,0.000000
6,-2,-19,1.754519e+28,0.000000
8,6,39,1.753848e+28,0.000000
7,2,28,1.7458641e+28,0.000000
5,-4,-14,1.7377195e+28,0.000000
7,-4,51,1.7369824e+28,0.000000
6,1,-2,1.7307465e+28,0.000000
9,8,33,1.7275647e+28,0.000000
10,10,49,1.7076875e+28,0.000000
8,-2,15,1.7065479e+28,0.000000
10,-6,25,1.7020055e+28,0.000000
5,-3,-4,1.699454e+28,0.000000
9,-3,15,1.6970344e+28,0.000000
8,7,38,1.6938829e+28,0.000000
4,-3,-26,1.6891287e+28,0.000000
7,4,28,1.6714314e+28,0.000000
3,1,-38,1.6704329e+28,0.000000
4,1,48,1.6624621e+28,0.000000
10,10,32,1.6592315e+28,0.000000
7,4,33,1.6576921e+28,0.000000
7,3,32,1.6521363e+28,0.000000
8,8,40,1.6416583e+28,0.000000
8,8,43,1.6395798e+28,0.000000
9,9,33,1.6362915e+28,0.000000
7,4,26,1.6358762e+28,0.000000
7,-1,23,1.6338378e+28,0.000000
2,1,42,1.6336328e+28,0.000000
8,-1,4,1.6318568e+28,0.000000
6,-4,-13,1.6304325e+28,0.000000
9,-5,35,1.6253221e+28,0.000000
8,8,49,1.6231236e+28,0.000000
8,-6,-7,1.6228026e+28,0.000000
8,7,39,1.6223289e+28,0.000000
9,3,2,1.6031667e+28,0.000000
9,6,-2,1.5981523e+28,0.000000
4,-2,-3,1.5954845e+28,0.000000
10,9,-1,1.5686099e+28,0.000000
7,4,27,1.5666968e+28,0.000000
2,-2,-48,1.566063e+28,0.000000
8,5,27,1.5649697e+28,0.000000
9,7,20,1.5587715e+28,0.000000
4,0,-44,1.550868e+28,0.000000
4,0,44,1.550868e+28,0.000000
7,-3,35,1.5506607e+28,0.000000
9,9,41,1.5502216e+28,0.000000
10,-7,47,1.5438243e+28,0.000000
5,3,-15,1.5427009e+28,0.000000
9,6,0,1.531218e+28,0.000000
9,-6,46,1.5280543e+28,0.000000
4,4,-14,1.5273502e+28,0.000000
8,3,16,1.527066e+28,0.000000
4,-2,28,1.5192212e+28,0.000000
9,5,12,1.5020653e+28,0.000000
2,0,-54,1.5017848e+28,0.000000
2,0,54,1.5017848e+28,0.000000
6,0,-22,1.5013313e+28,0.000000
6,0,22,1.5013313e+28,0.000000
9,3,5,1.5010135e+28,0.000000
8,-5,40,1.4986461e+28,0.000000
5,-3,55,1.4984575e+28,0.000000
10,10,51,1.4971811e+28,0.000000
3,-2,-31,1.4950226e+28,0.000000
7,4,34,1.4946011e+28,0.000000
6,1,-22,1.4921708e+28,0.000000
10,10,3,1.4782365e+28,0.000000
5,-1,-30,1.4748758e+28,0.000000
7,6,-5,1.4739833e+28,0.000000
8,7,40,1.4714819e+28,0.000000
9,-4,2,1.4714494e+28,0.000000
2,1,41,1.4537721e+28,0.000000
6,-1,19,1.4446582e+28,0.000000
7,6,55,1.4368884e+28,0.000000
5,-2,43,1.4336248e+28,0.000000
9,-4,9,1.4313817e+28,0.000000
7,1,-12,1.4236683e+28,0.000000
10,9,42,1.4129633e+28,0.000000
4,-1,53,1.4039181e+28,0.000000
2,1,51,1.3995996e+28,0.000000
9,-3,16,1.3928751e+28,0.000000
7,-2,31,1.3814894e+28,0.000000
5,-3,-21,1.3765572e+28,0.000000
8,6,40,1.3730719e+28,0.000000
7,3,33,1.3704418e+28,0.000000
8,8,46,1.3703462e+28,0.000000
5,-2,-19,1.3641812e+28,0.000000
2,-2,-49,1.3583113e+28,0.000000
9,8,26,1.3455357e+28,0.000000
6,-3,45,1.3284616e+28,0.000000
9,4,-1,1.3209607e+28,0.000000
7,4,35,1.314506e+28,0.000000
6,3,43,1.3064571e+28,0.000000
10,-5,3,1.2945099e+28,0.000000
4,3,-17,1.2932334e+28,0.000000
9,5,-3,1.287066e+28,0.000000
8,8,44,1.2817411e+28,0.000000
7,-4,52,1.2749658e+28,0.000000
3,2,-21,1.2642606e+28,0.000000
8,7,42,1.2607195e+28,0.000000
5,0,-37,1.2605762e+28,0.000000
5,0,37,1.2605762e+28,0.000000
7,0,-12,1.2571357e+28,0.000000
7,0,12,1.2571357e+28,0.000000
9,8,36,1.2564633e+28,0.000000
10,9,23,1.2539326e+28,0.000000
9,7,21,1.2490924e+28,0.000000
9,6,11,1.2448772e+28,0.000000
9,6,1,1.2415284e+28,0.000000
8,8,45,1.2313362e+28,0.000000
3,-3,-36,1.2309411e+28,0.000000
7,5,42,1.2288079e+28,0.000000
9,8,24,1.2230949e+28,0.000000
8,-5,41,1.2215179e+28,0.000000
3,1,51,1.2212038e+28,0.000000
9,8,30,1.2175312e+28,0.000000
7,2,29,1.2172916e+28,0.000000
4,-2,-10,1.214284e+28,0.000000
5,3,47,1.2122593e+28,0.000000
7,1,26,1.2105882e+28,0.000000
8,2,16,1.2073836e+28,0.000000
6,-2,42,1.2033771e+28,0.000000
5,1,34,1.1980574e+28,0.000000
9,7,22,1.1924826e+28,0.000000
10,9,46,1.1884562e+28,0.000000
2,1,-39,1.1883345e+28,0.000000
4,1,-34,1.1875029e+28,0.000000
5,2,-19,1.1861358e+28,0.000000
8,4,27,1.1851592e+28,0.000000
10,-7,48,1.1815274e+28,0.000000
6,2,39,1.1798014e+28,0.000000
2,-2,-50,1.1765353e+28,0.000000
7,-3,36,1.1747715e+28,0.000000
4,1,49,1.1724345e+28,0.000000
8,7,52,1.1658762e+28,0.000000
9,7,23,1.1575204e+28,0.000000
10,-6,26,1.1573091e+28,0.000000
8,-5,42,1.1541369e+28,0.000000
10,-5,9,1.1534058e+28,0.000000
8,-5,43,1.1533572e+28,0.000000
8,-5,44,1.1513824e+28,0.000000
3,0,-50,1.148069e+28,0.000000
3,0,50,1.148069e+28,0.000000
9,9,38,1.1434856e+28,0.000000
2,-1,-47,1.1424277e+28,0.000000
5,2,41,1.1402907e+28,0.000000
9,-5,36,1.1361437e+28,0.000000
10,6,8,1.1323988e+28,0.000000
7,4,36,1.1316645e+28,0.000000
5,1,-32,1.1296202e+28,0.000000
9,5,13,1.1260601e+28,0.000000
8,7,43,1.1259527e+28,0.000000
8,-5,45,1.1225142e+28,0.000000
6,4,35,1.1199258e+28,0.000000
8,5,28,1.1114021e+28,0.000000
7,3,34,1.1106809e+28,0.000000
4,-1,-36,1.104452e+28,0.000000
5,-1,34,1.1017436e+28,0.000000
9,-3,17,1.1011218e+28,0.000000
9,7,24,1.0970503e+28,0.000000
2,0,-55,1.084624e+28,0.000000
2,0,55,1.084624e+28,0.000000
8,-4,31,1.083026e+28,0.000000
4,-4,-25,1.0791916e+28,0.000000
8,-3,20,1.0730196e+28,0.000000
3,-2,-32,1.0693689e+28,0.000000
5,-5,-11,1.0677215e+28,0.000000
8,6,41,1.0672688e+28,0.000000
8,-5,46,1.0628137e+28,0.000000
5,3,-16,1.0623217e+28,0.000000
9,4,1,1.0559688e+28,0.000000
10,9,26,1.0526263e+28,0.000000
7,-1,24,1.0382806e+28,0.000000
6,1,28,1.0332898e+28,0.000000
9,3,6,1.0328525e+28,0.000000
2,1,52,1.0298716e+28,0.000000
7,-1,-10,1.0295601e+28,0.000000
9,8,0,1.0294633e+28,0.000000
6,2,-20,1.0274609e+28,0.000000
3,-1,-43,1.020355e+28,0.000000
8,7,44,1.0196093e+28,0.000000
2,-2,-51,1.0168595e+28,0.000000
5,-4,-15,1.0167137e+28,0.000000
9,-6,47,1.0106774e+28,0.000000
4,2,-25,9.9982697e+27,0.000000
9,6,12,9.9902655e+27,0.000000
9,7,26,9.9438542e+27,0.000000
4,-3,-27,9.9162621e+27,0.000000
5,4,-5,9.9151165e+27,0.000000
6,-4,-14,9.8918437e+27,0.000000
9,7,25,9.8759588e+27,0.000000
8,-5,47,9.7816526e+27,0.000000
6,-2,-20,9.7234007e+27,0.000000
6,1,-23,9.7008111e+27,0.000000
9,9,50,9.6705698e+27,0.000000
9,8,28,9.6491637e+27,0.000000
9,-4,10,9.6166332e+27,0.000000
7,4,37,9.5638911e+27,0.000000
4,-1,54,9.5492681e+27,0.000000
10,8,19,9.5471077e+27,0.000000
9,9,40,9.5083494e+27,0.000000
4,0,-45,9.4628006e+27,0.000000
4,0,45,9.4628006e+27,0.000000
3,3,-23,9.4469856e+27,0.000000
7,-4,53,9.3526097e+27,0.000000
8,3,17,9.3310206e+27,0.000000
8,8,53,9.2441332e+27,0.000000
10,-4,8,9.2407211e+27,0.000000
9,-5,-3,9.2327759e+27,0.000000
8,7,45,9.2179746e+27,0.000000
10,10,54,9.1751749e+27,0.000000
7,-2,32,9.111475e+27,0.000000
9,-6,-6,9.1003418e+27,0.000000
4,2,44,9.0423863e+27,0.000000
9,6,-1,9.0132536e+27,0.000000
10,-7,49,8.9921645e+27,0.000000
6,3,44,8.9586648e+27,0.000000
9,7,27,8.8459139e+27,0.000000
6,-3,46,8.8403797e+27,0.000000
7,3,35,8.8272674e+27,0.000000
8,8,50,8.8260459e+27,0.000000
7,-3,37,8.7833997e+27,0.000000
8,-5,48,8.7765654e+27,0.000000
3,1,-39,8.7696616e+27,0.000000
2,-2,-52,8.7652255e+27,0.000000
9,6,13,8.7439587e+27,0.000000
4,-2,29,8.7438553e+27,0.000000
9,7,28,8.7428474e+27,0.000000
5,-3,-22,8.7045239e+27,0.000000
10,-6,27,8.6903833e+27,0.000000
6,-1,20,8.6797453e+27,0.000000
7,0,-3,8.6789532e+27,0.000000
7,0,3,8.6789532e+27,0.000000
5,-1,-31,8.6405163e+27,0.000000
8,-2,16,8.5718086e+27,0.000000
7,5,43,8.5557673e+27,0.000000
8,-1,5,8.4433544e+27,0.000000
7,2,30,8.3883944e+27,0.000000
9,-3,18,8.3850266e+27,0.000000
7,3,-7,8.3372155e+27,0.000000
5,0,-38,8.3234167e+27,0.000000
5,0,38,8.3234167e+27,0.000000
9,4,2,8.3050431e+27,0.000000
8,7,46,8.2987954e+27,0.000000
2,2,-25,8.2956744e+27,0.000000
9,8,35,8.2907346e+27,0.000000
8,6,42,8.2738909e+27,0.000000
6,-2,-2,8.2491106e+27,0.000000
10,9,34,8.2487349e+27,0.000000
4,1,50,8.2298377e+27,0.000000
10,7,13,8.2060767e+27,0.000000
10,-4,3,8.1600985e+27,0.000000
10,10,38,8.0757269e+27,0.000000
7,4,38,7.9533954e+27,0.000000
9,-1,2,7.9437044e+27,0.000000
3,1,52,7.9220343e+27,0.000000
8,8,51,7.9190924e+27,0.000000
9,6,14,7.9029535e+27,0.000000
7,0,-13,7.8675561e+27,0.000000
7,0,13,7.8675561e+27,0.000000
9,-5,37,7.8345504e+27,0.000000
9,7,29,7.7822299e+27,0.000000
10,8,0,7.7504936e+27,0.000000
8,5,29,7.7323917e+27,0.000000
8,-5,49,7.7020687e+27,0.000000
9,6,-3,7.6644177e+27,0.000000
10,8,22,7.6528642e+27,0.000000
5,3,48,7.6454799e+27,0.000000
8,4,28,7.6438286e+27,0.000000
10,10,42,7.5837437e+27,0.000000
9,9,43,7.5720757e+27,0.000000
2,-2,-53,7.5340864e+27,0.000000
3,-2,-33,7.5279283e+27,0.000000
8,7,47,7.4372939e+27,0.000000
7,1,27,7.4095451e+27,0.000000
4,3,-18,7.3984992e+27,0.000000
9,5,14,7.3929201e+27,0.000000
2,1,53,7.368621e+27,0.000000
6,2,40,7.3646966e+27,0.000000
10,-6,28,7.3331687e+27,0.000000
6,0,-23,7.3076167e+27,0.000000
6,0,23,7.3076167e+27,0.000000
3,0,-51,7.283166e+27,0.000000
3,0,51,7.283166e+27,0.000000
9,3,1,7.2766876e+27,0.000000
9,7,30,7.2726734e+27,0.000000
6,-2,43,7.1910893e+27,0.000000
6,4,-8,7.177721e+27,0.000000
10,-6,-3,7.1370416e+27,0.000000
4,4,-15,7.1200054e+27,0.000000
5,3,-17,7.1180753e+27,0.000000
7,3,-6,7.1050239e+27,0.000000
9,6,15,7.0430347e+27,0.000000
3,-3,-37,6.9901231e+27,0.000000
9,-4,11,6.9549731e+27,0.000000
10,10,43,6.9375673e+27,0.000000
2,-1,-48,6.9315577e+27,0.000000
7,3,36,6.9001445e+27,0.000000
7,-4,54,6.8597903e+27,0.000000
10,-7,50,6.8066919e+27,0.000000
10,-6,29,6.7704987e+27,0.000000
8,1,3,6.7529333e+27,0.000000
10,10,40,6.739845e+27,0.000000
5,-2,-20,6.7129608e+27,0.000000
9,7,31,6.6979186e+27,0.000000
8,7,48,6.6493983e+27,0.000000
8,-5,50,6.6310029e+27,0.000000
10,-5,10,6.629719e+27,0.000000
9,-6,48,6.6231578e+27,0.000000
2,1,-40,6.6109995e+27,0.000000
4,1,-35,6.6032924e+27,0.000000
8,-3,21,6.5925943e+27,0.000000
10,-6,30,6.5301312e+27,0.000000
6,-5,-6,6.5282897e+27,0.000000
10,10,-2,6.5226392e+27,0.000000
7,4,39,6.5201321e+27,0.000000
5,1,-33,6.5038692e+27,0.000000
7,-3,38,6.4939742e+27,0.000000
9,3,7,6.4861209e+27,0.000000
7,-1,25,6.4861183e+27,0.000000
9,-4,1,6.4690128e+27,0.000000
2,-2,-54,6.4573463e+27,0.000000
5,-2,44,6.4476306e+27,0.000000
8,6,-5,6.447461e+27,0.000000
4,-1,55,6.4445692e+27,0.000000
9,6,16,6.4148051e+27,0.000000
10,9,54,6.4007027e+27,0.000000
8,6,43,6.3931569e+27,0.000000
9,9,44,6.3774256e+27,0.000000
9,9,47,6.3453777e+27,0.000000
10,-6,31,6.3397994e+27,0.000000
9,6,17,6.2899008e+27,0.000000
10,8,25,6.2476309e+27,0.000000
6,1,-24,6.2389509e+27,0.000000
8,8,54,6.2098556e+27,0.000000
9,7,32,6.1934251e+27,0.000000
9,-3,19,6.1532557e+27,0.000000
10,7,2,6.1352298e+27,0.000000
4,-1,-37,6.1230866e+27,0.000000
6,3,45,6.122538e+27,0.000000
8,7,51,6.1064854e+27,0.000000
10,-6,32,6.0689741e+27,0.000000
10,10,0,5.9986368e+27,0.000000
8,-4,32,5.9661905e+27,0.000000
7,5,44,5.9541982e+27,0.000000
7,-2,33,5.9514842e+27,0.000000
8,7,49,5.9395499e+27,0.000000
4,-2,-11,5.9247992e+27,0.000000
6,-4,-15,5.8813981e+27,0.000000
7,3,-8,5.874365e+27,0.000000
6,-3,47,5.8657254e+27,0.000000
5,-4,-16,5.8638119e+27,0.000000
10,10,45,5.8481527e+27,0.000000
4,-3,-28,5.8326442e+27,0.000000
5,2,42,5.8014796e+27,0.000000
5,2,-20,5.7857711e+27,0.000000
9,7,41,5.7806125e+27,0.000000
4,0,-46,5.767482e+27,0.000000
4,0,46,5.767482e+27,0.000000
4,1,51,5.7469793e+27,0.000000
10,8,23,5.7325453e+27,0.000000
7,2,31,5.7168329e+27,0.000000
6,4,-7,5.7149315e+27,0.000000
9,8,31,5.7031453e+27,0.000000
10,10,46,5.6988523e+27,0.000000
10,-6,33,5.6780464e+27,0.000000
8,1,4,5.6775686e+27,0.000000
8,2,17,5.6542942e+27,0.000000
9,6,18,5.6420405e+27,0.000000
6,0,-24,5.6172927e+27,0.000000
6,0,24,5.6172927e+27,0.000000
8,-5,51,5.6157072e+27,0.000000
9,7,33,5.6105457e+27,0.000000
9,7,36,5.5914025e+27,0.000000
6,2,-21,5.5633446e+27,0.000000
2,-2,-55,5.5190948e+27,0.000000
6,0,-25,5.5187854e+27,0.000000
6,0,25,5.5187854e+27,0.000000
5,5,-6,5.4841797e+27,0.000000
5,0,-39,5.48164e+27,0.000000
5,0,39,5.48164e+27,0.000000
4,-4,-26,5.4706653e+27,0.000000
6,0,-26,5.4695377e+27,0.000000
6,0,26,5.4695377e+27,0.000000
5,-3,-23,5.457747e+27,0.000000
8,7,50,5.4269851e+27,0.000000
5,-5,-12,5.4113872e+27,0.000000
8,3,18,5.4076246e+27,0.000000
3,-1,-44,5.403685e+27,0.000000
9,4,3,5.3908315e+27,0.000000
10,-4,9,5.35971e+27,0.000000
3,1,53,5.3338294e+27,0.000000
9,-5,38,5.3317036e+27,0.000000
6,-2,-21,5.3265299e+27,0.000000
7,3,37,5.3178713e+27,0.000000
9,-4,12,5.2962869e+27,0.000000
7,4,40,5.2788287e+27,0.000000
8,5,30,5.2640016e+27,0.000000
10,9,28,5.253757e+27,0.000000
6,4,-9,5.2295929e+27,0.000000
3,-2,-34,5.2293511e+27,0.000000
9,6,19,5.2194711e+27,0.000000
7,1,-13,5.2083269e+27,0.000000
10,-6,34,5.1788419e+27,0.000000
10,9,29,5.1639957e+27,0.000000
2,1,54,5.1411036e+27,0.000000
3,2,-22,5.1397384e+27,0.000000
10,-7,51,5.1255955e+27,0.000000
6,0,-27,5.1097134e+27,0.000000
6,0,27,5.1097134e+27,0.000000
6,3,-5,5.0911304e+27,0.000000
6,-1,21,5.0903466e+27,0.000000
6,-1,-3,5.0731525e+27,0.000000
5,-1,-32,5.0457739e+27,0.000000
10,-5,2,5.0417702e+27,0.000000
9,7,34,5.0330552e+27,0.000000
7,-4,55,5.0328639e+27,0.000000
4,-2,30,5.0000425e+27,0.000000
9,6,20,4.9396773e+27,0.000000
8,6,44,4.9261826e+27,0.000000
3,3,-24,4.9031017e+27,0.000000
9,3,-1,4.9029802e+27,0.000000
8,-5,-4,4.89262e+27,0.000000
9,5,15,4.8653188e+27,0.000000
10,7,14,4.8513114e+27,0.000000
8,-3,22,4.8164161e+27,0.000000
8,4,29,4.8019e+27,0.000000
6,4,36,4.7967351e+27,0.000000
6,1,29,4.7807083e+27,0.000000
5,3,49,4.7565629e+27,0.000000
7,-3,39,4.75585e+27,0.000000
3,0,-52,4.744085e+27,0.000000
3,0,52,4.744085e+27,0.000000
10,6,3,4.7055209e+27,0.000000
8,-5,52,4.6891867e+27,0.000000
7,0,-14,4.687457e+27,0.000000
7,0,14,4.687457e+27,0.000000
5,3,-18,4.6622111e+27,0.000000
10,-6,35,4.6066572e+27,0.000000
3,1,-40,4.5923875e+27,0.000000
9,6,21,4.5664323e+27,0.000000
7,-1,-11,4.5641322e+27,0.000000
6,2,41,4.5625339e+27,0.000000
9,7,35,4.5556205e+27,0.000000
6,0,-28,4.4892308e+27,0.000000
6,0,28,4.4892308e+27,0.000000
9,9,48,4.4779648e+27,0.000000
5,1,35,4.4756146e+27,0.000000
7,1,28,4.4690762e+27,0.000000
8,-1,6,4.4087476e+27,0.000000
4,2,45,4.3778763e+27,0.000000
2,-1,-49,4.3554435e+27,0.000000
9,-3,20,4.3532076e+27,0.000000
10,6,2,4.3402327e+27,0.000000
9,-6,49,4.3044727e+27,0.000000
10,-5,11,4.2894928e+27,0.000000
9,9,55,4.2615579e+27,0.000000
6,-2,44,4.2456268e+27,0.000000
4,3,-19,4.2302784e+27,0.000000
8,-3,23,4.2282643e+27,0.000000
7,4,41,4.226551e+27,0.000000
4,2,50,4.1834888e+27,0.000000
9,-4,13,4.1777324e+27,0.000000
6,3,46,4.170244e+27,0.000000
4,2,51,4.1696944e+27,0.000000
9,6,22,4.1556393e+27,0.000000
7,5,45,4.1429273e+27,0.000000
9,4,0,4.1337727e+27,0.000000
8,-3,24,4.1182707e+27,0.000000
8,-3,25,4.1028184e+27,0.000000
10,7,12,4.0849155e+27,0.000000
6,-1,-4,4.0696437e+27,0.000000
8,-2,17,4.0629474e+27,0.000000
5,-1,35,4.0587906e+27,0.000000
7,3,38,4.0489563e+27,0.000000
10,8,21,4.0306395e+27,0.000000
8,-3,26,4.009615e+27,0.000000
10,-6,36,4.0025468e+27,0.000000
10,10,50,3.9999406e+27,0.000000
10,8,20,3.9974583e+27,0.000000
4,1,52,3.9899102e+27,0.000000
3,-3,-38,3.9892887e+27,0.000000
7,-1,26,3.9875487e+27,0.000000
4,2,49,3.9872881e+27,0.000000
4,2,52,3.9829319e+27,0.000000
6,1,-25,3.9748632e+27,0.000000
9,3,8,3.9489492e+27,0.000000
4,2,-26,3.8888324e+27,0.000000
6,-3,48,3.8793565e+27,0.000000
8,-5,53,3.8685393e+27,0.000000
7,2,32,3.8552841e+27,0.000000
8,1,2,3.852262e+27,0.000000
7,-2,34,3.8513237e+27,0.000000
3,1,54,3.8452251e+27,0.000000
10,-7,52,3.8404743e+27,0.000000
8,-3,27,3.7901993e+27,0.000000
9,6,23,3.7846284e+27,0.000000
8,6,45,3.7822427e+27,0.000000
10,6,4,3.767232e+27,0.000000
6,4,-6,3.7640591e+27,0.000000
8,1,5,3.7533266e+27,0.000000
9,4,4,3.7500017e+27,0.000000
6,0,-29,3.7484148e+27,0.000000
6,0,29,3.7484148e+27,0.000000
5,1,-34,3.7308978e+27,0.000000
9,8,32,3.6983562e+27,0.000000
2,1,-41,3.6903681e+27,0.000000
7,5,-5,3.6876921e+27,0.000000
9,7,37,3.6818383e+27,0.000000
4,2,53,3.675183e+27,0.000000
4,1,-36,3.6502771e+27,0.000000
9,9,51,3.643707e+27,0.000000
10,10,48,3.612138e+27,0.000000
5,0,-40,3.6008266e+27,0.000000
5,0,40,3.6008266e+27,0.000000
4,2,48,3.5969957e+27,0.000000
7,3,-3,3.5947241e+27,0.000000
3,-2,-35,3.5920141e+27,0.000000
9,-5,39,3.5821866e+27,0.000000
10,6,-2,3.5551854e+27,0.000000
4,0,-47,3.5244525e+27,0.000000
4,0,47,3.5244525e+27,0.000000
7,3,-9,3.5232526e+27,0.000000
8,7,53,3.5173677e+27,0.000000
2,1,55,3.5167548e+27,0.000000
8,5,31,3.5009074e+27,0.000000
8,-3,28,3.4591478e+27,0.000000
7,-3,40,3.4549637e+27,0.000000
6,-4,-16,3.4458416e+27,0.000000
4,-3,-29,3.437132e+27,0.000000
9,6,24,3.4107884e+27,0.000000
10,-6,37,3.4034115e+27,0.000000
5,-3,-24,3.3991738e+27,0.000000
8,8,-6,3.3906413e+27,0.000000
9,8,55,3.3787638e+27,0.000000
10,-4,10,3.369131e+27,0.000000
4,4,-16,3.3665487e+27,0.000000
9,-4,14,3.36586e+27,0.000000
4,-1,-38,3.3651849e+27,0.000000
7,4,42,3.3507022e+27,0.000000
5,-4,-17,3.3452427e+27,0.000000
4,2,54,3.2960567e+27,0.000000
6,4,-10,3.2950888e+27,0.000000
5,4,-6,3.262136e+27,0.000000
10,9,49,3.2286821e+27,0.000000
5,-2,-21,3.218463e+27,0.000000
3,0,-53,3.201476e+27,0.000000
3,0,53,3.201476e+27,0.000000
5,4,-7,3.1970074e+27,0.000000
8,-4,33,3.1893246e+27,0.000000
9,5,16,3.181337e+27,0.000000
8,-5,54,3.1589554e+27,0.000000
4,2,47,3.1581224e+27,0.000000
4,2,46,3.0933451e+27,0.000000
9,9,53,3.0885246e+27,0.000000
10,6,5,3.0795217e+27,0.000000
9,7,38,3.069226e+27,0.000000
9,8,47,3.0585186e+27,0.000000
8,-3,29,3.0557179e+27,0.000000
7,3,39,3.0508166e+27,0.000000
3,1,55,3.0470817e+27,0.000000
9,6,25,3.0385491e+27,0.000000
10,7,15,3.0062909e+27,0.000000
6,0,-30,3.0062388e+27,0.000000
6,0,30,3.0062388e+27,0.000000
8,3,19,2.9997543e+27,0.000000
5,3,-19,2.9958204e+27,0.000000
6,2,-22,2.9741561e+27,0.000000
9,-3,21,2.9695815e+27,0.000000
9,3,14,2.9587368e+27,0.000000
10,9,45,2.9490544e+27,0.000000
9,3,13,2.9489932e+27,0.000000
10,-5,12,2.9479961e+27,0.000000
5,-1,-33,2.9363955e+27,0.000000
8,4,30,2.933988e+27,0.000000
9,8,37,2.920429e+27,0.000000
6,-1,22,2.9121642e+27,0.000000
5,3,50,2.9096922e+27,0.000000
8,6,46,2.8941099e+27,0.000000
3,-1,-45,2.8871536e+27,0.000000
8,7,54,2.8864258e+27,0.000000
4,2,55,2.8861247e+27,0.000000
6,-2,-22,2.8856534e+27,0.000000
7,5,46,2.8828882e+27,0.000000
2,-1,-50,2.8809024e+27,0.000000
4,-2,-12,2.8807082e+27,0.000000
9,4,5,2.8759377e+27,0.000000
10,-7,53,2.863968e+27,0.000000
2,2,-26,2.856726e+27,0.000000
4,-2,31,2.8403297e+27,0.000000
10,-6,38,2.837568e+27,0.000000
6,3,47,2.8306247e+27,0.000000
5,2,43,2.8184695e+27,0.000000
6,2,42,2.8019361e+27,0.000000
4,-4,-27,2.7822165e+27,0.000000
9,-6,50,2.7793299e+27,0.000000
9,3,15,2.7757432e+27,0.000000
4,1,53,2.7520407e+27,0.000000
9,3,12,2.7504499e+27,0.000000
5,2,-21,2.7457798e+27,0.000000
9,-4,15,2.7365338e+27,0.000000
5,-5,-13,2.733973e+27,0.000000
5,-2,45,2.7323201e+27,0.000000
5,1,40,2.730799e+27,0.000000
10,10,52,2.7240469e+27,0.000000
5,1,39,2.7066954e+27,0.000000
9,8,52,2.7044008e+27,0.000000
9,7,39,2.6753474e+27,0.000000
9,6,26,2.6747501e+27,0.000000
9,3,9,2.6721919e+27,0.000000
10,10,55,2.6673919e+27,0.000000
8,7,55,2.6664582e+27,0.000000
7,1,29,2.656305e+27,0.000000
7,0,-15,2.6528605e+27,0.000000
7,0,15,2.6528605e+27,0.000000
7,4,43,2.6330183e+27,0.000000
8,-3,30,2.622256e+27,0.000000
9,8,34,2.5956631e+27,0.000000
5,1,41,2.5831465e+27,0.000000
7,2,33,2.5737161e+27,0.000000
9,8,41,2.5725121e+27,0.000000
8,2,18,2.5669549e+27,0.000000
8,-5,55,2.5574406e+27,0.000000
6,-3,49,2.5559981e+27,0.000000
3,3,-25,2.5557381e+27,0.000000
6,1,-26,2.5115587e+27,0.000000
3,2,-23,2.5078108e+27,0.000000
7,-3,41,2.4928733e+27,0.000000
5,1,38,2.4894826e+27,0.000000
8,-1,7,2.4766811e+27,0.000000
7,-2,35,2.4697173e+27,0.000000
6,-2,45,2.4695863e+27,0.000000
9,3,11,2.4632803e+27,0.000000
10,9,37,2.4541434e+27,0.000000
9,3,16,2.449538e+27,0.000000
3,-2,-36,2.4435785e+27,0.000000
9,9,-3,2.4164262e+27,0.000000
4,3,-20,2.4162207e+27,0.000000
7,-1,27,2.4144116e+27,0.000000
10,-7,-6,2.4143482e+27,0.000000
3,1,-41,2.4000745e+27,0.000000
8,1,1,2.3845587e+27,0.000000
5,1,36,2.3820617e+27,0.000000
9,-5,40,2.3769051e+27,0.000000
5,-1,40,2.3671405e+27,0.000000
5,-1,39,2.3646614e+27,0.000000
5,0,-41,2.3590694e+27,0.000000
5,0,41,2.3590694e+27,0.000000
9,4,6,2.3515788e+27,0.000000
6,0,-31,2.3355895e+27,0.000000
6,0,31,2.3355895e+27,0.000000
9,6,27,2.3307381e+27,0.000000
5,1,42,2.324766e+27,0.000000
10,-6,39,2.3237758e+27,0.000000
9,3,10,2.3175935e+27,0.000000
9,7,40,2.2917773e+27,0.000000
3,-3,-39,2.2897123e+27,0.000000
7,3,40,2.2782265e+27,0.000000
8,5,32,2.2701959e+27,0.000000
3,0,-54,2.2538461e+27,0.000000
3,0,54,2.2538461e+27,0.000000
5,4,-8,2.2435238e+27,0.000000
10,-4,2,2.2336521e+27,0.000000
9,-4,16,2.223279e+27,0.000000
6,1,30,2.2216882e+27,0.000000
5,-1,41,2.2211996e+27,0.000000
7,2,-8,2.2184185e+27,0.000000
6,4,37,2.2121262e+27,0.000000
8,7,-5,2.2103851e+27,0.000000
8,6,47,2.2098721e+27,0.000000
5,1,37,2.2062538e+27,0.000000
7,1,-14,2.2026128e+27,0.000000
8,-3,31,2.1939425e+27,0.000000
9,5,17,2.1925842e+27,0.000000
5,-1,38,2.1908389e+27,0.000000
8,1,6,2.1873817e+27,0.000000
10,-4,11,2.1784116e+27,0.000000
10,6,1,2.1733178e+27,0.000000
4,0,-48,2.1731063e+27,0.000000
4,0,48,2.1731063e+27,0.000000
10,6,0,2.1726342e+27,0.000000
6,3,-6,2.1532725e+27,0.000000
5,1,-35,2.1312907e+27,0.000000
5,-1,36,2.1294177e+27,0.000000
10,-7,54,2.1262953e+27,0.000000
10,9,33,2.1089563e+27,0.000000
5,-3,-25,2.1059153e+27,0.000000
10,-5,13,2.1048473e+27,0.000000
7,2,-9,2.0754147e+27,0.000000
10,9,41,2.0694371e+27,0.000000
2,1,-42,2.0685994e+27,0.000000
7,4,44,2.0528993e+27,0.000000
9,3,17,2.0470714e+27,0.000000
2,-1,-51,2.0437149e+27,0.000000
4,-3,-30,2.0291023e+27,0.000000
8,5,-4,2.0214783e+27,0.000000
5,1,43,2.0140038e+27,0.000000
7,5,47,2.0072681e+27,0.000000
4,1,-37,2.0035244e+27,0.000000
9,6,28,1.9985422e+27,0.000000
6,-4,-17,1.9969929e+27,0.000000
7,2,-7,1.9954089e+27,0.000000
9,4,7,1.9928929e+27,0.000000
5,-1,42,1.9828731e+27,0.000000
6,4,-11,1.9680467e+27,0.000000
8,3,-2,1.9673473e+27,0.000000
10,-4,1,1.9602461e+27,0.000000
7,3,-10,1.9581843e+27,0.000000
6,2,-3,1.9573146e+27,0.000000
10,6,9,1.9549597e+27,0.000000
5,-1,37,1.9547583e+27,0.000000
9,-3,22,1.9528969e+27,0.000000
9,-6,-5,1.9256701e+27,0.000000
9,8,49,1.9249081e+27,0.000000
8,-2,18,1.9208161e+27,0.000000
6,3,48,1.9141569e+27,0.000000
5,3,-20,1.8941166e+27,0.000000
5,-4,-18,1.8925974e+27,0.000000
4,1,54,1.8845103e+27,0.000000
10,6,-1,1.8803961e+27,0.000000
6,-1,-5,1.872985e+27,0.000000
10,-6,40,1.8721245e+27,0.000000
8,2,-1,1.844049e+27,0.000000
4,-1,-39,1.8306084e+27,0.000000
8,-1,12,1.8283524e+27,0.000000
7,-1,-12,1.80275e+27,0.000000
8,-3,32,1.7954202e+27,0.000000
9,-4,17,1.7913634e+27,0.000000
8,-1,13,1.7900058e+27,0.000000
7,-3,42,1.7884438e+27,0.000000
9,-6,51,1.7881245e+27,0.000000
6,0,-32,1.7692765e+27,0.000000
6,0,32,1.7692765e+27,0.000000
8,-1,11,1.7672376e+27,0.000000
6,-3,-3,1.7597307e+27,0.000000
7,2,-10,1.7530552e+27,0.000000
5,3,51,1.7433166e+27,0.000000
9,4,8,1.7428204e+27,0.000000
8,4,31,1.740713e+27,0.000000
9,8,38,1.7399927e+27,0.000000
7,1,-17,1.7342582e+27,0.000000
8,-1,8,1.7141756e+27,0.000000
9,5,18,1.7100303e+27,0.000000
9,7,-5,1.708727e+27,0.000000
5,-1,43,1.7039773e+27,0.000000
6,2,43,1.7030246e+27,0.000000
5,-1,-34,1.702318e+27,0.000000
7,2,34,1.701377e+27,0.000000
9,6,29,1.6965617e+27,0.000000
7,1,-18,1.6962484e+27,0.000000
5,1,44,1.6939277e+27,0.000000
5,5,-7,1.6914889e+27,0.000000
7,3,41,1.6882731e+27,0.000000
8,6,48,1.6847266e+27,0.000000
6,-3,50,1.67648e+27,0.000000
9,5,23,1.6761142e+27,0.000000
9,5,22,1.6708192e+27,0.000000
9,7,42,1.6699385e+27,0.000000
8,-4,34,1.6631402e+27,0.000000
3,0,-55,1.6594183e+27,0.000000
3,0,55,1.6594183e+27,0.000000
8,-1,14,1.65938e+27,0.000000
8,3,20,1.6486288e+27,0.000000
3,-2,-37,1.6482551e+27,0.000000
8,-1,10,1.6410031e+27,0.000000
7,1,-16,1.6320144e+27,0.000000
9,3,18,1.6294576e+27,0.000000
9,8,43,1.6259933e+27,0.000000
9,5,24,1.6251186e+27,0.000000
6,-1,23,1.6233339e+27,0.000000
9,5,21,1.6188666e+27,0.000000
4,4,-17,1.6086157e+27,0.000000
4,-2,32,1.6021786e+27,0.000000
9,4,9,1.5898569e+27,0.000000
7,4,45,1.5895128e+27,0.000000
3,2,-24,1.5778111e+27,0.000000
2,-1,-52,1.5772759e+27,0.000000
6,1,-27,1.5754193e+27,0.000000
10,-7,55,1.5721932e+27,0.000000
3,-1,-46,1.5702408e+27,0.000000
6,2,-23,1.56997e+27,0.000000
7,1,-15,1.5696496e+27,0.000000
7,-2,36,1.5696245e+27,0.000000
9,4,13,1.565673e+27,0.000000
9,-5,41,1.558243e+27,0.000000
7,1,30,1.5553574e+27,0.000000
9,5,20,1.5552409e+27,0.000000
8,-1,9,1.5538625e+27,0.000000
9,4,14,1.5530889e+27,0.000000
10,-5,14,1.5488218e+27,0.000000
9,5,19,1.5485068e+27,0.000000
6,-2,-23,1.5461669e+27,0.000000
9,4,12,1.5461249e+27,0.000000
5,0,-42,1.5411596e+27,0.000000
5,0,42,1.5411596e+27,0.000000
9,4,-2,1.5394793e+27,0.000000
7,1,-19,1.5256789e+27,0.000000
9,4,10,1.5237365e+27,0.000000
9,5,25,1.5215718e+27,0.000000
9,4,11,1.5205865e+27,0.000000
10,8,24,1.5152421e+27,0.000000
9,8,-1,1.5085099e+27,0.000000
9,8,40,1.5032512e+27,0.000000
10,9,38,1.4984585e+27,0.000000
5,-2,-22,1.4977083e+27,0.000000
9,4,15,1.4951198e+27,0.000000
10,-6,41,1.4858062e+27,0.000000
10,8,26,1.4795845e+27,0.000000
9,-3,-1,1.4767335e+27,0.000000
8,-1,15,1.4634879e+27,0.000000
8,-3,33,1.4411269e+27,0.000000
7,-1,28,1.440429e+27,0.000000
8,5,33,1.4321305e+27,0.000000
4,2,-27,1.4241836e+27,0.000000
9,-4,18,1.4233424e+27,0.000000
9,6,30,1.422856e+27,0.000000
9,8,-3,1.4222411e+27,0.000000
10,6,-3,1.4219582e+27,0.000000
5,-1,44,1.4217268e+27,0.000000
7,0,-16,1.420572e+27,0.000000
7,0,16,1.420572e+27,0.000000
4,-4,-28,1.4190828e+27,0.000000
10,-4,12,1.4130167e+27,0.000000
6,-2,46,1.4101976e+27,0.000000
5,-5,-14,1.4074986e+27,0.000000
9,7,43,1.4029216e+27,0.000000
7,5,48,1.4003039e+27,0.000000
7,4,-4,1.4000291e+27,0.000000
5,4,-9,1.3977555e+27,0.000000
4,-2,-13,1.3947067e+27,0.000000
5,1,45,1.3916268e+27,0.000000
9,4,16,1.3911199e+27,0.000000
7,2,-11,1.3823868e+27,0.000000
9,5,26,1.3800388e+27,0.000000
4,3,-21,1.378383e+27,0.000000
4,0,-49,1.3651398e+27,0.000000
4,0,49,1.3651398e+27,0.000000
10,8,33,1.3645072e+27,0.000000
9,8,46,1.3554572e+27,0.000000
3,3,-26,1.3379796e+27,0.000000
6,4,38,1.3357823e+27,0.000000
8,2,19,1.3314664e+27,0.000000
2,-1,-53,1.3268964e+27,0.000000
3,-3,-40,1.3233154e+27,0.000000
10,9,50,1.3161425e+27,0.000000
6,0,-33,1.3133323e+27,0.000000
6,0,33,1.3133323e+27,0.000000
10,8,-3,1.3039563e+27,0.000000
5,-3,-26,1.299262e+27,0.000000
5,2,44,1.2941875e+27,0.000000
6,3,49,1.2889816e+27,0.000000
8,6,49,1.282634e+27,0.000000
7,1,-20,1.2819264e+27,0.000000
4,1,55,1.2803227e+27,0.000000
7,-3,43,1.2769895e+27,0.000000
10,8,-2,1.2719576e+27,0.000000
5,2,-22,1.262904e+27,0.000000
7,2,-6,1.2594644e+27,0.000000
3,1,-42,1.2531435e+27,0.000000
9,4,17,1.2497472e+27,0.000000
10,9,40,1.2496732e+27,0.000000
7,3,42,1.242929e+27,0.000000
9,3,19,1.2410625e+27,0.000000
9,-3,23,1.2372608e+27,0.000000
8,1,7,1.2348301e+27,0.000000
8,-1,16,1.2343473e+27,0.000000
7,4,46,1.2232611e+27,0.000000
9,8,-2,1.2224915e+27,0.000000
9,5,27,1.2154848e+27,0.000000
5,1,-36,1.2116985e+27,0.000000
2,-1,-54,1.2017689e+27,0.000000
4,-3,-31,1.1998775e+27,0.000000
3,2,-25,1.1850817e+27,0.000000
5,3,-21,1.1812351e+27,0.000000
9,6,31,1.1793918e+27,0.000000
9,9,-4,1.1786902e+27,0.000000
9,7,44,1.1775573e+27,0.000000
6,-4,-5,1.1774688e+27,0.000000
10,-5,15,1.1726916e+27,0.000000
10,7,0,1.1655816e+27,0.000000
2,1,-43,1.1655638e+27,0.000000
8,2,23,1.164232e+27,0.000000
10,-6,42,1.1630316e+27,0.000000
5,-1,45,1.1587818e+27,0.000000
5,-2,46,1.1555674e+27,0.000000
9,-6,52,1.151543e+27,0.000000
10,8,30,1.1497423e+27,0.000000
6,4,-12,1.1487634e+27,0.000000
6,-4,-18,1.1479434e+27,0.000000
2,-1,-55,1.1479353e+27,0.000000
8,1,13,1.1468014e+27,0.000000
10,8,42,1.1453472e+27,0.000000
8,2,24,1.1417257e+27,0.000000
6,4,41,1.138362e+27,0.000000
8,-3,34,1.1372432e+27,0.000000
6,1,31,1.1359577e+27,0.000000
6,4,39,1.1244859e+27,0.000000
6,4,40,1.1226723e+27,0.000000
5,1,46,1.1215651e+27,0.000000
8,1,12,1.116585e+27,0.000000
9,8,44,1.1156647e+27,0.000000
7,2,35,1.113951e+27,0.000000
6,4,42,1.1139485e+27,0.000000
8,2,22,1.1133386e+27,0.000000
9,-4,19,1.1105843e+27,0.000000
3,-2,-38,1.1033499e+27,0.000000
8,1,14,1.1005002e+27,0.000000
9,-1,6,1.0996009e+27,0.000000
10,-5,1,1.0985793e+27,0.000000
6,-3,51,1.0935103e+27,0.000000
4,1,-38,1.0903113e+27,0.000000
9,8,45,1.086318e+27,0.000000
2,2,-27,1.0861527e+27,0.000000
9,4,18,1.0846272e+27,0.000000
5,-4,-19,1.0639265e+27,0.000000
8,-2,19,1.0600548e+27,0.000000
8,2,25,1.0558302e+27,0.000000
10,8,28,1.0455984e+27,0.000000
6,4,43,1.0455608e+27,0.000000
9,5,28,1.0423938e+27,0.000000
9,8,53,1.0378057e+27,0.000000
7,3,-11,1.0376347e+27,0.000000
7,2,-12,1.0360934e+27,0.000000
7,3,-5,1.0251791e+27,0.000000
6,2,44,1.0222861e+27,0.000000
9,9,-2,1.021426e+27,0.000000
7,1,-21,1.0209249e+27,0.000000
8,2,21,1.0189637e+27,0.000000
5,3,52,1.0189494e+27,0.000000
8,1,11,1.0102442e+27,0.000000
9,-5,42,1.0098576e+27,0.000000
8,-4,-3,1.0081143e+27,0.000000
6,4,-5,1.0062624e+27,0.000000
5,0,-43,1.0036945e+27,0.000000
5,0,43,1.0036945e+27,0.000000
10,9,43,1.0015625e+27,0.000000
8,4,32,1.0015e+27,0.000000
8,-1,17,1.0002714e+27,0.000000
8,2,20,9.9840725e+26,0.000000
8,1,15,9.9550206e+26,0.000000
9,-1,5,9.9514995e+26,0.000000
7,-2,37,9.887133e+26,0.000000
9,-1,7,9.8583095e+26,0.000000
9,7,45,9.8424538e+26,0.000000
4,-1,-40,9.8416664e+26,0.000000
5,-1,-35,9.8261304e+26,0.000000
6,1,-28,9.8180173e+26,0.000000
8,3,21,9.7896388e+26,0.000000
8,6,50,9.7547221e+26,0.000000
7,5,49,9.7321642e+26,0.000000
9,6,32,9.6641117e+26,0.000000
6,0,-34,9.589334e+26,0.000000
6,0,34,9.589334e+26,0.000000
10,8,36,9.4750012e+26,0.000000
6,4,44,9.4740131e+26,0.000000
3,2,-26,9.4369459e+26,0.000000
8,2,-5,9.3959852e+26,0.000000
7,4,47,9.3628643e+26,0.000000
9,-9,-9,9.3219344e+26,0.000000
8,2,26,9.2967962e+26,0.000000
5,-1,46,9.2662927e+26,0.000000
10,-5,16,9.1444228e+26,0.000000
10,-4,13,9.1222387e+26,0.000000
5,-2,53,9.1140807e+26,0.000000
9,4,19,9.104184e+26,0.000000
7,3,43,9.1000657e+26,0.000000
7,-3,44,9.0824751e+26,0.000000
9,3,20,9.0747446e+26,0.000000
5,-2,52,9.0012362e+26,0.000000
10,-6,43,8.9882821e+26,0.000000
4,-2,33,8.9679347e+26,0.000000
7,1,31,8.9652245e+26,0.000000
10,4,-1,8.9128972e+26,0.000000
5,1,47,8.8945703e+26,0.000000
5,-2,54,8.8823722e+26,0.000000
10,8,-1,8.8740279e+26,0.000000
9,-1,3,8.8635623e+26,0.000000
4,0,-50,8.8527825e+26,0.000000
4,0,50,8.8527825e+26,0.000000
8,-3,35,8.8405915e+26,0.000000
3,-1,-47,8.8351278e+26,0.000000
6,-1,24,8.8010506e+26,0.000000
8,5,34,8.7650592e+26,0.000000
9,5,29,8.7252582e+26,0.000000
6,3,50,8.6375169e+26,0.000000
8,1,10,8.614222e+26,0.000000
8,-4,35,8.612048e+26,0.000000
8,1,16,8.5585087e+26,0.000000
9,-4,20,8.4830978e+26,0.000000
7,-1,29,8.4680991e+26,0.000000
5,-2,51,8.4660138e+26,0.000000
10,6,10,8.4601437e+26,0.000000
10,9,47,8.4519283e+26,0.000000
10,9,44,8.4110331e+26,0.000000
5,-2,55,8.401131e+26,0.000000
6,3,-7,8.3881905e+26,0.000000
6,4,45,8.3540359e+26,0.000000
7,2,-4,8.3325481e+26,0.000000
5,4,-10,8.2887844e+26,0.000000
8,-2,23,8.2151793e+26,0.000000
8,-2,22,8.2128234e+26,0.000000
6,-2,-24,8.1912669e+26,0.000000
9,7,46,8.1898543e+26,0.000000
6,2,-24,8.1817059e+26,0.000000
8,1,8,8.1609882e+26,0.000000
9,8,50,8.1485482e+26,0.000000
8,-2,20,8.0967315e+26,0.000000
5,-3,-27,7.9895533e+26,0.000000
8,-2,21,7.9238249e+26,0.000000
6,-2,47,7.8700887e+26,0.000000
8,2,27,7.86241e+26,0.000000
4,3,-22,7.8541816e+26,0.000000
9,6,33,7.8259824e+26,0.000000
8,-1,18,7.8192449e+26,0.000000
7,1,-22,7.7934801e+26,0.000000
8,-2,24,7.7673266e+26,0.000000
4,4,-18,7.7447697e+26,0.000000
3,-3,-41,7.7147477e+26,0.000000
10,4,1,7.7000496e+26,0.000000
9,-1,8,7.6764389e+26,0.000000
6,-1,-11,7.5591739e+26,0.000000
9,-3,24,7.5415166e+26,0.000000
8,1,9,7.51424e+26,0.000000
5,-2,50,7.5016807e+26,0.000000
9,-6,53,7.4726732e+26,0.000000
3,2,-27,7.4692039e+26,0.000000
7,2,-13,7.4583415e+26,0.000000
5,-5,-15,7.440815e+26,0.000000
10,-3,4,7.4405218e+26,0.000000
8,6,51,7.4127503e+26,0.000000
9,4,20,7.4003152e+26,0.000000
6,-1,-10,7.3962924e+26,0.000000
8,3,26,7.3904783e+26,0.000000
10,-5,17,7.3475431e+26,0.000000
8,3,27,7.3362875e+26,0.000000
3,-2,-39,7.3346241e+26,0.000000
5,-1,47,7.2921299e+26,0.000000
5,3,-22,7.2816387e+26,0.000000
6,1,32,7.2667578e+26,0.000000
9,8,51,7.2617554e+26,0.000000
4,-4,-29,7.2568646e+26,0.000000
7,2,36,7.2244979e+26,0.000000
6,4,46,7.2228508e+26,0.000000
10,4,0,7.2199666e+26,0.000000
8,2,-6,7.1617121e+26,0.000000
7,0,-17,7.1612202e+26,0.000000
7,0,17,7.1612202e+26,0.000000
10,8,35,7.1553111e+26,0.000000
8,3,25,7.1537756e+26,0.000000
9,5,30,7.1429295e+26,0.000000
7,4,48,7.1338798e+26,0.000000
4,-3,-32,7.1060642e+26,0.000000
8,3,22,7.1024568e+26,0.000000
6,-3,52,7.0832323e+26,0.000000
6,-1,-6,7.0592248e+26,0.000000
8,1,17,7.0406368e+26,0.000000
3,3,-27,7.0356525e+26,0.000000
6,-1,-12,7.0193242e+26,0.000000
8,3,28,6.9984495e+26,0.000000
10,7,17,6.974573e+26,0.000000
8,-2,25,6.9598089e+26,0.000000
5,1,48,6.9557532e+26,0.000000
6,0,-35,6.9073805e+26,0.000000
6,0,35,6.9073805e+26,0.000000
10,-6,44,6.8645958e+26,0.000000
5,1,-37,6.8508243e+26,0.000000
9,7,47,6.7858809e+26,0.000000
8,-3,36,6.7813607e+26,0.000000
7,5,50,6.7811698e+26,0.000000
10,6,11,6.7488931e+26,0.000000
10,8,-4,6.7436209e+26,0.000000
8,3,24,6.74217e+26,0.000000
5,-2,-23,6.7314372e+26,0.000000
4,-2,-14,6.7188326e+26,0.000000
9,-1,4,6.6488658e+26,0.000000
7,3,44,6.6317185e+26,0.000000
6,4,-13,6.6306603e+26,0.000000
2,1,-44,6.6109109e+26,0.000000
6,-4,-19,6.558614e+26,0.000000
3,1,-43,6.5487129e+26,0.000000
5,0,-44,6.5138857e+26,0.000000
5,0,44,6.5138857e+26,0.000000
8,3,23,6.4934605e+26,0.000000
9,-5,43,6.4753486e+26,0.000000
7,-1,-13,6.4615084e+26,0.000000
8,3,29,6.4414526e+26,0.000000
10,8,31,6.4410451e+26,0.000000
7,-3,45,6.4394015e+26,0.000000
8,2,28,6.4313143e+26,0.000000
9,3,21,6.3844796e+26,0.000000
6,-1,-9,6.3721335e+26,0.000000
9,-4,21,6.3282711e+26,0.000000
10,-9,-8,6.2983874e+26,0.000000
5,-2,49,6.2830966e+26,0.000000
9,6,34,6.2668988e+26,0.000000
9,6,-4,6.2659468e+26,0.000000
7,-2,-9,6.1965137e+26,0.000000
7,-2,38,6.1722227e+26,0.000000
5,-2,47,6.1687174e+26,0.000000
9,-4,0,6.1592302e+26,0.000000
9,8,-4,6.1546043e+26,0.000000
6,4,47,6.1495883e+26,0.000000
6,1,-29,6.0827228e+26,0.000000
10,-5,18,6.0726732e+26,0.000000
6,-1,-13,6.0637682e+26,0.000000
10,7,16,6.0556584e+26,0.000000
9,8,54,6.0553171e+26,0.000000
10,-4,0,6.046921e+26,0.000000
6,2,45,6.0437783e+26,0.000000
4,0,-51,6.0138316e+26,0.000000
4,0,51,6.0138316e+26,0.000000
6,1,33,5.959772e+26,0.000000
8,-2,26,5.9554202e+26,0.000000
5,-4,-20,5.9514075e+26,0.000000
10,6,12,5.9406211e+26,0.000000
8,-1,19,5.9162448e+26,0.000000
10,9,48,5.9081932e+26,0.000000
10,-4,14,5.9029363e+26,0.000000
4,1,-39,5.8737649e+26,0.000000
9,4,21,5.8314404e+26,0.000000
5,3,53,5.7925687e+26,0.000000
7,-2,-8,5.7924324e+26,0.000000
10,9,55,5.7594534e+26,0.000000
7,-2,-10,5.756404e+26,0.000000
3,2,-28,5.7548513e+26,0.000000
6,3,51,5.753522e+26,0.000000
7,1,-23,5.7509882e+26,0.000000
8,3,30,5.746601e+26,0.000000
9,5,31,5.7288451e+26,0.000000
5,-1,48,5.6594793e+26,0.000000
5,-1,-36,5.6437753e+26,0.000000
8,6,52,5.6294587e+26,0.000000
9,9,-5,5.6230359e+26,0.000000
5,2,45,5.6198714e+26,0.000000
9,7,48,5.6047845e+26,0.000000
5,2,-23,5.602841e+26,0.000000
8,4,33,5.5905104e+26,0.000000
6,1,34,5.5839019e+26,0.000000
8,1,18,5.5728707e+26,0.000000
7,4,49,5.4145107e+26,0.000000
10,6,13,5.4072121e+26,0.000000
5,-2,48,5.3816095e+26,0.000000
5,1,49,5.3714592e+26,0.000000
6,1,35,5.3648258e+26,0.000000
9,-1,9,5.3570349e+26,0.000000
7,3,-12,5.2941162e+26,0.000000
3,-1,-48,5.2869699e+26,0.000000
10,7,-2,5.2814219e+26,0.000000
2,2,-28,5.2804824e+26,0.000000
4,-1,-41,5.2229055e+26,0.000000
8,5,35,5.1960326e+26,0.000000
7,2,-14,5.1899773e+26,0.000000
6,4,48,5.1871123e+26,0.000000
10,-6,45,5.1851975e+26,0.000000
8,-3,37,5.1402541e+26,0.000000
10,-5,19,5.1390409e+26,0.000000
8,2,29,5.1160468e+26,0.000000
7,1,32,5.0813055e+26,0.000000
6,1,36,5.0442052e+26,0.000000
9,-4,-1,4.999764e+26,0.000000
8,3,31,4.9899504e+26,0.000000
4,-2,34,4.9756402e+26,0.000000
7,-3,-7,4.9693697e+26,0.000000
9,6,35,4.9624128e+26,0.000000
6,-1,-14,4.9527776e+26,0.000000
9,-6,54,4.9295731e+26,0.000000
6,0,-36,4.9198447e+26,0.000000
6,0,36,4.9198447e+26,0.000000
10,6,14,4.9140715e+26,0.000000
7,-1,30,4.9043642e+26,0.000000
8,-2,27,4.9033163e+26,0.000000
5,-3,-28,4.9001524e+26,0.000000
7,-2,-11,4.8612899e+26,0.000000
3,-2,-40,4.844424e+26,0.000000
10,8,32,4.8170231e+26,0.000000
7,3,45,4.8143082e+26,0.000000
4,2,-28,4.8078437e+26,0.000000
10,9,51,4.8063175e+26,0.000000
5,4,-11,4.8045697e+26,0.000000
6,-1,-8,4.790391e+26,0.000000
7,5,51,4.7274161e+26,0.000000
6,1,-1,4.6900961e+26,0.000000
7,2,37,4.6412794e+26,0.000000
7,-3,-8,4.6336498e+26,0.000000
6,-1,25,4.6290148e+26,0.000000
8,-4,36,4.622913e+26,0.000000
9,7,49,4.6189968e+26,0.000000
9,-4,22,4.6017616e+26,0.000000
6,1,37,4.5868154e+26,0.000000
7,-3,46,4.5538815e+26,0.000000
3,-3,-42,4.5495444e+26,0.000000
6,-3,53,4.5481626e+26,0.000000
9,7,52,4.5445593e+26,0.000000
10,-2,3,4.5399128e+26,0.000000
9,5,32,4.5078923e+26,0.000000
4,3,-23,4.4713523e+26,0.000000
9,4,22,4.4579876e+26,0.000000
5,3,-23,4.4453278e+26,0.000000
10,-5,20,4.4230736e+26,0.000000
9,-3,25,4.4134947e+26,0.000000
10,-3,3,4.4105242e+26,0.000000
10,6,15,4.3626912e+26,0.000000
10,-6,-4,4.3507255e+26,0.000000
8,-1,20,4.3451369e+26,0.000000
6,4,49,4.3427713e+26,0.000000
5,-1,49,4.3378604e+26,0.000000
4,0,-52,4.3300351e+26,0.000000
4,0,52,4.3300351e+26,0.000000
9,3,22,4.3267699e+26,0.000000
3,2,-29,4.3048135e+26,0.000000
9,2,1,4.2920728e+26,0.000000
6,-2,-25,4.2874247e+26,0.000000
7,-2,-7,4.2792949e+26,0.000000
8,6,53,4.2753777e+26,0.000000
6,-2,48,4.2708838e+26,0.000000
8,1,19,4.2631911e+26,0.000000
8,3,32,4.2323488e+26,0.000000
4,-3,-33,4.2140791e+26,0.000000
5,0,-45,4.2107854e+26,0.000000
5,0,45,4.2107854e+26,0.000000
6,2,-25,4.2070284e+26,0.000000
7,1,-24,4.1287507e+26,0.000000
9,-5,44,4.1137848e+26,0.000000
9,-1,1,4.1087565e+26,0.000000
5,1,50,4.0995724e+26,0.000000
7,4,50,4.0967527e+26,0.000000
10,9,53,4.0669436e+26,0.000000
5,-5,-16,4.0438918e+26,0.000000
10,4,2,4.041971e+26,0.000000
6,1,38,4.0368532e+26,0.000000
10,5,2,4.0229255e+26,0.000000
10,-3,5,4.0064155e+26,0.000000
6,-1,-7,3.9922259e+26,0.000000
8,2,30,3.974882e+26,0.000000
10,-4,15,3.9187365e+26,0.000000
8,-2,28,3.9092805e+26,0.000000
10,5,-1,3.8949754e+26,0.000000
9,6,36,3.886045e+26,0.000000
10,-6,46,3.8766659e+26,0.000000
6,3,-8,3.8757188e+26,0.000000
6,-1,-15,3.8682397e+26,0.000000
8,-3,38,3.8549954e+26,0.000000
5,1,-38,3.8488907e+26,0.000000
10,-5,21,3.8422391e+26,0.000000
9,7,50,3.8351159e+26,0.000000
7,-2,-12,3.828627e+26,0.000000
7,-2,39,3.8179789e+26,0.000000
6,3,52,3.8055541e+26,0.000000
6,4,-14,3.8022539e+26,0.000000
2,1,-45,3.7819714e+26,0.000000
10,6,16,3.7743303e+26,0.000000
10,8,34,3.7574082e+26,0.000000
4,4,-19,3.7485655e+26,0.000000
6,1,-30,3.7481887e+26,0.000000
6,-4,-20,3.7300884e+26,0.000000
4,-4,-30,3.7197328e+26,0.000000
3,3,-28,3.7163284e+26,0.000000
10,10,-4,3.6726556e+26,0.000000
6,4,50,3.6261763e+26,0.000000
6,-2,-3,3.5922322e+26,0.000000
8,3,33,3.516824e+26,0.000000
10,8,37,3.5101199e+26,0.000000
6,2,46,3.506619e+26,0.000000
7,2,-15,3.5058489e+26,0.000000
3,-1,-49,3.4978558e+26,0.000000
9,7,51,3.4965607e+26,0.000000
10,4,7,3.4905114e+26,0.000000
9,5,33,3.4842412e+26,0.000000
7,3,46,3.4838866e+26,0.000000
6,0,-37,3.4711965e+26,0.000000
6,0,37,3.4711965e+26,0.000000
6,1,39,3.4531935e+26,0.000000
3,1,-44,3.435558e+26,0.000000
10,4,6,3.4268502e+26,0.000000
9,-1,10,3.395274e+26,0.000000
2,2,-29,3.3934499e+26,0.000000
7,0,-18,3.3869125e+26,0.000000
7,0,18,3.3869125e+26,0.000000
10,4,8,3.3827055e+26,0.000000
7,-3,-9,3.3779596e+26,0.000000
10,7,-3,3.3756464e+26,0.000000
10,-5,22,3.3438569e+26,0.000000
9,-6,55,3.3396822e+26,0.000000
7,-4,-4,3.319353e+26,0.000000
10,5,1,3.3168448e+26,0.000000
4,0,-53,3.316726e+26,0.000000
4,0,53,3.316726e+26,0.000000
5,-4,-21,3.3162995e+26,0.000000
9,4,23,3.3072912e+26,0.000000
10,7,19,3.302116e+26,0.000000
7,5,52,3.2974065e+26,0.000000
5,-1,50,3.2864493e+26,0.000000
10,4,5,3.262492e+26,0.000000
9,-4,23,3.2566877e+26,0.000000
8,6,54,3.2478324e+26,0.000000
5,-1,-37,3.2231107e+26,0.000000
4,-2,-15,3.2182223e+26,0.000000
7,-3,47,3.2139101e+26,0.000000
5,3,54,3.211354e+26,0.000000
10,6,17,3.1962327e+26,0.000000
3,-2,-41,3.1806029e+26,0.000000
10,-10,-9,3.1796799e+26,0.000000
10,7,1,3.1674986e+26,0.000000
8,1,20,3.1633238e+26,0.000000
3,2,-30,3.1357253e+26,0.000000
10,7,18,3.1330175e+26,0.000000
4,1,-40,3.1276096e+26,0.000000
8,-1,21,3.105152e+26,0.000000
5,1,51,3.0935409e+26,0.000000
7,4,51,3.0918441e+26,0.000000
10,4,4,3.0796477e+26,0.000000
10,4,9,3.0764746e+26,0.000000
10,4,3,3.0648071e+26,0.000000
8,4,34,3.045902e+26,0.000000
7,2,-5,3.0367047e+26,0.000000
8,-2,29,3.0336217e+26,0.000000
8,2,31,3.0264559e+26,0.000000
6,4,51,3.0148411e+26,0.000000
9,6,37,3.0090101e+26,0.000000
5,-3,-29,2.9990607e+26,0.000000
8,5,36,2.9863503e+26,0.000000
7,2,38,2.953458e+26,0.000000
10,5,3,2.9482824e+26,0.000000
9,1,2,2.9310385e+26,0.000000
8,2,-7,2.9268303e+26,0.000000
6,-1,-16,2.9126262e+26,0.000000
5,-2,-24,2.906e+26,0.000000
7,1,-25,2.8980289e+26,0.000000
10,-5,23,2.8969058e+26,0.000000
6,-3,54,2.8881699e+26,0.000000
6,1,40,2.8844002e+26,0.000000
9,2,7,2.8734827e+26,0.000000
10,-6,47,2.8708403e+26,0.000000
8,3,34,2.8699103e+26,0.000000
8,-3,39,2.8635612e+26,0.000000
7,-2,-13,2.8565259e+26,0.000000
7,1,33,2.8271448e+26,0.000000
9,3,23,2.8248813e+26,0.000000
7,-1,31,2.7963688e+26,0.000000
8,-4,37,2.7686094e+26,0.000000
10,-4,16,2.7682174e+26,0.000000
5,4,-12,2.7528623e+26,0.000000
9,2,8,2.7483487e+26,0.000000
4,-1,-42,2.7356791e+26,0.000000
4,-2,35,2.7322635e+26,0.000000
9,2,6,2.7290807e+26,0.000000
7,-3,-6,2.7256266e+26,0.000000
3,-3,-43,2.7248264e+26,0.000000
10,8,41,2.7172178e+26,0.000000
5,0,-46,2.7098257e+26,0.000000
5,0,46,2.7098257e+26,0.000000
5,3,-24,2.6920369e+26,0.000000
10,8,38,2.6884829e+26,0.000000
4,0,-54,2.6857558e+26,0.000000
4,0,54,2.6857558e+26,0.000000
6,3,-4,2.6847905e+26,0.000000
3,-1,-50,2.6492045e+26,0.000000
9,5,34,2.6476545e+26,0.000000
3,-1,-55,2.636195e+26,0.000000
10,4,10,2.6065214e+26,0.000000
7,3,-13,2.6057375e+26,0.000000
9,-5,45,2.5950661e+26,0.000000
10,6,18,2.5670182e+26,0.000000
10,7,20,2.5521179e+26,0.000000
7,-1,-14,2.5514128e+26,0.000000
4,3,-24,2.5441395e+26,0.000000
2,2,-30,2.526508e+26,0.000000
7,3,47,2.5145759e+26,0.000000
4,-3,-34,2.5018905e+26,0.000000
6,4,52,2.5005758e+26,0.000000
6,3,53,2.494293e+26,0.000000
6,3,-9,2.4892476e+26,0.000000
10,-5,24,2.4856843e+26,0.000000
8,6,55,2.4743097e+26,0.000000
9,-3,26,2.4733386e+26,0.000000
3,-1,-54,2.4630707e+26,0.000000
5,-1,51,2.4620896e+26,0.000000
5,2,46,2.4499551e+26,0.000000
6,0,-38,2.429457e+26,0.000000
6,0,38,2.429457e+26,0.000000
9,2,9,2.4254139e+26,0.000000
7,-5,-6,2.3988084e+26,0.000000
5,2,-24,2.3854462e+26,0.000000
9,4,24,2.3806445e+26,0.000000
6,1,41,2.3623964e+26,0.000000
6,-1,26,2.354382e+26,0.000000
8,0,-3,2.3516221e+26,0.000000
8,0,3,2.3516221e+26,0.000000
7,-2,40,2.3394858e+26,0.000000
9,6,38,2.337614e+26,0.000000
7,4,52,2.3293058e+26,0.000000
3,-1,-53,2.3163272e+26,0.000000
5,1,52,2.3080947e+26,0.000000
3,-1,-51,2.3077003e+26,0.000000
7,2,-16,2.3055473e+26,0.000000
8,3,35,2.3047395e+26,0.000000
7,5,53,2.3026577e+26,0.000000
8,-2,30,2.3007994e+26,0.000000
6,1,-31,2.2979058e+26,0.000000
10,8,40,2.2917733e+26,0.000000
8,1,21,2.283303e+26,0.000000
9,2,5,2.2761411e+26,0.000000
4,0,-55,2.2687229e+26,0.000000
4,0,55,2.2687229e+26,0.000000
7,-3,48,2.2644661e+26,0.000000
8,2,32,2.264391e+26,0.000000
5,-5,-17,2.2548407e+26,0.000000
6,-2,49,2.2436302e+26,0.000000
3,-1,-52,2.2398444e+26,0.000000
9,-4,24,2.2396926e+26,0.000000
3,2,-31,2.2334995e+26,0.000000
6,-2,-26,2.2143169e+26,0.000000
8,0,-4,2.2142653e+26,0.000000
8,0,4,2.2142653e+26,0.000000
10,-4,-1,2.1989703e+26,0.000000
2,1,-46,2.1887768e+26,0.000000
6,4,-15,2.1697639e+26,0.000000
10,5,-2,2.1686269e+26,0.000000
8,-7,-8,2.1676042e+26,0.000000
8,-1,22,2.1634893e+26,0.000000
7,-3,-10,2.1589812e+26,0.000000
10,-4,17,2.1495224e+26,0.000000
5,1,-39,2.1468765e+26,0.000000
6,2,-26,2.1322302e+26,0.000000
6,-1,-17,2.1273577e+26,0.000000
10,8,47,2.1210559e+26,0.000000
6,-4,-21,2.1141721e+26,0.000000
8,-3,40,2.1088762e+26,0.000000
10,-6,48,2.1073274e+26,0.000000
10,-5,25,2.1046251e+26,0.000000
7,-1,-18,2.0945321e+26,0.000000
5,2,53,2.0907632e+26,0.000000
6,-3,-5,2.0888007e+26,0.000000
7,-1,-17,2.0842632e+26,0.000000
3,-2,-42,2.0768989e+26,0.000000
6,4,53,2.0700122e+26,0.000000
5,2,54,2.0657773e+26,0.000000
6,3,-10,2.0643056e+26,0.000000
10,4,11,2.0514021e+26,0.000000
9,7,53,2.0476453e+26,0.000000
10,-5,0,2.0445031e+26,0.000000
7,-2,-14,2.0400142e+26,0.000000
5,2,52,2.037996e+26,0.000000
10,5,4,2.0260636e+26,0.000000
9,-8,-8,1.9984915e+26,0.000000
7,1,-26,1.9965703e+26,0.000000
10,6,19,1.9949947e+26,0.000000
9,2,10,1.9897014e+26,0.000000
6,2,47,1.9880129e+26,0.000000
5,2,55,1.9809829e+26,0.000000
9,5,35,1.9796164e+26,0.000000
8,-4,38,1.9731631e+26,0.000000
3,3,-29,1.9719982e+26,0.000000
9,-1,11,1.9622202e+26,0.000000
10,7,21,1.9602657e+26,0.000000
7,-2,-6,1.9561589e+26,0.000000
10,8,43,1.9538808e+26,0.000000
6,-6,-10,1.9505239e+26,0.000000
2,2,-31,1.9336736e+26,0.000000
9,1,7,1.9251158e+26,0.000000
7,-1,-19,1.9201482e+26,0.000000
4,-4,-31,1.9108322e+26,0.000000
6,1,42,1.9038813e+26,0.000000
5,2,51,1.8940607e+26,0.000000
7,-1,-16,1.8859929e+26,0.000000
8,-8,-9,1.8772333e+26,0.000000
10,7,22,1.8705059e+26,0.000000
7,-6,-8,1.8658947e+26,0.000000
9,1,6,1.8646843e+26,0.000000
7,2,39,1.8613245e+26,0.000000
6,3,-11,1.8562599e+26,0.000000
5,-4,-22,1.8422773e+26,0.000000
10,-4,18,1.8400114e+26,0.000000
5,-3,-30,1.8323446e+26,0.000000
5,-1,-38,1.8287351e+26,0.000000
8,3,36,1.8245537e+26,0.000000
5,-1,52,1.8239718e+26,0.000000
4,4,-20,1.8208861e+26,0.000000
3,1,-45,1.8186229e+26,0.000000
7,3,48,1.8110444e+26,0.000000
5,5,-8,1.8094853e+26,0.000000
6,-3,55,1.8084604e+26,0.000000
10,7,23,1.8046734e+26,0.000000
9,2,2,1.7921375e+26,0.000000
10,7,-1,1.7763453e+26,0.000000
9,3,24,1.7751499e+26,0.000000
5,3,55,1.771119e+26,0.000000
10,-5,-1,1.7701446e+26,0.000000
10,-5,26,1.7540186e+26,0.000000
7,4,53,1.7530857e+26,0.000000
7,-1,-15,1.7500903e+26,0.000000
9,6,39,1.7451866e+26,0.000000
5,0,-47,1.7351374e+26,0.000000
5,0,47,1.7351374e+26,0.000000
9,9,-6,1.7215328e+26,0.000000
8,-2,31,1.7111321e+26,0.000000
6,4,54,1.7067518e+26,0.000000
5,1,53,1.7021647e+26,0.000000
6,-6,-9,1.7017192e+26,0.000000
10,7,24,1.6896763e+26,0.000000
6,0,-39,1.6885017e+26,0.000000
6,0,39,1.6885017e+26,0.000000
10,-4,19,1.6843016e+26,0.000000
8,5,37,1.6797295e+26,0.000000
8,2,33,1.6685198e+26,0.000000
3,-3,-44,1.666844e+26,0.000000
5,2,50,1.6620659e+26,0.000000
9,4,25,1.6614542e+26,0.000000
8,-4,39,1.6541819e+26,0.000000
8,4,35,1.6513583e+26,0.000000
6,3,-12,1.649844e+26,0.000000
9,1,8,1.6474721e+26,0.000000
4,1,-41,1.6439542e+26,0.000000
7,-1,-20,1.6373717e+26,0.000000
9,-5,46,1.6310215e+26,0.000000
5,3,-25,1.6195794e+26,0.000000
10,5,0,1.6192663e+26,0.000000
9,7,54,1.6179057e+26,0.000000
6,3,54,1.6165299e+26,0.000000
7,5,54,1.6145577e+26,0.000000
8,1,22,1.6069177e+26,0.000000
6,-3,-6,1.5954192e+26,0.000000
7,-3,49,1.5932386e+26,0.000000
10,-4,20,1.58313e+26,0.000000
10,8,44,1.5783251e+26,0.000000
7,-1,32,1.5679964e+26,0.000000
5,4,-13,1.5666231e+26,0.000000
9,2,4,1.5636503e+26,0.000000
3,2,-32,1.5616307e+26,0.000000
8,-3,41,1.5411164e+26,0.000000
7,1,34,1.5406034e+26,0.000000
10,-6,49,1.5344688e+26,0.000000
4,-2,-16,1.5315858e+26,0.000000
10,8,55,1.5296795e+26,0.000000
9,2,11,1.5226597e+26,0.000000
7,0,-19,1.5167668e+26,0.000000
7,0,19,1.5167668e+26,0.000000
8,-4,40,1.5159574e+26,0.000000
6,-1,-18,1.5145207e+26,0.000000
6,1,43,1.5141981e+26,0.000000
6,-6,-11,1.5082945e+26,0.000000
10,8,-5,1.5076733e+26,0.000000
10,7,25,1.5032539e+26,0.000000
10,6,20,1.5024599e+26,0.000000
10,4,12,1.4997824e+26,0.000000
10,9,-3,1.4994117e+26,0.000000
10,5,5,1.4992618e+26,0.000000
9,-4,25,1.494431e+26,0.000000
10,7,26,1.4896779e+26,0.000000
4,-3,-35,1.4867195e+26,0.000000
4,-2,36,1.481867e+26,0.000000
10,-4,21,1.4814766e+26,0.000000
7,2,-17,1.4791436e+26,0.000000
8,-1,23,1.4720517e+26,0.000000
10,8,52,1.4682824e+26,0.000000
4,2,-29,1.4681511e+26,0.000000
10,-3,6,1.4680546e+26,0.000000
10,8,46,1.4586077e+26,0.000000
9,5,36,1.457227e+26,0.000000
2,2,-32,1.4507951e+26,0.000000
4,3,-25,1.4473927e+26,0.000000
10,8,45,1.4463307e+26,0.000000
10,-5,27,1.4366552e+26,0.000000
8,3,37,1.4259597e+26,0.000000
8,-4,41,1.4221432e+26,0.000000
7,-2,41,1.4194531e+26,0.000000
4,-1,-43,1.4176439e+26,0.000000
6,3,-13,1.411529e+26,0.000000
7,-2,-15,1.4046584e+26,0.000000
9,8,-5,1.4030956e+26,0.000000
6,4,55,1.4026345e+26,0.000000
6,1,-32,1.4018537e+26,0.000000
10,8,49,1.3983703e+26,0.000000
5,2,49,1.3842363e+26,0.000000
10,-3,2,1.3810042e+26,0.000000
10,-4,22,1.356373e+26,0.000000
7,1,-27,1.3542078e+26,0.000000
9,7,55,1.351154e+26,0.000000
3,-2,-43,1.3498925e+26,0.000000
5,2,47,1.3458733e+26,0.000000
9,1,5,1.3412842e+26,0.000000
5,-1,53,1.3358039e+26,0.000000
10,-6,-6,1.3351091e+26,0.000000
9,-3,27,1.3241548e+26,0.000000
7,-1,-21,1.3205503e+26,0.000000
8,-4,42,1.3201208e+26,0.000000
10,7,27,1.3194203e+26,0.000000
7,4,54,1.318294e+26,0.000000
9,6,40,1.3074543e+26,0.000000
7,3,49,1.2998332e+26,0.000000
2,1,-47,1.2874972e+26,0.000000
5,-5,-18,1.2856097e+26,0.000000
10,7,28,1.2814371e+26,0.000000
5,5,-9,1.27824e+26,0.000000
7,-3,-11,1.2654754e+26,0.000000
8,-2,32,1.2512716e+26,0.000000
8,1,-6,1.2502945e+26,0.000000
5,1,54,1.2400827e+26,0.000000
7,3,-14,1.2343412e+26,0.000000
6,4,-16,1.2326256e+26,0.000000
9,1,9,1.2281763e+26,0.000000
9,5,-4,1.2273271e+26,0.000000
8,2,34,1.2130343e+26,0.000000
10,-4,23,1.2054938e+26,0.000000
5,-2,-25,1.2010641e+26,0.000000
8,-4,43,1.1977007e+26,0.000000
10,5,6,1.1957081e+26,0.000000
6,-4,-22,1.1952423e+26,0.000000
6,1,44,1.191311e+26,0.000000
8,-3,-2,1.1889071e+26,0.000000
5,1,-40,1.1881463e+26,0.000000
5,2,48,1.1844332e+26,0.000000
6,0,-40,1.1663001e+26,0.000000
6,0,40,1.1663001e+26,0.000000
7,2,40,1.1614625e+26,0.000000
6,3,-14,1.1594026e+26,0.000000
10,-5,28,1.1554781e+26,0.000000
6,-1,27,1.1541921e+26,0.000000
8,1,-5,1.1511671e+26,0.000000
10,7,29,1.1444152e+26,0.000000
6,-2,50,1.1416806e+26,0.000000
7,5,55,1.1341318e+26,0.000000
6,-2,-27,1.1262387e+26,0.000000
9,4,26,1.122781e+26,0.000000
7,-3,50,1.1194706e+26,0.000000
8,-3,42,1.1184241e+26,0.000000
5,-3,-31,1.1178764e+26,0.000000
10,-6,50,1.1093007e+26,0.000000
5,0,-48,1.1048949e+26,0.000000
5,0,48,1.1048949e+26,0.000000
8,1,23,1.1046018e+26,0.000000
8,3,38,1.1015909e+26,0.000000
6,2,48,1.0958936e+26,0.000000
9,2,12,1.0883643e+26,0.000000
10,6,21,1.0832552e+26,0.000000
3,2,-33,1.0752756e+26,0.000000
9,3,25,1.0716232e+26,0.000000
6,2,-27,1.0633428e+26,0.000000
10,7,30,1.0631793e+26,0.000000
7,1,-2,1.0616857e+26,0.000000
8,-4,44,1.0596308e+26,0.000000
2,2,-33,1.0571991e+26,0.000000
9,5,37,1.0566023e+26,0.000000
6,-1,-19,1.0550533e+26,0.000000
3,3,-30,1.0512293e+26,0.000000
3,-3,-45,1.0491802e+26,0.000000
10,-4,24,1.0374838e+26,0.000000
9,-1,12,1.0354949e+26,0.000000
7,0,-1,1.0333094e+26,0.000000
7,0,1,1.0333094e+26,0.000000
6,3,55,1.0327282e+26,0.000000
5,-1,-39,1.0300063e+26,0.000000
10,-2,4,1.0278115e+26,0.000000
9,-5,47,1.0265161e+26,0.000000
8,1,-7,1.0254657e+26,0.000000
10,4,13,1.021947e+26,0.000000
5,-4,-23,1.0208432e+26,0.000000
7,-1,-22,1.0198436e+26,0.000000
10,5,7,1.0048062e+26,0.000000
8,0,-5,9.9936475e+25,0.000000
8,0,5,9.9936475e+25,0.000000
6,-6,-12,9.9256579e+25,0.000000
7,4,55,9.9139363e+25,0.000000
4,-4,-32,9.8383548e+25,0.000000
7,2,-2,9.8278179e+25,0.000000
3,1,-46,9.8018653e+25,0.000000
8,-1,24,9.7933459e+25,0.000000
8,-2,-1,9.7721816e+25,0.000000
10,7,31,9.7710076e+25,0.000000
5,2,-25,9.7218751e+25,0.000000
5,3,-26,9.69219e+25,0.000000
9,6,41,9.6806272e+25,0.000000
5,-1,54,9.6656758e+25,0.000000
9,2,3,9.6628941e+25,0.000000
9,-4,26,9.6573776e+25,0.000000
8,5,38,9.5239043e+25,0.000000
7,-2,-16,9.374475e+25,0.000000
7,3,50,9.3433139e+25,0.000000
8,4,36,9.3222717e+25,0.000000
6,1,45,9.2902135e+25,0.000000
7,2,-18,9.2723687e+25,0.000000
6,3,-15,9.1755997e+25,0.000000
8,-4,45,9.1562049e+25,0.000000
10,-5,29,9.1221148e+25,0.000000
7,1,-28,9.0653702e+25,0.000000
8,-2,33,9.0164897e+25,0.000000
10,7,32,8.9896557e+25,0.000000
5,1,55,8.9178717e+25,0.000000
5,4,-14,8.8717048e+25,0.000000
4,4,-21,8.8662278e+25,0.000000
4,-3,-36,8.8406066e+25,0.000000
8,2,-8,8.8190875e+25,0.000000
10,-3,7,8.7639072e+25,0.000000
10,-2,2,8.7516953e+25,0.000000
3,-2,-44,8.7440427e+25,0.000000
10,5,8,8.7394052e+25,0.000000
7,7,-7,8.7331199e+25,0.000000
8,2,35,8.7144782e+25,0.000000
10,-4,25,8.6481377e+25,0.000000
7,-1,33,8.6322224e+25,0.000000
4,1,-42,8.5277277e+25,0.000000
7,-2,42,8.5230254e+25,0.000000
6,1,-33,8.5102161e+25,0.000000
8,3,39,8.4212087e+25,0.000000
10,8,50,8.3616856e+25,0.000000
9,1,3,8.3026843e+25,0.000000
4,3,-26,8.2367612e+25,0.000000
7,1,35,8.1977598e+25,0.000000
9,1,10,8.1547876e+25,0.000000
10,7,33,8.1488173e+25,0.000000
8,-3,43,8.0665582e+25,0.000000
10,5,9,8.0332584e+25,0.000000
6,0,-41,8.0106425e+25,0.000000
6,0,41,8.0106425e+25,0.000000
10,-6,51,7.9692372e+25,0.000000
6,-3,-7,7.9688238e+25,0.000000
4,-2,37,7.9156172e+25,0.000000
7,-3,51,7.8545436e+25,0.000000
10,6,-4,7.8346162e+25,0.000000
2,1,-48,7.7554957e+25,0.000000
8,-4,46,7.7490771e+25,0.000000
8,8,-7,7.7236473e+25,0.000000
7,-2,-4,7.6559493e+25,0.000000
7,-1,-23,7.6105097e+25,0.000000
9,5,38,7.549287e+25,0.000000
2,2,-34,7.511808e+25,0.000000
10,6,22,7.4795019e+25,0.000000
5,-5,-19,7.4672362e+25,0.000000
8,1,24,7.4262318e+25,0.000000
8,2,-12,7.3357539e+25,0.000000
9,4,27,7.3339993e+25,0.000000
10,7,34,7.3283431e+25,0.000000
4,-1,-44,7.3249994e+25,0.000000
3,2,-34,7.3102257e+25,0.000000
9,2,13,7.2661382e+25,0.000000
8,2,-13,7.2623056e+25,0.000000
10,8,53,7.2578027e+25,0.000000
10,8,51,7.2521904e+25,0.000000
4,-2,-17,7.2367272e+25,0.000000
6,-1,-20,7.2147606e+25,0.000000
6,1,46,7.1926458e+25,0.000000
7,2,41,7.1734535e+25,0.000000
8,1,-8,7.1442088e+25,0.000000
9,6,42,7.088713e+25,0.000000
10,-5,30,7.0681792e+25,0.000000
6,3,-16,7.0282274e+25,0.000000
5,0,-49,6.9946291e+25,0.000000
5,0,49,6.9946291e+25,0.000000
10,-4,26,6.99173e+25,0.000000
6,4,-17,6.9698563e+25,0.000000
7,-3,-12,6.9432912e+25,0.000000
5,-1,55,6.9047066e+25,0.000000
3,-3,-46,6.8551535e+25,0.000000
10,7,36,6.8493731e+25,0.000000
10,7,-4,6.8487492e+25,0.000000
7,0,-20,6.8119257e+25,0.000000
7,0,20,6.8119257e+25,0.000000
5,-3,-32,6.8110107e+25,0.000000
9,-3,28,6.7782473e+25,0.000000
6,-4,-23,6.7442248e+25,0.000000
10,5,10,6.7378915e+25,0.000000
9,2,0,6.7080313e+25,0.000000
10,5,11,6.6458433e+25,0.000000
10,7,35,6.595677e+25,0.000000
10,4,14,6.5623989e+25,0.000000
5,1,-41,6.522652e+25,0.000000
9,-5,48,6.5150504e+25,0.000000
7,3,51,6.4935644e+25,0.000000
8,2,-14,6.4666738e+25,0.000000
8,-4,47,6.4427181e+25,0.000000
8,-2,34,6.4141996e+25,0.000000
8,3,40,6.3766928e+25,0.000000
8,-1,25,6.3761678e+25,0.000000
8,2,-11,6.3718847e+25,0.000000
10,9,-2,6.3595446e+25,0.000000
9,3,26,6.1980402e+25,0.000000
8,2,36,6.1944435e+25,0.000000
7,-5,-9,6.165722e+25,0.000000
10,-3,8,6.1320321e+25,0.000000
9,1,4,6.1268858e+25,0.000000
7,-2,-17,6.0882453e+25,0.000000
9,-4,27,6.0316929e+25,0.000000
6,-6,-13,6.0142373e+25,0.000000
7,1,-29,6.000942e+25,0.000000
10,-7,-7,5.983906e+25,0.000000
8,4,37,5.9003925e+25,0.000000
6,2,49,5.8500958e+25,0.000000
8,5,39,5.8118981e+25,0.000000
8,-3,44,5.786138e+25,0.000000
5,3,-27,5.775911e+25,0.000000
5,5,-10,5.7595453e+25,0.000000
5,-1,-40,5.7553332e+25,0.000000
6,-2,51,5.7384497e+25,0.000000
7,6,-6,5.7296233e+25,0.000000
10,-6,52,5.6957551e+25,0.000000
7,2,-19,5.6867115e+25,0.000000
3,-2,-45,5.6567307e+25,0.000000
5,-4,-24,5.6442847e+25,0.000000
3,3,-31,5.6298461e+25,0.000000
6,-2,-28,5.6254901e+25,0.000000
7,3,-15,5.5983327e+25,0.000000
6,-5,-7,5.5686641e+25,0.000000
6,1,47,5.5358734e+25,0.000000
7,-1,-24,5.5248446e+25,0.000000
7,-3,52,5.5014803e+25,0.000000
10,-4,27,5.4922703e+25,0.000000
6,0,-42,5.4730427e+25,0.000000
6,0,42,5.4730427e+25,0.000000
3,1,-47,5.467361e+25,0.000000
6,-1,28,5.4474135e+25,0.000000
10,-5,31,5.3753316e+25,0.000000
8,2,-15,5.3310698e+25,0.000000
9,5,39,5.3169188e+25,0.000000
8,-4,48,5.2774217e+25,0.000000
4,-3,-37,5.2592442e+25,0.000000
2,2,-35,5.2458779e+25,0.000000
6,3,-17,5.2317158e+25,0.000000
10,7,37,5.2236911e+25,0.000000
6,2,-28,5.2045577e+25,0.000000
7,-5,-8,5.1798258e+25,0.000000
6,1,-34,5.1402421e+25,0.000000
9,6,43,5.131814e+25,0.000000
4,-4,-33,5.0783818e+25,0.000000
7,-2,43,5.0609766e+25,0.000000
9,-1,13,5.0596232e+25,0.000000
8,1,-4,5.0458281e+25,0.000000
8,0,-2,5.0344169e+25,0.000000
8,0,2,5.0344169e+25,0.000000
10,6,23,5.0240375e+25,0.000000
10,8,54,5.0054579e+25,0.000000
5,4,-15,5.0016998e+25,0.000000
3,2,-35,4.9168177e+25,0.000000
10,4,-2,4.8890418e+25,0.000000
8,1,25,4.8872015e+25,0.000000
7,-5,-10,4.8688211e+25,0.000000
9,1,11,4.8615347e+25,0.000000
6,-1,-21,4.8558849e+25,0.000000
2,1,-49,4.8397176e+25,0.000000
5,-2,-26,4.7973299e+25,0.000000
8,3,41,4.7870674e+25,0.000000
7,3,52,4.7858955e+25,0.000000
8,2,-4,4.7694926e+25,0.000000
9,-5,-4,4.7626717e+25,0.000000
10,9,-4,4.6933188e+25,0.000000
3,-3,-47,4.6913402e+25,0.000000
4,3,-27,4.6904977e+25,0.000000
10,-3,9,4.6748877e+25,0.000000
7,-1,34,4.6552515e+25,0.000000
10,5,12,4.637991e+25,0.000000
9,4,28,4.6213188e+25,0.000000
8,2,-10,4.5848897e+25,0.000000
9,2,14,4.5331606e+25,0.000000
8,-2,35,4.5116371e+25,0.000000
8,7,-6,4.4874098e+25,0.000000
10,7,38,4.4737386e+25,0.000000
8,4,38,4.441963e+25,0.000000
10,7,41,4.4384993e+25,0.000000
8,1,-9,4.4076069e+25,0.000000
5,0,-50,4.4026779e+25,0.000000
5,0,50,4.4026779e+25,0.000000
5,-5,-20,4.4025808e+25,0.000000
7,2,42,4.3832109e+25,0.000000
8,-1,-6,4.3786175e+25,0.000000
4,1,-43,4.3751915e+25,0.000000
8,2,37,4.3616394e+25,0.000000
4,4,-22,4.3240331e+25,0.000000
4,2,-30,4.2861545e+25,0.000000
8,-4,49,4.2702661e+25,0.000000
8,0,-10,4.2571505e+25,0.000000
8,0,10,4.2571505e+25,0.000000
7,1,36,4.2434161e+25,0.000000
6,1,48,4.2400914e+25,0.000000
8,0,-11,4.2096628e+25,0.000000
8,0,11,4.2096628e+25,0.000000
9,-5,49,4.2070607e+25,0.000000
10,-4,28,4.1995674e+25,0.000000
10,5,13,4.1950683e+25,0.000000
8,-5,-5,4.1877433e+25,0.000000
8,5,40,4.1667621e+25,0.000000
4,-2,38,4.1486074e+25,0.000000
5,-3,-33,4.1445933e+25,0.000000
8,2,-16,4.1436488e+25,0.000000
8,-3,45,4.1305165e+25,0.000000
10,4,15,4.0962971e+25,0.000000
8,-1,26,4.0646998e+25,0.000000
10,-6,53,4.0554144e+25,0.000000
10,-2,5,4.0533984e+25,0.000000
8,-1,-7,4.0453622e+25,0.000000
10,10,-5,4.0326824e+25,0.000000
10,-5,32,4.012388e+25,0.000000
7,1,-30,3.9345984e+25,0.000000
7,-1,-25,3.9215137e+25,0.000000
6,4,-18,3.9215008e+25,0.000000
8,5,45,3.9122268e+25,0.000000
8,4,39,3.9042145e+25,0.000000
10,7,39,3.8805426e+25,0.000000
8,5,44,3.8747941e+25,0.000000
7,-2,-18,3.8594993e+25,0.000000
7,-3,53,3.8447767e+25,0.000000
4,-1,-45,3.8419995e+25,0.000000
8,5,46,3.8352767e+25,0.000000
5,2,-26,3.8326533e+25,0.000000
6,-4,-24,3.7998988e+25,0.000000
6,3,-18,3.7979114e+25,0.000000
6,5,-6,3.7900796e+25,0.000000
10,-3,10,3.7760591e+25,0.000000
8,5,43,3.744652e+25,0.000000
8,0,-12,3.736526e+25,0.000000
8,0,12,3.736526e+25,0.000000
8,2,-9,3.7328056e+25,0.000000
8,4,40,3.7216096e+25,0.000000
6,0,-43,3.7200755e+25,0.000000
6,0,43,3.7200755e+25,0.000000
8,0,-9,3.7066622e+25,0.000000
8,0,9,3.7066622e+25,0.000000
9,5,40,3.6924811e+25,0.000000
9,6,44,3.6725902e+25,0.000000
3,-2,-46,3.667244e+25,0.000000
8,5,47,3.6550759e+25,0.000000
8,5,41,3.6340163e+25,0.000000
2,2,-36,3.6338883e+25,0.000000
9,-4,28,3.6330427e+25,0.000000
7,0,-21,3.6183289e+25,0.000000
7,0,21,3.6183289e+25,0.000000
8,4,41,3.6143274e+25,0.000000
6,-3,-8,3.6097169e+25,0.000000
8,5,42,3.6019347e+25,0.000000
7,-3,-13,3.5994152e+25,0.000000
8,3,42,3.5657718e+25,0.000000
5,1,-42,3.5547802e+25,0.000000
6,-6,-14,3.4785636e+25,0.000000
8,4,42,3.4652563e+25,0.000000
8,-2,-6,3.4472208e+25,0.000000
5,3,-28,3.4308122e+25,0.000000
9,3,27,3.4259673e+25,0.000000
8,-4,50,3.4214533e+25,0.000000
7,2,-20,3.4155411e+25,0.000000
7,3,53,3.4132788e+25,0.000000
8,5,48,3.3975644e+25,0.000000
4,-2,-18,3.3918169e+25,0.000000
3,-3,-48,3.3859711e+25,0.000000
9,-3,29,3.361246e+25,0.000000
8,-1,-5,3.3534927e+25,0.000000
8,0,-6,3.3437752e+25,0.000000
8,0,6,3.3437752e+25,0.000000
10,7,40,3.3263805e+25,0.000000
8,4,-4,3.3176128e+25,0.000000
10,-5,-2,3.3172907e+25,0.000000
10,6,24,3.3131652e+25,0.000000
7,-5,-11,3.2987906e+25,0.000000
3,2,-36,3.2767717e+25,0.000000
3,1,-48,3.2446289e+25,0.000000
8,4,43,3.243199e+25,0.000000
6,1,49,3.2345138e+25,0.000000
6,-1,-22,3.2238606e+25,0.000000
10,-6,-5,3.1918203e+25,0.000000
5,-1,-41,3.1898737e+25,0.000000
2,1,-50,3.1795548e+25,0.000000
10,-3,11,3.1708848e+25,0.000000
8,1,26,3.1497862e+25,0.000000
8,-2,36,3.1418111e+25,0.000000
10,-4,29,3.1308839e+25,0.000000
4,-3,-38,3.1293367e+25,0.000000
5,-4,-25,3.1143738e+25,0.000000
6,1,-35,3.088125e+25,0.000000
10,5,14,3.0847241e+25,0.000000
10,-2,1,3.0828591e+25,0.000000
8,5,49,3.0798191e+25,0.000000
8,2,-17,3.0731945e+25,0.000000
8,-2,-5,3.065724e+25,0.000000
8,-1,-8,3.05885e+25,0.000000
6,-2,52,3.058394e+25,0.000000
8,0,-13,3.0573363e+25,0.000000
8,0,13,3.0573363e+25,0.000000
8,2,38,3.0450953e+25,0.000000
3,3,-32,3.029032e+25,0.000000
6,2,50,3.0287981e+25,0.000000
7,-2,44,2.969516e+25,0.000000
8,4,44,2.9573932e+25,0.000000
7,-3,-5,2.9430681e+25,0.000000
10,-5,33,2.9395764e+25,0.000000
8,-3,46,2.9364526e+25,0.000000
10,-8,-8,2.8876533e+25,0.000000
10,-6,54,2.8811628e+25,0.000000
5,4,-16,2.8068552e+25,0.000000
9,4,29,2.8055995e+25,0.000000
9,-5,50,2.7912594e+25,0.000000
5,0,-51,2.7580875e+25,0.000000
5,0,51,2.7580875e+25,0.000000
6,-2,-29,2.7483628e+25,0.000000
8,5,50,2.7407508e+25,0.000000
7,-1,-26,2.7322561e+25,0.000000
8,-4,51,2.7204583e+25,0.000000
10,-3,12,2.7201615e+25,0.000000
7,0,-22,2.7089367e+25,0.000000
7,0,22,2.7089367e+25,0.000000
6,3,-19,2.6967842e+25,0.000000
7,-3,54,2.6790309e+25,0.000000
7,0,-24,2.6781297e+25,0.000000
7,0,24,2.6781297e+25,0.000000
4,3,-28,2.6737308e+25,0.000000
10,4,16,2.6662903e+25,0.000000
9,2,15,2.6583154e+25,0.000000
8,0,-8,2.6578196e+25,0.000000
8,0,8,2.6578196e+25,0.000000
9,-6,-7,2.6521344e+25,0.000000
7,0,-25,2.6503248e+25,0.000000
7,0,25,2.6503248e+25,0.000000
7,2,43,2.6482131e+25,0.000000
8,3,43,2.6374425e+25,0.000000
8,4,45,2.6318485e+25,0.000000
4,-4,-34,2.6306452e+25,0.000000
5,-5,-21,2.6265995e+25,0.000000
7,0,-23,2.6167624e+25,0.000000
7,0,23,2.6167624e+25,0.000000
9,1,12,2.6060422e+25,0.000000
9,6,45,2.5975091e+25,0.000000
3,-3,-49,2.5842229e+25,0.000000
10,5,15,2.5677814e+25,0.000000
7,1,-31,2.5582965e+25,0.000000
8,-1,27,2.5374006e+25,0.000000
9,5,41,2.5299962e+25,0.000000
2,2,-37,2.5213949e+25,0.000000
5,-3,-34,2.5189897e+25,0.000000
6,0,-44,2.515445e+25,0.000000
6,0,44,2.515445e+25,0.000000
6,-1,29,2.494449e+25,0.000000
6,2,-29,2.4905691e+25,0.000000
7,0,-26,2.4880956e+25,0.000000
7,0,26,2.4880956e+25,0.000000
9,-1,14,2.4627288e+25,0.000000
6,1,50,2.4589244e+25,0.000000
7,-1,35,2.4518384e+25,0.000000
8,1,-10,2.4499675e+25,0.000000
7,3,54,2.4267678e+25,0.000000
7,3,-16,2.4139506e+25,0.000000
5,5,-11,2.4061691e+25,0.000000
8,5,51,2.3975617e+25,0.000000
3,-2,-47,2.3951227e+25,0.000000
10,7,42,2.3949025e+25,0.000000
7,-2,-19,2.3937267e+25,0.000000
10,-3,13,2.3464208e+25,0.000000
6,-3,-12,2.3458627e+25,0.000000
8,0,-14,2.3452513e+25,0.000000
8,0,14,2.3452513e+25,0.000000
8,4,46,2.2921587e+25,0.000000
6,-3,-13,2.2887986e+25,0.000000
7,-2,-5,2.2883988e+25,0.000000
10,-4,30,2.2789327e+25,0.000000
9,7,-6,2.2578869e+25,0.000000
2,1,-51,2.2395748e+25,0.000000
4,1,-44,2.2368983e+25,0.000000
10,5,16,2.2317556e+25,0.000000
7,0,-27,2.2231315e+25,0.000000
7,0,27,2.2231315e+25,0.000000
10,6,25,2.2103642e+25,0.000000
6,-3,-11,2.2059708e+25,0.000000
6,4,-19,2.1948116e+25,0.000000
8,2,-18,2.1930235e+25,0.000000
9,1,1,2.1795012e+25,0.000000
8,-2,37,2.1685697e+25,0.000000
3,2,-37,2.1662956e+25,0.000000
8,-4,52,2.1509287e+25,0.000000
6,-4,-25,2.1383584e+25,0.000000
3,1,-49,2.1293425e+25,0.000000
7,1,37,2.1275971e+25,0.000000
10,3,0,2.1249956e+25,0.000000
6,-3,-9,2.1239073e+25,0.000000
4,-2,39,2.1225347e+25,0.000000
6,-1,-23,2.1152048e+25,0.000000
10,4,22,2.1136349e+25,0.000000
10,-5,34,2.1133947e+25,0.000000
4,-1,-46,2.1131947e+25,0.000000
4,4,-23,2.1112215e+25,0.000000
8,2,39,2.1097845e+25,0.000000
10,4,21,2.1089352e+25,0.000000
9,-4,29,2.1071568e+25,0.000000
8,-3,47,2.0802962e+25,0.000000
3,-3,-50,2.0797858e+25,0.000000
6,-3,-14,2.0664157e+25,0.000000
8,5,52,2.0663313e+25,0.000000
7,-5,-12,2.0563476e+25,0.000000
10,5,17,2.0484247e+25,0.000000
10,-6,55,2.0463524e+25,0.000000
5,3,-29,2.0327508e+25,0.000000
9,3,-2,2.0314333e+25,0.000000
10,4,23,2.0255836e+25,0.000000
10,4,20,2.0186863e+25,0.000000
7,2,-21,2.0105751e+25,0.000000
10,-3,14,2.0093261e+25,0.000000
10,4,17,2.0050341e+25,0.000000
10,7,43,2.0042772e+25,0.000000
8,-1,-9,1.996832e+25,0.000000
6,-2,53,1.9923929e+25,0.000000
8,1,27,1.9881753e+25,0.000000
6,-3,-10,1.9846481e+25,0.000000
10,-2,6,1.9836615e+25,0.000000
6,6,-7,1.9817528e+25,0.000000
10,5,21,1.9774395e+25,0.000000
10,5,20,1.9766042e+25,0.000000
10,5,18,1.975189e+25,0.000000
10,5,19,1.9648676e+25,0.000000
8,4,47,1.9595343e+25,0.000000
6,-6,-15,1.9579311e+25,0.000000
5,-2,-27,1.9533741e+25,0.000000
10,5,22,1.9485857e+25,0.000000
10,2,4,1.938618e+25,0.000000
8,3,44,1.938567e+25,0.000000
10,2,1,1.9361446e+25,0.000000
5,1,-43,1.928699e+25,0.000000
9,-5,51,1.9191757e+25,0.000000
7,0,-28,1.9052078e+25,0.000000
7,0,28,1.9052078e+25,0.000000
10,4,19,1.8899664e+25,0.000000
8,0,-7,1.8877284e+25,0.000000
8,0,7,1.8877284e+25,0.000000
10,5,23,1.8806877e+25,0.000000
6,3,-20,1.8779576e+25,0.000000
7,-1,-27,1.8742954e+25,0.000000
6,1,51,1.8636068e+25,0.000000
4,-3,-39,1.8619927e+25,0.000000
10,4,24,1.8606053e+25,0.000000
7,-3,55,1.8594501e+25,0.000000
9,-7,-8,1.8492992e+25,0.000000
10,2,3,1.84589e+25,0.000000
6,1,-36,1.8443898e+25,0.000000
7,-7,-9,1.8438115e+25,0.000000
6,-2,55,1.8417817e+25,0.000000
10,4,18,1.8272614e+25,0.000000
9,6,46,1.815623e+25,0.000000
9,3,28,1.8110074e+25,0.000000
8,-2,-7,1.7853823e+25,0.000000
4,2,-31,1.7795364e+25,0.000000
10,5,24,1.7746493e+25,0.000000
2,2,-38,1.7696733e+25,0.000000
7,-3,-14,1.7683376e+25,0.000000
8,5,53,1.7582605e+25,0.000000
5,-1,-42,1.7552182e+25,0.000000
6,-3,-15,1.7524384e+25,0.000000
3,-3,-51,1.7510465e+25,0.000000
6,-2,54,1.7377743e+25,0.000000
5,0,-52,1.7240991e+25,0.000000
5,0,52,1.7240991e+25,0.000000
7,-2,45,1.7202002e+25,0.000000
9,-4,-2,1.7199538e+25,0.000000
7,3,55,1.7186125e+25,0.000000
5,-4,-26,1.7148878e+25,0.000000
2,1,-52,1.7148678e+25,0.000000
9,5,42,1.7108651e+25,0.000000
8,0,-15,1.7052736e+25,0.000000
8,0,15,1.7052736e+25,0.000000
8,-4,53,1.6942114e+25,0.000000
9,-3,30,1.6924803e+25,0.000000
10,-3,15,1.692174e+25,0.000000
6,0,-45,1.6917049e+25,0.000000
6,0,45,1.6917049e+25,0.000000
10,7,44,1.6664307e+25,0.000000
7,1,-32,1.6513313e+25,0.000000
4,2,-34,1.6507996e+25,0.000000
8,4,48,1.6490456e+25,0.000000
4,2,-33,1.6464315e+25,0.000000
9,4,30,1.6444206e+25,0.000000
10,4,25,1.6444068e+25,0.000000
3,3,-33,1.6372853e+25,0.000000
10,5,25,1.6330814e+25,0.000000
10,-4,31,1.621391e+25,0.000000
3,1,-50,1.5994172e+25,0.000000
3,-2,-48,1.5880118e+25,0.000000
5,-5,-22,1.5814865e+25,0.000000
10,3,2,1.5811447e+25,0.000000
7,2,44,1.581016e+25,0.000000
9,4,-3,1.5782043e+25,0.000000
7,0,-29,1.5776486e+25,0.000000
7,0,29,1.5776486e+25,0.000000
4,-2,-19,1.5751396e+25,0.000000
10,6,26,1.5710643e+25,0.000000
5,4,-17,1.5672208e+25,0.000000
6,2,51,1.5540569e+25,0.000000
10,3,3,1.5537083e+25,0.000000
8,-1,28,1.5506939e+25,0.000000
5,2,-27,1.5427662e+25,0.000000
3,-3,-52,1.5310769e+25,0.000000
5,-3,-35,1.5289247e+25,0.000000
4,3,-29,1.5260437e+25,0.000000
4,2,-32,1.5257066e+25,0.000000
3,1,-55,1.5234467e+25,0.000000
8,2,-19,1.5148933e+25,0.000000
7,-3,-3,1.5127579e+25,0.000000
9,-1,19,1.5043115e+25,0.000000
9,2,16,1.502155e+25,0.000000
4,2,-35,1.499142e+25,0.000000
10,-5,35,1.4905452e+25,0.000000
8,-2,38,1.4850057e+25,0.000000
8,5,54,1.4805174e+25,0.000000
9,-1,18,1.4711682e+25,0.000000
8,-3,48,1.4695431e+25,0.000000
10,5,26,1.4685699e+25,0.000000
9,-1,15,1.4635445e+25,0.000000
7,-2,-20,1.455041e+25,0.000000
8,2,40,1.4516733e+25,0.000000
3,1,-54,1.4353302e+25,0.000000
9,-1,20,1.4344061e+25,0.000000
2,1,-53,1.4300547e+25,0.000000
8,6,-6,1.4247081e+25,0.000000
3,2,-38,1.421897e+25,0.000000
10,2,5,1.4202062e+25,0.000000
8,3,45,1.4169712e+25,0.000000
8,1,-3,1.4146597e+25,0.000000
6,-3,-16,1.414123e+25,0.000000
9,9,-7,1.4130419e+25,0.000000
6,1,52,1.4083721e+25,0.000000
10,4,26,1.4036356e+25,0.000000
10,-3,16,1.3924117e+25,0.000000
3,1,-51,1.3811317e+25,0.000000
10,7,45,1.3752652e+25,0.000000
3,-3,-53,1.3742179e+25,0.000000
9,-5,52,1.3739824e+25,0.000000
6,-1,-24,1.3736358e+25,0.000000
4,-4,-35,1.3696714e+25,0.000000
3,1,-53,1.3615874e+25,0.000000
9,-1,17,1.3536221e+25,0.000000
10,6,33,1.3429294e+25,0.000000
10,6,32,1.3385305e+25,0.000000
8,-4,54,1.3316979e+25,0.000000
3,1,-52,1.3284775e+25,0.000000
10,6,34,1.3102096e+25,0.000000
6,-2,-30,1.3059039e+25,0.000000
10,6,31,1.2964857e+25,0.000000
10,5,27,1.2905403e+25,0.000000
6,3,-21,1.2855406e+25,0.000000
9,-1,21,1.2852525e+25,0.000000
10,5,-3,1.2848913e+25,0.000000
2,1,-54,1.2831006e+25,0.000000
8,4,49,1.2816879e+25,0.000000
4,-1,-47,1.2724816e+25,0.000000
10,6,27,1.2704552e+25,0.000000
7,0,-30,1.2700697e+25,0.000000
7,0,30,1.2700697e+25,0.000000
7,-1,-28,1.2690168e+25,0.000000
2,2,-39,1.2678804e+25,0.000000
9,1,13,1.2664464e+25,0.000000
9,-1,16,1.261614e+25,0.000000
4,2,-36,1.2595137e+25,0.000000
10,-3,1,1.2575488e+25,0.000000
3,-3,-54,1.2568877e+25,0.000000
7,-1,36,1.2563206e+25,0.000000
9,6,47,1.2547599e+25,0.000000
8,1,-11,1.2476855e+25,0.000000
10,6,35,1.24377e+25,0.000000
8,5,55,1.2346622e+25,0.000000
10,6,30,1.2317611e+25,0.000000
8,1,28,1.2286686e+25,0.000000
6,4,-20,1.2218139e+25,0.000000
2,1,-55,1.2139598e+25,0.000000
7,-5,-13,1.2138987e+25,0.000000
6,-4,-26,1.2021038e+25,0.000000
5,3,-30,1.2020883e+25,0.000000
10,-2,7,1.185007e+25,0.000000
8,0,-16,1.1841324e+25,0.000000
8,0,16,1.1841324e+25,0.000000
9,-4,30,1.1786273e+25,0.000000
10,3,4,1.1753967e+25,0.000000
10,6,29,1.1702936e+25,0.000000
3,-3,-55,1.1641414e+25,0.000000
10,4,27,1.1609742e+25,0.000000
7,2,-22,1.1605573e+25,0.000000
4,1,-45,1.1598935e+25,0.000000
6,2,-30,1.1588625e+25,0.000000
10,6,28,1.1561568e+25,0.000000
10,6,36,1.1512075e+25,0.000000
8,-1,-10,1.1495736e+25,0.000000
6,-1,30,1.1471198e+25,0.000000
9,5,43,1.1433394e+25,0.000000
6,0,-46,1.1311311e+25,0.000000
6,0,46,1.1311311e+25,0.000000
10,-4,32,1.1284086e+25,0.000000
10,7,46,1.1265352e+25,0.000000
8,4,50,1.1254656e+25,0.000000
10,-3,17,1.1145463e+25,0.000000
10,5,28,1.109054e+25,0.000000
4,-3,-40,1.1077248e+25,0.000000
6,-3,-17,1.0967461e+25,0.000000
6,1,-37,1.0943049e+25,0.000000
9,-1,22,1.0926911e+25,0.000000
6,-6,-16,1.0845972e+25,0.000000
5,0,-53,1.081152e+25,0.000000
5,0,53,1.081152e+25,0.000000
3,-2,-49,1.0796362e+25,0.000000
6,1,53,1.061308e+25,0.000000
7,1,-33,1.0589008e+25,0.000000
4,-2,40,1.0529662e+25,0.000000
10,-3,0,1.0496182e+25,0.000000
5,1,-44,1.0484924e+25,0.000000
8,-4,55,1.0461794e+25,0.000000
8,-1,-4,1.0440934e+25,0.000000
10,6,37,1.0403084e+25,0.000000
8,-3,49,1.035745e+25,0.000000
4,4,-24,1.031758e+25,0.000000
10,-5,36,1.0307364e+25,0.000000
8,3,46,1.0307002e+25,0.000000
7,1,38,1.0296066e+25,0.000000
9,-5,53,1.0234e+25,0.000000
5,5,-12,1.0215715e+25,0.000000
8,2,-20,1.0177026e+25,0.000000
8,-2,39,1.009765e+25,0.000000
7,0,-31,9.9889573e+24,0.000000
7,0,31,9.9889573e+24,0.000000
4,2,-37,9.9879433e+24,0.000000
8,2,41,9.9263869e+24,0.000000
7,-2,46,9.8321776e+24,0.000000
7,3,-17,9.829563e+24,0.000000
10,6,38,9.6906275e+24,0.000000
9,-3,31,9.6363944e+24,0.000000
9,8,-6,9.6239913e+24,0.000000
5,-1,-43,9.6169506e+24,0.000000
5,-5,-23,9.5903504e+24,0.000000
5,-4,-27,9.4217515e+24,0.000000
6,-1,-2,9.4188905e+24,0.000000
9,4,31,9.416752e+24,0.000000
5,-2,-28,9.3799255e+24,0.000000
2,2,-40,9.3383653e+24,0.000000
10,4,28,9.329862e+24,0.000000
10,5,29,9.3273085e+24,0.000000
7,2,45,9.3215423e+24,0.000000
9,3,29,9.2752983e+24,0.000000
3,2,-39,9.2719085e+24,0.000000
8,-1,29,9.2715587e+24,0.000000
5,-3,-36,9.2672432e+24,0.000000
8,4,51,9.1724945e+24,0.000000
10,7,47,9.1603617e+24,0.000000
10,-2,8,9.1075596e+24,0.000000
3,3,-34,8.8913397e+24,0.000000
9,-1,23,8.8899049e+24,0.000000
6,-1,-25,8.8408855e+24,0.000000
9,2,17,8.7945351e+24,0.000000
9,6,-5,8.78102e+24,0.000000
4,3,-30,8.722649e+24,0.000000
5,4,-18,8.7026901e+24,0.000000
10,2,6,8.6995474e+24,0.000000
7,-2,-21,8.6787087e+24,0.000000
6,3,-22,8.669171e+24,0.000000
10,-3,18,8.6513462e+24,0.000000
4,-1,-48,8.6500015e+24,0.000000
10,9,-5,8.6475745e+24,0.000000
10,3,5,8.6441874e+24,0.000000
10,-2,10,8.6097143e+24,0.000000
8,-6,-8,8.595284e+24,0.000000
9,6,48,8.5795476e+24,0.000000
10,-2,11,8.5558617e+24,0.000000
10,-2,9,8.5414891e+24,0.000000
6,2,52,8.506483e+24,0.000000
7,-1,-29,8.4961525e+24,0.000000
6,-3,-18,8.2383343e+24,0.000000
7,-3,-15,8.2216438e+24,0.000000
10,-2,12,8.1005461e+24,0.000000
10,8,-6,8.0524858e+24,0.000000
10,6,39,7.9860973e+24,0.000000
6,1,54,7.9711249e+24,0.000000
8,0,-17,7.8932915e+24,0.000000
8,0,17,7.8932915e+24,0.000000
9,-5,54,7.8782101e+24,0.000000
7,0,-32,7.7050162e+24,0.000000
7,0,32,7.7050162e+24,0.000000
10,-4,33,7.6859974e+24,0.000000
10,5,30,7.6813828e+24,0.000000
3,-2,-50,7.6123561e+24,0.000000
4,2,-38,7.5838307e+24,0.000000
9,5,44,7.5586993e+24,0.000000
6,0,-47,7.5158288e+24,0.000000
6,0,47,7.5158288e+24,0.000000
8,3,47,7.4662129e+24,0.000000
8,1,29,7.4285601e+24,0.000000
8,4,52,7.4274693e+24,0.000000
10,7,48,7.396169e+24,0.000000
5,2,-28,7.3117385e+24,0.000000
8,5,-5,7.3091859e+24,0.000000
10,4,29,7.3003936e+24,0.000000
8,-3,50,7.2874218e+24,0.000000
10,-2,13,7.2429557e+24,0.000000
4,-2,-20,7.2367661e+24,0.000000
4,-4,-36,7.1917278e+24,0.000000
10,10,-6,7.1366217e+24,0.000000
5,3,-31,7.0983355e+24,0.000000
2,2,-41,7.0975924e+24,0.000000
10,-5,37,6.9833687e+24,0.000000
9,-3,32,6.974019e+24,0.000000
9,-1,24,6.9688259e+24,0.000000
7,-5,-14,6.8875031e+24,0.000000
5,0,-54,6.8405141e+24,0.000000
5,0,54,6.8405141e+24,0.000000
8,-2,40,6.8225761e+24,0.000000
10,6,40,6.8137202e+24,0.000000
6,4,-21,6.7654121e+24,0.000000
6,-4,-27,6.7505041e+24,0.000000
7,1,-34,6.7498125e+24,0.000000
8,2,42,6.7485638e+24,0.000000
8,2,-21,6.6737138e+24,0.000000
10,3,6,6.642626e+24,0.000000
9,1,-4,6.6044794e+24,0.000000
4,-3,-41,6.5883125e+24,0.000000
4,-1,-49,6.5875581e+24,0.000000
10,2,12,6.5738538e+24,0.000000
7,2,-23,6.5702783e+24,0.000000
9,-2,3,6.5344793e+24,0.000000
10,-3,19,6.4966485e+24,0.000000
6,1,-38,6.4434705e+24,0.000000
9,-4,31,6.4267767e+24,0.000000
9,2,23,6.4100979e+24,0.000000
10,2,13,6.4073009e+24,0.000000
9,2,22,6.3771632e+24,0.000000
9,-1,-9,6.3013324e+24,0.000000
4,1,-46,6.3012079e+24,0.000000
9,-3,33,6.2907696e+24,0.000000
10,3,13,6.2668476e+24,0.000000
10,2,2,6.2546068e+24,0.000000
9,-3,34,6.235361e+24,0.000000
7,-1,37,6.2352613e+24,0.000000
9,-5,55,6.2256267e+24,0.000000
5,-2,-29,6.2177931e+24,0.000000
9,-3,35,6.2000723e+24,0.000000
10,5,31,6.1972673e+24,0.000000
10,3,14,6.1648382e+24,0.000000
8,1,-12,6.1509864e+24,0.000000
10,2,11,6.150629e+24,0.000000
9,2,24,6.1504537e+24,0.000000
10,-2,14,6.1161944e+24,0.000000
10,3,12,6.0849149e+24,0.000000
9,2,18,6.0835067e+24,0.000000
9,2,21,6.0606067e+24,0.000000
9,-1,-10,6.0480933e+24,0.000000
8,-2,-13,6.032528e+24,0.000000
6,-3,-19,6.0293789e+24,0.000000
3,2,-40,6.0093485e+24,0.000000
8,4,53,5.9885085e+24,0.000000
6,-2,-31,5.9842154e+24,0.000000
9,-3,36,5.9753402e+24,0.000000
6,1,55,5.9701396e+24,0.000000
6,-6,-17,5.9543649e+24,0.000000
7,5,-6,5.9539635e+24,0.000000
10,7,49,5.9308355e+24,0.000000
9,1,14,5.9288595e+24,0.000000
7,5,-8,5.9221419e+24,0.000000
8,-1,-11,5.9154583e+24,0.000000
8,-2,-8,5.8775522e+24,0.000000
5,-5,-24,5.8473914e+24,0.000000
7,0,-33,5.847064e+24,0.000000
7,0,33,5.847064e+24,0.000000
9,6,49,5.8116854e+24,0.000000
6,-1,31,5.8002707e+24,0.000000
5,1,-45,5.782914e+24,0.000000
10,3,15,5.7792321e+24,0.000000
6,3,-23,5.7705564e+24,0.000000
10,2,14,5.7552032e+24,0.000000
6,2,53,5.7158048e+24,0.000000
10,6,41,5.7070955e+24,0.000000
10,3,11,5.6944064e+24,0.000000
8,-2,-12,5.6802046e+24,0.000000
9,2,25,5.6584949e+24,0.000000
6,-1,-26,5.6453176e+24,0.000000
7,-1,-30,5.6337127e+24,0.000000
8,-2,-14,5.6265048e+24,0.000000
3,-2,-51,5.6224699e+24,0.000000
5,-3,-37,5.6079403e+24,0.000000
9,2,20,5.6061322e+24,0.000000
10,4,30,5.570977e+24,0.000000
4,2,-39,5.5697498e+24,0.000000
2,2,-42,5.5660702e+24,0.000000
7,-2,47,5.5465678e+24,0.000000
9,-3,37,5.5424325e+24,0.000000
10,3,7,5.4837372e+24,0.000000
9,4,32,5.4593085e+24,0.000000
7,2,46,5.4262443e+24,0.000000
8,-1,30,5.4178875e+24,0.000000
4,-1,-50,5.401816e+24,0.000000
8,3,48,5.389746e+24,0.000000
9,2,19,5.3836823e+24,0.000000
5,-2,-30,5.3359015e+24,0.000000
9,-1,-8,5.2949449e+24,0.000000
9,-1,25,5.2925401e+24,0.000000
5,-1,-44,5.2815923e+24,0.000000
10,3,10,5.2456116e+24,0.000000
10,2,10,5.2390971e+24,0.000000
9,1,-9,5.2201249e+24,0.000000
6,2,-31,5.1996728e+24,0.000000
10,2,7,5.1850412e+24,0.000000
10,3,16,5.16681e+24,0.000000
5,-4,-28,5.1631681e+24,0.000000
10,-4,34,5.1247455e+24,0.000000
8,-3,51,5.1209848e+24,0.000000
7,-2,-22,5.0830336e+24,0.000000
8,0,-18,5.0690989e+24,0.000000
8,0,18,5.0690989e+24,0.000000
4,4,-25,5.0466287e+24,0.000000
9,-1,-11,5.0400653e+24,0.000000
4,-2,41,5.0215705e+24,0.000000
9,2,26,5.0182877e+24,0.000000
4,3,-31,4.9935646e+24,0.000000
8,1,0,4.9654146e+24,0.000000
9,5,45,4.9649222e+24,0.000000
10,3,8,4.9618113e+24,0.000000
6,0,-48,4.9596063e+24,0.000000
6,0,48,4.9596063e+24,0.000000
5,-2,-31,4.9592562e+24,0.000000
9,-3,38,4.9590289e+24,0.000000
10,3,9,4.9357768e+24,0.000000
10,3,1,4.9319419e+24,0.000000
10,5,32,4.8997135e+24,0.000000
10,-2,15,4.8886999e+24,0.000000
3,3,-35,4.8513755e+24,0.000000
9,3,30,4.8266657e+24,0.000000
6,2,54,4.8203139e+24,0.000000
7,1,39,4.8184286e+24,0.000000
8,4,54,4.81633e+24,0.000000
10,2,15,4.8116324e+24,0.000000
5,4,-19,4.8044066e+24,0.000000
8,-2,-15,4.790676e+24,0.000000
9,1,-10,4.7530522e+24,0.000000
5,2,-29,4.7428763e+24,0.000000
9,1,-8,4.742212e+24,0.000000
10,7,50,4.7301359e+24,0.000000
10,6,42,4.7121114e+24,0.000000
10,-3,20,4.7100432e+24,0.000000
7,-4,-10,4.6334823e+24,0.000000
10,-5,38,4.6312027e+24,0.000000
8,-2,41,4.5835086e+24,0.000000
4,-1,-51,4.5700426e+24,0.000000
9,-1,-4,4.5641228e+24,0.000000
8,2,43,4.5637942e+24,0.000000
5,-2,-32,4.5410358e+24,0.000000
5,5,-13,4.5193378e+24,0.000000
2,2,-43,4.4879535e+24,0.000000
5,0,-55,4.4823262e+24,0.000000
5,0,55,4.4823262e+24,0.000000
7,-4,-11,4.4596053e+24,0.000000
10,3,17,4.4134935e+24,0.000000
8,-2,-11,4.4021777e+24,0.000000
8,1,30,4.3893438e+24,0.000000
7,0,-34,4.3762306e+24,0.000000
7,0,34,4.3762306e+24,0.000000
3,-2,-52,4.3730171e+24,0.000000
7,5,-9,4.3625123e+24,0.000000
6,-3,-20,4.3195062e+24,0.000000
9,2,27,4.310953e+24,0.000000
9,-3,39,4.2995878e+24,0.000000
8,2,-22,4.2846606e+24,0.000000
7,1,-35,4.2783512e+24,0.000000
10,2,9,4.2508513e+24,0.000000
6,-5,-10,4.2321557e+24,0.000000
5,3,-32,4.1867922e+24,0.000000
10,4,31,4.1510539e+24,0.000000
8,-1,0,4.1317561e+24,0.000000
7,-1,-2,4.1234762e+24,0.000000
6,-5,-8,4.1097935e+24,0.000000
10,-10,-10,4.0881813e+24,0.000000
7,-4,-9,3.9974951e+24,0.000000
5,-2,-33,3.996322e+24,0.000000
4,2,-40,3.9861156e+24,0.000000
5,2,-30,3.9591234e+24,0.000000
10,2,8,3.9277556e+24,0.000000
4,-3,-42,3.9175778e+24,0.000000
9,-1,26,3.9107731e+24,0.000000
9,6,50,3.9093393e+24,0.000000
8,3,49,3.8767849e+24,0.000000
4,-1,-52,3.8745591e+24,0.000000
3,2,-41,3.8727858e+24,0.000000
8,4,55,3.8695451e+24,0.000000
10,-4,-2,3.8413499e+24,0.000000
10,6,43,3.8359717e+24,0.000000
4,-4,-37,3.8279102e+24,0.000000
7,-4,-12,3.825694e+24,0.000000
9,1,-11,3.8163344e+24,0.000000
8,-2,-16,3.8131584e+24,0.000000
6,3,-24,3.7982899e+24,0.000000
10,5,33,3.7966199e+24,0.000000
10,7,51,3.7964678e+24,0.000000
7,3,-18,3.7893722e+24,0.000000
7,-5,-15,3.7885765e+24,0.000000
6,-4,-28,3.7867048e+24,0.000000
9,-1,-12,3.7834541e+24,0.000000
10,2,16,3.7728875e+24,0.000000
6,1,-39,3.7603486e+24,0.000000
4,1,-47,3.7471714e+24,0.000000
9,1,19,3.7360994e+24,0.000000
6,4,-22,3.7270595e+24,0.000000
10,-2,16,3.7068796e+24,0.000000
7,-1,-31,3.7041401e+24,0.000000
2,2,-44,3.6999243e+24,0.000000
6,-1,32,3.6656275e+24,0.000000
7,2,-24,3.6474897e+24,0.000000
9,1,20,3.6388376e+24,0.000000
9,-3,40,3.629095e+24,0.000000
10,3,18,3.6091377e+24,0.000000
9,2,28,3.6019143e+24,0.000000
7,-3,-16,3.5994346e+24,0.000000
8,-3,52,3.5954449e+24,0.000000
6,-5,-9,3.5915124e+24,0.000000
5,2,-31,3.5817085e+24,0.000000
5,-5,-25,3.5805507e+24,0.000000
6,-1,-27,3.5795442e+24,0.000000
3,-2,-53,3.5755557e+24,0.000000
6,-5,-11,3.5677848e+24,0.000000
9,1,18,3.5511299e+24,0.000000
9,-4,32,3.5337562e+24,0.000000
10,7,-5,3.4609646e+24,0.000000
8,1,-13,3.4588884e+24,0.000000
9,4,33,3.452431e+24,0.000000
8,4,-7,3.4265779e+24,0.000000
5,-3,-38,3.3880634e+24,0.000000
5,-2,-34,3.3794724e+24,0.000000
10,-4,35,3.3450303e+24,0.000000
9,1,21,3.3160445e+24,0.000000
9,1,15,3.3146475e+24,0.000000
5,1,-46,3.3017656e+24,0.000000
10,-3,21,3.290249e+24,0.000000
4,-2,-21,3.2825822e+24,0.000000
8,1,-17,3.2646511e+24,0.000000
6,-6,-18,3.2541293e+24,0.000000
6,0,-49,3.2487352e+24,0.000000
6,0,49,3.2487352e+24,0.000000
9,5,46,3.2485009e+24,0.000000
4,-1,-53,3.2409152e+24,0.000000
7,0,-35,3.2370683e+24,0.000000
7,0,35,3.2370683e+24,0.000000
10,7,52,3.215895e+24,0.000000
8,1,-18,3.2063501e+24,0.000000
5,2,-32,3.1995011e+24,0.000000
9,1,17,3.1449034e+24,0.000000
8,0,-19,3.1438506e+24,0.000000
8,0,19,3.1438506e+24,0.000000
7,2,47,3.1211927e+24,0.000000
8,1,-16,3.1099036e+24,0.000000
2,2,-45,3.099686e+24,0.000000
7,-2,48,3.0965578e+24,0.000000
8,-1,31,3.0903333e+24,0.000000
9,1,-7,3.090034e+24,0.000000
10,6,44,3.0826611e+24,0.000000
8,2,44,3.0706086e+24,0.000000
8,-2,42,3.0630977e+24,0.000000
3,-2,-54,3.0490746e+24,0.000000
6,-3,-21,3.0404533e+24,0.000000
7,-4,-13,3.0357027e+24,0.000000
9,-1,-7,3.0331866e+24,0.000000
10,4,32,3.0224987e+24,0.000000
7,4,-5,3.0140992e+24,0.000000
10,-5,39,3.003218e+24,0.000000
9,-3,41,2.9944466e+24,0.000000
7,-1,38,2.9860924e+24,0.000000
6,-1,33,2.9696236e+24,0.000000
8,1,-19,2.9591603e+24,0.000000
5,-1,-45,2.9446766e+24,0.000000
9,2,29,2.9369548e+24,0.000000
7,-2,-23,2.9239745e+24,0.000000
8,3,-3,2.9149239e+24,0.000000
10,5,34,2.8828634e+24,0.000000
8,-2,-17,2.8815322e+24,0.000000
4,3,-32,2.8633257e+24,0.000000
9,1,22,2.860452e+24,0.000000
9,3,31,2.845309e+24,0.000000
8,-1,-12,2.8386884e+24,0.000000
8,1,-15,2.8300501e+24,0.000000
10,3,19,2.829962e+24,0.000000
9,1,16,2.8248049e+24,0.000000
9,-1,27,2.8214371e+24,0.000000
5,-4,-29,2.8208972e+24,0.000000
4,2,-41,2.7964055e+24,0.000000
9,1,-12,2.7896318e+24,0.000000
10,2,17,2.7892604e+24,0.000000
8,3,50,2.7871329e+24,0.000000
5,-2,-35,2.7618501e+24,0.000000
5,2,-33,2.7516387e+24,0.000000
6,-1,34,2.7506128e+24,0.000000
8,1,-14,2.7290454e+24,0.000000
9,4,39,2.7110727e+24,0.000000
8,2,-23,2.6999441e+24,0.000000
7,1,-36,2.6972142e+24,0.000000
9,4,38,2.6821173e+24,0.000000
3,-2,-55,2.6813394e+24,0.000000
10,-2,17,2.6701432e+24,0.000000
3,3,-36,2.6600111e+24,0.000000
9,4,40,2.6558022e+24,0.000000
4,-1,-54,2.6553848e+24,0.000000
5,4,-20,2.6363886e+24,0.000000
2,2,-46,2.6242673e+24,0.000000
9,6,51,2.6216989e+24,0.000000
8,-2,-10,2.620884e+24,0.000000
6,-5,-12,2.617677e+24,0.000000
6,-1,35,2.6146947e+24,0.000000
6,-2,-32,2.6116751e+24,0.000000
9,-1,-13,2.6095059e+24,0.000000
9,4,34,2.6039515e+24,0.000000
7,4,-9,2.5995834e+24,0.000000
7,3,-4,2.5905494e+24,0.000000
8,1,-20,2.5898645e+24,0.000000
9,4,37,2.5729426e+24,0.000000
8,1,31,2.5313316e+24,0.000000
9,4,41,2.5240479e+24,0.000000
8,-3,53,2.5227378e+24,0.000000
4,1,-48,2.5192015e+24,0.000000
8,-1,-3,2.5138242e+24,0.000000
7,5,-10,2.4902468e+24,0.000000
3,2,-42,2.4829175e+24,0.000000
6,3,-25,2.4762947e+24,0.000000
10,-9,-9,2.471252e+24,0.000000
4,4,-26,2.4707392e+24,0.000000
5,3,-33,2.4671169e+24,0.000000
10,6,45,2.4450124e+24,0.000000
9,4,36,2.4362579e+24,0.000000
6,-1,36,2.4337254e+24,0.000000
7,-4,-8,2.4313468e+24,0.000000
9,-3,42,2.4236026e+24,0.000000
7,-1,-32,2.4173922e+24,0.000000
7,4,-10,2.3878725e+24,0.000000
9,4,35,2.3791223e+24,0.000000
7,0,-36,2.3704228e+24,0.000000
7,0,36,2.3704228e+24,0.000000
9,1,23,2.3582133e+24,0.000000
9,2,30,2.3434953e+24,0.000000
9,4,42,2.3345801e+24,0.000000
4,-3,-43,2.3293579e+24,0.000000
10,7,53,2.2908011e+24,0.000000
4,-2,42,2.2802367e+24,0.000000
7,-4,-14,2.2774099e+24,0.000000
5,2,-34,2.2766569e+24,0.000000
6,-1,-28,2.255357e+24,0.000000
2,2,-47,2.2351819e+24,0.000000
7,1,40,2.2281867e+24,0.000000
7,4,-8,2.2263203e+24,0.000000
6,2,-32,2.2218839e+24,0.000000
10,-3,22,2.2099838e+24,0.000000
5,-5,-26,2.1996019e+24,0.000000
5,-2,-36,2.1946495e+24,0.000000
6,-1,37,2.1916583e+24,0.000000
6,1,-40,2.1713822e+24,0.000000
8,1,-21,2.168256e+24,0.000000
10,4,33,2.1516383e+24,0.000000
10,5,35,2.1445027e+24,0.000000
10,-4,36,2.1369972e+24,0.000000
9,3,32,2.136093e+24,0.000000
9,5,47,2.1317439e+24,0.000000
10,3,20,2.1298356e+24,0.000000
4,-1,-55,2.1250332e+24,0.000000
6,-4,-29,2.1212018e+24,0.000000
6,0,-50,2.1114717e+24,0.000000
6,0,50,2.1114717e+24,0.000000
9,-4,33,2.1100737e+24,0.000000
6,-3,-22,2.1090303e+24,0.000000
9,4,43,2.1081402e+24,0.000000
9,3,35,2.1030924e+24,0.000000
5,5,-14,2.0934876e+24,0.000000
9,3,36,2.0903857e+24,0.000000
8,-2,-18,2.0894807e+24,0.000000
4,-4,-38,2.0841578e+24,0.000000
8,2,45,2.055555e+24,0.000000
9,3,34,2.0482047e+24,0.000000
6,4,-23,2.0434748e+24,0.000000
5,-3,-39,2.0431031e+24,0.000000
8,-2,43,2.037115e+24,0.000000
7,-5,-16,2.0310318e+24,0.000000
5,1,-47,2.0018144e+24,0.000000
8,-2,-9,1.9981909e+24,0.000000
9,3,37,1.9977347e+24,0.000000
9,3,33,1.9975096e+24,0.000000
9,-1,28,1.9926759e+24,0.000000
7,2,-25,1.9842987e+24,0.000000
9,-2,4,1.9725559e+24,0.000000
10,2,18,1.9503424e+24,0.000000
7,4,-11,1.949333e+24,0.000000
4,2,-42,1.9335601e+24,0.000000
9,-3,43,1.9300307e+24,0.000000
8,3,51,1.9217386e+24,0.000000
10,6,46,1.915324e+24,0.000000
6,-1,38,1.9108406e+24,0.000000
2,2,-48,1.9089411e+24,0.000000
10,-5,40,1.9026466e+24,0.000000
4,1,-49,1.9019854e+24,0.000000
9,1,-13,1.8876548e+24,0.000000
8,0,-20,1.8856104e+24,0.000000
8,0,20,1.8856104e+24,0.000000
9,1,24,1.8719882e+24,0.000000
9,4,44,1.8641177e+24,0.000000
9,3,38,1.8400266e+24,0.000000
7,-5,-7,1.8371282e+24,0.000000
9,2,31,1.8340528e+24,0.000000
10,-2,18,1.8278256e+24,0.000000
5,2,-35,1.8219698e+24,0.000000
6,-5,-13,1.8050859e+24,0.000000
9,1,-5,1.7937837e+24,0.000000
7,2,48,1.7798129e+24,0.000000
6,-6,-19,1.7755559e+24,0.000000
10,7,54,1.7733847e+24,0.000000
8,-3,54,1.7690154e+24,0.000000
9,6,52,1.7635468e+24,0.000000
8,1,-22,1.7491532e+24,0.000000
7,-2,49,1.7251872e+24,0.000000
7,0,-37,1.7208185e+24,0.000000
7,0,37,1.7208185e+24,0.000000
8,-1,32,1.71852e+24,0.000000
5,-2,-37,1.7045005e+24,0.000000
5,-1,-46,1.7007027e+24,0.000000
7,1,-37,1.6912648e+24,0.000000
8,2,-24,1.6731811e+24,0.000000
9,-1,-14,1.6710864e+24,0.000000
7,-2,-24,1.6515267e+24,0.000000
4,3,-33,1.6444357e+24,0.000000
9,3,39,1.6408749e+24,0.000000
7,-4,-15,1.6380937e+24,0.000000
2,2,-49,1.6310128e+24,0.000000
6,-1,39,1.6197399e+24,0.000000
9,4,45,1.6181994e+24,0.000000
9,-1,-5,1.6062918e+24,0.000000
6,3,-26,1.601387e+24,0.000000
3,2,-43,1.5846792e+24,0.000000
7,-1,-33,1.5669869e+24,0.000000
10,5,36,1.5619782e+24,0.000000
4,1,-50,1.5492532e+24,0.000000
10,3,21,1.5389178e+24,0.000000
8,-1,-18,1.537266e+24,0.000000
5,-4,-30,1.5355582e+24,0.000000
8,-1,-17,1.524762e+24,0.000000
9,-3,44,1.5159195e+24,0.000000
9,-4,34,1.5037376e+24,0.000000
10,4,34,1.4977231e+24,0.000000
8,-1,-13,1.4930992e+24,0.000000
7,4,-12,1.4851461e+24,0.000000
10,6,47,1.4838454e+24,0.000000
8,4,-8,1.4774663e+24,0.000000
7,-3,-17,1.473018e+24,0.000000
3,3,-37,1.466034e+24,0.000000
4,-2,-22,1.4659115e+24,0.000000
8,-2,-19,1.4650788e+24,0.000000
5,3,-34,1.4525917e+24,0.000000
8,-1,-19,1.4469275e+24,0.000000
8,3,-8,1.4458878e+24,0.000000
6,-3,-23,1.4451825e+24,0.000000
7,3,-19,1.443953e+24,0.000000
9,1,25,1.439179e+24,0.000000
5,4,-21,1.4380109e+24,0.000000
8,3,52,1.4322475e+24,0.000000
10,-3,23,1.4240473e+24,0.000000
9,3,40,1.4233223e+24,0.000000
8,1,32,1.4230592e+24,0.000000
5,2,-36,1.4187241e+24,0.000000
9,5,48,1.4154478e+24,0.000000
6,-1,-29,1.4128136e+24,0.000000
9,2,32,1.4104237e+24,0.000000
8,-1,-16,1.4006235e+24,0.000000
2,2,-50,1.3920641e+24,0.000000
4,-3,-44,1.3854841e+24,0.000000
9,4,46,1.3823253e+24,0.000000
7,-1,39,1.3819275e+24,0.000000
9,-1,29,1.3808824e+24,0.000000
10,3,-1,1.3780308e+24,0.000000
8,3,-7,1.3753384e+24,0.000000
10,7,55,1.373199e+24,0.000000
8,2,46,1.3688472e+24,0.000000
8,1,-23,1.3676945e+24,0.000000
6,0,-51,1.3616976e+24,0.000000
6,0,51,1.3616976e+24,0.000000
5,-5,-27,1.3548372e+24,0.000000
8,-2,44,1.3484395e+24,0.000000
7,5,-11,1.3423627e+24,0.000000
6,-1,40,1.3410297e+24,0.000000
10,-4,37,1.3361406e+24,0.000000
4,2,-43,1.3251359e+24,0.000000
5,1,-48,1.3212016e+24,0.000000
9,-4,38,1.3185158e+24,0.000000
9,-4,37,1.3110776e+24,0.000000
9,-4,35,1.3088863e+24,0.000000
4,1,-51,1.3032744e+24,0.000000
5,-2,-38,1.2992184e+24,0.000000
10,2,19,1.2914346e+24,0.000000
9,-4,39,1.2881211e+24,0.000000
9,-4,36,1.2875403e+24,0.000000
8,-1,-20,1.2866019e+24,0.000000
7,0,-38,1.2399123e+24,0.000000
7,0,38,1.2399123e+24,0.000000
8,-3,55,1.2395144e+24,0.000000
6,1,-41,1.2380103e+24,0.000000
6,6,-9,1.2306129e+24,0.000000
5,-3,-40,1.2299694e+24,0.000000
9,-3,-2,1.2288733e+24,0.000000
9,-4,40,1.2189541e+24,0.000000
9,-2,2,1.2181659e+24,0.000000
8,-1,-15,1.2163521e+24,0.000000
6,-5,-14,1.2118666e+24,0.000000
4,4,-27,1.2108781e+24,0.000000
7,-2,-2,1.2079209e+24,0.000000
9,3,41,1.2059066e+24,0.000000
9,6,53,1.2005785e+24,0.000000
8,3,-9,1.2001358e+24,0.000000
9,1,-14,1.19233e+24,0.000000
10,-2,19,1.18818e+24,0.000000
6,-4,-30,1.1864663e+24,0.000000
2,2,-51,1.1858115e+24,0.000000
10,-5,41,1.1773922e+24,0.000000
9,-3,45,1.1770724e+24,0.000000
4,-4,-39,1.1756447e+24,0.000000
9,4,47,1.1632882e+24,0.000000
8,-2,-4,1.1514385e+24,0.000000
7,-4,-16,1.1404991e+24,0.000000
10,6,48,1.1378959e+24,0.000000
8,-1,-14,1.1355184e+24,0.000000
9,1,-6,1.1233683e+24,0.000000
9,-4,41,1.1195071e+24,0.000000
6,4,-24,1.1156066e+24,0.000000
10,5,37,1.1131382e+24,0.000000
10,10,-7,1.1091923e+24,0.000000
4,1,-52,1.0989154e+24,0.000000
7,1,41,1.0959715e+24,0.000000
8,0,-21,1.0941783e+24,0.000000
8,0,21,1.0941783e+24,0.000000
8,-1,-21,1.0920611e+24,0.000000
6,-1,41,1.0889421e+24,0.000000
9,-2,5,1.088292e+24,0.000000
7,4,-13,1.0810157e+24,0.000000
5,2,-37,1.0803876e+24,0.000000
9,1,26,1.0763137e+24,0.000000
9,2,33,1.0674356e+24,0.000000
10,3,22,1.0669983e+24,0.000000
7,-5,-17,1.0645806e+24,0.000000
6,-2,-33,1.0642465e+24,0.000000
7,2,-26,1.0565477e+24,0.000000
7,1,-38,1.0545501e+24,0.000000
5,-1,-47,1.0442502e+24,0.000000
8,1,-24,1.0415236e+24,0.000000
6,3,-27,1.028581e+24,0.000000
8,3,53,1.0254108e+24,0.000000
8,2,-25,1.0214815e+24,0.000000
10,4,35,1.0194162e+24,0.000000
7,2,49,1.0151374e+24,0.000000
5,5,-15,1.0132612e+24,0.000000
7,-1,-34,1.0095078e+24,0.000000
3,2,-44,1.0079885e+24,0.000000
2,2,-52,1.0076525e+24,0.000000
10,9,-6,1.0033208e+24,0.000000
9,3,42,1.0013543e+24,0.000000
9,-4,42,1.0011474e+24,0.000000
8,-2,-20,9.9899574e+23,0.000000
9,-1,-15,9.9815721e+23,0.000000
4,-2,43,9.8175296e+23,0.000000
6,-3,-24,9.8020816e+23,0.000000
7,-2,50,9.7834737e+23,0.000000
5,-2,-39,9.7499502e+23,0.000000
6,-6,-20,9.6912544e+23,0.000000
7,4,-7,9.6736346e+23,0.000000
9,4,48,9.668052e+23,0.000000
10,-1,2,9.6312179e+23,0.000000
9,5,49,9.5906125e+23,0.000000
5,1,-49,9.5168395e+23,0.000000
4,3,-34,9.4582501e+23,0.000000
9,-1,30,9.4042749e+23,0.000000
10,-5,-3,9.3610525e+23,0.000000
8,-1,33,9.3133538e+23,0.000000
7,-2,-25,9.1515076e+23,0.000000
4,1,-53,9.142147e+23,0.000000
8,2,47,9.0666078e+23,0.000000
4,2,-44,9.0636031e+23,0.000000
9,-3,46,9.0523206e+23,0.000000
6,6,-10,8.9706183e+23,0.000000
8,-1,-22,8.9216854e+23,0.000000
8,-2,45,8.8845032e+23,0.000000
7,0,-39,8.8761857e+23,0.000000
7,0,39,8.8761857e+23,0.000000
6,2,-33,8.8644957e+23,0.000000
6,-1,-30,8.802498e+23,0.000000
10,-3,24,8.7839845e+23,0.000000
9,-4,43,8.7468105e+23,0.000000
8,3,-10,8.74537e+23,0.000000
6,0,-52,8.7120783e+23,0.000000
6,0,52,8.7120783e+23,0.000000
6,-1,42,8.7029571e+23,0.000000
9,-1,-6,8.6769829e+23,0.000000
10,6,49,8.6434794e+23,0.000000
5,3,-35,8.5451005e+23,0.000000
2,2,-53,8.5399389e+23,0.000000
9,6,54,8.364035e+23,0.000000
5,-5,-28,8.361756e+23,0.000000
5,-4,-31,8.3198768e+23,0.000000
4,-3,-45,8.2488689e+23,0.000000
10,-4,38,8.1777122e+23,0.000000
9,3,43,8.1744693e+23,0.000000
3,3,-38,8.1256392e+23,0.000000
10,2,20,8.0931306e+23,0.000000
5,2,-38,8.0788187e+23,0.000000
6,-5,-15,8.0574316e+23,0.000000
9,2,34,7.960656e+23,0.000000
9,1,27,7.8581115e+23,0.000000
5,4,-22,7.7977311e+23,0.000000
8,1,33,7.7958868e+23,0.000000
10,5,38,7.7548032e+23,0.000000
8,1,-25,7.7543749e+23,0.000000
7,-4,-17,7.7386764e+23,0.000000
9,-9,-10,7.7052527e+23,0.000000
7,4,-14,7.6118314e+23,0.000000
9,-4,44,7.4883734e+23,0.000000
9,-2,6,7.4595187e+23,0.000000
4,1,-54,7.4492038e+23,0.000000
5,-3,-41,7.3915216e+23,0.000000
5,1,-50,7.3887278e+23,0.000000
8,3,54,7.3380552e+23,0.000000
9,-2,1,7.3256313e+23,0.000000
10,-2,20,7.320554e+23,0.000000
5,-2,-40,7.2212345e+23,0.000000
2,2,-54,7.2182381e+23,0.000000
10,-5,42,7.1288824e+23,0.000000
9,4,49,7.1190418e+23,0.000000
7,5,-12,7.1049628e+23,0.000000
8,3,-6,7.0939159e+23,0.000000
10,3,23,7.0901745e+23,0.000000
8,-1,-23,7.0607815e+23,0.000000
9,1,-15,7.0512833e+23,0.000000
4,-4,-40,6.9903882e+23,0.000000
10,2,0,6.971553e+23,0.000000
5,-1,-48,6.966081e+23,0.000000
6,1,-42,6.951282e+23,0.000000
9,-3,47,6.907676e+23,0.000000
6,-1,43,6.8657063e+23,0.000000
10,4,36,6.7832614e+23,0.000000
9,5,50,6.7152221e+23,0.000000
8,-2,-21,6.6532866e+23,0.000000
7,1,42,6.6112534e+23,0.000000
6,-4,-31,6.6012299e+23,0.000000
6,-3,-25,6.5914377e+23,0.000000
9,3,44,6.5763776e+23,0.000000
6,3,-28,6.56927e+23,0.000000
10,6,-5,6.5544785e+23,0.000000
7,1,-39,6.5374798e+23,0.000000
10,6,50,6.5089898e+23,0.000000
7,-1,-35,6.4655568e+23,0.000000
9,4,50,6.4644158e+23,0.000000
4,-2,-23,6.4199603e+23,0.000000
3,2,-45,6.4023717e+23,0.000000
7,3,-20,6.3301639e+23,0.000000
7,0,-40,6.3183454e+23,0.000000
7,0,40,6.3183454e+23,0.000000
7,-1,40,6.3103424e+23,0.000000
9,-1,31,6.3040016e+23,0.000000
9,-4,45,6.2985395e+23,0.000000
4,2,-45,6.2394694e+23,0.000000
8,2,-26,6.1507371e+23,0.000000
8,0,-22,6.1393234e+23,0.000000
8,0,22,6.1393234e+23,0.000000
2,2,-55,6.0851097e+23,0.000000
9,0,-11,6.0706827e+23,0.000000
9,0,11,6.0706827e+23,0.000000
6,4,-25,6.0671679e+23,0.000000
9,6,55,6.0376579e+23,0.000000
5,1,-51,6.0076743e+23,0.000000
8,2,48,5.9654366e+23,0.000000
5,2,-39,5.95071e+23,0.000000
4,4,-28,5.9412993e+23,0.000000
4,1,-55,5.9280958e+23,0.000000
7,-4,-7,5.9173032e+23,0.000000
7,2,50,5.9064718e+23,0.000000
7,-2,51,5.8669662e+23,0.000000
9,2,35,5.8564866e+23,0.000000
9,0,-10,5.8488172e+23,0.000000
9,0,10,5.8488172e+23,0.000000
8,3,-11,5.8334129e+23,0.000000
8,-2,46,5.8251562e+23,0.000000
9,0,-12,5.7690616e+23,0.000000
9,0,12,5.7690616e+23,0.000000
9,0,-3,5.7237222e+23,0.000000
9,0,3,5.7237222e+23,0.000000
8,1,-26,5.6624627e+23,0.000000
7,-4,-5,5.6189037e+23,0.000000
7,-3,-18,5.6157501e+23,0.000000
9,1,28,5.6157397e+23,0.000000
6,0,-53,5.5706623e+23,0.000000
6,0,53,5.5706623e+23,0.000000
9,-1,-16,5.5617899e+23,0.000000
7,2,-27,5.4951573e+23,0.000000
9,-2,7,5.4802065e+23,0.000000
7,-5,-18,5.4653887e+23,0.000000
6,-3,-4,5.4580358e+23,0.000000
6,-1,-31,5.4561824e+23,0.000000
4,3,-35,5.4474437e+23,0.000000
8,-1,-24,5.4409533e+23,0.000000
7,1,46,5.4201632e+23,0.000000
6,-1,44,5.3591734e+23,0.000000
6,-5,-16,5.3485164e+23,0.000000
7,1,45,5.3407104e+23,0.000000
7,1,47,5.3324848e+23,0.000000
7,1,43,5.327046e+23,0.000000
6,-6,-21,5.2981534e+23,0.000000
5,-2,-41,5.2881524e+23,0.000000
10,5,39,5.2763023e+23,0.000000
9,0,-4,5.2649349e+23,0.000000
9,0,4,5.2649349e+23,0.000000
8,3,55,5.2471501e+23,0.000000
9,-3,48,5.2387014e+23,0.000000
9,3,45,5.2261896e+23,0.000000
7,4,-15,5.2219893e+23,0.000000
9,-4,46,5.2164283e+23,0.000000
9,4,51,5.213426e+23,0.000000
7,1,44,5.1939207e+23,0.000000
10,-3,25,5.1816681e+23,0.000000
5,-5,-29,5.1693268e+23,0.000000
7,-4,-18,5.1432834e+23,0.000000
9,0,-13,5.100952e+23,0.000000
9,0,13,5.100952e+23,0.000000
5,5,-16,5.1001191e+23,0.000000
7,1,48,5.082887e+23,0.000000
5,-1,-49,5.073456e+23,0.000000
9,0,-9,5.0404029e+23,0.000000
9,0,9,5.0404029e+23,0.000000
5,3,-36,5.0224817e+23,0.000000
5,1,-52,4.9804312e+23,0.000000
6,6,-11,4.9785576e+23,0.000000
7,-2,-26,4.9678546e+23,0.000000
8,-1,34,4.9301555e+23,0.000000
4,-3,-46,4.9208874e+23,0.000000
10,-4,39,4.9057522e+23,0.000000
9,5,51,4.8946861e+23,0.000000
10,6,51,4.8640815e+23,0.000000
10,2,21,4.7891243e+23,0.000000
7,1,49,4.7143835e+23,0.000000
8,-4,-4,4.6671182e+23,0.000000
3,3,-39,4.5326621e+23,0.000000
10,3,24,4.5082376e+23,0.000000
5,-4,-32,4.4851832e+23,0.000000
7,0,-41,4.4752858e+23,0.000000
7,0,41,4.4752858e+23,0.000000
4,-4,-41,4.4606756e+23,0.000000
5,-3,-42,4.4369079e+23,0.000000
10,4,37,4.4124194e+23,0.000000
6,-3,-26,4.4003799e+23,0.000000
4,2,-46,4.3698151e+23,0.000000
8,-2,-22,4.3423438e+23,0.000000
5,2,-40,4.3279657e+23,0.000000
9,-4,47,4.2620455e+23,0.000000
10,-2,21,4.2619579e+23,0.000000
7,1,50,4.2589611e+23,0.000000
9,2,36,4.2541435e+23,0.000000
10,-5,43,4.2494616e+23,0.000000
9,0,-14,4.242702e+23,0.000000
9,0,14,4.242702e+23,0.000000
5,4,-23,4.2048803e+23,0.000000
6,3,-29,4.1759947e+23,0.000000
9,4,52,4.1733097e+23,0.000000
8,1,34,4.1718875e+23,0.000000
9,-1,32,4.1630238e+23,0.000000
6,-1,45,4.1472138e+23,0.000000
5,1,-53,4.1448316e+23,0.000000
4,-2,44,4.1241441e+23,0.000000
7,-1,-36,4.1177091e+23,0.000000
9,3,46,4.1104225e+23,0.000000
9,-2,8,4.1035435e+23,0.000000
8,-1,-25,4.0988255e+23,0.000000
3,2,-46,4.0736491e+23,0.000000
8,1,-27,4.0660251e+23,0.000000
9,3,-10,4.0452233e+23,0.000000
7,1,-40,4.0264291e+23,0.000000
10,0,-6,4.0170072e+23,0.000000
10,0,6,4.0170072e+23,0.000000
9,3,-11,4.0010813e+23,0.000000
5,-1,-50,3.9692058e+23,0.000000
9,-3,49,3.9544189e+23,0.000000
7,3,-21,3.9409889e+23,0.000000
9,1,29,3.937255e+23,0.000000
7,-2,52,3.923675e+23,0.000000
8,4,-9,3.9231473e+23,0.000000
6,-2,-34,3.9204496e+23,0.000000
9,1,-16,3.9002349e+23,0.000000
8,2,49,3.8953688e+23,0.000000
5,-2,-42,3.8341538e+23,0.000000
6,1,-43,3.8319394e+23,0.000000
7,1,51,3.8018487e+23,0.000000
8,-2,47,3.7987922e+23,0.000000
9,0,-8,3.7735451e+23,0.000000
9,0,8,3.7735451e+23,0.000000
7,5,-13,3.7279936e+23,0.000000
9,5,52,3.722803e+23,0.000000
6,-4,-32,3.6873751e+23,0.000000
9,3,-6,3.6771524e+23,0.000000
8,2,-27,3.6570316e+23,0.000000
10,0,-7,3.6372322e+23,0.000000
10,0,7,3.6372322e+23,0.000000
7,2,51,3.6344229e+23,0.000000
8,3,-12,3.6281212e+23,0.000000
10,6,52,3.6112744e+23,0.000000
6,-5,-17,3.5566454e+23,0.000000
9,-8,-9,3.5564682e+23,0.000000
7,4,-16,3.5054703e+23,0.000000
10,5,40,3.5038249e+23,0.000000
9,-4,48,3.4410993e+23,0.000000
5,1,-54,3.4235049e+23,0.000000
9,3,-12,3.4199704e+23,0.000000
6,-1,-32,3.3649882e+23,0.000000
7,-4,-19,3.3610485e+23,0.000000
9,0,-15,3.3448683e+23,0.000000
9,0,15,3.3448683e+23,0.000000
8,0,-23,3.3253575e+23,0.000000
8,0,23,3.3253575e+23,0.000000
7,1,52,3.3235556e+23,0.000000
9,4,53,3.3216504e+23,0.000000
7,3,-22,3.3193695e+23,0.000000
6,4,-26,3.2886913e+23,0.000000
5,-1,-51,3.2483926e+23,0.000000
9,3,47,3.2053842e+23,0.000000
5,-5,-30,3.199167e+23,0.000000
6,2,-34,3.1960897e+23,0.000000
6,-1,46,3.1868237e+23,0.000000
7,0,-42,3.1559062e+23,0.000000
7,0,42,3.1559062e+23,0.000000
9,3,-9,3.1557412e+23,0.000000
4,2,-47,3.1505431e+23,0.000000
4,3,-36,3.141125e+23,0.000000
10,-6,-7,3.1139006e+23,0.000000
5,2,-41,3.113703e+23,0.000000
4,-4,-42,3.0923903e+23,0.000000
7,-1,41,3.0588912e+23,0.000000
9,2,37,3.0536283e+23,0.000000
9,-2,9,3.0497498e+23,0.000000
7,-2,53,3.0417001e+23,0.000000
7,3,-23,3.0388944e+23,0.000000
8,-1,-26,3.0284129e+23,0.000000
9,-3,50,2.9749156e+23,0.000000
5,3,-37,2.948762e+23,0.000000
4,-3,-47,2.9453563e+23,0.000000
9,5,53,2.9437489e+23,0.000000
10,-3,26,2.9336958e+23,0.000000
6,-3,-27,2.9196782e+23,0.000000
4,4,-29,2.9189386e+23,0.000000
6,-6,-22,2.9036735e+23,0.000000
10,-4,40,2.8946012e+23,0.000000
9,-1,-17,2.8803387e+23,0.000000
7,1,53,2.878546e+23,0.000000
8,1,-28,2.8773089e+23,0.000000
9,-5,-5,2.8767248e+23,0.000000
8,-5,-6,2.8475632e+23,0.000000
10,0,-5,2.8093368e+23,0.000000
10,0,5,2.8093368e+23,0.000000
10,4,38,2.806835e+23,0.000000
5,1,-55,2.7899213e+23,0.000000
8,-2,-23,2.7846519e+23,0.000000
7,2,-28,2.7840006e+23,0.000000
5,-2,-43,2.7550396e+23,0.000000
7,-5,-19,2.7498428e+23,0.000000
9,-4,49,2.7494852e+23,0.000000
4,-2,-24,2.7424382e+23,0.000000
9,0,-5,2.7414532e+23,0.000000
9,0,5,2.7414532e+23,0.000000
10,3,25,2.7409439e+23,0.000000
5,-1,-52,2.712603e+23,0.000000
9,1,30,2.7124445e+23,0.000000
9,-1,33,2.7112759e+23,0.000000
7,3,-24,2.7044059e+23,0.000000
7,-2,54,2.7038373e+23,0.000000
9,5,-5,2.6939404e+23,0.000000
10,2,22,2.6676923e+23,0.000000
10,6,53,2.6664936e+23,0.000000
5,-3,-43,2.6624503e+23,0.000000
9,3,-13,2.6577715e+23,0.000000
5,5,-17,2.6548564e+23,0.000000
6,3,-30,2.6443374e+23,0.000000
7,-2,-27,2.63608e+23,0.000000
9,4,54,2.6273104e+23,0.000000
7,-2,55,2.6211586e+23,0.000000
3,2,-47,2.6095733e+23,0.000000
7,-1,-37,2.6077122e+23,0.000000
6,6,-12,2.5828585e+23,0.000000
8,-1,35,2.5726344e+23,0.000000
10,-1,5,2.569058e+23,0.000000
3,3,-40,2.5478015e+23,0.000000
10,0,-8,2.5355773e+23,0.000000
10,0,8,2.5355773e+23,0.000000
10,-5,44,2.5320785e+23,0.000000
10,-1,6,2.5256524e+23,0.000000
8,2,50,2.5166479e+23,0.000000
9,0,-16,2.5128579e+23,0.000000
9,0,16,2.5128579e+23,0.000000
9,3,48,2.4825924e+23,0.000000
7,2,52,2.4821498e+23,0.000000
7,1,-41,2.46213e+23,0.000000
8,-2,48,2.4618895e+23,0.000000
9,0,-7,2.4614118e+23,0.000000
9,0,7,2.4614118e+23,0.000000
6,-1,47,2.4347462e+23,0.000000
8,-3,-9,2.4028531e+23,0.000000
5,-4,-33,2.4013691e+23,0.000000
9,5,54,2.3959099e+23,0.000000
10,-2,0,2.3813675e+23,0.000000
6,-5,-18,2.3715393e+23,0.000000
4,2,-48,2.3647085e+23,0.000000
8,-3,-8,2.3411824e+23,0.000000
10,-2,22,2.3369858e+23,0.000000
8,8,-8,2.3346814e+23,0.000000
4,-4,-43,2.3298918e+23,0.000000
6,0,-55,2.3259666e+23,0.000000
6,0,55,2.3259666e+23,0.000000
9,9,-8,2.3244159e+23,0.000000
7,4,-17,2.3090064e+23,0.000000
7,3,-25,2.2828443e+23,0.000000
10,5,41,2.2715994e+23,0.000000
5,-1,-53,2.2713765e+23,0.000000
5,4,-24,2.2556622e+23,0.000000
10,0,-3,2.2374423e+23,0.000000
10,0,3,2.2374423e+23,0.000000
9,-3,51,2.234273e+23,0.000000
5,2,-42,2.2188539e+23,0.000000
7,0,-43,2.2166654e+23,0.000000
7,0,43,2.2166654e+23,0.000000
9,-2,10,2.2134507e+23,0.000000
8,1,35,2.201443e+23,0.000000
8,-1,-27,2.2002373e+23,0.000000
10,-1,7,2.1930856e+23,0.000000
10,4,-3,2.189365e+23,0.000000
9,-4,50,2.1770125e+23,0.000000
9,2,38,2.1675211e+23,0.000000
7,-4,-20,2.1659726e+23,0.000000
8,2,-28,2.1477629e+23,0.000000
8,3,-13,2.1205472e+23,0.000000
7,1,55,2.0757578e+23,0.000000
9,4,55,2.070439e+23,0.000000
6,1,-44,2.0669567e+23,0.000000
6,-1,-33,2.06481e+23,0.000000
8,4,-13,2.0546194e+23,0.000000
7,-3,-19,2.0529007e+23,0.000000
6,-4,-33,2.0466362e+23,0.000000
10,-1,4,2.0452539e+23,0.000000
8,-3,-10,2.0354869e+23,0.000000
8,1,-29,2.0101237e+23,0.000000
9,1,-17,2.0089017e+23,0.000000
7,1,54,2.0016625e+23,0.000000
9,5,55,1.9953715e+23,0.000000
5,-5,-31,1.9826673e+23,0.000000
10,6,54,1.9671954e+23,0.000000
5,-2,-44,1.9632383e+23,0.000000
8,4,-14,1.9489071e+23,0.000000
4,-2,45,1.9475376e+23,0.000000
7,2,53,1.9475365e+23,0.000000
8,7,-7,1.9426896e+23,0.000000
7,5,-14,1.9425122e+23,0.000000
9,3,-14,1.9276257e+23,0.000000
6,-3,-28,1.9271237e+23,0.000000
9,2,-1,1.9071933e+23,0.000000
5,-1,-54,1.8868568e+23,0.000000
4,-4,-44,1.8853378e+23,0.000000
8,4,-12,1.8705166e+23,0.000000
4,2,-49,1.8607541e+23,0.000000
6,-1,48,1.8515376e+23,0.000000
7,1,-1,1.8419896e+23,0.000000
9,1,31,1.8389468e+23,0.000000
7,3,-26,1.8338141e+23,0.000000
9,0,-6,1.8321167e+23,0.000000
9,0,6,1.8321167e+23,0.000000
7,-1,42,1.8200558e+23,0.000000
8,2,-2,1.8167713e+23,0.000000
4,3,-37,1.8130044e+23,0.000000
6,5,-7,1.8127055e+23,0.000000
9,0,-17,1.8055463e+23,0.000000
9,0,17,1.8055463e+23,0.000000
6,4,-27,1.7773543e+23,0.000000
4,-3,-48,1.7718686e+23,0.000000
8,-2,-24,1.7580359e+23,0.000000
10,4,39,1.7486503e+23,0.000000
10,-1,8,1.7452586e+23,0.000000
9,-1,34,1.7420213e+23,0.000000
8,0,-24,1.7338248e+23,0.000000
8,0,24,1.7338248e+23,0.000000
5,3,-38,1.7293631e+23,0.000000
7,2,54,1.7267371e+23,0.000000
4,-2,50,1.717663e+23,0.000000
9,-4,51,1.7102642e+23,0.000000
3,2,-48,1.6956212e+23,0.000000
10,-4,41,1.6933067e+23,0.000000
4,-2,51,1.6879504e+23,0.000000
9,-3,52,1.6764446e+23,0.000000
8,4,-15,1.673772e+23,0.000000
6,3,-31,1.6691246e+23,0.000000
4,-2,49,1.6598132e+23,0.000000
7,-1,-38,1.6417987e+23,0.000000
8,-3,-7,1.630908e+23,0.000000
10,-3,27,1.6214763e+23,0.000000
8,2,51,1.6099818e+23,0.000000
4,-4,-45,1.6091486e+23,0.000000
7,6,-7,1.6057011e+23,0.000000
5,-3,-44,1.5994764e+23,0.000000
10,3,26,1.5992247e+23,0.000000
6,-6,-23,1.5961071e+23,0.000000
4,-2,52,1.5894022e+23,0.000000
6,-5,-19,1.5852351e+23,0.000000
8,-2,49,1.583506e+23,0.000000
8,-4,-7,1.5769368e+23,0.000000
8,-1,-28,1.5752809e+23,0.000000
5,2,-43,1.567647e+23,0.000000
10,-5,45,1.5548283e+23,0.000000
9,-2,11,1.5523547e+23,0.000000
7,0,-44,1.551266e+23,0.000000
7,0,44,1.551266e+23,0.000000
5,-1,-55,1.5472404e+23,0.000000
9,8,-7,1.5376173e+23,0.000000
4,2,-50,1.5356813e+23,0.000000
9,2,39,1.5224097e+23,0.000000
9,1,-3,1.5218883e+23,0.000000
4,-2,48,1.5172675e+23,0.000000
8,-3,-11,1.5129695e+23,0.000000
10,-3,-1,1.5023248e+23,0.000000
7,4,-18,1.4952406e+23,0.000000
7,1,-42,1.4930788e+23,0.000000
9,3,50,1.4671834e+23,0.000000
7,-1,46,1.4586315e+23,0.000000
10,0,-9,1.4542886e+23,0.000000
10,0,9,1.4542886e+23,0.000000
7,-1,43,1.454101e+23,0.000000
10,6,55,1.4533155e+23,0.000000
3,3,-41,1.4456973e+23,0.000000
4,-2,53,1.445633e+23,0.000000
7,-1,45,1.4446691e+23,0.000000
10,5,42,1.441606e+23,0.000000
4,4,-30,1.4361836e+23,0.000000
4,-4,-46,1.4231255e+23,0.000000
5,5,-18,1.4212132e+23,0.000000
8,4,-11,1.4161514e+23,0.000000
7,3,-27,1.4132633e+23,0.000000
7,-1,44,1.4111154e+23,0.000000
6,-1,49,1.4020325e+23,0.000000
10,2,23,1.397547e+23,0.000000
8,1,-30,1.3884767e+23,0.000000
5,-2,-45,1.3879926e+23,0.000000
9,3,-8,1.3862781e+23,0.000000
7,-4,-21,1.3796754e+23,0.000000
9,-1,-18,1.3774792e+23,0.000000
7,2,-29,1.3686911e+23,0.000000
7,-2,-28,1.3632073e+23,0.000000
7,-5,-20,1.3553069e+23,0.000000
8,-1,36,1.3552876e+23,0.000000
7,-1,48,1.35121e+23,0.000000
4,-2,47,1.3496957e+23,0.000000
4,-2,46,1.3436884e+23,0.000000
8,4,-16,1.3403583e+23,0.000000
9,-4,52,1.3346627e+23,0.000000
9,3,-15,1.3240832e+23,0.000000
4,2,-51,1.3218733e+23,0.000000
6,6,-13,1.3174988e+23,0.000000
8,4,-10,1.3149136e+23,0.000000
10,-1,9,1.2871446e+23,0.000000
4,-4,-47,1.2863083e+23,0.000000
7,4,-6,1.2818259e+23,0.000000
4,-2,54,1.2779895e+23,0.000000
5,-4,-34,1.2753005e+23,0.000000
6,-3,-29,1.266333e+23,0.000000
6,-1,-34,1.2603846e+23,0.000000
9,-3,53,1.2581131e+23,0.000000
10,5,-4,1.248959e+23,0.000000
8,2,-29,1.2468373e+23,0.000000
9,0,-18,1.2438078e+23,0.000000
9,0,18,1.2438078e+23,0.000000
6,-2,-35,1.2389873e+23,0.000000
7,-1,47,1.230351e+23,0.000000
5,-5,-32,1.2291516e+23,0.000000
9,1,32,1.2279631e+23,0.000000
10,-2,23,1.2065601e+23,0.000000
5,4,-25,1.204188e+23,0.000000
7,-1,49,1.1842322e+23,0.000000
4,-4,-48,1.1772966e+23,0.000000
8,1,36,1.173739e+23,0.000000
4,2,-52,1.1733053e+23,0.000000
8,3,-14,1.1674437e+23,0.000000
4,-2,-25,1.133963e+23,0.000000
6,-4,-34,1.1318853e+23,0.000000
3,2,-49,1.1287377e+23,0.000000
8,-4,-8,1.1254775e+23,0.000000
7,-1,50,1.1208788e+23,0.000000
8,-1,-29,1.1133528e+23,0.000000
9,-1,35,1.105026e+23,0.000000
4,-2,55,1.1031286e+23,0.000000
5,2,-44,1.0988022e+23,0.000000
8,-2,-25,1.0944445e+23,0.000000
6,1,-45,1.0878798e+23,0.000000
10,-1,3,1.0864786e+23,0.000000
7,0,-45,1.0818352e+23,0.000000
7,0,45,1.0818352e+23,0.000000
4,-3,-49,1.0734675e+23,0.000000
10,4,40,1.0714702e+23,0.000000
4,2,-53,1.0638774e+23,0.000000
6,-5,-20,1.0614542e+23,0.000000
6,-1,50,1.0588148e+23,0.000000
9,2,40,1.058752e+23,0.000000
7,3,-28,1.053757e+23,0.000000
6,3,-32,1.0507587e+23,0.000000
4,3,-38,1.0472212e+23,0.000000
9,-2,12,1.0445162e+23,0.000000
9,-4,53,1.0358126e+23,0.000000
10,-5,46,1.030668e+23,0.000000
7,-1,-39,1.0274592e+23,0.000000
7,2,55,1.0234599e+23,0.000000
8,-8,-10,1.0222849e+23,0.000000
8,4,-17,1.0189285e+23,0.000000
8,-3,-12,1.0168976e+23,0.000000
5,3,-39,1.0128414e+23,0.000000
8,2,52,1.0124127e+23,0.000000
8,-2,50,1.0076596e+23,0.000000
4,-4,-49,1.0051768e+23,0.000000
6,5,-9,1.0045279e+23,0.000000
7,5,-15,1.0043214e+23,0.000000
4,-4,-50,1.0014107e+23,0.000000
10,-4,42,9.9763683e+22,0.000000
7,-1,51,9.9017891e+22,0.000000
6,2,-35,9.8718678e+22,0.000000
4,2,-54,9.7602899e+22,0.000000
5,-2,-46,9.7383793e+22,0.000000
5,-3,-45,9.6457478e+22,0.000000
6,4,-28,9.5811612e+22,0.000000
9,1,-18,9.5735487e+22,0.000000
7,4,-19,9.5334145e+22,0.000000
8,1,-31,9.4941368e+22,0.000000
9,-3,54,9.4491437e+22,0.000000
6,-1,-1,9.3089122e+22,0.000000
4,-4,-51,9.2563532e+22,0.000000
10,-3,28,9.1831606e+22,0.000000
10,3,27,9.1086481e+22,0.000000
10,5,43,9.0266008e+22,0.000000
4,2,-55,8.9998022e+22,0.000000
7,1,-43,8.974915e+22,0.000000
10,-1,10,8.8398721e+22,0.000000
10,8,-7,8.8136213e+22,0.000000
6,-6,-24,8.8032279e+22,0.000000
7,-4,-22,8.7024036e+22,0.000000
9,3,-16,8.6888729e+22,0.000000
8,0,-25,8.6680598e+22,0.000000
8,0,25,8.6680598e+22,0.000000
7,-1,52,8.6116474e+22,0.000000
9,3,52,8.5922034e+22,0.000000
4,-4,-52,8.5487079e+22,0.000000
7,-3,-20,8.353065e+22,0.000000
9,-1,-3,8.3114232e+22,0.000000
3,3,-42,8.3040759e+22,0.000000
6,-3,-30,8.2892131e+22,0.000000
9,0,-19,8.2259724e+22,0.000000
9,0,19,8.2259724e+22,0.000000
9,1,33,8.0848045e+22,0.000000
9,-4,54,8.00361e+22,0.000000
6,-1,51,7.9699632e+22,0.000000
7,7,-8,7.9367033e+22,0.000000
4,-4,-53,7.8874006e+22,0.000000
3,2,-50,7.7873787e+22,0.000000
5,5,-19,7.7825747e+22,0.000000
8,-1,-30,7.7792209e+22,0.000000
6,5,-10,7.77587e+22,0.000000
10,-5,47,7.7010218e+22,0.000000
6,-1,-35,7.6507927e+22,0.000000
7,3,-29,7.6479769e+22,0.000000
5,2,-45,7.6438618e+22,0.000000
5,-5,-33,7.6245321e+22,0.000000
8,-1,37,7.5624145e+22,0.000000
7,0,-46,7.5187737e+22,0.000000
7,0,46,7.5187737e+22,0.000000
8,4,-18,7.4372885e+22,0.000000
7,-1,53,7.3879375e+22,0.000000
9,-3,-11,7.3198954e+22,0.000000
9,2,41,7.294829e+22,0.000000
4,-4,-54,7.2607149e+22,0.000000
10,0,-10,7.2196717e+22,0.000000
10,0,10,7.2196717e+22,0.000000
8,2,-30,7.1498798e+22,0.000000
7,-4,-6,7.1387744e+22,0.000000
9,-3,55,7.1135036e+22,0.000000
6,-5,-21,7.1134601e+22,0.000000
4,4,-31,7.0783179e+22,0.000000
10,2,24,6.9734982e+22,0.000000
9,-1,36,6.9200326e+22,0.000000
9,-3,-12,6.8625904e+22,0.000000
6,5,-8,6.8459644e+22,0.000000
7,-2,-29,6.8431268e+22,0.000000
5,-2,-47,6.7817151e+22,0.000000
8,-2,-26,6.7252149e+22,0.000000
6,6,-14,6.7189159e+22,0.000000
9,-2,13,6.7123978e+22,0.000000
5,-4,-35,6.7063121e+22,0.000000
4,-4,-55,6.6723763e+22,0.000000
8,1,37,6.6366647e+22,0.000000
6,3,-33,6.6001109e+22,0.000000
4,-3,-50,6.5676901e+22,0.000000
7,-5,-21,6.5343141e+22,0.000000
10,-5,48,6.5236197e+22,0.000000
10,4,41,6.5161363e+22,0.000000
7,2,-30,6.4999454e+22,0.000000
9,-3,-10,6.4753742e+22,0.000000
8,1,-32,6.4334299e+22,0.000000
5,4,-26,6.3996811e+22,0.000000
6,6,-8,6.3881718e+22,0.000000
7,-1,-40,6.3861762e+22,0.000000
9,7,-7,6.3769591e+22,0.000000
9,3,53,6.3730058e+22,0.000000
8,-2,51,6.3535828e+22,0.000000
8,-3,-13,6.2753447e+22,0.000000
7,-1,54,6.2521583e+22,0.000000
10,0,-4,6.2474716e+22,0.000000
10,0,4,6.2474716e+22,0.000000
8,2,53,6.2360991e+22,0.000000
6,-4,-35,6.231268e+22,0.000000
9,-4,55,6.1642484e+22,0.000000
10,-4,43,6.0775132e+22,0.000000
9,-1,-19,6.0596643e+22,0.000000
8,3,-15,6.0554905e+22,0.000000
4,3,-39,6.0521509e+22,0.000000
10,-5,49,6.0376705e+22,0.000000
7,4,-20,5.9922431e+22,0.000000
6,-1,52,5.9825058e+22,0.000000
10,-2,24,5.9493491e+22,0.000000
5,3,-40,5.9245764e+22,0.000000
10,10,-8,5.8987945e+22,0.000000
5,-3,-46,5.8554293e+22,0.000000
10,-3,29,5.8514708e+22,0.000000
10,-10,-11,5.8404558e+22,0.000000
10,-5,50,5.8192388e+22,0.000000
8,4,-5,5.7959376e+22,0.000000
10,-1,11,5.7035565e+22,0.000000
9,-3,-13,5.6947085e+22,0.000000
10,-5,51,5.6448952e+22,0.000000
3,2,-51,5.6280501e+22,0.000000
9,2,-6,5.5931278e+22,0.000000
6,1,-46,5.5875299e+22,0.000000
10,5,44,5.5491217e+22,0.000000
9,-4,-3,5.5316514e+22,0.000000
9,3,-17,5.4757251e+22,0.000000
7,-4,-23,5.4432644e+22,0.000000
7,3,-30,5.4350495e+22,0.000000
10,-5,52,5.4140614e+22,0.000000
6,-3,-31,5.4079178e+22,0.000000
8,-1,-31,5.3798842e+22,0.000000
9,2,-5,5.3447614e+22,0.000000
7,1,-44,5.3375255e+22,0.000000
10,3,28,5.3197577e+22,0.000000
5,2,-46,5.2787489e+22,0.000000
9,2,-13,5.2661406e+22,0.000000
7,-1,55,5.2607977e+22,0.000000
8,4,-19,5.2526213e+22,0.000000
9,1,34,5.2499689e+22,0.000000
9,0,-20,5.2245919e+22,0.000000
9,0,20,5.2245919e+22,0.000000
7,0,-47,5.2072133e+22,0.000000
7,0,47,5.2072133e+22,0.000000
9,2,-14,5.1563061e+22,0.000000
6,4,-29,5.1522195e+22,0.000000
7,5,-16,5.143134e+22,0.000000
10,-5,53,5.096939e+22,0.000000
8,-3,-6,5.0400454e+22,0.000000
7,-3,-21,5.0341532e+22,0.000000
6,5,-11,4.990215e+22,0.000000
10,0,-16,4.9894401e+22,0.000000
10,0,16,4.9894401e+22,0.000000
9,2,42,4.9827966e+22,0.000000
9,2,-12,4.9080386e+22,0.000000
6,-6,-25,4.8719251e+22,0.000000
3,3,-43,4.8474452e+22,0.000000
9,3,54,4.8372086e+22,0.000000
7,5,-7,4.8247096e+22,0.000000
10,0,-15,4.8162836e+22,0.000000
10,0,15,4.8162836e+22,0.000000
8,-1,38,4.771755e+22,0.000000
6,-5,-22,4.7674376e+22,0.000000
10,0,-17,4.7329951e+22,0.000000
10,0,17,4.7329951e+22,0.000000
5,-5,-34,4.7304283e+22,0.000000
9,2,-15,4.6993295e+22,0.000000
10,-5,54,4.6934833e+22,0.000000
5,-2,-48,4.688339e+22,0.000000
6,-1,-36,4.6159633e+22,0.000000
10,-3,30,4.5759927e+22,0.000000
9,3,-7,4.5594495e+22,0.000000
10,9,-7,4.5413348e+22,0.000000
10,-3,34,4.5300003e+22,0.000000
10,-3,33,4.5193174e+22,0.000000
4,-2,-26,4.489074e+22,0.000000
6,-1,53,4.4781927e+22,0.000000
7,-3,-22,4.4591919e+22,0.000000
10,7,-6,4.420107e+22,0.000000
10,-3,32,4.3925446e+22,0.000000
9,4,-4,4.3916524e+22,0.000000
10,-3,35,4.3839637e+22,0.000000
7,-3,-23,4.3710804e+22,0.000000
5,5,-20,4.3384735e+22,0.000000
9,-3,-14,4.3299691e+22,0.000000
8,1,-33,4.3236032e+22,0.000000
10,-3,31,4.2993266e+22,0.000000
3,2,-52,4.2871388e+22,0.000000
9,-1,37,4.2798364e+22,0.000000
10,-5,55,4.249495e+22,0.000000
8,1,38,4.2465718e+22,0.000000
9,6,-6,4.2168263e+22,0.000000
9,0,-2,4.2136457e+22,0.000000
9,0,2,4.2136457e+22,0.000000
9,1,-19,4.2107325e+22,0.000000
10,0,-14,4.1923165e+22,0.000000
10,0,14,4.1923165e+22,0.000000
10,0,-18,4.1770564e+22,0.000000
10,0,18,4.1770564e+22,0.000000
6,3,-34,4.1376899e+22,0.000000
8,0,-26,4.1370295e+22,0.000000
8,0,26,4.1370295e+22,0.000000
7,-3,-24,4.1227797e+22,0.000000
9,-2,14,4.117168e+22,0.000000
9,-3,-9,4.1079395e+22,0.000000
10,-3,36,4.0976977e+22,0.000000
8,-2,-27,4.0829893e+22,0.000000
9,2,-11,4.0584001e+22,0.000000
8,2,-31,4.051667e+22,0.000000
9,2,-16,4.0409997e+22,0.000000
10,-8,-9,4.0312174e+22,0.000000
10,4,42,4.0026769e+22,0.000000
10,-4,44,3.9618166e+22,0.000000
8,-2,52,3.9413285e+22,0.000000
7,-1,-41,3.9407759e+22,0.000000
8,-4,-9,3.884804e+22,0.000000
9,3,55,3.865768e+22,0.000000
7,3,-31,3.793947e+22,0.000000
7,4,-21,3.7174482e+22,0.000000
10,-3,37,3.7110711e+22,0.000000
10,5,45,3.7107396e+22,0.000000
8,-1,-32,3.6863616e+22,0.000000
10,0,-11,3.6719153e+22,0.000000
10,0,11,3.6719153e+22,0.000000
7,-3,-25,3.6527785e+22,0.000000
5,2,-47,3.6192765e+22,0.000000
8,6,-7,3.6150126e+22,0.000000
8,4,-20,3.6091817e+22,0.000000
5,-3,-47,3.5983431e+22,0.000000
7,0,-48,3.592771e+22,0.000000
7,0,48,3.592771e+22,0.000000
8,-3,-14,3.5803525e+22,0.000000
10,-1,12,3.5511114e+22,0.000000
8,-1,39,3.5362624e+22,0.000000
6,-3,-32,3.5177214e+22,0.000000
10,2,25,3.5133371e+22,0.000000
10,3,29,3.5048883e+22,0.000000
4,3,-40,3.4989122e+22,0.000000
4,4,-32,3.4958583e+22,0.000000
5,-4,-36,3.4847749e+22,0.000000
10,0,-19,3.4728698e+22,0.000000
10,0,19,3.4728698e+22,0.000000
5,3,-41,3.4607304e+22,0.000000
6,6,-15,3.44536e+22,0.000000
3,2,-53,3.4389019e+22,0.000000
6,-4,-36,3.4124252e+22,0.000000
5,4,-27,3.3866834e+22,0.000000
7,-4,-24,3.3801277e+22,0.000000
9,2,43,3.3765113e+22,0.000000
9,1,35,3.3648664e+22,0.000000
6,-1,54,3.3422119e+22,0.000000
10,0,-13,3.331242e+22,0.000000
10,0,13,3.331242e+22,0.000000
9,3,-18,3.3243426e+22,0.000000
7,-2,-30,3.3190545e+22,0.000000
9,2,-17,3.3103094e+22,0.000000
10,-3,38,3.2687523e+22,0.000000
10,3,34,3.2486593e+22,0.000000
10,3,35,3.2463297e+22,0.000000
6,-2,-36,3.2190672e+22,0.000000
5,-2,-49,3.2185329e+22,0.000000
6,-5,-23,3.193372e+22,0.000000
8,1,39,3.187992e+22,0.000000
9,0,-21,3.1845056e+22,0.000000
9,0,21,3.1845056e+22,0.000000
7,1,-45,3.1400707e+22,0.000000
9,2,-7,3.1355096e+22,0.000000
10,3,33,3.1351297e+22,0.000000
10,3,36,3.1301638e+22,0.000000
9,-3,-15,3.0790429e+22,0.000000
7,-5,-22,3.0736422e+22,0.000000
7,-3,-26,3.061696e+22,0.000000
6,5,-12,3.0109471e+22,0.000000
8,-3,-3,3.0079083e+22,0.000000
8,-1,40,2.9900646e+22,0.000000
10,-2,25,2.9753168e+22,0.000000
8,3,-16,2.9689814e+22,0.000000
7,2,-31,2.9685415e+22,0.000000
10,3,32,2.9431497e+22,0.000000
5,-5,-35,2.9332514e+22,0.000000
10,3,37,2.9217995e+22,0.000000
3,3,-44,2.8915674e+22,0.000000
9,2,-10,2.8897051e+22,0.000000
8,1,-34,2.8839697e+22,0.000000
3,2,-54,2.8827018e+22,0.000000
10,3,30,2.8446014e+22,0.000000
10,-4,45,2.8412222e+22,0.000000
10,0,-12,2.8169346e+22,0.000000
10,0,12,2.8169346e+22,0.000000
10,-3,39,2.8098329e+22,0.000000
10,3,31,2.7768676e+22,0.000000
6,-1,-37,2.7659794e+22,0.000000
6,4,-30,2.7645271e+22,0.000000
10,0,-20,2.7459306e+22,0.000000
10,0,20,2.7459306e+22,0.000000
8,1,40,2.7243567e+22,0.000000
8,-4,-14,2.7223514e+22,0.000000
6,-6,-26,2.7060334e+22,0.000000
8,-1,41,2.7052528e+22,0.000000
6,-2,-41,2.6596201e+22,0.000000
10,3,38,2.6503079e+22,0.000000
10,5,46,2.6388557e+22,0.000000
9,-1,38,2.6133173e+22,0.000000
7,3,-32,2.6124461e+22,0.000000
8,3,-5,2.6097658e+22,0.000000
7,5,-17,2.6029995e+22,0.000000
9,2,-18,2.6015897e+22,0.000000
6,3,-35,2.5895151e+22,0.000000
6,-2,-42,2.5719999e+22,0.000000
4,-3,-52,2.5566977e+22,0.000000
10,4,43,2.5551325e+22,0.000000
8,-4,-15,2.5509569e+22,0.000000
8,-4,-13,2.5206348e+22,0.000000
9,-1,-20,2.5113681e+22,0.000000
9,-3,-6,2.5111553e+22,0.000000
8,-1,-33,2.5046403e+22,0.000000
3,2,-55,2.4969317e+22,0.000000
6,2,-36,2.4918978e+22,0.000000
8,-1,42,2.4899525e+22,0.000000
8,1,41,2.4863808e+22,0.000000
6,-1,55,2.4861501e+22,0.000000
6,-2,-40,2.4857209e+22,0.000000
7,0,-49,2.4686164e+22,0.000000
7,0,49,2.4686164e+22,0.000000
5,2,-48,2.463979e+22,0.000000
7,-3,-27,2.4536707e+22,0.000000
5,5,-21,2.4518981e+22,0.000000
8,-2,-28,2.4495137e+22,0.000000
8,5,-6,2.4398847e+22,0.000000
9,-2,15,2.4304462e+22,0.000000
8,4,-21,2.4229306e+22,0.000000
7,-1,-42,2.4109199e+22,0.000000
10,-3,40,2.3643801e+22,0.000000
8,-2,53,2.3643618e+22,0.000000
10,3,39,2.3442452e+22,0.000000
6,-2,-43,2.3169684e+22,0.000000
8,1,42,2.306079e+22,0.000000
6,-3,-33,2.2821581e+22,0.000000
10,-1,13,2.2821415e+22,0.000000
7,4,-22,2.2788518e+22,0.000000
8,-1,43,2.2723205e+22,0.000000
9,2,44,2.2716348e+22,0.000000
8,2,-32,2.2641163e+22,0.000000
5,-3,-48,2.2494974e+22,0.000000
10,-4,46,2.2460404e+22,0.000000
6,1,-47,2.2263045e+22,0.000000
8,-7,-9,2.2221215e+22,0.000000
5,-2,-50,2.1956835e+22,0.000000
8,-4,-16,2.1747367e+22,0.000000
10,-7,-8,2.1453223e+22,0.000000
6,-5,-24,2.1368108e+22,0.000000
9,1,36,2.1285169e+22,0.000000
8,1,43,2.1196694e+22,0.000000
10,5,47,2.1167486e+22,0.000000
9,-2,0,2.0982928e+22,0.000000
7,-4,-25,2.0855939e+22,0.000000
10,0,-21,2.0793827e+22,0.000000
10,0,21,2.0793827e+22,0.000000
10,2,26,2.0750559e+22,0.000000
9,-3,-16,2.0743578e+22,0.000000
8,-1,44,2.0366815e+22,0.000000
10,-1,1,2.0348505e+22,0.000000
10,3,40,2.0281263e+22,0.000000
4,3,-41,2.02325e+22,0.000000
5,3,-42,2.0197024e+22,0.000000
6,-2,-39,1.992024e+22,0.000000
6,-2,-44,1.9836701e+22,0.000000
9,2,-19,1.9721763e+22,0.000000
10,-3,41,1.9525062e+22,0.000000
9,3,-19,1.9474894e+22,0.000000
10,2,30,1.9147626e+22,0.000000
8,1,44,1.9130848e+22,0.000000
10,2,31,1.9126938e+22,0.000000
7,-7,-10,1.9106786e+22,0.000000
8,1,-35,1.9102382e+22,0.000000
10,-4,47,1.9090809e+22,0.000000
10,5,48,1.9055247e+22,0.000000
7,-3,-28,1.8987105e+22,0.000000
6,2,-41,1.893415e+22,0.000000
8,-3,-15,1.8924807e+22,0.000000
8,0,-27,1.882259e+22,0.000000
8,0,27,1.882259e+22,0.000000
9,2,-9,1.8637981e+22,0.000000
9,0,-22,1.8594565e+22,0.000000
9,0,22,1.8594565e+22,0.000000
8,-4,-12,1.8591921e+22,0.000000
6,-4,-37,1.8572015e+22,0.000000
10,5,51,1.8560997e+22,0.000000
10,5,50,1.8513948e+22,0.000000
10,5,49,1.8491973e+22,0.000000
10,-1,19,1.8389006e+22,0.000000
10,5,52,1.835783e+22,0.000000
10,-1,18,1.8286818e+22,0.000000
7,1,-46,1.8255535e+22,0.000000
10,2,29,1.8241846e+22,0.000000
5,-5,-36,1.8191384e+22,0.000000
10,2,32,1.8182453e+22,0.000000
6,2,-42,1.800973e+22,0.000000
9,-1,0,1.800284e+22,0.000000
6,2,-40,1.7983898e+22,0.000000
7,-6,-12,1.7930353e+22,0.000000
8,-1,45,1.7896628e+22,0.000000
6,5,-13,1.7878936e+22,0.000000
5,-4,-37,1.7848957e+22,0.000000
5,4,-28,1.7847991e+22,0.000000
10,5,53,1.7809557e+22,0.000000
6,6,-16,1.7790316e+22,0.000000
7,3,-33,1.7768709e+22,0.000000
3,3,-45,1.7752002e+22,0.000000
10,2,-8,1.7602487e+22,0.000000
10,-1,20,1.758741e+22,0.000000
9,1,-20,1.7579409e+22,0.000000
10,4,44,1.7544739e+22,0.000000
10,-2,26,1.7458703e+22,0.000000
10,-1,17,1.7348485e+22,0.000000
8,-4,-17,1.7342544e+22,0.000000
4,4,-33,1.731131e+22,0.000000
9,2,-8,1.7213432e+22,0.000000
10,3,41,1.7205701e+22,0.000000
7,-6,-11,1.7110406e+22,0.000000
10,5,54,1.6927927e+22,0.000000
8,1,45,1.6924981e+22,0.000000
10,2,28,1.6907285e+22,0.000000
10,-1,14,1.6894121e+22,0.000000
8,-1,-34,1.6886189e+22,0.000000
7,0,-50,1.6882018e+22,0.000000
7,0,50,1.6882018e+22,0.000000
10,-4,48,1.686577e+22,0.000000
4,-2,-27,1.6747457e+22,0.000000
10,2,27,1.6663843e+22,0.000000
5,2,-49,1.6659892e+22,0.000000
10,2,33,1.6560776e+22,0.000000
6,-1,-38,1.6444984e+22,0.000000
4,-3,-53,1.636564e+22,0.000000
6,-2,-45,1.6324984e+22,0.000000
6,3,-36,1.6179738e+22,0.000000
10,-1,21,1.6048653e+22,0.000000
10,-1,16,1.6035097e+22,0.000000
6,2,-43,1.5958518e+22,0.000000
8,4,-22,1.5944064e+22,0.000000
10,2,-9,1.5931168e+22,0.000000
10,-3,42,1.5858394e+22,0.000000
7,-6,-13,1.5788754e+22,0.000000
10,5,55,1.5768279e+22,0.000000
9,-1,39,1.5754365e+22,0.000000
7,-2,-31,1.5485144e+22,0.000000
8,-1,46,1.5439209e+22,0.000000
10,-1,15,1.5346773e+22,0.000000
9,2,45,1.51866e+22,0.000000
10,0,-22,1.5162086e+22,0.000000
10,0,22,1.5162086e+22,0.000000
6,-6,-27,1.5081756e+22,0.000000
10,-4,49,1.5076659e+22,0.000000
5,-2,-51,1.490551e+22,0.000000
7,2,-3,1.4843056e+22,0.000000
6,4,-31,1.4795506e+22,0.000000
6,-3,-34,1.4769699e+22,0.000000
8,1,46,1.4698466e+22,0.000000
6,2,-39,1.4622321e+22,0.000000
7,-1,-43,1.4617746e+22,0.000000
6,1,-48,1.4581262e+22,0.000000
10,2,34,1.4536886e+22,0.000000
8,-2,-29,1.4529253e+22,0.000000
10,-2,30,1.4503825e+22,0.000000
9,2,-20,1.448273e+22,0.000000
10,3,42,1.434463e+22,0.000000
7,-3,-29,1.428268e+22,0.000000
6,-5,-25,1.4279949e+22,0.000000
8,-2,54,1.4254247e+22,0.000000
9,-2,16,1.4221829e+22,0.000000
10,-2,29,1.4214703e+22,0.000000
10,-2,31,1.4112803e+22,0.000000
7,-5,-23,1.4056291e+22,0.000000
10,-1,22,1.4038158e+22,0.000000
8,3,-17,1.4025422e+22,0.000000
5,5,-22,1.399932e+22,0.000000
7,4,-23,1.3819445e+22,0.000000
10,-2,27,1.3775278e+22,0.000000
8,4,-6,1.3675148e+22,0.000000
10,-2,28,1.3580757e+22,0.000000
6,2,-44,1.3442437e+22,0.000000
5,-3,-49,1.3426455e+22,0.000000
10,-4,50,1.3419813e+22,0.000000
9,-3,-17,1.3352713e+22,0.000000
9,1,37,1.3293953e+22,0.000000
10,4,45,1.327238e+22,0.000000
8,-4,-18,1.3164414e+22,0.000000
9,3,-3,1.3127125e+22,0.000000
6,-2,-38,1.3116642e+22,0.000000
10,-2,32,1.3088803e+22,0.000000
8,0,-1,1.3065332e+22,0.000000
8,0,1,1.3065332e+22,0.000000
8,-1,47,1.3058218e+22,0.000000
7,2,-32,1.3035879e+22,0.000000
7,5,-18,1.2988397e+22,0.000000
6,-2,-46,1.2873811e+22,0.000000
7,-4,-26,1.2795323e+22,0.000000
10,2,-7,1.2785437e+22,0.000000
4,-3,-51,1.2745216e+22,0.000000
10,-3,43,1.2691485e+22,0.000000
8,1,-36,1.2570256e+22,0.000000
8,1,47,1.2561302e+22,0.000000
7,-6,-14,1.2480707e+22,0.000000
8,2,-33,1.2476756e+22,0.000000
10,2,35,1.2375004e+22,0.000000
9,-3,-8,1.2040189e+22,0.000000
7,3,-34,1.1974081e+22,0.000000
7,-7,-11,1.1973765e+22,0.000000
7,-6,-10,1.1950431e+22,0.000000
10,-1,23,1.1826263e+22,0.000000
5,3,-43,1.1784779e+22,0.000000
10,3,43,1.1774458e+22,0.000000
10,-4,51,1.1750862e+22,0.000000
4,3,-42,1.1701594e+22,0.000000
10,-2,33,1.1644413e+22,0.000000
7,0,-51,1.1478218e+22,0.000000
7,0,51,1.1478218e+22,0.000000
10,2,-10,1.1423691e+22,0.000000
3,3,-46,1.1311008e+22,0.000000
8,-1,-35,1.1302147e+22,0.000000
5,-5,-37,1.1261295e+22,0.000000
9,-1,-21,1.123723e+22,0.000000
5,2,-50,1.1193622e+22,0.000000
10,4,46,1.1031604e+22,0.000000
9,3,-20,1.1015423e+22,0.000000
8,-1,48,1.0982937e+22,0.000000
6,2,-45,1.0887061e+22,0.000000
6,-2,-37,1.0878614e+22,0.000000
4,-3,-54,1.0700424e+22,0.000000
10,0,-23,1.0687497e+22,0.000000
10,0,23,1.0687497e+22,0.000000
6,5,-14,1.0643388e+22,0.000000
8,1,48,1.059239e+22,0.000000
7,-3,-30,1.0510255e+22,0.000000
9,0,-23,1.0373412e+22,0.000000
9,0,23,1.0373412e+22,0.000000
10,-5,-4,1.0361404e+22,0.000000
9,2,-21,1.0338958e+22,0.000000
8,4,-23,1.0314181e+22,0.000000
10,2,36,1.0256984e+22,0.000000
10,-4,52,1.0188212e+22,0.000000
6,-2,-47,1.0117657e+22,0.000000
5,-2,-52,1.0095646e+22,0.000000
6,3,-37,1.0093189e+22,0.000000
9,2,46,1.0083653e+22,0.000000
6,-4,-38,1.0044871e+22,0.000000
10,-3,44,1.0024343e+22,0.000000
10,-2,34,9.993426e+21,0.000000
8,-4,-11,9.9655287e+21,0.000000
8,-4,-10,9.7421785e+21,0.000000
10,4,47,9.7303246e+21,0.000000
6,2,-38,9.7137431e+21,0.000000
6,-1,-39,9.688317e+21,0.000000
10,-1,24,9.6347763e+21,0.000000
8,-4,-19,9.6237628e+21,0.000000
6,-3,-35,9.5367592e+21,0.000000
10,3,44,9.5308862e+21,0.000000
6,-5,-26,9.5287327e+21,0.000000
5,-3,-50,9.4545613e+21,0.000000
9,-1,40,9.4192337e+21,0.000000
5,4,-29,9.366611e+21,0.000000
8,-3,-16,9.2776731e+21,0.000000
6,6,-17,9.2466786e+21,0.000000
7,-6,-15,9.1868075e+21,0.000000
5,-4,-38,8.9863446e+21,0.000000
10,4,48,8.9543619e+21,0.000000
8,1,49,8.8360927e+21,0.000000
9,-2,17,8.828705e+21,0.000000
7,-1,-44,8.7676335e+21,0.000000
10,-4,53,8.7317932e+21,0.000000
4,4,-34,8.6057137e+21,0.000000
6,2,-46,8.5480705e+21,0.000000
8,-2,-30,8.5133856e+21,0.000000
6,-6,-28,8.4361353e+21,0.000000
10,-2,35,8.3241503e+21,0.000000
10,2,37,8.3152664e+21,0.000000
7,4,-24,8.2995237e+21,0.000000
8,0,-28,8.264072e+21,0.000000
8,0,28,8.264072e+21,0.000000
9,-3,-18,8.258384e+21,0.000000
8,-2,55,8.2268691e+21,0.000000
8,1,-37,8.2197049e+21,0.000000
9,1,38,8.1954474e+21,0.000000
6,2,-37,8.1161537e+21,0.000000
7,-7,-12,8.11073e+21,0.000000
5,5,-23,8.0534652e+21,0.000000
9,1,-21,8.0148491e+21,0.000000
7,3,-35,7.997266e+21,0.000000
9,-1,-25,7.9698884e+21,0.000000
6,4,-32,7.8998697e+21,0.000000
10,-3,45,7.8253712e+21,0.000000
7,-4,-27,7.8087202e+21,0.000000
9,-1,-26,7.7303384e+21,0.000000
9,1,0,7.7116476e+21,0.000000
7,0,-52,7.7109747e+21,0.000000
7,0,52,7.7109747e+21,0.000000
6,-2,-48,7.6702382e+21,0.000000
9,-1,-24,7.6593621e+21,0.000000
10,3,45,7.6188342e+21,0.000000
10,-1,25,7.6177178e+21,0.000000
7,-3,-31,7.5912019e+21,0.000000
3,3,-47,7.5440759e+21,0.000000
8,-1,-36,7.5134142e+21,0.000000
5,2,-51,7.4853478e+21,0.000000
8,-1,50,7.4840285e+21,0.000000
10,-4,54,7.3440835e+21,0.000000
10,0,-24,7.305128e+21,0.000000
10,0,24,7.305128e+21,0.000000
9,-1,-22,7.2813562e+21,0.000000
8,1,50,7.2696465e+21,0.000000
4,-3,-55,7.2145842e+21,0.000000
9,2,-22,7.1959283e+21,0.000000
9,-1,-23,7.0572049e+21,0.000000
8,-6,-9,7.044938e+21,0.000000
9,-1,-27,7.042159e+21,0.000000
5,-5,-38,6.9739458e+21,0.000000
7,-2,-32,6.9505747e+21,0.000000
10,2,-11,6.9182495e+21,0.000000
5,3,-44,6.8833658e+21,0.000000
5,-2,-53,6.8530783e+21,0.000000
8,-4,-20,6.8310197e+21,0.000000
8,3,-18,6.8080243e+21,0.000000
10,4,51,6.7971103e+21,0.000000
9,-6,-8,6.7770377e+21,0.000000
4,3,-43,6.7695353e+21,0.000000
10,-2,36,6.7563003e+21,0.000000
8,2,-34,6.7523643e+21,0.000000
9,2,47,6.6886403e+21,0.000000
10,2,38,6.6056176e+21,0.000000
8,4,-24,6.5737585e+21,0.000000
6,2,-47,6.5398595e+21,0.000000
7,-6,-16,6.4379371e+21,0.000000
6,5,-15,6.399205e+21,0.000000
9,-2,18,6.3865706e+21,0.000000
7,5,-19,6.3730404e+21,0.000000
6,-5,-27,6.3489742e+21,0.000000
6,3,-38,6.2857278e+21,0.000000
10,4,50,6.240514e+21,0.000000
7,-5,-24,6.2176927e+21,0.000000
6,-3,-36,6.144033e+21,0.000000
8,-1,51,6.1130985e+21,0.000000
10,-4,55,6.1107782e+21,0.000000
7,-6,-9,6.0954783e+21,0.000000
9,-1,-28,6.0911232e+21,0.000000
10,-3,46,6.0452786e+21,0.000000
10,3,46,6.022275e+21,0.000000
7,1,-48,6.0200553e+21,0.000000
9,3,-21,6.0125669e+21,0.000000
8,1,51,6.0071032e+21,0.000000
10,-1,26,5.8620741e+21,0.000000
10,4,52,5.8268818e+21,0.000000
4,-2,-28,5.7623706e+21,0.000000
7,-7,-13,5.7249535e+21,0.000000
6,1,-50,5.7118695e+21,0.000000
6,-2,-49,5.6499781e+21,0.000000
6,-1,-40,5.6463804e+21,0.000000
9,-2,22,5.6083512e+21,0.000000
9,-2,21,5.6065317e+21,0.000000
7,2,-33,5.5980877e+21,0.000000
10,3,-2,5.5835996e+21,0.000000
9,-2,19,5.579045e+21,0.000000
9,0,-24,5.5134551e+21,0.000000
9,0,24,5.5134551e+21,0.000000
9,-1,41,5.5027475e+21,0.000000
9,-2,20,5.5026081e+21,0.000000
9,1,-25,5.4393963e+21,0.000000
9,-2,23,5.4068042e+21,0.000000
7,-3,-32,5.4046271e+21,0.000000
6,-4,-39,5.3785566e+21,0.000000
10,-2,37,5.3662577e+21,0.000000
8,1,-38,5.342115e+21,0.000000
9,1,-24,5.3293719e+21,0.000000
7,3,-36,5.3065189e+21,0.000000
3,3,-48,5.3017261e+21,0.000000
9,1,-22,5.2543013e+21,0.000000
7,0,-53,5.2052469e+21,0.000000
7,0,53,5.2052469e+21,0.000000
7,-1,-45,5.2015178e+21,0.000000
10,2,-5,5.1904208e+21,0.000000
9,1,-26,5.1900895e+21,0.000000
10,2,39,5.1611828e+21,0.000000
10,4,53,5.072459e+21,0.000000
9,-1,-29,5.0584293e+21,0.000000
9,1,-23,5.0195327e+21,0.000000
9,-2,24,5.006912e+21,0.000000
5,2,-52,4.9894169e+21,0.000000
9,1,39,4.9868416e+21,0.000000
8,-1,52,4.9696573e+21,0.000000
8,-1,-37,4.9619778e+21,0.000000
7,4,-25,4.9413718e+21,0.000000
8,-2,-31,4.929235e+21,0.000000
9,-3,-19,4.9245225e+21,0.000000
8,1,52,4.9063355e+21,0.000000
6,1,-51,4.9051389e+21,0.000000
9,2,-23,4.8949361e+21,0.000000
5,4,-30,4.8937558e+21,0.000000
6,2,-48,4.8936549e+21,0.000000
10,0,-25,4.8512223e+21,0.000000
10,0,25,4.8512223e+21,0.000000
6,1,-54,4.8456277e+21,0.000000
6,6,-18,4.8323435e+21,0.000000
6,1,-53,4.831112e+21,0.000000
6,1,-52,4.7700178e+21,0.000000
6,1,-55,4.7442441e+21,0.000000
7,-4,-28,4.7423098e+21,0.000000
8,-4,-21,4.7360815e+21,0.000000
6,-6,-29,4.725924e+21,0.000000
10,3,47,4.7128799e+21,0.000000
9,1,-27,4.6596991e+21,0.000000
5,5,-24,4.6579484e+21,0.000000
10,-3,47,4.6271904e+21,0.000000
10,-4,-3,4.6218606e+21,0.000000
5,-3,-52,4.5509027e+21,0.000000
10,4,54,4.5418107e+21,0.000000
9,-2,25,4.4638096e+21,0.000000
5,-4,-39,4.4322317e+21,0.000000
9,2,48,4.4169889e+21,0.000000
10,-1,27,4.4011219e+21,0.000000
8,-6,-14,4.3910052e+21,0.000000
7,-6,-17,4.3568385e+21,0.000000
8,-6,-13,4.331535e+21,0.000000
5,-5,-39,4.3055433e+21,0.000000
4,4,-35,4.3022045e+21,0.000000
8,-3,-17,4.2647144e+21,0.000000
6,-5,-28,4.2219695e+21,0.000000
6,4,-33,4.2047639e+21,0.000000
10,-2,38,4.18102e+21,0.000000
6,-2,-50,4.1490849e+21,0.000000
8,4,-25,4.1375617e+21,0.000000
9,-1,-30,4.0602653e+21,0.000000
5,3,-45,4.0345818e+21,0.000000
8,-1,53,4.0272846e+21,0.000000
8,1,53,4.0055192e+21,0.000000
9,1,-28,3.9765659e+21,0.000000
10,2,40,3.9726133e+21,0.000000
7,-7,-14,3.9700619e+21,0.000000
6,-3,-37,3.9493852e+21,0.000000
9,-3,-7,3.9451512e+21,0.000000
3,3,-49,3.9361297e+21,0.000000
4,3,-44,3.9185005e+21,0.000000
6,3,-39,3.9073954e+21,0.000000
6,5,-16,3.8944894e+21,0.000000
8,3,-19,3.8810205e+21,0.000000
9,-2,26,3.8460986e+21,0.000000
8,-6,-15,3.820147e+21,0.000000
7,-3,-33,3.7971902e+21,0.000000
10,4,55,3.7680543e+21,0.000000
8,0,-29,3.7077102e+21,0.000000
8,0,29,3.7077102e+21,0.000000
10,3,48,3.6556606e+21,0.000000
10,2,-12,3.6193115e+21,0.000000
6,2,-49,3.5934237e+21,0.000000
8,2,-35,3.5859453e+21,0.000000
10,-3,48,3.513212e+21,0.000000
7,3,-37,3.4973695e+21,0.000000
8,1,-39,3.4504199e+21,0.000000
7,-3,-4,3.4150216e+21,0.000000
5,2,-53,3.3319675e+21,0.000000
9,2,-24,3.2608089e+21,0.000000
9,1,-29,3.2605838e+21,0.000000
8,-1,-38,3.2561415e+21,0.000000
8,-1,54,3.2508334e+21,0.000000
6,-1,-41,3.2485277e+21,0.000000
10,-1,28,3.2297836e+21,0.000000
8,-4,-22,3.2214412e+21,0.000000
9,-2,27,3.2153637e+21,0.000000
10,-2,39,3.2054404e+21,0.000000
10,1,7,3.2013602e+21,0.000000
5,-3,-53,3.1952307e+21,0.000000
8,-6,-12,3.1902516e+21,0.000000
9,-1,42,3.1851271e+21,0.000000
9,-1,-31,3.1741568e+21,0.000000
9,3,-22,3.1625291e+21,0.000000
10,1,6,3.146882e+21,0.000000
10,0,-26,3.1352505e+21,0.000000
10,0,26,3.1352505e+21,0.000000
8,1,54,3.1231815e+21,0.000000
3,3,-50,3.0794638e+21,0.000000
7,5,-20,3.0662868e+21,0.000000
7,-2,-33,3.0550761e+21,0.000000
7,-1,-46,3.049469e+21,0.000000
8,-6,-16,3.0323299e+21,0.000000
10,2,41,3.0186909e+21,0.000000
9,1,40,2.9947907e+21,0.000000
7,4,-26,2.9194726e+21,0.000000
9,2,49,2.9123033e+21,0.000000
8,3,-20,2.8849114e+21,0.000000
7,-6,-18,2.874725e+21,0.000000
7,-4,-29,2.8661049e+21,0.000000
6,-4,-40,2.8553767e+21,0.000000
10,2,-6,2.8383726e+21,0.000000
9,-3,-20,2.8364385e+21,0.000000
10,1,8,2.8293514e+21,0.000000
8,-2,-32,2.8139344e+21,0.000000
6,-5,-29,2.8058704e+21,0.000000
8,-1,49,2.8007614e+21,0.000000
6,-2,-51,2.7970332e+21,0.000000
9,0,-25,2.7920307e+21,0.000000
9,0,25,2.7920307e+21,0.000000
10,0,-2,2.7890853e+21,0.000000
10,0,2,2.7890853e+21,0.000000
5,5,-25,2.7047366e+21,0.000000
6,-6,-30,2.6649158e+21,0.000000
8,-5,-11,2.6584699e+21,0.000000
5,-5,-40,2.6566322e+21,0.000000
10,-3,49,2.6489535e+21,0.000000
7,-7,-15,2.6483159e+21,0.000000
7,-5,-25,2.6480106e+21,0.000000
8,1,55,2.6475379e+21,0.000000
7,-3,-34,2.6427157e+21,0.000000
8,-1,55,2.6309706e+21,0.000000
9,-2,28,2.6175189e+21,0.000000
8,3,-21,2.6006513e+21,0.000000
8,-5,-10,2.5886331e+21,0.000000
9,1,-30,2.5853706e+21,0.000000
8,4,-26,2.5753556e+21,0.000000
6,2,-50,2.5589763e+21,0.000000
5,4,-31,2.544317e+21,0.000000
6,6,-19,2.5358078e+21,0.000000
6,-3,-38,2.532741e+21,0.000000
3,3,-51,2.5217513e+21,0.000000
7,2,-34,2.5151455e+21,0.000000
10,1,5,2.4934877e+21,0.000000
8,3,-22,2.474663e+21,0.000000
6,3,-40,2.4240584e+21,0.000000
9,-1,-32,2.4236132e+21,0.000000
10,-2,40,2.4224905e+21,0.000000
6,5,-17,2.39832e+21,0.000000
5,3,-46,2.3791989e+21,0.000000
10,-1,29,2.3203288e+21,0.000000
8,-5,-12,2.3191168e+21,0.000000
8,3,-23,2.3061728e+21,0.000000
7,3,-38,2.292481e+21,0.000000
7,0,-55,2.2822923e+21,0.000000
7,0,55,2.2822923e+21,0.000000
4,3,-45,2.2706987e+21,0.000000
10,2,42,2.2674152e+21,0.000000
8,-6,-17,2.2672547e+21,0.000000
5,2,-54,2.2458546e+21,0.000000
7,-1,-1,2.244236e+21,0.000000
10,6,-6,2.2442301e+21,0.000000
10,1,9,2.2370426e+21,0.000000
6,4,-34,2.2306294e+21,0.000000
8,1,-40,2.2148189e+21,0.000000
4,4,-36,2.1704491e+21,0.000000
8,-4,-23,2.1572155e+21,0.000000
3,3,-52,2.1420601e+21,0.000000
5,-4,-40,2.1345849e+21,0.000000
9,2,-25,2.1309339e+21,0.000000
8,-1,-39,2.1228833e+21,0.000000
10,3,50,2.1021838e+21,0.000000
9,-2,29,2.0813059e+21,0.000000
7,1,-50,2.0668094e+21,0.000000
8,3,-24,2.0594841e+21,0.000000
9,1,-31,1.9973812e+21,0.000000
10,-3,50,1.9836201e+21,0.000000
10,0,-27,1.9724516e+21,0.000000
10,0,27,1.9724516e+21,0.000000
8,0,-30,1.9606587e+21,0.000000
8,0,30,1.9606587e+21,0.000000
8,-3,-18,1.9397542e+21,0.000000
8,3,-4,1.9273996e+21,0.000000
9,2,50,1.9166176e+21,0.000000
8,-5,-9,1.9031586e+21,0.000000
5,-2,-54,1.9005698e+21,0.000000
10,1,2,1.8872402e+21,0.000000
5,-3,-55,1.8766434e+21,0.000000
3,3,-53,1.870243e+21,0.000000
6,2,-51,1.8629953e+21,0.000000
7,-6,-19,1.8617034e+21,0.000000
6,-5,-30,1.8611039e+21,0.000000
8,2,-36,1.8546474e+21,0.000000
6,-1,-42,1.8402658e+21,0.000000
7,-3,-35,1.8211073e+21,0.000000
9,-1,-33,1.8180623e+21,0.000000
9,-1,43,1.8177046e+21,0.000000
8,-5,-13,1.8132522e+21,0.000000
10,-2,41,1.8081612e+21,0.000000
5,-3,-54,1.8016067e+21,0.000000
4,-2,-29,1.7935643e+21,0.000000
9,1,41,1.7737278e+21,0.000000
7,-1,-47,1.7706917e+21,0.000000
8,3,-25,1.7606143e+21,0.000000
7,-4,-30,1.7241012e+21,0.000000
7,4,-27,1.713023e+21,0.000000
7,-7,-16,1.6963468e+21,0.000000
10,2,43,1.6865467e+21,0.000000
3,3,-54,1.6652115e+21,0.000000
10,2,-13,1.664357e+21,0.000000
5,-5,-41,1.6348959e+21,0.000000
10,-1,30,1.6336743e+21,0.000000
8,-6,-18,1.6266432e+21,0.000000
9,-5,-6,1.6260626e+21,0.000000
9,-2,30,1.6206942e+21,0.000000
6,-3,-39,1.6202194e+21,0.000000
10,1,10,1.6032826e+21,0.000000
9,3,-23,1.5982969e+21,0.000000
8,4,-27,1.5886454e+21,0.000000
8,-2,-33,1.5837162e+21,0.000000
9,-3,-21,1.5784913e+21,0.000000
5,5,-26,1.5749654e+21,0.000000
5,2,-55,1.5439758e+21,0.000000
10,-2,-9,1.5225415e+21,0.000000
6,-2,-52,1.5127578e+21,0.000000
9,1,-32,1.5076874e+21,0.000000
6,-4,-41,1.5059141e+21,0.000000
3,3,-55,1.5026277e+21,0.000000
6,3,-41,1.5003486e+21,0.000000
7,3,-39,1.4950131e+21,0.000000
6,5,-18,1.4920524e+21,0.000000
10,-3,51,1.4815742e+21,0.000000
8,-3,-5,1.4658748e+21,0.000000
10,-2,-8,1.4487114e+21,0.000000
8,3,-26,1.4481868e+21,0.000000
7,5,-21,1.4421832e+21,0.000000
8,-4,-24,1.4256789e+21,0.000000
5,3,-47,1.4192511e+21,0.000000
8,1,-41,1.4118062e+21,0.000000
7,-2,-34,1.4085291e+21,0.000000
8,0,-31,1.4065682e+21,0.000000
8,0,31,1.4065682e+21,0.000000
6,-6,-31,1.3874214e+21,0.000000
8,-1,-40,1.3750806e+21,0.000000
7,2,-35,1.3701809e+21,0.000000
9,2,-26,1.3677547e+21,0.000000
9,0,-26,1.3637386e+21,0.000000
9,0,26,1.3637386e+21,0.000000
9,-1,-34,1.3401842e+21,0.000000
10,-2,42,1.3353398e+21,0.000000
6,6,-20,1.3344533e+21,0.000000
8,-5,-7,1.3324905e+21,0.000000
7,1,-51,1.3187127e+21,0.000000
4,3,-46,1.3184154e+21,0.000000
5,4,-32,1.3153921e+21,0.000000
8,-5,-14,1.3085027e+21,0.000000
9,-7,-9,1.3049868e+21,0.000000
6,2,-52,1.3042721e+21,0.000000
10,1,4,1.2967359e+21,0.000000
8,0,-32,1.279546e+21,0.000000
8,0,32,1.279546e+21,0.000000
9,2,51,1.2676052e+21,0.000000
9,5,-11,1.2619894e+21,0.000000
8,0,-33,1.2503467e+21,0.000000
8,0,33,1.2503467e+21,0.000000
7,-3,-36,1.2459552e+21,0.000000
10,2,44,1.2442276e+21,0.000000
9,5,-12,1.2429952e+21,0.000000
10,3,52,1.2405777e+21,0.000000
9,-2,31,1.2385992e+21,0.000000
6,-5,-31,1.2332931e+21,0.000000
10,-2,-10,1.2117688e+21,0.000000
10,0,-28,1.2088989e+21,0.000000
10,0,28,1.2088989e+21,0.000000
8,0,-34,1.2021264e+21,0.000000
8,0,34,1.2021264e+21,0.000000
7,-6,-20,1.1889867e+21,0.000000
6,4,-35,1.1784313e+21,0.000000
8,-6,-11,1.1691501e+21,0.000000
8,3,-27,1.1527453e+21,0.000000
8,-6,-19,1.1329094e+21,0.000000
10,-1,31,1.1282512e+21,0.000000
10,-1,-10,1.1265371e+21,0.000000
9,1,-33,1.1184363e+21,0.000000
4,4,-37,1.1108136e+21,0.000000
8,0,-35,1.1096406e+21,0.000000
8,0,35,1.1096406e+21,0.000000
10,-3,52,1.1017027e+21,0.000000
10,-9,-10,1.0977709e+21,0.000000
7,-5,-26,1.0820151e+21,0.000000
10,-1,-11,1.0583271e+21,0.000000
10,1,11,1.0526096e+21,0.000000
9,3,-5,1.0520412e+21,0.000000
7,-7,-17,1.0483457e+21,0.000000
10,-1,-9,1.0438563e+21,0.000000
9,5,-13,1.0421731e+21,0.000000
9,1,42,1.036354e+21,0.000000
6,-3,-40,1.033728e+21,0.000000
9,-1,44,1.0241655e+21,0.000000
7,-1,-48,1.0234764e+21,0.000000
6,-1,-43,1.0233686e+21,0.000000
7,-4,-31,1.0214816e+21,0.000000
8,-3,-19,1.0207461e+21,0.000000
9,-5,-12,1.0120379e+21,0.000000
7,2,-36,1.0112645e+21,0.000000
5,-5,-42,1.005783e+21,0.000000
5,-4,-41,1.000998e+21,0.000000
7,4,-28,9.9900025e+20,0.000000
8,0,-36,9.8335362e+20,0.000000
8,0,36,9.8335362e+20,0.000000
9,-5,-13,9.7721505e+20,0.000000
10,-2,43,9.7707285e+20,0.000000
9,-1,-35,9.7617055e+20,0.000000
8,4,-28,9.7157259e+20,0.000000
7,3,-40,9.6939117e+20,0.000000
6,5,-19,9.3566167e+20,0.000000
10,3,49,9.334178e+20,0.000000
8,-4,-25,9.3205038e+20,0.000000
8,2,-37,9.3142812e+20,0.000000
9,-2,32,9.307231e+20,0.000000
6,3,-42,9.262499e+20,0.000000
7,2,-37,9.2174108e+20,0.000000
7,1,-52,9.1941248e+20,0.000000
5,5,-27,9.1913766e+20,0.000000
9,5,-10,9.1105124e+20,0.000000
10,3,53,8.9589191e+20,0.000000
8,1,-42,8.9347295e+20,0.000000
8,3,-28,8.9294218e+20,0.000000
10,-1,-12,8.9233907e+20,0.000000
7,2,-38,8.9062838e+20,0.000000
8,-5,-15,8.8711768e+20,0.000000
8,-1,-41,8.8446623e+20,0.000000
10,2,45,8.8316024e+20,0.000000
8,-2,-34,8.7510085e+20,0.000000
9,2,-27,8.6324374e+20,0.000000
5,3,-48,8.6052514e+20,0.000000
6,-6,-32,8.5210124e+20,0.000000
9,-3,-22,8.478665e+20,0.000000
7,2,-39,8.4670979e+20,0.000000
7,-3,-37,8.4601229e+20,0.000000
8,0,-37,8.4365199e+20,0.000000
8,0,37,8.4365199e+20,0.000000
9,8,-8,8.434335e+20,0.000000
8,-6,-10,8.4016466e+20,0.000000
9,-5,-11,8.401207e+20,0.000000
10,-2,-7,8.3392205e+20,0.000000
9,2,52,8.2724666e+20,0.000000
9,-5,-14,8.2667947e+20,0.000000
9,2,-4,8.2137041e+20,0.000000
10,-3,53,8.1745526e+20,0.000000
6,-5,-32,8.1608233e+20,0.000000
9,1,-34,8.1556921e+20,0.000000
8,7,-8,8.1035083e+20,0.000000
8,6,-9,8.0569743e+20,0.000000
9,5,-14,7.9611932e+20,0.000000
10,-1,-8,7.9436592e+20,0.000000
10,-2,-11,7.8952685e+20,0.000000
6,-4,-42,7.8910033e+20,0.000000
7,-2,-35,7.8864484e+20,0.000000
6,-2,-53,7.8842998e+20,0.000000
10,10,-9,7.7764445e+20,0.000000
7,2,-40,7.7648954e+20,0.000000
9,5,-6,7.7489216e+20,0.000000
9,3,-24,7.7329286e+20,0.000000
8,-6,-20,7.7185074e+20,0.000000
4,3,-47,7.6795235e+20,0.000000
10,-1,32,7.6466971e+20,0.000000
8,-5,-8,7.6456835e+20,0.000000
7,-6,-21,7.5143827e+20,0.000000
9,9,-9,7.4790312e+20,0.000000
8,-3,-20,7.4766951e+20,0.000000
10,2,-14,7.3538728e+20,0.000000
8,-3,-22,7.3227722e+20,0.000000
8,5,-9,7.3207874e+20,0.000000
8,-3,-23,7.2739749e+20,0.000000
10,0,-29,7.2072691e+20,0.000000
10,0,29,7.2072691e+20,0.000000
8,-3,-21,7.1492108e+20,0.000000
10,-2,44,7.0930633e+20,0.000000
7,-2,-3,7.0795207e+20,0.000000
8,5,-10,7.0464321e+20,0.000000
6,6,-21,7.0345183e+20,0.000000
9,-1,-36,7.0147625e+20,0.000000
8,0,-38,6.9855407e+20,0.000000
8,0,38,6.9855407e+20,0.000000
10,3,54,6.9757207e+20,0.000000
9,-2,33,6.8870109e+20,0.000000
7,2,-41,6.86953e+20,0.000000
10,-1,-13,6.8670384e+20,0.000000
8,-3,-24,6.8520821e+20,0.000000
8,3,-29,6.7600916e+20,0.000000
5,4,-33,6.7557655e+20,0.000000
9,0,-27,6.7478801e+20,0.000000
9,0,27,6.7478801e+20,0.000000
6,2,-53,6.656772e+20,0.000000
10,2,46,6.6178956e+20,0.000000
7,5,-22,6.6065612e+20,0.000000
10,9,-8,6.588972e+20,0.000000
6,-3,-41,6.576153e+20,0.000000
6,2,-54,6.4959202e+20,0.000000
10,1,12,6.4798368e+20,0.000000
9,-5,-15,6.4036805e+20,0.000000
7,-7,-18,6.288794e+20,0.000000
7,6,-8,6.2693847e+20,0.000000
7,3,-41,6.2615592e+20,0.000000
8,-4,-5,6.2379041e+20,0.000000
6,4,-36,6.1959078e+20,0.000000
5,-5,-43,6.1577266e+20,0.000000
7,-4,-32,6.145799e+20,0.000000
8,-3,-25,6.1358503e+20,0.000000
7,1,-53,6.1129022e+20,0.000000
10,-3,54,6.0596881e+20,0.000000
8,-4,-26,6.035092e+20,0.000000
10,2,-19,6.0089597e+20,0.000000
9,1,43,5.9697803e+20,0.000000
7,-1,-49,5.9624244e+20,0.000000
7,-2,-36,5.9592892e+20,0.000000
8,4,-29,5.9060989e+20,0.000000
6,5,-20,5.9005309e+20,0.000000
7,2,-42,5.8919149e+20,0.000000
9,1,-35,5.8778866e+20,0.000000
4,4,-38,5.819179e+20,0.000000
10,2,-18,5.8019584e+20,0.000000
7,4,-29,5.7927487e+20,0.000000
9,5,-15,5.7195324e+20,0.000000
8,-5,-16,5.7149963e+20,0.000000
9,-1,45,5.7130275e+20,0.000000
7,-3,-38,5.7095295e+20,0.000000
10,2,-20,5.7080757e+20,0.000000
6,3,-43,5.7019411e+20,0.000000
8,5,-11,5.6916459e+20,0.000000
8,0,-39,5.6652439e+20,0.000000
8,0,39,5.6652439e+20,0.000000
8,-1,-42,5.6461759e+20,0.000000
8,1,-43,5.6081097e+20,0.000000
6,-1,-44,5.5682934e+20,0.000000
7,-2,-37,5.5317333e+20,0.000000
7,1,-55,5.5132227e+20,0.000000
7,-2,-38,5.4319495e+20,0.000000
6,-5,-33,5.3950367e+20,0.000000
5,5,-28,5.3730334e+20,0.000000
9,2,-28,5.3597854e+20,0.000000
10,5,-5,5.3575594e+20,0.000000
5,3,-49,5.3538836e+20,0.000000
10,3,55,5.3490112e+20,0.000000
4,-2,-30,5.3361633e+20,0.000000
8,-3,-26,5.2640838e+20,0.000000
7,-2,-39,5.2466302e+20,0.000000
8,-2,-2,5.2309034e+20,0.000000
8,-6,-21,5.1717477e+20,0.000000
10,-2,45,5.1142356e+20,0.000000
10,-1,33,5.0881395e+20,0.000000
10,2,-17,5.0851616e+20,0.000000
10,2,-21,5.0550201e+20,0.000000
9,-2,34,5.0248516e+20,0.000000
8,3,-30,5.0221333e+20,0.000000
9,-1,-37,4.9976505e+20,0.000000
7,2,-43,4.9252089e+20,0.000000
7,1,-54,4.9129487e+20,0.000000
7,-2,-40,4.8888321e+20,0.000000
10,-1,-14,4.8662194e+20,0.000000
6,-6,-33,4.8329492e+20,0.000000
10,2,47,4.8126786e+20,0.000000
8,5,-8,4.7702667e+20,0.000000
8,-2,-35,4.7439893e+20,0.000000
9,2,53,4.734873e+20,0.000000
10,1,3,4.7130531e+20,0.000000
7,-6,-22,4.711666e+20,0.000000
6,2,-55,4.6900927e+20,0.000000
9,-5,-16,4.6581585e+20,0.000000
8,-4,-6,4.6236215e+20,0.000000
5,-4,-42,4.5715638e+20,0.000000
8,0,-40,4.5053984e+20,0.000000
8,0,40,4.5053984e+20,0.000000
10,-3,55,4.4948859e+20,0.000000
4,3,-48,4.494838e+20,0.000000
8,2,-38,4.4808682e+20,0.000000
8,1,-2,4.4764686e+20,0.000000
9,-5,-10,4.4512156e+20,0.000000
7,-2,-41,4.3947366e+20,0.000000
10,-1,-7,4.3872844e+20,0.000000
9,-3,-23,4.3832827e+20,0.000000
8,-3,-27,4.3588881e+20,0.000000
10,-2,-12,4.3229361e+20,0.000000
10,2,-15,4.2985374e+20,0.000000
7,-5,-27,4.2950103e+20,0.000000
10,2,-1,4.2579147e+20,0.000000
10,2,-16,4.2319954e+20,0.000000
10,2,-22,4.2316748e+20,0.000000
8,5,-12,4.184158e+20,0.000000
10,0,-30,4.1820154e+20,0.000000
10,0,30,4.1820154e+20,0.000000
9,1,-36,4.1809046e+20,0.000000
6,-3,-42,4.1704753e+20,0.000000
9,5,-8,4.1126459e+20,0.000000
10,4,-10,4.1078786e+20,0.000000
6,-4,-43,4.070249e+20,0.000000
7,2,-44,4.0317793e+20,0.000000
7,3,-42,4.018855e+20,0.000000
10,1,13,3.994981e+20,0.000000
9,5,-16,3.9296514e+20,0.000000
8,-4,-27,3.8776842e+20,0.000000
7,-3,-39,3.8309257e+20,0.000000
7,-2,-42,3.8297512e+20,0.000000
9,0,-28,3.8071283e+20,0.000000
9,0,28,3.8071283e+20,0.000000
8,8,-9,3.7623655e+20,0.000000
6,5,-21,3.7338663e+20,0.000000
10,4,-9,3.7116496e+20,0.000000
6,6,-22,3.7115949e+20,0.000000
10,4,-4,3.6866603e+20,0.000000
7,-7,-19,3.6822097e+20,0.000000
8,3,-31,3.6711507e+20,0.000000
10,-2,46,3.6702311e+20,0.000000
7,-4,-33,3.6387714e+20,0.000000
9,-2,35,3.6188143e+20,0.000000
8,-1,-43,3.574083e+20,0.000000
10,8,-8,3.5718955e+20,0.000000
8,4,-30,3.5636508e+20,0.000000
6,-5,-34,3.5620444e+20,0.000000
9,3,-25,3.5613777e+20,0.000000
10,1,19,3.5295209e+20,0.000000
8,0,-41,3.5277728e+20,0.000000
8,0,41,3.5277728e+20,0.000000
8,-5,-17,3.5246132e+20,0.000000
9,-1,-38,3.52385e+20,0.000000
8,-3,-28,3.5067957e+20,0.000000
6,3,-44,3.4995328e+20,0.000000
8,1,-44,3.4867325e+20,0.000000
10,1,20,3.4511411e+20,0.000000
5,4,-34,3.4424842e+20,0.000000
8,-6,-22,3.4205989e+20,0.000000
5,3,-50,3.4187111e+20,0.000000
10,1,18,3.4120716e+20,0.000000
9,1,44,3.3967023e+20,0.000000
10,2,-23,3.3832391e+20,0.000000
10,2,48,3.3698444e+20,0.000000
7,4,-30,3.3415415e+20,0.000000
10,-1,34,3.3239266e+20,0.000000
10,4,-11,3.2979852e+20,0.000000
9,2,-29,3.275633e+20,0.000000
7,-2,-43,3.2522828e+20,0.000000
7,2,-45,3.2433942e+20,0.000000
6,4,-37,3.2391691e+20,0.000000
9,-5,-17,3.2323314e+20,0.000000
10,1,21,3.2068038e+20,0.000000
10,-1,-15,3.1871163e+20,0.000000
9,-1,46,3.1822654e+20,0.000000
4,4,-39,3.1598318e+20,0.000000
5,5,-29,3.1456476e+20,0.000000
10,1,17,3.1204327e+20,0.000000
6,-1,-45,2.9566192e+20,0.000000
9,1,-37,2.9492757e+20,0.000000
7,-6,-23,2.9365643e+20,0.000000
7,5,-23,2.93596e+20,0.000000
10,7,-7,2.9076914e+20,0.000000
7,7,-9,2.9005861e+20,0.000000
8,5,-13,2.8915612e+20,0.000000
10,1,22,2.8493861e+20,0.000000
10,1,14,2.8213966e+20,0.000000
9,0,-29,2.7886089e+20,0.000000
9,0,29,2.7886089e+20,0.000000
10,1,16,2.7604015e+20,0.000000
6,-6,-34,2.7540975e+20,0.000000
8,-3,-29,2.7534276e+20,0.000000
8,0,-42,2.7254821e+20,0.000000
8,0,42,2.7254821e+20,0.000000
7,-2,-44,2.7040695e+20,0.000000
4,3,-49,2.6492191e+20,0.000000
8,3,-32,2.6484529e+20,0.000000
6,-3,-43,2.6360205e+20,0.000000
10,-2,47,2.621824e+20,0.000000
9,0,-32,2.6168788e+20,0.000000
9,0,32,2.6168788e+20,0.000000
9,5,-17,2.6068278e+20,0.000000
10,2,-24,2.6050488e+20,0.000000
9,0,-31,2.6011375e+20,0.000000
9,0,31,2.6011375e+20,0.000000
9,0,-30,2.5751655e+20,0.000000
9,0,30,2.5751655e+20,0.000000
9,-2,36,2.5749433e+20,0.000000
7,3,-43,2.5736139e+20,0.000000
7,2,-46,2.5717993e+20,0.000000
7,6,-11,2.5664642e+20,0.000000
7,-3,-40,2.5532378e+20,0.000000
10,1,15,2.5491669e+20,0.000000
9,0,-33,2.5391908e+20,0.000000
9,0,33,2.5391908e+20,0.000000
7,6,-10,2.5318997e+20,0.000000
8,-2,-36,2.5031107e+20,0.000000
9,7,-8,2.4856314e+20,0.000000
8,-4,-28,2.4725017e+20,0.000000
10,2,49,2.4683086e+20,0.000000
9,-1,-39,2.4642891e+20,0.000000
10,1,23,2.434764e+20,0.000000
6,5,-22,2.3665613e+20,0.000000
9,0,-34,2.3654053e+20,0.000000
9,0,34,2.3654053e+20,0.000000
10,0,-31,2.3534951e+20,0.000000
10,0,31,2.3534951e+20,0.000000
6,-5,-35,2.3499344e+20,0.000000
5,-5,-45,2.3339251e+20,0.000000
7,7,-10,2.2740869e+20,0.000000
5,3,-51,2.2632684e+20,0.000000
4,-2,-31,2.2623471e+20,0.000000
4,-2,-34,2.2439207e+20,0.000000
8,-1,-44,2.2405768e+20,0.000000
8,-6,-23,2.2399015e+20,0.000000
10,-2,-5,2.2366854e+20,0.000000
10,4,-12,2.2143017e+20,0.000000
7,-2,-45,2.2084216e+20,0.000000
9,5,-9,2.2052729e+20,0.000000
4,-2,-33,2.1914574e+20,0.000000
7,-1,-51,2.19143e+20,0.000000
9,-3,-24,2.1726508e+20,0.000000
9,-5,-18,2.1620221e+20,0.000000
6,-4,-44,2.1455878e+20,0.000000
9,4,-14,2.144182e+20,0.000000
8,1,-45,2.1438658e+20,0.000000
8,4,-31,2.1430908e+20,0.000000
7,-4,-34,2.141593e+20,0.000000
6,3,-45,2.1412636e+20,0.000000
10,-1,35,2.1321717e+20,0.000000
9,0,-35,2.1224414e+20,0.000000
9,0,35,2.1224414e+20,0.000000
8,-3,-30,2.1196615e+20,0.000000
7,-7,-20,2.1138953e+20,0.000000
7,6,-12,2.1018137e+20,0.000000
9,4,-15,2.1015313e+20,0.000000
8,-5,-18,2.090987e+20,0.000000
8,0,-43,2.0843717e+20,0.000000
8,0,43,2.0843717e+20,0.000000
4,-2,-35,2.0798409e+20,0.000000
8,6,-13,2.0673359e+20,0.000000
9,1,-38,2.059889e+20,0.000000
5,-4,-43,2.0509683e+20,0.000000
8,2,-39,2.0485861e+20,0.000000
8,6,-12,2.0422146e+20,0.000000
7,2,-47,2.0140541e+20,0.000000
10,1,24,2.0102065e+20,0.000000
10,-2,-13,2.0028533e+20,0.000000
9,4,-13,1.9895393e+20,0.000000
4,-2,-32,1.9861421e+20,0.000000
9,2,-30,1.9699191e+20,0.000000
6,6,-23,1.9589534e+20,0.000000
9,4,-7,1.9540212e+20,0.000000
9,6,-7,1.9484374e+20,0.000000
10,2,-25,1.9425838e+20,0.000000
10,-1,-16,1.9296338e+20,0.000000
7,4,-31,1.9175558e+20,0.000000
9,4,-16,1.9174177e+20,0.000000
9,1,45,1.9146436e+20,0.000000
8,5,-14,1.9076569e+20,0.000000
8,3,-33,1.8883841e+20,0.000000
10,-2,48,1.8681824e+20,0.000000
9,0,-36,1.8444639e+20,0.000000
9,0,36,1.8444639e+20,0.000000
5,5,-30,1.8438841e+20,0.000000
7,-6,-24,1.8219177e+20,0.000000
9,-2,37,1.8116341e+20,0.000000
4,4,-40,1.8084971e+20,0.000000
4,-2,-36,1.7827866e+20,0.000000
7,-5,-28,1.7478365e+20,0.000000
5,4,-35,1.7375709e+20,0.000000
7,-2,-46,1.7330822e+20,0.000000
8,6,-14,1.732311e+20,0.000000
9,-1,-40,1.7131165e+20,0.000000
7,-3,-41,1.695347e+20,0.000000
6,4,-38,1.6817832e+20,0.000000
9,5,-18,1.6794315e+20,0.000000
6,-3,-44,1.6604839e+20,0.000000
9,4,-17,1.6536518e+20,0.000000
7,3,-44,1.6326658e+20,0.000000
9,4,-12,1.6200727e+20,0.000000
10,1,25,1.6098596e+20,0.000000
8,-3,-31,1.6042448e+20,0.000000
8,0,-44,1.5793012e+20,0.000000
8,0,44,1.5793012e+20,0.000000
4,3,-50,1.5758791e+20,0.000000
6,-6,-35,1.5698786e+20,0.000000
8,-4,-29,1.5679887e+20,0.000000
9,0,-37,1.5608825e+20,0.000000
9,0,37,1.5608825e+20,0.000000
7,2,-48,1.5605441e+20,0.000000
9,3,-26,1.557104e+20,0.000000
5,3,-52,1.5513146e+20,0.000000
6,-5,-36,1.5483554e+20,0.000000
7,6,-13,1.5475165e+20,0.000000
6,-1,-46,1.5326257e+20,0.000000
6,5,-23,1.5002345e+20,0.000000
7,-1,-52,1.4832121e+20,0.000000
5,-5,-46,1.461566e+20,0.000000
9,4,-8,1.4602267e+20,0.000000
8,-6,-24,1.4546199e+20,0.000000
7,6,-9,1.44744e+20,0.000000
4,-2,-37,1.4419185e+20,0.000000
9,1,-39,1.4282737e+20,0.000000
7,-2,-47,1.413633e+20,0.000000
10,-1,-4,1.4110313e+20,0.000000
10,2,-26,1.4110204e+20,0.000000
9,-5,-19,1.4039988e+20,0.000000
10,4,-8,1.4023315e+20,0.000000
8,-1,-45,1.3887741e+20,0.000000
9,4,-18,1.3621672e+20,0.000000
10,2,50,1.3442425e+20,0.000000
10,-1,36,1.3426777e+20,0.000000
8,3,-34,1.3340368e+20,0.000000
10,-1,-6,1.3327696e+20,0.000000
10,-2,49,1.3285941e+20,0.000000
8,6,-11,1.3190588e+20,0.000000
8,6,-15,1.3161085e+20,0.000000
10,4,-13,1.3089829e+20,0.000000
6,3,-46,1.3066322e+20,0.000000
8,1,-46,1.3008909e+20,0.000000
9,0,-38,1.2896717e+20,0.000000
9,0,38,1.2896717e+20,0.000000
10,0,-32,1.2871101e+20,0.000000
10,0,32,1.2871101e+20,0.000000
10,3,-12,1.2853635e+20,0.000000
8,-2,-37,1.2830159e+20,0.000000
8,4,-32,1.2787842e+20,0.000000
8,6,-8,1.2773512e+20,0.000000
10,3,-11,1.2635876e+20,0.000000
9,-2,38,1.2612108e+20,0.000000
7,5,-24,1.2593522e+20,0.000000
10,1,26,1.2544034e+20,0.000000
7,-4,-35,1.2511083e+20,0.000000
8,5,-15,1.211081e+20,0.000000
9,-5,-8,1.2088928e+20,0.000000
7,2,-49,1.1974398e+20,0.000000
8,-3,-32,1.1972981e+20,0.000000
8,-5,-19,1.1967212e+20,0.000000
7,-7,-21,1.1941119e+20,0.000000
8,0,-45,1.1884154e+20,0.000000
8,0,45,1.1884154e+20,0.000000
7,-1,-53,1.1865755e+20,0.000000
9,-1,-41,1.1825558e+20,0.000000
10,3,-13,1.17437e+20,0.000000
9,2,-31,1.1658316e+20,0.000000
10,2,51,1.1543343e+20,0.000000
7,-6,-25,1.1263798e+20,0.000000
9,1,-40,1.1223714e+20,0.000000
7,-3,-42,1.1206622e+20,0.000000
4,-2,-38,1.1163286e+20,0.000000
4,4,-41,1.1101098e+20,0.000000
9,4,-11,1.1090512e+20,0.000000
7,-2,-48,1.1056355e+20,0.000000
7,-1,-55,1.0999687e+20,0.000000
9,-3,-3,1.0987844e+20,0.000000
5,3,-53,1.0981541e+20,0.000000
7,4,-32,1.0948985e+20,0.000000
6,-4,-45,1.0910075e+20,0.000000
10,-2,-6,1.0892462e+20,0.000000
5,5,-31,1.0823012e+20,0.000000
9,4,-19,1.0796816e+20,0.000000
10,-1,-17,1.0791273e+20,0.000000
9,1,46,1.078917e+20,0.000000
7,6,-14,1.0722107e+20,0.000000
9,-1,48,1.0714501e+20,0.000000
10,3,-10,1.0639087e+20,0.000000
9,5,-19,1.0546788e+20,0.000000
9,-4,-4,1.0476895e+20,0.000000
9,0,-39,1.0456399e+20,0.000000
9,0,39,1.0456399e+20,0.000000
6,-3,-45,1.0425229e+20,0.000000
7,3,-45,1.0361393e+20,0.000000
6,6,-24,1.0340609e+20,0.000000
9,-3,-25,1.0262039e+20,0.000000
6,-5,-37,1.0188447e+20,0.000000
10,-3,-2,1.0055055e+20,0.000000
10,2,-27,1.0006513e+20,0.000000
10,3,-14,9.8913562e+19,0.000000
8,-4,-30,9.8737149e+19,0.000000
10,1,27,9.533945e+19,0.000000
6,5,-24,9.5025068e+19,0.000000
4,3,-51,9.4887645e+19,0.000000
8,6,-16,9.437885e+19,0.000000
8,-6,-25,9.3896644e+19,0.000000
8,3,-35,9.3427398e+19,0.000000
5,-4,-44,9.3183998e+19,0.000000
10,-2,50,9.2268603e+19,0.000000
6,-6,-36,8.9888674e+19,0.000000
9,-5,-20,8.8974853e+19,0.000000
8,0,-46,8.8793492e+19,0.000000
8,0,46,8.8793492e+19,0.000000
8,-3,-33,8.823319e+19,0.000000
5,-5,-47,8.7891028e+19,0.000000
7,2,-50,8.7291037e+19,0.000000
9,-2,39,8.6934728e+19,0.000000
5,4,-36,8.6699867e+19,0.000000
6,4,-39,8.6683202e+19,0.000000
8,2,-40,8.6649116e+19,0.000000
8,-1,-46,8.4932386e+19,0.000000
7,7,-11,8.4827333e+19,0.000000
9,-8,-10,8.4498832e+19,0.000000
7,-5,-29,8.3991456e+19,0.000000
7,-2,-49,8.3988915e+19,0.000000
4,-2,-39,8.357241e+19,0.000000
9,0,-40,8.3425464e+19,0.000000
9,0,40,8.3425464e+19,0.000000
10,-1,37,8.3045505e+19,0.000000
9,4,-20,8.2803999e+19,0.000000
10,-2,-14,8.2475064e+19,0.000000
9,-1,-42,8.1179719e+19,0.000000
10,-5,-5,8.0344662e+19,0.000000
5,3,-54,7.9891306e+19,0.000000
6,3,-47,7.9590403e+19,0.000000
8,6,-10,7.8771311e+19,0.000000
9,4,-5,7.8650316e+19,0.000000
6,-1,-47,7.835263e+19,0.000000
10,3,-15,7.7992271e+19,0.000000
8,4,-33,7.6248912e+19,0.000000
8,5,-16,7.4295098e+19,0.000000
10,2,52,7.4059293e+19,0.000000
4,4,-42,7.395483e+19,0.000000
7,-3,-43,7.3511108e+19,0.000000
7,-4,-36,7.2521907e+19,0.000000
9,4,-9,7.1670076e+19,0.000000
7,6,-15,7.1507033e+19,0.000000
10,1,-10,7.091155e+19,0.000000
10,1,28,7.0814645e+19,0.000000
10,-2,-19,7.0637882e+19,0.000000
10,1,-9,6.9956981e+19,0.000000
10,2,-28,6.9650321e+19,0.000000
10,-2,-20,6.958599e+19,0.000000
10,3,-9,6.9575163e+19,0.000000
10,4,-14,6.9447578e+19,0.000000
7,-6,-26,6.9430269e+19,0.000000
7,2,-51,6.8793594e+19,0.000000
9,4,-10,6.8159702e+19,0.000000
10,0,-33,6.8153862e+19,0.000000
10,0,33,6.8153862e+19,0.000000
9,2,-32,6.7802643e+19,0.000000
9,1,-41,6.7571821e+19,0.000000
6,-5,-38,6.7003029e+19,0.000000
7,-7,-22,6.6538926e+19,0.000000
7,-2,-50,6.6295488e+19,0.000000
8,-5,-20,6.617057e+19,0.000000
10,-2,51,6.6103449e+19,0.000000
8,0,-47,6.6073375e+19,0.000000
8,0,47,6.6073375e+19,0.000000
9,0,-41,6.5637301e+19,0.000000
9,0,41,6.5637301e+19,0.000000
6,-3,-46,6.5274296e+19,0.000000
8,6,-17,6.5172677e+19,0.000000
7,3,-46,6.5109938e+19,0.000000
8,3,-36,6.4996898e+19,0.000000
10,-2,-18,6.4907227e+19,0.000000
9,3,-27,6.4854307e+19,0.000000
9,5,-20,6.4729975e+19,0.000000
8,-3,-34,6.4391434e+19,0.000000
10,1,-11,6.3720084e+19,0.000000
5,5,-32,6.3581642e+19,0.000000
10,-2,-21,6.3463772e+19,0.000000
8,-2,-38,6.2905671e+19,0.000000
9,1,47,6.234296e+19,0.000000
7,4,-33,6.2168799e+19,0.000000
6,-4,-46,6.1904254e+19,0.000000
9,4,-21,6.1717451e+19,0.000000
4,-2,-40,6.0954952e+19,0.000000
8,-6,-26,6.0248153e+19,0.000000
6,5,-25,6.010451e+19,0.000000
10,1,1,6.0019159e+19,0.000000
9,-2,40,5.9368165e+19,0.000000
5,3,-55,5.9076209e+19,0.000000
10,-1,-5,5.8585612e+19,0.000000
8,-1,-2,5.8507876e+19,0.000000
10,1,-8,5.8341733e+19,0.000000
10,3,-16,5.8115533e+19,0.000000
4,3,-52,5.800337e+19,0.000000
8,-4,-31,5.7950096e+19,0.000000
10,-1,-18,5.6068914e+19,0.000000
10,-6,-8,5.5503775e+19,0.000000
9,-1,-43,5.5237143e+19,0.000000
9,-5,-21,5.5223953e+19,0.000000
6,6,-25,5.4582662e+19,0.000000
10,-2,-22,5.4518462e+19,0.000000
4,4,-43,5.3517157e+19,0.000000
9,-5,-9,5.3235468e+19,0.000000
10,-2,-17,5.2931089e+19,0.000000
8,5,-7,5.2888581e+19,0.000000
10,1,-12,5.2032346e+19,0.000000
7,5,-25,5.1933267e+19,0.000000
6,-6,-37,5.1503767e+19,0.000000
10,1,29,5.1482389e+19,0.000000
9,-3,-5,5.1468276e+19,0.000000
7,2,-52,5.1336808e+19,0.000000
8,-1,-47,5.111323e+19,0.000000
9,0,-42,5.1047532e+19,0.000000
9,0,42,5.1047532e+19,0.000000
10,-1,38,5.0461809e+19,0.000000
9,-1,50,5.0376084e+19,0.000000
7,-5,-30,4.9631409e+19,0.000000
10,0,-37,4.9593572e+19,0.000000
10,0,37,4.9593572e+19,0.000000
7,-2,-51,4.9480591e+19,0.000000
8,0,-48,4.8830742e+19,0.000000
8,0,48,4.8830742e+19,0.000000
6,3,-48,4.8480684e+19,0.000000
7,-3,-44,4.7848474e+19,0.000000
10,2,-29,4.7542364e+19,0.000000
10,-2,52,4.751801e+19,0.000000
10,4,-7,4.6985083e+19,0.000000
8,-3,-35,4.6541298e+19,0.000000
7,6,-16,4.6464803e+19,0.000000
7,-5,-31,4.6442567e+19,0.000000
5,-4,-45,4.6065717e+19,0.000000
9,-3,-26,4.6029207e+19,0.000000
9,1,-42,4.5757308e+19,0.000000
8,1,-48,4.5491102e+19,0.000000
8,4,-34,4.5040705e+19,0.000000
8,3,-37,4.4913701e+19,0.000000
9,4,-22,4.4866859e+19,0.000000
10,-2,-23,4.4651916e+19,0.000000
6,4,-40,4.4258775e+19,0.000000
8,5,-17,4.4129511e+19,0.000000
6,-5,-39,4.4001615e+19,0.000000
8,6,-18,4.3808143e+19,0.000000
4,-2,-41,4.3574743e+19,0.000000
7,-6,-27,4.2735223e+19,0.000000
5,4,-37,4.2660725e+19,0.000000
7,-5,-32,4.261261e+19,0.000000
8,2,-3,4.2369042e+19,0.000000
7,-4,-37,4.1624632e+19,0.000000
4,4,-44,4.1585726e+19,0.000000
10,-2,-15,4.1485521e+19,0.000000
10,3,-17,4.1164852e+19,0.000000
7,3,-47,4.1096006e+19,0.000000
6,-1,-48,4.0893385e+19,0.000000
6,-3,-47,4.0795609e+19,0.000000
7,7,-12,4.0652389e+19,0.000000
10,-2,-16,4.0340173e+19,0.000000
9,-2,41,4.0190272e+19,0.000000
9,0,-43,3.9302586e+19,0.000000
9,0,43,3.9302586e+19,0.000000
10,1,-13,3.9126691e+19,0.000000
9,-1,52,3.9001648e+19,0.000000
9,5,-21,3.8894692e+19,0.000000
9,2,-33,3.8740489e+19,0.000000
8,-4,-32,3.8587564e+19,0.000000
8,-6,-27,3.8539269e+19,0.000000
6,5,-26,3.7949946e+19,0.000000
7,-5,-33,3.7912165e+19,0.000000
9,-1,-44,3.7722295e+19,0.000000
5,5,-33,3.7394347e+19,0.000000
9,1,48,3.727637e+19,0.000000
10,1,-7,3.7225383e+19,0.000000
10,1,30,3.6673102e+19,0.000000
9,2,-2,3.6331264e+19,0.000000
4,3,-53,3.6124143e+19,0.000000
8,0,-49,3.6003263e+19,0.000000
8,0,49,3.6003263e+19,0.000000
8,-5,-21,3.5365566e+19,0.000000
10,0,-34,3.5311976e+19,0.000000
10,0,34,3.5311976e+19,0.000000
10,-2,-24,3.5193679e+19,0.000000
7,4,-34,3.5103957e+19,0.000000
4,4,-45,3.4116543e+19,0.000000
9,-5,-22,3.3662495e+19,0.000000
8,-3,-36,3.3390534e+19,0.000000
10,4,-15,3.3312241e+19,0.000000
8,2,-41,3.3274331e+19,0.000000
7,-5,-34,3.3066561e+19,0.000000
6,-4,-47,3.2919339e+19,0.000000
10,2,-30,3.2041038e+19,0.000000
9,4,-23,3.1912357e+19,0.000000
7,-3,-45,3.113445e+19,0.000000
8,3,-38,3.0884769e+19,0.000000
9,1,-43,3.0874931e+19,0.000000
4,-2,-42,3.0701815e+19,0.000000
6,-6,-38,3.0681635e+19,0.000000
10,-1,39,3.0194674e+19,0.000000
8,-1,-48,3.0166873e+19,0.000000
9,0,-44,3.0008847e+19,0.000000
9,0,44,3.0008847e+19,0.000000
6,3,-49,2.9659761e+19,0.000000
7,6,-17,2.9620436e+19,0.000000
8,-2,-39,2.9258048e+19,0.000000
4,4,-46,2.9032595e+19,0.000000
6,-5,-40,2.885256e+19,0.000000
8,6,-19,2.8843343e+19,0.000000
6,6,-26,2.8821207e+19,0.000000
9,-1,51,2.819683e+19,0.000000
10,-1,-19,2.8107762e+19,0.000000
7,2,-54,2.7969764e+19,0.000000
7,-2,-52,2.7888696e+19,0.000000
10,-4,-10,2.7886006e+19,0.000000
5,-4,-46,2.7839507e+19,0.000000
10,3,-18,2.7816107e+19,0.000000
10,3,-8,2.7725367e+19,0.000000
10,1,-14,2.7271973e+19,0.000000
7,-5,-35,2.7257273e+19,0.000000
10,-4,-11,2.7036728e+19,0.000000
9,-2,42,2.6987219e+19,0.000000
9,3,-28,2.694331e+19,0.000000
10,-2,-25,2.6856084e+19,0.000000
8,4,-35,2.6652487e+19,0.000000
8,0,-50,2.6404658e+19,0.000000
8,0,50,2.6404658e+19,0.000000
7,-6,-28,2.6256413e+19,0.000000
10,-2,-1,2.5922894e+19,0.000000
7,3,-48,2.5711301e+19,0.000000
10,1,31,2.5619202e+19,0.000000
7,-7,-23,2.5611753e+19,0.000000
6,-3,-48,2.5508276e+19,0.000000
8,5,-18,2.5396223e+19,0.000000
4,4,-47,2.5285327e+19,0.000000
9,-1,-45,2.517318e+19,0.000000
9,1,49,2.4720574e+19,0.000000
8,-6,-28,2.4518651e+19,0.000000
8,-4,-33,2.4001059e+19,0.000000
6,5,-27,2.3920214e+19,0.000000
10,-2,54,2.3889667e+19,0.000000
8,-3,-37,2.3774009e+19,0.000000
7,-4,-38,2.3652994e+19,0.000000
6,-1,-49,2.3541565e+19,0.000000
4,3,-54,2.3027134e+19,0.000000
9,5,-22,2.2916499e+19,0.000000
9,0,-45,2.2750087e+19,0.000000
9,0,45,2.2750087e+19,0.000000
6,4,-41,2.2451209e+19,0.000000
7,7,-13,2.2348746e+19,0.000000
4,4,-48,2.2327249e+19,0.000000
9,4,-24,2.2265975e+19,0.000000
7,-5,-36,2.2064472e+19,0.000000
5,5,-34,2.2011698e+19,0.000000
9,2,-34,2.1684595e+19,0.000000
4,-2,-43,2.1443959e+19,0.000000
10,2,-31,2.1202986e+19,0.000000
8,3,-39,2.1126291e+19,0.000000
9,1,-44,2.0780862e+19,0.000000
10,-4,-12,2.0764117e+19,0.000000
5,4,-38,2.0639997e+19,0.000000
7,5,-26,2.0543211e+19,0.000000
5,-4,-47,2.0514418e+19,0.000000
7,2,-55,2.0364266e+19,0.000000
9,-5,-23,2.0184273e+19,0.000000
7,-3,-46,2.0067064e+19,0.000000
7,-7,-24,1.9973355e+19,0.000000
10,-2,-26,1.9960559e+19,0.000000
4,4,-49,1.9863826e+19,0.000000
7,4,-35,1.968554e+19,0.000000
9,-3,-27,1.9650933e+19,0.000000
7,2,-53,1.9210365e+19,0.000000
10,-4,-9,1.911498e+19,0.000000
6,-5,-41,1.8890213e+19,0.000000
8,6,-20,1.8671415e+19,0.000000
7,6,-18,1.8599284e+19,0.000000
8,-5,-22,1.8271716e+19,0.000000
6,3,-50,1.8269854e+19,0.000000
5,-4,-48,1.8153018e+19,0.000000
10,0,-35,1.8098663e+19,0.000000
10,0,35,1.8098663e+19,0.000000
8,0,-51,1.8045551e+19,0.000000
8,0,51,1.8045551e+19,0.000000
9,-2,43,1.7986266e+19,0.000000
10,3,-19,1.7964791e+19,0.000000
10,-1,40,1.7891839e+19,0.000000
4,4,-50,1.7740323e+19,0.000000
10,1,-15,1.7657579e+19,0.000000
10,1,32,1.7559267e+19,0.000000
10,1,-4,1.7414135e+19,0.000000
5,-4,-54,1.7411467e+19,0.000000
8,-1,-49,1.7393586e+19,0.000000
9,0,-46,1.7139081e+19,0.000000
9,0,46,1.7139081e+19,0.000000
6,-6,-39,1.7113077e+19,0.000000
7,-5,-37,1.6909735e+19,0.000000
9,-1,-46,1.6846447e+19,0.000000
8,-3,-38,1.6831726e+19,0.000000
9,-9,-11,1.6688187e+19,0.000000
10,-2,55,1.6606656e+19,0.000000
7,3,-49,1.6538406e+19,0.000000
6,-1,-50,1.6387173e+19,0.000000
7,-6,-29,1.6033309e+19,0.000000
10,-8,-39,1.5972073e+19,0.000000
4,4,-51,1.5868683e+19,0.000000
8,4,-36,1.5572553e+19,0.000000
5,-4,-51,1.5532127e+19,0.000000
10,-1,-20,1.5440712e+19,0.000000
8,-6,-29,1.5320732e+19,0.000000
9,4,-25,1.5277586e+19,0.000000
6,6,-27,1.5223303e+19,0.000000
4,3,-55,1.5175419e+19,0.000000
6,5,-28,1.5051044e+19,0.000000
4,-2,-44,1.4953302e+19,0.000000
8,-4,-34,1.4782128e+19,0.000000
10,4,-16,1.4707831e+19,0.000000
10,1,-6,1.4589662e+19,0.000000
8,1,-50,1.4517095e+19,0.000000
10,-2,-27,1.4483941e+19,0.000000
8,3,-40,1.4396295e+19,0.000000
6,-1,-51,1.4230059e+19,0.000000
6,-1,-53,1.4220605e+19,0.000000
4,4,-52,1.4196577e+19,0.000000
8,5,-19,1.4158057e+19,0.000000
6,-1,-55,1.411879e+19,0.000000
10,3,-6,1.409701e+19,0.000000
6,-3,-49,1.4009402e+19,0.000000
10,-1,-25,1.4005587e+19,0.000000
10,2,-32,1.3934226e+19,0.000000
6,-1,-52,1.3900903e+19,0.000000
9,1,-45,1.3862764e+19,0.000000
10,-1,-24,1.3647095e+19,0.000000
10,-1,-26,1.3578089e+19,0.000000
10,-4,-13,1.3514292e+19,0.000000
9,-1,55,1.3438997e+19,0.000000
6,-4,-48,1.3296833e+19,0.000000
9,5,-23,1.3251163e+19,0.000000
7,-4,-39,1.3250975e+19,0.000000
7,-5,-38,1.3159604e+19,0.000000
5,5,-35,1.2959832e+19,0.000000
7,-3,-47,1.2950942e+19,0.000000
8,-8,-39,1.2921117e+19,0.000000
7,7,-14,1.2898482e+19,0.000000
9,0,-47,1.2859019e+19,0.000000
9,0,47,1.2859019e+19,0.000000
9,3,-29,1.2747463e+19,0.000000
4,4,-53,1.2692463e+19,0.000000
8,-2,-40,1.2625882e+19,0.000000
10,-1,-23,1.257408e+19,0.000000
10,-1,-27,1.2530645e+19,0.000000
5,-4,-53,1.2407639e+19,0.000000
6,-5,-42,1.2348938e+19,0.000000
9,-5,-24,1.19254e+19,0.000000
8,6,-21,1.1914191e+19,0.000000
9,-2,44,1.1906248e+19,0.000000
9,2,-35,1.1881084e+19,0.000000
8,-3,-39,1.1845605e+19,0.000000
10,1,33,1.181275e+19,0.000000
8,2,-51,1.1759106e+19,0.000000
8,2,-42,1.1658293e+19,0.000000
7,6,-19,1.1531751e+19,0.000000
6,3,-51,1.1454406e+19,0.000000
10,-1,-21,1.1378069e+19,0.000000
10,-1,-22,1.1342643e+19,0.000000
4,4,-54,1.1333716e+19,0.000000
9,-7,-14,1.1298265e+19,0.000000
6,4,-42,1.1238938e+19,0.000000
9,-7,-13,1.122788e+19,0.000000
9,-1,-47,1.1146514e+19,0.000000
10,3,-20,1.1096028e+19,0.000000
10,-3,-12,1.1095205e+19,0.000000
10,-1,-28,1.1091437e+19,0.000000
10,2,-4,1.0985879e+19,0.000000
10,-3,-13,1.0966151e+19,0.000000
7,4,-36,1.0960283e+19,0.000000
7,-2,-53,1.0787075e+19,0.000000
7,-7,-25,1.0784547e+19,0.000000
6,-1,-54,1.0744181e+19,0.000000
10,1,-16,1.0613074e+19,0.000000
10,-1,41,1.0533785e+19,0.000000
4,-2,-45,1.0500635e+19,0.000000
9,4,-26,1.0327735e+19,0.000000
10,-2,-28,1.0315012e+19,0.000000
7,3,-50,1.0182156e+19,0.000000
6,-6,-40,1.0166314e+19,0.000000
4,4,-55,1.0108669e+19,0.000000
7,-6,-30,9.8719078e+18,0.000000
8,-6,-30,9.8483859e+18,0.000000
7,-5,-39,9.7945305e+18,0.000000
5,4,-39,9.7852616e+18,0.000000
10,-3,-14,9.7828537e+18,0.000000
10,-3,-11,9.7765297e+18,0.000000
8,3,-41,9.7637511e+18,0.000000
9,-7,-15,9.7330918e+18,0.000000
9,-1,53,9.7287783e+18,0.000000
10,0,-36,9.635386e+18,0.000000
10,0,36,9.635386e+18,0.000000
9,0,-48,9.578036e+18,0.000000
9,0,48,9.578036e+18,0.000000
10,-1,-29,9.4837901e+18,0.000000
6,5,-29,9.4576369e+18,0.000000
9,1,-46,9.3024027e+18,0.000000
10,6,-7,9.2302779e+18,0.000000
8,4,-37,9.1509607e+18,0.000000
8,-5,-23,9.1372225e+18,0.000000
8,-4,-35,9.1147513e+18,0.000000
10,2,-33,8.9756166e+18,0.000000
9,-2,-1,8.8715808e+18,0.000000
5,-5,-50,8.8576344e+18,0.000000
9,-3,-28,8.4497335e+18,0.000000
9,-7,-12,8.3516726e+18,0.000000
8,-3,-40,8.2975335e+18,0.000000
9,3,-30,8.2513254e+18,0.000000
7,-3,-48,8.2191282e+18,0.000000
6,-3,-50,8.0770905e+18,0.000000
6,-5,-43,8.0638307e+18,0.000000
10,-3,-15,8.0512266e+18,0.000000
6,6,-28,8.0497738e+18,0.000000
8,2,-49,8.0127612e+18,0.000000
7,5,-27,7.9049841e+18,0.000000
8,1,-51,7.8818913e+18,0.000000
10,-1,-30,7.8727702e+18,0.000000
9,-2,45,7.8343365e+18,0.000000
10,1,34,7.7997915e+18,0.000000
8,1,-1,7.7668302e+18,0.000000
8,2,-48,7.6690193e+18,0.000000
10,-4,-14,7.6583935e+18,0.000000
8,5,-20,7.6405538e+18,0.000000
5,5,-36,7.6379851e+18,0.000000
9,-7,-16,7.6116032e+18,0.000000
9,5,-24,7.5302931e+18,0.000000
7,7,-15,7.5140461e+18,0.000000
9,-1,-48,7.5121874e+18,0.000000
4,-2,-46,7.5068243e+18,0.000000
8,6,-22,7.5066833e+18,0.000000
8,0,-53,7.4458044e+18,0.000000
8,0,53,7.4458044e+18,0.000000
6,3,-52,7.3744238e+18,0.000000
7,-4,-40,7.3215325e+18,0.000000
9,3,-31,7.2114725e+18,0.000000
10,-2,-29,7.2029689e+18,0.000000
8,2,-47,7.1852065e+18,0.000000
7,-5,-40,7.1656655e+18,0.000000
9,0,-49,7.152205e+18,0.000000
9,0,49,7.152205e+18,0.000000
7,6,-20,7.0708101e+18,0.000000
7,-5,-41,7.051346e+18,0.000000
10,-3,-10,7.036538e+18,0.000000
9,-5,-25,6.940204e+18,0.000000
9,4,-27,6.8938034e+18,0.000000
9,3,-32,6.8507616e+18,0.000000
7,3,-51,6.7555245e+18,0.000000
8,3,-42,6.5992953e+18,0.000000
9,3,-33,6.561948e+18,0.000000
10,3,-21,6.5507377e+18,0.000000
10,4,-17,6.5366684e+18,0.000000
8,2,-46,6.4178334e+18,0.000000
7,-5,-46,6.3834644e+18,0.000000
10,-1,-31,6.3765428e+18,0.000000
9,2,-36,6.3440909e+18,0.000000
10,-1,42,6.2714647e+18,0.000000
10,-3,-16,6.1999611e+18,0.000000
10,-8,-10,6.1882809e+18,0.000000
10,3,-3,6.0736615e+18,0.000000
7,4,-37,6.0462857e+18,0.000000
9,-5,-7,6.0127726e+18,0.000000
8,-3,-4,5.9913364e+18,0.000000
10,1,-5,5.9457937e+18,0.000000
6,5,-30,5.9352482e+18,0.000000
10,1,-17,5.9178233e+18,0.000000
8,-8,-48,5.8933206e+18,0.000000
6,-6,-41,5.8911077e+18,0.000000
9,3,-34,5.8692199e+18,0.000000
8,-3,-41,5.7809049e+18,0.000000
10,2,-34,5.7788443e+18,0.000000
9,3,-4,5.7769003e+18,0.000000
7,-7,-26,5.7623281e+18,0.000000
6,4,-43,5.6062424e+18,0.000000
9,-7,-17,5.5750045e+18,0.000000
8,-4,-36,5.5455476e+18,0.000000
4,-2,-47,5.527824e+18,0.000000
9,0,-50,5.3995254e+18,0.000000
9,0,50,5.3995254e+18,0.000000
8,2,-52,5.2983202e+18,0.000000
8,4,-38,5.2768272e+18,0.000000
10,-4,-4,5.2647752e+18,0.000000
9,3,-35,5.1676277e+18,0.000000
9,-2,-14,5.1356648e+18,0.000000
9,-2,46,5.128678e+18,0.000000
10,9,-9,5.1279069e+18,0.000000
9,8,-9,5.0997441e+18,0.000000
8,-8,-14,5.0728972e+18,0.000000
10,1,35,5.055614e+18,0.000000
10,-1,-32,5.0527592e+18,0.000000
8,2,-45,5.0239478e+18,0.000000
10,0,-38,5.0156521e+18,0.000000
10,0,38,5.0156521e+18,0.000000
10,-2,-30,4.9651516e+18,0.000000
8,-2,-41,4.9638722e+18,0.000000
9,-2,-13,4.9577898e+18,0.000000
8,0,-55,4.941228e+18,0.000000
8,0,55,4.941228e+18,0.000000
6,3,-53,4.9350791e+18,0.000000
8,-1,-51,4.9204663e+18,0.000000
9,-2,-15,4.8746483e+18,0.000000
9,-1,-49,4.7900517e+18,0.000000
10,3,-7,4.7725862e+18,0.000000
8,6,-23,4.6780216e+18,0.000000
7,-5,-42,4.5667755e+18,0.000000
9,4,-28,4.5478783e+18,0.000000
5,4,-40,4.5289865e+18,0.000000
10,-3,-17,4.5095748e+18,0.000000
5,5,-37,4.4981634e+18,0.000000
10,-4,-8,4.4492505e+18,0.000000
8,-5,-24,4.4469309e+18,0.000000
8,3,-43,4.4427047e+18,0.000000
7,-5,-45,4.4349058e+18,0.000000
8,-8,-15,4.4038766e+18,0.000000
7,7,-16,4.3509912e+18,0.000000
8,-8,-13,4.341264e+18,0.000000
9,-2,-16,4.3219229e+18,0.000000
7,3,-52,4.2936484e+18,0.000000
7,6,-21,4.2923796e+18,0.000000
9,1,-48,4.2837096e+18,0.000000
6,6,-29,4.2605352e+18,0.000000
9,-2,-12,4.2603884e+18,0.000000
9,3,-36,4.2407064e+18,0.000000
4,-2,-48,4.2384079e+18,0.000000
9,5,-25,4.204076e+18,0.000000
6,-3,-52,4.1905701e+18,0.000000
8,2,-44,4.1872578e+18,0.000000
9,-3,-29,4.0424763e+18,0.000000
8,-3,-42,4.0153599e+18,0.000000
8,5,-21,3.9881823e+18,0.000000
9,-5,-26,3.9863237e+18,0.000000
8,1,-52,3.9749993e+18,0.000000
7,-4,-41,3.9730629e+18,0.000000
8,7,-9,3.9592351e+18,0.000000
10,-1,-33,3.9317256e+18,0.000000
8,-6,-32,3.9147181e+18,0.000000
9,-7,-18,3.8965285e+18,0.000000
10,-1,43,3.8620432e+18,0.000000
9,0,-51,3.8512007e+18,0.000000
9,0,51,3.8512007e+18,0.000000
10,-4,-15,3.8055494e+18,0.000000
10,4,-18,3.7459994e+18,0.000000
6,5,-31,3.7218581e+18,0.000000
7,-6,-32,3.6970477e+18,0.000000
10,3,-22,3.6910491e+18,0.000000
6,-6,-42,3.6506079e+18,0.000000
10,2,-35,3.6274059e+18,0.000000
9,-2,-17,3.6273262e+18,0.000000
10,-3,-9,3.6200562e+18,0.000000
10,4,-21,3.5977963e+18,0.000000
10,4,-22,3.5062973e+18,0.000000
9,3,-37,3.4904509e+18,0.000000
10,4,-20,3.4445461e+18,0.000000
8,2,-43,3.4413458e+18,0.000000
6,3,-54,3.4116289e+18,0.000000
6,-5,-45,3.4104844e+18,0.000000
4,-2,-49,3.4054888e+18,0.000000
8,-4,-37,3.398491e+18,0.000000
10,-2,-31,3.3597918e+18,0.000000
9,-2,47,3.3436223e+18,0.000000
9,-4,-15,3.3164374e+18,0.000000
7,4,-38,3.30285e+18,0.000000
9,2,-37,3.2987545e+18,0.000000
10,0,-39,3.2930897e+18,0.000000
10,0,39,3.2930897e+18,0.000000
8,-8,-16,3.2889425e+18,0.000000
10,10,-10,3.2813833e+18,0.000000
9,-4,-16,3.2621512e+18,0.000000
10,4,-19,3.2568285e+18,0.000000
10,0,-42,3.2543988e+18,0.000000
10,0,42,3.2543988e+18,0.000000
10,1,36,3.2160421e+18,0.000000
10,4,-23,3.1844363e+18,0.000000
7,5,-28,3.1212098e+18,0.000000
9,-2,-11,3.1179723e+18,0.000000
10,-3,-18,3.1175183e+18,0.000000
8,2,-54,3.0870363e+18,0.000000
10,1,-18,3.0846956e+18,0.000000
8,4,-39,3.0720063e+18,0.000000
9,-4,-14,3.0561749e+18,0.000000
7,-7,-27,3.0543216e+18,0.000000
9,-2,-6,3.0388743e+18,0.000000
10,-1,-34,3.0080037e+18,0.000000
9,-4,-17,2.9825246e+18,0.000000
8,3,-44,2.9791763e+18,0.000000
9,4,-29,2.9725142e+18,0.000000
10,0,-40,2.9600466e+18,0.000000
10,0,40,2.9600466e+18,0.000000
9,-7,-11,2.924994e+18,0.000000
9,-2,-18,2.9097308e+18,0.000000
8,6,-24,2.886008e+18,0.000000
4,-2,-50,2.866389e+18,0.000000
9,0,-1,2.8433039e+18,0.000000
9,0,1,2.8433039e+18,0.000000
6,4,-44,2.7917541e+18,0.000000
6,3,-55,2.7831203e+18,0.000000
10,0,-41,2.7735254e+18,0.000000
10,0,41,2.7735254e+18,0.000000
8,-3,-43,2.7700032e+18,0.000000
10,4,-24,2.7276718e+18,0.000000
9,3,-38,2.7137563e+18,0.000000
9,-3,-30,2.6991248e+18,0.000000
5,5,-38,2.6513377e+18,0.000000
7,-5,-43,2.6494723e+18,0.000000
9,-7,-19,2.6303655e+18,0.000000
7,6,-22,2.582159e+18,0.000000
9,-4,-18,2.5773275e+18,0.000000
7,3,-53,2.564781e+18,0.000000
10,-1,44,2.5246113e+18,0.000000
4,-2,-51,2.5116561e+18,0.000000
8,-6,-33,2.4907175e+18,0.000000
7,7,-17,2.4907142e+18,0.000000
9,-4,-13,2.4527549e+18,0.000000
9,-3,-31,2.4511185e+18,0.000000
9,-3,-32,2.4187083e+18,0.000000
8,-4,-38,2.3594235e+18,0.000000
9,-3,-33,2.3482528e+18,0.000000
6,5,-32,2.3321075e+18,0.000000
10,0,-43,2.3151938e+18,0.000000
10,0,43,2.3151938e+18,0.000000
9,5,-26,2.3108071e+18,0.000000
10,2,-36,2.2951387e+18,0.000000
9,9,-10,2.285111e+18,0.000000
6,-6,-43,2.2767757e+18,0.000000
10,-1,-35,2.2700012e+18,0.000000
4,-2,-52,2.2678794e+18,0.000000
6,6,-30,2.2596409e+18,0.000000
7,-6,-33,2.2581747e+18,0.000000
10,-2,-32,2.2569935e+18,0.000000
6,-6,-45,2.2533731e+18,0.000000
8,-8,-17,2.252918e+18,0.000000
9,-5,-27,2.2517406e+18,0.000000
9,-2,-19,2.2469843e+18,0.000000
10,4,-25,2.2235965e+18,0.000000
9,-3,-34,2.2187547e+18,0.000000
6,-5,-46,2.2164574e+18,0.000000
8,1,-53,2.2064741e+18,0.000000
9,-2,48,2.1732481e+18,0.000000
8,-5,-25,2.144095e+18,0.000000
9,-2,-7,2.1325903e+18,0.000000
9,-4,-19,2.1297927e+18,0.000000
7,-4,-42,2.1272985e+18,0.000000
9,3,-39,2.1232562e+18,0.000000
4,-2,-53,2.0885102e+18,0.000000
9,3,-40,2.0662182e+18,0.000000
10,0,-44,2.056886e+18,0.000000
10,0,44,2.056886e+18,0.000000
10,-3,-19,2.0563142e+18,0.000000
10,8,-9,2.0433075e+18,0.000000
5,4,-41,2.0394862e+18,0.000000
9,-3,-35,2.0184703e+18,0.000000
8,5,-22,2.0126719e+18,0.000000
10,1,37,2.0088833e+18,0.000000
8,3,-45,1.9918904e+18,0.000000
10,3,-23,1.9806312e+18,0.000000
8,-6,-31,1.9599511e+18,0.000000
4,-2,-54,1.9439842e+18,0.000000
9,4,-30,1.9243864e+18,0.000000
8,-3,-44,1.904424e+18,0.000000
5,-5,-52,1.8570945e+18,0.000000
8,-2,-42,1.8458819e+18,0.000000
8,8,-10,1.8423388e+18,0.000000
9,-2,-10,1.8404978e+18,0.000000
4,-2,-55,1.8154697e+18,0.000000
9,-2,-5,1.8115217e+18,0.000000
9,-3,-36,1.799361e+18,0.000000
10,-1,45,1.7890091e+18,0.000000
7,4,-39,1.7815301e+18,0.000000
10,0,-45,1.7791863e+18,0.000000
10,0,45,1.7791863e+18,0.000000
9,1,51,1.7687406e+18,0.000000
8,6,-25,1.7659748e+18,0.000000
8,4,-40,1.7469956e+18,0.000000
10,4,-26,1.7461743e+18,0.000000
9,-7,-20,1.7291688e+18,0.000000
10,7,-8,1.7265297e+18,0.000000
9,-4,-20,1.6973588e+18,0.000000
10,-1,-36,1.6899988e+18,0.000000
9,-2,-20,1.6796516e+18,0.000000
9,2,-38,1.6632351e+18,0.000000
10,-4,-16,1.6614671e+18,0.000000
6,-3,-55,1.6586721e+18,0.000000
8,-8,-12,1.6465734e+18,0.000000
9,0,-53,1.634186e+18,0.000000
9,0,53,1.634186e+18,0.000000
9,1,-50,1.632749e+18,0.000000
9,1,55,1.6207791e+18,0.000000
10,5,-6,1.6066311e+18,0.000000
9,-4,-12,1.6040856e+18,0.000000
7,-7,-28,1.5982548e+18,0.000000
10,1,-19,1.5668843e+18,0.000000
5,5,-39,1.5596275e+18,0.000000
7,6,-23,1.540568e+18,0.000000
8,-6,-34,1.540367e+18,0.000000
10,0,-46,1.5189918e+18,0.000000
10,0,46,1.5189918e+18,0.000000
8,2,-53,1.5177613e+18,0.000000
9,-3,-42,1.5069593e+18,0.000000
10,-2,-33,1.4855029e+18,0.000000
9,-5,-46,1.4693482e+18,0.000000
6,-5,-47,1.4659944e+18,0.000000
8,-8,-18,1.4640465e+18,0.000000
6,5,-33,1.4609679e+18,0.000000
7,5,-29,1.4463545e+18,0.000000
9,-3,-37,1.4456008e+18,0.000000
8,-6,-38,1.4199113e+18,0.000000
10,2,-37,1.4128852e+18,0.000000
9,-2,49,1.4098898e+18,0.000000
10,0,-47,1.4097431e+18,0.000000
10,0,47,1.4097431e+18,0.000000
7,7,-18,1.4072551e+18,0.000000
6,4,-45,1.3892501e+18,0.000000
10,-1,46,1.3814108e+18,0.000000
7,-6,-34,1.3793372e+18,0.000000
9,5,-7,1.3734831e+18,0.000000
10,-4,-7,1.3591751e+18,0.000000
8,2,-55,1.353668e+18,0.000000
10,4,-27,1.3237316e+18,0.000000
8,3,-46,1.3229352e+18,0.000000
9,-4,-21,1.312962e+18,0.000000
8,-6,-45,1.3066698e+18,0.000000
8,-3,-45,1.3057947e+18,0.000000
10,-3,-20,1.2966984e+18,0.000000
10,0,-50,1.2960951e+18,0.000000
10,0,50,1.2960951e+18,0.000000
10,6,-50,1.2657972e+18,0.000000
9,-5,-28,1.2574274e+18,0.000000
6,-6,-44,1.2520617e+18,0.000000
9,3,-41,1.2469621e+18,0.000000
9,5,-27,1.2464068e+18,0.000000
10,-1,-37,1.2450456e+18,0.000000
9,4,-31,1.2371198e+18,0.000000
9,1,-51,1.2341731e+18,0.000000
10,1,38,1.2326273e+18,0.000000
8,-4,-39,1.2307613e+18,0.000000
9,-2,-21,1.2206077e+18,0.000000
8,-2,-47,1.2093163e+18,0.000000
6,6,-31,1.1999917e+18,0.000000
9,-4,-8,1.1600371e+18,0.000000
9,-3,-38,1.1555286e+18,0.000000
10,-6,-45,1.1431347e+18,0.000000
9,3,-55,1.1204103e+18,0.000000
9,7,-9,1.1136918e+18,0.000000
9,-7,-21,1.1133524e+18,0.000000
7,-4,-43,1.1126284e+18,0.000000
6,-3,-53,1.1116936e+18,0.000000
8,6,-26,1.071817e+18,0.000000
8,-5,-26,1.0682213e+18,0.000000
7,-5,-47,1.0580375e+18,0.000000
9,-2,-8,1.0541307e+18,0.000000
8,4,-41,1.0414505e+18,0.000000
10,3,-24,1.0111861e+18,0.000000
10,0,-48,9.9828628e+17,0.000000
10,0,48,9.9828628e+17,0.000000
9,0,-55,9.9679814e+17,0.000000
9,0,55,9.9679814e+17,0.000000
9,-4,-22,9.9058079e+17,0.000000
8,-6,-35,9.880695e+17,0.000000
8,5,-23,9.8354769e+17,0.000000
10,4,-28,9.8225246e+17,0.000000
7,-7,-41,9.8126815e+17,0.000000
10,-2,-34,9.768342e+17,0.000000
10,-1,48,9.743137e+17,0.000000
9,-6,-15,9.7031111e+17,0.000000
9,-2,-9,9.6788506e+17,0.000000
9,-6,-16,9.5869954e+17,0.000000
7,4,-40,9.4740793e+17,0.000000
9,3,-42,9.3482636e+17,0.000000
9,-3,-39,9.333155e+17,0.000000
10,-3,-8,9.3189624e+17,0.000000
9,-7,-41,9.3087464e+17,0.000000
10,-8,-42,9.2421633e+17,0.000000
8,-8,-19,9.205305e+17,0.000000
5,5,-40,9.1768182e+17,0.000000
6,5,-34,9.1483282e+17,0.000000
7,6,-24,9.1238675e+17,0.000000
9,-2,50,9.1127321e+17,0.000000
10,-1,-38,9.0677057e+17,0.000000
8,-3,-46,9.050403e+17,0.000000
7,5,-30,9.0139164e+17,0.000000
5,4,-42,8.9279747e+17,0.000000
10,-1,-3,8.9036994e+17,0.000000
10,1,-20,8.8016063e+17,0.000000
8,3,-47,8.7612465e+17,0.000000
10,2,-38,8.7521896e+17,0.000000
9,-6,-17,8.7277447e+17,0.000000
9,-6,-14,8.7245685e+17,0.000000
9,-4,-7,8.7192193e+17,0.000000
9,-2,-22,8.6523187e+17,0.000000
10,0,-49,8.5479777e+17,0.000000
10,0,49,8.5479777e+17,0.000000
7,-6,-35,8.4013665e+17,0.000000
7,-7,-29,8.299358e+17,0.000000
9,2,-39,8.2173454e+17,0.000000
8,-2,-45,8.0572499e+17,0.000000
10,-6,-12,7.9357758e+17,0.000000
9,4,-32,7.887336e+17,0.000000
7,7,-19,7.8451385e+17,0.000000
10,-3,-21,7.8196394e+17,0.000000
9,-4,-11,7.8106956e+17,0.000000
8,-2,-3,7.5456265e+17,0.000000
9,-6,-18,7.485881e+17,0.000000
10,1,-25,7.443996e+17,0.000000
10,1,39,7.4436136e+17,0.000000
8,-2,-43,7.4173149e+17,0.000000
10,1,-24,7.3880293e+17,0.000000
8,-7,-14,7.3664084e+17,0.000000
8,-6,-42,7.3588977e+17,0.000000
9,-4,-23,7.3176147e+17,0.000000
8,-4,-40,7.3085406e+17,0.000000
10,-1,50,7.2743923e+17,0.000000
8,-7,-13,7.2472499e+17,0.000000
9,-3,-40,7.2354125e+17,0.000000
10,1,-26,7.1022268e+17,0.000000
10,4,-29,7.0778248e+17,0.000000
6,4,-46,7.0755135e+17,0.000000
7,5,-31,7.0586125e+17,0.000000
9,-7,-22,7.0515433e+17,0.000000
10,-6,-11,7.00666e+17,0.000000
10,1,-23,6.9571757e+17,0.000000
9,3,-43,6.8925105e+17,0.000000
9,-5,-29,6.850405e+17,0.000000
8,-7,-15,6.7569635e+17,0.000000
10,-4,-17,6.6797235e+17,0.000000
9,5,-28,6.6323795e+17,0.000000
10,-6,-13,6.5985795e+17,0.000000
10,1,-21,6.5516075e+17,0.000000
10,-1,-39,6.534376e+17,0.000000
9,-6,-13,6.5250764e+17,0.000000
8,-6,-36,6.5234645e+17,0.000000
8,6,-27,6.4715193e+17,0.000000
10,1,-27,6.4599775e+17,0.000000
10,1,-22,6.4294994e+17,0.000000
6,6,-32,6.3933805e+17,0.000000
10,-2,-35,6.3750149e+17,0.000000
10,6,-11,6.3746231e+17,0.000000
8,-7,-12,6.366194e+17,0.000000
10,2,-39,6.3099692e+17,0.000000
8,1,-55,6.3041478e+17,0.000000
9,-4,-9,6.2694908e+17,0.000000
9,1,-52,6.2421884e+17,0.000000
8,-2,-44,6.159772e+17,0.000000
9,-6,-19,6.1380459e+17,0.000000
10,-7,-9,6.1275005e+17,0.000000
9,6,-8,6.1255121e+17,0.000000
7,5,-32,6.0791735e+17,0.000000
8,-3,-47,6.0040449e+17,0.000000
9,-2,-23,5.9986034e+17,0.000000
9,-5,-45,5.9473561e+17,0.000000
8,-2,-48,5.9295206e+17,0.000000
9,-2,51,5.9292729e+17,0.000000
8,-5,-27,5.9265776e+17,0.000000
9,7,-13,5.8991616e+17,0.000000
9,-3,-41,5.8960374e+17,0.000000
9,7,-12,5.8927814e+17,0.000000
10,-1,51,5.8031335e+17,0.000000
8,3,-48,5.7638028e+17,0.000000
7,-4,-44,5.7625583e+17,0.000000
9,1,-2,5.7414005e+17,0.000000
8,4,-42,5.7297302e+17,0.000000
6,5,-35,5.72929e+17,0.000000
8,-7,-16,5.6842858e+17,0.000000
8,-8,-20,5.6689381e+17,0.000000
10,1,-28,5.6410869e+17,0.000000
8,-4,-42,5.6081311e+17,0.000000
5,5,-41,5.3844288e+17,0.000000
10,6,-12,5.3793288e+17,0.000000
7,6,-25,5.3682219e+17,0.000000
9,-4,-24,5.3086586e+17,0.000000
6,-6,-47,5.2016425e+17,0.000000
10,-1,52,5.2011001e+17,0.000000
8,3,-55,5.1359012e+17,0.000000
7,-6,-36,5.1281423e+17,0.000000
7,5,-33,5.104137e+17,0.000000
10,4,-5,5.0630817e+17,0.000000
10,4,-30,5.0581567e+17,0.000000
9,4,-33,5.0060607e+17,0.000000
8,-7,-11,4.9596755e+17,0.000000
7,4,-41,4.9529189e+17,0.000000
10,3,-25,4.9321013e+17,0.000000
9,-6,-20,4.8596785e+17,0.000000
9,3,-44,4.8472504e+17,0.000000
9,7,-14,4.814556e+17,0.000000
10,1,-29,4.7616844e+17,0.000000
6,-6,-46,4.7451539e+17,0.000000
10,-1,-40,4.6845132e+17,0.000000
8,5,-24,4.6841145e+17,0.000000
8,-6,-40,4.6791119e+17,0.000000
10,-6,-14,4.5864554e+17,0.000000
10,5,-13,4.5104415e+17,0.000000
10,-3,-22,4.5046454e+17,0.000000
8,-7,-17,4.4561307e+17,0.000000
10,1,40,4.4463628e+17,0.000000
10,5,-14,4.3158562e+17,0.000000
7,7,-20,4.3153126e+17,0.000000
8,-4,-41,4.3130274e+17,0.000000
9,-7,-42,4.2742995e+17,0.000000
9,-7,-23,4.272317e+17,0.000000
7,-7,-30,4.2199944e+17,0.000000
7,5,-34,4.217123e+17,0.000000
8,-6,-37,4.2095315e+17,0.000000
10,5,-12,4.1631012e+17,0.000000
10,6,-10,4.1447641e+17,0.000000
9,-2,-24,4.0758603e+17,0.000000
10,-2,-36,4.0608758e+17,0.000000
10,-2,-49,4.0465207e+17,0.000000
9,-5,-41,4.0275184e+17,0.000000
10,-4,-22,4.0167535e+17,0.000000
9,2,-40,3.9699539e+17,0.000000
8,-3,-48,3.9671107e+17,0.000000
8,-5,-28,3.931755e+17,0.000000
10,1,-30,3.9041165e+17,0.000000
10,-4,-23,3.8952443e+17,0.000000
8,6,-28,3.8794171e+17,0.000000
6,4,-47,3.858113e+17,0.000000
9,-2,52,3.8506048e+17,0.000000
10,-3,-6,3.8376376e+17,0.000000
5,4,-43,3.8271808e+17,0.000000
10,-4,-21,3.7960357e+17,0.000000
9,-4,-25,3.7918953e+17,0.000000
10,5,-15,3.7879903e+17,0.000000
8,3,-49,3.7843868e+17,0.000000
8,-1,-1,3.7722998e+17,0.000000
9,-6,-21,3.7419289e+17,0.000000
9,-4,-10,3.7400535e+17,0.000000
8,-8,-42,3.6814768e+17,0.000000
10,2,-40,3.6500435e+17,0.000000
10,6,-13,3.6364704e+17,0.000000
6,5,-36,3.5871272e+17,0.000000
9,7,-15,3.5567454e+17,0.000000
9,-6,-12,3.5360738e+17,0.000000
10,-4,-24,3.5301922e+17,0.000000
10,4,-31,3.5015842e+17,0.000000
10,-5,-6,3.4475353e+17,0.000000
9,5,-29,3.4416922e+17,0.000000
10,-2,-4,3.4294519e+17,0.000000
9,-5,-30,3.4270638e+17,0.000000
6,6,-33,3.4095061e+17,0.000000
9,-3,-44,3.3676817e+17,0.000000
9,3,-45,3.3592262e+17,0.000000
10,-1,-41,3.3327122e+17,0.000000
10,-4,-42,3.3108827e+17,0.000000
7,5,-35,3.3004161e+17,0.000000
9,-3,-43,3.2999971e+17,0.000000
8,-7,-18,3.2997997e+17,0.000000
10,-4,-20,3.2619604e+17,0.000000
9,7,-11,3.2427965e+17,0.000000
10,-4,-18,3.2190886e+17,0.000000
5,5,-42,3.1636856e+17,0.000000
10,2,-51,3.1579011e+17,0.000000
9,4,-34,3.1486359e+17,0.000000
10,5,-11,3.1475405e+17,0.000000
7,6,-26,3.1410124e+17,0.000000
10,1,-31,3.1244501e+17,0.000000
8,4,-43,3.1240015e+17,0.000000
10,5,-16,3.115536e+17,0.000000
7,-6,-37,3.1103063e+17,0.000000
8,-5,-29,3.0692784e+17,0.000000
10,-4,-25,3.0299091e+17,0.000000
7,-4,-45,2.9773841e+17,0.000000
8,-8,-21,2.9300317e+17,0.000000
10,-6,-10,2.906587e+17,0.000000
9,-3,-45,2.8692165e+17,0.000000
9,-6,-22,2.8168663e+17,0.000000
10,-6,-15,2.8079432e+17,0.000000
10,-1,0,2.7688524e+17,0.000000
9,3,-49,2.7660493e+17,0.000000
10,-2,-37,2.7577834e+17,0.000000
8,-6,-41,2.7559352e+17,0.000000
10,-4,-19,2.7495491e+17,0.000000
9,-7,-24,2.7229331e+17,0.000000
9,-2,-25,2.7187061e+17,0.000000
8,4,-44,2.6789254e+17,0.000000
9,-4,-26,2.671486e+17,0.000000
10,1,41,2.6483843e+17,0.000000
10,-6,-42,2.6422956e+17,0.000000
7,-3,-55,2.6074687e+17,0.000000
7,4,-42,2.5426685e+17,0.000000
8,-1,-53,2.5400673e+17,0.000000
7,5,-36,2.5399067e+17,0.000000
9,-5,-42,2.5161091e+17,0.000000
10,-4,-26,2.4985924e+17,0.000000
9,-2,53,2.4914419e+17,0.000000
9,7,-16,2.4778753e+17,0.000000
10,-3,-23,2.4733965e+17,0.000000
10,4,-32,2.4526706e+17,0.000000
9,3,-46,2.4519851e+17,0.000000
10,1,-32,2.4471811e+17,0.000000
9,-1,-2,2.4361378e+17,0.000000
10,5,-17,2.4327859e+17,0.000000
8,3,-50,2.4084194e+17,0.000000
7,-6,-38,2.3977073e+17,0.000000
10,3,-26,2.3559137e+17,0.000000
10,-1,-42,2.3510651e+17,0.000000
8,-5,-31,2.3429997e+17,0.000000
7,7,-21,2.342446e+17,0.000000
10,4,-44,2.3340144e+17,0.000000
8,-7,-19,2.3333386e+17,0.000000
8,-5,-30,2.3273374e+17,0.000000
8,6,-29,2.3224917e+17,0.000000
9,-5,-47,2.3042385e+17,0.000000
6,4,-48,2.3017015e+17,0.000000
6,5,-37,2.2461963e+17,0.000000
9,-7,-43,2.2402032e+17,0.000000
8,5,-25,2.2148279e+17,0.000000
9,4,-6,2.1980484e+17,0.000000
10,-4,-38,2.1873726e+17,0.000000
10,6,-14,2.1790132e+17,0.000000
10,-1,53,2.1642803e+17,0.000000
10,-6,-38,2.1326331e+17,0.000000
9,-6,-23,2.0816009e+17,0.000000
8,-5,-32,2.0601676e+17,0.000000
10,-1,55,2.0134859e+17,0.000000
9,2,-41,2.001374e+17,0.000000
10,2,-41,1.9994673e+17,0.000000
10,-4,-27,1.9862434e+17,0.000000
9,4,-35,1.9764423e+17,0.000000
9,-5,-31,1.9208281e+17,0.000000
8,-8,-22,1.9086886e+17,0.000000
9,3,-47,1.9041939e+17,0.000000
10,1,-33,1.8828201e+17,0.000000
7,5,-37,1.8718014e+17,0.000000
9,-4,-27,1.8601739e+17,0.000000
5,5,-43,1.8510535e+17,0.000000
7,6,-27,1.8289937e+17,0.000000
6,6,-34,1.8271405e+17,0.000000
10,5,-18,1.818808e+17,0.000000
9,-2,-26,1.7821854e+17,0.000000
8,6,-50,1.7697616e+17,0.000000
9,5,-30,1.7695756e+17,0.000000
8,-5,-33,1.7626467e+17,0.000000
7,-4,-46,1.6925334e+17,0.000000
9,-7,-25,1.6657137e+17,0.000000
9,-8,-48,1.6618141e+17,0.000000
9,7,-17,1.6598814e+17,0.000000
5,4,-44,1.6541398e+17,0.000000
10,-1,-43,1.6488048e+17,0.000000
10,-2,-38,1.6464459e+17,0.000000
9,-3,-46,1.6436022e+17,0.000000
9,-2,54,1.6405923e+17,0.000000
10,4,-33,1.6371035e+17,0.000000
10,2,-49,1.6286173e+17,0.000000
10,5,-10,1.624903e+17,0.000000
8,3,-51,1.5955157e+17,0.000000
10,1,42,1.5952572e+17,0.000000
6,4,-49,1.5945162e+17,0.000000
8,-7,-20,1.5888884e+17,0.000000
10,-6,-16,1.5497727e+17,0.000000
10,-4,-28,1.5443809e+17,0.000000
8,-6,-39,1.5336157e+17,0.000000
9,-6,-24,1.5144551e+17,0.000000
8,-5,-34,1.4828132e+17,0.000000
10,2,-44,1.4783607e+17,0.000000
9,6,-14,1.4670516e+17,0.000000
8,-4,-43,1.4618252e+17,0.000000
10,1,-34,1.4247845e+17,0.000000
6,5,-38,1.4061246e+17,0.000000
9,6,-15,1.4011696e+17,0.000000
10,1,-3,1.396678e+17,0.000000
9,-7,-10,1.3929937e+17,0.000000
8,6,-30,1.3786817e+17,0.000000
7,5,-38,1.3719698e+17,0.000000
9,6,-13,1.3539839e+17,0.000000
10,5,-19,1.3094014e+17,0.000000
6,4,-50,1.3084621e+17,0.000000
10,-3,-24,1.2925027e+17,0.000000
7,4,-43,1.2810757e+17,0.000000
9,-4,-28,1.2809885e+17,0.000000
7,7,-22,1.2546762e+17,0.000000
9,3,-48,1.2403331e+17,0.000000
9,6,-16,1.2330336e+17,0.000000
9,4,-36,1.2280069e+17,0.000000
8,-5,-35,1.2083358e+17,0.000000
10,6,-15,1.2006932e+17,0.000000
10,3,-27,1.1832421e+17,0.000000
8,-8,-23,1.1788328e+17,0.000000
6,4,-55,1.1721308e+17,0.000000
10,-4,-29,1.1637997e+17,0.000000
9,2,-42,1.1562179e+17,0.000000
10,-1,-44,1.1527474e+17,0.000000
9,-2,-27,1.1492557e+17,0.000000
7,-6,-39,1.1431454e+17,0.000000
10,4,-34,1.139868e+17,0.000000
6,4,-52,1.1351297e+17,0.000000
10,-3,-7,1.1267786e+17,0.000000
6,4,-53,1.1092035e+17,0.000000
10,2,-42,1.1045807e+17,0.000000
10,3,-49,1.0933727e+17,0.000000
9,-6,-25,1.0877483e+17,0.000000
5,5,-44,1.0833367e+17,0.000000
8,5,-26,1.0823498e+17,0.000000
9,7,-18,1.0802587e+17,0.000000
9,-4,-5,1.0793331e+17,0.000000
9,-2,55,1.0785093e+17,0.000000
10,1,-35,1.0638284e+17,0.000000
7,6,-28,1.0610689e+17,0.000000
6,4,-51,1.0588434e+17,0.000000
8,-7,-21,1.0487374e+17,0.000000
10,4,-50,1.0432008e+17,0.000000
8,3,-52,1.0260256e+17,0.000000
9,6,-17,1.0241615e+17,0.000000
9,-7,-26,1.0122851e+17,0.000000
9,6,-12,1.0057021e+17,0.000000
7,-7,-42,1.0003499e+17,0.000000
9,-5,-32,9.9965072e+16,0.000000
10,1,43,9.943229e+16,0.000000
6,6,-35,9.798513e+16,0.000000
8,-5,-36,9.7555253e+16,0.000000
10,-2,-39,9.6994292e+16,0.000000
7,5,-39,9.6935231e+16,0.000000
9,-6,-11,9.6721234e+16,0.000000
10,4,-41,9.6509623e+16,0.000000
8,-6,-46,9.6030536e+16,0.000000
10,-10,-44,9.5570351e+16,0.000000
8,4,-45,9.5520896e+16,0.000000
10,-1,54,9.2911112e+16,0.000000
9,3,-51,9.1926332e+16,0.000000
10,5,-20,9.1148733e+16,0.000000
7,-7,-36,8.9706512e+16,0.000000
6,5,-39,8.8025088e+16,0.000000
9,-4,-29,8.7428085e+16,0.000000
9,5,-31,8.7263056e+16,0.000000
10,-4,-30,8.7088242e+16,0.000000
8,-4,-44,8.5570161e+16,0.000000
9,-6,-9,8.2991098e+16,0.000000
8,6,-31,8.2248852e+16,0.000000
9,-7,-36,8.1510584e+16,0.000000
9,6,-18,8.1441763e+16,0.000000
10,-1,-45,7.9600423e+16,0.000000
7,-4,-47,7.8621409e+16,0.000000
10,1,-36,7.8375597e+16,0.000000
10,-6,-17,7.7948254e+16,0.000000
5,4,-45,7.7673468e+16,0.000000
9,-6,-26,7.7225039e+16,0.000000
10,-6,-40,7.6909336e+16,0.000000
9,4,-37,7.6273839e+16,0.000000
8,-5,-37,7.4715858e+16,0.000000
9,2,-44,7.4204873e+16,0.000000
9,2,-43,7.3708299e+16,0.000000
10,4,-35,7.3265958e+16,0.000000
9,-2,-28,7.2926599e+16,0.000000
9,2,-46,7.2528579e+16,0.000000
8,-8,-24,7.2302259e+16,0.000000
9,2,-45,7.184901e+16,0.000000
10,3,-28,7.124673e+16,0.000000
7,-6,-40,6.9312825e+16,0.000000
9,7,-19,6.8705122e+16,0.000000
7,5,-40,6.8359401e+16,0.000000
9,-7,-40,6.8247911e+16,0.000000
9,2,-47,6.7610555e+16,0.000000
8,-7,-22,6.7424499e+16,0.000000
7,7,-23,6.6331805e+16,0.000000
8,3,-53,6.6192115e+16,0.000000
10,1,44,6.6049275e+16,0.000000
8,-4,-46,6.5731599e+16,0.000000
9,2,-48,6.5475084e+16,0.000000
10,-3,-25,6.4474324e+16,0.000000
7,4,-44,6.3874402e+16,0.000000
5,5,-45,6.363119e+16,0.000000
9,6,-19,6.2559282e+16,0.000000
10,6,-16,6.17946e+16,0.000000
10,5,-21,6.1537819e+16,0.000000
7,6,-29,6.1347999e+16,0.000000
9,2,-49,6.1190129e+16,0.000000
9,-7,-27,6.0872482e+16,0.000000
10,-2,-40,6.0361327e+16,0.000000
8,-5,-38,5.9933389e+16,0.000000
10,-6,-41,5.9738185e+16,0.000000
9,-4,-30,5.9113342e+16,0.000000
8,5,-27,5.8390782e+16,0.000000
10,1,-37,5.7161463e+16,0.000000
10,-8,-41,5.6513702e+16,0.000000
8,4,-46,5.6005802e+16,0.000000
10,3,-29,5.5677615e+16,0.000000
7,-7,-43,5.5426166e+16,0.000000
6,5,-40,5.5078894e+16,0.000000
10,-1,-46,5.4791733e+16,0.000000
9,-6,-27,5.4356786e+16,0.000000
9,2,-51,5.3348247e+16,0.000000
6,6,-36,5.2805518e+16,0.000000
7,-7,-33,5.175968e+16,0.000000
10,3,-30,5.1484831e+16,0.000000
10,4,-36,5.1412251e+16,0.000000
7,-4,-48,5.0926066e+16,0.000000
10,-2,-42,5.0641013e+16,0.000000
6,4,-54,5.0417498e+16,0.000000
6,-5,-53,5.0409152e+16,0.000000
10,3,-31,5.0190982e+16,0.000000
7,5,-41,4.8399752e+16,0.000000
9,6,-11,4.8383429e+16,0.000000
8,6,-32,4.837258e+16,0.000000
8,4,-50,4.8236342e+16,0.000000
8,8,-13,4.7796146e+16,0.000000
10,3,-32,4.7772696e+16,0.000000
9,-5,-33,4.7685605e+16,0.000000
10,1,45,4.7276972e+16,0.000000
9,4,-38,4.6767126e+16,0.000000
9,6,-20,4.669609e+16,0.000000
10,-4,-32,4.6140664e+16,0.000000
8,-5,-39,4.5711802e+16,0.000000
9,-2,-29,4.5554859e+16,0.000000
8,-8,-25,4.4990601e+16,0.000000
5,4,-46,4.4331885e+16,0.000000
10,-4,-46,4.4168815e+16,0.000000
10,3,-33,4.416881e+16,0.000000
9,5,-32,4.315264e+16,0.000000
9,7,-20,4.28569e+16,0.000000
8,-4,-45,4.1992236e+16,0.000000
7,-6,-41,4.1758783e+16,0.000000
10,-2,-41,4.1438507e+16,0.000000
10,1,-38,4.1225632e+16,0.000000
9,-3,-47,4.1118081e+16,0.000000
8,8,-14,4.0826013e+16,0.000000
10,9,-10,4.073847e+16,0.000000
10,5,-22,4.0393821e+16,0.000000
10,-6,-46,3.9195223e+16,0.000000
10,3,-34,3.899796e+16,0.000000
9,-6,-28,3.790576e+16,0.000000
10,-1,-47,3.7554631e+16,0.000000
9,6,-9,3.7263422e+16,0.000000
5,5,-46,3.7098362e+16,0.000000
8,5,-28,3.6863509e+16,0.000000
10,1,46,3.6861807e+16,0.000000
9,-7,-28,3.664919e+16,0.000000
10,-6,-18,3.613059e+16,0.000000
9,-8,-39,3.5783088e+16,0.000000
10,-5,-14,3.5693918e+16,0.000000
7,6,-30,3.5400387e+16,0.000000
8,-5,-40,3.4820901e+16,0.000000
7,7,-24,3.4596027e+16,0.000000
6,5,-41,3.4445409e+16,0.000000
10,-5,-15,3.414649e+16,0.000000
9,6,-21,3.4013478e+16,0.000000
10,3,-35,3.3605312e+16,0.000000
10,6,-46,3.3470697e+16,0.000000
10,-5,-13,3.3233024e+16,0.000000
8,4,-47,3.2989393e+16,0.000000
7,5,-42,3.2496884e+16,0.000000
5,4,-47,3.2329724e+16,0.000000
10,-4,-33,3.2158317e+16,0.000000
7,4,-45,3.1677453e+16,0.000000
10,4,-37,3.1614324e+16,0.000000
10,-3,-26,3.1421689e+16,0.000000
10,0,-1,3.0917424e+16,0.000000
10,0,1,3.0917424e+16,0.000000
10,1,47,3.0722161e+16,0.000000
9,-4,-31,3.0501734e+16,0.000000
9,-7,-39,3.0364237e+16,0.000000
10,6,-17,3.0026776e+16,0.000000
10,-5,-16,3.0000553e+16,0.000000
8,8,-12,2.9602267e+16,0.000000
10,5,-9,2.9556554e+16,0.000000
10,1,-39,2.9511966e+16,0.000000
9,2,-54,2.9451743e+16,0.000000
9,8,-10,2.9436326e+16,0.000000
9,7,-10,2.9422129e+16,0.000000
7,-7,-40,2.9234577e+16,0.000000
8,6,-33,2.8917914e+16,0.000000
9,4,-39,2.8849389e+16,0.000000
6,6,-37,2.850895e+16,0.000000
8,8,-15,2.8296612e+16,0.000000
9,-2,-30,2.8001271e+16,0.000000
5,4,-48,2.7982809e+16,0.000000
10,-8,-44,2.7903906e+16,0.000000
10,3,-36,2.7841382e+16,0.000000
9,5,-45,2.7212123e+16,0.000000
9,2,-52,2.7151864e+16,0.000000
8,5,-29,2.7024949e+16,0.000000
8,-8,-26,2.6985214e+16,0.000000
8,-5,-41,2.6741344e+16,0.000000
10,4,-42,2.6707611e+16,0.000000
10,1,48,2.6522776e+16,0.000000
10,-3,-3,2.6478827e+16,0.000000
9,-4,-32,2.6412278e+16,0.000000
5,4,-55,2.6330543e+16,0.000000
9,7,-21,2.6278105e+16,0.000000
10,-5,-12,2.6167705e+16,0.000000
5,4,-49,2.6146648e+16,0.000000
8,-7,-24,2.6117759e+16,0.000000
8,7,-10,2.596791e+16,0.000000
10,-1,-48,2.5888321e+16,0.000000
10,5,-23,2.5825981e+16,0.000000
7,-6,-42,2.5458708e+16,0.000000
5,4,-54,2.5349221e+16,0.000000
10,1,-40,2.5310265e+16,0.000000
5,4,-50,2.5179968e+16,0.000000
9,-6,-29,2.4841529e+16,0.000000
5,4,-53,2.4809479e+16,0.000000
10,-5,-17,2.4687525e+16,0.000000
10,6,-8,2.4683601e+16,0.000000
5,4,-51,2.460634e+16,0.000000
5,4,-52,2.4510717e+16,0.000000
9,6,-22,2.4252895e+16,0.000000
9,-5,-34,2.3680577e+16,0.000000
7,-7,-34,2.3388902e+16,0.000000
10,1,49,2.3376707e+16,0.000000
10,-4,-34,2.3363679e+16,0.000000
10,3,-37,2.2854241e+16,0.000000
10,4,-38,2.2612725e+16,0.000000
10,2,-2,2.2318382e+16,0.000000
7,5,-43,2.2219157e+16,0.000000
8,-5,-42,2.2206021e+16,0.000000
5,5,-47,2.1933917e+16,0.000000
9,-6,-10,2.1907523e+16,0.000000
8,5,-30,2.1744129e+16,0.000000
9,-7,-29,2.1601726e+16,0.000000
9,7,-55,2.1551315e+16,0.000000
6,5,-42,2.15286e+16,0.000000
9,-2,-4,2.1068713e+16,0.000000
7,6,-31,2.0376856e+16,0.000000
10,2,-46,2.0100517e+16,0.000000
9,5,-33,1.9555348e+16,0.000000
10,2,-45,1.9374461e+16,0.000000
10,-5,-18,1.9283348e+16,0.000000
10,10,-11,1.8738674e+16,0.000000
10,4,-39,1.8684007e+16,0.000000
8,4,-48,1.8485903e+16,0.000000
10,3,-38,1.8116936e+16,0.000000
9,-6,-30,1.8036088e+16,0.000000
8,5,-31,1.7952549e+16,0.000000
8,8,-16,1.7860819e+16,0.000000
7,7,-25,1.7816578e+16,0.000000
9,-5,-39,1.7524872e+16,0.000000
9,-4,-33,1.749156e+16,0.000000
10,-1,-49,1.7479332e+16,0.000000
9,4,-40,1.7335406e+16,0.000000
9,6,-23,1.6973747e+16,0.000000
9,-2,-31,1.693526e+16,0.000000
8,6,-34,1.6809471e+16,0.000000
10,-3,-42,1.6599744e+16,0.000000
8,-8,-27,1.642447e+16,0.000000
7,-7,-39,1.6364168e+16,0.000000
7,4,-46,1.6317852e+16,0.000000
10,5,-24,1.6111375e+16,0.000000
10,-6,-19,1.6061097e+16,0.000000
10,-3,-27,1.6060894e+16,0.000000
10,2,-48,1.5937985e+16,0.000000
9,7,-22,1.5866081e+16,0.000000
8,-7,-25,1.5798111e+16,0.000000
10,-5,-11,1.57763e+16,0.000000
10,-4,-35,1.5650534e+16,0.000000
6,6,-38,1.5480743e+16,0.000000
10,1,51,1.5465312e+16,0.000000
8,8,-11,1.5355277e+16,0.000000
8,-6,-44,1.5324021e+16,0.000000
10,3,-40,1.5115351e+16,0.000000
10,6,-9,1.5112125e+16,0.000000
9,-9,-42,1.5037511e+16,0.000000
8,5,-32,1.4828459e+16,0.000000
10,1,-41,1.4808032e+16,0.000000
7,5,-44,1.4439575e+16,0.000000
10,-5,-19,1.4432053e+16,0.000000
9,-3,-4,1.4407491e+16,0.000000
10,5,-8,1.4385159e+16,0.000000
8,-5,-43,1.4347162e+16,0.000000
10,3,-39,1.433888e+16,0.000000
9,9,-11,1.4308619e+16,0.000000
7,5,-45,1.4087097e+16,0.000000
10,6,-18,1.407351e+16,0.000000
7,-7,-35,1.3962545e+16,0.000000
6,5,-43,1.3436313e+16,0.000000
8,-5,-46,1.3134115e+16,0.000000
10,-9,-52,1.3100422e+16,0.000000
5,5,-48,1.3007506e+16,0.000000
9,-7,-30,1.2931274e+16,0.000000
8,7,-11,1.2865832e+16,0.000000
10,-2,-43,1.271768e+16,0.000000
9,6,-10,1.2414344e+16,0.000000
8,5,-33,1.1967293e+16,0.000000
8,4,-49,1.1770563e+16,0.000000
8,7,-12,1.1733314e+16,0.000000
7,6,-32,1.1722763e+16,0.000000
9,6,-24,1.1683549e+16,0.000000
9,-4,-34,1.1472069e+16,0.000000
10,-4,-36,1.1451722e+16,0.000000
10,3,-5,1.1195442e+16,0.000000
10,8,-10,1.0868098e+16,0.000000
10,-8,-40,1.0769516e+16,0.000000
8,8,-17,1.0747972e+16,0.000000
9,4,-41,1.0733772e+16,0.000000
9,-9,-39,1.0657112e+16,0.000000
10,-3,-28,1.0652438e+16,0.000000
10,3,-55,1.0643033e+16,0.000000
10,-5,-20,1.042036e+16,0.000000
8,7,-13,1.0378806e+16,0.000000
10,4,-40,1.0332158e+16,0.000000
10,1,-42,1.0306718e+16,0.000000
8,-8,-41,1.0128032e+16,0.000000
8,6,-35,1.0121333e+16,0.000000
7,5,-46,1.0109314e+16,0.000000
9,-2,-32,1.006301e+16,0.000000
10,5,-25,9.8139483e+15,0.000000
9,-5,-35,9.6743589e+15,0.000000
10,-4,-37,9.5781881e+15,0.000000
8,-5,-45,9.5555785e+15,0.000000
8,5,-34,9.5261035e+15,0.000000
9,7,-23,9.4416127e+15,0.000000
8,-7,-26,9.4112595e+15,0.000000
7,4,-47,9.3572601e+15,0.000000
10,1,0,9.234173e+15,0.000000
9,5,-34,9.2299081e+15,0.000000
7,-6,-44,9.174205e+15,0.000000
7,7,-26,9.0446744e+15,0.000000
8,7,-14,8.7081579e+15,0.000000
7,-6,-45,8.5525474e+15,0.000000
10,3,-41,8.544147e+15,0.000000
10,-6,-9,8.5342535e+15,0.000000
6,6,-39,8.4390719e+15,0.000000
9,-6,-32,8.4074463e+15,0.000000
6,5,-44,8.3804209e+15,0.000000
8,-8,-44,8.0242635e+15,0.000000
10,-3,-29,7.98776e+15,0.000000
9,6,-25,7.9275928e+15,0.000000
5,5,-49,7.8921458e+15,0.000000
10,-6,-20,7.8174859e+15,0.000000
10,-3,-31,7.8028463e+15,0.000000
10,-8,-47,7.8020645e+15,0.000000
10,-3,-32,7.7136598e+15,0.000000
10,-3,-30,7.6869729e+15,0.000000
9,-4,-35,7.503644e+15,0.000000
9,5,-53,7.447895e+15,0.000000
8,5,-35,7.3623717e+15,0.000000
10,6,-49,7.3599769e+15,0.000000
10,-3,-33,7.3415081e+15,0.000000
10,-5,-21,7.2947788e+15,0.000000
8,-8,-40,7.1941402e+15,0.000000
9,-5,-38,7.1910062e+15,0.000000
10,1,-43,7.172042e+15,0.000000
7,-6,-43,7.0697928e+15,0.000000
7,-6,-46,7.0188033e+15,0.000000
8,7,-15,6.9164738e+15,0.000000
10,-2,-44,6.9062615e+15,0.000000
10,7,-9,6.8881379e+15,0.000000
8,-5,-47,6.8429888e+15,0.000000
10,-3,-34,6.7479368e+15,0.000000
8,6,-46,6.745228e+15,0.000000
10,6,-19,6.7404564e+15,0.000000
7,6,-33,6.7302332e+15,0.000000
10,3,-42,6.7288342e+15,0.000000
9,5,-42,6.4149323e+15,0.000000
9,5,-46,6.4051343e+15,0.000000
8,8,-18,6.3006267e+15,0.000000
7,4,-48,6.288606e+15,0.000000
9,4,-42,6.241607e+15,0.000000
10,-4,-39,6.1054249e+15,0.000000
8,-7,-41,6.0732526e+15,0.000000
10,6,-45,6.0585732e+15,0.000000
8,-8,-36,6.0304884e+15,0.000000
10,-3,-35,6.0114658e+15,0.000000
9,-2,-33,5.8727807e+15,0.000000
8,-8,-29,5.8493488e+15,0.000000
10,5,-26,5.8479475e+15,0.000000
8,6,-36,5.8064828e+15,0.000000
10,-5,-10,5.7417486e+15,0.000000
9,-6,-33,5.7250165e+15,0.000000
9,-6,-38,5.6734944e+15,0.000000
8,5,-36,5.6484929e+15,0.000000
10,3,-43,5.5833861e+15,0.000000
9,7,-24,5.5471919e+15,0.000000
8,-7,-27,5.5164824e+15,0.000000
10,4,-45,5.4796168e+15,0.000000
10,-3,-36,5.4679946e+15,0.000000
9,5,-51,5.3151682e+15,0.000000
9,6,-26,5.3093541e+15,0.000000
10,-4,-31,5.3032713e+15,0.000000
7,-7,-37,5.2315418e+15,0.000000
8,7,-16,5.2224833e+15,0.000000
6,5,-45,5.2188812e+15,0.000000
9,-6,-42,5.2114169e+15,0.000000
10,4,-6,5.2046465e+15,0.000000
9,5,-41,5.1976995e+15,0.000000
10,-6,-21,5.1913536e+15,0.000000
9,-7,-37,5.1099949e+15,0.000000
10,-5,-22,4.9699316e+15,0.000000
7,4,-49,4.9639967e+15,0.000000
10,1,-44,4.9540247e+15,0.000000
9,-5,-36,4.9185096e+15,0.000000
10,-6,-24,4.9158233e+15,0.000000
10,-6,-23,4.8847216e+15,0.000000
5,5,-50,4.8711187e+15,0.000000
9,-4,-36,4.854081e+15,0.000000
10,-6,-22,4.7645158e+15,0.000000
10,-6,-36,4.7491254e+15,0.000000
10,-6,-25,4.666204e+15,0.000000
10,4,-47,4.6660011e+15,0.000000
6,6,-40,4.6250445e+15,0.000000
7,7,-27,4.5381961e+15,0.000000
9,-7,-32,4.4962023e+15,0.000000
7,5,-47,4.4817733e+15,0.000000
9,7,-48,4.3642749e+15,0.000000
10,-3,-37,4.3407932e+15,0.000000
10,-4,-40,4.3117935e+15,0.000000
7,4,-50,4.3002274e+15,0.000000
10,-6,-26,4.2224134e+15,0.000000
8,5,-37,4.218181e+15,0.000000
9,-8,-42,4.1824522e+15,0.000000
10,-4,-5,4.0778679e+15,0.000000
9,5,-49,3.9845644e+15,0.000000
7,6,-34,3.8656208e+15,0.000000
9,5,-43,3.8462684e+15,0.000000
9,-6,-34,3.8406464e+15,0.000000
8,7,-17,3.7707495e+15,0.000000
10,-6,-37,3.7252119e+15,0.000000
9,4,-43,3.7005472e+15,0.000000
10,6,-20,3.6989069e+15,0.000000
10,3,-44,3.6685247e+15,0.000000
10,3,-45,3.6451996e+15,0.000000
8,8,-19,3.638367e+15,0.000000
10,-6,-27,3.6189109e+15,0.000000
10,-7,-42,3.5930094e+15,0.000000
9,5,-35,3.5803521e+15,0.000000
8,-8,-30,3.5659788e+15,0.000000
9,-7,-45,3.5467678e+15,0.000000
8,6,-37,3.538126e+15,0.000000
10,-3,-38,3.5376983e+15,0.000000
9,7,-53,3.5260934e+15,0.000000
9,6,-27,3.5186537e+15,0.000000
9,-7,-35,3.4580663e+15,0.000000
10,1,-45,3.4105502e+15,0.000000
10,5,-27,3.4029242e+15,0.000000
9,-2,-34,3.3565277e+15,0.000000
10,-5,-23,3.3039267e+15,0.000000
10,-7,-41,3.2713322e+15,0.000000
6,5,-46,3.2479135e+15,0.000000
9,7,-25,3.2167816e+15,0.000000
10,-4,-44,3.2012681e+15,0.000000
7,5,-48,3.1973283e+15,0.000000
8,-7,-28,3.1834594e+15,0.000000
10,-3,-45,3.1678473e+15,0.000000
8,5,-38,3.1459745e+15,0.000000
9,-4,-37,3.137079e+15,0.000000
5,5,-51,3.1349533e+15,0.000000
10,-3,-46,3.078914e+15,0.000000
10,-6,-28,3.045523e+15,0.000000
9,5,-50,3.0432093e+15,0.000000
10,-3,-39,2.8982846e+15,0.000000
10,-8,-36,2.887968e+15,0.000000
9,5,-48,2.8001426e+15,0.000000
9,-5,-37,2.6209244e+15,0.000000
8,7,-18,2.6178362e+15,0.000000
7,5,-49,2.6108745e+15,0.000000
9,-6,-35,2.6101905e+15,0.000000
10,6,-21,2.5698271e+15,0.000000
6,6,-41,2.5628834e+15,0.000000
7,4,-52,2.4501126e+15,0.000000
9,-7,-33,2.4430181e+15,0.000000
9,4,-44,2.3721213e+15,0.000000
10,4,-43,2.3533203e+15,0.000000
10,1,-46,2.3490636e+15,0.000000
10,-4,-41,2.3434057e+15,0.000000
9,6,-28,2.3071316e+15,0.000000
10,6,-47,2.3070201e+15,0.000000
8,5,-39,2.2897121e+15,0.000000
10,-3,-40,2.2677463e+15,0.000000
7,7,-28,2.2391747e+15,0.000000
7,6,-35,2.214826e+15,0.000000
8,-8,-31,2.1884442e+15,0.000000
10,6,-48,2.1760014e+15,0.000000
10,6,-22,2.1632979e+15,0.000000
10,-5,-24,2.1478117e+15,0.000000
9,-4,-38,2.1327567e+15,0.000000
10,-2,-45,2.1045009e+15,0.000000
5,5,-52,2.1030736e+15,0.000000
8,8,-20,2.0820007e+15,0.000000
10,5,-7,2.0809792e+15,0.000000
6,5,-47,2.019874e+15,0.000000
8,6,-38,1.9838842e+15,0.000000
10,-3,-41,1.9821688e+15,0.000000
10,6,-23,1.9496036e+15,0.000000
10,-6,-30,1.9461089e+15,0.000000
10,5,-28,1.9417125e+15,0.000000
10,3,-46,1.9346067e+15,0.000000
9,-4,-42,1.8831989e+15,0.000000
9,-2,-35,1.8778368e+15,0.000000
10,3,-4,1.8547224e+15,0.000000
9,7,-26,1.847522e+15,0.000000
10,6,-52,1.8288845e+15,0.000000
8,-7,-29,1.804996e+15,0.000000
10,4,-49,1.7903973e+15,0.000000
10,-1,-51,1.7877081e+15,0.000000
9,-6,-36,1.7856253e+15,0.000000
9,6,-50,1.7727092e+15,0.000000
7,5,-50,1.7706841e+15,0.000000
8,7,-19,1.7557302e+15,0.000000
9,-9,-41,1.7470932e+15,0.000000
10,6,-24,1.7446149e+15,0.000000
8,5,-40,1.6685908e+15,0.000000
10,-6,-29,1.6656285e+15,0.000000
9,-9,-15,1.6652824e+15,0.000000
10,4,-48,1.643894e+15,0.000000
7,5,-53,1.6323103e+15,0.000000
9,-7,-34,1.6212847e+15,0.000000
9,-9,-16,1.6148107e+15,0.000000
8,-8,-35,1.5829881e+15,0.000000
9,5,-36,1.5671896e+15,0.000000
10,3,-47,1.5273821e+15,0.000000
9,6,-29,1.5036442e+15,0.000000
5,5,-54,1.5022101e+15,0.000000
10,6,-25,1.4994261e+15,0.000000
10,-7,-16,1.4773564e+15,0.000000
7,-7,-45,1.4470091e+15,0.000000
9,4,-45,1.4444028e+15,0.000000
10,-7,-15,1.4411226e+15,0.000000
5,5,-53,1.427672e+15,0.000000
6,6,-42,1.4258448e+15,0.000000
9,-9,-14,1.4141476e+15,0.000000
10,-5,-46,1.3925271e+15,0.000000
9,-9,-17,1.3862564e+15,0.000000
10,-7,-17,1.3705552e+15,0.000000
10,-5,-25,1.3662689e+15,0.000000
9,-6,-37,1.3261738e+15,0.000000
8,-8,-32,1.3127389e+15,0.000000
9,-4,-39,1.2773627e+15,0.000000
7,6,-36,1.2712202e+15,0.000000
6,5,-48,1.2569272e+15,0.000000
10,6,-26,1.2441824e+15,0.000000
8,6,-39,1.2368472e+15,0.000000
10,-7,-14,1.2189893e+15,0.000000
8,5,-41,1.213473e+15,0.000000
8,8,-21,1.1844938e+15,0.000000
10,-7,-18,1.1813149e+15,0.000000
10,-6,-32,1.1483563e+15,0.000000
8,-8,-38,1.1477255e+15,0.000000
8,7,-20,1.1418145e+15,0.000000
10,-8,-13,1.1273959e+15,0.000000
10,6,-53,1.1207594e+15,0.000000
9,-5,-40,1.116933e+15,0.000000
10,1,-48,1.1039521e+15,0.000000
10,-3,-43,1.0972298e+15,0.000000
7,7,-29,1.0940079e+15,0.000000
10,-6,-44,1.0807058e+15,0.000000
10,5,-29,1.0773704e+15,0.000000
9,-9,-18,1.0730096e+15,0.000000
7,5,-51,1.0608766e+15,0.000000
10,-8,-38,1.0539798e+15,0.000000
10,-3,-44,1.0533758e+15,0.000000
9,7,-27,1.0466935e+15,0.000000
10,3,-48,1.0339078e+15,0.000000
9,-2,-36,1.0236047e+15,0.000000
10,-10,-41,1.0162637e+15,0.000000
8,-7,-30,9.9974544e+14,0.000000
8,-8,-47,9.9352755e+14,0.000000
9,-6,-45,9.9191036e+14,0.000000
10,6,-27,9.840761e+14,0.000000
10,-10,-39,9.7774335e+14,0.000000
9,6,-30,9.6971438e+14,0.000000
9,-9,-40,9.6722519e+14,0.000000
10,-7,-19,9.626092e+14,0.000000
10,-2,-47,9.2265502e+14,0.000000
10,-5,-7,8.803793e+14,0.000000
9,-7,-44,8.7793815e+14,0.000000
8,5,-42,8.6318169e+14,0.000000
10,-8,-14,8.6245124e+14,0.000000
10,-8,-12,8.6222113e+14,0.000000
9,-8,-16,8.6090866e+14,0.000000
8,-7,-42,8.6073775e+14,0.000000
7,-7,-38,8.5879957e+14,0.000000
8,-8,-33,8.5502762e+14,0.000000
10,-5,-26,8.5204471e+14,0.000000
9,5,-40,8.5043818e+14,0.000000
8,6,-45,8.3627349e+14,0.000000
10,-7,-13,8.277721e+14,0.000000
6,6,-43,8.1994553e+14,0.000000
9,-8,-15,8.1939068e+14,0.000000
9,-6,-41,8.1499241e+14,0.000000
10,5,-46,8.0285902e+14,0.000000
9,-4,-40,8.0014375e+14,0.000000
7,5,-52,7.9835789e+14,0.000000
9,-8,-17,7.8868456e+14,0.000000
6,5,-49,7.8423152e+14,0.000000
5,5,-55,7.7364615e+14,0.000000
10,-6,-33,7.6827785e+14,0.000000
10,6,-28,7.6649735e+14,0.000000
10,-7,-20,7.5058875e+14,0.000000
8,6,-49,7.3367921e+14,0.000000
7,6,-37,7.2712534e+14,0.000000
8,7,-21,7.2217496e+14,0.000000
9,1,-1,7.0641144e+14,0.000000
10,4,-46,7.0143164e+14,0.000000
10,-4,-43,6.9656971e+14,0.000000
9,4,-46,6.9270315e+14,0.000000
8,6,-40,6.7918617e+14,0.000000
8,8,-22,6.7110044e+14,0.000000
9,-8,-18,6.6014196e+14,0.000000
10,-6,-34,6.5584912e+14,0.000000
9,-4,-6,6.5246996e+14,0.000000
10,-5,-42,6.5098581e+14,0.000000
9,6,-31,6.2500032e+14,0.000000
9,-8,-14,6.2439813e+14,0.000000
8,5,-43,6.0613967e+14,0.000000
9,7,-28,5.9092934e+14,0.000000
10,5,-30,5.8698863e+14,0.000000
10,-8,-35,5.7904934e+14,0.000000
9,-7,-38,5.7223945e+14,0.000000
10,-7,-21,5.6492412e+14,0.000000
10,6,-29,5.6363203e+14,0.000000
9,-9,-44,5.6031942e+14,0.000000
9,-6,-46,5.5831822e+14,0.000000
10,-8,-15,5.4521802e+14,0.000000
9,-9,-13,5.4519517e+14,0.000000
9,-2,-37,5.4426963e+14,0.000000
9,2,-3,5.2755954e+14,0.000000
7,7,-30,5.2217812e+14,0.000000
7,4,-53,5.2148472e+14,0.000000
10,-6,-35,5.2124287e+14,0.000000
9,-6,-39,5.199875e+14,0.000000
10,-5,-27,5.197958e+14,0.000000
9,-8,-19,5.1930116e+14,0.000000
9,-9,-46,5.1620939e+14,0.000000
9,-4,-41,5.0389131e+14,0.000000
8,-8,-34,4.9218295e+14,0.000000
6,5,-50,4.9205175e+14,0.000000
10,-5,-9,4.8920861e+14,0.000000
10,1,-50,4.7778961e+14,0.000000
6,6,-44,4.7153486e+14,0.000000
10,3,-51,4.7092658e+14,0.000000
10,6,-51,4.6948841e+14,0.000000
9,5,-47,4.5204467e+14,0.000000
7,7,-55,4.5057352e+14,0.000000
8,7,-22,4.4521383e+14,0.000000
9,5,-37,4.4466277e+14,0.000000
8,5,-44,4.2731275e+14,0.000000
10,6,-30,4.255118e+14,0.000000
8,6,-41,4.2418522e+14,0.000000
9,4,-47,4.2218595e+14,0.000000
7,6,-38,4.167749e+14,0.000000
10,6,-42,4.1628351e+14,0.000000
10,-5,-41,4.1613284e+14,0.000000
10,-7,-22,4.1308314e+14,0.000000
7,5,-55,4.1092719e+14,0.000000
9,6,-32,3.9797664e+14,0.000000
9,-8,-20,3.9081987e+14,0.000000
10,-7,-12,3.8201352e+14,0.000000
8,8,-23,3.7914024e+14,0.000000
9,-5,-43,3.691104e+14,0.000000
8,-8,-37,3.6387739e+14,0.000000
9,4,-50,3.6167705e+14,0.000000
8,6,-42,3.4321249e+14,0.000000
10,-5,-8,3.3099866e+14,0.000000
8,5,-45,3.2707337e+14,0.000000
9,7,-29,3.2696236e+14,0.000000
6,6,-45,3.2404013e+14,0.000000
10,1,-51,3.1877813e+14,0.000000
9,-8,-13,3.1676958e+14,0.000000
10,-8,-16,3.1599662e+14,0.000000
8,6,-48,3.1553358e+14,0.000000
10,-5,-28,3.1287864e+14,0.000000
6,5,-51,3.1119089e+14,0.000000
10,5,-31,3.0973196e+14,0.000000
6,6,-46,3.0025106e+14,0.000000
10,6,-31,2.9126949e+14,0.000000
9,-6,-40,2.8057725e+14,0.000000
9,-9,-38,2.8050979e+14,0.000000
9,-2,-38,2.7959514e+14,0.000000
10,-8,-43,2.740805e+14,0.000000
7,-7,-44,2.7369351e+14,0.000000
8,7,-23,2.6805606e+14,0.000000
10,9,-11,2.6136558e+14,0.000000
9,-9,-19,2.5554361e+14,0.000000
9,6,-33,2.5450954e+14,0.000000
9,-9,-22,2.5396719e+14,0.000000
7,7,-31,2.4811587e+14,0.000000
7,7,-48,2.4123162e+14,0.000000
7,6,-39,2.3776411e+14,0.000000
9,4,-48,2.3247551e+14,0.000000
8,-7,-36,2.3203663e+14,0.000000
10,-7,-23,2.2955177e+14,0.000000
10,-3,-5,2.2583632e+14,0.000000
10,6,-32,2.2138603e+14,0.000000
10,-7,-40,2.1910816e+14,0.000000
9,-9,-36,2.1857391e+14,0.000000
8,6,-47,2.1784081e+14,0.000000
8,5,-46,2.1761575e+14,0.000000
10,4,-52,2.1470424e+14,0.000000
8,8,-24,2.1358988e+14,0.000000
10,1,-52,2.120279e+14,0.000000
10,-7,-24,2.0623958e+14,0.000000
6,5,-52,1.9978637e+14,0.000000
9,-4,-43,1.9651541e+14,0.000000
10,-3,-47,1.94183e+14,0.000000
8,6,-52,1.9248708e+14,0.000000
9,7,-30,1.832725e+14,0.000000
10,-5,-29,1.8155898e+14,0.000000
10,7,-15,1.7714922e+14,0.000000
10,7,-14,1.7648491e+14,0.000000
10,-8,-17,1.7624265e+14,0.000000
9,5,-38,1.7492317e+14,0.000000
10,-8,-37,1.7253615e+14,0.000000
9,-8,-52,1.7052559e+14,0.000000
10,-7,-36,1.7046895e+14,0.000000
9,-9,-23,1.6499686e+14,0.000000
10,7,-16,1.6049664e+14,0.000000
9,6,-34,1.6044521e+14,0.000000
10,5,-32,1.5974344e+14,0.000000
8,7,-24,1.5781991e+14,0.000000
9,-6,-44,1.5284454e+14,0.000000
8,-7,-33,1.5130016e+14,0.000000
10,7,-13,1.4978317e+14,0.000000
8,6,-53,1.4643579e+14,0.000000
8,5,-47,1.4452692e+14,0.000000
9,-9,-37,1.4285484e+14,0.000000
10,-7,-25,1.4169029e+14,0.000000
9,-2,-39,1.4046914e+14,0.000000
8,6,-43,1.3958562e+14,0.000000
10,6,-33,1.3882232e+14,0.000000
10,10,-12,1.3629873e+14,0.000000
7,6,-40,1.3608303e+14,0.000000
10,7,-17,1.3526622e+14,0.000000
10,-7,-44,1.3183053e+14,0.000000
6,5,-53,1.3148238e+14,0.000000
6,6,-47,1.2803253e+14,0.000000
10,-9,-42,1.2712408e+14,0.000000
9,-2,-2,1.2592218e+14,0.000000
9,4,-49,1.2286372e+14,0.000000
8,8,-25,1.2018174e+14,0.000000
8,6,-44,1.190525e+14,0.000000
9,-4,-44,1.1727134e+14,0.000000
10,6,-44,1.1673126e+14,0.000000
7,6,-50,1.1635654e+14,0.000000
10,-6,-39,1.1583647e+14,0.000000
10,-5,-47,1.1560383e+14,0.000000
10,8,-44,1.14649e+14,0.000000
9,8,-11,1.1398836e+14,0.000000
9,-8,-44,1.1318663e+14,0.000000
7,7,-32,1.1306434e+14,0.000000
10,6,-34,1.1123828e+14,0.000000
10,8,-12,1.1077213e+14,0.000000
10,-4,-6,1.0829429e+14,0.000000
10,7,-18,1.0792737e+14,0.000000
9,-4,-46,1.0513498e+14,0.000000
9,-9,-24,1.047602e+14,0.000000
8,5,-48,1.0457464e+14,0.000000
9,6,-35,1.0248346e+14,0.000000
10,-7,-39,1.0244146e+14,0.000000
9,7,-31,9.8149794e+13,0.000000
10,-8,-18,9.8053793e+13,0.000000
9,-1,-1,9.6672084e+13,0.000000
9,-8,-41,9.6652988e+13,0.000000
10,-7,-26,9.5995671e+13,0.000000
9,-4,-45,9.5993868e+13,0.000000
8,6,-51,9.5427861e+13,0.000000
6,6,-48,9.5411556e+13,0.000000
10,7,-12,9.4815581e+13,0.000000
10,7,-48,9.3511794e+13,0.000000
10,-10,-45,9.264133e+13,0.000000
9,5,-44,9.1918037e+13,0.000000
8,7,-25,9.0999363e+13,0.000000
10,5,-48,8.951356e+13,0.000000
10,8,-13,8.9058784e+13,0.000000
8,-8,-43,8.8258139e+13,0.000000
6,6,-49,8.709008e+13,0.000000
10,-2,-2,8.5066875e+13,0.000000
10,7,-19,8.2427761e+13,0.000000
10,5,-33,7.8632346e+13,0.000000
8,5,-49,7.7693107e+13,0.000000
7,6,-41,7.7521179e+13,0.000000
8,-7,-34,7.5046478e+13,0.000000
9,9,-12,7.3825004e+13,0.000000
9,7,-52,7.3704505e+13,0.000000
10,5,-45,7.3590229e+13,0.000000
10,8,-48,7.1226051e+13,0.000000
10,-7,-11,7.085564e+13,0.000000
6,5,-54,7.0129486e+13,0.000000
9,-2,-40,6.9879407e+13,0.000000
6,5,-55,6.8436542e+13,0.000000
10,-5,-30,6.8114523e+13,0.000000
8,8,-26,6.7428028e+13,0.000000
9,-8,-25,6.6822221e+13,0.000000
10,-7,-27,6.4049405e+13,0.000000
9,6,-36,6.3661959e+13,0.000000
10,7,-55,6.3558947e+13,0.000000
9,-9,-25,6.2552976e+13,0.000000
10,6,-35,6.1318548e+13,0.000000
10,7,-20,6.0701415e+13,0.000000
10,8,-51,5.926623e+13,0.000000
10,5,-43,5.9054995e+13,0.000000
9,5,-52,5.9036707e+13,0.000000
9,5,-39,5.8858993e+13,0.000000
9,-8,-36,5.8209946e+13,0.000000
10,-5,-31,5.77848e+13,0.000000
8,5,-50,5.7361224e+13,0.000000
6,6,-51,5.696178e+13,0.000000
10,-8,-19,5.6589282e+13,0.000000
10,6,-36,5.5617026e+13,0.000000
9,7,-32,5.5573431e+13,0.000000
6,6,-50,5.5515609e+13,0.000000
7,7,-33,5.2341058e+13,0.000000
8,7,-26,5.1402857e+13,0.000000
10,-9,-39,5.1039755e+13,0.000000
10,8,-14,4.9642159e+13,0.000000
10,-7,-45,4.8747862e+13,0.000000
9,7,-47,4.7633963e+13,0.000000
10,-5,-45,4.6911264e+13,0.000000
9,-8,-12,4.5423669e+13,0.000000
9,-8,-26,4.5076645e+13,0.000000
10,-7,-43,4.4868432e+13,0.000000
7,6,-42,4.4311924e+13,0.000000
7,7,-53,4.3859724e+13,0.000000
8,-7,-43,4.3674651e+13,0.000000
10,7,-21,4.3324173e+13,0.000000
10,-7,-28,4.2693433e+13,0.000000
6,6,-52,4.1957494e+13,0.000000
6,6,-53,4.1810189e+13,0.000000
10,7,-53,4.1377942e+13,0.000000
9,-9,-26,4.08162e+13,0.000000
9,6,-37,4.0712104e+13,0.000000
9,-8,-40,3.8889927e+13,0.000000
8,-7,-35,3.8675446e+13,0.000000
10,5,-34,3.857868e+13,0.000000
10,5,-49,3.8300655e+13,0.000000
8,8,-27,3.7891651e+13,0.000000
10,8,-11,3.7679988e+13,0.000000
6,6,-54,3.7423544e+13,0.000000
9,-2,-41,3.6287699e+13,0.000000
8,5,-51,3.6054228e+13,0.000000
10,-8,-20,3.5286961e+13,0.000000
8,-7,-44,3.3872235e+13,0.000000
10,-8,-29,3.314915e+13,0.000000
10,-5,-32,3.1379955e+13,0.000000
9,-8,-27,3.1295698e+13,0.000000
10,7,-22,3.0085355e+13,0.000000
6,6,-55,2.9796271e+13,0.000000
10,6,-38,2.8913117e+13,0.000000
10,7,-11,2.8826444e+13,0.000000
8,7,-27,2.8497547e+13,0.000000
9,7,-33,2.8141376e+13,0.000000
8,6,-54,2.781368e+13,0.000000
10,-7,-29,2.74729e+13,0.000000
10,-10,-40,2.6039035e+13,0.000000
10,8,-15,2.5843652e+13,0.000000
7,6,-43,2.5161495e+13,0.000000
10,-10,-42,2.5155472e+13,0.000000
9,6,-38,2.5053532e+13,0.000000
10,6,-37,2.4770905e+13,0.000000
9,6,-46,2.2560037e+13,0.000000
10,-10,-36,2.253299e+13,0.000000
9,9,-14,2.2265502e+13,0.000000
7,7,-34,2.1981589e+13,0.000000
9,-9,-35,2.1843142e+13,0.000000
9,-2,-42,2.1746117e+13,0.000000
10,5,-50,2.1417821e+13,0.000000
10,6,-40,2.1216907e+13,0.000000
8,8,-28,2.1181968e+13,0.000000
10,-10,-37,2.1095998e+13,0.000000
8,5,-52,2.0718807e+13,0.000000
10,7,-23,2.038523e+13,0.000000
9,9,-13,1.9253053e+13,0.000000
9,9,-15,1.9040622e+13,0.000000
10,-7,-30,1.7959839e+13,0.000000
8,5,-53,1.7285408e+13,0.000000
9,8,-15,1.7168854e+13,0.000000
10,5,-35,1.7155486e+13,0.000000
9,7,-34,1.6805381e+13,0.000000
9,8,-14,1.65676e+13,0.000000
9,7,-49,1.6452832e+13,0.000000
10,-5,-33,1.627837e+13,0.000000
9,6,-39,1.6112791e+13,0.000000
9,-2,-47,1.6035097e+13,0.000000
9,-2,-43,1.5834382e+13,0.000000
10,7,-10,1.5700082e+13,0.000000
10,5,-53,1.5508346e+13,0.000000
8,7,-28,1.5472414e+13,0.000000
9,8,-16,1.5110312e+13,0.000000
8,-7,-45,1.4996617e+13,0.000000
10,-8,-27,1.4972424e+13,0.000000
9,9,-16,1.4611708e+13,0.000000
9,-8,-29,1.4538245e+13,0.000000
7,6,-44,1.4482251e+13,0.000000
10,5,-41,1.4308806e+13,0.000000
9,-2,-44,1.4215342e+13,0.000000
9,-2,-45,1.3922035e+13,0.000000
10,8,-16,1.3610854e+13,0.000000
10,7,-24,1.3514984e+13,0.000000
9,7,-46,1.269126e+13,0.000000
10,-9,-46,1.2592705e+13,0.000000
9,8,-17,1.2068652e+13,0.000000
8,8,-29,1.1940645e+13,0.000000
9,-2,-48,1.1764495e+13,0.000000
9,8,-13,1.1677675e+13,0.000000
10,-10,-38,1.1529116e+13,0.000000
10,6,-41,1.1293358e+13,0.000000
9,9,-17,1.051769e+13,0.000000
10,-8,-25,1.047031e+13,0.000000
10,8,-52,1.0043036e+13,0.000000
7,7,-35,9.8793582e+12,0.000000
9,6,-40,9.7849158e+12,0.000000
8,7,-48,9.5729899e+12,0.000000
7,6,-45,9.4574764e+12,0.000000
9,-8,-30,9.2275248e+12,0.000000
9,-9,-29,9.1924572e+12,0.000000
10,-7,-37,9.0430636e+12,0.000000
9,8,-18,9.0375062e+12,0.000000
10,7,-25,8.7820028e+12,0.000000
10,-8,-26,8.7141989e+12,0.000000
10,8,-47,8.4583425e+12,0.000000
10,-5,-34,8.4161548e+12,0.000000
8,7,-29,8.2641837e+12,0.000000
10,5,-36,8.1702554e+12,0.000000
9,7,-54,7.8733471e+12,0.000000
9,-8,-37,7.5625251e+12,0.000000
9,7,-35,7.5553977e+12,0.000000
10,8,-17,7.4506578e+12,0.000000
10,-7,-32,7.2916493e+12,0.000000
10,-8,-33,7.2527116e+12,0.000000
9,9,-18,7.2309786e+12,0.000000
10,1,-53,7.1909539e+12,0.000000
10,5,-47,7.0413863e+12,0.000000
10,5,-42,7.0025064e+12,0.000000
8,8,-30,6.6410642e+12,0.000000
10,-8,-34,6.569637e+12,0.000000
9,6,-48,6.5071046e+12,0.000000
9,8,-19,6.4805217e+12,0.000000
9,6,-41,6.285289e+12,0.000000
9,-8,-31,6.1906819e+12,0.000000
9,-8,-38,5.9360073e+12,0.000000
9,6,-47,5.6770344e+12,0.000000
9,-9,-30,5.6533677e+12,0.000000
9,6,-45,5.6124371e+12,0.000000
10,7,-26,5.6088805e+12,0.000000
10,6,-43,5.3771786e+12,0.000000
10,-9,-40,5.1640254e+12,0.000000
9,7,-36,5.1620124e+12,0.000000
9,6,-42,5.0152726e+12,0.000000
9,6,-49,4.9938065e+12,0.000000
10,-9,-44,4.8935866e+12,0.000000
10,-9,-45,4.8871204e+12,0.000000
9,9,-19,4.8071198e+12,0.000000
10,8,-54,4.8068961e+12,0.000000
7,6,-46,4.6536651e+12,0.000000
9,8,-20,4.5024644e+12,0.000000
10,-7,-33,4.4699196e+12,0.000000
8,7,-30,4.2954528e+12,0.000000
10,8,-18,4.2735181e+12,0.000000
10,6,-39,4.2175086e+12,0.000000
10,8,-49,4.1877405e+12,0.000000
9,-8,-32,4.0701e+12,0.000000
9,6,-52,4.0123336e+12,0.000000
10,-5,-35,3.9657838e+12,0.000000
9,8,-12,3.9297464e+12,0.000000
10,5,-37,3.8713281e+12,0.000000
8,8,-31,3.7877569e+12,0.000000
9,7,-51,3.7232779e+12,0.000000
7,7,-36,3.6749632e+12,0.000000
10,7,-27,3.5195378e+12,0.000000
10,-8,-30,3.4617709e+12,0.000000
8,8,-48,3.3503998e+12,0.000000
8,8,-44,3.2797349e+12,0.000000
9,-8,-28,3.2640229e+12,0.000000
10,-5,-39,3.1913659e+12,0.000000
10,-7,-35,3.1208697e+12,0.000000
9,9,-20,3.0992897e+12,0.000000
9,8,-21,3.0530633e+12,0.000000
10,-7,-34,2.8773001e+12,0.000000
10,8,-50,2.8267079e+12,0.000000
9,-8,-33,2.812842e+12,0.000000
9,7,-43,2.7692963e+12,0.000000
7,6,-47,2.700268e+12,0.000000
10,5,-40,2.6462609e+12,0.000000
10,8,-19,2.5821533e+12,0.000000
8,7,-55,2.4998929e+12,0.000000
9,6,-43,2.4941539e+12,0.000000
10,-5,-38,2.4780926e+12,0.000000
9,-8,-43,2.4128739e+12,0.000000
10,-8,-32,2.4003386e+12,0.000000
10,-3,-4,2.2114896e+12,0.000000
8,7,-31,2.2086562e+12,0.000000
9,-8,-24,2.1985505e+12,0.000000
10,7,-28,2.183806e+12,0.000000
9,-9,-32,2.1424121e+12,0.000000
10,-5,-36,2.0846216e+12,0.000000
8,8,-32,2.0795231e+12,0.000000
9,-8,-47,2.0675815e+12,0.000000
9,8,-22,2.0306382e+12,0.000000
7,7,-52,1.9773954e+12,0.000000
9,9,-21,1.9435296e+12,0.000000
9,-9,-34,1.9309052e+12,0.000000
10,5,-38,1.8994461e+12,0.000000
8,7,-53,1.8923809e+12,0.000000
9,-8,-35,1.8720601e+12,0.000000
9,-8,-34,1.8070432e+12,0.000000
10,-7,-38,1.8042083e+12,0.000000
9,7,-37,1.803614e+12,0.000000
9,6,-44,1.8030812e+12,0.000000
10,5,-39,1.7985372e+12,0.000000
10,-8,-31,1.7911502e+12,0.000000
7,6,-48,1.7633078e+12,0.000000
9,6,-53,1.6835456e+12,0.000000
10,8,-20,1.6450529e+12,0.000000
9,7,-38,1.6406646e+12,0.000000
7,7,-37,1.5647856e+12,0.000000
10,5,-44,1.5397813e+12,0.000000
10,7,-50,1.4712204e+12,0.000000
10,10,-48,1.3677538e+12,0.000000
9,-9,-33,1.3466526e+12,0.000000
9,8,-23,1.3295325e+12,0.000000
10,7,-29,1.3270896e+12,0.000000
10,-9,-38,1.2793892e+12,0.000000
9,7,-45,1.2589916e+12,0.000000
10,7,-47,1.2308726e+12,0.000000
8,8,-33,1.2215098e+12,0.000000
9,9,-22,1.1984173e+12,0.000000
10,9,-12,1.1382336e+12,0.000000
10,8,-21,1.1011561e+12,0.000000
8,7,-32,1.0912371e+12,0.000000
7,7,-47,1.0786737e+12,0.000000
10,-5,-40,1.0199037e+12,0.000000
7,6,-51,9.7660486e+11,0.000000
7,6,-49,9.634442e+11,0.000000
10,8,-55,9.3688521e+11,0.000000
10,7,-54,9.2018941e+11,0.000000
9,8,-24,8.5888592e+11,0.000000
10,-9,-36,8.3118564e+11,0.000000
10,7,-52,8.2154103e+11,0.000000
8,8,-53,8.1443818e+11,0.000000
10,7,-30,8.0988792e+11,0.000000
10,5,-51,7.8324185e+11,0.000000
10,7,-49,7.7908671e+11,0.000000
10,8,-22,7.6814768e+11,0.000000
10,10,-13,7.5610132e+11,0.000000
10,-10,-35,7.4381156e+11,0.000000
10,-10,-43,7.3919823e+11,0.000000
9,9,-23,7.2582487e+11,0.000000
9,7,-44,6.5662446e+11,0.000000
8,8,-34,6.467306e+11,0.000000
10,8,-23,5.5131467e+11,0.000000
9,8,-25,5.4877981e+11,0.000000
8,7,-33,5.3096721e+11,0.000000
7,6,-52,5.2886672e+11,0.000000
10,-5,-43,4.9309422e+11,0.000000
9,7,-40,4.7865019e+11,0.000000
10,7,-31,4.748626e+11,0.000000
9,7,-50,4.6372382e+11,0.000000
10,-9,-37,4.6276028e+11,0.000000
7,7,-38,4.5162965e+11,0.000000
9,9,-24,4.3289631e+11,0.000000
10,-1,-2,4.1381032e+11,0.000000
8,8,-35,4.0518147e+11,0.000000
10,8,-24,4.0335863e+11,0.000000
10,-9,-41,3.9479771e+11,0.000000
9,7,-39,3.7311604e+11,0.000000
9,8,-26,3.4714031e+11,0.000000
9,7,-42,3.3759341e+11,0.000000
9,8,-44,3.3190219e+11,0.000000
9,6,-51,3.2385072e+11,0.000000
7,7,-46,2.9787442e+11,0.000000
10,8,-25,2.9531176e+11,0.000000
10,7,-32,2.8678291e+11,0.000000
7,7,-54,2.7444803e+11,0.000000
10,8,-45,2.6899276e+11,0.000000
9,9,-25,2.5423977e+11,0.000000
10,-9,-17,2.5210804e+11,0.000000
8,7,-34,2.4539978e+11,0.000000
7,6,-53,2.2555416e+11,0.000000
10,-9,-16,2.1895094e+11,0.000000
10,8,-26,2.182003e+11,0.000000
9,8,-27,2.180367e+11,0.000000
10,2,-3,2.0574215e+11,0.000000
8,8,-36,1.991889e+11,0.000000
8,8,-54,1.8453955e+11,0.000000
7,7,-39,1.6580348e+11,0.000000
10,7,-33,1.6389491e+11,0.000000
10,8,-27,1.5672595e+11,0.000000
10,7,-51,1.5429667e+11,0.000000
8,8,-47,1.541467e+11,0.000000
9,9,-26,1.4772069e+11,0.000000
8,8,-51,1.4708091e+11,0.000000
10,-9,-15,1.466166e+11,0.000000
8,8,-37,1.3994435e+11,0.000000
9,8,-28,1.3571894e+11,0.000000
9,9,-52,1.2477024e+11,0.000000
10,-9,-22,1.2215172e+11,0.000000
9,9,-50,1.1935893e+11,0.000000
10,8,-28,1.1629807e+11,0.000000
8,7,-35,1.1184908e+11,0.000000
10,-9,-23,1.0625451e+11,0.000000
10,10,-52,1.0087025e+11,0.000000
10,7,-34,9.7570058e+10,0.000000
8,8,-50,9.7015148e+10,0.000000
8,8,-52,9.1696842e+10,0.000000
7,7,-49,9.1437522e+10,0.000000
9,8,-48,9.1214035e+10,0.000000
10,1,-2,8.7405439e+10,0.000000
9,9,-27,8.444175e+10,0.000000
9,8,-29,8.4407339e+10,0.000000
10,9,-53,8.3367422e+10,0.000000
10,8,-29,7.8817778e+10,0.000000
8,8,-38,7.2950836e+10,0.000000
7,7,-51,7.0636066e+10,0.000000
10,-9,-14,7.0213471e+10,0.000000
10,-9,-35,6.7451092e+10,0.000000
10,-9,-24,6.7182335e+10,0.000000
7,7,-50,6.5339959e+10,0.000000
10,7,-43,6.2840169e+10,0.000000
10,7,-45,6.2330179e+10,0.000000
10,8,-30,6.1461899e+10,0.000000
10,10,-53,6.1212349e+10,0.000000
9,7,-41,5.2675507e+10,0.000000
7,7,-43,5.2579176e+10,0.000000
10,7,-35,5.2139288e+10,0.000000
7,7,-45,5.1813728e+10,0.000000
9,8,-30,5.1751666e+10,0.000000
8,8,-39,5.0081213e+10,0.000000
10,-10,-34,4.9203453e+10,0.000000
9,8,-47,4.8236759e+10,0.000000
9,9,-28,4.8216739e+10,0.000000
10,-9,-26,4.5995051e+10,0.000000
8,8,-49,4.5947494e+10,0.000000
8,7,-36,4.4311252e+10,0.000000
8,7,-54,4.4273115e+10,0.000000
9,9,-47,4.1167043e+10,0.000000
8,8,-55,3.906191e+10,0.000000
10,8,-31,3.6405727e+10,0.000000
10,7,-36,3.3686752e+10,0.000000
10,8,-32,3.290943e+10,0.000000
8,7,-52,3.233905e+10,0.000000
9,8,-31,3.2182387e+10,0.000000
7,7,-44,3.1931472e+10,0.000000
9,8,-51,3.1302423e+10,0.000000
9,9,-53,2.9261825e+10,0.000000
10,7,-46,2.7878489e+10,0.000000
9,9,-29,2.6768647e+10,0.000000
8,7,-50,2.5401659e+10,0.000000
10,8,-46,2.53515e+10,0.000000
9,9,-48,2.3096143e+10,0.000000
7,7,-40,2.303504e+10,0.000000
8,8,-41,1.9525645e+10,0.000000
9,8,-32,1.9426276e+10,0.000000
9,8,-50,1.9279242e+10,0.000000
10,8,-34,1.9244252e+10,0.000000
8,7,-37,1.8844358e+10,0.000000
10,9,-51,1.7921911e+10,0.000000
10,9,-52,1.7348428e+10,0.000000
7,7,-41,1.7320998e+10,0.000000
8,8,-40,1.696817e+10,0.000000
9,8,-52,1.6070648e+10,0.000000
7,7,-42,1.6069231e+10,0.000000
10,7,-37,1.5360302e+10,0.000000
9,9,-30,1.5274958e+10,0.000000
10,-9,-29,1.4772712e+10,0.000000
10,8,-33,1.4555605e+10,0.000000
10,8,-36,1.2529317e+10,0.000000
8,7,-46,1.2389105e+10,0.000000
9,9,-49,1.2379513e+10,0.000000
9,8,-33,1.2156956e+10,0.000000
10,7,-38,1.125302e+10,0.000000
10,8,-53,1.0768953e+10,0.000000
9,8,-53,1.049738e+10,0.000000
10,8,-40,1.0368441e+10,0.000000
10,8,-38,9.8383395e+09,0.000000
10,-9,-30,9.0683363e+09,0.000000
8,8,-45,8.7583369e+09,0.000000
10,10,-54,8.7119536e+09,0.000000
10,8,-42,8.7109849e+09,0.000000
9,9,-51,8.1936042e+09,0.000000
9,8,-49,8.1630695e+09,0.000000
9,9,-31,8.1116966e+09,0.000000
8,8,-46,8.0409522e+09,0.000000
8,7,-49,7.8003677e+09,0.000000
10,7,-44,7.6246831e+09,0.000000
9,8,-34,7.2225657e+09,0.000000
8,8,-43,7.1733462e+09,0.000000
10,10,-51,6.9935507e+09,0.000000
8,8,-42,6.8628606e+09,0.000000
10,9,-19,6.379872e+09,0.000000
8,7,-38,5.8832096e+09,0.000000
10,9,-17,5.6696e+09,0.000000
10,9,-18,5.6235672e+09,0.000000
10,9,-16,5.543101e+09,0.000000
10,8,-43,5.2567222e+09,0.000000
10,-9,-34,5.2429455e+09,0.000000
9,9,-32,4.8076086e+09,0.000000
10,9,-15,4.7280177e+09,0.000000
10,9,-20,4.6897114e+09,0.000000
9,8,-35,4.5970614e+09,0.000000
10,-9,-32,4.5703737e+09,0.000000
10,10,-14,4.5187137e+09,0.000000
10,8,-35,4.5155012e+09,0.000000
10,9,-13,4.3924207e+09,0.000000
10,7,-39,3.838562e+09,0.000000
10,-9,-33,3.3411572e+09,0.000000
10,9,-14,3.2233761e+09,0.000000
10,9,-47,3.0019172e+09,0.000000
10,7,-42,2.9570939e+09,0.000000
10,9,-21,2.7530749e+09,0.000000
9,8,-36,2.6518164e+09,0.000000
9,8,-54,2.5707595e+09,0.000000
10,10,-21,2.3766286e+09,0.000000
9,9,-33,2.2917212e+09,0.000000
10,-2,-3,2.2765749e+09,0.000000
10,-1,-1,2.1925874e+09,0.000000
8,7,-45,2.163439e+09,0.000000
10,10,-55,2.0658244e+09,0.000000
8,7,-47,2.0561853e+09,0.000000
10,9,-22,2.0403788e+09,0.000000
8,7,-39,1.9153572e+09,0.000000
10,10,-22,1.8747506e+09,0.000000
8,7,-43,1.852883e+09,0.000000
10,9,-50,1.8048686e+09,0.000000
9,8,-37,1.7804299e+09,0.000000
9,-2,-3,1.6300539e+09,0.000000
9,9,-46,1.6143088e+09,0.000000
8,7,-44,1.6098997e+09,0.000000
9,9,-34,1.5818173e+09,0.000000
10,10,-50,1.5158188e+09,0.000000
10,9,-23,1.4563319e+09,0.000000
10,7,-41,1.4149739e+09,0.000000
10,1,-1,1.2325286e+09,0.000000
9,8,-38,1.0638603e+09,0.000000
8,7,-40,1.0430864e+09,0.000000
8,7,-42,1.0240647e+09,0.000000
10,9,-24,1.0094043e+09,0.000000
10,10,-17,9.8514107e+08,0.000000
8,7,-51,9.4360137e+08,0.000000
10,10,-18,9.4058567e+08,0.000000
10,9,-48,8.5520493e+08,0.000000
10,8,-37,7.8580314e+08,0.000000
10,10,-20,7.4829119e+08,0.000000
10,10,-19,7.3652222e+08,0.000000
9,8,-39,6.8963097e+08,0.000000
9,9,-54,6.8737287e+08,0.000000
10,9,-25,6.8236267e+08,0.000000
10,10,-16,6.7059198e+08,0.000000
10,9,-54,6.3006439e+08,0.000000
8,7,-41,6.2521561e+08,0.000000
10,8,-39,5.949153e+08,0.000000
10,9,-49,5.7602456e+08,0.000000
9,9,-35,5.744067e+08,0.000000
9,9,-36,5.6540219e+08,0.000000
9,8,-55,5.4161649e+08,0.000000
10,7,-40,4.9969974e+08,0.000000
10,9,-26,4.5172485e+08,0.000000
9,9,-55,3.8635076e+08,0.000000
10,8,-41,3.440853e+08,0.000000
9,8,-40,3.4012185e+08,0.000000
9,8,-41,3.0054563e+08,0.000000
10,9,-27,2.9267333e+08,0.000000
9,9,-38,2.6503205e+08,0.000000
10,10,-47,2.5966057e+08,0.000000
10,10,-15,2.5558651e+08,0.000000
10,10,-49,2.2052204e+08,0.000000
9,8,-45,2.0263946e+08,0.000000
10,9,-28,1.8718913e+08,0.000000
9,8,-42,1.5091407e+08,0.000000
9,9,-40,1.5047072e+08,0.000000
10,10,-23,1.4752716e+08,0.000000
10,9,-29,1.1671723e+08,0.000000
9,8,-43,1.1666708e+08,0.000000
9,9,-37,1.0744462e+08,0.000000
9,9,-44,89009712,0.000000
9,9,-45,82834211,0.000000
10,9,-30,73437805,0.000000
10,10,-24,63344499,0.000000
10,9,-31,43706905,0.000000
10,10,-25,38594979,0.000000
9,8,-46,34694337,0.000000
10,9,-32,27872499,0.000000
10,9,-46,21964875,0.000000
10,10,-26,21450185,0.000000
10,9,-55,17944242,0.000000
10,9,-33,15350806,0.000000
10,10,-27,11682280,0.000000
10,9,-34,10407533,0.000000
10,10,-46,9026982.4,0.000000
9,9,-39,8004859.4,0.000000
9,9,-43,7826750.3,0.000000
10,10,-28,6846251.2,0.000000
10,9,-45,6112432.9,0.000000
10,10,-45,6034879.5,0.000000
9,9,-41,5899305.7,0.000000
10,9,-35,5266038.1,0.000000
10,10,-44,4949871.5,0.000000
10,9,-36,3884509.9,0.000000
10,10,-29,3648058.8,0.000000
10,9,-38,2715650.9,0.000000
10,10,-30,2514496.2,0.000000
9,9,-42,2489699.4,0.000000
10,9,-44,1960513.2,0.000000
10,9,-37,1520990.2,0.000000
10,10,-32,1111671.2,0.000000
10,10,-31,1065497.4,0.000000
10,9,-40,870841.33,0.000000
10,10,-34,815962.58,0.000000
10,10,-41,313867.33,0.000000
10,9,-39,312406.36,0.000000
10,10,-40,262367.18,0.000000
10,10,-42,260806.11,0.000000
10,10,-33,216749.17,0.000000
10,10,-38,214587.78,0.000000
10,10,-39,203426.88,0.000000
10,10,-43,139149.49,0.000000
10,10,-36,119436.25,0.000000
10,10,-37,117621.42,0.000000
10,9,-42,93139.213,0.000000
10,9,-41,84794.993,0.000000
10,10,-35,72484.812,0.000000
10,9,-43,33400.414,0.000000
2,0,0,0,0.000000
3,0,0,0,0.000000
4,0,0,0,0.000000
5,0,0,0,0.000000
6,0,0,0,0.000000
7,0,0,0,0.000000
8,0,0,0,0.000000
9,0,0,0,0.000000
10,0,0,0,0.000000
10,-10,-31,-70407880,-0.000000
10,-10,-30,-2.1515343e+08,-0.000000
10,-10,-28,-9.4614058e+08,-0.000000
10,-9,-31,-2.3135486e+09,-0.000000
10,-10,-33,-1.092213e+10,-0.000000
10,-10,-32,-4.1505831e+10,-0.000000
10,-10,-29,-8.0640733e+10,-0.000000
7,6,-55,-8.9608666e+10,-0.000000
10,-9,-25,-1.4432937e+11,-0.000000
10,-10,-27,-1.7308696e+11,-0.000000
10,5,-52,-1.9772923e+11,-0.000000
9,-4,-48,-2.3488362e+11,-0.000000
10,-10,-25,-3.1838553e+11,-0.000000
10,-10,-24,-3.2719112e+11,-0.000000
9,-2,-49,-5.6686558e+11,-0.000000
10,-5,-37,-6.4491524e+11,-0.000000
10,-10,-15,-7.4759909e+11,-0.000000
10,-9,-18,-8.6299998e+11,-0.000000
10,-9,-13,-1.0399724e+12,-0.000000
9,6,-55,-2.2101635e+12,-0.000000
9,6,-54,-2.9309736e+12,-0.000000
9,-9,-31,-3.1862828e+12,-0.000000
10,6,-55,-3.6393635e+12,-0.000000
7,6,-54,-4.6486448e+12,-0.000000
10,-8,-24,-5.3150871e+12,-0.000000
9,-2,-46,-9.0900217e+12,-0.000000
10,-9,-28,-1.1729141e+13,-0.000000
10,-10,-21,-1.6605489e+13,-0.000000
10,5,-55,-1.9546085e+13,-0.000000
10,-9,-19,-2.8381166e+13,-0.000000
10,-10,-20,-3.7836764e+13,-0.000000
10,-7,-48,-3.8594193e+13,-0.000000
10,-8,-23,-4.0281813e+13,-0.000000
10,-9,-43,-4.8271136e+13,-0.000000
10,-10,-19,-4.9430423e+13,-0.000000
9,-9,-43,-4.950868e+13,-0.000000
10,-9,-27,-5.3234346e+13,-0.000000
10,-9,-21,-5.7295085e+13,-0.000000
10,-10,-16,-7.3459282e+13,-0.000000
10,-10,-46,-7.5118148e+13,-0.000000
10,-10,-14,-7.6835424e+13,-0.000000
10,-7,-10,-9.8142136e+13,-0.000000
10,-9,-20,-9.8326726e+13,-0.000000
8,-7,-48,-1.0775598e+14,-0.000000
8,6,-55,-1.114976e+14,-0.000000
9,5,-55,-1.1532405e+14,-0.000000
10,-8,-22,-1.3297252e+14,-0.000000
8,-7,-38,-1.434519e+14,-0.000000
9,-8,-23,-1.459861e+14,-0.000000
10,6,-54,-1.7825276e+14,-0.000000
9,-9,-45,-1.8018004e+14,-0.000000
8,5,-55,-2.0309518e+14,-0.000000
9,-9,-28,-2.6436049e+14,-0.000000
9,-2,-51,-2.9481095e+14,-0.000000
10,-3,-48,-3.0648533e+14,-0.000000
10,-8,-28,-3.4849186e+14,-0.000000
8,-7,-40,-3.4871901e+14,-0.000000
9,-4,-47,-3.7188058e+14,-0.000000
8,-7,-39,-4.1463572e+14,-0.000000
10,-9,-12,-4.3765152e+14,-0.000000
10,-10,-49,-4.9058993e+14,-0.000000
10,-8,-21,-4.9880854e+14,-0.000000
10,-10,-47,-5.1406389e+14,-0.000000
9,-8,-22,-5.6916925e+14,-0.000000
9,4,-52,-5.8517753e+14,-0.000000
10,-7,-31,-6.4236044e+14,-0.000000
10,3,-52,-6.4431957e+14,-0.000000
9,-2,-50,-7.2585089e+14,-0.000000
8,-7,-32,-8.8204291e+14,-0.000000
9,-8,-50,-9.100485e+14,-0.000000
10,3,-50,-9.6605509e+14,-0.000000
9,-9,-21,-1.15184e+15,-0.000000
9,-9,-27,-1.1618066e+15,-0.000000
9,-8,-53,-1.2813321e+15,-0.000000
10,-8,-11,-1.4183038e+15,-0.000000
8,4,-52,-1.4360561e+15,-0.000000
9,-2,-52,-1.4683141e+15,-0.000000
10,-5,-53,-1.5255754e+15,-0.000000
9,-9,-20,-1.5916438e+15,-0.000000
10,2,-52,-1.8253118e+15,-0.000000
8,5,-54,-1.9311016e+15,-0.000000
10,3,-53,-2.0229102e+15,-0.000000
8,-7,-37,-2.0280254e+15,-0.000000
10,-3,-55,-2.1182192e+15,-0.000000
10,-9,-53,-2.2532287e+15,-0.000000
9,-8,-21,-2.3246888e+15,-0.000000
10,-5,-52,-2.6611863e+15,-0.000000
10,-10,-23,-2.9261894e+15,-0.000000
10,5,-54,-2.9495806e+15,-0.000000
10,2,-47,-3.1348848e+15,-0.000000
10,1,53,-3.1621518e+15,-0.000000
10,-3,-52,-3.285273e+15,-0.000000
8,-7,-46,-3.5762833e+15,-0.000000
9,-2,-53,-3.9353025e+15,-0.000000
9,-4,-51,-4.085082e+15,-0.000000
10,-5,-49,-4.4385697e+15,-0.000000
10,-10,-18,-4.5612292e+15,-0.000000
10,-7,-53,-4.7339333e+15,-0.000000
10,1,-55,-6.4542173e+15,-0.000000
10,-10,-13,-8.1949765e+15,-0.000000
8,-7,-51,-8.2317496e+15,-0.000000
9,4,-53,-8.3446556e+15,-0.000000
10,1,-54,-8.9272047e+15,-0.000000
10,1,55,-9.0811805e+15,-0.000000
10,-7,-46,-9.2089034e+15,-0.000000
9,-4,-54,-9.4727493e+15,-0.000000
8,-7,-47,-9.8257061e+15,-0.000000
10,-4,-45,-1.0532641e+16,-0.000000
7,4,-54,-1.141708e+16,-0.000000
8,-7,-54,-1.1475758e+16,-0.000000
9,-8,-11,-1.1962968e+16,-0.000000
7,4,-51,-1.2149742e+16,-0.000000
7,4,-55,-1.240745e+16,-0.000000
10,-5,-44,-1.2518298e+16,-0.000000
9,-8,-46,-1.2703339e+16,-0.000000
9,2,-55,-1.3476526e+16,-0.000000
7,-7,-48,-1.5898446e+16,-0.000000
10,-9,-55,-1.9088207e+16,-0.000000
10,2,-43,-1.9624646e+16,-0.000000
10,-9,-50,-1.9726455e+16,-0.000000
10,1,52,-1.9976382e+16,-0.000000
10,-7,-50,-1.9988552e+16,-0.000000
9,-7,-48,-2.1756076e+16,-0.000000
8,-7,-31,-2.1833974e+16,-0.000000
7,-6,-49,-2.3646411e+16,-0.000000
7,-7,-47,-2.4098548e+16,-0.000000
8,-8,-28,-2.540611e+16,-0.000000
8,-8,-45,-2.7216464e+16,-0.000000
9,-8,-49,-2.7672812e+16,-0.000000
9,-6,-50,-2.910849e+16,-0.000000
10,-5,-50,-2.9681532e+16,-0.000000
9,-4,-53,-2.985307e+16,-0.000000
9,-8,-54,-3.0621651e+16,-0.000000
10,4,-55,-3.0739197e+16,-0.000000
9,4,-51,-3.2820438e+16,-0.000000
10,-7,-47,-3.3192227e+16,-0.000000
8,-8,-50,-3.6957478e+16,-0.000000
10,-10,-17,-4.3441715e+16,-0.000000
9,3,-53,-4.5686047e+16,-0.000000
9,5,-54,-4.5828933e+16,-0.000000
9,3,-52,-5.3847537e+16,-0.000000
9,-6,-49,-5.6660501e+16,-0.000000
9,-4,-50,-5.7956375e+16,-0.000000
8,-4,-48,-5.8506113e+16,-0.000000
10,-10,-22,-6.1332582e+16,-0.000000
10,-6,-31,-6.1806835e+16,-0.000000
8,-7,-50,-6.2066892e+16,-0.000000
9,-4,-52,-6.4604506e+16,-0.000000
10,-10,-53,-6.7593478e+16,-0.000000
9,4,-55,-6.761813e+16,-0.000000
9,-9,-12,-7.002359e+16,-0.000000
10,2,-54,-7.1048397e+16,-0.000000
10,-10,-52,-7.2361034e+16,-0.000000
9,-6,-48,-7.3000348e+16,-0.000000
10,-9,-49,-7.4757373e+16,-0.000000
8,-7,-53,-7.6069481e+16,-0.000000
7,5,-54,-7.8136828e+16,-0.000000
10,1,50,-7.976276e+16,-0.000000
8,-5,-44,-8.6171784e+16,-0.000000
8,-7,-23,-8.8973006e+16,-0.000000
9,-6,-43,-9.2022417e+16,-0.000000
10,-9,-11,-9.2474892e+16,-0.000000
7,-6,-52,-9.3546867e+16,-0.000000
8,-7,-49,-9.5706067e+16,-0.000000
10,-10,-50,-1.0264162e+17,-0.000000
10,-9,-51,-1.0636082e+17,-0.000000
7,-4,-54,-1.0654604e+17,-0.000000
7,-6,-51,-1.1063675e+17,-0.000000
9,2,-53,-1.1665857e+17,-0.000000
9,-6,-47,-1.1727373e+17,-0.000000
9,-3,-48,-1.1997359e+17,-0.000000
10,-4,-48,-1.235337e+17,-0.000000
9,-9,-52,-1.2564606e+17,-0.000000
9,4,-54,-1.3499122e+17,-0.000000
10,-9,-54,-1.4900216e+17,-0.000000
10,-8,-45,-1.6614882e+17,-0.000000
10,-5,-51,-1.7258924e+17,-0.000000
9,-6,-52,-1.8606002e+17,-0.000000
8,-8,-46,-2.0159623e+17,-0.000000
7,-7,-46,-2.0351601e+17,-0.000000
8,-5,-51,-2.1012191e+17,-0.000000
8,-3,-55,-2.3307896e+17,-0.000000
10,-9,-48,-2.4204936e+17,-0.000000
9,-9,-55,-2.4361943e+17,-0.000000
10,-4,-47,-2.5162868e+17,-0.000000
9,1,52,-2.5939954e+17,-0.000000
10,-5,-48,-2.6970812e+17,-0.000000
8,-4,-47,-2.9209926e+17,-0.000000
10,-2,-48,-2.9277452e+17,-0.000000
7,-7,-49,-2.9364311e+17,-0.000000
9,-8,-45,-2.9495443e+17,-0.000000
10,-1,-53,-3.0605628e+17,-0.000000
7,-6,-48,-3.0699133e+17,-0.000000
9,-9,-53,-3.3331719e+17,-0.000000
10,1,54,-3.4228461e+17,-0.000000
10,-1,-50,-3.4537502e+17,-0.000000
10,-9,-47,-3.6396987e+17,-0.000000
8,-8,-52,-3.6560696e+17,-0.000000
6,-6,-52,-3.8726642e+17,-0.000000
8,-7,-10,-3.9763409e+17,-0.000000
9,-6,-51,-4.1535669e+17,-0.000000
10,-1,-55,-4.3893684e+17,-0.000000
10,-7,-54,-4.4593258e+17,-0.000000
7,-6,-47,-4.6817634e+17,-0.000000
7,-6,-50,-4.8045355e+17,-0.000000
8,-5,-53,-4.8516262e+17,-0.000000
9,-9,-50,-4.8678612e+17,-0.000000
9,3,-50,-4.9582316e+17,-0.000000
8,-5,-50,-5.0986038e+17,-0.000000
7,-7,-32,-5.6752185e+17,-0.000000
10,2,-53,-5.921412e+17,-0.000000
10,-1,-52,-6.2329326e+17,-0.000000
10,2,-55,-6.2571249e+17,-0.000000
10,4,-51,-6.3587342e+17,-0.000000
10,-10,-12,-7.0837734e+17,-0.000000
9,-7,-31,-7.1104092e+17,-0.000000
10,-5,-54,-7.5016132e+17,-0.000000
8,-5,-49,-7.5126463e+17,-0.000000
10,4,-53,-7.6187003e+17,-0.000000
10,-7,-49,-7.7559201e+17,-0.000000
7,-7,-50,-7.780092e+17,-0.000000
8,-5,-52,-7.8219e+17,-0.000000
10,-3,-54,-7.9510685e+17,-0.000000
10,-6,-48,-8.108617e+17,-0.000000
8,-2,-49,-8.1270376e+17,-0.000000
8,4,-53,-8.5598274e+17,-0.000000
8,-1,-50,-9.1548937e+17,-0.000000
10,-8,-46,-9.3018246e+17,-0.000000
8,1,-54,-9.7014593e+17,-0.000000
10,4,-54,-1.002716e+18,-0.000000
8,3,-54,-1.0549289e+18,-0.000000
8,4,-51,-1.0549364e+18,-0.000000
8,-3,-52,-1.0572587e+18,-0.000000
10,-10,-26,-1.0597194e+18,-0.000000
9,-6,-31,-1.0630934e+18,-0.000000
9,-2,-54,-1.0708772e+18,-0.000000
7,3,-55,-1.2216072e+18,-0.000000
6,-5,-50,-1.234997e+18,-0.000000
8,-4,-54,-1.2412584e+18,-0.000000
10,2,-50,-1.2643904e+18,-0.000000
9,-3,-55,-1.3095367e+18,-0.000000
7,-4,-52,-1.3318711e+18,-0.000000
7,-4,-51,-1.3663903e+18,-0.000000
9,-7,-46,-1.373579e+18,-0.000000
10,-7,-51,-1.3771674e+18,-0.000000
9,-9,-51,-1.4398135e+18,-0.000000
8,-8,-53,-1.4842138e+18,-0.000000
10,-10,-54,-1.5822592e+18,-0.000000
8,-8,-11,-1.6168535e+18,-0.000000
9,-8,-55,-1.6200961e+18,-0.000000
10,1,-47,-1.6362726e+18,-0.000000
10,3,-54,-1.64812e+18,-0.000000
9,-7,-50,-1.7039848e+18,-0.000000
6,-5,-52,-1.8982331e+18,-0.000000
10,-8,-50,-2.0805093e+18,-0.000000
9,-9,-49,-2.1272502e+18,-0.000000
10,-2,-52,-2.174257e+18,-0.000000
6,-5,-54,-2.3729212e+18,-0.000000
5,-5,-49,-2.51848e+18,-0.000000
8,0,-52,-2.7828954e+18,-0.000000
8,0,52,-2.7828954e+18,-0.000000
10,-8,-48,-2.7990316e+18,-0.000000
8,-1,-55,-2.8295653e+18,-0.000000
8,-1,-52,-2.8648805e+18,-0.000000
9,-4,-55,-3.1380483e+18,-0.000000
9,2,-50,-3.2479079e+18,-0.000000
10,-3,-50,-3.3643503e+18,-0.000000
6,-5,-49,-3.4408867e+18,-0.000000
7,-6,-55,-3.5617346e+18,-0.000000
8,-5,-48,-3.6908867e+18,-0.000000
10,-2,-46,-4.0814652e+18,-0.000000
8,4,-54,-4.2326846e+18,-0.000000
10,-8,-53,-4.2797171e+18,-0.000000
9,-7,-47,-4.3203166e+18,-0.000000
8,-8,-49,-4.4802452e+18,-0.000000
10,-7,-55,-4.5991493e+18,-0.000000
9,-6,-54,-4.6870164e+18,-0.000000
6,-6,-48,-4.7467608e+18,-0.000000
6,-5,-51,-4.7965115e+18,-0.000000
8,-8,-54,-4.8450617e+18,-0.000000
8,-6,-43,-4.9602654e+18,-0.000000
9,-6,-55,-4.9618407e+18,-0.000000
9,-8,-51,-5.0242066e+18,-0.000000
10,-6,-43,-5.5084113e+18,-0.000000
9,1,-53,-5.8389021e+18,-0.000000
10,-4,-51,-5.9222463e+18,-0.000000
6,-5,-44,-6.0256838e+18,-0.000000
8,4,-55,-6.2799324e+18,-0.000000
5,-4,-52,-6.6443489e+18,-0.000000
7,-7,-51,-7.0194684e+18,-0.000000
10,-2,-51,-7.2520117e+18,-0.000000
7,-6,-53,-7.3934154e+18,-0.000000
7,3,-54,-7.6947049e+18,-0.000000
6,-3,-54,-7.8602898e+18,-0.000000
10,-3,-53,-7.9127428e+18,-0.000000
9,-2,-55,-8.662681e+18,-0.000000
10,1,-49,-8.6879835e+18,-0.000000
10,-3,-49,-8.9647707e+18,-0.000000
7,-4,-53,-1.0209056e+19,-0.000000
8,-7,-55,-1.0483871e+19,-0.000000
9,0,-52,-1.0715529e+19,-0.000000
9,0,52,-1.0715529e+19,-0.000000
10,0,-55,-1.112267e+19,-0.000000
10,0,55,-1.112267e+19,-0.000000
7,-6,-54,-1.1559342e+19,-0.000000
10,-5,-55,-1.1594747e+19,-0.000000
8,-3,-54,-1.1699727e+19,-0.000000
9,-5,-44,-1.2122931e+19,-0.000000
7,-4,-50,-1.2325258e+19,-0.000000
8,-2,-46,-1.2465043e+19,-0.000000
10,-6,-50,-1.3080232e+19,-0.000000
10,-6,-52,-1.3282264e+19,-0.000000
8,-3,-49,-1.3448826e+19,-0.000000
7,-7,-31,-1.4099346e+19,-0.000000
9,1,-54,-1.424465e+19,-0.000000
10,-2,-50,-1.458437e+19,-0.000000
10,-6,-47,-1.4588933e+19,-0.000000
9,1,53,-1.4957795e+19,-0.000000
9,-1,-51,-1.5470867e+19,-0.000000
8,-4,-51,-1.5500095e+19,-0.000000
7,-7,-54,-1.6776568e+19,-0.000000
8,-3,-53,-1.6839225e+19,-0.000000
9,-9,-48,-1.7033904e+19,-0.000000
10,-8,-52,-1.7530722e+19,-0.000000
8,-5,-54,-1.8017156e+19,-0.000000
7,-6,-31,-1.9425934e+19,-0.000000
7,-7,-53,-1.9642168e+19,-0.000000
9,1,-55,-1.9772857e+19,-0.000000
5,-4,-55,-2.078037e+19,-0.000000
8,-6,-48,-2.1428641e+19,-0.000000
10,0,-51,-2.2044219e+19,-0.000000
10,0,51,-2.2044219e+19,-0.000000
8,-3,-50,-2.2434327e+19,-0.000000
10,-4,-54,-2.2466192e+19,-0.000000
10,-1,-54,-2.6997467e+19,-0.000000
9,-1,-55,-2.8190591e+19,-0.000000
10,-8,-49,-2.9206085e+19,-0.000000
5,-5,-53,-2.967199e+19,-0.000000
9,-1,-53,-3.0552009e+19,-0.000000
8,-2,-52,-3.0863241e+19,-0.000000
8,-6,-47,-3.2517348e+19,-0.000000
8,-5,-55,-3.3760015e+19,-0.000000
10,-8,-54,-3.5384699e+19,-0.000000
6,-6,-50,-3.553241e+19,-0.000000
9,-9,-54,-3.5778591e+19,-0.000000
9,-7,-49,-3.5937617e+19,-0.000000
6,-5,-48,-3.6219649e+19,-0.000000
8,-6,-52,-3.7221407e+19,-0.000000
10,-10,-55,-4.0468476e+19,-0.000000
8,-2,-50,-4.4053061e+19,-0.000000
8,-2,-51,-4.4325595e+19,-0.000000
10,-6,-49,-4.4375543e+19,-0.000000
8,-2,-53,-4.7587317e+19,-0.000000
9,-7,-53,-4.8537434e+19,-0.000000
10,0,-53,-5.0995048e+19,-0.000000
10,0,53,-5.0995048e+19,-0.000000
9,-5,-50,-5.2725573e+19,-0.000000
10,-10,-51,-5.331701e+19,-0.000000
5,-5,-51,-5.3575426e+19,-0.000000
9,-1,54,-5.497903e+19,-0.000000
9,-5,-51,-5.5373184e+19,-0.000000
9,-7,-51,-5.5435447e+19,-0.000000
9,-6,-53,-5.5986414e+19,-0.000000
9,-3,-52,-5.6157573e+19,-0.000000
6,-5,-55,-5.6632562e+19,-0.000000
10,-1,47,-6.0582207e+19,-0.000000
9,-7,-54,-6.0811385e+19,-0.000000
7,-3,-52,-6.1382024e+19,-0.000000
7,-5,-44,-6.3408951e+19,-0.000000
8,2,-50,-6.3842218e+19,-0.000000
8,-4,-52,-6.735171e+19,-0.000000
9,-1,-52,-6.7866077e+19,-0.000000
9,-9,-47,-6.8910611e+19,-0.000000
8,1,-47,-7.1269901e+19,-0.000000
10,-2,53,-7.674406e+19,-0.000000
9,-1,-50,-7.8114941e+19,-0.000000
8,-6,-49,-8.1095672e+19,-0.000000
6,-6,-49,-8.1143488e+19,-0.000000
6,-6,-51,-8.4864476e+19,-0.000000
9,-5,-53,-9.0646725e+19,-0.000000
8,-1,-54,-9.4446066e+19,-0.000000
10,-6,-51,-9.5342339e+19,-0.000000
8,-6,-51,-9.6754256e+19,-0.000000
7,-4,-55,-1.0087109e+20,-0.000000
8,-4,-53,-1.0090925e+20,-0.000000
9,-5,-52,-1.0229924e+20,-0.000000
10,-4,-52,-1.1177773e+20,-0.000000
8,-4,-50,-1.1358532e+20,-0.000000
5,-5,-55,-1.1441588e+20,-0.000000
7,-5,-50,-1.1746258e+20,-0.000000
8,-6,-50,-1.2052173e+20,-0.000000
7,-1,-50,-1.3179794e+20,-0.000000
9,-4,-49,-1.3679595e+20,-0.000000
7,-5,-52,-1.3929009e+20,-0.000000
7,-3,-50,-1.4051488e+20,-0.000000
5,-4,-50,-1.5266639e+20,-0.000000
8,0,-54,-1.5695517e+20,-0.000000
8,0,54,-1.5695517e+20,-0.000000
8,-8,-51,-1.6667215e+20,-0.000000
10,-2,-53,-1.6670862e+20,-0.000000
10,-4,-50,-1.7957904e+20,-0.000000
10,-4,-53,-2.0204828e+20,-0.000000
8,-8,-55,-2.0266422e+20,-0.000000
6,-4,-51,-2.3730398e+20,-0.000000
7,-5,-54,-2.6408717e+20,-0.000000
9,-5,-49,-2.6555682e+20,-0.000000
9,1,50,-2.6720596e+20,-0.000000
5,-5,-54,-2.7119519e+20,-0.000000
9,-5,-48,-2.8458685e+20,-0.000000
9,3,-54,-3.4050275e+20,-0.000000
7,-5,-51,-3.5298891e+20,-0.000000
10,0,-52,-3.5963677e+20,-0.000000
10,0,52,-3.5963677e+20,-0.000000
6,1,-49,-3.9431603e+20,-0.000000
6,-4,-54,-4.1269166e+20,-0.000000
10,-6,-54,-4.9402049e+20,-0.000000
7,-3,-54,-5.0374814e+20,-0.000000
6,-6,-54,-7.0237116e+20,-0.000000
10,-6,-55,-7.0741517e+20,-0.000000
7,-5,-53,-8.4374981e+20,-0.000000
9,2,54,-8.5732082e+20,-0.000000
10,2,53,-8.6703399e+20,-0.000000
8,-6,-54,-9.153482e+20,-0.000000
6,-6,-55,-9.339422e+20,-0.000000
10,-10,-48,-9.351566e+20,-0.000000
7,-3,-53,-9.6843235e+20,-0.000000
9,-3,-50,-1.072278e+21,-0.000000
10,-3,-51,-1.1563467e+21,-0.000000
7,-5,-49,-1.3076532e+21,-0.000000
5,-5,-44,-1.3109546e+21,-0.000000
10,-1,49,-1.3765103e+21,-0.000000
8,-4,-55,-1.3953589e+21,-0.000000
9,-1,-54,-1.3981238e+21,-0.000000
5,-5,-48,-1.4732019e+21,-0.000000
10,-8,-55,-1.4850864e+21,-0.000000
9,-3,-54,-1.6439553e+21,-0.000000
5,-4,-49,-1.7444884e+21,-0.000000
10,-8,-51,-1.7930553e+21,-0.000000
8,-6,-55,-1.8515822e+21,-0.000000
9,-5,-54,-1.9025451e+21,-0.000000
9,1,54,-1.9253608e+21,-0.000000
7,-3,-49,-1.9505569e+21,-0.000000
7,-5,-48,-2.0752374e+21,-0.000000
9,0,-54,-2.2141648e+21,-0.000000
9,0,54,-2.2141648e+21,-0.000000
6,-4,-55,-2.2268145e+21,-0.000000
10,-4,-55,-2.3852304e+21,-0.000000
6,-4,-53,-2.4015243e+21,-0.000000
9,-3,-49,-3.4076922e+21,-0.000000
7,-7,-55,-3.4780277e+21,-0.000000
7,-1,-54,-3.8048574e+21,-0.000000
6,-4,-52,-3.9602046e+21,-0.000000
10,-6,-53,-4.2702418e+21,-0.000000
10,0,-54,-4.8637463e+21,-0.000000
10,0,54,-4.8637463e+21,-0.000000
7,-2,-54,-4.9040679e+21,-0.000000
8,-7,-52,-5.3948888e+21,-0.000000
9,-5,-55,-5.9145172e+21,-0.000000
9,1,-47,-5.9533981e+21,-0.000000
9,-3,-53,-6.3186448e+21,-0.000000
7,-5,-55,-9.2601293e+21,-0.000000
8,-6,-53,-9.4460624e+21,-0.000000
7,-2,-55,-1.0640915e+22,-0.000000
9,-1,47,-1.0894405e+22,-0.000000
6,-6,-53,-1.1407073e+22,-0.000000
8,1,-49,-1.1962552e+22,-0.000000
9,-7,-55,-1.3583131e+22,-0.000000
10,-2,-54,-1.4880086e+22,-0.000000
7,0,-54,-1.600153e+22,-0.000000
7,0,54,-1.600153e+22,-0.000000
5,-2,-55,-1.6052258e+22,-0.000000
6,-3,-51,-1.7816303e+22,-0.000000
6,-4,-50,-1.8264377e+22,-0.000000
10,-7,-52,-2.7964229e+22,-0.000000
9,-1,49,-2.8448876e+22,-0.000000
7,-4,-49,-3.5586353e+22,-0.000000
6,-4,-49,-3.7750228e+22,-0.000000
7,1,-47,-4.4972856e+22,-0.000000
9,1,-49,-5.8932939e+22,-0.000000
10,3,51,-6.0545177e+22,-0.000000
8,-3,-51,-6.9286927e+22,-0.000000
8,-2,-54,-8.6703652e+22,-0.000000
9,3,49,-1.1277483e+23,-0.000000
9,3,51,-1.1879156e+23,-0.000000
7,1,-49,-1.285046e+23,-0.000000
10,2,54,-1.466877e+23,-0.000000
9,2,55,-2.4870024e+23,-0.000000
9,-7,-52,-2.6097081e+23,-0.000000
10,-4,-49,-2.6150348e+23,-0.000000
8,-4,-49,-2.7784382e+23,-0.000000
10,2,55,-3.9507887e+23,-0.000000
5,-3,-51,-4.8174682e+23,-0.000000
8,2,54,-5.9601161e+23,-0.000000
10,-2,-55,-6.0410525e+23,-0.000000
7,-7,-52,-8.3265513e+23,-0.000000
6,-2,-54,-8.3342114e+23,-0.000000
10,4,49,-1.0566881e+24,-0.000000
6,0,-54,-1.597054e+24,-0.000000
6,0,54,-1.597054e+24,-0.000000
7,-3,-51,-1.5980692e+24,-0.000000
9,-3,-51,-2.1908203e+24,-0.000000
8,-2,-55,-2.4121902e+24,-0.000000
6,2,55,-4.6717001e+24,-0.000000
8,2,55,-6.1790834e+24,-0.000000
6,-2,-55,-9.3283279e+24,-0.000000
10,-8,-7,-1.6041322e+27,-0.000000
9,-8,-7,-9.3389532e+27,-0.000000
8,-8,-7,-1.1345349e+30,-0.000000
